#--------------------------------------------
#@# Hippocampal Subfields processing (T1 + T2 volume) left Thu May  9 03:27:37 CDT 2019
------------------------------------------
Setting up environment variables
---
LD_LIBRARY_PATH is .:/home/stone/software/freesurfer_stable_600/MCRv80/runtime/glnxa64:/home/stone/software/freesurfer_stable_600/MCRv80/bin/glnxa64:/home/stone/software/freesurfer_stable_600/MCRv80/sys/os/glnxa64:/home/stone/software/freesurfer_stable_600/MCRv80/sys/java/jre/glnxa64/jre/lib/amd64/native_threads:/home/stone/software/freesurfer_stable_600/MCRv80/sys/java/jre/glnxa64/jre/lib/amd64/server:/home/stone/software/freesurfer_stable_600/MCRv80/sys/java/jre/glnxa64/jre/lib/amd64/client:/home/stone/software/freesurfer_stable_600/MCRv80/sys/java/jre/glnxa64/jre/lib/amd64:/opt/local/fsl-5.0.7/fsl/lib:/usr/lib/x86_64-linux-gnu/
Registering norm.mgz to additional volume
makeIsotropic WARNING: not different enough, won't reslice!
Done with registration!
Registering imageDump.mgz to hippocampal mask from ASEG
This file does not contain MRI parameters
$Id: mri_robust_register.cpp,v 1.77 2016/01/20 23:36:17 greve Exp $

--mov: Using imageDump.mgz as movable/source volume.
--dst: Using /home/stone-ext1/freesurfer/subjects/FS6EXPERT_subj01/tmp/hippoSF_T1T2_v10_HST1T2_left//hippoAmygBinaryMask_autoCropped.mgz as target volume.
--lta: Output transform as trash.lta . 
--mapmovhdr: Will save header adjusted movable as imageDump_coregistered.mgz !
--sat: Using saturation 50 in M-estimator!

reading source 'imageDump.mgz'...
reading target '/home/stone-ext1/freesurfer/subjects/FS6EXPERT_subj01/tmp/hippoSF_T1T2_v10_HST1T2_left//hippoAmygBinaryMask_autoCropped.mgz'...

Registration::setSourceAndTarget(MRI s, MRI t, keeptype = TRUE )
   Type Source : 0  Type Target : 3  ensure both FLOAT (3)
   Reordering axes in mov to better fit dst... ( -1 3 -2 )
MRIreorder() -----------
xdim=-1 ydim=3 zdim=-2
src 131 241 99, 0.250000 0.250000 0.250000
dst 131 99 241, 0.250000 0.250000 0.250000
 Determinant after swap : 0.015625
   Mov: (0.25, 0.25, 0.25)mm  and dim (131, 99, 241)
   Dst: (1, 1, 1)mm  and dim (39, 41, 56)
   Asserting both images: 1mm isotropic 
    - reslicing Mov ...
       -- changing data type from 0 to 3 (noscale = 0)...
       -- Original : (0.25, 0.25, 0.25)mm and (131, 99, 241) voxels.
       -- Resampled: (1, 1, 1)mm and (39, 41, 61) voxels.
       -- Reslicing using cubic bspline 
MRItoBSpline degree 3
    - reslicing Dst ...
       -- Original : (1, 1, 1)mm and (39, 41, 56) voxels.
       -- Resampled: (1, 1, 1)mm and (39, 41, 61) voxels.
       -- Reslicing using cubic bspline 
MRItoBSpline degree 3


 Registration::computeMultiresRegistration 
   - computing centroids 
   - computing initial transform
     -- using translation info
   - Get Gaussian Pyramid Limits ( min size: 16 max size: -1 ) 
   - Build Gaussian Pyramid ( Limits min steps: 0 max steps: 1 ) 
   - Build Gaussian Pyramid ( Limits min steps: 0 max steps: 1 ) 
   - initial transform:
Ti = [ ...
 1.0000000000000                0                0  1.0004321745303 
               0  1.0000000000000                0  0.6377055176118 
               0                0  1.0000000000000 -2.6919263541617 
               0                0                0  1.0000000000000  ]

   - initial iscale:  Ii =1

Resolution: 1  S( 19 20 30 )  T( 19 20 30 )
 Iteration(f): 1
     -- diff. to prev. transform: 9.86243
 Iteration(f): 2
     -- diff. to prev. transform: 7.91594
 Iteration(f): 3
     -- diff. to prev. transform: 8.23881
 Iteration(f): 4
     -- diff. to prev. transform: 7.05199
 Iteration(f): 5
     -- diff. to prev. transform: 4.54125 max it: 5 reached!

Resolution: 0  S( 39 41 61 )  T( 39 41 61 )
 Iteration(f): 1
     -- diff. to prev. transform: 10.3143
 Iteration(f): 2
     -- diff. to prev. transform: 3.10384
 Iteration(f): 3
     -- diff. to prev. transform: 0.726018
 Iteration(f): 4
     -- diff. to prev. transform: 0.230693
 Iteration(f): 5
     -- diff. to prev. transform: 0.0698204 max it: 5 reached!

   - final transform: 
Tf = [ ...
 0.9961287981357 -0.0794753084992  0.0375645160184  1.4112048525361 
 0.0545595959192  0.8940234253922  0.4446856927574 -14.5683884538013 
-0.0689250899011 -0.4409147198597  0.8948986209584 11.6220603781467 
               0                0                0  1.0000000000000  ]

   - final iscale:  If = 1

**********************************************************
*
* WARNING: Registration did not converge in 5 steps! 
*          Problem might be ill posed. 
*          Please inspect output manually!
*
**********************************************************

Final Transform:
Adjusting final transform due to initial resampling (voxel or size changes) ...
M = [ ...
-0.2490321995339  0.0093911290046  0.0198688271248 34.3194980398419 
-0.0136398989798  0.1111714231894 -0.2235058563480 16.7095685390248 
 0.0172312724753  0.2237246552396  0.1102286799649 -7.3826517021426 
               0                0                0  1.0000000000000  ]

 Determinant : -0.015625


writing output transformation to trash.lta ...
converting VOX to RAS and saving RAS2RAS...

mapmovhdr: Changing vox2ras MOV header (to map to DST) ...

To check aligned result, run:
  freeview -v /home/stone-ext1/freesurfer/subjects/FS6EXPERT_subj01/tmp/hippoSF_T1T2_v10_HST1T2_left//hippoAmygBinaryMask_autoCropped.mgz imageDump_coregistered.mgz


Registration took 0 minutes and 1 seconds.

 Thank you for using RobustRegister! 
 If you find it useful and use it for a publication, please cite: 

 Highly Accurate Inverse Consistent Registration: A Robust Approach
 M. Reuter, H.D. Rosas, B. Fischl.  NeuroImage 53(4):1181-1196, 2010.
 http://dx.doi.org/10.1016/j.neuroimage.2010.07.020
 http://reuter.mit.edu/papers/reuter-robreg10.pdf

$Id: mri_robust_register.cpp,v 1.77 2016/01/20 23:36:17 greve Exp $

--mov: Using imageDump.mgz as movable/source volume.
--dst: Using /home/stone-ext1/freesurfer/subjects/FS6EXPERT_subj01/tmp/hippoSF_T1T2_v10_HST1T2_left//hippoAmygBinaryMask_autoCropped.mgz as target volume.
--lta: Output transform as trash.lta . 
--mapmovhdr: Will save header adjusted movable as imageDump_coregistered.mgz !
--affine: Enableing affine transform!
--sat: Using saturation 50 in M-estimator!

reading source 'imageDump.mgz'...
reading target '/home/stone-ext1/freesurfer/subjects/FS6EXPERT_subj01/tmp/hippoSF_T1T2_v10_HST1T2_left//hippoAmygBinaryMask_autoCropped.mgz'...

Registration::setSourceAndTarget(MRI s, MRI t, keeptype = TRUE )
   Type Source : 0  Type Target : 3  ensure both FLOAT (3)
   Reordering axes in mov to better fit dst... ( -1 3 -2 )
MRIreorder() -----------
xdim=-1 ydim=3 zdim=-2
src 131 241 99, 0.250000 0.250000 0.250000
dst 131 99 241, 0.250000 0.250000 0.250000
 Determinant after swap : 0.015625
   Mov: (0.25, 0.25, 0.25)mm  and dim (131, 99, 241)
   Dst: (1, 1, 1)mm  and dim (39, 41, 56)
   Asserting both images: 1mm isotropic 
    - reslicing Mov ...
       -- changing data type from 0 to 3 (noscale = 0)...
       -- Original : (0.25, 0.25, 0.25)mm and (131, 99, 241) voxels.
       -- Resampled: (1, 1, 1)mm and (39, 41, 61) voxels.
       -- Reslicing using cubic bspline 
MRItoBSpline degree 3
    - reslicing Dst ...
       -- Original : (1, 1, 1)mm and (39, 41, 56) voxels.
       -- Resampled: (1, 1, 1)mm and (39, 41, 61) voxels.
       -- Reslicing using cubic bspline 
MRItoBSpline degree 3


 Registration::computeMultiresRegistration 
   - computing centroids 
   - computing initial transform
     -- using translation info
   - Get Gaussian Pyramid Limits ( min size: 16 max size: -1 ) 
   - Build Gaussian Pyramid ( Limits min steps: 0 max steps: 1 ) 
   - Build Gaussian Pyramid ( Limits min steps: 0 max steps: 1 ) 
   - initial transform:
Ti = [ ...
 1.0000000000000                0                0  1.0004325651595 
               0  1.0000000000000                0  0.6377054656776 
               0                0  1.0000000000000 -2.6919220101502 
               0                0                0  1.0000000000000  ]

   - initial iscale:  Ii =1

Resolution: 1  S( 19 20 30 )  T( 19 20 30 )
 Iteration(f): 1
     -- diff. to prev. transform: 7.5262
 Iteration(f): 2
     -- diff. to prev. transform: 6.45356
 Iteration(f): 3
     -- diff. to prev. transform: 5.50401
 Iteration(f): 4
     -- diff. to prev. transform: 6.79261
 Iteration(f): 5
     -- diff. to prev. transform: 7.04893 max it: 5 reached!

Resolution: 0  S( 39 41 61 )  T( 39 41 61 )
 Iteration(f): 1
     -- diff. to prev. transform: 13.6547
 Iteration(f): 2
     -- diff. to prev. transform: 3.97154
 Iteration(f): 3
     -- diff. to prev. transform: 1.37617
 Iteration(f): 4
     -- diff. to prev. transform: 0.290211
 Iteration(f): 5
     -- diff. to prev. transform: 0.074724 max it: 5 reached!

   - final transform: 
Tf = [ ...
 1.1886319941697  0.2528238705564  0.1210570552678 -12.7042120849312 
-0.0179153014286  1.1749796345643  0.4656927958021 -20.1102324792972 
-0.1260666534585 -0.4047976890312  0.8853974792466 12.3004231517151 
               0                0                0  1.0000000000000  ]

   - final iscale:  If = 1

**********************************************************
*
* WARNING: Registration did not converge in 5 steps! 
*          Problem might be ill posed. 
*          Please inspect output manually!
*
**********************************************************

Final Transform:
Adjusting final transform due to initial resampling (voxel or size changes) ...
M = [ ...
-0.2971579979588  0.0302642484060 -0.0632059529797 37.9345814961681 
 0.0044788279794  0.1164231537513 -0.2937448316341 17.7598791147790 
 0.0315166634352  0.2213493235394  0.1011994115583 -7.5652059174297 
               0                0                0  1.0000000000000  ]

 Determinant : -0.022947

 Decompose into Rot * Shear * Scale : 

Rot = [ ...
-0.9904413269527  0.1074483479907 -0.0864917937049 
 0.1210355168753  0.3762727785717 -0.9185691045102 
 0.0661542252540  0.9202573817253  0.3856811764412  ]

Shear = [ ...
 1.0000000000000 -0.0049467511329  0.1073515464441 
-0.0041773201774  1.0000000000000 -0.0769593617870 
 0.1136339804240 -0.0964680878639  1.0000000000000  ]

Scale = diag([  0.2969446195245  0.2507570559736  0.3143224312996  ])


writing output transformation to trash.lta ...
converting VOX to RAS and saving RAS2RAS...

mapmovhdr: Changing vox2ras MOV header (to map to DST) ...

To check aligned result, run:
  freeview -v /home/stone-ext1/freesurfer/subjects/FS6EXPERT_subj01/tmp/hippoSF_T1T2_v10_HST1T2_left//hippoAmygBinaryMask_autoCropped.mgz imageDump_coregistered.mgz


Registration took 0 minutes and 2 seconds.

 Thank you for using RobustRegister! 
 If you find it useful and use it for a publication, please cite: 

 Highly Accurate Inverse Consistent Registration: A Robust Approach
 M. Reuter, H.D. Rosas, B. Fischl.  NeuroImage 53(4):1181-1196, 2010.
 http://dx.doi.org/10.1016/j.neuroimage.2010.07.020
 http://reuter.mit.edu/papers/reuter-robreg10.pdf

Reading contexts of file /home/stone/software/freesurfer_stable_600/average/HippoSF/atlas/compressionLookupTable.txt
Constructing image-to-world transform from header information (asegMod.mgz)
Returning the following transform: 
AffineTransform (0x7efc7ec9e820)
  RTTI typeinfo:   itk::AffineTransform<double, 3u>
  Reference Count: 1
  Modified Time: 422
  Debug: Off
  Object Name: 
  Observers: 
    none
  Matrix: 
    -0.8 0 0 
    0 0 0.8 
    0 -0.8 0 
  Offset: [128.4, -127.6, 128.4]
  Center: [0, 0, 0]
  Translation: [128.4, -127.6, 128.4]
  Inverse: 
    -1.25 0 0 
    0 0 -1.25 
    0 1.25 0 
  Singular: 0
Constructing image-to-world transform from header information (/home/stone-ext1/freesurfer/subjects/FS6EXPERT_subj01/tmp/hippoSF_T1T2_v10_HST1T2_left/imageDump.mgz)
Returning the following transform: 
AffineTransform (0x7efc7ec9e820)
  RTTI typeinfo:   itk::AffineTransform<double, 3u>
  Reference Count: 1
  Modified Time: 579
  Debug: Off
  Object Name: 
  Observers: 
    none
  Matrix: 
    0.297158 -0.0302643 0.063206 
    0.0315167 0.221349 0.101199 
    -0.00447883 -0.116423 0.293745 
  Offset: [-39.5346, -39.1652, -14.3599]
  Center: [0, 0, 0]
  Translation: [-39.5346, -39.1652, -14.3599]
  Inverse: 
    3.34693 0.0667334 -0.74316 
    -0.423197 3.81626 -1.2237 
    -0.116698 1.51356 2.90798 
  Singular: 0
Transform before cropping: 
AffineTransform (0x7efc7ec9e820)
  RTTI typeinfo:   itk::AffineTransform<double, 3u>
  Reference Count: 1
  Modified Time: 581
  Debug: Off
  Object Name: 
  Observers: 
    none
  Matrix: 
    -0.371448 0.0378303 -0.0790074 
    0.00559853 0.145529 -0.367181 
    0.0393958 0.276687 0.126499 
  Offset: [209.918, 178.45, 110.544]
  Center: [0, 0, 0]
  Translation: [209.918, 178.45, 110.544]
  Inverse: 
    -2.67755 0.594528 0.0533867 
    0.338558 0.978956 3.053 
    0.0933588 -2.32639 1.21085 
  Singular: 0
WorldToImageTransform before cropping: 
AffineTransform (0x7efc7ec52c50)
  RTTI typeinfo:   itk::AffineTransform<double, 3u>
  Reference Count: 1
  Modified Time: 583
  Debug: Off
  Object Name: 
  Observers: 
    none
  Matrix: 
    -1.25 0 0 
    0 0 -1.25 
    0 1.25 0 
  Offset: [160.5, 160.5, 159.5]
  Center: [0, 0, 0]
  Translation: [160.5, 160.5, 159.5]
  Inverse: 
    -0.8 0 0 
    0 0 0.8 
    0 -0.8 0 
  Singular: 0
 m_BoundingBoxSize: [131, 241,99]
 minimalMappedCoordinate: [153.887, 142.466,110.544]
 maximalMappedCoordinate: [218.998, 214.105,194.467]
Cropping with min [147  135  102]
          and max [225  222  203]
m_OriginalImageRegion before checking margins: ImageRegion (0x7efc7ec4c498)
  Dimension: 3
  Index: [147, 135, 102]
  Size: [79, 88, 102]

m_CroppedImageRegion before checking margins: ImageRegion (0x7efc7ec4c460)
  Dimension: 3
  Index: [0, 0, 0]
  Size: [79, 88, 102]


m_OriginalImageRegion after checking margins: ImageRegion (0x7efc7ec4c498)
  Dimension: 3
  Index: [147, 135, 102]
  Size: [79, 88, 102]

m_CroppedImageRegion after checking margins: ImageRegion (0x7efc7ec4c460)
  Dimension: 3
  Index: [0, 0, 0]
  Size: [79, 88, 102]

Transform after cropping: 
AffineTransform (0x7efc7ec9e820)
  RTTI typeinfo:   itk::AffineTransform<double, 3u>
  Reference Count: 1
  Modified Time: 740
  Debug: Off
  Object Name: 
  Observers: 
    none
  Matrix: 
    -0.371448 0.0378303 -0.0790074 
    0.00559853 0.145529 -0.367181 
    0.0393958 0.276687 0.126499 
  Offset: [62.9182, 43.4499, 8.5435]
  Center: [0, 0, 0]
  Translation: [62.9182, 43.4499, 8.5435]
  Inverse: 
    -2.67755 0.594528 0.0533867 
    0.338558 0.978956 3.053 
    0.0933588 -2.32639 1.21085 
  Singular: 0
WorldToImageTransform after cropping: 
AffineTransform (0x7efc7ec52c50)
  RTTI typeinfo:   itk::AffineTransform<double, 3u>
  Reference Count: 1
  Modified Time: 741
  Debug: Off
  Object Name: 
  Observers: 
    none
  Matrix: 
    -1.25 0 0 
    0 0 -1.25 
    0 1.25 0 
  Offset: [13.5, 25.5, 57.5]
  Center: [0, 0, 0]
  Translation: [13.5, 25.5, 57.5]
  Inverse: 
    -0.8 0 0 
    0 0 0.8 
    0 -0.8 0 
  Singular: 0
Transforming points
Transforming points
Transforming points
Transforming points
Transforming points
Transforming points
Transforming points
Transforming points
Transforming points
Transforming points
Transforming points
Transforming points
Transforming points
Transforming points
Transforming points
Transforming points
Transforming points
Transforming points
Transforming points
Transforming points
Transforming points
Transforming points
Transforming points
Transforming points
Transforming points
Transforming points
Transforming points
Transforming points
Transforming points
Transforming points
Transforming points
Transforming points
Transforming points
Transforming points
Transforming points
Transforming points
Transforming points
Transforming points
Transforming points
Transforming points
Careful here: the applied transformation will turn positive tetrahedra into negative ones.
-0.371448 0.0378303 -0.0790074
0.00559853 0.145529 -0.367181
0.0393958 0.276687 0.126499

 determinant: -0.0448184
Starting to swap the point assignments of each tetrahedron...
Warning: This concatenation operation includes an empty array with an incorrect number of rows.
Concatenation including empty arrays will require all arrays to have the same number of rows in a future release.
[> In segmentSubjectT1T2_autoEstimateAlveusML at 449] 
Reading contexts of file /home/stone/software/freesurfer_stable_600/average/HippoSF/atlas/compressionLookupTable.txt
--------------
Making Left-Amygdala map to reduced label 1
--------------
Making alveus map to reduced label 2
Making subiculum map to reduced label 2
Making Hippocampal_tail map to reduced label 2
Making molecular_layer_HP map to reduced label 2
Making GC-ML-DG map to reduced label 2
Making CA4 map to reduced label 2
Making CA1 map to reduced label 2
Making CA3 map to reduced label 2
Making HATA map to reduced label 2
Making fimbria map to reduced label 2
Making presubiculum map to reduced label 2
Making parasubiculum map to reduced label 2
Making hippocampal-fissure map to reduced label 2
--------------
Making Left-Cerebral-Cortex map to reduced label 3
--------------
Making Left-Cerebral-White-Matter map to reduced label 4
--------------
Making Left-Lateral-Ventricle map to reduced label 5
--------------
Making Left-choroid-plexus map to reduced label 6
--------------
Making Unknown map to reduced label 7
--------------
Making Left-VentralDC map to reduced label 8
--------------
Making Left-Putamen map to reduced label 9
--------------
Making Left-Pallidum map to reduced label 10
--------------
Making Left-Thalamus-Proper map to reduced label 11
--------------
Making Left-Accumbens-area map to reduced label 12
--------------
Making Left-Caudate map to reduced label 13
numberOfLabels: 13
Rasterizing mesh...here: 13
here2: 13
done
Smoothing mesh collection with kernel size 2.000000 ...Smoothing class: 0
Smoothing class: 1
Smoothing class: 2
Smoothing class: 3
Smoothing class: 4
Smoothing class: 5
Smoothing class: 6
Smoothing class: 7
Smoothing class: 8
Smoothing class: 9
Smoothing class: 10
Smoothing class: 11
Smoothing class: 12
done
numberOfImages = 1
Image: 4
numberOfClasses = 13
numberOfImages = 1
precisions[0][0][0] = 100.000000
precisions[0][0][1] = 100.000000
precisions[0][0][2] = 100.000000
precisions[0][0][3] = 100.000000
precisions[0][0][4] = 100.000000
precisions[0][0][5] = 100.000000
precisions[0][0][6] = 100.000000
precisions[0][0][7] = 100.000000
precisions[0][0][8] = 100.000000
precisions[0][0][9] = 100.000000
precisions[0][0][10] = 100.000000
precisions[0][0][11] = 100.000000
precisions[0][0][12] = 100.000000
means[0][0] = 18.000000
means[0][1] = 17.000000
means[0][2] = 3.000000
means[0][3] = 2.000000
means[0][4] = 4.000000
means[0][5] = 31.000000
means[0][6] = 1.000000
means[0][7] = 28.000000
means[0][8] = 12.000000
means[0][9] = 13.000000
means[0][10] = 10.000000
means[0][11] = 26.000000
means[0][12] = 11.000000
Resolution 1, iteration 1
Did one deformation step of max. 0.25 voxels in 1.9903 seconds

minLogLikelihoodTimesPrior =

  -6.9297e+04

Resolution 1, iteration 2
Did one deformation step of max. 0.21241 voxels in 0.98529 seconds

minLogLikelihoodTimesPrior =

  -6.9502e+04

Resolution 1, iteration 3
Did one deformation step of max. 0.22318 voxels in 0.68432 seconds

minLogLikelihoodTimesPrior =

  -6.9831e+04

Resolution 1, iteration 4
Did one deformation step of max. 0.089679 voxels in 1.2971 seconds

minLogLikelihoodTimesPrior =

  -6.9911e+04

Resolution 1, iteration 5
Did one deformation step of max. 0.044249 voxels in 0.7055 seconds

minLogLikelihoodTimesPrior =

  -7.0005e+04

Resolution 1, iteration 6
Did one deformation step of max. 0.18965 voxels in 0.70903 seconds

minLogLikelihoodTimesPrior =

  -7.0070e+04

Resolution 1, iteration 7
Did one deformation step of max. 0.18915 voxels in 0.68137 seconds

minLogLikelihoodTimesPrior =

  -7.0133e+04

Resolution 1, iteration 8
Did one deformation step of max. 0.12348 voxels in 0.70028 seconds

minLogLikelihoodTimesPrior =

  -7.0218e+04

Resolution 1, iteration 9
Did one deformation step of max. 0.18364 voxels in 0.67189 seconds

minLogLikelihoodTimesPrior =

  -7.0348e+04

Resolution 1, iteration 10
Did one deformation step of max. 0.21131 voxels in 0.7 seconds

minLogLikelihoodTimesPrior =

  -7.0579e+04

Resolution 1, iteration 11
Did one deformation step of max. 0.19823 voxels in 0.7136 seconds

minLogLikelihoodTimesPrior =

  -7.1015e+04

Resolution 1, iteration 12
Did one deformation step of max. 0.44833 voxels in 0.69502 seconds

minLogLikelihoodTimesPrior =

  -7.1802e+04

Resolution 1, iteration 13
Did one deformation step of max. 0.37024 voxels in 0.79609 seconds

minLogLikelihoodTimesPrior =

  -7.2460e+04

Resolution 1, iteration 14
Did one deformation step of max. 0.15299 voxels in 1.4012 seconds

minLogLikelihoodTimesPrior =

  -7.2717e+04

Resolution 1, iteration 15
Did one deformation step of max. 0.27689 voxels in 0.73162 seconds

minLogLikelihoodTimesPrior =

  -7.2875e+04

Resolution 1, iteration 16
Did one deformation step of max. 0.13407 voxels in 1.0949 seconds

minLogLikelihoodTimesPrior =

  -7.2986e+04

Resolution 1, iteration 17
Did one deformation step of max. 0.18835 voxels in 0.75651 seconds

minLogLikelihoodTimesPrior =

  -7.3157e+04

Resolution 1, iteration 18
Did one deformation step of max. 0.071802 voxels in 1.056 seconds

minLogLikelihoodTimesPrior =

  -7.3217e+04

Resolution 1, iteration 19
Did one deformation step of max. 0.16232 voxels in 0.80624 seconds

minLogLikelihoodTimesPrior =

  -7.3280e+04

Resolution 1, iteration 20
Did one deformation step of max. 0.068304 voxels in 0.8185 seconds

minLogLikelihoodTimesPrior =

  -7.3404e+04

Resolution 1, iteration 21
Did one deformation step of max. 0.1017 voxels in 0.72388 seconds

minLogLikelihoodTimesPrior =

  -7.3643e+04

Resolution 1, iteration 22
Did one deformation step of max. 0.09404 voxels in 0.86315 seconds

minLogLikelihoodTimesPrior =

  -7.3867e+04

Resolution 1, iteration 23
Did one deformation step of max. 0.55373 voxels in 0.66864 seconds

minLogLikelihoodTimesPrior =

  -7.4250e+04

Resolution 1, iteration 24
Did one deformation step of max. 0.098226 voxels in 1.2846 seconds

minLogLikelihoodTimesPrior =

  -7.4319e+04

Resolution 1, iteration 25
Did one deformation step of max. 0.11521 voxels in 0.66798 seconds

minLogLikelihoodTimesPrior =

  -7.4432e+04

Resolution 1, iteration 26
Did one deformation step of max. 0.42361 voxels in 0.70574 seconds

minLogLikelihoodTimesPrior =

  -7.4560e+04

Resolution 1, iteration 27
Did one deformation step of max. 0.21052 voxels in 1.3683 seconds

minLogLikelihoodTimesPrior =

  -7.4614e+04

Resolution 1, iteration 28
Did one deformation step of max. 0.1372 voxels in 0.70128 seconds

minLogLikelihoodTimesPrior =

  -7.4669e+04

Resolution 1, iteration 29
Did one deformation step of max. 0.11489 voxels in 0.68336 seconds

minLogLikelihoodTimesPrior =

  -7.4788e+04

Resolution 1, iteration 30
Did one deformation step of max. 0.23845 voxels in 0.88788 seconds

minLogLikelihoodTimesPrior =

  -7.5025e+04

Resolution 1, iteration 31
Did one deformation step of max. 0.19589 voxels in 0.71971 seconds

minLogLikelihoodTimesPrior =

  -7.5032e+04

Resolution 1, iteration 32
Did one deformation step of max. 0.026363 voxels in 0.76101 seconds

minLogLikelihoodTimesPrior =

  -7.5047e+04

Resolution 1, iteration 33
Did one deformation step of max. 0.022345 voxels in 0.74393 seconds

minLogLikelihoodTimesPrior =

  -7.5050e+04

Resolution 1, iteration 34
Did one deformation step of max. 0.0066107 voxels in 0.73695 seconds

minLogLikelihoodTimesPrior =

  -7.5058e+04

Resolution 1, iteration 35
Did one deformation step of max. 0.031692 voxels in 0.75644 seconds

minLogLikelihoodTimesPrior =

  -7.5071e+04

Resolution 1, iteration 36
Did one deformation step of max. 0.022714 voxels in 0.7224 seconds

minLogLikelihoodTimesPrior =

  -7.5099e+04

Resolution 1, iteration 37
Did one deformation step of max. 0.035852 voxels in 0.70862 seconds

minLogLikelihoodTimesPrior =

  -7.5153e+04

Resolution 1, iteration 38
Did one deformation step of max. 0.058823 voxels in 0.69677 seconds

minLogLikelihoodTimesPrior =

  -7.5260e+04

Resolution 1, iteration 39
Did one deformation step of max. 0.099806 voxels in 0.73809 seconds

minLogLikelihoodTimesPrior =

  -7.5467e+04

Resolution 1, iteration 40
Did one deformation step of max. 0.11339 voxels in 0.8055 seconds

minLogLikelihoodTimesPrior =

  -7.5667e+04

Resolution 1, iteration 41
Did one deformation step of max. 0.15235 voxels in 0.77427 seconds

minLogLikelihoodTimesPrior =

  -7.6053e+04

Resolution 1, iteration 42
Did one deformation step of max. 0.13677 voxels in 1.3294 seconds

minLogLikelihoodTimesPrior =

  -7.6394e+04

Resolution 1, iteration 43
Did one deformation step of max. 0.29351 voxels in 1.44 seconds

minLogLikelihoodTimesPrior =

  -7.6523e+04

Resolution 1, iteration 44
Did one deformation step of max. 0.18008 voxels in 0.72318 seconds

minLogLikelihoodTimesPrior =

  -7.6760e+04

Resolution 1, iteration 45
Did one deformation step of max. 0.038465 voxels in 1.0273 seconds

minLogLikelihoodTimesPrior =

  -7.6814e+04

Resolution 1, iteration 46
Did one deformation step of max. 0.20366 voxels in 0.68662 seconds

minLogLikelihoodTimesPrior =

  -7.6895e+04

Resolution 1, iteration 47
Did one deformation step of max. 0.22065 voxels in 0.71717 seconds

minLogLikelihoodTimesPrior =

  -7.7050e+04

Resolution 1, iteration 48
Did one deformation step of max. 0.16669 voxels in 1.1061 seconds

minLogLikelihoodTimesPrior =

  -7.7193e+04

Resolution 1, iteration 49
Did one deformation step of max. 0.11589 voxels in 1.193 seconds

minLogLikelihoodTimesPrior =

  -7.7328e+04

Resolution 1, iteration 50
Did one deformation step of max. 0.049327 voxels in 1.5625 seconds

minLogLikelihoodTimesPrior =

  -7.7404e+04

Resolution 1, iteration 51
Did one deformation step of max. 0.055938 voxels in 0.93134 seconds

minLogLikelihoodTimesPrior =

  -7.7475e+04

Resolution 1, iteration 52
Did one deformation step of max. 0.0093039 voxels in 5.3796 seconds

minLogLikelihoodTimesPrior =

  -7.7476e+04

Resolution 1, iteration 53
Did one deformation step of max. 0.0022247 voxels in 0.78516 seconds

minLogLikelihoodTimesPrior =

  -7.7477e+04

Resolution 1, iteration 54
Did one deformation step of max. 0.0056801 voxels in 0.73047 seconds

minLogLikelihoodTimesPrior =

  -7.7480e+04

Resolution 1, iteration 55
Did one deformation step of max. 0.0082725 voxels in 0.73717 seconds

minLogLikelihoodTimesPrior =

  -7.7485e+04

Resolution 1, iteration 56
Did one deformation step of max. 0.016159 voxels in 0.70983 seconds

minLogLikelihoodTimesPrior =

  -7.7495e+04

Resolution 1, iteration 57
Did one deformation step of max. 0.039778 voxels in 0.68439 seconds

minLogLikelihoodTimesPrior =

  -7.7514e+04

Resolution 1, iteration 58
Did one deformation step of max. 0.045595 voxels in 0.72393 seconds

minLogLikelihoodTimesPrior =

  -7.7548e+04

Resolution 1, iteration 59
Did one deformation step of max. 0.044943 voxels in 0.72871 seconds

minLogLikelihoodTimesPrior =

  -7.7551e+04

Resolution 1, iteration 60
Did one deformation step of max. 0.003871 voxels in 0.7714 seconds

minLogLikelihoodTimesPrior =

  -7.7557e+04

Resolution 1, iteration 61
Did one deformation step of max. 0.00013943 voxels in 0.68385 seconds

minLogLikelihoodTimesPrior =

  -7.7567e+04

Resolution 1, iteration 62
Did one deformation step of max. 0.049334 voxels in 0.76743 seconds

minLogLikelihoodTimesPrior =

  -7.7583e+04

Resolution 1, iteration 63
Did one deformation step of max. 0.0086514 voxels in 0.74766 seconds

minLogLikelihoodTimesPrior =

  -7.7605e+04

Resolution 1, iteration 64
Did one deformation step of max. 0.0012664 voxels in 0.76479 seconds

minLogLikelihoodTimesPrior =

  -7.7626e+04

Resolution 1, iteration 65
Did one deformation step of max. 0.040452 voxels in 0.7212 seconds

minLogLikelihoodTimesPrior =

  -7.7667e+04

Resolution 1, iteration 66
Did one deformation step of max. 0.034718 voxels in 0.72339 seconds

minLogLikelihoodTimesPrior =

  -7.7712e+04

Resolution 1, iteration 67
Did one deformation step of max. 0.21982 voxels in 0.68192 seconds

minLogLikelihoodTimesPrior =

  -7.7732e+04

Resolution 1, iteration 68
Did one deformation step of max. 0.099579 voxels in 0.71134 seconds

minLogLikelihoodTimesPrior =

  -7.7760e+04

Resolution 1, iteration 69
Did one deformation step of max. 0.10277 voxels in 0.68285 seconds

minLogLikelihoodTimesPrior =

  -7.7800e+04

Resolution 1, iteration 70
Did one deformation step of max. 0.17771 voxels in 0.71873 seconds

minLogLikelihoodTimesPrior =

  -7.7865e+04

Resolution 1, iteration 71
Did one deformation step of max. 0.2073 voxels in 0.78783 seconds

minLogLikelihoodTimesPrior =

  -7.7976e+04

Resolution 1, iteration 72
Did one deformation step of max. 0.33523 voxels in 0.69097 seconds

minLogLikelihoodTimesPrior =

  -7.8179e+04

Resolution 1, iteration 73
Did one deformation step of max. 0.26003 voxels in 0.90549 seconds

minLogLikelihoodTimesPrior =

  -7.8321e+04

Resolution 1, iteration 74
Did one deformation step of max. 0.11818 voxels in 1.1647 seconds

minLogLikelihoodTimesPrior =

  -7.8433e+04

Resolution 1, iteration 75
Did one deformation step of max. 0.091556 voxels in 1.1423 seconds

minLogLikelihoodTimesPrior =

  -7.8470e+04

Resolution 1, iteration 76
Did one deformation step of max. 0.10036 voxels in 0.7058 seconds

minLogLikelihoodTimesPrior =

  -7.8538e+04

Resolution 1, iteration 77
Did one deformation step of max. 0.17535 voxels in 0.70908 seconds

minLogLikelihoodTimesPrior =

  -7.8662e+04

Resolution 1, iteration 78
Did one deformation step of max. 0.10456 voxels in 0.8089 seconds

minLogLikelihoodTimesPrior =

  -7.8780e+04

Resolution 1, iteration 79
Did one deformation step of max. 0.20957 voxels in 0.68693 seconds

minLogLikelihoodTimesPrior =

  -7.8997e+04

Resolution 1, iteration 80
Did one deformation step of max. 0.19179 voxels in 2.0792 seconds

minLogLikelihoodTimesPrior =

  -7.9098e+04

Resolution 1, iteration 81
Did one deformation step of max. 0.08797 voxels in 2.03 seconds

minLogLikelihoodTimesPrior =

  -7.9158e+04

Resolution 1, iteration 82
Did one deformation step of max. 0.0087481 voxels in 0.99326 seconds

minLogLikelihoodTimesPrior =

  -7.9217e+04

Resolution 1, iteration 83
Did one deformation step of max. 0.0040381 voxels in 6.2232 seconds

minLogLikelihoodTimesPrior =

  -7.9218e+04

Resolution 1, iteration 84
Did one deformation step of max. 0.00033856 voxels in 1.0615 seconds

minLogLikelihoodTimesPrior =

  -7.9220e+04

Resolution 1, iteration 85
Did one deformation step of max. 0.0037457 voxels in 2.4781 seconds

minLogLikelihoodTimesPrior =

  -7.9220e+04

Resolution 1, iteration 86
Did one deformation step of max. 3.6469e-05 voxels in 0.7091 seconds

minLogLikelihoodTimesPrior =

  -7.9220e+04

Resolution 1, iteration 87
Did one deformation step of max. 0.00048508 voxels in 3.5509 seconds

minLogLikelihoodTimesPrior =

  -7.9220e+04

Resolution 1, iteration 88
Did one deformation step of max. 3.955e-06 voxels in 0.68137 seconds

minLogLikelihoodTimesPrior =

  -7.9220e+04

Resolution 1, iteration 89
Did one deformation step of max. 0.00049294 voxels in 1.5421 seconds

minLogLikelihoodTimesPrior =

  -7.9220e+04

Resolution 1, iteration 90
Did one deformation step of max. 2.2316e-06 voxels in 0.70305 seconds

minLogLikelihoodTimesPrior =

  -7.9220e+04

Resolution 1, iteration 91
Did one deformation step of max. 4.4445e-06 voxels in 0.79341 seconds

minLogLikelihoodTimesPrior =

  -7.9220e+04

Resolution 1, iteration 92
Did one deformation step of max. 2.505e-05 voxels in 0.83434 seconds

minLogLikelihoodTimesPrior =

  -7.9220e+04

Resolution 1, iteration 93
Did one deformation step of max. 1.7585e-05 voxels in 0.7082 seconds

minLogLikelihoodTimesPrior =

  -7.9220e+04

Resolution 1, iteration 94
Did one deformation step of max. 3.5282e-05 voxels in 0.68097 seconds

minLogLikelihoodTimesPrior =

  -7.9221e+04

Resolution 1, iteration 95
Did one deformation step of max. 0.00019891 voxels in 0.67678 seconds

minLogLikelihoodTimesPrior =

  -7.9221e+04

Resolution 1, iteration 96
Did one deformation step of max. 0.00013509 voxels in 0.68556 seconds

minLogLikelihoodTimesPrior =

  -7.9222e+04

Resolution 1, iteration 97
Did one deformation step of max. 0.00028024 voxels in 0.73674 seconds

minLogLikelihoodTimesPrior =

  -7.9224e+04

Resolution 1, iteration 98
Did one deformation step of max. 0.0015393 voxels in 0.73499 seconds

minLogLikelihoodTimesPrior =

  -7.9227e+04

Resolution 1, iteration 99
Did one deformation step of max. 0.00079623 voxels in 0.68114 seconds

minLogLikelihoodTimesPrior =

  -7.9232e+04

Resolution 1, iteration 100
Did one deformation step of max. 0.0019931 voxels in 0.68545 seconds

minLogLikelihoodTimesPrior =

  -7.9240e+04

Resolution 1, iteration 101
Did one deformation step of max. 0.00969 voxels in 0.6777 seconds

minLogLikelihoodTimesPrior =

  -7.9246e+04

Resolution 1, iteration 102
Did one deformation step of max. 0.0025251 voxels in 0.70894 seconds

minLogLikelihoodTimesPrior =

  -7.9254e+04

Resolution 1, iteration 103
Did one deformation step of max. 0.0079424 voxels in 0.70514 seconds

minLogLikelihoodTimesPrior =

  -7.9264e+04

Resolution 1, iteration 104
Did one deformation step of max. 0.03648 voxels in 0.68452 seconds

minLogLikelihoodTimesPrior =

  -7.9274e+04

Resolution 1, iteration 105
Did one deformation step of max. 0.027559 voxels in 0.67709 seconds

minLogLikelihoodTimesPrior =

  -7.9281e+04

Resolution 1, iteration 106
Did one deformation step of max. 0.024105 voxels in 0.67964 seconds

minLogLikelihoodTimesPrior =

  -7.9296e+04

Resolution 1, iteration 107
Did one deformation step of max. 0.11982 voxels in 0.70927 seconds

minLogLikelihoodTimesPrior =

  -7.9318e+04

Resolution 1, iteration 108
Did one deformation step of max. 0.055765 voxels in 0.70795 seconds

minLogLikelihoodTimesPrior =

  -7.9361e+04

Resolution 1, iteration 109
Did one deformation step of max. 0.16338 voxels in 0.68187 seconds

minLogLikelihoodTimesPrior =

  -7.9433e+04

Resolution 1, iteration 110
Did one deformation step of max. 0.1936 voxels in 0.6807 seconds

minLogLikelihoodTimesPrior =

  -7.9570e+04

Resolution 1, iteration 111
Did one deformation step of max. 0.14081 voxels in 1.2686 seconds

minLogLikelihoodTimesPrior =

  -7.9691e+04

Resolution 1, iteration 112
Did one deformation step of max. 0.19272 voxels in 0.68273 seconds

minLogLikelihoodTimesPrior =

  -7.9908e+04

Resolution 1, iteration 113
Did one deformation step of max. 0.083513 voxels in 0.87322 seconds

minLogLikelihoodTimesPrior =

  -8.0000e+04

Resolution 1, iteration 114
Did one deformation step of max. 0.1212 voxels in 0.69739 seconds

minLogLikelihoodTimesPrior =

  -8.0147e+04

Resolution 1, iteration 115
Did one deformation step of max. 0.044701 voxels in 1.9534 seconds

minLogLikelihoodTimesPrior =

  -8.0202e+04

Resolution 1, iteration 116
Did one deformation step of max. 0.067402 voxels in 0.68377 seconds

minLogLikelihoodTimesPrior =

  -8.0281e+04

Resolution 1, iteration 117
Did one deformation step of max. 0.092144 voxels in 0.76568 seconds

minLogLikelihoodTimesPrior =

  -8.0382e+04

Resolution 1, iteration 118
Did one deformation step of max. 0.13855 voxels in 0.65418 seconds

minLogLikelihoodTimesPrior =

  -8.0503e+04

Resolution 1, iteration 119
Did one deformation step of max. 0.17226 voxels in 0.65381 seconds

minLogLikelihoodTimesPrior =

  -8.0610e+04

Resolution 1, iteration 120
Did one deformation step of max. 0.018956 voxels in 1.5733 seconds

minLogLikelihoodTimesPrior =

  -8.0615e+04

Resolution 1, iteration 121
Did one deformation step of max. 0.0021623 voxels in 0.65272 seconds

minLogLikelihoodTimesPrior =

  -8.0623e+04

Resolution 1, iteration 122
Did one deformation step of max. 0.0039433 voxels in 0.65334 seconds

minLogLikelihoodTimesPrior =

  -8.0635e+04

Resolution 1, iteration 123
Did one deformation step of max. 0.0020822 voxels in 0.69137 seconds

minLogLikelihoodTimesPrior =

  -8.0638e+04

Resolution 1, iteration 124
Did one deformation step of max. 0.0045867 voxels in 0.8343 seconds

minLogLikelihoodTimesPrior =

  -8.0644e+04

Resolution 1, iteration 125
Did one deformation step of max. 0.021931 voxels in 0.89908 seconds

minLogLikelihoodTimesPrior =

  -8.0647e+04

Resolution 1, iteration 126
Did one deformation step of max. 0.0067175 voxels in 0.66568 seconds

minLogLikelihoodTimesPrior =

  -8.0652e+04

Resolution 1, iteration 127
Did one deformation step of max. 0.028188 voxels in 0.67483 seconds

minLogLikelihoodTimesPrior =

  -8.0658e+04

Resolution 1, iteration 128
Did one deformation step of max. 0.02218 voxels in 0.78963 seconds

minLogLikelihoodTimesPrior =

  -8.0666e+04

Resolution 1, iteration 129
Did one deformation step of max. 0.026767 voxels in 0.71444 seconds

minLogLikelihoodTimesPrior =

  -8.0680e+04

Resolution 1, iteration 130
Did one deformation step of max. 0.11187 voxels in 0.84228 seconds

minLogLikelihoodTimesPrior =

  -8.0696e+04

Resolution 1, iteration 131
Did one deformation step of max. 0.040137 voxels in 0.68939 seconds

minLogLikelihoodTimesPrior =

  -8.0725e+04

Resolution 1, iteration 132
Did one deformation step of max. 0.079565 voxels in 0.66431 seconds

minLogLikelihoodTimesPrior =

  -8.0786e+04

Resolution 1, iteration 133
Did one deformation step of max. 0.1742 voxels in 0.65521 seconds

minLogLikelihoodTimesPrior =

  -8.0882e+04

Resolution 1, iteration 134
Did one deformation step of max. 0.13085 voxels in 1.0687 seconds

minLogLikelihoodTimesPrior =

  -8.0955e+04

Resolution 1, iteration 135
Did one deformation step of max. 0.19811 voxels in 0.66233 seconds

minLogLikelihoodTimesPrior =

  -8.1050e+04

Resolution 1, iteration 136
Did one deformation step of max. 0.078588 voxels in 1.0525 seconds

minLogLikelihoodTimesPrior =

  -8.1091e+04

Resolution 1, iteration 137
Did one deformation step of max. 0.14732 voxels in 0.66386 seconds

minLogLikelihoodTimesPrior =

  -8.1159e+04

Resolution 1, iteration 138
Did one deformation step of max. 0.098778 voxels in 1.1078 seconds

minLogLikelihoodTimesPrior =

  -8.1221e+04

Resolution 1, iteration 139
Did one deformation step of max. 0.18571 voxels in 0.7053 seconds

minLogLikelihoodTimesPrior =

  -8.1336e+04

Resolution 1, iteration 140
Did one deformation step of max. 0.21735 voxels in 0.70588 seconds

minLogLikelihoodTimesPrior =

  -8.1543e+04

Resolution 1, iteration 141
Did one deformation step of max. 0.13012 voxels in 0.83176 seconds

minLogLikelihoodTimesPrior =

  -8.1735e+04

Resolution 1, iteration 142
Did one deformation step of max. 0.28417 voxels in 0.668 seconds

minLogLikelihoodTimesPrior =

  -8.2055e+04

Resolution 1, iteration 143
Did one deformation step of max. 0.11703 voxels in 0.85343 seconds

minLogLikelihoodTimesPrior =

  -8.2185e+04

Resolution 1, iteration 144
Did one deformation step of max. 0.15866 voxels in 0.65763 seconds

minLogLikelihoodTimesPrior =

  -8.2366e+04

Resolution 1, iteration 145
Did one deformation step of max. 0.15183 voxels in 0.99545 seconds

minLogLikelihoodTimesPrior =

  -8.2507e+04

Resolution 1, iteration 146
Did one deformation step of max. 0.18619 voxels in 1.1199 seconds

minLogLikelihoodTimesPrior =

  -8.2603e+04

Resolution 1, iteration 147
Did one deformation step of max. 0.11776 voxels in 1.2911 seconds

minLogLikelihoodTimesPrior =

  -8.2678e+04

Resolution 1, iteration 148
Did one deformation step of max. 0.12419 voxels in 0.90419 seconds

minLogLikelihoodTimesPrior =

  -8.2742e+04

Resolution 1, iteration 149
Did one deformation step of max. 0.078197 voxels in 1.1292 seconds

minLogLikelihoodTimesPrior =

  -8.2762e+04

Resolution 1, iteration 150
Did one deformation step of max. 0.039708 voxels in 1.3109 seconds

minLogLikelihoodTimesPrior =

  -8.2778e+04

Resolution 1, iteration 151
Did one deformation step of max. 0.0073483 voxels in 4.035 seconds

minLogLikelihoodTimesPrior =

  -8.2778e+04

Resolution 1, iteration 152
Did one deformation step of max. 0.00034172 voxels in 0.64344 seconds

minLogLikelihoodTimesPrior =

  -8.2778e+04

Resolution 1, iteration 153
Did one deformation step of max. 0.0014788 voxels in 0.64621 seconds

minLogLikelihoodTimesPrior =

  -8.2778e+04

Resolution 1, iteration 154
Did one deformation step of max. 0.0030001 voxels in 0.63623 seconds

minLogLikelihoodTimesPrior =

  -8.2779e+04

Resolution 1, iteration 155
Did one deformation step of max. 0.0051087 voxels in 0.64868 seconds

minLogLikelihoodTimesPrior =

  -8.2781e+04

Resolution 1, iteration 156
Did one deformation step of max. 0.011268 voxels in 0.66049 seconds

minLogLikelihoodTimesPrior =

  -8.2783e+04

Resolution 1, iteration 157
Did one deformation step of max. 0.017872 voxels in 0.65826 seconds

minLogLikelihoodTimesPrior =

  -8.2788e+04

Resolution 1, iteration 158
Did one deformation step of max. 0.028568 voxels in 0.66443 seconds

minLogLikelihoodTimesPrior =

  -8.2796e+04

Resolution 1, iteration 159
Did one deformation step of max. 0.028763 voxels in 0.66002 seconds

minLogLikelihoodTimesPrior =

  -8.2810e+04

Resolution 1, iteration 160
Did one deformation step of max. 0.052279 voxels in 0.7575 seconds

minLogLikelihoodTimesPrior =

  -8.2837e+04

Resolution 1, iteration 161
Did one deformation step of max. 0.091675 voxels in 0.77999 seconds

minLogLikelihoodTimesPrior =

  -8.2882e+04

Resolution 1, iteration 162
Did one deformation step of max. 0.14006 voxels in 0.65313 seconds

minLogLikelihoodTimesPrior =

  -8.2958e+04

Resolution 1, iteration 163
Did one deformation step of max. 0.22403 voxels in 0.7796 seconds

minLogLikelihoodTimesPrior =

  -8.3080e+04

Resolution 1, iteration 164
Did one deformation step of max. 0.038283 voxels in 1.7121 seconds

minLogLikelihoodTimesPrior =

  -8.3103e+04

Resolution 1, iteration 165
Did one deformation step of max. 0.018183 voxels in 0.67293 seconds

minLogLikelihoodTimesPrior =

  -8.3124e+04

Resolution 1, iteration 166
Did one deformation step of max. 0.0074768 voxels in 3.389 seconds

minLogLikelihoodTimesPrior =

  -8.3124e+04

Resolution 1, iteration 167
Did one deformation step of max. 0.0022814 voxels in 0.67922 seconds

minLogLikelihoodTimesPrior =

  -8.3125e+04

Resolution 1, iteration 168
Did one deformation step of max. 0.00066774 voxels in 6.7837 seconds

minLogLikelihoodTimesPrior =

  -8.3125e+04

Resolution 1, iteration 169
Did one deformation step of max. 4.1989e-06 voxels in 0.75662 seconds

minLogLikelihoodTimesPrior =

  -8.3125e+04

Resolution 1, iteration 170
Did one deformation step of max. 0.00021672 voxels in 0.64992 seconds

minLogLikelihoodTimesPrior =

  -8.3125e+04

Resolution 1, iteration 171
Did one deformation step of max. 1.51e-05 voxels in 0.70544 seconds

minLogLikelihoodTimesPrior =

  -8.3125e+04

Resolution 1, iteration 172
Did one deformation step of max. 0.00076065 voxels in 0.68325 seconds

minLogLikelihoodTimesPrior =

  -8.3125e+04

Resolution 1, iteration 173
Did one deformation step of max. 0.00028001 voxels in 0.71787 seconds

minLogLikelihoodTimesPrior =

  -8.3126e+04

Resolution 1, iteration 174
Did one deformation step of max. 0.003324 voxels in 1.3659 seconds

minLogLikelihoodTimesPrior =

  -8.3126e+04

Resolution 1, iteration 175
Did one deformation step of max. 7.7196e-05 voxels in 0.65862 seconds

minLogLikelihoodTimesPrior =

  -8.3126e+04

Resolution 1, iteration 176
Did one deformation step of max. 0.00014894 voxels in 0.65756 seconds

minLogLikelihoodTimesPrior =

  -8.3126e+04

Resolution 1, iteration 177
Did one deformation step of max. 0.00043505 voxels in 0.66208 seconds

minLogLikelihoodTimesPrior =

  -8.3126e+04

Resolution 1, iteration 178
Did one deformation step of max. 0.00094388 voxels in 0.66524 seconds

minLogLikelihoodTimesPrior =

  -8.3126e+04

Resolution 1, iteration 179
Did one deformation step of max. 0.0016284 voxels in 0.81692 seconds

minLogLikelihoodTimesPrior =

  -8.3127e+04

Resolution 1, iteration 180
Did one deformation step of max. 0.0024118 voxels in 0.66948 seconds

minLogLikelihoodTimesPrior =

  -8.3127e+04

Resolution 1, iteration 181
Did one deformation step of max. 0.0056156 voxels in 0.67431 seconds

minLogLikelihoodTimesPrior =

  -8.3129e+04

Resolution 1, iteration 182
Did one deformation step of max. 0.012471 voxels in 0.85435 seconds

minLogLikelihoodTimesPrior =

  -8.3132e+04

Resolution 1, iteration 183
Did one deformation step of max. 0.018416 voxels in 0.7648 seconds

minLogLikelihoodTimesPrior =

  -8.3137e+04

Resolution 1, iteration 184
Did one deformation step of max. 0.02634 voxels in 0.66874 seconds

minLogLikelihoodTimesPrior =

  -8.3146e+04

Resolution 1, iteration 185
Did one deformation step of max. 0.043933 voxels in 0.65439 seconds

minLogLikelihoodTimesPrior =

  -8.3162e+04

Resolution 1, iteration 186
Did one deformation step of max. 0.044071 voxels in 0.66607 seconds

minLogLikelihoodTimesPrior =

  -8.3191e+04

Resolution 1, iteration 187
Did one deformation step of max. 0.072427 voxels in 0.6438 seconds

minLogLikelihoodTimesPrior =

  -8.3244e+04

Resolution 1, iteration 188
Did one deformation step of max. 0.10883 voxels in 0.70379 seconds

minLogLikelihoodTimesPrior =

  -8.3338e+04

Resolution 1, iteration 189
Did one deformation step of max. 0.24369 voxels in 0.65327 seconds

minLogLikelihoodTimesPrior =

  -8.3510e+04

Resolution 1, iteration 190
Did one deformation step of max. 0.22418 voxels in 0.9039 seconds

minLogLikelihoodTimesPrior =

  -8.3660e+04

Resolution 1, iteration 191
Did one deformation step of max. 0.24358 voxels in 0.97906 seconds

minLogLikelihoodTimesPrior =

  -8.3753e+04

Resolution 1, iteration 192
Did one deformation step of max. 0.070043 voxels in 1.4403 seconds

minLogLikelihoodTimesPrior =

  -8.3795e+04

Resolution 1, iteration 193
Did one deformation step of max. 0.010028 voxels in 0.6478 seconds

minLogLikelihoodTimesPrior =

  -8.3818e+04

Resolution 1, iteration 194
Did one deformation step of max. 0.093985 voxels in 0.65319 seconds

minLogLikelihoodTimesPrior =

  -8.3819e+04

Resolution 1, iteration 195
Did one deformation step of max. 0.0024043 voxels in 0.70158 seconds

minLogLikelihoodTimesPrior =

  -8.3820e+04

Resolution 1, iteration 196
Did one deformation step of max. 0.004797 voxels in 0.6751 seconds

minLogLikelihoodTimesPrior =

  -8.3823e+04

Resolution 1, iteration 197
Did one deformation step of max. 0.013513 voxels in 0.65369 seconds

minLogLikelihoodTimesPrior =

  -8.3827e+04

Resolution 1, iteration 198
Did one deformation step of max. 0.027635 voxels in 0.65122 seconds

minLogLikelihoodTimesPrior =

  -8.3830e+04

Resolution 1, iteration 199
Did one deformation step of max. 0.013405 voxels in 0.64919 seconds

minLogLikelihoodTimesPrior =

  -8.3834e+04

Resolution 1, iteration 200
Did one deformation step of max. 0.052057 voxels in 0.64624 seconds

minLogLikelihoodTimesPrior =

  -8.3841e+04

Fitting mesh to synthetic image from ASEG took 199.0469 seconds
Transforming points
Transforming points
Transforming points
Transforming points
Transforming points
Transforming points
Transforming points
Transforming points
Transforming points
Transforming points
Transforming points
Transforming points
Transforming points
Transforming points
Transforming points
Transforming points
Transforming points
Transforming points
Transforming points
Transforming points
Transforming points
Transforming points
Transforming points
Transforming points
Transforming points
Transforming points
Transforming points
Transforming points
Transforming points
Transforming points
Transforming points
Transforming points
Transforming points
Transforming points
Transforming points
Transforming points
Transforming points
Transforming points
Transforming points
Transforming points
Careful here: the applied transformation will turn positive tetrahedra into negative ones.
-2.67755 0.594528 0.0533867
0.338558 0.978956 3.053
0.0933588 -2.32639 1.21085

 determinant: -22.3123
Starting to swap the point assignments of each tetrahedron...
mri_convert.bin /home/surly-raid1/kendrick-data/nsd/ppdata/NSD134-structurals/T2_0pt8_masked.nii.gz T2corrected.mgz 
$Id: mri_convert.c,v 1.226 2016/02/26 16:15:24 mreuter Exp $
reading from /home/surly-raid1/kendrick-data/nsd/ppdata/NSD134-structurals/T2_0pt8_masked.nii.gz...
TR=1000.00, TE=0.00, TI=0.00, flip angle=0.00
i_ras = (1, 0, 0)
j_ras = (0, 1, 0)
k_ras = (0, 0, 1)
writing to T2corrected.mgz...
set final LTA type to 1
INFO: dst volume info differs from the one stored in lta.  gets modified now.
volume geometry:
extent  : (200, 481, 209)
voxel   : ( 0.3333,  0.3333,  0.3333)
x_(ras) : ( 1.0000,  0.0000,  0.0000)
y_(ras) : ( 0.0000,  1.0000,  0.0000)
z_(ras) : ( 0.0000,  0.0000,  1.0000)
c_(ras) : (-20.0000, -6.0000, -16.0000)
file    : T2isotropic.mgz
volume geometry:
extent  : (320, 320, 320)
voxel   : ( 0.8000,  0.8000,  0.8000)
x_(ras) : ( 1.0000,  0.0000,  0.0000)
y_(ras) : ( 0.0000,  1.0000,  0.0000)
z_(ras) : ( 0.0000,  0.0000,  1.0000)
c_(ras) : ( 0.4000,  0.4000,  0.4000)
file    : /home/surly-raid1/kendrick-data/nsd/ppdata/NSD134-structurals/T2_0pt8_masked.nii.gz
threshold mask volume at 0.5
INFO: dst volume info differs from the one stored in lta.  gets modified now.
volume geometry:
extent  : (200, 481, 209)
voxel   : ( 0.3333,  0.3333,  0.3333)
x_(ras) : ( 1.0000,  0.0000,  0.0000)
y_(ras) : ( 0.0000,  1.0000,  0.0000)
z_(ras) : ( 0.0000,  0.0000,  1.0000)
c_(ras) : (-20.0000, -6.0000, -16.0000)
file    : T2isotropic.mgz
volume geometry:
extent  : (320, 320, 320)
voxel   : ( 0.8000,  0.8000,  0.8000)
x_(ras) : ( 1.0000,  0.0000,  0.0000)
y_(ras) : ( 0.0000,  1.0000,  0.0000)
z_(ras) : ( 0.0000,  0.0000,  1.0000)
c_(ras) : ( 0.4000,  0.4000,  0.4000)
file    : /home/surly-raid1/kendrick-data/nsd/ppdata/NSD134-structurals/T2_0pt8_masked.nii.gz
threshold mask volume at 0.5
INFO: dst volume info differs from the one stored in lta.  gets modified now.
volume geometry:
extent  : (200, 481, 209)
voxel   : ( 0.3333,  0.3333,  0.3333)
x_(ras) : ( 1.0000,  0.0000,  0.0000)
y_(ras) : ( 0.0000,  1.0000,  0.0000)
z_(ras) : ( 0.0000,  0.0000,  1.0000)
c_(ras) : (-20.0000, -6.0000, -16.0000)
file    : T2isotropic.mgz
volume geometry:
extent  : (320, 320, 320)
voxel   : ( 0.8000,  0.8000,  0.8000)
x_(ras) : ( 1.0000,  0.0000,  0.0000)
y_(ras) : ( 0.0000,  1.0000,  0.0000)
z_(ras) : ( 0.0000,  0.0000,  1.0000)
c_(ras) : ( 0.4000,  0.4000,  0.4000)
file    : /home/surly-raid1/kendrick-data/nsd/ppdata/NSD134-structurals/T2_0pt8_masked.nii.gz
threshold mask volume at 0.5
threshold mask volume at 0.5
Constructing image-to-world transform from header information (T1resampled.mgz)
Returning the following transform: 
AffineTransform (0x7efacc7037c0)
  RTTI typeinfo:   itk::AffineTransform<double, 3u>
  Reference Count: 1
  Modified Time: 151314112
  Debug: Off
  Object Name: 
  Observers: 
    none
  Matrix: 
    0.33333 0 0 
    0 0.33333 0 
    0 0 0.33333 
  Offset: [-53.333, -86.1659, -50.833]
  Center: [0, 0, 0]
  Translation: [-53.333, -86.1659, -50.833]
  Inverse: 
    3.00003 0 0 
    0 3.00003 0 
    0 0 3.00003 
  Singular: 0
Constructing image-to-world transform from header information (/home/stone-ext1/freesurfer/subjects/FS6EXPERT_subj01/tmp/hippoSF_T1T2_v10_HST1T2_left/imageDump.mgz)
Returning the following transform: 
AffineTransform (0x7efacc7d2c00)
  RTTI typeinfo:   itk::AffineTransform<double, 3u>
  Reference Count: 1
  Modified Time: 151316733
  Debug: Off
  Object Name: 
  Observers: 
    none
  Matrix: 
    0.297256 -0.0295873 0.0636061 
    0.0305674 0.22146 0.100959 
    -0.00455287 -0.116387 0.293741 
  Offset: [-39.5981, -38.9719, -14.3492]
  Center: [0, 0, 0]
  Translation: [-39.5981, -38.9719, -14.3492]
  Inverse: 
    3.34693 0.0561331 -0.744031 
    -0.41132 3.81775 -1.22309 
    -0.111098 1.51354 2.90821 
  Singular: 0
Transform before cropping: 
AffineTransform (0x7efacc7d2c00)
  RTTI typeinfo:   itk::AffineTransform<double, 3u>
  Reference Count: 1
  Modified Time: 151316735
  Debug: Off
  Object Name: 
  Observers: 
    none
  Matrix: 
    0.891777 -0.0887626 0.19082 
    0.0917032 0.664387 0.30288 
    -0.0136588 -0.349164 0.881233 
  Offset: [41.2051, 141.583, 109.452]
  Center: [0, 0, 0]
  Translation: [41.2051, 141.583, 109.452]
  Inverse: 
    1.11563 0.0187109 -0.248008 
    -0.137105 1.27257 -0.407694 
    -0.0370322 0.50451 0.969393 
  Singular: 0
WorldToImageTransform before cropping: 
AffineTransform (0x7efacc7d1940)
  RTTI typeinfo:   itk::AffineTransform<double, 3u>
  Reference Count: 1
  Modified Time: 151316737
  Debug: Off
  Object Name: 
  Observers: 
    none
  Matrix: 
    3.00003 0 0 
    0 3.00003 0 
    0 0 3.00003 
  Offset: [160.001, 258.5, 152.5]
  Center: [0, 0, 0]
  Translation: [160.001, 258.5, 152.5]
  Inverse: 
    0.33333 0 0 
    0 0.33333 0 
    0 0 0.33333 
  Singular: 0
 m_BoundingBoxSize: [131, 241,99]
 minimalMappedCoordinate: [19.902, 141.583,23.8774]
 maximalMappedCoordinate: [175.836, 342.64,195.813]
Cropping with min [4  121  6]
          and max [191  363  213]
m_OriginalImageRegion before checking margins: ImageRegion (0x7efacc877d98)
  Dimension: 3
  Index: [4, 121, 6]
  Size: [188, 243, 208]

m_CroppedImageRegion before checking margins: ImageRegion (0x7efacc877d60)
  Dimension: 3
  Index: [0, 0, 0]
  Size: [188, 243, 208]


m_OriginalImageRegion after checking margins: ImageRegion (0x7efacc877d98)
  Dimension: 3
  Index: [4, 121, 6]
  Size: [188, 243, 203]

m_CroppedImageRegion after checking margins: ImageRegion (0x7efacc877d60)
  Dimension: 3
  Index: [0, 0, 0]
  Size: [188, 243, 203]

Transform after cropping: 
AffineTransform (0x7efacc7d2c00)
  RTTI typeinfo:   itk::AffineTransform<double, 3u>
  Reference Count: 1
  Modified Time: 151319358
  Debug: Off
  Object Name: 
  Observers: 
    none
  Matrix: 
    0.891777 -0.0887626 0.19082 
    0.0917032 0.664387 0.30288 
    -0.0136588 -0.349164 0.881233 
  Offset: [37.2051, 20.5834, 103.452]
  Center: [0, 0, 0]
  Translation: [37.2051, 20.5834, 103.452]
  Inverse: 
    1.11563 0.0187109 -0.248008 
    -0.137105 1.27257 -0.407694 
    -0.0370322 0.50451 0.969393 
  Singular: 0
WorldToImageTransform after cropping: 
AffineTransform (0x7efacc7d1940)
  RTTI typeinfo:   itk::AffineTransform<double, 3u>
  Reference Count: 1
  Modified Time: 151319359
  Debug: Off
  Object Name: 
  Observers: 
    none
  Matrix: 
    3.00003 0 0 
    0 3.00003 0 
    0 0 3.00003 
  Offset: [156.001, 137.5, 146.5]
  Center: [0, 0, 0]
  Translation: [156.001, 137.5, 146.5]
  Inverse: 
    0.33333 0 0 
    0 0.33333 0 
    0 0 0.33333 
  Singular: 0
Constructing image-to-world transform from header information (T2isotropic.mgz)
Returning the following transform: 
AffineTransform (0x7efacc73edd0)
  RTTI typeinfo:   itk::AffineTransform<double, 3u>
  Reference Count: 1
  Modified Time: 151324675
  Debug: Off
  Object Name: 
  Observers: 
    none
  Matrix: 
    0.33333 0 0 
    0 0.33333 0 
    0 0 0.33333 
  Offset: [-53.333, -86.1659, -50.833]
  Center: [0, 0, 0]
  Translation: [-53.333, -86.1659, -50.833]
  Inverse: 
    3.00003 0 0 
    0 3.00003 0 
    0 0 3.00003 
  Singular: 0
Constructing image-to-world transform from header information (/home/stone-ext1/freesurfer/subjects/FS6EXPERT_subj01/tmp/hippoSF_T1T2_v10_HST1T2_left/imageDump.mgz)
Returning the following transform: 
AffineTransform (0x7efacc7d8ad0)
  RTTI typeinfo:   itk::AffineTransform<double, 3u>
  Reference Count: 1
  Modified Time: 151327307
  Debug: Off
  Object Name: 
  Observers: 
    none
  Matrix: 
    0.297256 -0.0295873 0.0636061 
    0.0305674 0.22146 0.100959 
    -0.00455287 -0.116387 0.293741 
  Offset: [-39.5981, -38.9719, -14.3492]
  Center: [0, 0, 0]
  Translation: [-39.5981, -38.9719, -14.3492]
  Inverse: 
    3.34693 0.0561331 -0.744031 
    -0.41132 3.81775 -1.22309 
    -0.111098 1.51354 2.90821 
  Singular: 0
Transform before cropping: 
AffineTransform (0x7efacc7d8ad0)
  RTTI typeinfo:   itk::AffineTransform<double, 3u>
  Reference Count: 1
  Modified Time: 151327309
  Debug: Off
  Object Name: 
  Observers: 
    none
  Matrix: 
    0.891777 -0.0887626 0.19082 
    0.0917032 0.664387 0.30288 
    -0.0136588 -0.349164 0.881233 
  Offset: [41.2051, 141.583, 109.452]
  Center: [0, 0, 0]
  Translation: [41.2051, 141.583, 109.452]
  Inverse: 
    1.11563 0.0187109 -0.248008 
    -0.137105 1.27257 -0.407694 
    -0.0370322 0.50451 0.969393 
  Singular: 0
WorldToImageTransform before cropping: 
AffineTransform (0x7efacc7cbc60)
  RTTI typeinfo:   itk::AffineTransform<double, 3u>
  Reference Count: 1
  Modified Time: 151327311
  Debug: Off
  Object Name: 
  Observers: 
    none
  Matrix: 
    3.00003 0 0 
    0 3.00003 0 
    0 0 3.00003 
  Offset: [160.001, 258.5, 152.5]
  Center: [0, 0, 0]
  Translation: [160.001, 258.5, 152.5]
  Inverse: 
    0.33333 0 0 
    0 0.33333 0 
    0 0 0.33333 
  Singular: 0
 m_BoundingBoxSize: [131, 241,99]
 minimalMappedCoordinate: [19.902, 141.583,23.8774]
 maximalMappedCoordinate: [175.836, 342.64,195.813]
Cropping with min [4  121  6]
          and max [191  363  213]
m_OriginalImageRegion before checking margins: ImageRegion (0x7efacdda9778)
  Dimension: 3
  Index: [4, 121, 6]
  Size: [188, 243, 208]

m_CroppedImageRegion before checking margins: ImageRegion (0x7efacdda9740)
  Dimension: 3
  Index: [0, 0, 0]
  Size: [188, 243, 208]


m_OriginalImageRegion after checking margins: ImageRegion (0x7efacdda9778)
  Dimension: 3
  Index: [4, 121, 6]
  Size: [188, 243, 203]

m_CroppedImageRegion after checking margins: ImageRegion (0x7efacdda9740)
  Dimension: 3
  Index: [0, 0, 0]
  Size: [188, 243, 203]

Transform after cropping: 
AffineTransform (0x7efacc7d8ad0)
  RTTI typeinfo:   itk::AffineTransform<double, 3u>
  Reference Count: 1
  Modified Time: 151329943
  Debug: Off
  Object Name: 
  Observers: 
    none
  Matrix: 
    0.891777 -0.0887626 0.19082 
    0.0917032 0.664387 0.30288 
    -0.0136588 -0.349164 0.881233 
  Offset: [37.2051, 20.5834, 103.452]
  Center: [0, 0, 0]
  Translation: [37.2051, 20.5834, 103.452]
  Inverse: 
    1.11563 0.0187109 -0.248008 
    -0.137105 1.27257 -0.407694 
    -0.0370322 0.50451 0.969393 
  Singular: 0
WorldToImageTransform after cropping: 
AffineTransform (0x7efacc7cbc60)
  RTTI typeinfo:   itk::AffineTransform<double, 3u>
  Reference Count: 1
  Modified Time: 151329944
  Debug: Off
  Object Name: 
  Observers: 
    none
  Matrix: 
    3.00003 0 0 
    0 3.00003 0 
    0 0 3.00003 
  Offset: [156.001, 137.5, 146.5]
  Center: [0, 0, 0]
  Translation: [156.001, 137.5, 146.5]
  Inverse: 
    0.33333 0 0 
    0 0.33333 0 
    0 0 0.33333 
  Singular: 0
Transforming points
Transforming points
Transforming points
Transforming points
Transforming points
Transforming points
Transforming points
Transforming points
Transforming points
Transforming points
Transforming points
Transforming points
Transforming points
Transforming points
Transforming points
Transforming points
Transforming points
Transforming points
Transforming points
Transforming points
Transforming points
Transforming points
Transforming points
Transforming points
Transforming points
Transforming points
Transforming points
Transforming points
Transforming points
Transforming points
Transforming points
Transforming points
Transforming points
Transforming points
Transforming points
Transforming points
Transforming points
Transforming points
Transforming points
Transforming points
numberOfLabels: 25
Rasterizing mesh...here: 25
here2: 25
done
Reading contexts of file /home/stone/software/freesurfer_stable_600/average/HippoSF/atlas/compressionLookupTable.txt
--------------
Making Left-Cerebral-Cortex map to reduced label 1
Making Left-Amygdala map to reduced label 1
Making subiculum map to reduced label 1
Making Hippocampal_tail map to reduced label 1
Making GC-ML-DG map to reduced label 1
Making CA4 map to reduced label 1
Making presubiculum map to reduced label 1
Making CA1 map to reduced label 1
Making parasubiculum map to reduced label 1
Making CA3 map to reduced label 1
Making HATA map to reduced label 1
--------------
Making Left-Cerebral-White-Matter map to reduced label 2
Making fimbria map to reduced label 2
--------------
Making molecular_layer_HP map to reduced label 3
--------------
Making alveus map to reduced label 4
--------------
Making hippocampal-fissure map to reduced label 5
--------------
Making Left-Lateral-Ventricle map to reduced label 6
--------------
Making Left-Pallidum map to reduced label 7
--------------
Making Left-Putamen map to reduced label 8
--------------
Making Left-Caudate map to reduced label 9
--------------
Making Left-Thalamus-Proper map to reduced label 10
--------------
Making Left-choroid-plexus map to reduced label 11
--------------
Making Left-VentralDC map to reduced label 12
--------------
Making Left-Accumbens-area map to reduced label 13
--------------
Making Unknown map to reduced label 14
Computing hyperparameters for estimation of Gaussians parameters
Estimating typical intensities of molecular layer and alveus
numberOfLabels: 14
Rasterizing mesh...here: 14
here2: 14
done
Smoothing mesh collection with kernel size 1.500000 ...Smoothing class: 0
Smoothing class: 1
Smoothing class: 2
Smoothing class: 3
Smoothing class: 4
Smoothing class: 5
Smoothing class: 6
Smoothing class: 7
Smoothing class: 8
Smoothing class: 9
Smoothing class: 10
Smoothing class: 11
Smoothing class: 12
Smoothing class: 13
done
numberOfImages = 2
Image: 0
Image: 2
Iteration 1 of 7
numberOfLabels: 14
Rasterizing mesh...here: 14
here2: 14
done
1 0.0037569
2 0.0017542
3 0.0013406
4 0.0029378
5 0.0011985
6 0.00014795
7 0.00084488
8 0.0018678
9 0.00037665
10 0.0024386
11 0.00044893
12 0.0053626
13 0.0013622
14 0.00070057

minLogLikelihood =

   5.3016e+06


minLogLikelihood =

   5.1341e+06


minLogLikelihood =

   5.1162e+06


minLogLikelihood =

   5.1125e+06


minLogLikelihood =

   5.1117e+06


minLogLikelihood =

   5.1114e+06


minLogLikelihood =

   5.1113e+06


minLogLikelihood =

   5.1112e+06


minLogLikelihood =

   5.1111e+06


minLogLikelihood =

   5.1110e+06


minLogLikelihood =

   5.1110e+06

EM converged!
numberOfClasses = 14
numberOfImages = 2
precisions[0][0][0] = 0.068401
precisions[0][1][0] = 0.005286
precisions[1][0][0] = 0.005286
precisions[1][1][0] = 0.000735
precisions[0][0][1] = 0.065289
precisions[0][1][1] = 0.005485
precisions[1][0][1] = 0.005485
precisions[1][1][1] = 0.000707
precisions[0][0][2] = 0.100530
precisions[0][1][2] = 0.000407
precisions[1][0][2] = 0.000407
precisions[1][1][2] = 0.000100
precisions[0][0][3] = 0.035945
precisions[0][1][3] = 0.002027
precisions[1][0][3] = 0.002027
precisions[1][1][3] = 0.000200
precisions[0][0][4] = 0.030759
precisions[0][1][4] = 0.001670
precisions[1][0][4] = 0.001670
precisions[1][1][4] = 0.000246
precisions[0][0][5] = 0.018392
precisions[0][1][5] = 0.001466
precisions[1][0][5] = 0.001466
precisions[1][1][5] = 0.000124
precisions[0][0][6] = 0.102248
precisions[0][1][6] = 0.001390
precisions[1][0][6] = 0.001390
precisions[1][1][6] = 0.003432
precisions[0][0][7] = 0.014826
precisions[0][1][7] = 0.000974
precisions[1][0][7] = 0.000974
precisions[1][1][7] = 0.000092
precisions[0][0][8] = 1.059940
precisions[0][1][8] = 0.098387
precisions[1][0][8] = 0.098387
precisions[1][1][8] = 0.009287
precisions[0][0][9] = 0.060147
precisions[0][1][9] = 0.005599
precisions[1][0][9] = 0.005599
precisions[1][1][9] = 0.000673
precisions[0][0][10] = 0.033236
precisions[0][1][10] = 0.001924
precisions[1][0][10] = 0.001924
precisions[1][1][10] = 0.000135
precisions[0][0][11] = 0.048153
precisions[0][1][11] = 0.003271
precisions[1][0][11] = 0.003271
precisions[1][1][11] = 0.000471
precisions[0][0][12] = 0.161032
precisions[0][1][12] = 0.005003
precisions[1][0][12] = 0.005003
precisions[1][1][12] = 0.000184
precisions[0][0][13] = 0.003750
precisions[0][1][13] = 0.000019
precisions[1][0][13] = 0.000019
precisions[1][1][13] = 0.000015
means[0][0] = 74.008636
means[1][0] = 570.322937
means[0][1] = 96.712814
means[1][1] = 373.062286
means[0][2] = 73.037727
means[1][2] = 505.894012
means[0][3] = 83.492157
means[1][3] = 572.037292
means[0][4] = 63.983089
means[1][4] = 660.637878
means[0][5] = 34.246674
means[1][5] = 1145.649658
means[0][6] = 102.942947
means[1][6] = 256.546600
means[0][7] = 91.644676
means[1][7] = 409.146698
means[0][8] = 85.999939
means[1][8] = 454.000214
means[0][9] = 94.683952
means[1][9] = 370.034637
means[0][10] = 66.625282
means[1][10] = 740.080566
means[0][11] = 96.164520
means[1][11] = 340.636505
means[0][12] = 78.008026
means[1][12] = 540.720642
means[0][13] = 42.522610
means[1][13] = 536.196228
Resolution level 1 iteration 1 deformation iterations 1
Did one deformation step of max. 0.5 voxels in 8.7607 seconds

minLogLikelihoodTimesPrior =

   5.1858e+06

Resolution level 1 iteration 1 deformation iterations 2
Did one deformation step of max. 0.27351 voxels in 8.2368 seconds

minLogLikelihoodTimesPrior =

   5.1837e+06

Resolution level 1 iteration 1 deformation iterations 3
Did one deformation step of max. 0.24223 voxels in 3.9235 seconds

minLogLikelihoodTimesPrior =

   5.1797e+06

Resolution level 1 iteration 1 deformation iterations 4
Did one deformation step of max. 0.30955 voxels in 7.0299 seconds

minLogLikelihoodTimesPrior =

   5.1782e+06

Resolution level 1 iteration 1 deformation iterations 5
Did one deformation step of max. 0.28054 voxels in 2.7386 seconds

minLogLikelihoodTimesPrior =

   5.1752e+06

Resolution level 1 iteration 1 deformation iterations 6
Did one deformation step of max. 0.66931 voxels in 2.7517 seconds

minLogLikelihoodTimesPrior =

   5.1748e+06

Resolution level 1 iteration 1 deformation iterations 7
Did one deformation step of max. 0.14508 voxels in 2.8696 seconds

minLogLikelihoodTimesPrior =

   5.1742e+06

Resolution level 1 iteration 1 deformation iterations 8
Did one deformation step of max. 0.078826 voxels in 2.6838 seconds

minLogLikelihoodTimesPrior =

   5.1730e+06

Resolution level 1 iteration 1 deformation iterations 9
Did one deformation step of max. 0.29459 voxels in 2.8434 seconds

minLogLikelihoodTimesPrior =

   5.1709e+06

Resolution level 1 iteration 1 deformation iterations 10
Did one deformation step of max. 0.064622 voxels in 8.3451 seconds

minLogLikelihoodTimesPrior =

   5.1705e+06

Resolution level 1 iteration 1 deformation iterations 11
Did one deformation step of max. 0.010837 voxels in 16.4375 seconds

minLogLikelihoodTimesPrior =

   5.1705e+06

Resolution level 1 iteration 1 deformation iterations 12
Did one deformation step of max. 0.001809 voxels in 2.9336 seconds

minLogLikelihoodTimesPrior =

   5.1705e+06

Resolution level 1 iteration 1 deformation iterations 13
Did one deformation step of max. 0.0098714 voxels in 5.312 seconds

minLogLikelihoodTimesPrior =

   5.1705e+06

Resolution level 1 iteration 1 deformation iterations 14
Did one deformation step of max. 0.00052988 voxels in 2.6749 seconds

minLogLikelihoodTimesPrior =

   5.1705e+06

Resolution level 1 iteration 1 deformation iterations 15
Did one deformation step of max. 0.0055637 voxels in 2.529 seconds

minLogLikelihoodTimesPrior =

   5.1705e+06

Resolution level 1 iteration 1 deformation iterations 16
Did one deformation step of max. 0.0013282 voxels in 2.7088 seconds

minLogLikelihoodTimesPrior =

   5.1705e+06

Resolution level 1 iteration 1 deformation iterations 17
Did one deformation step of max. 0.0072858 voxels in 2.7058 seconds

minLogLikelihoodTimesPrior =

   5.1705e+06

Resolution level 1 iteration 1 deformation iterations 18
Did one deformation step of max. 0.0032422 voxels in 2.5577 seconds

minLogLikelihoodTimesPrior =

   5.1704e+06

Resolution level 1 iteration 1 deformation iterations 19
Did one deformation step of max. 0.030019 voxels in 3.1082 seconds

minLogLikelihoodTimesPrior =

   5.1704e+06

Resolution level 1 iteration 1 deformation iterations 20
Did one deformation step of max. 0.0075747 voxels in 3.1049 seconds

minLogLikelihoodTimesPrior =

   5.1703e+06

Iteration 2 of 7
numberOfLabels: 14
Rasterizing mesh...here: 14
here2: 14
done

minLogLikelihood =

   5.1050e+06


minLogLikelihood =

   5.1049e+06


minLogLikelihood =

   5.1049e+06

EM converged!
numberOfClasses = 14
numberOfImages = 2
precisions[0][0][0] = 0.068788
precisions[0][1][0] = 0.005317
precisions[1][0][0] = 0.005317
precisions[1][1][0] = 0.000739
precisions[0][0][1] = 0.065383
precisions[0][1][1] = 0.005490
precisions[1][0][1] = 0.005490
precisions[1][1][1] = 0.000708
precisions[0][0][2] = 0.105314
precisions[0][1][2] = 0.000440
precisions[1][0][2] = 0.000440
precisions[1][1][2] = 0.000100
precisions[0][0][3] = 0.038076
precisions[0][1][3] = 0.002155
precisions[1][0][3] = 0.002155
precisions[1][1][3] = 0.000209
precisions[0][0][4] = 0.030823
precisions[0][1][4] = 0.001675
precisions[1][0][4] = 0.001675
precisions[1][1][4] = 0.000248
precisions[0][0][5] = 0.019061
precisions[0][1][5] = 0.001533
precisions[1][0][5] = 0.001533
precisions[1][1][5] = 0.000131
precisions[0][0][6] = 0.102097
precisions[0][1][6] = 0.001367
precisions[1][0][6] = 0.001367
precisions[1][1][6] = 0.003478
precisions[0][0][7] = 0.013995
precisions[0][1][7] = 0.000925
precisions[1][0][7] = 0.000925
precisions[1][1][7] = 0.000089
precisions[0][0][8] = 1.235446
precisions[0][1][8] = 0.115674
precisions[1][0][8] = 0.115674
precisions[1][1][8] = 0.010990
precisions[0][0][9] = 0.061444
precisions[0][1][9] = 0.005731
precisions[1][0][9] = 0.005731
precisions[1][1][9] = 0.000698
precisions[0][0][10] = 0.030880
precisions[0][1][10] = 0.001756
precisions[1][0][10] = 0.001756
precisions[1][1][10] = 0.000124
precisions[0][0][11] = 0.048723
precisions[0][1][11] = 0.003280
precisions[1][0][11] = 0.003280
precisions[1][1][11] = 0.000475
precisions[0][0][12] = 0.159797
precisions[0][1][12] = 0.005144
precisions[1][0][12] = 0.005144
precisions[1][1][12] = 0.000194
precisions[0][0][13] = 0.003740
precisions[0][1][13] = 0.000019
precisions[1][0][13] = 0.000019
precisions[1][1][13] = 0.000015
means[0][0] = 74.011490
means[1][0] = 570.295044
means[0][1] = 96.720154
means[1][1] = 372.995056
means[0][2] = 73.030922
means[1][2] = 505.732086
means[0][3] = 83.506088
means[1][3] = 571.993164
means[0][4] = 63.979790
means[1][4] = 660.653381
means[0][5] = 34.233116
means[1][5] = 1146.334961
means[0][6] = 102.942719
means[1][6] = 256.543518
means[0][7] = 91.639427
means[1][7] = 409.158844
means[0][8] = 85.999939
means[1][8] = 454.000214
means[0][9] = 94.698288
means[1][9] = 369.858398
means[0][10] = 66.749168
means[1][10] = 734.891174
means[0][11] = 96.183037
means[1][11] = 340.451782
means[0][12] = 78.008278
means[1][12] = 540.723083
means[0][13] = 42.543358
means[1][13] = 536.200867
Resolution level 1 iteration 2 deformation iterations 1
Did one deformation step of max. 1 voxels in 6.1402 seconds

minLogLikelihoodTimesPrior =

   5.1667e+06

Resolution level 1 iteration 2 deformation iterations 2
Did one deformation step of max. 0.50579 voxels in 4.3552 seconds

minLogLikelihoodTimesPrior =

   5.1641e+06

Resolution level 1 iteration 2 deformation iterations 3
Did one deformation step of max. 0.52981 voxels in 2.5143 seconds

minLogLikelihoodTimesPrior =

   5.1625e+06

Resolution level 1 iteration 2 deformation iterations 4
Did one deformation step of max. 0.12652 voxels in 4.602 seconds

minLogLikelihoodTimesPrior =

   5.1624e+06

Resolution level 1 iteration 2 deformation iterations 5
Did one deformation step of max. 0.0013048 voxels in 3.2141 seconds

minLogLikelihoodTimesPrior =

   5.1623e+06

Resolution level 1 iteration 2 deformation iterations 6
Did one deformation step of max. 0.0062499 voxels in 2.9447 seconds

minLogLikelihoodTimesPrior =

   5.1622e+06

Resolution level 1 iteration 2 deformation iterations 7
Did one deformation step of max. 0.0033028 voxels in 2.5579 seconds

minLogLikelihoodTimesPrior =

   5.1619e+06

Resolution level 1 iteration 2 deformation iterations 8
Did one deformation step of max. 0.024603 voxels in 5.1583 seconds

minLogLikelihoodTimesPrior =

   5.1618e+06

Resolution level 1 iteration 2 deformation iterations 9
Did one deformation step of max. 0.0051427 voxels in 2.9333 seconds

minLogLikelihoodTimesPrior =

   5.1616e+06

Resolution level 1 iteration 2 deformation iterations 10
Did one deformation step of max. 0.0057423 voxels in 2.9884 seconds

minLogLikelihoodTimesPrior =

   5.1613e+06

Resolution level 1 iteration 2 deformation iterations 11
Did one deformation step of max. 0.027012 voxels in 2.4985 seconds

minLogLikelihoodTimesPrior =

   5.1610e+06

Resolution level 1 iteration 2 deformation iterations 12
Did one deformation step of max. 0.019863 voxels in 2.6827 seconds

minLogLikelihoodTimesPrior =

   5.1606e+06

Resolution level 1 iteration 2 deformation iterations 13
Did one deformation step of max. 0.028011 voxels in 3.2712 seconds

minLogLikelihoodTimesPrior =

   5.1603e+06

Resolution level 1 iteration 2 deformation iterations 14
Did one deformation step of max. 0.063956 voxels in 4.7014 seconds

minLogLikelihoodTimesPrior =

   5.1599e+06

Resolution level 1 iteration 2 deformation iterations 15
Did one deformation step of max. 0.077488 voxels in 4.8818 seconds

minLogLikelihoodTimesPrior =

   5.1598e+06

Resolution level 1 iteration 2 deformation iterations 16
Did one deformation step of max. 0.061752 voxels in 2.7151 seconds

minLogLikelihoodTimesPrior =

   5.1596e+06

Resolution level 1 iteration 2 deformation iterations 17
Did one deformation step of max. 0.021365 voxels in 3.3775 seconds

minLogLikelihoodTimesPrior =

   5.1595e+06

Resolution level 1 iteration 2 deformation iterations 18
Did one deformation step of max. 0.052249 voxels in 3.2526 seconds

minLogLikelihoodTimesPrior =

   5.1594e+06

Resolution level 1 iteration 2 deformation iterations 19
Did one deformation step of max. 0.13153 voxels in 3.1408 seconds

minLogLikelihoodTimesPrior =

   5.1591e+06

Resolution level 1 iteration 2 deformation iterations 20
Did one deformation step of max. 0.10596 voxels in 2.602 seconds

minLogLikelihoodTimesPrior =

   5.1587e+06

Iteration 3 of 7
numberOfLabels: 14
Rasterizing mesh...here: 14
here2: 14
done

minLogLikelihood =

   5.1014e+06


minLogLikelihood =

   5.1014e+06

EM converged!
numberOfClasses = 14
numberOfImages = 2
precisions[0][0][0] = 0.068993
precisions[0][1][0] = 0.005333
precisions[1][0][0] = 0.005333
precisions[1][1][0] = 0.000741
precisions[0][0][1] = 0.065432
precisions[0][1][1] = 0.005493
precisions[1][0][1] = 0.005493
precisions[1][1][1] = 0.000709
precisions[0][0][2] = 0.107623
precisions[0][1][2] = 0.000457
precisions[1][0][2] = 0.000457
precisions[1][1][2] = 0.000100
precisions[0][0][3] = 0.039022
precisions[0][1][3] = 0.002209
precisions[1][0][3] = 0.002209
precisions[1][1][3] = 0.000214
precisions[0][0][4] = 0.030832
precisions[0][1][4] = 0.001673
precisions[1][0][4] = 0.001673
precisions[1][1][4] = 0.000249
precisions[0][0][5] = 0.019432
precisions[0][1][5] = 0.001570
precisions[1][0][5] = 0.001570
precisions[1][1][5] = 0.000134
precisions[0][0][6] = 0.102055
precisions[0][1][6] = 0.001359
precisions[1][0][6] = 0.001359
precisions[1][1][6] = 0.003499
precisions[0][0][7] = 0.013854
precisions[0][1][7] = 0.000917
precisions[1][0][7] = 0.000917
precisions[1][1][7] = 0.000088
precisions[0][0][8] = 1.326069
precisions[0][1][8] = 0.124627
precisions[1][0][8] = 0.124627
precisions[1][1][8] = 0.011876
precisions[0][0][9] = 0.062179
precisions[0][1][9] = 0.005807
precisions[1][0][9] = 0.005807
precisions[1][1][9] = 0.000713
precisions[0][0][10] = 0.029803
precisions[0][1][10] = 0.001679
precisions[1][0][10] = 0.001679
precisions[1][1][10] = 0.000119
precisions[0][0][11] = 0.049044
precisions[0][1][11] = 0.003284
precisions[1][0][11] = 0.003284
precisions[1][1][11] = 0.000477
precisions[0][0][12] = 0.160474
precisions[0][1][12] = 0.005268
precisions[1][0][12] = 0.005268
precisions[1][1][12] = 0.000201
precisions[0][0][13] = 0.003733
precisions[0][1][13] = 0.000019
precisions[1][0][13] = 0.000019
precisions[1][1][13] = 0.000015
means[0][0] = 74.012367
means[1][0] = 570.286255
means[0][1] = 96.723885
means[1][1] = 372.960876
means[0][2] = 73.027893
means[1][2] = 505.628967
means[0][3] = 83.512497
means[1][3] = 571.947815
means[0][4] = 63.977299
means[1][4] = 660.667053
means[0][5] = 34.227112
means[1][5] = 1146.687256
means[0][6] = 102.942604
means[1][6] = 256.541992
means[0][7] = 91.639938
means[1][7] = 409.147156
means[0][8] = 85.999939
means[1][8] = 454.000214
means[0][9] = 94.705582
means[1][9] = 369.766327
means[0][10] = 66.805145
means[1][10] = 732.307007
means[0][11] = 96.193504
means[1][11] = 340.348572
means[0][12] = 78.008514
means[1][12] = 540.721619
means[0][13] = 42.555077
means[1][13] = 536.185059
Resolution level 1 iteration 3 deformation iterations 1
Did one deformation step of max. 1 voxels in 5.3469 seconds

minLogLikelihoodTimesPrior =

   5.1561e+06

Resolution level 1 iteration 3 deformation iterations 2
Did one deformation step of max. 0.32466 voxels in 5.8808 seconds

minLogLikelihoodTimesPrior =

   5.1552e+06

Resolution level 1 iteration 3 deformation iterations 3
Did one deformation step of max. 0.37583 voxels in 2.6655 seconds

minLogLikelihoodTimesPrior =

   5.1541e+06

Resolution level 1 iteration 3 deformation iterations 4
Did one deformation step of max. 0.29686 voxels in 3.0421 seconds

minLogLikelihoodTimesPrior =

   5.1520e+06

Resolution level 1 iteration 3 deformation iterations 5
Did one deformation step of max. 0.23145 voxels in 4.1298 seconds

minLogLikelihoodTimesPrior =

   5.1518e+06

Resolution level 1 iteration 3 deformation iterations 6
Did one deformation step of max. 0.044099 voxels in 2.6539 seconds

minLogLikelihoodTimesPrior =

   5.1514e+06

Resolution level 1 iteration 3 deformation iterations 7
Did one deformation step of max. 0.022238 voxels in 2.611 seconds

minLogLikelihoodTimesPrior =

   5.1509e+06

Resolution level 1 iteration 3 deformation iterations 8
Did one deformation step of max. 0.056002 voxels in 6.1746 seconds

minLogLikelihoodTimesPrior =

   5.1505e+06

Resolution level 1 iteration 3 deformation iterations 9
Did one deformation step of max. 0.010129 voxels in 3.1353 seconds

minLogLikelihoodTimesPrior =

   5.1500e+06

Resolution level 1 iteration 3 deformation iterations 10
Did one deformation step of max. 0.019034 voxels in 9.0811 seconds

minLogLikelihoodTimesPrior =

   5.1499e+06

Resolution level 1 iteration 3 deformation iterations 11
Did one deformation step of max. 0.0018033 voxels in 2.8311 seconds

minLogLikelihoodTimesPrior =

   5.1498e+06

Resolution level 1 iteration 3 deformation iterations 12
Did one deformation step of max. 0.0070062 voxels in 11.3522 seconds

minLogLikelihoodTimesPrior =

   5.1498e+06

Resolution level 1 iteration 3 deformation iterations 13
Did one deformation step of max. 4.6007e-05 voxels in 2.6781 seconds

minLogLikelihoodTimesPrior =

   5.1498e+06

Resolution level 1 iteration 3 deformation iterations 14
Did one deformation step of max. 6.4558e-05 voxels in 2.6417 seconds

minLogLikelihoodTimesPrior =

   5.1498e+06

Resolution level 1 iteration 3 deformation iterations 15
Did one deformation step of max. 0.00098961 voxels in 2.6131 seconds

minLogLikelihoodTimesPrior =

   5.1498e+06

Resolution level 1 iteration 3 deformation iterations 16
Did one deformation step of max. 0.00025071 voxels in 2.8188 seconds

minLogLikelihoodTimesPrior =

   5.1497e+06

Resolution level 1 iteration 3 deformation iterations 17
Did one deformation step of max. 0.0037232 voxels in 3.4334 seconds

minLogLikelihoodTimesPrior =

   5.1497e+06

Resolution level 1 iteration 3 deformation iterations 18
Did one deformation step of max. 0.0009168 voxels in 3.1497 seconds

minLogLikelihoodTimesPrior =

   5.1496e+06

Resolution level 1 iteration 3 deformation iterations 19
Did one deformation step of max. 0.0022426 voxels in 2.7902 seconds

minLogLikelihoodTimesPrior =

   5.1495e+06

Resolution level 1 iteration 3 deformation iterations 20
Did one deformation step of max. 0.019849 voxels in 2.8121 seconds

minLogLikelihoodTimesPrior =

   5.1493e+06

Iteration 4 of 7
numberOfLabels: 14
Rasterizing mesh...here: 14
here2: 14
done

minLogLikelihood =

   5.0985e+06


minLogLikelihood =

   5.0984e+06

EM converged!
numberOfClasses = 14
numberOfImages = 2
precisions[0][0][0] = 0.069196
precisions[0][1][0] = 0.005348
precisions[1][0][0] = 0.005348
precisions[1][1][0] = 0.000743
precisions[0][0][1] = 0.065465
precisions[0][1][1] = 0.005495
precisions[1][0][1] = 0.005495
precisions[1][1][1] = 0.000710
precisions[0][0][2] = 0.109979
precisions[0][1][2] = 0.000475
precisions[1][0][2] = 0.000475
precisions[1][1][2] = 0.000101
precisions[0][0][3] = 0.039878
precisions[0][1][3] = 0.002255
precisions[1][0][3] = 0.002255
precisions[1][1][3] = 0.000217
precisions[0][0][4] = 0.030826
precisions[0][1][4] = 0.001666
precisions[1][0][4] = 0.001666
precisions[1][1][4] = 0.000250
precisions[0][0][5] = 0.019799
precisions[0][1][5] = 0.001607
precisions[1][0][5] = 0.001607
precisions[1][1][5] = 0.000138
precisions[0][0][6] = 0.102023
precisions[0][1][6] = 0.001360
precisions[1][0][6] = 0.001360
precisions[1][1][6] = 0.003520
precisions[0][0][7] = 0.013736
precisions[0][1][7] = 0.000909
precisions[1][0][7] = 0.000909
precisions[1][1][7] = 0.000087
precisions[0][0][8] = 1.419138
precisions[0][1][8] = 0.133816
precisions[1][0][8] = 0.133816
precisions[1][1][8] = 0.012785
precisions[0][0][9] = 0.062962
precisions[0][1][9] = 0.005887
precisions[1][0][9] = 0.005887
precisions[1][1][9] = 0.000727
precisions[0][0][10] = 0.028911
precisions[0][1][10] = 0.001615
precisions[1][0][10] = 0.001615
precisions[1][1][10] = 0.000115
precisions[0][0][11] = 0.049363
precisions[0][1][11] = 0.003288
precisions[1][0][11] = 0.003288
precisions[1][1][11] = 0.000480
precisions[0][0][12] = 0.161268
precisions[0][1][12] = 0.005392
precisions[1][0][12] = 0.005392
precisions[1][1][12] = 0.000209
precisions[0][0][13] = 0.003726
precisions[0][1][13] = 0.000019
precisions[1][0][13] = 0.000019
precisions[1][1][13] = 0.000015
means[0][0] = 74.012848
means[1][0] = 570.282227
means[0][1] = 96.726723
means[1][1] = 372.933807
means[0][2] = 73.024933
means[1][2] = 505.524506
means[0][3] = 83.518974
means[1][3] = 571.888916
means[0][4] = 63.974682
means[1][4] = 660.685974
means[0][5] = 34.220493
means[1][5] = 1147.049683
means[0][6] = 102.942474
means[1][6] = 256.540466
means[0][7] = 91.640053
means[1][7] = 409.141602
means[0][8] = 85.999939
means[1][8] = 454.000214
means[0][9] = 94.712433
means[1][9] = 369.679474
means[0][10] = 66.862854
means[1][10] = 729.817749
means[0][11] = 96.203896
means[1][11] = 340.246063
means[0][12] = 78.008720
means[1][12] = 540.720825
means[0][13] = 42.568073
means[1][13] = 536.165466
Resolution level 1 iteration 4 deformation iterations 1
Did one deformation step of max. 0.5 voxels in 9.5977 seconds

minLogLikelihoodTimesPrior =

   5.1490e+06

Resolution level 1 iteration 4 deformation iterations 2
Did one deformation step of max. 0.12665 voxels in 3.1037 seconds

minLogLikelihoodTimesPrior =

   5.1487e+06

Resolution level 1 iteration 4 deformation iterations 3
Did one deformation step of max. 0.047389 voxels in 2.6869 seconds

minLogLikelihoodTimesPrior =

   5.1480e+06

Resolution level 1 iteration 4 deformation iterations 4
Did one deformation step of max. 0.31872 voxels in 5.6251 seconds

minLogLikelihoodTimesPrior =

   5.1474e+06

Resolution level 1 iteration 4 deformation iterations 5
Did one deformation step of max. 0.092649 voxels in 3.145 seconds

minLogLikelihoodTimesPrior =

   5.1463e+06

Resolution level 1 iteration 4 deformation iterations 6
Did one deformation step of max. 0.46161 voxels in 6.0035 seconds

minLogLikelihoodTimesPrior =

   5.1461e+06

Resolution level 1 iteration 4 deformation iterations 7
Did one deformation step of max. 0.05051 voxels in 2.9878 seconds

minLogLikelihoodTimesPrior =

   5.1457e+06

Resolution level 1 iteration 4 deformation iterations 8
Did one deformation step of max. 0.12028 voxels in 2.9586 seconds

minLogLikelihoodTimesPrior =

   5.1451e+06

Resolution level 1 iteration 4 deformation iterations 9
Did one deformation step of max. 0.093411 voxels in 2.7752 seconds

minLogLikelihoodTimesPrior =

   5.1438e+06

Resolution level 1 iteration 4 deformation iterations 10
Did one deformation step of max. 0.25644 voxels in 5.5992 seconds

minLogLikelihoodTimesPrior =

   5.1426e+06

Resolution level 1 iteration 4 deformation iterations 11
Did one deformation step of max. 0.20707 voxels in 3.4008 seconds

minLogLikelihoodTimesPrior =

   5.1403e+06

Resolution level 1 iteration 4 deformation iterations 12
Did one deformation step of max. 0.48057 voxels in 4.0443 seconds

minLogLikelihoodTimesPrior =

   5.1381e+06

Resolution level 1 iteration 4 deformation iterations 13
Did one deformation step of max. 0.201 voxels in 5.0425 seconds

minLogLikelihoodTimesPrior =

   5.1363e+06

Resolution level 1 iteration 4 deformation iterations 14
Did one deformation step of max. 0.078698 voxels in 5.6269 seconds

minLogLikelihoodTimesPrior =

   5.1355e+06

Resolution level 1 iteration 4 deformation iterations 15
Did one deformation step of max. 0.16678 voxels in 3.4827 seconds

minLogLikelihoodTimesPrior =

   5.1352e+06

Resolution level 1 iteration 4 deformation iterations 16
Did one deformation step of max. 0.11552 voxels in 2.8495 seconds

minLogLikelihoodTimesPrior =

   5.1348e+06

Resolution level 1 iteration 4 deformation iterations 17
Did one deformation step of max. 0.098958 voxels in 2.7562 seconds

minLogLikelihoodTimesPrior =

   5.1340e+06

Resolution level 1 iteration 4 deformation iterations 18
Did one deformation step of max. 0.21829 voxels in 3.2861 seconds

minLogLikelihoodTimesPrior =

   5.1325e+06

Resolution level 1 iteration 4 deformation iterations 19
Did one deformation step of max. 0.14744 voxels in 5.6354 seconds

minLogLikelihoodTimesPrior =

   5.1311e+06

Resolution level 1 iteration 4 deformation iterations 20
Did one deformation step of max. 0.37205 voxels in 2.6871 seconds

minLogLikelihoodTimesPrior =

   5.1286e+06

Iteration 5 of 7
numberOfLabels: 14
Rasterizing mesh...here: 14
here2: 14
done

minLogLikelihood =

   5.0913e+06


minLogLikelihood =

   5.0912e+06


minLogLikelihood =

   5.0912e+06

EM converged!
numberOfClasses = 14
numberOfImages = 2
precisions[0][0][0] = 0.069752
precisions[0][1][0] = 0.005390
precisions[1][0][0] = 0.005390
precisions[1][1][0] = 0.000748
precisions[0][0][1] = 0.065528
precisions[0][1][1] = 0.005500
precisions[1][0][1] = 0.005500
precisions[1][1][1] = 0.000713
precisions[0][0][2] = 0.115893
precisions[0][1][2] = 0.000528
precisions[1][0][2] = 0.000528
precisions[1][1][2] = 0.000102
precisions[0][0][3] = 0.041768
precisions[0][1][3] = 0.002342
precisions[1][0][3] = 0.002342
precisions[1][1][3] = 0.000227
precisions[0][0][4] = 0.030795
precisions[0][1][4] = 0.001624
precisions[1][0][4] = 0.001624
precisions[1][1][4] = 0.000248
precisions[0][0][5] = 0.020465
precisions[0][1][5] = 0.001676
precisions[1][0][5] = 0.001676
precisions[1][1][5] = 0.000145
precisions[0][0][6] = 0.101949
precisions[0][1][6] = 0.001444
precisions[1][0][6] = 0.001444
precisions[1][1][6] = 0.003553
precisions[0][0][7] = 0.013385
precisions[0][1][7] = 0.000887
precisions[1][0][7] = 0.000887
precisions[1][1][7] = 0.000085
precisions[0][0][8] = 1.605978
precisions[0][1][8] = 0.152298
precisions[1][0][8] = 0.152298
precisions[1][1][8] = 0.014618
precisions[0][0][9] = 0.065272
precisions[0][1][9] = 0.006129
precisions[1][0][9] = 0.006129
precisions[1][1][9] = 0.000769
precisions[0][0][10] = 0.027766
precisions[0][1][10] = 0.001535
precisions[1][0][10] = 0.001535
precisions[1][1][10] = 0.000110
precisions[0][0][11] = 0.050157
precisions[0][1][11] = 0.003301
precisions[1][0][11] = 0.003301
precisions[1][1][11] = 0.000486
precisions[0][0][12] = 0.162818
precisions[0][1][12] = 0.005667
precisions[1][0][12] = 0.005667
precisions[1][1][12] = 0.000225
precisions[0][0][13] = 0.003703
precisions[0][1][13] = 0.000019
precisions[1][0][13] = 0.000019
precisions[1][1][13] = 0.000015
means[0][0] = 74.011902
means[1][0] = 570.294800
means[0][1] = 96.731644
means[1][1] = 372.889496
means[0][2] = 73.017303
means[1][2] = 505.205170
means[0][3] = 83.537659
means[1][3] = 571.655884
means[0][4] = 63.965595
means[1][4] = 660.761353
means[0][5] = 34.218273
means[1][5] = 1147.625000
means[0][6] = 102.941849
means[1][6] = 256.538300
means[0][7] = 91.641197
means[1][7] = 409.113617
means[0][8] = 85.999939
means[1][8] = 454.000183
means[0][9] = 94.727676
means[1][9] = 369.473389
means[0][10] = 67.000702
means[1][10] = 725.533142
means[0][11] = 96.229919
means[1][11] = 339.982422
means[0][12] = 78.009178
means[1][12] = 540.719604
means[0][13] = 42.605804
means[1][13] = 536.101807
Resolution level 1 iteration 5 deformation iterations 1
Did one deformation step of max. 0.5 voxels in 6.6746 seconds

minLogLikelihoodTimesPrior =

   5.1265e+06

Resolution level 1 iteration 5 deformation iterations 2
Did one deformation step of max. 0.4048 voxels in 3.0868 seconds

minLogLikelihoodTimesPrior =

   5.1252e+06

Resolution level 1 iteration 5 deformation iterations 3
Did one deformation step of max. 0.25534 voxels in 3.1393 seconds

minLogLikelihoodTimesPrior =

   5.1235e+06

Resolution level 1 iteration 5 deformation iterations 4
Did one deformation step of max. 0.076304 voxels in 3.4858 seconds

minLogLikelihoodTimesPrior =

   5.1216e+06

Resolution level 1 iteration 5 deformation iterations 5
Did one deformation step of max. 0.042898 voxels in 11.2419 seconds

minLogLikelihoodTimesPrior =

   5.1215e+06

Resolution level 1 iteration 5 deformation iterations 6
Did one deformation step of max. 0.0029338 voxels in 2.6144 seconds

minLogLikelihoodTimesPrior =

   5.1214e+06

Resolution level 1 iteration 5 deformation iterations 7
Did one deformation step of max. 0.00089269 voxels in 2.8511 seconds

minLogLikelihoodTimesPrior =

   5.1212e+06

Resolution level 1 iteration 5 deformation iterations 8
Did one deformation step of max. 0.11142 voxels in 3.0867 seconds

minLogLikelihoodTimesPrior =

   5.1212e+06

Resolution level 1 iteration 5 deformation iterations 9
Did one deformation step of max. 0.0042337 voxels in 2.8734 seconds

minLogLikelihoodTimesPrior =

   5.1211e+06

Resolution level 1 iteration 5 deformation iterations 10
Did one deformation step of max. 0.00082262 voxels in 2.5353 seconds

minLogLikelihoodTimesPrior =

   5.1210e+06

Resolution level 1 iteration 5 deformation iterations 11
Did one deformation step of max. 0.038913 voxels in 8.9727 seconds

minLogLikelihoodTimesPrior =

   5.1210e+06

Resolution level 1 iteration 5 deformation iterations 12
Did one deformation step of max. 0.0028173 voxels in 2.5934 seconds

minLogLikelihoodTimesPrior =

   5.1209e+06

Resolution level 1 iteration 5 deformation iterations 13
Did one deformation step of max. 0.00094217 voxels in 2.8612 seconds

minLogLikelihoodTimesPrior =

   5.1208e+06

Resolution level 1 iteration 5 deformation iterations 14
Did one deformation step of max. 0.046298 voxels in 6.2354 seconds

minLogLikelihoodTimesPrior =

   5.1207e+06

Resolution level 1 iteration 5 deformation iterations 15
Did one deformation step of max. 0.0079372 voxels in 2.8039 seconds

minLogLikelihoodTimesPrior =

   5.1206e+06

Resolution level 1 iteration 5 deformation iterations 16
Did one deformation step of max. 0.0027509 voxels in 2.8253 seconds

minLogLikelihoodTimesPrior =

   5.1205e+06

Resolution level 1 iteration 5 deformation iterations 17
Did one deformation step of max. 0.07857 voxels in 2.8848 seconds

minLogLikelihoodTimesPrior =

   5.1202e+06

Resolution level 1 iteration 5 deformation iterations 18
Did one deformation step of max. 0.058544 voxels in 2.8619 seconds

minLogLikelihoodTimesPrior =

   5.1199e+06

Resolution level 1 iteration 5 deformation iterations 19
Did one deformation step of max. 0.055216 voxels in 2.6873 seconds

minLogLikelihoodTimesPrior =

   5.1198e+06

Resolution level 1 iteration 5 deformation iterations 20
Did one deformation step of max. 0.024263 voxels in 3.3102 seconds

minLogLikelihoodTimesPrior =

   5.1196e+06

Iteration 6 of 7
numberOfLabels: 14
Rasterizing mesh...here: 14
here2: 14
done

minLogLikelihood =

   5.0876e+06


minLogLikelihood =

   5.0876e+06

EM converged!
numberOfClasses = 14
numberOfImages = 2
precisions[0][0][0] = 0.070009
precisions[0][1][0] = 0.005408
precisions[1][0][0] = 0.005408
precisions[1][1][0] = 0.000751
precisions[0][0][1] = 0.065558
precisions[0][1][1] = 0.005504
precisions[1][0][1] = 0.005504
precisions[1][1][1] = 0.000714
precisions[0][0][2] = 0.119023
precisions[0][1][2] = 0.000561
precisions[1][0][2] = 0.000561
precisions[1][1][2] = 0.000103
precisions[0][0][3] = 0.042509
precisions[0][1][3] = 0.002369
precisions[1][0][3] = 0.002369
precisions[1][1][3] = 0.000230
precisions[0][0][4] = 0.030785
precisions[0][1][4] = 0.001599
precisions[1][0][4] = 0.001599
precisions[1][1][4] = 0.000247
precisions[0][0][5] = 0.020726
precisions[0][1][5] = 0.001704
precisions[1][0][5] = 0.001704
precisions[1][1][5] = 0.000148
precisions[0][0][6] = 0.101948
precisions[0][1][6] = 0.001523
precisions[1][0][6] = 0.001523
precisions[1][1][6] = 0.003557
precisions[0][0][7] = 0.013213
precisions[0][1][7] = 0.000876
precisions[1][0][7] = 0.000876
precisions[1][1][7] = 0.000084
precisions[0][0][8] = 1.706229
precisions[0][1][8] = 0.162219
precisions[1][0][8] = 0.162219
precisions[1][1][8] = 0.015603
precisions[0][0][9] = 0.066329
precisions[0][1][9] = 0.006243
precisions[1][0][9] = 0.006243
precisions[1][1][9] = 0.000788
precisions[0][0][10] = 0.027411
precisions[0][1][10] = 0.001509
precisions[1][0][10] = 0.001509
precisions[1][1][10] = 0.000109
precisions[0][0][11] = 0.050427
precisions[0][1][11] = 0.003304
precisions[1][0][11] = 0.003304
precisions[1][1][11] = 0.000488
precisions[0][0][12] = 0.166544
precisions[0][1][12] = 0.005893
precisions[1][0][12] = 0.005893
precisions[1][1][12] = 0.000236
precisions[0][0][13] = 0.003695
precisions[0][1][13] = 0.000019
precisions[1][0][13] = 0.000019
precisions[1][1][13] = 0.000015
means[0][0] = 74.010612
means[1][0] = 570.307739
means[0][1] = 96.732262
means[1][1] = 372.886047
means[0][2] = 73.013390
means[1][2] = 505.053253
means[0][3] = 83.545555
means[1][3] = 571.531494
means[0][4] = 63.960537
means[1][4] = 660.802979
means[0][5] = 34.216152
means[1][5] = 1147.880005
means[0][6] = 102.941444
means[1][6] = 256.538727
means[0][7] = 91.642754
means[1][7] = 409.089783
means[0][8] = 85.999947
means[1][8] = 454.000183
means[0][9] = 94.733650
means[1][9] = 369.386047
means[0][10] = 67.063698
means[1][10] = 723.806091
means[0][11] = 96.239723
means[1][11] = 339.877899
means[0][12] = 78.009583
means[1][12] = 540.713196
means[0][13] = 42.619171
means[1][13] = 536.053589
Resolution level 1 iteration 6 deformation iterations 1
Did one deformation step of max. 0.5 voxels in 7.8578 seconds

minLogLikelihoodTimesPrior =

   5.1185e+06

Resolution level 1 iteration 6 deformation iterations 2
Did one deformation step of max. 0.28671 voxels in 2.8854 seconds

minLogLikelihoodTimesPrior =

   5.1166e+06

Resolution level 1 iteration 6 deformation iterations 3
Did one deformation step of max. 0.4017 voxels in 3.8992 seconds

minLogLikelihoodTimesPrior =

   5.1147e+06

Resolution level 1 iteration 6 deformation iterations 4
Did one deformation step of max. 0.57811 voxels in 2.7954 seconds

minLogLikelihoodTimesPrior =

   5.1118e+06

Resolution level 1 iteration 6 deformation iterations 5
Did one deformation step of max. 0.057782 voxels in 6.4565 seconds

minLogLikelihoodTimesPrior =

   5.1118e+06

Resolution level 1 iteration 6 deformation iterations 6
Did one deformation step of max. 0.011254 voxels in 2.8195 seconds

minLogLikelihoodTimesPrior =

   5.1117e+06

Resolution level 1 iteration 6 deformation iterations 7
Did one deformation step of max. 0.0026385 voxels in 2.807 seconds

minLogLikelihoodTimesPrior =

   5.1115e+06

Resolution level 1 iteration 6 deformation iterations 8
Did one deformation step of max. 0.050437 voxels in 2.7146 seconds

minLogLikelihoodTimesPrior =

   5.1114e+06

Resolution level 1 iteration 6 deformation iterations 9
Did one deformation step of max. 0.003896 voxels in 4.1186 seconds

minLogLikelihoodTimesPrior =

   5.1113e+06

Resolution level 1 iteration 6 deformation iterations 10
Did one deformation step of max. 0.011274 voxels in 4.0542 seconds

minLogLikelihoodTimesPrior =

   5.1112e+06

Resolution level 1 iteration 6 deformation iterations 11
Did one deformation step of max. 0.13918 voxels in 3.6912 seconds

minLogLikelihoodTimesPrior =

   5.1110e+06

Resolution level 1 iteration 6 deformation iterations 12
Did one deformation step of max. 0.059454 voxels in 2.9812 seconds

minLogLikelihoodTimesPrior =

   5.1109e+06

Resolution level 1 iteration 6 deformation iterations 13
Did one deformation step of max. 0.20558 voxels in 3.2581 seconds

minLogLikelihoodTimesPrior =

   5.1108e+06

Resolution level 1 iteration 6 deformation iterations 14
Did one deformation step of max. 0.11141 voxels in 2.9548 seconds

minLogLikelihoodTimesPrior =

   5.1106e+06

Resolution level 1 iteration 6 deformation iterations 15
Did one deformation step of max. 0.11966 voxels in 2.5483 seconds

minLogLikelihoodTimesPrior =

   5.1103e+06

Resolution level 1 iteration 6 deformation iterations 16
Did one deformation step of max. 0.090553 voxels in 10.5073 seconds

minLogLikelihoodTimesPrior =

   5.1103e+06

Resolution level 1 iteration 6 deformation iterations 17
Did one deformation step of max. 0.05716 voxels in 2.561 seconds

minLogLikelihoodTimesPrior =

   5.1102e+06

Resolution level 1 iteration 6 deformation iterations 18
Did one deformation step of max. 0.057266 voxels in 2.5079 seconds

minLogLikelihoodTimesPrior =

   5.1100e+06

Resolution level 1 iteration 6 deformation iterations 19
Did one deformation step of max. 0.1503 voxels in 2.4921 seconds

minLogLikelihoodTimesPrior =

   5.1097e+06

Resolution level 1 iteration 6 deformation iterations 20
Did one deformation step of max. 0.060882 voxels in 2.5222 seconds

minLogLikelihoodTimesPrior =

   5.1091e+06

Iteration 7 of 7
numberOfLabels: 14
Rasterizing mesh...here: 14
here2: 14
done

minLogLikelihood =

   5.0831e+06


minLogLikelihood =

   5.0830e+06

EM converged!
numberOfClasses = 14
numberOfImages = 2
precisions[0][0][0] = 0.070370
precisions[0][1][0] = 0.005433
precisions[1][0][0] = 0.005433
precisions[1][1][0] = 0.000754
precisions[0][0][1] = 0.065582
precisions[0][1][1] = 0.005507
precisions[1][0][1] = 0.005507
precisions[1][1][1] = 0.000715
precisions[0][0][2] = 0.122959
precisions[0][1][2] = 0.000611
precisions[1][0][2] = 0.000611
precisions[1][1][2] = 0.000104
precisions[0][0][3] = 0.043378
precisions[0][1][3] = 0.002398
precisions[1][0][3] = 0.002398
precisions[1][1][3] = 0.000235
precisions[0][0][4] = 0.030842
precisions[0][1][4] = 0.001567
precisions[1][0][4] = 0.001567
precisions[1][1][4] = 0.000245
precisions[0][0][5] = 0.020960
precisions[0][1][5] = 0.001730
precisions[1][0][5] = 0.001730
precisions[1][1][5] = 0.000151
precisions[0][0][6] = 0.102038
precisions[0][1][6] = 0.001702
precisions[1][0][6] = 0.001702
precisions[1][1][6] = 0.003540
precisions[0][0][7] = 0.012917
precisions[0][1][7] = 0.000857
precisions[1][0][7] = 0.000857
precisions[1][1][7] = 0.000082
precisions[0][0][8] = 1.805223
precisions[0][1][8] = 0.172046
precisions[1][0][8] = 0.172046
precisions[1][1][8] = 0.016582
precisions[0][0][9] = 0.067979
precisions[0][1][9] = 0.006421
precisions[1][0][9] = 0.006421
precisions[1][1][9] = 0.000816
precisions[0][0][10] = 0.027217
precisions[0][1][10] = 0.001495
precisions[1][0][10] = 0.001495
precisions[1][1][10] = 0.000108
precisions[0][0][11] = 0.050724
precisions[0][1][11] = 0.003311
precisions[1][0][11] = 0.003311
precisions[1][1][11] = 0.000491
precisions[0][0][12] = 0.169274
precisions[0][1][12] = 0.006070
precisions[1][0][12] = 0.006070
precisions[1][1][12] = 0.000245
precisions[0][0][13] = 0.003686
precisions[0][1][13] = 0.000020
precisions[1][0][13] = 0.000020
precisions[1][1][13] = 0.000015
means[0][0] = 74.007362
means[1][0] = 570.337036
means[0][1] = 96.730186
means[1][1] = 372.910553
means[0][2] = 73.008125
means[1][2] = 504.826843
means[0][3] = 83.555069
means[1][3] = 571.373474
means[0][4] = 63.953545
means[1][4] = 660.861694
means[0][5] = 34.220409
means[1][5] = 1148.058228
means[0][6] = 102.940788
means[1][6] = 256.541504
means[0][7] = 91.645111
means[1][7] = 409.051697
means[0][8] = 85.999947
means[1][8] = 454.000183
means[0][9] = 94.740730
means[1][9] = 369.273315
means[0][10] = 67.130096
means[1][10] = 722.411133
means[0][11] = 96.250366
means[1][11] = 339.758057
means[0][12] = 78.009789
means[1][12] = 540.711609
means[0][13] = 42.635384
means[1][13] = 535.988281
Resolution level 1 iteration 7 deformation iterations 1
Did one deformation step of max. 0.25 voxels in 8.5944 seconds

minLogLikelihoodTimesPrior =

   5.1075e+06

Resolution level 1 iteration 7 deformation iterations 2
Did one deformation step of max. 0.27429 voxels in 2.6299 seconds

minLogLikelihoodTimesPrior =

   5.1049e+06

Resolution level 1 iteration 7 deformation iterations 3
Did one deformation step of max. 0.71839 voxels in 3.5103 seconds

minLogLikelihoodTimesPrior =

   5.1032e+06

Resolution level 1 iteration 7 deformation iterations 4
Did one deformation step of max. 0.3887 voxels in 3.6028 seconds

minLogLikelihoodTimesPrior =

   5.1019e+06

Resolution level 1 iteration 7 deformation iterations 5
Did one deformation step of max. 0.4594 voxels in 2.4612 seconds

minLogLikelihoodTimesPrior =

   5.1006e+06

Resolution level 1 iteration 7 deformation iterations 6
Did one deformation step of max. 0.45196 voxels in 2.4919 seconds

minLogLikelihoodTimesPrior =

   5.0993e+06

Resolution level 1 iteration 7 deformation iterations 7
Did one deformation step of max. 0.44138 voxels in 2.6634 seconds

minLogLikelihoodTimesPrior =

   5.0981e+06

Resolution level 1 iteration 7 deformation iterations 8
Did one deformation step of max. 1.0724 voxels in 3.1308 seconds

minLogLikelihoodTimesPrior =

   5.0972e+06

Resolution level 1 iteration 7 deformation iterations 9
Did one deformation step of max. 0.64613 voxels in 3.7444 seconds

minLogLikelihoodTimesPrior =

   5.0966e+06

Resolution level 1 iteration 7 deformation iterations 10
Did one deformation step of max. 0.70228 voxels in 3.573 seconds

minLogLikelihoodTimesPrior =

   5.0960e+06

Resolution level 1 iteration 7 deformation iterations 11
Did one deformation step of max. 0.30611 voxels in 4.5399 seconds

minLogLikelihoodTimesPrior =

   5.0956e+06

Resolution level 1 iteration 7 deformation iterations 12
Did one deformation step of max. 0.58489 voxels in 3.1766 seconds

minLogLikelihoodTimesPrior =

   5.0948e+06

Resolution level 1 iteration 7 deformation iterations 13
Did one deformation step of max. 0.27041 voxels in 3.5127 seconds

minLogLikelihoodTimesPrior =

   5.0943e+06

Resolution level 1 iteration 7 deformation iterations 14
Did one deformation step of max. 0.45208 voxels in 3.0973 seconds

minLogLikelihoodTimesPrior =

   5.0935e+06

Resolution level 1 iteration 7 deformation iterations 15
Did one deformation step of max. 0.16178 voxels in 5.3934 seconds

minLogLikelihoodTimesPrior =

   5.0931e+06

Resolution level 1 iteration 7 deformation iterations 16
Did one deformation step of max. 0.26282 voxels in 3.0366 seconds

minLogLikelihoodTimesPrior =

   5.0926e+06

Resolution level 1 iteration 7 deformation iterations 17
Did one deformation step of max. 0.44633 voxels in 3.387 seconds

minLogLikelihoodTimesPrior =

   5.0922e+06

Resolution level 1 iteration 7 deformation iterations 18
Did one deformation step of max. 0.40207 voxels in 2.669 seconds

minLogLikelihoodTimesPrior =

   5.0918e+06

Resolution level 1 iteration 7 deformation iterations 19
Did one deformation step of max. 0.38189 voxels in 6.0729 seconds

minLogLikelihoodTimesPrior =

   5.0917e+06

Resolution level 1 iteration 7 deformation iterations 20
Did one deformation step of max. 0.27572 voxels in 2.9348 seconds

minLogLikelihoodTimesPrior =

   5.0915e+06

Smoothing mesh collection with kernel size 0.750000 ...Smoothing class: 0
Smoothing class: 1
Smoothing class: 2
Smoothing class: 3
Smoothing class: 4
Smoothing class: 5
Smoothing class: 6
Smoothing class: 7
Smoothing class: 8
Smoothing class: 9
Smoothing class: 10
Smoothing class: 11
Smoothing class: 12
Smoothing class: 13
done
numberOfImages = 2
Image: 0
Image: 2
Iteration 1 of 5
numberOfLabels: 14
Rasterizing mesh...here: 14
here2: 14
done

minLogLikelihood =

   5.0701e+06


minLogLikelihood =

   5.0700e+06


minLogLikelihood =

   5.0700e+06

EM converged!
numberOfClasses = 14
numberOfImages = 2
precisions[0][0][0] = 0.070638
precisions[0][1][0] = 0.005419
precisions[1][0][0] = 0.005419
precisions[1][1][0] = 0.000749
precisions[0][0][1] = 0.065543
precisions[0][1][1] = 0.005504
precisions[1][0][1] = 0.005504
precisions[1][1][1] = 0.000712
precisions[0][0][2] = 0.119909
precisions[0][1][2] = 0.000631
precisions[1][0][2] = 0.000631
precisions[1][1][2] = 0.000112
precisions[0][0][3] = 0.039052
precisions[0][1][3] = 0.002089
precisions[1][0][3] = 0.002089
precisions[1][1][3] = 0.000230
precisions[0][0][4] = 0.030787
precisions[0][1][4] = 0.001530
precisions[1][0][4] = 0.001530
precisions[1][1][4] = 0.000245
precisions[0][0][5] = 0.021095
precisions[0][1][5] = 0.001748
precisions[1][0][5] = 0.001748
precisions[1][1][5] = 0.000152
precisions[0][0][6] = 0.100135
precisions[0][1][6] = 0.001969
precisions[1][0][6] = 0.001969
precisions[1][1][6] = 0.003439
precisions[0][0][7] = 0.011710
precisions[0][1][7] = 0.000776
precisions[1][0][7] = 0.000776
precisions[1][1][7] = 0.000074
precisions[0][0][8] = 2.012408
precisions[0][1][8] = 0.193306
precisions[1][0][8] = 0.193306
precisions[1][1][8] = 0.018788
precisions[0][0][9] = 0.071905
precisions[0][1][9] = 0.006841
precisions[1][0][9] = 0.006841
precisions[1][1][9] = 0.000873
precisions[0][0][10] = 0.027366
precisions[0][1][10] = 0.001502
precisions[1][0][10] = 0.001502
precisions[1][1][10] = 0.000109
precisions[0][0][11] = 0.050909
precisions[0][1][11] = 0.003316
precisions[1][0][11] = 0.003316
precisions[1][1][11] = 0.000494
precisions[0][0][12] = 0.169245
precisions[0][1][12] = 0.006085
precisions[1][0][12] = 0.006085
precisions[1][1][12] = 0.000246
precisions[0][0][13] = 0.003651
precisions[0][1][13] = 0.000020
precisions[1][0][13] = 0.000020
precisions[1][1][13] = 0.000015
means[0][0] = 73.989937
means[1][0] = 570.434631
means[0][1] = 96.703102
means[1][1] = 373.221649
means[0][2] = 73.014168
means[1][2] = 504.596405
means[0][3] = 83.532539
means[1][3] = 570.908325
means[0][4] = 63.952358
means[1][4] = 660.883179
means[0][5] = 34.468197
means[1][5] = 1145.385254
means[0][6] = 102.940361
means[1][6] = 256.541992
means[0][7] = 91.647942
means[1][7] = 408.949982
means[0][8] = 85.999939
means[1][8] = 454.000183
means[0][9] = 94.749107
means[1][9] = 369.078979
means[0][10] = 67.565445
means[1][10] = 714.179565
means[0][11] = 96.267113
means[1][11] = 339.629730
means[0][12] = 78.005974
means[1][12] = 540.820557
means[0][13] = 42.697464
means[1][13] = 535.920471
Resolution level 2 iteration 1 deformation iterations 1
Did one deformation step of max. 0.25 voxels in 6.7927 seconds

minLogLikelihoodTimesPrior =

   5.0874e+06

Resolution level 2 iteration 1 deformation iterations 2
Did one deformation step of max. 0.45947 voxels in 3.1633 seconds

minLogLikelihoodTimesPrior =

   5.0869e+06

Resolution level 2 iteration 1 deformation iterations 3
Did one deformation step of max. 0.46496 voxels in 2.8588 seconds

minLogLikelihoodTimesPrior =

   5.0865e+06

Resolution level 2 iteration 1 deformation iterations 4
Did one deformation step of max. 0.17554 voxels in 5.1854 seconds

minLogLikelihoodTimesPrior =

   5.0865e+06

Resolution level 2 iteration 1 deformation iterations 5
Did one deformation step of max. 0.11292 voxels in 2.658 seconds

minLogLikelihoodTimesPrior =

   5.0863e+06

Resolution level 2 iteration 1 deformation iterations 6
Did one deformation step of max. 0.20529 voxels in 2.8353 seconds

minLogLikelihoodTimesPrior =

   5.0862e+06

Resolution level 2 iteration 1 deformation iterations 7
Did one deformation step of max. 0.41731 voxels in 3.0446 seconds

minLogLikelihoodTimesPrior =

   5.0859e+06

Resolution level 2 iteration 1 deformation iterations 8
Did one deformation step of max. 0.27248 voxels in 2.5242 seconds

minLogLikelihoodTimesPrior =

   5.0857e+06

Resolution level 2 iteration 1 deformation iterations 9
Did one deformation step of max. 0.15218 voxels in 3.4961 seconds

minLogLikelihoodTimesPrior =

   5.0855e+06

Resolution level 2 iteration 1 deformation iterations 10
Did one deformation step of max. 0.51091 voxels in 2.4881 seconds

minLogLikelihoodTimesPrior =

   5.0855e+06

Resolution level 2 iteration 1 deformation iterations 11
Did one deformation step of max. 0.1412 voxels in 2.7926 seconds

minLogLikelihoodTimesPrior =

   5.0854e+06

Resolution level 2 iteration 1 deformation iterations 12
Did one deformation step of max. 0.17005 voxels in 3.1727 seconds

minLogLikelihoodTimesPrior =

   5.0853e+06

Resolution level 2 iteration 1 deformation iterations 13
Did one deformation step of max. 0.26684 voxels in 2.9605 seconds

minLogLikelihoodTimesPrior =

   5.0852e+06

Resolution level 2 iteration 1 deformation iterations 14
Did one deformation step of max. 0.16431 voxels in 2.6165 seconds

minLogLikelihoodTimesPrior =

   5.0849e+06

Resolution level 2 iteration 1 deformation iterations 15
Did one deformation step of max. 0.15896 voxels in 4.053 seconds

minLogLikelihoodTimesPrior =

   5.0847e+06

Resolution level 2 iteration 1 deformation iterations 16
Did one deformation step of max. 0.29502 voxels in 3.0473 seconds

minLogLikelihoodTimesPrior =

   5.0844e+06

Resolution level 2 iteration 1 deformation iterations 17
Did one deformation step of max. 0.22168 voxels in 2.577 seconds

minLogLikelihoodTimesPrior =

   5.0838e+06

Resolution level 2 iteration 1 deformation iterations 18
Did one deformation step of max. 0.27426 voxels in 4.3787 seconds

minLogLikelihoodTimesPrior =

   5.0834e+06

Resolution level 2 iteration 1 deformation iterations 19
Did one deformation step of max. 0.25196 voxels in 4.2962 seconds

minLogLikelihoodTimesPrior =

   5.0831e+06

Resolution level 2 iteration 1 deformation iterations 20
Did one deformation step of max. 0.081123 voxels in 4.6921 seconds

minLogLikelihoodTimesPrior =

   5.0829e+06

Iteration 2 of 5
numberOfLabels: 14
Rasterizing mesh...here: 14
here2: 14
done

minLogLikelihood =

   5.0612e+06


minLogLikelihood =

   5.0611e+06


minLogLikelihood =

   5.0611e+06

EM converged!
numberOfClasses = 14
numberOfImages = 2
precisions[0][0][0] = 0.071320
precisions[0][1][0] = 0.005452
precisions[1][0][0] = 0.005452
precisions[1][1][0] = 0.000756
precisions[0][0][1] = 0.065492
precisions[0][1][1] = 0.005507
precisions[1][0][1] = 0.005507
precisions[1][1][1] = 0.000713
precisions[0][0][2] = 0.128077
precisions[0][1][2] = 0.000785
precisions[1][0][2] = 0.000785
precisions[1][1][2] = 0.000116
precisions[0][0][3] = 0.039195
precisions[0][1][3] = 0.002046
precisions[1][0][3] = 0.002046
precisions[1][1][3] = 0.000239
precisions[0][0][4] = 0.031114
precisions[0][1][4] = 0.001431
precisions[1][0][4] = 0.001431
precisions[1][1][4] = 0.000239
precisions[0][0][5] = 0.021215
precisions[0][1][5] = 0.001766
precisions[1][0][5] = 0.001766
precisions[1][1][5] = 0.000155
precisions[0][0][6] = 0.101951
precisions[0][1][6] = 0.002913
precisions[1][0][6] = 0.002913
precisions[1][1][6] = 0.003233
precisions[0][0][7] = 0.011029
precisions[0][1][7] = 0.000731
precisions[1][0][7] = 0.000731
precisions[1][1][7] = 0.000069
precisions[0][0][8] = 2.247460
precisions[0][1][8] = 0.217485
precisions[1][0][8] = 0.217485
precisions[1][1][8] = 0.021299
precisions[0][0][9] = 0.073439
precisions[0][1][9] = 0.007025
precisions[1][0][9] = 0.007025
precisions[1][1][9] = 0.000900
precisions[0][0][10] = 0.027416
precisions[0][1][10] = 0.001483
precisions[1][0][10] = 0.001483
precisions[1][1][10] = 0.000108
precisions[0][0][11] = 0.051063
precisions[0][1][11] = 0.003334
precisions[1][0][11] = 0.003334
precisions[1][1][11] = 0.000497
precisions[0][0][12] = 0.170660
precisions[0][1][12] = 0.006211
precisions[1][0][12] = 0.006211
precisions[1][1][12] = 0.000254
precisions[0][0][13] = 0.003645
precisions[0][1][13] = 0.000020
precisions[1][0][13] = 0.000020
precisions[1][1][13] = 0.000015
means[0][0] = 73.973221
means[1][0] = 570.544189
means[0][1] = 96.683212
means[1][1] = 373.421753
means[0][2] = 73.002686
means[1][2] = 504.295135
means[0][3] = 83.547035
means[1][3] = 570.564575
means[0][4] = 63.938450
means[1][4] = 661.022644
means[0][5] = 34.445320
means[1][5] = 1146.032593
means[0][6] = 102.935875
means[1][6] = 256.582916
means[0][7] = 91.638077
means[1][7] = 409.063568
means[0][8] = 85.999947
means[1][8] = 454.000153
means[0][9] = 94.752655
means[1][9] = 369.005981
means[0][10] = 67.759094
means[1][10] = 710.183594
means[0][11] = 96.268593
means[1][11] = 339.548065
means[0][12] = 78.006401
means[1][12] = 540.810486
means[0][13] = 42.712112
means[1][13] = 535.904114
Resolution level 2 iteration 2 deformation iterations 1
Did one deformation step of max. 0.25 voxels in 9.3346 seconds

minLogLikelihoodTimesPrior =

   5.0826e+06

Resolution level 2 iteration 2 deformation iterations 2
Did one deformation step of max. 0.23008 voxels in 2.6119 seconds

minLogLikelihoodTimesPrior =

   5.0824e+06

Resolution level 2 iteration 2 deformation iterations 3
Did one deformation step of max. 0.18469 voxels in 2.7973 seconds

minLogLikelihoodTimesPrior =

   5.0822e+06

Resolution level 2 iteration 2 deformation iterations 4
Did one deformation step of max. 0.26341 voxels in 4.529 seconds

minLogLikelihoodTimesPrior =

   5.0821e+06

Resolution level 2 iteration 2 deformation iterations 5
Did one deformation step of max. 0.21835 voxels in 2.8224 seconds

minLogLikelihoodTimesPrior =

   5.0818e+06

Resolution level 2 iteration 2 deformation iterations 6
Did one deformation step of max. 0.55082 voxels in 2.6524 seconds

minLogLikelihoodTimesPrior =

   5.0815e+06

Resolution level 2 iteration 2 deformation iterations 7
Did one deformation step of max. 0.37877 voxels in 3.0924 seconds

minLogLikelihoodTimesPrior =

   5.0810e+06

Resolution level 2 iteration 2 deformation iterations 8
Did one deformation step of max. 0.23871 voxels in 6.1545 seconds

minLogLikelihoodTimesPrior =

   5.0807e+06

Resolution level 2 iteration 2 deformation iterations 9
Did one deformation step of max. 0.60031 voxels in 2.7877 seconds

minLogLikelihoodTimesPrior =

   5.0803e+06

Resolution level 2 iteration 2 deformation iterations 10
Did one deformation step of max. 0.3593 voxels in 4.4755 seconds

minLogLikelihoodTimesPrior =

   5.0801e+06

Resolution level 2 iteration 2 deformation iterations 11
Did one deformation step of max. 0.16057 voxels in 5.0448 seconds

minLogLikelihoodTimesPrior =

   5.0799e+06

Resolution level 2 iteration 2 deformation iterations 12
Did one deformation step of max. 0.32252 voxels in 6.1018 seconds

minLogLikelihoodTimesPrior =

   5.0799e+06

Resolution level 2 iteration 2 deformation iterations 13
Did one deformation step of max. 0.17359 voxels in 2.8733 seconds

minLogLikelihoodTimesPrior =

   5.0798e+06

Resolution level 2 iteration 2 deformation iterations 14
Did one deformation step of max. 0.22174 voxels in 2.5154 seconds

minLogLikelihoodTimesPrior =

   5.0797e+06

Resolution level 2 iteration 2 deformation iterations 15
Did one deformation step of max. 0.04036 voxels in 8.4692 seconds

minLogLikelihoodTimesPrior =

   5.0797e+06

Resolution level 2 iteration 2 deformation iterations 16
Did one deformation step of max. 0.0299 voxels in 2.5298 seconds

minLogLikelihoodTimesPrior =

   5.0797e+06

Resolution level 2 iteration 2 deformation iterations 17
Did one deformation step of max. 0.032854 voxels in 2.5381 seconds

minLogLikelihoodTimesPrior =

   5.0797e+06

Resolution level 2 iteration 2 deformation iterations 18
Did one deformation step of max. 0.027851 voxels in 2.9814 seconds

minLogLikelihoodTimesPrior =

   5.0797e+06

Resolution level 2 iteration 2 deformation iterations 19
Did one deformation step of max. 0.016282 voxels in 13.1302 seconds

minLogLikelihoodTimesPrior =

   5.0797e+06

Resolution level 2 iteration 2 deformation iterations 20
Did one deformation step of max. 0.0023237 voxels in 2.8507 seconds

minLogLikelihoodTimesPrior =

   5.0797e+06

Iteration 3 of 5
numberOfLabels: 14
Rasterizing mesh...here: 14
here2: 14
done

minLogLikelihood =

   5.0578e+06


minLogLikelihood =

   5.0577e+06


minLogLikelihood =

   5.0577e+06

EM converged!
numberOfClasses = 14
numberOfImages = 2
precisions[0][0][0] = 0.071771
precisions[0][1][0] = 0.005471
precisions[1][0][0] = 0.005471
precisions[1][1][0] = 0.000760
precisions[0][0][1] = 0.065374
precisions[0][1][1] = 0.005511
precisions[1][0][1] = 0.005511
precisions[1][1][1] = 0.000714
precisions[0][0][2] = 0.136682
precisions[0][1][2] = 0.000911
precisions[1][0][2] = 0.000911
precisions[1][1][2] = 0.000117
precisions[0][0][3] = 0.039877
precisions[0][1][3] = 0.001999
precisions[1][0][3] = 0.001999
precisions[1][1][3] = 0.000247
precisions[0][0][4] = 0.031248
precisions[0][1][4] = 0.001363
precisions[1][0][4] = 0.001363
precisions[1][1][4] = 0.000234
precisions[0][0][5] = 0.021357
precisions[0][1][5] = 0.001784
precisions[1][0][5] = 0.001784
precisions[1][1][5] = 0.000157
precisions[0][0][6] = 0.104317
precisions[0][1][6] = 0.003486
precisions[1][0][6] = 0.003486
precisions[1][1][6] = 0.003029
precisions[0][0][7] = 0.010495
precisions[0][1][7] = 0.000695
precisions[1][0][7] = 0.000695
precisions[1][1][7] = 0.000065
precisions[0][0][8] = 2.506441
precisions[0][1][8] = 0.244332
precisions[1][0][8] = 0.244332
precisions[1][1][8] = 0.024103
precisions[0][0][9] = 0.074426
precisions[0][1][9] = 0.007136
precisions[1][0][9] = 0.007136
precisions[1][1][9] = 0.000913
precisions[0][0][10] = 0.027448
precisions[0][1][10] = 0.001460
precisions[1][0][10] = 0.001460
precisions[1][1][10] = 0.000107
precisions[0][0][11] = 0.051114
precisions[0][1][11] = 0.003349
precisions[1][0][11] = 0.003349
precisions[1][1][11] = 0.000499
precisions[0][0][12] = 0.190350
precisions[0][1][12] = 0.007153
precisions[1][0][12] = 0.007153
precisions[1][1][12] = 0.000297
precisions[0][0][13] = 0.003644
precisions[0][1][13] = 0.000020
precisions[1][0][13] = 0.000020
precisions[1][1][13] = 0.000015
means[0][0] = 73.950012
means[1][0] = 570.707214
means[0][1] = 96.656570
means[1][1] = 373.662750
means[0][2] = 72.993958
means[1][2] = 504.328217
means[0][3] = 83.566971
means[1][3] = 570.148010
means[0][4] = 63.932980
means[1][4] = 661.087158
means[0][5] = 34.447323
means[1][5] = 1146.327026
means[0][6] = 102.933319
means[1][6] = 256.617218
means[0][7] = 91.633865
means[1][7] = 409.088074
means[0][8] = 85.999947
means[1][8] = 454.000153
means[0][9] = 94.752678
means[1][9] = 368.981293
means[0][10] = 68.048569
means[1][10] = 704.382263
means[0][11] = 96.265358
means[1][11] = 339.525909
means[0][12] = 78.007309
means[1][12] = 540.792969
means[0][13] = 42.717579
means[1][13] = 535.910400
Resolution level 2 iteration 3 deformation iterations 1
Did one deformation step of max. 0.25 voxels in 7.3528 seconds

minLogLikelihoodTimesPrior =

   5.0794e+06

Resolution level 2 iteration 3 deformation iterations 2
Did one deformation step of max. 0.18812 voxels in 2.8559 seconds

minLogLikelihoodTimesPrior =

   5.0793e+06

Resolution level 2 iteration 3 deformation iterations 3
Did one deformation step of max. 0.11641 voxels in 3.4373 seconds

minLogLikelihoodTimesPrior =

   5.0792e+06

Resolution level 2 iteration 3 deformation iterations 4
Did one deformation step of max. 0.15048 voxels in 2.9371 seconds

minLogLikelihoodTimesPrior =

   5.0791e+06

Resolution level 2 iteration 3 deformation iterations 5
Did one deformation step of max. 0.19689 voxels in 2.6873 seconds

minLogLikelihoodTimesPrior =

   5.0789e+06

Resolution level 2 iteration 3 deformation iterations 6
Did one deformation step of max. 0.28596 voxels in 2.8253 seconds

minLogLikelihoodTimesPrior =

   5.0787e+06

Resolution level 2 iteration 3 deformation iterations 7
Did one deformation step of max. 0.064942 voxels in 7.3597 seconds

minLogLikelihoodTimesPrior =

   5.0787e+06

Resolution level 2 iteration 3 deformation iterations 8
Did one deformation step of max. 0.047376 voxels in 2.9322 seconds

minLogLikelihoodTimesPrior =

   5.0787e+06

Resolution level 2 iteration 3 deformation iterations 9
Did one deformation step of max. 0.062248 voxels in 3.0185 seconds

minLogLikelihoodTimesPrior =

   5.0786e+06

Resolution level 2 iteration 3 deformation iterations 10
Did one deformation step of max. 0.093375 voxels in 3.0927 seconds

minLogLikelihoodTimesPrior =

   5.0786e+06

Resolution level 2 iteration 3 deformation iterations 11
Did one deformation step of max. 0.21916 voxels in 2.8618 seconds

minLogLikelihoodTimesPrior =

   5.0785e+06

Resolution level 2 iteration 3 deformation iterations 12
Did one deformation step of max. 0.068829 voxels in 2.7895 seconds

minLogLikelihoodTimesPrior =

   5.0785e+06

Resolution level 2 iteration 3 deformation iterations 13
Did one deformation step of max. 0.035041 voxels in 3.1544 seconds

minLogLikelihoodTimesPrior =

   5.0785e+06

Resolution level 2 iteration 3 deformation iterations 14
Did one deformation step of max. 0.10514 voxels in 3.0169 seconds

minLogLikelihoodTimesPrior =

   5.0785e+06

Resolution level 2 iteration 3 deformation iterations 15
Did one deformation step of max. 0.062076 voxels in 2.6895 seconds

minLogLikelihoodTimesPrior =

   5.0785e+06

Resolution level 2 iteration 3 deformation iterations 16
Did one deformation step of max. 0.13169 voxels in 2.9479 seconds

minLogLikelihoodTimesPrior =

   5.0784e+06

Resolution level 2 iteration 3 deformation iterations 17
Did one deformation step of max. 0.090537 voxels in 3.0947 seconds

minLogLikelihoodTimesPrior =

   5.0784e+06

Resolution level 2 iteration 3 deformation iterations 18
Did one deformation step of max. 0.14409 voxels in 3.0554 seconds

minLogLikelihoodTimesPrior =

   5.0783e+06

Resolution level 2 iteration 3 deformation iterations 19
Did one deformation step of max. 0.15801 voxels in 3.1493 seconds

minLogLikelihoodTimesPrior =

   5.0782e+06

Resolution level 2 iteration 3 deformation iterations 20
Did one deformation step of max. 0.16099 voxels in 2.8543 seconds

minLogLikelihoodTimesPrior =

   5.0781e+06

Iteration 4 of 5
numberOfLabels: 14
Rasterizing mesh...here: 14
here2: 14
done

minLogLikelihood =

   5.0562e+06


minLogLikelihood =

   5.0561e+06

EM converged!
numberOfClasses = 14
numberOfImages = 2
precisions[0][0][0] = 0.071974
precisions[0][1][0] = 0.005479
precisions[1][0][0] = 0.005479
precisions[1][1][0] = 0.000761
precisions[0][0][1] = 0.065333
precisions[0][1][1] = 0.005514
precisions[1][0][1] = 0.005514
precisions[1][1][1] = 0.000714
precisions[0][0][2] = 0.140416
precisions[0][1][2] = 0.000956
precisions[1][0][2] = 0.000956
precisions[1][1][2] = 0.000118
precisions[0][0][3] = 0.040326
precisions[0][1][3] = 0.001974
precisions[1][0][3] = 0.001974
precisions[1][1][3] = 0.000250
precisions[0][0][4] = 0.031295
precisions[0][1][4] = 0.001341
precisions[1][0][4] = 0.001341
precisions[1][1][4] = 0.000233
precisions[0][0][5] = 0.021433
precisions[0][1][5] = 0.001794
precisions[1][0][5] = 0.001794
precisions[1][1][5] = 0.000158
precisions[0][0][6] = 0.105537
precisions[0][1][6] = 0.003753
precisions[1][0][6] = 0.003753
precisions[1][1][6] = 0.002936
precisions[0][0][7] = 0.010292
precisions[0][1][7] = 0.000682
precisions[1][0][7] = 0.000682
precisions[1][1][7] = 0.000064
precisions[0][0][8] = 2.619103
precisions[0][1][8] = 0.256167
precisions[1][0][8] = 0.256167
precisions[1][1][8] = 0.025354
precisions[0][0][9] = 0.074702
precisions[0][1][9] = 0.007166
precisions[1][0][9] = 0.007166
precisions[1][1][9] = 0.000916
precisions[0][0][10] = 0.027392
precisions[0][1][10] = 0.001442
precisions[1][0][10] = 0.001442
precisions[1][1][10] = 0.000106
precisions[0][0][11] = 0.051133
precisions[0][1][11] = 0.003357
precisions[1][0][11] = 0.003357
precisions[1][1][11] = 0.000500
precisions[0][0][12] = 0.202486
precisions[0][1][12] = 0.007737
precisions[1][0][12] = 0.007737
precisions[1][1][12] = 0.000324
precisions[0][0][13] = 0.003644
precisions[0][1][13] = 0.000020
precisions[1][0][13] = 0.000020
precisions[1][1][13] = 0.000015
means[0][0] = 73.937683
means[1][0] = 570.794739
means[0][1] = 96.645149
means[1][1] = 373.768158
means[0][2] = 72.991058
means[1][2] = 504.377441
means[0][3] = 83.578049
means[1][3] = 569.927124
means[0][4] = 63.930660
means[1][4] = 661.109985
means[0][5] = 34.449715
means[1][5] = 1146.434692
means[0][6] = 102.931847
means[1][6] = 256.636017
means[0][7] = 91.632294
means[1][7] = 409.091919
means[0][8] = 85.999947
means[1][8] = 454.000153
means[0][9] = 94.752243
means[1][9] = 368.976929
means[0][10] = 68.208237
means[1][10] = 701.157593
means[0][11] = 96.262604
means[1][11] = 339.523956
means[0][12] = 78.007553
means[1][12] = 540.790344
means[0][13] = 42.717728
means[1][13] = 535.906494
Resolution level 2 iteration 4 deformation iterations 1
Did one deformation step of max. 0.25 voxels in 9.3913 seconds

minLogLikelihoodTimesPrior =

   5.0779e+06

Resolution level 2 iteration 4 deformation iterations 2
Did one deformation step of max. 0.14199 voxels in 2.7723 seconds

minLogLikelihoodTimesPrior =

   5.0779e+06

Resolution level 2 iteration 4 deformation iterations 3
Did one deformation step of max. 0.20899 voxels in 3.1972 seconds

minLogLikelihoodTimesPrior =

   5.0778e+06

Resolution level 2 iteration 4 deformation iterations 4
Did one deformation step of max. 0.1723 voxels in 3.1427 seconds

minLogLikelihoodTimesPrior =

   5.0777e+06

Resolution level 2 iteration 4 deformation iterations 5
Did one deformation step of max. 0.15844 voxels in 6.1374 seconds

minLogLikelihoodTimesPrior =

   5.0777e+06

Resolution level 2 iteration 4 deformation iterations 6
Did one deformation step of max. 0.14908 voxels in 3.2527 seconds

minLogLikelihoodTimesPrior =

   5.0776e+06

Resolution level 2 iteration 4 deformation iterations 7
Did one deformation step of max. 0.24198 voxels in 3.4709 seconds

minLogLikelihoodTimesPrior =

   5.0775e+06

Resolution level 2 iteration 4 deformation iterations 8
Did one deformation step of max. 0.32048 voxels in 3.1696 seconds

minLogLikelihoodTimesPrior =

   5.0774e+06

Resolution level 2 iteration 4 deformation iterations 9
Did one deformation step of max. 0.27628 voxels in 3.1113 seconds

minLogLikelihoodTimesPrior =

   5.0772e+06

Resolution level 2 iteration 4 deformation iterations 10
Did one deformation step of max. 0.35469 voxels in 2.8199 seconds

minLogLikelihoodTimesPrior =

   5.0770e+06

Resolution level 2 iteration 4 deformation iterations 11
Did one deformation step of max. 0.14473 voxels in 4.3674 seconds

minLogLikelihoodTimesPrior =

   5.0770e+06

Resolution level 2 iteration 4 deformation iterations 12
Did one deformation step of max. 0.15561 voxels in 2.9813 seconds

minLogLikelihoodTimesPrior =

   5.0769e+06

Resolution level 2 iteration 4 deformation iterations 13
Did one deformation step of max. 0.092902 voxels in 8.4664 seconds

minLogLikelihoodTimesPrior =

   5.0769e+06

Resolution level 2 iteration 4 deformation iterations 14
Did one deformation step of max. 0.01163 voxels in 2.723 seconds

minLogLikelihoodTimesPrior =

   5.0769e+06

Resolution level 2 iteration 4 deformation iterations 15
Did one deformation step of max. 0.10025 voxels in 2.7714 seconds

minLogLikelihoodTimesPrior =

   5.0769e+06

Resolution level 2 iteration 4 deformation iterations 16
Did one deformation step of max. 0.0052627 voxels in 2.7397 seconds

minLogLikelihoodTimesPrior =

   5.0769e+06

Resolution level 2 iteration 4 deformation iterations 17
Did one deformation step of max. 0.012283 voxels in 2.9076 seconds

minLogLikelihoodTimesPrior =

   5.0769e+06

Resolution level 2 iteration 4 deformation iterations 18
Did one deformation step of max. 0.018999 voxels in 2.6159 seconds

minLogLikelihoodTimesPrior =

   5.0768e+06

Resolution level 2 iteration 4 deformation iterations 19
Did one deformation step of max. 0.027395 voxels in 2.6692 seconds

minLogLikelihoodTimesPrior =

   5.0768e+06

Resolution level 2 iteration 4 deformation iterations 20
Did one deformation step of max. 0.055848 voxels in 2.6867 seconds

minLogLikelihoodTimesPrior =

   5.0768e+06

Iteration 5 of 5
numberOfLabels: 14
Rasterizing mesh...here: 14
here2: 14
done

minLogLikelihood =

   5.0549e+06


minLogLikelihood =

   5.0548e+06

EM converged!
numberOfClasses = 14
numberOfImages = 2
precisions[0][0][0] = 0.072194
precisions[0][1][0] = 0.005486
precisions[1][0][0] = 0.005486
precisions[1][1][0] = 0.000763
precisions[0][0][1] = 0.065297
precisions[0][1][1] = 0.005518
precisions[1][0][1] = 0.005518
precisions[1][1][1] = 0.000715
precisions[0][0][2] = 0.143647
precisions[0][1][2] = 0.000989
precisions[1][0][2] = 0.000989
precisions[1][1][2] = 0.000118
precisions[0][0][3] = 0.040978
precisions[0][1][3] = 0.001945
precisions[1][0][3] = 0.001945
precisions[1][1][3] = 0.000253
precisions[0][0][4] = 0.031342
precisions[0][1][4] = 0.001318
precisions[1][0][4] = 0.001318
precisions[1][1][4] = 0.000230
precisions[0][0][5] = 0.021511
precisions[0][1][5] = 0.001803
precisions[1][0][5] = 0.001803
precisions[1][1][5] = 0.000159
precisions[0][0][6] = 0.106902
precisions[0][1][6] = 0.004035
precisions[1][0][6] = 0.004035
precisions[1][1][6] = 0.002822
precisions[0][0][7] = 0.010140
precisions[0][1][7] = 0.000672
precisions[1][0][7] = 0.000672
precisions[1][1][7] = 0.000063
precisions[0][0][8] = 2.705548
precisions[0][1][8] = 0.265394
precisions[1][0][8] = 0.265394
precisions[1][1][8] = 0.026346
precisions[0][0][9] = 0.074932
precisions[0][1][9] = 0.007191
precisions[1][0][9] = 0.007191
precisions[1][1][9] = 0.000918
precisions[0][0][10] = 0.027418
precisions[0][1][10] = 0.001429
precisions[1][0][10] = 0.001429
precisions[1][1][10] = 0.000106
precisions[0][0][11] = 0.051157
precisions[0][1][11] = 0.003365
precisions[1][0][11] = 0.003365
precisions[1][1][11] = 0.000500
precisions[0][0][12] = 0.221249
precisions[0][1][12] = 0.008563
precisions[1][0][12] = 0.008563
precisions[1][1][12] = 0.000360
precisions[0][0][13] = 0.003645
precisions[0][1][13] = 0.000019
precisions[1][0][13] = 0.000019
precisions[1][1][13] = 0.000015
means[0][0] = 73.923622
means[1][0] = 570.900146
means[0][1] = 96.633194
means[1][1] = 373.878906
means[0][2] = 72.988739
means[1][2] = 504.398773
means[0][3] = 83.591606
means[1][3] = 569.659485
means[0][4] = 63.928307
means[1][4] = 661.135803
means[0][5] = 34.458485
means[1][5] = 1146.458984
means[0][6] = 102.930229
means[1][6] = 256.657745
means[0][7] = 91.629356
means[1][7] = 409.126953
means[0][8] = 85.999947
means[1][8] = 454.000153
means[0][9] = 94.751701
means[1][9] = 368.975342
means[0][10] = 68.377167
means[1][10] = 697.954102
means[0][11] = 96.259422
means[1][11] = 339.526245
means[0][12] = 78.007645
means[1][12] = 540.790710
means[0][13] = 42.716080
means[1][13] = 535.908020
Resolution level 2 iteration 5 deformation iterations 1
Did one deformation step of max. 0.25 voxels in 8.9326 seconds

minLogLikelihoodTimesPrior =

   5.0767e+06

Resolution level 2 iteration 5 deformation iterations 2
Did one deformation step of max. 0.29204 voxels in 3.3267 seconds

minLogLikelihoodTimesPrior =

   5.0766e+06

Resolution level 2 iteration 5 deformation iterations 3
Did one deformation step of max. 0.1772 voxels in 3.3532 seconds

minLogLikelihoodTimesPrior =

   5.0766e+06

Resolution level 2 iteration 5 deformation iterations 4
Did one deformation step of max. 0.15483 voxels in 2.9764 seconds

minLogLikelihoodTimesPrior =

   5.0765e+06

Resolution level 2 iteration 5 deformation iterations 5
Did one deformation step of max. 0.16352 voxels in 3.184 seconds

minLogLikelihoodTimesPrior =

   5.0765e+06

Resolution level 2 iteration 5 deformation iterations 6
Did one deformation step of max. 0.11903 voxels in 4.1857 seconds

minLogLikelihoodTimesPrior =

   5.0764e+06

Resolution level 2 iteration 5 deformation iterations 7
Did one deformation step of max. 0.1484 voxels in 3.1545 seconds

minLogLikelihoodTimesPrior =

   5.0764e+06

Resolution level 2 iteration 5 deformation iterations 8
Did one deformation step of max. 0.24915 voxels in 2.6617 seconds

minLogLikelihoodTimesPrior =

   5.0763e+06

Resolution level 2 iteration 5 deformation iterations 9
Did one deformation step of max. 0.20144 voxels in 2.6906 seconds

minLogLikelihoodTimesPrior =

   5.0762e+06

Resolution level 2 iteration 5 deformation iterations 10
Did one deformation step of max. 0.20588 voxels in 3.2841 seconds

minLogLikelihoodTimesPrior =

   5.0761e+06

Resolution level 2 iteration 5 deformation iterations 11
Did one deformation step of max. 0.254 voxels in 2.7042 seconds

minLogLikelihoodTimesPrior =

   5.0759e+06

Resolution level 2 iteration 5 deformation iterations 12
Did one deformation step of max. 0.27582 voxels in 2.6872 seconds

minLogLikelihoodTimesPrior =

   5.0758e+06

Resolution level 2 iteration 5 deformation iterations 13
Did one deformation step of max. 0.41118 voxels in 2.6717 seconds

minLogLikelihoodTimesPrior =

   5.0756e+06

Resolution level 2 iteration 5 deformation iterations 14
Did one deformation step of max. 0.30826 voxels in 2.62 seconds

minLogLikelihoodTimesPrior =

   5.0755e+06

Resolution level 2 iteration 5 deformation iterations 15
Did one deformation step of max. 0.27939 voxels in 2.6332 seconds

minLogLikelihoodTimesPrior =

   5.0753e+06

Resolution level 2 iteration 5 deformation iterations 16
Did one deformation step of max. 0.25713 voxels in 2.6191 seconds

minLogLikelihoodTimesPrior =

   5.0752e+06

Resolution level 2 iteration 5 deformation iterations 17
Did one deformation step of max. 0.067275 voxels in 5.3455 seconds

minLogLikelihoodTimesPrior =

   5.0752e+06

Resolution level 2 iteration 5 deformation iterations 18
Did one deformation step of max. 0.014575 voxels in 2.6924 seconds

minLogLikelihoodTimesPrior =

   5.0752e+06

Resolution level 2 iteration 5 deformation iterations 19
Did one deformation step of max. 0.030417 voxels in 7.9196 seconds

minLogLikelihoodTimesPrior =

   5.0752e+06

Resolution level 2 iteration 5 deformation iterations 20
Did one deformation step of max. 0.0046501 voxels in 2.6201 seconds

minLogLikelihoodTimesPrior =

   5.0752e+06

Smoothing mesh collection with kernel size 0.000000 ...done
numberOfImages = 2
Image: 0
Image: 2
Iteration 1 of 3
numberOfLabels: 14
Rasterizing mesh...here: 14
here2: 14
done

minLogLikelihood =

   5.0522e+06


minLogLikelihood =

   5.0521e+06


minLogLikelihood =

   5.0521e+06

EM converged!
numberOfClasses = 14
numberOfImages = 2
precisions[0][0][0] = 0.072119
precisions[0][1][0] = 0.005441
precisions[1][0][0] = 0.005441
precisions[1][1][0] = 0.000756
precisions[0][0][1] = 0.064929
precisions[0][1][1] = 0.005468
precisions[1][0][1] = 0.005468
precisions[1][1][1] = 0.000703
precisions[0][0][2] = 0.132320
precisions[0][1][2] = 0.000880
precisions[1][0][2] = 0.000880
precisions[1][1][2] = 0.000119
precisions[0][0][3] = 0.037899
precisions[0][1][3] = 0.001626
precisions[1][0][3] = 0.001626
precisions[1][1][3] = 0.000246
precisions[0][0][4] = 0.030995
precisions[0][1][4] = 0.001342
precisions[1][0][4] = 0.001342
precisions[1][1][4] = 0.000225
precisions[0][0][5] = 0.021503
precisions[0][1][5] = 0.001801
precisions[1][0][5] = 0.001801
precisions[1][1][5] = 0.000159
precisions[0][0][6] = 0.108125
precisions[0][1][6] = 0.004465
precisions[1][0][6] = 0.004465
precisions[1][1][6] = 0.002611
precisions[0][0][7] = 0.009496
precisions[0][1][7] = 0.000643
precisions[1][0][7] = 0.000643
precisions[1][1][7] = 0.000062
precisions[0][0][8] = 2.852732
precisions[0][1][8] = 0.281634
precisions[1][0][8] = 0.281634
precisions[1][1][8] = 0.028133
precisions[0][0][9] = 0.074804
precisions[0][1][9] = 0.007166
precisions[1][0][9] = 0.007166
precisions[1][1][9] = 0.000908
precisions[0][0][10] = 0.027690
precisions[0][1][10] = 0.001421
precisions[1][0][10] = 0.001421
precisions[1][1][10] = 0.000106
precisions[0][0][11] = 0.050999
precisions[0][1][11] = 0.003368
precisions[1][0][11] = 0.003368
precisions[1][1][11] = 0.000498
precisions[0][0][12] = 0.697075
precisions[0][1][12] = 0.032324
precisions[1][0][12] = 0.032324
precisions[1][1][12] = 0.001525
precisions[0][0][13] = 0.003639
precisions[0][1][13] = 0.000019
precisions[1][0][13] = 0.000019
precisions[1][1][13] = 0.000015
means[0][0] = 73.887222
means[1][0] = 571.156616
means[0][1] = 96.595650
means[1][1] = 374.323395
means[0][2] = 72.998970
means[1][2] = 504.863342
means[0][3] = 83.579666
means[1][3] = 569.064331
means[0][4] = 63.934307
means[1][4] = 661.084045
means[0][5] = 34.556908
means[1][5] = 1145.361328
means[0][6] = 102.927727
means[1][6] = 256.692505
means[0][7] = 91.625458
means[1][7] = 408.952484
means[0][8] = 85.999947
means[1][8] = 454.000153
means[0][9] = 94.747231
means[1][9] = 369.007416
means[0][10] = 68.774704
means[1][10] = 690.871582
means[0][11] = 96.249718
means[1][11] = 339.621674
means[0][12] = 78.003296
means[1][12] = 540.917358
means[0][13] = 42.721561
means[1][13] = 535.952637
Resolution level 3 iteration 1 deformation iterations 1
Did one deformation step of max. 0.25 voxels in 7.4802 seconds

minLogLikelihoodTimesPrior =

   5.0742e+06

Resolution level 3 iteration 1 deformation iterations 2
Did one deformation step of max. 0.23964 voxels in 2.6792 seconds

minLogLikelihoodTimesPrior =

   5.0741e+06

Resolution level 3 iteration 1 deformation iterations 3
Did one deformation step of max. 0.13702 voxels in 5.3501 seconds

minLogLikelihoodTimesPrior =

   5.0741e+06

Resolution level 3 iteration 1 deformation iterations 4
Did one deformation step of max. 0.087149 voxels in 3.0688 seconds

minLogLikelihoodTimesPrior =

   5.0740e+06

Resolution level 3 iteration 1 deformation iterations 5
Did one deformation step of max. 0.044174 voxels in 2.9818 seconds

minLogLikelihoodTimesPrior =

   5.0740e+06

Resolution level 3 iteration 1 deformation iterations 6
Did one deformation step of max. 0.13792 voxels in 3.0672 seconds

minLogLikelihoodTimesPrior =

   5.0740e+06

Resolution level 3 iteration 1 deformation iterations 7
Did one deformation step of max. 0.14873 voxels in 3.307 seconds

minLogLikelihoodTimesPrior =

   5.0739e+06

Resolution level 3 iteration 1 deformation iterations 8
Did one deformation step of max. 0.11797 voxels in 2.9542 seconds

minLogLikelihoodTimesPrior =

   5.0739e+06

Resolution level 3 iteration 1 deformation iterations 9
Did one deformation step of max. 0.22676 voxels in 3.1613 seconds

minLogLikelihoodTimesPrior =

   5.0739e+06

Resolution level 3 iteration 1 deformation iterations 10
Did one deformation step of max. 0.026987 voxels in 3.0706 seconds

minLogLikelihoodTimesPrior =

   5.0739e+06

Resolution level 3 iteration 1 deformation iterations 11
Did one deformation step of max. 0.052722 voxels in 2.9743 seconds

minLogLikelihoodTimesPrior =

   5.0739e+06

Resolution level 3 iteration 1 deformation iterations 12
Did one deformation step of max. 0.11106 voxels in 2.5976 seconds

minLogLikelihoodTimesPrior =

   5.0738e+06

Resolution level 3 iteration 1 deformation iterations 13
Did one deformation step of max. 0.10927 voxels in 2.7497 seconds

minLogLikelihoodTimesPrior =

   5.0738e+06

Resolution level 3 iteration 1 deformation iterations 14
Did one deformation step of max. 0.12409 voxels in 4.8157 seconds

minLogLikelihoodTimesPrior =

   5.0738e+06

Resolution level 3 iteration 1 deformation iterations 15
Did one deformation step of max. 0.071442 voxels in 2.7067 seconds

minLogLikelihoodTimesPrior =

   5.0738e+06

Resolution level 3 iteration 1 deformation iterations 16
Did one deformation step of max. 0.11303 voxels in 2.6562 seconds

minLogLikelihoodTimesPrior =

   5.0737e+06

Resolution level 3 iteration 1 deformation iterations 17
Did one deformation step of max. 0.044149 voxels in 2.6607 seconds

minLogLikelihoodTimesPrior =

   5.0737e+06

Resolution level 3 iteration 1 deformation iterations 18
Did one deformation step of max. 0.097357 voxels in 5.648 seconds

minLogLikelihoodTimesPrior =

   5.0737e+06

Resolution level 3 iteration 1 deformation iterations 19
Did one deformation step of max. 0.044334 voxels in 5.6764 seconds

minLogLikelihoodTimesPrior =

   5.0737e+06

Resolution level 3 iteration 1 deformation iterations 20
Did one deformation step of max. 0.032644 voxels in 2.6857 seconds

minLogLikelihoodTimesPrior =

   5.0737e+06

Iteration 2 of 3
numberOfLabels: 14
Rasterizing mesh...here: 14
here2: 14
done

minLogLikelihood =

   5.0501e+06


minLogLikelihood =

   5.0500e+06

EM converged!
numberOfClasses = 14
numberOfImages = 2
precisions[0][0][0] = 0.072289
precisions[0][1][0] = 0.005445
precisions[1][0][0] = 0.005445
precisions[1][1][0] = 0.000756
precisions[0][0][1] = 0.064927
precisions[0][1][1] = 0.005468
precisions[1][0][1] = 0.005468
precisions[1][1][1] = 0.000703
precisions[0][0][2] = 0.132209
precisions[0][1][2] = 0.000876
precisions[1][0][2] = 0.000876
precisions[1][1][2] = 0.000119
precisions[0][0][3] = 0.038048
precisions[0][1][3] = 0.001588
precisions[1][0][3] = 0.001588
precisions[1][1][3] = 0.000246
precisions[0][0][4] = 0.031143
precisions[0][1][4] = 0.001336
precisions[1][0][4] = 0.001336
precisions[1][1][4] = 0.000224
precisions[0][0][5] = 0.021512
precisions[0][1][5] = 0.001803
precisions[1][0][5] = 0.001803
precisions[1][1][5] = 0.000159
precisions[0][0][6] = 0.108868
precisions[0][1][6] = 0.004636
precisions[1][0][6] = 0.004636
precisions[1][1][6] = 0.002554
precisions[0][0][7] = 0.009418
precisions[0][1][7] = 0.000637
precisions[1][0][7] = 0.000637
precisions[1][1][7] = 0.000061
precisions[0][0][8] = 2.906169
precisions[0][1][8] = 0.287757
precisions[1][0][8] = 0.287757
precisions[1][1][8] = 0.028832
precisions[0][0][9] = 0.074862
precisions[0][1][9] = 0.007173
precisions[1][0][9] = 0.007173
precisions[1][1][9] = 0.000908
precisions[0][0][10] = 0.027698
precisions[0][1][10] = 0.001414
precisions[1][0][10] = 0.001414
precisions[1][1][10] = 0.000106
precisions[0][0][11] = 0.051017
precisions[0][1][11] = 0.003376
precisions[1][0][11] = 0.003376
precisions[1][1][11] = 0.000499
precisions[0][0][12] = 1.223004
precisions[0][1][12] = 0.057199
precisions[1][0][12] = 0.057199
precisions[1][1][12] = 0.002702
precisions[0][0][13] = 0.003643
precisions[0][1][13] = 0.000019
precisions[1][0][13] = 0.000019
precisions[1][1][13] = 0.000015
means[0][0] = 73.879837
means[1][0] = 571.216553
means[0][1] = 96.590569
means[1][1] = 374.378845
means[0][2] = 72.997871
means[1][2] = 504.761749
means[0][3] = 83.585999
means[1][3] = 568.932251
means[0][4] = 63.930866
means[1][4] = 661.116699
means[0][5] = 34.547859
means[1][5] = 1145.543091
means[0][6] = 102.926521
means[1][6] = 256.707489
means[0][7] = 91.623978
means[1][7] = 408.968567
means[0][8] = 85.999947
means[1][8] = 454.000153
means[0][9] = 94.746979
means[1][9] = 369.008392
means[0][10] = 68.884659
means[1][10] = 689.256165
means[0][11] = 96.248604
means[1][11] = 339.617462
means[0][12] = 78.004898
means[1][12] = 540.885193
means[0][13] = 42.716431
means[1][13] = 535.950867
Resolution level 3 iteration 2 deformation iterations 1
Did one deformation step of max. 0.5 voxels in 8.6507 seconds

minLogLikelihoodTimesPrior =

   5.0736e+06

Resolution level 3 iteration 2 deformation iterations 2
Did one deformation step of max. 0.17989 voxels in 2.7398 seconds

minLogLikelihoodTimesPrior =

   5.0736e+06

Resolution level 3 iteration 2 deformation iterations 3
Did one deformation step of max. 0.19646 voxels in 2.7554 seconds

minLogLikelihoodTimesPrior =

   5.0736e+06

Resolution level 3 iteration 2 deformation iterations 4
Did one deformation step of max. 0.024066 voxels in 2.7352 seconds

minLogLikelihoodTimesPrior =

   5.0736e+06

Resolution level 3 iteration 2 deformation iterations 5
Did one deformation step of max. 0.048501 voxels in 2.7309 seconds

minLogLikelihoodTimesPrior =

   5.0736e+06

Resolution level 3 iteration 2 deformation iterations 6
Did one deformation step of max. 0.057033 voxels in 2.7049 seconds

minLogLikelihoodTimesPrior =

   5.0736e+06

Resolution level 3 iteration 2 deformation iterations 7
Did one deformation step of max. 0.28578 voxels in 2.691 seconds

minLogLikelihoodTimesPrior =

   5.0736e+06

Resolution level 3 iteration 2 deformation iterations 8
Did one deformation step of max. 0.037129 voxels in 2.6387 seconds

minLogLikelihoodTimesPrior =

   5.0736e+06

Resolution level 3 iteration 2 deformation iterations 9
Did one deformation step of max. 0.095401 voxels in 2.698 seconds

minLogLikelihoodTimesPrior =

   5.0735e+06

Resolution level 3 iteration 2 deformation iterations 10
Did one deformation step of max. 0.24075 voxels in 5.3572 seconds

minLogLikelihoodTimesPrior =

   5.0735e+06

Resolution level 3 iteration 2 deformation iterations 11
Did one deformation step of max. 0.12426 voxels in 2.8116 seconds

minLogLikelihoodTimesPrior =

   5.0735e+06

Resolution level 3 iteration 2 deformation iterations 12
Did one deformation step of max. 0.020004 voxels in 2.7051 seconds

minLogLikelihoodTimesPrior =

   5.0735e+06

Resolution level 3 iteration 2 deformation iterations 13
Did one deformation step of max. 0.055607 voxels in 2.7279 seconds

minLogLikelihoodTimesPrior =

   5.0735e+06

Resolution level 3 iteration 2 deformation iterations 14
Did one deformation step of max. 0.31079 voxels in 2.7157 seconds

minLogLikelihoodTimesPrior =

   5.0734e+06

Resolution level 3 iteration 2 deformation iterations 15
Did one deformation step of max. 0.25879 voxels in 2.7061 seconds

minLogLikelihoodTimesPrior =

   5.0734e+06

Resolution level 3 iteration 2 deformation iterations 16
Did one deformation step of max. 0.032059 voxels in 2.6295 seconds

minLogLikelihoodTimesPrior =

   5.0734e+06

Resolution level 3 iteration 2 deformation iterations 17
Did one deformation step of max. 0.064379 voxels in 2.722 seconds

minLogLikelihoodTimesPrior =

   5.0734e+06

Resolution level 3 iteration 2 deformation iterations 18
Did one deformation step of max. 0.075784 voxels in 5.3978 seconds

minLogLikelihoodTimesPrior =

   5.0734e+06

Resolution level 3 iteration 2 deformation iterations 19
Did one deformation step of max. 0.11134 voxels in 3.2134 seconds

minLogLikelihoodTimesPrior =

   5.0734e+06

Resolution level 3 iteration 2 deformation iterations 20
Did one deformation step of max. 0.076717 voxels in 3.6393 seconds

minLogLikelihoodTimesPrior =

   5.0734e+06

Iteration 3 of 3
numberOfLabels: 14
Rasterizing mesh...here: 14
here2: 14
done

minLogLikelihood =

   5.0494e+06


minLogLikelihood =

   5.0494e+06

EM converged!
numberOfClasses = 14
numberOfImages = 2
precisions[0][0][0] = 0.072390
precisions[0][1][0] = 0.005445
precisions[1][0][0] = 0.005445
precisions[1][1][0] = 0.000756
precisions[0][0][1] = 0.064915
precisions[0][1][1] = 0.005471
precisions[1][0][1] = 0.005471
precisions[1][1][1] = 0.000704
precisions[0][0][2] = 0.132633
precisions[0][1][2] = 0.000879
precisions[1][0][2] = 0.000879
precisions[1][1][2] = 0.000119
precisions[0][0][3] = 0.038379
precisions[0][1][3] = 0.001563
precisions[1][0][3] = 0.001563
precisions[1][1][3] = 0.000247
precisions[0][0][4] = 0.031265
precisions[0][1][4] = 0.001329
precisions[1][0][4] = 0.001329
precisions[1][1][4] = 0.000222
precisions[0][0][5] = 0.021518
precisions[0][1][5] = 0.001805
precisions[1][0][5] = 0.001805
precisions[1][1][5] = 0.000159
precisions[0][0][6] = 0.109401
precisions[0][1][6] = 0.004778
precisions[1][0][6] = 0.004778
precisions[1][1][6] = 0.002503
precisions[0][0][7] = 0.009385
precisions[0][1][7] = 0.000634
precisions[1][0][7] = 0.000634
precisions[1][1][7] = 0.000061
precisions[0][0][8] = 2.950556
precisions[0][1][8] = 0.293001
precisions[1][0][8] = 0.293001
precisions[1][1][8] = 0.029448
precisions[0][0][9] = 0.074905
precisions[0][1][9] = 0.007178
precisions[1][0][9] = 0.007178
precisions[1][1][9] = 0.000909
precisions[0][0][10] = 0.027718
precisions[0][1][10] = 0.001410
precisions[1][0][10] = 0.001410
precisions[1][1][10] = 0.000107
precisions[0][0][11] = 0.051035
precisions[0][1][11] = 0.003382
precisions[1][0][11] = 0.003382
precisions[1][1][11] = 0.000500
precisions[0][0][12] = 1.592502
precisions[0][1][12] = 0.074382
precisions[1][0][12] = 0.074382
precisions[1][1][12] = 0.003501
precisions[0][0][13] = 0.003643
precisions[0][1][13] = 0.000019
precisions[1][0][13] = 0.000019
precisions[1][1][13] = 0.000015
means[0][0] = 73.872978
means[1][0] = 571.271606
means[0][1] = 96.585510
means[1][1] = 374.425568
means[0][2] = 72.997162
means[1][2] = 504.742859
means[0][3] = 83.591492
means[1][3] = 568.814209
means[0][4] = 63.928867
means[1][4] = 661.133240
means[0][5] = 34.540936
means[1][5] = 1145.687866
means[0][6] = 102.925354
means[1][6] = 256.721497
means[0][7] = 91.621185
means[1][7] = 409.005829
means[0][8] = 85.999947
means[1][8] = 454.000153
means[0][9] = 94.746979
means[1][9] = 369.007202
means[0][10] = 68.991089
means[1][10] = 687.640625
means[0][11] = 96.247551
means[1][11] = 339.610748
means[0][12] = 78.005257
means[1][12] = 540.877319
means[0][13] = 42.715599
means[1][13] = 535.959900
Resolution level 3 iteration 3 deformation iterations 1
Did one deformation step of max. 0.125 voxels in 9.0578 seconds

minLogLikelihoodTimesPrior =

   5.0733e+06

Resolution level 3 iteration 3 deformation iterations 2
Did one deformation step of max. 0.004562 voxels in 2.7066 seconds

minLogLikelihoodTimesPrior =

   5.0733e+06

Resolution level 3 iteration 3 deformation iterations 3
Did one deformation step of max. 0.01448 voxels in 2.6857 seconds

minLogLikelihoodTimesPrior =

   5.0733e+06

Resolution level 3 iteration 3 deformation iterations 4
Did one deformation step of max. 0.010241 voxels in 2.6882 seconds

minLogLikelihoodTimesPrior =

   5.0733e+06

Resolution level 3 iteration 3 deformation iterations 5
Did one deformation step of max. 0.038919 voxels in 2.7072 seconds

minLogLikelihoodTimesPrior =

   5.0733e+06

Resolution level 3 iteration 3 deformation iterations 6
Did one deformation step of max. 0.021578 voxels in 2.6877 seconds

minLogLikelihoodTimesPrior =

   5.0733e+06

Resolution level 3 iteration 3 deformation iterations 7
Did one deformation step of max. 0.044231 voxels in 2.6816 seconds

minLogLikelihoodTimesPrior =

   5.0733e+06

Resolution level 3 iteration 3 deformation iterations 8
Did one deformation step of max. 0.066661 voxels in 2.5988 seconds

minLogLikelihoodTimesPrior =

   5.0733e+06

Resolution level 3 iteration 3 deformation iterations 9
Did one deformation step of max. 0.078574 voxels in 2.6878 seconds

minLogLikelihoodTimesPrior =

   5.0733e+06

Resolution level 3 iteration 3 deformation iterations 10
Did one deformation step of max. 0.11036 voxels in 2.6725 seconds

minLogLikelihoodTimesPrior =

   5.0733e+06

Resolution level 3 iteration 3 deformation iterations 11
Did one deformation step of max. 0.11781 voxels in 2.6785 seconds

minLogLikelihoodTimesPrior =

   5.0732e+06

Resolution level 3 iteration 3 deformation iterations 12
Did one deformation step of max. 0.11846 voxels in 2.6378 seconds

minLogLikelihoodTimesPrior =

   5.0732e+06

Resolution level 3 iteration 3 deformation iterations 13
Did one deformation step of max. 0.17231 voxels in 2.7002 seconds

minLogLikelihoodTimesPrior =

   5.0731e+06

Resolution level 3 iteration 3 deformation iterations 14
Did one deformation step of max. 0.21808 voxels in 2.6685 seconds

minLogLikelihoodTimesPrior =

   5.0731e+06

Resolution level 3 iteration 3 deformation iterations 15
Did one deformation step of max. 0.23316 voxels in 2.6779 seconds

minLogLikelihoodTimesPrior =

   5.0730e+06

Resolution level 3 iteration 3 deformation iterations 16
Did one deformation step of max. 0.24396 voxels in 2.5915 seconds

minLogLikelihoodTimesPrior =

   5.0730e+06

Resolution level 3 iteration 3 deformation iterations 17
Did one deformation step of max. 0.3969 voxels in 2.6667 seconds

minLogLikelihoodTimesPrior =

   5.0729e+06

Resolution level 3 iteration 3 deformation iterations 18
Did one deformation step of max. 0.13364 voxels in 2.687 seconds

minLogLikelihoodTimesPrior =

   5.0729e+06

Resolution level 3 iteration 3 deformation iterations 19
Did one deformation step of max. 0.23232 voxels in 2.8993 seconds

minLogLikelihoodTimesPrior =

   5.0728e+06

Resolution level 3 iteration 3 deformation iterations 20
Did one deformation step of max. 0.15925 voxels in 5.8899 seconds

minLogLikelihoodTimesPrior =

   5.0728e+06

Fitting mesh to image data mask took 1330.8584 seconds
numberOfLabels: 25
Rasterizing mesh...here: 25
here2: 25
done
Transforming points
Transforming points
Transforming points
Transforming points
Transforming points
Transforming points
Transforming points
Transforming points
Transforming points
Transforming points
Transforming points
Transforming points
Transforming points
Transforming points
Transforming points
Transforming points
Transforming points
Transforming points
Transforming points
Transforming points
Transforming points
Transforming points
Transforming points
Transforming points
Transforming points
Transforming points
Transforming points
Transforming points
Transforming points
Transforming points
Transforming points
Transforming points
Transforming points
Transforming points
Transforming points
Transforming points
Transforming points
Transforming points
Transforming points
Transforming points
I am WriteImage and I'm running! 
Wrote image to file image1.mgz
I am WriteImage and I'm running! 
Wrote image to file image2.mgz
INFO: dst volume info differs from the one stored in lta.  gets modified now.
volume geometry:
extent  : (200, 481, 209)
voxel   : ( 0.3333,  0.3333,  0.3333)
x_(ras) : ( 1.0000,  0.0000,  0.0000)
y_(ras) : ( 0.0000,  1.0000,  0.0000)
z_(ras) : ( 0.0000,  0.0000,  1.0000)
c_(ras) : (-20.0000, -6.0000, -16.0000)
file    : T2isotropic.mgz
volume geometry:
extent  : (320, 320, 320)
voxel   : ( 0.8000,  0.8000,  0.8000)
x_(ras) : ( 1.0000,  0.0000,  0.0000)
y_(ras) : ( 0.0000,  1.0000,  0.0000)
z_(ras) : ( 0.0000,  0.0000,  1.0000)
c_(ras) : ( 0.4000,  0.4000,  0.4000)
file    : /home/surly-raid1/kendrick-data/nsd/ppdata/NSD134-structurals/T2_0pt8_masked.nii.gz
Constructing image-to-world transform from header information (asmr1.mgz)
Returning the following transform: 
AffineTransform (0x7efaca0d88d0)
  RTTI typeinfo:   itk::AffineTransform<double, 3u>
  Reference Count: 1
  Modified Time: 377141596
  Debug: Off
  Object Name: 
  Observers: 
    none
  Matrix: 
    0.33333 0 0 
    0 0.33333 0 
    0 0 0.33333 
  Offset: [-53.333, -86.1659, -50.833]
  Center: [0, 0, 0]
  Translation: [-53.333, -86.1659, -50.833]
  Inverse: 
    3.00003 0 0 
    0 3.00003 0 
    0 0 3.00003 
  Singular: 0
Constructing image-to-world transform from header information (/home/stone-ext1/freesurfer/subjects/FS6EXPERT_subj01/tmp/hippoSF_T1T2_v10_HST1T2_left/imageDump.mgz)
Returning the following transform: 
AffineTransform (0x7efaca0d88d0)
  RTTI typeinfo:   itk::AffineTransform<double, 3u>
  Reference Count: 1
  Modified Time: 377148628
  Debug: Off
  Object Name: 
  Observers: 
    none
  Matrix: 
    0.297256 -0.0295873 0.0636061 
    0.0305674 0.22146 0.100959 
    -0.00455287 -0.116387 0.293741 
  Offset: [-39.5981, -38.9719, -14.3492]
  Center: [0, 0, 0]
  Translation: [-39.5981, -38.9719, -14.3492]
  Inverse: 
    3.34693 0.0561331 -0.744031 
    -0.41132 3.81775 -1.22309 
    -0.111098 1.51354 2.90821 
  Singular: 0
Transform before cropping: 
AffineTransform (0x7efaca0d88d0)
  RTTI typeinfo:   itk::AffineTransform<double, 3u>
  Reference Count: 1
  Modified Time: 377148630
  Debug: Off
  Object Name: 
  Observers: 
    none
  Matrix: 
    0.891777 -0.0887626 0.19082 
    0.0917032 0.664387 0.30288 
    -0.0136588 -0.349164 0.881233 
  Offset: [41.2051, 141.583, 109.452]
  Center: [0, 0, 0]
  Translation: [41.2051, 141.583, 109.452]
  Inverse: 
    1.11563 0.0187109 -0.248008 
    -0.137105 1.27257 -0.407694 
    -0.0370322 0.50451 0.969393 
  Singular: 0
WorldToImageTransform before cropping: 
AffineTransform (0x7efacdbd4a10)
  RTTI typeinfo:   itk::AffineTransform<double, 3u>
  Reference Count: 1
  Modified Time: 377148632
  Debug: Off
  Object Name: 
  Observers: 
    none
  Matrix: 
    3.00003 0 0 
    0 3.00003 0 
    0 0 3.00003 
  Offset: [160.001, 258.5, 152.5]
  Center: [0, 0, 0]
  Translation: [160.001, 258.5, 152.5]
  Inverse: 
    0.33333 0 0 
    0 0.33333 0 
    0 0 0.33333 
  Singular: 0
 m_BoundingBoxSize: [131, 241,99]
 minimalMappedCoordinate: [19.902, 141.583,23.8774]
 maximalMappedCoordinate: [175.836, 342.64,195.813]
Cropping with min [4  121  6]
          and max [191  363  213]
m_OriginalImageRegion before checking margins: ImageRegion (0x7efa9fd6ff18)
  Dimension: 3
  Index: [4, 121, 6]
  Size: [188, 243, 208]

m_CroppedImageRegion before checking margins: ImageRegion (0x7efa9fd6fee0)
  Dimension: 3
  Index: [0, 0, 0]
  Size: [188, 243, 208]


m_OriginalImageRegion after checking margins: ImageRegion (0x7efa9fd6ff18)
  Dimension: 3
  Index: [4, 121, 6]
  Size: [188, 243, 203]

m_CroppedImageRegion after checking margins: ImageRegion (0x7efa9fd6fee0)
  Dimension: 3
  Index: [0, 0, 0]
  Size: [188, 243, 203]

Transform after cropping: 
AffineTransform (0x7efaca0d88d0)
  RTTI typeinfo:   itk::AffineTransform<double, 3u>
  Reference Count: 1
  Modified Time: 377155664
  Debug: Off
  Object Name: 
  Observers: 
    none
  Matrix: 
    0.891777 -0.0887626 0.19082 
    0.0917032 0.664387 0.30288 
    -0.0136588 -0.349164 0.881233 
  Offset: [37.2051, 20.5834, 103.452]
  Center: [0, 0, 0]
  Translation: [37.2051, 20.5834, 103.452]
  Inverse: 
    1.11563 0.0187109 -0.248008 
    -0.137105 1.27257 -0.407694 
    -0.0370322 0.50451 0.969393 
  Singular: 0
WorldToImageTransform after cropping: 
AffineTransform (0x7efacdbd4a10)
  RTTI typeinfo:   itk::AffineTransform<double, 3u>
  Reference Count: 1
  Modified Time: 377155665
  Debug: Off
  Object Name: 
  Observers: 
    none
  Matrix: 
    3.00003 0 0 
    0 3.00003 0 
    0 0 3.00003 
  Offset: [156.001, 137.5, 146.5]
  Center: [0, 0, 0]
  Translation: [156.001, 137.5, 146.5]
  Inverse: 
    0.33333 0 0 
    0 0.33333 0 
    0 0 0.33333 
  Singular: 0
I am WriteImage and I'm running! 
Wrote image to file asmr2.mgz
This file does not contain MRI parameters
This file does not contain MRI parameters
This file does not contain MRI parameters
numberOfLabels: 25
Rasterizing mesh...here: 25
here2: 25
done
mri_convert.bin discreteLabels.mgz discreteLabelsResampledT1.mgz -rt nearest -odt float -rl /home/stone-ext1/freesurfer/subjects/FS6EXPERT_subj01/mri/norm.mgz -ait /home/stone-ext1/freesurfer/subjects/FS6EXPERT_subj01/tmp/hippoSF_T1T2_v10_HST1T2_left//T1toT2.lta 
$Id: mri_convert.c,v 1.226 2016/02/26 16:15:24 mreuter Exp $
reading from discreteLabels.mgz...
TR=1000.00, TE=0.00, TI=0.00, flip angle=0.00
i_ras = (1, 0, 0)
j_ras = (0, 1, 0)
k_ras = (0, 0, 1)
INFO: Reading transformation from file /home/stone-ext1/freesurfer/subjects/FS6EXPERT_subj01/tmp/hippoSF_T1T2_v10_HST1T2_left//T1toT2.lta...
Reading transform with LTAreadEx()
reading template info from volume /home/stone-ext1/freesurfer/subjects/FS6EXPERT_subj01/mri/norm.mgz...
INFO: Applying transformation from file /home/stone-ext1/freesurfer/subjects/FS6EXPERT_subj01/tmp/hippoSF_T1T2_v10_HST1T2_left//T1toT2.lta...
---------------------------------
INFO: Transform Matrix (linear_ras_to_ras)
 0.99999  -0.00320  -0.00026  -0.06499;
 0.00320   0.99999   0.00013  -0.06512;
 0.00026  -0.00013   1.00000  -0.00531;
 0.00000   0.00000   0.00000   1.00000;
---------------------------------
Applying LTAtransformInterp (resample_type 0)
writing to discreteLabelsResampledT1.mgz...
Inverting LTA

Matrix from LTA:
-0.99999  -0.00320  -0.00026  -0.06657;
-0.00026   0.00013   1.00000   0.00524;
 0.00320  -0.99999   0.00013  -0.06357;
 0.00000   0.00000   0.00000   1.00000;

discreteLabels.mgz /home/stone-ext1/freesurfer/subjects/FS6EXPERT_subj01/mri/norm.mgz
INFO: src volume info differs from the one stored in lta. gets modified now.
volume geometry:
extent  : (192, 364, 214)
voxel   : ( 0.3333,  0.3333,  0.3333)
x_(ras) : ( 1.0000,  0.0000,  0.0000)
y_(ras) : ( 0.0000,  1.0000,  0.0000)
z_(ras) : ( 0.0000,  0.0000,  1.0000)
c_(ras) : (-21.3333, -25.4998, -15.1667)
file    : /home/stone-ext1/freesurfer/subjects/FS6EXPERT_subj01/tmp/hippoSF_T1T2_v10_HST1T2_left/discreteLabels.mgz
volume geometry:
extent  : (320, 320, 320)
voxel   : ( 0.8000,  0.8000,  0.8000)
x_(ras) : ( 1.0000,  0.0000,  0.0000)
y_(ras) : ( 0.0000,  1.0000,  0.0000)
z_(ras) : ( 0.0000,  0.0000,  1.0000)
c_(ras) : ( 0.4000,  0.4000,  0.4000)
file    : /home/surly-raid1/kendrick-data/nsd/ppdata/NSD134-structurals/T2_0pt8_masked.nii.gz
movvol discreteLabels.mgz
targvol /home/stone-ext1/freesurfer/subjects/FS6EXPERT_subj01/mri/norm.mgz
outvol discreteLabelsT1space.mgz
regfile /home/stone-ext1/freesurfer/subjects/FS6EXPERT_subj01/tmp/hippoSF_T1T2_v10_HST1T2_left//T1toT2.lta
invert 0
tal    0
talres 2
regheader 0
noresample 1
interp  trilinear (1)
precision  float (3)
Gdiag_no  -1
Synth      0
SynthSeed  1558334760

Final tkRAS-to-tkRAS Matrix is:
-0.99999  -0.00320  -0.00026  -21.79988;
-0.00026   0.00013   1.00000   15.57194;
 0.00320  -0.99999   0.00013  -25.96338;
 0.00000   0.00000   0.00000   1.00000;

Not resampling, only changing vox2ras matrix
To check registration, run:

  tkregister2 --mov discreteLabelsT1space.mgz --targ /home/stone-ext1/freesurfer/subjects/FS6EXPERT_subj01/mri/norm.mgz --regheader --reg /tmp/reg 

mri_vol2vol done
Inverting LTA

Matrix from LTA:
-0.99999  -0.00320  -0.00026  -0.06657;
-0.00026   0.00013   1.00000   0.00524;
 0.00320  -0.99999   0.00013  -0.06357;
 0.00000   0.00000   0.00000   1.00000;

/home/surly-raid1/kendrick-data/nsd/ppdata/NSD134-structurals/T2_0pt8_masked.nii.gz /home/stone-ext1/freesurfer/subjects/FS6EXPERT_subj01/mri/norm.mgz
movvol /home/surly-raid1/kendrick-data/nsd/ppdata/NSD134-structurals/T2_0pt8_masked.nii.gz
targvol /home/stone-ext1/freesurfer/subjects/FS6EXPERT_subj01/mri/norm.mgz
outvol T2inT1space.mgz
regfile /home/stone-ext1/freesurfer/subjects/FS6EXPERT_subj01/tmp/hippoSF_T1T2_v10_HST1T2_left//T1toT2.lta
invert 0
tal    0
talres 2
regheader 0
noresample 1
interp  trilinear (1)
precision  float (3)
Gdiag_no  -1
Synth      0
SynthSeed  1557406842

Final tkRAS-to-tkRAS Matrix is:
-0.99999  -0.00320  -0.00026  -0.06657;
-0.00026   0.00013   1.00000   0.00529;
 0.00320  -0.99999   0.00013  -0.06357;
 0.00000   0.00000   0.00000   1.00000;

Not resampling, only changing vox2ras matrix
To check registration, run:

  tkregister2 --mov T2inT1space.mgz --targ /home/stone-ext1/freesurfer/subjects/FS6EXPERT_subj01/mri/norm.mgz --regheader --reg /tmp/reg 

mri_vol2vol done
mv: cannot stat ‘volumesAmygdala.txt’: No such file or directory
Everything done!
It took 2189.1494 seconds 
#--------------------------------------------
#@# Hippocampal Subfields processing (T1 + T2 volume) right Thu May  9 04:04:15 CDT 2019
------------------------------------------
Setting up environment variables
---
LD_LIBRARY_PATH is .:/home/stone/software/freesurfer_stable_600/MCRv80/runtime/glnxa64:/home/stone/software/freesurfer_stable_600/MCRv80/bin/glnxa64:/home/stone/software/freesurfer_stable_600/MCRv80/sys/os/glnxa64:/home/stone/software/freesurfer_stable_600/MCRv80/sys/java/jre/glnxa64/jre/lib/amd64/native_threads:/home/stone/software/freesurfer_stable_600/MCRv80/sys/java/jre/glnxa64/jre/lib/amd64/server:/home/stone/software/freesurfer_stable_600/MCRv80/sys/java/jre/glnxa64/jre/lib/amd64/client:/home/stone/software/freesurfer_stable_600/MCRv80/sys/java/jre/glnxa64/jre/lib/amd64:/opt/local/fsl-5.0.7/fsl/lib:/usr/lib/x86_64-linux-gnu/
Found transform from T1 space to additional volume; no need to register
Registering imageDump.mgz to hippocampal mask from ASEG
This file does not contain MRI parameters
$Id: mri_robust_register.cpp,v 1.77 2016/01/20 23:36:17 greve Exp $

--mov: Using imageDump.mgz as movable/source volume.
--dst: Using /home/stone-ext1/freesurfer/subjects/FS6EXPERT_subj01/tmp/hippoSF_T1T2_v10_HST1T2_right//hippoAmygBinaryMask_autoCropped.mgz as target volume.
--lta: Output transform as trash.lta . 
--mapmovhdr: Will save header adjusted movable as imageDump_coregistered.mgz !
--sat: Using saturation 50 in M-estimator!

reading source 'imageDump.mgz'...
reading target '/home/stone-ext1/freesurfer/subjects/FS6EXPERT_subj01/tmp/hippoSF_T1T2_v10_HST1T2_right//hippoAmygBinaryMask_autoCropped.mgz'...

Registration::setSourceAndTarget(MRI s, MRI t, keeptype = TRUE )
   Type Source : 4  Type Target : 3  ensure both FLOAT (3)
   Reordering axes in mov to better fit dst... ( 1 3 -2 )
MRIreorder() -----------
xdim=1 ydim=3 zdim=-2
src 131 241 99, 0.250000 0.250000 0.250000
dst 131 99 241, 0.250000 0.250000 0.250000
 Determinant after swap : 0.015625
   Mov: (0.25, 0.25, 0.25)mm  and dim (131, 99, 241)
   Dst: (1, 1, 1)mm  and dim (38, 44, 56)
   Asserting both images: 1mm isotropic 
    - reslicing Mov ...
       -- changing data type from 4 to 3 (noscale = 0)...
       -- Original : (0.25, 0.25, 0.25)mm and (131, 99, 241) voxels.
       -- Resampled: (1, 1, 1)mm and (38, 44, 61) voxels.
       -- Reslicing using cubic bspline 
MRItoBSpline degree 3
    - reslicing Dst ...
       -- Original : (1, 1, 1)mm and (38, 44, 56) voxels.
       -- Resampled: (1, 1, 1)mm and (38, 44, 61) voxels.
       -- Reslicing using cubic bspline 
MRItoBSpline degree 3


 Registration::computeMultiresRegistration 
   - computing centroids 
   - computing initial transform
     -- using translation info
   - Get Gaussian Pyramid Limits ( min size: 16 max size: -1 ) 
   - Build Gaussian Pyramid ( Limits min steps: 0 max steps: 1 ) 
   - Build Gaussian Pyramid ( Limits min steps: 0 max steps: 1 ) 
   - initial transform:
Ti = [ ...
 1.0000000000000                0                0 -1.4443573653242 
               0  1.0000000000000                0  1.7147987103663 
               0                0  1.0000000000000 -3.3751084444337 
               0                0                0  1.0000000000000  ]

   - initial iscale:  Ii =1

Resolution: 1  S( 19 22 30 )  T( 19 22 30 )
 Iteration(f): 1
     -- diff. to prev. transform: 8.10218
 Iteration(f): 2
     -- diff. to prev. transform: 5.93702
 Iteration(f): 3
     -- diff. to prev. transform: 6.43481
 Iteration(f): 4
     -- diff. to prev. transform: 6.01648
 Iteration(f): 5
     -- diff. to prev. transform: 0.812059 max it: 5 reached!

Resolution: 0  S( 38 44 61 )  T( 38 44 61 )
 Iteration(f): 1
     -- diff. to prev. transform: 9.92184
 Iteration(f): 2
     -- diff. to prev. transform: 3.11571
 Iteration(f): 3
     -- diff. to prev. transform: 1.05211
 Iteration(f): 4
     -- diff. to prev. transform: 0.379365
 Iteration(f): 5
     -- diff. to prev. transform: 0.15248 max it: 5 reached!

   - final transform: 
Tf = [ ...
 0.9846505839417  0.1742482220798  0.0100391556033 -5.3106401758429 
-0.1598545169068  0.8772339239367  0.4526667384723 -9.2079146986886 
 0.0700696865106 -0.4473233727368  0.8916232608202  9.8806166153108 
               0                0                0  1.0000000000000  ]

   - final iscale:  If = 1

**********************************************************
*
* WARNING: Registration did not converge in 5 steps! 
*          Problem might be ill posed. 
*          Please inspect output manually!
*
**********************************************************

Final Transform:
Adjusting final transform due to initial resampling (voxel or size changes) ...
M = [ ...
 0.2461626459854  0.0025097889008 -0.0435620555200  3.2240528688296 
-0.0399636292267  0.1131666846181 -0.2193084809842 20.4778248756974 
 0.0175174216276  0.2229058152051  0.1118308431842 -7.3660018294362 
               0                0                0  1.0000000000000  ]

 Determinant : 0.015625


writing output transformation to trash.lta ...
converting VOX to RAS and saving RAS2RAS...

mapmovhdr: Changing vox2ras MOV header (to map to DST) ...

To check aligned result, run:
  freeview -v /home/stone-ext1/freesurfer/subjects/FS6EXPERT_subj01/tmp/hippoSF_T1T2_v10_HST1T2_right//hippoAmygBinaryMask_autoCropped.mgz imageDump_coregistered.mgz


Registration took 0 minutes and 2 seconds.

 Thank you for using RobustRegister! 
 If you find it useful and use it for a publication, please cite: 

 Highly Accurate Inverse Consistent Registration: A Robust Approach
 M. Reuter, H.D. Rosas, B. Fischl.  NeuroImage 53(4):1181-1196, 2010.
 http://dx.doi.org/10.1016/j.neuroimage.2010.07.020
 http://reuter.mit.edu/papers/reuter-robreg10.pdf

$Id: mri_robust_register.cpp,v 1.77 2016/01/20 23:36:17 greve Exp $

--mov: Using imageDump.mgz as movable/source volume.
--dst: Using /home/stone-ext1/freesurfer/subjects/FS6EXPERT_subj01/tmp/hippoSF_T1T2_v10_HST1T2_right//hippoAmygBinaryMask_autoCropped.mgz as target volume.
--lta: Output transform as trash.lta . 
--mapmovhdr: Will save header adjusted movable as imageDump_coregistered.mgz !
--affine: Enableing affine transform!
--sat: Using saturation 50 in M-estimator!

reading source 'imageDump.mgz'...
reading target '/home/stone-ext1/freesurfer/subjects/FS6EXPERT_subj01/tmp/hippoSF_T1T2_v10_HST1T2_right//hippoAmygBinaryMask_autoCropped.mgz'...

Registration::setSourceAndTarget(MRI s, MRI t, keeptype = TRUE )
   Type Source : 4  Type Target : 3  ensure both FLOAT (3)
   Reordering axes in mov to better fit dst... ( 1 3 -2 )
MRIreorder() -----------
xdim=1 ydim=3 zdim=-2
src 131 241 99, 0.250000 0.250000 0.250000
dst 131 99 241, 0.250000 0.250000 0.250000
 Determinant after swap : 0.015625
   Mov: (0.25, 0.25, 0.25)mm  and dim (131, 99, 241)
   Dst: (1, 1, 1)mm  and dim (38, 44, 56)
   Asserting both images: 1mm isotropic 
    - reslicing Mov ...
       -- changing data type from 4 to 3 (noscale = 0)...
       -- Original : (0.25, 0.25, 0.25)mm and (131, 99, 241) voxels.
       -- Resampled: (1, 1, 1)mm and (38, 44, 61) voxels.
       -- Reslicing using cubic bspline 
MRItoBSpline degree 3
    - reslicing Dst ...
       -- Original : (1, 1, 1)mm and (38, 44, 56) voxels.
       -- Resampled: (1, 1, 1)mm and (38, 44, 61) voxels.
       -- Reslicing using cubic bspline 
MRItoBSpline degree 3


 Registration::computeMultiresRegistration 
   - computing centroids 
   - computing initial transform
     -- using translation info
   - Get Gaussian Pyramid Limits ( min size: 16 max size: -1 ) 
   - Build Gaussian Pyramid ( Limits min steps: 0 max steps: 1 ) 
   - Build Gaussian Pyramid ( Limits min steps: 0 max steps: 1 ) 
   - initial transform:
Ti = [ ...
 1.0000000000000                0                0 -1.4443511128722 
               0  1.0000000000000                0  1.7147985597300 
               0                0  1.0000000000000 -3.3751081015129 
               0                0                0  1.0000000000000  ]

   - initial iscale:  Ii =1

Resolution: 1  S( 19 22 30 )  T( 19 22 30 )
 Iteration(f): 1
     -- diff. to prev. transform: 8.20328
 Iteration(f): 2
     -- diff. to prev. transform: 7.85421
 Iteration(f): 3
     -- diff. to prev. transform: 6.74409
 Iteration(f): 4
     -- diff. to prev. transform: 6.13332
 Iteration(f): 5
     -- diff. to prev. transform: 4.8531 max it: 5 reached!

Resolution: 0  S( 38 44 61 )  T( 38 44 61 )
 Iteration(f): 1
     -- diff. to prev. transform: 15.0838
 Iteration(f): 2
     -- diff. to prev. transform: 2.82337
 Iteration(f): 3
     -- diff. to prev. transform: 0.78279
 Iteration(f): 4
     -- diff. to prev. transform: 0.277296
 Iteration(f): 5
     -- diff. to prev. transform: 0.0862139 max it: 5 reached!

   - final transform: 
Tf = [ ...
 1.2024841060807 -0.1377634221547 -0.0662871397146  0.4113986884115 
-0.2241421066558  1.1757885024640  0.4995927554751 -16.4958449946732 
-0.1374542573443 -0.6478478485545  0.8683370743373 19.1314853061762 
               0                0                0  1.0000000000000  ]

   - final iscale:  If = 1

**********************************************************
*
* WARNING: Registration did not converge in 5 steps! 
*          Problem might be ill posed. 
*          Please inspect output manually!
*
**********************************************************

Final Transform:
Adjusting final transform due to initial resampling (voxel or size changes) ...
M = [ ...
 0.3006209538201 -0.0165717825019  0.0344408555387 -1.1581200898976 
-0.0560355045437  0.1248982055544 -0.2939471256160 23.2269140102409 
-0.0343635609700  0.2170842584186  0.1619619621386 -5.5115136318395 
               0                0                0  1.0000000000000  ]

 Determinant : 0.0246753

 Decompose into Rot * Shear * Scale : 

Rot = [ ...
 0.9972365214594  0.0741560758399  0.0044940720460 
-0.0326790272091  0.4921784962666 -0.8698806866424 
-0.0667188237920  0.8673299281293  0.4932417199741  ]

Shear = [ ...
 1.0000000000000 -0.1411965172035  0.0987242009182 
-0.1154640331042  1.0000000000000 -0.0049025974902 
 0.1090626464818 -0.0066230175301  1.0000000000000  ]

Scale = diag([  0.3039140764123  0.2485269868883  0.3357401039292  ])


writing output transformation to trash.lta ...
converting VOX to RAS and saving RAS2RAS...

mapmovhdr: Changing vox2ras MOV header (to map to DST) ...

To check aligned result, run:
  freeview -v /home/stone-ext1/freesurfer/subjects/FS6EXPERT_subj01/tmp/hippoSF_T1T2_v10_HST1T2_right//hippoAmygBinaryMask_autoCropped.mgz imageDump_coregistered.mgz


Registration took 0 minutes and 2 seconds.

 Thank you for using RobustRegister! 
 If you find it useful and use it for a publication, please cite: 

 Highly Accurate Inverse Consistent Registration: A Robust Approach
 M. Reuter, H.D. Rosas, B. Fischl.  NeuroImage 53(4):1181-1196, 2010.
 http://dx.doi.org/10.1016/j.neuroimage.2010.07.020
 http://reuter.mit.edu/papers/reuter-robreg10.pdf

Reading contexts of file /home/stone/software/freesurfer_stable_600/average/HippoSF/atlas/compressionLookupTable.txt
Constructing image-to-world transform from header information (asegMod.mgz)
Returning the following transform: 
AffineTransform (0x7f9ba690a4c0)
  RTTI typeinfo:   itk::AffineTransform<double, 3u>
  Reference Count: 1
  Modified Time: 422
  Debug: Off
  Object Name: 
  Observers: 
    none
  Matrix: 
    -0.8 0 0 
    0 0 0.8 
    0 -0.8 0 
  Offset: [128.4, -127.6, 128.4]
  Center: [0, 0, 0]
  Translation: [128.4, -127.6, 128.4]
  Inverse: 
    -1.25 0 0 
    0 0 -1.25 
    0 1.25 0 
  Singular: 0
Constructing image-to-world transform from header information (/home/stone-ext1/freesurfer/subjects/FS6EXPERT_subj01/tmp/hippoSF_T1T2_v10_HST1T2_right/imageDump.mgz)
Returning the following transform: 
AffineTransform (0x7f9ba690a4c0)
  RTTI typeinfo:   itk::AffineTransform<double, 3u>
  Reference Count: 1
  Modified Time: 579
  Debug: Off
  Object Name: 
  Observers: 
    none
  Matrix: 
    -0.300621 0.0165718 -0.0344408 
    -0.0343636 0.217084 0.161962 
    0.0560355 -0.124898 0.293947 
  Offset: [41.5581, -34.1115, -16.8269]
  Center: [0, 0, 0]
  Translation: [41.5581, -34.1115, -16.8269]
  Inverse: 
    -3.40584 0.023085 -0.411771 
    -0.777162 3.50297 -2.02116 
    0.319043 1.48401 2.62168 
  Singular: 0
Transform before cropping: 
AffineTransform (0x7f9ba690a4c0)
  RTTI typeinfo:   itk::AffineTransform<double, 3u>
  Reference Count: 1
  Modified Time: 581
  Debug: Off
  Object Name: 
  Observers: 
    none
  Matrix: 
    0.375776 -0.0207147 0.0430511 
    -0.0700444 0.156123 -0.367434 
    -0.0429544 0.271355 0.202452 
  Offset: [108.552, 181.534, 116.861]
  Center: [0, 0, 0]
  Translation: [108.552, 181.534, 116.861]
  Inverse: 
    2.72467 0.329417 0.018468 
    0.62173 1.61693 2.80238 
    -0.255235 -2.09734 1.18721 
  Singular: 0
WorldToImageTransform before cropping: 
AffineTransform (0x7f9ba68f5d00)
  RTTI typeinfo:   itk::AffineTransform<double, 3u>
  Reference Count: 1
  Modified Time: 583
  Debug: Off
  Object Name: 
  Observers: 
    none
  Matrix: 
    -1.25 0 0 
    0 0 -1.25 
    0 1.25 0 
  Offset: [160.5, 160.5, 159.5]
  Center: [0, 0, 0]
  Translation: [160.5, 160.5, 159.5]
  Inverse: 
    -0.8 0 0 
    0 0 0.8 
    0 -0.8 0 
  Singular: 0
 m_BoundingBoxSize: [131, 241,99]
 minimalMappedCoordinate: [103.581, 136.419,111.277]
 maximalMappedCoordinate: [161.622, 219.003,201.826]
Cropping with min [98  128  102]
          and max [167  228  211]
m_OriginalImageRegion before checking margins: ImageRegion (0x7f9ba6898fc8)
  Dimension: 3
  Index: [98, 128, 102]
  Size: [70, 101, 110]

m_CroppedImageRegion before checking margins: ImageRegion (0x7f9ba6898f90)
  Dimension: 3
  Index: [0, 0, 0]
  Size: [70, 101, 110]


m_OriginalImageRegion after checking margins: ImageRegion (0x7f9ba6898fc8)
  Dimension: 3
  Index: [98, 128, 102]
  Size: [70, 101, 110]

m_CroppedImageRegion after checking margins: ImageRegion (0x7f9ba6898f90)
  Dimension: 3
  Index: [0, 0, 0]
  Size: [70, 101, 110]

Transform after cropping: 
AffineTransform (0x7f9ba690a4c0)
  RTTI typeinfo:   itk::AffineTransform<double, 3u>
  Reference Count: 1
  Modified Time: 740
  Debug: Off
  Object Name: 
  Observers: 
    none
  Matrix: 
    0.375776 -0.0207147 0.0430511 
    -0.0700444 0.156123 -0.367434 
    -0.0429544 0.271355 0.202452 
  Offset: [10.5523, 53.5336, 14.8606]
  Center: [0, 0, 0]
  Translation: [10.5523, 53.5336, 14.8606]
  Inverse: 
    2.72467 0.329417 0.018468 
    0.62173 1.61693 2.80238 
    -0.255235 -2.09734 1.18721 
  Singular: 0
WorldToImageTransform after cropping: 
AffineTransform (0x7f9ba68f5d00)
  RTTI typeinfo:   itk::AffineTransform<double, 3u>
  Reference Count: 1
  Modified Time: 741
  Debug: Off
  Object Name: 
  Observers: 
    none
  Matrix: 
    -1.25 0 0 
    0 0 -1.25 
    0 1.25 0 
  Offset: [62.5, 32.5, 57.5]
  Center: [0, 0, 0]
  Translation: [62.5, 32.5, 57.5]
  Inverse: 
    -0.8 0 0 
    0 0 0.8 
    0 -0.8 0 
  Singular: 0
Transforming points
Transforming points
Transforming points
Transforming points
Transforming points
Transforming points
Transforming points
Transforming points
Transforming points
Transforming points
Transforming points
Transforming points
Transforming points
Transforming points
Transforming points
Transforming points
Transforming points
Transforming points
Transforming points
Transforming points
Transforming points
Transforming points
Transforming points
Transforming points
Transforming points
Transforming points
Transforming points
Transforming points
Transforming points
Transforming points
Transforming points
Transforming points
Transforming points
Transforming points
Transforming points
Transforming points
Transforming points
Transforming points
Transforming points
Transforming points
Warning: This concatenation operation includes an empty array with an incorrect number of rows.
Concatenation including empty arrays will require all arrays to have the same number of rows in a future release.
[> In segmentSubjectT1T2_autoEstimateAlveusML at 449] 
Reading contexts of file /home/stone/software/freesurfer_stable_600/average/HippoSF/atlas/compressionLookupTable.txt
--------------
Making Left-Amygdala map to reduced label 1
--------------
Making alveus map to reduced label 2
Making subiculum map to reduced label 2
Making Hippocampal_tail map to reduced label 2
Making molecular_layer_HP map to reduced label 2
Making GC-ML-DG map to reduced label 2
Making CA4 map to reduced label 2
Making CA1 map to reduced label 2
Making CA3 map to reduced label 2
Making HATA map to reduced label 2
Making fimbria map to reduced label 2
Making presubiculum map to reduced label 2
Making parasubiculum map to reduced label 2
Making hippocampal-fissure map to reduced label 2
--------------
Making Left-Cerebral-Cortex map to reduced label 3
--------------
Making Left-Cerebral-White-Matter map to reduced label 4
--------------
Making Left-Lateral-Ventricle map to reduced label 5
--------------
Making Left-choroid-plexus map to reduced label 6
--------------
Making Unknown map to reduced label 7
--------------
Making Left-VentralDC map to reduced label 8
--------------
Making Left-Putamen map to reduced label 9
--------------
Making Left-Pallidum map to reduced label 10
--------------
Making Left-Thalamus-Proper map to reduced label 11
--------------
Making Left-Accumbens-area map to reduced label 12
--------------
Making Left-Caudate map to reduced label 13
numberOfLabels: 13
Rasterizing mesh...here: 13
here2: 13
done
Smoothing mesh collection with kernel size 2.000000 ...Smoothing class: 0
Smoothing class: 1
Smoothing class: 2
Smoothing class: 3
Smoothing class: 4
Smoothing class: 5
Smoothing class: 6
Smoothing class: 7
Smoothing class: 8
Smoothing class: 9
Smoothing class: 10
Smoothing class: 11
Smoothing class: 12
done
numberOfImages = 1
Image: 4
numberOfClasses = 13
numberOfImages = 1
precisions[0][0][0] = 100.000000
precisions[0][0][1] = 100.000000
precisions[0][0][2] = 100.000000
precisions[0][0][3] = 100.000000
precisions[0][0][4] = 100.000000
precisions[0][0][5] = 100.000000
precisions[0][0][6] = 100.000000
precisions[0][0][7] = 100.000000
precisions[0][0][8] = 100.000000
precisions[0][0][9] = 100.000000
precisions[0][0][10] = 100.000000
precisions[0][0][11] = 100.000000
precisions[0][0][12] = 100.000000
means[0][0] = 18.000000
means[0][1] = 17.000000
means[0][2] = 3.000000
means[0][3] = 2.000000
means[0][4] = 4.000000
means[0][5] = 31.000000
means[0][6] = 1.000000
means[0][7] = 28.000000
means[0][8] = 12.000000
means[0][9] = 13.000000
means[0][10] = 10.000000
means[0][11] = 26.000000
means[0][12] = 11.000000
Resolution 1, iteration 1
Did one deformation step of max. 0.5 voxels in 3.1028 seconds

minLogLikelihoodTimesPrior =

  -7.5856e+04

Resolution 1, iteration 2
Did one deformation step of max. 0.27103 voxels in 1.3694 seconds

minLogLikelihoodTimesPrior =

  -7.6322e+04

Resolution 1, iteration 3
Did one deformation step of max. 0.65626 voxels in 0.93337 seconds

minLogLikelihoodTimesPrior =

  -7.7158e+04

Resolution 1, iteration 4
Did one deformation step of max. 0.53838 voxels in 1.0435 seconds

minLogLikelihoodTimesPrior =

  -7.7928e+04

Resolution 1, iteration 5
Did one deformation step of max. 0.23032 voxels in 1.1255 seconds

minLogLikelihoodTimesPrior =

  -7.8280e+04

Resolution 1, iteration 6
Did one deformation step of max. 0.39481 voxels in 0.94568 seconds

minLogLikelihoodTimesPrior =

  -7.8871e+04

Resolution 1, iteration 7
Did one deformation step of max. 0.38727 voxels in 1.0037 seconds

minLogLikelihoodTimesPrior =

  -7.9427e+04

Resolution 1, iteration 8
Did one deformation step of max. 0.5114 voxels in 1.4548 seconds

minLogLikelihoodTimesPrior =

  -7.9944e+04

Resolution 1, iteration 9
Did one deformation step of max. 0.13522 voxels in 1.6734 seconds

minLogLikelihoodTimesPrior =

  -8.0186e+04

Resolution 1, iteration 10
Did one deformation step of max. 0.31275 voxels in 0.90726 seconds

minLogLikelihoodTimesPrior =

  -8.0637e+04

Resolution 1, iteration 11
Did one deformation step of max. 0.14406 voxels in 1.8687 seconds

minLogLikelihoodTimesPrior =

  -8.0829e+04

Resolution 1, iteration 12
Did one deformation step of max. 0.11646 voxels in 1.8162 seconds

minLogLikelihoodTimesPrior =

  -8.0962e+04

Resolution 1, iteration 13
Did one deformation step of max. 0.14111 voxels in 0.92075 seconds

minLogLikelihoodTimesPrior =

  -8.1165e+04

Resolution 1, iteration 14
Did one deformation step of max. 0.15581 voxels in 0.78567 seconds

minLogLikelihoodTimesPrior =

  -8.1396e+04

Resolution 1, iteration 15
Did one deformation step of max. 0.18314 voxels in 1.2056 seconds

minLogLikelihoodTimesPrior =

  -8.1452e+04

Resolution 1, iteration 16
Did one deformation step of max. 0.094896 voxels in 0.79727 seconds

minLogLikelihoodTimesPrior =

  -8.1560e+04

Resolution 1, iteration 17
Did one deformation step of max. 0.117 voxels in 0.80077 seconds

minLogLikelihoodTimesPrior =

  -8.1767e+04

Resolution 1, iteration 18
Did one deformation step of max. 0.23092 voxels in 0.75474 seconds

minLogLikelihoodTimesPrior =

  -8.2162e+04

Resolution 1, iteration 19
Did one deformation step of max. 0.32421 voxels in 1.1189 seconds

minLogLikelihoodTimesPrior =

  -8.2531e+04

Resolution 1, iteration 20
Did one deformation step of max. 0.41783 voxels in 0.77231 seconds

minLogLikelihoodTimesPrior =

  -8.3162e+04

Resolution 1, iteration 21
Did one deformation step of max. 0.076801 voxels in 0.85065 seconds

minLogLikelihoodTimesPrior =

  -8.3240e+04

Resolution 1, iteration 22
Did one deformation step of max. 0.073118 voxels in 0.77233 seconds

minLogLikelihoodTimesPrior =

  -8.3339e+04

Resolution 1, iteration 23
Did one deformation step of max. 0.0087563 voxels in 0.80377 seconds

minLogLikelihoodTimesPrior =

  -8.3425e+04

Resolution 1, iteration 24
Did one deformation step of max. 0.052582 voxels in 0.75934 seconds

minLogLikelihoodTimesPrior =

  -8.3461e+04

Resolution 1, iteration 25
Did one deformation step of max. 0.17171 voxels in 0.76214 seconds

minLogLikelihoodTimesPrior =

  -8.3491e+04

Resolution 1, iteration 26
Did one deformation step of max. 0.14576 voxels in 0.78518 seconds

minLogLikelihoodTimesPrior =

  -8.3538e+04

Resolution 1, iteration 27
Did one deformation step of max. 0.064892 voxels in 0.79183 seconds

minLogLikelihoodTimesPrior =

  -8.3632e+04

Resolution 1, iteration 28
Did one deformation step of max. 0.13424 voxels in 0.75454 seconds

minLogLikelihoodTimesPrior =

  -8.3813e+04

Resolution 1, iteration 29
Did one deformation step of max. 0.18184 voxels in 0.75975 seconds

minLogLikelihoodTimesPrior =

  -8.4158e+04

Resolution 1, iteration 30
Did one deformation step of max. 0.37077 voxels in 0.75917 seconds

minLogLikelihoodTimesPrior =

  -8.4779e+04

Resolution 1, iteration 31
Did one deformation step of max. 0.53439 voxels in 1.1119 seconds

minLogLikelihoodTimesPrior =

  -8.5326e+04

Resolution 1, iteration 32
Did one deformation step of max. 0.10626 voxels in 1.2843 seconds

minLogLikelihoodTimesPrior =

  -8.5452e+04

Resolution 1, iteration 33
Did one deformation step of max. 0.044218 voxels in 2.2142 seconds

minLogLikelihoodTimesPrior =

  -8.5507e+04

Resolution 1, iteration 34
Did one deformation step of max. 0.077178 voxels in 0.78085 seconds

minLogLikelihoodTimesPrior =

  -8.5607e+04

Resolution 1, iteration 35
Did one deformation step of max. 0.23837 voxels in 1.0517 seconds

minLogLikelihoodTimesPrior =

  -8.5682e+04

Resolution 1, iteration 36
Did one deformation step of max. 0.097715 voxels in 0.78016 seconds

minLogLikelihoodTimesPrior =

  -8.5827e+04

Resolution 1, iteration 37
Did one deformation step of max. 0.23063 voxels in 0.7582 seconds

minLogLikelihoodTimesPrior =

  -8.6103e+04

Resolution 1, iteration 38
Did one deformation step of max. 0.12582 voxels in 1.199 seconds

minLogLikelihoodTimesPrior =

  -8.6365e+04

Resolution 1, iteration 39
Did one deformation step of max. 0.31999 voxels in 0.7599 seconds

minLogLikelihoodTimesPrior =

  -8.6852e+04

Resolution 1, iteration 40
Did one deformation step of max. 0.23279 voxels in 1.5889 seconds

minLogLikelihoodTimesPrior =

  -8.7073e+04

Resolution 1, iteration 41
Did one deformation step of max. 0.14478 voxels in 1.1025 seconds

minLogLikelihoodTimesPrior =

  -8.7281e+04

Resolution 1, iteration 42
Did one deformation step of max. 0.2979 voxels in 0.88035 seconds

minLogLikelihoodTimesPrior =

  -8.7652e+04

Resolution 1, iteration 43
Did one deformation step of max. 0.06598 voxels in 3.664 seconds

minLogLikelihoodTimesPrior =

  -8.7739e+04

Resolution 1, iteration 44
Did one deformation step of max. 0.22846 voxels in 1.0459 seconds

minLogLikelihoodTimesPrior =

  -8.7880e+04

Resolution 1, iteration 45
Did one deformation step of max. 0.22714 voxels in 1.2552 seconds

minLogLikelihoodTimesPrior =

  -8.8010e+04

Resolution 1, iteration 46
Did one deformation step of max. 0.17622 voxels in 0.75535 seconds

minLogLikelihoodTimesPrior =

  -8.8250e+04

Resolution 1, iteration 47
Did one deformation step of max. 0.20816 voxels in 1.0489 seconds

minLogLikelihoodTimesPrior =

  -8.8460e+04

Resolution 1, iteration 48
Did one deformation step of max. 0.17902 voxels in 1.1135 seconds

minLogLikelihoodTimesPrior =

  -8.8630e+04

Resolution 1, iteration 49
Did one deformation step of max. 0.25119 voxels in 0.74928 seconds

minLogLikelihoodTimesPrior =

  -8.8810e+04

Resolution 1, iteration 50
Did one deformation step of max. 0.064699 voxels in 1.2538 seconds

minLogLikelihoodTimesPrior =

  -8.8865e+04

Resolution 1, iteration 51
Did one deformation step of max. 0.023401 voxels in 0.74445 seconds

minLogLikelihoodTimesPrior =

  -8.8900e+04

Resolution 1, iteration 52
Did one deformation step of max. 0.064005 voxels in 1.5216 seconds

minLogLikelihoodTimesPrior =

  -8.8917e+04

Resolution 1, iteration 53
Did one deformation step of max. 0.068524 voxels in 0.7475 seconds

minLogLikelihoodTimesPrior =

  -8.8937e+04

Resolution 1, iteration 54
Did one deformation step of max. 0.16929 voxels in 0.74598 seconds

minLogLikelihoodTimesPrior =

  -8.8962e+04

Resolution 1, iteration 55
Did one deformation step of max. 0.10222 voxels in 1.4806 seconds

minLogLikelihoodTimesPrior =

  -8.8972e+04

Resolution 1, iteration 56
Did one deformation step of max. 0.081791 voxels in 0.7444 seconds

minLogLikelihoodTimesPrior =

  -8.8984e+04

Resolution 1, iteration 57
Did one deformation step of max. 0.071782 voxels in 0.74785 seconds

minLogLikelihoodTimesPrior =

  -8.9006e+04

Resolution 1, iteration 58
Did one deformation step of max. 0.10612 voxels in 0.74094 seconds

minLogLikelihoodTimesPrior =

  -8.9047e+04

Resolution 1, iteration 59
Did one deformation step of max. 0.24052 voxels in 0.77876 seconds

minLogLikelihoodTimesPrior =

  -8.9121e+04

Resolution 1, iteration 60
Did one deformation step of max. 0.18768 voxels in 1.5166 seconds

minLogLikelihoodTimesPrior =

  -8.9188e+04

Resolution 1, iteration 61
Did one deformation step of max. 0.12055 voxels in 1.1344 seconds

minLogLikelihoodTimesPrior =

  -8.9249e+04

Resolution 1, iteration 62
Did one deformation step of max. 0.19453 voxels in 0.78286 seconds

minLogLikelihoodTimesPrior =

  -8.9352e+04

Resolution 1, iteration 63
Did one deformation step of max. 0.30798 voxels in 0.7411 seconds

minLogLikelihoodTimesPrior =

  -8.9541e+04

Resolution 1, iteration 64
Did one deformation step of max. 0.37965 voxels in 0.92679 seconds

minLogLikelihoodTimesPrior =

  -8.9702e+04

Resolution 1, iteration 65
Did one deformation step of max. 0.40515 voxels in 0.77762 seconds

minLogLikelihoodTimesPrior =

  -8.9972e+04

Resolution 1, iteration 66
Did one deformation step of max. 0.63403 voxels in 0.77885 seconds

minLogLikelihoodTimesPrior =

  -9.0370e+04

Resolution 1, iteration 67
Did one deformation step of max. 0.11528 voxels in 0.8675 seconds

minLogLikelihoodTimesPrior =

  -9.0458e+04

Resolution 1, iteration 68
Did one deformation step of max. 0.2349 voxels in 0.74332 seconds

minLogLikelihoodTimesPrior =

  -9.0596e+04

Resolution 1, iteration 69
Did one deformation step of max. 0.40227 voxels in 0.95564 seconds

minLogLikelihoodTimesPrior =

  -9.0700e+04

Resolution 1, iteration 70
Did one deformation step of max. 0.55625 voxels in 0.77837 seconds

minLogLikelihoodTimesPrior =

  -9.0836e+04

Resolution 1, iteration 71
Did one deformation step of max. 0.27827 voxels in 0.82725 seconds

minLogLikelihoodTimesPrior =

  -9.0934e+04

Resolution 1, iteration 72
Did one deformation step of max. 0.21633 voxels in 1.0319 seconds

minLogLikelihoodTimesPrior =

  -9.1007e+04

Resolution 1, iteration 73
Did one deformation step of max. 0.17281 voxels in 1.0361 seconds

minLogLikelihoodTimesPrior =

  -9.1068e+04

Resolution 1, iteration 74
Did one deformation step of max. 0.13954 voxels in 1.2132 seconds

minLogLikelihoodTimesPrior =

  -9.1100e+04

Resolution 1, iteration 75
Did one deformation step of max. 0.095841 voxels in 0.77957 seconds

minLogLikelihoodTimesPrior =

  -9.1146e+04

Resolution 1, iteration 76
Did one deformation step of max. 0.33392 voxels in 0.74244 seconds

minLogLikelihoodTimesPrior =

  -9.1168e+04

Resolution 1, iteration 77
Did one deformation step of max. 0.13349 voxels in 0.73815 seconds

minLogLikelihoodTimesPrior =

  -9.1197e+04

Resolution 1, iteration 78
Did one deformation step of max. 0.2305 voxels in 0.77675 seconds

minLogLikelihoodTimesPrior =

  -9.1239e+04

Resolution 1, iteration 79
Did one deformation step of max. 0.29354 voxels in 0.772 seconds

minLogLikelihoodTimesPrior =

  -9.1293e+04

Resolution 1, iteration 80
Did one deformation step of max. 0.068328 voxels in 0.8291 seconds

minLogLikelihoodTimesPrior =

  -9.1310e+04

Resolution 1, iteration 81
Did one deformation step of max. 0.067326 voxels in 0.76418 seconds

minLogLikelihoodTimesPrior =

  -9.1328e+04

Resolution 1, iteration 82
Did one deformation step of max. 0.26092 voxels in 0.7428 seconds

minLogLikelihoodTimesPrior =

  -9.1342e+04

Resolution 1, iteration 83
Did one deformation step of max. 0.12765 voxels in 0.77492 seconds

minLogLikelihoodTimesPrior =

  -9.1358e+04

Resolution 1, iteration 84
Did one deformation step of max. 0.16997 voxels in 0.73816 seconds

minLogLikelihoodTimesPrior =

  -9.1382e+04

Resolution 1, iteration 85
Did one deformation step of max. 0.172 voxels in 0.7332 seconds

minLogLikelihoodTimesPrior =

  -9.1415e+04

Resolution 1, iteration 86
Did one deformation step of max. 0.17134 voxels in 0.74374 seconds

minLogLikelihoodTimesPrior =

  -9.1458e+04

Resolution 1, iteration 87
Did one deformation step of max. 0.047968 voxels in 1.7976 seconds

minLogLikelihoodTimesPrior =

  -9.1476e+04

Resolution 1, iteration 88
Did one deformation step of max. 0.013777 voxels in 3.6806 seconds

minLogLikelihoodTimesPrior =

  -9.1476e+04

Resolution 1, iteration 89
Did one deformation step of max. 0.00035421 voxels in 0.67616 seconds

minLogLikelihoodTimesPrior =

  -9.1476e+04

Resolution 1, iteration 90
Did one deformation step of max. 0.00127 voxels in 0.67801 seconds

minLogLikelihoodTimesPrior =

  -9.1477e+04

Resolution 1, iteration 91
Did one deformation step of max. 0.0023988 voxels in 0.70591 seconds

minLogLikelihoodTimesPrior =

  -9.1477e+04

Resolution 1, iteration 92
Did one deformation step of max. 0.016919 voxels in 0.71111 seconds

minLogLikelihoodTimesPrior =

  -9.1478e+04

Resolution 1, iteration 93
Did one deformation step of max. 0.0095483 voxels in 0.68738 seconds

minLogLikelihoodTimesPrior =

  -9.1479e+04

Resolution 1, iteration 94
Did one deformation step of max. 0.015462 voxels in 0.68219 seconds

minLogLikelihoodTimesPrior =

  -9.1482e+04

Resolution 1, iteration 95
Did one deformation step of max. 0.023129 voxels in 0.71127 seconds

minLogLikelihoodTimesPrior =

  -9.1487e+04

Resolution 1, iteration 96
Did one deformation step of max. 0.045339 voxels in 0.68001 seconds

minLogLikelihoodTimesPrior =

  -9.1495e+04

Resolution 1, iteration 97
Did one deformation step of max. 0.077353 voxels in 0.72668 seconds

minLogLikelihoodTimesPrior =

  -9.1508e+04

Resolution 1, iteration 98
Did one deformation step of max. 0.12823 voxels in 0.75463 seconds

minLogLikelihoodTimesPrior =

  -9.1528e+04

Resolution 1, iteration 99
Did one deformation step of max. 0.13062 voxels in 0.75079 seconds

minLogLikelihoodTimesPrior =

  -9.1561e+04

Resolution 1, iteration 100
Did one deformation step of max. 0.14193 voxels in 0.88865 seconds

minLogLikelihoodTimesPrior =

  -9.1618e+04

Resolution 1, iteration 101
Did one deformation step of max. 0.23834 voxels in 0.90326 seconds

minLogLikelihoodTimesPrior =

  -9.1707e+04

Resolution 1, iteration 102
Did one deformation step of max. 0.093284 voxels in 1.9246 seconds

minLogLikelihoodTimesPrior =

  -9.1744e+04

Resolution 1, iteration 103
Did one deformation step of max. 0.13907 voxels in 1.3085 seconds

minLogLikelihoodTimesPrior =

  -9.1770e+04

Resolution 1, iteration 104
Did one deformation step of max. 0.39554 voxels in 0.76016 seconds

minLogLikelihoodTimesPrior =

  -9.1803e+04

Resolution 1, iteration 105
Did one deformation step of max. 0.17778 voxels in 0.75584 seconds

minLogLikelihoodTimesPrior =

  -9.1822e+04

Resolution 1, iteration 106
Did one deformation step of max. 0.12386 voxels in 0.72384 seconds

minLogLikelihoodTimesPrior =

  -9.1858e+04

Resolution 1, iteration 107
Did one deformation step of max. 0.14366 voxels in 0.73684 seconds

minLogLikelihoodTimesPrior =

  -9.1918e+04

Resolution 1, iteration 108
Did one deformation step of max. 0.24324 voxels in 0.75888 seconds

minLogLikelihoodTimesPrior =

  -9.2009e+04

Resolution 1, iteration 109
Did one deformation step of max. 0.085755 voxels in 1.9113 seconds

minLogLikelihoodTimesPrior =

  -9.2048e+04

Resolution 1, iteration 110
Did one deformation step of max. 0.25606 voxels in 0.72308 seconds

minLogLikelihoodTimesPrior =

  -9.2081e+04

Resolution 1, iteration 111
Did one deformation step of max. 0.13371 voxels in 1.1048 seconds

minLogLikelihoodTimesPrior =

  -9.2091e+04

Resolution 1, iteration 112
Did one deformation step of max. 0.04131 voxels in 0.76685 seconds

minLogLikelihoodTimesPrior =

  -9.2103e+04

Resolution 1, iteration 113
Did one deformation step of max. 0.074636 voxels in 1.2879 seconds

minLogLikelihoodTimesPrior =

  -9.2104e+04

Resolution 1, iteration 114
Did one deformation step of max. 0.0033246 voxels in 0.73881 seconds

minLogLikelihoodTimesPrior =

  -9.2104e+04

Resolution 1, iteration 115
Did one deformation step of max. 0.00027554 voxels in 0.75043 seconds

minLogLikelihoodTimesPrior =

  -9.2105e+04

Resolution 1, iteration 116
Did one deformation step of max. 0.0099166 voxels in 0.77297 seconds

minLogLikelihoodTimesPrior =

  -9.2107e+04

Resolution 1, iteration 117
Did one deformation step of max. 0.0012252 voxels in 0.80784 seconds

minLogLikelihoodTimesPrior =

  -9.2109e+04

Resolution 1, iteration 118
Did one deformation step of max. 0.025332 voxels in 0.73768 seconds

minLogLikelihoodTimesPrior =

  -9.2113e+04

Resolution 1, iteration 119
Did one deformation step of max. 0.007558 voxels in 0.73182 seconds

minLogLikelihoodTimesPrior =

  -9.2115e+04

Resolution 1, iteration 120
Did one deformation step of max. 0.021698 voxels in 0.7815 seconds

minLogLikelihoodTimesPrior =

  -9.2119e+04

Resolution 1, iteration 121
Did one deformation step of max. 0.075304 voxels in 0.74604 seconds

minLogLikelihoodTimesPrior =

  -9.2122e+04

Resolution 1, iteration 122
Did one deformation step of max. 0.034377 voxels in 0.74406 seconds

minLogLikelihoodTimesPrior =

  -9.2127e+04

Resolution 1, iteration 123
Did one deformation step of max. 0.049828 voxels in 0.7393 seconds

minLogLikelihoodTimesPrior =

  -9.2135e+04

Resolution 1, iteration 124
Did one deformation step of max. 0.058737 voxels in 0.76035 seconds

minLogLikelihoodTimesPrior =

  -9.2147e+04

Resolution 1, iteration 125
Did one deformation step of max. 0.089599 voxels in 0.72828 seconds

minLogLikelihoodTimesPrior =

  -9.2167e+04

Resolution 1, iteration 126
Did one deformation step of max. 0.13138 voxels in 0.73529 seconds

minLogLikelihoodTimesPrior =

  -9.2193e+04

Resolution 1, iteration 127
Did one deformation step of max. 0.077768 voxels in 1.2143 seconds

minLogLikelihoodTimesPrior =

  -9.2205e+04

Resolution 1, iteration 128
Did one deformation step of max. 0.070127 voxels in 0.77332 seconds

minLogLikelihoodTimesPrior =

  -9.2223e+04

Resolution 1, iteration 129
Did one deformation step of max. 0.036995 voxels in 0.74118 seconds

minLogLikelihoodTimesPrior =

  -9.2227e+04

Resolution 1, iteration 130
Did one deformation step of max. 0.039554 voxels in 0.74616 seconds

minLogLikelihoodTimesPrior =

  -9.2234e+04

Resolution 1, iteration 131
Did one deformation step of max. 0.054877 voxels in 0.78186 seconds

minLogLikelihoodTimesPrior =

  -9.2244e+04

Resolution 1, iteration 132
Did one deformation step of max. 0.076977 voxels in 0.78667 seconds

minLogLikelihoodTimesPrior =

  -9.2260e+04

Resolution 1, iteration 133
Did one deformation step of max. 0.12315 voxels in 0.72114 seconds

minLogLikelihoodTimesPrior =

  -9.2284e+04

Resolution 1, iteration 134
Did one deformation step of max. 0.20045 voxels in 0.72962 seconds

minLogLikelihoodTimesPrior =

  -9.2307e+04

Resolution 1, iteration 135
Did one deformation step of max. 0.073945 voxels in 1.366 seconds

minLogLikelihoodTimesPrior =

  -9.2327e+04

Resolution 1, iteration 136
Did one deformation step of max. 0.076408 voxels in 0.76942 seconds

minLogLikelihoodTimesPrior =

  -9.2361e+04

Resolution 1, iteration 137
Did one deformation step of max. 0.16019 voxels in 0.72623 seconds

minLogLikelihoodTimesPrior =

  -9.2412e+04

Resolution 1, iteration 138
Did one deformation step of max. 0.14429 voxels in 0.76619 seconds

minLogLikelihoodTimesPrior =

  -9.2455e+04

Resolution 1, iteration 139
Did one deformation step of max. 0.27726 voxels in 0.74764 seconds

minLogLikelihoodTimesPrior =

  -9.2501e+04

Resolution 1, iteration 140
Did one deformation step of max. 0.14871 voxels in 1.4224 seconds

minLogLikelihoodTimesPrior =

  -9.2527e+04

Resolution 1, iteration 141
Did one deformation step of max. 0.16065 voxels in 0.77634 seconds

minLogLikelihoodTimesPrior =

  -9.2544e+04

Resolution 1, iteration 142
Did one deformation step of max. 0.1323 voxels in 0.73011 seconds

minLogLikelihoodTimesPrior =

  -9.2565e+04

Resolution 1, iteration 143
Did one deformation step of max. 0.10209 voxels in 1.5059 seconds

minLogLikelihoodTimesPrior =

  -9.2582e+04

Resolution 1, iteration 144
Did one deformation step of max. 0.11783 voxels in 0.73171 seconds

minLogLikelihoodTimesPrior =

  -9.2604e+04

Resolution 1, iteration 145
Did one deformation step of max. 0.10542 voxels in 0.76496 seconds

minLogLikelihoodTimesPrior =

  -9.2637e+04

Resolution 1, iteration 146
Did one deformation step of max. 0.097584 voxels in 1.3123 seconds

minLogLikelihoodTimesPrior =

  -9.2661e+04

Resolution 1, iteration 147
Did one deformation step of max. 0.1474 voxels in 0.74941 seconds

minLogLikelihoodTimesPrior =

  -9.2692e+04

Resolution 1, iteration 148
Did one deformation step of max. 0.22022 voxels in 0.73902 seconds

minLogLikelihoodTimesPrior =

  -9.2732e+04

Resolution 1, iteration 149
Did one deformation step of max. 0.093232 voxels in 1.5095 seconds

minLogLikelihoodTimesPrior =

  -9.2763e+04

Resolution 1, iteration 150
Did one deformation step of max. 0.21122 voxels in 0.80619 seconds

minLogLikelihoodTimesPrior =

  -9.2801e+04

Resolution 1, iteration 151
Did one deformation step of max. 0.05753 voxels in 1.6416 seconds

minLogLikelihoodTimesPrior =

  -9.2809e+04

Resolution 1, iteration 152
Did one deformation step of max. 0.086035 voxels in 0.76712 seconds

minLogLikelihoodTimesPrior =

  -9.2817e+04

Resolution 1, iteration 153
Did one deformation step of max. 0.086767 voxels in 0.75801 seconds

minLogLikelihoodTimesPrior =

  -9.2828e+04

Resolution 1, iteration 154
Did one deformation step of max. 0.13154 voxels in 0.7636 seconds

minLogLikelihoodTimesPrior =

  -9.2833e+04

Resolution 1, iteration 155
Did one deformation step of max. 0.045726 voxels in 0.74739 seconds

minLogLikelihoodTimesPrior =

  -9.2839e+04

Resolution 1, iteration 156
Did one deformation step of max. 0.10308 voxels in 1.5181 seconds

minLogLikelihoodTimesPrior =

  -9.2841e+04

Resolution 1, iteration 157
Did one deformation step of max. 0.045904 voxels in 0.76316 seconds

minLogLikelihoodTimesPrior =

  -9.2844e+04

Resolution 1, iteration 158
Did one deformation step of max. 0.022701 voxels in 1.0419 seconds

minLogLikelihoodTimesPrior =

  -9.2848e+04

Resolution 1, iteration 159
Did one deformation step of max. 0.039281 voxels in 0.73752 seconds

minLogLikelihoodTimesPrior =

  -9.2855e+04

Resolution 1, iteration 160
Did one deformation step of max. 0.054674 voxels in 0.75865 seconds

minLogLikelihoodTimesPrior =

  -9.2865e+04

Resolution 1, iteration 161
Did one deformation step of max. 0.11693 voxels in 0.74979 seconds

minLogLikelihoodTimesPrior =

  -9.2879e+04

Resolution 1, iteration 162
Did one deformation step of max. 0.14586 voxels in 0.81214 seconds

minLogLikelihoodTimesPrior =

  -9.2896e+04

Resolution 1, iteration 163
Did one deformation step of max. 0.17455 voxels in 0.75157 seconds

minLogLikelihoodTimesPrior =

  -9.2913e+04

Resolution 1, iteration 164
Did one deformation step of max. 0.083794 voxels in 1.1116 seconds

minLogLikelihoodTimesPrior =

  -9.2921e+04

Resolution 1, iteration 165
Did one deformation step of max. 0.08018 voxels in 0.74363 seconds

minLogLikelihoodTimesPrior =

  -9.2927e+04

Resolution 1, iteration 166
Did one deformation step of max. 0.077145 voxels in 0.76797 seconds

minLogLikelihoodTimesPrior =

  -9.2936e+04

Resolution 1, iteration 167
Did one deformation step of max. 0.10475 voxels in 0.74373 seconds

minLogLikelihoodTimesPrior =

  -9.2946e+04

Resolution 1, iteration 168
Did one deformation step of max. 0.07764 voxels in 1.6886 seconds

minLogLikelihoodTimesPrior =

  -9.2948e+04

Resolution 1, iteration 169
Did one deformation step of max. 0.037636 voxels in 0.93301 seconds

minLogLikelihoodTimesPrior =

  -9.2949e+04

Resolution 1, iteration 170
Did one deformation step of max. 0.01103 voxels in 0.83475 seconds

minLogLikelihoodTimesPrior =

  -9.2950e+04

Resolution 1, iteration 171
Did one deformation step of max. 0.022483 voxels in 0.86321 seconds

minLogLikelihoodTimesPrior =

  -9.2953e+04

Resolution 1, iteration 172
Did one deformation step of max. 0.027693 voxels in 0.82521 seconds

minLogLikelihoodTimesPrior =

  -9.2956e+04

Resolution 1, iteration 173
Did one deformation step of max. 0.04164 voxels in 0.81067 seconds

minLogLikelihoodTimesPrior =

  -9.2961e+04

Resolution 1, iteration 174
Did one deformation step of max. 0.075355 voxels in 0.79721 seconds

minLogLikelihoodTimesPrior =

  -9.2965e+04

Resolution 1, iteration 175
Did one deformation step of max. 0.1079 voxels in 0.80604 seconds

minLogLikelihoodTimesPrior =

  -9.2971e+04

Resolution 1, iteration 176
Did one deformation step of max. 0.060296 voxels in 0.74145 seconds

minLogLikelihoodTimesPrior =

  -9.2978e+04

Resolution 1, iteration 177
Did one deformation step of max. 0.12657 voxels in 0.73255 seconds

minLogLikelihoodTimesPrior =

  -9.2983e+04

Resolution 1, iteration 178
Did one deformation step of max. 0.037797 voxels in 0.78327 seconds

minLogLikelihoodTimesPrior =

  -9.2992e+04

Resolution 1, iteration 179
Did one deformation step of max. 0.084873 voxels in 0.73216 seconds

minLogLikelihoodTimesPrior =

  -9.3003e+04

Resolution 1, iteration 180
Did one deformation step of max. 0.15387 voxels in 0.7295 seconds

minLogLikelihoodTimesPrior =

  -9.3017e+04

Resolution 1, iteration 181
Did one deformation step of max. 0.074732 voxels in 1.3578 seconds

minLogLikelihoodTimesPrior =

  -9.3020e+04

Resolution 1, iteration 182
Did one deformation step of max. 0.030435 voxels in 0.77659 seconds

minLogLikelihoodTimesPrior =

  -9.3024e+04

Resolution 1, iteration 183
Did one deformation step of max. 0.0052466 voxels in 0.73711 seconds

minLogLikelihoodTimesPrior =

  -9.3027e+04

Resolution 1, iteration 184
Did one deformation step of max. 0.062897 voxels in 0.7549 seconds

minLogLikelihoodTimesPrior =

  -9.3032e+04

Resolution 1, iteration 185
Did one deformation step of max. 0.046969 voxels in 0.77631 seconds

minLogLikelihoodTimesPrior =

  -9.3033e+04

Resolution 1, iteration 186
Did one deformation step of max. 0.02104 voxels in 0.76133 seconds

minLogLikelihoodTimesPrior =

  -9.3035e+04

Resolution 1, iteration 187
Did one deformation step of max. 0.027062 voxels in 0.74109 seconds

minLogLikelihoodTimesPrior =

  -9.3038e+04

Resolution 1, iteration 188
Did one deformation step of max. 0.051232 voxels in 0.74989 seconds

minLogLikelihoodTimesPrior =

  -9.3043e+04

Resolution 1, iteration 189
Did one deformation step of max. 0.083303 voxels in 0.74227 seconds

minLogLikelihoodTimesPrior =

  -9.3049e+04

Resolution 1, iteration 190
Did one deformation step of max. 0.1402 voxels in 0.76935 seconds

minLogLikelihoodTimesPrior =

  -9.3057e+04

Resolution 1, iteration 191
Did one deformation step of max. 0.095284 voxels in 0.73605 seconds

minLogLikelihoodTimesPrior =

  -9.3068e+04

Resolution 1, iteration 192
Did one deformation step of max. 0.062177 voxels in 1.3498 seconds

minLogLikelihoodTimesPrior =

  -9.3076e+04

Resolution 1, iteration 193
Did one deformation step of max. 0.07268 voxels in 0.74865 seconds

minLogLikelihoodTimesPrior =

  -9.3089e+04

Resolution 1, iteration 194
Did one deformation step of max. 0.18692 voxels in 0.78452 seconds

minLogLikelihoodTimesPrior =

  -9.3106e+04

Resolution 1, iteration 195
Did one deformation step of max. 0.30569 voxels in 0.72346 seconds

minLogLikelihoodTimesPrior =

  -9.3121e+04

Resolution 1, iteration 196
Did one deformation step of max. 0.18225 voxels in 0.74285 seconds

minLogLikelihoodTimesPrior =

  -9.3136e+04

Resolution 1, iteration 197
Did one deformation step of max. 0.20748 voxels in 0.7423 seconds

minLogLikelihoodTimesPrior =

  -9.3148e+04

Resolution 1, iteration 198
Did one deformation step of max. 0.070625 voxels in 1.5657 seconds

minLogLikelihoodTimesPrior =

  -9.3153e+04

Resolution 1, iteration 199
Did one deformation step of max. 0.052978 voxels in 0.77012 seconds

minLogLikelihoodTimesPrior =

  -9.3157e+04

Resolution 1, iteration 200
Did one deformation step of max. 0.045416 voxels in 0.72999 seconds

minLogLikelihoodTimesPrior =

  -9.3163e+04

Fitting mesh to synthetic image from ASEG took 199.6607 seconds
Transforming points
Transforming points
Transforming points
Transforming points
Transforming points
Transforming points
Transforming points
Transforming points
Transforming points
Transforming points
Transforming points
Transforming points
Transforming points
Transforming points
Transforming points
Transforming points
Transforming points
Transforming points
Transforming points
Transforming points
Transforming points
Transforming points
Transforming points
Transforming points
Transforming points
Transforming points
Transforming points
Transforming points
Transforming points
Transforming points
Transforming points
Transforming points
Transforming points
Transforming points
Transforming points
Transforming points
Transforming points
Transforming points
Transforming points
Transforming points
mri_convert.bin /home/surly-raid1/kendrick-data/nsd/ppdata/NSD134-structurals/T2_0pt8_masked.nii.gz T2corrected.mgz 
$Id: mri_convert.c,v 1.226 2016/02/26 16:15:24 mreuter Exp $
reading from /home/surly-raid1/kendrick-data/nsd/ppdata/NSD134-structurals/T2_0pt8_masked.nii.gz...
TR=1000.00, TE=0.00, TI=0.00, flip angle=0.00
i_ras = (1, 0, 0)
j_ras = (0, 1, 0)
k_ras = (0, 0, 1)
writing to T2corrected.mgz...
set final LTA type to 1
INFO: dst volume info differs from the one stored in lta.  gets modified now.
volume geometry:
extent  : (200, 476, 212)
voxel   : ( 0.3333,  0.3333,  0.3333)
x_(ras) : ( 1.0000,  0.0000,  0.0000)
y_(ras) : ( 0.0000,  1.0000,  0.0000)
z_(ras) : ( 0.0000,  0.0000,  1.0000)
c_(ras) : (22.4000, -3.6000, -14.0000)
file    : T2isotropic.mgz
volume geometry:
extent  : (320, 320, 320)
voxel   : ( 0.8000,  0.8000,  0.8000)
x_(ras) : ( 1.0000,  0.0000,  0.0000)
y_(ras) : ( 0.0000,  1.0000,  0.0000)
z_(ras) : ( 0.0000,  0.0000,  1.0000)
c_(ras) : ( 0.4000,  0.4000,  0.4000)
file    : /home/surly-raid1/kendrick-data/nsd/ppdata/NSD134-structurals/T2_0pt8_masked.nii.gz
threshold mask volume at 0.5
INFO: dst volume info differs from the one stored in lta.  gets modified now.
volume geometry:
extent  : (200, 476, 212)
voxel   : ( 0.3333,  0.3333,  0.3333)
x_(ras) : ( 1.0000,  0.0000,  0.0000)
y_(ras) : ( 0.0000,  1.0000,  0.0000)
z_(ras) : ( 0.0000,  0.0000,  1.0000)
c_(ras) : (22.4000, -3.6000, -14.0000)
file    : T2isotropic.mgz
volume geometry:
extent  : (320, 320, 320)
voxel   : ( 0.8000,  0.8000,  0.8000)
x_(ras) : ( 1.0000,  0.0000,  0.0000)
y_(ras) : ( 0.0000,  1.0000,  0.0000)
z_(ras) : ( 0.0000,  0.0000,  1.0000)
c_(ras) : ( 0.4000,  0.4000,  0.4000)
file    : /home/surly-raid1/kendrick-data/nsd/ppdata/NSD134-structurals/T2_0pt8_masked.nii.gz
threshold mask volume at 0.5
INFO: dst volume info differs from the one stored in lta.  gets modified now.
volume geometry:
extent  : (200, 476, 212)
voxel   : ( 0.3333,  0.3333,  0.3333)
x_(ras) : ( 1.0000,  0.0000,  0.0000)
y_(ras) : ( 0.0000,  1.0000,  0.0000)
z_(ras) : ( 0.0000,  0.0000,  1.0000)
c_(ras) : (22.4000, -3.6000, -14.0000)
file    : T2isotropic.mgz
volume geometry:
extent  : (320, 320, 320)
voxel   : ( 0.8000,  0.8000,  0.8000)
x_(ras) : ( 1.0000,  0.0000,  0.0000)
y_(ras) : ( 0.0000,  1.0000,  0.0000)
z_(ras) : ( 0.0000,  0.0000,  1.0000)
c_(ras) : ( 0.4000,  0.4000,  0.4000)
file    : /home/surly-raid1/kendrick-data/nsd/ppdata/NSD134-structurals/T2_0pt8_masked.nii.gz
threshold mask volume at 0.5
threshold mask volume at 0.5
Constructing image-to-world transform from header information (T1resampled.mgz)
Returning the following transform: 
AffineTransform (0x7f9a38659da0)
  RTTI typeinfo:   itk::AffineTransform<double, 3u>
  Reference Count: 1
  Modified Time: 140878728
  Debug: Off
  Object Name: 
  Observers: 
    none
  Matrix: 
    0.33333 0 0 
    0 0.33333 0 
    0 0 0.33333 
  Offset: [-10.933, -82.9325, -49.333]
  Center: [0, 0, 0]
  Translation: [-10.933, -82.9325, -49.333]
  Inverse: 
    3.00003 0 0 
    0 3.00003 0 
    0 0 3.00003 
  Singular: 0
Constructing image-to-world transform from header information (/home/stone-ext1/freesurfer/subjects/FS6EXPERT_subj01/tmp/hippoSF_T1T2_v10_HST1T2_right/imageDump.mgz)
Returning the following transform: 
AffineTransform (0x7f9a385c8c40)
  RTTI typeinfo:   itk::AffineTransform<double, 3u>
  Reference Count: 1
  Modified Time: 140881349
  Debug: Off
  Object Name: 
  Observers: 
    none
  Matrix: 
    -0.300715 0.0172327 -0.0338459 
    -0.0334099 0.217046 0.162033 
    0.0561101 -0.124875 0.293977 
  Offset: [41.5097, -34.1771, -16.8369]
  Center: [0, 0, 0]
  Translation: [41.5097, -34.1771, -16.8369]
  Inverse: 
    -3.40586 0.0340228 -0.410873 
    -0.766494 3.5057 -2.0205 
    0.324472 1.48265 2.62178 
  Singular: 0
Transform before cropping: 
AffineTransform (0x7f9a385c8c40)
  RTTI typeinfo:   itk::AffineTransform<double, 3u>
  Reference Count: 1
  Modified Time: 140881351
  Debug: Off
  Object Name: 
  Observers: 
    none
  Matrix: 
    -0.902153 0.0516986 -0.101539 
    -0.100231 0.651146 0.486104 
    0.168332 -0.374628 0.88194 
  Offset: [157.33, 146.268, 97.4891]
  Center: [0, 0, 0]
  Translation: [157.33, 146.268, 97.4891]
  Inverse: 
    -1.13527 0.0113408 -0.136956 
    -0.255495 1.16855 -0.673495 
    0.108156 0.49421 0.87392 
  Singular: 0
WorldToImageTransform before cropping: 
AffineTransform (0x7f9a385d5dc0)
  RTTI typeinfo:   itk::AffineTransform<double, 3u>
  Reference Count: 1
  Modified Time: 140881353
  Debug: Off
  Object Name: 
  Observers: 
    none
  Matrix: 
    3.00003 0 0 
    0 3.00003 0 
    0 0 3.00003 
  Offset: [32.7993, 248.8, 148]
  Center: [0, 0, 0]
  Translation: [32.7993, 248.8, 148]
  Inverse: 
    0.33333 0 0 
    0 0.33333 0 
    0 0 0.33333 
  Singular: 0
 m_BoundingBoxSize: [131, 241,99]
 minimalMappedCoordinate: [30.099, 133.238,7.57852]
 maximalMappedCoordinate: [169.737, 350.181,205.802]
Cropping with min [16  112  -12]
          and max [184  372  225]
m_OriginalImageRegion before checking margins: ImageRegion (0x7f9a385d3d78)
  Dimension: 3
  Index: [16, 112, -12]
  Size: [169, 261, 238]

m_CroppedImageRegion before checking margins: ImageRegion (0x7f9a385d3d40)
  Dimension: 3
  Index: [0, 0, 0]
  Size: [169, 261, 238]


m_OriginalImageRegion after checking margins: ImageRegion (0x7f9a385d3d78)
  Dimension: 3
  Index: [16, 112, 0]
  Size: [169, 261, 212]

m_CroppedImageRegion after checking margins: ImageRegion (0x7f9a385d3d40)
  Dimension: 3
  Index: [0, 0, 12]
  Size: [169, 261, 212]

Transform after cropping: 
AffineTransform (0x7f9a385c8c40)
  RTTI typeinfo:   itk::AffineTransform<double, 3u>
  Reference Count: 1
  Modified Time: 140883974
  Debug: Off
  Object Name: 
  Observers: 
    none
  Matrix: 
    -0.902153 0.0516986 -0.101539 
    -0.100231 0.651146 0.486104 
    0.168332 -0.374628 0.88194 
  Offset: [141.33, 34.2679, 109.489]
  Center: [0, 0, 0]
  Translation: [141.33, 34.2679, 109.489]
  Inverse: 
    -1.13527 0.0113408 -0.136956 
    -0.255495 1.16855 -0.673495 
    0.108156 0.49421 0.87392 
  Singular: 0
WorldToImageTransform after cropping: 
AffineTransform (0x7f9a385d5dc0)
  RTTI typeinfo:   itk::AffineTransform<double, 3u>
  Reference Count: 1
  Modified Time: 140883975
  Debug: Off
  Object Name: 
  Observers: 
    none
  Matrix: 
    3.00003 0 0 
    0 3.00003 0 
    0 0 3.00003 
  Offset: [16.7993, 136.8, 160]
  Center: [0, 0, 0]
  Translation: [16.7993, 136.8, 160]
  Inverse: 
    0.33333 0 0 
    0 0.33333 0 
    0 0 0.33333 
  Singular: 0
Constructing image-to-world transform from header information (T2isotropic.mgz)
Returning the following transform: 
AffineTransform (0x7f9a385f9f90)
  RTTI typeinfo:   itk::AffineTransform<double, 3u>
  Reference Count: 1
  Modified Time: 140889291
  Debug: Off
  Object Name: 
  Observers: 
    none
  Matrix: 
    0.33333 0 0 
    0 0.33333 0 
    0 0 0.33333 
  Offset: [-10.933, -82.9325, -49.333]
  Center: [0, 0, 0]
  Translation: [-10.933, -82.9325, -49.333]
  Inverse: 
    3.00003 0 0 
    0 3.00003 0 
    0 0 3.00003 
  Singular: 0
Constructing image-to-world transform from header information (/home/stone-ext1/freesurfer/subjects/FS6EXPERT_subj01/tmp/hippoSF_T1T2_v10_HST1T2_right/imageDump.mgz)
Returning the following transform: 
AffineTransform (0x7f9a38623d30)
  RTTI typeinfo:   itk::AffineTransform<double, 3u>
  Reference Count: 1
  Modified Time: 140891923
  Debug: Off
  Object Name: 
  Observers: 
    none
  Matrix: 
    -0.300715 0.0172327 -0.0338459 
    -0.0334099 0.217046 0.162033 
    0.0561101 -0.124875 0.293977 
  Offset: [41.5097, -34.1771, -16.8369]
  Center: [0, 0, 0]
  Translation: [41.5097, -34.1771, -16.8369]
  Inverse: 
    -3.40586 0.0340228 -0.410873 
    -0.766494 3.5057 -2.0205 
    0.324472 1.48265 2.62178 
  Singular: 0
Transform before cropping: 
AffineTransform (0x7f9a38623d30)
  RTTI typeinfo:   itk::AffineTransform<double, 3u>
  Reference Count: 1
  Modified Time: 140891925
  Debug: Off
  Object Name: 
  Observers: 
    none
  Matrix: 
    -0.902153 0.0516986 -0.101539 
    -0.100231 0.651146 0.486104 
    0.168332 -0.374628 0.88194 
  Offset: [157.33, 146.268, 97.4891]
  Center: [0, 0, 0]
  Translation: [157.33, 146.268, 97.4891]
  Inverse: 
    -1.13527 0.0113408 -0.136956 
    -0.255495 1.16855 -0.673495 
    0.108156 0.49421 0.87392 
  Singular: 0
WorldToImageTransform before cropping: 
AffineTransform (0x7f9a385c6040)
  RTTI typeinfo:   itk::AffineTransform<double, 3u>
  Reference Count: 1
  Modified Time: 140891927
  Debug: Off
  Object Name: 
  Observers: 
    none
  Matrix: 
    3.00003 0 0 
    0 3.00003 0 
    0 0 3.00003 
  Offset: [32.7993, 248.8, 148]
  Center: [0, 0, 0]
  Translation: [32.7993, 248.8, 148]
  Inverse: 
    0.33333 0 0 
    0 0.33333 0 
    0 0 0.33333 
  Singular: 0
 m_BoundingBoxSize: [131, 241,99]
 minimalMappedCoordinate: [30.099, 133.238,7.57852]
 maximalMappedCoordinate: [169.737, 350.181,205.802]
Cropping with min [16  112  -12]
          and max [184  372  225]
m_OriginalImageRegion before checking margins: ImageRegion (0x7f9a384ebaf8)
  Dimension: 3
  Index: [16, 112, -12]
  Size: [169, 261, 238]

m_CroppedImageRegion before checking margins: ImageRegion (0x7f9a384ebac0)
  Dimension: 3
  Index: [0, 0, 0]
  Size: [169, 261, 238]


m_OriginalImageRegion after checking margins: ImageRegion (0x7f9a384ebaf8)
  Dimension: 3
  Index: [16, 112, 0]
  Size: [169, 261, 212]

m_CroppedImageRegion after checking margins: ImageRegion (0x7f9a384ebac0)
  Dimension: 3
  Index: [0, 0, 12]
  Size: [169, 261, 212]

Transform after cropping: 
AffineTransform (0x7f9a38623d30)
  RTTI typeinfo:   itk::AffineTransform<double, 3u>
  Reference Count: 1
  Modified Time: 140894559
  Debug: Off
  Object Name: 
  Observers: 
    none
  Matrix: 
    -0.902153 0.0516986 -0.101539 
    -0.100231 0.651146 0.486104 
    0.168332 -0.374628 0.88194 
  Offset: [141.33, 34.2679, 109.489]
  Center: [0, 0, 0]
  Translation: [141.33, 34.2679, 109.489]
  Inverse: 
    -1.13527 0.0113408 -0.136956 
    -0.255495 1.16855 -0.673495 
    0.108156 0.49421 0.87392 
  Singular: 0
WorldToImageTransform after cropping: 
AffineTransform (0x7f9a385c6040)
  RTTI typeinfo:   itk::AffineTransform<double, 3u>
  Reference Count: 1
  Modified Time: 140894560
  Debug: Off
  Object Name: 
  Observers: 
    none
  Matrix: 
    3.00003 0 0 
    0 3.00003 0 
    0 0 3.00003 
  Offset: [16.7993, 136.8, 160]
  Center: [0, 0, 0]
  Translation: [16.7993, 136.8, 160]
  Inverse: 
    0.33333 0 0 
    0 0.33333 0 
    0 0 0.33333 
  Singular: 0
Transforming points
Transforming points
Transforming points
Transforming points
Transforming points
Transforming points
Transforming points
Transforming points
Transforming points
Transforming points
Transforming points
Transforming points
Transforming points
Transforming points
Transforming points
Transforming points
Transforming points
Transforming points
Transforming points
Transforming points
Transforming points
Transforming points
Transforming points
Transforming points
Transforming points
Transforming points
Transforming points
Transforming points
Transforming points
Transforming points
Transforming points
Transforming points
Transforming points
Transforming points
Transforming points
Transforming points
Transforming points
Transforming points
Transforming points
Transforming points
Careful here: the applied transformation will turn positive tetrahedra into negative ones.
-0.902153 0.0516986 -0.101539
-0.100231 0.651146 0.486104
0.168332 -0.374628 0.88194

 determinant: -0.666252
Starting to swap the point assignments of each tetrahedron...
numberOfLabels: 25
Rasterizing mesh...here: 25
here2: 25
done
Reading contexts of file /home/stone/software/freesurfer_stable_600/average/HippoSF/atlas/compressionLookupTable.txt
--------------
Making Left-Cerebral-Cortex map to reduced label 1
Making Left-Amygdala map to reduced label 1
Making subiculum map to reduced label 1
Making Hippocampal_tail map to reduced label 1
Making GC-ML-DG map to reduced label 1
Making CA4 map to reduced label 1
Making presubiculum map to reduced label 1
Making CA1 map to reduced label 1
Making parasubiculum map to reduced label 1
Making CA3 map to reduced label 1
Making HATA map to reduced label 1
--------------
Making Left-Cerebral-White-Matter map to reduced label 2
Making fimbria map to reduced label 2
--------------
Making molecular_layer_HP map to reduced label 3
--------------
Making alveus map to reduced label 4
--------------
Making hippocampal-fissure map to reduced label 5
--------------
Making Left-Lateral-Ventricle map to reduced label 6
--------------
Making Left-Pallidum map to reduced label 7
--------------
Making Left-Putamen map to reduced label 8
--------------
Making Left-Caudate map to reduced label 9
--------------
Making Left-Thalamus-Proper map to reduced label 10
--------------
Making Left-choroid-plexus map to reduced label 11
--------------
Making Left-VentralDC map to reduced label 12
--------------
Making Left-Accumbens-area map to reduced label 13
--------------
Making Unknown map to reduced label 14
Computing hyperparameters for estimation of Gaussians parameters
Estimating typical intensities of molecular layer and alveus
numberOfLabels: 14
Rasterizing mesh...here: 14
here2: 14
done
Smoothing mesh collection with kernel size 1.500000 ...Smoothing class: 0
Smoothing class: 1
Smoothing class: 2
Smoothing class: 3
Smoothing class: 4
Smoothing class: 5
Smoothing class: 6
Smoothing class: 7
Smoothing class: 8
Smoothing class: 9
Smoothing class: 10
Smoothing class: 11
Smoothing class: 12
Smoothing class: 13
done
numberOfImages = 2
Image: 0
Image: 2
Iteration 1 of 7
numberOfLabels: 14
Rasterizing mesh...here: 14
here2: 14
done
1 0.0034839
2 0.0024455
3 0.0022228
4 0.0014012
5 0.0036098
6 0.00018396
7 0.00060343
8 0.0016745
9 0.0013874
10 0.0020801
11 0.00055474
12 0.0036237
13 0.0055772
14 0.0010224

minLogLikelihood =

   5.6073e+06


minLogLikelihood =

   5.4395e+06


minLogLikelihood =

   5.4234e+06


minLogLikelihood =

   5.4214e+06


minLogLikelihood =

   5.4210e+06


minLogLikelihood =

   5.4208e+06


minLogLikelihood =

   5.4208e+06

EM converged!
numberOfClasses = 14
numberOfImages = 2
precisions[0][0][0] = 0.052634
precisions[0][1][0] = 0.003525
precisions[1][0][0] = 0.003525
precisions[1][1][0] = 0.000547
precisions[0][0][1] = 0.054279
precisions[0][1][1] = 0.004853
precisions[1][0][1] = 0.004853
precisions[1][1][1] = 0.000748
precisions[0][0][2] = 0.097121
precisions[0][1][2] = 0.001099
precisions[1][0][2] = 0.001099
precisions[1][1][2] = 0.000127
precisions[0][0][3] = 0.050994
precisions[0][1][3] = 0.003472
precisions[1][0][3] = 0.003472
precisions[1][1][3] = 0.000263
precisions[0][0][4] = 0.032806
precisions[0][1][4] = 0.002645
precisions[1][0][4] = 0.002645
precisions[1][1][4] = 0.000415
precisions[0][0][5] = 0.019510
precisions[0][1][5] = 0.001564
precisions[1][0][5] = 0.001564
precisions[1][1][5] = 0.000136
precisions[0][0][6] = 0.169543
precisions[0][1][6] = 0.005437
precisions[1][0][6] = 0.005437
precisions[1][1][6] = 0.000772
precisions[0][0][7] = 0.036239
precisions[0][1][7] = 0.002720
precisions[1][0][7] = 0.002720
precisions[1][1][7] = 0.000247
precisions[0][0][8] = 0.304663
precisions[0][1][8] = 0.042146
precisions[1][0][8] = 0.042146
precisions[1][1][8] = 0.006009
precisions[0][0][9] = 0.065484
precisions[0][1][9] = 0.006326
precisions[1][0][9] = 0.006326
precisions[1][1][9] = 0.000778
precisions[0][0][10] = 0.021042
precisions[0][1][10] = 0.001122
precisions[1][0][10] = 0.001122
precisions[1][1][10] = 0.000079
precisions[0][0][11] = 0.037086
precisions[0][1][11] = 0.002636
precisions[1][0][11] = 0.002636
precisions[1][1][11] = 0.000378
precisions[0][0][12] = 0.223346
precisions[0][1][12] = 0.023106
precisions[1][0][12] = 0.023106
precisions[1][1][12] = 0.003798
precisions[0][0][13] = 0.003703
precisions[0][1][13] = 0.000018
precisions[1][0][13] = 0.000018
precisions[1][1][13] = 0.000014
means[0][0] = 72.070633
means[1][0] = 545.848572
means[0][1] = 94.714928
means[1][1] = 345.959595
means[0][2] = 71.974571
means[1][2] = 479.792114
means[0][3] = 82.746796
means[1][3] = 558.687927
means[0][4] = 61.561275
means[1][4] = 638.303528
means[0][5] = 33.777828
means[1][5] = 1111.751221
means[0][6] = 100.931480
means[1][6] = 263.763977
means[0][7] = 88.643120
means[1][7] = 400.267120
means[0][8] = 83.999939
means[1][8] = 463.000153
means[0][9] = 92.633087
means[1][9] = 372.766815
means[0][10] = 61.364014
means[1][10] = 731.470276
means[0][11] = 94.790619
means[1][11] = 351.466705
means[0][12] = 75.999527
means[1][12] = 520.500000
means[0][13] = 41.211933
means[1][13] = 536.030823
Resolution level 1 iteration 1 deformation iterations 1
Did one deformation step of max. 0.5 voxels in 5.8459 seconds

minLogLikelihoodTimesPrior =

   5.5239e+06

Resolution level 1 iteration 1 deformation iterations 2
Did one deformation step of max. 0.41326 voxels in 3.5142 seconds

minLogLikelihoodTimesPrior =

   5.5198e+06

Resolution level 1 iteration 1 deformation iterations 3
Did one deformation step of max. 0.51597 voxels in 2.8513 seconds

minLogLikelihoodTimesPrior =

   5.5124e+06

Resolution level 1 iteration 1 deformation iterations 4
Did one deformation step of max. 0.21313 voxels in 3.3348 seconds

minLogLikelihoodTimesPrior =

   5.5089e+06

Resolution level 1 iteration 1 deformation iterations 5
Did one deformation step of max. 0.30655 voxels in 2.8396 seconds

minLogLikelihoodTimesPrior =

   5.5025e+06

Resolution level 1 iteration 1 deformation iterations 6
Did one deformation step of max. 0.28088 voxels in 4.2251 seconds

minLogLikelihoodTimesPrior =

   5.4996e+06

Resolution level 1 iteration 1 deformation iterations 7
Did one deformation step of max. 0.40818 voxels in 2.8203 seconds

minLogLikelihoodTimesPrior =

   5.4947e+06

Resolution level 1 iteration 1 deformation iterations 8
Did one deformation step of max. 0.26309 voxels in 2.8985 seconds

minLogLikelihoodTimesPrior =

   5.4904e+06

Resolution level 1 iteration 1 deformation iterations 9
Did one deformation step of max. 0.11004 voxels in 3.151 seconds

minLogLikelihoodTimesPrior =

   5.4904e+06

Resolution level 1 iteration 1 deformation iterations 10
Did one deformation step of max. 0.0017788 voxels in 2.8223 seconds

minLogLikelihoodTimesPrior =

   5.4903e+06

Resolution level 1 iteration 1 deformation iterations 11
Did one deformation step of max. 0.00043861 voxels in 2.7664 seconds

minLogLikelihoodTimesPrior =

   5.4902e+06

Resolution level 1 iteration 1 deformation iterations 12
Did one deformation step of max. 0.0066886 voxels in 2.7573 seconds

minLogLikelihoodTimesPrior =

   5.4901e+06

Resolution level 1 iteration 1 deformation iterations 13
Did one deformation step of max. 0.00101 voxels in 2.7382 seconds

minLogLikelihoodTimesPrior =

   5.4898e+06

Resolution level 1 iteration 1 deformation iterations 14
Did one deformation step of max. 0.0022884 voxels in 2.8491 seconds

minLogLikelihoodTimesPrior =

   5.4894e+06

Resolution level 1 iteration 1 deformation iterations 15
Did one deformation step of max. 0.056842 voxels in 2.7379 seconds

minLogLikelihoodTimesPrior =

   5.4892e+06

Resolution level 1 iteration 1 deformation iterations 16
Did one deformation step of max. 0.0030139 voxels in 2.745 seconds

minLogLikelihoodTimesPrior =

   5.4889e+06

Resolution level 1 iteration 1 deformation iterations 17
Did one deformation step of max. 0.0077809 voxels in 2.8124 seconds

minLogLikelihoodTimesPrior =

   5.4885e+06

Resolution level 1 iteration 1 deformation iterations 18
Did one deformation step of max. 0.20738 voxels in 2.8047 seconds

minLogLikelihoodTimesPrior =

   5.4879e+06

Resolution level 1 iteration 1 deformation iterations 19
Did one deformation step of max. 0.039188 voxels in 3.138 seconds

minLogLikelihoodTimesPrior =

   5.4876e+06

Resolution level 1 iteration 1 deformation iterations 20
Did one deformation step of max. 0.063694 voxels in 2.9955 seconds

minLogLikelihoodTimesPrior =

   5.4870e+06

Iteration 2 of 7
numberOfLabels: 14
Rasterizing mesh...here: 14
here2: 14
done

minLogLikelihood =

   5.4097e+06


minLogLikelihood =

   5.4095e+06


minLogLikelihood =

   5.4095e+06

EM converged!
numberOfClasses = 14
numberOfImages = 2
precisions[0][0][0] = 0.053187
precisions[0][1][0] = 0.003570
precisions[1][0][0] = 0.003570
precisions[1][1][0] = 0.000556
precisions[0][0][1] = 0.054609
precisions[0][1][1] = 0.004892
precisions[1][0][1] = 0.004892
precisions[1][1][1] = 0.000758
precisions[0][0][2] = 0.109015
precisions[0][1][2] = 0.001251
precisions[1][0][2] = 0.001251
precisions[1][1][2] = 0.000129
precisions[0][0][3] = 0.052789
precisions[0][1][3] = 0.003606
precisions[1][0][3] = 0.003606
precisions[1][1][3] = 0.000276
precisions[0][0][4] = 0.033012
precisions[0][1][4] = 0.002562
precisions[1][0][4] = 0.002562
precisions[1][1][4] = 0.000415
precisions[0][0][5] = 0.019513
precisions[0][1][5] = 0.001570
precisions[1][0][5] = 0.001570
precisions[1][1][5] = 0.000137
precisions[0][0][6] = 0.166717
precisions[0][1][6] = 0.004904
precisions[1][0][6] = 0.004904
precisions[1][1][6] = 0.000835
precisions[0][0][7] = 0.036285
precisions[0][1][7] = 0.002725
precisions[1][0][7] = 0.002725
precisions[1][1][7] = 0.000248
precisions[0][0][8] = 0.355583
precisions[0][1][8] = 0.049275
precisions[1][0][8] = 0.049275
precisions[1][1][8] = 0.007005
precisions[0][0][9] = 0.067990
precisions[0][1][9] = 0.006504
precisions[1][0][9] = 0.006504
precisions[1][1][9] = 0.000804
precisions[0][0][10] = 0.020963
precisions[0][1][10] = 0.001118
precisions[1][0][10] = 0.001118
precisions[1][1][10] = 0.000079
precisions[0][0][11] = 0.038017
precisions[0][1][11] = 0.002612
precisions[1][0][11] = 0.002612
precisions[1][1][11] = 0.000383
precisions[0][0][12] = 0.235820
precisions[0][1][12] = 0.025234
precisions[1][0][12] = 0.025234
precisions[1][1][12] = 0.004295
precisions[0][0][13] = 0.003681
precisions[0][1][13] = 0.000018
precisions[1][0][13] = 0.000018
precisions[1][1][13] = 0.000014
means[0][0] = 72.071877
means[1][0] = 545.817383
means[0][1] = 94.732773
means[1][1] = 345.684540
means[0][2] = 71.959976
means[1][2] = 479.440002
means[0][3] = 82.811264
means[1][3] = 557.686890
means[0][4] = 61.541676
means[1][4] = 638.463196
means[0][5] = 33.866493
means[1][5] = 1110.949463
means[0][6] = 100.939735
means[1][6] = 263.595642
means[0][7] = 88.640869
means[1][7] = 400.319489
means[0][8] = 83.999939
means[1][8] = 463.000122
means[0][9] = 92.661255
means[1][9] = 372.498718
means[0][10] = 61.606030
means[1][10] = 728.536133
means[0][11] = 94.864075
means[1][11] = 350.952515
means[0][12] = 75.999550
means[1][12] = 520.499817
means[0][13] = 41.248516
means[1][13] = 535.931396
Resolution level 1 iteration 2 deformation iterations 1
Did one deformation step of max. 0.5 voxels in 7.0598 seconds

minLogLikelihoodTimesPrior =

   5.4859e+06

Resolution level 1 iteration 2 deformation iterations 2
Did one deformation step of max. 0.085954 voxels in 2.8511 seconds

minLogLikelihoodTimesPrior =

   5.4844e+06

Resolution level 1 iteration 2 deformation iterations 3
Did one deformation step of max. 0.28014 voxels in 7.9477 seconds

minLogLikelihoodTimesPrior =

   5.4841e+06

Resolution level 1 iteration 2 deformation iterations 4
Did one deformation step of max. 0.035075 voxels in 2.8047 seconds

minLogLikelihoodTimesPrior =

   5.4834e+06

Resolution level 1 iteration 2 deformation iterations 5
Did one deformation step of max. 0.13526 voxels in 2.8061 seconds

minLogLikelihoodTimesPrior =

   5.4822e+06

Resolution level 1 iteration 2 deformation iterations 6
Did one deformation step of max. 0.14218 voxels in 2.7822 seconds

minLogLikelihoodTimesPrior =

   5.4798e+06

Resolution level 1 iteration 2 deformation iterations 7
Did one deformation step of max. 0.30686 voxels in 2.7768 seconds

minLogLikelihoodTimesPrior =

   5.4753e+06

Resolution level 1 iteration 2 deformation iterations 8
Did one deformation step of max. 0.24812 voxels in 3.7916 seconds

minLogLikelihoodTimesPrior =

   5.4714e+06

Resolution level 1 iteration 2 deformation iterations 9
Did one deformation step of max. 0.41741 voxels in 4.9473 seconds

minLogLikelihoodTimesPrior =

   5.4682e+06

Resolution level 1 iteration 2 deformation iterations 10
Did one deformation step of max. 0.32315 voxels in 2.8519 seconds

minLogLikelihoodTimesPrior =

   5.4653e+06

Resolution level 1 iteration 2 deformation iterations 11
Did one deformation step of max. 0.25485 voxels in 3.0052 seconds

minLogLikelihoodTimesPrior =

   5.4626e+06

Resolution level 1 iteration 2 deformation iterations 12
Did one deformation step of max. 0.60235 voxels in 2.8441 seconds

minLogLikelihoodTimesPrior =

   5.4581e+06

Resolution level 1 iteration 2 deformation iterations 13
Did one deformation step of max. 0.17625 voxels in 5.3272 seconds

minLogLikelihoodTimesPrior =

   5.4564e+06

Resolution level 1 iteration 2 deformation iterations 14
Did one deformation step of max. 0.16148 voxels in 3.0612 seconds

minLogLikelihoodTimesPrior =

   5.4562e+06

Resolution level 1 iteration 2 deformation iterations 15
Did one deformation step of max. 0.019732 voxels in 3.5754 seconds

minLogLikelihoodTimesPrior =

   5.4560e+06

Resolution level 1 iteration 2 deformation iterations 16
Did one deformation step of max. 0.0041825 voxels in 3.4443 seconds

minLogLikelihoodTimesPrior =

   5.4558e+06

Resolution level 1 iteration 2 deformation iterations 17
Did one deformation step of max. 0.0069545 voxels in 10.0347 seconds

minLogLikelihoodTimesPrior =

   5.4557e+06

Resolution level 1 iteration 2 deformation iterations 18
Did one deformation step of max. 0.0013831 voxels in 3.0348 seconds

minLogLikelihoodTimesPrior =

   5.4556e+06

Resolution level 1 iteration 2 deformation iterations 19
Did one deformation step of max. 0.010096 voxels in 2.9931 seconds

minLogLikelihoodTimesPrior =

   5.4556e+06

Resolution level 1 iteration 2 deformation iterations 20
Did one deformation step of max. 0.00014639 voxels in 3.0059 seconds

minLogLikelihoodTimesPrior =

   5.4556e+06

Iteration 3 of 7
numberOfLabels: 14
Rasterizing mesh...here: 14
here2: 14
done

minLogLikelihood =

   5.4001e+06


minLogLikelihood =

   5.3999e+06


minLogLikelihood =

   5.3999e+06

EM converged!
numberOfClasses = 14
numberOfImages = 2
precisions[0][0][0] = 0.053702
precisions[0][1][0] = 0.003603
precisions[1][0][0] = 0.003603
precisions[1][1][0] = 0.000564
precisions[0][0][1] = 0.054871
precisions[0][1][1] = 0.004934
precisions[1][0][1] = 0.004934
precisions[1][1][1] = 0.000768
precisions[0][0][2] = 0.119812
precisions[0][1][2] = 0.001424
precisions[1][0][2] = 0.001424
precisions[1][1][2] = 0.000133
precisions[0][0][3] = 0.053784
precisions[0][1][3] = 0.003703
precisions[1][0][3] = 0.003703
precisions[1][1][3] = 0.000291
precisions[0][0][4] = 0.032761
precisions[0][1][4] = 0.002368
precisions[1][0][4] = 0.002368
precisions[1][1][4] = 0.000399
precisions[0][0][5] = 0.019434
precisions[0][1][5] = 0.001568
precisions[1][0][5] = 0.001568
precisions[1][1][5] = 0.000137
precisions[0][0][6] = 0.162811
precisions[0][1][6] = 0.004280
precisions[1][0][6] = 0.004280
precisions[1][1][6] = 0.000915
precisions[0][0][7] = 0.036407
precisions[0][1][7] = 0.002738
precisions[1][0][7] = 0.002738
precisions[1][1][7] = 0.000250
precisions[0][0][8] = 0.393863
precisions[0][1][8] = 0.054495
precisions[1][0][8] = 0.054495
precisions[1][1][8] = 0.007717
precisions[0][0][9] = 0.070199
precisions[0][1][9] = 0.006636
precisions[1][0][9] = 0.006636
precisions[1][1][9] = 0.000828
precisions[0][0][10] = 0.020963
precisions[0][1][10] = 0.001119
precisions[1][0][10] = 0.001119
precisions[1][1][10] = 0.000079
precisions[0][0][11] = 0.038871
precisions[0][1][11] = 0.002588
precisions[1][0][11] = 0.002588
precisions[1][1][11] = 0.000387
precisions[0][0][12] = 0.236696
precisions[0][1][12] = 0.025987
precisions[1][0][12] = 0.025987
precisions[1][1][12] = 0.004629
precisions[0][0][13] = 0.003659
precisions[0][1][13] = 0.000018
precisions[1][0][13] = 0.000018
precisions[1][1][13] = 0.000014
means[0][0] = 72.062675
means[1][0] = 545.860535
means[0][1] = 94.734062
means[1][1] = 345.533752
means[0][2] = 71.948708
means[1][2] = 478.926025
means[0][3] = 82.885818
means[1][3] = 556.395996
means[0][4] = 61.518120
means[1][4] = 638.667725
means[0][5] = 33.967888
means[1][5] = 1109.935059
means[0][6] = 100.948250
means[1][6] = 263.422302
means[0][7] = 88.639648
means[1][7] = 400.357605
means[0][8] = 83.999939
means[1][8] = 463.000122
means[0][9] = 92.692017
means[1][9] = 372.196747
means[0][10] = 61.732437
means[1][10] = 728.098633
means[0][11] = 94.936501
means[1][11] = 350.488342
means[0][12] = 75.999565
means[1][12] = 520.499695
means[0][13] = 41.270947
means[1][13] = 535.745667
Resolution level 1 iteration 3 deformation iterations 1
Did one deformation step of max. 1 voxels in 6.0348 seconds

minLogLikelihoodTimesPrior =

   5.4538e+06

Resolution level 1 iteration 3 deformation iterations 2
Did one deformation step of max. 0.35611 voxels in 5.7637 seconds

minLogLikelihoodTimesPrior =

   5.4533e+06

Resolution level 1 iteration 3 deformation iterations 3
Did one deformation step of max. 0.3173 voxels in 2.9223 seconds

minLogLikelihoodTimesPrior =

   5.4524e+06

Resolution level 1 iteration 3 deformation iterations 4
Did one deformation step of max. 0.41307 voxels in 2.8842 seconds

minLogLikelihoodTimesPrior =

   5.4507e+06

Resolution level 1 iteration 3 deformation iterations 5
Did one deformation step of max. 0.44889 voxels in 3.0111 seconds

minLogLikelihoodTimesPrior =

   5.4480e+06

Resolution level 1 iteration 3 deformation iterations 6
Did one deformation step of max. 0.18723 voxels in 5.0608 seconds

minLogLikelihoodTimesPrior =

   5.4471e+06

Resolution level 1 iteration 3 deformation iterations 7
Did one deformation step of max. 0.11019 voxels in 5.7995 seconds

minLogLikelihoodTimesPrior =

   5.4463e+06

Resolution level 1 iteration 3 deformation iterations 8
Did one deformation step of max. 0.072706 voxels in 2.9755 seconds

minLogLikelihoodTimesPrior =

   5.4460e+06

Resolution level 1 iteration 3 deformation iterations 9
Did one deformation step of max. 0.2378 voxels in 3.1463 seconds

minLogLikelihoodTimesPrior =

   5.4458e+06

Resolution level 1 iteration 3 deformation iterations 10
Did one deformation step of max. 0.22553 voxels in 3.2798 seconds

minLogLikelihoodTimesPrior =

   5.4455e+06

Resolution level 1 iteration 3 deformation iterations 11
Did one deformation step of max. 0.09366 voxels in 3.0235 seconds

minLogLikelihoodTimesPrior =

   5.4450e+06

Resolution level 1 iteration 3 deformation iterations 12
Did one deformation step of max. 0.11764 voxels in 3.017 seconds

minLogLikelihoodTimesPrior =

   5.4439e+06

Resolution level 1 iteration 3 deformation iterations 13
Did one deformation step of max. 0.29122 voxels in 2.959 seconds

minLogLikelihoodTimesPrior =

   5.4419e+06

Resolution level 1 iteration 3 deformation iterations 14
Did one deformation step of max. 0.19491 voxels in 4.3687 seconds

minLogLikelihoodTimesPrior =

   5.4400e+06

Resolution level 1 iteration 3 deformation iterations 15
Did one deformation step of max. 0.21983 voxels in 3.5053 seconds

minLogLikelihoodTimesPrior =

   5.4382e+06

Resolution level 1 iteration 3 deformation iterations 16
Did one deformation step of max. 0.4458 voxels in 3.0225 seconds

minLogLikelihoodTimesPrior =

   5.4350e+06

Resolution level 1 iteration 3 deformation iterations 17
Did one deformation step of max. 0.33965 voxels in 4.7743 seconds

minLogLikelihoodTimesPrior =

   5.4321e+06

Resolution level 1 iteration 3 deformation iterations 18
Did one deformation step of max. 0.45062 voxels in 3.5099 seconds

minLogLikelihoodTimesPrior =

   5.4299e+06

Resolution level 1 iteration 3 deformation iterations 19
Did one deformation step of max. 0.2668 voxels in 3.5904 seconds

minLogLikelihoodTimesPrior =

   5.4279e+06

Resolution level 1 iteration 3 deformation iterations 20
Did one deformation step of max. 0.60109 voxels in 3.1253 seconds

minLogLikelihoodTimesPrior =

   5.4262e+06

Iteration 4 of 7
numberOfLabels: 14
Rasterizing mesh...here: 14
here2: 14
done

minLogLikelihood =

   5.3919e+06


minLogLikelihood =

   5.3917e+06


minLogLikelihood =

   5.3917e+06


minLogLikelihood =

   5.3916e+06

EM converged!
numberOfClasses = 14
numberOfImages = 2
precisions[0][0][0] = 0.054276
precisions[0][1][0] = 0.003642
precisions[1][0][0] = 0.003642
precisions[1][1][0] = 0.000573
precisions[0][0][1] = 0.055073
precisions[0][1][1] = 0.004976
precisions[1][0][1] = 0.004976
precisions[1][1][1] = 0.000777
precisions[0][0][2] = 0.133911
precisions[0][1][2] = 0.001683
precisions[1][0][2] = 0.001683
precisions[1][1][2] = 0.000138
precisions[0][0][3] = 0.054275
precisions[0][1][3] = 0.003826
precisions[1][0][3] = 0.003826
precisions[1][1][3] = 0.000319
precisions[0][0][4] = 0.032559
precisions[0][1][4] = 0.002031
precisions[1][0][4] = 0.002031
precisions[1][1][4] = 0.000368
precisions[0][0][5] = 0.019242
precisions[0][1][5] = 0.001558
precisions[1][0][5] = 0.001558
precisions[1][1][5] = 0.000136
precisions[0][0][6] = 0.156827
precisions[0][1][6] = 0.003190
precisions[1][0][6] = 0.003190
precisions[1][1][6] = 0.001040
precisions[0][0][7] = 0.036533
precisions[0][1][7] = 0.002751
precisions[1][0][7] = 0.002751
precisions[1][1][7] = 0.000251
precisions[0][0][8] = 0.449318
precisions[0][1][8] = 0.061920
precisions[1][0][8] = 0.061920
precisions[1][1][8] = 0.008707
precisions[0][0][9] = 0.071866
precisions[0][1][9] = 0.006721
precisions[1][0][9] = 0.006721
precisions[1][1][9] = 0.000851
precisions[0][0][10] = 0.020895
precisions[0][1][10] = 0.001113
precisions[1][0][10] = 0.001113
precisions[1][1][10] = 0.000079
precisions[0][0][11] = 0.039755
precisions[0][1][11] = 0.002571
precisions[1][0][11] = 0.002571
precisions[1][1][11] = 0.000393
precisions[0][0][12] = 0.223281
precisions[0][1][12] = 0.025222
precisions[1][0][12] = 0.025222
precisions[1][1][12] = 0.004924
precisions[0][0][13] = 0.003634
precisions[0][1][13] = 0.000019
precisions[1][0][13] = 0.000019
precisions[1][1][13] = 0.000014
means[0][0] = 72.048363
means[1][0] = 545.899109
means[0][1] = 94.723770
means[1][1] = 345.453339
means[0][2] = 71.935669
means[1][2] = 478.477936
means[0][3] = 82.997520
means[1][3] = 554.331543
means[0][4] = 61.488964
means[1][4] = 638.930054
means[0][5] = 34.099442
means[1][5] = 1108.672852
means[0][6] = 100.958382
means[1][6] = 263.225159
means[0][7] = 88.639000
means[1][7] = 400.381744
means[0][8] = 83.999947
means[1][8] = 463.000122
means[0][9] = 92.721786
means[1][9] = 371.890045
means[0][10] = 61.806629
means[1][10] = 729.109497
means[0][11] = 95.013786
means[1][11] = 350.012390
means[0][12] = 75.999573
means[1][12] = 520.499634
means[0][13] = 41.287983
means[1][13] = 535.507385
Resolution level 1 iteration 4 deformation iterations 1
Did one deformation step of max. 0.5 voxels in 6.6957 seconds

minLogLikelihoodTimesPrior =

   5.4256e+06

Resolution level 1 iteration 4 deformation iterations 2
Did one deformation step of max. 0.1827 voxels in 3.0404 seconds

minLogLikelihoodTimesPrior =

   5.4252e+06

Resolution level 1 iteration 4 deformation iterations 3
Did one deformation step of max. 0.19776 voxels in 3.2711 seconds

minLogLikelihoodTimesPrior =

   5.4245e+06

Resolution level 1 iteration 4 deformation iterations 4
Did one deformation step of max. 0.21683 voxels in 3.0188 seconds

minLogLikelihoodTimesPrior =

   5.4232e+06

Resolution level 1 iteration 4 deformation iterations 5
Did one deformation step of max. 0.1511 voxels in 4.9959 seconds

minLogLikelihoodTimesPrior =

   5.4220e+06

Resolution level 1 iteration 4 deformation iterations 6
Did one deformation step of max. 0.25046 voxels in 4.6893 seconds

minLogLikelihoodTimesPrior =

   5.4209e+06

Resolution level 1 iteration 4 deformation iterations 7
Did one deformation step of max. 0.18245 voxels in 6.6035 seconds

minLogLikelihoodTimesPrior =

   5.4200e+06

Resolution level 1 iteration 4 deformation iterations 8
Did one deformation step of max. 0.33272 voxels in 5.4832 seconds

minLogLikelihoodTimesPrior =

   5.4198e+06

Resolution level 1 iteration 4 deformation iterations 9
Did one deformation step of max. 0.21943 voxels in 3.0642 seconds

minLogLikelihoodTimesPrior =

   5.4194e+06

Resolution level 1 iteration 4 deformation iterations 10
Did one deformation step of max. 0.22171 voxels in 3.0348 seconds

minLogLikelihoodTimesPrior =

   5.4186e+06

Resolution level 1 iteration 4 deformation iterations 11
Did one deformation step of max. 0.19924 voxels in 3.9468 seconds

minLogLikelihoodTimesPrior =

   5.4179e+06

Resolution level 1 iteration 4 deformation iterations 12
Did one deformation step of max. 0.27263 voxels in 4.3824 seconds

minLogLikelihoodTimesPrior =

   5.4178e+06

Resolution level 1 iteration 4 deformation iterations 13
Did one deformation step of max. 0.18457 voxels in 2.7999 seconds

minLogLikelihoodTimesPrior =

   5.4176e+06

Resolution level 1 iteration 4 deformation iterations 14
Did one deformation step of max. 0.16325 voxels in 2.7862 seconds

minLogLikelihoodTimesPrior =

   5.4174e+06

Resolution level 1 iteration 4 deformation iterations 15
Did one deformation step of max. 0.1518 voxels in 2.8413 seconds

minLogLikelihoodTimesPrior =

   5.4168e+06

Resolution level 1 iteration 4 deformation iterations 16
Did one deformation step of max. 0.26777 voxels in 2.7618 seconds

minLogLikelihoodTimesPrior =

   5.4159e+06

Resolution level 1 iteration 4 deformation iterations 17
Did one deformation step of max. 0.15925 voxels in 3.5074 seconds

minLogLikelihoodTimesPrior =

   5.4149e+06

Resolution level 1 iteration 4 deformation iterations 18
Did one deformation step of max. 0.3394 voxels in 2.7251 seconds

minLogLikelihoodTimesPrior =

   5.4134e+06

Resolution level 1 iteration 4 deformation iterations 19
Did one deformation step of max. 0.27049 voxels in 4.6327 seconds

minLogLikelihoodTimesPrior =

   5.4122e+06

Resolution level 1 iteration 4 deformation iterations 20
Did one deformation step of max. 0.49877 voxels in 3.983 seconds

minLogLikelihoodTimesPrior =

   5.4121e+06

Iteration 5 of 7
numberOfLabels: 14
Rasterizing mesh...here: 14
here2: 14
done

minLogLikelihood =

   5.3877e+06


minLogLikelihood =

   5.3876e+06


minLogLikelihood =

   5.3875e+06

EM converged!
numberOfClasses = 14
numberOfImages = 2
precisions[0][0][0] = 0.054658
precisions[0][1][0] = 0.003669
precisions[1][0][0] = 0.003669
precisions[1][1][0] = 0.000577
precisions[0][0][1] = 0.055140
precisions[0][1][1] = 0.004992
precisions[1][0][1] = 0.004992
precisions[1][1][1] = 0.000780
precisions[0][0][2] = 0.142180
precisions[0][1][2] = 0.001823
precisions[1][0][2] = 0.001823
precisions[1][1][2] = 0.000139
precisions[0][0][3] = 0.054039
precisions[0][1][3] = 0.003870
precisions[1][0][3] = 0.003870
precisions[1][1][3] = 0.000339
precisions[0][0][4] = 0.032878
precisions[0][1][4] = 0.001865
precisions[1][0][4] = 0.001865
precisions[1][1][4] = 0.000352
precisions[0][0][5] = 0.019193
precisions[0][1][5] = 0.001558
precisions[1][0][5] = 0.001558
precisions[1][1][5] = 0.000137
precisions[0][0][6] = 0.152508
precisions[0][1][6] = 0.002418
precisions[1][0][6] = 0.002418
precisions[1][1][6] = 0.001110
precisions[0][0][7] = 0.036568
precisions[0][1][7] = 0.002758
precisions[1][0][7] = 0.002758
precisions[1][1][7] = 0.000252
precisions[0][0][8] = 0.482746
precisions[0][1][8] = 0.066294
precisions[1][0][8] = 0.066294
precisions[1][1][8] = 0.009273
precisions[0][0][9] = 0.072577
precisions[0][1][9] = 0.006759
precisions[1][0][9] = 0.006759
precisions[1][1][9] = 0.000862
precisions[0][0][10] = 0.020779
precisions[0][1][10] = 0.001102
precisions[1][0][10] = 0.001102
precisions[1][1][10] = 0.000078
precisions[0][0][11] = 0.040308
precisions[0][1][11] = 0.002578
precisions[1][0][11] = 0.002578
precisions[1][1][11] = 0.000397
precisions[0][0][12] = 0.211304
precisions[0][1][12] = 0.024217
precisions[1][0][12] = 0.024217
precisions[1][1][12] = 0.005126
precisions[0][0][13] = 0.003627
precisions[0][1][13] = 0.000019
precisions[1][0][13] = 0.000019
precisions[1][1][13] = 0.000014
means[0][0] = 72.038422
means[1][0] = 545.891846
means[0][1] = 94.716042
means[1][1] = 345.430695
means[0][2] = 71.928345
means[1][2] = 478.387299
means[0][3] = 83.064468
means[1][3] = 553.046692
means[0][4] = 61.474693
means[1][4] = 639.048767
means[0][5] = 34.170856
means[1][5] = 1107.992432
means[0][6] = 100.963989
means[1][6] = 263.126892
means[0][7] = 88.638412
means[1][7] = 400.389984
means[0][8] = 83.999947
means[1][8] = 463.000122
means[0][9] = 92.734467
means[1][9] = 371.746277
means[0][10] = 61.894634
means[1][10] = 729.251282
means[0][11] = 95.057373
means[1][11] = 349.740082
means[0][12] = 75.999580
means[1][12] = 520.499573
means[0][13] = 41.285061
means[1][13] = 535.346008
Resolution level 1 iteration 5 deformation iterations 1
Did one deformation step of max. 0.5 voxels in 6.6265 seconds

minLogLikelihoodTimesPrior =

   5.4116e+06

Resolution level 1 iteration 5 deformation iterations 2
Did one deformation step of max. 0.25016 voxels in 2.7686 seconds

minLogLikelihoodTimesPrior =

   5.4113e+06

Resolution level 1 iteration 5 deformation iterations 3
Did one deformation step of max. 0.20553 voxels in 3.8817 seconds

minLogLikelihoodTimesPrior =

   5.4110e+06

Resolution level 1 iteration 5 deformation iterations 4
Did one deformation step of max. 0.076999 voxels in 4.1432 seconds

minLogLikelihoodTimesPrior =

   5.4110e+06

Resolution level 1 iteration 5 deformation iterations 5
Did one deformation step of max. 0.056037 voxels in 3.0975 seconds

minLogLikelihoodTimesPrior =

   5.4108e+06

Resolution level 1 iteration 5 deformation iterations 6
Did one deformation step of max. 0.021172 voxels in 17.6928 seconds

minLogLikelihoodTimesPrior =

   5.4108e+06

Resolution level 1 iteration 5 deformation iterations 7
Did one deformation step of max. 0.00061452 voxels in 2.8879 seconds

minLogLikelihoodTimesPrior =

   5.4108e+06

Resolution level 1 iteration 5 deformation iterations 8
Did one deformation step of max. 0.0029771 voxels in 2.9422 seconds

minLogLikelihoodTimesPrior =

   5.4108e+06

Resolution level 1 iteration 5 deformation iterations 9
Did one deformation step of max. 0.0058023 voxels in 2.8244 seconds

minLogLikelihoodTimesPrior =

   5.4108e+06

Resolution level 1 iteration 5 deformation iterations 10
Did one deformation step of max. 0.0091054 voxels in 2.6928 seconds

minLogLikelihoodTimesPrior =

   5.4108e+06

Resolution level 1 iteration 5 deformation iterations 11
Did one deformation step of max. 0.024815 voxels in 2.8034 seconds

minLogLikelihoodTimesPrior =

   5.4108e+06

Resolution level 1 iteration 5 deformation iterations 12
Did one deformation step of max. 0.039412 voxels in 2.8475 seconds

minLogLikelihoodTimesPrior =

   5.4107e+06

Resolution level 1 iteration 5 deformation iterations 13
Did one deformation step of max. 0.050637 voxels in 2.8608 seconds

minLogLikelihoodTimesPrior =

   5.4107e+06

Resolution level 1 iteration 5 deformation iterations 14
Did one deformation step of max. 0.17953 voxels in 2.8288 seconds

minLogLikelihoodTimesPrior =

   5.4106e+06

Resolution level 1 iteration 5 deformation iterations 15
Did one deformation step of max. 0.10673 voxels in 2.8372 seconds

minLogLikelihoodTimesPrior =

   5.4104e+06

Resolution level 1 iteration 5 deformation iterations 16
Did one deformation step of max. 0.069364 voxels in 2.8072 seconds

minLogLikelihoodTimesPrior =

   5.4102e+06

Resolution level 1 iteration 5 deformation iterations 17
Did one deformation step of max. 0.14662 voxels in 2.8097 seconds

minLogLikelihoodTimesPrior =

   5.4096e+06

Resolution level 1 iteration 5 deformation iterations 18
Did one deformation step of max. 0.17436 voxels in 2.812 seconds

minLogLikelihoodTimesPrior =

   5.4087e+06

Resolution level 1 iteration 5 deformation iterations 19
Did one deformation step of max. 0.4029 voxels in 3.0004 seconds

minLogLikelihoodTimesPrior =

   5.4074e+06

Resolution level 1 iteration 5 deformation iterations 20
Did one deformation step of max. 0.032961 voxels in 7.028 seconds

minLogLikelihoodTimesPrior =

   5.4072e+06

Iteration 6 of 7
numberOfLabels: 14
Rasterizing mesh...here: 14
here2: 14
done

minLogLikelihood =

   5.3861e+06


minLogLikelihood =

   5.3860e+06


minLogLikelihood =

   5.3860e+06

EM converged!
numberOfClasses = 14
numberOfImages = 2
precisions[0][0][0] = 0.054880
precisions[0][1][0] = 0.003685
precisions[1][0][0] = 0.003685
precisions[1][1][0] = 0.000580
precisions[0][0][1] = 0.055145
precisions[0][1][1] = 0.004998
precisions[1][0][1] = 0.004998
precisions[1][1][1] = 0.000782
precisions[0][0][2] = 0.149265
precisions[0][1][2] = 0.001928
precisions[1][0][2] = 0.001928
precisions[1][1][2] = 0.000139
precisions[0][0][3] = 0.053085
precisions[0][1][3] = 0.003836
precisions[1][0][3] = 0.003836
precisions[1][1][3] = 0.000350
precisions[0][0][4] = 0.033461
precisions[0][1][4] = 0.001762
precisions[1][0][4] = 0.001762
precisions[1][1][4] = 0.000340
precisions[0][0][5] = 0.019211
precisions[0][1][5] = 0.001563
precisions[1][0][5] = 0.001563
precisions[1][1][5] = 0.000137
precisions[0][0][6] = 0.150384
precisions[0][1][6] = 0.001887
precisions[1][0][6] = 0.001887
precisions[1][1][6] = 0.001156
precisions[0][0][7] = 0.036568
precisions[0][1][7] = 0.002759
precisions[1][0][7] = 0.002759
precisions[1][1][7] = 0.000252
precisions[0][0][8] = 0.521240
precisions[0][1][8] = 0.071319
precisions[1][0][8] = 0.071319
precisions[1][1][8] = 0.009925
precisions[0][0][9] = 0.072800
precisions[0][1][9] = 0.006772
precisions[1][0][9] = 0.006772
precisions[1][1][9] = 0.000866
precisions[0][0][10] = 0.020660
precisions[0][1][10] = 0.001092
precisions[1][0][10] = 0.001092
precisions[1][1][10] = 0.000077
precisions[0][0][11] = 0.040596
precisions[0][1][11] = 0.002584
precisions[1][0][11] = 0.002584
precisions[1][1][11] = 0.000400
precisions[0][0][12] = 0.201364
precisions[0][1][12] = 0.023122
precisions[1][0][12] = 0.023122
precisions[1][1][12] = 0.005396
precisions[0][0][13] = 0.003619
precisions[0][1][13] = 0.000019
precisions[1][0][13] = 0.000019
precisions[1][1][13] = 0.000014
means[0][0] = 72.032089
means[1][0] = 545.882446
means[0][1] = 94.709969
means[1][1] = 345.439606
means[0][2] = 71.923309
means[1][2] = 478.414429
means[0][3] = 83.107101
means[1][3] = 552.190186
means[0][4] = 61.465431
means[1][4] = 639.115051
means[0][5] = 34.219044
means[1][5] = 1107.541016
means[0][6] = 100.966805
means[1][6] = 263.082031
means[0][7] = 88.638481
means[1][7] = 400.391663
means[0][8] = 83.999947
means[1][8] = 463.000122
means[0][9] = 92.739540
means[1][9] = 371.686066
means[0][10] = 61.957020
means[1][10] = 729.203674
means[0][11] = 95.079498
means[1][11] = 349.583221
means[0][12] = 75.999588
means[1][12] = 520.499512
means[0][13] = 41.291912
means[1][13] = 535.283081
Resolution level 1 iteration 6 deformation iterations 1
Did one deformation step of max. 1 voxels in 5.7076 seconds

minLogLikelihoodTimesPrior =

   5.4068e+06

Resolution level 1 iteration 6 deformation iterations 2
Did one deformation step of max. 0.32574 voxels in 3.7496 seconds

minLogLikelihoodTimesPrior =

   5.4066e+06

Resolution level 1 iteration 6 deformation iterations 3
Did one deformation step of max. 0.31153 voxels in 2.8132 seconds

minLogLikelihoodTimesPrior =

   5.4065e+06

Resolution level 1 iteration 6 deformation iterations 4
Did one deformation step of max. 0.2414 voxels in 2.7873 seconds

minLogLikelihoodTimesPrior =

   5.4064e+06

Resolution level 1 iteration 6 deformation iterations 5
Did one deformation step of max. 0.27424 voxels in 2.7856 seconds

minLogLikelihoodTimesPrior =

   5.4062e+06

Resolution level 1 iteration 6 deformation iterations 6
Did one deformation step of max. 0.292 voxels in 3.2743 seconds

minLogLikelihoodTimesPrior =

   5.4061e+06

Resolution level 1 iteration 6 deformation iterations 7
Did one deformation step of max. 0.18231 voxels in 3.2313 seconds

minLogLikelihoodTimesPrior =

   5.4059e+06

Resolution level 1 iteration 6 deformation iterations 8
Did one deformation step of max. 0.13766 voxels in 5.8209 seconds

minLogLikelihoodTimesPrior =

   5.4058e+06

Resolution level 1 iteration 6 deformation iterations 9
Did one deformation step of max. 0.23972 voxels in 2.7946 seconds

minLogLikelihoodTimesPrior =

   5.4055e+06

Resolution level 1 iteration 6 deformation iterations 10
Did one deformation step of max. 0.34707 voxels in 2.874 seconds

minLogLikelihoodTimesPrior =

   5.4051e+06

Resolution level 1 iteration 6 deformation iterations 11
Did one deformation step of max. 0.14801 voxels in 4.5693 seconds

minLogLikelihoodTimesPrior =

   5.4048e+06

Resolution level 1 iteration 6 deformation iterations 12
Did one deformation step of max. 0.35246 voxels in 2.8061 seconds

minLogLikelihoodTimesPrior =

   5.4048e+06

Resolution level 1 iteration 6 deformation iterations 13
Did one deformation step of max. 0.12534 voxels in 2.8424 seconds

minLogLikelihoodTimesPrior =

   5.4048e+06

Resolution level 1 iteration 6 deformation iterations 14
Did one deformation step of max. 0.2189 voxels in 2.7194 seconds

minLogLikelihoodTimesPrior =

   5.4047e+06

Resolution level 1 iteration 6 deformation iterations 15
Did one deformation step of max. 0.19515 voxels in 2.6503 seconds

minLogLikelihoodTimesPrior =

   5.4046e+06

Resolution level 1 iteration 6 deformation iterations 16
Did one deformation step of max. 0.13613 voxels in 3.5219 seconds

minLogLikelihoodTimesPrior =

   5.4044e+06

Resolution level 1 iteration 6 deformation iterations 17
Did one deformation step of max. 0.1358 voxels in 3.0453 seconds

minLogLikelihoodTimesPrior =

   5.4040e+06

Resolution level 1 iteration 6 deformation iterations 18
Did one deformation step of max. 0.3229 voxels in 2.6624 seconds

minLogLikelihoodTimesPrior =

   5.4034e+06

Resolution level 1 iteration 6 deformation iterations 19
Did one deformation step of max. 0.29079 voxels in 2.7893 seconds

minLogLikelihoodTimesPrior =

   5.4025e+06

Resolution level 1 iteration 6 deformation iterations 20
Did one deformation step of max. 0.93351 voxels in 2.6535 seconds

minLogLikelihoodTimesPrior =

   5.4018e+06

Iteration 7 of 7
numberOfLabels: 14
Rasterizing mesh...here: 14
here2: 14
done

minLogLikelihood =

   5.3845e+06


minLogLikelihood =

   5.3845e+06

EM converged!
numberOfClasses = 14
numberOfImages = 2
precisions[0][0][0] = 0.055054
precisions[0][1][0] = 0.003697
precisions[1][0][0] = 0.003697
precisions[1][1][0] = 0.000581
precisions[0][0][1] = 0.055143
precisions[0][1][1] = 0.005001
precisions[1][0][1] = 0.005001
precisions[1][1][1] = 0.000783
precisions[0][0][2] = 0.152950
precisions[0][1][2] = 0.001976
precisions[1][0][2] = 0.001976
precisions[1][1][2] = 0.000138
precisions[0][0][3] = 0.052476
precisions[0][1][3] = 0.003794
precisions[1][0][3] = 0.003794
precisions[1][1][3] = 0.000354
precisions[0][0][4] = 0.033902
precisions[0][1][4] = 0.001723
precisions[1][0][4] = 0.001723
precisions[1][1][4] = 0.000335
precisions[0][0][5] = 0.019240
precisions[0][1][5] = 0.001567
precisions[1][0][5] = 0.001567
precisions[1][1][5] = 0.000138
precisions[0][0][6] = 0.149271
precisions[0][1][6] = 0.001525
precisions[1][0][6] = 0.001525
precisions[1][1][6] = 0.001172
precisions[0][0][7] = 0.036589
precisions[0][1][7] = 0.002764
precisions[1][0][7] = 0.002764
precisions[1][1][7] = 0.000253
precisions[0][0][8] = 0.540518
precisions[0][1][8] = 0.073834
precisions[1][0][8] = 0.073834
precisions[1][1][8] = 0.010250
precisions[0][0][9] = 0.072989
precisions[0][1][9] = 0.006780
precisions[1][0][9] = 0.006780
precisions[1][1][9] = 0.000869
precisions[0][0][10] = 0.020582
precisions[0][1][10] = 0.001085
precisions[1][0][10] = 0.001085
precisions[1][1][10] = 0.000077
precisions[0][0][11] = 0.040859
precisions[0][1][11] = 0.002595
precisions[1][0][11] = 0.002595
precisions[1][1][11] = 0.000403
precisions[0][0][12] = 0.197024
precisions[0][1][12] = 0.022633
precisions[1][0][12] = 0.022633
precisions[1][1][12] = 0.005577
precisions[0][0][13] = 0.003619
precisions[0][1][13] = 0.000019
precisions[1][0][13] = 0.000019
precisions[1][1][13] = 0.000014
means[0][0] = 72.026260
means[1][0] = 545.875244
means[0][1] = 94.704872
means[1][1] = 345.444397
means[0][2] = 71.919624
means[1][2] = 478.479248
means[0][3] = 83.130035
means[1][3] = 551.705200
means[0][4] = 61.459770
means[1][4] = 639.147583
means[0][5] = 34.246021
means[1][5] = 1107.269653
means[0][6] = 100.969704
means[1][6] = 263.047272
means[0][7] = 88.637955
means[1][7] = 400.399048
means[0][8] = 83.999947
means[1][8] = 463.000122
means[0][9] = 92.743950
means[1][9] = 371.630310
means[0][10] = 62.030571
means[1][10] = 728.576721
means[0][11] = 95.099442
means[1][11] = 349.446899
means[0][12] = 75.999588
means[1][12] = 520.499451
means[0][13] = 41.287148
means[1][13] = 535.206909
Resolution level 1 iteration 7 deformation iterations 1
Did one deformation step of max. 0.5 voxels in 5.8071 seconds

minLogLikelihoodTimesPrior =

   5.4016e+06

Resolution level 1 iteration 7 deformation iterations 2
Did one deformation step of max. 0.36229 voxels in 2.7132 seconds

minLogLikelihoodTimesPrior =

   5.4013e+06

Resolution level 1 iteration 7 deformation iterations 3
Did one deformation step of max. 0.24805 voxels in 5.5127 seconds

minLogLikelihoodTimesPrior =

   5.4012e+06

Resolution level 1 iteration 7 deformation iterations 4
Did one deformation step of max. 0.20062 voxels in 5.4898 seconds

minLogLikelihoodTimesPrior =

   5.4011e+06

Resolution level 1 iteration 7 deformation iterations 5
Did one deformation step of max. 0.16211 voxels in 5.5297 seconds

minLogLikelihoodTimesPrior =

   5.4010e+06

Resolution level 1 iteration 7 deformation iterations 6
Did one deformation step of max. 0.24323 voxels in 2.711 seconds

minLogLikelihoodTimesPrior =

   5.4008e+06

Resolution level 1 iteration 7 deformation iterations 7
Did one deformation step of max. 0.082055 voxels in 7.1162 seconds

minLogLikelihoodTimesPrior =

   5.4008e+06

Resolution level 1 iteration 7 deformation iterations 8
Did one deformation step of max. 0.10292 voxels in 2.7553 seconds

minLogLikelihoodTimesPrior =

   5.4007e+06

Resolution level 1 iteration 7 deformation iterations 9
Did one deformation step of max. 0.13739 voxels in 2.6944 seconds

minLogLikelihoodTimesPrior =

   5.4007e+06

Resolution level 1 iteration 7 deformation iterations 10
Did one deformation step of max. 0.1369 voxels in 2.7484 seconds

minLogLikelihoodTimesPrior =

   5.4006e+06

Resolution level 1 iteration 7 deformation iterations 11
Did one deformation step of max. 0.12963 voxels in 2.7234 seconds

minLogLikelihoodTimesPrior =

   5.4005e+06

Resolution level 1 iteration 7 deformation iterations 12
Did one deformation step of max. 0.22365 voxels in 2.7822 seconds

minLogLikelihoodTimesPrior =

   5.4002e+06

Resolution level 1 iteration 7 deformation iterations 13
Did one deformation step of max. 0.14816 voxels in 4.3113 seconds

minLogLikelihoodTimesPrior =

   5.4000e+06

Resolution level 1 iteration 7 deformation iterations 14
Did one deformation step of max. 0.11711 voxels in 2.757 seconds

minLogLikelihoodTimesPrior =

   5.3997e+06

Resolution level 1 iteration 7 deformation iterations 15
Did one deformation step of max. 0.11126 voxels in 3.2103 seconds

minLogLikelihoodTimesPrior =

   5.3994e+06

Resolution level 1 iteration 7 deformation iterations 16
Did one deformation step of max. 0.082137 voxels in 4.3787 seconds

minLogLikelihoodTimesPrior =

   5.3992e+06

Resolution level 1 iteration 7 deformation iterations 17
Did one deformation step of max. 0.12425 voxels in 2.7762 seconds

minLogLikelihoodTimesPrior =

   5.3989e+06

Resolution level 1 iteration 7 deformation iterations 18
Did one deformation step of max. 0.31051 voxels in 2.8038 seconds

minLogLikelihoodTimesPrior =

   5.3986e+06

Resolution level 1 iteration 7 deformation iterations 19
Did one deformation step of max. 0.27748 voxels in 3.1331 seconds

minLogLikelihoodTimesPrior =

   5.3982e+06

Resolution level 1 iteration 7 deformation iterations 20
Did one deformation step of max. 0.38456 voxels in 2.8825 seconds

minLogLikelihoodTimesPrior =

   5.3982e+06

Smoothing mesh collection with kernel size 0.750000 ...Smoothing class: 0
Smoothing class: 1
Smoothing class: 2
Smoothing class: 3
Smoothing class: 4
Smoothing class: 5
Smoothing class: 6
Smoothing class: 7
Smoothing class: 8
Smoothing class: 9
Smoothing class: 10
Smoothing class: 11
Smoothing class: 12
Smoothing class: 13
done
numberOfImages = 2
Image: 0
Image: 2
Iteration 1 of 5
numberOfLabels: 14
Rasterizing mesh...here: 14
here2: 14
done

minLogLikelihood =

   5.3799e+06


minLogLikelihood =

   5.3798e+06


minLogLikelihood =

   5.3798e+06

EM converged!
numberOfClasses = 14
numberOfImages = 2
precisions[0][0][0] = 0.054853
precisions[0][1][0] = 0.003681
precisions[1][0][0] = 0.003681
precisions[1][1][0] = 0.000576
precisions[0][0][1] = 0.055027
precisions[0][1][1] = 0.004996
precisions[1][0][1] = 0.004996
precisions[1][1][1] = 0.000779
precisions[0][0][2] = 0.140643
precisions[0][1][2] = 0.001730
precisions[1][0][2] = 0.001730
precisions[1][1][2] = 0.000137
precisions[0][0][3] = 0.046888
precisions[0][1][3] = 0.003387
precisions[1][0][3] = 0.003387
precisions[1][1][3] = 0.000334
precisions[0][0][4] = 0.034006
precisions[0][1][4] = 0.001751
precisions[1][0][4] = 0.001751
precisions[1][1][4] = 0.000327
precisions[0][0][5] = 0.019092
precisions[0][1][5] = 0.001552
precisions[1][0][5] = 0.001552
precisions[1][1][5] = 0.000136
precisions[0][0][6] = 0.141782
precisions[0][1][6] = 0.000760
precisions[1][0][6] = 0.000760
precisions[1][1][6] = 0.001214
precisions[0][0][7] = 0.036935
precisions[0][1][7] = 0.002791
precisions[1][0][7] = 0.002791
precisions[1][1][7] = 0.000255
precisions[0][0][8] = 0.574918
precisions[0][1][8] = 0.078008
precisions[1][0][8] = 0.078008
precisions[1][1][8] = 0.010754
precisions[0][0][9] = 0.073282
precisions[0][1][9] = 0.006797
precisions[1][0][9] = 0.006797
precisions[1][1][9] = 0.000869
precisions[0][0][10] = 0.020570
precisions[0][1][10] = 0.001093
precisions[1][0][10] = 0.001093
precisions[1][1][10] = 0.000078
precisions[0][0][11] = 0.041166
precisions[0][1][11] = 0.002612
precisions[1][0][11] = 0.002612
precisions[1][1][11] = 0.000406
precisions[0][0][12] = 0.172371
precisions[0][1][12] = 0.021157
precisions[1][0][12] = 0.021157
precisions[1][1][12] = 0.005889
precisions[0][0][13] = 0.003557
precisions[0][1][13] = 0.000019
precisions[1][0][13] = 0.000019
precisions[1][1][13] = 0.000015
means[0][0] = 72.011391
means[1][0] = 545.864441
means[0][1] = 94.690659
means[1][1] = 345.548615
means[0][2] = 71.926048
means[1][2] = 478.816711
means[0][3] = 83.124908
means[1][3] = 551.222839
means[0][4] = 61.465260
means[1][4] = 639.059753
means[0][5] = 34.481625
means[1][5] = 1104.397827
means[0][6] = 100.974434
means[1][6] = 262.996094
means[0][7] = 88.641212
means[1][7] = 400.337646
means[0][8] = 83.999939
means[1][8] = 463.000122
means[0][9] = 92.744186
means[1][9] = 371.606201
means[0][10] = 62.307644
means[1][10] = 724.794128
means[0][11] = 95.118797
means[1][11] = 349.315063
means[0][12] = 75.999596
means[1][12] = 520.499390
means[0][13] = 41.372589
means[1][13] = 535.154602
Resolution level 2 iteration 1 deformation iterations 1
Did one deformation step of max. 1 voxels in 5.5035 seconds

minLogLikelihoodTimesPrior =

   5.3943e+06

Resolution level 2 iteration 1 deformation iterations 2
Did one deformation step of max. 0.244 voxels in 2.7511 seconds

minLogLikelihoodTimesPrior =

   5.3942e+06

Resolution level 2 iteration 1 deformation iterations 3
Did one deformation step of max. 0.30836 voxels in 2.7859 seconds

minLogLikelihoodTimesPrior =

   5.3940e+06

Resolution level 2 iteration 1 deformation iterations 4
Did one deformation step of max. 0.43402 voxels in 2.7811 seconds

minLogLikelihoodTimesPrior =

   5.3939e+06

Resolution level 2 iteration 1 deformation iterations 5
Did one deformation step of max. 0.4158 voxels in 2.7848 seconds

minLogLikelihoodTimesPrior =

   5.3938e+06

Resolution level 2 iteration 1 deformation iterations 6
Did one deformation step of max. 0.21364 voxels in 2.7741 seconds

minLogLikelihoodTimesPrior =

   5.3937e+06

Resolution level 2 iteration 1 deformation iterations 7
Did one deformation step of max. 0.26483 voxels in 2.7906 seconds

minLogLikelihoodTimesPrior =

   5.3936e+06

Resolution level 2 iteration 1 deformation iterations 8
Did one deformation step of max. 0.42537 voxels in 2.7714 seconds

minLogLikelihoodTimesPrior =

   5.3935e+06

Resolution level 2 iteration 1 deformation iterations 9
Did one deformation step of max. 0.47929 voxels in 2.7737 seconds

minLogLikelihoodTimesPrior =

   5.3934e+06

Resolution level 2 iteration 1 deformation iterations 10
Did one deformation step of max. 0.12411 voxels in 2.8219 seconds

minLogLikelihoodTimesPrior =

   5.3934e+06

Resolution level 2 iteration 1 deformation iterations 11
Did one deformation step of max. 0.1825 voxels in 2.7973 seconds

minLogLikelihoodTimesPrior =

   5.3933e+06

Resolution level 2 iteration 1 deformation iterations 12
Did one deformation step of max. 0.31189 voxels in 2.8084 seconds

minLogLikelihoodTimesPrior =

   5.3932e+06

Resolution level 2 iteration 1 deformation iterations 13
Did one deformation step of max. 0.12403 voxels in 5.6545 seconds

minLogLikelihoodTimesPrior =

   5.3932e+06

Resolution level 2 iteration 1 deformation iterations 14
Did one deformation step of max. 0.11086 voxels in 5.779 seconds

minLogLikelihoodTimesPrior =

   5.3931e+06

Resolution level 2 iteration 1 deformation iterations 15
Did one deformation step of max. 0.055633 voxels in 3.0178 seconds

minLogLikelihoodTimesPrior =

   5.3931e+06

Resolution level 2 iteration 1 deformation iterations 16
Did one deformation step of max. 0.044867 voxels in 3.0127 seconds

minLogLikelihoodTimesPrior =

   5.3931e+06

Resolution level 2 iteration 1 deformation iterations 17
Did one deformation step of max. 0.11121 voxels in 3.4048 seconds

minLogLikelihoodTimesPrior =

   5.3930e+06

Resolution level 2 iteration 1 deformation iterations 18
Did one deformation step of max. 0.16513 voxels in 3.3659 seconds

minLogLikelihoodTimesPrior =

   5.3930e+06

Resolution level 2 iteration 1 deformation iterations 19
Did one deformation step of max. 0.16295 voxels in 3.5449 seconds

minLogLikelihoodTimesPrior =

   5.3929e+06

Resolution level 2 iteration 1 deformation iterations 20
Did one deformation step of max. 0.12275 voxels in 6.5494 seconds

minLogLikelihoodTimesPrior =

   5.3928e+06

Iteration 2 of 5
numberOfLabels: 14
Rasterizing mesh...here: 14
here2: 14
done

minLogLikelihood =

   5.3756e+06


minLogLikelihood =

   5.3755e+06

EM converged!
numberOfClasses = 14
numberOfImages = 2
precisions[0][0][0] = 0.055024
precisions[0][1][0] = 0.003690
precisions[1][0][0] = 0.003690
precisions[1][1][0] = 0.000578
precisions[0][0][1] = 0.055040
precisions[0][1][1] = 0.004995
precisions[1][0][1] = 0.004995
precisions[1][1][1] = 0.000780
precisions[0][0][2] = 0.139203
precisions[0][1][2] = 0.001695
precisions[1][0][2] = 0.001695
precisions[1][1][2] = 0.000136
precisions[0][0][3] = 0.046267
precisions[0][1][3] = 0.003344
precisions[1][0][3] = 0.003344
precisions[1][1][3] = 0.000335
precisions[0][0][4] = 0.034281
precisions[0][1][4] = 0.001743
precisions[1][0][4] = 0.001743
precisions[1][1][4] = 0.000324
precisions[0][0][5] = 0.019062
precisions[0][1][5] = 0.001550
precisions[1][0][5] = 0.001550
precisions[1][1][5] = 0.000136
precisions[0][0][6] = 0.141172
precisions[0][1][6] = 0.000646
precisions[1][0][6] = 0.000646
precisions[1][1][6] = 0.001224
precisions[0][0][7] = 0.037110
precisions[0][1][7] = 0.002803
precisions[1][0][7] = 0.002803
precisions[1][1][7] = 0.000256
precisions[0][0][8] = 0.605617
precisions[0][1][8] = 0.082025
precisions[1][0][8] = 0.082025
precisions[1][1][8] = 0.011274
precisions[0][0][9] = 0.073267
precisions[0][1][9] = 0.006794
precisions[1][0][9] = 0.006794
precisions[1][1][9] = 0.000869
precisions[0][0][10] = 0.020542
precisions[0][1][10] = 0.001089
precisions[1][0][10] = 0.001089
precisions[1][1][10] = 0.000078
precisions[0][0][11] = 0.041229
precisions[0][1][11] = 0.002616
precisions[1][0][11] = 0.002616
precisions[1][1][11] = 0.000407
precisions[0][0][12] = 0.167396
precisions[0][1][12] = 0.020846
precisions[1][0][12] = 0.020846
precisions[1][1][12] = 0.006070
precisions[0][0][13] = 0.003562
precisions[0][1][13] = 0.000019
precisions[1][0][13] = 0.000019
precisions[1][1][13] = 0.000015
means[0][0] = 72.008392
means[1][0] = 545.884460
means[0][1] = 94.693848
means[1][1] = 345.513367
means[0][2] = 71.927063
means[1][2] = 478.702057
means[0][3] = 83.130676
means[1][3] = 551.043091
means[0][4] = 61.461853
means[1][4] = 639.084961
means[0][5] = 34.484245
means[1][5] = 1104.373779
means[0][6] = 100.974617
means[1][6] = 262.991180
means[0][7] = 88.641068
means[1][7] = 400.344421
means[0][8] = 83.999947
means[1][8] = 463.000122
means[0][9] = 92.744301
means[1][9] = 371.604187
means[0][10] = 62.302898
means[1][10] = 725.103760
means[0][11] = 95.121635
means[1][11] = 349.295074
means[0][12] = 75.999588
means[1][12] = 520.499451
means[0][13] = 41.366493
means[1][13] = 535.131531
Resolution level 2 iteration 2 deformation iterations 1
Did one deformation step of max. 0.125 voxels in 11.4545 seconds

minLogLikelihoodTimesPrior =

   5.3928e+06

Resolution level 2 iteration 2 deformation iterations 2
Did one deformation step of max. 0.11105 voxels in 3.1462 seconds

minLogLikelihoodTimesPrior =

   5.3927e+06

Resolution level 2 iteration 2 deformation iterations 3
Did one deformation step of max. 0.076213 voxels in 3.145 seconds

minLogLikelihoodTimesPrior =

   5.3926e+06

Resolution level 2 iteration 2 deformation iterations 4
Did one deformation step of max. 0.14054 voxels in 8.0188 seconds

minLogLikelihoodTimesPrior =

   5.3926e+06

Resolution level 2 iteration 2 deformation iterations 5
Did one deformation step of max. 0.039347 voxels in 2.962 seconds

minLogLikelihoodTimesPrior =

   5.3926e+06

Resolution level 2 iteration 2 deformation iterations 6
Did one deformation step of max. 0.04273 voxels in 2.9458 seconds

minLogLikelihoodTimesPrior =

   5.3926e+06

Resolution level 2 iteration 2 deformation iterations 7
Did one deformation step of max. 0.030748 voxels in 3.4805 seconds

minLogLikelihoodTimesPrior =

   5.3926e+06

Resolution level 2 iteration 2 deformation iterations 8
Did one deformation step of max. 0.023049 voxels in 3.4263 seconds

minLogLikelihoodTimesPrior =

   5.3926e+06

Resolution level 2 iteration 2 deformation iterations 9
Did one deformation step of max. 0.06953 voxels in 3.1954 seconds

minLogLikelihoodTimesPrior =

   5.3925e+06

Resolution level 2 iteration 2 deformation iterations 10
Did one deformation step of max. 0.10889 voxels in 2.991 seconds

minLogLikelihoodTimesPrior =

   5.3925e+06

Resolution level 2 iteration 2 deformation iterations 11
Did one deformation step of max. 0.11041 voxels in 2.831 seconds

minLogLikelihoodTimesPrior =

   5.3923e+06

Resolution level 2 iteration 2 deformation iterations 12
Did one deformation step of max. 0.081703 voxels in 9.0165 seconds

minLogLikelihoodTimesPrior =

   5.3923e+06

Resolution level 2 iteration 2 deformation iterations 13
Did one deformation step of max. 0.074359 voxels in 2.7698 seconds

minLogLikelihoodTimesPrior =

   5.3923e+06

Resolution level 2 iteration 2 deformation iterations 14
Did one deformation step of max. 0.1143 voxels in 2.8315 seconds

minLogLikelihoodTimesPrior =

   5.3923e+06

Resolution level 2 iteration 2 deformation iterations 15
Did one deformation step of max. 0.087475 voxels in 2.7227 seconds

minLogLikelihoodTimesPrior =

   5.3922e+06

Resolution level 2 iteration 2 deformation iterations 16
Did one deformation step of max. 0.18006 voxels in 2.8449 seconds

minLogLikelihoodTimesPrior =

   5.3921e+06

Resolution level 2 iteration 2 deformation iterations 17
Did one deformation step of max. 0.33443 voxels in 2.909 seconds

minLogLikelihoodTimesPrior =

   5.3920e+06

Resolution level 2 iteration 2 deformation iterations 18
Did one deformation step of max. 0.13764 voxels in 3.3607 seconds

minLogLikelihoodTimesPrior =

   5.3919e+06

Resolution level 2 iteration 2 deformation iterations 19
Did one deformation step of max. 0.17467 voxels in 3.0171 seconds

minLogLikelihoodTimesPrior =

   5.3918e+06

Resolution level 2 iteration 2 deformation iterations 20
Did one deformation step of max. 0.15189 voxels in 6.5552 seconds

minLogLikelihoodTimesPrior =

   5.3917e+06

Iteration 3 of 5
numberOfLabels: 14
Rasterizing mesh...here: 14
here2: 14
done

minLogLikelihood =

   5.3739e+06


minLogLikelihood =

   5.3739e+06

EM converged!
numberOfClasses = 14
numberOfImages = 2
precisions[0][0][0] = 0.055165
precisions[0][1][0] = 0.003697
precisions[1][0][0] = 0.003697
precisions[1][1][0] = 0.000579
precisions[0][0][1] = 0.055035
precisions[0][1][1] = 0.004995
precisions[1][0][1] = 0.004995
precisions[1][1][1] = 0.000781
precisions[0][0][2] = 0.139527
precisions[0][1][2] = 0.001689
precisions[1][0][2] = 0.001689
precisions[1][1][2] = 0.000135
precisions[0][0][3] = 0.045842
precisions[0][1][3] = 0.003311
precisions[1][0][3] = 0.003311
precisions[1][1][3] = 0.000336
precisions[0][0][4] = 0.034692
precisions[0][1][4] = 0.001731
precisions[1][0][4] = 0.001731
precisions[1][1][4] = 0.000321
precisions[0][0][5] = 0.019062
precisions[0][1][5] = 0.001550
precisions[1][0][5] = 0.001550
precisions[1][1][5] = 0.000136
precisions[0][0][6] = 0.140666
precisions[0][1][6] = 0.000533
precisions[1][0][6] = 0.000533
precisions[1][1][6] = 0.001227
precisions[0][0][7] = 0.037210
precisions[0][1][7] = 0.002809
precisions[1][0][7] = 0.002809
precisions[1][1][7] = 0.000256
precisions[0][0][8] = 0.640592
precisions[0][1][8] = 0.086595
precisions[1][0][8] = 0.086595
precisions[1][1][8] = 0.011868
precisions[0][0][9] = 0.073271
precisions[0][1][9] = 0.006792
precisions[1][0][9] = 0.006792
precisions[1][1][9] = 0.000868
precisions[0][0][10] = 0.020499
precisions[0][1][10] = 0.001085
precisions[1][0][10] = 0.001085
precisions[1][1][10] = 0.000077
precisions[0][0][11] = 0.041308
precisions[0][1][11] = 0.002620
precisions[1][0][11] = 0.002620
precisions[1][1][11] = 0.000407
precisions[0][0][12] = 0.165924
precisions[0][1][12] = 0.020708
precisions[1][0][12] = 0.020708
precisions[1][1][12] = 0.006287
precisions[0][0][13] = 0.003564
precisions[0][1][13] = 0.000019
precisions[1][0][13] = 0.000019
precisions[1][1][13] = 0.000015
means[0][0] = 72.005272
means[1][0] = 545.893066
means[0][1] = 94.693092
means[1][1] = 345.507812
means[0][2] = 71.926071
means[1][2] = 478.725128
means[0][3] = 83.138062
means[1][3] = 550.843445
means[0][4] = 61.458576
means[1][4] = 639.103882
means[0][5] = 34.486351
means[1][5] = 1104.361938
means[0][6] = 100.975121
means[1][6] = 262.985565
means[0][7] = 88.640869
means[1][7] = 400.351196
means[0][8] = 83.999947
means[1][8] = 463.000122
means[0][9] = 92.744583
means[1][9] = 371.599213
means[0][10] = 62.343651
means[1][10] = 724.713501
means[0][11] = 95.126160
means[1][11] = 349.262146
means[0][12] = 75.999580
means[1][12] = 520.499390
means[0][13] = 41.364265
means[1][13] = 535.114014
Resolution level 2 iteration 3 deformation iterations 1
Did one deformation step of max. 0.125 voxels in 7.5087 seconds

minLogLikelihoodTimesPrior =

   5.3917e+06

Resolution level 2 iteration 3 deformation iterations 2
Did one deformation step of max. 0.047786 voxels in 2.8705 seconds

minLogLikelihoodTimesPrior =

   5.3917e+06

Resolution level 2 iteration 3 deformation iterations 3
Did one deformation step of max. 0.049293 voxels in 11.3077 seconds

minLogLikelihoodTimesPrior =

   5.3917e+06

Resolution level 2 iteration 3 deformation iterations 4
Did one deformation step of max. 0.0023916 voxels in 3.375 seconds

minLogLikelihoodTimesPrior =

   5.3917e+06

Resolution level 2 iteration 3 deformation iterations 5
Did one deformation step of max. 0.0094786 voxels in 2.9482 seconds

minLogLikelihoodTimesPrior =

   5.3917e+06

Resolution level 2 iteration 3 deformation iterations 6
Did one deformation step of max. 0.0089637 voxels in 2.7726 seconds

minLogLikelihoodTimesPrior =

   5.3917e+06

Resolution level 2 iteration 3 deformation iterations 7
Did one deformation step of max. 0.033279 voxels in 2.7956 seconds

minLogLikelihoodTimesPrior =

   5.3916e+06

Resolution level 2 iteration 3 deformation iterations 8
Did one deformation step of max. 0.032065 voxels in 2.7802 seconds

minLogLikelihoodTimesPrior =

   5.3916e+06

Resolution level 2 iteration 3 deformation iterations 9
Did one deformation step of max. 0.061558 voxels in 2.8168 seconds

minLogLikelihoodTimesPrior =

   5.3916e+06

Resolution level 2 iteration 3 deformation iterations 10
Did one deformation step of max. 0.071397 voxels in 2.6538 seconds

minLogLikelihoodTimesPrior =

   5.3916e+06

Resolution level 2 iteration 3 deformation iterations 11
Did one deformation step of max. 0.067859 voxels in 7.1315 seconds

minLogLikelihoodTimesPrior =

   5.3916e+06

Resolution level 2 iteration 3 deformation iterations 12
Did one deformation step of max. 0.034095 voxels in 2.7598 seconds

minLogLikelihoodTimesPrior =

   5.3916e+06

Resolution level 2 iteration 3 deformation iterations 13
Did one deformation step of max. 0.10626 voxels in 2.9079 seconds

minLogLikelihoodTimesPrior =

   5.3916e+06

Resolution level 2 iteration 3 deformation iterations 14
Did one deformation step of max. 0.021812 voxels in 2.8135 seconds

minLogLikelihoodTimesPrior =

   5.3915e+06

Resolution level 2 iteration 3 deformation iterations 15
Did one deformation step of max. 0.036387 voxels in 2.715 seconds

minLogLikelihoodTimesPrior =

   5.3915e+06

Resolution level 2 iteration 3 deformation iterations 16
Did one deformation step of max. 0.092067 voxels in 3.1384 seconds

minLogLikelihoodTimesPrior =

   5.3915e+06

Resolution level 2 iteration 3 deformation iterations 17
Did one deformation step of max. 0.092362 voxels in 3.2641 seconds

minLogLikelihoodTimesPrior =

   5.3915e+06

Resolution level 2 iteration 3 deformation iterations 18
Did one deformation step of max. 0.05437 voxels in 3.1218 seconds

minLogLikelihoodTimesPrior =

   5.3915e+06

Resolution level 2 iteration 3 deformation iterations 19
Did one deformation step of max. 0.13229 voxels in 3.0737 seconds

minLogLikelihoodTimesPrior =

   5.3915e+06

Resolution level 2 iteration 3 deformation iterations 20
Did one deformation step of max. 0.067906 voxels in 3.0499 seconds

minLogLikelihoodTimesPrior =

   5.3914e+06

Iteration 4 of 5
numberOfLabels: 14
Rasterizing mesh...here: 14
here2: 14
done

minLogLikelihood =

   5.3738e+06


minLogLikelihood =

   5.3738e+06

EM converged!
numberOfClasses = 14
numberOfImages = 2
precisions[0][0][0] = 0.055214
precisions[0][1][0] = 0.003699
precisions[1][0][0] = 0.003699
precisions[1][1][0] = 0.000579
precisions[0][0][1] = 0.055028
precisions[0][1][1] = 0.004996
precisions[1][0][1] = 0.004996
precisions[1][1][1] = 0.000781
precisions[0][0][2] = 0.140062
precisions[0][1][2] = 0.001691
precisions[1][0][2] = 0.001691
precisions[1][1][2] = 0.000135
precisions[0][0][3] = 0.045498
precisions[0][1][3] = 0.003281
precisions[1][0][3] = 0.003281
precisions[1][1][3] = 0.000336
precisions[0][0][4] = 0.035074
precisions[0][1][4] = 0.001723
precisions[1][0][4] = 0.001723
precisions[1][1][4] = 0.000319
precisions[0][0][5] = 0.019070
precisions[0][1][5] = 0.001551
precisions[1][0][5] = 0.001551
precisions[1][1][5] = 0.000136
precisions[0][0][6] = 0.140382
precisions[0][1][6] = 0.000469
precisions[1][0][6] = 0.000469
precisions[1][1][6] = 0.001231
precisions[0][0][7] = 0.037238
precisions[0][1][7] = 0.002811
precisions[1][0][7] = 0.002811
precisions[1][1][7] = 0.000257
precisions[0][0][8] = 0.681798
precisions[0][1][8] = 0.091992
precisions[1][0][8] = 0.091992
precisions[1][1][8] = 0.012572
precisions[0][0][9] = 0.073257
precisions[0][1][9] = 0.006790
precisions[1][0][9] = 0.006790
precisions[1][1][9] = 0.000868
precisions[0][0][10] = 0.020469
precisions[0][1][10] = 0.001082
precisions[1][0][10] = 0.001082
precisions[1][1][10] = 0.000077
precisions[0][0][11] = 0.041339
precisions[0][1][11] = 0.002622
precisions[1][0][11] = 0.002622
precisions[1][1][11] = 0.000408
precisions[0][0][12] = 0.165086
precisions[0][1][12] = 0.020567
precisions[1][0][12] = 0.020567
precisions[1][1][12] = 0.006511
precisions[0][0][13] = 0.003564
precisions[0][1][13] = 0.000019
precisions[1][0][13] = 0.000019
precisions[1][1][13] = 0.000015
means[0][0] = 72.003288
means[1][0] = 545.901245
means[0][1] = 94.691856
means[1][1] = 345.513855
means[0][2] = 71.925644
means[1][2] = 478.750336
means[0][3] = 83.143867
means[1][3] = 550.708008
means[0][4] = 61.456413
means[1][4] = 639.115112
means[0][5] = 34.489552
means[1][5] = 1104.342163
means[0][6] = 100.975250
means[1][6] = 262.983368
means[0][7] = 88.640602
means[1][7] = 400.356659
means[0][8] = 83.999947
means[1][8] = 463.000122
means[0][9] = 92.744614
means[1][9] = 371.598022
means[0][10] = 62.377022
means[1][10] = 724.329346
means[0][11] = 95.127968
means[1][11] = 349.247742
means[0][12] = 75.999588
means[1][12] = 520.499390
means[0][13] = 41.365414
means[1][13] = 535.112793
Resolution level 2 iteration 4 deformation iterations 1
Did one deformation step of max. 0.125 voxels in 10.432 seconds

minLogLikelihoodTimesPrior =

   5.3914e+06

Resolution level 2 iteration 4 deformation iterations 2
Did one deformation step of max. 0.028591 voxels in 3.2272 seconds

minLogLikelihoodTimesPrior =

   5.3914e+06

Resolution level 2 iteration 4 deformation iterations 3
Did one deformation step of max. 0.03909 voxels in 9.4339 seconds

minLogLikelihoodTimesPrior =

   5.3914e+06

Resolution level 2 iteration 4 deformation iterations 4
Did one deformation step of max. 0.0089801 voxels in 2.6004 seconds

minLogLikelihoodTimesPrior =

   5.3914e+06

Resolution level 2 iteration 4 deformation iterations 5
Did one deformation step of max. 0.05809 voxels in 2.6602 seconds

minLogLikelihoodTimesPrior =

   5.3914e+06

Resolution level 2 iteration 4 deformation iterations 6
Did one deformation step of max. 0.00021095 voxels in 2.6604 seconds

minLogLikelihoodTimesPrior =

   5.3914e+06

Resolution level 2 iteration 4 deformation iterations 7
Did one deformation step of max. 0.00059526 voxels in 2.6645 seconds

minLogLikelihoodTimesPrior =

   5.3914e+06

Resolution level 2 iteration 4 deformation iterations 8
Did one deformation step of max. 0.00059985 voxels in 2.6888 seconds

minLogLikelihoodTimesPrior =

   5.3914e+06

Resolution level 2 iteration 4 deformation iterations 9
Did one deformation step of max. 0.00066795 voxels in 2.636 seconds

minLogLikelihoodTimesPrior =

   5.3914e+06

Resolution level 2 iteration 4 deformation iterations 10
Did one deformation step of max. 0.00076013 voxels in 2.6241 seconds

minLogLikelihoodTimesPrior =

   5.3914e+06

Resolution level 2 iteration 4 deformation iterations 11
Did one deformation step of max. 0.0036441 voxels in 3.3531 seconds

minLogLikelihoodTimesPrior =

   5.3914e+06

Resolution level 2 iteration 4 deformation iterations 12
Did one deformation step of max. 0.0039041 voxels in 3.4578 seconds

minLogLikelihoodTimesPrior =

   5.3914e+06

Resolution level 2 iteration 4 deformation iterations 13
Did one deformation step of max. 0.011754 voxels in 3.2997 seconds

minLogLikelihoodTimesPrior =

   5.3914e+06

Resolution level 2 iteration 4 deformation iterations 14
Did one deformation step of max. 0.015271 voxels in 2.9174 seconds

minLogLikelihoodTimesPrior =

   5.3914e+06

Resolution level 2 iteration 4 deformation iterations 15
Did one deformation step of max. 0.020859 voxels in 3.2484 seconds

minLogLikelihoodTimesPrior =

   5.3914e+06

Resolution level 2 iteration 4 deformation iterations 16
Did one deformation step of max. 0.015608 voxels in 3.0972 seconds

minLogLikelihoodTimesPrior =

   5.3914e+06

Resolution level 2 iteration 4 deformation iterations 17
Did one deformation step of max. 0.029857 voxels in 3.1455 seconds

minLogLikelihoodTimesPrior =

   5.3913e+06

Resolution level 2 iteration 4 deformation iterations 18
Did one deformation step of max. 0.041519 voxels in 3.1377 seconds

minLogLikelihoodTimesPrior =

   5.3913e+06

Resolution level 2 iteration 4 deformation iterations 19
Did one deformation step of max. 0.072327 voxels in 2.8368 seconds

minLogLikelihoodTimesPrior =

   5.3911e+06

Resolution level 2 iteration 4 deformation iterations 20
Did one deformation step of max. 0.13668 voxels in 2.8198 seconds

minLogLikelihoodTimesPrior =

   5.3909e+06

Iteration 5 of 5
numberOfLabels: 14
Rasterizing mesh...here: 14
here2: 14
done

minLogLikelihood =

   5.3734e+06


minLogLikelihood =

   5.3734e+06

EM converged!
numberOfClasses = 14
numberOfImages = 2
precisions[0][0][0] = 0.055272
precisions[0][1][0] = 0.003701
precisions[1][0][0] = 0.003701
precisions[1][1][0] = 0.000580
precisions[0][0][1] = 0.055020
precisions[0][1][1] = 0.004997
precisions[1][0][1] = 0.004997
precisions[1][1][1] = 0.000781
precisions[0][0][2] = 0.141166
precisions[0][1][2] = 0.001704
precisions[1][0][2] = 0.001704
precisions[1][1][2] = 0.000134
precisions[0][0][3] = 0.045178
precisions[0][1][3] = 0.003251
precisions[1][0][3] = 0.003251
precisions[1][1][3] = 0.000336
precisions[0][0][4] = 0.035520
precisions[0][1][4] = 0.001716
precisions[1][0][4] = 0.001716
precisions[1][1][4] = 0.000316
precisions[0][0][5] = 0.019083
precisions[0][1][5] = 0.001552
precisions[1][0][5] = 0.001552
precisions[1][1][5] = 0.000136
precisions[0][0][6] = 0.140046
precisions[0][1][6] = 0.000402
precisions[1][0][6] = 0.000402
precisions[1][1][6] = 0.001232
precisions[0][0][7] = 0.037255
precisions[0][1][7] = 0.002813
precisions[1][0][7] = 0.002813
precisions[1][1][7] = 0.000257
precisions[0][0][8] = 0.727718
precisions[0][1][8] = 0.098003
precisions[1][0][8] = 0.098003
precisions[1][1][8] = 0.013356
precisions[0][0][9] = 0.073254
precisions[0][1][9] = 0.006789
precisions[1][0][9] = 0.006789
precisions[1][1][9] = 0.000868
precisions[0][0][10] = 0.020431
precisions[0][1][10] = 0.001079
precisions[1][0][10] = 0.001079
precisions[1][1][10] = 0.000077
precisions[0][0][11] = 0.041389
precisions[0][1][11] = 0.002624
precisions[1][0][11] = 0.002624
precisions[1][1][11] = 0.000408
precisions[0][0][12] = 0.164559
precisions[0][1][12] = 0.020394
precisions[1][0][12] = 0.020394
precisions[1][1][12] = 0.006740
precisions[0][0][13] = 0.003564
precisions[0][1][13] = 0.000019
precisions[1][0][13] = 0.000019
precisions[1][1][13] = 0.000015
means[0][0] = 72.000473
means[1][0] = 545.910828
means[0][1] = 94.689240
means[1][1] = 345.529846
means[0][2] = 71.924217
means[1][2] = 478.798431
means[0][3] = 83.149788
means[1][3] = 550.565186
means[0][4] = 61.454102
means[1][4] = 639.127014
means[0][5] = 34.494129
means[1][5] = 1104.307617
means[0][6] = 100.975517
means[1][6] = 262.980499
means[0][7] = 88.640518
means[1][7] = 400.359711
means[0][8] = 83.999947
means[1][8] = 463.000122
means[0][9] = 92.744690
means[1][9] = 371.595367
means[0][10] = 62.411064
means[1][10] = 723.918396
means[0][11] = 95.131264
means[1][11] = 349.222107
means[0][12] = 75.999588
means[1][12] = 520.499390
means[0][13] = 41.365334
means[1][13] = 535.103027
Resolution level 2 iteration 5 deformation iterations 1
Did one deformation step of max. 0.125 voxels in 8.1677 seconds

minLogLikelihoodTimesPrior =

   5.3909e+06

Resolution level 2 iteration 5 deformation iterations 2
Did one deformation step of max. 0.029322 voxels in 3.2543 seconds

minLogLikelihoodTimesPrior =

   5.3909e+06

Resolution level 2 iteration 5 deformation iterations 3
Did one deformation step of max. 0.071851 voxels in 5.6521 seconds

minLogLikelihoodTimesPrior =

   5.3909e+06

Resolution level 2 iteration 5 deformation iterations 4
Did one deformation step of max. 0.0025387 voxels in 2.6398 seconds

minLogLikelihoodTimesPrior =

   5.3909e+06

Resolution level 2 iteration 5 deformation iterations 5
Did one deformation step of max. 0.002843 voxels in 2.6963 seconds

minLogLikelihoodTimesPrior =

   5.3909e+06

Resolution level 2 iteration 5 deformation iterations 6
Did one deformation step of max. 0.014361 voxels in 2.7106 seconds

minLogLikelihoodTimesPrior =

   5.3909e+06

Resolution level 2 iteration 5 deformation iterations 7
Did one deformation step of max. 0.0090135 voxels in 2.6945 seconds

minLogLikelihoodTimesPrior =

   5.3908e+06

Resolution level 2 iteration 5 deformation iterations 8
Did one deformation step of max. 0.023951 voxels in 2.9685 seconds

minLogLikelihoodTimesPrior =

   5.3908e+06

Resolution level 2 iteration 5 deformation iterations 9
Did one deformation step of max. 0.021707 voxels in 2.9509 seconds

minLogLikelihoodTimesPrior =

   5.3908e+06

Resolution level 2 iteration 5 deformation iterations 10
Did one deformation step of max. 0.041013 voxels in 3.2325 seconds

minLogLikelihoodTimesPrior =

   5.3908e+06

Resolution level 2 iteration 5 deformation iterations 11
Did one deformation step of max. 0.060334 voxels in 3.0657 seconds

minLogLikelihoodTimesPrior =

   5.3908e+06

Resolution level 2 iteration 5 deformation iterations 12
Did one deformation step of max. 0.099755 voxels in 2.6402 seconds

minLogLikelihoodTimesPrior =

   5.3907e+06

Resolution level 2 iteration 5 deformation iterations 13
Did one deformation step of max. 0.18858 voxels in 2.7735 seconds

minLogLikelihoodTimesPrior =

   5.3906e+06

Resolution level 2 iteration 5 deformation iterations 14
Did one deformation step of max. 0.28448 voxels in 2.7129 seconds

minLogLikelihoodTimesPrior =

   5.3905e+06

Resolution level 2 iteration 5 deformation iterations 15
Did one deformation step of max. 0.38135 voxels in 2.7598 seconds

minLogLikelihoodTimesPrior =

   5.3904e+06

Resolution level 2 iteration 5 deformation iterations 16
Did one deformation step of max. 0.37241 voxels in 2.8087 seconds

minLogLikelihoodTimesPrior =

   5.3902e+06

Resolution level 2 iteration 5 deformation iterations 17
Did one deformation step of max. 0.26135 voxels in 3.1195 seconds

minLogLikelihoodTimesPrior =

   5.3901e+06

Resolution level 2 iteration 5 deformation iterations 18
Did one deformation step of max. 0.32895 voxels in 3.136 seconds

minLogLikelihoodTimesPrior =

   5.3899e+06

Resolution level 2 iteration 5 deformation iterations 19
Did one deformation step of max. 0.22312 voxels in 3.1234 seconds

minLogLikelihoodTimesPrior =

   5.3898e+06

Resolution level 2 iteration 5 deformation iterations 20
Did one deformation step of max. 0.15923 voxels in 3.2807 seconds

minLogLikelihoodTimesPrior =

   5.3897e+06

Smoothing mesh collection with kernel size 0.000000 ...done
numberOfImages = 2
Image: 0
Image: 2
Iteration 1 of 3
numberOfLabels: 14
Rasterizing mesh...here: 14
here2: 14
done

minLogLikelihood =

   5.3722e+06


minLogLikelihood =

   5.3721e+06


minLogLikelihood =

   5.3721e+06

EM converged!
numberOfClasses = 14
numberOfImages = 2
precisions[0][0][0] = 0.055083
precisions[0][1][0] = 0.003686
precisions[1][0][0] = 0.003686
precisions[1][1][0] = 0.000575
precisions[0][0][1] = 0.054887
precisions[0][1][1] = 0.004994
precisions[1][0][1] = 0.004994
precisions[1][1][1] = 0.000778
precisions[0][0][2] = 0.129985
precisions[0][1][2] = 0.001520
precisions[1][0][2] = 0.001520
precisions[1][1][2] = 0.000131
precisions[0][0][3] = 0.040981
precisions[0][1][3] = 0.002939
precisions[1][0][3] = 0.002939
precisions[1][1][3] = 0.000316
precisions[0][0][4] = 0.035034
precisions[0][1][4] = 0.001818
precisions[1][0][4] = 0.001818
precisions[1][1][4] = 0.000316
precisions[0][0][5] = 0.018993
precisions[0][1][5] = 0.001542
precisions[1][0][5] = 0.001542
precisions[1][1][5] = 0.000135
precisions[0][0][6] = 0.135600
precisions[0][1][6] = 0.000314
precisions[1][0][6] = 0.000314
precisions[1][1][6] = 0.001226
precisions[0][0][7] = 0.037411
precisions[0][1][7] = 0.002823
precisions[1][0][7] = 0.002823
precisions[1][1][7] = 0.000257
precisions[0][0][8] = 0.856162
precisions[0][1][8] = 0.114230
precisions[1][0][8] = 0.114230
precisions[1][1][8] = 0.015402
precisions[0][0][9] = 0.073306
precisions[0][1][9] = 0.006790
precisions[1][0][9] = 0.006790
precisions[1][1][9] = 0.000868
precisions[0][0][10] = 0.020311
precisions[0][1][10] = 0.001072
precisions[1][0][10] = 0.001072
precisions[1][1][10] = 0.000077
precisions[0][0][11] = 0.041472
precisions[0][1][11] = 0.002630
precisions[1][0][11] = 0.002630
precisions[1][1][11] = 0.000409
precisions[0][0][12] = 0.172649
precisions[0][1][12] = 0.022368
precisions[1][0][12] = 0.022368
precisions[1][1][12] = 0.007987
precisions[0][0][13] = 0.003528
precisions[0][1][13] = 0.000019
precisions[1][0][13] = 0.000019
precisions[1][1][13] = 0.000015
means[0][0] = 71.989311
means[1][0] = 545.927490
means[0][1] = 94.673286
means[1][1] = 345.657288
means[0][2] = 71.927589
means[1][2] = 479.318451
means[0][3] = 83.128273
means[1][3] = 550.386719
means[0][4] = 61.464371
means[1][4] = 639.011536
means[0][5] = 34.624649
means[1][5] = 1102.673096
means[0][6] = 100.977661
means[1][6] = 262.975220
means[0][7] = 88.643280
means[1][7] = 400.318390
means[0][8] = 83.999939
means[1][8] = 463.000122
means[0][9] = 92.745010
means[1][9] = 371.582581
means[0][10] = 62.608749
means[1][10] = 720.648926
means[0][11] = 95.139267
means[1][11] = 349.163666
means[0][12] = 75.999603
means[1][12] = 520.499329
means[0][13] = 41.413601
means[1][13] = 535.050049
Resolution level 3 iteration 1 deformation iterations 1
Did one deformation step of max. 0.25 voxels in 7.9776 seconds

minLogLikelihoodTimesPrior =

   5.3891e+06

Resolution level 3 iteration 1 deformation iterations 2
Did one deformation step of max. 0.33729 voxels in 3.0244 seconds

minLogLikelihoodTimesPrior =

   5.3890e+06

Resolution level 3 iteration 1 deformation iterations 3
Did one deformation step of max. 0.26204 voxels in 2.9986 seconds

minLogLikelihoodTimesPrior =

   5.3889e+06

Resolution level 3 iteration 1 deformation iterations 4
Did one deformation step of max. 0.1671 voxels in 2.8679 seconds

minLogLikelihoodTimesPrior =

   5.3889e+06

Resolution level 3 iteration 1 deformation iterations 5
Did one deformation step of max. 0.059754 voxels in 2.8344 seconds

minLogLikelihoodTimesPrior =

   5.3889e+06

Resolution level 3 iteration 1 deformation iterations 6
Did one deformation step of max. 0.1043 voxels in 2.8944 seconds

minLogLikelihoodTimesPrior =

   5.3888e+06

Resolution level 3 iteration 1 deformation iterations 7
Did one deformation step of max. 0.16669 voxels in 2.9927 seconds

minLogLikelihoodTimesPrior =

   5.3888e+06

Resolution level 3 iteration 1 deformation iterations 8
Did one deformation step of max. 0.19581 voxels in 3.0946 seconds

minLogLikelihoodTimesPrior =

   5.3887e+06

Resolution level 3 iteration 1 deformation iterations 9
Did one deformation step of max. 0.14992 voxels in 6.0031 seconds

minLogLikelihoodTimesPrior =

   5.3887e+06

Resolution level 3 iteration 1 deformation iterations 10
Did one deformation step of max. 0.1498 voxels in 3.3901 seconds

minLogLikelihoodTimesPrior =

   5.3887e+06

Resolution level 3 iteration 1 deformation iterations 11
Did one deformation step of max. 0.11836 voxels in 2.9966 seconds

minLogLikelihoodTimesPrior =

   5.3886e+06

Resolution level 3 iteration 1 deformation iterations 12
Did one deformation step of max. 0.12343 voxels in 2.8007 seconds

minLogLikelihoodTimesPrior =

   5.3886e+06

Resolution level 3 iteration 1 deformation iterations 13
Did one deformation step of max. 0.15925 voxels in 2.8191 seconds

minLogLikelihoodTimesPrior =

   5.3886e+06

Resolution level 3 iteration 1 deformation iterations 14
Did one deformation step of max. 0.082711 voxels in 3.3228 seconds

minLogLikelihoodTimesPrior =

   5.3886e+06

Resolution level 3 iteration 1 deformation iterations 15
Did one deformation step of max. 0.054416 voxels in 2.8992 seconds

minLogLikelihoodTimesPrior =

   5.3886e+06

Resolution level 3 iteration 1 deformation iterations 16
Did one deformation step of max. 0.063808 voxels in 6.5914 seconds

minLogLikelihoodTimesPrior =

   5.3886e+06

Resolution level 3 iteration 1 deformation iterations 17
Did one deformation step of max. 0.0025303 voxels in 2.861 seconds

minLogLikelihoodTimesPrior =

   5.3886e+06

Resolution level 3 iteration 1 deformation iterations 18
Did one deformation step of max. 0.0041405 voxels in 3.4775 seconds

minLogLikelihoodTimesPrior =

   5.3886e+06

Resolution level 3 iteration 1 deformation iterations 19
Did one deformation step of max. 0.010798 voxels in 3.3626 seconds

minLogLikelihoodTimesPrior =

   5.3886e+06

Resolution level 3 iteration 1 deformation iterations 20
Did one deformation step of max. 0.014171 voxels in 3.2645 seconds

minLogLikelihoodTimesPrior =

   5.3886e+06

Iteration 2 of 3
numberOfLabels: 14
Rasterizing mesh...here: 14
here2: 14
done

minLogLikelihood =

   5.3700e+06


minLogLikelihood =

   5.3700e+06

EM converged!
numberOfClasses = 14
numberOfImages = 2
precisions[0][0][0] = 0.055168
precisions[0][1][0] = 0.003691
precisions[1][0][0] = 0.003691
precisions[1][1][0] = 0.000576
precisions[0][0][1] = 0.054909
precisions[0][1][1] = 0.004993
precisions[1][0][1] = 0.004993
precisions[1][1][1] = 0.000778
precisions[0][0][2] = 0.129025
precisions[0][1][2] = 0.001509
precisions[1][0][2] = 0.001509
precisions[1][1][2] = 0.000131
precisions[0][0][3] = 0.040805
precisions[0][1][3] = 0.002924
precisions[1][0][3] = 0.002924
precisions[1][1][3] = 0.000316
precisions[0][0][4] = 0.035182
precisions[0][1][4] = 0.001838
precisions[1][0][4] = 0.001838
precisions[1][1][4] = 0.000317
precisions[0][0][5] = 0.018992
precisions[0][1][5] = 0.001542
precisions[1][0][5] = 0.001542
precisions[1][1][5] = 0.000135
precisions[0][0][6] = 0.135308
precisions[0][1][6] = 0.000297
precisions[1][0][6] = 0.000297
precisions[1][1][6] = 0.001225
precisions[0][0][7] = 0.037451
precisions[0][1][7] = 0.002827
precisions[1][0][7] = 0.002827
precisions[1][1][7] = 0.000258
precisions[0][0][8] = 0.928468
precisions[0][1][8] = 0.123556
precisions[1][0][8] = 0.123556
precisions[1][1][8] = 0.016600
precisions[0][0][9] = 0.073232
precisions[0][1][9] = 0.006783
precisions[1][0][9] = 0.006783
precisions[1][1][9] = 0.000868
precisions[0][0][10] = 0.020294
precisions[0][1][10] = 0.001070
precisions[1][0][10] = 0.001070
precisions[1][1][10] = 0.000077
precisions[0][0][11] = 0.041501
precisions[0][1][11] = 0.002632
precisions[1][0][11] = 0.002632
precisions[1][1][11] = 0.000409
precisions[0][0][12] = 0.172537
precisions[0][1][12] = 0.023448
precisions[1][0][12] = 0.023448
precisions[1][1][12] = 0.008654
precisions[0][0][13] = 0.003531
precisions[0][1][13] = 0.000019
precisions[1][0][13] = 0.000019
precisions[1][1][13] = 0.000015
means[0][0] = 71.988281
means[1][0] = 545.933655
means[0][1] = 94.675407
means[1][1] = 345.640198
means[0][2] = 71.927284
means[1][2] = 479.243347
means[0][3] = 83.130920
means[1][3] = 550.327698
means[0][4] = 61.463478
means[1][4] = 639.015259
means[0][5] = 34.623653
means[1][5] = 1102.680908
means[0][6] = 100.977646
means[1][6] = 262.973907
means[0][7] = 88.642021
means[1][7] = 400.334534
means[0][8] = 83.999939
means[1][8] = 463.000122
means[0][9] = 92.745201
means[1][9] = 371.579620
means[0][10] = 62.614784
means[1][10] = 720.680664
means[0][11] = 95.139908
means[1][11] = 349.160217
means[0][12] = 75.999596
means[1][12] = 520.499329
means[0][13] = 41.409298
means[1][13] = 535.045166
Resolution level 3 iteration 2 deformation iterations 1
Did one deformation step of max. 0.25 voxels in 9.2566 seconds

minLogLikelihoodTimesPrior =

   5.3885e+06

Resolution level 3 iteration 2 deformation iterations 2
Did one deformation step of max. 0.10854 voxels in 2.8181 seconds

minLogLikelihoodTimesPrior =

   5.3885e+06

Resolution level 3 iteration 2 deformation iterations 3
Did one deformation step of max. 0.10742 voxels in 2.8955 seconds

minLogLikelihoodTimesPrior =

   5.3885e+06

Resolution level 3 iteration 2 deformation iterations 4
Did one deformation step of max. 0.07565 voxels in 5.7815 seconds

minLogLikelihoodTimesPrior =

   5.3885e+06

Resolution level 3 iteration 2 deformation iterations 5
Did one deformation step of max. 0.073483 voxels in 2.834 seconds

minLogLikelihoodTimesPrior =

   5.3884e+06

Resolution level 3 iteration 2 deformation iterations 6
Did one deformation step of max. 0.09354 voxels in 3.0887 seconds

minLogLikelihoodTimesPrior =

   5.3884e+06

Resolution level 3 iteration 2 deformation iterations 7
Did one deformation step of max. 0.08331 voxels in 3.0854 seconds

minLogLikelihoodTimesPrior =

   5.3884e+06

Resolution level 3 iteration 2 deformation iterations 8
Did one deformation step of max. 0.077358 voxels in 3.34 seconds

minLogLikelihoodTimesPrior =

   5.3884e+06

Resolution level 3 iteration 2 deformation iterations 9
Did one deformation step of max. 0.062076 voxels in 3.4786 seconds

minLogLikelihoodTimesPrior =

   5.3884e+06

Resolution level 3 iteration 2 deformation iterations 10
Did one deformation step of max. 0.094313 voxels in 3.3842 seconds

minLogLikelihoodTimesPrior =

   5.3884e+06

Resolution level 3 iteration 2 deformation iterations 11
Did one deformation step of max. 0.053014 voxels in 3.196 seconds

minLogLikelihoodTimesPrior =

   5.3884e+06

Resolution level 3 iteration 2 deformation iterations 12
Did one deformation step of max. 0.062515 voxels in 3.1272 seconds

minLogLikelihoodTimesPrior =

   5.3884e+06

Resolution level 3 iteration 2 deformation iterations 13
Did one deformation step of max. 0.052173 voxels in 2.7246 seconds

minLogLikelihoodTimesPrior =

   5.3883e+06

Resolution level 3 iteration 2 deformation iterations 14
Did one deformation step of max. 0.063439 voxels in 2.7101 seconds

minLogLikelihoodTimesPrior =

   5.3883e+06

Resolution level 3 iteration 2 deformation iterations 15
Did one deformation step of max. 0.058079 voxels in 3.0017 seconds

minLogLikelihoodTimesPrior =

   5.3883e+06

Resolution level 3 iteration 2 deformation iterations 16
Did one deformation step of max. 0.056575 voxels in 3.032 seconds

minLogLikelihoodTimesPrior =

   5.3883e+06

Resolution level 3 iteration 2 deformation iterations 17
Did one deformation step of max. 0.08652 voxels in 3.3304 seconds

minLogLikelihoodTimesPrior =

   5.3883e+06

Resolution level 3 iteration 2 deformation iterations 18
Did one deformation step of max. 0.025271 voxels in 3.3523 seconds

minLogLikelihoodTimesPrior =

   5.3883e+06

Resolution level 3 iteration 2 deformation iterations 19
Did one deformation step of max. 0.027265 voxels in 2.8564 seconds

minLogLikelihoodTimesPrior =

   5.3883e+06

Resolution level 3 iteration 2 deformation iterations 20
Did one deformation step of max. 0.068568 voxels in 2.759 seconds

minLogLikelihoodTimesPrior =

   5.3883e+06

Iteration 3 of 3
numberOfLabels: 14
Rasterizing mesh...here: 14
here2: 14
done

minLogLikelihood =

   5.3693e+06


minLogLikelihood =

   5.3693e+06

EM converged!
numberOfClasses = 14
numberOfImages = 2
precisions[0][0][0] = 0.055219
precisions[0][1][0] = 0.003693
precisions[1][0][0] = 0.003693
precisions[1][1][0] = 0.000577
precisions[0][0][1] = 0.054911
precisions[0][1][1] = 0.004993
precisions[1][0][1] = 0.004993
precisions[1][1][1] = 0.000779
precisions[0][0][2] = 0.129142
precisions[0][1][2] = 0.001517
precisions[1][0][2] = 0.001517
precisions[1][1][2] = 0.000131
precisions[0][0][3] = 0.040728
precisions[0][1][3] = 0.002916
precisions[1][0][3] = 0.002916
precisions[1][1][3] = 0.000316
precisions[0][0][4] = 0.035322
precisions[0][1][4] = 0.001843
precisions[1][0][4] = 0.001843
precisions[1][1][4] = 0.000317
precisions[0][0][5] = 0.019001
precisions[0][1][5] = 0.001543
precisions[1][0][5] = 0.001543
precisions[1][1][5] = 0.000135
precisions[0][0][6] = 0.135191
precisions[0][1][6] = 0.000265
precisions[1][0][6] = 0.000265
precisions[1][1][6] = 0.001223
precisions[0][0][7] = 0.037478
precisions[0][1][7] = 0.002829
precisions[1][0][7] = 0.002829
precisions[1][1][7] = 0.000258
precisions[0][0][8] = 0.998112
precisions[0][1][8] = 0.132476
precisions[1][0][8] = 0.132476
precisions[1][1][8] = 0.017738
precisions[0][0][9] = 0.073186
precisions[0][1][9] = 0.006779
precisions[1][0][9] = 0.006779
precisions[1][1][9] = 0.000867
precisions[0][0][10] = 0.020276
precisions[0][1][10] = 0.001068
precisions[1][0][10] = 0.001068
precisions[1][1][10] = 0.000077
precisions[0][0][11] = 0.041537
precisions[0][1][11] = 0.002634
precisions[1][0][11] = 0.002634
precisions[1][1][11] = 0.000409
precisions[0][0][12] = 0.174341
precisions[0][1][12] = 0.024715
precisions[1][0][12] = 0.024715
precisions[1][1][12] = 0.009414
precisions[0][0][13] = 0.003533
precisions[0][1][13] = 0.000019
precisions[1][0][13] = 0.000019
precisions[1][1][13] = 0.000015
means[0][0] = 71.987457
means[1][0] = 545.934998
means[0][1] = 94.675461
means[1][1] = 345.636932
means[0][2] = 71.925812
means[1][2] = 479.245056
means[0][3] = 83.133736
means[1][3] = 550.265930
means[0][4] = 61.462898
means[1][4] = 639.020569
means[0][5] = 34.620705
means[1][5] = 1102.718262
means[0][6] = 100.977806
means[1][6] = 262.972565
means[0][7] = 88.641510
means[1][7] = 400.342163
means[0][8] = 83.999939
means[1][8] = 463.000122
means[0][9] = 92.745140
means[1][9] = 371.578644
means[0][10] = 62.631416
means[1][10] = 720.499084
means[0][11] = 95.141258
means[1][11] = 349.151703
means[0][12] = 75.999603
means[1][12] = 520.499268
means[0][13] = 41.406261
means[1][13] = 535.037231
Resolution level 3 iteration 3 deformation iterations 1
Did one deformation step of max. 0.0625 voxels in 14.3442 seconds

minLogLikelihoodTimesPrior =

   5.3883e+06

Resolution level 3 iteration 3 deformation iterations 2
Did one deformation step of max. 0.047987 voxels in 2.851 seconds

minLogLikelihoodTimesPrior =

   5.3882e+06

Resolution level 3 iteration 3 deformation iterations 3
Did one deformation step of max. 0.1393 voxels in 2.9604 seconds

minLogLikelihoodTimesPrior =

   5.3882e+06

Resolution level 3 iteration 3 deformation iterations 4
Did one deformation step of max. 0.034313 voxels in 3.0848 seconds

minLogLikelihoodTimesPrior =

   5.3882e+06

Resolution level 3 iteration 3 deformation iterations 5
Did one deformation step of max. 0.045844 voxels in 3.5648 seconds

minLogLikelihoodTimesPrior =

   5.3882e+06

Resolution level 3 iteration 3 deformation iterations 6
Did one deformation step of max. 0.060046 voxels in 3.7642 seconds

minLogLikelihoodTimesPrior =

   5.3882e+06

Resolution level 3 iteration 3 deformation iterations 7
Did one deformation step of max. 0.062286 voxels in 3.4178 seconds

minLogLikelihoodTimesPrior =

   5.3882e+06

Resolution level 3 iteration 3 deformation iterations 8
Did one deformation step of max. 0.051143 voxels in 3.4561 seconds

minLogLikelihoodTimesPrior =

   5.3882e+06

Resolution level 3 iteration 3 deformation iterations 9
Did one deformation step of max. 0.030211 voxels in 2.9035 seconds

minLogLikelihoodTimesPrior =

   5.3882e+06

Resolution level 3 iteration 3 deformation iterations 10
Did one deformation step of max. 0.042853 voxels in 8.6503 seconds

minLogLikelihoodTimesPrior =

   5.3882e+06

Resolution level 3 iteration 3 deformation iterations 11
Did one deformation step of max. 0.025768 voxels in 3.0744 seconds

minLogLikelihoodTimesPrior =

   5.3882e+06

Resolution level 3 iteration 3 deformation iterations 12
Did one deformation step of max. 0.037873 voxels in 2.9112 seconds

minLogLikelihoodTimesPrior =

   5.3882e+06

Resolution level 3 iteration 3 deformation iterations 13
Did one deformation step of max. 0.018483 voxels in 2.8403 seconds

minLogLikelihoodTimesPrior =

   5.3882e+06

Resolution level 3 iteration 3 deformation iterations 14
Did one deformation step of max. 0.039993 voxels in 5.5465 seconds

minLogLikelihoodTimesPrior =

   5.3882e+06

Resolution level 3 iteration 3 deformation iterations 15
Did one deformation step of max. 0.012224 voxels in 2.7647 seconds

minLogLikelihoodTimesPrior =

   5.3882e+06

Resolution level 3 iteration 3 deformation iterations 16
Did one deformation step of max. 0.018721 voxels in 2.8248 seconds

minLogLikelihoodTimesPrior =

   5.3882e+06

Resolution level 3 iteration 3 deformation iterations 17
Did one deformation step of max. 0.022783 voxels in 3.5539 seconds

minLogLikelihoodTimesPrior =

   5.3882e+06

Resolution level 3 iteration 3 deformation iterations 18
Did one deformation step of max. 0.013645 voxels in 2.9727 seconds

minLogLikelihoodTimesPrior =

   5.3882e+06

Resolution level 3 iteration 3 deformation iterations 19
Did one deformation step of max. 0.029392 voxels in 3.2325 seconds

minLogLikelihoodTimesPrior =

   5.3882e+06

Resolution level 3 iteration 3 deformation iterations 20
Did one deformation step of max. 0.033833 voxels in 3.3066 seconds

minLogLikelihoodTimesPrior =

   5.3882e+06

Fitting mesh to image data mask took 1290.6781 seconds
numberOfLabels: 25
Rasterizing mesh...here: 25
here2: 25
done
Transforming points
Transforming points
Transforming points
Transforming points
Transforming points
Transforming points
Transforming points
Transforming points
Transforming points
Transforming points
Transforming points
Transforming points
Transforming points
Transforming points
Transforming points
Transforming points
Transforming points
Transforming points
Transforming points
Transforming points
Transforming points
Transforming points
Transforming points
Transforming points
Transforming points
Transforming points
Transforming points
Transforming points
Transforming points
Transforming points
Transforming points
Transforming points
Transforming points
Transforming points
Transforming points
Transforming points
Transforming points
Transforming points
Transforming points
Transforming points
Careful here: the applied transformation will turn positive tetrahedra into negative ones.
-1.13527 0.0113408 -0.136956
-0.255495 1.16855 -0.673495
0.108156 0.49421 0.87392

 determinant: -1.50093
Starting to swap the point assignments of each tetrahedron...
I am WriteImage and I'm running! 
Wrote image to file image1.mgz
I am WriteImage and I'm running! 
Wrote image to file image2.mgz
INFO: dst volume info differs from the one stored in lta.  gets modified now.
volume geometry:
extent  : (200, 476, 212)
voxel   : ( 0.3333,  0.3333,  0.3333)
x_(ras) : ( 1.0000,  0.0000,  0.0000)
y_(ras) : ( 0.0000,  1.0000,  0.0000)
z_(ras) : ( 0.0000,  0.0000,  1.0000)
c_(ras) : (22.4000, -3.6000, -14.0000)
file    : T2isotropic.mgz
volume geometry:
extent  : (320, 320, 320)
voxel   : ( 0.8000,  0.8000,  0.8000)
x_(ras) : ( 1.0000,  0.0000,  0.0000)
y_(ras) : ( 0.0000,  1.0000,  0.0000)
z_(ras) : ( 0.0000,  0.0000,  1.0000)
c_(ras) : ( 0.4000,  0.4000,  0.4000)
file    : /home/surly-raid1/kendrick-data/nsd/ppdata/NSD134-structurals/T2_0pt8_masked.nii.gz
Constructing image-to-world transform from header information (asmr1.mgz)
Returning the following transform: 
AffineTransform (0x7f996bfda180)
  RTTI typeinfo:   itk::AffineTransform<double, 3u>
  Reference Count: 1
  Modified Time: 359435978
  Debug: Off
  Object Name: 
  Observers: 
    none
  Matrix: 
    0.33333 0 0 
    0 0.33333 0 
    0 0 0.33333 
  Offset: [-10.933, -82.9325, -49.333]
  Center: [0, 0, 0]
  Translation: [-10.933, -82.9325, -49.333]
  Inverse: 
    3.00003 0 0 
    0 3.00003 0 
    0 0 3.00003 
  Singular: 0
Constructing image-to-world transform from header information (/home/stone-ext1/freesurfer/subjects/FS6EXPERT_subj01/tmp/hippoSF_T1T2_v10_HST1T2_right/imageDump.mgz)
Returning the following transform: 
AffineTransform (0x7f996bfda180)
  RTTI typeinfo:   itk::AffineTransform<double, 3u>
  Reference Count: 1
  Modified Time: 359443010
  Debug: Off
  Object Name: 
  Observers: 
    none
  Matrix: 
    -0.300715 0.0172327 -0.0338459 
    -0.0334099 0.217046 0.162033 
    0.0561101 -0.124875 0.293977 
  Offset: [41.5097, -34.1771, -16.8369]
  Center: [0, 0, 0]
  Translation: [41.5097, -34.1771, -16.8369]
  Inverse: 
    -3.40586 0.0340228 -0.410873 
    -0.766494 3.5057 -2.0205 
    0.324472 1.48265 2.62178 
  Singular: 0
Transform before cropping: 
AffineTransform (0x7f996bfda180)
  RTTI typeinfo:   itk::AffineTransform<double, 3u>
  Reference Count: 1
  Modified Time: 359443012
  Debug: Off
  Object Name: 
  Observers: 
    none
  Matrix: 
    -0.902153 0.0516986 -0.101539 
    -0.100231 0.651146 0.486104 
    0.168332 -0.374628 0.88194 
  Offset: [157.33, 146.268, 97.4891]
  Center: [0, 0, 0]
  Translation: [157.33, 146.268, 97.4891]
  Inverse: 
    -1.13527 0.0113408 -0.136956 
    -0.255495 1.16855 -0.673495 
    0.108156 0.49421 0.87392 
  Singular: 0
WorldToImageTransform before cropping: 
AffineTransform (0x7f99e7a8f510)
  RTTI typeinfo:   itk::AffineTransform<double, 3u>
  Reference Count: 1
  Modified Time: 359443014
  Debug: Off
  Object Name: 
  Observers: 
    none
  Matrix: 
    3.00003 0 0 
    0 3.00003 0 
    0 0 3.00003 
  Offset: [32.7993, 248.8, 148]
  Center: [0, 0, 0]
  Translation: [32.7993, 248.8, 148]
  Inverse: 
    0.33333 0 0 
    0 0.33333 0 
    0 0 0.33333 
  Singular: 0
 m_BoundingBoxSize: [131, 241,99]
 minimalMappedCoordinate: [30.099, 133.238,7.57852]
 maximalMappedCoordinate: [169.737, 350.181,205.802]
Cropping with min [16  112  -12]
          and max [184  372  225]
m_OriginalImageRegion before checking margins: ImageRegion (0x7f996bfd7bb8)
  Dimension: 3
  Index: [16, 112, -12]
  Size: [169, 261, 238]

m_CroppedImageRegion before checking margins: ImageRegion (0x7f996bfd7b80)
  Dimension: 3
  Index: [0, 0, 0]
  Size: [169, 261, 238]


m_OriginalImageRegion after checking margins: ImageRegion (0x7f996bfd7bb8)
  Dimension: 3
  Index: [16, 112, 0]
  Size: [169, 261, 212]

m_CroppedImageRegion after checking margins: ImageRegion (0x7f996bfd7b80)
  Dimension: 3
  Index: [0, 0, 12]
  Size: [169, 261, 212]

Transform after cropping: 
AffineTransform (0x7f996bfda180)
  RTTI typeinfo:   itk::AffineTransform<double, 3u>
  Reference Count: 1
  Modified Time: 359450046
  Debug: Off
  Object Name: 
  Observers: 
    none
  Matrix: 
    -0.902153 0.0516986 -0.101539 
    -0.100231 0.651146 0.486104 
    0.168332 -0.374628 0.88194 
  Offset: [141.33, 34.2679, 109.489]
  Center: [0, 0, 0]
  Translation: [141.33, 34.2679, 109.489]
  Inverse: 
    -1.13527 0.0113408 -0.136956 
    -0.255495 1.16855 -0.673495 
    0.108156 0.49421 0.87392 
  Singular: 0
WorldToImageTransform after cropping: 
AffineTransform (0x7f99e7a8f510)
  RTTI typeinfo:   itk::AffineTransform<double, 3u>
  Reference Count: 1
  Modified Time: 359450047
  Debug: Off
  Object Name: 
  Observers: 
    none
  Matrix: 
    3.00003 0 0 
    0 3.00003 0 
    0 0 3.00003 
  Offset: [16.7993, 136.8, 160]
  Center: [0, 0, 0]
  Translation: [16.7993, 136.8, 160]
  Inverse: 
    0.33333 0 0 
    0 0.33333 0 
    0 0 0.33333 
  Singular: 0
I am WriteImage and I'm running! 
Wrote image to file asmr2.mgz
This file does not contain MRI parameters
This file does not contain MRI parameters
This file does not contain MRI parameters
numberOfLabels: 25
Rasterizing mesh...here: 25
here2: 25
done
mri_convert.bin discreteLabels.mgz discreteLabelsResampledT1.mgz -rt nearest -odt float -rl /home/stone-ext1/freesurfer/subjects/FS6EXPERT_subj01/mri/norm.mgz -ait /home/stone-ext1/freesurfer/subjects/FS6EXPERT_subj01/tmp/hippoSF_T1T2_v10_HST1T2_right//T1toT2.lta 
$Id: mri_convert.c,v 1.226 2016/02/26 16:15:24 mreuter Exp $
reading from discreteLabels.mgz...
TR=1000.00, TE=0.00, TI=0.00, flip angle=0.00
i_ras = (1, 0, 0)
j_ras = (0, 1, 0)
k_ras = (0, 0, 1)
INFO: Reading transformation from file /home/stone-ext1/freesurfer/subjects/FS6EXPERT_subj01/tmp/hippoSF_T1T2_v10_HST1T2_right//T1toT2.lta...
Reading transform with LTAreadEx()
reading template info from volume /home/stone-ext1/freesurfer/subjects/FS6EXPERT_subj01/mri/norm.mgz...
INFO: Applying transformation from file /home/stone-ext1/freesurfer/subjects/FS6EXPERT_subj01/tmp/hippoSF_T1T2_v10_HST1T2_right//T1toT2.lta...
---------------------------------
INFO: Transform Matrix (linear_ras_to_ras)
 0.99999  -0.00320  -0.00026  -0.06499;
 0.00320   0.99999   0.00013  -0.06512;
 0.00026  -0.00013   1.00000  -0.00531;
 0.00000   0.00000   0.00000   1.00000;
---------------------------------
Applying LTAtransformInterp (resample_type 0)
writing to discreteLabelsResampledT1.mgz...
Inverting LTA

Matrix from LTA:
-0.99999  -0.00320  -0.00026  -0.06657;
-0.00026   0.00013   1.00000   0.00524;
 0.00320  -0.99999   0.00013  -0.06357;
 0.00000   0.00000   0.00000   1.00000;

discreteLabels.mgz /home/stone-ext1/freesurfer/subjects/FS6EXPERT_subj01/mri/norm.mgz
INFO: src volume info differs from the one stored in lta. gets modified now.
volume geometry:
extent  : (185, 373, 226)
voxel   : ( 0.3333,  0.3333,  0.3333)
x_(ras) : ( 1.0000,  0.0000,  0.0000)
y_(ras) : ( 0.0000,  1.0000,  0.0000)
z_(ras) : ( 0.0000,  0.0000,  1.0000)
c_(ras) : (19.9000, -20.7665, -11.6667)
file    : /home/stone-ext1/freesurfer/subjects/FS6EXPERT_subj01/tmp/hippoSF_T1T2_v10_HST1T2_right/discreteLabels.mgz
volume geometry:
extent  : (320, 320, 320)
voxel   : ( 0.8000,  0.8000,  0.8000)
x_(ras) : ( 1.0000,  0.0000,  0.0000)
y_(ras) : ( 0.0000,  1.0000,  0.0000)
z_(ras) : ( 0.0000,  0.0000,  1.0000)
c_(ras) : ( 0.4000,  0.4000,  0.4000)
file    : /home/surly-raid1/kendrick-data/nsd/ppdata/NSD134-structurals/T2_0pt8_masked.nii.gz
movvol discreteLabels.mgz
targvol /home/stone-ext1/freesurfer/subjects/FS6EXPERT_subj01/mri/norm.mgz
outvol discreteLabelsT1space.mgz
regfile /home/stone-ext1/freesurfer/subjects/FS6EXPERT_subj01/tmp/hippoSF_T1T2_v10_HST1T2_right//T1toT2.lta
invert 0
tal    0
talres 2
regheader 0
noresample 1
interp  trilinear (1)
precision  float (3)
Gdiag_no  -1
Synth      0
SynthSeed  1557998164

Final tkRAS-to-tkRAS Matrix is:
-0.99999  -0.00320  -0.00026   19.43347;
-0.00026   0.00013   1.00000   12.07194;
 0.00320  -0.99999   0.00013  -21.23007;
 0.00000   0.00000   0.00000   1.00000;

Not resampling, only changing vox2ras matrix
To check registration, run:

  tkregister2 --mov discreteLabelsT1space.mgz --targ /home/stone-ext1/freesurfer/subjects/FS6EXPERT_subj01/mri/norm.mgz --regheader --reg /tmp/reg 

mri_vol2vol done
Inverting LTA

Matrix from LTA:
-0.99999  -0.00320  -0.00026  -0.06657;
-0.00026   0.00013   1.00000   0.00524;
 0.00320  -0.99999   0.00013  -0.06357;
 0.00000   0.00000   0.00000   1.00000;

/home/surly-raid1/kendrick-data/nsd/ppdata/NSD134-structurals/T2_0pt8_masked.nii.gz /home/stone-ext1/freesurfer/subjects/FS6EXPERT_subj01/mri/norm.mgz
movvol /home/surly-raid1/kendrick-data/nsd/ppdata/NSD134-structurals/T2_0pt8_masked.nii.gz
targvol /home/stone-ext1/freesurfer/subjects/FS6EXPERT_subj01/mri/norm.mgz
outvol T2inT1space.mgz
regfile /home/stone-ext1/freesurfer/subjects/FS6EXPERT_subj01/tmp/hippoSF_T1T2_v10_HST1T2_right//T1toT2.lta
invert 0
tal    0
talres 2
regheader 0
noresample 1
interp  trilinear (1)
precision  float (3)
Gdiag_no  -1
Synth      0
SynthSeed  1558365611

Final tkRAS-to-tkRAS Matrix is:
-0.99999  -0.00320  -0.00026  -0.06657;
-0.00026   0.00013   1.00000   0.00529;
 0.00320  -0.99999   0.00013  -0.06357;
 0.00000   0.00000   0.00000   1.00000;

Not resampling, only changing vox2ras matrix
To check registration, run:

  tkregister2 --mov T2inT1space.mgz --targ /home/stone-ext1/freesurfer/subjects/FS6EXPERT_subj01/mri/norm.mgz --regheader --reg /tmp/reg 

mri_vol2vol done
mv: cannot stat ‘volumesAmygdala.txt’: No such file or directory
Everything done!
It took 1795.7935 seconds 
