Tue May  7 10:49:47 CDT 2019
/home/stone-ext1/freesurfer/subjects/FS6EXPERT_subj01
/home/stone/software/freesurfer_stable_600/bin/recon-all
-s FS6EXPERT_subj01 -i /home/surly-raid1/kendrick-data/nsd//ppdata/NSD134-structurals/T1_0pt8_masked.nii.gz -all -hires -openmp 32 -norandomness -expert /home/surly-raid4/kendrick-data/nsd/nsddata/templates/expert.opts -brainstem-structures -hippocampal-subfields-T1T2 /home/surly-raid1/kendrick-data/nsd//ppdata/NSD134-structurals/T2_0pt8_masked.nii.gz HST1T2
subjid FS6EXPERT_subj01
setenv SUBJECTS_DIR /home/stone-ext1/freesurfer/subjects
FREESURFER_HOME /home/stone/software/freesurfer_stable_600
Actual FREESURFER_HOME /home/stone-ext1/software/freesurfer_stable_600
build-stamp.txt: freesurfer-Linux-centos6_x86_64-stable-pub-v6.0.0-2beb96c
Linux stone.cmrr.umn.edu 3.13.0-168-generic #218-Ubuntu SMP Thu Mar 14 16:56:08 UTC 2019 x86_64 x86_64 x86_64 GNU/Linux
cputime      unlimited
filesize     unlimited
datasize     unlimited
stacksize    8192 kbytes
coredumpsize 0 kbytes
memoryuse    unlimited
vmemoryuse   unlimited
descriptors  4096 
memorylocked 64 kbytes
maxproc      1030947 
maxlocks     unlimited
maxsignal    1030947 
maxmessage   819200 
maxnice      0 
maxrtprio    0 
maxrttime    unlimited

             total       used       free     shared    buffers     cached
Mem:     131985232   86270812   45714420      81320    1790396   71486152
-/+ buffers/cache:   12994264  118990968
Swap:    228800504          0  228800504

########################################
program versions used
$Id: recon-all,v 1.580.2.16 2017/01/18 14:11:24 zkaufman Exp $
$Id: mri_motion_correct.fsl,v 1.15 2016/02/16 17:17:20 zkaufman Exp $
mri_convert.bin -all-info 
ProgramName: mri_convert.bin  ProgramArguments: -all-info  ProgramVersion: $Name: stable6 $  TimeStamp: 2019/05/07-15:49:47-GMT  BuildTimeStamp: Jan 18 2017 16:38:58  CVS: $Id: mri_convert.c,v 1.226 2016/02/26 16:15:24 mreuter Exp $  User: kendrick  Machine: stone.cmrr.umn.edu  Platform: Linux  PlatformVersion: 3.13.0-168-generic  CompilerName: GCC  CompilerVersion: 40400 
FLIRT version 5.5
$Id: talairach_avi,v 1.13 2015/12/23 04:25:17 greve Exp $
mri_convert.bin --version 
stable6
ProgramName: tkregister2_cmdl  ProgramArguments: --all-info  ProgramVersion: $Name: stable6 $  TimeStamp: 2019/05/07-15:49:47-GMT  BuildTimeStamp: Jan 18 2017 16:38:58  CVS: $Id: tkregister2.c,v 1.132.2.1 2016/08/02 21:17:29 greve Exp $  User: kendrick  Machine: stone.cmrr.umn.edu  Platform: Linux  PlatformVersion: 3.13.0-168-generic  CompilerName: GCC  CompilerVersion: 40400 
Program nu_correct, built from:
Package MNI N3, version 1.12.0, compiled by nicks@terrier (x86_64-unknown-linux-gnu) on 2015-06-19 at 01:25:34
ProgramName: mri_make_uchar  ProgramArguments: -all-info  ProgramVersion: $Name: stable6 $  TimeStamp: 2019/05/07-15:49:47-GMT  BuildTimeStamp: Jan 18 2017 16:38:58  CVS: $Id: mri_make_uchar.c,v 1.4 2011/03/02 00:04:14 nicks Exp $  User: kendrick  Machine: stone.cmrr.umn.edu  Platform: Linux  PlatformVersion: 3.13.0-168-generic  CompilerName: GCC  CompilerVersion: 40400 
ProgramName: mri_normalize  ProgramArguments: -all-info  ProgramVersion: $Name:  $  TimeStamp: 2019/05/07-15:49:47-GMT  BuildTimeStamp: Jan 18 2017 16:38:58  CVS: $Id: mri_normalize.c,v 1.88.2.3 2016/12/27 16:47:13 zkaufman Exp $  User: kendrick  Machine: stone.cmrr.umn.edu  Platform: Linux  PlatformVersion: 3.13.0-168-generic  CompilerName: GCC  CompilerVersion: 40400 
ProgramName: mri_watershed  ProgramArguments: -all-info  ProgramVersion: $Name: stable6 $  TimeStamp: 2019/05/07-15:49:47-GMT  BuildTimeStamp: Jan 18 2017 16:38:58  CVS: $Id: mri_watershed.cpp,v 1.103 2016/06/17 18:00:49 zkaufman Exp $  User: kendrick  Machine: stone.cmrr.umn.edu  Platform: Linux  PlatformVersion: 3.13.0-168-generic  CompilerName: GCC  CompilerVersion: 40400 
ProgramName: mri_gcut  ProgramArguments: -all-info  ProgramVersion: $Name: stable6 $  TimeStamp: 2019/05/07-15:49:47-GMT  BuildTimeStamp: Jan 18 2017 16:38:58  CVS: $Id: mri_gcut.cpp,v 1.14 2011/03/02 00:04:16 nicks Exp $  User: kendrick  Machine: stone.cmrr.umn.edu  Platform: Linux  PlatformVersion: 3.13.0-168-generic  CompilerName: GCC  CompilerVersion: 40400 
ProgramName: mri_segment  ProgramArguments: -all-info  ProgramVersion: $Name:  $  TimeStamp: 2019/05/07-15:49:47-GMT  BuildTimeStamp: Jan 18 2017 16:38:58  CVS: $Id: mri_segment.c,v 1.43.2.1 2016/10/27 22:24:52 zkaufman Exp $  User: kendrick  Machine: stone.cmrr.umn.edu  Platform: Linux  PlatformVersion: 3.13.0-168-generic  CompilerName: GCC  CompilerVersion: 40400 
ProgramName: mri_label2label.bin  ProgramArguments: -all-info  ProgramVersion: $Name:  $  TimeStamp: 2019/05/07-15:49:47-GMT  BuildTimeStamp: Jan 18 2017 16:38:58  CVS: $Id: mri_label2label.c,v 1.48.2.2 2016/12/12 14:15:26 zkaufman Exp $  User: kendrick  Machine: stone.cmrr.umn.edu  Platform: Linux  PlatformVersion: 3.13.0-168-generic  CompilerName: GCC  CompilerVersion: 40400 
ProgramName: mri_em_register  ProgramArguments: -all-info  ProgramVersion: $Name:  $  TimeStamp: 2019/05/07-15:49:47-GMT  BuildTimeStamp: Jan 18 2017 16:38:58  CVS: $Id: mri_em_register.c,v 1.105.2.1 2016/10/27 22:25:10 zkaufman Exp $  User: kendrick  Machine: stone.cmrr.umn.edu  Platform: Linux  PlatformVersion: 3.13.0-168-generic  CompilerName: GCC  CompilerVersion: 40400 
ProgramName: mri_ca_normalize  ProgramArguments: -all-info  ProgramVersion: $Name:  $  TimeStamp: 2019/05/07-15:49:47-GMT  BuildTimeStamp: Jan 18 2017 16:38:58  CVS: $Id: mri_ca_normalize.c,v 1.67.2.2 2016/10/27 22:25:09 zkaufman Exp $  User: kendrick  Machine: stone.cmrr.umn.edu  Platform: Linux  PlatformVersion: 3.13.0-168-generic  CompilerName: GCC  CompilerVersion: 40400 
ProgramName: mri_ca_register  ProgramArguments: -all-info  ProgramVersion: $Name:  $  TimeStamp: 2019/05/07-15:49:47-GMT  BuildTimeStamp: Jan 18 2017 16:38:58  CVS: $Id: mri_ca_register.c,v 1.96.2.3 2016/10/27 22:25:10 zkaufman Exp $  User: kendrick  Machine: stone.cmrr.umn.edu  Platform: Linux  PlatformVersion: 3.13.0-168-generic  CompilerName: GCC  CompilerVersion: 40400 
ProgramName: mri_ca_label  ProgramArguments: -all-info  ProgramVersion: $Name:  $  TimeStamp: 2019/05/07-15:49:47-GMT  BuildTimeStamp: Jan 18 2017 16:38:58  CVS: $Id: mri_ca_label.c,v 1.113.2.2 2016/10/27 22:25:10 zkaufman Exp $  User: kendrick  Machine: stone.cmrr.umn.edu  Platform: Linux  PlatformVersion: 3.13.0-168-generic  CompilerName: GCC  CompilerVersion: 40400 
ProgramName: mri_pretess  ProgramArguments: -all-info  ProgramVersion: $Name: stable6 $  TimeStamp: 2019/05/07-15:49:47-GMT  BuildTimeStamp: Jan 18 2017 16:38:58  CVS: $Id: mri_pretess.c,v 1.22 2013/08/30 18:12:25 mreuter Exp $  User: kendrick  Machine: stone.cmrr.umn.edu  Platform: Linux  PlatformVersion: 3.13.0-168-generic  CompilerName: GCC  CompilerVersion: 40400 
ProgramName: mri_fill  ProgramArguments: -all-info  ProgramVersion: $Name: stable6 $  TimeStamp: 2019/05/07-15:49:47-GMT  BuildTimeStamp: Jan 18 2017 16:38:58  CVS: $Id: mri_fill.c,v 1.119 2011/10/25 14:09:58 fischl Exp $  User: kendrick  Machine: stone.cmrr.umn.edu  Platform: Linux  PlatformVersion: 3.13.0-168-generic  CompilerName: GCC  CompilerVersion: 40400 
ProgramName: mri_tessellate  ProgramArguments: -all-info  ProgramVersion: $Name:  $  TimeStamp: 2019/05/07-15:49:47-GMT  BuildTimeStamp: Jan 18 2017 16:38:58  CVS: $Id: mri_tessellate.c,v 1.38.2.1 2016/07/26 18:46:38 zkaufman Exp $  User: kendrick  Machine: stone.cmrr.umn.edu  Platform: Linux  PlatformVersion: 3.13.0-168-generic  CompilerName: GCC  CompilerVersion: 40400 
ProgramName: mri_concatenate_lta.bin  ProgramArguments: -all-info  ProgramVersion: $Name: stable6 $  TimeStamp: 2019/05/07-15:49:47-GMT  BuildTimeStamp: Jan 18 2017 16:38:58  CVS: $Id: mri_concatenate_lta.c,v 1.16 2015/11/21 00:06:20 greve Exp $  User: kendrick  Machine: stone.cmrr.umn.edu  Platform: Linux  PlatformVersion: 3.13.0-168-generic  CompilerName: GCC  CompilerVersion: 40400 
ProgramName: mri_normalize_tp2  ProgramArguments: -all-info  ProgramVersion: $Name: stable6 $  TimeStamp: 2019/05/07-15:49:47-GMT  BuildTimeStamp: Jan 18 2017 16:38:58  CVS: $Id: mri_normalize_tp2.c,v 1.8 2011/03/02 00:04:23 nicks Exp $  User: kendrick  Machine: stone.cmrr.umn.edu  Platform: Linux  PlatformVersion: 3.13.0-168-generic  CompilerName: GCC  CompilerVersion: 40400 
ProgramName: mris_smooth  ProgramArguments: -all-info  ProgramVersion: $Name: stable6 $  TimeStamp: 2019/05/07-15:49:47-GMT  BuildTimeStamp: Jan 18 2017 16:38:58  CVS: $Id: mris_smooth.c,v 1.30 2014/01/21 18:48:21 fischl Exp $  User: kendrick  Machine: stone.cmrr.umn.edu  Platform: Linux  PlatformVersion: 3.13.0-168-generic  CompilerName: GCC  CompilerVersion: 40400 
ProgramName: mris_inflate  ProgramArguments: -all-info  ProgramVersion: $Name: stable6 $  TimeStamp: 2019/05/07-15:49:47-GMT  BuildTimeStamp: Jan 18 2017 16:38:58  CVS: $Id: mris_inflate.c,v 1.45 2016/01/20 23:42:15 greve Exp $  User: kendrick  Machine: stone.cmrr.umn.edu  Platform: Linux  PlatformVersion: 3.13.0-168-generic  CompilerName: GCC  CompilerVersion: 40400 
ProgramName: mris_curvature  ProgramArguments: -all-info  ProgramVersion: $Name: stable6 $  TimeStamp: 2019/05/07-15:49:47-GMT  BuildTimeStamp: Jan 18 2017 16:38:58  CVS: $Id: mris_curvature.c,v 1.31 2011/03/02 00:04:30 nicks Exp $  User: kendrick  Machine: stone.cmrr.umn.edu  Platform: Linux  PlatformVersion: 3.13.0-168-generic  CompilerName: GCC  CompilerVersion: 40400 
ProgramName: mris_sphere  ProgramArguments: -all-info  ProgramVersion: $Name: stable6 $  TimeStamp: 2019/05/07-15:49:47-GMT  BuildTimeStamp: Jan 18 2017 16:38:58  CVS: $Id: mris_sphere.c,v 1.61 2016/01/20 23:42:15 greve Exp $  User: kendrick  Machine: stone.cmrr.umn.edu  Platform: Linux  PlatformVersion: 3.13.0-168-generic  CompilerName: GCC  CompilerVersion: 40400 
ProgramName: mris_fix_topology  ProgramArguments: -all-info  ProgramVersion: $Name:  $  TimeStamp: 2019/05/07-15:49:47-GMT  BuildTimeStamp: Jan 18 2017 16:38:58  CVS: $Id: mris_fix_topology.c,v 1.50.2.1 2016/10/27 22:25:58 zkaufman Exp $  User: kendrick  Machine: stone.cmrr.umn.edu  Platform: Linux  PlatformVersion: 3.13.0-168-generic  CompilerName: GCC  CompilerVersion: 40400 
ProgramName: mris_topo_fixer  ProgramArguments: -all-info  ProgramVersion: $Name: stable6 $  TimeStamp: 2019/05/07-15:49:47-GMT  BuildTimeStamp: Jan 18 2017 16:38:58  CVS: $Id: mris_topo_fixer.cpp,v 1.29 2011/03/02 00:04:34 nicks Exp $  User: kendrick  Machine: stone.cmrr.umn.edu  Platform: Linux  PlatformVersion: 3.13.0-168-generic  CompilerName: GCC  CompilerVersion: 40400 
ProgramName: mris_ca_label  ProgramArguments: -all-info  ProgramVersion: $Name: stable6 $  TimeStamp: 2019/05/07-15:49:47-GMT  BuildTimeStamp: Jan 18 2017 16:38:58  CVS: $Id: mris_ca_label.c,v 1.37 2014/02/04 17:46:42 fischl Exp $  User: kendrick  Machine: stone.cmrr.umn.edu  Platform: Linux  PlatformVersion: 3.13.0-168-generic  CompilerName: GCC  CompilerVersion: 40400 
ProgramName: mris_euler_number  ProgramArguments: -all-info  ProgramVersion: $Name: stable6 $  TimeStamp: 2019/05/07-15:49:47-GMT  BuildTimeStamp: Jan 18 2017 16:38:58  CVS: $Id: mris_euler_number.c,v 1.10 2013/01/14 22:39:14 greve Exp $  User: kendrick  Machine: stone.cmrr.umn.edu  Platform: Linux  PlatformVersion: 3.13.0-168-generic  CompilerName: GCC  CompilerVersion: 40400 
ProgramName: mris_make_surfaces  ProgramArguments: -all-info  ProgramVersion: $Name:  $  TimeStamp: 2019/05/07-15:49:47-GMT  BuildTimeStamp: Jan 18 2017 16:38:58  CVS: $Id: mris_make_surfaces.c,v 1.164.2.4 2016/12/13 22:26:32 zkaufman Exp $  User: kendrick  Machine: stone.cmrr.umn.edu  Platform: Linux  PlatformVersion: 3.13.0-168-generic  CompilerName: GCC  CompilerVersion: 40400 
ProgramName: mris_register  ProgramArguments: -all-info  ProgramVersion: $Name: stable6 $  TimeStamp: 2019/05/07-15:49:47-GMT  BuildTimeStamp: Jan 18 2017 16:38:58  CVS: $Id: mris_register.c,v 1.63 2016/01/20 23:43:04 greve Exp $  User: kendrick  Machine: stone.cmrr.umn.edu  Platform: Linux  PlatformVersion: 3.13.0-168-generic  CompilerName: GCC  CompilerVersion: 40400 
ProgramName: mris_volmask  ProgramArguments: --all-info  ProgramVersion: $Name:  $  TimeStamp: 2019/05/07-15:49:47-GMT  BuildTimeStamp: Jan 18 2017 16:38:58  CVS: $Id: mris_volmask.cpp,v 1.26.2.2 2016/11/18 20:05:18 zkaufman Exp $  User: kendrick  Machine: stone.cmrr.umn.edu  Platform: Linux  PlatformVersion: 3.13.0-168-generic  CompilerName: GCC  CompilerVersion: 40400 
ProgramName: mris_anatomical_stats  ProgramArguments: -all-info  ProgramVersion: $Name: stable6 $  TimeStamp: 2019/05/07-15:49:47-GMT  BuildTimeStamp: Jan 18 2017 16:38:58  CVS: $Id: mris_anatomical_stats.c,v 1.79 2016/03/14 15:15:34 greve Exp $  User: kendrick  Machine: stone.cmrr.umn.edu  Platform: Linux  PlatformVersion: 3.13.0-168-generic  CompilerName: GCC  CompilerVersion: 40400 
ProgramName: mrisp_paint  ProgramArguments: -all-info  ProgramVersion: $Name: stable6 $  TimeStamp: 2019/05/07-15:49:47-GMT  BuildTimeStamp: Jan 18 2017 16:38:58  CVS: $Id: mrisp_paint.c,v 1.12 2016/03/22 14:47:57 fischl Exp $  User: kendrick  Machine: stone.cmrr.umn.edu  Platform: Linux  PlatformVersion: 3.13.0-168-generic  CompilerName: GCC  CompilerVersion: 40400 
ProgramName: mris_curvature_stats  ProgramArguments: -all-info  ProgramVersion: $Name: stable6 $  TimeStamp: 2019/05/07-15:49:47-GMT  BuildTimeStamp: Jan 18 2017 16:38:58  CVS: $Id: mris_curvature_stats.c,v 1.65 2015/06/04 20:50:51 nicks Exp $  User: kendrick  Machine: stone.cmrr.umn.edu  Platform: Linux  PlatformVersion: 3.13.0-168-generic  CompilerName: GCC  CompilerVersion: 40400 
ProgramName: mris_calc  ProgramArguments: -all-info  ProgramVersion: $Name: stable6 $  TimeStamp: 2019/05/07-15:49:47-GMT  BuildTimeStamp: Jan 18 2017 16:38:58  CVS: $Id: mris_calc.c,v 1.54.2.1 2016/09/27 18:51:28 greve Exp $  User: kendrick  Machine: stone.cmrr.umn.edu  Platform: Linux  PlatformVersion: 3.13.0-168-generic  CompilerName: GCC  CompilerVersion: 40400 
$Id: mri_robust_register.cpp,v 1.77 2016/01/20 23:36:17 greve Exp $

ProgramName: mri_robust_register.bin  ProgramArguments: -all-info  ProgramVersion: $Name: stable6 $  TimeStamp: 2019/05/07-15:49:47-GMT  BuildTimeStamp: Jan 18 2017 16:38:58  CVS: $Id: mri_robust_register.cpp,v 1.77 2016/01/20 23:36:17 greve Exp $  User: kendrick  Machine: stone.cmrr.umn.edu  Platform: Linux  PlatformVersion: 3.13.0-168-generic  CompilerName: GCC  CompilerVersion: 40400 
$Id: mri_robust_template.cpp,v 1.54 2016/05/05 21:17:08 mreuter Exp $

ProgramName: mri_robust_template  ProgramArguments: -all-info  ProgramVersion: $Name: stable6 $  TimeStamp: 2019/05/07-15:49:47-GMT  BuildTimeStamp: Jan 18 2017 16:38:58  CVS: $Id: mri_robust_template.cpp,v 1.54 2016/05/05 21:17:08 mreuter Exp $  User: kendrick  Machine: stone.cmrr.umn.edu  Platform: Linux  PlatformVersion: 3.13.0-168-generic  CompilerName: GCC  CompilerVersion: 40400 
ProgramName: mri_and  ProgramArguments: -all-info  ProgramVersion: $Name: stable6 $  TimeStamp: 2019/05/07-15:49:47-GMT  BuildTimeStamp: Jan 18 2017 16:38:58  CVS: $Id: mri_and.c,v 1.4 2011/03/02 00:04:13 nicks Exp $  User: kendrick  Machine: stone.cmrr.umn.edu  Platform: Linux  PlatformVersion: 3.13.0-168-generic  CompilerName: GCC  CompilerVersion: 40400 
ProgramName: mri_or  ProgramArguments: -all-info  ProgramVersion: $Name: stable6 $  TimeStamp: 2019/05/07-15:49:47-GMT  BuildTimeStamp: Jan 18 2017 16:38:58  CVS: $Id: mri_or.c,v 1.5 2013/03/20 15:03:29 lzollei Exp $  User: kendrick  Machine: stone.cmrr.umn.edu  Platform: Linux  PlatformVersion: 3.13.0-168-generic  CompilerName: GCC  CompilerVersion: 40400 
ProgramName: mri_fuse_segmentations  ProgramArguments: -all-info  ProgramVersion: $Name: stable6 $  TimeStamp: 2019/05/07-15:49:47-GMT  BuildTimeStamp: Jan 18 2017 16:38:58  CVS: $Id: mri_fuse_segmentations.c,v 1.8 2011/03/02 00:04:15 nicks Exp $  User: kendrick  Machine: stone.cmrr.umn.edu  Platform: Linux  PlatformVersion: 3.13.0-168-generic  CompilerName: GCC  CompilerVersion: 40400 
ProgramName: mri_segstats  ProgramArguments: -all-info  ProgramVersion: $Name: stable6 $  TimeStamp: 2019/05/07-15:49:47-GMT  BuildTimeStamp: Jan 18 2017 16:38:58  CVS: $Id: mri_segstats.c,v 1.121 2016/05/31 17:27:11 greve Exp $  User: kendrick  Machine: stone.cmrr.umn.edu  Platform: Linux  PlatformVersion: 3.13.0-168-generic  CompilerName: GCC  CompilerVersion: 40400 
ProgramName: mri_relabel_hypointensities  ProgramArguments: -all-info  ProgramVersion: $Name: stable6 $  TimeStamp: 2019/05/07-15:49:47-GMT  BuildTimeStamp: Jan 18 2017 16:38:58  CVS: $Id: mri_relabel_hypointensities.c,v 1.13 2015/05/15 18:44:10 nicks Exp $  User: kendrick  Machine: stone.cmrr.umn.edu  Platform: Linux  PlatformVersion: 3.13.0-168-generic  CompilerName: GCC  CompilerVersion: 40400 
#######################################
GCADIR /home/stone/software/freesurfer_stable_600/average
GCA RB_all_2016-05-10.vc700.gca
GCASkull RB_all_withskull_2016-05-10.vc700.gca
AvgCurvTif folding.atlas.acfb40.noaparc.i12.2016-08-02.tif
GCSDIR /home/stone/software/freesurfer_stable_600/average
GCS DKaparc.atlas.acfb40.noaparc.i12.2016-08-02.gcs
#######################################
/home/stone-ext1/freesurfer/subjects/FS6EXPERT_subj01

 mri_convert /home/surly-raid1/kendrick-data/nsd/ppdata/NSD134-structurals/T1_0pt8_masked.nii.gz /home/stone-ext1/freesurfer/subjects/FS6EXPERT_subj01/mri/orig/001.mgz 

mri_convert.bin /home/surly-raid1/kendrick-data/nsd/ppdata/NSD134-structurals/T1_0pt8_masked.nii.gz /home/stone-ext1/freesurfer/subjects/FS6EXPERT_subj01/mri/orig/001.mgz 
$Id: mri_convert.c,v 1.226 2016/02/26 16:15:24 mreuter Exp $
reading from /home/surly-raid1/kendrick-data/nsd/ppdata/NSD134-structurals/T1_0pt8_masked.nii.gz...
TR=1000.00, TE=0.00, TI=0.00, flip angle=0.00
i_ras = (1, 0, 0)
j_ras = (0, 1, 0)
k_ras = (0, 0, 1)
writing to /home/stone-ext1/freesurfer/subjects/FS6EXPERT_subj01/mri/orig/001.mgz...
#--------------------------------------------
#@# MotionCor Tue May  7 10:49:55 CDT 2019
Found 1 runs
/home/stone-ext1/freesurfer/subjects/FS6EXPERT_subj01/mri/orig/001.mgz
Checking for (invalid) multi-frame inputs...
WARNING: only one run found. This is OK, but motion
correction cannot be performed on one run, so I'll
copy the run to rawavg and continue.

 cp /home/stone-ext1/freesurfer/subjects/FS6EXPERT_subj01/mri/orig/001.mgz /home/stone-ext1/freesurfer/subjects/FS6EXPERT_subj01/mri/rawavg.mgz 

/home/stone-ext1/freesurfer/subjects/FS6EXPERT_subj01

 mri_convert /home/stone-ext1/freesurfer/subjects/FS6EXPERT_subj01/mri/rawavg.mgz /home/stone-ext1/freesurfer/subjects/FS6EXPERT_subj01/mri/orig.mgz --conform_min 

mri_convert.bin /home/stone-ext1/freesurfer/subjects/FS6EXPERT_subj01/mri/rawavg.mgz /home/stone-ext1/freesurfer/subjects/FS6EXPERT_subj01/mri/orig.mgz --conform_min 
$Id: mri_convert.c,v 1.226 2016/02/26 16:15:24 mreuter Exp $
reading from /home/stone-ext1/freesurfer/subjects/FS6EXPERT_subj01/mri/rawavg.mgz...
TR=1000.00, TE=0.00, TI=0.00, flip angle=0.00
i_ras = (1, 0, 0)
j_ras = (0, 1, 0)
k_ras = (0, 0, 1)
changing data type from float to uchar (noscale = 0)...
MRIchangeType: Building histogram 
Reslicing using trilinear interpolation 
writing to /home/stone-ext1/freesurfer/subjects/FS6EXPERT_subj01/mri/orig.mgz...

 mri_add_xform_to_header -c /home/stone-ext1/freesurfer/subjects/FS6EXPERT_subj01/mri/transforms/talairach.xfm /home/stone-ext1/freesurfer/subjects/FS6EXPERT_subj01/mri/orig.mgz /home/stone-ext1/freesurfer/subjects/FS6EXPERT_subj01/mri/orig.mgz 

INFO: extension is mgz
#--------------------------------------------
#@# Talairach Tue May  7 10:50:14 CDT 2019
/home/stone-ext1/freesurfer/subjects/FS6EXPERT_subj01/mri

 mri_nu_correct.mni --no-rescale --i orig.mgz --o orig_nu.mgz --n 1 --proto-iters 1000 --distance 50 

/home/stone-ext1/freesurfer/subjects/FS6EXPERT_subj01/mri
/home/stone/software/freesurfer_stable_600/bin/mri_nu_correct.mni
--no-rescale --i orig.mgz --o orig_nu.mgz --n 1 --proto-iters 1000 --distance 50
nIters 1
$Id: mri_nu_correct.mni,v 1.27 2016/02/26 16:19:49 mreuter Exp $
Linux stone.cmrr.umn.edu 3.13.0-168-generic #218-Ubuntu SMP Thu Mar 14 16:56:08 UTC 2019 x86_64 x86_64 x86_64 GNU/Linux
Tue May  7 10:50:15 CDT 2019
Program nu_correct, built from:
Package MNI N3, version 1.12.0, compiled by nicks@terrier (x86_64-unknown-linux-gnu) on 2015-06-19 at 01:25:34
/usr/bin/bc
tmpdir is ./tmp.mri_nu_correct.mni.13619
/home/stone-ext1/freesurfer/subjects/FS6EXPERT_subj01/mri
mri_convert orig.mgz ./tmp.mri_nu_correct.mni.13619/nu0.mnc -odt float
mri_convert.bin orig.mgz ./tmp.mri_nu_correct.mni.13619/nu0.mnc -odt float 
$Id: mri_convert.c,v 1.226 2016/02/26 16:15:24 mreuter Exp $
reading from orig.mgz...
TR=1000.00, TE=0.00, TI=0.00, flip angle=0.00
i_ras = (-1, 0, 0)
j_ras = (0, 0, -1)
k_ras = (0, 1, 0)
changing data type from uchar to float (noscale = 0)...
writing to ./tmp.mri_nu_correct.mni.13619/nu0.mnc...
 
--------------------------------------------------------
Iteration 1 Tue May  7 10:50:31 CDT 2019
nu_correct -clobber ./tmp.mri_nu_correct.mni.13619/nu0.mnc ./tmp.mri_nu_correct.mni.13619/nu1.mnc -tmpdir ./tmp.mri_nu_correct.mni.13619/0/ -iterations 1000 -distance 50
[kendrick@stone.cmrr.umn.edu:/home/stone-ext1/freesurfer/subjects/FS6EXPERT_subj01/mri/] [2019-05-07 10:50:31] running:
  /home/stone/software/freesurfer/mni/bin/nu_estimate_np_and_em -parzen -log -sharpen 0.15 0.01 -iterations 1000 -stop 0.001 -shrink 4 -auto_mask -nonotify -b_spline 1.0e-7 -distance 50 -quiet -execute -clobber -nokeeptmp -tmpdir ./tmp.mri_nu_correct.mni.13619/0/ ./tmp.mri_nu_correct.mni.13619/nu0.mnc ./tmp.mri_nu_correct.mni.13619/nu1.imp

Processing:.................................................................................Done
Processing:.................................................................................Done
Processing:.................................................................................Done
Processing:.................................................................................Done
Processing:.................................................................................Done
Processing:.................................................................................Done
Processing:.................................................................................Done
Processing:.................................................................................Done
Processing:.................................................................................Done
Processing:.................................................................................Done
Processing:.................................................................................Done
Processing:.................................................................................Done
Processing:.................................................................................Done
Processing:.................................................................................Done
Processing:.................................................................................Done
Processing:.................................................................................Done
Processing:.................................................................................Done
Processing:.................................................................................Done
Processing:.................................................................................Done
Processing:.................................................................................Done
Processing:.................................................................................Done
Processing:.................................................................................Done
Processing:.................................................................................Done
Processing:.................................................................................Done
Processing:.................................................................................Done
Processing:.................................................................................Done
Processing:.................................................................................Done
Processing:.................................................................................Done
Processing:.................................................................................Done
Processing:.................................................................................Done
Processing:.................................................................................Done
Processing:.................................................................................Done
Processing:.................................................................................Done
Processing:.................................................................................Done
Processing:.................................................................................Done
Processing:.................................................................................Done
Processing:.................................................................................Done
Number of iterations: 37 
CV of field change: 0.000957945
 
 
 
mri_convert ./tmp.mri_nu_correct.mni.13619/nu1.mnc orig_nu.mgz --like orig.mgz --conform
mri_convert.bin ./tmp.mri_nu_correct.mni.13619/nu1.mnc orig_nu.mgz --like orig.mgz --conform 
$Id: mri_convert.c,v 1.226 2016/02/26 16:15:24 mreuter Exp $
reading from ./tmp.mri_nu_correct.mni.13619/nu1.mnc...
TR=0.00, TE=0.00, TI=0.00, flip angle=0.00
i_ras = (-1, 0, 0)
j_ras = (0, 0, -1)
k_ras = (0, 1, 0)
INFO: transform src into the like-volume: orig.mgz
changing data type from float to uchar (noscale = 0)...
MRIchangeType: Building histogram 
writing to orig_nu.mgz...
 
 
Tue May  7 10:52:13 CDT 2019
mri_nu_correct.mni done

 talairach_avi --i orig_nu.mgz --xfm transforms/talairach.auto.xfm 

talairach_avi log file is transforms/talairach_avi.log...
Started at Tue May 7 10:52:13 CDT 2019
Ended   at Tue May  7 10:52:58 CDT 2019
talairach_avi done

 cp transforms/talairach.auto.xfm transforms/talairach.xfm 

#--------------------------------------------
#@# Talairach Failure Detection Tue May  7 10:53:00 CDT 2019
/home/stone-ext1/freesurfer/subjects/FS6EXPERT_subj01/mri

 talairach_afd -T 0.005 -xfm transforms/talairach.xfm 

talairach_afd: Talairach Transform: transforms/talairach.xfm OK (p=0.7801, pval=0.8469 >= threshold=0.0050)

 awk -f /home/stone/software/freesurfer_stable_600/bin/extract_talairach_avi_QA.awk /home/stone-ext1/freesurfer/subjects/FS6EXPERT_subj01/mri/transforms/talairach_avi.log 


 tal_QC_AZS /home/stone-ext1/freesurfer/subjects/FS6EXPERT_subj01/mri/transforms/talairach_avi.log 

TalAviQA: 0.97293
z-score: -1
#--------------------------------------------
#@# Nu Intensity Correction Tue May  7 10:53:00 CDT 2019

 mri_nu_correct.mni --i orig.mgz --o nu.mgz --uchar transforms/talairach.xfm --cm --n 2 

/home/stone-ext1/freesurfer/subjects/FS6EXPERT_subj01/mri
/home/stone/software/freesurfer_stable_600/bin/mri_nu_correct.mni
--i orig.mgz --o nu.mgz --uchar transforms/talairach.xfm --cm --n 2
nIters 2
$Id: mri_nu_correct.mni,v 1.27 2016/02/26 16:19:49 mreuter Exp $
Linux stone.cmrr.umn.edu 3.13.0-168-generic #218-Ubuntu SMP Thu Mar 14 16:56:08 UTC 2019 x86_64 x86_64 x86_64 GNU/Linux
Tue May  7 10:53:00 CDT 2019
Program nu_correct, built from:
Package MNI N3, version 1.12.0, compiled by nicks@terrier (x86_64-unknown-linux-gnu) on 2015-06-19 at 01:25:34
/usr/bin/bc
tmpdir is ./tmp.mri_nu_correct.mni.17634
/home/stone-ext1/freesurfer/subjects/FS6EXPERT_subj01/mri
mri_convert -cm orig.mgz ./tmp.mri_nu_correct.mni.17634/nu0.mnc -odt float
mri_convert.bin -cm orig.mgz ./tmp.mri_nu_correct.mni.17634/nu0.mnc -odt float 
$Id: mri_convert.c,v 1.226 2016/02/26 16:15:24 mreuter Exp $
reading from orig.mgz...
TR=1000.00, TE=0.00, TI=0.00, flip angle=0.00
i_ras = (-1, 0, 0)
j_ras = (0, 0, -1)
k_ras = (0, 1, 0)
changing data type from uchar to float (noscale = 0)...
writing to ./tmp.mri_nu_correct.mni.17634/nu0.mnc...
 
--------------------------------------------------------
Iteration 1 Tue May  7 10:53:15 CDT 2019
nu_correct -clobber ./tmp.mri_nu_correct.mni.17634/nu0.mnc ./tmp.mri_nu_correct.mni.17634/nu1.mnc -tmpdir ./tmp.mri_nu_correct.mni.17634/0/
[kendrick@stone.cmrr.umn.edu:/home/stone-ext1/freesurfer/subjects/FS6EXPERT_subj01/mri/] [2019-05-07 10:53:15] running:
  /home/stone/software/freesurfer/mni/bin/nu_estimate_np_and_em -parzen -log -sharpen 0.15 0.01 -iterations 50 -stop 0.001 -shrink 4 -auto_mask -nonotify -b_spline 1.0e-7 -distance 200 -quiet -execute -clobber -nokeeptmp -tmpdir ./tmp.mri_nu_correct.mni.17634/0/ ./tmp.mri_nu_correct.mni.17634/nu0.mnc ./tmp.mri_nu_correct.mni.17634/nu1.imp

Processing:.................................................................................Done
Processing:.................................................................................Done
Processing:.................................................................................Done
Processing:.................................................................................Done
Processing:.................................................................................Done
Processing:.................................................................................Done
Processing:.................................................................................Done
Processing:.................................................................................Done
Processing:.................................................................................Done
Processing:.................................................................................Done
Processing:.................................................................................Done
Processing:.................................................................................Done
Processing:.................................................................................Done
Processing:.................................................................................Done
Processing:.................................................................................Done
Processing:.................................................................................Done
Processing:.................................................................................Done
Processing:.................................................................................Done
Processing:.................................................................................Done
Processing:.................................................................................Done
Processing:.................................................................................Done
Processing:.................................................................................Done
Processing:.................................................................................Done
Processing:.................................................................................Done
Processing:.................................................................................Done
Processing:.................................................................................Done
Processing:.................................................................................Done
Processing:.................................................................................Done
Processing:.................................................................................Done
Number of iterations: 29 
CV of field change: 0.000957863
 
 
--------------------------------------------------------
Iteration 2 Tue May  7 10:54:28 CDT 2019
nu_correct -clobber ./tmp.mri_nu_correct.mni.17634/nu1.mnc ./tmp.mri_nu_correct.mni.17634/nu2.mnc -tmpdir ./tmp.mri_nu_correct.mni.17634/1/
[kendrick@stone.cmrr.umn.edu:/home/stone-ext1/freesurfer/subjects/FS6EXPERT_subj01/mri/] [2019-05-07 10:54:28] running:
  /home/stone/software/freesurfer/mni/bin/nu_estimate_np_and_em -parzen -log -sharpen 0.15 0.01 -iterations 50 -stop 0.001 -shrink 4 -auto_mask -nonotify -b_spline 1.0e-7 -distance 200 -quiet -execute -clobber -nokeeptmp -tmpdir ./tmp.mri_nu_correct.mni.17634/1/ ./tmp.mri_nu_correct.mni.17634/nu1.mnc ./tmp.mri_nu_correct.mni.17634/nu2.imp

Processing:.................................................................................Done
Processing:.................................................................................Done
Processing:.................................................................................Done
Processing:.................................................................................Done
Processing:.................................................................................Done
Processing:.................................................................................Done
Number of iterations: 6 
CV of field change: 0.000898438
 
 
 
mri_binarize --i ./tmp.mri_nu_correct.mni.17634/nu2.mnc --min -1 --o ./tmp.mri_nu_correct.mni.17634/ones.mgz

$Id: mri_binarize.c,v 1.43 2016/06/09 20:46:21 greve Exp $
cwd /home/stone-ext1/freesurfer/subjects/FS6EXPERT_subj01/mri
cmdline mri_binarize.bin --i ./tmp.mri_nu_correct.mni.17634/nu2.mnc --min -1 --o ./tmp.mri_nu_correct.mni.17634/ones.mgz 
sysname  Linux
hostname stone.cmrr.umn.edu
machine  x86_64
user     kendrick

input      ./tmp.mri_nu_correct.mni.17634/nu2.mnc
frame      0
nErode3d   0
nErode2d   0
output     ./tmp.mri_nu_correct.mni.17634/ones.mgz
Binarizing based on threshold
min        -1
max        +infinity
binval        1
binvalnot     0
fstart = 0, fend = 0, nframes = 1
Found 32768000 values in range
Counting number of voxels in first frame
Found 32768000 voxels in final mask
Count: 32768000 16777216.796875 32768000 100.000000
mri_binarize done
mri_segstats --id 1 --seg ./tmp.mri_nu_correct.mni.17634/ones.mgz --i orig.mgz --sum ./tmp.mri_nu_correct.mni.17634/sum.junk --avgwf ./tmp.mri_nu_correct.mni.17634/input.mean.dat

$Id: mri_segstats.c,v 1.121 2016/05/31 17:27:11 greve Exp $
cwd 
cmdline mri_segstats --id 1 --seg ./tmp.mri_nu_correct.mni.17634/ones.mgz --i orig.mgz --sum ./tmp.mri_nu_correct.mni.17634/sum.junk --avgwf ./tmp.mri_nu_correct.mni.17634/input.mean.dat 
sysname  Linux
hostname stone.cmrr.umn.edu
machine  x86_64
user     kendrick
UseRobust  0
Loading ./tmp.mri_nu_correct.mni.17634/ones.mgz
Loading orig.mgz
Voxel Volume is 0.512 mm^3
Generating list of segmentation ids
Found   1 segmentations
Computing statistics for each segmentation

Reporting on   1 segmentations
Using PrintSegStat
Computing spatial average of each frame
  0
Writing to ./tmp.mri_nu_correct.mni.17634/input.mean.dat
mri_segstats done
mri_segstats --id 1 --seg ./tmp.mri_nu_correct.mni.17634/ones.mgz --i ./tmp.mri_nu_correct.mni.17634/nu2.mnc --sum ./tmp.mri_nu_correct.mni.17634/sum.junk --avgwf ./tmp.mri_nu_correct.mni.17634/output.mean.dat

$Id: mri_segstats.c,v 1.121 2016/05/31 17:27:11 greve Exp $
cwd 
cmdline mri_segstats --id 1 --seg ./tmp.mri_nu_correct.mni.17634/ones.mgz --i ./tmp.mri_nu_correct.mni.17634/nu2.mnc --sum ./tmp.mri_nu_correct.mni.17634/sum.junk --avgwf ./tmp.mri_nu_correct.mni.17634/output.mean.dat 
sysname  Linux
hostname stone.cmrr.umn.edu
machine  x86_64
user     kendrick
UseRobust  0
Loading ./tmp.mri_nu_correct.mni.17634/ones.mgz
Loading ./tmp.mri_nu_correct.mni.17634/nu2.mnc
Voxel Volume is 0.512 mm^3
Generating list of segmentation ids
Found   1 segmentations
Computing statistics for each segmentation

Reporting on   1 segmentations
Using PrintSegStat
Computing spatial average of each frame
  0
Writing to ./tmp.mri_nu_correct.mni.17634/output.mean.dat
mri_segstats done
mris_calc -o ./tmp.mri_nu_correct.mni.17634/nu2.mnc ./tmp.mri_nu_correct.mni.17634/nu2.mnc mul .08726049714123761185
Saving result to './tmp.mri_nu_correct.mni.17634/nu2.mnc' (type = MINC )                       [ ok ]
mri_convert ./tmp.mri_nu_correct.mni.17634/nu2.mnc nu.mgz --like orig.mgz
mri_convert.bin ./tmp.mri_nu_correct.mni.17634/nu2.mnc nu.mgz --like orig.mgz 
$Id: mri_convert.c,v 1.226 2016/02/26 16:15:24 mreuter Exp $
reading from ./tmp.mri_nu_correct.mni.17634/nu2.mnc...
TR=0.00, TE=0.00, TI=0.00, flip angle=0.00
i_ras = (-1, 0, 0)
j_ras = (0, 0, -1)
k_ras = (0, 1, 0)
INFO: transform src into the like-volume: orig.mgz
writing to nu.mgz...
mri_make_uchar nu.mgz transforms/talairach.xfm nu.mgz
type change took 0 minutes and 14 seconds.
mapping (13, 203) to ( 3, 110)
 
 
Tue May  7 10:57:01 CDT 2019
mri_nu_correct.mni done

 mri_add_xform_to_header -c /home/stone-ext1/freesurfer/subjects/FS6EXPERT_subj01/mri/transforms/talairach.xfm nu.mgz nu.mgz 

INFO: extension is mgz
#--------------------------------------------
#@# Intensity Normalization Tue May  7 10:57:01 CDT 2019
/home/stone-ext1/freesurfer/subjects/FS6EXPERT_subj01/mri

 mri_normalize -g 1 -mprage -noconform nu.mgz T1.mgz 

using max gradient = 1.000
assuming input volume is MGH (Van der Kouwe) MP-RAGE
not interpolating and embedding volume to be 256^3...
reading from nu.mgz...
normalizing image...
talairach transform
 1.07510   0.00972  -0.00279   0.18680;
-0.04374   1.02159   0.16518  -16.76593;
 0.01187  -0.17161   1.08145   3.99461;
 0.00000   0.00000   0.00000   1.00000;
processing without aseg, no1d=0
MRInormInit(): 
INFO: Modifying talairach volume c_(r,a,s) based on average_305
MRInormalize(): 
MRIsplineNormalize(): npeaks = 23
Starting OpenSpline(): npoints = 23
building Voronoi diagram...
performing soap bubble smoothing, sigma = 8...

Iterating 2 times
---------------------------------
3d normalization pass 1 of 2
white matter peak found at 110
white matter peak found at 110
gm peak at 82 (82), valley at 53 (53)
csf peak at 34, setting threshold to 66
building Voronoi diagram...
performing soap bubble smoothing, sigma = 8...
---------------------------------
3d normalization pass 2 of 2
white matter peak found at 110
white matter peak found at 110
gm peak at 81 (81), valley at 51 (51)
csf peak at 33, setting threshold to 65
building Voronoi diagram...
performing soap bubble smoothing, sigma = 8...
Done iterating ---------------------------------
writing output to T1.mgz
3D bias adjustment took 3 minutes and 44 seconds.
#--------------------------------------------
#@# Skull Stripping Tue May  7 11:00:46 CDT 2019
/home/stone-ext1/freesurfer/subjects/FS6EXPERT_subj01/mri

 mri_em_register -rusage /home/stone-ext1/freesurfer/subjects/FS6EXPERT_subj01/touch/rusage.mri_em_register.skull.dat -skull nu.mgz /home/stone/software/freesurfer_stable_600/average/RB_all_withskull_2016-05-10.vc700.gca transforms/talairach_with_skull.lta 

aligning to atlas containing skull, setting unknown_nbr_spacing = 5

== Number of threads available to mri_em_register for OpenMP = 32 == 
reading 1 input volumes...
logging results to talairach_with_skull.log
reading '/home/stone/software/freesurfer_stable_600/average/RB_all_withskull_2016-05-10.vc700.gca'...
average std = 22.9   using min determinant for regularization = 52.6
0 singular and 9002 ill-conditioned covariance matrices regularized
reading 'nu.mgz'...
freeing gibbs priors...done.
accounting for voxel sizes in initial transform
bounding unknown intensity as < 8.7 or > 569.1 
total sample mean = 77.6 (1399 zeros)
************************************************
spacing=8, using 3243 sample points, tol=1.00e-05...
************************************************
register_mri: find_optimal_transform
find_optimal_transform: nsamples 3243, passno 0, spacing 8
resetting wm mean[0]: 100 --> 108
resetting gm mean[0]: 61 --> 61
input volume #1 is the most T1-like
using real data threshold=13.0
skull bounding box = (68, 65, 34) --> (253, 251, 271)
using (130, 127, 153) as brain centroid...
mean wm in atlas = 108, using box (107,104,124) --> (152, 149,182) to find MRI wm
before smoothing, mri peak at 108
robust fit to distribution - 107 +- 3.3
after smoothing, mri peak at 107, scaling input intensities by 1.009
scaling channel 0 by 1.00935
initial log_p = -4.531
************************************************
First Search limited to translation only.
************************************************
max log p =    -4.448653 @ (-9.091, -9.091, -9.091)
max log p =    -4.359561 @ (4.545, 4.545, -4.545)
max log p =    -4.277637 @ (2.273, 2.273, -2.273)
max log p =    -4.277637 @ (0.000, 0.000, 0.000)
max log p =    -4.274578 @ (-0.568, -0.568, -0.568)
max log p =    -4.257235 @ (-0.284, -0.284, 0.284)
Found translation: (-3.1, -3.1, -16.2): log p = -4.257
****************************************
Nine parameter search.  iteration 0 nscales = 0 ...
****************************************
Result so far: scale 1.000: max_log_p=-4.076, old_max_log_p =-4.257 (thresh=-4.3)
 0.85100   0.00000   0.00000  -13.30183;
 0.00000   0.91213   0.10442  -41.28559;
 0.00000  -0.12008   0.79316   4.83317;
 0.00000   0.00000   0.00000   1.00000;
****************************************
Nine parameter search.  iteration 1 nscales = 0 ...
****************************************
Result so far: scale 1.000: max_log_p=-4.073, old_max_log_p =-4.076 (thresh=-4.1)
 0.85100   0.00000   0.00000  -13.30183;
 0.00000   0.98054   0.11225  -50.23721;
 0.00000  -0.12008   0.79316   4.83317;
 0.00000   0.00000   0.00000   1.00000;
reducing scale to 0.2500
****************************************
Nine parameter search.  iteration 2 nscales = 1 ...
****************************************
Result so far: scale 0.250: max_log_p=-3.979, old_max_log_p =-4.073 (thresh=-4.1)
 0.88244   0.03208   0.00367  -21.42248;
-0.02835   0.96164   0.11009  -42.17550;
 0.00000  -0.12234   0.80803   2.31649;
 0.00000   0.00000   0.00000   1.00000;
****************************************
Nine parameter search.  iteration 3 nscales = 1 ...
****************************************
Result so far: scale 0.250: max_log_p=-3.976, old_max_log_p =-3.979 (thresh=-4.0)
 0.88245   0.00344  -0.02559  -11.34616;
 0.00053   0.94765   0.08125  -40.86025;
 0.02795  -0.08971   0.81088  -8.68630;
 0.00000   0.00000   0.00000   1.00000;
reducing scale to 0.0625
****************************************
Nine parameter search.  iteration 4 nscales = 2 ...
****************************************
Result so far: scale 0.062: max_log_p=-3.949, old_max_log_p =-3.976 (thresh=-4.0)
 0.88165   0.01718  -0.01079  -17.07629;
-0.01330   0.94168   0.10099  -39.88067;
 0.01362  -0.11307   0.80990  -1.17436;
 0.00000   0.00000   0.00000   1.00000;
****************************************
Nine parameter search.  iteration 5 nscales = 2 ...
****************************************
Result so far: scale 0.062: max_log_p=-3.949, old_max_log_p =-3.949 (thresh=-3.9)
 0.88165   0.01718  -0.01079  -17.07629;
-0.01330   0.94168   0.10099  -39.88067;
 0.01362  -0.11307   0.80990  -1.17436;
 0.00000   0.00000   0.00000   1.00000;
min search scale 0.025000 reached
***********************************************
Computing MAP estimate using 3243 samples...
***********************************************
dt = 5.00e-06, momentum=0.80, tol=1.00e-05
l_intensity = 1.0000
Aligning input volume to GCA...
Transform matrix
 0.88165   0.01718  -0.01079  -17.07629;
-0.01330   0.94168   0.10099  -39.88067;
 0.01362  -0.11307   0.80990  -1.17436;
 0.00000   0.00000   0.00000   1.00000;
nsamples 3243
Quasinewton: input matrix
 0.88165   0.01718  -0.01079  -17.07629;
-0.01330   0.94168   0.10099  -39.88067;
 0.01362  -0.11307   0.80990  -1.17436;
 0.00000   0.00000   0.00000   1.00000;
outof QuasiNewtonEMA: 008: -log(p) =   -0.0  tol 0.000010
Resulting transform:
 0.88165   0.01718  -0.01079  -17.07629;
-0.01330   0.94168   0.10099  -39.88067;
 0.01362  -0.11307   0.80990  -1.17436;
 0.00000   0.00000   0.00000   1.00000;

pass 1, spacing 8: log(p) = -3.949 (old=-4.531)
transform before final EM align:
 0.88165   0.01718  -0.01079  -17.07629;
-0.01330   0.94168   0.10099  -39.88067;
 0.01362  -0.11307   0.80990  -1.17436;
 0.00000   0.00000   0.00000   1.00000;

**************************************************
 EM alignment process ...
 Computing final MAP estimate using 364799 samples. 
**************************************************
dt = 5.00e-06, momentum=0.80, tol=1.00e-07
l_intensity = 1.0000
Aligning input volume to GCA...
Transform matrix
 0.88165   0.01718  -0.01079  -17.07629;
-0.01330   0.94168   0.10099  -39.88067;
 0.01362  -0.11307   0.80990  -1.17436;
 0.00000   0.00000   0.00000   1.00000;
nsamples 364799
Quasinewton: input matrix
 0.88165   0.01718  -0.01079  -17.07629;
-0.01330   0.94168   0.10099  -39.88067;
 0.01362  -0.11307   0.80990  -1.17436;
 0.00000   0.00000   0.00000   1.00000;
outof QuasiNewtonEMA: 010: -log(p) =    4.4  tol 0.000000
final transform:
 0.88165   0.01718  -0.01079  -17.07629;
-0.01330   0.94168   0.10099  -39.88067;
 0.01362  -0.11307   0.80990  -1.17436;
 0.00000   0.00000   0.00000   1.00000;

writing output transformation to transforms/talairach_with_skull.lta...
mri_em_register utimesec    299247.468566
mri_em_register stimesec    1357.836721
mri_em_register ru_maxrss   764412
mri_em_register ru_ixrss    0
mri_em_register ru_idrss    0
mri_em_register ru_isrss    0
mri_em_register ru_minflt   3190163
mri_em_register ru_majflt   0
mri_em_register ru_nswap    0
mri_em_register ru_inblock  0
mri_em_register ru_oublock  24
mri_em_register ru_msgsnd   0
mri_em_register ru_msgrcv   0
mri_em_register ru_nsignals 0
mri_em_register ru_nvcsw    120832476
mri_em_register ru_nivcsw   49909648
registration took 728 minutes and 8 seconds.

 mri_watershed -rusage /home/stone-ext1/freesurfer/subjects/FS6EXPERT_subj01/touch/rusage.mri_watershed.dat -T1 -brain_atlas /home/stone/software/freesurfer_stable_600/average/RB_all_withskull_2016-05-10.vc700.gca transforms/talairach_with_skull.lta T1.mgz brainmask.auto.mgz 


Mode:          T1 normalized volume
Mode:          Use the information of atlas (default parms, --help for details)

*********************************************************
The input file is T1.mgz
The output file is brainmask.auto.mgz
conforming input...
updating LTA to account for conformation
Weighting the input with atlas information before watershed

*************************WATERSHED**************************
Sorting...
      first estimation of the COG coord: x=133 y=127 z=126 r=65
      first estimation of the main basin volume: 1172734 voxels
      Looking for seedpoints 
        2 found in the cerebellum 
        16 found in the rest of the brain 
      global maximum in x=152, y=111, z=96, Imax=255
      CSF=11, WM_intensity=110, WM_VARIANCE=5
      WM_MIN=110, WM_HALF_MIN=110, WM_HALF_MAX=110, WM_MAX=110 
      preflooding height equal to 10 percent
done.
Analyze...

      main basin size=10301380262 voxels, voxel volume =1.000 
                     = 10301380262 mmm3 = 10301380.608 cm3
done.
PostAnalyze...Basin Prior
 27 basins merged thanks to atlas 
      ***** 0 basin(s) merged in 1 iteration(s)
      ***** 0 voxel(s) added to the main basin
done.
Weighting the input with prior template 

****************TEMPLATE DEFORMATION****************

      second estimation of the COG coord: x=128,y=124, z=120, r=10255 iterations
^^^^^^^^ couldn't find WM with original limits - expanding ^^^^^^

   GLOBAL      CSF_MIN=1, CSF_intensity=2, CSF_MAX=31 , nb = 40671
  RIGHT_CER    CSF_MIN=1, CSF_intensity=2, CSF_MAX=4 , nb = -1031192523
  LEFT_CER     CSF_MIN=1, CSF_intensity=2, CSF_MAX=4 , nb = -1063820535
 RIGHT_BRAIN   CSF_MIN=1, CSF_intensity=2, CSF_MAX=31 , nb = -1080136629
 LEFT_BRAIN    CSF_MIN=1, CSF_intensity=2, CSF_MAX=32 , nb = 1081865112
    OTHER      CSF_MIN=1, CSF_intensity=2, CSF_MAX=3 , nb = 1060465918
   
                     CSF_MAX  TRANSITION  GM_MIN  GM
    GLOBAL     
  before analyzing :    31,      41,        50,   76
  after  analyzing :    31,      47,        50,   54
   RIGHT_CER   
  before analyzing :    4,      7,        55,   85
  after  analyzing :    4,      39,        55,   50
   LEFT_CER    
  before analyzing :    4,      7,        57,   85
  after  analyzing :    4,      40,        57,   51
  RIGHT_BRAIN  
  before analyzing :    31,      40,        49,   73
  after  analyzing :    31,      46,        49,   52
  LEFT_BRAIN   
  before analyzing :    32,      45,        55,   76
  after  analyzing :    32,      51,        55,   57
     OTHER     
  before analyzing :    3,      4,        22,   32
  after  analyzing :    3,      18,        25,   21
      mri_strip_skull: done peeling brain
      highly tesselated surface with 10242 vertices
      matching...64 iterations

*********************VALIDATION*********************
curvature mean = -0.014, std = 0.010
curvature mean = 71.135, std = 7.238

No Rigid alignment: -atlas Mode Off (basic atlas / no registration)
      before rotation: sse = 2.52, sigma = 4.15
      after  rotation: sse = 2.52, sigma = 4.15
Localization of inacurate regions: Erosion-Dilation steps
      the sse mean is  2.55, its var is  3.36   
      before Erosion-Dilatation  0.16% of inacurate vertices
      after  Erosion-Dilatation  0.00% of inacurate vertices
      Validation of the shape of the surface done.
Scaling of atlas fields onto current surface fields

********FINAL ITERATIVE TEMPLATE DEFORMATION********
Compute Local values csf/gray
Fine Segmentation...46 iterations

      mri_strip_skull: done peeling brain

Brain Size = 1816324 voxels, voxel volume = 1.000 mm3
           = 1816324 mmm3 = 1816.324 cm3
INFO: MRImask() using MRImaskDifferentGeometry()


******************************
Saving brainmask.auto.mgz
done
mri_watershed utimesec    192.808095
mri_watershed stimesec    2.087635
mri_watershed ru_maxrss   818320
mri_watershed ru_ixrss    0
mri_watershed ru_idrss    0
mri_watershed ru_isrss    0
mri_watershed ru_minflt   536932
mri_watershed ru_majflt   0
mri_watershed ru_nswap    0
mri_watershed ru_inblock  0
mri_watershed ru_oublock  5336
mri_watershed ru_msgsnd   0
mri_watershed ru_msgrcv   0
mri_watershed ru_nsignals 0
mri_watershed ru_nvcsw    61674
mri_watershed ru_nivcsw   25886
mri_watershed done

 cp brainmask.auto.mgz brainmask.mgz 

#-------------------------------------
#@# EM Registration Tue May  7 23:10:01 CDT 2019
/home/stone-ext1/freesurfer/subjects/FS6EXPERT_subj01/mri

 mri_em_register -rusage /home/stone-ext1/freesurfer/subjects/FS6EXPERT_subj01/touch/rusage.mri_em_register.dat -uns 3 -mask brainmask.mgz nu.mgz /home/stone/software/freesurfer_stable_600/average/RB_all_2016-05-10.vc700.gca transforms/talairach.lta 

setting unknown_nbr_spacing = 3
using MR volume brainmask.mgz to mask input volume...

== Number of threads available to mri_em_register for OpenMP = 32 == 
reading 1 input volumes...
logging results to talairach.log
reading '/home/stone/software/freesurfer_stable_600/average/RB_all_2016-05-10.vc700.gca'...
average std = 7.3   using min determinant for regularization = 5.3
0 singular and 841 ill-conditioned covariance matrices regularized
reading 'nu.mgz'...
freeing gibbs priors...done.
accounting for voxel sizes in initial transform
bounding unknown intensity as < 6.3 or > 503.7 
total sample mean = 78.8 (1011 zeros)
************************************************
spacing=8, using 2830 sample points, tol=1.00e-05...
************************************************
register_mri: find_optimal_transform
find_optimal_transform: nsamples 2830, passno 0, spacing 8
resetting wm mean[0]: 98 --> 107
resetting gm mean[0]: 61 --> 61
input volume #1 is the most T1-like
using real data threshold=25.1
skull bounding box = (78, 74, 50) --> (243, 248, 269)
using (133, 132, 160) as brain centroid...
mean wm in atlas = 107, using box (113,111,133) --> (153, 153,187) to find MRI wm
before smoothing, mri peak at 108
robust fit to distribution - 107 +- 3.4
after smoothing, mri peak at 108, scaling input intensities by 0.991
scaling channel 0 by 0.990741
initial log_p = -4.187
************************************************
First Search limited to translation only.
************************************************
max log p =    -4.034917 @ (-9.091, -9.091, -9.091)
max log p =    -3.752935 @ (4.545, 4.545, -4.545)
max log p =    -3.752935 @ (0.000, 0.000, 0.000)
max log p =    -3.700022 @ (1.136, -1.136, -1.136)
max log p =    -3.673134 @ (-0.568, 1.705, -2.841)
max log p =    -3.666673 @ (0.284, -0.284, -0.284)
Found translation: (-3.7, -4.3, -17.9): log p = -3.667
****************************************
Nine parameter search.  iteration 0 nscales = 0 ...
****************************************
Result so far: scale 1.000: max_log_p=-3.657, old_max_log_p =-3.667 (thresh=-3.7)
 0.85264   0.11225   0.00000  -28.48090;
-0.10442   0.79316   0.00000   10.77829;
 0.00000   0.00000   0.74000  -6.63373;
 0.00000   0.00000   0.00000   1.00000;
****************************************
Nine parameter search.  iteration 1 nscales = 0 ...
****************************************
Result so far: scale 1.000: max_log_p=-3.657, old_max_log_p =-3.657 (thresh=-3.7)
 0.85264   0.11225   0.00000  -28.48090;
-0.10442   0.79316   0.00000   10.77829;
 0.00000   0.00000   0.74000  -6.63373;
 0.00000   0.00000   0.00000   1.00000;
reducing scale to 0.2500
****************************************
Nine parameter search.  iteration 2 nscales = 1 ...
****************************************
Result so far: scale 0.250: max_log_p=-3.571, old_max_log_p =-3.657 (thresh=-3.7)
 0.85806   0.03586  -0.02980  -12.48948;
-0.02052   0.81368   0.04823  -13.04733;
 0.03514  -0.05182   0.76559  -7.96823;
 0.00000   0.00000   0.00000   1.00000;
****************************************
Nine parameter search.  iteration 3 nscales = 1 ...
****************************************
Result so far: scale 0.250: max_log_p=-3.571, old_max_log_p =-3.571 (thresh=-3.6)
 0.85806   0.03586  -0.02980  -12.48948;
-0.02052   0.81368   0.04823  -13.04733;
 0.03514  -0.05182   0.76559  -7.96823;
 0.00000   0.00000   0.00000   1.00000;
reducing scale to 0.0625
****************************************
Nine parameter search.  iteration 4 nscales = 2 ...
****************************************
Result so far: scale 0.062: max_log_p=-3.542, old_max_log_p =-3.571 (thresh=-3.6)
 0.85872   0.05547  -0.01669  -17.47576;
-0.04266   0.81192   0.02352  -4.63772;
 0.02036  -0.02569   0.76535  -10.52511;
 0.00000   0.00000   0.00000   1.00000;
****************************************
Nine parameter search.  iteration 5 nscales = 2 ...
****************************************
Result so far: scale 0.062: max_log_p=-3.535, old_max_log_p =-3.542 (thresh=-3.5)
 0.85771   0.05540  -0.01667  -17.26856;
-0.04256   0.81001   0.02346  -4.27623;
 0.02036  -0.02569   0.76535  -10.52511;
 0.00000   0.00000   0.00000   1.00000;
****************************************
Nine parameter search.  iteration 6 nscales = 2 ...
****************************************
Result so far: scale 0.062: max_log_p=-3.535, old_max_log_p =-3.535 (thresh=-3.5)
 0.85771   0.05540  -0.01667  -17.26856;
-0.04256   0.81001   0.02346  -4.27623;
 0.02036  -0.02569   0.76535  -10.52511;
 0.00000   0.00000   0.00000   1.00000;
min search scale 0.025000 reached
***********************************************
Computing MAP estimate using 2830 samples...
***********************************************
dt = 5.00e-06, momentum=0.80, tol=1.00e-05
l_intensity = 1.0000
Aligning input volume to GCA...
Transform matrix
 0.85771   0.05540  -0.01667  -17.26856;
-0.04256   0.81001   0.02346  -4.27623;
 0.02036  -0.02569   0.76535  -10.52511;
 0.00000   0.00000   0.00000   1.00000;
nsamples 2830
Quasinewton: input matrix
 0.85771   0.05540  -0.01667  -17.26856;
-0.04256   0.81001   0.02346  -4.27623;
 0.02036  -0.02569   0.76535  -10.52511;
 0.00000   0.00000   0.00000   1.00000;
outof QuasiNewtonEMA: 009: -log(p) =   -0.0  tol 0.000010
Resulting transform:
 0.85771   0.05540  -0.01667  -17.26856;
-0.04256   0.81001   0.02346  -4.27623;
 0.02036  -0.02569   0.76535  -10.52511;
 0.00000   0.00000   0.00000   1.00000;

pass 1, spacing 8: log(p) = -3.535 (old=-4.187)
transform before final EM align:
 0.85771   0.05540  -0.01667  -17.26856;
-0.04256   0.81001   0.02346  -4.27623;
 0.02036  -0.02569   0.76535  -10.52511;
 0.00000   0.00000   0.00000   1.00000;

**************************************************
 EM alignment process ...
 Computing final MAP estimate using 315557 samples. 
**************************************************
dt = 5.00e-06, momentum=0.80, tol=1.00e-07
l_intensity = 1.0000
Aligning input volume to GCA...
Transform matrix
 0.85771   0.05540  -0.01667  -17.26856;
-0.04256   0.81001   0.02346  -4.27623;
 0.02036  -0.02569   0.76535  -10.52511;
 0.00000   0.00000   0.00000   1.00000;
nsamples 315557
Quasinewton: input matrix
 0.85771   0.05540  -0.01667  -17.26856;
-0.04256   0.81001   0.02346  -4.27623;
 0.02036  -0.02569   0.76535  -10.52511;
 0.00000   0.00000   0.00000   1.00000;
dfp_em_step_func: 010: -log(p) = 4.0
after pass:transform: ( 0.86, 0.06, -0.02, -17.27)
                      ( -0.04, 0.81, 0.02, -4.28)
                      ( 0.02, -0.03, 0.77, -10.53)
dfp_em_step_func: 011: -log(p) = 4.0
after pass:transform: ( 0.86, 0.06, -0.02, -17.27)
                      ( -0.04, 0.81, 0.02, -4.28)
                      ( 0.02, -0.03, 0.77, -10.53)
dfp_em_step_func: 012: -log(p) = 4.0
after pass:transform: ( 0.86, 0.06, -0.02, -17.27)
                      ( -0.04, 0.81, 0.02, -4.28)
                      ( 0.02, -0.03, 0.77, -10.53)
dfp_em_step_func: 013: -log(p) = 4.0
after pass:transform: ( 0.86, 0.06, -0.02, -17.27)
                      ( -0.04, 0.81, 0.02, -4.28)
                      ( 0.02, -0.03, 0.77, -10.53)
dfp_em_step_func: 014: -log(p) = 4.0
after pass:transform: ( 0.86, 0.06, -0.02, -17.27)
                      ( -0.04, 0.81, 0.02, -4.28)
                      ( 0.02, -0.03, 0.77, -10.53)
dfp_em_step_func: 015: -log(p) = 4.0
after pass:transform: ( 0.86, 0.06, -0.02, -17.27)
                      ( -0.04, 0.81, 0.02, -4.28)
                      ( 0.02, -0.03, 0.77, -10.53)
dfp_em_step_func: 016: -log(p) = 4.0
after pass:transform: ( 0.86, 0.06, -0.02, -17.27)
                      ( -0.04, 0.81, 0.02, -4.28)
                      ( 0.02, -0.03, 0.77, -10.53)
dfp_em_step_func: 017: -log(p) = 4.0
after pass:transform: ( 0.86, 0.06, -0.02, -17.27)
                      ( -0.04, 0.81, 0.02, -4.28)
                      ( 0.02, -0.03, 0.77, -10.53)
pass 2 through quasi-newton minimization...
dfp_em_step_func: 018: -log(p) = 4.0
after pass:transform: ( 0.86, 0.06, -0.02, -17.27)
                      ( -0.04, 0.81, 0.02, -4.28)
                      ( 0.02, -0.03, 0.77, -10.53)
dfp_em_step_func: 019: -log(p) = 4.0
after pass:transform: ( 0.86, 0.06, -0.02, -17.27)
                      ( -0.04, 0.81, 0.02, -4.28)
                      ( 0.02, -0.03, 0.77, -10.53)
pass 3 through quasi-newton minimization...
outof QuasiNewtonEMA: 021: -log(p) =    4.0  tol 0.000000
final transform:
 0.85777   0.05544  -0.01660  -17.26856;
-0.04247   0.81012   0.02358  -4.27623;
 0.02040  -0.02567   0.76540  -10.52511;
 0.00000   0.00000   0.00000   1.00000;

writing output transformation to transforms/talairach.lta...
mri_em_register utimesec    346993.124763
mri_em_register stimesec    1571.669872
mri_em_register ru_maxrss   752500
mri_em_register ru_ixrss    0
mri_em_register ru_idrss    0
mri_em_register ru_isrss    0
mri_em_register ru_minflt   3427308
mri_em_register ru_majflt   0
mri_em_register ru_nswap    0
mri_em_register ru_inblock  0
mri_em_register ru_oublock  32
mri_em_register ru_msgsnd   0
mri_em_register ru_msgrcv   0
mri_em_register ru_nsignals 0
mri_em_register ru_nvcsw    139891604
mri_em_register ru_nivcsw   58514596
registration took 820 minutes and 27 seconds.
#--------------------------------------
#@# CA Normalize Wed May  8 12:50:28 CDT 2019
/home/stone-ext1/freesurfer/subjects/FS6EXPERT_subj01/mri

 mri_ca_normalize -c ctrl_pts.mgz -mask brainmask.mgz nu.mgz /home/stone/software/freesurfer_stable_600/average/RB_all_2016-05-10.vc700.gca transforms/talairach.lta norm.mgz 

writing control point volume to ctrl_pts.mgz
using MR volume brainmask.mgz to mask input volume...
reading 1 input volume
reading atlas from '/home/stone/software/freesurfer_stable_600/average/RB_all_2016-05-10.vc700.gca'...
reading transform from 'transforms/talairach.lta'...
reading input volume from nu.mgz...
resetting wm mean[0]: 98 --> 107
resetting gm mean[0]: 61 --> 61
input volume #1 is the most T1-like
using real data threshold=25.1
skull bounding box = (78, 74, 50) --> (243, 248, 269)
using (133, 132, 160) as brain centroid...
mean wm in atlas = 107, using box (113,111,133) --> (153, 153,187) to find MRI wm
before smoothing, mri peak at 108
robust fit to distribution - 107 +- 3.4
after smoothing, mri peak at 108, scaling input intensities by 0.991
scaling channel 0 by 0.990741
using 246344 sample points...
INFO: compute sample coordinates transform
 0.85777   0.05544  -0.01660  -17.26856;
-0.04247   0.81012   0.02358  -4.27623;
 0.02040  -0.02567   0.76540  -10.52511;
 0.00000   0.00000   0.00000   1.00000;
INFO: transform used
finding control points in Left_Cerebral_White_Matter....
found 39915 control points for structure...
bounding box (156, 74, 49) --> (238, 223, 268)
Left_Cerebral_White_Matter: limiting intensities to 98.0 --> 132.0
12 of 7887 (0.2%) samples deleted
finding control points in Right_Cerebral_White_Matter....
found 39557 control points for structure...
bounding box (84, 73, 49) --> (164, 219, 269)
Right_Cerebral_White_Matter: limiting intensities to 97.0 --> 132.0
15 of 8308 (0.2%) samples deleted
finding control points in Left_Cerebellum_White_Matter....
found 3059 control points for structure...
bounding box (158, 181, 79) --> (213, 235, 150)
Left_Cerebellum_White_Matter: limiting intensities to 98.0 --> 132.0
0 of 453 (0.0%) samples deleted
finding control points in Right_Cerebellum_White_Matter....
found 2705 control points for structure...
bounding box (104, 180, 77) --> (158, 231, 153)
Right_Cerebellum_White_Matter: limiting intensities to 97.0 --> 132.0
0 of 449 (0.0%) samples deleted
finding control points in Brain_Stem....
found 3518 control points for structure...
bounding box (138, 169, 125) --> (179, 256, 166)
Brain_Stem: limiting intensities to 94.0 --> 132.0
0 of 608 (0.0%) samples deleted
using 17705 total control points for intensity normalization...
bias field = 0.968 +- 0.064
77 of 17678 control points discarded
finding control points in Left_Cerebral_White_Matter....
found 39915 control points for structure...
bounding box (156, 74, 49) --> (238, 223, 268)
Left_Cerebral_White_Matter: limiting intensities to 91.0 --> 132.0
7 of 7952 (0.1%) samples deleted
finding control points in Right_Cerebral_White_Matter....
found 39557 control points for structure...
bounding box (84, 73, 49) --> (164, 219, 269)
Right_Cerebral_White_Matter: limiting intensities to 91.0 --> 132.0
19 of 8437 (0.2%) samples deleted
finding control points in Left_Cerebellum_White_Matter....
found 3059 control points for structure...
bounding box (158, 181, 79) --> (213, 235, 150)
Left_Cerebellum_White_Matter: limiting intensities to 88.0 --> 132.0
18 of 516 (3.5%) samples deleted
finding control points in Right_Cerebellum_White_Matter....
found 2705 control points for structure...
bounding box (104, 180, 77) --> (158, 231, 153)
Right_Cerebellum_White_Matter: limiting intensities to 88.0 --> 132.0
31 of 492 (6.3%) samples deleted
finding control points in Brain_Stem....
found 3518 control points for structure...
bounding box (138, 169, 125) --> (179, 256, 166)
Brain_Stem: limiting intensities to 88.0 --> 132.0
173 of 796 (21.7%) samples deleted
using 18193 total control points for intensity normalization...
bias field = 1.024 +- 0.041
87 of 17887 control points discarded
finding control points in Left_Cerebral_White_Matter....
found 39915 control points for structure...
bounding box (156, 74, 49) --> (238, 223, 268)
Left_Cerebral_White_Matter: limiting intensities to 91.0 --> 132.0
17 of 7996 (0.2%) samples deleted
finding control points in Right_Cerebral_White_Matter....
found 39557 control points for structure...
bounding box (84, 73, 49) --> (164, 219, 269)
Right_Cerebral_White_Matter: limiting intensities to 91.0 --> 132.0
17 of 8435 (0.2%) samples deleted
finding control points in Left_Cerebellum_White_Matter....
found 3059 control points for structure...
bounding box (158, 181, 79) --> (213, 235, 150)
Left_Cerebellum_White_Matter: limiting intensities to 88.0 --> 132.0
136 of 553 (24.6%) samples deleted
finding control points in Right_Cerebellum_White_Matter....
found 2705 control points for structure...
bounding box (104, 180, 77) --> (158, 231, 153)
Right_Cerebellum_White_Matter: limiting intensities to 88.0 --> 132.0
391 of 519 (75.3%) samples deleted
finding control points in Brain_Stem....
found 3518 control points for structure...
bounding box (138, 169, 125) --> (179, 256, 166)
Brain_Stem: limiting intensities to 88.0 --> 132.0
625 of 858 (72.8%) samples deleted
using 18361 total control points for intensity normalization...
bias field = 1.021 +- 0.030
42 of 17049 control points discarded
writing normalized volume to norm.mgz...
writing control points to ctrl_pts.mgz
freeing GCA...done.
normalization took 4 minutes and 32 seconds.
#--------------------------------------
#@# CA Reg Wed May  8 12:55:01 CDT 2019
/home/stone-ext1/freesurfer/subjects/FS6EXPERT_subj01/mri

 mri_ca_register -rusage /home/stone-ext1/freesurfer/subjects/FS6EXPERT_subj01/touch/rusage.mri_ca_register.dat -nobigventricles -T transforms/talairach.lta -align-after -mask brainmask.mgz norm.mgz /home/stone/software/freesurfer_stable_600/average/RB_all_2016-05-10.vc700.gca transforms/talairach.m3z 

not handling expanded ventricles...
using previously computed transform transforms/talairach.lta
renormalizing sequences with structure alignment, equivalent to:
	-renormalize
	-regularize_mean 0.500
	-regularize 0.500
using MR volume brainmask.mgz to mask input volume...

== Number of threads available to mri_ca_register for OpenMP = 32 == 
reading 1 input volumes...
logging results to talairach.log
reading input volume 'norm.mgz'...
reading GCA '/home/stone/software/freesurfer_stable_600/average/RB_all_2016-05-10.vc700.gca'...
label assignment complete, 0 changed (0.00%)
det(m_affine) = 0.53 (predicted orig area = 15.0)
label assignment complete, 0 changed (0.00%)
freeing gibbs priors...done.
average std[0] = 5.0
**************** pass 1 of 1 ************************
enabling zero nodes
setting smoothness coefficient to 0.039
blurring input image with Gaussian with sigma=2.000...
0000: dt=0.000, rms=0.894, neg=0, invalid=762
0001: dt=418.265150, rms=0.788 (11.857%), neg=0, invalid=762
0002: dt=202.288416, rms=0.756 (4.101%), neg=0, invalid=762
0003: dt=360.960000, rms=0.738 (2.323%), neg=0, invalid=762
0004: dt=151.272727, rms=0.730 (1.060%), neg=0, invalid=762
0005: dt=887.808000, rms=0.719 (1.539%), neg=0, invalid=762
0006: dt=129.472000, rms=0.715 (0.570%), neg=0, invalid=762
0007: dt=1183.744000, rms=0.710 (0.685%), neg=0, invalid=762
0008: dt=221.952000, rms=0.708 (0.355%), neg=0, invalid=762
0009: dt=295.936000, rms=0.706 (0.234%), neg=0, invalid=762
0010: dt=295.936000, rms=0.706 (-0.024%), neg=0, invalid=762
blurring input image with Gaussian with sigma=0.500...
0000: dt=0.000, rms=0.706, neg=0, invalid=762
0011: dt=129.472000, rms=0.705 (0.227%), neg=0, invalid=762
0012: dt=517.888000, rms=0.703 (0.300%), neg=0, invalid=762
0013: dt=517.888000, rms=0.702 (0.122%), neg=0, invalid=762
0014: dt=517.888000, rms=0.701 (0.055%), neg=0, invalid=762
0015: dt=517.888000, rms=0.699 (0.310%), neg=0, invalid=762
0016: dt=517.888000, rms=0.697 (0.253%), neg=0, invalid=762
0017: dt=517.888000, rms=0.694 (0.451%), neg=0, invalid=762
0018: dt=517.888000, rms=0.692 (0.383%), neg=0, invalid=762
0019: dt=517.888000, rms=0.689 (0.313%), neg=0, invalid=762
0020: dt=517.888000, rms=0.688 (0.225%), neg=0, invalid=762
0021: dt=517.888000, rms=0.687 (0.191%), neg=0, invalid=762
0022: dt=517.888000, rms=0.686 (0.090%), neg=0, invalid=762
0023: dt=517.888000, rms=0.685 (0.141%), neg=0, invalid=762
0024: dt=517.888000, rms=0.684 (0.201%), neg=0, invalid=762
0025: dt=517.888000, rms=0.683 (0.087%), neg=0, invalid=762
0026: dt=517.888000, rms=0.681 (0.233%), neg=0, invalid=762
0027: dt=517.888000, rms=0.680 (0.135%), neg=0, invalid=762
0028: dt=517.888000, rms=0.680 (0.072%), neg=0, invalid=762
0029: dt=517.888000, rms=0.679 (0.199%), neg=0, invalid=762
0030: dt=517.888000, rms=0.679 (0.000%), neg=0, invalid=762
0031: dt=517.888000, rms=0.678 (0.120%), neg=0, invalid=762
0032: dt=517.888000, rms=0.678 (0.039%), neg=0, invalid=762
0033: dt=129.472000, rms=0.677 (0.137%), neg=0, invalid=762
0034: dt=369.920000, rms=0.677 (0.008%), neg=0, invalid=762
0035: dt=369.920000, rms=0.676 (0.044%), neg=0, invalid=762
0036: dt=369.920000, rms=0.676 (0.020%), neg=0, invalid=762
0037: dt=369.920000, rms=0.676 (0.030%), neg=0, invalid=762
0038: dt=369.920000, rms=0.676 (0.036%), neg=0, invalid=762
0039: dt=369.920000, rms=0.676 (0.030%), neg=0, invalid=762
setting smoothness coefficient to 0.154
blurring input image with Gaussian with sigma=2.000...
0000: dt=0.000, rms=0.686, neg=0, invalid=762
0040: dt=87.624161, rms=0.684 (0.315%), neg=0, invalid=762
0041: dt=414.720000, rms=0.678 (0.940%), neg=0, invalid=762
0042: dt=186.450867, rms=0.672 (0.782%), neg=0, invalid=762
0043: dt=65.009464, rms=0.670 (0.382%), neg=0, invalid=762
0044: dt=414.720000, rms=0.667 (0.367%), neg=0, invalid=762
0045: dt=76.030075, rms=0.665 (0.388%), neg=0, invalid=762
0046: dt=124.416000, rms=0.664 (0.169%), neg=0, invalid=762
0047: dt=124.416000, rms=0.663 (0.108%), neg=0, invalid=762
0048: dt=124.416000, rms=0.661 (0.296%), neg=0, invalid=762
0049: dt=124.416000, rms=0.659 (0.245%), neg=0, invalid=762
0050: dt=124.416000, rms=0.656 (0.449%), neg=0, invalid=762
0051: dt=124.416000, rms=0.654 (0.305%), neg=0, invalid=762
0052: dt=124.416000, rms=0.652 (0.372%), neg=0, invalid=762
0053: dt=124.416000, rms=0.650 (0.316%), neg=0, invalid=762
0054: dt=124.416000, rms=0.648 (0.279%), neg=0, invalid=762
0055: dt=124.416000, rms=0.646 (0.322%), neg=0, invalid=762
0056: dt=124.416000, rms=0.645 (0.216%), neg=0, invalid=762
0057: dt=124.416000, rms=0.643 (0.237%), neg=0, invalid=762
0058: dt=124.416000, rms=0.642 (0.197%), neg=0, invalid=762
0059: dt=124.416000, rms=0.641 (0.177%), neg=0, invalid=762
0060: dt=124.416000, rms=0.640 (0.122%), neg=0, invalid=762
0061: dt=124.416000, rms=0.639 (0.132%), neg=0, invalid=762
0062: dt=124.416000, rms=0.638 (0.185%), neg=0, invalid=762
0063: dt=124.416000, rms=0.637 (0.076%), neg=0, invalid=762
0064: dt=124.416000, rms=0.637 (-0.005%), neg=0, invalid=762
0065: dt=36.288000, rms=0.637 (0.008%), neg=0, invalid=762
0066: dt=36.288000, rms=0.637 (0.003%), neg=0, invalid=762
blurring input image with Gaussian with sigma=0.500...
0000: dt=0.000, rms=0.638, neg=0, invalid=762
0067: dt=110.276923, rms=0.636 (0.343%), neg=0, invalid=762
0068: dt=36.288000, rms=0.636 (0.006%), neg=0, invalid=762
0069: dt=36.288000, rms=0.636 (0.003%), neg=0, invalid=762
0070: dt=36.288000, rms=0.636 (-0.018%), neg=0, invalid=762
setting smoothness coefficient to 0.588
blurring input image with Gaussian with sigma=2.000...
0000: dt=0.000, rms=0.677, neg=0, invalid=762
0071: dt=11.200000, rms=0.675 (0.328%), neg=0, invalid=762
0072: dt=9.600000, rms=0.674 (0.066%), neg=0, invalid=762
0073: dt=9.600000, rms=0.674 (0.008%), neg=0, invalid=762
0074: dt=9.600000, rms=0.674 (-0.158%), neg=0, invalid=762
blurring input image with Gaussian with sigma=0.500...
0000: dt=0.000, rms=0.675, neg=0, invalid=762
0075: dt=1.600000, rms=0.674 (0.068%), neg=0, invalid=762
0076: dt=0.175000, rms=0.674 (0.006%), neg=0, invalid=762
0077: dt=0.175000, rms=0.674 (0.000%), neg=0, invalid=762
0078: dt=0.175000, rms=0.674 (-0.000%), neg=0, invalid=762
setting smoothness coefficient to 2.000
blurring input image with Gaussian with sigma=2.000...
0000: dt=0.000, rms=0.758, neg=0, invalid=762
0079: dt=6.893617, rms=0.736 (2.869%), neg=0, invalid=762
0080: dt=7.610209, rms=0.733 (0.440%), neg=0, invalid=762
0081: dt=4.666667, rms=0.733 (0.050%), neg=0, invalid=762
0082: dt=4.666667, rms=0.733 (0.014%), neg=0, invalid=762
0083: dt=4.666667, rms=0.733 (-0.040%), neg=0, invalid=762
blurring input image with Gaussian with sigma=0.500...
0000: dt=0.000, rms=0.733, neg=0, invalid=762
0084: dt=0.000000, rms=0.733 (0.064%), neg=0, invalid=762
0085: dt=0.000000, rms=0.733 (0.000%), neg=0, invalid=762
setting smoothness coefficient to 5.000
blurring input image with Gaussian with sigma=2.000...
0000: dt=0.000, rms=0.799, neg=0, invalid=762
0086: dt=0.064000, rms=0.799 (0.055%), neg=0, invalid=762
0087: dt=0.028000, rms=0.799 (-0.001%), neg=0, invalid=762
blurring input image with Gaussian with sigma=0.500...
0000: dt=0.000, rms=0.799, neg=0, invalid=762
0088: dt=0.256000, rms=0.798 (0.072%), neg=0, invalid=762
0089: dt=0.112000, rms=0.798 (0.006%), neg=0, invalid=762
0090: dt=0.112000, rms=0.798 (0.003%), neg=0, invalid=762
0091: dt=0.112000, rms=0.798 (-0.001%), neg=0, invalid=762
resetting metric properties...
setting smoothness coefficient to 10.000
blurring input image with Gaussian with sigma=2.000...
0000: dt=0.000, rms=0.692, neg=0, invalid=762
0092: dt=0.630332, rms=0.680 (1.728%), neg=0, invalid=762
0093: dt=0.048000, rms=0.680 (0.056%), neg=0, invalid=762
0094: dt=0.048000, rms=0.680 (-0.022%), neg=0, invalid=762
blurring input image with Gaussian with sigma=0.500...
0000: dt=0.000, rms=0.681, neg=0, invalid=762
0095: dt=0.028000, rms=0.680 (0.089%), neg=0, invalid=762
0096: dt=0.001750, rms=0.680 (-0.001%), neg=0, invalid=762
renormalizing by structure alignment....
renormalizing input #0
gca peak = 0.10027 (20)
mri peak = 0.16710 (28)
Left_Lateral_Ventricle (4): linear fit = 1.63 x + 0.0 (3706 voxels, overlap=0.261)
Left_Lateral_Ventricle (4): linear fit = 1.50 x + 0.0 (3706 voxels, peak = 33), gca=30.0
gca peak = 0.15565 (16)
mri peak = 0.20275 (28)
Right_Lateral_Ventricle (43): linear fit = 1.77 x + 0.0 (3827 voxels, overlap=0.116)
Right_Lateral_Ventricle (43): linear fit = 1.50 x + 0.0 (3827 voxels, peak = 28), gca=24.0
gca peak = 0.26829 (96)
mri peak = 0.09718 (102)
Right_Pallidum (52): linear fit = 1.05 x + 0.0 (2590 voxels, overlap=0.780)
Right_Pallidum (52): linear fit = 1.05 x + 0.0 (2590 voxels, peak = 101), gca=101.3
gca peak = 0.20183 (93)
mri peak = 0.07998 (104)
Left_Pallidum (13): linear fit = 1.09 x + 0.0 (2290 voxels, overlap=0.032)
Left_Pallidum (13): linear fit = 1.09 x + 0.0 (2290 voxels, peak = 101), gca=100.9
gca peak = 0.21683 (55)
mri peak = 0.11216 (72)
Right_Hippocampus (53): linear fit = 1.26 x + 0.0 (3467 voxels, overlap=0.008)
Right_Hippocampus (53): linear fit = 1.26 x + 0.0 (3467 voxels, peak = 70), gca=69.6
gca peak = 0.30730 (58)
mri peak = 0.10000 (72)
Left_Hippocampus (17): linear fit = 1.22 x + 0.0 (2967 voxels, overlap=0.015)
Left_Hippocampus (17): linear fit = 1.22 x + 0.0 (2967 voxels, peak = 70), gca=70.5
gca peak = 0.11430 (101)
mri peak = 0.15518 (106)
Right_Cerebral_White_Matter (41): linear fit = 1.03 x + 0.0 (200159 voxels, overlap=0.549)
Right_Cerebral_White_Matter (41): linear fit = 1.03 x + 0.0 (200159 voxels, peak = 105), gca=104.5
gca peak = 0.12076 (102)
mri peak = 0.19648 (106)
Left_Cerebral_White_Matter (2): linear fit = 1.03 x + 0.0 (201910 voxels, overlap=0.510)
Left_Cerebral_White_Matter (2): linear fit = 1.03 x + 0.0 (201910 voxels, peak = 106), gca=105.6
gca peak = 0.14995 (59)
mri peak = 0.04878 (79)
Left_Cerebral_Cortex (3): linear fit = 1.35 x + 0.0 (115920 voxels, overlap=0.000)
Left_Cerebral_Cortex (3): linear fit = 1.35 x + 0.0 (115920 voxels, peak = 79), gca=79.4
gca peak = 0.15082 (58)
mri peak = 0.04385 (77)
Right_Cerebral_Cortex (42): linear fit = 1.29 x + 0.0 (122293 voxels, overlap=0.000)
Right_Cerebral_Cortex (42): linear fit = 1.29 x + 0.0 (122293 voxels, peak = 75), gca=75.1
gca peak = 0.14161 (67)
mri peak = 0.11288 (85)
Right_Caudate (50): linear fit = 1.25 x + 0.0 (2880 voxels, overlap=0.011)
Right_Caudate (50): linear fit = 1.25 x + 0.0 (2880 voxels, peak = 84), gca=84.1
gca peak = 0.15243 (71)
mri peak = 0.08706 (90)
Left_Caudate (11): linear fit = 1.21 x + 0.0 (3215 voxels, overlap=0.027)
Left_Caudate (11): linear fit = 1.21 x + 0.0 (3215 voxels, peak = 86), gca=85.6
gca peak = 0.13336 (57)
mri peak = 0.05686 (72)
Left_Cerebellum_Cortex (8): linear fit = 1.26 x + 0.0 (55878 voxels, overlap=0.004)
Left_Cerebellum_Cortex (8): linear fit = 1.26 x + 0.0 (55878 voxels, peak = 72), gca=72.1
gca peak = 0.13252 (56)
mri peak = 0.05334 (67)
Right_Cerebellum_Cortex (47): linear fit = 1.23 x + 0.0 (66573 voxels, overlap=0.182)
Right_Cerebellum_Cortex (47): linear fit = 1.23 x + 0.0 (66573 voxels, peak = 69), gca=68.6
gca peak = 0.18181 (84)
mri peak = 0.08721 (88)
Left_Cerebellum_White_Matter (7): linear fit = 1.07 x + 0.0 (26730 voxels, overlap=0.446)
Left_Cerebellum_White_Matter (7): linear fit = 1.07 x + 0.0 (26730 voxels, peak = 89), gca=89.5
gca peak = 0.20573 (83)
mri peak = 0.10267 (86)
Right_Cerebellum_White_Matter (46): linear fit = 1.03 x + 0.0 (23711 voxels, overlap=0.475)
Right_Cerebellum_White_Matter (46): linear fit = 1.03 x + 0.0 (23711 voxels, peak = 86), gca=85.9
gca peak = 0.21969 (57)
mri peak = 0.08650 (73)
Left_Amygdala (18): linear fit = 1.25 x + 0.0 (1307 voxels, overlap=0.061)
Left_Amygdala (18): linear fit = 1.25 x + 0.0 (1307 voxels, peak = 72), gca=71.5
gca peak = 0.39313 (56)
mri peak = 0.10141 (69)
Right_Amygdala (54): linear fit = 1.23 x + 0.0 (1424 voxels, overlap=0.014)
Right_Amygdala (54): linear fit = 1.23 x + 0.0 (1424 voxels, peak = 69), gca=68.6
gca peak = 0.14181 (85)
mri peak = 0.07340 (99)
Left_Thalamus_Proper (10): linear fit = 1.13 x + 0.0 (13929 voxels, overlap=0.340)
Left_Thalamus_Proper (10): linear fit = 1.13 x + 0.0 (13929 voxels, peak = 96), gca=96.5
gca peak = 0.11978 (83)
mri peak = 0.07811 (97)
Right_Thalamus_Proper (49): linear fit = 1.12 x + 0.0 (11955 voxels, overlap=0.248)
Right_Thalamus_Proper (49): linear fit = 1.12 x + 0.0 (11955 voxels, peak = 93), gca=93.4
gca peak = 0.13399 (79)
mri peak = 0.07902 (94)
Left_Putamen (12): linear fit = 1.20 x + 0.0 (6711 voxels, overlap=0.008)
Left_Putamen (12): linear fit = 1.20 x + 0.0 (6711 voxels, peak = 94), gca=94.4
gca peak = 0.14159 (79)
mri peak = 0.07300 (92)
Right_Putamen (51): linear fit = 1.17 x + 0.0 (6881 voxels, overlap=0.121)
Right_Putamen (51): linear fit = 1.17 x + 0.0 (6881 voxels, peak = 93), gca=92.8
gca peak = 0.10025 (80)
mri peak = 0.10328 (83)
Brain_Stem (16): linear fit = 1.10 x + 0.0 (29761 voxels, overlap=0.401)
Brain_Stem (16): linear fit = 1.10 x + 0.0 (29761 voxels, peak = 88), gca=87.6
gca peak = 0.13281 (86)
mri peak = 0.10636 (93)
Right_VentralDC (60): linear fit = 1.10 x + 0.0 (4207 voxels, overlap=0.228)
Right_VentralDC (60): linear fit = 1.10 x + 0.0 (4207 voxels, peak = 94), gca=94.2
gca peak = 0.12801 (89)
mri peak = 0.09901 (95)
Left_VentralDC (28): linear fit = 1.10 x + 0.0 (4394 voxels, overlap=0.289)
Left_VentralDC (28): linear fit = 1.10 x + 0.0 (4394 voxels, peak = 97), gca=97.5
gca peak = 0.20494 (23)
mri peak = 0.17391 (30)
Third_Ventricle (14): linear fit = 1.15 x + 0.0 (109 voxels, overlap=0.469)
Third_Ventricle (14): linear fit = 1.15 x + 0.0 (109 voxels, peak = 27), gca=26.6
gca peak = 0.15061 (21)
mri peak = 0.17594 (25)
Fourth_Ventricle (15): linear fit = 1.16 x + 0.0 (1943 voxels, overlap=0.450)
Fourth_Ventricle (15): linear fit = 1.16 x + 0.0 (1943 voxels, peak = 24), gca=24.5
gca peak Unknown = 0.94835 ( 0)
gca peak Left_Inf_Lat_Vent = 0.18056 (32)
gca peak Left_Thalamus = 0.64095 (94)
gca peak CSF = 0.20999 (34)
gca peak Left_Accumbens_area = 0.39030 (62)
gca peak Left_undetermined = 0.95280 (25)
gca peak Left_vessel = 0.67734 (53)
gca peak Left_choroid_plexus = 0.09433 (44)
gca peak Right_Inf_Lat_Vent = 0.23544 (26)
gca peak Right_Accumbens_area = 0.30312 (64)
gca peak Right_vessel = 0.46315 (51)
gca peak Right_choroid_plexus = 0.14086 (44)
gca peak Fifth_Ventricle = 0.51669 (36)
gca peak WM_hypointensities = 0.09722 (76)
gca peak non_WM_hypointensities = 0.11899 (47)
gca peak Optic_Chiasm = 0.39033 (72)
label assignment complete, 0 changed (0.00%)
not using caudate to estimate GM means
estimating mean gm scale to be 1.27 x + 0.0
estimating mean wm scale to be 1.03 x + 0.0
estimating mean csf scale to be 1.33 x + 0.0
Left_Putamen too bright - rescaling by 1.002 (from 1.195) to 94.5 (was 94.4)
saving intensity scales to talairach.label_intensities.txt
**************** pass 1 of 1 ************************
enabling zero nodes
setting smoothness coefficient to 0.008
blurring input image with Gaussian with sigma=2.000...
0000: dt=0.000, rms=0.693, neg=0, invalid=762
0097: dt=163.690511, rms=0.658 (5.117%), neg=0, invalid=762
0098: dt=295.936000, rms=0.649 (1.296%), neg=0, invalid=762
0099: dt=129.472000, rms=0.647 (0.397%), neg=0, invalid=762
0100: dt=517.888000, rms=0.643 (0.636%), neg=0, invalid=762
0101: dt=129.472000, rms=0.641 (0.222%), neg=0, invalid=762
0102: dt=517.888000, rms=0.639 (0.273%), neg=0, invalid=762
0103: dt=129.472000, rms=0.638 (0.172%), neg=0, invalid=762
0104: dt=517.888000, rms=0.637 (0.163%), neg=0, invalid=762
0105: dt=129.472000, rms=0.636 (0.150%), neg=0, invalid=762
0106: dt=443.904000, rms=0.636 (0.107%), neg=0, invalid=762
0107: dt=129.472000, rms=0.635 (0.105%), neg=0, invalid=762
0108: dt=443.904000, rms=0.634 (0.099%), neg=0, invalid=762
0109: dt=129.472000, rms=0.634 (0.080%), neg=0, invalid=762
0110: dt=517.888000, rms=0.633 (0.086%), neg=0, invalid=762
0111: dt=129.472000, rms=0.633 (0.082%), neg=0, invalid=762
0112: dt=443.904000, rms=0.632 (0.069%), neg=0, invalid=762
0113: dt=129.472000, rms=0.632 (0.061%), neg=0, invalid=762
0114: dt=517.888000, rms=0.631 (0.074%), neg=0, invalid=762
0115: dt=129.472000, rms=0.631 (0.063%), neg=0, invalid=762
0116: dt=517.888000, rms=0.631 (0.061%), neg=0, invalid=762
0117: dt=129.472000, rms=0.630 (0.068%), neg=0, invalid=762
0118: dt=443.904000, rms=0.630 (0.047%), neg=0, invalid=762
0119: dt=443.904000, rms=0.630 (-0.206%), neg=0, invalid=762
blurring input image with Gaussian with sigma=0.500...
0000: dt=0.000, rms=0.630, neg=0, invalid=762
0120: dt=129.472000, rms=0.629 (0.126%), neg=0, invalid=762
0121: dt=517.888000, rms=0.629 (0.129%), neg=0, invalid=762
0122: dt=443.904000, rms=0.628 (0.062%), neg=0, invalid=762
0123: dt=129.472000, rms=0.628 (0.036%), neg=0, invalid=762
0124: dt=129.472000, rms=0.628 (0.020%), neg=0, invalid=762
0125: dt=129.472000, rms=0.628 (0.034%), neg=0, invalid=762
0126: dt=129.472000, rms=0.627 (0.045%), neg=0, invalid=762
0127: dt=129.472000, rms=0.627 (0.053%), neg=0, invalid=762
0128: dt=129.472000, rms=0.627 (0.062%), neg=0, invalid=762
0129: dt=129.472000, rms=0.626 (0.065%), neg=0, invalid=762
0130: dt=129.472000, rms=0.626 (0.067%), neg=0, invalid=762
0131: dt=129.472000, rms=0.625 (0.069%), neg=0, invalid=762
0132: dt=129.472000, rms=0.625 (0.074%), neg=0, invalid=762
0133: dt=129.472000, rms=0.624 (0.074%), neg=0, invalid=762
0134: dt=129.472000, rms=0.624 (0.072%), neg=0, invalid=762
0135: dt=129.472000, rms=0.623 (0.071%), neg=0, invalid=762
0136: dt=129.472000, rms=0.623 (0.073%), neg=0, invalid=762
0137: dt=129.472000, rms=0.623 (0.072%), neg=0, invalid=762
0138: dt=129.472000, rms=0.622 (0.072%), neg=0, invalid=762
0139: dt=129.472000, rms=0.622 (0.070%), neg=0, invalid=762
0140: dt=129.472000, rms=0.621 (0.068%), neg=0, invalid=762
0141: dt=129.472000, rms=0.621 (0.065%), neg=0, invalid=762
0142: dt=129.472000, rms=0.620 (0.062%), neg=0, invalid=762
0143: dt=129.472000, rms=0.620 (0.060%), neg=0, invalid=762
0144: dt=129.472000, rms=0.620 (0.055%), neg=0, invalid=762
0145: dt=129.472000, rms=0.619 (0.054%), neg=0, invalid=762
0146: dt=129.472000, rms=0.619 (0.054%), neg=0, invalid=762
0147: dt=129.472000, rms=0.619 (0.051%), neg=0, invalid=762
0148: dt=129.472000, rms=0.618 (0.046%), neg=0, invalid=762
0149: dt=129.472000, rms=0.618 (0.041%), neg=0, invalid=762
0150: dt=129.472000, rms=0.618 (0.039%), neg=0, invalid=762
0151: dt=129.472000, rms=0.618 (0.038%), neg=0, invalid=762
0152: dt=129.472000, rms=0.618 (0.036%), neg=0, invalid=762
0153: dt=129.472000, rms=0.617 (0.039%), neg=0, invalid=762
0154: dt=129.472000, rms=0.617 (0.040%), neg=0, invalid=762
0155: dt=129.472000, rms=0.617 (0.040%), neg=0, invalid=762
0156: dt=129.472000, rms=0.617 (0.040%), neg=0, invalid=762
0157: dt=129.472000, rms=0.616 (0.038%), neg=0, invalid=762
0158: dt=129.472000, rms=0.616 (0.037%), neg=0, invalid=762
0159: dt=129.472000, rms=0.616 (0.034%), neg=0, invalid=762
0160: dt=129.472000, rms=0.616 (0.033%), neg=0, invalid=762
0161: dt=129.472000, rms=0.615 (0.038%), neg=0, invalid=762
0162: dt=129.472000, rms=0.615 (0.037%), neg=0, invalid=762
0163: dt=129.472000, rms=0.615 (0.040%), neg=0, invalid=762
0164: dt=129.472000, rms=0.615 (0.037%), neg=0, invalid=762
0165: dt=129.472000, rms=0.615 (0.033%), neg=0, invalid=762
0166: dt=129.472000, rms=0.614 (0.029%), neg=0, invalid=762
0167: dt=129.472000, rms=0.614 (0.030%), neg=0, invalid=762
0168: dt=129.472000, rms=0.614 (0.026%), neg=0, invalid=762
0169: dt=129.472000, rms=0.614 (0.027%), neg=0, invalid=762
0170: dt=129.472000, rms=0.614 (0.026%), neg=0, invalid=762
0171: dt=129.472000, rms=0.614 (0.026%), neg=0, invalid=762
0172: dt=129.472000, rms=0.613 (0.028%), neg=0, invalid=762
0173: dt=129.472000, rms=0.613 (0.027%), neg=0, invalid=762
0174: dt=129.472000, rms=0.613 (0.025%), neg=0, invalid=762
0175: dt=129.472000, rms=0.613 (0.026%), neg=0, invalid=762
0176: dt=129.472000, rms=0.613 (0.020%), neg=0, invalid=762
0177: dt=129.472000, rms=0.613 (0.021%), neg=0, invalid=762
0178: dt=129.472000, rms=0.612 (0.022%), neg=0, invalid=762
0179: dt=129.472000, rms=0.612 (0.021%), neg=0, invalid=762
0180: dt=2071.552000, rms=0.612 (0.026%), neg=0, invalid=762
0181: dt=129.472000, rms=0.612 (0.009%), neg=0, invalid=762
0182: dt=129.472000, rms=0.612 (0.003%), neg=0, invalid=762
0183: dt=129.472000, rms=0.612 (0.002%), neg=0, invalid=762
0184: dt=129.472000, rms=0.612 (0.003%), neg=0, invalid=762
0185: dt=129.472000, rms=0.612 (0.007%), neg=0, invalid=762
0186: dt=129.472000, rms=0.612 (0.007%), neg=0, invalid=762
0187: dt=129.472000, rms=0.612 (0.010%), neg=0, invalid=762
0188: dt=129.472000, rms=0.612 (0.012%), neg=0, invalid=762
0189: dt=129.472000, rms=0.612 (0.013%), neg=0, invalid=762
0190: dt=129.472000, rms=0.612 (0.011%), neg=0, invalid=762
setting smoothness coefficient to 0.031
blurring input image with Gaussian with sigma=2.000...
0000: dt=0.000, rms=0.613, neg=0, invalid=762
0191: dt=145.152000, rms=0.610 (0.534%), neg=0, invalid=762
0192: dt=248.832000, rms=0.604 (0.920%), neg=0, invalid=762
0193: dt=36.288000, rms=0.602 (0.303%), neg=0, invalid=762
0194: dt=103.680000, rms=0.601 (0.195%), neg=0, invalid=762
0195: dt=145.152000, rms=0.598 (0.471%), neg=0, invalid=762
0196: dt=103.680000, rms=0.597 (0.175%), neg=0, invalid=762
0197: dt=145.152000, rms=0.595 (0.389%), neg=0, invalid=762
0198: dt=82.944000, rms=0.594 (0.153%), neg=0, invalid=762
0199: dt=145.152000, rms=0.592 (0.303%), neg=0, invalid=762
0200: dt=103.680000, rms=0.592 (0.149%), neg=0, invalid=762
0201: dt=145.152000, rms=0.590 (0.231%), neg=0, invalid=762
0202: dt=76.625850, rms=0.589 (0.183%), neg=0, invalid=762
0203: dt=145.152000, rms=0.588 (0.191%), neg=0, invalid=762
0204: dt=103.680000, rms=0.587 (0.159%), neg=0, invalid=762
0205: dt=103.680000, rms=0.586 (0.118%), neg=0, invalid=762
0206: dt=124.416000, rms=0.585 (0.169%), neg=0, invalid=762
0207: dt=82.944000, rms=0.585 (0.102%), neg=0, invalid=762
0208: dt=145.152000, rms=0.584 (0.198%), neg=0, invalid=762
0209: dt=103.680000, rms=0.583 (0.075%), neg=0, invalid=762
0210: dt=145.152000, rms=0.582 (0.169%), neg=0, invalid=762
0211: dt=62.208000, rms=0.582 (0.080%), neg=0, invalid=762
0212: dt=2322.432000, rms=0.574 (1.245%), neg=0, invalid=762
0213: dt=76.521739, rms=0.571 (0.545%), neg=0, invalid=762
0214: dt=124.416000, rms=0.570 (0.176%), neg=0, invalid=762
0215: dt=36.288000, rms=0.570 (0.022%), neg=0, invalid=762
0216: dt=36.288000, rms=0.570 (0.010%), neg=0, invalid=762
0217: dt=36.288000, rms=0.570 (0.014%), neg=0, invalid=762
0218: dt=36.288000, rms=0.570 (0.025%), neg=0, invalid=762
0219: dt=36.288000, rms=0.570 (0.048%), neg=0, invalid=762
0220: dt=36.288000, rms=0.569 (0.066%), neg=0, invalid=762
0221: dt=36.288000, rms=0.569 (0.070%), neg=0, invalid=762
0222: dt=36.288000, rms=0.568 (0.070%), neg=0, invalid=762
0223: dt=36.288000, rms=0.568 (0.072%), neg=0, invalid=762
0224: dt=36.288000, rms=0.568 (0.069%), neg=0, invalid=762
0225: dt=36.288000, rms=0.567 (0.071%), neg=0, invalid=762
0226: dt=36.288000, rms=0.567 (0.080%), neg=0, invalid=762
0227: dt=36.288000, rms=0.566 (0.090%), neg=0, invalid=762
0228: dt=36.288000, rms=0.566 (0.093%), neg=0, invalid=762
0229: dt=36.288000, rms=0.565 (0.090%), neg=0, invalid=762
0230: dt=36.288000, rms=0.565 (0.086%), neg=0, invalid=762
0231: dt=36.288000, rms=0.564 (0.081%), neg=0, invalid=762
0232: dt=36.288000, rms=0.564 (0.076%), neg=0, invalid=762
0233: dt=36.288000, rms=0.563 (0.076%), neg=0, invalid=762
0234: dt=36.288000, rms=0.563 (0.079%), neg=0, invalid=762
0235: dt=36.288000, rms=0.563 (0.083%), neg=0, invalid=762
0236: dt=36.288000, rms=0.562 (0.082%), neg=0, invalid=762
0237: dt=36.288000, rms=0.562 (0.080%), neg=0, invalid=762
0238: dt=36.288000, rms=0.561 (0.072%), neg=0, invalid=762
0239: dt=36.288000, rms=0.561 (0.068%), neg=0, invalid=762
0240: dt=36.288000, rms=0.560 (0.064%), neg=0, invalid=762
0241: dt=36.288000, rms=0.560 (0.067%), neg=0, invalid=762
0242: dt=36.288000, rms=0.560 (0.069%), neg=0, invalid=762
0243: dt=36.288000, rms=0.559 (0.068%), neg=0, invalid=762
0244: dt=36.288000, rms=0.559 (0.061%), neg=0, invalid=762
0245: dt=36.288000, rms=0.559 (0.057%), neg=0, invalid=762
0246: dt=36.288000, rms=0.558 (0.056%), neg=0, invalid=762
0247: dt=36.288000, rms=0.558 (0.051%), neg=0, invalid=762
0248: dt=36.288000, rms=0.558 (0.051%), neg=0, invalid=762
0249: dt=36.288000, rms=0.557 (0.052%), neg=0, invalid=762
0250: dt=36.288000, rms=0.557 (0.054%), neg=0, invalid=762
0251: dt=36.288000, rms=0.557 (0.051%), neg=0, invalid=762
0252: dt=36.288000, rms=0.557 (0.047%), neg=0, invalid=762
0253: dt=36.288000, rms=0.556 (0.043%), neg=0, invalid=762
0254: dt=36.288000, rms=0.556 (0.040%), neg=0, invalid=762
0255: dt=36.288000, rms=0.556 (0.040%), neg=0, invalid=762
0256: dt=36.288000, rms=0.556 (0.040%), neg=0, invalid=762
0257: dt=36.288000, rms=0.556 (0.042%), neg=0, invalid=762
0258: dt=36.288000, rms=0.555 (0.045%), neg=0, invalid=762
0259: dt=36.288000, rms=0.555 (0.042%), neg=0, invalid=762
0260: dt=36.288000, rms=0.555 (0.037%), neg=0, invalid=762
0261: dt=36.288000, rms=0.555 (0.038%), neg=0, invalid=762
0262: dt=36.288000, rms=0.554 (0.035%), neg=0, invalid=762
0263: dt=36.288000, rms=0.554 (0.035%), neg=0, invalid=762
0264: dt=36.288000, rms=0.554 (0.035%), neg=0, invalid=762
0265: dt=36.288000, rms=0.554 (0.033%), neg=0, invalid=762
0266: dt=36.288000, rms=0.554 (0.033%), neg=0, invalid=762
0267: dt=36.288000, rms=0.553 (0.031%), neg=0, invalid=762
0268: dt=36.288000, rms=0.553 (0.027%), neg=0, invalid=762
0269: dt=36.288000, rms=0.553 (0.029%), neg=0, invalid=762
0270: dt=36.288000, rms=0.553 (0.028%), neg=0, invalid=762
0271: dt=36.288000, rms=0.553 (0.027%), neg=0, invalid=762
0272: dt=36.288000, rms=0.553 (0.027%), neg=0, invalid=762
0273: dt=36.288000, rms=0.553 (0.028%), neg=0, invalid=762
0274: dt=36.288000, rms=0.552 (0.026%), neg=0, invalid=762
0275: dt=36.288000, rms=0.552 (0.026%), neg=0, invalid=762
0276: dt=36.288000, rms=0.552 (0.024%), neg=0, invalid=762
0277: dt=36.288000, rms=0.552 (0.025%), neg=0, invalid=762
0278: dt=36.288000, rms=0.552 (0.027%), neg=0, invalid=762
0279: dt=36.288000, rms=0.552 (0.026%), neg=0, invalid=762
0280: dt=36.288000, rms=0.552 (0.026%), neg=0, invalid=762
0281: dt=36.288000, rms=0.551 (0.026%), neg=0, invalid=762
0282: dt=36.288000, rms=0.551 (0.026%), neg=0, invalid=762
0283: dt=36.288000, rms=0.551 (0.023%), neg=0, invalid=762
0284: dt=36.288000, rms=0.551 (0.022%), neg=0, invalid=762
0285: dt=580.608000, rms=0.551 (0.022%), neg=0, invalid=762
0286: dt=580.608000, rms=0.551 (-0.649%), neg=0, invalid=762
blurring input image with Gaussian with sigma=0.500...
0000: dt=0.000, rms=0.551, neg=0, invalid=762
0287: dt=145.152000, rms=0.549 (0.361%), neg=0, invalid=762
0288: dt=103.680000, rms=0.549 (0.077%), neg=0, invalid=762
0289: dt=145.152000, rms=0.548 (0.084%), neg=0, invalid=762
0290: dt=62.208000, rms=0.548 (0.041%), neg=0, invalid=762
0291: dt=62.208000, rms=0.548 (0.033%), neg=0, invalid=762
0292: dt=62.208000, rms=0.548 (0.039%), neg=0, invalid=762
0293: dt=62.208000, rms=0.547 (0.043%), neg=0, invalid=762
0294: dt=62.208000, rms=0.547 (0.047%), neg=0, invalid=762
0295: dt=62.208000, rms=0.547 (0.042%), neg=0, invalid=762
0296: dt=62.208000, rms=0.547 (0.035%), neg=0, invalid=762
0297: dt=62.208000, rms=0.547 (0.023%), neg=0, invalid=762
0298: dt=62.208000, rms=0.547 (0.017%), neg=0, invalid=762
0299: dt=331.776000, rms=0.546 (0.039%), neg=0, invalid=762
0300: dt=36.288000, rms=0.546 (0.012%), neg=0, invalid=762
0301: dt=36.288000, rms=0.546 (0.003%), neg=0, invalid=762
0302: dt=36.288000, rms=0.546 (0.005%), neg=0, invalid=762
0303: dt=36.288000, rms=0.546 (0.009%), neg=0, invalid=762
0304: dt=36.288000, rms=0.546 (0.013%), neg=0, invalid=762
0305: dt=36.288000, rms=0.546 (0.017%), neg=0, invalid=762
0306: dt=36.288000, rms=0.546 (0.015%), neg=0, invalid=762
0307: dt=36.288000, rms=0.546 (0.014%), neg=0, invalid=762
setting smoothness coefficient to 0.118
blurring input image with Gaussian with sigma=2.000...
0000: dt=0.000, rms=0.559, neg=0, invalid=762
0308: dt=25.600000, rms=0.557 (0.190%), neg=0, invalid=762
0309: dt=44.800000, rms=0.556 (0.213%), neg=0, invalid=762
0310: dt=179.200000, rms=0.553 (0.660%), neg=0, invalid=762
0311: dt=76.800000, rms=0.549 (0.677%), neg=0, invalid=762
0312: dt=24.944882, rms=0.547 (0.255%), neg=0, invalid=762
0313: dt=179.200000, rms=0.544 (0.655%), neg=0, invalid=762
0314: dt=25.600000, rms=0.543 (0.204%), neg=0, invalid=762
0315: dt=102.400000, rms=0.541 (0.306%), neg=0, invalid=762
0316: dt=25.600000, rms=0.541 (0.107%), neg=0, invalid=762
0317: dt=102.400000, rms=0.539 (0.223%), neg=0, invalid=762
0318: dt=32.000000, rms=0.539 (0.081%), neg=0, invalid=762
0319: dt=44.800000, rms=0.538 (0.153%), neg=0, invalid=762
0320: dt=32.000000, rms=0.538 (0.041%), neg=0, invalid=762
0321: dt=32.000000, rms=0.537 (0.075%), neg=0, invalid=762
0322: dt=32.000000, rms=0.537 (0.127%), neg=0, invalid=762
0323: dt=32.000000, rms=0.536 (0.148%), neg=0, invalid=762
0324: dt=32.000000, rms=0.535 (0.170%), neg=0, invalid=762
0325: dt=32.000000, rms=0.534 (0.219%), neg=0, invalid=762
0326: dt=32.000000, rms=0.533 (0.243%), neg=0, invalid=762
0327: dt=32.000000, rms=0.531 (0.231%), neg=0, invalid=762
0328: dt=32.000000, rms=0.530 (0.207%), neg=0, invalid=762
0329: dt=32.000000, rms=0.529 (0.210%), neg=0, invalid=762
0330: dt=32.000000, rms=0.528 (0.224%), neg=0, invalid=762
0331: dt=32.000000, rms=0.527 (0.199%), neg=0, invalid=762
0332: dt=32.000000, rms=0.526 (0.176%), neg=0, invalid=762
0333: dt=32.000000, rms=0.525 (0.149%), neg=0, invalid=762
0334: dt=32.000000, rms=0.524 (0.144%), neg=0, invalid=762
0335: dt=32.000000, rms=0.524 (0.138%), neg=0, invalid=762
0336: dt=32.000000, rms=0.523 (0.110%), neg=0, invalid=762
0337: dt=32.000000, rms=0.523 (0.081%), neg=0, invalid=762
0338: dt=32.000000, rms=0.522 (0.085%), neg=0, invalid=762
0339: dt=32.000000, rms=0.522 (0.087%), neg=0, invalid=762
0340: dt=32.000000, rms=0.521 (0.066%), neg=0, invalid=762
0341: dt=32.000000, rms=0.521 (0.054%), neg=0, invalid=762
0342: dt=32.000000, rms=0.521 (0.053%), neg=0, invalid=762
0343: dt=32.000000, rms=0.521 (0.052%), neg=0, invalid=762
0344: dt=32.000000, rms=0.520 (0.047%), neg=0, invalid=762
0345: dt=32.000000, rms=0.520 (0.052%), neg=0, invalid=762
0346: dt=32.000000, rms=0.520 (0.042%), neg=0, invalid=762
0347: dt=32.000000, rms=0.520 (0.026%), neg=0, invalid=762
0348: dt=32.000000, rms=0.520 (0.041%), neg=0, invalid=762
0349: dt=32.000000, rms=0.519 (0.045%), neg=0, invalid=762
0350: dt=32.000000, rms=0.519 (0.033%), neg=0, invalid=762
0351: dt=32.000000, rms=0.519 (0.022%), neg=0, invalid=762
0352: dt=32.000000, rms=0.519 (0.036%), neg=0, invalid=762
0353: dt=32.000000, rms=0.519 (0.034%), neg=0, invalid=762
0354: dt=32.000000, rms=0.519 (0.027%), neg=0, invalid=762
0355: dt=32.000000, rms=0.518 (0.036%), neg=0, invalid=762
0356: dt=32.000000, rms=0.518 (0.034%), neg=0, invalid=762
0357: dt=32.000000, rms=0.518 (0.037%), neg=0, invalid=762
0358: dt=32.000000, rms=0.518 (0.030%), neg=0, invalid=762
0359: dt=32.000000, rms=0.518 (0.026%), neg=0, invalid=762
0360: dt=32.000000, rms=0.518 (0.016%), neg=0, invalid=762
0361: dt=32.000000, rms=0.518 (0.011%), neg=0, invalid=762
0362: dt=38.400000, rms=0.517 (0.013%), neg=0, invalid=762
0363: dt=8.000000, rms=0.517 (0.002%), neg=0, invalid=762
0364: dt=8.000000, rms=0.517 (0.002%), neg=0, invalid=762
0365: dt=8.000000, rms=0.517 (-0.001%), neg=0, invalid=762
blurring input image with Gaussian with sigma=0.500...
0000: dt=0.000, rms=0.518, neg=0, invalid=762
0366: dt=44.800000, rms=0.516 (0.305%), neg=0, invalid=762
0367: dt=11.200000, rms=0.516 (0.013%), neg=0, invalid=762
0368: dt=11.200000, rms=0.516 (0.003%), neg=0, invalid=762
0369: dt=11.200000, rms=0.516 (-0.003%), neg=0, invalid=762
setting smoothness coefficient to 0.400
blurring input image with Gaussian with sigma=2.000...
0000: dt=0.000, rms=0.546, neg=0, invalid=762
0370: dt=0.000000, rms=0.546 (0.041%), neg=0, invalid=762
0371: dt=0.000000, rms=0.546 (0.000%), neg=0, invalid=762
blurring input image with Gaussian with sigma=0.500...
0000: dt=0.000, rms=0.546, neg=0, invalid=762
0372: dt=0.000000, rms=0.546 (0.041%), neg=0, invalid=762
0373: dt=0.000000, rms=0.546 (0.000%), neg=0, invalid=762
setting smoothness coefficient to 1.000
blurring input image with Gaussian with sigma=2.000...
0000: dt=0.000, rms=0.605, neg=0, invalid=762
0374: dt=2.646552, rms=0.591 (2.277%), neg=0, invalid=762
0375: dt=1.792000, rms=0.590 (0.266%), neg=0, invalid=762
0376: dt=1.024000, rms=0.589 (0.046%), neg=0, invalid=762
0377: dt=1.024000, rms=0.589 (0.005%), neg=0, invalid=762
0378: dt=1.024000, rms=0.589 (-0.110%), neg=0, invalid=762
blurring input image with Gaussian with sigma=0.500...
0000: dt=0.000, rms=0.589, neg=0, invalid=762
0379: dt=1.792000, rms=0.588 (0.276%), neg=0, invalid=762
0380: dt=1.792000, rms=0.587 (0.118%), neg=0, invalid=762
0381: dt=1.792000, rms=0.587 (0.060%), neg=0, invalid=762
0382: dt=1.792000, rms=0.587 (0.040%), neg=0, invalid=762
0383: dt=1.792000, rms=0.586 (0.028%), neg=0, invalid=762
0384: dt=1.792000, rms=0.586 (-0.014%), neg=0, invalid=762
0385: dt=1.792000, rms=0.586 (0.020%), neg=0, invalid=762
0386: dt=1.792000, rms=0.586 (0.016%), neg=0, invalid=762
resetting metric properties...
setting smoothness coefficient to 2.000
blurring input image with Gaussian with sigma=2.000...
0000: dt=0.000, rms=0.565, neg=0, invalid=762
0387: dt=1.536000, rms=0.526 (6.812%), neg=0, invalid=762
0388: dt=0.000000, rms=0.526 (0.009%), neg=0, invalid=762
0389: dt=0.050000, rms=0.526 (-0.138%), neg=0, invalid=762
blurring input image with Gaussian with sigma=0.500...
0000: dt=0.000, rms=0.527, neg=0, invalid=762
0390: dt=0.000000, rms=0.526 (0.058%), neg=0, invalid=762
0391: dt=0.000000, rms=0.526 (0.000%), neg=0, invalid=762
0392: dt=0.050000, rms=0.526 (-0.074%), neg=0, invalid=762
label assignment complete, 0 changed (0.00%)
********************* ALLOWING NEGATIVE NODES IN DEFORMATION********************************
**************** pass 1 of 1 ************************
enabling zero nodes
setting smoothness coefficient to 0.008
blurring input image with Gaussian with sigma=2.000...
0000: dt=0.000, rms=0.515, neg=0, invalid=762
0393: dt=32.368000, rms=0.514 (0.091%), neg=0, invalid=762
0394: dt=32.368000, rms=0.514 (0.014%), neg=0, invalid=762
0395: dt=32.368000, rms=0.514 (0.005%), neg=0, invalid=762
iter 0, gcam->neg = 1
after 0 iterations, nbhd size=0, neg = 0
0396: dt=32.368000, rms=0.514 (-0.003%), neg=0, invalid=762
blurring input image with Gaussian with sigma=0.500...
0000: dt=0.000, rms=0.514, neg=0, invalid=762
iter 0, gcam->neg = 1
after 0 iterations, nbhd size=0, neg = 0
0397: dt=295.936000, rms=0.514 (0.175%), neg=0, invalid=762
0398: dt=92.480000, rms=0.513 (0.022%), neg=0, invalid=762
0399: dt=92.480000, rms=0.513 (0.026%), neg=0, invalid=762
0400: dt=92.480000, rms=0.513 (0.021%), neg=0, invalid=762
iter 0, gcam->neg = 1
after 0 iterations, nbhd size=0, neg = 0
0401: dt=92.480000, rms=0.513 (0.028%), neg=0, invalid=762
0402: dt=92.480000, rms=0.513 (0.023%), neg=0, invalid=762
setting smoothness coefficient to 0.031
blurring input image with Gaussian with sigma=2.000...
0000: dt=0.000, rms=0.513, neg=0, invalid=762
0403: dt=82.944000, rms=0.512 (0.332%), neg=0, invalid=762
0404: dt=145.152000, rms=0.510 (0.415%), neg=0, invalid=762
0405: dt=36.288000, rms=0.509 (0.055%), neg=0, invalid=762
0406: dt=36.288000, rms=0.509 (0.058%), neg=0, invalid=762
0407: dt=36.288000, rms=0.508 (0.091%), neg=0, invalid=762
0408: dt=36.288000, rms=0.508 (0.119%), neg=0, invalid=762
0409: dt=36.288000, rms=0.507 (0.112%), neg=0, invalid=762
0410: dt=36.288000, rms=0.507 (0.094%), neg=0, invalid=762
iter 0, gcam->neg = 1
after 0 iterations, nbhd size=0, neg = 0
0411: dt=331.776000, rms=0.506 (0.146%), neg=0, invalid=762
0412: dt=36.288000, rms=0.506 (0.094%), neg=0, invalid=762
blurring input image with Gaussian with sigma=0.500...
0000: dt=0.000, rms=0.506, neg=0, invalid=762
0413: dt=145.152000, rms=0.503 (0.608%), neg=0, invalid=762
0414: dt=36.288000, rms=0.502 (0.118%), neg=0, invalid=762
0415: dt=36.288000, rms=0.502 (0.051%), neg=0, invalid=762
0416: dt=36.288000, rms=0.502 (0.067%), neg=0, invalid=762
0417: dt=36.288000, rms=0.501 (0.086%), neg=0, invalid=762
iter 0, gcam->neg = 1
after 0 iterations, nbhd size=0, neg = 0
0418: dt=36.288000, rms=0.501 (0.107%), neg=0, invalid=762
0419: dt=36.288000, rms=0.500 (0.112%), neg=0, invalid=762
0420: dt=36.288000, rms=0.500 (0.107%), neg=0, invalid=762
0421: dt=36.288000, rms=0.499 (0.091%), neg=0, invalid=762
0422: dt=82.944000, rms=0.499 (0.023%), neg=0, invalid=762
setting smoothness coefficient to 0.118
blurring input image with Gaussian with sigma=2.000...
0000: dt=0.000, rms=0.500, neg=0, invalid=762
iter 0, gcam->neg = 1
after 6 iterations, nbhd size=1, neg = 0
0423: dt=57.272727, rms=0.496 (0.831%), neg=0, invalid=762
iter 0, gcam->neg = 2
after 7 iterations, nbhd size=1, neg = 0
0424: dt=78.838407, rms=0.491 (1.081%), neg=0, invalid=762
0425: dt=25.553957, rms=0.489 (0.300%), neg=0, invalid=762
iter 0, gcam->neg = 3
after 2 iterations, nbhd size=0, neg = 0
0426: dt=44.800000, rms=0.488 (0.291%), neg=0, invalid=762
iter 0, gcam->neg = 1
after 0 iterations, nbhd size=0, neg = 0
0427: dt=44.800000, rms=0.487 (0.247%), neg=0, invalid=762
0428: dt=44.800000, rms=0.486 (0.187%), neg=0, invalid=762
0429: dt=44.800000, rms=0.484 (0.403%), neg=0, invalid=762
iter 0, gcam->neg = 1
after 0 iterations, nbhd size=0, neg = 0
0430: dt=44.800000, rms=0.482 (0.328%), neg=0, invalid=762
iter 0, gcam->neg = 3
after 7 iterations, nbhd size=1, neg = 0
0431: dt=44.800000, rms=0.480 (0.469%), neg=0, invalid=762
iter 0, gcam->neg = 6
after 0 iterations, nbhd size=0, neg = 0
0432: dt=44.800000, rms=0.479 (0.272%), neg=0, invalid=762
iter 0, gcam->neg = 8
after 8 iterations, nbhd size=1, neg = 0
0433: dt=44.800000, rms=0.477 (0.382%), neg=0, invalid=762
iter 0, gcam->neg = 4
after 1 iterations, nbhd size=0, neg = 0
0434: dt=44.800000, rms=0.476 (0.190%), neg=0, invalid=762
0435: dt=44.800000, rms=0.475 (0.315%), neg=0, invalid=762
iter 0, gcam->neg = 2
after 1 iterations, nbhd size=0, neg = 0
0436: dt=44.800000, rms=0.474 (0.114%), neg=0, invalid=762
iter 0, gcam->neg = 2
after 8 iterations, nbhd size=1, neg = 0
0437: dt=44.800000, rms=0.473 (0.205%), neg=0, invalid=762
iter 0, gcam->neg = 1
after 1 iterations, nbhd size=0, neg = 0
0438: dt=44.800000, rms=0.473 (0.079%), neg=0, invalid=762
iter 0, gcam->neg = 1
after 0 iterations, nbhd size=0, neg = 0
0439: dt=44.800000, rms=0.472 (0.136%), neg=0, invalid=762
0440: dt=44.800000, rms=0.472 (0.042%), neg=0, invalid=762
iter 0, gcam->neg = 1
after 2 iterations, nbhd size=0, neg = 0
0441: dt=44.800000, rms=0.471 (0.106%), neg=0, invalid=762
0442: dt=44.800000, rms=0.471 (0.082%), neg=0, invalid=762
0443: dt=25.600000, rms=0.470 (0.106%), neg=0, invalid=762
0444: dt=32.000000, rms=0.470 (0.047%), neg=0, invalid=762
0445: dt=32.000000, rms=0.470 (0.013%), neg=0, invalid=762
0446: dt=32.000000, rms=0.470 (0.021%), neg=0, invalid=762
0447: dt=32.000000, rms=0.470 (0.023%), neg=0, invalid=762
iter 0, gcam->neg = 1
after 0 iterations, nbhd size=0, neg = 0
0448: dt=32.000000, rms=0.470 (0.017%), neg=0, invalid=762
0449: dt=32.000000, rms=0.470 (0.020%), neg=0, invalid=762
0450: dt=32.000000, rms=0.470 (0.010%), neg=0, invalid=762
blurring input image with Gaussian with sigma=0.500...
0000: dt=0.000, rms=0.470, neg=0, invalid=762
0451: dt=76.571429, rms=0.467 (0.679%), neg=0, invalid=762
0452: dt=25.600000, rms=0.466 (0.153%), neg=0, invalid=762
0453: dt=25.600000, rms=0.466 (0.035%), neg=0, invalid=762
0454: dt=25.600000, rms=0.466 (0.033%), neg=0, invalid=762
0455: dt=25.600000, rms=0.466 (0.019%), neg=0, invalid=762
0456: dt=25.600000, rms=0.466 (0.028%), neg=0, invalid=762
0457: dt=25.600000, rms=0.465 (0.021%), neg=0, invalid=762
setting smoothness coefficient to 0.400
blurring input image with Gaussian with sigma=2.000...
0000: dt=0.000, rms=0.480, neg=0, invalid=762
0458: dt=0.576000, rms=0.479 (0.053%), neg=0, invalid=762
0459: dt=0.054000, rms=0.479 (0.002%), neg=0, invalid=762
0460: dt=0.054000, rms=0.479 (-0.000%), neg=0, invalid=762
blurring input image with Gaussian with sigma=0.500...
0000: dt=0.000, rms=0.480, neg=0, invalid=762
0461: dt=3.456000, rms=0.479 (0.117%), neg=0, invalid=762
0462: dt=1.008000, rms=0.479 (0.008%), neg=0, invalid=762
0463: dt=1.008000, rms=0.479 (-0.001%), neg=0, invalid=762
setting smoothness coefficient to 1.000
blurring input image with Gaussian with sigma=2.000...
0000: dt=0.000, rms=0.502, neg=0, invalid=762
0464: dt=1.024000, rms=0.501 (0.270%), neg=0, invalid=762
0465: dt=0.112000, rms=0.501 (0.003%), neg=0, invalid=762
0466: dt=0.112000, rms=0.501 (0.002%), neg=0, invalid=762
0467: dt=0.112000, rms=0.501 (-0.006%), neg=0, invalid=762
blurring input image with Gaussian with sigma=0.500...
0000: dt=0.000, rms=0.501, neg=0, invalid=762
0468: dt=0.768000, rms=0.500 (0.143%), neg=0, invalid=762
0469: dt=0.320000, rms=0.500 (0.009%), neg=0, invalid=762
0470: dt=0.320000, rms=0.500 (-0.006%), neg=0, invalid=762
resetting metric properties...
setting smoothness coefficient to 2.000
blurring input image with Gaussian with sigma=2.000...
0000: dt=0.000, rms=0.476, neg=0, invalid=762
iter 0, gcam->neg = 285
after 10 iterations, nbhd size=1, neg = 0
0471: dt=2.271307, rms=0.450 (5.505%), neg=0, invalid=762
0472: dt=0.112000, rms=0.450 (0.120%), neg=0, invalid=762
0473: dt=0.112000, rms=0.450 (-0.048%), neg=0, invalid=762
blurring input image with Gaussian with sigma=0.500...
0000: dt=0.000, rms=0.450, neg=0, invalid=762
0474: dt=0.096000, rms=0.449 (0.128%), neg=0, invalid=762
0475: dt=0.000438, rms=0.449 (0.004%), neg=0, invalid=762
0476: dt=0.000438, rms=0.449 (-0.000%), neg=0, invalid=762
label assignment complete, 0 changed (0.00%)
label assignment complete, 0 changed (0.00%)
***************** morphing with label term set to 0 *******************************
**************** pass 1 of 1 ************************
enabling zero nodes
setting smoothness coefficient to 0.008
blurring input image with Gaussian with sigma=2.000...
0000: dt=0.000, rms=0.434, neg=0, invalid=762
0477: dt=0.000000, rms=0.434 (0.000%), neg=0, invalid=762
blurring input image with Gaussian with sigma=0.500...
0000: dt=0.000, rms=0.434, neg=0, invalid=762
0478: dt=32.368000, rms=0.434 (0.001%), neg=0, invalid=762
0479: dt=32.368000, rms=0.434 (0.000%), neg=0, invalid=762
0480: dt=32.368000, rms=0.434 (0.000%), neg=0, invalid=762
0481: dt=32.368000, rms=0.434 (-0.000%), neg=0, invalid=762
setting smoothness coefficient to 0.031
blurring input image with Gaussian with sigma=2.000...
0000: dt=0.000, rms=0.434, neg=0, invalid=762
0482: dt=-0.001628, rms=0.434 (0.000%), neg=0, invalid=762
0483: dt=0.000000, rms=0.434 (0.000%), neg=0, invalid=762
blurring input image with Gaussian with sigma=0.500...
0000: dt=0.000, rms=0.434, neg=0, invalid=762
0484: dt=124.416000, rms=0.434 (0.066%), neg=0, invalid=762
0485: dt=145.152000, rms=0.434 (0.091%), neg=0, invalid=762
0486: dt=103.680000, rms=0.434 (0.031%), neg=0, invalid=762
0487: dt=103.680000, rms=0.434 (0.039%), neg=0, invalid=762
0488: dt=103.680000, rms=0.433 (0.064%), neg=0, invalid=762
0489: dt=103.680000, rms=0.433 (0.054%), neg=0, invalid=762
0490: dt=103.680000, rms=0.433 (0.047%), neg=0, invalid=762
setting smoothness coefficient to 0.118
blurring input image with Gaussian with sigma=2.000...
0000: dt=0.000, rms=0.434, neg=0, invalid=762
0491: dt=11.200000, rms=0.433 (0.089%), neg=0, invalid=762
0492: dt=11.200000, rms=0.433 (0.043%), neg=0, invalid=762
0493: dt=11.200000, rms=0.433 (0.026%), neg=0, invalid=762
0494: dt=11.200000, rms=0.433 (-0.002%), neg=0, invalid=762
blurring input image with Gaussian with sigma=0.500...
0000: dt=0.000, rms=0.433, neg=0, invalid=762
0495: dt=85.333333, rms=0.430 (0.658%), neg=0, invalid=762
0496: dt=25.600000, rms=0.429 (0.337%), neg=0, invalid=762
0497: dt=102.400000, rms=0.428 (0.221%), neg=0, invalid=762
0498: dt=102.400000, rms=0.428 (-0.656%), neg=0, invalid=762
setting smoothness coefficient to 0.400
blurring input image with Gaussian with sigma=2.000...
0000: dt=0.000, rms=0.431, neg=0, invalid=762
0499: dt=6.461538, rms=0.430 (0.127%), neg=0, invalid=762
0500: dt=4.032000, rms=0.430 (0.015%), neg=0, invalid=762
iter 0, gcam->neg = 1
after 1 iterations, nbhd size=0, neg = 0
0501: dt=4.032000, rms=0.430 (0.000%), neg=0, invalid=762
iter 0, gcam->neg = 1
after 1 iterations, nbhd size=0, neg = 0
0502: dt=4.032000, rms=0.430 (-0.021%), neg=0, invalid=762
blurring input image with Gaussian with sigma=0.500...
0000: dt=0.000, rms=0.430, neg=0, invalid=762
0503: dt=19.183673, rms=0.428 (0.485%), neg=0, invalid=762
iter 0, gcam->neg = 1
after 0 iterations, nbhd size=0, neg = 0
0504: dt=16.128000, rms=0.428 (0.121%), neg=0, invalid=762
0505: dt=16.128000, rms=0.427 (0.104%), neg=0, invalid=762
0506: dt=16.128000, rms=0.427 (0.118%), neg=0, invalid=762
0507: dt=16.128000, rms=0.426 (0.116%), neg=0, invalid=762
iter 0, gcam->neg = 1
after 0 iterations, nbhd size=0, neg = 0
0508: dt=16.128000, rms=0.426 (0.117%), neg=0, invalid=762
0509: dt=16.128000, rms=0.425 (0.114%), neg=0, invalid=762
0510: dt=4.032000, rms=0.425 (0.003%), neg=0, invalid=762
setting smoothness coefficient to 1.000
blurring input image with Gaussian with sigma=2.000...
0000: dt=0.000, rms=0.432, neg=0, invalid=762
0511: dt=0.000000, rms=0.432 (0.000%), neg=0, invalid=762
blurring input image with Gaussian with sigma=0.500...
0000: dt=0.000, rms=0.432, neg=0, invalid=762
0512: dt=0.000000, rms=0.432 (0.000%), neg=0, invalid=762
resetting metric properties...
setting smoothness coefficient to 2.000
blurring input image with Gaussian with sigma=2.000...
0000: dt=0.000, rms=0.421, neg=0, invalid=762
iter 0, gcam->neg = 242
after 13 iterations, nbhd size=1, neg = 0
0513: dt=1.792000, rms=0.409 (2.899%), neg=0, invalid=762
0514: dt=0.048000, rms=0.408 (0.014%), neg=0, invalid=762
0515: dt=0.048000, rms=0.408 (-0.010%), neg=0, invalid=762
blurring input image with Gaussian with sigma=0.500...
0000: dt=0.000, rms=0.408, neg=0, invalid=762
0516: dt=0.112000, rms=0.408 (0.055%), neg=0, invalid=762
0517: dt=0.016000, rms=0.408 (0.001%), neg=0, invalid=762
0518: dt=0.016000, rms=0.408 (-0.000%), neg=0, invalid=762
writing output transformation to transforms/talairach.m3z...
GCAMwrite
mri_ca_register took 3 hours, 2 minutes and 42 seconds.
mri_ca_register utimesec    14903.407429
mri_ca_register stimesec    80.338165
mri_ca_register ru_maxrss   1641824
mri_ca_register ru_ixrss    0
mri_ca_register ru_idrss    0
mri_ca_register ru_isrss    0
mri_ca_register ru_minflt   51172708
mri_ca_register ru_majflt   0
mri_ca_register ru_nswap    0
mri_ca_register ru_inblock  0
mri_ca_register ru_oublock  62624
mri_ca_register ru_msgsnd   0
mri_ca_register ru_msgrcv   0
mri_ca_register ru_nsignals 0
mri_ca_register ru_nvcsw    376511
mri_ca_register ru_nivcsw   1979616
FSRUNTIME@ mri_ca_register  3.0450 hours 32 threads
#--------------------------------------
#@# SubCort Seg Wed May  8 15:57:43 CDT 2019

 mri_ca_label -relabel_unlikely 9 .3 -prior 0.5 -align norm.mgz transforms/talairach.m3z /home/stone/software/freesurfer_stable_600/average/RB_all_2016-05-10.vc700.gca aseg.auto_noCCseg.mgz 

sysname  Linux
hostname stone.cmrr.umn.edu
machine  x86_64

setenv SUBJECTS_DIR /home/stone-ext1/freesurfer/subjects
cd /home/stone-ext1/freesurfer/subjects/FS6EXPERT_subj01/mri
mri_ca_label -relabel_unlikely 9 .3 -prior 0.5 -align norm.mgz transforms/talairach.m3z /home/stone/software/freesurfer_stable_600/average/RB_all_2016-05-10.vc700.gca aseg.auto_noCCseg.mgz 


== Number of threads available to mri_ca_label for OpenMP = 32 == 
relabeling unlikely voxels with window_size = 9 and prior threshold 0.30
using Gibbs prior factor = 0.500
renormalizing sequences with structure alignment, equivalent to:
	-renormalize
	-renormalize_mean 0.500
	-regularize 0.500
reading 1 input volumes
reading classifier array from /home/stone/software/freesurfer_stable_600/average/RB_all_2016-05-10.vc700.gca
reading input volume from norm.mgz
average std[0] = 7.3
reading transform from transforms/talairach.m3z
setting orig areas to linear transform determinant scaled 14.97
Atlas used for the 3D morph was /home/stone/software/freesurfer_stable_600/average/RB_all_2016-05-10.vc700.gca
average std = 7.3   using min determinant for regularization = 5.3
0 singular and 0 ill-conditioned covariance matrices regularized
labeling volume...
renormalizing by structure alignment....
renormalizing input #0
gca peak = 0.16259 (20)
mri peak = 0.16731 (29)
Left_Lateral_Ventricle (4): linear fit = 1.38 x + 0.0 (1860 voxels, overlap=0.147)
Left_Lateral_Ventricle (4): linear fit = 1.38 x + 0.0 (1860 voxels, peak = 28), gca=27.5
gca peak = 0.17677 (13)
mri peak = 0.19845 (29)
Right_Lateral_Ventricle (43): linear fit = 2.08 x + 0.0 (2356 voxels, overlap=0.126)
Right_Lateral_Ventricle (43): linear fit = 1.50 x + 0.0 (2356 voxels, peak = 27), gca=19.5
gca peak = 0.28129 (95)
mri peak = 0.18629 (102)
Right_Pallidum (52): linear fit = 1.07 x + 0.0 (1809 voxels, overlap=0.271)
Right_Pallidum (52): linear fit = 1.07 x + 0.0 (1809 voxels, peak = 101), gca=101.2
gca peak = 0.16930 (96)
mri peak = 0.20445 (104)
Left_Pallidum (13): linear fit = 1.09 x + 0.0 (1748 voxels, overlap=0.053)
Left_Pallidum (13): linear fit = 1.09 x + 0.0 (1748 voxels, peak = 104), gca=104.2
gca peak = 0.24553 (55)
mri peak = 0.11421 (72)
Right_Hippocampus (53): linear fit = 1.26 x + 0.0 (3017 voxels, overlap=0.022)
Right_Hippocampus (53): linear fit = 1.26 x + 0.0 (3017 voxels, peak = 70), gca=69.6
gca peak = 0.30264 (59)
mri peak = 0.11815 (72)
Left_Hippocampus (17): linear fit = 1.25 x + 0.0 (2688 voxels, overlap=0.018)
Left_Hippocampus (17): linear fit = 1.25 x + 0.0 (2688 voxels, peak = 73), gca=73.5
gca peak = 0.07580 (103)
mri peak = 0.17611 (106)
Right_Cerebral_White_Matter (41): linear fit = 1.01 x + 0.0 (128652 voxels, overlap=0.545)
Right_Cerebral_White_Matter (41): linear fit = 1.01 x + 0.0 (128652 voxels, peak = 105), gca=104.5
gca peak = 0.07714 (104)
mri peak = 0.21691 (106)
Left_Cerebral_White_Matter (2): linear fit = 1.00 x + 0.0 (128688 voxels, overlap=0.465)
Left_Cerebral_White_Matter (2): linear fit = 1.00 x + 0.0 (128688 voxels, peak = 105), gca=104.5
gca peak = 0.09712 (58)
mri peak = 0.05171 (78)
Left_Cerebral_Cortex (3): linear fit = 1.33 x + 0.0 (126405 voxels, overlap=0.001)
Left_Cerebral_Cortex (3): linear fit = 1.33 x + 0.0 (126405 voxels, peak = 77), gca=76.9
gca peak = 0.11620 (58)
mri peak = 0.04966 (74)
Right_Cerebral_Cortex (42): linear fit = 1.29 x + 0.0 (122626 voxels, overlap=0.001)
Right_Cerebral_Cortex (42): linear fit = 1.29 x + 0.0 (122626 voxels, peak = 75), gca=75.1
gca peak = 0.30970 (66)
mri peak = 0.13832 (85)
Right_Caudate (50): linear fit = 1.26 x + 0.0 (2294 voxels, overlap=0.020)
Right_Caudate (50): linear fit = 1.26 x + 0.0 (2294 voxels, peak = 83), gca=83.5
gca peak = 0.15280 (69)
mri peak = 0.13909 (87)
Left_Caudate (11): linear fit = 1.17 x + 0.0 (2161 voxels, overlap=0.017)
Left_Caudate (11): linear fit = 1.17 x + 0.0 (2161 voxels, peak = 81), gca=81.1
gca peak = 0.13902 (56)
mri peak = 0.06574 (72)
Left_Cerebellum_Cortex (8): linear fit = 1.26 x + 0.0 (68493 voxels, overlap=0.014)
Left_Cerebellum_Cortex (8): linear fit = 1.26 x + 0.0 (68493 voxels, peak = 71), gca=70.8
gca peak = 0.14777 (55)
mri peak = 0.06509 (67)
Right_Cerebellum_Cortex (47): linear fit = 1.25 x + 0.0 (74643 voxels, overlap=0.085)
Right_Cerebellum_Cortex (47): linear fit = 1.25 x + 0.0 (74643 voxels, peak = 68), gca=68.5
gca peak = 0.16765 (84)
mri peak = 0.14232 (89)
Left_Cerebellum_White_Matter (7): linear fit = 1.07 x + 0.0 (13926 voxels, overlap=0.404)
Left_Cerebellum_White_Matter (7): linear fit = 1.07 x + 0.0 (13926 voxels, peak = 89), gca=89.5
gca peak = 0.18739 (84)
mri peak = 0.18153 (86)
Right_Cerebellum_White_Matter (46): linear fit = 1.02 x + 0.0 (13089 voxels, overlap=0.670)
Right_Cerebellum_White_Matter (46): linear fit = 1.02 x + 0.0 (13089 voxels, peak = 86), gca=86.1
gca peak = 0.29869 (57)
mri peak = 0.12485 (72)
Left_Amygdala (18): linear fit = 1.26 x + 0.0 (1264 voxels, overlap=0.044)
Left_Amygdala (18): linear fit = 1.26 x + 0.0 (1264 voxels, peak = 72), gca=72.1
gca peak = 0.33601 (57)
mri peak = 0.12291 (71)
Right_Amygdala (54): linear fit = 1.23 x + 0.0 (1314 voxels, overlap=0.042)
Right_Amygdala (54): linear fit = 1.23 x + 0.0 (1314 voxels, peak = 70), gca=69.8
gca peak = 0.11131 (90)
mri peak = 0.08151 (98)
Left_Thalamus_Proper (10): linear fit = 1.11 x + 0.0 (10626 voxels, overlap=0.529)
Left_Thalamus_Proper (10): linear fit = 1.11 x + 0.0 (10626 voxels, peak = 99), gca=99.5
gca peak = 0.11793 (83)
mri peak = 0.08528 (96)
Right_Thalamus_Proper (49): linear fit = 1.14 x + 0.0 (9830 voxels, overlap=0.260)
Right_Thalamus_Proper (49): linear fit = 1.14 x + 0.0 (9830 voxels, peak = 95), gca=95.0
gca peak = 0.08324 (81)
mri peak = 0.10783 (94)
Left_Putamen (12): linear fit = 1.17 x + 0.0 (4485 voxels, overlap=0.025)
Left_Putamen (12): linear fit = 1.17 x + 0.0 (4485 voxels, peak = 95), gca=95.2
gca peak = 0.10360 (77)
mri peak = 0.09609 (92)
Right_Putamen (51): linear fit = 1.16 x + 0.0 (4595 voxels, overlap=0.178)
Right_Putamen (51): linear fit = 1.16 x + 0.0 (4595 voxels, peak = 90), gca=89.7
gca peak = 0.08424 (78)
mri peak = 0.08943 (83)
Brain_Stem (16): linear fit = 1.07 x + 0.0 (27449 voxels, overlap=0.476)
Brain_Stem (16): linear fit = 1.07 x + 0.0 (27449 voxels, peak = 83), gca=83.1
gca peak = 0.12631 (89)
mri peak = 0.09349 (97)
Right_VentralDC (60): linear fit = 1.10 x + 0.0 (3794 voxels, overlap=0.208)
Right_VentralDC (60): linear fit = 1.10 x + 0.0 (3794 voxels, peak = 97), gca=97.5
gca peak = 0.14500 (87)
mri peak = 0.09281 (97)
Left_VentralDC (28): linear fit = 1.11 x + 0.0 (3885 voxels, overlap=0.247)
Left_VentralDC (28): linear fit = 1.11 x + 0.0 (3885 voxels, peak = 96), gca=96.1
gca peak = 0.14975 (24)
mri peak = 0.18847 (29)
Third_Ventricle (14): linear fit = 1.16 x + 0.0 (248 voxels, overlap=0.562)
Third_Ventricle (14): linear fit = 1.16 x + 0.0 (248 voxels, peak = 28), gca=28.0
gca peak = 0.19357 (14)
mri peak = 0.17990 (27)
Fourth_Ventricle (15): linear fit = 1.68 x + 0.0 (409 voxels, overlap=0.177)
Fourth_Ventricle (15): linear fit = 1.68 x + 0.0 (409 voxels, peak = 24), gca=23.6
gca peak Unknown = 0.94835 ( 0)
gca peak Left_Inf_Lat_Vent = 0.16825 (27)
gca peak Left_Thalamus = 1.00000 (94)
gca peak Fourth_Ventricle = 0.19357 (14)
gca peak CSF = 0.23379 (36)
gca peak Left_Accumbens_area = 0.70037 (62)
gca peak Left_undetermined = 1.00000 (26)
gca peak Left_vessel = 0.75997 (52)
gca peak Left_choroid_plexus = 0.12089 (35)
gca peak Right_Inf_Lat_Vent = 0.24655 (23)
gca peak Right_Accumbens_area = 0.45042 (65)
gca peak Right_vessel = 0.82168 (52)
gca peak Right_choroid_plexus = 0.14516 (37)
gca peak Fifth_Ventricle = 0.65475 (32)
gca peak WM_hypointensities = 0.07854 (76)
gca peak non_WM_hypointensities = 0.08491 (43)
gca peak Optic_Chiasm = 0.71127 (75)
not using caudate to estimate GM means
estimating mean gm scale to be 1.27 x + 0.0
estimating mean wm scale to be 1.01 x + 0.0
estimating mean csf scale to be 1.35 x + 0.0
Left_Putamen too bright - rescaling by 0.988 (from 1.175) to 94.1 (was 95.2)
Left_Pallidum too bright - rescaling by 0.973 (from 1.085) to 101.4 (was 104.2)
saving intensity scales to aseg.auto_noCCseg.label_intensities.txt
renormalizing by structure alignment....
renormalizing input #0
gca peak = 0.14430 (25)
mri peak = 0.16731 (29)
Left_Lateral_Ventricle (4): linear fit = 1.04 x + 0.0 (1860 voxels, overlap=0.628)
Left_Lateral_Ventricle (4): linear fit = 1.04 x + 0.0 (1860 voxels, peak = 26), gca=26.1
gca peak = 0.13997 (19)
mri peak = 0.19845 (29)
Right_Lateral_Ventricle (43): linear fit = 1.39 x + 0.0 (2356 voxels, overlap=0.230)
Right_Lateral_Ventricle (43): linear fit = 1.39 x + 0.0 (2356 voxels, peak = 27), gca=26.5
gca peak = 0.26701 (102)
mri peak = 0.18629 (102)
Right_Pallidum (52): linear fit = 1.00 x + 0.0 (1809 voxels, overlap=1.000)
Right_Pallidum (52): linear fit = 1.00 x + 0.0 (1809 voxels, peak = 103), gca=102.5
gca peak = 0.16889 (102)
mri peak = 0.20445 (104)
Left_Pallidum (13): linear fit = 1.02 x + 0.0 (1748 voxels, overlap=0.768)
Left_Pallidum (13): linear fit = 1.02 x + 0.0 (1748 voxels, peak = 105), gca=104.5
gca peak = 0.21385 (70)
mri peak = 0.11421 (72)
Right_Hippocampus (53): linear fit = 1.00 x + 0.0 (3017 voxels, overlap=1.002)
Right_Hippocampus (53): linear fit = 1.00 x + 0.0 (3017 voxels, peak = 70), gca=70.0
gca peak = 0.30624 (70)
mri peak = 0.11815 (72)
Left_Hippocampus (17): linear fit = 1.01 x + 0.0 (2688 voxels, overlap=1.001)
Left_Hippocampus (17): linear fit = 1.01 x + 0.0 (2688 voxels, peak = 71), gca=71.0
gca peak = 0.07767 (104)
mri peak = 0.17611 (106)
Right_Cerebral_White_Matter (41): linear fit = 1.00 x + 0.0 (128652 voxels, overlap=0.598)
Right_Cerebral_White_Matter (41): linear fit = 1.00 x + 0.0 (128652 voxels, peak = 104), gca=104.0
gca peak = 0.07908 (105)
mri peak = 0.21691 (106)
Left_Cerebral_White_Matter (2): linear fit = 1.00 x + 0.0 (128688 voxels, overlap=0.492)
Left_Cerebral_White_Matter (2): linear fit = 1.00 x + 0.0 (128688 voxels, peak = 106), gca=105.5
gca peak = 0.07392 (77)
mri peak = 0.05171 (78)
Left_Cerebral_Cortex (3): linear fit = 0.99 x + 0.0 (126405 voxels, overlap=0.878)
Left_Cerebral_Cortex (3): linear fit = 0.99 x + 0.0 (126405 voxels, peak = 76), gca=75.8
gca peak = 0.09081 (75)
mri peak = 0.04966 (74)
Right_Cerebral_Cortex (42): linear fit = 0.99 x + 0.0 (122626 voxels, overlap=0.923)
Right_Cerebral_Cortex (42): linear fit = 0.99 x + 0.0 (122626 voxels, peak = 74), gca=73.9
gca peak = 0.21454 (83)
mri peak = 0.13832 (85)
Right_Caudate (50): linear fit = 0.99 x + 0.0 (2294 voxels, overlap=1.001)
Right_Caudate (50): linear fit = 0.99 x + 0.0 (2294 voxels, peak = 82), gca=81.8
gca peak = 0.14945 (91)
mri peak = 0.13909 (87)
Left_Caudate (11): linear fit = 1.00 x + 0.0 (2161 voxels, overlap=0.917)
Left_Caudate (11): linear fit = 1.00 x + 0.0 (2161 voxels, peak = 91), gca=91.0
gca peak = 0.11373 (70)
mri peak = 0.06574 (72)
Left_Cerebellum_Cortex (8): linear fit = 1.00 x + 0.0 (68493 voxels, overlap=0.959)
Left_Cerebellum_Cortex (8): linear fit = 1.00 x + 0.0 (68493 voxels, peak = 70), gca=70.0
gca peak = 0.12601 (68)
mri peak = 0.06509 (67)
Right_Cerebellum_Cortex (47): linear fit = 0.99 x + 0.0 (74643 voxels, overlap=0.958)
Right_Cerebellum_Cortex (47): linear fit = 0.99 x + 0.0 (74643 voxels, peak = 67), gca=67.0
gca peak = 0.15873 (90)
mri peak = 0.14232 (89)
Left_Cerebellum_White_Matter (7): linear fit = 1.00 x + 0.0 (13926 voxels, overlap=0.864)
Left_Cerebellum_White_Matter (7): linear fit = 1.00 x + 0.0 (13926 voxels, peak = 90), gca=90.0
gca peak = 0.15605 (86)
mri peak = 0.18153 (86)
Right_Cerebellum_White_Matter (46): linear fit = 1.00 x + 0.0 (13089 voxels, overlap=0.796)
Right_Cerebellum_White_Matter (46): linear fit = 1.00 x + 0.0 (13089 voxels, peak = 86), gca=86.0
gca peak = 0.27891 (72)
mri peak = 0.12485 (72)
Left_Amygdala (18): linear fit = 1.01 x + 0.0 (1264 voxels, overlap=1.003)
Left_Amygdala (18): linear fit = 1.01 x + 0.0 (1264 voxels, peak = 73), gca=73.1
gca peak = 0.32019 (70)
mri peak = 0.12291 (71)
Right_Amygdala (54): linear fit = 1.00 x + 0.0 (1314 voxels, overlap=1.001)
Right_Amygdala (54): linear fit = 1.00 x + 0.0 (1314 voxels, peak = 70), gca=70.0
gca peak = 0.09559 (98)
mri peak = 0.08151 (98)
Left_Thalamus_Proper (10): linear fit = 1.00 x + 0.0 (10626 voxels, overlap=0.952)
Left_Thalamus_Proper (10): linear fit = 1.00 x + 0.0 (10626 voxels, peak = 98), gca=98.5
gca peak = 0.10243 (95)
mri peak = 0.08528 (96)
Right_Thalamus_Proper (49): linear fit = 1.00 x + 0.0 (9830 voxels, overlap=0.903)
Right_Thalamus_Proper (49): linear fit = 1.00 x + 0.0 (9830 voxels, peak = 95), gca=95.0
gca peak = 0.07839 (94)
mri peak = 0.10783 (94)
Left_Putamen (12): linear fit = 1.01 x + 0.0 (4485 voxels, overlap=0.755)
Left_Putamen (12): linear fit = 1.01 x + 0.0 (4485 voxels, peak = 95), gca=95.4
gca peak = 0.07854 (88)
mri peak = 0.09609 (92)
Right_Putamen (51): linear fit = 1.00 x + 0.0 (4595 voxels, overlap=0.838)
Right_Putamen (51): linear fit = 1.00 x + 0.0 (4595 voxels, peak = 88), gca=87.6
gca peak = 0.07303 (83)
mri peak = 0.08943 (83)
Brain_Stem (16): linear fit = 1.01 x + 0.0 (27449 voxels, overlap=0.726)
Brain_Stem (16): linear fit = 1.01 x + 0.0 (27449 voxels, peak = 84), gca=84.2
gca peak = 0.13134 (92)
mri peak = 0.09349 (97)
Right_VentralDC (60): linear fit = 1.02 x + 0.0 (3794 voxels, overlap=0.788)
Right_VentralDC (60): linear fit = 1.02 x + 0.0 (3794 voxels, peak = 94), gca=94.3
gca peak = 0.14616 (94)
mri peak = 0.09281 (97)
Left_VentralDC (28): linear fit = 1.00 x + 0.0 (3885 voxels, overlap=0.880)
Left_VentralDC (28): linear fit = 1.00 x + 0.0 (3885 voxels, peak = 94), gca=94.5
gca peak = 0.16817 (30)
mri peak = 0.18847 (29)
Third_Ventricle (14): linear fit = 1.01 x + 0.0 (248 voxels, overlap=0.810)
Third_Ventricle (14): linear fit = 1.01 x + 0.0 (248 voxels, peak = 30), gca=30.4
gca peak = 0.15119 (20)
mri peak = 0.17990 (27)
Fourth_Ventricle (15): linear fit = 1.27 x + 0.0 (409 voxels, overlap=0.379)
Fourth_Ventricle (15): linear fit = 1.27 x + 0.0 (409 voxels, peak = 26), gca=25.5
gca peak Unknown = 0.94835 ( 0)
gca peak Left_Inf_Lat_Vent = 0.14004 (33)
gca peak Left_Thalamus = 0.36646 (103)
gca peak CSF = 0.23765 (49)
gca peak Left_Accumbens_area = 0.63261 (73)
gca peak Left_undetermined = 0.95280 (31)
gca peak Left_vessel = 0.75997 (52)
gca peak Left_choroid_plexus = 0.12536 (35)
gca peak Right_Inf_Lat_Vent = 0.19572 (29)
gca peak Right_Accumbens_area = 0.29938 (82)
gca peak Right_vessel = 0.82168 (52)
gca peak Right_choroid_plexus = 0.14506 (37)
gca peak Fifth_Ventricle = 0.75707 (42)
gca peak WM_hypointensities = 0.08224 (77)
gca peak non_WM_hypointensities = 0.12165 (55)
gca peak Optic_Chiasm = 0.68714 (75)
not using caudate to estimate GM means
estimating mean gm scale to be 1.00 x + 0.0
estimating mean wm scale to be 1.00 x + 0.0
estimating mean csf scale to be 1.18 x + 0.0
Left_Putamen too bright - rescaling by 0.988 (from 1.015) to 94.3 (was 95.4)
Left_Pallidum too bright - rescaling by 0.972 (from 1.025) to 101.6 (was 104.5)
Right_Pallidum too bright - rescaling by 0.991 (from 1.005) to 101.6 (was 102.5)
saving intensity scales to aseg.auto_noCCseg.label_intensities.txt
saving sequentially combined intensity scales to aseg.auto_noCCseg.label_intensities.txt
151440 voxels changed in iteration 0 of unlikely voxel relabeling
1240 voxels changed in iteration 1 of unlikely voxel relabeling
88 voxels changed in iteration 2 of unlikely voxel relabeling
16 voxels changed in iteration 3 of unlikely voxel relabeling
0 voxels changed in iteration 4 of unlikely voxel relabeling
117085 gm and wm labels changed (%35 to gray, %65 to white out of all changed labels)
628 hippocampal voxels changed.
0 amygdala voxels changed.
pass 1: 132314 changed. image ll: -2.152, PF=0.500
pass 2: 41316 changed. image ll: -2.151, PF=0.500
pass 3: 14002 changed.
pass 4: 5834 changed.
pass 5: 2808 changed.
143156 voxels changed in iteration 0 of unlikely voxel relabeling
1278 voxels changed in iteration 1 of unlikely voxel relabeling
129 voxels changed in iteration 2 of unlikely voxel relabeling
18 voxels changed in iteration 3 of unlikely voxel relabeling
6 voxels changed in iteration 4 of unlikely voxel relabeling
15112 voxels changed in iteration 0 of unlikely voxel relabeling
336 voxels changed in iteration 1 of unlikely voxel relabeling
33 voxels changed in iteration 2 of unlikely voxel relabeling
3 voxels changed in iteration 3 of unlikely voxel relabeling
0 voxels changed in iteration 4 of unlikely voxel relabeling
13472 voxels changed in iteration 0 of unlikely voxel relabeling
135 voxels changed in iteration 1 of unlikely voxel relabeling
2 voxels changed in iteration 2 of unlikely voxel relabeling
0 voxels changed in iteration 3 of unlikely voxel relabeling
13682 voxels changed in iteration 0 of unlikely voxel relabeling
84 voxels changed in iteration 1 of unlikely voxel relabeling
4 voxels changed in iteration 2 of unlikely voxel relabeling
0 voxels changed in iteration 3 of unlikely voxel relabeling
MRItoUCHAR: min=0, max=85
MRItoUCHAR: converting to UCHAR
writing labeled volume to aseg.auto_noCCseg.mgz
mri_ca_label utimesec    7759.682849
mri_ca_label stimesec    391.370695
mri_ca_label ru_maxrss   3090432
mri_ca_label ru_ixrss    0
mri_ca_label ru_idrss    0
mri_ca_label ru_isrss    0
mri_ca_label ru_minflt   326892267
mri_ca_label ru_majflt   0
mri_ca_label ru_nswap    0
mri_ca_label ru_inblock  0
mri_ca_label ru_oublock  808
mri_ca_label ru_msgsnd   0
mri_ca_label ru_msgrcv   0
mri_ca_label ru_nsignals 0
mri_ca_label ru_nvcsw    10240
mri_ca_label ru_nivcsw   977676
auto-labeling took 132 minutes and 7 seconds.

 mri_cc -aseg aseg.auto_noCCseg.mgz -o aseg.auto.mgz -lta /home/stone-ext1/freesurfer/subjects/FS6EXPERT_subj01/mri/transforms/cc_up.lta FS6EXPERT_subj01 

will read input aseg from aseg.auto_noCCseg.mgz
writing aseg with cc labels to aseg.auto.mgz
will write lta as /home/stone-ext1/freesurfer/subjects/FS6EXPERT_subj01/mri/transforms/cc_up.lta
reading aseg from /home/stone-ext1/freesurfer/subjects/FS6EXPERT_subj01/mri/aseg.auto_noCCseg.mgz
reading norm from /home/stone-ext1/freesurfer/subjects/FS6EXPERT_subj01/mri/norm.mgz
78873 voxels in left wm, 117470 in right wm, xrange [153, 166]
searching rotation angles z=[-8  6], y=[-9  5]
searching scale 1 Z rot -8.3  searching scale 1 Z rot -8.0  searching scale 1 Z rot -7.8  searching scale 1 Z rot -7.5  searching scale 1 Z rot -7.3  searching scale 1 Z rot -7.0  searching scale 1 Z rot -6.8  searching scale 1 Z rot -6.5  searching scale 1 Z rot -6.3  searching scale 1 Z rot -6.0  searching scale 1 Z rot -5.8  searching scale 1 Z rot -5.5  searching scale 1 Z rot -5.3  searching scale 1 Z rot -5.0  searching scale 1 Z rot -4.8  searching scale 1 Z rot -4.5  searching scale 1 Z rot -4.3  searching scale 1 Z rot -4.0  searching scale 1 Z rot -3.8  searching scale 1 Z rot -3.5  searching scale 1 Z rot -3.3  searching scale 1 Z rot -3.0  searching scale 1 Z rot -2.8  searching scale 1 Z rot -2.5  searching scale 1 Z rot -2.3  searching scale 1 Z rot -2.0  searching scale 1 Z rot -1.8  searching scale 1 Z rot -1.5  searching scale 1 Z rot -1.3  searching scale 1 Z rot -1.0  searching scale 1 Z rot -0.8  searching scale 1 Z rot -0.5  searching scale 1 Z rot -0.3  searching scale 1 Z rot -0.0  searching scale 1 Z rot 0.2  searching scale 1 Z rot 0.5  searching scale 1 Z rot 0.7  searching scale 1 Z rot 1.0  searching scale 1 Z rot 1.2  searching scale 1 Z rot 1.5  searching scale 1 Z rot 1.7  searching scale 1 Z rot 2.0  searching scale 1 Z rot 2.2  searching scale 1 Z rot 2.5  searching scale 1 Z rot 2.7  searching scale 1 Z rot 3.0  searching scale 1 Z rot 3.2  searching scale 1 Z rot 3.5  searching scale 1 Z rot 3.7  searching scale 1 Z rot 4.0  searching scale 1 Z rot 4.2  searching scale 1 Z rot 4.5  searching scale 1 Z rot 4.7  searching scale 1 Z rot 5.0  searching scale 1 Z rot 5.2  searching scale 1 Z rot 5.5  searching scale 1 Z rot 5.7  global minimum found at slice 160.0, rotations (-1.41, -1.02)
final transformation (x=160.0, yr=-1.410, zr=-1.022):
 0.99954   0.01783  -0.02460  -30.57174;
-0.01783   0.99984   0.00044  -0.19258;
 0.02461  -0.00000   0.99970  -25.89175;
 0.00000   0.00000   0.00000   1.00000;
updating x range to be [127, 131] in xformed coordinates
best xformed slice 129
cc center is found at 129 131 150
eigenvectors:
 0.00078  -0.00617  -0.99998;
 0.00079  -0.99998   0.00617;
 1.00000   0.00080   0.00077;
writing aseg with callosum to /home/stone-ext1/freesurfer/subjects/FS6EXPERT_subj01/mri/aseg.auto.mgz...
corpus callosum segmentation took 1.8 minutes
#--------------------------------------
#@# Merge ASeg Wed May  8 18:11:40 CDT 2019

 cp aseg.auto.mgz aseg.presurf.mgz 

#--------------------------------------------
#@# Intensity Normalization2 Wed May  8 18:11:40 CDT 2019
/home/stone-ext1/freesurfer/subjects/FS6EXPERT_subj01/mri

 mri_normalize -mprage -noconform -aseg aseg.presurf.mgz -mask brainmask.mgz norm.mgz brain.mgz 

assuming input volume is MGH (Van der Kouwe) MP-RAGE
not interpolating and embedding volume to be 256^3...
using segmentation for initial intensity normalization
using MR volume brainmask.mgz to mask input volume...
reading from norm.mgz...
Reading aseg aseg.presurf.mgz
normalizing image...
processing with aseg
removing outliers in the aseg WM...
423 control points removed
Building bias image
building Voronoi diagram...
performing soap bubble smoothing, sigma = 0...
Smoothing with sigma 8
Applying bias correction
building Voronoi diagram...
performing soap bubble smoothing, sigma = 8...

Iterating 2 times
---------------------------------
3d normalization pass 1 of 2
white matter peak found at 110
white matter peak found at 110
gm peak at 81 (81), valley at 50 (50)
csf peak at 31, setting threshold to 64
building Voronoi diagram...
performing soap bubble smoothing, sigma = 8...
---------------------------------
3d normalization pass 2 of 2
white matter peak found at 110
white matter peak found at 110
gm peak at 81 (81), valley at 49 (49)
csf peak at 32, setting threshold to 64
building Voronoi diagram...
performing soap bubble smoothing, sigma = 8...
Done iterating ---------------------------------
writing output to brain.mgz
3D bias adjustment took 6 minutes and 52 seconds.
#--------------------------------------------
#@# Mask BFS Wed May  8 18:18:34 CDT 2019
/home/stone-ext1/freesurfer/subjects/FS6EXPERT_subj01/mri

 mri_mask -T 5 brain.mgz brainmask.mgz brain.finalsurfs.mgz 

threshold mask volume at 5
DoAbs = 0
Found 3421116 voxels in mask (pct= 10.44)
Writing masked volume to brain.finalsurfs.mgz...done.
#--------------------------------------------
#@# WM Segmentation Wed May  8 18:18:36 CDT 2019

 mri_segment -mprage brain.mgz wm.seg.mgz 

doing initial intensity segmentation...
using local statistics to label ambiguous voxels...
computing class statistics for intensity windows...
WM (104.0): 103.6 +- 5.7 [79.0 --> 125.0]
GM (81.0) : 79.0 +- 10.4 [30.0 --> 95.0]
setting bottom of white matter range to 89.4
setting top of gray matter range to 99.7
doing initial intensity segmentation...
using local statistics to label ambiguous voxels...
using local geometry to label remaining ambiguous voxels...

reclassifying voxels using Gaussian border classifier...

removing voxels with positive offset direction...
smoothing T1 volume with sigma = 0.250
removing 1-dimensional structures...
thickening thin strands....
20 segments, 5812 filled
750 bright non-wm voxels segmented.
3818 diagonally connected voxels added...
white matter segmentation took 3.1 minutes
writing output to wm.seg.mgz...
assuming input volume is MGH (Van der Kouwe) MP-RAGE

 mri_edit_wm_with_aseg -keep-in wm.seg.mgz brain.mgz aseg.presurf.mgz wm.asegedit.mgz 

preserving editing changes in input volume...
auto filling took 0.89 minutes
reading wm segmentation from wm.seg.mgz...
144 voxels added to wm to prevent paths from MTL structures to cortex
7591 additional wm voxels added
0 additional wm voxels added
SEG EDIT: 71421 voxels turned on, 83635 voxels turned off.
propagating editing to output volume from wm.seg.mgz
115,126,128 old 94   new 94
115,126,128 old 94   new 94
writing edited volume to wm.asegedit.mgz....

 mri_pretess wm.asegedit.mgz wm norm.mgz wm.mgz 


Iteration Number : 1
pass   1 (xy+):  33 found -  33 modified     |    TOTAL:  33
pass   2 (xy+):   0 found -  33 modified     |    TOTAL:  33
pass   1 (xy-):  24 found -  24 modified     |    TOTAL:  57
pass   2 (xy-):   0 found -  24 modified     |    TOTAL:  57
pass   1 (yz+):  25 found -  25 modified     |    TOTAL:  82
pass   2 (yz+):   0 found -  25 modified     |    TOTAL:  82
pass   1 (yz-):  28 found -  28 modified     |    TOTAL: 110
pass   2 (yz-):   0 found -  28 modified     |    TOTAL: 110
pass   1 (xz+):  15 found -  15 modified     |    TOTAL: 125
pass   2 (xz+):   0 found -  15 modified     |    TOTAL: 125
pass   1 (xz-):  33 found -  33 modified     |    TOTAL: 158
pass   2 (xz-):   0 found -  33 modified     |    TOTAL: 158
Iteration Number : 1
pass   1 (+++):  13 found -  13 modified     |    TOTAL:  13
pass   2 (+++):   0 found -  13 modified     |    TOTAL:  13
pass   1 (+++):  18 found -  18 modified     |    TOTAL:  31
pass   2 (+++):   0 found -  18 modified     |    TOTAL:  31
pass   1 (+++):   6 found -   6 modified     |    TOTAL:  37
pass   2 (+++):   0 found -   6 modified     |    TOTAL:  37
pass   1 (+++):   8 found -   8 modified     |    TOTAL:  45
pass   2 (+++):   0 found -   8 modified     |    TOTAL:  45
Iteration Number : 1
pass   1 (++):  92 found -  92 modified     |    TOTAL:  92
pass   2 (++):   0 found -  92 modified     |    TOTAL:  92
pass   1 (+-):  79 found -  79 modified     |    TOTAL: 171
pass   2 (+-):   0 found -  79 modified     |    TOTAL: 171
pass   1 (--):  68 found -  68 modified     |    TOTAL: 239
pass   2 (--):   0 found -  68 modified     |    TOTAL: 239
pass   1 (-+):  81 found -  81 modified     |    TOTAL: 320
pass   2 (-+):   0 found -  81 modified     |    TOTAL: 320
Iteration Number : 2
pass   1 (xy+):   3 found -   3 modified     |    TOTAL:   3
pass   2 (xy+):   0 found -   3 modified     |    TOTAL:   3
pass   1 (xy-):   3 found -   3 modified     |    TOTAL:   6
pass   2 (xy-):   0 found -   3 modified     |    TOTAL:   6
pass   1 (yz+):   4 found -   4 modified     |    TOTAL:  10
pass   2 (yz+):   0 found -   4 modified     |    TOTAL:  10
pass   1 (yz-):   1 found -   1 modified     |    TOTAL:  11
pass   2 (yz-):   0 found -   1 modified     |    TOTAL:  11
pass   1 (xz+):   5 found -   5 modified     |    TOTAL:  16
pass   2 (xz+):   0 found -   5 modified     |    TOTAL:  16
pass   1 (xz-):   2 found -   2 modified     |    TOTAL:  18
pass   2 (xz-):   0 found -   2 modified     |    TOTAL:  18
Iteration Number : 2
pass   1 (+++):   2 found -   2 modified     |    TOTAL:   2
pass   2 (+++):   0 found -   2 modified     |    TOTAL:   2
pass   1 (+++):   2 found -   2 modified     |    TOTAL:   4
pass   2 (+++):   0 found -   2 modified     |    TOTAL:   4
pass   1 (+++):   0 found -   0 modified     |    TOTAL:   4
pass   1 (+++):   0 found -   0 modified     |    TOTAL:   4
Iteration Number : 2
pass   1 (++):   1 found -   1 modified     |    TOTAL:   1
pass   2 (++):   0 found -   1 modified     |    TOTAL:   1
pass   1 (+-):   0 found -   0 modified     |    TOTAL:   1
pass   1 (--):   3 found -   3 modified     |    TOTAL:   4
pass   2 (--):   0 found -   3 modified     |    TOTAL:   4
pass   1 (-+):   2 found -   2 modified     |    TOTAL:   6
pass   2 (-+):   0 found -   2 modified     |    TOTAL:   6
Iteration Number : 3
pass   1 (xy+):   0 found -   0 modified     |    TOTAL:   0
pass   1 (xy-):   0 found -   0 modified     |    TOTAL:   0
pass   1 (yz+):   0 found -   0 modified     |    TOTAL:   0
pass   1 (yz-):   0 found -   0 modified     |    TOTAL:   0
pass   1 (xz+):   0 found -   0 modified     |    TOTAL:   0
pass   1 (xz-):   0 found -   0 modified     |    TOTAL:   0
Iteration Number : 3
pass   1 (+++):   0 found -   0 modified     |    TOTAL:   0
pass   1 (+++):   0 found -   0 modified     |    TOTAL:   0
pass   1 (+++):   0 found -   0 modified     |    TOTAL:   0
pass   1 (+++):   0 found -   0 modified     |    TOTAL:   0
Iteration Number : 3
pass   1 (++):   0 found -   0 modified     |    TOTAL:   0
pass   1 (+-):   0 found -   0 modified     |    TOTAL:   0
pass   1 (--):   0 found -   0 modified     |    TOTAL:   0
pass   1 (-+):   0 found -   0 modified     |    TOTAL:   0

Total Number of Modified Voxels = 551 (out of 1043367: 0.052810)
binarizing input wm segmentation...
Ambiguous edge configurations... 

mri_pretess done

#--------------------------------------------
#@# Fill Wed May  8 18:22:39 CDT 2019
/home/stone-ext1/freesurfer/subjects/FS6EXPERT_subj01/mri

 mri_fill -a ../scripts/ponscc.cut.log -xform transforms/talairach.lta -segmentation aseg.auto_noCCseg.mgz wm.mgz filled.mgz 

logging cutting plane coordinates to ../scripts/ponscc.cut.log...
INFO: Using transforms/talairach.lta and its offset for Talairach volume ...
using segmentation aseg.auto_noCCseg.mgz...
reading input volume...done.
searching for cutting planes...voxel to talairach voxel transform
 1.07221   0.06931  -0.02075  -21.58572;
-0.05309   1.01265   0.02947  -5.34529;
 0.02550  -0.03209   0.95675  -13.15640;
 0.00000   0.00000   0.00000   1.00000;
voxel to talairach voxel transform
 1.07221   0.06931  -0.02075  -21.58572;
-0.05309   1.01265   0.02947  -5.34529;
 0.02550  -0.03209   0.95675  -13.15640;
 0.00000   0.00000   0.00000   1.00000;
reading segmented volume aseg.auto_noCCseg.mgz...
Looking for area (min, max) = (546, 2188)
area[0] = 1491 (min = 546, max = 2188), aspect = 0.43 (min = 0.10, max = 0.75)
no need to search
using seed (158, 146, 113), TAL = (1.6, -37.6, 11.2)
talairach voxel to voxel transform
 0.92901  -0.06288   0.02209   20.00780;
 0.04937   0.98320  -0.02921   5.93686;
-0.02310   0.03465   1.04364   13.41711;
 0.00000   0.00000   0.00000   1.00000;
segmentation indicates cc at (158,  146,  113) --> (1.6, -37.6, 11.2)
done.
writing output to filled.mgz...
filling took 1.4 minutes
talairach cc position changed to (1.60, -37.60, 11.20)
Erasing brainstem...done.
seed_search_size = 12, min_neighbors = 5
search rh wm seed point around talairach space:(19.60, -37.60, 11.20) SRC: (139.20, 152.87, 133.28)
search lh wm seed point around talairach space (-16.40, -37.60, 11.20), SRC: (181.01, 155.09, 132.24)
compute mri_fill using aseg
Erasing Brain Stem and Cerebellum ...
Define left and right masks using aseg:
Building Voronoi diagram ...
Using the Voronoi diagram to separate WM into two hemispheres ...
Find the largest connected component for each hemisphere ...
#--------------------------------------------
#@# Tessellate lh Wed May  8 18:24:02 CDT 2019
/home/stone-ext1/freesurfer/subjects/FS6EXPERT_subj01/scripts

 mri_pretess ../mri/filled.mgz 255 ../mri/norm.mgz ../mri/filled-pretess255.mgz 


Iteration Number : 1
pass   1 (xy+):   2 found -   2 modified     |    TOTAL:   2
pass   2 (xy+):   0 found -   2 modified     |    TOTAL:   2
pass   1 (xy-):   5 found -   5 modified     |    TOTAL:   7
pass   2 (xy-):   0 found -   5 modified     |    TOTAL:   7
pass   1 (yz+):   2 found -   2 modified     |    TOTAL:   9
pass   2 (yz+):   0 found -   2 modified     |    TOTAL:   9
pass   1 (yz-):   1 found -   1 modified     |    TOTAL:  10
pass   2 (yz-):   0 found -   1 modified     |    TOTAL:  10
pass   1 (xz+):   0 found -   0 modified     |    TOTAL:  10
pass   1 (xz-):   0 found -   0 modified     |    TOTAL:  10
Iteration Number : 1
pass   1 (+++):   2 found -   2 modified     |    TOTAL:   2
pass   2 (+++):   0 found -   2 modified     |    TOTAL:   2
pass   1 (+++):   0 found -   0 modified     |    TOTAL:   2
pass   1 (+++):   0 found -   0 modified     |    TOTAL:   2
pass   1 (+++):   0 found -   0 modified     |    TOTAL:   2
Iteration Number : 1
pass   1 (++):   1 found -   1 modified     |    TOTAL:   1
pass   2 (++):   0 found -   1 modified     |    TOTAL:   1
pass   1 (+-):   1 found -   1 modified     |    TOTAL:   2
pass   2 (+-):   0 found -   1 modified     |    TOTAL:   2
pass   1 (--):   0 found -   0 modified     |    TOTAL:   2
pass   1 (-+):   1 found -   1 modified     |    TOTAL:   3
pass   2 (-+):   0 found -   1 modified     |    TOTAL:   3
Iteration Number : 2
pass   1 (xy+):   0 found -   0 modified     |    TOTAL:   0
pass   1 (xy-):   0 found -   0 modified     |    TOTAL:   0
pass   1 (yz+):   0 found -   0 modified     |    TOTAL:   0
pass   1 (yz-):   0 found -   0 modified     |    TOTAL:   0
pass   1 (xz+):   1 found -   1 modified     |    TOTAL:   1
pass   2 (xz+):   0 found -   1 modified     |    TOTAL:   1
pass   1 (xz-):   0 found -   0 modified     |    TOTAL:   1
Iteration Number : 2
pass   1 (+++):   0 found -   0 modified     |    TOTAL:   0
pass   1 (+++):   0 found -   0 modified     |    TOTAL:   0
pass   1 (+++):   0 found -   0 modified     |    TOTAL:   0
pass   1 (+++):   0 found -   0 modified     |    TOTAL:   0
Iteration Number : 2
pass   1 (++):   0 found -   0 modified     |    TOTAL:   0
pass   1 (+-):   0 found -   0 modified     |    TOTAL:   0
pass   1 (--):   1 found -   1 modified     |    TOTAL:   1
pass   2 (--):   0 found -   1 modified     |    TOTAL:   1
pass   1 (-+):   0 found -   0 modified     |    TOTAL:   1
Iteration Number : 3
pass   1 (xy+):   0 found -   0 modified     |    TOTAL:   0
pass   1 (xy-):   0 found -   0 modified     |    TOTAL:   0
pass   1 (yz+):   0 found -   0 modified     |    TOTAL:   0
pass   1 (yz-):   0 found -   0 modified     |    TOTAL:   0
pass   1 (xz+):   0 found -   0 modified     |    TOTAL:   0
pass   1 (xz-):   0 found -   0 modified     |    TOTAL:   0
Iteration Number : 3
pass   1 (+++):   0 found -   0 modified     |    TOTAL:   0
pass   1 (+++):   0 found -   0 modified     |    TOTAL:   0
pass   1 (+++):   0 found -   0 modified     |    TOTAL:   0
pass   1 (+++):   0 found -   0 modified     |    TOTAL:   0
Iteration Number : 3
pass   1 (++):   0 found -   0 modified     |    TOTAL:   0
pass   1 (+-):   0 found -   0 modified     |    TOTAL:   0
pass   1 (--):   0 found -   0 modified     |    TOTAL:   0
pass   1 (-+):   0 found -   0 modified     |    TOTAL:   0

Total Number of Modified Voxels = 17 (out of 505367: 0.003364)
Ambiguous edge configurations... 

mri_pretess done


 mri_tessellate ../mri/filled-pretess255.mgz 255 ../surf/lh.orig.nofix 

$Id: mri_tessellate.c,v 1.38.2.1 2016/07/26 18:46:38 zkaufman Exp $
  $Id: mrisurf.c,v 1.781.2.6 2016/12/27 16:47:14 zkaufman Exp $
slice 60: 3538 vertices, 3766 faces
slice 70: 11673 vertices, 11983 faces
slice 80: 22028 vertices, 22463 faces
slice 90: 35273 vertices, 35752 faces
slice 100: 49279 vertices, 49736 faces
slice 110: 63086 vertices, 63566 faces
slice 120: 76388 vertices, 76869 faces
slice 130: 90207 vertices, 90728 faces
slice 140: 105433 vertices, 105926 faces
slice 150: 120084 vertices, 120636 faces
slice 160: 134411 vertices, 134907 faces
slice 170: 148869 vertices, 149411 faces
slice 180: 162409 vertices, 162902 faces
slice 190: 174899 vertices, 175372 faces
slice 200: 184914 vertices, 185308 faces
slice 210: 193846 vertices, 194207 faces
slice 220: 202463 vertices, 202797 faces
slice 230: 210462 vertices, 210809 faces
slice 240: 217761 vertices, 218057 faces
slice 250: 223732 vertices, 223981 faces
slice 260: 227631 vertices, 227754 faces
slice 270: 228348 vertices, 228400 faces
slice 280: 228348 vertices, 228400 faces
slice 290: 228348 vertices, 228400 faces
slice 300: 228348 vertices, 228400 faces
slice 310: 228348 vertices, 228400 faces
slice 320: 228348 vertices, 228400 faces
using the conformed surface RAS to save vertex points...
writing ../surf/lh.orig.nofix
using vox2ras matrix:
-0.80000   0.00000   0.00000   128.00000;
 0.00000   0.00000   0.80000  -128.00000;
 0.00000  -0.80000   0.00000   128.00000;
 0.00000   0.00000   0.00000   1.00000;

 rm -f ../mri/filled-pretess255.mgz 


 mris_extract_main_component ../surf/lh.orig.nofix ../surf/lh.orig.nofix 


counting number of connected components...
   228348 voxel in cpt #1: X=-52 [v=228348,e=685200,f=456800] located at (-26.546703, -9.944892, 8.822918)
For the whole surface: X=-52 [v=228348,e=685200,f=456800]
One single component has been found
nothing to do
done

#--------------------------------------------
#@# Tessellate rh Wed May  8 18:24:11 CDT 2019
/home/stone-ext1/freesurfer/subjects/FS6EXPERT_subj01/scripts

 mri_pretess ../mri/filled.mgz 127 ../mri/norm.mgz ../mri/filled-pretess127.mgz 


Iteration Number : 1
pass   1 (xy+):   4 found -   4 modified     |    TOTAL:   4
pass   2 (xy+):   0 found -   4 modified     |    TOTAL:   4
pass   1 (xy-):   0 found -   0 modified     |    TOTAL:   4
pass   1 (yz+):   1 found -   1 modified     |    TOTAL:   5
pass   2 (yz+):   0 found -   1 modified     |    TOTAL:   5
pass   1 (yz-):   1 found -   1 modified     |    TOTAL:   6
pass   2 (yz-):   0 found -   1 modified     |    TOTAL:   6
pass   1 (xz+):   0 found -   0 modified     |    TOTAL:   6
pass   1 (xz-):   3 found -   3 modified     |    TOTAL:   9
pass   2 (xz-):   0 found -   3 modified     |    TOTAL:   9
Iteration Number : 1
pass   1 (+++):   0 found -   0 modified     |    TOTAL:   0
pass   1 (+++):   0 found -   0 modified     |    TOTAL:   0
pass   1 (+++):   0 found -   0 modified     |    TOTAL:   0
pass   1 (+++):   0 found -   0 modified     |    TOTAL:   0
Iteration Number : 1
pass   1 (++):   0 found -   0 modified     |    TOTAL:   0
pass   1 (+-):   0 found -   0 modified     |    TOTAL:   0
pass   1 (--):   1 found -   1 modified     |    TOTAL:   1
pass   2 (--):   0 found -   1 modified     |    TOTAL:   1
pass   1 (-+):   3 found -   3 modified     |    TOTAL:   4
pass   2 (-+):   0 found -   3 modified     |    TOTAL:   4
Iteration Number : 2
pass   1 (xy+):   0 found -   0 modified     |    TOTAL:   0
pass   1 (xy-):   0 found -   0 modified     |    TOTAL:   0
pass   1 (yz+):   1 found -   1 modified     |    TOTAL:   1
pass   2 (yz+):   0 found -   1 modified     |    TOTAL:   1
pass   1 (yz-):   0 found -   0 modified     |    TOTAL:   1
pass   1 (xz+):   0 found -   0 modified     |    TOTAL:   1
pass   1 (xz-):   1 found -   1 modified     |    TOTAL:   2
pass   2 (xz-):   0 found -   1 modified     |    TOTAL:   2
Iteration Number : 2
pass   1 (+++):   0 found -   0 modified     |    TOTAL:   0
pass   1 (+++):   0 found -   0 modified     |    TOTAL:   0
pass   1 (+++):   0 found -   0 modified     |    TOTAL:   0
pass   1 (+++):   0 found -   0 modified     |    TOTAL:   0
Iteration Number : 2
pass   1 (++):   0 found -   0 modified     |    TOTAL:   0
pass   1 (+-):   0 found -   0 modified     |    TOTAL:   0
pass   1 (--):   0 found -   0 modified     |    TOTAL:   0
pass   1 (-+):   1 found -   1 modified     |    TOTAL:   1
pass   2 (-+):   0 found -   1 modified     |    TOTAL:   1
Iteration Number : 3
pass   1 (xy+):   0 found -   0 modified     |    TOTAL:   0
pass   1 (xy-):   0 found -   0 modified     |    TOTAL:   0
pass   1 (yz+):   0 found -   0 modified     |    TOTAL:   0
pass   1 (yz-):   0 found -   0 modified     |    TOTAL:   0
pass   1 (xz+):   0 found -   0 modified     |    TOTAL:   0
pass   1 (xz-):   0 found -   0 modified     |    TOTAL:   0
Iteration Number : 3
pass   1 (+++):   0 found -   0 modified     |    TOTAL:   0
pass   1 (+++):   0 found -   0 modified     |    TOTAL:   0
pass   1 (+++):   0 found -   0 modified     |    TOTAL:   0
pass   1 (+++):   0 found -   0 modified     |    TOTAL:   0
Iteration Number : 3
pass   1 (++):   0 found -   0 modified     |    TOTAL:   0
pass   1 (+-):   0 found -   0 modified     |    TOTAL:   0
pass   1 (--):   0 found -   0 modified     |    TOTAL:   0
pass   1 (-+):   0 found -   0 modified     |    TOTAL:   0

Total Number of Modified Voxels = 16 (out of 500252: 0.003198)
Ambiguous edge configurations... 

mri_pretess done


 mri_tessellate ../mri/filled-pretess127.mgz 127 ../surf/rh.orig.nofix 

$Id: mri_tessellate.c,v 1.38.2.1 2016/07/26 18:46:38 zkaufman Exp $
  $Id: mrisurf.c,v 1.781.2.6 2016/12/27 16:47:14 zkaufman Exp $
slice 60: 697 vertices, 790 faces
slice 70: 5875 vertices, 6113 faces
slice 80: 14321 vertices, 14659 faces
slice 90: 24469 vertices, 24898 faces
slice 100: 37191 vertices, 37689 faces
slice 110: 51047 vertices, 51533 faces
slice 120: 65574 vertices, 66015 faces
slice 130: 78433 vertices, 78913 faces
slice 140: 94552 vertices, 95086 faces
slice 150: 109755 vertices, 110275 faces
slice 160: 124768 vertices, 125305 faces
slice 170: 138935 vertices, 139461 faces
slice 180: 152702 vertices, 153179 faces
slice 190: 165904 vertices, 166403 faces
slice 200: 176991 vertices, 177374 faces
slice 210: 186264 vertices, 186629 faces
slice 220: 195507 vertices, 195857 faces
slice 230: 203907 vertices, 204260 faces
slice 240: 211917 vertices, 212180 faces
slice 250: 218640 vertices, 218922 faces
slice 260: 223845 vertices, 224033 faces
slice 270: 224778 vertices, 224834 faces
slice 280: 224778 vertices, 224834 faces
slice 290: 224778 vertices, 224834 faces
slice 300: 224778 vertices, 224834 faces
slice 310: 224778 vertices, 224834 faces
slice 320: 224778 vertices, 224834 faces
using the conformed surface RAS to save vertex points...
writing ../surf/rh.orig.nofix
using vox2ras matrix:
-0.80000   0.00000   0.00000   128.00000;
 0.00000   0.00000   0.80000  -128.00000;
 0.00000  -0.80000   0.00000   128.00000;
 0.00000   0.00000   0.00000   1.00000;

 rm -f ../mri/filled-pretess127.mgz 


 mris_extract_main_component ../surf/rh.orig.nofix ../surf/rh.orig.nofix 


counting number of connected components...
   224778 voxel in cpt #1: X=-56 [v=224778,e=674502,f=449668] located at (26.446306, -5.103342, 9.935275)
For the whole surface: X=-56 [v=224778,e=674502,f=449668]
One single component has been found
nothing to do
done

#--------------------------------------------
#@# Smooth1 lh Wed May  8 18:24:21 CDT 2019
/home/stone-ext1/freesurfer/subjects/FS6EXPERT_subj01/scripts

 mris_smooth -nw -seed 1234 ../surf/lh.orig.nofix ../surf/lh.smoothwm.nofix 

setting seed for random number generator to 1234
smoothing surface tessellation for 10 iterations...
smoothing complete - recomputing first and second fundamental forms...
#--------------------------------------------
#@# Smooth1 rh Wed May  8 18:24:31 CDT 2019
/home/stone-ext1/freesurfer/subjects/FS6EXPERT_subj01/scripts

 mris_smooth -nw -seed 1234 ../surf/rh.orig.nofix ../surf/rh.smoothwm.nofix 

setting seed for random number generator to 1234
smoothing surface tessellation for 10 iterations...
smoothing complete - recomputing first and second fundamental forms...
#--------------------------------------------
#@# Inflation1 lh Wed May  8 18:24:39 CDT 2019
/home/stone-ext1/freesurfer/subjects/FS6EXPERT_subj01/scripts

 mris_inflate -no-save-sulc -n 50 ../surf/lh.smoothwm.nofix ../surf/lh.inflated.nofix 

niterations = 50
Not saving sulc
Reading ../surf/lh.smoothwm.nofix
avg radius = 48.3 mm, total surface area = 81755 mm^2
writing inflated surface to ../surf/lh.inflated.nofix
inflation took 2.4 minutes
step 000: RMS=0.136 (target=0.015)   step 005: RMS=0.105 (target=0.015)   step 010: RMS=0.078 (target=0.015)   step 015: RMS=0.066 (target=0.015)   step 020: RMS=0.057 (target=0.015)   step 025: RMS=0.050 (target=0.015)   step 030: RMS=0.045 (target=0.015)   step 035: RMS=0.041 (target=0.015)   step 040: RMS=0.037 (target=0.015)   step 045: RMS=0.035 (target=0.015)   step 050: RMS=0.034 (target=0.015)   step 055: RMS=0.032 (target=0.015)   step 060: RMS=0.031 (target=0.015)   step 065: RMS=0.031 (target=0.015)   step 070: RMS=0.030 (target=0.015)   step 075: RMS=0.030 (target=0.015)   step 080: RMS=0.030 (target=0.015)   step 085: RMS=0.029 (target=0.015)   step 090: RMS=0.029 (target=0.015)   step 095: RMS=0.029 (target=0.015)   step 100: RMS=0.028 (target=0.015)   step 105: RMS=0.028 (target=0.015)   step 110: RMS=0.028 (target=0.015)   step 115: RMS=0.028 (target=0.015)   step 120: RMS=0.028 (target=0.015)   step 125: RMS=0.028 (target=0.015)   step 130: RMS=0.027 (target=0.015)   step 135: RMS=0.027 (target=0.015)   step 140: RMS=0.027 (target=0.015)   step 145: RMS=0.027 (target=0.015)   step 150: RMS=0.027 (target=0.015)   step 155: RMS=0.027 (target=0.015)   step 160: RMS=0.027 (target=0.015)   step 165: RMS=0.027 (target=0.015)   step 170: RMS=0.027 (target=0.015)   step 175: RMS=0.027 (target=0.015)   step 180: RMS=0.027 (target=0.015)   step 185: RMS=0.027 (target=0.015)   step 190: RMS=0.027 (target=0.015)   step 195: RMS=0.026 (target=0.015)   step 200: RMS=0.026 (target=0.015)   step 205: RMS=0.026 (target=0.015)   step 210: RMS=0.026 (target=0.015)   step 215: RMS=0.026 (target=0.015)   step 220: RMS=0.026 (target=0.015)   step 225: RMS=0.026 (target=0.015)   step 230: RMS=0.026 (target=0.015)   step 235: RMS=0.026 (target=0.015)   step 240: RMS=0.026 (target=0.015)   step 245: RMS=0.026 (target=0.015)   step 250: RMS=0.026 (target=0.015)   step 255: RMS=0.027 (target=0.015)   step 260: RMS=0.027 (target=0.015)   step 265: RMS=0.027 (target=0.015)   step 270: RMS=0.027 (target=0.015)   step 275: RMS=0.027 (target=0.015)   step 280: RMS=0.027 (target=0.015)   step 285: RMS=0.027 (target=0.015)   step 290: RMS=0.027 (target=0.015)   step 295: RMS=0.027 (target=0.015)   step 300: RMS=0.027 (target=0.015)   
inflation complete.
Not saving sulc
mris_inflate utimesec    1431.525025
mris_inflate stimesec    30.868146
mris_inflate ru_maxrss   368392
mris_inflate ru_ixrss    0
mris_inflate ru_idrss    0
mris_inflate ru_isrss    0
mris_inflate ru_minflt   2814945
mris_inflate ru_majflt   2
mris_inflate ru_nswap    0
mris_inflate ru_inblock  384
mris_inflate ru_oublock  16064
mris_inflate ru_msgsnd   0
mris_inflate ru_msgrcv   0
mris_inflate ru_nsignals 0
mris_inflate ru_nvcsw    330002
mris_inflate ru_nivcsw   287589
#--------------------------------------------
#@# Inflation1 rh Wed May  8 18:27:02 CDT 2019
/home/stone-ext1/freesurfer/subjects/FS6EXPERT_subj01/scripts

 mris_inflate -no-save-sulc -n 50 ../surf/rh.smoothwm.nofix ../surf/rh.inflated.nofix 

niterations = 50
Not saving sulc
Reading ../surf/rh.smoothwm.nofix
avg radius = 47.3 mm, total surface area = 80941 mm^2
writing inflated surface to ../surf/rh.inflated.nofix
inflation took 2.4 minutes
step 000: RMS=0.135 (target=0.015)   step 005: RMS=0.104 (target=0.015)   step 010: RMS=0.079 (target=0.015)   step 015: RMS=0.067 (target=0.015)   step 020: RMS=0.058 (target=0.015)   step 025: RMS=0.051 (target=0.015)   step 030: RMS=0.046 (target=0.015)   step 035: RMS=0.042 (target=0.015)   step 040: RMS=0.038 (target=0.015)   step 045: RMS=0.036 (target=0.015)   step 050: RMS=0.034 (target=0.015)   step 055: RMS=0.033 (target=0.015)   step 060: RMS=0.032 (target=0.015)   step 065: RMS=0.031 (target=0.015)   step 070: RMS=0.030 (target=0.015)   step 075: RMS=0.030 (target=0.015)   step 080: RMS=0.030 (target=0.015)   step 085: RMS=0.029 (target=0.015)   step 090: RMS=0.029 (target=0.015)   step 095: RMS=0.029 (target=0.015)   step 100: RMS=0.029 (target=0.015)   step 105: RMS=0.029 (target=0.015)   step 110: RMS=0.029 (target=0.015)   step 115: RMS=0.029 (target=0.015)   step 120: RMS=0.029 (target=0.015)   step 125: RMS=0.029 (target=0.015)   step 130: RMS=0.029 (target=0.015)   step 135: RMS=0.028 (target=0.015)   step 140: RMS=0.028 (target=0.015)   step 145: RMS=0.028 (target=0.015)   step 150: RMS=0.028 (target=0.015)   step 155: RMS=0.028 (target=0.015)   step 160: RMS=0.028 (target=0.015)   step 165: RMS=0.028 (target=0.015)   step 170: RMS=0.028 (target=0.015)   step 175: RMS=0.028 (target=0.015)   step 180: RMS=0.028 (target=0.015)   step 185: RMS=0.028 (target=0.015)   step 190: RMS=0.028 (target=0.015)   step 195: RMS=0.027 (target=0.015)   step 200: RMS=0.027 (target=0.015)   step 205: RMS=0.028 (target=0.015)   step 210: RMS=0.028 (target=0.015)   step 215: RMS=0.028 (target=0.015)   step 220: RMS=0.027 (target=0.015)   step 225: RMS=0.027 (target=0.015)   step 230: RMS=0.027 (target=0.015)   step 235: RMS=0.027 (target=0.015)   step 240: RMS=0.027 (target=0.015)   step 245: RMS=0.027 (target=0.015)   step 250: RMS=0.027 (target=0.015)   step 255: RMS=0.028 (target=0.015)   step 260: RMS=0.029 (target=0.015)   step 265: RMS=0.029 (target=0.015)   step 270: RMS=0.029 (target=0.015)   step 275: RMS=0.029 (target=0.015)   step 280: RMS=0.028 (target=0.015)   step 285: RMS=0.028 (target=0.015)   step 290: RMS=0.028 (target=0.015)   step 295: RMS=0.028 (target=0.015)   step 300: RMS=0.028 (target=0.015)   
inflation complete.
Not saving sulc
mris_inflate utimesec    1428.840483
mris_inflate stimesec    26.134221
mris_inflate ru_maxrss   362568
mris_inflate ru_ixrss    0
mris_inflate ru_idrss    0
mris_inflate ru_isrss    0
mris_inflate ru_minflt   1983210
mris_inflate ru_majflt   0
mris_inflate ru_nswap    0
mris_inflate ru_inblock  0
mris_inflate ru_oublock  15816
mris_inflate ru_msgsnd   0
mris_inflate ru_msgrcv   0
mris_inflate ru_nsignals 0
mris_inflate ru_nvcsw    325459
mris_inflate ru_nivcsw   291034
#--------------------------------------------
#@# QSphere lh Wed May  8 18:29:23 CDT 2019
/home/stone-ext1/freesurfer/subjects/FS6EXPERT_subj01/scripts

 mris_sphere -q -seed 1234 ../surf/lh.inflated.nofix ../surf/lh.qsphere.nofix 

doing quick spherical unfolding.
setting seed for random number genererator to 1234
$Id: mris_sphere.c,v 1.61 2016/01/20 23:42:15 greve Exp $
  $Id: mrisurf.c,v 1.781.2.6 2016/12/27 16:47:14 zkaufman Exp $
reading original vertex positions...
unfolding cortex into spherical form...
surface projected - minimizing metric distortion...
vertex spacing 0.75 +- 0.43 (0.00-->5.63) (max @ vno 89734 --> 91349)
face area 0.01 +- 0.02 (-0.06-->0.53)

== Number of threads available to mris_sphere for OpenMP = 32 == 
scaling brain by 0.288...
inflating to sphere (rms error < 2.00)
000: dt: 0.0000, rms radial error=175.659, avgs=0
005/300: dt: 0.9000, rms radial error=175.400, avgs=0
010/300: dt: 0.9000, rms radial error=174.843, avgs=0
015/300: dt: 0.9000, rms radial error=174.111, avgs=0
020/300: dt: 0.9000, rms radial error=173.278, avgs=0
025/300: dt: 0.9000, rms radial error=172.386, avgs=0
030/300: dt: 0.9000, rms radial error=171.462, avgs=0
035/300: dt: 0.9000, rms radial error=170.522, avgs=0
040/300: dt: 0.9000, rms radial error=169.574, avgs=0
045/300: dt: 0.9000, rms radial error=168.624, avgs=0
050/300: dt: 0.9000, rms radial error=167.676, avgs=0
055/300: dt: 0.9000, rms radial error=166.732, avgs=0
060/300: dt: 0.9000, rms radial error=165.791, avgs=0
065/300: dt: 0.9000, rms radial error=164.855, avgs=0
070/300: dt: 0.9000, rms radial error=163.924, avgs=0
075/300: dt: 0.9000, rms radial error=162.998, avgs=0
080/300: dt: 0.9000, rms radial error=162.076, avgs=0
085/300: dt: 0.9000, rms radial error=161.160, avgs=0
090/300: dt: 0.9000, rms radial error=160.249, avgs=0
095/300: dt: 0.9000, rms radial error=159.343, avgs=0
100/300: dt: 0.9000, rms radial error=158.442, avgs=0
105/300: dt: 0.9000, rms radial error=157.546, avgs=0
110/300: dt: 0.9000, rms radial error=156.654, avgs=0
115/300: dt: 0.9000, rms radial error=155.768, avgs=0
120/300: dt: 0.9000, rms radial error=154.887, avgs=0
125/300: dt: 0.9000, rms radial error=154.011, avgs=0
130/300: dt: 0.9000, rms radial error=153.140, avgs=0
135/300: dt: 0.9000, rms radial error=152.274, avgs=0
140/300: dt: 0.9000, rms radial error=151.413, avgs=0
145/300: dt: 0.9000, rms radial error=150.556, avgs=0
150/300: dt: 0.9000, rms radial error=149.704, avgs=0
155/300: dt: 0.9000, rms radial error=148.857, avgs=0
160/300: dt: 0.9000, rms radial error=148.015, avgs=0
165/300: dt: 0.9000, rms radial error=147.178, avgs=0
170/300: dt: 0.9000, rms radial error=146.345, avgs=0
175/300: dt: 0.9000, rms radial error=145.517, avgs=0
180/300: dt: 0.9000, rms radial error=144.694, avgs=0
185/300: dt: 0.9000, rms radial error=143.875, avgs=0
190/300: dt: 0.9000, rms radial error=143.061, avgs=0
195/300: dt: 0.9000, rms radial error=142.252, avgs=0
200/300: dt: 0.9000, rms radial error=141.447, avgs=0
205/300: dt: 0.9000, rms radial error=140.647, avgs=0
210/300: dt: 0.9000, rms radial error=139.851, avgs=0
215/300: dt: 0.9000, rms radial error=139.060, avgs=0
220/300: dt: 0.9000, rms radial error=138.273, avgs=0
225/300: dt: 0.9000, rms radial error=137.490, avgs=0
230/300: dt: 0.9000, rms radial error=136.712, avgs=0
235/300: dt: 0.9000, rms radial error=135.939, avgs=0
240/300: dt: 0.9000, rms radial error=135.169, avgs=0
245/300: dt: 0.9000, rms radial error=134.404, avgs=0
250/300: dt: 0.9000, rms radial error=133.644, avgs=0
255/300: dt: 0.9000, rms radial error=132.888, avgs=0
260/300: dt: 0.9000, rms radial error=132.136, avgs=0
265/300: dt: 0.9000, rms radial error=131.388, avgs=0
270/300: dt: 0.9000, rms radial error=130.644, avgs=0
275/300: dt: 0.9000, rms radial error=129.905, avgs=0
280/300: dt: 0.9000, rms radial error=129.170, avgs=0
285/300: dt: 0.9000, rms radial error=128.439, avgs=0
290/300: dt: 0.9000, rms radial error=127.712, avgs=0
295/300: dt: 0.9000, rms radial error=126.989, avgs=0
300/300: dt: 0.9000, rms radial error=126.270, avgs=0

spherical inflation complete.
epoch 1 (K=10.0), pass 1, starting sse = 28565.47
taking momentum steps...
taking momentum steps...
taking momentum steps...
pass 1 complete, delta sse/iter = 0.00/10 = 0.00009
epoch 2 (K=40.0), pass 1, starting sse = 5450.66
taking momentum steps...
taking momentum steps...
taking momentum steps...
pass 1 complete, delta sse/iter = 0.00/10 = 0.00001
epoch 3 (K=160.0), pass 1, starting sse = 691.99
taking momentum steps...
taking momentum steps...
taking momentum steps...
pass 1 complete, delta sse/iter = 0.04/10 = 0.00399
epoch 4 (K=640.0), pass 1, starting sse = 50.54
taking momentum steps...
taking momentum steps...
taking momentum steps...
pass 1 complete, delta sse/iter = 0.12/12 = 0.00964
final distance error %25.83
writing spherical brain to ../surf/lh.qsphere.nofix
spherical transformation took 0.05 hours
mris_sphere utimesec    1363.846945
mris_sphere stimesec    19.745444
mris_sphere ru_maxrss   368788
mris_sphere ru_ixrss    0
mris_sphere ru_idrss    0
mris_sphere ru_isrss    0
mris_sphere ru_minflt   1654208
mris_sphere ru_majflt   4
mris_sphere ru_nswap    0
mris_sphere ru_inblock  664
mris_sphere ru_oublock  16064
mris_sphere ru_msgsnd   0
mris_sphere ru_msgrcv   0
mris_sphere ru_nsignals 0
mris_sphere ru_nvcsw    321013
mris_sphere ru_nivcsw   276302
FSRUNTIME@ mris_sphere  0.0515 hours 1 threads
#--------------------------------------------
#@# QSphere rh Wed May  8 18:32:29 CDT 2019
/home/stone-ext1/freesurfer/subjects/FS6EXPERT_subj01/scripts

 mris_sphere -q -seed 1234 ../surf/rh.inflated.nofix ../surf/rh.qsphere.nofix 

doing quick spherical unfolding.
setting seed for random number genererator to 1234
$Id: mris_sphere.c,v 1.61 2016/01/20 23:42:15 greve Exp $
  $Id: mrisurf.c,v 1.781.2.6 2016/12/27 16:47:14 zkaufman Exp $
reading original vertex positions...
unfolding cortex into spherical form...
surface projected - minimizing metric distortion...
vertex spacing 0.77 +- 0.44 (0.00-->8.45) (max @ vno 98865 --> 98884)
face area 0.02 +- 0.02 (-0.27-->0.36)

== Number of threads available to mris_sphere for OpenMP = 32 == 
scaling brain by 0.292...
inflating to sphere (rms error < 2.00)
000: dt: 0.0000, rms radial error=175.607, avgs=0
005/300: dt: 0.9000, rms radial error=175.348, avgs=0
010/300: dt: 0.9000, rms radial error=174.792, avgs=0
015/300: dt: 0.9000, rms radial error=174.062, avgs=0
020/300: dt: 0.9000, rms radial error=173.231, avgs=0
025/300: dt: 0.9000, rms radial error=172.341, avgs=0
030/300: dt: 0.9000, rms radial error=171.418, avgs=0
035/300: dt: 0.9000, rms radial error=170.480, avgs=0
040/300: dt: 0.9000, rms radial error=169.534, avgs=0
045/300: dt: 0.9000, rms radial error=168.586, avgs=0
050/300: dt: 0.9000, rms radial error=167.638, avgs=0
055/300: dt: 0.9000, rms radial error=166.694, avgs=0
060/300: dt: 0.9000, rms radial error=165.753, avgs=0
065/300: dt: 0.9000, rms radial error=164.817, avgs=0
070/300: dt: 0.9000, rms radial error=163.885, avgs=0
075/300: dt: 0.9000, rms radial error=162.959, avgs=0
080/300: dt: 0.9000, rms radial error=162.037, avgs=0
085/300: dt: 0.9000, rms radial error=161.121, avgs=0
090/300: dt: 0.9000, rms radial error=160.210, avgs=0
095/300: dt: 0.9000, rms radial error=159.305, avgs=0
100/300: dt: 0.9000, rms radial error=158.404, avgs=0
105/300: dt: 0.9000, rms radial error=157.509, avgs=0
110/300: dt: 0.9000, rms radial error=156.619, avgs=0
115/300: dt: 0.9000, rms radial error=155.733, avgs=0
120/300: dt: 0.9000, rms radial error=154.853, avgs=0
125/300: dt: 0.9000, rms radial error=153.978, avgs=0
130/300: dt: 0.9000, rms radial error=153.107, avgs=0
135/300: dt: 0.9000, rms radial error=152.242, avgs=0
140/300: dt: 0.9000, rms radial error=151.381, avgs=0
145/300: dt: 0.9000, rms radial error=150.526, avgs=0
150/300: dt: 0.9000, rms radial error=149.675, avgs=0
155/300: dt: 0.9000, rms radial error=148.828, avgs=0
160/300: dt: 0.9000, rms radial error=147.987, avgs=0
165/300: dt: 0.9000, rms radial error=147.150, avgs=0
170/300: dt: 0.9000, rms radial error=146.319, avgs=0
175/300: dt: 0.9000, rms radial error=145.492, avgs=0
180/300: dt: 0.9000, rms radial error=144.669, avgs=0
185/300: dt: 0.9000, rms radial error=143.851, avgs=0
190/300: dt: 0.9000, rms radial error=143.038, avgs=0
195/300: dt: 0.9000, rms radial error=142.230, avgs=0
200/300: dt: 0.9000, rms radial error=141.425, avgs=0
205/300: dt: 0.9000, rms radial error=140.626, avgs=0
210/300: dt: 0.9000, rms radial error=139.831, avgs=0
215/300: dt: 0.9000, rms radial error=139.040, avgs=0
220/300: dt: 0.9000, rms radial error=138.254, avgs=0
225/300: dt: 0.9000, rms radial error=137.473, avgs=0
230/300: dt: 0.9000, rms radial error=136.696, avgs=0
235/300: dt: 0.9000, rms radial error=135.923, avgs=0
240/300: dt: 0.9000, rms radial error=135.155, avgs=0
245/300: dt: 0.9000, rms radial error=134.390, avgs=0
250/300: dt: 0.9000, rms radial error=133.631, avgs=0
255/300: dt: 0.9000, rms radial error=132.875, avgs=0
260/300: dt: 0.9000, rms radial error=132.124, avgs=0
265/300: dt: 0.9000, rms radial error=131.377, avgs=0
270/300: dt: 0.9000, rms radial error=130.634, avgs=0
275/300: dt: 0.9000, rms radial error=129.896, avgs=0
280/300: dt: 0.9000, rms radial error=129.161, avgs=0
285/300: dt: 0.9000, rms radial error=128.431, avgs=0
290/300: dt: 0.9000, rms radial error=127.705, avgs=0
295/300: dt: 0.9000, rms radial error=126.983, avgs=0
300/300: dt: 0.9000, rms radial error=126.265, avgs=0

spherical inflation complete.
epoch 1 (K=10.0), pass 1, starting sse = 28035.13
taking momentum steps...
taking momentum steps...
taking momentum steps...
pass 1 complete, delta sse/iter = 0.00/10 = 0.00007
epoch 2 (K=40.0), pass 1, starting sse = 5325.13
taking momentum steps...
taking momentum steps...
taking momentum steps...
pass 1 complete, delta sse/iter = 0.00/10 = 0.00000
epoch 3 (K=160.0), pass 1, starting sse = 649.82
taking momentum steps...
taking momentum steps...
taking momentum steps...
pass 1 complete, delta sse/iter = 0.01/10 = 0.00148
epoch 4 (K=640.0), pass 1, starting sse = 43.75
taking momentum steps...
taking momentum steps...
taking momentum steps...
pass 1 complete, delta sse/iter = 0.04/10 = 0.00431
final distance error %25.60
writing spherical brain to ../surf/rh.qsphere.nofix
spherical transformation took 0.05 hours
mris_sphere utimesec    1298.656407
mris_sphere stimesec    22.024440
mris_sphere ru_maxrss   369000
mris_sphere ru_ixrss    0
mris_sphere ru_idrss    0
mris_sphere ru_isrss    0
mris_sphere ru_minflt   1665761
mris_sphere ru_majflt   0
mris_sphere ru_nswap    0
mris_sphere ru_inblock  0
mris_sphere ru_oublock  15816
mris_sphere ru_msgsnd   0
mris_sphere ru_msgrcv   0
mris_sphere ru_nsignals 0
mris_sphere ru_nvcsw    313072
mris_sphere ru_nivcsw   264405
FSRUNTIME@ mris_sphere  0.0493 hours 1 threads
#--------------------------------------------
#@# Fix Topology Copy lh Wed May  8 18:35:26 CDT 2019
/home/stone-ext1/freesurfer/subjects/FS6EXPERT_subj01/scripts

 cp ../surf/lh.orig.nofix ../surf/lh.orig 


 cp ../surf/lh.inflated.nofix ../surf/lh.inflated 

#--------------------------------------------
#@# Fix Topology Copy rh Wed May  8 18:35:26 CDT 2019
/home/stone-ext1/freesurfer/subjects/FS6EXPERT_subj01/scripts

 cp ../surf/rh.orig.nofix ../surf/rh.orig 


 cp ../surf/rh.inflated.nofix ../surf/rh.inflated 

#@# Fix Topology lh Wed May  8 18:35:26 CDT 2019

 mris_fix_topology -rusage /home/stone-ext1/freesurfer/subjects/FS6EXPERT_subj01/touch/rusage.mris_fix_topology.lh.dat -mgz -sphere qsphere.nofix -ga -seed 1234 FS6EXPERT_subj01 lh 

reading spherical homeomorphism from 'qsphere.nofix'
using genetic algorithm with optimized parameters
setting seed for random number genererator to 1234

*************************************************************
Topology Correction Parameters
retessellation mode:           genetic search
number of patches/generation : 10
number of generations :        10
surface mri loglikelihood coefficient :         1.0
volume mri loglikelihood coefficient :          10.0
normal dot loglikelihood coefficient :          1.0
quadratic curvature loglikelihood coefficient : 1.0
volume resolution :                             2
eliminate vertices during search :              1
initial patch selection :                       1
select all defect vertices :                    0
ordering dependant retessellation:              0
use precomputed edge table :                    0
smooth retessellated patch :                    2
match retessellated patch :                     1
verbose mode :                                  0

*************************************************************
INFO: assuming .mgz format
$Id: mris_fix_topology.c,v 1.50.2.1 2016/10/27 22:25:58 zkaufman Exp $
  $Id: mrisurf.c,v 1.781.2.6 2016/12/27 16:47:14 zkaufman Exp $
before topology correction, eno=-52 (nv=228348, nf=456800, ne=685200, g=27)
using quasi-homeomorphic spherical map to tessellate cortical surface...

Correction of the Topology
Finding true center and radius of Spherical Surface...done
Surface centered at (0,0,0) with radius 100.0 in 8 iterations
marking ambiguous vertices...
4465 ambiguous faces found in tessellation
segmenting defects...
37 defects found, arbitrating ambiguous regions...
analyzing neighboring defects...
      -merging segment 19 into 16
      -merging segment 25 into 20
35 defects to be corrected 
0 vertices coincident
reading input surface /home/stone-ext1/freesurfer/subjects/FS6EXPERT_subj01/surf/lh.qsphere.nofix...
reading brain volume from brain...
reading wm segmentation from wm...
Computing Initial Surface Statistics
      -face       loglikelihood: -9.1613  (-4.5807)
      -vertex     loglikelihood: -5.5340  (-2.7670)
      -normal dot loglikelihood: -3.6094  (-3.6094)
      -quad curv  loglikelihood: -6.0283  (-3.0141)
      Total Loglikelihood : -24.3331

CORRECTING DEFECT 0 (vertices=81, convex hull=88, v0=3142)
After retessellation of defect 0 (v0=3142), euler #=-34 (225701,676247,450512) : difference with theory (-32) = 2 

CORRECTING DEFECT 1 (vertices=175, convex hull=149, v0=7792)
After retessellation of defect 1 (v0=7792), euler #=-33 (225710,676343,450600) : difference with theory (-31) = 2 

CORRECTING DEFECT 2 (vertices=15, convex hull=49, v0=14547)
After retessellation of defect 2 (v0=14547), euler #=-32 (225713,676369,450624) : difference with theory (-30) = 2 

CORRECTING DEFECT 3 (vertices=96, convex hull=93, v0=21414)
After retessellation of defect 3 (v0=21414), euler #=-31 (225722,676437,450684) : difference with theory (-29) = 2 

CORRECTING DEFECT 4 (vertices=5, convex hull=28, v0=33369)
After retessellation of defect 4 (v0=33369), euler #=-30 (225722,676444,450692) : difference with theory (-28) = 2 

CORRECTING DEFECT 5 (vertices=41, convex hull=76, v0=50116)
After retessellation of defect 5 (v0=50116), euler #=-29 (225731,676506,450746) : difference with theory (-27) = 2 

CORRECTING DEFECT 6 (vertices=46, convex hull=36, v0=91310)
After retessellation of defect 6 (v0=91310), euler #=-28 (225734,676525,450763) : difference with theory (-26) = 2 

CORRECTING DEFECT 7 (vertices=21, convex hull=15, v0=102769)
After retessellation of defect 7 (v0=102769), euler #=-27 (225735,676530,450768) : difference with theory (-25) = 2 

CORRECTING DEFECT 8 (vertices=21, convex hull=56, v0=105482)
After retessellation of defect 8 (v0=105482), euler #=-26 (225741,676568,450801) : difference with theory (-24) = 2 

CORRECTING DEFECT 9 (vertices=71, convex hull=80, v0=106859)
After retessellation of defect 9 (v0=106859), euler #=-25 (225755,676648,450868) : difference with theory (-23) = 2 

CORRECTING DEFECT 10 (vertices=27, convex hull=65, v0=115225)
After retessellation of defect 10 (v0=115225), euler #=-24 (225764,676702,450914) : difference with theory (-22) = 2 

CORRECTING DEFECT 11 (vertices=22, convex hull=44, v0=117121)
After retessellation of defect 11 (v0=117121), euler #=-23 (225770,676736,450943) : difference with theory (-21) = 2 

CORRECTING DEFECT 12 (vertices=817, convex hull=335, v0=118249)
After retessellation of defect 12 (v0=118249), euler #=-22 (225779,676931,451130) : difference with theory (-20) = 2 

CORRECTING DEFECT 13 (vertices=50, convex hull=65, v0=130634)
After retessellation of defect 13 (v0=130634), euler #=-21 (225791,676995,451183) : difference with theory (-19) = 2 

CORRECTING DEFECT 14 (vertices=58, convex hull=59, v0=134154)
After retessellation of defect 14 (v0=134154), euler #=-20 (225795,677033,451218) : difference with theory (-18) = 2 

CORRECTING DEFECT 15 (vertices=63, convex hull=32, v0=138598)
After retessellation of defect 15 (v0=138598), euler #=-19 (225797,677051,451235) : difference with theory (-17) = 2 

CORRECTING DEFECT 16 (vertices=43, convex hull=65, v0=146605)
After retessellation of defect 16 (v0=146605), euler #=-17 (225805,677101,451279) : difference with theory (-16) = 1 

CORRECTING DEFECT 17 (vertices=6, convex hull=16, v0=148501)
After retessellation of defect 17 (v0=148501), euler #=-16 (225805,677105,451284) : difference with theory (-15) = 1 

CORRECTING DEFECT 18 (vertices=46, convex hull=29, v0=150069)
After retessellation of defect 18 (v0=150069), euler #=-15 (225808,677123,451300) : difference with theory (-14) = 1 

CORRECTING DEFECT 19 (vertices=405, convex hull=179, v0=155468)
After retessellation of defect 19 (v0=155468), euler #=-13 (225876,677421,451532) : difference with theory (-13) = 0 

CORRECTING DEFECT 20 (vertices=7, convex hull=17, v0=156470)
After retessellation of defect 20 (v0=156470), euler #=-12 (225878,677431,451541) : difference with theory (-12) = 0 

CORRECTING DEFECT 21 (vertices=6, convex hull=17, v0=160332)
After retessellation of defect 21 (v0=160332), euler #=-11 (225880,677443,451552) : difference with theory (-11) = 0 

CORRECTING DEFECT 22 (vertices=137, convex hull=36, v0=161781)
After retessellation of defect 22 (v0=161781), euler #=-10 (225885,677472,451577) : difference with theory (-10) = 0 

CORRECTING DEFECT 23 (vertices=107, convex hull=64, v0=162059)
After retessellation of defect 23 (v0=162059), euler #=-9 (225897,677532,451626) : difference with theory (-9) = 0 

CORRECTING DEFECT 24 (vertices=24, convex hull=46, v0=165383)
After retessellation of defect 24 (v0=165383), euler #=-8 (225905,677572,451659) : difference with theory (-8) = 0 

CORRECTING DEFECT 25 (vertices=15, convex hull=31, v0=166596)
After retessellation of defect 25 (v0=166596), euler #=-7 (225906,677584,451671) : difference with theory (-7) = 0 

CORRECTING DEFECT 26 (vertices=16, convex hull=31, v0=166855)
After retessellation of defect 26 (v0=166855), euler #=-6 (225909,677602,451687) : difference with theory (-6) = 0 

CORRECTING DEFECT 27 (vertices=11, convex hull=23, v0=168287)
After retessellation of defect 27 (v0=168287), euler #=-5 (225912,677618,451701) : difference with theory (-5) = 0 

CORRECTING DEFECT 28 (vertices=19, convex hull=42, v0=169843)
After retessellation of defect 28 (v0=169843), euler #=-4 (225914,677641,451723) : difference with theory (-4) = 0 

CORRECTING DEFECT 29 (vertices=25, convex hull=36, v0=172101)
After retessellation of defect 29 (v0=172101), euler #=-3 (225917,677663,451743) : difference with theory (-3) = 0 

CORRECTING DEFECT 30 (vertices=30, convex hull=27, v0=182591)
After retessellation of defect 30 (v0=182591), euler #=-2 (225920,677681,451759) : difference with theory (-2) = 0 

CORRECTING DEFECT 31 (vertices=32, convex hull=35, v0=186527)
After retessellation of defect 31 (v0=186527), euler #=-1 (225923,677701,451777) : difference with theory (-1) = 0 

CORRECTING DEFECT 32 (vertices=39, convex hull=71, v0=210316)
After retessellation of defect 32 (v0=210316), euler #=0 (225930,677752,451822) : difference with theory (0) = 0 

CORRECTING DEFECT 33 (vertices=38, convex hull=33, v0=214848)
After retessellation of defect 33 (v0=214848), euler #=1 (225932,677766,451835) : difference with theory (1) = 0 

CORRECTING DEFECT 34 (vertices=40, convex hull=62, v0=219010)
After retessellation of defect 34 (v0=219010), euler #=2 (225942,677820,451880) : difference with theory (2) = 0 
computing original vertex metric properties...
storing new metric properties...
computing tessellation statistics...
vertex spacing 0.71 +- 0.17 (0.08-->8.25) (max @ vno 7751 --> 12865)
face area 0.00 +- 0.00 (0.00-->0.00)
performing soap bubble on retessellated vertices for 0 iterations...
vertex spacing 0.71 +- 0.17 (0.08-->8.25) (max @ vno 7751 --> 12865)
face area 0.00 +- 0.00 (0.00-->0.00)
tessellation finished, orienting corrected surface...
115 mutations (36.4%), 201 crossovers (63.6%), 119 vertices were eliminated
building final representation...
2406 vertices and 0 faces have been removed from triangulation
after topology correction, eno=2 (nv=225942, nf=451880, ne=677820, g=0)
writing corrected surface to /home/stone-ext1/freesurfer/subjects/FS6EXPERT_subj01/surf/lh.orig...

0.000 % of the vertices (0 vertices) exhibit an orientation change
topology fixing took 33.7 minutes
0 defective edges
removing intersecting faces
000: 266 intersecting
001: 2 intersecting
expanding nbhd size to 2
002: 4 intersecting
mris_fix_topology utimesec    2042.615137
mris_fix_topology stimesec    10.986718
mris_fix_topology ru_maxrss   738696
mris_fix_topology ru_ixrss    0
mris_fix_topology ru_idrss    0
mris_fix_topology ru_isrss    0
mris_fix_topology ru_minflt   5726116
mris_fix_topology ru_majflt   6
mris_fix_topology ru_nswap    0
mris_fix_topology ru_inblock  704
mris_fix_topology ru_oublock  21240
mris_fix_topology ru_msgsnd   0
mris_fix_topology ru_msgrcv   0
mris_fix_topology ru_nsignals 0
mris_fix_topology ru_nvcsw    23825
mris_fix_topology ru_nivcsw   272396
FSRUNTIME@ mris_fix_topology lh  0.5613 hours 1 threads
#@# Fix Topology rh Wed May  8 19:09:07 CDT 2019

 mris_fix_topology -rusage /home/stone-ext1/freesurfer/subjects/FS6EXPERT_subj01/touch/rusage.mris_fix_topology.rh.dat -mgz -sphere qsphere.nofix -ga -seed 1234 FS6EXPERT_subj01 rh 

reading spherical homeomorphism from 'qsphere.nofix'
using genetic algorithm with optimized parameters
setting seed for random number genererator to 1234

*************************************************************
Topology Correction Parameters
retessellation mode:           genetic search
number of patches/generation : 10
number of generations :        10
surface mri loglikelihood coefficient :         1.0
volume mri loglikelihood coefficient :          10.0
normal dot loglikelihood coefficient :          1.0
quadratic curvature loglikelihood coefficient : 1.0
volume resolution :                             2
eliminate vertices during search :              1
initial patch selection :                       1
select all defect vertices :                    0
ordering dependant retessellation:              0
use precomputed edge table :                    0
smooth retessellated patch :                    2
match retessellated patch :                     1
verbose mode :                                  0

*************************************************************
INFO: assuming .mgz format
$Id: mris_fix_topology.c,v 1.50.2.1 2016/10/27 22:25:58 zkaufman Exp $
  $Id: mrisurf.c,v 1.781.2.6 2016/12/27 16:47:14 zkaufman Exp $
before topology correction, eno=-56 (nv=224778, nf=449668, ne=674502, g=29)
using quasi-homeomorphic spherical map to tessellate cortical surface...

Correction of the Topology
Finding true center and radius of Spherical Surface...done
Surface centered at (0,0,0) with radius 100.0 in 9 iterations
marking ambiguous vertices...
4291 ambiguous faces found in tessellation
segmenting defects...
38 defects found, arbitrating ambiguous regions...
analyzing neighboring defects...
      -merging segment 6 into 5
37 defects to be corrected 
0 vertices coincident
reading input surface /home/stone-ext1/freesurfer/subjects/FS6EXPERT_subj01/surf/rh.qsphere.nofix...
reading brain volume from brain...
reading wm segmentation from wm...
Computing Initial Surface Statistics
      -face       loglikelihood: -9.0759  (-4.5379)
      -vertex     loglikelihood: -5.6054  (-2.8027)
      -normal dot loglikelihood: -3.5970  (-3.5970)
      -quad curv  loglikelihood: -6.2138  (-3.1069)
      Total Loglikelihood : -24.4921

CORRECTING DEFECT 0 (vertices=25, convex hull=50, v0=655)
After retessellation of defect 0 (v0=655), euler #=-35 (222090,665128,443003) : difference with theory (-34) = 1 

CORRECTING DEFECT 1 (vertices=29, convex hull=55, v0=1894)
After retessellation of defect 1 (v0=1894), euler #=-34 (222097,665167,443036) : difference with theory (-33) = 1 

CORRECTING DEFECT 2 (vertices=21, convex hull=27, v0=8683)
After retessellation of defect 2 (v0=8683), euler #=-33 (222098,665178,443047) : difference with theory (-32) = 1 

CORRECTING DEFECT 3 (vertices=282, convex hull=77, v0=10229)
After retessellation of defect 3 (v0=10229), euler #=-32 (222116,665273,443125) : difference with theory (-31) = 1 

CORRECTING DEFECT 4 (vertices=75, convex hull=35, v0=20695)
After retessellation of defect 4 (v0=20695), euler #=-31 (222118,665293,443144) : difference with theory (-30) = 1 

CORRECTING DEFECT 5 (vertices=162, convex hull=64, v0=27901)
After retessellation of defect 5 (v0=27901), euler #=-29 (222125,665347,443193) : difference with theory (-29) = 0 

CORRECTING DEFECT 6 (vertices=62, convex hull=85, v0=34003)
After retessellation of defect 6 (v0=34003), euler #=-28 (222134,665416,443254) : difference with theory (-28) = 0 

CORRECTING DEFECT 7 (vertices=13, convex hull=21, v0=43386)
After retessellation of defect 7 (v0=43386), euler #=-27 (222135,665425,443263) : difference with theory (-27) = 0 

CORRECTING DEFECT 8 (vertices=41, convex hull=27, v0=54108)
After retessellation of defect 8 (v0=54108), euler #=-26 (222137,665442,443279) : difference with theory (-26) = 0 

CORRECTING DEFECT 9 (vertices=19, convex hull=65, v0=60534)
After retessellation of defect 9 (v0=60534), euler #=-25 (222143,665484,443316) : difference with theory (-25) = 0 

CORRECTING DEFECT 10 (vertices=186, convex hull=270, v0=82539)
After retessellation of defect 10 (v0=82539), euler #=-24 (222152,665638,443462) : difference with theory (-24) = 0 

CORRECTING DEFECT 11 (vertices=118, convex hull=114, v0=85686)
After retessellation of defect 11 (v0=85686), euler #=-23 (222182,665778,443573) : difference with theory (-23) = 0 

CORRECTING DEFECT 12 (vertices=30, convex hull=41, v0=107183)
After retessellation of defect 12 (v0=107183), euler #=-22 (222188,665811,443601) : difference with theory (-22) = 0 

CORRECTING DEFECT 13 (vertices=694, convex hull=467, v0=115494)
After retessellation of defect 13 (v0=115494), euler #=-21 (222284,666333,444028) : difference with theory (-21) = 0 

CORRECTING DEFECT 14 (vertices=24, convex hull=54, v0=122625)
After retessellation of defect 14 (v0=122625), euler #=-20 (222291,666375,444064) : difference with theory (-20) = 0 

CORRECTING DEFECT 15 (vertices=12, convex hull=35, v0=135249)
After retessellation of defect 15 (v0=135249), euler #=-19 (222294,666393,444080) : difference with theory (-19) = 0 

CORRECTING DEFECT 16 (vertices=10, convex hull=23, v0=135508)
After retessellation of defect 16 (v0=135508), euler #=-18 (222297,666408,444093) : difference with theory (-18) = 0 

CORRECTING DEFECT 17 (vertices=31, convex hull=26, v0=135544)
After retessellation of defect 17 (v0=135544), euler #=-17 (222301,666426,444108) : difference with theory (-17) = 0 

CORRECTING DEFECT 18 (vertices=17, convex hull=53, v0=136697)
After retessellation of defect 18 (v0=136697), euler #=-16 (222306,666463,444141) : difference with theory (-16) = 0 

CORRECTING DEFECT 19 (vertices=23, convex hull=20, v0=138286)
After retessellation of defect 19 (v0=138286), euler #=-15 (222308,666476,444153) : difference with theory (-15) = 0 

CORRECTING DEFECT 20 (vertices=74, convex hull=20, v0=150952)
After retessellation of defect 20 (v0=150952), euler #=-14 (222309,666483,444160) : difference with theory (-14) = 0 

CORRECTING DEFECT 21 (vertices=8, convex hull=16, v0=153525)
After retessellation of defect 21 (v0=153525), euler #=-13 (222310,666493,444170) : difference with theory (-13) = 0 

CORRECTING DEFECT 22 (vertices=182, convex hull=188, v0=154871)
After retessellation of defect 22 (v0=154871), euler #=-12 (222350,666713,444351) : difference with theory (-12) = 0 

CORRECTING DEFECT 23 (vertices=41, convex hull=62, v0=161528)
After retessellation of defect 23 (v0=161528), euler #=-11 (222360,666770,444399) : difference with theory (-11) = 0 

CORRECTING DEFECT 24 (vertices=55, convex hull=68, v0=162542)
After retessellation of defect 24 (v0=162542), euler #=-10 (222369,666829,444450) : difference with theory (-10) = 0 

CORRECTING DEFECT 25 (vertices=11, convex hull=26, v0=162580)
After retessellation of defect 25 (v0=162580), euler #=-9 (222371,666845,444465) : difference with theory (-9) = 0 

CORRECTING DEFECT 26 (vertices=12, convex hull=20, v0=164022)
After retessellation of defect 26 (v0=164022), euler #=-8 (222371,666850,444471) : difference with theory (-8) = 0 

CORRECTING DEFECT 27 (vertices=26, convex hull=34, v0=164106)
After retessellation of defect 27 (v0=164106), euler #=-7 (222378,666882,444497) : difference with theory (-7) = 0 

CORRECTING DEFECT 28 (vertices=23, convex hull=69, v0=168740)
After retessellation of defect 28 (v0=168740), euler #=-6 (222384,666923,444533) : difference with theory (-6) = 0 

CORRECTING DEFECT 29 (vertices=50, convex hull=94, v0=170541)
After retessellation of defect 29 (v0=170541), euler #=-5 (222395,667002,444602) : difference with theory (-5) = 0 

CORRECTING DEFECT 30 (vertices=20, convex hull=21, v0=172640)
After retessellation of defect 30 (v0=172640), euler #=-4 (222398,667017,444615) : difference with theory (-4) = 0 

CORRECTING DEFECT 31 (vertices=54, convex hull=62, v0=197262)
After retessellation of defect 31 (v0=197262), euler #=-3 (222405,667065,444657) : difference with theory (-3) = 0 

CORRECTING DEFECT 32 (vertices=21, convex hull=65, v0=200575)
After retessellation of defect 32 (v0=200575), euler #=-2 (222412,667111,444697) : difference with theory (-2) = 0 

CORRECTING DEFECT 33 (vertices=28, convex hull=74, v0=206833)
After retessellation of defect 33 (v0=206833), euler #=-1 (222420,667166,444745) : difference with theory (-1) = 0 

CORRECTING DEFECT 34 (vertices=20, convex hull=64, v0=208867)
After retessellation of defect 34 (v0=208867), euler #=0 (222428,667214,444786) : difference with theory (0) = 0 

CORRECTING DEFECT 35 (vertices=39, convex hull=59, v0=209038)
After retessellation of defect 35 (v0=209038), euler #=1 (222435,667259,444825) : difference with theory (1) = 0 

CORRECTING DEFECT 36 (vertices=153, convex hull=92, v0=216771)
After retessellation of defect 36 (v0=216771), euler #=2 (222445,667329,444886) : difference with theory (2) = 0 
computing original vertex metric properties...
storing new metric properties...
computing tessellation statistics...
vertex spacing 0.72 +- 0.18 (0.10-->7.21) (max @ vno 156829 --> 164823)
face area 0.00 +- 0.00 (0.00-->0.00)
performing soap bubble on retessellated vertices for 0 iterations...
vertex spacing 0.72 +- 0.18 (0.10-->7.21) (max @ vno 156829 --> 164823)
face area 0.00 +- 0.00 (0.00-->0.00)
tessellation finished, orienting corrected surface...
128 mutations (36.1%), 227 crossovers (63.9%), 98 vertices were eliminated
building final representation...
2333 vertices and 0 faces have been removed from triangulation
after topology correction, eno=2 (nv=222445, nf=444886, ne=667329, g=0)
writing corrected surface to /home/stone-ext1/freesurfer/subjects/FS6EXPERT_subj01/surf/rh.orig...

0.000 % of the vertices (0 vertices) exhibit an orientation change
topology fixing took 26.9 minutes
0 defective edges
removing intersecting faces
000: 333 intersecting
001: 6 intersecting
mris_fix_topology utimesec    1639.202108
mris_fix_topology stimesec    9.197714
mris_fix_topology ru_maxrss   734136
mris_fix_topology ru_ixrss    0
mris_fix_topology ru_idrss    0
mris_fix_topology ru_isrss    0
mris_fix_topology ru_minflt   1669727
mris_fix_topology ru_majflt   5
mris_fix_topology ru_nswap    0
mris_fix_topology ru_inblock  27728
mris_fix_topology ru_oublock  20928
mris_fix_topology ru_msgsnd   0
mris_fix_topology ru_msgrcv   0
mris_fix_topology ru_nsignals 0
mris_fix_topology ru_nvcsw    23320
mris_fix_topology ru_nivcsw   176398
FSRUNTIME@ mris_fix_topology rh  0.4483 hours 1 threads

 mris_euler_number ../surf/lh.orig 

euler # = v-e+f = 2g-2: 225942 - 677820 + 451880 = 2 --> 0 holes
      F =2V-4:          451880 = 451884-4 (0)
      2E=3F:            1355640 = 1355640 (0)

total defect index = 0

 mris_euler_number ../surf/rh.orig 

euler # = v-e+f = 2g-2: 222445 - 667329 + 444886 = 2 --> 0 holes
      F =2V-4:          444886 = 444890-4 (0)
      2E=3F:            1334658 = 1334658 (0)

total defect index = 0
/home/stone-ext1/freesurfer/subjects/FS6EXPERT_subj01/scripts

 mris_remove_intersection ../surf/lh.orig ../surf/lh.orig 

intersection removal took 0.00 hours
removing intersecting faces
000: 29 intersecting
writing corrected surface to ../surf/lh.orig

 rm ../surf/lh.inflated 

/home/stone-ext1/freesurfer/subjects/FS6EXPERT_subj01/scripts

 mris_remove_intersection ../surf/rh.orig ../surf/rh.orig 

intersection removal took 0.00 hours
removing intersecting faces
000: 89 intersecting
001: 2 intersecting
expanding nbhd size to 2
002: 2 intersecting
expanding nbhd size to 3
003: 2 intersecting
writing corrected surface to ../surf/rh.orig

 rm ../surf/rh.inflated 

#--------------------------------------------
#@# Make White Surf lh Wed May  8 19:36:26 CDT 2019
/home/stone-ext1/freesurfer/subjects/FS6EXPERT_subj01/scripts

 mris_make_surfaces -aseg ../mri/aseg.presurf -white white.preaparc -noaparc -whiteonly -mgz -T1 brain.finalsurfs FS6EXPERT_subj01 lh 

using white.preaparc as white matter name...
only generating white matter surface
using aseg volume ../mri/aseg.presurf to prevent surfaces crossing the midline
not using aparc to prevent surfaces crossing the midline
INFO: assuming MGZ format for volumes.
using brain.finalsurfs as T1 volume...
$Id: mris_make_surfaces.c,v 1.164.2.4 2016/12/13 22:26:32 zkaufman Exp $
$Id: mrisurf.c,v 1.781.2.6 2016/12/27 16:47:14 zkaufman Exp $
reading volume /home/stone-ext1/freesurfer/subjects/FS6EXPERT_subj01/mri/filled.mgz...
reading volume /home/stone-ext1/freesurfer/subjects/FS6EXPERT_subj01/mri/brain.finalsurfs.mgz...
reading volume /home/stone-ext1/freesurfer/subjects/FS6EXPERT_subj01/mri/../mri/aseg.presurf.mgz...
reading volume /home/stone-ext1/freesurfer/subjects/FS6EXPERT_subj01/mri/wm.mgz...
31001 bright wm thresholded.
1071 bright non-wm voxels segmented.
reading original surface position from /home/stone-ext1/freesurfer/subjects/FS6EXPERT_subj01/surf/lh.orig...
computing class statistics...
border white:    437834 voxels (1.34%)
border gray      470295 voxels (1.44%)
WM (104.0): 103.5 +- 6.0 [70.0 --> 110.0]
GM (84.0) : 83.2 +- 9.5 [30.0 --> 110.0]
setting MIN_GRAY_AT_WHITE_BORDER to 69.5 (was 70)
setting MAX_BORDER_WHITE to 115.0 (was 105)
setting MIN_BORDER_WHITE to 79.0 (was 85)
setting MAX_CSF to 59.9 (was 40)
setting MAX_GRAY to 103.0 (was 95)
setting MAX_GRAY_AT_CSF_BORDER to 69.5 (was 75)
setting MIN_GRAY_AT_CSF_BORDER to 50.4 (was 40)
repositioning cortical surface to gray/white boundary
smoothing T1 volume with sigma = 2.000
vertex spacing 0.67 +- 0.17 (0.01-->2.86) (max @ vno 3751 --> 7711)
face area 0.19 +- 0.08 (0.00-->1.08)
mean absolute distance = 1.11 +- 1.34
8090 vertices more than 2 sigmas from mean.
averaging target values for 5 iterations...
spring scale = 1.25
using class modes intead of means, discounting robust sigmas....
intensity peaks found at WM=109+-2.6,    GM=79+-6.1
mean inside = 101.9, mean outside = 85.2
smoothing surface for 5 iterations...
inhibiting deformation at non-cortical midline structures...
removing 4 vertex label from ripped group
mean border=93.8, 87 (87) missing vertices, mean dist -0.3 [1.6 (%41.9)->0.6 (%58.1))]
%52 local maxima, %35 large gradients and % 9 min vals, 0 gradients ignored
tol=1.0e-04, sigma=2.0, host=stone, nav=4, nbrs=2, l_repulse=5.000, l_tspring=1.562, l_nspring=0.625, l_intensity=0.200, l_curv=1.000
mom=0.00, dt=0.50
complete_dist_mat 0
rms 0
smooth_averages 0
remove_neg 0
ico_order 0
which_surface 0
target_radius 0.000000
nfields 0
scale 0.000000
desired_rms_height 0.000000
momentum 0.000000
nbhd_size 0
max_nbrs 0
niterations 25
nsurfaces 0
SURFACES 3
flags 0 (0)
use curv 0
no sulc 0
no rigid align 0
mris->nsize 2
mris->hemisphere 0
randomSeed 0

smoothing T1 volume with sigma = 1.000
vertex spacing 0.71 +- 0.18 (0.06-->2.89) (max @ vno 3751 --> 7711)
face area 0.19 +- 0.08 (0.00-->1.72)
mean absolute distance = 0.46 +- 0.75
7649 vertices more than 2 sigmas from mean.
averaging target values for 5 iterations...
000: dt: 0.0000, sse=3141917.8, rms=7.028
001: dt: 0.5000, sse=1648140.5, rms=3.987 (43.272%)
002: dt: 0.5000, sse=1315389.5, rms=2.838 (28.824%)
003: dt: 0.5000, sse=1270142.4, rms=2.677 (5.657%)
rms = 2.66, time step reduction 1 of 3 to 0.250...
004: dt: 0.5000, sse=1265242.9, rms=2.658 (0.717%)
005: dt: 0.2500, sse=1054513.4, rms=1.408 (47.006%)
006: dt: 0.2500, sse=1025778.3, rms=1.136 (19.345%)
007: dt: 0.2500, sse=1018007.1, rms=1.060 (6.722%)
rms = 1.01, time step reduction 2 of 3 to 0.125...
008: dt: 0.2500, sse=1030104.9, rms=1.010 (4.643%)
rms = 0.98, time step reduction 3 of 3 to 0.062...
009: dt: 0.1250, sse=1007267.8, rms=0.984 (2.588%)
positioning took 1.7 minutes
inhibiting deformation at non-cortical midline structures...
removing 4 vertex label from ripped group
removing 3 vertex label from ripped group
removing 2 vertex label from ripped group
removing 2 vertex label from ripped group
mean border=94.5, 110 (46) missing vertices, mean dist -0.2 [0.6 (%51.1)->0.3 (%48.9))]
%83 local maxima, %10 large gradients and % 2 min vals, 0 gradients ignored
tol=1.0e-04, sigma=1.0, host=stone, nav=2, nbrs=2, l_repulse=5.000, l_tspring=1.562, l_nspring=0.625, l_intensity=0.200, l_curv=1.000
mom=0.00, dt=0.50
smoothing T1 volume with sigma = 0.500
vertex spacing 0.70 +- 0.18 (0.03-->3.27) (max @ vno 138567 --> 139951)
face area 0.21 +- 0.09 (0.00-->2.11)
mean absolute distance = 0.23 +- 0.50
6058 vertices more than 2 sigmas from mean.
averaging target values for 5 iterations...
000: dt: 0.0000, sse=1861302.1, rms=4.302
010: dt: 0.5000, sse=1389590.2, rms=2.687 (37.545%)
011: dt: 0.5000, sse=1342391.8, rms=2.503 (6.858%)
rms = 2.64, time step reduction 1 of 3 to 0.250...
012: dt: 0.2500, sse=1181381.0, rms=1.590 (36.462%)
013: dt: 0.2500, sse=1136191.1, rms=1.060 (33.361%)
014: dt: 0.2500, sse=1122069.1, rms=0.934 (11.851%)
rms = 0.89, time step reduction 2 of 3 to 0.125...
015: dt: 0.2500, sse=1106102.4, rms=0.890 (4.736%)
rms = 0.86, time step reduction 3 of 3 to 0.062...
016: dt: 0.1250, sse=1098050.2, rms=0.865 (2.834%)
positioning took 1.4 minutes
inhibiting deformation at non-cortical midline structures...
removing 4 vertex label from ripped group
mean border=95.1, 118 (21) missing vertices, mean dist -0.1 [0.3 (%45.3)->0.1 (%54.7))]
%91 local maxima, % 4 large gradients and % 1 min vals, 0 gradients ignored
tol=1.0e-04, sigma=0.5, host=stone, nav=1, nbrs=2, l_repulse=5.000, l_tspring=1.562, l_nspring=0.625, l_intensity=0.200, l_curv=1.000
mom=0.00, dt=0.50
smoothing T1 volume with sigma = 0.250
vertex spacing 0.70 +- 0.18 (0.01-->3.51) (max @ vno 139963 --> 141372)
face area 0.20 +- 0.09 (0.00-->2.16)
mean absolute distance = 0.16 +- 0.36
4446 vertices more than 2 sigmas from mean.
averaging target values for 5 iterations...
000: dt: 0.0000, sse=1241987.2, rms=2.101
017: dt: 0.5000, sse=1179766.4, rms=1.639 (21.984%)
rms = 1.93, time step reduction 1 of 3 to 0.250...
018: dt: 0.2500, sse=1110712.9, rms=1.090 (33.495%)
019: dt: 0.2500, sse=1122316.8, rms=0.870 (20.183%)
rms = 0.83, time step reduction 2 of 3 to 0.125...
020: dt: 0.2500, sse=1083767.4, rms=0.825 (5.129%)
rms = 0.81, time step reduction 3 of 3 to 0.062...
021: dt: 0.1250, sse=1076851.8, rms=0.808 (2.089%)
positioning took 1.0 minutes
inhibiting deformation at non-cortical midline structures...
removing 4 vertex label from ripped group
removing 4 vertex label from ripped group
mean border=95.1, 153 (17) missing vertices, mean dist -0.0 [0.3 (%34.4)->0.1 (%65.6))]
%93 local maxima, % 3 large gradients and % 0 min vals, 0 gradients ignored
tol=1.0e-04, sigma=0.2, host=stone, nav=0, nbrs=2, l_repulse=5.000, l_tspring=1.562, l_nspring=0.625, l_intensity=0.200, l_curv=1.000
mom=0.00, dt=0.50
writing white matter surface to /home/stone-ext1/freesurfer/subjects/FS6EXPERT_subj01/surf/lh.white.preaparc...
writing smoothed curvature to lh.curv
000: dt: 0.0000, sse=1123498.4, rms=1.250
022: dt: 0.5000, sse=1115196.6, rms=1.006 (19.541%)
rms = 1.42, time step reduction 1 of 3 to 0.250...
023: dt: 0.2500, sse=1073670.1, rms=0.730 (27.408%)
rms = 0.70, time step reduction 2 of 3 to 0.125...
024: dt: 0.2500, sse=1089499.1, rms=0.703 (3.732%)
rms = 0.68, time step reduction 3 of 3 to 0.062...
025: dt: 0.1250, sse=1075878.0, rms=0.680 (3.215%)
positioning took 0.9 minutes
generating cortex label...
23 non-cortical segments detected
only using segment with 11496 vertices
erasing segment 0 (vno[0] = 62310)
erasing segment 1 (vno[0] = 63689)
erasing segment 3 (vno[0] = 98439)
erasing segment 4 (vno[0] = 99946)
erasing segment 5 (vno[0] = 132633)
erasing segment 6 (vno[0] = 136609)
erasing segment 7 (vno[0] = 140769)
erasing segment 8 (vno[0] = 143624)
erasing segment 9 (vno[0] = 144082)
erasing segment 10 (vno[0] = 153328)
erasing segment 11 (vno[0] = 158838)
erasing segment 12 (vno[0] = 160956)
erasing segment 13 (vno[0] = 166779)
erasing segment 14 (vno[0] = 166911)
erasing segment 15 (vno[0] = 168463)
erasing segment 16 (vno[0] = 169342)
erasing segment 17 (vno[0] = 172080)
erasing segment 18 (vno[0] = 172101)
erasing segment 19 (vno[0] = 172127)
erasing segment 20 (vno[0] = 173202)
erasing segment 21 (vno[0] = 175450)
erasing segment 22 (vno[0] = 225915)
writing cortex label to /home/stone-ext1/freesurfer/subjects/FS6EXPERT_subj01/label/lh.cortex.label...
writing curvature file /home/stone-ext1/freesurfer/subjects/FS6EXPERT_subj01/surf/lh.curv
writing smoothed area to lh.area
writing curvature file /home/stone-ext1/freesurfer/subjects/FS6EXPERT_subj01/surf/lh.area
vertex spacing 0.70 +- 0.18 (0.03-->3.56) (max @ vno 139963 --> 141372)
face area 0.21 +- 0.09 (0.00-->2.23)
refinement took 7.9 minutes
#--------------------------------------------
#@# Make White Surf rh Wed May  8 19:44:18 CDT 2019
/home/stone-ext1/freesurfer/subjects/FS6EXPERT_subj01/scripts

 mris_make_surfaces -aseg ../mri/aseg.presurf -white white.preaparc -noaparc -whiteonly -mgz -T1 brain.finalsurfs FS6EXPERT_subj01 rh 

using white.preaparc as white matter name...
only generating white matter surface
using aseg volume ../mri/aseg.presurf to prevent surfaces crossing the midline
not using aparc to prevent surfaces crossing the midline
INFO: assuming MGZ format for volumes.
using brain.finalsurfs as T1 volume...
$Id: mris_make_surfaces.c,v 1.164.2.4 2016/12/13 22:26:32 zkaufman Exp $
$Id: mrisurf.c,v 1.781.2.6 2016/12/27 16:47:14 zkaufman Exp $
reading volume /home/stone-ext1/freesurfer/subjects/FS6EXPERT_subj01/mri/filled.mgz...
reading volume /home/stone-ext1/freesurfer/subjects/FS6EXPERT_subj01/mri/brain.finalsurfs.mgz...
reading volume /home/stone-ext1/freesurfer/subjects/FS6EXPERT_subj01/mri/../mri/aseg.presurf.mgz...
reading volume /home/stone-ext1/freesurfer/subjects/FS6EXPERT_subj01/mri/wm.mgz...
31001 bright wm thresholded.
1071 bright non-wm voxels segmented.
reading original surface position from /home/stone-ext1/freesurfer/subjects/FS6EXPERT_subj01/surf/rh.orig...
computing class statistics...
border white:    437834 voxels (1.34%)
border gray      470295 voxels (1.44%)
WM (104.0): 103.5 +- 6.0 [70.0 --> 110.0]
GM (84.0) : 83.2 +- 9.5 [30.0 --> 110.0]
setting MIN_GRAY_AT_WHITE_BORDER to 70.5 (was 70)
setting MAX_BORDER_WHITE to 115.0 (was 105)
setting MIN_BORDER_WHITE to 80.0 (was 85)
setting MAX_CSF to 60.9 (was 40)
setting MAX_GRAY to 103.0 (was 95)
setting MAX_GRAY_AT_CSF_BORDER to 70.5 (was 75)
setting MIN_GRAY_AT_CSF_BORDER to 51.4 (was 40)
repositioning cortical surface to gray/white boundary
smoothing T1 volume with sigma = 2.000
vertex spacing 0.67 +- 0.17 (0.02-->3.22) (max @ vno 222208 --> 222224)
face area 0.19 +- 0.08 (0.00-->1.72)
mean absolute distance = 1.09 +- 1.34
7833 vertices more than 2 sigmas from mean.
averaging target values for 5 iterations...
spring scale = 1.25
using class modes intead of means, discounting robust sigmas....
intensity peaks found at WM=109+-1.7,    GM=80+-5.2
mean inside = 101.8, mean outside = 84.9
smoothing surface for 5 iterations...
inhibiting deformation at non-cortical midline structures...
removing 4 vertex label from ripped group
mean border=94.0, 91 (91) missing vertices, mean dist -0.3 [1.6 (%43.6)->0.6 (%56.4))]
%50 local maxima, %37 large gradients and % 9 min vals, 0 gradients ignored
tol=1.0e-04, sigma=2.0, host=stone, nav=4, nbrs=2, l_repulse=5.000, l_tspring=1.562, l_nspring=0.625, l_intensity=0.200, l_curv=1.000
mom=0.00, dt=0.50
complete_dist_mat 0
rms 0
smooth_averages 0
remove_neg 0
ico_order 0
which_surface 0
target_radius 0.000000
nfields 0
scale 0.000000
desired_rms_height 0.000000
momentum 0.000000
nbhd_size 0
max_nbrs 0
niterations 25
nsurfaces 0
SURFACES 3
flags 0 (0)
use curv 0
no sulc 0
no rigid align 0
mris->nsize 2
mris->hemisphere 1
randomSeed 0

smoothing T1 volume with sigma = 1.000
vertex spacing 0.71 +- 0.18 (0.03-->4.22) (max @ vno 143900 --> 143914)
face area 0.19 +- 0.08 (0.00-->2.08)
mean absolute distance = 0.46 +- 0.75
7786 vertices more than 2 sigmas from mean.
averaging target values for 5 iterations...
000: dt: 0.0000, sse=3187623.0, rms=7.152
001: dt: 0.5000, sse=1665505.5, rms=4.095 (42.748%)
002: dt: 0.5000, sse=1331785.0, rms=2.961 (27.690%)
003: dt: 0.5000, sse=1283107.9, rms=2.754 (6.987%)
rms = 2.74, time step reduction 1 of 3 to 0.250...
004: dt: 0.5000, sse=1263212.1, rms=2.737 (0.621%)
005: dt: 0.2500, sse=1061360.0, rms=1.487 (45.687%)
006: dt: 0.2500, sse=1025194.3, rms=1.217 (18.100%)
007: dt: 0.2500, sse=1015986.0, rms=1.136 (6.725%)
rms = 1.09, time step reduction 2 of 3 to 0.125...
008: dt: 0.2500, sse=1012946.4, rms=1.093 (3.735%)
rms = 1.07, time step reduction 3 of 3 to 0.062...
009: dt: 0.1250, sse=1006328.5, rms=1.070 (2.089%)
positioning took 1.2 minutes
inhibiting deformation at non-cortical midline structures...
removing 4 vertex label from ripped group
removing 2 vertex label from ripped group
mean border=94.6, 83 (15) missing vertices, mean dist -0.2 [0.6 (%50.5)->0.3 (%49.5))]
%81 local maxima, %12 large gradients and % 2 min vals, 0 gradients ignored
tol=1.0e-04, sigma=1.0, host=stone, nav=2, nbrs=2, l_repulse=5.000, l_tspring=1.562, l_nspring=0.625, l_intensity=0.200, l_curv=1.000
mom=0.00, dt=0.50
smoothing T1 volume with sigma = 0.500
vertex spacing 0.70 +- 0.18 (0.04-->4.94) (max @ vno 143900 --> 143914)
face area 0.21 +- 0.09 (0.00-->2.49)
mean absolute distance = 0.24 +- 0.51
6769 vertices more than 2 sigmas from mean.
averaging target values for 5 iterations...
000: dt: 0.0000, sse=1797840.2, rms=4.206
010: dt: 0.5000, sse=1336023.0, rms=2.626 (37.557%)
011: dt: 0.5000, sse=1306307.8, rms=2.529 (3.696%)
rms = 2.67, time step reduction 1 of 3 to 0.250...
012: dt: 0.2500, sse=1142532.5, rms=1.585 (37.319%)
013: dt: 0.2500, sse=1094072.9, rms=1.047 (33.984%)
014: dt: 0.2500, sse=1079813.1, rms=0.929 (11.248%)
rms = 0.89, time step reduction 2 of 3 to 0.125...
015: dt: 0.2500, sse=1077533.1, rms=0.887 (4.498%)
rms = 0.86, time step reduction 3 of 3 to 0.062...
016: dt: 0.1250, sse=1070524.2, rms=0.860 (3.079%)
positioning took 1.0 minutes
inhibiting deformation at non-cortical midline structures...
removing 4 vertex label from ripped group
mean border=95.2, 112 (13) missing vertices, mean dist -0.1 [0.4 (%44.7)->0.1 (%55.3))]
%90 local maxima, % 5 large gradients and % 1 min vals, 0 gradients ignored
tol=1.0e-04, sigma=0.5, host=stone, nav=1, nbrs=2, l_repulse=5.000, l_tspring=1.562, l_nspring=0.625, l_intensity=0.200, l_curv=1.000
mom=0.00, dt=0.50
smoothing T1 volume with sigma = 0.250
vertex spacing 0.70 +- 0.18 (0.02-->5.04) (max @ vno 143900 --> 143914)
face area 0.21 +- 0.09 (0.00-->2.57)
mean absolute distance = 0.17 +- 0.37
4080 vertices more than 2 sigmas from mean.
averaging target values for 5 iterations...
000: dt: 0.0000, sse=1207681.0, rms=2.043
017: dt: 0.5000, sse=1165351.5, rms=1.637 (19.870%)
rms = 1.96, time step reduction 1 of 3 to 0.250...
018: dt: 0.2500, sse=1084297.9, rms=1.063 (35.077%)
019: dt: 0.2500, sse=1067079.2, rms=0.829 (21.989%)
rms = 0.78, time step reduction 2 of 3 to 0.125...
020: dt: 0.2500, sse=1070451.4, rms=0.780 (5.853%)
rms = 0.76, time step reduction 3 of 3 to 0.062...
021: dt: 0.1250, sse=1062959.8, rms=0.758 (2.881%)
positioning took 0.7 minutes
inhibiting deformation at non-cortical midline structures...
removing 4 vertex label from ripped group
mean border=95.1, 135 (9) missing vertices, mean dist -0.0 [0.3 (%34.1)->0.1 (%65.9))]
%92 local maxima, % 4 large gradients and % 0 min vals, 0 gradients ignored
tol=1.0e-04, sigma=0.2, host=stone, nav=0, nbrs=2, l_repulse=5.000, l_tspring=1.562, l_nspring=0.625, l_intensity=0.200, l_curv=1.000
mom=0.00, dt=0.50
writing white matter surface to /home/stone-ext1/freesurfer/subjects/FS6EXPERT_subj01/surf/rh.white.preaparc...
writing smoothed curvature to rh.curv
000: dt: 0.0000, sse=1112365.2, rms=1.261
022: dt: 0.5000, sse=1089427.9, rms=0.995 (21.120%)
rms = 1.44, time step reduction 1 of 3 to 0.250...
023: dt: 0.2500, sse=1053508.8, rms=0.681 (31.581%)
rms = 0.65, time step reduction 2 of 3 to 0.125...
024: dt: 0.2500, sse=1057323.9, rms=0.645 (5.212%)
rms = 0.62, time step reduction 3 of 3 to 0.062...
025: dt: 0.1250, sse=1052686.9, rms=0.623 (3.504%)
positioning took 0.6 minutes
generating cortex label...
13 non-cortical segments detected
only using segment with 11232 vertices
erasing segment 0 (vno[0] = 64506)
erasing segment 1 (vno[0] = 70709)
erasing segment 3 (vno[0] = 141989)
erasing segment 4 (vno[0] = 149962)
erasing segment 5 (vno[0] = 155346)
erasing segment 6 (vno[0] = 155400)
erasing segment 7 (vno[0] = 156829)
erasing segment 8 (vno[0] = 159288)
erasing segment 9 (vno[0] = 160876)
erasing segment 10 (vno[0] = 162185)
erasing segment 11 (vno[0] = 164612)
erasing segment 12 (vno[0] = 171433)
writing cortex label to /home/stone-ext1/freesurfer/subjects/FS6EXPERT_subj01/label/rh.cortex.label...
writing curvature file /home/stone-ext1/freesurfer/subjects/FS6EXPERT_subj01/surf/rh.curv
writing smoothed area to rh.area
writing curvature file /home/stone-ext1/freesurfer/subjects/FS6EXPERT_subj01/surf/rh.area
vertex spacing 0.71 +- 0.19 (0.01-->5.20) (max @ vno 143900 --> 143914)
face area 0.21 +- 0.09 (0.00-->2.62)
refinement took 5.7 minutes
#--------------------------------------------
#@# Smooth2 lh Wed May  8 19:49:59 CDT 2019
/home/stone-ext1/freesurfer/subjects/FS6EXPERT_subj01/scripts

 mris_smooth -n 3 -nw -seed 1234 ../surf/lh.white.preaparc ../surf/lh.smoothwm 

smoothing for 3 iterations
setting seed for random number generator to 1234
smoothing surface tessellation for 3 iterations...
smoothing complete - recomputing first and second fundamental forms...
#--------------------------------------------
#@# Smooth2 rh Wed May  8 19:50:08 CDT 2019
/home/stone-ext1/freesurfer/subjects/FS6EXPERT_subj01/scripts

 mris_smooth -n 3 -nw -seed 1234 ../surf/rh.white.preaparc ../surf/rh.smoothwm 

smoothing for 3 iterations
setting seed for random number generator to 1234
smoothing surface tessellation for 3 iterations...
smoothing complete - recomputing first and second fundamental forms...
#--------------------------------------------
#@# Inflation2 lh Wed May  8 19:50:18 CDT 2019
/home/stone-ext1/freesurfer/subjects/FS6EXPERT_subj01/scripts

 mris_inflate -rusage /home/stone-ext1/freesurfer/subjects/FS6EXPERT_subj01/touch/rusage.mris_inflate.lh.dat -n 50 ../surf/lh.smoothwm ../surf/lh.inflated 

niterations = 50
Reading ../surf/lh.smoothwm
avg radius = 48.5 mm, total surface area = 87166 mm^2
writing inflated surface to ../surf/lh.inflated
writing sulcal depths to ../surf/lh.sulc
step 000: RMS=0.150 (target=0.015)   step 005: RMS=0.107 (target=0.015)   step 010: RMS=0.079 (target=0.015)   step 015: RMS=0.065 (target=0.015)   step 020: RMS=0.055 (target=0.015)   step 025: RMS=0.046 (target=0.015)   step 030: RMS=0.040 (target=0.015)   step 035: RMS=0.035 (target=0.015)   step 040: RMS=0.031 (target=0.015)   step 045: RMS=0.027 (target=0.015)   step 050: RMS=0.025 (target=0.015)   step 055: RMS=0.023 (target=0.015)   step 060: RMS=0.022 (target=0.015)   step 065: RMS=0.020 (target=0.015)   step 070: RMS=0.019 (target=0.015)   step 075: RMS=0.019 (target=0.015)   step 080: RMS=0.018 (target=0.015)   step 085: RMS=0.017 (target=0.015)   step 090: RMS=0.017 (target=0.015)   step 095: RMS=0.016 (target=0.015)   step 100: RMS=0.016 (target=0.015)   step 105: RMS=0.016 (target=0.015)   step 110: RMS=0.016 (target=0.015)   step 115: RMS=0.015 (target=0.015)   step 120: RMS=0.015 (target=0.015)   
inflation complete.
inflation took 1.2 minutes
mris_inflate utimesec    955.637888
mris_inflate stimesec    13.960273
mris_inflate ru_maxrss   364672
mris_inflate ru_ixrss    0
mris_inflate ru_idrss    0
mris_inflate ru_isrss    0
mris_inflate ru_minflt   1134565
mris_inflate ru_majflt   2
mris_inflate ru_nswap    0
mris_inflate ru_inblock  392
mris_inflate ru_oublock  17664
mris_inflate ru_msgsnd   0
mris_inflate ru_msgrcv   0
mris_inflate ru_nsignals 0
mris_inflate ru_nvcsw    223418
mris_inflate ru_nivcsw   130350
#--------------------------------------------
#@# Inflation2 rh Wed May  8 19:51:28 CDT 2019
/home/stone-ext1/freesurfer/subjects/FS6EXPERT_subj01/scripts

 mris_inflate -rusage /home/stone-ext1/freesurfer/subjects/FS6EXPERT_subj01/touch/rusage.mris_inflate.rh.dat -n 50 ../surf/rh.smoothwm ../surf/rh.inflated 

niterations = 50
Reading ../surf/rh.smoothwm
avg radius = 47.3 mm, total surface area = 86257 mm^2
writing inflated surface to ../surf/rh.inflated
writing sulcal depths to ../surf/rh.sulc
step 000: RMS=0.149 (target=0.015)   step 005: RMS=0.107 (target=0.015)   step 010: RMS=0.080 (target=0.015)   step 015: RMS=0.066 (target=0.015)   step 020: RMS=0.056 (target=0.015)   step 025: RMS=0.047 (target=0.015)   step 030: RMS=0.040 (target=0.015)   step 035: RMS=0.035 (target=0.015)   step 040: RMS=0.030 (target=0.015)   step 045: RMS=0.027 (target=0.015)   step 050: RMS=0.024 (target=0.015)   step 055: RMS=0.022 (target=0.015)   step 060: RMS=0.020 (target=0.015)   step 065: RMS=0.019 (target=0.015)   step 070: RMS=0.019 (target=0.015)   step 075: RMS=0.018 (target=0.015)   step 080: RMS=0.017 (target=0.015)   step 085: RMS=0.017 (target=0.015)   step 090: RMS=0.016 (target=0.015)   step 095: RMS=0.016 (target=0.015)   step 100: RMS=0.016 (target=0.015)   step 105: RMS=0.015 (target=0.015)   step 110: RMS=0.015 (target=0.015)   
inflation complete.
inflation took 1.0 minutes
mris_inflate utimesec    884.261963
mris_inflate stimesec    15.424144
mris_inflate ru_maxrss   358944
mris_inflate ru_ixrss    0
mris_inflate ru_idrss    0
mris_inflate ru_isrss    0
mris_inflate ru_minflt   1095909
mris_inflate ru_majflt   0
mris_inflate ru_nswap    0
mris_inflate ru_inblock  0
mris_inflate ru_oublock  17392
mris_inflate ru_msgsnd   0
mris_inflate ru_msgrcv   0
mris_inflate ru_nsignals 0
mris_inflate ru_nvcsw    225136
mris_inflate ru_nivcsw   119234
#--------------------------------------------
#@# Curv .H and .K lh Wed May  8 19:52:31 CDT 2019
/home/stone-ext1/freesurfer/subjects/FS6EXPERT_subj01/surf

 mris_curvature -w lh.white.preaparc 

total integrated curvature = 15.792*4pi (198.453) --> -15 handles
ICI = 194.5, FI = 2456.6, variation=36989.982
writing Gaussian curvature to ./lh.white.preaparc.K...done.
writing mean curvature to ./lh.white.preaparc.H...done.
rm -f lh.white.H
ln -s lh.white.preaparc.H lh.white.H
rm -f lh.white.K
ln -s lh.white.preaparc.K lh.white.K

 mris_curvature -thresh .999 -n -a 5 -w -distances 10 10 lh.inflated 

normalizing curvature values.
averaging curvature patterns 5 times.
sampling 10 neighbors out to a distance of 10 mm
357 vertices thresholded to be in k1 ~ [-0.17 0.53], k2 ~ [-0.10 0.14]
total integrated curvature = 0.695*4pi (8.730) --> 0 handles
ICI = 1.4, FI = 6.7, variation=121.804
221 vertices thresholded to be in [-0.02 0.01]
writing Gaussian curvature to ./lh.inflated.K...thresholding curvature at 99.90% level
curvature mean = 0.000, std = 0.001
221 vertices thresholded to be in [-0.12 0.11]
done.
writing mean curvature to ./lh.inflated.H...curvature mean = -0.016, std = 0.018
done.
#--------------------------------------------
#@# Curv .H and .K rh Wed May  8 19:54:23 CDT 2019
/home/stone-ext1/freesurfer/subjects/FS6EXPERT_subj01/surf

 mris_curvature -w rh.white.preaparc 

total integrated curvature = 14.618*4pi (183.697) --> -14 handles
ICI = 185.1, FI = 2319.4, variation=34987.689
writing Gaussian curvature to ./rh.white.preaparc.K...done.
writing mean curvature to ./rh.white.preaparc.H...done.
rm -f rh.white.H
ln -s rh.white.preaparc.H rh.white.H
rm -f rh.white.K
ln -s rh.white.preaparc.K rh.white.K

 mris_curvature -thresh .999 -n -a 5 -w -distances 10 10 rh.inflated 

normalizing curvature values.
averaging curvature patterns 5 times.
sampling 10 neighbors out to a distance of 10 mm
348 vertices thresholded to be in k1 ~ [-0.19 0.29], k2 ~ [-0.13 0.08]
total integrated curvature = 0.641*4pi (8.054) --> 0 handles
ICI = 1.4, FI = 7.0, variation=127.835
226 vertices thresholded to be in [-0.01 0.02]
writing Gaussian curvature to ./rh.inflated.K...thresholding curvature at 99.90% level
curvature mean = 0.000, std = 0.001
271 vertices thresholded to be in [-0.12 0.09]
done.
writing mean curvature to ./rh.inflated.H...curvature mean = -0.016, std = 0.018
done.

#-----------------------------------------
#@# Curvature Stats lh Wed May  8 19:56:11 CDT 2019
/home/stone-ext1/freesurfer/subjects/FS6EXPERT_subj01/surf

 mris_curvature_stats -m --writeCurvatureFiles -G -o ../stats/lh.curv.stats -F smoothwm FS6EXPERT_subj01 lh curv sulc 

             Toggling save flag on curvature files                       [ ok ]
                 Outputting results using filestem   [ ../stats/lh.curv.stats ]
             Toggling save flag on curvature files                       [ ok ]
                                   Setting surface [ FS6EXPERT_subj01/lh.smoothwm ]
                                Reading surface...                       [ ok ]
                                   Setting texture                     [ curv ]
                                Reading texture...                       [ ok ]
                                   Setting texture                     [ sulc ]
                                Reading texture...Gb_filter = 0
                       [ ok ]
      Calculating Discrete Principal Curvatures...
   Determining geometric order for vertex faces... [####################] [ ok ]
                      Determining KH curvatures... [####################] [ ok ]
                    Determining k1k2 curvatures... [####################] [ ok ]
                                   deltaViolations                      [ 422 ]
Gb_filter = 0

WARN:    S lookup   min:                          -0.345905
WARN:    S explicit min:                          0.000000	vertex = 46

#-----------------------------------------
#@# Curvature Stats rh Wed May  8 19:56:17 CDT 2019
/home/stone-ext1/freesurfer/subjects/FS6EXPERT_subj01/surf

 mris_curvature_stats -m --writeCurvatureFiles -G -o ../stats/rh.curv.stats -F smoothwm FS6EXPERT_subj01 rh curv sulc 

             Toggling save flag on curvature files                       [ ok ]
                 Outputting results using filestem   [ ../stats/rh.curv.stats ]
             Toggling save flag on curvature files                       [ ok ]
                                   Setting surface [ FS6EXPERT_subj01/rh.smoothwm ]
                                Reading surface...                       [ ok ]
                                   Setting texture                     [ curv ]
                                Reading texture...                       [ ok ]
                                   Setting texture                     [ sulc ]
                                Reading texture...Gb_filter = 0
                       [ ok ]
      Calculating Discrete Principal Curvatures...
   Determining geometric order for vertex faces... [####################] [ ok ]
                      Determining KH curvatures... [####################] [ ok ]
                    Determining k1k2 curvatures... [####################] [ ok ]
                                   deltaViolations                      [ 405 ]
Gb_filter = 0
#--------------------------------------------
#@# Sphere lh Wed May  8 19:56:23 CDT 2019
/home/stone-ext1/freesurfer/subjects/FS6EXPERT_subj01/scripts

 mris_sphere -rusage /home/stone-ext1/freesurfer/subjects/FS6EXPERT_subj01/touch/rusage.mris_sphere.lh.dat -seed 1234 ../surf/lh.inflated ../surf/lh.sphere 

setting seed for random number genererator to 1234
$Id: mris_sphere.c,v 1.61 2016/01/20 23:42:15 greve Exp $
  $Id: mrisurf.c,v 1.781.2.6 2016/12/27 16:47:14 zkaufman Exp $
reading original vertex positions...
unfolding cortex into spherical form...
surface projected - minimizing metric distortion...

== Number of threads available to mris_sphere for OpenMP = 32 == 
scaling brain by 0.270...
MRISunfold() max_passes = 1 -------
tol=5.0e-01, sigma=0.0, host=stone, nav=1024, nbrs=2, l_area=1.000, l_dist=1.000
using quadratic fit line minimization
complete_dist_mat 0
rms 0
smooth_averages 0
remove_neg 0
ico_order 0
which_surface 0
target_radius 0.000000
nfields 0
scale 1.000000
desired_rms_height -1.000000
momentum 0.900000
nbhd_size 7
max_nbrs 8
niterations 25
nsurfaces 0
SURFACES 3
flags 0 (0)
use curv 0
no sulc 0
no rigid align 0
mris->nsize 2
mris->hemisphere 0
randomSeed 1234

--------------------
  mrisRemoveNegativeArea()
pass 1: epoch 1 of 3 starting distance error %41.79
pass 1: epoch 2 of 3 starting distance error %20.86
unfolding complete - removing small folds...
starting distance error %20.71
removing remaining folds...
final distance error %20.72
MRISunfold() return, current seed 1234
-01: dt=0.0000, 385 negative triangles
103: dt=0.9900, 385 negative triangles
104: dt=0.9900, 240 negative triangles
105: dt=0.9900, 210 negative triangles
106: dt=0.9900, 215 negative triangles
107: dt=0.9900, 206 negative triangles
108: dt=0.9900, 192 negative triangles
109: dt=0.9900, 177 negative triangles
110: dt=0.9900, 160 negative triangles
111: dt=0.9900, 154 negative triangles
112: dt=0.9900, 155 negative triangles
113: dt=0.9900, 138 negative triangles
114: dt=0.9900, 131 negative triangles
115: dt=0.9900, 119 negative triangles
116: dt=0.9900, 113 negative triangles
117: dt=0.9900, 104 negative triangles
118: dt=0.9900, 93 negative triangles
119: dt=0.9900, 79 negative triangles
120: dt=0.9900, 81 negative triangles
121: dt=0.9900, 69 negative triangles
122: dt=0.9900, 70 negative triangles
123: dt=0.9900, 63 negative triangles
124: dt=0.9900, 75 negative triangles
125: dt=0.9900, 73 negative triangles
126: dt=0.9900, 67 negative triangles
127: dt=0.9900, 75 negative triangles
128: dt=0.9900, 75 negative triangles
129: dt=0.9900, 66 negative triangles
130: dt=0.9900, 73 negative triangles
131: dt=0.9900, 69 negative triangles
132: dt=0.9900, 66 negative triangles
133: dt=0.9405, 69 negative triangles
134: dt=0.9405, 68 negative triangles
135: dt=0.9405, 70 negative triangles
136: dt=0.9405, 70 negative triangles
137: dt=0.9405, 62 negative triangles
138: dt=0.9405, 72 negative triangles
139: dt=0.9405, 64 negative triangles
140: dt=0.9405, 62 negative triangles
141: dt=0.9405, 66 negative triangles
142: dt=0.9405, 65 negative triangles
143: dt=0.9405, 62 negative triangles
144: dt=0.9405, 56 negative triangles
145: dt=0.9405, 53 negative triangles
146: dt=0.9405, 51 negative triangles
147: dt=0.9405, 56 negative triangles
148: dt=0.9405, 54 negative triangles
149: dt=0.9405, 59 negative triangles
150: dt=0.9405, 57 negative triangles
151: dt=0.9405, 61 negative triangles
152: dt=0.9405, 54 negative triangles
153: dt=0.9405, 50 negative triangles
154: dt=0.9405, 50 negative triangles
155: dt=0.9405, 50 negative triangles
156: dt=0.9405, 57 negative triangles
157: dt=0.9405, 58 negative triangles
158: dt=0.9405, 54 negative triangles
159: dt=0.9405, 48 negative triangles
160: dt=0.9405, 45 negative triangles
161: dt=0.9405, 42 negative triangles
162: dt=0.9405, 43 negative triangles
163: dt=0.9405, 35 negative triangles
164: dt=0.9405, 38 negative triangles
165: dt=0.9405, 41 negative triangles
166: dt=0.9405, 42 negative triangles
167: dt=0.9405, 36 negative triangles
168: dt=0.9405, 37 negative triangles
169: dt=0.9405, 35 negative triangles
170: dt=0.9405, 36 negative triangles
171: dt=0.9405, 35 negative triangles
172: dt=0.9405, 37 negative triangles
173: dt=0.9405, 34 negative triangles
174: dt=0.9405, 37 negative triangles
175: dt=0.9405, 43 negative triangles
176: dt=0.9405, 38 negative triangles
177: dt=0.9405, 34 negative triangles
178: dt=0.9405, 26 negative triangles
179: dt=0.9405, 36 negative triangles
180: dt=0.9405, 36 negative triangles
181: dt=0.9405, 33 negative triangles
182: dt=0.9405, 28 negative triangles
183: dt=0.9405, 21 negative triangles
184: dt=0.9405, 26 negative triangles
185: dt=0.9405, 20 negative triangles
186: dt=0.9405, 22 negative triangles
187: dt=0.9405, 21 negative triangles
188: dt=0.9405, 24 negative triangles
189: dt=0.9405, 24 negative triangles
190: dt=0.9405, 29 negative triangles
191: dt=0.9405, 22 negative triangles
192: dt=0.9405, 25 negative triangles
193: dt=0.9405, 24 negative triangles
194: dt=0.9405, 16 negative triangles
195: dt=0.9405, 19 negative triangles
196: dt=0.9405, 15 negative triangles
197: dt=0.9405, 11 negative triangles
198: dt=0.9405, 15 negative triangles
199: dt=0.9405, 9 negative triangles
200: dt=0.9405, 5 negative triangles
201: dt=0.9405, 10 negative triangles
202: dt=0.9405, 5 negative triangles
203: dt=0.9405, 6 negative triangles
204: dt=0.9405, 3 negative triangles
205: dt=0.9405, 6 negative triangles
206: dt=0.9405, 3 negative triangles
207: dt=0.9405, 2 negative triangles
208: dt=0.9405, 1 negative triangles
209: dt=0.9405, 2 negative triangles
210: dt=0.9405, 1 negative triangles
211: dt=0.9405, 1 negative triangles
writing spherical brain to ../surf/lh.sphere
spherical transformation took 0.22 hours
mris_sphere utimesec    13770.803020
mris_sphere stimesec    89.978246
mris_sphere ru_maxrss   499132
mris_sphere ru_ixrss    0
mris_sphere ru_idrss    0
mris_sphere ru_isrss    0
mris_sphere ru_minflt   8432979
mris_sphere ru_majflt   0
mris_sphere ru_nswap    0
mris_sphere ru_inblock  0
mris_sphere ru_oublock  15896
mris_sphere ru_msgsnd   0
mris_sphere ru_msgrcv   0
mris_sphere ru_nsignals 0
mris_sphere ru_nvcsw    1931451
mris_sphere ru_nivcsw   1788169
FSRUNTIME@ mris_sphere  0.2199 hours 1 threads
#--------------------------------------------
#@# Sphere rh Wed May  8 20:09:34 CDT 2019
/home/stone-ext1/freesurfer/subjects/FS6EXPERT_subj01/scripts

 mris_sphere -rusage /home/stone-ext1/freesurfer/subjects/FS6EXPERT_subj01/touch/rusage.mris_sphere.rh.dat -seed 1234 ../surf/rh.inflated ../surf/rh.sphere 

setting seed for random number genererator to 1234
$Id: mris_sphere.c,v 1.61 2016/01/20 23:42:15 greve Exp $
  $Id: mrisurf.c,v 1.781.2.6 2016/12/27 16:47:14 zkaufman Exp $
reading original vertex positions...
unfolding cortex into spherical form...
surface projected - minimizing metric distortion...

== Number of threads available to mris_sphere for OpenMP = 32 == 
scaling brain by 0.275...
MRISunfold() max_passes = 1 -------
tol=5.0e-01, sigma=0.0, host=stone, nav=1024, nbrs=2, l_area=1.000, l_dist=1.000
using quadratic fit line minimization
complete_dist_mat 0
rms 0
smooth_averages 0
remove_neg 0
ico_order 0
which_surface 0
target_radius 0.000000
nfields 0
scale 1.000000
desired_rms_height -1.000000
momentum 0.900000
nbhd_size 7
max_nbrs 8
niterations 25
nsurfaces 0
SURFACES 3
flags 0 (0)
use curv 0
no sulc 0
no rigid align 0
mris->nsize 2
mris->hemisphere 1
randomSeed 1234

--------------------
  mrisRemoveNegativeArea()
pass 1: epoch 1 of 3 starting distance error %42.07
pass 1: epoch 2 of 3 starting distance error %21.60
unfolding complete - removing small folds...
starting distance error %21.39
removing remaining folds...
final distance error %21.40
MRISunfold() return, current seed 1234
-01: dt=0.0000, 271 negative triangles
092: dt=0.9900, 271 negative triangles
093: dt=0.9900, 121 negative triangles
094: dt=0.9900, 106 negative triangles
095: dt=0.9900, 80 negative triangles
096: dt=0.9900, 77 negative triangles
097: dt=0.9900, 67 negative triangles
098: dt=0.9900, 59 negative triangles
099: dt=0.9900, 66 negative triangles
100: dt=0.9900, 55 negative triangles
101: dt=0.9900, 57 negative triangles
102: dt=0.9900, 53 negative triangles
103: dt=0.9900, 57 negative triangles
104: dt=0.9900, 56 negative triangles
105: dt=0.9900, 57 negative triangles
106: dt=0.9900, 57 negative triangles
107: dt=0.9900, 56 negative triangles
108: dt=0.9900, 48 negative triangles
109: dt=0.9900, 56 negative triangles
110: dt=0.9900, 54 negative triangles
111: dt=0.9900, 53 negative triangles
112: dt=0.9900, 56 negative triangles
113: dt=0.9900, 56 negative triangles
114: dt=0.9900, 57 negative triangles
115: dt=0.9900, 53 negative triangles
116: dt=0.9900, 60 negative triangles
117: dt=0.9900, 53 negative triangles
118: dt=0.9405, 61 negative triangles
119: dt=0.9405, 52 negative triangles
120: dt=0.9405, 54 negative triangles
121: dt=0.9405, 53 negative triangles
122: dt=0.9405, 56 negative triangles
123: dt=0.9405, 52 negative triangles
124: dt=0.9405, 48 negative triangles
125: dt=0.9405, 54 negative triangles
126: dt=0.9405, 47 negative triangles
127: dt=0.9405, 50 negative triangles
128: dt=0.9405, 48 negative triangles
129: dt=0.9405, 54 negative triangles
130: dt=0.9405, 51 negative triangles
131: dt=0.9405, 48 negative triangles
132: dt=0.9405, 53 negative triangles
133: dt=0.9405, 51 negative triangles
134: dt=0.9405, 51 negative triangles
135: dt=0.9405, 45 negative triangles
136: dt=0.9405, 51 negative triangles
137: dt=0.9405, 44 negative triangles
138: dt=0.9405, 43 negative triangles
139: dt=0.9405, 44 negative triangles
140: dt=0.9405, 44 negative triangles
141: dt=0.9405, 37 negative triangles
142: dt=0.9405, 43 negative triangles
143: dt=0.9405, 37 negative triangles
144: dt=0.9405, 43 negative triangles
145: dt=0.9405, 34 negative triangles
146: dt=0.9405, 40 negative triangles
147: dt=0.9405, 36 negative triangles
148: dt=0.9405, 37 negative triangles
149: dt=0.9405, 35 negative triangles
150: dt=0.9405, 34 negative triangles
151: dt=0.9405, 26 negative triangles
152: dt=0.9405, 27 negative triangles
153: dt=0.9405, 28 negative triangles
154: dt=0.9405, 27 negative triangles
155: dt=0.9405, 27 negative triangles
156: dt=0.9405, 24 negative triangles
157: dt=0.9405, 21 negative triangles
158: dt=0.9405, 20 negative triangles
159: dt=0.9405, 18 negative triangles
160: dt=0.9405, 16 negative triangles
161: dt=0.9405, 17 negative triangles
162: dt=0.9405, 17 negative triangles
163: dt=0.9405, 15 negative triangles
164: dt=0.9405, 16 negative triangles
165: dt=0.9405, 14 negative triangles
166: dt=0.9405, 13 negative triangles
167: dt=0.9405, 9 negative triangles
168: dt=0.9405, 8 negative triangles
169: dt=0.9405, 7 negative triangles
170: dt=0.9405, 12 negative triangles
171: dt=0.9405, 7 negative triangles
172: dt=0.9405, 10 negative triangles
173: dt=0.9405, 11 negative triangles
174: dt=0.9405, 10 negative triangles
175: dt=0.9405, 7 negative triangles
176: dt=0.9405, 7 negative triangles
177: dt=0.9405, 4 negative triangles
178: dt=0.9405, 7 negative triangles
179: dt=0.9405, 3 negative triangles
180: dt=0.9405, 4 negative triangles
181: dt=0.9405, 1 negative triangles
writing spherical brain to ../surf/rh.sphere
spherical transformation took 0.22 hours
mris_sphere utimesec    14097.790019
mris_sphere stimesec    84.968193
mris_sphere ru_maxrss   482044
mris_sphere ru_ixrss    0
mris_sphere ru_idrss    0
mris_sphere ru_isrss    0
mris_sphere ru_minflt   6577982
mris_sphere ru_majflt   0
mris_sphere ru_nswap    0
mris_sphere ru_inblock  0
mris_sphere ru_oublock  15648
mris_sphere ru_msgsnd   0
mris_sphere ru_msgrcv   0
mris_sphere ru_nsignals 0
mris_sphere ru_nvcsw    2063284
mris_sphere ru_nivcsw   1821423
FSRUNTIME@ mris_sphere  0.2163 hours 1 threads
#--------------------------------------------
#@# Surf Reg lh Wed May  8 20:22:33 CDT 2019
/home/stone-ext1/freesurfer/subjects/FS6EXPERT_subj01/scripts

 mris_register -curv -rusage /home/stone-ext1/freesurfer/subjects/FS6EXPERT_subj01/touch/rusage.mris_register.lh.dat ../surf/lh.sphere /home/stone/software/freesurfer_stable_600/average/lh.folding.atlas.acfb40.noaparc.i12.2016-08-02.tif ../surf/lh.sphere.reg 

using smoothwm curvature for final alignment

cwd /home/stone-ext1/freesurfer/subjects/FS6EXPERT_subj01/scripts
cmdline mris_register -curv -rusage /home/stone-ext1/freesurfer/subjects/FS6EXPERT_subj01/touch/rusage.mris_register.lh.dat ../surf/lh.sphere /home/stone/software/freesurfer_stable_600/average/lh.folding.atlas.acfb40.noaparc.i12.2016-08-02.tif ../surf/lh.sphere.reg 

0 inflated.H
1 sulc
2 smoothwm (computed)
$Id: mris_register.c,v 1.63 2016/01/20 23:43:04 greve Exp $
  $Id: mrisurf.c,v 1.781.2.6 2016/12/27 16:47:14 zkaufman Exp $
reading surface from ../surf/lh.sphere...
reading template parameterization from /home/stone/software/freesurfer_stable_600/average/lh.folding.atlas.acfb40.noaparc.i12.2016-08-02.tif...
MRISregister() -------
max_passes = 4 
min_degrees = 0.500000 
max_degrees = 64.000000 
nangles = 8 
tol=5.0e-01, sigma=0.0, host=stone, nav=1024, nbrs=1, l_extern=10000.000, l_parea=0.200, l_nlarea=1.000, l_corr=1.000, l_dist=5.000
using quadratic fit line minimization
complete_dist_mat 0
rms 0
smooth_averages 0
remove_neg 0
ico_order 0
which_surface 0
target_radius 0.000000
nfields 0
scale 0.000000
desired_rms_height -1.000000
momentum 0.950000
nbhd_size -10
max_nbrs 10
niterations 25
nsurfaces 0
SURFACES 3
flags 16 (10)
use curv 16
no sulc 0
no rigid align 0
mris->nsize 1
mris->hemisphere 0
randomSeed 0

tol=5.0e-01, sigma=0.0, host=stone, nav=1024, nbrs=1, l_extern=10000.000, l_parea=0.200, l_nlarea=1.000, l_corr=1.000, l_dist=5.000
using quadratic fit line minimization
--------------------
1 Reading lh.sulc
curvature mean = 0.000, std = 5.977
curvature mean = 0.017, std = 0.818
curvature mean = 0.017, std = 0.876
Starting MRISrigidBodyAlignGlobal()
  d=64.00 min @ (0.00, -16.00, 0.00) sse = 526286.7, tmin=1.4954
  d=32.00 min @ (8.00, 8.00, 8.00) sse = 347915.7, tmin=3.0671
  d=16.00 min @ (0.00, 0.00, -4.00) sse = 334771.6, tmin=4.8297
  d=8.00 min @ (-2.00, -2.00, 2.00) sse = 305459.7, tmin=6.4179
  d=2.00 min @ (0.00, 0.50, 0.00) sse = 304705.4, tmin=9.6369
  d=1.00 min @ (-0.25, -0.25, -0.25) sse = 304176.7, tmin=11.2335
tol=1.0e+00, sigma=0.5, host=stone, nav=1024, nbrs=1, l_extern=10000.000, l_parea=0.200, l_nlarea=1.000, l_corr=0.050, l_spring=0.500, l_dist=5.000
using quadratic fit line minimization
MRISrigidBodyAlignGlobal() done  13.06 min
curvature mean = 0.000, std = 0.840
curvature mean = 0.007, std = 0.952
curvature mean = -0.004, std = 0.849
curvature mean = 0.003, std = 0.981
curvature mean = -0.005, std = 0.850
curvature mean = 0.001, std = 0.992
2 Reading smoothwm
curvature mean = -0.032, std = 0.332
curvature mean = 0.040, std = 0.245
curvature mean = 0.048, std = 0.313
curvature mean = 0.038, std = 0.301
curvature mean = 0.022, std = 0.492
curvature mean = 0.038, std = 0.328
curvature mean = 0.012, std = 0.629
curvature mean = 0.039, std = 0.336
curvature mean = 0.005, std = 0.733
MRISregister() return, current seed 0
-01: dt=0.0000, 49 negative triangles
114: dt=0.9900, 49 negative triangles
expanding nbhd size to 1
115: dt=0.9900, 72 negative triangles
116: dt=0.9900, 49 negative triangles
117: dt=0.9900, 48 negative triangles
118: dt=0.9900, 45 negative triangles
119: dt=0.9900, 43 negative triangles
120: dt=0.9900, 38 negative triangles
121: dt=0.9900, 37 negative triangles
122: dt=0.9900, 34 negative triangles
123: dt=0.9900, 36 negative triangles
124: dt=0.9900, 28 negative triangles
125: dt=0.9900, 31 negative triangles
126: dt=0.9900, 26 negative triangles
127: dt=0.9900, 21 negative triangles
128: dt=0.9900, 21 negative triangles
129: dt=0.9900, 18 negative triangles
130: dt=0.9900, 15 negative triangles
131: dt=0.9900, 12 negative triangles
132: dt=0.9900, 10 negative triangles
133: dt=0.9900, 10 negative triangles
134: dt=0.9900, 7 negative triangles
135: dt=0.9900, 7 negative triangles
136: dt=0.9900, 7 negative triangles
137: dt=0.9900, 5 negative triangles
138: dt=0.9900, 5 negative triangles
139: dt=0.9900, 8 negative triangles
140: dt=0.9900, 7 negative triangles
141: dt=0.9900, 4 negative triangles
142: dt=0.9900, 2 negative triangles
143: dt=0.9900, 2 negative triangles
144: dt=0.9900, 2 negative triangles
145: dt=0.9900, 2 negative triangles
146: dt=0.9900, 3 negative triangles
147: dt=0.9900, 2 negative triangles
148: dt=0.9900, 2 negative triangles
149: dt=0.9900, 2 negative triangles
150: dt=0.9900, 2 negative triangles
151: dt=0.9900, 2 negative triangles
152: dt=0.9405, 2 negative triangles
153: dt=0.9405, 2 negative triangles
154: dt=0.9405, 2 negative triangles
155: dt=0.9405, 1 negative triangles
156: dt=0.9405, 1 negative triangles
157: dt=0.9405, 1 negative triangles
158: dt=0.9405, 1 negative triangles
159: dt=0.9405, 1 negative triangles
160: dt=0.9405, 1 negative triangles
161: dt=0.9405, 1 negative triangles
162: dt=0.9405, 1 negative triangles
163: dt=0.9405, 2 negative triangles
164: dt=0.9405, 1 negative triangles
writing registered surface to ../surf/lh.sphere.reg...
registration took 1.37 hours
mris_register utimesec    48322.093167
mris_register stimesec    165.446222
mris_register ru_maxrss   420832
mris_register ru_ixrss    0
mris_register ru_idrss    0
mris_register ru_isrss    0
mris_register ru_minflt   1518389
mris_register ru_majflt   43
mris_register ru_nswap    0
mris_register ru_inblock  14384
mris_register ru_oublock  15896
mris_register ru_msgsnd   0
mris_register ru_msgrcv   0
mris_register ru_nsignals 0
mris_register ru_nvcsw    10714222
mris_register ru_nivcsw   6752409
FSRUNTIME@ mris_register  1.3727 hours 1 threads
#--------------------------------------------
#@# Surf Reg rh Wed May  8 21:44:55 CDT 2019
/home/stone-ext1/freesurfer/subjects/FS6EXPERT_subj01/scripts

 mris_register -curv -rusage /home/stone-ext1/freesurfer/subjects/FS6EXPERT_subj01/touch/rusage.mris_register.rh.dat ../surf/rh.sphere /home/stone/software/freesurfer_stable_600/average/rh.folding.atlas.acfb40.noaparc.i12.2016-08-02.tif ../surf/rh.sphere.reg 

using smoothwm curvature for final alignment

cwd /home/stone-ext1/freesurfer/subjects/FS6EXPERT_subj01/scripts
cmdline mris_register -curv -rusage /home/stone-ext1/freesurfer/subjects/FS6EXPERT_subj01/touch/rusage.mris_register.rh.dat ../surf/rh.sphere /home/stone/software/freesurfer_stable_600/average/rh.folding.atlas.acfb40.noaparc.i12.2016-08-02.tif ../surf/rh.sphere.reg 

0 inflated.H
1 sulc
2 smoothwm (computed)
$Id: mris_register.c,v 1.63 2016/01/20 23:43:04 greve Exp $
  $Id: mrisurf.c,v 1.781.2.6 2016/12/27 16:47:14 zkaufman Exp $
reading surface from ../surf/rh.sphere...
reading template parameterization from /home/stone/software/freesurfer_stable_600/average/rh.folding.atlas.acfb40.noaparc.i12.2016-08-02.tif...
MRISregister() -------
max_passes = 4 
min_degrees = 0.500000 
max_degrees = 64.000000 
nangles = 8 
tol=5.0e-01, sigma=0.0, host=stone, nav=1024, nbrs=1, l_extern=10000.000, l_parea=0.200, l_nlarea=1.000, l_corr=1.000, l_dist=5.000
using quadratic fit line minimization
complete_dist_mat 0
rms 0
smooth_averages 0
remove_neg 0
ico_order 0
which_surface 0
target_radius 0.000000
nfields 0
scale 0.000000
desired_rms_height -1.000000
momentum 0.950000
nbhd_size -10
max_nbrs 10
niterations 25
nsurfaces 0
SURFACES 3
flags 16 (10)
use curv 16
no sulc 0
no rigid align 0
mris->nsize 1
mris->hemisphere 1
randomSeed 0

tol=5.0e-01, sigma=0.0, host=stone, nav=1024, nbrs=1, l_extern=10000.000, l_parea=0.200, l_nlarea=1.000, l_corr=1.000, l_dist=5.000
using quadratic fit line minimization
--------------------
1 Reading rh.sulc
curvature mean = -0.000, std = 5.809
curvature mean = 0.022, std = 0.802
curvature mean = 0.016, std = 0.867
Starting MRISrigidBodyAlignGlobal()
  d=64.00 min @ (16.00, 0.00, 16.00) sse = 583897.0, tmin=1.5005
  d=32.00 min @ (-8.00, -8.00, 0.00) sse = 433492.0, tmin=3.0257
  d=16.00 min @ (0.00, 0.00, -4.00) sse = 398156.9, tmin=4.5640
  d=4.00 min @ (0.00, 0.00, -1.00) sse = 397465.9, tmin=7.6977
  d=2.00 min @ (-0.50, -0.50, 0.00) sse = 396367.3, tmin=9.3000
  d=0.50 min @ (0.00, 0.00, 0.12) sse = 396353.0, tmin=12.4359
tol=1.0e+00, sigma=0.5, host=stone, nav=1024, nbrs=1, l_extern=10000.000, l_parea=0.200, l_nlarea=1.000, l_corr=0.050, l_spring=0.500, l_dist=5.000
using quadratic fit line minimization
MRISrigidBodyAlignGlobal() done  12.44 min
curvature mean = -0.000, std = 0.817
curvature mean = 0.005, std = 0.947
curvature mean = -0.006, std = 0.822
curvature mean = 0.002, std = 0.978
curvature mean = -0.007, std = 0.822
curvature mean = 0.001, std = 0.990
2 Reading smoothwm
curvature mean = -0.031, std = 0.352
curvature mean = 0.036, std = 0.236
curvature mean = 0.039, std = 0.297
curvature mean = 0.033, std = 0.292
curvature mean = 0.022, std = 0.460
curvature mean = 0.033, std = 0.318
curvature mean = 0.011, std = 0.589
curvature mean = 0.033, std = 0.328
curvature mean = 0.005, std = 0.685
MRISregister() return, current seed 0
-01: dt=0.0000, 59 negative triangles
122: dt=0.9900, 59 negative triangles
expanding nbhd size to 1
123: dt=0.9900, 76 negative triangles
124: dt=0.9900, 50 negative triangles
125: dt=0.9900, 48 negative triangles
126: dt=0.9900, 45 negative triangles
127: dt=0.9900, 43 negative triangles
128: dt=0.9900, 40 negative triangles
129: dt=0.9900, 39 negative triangles
130: dt=0.9900, 36 negative triangles
131: dt=0.9900, 34 negative triangles
132: dt=0.9900, 34 negative triangles
133: dt=0.9900, 31 negative triangles
134: dt=0.9900, 28 negative triangles
135: dt=0.9900, 28 negative triangles
136: dt=0.9900, 26 negative triangles
137: dt=0.9900, 24 negative triangles
138: dt=0.9900, 23 negative triangles
139: dt=0.9900, 25 negative triangles
140: dt=0.9900, 25 negative triangles
141: dt=0.9900, 23 negative triangles
142: dt=0.9900, 21 negative triangles
143: dt=0.9900, 21 negative triangles
144: dt=0.9900, 21 negative triangles
145: dt=0.9900, 20 negative triangles
146: dt=0.9900, 19 negative triangles
147: dt=0.9900, 19 negative triangles
148: dt=0.9900, 18 negative triangles
149: dt=0.9900, 18 negative triangles
150: dt=0.9900, 18 negative triangles
151: dt=0.9900, 17 negative triangles
152: dt=0.9900, 16 negative triangles
153: dt=0.9900, 15 negative triangles
154: dt=0.9900, 14 negative triangles
155: dt=0.9900, 11 negative triangles
156: dt=0.9900, 11 negative triangles
157: dt=0.9900, 10 negative triangles
158: dt=0.9900, 10 negative triangles
159: dt=0.9900, 11 negative triangles
160: dt=0.9900, 10 negative triangles
161: dt=0.9900, 8 negative triangles
162: dt=0.9900, 8 negative triangles
163: dt=0.9900, 8 negative triangles
164: dt=0.9900, 8 negative triangles
165: dt=0.9900, 7 negative triangles
166: dt=0.9900, 7 negative triangles
167: dt=0.9900, 7 negative triangles
168: dt=0.9900, 6 negative triangles
169: dt=0.9900, 6 negative triangles
170: dt=0.9900, 6 negative triangles
171: dt=0.9900, 5 negative triangles
172: dt=0.9900, 5 negative triangles
173: dt=0.9900, 3 negative triangles
174: dt=0.9900, 2 negative triangles
175: dt=0.9900, 2 negative triangles
176: dt=0.9900, 1 negative triangles
177: dt=0.9900, 1 negative triangles
178: dt=0.9900, 1 negative triangles
179: dt=0.9900, 1 negative triangles
writing registered surface to ../surf/rh.sphere.reg...
registration took 1.50 hours
mris_register utimesec    47529.952403
mris_register stimesec    187.803263
mris_register ru_maxrss   413576
mris_register ru_ixrss    0
mris_register ru_idrss    0
mris_register ru_isrss    0
mris_register ru_minflt   2649789
mris_register ru_majflt   0
mris_register ru_nswap    0
mris_register ru_inblock  5584
mris_register ru_oublock  15648
mris_register ru_msgsnd   0
mris_register ru_msgrcv   0
mris_register ru_nsignals 0
mris_register ru_nvcsw    11179315
mris_register ru_nivcsw   7113265
FSRUNTIME@ mris_register  1.4995 hours 1 threads
#--------------------------------------------
#@# Jacobian white lh Wed May  8 23:14:54 CDT 2019
/home/stone-ext1/freesurfer/subjects/FS6EXPERT_subj01/scripts

 mris_jacobian ../surf/lh.white.preaparc ../surf/lh.sphere.reg ../surf/lh.jacobian_white 

reading surface from ../surf/lh.white.preaparc...
writing curvature file ../surf/lh.jacobian_white
#--------------------------------------------
#@# Jacobian white rh Wed May  8 23:14:58 CDT 2019
/home/stone-ext1/freesurfer/subjects/FS6EXPERT_subj01/scripts

 mris_jacobian ../surf/rh.white.preaparc ../surf/rh.sphere.reg ../surf/rh.jacobian_white 

reading surface from ../surf/rh.white.preaparc...
writing curvature file ../surf/rh.jacobian_white
#--------------------------------------------
#@# AvgCurv lh Wed May  8 23:15:02 CDT 2019
/home/stone-ext1/freesurfer/subjects/FS6EXPERT_subj01/scripts

 mrisp_paint -a 5 /home/stone/software/freesurfer_stable_600/average/lh.folding.atlas.acfb40.noaparc.i12.2016-08-02.tif#6 ../surf/lh.sphere.reg ../surf/lh.avg_curv 

averaging curvature patterns 5 times...
reading surface from ../surf/lh.sphere.reg...
reading template parameterization from /home/stone/software/freesurfer_stable_600/average/lh.folding.atlas.acfb40.noaparc.i12.2016-08-02.tif...
writing curvature file to ../surf/lh.avg_curv...
#--------------------------------------------
#@# AvgCurv rh Wed May  8 23:15:07 CDT 2019
/home/stone-ext1/freesurfer/subjects/FS6EXPERT_subj01/scripts

 mrisp_paint -a 5 /home/stone/software/freesurfer_stable_600/average/rh.folding.atlas.acfb40.noaparc.i12.2016-08-02.tif#6 ../surf/rh.sphere.reg ../surf/rh.avg_curv 

averaging curvature patterns 5 times...
reading surface from ../surf/rh.sphere.reg...
reading template parameterization from /home/stone/software/freesurfer_stable_600/average/rh.folding.atlas.acfb40.noaparc.i12.2016-08-02.tif...
writing curvature file to ../surf/rh.avg_curv...
#-----------------------------------------
#@# Cortical Parc lh Wed May  8 23:15:11 CDT 2019
/home/stone-ext1/freesurfer/subjects/FS6EXPERT_subj01/scripts

 mris_ca_label -l ../label/lh.cortex.label -aseg ../mri/aseg.presurf.mgz -seed 1234 FS6EXPERT_subj01 lh ../surf/lh.sphere.reg /home/stone/software/freesurfer_stable_600/average/lh.DKaparc.atlas.acfb40.noaparc.i12.2016-08-02.gcs ../label/lh.aparc.annot 

setting seed for random number generator to 1234
using ../mri/aseg.presurf.mgz aseg volume to correct midline
$Id: mris_ca_label.c,v 1.37 2014/02/04 17:46:42 fischl Exp $
  $Id: mrisurf.c,v 1.781.2.6 2016/12/27 16:47:14 zkaufman Exp $
reading atlas from /home/stone/software/freesurfer_stable_600/average/lh.DKaparc.atlas.acfb40.noaparc.i12.2016-08-02.gcs...
reading color table from GCSA file....
average std = 0.8   using min determinant for regularization = 0.006
0 singular and 342 ill-conditioned covariance matrices regularized
input 0: MEAN CURVATURE, flags 0, avgs 5, name mean_curvature
labeling surface...
2331 labels changed using aseg
relabeling using gibbs priors...
000:   4671 changed, 225942 examined...
001:   1189 changed, 19265 examined...
002:    294 changed, 6390 examined...
003:    111 changed, 1745 examined...
004:     51 changed, 667 examined...
005:     19 changed, 306 examined...
006:     12 changed, 111 examined...
007:      5 changed, 62 examined...
008:      0 changed, 24 examined...
318 labels changed using aseg
000: 163 total segments, 122 labels (557 vertices) changed
001: 46 total segments, 7 labels (15 vertices) changed
002: 39 total segments, 0 labels (0 vertices) changed
10 filter iterations complete (10 requested, 11 changed)
rationalizing unknown annotations with cortex label
relabeling unknown label...
relabeling corpuscallosum label...
2384 vertices marked for relabeling...
2384 labels changed in reclassification.
writing output to ../label/lh.aparc.annot...
classification took 0 minutes and 30 seconds.
#-----------------------------------------
#@# Cortical Parc rh Wed May  8 23:15:42 CDT 2019
/home/stone-ext1/freesurfer/subjects/FS6EXPERT_subj01/scripts

 mris_ca_label -l ../label/rh.cortex.label -aseg ../mri/aseg.presurf.mgz -seed 1234 FS6EXPERT_subj01 rh ../surf/rh.sphere.reg /home/stone/software/freesurfer_stable_600/average/rh.DKaparc.atlas.acfb40.noaparc.i12.2016-08-02.gcs ../label/rh.aparc.annot 

setting seed for random number generator to 1234
using ../mri/aseg.presurf.mgz aseg volume to correct midline
$Id: mris_ca_label.c,v 1.37 2014/02/04 17:46:42 fischl Exp $
  $Id: mrisurf.c,v 1.781.2.6 2016/12/27 16:47:14 zkaufman Exp $
reading atlas from /home/stone/software/freesurfer_stable_600/average/rh.DKaparc.atlas.acfb40.noaparc.i12.2016-08-02.gcs...
reading color table from GCSA file....
average std = 0.7   using min determinant for regularization = 0.004
0 singular and 309 ill-conditioned covariance matrices regularized
input 0: MEAN CURVATURE, flags 0, avgs 5, name mean_curvature
labeling surface...
1973 labels changed using aseg
relabeling using gibbs priors...
000:   4058 changed, 222445 examined...
001:    919 changed, 17176 examined...
002:    239 changed, 5160 examined...
003:     75 changed, 1460 examined...
004:     24 changed, 446 examined...
005:      6 changed, 153 examined...
006:      3 changed, 35 examined...
007:      3 changed, 20 examined...
008:      2 changed, 18 examined...
009:      0 changed, 8 examined...
196 labels changed using aseg
000: 128 total segments, 90 labels (496 vertices) changed
001: 40 total segments, 2 labels (2 vertices) changed
002: 38 total segments, 0 labels (0 vertices) changed
10 filter iterations complete (10 requested, 10 changed)
rationalizing unknown annotations with cortex label
relabeling unknown label...
relabeling corpuscallosum label...
3101 vertices marked for relabeling...
3101 labels changed in reclassification.
writing output to ../label/rh.aparc.annot...
classification took 0 minutes and 30 seconds.
#--------------------------------------------
#@# Make Pial Surf lh Wed May  8 23:16:12 CDT 2019
/home/stone-ext1/freesurfer/subjects/FS6EXPERT_subj01/scripts

 mris_make_surfaces -orig_white white.preaparc -orig_pial white.preaparc -aseg ../mri/aseg.presurf -mgz -T1 brain.finalsurfs FS6EXPERT_subj01 lh 

using white.preaparc starting white location...
using white.preaparc starting pial locations...
using aseg volume ../mri/aseg.presurf to prevent surfaces crossing the midline
INFO: assuming MGZ format for volumes.
using brain.finalsurfs as T1 volume...
$Id: mris_make_surfaces.c,v 1.164.2.4 2016/12/13 22:26:32 zkaufman Exp $
$Id: mrisurf.c,v 1.781.2.6 2016/12/27 16:47:14 zkaufman Exp $
reading volume /home/stone-ext1/freesurfer/subjects/FS6EXPERT_subj01/mri/filled.mgz...
reading volume /home/stone-ext1/freesurfer/subjects/FS6EXPERT_subj01/mri/brain.finalsurfs.mgz...
reading volume /home/stone-ext1/freesurfer/subjects/FS6EXPERT_subj01/mri/../mri/aseg.presurf.mgz...
reading volume /home/stone-ext1/freesurfer/subjects/FS6EXPERT_subj01/mri/wm.mgz...
31001 bright wm thresholded.
1071 bright non-wm voxels segmented.
reading original surface position from /home/stone-ext1/freesurfer/subjects/FS6EXPERT_subj01/surf/lh.orig...
computing class statistics...
border white:    437834 voxels (1.34%)
border gray      470295 voxels (1.44%)
WM (104.0): 103.5 +- 6.0 [70.0 --> 110.0]
GM (84.0) : 83.2 +- 9.5 [30.0 --> 110.0]
setting MIN_GRAY_AT_WHITE_BORDER to 69.5 (was 70)
setting MAX_BORDER_WHITE to 115.0 (was 105)
setting MIN_BORDER_WHITE to 79.0 (was 85)
setting MAX_CSF to 59.9 (was 40)
setting MAX_GRAY to 103.0 (was 95)
setting MAX_GRAY_AT_CSF_BORDER to 69.5 (was 75)
setting MIN_GRAY_AT_CSF_BORDER to 50.4 (was 40)
spring scale = 1.25
using class modes intead of means, discounting robust sigmas....
intensity peaks found at WM=109+-2.6,    GM=79+-6.1
mean inside = 101.9, mean outside = 85.2
smoothing surface for 5 iterations...
reading initial white vertex positions from white.preaparc...
reading colortable from annotation file...
colortable with 36 entries read (originally /autofs/space/tanha_002/users/greve/fsdev.build/average/colortable_desikan_killiany.txt)
repositioning cortical surface to gray/white boundary
smoothing T1 volume with sigma = 2.000
vertex spacing 0.70 +- 0.18 (0.03-->3.56) (max @ vno 139963 --> 141372)
face area 0.21 +- 0.09 (0.00-->2.24)
mean absolute distance = 1.07 +- 1.24
6620 vertices more than 2 sigmas from mean.
averaging target values for 5 iterations...
inhibiting deformation at non-cortical midline structures...
deleting segment 0 with 7 points - only 0.00% unknown
deleting segment 3 with 5 points - only 0.00% unknown
deleting segment 4 with 10 points - only 0.00% unknown
deleting segment 5 with 398 points - only 0.00% unknown
deleting segment 6 with 9 points - only 0.00% unknown
deleting segment 7 with 68 points - only 0.00% unknown
deleting segment 8 with 5 points - only 0.00% unknown
deleting segment 9 with 14 points - only 0.00% unknown
removing 1 vertex label from ripped group
deleting segment 10 with 1 points - only 0.00% unknown
mean border=93.6, 104 (100) missing vertices, mean dist -0.2 [2.1 (%28.0)->0.6 (%72.0))]
%51 local maxima, %36 large gradients and % 9 min vals, 0 gradients ignored
tol=1.0e-04, sigma=2.0, host=stone, nav=4, nbrs=2, l_repulse=5.000, l_tspring=1.562, l_nspring=0.625, l_intensity=0.200, l_curv=1.000
mom=0.00, dt=0.50
complete_dist_mat 0
rms 0
smooth_averages 0
remove_neg 0
ico_order 0
which_surface 0
target_radius 0.000000
nfields 0
scale 0.000000
desired_rms_height 0.000000
momentum 0.000000
nbhd_size 0
max_nbrs 0
niterations 25
nsurfaces 0
SURFACES 3
flags 0 (0)
use curv 0
no sulc 0
no rigid align 0
mris->nsize 2
mris->hemisphere 0
randomSeed 0

smoothing T1 volume with sigma = 1.000
vertex spacing 0.71 +- 0.18 (0.05-->3.84) (max @ vno 139963 --> 141372)
face area 0.21 +- 0.09 (0.00-->2.40)
mean absolute distance = 0.43 +- 0.72
7271 vertices more than 2 sigmas from mean.
averaging target values for 5 iterations...
000: dt: 0.0000, sse=2183957.0, rms=5.091
001: dt: 0.5000, sse=1416002.1, rms=2.828 (44.458%)
002: dt: 0.5000, sse=1306162.8, rms=2.419 (14.447%)
rms = 2.46, time step reduction 1 of 3 to 0.250...
003: dt: 0.2500, sse=1165202.2, rms=1.594 (34.102%)
004: dt: 0.2500, sse=1122419.0, rms=1.122 (29.656%)
005: dt: 0.2500, sse=1105746.9, rms=1.010 (9.905%)
rms = 0.96, time step reduction 2 of 3 to 0.125...
006: dt: 0.2500, sse=1099635.0, rms=0.962 (4.765%)
rms = 0.94, time step reduction 3 of 3 to 0.062...
007: dt: 0.1250, sse=1098688.6, rms=0.938 (2.492%)
positioning took 1.8 minutes
inhibiting deformation at non-cortical midline structures...
deleting segment 0 with 6 points - only 0.00% unknown
deleting segment 1 with 14 points - only 0.00% unknown
deleting segment 2 with 298 points - only 0.00% unknown
deleting segment 3 with 16 points - only 0.00% unknown
removing 3 vertex label from ripped group
deleting segment 4 with 3 points - only 0.00% unknown
deleting segment 5 with 68 points - only 0.00% unknown
removing 3 vertex label from ripped group
removing 3 vertex label from ripped group
deleting segment 8 with 3 points - only 0.00% unknown
deleting segment 9 with 15 points - only 0.00% unknown
removing 3 vertex label from ripped group
deleting segment 10 with 3 points - only 0.00% unknown
mean border=94.4, 114 (35) missing vertices, mean dist -0.2 [0.6 (%50.6)->0.2 (%49.4))]
%83 local maxima, %10 large gradients and % 2 min vals, 0 gradients ignored
tol=1.0e-04, sigma=1.0, host=stone, nav=2, nbrs=2, l_repulse=5.000, l_tspring=1.562, l_nspring=0.625, l_intensity=0.200, l_curv=1.000
mom=0.00, dt=0.50
smoothing T1 volume with sigma = 0.500
vertex spacing 0.70 +- 0.18 (0.05-->3.99) (max @ vno 139963 --> 141372)
face area 0.21 +- 0.09 (0.00-->2.47)
mean absolute distance = 0.23 +- 0.50
6014 vertices more than 2 sigmas from mean.
averaging target values for 5 iterations...
000: dt: 0.0000, sse=1791727.4, rms=4.084
008: dt: 0.5000, sse=1349072.9, rms=2.540 (37.817%)
009: dt: 0.5000, sse=1316717.5, rms=2.405 (5.297%)
rms = 2.58, time step reduction 1 of 3 to 0.250...
010: dt: 0.2500, sse=1160399.1, rms=1.469 (38.924%)
011: dt: 0.2500, sse=1122437.8, rms=0.944 (35.723%)
012: dt: 0.2500, sse=1123333.5, rms=0.844 (10.636%)
rms = 0.82, time step reduction 2 of 3 to 0.125...
013: dt: 0.2500, sse=1111068.8, rms=0.820 (2.806%)
rms = 0.80, time step reduction 3 of 3 to 0.062...
014: dt: 0.1250, sse=1112985.2, rms=0.801 (2.378%)
positioning took 1.8 minutes
inhibiting deformation at non-cortical midline structures...
removing 3 vertex label from ripped group
deleting segment 0 with 3 points - only 0.00% unknown
deleting segment 1 with 14 points - only 0.00% unknown
deleting segment 2 with 255 points - only 0.00% unknown
deleting segment 3 with 11 points - only 0.00% unknown
deleting segment 4 with 5 points - only 0.00% unknown
deleting segment 5 with 45 points - only 0.00% unknown
removing 3 vertex label from ripped group
deleting segment 7 with 17 points - only 0.00% unknown
removing 2 vertex label from ripped group
deleting segment 8 with 2 points - only 0.00% unknown
mean border=95.1, 122 (24) missing vertices, mean dist -0.1 [0.3 (%46.0)->0.1 (%54.0))]
%91 local maxima, % 4 large gradients and % 1 min vals, 0 gradients ignored
tol=1.0e-04, sigma=0.5, host=stone, nav=1, nbrs=2, l_repulse=5.000, l_tspring=1.562, l_nspring=0.625, l_intensity=0.200, l_curv=1.000
mom=0.00, dt=0.50
smoothing T1 volume with sigma = 0.250
vertex spacing 0.70 +- 0.18 (0.03-->4.09) (max @ vno 139963 --> 141372)
face area 0.21 +- 0.09 (0.00-->2.43)
mean absolute distance = 0.16 +- 0.36
4282 vertices more than 2 sigmas from mean.
averaging target values for 5 iterations...
000: dt: 0.0000, sse=1251355.2, rms=2.069
015: dt: 0.5000, sse=1172554.9, rms=1.622 (21.611%)
rms = 1.91, time step reduction 1 of 3 to 0.250...
016: dt: 0.2500, sse=1095888.5, rms=1.054 (34.971%)
017: dt: 0.2500, sse=1118014.9, rms=0.818 (22.410%)
rms = 0.78, time step reduction 2 of 3 to 0.125...
018: dt: 0.2500, sse=1090686.5, rms=0.778 (4.956%)
rms = 0.76, time step reduction 3 of 3 to 0.062...
019: dt: 0.1250, sse=1074068.9, rms=0.756 (2.826%)
positioning took 1.3 minutes
inhibiting deformation at non-cortical midline structures...
removing 3 vertex label from ripped group
deleting segment 0 with 3 points - only 0.00% unknown
deleting segment 1 with 15 points - only 0.00% unknown
deleting segment 2 with 257 points - only 0.00% unknown
deleting segment 3 with 5 points - only 0.00% unknown
removing 3 vertex label from ripped group
deleting segment 4 with 3 points - only 0.00% unknown
deleting segment 5 with 5 points - only 0.00% unknown
deleting segment 6 with 26 points - only 0.00% unknown
removing 4 vertex label from ripped group
deleting segment 7 with 4 points - only 0.00% unknown
deleting segment 8 with 17 points - only 0.00% unknown
mean border=95.1, 137 (19) missing vertices, mean dist -0.0 [0.3 (%34.3)->0.1 (%65.7))]
%93 local maxima, % 3 large gradients and % 0 min vals, 0 gradients ignored
tol=1.0e-04, sigma=0.2, host=stone, nav=0, nbrs=2, l_repulse=5.000, l_tspring=1.562, l_nspring=0.625, l_intensity=0.200, l_curv=1.000
mom=0.00, dt=0.50
writing white matter surface to /home/stone-ext1/freesurfer/subjects/FS6EXPERT_subj01/surf/lh.white...
writing smoothed curvature to lh.curv
000: dt: 0.0000, sse=1117775.0, rms=1.214
020: dt: 0.5000, sse=1122550.1, rms=0.970 (20.123%)
rms = 1.39, time step reduction 1 of 3 to 0.250...
021: dt: 0.2500, sse=1073020.2, rms=0.683 (29.516%)
rms = 0.65, time step reduction 2 of 3 to 0.125...
022: dt: 0.2500, sse=1073226.5, rms=0.652 (4.527%)
rms = 0.63, time step reduction 3 of 3 to 0.062...
023: dt: 0.1250, sse=1073648.2, rms=0.631 (3.291%)
positioning took 1.1 minutes
generating cortex label...
24 non-cortical segments detected
only using segment with 11466 vertices
erasing segment 1 (vno[0] = 99946)
erasing segment 2 (vno[0] = 101510)
erasing segment 3 (vno[0] = 132633)
erasing segment 4 (vno[0] = 136609)
erasing segment 5 (vno[0] = 137019)
erasing segment 6 (vno[0] = 140769)
erasing segment 7 (vno[0] = 142554)
erasing segment 8 (vno[0] = 143624)
erasing segment 9 (vno[0] = 147960)
erasing segment 10 (vno[0] = 153328)
erasing segment 11 (vno[0] = 155942)
erasing segment 12 (vno[0] = 166253)
erasing segment 13 (vno[0] = 166765)
erasing segment 14 (vno[0] = 166911)
erasing segment 15 (vno[0] = 168463)
erasing segment 16 (vno[0] = 169342)
erasing segment 17 (vno[0] = 172080)
erasing segment 18 (vno[0] = 172101)
erasing segment 19 (vno[0] = 172127)
erasing segment 20 (vno[0] = 173202)
erasing segment 21 (vno[0] = 175450)
erasing segment 22 (vno[0] = 225793)
erasing segment 23 (vno[0] = 225915)
writing cortex label to /home/stone-ext1/freesurfer/subjects/FS6EXPERT_subj01/label/lh.cortex.label...
writing curvature file /home/stone-ext1/freesurfer/subjects/FS6EXPERT_subj01/surf/lh.curv
writing smoothed area to lh.area
writing curvature file /home/stone-ext1/freesurfer/subjects/FS6EXPERT_subj01/surf/lh.area
vertex spacing 0.70 +- 0.18 (0.03-->4.16) (max @ vno 139963 --> 141372)
face area 0.21 +- 0.09 (0.00-->2.46)
repositioning cortical surface to gray/csf boundary.
smoothing T1 volume with sigma = 2.000
averaging target values for 5 iterations...
inhibiting deformation at non-cortical midline structures...
deleting segment 0 with 24 points - only 0.00% unknown
deleting segment 3 with 45 points - only 0.00% unknown
deleting segment 4 with 6 points - only 0.00% unknown
deleting segment 5 with 5 points - only 0.00% unknown
deleting segment 6 with 20 points - only 0.00% unknown
deleting segment 9 with 144 points - only 0.00% unknown
deleting segment 10 with 5 points - only 0.00% unknown
removing 2 vertex label from ripped group
deleting segment 12 with 2 points - only 0.00% unknown
deleting segment 13 with 5 points - only 0.00% unknown
deleting segment 14 with 37 points - only 0.00% unknown
deleting segment 15 with 5 points - only 0.00% unknown
deleting segment 16 with 24 points - only 0.00% unknown
deleting segment 17 with 11 points - only 0.00% unknown
deleting segment 18 with 9 points - only 0.00% unknown
smoothing surface for 5 iterations...
reading initial pial vertex positions from white.preaparc...
mean border=76.9, 87 (87) missing vertices, mean dist 0.8 [0.0 (%0.0)->1.2 (%100.0))]
%21 local maxima, %44 large gradients and %30 min vals, 89 gradients ignored
perforing initial smooth deformation to move away from white surface
tol=1.0e-04, sigma=2.0, host=stone, nav=16, nbrs=2, l_surf_repulse=1.000, l_tspring=1.562, l_nspring=0.625, l_intensity=0.200, l_curv=1.000
mom=0.00, dt=0.05
000: dt: 0.0000, sse=17088168.0, rms=19.272
001: dt: 0.0500, sse=13343475.0, rms=16.874 (12.443%)
002: dt: 0.0500, sse=11362772.0, rms=15.456 (8.406%)
003: dt: 0.0500, sse=10077883.0, rms=14.461 (6.436%)
004: dt: 0.0500, sse=9143769.0, rms=13.692 (5.316%)
005: dt: 0.0500, sse=8413809.0, rms=13.060 (4.618%)
006: dt: 0.0500, sse=7814396.0, rms=12.517 (4.160%)
007: dt: 0.0500, sse=7306581.0, rms=12.037 (3.831%)
008: dt: 0.0500, sse=6865474.0, rms=11.604 (3.596%)
009: dt: 0.0500, sse=6475599.5, rms=11.208 (3.418%)
010: dt: 0.0500, sse=6126673.5, rms=10.840 (3.279%)
positioning took 2.2 minutes
mean border=72.2, 36 (26) missing vertices, mean dist 0.8 [0.0 (%0.0)->1.2 (%100.0))]
%22 local maxima, %44 large gradients and %30 min vals, 166 gradients ignored
tol=1.0e-04, sigma=2.0, host=stone, nav=16, nbrs=2, l_surf_repulse=1.000, l_tspring=1.562, l_nspring=0.625, l_intensity=0.200, l_curv=1.000
mom=0.00, dt=0.05
000: dt: 0.0000, sse=12199140.0, rms=16.066
011: dt: 0.0500, sse=11695166.0, rms=15.698 (2.291%)
012: dt: 0.0500, sse=11250176.0, rms=15.365 (2.118%)
013: dt: 0.0500, sse=10853445.0, rms=15.063 (1.971%)
014: dt: 0.0500, sse=10496866.0, rms=14.785 (1.843%)
015: dt: 0.0500, sse=10174317.0, rms=14.529 (1.730%)
016: dt: 0.0500, sse=9880262.0, rms=14.292 (1.633%)
017: dt: 0.0500, sse=9610065.0, rms=14.070 (1.551%)
018: dt: 0.0500, sse=9358248.0, rms=13.860 (1.492%)
019: dt: 0.0500, sse=9118718.0, rms=13.658 (1.462%)
020: dt: 0.0500, sse=8887986.0, rms=13.460 (1.450%)
positioning took 2.1 minutes
mean border=70.0, 34 (18) missing vertices, mean dist 0.9 [0.0 (%0.9)->1.3 (%99.1))]
%23 local maxima, %43 large gradients and %30 min vals, 184 gradients ignored
tol=1.0e-04, sigma=2.0, host=stone, nav=16, nbrs=2, l_surf_repulse=1.000, l_tspring=1.562, l_nspring=0.625, l_intensity=0.200, l_curv=1.000
mom=0.00, dt=0.05
000: dt: 0.0000, sse=10502393.0, rms=14.794
021: dt: 0.0500, sse=10207527.0, rms=14.560 (1.582%)
022: dt: 0.0500, sse=9932103.0, rms=14.338 (1.526%)
023: dt: 0.0500, sse=9674344.0, rms=14.127 (1.473%)
024: dt: 0.0500, sse=9432064.0, rms=13.925 (1.427%)
025: dt: 0.0500, sse=9202879.0, rms=13.732 (1.390%)
026: dt: 0.0500, sse=8983984.0, rms=13.544 (1.365%)
027: dt: 0.0500, sse=8773607.0, rms=13.362 (1.350%)
028: dt: 0.0500, sse=8570703.0, rms=13.183 (1.338%)
029: dt: 0.0500, sse=8372945.5, rms=13.006 (1.340%)
030: dt: 0.0500, sse=8179271.5, rms=12.831 (1.348%)
positioning took 2.3 minutes
mean border=68.8, 46 (15) missing vertices, mean dist 0.8 [0.0 (%6.6)->1.2 (%93.4))]
%23 local maxima, %43 large gradients and %29 min vals, 179 gradients ignored
tol=1.0e-04, sigma=2.0, host=stone, nav=16, nbrs=2, l_surf_repulse=5.000, l_tspring=1.562, l_nspring=0.625, l_intensity=0.200, l_curv=1.000
mom=0.00, dt=0.50
smoothing T1 volume with sigma = 1.000
averaging target values for 5 iterations...
000: dt: 0.0000, sse=9127426.0, rms=13.665
031: dt: 0.5000, sse=7657810.0, rms=12.341 (9.689%)
032: dt: 0.5000, sse=6450211.0, rms=11.136 (9.762%)
033: dt: 0.5000, sse=5298081.5, rms=9.865 (11.412%)
034: dt: 0.5000, sse=4363096.5, rms=8.689 (11.923%)
035: dt: 0.5000, sse=3585746.8, rms=7.577 (12.796%)
036: dt: 0.5000, sse=3081231.2, rms=6.758 (10.808%)
037: dt: 0.5000, sse=2746679.2, rms=6.159 (8.872%)
038: dt: 0.5000, sse=2583499.0, rms=5.844 (5.107%)
039: dt: 0.5000, sse=2473859.2, rms=5.624 (3.771%)
040: dt: 0.5000, sse=2432879.8, rms=5.540 (1.489%)
041: dt: 0.5000, sse=2386633.5, rms=5.443 (1.759%)
rms = 5.42, time step reduction 1 of 3 to 0.250...
042: dt: 0.5000, sse=2374947.2, rms=5.418 (0.445%)
043: dt: 0.2500, sse=2124359.8, rms=4.792 (11.565%)
044: dt: 0.2500, sse=2073394.6, rms=4.662 (2.705%)
rms = 4.67, time step reduction 2 of 3 to 0.125...
045: dt: 0.1250, sse=2048683.1, rms=4.595 (1.436%)
046: dt: 0.1250, sse=2017682.0, rms=4.508 (1.895%)
rms = 4.50, time step reduction 3 of 3 to 0.062...
047: dt: 0.1250, sse=2014762.0, rms=4.498 (0.219%)
positioning took 4.9 minutes
mean border=65.4, 2560 (6) missing vertices, mean dist 0.3 [0.1 (%40.2)->0.7 (%59.8))]
%45 local maxima, %23 large gradients and %26 min vals, 123 gradients ignored
tol=1.0e-04, sigma=1.0, host=stone, nav=8, nbrs=2, l_surf_repulse=5.000, l_tspring=1.562, l_nspring=0.625, l_intensity=0.200, l_curv=1.000
mom=0.00, dt=0.50
smoothing T1 volume with sigma = 0.500
averaging target values for 5 iterations...
000: dt: 0.0000, sse=3678933.2, rms=7.246
048: dt: 0.5000, sse=3387317.0, rms=6.733 (7.069%)
049: dt: 0.5000, sse=3127583.0, rms=6.290 (6.584%)
050: dt: 0.5000, sse=2954732.5, rms=5.942 (5.541%)
051: dt: 0.5000, sse=2701113.0, rms=5.435 (8.521%)
052: dt: 0.5000, sse=2536104.2, rms=5.048 (7.118%)
053: dt: 0.5000, sse=2331618.8, rms=4.571 (9.448%)
054: dt: 0.5000, sse=2256107.2, rms=4.353 (4.780%)
055: dt: 0.5000, sse=2183362.8, rms=4.178 (4.009%)
rms = 4.20, time step reduction 1 of 3 to 0.250...
056: dt: 0.2500, sse=1829415.2, rms=2.910 (30.359%)
057: dt: 0.2500, sse=1734607.8, rms=2.440 (16.164%)
058: dt: 0.2500, sse=1718143.1, rms=2.359 (3.307%)
rms = 2.33, time step reduction 2 of 3 to 0.125...
059: dt: 0.2500, sse=1712112.5, rms=2.329 (1.272%)
060: dt: 0.1250, sse=1623734.4, rms=1.794 (22.961%)
061: dt: 0.1250, sse=1612489.4, rms=1.722 (4.022%)
rms = 1.71, time step reduction 3 of 3 to 0.062...
062: dt: 0.1250, sse=1609867.5, rms=1.708 (0.821%)
positioning took 5.5 minutes
mean border=63.6, 3170 (5) missing vertices, mean dist 0.1 [0.1 (%46.4)->0.3 (%53.6))]
%57 local maxima, %12 large gradients and %25 min vals, 115 gradients ignored
tol=1.0e-04, sigma=0.5, host=stone, nav=4, nbrs=2, l_surf_repulse=5.000, l_tspring=1.562, l_nspring=0.625, l_intensity=0.200, l_curv=1.000
mom=0.00, dt=0.50
smoothing T1 volume with sigma = 0.250
averaging target values for 5 iterations...
000: dt: 0.0000, sse=1997754.6, rms=3.278
rms = 4.02, time step reduction 1 of 3 to 0.250...
063: dt: 0.2500, sse=1829294.5, rms=2.586 (21.111%)
064: dt: 0.2500, sse=1754987.5, rms=2.202 (14.833%)
065: dt: 0.2500, sse=1741241.2, rms=2.149 (2.411%)
rms = 2.20, time step reduction 2 of 3 to 0.125...
066: dt: 0.1250, sse=1725657.6, rms=2.055 (4.372%)
067: dt: 0.1250, sse=1704460.1, rms=1.923 (6.447%)
rms = 1.89, time step reduction 3 of 3 to 0.062...
068: dt: 0.1250, sse=1698573.9, rms=1.889 (1.775%)
positioning took 2.8 minutes
mean border=62.9, 6729 (5) missing vertices, mean dist 0.0 [0.1 (%61.1)->0.2 (%38.9))]
%59 local maxima, %10 large gradients and %24 min vals, 92 gradients ignored
tol=1.0e-04, sigma=0.2, host=stone, nav=2, nbrs=2, l_surf_repulse=5.000, l_tspring=1.562, l_nspring=0.625, l_intensity=0.200, l_curv=1.000
mom=0.00, dt=0.50
writing pial surface to /home/stone-ext1/freesurfer/subjects/FS6EXPERT_subj01/surf/lh.pial...
writing smoothed curvature to lh.curv.pial
000: dt: 0.0000, sse=1746295.8, rms=2.106
rms = 2.80, time step reduction 1 of 3 to 0.250...
069: dt: 0.2500, sse=1722642.9, rms=1.957 (7.051%)
rms = 1.92, time step reduction 2 of 3 to 0.125...
070: dt: 0.2500, sse=1713624.6, rms=1.921 (1.861%)
071: dt: 0.1250, sse=1703730.4, rms=1.849 (3.727%)
rms = 1.82, time step reduction 3 of 3 to 0.062...
072: dt: 0.1250, sse=1697433.8, rms=1.816 (1.797%)
positioning took 1.8 minutes
writing curvature file /home/stone-ext1/freesurfer/subjects/FS6EXPERT_subj01/surf/lh.curv.pial
writing smoothed area to lh.area.pial
writing curvature file /home/stone-ext1/freesurfer/subjects/FS6EXPERT_subj01/surf/lh.area.pial
vertex spacing 0.81 +- 0.36 (0.03-->6.44) (max @ vno 155112 --> 155088)
face area 0.26 +- 0.21 (0.00-->7.38)
measuring cortical thickness...
writing cortical thickness estimate to 'thickness' file.
0 of 225942 vertices processed
25000 of 225942 vertices processed
50000 of 225942 vertices processed
75000 of 225942 vertices processed
100000 of 225942 vertices processed
125000 of 225942 vertices processed
150000 of 225942 vertices processed
175000 of 225942 vertices processed
200000 of 225942 vertices processed
225000 of 225942 vertices processed
0 of 225942 vertices processed
25000 of 225942 vertices processed
50000 of 225942 vertices processed
75000 of 225942 vertices processed
100000 of 225942 vertices processed
125000 of 225942 vertices processed
150000 of 225942 vertices processed
175000 of 225942 vertices processed
200000 of 225942 vertices processed
225000 of 225942 vertices processed
thickness calculation complete, 218:1014 truncations.
39285 vertices at 0 distance
124508 vertices at 1 distance
136165 vertices at 2 distance
81548 vertices at 3 distance
34155 vertices at 4 distance
11026 vertices at 5 distance
3380 vertices at 6 distance
1084 vertices at 7 distance
370 vertices at 8 distance
148 vertices at 9 distance
101 vertices at 10 distance
75 vertices at 11 distance
35 vertices at 12 distance
34 vertices at 13 distance
18 vertices at 14 distance
15 vertices at 15 distance
17 vertices at 16 distance
16 vertices at 17 distance
11 vertices at 18 distance
6 vertices at 19 distance
13 vertices at 20 distance
writing curvature file /home/stone-ext1/freesurfer/subjects/FS6EXPERT_subj01/surf/lh.thickness
positioning took 36.7 minutes
#--------------------------------------------
#@# Make Pial Surf rh Wed May  8 23:52:56 CDT 2019
/home/stone-ext1/freesurfer/subjects/FS6EXPERT_subj01/scripts

 mris_make_surfaces -orig_white white.preaparc -orig_pial white.preaparc -aseg ../mri/aseg.presurf -mgz -T1 brain.finalsurfs FS6EXPERT_subj01 rh 

using white.preaparc starting white location...
using white.preaparc starting pial locations...
using aseg volume ../mri/aseg.presurf to prevent surfaces crossing the midline
INFO: assuming MGZ format for volumes.
using brain.finalsurfs as T1 volume...
$Id: mris_make_surfaces.c,v 1.164.2.4 2016/12/13 22:26:32 zkaufman Exp $
$Id: mrisurf.c,v 1.781.2.6 2016/12/27 16:47:14 zkaufman Exp $
reading volume /home/stone-ext1/freesurfer/subjects/FS6EXPERT_subj01/mri/filled.mgz...
reading volume /home/stone-ext1/freesurfer/subjects/FS6EXPERT_subj01/mri/brain.finalsurfs.mgz...
reading volume /home/stone-ext1/freesurfer/subjects/FS6EXPERT_subj01/mri/../mri/aseg.presurf.mgz...
reading volume /home/stone-ext1/freesurfer/subjects/FS6EXPERT_subj01/mri/wm.mgz...
31001 bright wm thresholded.
1071 bright non-wm voxels segmented.
reading original surface position from /home/stone-ext1/freesurfer/subjects/FS6EXPERT_subj01/surf/rh.orig...
computing class statistics...
border white:    437834 voxels (1.34%)
border gray      470295 voxels (1.44%)
WM (104.0): 103.5 +- 6.0 [70.0 --> 110.0]
GM (84.0) : 83.2 +- 9.5 [30.0 --> 110.0]
setting MIN_GRAY_AT_WHITE_BORDER to 70.5 (was 70)
setting MAX_BORDER_WHITE to 115.0 (was 105)
setting MIN_BORDER_WHITE to 80.0 (was 85)
setting MAX_CSF to 60.9 (was 40)
setting MAX_GRAY to 103.0 (was 95)
setting MAX_GRAY_AT_CSF_BORDER to 70.5 (was 75)
setting MIN_GRAY_AT_CSF_BORDER to 51.4 (was 40)
spring scale = 1.25
using class modes intead of means, discounting robust sigmas....
intensity peaks found at WM=109+-1.7,    GM=80+-5.2
mean inside = 101.8, mean outside = 84.9
smoothing surface for 5 iterations...
reading initial white vertex positions from white.preaparc...
reading colortable from annotation file...
colortable with 36 entries read (originally /autofs/space/tanha_002/users/greve/fsdev.build/average/colortable_desikan_killiany.txt)
repositioning cortical surface to gray/white boundary
smoothing T1 volume with sigma = 2.000
vertex spacing 0.71 +- 0.19 (0.01-->5.20) (max @ vno 143900 --> 143914)
face area 0.21 +- 0.09 (0.00-->2.63)
mean absolute distance = 1.05 +- 1.24
6506 vertices more than 2 sigmas from mean.
averaging target values for 5 iterations...
inhibiting deformation at non-cortical midline structures...
deleting segment 0 with 20 points - only 0.00% unknown
deleting segment 1 with 14 points - only 0.00% unknown
deleting segment 4 with 453 points - only 0.00% unknown
deleting segment 5 with 105 points - only 0.00% unknown
deleting segment 6 with 197 points - only 0.00% unknown
removing 3 vertex label from ripped group
deleting segment 7 with 3 points - only 0.00% unknown
mean border=93.8, 116 (107) missing vertices, mean dist -0.2 [2.1 (%28.0)->0.5 (%72.0))]
%49 local maxima, %38 large gradients and % 9 min vals, 0 gradients ignored
tol=1.0e-04, sigma=2.0, host=stone, nav=4, nbrs=2, l_repulse=5.000, l_tspring=1.562, l_nspring=0.625, l_intensity=0.200, l_curv=1.000
mom=0.00, dt=0.50
complete_dist_mat 0
rms 0
smooth_averages 0
remove_neg 0
ico_order 0
which_surface 0
target_radius 0.000000
nfields 0
scale 0.000000
desired_rms_height 0.000000
momentum 0.000000
nbhd_size 0
max_nbrs 0
niterations 25
nsurfaces 0
SURFACES 3
flags 0 (0)
use curv 0
no sulc 0
no rigid align 0
mris->nsize 2
mris->hemisphere 1
randomSeed 0

smoothing T1 volume with sigma = 1.000
vertex spacing 0.71 +- 0.18 (0.05-->5.54) (max @ vno 143900 --> 143914)
face area 0.21 +- 0.09 (0.00-->2.66)
mean absolute distance = 0.44 +- 0.74
7235 vertices more than 2 sigmas from mean.
averaging target values for 5 iterations...
000: dt: 0.0000, sse=2105476.5, rms=4.988
001: dt: 0.5000, sse=1395887.2, rms=2.822 (43.429%)
002: dt: 0.5000, sse=1314103.0, rms=2.520 (10.681%)
rms = 2.61, time step reduction 1 of 3 to 0.250...
003: dt: 0.2500, sse=1166606.8, rms=1.719 (31.797%)
004: dt: 0.2500, sse=1139755.6, rms=1.321 (23.171%)
005: dt: 0.2500, sse=1124633.0, rms=1.266 (4.100%)
rms = 1.27, time step reduction 2 of 3 to 0.125...
rms = 1.25, time step reduction 3 of 3 to 0.062...
006: dt: 0.1250, sse=1115402.6, rms=1.255 (0.927%)
positioning took 1.7 minutes
inhibiting deformation at non-cortical midline structures...
deleting segment 0 with 69 points - only 0.00% unknown
deleting segment 1 with 404 points - only 0.00% unknown
deleting segment 2 with 17 points - only 0.00% unknown
deleting segment 3 with 74 points - only 0.00% unknown
deleting segment 4 with 196 points - only 0.00% unknown
mean border=94.5, 142 (31) missing vertices, mean dist -0.2 [0.6 (%50.5)->0.3 (%49.5))]
%82 local maxima, %12 large gradients and % 2 min vals, 0 gradients ignored
tol=1.0e-04, sigma=1.0, host=stone, nav=2, nbrs=2, l_repulse=5.000, l_tspring=1.562, l_nspring=0.625, l_intensity=0.200, l_curv=1.000
mom=0.00, dt=0.50
smoothing T1 volume with sigma = 0.500
vertex spacing 0.70 +- 0.18 (0.03-->5.54) (max @ vno 143900 --> 143914)
face area 0.21 +- 0.09 (0.00-->2.77)
mean absolute distance = 0.24 +- 0.51
6422 vertices more than 2 sigmas from mean.
averaging target values for 5 iterations...
000: dt: 0.0000, sse=1757458.4, rms=4.064
007: dt: 0.5000, sse=1342186.9, rms=2.596 (36.117%)
rms = 2.60, time step reduction 1 of 3 to 0.250...
008: dt: 0.2500, sse=1193245.1, rms=1.842 (29.038%)
009: dt: 0.2500, sse=1128669.8, rms=1.339 (27.292%)
010: dt: 0.2500, sse=1148666.0, rms=1.239 (7.484%)
rms = 1.20, time step reduction 2 of 3 to 0.125...
011: dt: 0.2500, sse=1116823.8, rms=1.196 (3.476%)
rms = 1.16, time step reduction 3 of 3 to 0.062...
012: dt: 0.1250, sse=1105947.4, rms=1.159 (3.137%)
positioning took 1.5 minutes
inhibiting deformation at non-cortical midline structures...
deleting segment 0 with 69 points - only 0.00% unknown
deleting segment 1 with 329 points - only 0.00% unknown
deleting segment 2 with 19 points - only 0.00% unknown
deleting segment 3 with 55 points - only 0.00% unknown
deleting segment 4 with 207 points - only 0.00% unknown
removing 3 vertex label from ripped group
deleting segment 5 with 3 points - only 0.00% unknown
mean border=95.1, 201 (21) missing vertices, mean dist -0.1 [0.4 (%45.4)->0.1 (%54.6))]
%90 local maxima, % 5 large gradients and % 1 min vals, 0 gradients ignored
tol=1.0e-04, sigma=0.5, host=stone, nav=1, nbrs=2, l_repulse=5.000, l_tspring=1.562, l_nspring=0.625, l_intensity=0.200, l_curv=1.000
mom=0.00, dt=0.50
smoothing T1 volume with sigma = 0.250
vertex spacing 0.70 +- 0.18 (0.03-->5.54) (max @ vno 143900 --> 143914)
face area 0.21 +- 0.09 (0.00-->2.82)
mean absolute distance = 0.17 +- 0.37
4002 vertices more than 2 sigmas from mean.
averaging target values for 5 iterations...
000: dt: 0.0000, sse=1220558.8, rms=2.090
013: dt: 0.5000, sse=1174046.2, rms=1.703 (18.521%)
rms = 1.99, time step reduction 1 of 3 to 0.250...
014: dt: 0.2500, sse=1093882.0, rms=1.161 (31.797%)
015: dt: 0.2500, sse=1079179.4, rms=0.934 (19.556%)
016: dt: 0.2500, sse=1071593.2, rms=0.879 (5.899%)
rms = 0.86, time step reduction 2 of 3 to 0.125...
017: dt: 0.2500, sse=1073436.9, rms=0.864 (1.748%)
rms = 0.84, time step reduction 3 of 3 to 0.062...
018: dt: 0.1250, sse=1068197.0, rms=0.838 (2.958%)
positioning took 1.5 minutes
inhibiting deformation at non-cortical midline structures...
deleting segment 0 with 73 points - only 0.00% unknown
deleting segment 1 with 149 points - only 0.00% unknown
deleting segment 2 with 17 points - only 0.00% unknown
deleting segment 3 with 166 points - only 0.00% unknown
deleting segment 4 with 29 points - only 0.00% unknown
deleting segment 5 with 7 points - only 0.00% unknown
deleting segment 6 with 178 points - only 0.00% unknown
removing 4 vertex label from ripped group
deleting segment 7 with 4 points - only 0.00% unknown
removing 3 vertex label from ripped group
deleting segment 8 with 3 points - only 0.00% unknown
mean border=95.1, 229 (18) missing vertices, mean dist -0.0 [0.3 (%34.3)->0.1 (%65.7))]
%92 local maxima, % 4 large gradients and % 0 min vals, 0 gradients ignored
tol=1.0e-04, sigma=0.2, host=stone, nav=0, nbrs=2, l_repulse=5.000, l_tspring=1.562, l_nspring=0.625, l_intensity=0.200, l_curv=1.000
mom=0.00, dt=0.50
writing white matter surface to /home/stone-ext1/freesurfer/subjects/FS6EXPERT_subj01/surf/rh.white...
writing smoothed curvature to rh.curv
000: dt: 0.0000, sse=1115341.2, rms=1.309
019: dt: 0.5000, sse=1091701.4, rms=1.067 (18.452%)
rms = 1.49, time step reduction 1 of 3 to 0.250...
020: dt: 0.2500, sse=1063118.1, rms=0.788 (26.196%)
rms = 0.75, time step reduction 2 of 3 to 0.125...
021: dt: 0.2500, sse=1093776.9, rms=0.751 (4.677%)
rms = 0.72, time step reduction 3 of 3 to 0.062...
022: dt: 0.1250, sse=1063067.9, rms=0.719 (4.222%)
positioning took 1.1 minutes
generating cortex label...
15 non-cortical segments detected
only using segment with 11224 vertices
erasing segment 0 (vno[0] = 64471)
erasing segment 1 (vno[0] = 64506)
erasing segment 2 (vno[0] = 70710)
erasing segment 4 (vno[0] = 135463)
erasing segment 5 (vno[0] = 141989)
erasing segment 6 (vno[0] = 149962)
erasing segment 7 (vno[0] = 154015)
erasing segment 8 (vno[0] = 155346)
erasing segment 9 (vno[0] = 155400)
erasing segment 10 (vno[0] = 155407)
erasing segment 11 (vno[0] = 159288)
erasing segment 12 (vno[0] = 162185)
erasing segment 13 (vno[0] = 164612)
erasing segment 14 (vno[0] = 171433)
writing cortex label to /home/stone-ext1/freesurfer/subjects/FS6EXPERT_subj01/label/rh.cortex.label...
writing curvature file /home/stone-ext1/freesurfer/subjects/FS6EXPERT_subj01/surf/rh.curv
writing smoothed area to rh.area
writing curvature file /home/stone-ext1/freesurfer/subjects/FS6EXPERT_subj01/surf/rh.area
vertex spacing 0.70 +- 0.19 (0.03-->5.70) (max @ vno 143900 --> 143914)
face area 0.21 +- 0.09 (0.00-->2.78)
repositioning cortical surface to gray/csf boundary.
smoothing T1 volume with sigma = 2.000
averaging target values for 5 iterations...
inhibiting deformation at non-cortical midline structures...
removing 2 vertex label from ripped group
deleting segment 0 with 2 points - only 0.00% unknown
deleting segment 1 with 9 points - only 0.00% unknown
deleting segment 2 with 34 points - only 0.00% unknown
deleting segment 3 with 8 points - only 0.00% unknown
deleting segment 4 with 67 points - only 0.00% unknown
deleting segment 6 with 79 points - only 0.00% unknown
deleting segment 7 with 6 points - only 0.00% unknown
deleting segment 8 with 9 points - only 0.00% unknown
deleting segment 9 with 22 points - only 0.00% unknown
removing 2 vertex label from ripped group
deleting segment 11 with 2 points - only 0.00% unknown
removing 1 vertex label from ripped group
deleting segment 12 with 1 points - only 0.00% unknown
deleting segment 13 with 17 points - only 0.00% unknown
deleting segment 14 with 13 points - only 0.00% unknown
deleting segment 15 with 6 points - only 0.00% unknown
smoothing surface for 5 iterations...
reading initial pial vertex positions from white.preaparc...
mean border=77.6, 121 (121) missing vertices, mean dist 0.9 [1.7 (%0.0)->1.2 (%100.0))]
%22 local maxima, %48 large gradients and %25 min vals, 141 gradients ignored
perforing initial smooth deformation to move away from white surface
tol=1.0e-04, sigma=2.0, host=stone, nav=16, nbrs=2, l_surf_repulse=1.000, l_tspring=1.562, l_nspring=0.625, l_intensity=0.200, l_curv=1.000
mom=0.00, dt=0.05
000: dt: 0.0000, sse=15763075.0, rms=18.614
001: dt: 0.0500, sse=12216228.0, rms=16.219 (12.865%)
002: dt: 0.0500, sse=10364996.0, rms=14.816 (8.651%)
003: dt: 0.0500, sse=9175746.0, rms=13.840 (6.591%)
004: dt: 0.0500, sse=8317766.5, rms=13.090 (5.419%)
005: dt: 0.0500, sse=7652282.0, rms=12.477 (4.682%)
006: dt: 0.0500, sse=7108553.5, rms=11.953 (4.201%)
007: dt: 0.0500, sse=6647876.5, rms=11.490 (3.873%)
008: dt: 0.0500, sse=6248155.5, rms=11.072 (3.634%)
009: dt: 0.0500, sse=5894707.0, rms=10.689 (3.459%)
010: dt: 0.0500, sse=5577903.0, rms=10.334 (3.325%)
positioning took 2.0 minutes
mean border=72.6, 95 (62) missing vertices, mean dist 0.9 [0.5 (%0.1)->1.2 (%99.9))]
%23 local maxima, %48 large gradients and %25 min vals, 317 gradients ignored
tol=1.0e-04, sigma=2.0, host=stone, nav=16, nbrs=2, l_surf_repulse=1.000, l_tspring=1.562, l_nspring=0.625, l_intensity=0.200, l_curv=1.000
mom=0.00, dt=0.05
000: dt: 0.0000, sse=11160293.0, rms=15.431
011: dt: 0.0500, sse=10661649.0, rms=15.045 (2.500%)
012: dt: 0.0500, sse=10223812.0, rms=14.698 (2.308%)
013: dt: 0.0500, sse=9835621.0, rms=14.383 (2.143%)
014: dt: 0.0500, sse=9488594.0, rms=14.095 (2.000%)
015: dt: 0.0500, sse=9176444.0, rms=13.831 (1.873%)
016: dt: 0.0500, sse=8893395.0, rms=13.587 (1.764%)
017: dt: 0.0500, sse=8634384.0, rms=13.360 (1.673%)
018: dt: 0.0500, sse=8394038.0, rms=13.146 (1.605%)
019: dt: 0.0500, sse=8165975.5, rms=12.939 (1.573%)
020: dt: 0.0500, sse=7947306.5, rms=12.737 (1.556%)
positioning took 2.2 minutes
mean border=70.6, 105 (45) missing vertices, mean dist 0.9 [0.0 (%1.1)->1.2 (%98.9))]
%23 local maxima, %47 large gradients and %25 min vals, 349 gradients ignored
tol=1.0e-04, sigma=2.0, host=stone, nav=16, nbrs=2, l_surf_repulse=1.000, l_tspring=1.562, l_nspring=0.625, l_intensity=0.200, l_curv=1.000
mom=0.00, dt=0.05
000: dt: 0.0000, sse=9347488.0, rms=13.982
021: dt: 0.0500, sse=9066849.0, rms=13.743 (1.714%)
022: dt: 0.0500, sse=8806569.0, rms=13.516 (1.646%)
023: dt: 0.0500, sse=8564785.0, rms=13.303 (1.581%)
024: dt: 0.0500, sse=8338710.0, rms=13.100 (1.527%)
025: dt: 0.0500, sse=8126455.5, rms=12.906 (1.479%)
026: dt: 0.0500, sse=7924900.5, rms=12.719 (1.447%)
027: dt: 0.0500, sse=7731915.5, rms=12.538 (1.428%)
028: dt: 0.0500, sse=7546374.5, rms=12.360 (1.413%)
029: dt: 0.0500, sse=7366364.5, rms=12.186 (1.411%)
030: dt: 0.0500, sse=7190762.5, rms=12.013 (1.416%)
positioning took 2.2 minutes
mean border=69.5, 110 (36) missing vertices, mean dist 0.8 [0.0 (%7.7)->1.1 (%92.3))]
%23 local maxima, %47 large gradients and %25 min vals, 330 gradients ignored
tol=1.0e-04, sigma=2.0, host=stone, nav=16, nbrs=2, l_surf_repulse=5.000, l_tspring=1.562, l_nspring=0.625, l_intensity=0.200, l_curv=1.000
mom=0.00, dt=0.50
smoothing T1 volume with sigma = 1.000
averaging target values for 5 iterations...
000: dt: 0.0000, sse=7973711.5, rms=12.762
031: dt: 0.5000, sse=6647581.0, rms=11.458 (10.217%)
032: dt: 0.5000, sse=5612792.0, rms=10.326 (9.878%)
033: dt: 0.5000, sse=4612406.0, rms=9.116 (11.713%)
034: dt: 0.5000, sse=3823423.0, rms=8.024 (11.984%)
035: dt: 0.5000, sse=3181147.5, rms=7.016 (12.565%)
036: dt: 0.5000, sse=2791881.0, rms=6.325 (9.847%)
037: dt: 0.5000, sse=2529581.0, rms=5.817 (8.023%)
038: dt: 0.5000, sse=2413179.0, rms=5.576 (4.158%)
039: dt: 0.5000, sse=2325922.5, rms=5.391 (3.307%)
040: dt: 0.5000, sse=2301405.8, rms=5.336 (1.022%)
041: dt: 0.5000, sse=2258708.8, rms=5.243 (1.744%)
rms = 5.24, time step reduction 1 of 3 to 0.250...
042: dt: 0.5000, sse=2257714.0, rms=5.239 (0.081%)
043: dt: 0.2500, sse=2018136.2, rms=4.607 (12.062%)
044: dt: 0.2500, sse=1973102.8, rms=4.485 (2.637%)
rms = 4.50, time step reduction 2 of 3 to 0.125...
045: dt: 0.1250, sse=1949829.4, rms=4.419 (1.482%)
046: dt: 0.1250, sse=1920707.4, rms=4.333 (1.951%)
rms = 4.32, time step reduction 3 of 3 to 0.062...
047: dt: 0.1250, sse=1918525.1, rms=4.325 (0.180%)
positioning took 4.9 minutes
mean border=66.1, 2179 (8) missing vertices, mean dist 0.3 [0.1 (%40.8)->0.7 (%59.2))]
%47 local maxima, %26 large gradients and %22 min vals, 121 gradients ignored
tol=1.0e-04, sigma=1.0, host=stone, nav=8, nbrs=2, l_surf_repulse=5.000, l_tspring=1.562, l_nspring=0.625, l_intensity=0.200, l_curv=1.000
mom=0.00, dt=0.50
smoothing T1 volume with sigma = 0.500
averaging target values for 5 iterations...
000: dt: 0.0000, sse=3539389.2, rms=7.123
048: dt: 0.5000, sse=3184790.5, rms=6.476 (9.077%)
049: dt: 0.5000, sse=2970143.2, rms=6.093 (5.915%)
050: dt: 0.5000, sse=2802725.0, rms=5.738 (5.829%)
051: dt: 0.5000, sse=2584192.2, rms=5.282 (7.943%)
052: dt: 0.5000, sse=2412525.8, rms=4.861 (7.976%)
053: dt: 0.5000, sse=2238275.8, rms=4.436 (8.753%)
054: dt: 0.5000, sse=2160989.8, rms=4.203 (5.235%)
055: dt: 0.5000, sse=2113028.2, rms=4.092 (2.655%)
rms = 4.08, time step reduction 1 of 3 to 0.250...
056: dt: 0.5000, sse=2114328.2, rms=4.080 (0.290%)
057: dt: 0.2500, sse=1736787.4, rms=2.637 (35.371%)
058: dt: 0.2500, sse=1675091.1, rms=2.325 (11.826%)
rms = 2.30, time step reduction 2 of 3 to 0.125...
059: dt: 0.2500, sse=1670574.0, rms=2.300 (1.055%)
060: dt: 0.1250, sse=1579955.0, rms=1.734 (24.616%)
061: dt: 0.1250, sse=1570008.0, rms=1.667 (3.870%)
rms = 1.66, time step reduction 3 of 3 to 0.062...
062: dt: 0.1250, sse=1568166.5, rms=1.657 (0.610%)
positioning took 5.1 minutes
mean border=64.1, 2584 (6) missing vertices, mean dist 0.1 [0.1 (%44.4)->0.3 (%55.6))]
%61 local maxima, %13 large gradients and %21 min vals, 118 gradients ignored
tol=1.0e-04, sigma=0.5, host=stone, nav=4, nbrs=2, l_surf_repulse=5.000, l_tspring=1.562, l_nspring=0.625, l_intensity=0.200, l_curv=1.000
mom=0.00, dt=0.50
smoothing T1 volume with sigma = 0.250
averaging target values for 5 iterations...
000: dt: 0.0000, sse=1960697.4, rms=3.252
rms = 3.95, time step reduction 1 of 3 to 0.250...
063: dt: 0.2500, sse=1785651.4, rms=2.510 (22.826%)
064: dt: 0.2500, sse=1711168.9, rms=2.100 (16.337%)
065: dt: 0.2500, sse=1694232.1, rms=2.022 (3.733%)
rms = 2.05, time step reduction 2 of 3 to 0.125...
066: dt: 0.1250, sse=1681569.1, rms=1.939 (4.085%)
067: dt: 0.1250, sse=1663989.5, rms=1.821 (6.100%)
rms = 1.79, time step reduction 3 of 3 to 0.062...
068: dt: 0.1250, sse=1658963.9, rms=1.790 (1.714%)
positioning took 2.5 minutes
mean border=63.5, 5438 (5) missing vertices, mean dist 0.0 [0.1 (%60.2)->0.2 (%39.8))]
%63 local maxima, %10 large gradients and %20 min vals, 112 gradients ignored
tol=1.0e-04, sigma=0.2, host=stone, nav=2, nbrs=2, l_surf_repulse=5.000, l_tspring=1.562, l_nspring=0.625, l_intensity=0.200, l_curv=1.000
mom=0.00, dt=0.50
writing pial surface to /home/stone-ext1/freesurfer/subjects/FS6EXPERT_subj01/surf/rh.pial...
writing smoothed curvature to rh.curv.pial
000: dt: 0.0000, sse=1704302.9, rms=2.015
rms = 2.66, time step reduction 1 of 3 to 0.250...
069: dt: 0.2500, sse=1679735.8, rms=1.850 (8.165%)
rms = 1.81, time step reduction 2 of 3 to 0.125...
070: dt: 0.2500, sse=1671408.2, rms=1.809 (2.246%)
071: dt: 0.1250, sse=1662945.1, rms=1.745 (3.520%)
rms = 1.72, time step reduction 3 of 3 to 0.062...
072: dt: 0.1250, sse=1658349.8, rms=1.719 (1.470%)
positioning took 1.6 minutes
writing curvature file /home/stone-ext1/freesurfer/subjects/FS6EXPERT_subj01/surf/rh.curv.pial
writing smoothed area to rh.area.pial
writing curvature file /home/stone-ext1/freesurfer/subjects/FS6EXPERT_subj01/surf/rh.area.pial
vertex spacing 0.81 +- 0.36 (0.05-->6.44) (max @ vno 141355 --> 140028)
face area 0.26 +- 0.21 (0.00-->6.90)
measuring cortical thickness...
writing cortical thickness estimate to 'thickness' file.
0 of 222445 vertices processed
25000 of 222445 vertices processed
50000 of 222445 vertices processed
75000 of 222445 vertices processed
100000 of 222445 vertices processed
125000 of 222445 vertices processed
150000 of 222445 vertices processed
175000 of 222445 vertices processed
200000 of 222445 vertices processed
0 of 222445 vertices processed
25000 of 222445 vertices processed
50000 of 222445 vertices processed
75000 of 222445 vertices processed
100000 of 222445 vertices processed
125000 of 222445 vertices processed
150000 of 222445 vertices processed
175000 of 222445 vertices processed
200000 of 222445 vertices processed
thickness calculation complete, 113:1288 truncations.
40310 vertices at 0 distance
126603 vertices at 1 distance
134882 vertices at 2 distance
78209 vertices at 3 distance
31223 vertices at 4 distance
9491 vertices at 5 distance
2918 vertices at 6 distance
832 vertices at 7 distance
274 vertices at 8 distance
134 vertices at 9 distance
90 vertices at 10 distance
77 vertices at 11 distance
69 vertices at 12 distance
32 vertices at 13 distance
30 vertices at 14 distance
18 vertices at 15 distance
11 vertices at 16 distance
8 vertices at 17 distance
6 vertices at 18 distance
2 vertices at 19 distance
3 vertices at 20 distance
writing curvature file /home/stone-ext1/freesurfer/subjects/FS6EXPERT_subj01/surf/rh.thickness
positioning took 35.4 minutes
#--------------------------------------------
#@# Surf Volume lh Thu May  9 00:28:20 CDT 2019
/home/stone-ext1/freesurfer/subjects/FS6EXPERT_subj01/surf
/home/stone-ext1/freesurfer/subjects/FS6EXPERT_subj01/surf
mris_calc -o lh.area.mid lh.area add lh.area.pial
Saving result to 'lh.area.mid' (type = MRI_CURV_FILE)                       [ ok ]
mris_calc -o lh.area.mid lh.area.mid div 2
Saving result to 'lh.area.mid' (type = MRI_CURV_FILE)                       [ ok ]
mris_convert --volume FS6EXPERT_subj01 lh /home/stone-ext1/freesurfer/subjects/FS6EXPERT_subj01/surf/lh.volume
masking with /home/stone-ext1/freesurfer/subjects/FS6EXPERT_subj01/label/lh.cortex.label
Total face volume 276139
Total vertex volume 273245 (mask=0)
#@# FS6EXPERT_subj01 lh 273245
 
vertexvol Done
#--------------------------------------------
#@# Surf Volume rh Thu May  9 00:28:30 CDT 2019
/home/stone-ext1/freesurfer/subjects/FS6EXPERT_subj01/surf
/home/stone-ext1/freesurfer/subjects/FS6EXPERT_subj01/surf
mris_calc -o rh.area.mid rh.area add rh.area.pial
Saving result to 'rh.area.mid' (type = MRI_CURV_FILE)                       [ ok ]
mris_calc -o rh.area.mid rh.area.mid div 2
Saving result to 'rh.area.mid' (type = MRI_CURV_FILE)                       [ ok ]
mris_convert --volume FS6EXPERT_subj01 rh /home/stone-ext1/freesurfer/subjects/FS6EXPERT_subj01/surf/rh.volume
masking with /home/stone-ext1/freesurfer/subjects/FS6EXPERT_subj01/label/rh.cortex.label
Total face volume 268850
Total vertex volume 266729 (mask=0)
#@# FS6EXPERT_subj01 rh 266729
 
vertexvol Done
#--------------------------------------------
#@# Cortical ribbon mask Thu May  9 00:28:40 CDT 2019
/home/stone-ext1/freesurfer/subjects/FS6EXPERT_subj01/mri

 mris_volmask --aseg_name aseg.presurf --label_left_white 2 --label_left_ribbon 3 --label_right_white 41 --label_right_ribbon 42 --save_ribbon FS6EXPERT_subj01 

SUBJECTS_DIR is /home/stone-ext1/freesurfer/subjects
loading input data...
computing distance to left white surface 
computing distance to left pial surface 
computing distance to right white surface 
computing distance to right pial surface 
 hemi masks overlap voxels = 278
writing volume /home/stone-ext1/freesurfer/subjects/FS6EXPERT_subj01/mri/ribbon.mgz
mris_volmask took 52.87 minutes
 writing ribbon files
#-----------------------------------------
#@# Parcellation Stats lh Thu May  9 01:21:32 CDT 2019
/home/stone-ext1/freesurfer/subjects/FS6EXPERT_subj01/scripts

 mris_anatomical_stats -th3 -mgz -cortex ../label/lh.cortex.label -f ../stats/lh.aparc.stats -b -a ../label/lh.aparc.annot -c ../label/aparc.annot.ctab FS6EXPERT_subj01 lh white 

computing statistics for each annotation in ../label/lh.aparc.annot.
reading volume /home/stone-ext1/freesurfer/subjects/FS6EXPERT_subj01/mri/wm.mgz...
reading input surface /home/stone-ext1/freesurfer/subjects/FS6EXPERT_subj01/surf/lh.white...
reading input pial surface /home/stone-ext1/freesurfer/subjects/FS6EXPERT_subj01/surf/lh.pial...
reading input white surface /home/stone-ext1/freesurfer/subjects/FS6EXPERT_subj01/surf/lh.white...
INFO: using TH3 volume calc
INFO: assuming MGZ format for volumes.
INFO: using ../label/lh.cortex.label as mask to calc cortex NumVert, SurfArea and MeanThickness.
Using TH3 vertex volume calc
Total face volume 276139
Total vertex volume 273245 (mask=0)
reading colortable from annotation file...
colortable with 36 entries read (originally /autofs/space/tanha_002/users/greve/fsdev.build/average/colortable_desikan_killiany.txt)
Saving annotation colortable ../label/aparc.annot.ctab

table columns are:
    number of vertices
    total surface area (mm^2)
    total gray matter volume (mm^3)
    average cortical thickness +- standard deviation (mm)
    integrated rectified mean curvature
    integrated rectified Gaussian curvature
    folding index
    intrinsic curvature index
    structure name

atlas_icv (eTIV) = 1598476 mm^3    (det: 1.218727 )
lhCtxGM: 269234.206 531474.000  diff=-262239.8  pctdiff=-97.402
rhCtxGM: 263859.963 518784.000  diff=-254924.0  pctdiff=-96.613
lhCtxWM: 195542.228 433467.500  diff=-237925.3  pctdiff=-121.675
rhCtxWM: 191794.125 429108.500  diff=-237314.4  pctdiff=-123.734
SubCortGMVol  111164.000
SupraTentVol  1040356.524 (2046543.000) diff=-1006186.476 pctdiff=-96.716
SupraTentVolNotVent  1017897.524 (2024084.000) diff=-1006186.476 pctdiff=-98.849
BrainSegVol  2359692.000 (2355302.000) diff=4390.000 pctdiff=0.186
BrainSegVolNotVent  2330602.000 (1337869.524) diff=992732.476 pctdiff=42.596
BrainSegVolNotVent  2330602.000
CerebellumVol 306189.000
VentChorVol   22459.000
3rd4th5thCSF   6631.000
CSFVol  2241.000, OptChiasmVol   329.000
MaskVol 3507698.000
 2585   1165   2918  2.614 0.433     0.060     0.011        9     1.0  bankssts
 2277    899   3288  2.842 0.765     0.096     0.019       34     1.6  caudalanteriorcingulate
 4760   1987   6052  2.720 0.437     0.072     0.013       33     2.4  caudalmiddlefrontal
 4439   1685   4824  2.276 0.477     0.094     0.024       56     4.3  cuneus
 1070    438   2388  3.637 0.865     0.073     0.017        7     0.6  entorhinal
 6237   2702   9391  2.881 0.625     0.094     0.020       78     5.1  fusiform
12449   5246  15416  2.603 0.462     0.086     0.018      131     8.8  inferiorparietal
 7133   2971  10089  2.802 0.640     0.087     0.019       80     6.0  inferiortemporal
 2660   1072   3058  2.399 0.883     0.092     0.021       35     2.1  isthmuscingulate
13362   5278  13895  2.296 0.537     0.092     0.022      143    11.6  lateraloccipital
 6242   2604   8305  2.704 0.619     0.096     0.026       82     7.3  lateralorbitofrontal
 9276   3888  10847  2.326 0.604     0.096     0.026      119    10.4  lingual
 4038   1632   4403  2.250 0.654     0.086     0.027       59     4.6  medialorbitofrontal
 8109   3397  12399  2.915 0.590     0.087     0.017       93     5.9  middletemporal
 1493    592   2148  3.077 0.792     0.064     0.013        9     0.7  parahippocampal
 3947   1627   4916  2.671 0.499     0.071     0.013       27     2.1  paracentral
 3472   1439   5019  2.923 0.456     0.069     0.015       22     2.0  parsopercularis
 2282    937   3529  2.784 0.596     0.109     0.027       42     2.5  parsorbitalis
 4113   1704   5227  2.579 0.524     0.089     0.018       44     3.0  parstriangularis
 4263   1730   3664  2.096 0.438     0.080     0.022       35     3.7  pericalcarine
 9383   3773   9978  2.309 0.602     0.076     0.016       84     6.4  postcentral
 3030   1275   3763  2.487 0.878     0.091     0.016       35     2.0  posteriorcingulate
11674   4396  13696  2.782 0.502     0.067     0.022      113    12.0  precentral
10255   4311  12062  2.598 0.487     0.085     0.017      103     7.1  precuneus
 2028    799   2980  2.931 0.793     0.087     0.022       28     1.7  rostralanteriorcingulate
15705   6565  19209  2.470 0.508     0.090     0.022      173    14.0  rostralmiddlefrontal
16313   6828  23277  2.929 0.552     0.084     0.018      144    11.9  superiorfrontal
14049   5931  16519  2.440 0.450     0.079     0.015      129     8.6  superiorparietal
 9691   4037  15762  3.171 0.603     0.075     0.016       82     6.4  superiortemporal
 8930   3771  11742  2.692 0.518     0.088     0.018       94     6.3  supramarginal
  716    288   1081  2.479 0.558     0.106     0.028       13     0.8  frontalpole
 1387    592   2944  3.426 0.795     0.090     0.023       16     1.5  temporalpole
 1196    467   1449  2.963 0.359     0.088     0.016       10     0.7  transversetemporal
 4873   2117   6905  3.155 0.689     0.088     0.028       73     6.1  insula

 mris_anatomical_stats -th3 -mgz -cortex ../label/lh.cortex.label -f ../stats/lh.aparc.pial.stats -b -a ../label/lh.aparc.annot -c ../label/aparc.annot.ctab FS6EXPERT_subj01 lh pial 

computing statistics for each annotation in ../label/lh.aparc.annot.
reading volume /home/stone-ext1/freesurfer/subjects/FS6EXPERT_subj01/mri/wm.mgz...
reading input surface /home/stone-ext1/freesurfer/subjects/FS6EXPERT_subj01/surf/lh.pial...
reading input pial surface /home/stone-ext1/freesurfer/subjects/FS6EXPERT_subj01/surf/lh.pial...
reading input white surface /home/stone-ext1/freesurfer/subjects/FS6EXPERT_subj01/surf/lh.white...
INFO: using TH3 volume calc
INFO: assuming MGZ format for volumes.
INFO: using ../label/lh.cortex.label as mask to calc cortex NumVert, SurfArea and MeanThickness.
Using TH3 vertex volume calc
Total face volume 276139
Total vertex volume 273245 (mask=0)
reading colortable from annotation file...
colortable with 36 entries read (originally /autofs/space/tanha_002/users/greve/fsdev.build/average/colortable_desikan_killiany.txt)
Saving annotation colortable ../label/aparc.annot.ctab

table columns are:
    number of vertices
    total surface area (mm^2)
    total gray matter volume (mm^3)
    average cortical thickness +- standard deviation (mm)
    integrated rectified mean curvature
    integrated rectified Gaussian curvature
    folding index
    intrinsic curvature index
    structure name

atlas_icv (eTIV) = 1598476 mm^3    (det: 1.218727 )
lhCtxGM: 269234.206 531474.000  diff=-262239.8  pctdiff=-97.402
rhCtxGM: 263859.963 518784.000  diff=-254924.0  pctdiff=-96.613
lhCtxWM: 195542.228 433467.500  diff=-237925.3  pctdiff=-121.675
rhCtxWM: 191794.125 429108.500  diff=-237314.4  pctdiff=-123.734
SubCortGMVol  111164.000
SupraTentVol  1040356.524 (2046543.000) diff=-1006186.476 pctdiff=-96.716
SupraTentVolNotVent  1017897.524 (2024084.000) diff=-1006186.476 pctdiff=-98.849
BrainSegVol  2359692.000 (2355302.000) diff=4390.000 pctdiff=0.186
BrainSegVolNotVent  2330602.000 (1337869.524) diff=992732.476 pctdiff=42.596
BrainSegVolNotVent  2330602.000
CerebellumVol 306189.000
VentChorVol   22459.000
3rd4th5thCSF   6631.000
CSFVol  2241.000, OptChiasmVol   329.000
MaskVol 3507698.000
 2585   1016   2918  2.614 0.433     0.076     0.020       32     2.3  bankssts
 2277   1305   3288  2.842 0.765     0.105     0.027       40     2.6  caudalanteriorcingulate
 4760   2364   6052  2.720 0.437     0.079     0.017       48     3.4  caudalmiddlefrontal
 4439   2447   4824  2.276 0.477     0.105     0.026       50     5.3  cuneus
 1070    843   2388  3.637 0.865     0.127     0.027       17     1.5  entorhinal
 6237   3615   9391  2.881 0.625     0.112     0.029       90     8.6  fusiform
12449   6351  15416  2.603 0.462     0.095     0.030      224    19.2  inferiorparietal
 7133   4014  10089  2.802 0.640     0.109     0.029       96     9.6  inferiortemporal
 2660   1328   3058  2.399 0.883     0.108     0.035       45     3.7  isthmuscingulate
13362   6590  13895  2.296 0.537     0.095     0.024      146    14.4  lateraloccipital
 6242   3329   8305  2.704 0.619     0.107     0.027       89     7.8  lateralorbitofrontal
 9276   5307  10847  2.326 0.604     0.109     0.029       99    12.5  lingual
 4038   2179   4403  2.250 0.654     0.107     0.027       48     4.8  medialorbitofrontal
 8109   4848  12399  2.915 0.590     0.101     0.024      131     8.7  middletemporal
 1493    835   2148  3.077 0.792     0.096     0.022       17     1.7  parahippocampal
 3947   1972   4916  2.671 0.499     0.084     0.019       27     3.3  paracentral
 3472   1837   5019  2.923 0.456     0.088     0.021       51     3.5  parsopercularis
 2282   1487   3529  2.784 0.596     0.120     0.024       25     2.4  parsorbitalis
 4113   2176   5227  2.579 0.524     0.100     0.025      125     3.9  parstriangularis
 4263   1702   3664  2.096 0.438     0.098     0.094      131    27.5  pericalcarine
 9383   4698   9978  2.309 0.602     0.082     0.017       67     6.6  postcentral
 3030   1689   3763  2.487 0.878     0.111     0.029       46     3.9  posteriorcingulate
11674   5196  13696  2.782 0.502     0.072     0.027      258    15.5  precentral
10255   4778  12062  2.598 0.487     0.088     0.021      113     8.9  precuneus
 2028   1171   2980  2.931 0.793     0.118     0.031       28     2.9  rostralanteriorcingulate
15705   8322  19209  2.470 0.508     0.101     0.024      184    17.2  rostralmiddlefrontal
16313   8559  23277  2.929 0.552     0.093     0.022      184    15.3  superiorfrontal
14049   7185  16519  2.440 0.450     0.084     0.017      121     9.4  superiorparietal
 9691   5477  15762  3.171 0.603     0.096     0.025      131    10.7  superiortemporal
 8930   4717  11742  2.692 0.518     0.094     0.021       98     8.1  supramarginal
  716    544   1081  2.479 0.558     0.139     0.025        7     0.9  frontalpole
 1387   1068   2944  3.426 0.795     0.114     0.023       11     1.5  temporalpole
 1196    523   1449  2.963 0.359     0.073     0.019       13     0.8  transversetemporal
 4873   2076   6905  3.155 0.689     0.097     0.037       95     8.0  insula
#-----------------------------------------
#@# Parcellation Stats rh Thu May  9 01:25:12 CDT 2019
/home/stone-ext1/freesurfer/subjects/FS6EXPERT_subj01/scripts

 mris_anatomical_stats -th3 -mgz -cortex ../label/rh.cortex.label -f ../stats/rh.aparc.stats -b -a ../label/rh.aparc.annot -c ../label/aparc.annot.ctab FS6EXPERT_subj01 rh white 

computing statistics for each annotation in ../label/rh.aparc.annot.
reading volume /home/stone-ext1/freesurfer/subjects/FS6EXPERT_subj01/mri/wm.mgz...
reading input surface /home/stone-ext1/freesurfer/subjects/FS6EXPERT_subj01/surf/rh.white...
reading input pial surface /home/stone-ext1/freesurfer/subjects/FS6EXPERT_subj01/surf/rh.pial...
reading input white surface /home/stone-ext1/freesurfer/subjects/FS6EXPERT_subj01/surf/rh.white...
INFO: using TH3 volume calc
INFO: assuming MGZ format for volumes.
INFO: using ../label/rh.cortex.label as mask to calc cortex NumVert, SurfArea and MeanThickness.
Using TH3 vertex volume calc
Total face volume 268850
Total vertex volume 266729 (mask=0)
reading colortable from annotation file...
colortable with 36 entries read (originally /autofs/space/tanha_002/users/greve/fsdev.build/average/colortable_desikan_killiany.txt)
Saving annotation colortable ../label/aparc.annot.ctab

table columns are:
    number of vertices
    total surface area (mm^2)
    total gray matter volume (mm^3)
    average cortical thickness +- standard deviation (mm)
    integrated rectified mean curvature
    integrated rectified Gaussian curvature
    folding index
    intrinsic curvature index
    structure name

atlas_icv (eTIV) = 1598476 mm^3    (det: 1.218727 )
lhCtxGM: 269234.206 531474.000  diff=-262239.8  pctdiff=-97.402
rhCtxGM: 263859.963 518784.000  diff=-254924.0  pctdiff=-96.613
lhCtxWM: 195542.228 433467.500  diff=-237925.3  pctdiff=-121.675
rhCtxWM: 191794.125 429108.500  diff=-237314.4  pctdiff=-123.734
SubCortGMVol  111164.000
SupraTentVol  1040356.524 (2046543.000) diff=-1006186.476 pctdiff=-96.716
SupraTentVolNotVent  1017897.524 (2024084.000) diff=-1006186.476 pctdiff=-98.849
BrainSegVol  2359692.000 (2355302.000) diff=4390.000 pctdiff=0.186
BrainSegVolNotVent  2330602.000 (1337869.524) diff=992732.476 pctdiff=42.596
BrainSegVolNotVent  2330602.000
CerebellumVol 306189.000
VentChorVol   22459.000
3rd4th5thCSF   6631.000
CSFVol  2241.000, OptChiasmVol   329.000
MaskVol 3507698.000
 2343   1047   2810  2.780 0.359     0.055     0.008        7     0.8  bankssts
 1875    754   2506  2.457 0.989     0.102     0.020       27     1.5  caudalanteriorcingulate
 3532   1494   4767  2.702 0.484     0.085     0.017       30     2.4  caudalmiddlefrontal
 4111   1597   3818  2.043 0.461     0.091     0.024       47     4.0  cuneus
  998    436   2461  3.461 0.894     0.084     0.025        9     1.0  entorhinal
 6214   2631   9340  2.915 0.520     0.082     0.018       59     4.5  fusiform
12380   5294  15780  2.617 0.450     0.080     0.016      123     8.0  inferiorparietal
 7716   3172  10403  2.758 0.602     0.082     0.017       84     5.9  inferiortemporal
 2649   1062   3044  2.318 0.917     0.089     0.021       32     2.2  isthmuscingulate
12490   4875  13424  2.351 0.497     0.088     0.021      126    10.7  lateraloccipital
 5578   2383   7081  2.621 0.705     0.091     0.023       65     5.7  lateralorbitofrontal
 9204   3844  10307  2.333 0.558     0.099     0.029      124    13.0  lingual
 4404   1844   4908  2.201 0.546     0.090     0.020       65     3.7  medialorbitofrontal
 9168   3828  13652  2.896 0.557     0.085     0.018       99     6.4  middletemporal
 1402    559   2064  3.022 0.692     0.076     0.017       11     0.8  parahippocampal
 3838   1598   4604  2.538 0.468     0.083     0.016       31     2.4  paracentral
 2664   1099   3641  2.884 0.402     0.078     0.017       22     1.8  parsopercularis
 2433    998   3766  2.724 0.604     0.105     0.028       38     2.8  parsorbitalis
 4173   1766   4874  2.453 0.517     0.082     0.017       41     2.7  parstriangularis
 5156   2069   4485  2.127 0.465     0.076     0.025       49     5.8  pericalcarine
 9370   3781   9796  2.238 0.582     0.073     0.015       77     6.1  postcentral
 3334   1391   4267  2.504 0.803     0.100     0.023       48     3.0  posteriorcingulate
10777   4212  13009  2.696 0.527     0.072     0.018       84     8.5  precentral
 8995   3845  10783  2.555 0.489     0.085     0.019       89     6.7  precuneus
 1696    673   2412  2.691 0.792     0.091     0.021       23     1.6  rostralanteriorcingulate
18124   7668  21540  2.402 0.540     0.092     0.021      208    17.1  rostralmiddlefrontal
15875   6602  23228  2.846 0.591     0.088     0.020      149    13.2  superiorfrontal
13545   5702  15965  2.429 0.416     0.081     0.015      137     8.4  superiorparietal
 8615   3626  13413  3.046 0.587     0.073     0.014       62     4.7  superiortemporal
 9483   3989  12140  2.687 0.484     0.082     0.017       91     6.4  supramarginal
  871    348   1322  2.645 0.611     0.140     0.046       24     1.8  frontalpole
  998    413   2502  3.511 0.901     0.090     0.031       10     1.4  temporalpole
  954    338   1093  2.773 0.316     0.084     0.024       11     0.8  transversetemporal
 5921   2570   7497  2.778 1.096     0.094     0.036       83     9.1  insula

 mris_anatomical_stats -th3 -mgz -cortex ../label/rh.cortex.label -f ../stats/rh.aparc.pial.stats -b -a ../label/rh.aparc.annot -c ../label/aparc.annot.ctab FS6EXPERT_subj01 rh pial 

computing statistics for each annotation in ../label/rh.aparc.annot.
reading volume /home/stone-ext1/freesurfer/subjects/FS6EXPERT_subj01/mri/wm.mgz...
reading input surface /home/stone-ext1/freesurfer/subjects/FS6EXPERT_subj01/surf/rh.pial...
reading input pial surface /home/stone-ext1/freesurfer/subjects/FS6EXPERT_subj01/surf/rh.pial...
reading input white surface /home/stone-ext1/freesurfer/subjects/FS6EXPERT_subj01/surf/rh.white...
INFO: using TH3 volume calc
INFO: assuming MGZ format for volumes.
INFO: using ../label/rh.cortex.label as mask to calc cortex NumVert, SurfArea and MeanThickness.
Using TH3 vertex volume calc
Total face volume 268850
Total vertex volume 266729 (mask=0)
reading colortable from annotation file...
colortable with 36 entries read (originally /autofs/space/tanha_002/users/greve/fsdev.build/average/colortable_desikan_killiany.txt)
Saving annotation colortable ../label/aparc.annot.ctab

table columns are:
    number of vertices
    total surface area (mm^2)
    total gray matter volume (mm^3)
    average cortical thickness +- standard deviation (mm)
    integrated rectified mean curvature
    integrated rectified Gaussian curvature
    folding index
    intrinsic curvature index
    structure name

atlas_icv (eTIV) = 1598476 mm^3    (det: 1.218727 )
lhCtxGM: 269234.206 531474.000  diff=-262239.8  pctdiff=-97.402
rhCtxGM: 263859.963 518784.000  diff=-254924.0  pctdiff=-96.613
lhCtxWM: 195542.228 433467.500  diff=-237925.3  pctdiff=-121.675
rhCtxWM: 191794.125 429108.500  diff=-237314.4  pctdiff=-123.734
SubCortGMVol  111164.000
SupraTentVol  1040356.524 (2046543.000) diff=-1006186.476 pctdiff=-96.716
SupraTentVolNotVent  1017897.524 (2024084.000) diff=-1006186.476 pctdiff=-98.849
BrainSegVol  2359692.000 (2355302.000) diff=4390.000 pctdiff=0.186
BrainSegVolNotVent  2330602.000 (1337869.524) diff=992732.476 pctdiff=42.596
BrainSegVolNotVent  2330602.000
CerebellumVol 306189.000
VentChorVol   22459.000
3rd4th5thCSF   6631.000
CSFVol  2241.000, OptChiasmVol   329.000
MaskVol 3507698.000
 2343    919   2810  2.780 0.359     0.076     0.019       33     1.9  bankssts
 1875   1065   2506  2.457 0.989     0.132     0.154      438    20.9  caudalanteriorcingulate
 3532   1858   4767  2.702 0.484     0.090     0.021       36     3.2  caudalmiddlefrontal
 4111   2148   3818  2.043 0.461     0.094     0.024       35     4.4  cuneus
  998    877   2461  3.461 0.894     0.135     0.031       15     1.5  entorhinal
 6214   3733   9340  2.915 0.520     0.109     0.027       58     8.3  fusiform
12380   6363  15780  2.617 0.450     0.088     0.017      111     9.3  inferiorparietal
 7716   4220  10403  2.758 0.602     0.104     0.026      105     9.4  inferiortemporal
 2649   1374   3044  2.318 0.917     0.102     0.028       34     3.2  isthmuscingulate
12490   6219  13424  2.351 0.497     0.094     0.023      153    12.4  lateraloccipital
 5578   2865   7081  2.621 0.705     0.109     0.028       82     7.4  lateralorbitofrontal
 9204   4911  10307  2.333 0.558     0.105     0.028      303    11.8  lingual
 4404   2482   4908  2.201 0.546     0.115     0.029       58     5.6  medialorbitofrontal
 9168   5292  13652  2.896 0.557     0.097     0.022       91     8.8  middletemporal
 1402    785   2064  3.022 0.692     0.114     0.031       33     2.1  parahippocampal
 3838   1911   4604  2.538 0.468     0.090     0.023       42     4.2  paracentral
 2664   1385   3641  2.884 0.402     0.089     0.021       19     2.6  parsopercularis
 2433   1606   3766  2.724 0.604     0.125     0.027       30     3.0  parsorbitalis
 4173   2086   4874  2.453 0.517     0.091     0.020       35     3.4  parstriangularis
 5156   2087   4485  2.127 0.465     0.081     0.020      143     4.3  pericalcarine
 9370   4776   9796  2.238 0.582     0.078     0.015       57     5.7  postcentral
 3334   1844   4267  2.504 0.803     0.110     0.029       48     4.3  posteriorcingulate
10777   5131  13009  2.696 0.527     0.078     0.019       89     9.2  precentral
 8995   4321  10783  2.555 0.489     0.093     0.023      130     8.8  precuneus
 1696   1004   2412  2.691 0.792     0.125     0.032       42     2.5  rostralanteriorcingulate
18124   9494  21540  2.402 0.540     0.103     0.024      211    19.0  rostralmiddlefrontal
15875   9038  23228  2.846 0.591     0.105     0.024      176    17.4  superiorfrontal
13545   7054  15965  2.429 0.416     0.088     0.016      109     8.9  superiorparietal
 8615   4898  13413  3.046 0.587     0.096     0.022       71     8.5  superiortemporal
 9483   4773  12140  2.687 0.484     0.089     0.020       94     7.9  supramarginal
  871    592   1322  2.645 0.611     0.138     0.038       11     1.4  frontalpole
  998    961   2502  3.511 0.901     0.161     0.032       12     1.7  temporalpole
  954    430   1093  2.773 0.316     0.078     0.022       49     0.9  transversetemporal
 5921   2607   7497  2.778 1.096     0.110     0.045      155     9.4  insula
#-----------------------------------------
#@# Cortical Parc 2 lh Thu May  9 01:28:29 CDT 2019
/home/stone-ext1/freesurfer/subjects/FS6EXPERT_subj01/scripts

 mris_ca_label -l ../label/lh.cortex.label -aseg ../mri/aseg.presurf.mgz -seed 1234 FS6EXPERT_subj01 lh ../surf/lh.sphere.reg /home/stone/software/freesurfer_stable_600/average/lh.CDaparc.atlas.acfb40.noaparc.i12.2016-08-02.gcs ../label/lh.aparc.a2009s.annot 

setting seed for random number generator to 1234
using ../mri/aseg.presurf.mgz aseg volume to correct midline
$Id: mris_ca_label.c,v 1.37 2014/02/04 17:46:42 fischl Exp $
  $Id: mrisurf.c,v 1.781.2.6 2016/12/27 16:47:14 zkaufman Exp $
reading atlas from /home/stone/software/freesurfer_stable_600/average/lh.CDaparc.atlas.acfb40.noaparc.i12.2016-08-02.gcs...
reading color table from GCSA file....
average std = 2.9   using min determinant for regularization = 0.086
0 singular and 762 ill-conditioned covariance matrices regularized
input 0: MEAN CURVATURE, flags 0, avgs 5, name mean_curvature
labeling surface...
57 labels changed using aseg
relabeling using gibbs priors...
000:  13501 changed, 225942 examined...
001:   3358 changed, 52516 examined...
002:   1013 changed, 17157 examined...
003:    458 changed, 5743 examined...
004:    200 changed, 2528 examined...
005:     84 changed, 1133 examined...
006:     45 changed, 473 examined...
007:     23 changed, 278 examined...
008:      5 changed, 119 examined...
009:      0 changed, 34 examined...
3 labels changed using aseg
000: 398 total segments, 306 labels (4241 vertices) changed
001: 112 total segments, 21 labels (108 vertices) changed
002: 94 total segments, 3 labels (5 vertices) changed
003: 91 total segments, 0 labels (0 vertices) changed
10 filter iterations complete (10 requested, 60 changed)
rationalizing unknown annotations with cortex label
relabeling Medial_wall label...
1496 vertices marked for relabeling...
1496 labels changed in reclassification.
writing output to ../label/lh.aparc.a2009s.annot...
classification took 0 minutes and 42 seconds.
#-----------------------------------------
#@# Cortical Parc 2 rh Thu May  9 01:29:11 CDT 2019
/home/stone-ext1/freesurfer/subjects/FS6EXPERT_subj01/scripts

 mris_ca_label -l ../label/rh.cortex.label -aseg ../mri/aseg.presurf.mgz -seed 1234 FS6EXPERT_subj01 rh ../surf/rh.sphere.reg /home/stone/software/freesurfer_stable_600/average/rh.CDaparc.atlas.acfb40.noaparc.i12.2016-08-02.gcs ../label/rh.aparc.a2009s.annot 

setting seed for random number generator to 1234
using ../mri/aseg.presurf.mgz aseg volume to correct midline
$Id: mris_ca_label.c,v 1.37 2014/02/04 17:46:42 fischl Exp $
  $Id: mrisurf.c,v 1.781.2.6 2016/12/27 16:47:14 zkaufman Exp $
reading atlas from /home/stone/software/freesurfer_stable_600/average/rh.CDaparc.atlas.acfb40.noaparc.i12.2016-08-02.gcs...
reading color table from GCSA file....
average std = 1.4   using min determinant for regularization = 0.020
0 singular and 719 ill-conditioned covariance matrices regularized
input 0: MEAN CURVATURE, flags 0, avgs 5, name mean_curvature
labeling surface...
4 labels changed using aseg
relabeling using gibbs priors...
000:  13949 changed, 222445 examined...
001:   3394 changed, 53485 examined...
002:   1031 changed, 17514 examined...
003:    462 changed, 5795 examined...
004:    226 changed, 2558 examined...
005:    125 changed, 1317 examined...
006:     70 changed, 728 examined...
007:     33 changed, 388 examined...
008:     27 changed, 187 examined...
009:     14 changed, 152 examined...
010:     12 changed, 86 examined...
011:      5 changed, 60 examined...
012:      1 changed, 30 examined...
013:      1 changed, 7 examined...
014:      1 changed, 7 examined...
015:      0 changed, 7 examined...
2 labels changed using aseg
000: 385 total segments, 292 labels (5023 vertices) changed
001: 119 total segments, 27 labels (152 vertices) changed
002: 93 total segments, 1 labels (1 vertices) changed
003: 92 total segments, 0 labels (0 vertices) changed
10 filter iterations complete (10 requested, 53 changed)
rationalizing unknown annotations with cortex label
relabeling Medial_wall label...
2548 vertices marked for relabeling...
2548 labels changed in reclassification.
writing output to ../label/rh.aparc.a2009s.annot...
classification took 0 minutes and 35 seconds.
#-----------------------------------------
#@# Parcellation Stats 2 lh Thu May  9 01:29:46 CDT 2019
/home/stone-ext1/freesurfer/subjects/FS6EXPERT_subj01/scripts

 mris_anatomical_stats -th3 -mgz -cortex ../label/lh.cortex.label -f ../stats/lh.aparc.a2009s.stats -b -a ../label/lh.aparc.a2009s.annot -c ../label/aparc.annot.a2009s.ctab FS6EXPERT_subj01 lh white 

computing statistics for each annotation in ../label/lh.aparc.a2009s.annot.
reading volume /home/stone-ext1/freesurfer/subjects/FS6EXPERT_subj01/mri/wm.mgz...
reading input surface /home/stone-ext1/freesurfer/subjects/FS6EXPERT_subj01/surf/lh.white...
reading input pial surface /home/stone-ext1/freesurfer/subjects/FS6EXPERT_subj01/surf/lh.pial...
reading input white surface /home/stone-ext1/freesurfer/subjects/FS6EXPERT_subj01/surf/lh.white...
INFO: using TH3 volume calc
INFO: assuming MGZ format for volumes.
INFO: using ../label/lh.cortex.label as mask to calc cortex NumVert, SurfArea and MeanThickness.
Using TH3 vertex volume calc
Total face volume 276139
Total vertex volume 273245 (mask=0)
reading colortable from annotation file...
colortable with 76 entries read (originally Simple_surface_labels2008.txt)
Saving annotation colortable ../label/aparc.annot.a2009s.ctab

table columns are:
    number of vertices
    total surface area (mm^2)
    total gray matter volume (mm^3)
    average cortical thickness +- standard deviation (mm)
    integrated rectified mean curvature
    integrated rectified Gaussian curvature
    folding index
    intrinsic curvature index
    structure name

atlas_icv (eTIV) = 1598476 mm^3    (det: 1.218727 )
lhCtxGM: 269234.206 531474.000  diff=-262239.8  pctdiff=-97.402
rhCtxGM: 263859.963 518784.000  diff=-254924.0  pctdiff=-96.613
lhCtxWM: 195542.228 433467.500  diff=-237925.3  pctdiff=-121.675
rhCtxWM: 191794.125 429108.500  diff=-237314.4  pctdiff=-123.734
SubCortGMVol  111164.000
SupraTentVol  1040356.524 (2046543.000) diff=-1006186.476 pctdiff=-96.716
SupraTentVolNotVent  1017897.524 (2024084.000) diff=-1006186.476 pctdiff=-98.849
BrainSegVol  2359692.000 (2355302.000) diff=4390.000 pctdiff=0.186
BrainSegVolNotVent  2330602.000 (1337869.524) diff=992732.476 pctdiff=42.596
BrainSegVolNotVent  2330602.000
CerebellumVol 306189.000
VentChorVol   22459.000
3rd4th5thCSF   6631.000
CSFVol  2241.000, OptChiasmVol   329.000
MaskVol 3507698.000
 2152    910   2331  2.220 0.511     0.095     0.022       24     2.2  G&S_frontomargin
 3032   1269   4117  2.550 0.509     0.105     0.024       44     2.8  G&S_occipital_inf
 3270   1178   3937  2.655 0.540     0.073     0.019       38     2.8  G&S_paracentral
 1952    810   2831  2.931 0.365     0.096     0.021       25     1.5  G&S_subcentral
 1394    572   1988  2.594 0.472     0.112     0.028       24     1.6  G&S_transv_frontopol
 3698   1525   5229  2.864 0.612     0.079     0.018       39     2.7  G&S_cingul-Ant
 2815   1177   3665  2.835 0.531     0.087     0.018       30     2.0  G&S_cingul-Mid-Ant
 2532   1063   3088  2.680 0.443     0.087     0.018       24     1.8  G&S_cingul-Mid-Post
  986    406   1881  3.134 0.529     0.115     0.027       21     1.0  G_cingul-Post-dorsal
  488    198    790  2.981 0.788     0.100     0.030        8     0.5  G_cingul-Post-ventral
 4085   1549   4669  2.244 0.499     0.104     0.032       66     5.2  G_cuneus
 2158    896   4041  3.175 0.419     0.086     0.020       22     1.7  G_front_inf-Opercular
  805    330   1520  3.014 0.540     0.127     0.029       17     1.0  G_front_inf-Orbital
 2304    931   3652  2.847 0.474     0.101     0.024       34     2.0  G_front_inf-Triangul
 7911   3212  12181  2.753 0.524     0.100     0.027      117     8.1  G_front_middle
10891   4524  18652  3.129 0.555     0.094     0.022      124     9.3  G_front_sup
  924    381   1433  3.308 0.539     0.098     0.042       15     1.6  G_Ins_lg&S_cent_ins
 1056    415   2119  3.606 0.593     0.091     0.024       14     1.0  G_insular_short
 3340   1315   4566  2.568 0.459     0.106     0.026       54     3.2  G_occipital_middle
 2690   1089   3058  2.316 0.484     0.083     0.019       25     2.2  G_occipital_sup
 2576   1077   4978  3.208 0.517     0.105     0.024       46     2.5  G_oc-temp_lat-fusifor
 6739   2748   8299  2.336 0.639     0.105     0.031      104     8.9  G_oc-temp_med-Lingual
 1980    812   3923  3.566 0.773     0.080     0.020       15     1.6  G_oc-temp_med-Parahip
 4444   1789   7518  2.872 0.633     0.113     0.036      101     6.8  G_orbital
 4885   2011   7365  2.753 0.456     0.100     0.022       79     4.3  G_pariet_inf-Angular
 4905   2038   7869  2.901 0.524     0.102     0.021       72     4.4  G_pariet_inf-Supramar
 5315   2214   7778  2.660 0.481     0.098     0.021       77     4.4  G_parietal_sup
 3489   1338   4437  2.510 0.514     0.089     0.022       47     3.2  G_postcentral
 4593   1473   6246  3.031 0.457     0.073     0.034       70     8.2  G_precentral
 4677   1956   7339  2.828 0.453     0.099     0.022       72     4.0  G_precuneus
 1562    587   2103  2.408 0.640     0.103     0.038       39     2.8  G_rectus
  554    251    669  2.457 0.934     0.079     0.041        6     0.8  G_subcallosal
  818    308   1167  3.049 0.390     0.092     0.019        9     0.6  G_temp_sup-G_T_transv
 3310   1353   7391  3.517 0.569     0.091     0.023       44     3.3  G_temp_sup-Lateral
 1263    531   2257  3.661 0.517     0.062     0.014        6     0.6  G_temp_sup-Plan_polar
 1573    684   2254  2.953 0.457     0.068     0.012       11     0.7  G_temp_sup-Plan_tempo
 3470   1422   6291  2.954 0.680     0.111     0.030       69     4.4  G_temporal_inf
 4213   1735   7572  2.991 0.599     0.098     0.022       67     3.8  G_temporal_middle
  721    292    578  2.230 0.356     0.065     0.011        2     0.3  Lat_Fis-ant-Horizont
  337    136    344  2.572 0.369     0.054     0.009        1     0.1  Lat_Fis-ant-Vertical
 1749    745   1584  2.631 0.407     0.072     0.014        8     1.0  Lat_Fis-post
 3530   1224   2929  2.004 0.471     0.089     0.025       43     3.7  Pole_occipital
 3026   1261   6353  3.376 0.753     0.092     0.021       36     2.9  Pole_temporal
 4948   2105   4338  2.197 0.504     0.078     0.018       35     3.6  S_calcarine
 5154   2197   4169  2.127 0.558     0.056     0.009       14     1.9  S_central
 2278    969   2086  2.425 0.371     0.058     0.009        7     0.9  S_cingul-Marginalis
  889    381    917  2.884 0.341     0.064     0.010        3     0.4  S_circular_insula_ant
 2188    960   2416  2.938 0.646     0.072     0.021       37     2.4  S_circular_insula_inf
 2755   1186   2570  2.600 0.429     0.060     0.010        8     1.1  S_circular_insula_sup
 1334    596   1522  2.738 0.454     0.067     0.011        7     0.6  S_collat_transv_ant
 1105    484    980  2.185 0.380     0.079     0.014        6     0.7  S_collat_transv_post
 4837   2041   5056  2.425 0.422     0.067     0.012       26     2.1  S_front_inf
 2441   1059   2026  2.222 0.298     0.078     0.014       11     1.6  S_front_middle
 4335   1840   4459  2.593 0.314     0.057     0.010       15     1.6  S_front_sup
  539    234    434  2.201 0.252     0.062     0.008        2     0.2  S_interm_prim-Jensen
 5718   2445   5241  2.354 0.341     0.060     0.008       20     2.0  S_intrapariet&P_trans
 1493    660   1135  1.986 0.319     0.080     0.015        7     1.0  S_oc_middle&Lunatus
 2871   1218   2564  2.256 0.330     0.076     0.013       18     1.4  S_oc_sup&transversal
 1333    551   1184  2.659 0.580     0.079     0.016        7     0.9  S_occipital_ant
 1551    670   1419  2.493 0.433     0.079     0.014        8     1.0  S_oc-temp_lat
 3206   1413   3232  2.430 0.473     0.069     0.011       16     1.4  S_oc-temp_med&Lingual
  877    386    665  1.996 0.234     0.075     0.010        3     0.5  S_orbital_lateral
  995    425    820  2.139 0.744     0.079     0.015        6     0.7  S_orbital_med-olfact
 2462   1046   2626  2.498 0.466     0.088     0.020       19     2.0  S_orbital-H_Shaped
 4174   1736   3891  2.417 0.469     0.074     0.013       26     2.3  S_parieto_occipital
 2260    871   1154  1.594 0.816     0.086     0.013       26     1.0  S_pericallosal
 4132   1745   3534  2.187 0.366     0.064     0.011       20     1.9  S_postcentral
 1895    805   1770  2.583 0.265     0.058     0.010        5     0.8  S_precentral-inf-part
 2030    896   2057  2.620 0.348     0.062     0.009        7     0.8  S_precentral-sup-part
 1172    475    808  2.048 0.453     0.073     0.010        6     0.5  S_suborbital
 2266    917   1965  2.405 0.322     0.075     0.013       15     1.2  S_subparietal
 2520   1065   2200  2.507 0.505     0.072     0.010       11     1.3  S_temporal_inf
10890   4782  12323  2.667 0.456     0.069     0.012       56     5.4  S_temporal_sup
  625    267    690  2.849 0.406     0.065     0.009        2     0.3  S_temporal_transverse
#-----------------------------------------
#@# Parcellation Stats 2 rh Thu May  9 01:31:29 CDT 2019
/home/stone-ext1/freesurfer/subjects/FS6EXPERT_subj01/scripts

 mris_anatomical_stats -th3 -mgz -cortex ../label/rh.cortex.label -f ../stats/rh.aparc.a2009s.stats -b -a ../label/rh.aparc.a2009s.annot -c ../label/aparc.annot.a2009s.ctab FS6EXPERT_subj01 rh white 

computing statistics for each annotation in ../label/rh.aparc.a2009s.annot.
reading volume /home/stone-ext1/freesurfer/subjects/FS6EXPERT_subj01/mri/wm.mgz...
reading input surface /home/stone-ext1/freesurfer/subjects/FS6EXPERT_subj01/surf/rh.white...
reading input pial surface /home/stone-ext1/freesurfer/subjects/FS6EXPERT_subj01/surf/rh.pial...
reading input white surface /home/stone-ext1/freesurfer/subjects/FS6EXPERT_subj01/surf/rh.white...
INFO: using TH3 volume calc
INFO: assuming MGZ format for volumes.
INFO: using ../label/rh.cortex.label as mask to calc cortex NumVert, SurfArea and MeanThickness.
Using TH3 vertex volume calc
Total face volume 268850
Total vertex volume 266729 (mask=0)
reading colortable from annotation file...
colortable with 76 entries read (originally Simple_surface_labels2008.txt)
Saving annotation colortable ../label/aparc.annot.a2009s.ctab

table columns are:
    number of vertices
    total surface area (mm^2)
    total gray matter volume (mm^3)
    average cortical thickness +- standard deviation (mm)
    integrated rectified mean curvature
    integrated rectified Gaussian curvature
    folding index
    intrinsic curvature index
    structure name

atlas_icv (eTIV) = 1598476 mm^3    (det: 1.218727 )
lhCtxGM: 269234.206 531474.000  diff=-262239.8  pctdiff=-97.402
rhCtxGM: 263859.963 518784.000  diff=-254924.0  pctdiff=-96.613
lhCtxWM: 195542.228 433467.500  diff=-237925.3  pctdiff=-121.675
rhCtxWM: 191794.125 429108.500  diff=-237314.4  pctdiff=-123.734
SubCortGMVol  111164.000
SupraTentVol  1040356.524 (2046543.000) diff=-1006186.476 pctdiff=-96.716
SupraTentVolNotVent  1017897.524 (2024084.000) diff=-1006186.476 pctdiff=-98.849
BrainSegVol  2359692.000 (2355302.000) diff=4390.000 pctdiff=0.186
BrainSegVolNotVent  2330602.000 (1337869.524) diff=992732.476 pctdiff=42.596
BrainSegVolNotVent  2330602.000
CerebellumVol 306189.000
VentChorVol   22459.000
3rd4th5thCSF   6631.000
CSFVol  2241.000, OptChiasmVol   329.000
MaskVol 3507698.000
 1836    774   1824  2.061 0.503     0.086     0.017       19     1.4  G&S_frontomargin
 1882    771   2637  2.613 0.545     0.091     0.018       21     1.3  G&S_occipital_inf
 2580    950   3092  2.546 0.515     0.083     0.020       25     1.9  G&S_paracentral
 2351    987   3378  2.874 0.405     0.091     0.019       26     2.0  G&S_subcentral
 2290    916   3349  2.661 0.655     0.121     0.036       43     3.7  G&S_transv_frontopol
 5318   2224   6771  2.605 0.613     0.082     0.019       49     4.2  G&S_cingul-Ant
 2307    963   3214  2.824 0.573     0.091     0.020       23     1.8  G&S_cingul-Mid-Ant
 2545   1066   3217  2.747 0.497     0.086     0.018       25     1.8  G&S_cingul-Mid-Post
 1187    487   2154  2.917 0.557     0.129     0.041       26     2.1  G_cingul-Post-dorsal
  522    208    953  2.973 0.923     0.105     0.028        9     0.5  G_cingul-Post-ventral
 4392   1668   3979  2.022 0.454     0.091     0.029       55     5.6  G_cuneus
 1901    790   3156  2.996 0.376     0.091     0.020       24     1.6  G_front_inf-Opercular
  840    325   1454  2.870 0.442     0.111     0.028       18     0.9  G_front_inf-Orbital
 1748    735   2542  2.710 0.434     0.105     0.026       28     1.8  G_front_inf-Triangul
 7292   2988  11723  2.745 0.543     0.113     0.031      136     9.9  G_front_middle
 9709   4016  16874  2.992 0.615     0.101     0.024      131     9.7  G_front_sup
  895    389   1557  3.433 0.677     0.101     0.044       17     1.6  G_Ins_lg&S_cent_ins
 1304    545   2359  3.398 0.972     0.100     0.038       18     2.2  G_insular_short
 2974   1267   4599  2.664 0.512     0.096     0.020       44     2.4  G_occipital_middle
 2888   1147   3555  2.385 0.445     0.091     0.020       34     2.5  G_occipital_sup
 2858   1159   5275  3.172 0.464     0.105     0.024       46     2.7  G_oc-temp_lat-fusifor
 6165   2519   7702  2.369 0.601     0.106     0.032      100     9.2  G_oc-temp_med-Lingual
 1901    789   3986  3.261 0.962     0.091     0.028       22     2.3  G_oc-temp_med-Parahip
 4504   1912   7769  2.833 0.681     0.110     0.029       77     5.3  G_orbital
 5413   2275   8515  2.821 0.472     0.099     0.022       87     4.8  G_pariet_inf-Angular
 4004   1677   6411  2.926 0.435     0.099     0.024       61     3.8  G_pariet_inf-Supramar
 4240   1780   6149  2.600 0.449     0.098     0.021       66     3.4  G_parietal_sup
 3277   1219   3844  2.340 0.499     0.079     0.017       36     2.4  G_postcentral
 4178   1440   6159  2.989 0.507     0.075     0.025       49     4.8  G_precentral
 4095   1736   6198  2.719 0.480     0.108     0.027       72     4.3  G_precuneus
 1224    522   1733  2.345 0.525     0.110     0.026       31     1.4  G_rectus
 1110    458    835  1.667 1.257     0.096     0.040       20     1.6  G_subcallosal
  788    274   1035  2.885 0.346     0.093     0.028       12     0.8  G_temp_sup-G_T_transv
 2862   1196   6039  3.373 0.558     0.095     0.022       36     2.4  G_temp_sup-Lateral
 1405    611   2448  3.155 0.906     0.087     0.028       15     1.7  G_temp_sup-Plan_polar
 1453    624   1886  2.685 0.405     0.062     0.010        8     0.6  G_temp_sup-Plan_tempo
 3333   1347   5861  3.127 0.550     0.099     0.024       57     3.3  G_temporal_inf
 5238   2163   9710  3.128 0.514     0.103     0.024       84     4.7  G_temporal_middle
  721    313    635  2.280 0.408     0.054     0.007        2     0.2  Lat_Fis-ant-Horizont
  193     72    201  2.995 0.230     0.054     0.009        0     0.1  Lat_Fis-ant-Vertical
 2099    903   1992  2.698 0.414     0.070     0.012        8     1.0  Lat_Fis-post
 6324   2295   5809  2.166 0.493     0.089     0.029       73     7.8  Pole_occipital
 2886   1176   5312  2.947 0.801     0.094     0.030       37     4.0  Pole_temporal
 4937   2141   4604  2.242 0.506     0.083     0.023       46     4.9  S_calcarine
 4744   2026   3735  2.061 0.571     0.062     0.012       16     2.4  S_central
 2181    926   2100  2.336 0.357     0.078     0.016       15     1.5  S_cingul-Marginalis
  981    398   1043  3.078 0.616     0.060     0.011        3     0.4  S_circular_insula_ant
 1789    773   1705  2.597 0.574     0.057     0.012        6     1.0  S_circular_insula_inf
 1964    862   1943  2.576 0.421     0.062     0.010        6     0.8  S_circular_insula_sup
 1554    697   1694  2.538 0.409     0.056     0.006        4     0.4  S_collat_transv_ant
  547    230    386  2.128 0.280     0.076     0.012        2     0.3  S_collat_transv_post
 4069   1766   4135  2.308 0.469     0.069     0.011       19     1.7  S_front_inf
 4635   2001   4223  2.242 0.402     0.075     0.014       24     2.8  S_front_middle
 4097   1766   4339  2.513 0.421     0.064     0.010       14     1.7  S_front_sup
 1209    498   1026  2.486 0.309     0.059     0.010        3     0.5  S_interm_prim-Jensen
 7338   3108   7449  2.410 0.345     0.067     0.012       41     3.5  S_intrapariet&P_trans
 1777    746   1411  2.166 0.319     0.070     0.012        9     0.9  S_oc_middle&Lunatus
 1659    722   1513  2.327 0.308     0.064     0.009        6     0.6  S_oc_sup&transversal
 1403    607   1268  2.235 0.342     0.074     0.014        8     0.8  S_occipital_ant
 1726    733   1591  2.581 0.356     0.063     0.010        6     0.7  S_oc-temp_lat
 3145   1356   3168  2.627 0.443     0.061     0.010        9     1.2  S_oc-temp_med&Lingual
 1091    467    812  2.097 0.274     0.068     0.012        4     0.5  S_orbital_lateral
 1204    543    989  1.839 0.650     0.087     0.027       14     1.8  S_orbital_med-olfact
 2237    948   2331  2.446 0.492     0.085     0.019       18     1.9  S_orbital-H_Shaped
 3301   1398   3133  2.449 0.412     0.067     0.011       14     1.6  S_parieto_occipital
 2572   1004   1168  1.503 0.657     0.084     0.013       29     1.1  S_pericallosal
 4264   1802   3694  2.175 0.381     0.061     0.009       21     1.6  S_postcentral
 2254    967   1919  2.397 0.311     0.073     0.014       11     1.3  S_precentral-inf-part
 1584    693   1659  2.509 0.379     0.072     0.015        8     0.9  S_precentral-sup-part
  632    263    502  1.853 0.524     0.089     0.015        5     0.4  S_suborbital
 2117    888   1994  2.349 0.361     0.071     0.013       11     1.0  S_subparietal
 2842   1195   2495  2.401 0.390     0.060     0.008        8     1.2  S_temporal_inf
 9567   4127  10324  2.656 0.408     0.059     0.009       35     3.5  S_temporal_sup
  460    192    480  2.989 0.326     0.060     0.007        1     0.2  S_temporal_transverse
#-----------------------------------------
#@# Cortical Parc 3 lh Thu May  9 01:33:09 CDT 2019
/home/stone-ext1/freesurfer/subjects/FS6EXPERT_subj01/scripts

 mris_ca_label -l ../label/lh.cortex.label -aseg ../mri/aseg.presurf.mgz -seed 1234 FS6EXPERT_subj01 lh ../surf/lh.sphere.reg /home/stone/software/freesurfer_stable_600/average/lh.DKTaparc.atlas.acfb40.noaparc.i12.2016-08-02.gcs ../label/lh.aparc.DKTatlas.annot 

setting seed for random number generator to 1234
using ../mri/aseg.presurf.mgz aseg volume to correct midline
$Id: mris_ca_label.c,v 1.37 2014/02/04 17:46:42 fischl Exp $
  $Id: mrisurf.c,v 1.781.2.6 2016/12/27 16:47:14 zkaufman Exp $
reading atlas from /home/stone/software/freesurfer_stable_600/average/lh.DKTaparc.atlas.acfb40.noaparc.i12.2016-08-02.gcs...
reading color table from GCSA file....
average std = 1.4   using min determinant for regularization = 0.020
0 singular and 383 ill-conditioned covariance matrices regularized
input 0: MEAN CURVATURE, flags 0, avgs 5, name mean_curvature
labeling surface...
2195 labels changed using aseg
relabeling using gibbs priors...
000:   2830 changed, 225942 examined...
001:    708 changed, 13192 examined...
002:    181 changed, 3937 examined...
003:     69 changed, 1070 examined...
004:     34 changed, 427 examined...
005:     22 changed, 201 examined...
006:     21 changed, 123 examined...
007:     14 changed, 111 examined...
008:      7 changed, 77 examined...
009:      2 changed, 34 examined...
010:      2 changed, 16 examined...
011:      1 changed, 11 examined...
012:      0 changed, 10 examined...
247 labels changed using aseg
000: 61 total segments, 28 labels (278 vertices) changed
001: 33 total segments, 0 labels (0 vertices) changed
10 filter iterations complete (10 requested, 4 changed)
rationalizing unknown annotations with cortex label
relabeling unknown label...
relabeling corpuscallosum label...
1187 vertices marked for relabeling...
1187 labels changed in reclassification.
writing output to ../label/lh.aparc.DKTatlas.annot...
classification took 0 minutes and 27 seconds.
#-----------------------------------------
#@# Cortical Parc 3 rh Thu May  9 01:33:36 CDT 2019
/home/stone-ext1/freesurfer/subjects/FS6EXPERT_subj01/scripts

 mris_ca_label -l ../label/rh.cortex.label -aseg ../mri/aseg.presurf.mgz -seed 1234 FS6EXPERT_subj01 rh ../surf/rh.sphere.reg /home/stone/software/freesurfer_stable_600/average/rh.DKTaparc.atlas.acfb40.noaparc.i12.2016-08-02.gcs ../label/rh.aparc.DKTatlas.annot 

setting seed for random number generator to 1234
using ../mri/aseg.presurf.mgz aseg volume to correct midline
$Id: mris_ca_label.c,v 1.37 2014/02/04 17:46:42 fischl Exp $
  $Id: mrisurf.c,v 1.781.2.6 2016/12/27 16:47:14 zkaufman Exp $
reading atlas from /home/stone/software/freesurfer_stable_600/average/rh.DKTaparc.atlas.acfb40.noaparc.i12.2016-08-02.gcs...
reading color table from GCSA file....
average std = 0.9   using min determinant for regularization = 0.009
0 singular and 325 ill-conditioned covariance matrices regularized
input 0: MEAN CURVATURE, flags 0, avgs 5, name mean_curvature
labeling surface...
1888 labels changed using aseg
relabeling using gibbs priors...
000:   2925 changed, 222445 examined...
001:    671 changed, 13293 examined...
002:    180 changed, 3832 examined...
003:     63 changed, 1052 examined...
004:     36 changed, 398 examined...
005:     21 changed, 212 examined...
006:     17 changed, 134 examined...
007:     15 changed, 96 examined...
008:     10 changed, 67 examined...
009:     13 changed, 58 examined...
010:      8 changed, 62 examined...
011:      8 changed, 42 examined...
012:      7 changed, 41 examined...
013:      5 changed, 41 examined...
014:      5 changed, 31 examined...
015:      2 changed, 27 examined...
016:      1 changed, 16 examined...
017:      1 changed, 7 examined...
018:      0 changed, 6 examined...
245 labels changed using aseg
000: 60 total segments, 27 labels (167 vertices) changed
001: 33 total segments, 0 labels (0 vertices) changed
10 filter iterations complete (10 requested, 5 changed)
rationalizing unknown annotations with cortex label
relabeling unknown label...
relabeling corpuscallosum label...
2180 vertices marked for relabeling...
2180 labels changed in reclassification.
writing output to ../label/rh.aparc.DKTatlas.annot...
classification took 0 minutes and 27 seconds.
#-----------------------------------------
#@# Parcellation Stats 3 lh Thu May  9 01:34:03 CDT 2019
/home/stone-ext1/freesurfer/subjects/FS6EXPERT_subj01/scripts

 mris_anatomical_stats -th3 -mgz -cortex ../label/lh.cortex.label -f ../stats/lh.aparc.DKTatlas.stats -b -a ../label/lh.aparc.DKTatlas.annot -c ../label/aparc.annot.DKTatlas.ctab FS6EXPERT_subj01 lh white 

computing statistics for each annotation in ../label/lh.aparc.DKTatlas.annot.
reading volume /home/stone-ext1/freesurfer/subjects/FS6EXPERT_subj01/mri/wm.mgz...
reading input surface /home/stone-ext1/freesurfer/subjects/FS6EXPERT_subj01/surf/lh.white...
reading input pial surface /home/stone-ext1/freesurfer/subjects/FS6EXPERT_subj01/surf/lh.pial...
reading input white surface /home/stone-ext1/freesurfer/subjects/FS6EXPERT_subj01/surf/lh.white...
INFO: using TH3 volume calc
INFO: assuming MGZ format for volumes.
INFO: using ../label/lh.cortex.label as mask to calc cortex NumVert, SurfArea and MeanThickness.
Using TH3 vertex volume calc
Total face volume 276139
Total vertex volume 273245 (mask=0)
reading colortable from annotation file...
colortable with 36 entries read (originally /autofs/space/tanha_002/users/greve/fsdev.build/average/colortable_desikan_killiany.txt)
Saving annotation colortable ../label/aparc.annot.DKTatlas.ctab

table columns are:
    number of vertices
    total surface area (mm^2)
    total gray matter volume (mm^3)
    average cortical thickness +- standard deviation (mm)
    integrated rectified mean curvature
    integrated rectified Gaussian curvature
    folding index
    intrinsic curvature index
    structure name

atlas_icv (eTIV) = 1598476 mm^3    (det: 1.218727 )
lhCtxGM: 269234.206 531474.000  diff=-262239.8  pctdiff=-97.402
rhCtxGM: 263859.963 518784.000  diff=-254924.0  pctdiff=-96.613
lhCtxWM: 195542.228 433467.500  diff=-237925.3  pctdiff=-121.675
rhCtxWM: 191794.125 429108.500  diff=-237314.4  pctdiff=-123.734
SubCortGMVol  111164.000
SupraTentVol  1040356.524 (2046543.000) diff=-1006186.476 pctdiff=-96.716
SupraTentVolNotVent  1017897.524 (2024084.000) diff=-1006186.476 pctdiff=-98.849
BrainSegVol  2359692.000 (2355302.000) diff=4390.000 pctdiff=0.186
BrainSegVolNotVent  2330602.000 (1337869.524) diff=992732.476 pctdiff=42.596
BrainSegVolNotVent  2330602.000
CerebellumVol 306189.000
VentChorVol   22459.000
3rd4th5thCSF   6631.000
CSFVol  2241.000, OptChiasmVol   329.000
MaskVol 3507698.000
 3297   1349   4295  2.750 0.727     0.092     0.018       42     2.3  caudalanteriorcingulate
 5050   2112   6524  2.737 0.447     0.073     0.013       35     2.6  caudalmiddlefrontal
 6018   2352   6407  2.271 0.450     0.089     0.021       67     5.1  cuneus
 1010    425   2243  3.598 0.886     0.077     0.019        7     0.8  entorhinal
 5764   2505   8301  2.814 0.601     0.091     0.018       68     4.3  fusiform
12573   5283  15801  2.601 0.460     0.087     0.018      140     9.1  inferiorparietal
 7031   2917  10613  2.889 0.655     0.090     0.021       84     6.4  inferiortemporal
 2628   1066   3023  2.421 0.852     0.094     0.022       35     2.3  isthmuscingulate
13292   5274  13919  2.303 0.537     0.092     0.022      143    11.5  lateraloccipital
 6931   2888   9226  2.654 0.666     0.100     0.031      101     9.9  lateralorbitofrontal
 9443   3945  10869  2.313 0.597     0.095     0.026      119    10.5  lingual
 3378   1353   3656  2.219 0.646     0.085     0.027       50     4.0  medialorbitofrontal
10795   4574  15580  2.844 0.588     0.082     0.016      108     7.1  middletemporal
 1544    616   2218  3.069 0.786     0.062     0.012        9     0.7  parahippocampal
 4389   1819   5504  2.676 0.498     0.071     0.013       29     2.3  paracentral
 3194   1317   4719  2.955 0.451     0.072     0.015       22     1.9  parsopercularis
 2046    833   2969  2.803 0.575     0.089     0.017       23     1.5  parsorbitalis
 5160   2166   6390  2.551 0.510     0.085     0.018       50     3.4  parstriangularis
 4282   1733   3729  2.110 0.445     0.081     0.022       37     4.0  pericalcarine
10614   4299  11542  2.354 0.613     0.077     0.016       94     7.1  postcentral
 3369   1411   3995  2.474 0.833     0.090     0.016       38     2.2  posteriorcingulate
11445   4306  13399  2.784 0.494     0.068     0.022      113    11.9  precentral
 9869   4138  12157  2.638 0.482     0.085     0.017      103     6.9  precuneus
 2660   1071   3613  2.833 0.772     0.083     0.019       30     1.9  rostralanteriorcingulate
12003   4967  15235  2.541 0.521     0.093     0.022      144    10.7  rostralmiddlefrontal
18055   7541  25681  2.848 0.594     0.086     0.020      181    14.2  superiorfrontal
11305   4766  12953  2.414 0.446     0.078     0.014      102     6.7  superiorparietal
12933   5471  20805  3.137 0.651     0.078     0.017      123     9.6  superiortemporal
 8168   3445  10564  2.693 0.526     0.087     0.018       83     5.7  supramarginal
 1179    458   1421  2.960 0.357     0.088     0.016       10     0.7  transversetemporal
 4060   1763   5893  3.142 0.663     0.079     0.021       49     3.8  insula
#-----------------------------------------
#@# Parcellation Stats 3 rh Thu May  9 01:35:32 CDT 2019
/home/stone-ext1/freesurfer/subjects/FS6EXPERT_subj01/scripts

 mris_anatomical_stats -th3 -mgz -cortex ../label/rh.cortex.label -f ../stats/rh.aparc.DKTatlas.stats -b -a ../label/rh.aparc.DKTatlas.annot -c ../label/aparc.annot.DKTatlas.ctab FS6EXPERT_subj01 rh white 

computing statistics for each annotation in ../label/rh.aparc.DKTatlas.annot.
reading volume /home/stone-ext1/freesurfer/subjects/FS6EXPERT_subj01/mri/wm.mgz...
reading input surface /home/stone-ext1/freesurfer/subjects/FS6EXPERT_subj01/surf/rh.white...
reading input pial surface /home/stone-ext1/freesurfer/subjects/FS6EXPERT_subj01/surf/rh.pial...
reading input white surface /home/stone-ext1/freesurfer/subjects/FS6EXPERT_subj01/surf/rh.white...
INFO: using TH3 volume calc
INFO: assuming MGZ format for volumes.
INFO: using ../label/rh.cortex.label as mask to calc cortex NumVert, SurfArea and MeanThickness.
Using TH3 vertex volume calc
Total face volume 268850
Total vertex volume 266729 (mask=0)
reading colortable from annotation file...
colortable with 36 entries read (originally /autofs/space/tanha_002/users/greve/fsdev.build/average/colortable_desikan_killiany.txt)
Saving annotation colortable ../label/aparc.annot.DKTatlas.ctab

table columns are:
    number of vertices
    total surface area (mm^2)
    total gray matter volume (mm^3)
    average cortical thickness +- standard deviation (mm)
    integrated rectified mean curvature
    integrated rectified Gaussian curvature
    folding index
    intrinsic curvature index
    structure name

atlas_icv (eTIV) = 1598476 mm^3    (det: 1.218727 )
lhCtxGM: 269234.206 531474.000  diff=-262239.8  pctdiff=-97.402
rhCtxGM: 263859.963 518784.000  diff=-254924.0  pctdiff=-96.613
lhCtxWM: 195542.228 433467.500  diff=-237925.3  pctdiff=-121.675
rhCtxWM: 191794.125 429108.500  diff=-237314.4  pctdiff=-123.734
SubCortGMVol  111164.000
SupraTentVol  1040356.524 (2046543.000) diff=-1006186.476 pctdiff=-96.716
SupraTentVolNotVent  1017897.524 (2024084.000) diff=-1006186.476 pctdiff=-98.849
BrainSegVol  2359692.000 (2355302.000) diff=4390.000 pctdiff=0.186
BrainSegVolNotVent  2330602.000 (1337869.524) diff=992732.476 pctdiff=42.596
BrainSegVolNotVent  2330602.000
CerebellumVol 306189.000
VentChorVol   22459.000
3rd4th5thCSF   6631.000
CSFVol  2241.000, OptChiasmVol   329.000
MaskVol 3507698.000
 2091    847   2751  2.455 0.969     0.103     0.021       30     1.7  caudalanteriorcingulate
 3625   1538   4872  2.700 0.487     0.085     0.017       30     2.4  caudalmiddlefrontal
 4908   1944   4496  2.035 0.433     0.091     0.025       57     5.5  cuneus
  939    406   2383  3.514 0.902     0.079     0.020        7     0.7  entorhinal
 5559   2371   8361  2.939 0.506     0.081     0.017       52     3.8  fusiform
12353   5286  15857  2.618 0.456     0.081     0.016      124     8.1  inferiorparietal
 8283   3403  11247  2.755 0.603     0.082     0.018       89     6.4  inferiortemporal
 2656   1067   3008  2.304 0.915     0.089     0.021       32     2.2  isthmuscingulate
12695   4928  13840  2.360 0.502     0.088     0.022      136    11.5  lateraloccipital
 7007   3020   8893  2.510 0.730     0.102     0.030      107     9.0  lateralorbitofrontal
 9047   3765  10039  2.326 0.539     0.098     0.029      121    12.6  lingual
 3842   1596   4117  2.026 0.862     0.099     0.028       72     4.5  medialorbitofrontal
10882   4580  15629  2.862 0.539     0.082     0.017      107     7.2  middletemporal
 1560    626   2315  3.015 0.711     0.080     0.019       14     1.2  parahippocampal
 3929   1632   4746  2.541 0.469     0.082     0.016       32     2.4  paracentral
 3050   1267   4185  2.883 0.416     0.078     0.017       25     2.0  parsopercularis
 2036    828   3029  2.764 0.619     0.094     0.021       23     1.8  parsorbitalis
 4334   1846   4821  2.380 0.478     0.082     0.017       43     2.8  parstriangularis
 4947   2008   4349  2.132 0.467     0.074     0.020       39     4.1  pericalcarine
10208   4137  10656  2.246 0.576     0.074     0.015       85     6.5  postcentral
 3574   1480   4703  2.556 0.797     0.101     0.024       51     3.5  posteriorcingulate
10558   4118  12910  2.708 0.524     0.072     0.018       84     8.5  precentral
 9093   3881  11191  2.576 0.480     0.087     0.020       98     7.0  precuneus
 2199    897   2975  2.628 0.775     0.090     0.020       28     1.9  rostralanteriorcingulate
13660   5786  16680  2.440 0.529     0.095     0.023      163    13.8  rostralmiddlefrontal
20686   8610  28389  2.719 0.617     0.087     0.020      202    17.1  superiorfrontal
11681   4922  13634  2.429 0.414     0.079     0.014      109     6.9  superiorparietal
11357   4829  18129  3.044 0.653     0.078     0.018       94     8.7  superiortemporal
 9041   3798  11442  2.688 0.479     0.080     0.017       84     5.9  supramarginal
  950    338   1091  2.762 0.311     0.083     0.023       11     0.8  transversetemporal
 4162   1764   5994  3.177 0.734     0.075     0.023       36     4.3  insula
#-----------------------------------------
#@# WM/GM Contrast lh Thu May  9 01:37:06 CDT 2019
/home/stone-ext1/freesurfer/subjects/FS6EXPERT_subj01/scripts

 pctsurfcon --s FS6EXPERT_subj01 --lh-only 

Log file is /home/stone-ext1/freesurfer/subjects/FS6EXPERT_subj01/scripts/pctsurfcon.log
Thu May  9 01:37:06 CDT 2019
setenv SUBJECTS_DIR /home/stone-ext1/freesurfer/subjects
cd /home/stone-ext1/freesurfer/subjects/FS6EXPERT_subj01/scripts
/home/stone/software/freesurfer_stable_600/bin/pctsurfcon
$Id: pctsurfcon,v 1.15 2016/02/12 21:43:15 zkaufman Exp $
Linux stone.cmrr.umn.edu 3.13.0-168-generic #218-Ubuntu SMP Thu Mar 14 16:56:08 UTC 2019 x86_64 x86_64 x86_64 GNU/Linux
FREESURFER_HOME /home/stone/software/freesurfer_stable_600
mri_vol2surf --mov /home/stone-ext1/freesurfer/subjects/FS6EXPERT_subj01/mri/rawavg.mgz --hemi lh --noreshape --interp trilinear --projdist -1 --o /home/stone-ext1/freesurfer/subjects/FS6EXPERT_subj01/surf/tmp.pctsurfcon.26780/lh.wm.mgh --regheader FS6EXPERT_subj01 --cortex
srcvol = /home/stone-ext1/freesurfer/subjects/FS6EXPERT_subj01/mri/rawavg.mgz
srcreg unspecified
srcregold = 0
srcwarp unspecified
surf = white
hemi = lh
ProjDist = -1
reshape = 0
interp = trilinear
float2int = round
GetProjMax = 0
INFO: float2int code = 0
Done loading volume
Computing registration from header.
  Using /home/stone-ext1/freesurfer/subjects/FS6EXPERT_subj01/mri/orig.mgz as target reference.
-------- original matrix -----------
-1.00000   0.00000   0.00000   0.00001;
 0.00000   0.00000   1.00000  -0.00001;
 0.00000  -1.00000   0.00000   0.00000;
 0.00000   0.00000   0.00000   1.00000;
-------- original matrix -----------
Loading label /home/stone-ext1/freesurfer/subjects/FS6EXPERT_subj01/label/lh.cortex.label
Reading surface /home/stone-ext1/freesurfer/subjects/FS6EXPERT_subj01/surf/lh.white
Done reading source surface
Mapping Source Volume onto Source Subject Surface
 1 -1 -1 -1
using old
Done mapping volume to surface
Number of source voxels hit = 123213
Masking with /home/stone-ext1/freesurfer/subjects/FS6EXPERT_subj01/label/lh.cortex.label
Writing to /home/stone-ext1/freesurfer/subjects/FS6EXPERT_subj01/surf/tmp.pctsurfcon.26780/lh.wm.mgh
Dim: 225942 1 1
mri_vol2surf --mov /home/stone-ext1/freesurfer/subjects/FS6EXPERT_subj01/mri/rawavg.mgz --hemi lh --noreshape --interp trilinear --o /home/stone-ext1/freesurfer/subjects/FS6EXPERT_subj01/surf/tmp.pctsurfcon.26780/lh.gm.mgh --projfrac 0.3 --regheader FS6EXPERT_subj01 --cortex
srcvol = /home/stone-ext1/freesurfer/subjects/FS6EXPERT_subj01/mri/rawavg.mgz
srcreg unspecified
srcregold = 0
srcwarp unspecified
surf = white
hemi = lh
ProjFrac = 0.3
thickness = thickness
reshape = 0
interp = trilinear
float2int = round
GetProjMax = 0
INFO: float2int code = 0
Done loading volume
Computing registration from header.
  Using /home/stone-ext1/freesurfer/subjects/FS6EXPERT_subj01/mri/orig.mgz as target reference.
-------- original matrix -----------
-1.00000   0.00000   0.00000   0.00001;
 0.00000   0.00000   1.00000  -0.00001;
 0.00000  -1.00000   0.00000   0.00000;
 0.00000   0.00000   0.00000   1.00000;
-------- original matrix -----------
Loading label /home/stone-ext1/freesurfer/subjects/FS6EXPERT_subj01/label/lh.cortex.label
Reading surface /home/stone-ext1/freesurfer/subjects/FS6EXPERT_subj01/surf/lh.white
Done reading source surface
Reading thickness /home/stone-ext1/freesurfer/subjects/FS6EXPERT_subj01/surf/lh.thickness
Done
Mapping Source Volume onto Source Subject Surface
 1 0.3 0.3 0.3
using old
Done mapping volume to surface
Number of source voxels hit = 144965
Masking with /home/stone-ext1/freesurfer/subjects/FS6EXPERT_subj01/label/lh.cortex.label
Writing to /home/stone-ext1/freesurfer/subjects/FS6EXPERT_subj01/surf/tmp.pctsurfcon.26780/lh.gm.mgh
Dim: 225942 1 1
mri_concat /home/stone-ext1/freesurfer/subjects/FS6EXPERT_subj01/surf/tmp.pctsurfcon.26780/lh.wm.mgh /home/stone-ext1/freesurfer/subjects/FS6EXPERT_subj01/surf/tmp.pctsurfcon.26780/lh.gm.mgh --paired-diff-norm --mul 100 --o /home/stone-ext1/freesurfer/subjects/FS6EXPERT_subj01/surf/lh.w-g.pct.mgh
ninputs = 2
Checking inputs
nframestot = 2
Allocing output
Done allocing
Combining pairs
nframes = 1
Multiplying by 100.000000
Writing to /home/stone-ext1/freesurfer/subjects/FS6EXPERT_subj01/surf/lh.w-g.pct.mgh
mri_segstats --in /home/stone-ext1/freesurfer/subjects/FS6EXPERT_subj01/surf/lh.w-g.pct.mgh --annot FS6EXPERT_subj01 lh aparc --sum /home/stone-ext1/freesurfer/subjects/FS6EXPERT_subj01/stats/lh.w-g.pct.stats --snr

$Id: mri_segstats.c,v 1.121 2016/05/31 17:27:11 greve Exp $
cwd 
cmdline mri_segstats --in /home/stone-ext1/freesurfer/subjects/FS6EXPERT_subj01/surf/lh.w-g.pct.mgh --annot FS6EXPERT_subj01 lh aparc --sum /home/stone-ext1/freesurfer/subjects/FS6EXPERT_subj01/stats/lh.w-g.pct.stats --snr 
sysname  Linux
hostname stone.cmrr.umn.edu
machine  x86_64
user     kendrick
UseRobust  0
Constructing seg from annotation

Reading annotation /home/stone-ext1/freesurfer/subjects/FS6EXPERT_subj01/label/lh.aparc.annot
reading colortable from annotation file...
colortable with 36 entries read (originally /autofs/space/tanha_002/users/greve/fsdev.build/average/colortable_desikan_killiany.txt)
Seg base 1000
Loading /home/stone-ext1/freesurfer/subjects/FS6EXPERT_subj01/surf/lh.w-g.pct.mgh
Vertex Area is 0.41348 mm^3
Generating list of segmentation ids
Found  36 segmentations
Computing statistics for each segmentation

Reporting on  35 segmentations
Using PrintSegStat
mri_segstats done
Cleaning up
#-----------------------------------------
#@# WM/GM Contrast rh Thu May  9 01:37:20 CDT 2019
/home/stone-ext1/freesurfer/subjects/FS6EXPERT_subj01/scripts

 pctsurfcon --s FS6EXPERT_subj01 --rh-only 

Log file is /home/stone-ext1/freesurfer/subjects/FS6EXPERT_subj01/scripts/pctsurfcon.log
Thu May  9 01:37:20 CDT 2019
setenv SUBJECTS_DIR /home/stone-ext1/freesurfer/subjects
cd /home/stone-ext1/freesurfer/subjects/FS6EXPERT_subj01/scripts
/home/stone/software/freesurfer_stable_600/bin/pctsurfcon
$Id: pctsurfcon,v 1.15 2016/02/12 21:43:15 zkaufman Exp $
Linux stone.cmrr.umn.edu 3.13.0-168-generic #218-Ubuntu SMP Thu Mar 14 16:56:08 UTC 2019 x86_64 x86_64 x86_64 GNU/Linux
FREESURFER_HOME /home/stone/software/freesurfer_stable_600
mri_vol2surf --mov /home/stone-ext1/freesurfer/subjects/FS6EXPERT_subj01/mri/rawavg.mgz --hemi rh --noreshape --interp trilinear --projdist -1 --o /home/stone-ext1/freesurfer/subjects/FS6EXPERT_subj01/surf/tmp.pctsurfcon.26963/rh.wm.mgh --regheader FS6EXPERT_subj01 --cortex
srcvol = /home/stone-ext1/freesurfer/subjects/FS6EXPERT_subj01/mri/rawavg.mgz
srcreg unspecified
srcregold = 0
srcwarp unspecified
surf = white
hemi = rh
ProjDist = -1
reshape = 0
interp = trilinear
float2int = round
GetProjMax = 0
INFO: float2int code = 0
Done loading volume
Computing registration from header.
  Using /home/stone-ext1/freesurfer/subjects/FS6EXPERT_subj01/mri/orig.mgz as target reference.
-------- original matrix -----------
-1.00000   0.00000   0.00000   0.00001;
 0.00000   0.00000   1.00000  -0.00001;
 0.00000  -1.00000   0.00000   0.00000;
 0.00000   0.00000   0.00000   1.00000;
-------- original matrix -----------
Loading label /home/stone-ext1/freesurfer/subjects/FS6EXPERT_subj01/label/rh.cortex.label
Reading surface /home/stone-ext1/freesurfer/subjects/FS6EXPERT_subj01/surf/rh.white
Done reading source surface
Mapping Source Volume onto Source Subject Surface
 1 -1 -1 -1
using old
Done mapping volume to surface
Number of source voxels hit = 121964
Masking with /home/stone-ext1/freesurfer/subjects/FS6EXPERT_subj01/label/rh.cortex.label
Writing to /home/stone-ext1/freesurfer/subjects/FS6EXPERT_subj01/surf/tmp.pctsurfcon.26963/rh.wm.mgh
Dim: 222445 1 1
mri_vol2surf --mov /home/stone-ext1/freesurfer/subjects/FS6EXPERT_subj01/mri/rawavg.mgz --hemi rh --noreshape --interp trilinear --o /home/stone-ext1/freesurfer/subjects/FS6EXPERT_subj01/surf/tmp.pctsurfcon.26963/rh.gm.mgh --projfrac 0.3 --regheader FS6EXPERT_subj01 --cortex
srcvol = /home/stone-ext1/freesurfer/subjects/FS6EXPERT_subj01/mri/rawavg.mgz
srcreg unspecified
srcregold = 0
srcwarp unspecified
surf = white
hemi = rh
ProjFrac = 0.3
thickness = thickness
reshape = 0
interp = trilinear
float2int = round
GetProjMax = 0
INFO: float2int code = 0
Done loading volume
Computing registration from header.
  Using /home/stone-ext1/freesurfer/subjects/FS6EXPERT_subj01/mri/orig.mgz as target reference.
-------- original matrix -----------
-1.00000   0.00000   0.00000   0.00001;
 0.00000   0.00000   1.00000  -0.00001;
 0.00000  -1.00000   0.00000   0.00000;
 0.00000   0.00000   0.00000   1.00000;
-------- original matrix -----------
Loading label /home/stone-ext1/freesurfer/subjects/FS6EXPERT_subj01/label/rh.cortex.label
Reading surface /home/stone-ext1/freesurfer/subjects/FS6EXPERT_subj01/surf/rh.white
Done reading source surface
Reading thickness /home/stone-ext1/freesurfer/subjects/FS6EXPERT_subj01/surf/rh.thickness
Done
Mapping Source Volume onto Source Subject Surface
 1 0.3 0.3 0.3
using old
Done mapping volume to surface
Number of source voxels hit = 143488
Masking with /home/stone-ext1/freesurfer/subjects/FS6EXPERT_subj01/label/rh.cortex.label
Writing to /home/stone-ext1/freesurfer/subjects/FS6EXPERT_subj01/surf/tmp.pctsurfcon.26963/rh.gm.mgh
Dim: 222445 1 1
mri_concat /home/stone-ext1/freesurfer/subjects/FS6EXPERT_subj01/surf/tmp.pctsurfcon.26963/rh.wm.mgh /home/stone-ext1/freesurfer/subjects/FS6EXPERT_subj01/surf/tmp.pctsurfcon.26963/rh.gm.mgh --paired-diff-norm --mul 100 --o /home/stone-ext1/freesurfer/subjects/FS6EXPERT_subj01/surf/rh.w-g.pct.mgh
ninputs = 2
Checking inputs
nframestot = 2
Allocing output
Done allocing
Combining pairs
nframes = 1
Multiplying by 100.000000
Writing to /home/stone-ext1/freesurfer/subjects/FS6EXPERT_subj01/surf/rh.w-g.pct.mgh
mri_segstats --in /home/stone-ext1/freesurfer/subjects/FS6EXPERT_subj01/surf/rh.w-g.pct.mgh --annot FS6EXPERT_subj01 rh aparc --sum /home/stone-ext1/freesurfer/subjects/FS6EXPERT_subj01/stats/rh.w-g.pct.stats --snr

$Id: mri_segstats.c,v 1.121 2016/05/31 17:27:11 greve Exp $
cwd 
cmdline mri_segstats --in /home/stone-ext1/freesurfer/subjects/FS6EXPERT_subj01/surf/rh.w-g.pct.mgh --annot FS6EXPERT_subj01 rh aparc --sum /home/stone-ext1/freesurfer/subjects/FS6EXPERT_subj01/stats/rh.w-g.pct.stats --snr 
sysname  Linux
hostname stone.cmrr.umn.edu
machine  x86_64
user     kendrick
UseRobust  0
Constructing seg from annotation

Reading annotation /home/stone-ext1/freesurfer/subjects/FS6EXPERT_subj01/label/rh.aparc.annot
reading colortable from annotation file...
colortable with 36 entries read (originally /autofs/space/tanha_002/users/greve/fsdev.build/average/colortable_desikan_killiany.txt)
Seg base 2000
Loading /home/stone-ext1/freesurfer/subjects/FS6EXPERT_subj01/surf/rh.w-g.pct.mgh
Vertex Area is 0.415646 mm^3
Generating list of segmentation ids
Found  36 segmentations
Computing statistics for each segmentation

Reporting on  35 segmentations
Using PrintSegStat
mri_segstats done
Cleaning up
#-----------------------------------------
#@# Relabel Hypointensities Thu May  9 01:37:37 CDT 2019
/home/stone-ext1/freesurfer/subjects/FS6EXPERT_subj01/mri

 mri_relabel_hypointensities aseg.presurf.mgz ../surf aseg.presurf.hypos.mgz 

reading input surface ../surf/lh.white...
relabeling lh hypointensities...
3318 voxels changed to hypointensity...
reading input surface ../surf/rh.white...
relabeling rh hypointensities...
2260 voxels changed to hypointensity...
5543 hypointense voxels neighboring cortex changed
#-----------------------------------------
#@# AParc-to-ASeg aparc Thu May  9 01:38:41 CDT 2019
/home/stone-ext1/freesurfer/subjects/FS6EXPERT_subj01

 mri_aparc2aseg --s FS6EXPERT_subj01 --volmask --aseg aseg.presurf.hypos --relabel mri/norm.mgz mri/transforms/talairach.m3z /home/stone/software/freesurfer_stable_600/average/RB_all_2016-05-10.vc700.gca mri/aseg.auto_noCCseg.label_intensities.txt 

relabeling unlikely voxels interior to white matter surface:
	norm: mri/norm.mgz
	 XFORM: mri/transforms/talairach.m3z
	GCA: /home/stone/software/freesurfer_stable_600/average/RB_all_2016-05-10.vc700.gca
	label intensities: mri/aseg.auto_noCCseg.label_intensities.txt
SUBJECTS_DIR /home/stone-ext1/freesurfer/subjects
subject FS6EXPERT_subj01
outvol /home/stone-ext1/freesurfer/subjects/FS6EXPERT_subj01/mri/aparc+aseg.mgz
useribbon 0
baseoffset 0
RipUnknown 0

Reading lh white surface 
 /home/stone-ext1/freesurfer/subjects/FS6EXPERT_subj01/surf/lh.white

Reading lh pial surface 
 /home/stone-ext1/freesurfer/subjects/FS6EXPERT_subj01/surf/lh.pial

Loading lh annotations from /home/stone-ext1/freesurfer/subjects/FS6EXPERT_subj01/label/lh.aparc.annot
reading colortable from annotation file...
colortable with 36 entries read (originally /autofs/space/tanha_002/users/greve/fsdev.build/average/colortable_desikan_killiany.txt)

Reading rh white surface 
 /home/stone-ext1/freesurfer/subjects/FS6EXPERT_subj01/surf/rh.white

Reading rh pial surface 
 /home/stone-ext1/freesurfer/subjects/FS6EXPERT_subj01/surf/rh.pial

Loading rh annotations from /home/stone-ext1/freesurfer/subjects/FS6EXPERT_subj01/label/rh.aparc.annot
reading colortable from annotation file...
colortable with 36 entries read (originally /autofs/space/tanha_002/users/greve/fsdev.build/average/colortable_desikan_killiany.txt)
Have color table for lh white annotation
Have color table for rh white annotation
Loading ribbon segmentation from /home/stone-ext1/freesurfer/subjects/FS6EXPERT_subj01/mri/ribbon.mgz

Building hash of lh white

Building hash of lh pial

Building hash of rh white

Building hash of rh pial

Loading aseg from /home/stone-ext1/freesurfer/subjects/FS6EXPERT_subj01/mri/aseg.presurf.hypos.mgz
ASeg Vox2RAS: -----------
-0.80000   0.00000   0.00000   128.00000;
 0.00000   0.00000   0.80000  -128.00000;
 0.00000  -0.80000   0.00000   128.00000;
 0.00000   0.00000   0.00000   1.00000;
-------------------------

Labeling Slice
relabeling unlikely voxels in interior of white matter
setting orig areas to linear transform determinant scaled 14.97
reading 47 labels from mri/aseg.auto_noCCseg.label_intensities.txt
rescaling Left_Cerebral_White_Matter from 107 --> 106
rescaling Left_Cerebral_Cortex from 61 --> 76
rescaling Left_Lateral_Ventricle from 13 --> 26
rescaling Left_Inf_Lat_Vent from 34 --> 33
rescaling Left_Cerebellum_White_Matter from 86 --> 90
rescaling Left_Cerebellum_Cortex from 60 --> 70
rescaling Left_Thalamus from 94 --> 103
rescaling Left_Thalamus_Proper from 84 --> 98
rescaling Left_Caudate from 75 --> 91
rescaling Left_Putamen from 80 --> 94
rescaling Left_Pallidum from 98 --> 102
rescaling Third_Ventricle from 25 --> 30
rescaling Fourth_Ventricle from 22 --> 26
rescaling Brain_Stem from 81 --> 84
rescaling Left_Hippocampus from 57 --> 71
rescaling Left_Amygdala from 56 --> 73
rescaling CSF from 32 --> 58
rescaling Left_Accumbens_area from 62 --> 73
rescaling Left_VentralDC from 87 --> 94
rescaling Right_Cerebral_White_Matter from 105 --> 104
rescaling Right_Cerebral_Cortex from 58 --> 74
rescaling Right_Lateral_Ventricle from 13 --> 27
rescaling Right_Inf_Lat_Vent from 25 --> 29
rescaling Right_Cerebellum_White_Matter from 87 --> 86
rescaling Right_Cerebellum_Cortex from 59 --> 67
rescaling Right_Thalamus_Proper from 85 --> 95
rescaling Right_Caudate from 62 --> 82
rescaling Right_Putamen from 80 --> 88
rescaling Right_Pallidum from 97 --> 102
rescaling Right_Hippocampus from 53 --> 70
rescaling Right_Amygdala from 55 --> 70
rescaling Right_Accumbens_area from 65 --> 81
rescaling Right_VentralDC from 86 --> 94
rescaling Fifth_Ventricle from 40 --> 50
rescaling WM_hypointensities from 78 --> 77
rescaling non_WM_hypointensities from 40 --> 55
  0   1   2   3   4   5   6   7   8   9  10  11  12  13  14  15  16  17  18  19 
 20  21  22  23  24  25  26  27  28  29  30  31  32  33  34  35  36  37  38  39 
 40  41  42  43  44  45  46  47  48  49  50  51  52  53  54  55  56  57  58  59 
 60  61  62  63  64  65  66  67  68  69  70  71  72  73  74  75  76  77  78  79 
 80  81  82  83  84  85  86  87  88  89  90  91  92  93  94  95  96  97  98  99 
100 101 102 103 104 105 106 107 108 109 110 111 112 113 114 115 116 117 118 119 
120 121 122 123 124 125 126 127 128 129 130 131 132 133 134 135 136 137 138 139 
140 141 142 143 144 145 146 147 148 149 150 151 152 153 154 155 156 157 158 159 
160 161 162 163 164 165 166 167 168 169 170 171 172 173 174 175 176 177 178 179 
180 181 182 183 184 185 186 187 188 189 190 191 192 193 194 195 196 197 198 199 
200 201 202 203 204 205 206 207 208 209 210 211 212 213 214 215 216 217 218 219 
220 221 222 223 224 225 226 227 228 229 230 231 232 233 234 235 236 237 238 239 
240 241 242 243 244 245 246 247 248 249 250 251 252 253 254 255 256 257 258 259 
260 261 262 263 264 265 266 267 268 269 270 271 272 273 274 275 276 277 278 279 
280 281 282 283 284 285 286 287 288 289 290 291 292 293 294 295 296 297 298 299 
300 301 302 303 304 305 306 307 308 309 310 311 312 313 314 315 316 317 318 319 
nctx = 1049926
Used brute-force search on 0 voxels
relabeling unlikely voxels in interior of white matter
average std[0] = 7.3
pass 1: 230 changed.
pass 2: 11 changed.
pass 3: 1 changed.
pass 4: 0 changed.
nchanged = 0
Writing output aseg to /home/stone-ext1/freesurfer/subjects/FS6EXPERT_subj01/mri/aparc+aseg.mgz
#-----------------------------------------
#@# AParc-to-ASeg a2009s Thu May  9 01:48:16 CDT 2019
/home/stone-ext1/freesurfer/subjects/FS6EXPERT_subj01

 mri_aparc2aseg --s FS6EXPERT_subj01 --volmask --aseg aseg.presurf.hypos --relabel mri/norm.mgz mri/transforms/talairach.m3z /home/stone/software/freesurfer_stable_600/average/RB_all_2016-05-10.vc700.gca mri/aseg.auto_noCCseg.label_intensities.txt --a2009s 

relabeling unlikely voxels interior to white matter surface:
	norm: mri/norm.mgz
	 XFORM: mri/transforms/talairach.m3z
	GCA: /home/stone/software/freesurfer_stable_600/average/RB_all_2016-05-10.vc700.gca
	label intensities: mri/aseg.auto_noCCseg.label_intensities.txt
SUBJECTS_DIR /home/stone-ext1/freesurfer/subjects
subject FS6EXPERT_subj01
outvol /home/stone-ext1/freesurfer/subjects/FS6EXPERT_subj01/mri/aparc.a2009s+aseg.mgz
useribbon 0
baseoffset 10100
RipUnknown 0

Reading lh white surface 
 /home/stone-ext1/freesurfer/subjects/FS6EXPERT_subj01/surf/lh.white

Reading lh pial surface 
 /home/stone-ext1/freesurfer/subjects/FS6EXPERT_subj01/surf/lh.pial

Loading lh annotations from /home/stone-ext1/freesurfer/subjects/FS6EXPERT_subj01/label/lh.aparc.a2009s.annot
reading colortable from annotation file...
colortable with 76 entries read (originally Simple_surface_labels2008.txt)

Reading rh white surface 
 /home/stone-ext1/freesurfer/subjects/FS6EXPERT_subj01/surf/rh.white

Reading rh pial surface 
 /home/stone-ext1/freesurfer/subjects/FS6EXPERT_subj01/surf/rh.pial

Loading rh annotations from /home/stone-ext1/freesurfer/subjects/FS6EXPERT_subj01/label/rh.aparc.a2009s.annot
reading colortable from annotation file...
colortable with 76 entries read (originally Simple_surface_labels2008.txt)
Have color table for lh white annotation
Have color table for rh white annotation
Loading ribbon segmentation from /home/stone-ext1/freesurfer/subjects/FS6EXPERT_subj01/mri/ribbon.mgz

Building hash of lh white

Building hash of lh pial

Building hash of rh white

Building hash of rh pial

Loading aseg from /home/stone-ext1/freesurfer/subjects/FS6EXPERT_subj01/mri/aseg.presurf.hypos.mgz
ASeg Vox2RAS: -----------
-0.80000   0.00000   0.00000   128.00000;
 0.00000   0.00000   0.80000  -128.00000;
 0.00000  -0.80000   0.00000   128.00000;
 0.00000   0.00000   0.00000   1.00000;
-------------------------

Labeling Slice
relabeling unlikely voxels in interior of white matter
setting orig areas to linear transform determinant scaled 14.97
reading 47 labels from mri/aseg.auto_noCCseg.label_intensities.txt
rescaling Left_Cerebral_White_Matter from 107 --> 106
rescaling Left_Cerebral_Cortex from 61 --> 76
rescaling Left_Lateral_Ventricle from 13 --> 26
rescaling Left_Inf_Lat_Vent from 34 --> 33
rescaling Left_Cerebellum_White_Matter from 86 --> 90
rescaling Left_Cerebellum_Cortex from 60 --> 70
rescaling Left_Thalamus from 94 --> 103
rescaling Left_Thalamus_Proper from 84 --> 98
rescaling Left_Caudate from 75 --> 91
rescaling Left_Putamen from 80 --> 94
rescaling Left_Pallidum from 98 --> 102
rescaling Third_Ventricle from 25 --> 30
rescaling Fourth_Ventricle from 22 --> 26
rescaling Brain_Stem from 81 --> 84
rescaling Left_Hippocampus from 57 --> 71
rescaling Left_Amygdala from 56 --> 73
rescaling CSF from 32 --> 58
rescaling Left_Accumbens_area from 62 --> 73
rescaling Left_VentralDC from 87 --> 94
rescaling Right_Cerebral_White_Matter from 105 --> 104
rescaling Right_Cerebral_Cortex from 58 --> 74
rescaling Right_Lateral_Ventricle from 13 --> 27
rescaling Right_Inf_Lat_Vent from 25 --> 29
rescaling Right_Cerebellum_White_Matter from 87 --> 86
rescaling Right_Cerebellum_Cortex from 59 --> 67
rescaling Right_Thalamus_Proper from 85 --> 95
rescaling Right_Caudate from 62 --> 82
rescaling Right_Putamen from 80 --> 88
rescaling Right_Pallidum from 97 --> 102
rescaling Right_Hippocampus from 53 --> 70
rescaling Right_Amygdala from 55 --> 70
rescaling Right_Accumbens_area from 65 --> 81
rescaling Right_VentralDC from 86 --> 94
rescaling Fifth_Ventricle from 40 --> 50
rescaling WM_hypointensities from 78 --> 77
rescaling non_WM_hypointensities from 40 --> 55
  0   1   2   3   4   5   6   7   8   9  10  11  12  13  14  15  16  17  18  19 
 20  21  22  23  24  25  26  27  28  29  30  31  32  33  34  35  36  37  38  39 
 40  41  42  43  44  45  46  47  48  49  50  51  52  53  54  55  56  57  58  59 
 60  61  62  63  64  65  66  67  68  69  70  71  72  73  74  75  76  77  78  79 
 80  81  82  83  84  85  86  87  88  89  90  91  92  93  94  95  96  97  98  99 
100 101 102 103 104 105 106 107 108 109 110 111 112 113 114 115 116 117 118 119 
120 121 122 123 124 125 126 127 128 129 130 131 132 133 134 135 136 137 138 139 
140 141 142 143 144 145 146 147 148 149 150 151 152 153 154 155 156 157 158 159 
160 161 162 163 164 165 166 167 168 169 170 171 172 173 174 175 176 177 178 179 
180 181 182 183 184 185 186 187 188 189 190 191 192 193 194 195 196 197 198 199 
200 201 202 203 204 205 206 207 208 209 210 211 212 213 214 215 216 217 218 219 
220 221 222 223 224 225 226 227 228 229 230 231 232 233 234 235 236 237 238 239 
240 241 242 243 244 245 246 247 248 249 250 251 252 253 254 255 256 257 258 259 
260 261 262 263 264 265 266 267 268 269 270 271 272 273 274 275 276 277 278 279 
280 281 282 283 284 285 286 287 288 289 290 291 292 293 294 295 296 297 298 299 
300 301 302 303 304 305 306 307 308 309 310 311 312 313 314 315 316 317 318 319 
nctx = 1050056
Used brute-force search on 0 voxels
relabeling unlikely voxels in interior of white matter
average std[0] = 7.3
pass 1: 230 changed.
pass 2: 11 changed.
pass 3: 1 changed.
pass 4: 0 changed.
nchanged = 0
Writing output aseg to /home/stone-ext1/freesurfer/subjects/FS6EXPERT_subj01/mri/aparc.a2009s+aseg.mgz
#-----------------------------------------
#@# AParc-to-ASeg DKTatlas Thu May  9 02:07:10 CDT 2019
/home/stone-ext1/freesurfer/subjects/FS6EXPERT_subj01

 mri_aparc2aseg --s FS6EXPERT_subj01 --volmask --aseg aseg.presurf.hypos --relabel mri/norm.mgz mri/transforms/talairach.m3z /home/stone/software/freesurfer_stable_600/average/RB_all_2016-05-10.vc700.gca mri/aseg.auto_noCCseg.label_intensities.txt --annot aparc.DKTatlas --o mri/aparc.DKTatlas+aseg.mgz 

relabeling unlikely voxels interior to white matter surface:
	norm: mri/norm.mgz
	 XFORM: mri/transforms/talairach.m3z
	GCA: /home/stone/software/freesurfer_stable_600/average/RB_all_2016-05-10.vc700.gca
	label intensities: mri/aseg.auto_noCCseg.label_intensities.txt
SUBJECTS_DIR /home/stone-ext1/freesurfer/subjects
subject FS6EXPERT_subj01
outvol mri/aparc.DKTatlas+aseg.mgz
useribbon 0
baseoffset 0
RipUnknown 0

Reading lh white surface 
 /home/stone-ext1/freesurfer/subjects/FS6EXPERT_subj01/surf/lh.white

Reading lh pial surface 
 /home/stone-ext1/freesurfer/subjects/FS6EXPERT_subj01/surf/lh.pial

Loading lh annotations from /home/stone-ext1/freesurfer/subjects/FS6EXPERT_subj01/label/lh.aparc.DKTatlas.annot
reading colortable from annotation file...
colortable with 36 entries read (originally /autofs/space/tanha_002/users/greve/fsdev.build/average/colortable_desikan_killiany.txt)

Reading rh white surface 
 /home/stone-ext1/freesurfer/subjects/FS6EXPERT_subj01/surf/rh.white

Reading rh pial surface 
 /home/stone-ext1/freesurfer/subjects/FS6EXPERT_subj01/surf/rh.pial

Loading rh annotations from /home/stone-ext1/freesurfer/subjects/FS6EXPERT_subj01/label/rh.aparc.DKTatlas.annot
reading colortable from annotation file...
colortable with 36 entries read (originally /autofs/space/tanha_002/users/greve/fsdev.build/average/colortable_desikan_killiany.txt)
Have color table for lh white annotation
Have color table for rh white annotation
Loading ribbon segmentation from /home/stone-ext1/freesurfer/subjects/FS6EXPERT_subj01/mri/ribbon.mgz

Building hash of lh white

Building hash of lh pial

Building hash of rh white

Building hash of rh pial

Loading aseg from /home/stone-ext1/freesurfer/subjects/FS6EXPERT_subj01/mri/aseg.presurf.hypos.mgz
ASeg Vox2RAS: -----------
-0.80000   0.00000   0.00000   128.00000;
 0.00000   0.00000   0.80000  -128.00000;
 0.00000  -0.80000   0.00000   128.00000;
 0.00000   0.00000   0.00000   1.00000;
-------------------------

Labeling Slice
relabeling unlikely voxels in interior of white matter
setting orig areas to linear transform determinant scaled 14.97
reading 47 labels from mri/aseg.auto_noCCseg.label_intensities.txt
rescaling Left_Cerebral_White_Matter from 107 --> 106
rescaling Left_Cerebral_Cortex from 61 --> 76
rescaling Left_Lateral_Ventricle from 13 --> 26
rescaling Left_Inf_Lat_Vent from 34 --> 33
rescaling Left_Cerebellum_White_Matter from 86 --> 90
rescaling Left_Cerebellum_Cortex from 60 --> 70
rescaling Left_Thalamus from 94 --> 103
rescaling Left_Thalamus_Proper from 84 --> 98
rescaling Left_Caudate from 75 --> 91
rescaling Left_Putamen from 80 --> 94
rescaling Left_Pallidum from 98 --> 102
rescaling Third_Ventricle from 25 --> 30
rescaling Fourth_Ventricle from 22 --> 26
rescaling Brain_Stem from 81 --> 84
rescaling Left_Hippocampus from 57 --> 71
rescaling Left_Amygdala from 56 --> 73
rescaling CSF from 32 --> 58
rescaling Left_Accumbens_area from 62 --> 73
rescaling Left_VentralDC from 87 --> 94
rescaling Right_Cerebral_White_Matter from 105 --> 104
rescaling Right_Cerebral_Cortex from 58 --> 74
rescaling Right_Lateral_Ventricle from 13 --> 27
rescaling Right_Inf_Lat_Vent from 25 --> 29
rescaling Right_Cerebellum_White_Matter from 87 --> 86
rescaling Right_Cerebellum_Cortex from 59 --> 67
rescaling Right_Thalamus_Proper from 85 --> 95
rescaling Right_Caudate from 62 --> 82
rescaling Right_Putamen from 80 --> 88
rescaling Right_Pallidum from 97 --> 102
rescaling Right_Hippocampus from 53 --> 70
rescaling Right_Amygdala from 55 --> 70
rescaling Right_Accumbens_area from 65 --> 81
rescaling Right_VentralDC from 86 --> 94
rescaling Fifth_Ventricle from 40 --> 50
rescaling WM_hypointensities from 78 --> 77
rescaling non_WM_hypointensities from 40 --> 55
  0   1   2   3   4   5   6   7   8   9  10  11  12  13  14  15  16  17  18  19 
 20  21  22  23  24  25  26  27  28  29  30  31  32  33  34  35  36  37  38  39 
 40  41  42  43  44  45  46  47  48  49  50  51  52  53  54  55  56  57  58  59 
 60  61  62  63  64  65  66  67  68  69  70  71  72  73  74  75  76  77  78  79 
 80  81  82  83  84  85  86  87  88  89  90  91  92  93  94  95  96  97  98  99 
100 101 102 103 104 105 106 107 108 109 110 111 112 113 114 115 116 117 118 119 
120 121 122 123 124 125 126 127 128 129 130 131 132 133 134 135 136 137 138 139 
140 141 142 143 144 145 146 147 148 149 150 151 152 153 154 155 156 157 158 159 
160 161 162 163 164 165 166 167 168 169 170 171 172 173 174 175 176 177 178 179 
180 181 182 183 184 185 186 187 188 189 190 191 192 193 194 195 196 197 198 199 
200 201 202 203 204 205 206 207 208 209 210 211 212 213 214 215 216 217 218 219 
220 221 222 223 224 225 226 227 228 229 230 231 232 233 234 235 236 237 238 239 
240 241 242 243 244 245 246 247 248 249 250 251 252 253 254 255 256 257 258 259 
260 261 262 263 264 265 266 267 268 269 270 271 272 273 274 275 276 277 278 279 
280 281 282 283 284 285 286 287 288 289 290 291 292 293 294 295 296 297 298 299 
300 301 302 303 304 305 306 307 308 309 310 311 312 313 314 315 316 317 318 319 
nctx = 1050056
Used brute-force search on 0 voxels
relabeling unlikely voxels in interior of white matter
average std[0] = 7.3
pass 1: 230 changed.
pass 2: 11 changed.
pass 3: 1 changed.
pass 4: 0 changed.
nchanged = 0
Writing output aseg to mri/aparc.DKTatlas+aseg.mgz
#-----------------------------------------
#@# APas-to-ASeg Thu May  9 02:24:54 CDT 2019
/home/stone-ext1/freesurfer/subjects/FS6EXPERT_subj01/mri

 apas2aseg --i aparc+aseg.mgz --o aseg.mgz 

Thu May  9 02:24:54 CDT 2019

setenv SUBJECTS_DIR /home/stone-ext1/freesurfer/subjects
cd /home/stone-ext1/freesurfer/subjects/FS6EXPERT_subj01/mri
/home/stone/software/freesurfer_stable_600/bin/apas2aseg --i aparc+aseg.mgz --o aseg.mgz

freesurfer-Linux-centos6_x86_64-stable-pub-v6.0.0-2beb96c
$Id: apas2aseg,v 1.2 2016/02/12 21:43:14 zkaufman Exp $
Linux stone.cmrr.umn.edu 3.13.0-168-generic #218-Ubuntu SMP Thu Mar 14 16:56:08 UTC 2019 x86_64 x86_64 x86_64 GNU/Linux
mri_binarize --i aparc+aseg.mgz --o aseg.mgz --replace 1000 3 --replace 2000 42 --replace 1001 3 --replace 2001 42 --replace 1002 3 --replace 2002 42 --replace 1003 3 --replace 2003 42 --replace 1004 3 --replace 2004 42 --replace 1005 3 --replace 2005 42 --replace 1006 3 --replace 2006 42 --replace 1007 3 --replace 2007 42 --replace 1008 3 --replace 2008 42 --replace 1009 3 --replace 2009 42 --replace 1010 3 --replace 2010 42 --replace 1011 3 --replace 2011 42 --replace 1012 3 --replace 2012 42 --replace 1013 3 --replace 2013 42 --replace 1014 3 --replace 2014 42 --replace 1015 3 --replace 2015 42 --replace 1016 3 --replace 2016 42 --replace 1017 3 --replace 2017 42 --replace 1018 3 --replace 2018 42 --replace 1019 3 --replace 2019 42 --replace 1020 3 --replace 2020 42 --replace 1021 3 --replace 2021 42 --replace 1022 3 --replace 2022 42 --replace 1023 3 --replace 2023 42 --replace 1024 3 --replace 2024 42 --replace 1025 3 --replace 2025 42 --replace 1026 3 --replace 2026 42 --replace 1027 3 --replace 2027 42 --replace 1028 3 --replace 2028 42 --replace 1029 3 --replace 2029 42 --replace 1030 3 --replace 2030 42 --replace 1031 3 --replace 2031 42 --replace 1032 3 --replace 2032 42 --replace 1033 3 --replace 2033 42 --replace 1034 3 --replace 2034 42 --replace 1035 3 --replace 2035 42

$Id: mri_binarize.c,v 1.43 2016/06/09 20:46:21 greve Exp $
cwd /home/stone-ext1/freesurfer/subjects/FS6EXPERT_subj01/mri
cmdline mri_binarize.bin --i aparc+aseg.mgz --o aseg.mgz --replace 1000 3 --replace 2000 42 --replace 1001 3 --replace 2001 42 --replace 1002 3 --replace 2002 42 --replace 1003 3 --replace 2003 42 --replace 1004 3 --replace 2004 42 --replace 1005 3 --replace 2005 42 --replace 1006 3 --replace 2006 42 --replace 1007 3 --replace 2007 42 --replace 1008 3 --replace 2008 42 --replace 1009 3 --replace 2009 42 --replace 1010 3 --replace 2010 42 --replace 1011 3 --replace 2011 42 --replace 1012 3 --replace 2012 42 --replace 1013 3 --replace 2013 42 --replace 1014 3 --replace 2014 42 --replace 1015 3 --replace 2015 42 --replace 1016 3 --replace 2016 42 --replace 1017 3 --replace 2017 42 --replace 1018 3 --replace 2018 42 --replace 1019 3 --replace 2019 42 --replace 1020 3 --replace 2020 42 --replace 1021 3 --replace 2021 42 --replace 1022 3 --replace 2022 42 --replace 1023 3 --replace 2023 42 --replace 1024 3 --replace 2024 42 --replace 1025 3 --replace 2025 42 --replace 1026 3 --replace 2026 42 --replace 1027 3 --replace 2027 42 --replace 1028 3 --replace 2028 42 --replace 1029 3 --replace 2029 42 --replace 1030 3 --replace 2030 42 --replace 1031 3 --replace 2031 42 --replace 1032 3 --replace 2032 42 --replace 1033 3 --replace 2033 42 --replace 1034 3 --replace 2034 42 --replace 1035 3 --replace 2035 42 
sysname  Linux
hostname stone.cmrr.umn.edu
machine  x86_64
user     kendrick

input      aparc+aseg.mgz
frame      0
nErode3d   0
nErode2d   0
output     aseg.mgz
Binarizing based on threshold
min        -infinity
max        +infinity
binval        1
binvalnot     0
fstart = 0, fend = 0, nframes = 1
Replacing 72
 1:  1000    3
 2:  2000   42
 3:  1001    3
 4:  2001   42
 5:  1002    3
 6:  2002   42
 7:  1003    3
 8:  2003   42
 9:  1004    3
10:  2004   42
11:  1005    3
12:  2005   42
13:  1006    3
14:  2006   42
15:  1007    3
16:  2007   42
17:  1008    3
18:  2008   42
19:  1009    3
20:  2009   42
21:  1010    3
22:  2010   42
23:  1011    3
24:  2011   42
25:  1012    3
26:  2012   42
27:  1013    3
28:  2013   42
29:  1014    3
30:  2014   42
31:  1015    3
32:  2015   42
33:  1016    3
34:  2016   42
35:  1017    3
36:  2017   42
37:  1018    3
38:  2018   42
39:  1019    3
40:  2019   42
41:  1020    3
42:  2020   42
43:  1021    3
44:  2021   42
45:  1022    3
46:  2022   42
47:  1023    3
48:  2023   42
49:  1024    3
50:  2024   42
51:  1025    3
52:  2025   42
53:  1026    3
54:  2026   42
55:  1027    3
56:  2027   42
57:  1028    3
58:  2028   42
59:  1029    3
60:  2029   42
61:  1030    3
62:  2030   42
63:  1031    3
64:  2031   42
65:  1032    3
66:  2032   42
67:  1033    3
68:  2033   42
69:  1034    3
70:  2034   42
71:  1035    3
72:  2035   42
Found 0 values in range
Counting number of voxels in first frame
Found 0 voxels in final mask
Count: 0 0.000000 32768000 0.000000
mri_binarize done
 
Started at Thu May 9 02:24:54 CDT 2019 
Ended   at Thu May  9 02:25:11 CDT 2019
Apas2aseg-Run-Time-Sec 17
 
apas2aseg Done
#--------------------------------------------
#@# ASeg Stats Thu May  9 02:25:11 CDT 2019
/home/stone-ext1/freesurfer/subjects/FS6EXPERT_subj01

 mri_segstats --seg mri/aseg.mgz --sum stats/aseg.stats --pv mri/norm.mgz --empty --brainmask mri/brainmask.mgz --brain-vol-from-seg --excludeid 0 --excl-ctxgmwm --supratent --subcortgray --in mri/norm.mgz --in-intensity-name norm --in-intensity-units MR --etiv --surf-wm-vol --surf-ctx-vol --totalgray --euler --ctab /home/stone/software/freesurfer_stable_600/ASegStatsLUT.txt --subject FS6EXPERT_subj01 


$Id: mri_segstats.c,v 1.121 2016/05/31 17:27:11 greve Exp $
cwd 
cmdline mri_segstats --seg mri/aseg.mgz --sum stats/aseg.stats --pv mri/norm.mgz --empty --brainmask mri/brainmask.mgz --brain-vol-from-seg --excludeid 0 --excl-ctxgmwm --supratent --subcortgray --in mri/norm.mgz --in-intensity-name norm --in-intensity-units MR --etiv --surf-wm-vol --surf-ctx-vol --totalgray --euler --ctab /home/stone/software/freesurfer_stable_600/ASegStatsLUT.txt --subject FS6EXPERT_subj01 
sysname  Linux
hostname stone.cmrr.umn.edu
machine  x86_64
user     kendrick
UseRobust  0
atlas_icv (eTIV) = 1598476 mm^3    (det: 1.218727 )
Computing euler number
orig.nofix lheno =  -52, rheno = -56
orig.nofix lhholes =   27, rhholes = 29
Loading mri/aseg.mgz
Getting Brain Volume Statistics
lhCtxGM: 269234.206 531474.000  diff=-262239.8  pctdiff=-97.402
rhCtxGM: 263859.963 518784.000  diff=-254924.0  pctdiff=-96.613
lhCtxWM: 195542.228 433467.500  diff=-237925.3  pctdiff=-121.675
rhCtxWM: 191794.125 429108.500  diff=-237314.4  pctdiff=-123.734
SubCortGMVol  111164.000
SupraTentVol  1040356.524 (2046543.000) diff=-1006186.476 pctdiff=-96.716
SupraTentVolNotVent  1017897.524 (2024084.000) diff=-1006186.476 pctdiff=-98.849
BrainSegVol  2359692.000 (2355302.000) diff=4390.000 pctdiff=0.186
BrainSegVolNotVent  2330602.000 (1337869.524) diff=992732.476 pctdiff=42.596
BrainSegVolNotVent  2330602.000
CerebellumVol 306189.000
VentChorVol   22459.000
3rd4th5thCSF   6631.000
CSFVol  2241.000, OptChiasmVol   329.000
MaskVol 3507698.000
Loading mri/norm.mgz
Loading mri/norm.mgz
Voxel Volume is 0.512 mm^3
Generating list of segmentation ids
Found  50 segmentations
Computing statistics for each segmentation

Reporting on  45 segmentations
Using PrintSegStat
mri_segstats done
#-----------------------------------------
#@# WMParc Thu May  9 02:27:02 CDT 2019
/home/stone-ext1/freesurfer/subjects/FS6EXPERT_subj01

 mri_aparc2aseg --s FS6EXPERT_subj01 --labelwm --hypo-as-wm --rip-unknown --volmask --o mri/wmparc.mgz --ctxseg aparc+aseg.mgz 

SUBJECTS_DIR /home/stone-ext1/freesurfer/subjects
subject FS6EXPERT_subj01
outvol mri/wmparc.mgz
useribbon 0
baseoffset 0
labeling wm
labeling hypo-intensities as wm
dmaxctx 5.000000
RipUnknown 1
CtxSeg /home/stone-ext1/freesurfer/subjects/FS6EXPERT_subj01/mri/aparc+aseg.mgz

Reading lh white surface 
 /home/stone-ext1/freesurfer/subjects/FS6EXPERT_subj01/surf/lh.white

Reading lh pial surface 
 /home/stone-ext1/freesurfer/subjects/FS6EXPERT_subj01/surf/lh.pial

Loading lh annotations from /home/stone-ext1/freesurfer/subjects/FS6EXPERT_subj01/label/lh.aparc.annot
reading colortable from annotation file...
colortable with 36 entries read (originally /autofs/space/tanha_002/users/greve/fsdev.build/average/colortable_desikan_killiany.txt)

Reading rh white surface 
 /home/stone-ext1/freesurfer/subjects/FS6EXPERT_subj01/surf/rh.white

Reading rh pial surface 
 /home/stone-ext1/freesurfer/subjects/FS6EXPERT_subj01/surf/rh.pial

Loading rh annotations from /home/stone-ext1/freesurfer/subjects/FS6EXPERT_subj01/label/rh.aparc.annot
reading colortable from annotation file...
colortable with 36 entries read (originally /autofs/space/tanha_002/users/greve/fsdev.build/average/colortable_desikan_killiany.txt)
Have color table for lh white annotation
Have color table for rh white annotation
Loading ribbon segmentation from /home/stone-ext1/freesurfer/subjects/FS6EXPERT_subj01/mri/ribbon.mgz
Loading filled from /home/stone-ext1/freesurfer/subjects/FS6EXPERT_subj01/mri/ribbon.mgz
Ripping vertices labeled as unkown
Ripped 12505 vertices from left hemi
Ripped 11559 vertices from right hemi

Building hash of lh white

Building hash of lh pial

Building hash of rh white

Building hash of rh pial

Loading aseg from /home/stone-ext1/freesurfer/subjects/FS6EXPERT_subj01/mri/aseg.mgz
Loading Ctx Seg File /home/stone-ext1/freesurfer/subjects/FS6EXPERT_subj01/mri/aparc+aseg.mgz
ASeg Vox2RAS: -----------
-0.80000   0.00000   0.00000   128.00000;
 0.00000   0.00000   0.80000  -128.00000;
 0.00000  -0.80000   0.00000   128.00000;
 0.00000   0.00000   0.00000   1.00000;
-------------------------

Labeling Slice
  0   1   2   3   4   5   6   7   8   9  10  11  12  13  14  15  16  17  18  19 
 20  21  22  23  24  25  26  27  28  29  30  31  32  33  34  35  36  37  38  39 
 40  41  42  43  44  45  46  47  48  49  50  51  52  53  54  55  56  57  58  59 
 60  61  62  63  64  65  66  67  68  69  70  71  72  73  74  75  76  77  78  79 
 80  81  82  83  84  85  86  87  88  89  90  91  92  93  94  95  96  97  98  99 
100 101 102 103 104 105 106 107 108 109 110 111 112 113 114 115 116 117 118 119 
120 121 122 123 124 125 126 127 128 129 130 131 132 133 134 135 136 137 138 139 
140 141 142 143 144 145 146 147 148 149 150 151 152 153 154 155 156 157 158 159 
160 161 162 163 164 165 166 167 168 169 170 171 172 173 174 175 176 177 178 179 
180 181 182 183 184 185 186 187 188 189 190 191 192 193 194 195 196 197 198 199 
200 201 202 203 204 205 206 207 208 209 210 211 212 213 214 215 216 217 218 219 
220 221 222 223 224 225 226 227 228 229 230 231 232 233 234 235 236 237 238 239 
240 241 242 243 244 245 246 247 248 249 250 251 252 253 254 255 256 257 258 259 
260 261 262 263 264 265 266 267 268 269 270 271 272 273 274 275 276 277 278 279 
280 281 282 283 284 285 286 287 288 289 290 291 292 293 294 295 296 297 298 299 
300 301 302 303 304 305 306 307 308 309 310 311 312 313 314 315 316 317 318 319 
nctx = 1908455
Used brute-force search on 60 voxels
Fixing Parahip LH WM
  Found 11 clusters
     0 k 0.512000
     1 k 9.728001
     2 k 3.584000
     3 k 1274.369019
     4 k 0.512000
     5 k 0.512000
     6 k 0.512000
     7 k 1.024000
     8 k 0.512000
     9 k 18.431997
     10 k 0.512000
Fixing Parahip RH WM
  Found 9 clusters
     0 k 0.512000
     1 k 0.512000
     2 k 1.024000
     3 k 0.512000
     4 k 0.512000
     5 k 0.512000
     6 k 1305.086914
     7 k 15.360002
     8 k 0.512000
Writing output aseg to mri/wmparc.mgz

 mri_segstats --seg mri/wmparc.mgz --sum stats/wmparc.stats --pv mri/norm.mgz --excludeid 0 --brainmask mri/brainmask.mgz --in mri/norm.mgz --in-intensity-name norm --in-intensity-units MR --subject FS6EXPERT_subj01 --surf-wm-vol --ctab /home/stone/software/freesurfer_stable_600/WMParcStatsLUT.txt --etiv 


$Id: mri_segstats.c,v 1.121 2016/05/31 17:27:11 greve Exp $
cwd 
cmdline mri_segstats --seg mri/wmparc.mgz --sum stats/wmparc.stats --pv mri/norm.mgz --excludeid 0 --brainmask mri/brainmask.mgz --in mri/norm.mgz --in-intensity-name norm --in-intensity-units MR --subject FS6EXPERT_subj01 --surf-wm-vol --ctab /home/stone/software/freesurfer_stable_600/WMParcStatsLUT.txt --etiv 
sysname  Linux
hostname stone.cmrr.umn.edu
machine  x86_64
user     kendrick
UseRobust  0
atlas_icv (eTIV) = 1598476 mm^3    (det: 1.218727 )
Loading mri/wmparc.mgz
Getting Brain Volume Statistics
lhCtxGM: 269234.206 531474.000  diff=-262239.8  pctdiff=-97.402
rhCtxGM: 263859.963 518784.000  diff=-254924.0  pctdiff=-96.613
lhCtxWM: 195542.228 433467.500  diff=-237925.3  pctdiff=-121.675
rhCtxWM: 191794.125 429108.500  diff=-237314.4  pctdiff=-123.734
SubCortGMVol  111164.000
SupraTentVol  1040356.524 (2046543.000) diff=-1006186.476 pctdiff=-96.716
SupraTentVolNotVent  1017897.524 (2024084.000) diff=-1006186.476 pctdiff=-98.849
BrainSegVol  2359692.000 (2355302.000) diff=4390.000 pctdiff=0.186
BrainSegVolNotVent  2330602.000 (1337869.524) diff=992732.476 pctdiff=42.596
BrainSegVolNotVent  2330602.000
CerebellumVol 306189.000
VentChorVol   22459.000
3rd4th5thCSF   6631.000
CSFVol  2241.000, OptChiasmVol   329.000
MaskVol 3507698.000
Loading mri/norm.mgz
Loading mri/norm.mgz
Voxel Volume is 0.512 mm^3
Generating list of segmentation ids
Found 390 segmentations
Computing statistics for each segmentation

Reporting on  70 segmentations
Using PrintSegStat
mri_segstats done
/home/stone-ext1/freesurfer/subjects/FS6EXPERT_subj01/label
#--------------------------------------------
#@# BA_exvivo Labels lh Thu May  9 02:46:32 CDT 2019

 mri_label2label --srcsubject fsaverage --srclabel /home/stone-ext1/freesurfer/subjects/fsaverage/label/lh.BA1_exvivo.label --trgsubject FS6EXPERT_subj01 --trglabel ./lh.BA1_exvivo.label --hemi lh --regmethod surface 


srclabel = /home/stone-ext1/freesurfer/subjects/fsaverage/label/lh.BA1_exvivo.label
srcsubject = fsaverage
trgsubject = FS6EXPERT_subj01
trglabel = ./lh.BA1_exvivo.label
regmethod = surface

srchemi = lh
trghemi = lh
trgsurface = white
srcsurfreg = sphere.reg
trgsurfreg = sphere.reg
usehash = 1
Use ProjAbs  = 0, 0
Use ProjFrac = 0, 0
DoPaint 0

SUBJECTS_DIR    /home/stone-ext1/freesurfer/subjects
FREESURFER_HOME /home/stone/software/freesurfer_stable_600
Loading source label.
Found 4129 points in source label.
Starting surface-based mapping
Reading source registration 
 /home/stone-ext1/freesurfer/subjects/fsaverage/surf/lh.sphere.reg
Rescaling ...  original radius = 100
Reading target surface 
 /home/stone-ext1/freesurfer/subjects/FS6EXPERT_subj01/surf/lh.white
Reading target registration 
 /home/stone-ext1/freesurfer/subjects/FS6EXPERT_subj01/surf/lh.sphere.reg
Rescaling ...  original radius = 100
Building target registration hash (res=16).
Building source registration hash (res=16).
INFO: found  4129 nlabel points
Performing mapping from target back to the source label 225942
Number of reverse mapping hits = 915
Checking for and removing duplicates
Writing label file ./lh.BA1_exvivo.label 5044
mri_label2label: Done


 mri_label2label --srcsubject fsaverage --srclabel /home/stone-ext1/freesurfer/subjects/fsaverage/label/lh.BA2_exvivo.label --trgsubject FS6EXPERT_subj01 --trglabel ./lh.BA2_exvivo.label --hemi lh --regmethod surface 


srclabel = /home/stone-ext1/freesurfer/subjects/fsaverage/label/lh.BA2_exvivo.label
srcsubject = fsaverage
trgsubject = FS6EXPERT_subj01
trglabel = ./lh.BA2_exvivo.label
regmethod = surface

srchemi = lh
trghemi = lh
trgsurface = white
srcsurfreg = sphere.reg
trgsurfreg = sphere.reg
usehash = 1
Use ProjAbs  = 0, 0
Use ProjFrac = 0, 0
DoPaint 0

SUBJECTS_DIR    /home/stone-ext1/freesurfer/subjects
FREESURFER_HOME /home/stone/software/freesurfer_stable_600
Loading source label.
Found 7909 points in source label.
Starting surface-based mapping
Reading source registration 
 /home/stone-ext1/freesurfer/subjects/fsaverage/surf/lh.sphere.reg
Rescaling ...  original radius = 100
Reading target surface 
 /home/stone-ext1/freesurfer/subjects/FS6EXPERT_subj01/surf/lh.white
Reading target registration 
 /home/stone-ext1/freesurfer/subjects/FS6EXPERT_subj01/surf/lh.sphere.reg
Rescaling ...  original radius = 100
Building target registration hash (res=16).
Building source registration hash (res=16).
INFO: found  7909 nlabel points
Performing mapping from target back to the source label 225942
Number of reverse mapping hits = 1658
Checking for and removing duplicates
Writing label file ./lh.BA2_exvivo.label 9567
mri_label2label: Done


 mri_label2label --srcsubject fsaverage --srclabel /home/stone-ext1/freesurfer/subjects/fsaverage/label/lh.BA3a_exvivo.label --trgsubject FS6EXPERT_subj01 --trglabel ./lh.BA3a_exvivo.label --hemi lh --regmethod surface 


srclabel = /home/stone-ext1/freesurfer/subjects/fsaverage/label/lh.BA3a_exvivo.label
srcsubject = fsaverage
trgsubject = FS6EXPERT_subj01
trglabel = ./lh.BA3a_exvivo.label
regmethod = surface

srchemi = lh
trghemi = lh
trgsurface = white
srcsurfreg = sphere.reg
trgsurfreg = sphere.reg
usehash = 1
Use ProjAbs  = 0, 0
Use ProjFrac = 0, 0
DoPaint 0

SUBJECTS_DIR    /home/stone-ext1/freesurfer/subjects
FREESURFER_HOME /home/stone/software/freesurfer_stable_600
Loading source label.
Found 4077 points in source label.
Starting surface-based mapping
Reading source registration 
 /home/stone-ext1/freesurfer/subjects/fsaverage/surf/lh.sphere.reg
Rescaling ...  original radius = 100
Reading target surface 
 /home/stone-ext1/freesurfer/subjects/FS6EXPERT_subj01/surf/lh.white
Reading target registration 
 /home/stone-ext1/freesurfer/subjects/FS6EXPERT_subj01/surf/lh.sphere.reg
Rescaling ...  original radius = 100
Building target registration hash (res=16).
Building source registration hash (res=16).
INFO: found  4077 nlabel points
Performing mapping from target back to the source label 225942
Number of reverse mapping hits = 775
Checking for and removing duplicates
Writing label file ./lh.BA3a_exvivo.label 4852
mri_label2label: Done


 mri_label2label --srcsubject fsaverage --srclabel /home/stone-ext1/freesurfer/subjects/fsaverage/label/lh.BA3b_exvivo.label --trgsubject FS6EXPERT_subj01 --trglabel ./lh.BA3b_exvivo.label --hemi lh --regmethod surface 


srclabel = /home/stone-ext1/freesurfer/subjects/fsaverage/label/lh.BA3b_exvivo.label
srcsubject = fsaverage
trgsubject = FS6EXPERT_subj01
trglabel = ./lh.BA3b_exvivo.label
regmethod = surface

srchemi = lh
trghemi = lh
trgsurface = white
srcsurfreg = sphere.reg
trgsurfreg = sphere.reg
usehash = 1
Use ProjAbs  = 0, 0
Use ProjFrac = 0, 0
DoPaint 0

SUBJECTS_DIR    /home/stone-ext1/freesurfer/subjects
FREESURFER_HOME /home/stone/software/freesurfer_stable_600
Loading source label.
Found 5983 points in source label.
Starting surface-based mapping
Reading source registration 
 /home/stone-ext1/freesurfer/subjects/fsaverage/surf/lh.sphere.reg
Rescaling ...  original radius = 100
Reading target surface 
 /home/stone-ext1/freesurfer/subjects/FS6EXPERT_subj01/surf/lh.white
Reading target registration 
 /home/stone-ext1/freesurfer/subjects/FS6EXPERT_subj01/surf/lh.sphere.reg
Rescaling ...  original radius = 100
Building target registration hash (res=16).
Building source registration hash (res=16).
INFO: found  5983 nlabel points
Performing mapping from target back to the source label 225942
Number of reverse mapping hits = 1552
Checking for and removing duplicates
Writing label file ./lh.BA3b_exvivo.label 7535
mri_label2label: Done


 mri_label2label --srcsubject fsaverage --srclabel /home/stone-ext1/freesurfer/subjects/fsaverage/label/lh.BA4a_exvivo.label --trgsubject FS6EXPERT_subj01 --trglabel ./lh.BA4a_exvivo.label --hemi lh --regmethod surface 


srclabel = /home/stone-ext1/freesurfer/subjects/fsaverage/label/lh.BA4a_exvivo.label
srcsubject = fsaverage
trgsubject = FS6EXPERT_subj01
trglabel = ./lh.BA4a_exvivo.label
regmethod = surface

srchemi = lh
trghemi = lh
trgsurface = white
srcsurfreg = sphere.reg
trgsurfreg = sphere.reg
usehash = 1
Use ProjAbs  = 0, 0
Use ProjFrac = 0, 0
DoPaint 0

SUBJECTS_DIR    /home/stone-ext1/freesurfer/subjects
FREESURFER_HOME /home/stone/software/freesurfer_stable_600
Loading source label.
Found 5784 points in source label.
Starting surface-based mapping
Reading source registration 
 /home/stone-ext1/freesurfer/subjects/fsaverage/surf/lh.sphere.reg
Rescaling ...  original radius = 100
Reading target surface 
 /home/stone-ext1/freesurfer/subjects/FS6EXPERT_subj01/surf/lh.white
Reading target registration 
 /home/stone-ext1/freesurfer/subjects/FS6EXPERT_subj01/surf/lh.sphere.reg
Rescaling ...  original radius = 100
Building target registration hash (res=16).
Building source registration hash (res=16).
INFO: found  5784 nlabel points
Performing mapping from target back to the source label 225942
Number of reverse mapping hits = 2143
Checking for and removing duplicates
Writing label file ./lh.BA4a_exvivo.label 7927
mri_label2label: Done


 mri_label2label --srcsubject fsaverage --srclabel /home/stone-ext1/freesurfer/subjects/fsaverage/label/lh.BA4p_exvivo.label --trgsubject FS6EXPERT_subj01 --trglabel ./lh.BA4p_exvivo.label --hemi lh --regmethod surface 


srclabel = /home/stone-ext1/freesurfer/subjects/fsaverage/label/lh.BA4p_exvivo.label
srcsubject = fsaverage
trgsubject = FS6EXPERT_subj01
trglabel = ./lh.BA4p_exvivo.label
regmethod = surface

srchemi = lh
trghemi = lh
trgsurface = white
srcsurfreg = sphere.reg
trgsurfreg = sphere.reg
usehash = 1
Use ProjAbs  = 0, 0
Use ProjFrac = 0, 0
DoPaint 0

SUBJECTS_DIR    /home/stone-ext1/freesurfer/subjects
FREESURFER_HOME /home/stone/software/freesurfer_stable_600
Loading source label.
Found 4070 points in source label.
Starting surface-based mapping
Reading source registration 
 /home/stone-ext1/freesurfer/subjects/fsaverage/surf/lh.sphere.reg
Rescaling ...  original radius = 100
Reading target surface 
 /home/stone-ext1/freesurfer/subjects/FS6EXPERT_subj01/surf/lh.white
Reading target registration 
 /home/stone-ext1/freesurfer/subjects/FS6EXPERT_subj01/surf/lh.sphere.reg
Rescaling ...  original radius = 100
Building target registration hash (res=16).
Building source registration hash (res=16).
INFO: found  4070 nlabel points
Performing mapping from target back to the source label 225942
Number of reverse mapping hits = 1215
Checking for and removing duplicates
Writing label file ./lh.BA4p_exvivo.label 5285
mri_label2label: Done


 mri_label2label --srcsubject fsaverage --srclabel /home/stone-ext1/freesurfer/subjects/fsaverage/label/lh.BA6_exvivo.label --trgsubject FS6EXPERT_subj01 --trglabel ./lh.BA6_exvivo.label --hemi lh --regmethod surface 


srclabel = /home/stone-ext1/freesurfer/subjects/fsaverage/label/lh.BA6_exvivo.label
srcsubject = fsaverage
trgsubject = FS6EXPERT_subj01
trglabel = ./lh.BA6_exvivo.label
regmethod = surface

srchemi = lh
trghemi = lh
trgsurface = white
srcsurfreg = sphere.reg
trgsurfreg = sphere.reg
usehash = 1
Use ProjAbs  = 0, 0
Use ProjFrac = 0, 0
DoPaint 0

SUBJECTS_DIR    /home/stone-ext1/freesurfer/subjects
FREESURFER_HOME /home/stone/software/freesurfer_stable_600
Loading source label.
Found 13589 points in source label.
Starting surface-based mapping
Reading source registration 
 /home/stone-ext1/freesurfer/subjects/fsaverage/surf/lh.sphere.reg
Rescaling ...  original radius = 100
Reading target surface 
 /home/stone-ext1/freesurfer/subjects/FS6EXPERT_subj01/surf/lh.white
Reading target registration 
 /home/stone-ext1/freesurfer/subjects/FS6EXPERT_subj01/surf/lh.sphere.reg
Rescaling ...  original radius = 100
Building target registration hash (res=16).
Building source registration hash (res=16).
INFO: found  13589 nlabel points
Performing mapping from target back to the source label 225942
Number of reverse mapping hits = 3856
Checking for and removing duplicates
Writing label file ./lh.BA6_exvivo.label 17445
mri_label2label: Done


 mri_label2label --srcsubject fsaverage --srclabel /home/stone-ext1/freesurfer/subjects/fsaverage/label/lh.BA44_exvivo.label --trgsubject FS6EXPERT_subj01 --trglabel ./lh.BA44_exvivo.label --hemi lh --regmethod surface 


srclabel = /home/stone-ext1/freesurfer/subjects/fsaverage/label/lh.BA44_exvivo.label
srcsubject = fsaverage
trgsubject = FS6EXPERT_subj01
trglabel = ./lh.BA44_exvivo.label
regmethod = surface

srchemi = lh
trghemi = lh
trgsurface = white
srcsurfreg = sphere.reg
trgsurfreg = sphere.reg
usehash = 1
Use ProjAbs  = 0, 0
Use ProjFrac = 0, 0
DoPaint 0

SUBJECTS_DIR    /home/stone-ext1/freesurfer/subjects
FREESURFER_HOME /home/stone/software/freesurfer_stable_600
Loading source label.
Found 4181 points in source label.
Starting surface-based mapping
Reading source registration 
 /home/stone-ext1/freesurfer/subjects/fsaverage/surf/lh.sphere.reg
Rescaling ...  original radius = 100
Reading target surface 
 /home/stone-ext1/freesurfer/subjects/FS6EXPERT_subj01/surf/lh.white
Reading target registration 
 /home/stone-ext1/freesurfer/subjects/FS6EXPERT_subj01/surf/lh.sphere.reg
Rescaling ...  original radius = 100
Building target registration hash (res=16).
Building source registration hash (res=16).
INFO: found  4181 nlabel points
Performing mapping from target back to the source label 225942
Number of reverse mapping hits = 837
Checking for and removing duplicates
Writing label file ./lh.BA44_exvivo.label 5018
mri_label2label: Done


 mri_label2label --srcsubject fsaverage --srclabel /home/stone-ext1/freesurfer/subjects/fsaverage/label/lh.BA45_exvivo.label --trgsubject FS6EXPERT_subj01 --trglabel ./lh.BA45_exvivo.label --hemi lh --regmethod surface 


srclabel = /home/stone-ext1/freesurfer/subjects/fsaverage/label/lh.BA45_exvivo.label
srcsubject = fsaverage
trgsubject = FS6EXPERT_subj01
trglabel = ./lh.BA45_exvivo.label
regmethod = surface

srchemi = lh
trghemi = lh
trgsurface = white
srcsurfreg = sphere.reg
trgsurfreg = sphere.reg
usehash = 1
Use ProjAbs  = 0, 0
Use ProjFrac = 0, 0
DoPaint 0

SUBJECTS_DIR    /home/stone-ext1/freesurfer/subjects
FREESURFER_HOME /home/stone/software/freesurfer_stable_600
Loading source label.
Found 3422 points in source label.
Starting surface-based mapping
Reading source registration 
 /home/stone-ext1/freesurfer/subjects/fsaverage/surf/lh.sphere.reg
Rescaling ...  original radius = 100
Reading target surface 
 /home/stone-ext1/freesurfer/subjects/FS6EXPERT_subj01/surf/lh.white
Reading target registration 
 /home/stone-ext1/freesurfer/subjects/FS6EXPERT_subj01/surf/lh.sphere.reg
Rescaling ...  original radius = 100
Building target registration hash (res=16).
Building source registration hash (res=16).
INFO: found  3422 nlabel points
Performing mapping from target back to the source label 225942
Number of reverse mapping hits = 3679
Checking for and removing duplicates
Writing label file ./lh.BA45_exvivo.label 7101
mri_label2label: Done


 mri_label2label --srcsubject fsaverage --srclabel /home/stone-ext1/freesurfer/subjects/fsaverage/label/lh.V1_exvivo.label --trgsubject FS6EXPERT_subj01 --trglabel ./lh.V1_exvivo.label --hemi lh --regmethod surface 


srclabel = /home/stone-ext1/freesurfer/subjects/fsaverage/label/lh.V1_exvivo.label
srcsubject = fsaverage
trgsubject = FS6EXPERT_subj01
trglabel = ./lh.V1_exvivo.label
regmethod = surface

srchemi = lh
trghemi = lh
trgsurface = white
srcsurfreg = sphere.reg
trgsurfreg = sphere.reg
usehash = 1
Use ProjAbs  = 0, 0
Use ProjFrac = 0, 0
DoPaint 0

SUBJECTS_DIR    /home/stone-ext1/freesurfer/subjects
FREESURFER_HOME /home/stone/software/freesurfer_stable_600
Loading source label.
Found 4641 points in source label.
Starting surface-based mapping
Reading source registration 
 /home/stone-ext1/freesurfer/subjects/fsaverage/surf/lh.sphere.reg
Rescaling ...  original radius = 100
Reading target surface 
 /home/stone-ext1/freesurfer/subjects/FS6EXPERT_subj01/surf/lh.white
Reading target registration 
 /home/stone-ext1/freesurfer/subjects/FS6EXPERT_subj01/surf/lh.sphere.reg
Rescaling ...  original radius = 100
Building target registration hash (res=16).
Building source registration hash (res=16).
INFO: found  4641 nlabel points
Performing mapping from target back to the source label 225942
Number of reverse mapping hits = 5996
Checking for and removing duplicates
Writing label file ./lh.V1_exvivo.label 10637
mri_label2label: Done


 mri_label2label --srcsubject fsaverage --srclabel /home/stone-ext1/freesurfer/subjects/fsaverage/label/lh.V2_exvivo.label --trgsubject FS6EXPERT_subj01 --trglabel ./lh.V2_exvivo.label --hemi lh --regmethod surface 


srclabel = /home/stone-ext1/freesurfer/subjects/fsaverage/label/lh.V2_exvivo.label
srcsubject = fsaverage
trgsubject = FS6EXPERT_subj01
trglabel = ./lh.V2_exvivo.label
regmethod = surface

srchemi = lh
trghemi = lh
trgsurface = white
srcsurfreg = sphere.reg
trgsurfreg = sphere.reg
usehash = 1
Use ProjAbs  = 0, 0
Use ProjFrac = 0, 0
DoPaint 0

SUBJECTS_DIR    /home/stone-ext1/freesurfer/subjects
FREESURFER_HOME /home/stone/software/freesurfer_stable_600
Loading source label.
Found 8114 points in source label.
Starting surface-based mapping
Reading source registration 
 /home/stone-ext1/freesurfer/subjects/fsaverage/surf/lh.sphere.reg
Rescaling ...  original radius = 100
Reading target surface 
 /home/stone-ext1/freesurfer/subjects/FS6EXPERT_subj01/surf/lh.white
Reading target registration 
 /home/stone-ext1/freesurfer/subjects/FS6EXPERT_subj01/surf/lh.sphere.reg
Rescaling ...  original radius = 100
Building target registration hash (res=16).
Building source registration hash (res=16).
INFO: found  8114 nlabel points
Performing mapping from target back to the source label 225942
Number of reverse mapping hits = 10654
Checking for and removing duplicates
Writing label file ./lh.V2_exvivo.label 18768
mri_label2label: Done


 mri_label2label --srcsubject fsaverage --srclabel /home/stone-ext1/freesurfer/subjects/fsaverage/label/lh.MT_exvivo.label --trgsubject FS6EXPERT_subj01 --trglabel ./lh.MT_exvivo.label --hemi lh --regmethod surface 


srclabel = /home/stone-ext1/freesurfer/subjects/fsaverage/label/lh.MT_exvivo.label
srcsubject = fsaverage
trgsubject = FS6EXPERT_subj01
trglabel = ./lh.MT_exvivo.label
regmethod = surface

srchemi = lh
trghemi = lh
trgsurface = white
srcsurfreg = sphere.reg
trgsurfreg = sphere.reg
usehash = 1
Use ProjAbs  = 0, 0
Use ProjFrac = 0, 0
DoPaint 0

SUBJECTS_DIR    /home/stone-ext1/freesurfer/subjects
FREESURFER_HOME /home/stone/software/freesurfer_stable_600
Loading source label.
Found 2018 points in source label.
Starting surface-based mapping
Reading source registration 
 /home/stone-ext1/freesurfer/subjects/fsaverage/surf/lh.sphere.reg
Rescaling ...  original radius = 100
Reading target surface 
 /home/stone-ext1/freesurfer/subjects/FS6EXPERT_subj01/surf/lh.white
Reading target registration 
 /home/stone-ext1/freesurfer/subjects/FS6EXPERT_subj01/surf/lh.sphere.reg
Rescaling ...  original radius = 100
Building target registration hash (res=16).
Building source registration hash (res=16).
INFO: found  2018 nlabel points
Performing mapping from target back to the source label 225942
Number of reverse mapping hits = 1282
Checking for and removing duplicates
Writing label file ./lh.MT_exvivo.label 3300
mri_label2label: Done


 mri_label2label --srcsubject fsaverage --srclabel /home/stone-ext1/freesurfer/subjects/fsaverage/label/lh.entorhinal_exvivo.label --trgsubject FS6EXPERT_subj01 --trglabel ./lh.entorhinal_exvivo.label --hemi lh --regmethod surface 


srclabel = /home/stone-ext1/freesurfer/subjects/fsaverage/label/lh.entorhinal_exvivo.label
srcsubject = fsaverage
trgsubject = FS6EXPERT_subj01
trglabel = ./lh.entorhinal_exvivo.label
regmethod = surface

srchemi = lh
trghemi = lh
trgsurface = white
srcsurfreg = sphere.reg
trgsurfreg = sphere.reg
usehash = 1
Use ProjAbs  = 0, 0
Use ProjFrac = 0, 0
DoPaint 0

SUBJECTS_DIR    /home/stone-ext1/freesurfer/subjects
FREESURFER_HOME /home/stone/software/freesurfer_stable_600
Loading source label.
Found 1290 points in source label.
Starting surface-based mapping
Reading source registration 
 /home/stone-ext1/freesurfer/subjects/fsaverage/surf/lh.sphere.reg
Rescaling ...  original radius = 100
Reading target surface 
 /home/stone-ext1/freesurfer/subjects/FS6EXPERT_subj01/surf/lh.white
Reading target registration 
 /home/stone-ext1/freesurfer/subjects/FS6EXPERT_subj01/surf/lh.sphere.reg
Rescaling ...  original radius = 100
Building target registration hash (res=16).
Building source registration hash (res=16).
INFO: found  1290 nlabel points
Performing mapping from target back to the source label 225942
Number of reverse mapping hits = 321
Checking for and removing duplicates
Writing label file ./lh.entorhinal_exvivo.label 1611
mri_label2label: Done


 mri_label2label --srcsubject fsaverage --srclabel /home/stone-ext1/freesurfer/subjects/fsaverage/label/lh.perirhinal_exvivo.label --trgsubject FS6EXPERT_subj01 --trglabel ./lh.perirhinal_exvivo.label --hemi lh --regmethod surface 


srclabel = /home/stone-ext1/freesurfer/subjects/fsaverage/label/lh.perirhinal_exvivo.label
srcsubject = fsaverage
trgsubject = FS6EXPERT_subj01
trglabel = ./lh.perirhinal_exvivo.label
regmethod = surface

srchemi = lh
trghemi = lh
trgsurface = white
srcsurfreg = sphere.reg
trgsurfreg = sphere.reg
usehash = 1
Use ProjAbs  = 0, 0
Use ProjFrac = 0, 0
DoPaint 0

SUBJECTS_DIR    /home/stone-ext1/freesurfer/subjects
FREESURFER_HOME /home/stone/software/freesurfer_stable_600
Loading source label.
Found 1199 points in source label.
Starting surface-based mapping
Reading source registration 
 /home/stone-ext1/freesurfer/subjects/fsaverage/surf/lh.sphere.reg
Rescaling ...  original radius = 100
Reading target surface 
 /home/stone-ext1/freesurfer/subjects/FS6EXPERT_subj01/surf/lh.white
Reading target registration 
 /home/stone-ext1/freesurfer/subjects/FS6EXPERT_subj01/surf/lh.sphere.reg
Rescaling ...  original radius = 100
Building target registration hash (res=16).
Building source registration hash (res=16).
INFO: found  1199 nlabel points
Performing mapping from target back to the source label 225942
Number of reverse mapping hits = 323
Checking for and removing duplicates
Writing label file ./lh.perirhinal_exvivo.label 1522
mri_label2label: Done


 mri_label2label --srcsubject fsaverage --srclabel /home/stone-ext1/freesurfer/subjects/fsaverage/label/lh.BA1_exvivo.thresh.label --trgsubject FS6EXPERT_subj01 --trglabel ./lh.BA1_exvivo.thresh.label --hemi lh --regmethod surface 


srclabel = /home/stone-ext1/freesurfer/subjects/fsaverage/label/lh.BA1_exvivo.thresh.label
srcsubject = fsaverage
trgsubject = FS6EXPERT_subj01
trglabel = ./lh.BA1_exvivo.thresh.label
regmethod = surface

srchemi = lh
trghemi = lh
trgsurface = white
srcsurfreg = sphere.reg
trgsurfreg = sphere.reg
usehash = 1
Use ProjAbs  = 0, 0
Use ProjFrac = 0, 0
DoPaint 0

SUBJECTS_DIR    /home/stone-ext1/freesurfer/subjects
FREESURFER_HOME /home/stone/software/freesurfer_stable_600
Loading source label.
Found 1014 points in source label.
Starting surface-based mapping
Reading source registration 
 /home/stone-ext1/freesurfer/subjects/fsaverage/surf/lh.sphere.reg
Rescaling ...  original radius = 100
Reading target surface 
 /home/stone-ext1/freesurfer/subjects/FS6EXPERT_subj01/surf/lh.white
Reading target registration 
 /home/stone-ext1/freesurfer/subjects/FS6EXPERT_subj01/surf/lh.sphere.reg
Rescaling ...  original radius = 100
Building target registration hash (res=16).
Building source registration hash (res=16).
INFO: found  1014 nlabel points
Performing mapping from target back to the source label 225942
Number of reverse mapping hits = 200
Checking for and removing duplicates
Writing label file ./lh.BA1_exvivo.thresh.label 1214
mri_label2label: Done


 mri_label2label --srcsubject fsaverage --srclabel /home/stone-ext1/freesurfer/subjects/fsaverage/label/lh.BA2_exvivo.thresh.label --trgsubject FS6EXPERT_subj01 --trglabel ./lh.BA2_exvivo.thresh.label --hemi lh --regmethod surface 


srclabel = /home/stone-ext1/freesurfer/subjects/fsaverage/label/lh.BA2_exvivo.thresh.label
srcsubject = fsaverage
trgsubject = FS6EXPERT_subj01
trglabel = ./lh.BA2_exvivo.thresh.label
regmethod = surface

srchemi = lh
trghemi = lh
trgsurface = white
srcsurfreg = sphere.reg
trgsurfreg = sphere.reg
usehash = 1
Use ProjAbs  = 0, 0
Use ProjFrac = 0, 0
DoPaint 0

SUBJECTS_DIR    /home/stone-ext1/freesurfer/subjects
FREESURFER_HOME /home/stone/software/freesurfer_stable_600
Loading source label.
Found 2092 points in source label.
Starting surface-based mapping
Reading source registration 
 /home/stone-ext1/freesurfer/subjects/fsaverage/surf/lh.sphere.reg
Rescaling ...  original radius = 100
Reading target surface 
 /home/stone-ext1/freesurfer/subjects/FS6EXPERT_subj01/surf/lh.white
Reading target registration 
 /home/stone-ext1/freesurfer/subjects/FS6EXPERT_subj01/surf/lh.sphere.reg
Rescaling ...  original radius = 100
Building target registration hash (res=16).
Building source registration hash (res=16).
INFO: found  2092 nlabel points
Performing mapping from target back to the source label 225942
Number of reverse mapping hits = 406
Checking for and removing duplicates
Writing label file ./lh.BA2_exvivo.thresh.label 2498
mri_label2label: Done


 mri_label2label --srcsubject fsaverage --srclabel /home/stone-ext1/freesurfer/subjects/fsaverage/label/lh.BA3a_exvivo.thresh.label --trgsubject FS6EXPERT_subj01 --trglabel ./lh.BA3a_exvivo.thresh.label --hemi lh --regmethod surface 


srclabel = /home/stone-ext1/freesurfer/subjects/fsaverage/label/lh.BA3a_exvivo.thresh.label
srcsubject = fsaverage
trgsubject = FS6EXPERT_subj01
trglabel = ./lh.BA3a_exvivo.thresh.label
regmethod = surface

srchemi = lh
trghemi = lh
trgsurface = white
srcsurfreg = sphere.reg
trgsurfreg = sphere.reg
usehash = 1
Use ProjAbs  = 0, 0
Use ProjFrac = 0, 0
DoPaint 0

SUBJECTS_DIR    /home/stone-ext1/freesurfer/subjects
FREESURFER_HOME /home/stone/software/freesurfer_stable_600
Loading source label.
Found 1504 points in source label.
Starting surface-based mapping
Reading source registration 
 /home/stone-ext1/freesurfer/subjects/fsaverage/surf/lh.sphere.reg
Rescaling ...  original radius = 100
Reading target surface 
 /home/stone-ext1/freesurfer/subjects/FS6EXPERT_subj01/surf/lh.white
Reading target registration 
 /home/stone-ext1/freesurfer/subjects/FS6EXPERT_subj01/surf/lh.sphere.reg
Rescaling ...  original radius = 100
Building target registration hash (res=16).
Building source registration hash (res=16).
INFO: found  1504 nlabel points
Performing mapping from target back to the source label 225942
Number of reverse mapping hits = 201
Checking for and removing duplicates
Writing label file ./lh.BA3a_exvivo.thresh.label 1705
mri_label2label: Done


 mri_label2label --srcsubject fsaverage --srclabel /home/stone-ext1/freesurfer/subjects/fsaverage/label/lh.BA3b_exvivo.thresh.label --trgsubject FS6EXPERT_subj01 --trglabel ./lh.BA3b_exvivo.thresh.label --hemi lh --regmethod surface 


srclabel = /home/stone-ext1/freesurfer/subjects/fsaverage/label/lh.BA3b_exvivo.thresh.label
srcsubject = fsaverage
trgsubject = FS6EXPERT_subj01
trglabel = ./lh.BA3b_exvivo.thresh.label
regmethod = surface

srchemi = lh
trghemi = lh
trgsurface = white
srcsurfreg = sphere.reg
trgsurfreg = sphere.reg
usehash = 1
Use ProjAbs  = 0, 0
Use ProjFrac = 0, 0
DoPaint 0

SUBJECTS_DIR    /home/stone-ext1/freesurfer/subjects
FREESURFER_HOME /home/stone/software/freesurfer_stable_600
Loading source label.
Found 1996 points in source label.
Starting surface-based mapping
Reading source registration 
 /home/stone-ext1/freesurfer/subjects/fsaverage/surf/lh.sphere.reg
Rescaling ...  original radius = 100
Reading target surface 
 /home/stone-ext1/freesurfer/subjects/FS6EXPERT_subj01/surf/lh.white
Reading target registration 
 /home/stone-ext1/freesurfer/subjects/FS6EXPERT_subj01/surf/lh.sphere.reg
Rescaling ...  original radius = 100
Building target registration hash (res=16).
Building source registration hash (res=16).
INFO: found  1996 nlabel points
Performing mapping from target back to the source label 225942
Number of reverse mapping hits = 713
Checking for and removing duplicates
Writing label file ./lh.BA3b_exvivo.thresh.label 2709
mri_label2label: Done


 mri_label2label --srcsubject fsaverage --srclabel /home/stone-ext1/freesurfer/subjects/fsaverage/label/lh.BA4a_exvivo.thresh.label --trgsubject FS6EXPERT_subj01 --trglabel ./lh.BA4a_exvivo.thresh.label --hemi lh --regmethod surface 


srclabel = /home/stone-ext1/freesurfer/subjects/fsaverage/label/lh.BA4a_exvivo.thresh.label
srcsubject = fsaverage
trgsubject = FS6EXPERT_subj01
trglabel = ./lh.BA4a_exvivo.thresh.label
regmethod = surface

srchemi = lh
trghemi = lh
trgsurface = white
srcsurfreg = sphere.reg
trgsurfreg = sphere.reg
usehash = 1
Use ProjAbs  = 0, 0
Use ProjFrac = 0, 0
DoPaint 0

SUBJECTS_DIR    /home/stone-ext1/freesurfer/subjects
FREESURFER_HOME /home/stone/software/freesurfer_stable_600
Loading source label.
Found 2319 points in source label.
Starting surface-based mapping
Reading source registration 
 /home/stone-ext1/freesurfer/subjects/fsaverage/surf/lh.sphere.reg
Rescaling ...  original radius = 100
Reading target surface 
 /home/stone-ext1/freesurfer/subjects/FS6EXPERT_subj01/surf/lh.white
Reading target registration 
 /home/stone-ext1/freesurfer/subjects/FS6EXPERT_subj01/surf/lh.sphere.reg
Rescaling ...  original radius = 100
Building target registration hash (res=16).
Building source registration hash (res=16).
INFO: found  2319 nlabel points
Performing mapping from target back to the source label 225942
Number of reverse mapping hits = 1002
Checking for and removing duplicates
Writing label file ./lh.BA4a_exvivo.thresh.label 3321
mri_label2label: Done


 mri_label2label --srcsubject fsaverage --srclabel /home/stone-ext1/freesurfer/subjects/fsaverage/label/lh.BA4p_exvivo.thresh.label --trgsubject FS6EXPERT_subj01 --trglabel ./lh.BA4p_exvivo.thresh.label --hemi lh --regmethod surface 


srclabel = /home/stone-ext1/freesurfer/subjects/fsaverage/label/lh.BA4p_exvivo.thresh.label
srcsubject = fsaverage
trgsubject = FS6EXPERT_subj01
trglabel = ./lh.BA4p_exvivo.thresh.label
regmethod = surface

srchemi = lh
trghemi = lh
trgsurface = white
srcsurfreg = sphere.reg
trgsurfreg = sphere.reg
usehash = 1
Use ProjAbs  = 0, 0
Use ProjFrac = 0, 0
DoPaint 0

SUBJECTS_DIR    /home/stone-ext1/freesurfer/subjects
FREESURFER_HOME /home/stone/software/freesurfer_stable_600
Loading source label.
Found 1549 points in source label.
Starting surface-based mapping
Reading source registration 
 /home/stone-ext1/freesurfer/subjects/fsaverage/surf/lh.sphere.reg
Rescaling ...  original radius = 100
Reading target surface 
 /home/stone-ext1/freesurfer/subjects/FS6EXPERT_subj01/surf/lh.white
Reading target registration 
 /home/stone-ext1/freesurfer/subjects/FS6EXPERT_subj01/surf/lh.sphere.reg
Rescaling ...  original radius = 100
Building target registration hash (res=16).
Building source registration hash (res=16).
INFO: found  1549 nlabel points
Performing mapping from target back to the source label 225942
Number of reverse mapping hits = 506
Checking for and removing duplicates
Writing label file ./lh.BA4p_exvivo.thresh.label 2055
mri_label2label: Done


 mri_label2label --srcsubject fsaverage --srclabel /home/stone-ext1/freesurfer/subjects/fsaverage/label/lh.BA6_exvivo.thresh.label --trgsubject FS6EXPERT_subj01 --trglabel ./lh.BA6_exvivo.thresh.label --hemi lh --regmethod surface 


srclabel = /home/stone-ext1/freesurfer/subjects/fsaverage/label/lh.BA6_exvivo.thresh.label
srcsubject = fsaverage
trgsubject = FS6EXPERT_subj01
trglabel = ./lh.BA6_exvivo.thresh.label
regmethod = surface

srchemi = lh
trghemi = lh
trgsurface = white
srcsurfreg = sphere.reg
trgsurfreg = sphere.reg
usehash = 1
Use ProjAbs  = 0, 0
Use ProjFrac = 0, 0
DoPaint 0

SUBJECTS_DIR    /home/stone-ext1/freesurfer/subjects
FREESURFER_HOME /home/stone/software/freesurfer_stable_600
Loading source label.
Found 7035 points in source label.
Starting surface-based mapping
Reading source registration 
 /home/stone-ext1/freesurfer/subjects/fsaverage/surf/lh.sphere.reg
Rescaling ...  original radius = 100
Reading target surface 
 /home/stone-ext1/freesurfer/subjects/FS6EXPERT_subj01/surf/lh.white
Reading target registration 
 /home/stone-ext1/freesurfer/subjects/FS6EXPERT_subj01/surf/lh.sphere.reg
Rescaling ...  original radius = 100
Building target registration hash (res=16).
Building source registration hash (res=16).
INFO: found  7035 nlabel points
Performing mapping from target back to the source label 225942
Number of reverse mapping hits = 1629
Checking for and removing duplicates
Writing label file ./lh.BA6_exvivo.thresh.label 8664
mri_label2label: Done


 mri_label2label --srcsubject fsaverage --srclabel /home/stone-ext1/freesurfer/subjects/fsaverage/label/lh.BA44_exvivo.thresh.label --trgsubject FS6EXPERT_subj01 --trglabel ./lh.BA44_exvivo.thresh.label --hemi lh --regmethod surface 


srclabel = /home/stone-ext1/freesurfer/subjects/fsaverage/label/lh.BA44_exvivo.thresh.label
srcsubject = fsaverage
trgsubject = FS6EXPERT_subj01
trglabel = ./lh.BA44_exvivo.thresh.label
regmethod = surface

srchemi = lh
trghemi = lh
trgsurface = white
srcsurfreg = sphere.reg
trgsurfreg = sphere.reg
usehash = 1
Use ProjAbs  = 0, 0
Use ProjFrac = 0, 0
DoPaint 0

SUBJECTS_DIR    /home/stone-ext1/freesurfer/subjects
FREESURFER_HOME /home/stone/software/freesurfer_stable_600
Loading source label.
Found 1912 points in source label.
Starting surface-based mapping
Reading source registration 
 /home/stone-ext1/freesurfer/subjects/fsaverage/surf/lh.sphere.reg
Rescaling ...  original radius = 100
Reading target surface 
 /home/stone-ext1/freesurfer/subjects/FS6EXPERT_subj01/surf/lh.white
Reading target registration 
 /home/stone-ext1/freesurfer/subjects/FS6EXPERT_subj01/surf/lh.sphere.reg
Rescaling ...  original radius = 100
Building target registration hash (res=16).
Building source registration hash (res=16).
INFO: found  1912 nlabel points
Performing mapping from target back to the source label 225942
Number of reverse mapping hits = 345
Checking for and removing duplicates
Writing label file ./lh.BA44_exvivo.thresh.label 2257
mri_label2label: Done


 mri_label2label --srcsubject fsaverage --srclabel /home/stone-ext1/freesurfer/subjects/fsaverage/label/lh.BA45_exvivo.thresh.label --trgsubject FS6EXPERT_subj01 --trglabel ./lh.BA45_exvivo.thresh.label --hemi lh --regmethod surface 


srclabel = /home/stone-ext1/freesurfer/subjects/fsaverage/label/lh.BA45_exvivo.thresh.label
srcsubject = fsaverage
trgsubject = FS6EXPERT_subj01
trglabel = ./lh.BA45_exvivo.thresh.label
regmethod = surface

srchemi = lh
trghemi = lh
trgsurface = white
srcsurfreg = sphere.reg
trgsurfreg = sphere.reg
usehash = 1
Use ProjAbs  = 0, 0
Use ProjFrac = 0, 0
DoPaint 0

SUBJECTS_DIR    /home/stone-ext1/freesurfer/subjects
FREESURFER_HOME /home/stone/software/freesurfer_stable_600
Loading source label.
Found 1151 points in source label.
Starting surface-based mapping
Reading source registration 
 /home/stone-ext1/freesurfer/subjects/fsaverage/surf/lh.sphere.reg
Rescaling ...  original radius = 100
Reading target surface 
 /home/stone-ext1/freesurfer/subjects/FS6EXPERT_subj01/surf/lh.white
Reading target registration 
 /home/stone-ext1/freesurfer/subjects/FS6EXPERT_subj01/surf/lh.sphere.reg
Rescaling ...  original radius = 100
Building target registration hash (res=16).
Building source registration hash (res=16).
INFO: found  1151 nlabel points
Performing mapping from target back to the source label 225942
Number of reverse mapping hits = 1380
Checking for and removing duplicates
Writing label file ./lh.BA45_exvivo.thresh.label 2531
mri_label2label: Done


 mri_label2label --srcsubject fsaverage --srclabel /home/stone-ext1/freesurfer/subjects/fsaverage/label/lh.V1_exvivo.thresh.label --trgsubject FS6EXPERT_subj01 --trglabel ./lh.V1_exvivo.thresh.label --hemi lh --regmethod surface 


srclabel = /home/stone-ext1/freesurfer/subjects/fsaverage/label/lh.V1_exvivo.thresh.label
srcsubject = fsaverage
trgsubject = FS6EXPERT_subj01
trglabel = ./lh.V1_exvivo.thresh.label
regmethod = surface

srchemi = lh
trghemi = lh
trgsurface = white
srcsurfreg = sphere.reg
trgsurfreg = sphere.reg
usehash = 1
Use ProjAbs  = 0, 0
Use ProjFrac = 0, 0
DoPaint 0

SUBJECTS_DIR    /home/stone-ext1/freesurfer/subjects
FREESURFER_HOME /home/stone/software/freesurfer_stable_600
Loading source label.
Found 3405 points in source label.
Starting surface-based mapping
Reading source registration 
 /home/stone-ext1/freesurfer/subjects/fsaverage/surf/lh.sphere.reg
Rescaling ...  original radius = 100
Reading target surface 
 /home/stone-ext1/freesurfer/subjects/FS6EXPERT_subj01/surf/lh.white
Reading target registration 
 /home/stone-ext1/freesurfer/subjects/FS6EXPERT_subj01/surf/lh.sphere.reg
Rescaling ...  original radius = 100
Building target registration hash (res=16).
Building source registration hash (res=16).
INFO: found  3405 nlabel points
Performing mapping from target back to the source label 225942
Number of reverse mapping hits = 4499
Checking for and removing duplicates
Writing label file ./lh.V1_exvivo.thresh.label 7904
mri_label2label: Done


 mri_label2label --srcsubject fsaverage --srclabel /home/stone-ext1/freesurfer/subjects/fsaverage/label/lh.V2_exvivo.thresh.label --trgsubject FS6EXPERT_subj01 --trglabel ./lh.V2_exvivo.thresh.label --hemi lh --regmethod surface 


srclabel = /home/stone-ext1/freesurfer/subjects/fsaverage/label/lh.V2_exvivo.thresh.label
srcsubject = fsaverage
trgsubject = FS6EXPERT_subj01
trglabel = ./lh.V2_exvivo.thresh.label
regmethod = surface

srchemi = lh
trghemi = lh
trgsurface = white
srcsurfreg = sphere.reg
trgsurfreg = sphere.reg
usehash = 1
Use ProjAbs  = 0, 0
Use ProjFrac = 0, 0
DoPaint 0

SUBJECTS_DIR    /home/stone-ext1/freesurfer/subjects
FREESURFER_HOME /home/stone/software/freesurfer_stable_600
Loading source label.
Found 3334 points in source label.
Starting surface-based mapping
Reading source registration 
 /home/stone-ext1/freesurfer/subjects/fsaverage/surf/lh.sphere.reg
Rescaling ...  original radius = 100
Reading target surface 
 /home/stone-ext1/freesurfer/subjects/FS6EXPERT_subj01/surf/lh.white
Reading target registration 
 /home/stone-ext1/freesurfer/subjects/FS6EXPERT_subj01/surf/lh.sphere.reg
Rescaling ...  original radius = 100
Building target registration hash (res=16).
Building source registration hash (res=16).
INFO: found  3334 nlabel points
Performing mapping from target back to the source label 225942
Number of reverse mapping hits = 4639
Checking for and removing duplicates
Writing label file ./lh.V2_exvivo.thresh.label 7973
mri_label2label: Done


 mri_label2label --srcsubject fsaverage --srclabel /home/stone-ext1/freesurfer/subjects/fsaverage/label/lh.MT_exvivo.thresh.label --trgsubject FS6EXPERT_subj01 --trglabel ./lh.MT_exvivo.thresh.label --hemi lh --regmethod surface 


srclabel = /home/stone-ext1/freesurfer/subjects/fsaverage/label/lh.MT_exvivo.thresh.label
srcsubject = fsaverage
trgsubject = FS6EXPERT_subj01
trglabel = ./lh.MT_exvivo.thresh.label
regmethod = surface

srchemi = lh
trghemi = lh
trgsurface = white
srcsurfreg = sphere.reg
trgsurfreg = sphere.reg
usehash = 1
Use ProjAbs  = 0, 0
Use ProjFrac = 0, 0
DoPaint 0

SUBJECTS_DIR    /home/stone-ext1/freesurfer/subjects
FREESURFER_HOME /home/stone/software/freesurfer_stable_600
Loading source label.
Found 513 points in source label.
Starting surface-based mapping
Reading source registration 
 /home/stone-ext1/freesurfer/subjects/fsaverage/surf/lh.sphere.reg
Rescaling ...  original radius = 100
Reading target surface 
 /home/stone-ext1/freesurfer/subjects/FS6EXPERT_subj01/surf/lh.white
Reading target registration 
 /home/stone-ext1/freesurfer/subjects/FS6EXPERT_subj01/surf/lh.sphere.reg
Rescaling ...  original radius = 100
Building target registration hash (res=16).
Building source registration hash (res=16).
INFO: found  513 nlabel points
Performing mapping from target back to the source label 225942
Number of reverse mapping hits = 337
Checking for and removing duplicates
Writing label file ./lh.MT_exvivo.thresh.label 850
mri_label2label: Done


 mri_label2label --srcsubject fsaverage --srclabel /home/stone-ext1/freesurfer/subjects/fsaverage/label/lh.entorhinal_exvivo.thresh.label --trgsubject FS6EXPERT_subj01 --trglabel ./lh.entorhinal_exvivo.thresh.label --hemi lh --regmethod surface 


srclabel = /home/stone-ext1/freesurfer/subjects/fsaverage/label/lh.entorhinal_exvivo.thresh.label
srcsubject = fsaverage
trgsubject = FS6EXPERT_subj01
trglabel = ./lh.entorhinal_exvivo.thresh.label
regmethod = surface

srchemi = lh
trghemi = lh
trgsurface = white
srcsurfreg = sphere.reg
trgsurfreg = sphere.reg
usehash = 1
Use ProjAbs  = 0, 0
Use ProjFrac = 0, 0
DoPaint 0

SUBJECTS_DIR    /home/stone-ext1/freesurfer/subjects
FREESURFER_HOME /home/stone/software/freesurfer_stable_600
Loading source label.
Found 470 points in source label.
Starting surface-based mapping
Reading source registration 
 /home/stone-ext1/freesurfer/subjects/fsaverage/surf/lh.sphere.reg
Rescaling ...  original radius = 100
Reading target surface 
 /home/stone-ext1/freesurfer/subjects/FS6EXPERT_subj01/surf/lh.white
Reading target registration 
 /home/stone-ext1/freesurfer/subjects/FS6EXPERT_subj01/surf/lh.sphere.reg
Rescaling ...  original radius = 100
Building target registration hash (res=16).
Building source registration hash (res=16).
INFO: found  470 nlabel points
Performing mapping from target back to the source label 225942
Number of reverse mapping hits = 125
Checking for and removing duplicates
Writing label file ./lh.entorhinal_exvivo.thresh.label 595
mri_label2label: Done


 mri_label2label --srcsubject fsaverage --srclabel /home/stone-ext1/freesurfer/subjects/fsaverage/label/lh.perirhinal_exvivo.thresh.label --trgsubject FS6EXPERT_subj01 --trglabel ./lh.perirhinal_exvivo.thresh.label --hemi lh --regmethod surface 


srclabel = /home/stone-ext1/freesurfer/subjects/fsaverage/label/lh.perirhinal_exvivo.thresh.label
srcsubject = fsaverage
trgsubject = FS6EXPERT_subj01
trglabel = ./lh.perirhinal_exvivo.thresh.label
regmethod = surface

srchemi = lh
trghemi = lh
trgsurface = white
srcsurfreg = sphere.reg
trgsurfreg = sphere.reg
usehash = 1
Use ProjAbs  = 0, 0
Use ProjFrac = 0, 0
DoPaint 0

SUBJECTS_DIR    /home/stone-ext1/freesurfer/subjects
FREESURFER_HOME /home/stone/software/freesurfer_stable_600
Loading source label.
Found 450 points in source label.
Starting surface-based mapping
Reading source registration 
 /home/stone-ext1/freesurfer/subjects/fsaverage/surf/lh.sphere.reg
Rescaling ...  original radius = 100
Reading target surface 
 /home/stone-ext1/freesurfer/subjects/FS6EXPERT_subj01/surf/lh.white
Reading target registration 
 /home/stone-ext1/freesurfer/subjects/FS6EXPERT_subj01/surf/lh.sphere.reg
Rescaling ...  original radius = 100
Building target registration hash (res=16).
Building source registration hash (res=16).
INFO: found  450 nlabel points
Performing mapping from target back to the source label 225942
Number of reverse mapping hits = 124
Checking for and removing duplicates
Writing label file ./lh.perirhinal_exvivo.thresh.label 574
mri_label2label: Done


 mris_label2annot --s FS6EXPERT_subj01 --hemi lh --ctab /home/stone/software/freesurfer_stable_600/average/colortable_BA.txt --l lh.BA1_exvivo.label --l lh.BA2_exvivo.label --l lh.BA3a_exvivo.label --l lh.BA3b_exvivo.label --l lh.BA4a_exvivo.label --l lh.BA4p_exvivo.label --l lh.BA6_exvivo.label --l lh.BA44_exvivo.label --l lh.BA45_exvivo.label --l lh.V1_exvivo.label --l lh.V2_exvivo.label --l lh.MT_exvivo.label --l lh.entorhinal_exvivo.label --l lh.perirhinal_exvivo.label --a BA_exvivo --maxstatwinner --noverbose 

Reading ctab /home/stone/software/freesurfer_stable_600/average/colortable_BA.txt
Number of ctab entries 15

$Id: mris_label2annot.c,v 1.20 2016/01/07 23:28:11 greve Exp $
cwd /home/stone-ext1/freesurfer/subjects/FS6EXPERT_subj01/label
cmdline mris_label2annot --s FS6EXPERT_subj01 --hemi lh --ctab /home/stone/software/freesurfer_stable_600/average/colortable_BA.txt --l lh.BA1_exvivo.label --l lh.BA2_exvivo.label --l lh.BA3a_exvivo.label --l lh.BA3b_exvivo.label --l lh.BA4a_exvivo.label --l lh.BA4p_exvivo.label --l lh.BA6_exvivo.label --l lh.BA44_exvivo.label --l lh.BA45_exvivo.label --l lh.V1_exvivo.label --l lh.V2_exvivo.label --l lh.MT_exvivo.label --l lh.entorhinal_exvivo.label --l lh.perirhinal_exvivo.label --a BA_exvivo --maxstatwinner --noverbose 
sysname  Linux
hostname stone.cmrr.umn.edu
machine  x86_64
user     kendrick

subject FS6EXPERT_subj01
hemi    lh
SUBJECTS_DIR /home/stone-ext1/freesurfer/subjects
ColorTable /home/stone/software/freesurfer_stable_600/average/colortable_BA.txt
AnnotName  BA_exvivo
nlables 14
LabelThresh 0 0.000000
Loading /home/stone-ext1/freesurfer/subjects/FS6EXPERT_subj01/surf/lh.orig
 1 1530880 BA1_exvivo
 2 16749699 BA2_exvivo
 3 16711680 BA3a_exvivo
 4 3368703 BA3b_exvivo
 5 1376196 BA4a_exvivo
 6 13382655 BA4p_exvivo
 7 10036737 BA6_exvivo
 8 2490521 BA44_exvivo
 9 39283 BA45_exvivo
10 3993 V1_exvivo
11 8508928 V2_exvivo
12 10027163 MT_exvivo
13 16422433 perirhinal_exvivo
14 16392598 entorhinal_exvivo
Mapping unhit to unknown
Found 156510 unhit vertices
Writing annot to /home/stone-ext1/freesurfer/subjects/FS6EXPERT_subj01/label/lh.BA_exvivo.annot

 mris_label2annot --s FS6EXPERT_subj01 --hemi lh --ctab /home/stone/software/freesurfer_stable_600/average/colortable_BA.txt --l lh.BA1_exvivo.thresh.label --l lh.BA2_exvivo.thresh.label --l lh.BA3a_exvivo.thresh.label --l lh.BA3b_exvivo.thresh.label --l lh.BA4a_exvivo.thresh.label --l lh.BA4p_exvivo.thresh.label --l lh.BA6_exvivo.thresh.label --l lh.BA44_exvivo.thresh.label --l lh.BA45_exvivo.thresh.label --l lh.V1_exvivo.thresh.label --l lh.V2_exvivo.thresh.label --l lh.MT_exvivo.thresh.label --l lh.entorhinal_exvivo.thresh.label --l lh.perirhinal_exvivo.thresh.label --a BA_exvivo.thresh --maxstatwinner --noverbose 

Reading ctab /home/stone/software/freesurfer_stable_600/average/colortable_BA.txt
Number of ctab entries 15

$Id: mris_label2annot.c,v 1.20 2016/01/07 23:28:11 greve Exp $
cwd /home/stone-ext1/freesurfer/subjects/FS6EXPERT_subj01/label
cmdline mris_label2annot --s FS6EXPERT_subj01 --hemi lh --ctab /home/stone/software/freesurfer_stable_600/average/colortable_BA.txt --l lh.BA1_exvivo.thresh.label --l lh.BA2_exvivo.thresh.label --l lh.BA3a_exvivo.thresh.label --l lh.BA3b_exvivo.thresh.label --l lh.BA4a_exvivo.thresh.label --l lh.BA4p_exvivo.thresh.label --l lh.BA6_exvivo.thresh.label --l lh.BA44_exvivo.thresh.label --l lh.BA45_exvivo.thresh.label --l lh.V1_exvivo.thresh.label --l lh.V2_exvivo.thresh.label --l lh.MT_exvivo.thresh.label --l lh.entorhinal_exvivo.thresh.label --l lh.perirhinal_exvivo.thresh.label --a BA_exvivo.thresh --maxstatwinner --noverbose 
sysname  Linux
hostname stone.cmrr.umn.edu
machine  x86_64
user     kendrick

subject FS6EXPERT_subj01
hemi    lh
SUBJECTS_DIR /home/stone-ext1/freesurfer/subjects
ColorTable /home/stone/software/freesurfer_stable_600/average/colortable_BA.txt
AnnotName  BA_exvivo.thresh
nlables 14
LabelThresh 0 0.000000
Loading /home/stone-ext1/freesurfer/subjects/FS6EXPERT_subj01/surf/lh.orig
 1 1530880 BA1_exvivo
 2 16749699 BA2_exvivo
 3 16711680 BA3a_exvivo
 4 3368703 BA3b_exvivo
 5 1376196 BA4a_exvivo
 6 13382655 BA4p_exvivo
 7 10036737 BA6_exvivo
 8 2490521 BA44_exvivo
 9 39283 BA45_exvivo
10 3993 V1_exvivo
11 8508928 V2_exvivo
12 10027163 MT_exvivo
13 16422433 perirhinal_exvivo
14 16392598 entorhinal_exvivo
Mapping unhit to unknown
Found 184554 unhit vertices
Writing annot to /home/stone-ext1/freesurfer/subjects/FS6EXPERT_subj01/label/lh.BA_exvivo.thresh.annot

 mris_anatomical_stats -th3 -mgz -f ../stats/lh.BA_exvivo.stats -b -a ./lh.BA_exvivo.annot -c ./BA_exvivo.ctab FS6EXPERT_subj01 lh white 

computing statistics for each annotation in ./lh.BA_exvivo.annot.
reading volume /home/stone-ext1/freesurfer/subjects/FS6EXPERT_subj01/mri/wm.mgz...
reading input surface /home/stone-ext1/freesurfer/subjects/FS6EXPERT_subj01/surf/lh.white...
reading input pial surface /home/stone-ext1/freesurfer/subjects/FS6EXPERT_subj01/surf/lh.pial...
reading input white surface /home/stone-ext1/freesurfer/subjects/FS6EXPERT_subj01/surf/lh.white...
INFO: using TH3 volume calc
INFO: assuming MGZ format for volumes.
Using TH3 vertex volume calc
Total face volume 276139
Total vertex volume 273245 (mask=0)
reading colortable from annotation file...
colortable with 15 entries read (originally /home/stone/software/freesurfer_stable_600/average/colortable_BA.txt)
Saving annotation colortable ./BA_exvivo.ctab

table columns are:
    number of vertices
    total surface area (mm^2)
    total gray matter volume (mm^3)
    average cortical thickness +- standard deviation (mm)
    integrated rectified mean curvature
    integrated rectified Gaussian curvature
    folding index
    intrinsic curvature index
    structure name

atlas_icv (eTIV) = 1598476 mm^3    (det: 1.218727 )
lhCtxGM: 269234.206 531474.000  diff=-262239.8  pctdiff=-97.402
rhCtxGM: 263859.963 518784.000  diff=-254924.0  pctdiff=-96.613
lhCtxWM: 195542.228 433467.500  diff=-237925.3  pctdiff=-121.675
rhCtxWM: 191794.125 429108.500  diff=-237314.4  pctdiff=-123.734
SubCortGMVol  111164.000
SupraTentVol  1040356.524 (2046543.000) diff=-1006186.476 pctdiff=-96.716
SupraTentVolNotVent  1017897.524 (2024084.000) diff=-1006186.476 pctdiff=-98.849
BrainSegVol  2359692.000 (2355302.000) diff=4390.000 pctdiff=0.186
BrainSegVolNotVent  2330602.000 (1337869.524) diff=992732.476 pctdiff=42.596
BrainSegVolNotVent  2330602.000
CerebellumVol 306189.000
VentChorVol   22459.000
3rd4th5thCSF   6631.000
CSFVol  2241.000, OptChiasmVol   329.000
MaskVol 3507698.000
 1555    584   2133  2.638 0.420     0.103     0.029       28     1.8  BA1_exvivo
 5640   2363   6084  2.380 0.508     0.073     0.013       43     3.0  BA2_exvivo
 1622    694   1024  1.819 0.387     0.082     0.016        9     1.0  BA3a_exvivo
 4006   1568   3891  2.163 0.626     0.069     0.013       27     2.3  BA3b_exvivo
 3081   1077   3978  2.968 0.428     0.068     0.024       38     4.0  BA4a_exvivo
 2286    884   2381  2.752 0.324     0.049     0.013       17     1.3  BA4p_exvivo
13598   5474  19835  2.993 0.527     0.076     0.019      115    11.2  BA6_exvivo
 3079   1275   4564  2.959 0.439     0.081     0.019       27     2.2  BA44_exvivo
 6443   2703   8013  2.537 0.516     0.084     0.018       64     4.3  BA45_exvivo
 7345   2846   6885  2.116 0.518     0.083     0.026       82     8.1  V1_exvivo
15783   6288  16426  2.243 0.529     0.096     0.025      185    16.2  V2_exvivo
 3134   1306   3714  2.474 0.508     0.091     0.020       35     2.3  MT_exvivo
  865    343   1913  3.828 0.546     0.057     0.009        3     0.3  perirhinal_exvivo
  995    422   1775  3.250 0.775     0.079     0.016        7     0.6  entorhinal_exvivo

 mris_anatomical_stats -th3 -mgz -f ../stats/lh.BA_exvivo.thresh.stats -b -a ./lh.BA_exvivo.thresh.annot -c ./BA_exvivo.thresh.ctab FS6EXPERT_subj01 lh white 

computing statistics for each annotation in ./lh.BA_exvivo.thresh.annot.
reading volume /home/stone-ext1/freesurfer/subjects/FS6EXPERT_subj01/mri/wm.mgz...
reading input surface /home/stone-ext1/freesurfer/subjects/FS6EXPERT_subj01/surf/lh.white...
reading input pial surface /home/stone-ext1/freesurfer/subjects/FS6EXPERT_subj01/surf/lh.pial...
reading input white surface /home/stone-ext1/freesurfer/subjects/FS6EXPERT_subj01/surf/lh.white...
INFO: using TH3 volume calc
INFO: assuming MGZ format for volumes.
Using TH3 vertex volume calc
Total face volume 276139
Total vertex volume 273245 (mask=0)
reading colortable from annotation file...
colortable with 15 entries read (originally /home/stone/software/freesurfer_stable_600/average/colortable_BA.txt)
Saving annotation colortable ./BA_exvivo.thresh.ctab

table columns are:
    number of vertices
    total surface area (mm^2)
    total gray matter volume (mm^3)
    average cortical thickness +- standard deviation (mm)
    integrated rectified mean curvature
    integrated rectified Gaussian curvature
    folding index
    intrinsic curvature index
    structure name

atlas_icv (eTIV) = 1598476 mm^3    (det: 1.218727 )
lhCtxGM: 269234.206 531474.000  diff=-262239.8  pctdiff=-97.402
rhCtxGM: 263859.963 518784.000  diff=-254924.0  pctdiff=-96.613
lhCtxWM: 195542.228 433467.500  diff=-237925.3  pctdiff=-121.675
rhCtxWM: 191794.125 429108.500  diff=-237314.4  pctdiff=-123.734
SubCortGMVol  111164.000
SupraTentVol  1040356.524 (2046543.000) diff=-1006186.476 pctdiff=-96.716
SupraTentVolNotVent  1017897.524 (2024084.000) diff=-1006186.476 pctdiff=-98.849
BrainSegVol  2359692.000 (2355302.000) diff=4390.000 pctdiff=0.186
BrainSegVolNotVent  2330602.000 (1337869.524) diff=992732.476 pctdiff=42.596
BrainSegVolNotVent  2330602.000
CerebellumVol 306189.000
VentChorVol   22459.000
3rd4th5thCSF   6631.000
CSFVol  2241.000, OptChiasmVol   329.000
MaskVol 3507698.000
  959    356   1379  2.691 0.414     0.116     0.032       21     1.2  BA1_exvivo
 2117    875   2391  2.450 0.486     0.068     0.013       15     1.0  BA2_exvivo
 1401    604    853  1.821 0.394     0.080     0.015        6     0.8  BA3a_exvivo
 2498    969   1955  1.858 0.394     0.056     0.012       12     1.3  BA3b_exvivo
 3008   1060   3726  2.967 0.393     0.054     0.021       27     3.3  BA4a_exvivo
 1838    712   1888  2.729 0.368     0.054     0.015       18     1.2  BA4p_exvivo
 7525   2936  10883  3.004 0.528     0.078     0.023       72     8.0  BA6_exvivo
 1946    802   3125  3.008 0.451     0.082     0.020       18     1.5  BA44_exvivo
 2487   1020   3618  2.793 0.494     0.092     0.020       28     1.8  BA45_exvivo
 7868   3036   7415  2.112 0.532     0.086     0.027       96     9.1  V1_exvivo
 7929   3045   7849  2.142 0.519     0.098     0.027       94     9.0  V2_exvivo
  835    343   1047  2.601 0.509     0.095     0.019        9     0.8  MT_exvivo
  445    178    957  3.801 0.544     0.043     0.006        1     0.1  perirhinal_exvivo
  532    222    803  3.159 0.770     0.072     0.013        3     0.3  entorhinal_exvivo
#--------------------------------------------
#@# BA_exvivo Labels rh Thu May  9 02:58:00 CDT 2019

 mri_label2label --srcsubject fsaverage --srclabel /home/stone-ext1/freesurfer/subjects/fsaverage/label/rh.BA1_exvivo.label --trgsubject FS6EXPERT_subj01 --trglabel ./rh.BA1_exvivo.label --hemi rh --regmethod surface 


srclabel = /home/stone-ext1/freesurfer/subjects/fsaverage/label/rh.BA1_exvivo.label
srcsubject = fsaverage
trgsubject = FS6EXPERT_subj01
trglabel = ./rh.BA1_exvivo.label
regmethod = surface

srchemi = rh
trghemi = rh
trgsurface = white
srcsurfreg = sphere.reg
trgsurfreg = sphere.reg
usehash = 1
Use ProjAbs  = 0, 0
Use ProjFrac = 0, 0
DoPaint 0

SUBJECTS_DIR    /home/stone-ext1/freesurfer/subjects
FREESURFER_HOME /home/stone/software/freesurfer_stable_600
Loading source label.
Found 3962 points in source label.
Starting surface-based mapping
Reading source registration 
 /home/stone-ext1/freesurfer/subjects/fsaverage/surf/rh.sphere.reg
Rescaling ...  original radius = 100
Reading target surface 
 /home/stone-ext1/freesurfer/subjects/FS6EXPERT_subj01/surf/rh.white
Reading target registration 
 /home/stone-ext1/freesurfer/subjects/FS6EXPERT_subj01/surf/rh.sphere.reg
Rescaling ...  original radius = 100
Building target registration hash (res=16).
Building source registration hash (res=16).
INFO: found  3962 nlabel points
Performing mapping from target back to the source label 222445
Number of reverse mapping hits = 1050
Checking for and removing duplicates
Writing label file ./rh.BA1_exvivo.label 5012
mri_label2label: Done


 mri_label2label --srcsubject fsaverage --srclabel /home/stone-ext1/freesurfer/subjects/fsaverage/label/rh.BA2_exvivo.label --trgsubject FS6EXPERT_subj01 --trglabel ./rh.BA2_exvivo.label --hemi rh --regmethod surface 


srclabel = /home/stone-ext1/freesurfer/subjects/fsaverage/label/rh.BA2_exvivo.label
srcsubject = fsaverage
trgsubject = FS6EXPERT_subj01
trglabel = ./rh.BA2_exvivo.label
regmethod = surface

srchemi = rh
trghemi = rh
trgsurface = white
srcsurfreg = sphere.reg
trgsurfreg = sphere.reg
usehash = 1
Use ProjAbs  = 0, 0
Use ProjFrac = 0, 0
DoPaint 0

SUBJECTS_DIR    /home/stone-ext1/freesurfer/subjects
FREESURFER_HOME /home/stone/software/freesurfer_stable_600
Loading source label.
Found 6687 points in source label.
Starting surface-based mapping
Reading source registration 
 /home/stone-ext1/freesurfer/subjects/fsaverage/surf/rh.sphere.reg
Rescaling ...  original radius = 100
Reading target surface 
 /home/stone-ext1/freesurfer/subjects/FS6EXPERT_subj01/surf/rh.white
Reading target registration 
 /home/stone-ext1/freesurfer/subjects/FS6EXPERT_subj01/surf/rh.sphere.reg
Rescaling ...  original radius = 100
Building target registration hash (res=16).
Building source registration hash (res=16).
INFO: found  6687 nlabel points
Performing mapping from target back to the source label 222445
Number of reverse mapping hits = 1472
Checking for and removing duplicates
Writing label file ./rh.BA2_exvivo.label 8159
mri_label2label: Done


 mri_label2label --srcsubject fsaverage --srclabel /home/stone-ext1/freesurfer/subjects/fsaverage/label/rh.BA3a_exvivo.label --trgsubject FS6EXPERT_subj01 --trglabel ./rh.BA3a_exvivo.label --hemi rh --regmethod surface 


srclabel = /home/stone-ext1/freesurfer/subjects/fsaverage/label/rh.BA3a_exvivo.label
srcsubject = fsaverage
trgsubject = FS6EXPERT_subj01
trglabel = ./rh.BA3a_exvivo.label
regmethod = surface

srchemi = rh
trghemi = rh
trgsurface = white
srcsurfreg = sphere.reg
trgsurfreg = sphere.reg
usehash = 1
Use ProjAbs  = 0, 0
Use ProjFrac = 0, 0
DoPaint 0

SUBJECTS_DIR    /home/stone-ext1/freesurfer/subjects
FREESURFER_HOME /home/stone/software/freesurfer_stable_600
Loading source label.
Found 3980 points in source label.
Starting surface-based mapping
Reading source registration 
 /home/stone-ext1/freesurfer/subjects/fsaverage/surf/rh.sphere.reg
Rescaling ...  original radius = 100
Reading target surface 
 /home/stone-ext1/freesurfer/subjects/FS6EXPERT_subj01/surf/rh.white
Reading target registration 
 /home/stone-ext1/freesurfer/subjects/FS6EXPERT_subj01/surf/rh.sphere.reg
Rescaling ...  original radius = 100
Building target registration hash (res=16).
Building source registration hash (res=16).
INFO: found  3980 nlabel points
Performing mapping from target back to the source label 222445
Number of reverse mapping hits = 607
Checking for and removing duplicates
Writing label file ./rh.BA3a_exvivo.label 4587
mri_label2label: Done


 mri_label2label --srcsubject fsaverage --srclabel /home/stone-ext1/freesurfer/subjects/fsaverage/label/rh.BA3b_exvivo.label --trgsubject FS6EXPERT_subj01 --trglabel ./rh.BA3b_exvivo.label --hemi rh --regmethod surface 


srclabel = /home/stone-ext1/freesurfer/subjects/fsaverage/label/rh.BA3b_exvivo.label
srcsubject = fsaverage
trgsubject = FS6EXPERT_subj01
trglabel = ./rh.BA3b_exvivo.label
regmethod = surface

srchemi = rh
trghemi = rh
trgsurface = white
srcsurfreg = sphere.reg
trgsurfreg = sphere.reg
usehash = 1
Use ProjAbs  = 0, 0
Use ProjFrac = 0, 0
DoPaint 0

SUBJECTS_DIR    /home/stone-ext1/freesurfer/subjects
FREESURFER_HOME /home/stone/software/freesurfer_stable_600
Loading source label.
Found 4522 points in source label.
Starting surface-based mapping
Reading source registration 
 /home/stone-ext1/freesurfer/subjects/fsaverage/surf/rh.sphere.reg
Rescaling ...  original radius = 100
Reading target surface 
 /home/stone-ext1/freesurfer/subjects/FS6EXPERT_subj01/surf/rh.white
Reading target registration 
 /home/stone-ext1/freesurfer/subjects/FS6EXPERT_subj01/surf/rh.sphere.reg
Rescaling ...  original radius = 100
Building target registration hash (res=16).
Building source registration hash (res=16).
INFO: found  4522 nlabel points
Performing mapping from target back to the source label 222445
Number of reverse mapping hits = 1126
Checking for and removing duplicates
Writing label file ./rh.BA3b_exvivo.label 5648
mri_label2label: Done


 mri_label2label --srcsubject fsaverage --srclabel /home/stone-ext1/freesurfer/subjects/fsaverage/label/rh.BA4a_exvivo.label --trgsubject FS6EXPERT_subj01 --trglabel ./rh.BA4a_exvivo.label --hemi rh --regmethod surface 


srclabel = /home/stone-ext1/freesurfer/subjects/fsaverage/label/rh.BA4a_exvivo.label
srcsubject = fsaverage
trgsubject = FS6EXPERT_subj01
trglabel = ./rh.BA4a_exvivo.label
regmethod = surface

srchemi = rh
trghemi = rh
trgsurface = white
srcsurfreg = sphere.reg
trgsurfreg = sphere.reg
usehash = 1
Use ProjAbs  = 0, 0
Use ProjFrac = 0, 0
DoPaint 0

SUBJECTS_DIR    /home/stone-ext1/freesurfer/subjects
FREESURFER_HOME /home/stone/software/freesurfer_stable_600
Loading source label.
Found 5747 points in source label.
Starting surface-based mapping
Reading source registration 
 /home/stone-ext1/freesurfer/subjects/fsaverage/surf/rh.sphere.reg
Rescaling ...  original radius = 100
Reading target surface 
 /home/stone-ext1/freesurfer/subjects/FS6EXPERT_subj01/surf/rh.white
Reading target registration 
 /home/stone-ext1/freesurfer/subjects/FS6EXPERT_subj01/surf/rh.sphere.reg
Rescaling ...  original radius = 100
Building target registration hash (res=16).
Building source registration hash (res=16).
INFO: found  5747 nlabel points
Performing mapping from target back to the source label 222445
Number of reverse mapping hits = 1580
Checking for and removing duplicates
Writing label file ./rh.BA4a_exvivo.label 7327
mri_label2label: Done


 mri_label2label --srcsubject fsaverage --srclabel /home/stone-ext1/freesurfer/subjects/fsaverage/label/rh.BA4p_exvivo.label --trgsubject FS6EXPERT_subj01 --trglabel ./rh.BA4p_exvivo.label --hemi rh --regmethod surface 


srclabel = /home/stone-ext1/freesurfer/subjects/fsaverage/label/rh.BA4p_exvivo.label
srcsubject = fsaverage
trgsubject = FS6EXPERT_subj01
trglabel = ./rh.BA4p_exvivo.label
regmethod = surface

srchemi = rh
trghemi = rh
trgsurface = white
srcsurfreg = sphere.reg
trgsurfreg = sphere.reg
usehash = 1
Use ProjAbs  = 0, 0
Use ProjFrac = 0, 0
DoPaint 0

SUBJECTS_DIR    /home/stone-ext1/freesurfer/subjects
FREESURFER_HOME /home/stone/software/freesurfer_stable_600
Loading source label.
Found 4473 points in source label.
Starting surface-based mapping
Reading source registration 
 /home/stone-ext1/freesurfer/subjects/fsaverage/surf/rh.sphere.reg
Rescaling ...  original radius = 100
Reading target surface 
 /home/stone-ext1/freesurfer/subjects/FS6EXPERT_subj01/surf/rh.white
Reading target registration 
 /home/stone-ext1/freesurfer/subjects/FS6EXPERT_subj01/surf/rh.sphere.reg
Rescaling ...  original radius = 100
Building target registration hash (res=16).
Building source registration hash (res=16).
INFO: found  4473 nlabel points
Performing mapping from target back to the source label 222445
Number of reverse mapping hits = 1000
Checking for and removing duplicates
Writing label file ./rh.BA4p_exvivo.label 5473
mri_label2label: Done


 mri_label2label --srcsubject fsaverage --srclabel /home/stone-ext1/freesurfer/subjects/fsaverage/label/rh.BA6_exvivo.label --trgsubject FS6EXPERT_subj01 --trglabel ./rh.BA6_exvivo.label --hemi rh --regmethod surface 


srclabel = /home/stone-ext1/freesurfer/subjects/fsaverage/label/rh.BA6_exvivo.label
srcsubject = fsaverage
trgsubject = FS6EXPERT_subj01
trglabel = ./rh.BA6_exvivo.label
regmethod = surface

srchemi = rh
trghemi = rh
trgsurface = white
srcsurfreg = sphere.reg
trgsurfreg = sphere.reg
usehash = 1
Use ProjAbs  = 0, 0
Use ProjFrac = 0, 0
DoPaint 0

SUBJECTS_DIR    /home/stone-ext1/freesurfer/subjects
FREESURFER_HOME /home/stone/software/freesurfer_stable_600
Loading source label.
Found 12256 points in source label.
Starting surface-based mapping
Reading source registration 
 /home/stone-ext1/freesurfer/subjects/fsaverage/surf/rh.sphere.reg
Rescaling ...  original radius = 100
Reading target surface 
 /home/stone-ext1/freesurfer/subjects/FS6EXPERT_subj01/surf/rh.white
Reading target registration 
 /home/stone-ext1/freesurfer/subjects/FS6EXPERT_subj01/surf/rh.sphere.reg
Rescaling ...  original radius = 100
Building target registration hash (res=16).
Building source registration hash (res=16).
INFO: found  12256 nlabel points
Performing mapping from target back to the source label 222445
Number of reverse mapping hits = 2656
Checking for and removing duplicates
Writing label file ./rh.BA6_exvivo.label 14912
mri_label2label: Done


 mri_label2label --srcsubject fsaverage --srclabel /home/stone-ext1/freesurfer/subjects/fsaverage/label/rh.BA44_exvivo.label --trgsubject FS6EXPERT_subj01 --trglabel ./rh.BA44_exvivo.label --hemi rh --regmethod surface 


srclabel = /home/stone-ext1/freesurfer/subjects/fsaverage/label/rh.BA44_exvivo.label
srcsubject = fsaverage
trgsubject = FS6EXPERT_subj01
trglabel = ./rh.BA44_exvivo.label
regmethod = surface

srchemi = rh
trghemi = rh
trgsurface = white
srcsurfreg = sphere.reg
trgsurfreg = sphere.reg
usehash = 1
Use ProjAbs  = 0, 0
Use ProjFrac = 0, 0
DoPaint 0

SUBJECTS_DIR    /home/stone-ext1/freesurfer/subjects
FREESURFER_HOME /home/stone/software/freesurfer_stable_600
Loading source label.
Found 6912 points in source label.
Starting surface-based mapping
Reading source registration 
 /home/stone-ext1/freesurfer/subjects/fsaverage/surf/rh.sphere.reg
Rescaling ...  original radius = 100
Reading target surface 
 /home/stone-ext1/freesurfer/subjects/FS6EXPERT_subj01/surf/rh.white
Reading target registration 
 /home/stone-ext1/freesurfer/subjects/FS6EXPERT_subj01/surf/rh.sphere.reg
Rescaling ...  original radius = 100
Building target registration hash (res=16).
Building source registration hash (res=16).
INFO: found  6912 nlabel points
Performing mapping from target back to the source label 222445
Number of reverse mapping hits = 2181
Checking for and removing duplicates
Writing label file ./rh.BA44_exvivo.label 9093
mri_label2label: Done


 mri_label2label --srcsubject fsaverage --srclabel /home/stone-ext1/freesurfer/subjects/fsaverage/label/rh.BA45_exvivo.label --trgsubject FS6EXPERT_subj01 --trglabel ./rh.BA45_exvivo.label --hemi rh --regmethod surface 


srclabel = /home/stone-ext1/freesurfer/subjects/fsaverage/label/rh.BA45_exvivo.label
srcsubject = fsaverage
trgsubject = FS6EXPERT_subj01
trglabel = ./rh.BA45_exvivo.label
regmethod = surface

srchemi = rh
trghemi = rh
trgsurface = white
srcsurfreg = sphere.reg
trgsurfreg = sphere.reg
usehash = 1
Use ProjAbs  = 0, 0
Use ProjFrac = 0, 0
DoPaint 0

SUBJECTS_DIR    /home/stone-ext1/freesurfer/subjects
FREESURFER_HOME /home/stone/software/freesurfer_stable_600
Loading source label.
Found 5355 points in source label.
Starting surface-based mapping
Reading source registration 
 /home/stone-ext1/freesurfer/subjects/fsaverage/surf/rh.sphere.reg
Rescaling ...  original radius = 100
Reading target surface 
 /home/stone-ext1/freesurfer/subjects/FS6EXPERT_subj01/surf/rh.white
Reading target registration 
 /home/stone-ext1/freesurfer/subjects/FS6EXPERT_subj01/surf/rh.sphere.reg
Rescaling ...  original radius = 100
Building target registration hash (res=16).
Building source registration hash (res=16).
INFO: found  5355 nlabel points
Performing mapping from target back to the source label 222445
Number of reverse mapping hits = 4232
Checking for and removing duplicates
Writing label file ./rh.BA45_exvivo.label 9587
mri_label2label: Done


 mri_label2label --srcsubject fsaverage --srclabel /home/stone-ext1/freesurfer/subjects/fsaverage/label/rh.V1_exvivo.label --trgsubject FS6EXPERT_subj01 --trglabel ./rh.V1_exvivo.label --hemi rh --regmethod surface 


srclabel = /home/stone-ext1/freesurfer/subjects/fsaverage/label/rh.V1_exvivo.label
srcsubject = fsaverage
trgsubject = FS6EXPERT_subj01
trglabel = ./rh.V1_exvivo.label
regmethod = surface

srchemi = rh
trghemi = rh
trgsurface = white
srcsurfreg = sphere.reg
trgsurfreg = sphere.reg
usehash = 1
Use ProjAbs  = 0, 0
Use ProjFrac = 0, 0
DoPaint 0

SUBJECTS_DIR    /home/stone-ext1/freesurfer/subjects
FREESURFER_HOME /home/stone/software/freesurfer_stable_600
Loading source label.
Found 4727 points in source label.
Starting surface-based mapping
Reading source registration 
 /home/stone-ext1/freesurfer/subjects/fsaverage/surf/rh.sphere.reg
Rescaling ...  original radius = 100
Reading target surface 
 /home/stone-ext1/freesurfer/subjects/FS6EXPERT_subj01/surf/rh.white
Reading target registration 
 /home/stone-ext1/freesurfer/subjects/FS6EXPERT_subj01/surf/rh.sphere.reg
Rescaling ...  original radius = 100
Building target registration hash (res=16).
Building source registration hash (res=16).
INFO: found  4727 nlabel points
Performing mapping from target back to the source label 222445
Number of reverse mapping hits = 6938
Checking for and removing duplicates
Writing label file ./rh.V1_exvivo.label 11665
mri_label2label: Done


 mri_label2label --srcsubject fsaverage --srclabel /home/stone-ext1/freesurfer/subjects/fsaverage/label/rh.V2_exvivo.label --trgsubject FS6EXPERT_subj01 --trglabel ./rh.V2_exvivo.label --hemi rh --regmethod surface 


srclabel = /home/stone-ext1/freesurfer/subjects/fsaverage/label/rh.V2_exvivo.label
srcsubject = fsaverage
trgsubject = FS6EXPERT_subj01
trglabel = ./rh.V2_exvivo.label
regmethod = surface

srchemi = rh
trghemi = rh
trgsurface = white
srcsurfreg = sphere.reg
trgsurfreg = sphere.reg
usehash = 1
Use ProjAbs  = 0, 0
Use ProjFrac = 0, 0
DoPaint 0

SUBJECTS_DIR    /home/stone-ext1/freesurfer/subjects
FREESURFER_HOME /home/stone/software/freesurfer_stable_600
Loading source label.
Found 8016 points in source label.
Starting surface-based mapping
Reading source registration 
 /home/stone-ext1/freesurfer/subjects/fsaverage/surf/rh.sphere.reg
Rescaling ...  original radius = 100
Reading target surface 
 /home/stone-ext1/freesurfer/subjects/FS6EXPERT_subj01/surf/rh.white
Reading target registration 
 /home/stone-ext1/freesurfer/subjects/FS6EXPERT_subj01/surf/rh.sphere.reg
Rescaling ...  original radius = 100
Building target registration hash (res=16).
Building source registration hash (res=16).
INFO: found  8016 nlabel points
Performing mapping from target back to the source label 222445
Number of reverse mapping hits = 10009
Checking for and removing duplicates
Writing label file ./rh.V2_exvivo.label 18025
mri_label2label: Done


 mri_label2label --srcsubject fsaverage --srclabel /home/stone-ext1/freesurfer/subjects/fsaverage/label/rh.MT_exvivo.label --trgsubject FS6EXPERT_subj01 --trglabel ./rh.MT_exvivo.label --hemi rh --regmethod surface 


srclabel = /home/stone-ext1/freesurfer/subjects/fsaverage/label/rh.MT_exvivo.label
srcsubject = fsaverage
trgsubject = FS6EXPERT_subj01
trglabel = ./rh.MT_exvivo.label
regmethod = surface

srchemi = rh
trghemi = rh
trgsurface = white
srcsurfreg = sphere.reg
trgsurfreg = sphere.reg
usehash = 1
Use ProjAbs  = 0, 0
Use ProjFrac = 0, 0
DoPaint 0

SUBJECTS_DIR    /home/stone-ext1/freesurfer/subjects
FREESURFER_HOME /home/stone/software/freesurfer_stable_600
Loading source label.
Found 1932 points in source label.
Starting surface-based mapping
Reading source registration 
 /home/stone-ext1/freesurfer/subjects/fsaverage/surf/rh.sphere.reg
Rescaling ...  original radius = 100
Reading target surface 
 /home/stone-ext1/freesurfer/subjects/FS6EXPERT_subj01/surf/rh.white
Reading target registration 
 /home/stone-ext1/freesurfer/subjects/FS6EXPERT_subj01/surf/rh.sphere.reg
Rescaling ...  original radius = 100
Building target registration hash (res=16).
Building source registration hash (res=16).
INFO: found  1932 nlabel points
Performing mapping from target back to the source label 222445
Number of reverse mapping hits = 1209
Checking for and removing duplicates
Writing label file ./rh.MT_exvivo.label 3141
mri_label2label: Done


 mri_label2label --srcsubject fsaverage --srclabel /home/stone-ext1/freesurfer/subjects/fsaverage/label/rh.entorhinal_exvivo.label --trgsubject FS6EXPERT_subj01 --trglabel ./rh.entorhinal_exvivo.label --hemi rh --regmethod surface 


srclabel = /home/stone-ext1/freesurfer/subjects/fsaverage/label/rh.entorhinal_exvivo.label
srcsubject = fsaverage
trgsubject = FS6EXPERT_subj01
trglabel = ./rh.entorhinal_exvivo.label
regmethod = surface

srchemi = rh
trghemi = rh
trgsurface = white
srcsurfreg = sphere.reg
trgsurfreg = sphere.reg
usehash = 1
Use ProjAbs  = 0, 0
Use ProjFrac = 0, 0
DoPaint 0

SUBJECTS_DIR    /home/stone-ext1/freesurfer/subjects
FREESURFER_HOME /home/stone/software/freesurfer_stable_600
Loading source label.
Found 1038 points in source label.
Starting surface-based mapping
Reading source registration 
 /home/stone-ext1/freesurfer/subjects/fsaverage/surf/rh.sphere.reg
Rescaling ...  original radius = 100
Reading target surface 
 /home/stone-ext1/freesurfer/subjects/FS6EXPERT_subj01/surf/rh.white
Reading target registration 
 /home/stone-ext1/freesurfer/subjects/FS6EXPERT_subj01/surf/rh.sphere.reg
Rescaling ...  original radius = 100
Building target registration hash (res=16).
Building source registration hash (res=16).
INFO: found  1038 nlabel points
Performing mapping from target back to the source label 222445
Number of reverse mapping hits = 394
Checking for and removing duplicates
Writing label file ./rh.entorhinal_exvivo.label 1432
mri_label2label: Done


 mri_label2label --srcsubject fsaverage --srclabel /home/stone-ext1/freesurfer/subjects/fsaverage/label/rh.perirhinal_exvivo.label --trgsubject FS6EXPERT_subj01 --trglabel ./rh.perirhinal_exvivo.label --hemi rh --regmethod surface 


srclabel = /home/stone-ext1/freesurfer/subjects/fsaverage/label/rh.perirhinal_exvivo.label
srcsubject = fsaverage
trgsubject = FS6EXPERT_subj01
trglabel = ./rh.perirhinal_exvivo.label
regmethod = surface

srchemi = rh
trghemi = rh
trgsurface = white
srcsurfreg = sphere.reg
trgsurfreg = sphere.reg
usehash = 1
Use ProjAbs  = 0, 0
Use ProjFrac = 0, 0
DoPaint 0

SUBJECTS_DIR    /home/stone-ext1/freesurfer/subjects
FREESURFER_HOME /home/stone/software/freesurfer_stable_600
Loading source label.
Found 752 points in source label.
Starting surface-based mapping
Reading source registration 
 /home/stone-ext1/freesurfer/subjects/fsaverage/surf/rh.sphere.reg
Rescaling ...  original radius = 100
Reading target surface 
 /home/stone-ext1/freesurfer/subjects/FS6EXPERT_subj01/surf/rh.white
Reading target registration 
 /home/stone-ext1/freesurfer/subjects/FS6EXPERT_subj01/surf/rh.sphere.reg
Rescaling ...  original radius = 100
Building target registration hash (res=16).
Building source registration hash (res=16).
INFO: found  752 nlabel points
Performing mapping from target back to the source label 222445
Number of reverse mapping hits = 288
Checking for and removing duplicates
Writing label file ./rh.perirhinal_exvivo.label 1040
mri_label2label: Done


 mri_label2label --srcsubject fsaverage --srclabel /home/stone-ext1/freesurfer/subjects/fsaverage/label/rh.BA1_exvivo.thresh.label --trgsubject FS6EXPERT_subj01 --trglabel ./rh.BA1_exvivo.thresh.label --hemi rh --regmethod surface 


srclabel = /home/stone-ext1/freesurfer/subjects/fsaverage/label/rh.BA1_exvivo.thresh.label
srcsubject = fsaverage
trgsubject = FS6EXPERT_subj01
trglabel = ./rh.BA1_exvivo.thresh.label
regmethod = surface

srchemi = rh
trghemi = rh
trgsurface = white
srcsurfreg = sphere.reg
trgsurfreg = sphere.reg
usehash = 1
Use ProjAbs  = 0, 0
Use ProjFrac = 0, 0
DoPaint 0

SUBJECTS_DIR    /home/stone-ext1/freesurfer/subjects
FREESURFER_HOME /home/stone/software/freesurfer_stable_600
Loading source label.
Found 876 points in source label.
Starting surface-based mapping
Reading source registration 
 /home/stone-ext1/freesurfer/subjects/fsaverage/surf/rh.sphere.reg
Rescaling ...  original radius = 100
Reading target surface 
 /home/stone-ext1/freesurfer/subjects/FS6EXPERT_subj01/surf/rh.white
Reading target registration 
 /home/stone-ext1/freesurfer/subjects/FS6EXPERT_subj01/surf/rh.sphere.reg
Rescaling ...  original radius = 100
Building target registration hash (res=16).
Building source registration hash (res=16).
INFO: found  876 nlabel points
Performing mapping from target back to the source label 222445
Number of reverse mapping hits = 244
Checking for and removing duplicates
Writing label file ./rh.BA1_exvivo.thresh.label 1120
mri_label2label: Done


 mri_label2label --srcsubject fsaverage --srclabel /home/stone-ext1/freesurfer/subjects/fsaverage/label/rh.BA2_exvivo.thresh.label --trgsubject FS6EXPERT_subj01 --trglabel ./rh.BA2_exvivo.thresh.label --hemi rh --regmethod surface 


srclabel = /home/stone-ext1/freesurfer/subjects/fsaverage/label/rh.BA2_exvivo.thresh.label
srcsubject = fsaverage
trgsubject = FS6EXPERT_subj01
trglabel = ./rh.BA2_exvivo.thresh.label
regmethod = surface

srchemi = rh
trghemi = rh
trgsurface = white
srcsurfreg = sphere.reg
trgsurfreg = sphere.reg
usehash = 1
Use ProjAbs  = 0, 0
Use ProjFrac = 0, 0
DoPaint 0

SUBJECTS_DIR    /home/stone-ext1/freesurfer/subjects
FREESURFER_HOME /home/stone/software/freesurfer_stable_600
Loading source label.
Found 2688 points in source label.
Starting surface-based mapping
Reading source registration 
 /home/stone-ext1/freesurfer/subjects/fsaverage/surf/rh.sphere.reg
Rescaling ...  original radius = 100
Reading target surface 
 /home/stone-ext1/freesurfer/subjects/FS6EXPERT_subj01/surf/rh.white
Reading target registration 
 /home/stone-ext1/freesurfer/subjects/FS6EXPERT_subj01/surf/rh.sphere.reg
Rescaling ...  original radius = 100
Building target registration hash (res=16).
Building source registration hash (res=16).
INFO: found  2688 nlabel points
Performing mapping from target back to the source label 222445
Number of reverse mapping hits = 359
Checking for and removing duplicates
Writing label file ./rh.BA2_exvivo.thresh.label 3047
mri_label2label: Done


 mri_label2label --srcsubject fsaverage --srclabel /home/stone-ext1/freesurfer/subjects/fsaverage/label/rh.BA3a_exvivo.thresh.label --trgsubject FS6EXPERT_subj01 --trglabel ./rh.BA3a_exvivo.thresh.label --hemi rh --regmethod surface 


srclabel = /home/stone-ext1/freesurfer/subjects/fsaverage/label/rh.BA3a_exvivo.thresh.label
srcsubject = fsaverage
trgsubject = FS6EXPERT_subj01
trglabel = ./rh.BA3a_exvivo.thresh.label
regmethod = surface

srchemi = rh
trghemi = rh
trgsurface = white
srcsurfreg = sphere.reg
trgsurfreg = sphere.reg
usehash = 1
Use ProjAbs  = 0, 0
Use ProjFrac = 0, 0
DoPaint 0

SUBJECTS_DIR    /home/stone-ext1/freesurfer/subjects
FREESURFER_HOME /home/stone/software/freesurfer_stable_600
Loading source label.
Found 1698 points in source label.
Starting surface-based mapping
Reading source registration 
 /home/stone-ext1/freesurfer/subjects/fsaverage/surf/rh.sphere.reg
Rescaling ...  original radius = 100
Reading target surface 
 /home/stone-ext1/freesurfer/subjects/FS6EXPERT_subj01/surf/rh.white
Reading target registration 
 /home/stone-ext1/freesurfer/subjects/FS6EXPERT_subj01/surf/rh.sphere.reg
Rescaling ...  original radius = 100
Building target registration hash (res=16).
Building source registration hash (res=16).
INFO: found  1698 nlabel points
Performing mapping from target back to the source label 222445
Number of reverse mapping hits = 185
Checking for and removing duplicates
Writing label file ./rh.BA3a_exvivo.thresh.label 1883
mri_label2label: Done


 mri_label2label --srcsubject fsaverage --srclabel /home/stone-ext1/freesurfer/subjects/fsaverage/label/rh.BA3b_exvivo.thresh.label --trgsubject FS6EXPERT_subj01 --trglabel ./rh.BA3b_exvivo.thresh.label --hemi rh --regmethod surface 


srclabel = /home/stone-ext1/freesurfer/subjects/fsaverage/label/rh.BA3b_exvivo.thresh.label
srcsubject = fsaverage
trgsubject = FS6EXPERT_subj01
trglabel = ./rh.BA3b_exvivo.thresh.label
regmethod = surface

srchemi = rh
trghemi = rh
trgsurface = white
srcsurfreg = sphere.reg
trgsurfreg = sphere.reg
usehash = 1
Use ProjAbs  = 0, 0
Use ProjFrac = 0, 0
DoPaint 0

SUBJECTS_DIR    /home/stone-ext1/freesurfer/subjects
FREESURFER_HOME /home/stone/software/freesurfer_stable_600
Loading source label.
Found 2183 points in source label.
Starting surface-based mapping
Reading source registration 
 /home/stone-ext1/freesurfer/subjects/fsaverage/surf/rh.sphere.reg
Rescaling ...  original radius = 100
Reading target surface 
 /home/stone-ext1/freesurfer/subjects/FS6EXPERT_subj01/surf/rh.white
Reading target registration 
 /home/stone-ext1/freesurfer/subjects/FS6EXPERT_subj01/surf/rh.sphere.reg
Rescaling ...  original radius = 100
Building target registration hash (res=16).
Building source registration hash (res=16).
INFO: found  2183 nlabel points
Performing mapping from target back to the source label 222445
Number of reverse mapping hits = 586
Checking for and removing duplicates
Writing label file ./rh.BA3b_exvivo.thresh.label 2769
mri_label2label: Done


 mri_label2label --srcsubject fsaverage --srclabel /home/stone-ext1/freesurfer/subjects/fsaverage/label/rh.BA4a_exvivo.thresh.label --trgsubject FS6EXPERT_subj01 --trglabel ./rh.BA4a_exvivo.thresh.label --hemi rh --regmethod surface 


srclabel = /home/stone-ext1/freesurfer/subjects/fsaverage/label/rh.BA4a_exvivo.thresh.label
srcsubject = fsaverage
trgsubject = FS6EXPERT_subj01
trglabel = ./rh.BA4a_exvivo.thresh.label
regmethod = surface

srchemi = rh
trghemi = rh
trgsurface = white
srcsurfreg = sphere.reg
trgsurfreg = sphere.reg
usehash = 1
Use ProjAbs  = 0, 0
Use ProjFrac = 0, 0
DoPaint 0

SUBJECTS_DIR    /home/stone-ext1/freesurfer/subjects
FREESURFER_HOME /home/stone/software/freesurfer_stable_600
Loading source label.
Found 1388 points in source label.
Starting surface-based mapping
Reading source registration 
 /home/stone-ext1/freesurfer/subjects/fsaverage/surf/rh.sphere.reg
Rescaling ...  original radius = 100
Reading target surface 
 /home/stone-ext1/freesurfer/subjects/FS6EXPERT_subj01/surf/rh.white
Reading target registration 
 /home/stone-ext1/freesurfer/subjects/FS6EXPERT_subj01/surf/rh.sphere.reg
Rescaling ...  original radius = 100
Building target registration hash (res=16).
Building source registration hash (res=16).
INFO: found  1388 nlabel points
Performing mapping from target back to the source label 222445
Number of reverse mapping hits = 423
Checking for and removing duplicates
Writing label file ./rh.BA4a_exvivo.thresh.label 1811
mri_label2label: Done


 mri_label2label --srcsubject fsaverage --srclabel /home/stone-ext1/freesurfer/subjects/fsaverage/label/rh.BA4p_exvivo.thresh.label --trgsubject FS6EXPERT_subj01 --trglabel ./rh.BA4p_exvivo.thresh.label --hemi rh --regmethod surface 


srclabel = /home/stone-ext1/freesurfer/subjects/fsaverage/label/rh.BA4p_exvivo.thresh.label
srcsubject = fsaverage
trgsubject = FS6EXPERT_subj01
trglabel = ./rh.BA4p_exvivo.thresh.label
regmethod = surface

srchemi = rh
trghemi = rh
trgsurface = white
srcsurfreg = sphere.reg
trgsurfreg = sphere.reg
usehash = 1
Use ProjAbs  = 0, 0
Use ProjFrac = 0, 0
DoPaint 0

SUBJECTS_DIR    /home/stone-ext1/freesurfer/subjects
FREESURFER_HOME /home/stone/software/freesurfer_stable_600
Loading source label.
Found 1489 points in source label.
Starting surface-based mapping
Reading source registration 
 /home/stone-ext1/freesurfer/subjects/fsaverage/surf/rh.sphere.reg
Rescaling ...  original radius = 100
Reading target surface 
 /home/stone-ext1/freesurfer/subjects/FS6EXPERT_subj01/surf/rh.white
Reading target registration 
 /home/stone-ext1/freesurfer/subjects/FS6EXPERT_subj01/surf/rh.sphere.reg
Rescaling ...  original radius = 100
Building target registration hash (res=16).
Building source registration hash (res=16).
INFO: found  1489 nlabel points
Performing mapping from target back to the source label 222445
Number of reverse mapping hits = 329
Checking for and removing duplicates
Writing label file ./rh.BA4p_exvivo.thresh.label 1818
mri_label2label: Done


 mri_label2label --srcsubject fsaverage --srclabel /home/stone-ext1/freesurfer/subjects/fsaverage/label/rh.BA6_exvivo.thresh.label --trgsubject FS6EXPERT_subj01 --trglabel ./rh.BA6_exvivo.thresh.label --hemi rh --regmethod surface 


srclabel = /home/stone-ext1/freesurfer/subjects/fsaverage/label/rh.BA6_exvivo.thresh.label
srcsubject = fsaverage
trgsubject = FS6EXPERT_subj01
trglabel = ./rh.BA6_exvivo.thresh.label
regmethod = surface

srchemi = rh
trghemi = rh
trgsurface = white
srcsurfreg = sphere.reg
trgsurfreg = sphere.reg
usehash = 1
Use ProjAbs  = 0, 0
Use ProjFrac = 0, 0
DoPaint 0

SUBJECTS_DIR    /home/stone-ext1/freesurfer/subjects
FREESURFER_HOME /home/stone/software/freesurfer_stable_600
Loading source label.
Found 6959 points in source label.
Starting surface-based mapping
Reading source registration 
 /home/stone-ext1/freesurfer/subjects/fsaverage/surf/rh.sphere.reg
Rescaling ...  original radius = 100
Reading target surface 
 /home/stone-ext1/freesurfer/subjects/FS6EXPERT_subj01/surf/rh.white
Reading target registration 
 /home/stone-ext1/freesurfer/subjects/FS6EXPERT_subj01/surf/rh.sphere.reg
Rescaling ...  original radius = 100
Building target registration hash (res=16).
Building source registration hash (res=16).
INFO: found  6959 nlabel points
Performing mapping from target back to the source label 222445
Number of reverse mapping hits = 1327
Checking for and removing duplicates
Writing label file ./rh.BA6_exvivo.thresh.label 8286
mri_label2label: Done


 mri_label2label --srcsubject fsaverage --srclabel /home/stone-ext1/freesurfer/subjects/fsaverage/label/rh.BA44_exvivo.thresh.label --trgsubject FS6EXPERT_subj01 --trglabel ./rh.BA44_exvivo.thresh.label --hemi rh --regmethod surface 


srclabel = /home/stone-ext1/freesurfer/subjects/fsaverage/label/rh.BA44_exvivo.thresh.label
srcsubject = fsaverage
trgsubject = FS6EXPERT_subj01
trglabel = ./rh.BA44_exvivo.thresh.label
regmethod = surface

srchemi = rh
trghemi = rh
trgsurface = white
srcsurfreg = sphere.reg
trgsurfreg = sphere.reg
usehash = 1
Use ProjAbs  = 0, 0
Use ProjFrac = 0, 0
DoPaint 0

SUBJECTS_DIR    /home/stone-ext1/freesurfer/subjects
FREESURFER_HOME /home/stone/software/freesurfer_stable_600
Loading source label.
Found 1012 points in source label.
Starting surface-based mapping
Reading source registration 
 /home/stone-ext1/freesurfer/subjects/fsaverage/surf/rh.sphere.reg
Rescaling ...  original radius = 100
Reading target surface 
 /home/stone-ext1/freesurfer/subjects/FS6EXPERT_subj01/surf/rh.white
Reading target registration 
 /home/stone-ext1/freesurfer/subjects/FS6EXPERT_subj01/surf/rh.sphere.reg
Rescaling ...  original radius = 100
Building target registration hash (res=16).
Building source registration hash (res=16).
INFO: found  1012 nlabel points
Performing mapping from target back to the source label 222445
Number of reverse mapping hits = 311
Checking for and removing duplicates
Writing label file ./rh.BA44_exvivo.thresh.label 1323
mri_label2label: Done


 mri_label2label --srcsubject fsaverage --srclabel /home/stone-ext1/freesurfer/subjects/fsaverage/label/rh.BA45_exvivo.thresh.label --trgsubject FS6EXPERT_subj01 --trglabel ./rh.BA45_exvivo.thresh.label --hemi rh --regmethod surface 


srclabel = /home/stone-ext1/freesurfer/subjects/fsaverage/label/rh.BA45_exvivo.thresh.label
srcsubject = fsaverage
trgsubject = FS6EXPERT_subj01
trglabel = ./rh.BA45_exvivo.thresh.label
regmethod = surface

srchemi = rh
trghemi = rh
trgsurface = white
srcsurfreg = sphere.reg
trgsurfreg = sphere.reg
usehash = 1
Use ProjAbs  = 0, 0
Use ProjFrac = 0, 0
DoPaint 0

SUBJECTS_DIR    /home/stone-ext1/freesurfer/subjects
FREESURFER_HOME /home/stone/software/freesurfer_stable_600
Loading source label.
Found 1178 points in source label.
Starting surface-based mapping
Reading source registration 
 /home/stone-ext1/freesurfer/subjects/fsaverage/surf/rh.sphere.reg
Rescaling ...  original radius = 100
Reading target surface 
 /home/stone-ext1/freesurfer/subjects/FS6EXPERT_subj01/surf/rh.white
Reading target registration 
 /home/stone-ext1/freesurfer/subjects/FS6EXPERT_subj01/surf/rh.sphere.reg
Rescaling ...  original radius = 100
Building target registration hash (res=16).
Building source registration hash (res=16).
INFO: found  1178 nlabel points
Performing mapping from target back to the source label 222445
Number of reverse mapping hits = 594
Checking for and removing duplicates
Writing label file ./rh.BA45_exvivo.thresh.label 1772
mri_label2label: Done


 mri_label2label --srcsubject fsaverage --srclabel /home/stone-ext1/freesurfer/subjects/fsaverage/label/rh.V1_exvivo.thresh.label --trgsubject FS6EXPERT_subj01 --trglabel ./rh.V1_exvivo.thresh.label --hemi rh --regmethod surface 


srclabel = /home/stone-ext1/freesurfer/subjects/fsaverage/label/rh.V1_exvivo.thresh.label
srcsubject = fsaverage
trgsubject = FS6EXPERT_subj01
trglabel = ./rh.V1_exvivo.thresh.label
regmethod = surface

srchemi = rh
trghemi = rh
trgsurface = white
srcsurfreg = sphere.reg
trgsurfreg = sphere.reg
usehash = 1
Use ProjAbs  = 0, 0
Use ProjFrac = 0, 0
DoPaint 0

SUBJECTS_DIR    /home/stone-ext1/freesurfer/subjects
FREESURFER_HOME /home/stone/software/freesurfer_stable_600
Loading source label.
Found 3232 points in source label.
Starting surface-based mapping
Reading source registration 
 /home/stone-ext1/freesurfer/subjects/fsaverage/surf/rh.sphere.reg
Rescaling ...  original radius = 100
Reading target surface 
 /home/stone-ext1/freesurfer/subjects/FS6EXPERT_subj01/surf/rh.white
Reading target registration 
 /home/stone-ext1/freesurfer/subjects/FS6EXPERT_subj01/surf/rh.sphere.reg
Rescaling ...  original radius = 100
Building target registration hash (res=16).
Building source registration hash (res=16).
INFO: found  3232 nlabel points
Performing mapping from target back to the source label 222445
Number of reverse mapping hits = 4933
Checking for and removing duplicates
Writing label file ./rh.V1_exvivo.thresh.label 8165
mri_label2label: Done


 mri_label2label --srcsubject fsaverage --srclabel /home/stone-ext1/freesurfer/subjects/fsaverage/label/rh.V2_exvivo.thresh.label --trgsubject FS6EXPERT_subj01 --trglabel ./rh.V2_exvivo.thresh.label --hemi rh --regmethod surface 


srclabel = /home/stone-ext1/freesurfer/subjects/fsaverage/label/rh.V2_exvivo.thresh.label
srcsubject = fsaverage
trgsubject = FS6EXPERT_subj01
trglabel = ./rh.V2_exvivo.thresh.label
regmethod = surface

srchemi = rh
trghemi = rh
trgsurface = white
srcsurfreg = sphere.reg
trgsurfreg = sphere.reg
usehash = 1
Use ProjAbs  = 0, 0
Use ProjFrac = 0, 0
DoPaint 0

SUBJECTS_DIR    /home/stone-ext1/freesurfer/subjects
FREESURFER_HOME /home/stone/software/freesurfer_stable_600
Loading source label.
Found 3437 points in source label.
Starting surface-based mapping
Reading source registration 
 /home/stone-ext1/freesurfer/subjects/fsaverage/surf/rh.sphere.reg
Rescaling ...  original radius = 100
Reading target surface 
 /home/stone-ext1/freesurfer/subjects/FS6EXPERT_subj01/surf/rh.white
Reading target registration 
 /home/stone-ext1/freesurfer/subjects/FS6EXPERT_subj01/surf/rh.sphere.reg
Rescaling ...  original radius = 100
Building target registration hash (res=16).
Building source registration hash (res=16).
INFO: found  3437 nlabel points
Performing mapping from target back to the source label 222445
Number of reverse mapping hits = 4555
Checking for and removing duplicates
Writing label file ./rh.V2_exvivo.thresh.label 7992
mri_label2label: Done


 mri_label2label --srcsubject fsaverage --srclabel /home/stone-ext1/freesurfer/subjects/fsaverage/label/rh.MT_exvivo.thresh.label --trgsubject FS6EXPERT_subj01 --trglabel ./rh.MT_exvivo.thresh.label --hemi rh --regmethod surface 


srclabel = /home/stone-ext1/freesurfer/subjects/fsaverage/label/rh.MT_exvivo.thresh.label
srcsubject = fsaverage
trgsubject = FS6EXPERT_subj01
trglabel = ./rh.MT_exvivo.thresh.label
regmethod = surface

srchemi = rh
trghemi = rh
trgsurface = white
srcsurfreg = sphere.reg
trgsurfreg = sphere.reg
usehash = 1
Use ProjAbs  = 0, 0
Use ProjFrac = 0, 0
DoPaint 0

SUBJECTS_DIR    /home/stone-ext1/freesurfer/subjects
FREESURFER_HOME /home/stone/software/freesurfer_stable_600
Loading source label.
Found 268 points in source label.
Starting surface-based mapping
Reading source registration 
 /home/stone-ext1/freesurfer/subjects/fsaverage/surf/rh.sphere.reg
Rescaling ...  original radius = 100
Reading target surface 
 /home/stone-ext1/freesurfer/subjects/FS6EXPERT_subj01/surf/rh.white
Reading target registration 
 /home/stone-ext1/freesurfer/subjects/FS6EXPERT_subj01/surf/rh.sphere.reg
Rescaling ...  original radius = 100
Building target registration hash (res=16).
Building source registration hash (res=16).
INFO: found  268 nlabel points
Performing mapping from target back to the source label 222445
Number of reverse mapping hits = 165
Checking for and removing duplicates
Writing label file ./rh.MT_exvivo.thresh.label 433
mri_label2label: Done


 mri_label2label --srcsubject fsaverage --srclabel /home/stone-ext1/freesurfer/subjects/fsaverage/label/rh.entorhinal_exvivo.thresh.label --trgsubject FS6EXPERT_subj01 --trglabel ./rh.entorhinal_exvivo.thresh.label --hemi rh --regmethod surface 


srclabel = /home/stone-ext1/freesurfer/subjects/fsaverage/label/rh.entorhinal_exvivo.thresh.label
srcsubject = fsaverage
trgsubject = FS6EXPERT_subj01
trglabel = ./rh.entorhinal_exvivo.thresh.label
regmethod = surface

srchemi = rh
trghemi = rh
trgsurface = white
srcsurfreg = sphere.reg
trgsurfreg = sphere.reg
usehash = 1
Use ProjAbs  = 0, 0
Use ProjFrac = 0, 0
DoPaint 0

SUBJECTS_DIR    /home/stone-ext1/freesurfer/subjects
FREESURFER_HOME /home/stone/software/freesurfer_stable_600
Loading source label.
Found 694 points in source label.
Starting surface-based mapping
Reading source registration 
 /home/stone-ext1/freesurfer/subjects/fsaverage/surf/rh.sphere.reg
Rescaling ...  original radius = 100
Reading target surface 
 /home/stone-ext1/freesurfer/subjects/FS6EXPERT_subj01/surf/rh.white
Reading target registration 
 /home/stone-ext1/freesurfer/subjects/FS6EXPERT_subj01/surf/rh.sphere.reg
Rescaling ...  original radius = 100
Building target registration hash (res=16).
Building source registration hash (res=16).
INFO: found  694 nlabel points
Performing mapping from target back to the source label 222445
Number of reverse mapping hits = 240
Checking for and removing duplicates
Writing label file ./rh.entorhinal_exvivo.thresh.label 934
mri_label2label: Done


 mri_label2label --srcsubject fsaverage --srclabel /home/stone-ext1/freesurfer/subjects/fsaverage/label/rh.perirhinal_exvivo.thresh.label --trgsubject FS6EXPERT_subj01 --trglabel ./rh.perirhinal_exvivo.thresh.label --hemi rh --regmethod surface 


srclabel = /home/stone-ext1/freesurfer/subjects/fsaverage/label/rh.perirhinal_exvivo.thresh.label
srcsubject = fsaverage
trgsubject = FS6EXPERT_subj01
trglabel = ./rh.perirhinal_exvivo.thresh.label
regmethod = surface

srchemi = rh
trghemi = rh
trgsurface = white
srcsurfreg = sphere.reg
trgsurfreg = sphere.reg
usehash = 1
Use ProjAbs  = 0, 0
Use ProjFrac = 0, 0
DoPaint 0

SUBJECTS_DIR    /home/stone-ext1/freesurfer/subjects
FREESURFER_HOME /home/stone/software/freesurfer_stable_600
Loading source label.
Found 291 points in source label.
Starting surface-based mapping
Reading source registration 
 /home/stone-ext1/freesurfer/subjects/fsaverage/surf/rh.sphere.reg
Rescaling ...  original radius = 100
Reading target surface 
 /home/stone-ext1/freesurfer/subjects/FS6EXPERT_subj01/surf/rh.white
Reading target registration 
 /home/stone-ext1/freesurfer/subjects/FS6EXPERT_subj01/surf/rh.sphere.reg
Rescaling ...  original radius = 100
Building target registration hash (res=16).
Building source registration hash (res=16).
INFO: found  291 nlabel points
Performing mapping from target back to the source label 222445
Number of reverse mapping hits = 121
Checking for and removing duplicates
Writing label file ./rh.perirhinal_exvivo.thresh.label 412
mri_label2label: Done


 mris_label2annot --s FS6EXPERT_subj01 --hemi rh --ctab /home/stone/software/freesurfer_stable_600/average/colortable_BA.txt --l rh.BA1_exvivo.label --l rh.BA2_exvivo.label --l rh.BA3a_exvivo.label --l rh.BA3b_exvivo.label --l rh.BA4a_exvivo.label --l rh.BA4p_exvivo.label --l rh.BA6_exvivo.label --l rh.BA44_exvivo.label --l rh.BA45_exvivo.label --l rh.V1_exvivo.label --l rh.V2_exvivo.label --l rh.MT_exvivo.label --l rh.entorhinal_exvivo.label --l rh.perirhinal_exvivo.label --a BA_exvivo --maxstatwinner --noverbose 

Reading ctab /home/stone/software/freesurfer_stable_600/average/colortable_BA.txt
Number of ctab entries 15

$Id: mris_label2annot.c,v 1.20 2016/01/07 23:28:11 greve Exp $
cwd /home/stone-ext1/freesurfer/subjects/FS6EXPERT_subj01/label
cmdline mris_label2annot --s FS6EXPERT_subj01 --hemi rh --ctab /home/stone/software/freesurfer_stable_600/average/colortable_BA.txt --l rh.BA1_exvivo.label --l rh.BA2_exvivo.label --l rh.BA3a_exvivo.label --l rh.BA3b_exvivo.label --l rh.BA4a_exvivo.label --l rh.BA4p_exvivo.label --l rh.BA6_exvivo.label --l rh.BA44_exvivo.label --l rh.BA45_exvivo.label --l rh.V1_exvivo.label --l rh.V2_exvivo.label --l rh.MT_exvivo.label --l rh.entorhinal_exvivo.label --l rh.perirhinal_exvivo.label --a BA_exvivo --maxstatwinner --noverbose 
sysname  Linux
hostname stone.cmrr.umn.edu
machine  x86_64
user     kendrick

subject FS6EXPERT_subj01
hemi    rh
SUBJECTS_DIR /home/stone-ext1/freesurfer/subjects
ColorTable /home/stone/software/freesurfer_stable_600/average/colortable_BA.txt
AnnotName  BA_exvivo
nlables 14
LabelThresh 0 0.000000
Loading /home/stone-ext1/freesurfer/subjects/FS6EXPERT_subj01/surf/rh.orig
 1 1530880 BA1_exvivo
 2 16749699 BA2_exvivo
 3 16711680 BA3a_exvivo
 4 3368703 BA3b_exvivo
 5 1376196 BA4a_exvivo
 6 13382655 BA4p_exvivo
 7 10036737 BA6_exvivo
 8 2490521 BA44_exvivo
 9 39283 BA45_exvivo
10 3993 V1_exvivo
11 8508928 V2_exvivo
12 10027163 MT_exvivo
13 16422433 perirhinal_exvivo
14 16392598 entorhinal_exvivo
Mapping unhit to unknown
Found 155846 unhit vertices
Writing annot to /home/stone-ext1/freesurfer/subjects/FS6EXPERT_subj01/label/rh.BA_exvivo.annot

 mris_label2annot --s FS6EXPERT_subj01 --hemi rh --ctab /home/stone/software/freesurfer_stable_600/average/colortable_BA.txt --l rh.BA1_exvivo.thresh.label --l rh.BA2_exvivo.thresh.label --l rh.BA3a_exvivo.thresh.label --l rh.BA3b_exvivo.thresh.label --l rh.BA4a_exvivo.thresh.label --l rh.BA4p_exvivo.thresh.label --l rh.BA6_exvivo.thresh.label --l rh.BA44_exvivo.thresh.label --l rh.BA45_exvivo.thresh.label --l rh.V1_exvivo.thresh.label --l rh.V2_exvivo.thresh.label --l rh.MT_exvivo.thresh.label --l rh.entorhinal_exvivo.thresh.label --l rh.perirhinal_exvivo.thresh.label --a BA_exvivo.thresh --maxstatwinner --noverbose 

Reading ctab /home/stone/software/freesurfer_stable_600/average/colortable_BA.txt
Number of ctab entries 15

$Id: mris_label2annot.c,v 1.20 2016/01/07 23:28:11 greve Exp $
cwd /home/stone-ext1/freesurfer/subjects/FS6EXPERT_subj01/label
cmdline mris_label2annot --s FS6EXPERT_subj01 --hemi rh --ctab /home/stone/software/freesurfer_stable_600/average/colortable_BA.txt --l rh.BA1_exvivo.thresh.label --l rh.BA2_exvivo.thresh.label --l rh.BA3a_exvivo.thresh.label --l rh.BA3b_exvivo.thresh.label --l rh.BA4a_exvivo.thresh.label --l rh.BA4p_exvivo.thresh.label --l rh.BA6_exvivo.thresh.label --l rh.BA44_exvivo.thresh.label --l rh.BA45_exvivo.thresh.label --l rh.V1_exvivo.thresh.label --l rh.V2_exvivo.thresh.label --l rh.MT_exvivo.thresh.label --l rh.entorhinal_exvivo.thresh.label --l rh.perirhinal_exvivo.thresh.label --a BA_exvivo.thresh --maxstatwinner --noverbose 
sysname  Linux
hostname stone.cmrr.umn.edu
machine  x86_64
user     kendrick

subject FS6EXPERT_subj01
hemi    rh
SUBJECTS_DIR /home/stone-ext1/freesurfer/subjects
ColorTable /home/stone/software/freesurfer_stable_600/average/colortable_BA.txt
AnnotName  BA_exvivo.thresh
nlables 14
LabelThresh 0 0.000000
Loading /home/stone-ext1/freesurfer/subjects/FS6EXPERT_subj01/surf/rh.orig
 1 1530880 BA1_exvivo
 2 16749699 BA2_exvivo
 3 16711680 BA3a_exvivo
 4 3368703 BA3b_exvivo
 5 1376196 BA4a_exvivo
 6 13382655 BA4p_exvivo
 7 10036737 BA6_exvivo
 8 2490521 BA44_exvivo
 9 39283 BA45_exvivo
10 3993 V1_exvivo
11 8508928 V2_exvivo
12 10027163 MT_exvivo
13 16422433 perirhinal_exvivo
14 16392598 entorhinal_exvivo
Mapping unhit to unknown
Found 184892 unhit vertices
Writing annot to /home/stone-ext1/freesurfer/subjects/FS6EXPERT_subj01/label/rh.BA_exvivo.thresh.annot

 mris_anatomical_stats -th3 -mgz -f ../stats/rh.BA_exvivo.stats -b -a ./rh.BA_exvivo.annot -c ./BA_exvivo.ctab FS6EXPERT_subj01 rh white 

computing statistics for each annotation in ./rh.BA_exvivo.annot.
reading volume /home/stone-ext1/freesurfer/subjects/FS6EXPERT_subj01/mri/wm.mgz...
reading input surface /home/stone-ext1/freesurfer/subjects/FS6EXPERT_subj01/surf/rh.white...
reading input pial surface /home/stone-ext1/freesurfer/subjects/FS6EXPERT_subj01/surf/rh.pial...
reading input white surface /home/stone-ext1/freesurfer/subjects/FS6EXPERT_subj01/surf/rh.white...
INFO: using TH3 volume calc
INFO: assuming MGZ format for volumes.
Using TH3 vertex volume calc
Total face volume 268850
Total vertex volume 266729 (mask=0)
reading colortable from annotation file...
colortable with 15 entries read (originally /home/stone/software/freesurfer_stable_600/average/colortable_BA.txt)
Saving annotation colortable ./BA_exvivo.ctab

table columns are:
    number of vertices
    total surface area (mm^2)
    total gray matter volume (mm^3)
    average cortical thickness +- standard deviation (mm)
    integrated rectified mean curvature
    integrated rectified Gaussian curvature
    folding index
    intrinsic curvature index
    structure name

atlas_icv (eTIV) = 1598476 mm^3    (det: 1.218727 )
lhCtxGM: 269234.206 531474.000  diff=-262239.8  pctdiff=-97.402
rhCtxGM: 263859.963 518784.000  diff=-254924.0  pctdiff=-96.613
lhCtxWM: 195542.228 433467.500  diff=-237925.3  pctdiff=-121.675
rhCtxWM: 191794.125 429108.500  diff=-237314.4  pctdiff=-123.734
SubCortGMVol  111164.000
SupraTentVol  1040356.524 (2046543.000) diff=-1006186.476 pctdiff=-96.716
SupraTentVolNotVent  1017897.524 (2024084.000) diff=-1006186.476 pctdiff=-98.849
BrainSegVol  2359692.000 (2355302.000) diff=4390.000 pctdiff=0.186
BrainSegVolNotVent  2330602.000 (1337869.524) diff=992732.476 pctdiff=42.596
BrainSegVolNotVent  2330602.000
CerebellumVol 306189.000
VentChorVol   22459.000
3rd4th5thCSF   6631.000
CSFVol  2241.000, OptChiasmVol   329.000
MaskVol 3507698.000
 1436    513   1890  2.608 0.463     0.098     0.022       19     1.4  BA1_exvivo
 4701   1965   4513  2.251 0.402     0.061     0.010       26     1.9  BA2_exvivo
 1561    668    928  1.818 0.432     0.081     0.018        8     1.2  BA3a_exvivo
 3224   1275   2803  1.903 0.499     0.068     0.015       23     2.1  BA3b_exvivo
 2615    935   3184  2.825 0.390     0.058     0.013       14     1.4  BA4a_exvivo
 1997    809   2006  2.564 0.403     0.060     0.015       13     1.2  BA4p_exvivo
10506   4300  15699  2.881 0.596     0.081     0.019       90     8.6  BA6_exvivo
 4643   1949   5953  2.747 0.429     0.076     0.014       36     2.7  BA44_exvivo
 8080   3411  10390  2.533 0.573     0.090     0.019       89     6.2  BA45_exvivo
 8445   3268   8099  2.176 0.461     0.086     0.030      106    11.7  V1_exvivo
14862   5919  14815  2.200 0.525     0.095     0.026      171    16.8  V2_exvivo
 3022   1277   3446  2.450 0.473     0.079     0.016       24     1.8  MT_exvivo
  926    383   2061  3.424 0.729     0.070     0.018        7     0.8  perirhinal_exvivo
  581    246    776  2.921 0.679     0.078     0.021        4     0.5  entorhinal_exvivo

 mris_anatomical_stats -th3 -mgz -f ../stats/rh.BA_exvivo.thresh.stats -b -a ./rh.BA_exvivo.thresh.annot -c ./BA_exvivo.thresh.ctab FS6EXPERT_subj01 rh white 

computing statistics for each annotation in ./rh.BA_exvivo.thresh.annot.
reading volume /home/stone-ext1/freesurfer/subjects/FS6EXPERT_subj01/mri/wm.mgz...
reading input surface /home/stone-ext1/freesurfer/subjects/FS6EXPERT_subj01/surf/rh.white...
reading input pial surface /home/stone-ext1/freesurfer/subjects/FS6EXPERT_subj01/surf/rh.pial...
reading input white surface /home/stone-ext1/freesurfer/subjects/FS6EXPERT_subj01/surf/rh.white...
INFO: using TH3 volume calc
INFO: assuming MGZ format for volumes.
Using TH3 vertex volume calc
Total face volume 268850
Total vertex volume 266729 (mask=0)
reading colortable from annotation file...
colortable with 15 entries read (originally /home/stone/software/freesurfer_stable_600/average/colortable_BA.txt)
Saving annotation colortable ./BA_exvivo.thresh.ctab

table columns are:
    number of vertices
    total surface area (mm^2)
    total gray matter volume (mm^3)
    average cortical thickness +- standard deviation (mm)
    integrated rectified mean curvature
    integrated rectified Gaussian curvature
    folding index
    intrinsic curvature index
    structure name

atlas_icv (eTIV) = 1598476 mm^3    (det: 1.218727 )
lhCtxGM: 269234.206 531474.000  diff=-262239.8  pctdiff=-97.402
rhCtxGM: 263859.963 518784.000  diff=-254924.0  pctdiff=-96.613
lhCtxWM: 195542.228 433467.500  diff=-237925.3  pctdiff=-121.675
rhCtxWM: 191794.125 429108.500  diff=-237314.4  pctdiff=-123.734
SubCortGMVol  111164.000
SupraTentVol  1040356.524 (2046543.000) diff=-1006186.476 pctdiff=-96.716
SupraTentVolNotVent  1017897.524 (2024084.000) diff=-1006186.476 pctdiff=-98.849
BrainSegVol  2359692.000 (2355302.000) diff=4390.000 pctdiff=0.186
BrainSegVolNotVent  2330602.000 (1337869.524) diff=992732.476 pctdiff=42.596
BrainSegVolNotVent  2330602.000
CerebellumVol 306189.000
VentChorVol   22459.000
3rd4th5thCSF   6631.000
CSFVol  2241.000, OptChiasmVol   329.000
MaskVol 3507698.000
  977    353   1353  2.539 0.449     0.094     0.020       13     0.7  BA1_exvivo
 2428   1023   2540  2.280 0.362     0.053     0.009       13     0.8  BA2_exvivo
 1417    609    805  1.805 0.375     0.080     0.017        6     0.9  BA3a_exvivo
 2460   1013   1840  1.714 0.352     0.059     0.012       12     1.2  BA3b_exvivo
 1570    548   2028  2.797 0.423     0.071     0.015       13     1.0  BA4a_exvivo
 1557    647   1595  2.595 0.385     0.059     0.016       11     1.0  BA4p_exvivo
 6825   2760  10304  2.900 0.597     0.081     0.020       62     6.3  BA6_exvivo
 1211    489   1601  2.834 0.403     0.078     0.017       10     0.8  BA44_exvivo
 1659    695   2392  2.711 0.484     0.103     0.025       26     1.5  BA45_exvivo
 8144   3152   7716  2.177 0.470     0.082     0.026       88     9.3  V1_exvivo
 7951   3065   7628  2.111 0.526     0.102     0.033      114    12.5  V2_exvivo
  430    180    562  2.496 0.416     0.080     0.015        5     0.2  MT_exvivo
  528    224   1224  3.430 0.623     0.071     0.014        3     0.3  perirhinal_exvivo
  396    176    540  2.938 0.625     0.068     0.013        1     0.2  entorhinal_exvivo
#--------------------------------------------
#@# Segmentation of brainstem substructures  Thu May  9 03:08:31 CDT 2019

 /home/stone/software/freesurfer_stable_600/bin/segmentBS.sh /home/stone/software/freesurfer_stable_600/MCRv80 /home/stone/software/freesurfer_stable_600 FS6EXPERT_subj01 /home/stone-ext1/freesurfer/subjects 

See log file: /home/stone-ext1/freesurfer/subjects/FS6EXPERT_subj01/scripts/brainstem-structures.log
#--------------------------------------------
#@# Hippocampal Subfields processing (T1 + T2 volume) left Thu May  9 03:27:37 CDT 2019

 /home/stone/software/freesurfer_stable_600/bin/segmentSF_T1T2.sh /home/stone/software/freesurfer_stable_600/MCRv80 /home/stone/software/freesurfer_stable_600 FS6EXPERT_subj01 /home/stone-ext1/freesurfer/subjects /home/surly-raid1/kendrick-data/nsd/ppdata/NSD134-structurals/T2_0pt8_masked.nii.gz left HST1T2 

See log file: /home/stone-ext1/freesurfer/subjects/FS6EXPERT_subj01/scripts/hippocampal-subfields-T1T2.log
#--------------------------------------------
#@# Hippocampal Subfields processing (T1 + T2 volume) right Thu May  9 04:04:15 CDT 2019

 /home/stone/software/freesurfer_stable_600/bin/segmentSF_T1T2.sh /home/stone/software/freesurfer_stable_600/MCRv80 /home/stone/software/freesurfer_stable_600 FS6EXPERT_subj01 /home/stone-ext1/freesurfer/subjects /home/surly-raid1/kendrick-data/nsd/ppdata/NSD134-structurals/T2_0pt8_masked.nii.gz right HST1T2 

See log file: /home/stone-ext1/freesurfer/subjects/FS6EXPERT_subj01/scripts/hippocampal-subfields-T1T2.log

Started at Tue May 7 10:49:47 CDT 2019 
Ended   at Thu May 9 04:34:19 CDT 2019
#@#%# recon-all-run-time-hours 41.742
recon-all -s FS6EXPERT_subj01 finished without error at Thu May  9 04:34:19 CDT 2019



New invocation of recon-all 



Sat Jun 22 22:19:07 CDT 2019
/home/stone-ext1/freesurfer/subjects/FS6EXPERT_subj01_ver10
/home/stone/software/freesurfer_stable_600/bin/recon-all
-autorecon2-cp -autorecon3 -s FS6EXPERT_subj01_ver10 -hires -openmp 32 -norandomness
subjid FS6EXPERT_subj01_ver10
setenv SUBJECTS_DIR /home/stone-ext1/freesurfer/subjects
FREESURFER_HOME /home/stone/software/freesurfer_stable_600
Actual FREESURFER_HOME /home/stone-ext1/software/freesurfer_stable_600
build-stamp.txt: freesurfer-Linux-centos6_x86_64-stable-pub-v6.0.0-2beb96c
Linux stone.cmrr.umn.edu 3.13.0-168-generic #218-Ubuntu SMP Thu Mar 14 16:56:08 UTC 2019 x86_64 x86_64 x86_64 GNU/Linux
cputime      unlimited
filesize     unlimited
datasize     unlimited
stacksize    8192 kbytes
coredumpsize 0 kbytes
memoryuse    unlimited
vmemoryuse   unlimited
descriptors  1024 
memorylocked 64 kbytes
maxproc      1030947 
maxlocks     unlimited
maxsignal    1030947 
maxmessage   819200 
maxnice      0 
maxrtprio    0 
maxrttime    unlimited

             total       used       free     shared    buffers     cached
Mem:     131985232  122404612    9580620     107016    1267416  105164652
-/+ buffers/cache:   15972544  116012688
Swap:    228800504   15641664  213158840

########################################
program versions used
$Id: recon-all,v 1.580.2.16 2017/01/18 14:11:24 zkaufman Exp $
$Id: mri_motion_correct.fsl,v 1.15 2016/02/16 17:17:20 zkaufman Exp $
mri_convert.bin -all-info 
ProgramName: mri_convert.bin  ProgramArguments: -all-info  ProgramVersion: $Name: stable6 $  TimeStamp: 2019/06/23-03:19:07-GMT  BuildTimeStamp: Jan 18 2017 16:38:58  CVS: $Id: mri_convert.c,v 1.226 2016/02/26 16:15:24 mreuter Exp $  User: emilya  Machine: stone.cmrr.umn.edu  Platform: Linux  PlatformVersion: 3.13.0-168-generic  CompilerName: GCC  CompilerVersion: 40400 
FLIRT version 5.5
$Id: talairach_avi,v 1.13 2015/12/23 04:25:17 greve Exp $
mri_convert.bin --version 
stable6
ProgramName: tkregister2_cmdl  ProgramArguments: --all-info  ProgramVersion: $Name: stable6 $  TimeStamp: 2019/06/23-03:19:07-GMT  BuildTimeStamp: Jan 18 2017 16:38:58  CVS: $Id: tkregister2.c,v 1.132.2.1 2016/08/02 21:17:29 greve Exp $  User: emilya  Machine: stone.cmrr.umn.edu  Platform: Linux  PlatformVersion: 3.13.0-168-generic  CompilerName: GCC  CompilerVersion: 40400 
Program nu_correct, built from:
Package MNI N3, version 1.12.0, compiled by nicks@terrier (x86_64-unknown-linux-gnu) on 2015-06-19 at 01:25:34
ProgramName: mri_make_uchar  ProgramArguments: -all-info  ProgramVersion: $Name: stable6 $  TimeStamp: 2019/06/23-03:19:07-GMT  BuildTimeStamp: Jan 18 2017 16:38:58  CVS: $Id: mri_make_uchar.c,v 1.4 2011/03/02 00:04:14 nicks Exp $  User: emilya  Machine: stone.cmrr.umn.edu  Platform: Linux  PlatformVersion: 3.13.0-168-generic  CompilerName: GCC  CompilerVersion: 40400 
ProgramName: mri_normalize  ProgramArguments: -all-info  ProgramVersion: $Name:  $  TimeStamp: 2019/06/23-03:19:07-GMT  BuildTimeStamp: Jan 18 2017 16:38:58  CVS: $Id: mri_normalize.c,v 1.88.2.3 2016/12/27 16:47:13 zkaufman Exp $  User: emilya  Machine: stone.cmrr.umn.edu  Platform: Linux  PlatformVersion: 3.13.0-168-generic  CompilerName: GCC  CompilerVersion: 40400 
ProgramName: mri_watershed  ProgramArguments: -all-info  ProgramVersion: $Name: stable6 $  TimeStamp: 2019/06/23-03:19:07-GMT  BuildTimeStamp: Jan 18 2017 16:38:58  CVS: $Id: mri_watershed.cpp,v 1.103 2016/06/17 18:00:49 zkaufman Exp $  User: emilya  Machine: stone.cmrr.umn.edu  Platform: Linux  PlatformVersion: 3.13.0-168-generic  CompilerName: GCC  CompilerVersion: 40400 
ProgramName: mri_gcut  ProgramArguments: -all-info  ProgramVersion: $Name: stable6 $  TimeStamp: 2019/06/23-03:19:07-GMT  BuildTimeStamp: Jan 18 2017 16:38:58  CVS: $Id: mri_gcut.cpp,v 1.14 2011/03/02 00:04:16 nicks Exp $  User: emilya  Machine: stone.cmrr.umn.edu  Platform: Linux  PlatformVersion: 3.13.0-168-generic  CompilerName: GCC  CompilerVersion: 40400 
ProgramName: mri_segment  ProgramArguments: -all-info  ProgramVersion: $Name:  $  TimeStamp: 2019/06/23-03:19:07-GMT  BuildTimeStamp: Jan 18 2017 16:38:58  CVS: $Id: mri_segment.c,v 1.43.2.1 2016/10/27 22:24:52 zkaufman Exp $  User: emilya  Machine: stone.cmrr.umn.edu  Platform: Linux  PlatformVersion: 3.13.0-168-generic  CompilerName: GCC  CompilerVersion: 40400 
ProgramName: mri_label2label.bin  ProgramArguments: -all-info  ProgramVersion: $Name:  $  TimeStamp: 2019/06/23-03:19:07-GMT  BuildTimeStamp: Jan 18 2017 16:38:58  CVS: $Id: mri_label2label.c,v 1.48.2.2 2016/12/12 14:15:26 zkaufman Exp $  User: emilya  Machine: stone.cmrr.umn.edu  Platform: Linux  PlatformVersion: 3.13.0-168-generic  CompilerName: GCC  CompilerVersion: 40400 
ProgramName: mri_em_register  ProgramArguments: -all-info  ProgramVersion: $Name:  $  TimeStamp: 2019/06/23-03:19:07-GMT  BuildTimeStamp: Jan 18 2017 16:38:58  CVS: $Id: mri_em_register.c,v 1.105.2.1 2016/10/27 22:25:10 zkaufman Exp $  User: emilya  Machine: stone.cmrr.umn.edu  Platform: Linux  PlatformVersion: 3.13.0-168-generic  CompilerName: GCC  CompilerVersion: 40400 
ProgramName: mri_ca_normalize  ProgramArguments: -all-info  ProgramVersion: $Name:  $  TimeStamp: 2019/06/23-03:19:07-GMT  BuildTimeStamp: Jan 18 2017 16:38:58  CVS: $Id: mri_ca_normalize.c,v 1.67.2.2 2016/10/27 22:25:09 zkaufman Exp $  User: emilya  Machine: stone.cmrr.umn.edu  Platform: Linux  PlatformVersion: 3.13.0-168-generic  CompilerName: GCC  CompilerVersion: 40400 
ProgramName: mri_ca_register  ProgramArguments: -all-info  ProgramVersion: $Name:  $  TimeStamp: 2019/06/23-03:19:07-GMT  BuildTimeStamp: Jan 18 2017 16:38:58  CVS: $Id: mri_ca_register.c,v 1.96.2.3 2016/10/27 22:25:10 zkaufman Exp $  User: emilya  Machine: stone.cmrr.umn.edu  Platform: Linux  PlatformVersion: 3.13.0-168-generic  CompilerName: GCC  CompilerVersion: 40400 
ProgramName: mri_ca_label  ProgramArguments: -all-info  ProgramVersion: $Name:  $  TimeStamp: 2019/06/23-03:19:07-GMT  BuildTimeStamp: Jan 18 2017 16:38:58  CVS: $Id: mri_ca_label.c,v 1.113.2.2 2016/10/27 22:25:10 zkaufman Exp $  User: emilya  Machine: stone.cmrr.umn.edu  Platform: Linux  PlatformVersion: 3.13.0-168-generic  CompilerName: GCC  CompilerVersion: 40400 
ProgramName: mri_pretess  ProgramArguments: -all-info  ProgramVersion: $Name: stable6 $  TimeStamp: 2019/06/23-03:19:07-GMT  BuildTimeStamp: Jan 18 2017 16:38:58  CVS: $Id: mri_pretess.c,v 1.22 2013/08/30 18:12:25 mreuter Exp $  User: emilya  Machine: stone.cmrr.umn.edu  Platform: Linux  PlatformVersion: 3.13.0-168-generic  CompilerName: GCC  CompilerVersion: 40400 
ProgramName: mri_fill  ProgramArguments: -all-info  ProgramVersion: $Name: stable6 $  TimeStamp: 2019/06/23-03:19:07-GMT  BuildTimeStamp: Jan 18 2017 16:38:58  CVS: $Id: mri_fill.c,v 1.119 2011/10/25 14:09:58 fischl Exp $  User: emilya  Machine: stone.cmrr.umn.edu  Platform: Linux  PlatformVersion: 3.13.0-168-generic  CompilerName: GCC  CompilerVersion: 40400 
ProgramName: mri_tessellate  ProgramArguments: -all-info  ProgramVersion: $Name:  $  TimeStamp: 2019/06/23-03:19:07-GMT  BuildTimeStamp: Jan 18 2017 16:38:58  CVS: $Id: mri_tessellate.c,v 1.38.2.1 2016/07/26 18:46:38 zkaufman Exp $  User: emilya  Machine: stone.cmrr.umn.edu  Platform: Linux  PlatformVersion: 3.13.0-168-generic  CompilerName: GCC  CompilerVersion: 40400 
ProgramName: mri_concatenate_lta.bin  ProgramArguments: -all-info  ProgramVersion: $Name: stable6 $  TimeStamp: 2019/06/23-03:19:07-GMT  BuildTimeStamp: Jan 18 2017 16:38:58  CVS: $Id: mri_concatenate_lta.c,v 1.16 2015/11/21 00:06:20 greve Exp $  User: emilya  Machine: stone.cmrr.umn.edu  Platform: Linux  PlatformVersion: 3.13.0-168-generic  CompilerName: GCC  CompilerVersion: 40400 
ProgramName: mri_normalize_tp2  ProgramArguments: -all-info  ProgramVersion: $Name: stable6 $  TimeStamp: 2019/06/23-03:19:07-GMT  BuildTimeStamp: Jan 18 2017 16:38:58  CVS: $Id: mri_normalize_tp2.c,v 1.8 2011/03/02 00:04:23 nicks Exp $  User: emilya  Machine: stone.cmrr.umn.edu  Platform: Linux  PlatformVersion: 3.13.0-168-generic  CompilerName: GCC  CompilerVersion: 40400 
ProgramName: mris_smooth  ProgramArguments: -all-info  ProgramVersion: $Name: stable6 $  TimeStamp: 2019/06/23-03:19:07-GMT  BuildTimeStamp: Jan 18 2017 16:38:58  CVS: $Id: mris_smooth.c,v 1.30 2014/01/21 18:48:21 fischl Exp $  User: emilya  Machine: stone.cmrr.umn.edu  Platform: Linux  PlatformVersion: 3.13.0-168-generic  CompilerName: GCC  CompilerVersion: 40400 
ProgramName: mris_inflate  ProgramArguments: -all-info  ProgramVersion: $Name: stable6 $  TimeStamp: 2019/06/23-03:19:08-GMT  BuildTimeStamp: Jan 18 2017 16:38:58  CVS: $Id: mris_inflate.c,v 1.45 2016/01/20 23:42:15 greve Exp $  User: emilya  Machine: stone.cmrr.umn.edu  Platform: Linux  PlatformVersion: 3.13.0-168-generic  CompilerName: GCC  CompilerVersion: 40400 
ProgramName: mris_curvature  ProgramArguments: -all-info  ProgramVersion: $Name: stable6 $  TimeStamp: 2019/06/23-03:19:08-GMT  BuildTimeStamp: Jan 18 2017 16:38:58  CVS: $Id: mris_curvature.c,v 1.31 2011/03/02 00:04:30 nicks Exp $  User: emilya  Machine: stone.cmrr.umn.edu  Platform: Linux  PlatformVersion: 3.13.0-168-generic  CompilerName: GCC  CompilerVersion: 40400 
ProgramName: mris_sphere  ProgramArguments: -all-info  ProgramVersion: $Name: stable6 $  TimeStamp: 2019/06/23-03:19:08-GMT  BuildTimeStamp: Jan 18 2017 16:38:58  CVS: $Id: mris_sphere.c,v 1.61 2016/01/20 23:42:15 greve Exp $  User: emilya  Machine: stone.cmrr.umn.edu  Platform: Linux  PlatformVersion: 3.13.0-168-generic  CompilerName: GCC  CompilerVersion: 40400 
ProgramName: mris_fix_topology  ProgramArguments: -all-info  ProgramVersion: $Name:  $  TimeStamp: 2019/06/23-03:19:08-GMT  BuildTimeStamp: Jan 18 2017 16:38:58  CVS: $Id: mris_fix_topology.c,v 1.50.2.1 2016/10/27 22:25:58 zkaufman Exp $  User: emilya  Machine: stone.cmrr.umn.edu  Platform: Linux  PlatformVersion: 3.13.0-168-generic  CompilerName: GCC  CompilerVersion: 40400 
ProgramName: mris_topo_fixer  ProgramArguments: -all-info  ProgramVersion: $Name: stable6 $  TimeStamp: 2019/06/23-03:19:08-GMT  BuildTimeStamp: Jan 18 2017 16:38:58  CVS: $Id: mris_topo_fixer.cpp,v 1.29 2011/03/02 00:04:34 nicks Exp $  User: emilya  Machine: stone.cmrr.umn.edu  Platform: Linux  PlatformVersion: 3.13.0-168-generic  CompilerName: GCC  CompilerVersion: 40400 
ProgramName: mris_ca_label  ProgramArguments: -all-info  ProgramVersion: $Name: stable6 $  TimeStamp: 2019/06/23-03:19:08-GMT  BuildTimeStamp: Jan 18 2017 16:38:58  CVS: $Id: mris_ca_label.c,v 1.37 2014/02/04 17:46:42 fischl Exp $  User: emilya  Machine: stone.cmrr.umn.edu  Platform: Linux  PlatformVersion: 3.13.0-168-generic  CompilerName: GCC  CompilerVersion: 40400 
ProgramName: mris_euler_number  ProgramArguments: -all-info  ProgramVersion: $Name: stable6 $  TimeStamp: 2019/06/23-03:19:08-GMT  BuildTimeStamp: Jan 18 2017 16:38:58  CVS: $Id: mris_euler_number.c,v 1.10 2013/01/14 22:39:14 greve Exp $  User: emilya  Machine: stone.cmrr.umn.edu  Platform: Linux  PlatformVersion: 3.13.0-168-generic  CompilerName: GCC  CompilerVersion: 40400 
ProgramName: mris_make_surfaces  ProgramArguments: -all-info  ProgramVersion: $Name:  $  TimeStamp: 2019/06/23-03:19:08-GMT  BuildTimeStamp: Jan 18 2017 16:38:58  CVS: $Id: mris_make_surfaces.c,v 1.164.2.4 2016/12/13 22:26:32 zkaufman Exp $  User: emilya  Machine: stone.cmrr.umn.edu  Platform: Linux  PlatformVersion: 3.13.0-168-generic  CompilerName: GCC  CompilerVersion: 40400 
ProgramName: mris_register  ProgramArguments: -all-info  ProgramVersion: $Name: stable6 $  TimeStamp: 2019/06/23-03:19:08-GMT  BuildTimeStamp: Jan 18 2017 16:38:58  CVS: $Id: mris_register.c,v 1.63 2016/01/20 23:43:04 greve Exp $  User: emilya  Machine: stone.cmrr.umn.edu  Platform: Linux  PlatformVersion: 3.13.0-168-generic  CompilerName: GCC  CompilerVersion: 40400 
ProgramName: mris_volmask  ProgramArguments: --all-info  ProgramVersion: $Name:  $  TimeStamp: 2019/06/23-03:19:08-GMT  BuildTimeStamp: Jan 18 2017 16:38:58  CVS: $Id: mris_volmask.cpp,v 1.26.2.2 2016/11/18 20:05:18 zkaufman Exp $  User: emilya  Machine: stone.cmrr.umn.edu  Platform: Linux  PlatformVersion: 3.13.0-168-generic  CompilerName: GCC  CompilerVersion: 40400 
ProgramName: mris_anatomical_stats  ProgramArguments: -all-info  ProgramVersion: $Name: stable6 $  TimeStamp: 2019/06/23-03:19:08-GMT  BuildTimeStamp: Jan 18 2017 16:38:58  CVS: $Id: mris_anatomical_stats.c,v 1.79 2016/03/14 15:15:34 greve Exp $  User: emilya  Machine: stone.cmrr.umn.edu  Platform: Linux  PlatformVersion: 3.13.0-168-generic  CompilerName: GCC  CompilerVersion: 40400 
ProgramName: mrisp_paint  ProgramArguments: -all-info  ProgramVersion: $Name: stable6 $  TimeStamp: 2019/06/23-03:19:08-GMT  BuildTimeStamp: Jan 18 2017 16:38:58  CVS: $Id: mrisp_paint.c,v 1.12 2016/03/22 14:47:57 fischl Exp $  User: emilya  Machine: stone.cmrr.umn.edu  Platform: Linux  PlatformVersion: 3.13.0-168-generic  CompilerName: GCC  CompilerVersion: 40400 
ProgramName: mris_curvature_stats  ProgramArguments: -all-info  ProgramVersion: $Name: stable6 $  TimeStamp: 2019/06/23-03:19:08-GMT  BuildTimeStamp: Jan 18 2017 16:38:58  CVS: $Id: mris_curvature_stats.c,v 1.65 2015/06/04 20:50:51 nicks Exp $  User: emilya  Machine: stone.cmrr.umn.edu  Platform: Linux  PlatformVersion: 3.13.0-168-generic  CompilerName: GCC  CompilerVersion: 40400 
ProgramName: mris_calc  ProgramArguments: -all-info  ProgramVersion: $Name: stable6 $  TimeStamp: 2019/06/23-03:19:08-GMT  BuildTimeStamp: Jan 18 2017 16:38:58  CVS: $Id: mris_calc.c,v 1.54.2.1 2016/09/27 18:51:28 greve Exp $  User: emilya  Machine: stone.cmrr.umn.edu  Platform: Linux  PlatformVersion: 3.13.0-168-generic  CompilerName: GCC  CompilerVersion: 40400 
$Id: mri_robust_register.cpp,v 1.77 2016/01/20 23:36:17 greve Exp $

ProgramName: mri_robust_register.bin  ProgramArguments: -all-info  ProgramVersion: $Name: stable6 $  TimeStamp: 2019/06/23-03:19:08-GMT  BuildTimeStamp: Jan 18 2017 16:38:58  CVS: $Id: mri_robust_register.cpp,v 1.77 2016/01/20 23:36:17 greve Exp $  User: emilya  Machine: stone.cmrr.umn.edu  Platform: Linux  PlatformVersion: 3.13.0-168-generic  CompilerName: GCC  CompilerVersion: 40400 
$Id: mri_robust_template.cpp,v 1.54 2016/05/05 21:17:08 mreuter Exp $

ProgramName: mri_robust_template  ProgramArguments: -all-info  ProgramVersion: $Name: stable6 $  TimeStamp: 2019/06/23-03:19:08-GMT  BuildTimeStamp: Jan 18 2017 16:38:58  CVS: $Id: mri_robust_template.cpp,v 1.54 2016/05/05 21:17:08 mreuter Exp $  User: emilya  Machine: stone.cmrr.umn.edu  Platform: Linux  PlatformVersion: 3.13.0-168-generic  CompilerName: GCC  CompilerVersion: 40400 
ProgramName: mri_and  ProgramArguments: -all-info  ProgramVersion: $Name: stable6 $  TimeStamp: 2019/06/23-03:19:08-GMT  BuildTimeStamp: Jan 18 2017 16:38:58  CVS: $Id: mri_and.c,v 1.4 2011/03/02 00:04:13 nicks Exp $  User: emilya  Machine: stone.cmrr.umn.edu  Platform: Linux  PlatformVersion: 3.13.0-168-generic  CompilerName: GCC  CompilerVersion: 40400 
ProgramName: mri_or  ProgramArguments: -all-info  ProgramVersion: $Name: stable6 $  TimeStamp: 2019/06/23-03:19:08-GMT  BuildTimeStamp: Jan 18 2017 16:38:58  CVS: $Id: mri_or.c,v 1.5 2013/03/20 15:03:29 lzollei Exp $  User: emilya  Machine: stone.cmrr.umn.edu  Platform: Linux  PlatformVersion: 3.13.0-168-generic  CompilerName: GCC  CompilerVersion: 40400 
ProgramName: mri_fuse_segmentations  ProgramArguments: -all-info  ProgramVersion: $Name: stable6 $  TimeStamp: 2019/06/23-03:19:08-GMT  BuildTimeStamp: Jan 18 2017 16:38:58  CVS: $Id: mri_fuse_segmentations.c,v 1.8 2011/03/02 00:04:15 nicks Exp $  User: emilya  Machine: stone.cmrr.umn.edu  Platform: Linux  PlatformVersion: 3.13.0-168-generic  CompilerName: GCC  CompilerVersion: 40400 
ProgramName: mri_segstats  ProgramArguments: -all-info  ProgramVersion: $Name: stable6 $  TimeStamp: 2019/06/23-03:19:08-GMT  BuildTimeStamp: Jan 18 2017 16:38:58  CVS: $Id: mri_segstats.c,v 1.121 2016/05/31 17:27:11 greve Exp $  User: emilya  Machine: stone.cmrr.umn.edu  Platform: Linux  PlatformVersion: 3.13.0-168-generic  CompilerName: GCC  CompilerVersion: 40400 
ProgramName: mri_relabel_hypointensities  ProgramArguments: -all-info  ProgramVersion: $Name: stable6 $  TimeStamp: 2019/06/23-03:19:08-GMT  BuildTimeStamp: Jan 18 2017 16:38:58  CVS: $Id: mri_relabel_hypointensities.c,v 1.13 2015/05/15 18:44:10 nicks Exp $  User: emilya  Machine: stone.cmrr.umn.edu  Platform: Linux  PlatformVersion: 3.13.0-168-generic  CompilerName: GCC  CompilerVersion: 40400 
#######################################
GCADIR /home/stone/software/freesurfer_stable_600/average
GCA RB_all_2016-05-10.vc700.gca
GCASkull RB_all_withskull_2016-05-10.vc700.gca
AvgCurvTif folding.atlas.acfb40.noaparc.i12.2016-08-02.tif
GCSDIR /home/stone/software/freesurfer_stable_600/average
GCS DKaparc.atlas.acfb40.noaparc.i12.2016-08-02.gcs
#######################################
#--------------------------------------------
#@# Intensity Normalization2 Sat Jun 22 22:19:08 CDT 2019
/home/stone-ext1/freesurfer/subjects/FS6EXPERT_subj01_ver10/mri

 mri_normalize -f /home/stone-ext1/freesurfer/subjects/FS6EXPERT_subj01_ver10/tmp/control.dat -mprage -noconform -aseg aseg.presurf.mgz -mask brainmask.mgz norm.mgz brain.mgz 

using control points from file /home/stone-ext1/freesurfer/subjects/FS6EXPERT_subj01_ver10/tmp/control.dat...
assuming input volume is MGH (Van der Kouwe) MP-RAGE
not interpolating and embedding volume to be 256^3...
using segmentation for initial intensity normalization
using MR volume brainmask.mgz to mask input volume...
reading from norm.mgz...
Reading aseg aseg.presurf.mgz
normalizing image...
Reading 682 control points...
only using 682 control points from file, mean 66.2, scaling by 1.66...
building Voronoi diagram...
performing soap bubble smoothing, sigma = 8...
processing with aseg
removing outliers in the aseg WM...
1475 control points removed
Building bias image
building Voronoi diagram...
performing soap bubble smoothing, sigma = 0...
Smoothing with sigma 8
Applying bias correction
building Voronoi diagram...
performing soap bubble smoothing, sigma = 8...

Iterating 2 times
---------------------------------
3d normalization pass 1 of 2
white matter peak found at 110
white matter peak found at 110
gm peak at 82 (82), valley at 52 (52)
csf peak at 33, setting threshold to 65
building Voronoi diagram...
performing soap bubble smoothing, sigma = 8...
---------------------------------
3d normalization pass 2 of 2
white matter peak found at 110
white matter peak found at 110
gm peak at 81 (81), valley at 49 (49)
csf peak at 33, setting threshold to 65
building Voronoi diagram...
performing soap bubble smoothing, sigma = 8...
Done iterating ---------------------------------
******* WARNING - forcing scaling of values to prevent cropping of input [ 0, 290]
***** DISABLING forcing and not doing scaling ********
writing output to brain.mgz
3D bias adjustment took 11 minutes and 57 seconds.
#--------------------------------------------
#@# Mask BFS Sat Jun 22 22:31:08 CDT 2019
/home/stone-ext1/freesurfer/subjects/FS6EXPERT_subj01_ver10/mri

 mri_mask -T 5 brain.mgz brainmask.mgz brain.finalsurfs.mgz 

threshold mask volume at 5
DoAbs = 0
Found 3412535 voxels in mask (pct= 10.41)
Writing masked volume to brain.finalsurfs.mgz...done.
#--------------------------------------------
#@# WM Segmentation Sat Jun 22 22:31:11 CDT 2019

 mri_binarize --i wm.mgz --min 255 --max 255 --o wm255.mgz --count wm255.txt 


$Id: mri_binarize.c,v 1.43 2016/06/09 20:46:21 greve Exp $
cwd /home/stone-ext1/freesurfer/subjects/FS6EXPERT_subj01_ver10/mri
cmdline mri_binarize.bin --i wm.mgz --min 255 --max 255 --o wm255.mgz --count wm255.txt 
sysname  Linux
hostname stone.cmrr.umn.edu
machine  x86_64
user     emilya

input      wm.mgz
frame      0
nErode3d   0
nErode2d   0
output     wm255.mgz
Binarizing based on threshold
min        255
max        255
binval        1
binvalnot     0
fstart = 0, fend = 0, nframes = 1
Found 1588 values in range
Counting number of voxels in first frame
Found 1588 voxels in final mask
Count: 1588 813.056039 32768000 0.004846
mri_binarize done

 mri_binarize --i wm.mgz --min 1 --max 1 --o wm1.mgz --count wm1.txt 


$Id: mri_binarize.c,v 1.43 2016/06/09 20:46:21 greve Exp $
cwd /home/stone-ext1/freesurfer/subjects/FS6EXPERT_subj01_ver10/mri
cmdline mri_binarize.bin --i wm.mgz --min 1 --max 1 --o wm1.mgz --count wm1.txt 
sysname  Linux
hostname stone.cmrr.umn.edu
machine  x86_64
user     emilya

input      wm.mgz
frame      0
nErode3d   0
nErode2d   0
output     wm1.mgz
Binarizing based on threshold
min        1
max        1
binval        1
binvalnot     0
fstart = 0, fend = 0, nframes = 1
Found 23011 values in range
Counting number of voxels in first frame
Found 23011 voxels in final mask
Count: 23011 11781.632560 32768000 0.070224
mri_binarize done

 rm wm1.mgz wm255.mgz 

Found wm edits: 23011 deletes, 1588 fills

 cp wm.mgz wm.seg.mgz 


 mri_segment -keep -mprage brain.mgz wm.seg.mgz 

preserving editing changes in output volume...
doing initial intensity segmentation...
using local statistics to label ambiguous voxels...
computing class statistics for intensity windows...
WM (104.0): 104.0 +- 5.9 [79.0 --> 125.0]
GM (80.0) : 78.2 +- 11.4 [30.0 --> 95.0]
setting bottom of white matter range to 89.6
setting top of gray matter range to 101.0
doing initial intensity segmentation...
using local statistics to label ambiguous voxels...
using local geometry to label remaining ambiguous voxels...

reclassifying voxels using Gaussian border classifier...

removing voxels with positive offset direction...
smoothing T1 volume with sigma = 0.250
removing 1-dimensional structures...
thickening thin strands....
20 segments, 4975 filled
6093 bright non-wm voxels segmented.
5225 diagonally connected voxels added...
white matter segmentation took 3.8 minutes
writing output to wm.seg.mgz...
assuming input volume is MGH (Van der Kouwe) MP-RAGE

 mri_edit_wm_with_aseg -keep-in wm.seg.mgz brain.mgz aseg.presurf.mgz wm.asegedit.mgz 

preserving editing changes in input volume...
auto filling took 1.24 minutes
reading wm segmentation from wm.seg.mgz...
215 voxels added to wm to prevent paths from MTL structures to cortex
8291 additional wm voxels added
0 additional wm voxels added
SEG EDIT: 74833 voxels turned on, 91321 voxels turned off.
propagating editing to output volume from wm.seg.mgz
115,126,128 old 0   new 0
115,126,128 old 0   new 0
writing edited volume to wm.asegedit.mgz....

 mri_pretess -keep wm.asegedit.mgz wm norm.mgz wm.mgz 


Iteration Number : 1
pass   1 (xy+): 100 found - 100 modified     |    TOTAL: 100
pass   2 (xy+):   0 found - 100 modified     |    TOTAL: 100
pass   1 (xy-): 101 found - 101 modified     |    TOTAL: 201
pass   2 (xy-):   0 found - 101 modified     |    TOTAL: 201
pass   1 (yz+):  75 found -  75 modified     |    TOTAL: 276
pass   2 (yz+):   0 found -  75 modified     |    TOTAL: 276
pass   1 (yz-):  76 found -  76 modified     |    TOTAL: 352
pass   2 (yz-):   0 found -  76 modified     |    TOTAL: 352
pass   1 (xz+):  77 found -  77 modified     |    TOTAL: 429
pass   2 (xz+):   0 found -  77 modified     |    TOTAL: 429
pass   1 (xz-):  91 found -  91 modified     |    TOTAL: 520
pass   2 (xz-):   0 found -  91 modified     |    TOTAL: 520
Iteration Number : 1
pass   1 (+++):  43 found -  43 modified     |    TOTAL:  43
pass   2 (+++):   0 found -  43 modified     |    TOTAL:  43
pass   1 (+++):  32 found -  32 modified     |    TOTAL:  75
pass   2 (+++):   0 found -  32 modified     |    TOTAL:  75
pass   1 (+++):  38 found -  38 modified     |    TOTAL: 113
pass   2 (+++):   0 found -  38 modified     |    TOTAL: 113
pass   1 (+++):  46 found -  46 modified     |    TOTAL: 159
pass   2 (+++):   0 found -  46 modified     |    TOTAL: 159
Iteration Number : 1
pass   1 (++): 136 found - 136 modified     |    TOTAL: 136
pass   2 (++):   0 found - 136 modified     |    TOTAL: 136
pass   1 (+-): 137 found - 137 modified     |    TOTAL: 273
pass   2 (+-):   0 found - 137 modified     |    TOTAL: 273
pass   1 (--): 123 found - 123 modified     |    TOTAL: 396
pass   2 (--):   1 found - 124 modified     |    TOTAL: 397
pass   3 (--):   0 found - 124 modified     |    TOTAL: 397
pass   1 (-+):  94 found -  94 modified     |    TOTAL: 491
pass   2 (-+):   0 found -  94 modified     |    TOTAL: 491
Iteration Number : 2
pass   1 (xy+):  20 found -  20 modified     |    TOTAL:  20
pass   2 (xy+):   0 found -  20 modified     |    TOTAL:  20
pass   1 (xy-):  11 found -  11 modified     |    TOTAL:  31
pass   2 (xy-):   0 found -  11 modified     |    TOTAL:  31
pass   1 (yz+):  12 found -  12 modified     |    TOTAL:  43
pass   2 (yz+):   0 found -  12 modified     |    TOTAL:  43
pass   1 (yz-):  14 found -  14 modified     |    TOTAL:  57
pass   2 (yz-):   0 found -  14 modified     |    TOTAL:  57
pass   1 (xz+):  13 found -  13 modified     |    TOTAL:  70
pass   2 (xz+):   0 found -  13 modified     |    TOTAL:  70
pass   1 (xz-):   9 found -   9 modified     |    TOTAL:  79
pass   2 (xz-):   0 found -   9 modified     |    TOTAL:  79
Iteration Number : 2
pass   1 (+++):   1 found -   1 modified     |    TOTAL:   1
pass   2 (+++):   0 found -   1 modified     |    TOTAL:   1
pass   1 (+++):   3 found -   3 modified     |    TOTAL:   4
pass   2 (+++):   0 found -   3 modified     |    TOTAL:   4
pass   1 (+++):   2 found -   2 modified     |    TOTAL:   6
pass   2 (+++):   0 found -   2 modified     |    TOTAL:   6
pass   1 (+++):   0 found -   0 modified     |    TOTAL:   6
Iteration Number : 2
pass   1 (++):   9 found -   9 modified     |    TOTAL:   9
pass   2 (++):   0 found -   9 modified     |    TOTAL:   9
pass   1 (+-):   7 found -   7 modified     |    TOTAL:  16
pass   2 (+-):   0 found -   7 modified     |    TOTAL:  16
pass   1 (--):   6 found -   6 modified     |    TOTAL:  22
pass   2 (--):   0 found -   6 modified     |    TOTAL:  22
pass   1 (-+):   9 found -   9 modified     |    TOTAL:  31
pass   2 (-+):   0 found -   9 modified     |    TOTAL:  31
Iteration Number : 3
pass   1 (xy+):   0 found -   0 modified     |    TOTAL:   0
pass   1 (xy-):   1 found -   1 modified     |    TOTAL:   1
pass   2 (xy-):   0 found -   1 modified     |    TOTAL:   1
pass   1 (yz+):   1 found -   1 modified     |    TOTAL:   2
pass   2 (yz+):   0 found -   1 modified     |    TOTAL:   2
pass   1 (yz-):   0 found -   0 modified     |    TOTAL:   2
pass   1 (xz+):   0 found -   0 modified     |    TOTAL:   2
pass   1 (xz-):   0 found -   0 modified     |    TOTAL:   2
Iteration Number : 3
pass   1 (+++):   0 found -   0 modified     |    TOTAL:   0
pass   1 (+++):   0 found -   0 modified     |    TOTAL:   0
pass   1 (+++):   0 found -   0 modified     |    TOTAL:   0
pass   1 (+++):   0 found -   0 modified     |    TOTAL:   0
Iteration Number : 3
pass   1 (++):   0 found -   0 modified     |    TOTAL:   0
pass   1 (+-):   0 found -   0 modified     |    TOTAL:   0
pass   1 (--):   0 found -   0 modified     |    TOTAL:   0
pass   1 (-+):   1 found -   1 modified     |    TOTAL:   1
pass   2 (-+):   0 found -   1 modified     |    TOTAL:   1
Iteration Number : 4
pass   1 (xy+):   0 found -   0 modified     |    TOTAL:   0
pass   1 (xy-):   0 found -   0 modified     |    TOTAL:   0
pass   1 (yz+):   0 found -   0 modified     |    TOTAL:   0
pass   1 (yz-):   0 found -   0 modified     |    TOTAL:   0
pass   1 (xz+):   0 found -   0 modified     |    TOTAL:   0
pass   1 (xz-):   0 found -   0 modified     |    TOTAL:   0
Iteration Number : 4
pass   1 (+++):   0 found -   0 modified     |    TOTAL:   0
pass   1 (+++):   0 found -   0 modified     |    TOTAL:   0
pass   1 (+++):   0 found -   0 modified     |    TOTAL:   0
pass   1 (+++):   0 found -   0 modified     |    TOTAL:   0
Iteration Number : 4
pass   1 (++):   0 found -   0 modified     |    TOTAL:   0
pass   1 (+-):   0 found -   0 modified     |    TOTAL:   0
pass   1 (--):   0 found -   0 modified     |    TOTAL:   0
pass   1 (-+):   0 found -   0 modified     |    TOTAL:   0

Total Number of Modified Voxels = 1289 (out of 1038191: 0.124158)
keeping edits
binarizing input wm segmentation...
Ambiguous edge configurations... 

Searching for edits to keep ...
  kept 1588 WM ON voxels
  kept 23011 WM OFF voxels

mri_pretess done

#--------------------------------------------
#@# Fill Sat Jun 22 22:36:42 CDT 2019
/home/stone-ext1/freesurfer/subjects/FS6EXPERT_subj01_ver10/mri

 mri_fill -a ../scripts/ponscc.cut.log -xform transforms/talairach.lta -segmentation aseg.auto_noCCseg.mgz wm.mgz filled.mgz 

logging cutting plane coordinates to ../scripts/ponscc.cut.log...
INFO: Using transforms/talairach.lta and its offset for Talairach volume ...
using segmentation aseg.auto_noCCseg.mgz...
reading input volume...done.
searching for cutting planes...voxel to talairach voxel transform
 1.07221   0.06931  -0.02075  -21.58572;
-0.05309   1.01265   0.02947  -5.34529;
 0.02550  -0.03209   0.95675  -13.15640;
 0.00000   0.00000   0.00000   1.00000;
voxel to talairach voxel transform
 1.07221   0.06931  -0.02075  -21.58572;
-0.05309   1.01265   0.02947  -5.34529;
 0.02550  -0.03209   0.95675  -13.15640;
 0.00000   0.00000   0.00000   1.00000;
reading segmented volume aseg.auto_noCCseg.mgz...
Looking for area (min, max) = (546, 2188)
area[0] = 1478 (min = 546, max = 2188), aspect = 0.43 (min = 0.10, max = 0.75)
no need to search
using seed (158, 146, 113), TAL = (1.6, -37.6, 11.2)
talairach voxel to voxel transform
 0.92901  -0.06288   0.02209   20.00780;
 0.04937   0.98320  -0.02921   5.93686;
-0.02310   0.03465   1.04364   13.41711;
 0.00000   0.00000   0.00000   1.00000;
segmentation indicates cc at (158,  146,  113) --> (1.6, -37.6, 11.2)
done.
writing output to filled.mgz...
filling took 2.1 minutes
talairach cc position changed to (1.60, -37.60, 11.20)
Erasing brainstem...done.
seed_search_size = 12, min_neighbors = 5
search rh wm seed point around talairach space:(19.60, -37.60, 11.20) SRC: (139.20, 152.87, 133.28)
search lh wm seed point around talairach space (-16.40, -37.60, 11.20), SRC: (181.01, 155.09, 132.24)
compute mri_fill using aseg
Erasing Brain Stem and Cerebellum ...
Define left and right masks using aseg:
Building Voronoi diagram ...
Using the Voronoi diagram to separate WM into two hemispheres ...
Find the largest connected component for each hemisphere ...
#--------------------------------------------
#@# Tessellate lh Sat Jun 22 22:38:50 CDT 2019
/home/stone-ext1/freesurfer/subjects/FS6EXPERT_subj01_ver10/scripts

 mri_pretess ../mri/filled.mgz 255 ../mri/norm.mgz ../mri/filled-pretess255.mgz 


Iteration Number : 1
pass   1 (xy+):  11 found -  11 modified     |    TOTAL:  11
pass   2 (xy+):   0 found -  11 modified     |    TOTAL:  11
pass   1 (xy-):  26 found -  26 modified     |    TOTAL:  37
pass   2 (xy-):   0 found -  26 modified     |    TOTAL:  37
pass   1 (yz+):  11 found -  11 modified     |    TOTAL:  48
pass   2 (yz+):   0 found -  11 modified     |    TOTAL:  48
pass   1 (yz-):  12 found -  12 modified     |    TOTAL:  60
pass   2 (yz-):   0 found -  12 modified     |    TOTAL:  60
pass   1 (xz+):  13 found -  13 modified     |    TOTAL:  73
pass   2 (xz+):   0 found -  13 modified     |    TOTAL:  73
pass   1 (xz-):  14 found -  14 modified     |    TOTAL:  87
pass   2 (xz-):   0 found -  14 modified     |    TOTAL:  87
Iteration Number : 1
pass   1 (+++):  14 found -  14 modified     |    TOTAL:  14
pass   2 (+++):   0 found -  14 modified     |    TOTAL:  14
pass   1 (+++):   4 found -   4 modified     |    TOTAL:  18
pass   2 (+++):   0 found -   4 modified     |    TOTAL:  18
pass   1 (+++):   0 found -   0 modified     |    TOTAL:  18
pass   1 (+++):   2 found -   2 modified     |    TOTAL:  20
pass   2 (+++):   0 found -   2 modified     |    TOTAL:  20
Iteration Number : 1
pass   1 (++):  14 found -  14 modified     |    TOTAL:  14
pass   2 (++):   0 found -  14 modified     |    TOTAL:  14
pass   1 (+-):   9 found -   9 modified     |    TOTAL:  23
pass   2 (+-):   0 found -   9 modified     |    TOTAL:  23
pass   1 (--):   5 found -   5 modified     |    TOTAL:  28
pass   2 (--):   0 found -   5 modified     |    TOTAL:  28
pass   1 (-+):   5 found -   5 modified     |    TOTAL:  33
pass   2 (-+):   0 found -   5 modified     |    TOTAL:  33
Iteration Number : 2
pass   1 (xy+):   4 found -   4 modified     |    TOTAL:   4
pass   2 (xy+):   0 found -   4 modified     |    TOTAL:   4
pass   1 (xy-):   0 found -   0 modified     |    TOTAL:   4
pass   1 (yz+):   1 found -   1 modified     |    TOTAL:   5
pass   2 (yz+):   0 found -   1 modified     |    TOTAL:   5
pass   1 (yz-):   1 found -   1 modified     |    TOTAL:   6
pass   2 (yz-):   0 found -   1 modified     |    TOTAL:   6
pass   1 (xz+):   3 found -   3 modified     |    TOTAL:   9
pass   2 (xz+):   0 found -   3 modified     |    TOTAL:   9
pass   1 (xz-):   1 found -   1 modified     |    TOTAL:  10
pass   2 (xz-):   0 found -   1 modified     |    TOTAL:  10
Iteration Number : 2
pass   1 (+++):   0 found -   0 modified     |    TOTAL:   0
pass   1 (+++):   0 found -   0 modified     |    TOTAL:   0
pass   1 (+++):   0 found -   0 modified     |    TOTAL:   0
pass   1 (+++):   0 found -   0 modified     |    TOTAL:   0
Iteration Number : 2
pass   1 (++):   2 found -   2 modified     |    TOTAL:   2
pass   2 (++):   0 found -   2 modified     |    TOTAL:   2
pass   1 (+-):   0 found -   0 modified     |    TOTAL:   2
pass   1 (--):   2 found -   2 modified     |    TOTAL:   4
pass   2 (--):   0 found -   2 modified     |    TOTAL:   4
pass   1 (-+):   0 found -   0 modified     |    TOTAL:   4
Iteration Number : 3
pass   1 (xy+):   0 found -   0 modified     |    TOTAL:   0
pass   1 (xy-):   1 found -   1 modified     |    TOTAL:   1
pass   2 (xy-):   0 found -   1 modified     |    TOTAL:   1
pass   1 (yz+):   0 found -   0 modified     |    TOTAL:   1
pass   1 (yz-):   0 found -   0 modified     |    TOTAL:   1
pass   1 (xz+):   0 found -   0 modified     |    TOTAL:   1
pass   1 (xz-):   0 found -   0 modified     |    TOTAL:   1
Iteration Number : 3
pass   1 (+++):   0 found -   0 modified     |    TOTAL:   0
pass   1 (+++):   0 found -   0 modified     |    TOTAL:   0
pass   1 (+++):   0 found -   0 modified     |    TOTAL:   0
pass   1 (+++):   0 found -   0 modified     |    TOTAL:   0
Iteration Number : 3
pass   1 (++):   0 found -   0 modified     |    TOTAL:   0
pass   1 (+-):   0 found -   0 modified     |    TOTAL:   0
pass   1 (--):   0 found -   0 modified     |    TOTAL:   0
pass   1 (-+):   0 found -   0 modified     |    TOTAL:   0
Iteration Number : 4
pass   1 (xy+):   0 found -   0 modified     |    TOTAL:   0
pass   1 (xy-):   0 found -   0 modified     |    TOTAL:   0
pass   1 (yz+):   0 found -   0 modified     |    TOTAL:   0
pass   1 (yz-):   0 found -   0 modified     |    TOTAL:   0
pass   1 (xz+):   0 found -   0 modified     |    TOTAL:   0
pass   1 (xz-):   0 found -   0 modified     |    TOTAL:   0
Iteration Number : 4
pass   1 (+++):   0 found -   0 modified     |    TOTAL:   0
pass   1 (+++):   0 found -   0 modified     |    TOTAL:   0
pass   1 (+++):   0 found -   0 modified     |    TOTAL:   0
pass   1 (+++):   0 found -   0 modified     |    TOTAL:   0
Iteration Number : 4
pass   1 (++):   0 found -   0 modified     |    TOTAL:   0
pass   1 (+-):   0 found -   0 modified     |    TOTAL:   0
pass   1 (--):   0 found -   0 modified     |    TOTAL:   0
pass   1 (-+):   0 found -   0 modified     |    TOTAL:   0

Total Number of Modified Voxels = 155 (out of 501502: 0.030907)
Ambiguous edge configurations... 

mri_pretess done


 mri_tessellate ../mri/filled-pretess255.mgz 255 ../surf/lh.orig.nofix 

$Id: mri_tessellate.c,v 1.38.2.1 2016/07/26 18:46:38 zkaufman Exp $
  $Id: mrisurf.c,v 1.781.2.6 2016/12/27 16:47:14 zkaufman Exp $
slice 60: 3243 vertices, 3454 faces
slice 70: 11134 vertices, 11434 faces
slice 80: 21217 vertices, 21632 faces
slice 90: 34331 vertices, 34794 faces
slice 100: 48295 vertices, 48749 faces
slice 110: 61993 vertices, 62459 faces
slice 120: 75272 vertices, 75747 faces
slice 130: 89327 vertices, 89846 faces
slice 140: 104800 vertices, 105267 faces
slice 150: 119410 vertices, 119956 faces
slice 160: 133858 vertices, 134355 faces
slice 170: 148305 vertices, 148819 faces
slice 180: 161502 vertices, 161960 faces
slice 190: 173306 vertices, 173741 faces
slice 200: 183739 vertices, 184144 faces
slice 210: 193089 vertices, 193448 faces
slice 220: 202061 vertices, 202394 faces
slice 230: 210360 vertices, 210710 faces
slice 240: 217841 vertices, 218136 faces
slice 250: 224074 vertices, 224328 faces
slice 260: 228148 vertices, 228266 faces
slice 270: 228882 vertices, 228928 faces
slice 280: 228882 vertices, 228928 faces
slice 290: 228882 vertices, 228928 faces
slice 300: 228882 vertices, 228928 faces
slice 310: 228882 vertices, 228928 faces
slice 320: 228882 vertices, 228928 faces
using the conformed surface RAS to save vertex points...
writing ../surf/lh.orig.nofix
using vox2ras matrix:
-0.80000   0.00000   0.00000   128.00000;
 0.00000   0.00000   0.80000  -128.00000;
 0.00000  -0.80000   0.00000   128.00000;
 0.00000   0.00000   0.00000   1.00000;

 rm -f ../mri/filled-pretess255.mgz 


 mris_extract_main_component ../surf/lh.orig.nofix ../surf/lh.orig.nofix 


counting number of connected components...
   228874 voxel in cpt #1: X=-48 [v=228874,e=686766,f=457844] located at (-26.873516, -9.266643, 8.074595)
   8 voxel in cpt #2: X=2 [v=8,e=18,f=12] located at (-19.200005, 12.000008, -12.000008)
For the whole surface: X=-46 [v=228882,e=686784,f=457856]
2 components have been found
keeping component #1 with 228874 vertices
done

#--------------------------------------------
#@# Tessellate rh Sat Jun 22 22:39:05 CDT 2019
/home/stone-ext1/freesurfer/subjects/FS6EXPERT_subj01_ver10/scripts

 mri_pretess ../mri/filled.mgz 127 ../mri/norm.mgz ../mri/filled-pretess127.mgz 


Iteration Number : 1
pass   1 (xy+):  31 found -  31 modified     |    TOTAL:  31
pass   2 (xy+):   0 found -  31 modified     |    TOTAL:  31
pass   1 (xy-):  22 found -  22 modified     |    TOTAL:  53
pass   2 (xy-):   0 found -  22 modified     |    TOTAL:  53
pass   1 (yz+):  22 found -  22 modified     |    TOTAL:  75
pass   2 (yz+):   0 found -  22 modified     |    TOTAL:  75
pass   1 (yz-):  18 found -  18 modified     |    TOTAL:  93
pass   2 (yz-):   0 found -  18 modified     |    TOTAL:  93
pass   1 (xz+):  26 found -  26 modified     |    TOTAL: 119
pass   2 (xz+):   0 found -  26 modified     |    TOTAL: 119
pass   1 (xz-):  27 found -  27 modified     |    TOTAL: 146
pass   2 (xz-):   0 found -  27 modified     |    TOTAL: 146
Iteration Number : 1
pass   1 (+++):   7 found -   7 modified     |    TOTAL:   7
pass   2 (+++):   0 found -   7 modified     |    TOTAL:   7
pass   1 (+++):   0 found -   0 modified     |    TOTAL:   7
pass   1 (+++):   5 found -   5 modified     |    TOTAL:  12
pass   2 (+++):   0 found -   5 modified     |    TOTAL:  12
pass   1 (+++):   7 found -   7 modified     |    TOTAL:  19
pass   2 (+++):   0 found -   7 modified     |    TOTAL:  19
Iteration Number : 1
pass   1 (++):  11 found -  11 modified     |    TOTAL:  11
pass   2 (++):   0 found -  11 modified     |    TOTAL:  11
pass   1 (+-):   8 found -   8 modified     |    TOTAL:  19
pass   2 (+-):   0 found -   8 modified     |    TOTAL:  19
pass   1 (--):  26 found -  26 modified     |    TOTAL:  45
pass   2 (--):   0 found -  26 modified     |    TOTAL:  45
pass   1 (-+):   9 found -   9 modified     |    TOTAL:  54
pass   2 (-+):   0 found -   9 modified     |    TOTAL:  54
Iteration Number : 2
pass   1 (xy+):   3 found -   3 modified     |    TOTAL:   3
pass   2 (xy+):   0 found -   3 modified     |    TOTAL:   3
pass   1 (xy-):   5 found -   5 modified     |    TOTAL:   8
pass   2 (xy-):   0 found -   5 modified     |    TOTAL:   8
pass   1 (yz+):   4 found -   4 modified     |    TOTAL:  12
pass   2 (yz+):   0 found -   4 modified     |    TOTAL:  12
pass   1 (yz-):   0 found -   0 modified     |    TOTAL:  12
pass   1 (xz+):   1 found -   1 modified     |    TOTAL:  13
pass   2 (xz+):   0 found -   1 modified     |    TOTAL:  13
pass   1 (xz-):   2 found -   2 modified     |    TOTAL:  15
pass   2 (xz-):   0 found -   2 modified     |    TOTAL:  15
Iteration Number : 2
pass   1 (+++):   0 found -   0 modified     |    TOTAL:   0
pass   1 (+++):   1 found -   1 modified     |    TOTAL:   1
pass   2 (+++):   0 found -   1 modified     |    TOTAL:   1
pass   1 (+++):   0 found -   0 modified     |    TOTAL:   1
pass   1 (+++):   0 found -   0 modified     |    TOTAL:   1
Iteration Number : 2
pass   1 (++):   1 found -   1 modified     |    TOTAL:   1
pass   2 (++):   0 found -   1 modified     |    TOTAL:   1
pass   1 (+-):   2 found -   2 modified     |    TOTAL:   3
pass   2 (+-):   0 found -   2 modified     |    TOTAL:   3
pass   1 (--):   0 found -   0 modified     |    TOTAL:   3
pass   1 (-+):   3 found -   3 modified     |    TOTAL:   6
pass   2 (-+):   0 found -   3 modified     |    TOTAL:   6
Iteration Number : 3
pass   1 (xy+):   0 found -   0 modified     |    TOTAL:   0
pass   1 (xy-):   0 found -   0 modified     |    TOTAL:   0
pass   1 (yz+):   0 found -   0 modified     |    TOTAL:   0
pass   1 (yz-):   0 found -   0 modified     |    TOTAL:   0
pass   1 (xz+):   0 found -   0 modified     |    TOTAL:   0
pass   1 (xz-):   0 found -   0 modified     |    TOTAL:   0
Iteration Number : 3
pass   1 (+++):   0 found -   0 modified     |    TOTAL:   0
pass   1 (+++):   0 found -   0 modified     |    TOTAL:   0
pass   1 (+++):   0 found -   0 modified     |    TOTAL:   0
pass   1 (+++):   0 found -   0 modified     |    TOTAL:   0
Iteration Number : 3
pass   1 (++):   0 found -   0 modified     |    TOTAL:   0
pass   1 (+-):   0 found -   0 modified     |    TOTAL:   0
pass   1 (--):   0 found -   0 modified     |    TOTAL:   0
pass   1 (-+):   0 found -   0 modified     |    TOTAL:   0

Total Number of Modified Voxels = 241 (out of 500567: 0.048145)
Ambiguous edge configurations... 

mri_pretess done


 mri_tessellate ../mri/filled-pretess127.mgz 127 ../surf/rh.orig.nofix 

$Id: mri_tessellate.c,v 1.38.2.1 2016/07/26 18:46:38 zkaufman Exp $
  $Id: mrisurf.c,v 1.781.2.6 2016/12/27 16:47:14 zkaufman Exp $
slice 60: 653 vertices, 733 faces
slice 70: 5468 vertices, 5696 faces
slice 80: 13547 vertices, 13860 faces
slice 90: 23406 vertices, 23824 faces
slice 100: 35877 vertices, 36374 faces
slice 110: 49460 vertices, 49945 faces
slice 120: 63914 vertices, 64357 faces
slice 130: 76813 vertices, 77295 faces
slice 140: 92965 vertices, 93501 faces
slice 150: 107839 vertices, 108325 faces
slice 160: 122719 vertices, 123243 faces
slice 170: 136893 vertices, 137431 faces
slice 180: 151763 vertices, 152272 faces
slice 190: 166587 vertices, 167206 faces
slice 200: 179473 vertices, 179968 faces
slice 210: 190174 vertices, 190643 faces
slice 220: 200757 vertices, 201182 faces
slice 230: 209484 vertices, 209913 faces
slice 240: 217817 vertices, 218143 faces
slice 250: 224756 vertices, 225090 faces
slice 260: 229926 vertices, 230159 faces
slice 270: 230862 vertices, 230972 faces
slice 280: 230862 vertices, 230972 faces
slice 290: 230862 vertices, 230972 faces
slice 300: 230862 vertices, 230972 faces
slice 310: 230862 vertices, 230972 faces
slice 320: 230862 vertices, 230972 faces
using the conformed surface RAS to save vertex points...
writing ../surf/rh.orig.nofix
using vox2ras matrix:
-0.80000   0.00000   0.00000   128.00000;
 0.00000   0.00000   0.80000  -128.00000;
 0.00000  -0.80000   0.00000   128.00000;
 0.00000   0.00000   0.00000   1.00000;

 rm -f ../mri/filled-pretess127.mgz 


 mris_extract_main_component ../surf/rh.orig.nofix ../surf/rh.orig.nofix 


counting number of connected components...
   230826 voxel in cpt #1: X=-118 [v=230826,e=692832,f=461888] located at (26.526552, -3.448500, 8.142468)
   8 voxel in cpt #2: X=2 [v=8,e=18,f=12] located at (28.799999, 13.599998, -42.400002)
   8 voxel in cpt #3: X=2 [v=8,e=18,f=12] located at (19.199997, 21.599998, -32.000008)
   8 voxel in cpt #4: X=2 [v=8,e=18,f=12] located at (3.199997, 52.000015, -22.400002)
   12 voxel in cpt #5: X=2 [v=12,e=30,f=20] located at (4.000000, 54.799999, -20.800003)
For the whole surface: X=-110 [v=230862,e=692916,f=461944]
5 components have been found
keeping component #1 with 230826 vertices
done

#--------------------------------------------
#@# Smooth1 lh Sat Jun 22 22:39:22 CDT 2019
/home/stone-ext1/freesurfer/subjects/FS6EXPERT_subj01_ver10/scripts

 mris_smooth -nw -seed 1234 ../surf/lh.orig.nofix ../surf/lh.smoothwm.nofix 

setting seed for random number generator to 1234
smoothing surface tessellation for 10 iterations...
smoothing complete - recomputing first and second fundamental forms...
#--------------------------------------------
#@# Smooth1 rh Sat Jun 22 22:39:36 CDT 2019
/home/stone-ext1/freesurfer/subjects/FS6EXPERT_subj01_ver10/scripts

 mris_smooth -nw -seed 1234 ../surf/rh.orig.nofix ../surf/rh.smoothwm.nofix 

setting seed for random number generator to 1234
smoothing surface tessellation for 10 iterations...
smoothing complete - recomputing first and second fundamental forms...
#--------------------------------------------
#@# Inflation1 lh Sat Jun 22 22:39:50 CDT 2019
/home/stone-ext1/freesurfer/subjects/FS6EXPERT_subj01_ver10/scripts

 mris_inflate -no-save-sulc -n 50 ../surf/lh.smoothwm.nofix ../surf/lh.inflated.nofix 

niterations = 50
Not saving sulc
Reading ../surf/lh.smoothwm.nofix
avg radius = 48.4 mm, total surface area = 81917 mm^2
writing inflated surface to ../surf/lh.inflated.nofix
inflation took 3.9 minutes
step 000: RMS=0.137 (target=0.015)   step 005: RMS=0.106 (target=0.015)   step 010: RMS=0.079 (target=0.015)   step 015: RMS=0.067 (target=0.015)   step 020: RMS=0.059 (target=0.015)   step 025: RMS=0.052 (target=0.015)   step 030: RMS=0.045 (target=0.015)   step 035: RMS=0.041 (target=0.015)   step 040: RMS=0.038 (target=0.015)   step 045: RMS=0.035 (target=0.015)   step 050: RMS=0.033 (target=0.015)   step 055: RMS=0.031 (target=0.015)   step 060: RMS=0.030 (target=0.015)   step 065: RMS=0.030 (target=0.015)   step 070: RMS=0.029 (target=0.015)   step 075: RMS=0.029 (target=0.015)   step 080: RMS=0.028 (target=0.015)   step 085: RMS=0.028 (target=0.015)   step 090: RMS=0.027 (target=0.015)   step 095: RMS=0.027 (target=0.015)   step 100: RMS=0.027 (target=0.015)   step 105: RMS=0.027 (target=0.015)   step 110: RMS=0.027 (target=0.015)   step 115: RMS=0.027 (target=0.015)   step 120: RMS=0.027 (target=0.015)   step 125: RMS=0.026 (target=0.015)   step 130: RMS=0.026 (target=0.015)   step 135: RMS=0.026 (target=0.015)   step 140: RMS=0.026 (target=0.015)   step 145: RMS=0.026 (target=0.015)   step 150: RMS=0.026 (target=0.015)   step 155: RMS=0.026 (target=0.015)   step 160: RMS=0.026 (target=0.015)   step 165: RMS=0.026 (target=0.015)   step 170: RMS=0.026 (target=0.015)   step 175: RMS=0.026 (target=0.015)   step 180: RMS=0.026 (target=0.015)   step 185: RMS=0.026 (target=0.015)   step 190: RMS=0.026 (target=0.015)   step 195: RMS=0.026 (target=0.015)   step 200: RMS=0.026 (target=0.015)   step 205: RMS=0.026 (target=0.015)   step 210: RMS=0.026 (target=0.015)   step 215: RMS=0.026 (target=0.015)   step 220: RMS=0.026 (target=0.015)   step 225: RMS=0.026 (target=0.015)   step 230: RMS=0.026 (target=0.015)   step 235: RMS=0.026 (target=0.015)   step 240: RMS=0.026 (target=0.015)   step 245: RMS=0.026 (target=0.015)   step 250: RMS=0.026 (target=0.015)   step 255: RMS=0.026 (target=0.015)   step 260: RMS=0.027 (target=0.015)   step 265: RMS=0.028 (target=0.015)   step 270: RMS=0.027 (target=0.015)   step 275: RMS=0.027 (target=0.015)   step 280: RMS=0.027 (target=0.015)   step 285: RMS=0.027 (target=0.015)   step 290: RMS=0.027 (target=0.015)   step 295: RMS=0.027 (target=0.015)   step 300: RMS=0.027 (target=0.015)   
inflation complete.
Not saving sulc
mris_inflate utimesec    1480.232620
mris_inflate stimesec    18.385592
mris_inflate ru_maxrss   369076
mris_inflate ru_ixrss    0
mris_inflate ru_idrss    0
mris_inflate ru_isrss    0
mris_inflate ru_minflt   1786044
mris_inflate ru_majflt   0
mris_inflate ru_nswap    0
mris_inflate ru_inblock  0
mris_inflate ru_oublock  16104
mris_inflate ru_msgsnd   0
mris_inflate ru_msgrcv   0
mris_inflate ru_nsignals 0
mris_inflate ru_nvcsw    374937
mris_inflate ru_nivcsw   264171
#--------------------------------------------
#@# Inflation1 rh Sat Jun 22 22:43:43 CDT 2019
/home/stone-ext1/freesurfer/subjects/FS6EXPERT_subj01_ver10/scripts

 mris_inflate -no-save-sulc -n 50 ../surf/rh.smoothwm.nofix ../surf/rh.inflated.nofix 

niterations = 50
Not saving sulc
Reading ../surf/rh.smoothwm.nofix
avg radius = 47.5 mm, total surface area = 82720 mm^2
writing inflated surface to ../surf/rh.inflated.nofix
inflation took 3.6 minutes
step 000: RMS=0.140 (target=0.015)   step 005: RMS=0.109 (target=0.015)   step 010: RMS=0.084 (target=0.015)   step 015: RMS=0.072 (target=0.015)   step 020: RMS=0.064 (target=0.015)   step 025: RMS=0.058 (target=0.015)   step 030: RMS=0.052 (target=0.015)   step 035: RMS=0.049 (target=0.015)   step 040: RMS=0.045 (target=0.015)   step 045: RMS=0.043 (target=0.015)   step 050: RMS=0.042 (target=0.015)   step 055: RMS=0.040 (target=0.015)   step 060: RMS=0.039 (target=0.015)   step 065: RMS=0.039 (target=0.015)   step 070: RMS=0.038 (target=0.015)   step 075: RMS=0.038 (target=0.015)   step 080: RMS=0.038 (target=0.015)   step 085: RMS=0.038 (target=0.015)   step 090: RMS=0.037 (target=0.015)   step 095: RMS=0.037 (target=0.015)   step 100: RMS=0.037 (target=0.015)   step 105: RMS=0.037 (target=0.015)   step 110: RMS=0.037 (target=0.015)   step 115: RMS=0.037 (target=0.015)   step 120: RMS=0.037 (target=0.015)   step 125: RMS=0.037 (target=0.015)   step 130: RMS=0.037 (target=0.015)   step 135: RMS=0.037 (target=0.015)   step 140: RMS=0.037 (target=0.015)   step 145: RMS=0.037 (target=0.015)   step 150: RMS=0.036 (target=0.015)   step 155: RMS=0.037 (target=0.015)   step 160: RMS=0.037 (target=0.015)   step 165: RMS=0.037 (target=0.015)   step 170: RMS=0.037 (target=0.015)   step 175: RMS=0.036 (target=0.015)   step 180: RMS=0.037 (target=0.015)   step 185: RMS=0.037 (target=0.015)   step 190: RMS=0.037 (target=0.015)   step 195: RMS=0.036 (target=0.015)   step 200: RMS=0.036 (target=0.015)   step 205: RMS=0.036 (target=0.015)   step 210: RMS=0.037 (target=0.015)   step 215: RMS=0.037 (target=0.015)   step 220: RMS=0.037 (target=0.015)   step 225: RMS=0.037 (target=0.015)   step 230: RMS=0.037 (target=0.015)   step 235: RMS=0.037 (target=0.015)   step 240: RMS=0.037 (target=0.015)   step 245: RMS=0.037 (target=0.015)   step 250: RMS=0.037 (target=0.015)   step 255: RMS=0.037 (target=0.015)   step 260: RMS=0.038 (target=0.015)   step 265: RMS=0.038 (target=0.015)   step 270: RMS=0.038 (target=0.015)   step 275: RMS=0.038 (target=0.015)   step 280: RMS=0.038 (target=0.015)   step 285: RMS=0.038 (target=0.015)   step 290: RMS=0.038 (target=0.015)   step 295: RMS=0.038 (target=0.015)   step 300: RMS=0.038 (target=0.015)   
inflation complete.
Not saving sulc
mris_inflate utimesec    1463.725561
mris_inflate stimesec    14.754187
mris_inflate ru_maxrss   371928
mris_inflate ru_ixrss    0
mris_inflate ru_idrss    0
mris_inflate ru_isrss    0
mris_inflate ru_minflt   1274930
mris_inflate ru_majflt   0
mris_inflate ru_nswap    0
mris_inflate ru_inblock  0
mris_inflate ru_oublock  16240
mris_inflate ru_msgsnd   0
mris_inflate ru_msgrcv   0
mris_inflate ru_nsignals 0
mris_inflate ru_nvcsw    368302
mris_inflate ru_nivcsw   250766
#--------------------------------------------
#@# QSphere lh Sat Jun 22 22:47:16 CDT 2019
/home/stone-ext1/freesurfer/subjects/FS6EXPERT_subj01_ver10/scripts

 mris_sphere -q -seed 1234 ../surf/lh.inflated.nofix ../surf/lh.qsphere.nofix 

doing quick spherical unfolding.
setting seed for random number genererator to 1234
$Id: mris_sphere.c,v 1.61 2016/01/20 23:42:15 greve Exp $
  $Id: mrisurf.c,v 1.781.2.6 2016/12/27 16:47:14 zkaufman Exp $
reading original vertex positions...
unfolding cortex into spherical form...
surface projected - minimizing metric distortion...
vertex spacing 0.75 +- 0.43 (0.00-->5.37) (max @ vno 88756 --> 90371)
face area 0.02 +- 0.02 (-0.07-->0.41)

== Number of threads available to mris_sphere for OpenMP = 32 == 
scaling brain by 0.290...
inflating to sphere (rms error < 2.00)
000: dt: 0.0000, rms radial error=175.584, avgs=0
005/300: dt: 0.9000, rms radial error=175.325, avgs=0
010/300: dt: 0.9000, rms radial error=174.769, avgs=0
015/300: dt: 0.9000, rms radial error=174.037, avgs=0
020/300: dt: 0.9000, rms radial error=173.204, avgs=0
025/300: dt: 0.9000, rms radial error=172.313, avgs=0
030/300: dt: 0.9000, rms radial error=171.390, avgs=0
035/300: dt: 0.9000, rms radial error=170.451, avgs=0
040/300: dt: 0.9000, rms radial error=169.504, avgs=0
045/300: dt: 0.9000, rms radial error=168.554, avgs=0
050/300: dt: 0.9000, rms radial error=167.606, avgs=0
055/300: dt: 0.9000, rms radial error=166.660, avgs=0
060/300: dt: 0.9000, rms radial error=165.718, avgs=0
065/300: dt: 0.9000, rms radial error=164.780, avgs=0
070/300: dt: 0.9000, rms radial error=163.847, avgs=0
075/300: dt: 0.9000, rms radial error=162.919, avgs=0
080/300: dt: 0.9000, rms radial error=161.998, avgs=0
085/300: dt: 0.9000, rms radial error=161.082, avgs=0
090/300: dt: 0.9000, rms radial error=160.171, avgs=0
095/300: dt: 0.9000, rms radial error=159.266, avgs=0
100/300: dt: 0.9000, rms radial error=158.365, avgs=0
105/300: dt: 0.9000, rms radial error=157.469, avgs=0
110/300: dt: 0.9000, rms radial error=156.579, avgs=0
115/300: dt: 0.9000, rms radial error=155.693, avgs=0
120/300: dt: 0.9000, rms radial error=154.813, avgs=0
125/300: dt: 0.9000, rms radial error=153.937, avgs=0
130/300: dt: 0.9000, rms radial error=153.067, avgs=0
135/300: dt: 0.9000, rms radial error=152.201, avgs=0
140/300: dt: 0.9000, rms radial error=151.340, avgs=0
145/300: dt: 0.9000, rms radial error=150.484, avgs=0
150/300: dt: 0.9000, rms radial error=149.633, avgs=0
155/300: dt: 0.9000, rms radial error=148.787, avgs=0
160/300: dt: 0.9000, rms radial error=147.945, avgs=0
165/300: dt: 0.9000, rms radial error=147.108, avgs=0
170/300: dt: 0.9000, rms radial error=146.276, avgs=0
175/300: dt: 0.9000, rms radial error=145.449, avgs=0
180/300: dt: 0.9000, rms radial error=144.626, avgs=0
185/300: dt: 0.9000, rms radial error=143.808, avgs=0
190/300: dt: 0.9000, rms radial error=142.994, avgs=0
195/300: dt: 0.9000, rms radial error=142.185, avgs=0
200/300: dt: 0.9000, rms radial error=141.381, avgs=0
205/300: dt: 0.9000, rms radial error=140.581, avgs=0
210/300: dt: 0.9000, rms radial error=139.786, avgs=0
215/300: dt: 0.9000, rms radial error=138.995, avgs=0
220/300: dt: 0.9000, rms radial error=138.208, avgs=0
225/300: dt: 0.9000, rms radial error=137.427, avgs=0
230/300: dt: 0.9000, rms radial error=136.649, avgs=0
235/300: dt: 0.9000, rms radial error=135.876, avgs=0
240/300: dt: 0.9000, rms radial error=135.107, avgs=0
245/300: dt: 0.9000, rms radial error=134.343, avgs=0
250/300: dt: 0.9000, rms radial error=133.582, avgs=0
255/300: dt: 0.9000, rms radial error=132.827, avgs=0
260/300: dt: 0.9000, rms radial error=132.075, avgs=0
265/300: dt: 0.9000, rms radial error=131.328, avgs=0
270/300: dt: 0.9000, rms radial error=130.585, avgs=0
275/300: dt: 0.9000, rms radial error=129.846, avgs=0
280/300: dt: 0.9000, rms radial error=129.111, avgs=0
285/300: dt: 0.9000, rms radial error=128.380, avgs=0
290/300: dt: 0.9000, rms radial error=127.654, avgs=0
295/300: dt: 0.9000, rms radial error=126.932, avgs=0
300/300: dt: 0.9000, rms radial error=126.213, avgs=0

spherical inflation complete.
epoch 1 (K=10.0), pass 1, starting sse = 28611.77
taking momentum steps...
taking momentum steps...
taking momentum steps...
pass 1 complete, delta sse/iter = 0.00/10 = 0.00012
epoch 2 (K=40.0), pass 1, starting sse = 5451.17
taking momentum steps...
taking momentum steps...
taking momentum steps...
pass 1 complete, delta sse/iter = -0.00/10 = -0.00000
epoch 3 (K=160.0), pass 1, starting sse = 695.53
taking momentum steps...
taking momentum steps...
taking momentum steps...
pass 1 complete, delta sse/iter = 0.04/10 = 0.00399
epoch 4 (K=640.0), pass 1, starting sse = 51.99
taking momentum steps...
taking momentum steps...
taking momentum steps...
pass 1 complete, delta sse/iter = 0.12/13 = 0.00957
final distance error %26.13
writing spherical brain to ../surf/lh.qsphere.nofix
spherical transformation took 0.07 hours
mris_sphere utimesec    1422.239930
mris_sphere stimesec    13.358909
mris_sphere ru_maxrss   369304
mris_sphere ru_ixrss    0
mris_sphere ru_idrss    0
mris_sphere ru_isrss    0
mris_sphere ru_minflt   1743483
mris_sphere ru_majflt   0
mris_sphere ru_nswap    0
mris_sphere ru_inblock  0
mris_sphere ru_oublock  16104
mris_sphere ru_msgsnd   0
mris_sphere ru_msgrcv   0
mris_sphere ru_nsignals 0
mris_sphere ru_nvcsw    361534
mris_sphere ru_nivcsw   236832
FSRUNTIME@ mris_sphere  0.0714 hours 1 threads
#--------------------------------------------
#@# QSphere rh Sat Jun 22 22:51:33 CDT 2019
/home/stone-ext1/freesurfer/subjects/FS6EXPERT_subj01_ver10/scripts

 mris_sphere -q -seed 1234 ../surf/rh.inflated.nofix ../surf/rh.qsphere.nofix 

doing quick spherical unfolding.
setting seed for random number genererator to 1234
$Id: mris_sphere.c,v 1.61 2016/01/20 23:42:15 greve Exp $
  $Id: mrisurf.c,v 1.781.2.6 2016/12/27 16:47:14 zkaufman Exp $
reading original vertex positions...
unfolding cortex into spherical form...
surface projected - minimizing metric distortion...
vertex spacing 0.76 +- 0.44 (0.00-->10.36) (max @ vno 95641 --> 95663)
face area 0.02 +- 0.02 (-0.28-->0.40)

== Number of threads available to mris_sphere for OpenMP = 32 == 
scaling brain by 0.293...
inflating to sphere (rms error < 2.00)
000: dt: 0.0000, rms radial error=175.426, avgs=0
005/300: dt: 0.9000, rms radial error=175.168, avgs=0
010/300: dt: 0.9000, rms radial error=174.613, avgs=0
015/300: dt: 0.9000, rms radial error=173.884, avgs=0
020/300: dt: 0.9000, rms radial error=173.054, avgs=0
025/300: dt: 0.9000, rms radial error=172.166, avgs=0
030/300: dt: 0.9000, rms radial error=171.246, avgs=0
035/300: dt: 0.9000, rms radial error=170.309, avgs=0
040/300: dt: 0.9000, rms radial error=169.365, avgs=0
045/300: dt: 0.9000, rms radial error=168.419, avgs=0
050/300: dt: 0.9000, rms radial error=167.474, avgs=0
055/300: dt: 0.9000, rms radial error=166.532, avgs=0
060/300: dt: 0.9000, rms radial error=165.593, avgs=0
065/300: dt: 0.9000, rms radial error=164.659, avgs=0
070/300: dt: 0.9000, rms radial error=163.729, avgs=0
075/300: dt: 0.9000, rms radial error=162.805, avgs=0
080/300: dt: 0.9000, rms radial error=161.885, avgs=0
085/300: dt: 0.9000, rms radial error=160.971, avgs=0
090/300: dt: 0.9000, rms radial error=160.061, avgs=0
095/300: dt: 0.9000, rms radial error=159.157, avgs=0
100/300: dt: 0.9000, rms radial error=158.257, avgs=0
105/300: dt: 0.9000, rms radial error=157.363, avgs=0
110/300: dt: 0.9000, rms radial error=156.474, avgs=0
115/300: dt: 0.9000, rms radial error=155.590, avgs=0
120/300: dt: 0.9000, rms radial error=154.710, avgs=0
125/300: dt: 0.9000, rms radial error=153.836, avgs=0
130/300: dt: 0.9000, rms radial error=152.966, avgs=0
135/300: dt: 0.9000, rms radial error=152.101, avgs=0
140/300: dt: 0.9000, rms radial error=151.241, avgs=0
145/300: dt: 0.9000, rms radial error=150.386, avgs=0
150/300: dt: 0.9000, rms radial error=149.536, avgs=0
155/300: dt: 0.9000, rms radial error=148.691, avgs=0
160/300: dt: 0.9000, rms radial error=147.850, avgs=0
165/300: dt: 0.9000, rms radial error=147.014, avgs=0
170/300: dt: 0.9000, rms radial error=146.183, avgs=0
175/300: dt: 0.9000, rms radial error=145.356, avgs=0
180/300: dt: 0.9000, rms radial error=144.534, avgs=0
185/300: dt: 0.9000, rms radial error=143.717, avgs=0
190/300: dt: 0.9000, rms radial error=142.904, avgs=0
195/300: dt: 0.9000, rms radial error=142.096, avgs=0
200/300: dt: 0.9000, rms radial error=141.293, avgs=0
205/300: dt: 0.9000, rms radial error=140.494, avgs=0
210/300: dt: 0.9000, rms radial error=139.700, avgs=0
215/300: dt: 0.9000, rms radial error=138.910, avgs=0
220/300: dt: 0.9000, rms radial error=138.125, avgs=0
225/300: dt: 0.9000, rms radial error=137.344, avgs=0
230/300: dt: 0.9000, rms radial error=136.567, avgs=0
235/300: dt: 0.9000, rms radial error=135.795, avgs=0
240/300: dt: 0.9000, rms radial error=135.027, avgs=0
245/300: dt: 0.9000, rms radial error=134.264, avgs=0
250/300: dt: 0.9000, rms radial error=133.504, avgs=0
255/300: dt: 0.9000, rms radial error=132.750, avgs=0
260/300: dt: 0.9000, rms radial error=131.999, avgs=0
265/300: dt: 0.9000, rms radial error=131.252, avgs=0
270/300: dt: 0.9000, rms radial error=130.510, avgs=0
275/300: dt: 0.9000, rms radial error=129.772, avgs=0
280/300: dt: 0.9000, rms radial error=129.038, avgs=0
285/300: dt: 0.9000, rms radial error=128.309, avgs=0
290/300: dt: 0.9000, rms radial error=127.583, avgs=0
295/300: dt: 0.9000, rms radial error=126.862, avgs=0
300/300: dt: 0.9000, rms radial error=126.144, avgs=0

spherical inflation complete.
epoch 1 (K=10.0), pass 1, starting sse = 28787.82
taking momentum steps...
taking momentum steps...
taking momentum steps...
pass 1 complete, delta sse/iter = 0.00/10 = 0.00005
epoch 2 (K=40.0), pass 1, starting sse = 5475.84
taking momentum steps...
taking momentum steps...
taking momentum steps...
pass 1 complete, delta sse/iter = 0.00/10 = 0.00000
epoch 3 (K=160.0), pass 1, starting sse = 670.79
taking momentum steps...
taking momentum steps...
taking momentum steps...
pass 1 complete, delta sse/iter = 0.01/10 = 0.00071
epoch 4 (K=640.0), pass 1, starting sse = 47.28
taking momentum steps...
taking momentum steps...
taking momentum steps...
pass 1 complete, delta sse/iter = 0.01/10 = 0.00052
final distance error %25.10
writing spherical brain to ../surf/rh.qsphere.nofix
spherical transformation took 0.06 hours
mris_sphere utimesec    1340.147767
mris_sphere stimesec    15.378791
mris_sphere ru_maxrss   372192
mris_sphere ru_ixrss    0
mris_sphere ru_idrss    0
mris_sphere ru_isrss    0
mris_sphere ru_minflt   1730033
mris_sphere ru_majflt   0
mris_sphere ru_nswap    0
mris_sphere ru_inblock  0
mris_sphere ru_oublock  16240
mris_sphere ru_msgsnd   0
mris_sphere ru_msgrcv   0
mris_sphere ru_nsignals 0
mris_sphere ru_nvcsw    352141
mris_sphere ru_nivcsw   226102
FSRUNTIME@ mris_sphere  0.0619 hours 1 threads
#--------------------------------------------
#@# Fix Topology Copy lh Sat Jun 22 22:55:16 CDT 2019
/home/stone-ext1/freesurfer/subjects/FS6EXPERT_subj01_ver10/scripts

 cp ../surf/lh.orig.nofix ../surf/lh.orig 


 cp ../surf/lh.inflated.nofix ../surf/lh.inflated 

#--------------------------------------------
#@# Fix Topology Copy rh Sat Jun 22 22:55:16 CDT 2019
/home/stone-ext1/freesurfer/subjects/FS6EXPERT_subj01_ver10/scripts

 cp ../surf/rh.orig.nofix ../surf/rh.orig 


 cp ../surf/rh.inflated.nofix ../surf/rh.inflated 

#@# Fix Topology lh Sat Jun 22 22:55:16 CDT 2019

 mris_fix_topology -rusage /home/stone-ext1/freesurfer/subjects/FS6EXPERT_subj01_ver10/touch/rusage.mris_fix_topology.lh.dat -mgz -sphere qsphere.nofix -ga -seed 1234 FS6EXPERT_subj01_ver10 lh 

reading spherical homeomorphism from 'qsphere.nofix'
using genetic algorithm with optimized parameters
setting seed for random number genererator to 1234

*************************************************************
Topology Correction Parameters
retessellation mode:           genetic search
number of patches/generation : 10
number of generations :        10
surface mri loglikelihood coefficient :         1.0
volume mri loglikelihood coefficient :          10.0
normal dot loglikelihood coefficient :          1.0
quadratic curvature loglikelihood coefficient : 1.0
volume resolution :                             2
eliminate vertices during search :              1
initial patch selection :                       1
select all defect vertices :                    0
ordering dependant retessellation:              0
use precomputed edge table :                    0
smooth retessellated patch :                    2
match retessellated patch :                     1
verbose mode :                                  0

*************************************************************
INFO: assuming .mgz format
$Id: mris_fix_topology.c,v 1.50.2.1 2016/10/27 22:25:58 zkaufman Exp $
  $Id: mrisurf.c,v 1.781.2.6 2016/12/27 16:47:14 zkaufman Exp $
before topology correction, eno=-48 (nv=228874, nf=457844, ne=686766, g=25)
using quasi-homeomorphic spherical map to tessellate cortical surface...

Correction of the Topology
Finding true center and radius of Spherical Surface...done
Surface centered at (0,0,0) with radius 100.0 in 11 iterations
marking ambiguous vertices...
3385 ambiguous faces found in tessellation
segmenting defects...
46 defects found, arbitrating ambiguous regions...
analyzing neighboring defects...
      -merging segment 1 into 0
      -merging segment 16 into 14
      -merging segment 34 into 33
      -merging segment 37 into 33
42 defects to be corrected 
0 vertices coincident
reading input surface /home/stone-ext1/freesurfer/subjects/FS6EXPERT_subj01_ver10/surf/lh.qsphere.nofix...
reading brain volume from brain...
reading wm segmentation from wm...
Computing Initial Surface Statistics
      -face       loglikelihood: -9.1739  (-4.5869)
      -vertex     loglikelihood: -5.5800  (-2.7900)
      -normal dot loglikelihood: -3.5932  (-3.5932)
      -quad curv  loglikelihood: -6.4041  (-3.2020)
      Total Loglikelihood : -24.7511

CORRECTING DEFECT 0 (vertices=45, convex hull=81, v0=797)
After retessellation of defect 0 (v0=797), euler #=-42 (226728,679261,452491) : difference with theory (-39) = 3 

CORRECTING DEFECT 1 (vertices=6, convex hull=20, v0=4308)
After retessellation of defect 1 (v0=4308), euler #=-41 (226729,679269,452499) : difference with theory (-38) = 3 

CORRECTING DEFECT 2 (vertices=56, convex hull=39, v0=5656)
After retessellation of defect 2 (v0=5656), euler #=-40 (226732,679290,452518) : difference with theory (-37) = 3 

CORRECTING DEFECT 3 (vertices=12, convex hull=33, v0=46478)
After retessellation of defect 3 (v0=46478), euler #=-39 (226735,679309,452535) : difference with theory (-36) = 3 

CORRECTING DEFECT 4 (vertices=104, convex hull=39, v0=83538)
After retessellation of defect 4 (v0=83538), euler #=-38 (226740,679340,452562) : difference with theory (-35) = 3 

CORRECTING DEFECT 5 (vertices=60, convex hull=110, v0=90889)
After retessellation of defect 5 (v0=90889), euler #=-37 (226753,679434,452644) : difference with theory (-34) = 3 

CORRECTING DEFECT 6 (vertices=9, convex hull=21, v0=93468)
After retessellation of defect 6 (v0=93468), euler #=-36 (226754,679446,452656) : difference with theory (-33) = 3 

CORRECTING DEFECT 7 (vertices=7, convex hull=32, v0=96854)
After retessellation of defect 7 (v0=96854), euler #=-35 (226755,679460,452670) : difference with theory (-32) = 3 

CORRECTING DEFECT 8 (vertices=24, convex hull=48, v0=97034)
After retessellation of defect 8 (v0=97034), euler #=-34 (226759,679490,452697) : difference with theory (-31) = 3 

CORRECTING DEFECT 9 (vertices=5, convex hull=11, v0=102882)
After retessellation of defect 9 (v0=102882), euler #=-33 (226759,679493,452701) : difference with theory (-30) = 3 

CORRECTING DEFECT 10 (vertices=20, convex hull=45, v0=102988)
After retessellation of defect 10 (v0=102988), euler #=-32 (226765,679528,452731) : difference with theory (-29) = 3 

CORRECTING DEFECT 11 (vertices=29, convex hull=56, v0=114400)
After retessellation of defect 11 (v0=114400), euler #=-31 (226774,679575,452770) : difference with theory (-28) = 3 

CORRECTING DEFECT 12 (vertices=69, convex hull=36, v0=117818)
After retessellation of defect 12 (v0=117818), euler #=-30 (226776,679590,452784) : difference with theory (-27) = 3 

CORRECTING DEFECT 13 (vertices=141, convex hull=121, v0=120914)
After retessellation of defect 13 (v0=120914), euler #=-28 (226789,679678,452861) : difference with theory (-26) = 2 

CORRECTING DEFECT 14 (vertices=73, convex hull=21, v0=120942)
After retessellation of defect 14 (v0=120942), euler #=-27 (226791,679690,452872) : difference with theory (-25) = 2 

CORRECTING DEFECT 15 (vertices=21, convex hull=61, v0=130952)
After retessellation of defect 15 (v0=130952), euler #=-26 (226798,679733,452909) : difference with theory (-24) = 2 

CORRECTING DEFECT 16 (vertices=66, convex hull=33, v0=131990)
After retessellation of defect 16 (v0=131990), euler #=-25 (226805,679768,452938) : difference with theory (-23) = 2 

CORRECTING DEFECT 17 (vertices=14, convex hull=30, v0=133627)
After retessellation of defect 17 (v0=133627), euler #=-24 (226806,679780,452950) : difference with theory (-22) = 2 

CORRECTING DEFECT 18 (vertices=11, convex hull=28, v0=134678)
After retessellation of defect 18 (v0=134678), euler #=-23 (226808,679793,452962) : difference with theory (-21) = 2 

CORRECTING DEFECT 19 (vertices=8, convex hull=22, v0=137801)
After retessellation of defect 19 (v0=137801), euler #=-22 (226808,679798,452968) : difference with theory (-20) = 2 

CORRECTING DEFECT 20 (vertices=121, convex hull=55, v0=140924)
After retessellation of defect 20 (v0=140924), euler #=-21 (226816,679848,453011) : difference with theory (-19) = 2 

CORRECTING DEFECT 21 (vertices=25, convex hull=27, v0=151659)
After retessellation of defect 21 (v0=151659), euler #=-20 (226821,679870,453029) : difference with theory (-18) = 2 

CORRECTING DEFECT 22 (vertices=12, convex hull=32, v0=153338)
After retessellation of defect 22 (v0=153338), euler #=-19 (226822,679883,453042) : difference with theory (-17) = 2 

CORRECTING DEFECT 23 (vertices=10, convex hull=20, v0=155667)
After retessellation of defect 23 (v0=155667), euler #=-18 (226823,679892,453051) : difference with theory (-16) = 2 

CORRECTING DEFECT 24 (vertices=7, convex hull=18, v0=159458)
After retessellation of defect 24 (v0=159458), euler #=-17 (226824,679898,453057) : difference with theory (-15) = 2 

CORRECTING DEFECT 25 (vertices=51, convex hull=41, v0=159664)
After retessellation of defect 25 (v0=159664), euler #=-16 (226829,679926,453081) : difference with theory (-14) = 2 

CORRECTING DEFECT 26 (vertices=144, convex hull=152, v0=161178)
After retessellation of defect 26 (v0=161178), euler #=-15 (226854,680080,453211) : difference with theory (-13) = 2 

CORRECTING DEFECT 27 (vertices=27, convex hull=50, v0=164339)
After retessellation of defect 27 (v0=164339), euler #=-14 (226861,680119,453244) : difference with theory (-12) = 2 

CORRECTING DEFECT 28 (vertices=11, convex hull=32, v0=165483)
After retessellation of defect 28 (v0=165483), euler #=-13 (226863,680134,453258) : difference with theory (-11) = 2 

CORRECTING DEFECT 29 (vertices=10, convex hull=38, v0=167114)
After retessellation of defect 29 (v0=167114), euler #=-12 (226865,680150,453273) : difference with theory (-10) = 2 

CORRECTING DEFECT 30 (vertices=21, convex hull=57, v0=169384)
After retessellation of defect 30 (v0=169384), euler #=-11 (226872,680194,453311) : difference with theory (-9) = 2 

CORRECTING DEFECT 31 (vertices=484, convex hull=387, v0=175364)
After retessellation of defect 31 (v0=175364), euler #=-8 (226964,680680,453708) : difference with theory (-8) = 0 

CORRECTING DEFECT 32 (vertices=26, convex hull=26, v0=181203)
After retessellation of defect 32 (v0=181203), euler #=-7 (226968,680701,453726) : difference with theory (-7) = 0 

CORRECTING DEFECT 33 (vertices=32, convex hull=30, v0=185397)
After retessellation of defect 33 (v0=185397), euler #=-6 (226971,680719,453742) : difference with theory (-6) = 0 

CORRECTING DEFECT 34 (vertices=34, convex hull=55, v0=191249)
After retessellation of defect 34 (v0=191249), euler #=-5 (226980,680767,453782) : difference with theory (-5) = 0 

CORRECTING DEFECT 35 (vertices=23, convex hull=45, v0=199683)
After retessellation of defect 35 (v0=199683), euler #=-4 (226982,680789,453803) : difference with theory (-4) = 0 

CORRECTING DEFECT 36 (vertices=175, convex hull=134, v0=202035)
After retessellation of defect 36 (v0=202035), euler #=-3 (226998,680903,453902) : difference with theory (-3) = 0 

CORRECTING DEFECT 37 (vertices=18, convex hull=54, v0=209559)
After retessellation of defect 37 (v0=209559), euler #=-2 (227004,680941,453935) : difference with theory (-2) = 0 

CORRECTING DEFECT 38 (vertices=68, convex hull=31, v0=211803)
After retessellation of defect 38 (v0=211803), euler #=-1 (227007,680962,453954) : difference with theory (-1) = 0 

CORRECTING DEFECT 39 (vertices=17, convex hull=52, v0=221344)
After retessellation of defect 39 (v0=221344), euler #=0 (227012,680996,453984) : difference with theory (0) = 0 

CORRECTING DEFECT 40 (vertices=26, convex hull=26, v0=223446)
After retessellation of defect 40 (v0=223446), euler #=1 (227014,681009,453996) : difference with theory (1) = 0 

CORRECTING DEFECT 41 (vertices=31, convex hull=64, v0=224602)
After retessellation of defect 41 (v0=224602), euler #=2 (227021,681057,454038) : difference with theory (2) = 0 
computing original vertex metric properties...
storing new metric properties...
computing tessellation statistics...
vertex spacing 0.71 +- 0.17 (0.10-->5.22) (max @ vno 164814 --> 227859)
face area 0.00 +- 0.00 (0.00-->0.00)
performing soap bubble on retessellated vertices for 0 iterations...
vertex spacing 0.71 +- 0.17 (0.10-->5.22) (max @ vno 164814 --> 227859)
face area 0.00 +- 0.00 (0.00-->0.00)
tessellation finished, orienting corrected surface...
144 mutations (37.4%), 241 crossovers (62.6%), 20 vertices were eliminated
building final representation...
1853 vertices and 0 faces have been removed from triangulation
after topology correction, eno=2 (nv=227021, nf=454038, ne=681057, g=0)
writing corrected surface to /home/stone-ext1/freesurfer/subjects/FS6EXPERT_subj01_ver10/surf/lh.orig...

0.000 % of the vertices (0 vertices) exhibit an orientation change
topology fixing took 26.8 minutes
0 defective edges
removing intersecting faces
000: 230 intersecting
001: 2 intersecting
mris_fix_topology utimesec    1626.827948
mris_fix_topology stimesec    1.341022
mris_fix_topology ru_maxrss   740052
mris_fix_topology ru_ixrss    0
mris_fix_topology ru_idrss    0
mris_fix_topology ru_isrss    0
mris_fix_topology ru_minflt   541435
mris_fix_topology ru_majflt   0
mris_fix_topology ru_nswap    0
mris_fix_topology ru_inblock  0
mris_fix_topology ru_oublock  21344
mris_fix_topology ru_msgsnd   0
mris_fix_topology ru_msgrcv   0
mris_fix_topology ru_nsignals 0
mris_fix_topology ru_nvcsw    24256
mris_fix_topology ru_nivcsw   153459
FSRUNTIME@ mris_fix_topology lh  0.4459 hours 1 threads
#@# Fix Topology rh Sat Jun 22 23:22:01 CDT 2019

 mris_fix_topology -rusage /home/stone-ext1/freesurfer/subjects/FS6EXPERT_subj01_ver10/touch/rusage.mris_fix_topology.rh.dat -mgz -sphere qsphere.nofix -ga -seed 1234 FS6EXPERT_subj01_ver10 rh 

reading spherical homeomorphism from 'qsphere.nofix'
using genetic algorithm with optimized parameters
setting seed for random number genererator to 1234

*************************************************************
Topology Correction Parameters
retessellation mode:           genetic search
number of patches/generation : 10
number of generations :        10
surface mri loglikelihood coefficient :         1.0
volume mri loglikelihood coefficient :          10.0
normal dot loglikelihood coefficient :          1.0
quadratic curvature loglikelihood coefficient : 1.0
volume resolution :                             2
eliminate vertices during search :              1
initial patch selection :                       1
select all defect vertices :                    0
ordering dependant retessellation:              0
use precomputed edge table :                    0
smooth retessellated patch :                    2
match retessellated patch :                     1
verbose mode :                                  0

*************************************************************
INFO: assuming .mgz format
$Id: mris_fix_topology.c,v 1.50.2.1 2016/10/27 22:25:58 zkaufman Exp $
  $Id: mrisurf.c,v 1.781.2.6 2016/12/27 16:47:14 zkaufman Exp $
before topology correction, eno=-118 (nv=230826, nf=461888, ne=692832, g=60)
using quasi-homeomorphic spherical map to tessellate cortical surface...

Correction of the Topology
Finding true center and radius of Spherical Surface...done
Surface centered at (0,0,0) with radius 100.0 in 11 iterations
marking ambiguous vertices...
8077 ambiguous faces found in tessellation
segmenting defects...
47 defects found, arbitrating ambiguous regions...
analyzing neighboring defects...
      -merging segment 20 into 19
      -merging segment 22 into 19
      -merging segment 33 into 19
      -merging segment 19 into 27
43 defects to be corrected 
0 vertices coincident
reading input surface /home/stone-ext1/freesurfer/subjects/FS6EXPERT_subj01_ver10/surf/rh.qsphere.nofix...
reading brain volume from brain...
reading wm segmentation from wm...
Computing Initial Surface Statistics
      -face       loglikelihood: -9.1222  (-4.5611)
      -vertex     loglikelihood: -5.6551  (-2.8276)
      -normal dot loglikelihood: -3.5464  (-3.5464)
      -quad curv  loglikelihood: -6.1900  (-3.0950)
      Total Loglikelihood : -24.5137

CORRECTING DEFECT 0 (vertices=34, convex hull=69, v0=0)
After retessellation of defect 0 (v0=0), euler #=-43 (226015,676366,450308) : difference with theory (-40) = 3 

CORRECTING DEFECT 1 (vertices=27, convex hull=26, v0=322)
After retessellation of defect 1 (v0=322), euler #=-42 (226017,676382,450323) : difference with theory (-39) = 3 

CORRECTING DEFECT 2 (vertices=13, convex hull=28, v0=513)
After retessellation of defect 2 (v0=513), euler #=-41 (226018,676394,450335) : difference with theory (-38) = 3 

CORRECTING DEFECT 3 (vertices=50, convex hull=116, v0=2134)
After retessellation of defect 3 (v0=2134), euler #=-40 (226034,676487,450413) : difference with theory (-37) = 3 

CORRECTING DEFECT 4 (vertices=31, convex hull=49, v0=2860)
After retessellation of defect 4 (v0=2860), euler #=-39 (226040,676524,450445) : difference with theory (-36) = 3 

CORRECTING DEFECT 5 (vertices=31, convex hull=58, v0=16312)
After retessellation of defect 5 (v0=16312), euler #=-38 (226044,676559,450477) : difference with theory (-35) = 3 

CORRECTING DEFECT 6 (vertices=38, convex hull=79, v0=32657)
After retessellation of defect 6 (v0=32657), euler #=-37 (226056,676626,450533) : difference with theory (-34) = 3 

CORRECTING DEFECT 7 (vertices=55, convex hull=107, v0=42302)
After retessellation of defect 7 (v0=42302), euler #=-36 (226065,676703,450602) : difference with theory (-33) = 3 

CORRECTING DEFECT 8 (vertices=32, convex hull=55, v0=51915)
After retessellation of defect 8 (v0=51915), euler #=-35 (226071,676741,450635) : difference with theory (-32) = 3 

CORRECTING DEFECT 9 (vertices=11, convex hull=22, v0=54007)
After retessellation of defect 9 (v0=54007), euler #=-34 (226072,676752,450646) : difference with theory (-31) = 3 

CORRECTING DEFECT 10 (vertices=22, convex hull=58, v0=58052)
After retessellation of defect 10 (v0=58052), euler #=-33 (226077,676787,450677) : difference with theory (-30) = 3 

CORRECTING DEFECT 11 (vertices=55, convex hull=105, v0=60092)
After retessellation of defect 11 (v0=60092), euler #=-32 (226096,676891,450763) : difference with theory (-29) = 3 

CORRECTING DEFECT 12 (vertices=211, convex hull=266, v0=80905)
After retessellation of defect 12 (v0=80905), euler #=-31 (226105,677044,450908) : difference with theory (-28) = 3 

CORRECTING DEFECT 13 (vertices=60, convex hull=51, v0=112411)
After retessellation of defect 13 (v0=112411), euler #=-30 (226115,677094,450949) : difference with theory (-27) = 3 

CORRECTING DEFECT 14 (vertices=22, convex hull=44, v0=124191)
After retessellation of defect 14 (v0=124191), euler #=-29 (226122,677134,450983) : difference with theory (-26) = 3 

CORRECTING DEFECT 15 (vertices=21, convex hull=25, v0=127036)
After retessellation of defect 15 (v0=127036), euler #=-28 (226124,677147,450995) : difference with theory (-25) = 3 

CORRECTING DEFECT 16 (vertices=14, convex hull=23, v0=133118)
After retessellation of defect 16 (v0=133118), euler #=-27 (226125,677157,451005) : difference with theory (-24) = 3 

CORRECTING DEFECT 17 (vertices=48, convex hull=75, v0=135277)
After retessellation of defect 17 (v0=135277), euler #=-26 (226135,677218,451057) : difference with theory (-23) = 3 

CORRECTING DEFECT 18 (vertices=17, convex hull=24, v0=136178)
After retessellation of defect 18 (v0=136178), euler #=-25 (226137,677236,451074) : difference with theory (-22) = 3 

CORRECTING DEFECT 19 (vertices=43, convex hull=57, v0=145706)
After retessellation of defect 19 (v0=145706), euler #=-24 (226143,677277,451110) : difference with theory (-21) = 3 

CORRECTING DEFECT 20 (vertices=119, convex hull=32, v0=151232)
After retessellation of defect 20 (v0=151232), euler #=-23 (226148,677302,451131) : difference with theory (-20) = 3 

CORRECTING DEFECT 21 (vertices=60, convex hull=55, v0=158455)
After retessellation of defect 21 (v0=158455), euler #=-22 (226157,677349,451170) : difference with theory (-19) = 3 

CORRECTING DEFECT 22 (vertices=15, convex hull=26, v0=159631)
After retessellation of defect 22 (v0=159631), euler #=-21 (226159,677365,451185) : difference with theory (-18) = 3 

CORRECTING DEFECT 23 (vertices=144, convex hull=150, v0=161351)
After retessellation of defect 23 (v0=161351), euler #=-20 (226197,677546,451329) : difference with theory (-17) = 3 

CORRECTING DEFECT 24 (vertices=2070, convex hull=914, v0=163027)
XL defect detected...
After retessellation of defect 24 (v0=163027), euler #=-16 (226465,678854,452373) : difference with theory (-16) = 0 

CORRECTING DEFECT 25 (vertices=298, convex hull=150, v0=164337)
After retessellation of defect 25 (v0=164337), euler #=-15 (226482,678979,452482) : difference with theory (-15) = 0 

CORRECTING DEFECT 26 (vertices=85, convex hull=70, v0=164924)
After retessellation of defect 26 (v0=164924), euler #=-14 (226491,679035,452530) : difference with theory (-14) = 0 

CORRECTING DEFECT 27 (vertices=49, convex hull=52, v0=166853)
After retessellation of defect 27 (v0=166853), euler #=-13 (226495,679071,452563) : difference with theory (-13) = 0 

CORRECTING DEFECT 28 (vertices=17, convex hull=29, v0=168985)
After retessellation of defect 28 (v0=168985), euler #=-12 (226497,679085,452576) : difference with theory (-12) = 0 

CORRECTING DEFECT 29 (vertices=38, convex hull=31, v0=169206)
After retessellation of defect 29 (v0=169206), euler #=-11 (226503,679114,452600) : difference with theory (-11) = 0 

CORRECTING DEFECT 30 (vertices=147, convex hull=139, v0=173523)
After retessellation of defect 30 (v0=173523), euler #=-10 (226521,679248,452717) : difference with theory (-10) = 0 

CORRECTING DEFECT 31 (vertices=10, convex hull=25, v0=175693)
After retessellation of defect 31 (v0=175693), euler #=-9 (226522,679258,452727) : difference with theory (-9) = 0 

CORRECTING DEFECT 32 (vertices=20, convex hull=27, v0=177184)
After retessellation of defect 32 (v0=177184), euler #=-8 (226523,679270,452739) : difference with theory (-8) = 0 

CORRECTING DEFECT 33 (vertices=589, convex hull=190, v0=178159)
After retessellation of defect 33 (v0=178159), euler #=-7 (226546,679426,452873) : difference with theory (-7) = 0 

CORRECTING DEFECT 34 (vertices=24, convex hull=51, v0=181523)
After retessellation of defect 34 (v0=181523), euler #=-6 (226555,679474,452913) : difference with theory (-6) = 0 

CORRECTING DEFECT 35 (vertices=53, convex hull=76, v0=191027)
After retessellation of defect 35 (v0=191027), euler #=-5 (226562,679528,452961) : difference with theory (-5) = 0 

CORRECTING DEFECT 36 (vertices=17, convex hull=46, v0=192102)
After retessellation of defect 36 (v0=192102), euler #=-4 (226567,679558,452987) : difference with theory (-4) = 0 

CORRECTING DEFECT 37 (vertices=17, convex hull=56, v0=205999)
After retessellation of defect 37 (v0=205999), euler #=-3 (226573,679596,453020) : difference with theory (-3) = 0 

CORRECTING DEFECT 38 (vertices=5, convex hull=25, v0=207741)
After retessellation of defect 38 (v0=207741), euler #=-2 (226573,679603,453028) : difference with theory (-2) = 0 

CORRECTING DEFECT 39 (vertices=45, convex hull=80, v0=210267)
After retessellation of defect 39 (v0=210267), euler #=-1 (226580,679658,453077) : difference with theory (-1) = 0 

CORRECTING DEFECT 40 (vertices=64, convex hull=90, v0=221355)
After retessellation of defect 40 (v0=221355), euler #=0 (226589,679718,453129) : difference with theory (0) = 0 

CORRECTING DEFECT 41 (vertices=47, convex hull=30, v0=225833)
After retessellation of defect 41 (v0=225833), euler #=1 (226590,679732,453143) : difference with theory (1) = 0 

CORRECTING DEFECT 42 (vertices=45, convex hull=75, v0=229180)
After retessellation of defect 42 (v0=229180), euler #=2 (226601,679797,453198) : difference with theory (2) = 0 
computing original vertex metric properties...
storing new metric properties...
computing tessellation statistics...
vertex spacing 0.72 +- 0.19 (0.05-->10.27) (max @ vno 176498 --> 184741)
face area 0.00 +- 0.00 (0.00-->0.00)
performing soap bubble on retessellated vertices for 0 iterations...
vertex spacing 0.72 +- 0.19 (0.05-->10.27) (max @ vno 176498 --> 184741)
face area 0.00 +- 0.00 (0.00-->0.00)
tessellation finished, orienting corrected surface...
174 mutations (37.1%), 295 crossovers (62.9%), 125 vertices were eliminated
building final representation...
4225 vertices and 0 faces have been removed from triangulation
after topology correction, eno=2 (nv=226601, nf=453198, ne=679797, g=0)
writing corrected surface to /home/stone-ext1/freesurfer/subjects/FS6EXPERT_subj01_ver10/surf/rh.orig...

0.000 % of the vertices (0 vertices) exhibit an orientation change
topology fixing took 42.7 minutes
0 defective edges
removing intersecting faces
000: 389 intersecting
001: 9 intersecting
mris_fix_topology utimesec    2589.180737
mris_fix_topology stimesec    2.762455
mris_fix_topology ru_maxrss   743824
mris_fix_topology ru_ixrss    0
mris_fix_topology ru_idrss    0
mris_fix_topology ru_isrss    0
mris_fix_topology ru_minflt   631215
mris_fix_topology ru_majflt   0
mris_fix_topology ru_nswap    0
mris_fix_topology ru_inblock  0
mris_fix_topology ru_oublock  21360
mris_fix_topology ru_msgsnd   0
mris_fix_topology ru_msgrcv   0
mris_fix_topology ru_nsignals 0
mris_fix_topology ru_nvcsw    24018
mris_fix_topology ru_nivcsw   242124
FSRUNTIME@ mris_fix_topology rh  0.7120 hours 1 threads

 mris_euler_number ../surf/lh.orig 

euler # = v-e+f = 2g-2: 227021 - 681057 + 454038 = 2 --> 0 holes
      F =2V-4:          454038 = 454042-4 (0)
      2E=3F:            1362114 = 1362114 (0)

total defect index = 0

 mris_euler_number ../surf/rh.orig 

euler # = v-e+f = 2g-2: 226601 - 679797 + 453198 = 2 --> 0 holes
      F =2V-4:          453198 = 453202-4 (0)
      2E=3F:            1359594 = 1359594 (0)

total defect index = 0
/home/stone-ext1/freesurfer/subjects/FS6EXPERT_subj01_ver10/scripts

 mris_remove_intersection ../surf/lh.orig ../surf/lh.orig 

intersection removal took 0.00 hours
removing intersecting faces
000: 50 intersecting
writing corrected surface to ../surf/lh.orig

 rm ../surf/lh.inflated 

/home/stone-ext1/freesurfer/subjects/FS6EXPERT_subj01_ver10/scripts

 mris_remove_intersection ../surf/rh.orig ../surf/rh.orig 

intersection removal took 0.00 hours
removing intersecting faces
000: 105 intersecting
001: 11 intersecting
writing corrected surface to ../surf/rh.orig

 rm ../surf/rh.inflated 

#--------------------------------------------
#@# Make White Surf lh Sun Jun 23 00:05:01 CDT 2019
/home/stone-ext1/freesurfer/subjects/FS6EXPERT_subj01_ver10/scripts

 mris_make_surfaces -aseg ../mri/aseg.presurf -white white.preaparc -noaparc -whiteonly -mgz -T1 brain.finalsurfs FS6EXPERT_subj01_ver10 lh 

using white.preaparc as white matter name...
only generating white matter surface
using aseg volume ../mri/aseg.presurf to prevent surfaces crossing the midline
not using aparc to prevent surfaces crossing the midline
INFO: assuming MGZ format for volumes.
using brain.finalsurfs as T1 volume...
$Id: mris_make_surfaces.c,v 1.164.2.4 2016/12/13 22:26:32 zkaufman Exp $
$Id: mrisurf.c,v 1.781.2.6 2016/12/27 16:47:14 zkaufman Exp $
reading volume /home/stone-ext1/freesurfer/subjects/FS6EXPERT_subj01_ver10/mri/filled.mgz...
reading volume /home/stone-ext1/freesurfer/subjects/FS6EXPERT_subj01_ver10/mri/brain.finalsurfs.mgz...
reading volume /home/stone-ext1/freesurfer/subjects/FS6EXPERT_subj01_ver10/mri/../mri/aseg.presurf.mgz...
reading volume /home/stone-ext1/freesurfer/subjects/FS6EXPERT_subj01_ver10/mri/wm.mgz...
32971 bright wm thresholded.
7506 bright non-wm voxels segmented.
reading original surface position from /home/stone-ext1/freesurfer/subjects/FS6EXPERT_subj01_ver10/surf/lh.orig...
computing class statistics...
border white:    449580 voxels (1.37%)
border gray      476530 voxels (1.45%)
WM (105.0): 104.0 +- 5.7 [70.0 --> 110.0]
GM (85.0) : 84.1 +- 9.5 [30.0 --> 110.0]
setting MIN_GRAY_AT_WHITE_BORDER to 70.5 (was 70)
setting MAX_BORDER_WHITE to 114.7 (was 105)
setting MIN_BORDER_WHITE to 80.0 (was 85)
setting MAX_CSF to 61.0 (was 40)
setting MAX_GRAY to 103.3 (was 95)
setting MAX_GRAY_AT_CSF_BORDER to 70.5 (was 75)
setting MIN_GRAY_AT_CSF_BORDER to 51.6 (was 40)
repositioning cortical surface to gray/white boundary
smoothing T1 volume with sigma = 2.000
vertex spacing 0.67 +- 0.17 (0.01-->3.14) (max @ vno 164814 --> 226849)
face area 0.19 +- 0.08 (0.00-->1.89)
mean absolute distance = 1.11 +- 1.31
7674 vertices more than 2 sigmas from mean.
averaging target values for 5 iterations...
spring scale = 1.25
using class modes intead of means, discounting robust sigmas....
intensity peaks found at WM=109+-1.7,    GM=80+-5.2
mean inside = 102.4, mean outside = 85.7
smoothing surface for 5 iterations...
inhibiting deformation at non-cortical midline structures...
removing 4 vertex label from ripped group
mean border=94.2, 126 (126) missing vertices, mean dist -0.3 [1.6 (%41.6)->0.6 (%58.4))]
%50 local maxima, %37 large gradients and % 9 min vals, 0 gradients ignored
tol=1.0e-04, sigma=2.0, host=stone, nav=4, nbrs=2, l_repulse=5.000, l_tspring=1.562, l_nspring=0.625, l_intensity=0.200, l_curv=1.000
mom=0.00, dt=0.50
complete_dist_mat 0
rms 0
smooth_averages 0
remove_neg 0
ico_order 0
which_surface 0
target_radius 0.000000
nfields 0
scale 0.000000
desired_rms_height 0.000000
momentum 0.000000
nbhd_size 0
max_nbrs 0
niterations 25
nsurfaces 0
SURFACES 3
flags 0 (0)
use curv 0
no sulc 0
no rigid align 0
mris->nsize 2
mris->hemisphere 0
randomSeed 0

smoothing T1 volume with sigma = 1.000
vertex spacing 0.71 +- 0.18 (0.04-->3.23) (max @ vno 164814 --> 226849)
face area 0.19 +- 0.08 (0.00-->2.00)
mean absolute distance = 0.45 +- 0.73
7571 vertices more than 2 sigmas from mean.
averaging target values for 5 iterations...
000: dt: 0.0000, sse=3209422.0, rms=7.125
001: dt: 0.5000, sse=1708931.8, rms=4.096 (42.513%)
002: dt: 0.5000, sse=1343915.9, rms=2.965 (27.617%)
003: dt: 0.5000, sse=1296146.1, rms=2.793 (5.778%)
rms = 2.75, time step reduction 1 of 3 to 0.250...
004: dt: 0.5000, sse=1285025.6, rms=2.750 (1.556%)
005: dt: 0.2500, sse=1074568.4, rms=1.523 (44.622%)
006: dt: 0.2500, sse=1037907.6, rms=1.222 (19.768%)
007: dt: 0.2500, sse=1031383.1, rms=1.115 (8.767%)
008: dt: 0.2500, sse=1019726.4, rms=1.034 (7.265%)
rms = 1.00, time step reduction 2 of 3 to 0.125...
009: dt: 0.2500, sse=1013997.7, rms=0.999 (3.382%)
rms = 0.96, time step reduction 3 of 3 to 0.062...
010: dt: 0.1250, sse=1008638.9, rms=0.964 (3.446%)
positioning took 1.4 minutes
inhibiting deformation at non-cortical midline structures...
removing 2 vertex label from ripped group
mean border=94.8, 151 (53) missing vertices, mean dist -0.2 [0.6 (%49.7)->0.3 (%50.3))]
%83 local maxima, %11 large gradients and % 2 min vals, 0 gradients ignored
tol=1.0e-04, sigma=1.0, host=stone, nav=2, nbrs=2, l_repulse=5.000, l_tspring=1.562, l_nspring=0.625, l_intensity=0.200, l_curv=1.000
mom=0.00, dt=0.50
smoothing T1 volume with sigma = 0.500
vertex spacing 0.70 +- 0.18 (0.03-->3.35) (max @ vno 160015 --> 160040)
face area 0.21 +- 0.09 (0.00-->2.40)
mean absolute distance = 0.23 +- 0.49
6175 vertices more than 2 sigmas from mean.
averaging target values for 5 iterations...
000: dt: 0.0000, sse=1824805.9, rms=4.158
011: dt: 0.5000, sse=1371767.8, rms=2.610 (37.231%)
012: dt: 0.5000, sse=1333932.0, rms=2.489 (4.623%)
rms = 2.63, time step reduction 1 of 3 to 0.250...
013: dt: 0.2500, sse=1170066.9, rms=1.553 (37.628%)
014: dt: 0.2500, sse=1116602.6, rms=1.017 (34.489%)
015: dt: 0.2500, sse=1109281.0, rms=0.901 (11.445%)
rms = 0.87, time step reduction 2 of 3 to 0.125...
016: dt: 0.2500, sse=1107021.8, rms=0.869 (3.488%)
rms = 0.84, time step reduction 3 of 3 to 0.062...
017: dt: 0.1250, sse=1103628.6, rms=0.840 (3.395%)
positioning took 1.1 minutes
inhibiting deformation at non-cortical midline structures...
removing 2 vertex label from ripped group
removing 2 vertex label from ripped group
mean border=95.3, 118 (30) missing vertices, mean dist -0.1 [0.3 (%44.4)->0.1 (%55.6))]
%91 local maxima, % 4 large gradients and % 1 min vals, 0 gradients ignored
tol=1.0e-04, sigma=0.5, host=stone, nav=1, nbrs=2, l_repulse=5.000, l_tspring=1.562, l_nspring=0.625, l_intensity=0.200, l_curv=1.000
mom=0.00, dt=0.50
smoothing T1 volume with sigma = 0.250
vertex spacing 0.70 +- 0.18 (0.03-->4.02) (max @ vno 160015 --> 160040)
face area 0.21 +- 0.09 (0.00-->2.30)
mean absolute distance = 0.16 +- 0.35
4057 vertices more than 2 sigmas from mean.
averaging target values for 5 iterations...
000: dt: 0.0000, sse=1238457.9, rms=2.044
018: dt: 0.5000, sse=1194268.5, rms=1.655 (19.013%)
rms = 1.96, time step reduction 1 of 3 to 0.250...
019: dt: 0.2500, sse=1105121.8, rms=1.082 (34.645%)
020: dt: 0.2500, sse=1092585.6, rms=0.870 (19.561%)
021: dt: 0.2500, sse=1083919.1, rms=0.813 (6.593%)
rms = 0.82, time step reduction 2 of 3 to 0.125...
rms = 0.79, time step reduction 3 of 3 to 0.062...
022: dt: 0.1250, sse=1078368.8, rms=0.791 (2.634%)
positioning took 0.9 minutes
inhibiting deformation at non-cortical midline structures...
mean border=95.3, 119 (3) missing vertices, mean dist -0.0 [0.3 (%33.6)->0.1 (%66.4))]
%93 local maxima, % 3 large gradients and % 0 min vals, 0 gradients ignored
tol=1.0e-04, sigma=0.2, host=stone, nav=0, nbrs=2, l_repulse=5.000, l_tspring=1.562, l_nspring=0.625, l_intensity=0.200, l_curv=1.000
mom=0.00, dt=0.50
writing white matter surface to /home/stone-ext1/freesurfer/subjects/FS6EXPERT_subj01_ver10/surf/lh.white.preaparc...
writing smoothed curvature to lh.curv
000: dt: 0.0000, sse=1123239.9, rms=1.239
023: dt: 0.5000, sse=1112190.9, rms=1.087 (12.300%)
rms = 1.59, time step reduction 1 of 3 to 0.250...
024: dt: 0.2500, sse=1077197.1, rms=0.734 (32.494%)
rms = 0.72, time step reduction 2 of 3 to 0.125...
025: dt: 0.2500, sse=1082806.9, rms=0.719 (2.009%)
026: dt: 0.1250, sse=1073521.2, rms=0.662 (7.922%)
rms = 0.64, time step reduction 3 of 3 to 0.062...
027: dt: 0.1250, sse=1070361.0, rms=0.638 (3.648%)
positioning took 0.8 minutes
generating cortex label...
24 non-cortical segments detected
only using segment with 11310 vertices
erasing segment 0 (vno[0] = 64140)
erasing segment 1 (vno[0] = 66661)
erasing segment 3 (vno[0] = 132298)
erasing segment 4 (vno[0] = 136370)
erasing segment 5 (vno[0] = 143550)
erasing segment 6 (vno[0] = 143999)
erasing segment 7 (vno[0] = 146464)
erasing segment 8 (vno[0] = 149249)
erasing segment 9 (vno[0] = 151910)
erasing segment 10 (vno[0] = 156180)
erasing segment 11 (vno[0] = 157491)
erasing segment 12 (vno[0] = 158733)
erasing segment 13 (vno[0] = 159623)
erasing segment 14 (vno[0] = 160890)
erasing segment 15 (vno[0] = 164653)
erasing segment 16 (vno[0] = 164679)
erasing segment 17 (vno[0] = 165811)
erasing segment 18 (vno[0] = 166622)
erasing segment 19 (vno[0] = 166766)
erasing segment 20 (vno[0] = 167153)
erasing segment 21 (vno[0] = 172960)
erasing segment 22 (vno[0] = 173991)
erasing segment 23 (vno[0] = 175055)
writing cortex label to /home/stone-ext1/freesurfer/subjects/FS6EXPERT_subj01_ver10/label/lh.cortex.label...
writing curvature file /home/stone-ext1/freesurfer/subjects/FS6EXPERT_subj01_ver10/surf/lh.curv
writing smoothed area to lh.area
writing curvature file /home/stone-ext1/freesurfer/subjects/FS6EXPERT_subj01_ver10/surf/lh.area
vertex spacing 0.70 +- 0.18 (0.02-->4.25) (max @ vno 160015 --> 160040)
face area 0.21 +- 0.09 (0.00-->2.39)
refinement took 6.6 minutes
#--------------------------------------------
#@# Make White Surf rh Sun Jun 23 00:11:36 CDT 2019
/home/stone-ext1/freesurfer/subjects/FS6EXPERT_subj01_ver10/scripts

 mris_make_surfaces -aseg ../mri/aseg.presurf -white white.preaparc -noaparc -whiteonly -mgz -T1 brain.finalsurfs FS6EXPERT_subj01_ver10 rh 

using white.preaparc as white matter name...
only generating white matter surface
using aseg volume ../mri/aseg.presurf to prevent surfaces crossing the midline
not using aparc to prevent surfaces crossing the midline
INFO: assuming MGZ format for volumes.
using brain.finalsurfs as T1 volume...
$Id: mris_make_surfaces.c,v 1.164.2.4 2016/12/13 22:26:32 zkaufman Exp $
$Id: mrisurf.c,v 1.781.2.6 2016/12/27 16:47:14 zkaufman Exp $
reading volume /home/stone-ext1/freesurfer/subjects/FS6EXPERT_subj01_ver10/mri/filled.mgz...
reading volume /home/stone-ext1/freesurfer/subjects/FS6EXPERT_subj01_ver10/mri/brain.finalsurfs.mgz...
reading volume /home/stone-ext1/freesurfer/subjects/FS6EXPERT_subj01_ver10/mri/../mri/aseg.presurf.mgz...
reading volume /home/stone-ext1/freesurfer/subjects/FS6EXPERT_subj01_ver10/mri/wm.mgz...
32971 bright wm thresholded.
7506 bright non-wm voxels segmented.
reading original surface position from /home/stone-ext1/freesurfer/subjects/FS6EXPERT_subj01_ver10/surf/rh.orig...
computing class statistics...
border white:    449580 voxels (1.37%)
border gray      476530 voxels (1.45%)
WM (105.0): 104.0 +- 5.7 [70.0 --> 110.0]
GM (85.0) : 84.1 +- 9.5 [30.0 --> 110.0]
setting MIN_GRAY_AT_WHITE_BORDER to 70.5 (was 70)
setting MAX_BORDER_WHITE to 114.7 (was 105)
setting MIN_BORDER_WHITE to 80.0 (was 85)
setting MAX_CSF to 61.0 (was 40)
setting MAX_GRAY to 103.3 (was 95)
setting MAX_GRAY_AT_CSF_BORDER to 70.5 (was 75)
setting MIN_GRAY_AT_CSF_BORDER to 51.6 (was 40)
repositioning cortical surface to gray/white boundary
smoothing T1 volume with sigma = 2.000
vertex spacing 0.67 +- 0.17 (0.02-->4.53) (max @ vno 176498 --> 184741)
face area 0.19 +- 0.08 (0.00-->3.12)
mean absolute distance = 1.10 +- 1.32
7563 vertices more than 2 sigmas from mean.
averaging target values for 5 iterations...
spring scale = 1.25
using class modes intead of means, discounting robust sigmas....
intensity peaks found at WM=109+-1.7,    GM=80+-5.2
mean inside = 102.3, mean outside = 85.5
smoothing surface for 5 iterations...
inhibiting deformation at non-cortical midline structures...
removing 4 vertex label from ripped group
mean border=94.3, 124 (124) missing vertices, mean dist -0.3 [1.6 (%42.4)->0.6 (%57.6))]
%50 local maxima, %36 large gradients and % 9 min vals, 0 gradients ignored
tol=1.0e-04, sigma=2.0, host=stone, nav=4, nbrs=2, l_repulse=5.000, l_tspring=1.562, l_nspring=0.625, l_intensity=0.200, l_curv=1.000
mom=0.00, dt=0.50
complete_dist_mat 0
rms 0
smooth_averages 0
remove_neg 0
ico_order 0
which_surface 0
target_radius 0.000000
nfields 0
scale 0.000000
desired_rms_height 0.000000
momentum 0.000000
nbhd_size 0
max_nbrs 0
niterations 25
nsurfaces 0
SURFACES 3
flags 0 (0)
use curv 0
no sulc 0
no rigid align 0
mris->nsize 2
mris->hemisphere 1
randomSeed 0

smoothing T1 volume with sigma = 1.000
vertex spacing 0.71 +- 0.18 (0.03-->4.13) (max @ vno 176498 --> 184741)
face area 0.19 +- 0.08 (0.00-->2.38)
mean absolute distance = 0.45 +- 0.73
7575 vertices more than 2 sigmas from mean.
averaging target values for 5 iterations...
000: dt: 0.0000, sse=3272862.8, rms=7.216
001: dt: 0.5000, sse=1729233.6, rms=4.155 (42.419%)
002: dt: 0.5000, sse=1386833.5, rms=3.038 (26.874%)
003: dt: 0.5000, sse=1337580.6, rms=2.878 (5.279%)
rms = 2.87, time step reduction 1 of 3 to 0.250...
004: dt: 0.5000, sse=1339590.5, rms=2.869 (0.296%)
005: dt: 0.2500, sse=1112741.6, rms=1.702 (40.676%)
006: dt: 0.2500, sse=1072969.9, rms=1.445 (15.116%)
007: dt: 0.2500, sse=1058565.2, rms=1.376 (4.792%)
rms = 1.33, time step reduction 2 of 3 to 0.125...
008: dt: 0.2500, sse=1060797.1, rms=1.330 (3.346%)
rms = 1.30, time step reduction 3 of 3 to 0.062...
009: dt: 0.1250, sse=1051230.4, rms=1.297 (2.473%)
positioning took 1.4 minutes
inhibiting deformation at non-cortical midline structures...
removing 2 vertex label from ripped group
removing 2 vertex label from ripped group
removing 2 vertex label from ripped group
mean border=94.9, 122 (24) missing vertices, mean dist -0.2 [0.6 (%50.2)->0.3 (%49.8))]
%82 local maxima, %12 large gradients and % 2 min vals, 0 gradients ignored
tol=1.0e-04, sigma=1.0, host=stone, nav=2, nbrs=2, l_repulse=5.000, l_tspring=1.562, l_nspring=0.625, l_intensity=0.200, l_curv=1.000
mom=0.00, dt=0.50
smoothing T1 volume with sigma = 0.500
vertex spacing 0.70 +- 0.18 (0.04-->3.96) (max @ vno 176498 --> 184741)
face area 0.21 +- 0.09 (0.00-->2.63)
mean absolute distance = 0.23 +- 0.49
6244 vertices more than 2 sigmas from mean.
averaging target values for 5 iterations...
000: dt: 0.0000, sse=1856197.0, rms=4.244
010: dt: 0.5000, sse=1424824.1, rms=2.716 (36.010%)
011: dt: 0.5000, sse=1386864.1, rms=2.644 (2.653%)
rms = 2.78, time step reduction 1 of 3 to 0.250...
012: dt: 0.2500, sse=1200236.5, rms=1.749 (33.851%)
013: dt: 0.2500, sse=1148515.5, rms=1.273 (27.216%)
014: dt: 0.2500, sse=1138149.5, rms=1.175 (7.673%)
rms = 1.13, time step reduction 2 of 3 to 0.125...
015: dt: 0.2500, sse=1134746.2, rms=1.132 (3.660%)
rms = 1.09, time step reduction 3 of 3 to 0.062...
016: dt: 0.1250, sse=1124867.2, rms=1.092 (3.523%)
positioning took 1.1 minutes
inhibiting deformation at non-cortical midline structures...
removing 3 vertex label from ripped group
removing 2 vertex label from ripped group
removing 3 vertex label from ripped group
mean border=95.4, 154 (12) missing vertices, mean dist -0.1 [0.4 (%43.8)->0.1 (%56.2))]
%90 local maxima, % 5 large gradients and % 1 min vals, 0 gradients ignored
tol=1.0e-04, sigma=0.5, host=stone, nav=1, nbrs=2, l_repulse=5.000, l_tspring=1.562, l_nspring=0.625, l_intensity=0.200, l_curv=1.000
mom=0.00, dt=0.50
smoothing T1 volume with sigma = 0.250
vertex spacing 0.70 +- 0.18 (0.01-->3.87) (max @ vno 176498 --> 184741)
face area 0.21 +- 0.09 (0.00-->2.69)
mean absolute distance = 0.17 +- 0.36
4652 vertices more than 2 sigmas from mean.
averaging target values for 5 iterations...
000: dt: 0.0000, sse=1260503.5, rms=2.136
017: dt: 0.5000, sse=1219072.5, rms=1.789 (16.243%)
rms = 2.08, time step reduction 1 of 3 to 0.250...
018: dt: 0.2500, sse=1132667.0, rms=1.272 (28.939%)
019: dt: 0.2500, sse=1116897.0, rms=1.081 (14.951%)
rms = 1.04, time step reduction 2 of 3 to 0.125...
020: dt: 0.2500, sse=1116251.5, rms=1.038 (4.048%)
rms = 1.02, time step reduction 3 of 3 to 0.062...
021: dt: 0.1250, sse=1101015.4, rms=1.021 (1.618%)
positioning took 0.8 minutes
inhibiting deformation at non-cortical midline structures...
removing 2 vertex label from ripped group
removing 2 vertex label from ripped group
removing 3 vertex label from ripped group
mean border=95.4, 206 (9) missing vertices, mean dist -0.0 [0.3 (%34.3)->0.1 (%65.7))]
%92 local maxima, % 4 large gradients and % 0 min vals, 0 gradients ignored
tol=1.0e-04, sigma=0.2, host=stone, nav=0, nbrs=2, l_repulse=5.000, l_tspring=1.562, l_nspring=0.625, l_intensity=0.200, l_curv=1.000
mom=0.00, dt=0.50
writing white matter surface to /home/stone-ext1/freesurfer/subjects/FS6EXPERT_subj01_ver10/surf/rh.white.preaparc...
writing smoothed curvature to rh.curv
000: dt: 0.0000, sse=1147254.6, rms=1.404
022: dt: 0.5000, sse=1135033.2, rms=1.237 (11.910%)
rms = 1.62, time step reduction 1 of 3 to 0.250...
023: dt: 0.2500, sse=1099197.4, rms=0.962 (22.188%)
rms = 0.93, time step reduction 2 of 3 to 0.125...
024: dt: 0.2500, sse=1105029.6, rms=0.933 (3.078%)
rms = 0.90, time step reduction 3 of 3 to 0.062...
025: dt: 0.1250, sse=1105965.6, rms=0.896 (3.886%)
positioning took 0.7 minutes
generating cortex label...
11 non-cortical segments detected
only using segment with 11513 vertices
erasing segment 0 (vno[0] = 63201)
erasing segment 1 (vno[0] = 67010)
erasing segment 2 (vno[0] = 68213)
erasing segment 3 (vno[0] = 69395)
erasing segment 5 (vno[0] = 71986)
erasing segment 6 (vno[0] = 147991)
erasing segment 7 (vno[0] = 150815)
erasing segment 8 (vno[0] = 153527)
erasing segment 9 (vno[0] = 154774)
erasing segment 10 (vno[0] = 158813)
writing cortex label to /home/stone-ext1/freesurfer/subjects/FS6EXPERT_subj01_ver10/label/rh.cortex.label...
writing curvature file /home/stone-ext1/freesurfer/subjects/FS6EXPERT_subj01_ver10/surf/rh.curv
writing smoothed area to rh.area
writing curvature file /home/stone-ext1/freesurfer/subjects/FS6EXPERT_subj01_ver10/surf/rh.area
vertex spacing 0.71 +- 0.18 (0.02-->3.82) (max @ vno 176498 --> 184741)
face area 0.21 +- 0.09 (0.00-->2.80)
refinement took 6.5 minutes
#--------------------------------------------
#@# Smooth2 lh Sun Jun 23 00:18:07 CDT 2019
/home/stone-ext1/freesurfer/subjects/FS6EXPERT_subj01_ver10/scripts

 mris_smooth -n 3 -nw -seed 1234 ../surf/lh.white.preaparc ../surf/lh.smoothwm 

smoothing for 3 iterations
setting seed for random number generator to 1234
smoothing surface tessellation for 3 iterations...
smoothing complete - recomputing first and second fundamental forms...
#--------------------------------------------
#@# Smooth2 rh Sun Jun 23 00:18:21 CDT 2019
/home/stone-ext1/freesurfer/subjects/FS6EXPERT_subj01_ver10/scripts

 mris_smooth -n 3 -nw -seed 1234 ../surf/rh.white.preaparc ../surf/rh.smoothwm 

smoothing for 3 iterations
setting seed for random number generator to 1234
smoothing surface tessellation for 3 iterations...
smoothing complete - recomputing first and second fundamental forms...
#--------------------------------------------
#@# Inflation2 lh Sun Jun 23 00:18:36 CDT 2019
/home/stone-ext1/freesurfer/subjects/FS6EXPERT_subj01_ver10/scripts

 mris_inflate -rusage /home/stone-ext1/freesurfer/subjects/FS6EXPERT_subj01_ver10/touch/rusage.mris_inflate.lh.dat -n 50 ../surf/lh.smoothwm ../surf/lh.inflated 

niterations = 50
Reading ../surf/lh.smoothwm
avg radius = 48.5 mm, total surface area = 87979 mm^2
writing inflated surface to ../surf/lh.inflated
writing sulcal depths to ../surf/lh.sulc
step 000: RMS=0.151 (target=0.015)   step 005: RMS=0.108 (target=0.015)   step 010: RMS=0.081 (target=0.015)   step 015: RMS=0.067 (target=0.015)   step 020: RMS=0.056 (target=0.015)   step 025: RMS=0.047 (target=0.015)   step 030: RMS=0.041 (target=0.015)   step 035: RMS=0.035 (target=0.015)   step 040: RMS=0.031 (target=0.015)   step 045: RMS=0.027 (target=0.015)   step 050: RMS=0.025 (target=0.015)   step 055: RMS=0.023 (target=0.015)   step 060: RMS=0.021 (target=0.015)   step 065: RMS=0.020 (target=0.015)   step 070: RMS=0.019 (target=0.015)   step 075: RMS=0.018 (target=0.015)   step 080: RMS=0.017 (target=0.015)   step 085: RMS=0.017 (target=0.015)   step 090: RMS=0.016 (target=0.015)   step 095: RMS=0.016 (target=0.015)   step 100: RMS=0.016 (target=0.015)   step 105: RMS=0.015 (target=0.015)   step 110: RMS=0.015 (target=0.015)   
inflation complete.
inflation took 2.0 minutes
mris_inflate utimesec    872.071142
mris_inflate stimesec    16.747571
mris_inflate ru_maxrss   366112
mris_inflate ru_ixrss    0
mris_inflate ru_idrss    0
mris_inflate ru_isrss    0
mris_inflate ru_minflt   1747079
mris_inflate ru_majflt   0
mris_inflate ru_nswap    0
mris_inflate ru_inblock  0
mris_inflate ru_oublock  17744
mris_inflate ru_msgsnd   0
mris_inflate ru_msgrcv   0
mris_inflate ru_nsignals 0
mris_inflate ru_nvcsw    277722
mris_inflate ru_nivcsw   154342
#--------------------------------------------
#@# Inflation2 rh Sun Jun 23 00:20:33 CDT 2019
/home/stone-ext1/freesurfer/subjects/FS6EXPERT_subj01_ver10/scripts

 mris_inflate -rusage /home/stone-ext1/freesurfer/subjects/FS6EXPERT_subj01_ver10/touch/rusage.mris_inflate.rh.dat -n 50 ../surf/rh.smoothwm ../surf/rh.inflated 

niterations = 50
Reading ../surf/rh.smoothwm
avg radius = 47.5 mm, total surface area = 87974 mm^2
writing inflated surface to ../surf/rh.inflated
writing sulcal depths to ../surf/rh.sulc
step 000: RMS=0.152 (target=0.015)   step 005: RMS=0.109 (target=0.015)   step 010: RMS=0.082 (target=0.015)   step 015: RMS=0.069 (target=0.015)   step 020: RMS=0.058 (target=0.015)   step 025: RMS=0.049 (target=0.015)   step 030: RMS=0.042 (target=0.015)   step 035: RMS=0.037 (target=0.015)   step 040: RMS=0.032 (target=0.015)   step 045: RMS=0.028 (target=0.015)   step 050: RMS=0.025 (target=0.015)   step 055: RMS=0.023 (target=0.015)   step 060: RMS=0.021 (target=0.015)   step 065: RMS=0.020 (target=0.015)   step 070: RMS=0.019 (target=0.015)   step 075: RMS=0.019 (target=0.015)   step 080: RMS=0.018 (target=0.015)   step 085: RMS=0.018 (target=0.015)   step 090: RMS=0.017 (target=0.015)   step 095: RMS=0.017 (target=0.015)   step 100: RMS=0.017 (target=0.015)   step 105: RMS=0.016 (target=0.015)   step 110: RMS=0.016 (target=0.015)   step 115: RMS=0.016 (target=0.015)   step 120: RMS=0.016 (target=0.015)   step 125: RMS=0.016 (target=0.015)   step 130: RMS=0.016 (target=0.015)   step 135: RMS=0.015 (target=0.015)   step 140: RMS=0.015 (target=0.015)   step 145: RMS=0.015 (target=0.015)   step 150: RMS=0.015 (target=0.015)   
inflation complete.
inflation took 2.5 minutes
mris_inflate utimesec    1040.294303
mris_inflate stimesec    16.429316
mris_inflate ru_maxrss   365268
mris_inflate ru_ixrss    0
mris_inflate ru_idrss    0
mris_inflate ru_isrss    0
mris_inflate ru_minflt   1691564
mris_inflate ru_majflt   0
mris_inflate ru_nswap    0
mris_inflate ru_inblock  0
mris_inflate ru_oublock  17720
mris_inflate ru_msgsnd   0
mris_inflate ru_msgrcv   0
mris_inflate ru_nsignals 0
mris_inflate ru_nvcsw    301856
mris_inflate ru_nivcsw   185579
#--------------------------------------------
#@# Curv .H and .K lh Sun Jun 23 00:23:03 CDT 2019
/home/stone-ext1/freesurfer/subjects/FS6EXPERT_subj01_ver10/surf

 mris_curvature -w lh.white.preaparc 

total integrated curvature = 15.740*4pi (197.799) --> -15 handles
ICI = 191.8, FI = 2332.2, variation=35382.977
writing Gaussian curvature to ./lh.white.preaparc.K...done.
writing mean curvature to ./lh.white.preaparc.H...done.
rm -f lh.white.H
ln -s lh.white.preaparc.H lh.white.H
rm -f lh.white.K
ln -s lh.white.preaparc.K lh.white.K

 mris_curvature -thresh .999 -n -a 5 -w -distances 10 10 lh.inflated 

normalizing curvature values.
averaging curvature patterns 5 times.
sampling 10 neighbors out to a distance of 10 mm
405 vertices thresholded to be in k1 ~ [-0.20 0.22], k2 ~ [-0.12 0.06]
total integrated curvature = 0.647*4pi (8.130) --> 0 handles
ICI = 1.5, FI = 8.0, variation=141.831
234 vertices thresholded to be in [-0.01 0.02]
writing Gaussian curvature to ./lh.inflated.K...thresholding curvature at 99.90% level
curvature mean = 0.000, std = 0.001
298 vertices thresholded to be in [-0.14 0.11]
done.
writing mean curvature to ./lh.inflated.H...curvature mean = -0.017, std = 0.020
done.
#--------------------------------------------
#@# Curv .H and .K rh Sun Jun 23 00:25:39 CDT 2019
/home/stone-ext1/freesurfer/subjects/FS6EXPERT_subj01_ver10/surf

 mris_curvature -w rh.white.preaparc 

total integrated curvature = 28.859*4pi (362.654) --> -28 handles
ICI = 210.2, FI = 2441.6, variation=37179.541
writing Gaussian curvature to ./rh.white.preaparc.K...done.
writing mean curvature to ./rh.white.preaparc.H...done.
rm -f rh.white.H
ln -s rh.white.preaparc.H rh.white.H
rm -f rh.white.K
ln -s rh.white.preaparc.K rh.white.K

 mris_curvature -thresh .999 -n -a 5 -w -distances 10 10 rh.inflated 

normalizing curvature values.
averaging curvature patterns 5 times.
sampling 10 neighbors out to a distance of 10 mm
367 vertices thresholded to be in k1 ~ [-0.24 0.59], k2 ~ [-0.13 0.05]
total integrated curvature = 0.630*4pi (7.914) --> 0 handles
ICI = 1.3, FI = 5.5, variation=104.998
234 vertices thresholded to be in [-0.01 0.02]
writing Gaussian curvature to ./rh.inflated.K...thresholding curvature at 99.90% level
curvature mean = 0.000, std = 0.001
220 vertices thresholded to be in [-0.16 0.06]
done.
writing mean curvature to ./rh.inflated.H...curvature mean = -0.016, std = 0.017
done.

#-----------------------------------------
#@# Curvature Stats lh Sun Jun 23 00:28:23 CDT 2019
/home/stone-ext1/freesurfer/subjects/FS6EXPERT_subj01_ver10/surf

 mris_curvature_stats -m --writeCurvatureFiles -G -o ../stats/lh.curv.stats -F smoothwm FS6EXPERT_subj01_ver10 lh curv sulc 

             Toggling save flag on curvature files                       [ ok ]
                 Outputting results using filestem   [ ../stats/lh.curv.stats ]
             Toggling save flag on curvature files                       [ ok ]
                                   Setting surface [ FS6EXPERT_subj01_ver10/lh.smoothwm ]
                                Reading surface...                       [ ok ]
                                   Setting texture                     [ curv ]
                                Reading texture...                       [ ok ]
                                   Setting texture                     [ sulc ]
                                Reading texture...Gb_filter = 0
                       [ ok ]
      Calculating Discrete Principal Curvatures...
   Determining geometric order for vertex faces... [####################] [ ok ]
                      Determining KH curvatures... [####################] [ ok ]
                    Determining k1k2 curvatures... [####################] [ ok ]
                                   deltaViolations                      [ 446 ]
Gb_filter = 0

WARN:    S lookup   min:                          -0.035023
WARN:    S explicit min:                          0.000000	vertex = 1365

#-----------------------------------------
#@# Curvature Stats rh Sun Jun 23 00:28:34 CDT 2019
/home/stone-ext1/freesurfer/subjects/FS6EXPERT_subj01_ver10/surf

 mris_curvature_stats -m --writeCurvatureFiles -G -o ../stats/rh.curv.stats -F smoothwm FS6EXPERT_subj01_ver10 rh curv sulc 

             Toggling save flag on curvature files                       [ ok ]
                 Outputting results using filestem   [ ../stats/rh.curv.stats ]
             Toggling save flag on curvature files                       [ ok ]
                                   Setting surface [ FS6EXPERT_subj01_ver10/rh.smoothwm ]
                                Reading surface...                       [ ok ]
                                   Setting texture                     [ curv ]
                                Reading texture...                       [ ok ]
                                   Setting texture                     [ sulc ]
                                Reading texture...Gb_filter = 0
                       [ ok ]
      Calculating Discrete Principal Curvatures...
   Determining geometric order for vertex faces... [####################] [ ok ]
                      Determining KH curvatures... [####################] [ ok ]
                    Determining k1k2 curvatures... [####################] [ ok ]
                                   deltaViolations                      [ 424 ]
Gb_filter = 0

WARN:    S lookup   min:                          -0.199656
WARN:    S explicit min:                          0.000000	vertex = 212
#--------------------------------------------
#@# Sphere lh Sun Jun 23 00:28:43 CDT 2019
/home/stone-ext1/freesurfer/subjects/FS6EXPERT_subj01_ver10/scripts

 mris_sphere -rusage /home/stone-ext1/freesurfer/subjects/FS6EXPERT_subj01_ver10/touch/rusage.mris_sphere.lh.dat -seed 1234 ../surf/lh.inflated ../surf/lh.sphere 

setting seed for random number genererator to 1234
$Id: mris_sphere.c,v 1.61 2016/01/20 23:42:15 greve Exp $
  $Id: mrisurf.c,v 1.781.2.6 2016/12/27 16:47:14 zkaufman Exp $
reading original vertex positions...
unfolding cortex into spherical form...
surface projected - minimizing metric distortion...

== Number of threads available to mris_sphere for OpenMP = 32 == 
scaling brain by 0.270...
MRISunfold() max_passes = 1 -------
tol=5.0e-01, sigma=0.0, host=stone, nav=1024, nbrs=2, l_area=1.000, l_dist=1.000
using quadratic fit line minimization
complete_dist_mat 0
rms 0
smooth_averages 0
remove_neg 0
ico_order 0
which_surface 0
target_radius 0.000000
nfields 0
scale 1.000000
desired_rms_height -1.000000
momentum 0.900000
nbhd_size 7
max_nbrs 8
niterations 25
nsurfaces 0
SURFACES 3
flags 0 (0)
use curv 0
no sulc 0
no rigid align 0
mris->nsize 2
mris->hemisphere 0
randomSeed 1234

--------------------
  mrisRemoveNegativeArea()
pass 1: epoch 1 of 3 starting distance error %42.86
pass 1: epoch 2 of 3 starting distance error %21.16
unfolding complete - removing small folds...
starting distance error %21.06
removing remaining folds...
final distance error %21.08
MRISunfold() return, current seed 1234
-01: dt=0.0000, 364 negative triangles
099: dt=0.9900, 364 negative triangles
100: dt=0.9900, 244 negative triangles
101: dt=0.9900, 203 negative triangles
102: dt=0.9900, 187 negative triangles
103: dt=0.9900, 170 negative triangles
104: dt=0.9900, 161 negative triangles
105: dt=0.9900, 143 negative triangles
106: dt=0.9900, 142 negative triangles
107: dt=0.9900, 130 negative triangles
108: dt=0.9900, 147 negative triangles
109: dt=0.9900, 138 negative triangles
110: dt=0.9900, 123 negative triangles
111: dt=0.9900, 131 negative triangles
112: dt=0.9900, 136 negative triangles
113: dt=0.9900, 128 negative triangles
114: dt=0.9900, 138 negative triangles
115: dt=0.9900, 129 negative triangles
116: dt=0.9900, 128 negative triangles
117: dt=0.9900, 133 negative triangles
118: dt=0.9900, 125 negative triangles
119: dt=0.9900, 114 negative triangles
120: dt=0.9900, 125 negative triangles
121: dt=0.9900, 120 negative triangles
122: dt=0.9900, 123 negative triangles
123: dt=0.9900, 124 negative triangles
124: dt=0.9900, 121 negative triangles
125: dt=0.9900, 120 negative triangles
126: dt=0.9900, 115 negative triangles
127: dt=0.9900, 121 negative triangles
128: dt=0.9900, 114 negative triangles
129: dt=0.9900, 108 negative triangles
130: dt=0.9900, 110 negative triangles
131: dt=0.9900, 115 negative triangles
132: dt=0.9900, 107 negative triangles
133: dt=0.9900, 110 negative triangles
134: dt=0.9900, 99 negative triangles
135: dt=0.9900, 98 negative triangles
136: dt=0.9900, 98 negative triangles
137: dt=0.9900, 104 negative triangles
138: dt=0.9900, 97 negative triangles
139: dt=0.9900, 98 negative triangles
140: dt=0.9900, 92 negative triangles
141: dt=0.9900, 102 negative triangles
142: dt=0.9900, 95 negative triangles
143: dt=0.9900, 100 negative triangles
144: dt=0.9900, 103 negative triangles
145: dt=0.9900, 91 negative triangles
146: dt=0.9900, 96 negative triangles
147: dt=0.9900, 92 negative triangles
148: dt=0.9900, 96 negative triangles
149: dt=0.9900, 103 negative triangles
150: dt=0.9900, 86 negative triangles
151: dt=0.9900, 83 negative triangles
152: dt=0.9900, 91 negative triangles
153: dt=0.9900, 86 negative triangles
154: dt=0.9900, 83 negative triangles
155: dt=0.9900, 79 negative triangles
156: dt=0.9900, 74 negative triangles
157: dt=0.9900, 74 negative triangles
158: dt=0.9900, 79 negative triangles
159: dt=0.9900, 67 negative triangles
160: dt=0.9900, 67 negative triangles
161: dt=0.9900, 66 negative triangles
162: dt=0.9900, 65 negative triangles
163: dt=0.9900, 61 negative triangles
164: dt=0.9900, 55 negative triangles
165: dt=0.9900, 53 negative triangles
166: dt=0.9900, 53 negative triangles
167: dt=0.9900, 54 negative triangles
168: dt=0.9900, 50 negative triangles
169: dt=0.9900, 47 negative triangles
170: dt=0.9900, 45 negative triangles
171: dt=0.9900, 44 negative triangles
172: dt=0.9900, 41 negative triangles
173: dt=0.9900, 45 negative triangles
174: dt=0.9900, 42 negative triangles
175: dt=0.9900, 36 negative triangles
176: dt=0.9900, 40 negative triangles
177: dt=0.9900, 32 negative triangles
178: dt=0.9900, 30 negative triangles
179: dt=0.9900, 33 negative triangles
180: dt=0.9900, 28 negative triangles
181: dt=0.9900, 29 negative triangles
182: dt=0.9900, 24 negative triangles
183: dt=0.9900, 20 negative triangles
184: dt=0.9900, 18 negative triangles
185: dt=0.9900, 23 negative triangles
186: dt=0.9900, 18 negative triangles
187: dt=0.9900, 20 negative triangles
188: dt=0.9900, 14 negative triangles
189: dt=0.9900, 15 negative triangles
190: dt=0.9900, 14 negative triangles
191: dt=0.9900, 8 negative triangles
192: dt=0.9900, 11 negative triangles
193: dt=0.9900, 7 negative triangles
194: dt=0.9900, 7 negative triangles
195: dt=0.9900, 6 negative triangles
196: dt=0.9900, 7 negative triangles
197: dt=0.9900, 6 negative triangles
198: dt=0.9900, 5 negative triangles
199: dt=0.9900, 3 negative triangles
200: dt=0.9900, 1 negative triangles
201: dt=0.9900, 3 negative triangles
202: dt=0.9900, 2 negative triangles
203: dt=0.9900, 1 negative triangles
204: dt=0.9900, 2 negative triangles
205: dt=0.9900, 2 negative triangles
writing spherical brain to ../surf/lh.sphere
spherical transformation took 0.35 hours
mris_sphere utimesec    11890.127639
mris_sphere stimesec    40.321644
mris_sphere ru_maxrss   502752
mris_sphere ru_ixrss    0
mris_sphere ru_idrss    0
mris_sphere ru_isrss    0
mris_sphere ru_minflt   1156774
mris_sphere ru_majflt   0
mris_sphere ru_nswap    0
mris_sphere ru_inblock  0
mris_sphere ru_oublock  15968
mris_sphere ru_msgsnd   0
mris_sphere ru_msgrcv   0
mris_sphere ru_nsignals 0
mris_sphere ru_nvcsw    2302200
mris_sphere ru_nivcsw   2056609
FSRUNTIME@ mris_sphere  0.3502 hours 1 threads
#--------------------------------------------
#@# Sphere rh Sun Jun 23 00:49:44 CDT 2019
/home/stone-ext1/freesurfer/subjects/FS6EXPERT_subj01_ver10/scripts

 mris_sphere -rusage /home/stone-ext1/freesurfer/subjects/FS6EXPERT_subj01_ver10/touch/rusage.mris_sphere.rh.dat -seed 1234 ../surf/rh.inflated ../surf/rh.sphere 

setting seed for random number genererator to 1234
$Id: mris_sphere.c,v 1.61 2016/01/20 23:42:15 greve Exp $
  $Id: mrisurf.c,v 1.781.2.6 2016/12/27 16:47:14 zkaufman Exp $
reading original vertex positions...
unfolding cortex into spherical form...
surface projected - minimizing metric distortion...

== Number of threads available to mris_sphere for OpenMP = 32 == 
scaling brain by 0.276...
MRISunfold() max_passes = 1 -------
tol=5.0e-01, sigma=0.0, host=stone, nav=1024, nbrs=2, l_area=1.000, l_dist=1.000
using quadratic fit line minimization
complete_dist_mat 0
rms 0
smooth_averages 0
remove_neg 0
ico_order 0
which_surface 0
target_radius 0.000000
nfields 0
scale 1.000000
desired_rms_height -1.000000
momentum 0.900000
nbhd_size 7
max_nbrs 8
niterations 25
nsurfaces 0
SURFACES 3
flags 0 (0)
use curv 0
no sulc 0
no rigid align 0
mris->nsize 2
mris->hemisphere 1
randomSeed 1234

--------------------
  mrisRemoveNegativeArea()
pass 1: epoch 1 of 3 starting distance error %40.62
pass 1: epoch 2 of 3 starting distance error %21.56
unfolding complete - removing small folds...
starting distance error %21.42
removing remaining folds...
final distance error %21.42
MRISunfold() return, current seed 1234
-01: dt=0.0000, 596 negative triangles
102: dt=0.9900, 596 negative triangles
103: dt=0.9900, 406 negative triangles
104: dt=0.9900, 374 negative triangles
105: dt=0.9900, 360 negative triangles
106: dt=0.9900, 335 negative triangles
107: dt=0.9900, 317 negative triangles
108: dt=0.9900, 316 negative triangles
109: dt=0.9900, 295 negative triangles
110: dt=0.9900, 278 negative triangles
111: dt=0.9900, 272 negative triangles
112: dt=0.9900, 265 negative triangles
113: dt=0.9900, 260 negative triangles
114: dt=0.9900, 248 negative triangles
115: dt=0.9900, 236 negative triangles
116: dt=0.9900, 239 negative triangles
117: dt=0.9900, 222 negative triangles
118: dt=0.9900, 234 negative triangles
119: dt=0.9900, 218 negative triangles
120: dt=0.9900, 210 negative triangles
121: dt=0.9900, 193 negative triangles
122: dt=0.9900, 183 negative triangles
123: dt=0.9900, 193 negative triangles
124: dt=0.9900, 176 negative triangles
125: dt=0.9900, 171 negative triangles
126: dt=0.9900, 173 negative triangles
127: dt=0.9900, 161 negative triangles
128: dt=0.9900, 158 negative triangles
129: dt=0.9900, 155 negative triangles
130: dt=0.9900, 146 negative triangles
131: dt=0.9900, 150 negative triangles
132: dt=0.9900, 144 negative triangles
133: dt=0.9900, 136 negative triangles
134: dt=0.9900, 142 negative triangles
135: dt=0.9900, 134 negative triangles
136: dt=0.9900, 151 negative triangles
137: dt=0.9900, 142 negative triangles
138: dt=0.9900, 130 negative triangles
139: dt=0.9900, 135 negative triangles
140: dt=0.9900, 122 negative triangles
141: dt=0.9900, 134 negative triangles
142: dt=0.9900, 121 negative triangles
143: dt=0.9900, 125 negative triangles
144: dt=0.9900, 121 negative triangles
145: dt=0.9900, 112 negative triangles
146: dt=0.9900, 117 negative triangles
147: dt=0.9900, 108 negative triangles
148: dt=0.9900, 101 negative triangles
149: dt=0.9900, 104 negative triangles
150: dt=0.9900, 94 negative triangles
151: dt=0.9900, 96 negative triangles
152: dt=0.9900, 94 negative triangles
153: dt=0.9900, 94 negative triangles
154: dt=0.9900, 96 negative triangles
155: dt=0.9900, 85 negative triangles
156: dt=0.9900, 82 negative triangles
157: dt=0.9900, 75 negative triangles
158: dt=0.9900, 80 negative triangles
159: dt=0.9900, 72 negative triangles
160: dt=0.9900, 71 negative triangles
161: dt=0.9900, 71 negative triangles
162: dt=0.9900, 68 negative triangles
163: dt=0.9900, 65 negative triangles
164: dt=0.9900, 73 negative triangles
165: dt=0.9900, 72 negative triangles
166: dt=0.9900, 70 negative triangles
167: dt=0.9900, 63 negative triangles
168: dt=0.9900, 72 negative triangles
169: dt=0.9900, 68 negative triangles
170: dt=0.9900, 74 negative triangles
171: dt=0.9900, 70 negative triangles
172: dt=0.9900, 68 negative triangles
173: dt=0.9900, 67 negative triangles
174: dt=0.9900, 61 negative triangles
175: dt=0.9900, 66 negative triangles
176: dt=0.9900, 64 negative triangles
177: dt=0.9900, 65 negative triangles
178: dt=0.9900, 55 negative triangles
179: dt=0.9900, 56 negative triangles
180: dt=0.9900, 68 negative triangles
181: dt=0.9900, 54 negative triangles
182: dt=0.9900, 49 negative triangles
183: dt=0.9900, 49 negative triangles
184: dt=0.9900, 50 negative triangles
185: dt=0.9900, 54 negative triangles
186: dt=0.9900, 46 negative triangles
187: dt=0.9900, 44 negative triangles
188: dt=0.9900, 43 negative triangles
189: dt=0.9900, 44 negative triangles
190: dt=0.9900, 44 negative triangles
191: dt=0.9900, 46 negative triangles
192: dt=0.9900, 41 negative triangles
193: dt=0.9900, 42 negative triangles
194: dt=0.9900, 44 negative triangles
195: dt=0.9900, 44 negative triangles
196: dt=0.9900, 37 negative triangles
197: dt=0.9900, 39 negative triangles
198: dt=0.9900, 41 negative triangles
199: dt=0.9900, 43 negative triangles
200: dt=0.9900, 41 negative triangles
201: dt=0.9900, 44 negative triangles
202: dt=0.9900, 37 negative triangles
203: dt=0.9900, 37 negative triangles
204: dt=0.9900, 41 negative triangles
205: dt=0.9900, 37 negative triangles
206: dt=0.9405, 41 negative triangles
207: dt=0.9405, 37 negative triangles
208: dt=0.9405, 38 negative triangles
209: dt=0.9405, 38 negative triangles
210: dt=0.9405, 48 negative triangles
211: dt=0.9405, 43 negative triangles
212: dt=0.9405, 33 negative triangles
213: dt=0.9405, 34 negative triangles
214: dt=0.9405, 32 negative triangles
215: dt=0.9405, 33 negative triangles
216: dt=0.9405, 37 negative triangles
217: dt=0.9405, 31 negative triangles
218: dt=0.9405, 32 negative triangles
219: dt=0.9405, 31 negative triangles
220: dt=0.9405, 36 negative triangles
221: dt=0.9405, 32 negative triangles
222: dt=0.9405, 38 negative triangles
223: dt=0.9405, 34 negative triangles
224: dt=0.9405, 27 negative triangles
225: dt=0.9405, 31 negative triangles
226: dt=0.9405, 27 negative triangles
227: dt=0.9405, 31 negative triangles
228: dt=0.9405, 25 negative triangles
229: dt=0.9405, 32 negative triangles
230: dt=0.9405, 27 negative triangles
231: dt=0.9405, 29 negative triangles
232: dt=0.9405, 27 negative triangles
233: dt=0.9405, 28 negative triangles
234: dt=0.9405, 28 negative triangles
235: dt=0.9405, 29 negative triangles
236: dt=0.9405, 31 negative triangles
237: dt=0.9405, 29 negative triangles
238: dt=0.8935, 30 negative triangles
239: dt=0.8935, 26 negative triangles
240: dt=0.8935, 31 negative triangles
241: dt=0.8935, 34 negative triangles
242: dt=0.8935, 35 negative triangles
243: dt=0.8935, 22 negative triangles
244: dt=0.8935, 16 negative triangles
245: dt=0.8935, 19 negative triangles
246: dt=0.8935, 16 negative triangles
247: dt=0.8935, 16 negative triangles
248: dt=0.8935, 17 negative triangles
249: dt=0.8935, 14 negative triangles
250: dt=0.8935, 16 negative triangles
251: dt=0.8935, 19 negative triangles
252: dt=0.8935, 12 negative triangles
253: dt=0.8935, 10 negative triangles
254: dt=0.8935, 20 negative triangles
255: dt=0.8935, 12 negative triangles
256: dt=0.8935, 13 negative triangles
257: dt=0.8935, 14 negative triangles
258: dt=0.8935, 11 negative triangles
259: dt=0.8935, 12 negative triangles
260: dt=0.8935, 10 negative triangles
261: dt=0.8935, 10 negative triangles
262: dt=0.8935, 13 negative triangles
263: dt=0.8488, 12 negative triangles
264: dt=0.8488, 12 negative triangles
265: dt=0.8488, 10 negative triangles
266: dt=0.8488, 12 negative triangles
267: dt=0.8488, 10 negative triangles
268: dt=0.8488, 11 negative triangles
269: dt=0.8488, 10 negative triangles
270: dt=0.8488, 11 negative triangles
271: dt=0.8488, 10 negative triangles
272: dt=0.8488, 10 negative triangles
273: dt=0.8064, 11 negative triangles
274: dt=0.8064, 12 negative triangles
275: dt=0.8064, 5 negative triangles
276: dt=0.8064, 5 negative triangles
277: dt=0.8064, 5 negative triangles
278: dt=0.8064, 5 negative triangles
279: dt=0.8064, 3 negative triangles
280: dt=0.8064, 3 negative triangles
281: dt=0.8064, 2 negative triangles
282: dt=0.8064, 5 negative triangles
283: dt=0.8064, 4 negative triangles
284: dt=0.8064, 2 negative triangles
285: dt=0.8064, 3 negative triangles
286: dt=0.8064, 3 negative triangles
287: dt=0.8064, 3 negative triangles
288: dt=0.8064, 1 negative triangles
289: dt=0.8064, 1 negative triangles
290: dt=0.8064, 1 negative triangles
291: dt=0.8064, 1 negative triangles
292: dt=0.8064, 1 negative triangles
293: dt=0.8064, 3 negative triangles
294: dt=0.8064, 1 negative triangles
writing spherical brain to ../surf/rh.sphere
spherical transformation took 0.40 hours
mris_sphere utimesec    13171.909147
mris_sphere stimesec    44.893202
mris_sphere ru_maxrss   502404
mris_sphere ru_ixrss    0
mris_sphere ru_idrss    0
mris_sphere ru_isrss    0
mris_sphere ru_minflt   1241435
mris_sphere ru_majflt   0
mris_sphere ru_nswap    0
mris_sphere ru_inblock  0
mris_sphere ru_oublock  15944
mris_sphere ru_msgsnd   0
mris_sphere ru_msgrcv   0
mris_sphere ru_nsignals 0
mris_sphere ru_nvcsw    2444291
mris_sphere ru_nivcsw   2183378
FSRUNTIME@ mris_sphere  0.3959 hours 1 threads
#--------------------------------------------
#@# Surf Reg lh Sun Jun 23 01:13:29 CDT 2019
/home/stone-ext1/freesurfer/subjects/FS6EXPERT_subj01_ver10/scripts

 mris_register -curv -rusage /home/stone-ext1/freesurfer/subjects/FS6EXPERT_subj01_ver10/touch/rusage.mris_register.lh.dat ../surf/lh.sphere /home/stone/software/freesurfer_stable_600/average/lh.folding.atlas.acfb40.noaparc.i12.2016-08-02.tif ../surf/lh.sphere.reg 

using smoothwm curvature for final alignment

cwd /home/stone-ext1/freesurfer/subjects/FS6EXPERT_subj01_ver10/scripts
cmdline mris_register -curv -rusage /home/stone-ext1/freesurfer/subjects/FS6EXPERT_subj01_ver10/touch/rusage.mris_register.lh.dat ../surf/lh.sphere /home/stone/software/freesurfer_stable_600/average/lh.folding.atlas.acfb40.noaparc.i12.2016-08-02.tif ../surf/lh.sphere.reg 

0 inflated.H
1 sulc
2 smoothwm (computed)
$Id: mris_register.c,v 1.63 2016/01/20 23:43:04 greve Exp $
  $Id: mrisurf.c,v 1.781.2.6 2016/12/27 16:47:14 zkaufman Exp $
reading surface from ../surf/lh.sphere...
reading template parameterization from /home/stone/software/freesurfer_stable_600/average/lh.folding.atlas.acfb40.noaparc.i12.2016-08-02.tif...
MRISregister() -------
max_passes = 4 
min_degrees = 0.500000 
max_degrees = 64.000000 
nangles = 8 
tol=5.0e-01, sigma=0.0, host=stone, nav=1024, nbrs=1, l_extern=10000.000, l_parea=0.200, l_nlarea=1.000, l_corr=1.000, l_dist=5.000
using quadratic fit line minimization
complete_dist_mat 0
rms 0
smooth_averages 0
remove_neg 0
ico_order 0
which_surface 0
target_radius 0.000000
nfields 0
scale 0.000000
desired_rms_height -1.000000
momentum 0.950000
nbhd_size -10
max_nbrs 10
niterations 25
nsurfaces 0
SURFACES 3
flags 16 (10)
use curv 16
no sulc 0
no rigid align 0
mris->nsize 1
mris->hemisphere 0
randomSeed 0

tol=5.0e-01, sigma=0.0, host=stone, nav=1024, nbrs=1, l_extern=10000.000, l_parea=0.200, l_nlarea=1.000, l_corr=1.000, l_dist=5.000
using quadratic fit line minimization
--------------------
1 Reading lh.sulc
curvature mean = 0.000, std = 5.801
curvature mean = 0.020, std = 0.816
curvature mean = 0.016, std = 0.870
Starting MRISrigidBodyAlignGlobal()
  d=64.00 min @ (0.00, -16.00, 0.00) sse = 516796.6, tmin=2.1366
  d=32.00 min @ (8.00, 8.00, 8.00) sse = 369450.2, tmin=4.2451
  d=16.00 min @ (-4.00, -4.00, 0.00) sse = 340291.1, tmin=6.3204
  d=8.00 min @ (2.00, 2.00, -2.00) sse = 316390.7, tmin=8.3960
  d=4.00 min @ (-1.00, 0.00, 0.00) sse = 315999.6, tmin=10.6596
  d=2.00 min @ (0.50, -0.50, 0.00) sse = 314933.9, tmin=12.8673
  d=1.00 min @ (0.00, 0.25, 0.00) sse = 314735.5, tmin=15.0837
  d=0.50 min @ (-0.12, -0.12, 0.00) sse = 314656.8, tmin=17.3204
tol=1.0e+00, sigma=0.5, host=stone, nav=1024, nbrs=1, l_extern=10000.000, l_parea=0.200, l_nlarea=1.000, l_corr=0.050, l_spring=0.500, l_dist=5.000
using quadratic fit line minimization
MRISrigidBodyAlignGlobal() done  17.32 min
curvature mean = 0.000, std = 0.835
curvature mean = 0.007, std = 0.950
curvature mean = -0.003, std = 0.843
curvature mean = 0.003, std = 0.980
curvature mean = -0.006, std = 0.844
curvature mean = 0.001, std = 0.992
2 Reading smoothwm
curvature mean = -0.032, std = 0.309
curvature mean = 0.040, std = 0.246
curvature mean = 0.056, std = 0.338
curvature mean = 0.038, std = 0.304
curvature mean = 0.028, std = 0.528
curvature mean = 0.037, std = 0.331
curvature mean = 0.016, std = 0.675
curvature mean = 0.037, std = 0.342
curvature mean = 0.006, std = 0.786
MRISregister() return, current seed 0
-01: dt=0.0000, 75 negative triangles
119: dt=0.9900, 75 negative triangles
120: dt=0.9405, 76 negative triangles
expanding nbhd size to 1
121: dt=0.9900, 78 negative triangles
122: dt=0.9900, 70 negative triangles
123: dt=0.9900, 55 negative triangles
124: dt=0.9900, 53 negative triangles
125: dt=0.9900, 52 negative triangles
126: dt=0.9900, 53 negative triangles
127: dt=0.9900, 52 negative triangles
128: dt=0.9900, 59 negative triangles
129: dt=0.9900, 57 negative triangles
130: dt=0.9900, 58 negative triangles
131: dt=0.9900, 47 negative triangles
132: dt=0.9900, 46 negative triangles
133: dt=0.9900, 41 negative triangles
134: dt=0.9900, 41 negative triangles
135: dt=0.9900, 38 negative triangles
136: dt=0.9900, 38 negative triangles
137: dt=0.9900, 40 negative triangles
138: dt=0.9900, 37 negative triangles
139: dt=0.9900, 37 negative triangles
140: dt=0.9900, 34 negative triangles
141: dt=0.9900, 30 negative triangles
142: dt=0.9900, 33 negative triangles
143: dt=0.9900, 27 negative triangles
144: dt=0.9900, 26 negative triangles
145: dt=0.9900, 28 negative triangles
146: dt=0.9900, 26 negative triangles
147: dt=0.9900, 24 negative triangles
148: dt=0.9900, 25 negative triangles
149: dt=0.9900, 26 negative triangles
150: dt=0.9900, 25 negative triangles
151: dt=0.9900, 26 negative triangles
152: dt=0.9900, 22 negative triangles
153: dt=0.9900, 24 negative triangles
154: dt=0.9900, 22 negative triangles
155: dt=0.9900, 23 negative triangles
156: dt=0.9900, 20 negative triangles
157: dt=0.9900, 23 negative triangles
158: dt=0.9900, 22 negative triangles
159: dt=0.9900, 23 negative triangles
160: dt=0.9900, 23 negative triangles
161: dt=0.9900, 24 negative triangles
162: dt=0.9900, 22 negative triangles
163: dt=0.9900, 23 negative triangles
164: dt=0.9900, 21 negative triangles
165: dt=0.9900, 20 negative triangles
166: dt=0.9405, 20 negative triangles
167: dt=0.9405, 20 negative triangles
168: dt=0.9405, 19 negative triangles
169: dt=0.9405, 20 negative triangles
170: dt=0.9405, 22 negative triangles
171: dt=0.9405, 21 negative triangles
172: dt=0.9405, 20 negative triangles
173: dt=0.9405, 19 negative triangles
174: dt=0.9405, 16 negative triangles
175: dt=0.9405, 15 negative triangles
176: dt=0.9405, 14 negative triangles
177: dt=0.9405, 15 negative triangles
178: dt=0.9405, 14 negative triangles
179: dt=0.9405, 15 negative triangles
180: dt=0.9405, 14 negative triangles
181: dt=0.9405, 16 negative triangles
182: dt=0.9405, 15 negative triangles
183: dt=0.9405, 16 negative triangles
184: dt=0.9405, 14 negative triangles
185: dt=0.9405, 15 negative triangles
186: dt=0.9405, 13 negative triangles
187: dt=0.9405, 14 negative triangles
188: dt=0.9405, 13 negative triangles
189: dt=0.9405, 14 negative triangles
190: dt=0.9405, 14 negative triangles
191: dt=0.9405, 14 negative triangles
192: dt=0.9405, 13 negative triangles
193: dt=0.9405, 11 negative triangles
194: dt=0.9405, 9 negative triangles
195: dt=0.9405, 10 negative triangles
196: dt=0.9405, 9 negative triangles
197: dt=0.9405, 10 negative triangles
198: dt=0.9405, 9 negative triangles
199: dt=0.9405, 10 negative triangles
200: dt=0.9405, 8 negative triangles
201: dt=0.9405, 8 negative triangles
202: dt=0.9405, 7 negative triangles
203: dt=0.9405, 8 negative triangles
204: dt=0.9405, 9 negative triangles
205: dt=0.9405, 7 negative triangles
206: dt=0.9405, 9 negative triangles
207: dt=0.9405, 8 negative triangles
208: dt=0.9405, 5 negative triangles
209: dt=0.9405, 6 negative triangles
210: dt=0.9405, 2 negative triangles
211: dt=0.9405, 4 negative triangles
212: dt=0.9405, 2 negative triangles
213: dt=0.9405, 3 negative triangles
214: dt=0.9405, 2 negative triangles
215: dt=0.9405, 1 negative triangles
216: dt=0.9405, 3 negative triangles
217: dt=0.9405, 1 negative triangles
218: dt=0.9405, 3 negative triangles
219: dt=0.9405, 1 negative triangles
220: dt=0.9405, 3 negative triangles
221: dt=0.9405, 1 negative triangles
222: dt=0.9405, 1 negative triangles
223: dt=0.9405, 3 negative triangles
224: dt=0.9405, 2 negative triangles
225: dt=0.8935, 1 negative triangles
226: dt=0.8935, 1 negative triangles
227: dt=0.8935, 1 negative triangles
writing registered surface to ../surf/lh.sphere.reg...
registration took 1.38 hours
mris_register utimesec    48376.851572
mris_register stimesec    157.657631
mris_register ru_maxrss   420784
mris_register ru_ixrss    0
mris_register ru_idrss    0
mris_register ru_isrss    0
mris_register ru_minflt   680895
mris_register ru_majflt   0
mris_register ru_nswap    0
mris_register ru_inblock  0
mris_register ru_oublock  15976
mris_register ru_msgsnd   0
mris_register ru_msgrcv   0
mris_register ru_nsignals 0
mris_register ru_nvcsw    10628523
mris_register ru_nivcsw   7890618
FSRUNTIME@ mris_register  1.3847 hours 1 threads
#--------------------------------------------
#@# Surf Reg rh Sun Jun 23 02:36:34 CDT 2019
/home/stone-ext1/freesurfer/subjects/FS6EXPERT_subj01_ver10/scripts

 mris_register -curv -rusage /home/stone-ext1/freesurfer/subjects/FS6EXPERT_subj01_ver10/touch/rusage.mris_register.rh.dat ../surf/rh.sphere /home/stone/software/freesurfer_stable_600/average/rh.folding.atlas.acfb40.noaparc.i12.2016-08-02.tif ../surf/rh.sphere.reg 

using smoothwm curvature for final alignment

cwd /home/stone-ext1/freesurfer/subjects/FS6EXPERT_subj01_ver10/scripts
cmdline mris_register -curv -rusage /home/stone-ext1/freesurfer/subjects/FS6EXPERT_subj01_ver10/touch/rusage.mris_register.rh.dat ../surf/rh.sphere /home/stone/software/freesurfer_stable_600/average/rh.folding.atlas.acfb40.noaparc.i12.2016-08-02.tif ../surf/rh.sphere.reg 

0 inflated.H
1 sulc
2 smoothwm (computed)
$Id: mris_register.c,v 1.63 2016/01/20 23:43:04 greve Exp $
  $Id: mrisurf.c,v 1.781.2.6 2016/12/27 16:47:14 zkaufman Exp $
reading surface from ../surf/rh.sphere...
reading template parameterization from /home/stone/software/freesurfer_stable_600/average/rh.folding.atlas.acfb40.noaparc.i12.2016-08-02.tif...
MRISregister() -------
max_passes = 4 
min_degrees = 0.500000 
max_degrees = 64.000000 
nangles = 8 
tol=5.0e-01, sigma=0.0, host=stone, nav=1024, nbrs=1, l_extern=10000.000, l_parea=0.200, l_nlarea=1.000, l_corr=1.000, l_dist=5.000
using quadratic fit line minimization
complete_dist_mat 0
rms 0
smooth_averages 0
remove_neg 0
ico_order 0
which_surface 0
target_radius 0.000000
nfields 0
scale 0.000000
desired_rms_height -1.000000
momentum 0.950000
nbhd_size -10
max_nbrs 10
niterations 25
nsurfaces 0
SURFACES 3
flags 16 (10)
use curv 16
no sulc 0
no rigid align 0
mris->nsize 1
mris->hemisphere 1
randomSeed 0

tol=5.0e-01, sigma=0.0, host=stone, nav=1024, nbrs=1, l_extern=10000.000, l_parea=0.200, l_nlarea=1.000, l_corr=1.000, l_dist=5.000
using quadratic fit line minimization
--------------------
1 Reading rh.sulc
curvature mean = 0.000, std = 6.295
curvature mean = 0.020, std = 0.803
curvature mean = 0.015, std = 0.882
Starting MRISrigidBodyAlignGlobal()
  d=64.00 min @ (16.00, 0.00, 16.00) sse = 584817.4, tmin=2.2060
  d=32.00 min @ (-8.00, -8.00, -8.00) sse = 452360.4, tmin=4.4838
  d=16.00 min @ (0.00, -4.00, 0.00) sse = 447399.6, tmin=6.8105
  d=8.00 min @ (2.00, 2.00, 2.00) sse = 435568.9, tmin=9.2485
  d=4.00 min @ (0.00, 0.00, -1.00) sse = 433174.6, tmin=11.3395
  d=2.00 min @ (-0.50, 0.50, 0.00) sse = 432434.6, tmin=13.4093
  d=1.00 min @ (0.25, 0.00, 0.00) sse = 432359.0, tmin=15.4821
  d=0.50 min @ (-0.12, -0.12, 0.00) sse = 432324.4, tmin=17.6061
tol=1.0e+00, sigma=0.5, host=stone, nav=1024, nbrs=1, l_extern=10000.000, l_parea=0.200, l_nlarea=1.000, l_corr=0.050, l_spring=0.500, l_dist=5.000
using quadratic fit line minimization
MRISrigidBodyAlignGlobal() done  17.61 min
curvature mean = -0.007, std = 0.829
curvature mean = 0.005, std = 0.953
curvature mean = -0.012, std = 0.834
curvature mean = 0.002, std = 0.980
curvature mean = -0.014, std = 0.835
curvature mean = 0.000, std = 0.992
2 Reading smoothwm
curvature mean = -0.031, std = 0.323
curvature mean = 0.037, std = 0.238
curvature mean = 0.044, std = 0.320
curvature mean = 0.032, std = 0.296
curvature mean = 0.025, std = 0.497
curvature mean = 0.032, std = 0.321
curvature mean = 0.014, std = 0.638
curvature mean = 0.032, std = 0.332
curvature mean = 0.005, std = 0.750
MRISregister() return, current seed 0
-01: dt=0.0000, 191 negative triangles
118: dt=0.9900, 191 negative triangles
expanding nbhd size to 1
119: dt=0.9900, 227 negative triangles
120: dt=0.9900, 175 negative triangles
121: dt=0.9900, 168 negative triangles
122: dt=0.9900, 164 negative triangles
123: dt=0.9900, 151 negative triangles
124: dt=0.9900, 149 negative triangles
125: dt=0.9900, 135 negative triangles
126: dt=0.9900, 123 negative triangles
127: dt=0.9900, 122 negative triangles
128: dt=0.9900, 118 negative triangles
129: dt=0.9900, 105 negative triangles
130: dt=0.9900, 106 negative triangles
131: dt=0.9900, 96 negative triangles
132: dt=0.9900, 91 negative triangles
133: dt=0.9900, 85 negative triangles
134: dt=0.9900, 77 negative triangles
135: dt=0.9900, 73 negative triangles
136: dt=0.9900, 71 negative triangles
137: dt=0.9900, 72 negative triangles
138: dt=0.9900, 70 negative triangles
139: dt=0.9900, 62 negative triangles
140: dt=0.9900, 57 negative triangles
141: dt=0.9900, 50 negative triangles
142: dt=0.9900, 46 negative triangles
143: dt=0.9900, 38 negative triangles
144: dt=0.9900, 43 negative triangles
145: dt=0.9900, 32 negative triangles
146: dt=0.9900, 33 negative triangles
147: dt=0.9900, 36 negative triangles
148: dt=0.9900, 31 negative triangles
149: dt=0.9900, 27 negative triangles
150: dt=0.9900, 26 negative triangles
151: dt=0.9900, 28 negative triangles
152: dt=0.9900, 25 negative triangles
153: dt=0.9900, 27 negative triangles
154: dt=0.9900, 23 negative triangles
155: dt=0.9900, 24 negative triangles
156: dt=0.9900, 19 negative triangles
157: dt=0.9900, 25 negative triangles
158: dt=0.9900, 26 negative triangles
159: dt=0.9900, 20 negative triangles
160: dt=0.9900, 18 negative triangles
161: dt=0.9900, 16 negative triangles
162: dt=0.9900, 13 negative triangles
163: dt=0.9900, 13 negative triangles
164: dt=0.9900, 13 negative triangles
165: dt=0.9900, 14 negative triangles
166: dt=0.9900, 13 negative triangles
167: dt=0.9900, 12 negative triangles
168: dt=0.9900, 13 negative triangles
169: dt=0.9900, 11 negative triangles
170: dt=0.9900, 9 negative triangles
171: dt=0.9900, 7 negative triangles
172: dt=0.9900, 6 negative triangles
173: dt=0.9900, 9 negative triangles
174: dt=0.9900, 10 negative triangles
175: dt=0.9900, 8 negative triangles
176: dt=0.9900, 6 negative triangles
177: dt=0.9900, 5 negative triangles
178: dt=0.9900, 7 negative triangles
179: dt=0.9900, 5 negative triangles
180: dt=0.9900, 6 negative triangles
181: dt=0.9900, 4 negative triangles
182: dt=0.9900, 5 negative triangles
183: dt=0.9900, 6 negative triangles
184: dt=0.9900, 5 negative triangles
185: dt=0.9900, 3 negative triangles
186: dt=0.9900, 4 negative triangles
187: dt=0.9900, 2 negative triangles
188: dt=0.9900, 1 negative triangles
189: dt=0.9900, 2 negative triangles
190: dt=0.9900, 1 negative triangles
191: dt=0.9900, 2 negative triangles
writing registered surface to ../surf/rh.sphere.reg...
registration took 1.47 hours
mris_register utimesec    54431.971207
mris_register stimesec    262.434244
mris_register ru_maxrss   419120
mris_register ru_ixrss    0
mris_register ru_idrss    0
mris_register ru_isrss    0
mris_register ru_minflt   12549442
mris_register ru_majflt   1
mris_register ru_nswap    0
mris_register ru_inblock  144
mris_register ru_oublock  15944
mris_register ru_msgsnd   0
mris_register ru_msgrcv   0
mris_register ru_nsignals 0
mris_register ru_nvcsw    11751184
mris_register ru_nivcsw   9602451
FSRUNTIME@ mris_register  1.4744 hours 1 threads
#--------------------------------------------
#@# Jacobian white lh Sun Jun 23 04:05:05 CDT 2019
/home/stone-ext1/freesurfer/subjects/FS6EXPERT_subj01_ver10/scripts

 mris_jacobian ../surf/lh.white.preaparc ../surf/lh.sphere.reg ../surf/lh.jacobian_white 

reading surface from ../surf/lh.white.preaparc...
writing curvature file ../surf/lh.jacobian_white
#--------------------------------------------
#@# Jacobian white rh Sun Jun 23 04:05:09 CDT 2019
/home/stone-ext1/freesurfer/subjects/FS6EXPERT_subj01_ver10/scripts

 mris_jacobian ../surf/rh.white.preaparc ../surf/rh.sphere.reg ../surf/rh.jacobian_white 

reading surface from ../surf/rh.white.preaparc...
writing curvature file ../surf/rh.jacobian_white
#--------------------------------------------
#@# AvgCurv lh Sun Jun 23 04:05:13 CDT 2019
/home/stone-ext1/freesurfer/subjects/FS6EXPERT_subj01_ver10/scripts

 mrisp_paint -a 5 /home/stone/software/freesurfer_stable_600/average/lh.folding.atlas.acfb40.noaparc.i12.2016-08-02.tif#6 ../surf/lh.sphere.reg ../surf/lh.avg_curv 

averaging curvature patterns 5 times...
reading surface from ../surf/lh.sphere.reg...
reading template parameterization from /home/stone/software/freesurfer_stable_600/average/lh.folding.atlas.acfb40.noaparc.i12.2016-08-02.tif...
writing curvature file to ../surf/lh.avg_curv...
#--------------------------------------------
#@# AvgCurv rh Sun Jun 23 04:05:17 CDT 2019
/home/stone-ext1/freesurfer/subjects/FS6EXPERT_subj01_ver10/scripts

 mrisp_paint -a 5 /home/stone/software/freesurfer_stable_600/average/rh.folding.atlas.acfb40.noaparc.i12.2016-08-02.tif#6 ../surf/rh.sphere.reg ../surf/rh.avg_curv 

averaging curvature patterns 5 times...
reading surface from ../surf/rh.sphere.reg...
reading template parameterization from /home/stone/software/freesurfer_stable_600/average/rh.folding.atlas.acfb40.noaparc.i12.2016-08-02.tif...
writing curvature file to ../surf/rh.avg_curv...
#-----------------------------------------
#@# Cortical Parc lh Sun Jun 23 04:05:21 CDT 2019
/home/stone-ext1/freesurfer/subjects/FS6EXPERT_subj01_ver10/scripts

 mris_ca_label -l ../label/lh.cortex.label -aseg ../mri/aseg.presurf.mgz -seed 1234 FS6EXPERT_subj01_ver10 lh ../surf/lh.sphere.reg /home/stone/software/freesurfer_stable_600/average/lh.DKaparc.atlas.acfb40.noaparc.i12.2016-08-02.gcs ../label/lh.aparc.annot 

setting seed for random number generator to 1234
using ../mri/aseg.presurf.mgz aseg volume to correct midline
$Id: mris_ca_label.c,v 1.37 2014/02/04 17:46:42 fischl Exp $
  $Id: mrisurf.c,v 1.781.2.6 2016/12/27 16:47:14 zkaufman Exp $
reading atlas from /home/stone/software/freesurfer_stable_600/average/lh.DKaparc.atlas.acfb40.noaparc.i12.2016-08-02.gcs...
reading color table from GCSA file....
average std = 0.8   using min determinant for regularization = 0.006
0 singular and 342 ill-conditioned covariance matrices regularized
input 0: MEAN CURVATURE, flags 0, avgs 5, name mean_curvature
labeling surface...
2468 labels changed using aseg
relabeling using gibbs priors...
000:   4656 changed, 227021 examined...
001:   1138 changed, 19136 examined...
002:    285 changed, 6309 examined...
003:    101 changed, 1771 examined...
004:     49 changed, 625 examined...
005:     21 changed, 296 examined...
006:     13 changed, 112 examined...
007:      5 changed, 73 examined...
008:      2 changed, 29 examined...
009:      1 changed, 13 examined...
010:      0 changed, 7 examined...
273 labels changed using aseg
000: 141 total segments, 103 labels (579 vertices) changed
001: 42 total segments, 4 labels (7 vertices) changed
002: 38 total segments, 0 labels (0 vertices) changed
10 filter iterations complete (10 requested, 7 changed)
rationalizing unknown annotations with cortex label
relabeling unknown label...
relabeling corpuscallosum label...
3131 vertices marked for relabeling...
3131 labels changed in reclassification.
writing output to ../label/lh.aparc.annot...
classification took 0 minutes and 33 seconds.
#-----------------------------------------
#@# Cortical Parc rh Sun Jun 23 04:05:54 CDT 2019
/home/stone-ext1/freesurfer/subjects/FS6EXPERT_subj01_ver10/scripts

 mris_ca_label -l ../label/rh.cortex.label -aseg ../mri/aseg.presurf.mgz -seed 1234 FS6EXPERT_subj01_ver10 rh ../surf/rh.sphere.reg /home/stone/software/freesurfer_stable_600/average/rh.DKaparc.atlas.acfb40.noaparc.i12.2016-08-02.gcs ../label/rh.aparc.annot 

setting seed for random number generator to 1234
using ../mri/aseg.presurf.mgz aseg volume to correct midline
$Id: mris_ca_label.c,v 1.37 2014/02/04 17:46:42 fischl Exp $
  $Id: mrisurf.c,v 1.781.2.6 2016/12/27 16:47:14 zkaufman Exp $
reading atlas from /home/stone/software/freesurfer_stable_600/average/rh.DKaparc.atlas.acfb40.noaparc.i12.2016-08-02.gcs...
reading color table from GCSA file....
average std = 0.7   using min determinant for regularization = 0.004
0 singular and 309 ill-conditioned covariance matrices regularized
input 0: MEAN CURVATURE, flags 0, avgs 5, name mean_curvature
labeling surface...
1909 labels changed using aseg
relabeling using gibbs priors...
000:   4228 changed, 226601 examined...
001:   1005 changed, 17869 examined...
002:    229 changed, 5559 examined...
003:     65 changed, 1333 examined...
004:     30 changed, 406 examined...
005:     13 changed, 193 examined...
006:      7 changed, 84 examined...
007:      4 changed, 47 examined...
008:      1 changed, 19 examined...
009:      0 changed, 7 examined...
204 labels changed using aseg
000: 142 total segments, 104 labels (579 vertices) changed
001: 40 total segments, 2 labels (6 vertices) changed
002: 38 total segments, 0 labels (0 vertices) changed
10 filter iterations complete (10 requested, 9 changed)
rationalizing unknown annotations with cortex label
relabeling unknown label...
relabeling corpuscallosum label...
3018 vertices marked for relabeling...
3018 labels changed in reclassification.
writing output to ../label/rh.aparc.annot...
classification took 0 minutes and 32 seconds.
#--------------------------------------------
#@# Make Pial Surf lh Sun Jun 23 04:06:26 CDT 2019
/home/stone-ext1/freesurfer/subjects/FS6EXPERT_subj01_ver10/scripts

 mris_make_surfaces -orig_white white.preaparc -orig_pial white.preaparc -aseg ../mri/aseg.presurf -mgz -T1 brain.finalsurfs FS6EXPERT_subj01_ver10 lh 

using white.preaparc starting white location...
using white.preaparc starting pial locations...
using aseg volume ../mri/aseg.presurf to prevent surfaces crossing the midline
INFO: assuming MGZ format for volumes.
using brain.finalsurfs as T1 volume...
$Id: mris_make_surfaces.c,v 1.164.2.4 2016/12/13 22:26:32 zkaufman Exp $
$Id: mrisurf.c,v 1.781.2.6 2016/12/27 16:47:14 zkaufman Exp $
reading volume /home/stone-ext1/freesurfer/subjects/FS6EXPERT_subj01_ver10/mri/filled.mgz...
reading volume /home/stone-ext1/freesurfer/subjects/FS6EXPERT_subj01_ver10/mri/brain.finalsurfs.mgz...
reading volume /home/stone-ext1/freesurfer/subjects/FS6EXPERT_subj01_ver10/mri/../mri/aseg.presurf.mgz...
reading volume /home/stone-ext1/freesurfer/subjects/FS6EXPERT_subj01_ver10/mri/wm.mgz...
32971 bright wm thresholded.
7506 bright non-wm voxels segmented.
reading original surface position from /home/stone-ext1/freesurfer/subjects/FS6EXPERT_subj01_ver10/surf/lh.orig...
computing class statistics...
border white:    449580 voxels (1.37%)
border gray      476530 voxels (1.45%)
WM (105.0): 104.0 +- 5.7 [70.0 --> 110.0]
GM (85.0) : 84.1 +- 9.5 [30.0 --> 110.0]
setting MIN_GRAY_AT_WHITE_BORDER to 70.5 (was 70)
setting MAX_BORDER_WHITE to 114.7 (was 105)
setting MIN_BORDER_WHITE to 80.0 (was 85)
setting MAX_CSF to 61.0 (was 40)
setting MAX_GRAY to 103.3 (was 95)
setting MAX_GRAY_AT_CSF_BORDER to 70.5 (was 75)
setting MIN_GRAY_AT_CSF_BORDER to 51.6 (was 40)
spring scale = 1.25
using class modes intead of means, discounting robust sigmas....
intensity peaks found at WM=109+-1.7,    GM=80+-5.2
mean inside = 102.4, mean outside = 85.7
smoothing surface for 5 iterations...
reading initial white vertex positions from white.preaparc...
reading colortable from annotation file...
colortable with 36 entries read (originally /autofs/space/tanha_002/users/greve/fsdev.build/average/colortable_desikan_killiany.txt)
repositioning cortical surface to gray/white boundary
smoothing T1 volume with sigma = 2.000
vertex spacing 0.70 +- 0.18 (0.02-->4.25) (max @ vno 160015 --> 160040)
face area 0.21 +- 0.09 (0.00-->2.40)
mean absolute distance = 1.06 +- 1.24
6610 vertices more than 2 sigmas from mean.
averaging target values for 5 iterations...
inhibiting deformation at non-cortical midline structures...
removing 3 vertex label from ripped group
deleting segment 0 with 3 points - only 0.00% unknown
deleting segment 3 with 412 points - only 0.00% unknown
deleting segment 4 with 6 points - only 0.00% unknown
deleting segment 5 with 8 points - only 0.00% unknown
deleting segment 6 with 69 points - only 0.00% unknown
removing 2 vertex label from ripped group
deleting segment 7 with 2 points - only 0.00% unknown
deleting segment 8 with 9 points - only 0.00% unknown
deleting segment 9 with 13 points - only 0.00% unknown
removing 2 vertex label from ripped group
deleting segment 10 with 2 points - only 0.00% unknown
mean border=94.0, 130 (130) missing vertices, mean dist -0.2 [2.1 (%28.8)->0.5 (%71.2))]
%49 local maxima, %38 large gradients and % 9 min vals, 0 gradients ignored
tol=1.0e-04, sigma=2.0, host=stone, nav=4, nbrs=2, l_repulse=5.000, l_tspring=1.562, l_nspring=0.625, l_intensity=0.200, l_curv=1.000
mom=0.00, dt=0.50
complete_dist_mat 0
rms 0
smooth_averages 0
remove_neg 0
ico_order 0
which_surface 0
target_radius 0.000000
nfields 0
scale 0.000000
desired_rms_height 0.000000
momentum 0.000000
nbhd_size 0
max_nbrs 0
niterations 25
nsurfaces 0
SURFACES 3
flags 0 (0)
use curv 0
no sulc 0
no rigid align 0
mris->nsize 2
mris->hemisphere 0
randomSeed 0

smoothing T1 volume with sigma = 1.000
vertex spacing 0.71 +- 0.18 (0.05-->3.47) (max @ vno 98199 --> 99794)
face area 0.21 +- 0.09 (0.00-->2.43)
mean absolute distance = 0.43 +- 0.72
7498 vertices more than 2 sigmas from mean.
averaging target values for 5 iterations...
000: dt: 0.0000, sse=2101223.8, rms=4.893
001: dt: 0.5000, sse=1395870.0, rms=2.772 (43.355%)
002: dt: 0.5000, sse=1317965.8, rms=2.431 (12.273%)
rms = 2.49, time step reduction 1 of 3 to 0.250...
003: dt: 0.2500, sse=1174591.1, rms=1.592 (34.530%)
004: dt: 0.2500, sse=1125392.9, rms=1.131 (28.942%)
005: dt: 0.2500, sse=1113263.2, rms=1.032 (8.761%)
rms = 0.99, time step reduction 2 of 3 to 0.125...
006: dt: 0.2500, sse=1107349.8, rms=0.987 (4.411%)
rms = 0.96, time step reduction 3 of 3 to 0.062...
007: dt: 0.1250, sse=1105997.2, rms=0.956 (3.134%)
positioning took 1.8 minutes
inhibiting deformation at non-cortical midline structures...
removing 3 vertex label from ripped group
deleting segment 0 with 3 points - only 0.00% unknown
deleting segment 1 with 6 points - only 0.00% unknown
deleting segment 2 with 6 points - only 0.00% unknown
deleting segment 3 with 326 points - only 0.00% unknown
removing 2 vertex label from ripped group
deleting segment 4 with 2 points - only 0.00% unknown
removing 4 vertex label from ripped group
deleting segment 5 with 4 points - only 0.00% unknown
deleting segment 6 with 82 points - only 0.00% unknown
removing 2 vertex label from ripped group
deleting segment 7 with 2 points - only 0.00% unknown
deleting segment 8 with 18 points - only 0.00% unknown
removing 4 vertex label from ripped group
deleting segment 9 with 4 points - only 0.00% unknown
mean border=94.7, 101 (40) missing vertices, mean dist -0.2 [0.6 (%49.3)->0.2 (%50.7))]
%83 local maxima, %11 large gradients and % 2 min vals, 0 gradients ignored
tol=1.0e-04, sigma=1.0, host=stone, nav=2, nbrs=2, l_repulse=5.000, l_tspring=1.562, l_nspring=0.625, l_intensity=0.200, l_curv=1.000
mom=0.00, dt=0.50
smoothing T1 volume with sigma = 0.500
vertex spacing 0.70 +- 0.18 (0.04-->3.44) (max @ vno 98199 --> 99794)
face area 0.21 +- 0.09 (0.00-->2.57)
mean absolute distance = 0.22 +- 0.49
5914 vertices more than 2 sigmas from mean.
averaging target values for 5 iterations...
000: dt: 0.0000, sse=1765621.1, rms=3.973
008: dt: 0.5000, sse=1360121.4, rms=2.511 (36.810%)
009: dt: 0.5000, sse=1325164.0, rms=2.422 (3.512%)
rms = 2.61, time step reduction 1 of 3 to 0.250...
010: dt: 0.2500, sse=1169790.0, rms=1.484 (38.752%)
011: dt: 0.2500, sse=1123030.6, rms=0.968 (34.758%)
012: dt: 0.2500, sse=1110601.9, rms=0.881 (9.003%)
rms = 0.84, time step reduction 2 of 3 to 0.125...
013: dt: 0.2500, sse=1107598.1, rms=0.841 (4.495%)
rms = 0.82, time step reduction 3 of 3 to 0.062...
014: dt: 0.1250, sse=1105854.2, rms=0.818 (2.748%)
positioning took 1.8 minutes
inhibiting deformation at non-cortical midline structures...
removing 4 vertex label from ripped group
deleting segment 0 with 4 points - only 0.00% unknown
removing 3 vertex label from ripped group
deleting segment 1 with 3 points - only 0.00% unknown
deleting segment 2 with 6 points - only 0.00% unknown
deleting segment 3 with 270 points - only 0.00% unknown
deleting segment 4 with 9 points - only 0.00% unknown
removing 3 vertex label from ripped group
deleting segment 5 with 3 points - only 0.00% unknown
removing 4 vertex label from ripped group
deleting segment 7 with 4 points - only 0.00% unknown
deleting segment 8 with 60 points - only 0.00% unknown
deleting segment 9 with 10 points - only 0.00% unknown
deleting segment 10 with 18 points - only 0.00% unknown
deleting segment 11 with 13 points - only 0.00% unknown
deleting segment 12 with 5 points - only 0.00% unknown
mean border=95.3, 105 (18) missing vertices, mean dist -0.1 [0.3 (%44.8)->0.1 (%55.2))]
%91 local maxima, % 4 large gradients and % 1 min vals, 0 gradients ignored
tol=1.0e-04, sigma=0.5, host=stone, nav=1, nbrs=2, l_repulse=5.000, l_tspring=1.562, l_nspring=0.625, l_intensity=0.200, l_curv=1.000
mom=0.00, dt=0.50
smoothing T1 volume with sigma = 0.250
vertex spacing 0.70 +- 0.18 (0.07-->3.59) (max @ vno 157463 --> 157485)
face area 0.21 +- 0.09 (0.00-->2.31)
mean absolute distance = 0.16 +- 0.34
3911 vertices more than 2 sigmas from mean.
averaging target values for 5 iterations...
000: dt: 0.0000, sse=1230606.8, rms=2.001
015: dt: 0.5000, sse=1183572.4, rms=1.650 (17.566%)
rms = 1.93, time step reduction 1 of 3 to 0.250...
016: dt: 0.2500, sse=1105916.2, rms=1.072 (35.002%)
017: dt: 0.2500, sse=1091697.5, rms=0.836 (22.022%)
rms = 0.81, time step reduction 2 of 3 to 0.125...
018: dt: 0.2500, sse=1094311.4, rms=0.807 (3.485%)
rms = 0.76, time step reduction 3 of 3 to 0.062...
019: dt: 0.1250, sse=1082353.9, rms=0.763 (5.434%)
positioning took 1.3 minutes
inhibiting deformation at non-cortical midline structures...
removing 3 vertex label from ripped group
deleting segment 0 with 3 points - only 0.00% unknown
deleting segment 1 with 6 points - only 0.00% unknown
deleting segment 2 with 274 points - only 0.00% unknown
deleting segment 3 with 9 points - only 0.00% unknown
removing 4 vertex label from ripped group
deleting segment 4 with 4 points - only 0.00% unknown
deleting segment 5 with 5 points - only 0.00% unknown
deleting segment 6 with 44 points - only 0.00% unknown
deleting segment 7 with 10 points - only 0.00% unknown
deleting segment 8 with 18 points - only 0.00% unknown
deleting segment 9 with 22 points - only 0.00% unknown
mean border=95.3, 116 (14) missing vertices, mean dist -0.0 [0.3 (%33.9)->0.1 (%66.1))]
%93 local maxima, % 3 large gradients and % 0 min vals, 0 gradients ignored
tol=1.0e-04, sigma=0.2, host=stone, nav=0, nbrs=2, l_repulse=5.000, l_tspring=1.562, l_nspring=0.625, l_intensity=0.200, l_curv=1.000
mom=0.00, dt=0.50
writing white matter surface to /home/stone-ext1/freesurfer/subjects/FS6EXPERT_subj01_ver10/surf/lh.white...
writing smoothed curvature to lh.curv
000: dt: 0.0000, sse=1124290.0, rms=1.206
020: dt: 0.5000, sse=1118503.9, rms=1.044 (13.437%)
rms = 1.44, time step reduction 1 of 3 to 0.250...
021: dt: 0.2500, sse=1081741.8, rms=0.718 (31.189%)
rms = 0.70, time step reduction 2 of 3 to 0.125...
022: dt: 0.2500, sse=1085795.4, rms=0.698 (2.839%)
023: dt: 0.1250, sse=1078902.6, rms=0.636 (8.794%)
rms = 0.62, time step reduction 3 of 3 to 0.062...
024: dt: 0.1250, sse=1073274.8, rms=0.617 (2.981%)
positioning took 1.3 minutes
generating cortex label...
26 non-cortical segments detected
only using segment with 11262 vertices
erasing segment 0 (vno[0] = 64140)
erasing segment 1 (vno[0] = 66661)
erasing segment 2 (vno[0] = 83123)
erasing segment 4 (vno[0] = 132298)
erasing segment 5 (vno[0] = 136370)
erasing segment 6 (vno[0] = 138192)
erasing segment 7 (vno[0] = 142479)
erasing segment 8 (vno[0] = 143550)
erasing segment 9 (vno[0] = 151910)
erasing segment 10 (vno[0] = 154505)
erasing segment 11 (vno[0] = 156294)
erasing segment 12 (vno[0] = 156320)
erasing segment 13 (vno[0] = 157075)
erasing segment 14 (vno[0] = 157491)
erasing segment 15 (vno[0] = 158733)
erasing segment 16 (vno[0] = 159623)
erasing segment 17 (vno[0] = 164653)
erasing segment 18 (vno[0] = 164679)
erasing segment 19 (vno[0] = 165811)
erasing segment 20 (vno[0] = 166622)
erasing segment 21 (vno[0] = 166766)
erasing segment 22 (vno[0] = 167153)
erasing segment 23 (vno[0] = 172960)
erasing segment 24 (vno[0] = 173991)
erasing segment 25 (vno[0] = 175055)
writing cortex label to /home/stone-ext1/freesurfer/subjects/FS6EXPERT_subj01_ver10/label/lh.cortex.label...
writing curvature file /home/stone-ext1/freesurfer/subjects/FS6EXPERT_subj01_ver10/surf/lh.curv
writing smoothed area to lh.area
writing curvature file /home/stone-ext1/freesurfer/subjects/FS6EXPERT_subj01_ver10/surf/lh.area
vertex spacing 0.70 +- 0.18 (0.02-->4.25) (max @ vno 160015 --> 160040)
face area 0.21 +- 0.09 (0.00-->2.50)
repositioning cortical surface to gray/csf boundary.
smoothing T1 volume with sigma = 2.000
averaging target values for 5 iterations...
inhibiting deformation at non-cortical midline structures...
deleting segment 0 with 5 points - only 0.00% unknown
deleting segment 1 with 16 points - only 0.00% unknown
removing 3 vertex label from ripped group
deleting segment 2 with 3 points - only 0.00% unknown
deleting segment 5 with 54 points - only 0.00% unknown
deleting segment 6 with 8 points - only 0.00% unknown
deleting segment 7 with 29 points - only 0.00% unknown
deleting segment 8 with 139 points - only 0.00% unknown
deleting segment 9 with 14 points - only 0.00% unknown
deleting segment 11 with 8 points - only 0.00% unknown
deleting segment 12 with 6 points - only 0.00% unknown
deleting segment 13 with 38 points - only 0.00% unknown
deleting segment 14 with 9 points - only 0.00% unknown
deleting segment 15 with 25 points - only 0.00% unknown
deleting segment 16 with 9 points - only 0.00% unknown
deleting segment 17 with 9 points - only 0.00% unknown
smoothing surface for 5 iterations...
reading initial pial vertex positions from white.preaparc...
mean border=77.7, 142 (142) missing vertices, mean dist 0.8 [0.0 (%0.0)->1.2 (%100.0))]
%23 local maxima, %45 large gradients and %28 min vals, 92 gradients ignored
perforing initial smooth deformation to move away from white surface
tol=1.0e-04, sigma=2.0, host=stone, nav=16, nbrs=2, l_surf_repulse=1.000, l_tspring=1.562, l_nspring=0.625, l_intensity=0.200, l_curv=1.000
mom=0.00, dt=0.05
000: dt: 0.0000, sse=16205552.0, rms=18.675
001: dt: 0.0500, sse=12570394.0, rms=16.282 (12.817%)
002: dt: 0.0500, sse=10659723.0, rms=14.870 (8.674%)
003: dt: 0.0500, sse=9428745.0, rms=13.883 (6.632%)
004: dt: 0.0500, sse=8540515.0, rms=13.126 (5.457%)
005: dt: 0.0500, sse=7850147.0, rms=12.505 (4.729%)
006: dt: 0.0500, sse=7286799.5, rms=11.974 (4.243%)
007: dt: 0.0500, sse=6810675.0, rms=11.507 (3.905%)
008: dt: 0.0500, sse=6398710.5, rms=11.086 (3.656%)
009: dt: 0.0500, sse=6035701.5, rms=10.701 (3.469%)
010: dt: 0.0500, sse=5712121.0, rms=10.346 (3.318%)
positioning took 2.2 minutes
mean border=72.7, 83 (59) missing vertices, mean dist 0.8 [0.0 (%0.1)->1.2 (%99.9))]
%24 local maxima, %44 large gradients and %28 min vals, 178 gradients ignored
tol=1.0e-04, sigma=2.0, host=stone, nav=16, nbrs=2, l_surf_repulse=1.000, l_tspring=1.562, l_nspring=0.625, l_intensity=0.200, l_curv=1.000
mom=0.00, dt=0.05
000: dt: 0.0000, sse=11787606.0, rms=15.713
011: dt: 0.0500, sse=11285539.0, rms=15.340 (2.374%)
012: dt: 0.0500, sse=10843940.0, rms=15.004 (2.190%)
013: dt: 0.0500, sse=10451287.0, rms=14.698 (2.035%)
014: dt: 0.0500, sse=10099491.0, rms=14.419 (1.899%)
015: dt: 0.0500, sse=9781882.0, rms=14.162 (1.782%)
016: dt: 0.0500, sse=9493261.0, rms=13.925 (1.678%)
017: dt: 0.0500, sse=9228815.0, rms=13.703 (1.591%)
018: dt: 0.0500, sse=8982859.0, rms=13.494 (1.528%)
019: dt: 0.0500, sse=8749279.0, rms=13.292 (1.497%)
020: dt: 0.0500, sse=8525745.0, rms=13.095 (1.476%)
positioning took 2.2 minutes
mean border=70.6, 73 (46) missing vertices, mean dist 0.9 [0.0 (%1.0)->1.2 (%99.0))]
%24 local maxima, %44 large gradients and %28 min vals, 238 gradients ignored
tol=1.0e-04, sigma=2.0, host=stone, nav=16, nbrs=2, l_surf_repulse=1.000, l_tspring=1.562, l_nspring=0.625, l_intensity=0.200, l_curv=1.000
mom=0.00, dt=0.05
000: dt: 0.0000, sse=10114365.0, rms=14.436
021: dt: 0.0500, sse=9828989.0, rms=14.205 (1.600%)
022: dt: 0.0500, sse=9563820.0, rms=13.987 (1.536%)
023: dt: 0.0500, sse=9317057.0, rms=13.781 (1.474%)
024: dt: 0.0500, sse=9086383.0, rms=13.585 (1.420%)
025: dt: 0.0500, sse=8869586.0, rms=13.398 (1.374%)
026: dt: 0.0500, sse=8664265.0, rms=13.219 (1.339%)
027: dt: 0.0500, sse=8467702.0, rms=13.045 (1.317%)
028: dt: 0.0500, sse=8278680.5, rms=12.875 (1.301%)
029: dt: 0.0500, sse=8095401.5, rms=12.708 (1.296%)
030: dt: 0.0500, sse=7916587.5, rms=12.543 (1.298%)
positioning took 2.2 minutes
mean border=69.4, 72 (35) missing vertices, mean dist 0.8 [0.0 (%7.4)->1.2 (%92.6))]
%24 local maxima, %44 large gradients and %27 min vals, 227 gradients ignored
tol=1.0e-04, sigma=2.0, host=stone, nav=16, nbrs=2, l_surf_repulse=5.000, l_tspring=1.562, l_nspring=0.625, l_intensity=0.200, l_curv=1.000
mom=0.00, dt=0.50
smoothing T1 volume with sigma = 1.000
averaging target values for 5 iterations...
000: dt: 0.0000, sse=8841852.0, rms=13.370
031: dt: 0.5000, sse=7488891.5, rms=12.133 (9.252%)
032: dt: 0.5000, sse=6373362.0, rms=11.009 (9.261%)
033: dt: 0.5000, sse=5307290.5, rms=9.831 (10.700%)
034: dt: 0.5000, sse=4400789.5, rms=8.695 (11.556%)
035: dt: 0.5000, sse=3641771.5, rms=7.619 (12.373%)
036: dt: 0.5000, sse=3110791.5, rms=6.765 (11.214%)
037: dt: 0.5000, sse=2781994.0, rms=6.181 (8.635%)
038: dt: 0.5000, sse=2601677.5, rms=5.836 (5.571%)
039: dt: 0.5000, sse=2505081.8, rms=5.645 (3.276%)
040: dt: 0.5000, sse=2452452.2, rms=5.537 (1.919%)
041: dt: 0.5000, sse=2420884.0, rms=5.471 (1.183%)
rms = 5.42, time step reduction 1 of 3 to 0.250...
042: dt: 0.5000, sse=2397082.0, rms=5.421 (0.914%)
043: dt: 0.2500, sse=2143648.2, rms=4.790 (11.643%)
044: dt: 0.2500, sse=2084944.8, rms=4.643 (3.084%)
rms = 4.66, time step reduction 2 of 3 to 0.125...
045: dt: 0.1250, sse=2053386.4, rms=4.558 (1.817%)
046: dt: 0.1250, sse=2014063.6, rms=4.449 (2.392%)
rms = 4.43, time step reduction 3 of 3 to 0.062...
047: dt: 0.1250, sse=2007001.5, rms=4.429 (0.455%)
positioning took 4.8 minutes
mean border=65.9, 2392 (13) missing vertices, mean dist 0.3 [0.1 (%39.2)->0.7 (%60.8))]
%47 local maxima, %23 large gradients and %25 min vals, 139 gradients ignored
tol=1.0e-04, sigma=1.0, host=stone, nav=8, nbrs=2, l_surf_repulse=5.000, l_tspring=1.562, l_nspring=0.625, l_intensity=0.200, l_curv=1.000
mom=0.00, dt=0.50
smoothing T1 volume with sigma = 0.500
averaging target values for 5 iterations...
000: dt: 0.0000, sse=3758957.0, rms=7.322
048: dt: 0.5000, sse=3456186.8, rms=6.800 (7.136%)
049: dt: 0.5000, sse=3154126.0, rms=6.284 (7.577%)
050: dt: 0.5000, sse=3027908.2, rms=6.030 (4.052%)
051: dt: 0.5000, sse=2741641.0, rms=5.465 (9.363%)
052: dt: 0.5000, sse=2621967.2, rms=5.187 (5.095%)
053: dt: 0.5000, sse=2390253.8, rms=4.655 (10.245%)
054: dt: 0.5000, sse=2353775.5, rms=4.546 (2.342%)
055: dt: 0.5000, sse=2257945.0, rms=4.317 (5.049%)
rms = 4.43, time step reduction 1 of 3 to 0.250...
056: dt: 0.2500, sse=1872591.0, rms=2.995 (30.631%)
057: dt: 0.2500, sse=1788747.5, rms=2.596 (13.309%)
rms = 2.62, time step reduction 2 of 3 to 0.125...
058: dt: 0.1250, sse=1737869.6, rms=2.342 (9.771%)
059: dt: 0.1250, sse=1671557.0, rms=1.961 (16.268%)
060: dt: 0.1250, sse=1653867.5, rms=1.852 (5.578%)
rms = 1.83, time step reduction 3 of 3 to 0.062...
061: dt: 0.1250, sse=1649402.9, rms=1.826 (1.415%)
positioning took 4.5 minutes
mean border=64.1, 2943 (3) missing vertices, mean dist 0.1 [0.1 (%45.6)->0.2 (%54.4))]
%59 local maxima, %12 large gradients and %23 min vals, 115 gradients ignored
tol=1.0e-04, sigma=0.5, host=stone, nav=4, nbrs=2, l_surf_repulse=5.000, l_tspring=1.562, l_nspring=0.625, l_intensity=0.200, l_curv=1.000
mom=0.00, dt=0.50
smoothing T1 volume with sigma = 0.250
averaging target values for 5 iterations...
000: dt: 0.0000, sse=2018373.4, rms=3.291
rms = 4.35, time step reduction 1 of 3 to 0.250...
062: dt: 0.2500, sse=1847043.1, rms=2.594 (21.190%)
063: dt: 0.2500, sse=1799391.2, rms=2.351 (9.344%)
rms = 2.43, time step reduction 2 of 3 to 0.125...
064: dt: 0.1250, sse=1777314.5, rms=2.236 (4.896%)
065: dt: 0.1250, sse=1748142.1, rms=2.080 (6.974%)
066: dt: 0.1250, sse=1735424.1, rms=2.011 (3.350%)
rms = 1.98, time step reduction 3 of 3 to 0.062...
067: dt: 0.1250, sse=1728689.0, rms=1.976 (1.698%)
positioning took 2.0 minutes
mean border=63.5, 6305 (2) missing vertices, mean dist 0.0 [0.1 (%61.2)->0.2 (%38.8))]
%61 local maxima, % 9 large gradients and %22 min vals, 78 gradients ignored
tol=1.0e-04, sigma=0.2, host=stone, nav=2, nbrs=2, l_surf_repulse=5.000, l_tspring=1.562, l_nspring=0.625, l_intensity=0.200, l_curv=1.000
mom=0.00, dt=0.50
writing pial surface to /home/stone-ext1/freesurfer/subjects/FS6EXPERT_subj01_ver10/surf/lh.pial...
writing smoothed curvature to lh.curv.pial
000: dt: 0.0000, sse=1771138.5, rms=2.174
rms = 3.11, time step reduction 1 of 3 to 0.250...
068: dt: 0.2500, sse=1741677.1, rms=2.000 (8.026%)
rms = 2.08, time step reduction 2 of 3 to 0.125...
rms = 1.97, time step reduction 3 of 3 to 0.062...
069: dt: 0.1250, sse=1736554.0, rms=1.969 (1.557%)
positioning took 0.9 minutes
writing curvature file /home/stone-ext1/freesurfer/subjects/FS6EXPERT_subj01_ver10/surf/lh.curv.pial
writing smoothed area to lh.area.pial
writing curvature file /home/stone-ext1/freesurfer/subjects/FS6EXPERT_subj01_ver10/surf/lh.area.pial
vertex spacing 0.81 +- 0.36 (0.06-->6.20) (max @ vno 162612 --> 161476)
face area 0.26 +- 0.20 (0.00-->4.66)
measuring cortical thickness...
writing cortical thickness estimate to 'thickness' file.
0 of 227021 vertices processed
25000 of 227021 vertices processed
50000 of 227021 vertices processed
75000 of 227021 vertices processed
100000 of 227021 vertices processed
125000 of 227021 vertices processed
150000 of 227021 vertices processed
175000 of 227021 vertices processed
200000 of 227021 vertices processed
225000 of 227021 vertices processed
0 of 227021 vertices processed
25000 of 227021 vertices processed
50000 of 227021 vertices processed
75000 of 227021 vertices processed
100000 of 227021 vertices processed
125000 of 227021 vertices processed
150000 of 227021 vertices processed
175000 of 227021 vertices processed
200000 of 227021 vertices processed
225000 of 227021 vertices processed
thickness calculation complete, 179:737 truncations.
41819 vertices at 0 distance
130959 vertices at 1 distance
138544 vertices at 2 distance
78227 vertices at 3 distance
30879 vertices at 4 distance
9681 vertices at 5 distance
2858 vertices at 6 distance
883 vertices at 7 distance
299 vertices at 8 distance
129 vertices at 9 distance
92 vertices at 10 distance
66 vertices at 11 distance
36 vertices at 12 distance
21 vertices at 13 distance
18 vertices at 14 distance
15 vertices at 15 distance
13 vertices at 16 distance
12 vertices at 17 distance
8 vertices at 18 distance
5 vertices at 19 distance
10 vertices at 20 distance
writing curvature file /home/stone-ext1/freesurfer/subjects/FS6EXPERT_subj01_ver10/surf/lh.thickness
positioning took 33.6 minutes
#--------------------------------------------
#@# Make Pial Surf rh Sun Jun 23 04:40:07 CDT 2019
/home/stone-ext1/freesurfer/subjects/FS6EXPERT_subj01_ver10/scripts

 mris_make_surfaces -orig_white white.preaparc -orig_pial white.preaparc -aseg ../mri/aseg.presurf -mgz -T1 brain.finalsurfs FS6EXPERT_subj01_ver10 rh 

using white.preaparc starting white location...
using white.preaparc starting pial locations...
using aseg volume ../mri/aseg.presurf to prevent surfaces crossing the midline
INFO: assuming MGZ format for volumes.
using brain.finalsurfs as T1 volume...
$Id: mris_make_surfaces.c,v 1.164.2.4 2016/12/13 22:26:32 zkaufman Exp $
$Id: mrisurf.c,v 1.781.2.6 2016/12/27 16:47:14 zkaufman Exp $
reading volume /home/stone-ext1/freesurfer/subjects/FS6EXPERT_subj01_ver10/mri/filled.mgz...
reading volume /home/stone-ext1/freesurfer/subjects/FS6EXPERT_subj01_ver10/mri/brain.finalsurfs.mgz...
reading volume /home/stone-ext1/freesurfer/subjects/FS6EXPERT_subj01_ver10/mri/../mri/aseg.presurf.mgz...
reading volume /home/stone-ext1/freesurfer/subjects/FS6EXPERT_subj01_ver10/mri/wm.mgz...
32971 bright wm thresholded.
7506 bright non-wm voxels segmented.
reading original surface position from /home/stone-ext1/freesurfer/subjects/FS6EXPERT_subj01_ver10/surf/rh.orig...
computing class statistics...
border white:    449580 voxels (1.37%)
border gray      476530 voxels (1.45%)
WM (105.0): 104.0 +- 5.7 [70.0 --> 110.0]
GM (85.0) : 84.1 +- 9.5 [30.0 --> 110.0]
setting MIN_GRAY_AT_WHITE_BORDER to 70.5 (was 70)
setting MAX_BORDER_WHITE to 114.7 (was 105)
setting MIN_BORDER_WHITE to 80.0 (was 85)
setting MAX_CSF to 61.0 (was 40)
setting MAX_GRAY to 103.3 (was 95)
setting MAX_GRAY_AT_CSF_BORDER to 70.5 (was 75)
setting MIN_GRAY_AT_CSF_BORDER to 51.6 (was 40)
spring scale = 1.25
using class modes intead of means, discounting robust sigmas....
intensity peaks found at WM=109+-1.7,    GM=80+-5.2
mean inside = 102.3, mean outside = 85.5
smoothing surface for 5 iterations...
reading initial white vertex positions from white.preaparc...
reading colortable from annotation file...
colortable with 36 entries read (originally /autofs/space/tanha_002/users/greve/fsdev.build/average/colortable_desikan_killiany.txt)
repositioning cortical surface to gray/white boundary
smoothing T1 volume with sigma = 2.000
vertex spacing 0.71 +- 0.18 (0.02-->3.82) (max @ vno 176498 --> 184741)
face area 0.21 +- 0.09 (0.00-->2.81)
mean absolute distance = 1.05 +- 1.24
6287 vertices more than 2 sigmas from mean.
averaging target values for 5 iterations...
inhibiting deformation at non-cortical midline structures...
deleting segment 0 with 27 points - only 0.00% unknown
deleting segment 1 with 16 points - only 0.00% unknown
deleting segment 5 with 438 points - only 0.00% unknown
deleting segment 6 with 13 points - only 0.00% unknown
removing 2 vertex label from ripped group
deleting segment 7 with 2 points - only 0.00% unknown
deleting segment 8 with 148 points - only 0.00% unknown
deleting segment 9 with 66 points - only 0.00% unknown
deleting segment 10 with 265 points - only 0.00% unknown
mean border=94.1, 208 (180) missing vertices, mean dist -0.2 [2.1 (%28.7)->0.5 (%71.3))]
%49 local maxima, %38 large gradients and % 9 min vals, 0 gradients ignored
tol=1.0e-04, sigma=2.0, host=stone, nav=4, nbrs=2, l_repulse=5.000, l_tspring=1.562, l_nspring=0.625, l_intensity=0.200, l_curv=1.000
mom=0.00, dt=0.50
complete_dist_mat 0
rms 0
smooth_averages 0
remove_neg 0
ico_order 0
which_surface 0
target_radius 0.000000
nfields 0
scale 0.000000
desired_rms_height 0.000000
momentum 0.000000
nbhd_size 0
max_nbrs 0
niterations 25
nsurfaces 0
SURFACES 3
flags 0 (0)
use curv 0
no sulc 0
no rigid align 0
mris->nsize 2
mris->hemisphere 1
randomSeed 0

smoothing T1 volume with sigma = 1.000
vertex spacing 0.71 +- 0.18 (0.03-->3.89) (max @ vno 92041 --> 93543)
face area 0.21 +- 0.09 (0.00-->2.97)
mean absolute distance = 0.43 +- 0.72
7540 vertices more than 2 sigmas from mean.
averaging target values for 5 iterations...
000: dt: 0.0000, sse=2175700.2, rms=4.850
001: dt: 0.5000, sse=1452884.8, rms=2.824 (41.776%)
002: dt: 0.5000, sse=1374625.0, rms=2.595 (8.100%)
rms = 2.69, time step reduction 1 of 3 to 0.250...
003: dt: 0.2500, sse=1212786.5, rms=1.818 (29.963%)
004: dt: 0.2500, sse=1169877.5, rms=1.451 (20.177%)
rms = 1.42, time step reduction 2 of 3 to 0.125...
005: dt: 0.2500, sse=1175231.5, rms=1.418 (2.265%)
rms = 1.41, time step reduction 3 of 3 to 0.062...
006: dt: 0.1250, sse=1156757.2, rms=1.407 (0.808%)
positioning took 1.5 minutes
inhibiting deformation at non-cortical midline structures...
deleting segment 0 with 72 points - only 0.00% unknown
deleting segment 2 with 231 points - only 0.00% unknown
deleting segment 3 with 187 points - only 0.00% unknown
deleting segment 5 with 147 points - only 0.00% unknown
deleting segment 6 with 62 points - only 0.00% unknown
deleting segment 7 with 256 points - only 0.00% unknown
mean border=94.8, 251 (54) missing vertices, mean dist -0.2 [0.6 (%49.7)->0.2 (%50.3))]
%82 local maxima, %12 large gradients and % 2 min vals, 0 gradients ignored
tol=1.0e-04, sigma=1.0, host=stone, nav=2, nbrs=2, l_repulse=5.000, l_tspring=1.562, l_nspring=0.625, l_intensity=0.200, l_curv=1.000
mom=0.00, dt=0.50
smoothing T1 volume with sigma = 0.500
vertex spacing 0.70 +- 0.18 (0.04-->4.15) (max @ vno 92041 --> 93543)
face area 0.21 +- 0.09 (0.00-->3.40)
mean absolute distance = 0.23 +- 0.50
6257 vertices more than 2 sigmas from mean.
averaging target values for 5 iterations...
000: dt: 0.0000, sse=1790905.6, rms=4.046
007: dt: 0.5000, sse=1393229.5, rms=2.670 (34.014%)
rms = 2.65, time step reduction 1 of 3 to 0.250...
008: dt: 0.5000, sse=1396630.4, rms=2.654 (0.600%)
009: dt: 0.2500, sse=1181603.6, rms=1.514 (42.948%)
010: dt: 0.2500, sse=1158086.4, rms=1.310 (13.471%)
011: dt: 0.2500, sse=1151885.2, rms=1.238 (5.514%)
rms = 1.19, time step reduction 2 of 3 to 0.125...
012: dt: 0.2500, sse=1146645.2, rms=1.189 (3.949%)
rms = 1.15, time step reduction 3 of 3 to 0.062...
013: dt: 0.1250, sse=1135469.6, rms=1.147 (3.518%)
positioning took 1.2 minutes
inhibiting deformation at non-cortical midline structures...
deleting segment 0 with 81 points - only 0.00% unknown
deleting segment 2 with 157 points - only 0.00% unknown
deleting segment 3 with 23 points - only 0.00% unknown
deleting segment 4 with 172 points - only 0.00% unknown
deleting segment 5 with 165 points - only 0.00% unknown
deleting segment 6 with 31 points - only 0.00% unknown
deleting segment 7 with 238 points - only 0.00% unknown
deleting segment 8 with 9 points - only 0.00% unknown
mean border=95.4, 255 (27) missing vertices, mean dist -0.1 [0.4 (%44.5)->0.1 (%55.5))]
%90 local maxima, % 5 large gradients and % 1 min vals, 0 gradients ignored
tol=1.0e-04, sigma=0.5, host=stone, nav=1, nbrs=2, l_repulse=5.000, l_tspring=1.562, l_nspring=0.625, l_intensity=0.200, l_curv=1.000
mom=0.00, dt=0.50
smoothing T1 volume with sigma = 0.250
vertex spacing 0.70 +- 0.18 (0.06-->4.30) (max @ vno 92041 --> 93543)
face area 0.21 +- 0.09 (0.00-->3.48)
mean absolute distance = 0.16 +- 0.35
4409 vertices more than 2 sigmas from mean.
averaging target values for 5 iterations...
000: dt: 0.0000, sse=1259045.9, rms=2.122
014: dt: 0.5000, sse=1221021.0, rms=1.794 (15.431%)
rms = 2.08, time step reduction 1 of 3 to 0.250...
015: dt: 0.2500, sse=1131114.5, rms=1.271 (29.142%)
016: dt: 0.2500, sse=1138661.8, rms=1.062 (16.446%)
rms = 1.03, time step reduction 2 of 3 to 0.125...
017: dt: 0.2500, sse=1122045.5, rms=1.033 (2.784%)
018: dt: 0.1250, sse=1112768.6, rms=0.982 (4.872%)
rms = 0.97, time step reduction 3 of 3 to 0.062...
019: dt: 0.1250, sse=1116949.6, rms=0.971 (1.128%)
positioning took 1.2 minutes
inhibiting deformation at non-cortical midline structures...
deleting segment 0 with 91 points - only 0.00% unknown
deleting segment 1 with 146 points - only 0.00% unknown
deleting segment 2 with 19 points - only 0.00% unknown
deleting segment 3 with 170 points - only 0.00% unknown
deleting segment 4 with 168 points - only 0.00% unknown
deleting segment 5 with 26 points - only 0.00% unknown
deleting segment 6 with 221 points - only 0.00% unknown
deleting segment 7 with 9 points - only 0.00% unknown
mean border=95.4, 304 (11) missing vertices, mean dist -0.0 [0.3 (%34.4)->0.1 (%65.6))]
%92 local maxima, % 4 large gradients and % 0 min vals, 0 gradients ignored
tol=1.0e-04, sigma=0.2, host=stone, nav=0, nbrs=2, l_repulse=5.000, l_tspring=1.562, l_nspring=0.625, l_intensity=0.200, l_curv=1.000
mom=0.00, dt=0.50
writing white matter surface to /home/stone-ext1/freesurfer/subjects/FS6EXPERT_subj01_ver10/surf/rh.white...
writing smoothed curvature to rh.curv
000: dt: 0.0000, sse=1156197.6, rms=1.329
020: dt: 0.5000, sse=1144833.2, rms=1.132 (14.787%)
rms = 1.53, time step reduction 1 of 3 to 0.250...
021: dt: 0.2500, sse=1100513.8, rms=0.851 (24.829%)
rms = 0.82, time step reduction 2 of 3 to 0.125...
022: dt: 0.2500, sse=1104404.6, rms=0.820 (3.661%)
rms = 0.78, time step reduction 3 of 3 to 0.062...
023: dt: 0.1250, sse=1102428.9, rms=0.779 (4.959%)
positioning took 0.9 minutes
generating cortex label...
11 non-cortical segments detected
only using segment with 11461 vertices
erasing segment 0 (vno[0] = 61717)
erasing segment 1 (vno[0] = 69396)
erasing segment 3 (vno[0] = 72017)
erasing segment 4 (vno[0] = 134020)
erasing segment 5 (vno[0] = 147118)
erasing segment 6 (vno[0] = 149602)
erasing segment 7 (vno[0] = 150815)
erasing segment 8 (vno[0] = 156107)
erasing segment 9 (vno[0] = 158813)
erasing segment 10 (vno[0] = 160364)
writing cortex label to /home/stone-ext1/freesurfer/subjects/FS6EXPERT_subj01_ver10/label/rh.cortex.label...
writing curvature file /home/stone-ext1/freesurfer/subjects/FS6EXPERT_subj01_ver10/surf/rh.curv
writing smoothed area to rh.area
writing curvature file /home/stone-ext1/freesurfer/subjects/FS6EXPERT_subj01_ver10/surf/rh.area
vertex spacing 0.70 +- 0.19 (0.02-->4.37) (max @ vno 92041 --> 93543)
face area 0.21 +- 0.09 (0.00-->3.55)
repositioning cortical surface to gray/csf boundary.
smoothing T1 volume with sigma = 2.000
averaging target values for 5 iterations...
inhibiting deformation at non-cortical midline structures...
removing 2 vertex label from ripped group
deleting segment 0 with 2 points - only 0.00% unknown
deleting segment 1 with 6 points - only 0.00% unknown
deleting segment 2 with 34 points - only 0.00% unknown
deleting segment 3 with 19 points - only 0.00% unknown
deleting segment 4 with 83 points - only 0.00% unknown
deleting segment 6 with 59 points - only 0.00% unknown
removing 3 vertex label from ripped group
deleting segment 9 with 3 points - only 0.00% unknown
deleting segment 10 with 9 points - only 0.00% unknown
deleting segment 11 with 27 points - only 0.00% unknown
deleting segment 13 with 37 points - only 0.00% unknown
deleting segment 14 with 23 points - only 0.00% unknown
deleting segment 15 with 13 points - only 0.00% unknown
smoothing surface for 5 iterations...
reading initial pial vertex positions from white.preaparc...
mean border=77.8, 233 (233) missing vertices, mean dist 0.8 [1.3 (%0.0)->1.1 (%100.0))]
%21 local maxima, %47 large gradients and %27 min vals, 112 gradients ignored
perforing initial smooth deformation to move away from white surface
tol=1.0e-04, sigma=2.0, host=stone, nav=16, nbrs=2, l_surf_repulse=1.000, l_tspring=1.562, l_nspring=0.625, l_intensity=0.200, l_curv=1.000
mom=0.00, dt=0.05
000: dt: 0.0000, sse=16167286.0, rms=18.672
001: dt: 0.0500, sse=12545804.0, rms=16.282 (12.801%)
002: dt: 0.0500, sse=10642944.0, rms=14.873 (8.657%)
003: dt: 0.0500, sse=9418998.0, rms=13.890 (6.605%)
004: dt: 0.0500, sse=8537765.0, rms=13.137 (5.421%)
005: dt: 0.0500, sse=7855251.0, rms=12.523 (4.677%)
006: dt: 0.0500, sse=7299086.5, rms=11.999 (4.185%)
007: dt: 0.0500, sse=6829834.0, rms=11.538 (3.841%)
008: dt: 0.0500, sse=6422780.5, rms=11.122 (3.601%)
009: dt: 0.0500, sse=6063805.0, rms=10.742 (3.415%)
010: dt: 0.0500, sse=5742873.0, rms=10.391 (3.273%)
positioning took 1.7 minutes
mean border=72.8, 104 (68) missing vertices, mean dist 0.8 [0.6 (%0.1)->1.2 (%99.9))]
%22 local maxima, %47 large gradients and %26 min vals, 275 gradients ignored
tol=1.0e-04, sigma=2.0, host=stone, nav=16, nbrs=2, l_surf_repulse=1.000, l_tspring=1.562, l_nspring=0.625, l_intensity=0.200, l_curv=1.000
mom=0.00, dt=0.05
000: dt: 0.0000, sse=11701442.0, rms=15.664
011: dt: 0.0500, sse=11188242.0, rms=15.280 (2.448%)
012: dt: 0.0500, sse=10737843.0, rms=14.936 (2.256%)
013: dt: 0.0500, sse=10338374.0, rms=14.623 (2.094%)
014: dt: 0.0500, sse=9981424.0, rms=14.338 (1.951%)
015: dt: 0.0500, sse=9660422.0, rms=14.076 (1.825%)
016: dt: 0.0500, sse=9369236.0, rms=13.834 (1.718%)
017: dt: 0.0500, sse=9102748.0, rms=13.609 (1.628%)
018: dt: 0.0500, sse=8856081.0, rms=13.397 (1.557%)
019: dt: 0.0500, sse=8621892.0, rms=13.193 (1.525%)
020: dt: 0.0500, sse=8398782.0, rms=12.995 (1.498%)
positioning took 1.4 minutes
mean border=70.7, 88 (49) missing vertices, mean dist 0.9 [0.1 (%1.3)->1.2 (%98.7))]
%23 local maxima, %47 large gradients and %26 min vals, 328 gradients ignored
tol=1.0e-04, sigma=2.0, host=stone, nav=16, nbrs=2, l_surf_repulse=1.000, l_tspring=1.562, l_nspring=0.625, l_intensity=0.200, l_curv=1.000
mom=0.00, dt=0.05
000: dt: 0.0000, sse=9950112.0, rms=14.317
021: dt: 0.0500, sse=9662298.0, rms=14.082 (1.644%)
022: dt: 0.0500, sse=9396637.0, rms=13.861 (1.569%)
023: dt: 0.0500, sse=9149401.0, rms=13.652 (1.507%)
024: dt: 0.0500, sse=8919798.0, rms=13.455 (1.444%)
025: dt: 0.0500, sse=8704165.0, rms=13.267 (1.396%)
026: dt: 0.0500, sse=8499913.0, rms=13.086 (1.361%)
027: dt: 0.0500, sse=8306324.5, rms=12.913 (1.327%)
028: dt: 0.0500, sse=8120121.0, rms=12.743 (1.311%)
029: dt: 0.0500, sse=7940055.0, rms=12.577 (1.302%)
030: dt: 0.0500, sse=7765235.0, rms=12.414 (1.298%)
positioning took 1.4 minutes
mean border=69.6, 105 (37) missing vertices, mean dist 0.8 [0.0 (%7.9)->1.1 (%92.1))]
%23 local maxima, %47 large gradients and %26 min vals, 281 gradients ignored
tol=1.0e-04, sigma=2.0, host=stone, nav=16, nbrs=2, l_surf_repulse=5.000, l_tspring=1.562, l_nspring=0.625, l_intensity=0.200, l_curv=1.000
mom=0.00, dt=0.50
smoothing T1 volume with sigma = 1.000
averaging target values for 5 iterations...
000: dt: 0.0000, sse=8617995.0, rms=13.187
031: dt: 0.5000, sse=7323798.5, rms=11.985 (9.113%)
032: dt: 0.5000, sse=6286062.5, rms=10.927 (8.831%)
033: dt: 0.5000, sse=5268460.0, rms=9.794 (10.370%)
034: dt: 0.5000, sse=4402074.5, rms=8.704 (11.126%)
035: dt: 0.5000, sse=3687319.0, rms=7.695 (11.589%)
036: dt: 0.5000, sse=3205944.2, rms=6.933 (9.911%)
037: dt: 0.5000, sse=2884276.5, rms=6.377 (8.019%)
038: dt: 0.5000, sse=2704746.2, rms=6.042 (5.248%)
039: dt: 0.5000, sse=2578222.8, rms=5.799 (4.025%)
040: dt: 0.5000, sse=2514071.0, rms=5.669 (2.240%)
041: dt: 0.5000, sse=2462960.2, rms=5.566 (1.813%)
rms = 5.52, time step reduction 1 of 3 to 0.250...
042: dt: 0.5000, sse=2443387.5, rms=5.525 (0.749%)
043: dt: 0.2500, sse=2184794.5, rms=4.894 (11.418%)
044: dt: 0.2500, sse=2119115.8, rms=4.733 (3.294%)
rms = 4.75, time step reduction 2 of 3 to 0.125...
045: dt: 0.1250, sse=2082989.1, rms=4.638 (1.991%)
046: dt: 0.1250, sse=2037823.8, rms=4.516 (2.634%)
rms = 4.50, time step reduction 3 of 3 to 0.062...
047: dt: 0.1250, sse=2031247.1, rms=4.497 (0.418%)
positioning took 3.1 minutes
mean border=66.1, 2805 (10) missing vertices, mean dist 0.3 [0.1 (%41.1)->0.7 (%58.9))]
%46 local maxima, %25 large gradients and %23 min vals, 102 gradients ignored
tol=1.0e-04, sigma=1.0, host=stone, nav=8, nbrs=2, l_surf_repulse=5.000, l_tspring=1.562, l_nspring=0.625, l_intensity=0.200, l_curv=1.000
mom=0.00, dt=0.50
smoothing T1 volume with sigma = 0.500
averaging target values for 5 iterations...
000: dt: 0.0000, sse=3767724.2, rms=7.353
048: dt: 0.5000, sse=3450917.0, rms=6.808 (7.407%)
049: dt: 0.5000, sse=3152103.0, rms=6.298 (7.497%)
050: dt: 0.5000, sse=3036349.2, rms=6.065 (3.694%)
051: dt: 0.5000, sse=2756999.5, rms=5.518 (9.027%)
052: dt: 0.5000, sse=2647307.0, rms=5.264 (4.599%)
053: dt: 0.5000, sse=2416381.5, rms=4.743 (9.902%)
054: dt: 0.5000, sse=2391879.0, rms=4.666 (1.614%)
055: dt: 0.5000, sse=2288865.2, rms=4.423 (5.204%)
rms = 4.55, time step reduction 1 of 3 to 0.250...
056: dt: 0.2500, sse=1892743.1, rms=3.104 (29.828%)
057: dt: 0.2500, sse=1821025.8, rms=2.773 (10.659%)
rms = 2.81, time step reduction 2 of 3 to 0.125...
058: dt: 0.1250, sse=1764282.0, rms=2.510 (9.496%)
059: dt: 0.1250, sse=1693686.2, rms=2.136 (14.894%)
060: dt: 0.1250, sse=1674400.9, rms=2.028 (5.077%)
rms = 2.01, time step reduction 3 of 3 to 0.062...
061: dt: 0.1250, sse=1670620.6, rms=2.007 (1.006%)
positioning took 3.2 minutes
mean border=64.3, 3468 (6) missing vertices, mean dist 0.1 [0.1 (%45.3)->0.2 (%54.7))]
%59 local maxima, %13 large gradients and %22 min vals, 105 gradients ignored
tol=1.0e-04, sigma=0.5, host=stone, nav=4, nbrs=2, l_surf_repulse=5.000, l_tspring=1.562, l_nspring=0.625, l_intensity=0.200, l_curv=1.000
mom=0.00, dt=0.50
smoothing T1 volume with sigma = 0.250
averaging target values for 5 iterations...
000: dt: 0.0000, sse=2036372.8, rms=3.367
rms = 4.51, time step reduction 1 of 3 to 0.250...
062: dt: 0.2500, sse=1859736.8, rms=2.667 (20.784%)
063: dt: 0.2500, sse=1829316.8, rms=2.513 (5.793%)
rms = 2.66, time step reduction 2 of 3 to 0.125...
064: dt: 0.1250, sse=1801040.2, rms=2.374 (5.494%)
065: dt: 0.1250, sse=1771160.0, rms=2.224 (6.354%)
066: dt: 0.1250, sse=1753342.0, rms=2.131 (4.157%)
rms = 2.10, time step reduction 3 of 3 to 0.062...
067: dt: 0.1250, sse=1747738.1, rms=2.104 (1.280%)
positioning took 1.6 minutes
mean border=63.6, 6502 (6) missing vertices, mean dist 0.0 [0.1 (%60.8)->0.2 (%39.2))]
%62 local maxima, %10 large gradients and %21 min vals, 76 gradients ignored
tol=1.0e-04, sigma=0.2, host=stone, nav=2, nbrs=2, l_surf_repulse=5.000, l_tspring=1.562, l_nspring=0.625, l_intensity=0.200, l_curv=1.000
mom=0.00, dt=0.50
writing pial surface to /home/stone-ext1/freesurfer/subjects/FS6EXPERT_subj01_ver10/surf/rh.pial...
writing smoothed curvature to rh.curv.pial
000: dt: 0.0000, sse=1791605.9, rms=2.297
rms = 3.36, time step reduction 1 of 3 to 0.250...
068: dt: 0.2500, sse=1760120.2, rms=2.123 (7.591%)
rms = 2.28, time step reduction 2 of 3 to 0.125...
rms = 2.09, time step reduction 3 of 3 to 0.062...
069: dt: 0.1250, sse=1754147.9, rms=2.089 (1.598%)
positioning took 0.7 minutes
writing curvature file /home/stone-ext1/freesurfer/subjects/FS6EXPERT_subj01_ver10/surf/rh.curv.pial
writing smoothed area to rh.area.pial
writing curvature file /home/stone-ext1/freesurfer/subjects/FS6EXPERT_subj01_ver10/surf/rh.area.pial
vertex spacing 0.81 +- 0.36 (0.03-->7.16) (max @ vno 90424 --> 87204)
face area 0.26 +- 0.21 (0.00-->4.43)
measuring cortical thickness...
writing cortical thickness estimate to 'thickness' file.
0 of 226601 vertices processed
25000 of 226601 vertices processed
50000 of 226601 vertices processed
75000 of 226601 vertices processed
100000 of 226601 vertices processed
125000 of 226601 vertices processed
150000 of 226601 vertices processed
175000 of 226601 vertices processed
200000 of 226601 vertices processed
225000 of 226601 vertices processed
0 of 226601 vertices processed
25000 of 226601 vertices processed
50000 of 226601 vertices processed
75000 of 226601 vertices processed
100000 of 226601 vertices processed
125000 of 226601 vertices processed
150000 of 226601 vertices processed
175000 of 226601 vertices processed
200000 of 226601 vertices processed
225000 of 226601 vertices processed
thickness calculation complete, 78:649 truncations.
43006 vertices at 0 distance
133307 vertices at 1 distance
137143 vertices at 2 distance
76132 vertices at 3 distance
29863 vertices at 4 distance
9694 vertices at 5 distance
2892 vertices at 6 distance
854 vertices at 7 distance
330 vertices at 8 distance
154 vertices at 9 distance
87 vertices at 10 distance
73 vertices at 11 distance
57 vertices at 12 distance
58 vertices at 13 distance
38 vertices at 14 distance
31 vertices at 15 distance
8 vertices at 16 distance
14 vertices at 17 distance
14 vertices at 18 distance
4 vertices at 19 distance
3 vertices at 20 distance
writing curvature file /home/stone-ext1/freesurfer/subjects/FS6EXPERT_subj01_ver10/surf/rh.thickness
positioning took 23.8 minutes
#--------------------------------------------
#@# Surf Volume lh Sun Jun 23 05:03:55 CDT 2019
/home/stone-ext1/freesurfer/subjects/FS6EXPERT_subj01_ver10/surf
/home/stone-ext1/freesurfer/subjects/FS6EXPERT_subj01_ver10/surf
mris_calc -o lh.area.mid lh.area add lh.area.pial
Saving result to 'lh.area.mid' (type = MRI_CURV_FILE)                       [ ok ]
mris_calc -o lh.area.mid lh.area.mid div 2
Saving result to 'lh.area.mid' (type = MRI_CURV_FILE)                       [ ok ]
mris_convert --volume FS6EXPERT_subj01_ver10 lh /home/stone-ext1/freesurfer/subjects/FS6EXPERT_subj01_ver10/surf/lh.volume
masking with /home/stone-ext1/freesurfer/subjects/FS6EXPERT_subj01_ver10/label/lh.cortex.label
Total face volume 273084
Total vertex volume 270635 (mask=0)
#@# FS6EXPERT_subj01_ver10 lh 270635
 
vertexvol Done
#--------------------------------------------
#@# Surf Volume rh Sun Jun 23 05:04:00 CDT 2019
/home/stone-ext1/freesurfer/subjects/FS6EXPERT_subj01_ver10/surf
/home/stone-ext1/freesurfer/subjects/FS6EXPERT_subj01_ver10/surf
mris_calc -o rh.area.mid rh.area add rh.area.pial
Saving result to 'rh.area.mid' (type = MRI_CURV_FILE)                       [ ok ]
mris_calc -o rh.area.mid rh.area.mid div 2
Saving result to 'rh.area.mid' (type = MRI_CURV_FILE)                       [ ok ]
mris_convert --volume FS6EXPERT_subj01_ver10 rh /home/stone-ext1/freesurfer/subjects/FS6EXPERT_subj01_ver10/surf/rh.volume
masking with /home/stone-ext1/freesurfer/subjects/FS6EXPERT_subj01_ver10/label/rh.cortex.label
Total face volume 270268
Total vertex volume 268044 (mask=0)
#@# FS6EXPERT_subj01_ver10 rh 268044
 
vertexvol Done
#--------------------------------------------
#@# Cortical ribbon mask Sun Jun 23 05:04:06 CDT 2019
/home/stone-ext1/freesurfer/subjects/FS6EXPERT_subj01_ver10/mri

 mris_volmask --aseg_name aseg.presurf --label_left_white 2 --label_left_ribbon 3 --label_right_white 41 --label_right_ribbon 42 --save_ribbon FS6EXPERT_subj01_ver10 

SUBJECTS_DIR is /home/stone-ext1/freesurfer/subjects
loading input data...
computing distance to left white surface 
computing distance to left pial surface 
computing distance to right white surface 
computing distance to right pial surface 
 hemi masks overlap voxels = 281
writing volume /home/stone-ext1/freesurfer/subjects/FS6EXPERT_subj01_ver10/mri/ribbon.mgz
mris_volmask took 25.25 minutes
 writing ribbon files
#-----------------------------------------
#@# Parcellation Stats lh Sun Jun 23 05:29:21 CDT 2019
/home/stone-ext1/freesurfer/subjects/FS6EXPERT_subj01_ver10/scripts

 mris_anatomical_stats -th3 -mgz -cortex ../label/lh.cortex.label -f ../stats/lh.aparc.stats -b -a ../label/lh.aparc.annot -c ../label/aparc.annot.ctab FS6EXPERT_subj01_ver10 lh white 

computing statistics for each annotation in ../label/lh.aparc.annot.
reading volume /home/stone-ext1/freesurfer/subjects/FS6EXPERT_subj01_ver10/mri/wm.mgz...
reading input surface /home/stone-ext1/freesurfer/subjects/FS6EXPERT_subj01_ver10/surf/lh.white...
reading input pial surface /home/stone-ext1/freesurfer/subjects/FS6EXPERT_subj01_ver10/surf/lh.pial...
reading input white surface /home/stone-ext1/freesurfer/subjects/FS6EXPERT_subj01_ver10/surf/lh.white...
INFO: using TH3 volume calc
INFO: assuming MGZ format for volumes.
INFO: using ../label/lh.cortex.label as mask to calc cortex NumVert, SurfArea and MeanThickness.
Using TH3 vertex volume calc
Total face volume 273084
Total vertex volume 270635 (mask=0)
reading colortable from annotation file...
colortable with 36 entries read (originally /autofs/space/tanha_002/users/greve/fsdev.build/average/colortable_desikan_killiany.txt)
Saving annotation colortable ../label/aparc.annot.ctab

table columns are:
    number of vertices
    total surface area (mm^2)
    total gray matter volume (mm^3)
    average cortical thickness +- standard deviation (mm)
    integrated rectified mean curvature
    integrated rectified Gaussian curvature
    folding index
    intrinsic curvature index
    structure name

atlas_icv (eTIV) = 1598476 mm^3    (det: 1.218727 )
lhCtxGM: 266310.255 525874.000  diff=-259563.7  pctdiff=-97.467
rhCtxGM: 264962.390 521502.000  diff=-256539.6  pctdiff=-96.821
lhCtxWM: 196223.093 434717.500  diff=-238494.4  pctdiff=-121.542
rhCtxWM: 194253.384 433592.500  diff=-239339.1  pctdiff=-123.210
SubCortGMVol  111164.000
SupraTentVol  1041483.122 (2049395.000) diff=-1007911.878 pctdiff=-96.777
SupraTentVolNotVent  1019024.122 (2026936.000) diff=-1007911.878 pctdiff=-98.910
BrainSegVol  2362544.000 (2358154.000) diff=4390.000 pctdiff=0.186
BrainSegVolNotVent  2333454.000 (1339188.122) diff=994265.878 pctdiff=42.609
BrainSegVolNotVent  2333454.000
CerebellumVol 306189.000
VentChorVol   22459.000
3rd4th5thCSF   6631.000
CSFVol  2241.000, OptChiasmVol   329.000
MaskVol 3507701.000
 2661   1201   3075  2.620 0.428     0.065     0.012       15     1.2  bankssts
 2376    943   3401  2.792 0.753     0.095     0.019       35     1.7  caudalanteriorcingulate
 4867   2043   6163  2.685 0.440     0.074     0.013       35     2.5  caudalmiddlefrontal
 4306   1673   4625  2.260 0.432     0.096     0.023       59     3.8  cuneus
 1070    434   2152  3.501 0.849     0.071     0.033       33     0.8  entorhinal
 6333   2727   9212  2.781 0.631     0.095     0.025       86     7.3  fusiform
12298   5191  15123  2.566 0.480     0.086     0.018      130     8.6  inferiorparietal
 7987   3304  10593  2.694 0.639     0.088     0.028       88    10.0  inferiortemporal
 2679   1079   2998  2.313 0.851     0.092     0.021       35     2.2  isthmuscingulate
13378   5359  13993  2.277 0.527     0.093     0.022      150    12.6  lateraloccipital
 6844   2876   8342  2.544 0.669     0.095     0.028       82     9.1  lateralorbitofrontal
 9013   3819  10376  2.305 0.572     0.096     0.026      111     9.6  lingual
 4729   1912   4599  2.094 0.637     0.085     0.030       66     6.0  medialorbitofrontal
 8996   3606  12113  2.732 0.616     0.087     0.024      104     9.3  middletemporal
 1433    575   1839  2.796 0.709     0.063     0.012        8     0.6  parahippocampal
 3905   1638   4913  2.620 0.496     0.073     0.014       27     2.1  paracentral
 3446   1437   4939  2.876 0.472     0.071     0.015       22     2.0  parsopercularis
 2200    885   3237  2.705 0.573     0.106     0.024       40     2.2  parsorbitalis
 4045   1682   5073  2.514 0.546     0.089     0.019       44     3.1  parstriangularis
 4273   1737   3733  2.111 0.431     0.080     0.022       37     3.8  pericalcarine
 9057   3751   9870  2.303 0.593     0.078     0.016       82     5.9  postcentral
 3086   1283   3710  2.448 0.852     0.092     0.017       36     2.2  posteriorcingulate
10597   4374  13625  2.739 0.515     0.068     0.013       61     5.2  precentral
10154   4301  11861  2.557 0.484     0.086     0.018      107     7.4  precuneus
 2143    849   3068  2.825 0.774     0.086     0.021       29     1.7  rostralanteriorcingulate
15781   6615  18996  2.415 0.523     0.092     0.023      185    14.9  rostralmiddlefrontal
16170   6794  22977  2.872 0.576     0.085     0.019      151    12.5  superiorfrontal
13879   5859  16239  2.410 0.459     0.079     0.015      129     8.7  superiorparietal
 9974   4060  15355  3.109 0.606     0.075     0.018       88     7.6  superiortemporal
 8851   3756  11620  2.659 0.514     0.088     0.018       93     6.3  supramarginal
  650    262    971  2.472 0.523     0.107     0.028       12     0.7  frontalpole
 1394    588   2998  3.541 0.690     0.087     0.019       14     1.3  temporalpole
 1180    460   1389  2.908 0.343     0.087     0.016       10     0.7  transversetemporal
 5313   2257   7405  3.198 0.807     0.087     0.028       54     6.8  insula

 mris_anatomical_stats -th3 -mgz -cortex ../label/lh.cortex.label -f ../stats/lh.aparc.pial.stats -b -a ../label/lh.aparc.annot -c ../label/aparc.annot.ctab FS6EXPERT_subj01_ver10 lh pial 

computing statistics for each annotation in ../label/lh.aparc.annot.
reading volume /home/stone-ext1/freesurfer/subjects/FS6EXPERT_subj01_ver10/mri/wm.mgz...
reading input surface /home/stone-ext1/freesurfer/subjects/FS6EXPERT_subj01_ver10/surf/lh.pial...
reading input pial surface /home/stone-ext1/freesurfer/subjects/FS6EXPERT_subj01_ver10/surf/lh.pial...
reading input white surface /home/stone-ext1/freesurfer/subjects/FS6EXPERT_subj01_ver10/surf/lh.white...
INFO: using TH3 volume calc
INFO: assuming MGZ format for volumes.
INFO: using ../label/lh.cortex.label as mask to calc cortex NumVert, SurfArea and MeanThickness.
Using TH3 vertex volume calc
Total face volume 273084
Total vertex volume 270635 (mask=0)
reading colortable from annotation file...
colortable with 36 entries read (originally /autofs/space/tanha_002/users/greve/fsdev.build/average/colortable_desikan_killiany.txt)
Saving annotation colortable ../label/aparc.annot.ctab

table columns are:
    number of vertices
    total surface area (mm^2)
    total gray matter volume (mm^3)
    average cortical thickness +- standard deviation (mm)
    integrated rectified mean curvature
    integrated rectified Gaussian curvature
    folding index
    intrinsic curvature index
    structure name

atlas_icv (eTIV) = 1598476 mm^3    (det: 1.218727 )
lhCtxGM: 266310.255 525874.000  diff=-259563.7  pctdiff=-97.467
rhCtxGM: 264962.390 521502.000  diff=-256539.6  pctdiff=-96.821
lhCtxWM: 196223.093 434717.500  diff=-238494.4  pctdiff=-121.542
rhCtxWM: 194253.384 433592.500  diff=-239339.1  pctdiff=-123.210
SubCortGMVol  111164.000
SupraTentVol  1041483.122 (2049395.000) diff=-1007911.878 pctdiff=-96.777
SupraTentVolNotVent  1019024.122 (2026936.000) diff=-1007911.878 pctdiff=-98.910
BrainSegVol  2362544.000 (2358154.000) diff=4390.000 pctdiff=0.186
BrainSegVolNotVent  2333454.000 (1339188.122) diff=994265.878 pctdiff=42.609
BrainSegVolNotVent  2333454.000
CerebellumVol 306189.000
VentChorVol   22459.000
3rd4th5thCSF   6631.000
CSFVol  2241.000, OptChiasmVol   329.000
MaskVol 3507701.000
 2661   1093   3075  2.620 0.428     0.074     0.019       22     2.1  bankssts
 2376   1396   3401  2.792 0.753     0.108     0.034       46     4.0  caudalanteriorcingulate
 4867   2433   6163  2.685 0.440     0.080     0.016       61     3.4  caudalmiddlefrontal
 4306   2365   4625  2.260 0.432     0.104     0.025       48     4.7  cuneus
 1070    813   2152  3.501 0.849     0.125     0.030       18     1.6  entorhinal
 6333   3704   9212  2.781 0.631     0.115     0.030       97     8.9  fusiform
12298   6279  15123  2.566 0.480     0.094     0.029      190    18.3  inferiorparietal
 7987   4216  10593  2.694 0.639     0.101     0.028      104    10.1  inferiortemporal
 2679   1356   2998  2.313 0.851     0.107     0.032       34     3.6  isthmuscingulate
13378   6703  13993  2.277 0.527     0.097     0.025      171    14.6  lateraloccipital
 6844   3435   8342  2.544 0.669     0.104     0.027       96     8.4  lateralorbitofrontal
 9013   5114  10376  2.305 0.572     0.111     0.035      113    16.2  lingual
 4729   2372   4599  2.094 0.637     0.099     0.030       64     6.7  medialorbitofrontal
 8996   4935  12113  2.732 0.616     0.097     0.025      130    10.5  middletemporal
 1433    778   1839  2.796 0.709     0.104     0.026       13     1.9  parahippocampal
 3905   1991   4913  2.620 0.496     0.083     0.018       28     3.0  paracentral
 3446   1824   4939  2.876 0.472     0.083     0.019       23     2.7  parsopercularis
 2200   1399   3237  2.705 0.573     0.113     0.021       21     2.2  parsorbitalis
 4045   2164   5073  2.514 0.546     0.101     0.023       47     4.0  parstriangularis
 4273   1737   3733  2.111 0.431     0.093     0.027       59     5.2  pericalcarine
 9057   4672   9870  2.303 0.593     0.084     0.016       61     6.2  postcentral
 3086   1691   3710  2.448 0.852     0.111     0.030       79     4.3  posteriorcingulate
10597   5197  13625  2.739 0.515     0.076     0.016       94     6.9  precentral
10154   4800  11861  2.557 0.484     0.091     0.022      156     9.3  precuneus
 2143   1238   3068  2.825 0.774     0.117     0.028       30     2.7  rostralanteriorcingulate
15781   8374  18996  2.415 0.523     0.102     0.023      184    16.9  rostralmiddlefrontal
16170   8583  22977  2.872 0.576     0.095     0.022      203    15.0  superiorfrontal
13879   7142  16239  2.410 0.459     0.085     0.017      111     9.2  superiorparietal
 9974   5452  15355  3.109 0.606     0.091     0.022      115     9.3  superiortemporal
 8851   4672  11620  2.659 0.514     0.092     0.020       87     7.4  supramarginal
  650    479    971  2.472 0.523     0.133     0.024        6     0.7  frontalpole
 1394   1077   2998  3.541 0.690     0.119     0.025        9     1.8  temporalpole
 1180    514   1389  2.908 0.343     0.074     0.021       12     1.0  transversetemporal
 5313   2267   7405  3.198 0.807     0.100     0.037      134     8.6  insula
#-----------------------------------------
#@# Parcellation Stats rh Sun Jun 23 05:31:31 CDT 2019
/home/stone-ext1/freesurfer/subjects/FS6EXPERT_subj01_ver10/scripts

 mris_anatomical_stats -th3 -mgz -cortex ../label/rh.cortex.label -f ../stats/rh.aparc.stats -b -a ../label/rh.aparc.annot -c ../label/aparc.annot.ctab FS6EXPERT_subj01_ver10 rh white 

computing statistics for each annotation in ../label/rh.aparc.annot.
reading volume /home/stone-ext1/freesurfer/subjects/FS6EXPERT_subj01_ver10/mri/wm.mgz...
reading input surface /home/stone-ext1/freesurfer/subjects/FS6EXPERT_subj01_ver10/surf/rh.white...
reading input pial surface /home/stone-ext1/freesurfer/subjects/FS6EXPERT_subj01_ver10/surf/rh.pial...
reading input white surface /home/stone-ext1/freesurfer/subjects/FS6EXPERT_subj01_ver10/surf/rh.white...
INFO: using TH3 volume calc
INFO: assuming MGZ format for volumes.
INFO: using ../label/rh.cortex.label as mask to calc cortex NumVert, SurfArea and MeanThickness.
Using TH3 vertex volume calc
Total face volume 270268
Total vertex volume 268044 (mask=0)
reading colortable from annotation file...
colortable with 36 entries read (originally /autofs/space/tanha_002/users/greve/fsdev.build/average/colortable_desikan_killiany.txt)
Saving annotation colortable ../label/aparc.annot.ctab

table columns are:
    number of vertices
    total surface area (mm^2)
    total gray matter volume (mm^3)
    average cortical thickness +- standard deviation (mm)
    integrated rectified mean curvature
    integrated rectified Gaussian curvature
    folding index
    intrinsic curvature index
    structure name

atlas_icv (eTIV) = 1598476 mm^3    (det: 1.218727 )
lhCtxGM: 266310.255 525874.000  diff=-259563.7  pctdiff=-97.467
rhCtxGM: 264962.390 521502.000  diff=-256539.6  pctdiff=-96.821
lhCtxWM: 196223.093 434717.500  diff=-238494.4  pctdiff=-121.542
rhCtxWM: 194253.384 433592.500  diff=-239339.1  pctdiff=-123.210
SubCortGMVol  111164.000
SupraTentVol  1041483.122 (2049395.000) diff=-1007911.878 pctdiff=-96.777
SupraTentVolNotVent  1019024.122 (2026936.000) diff=-1007911.878 pctdiff=-98.910
BrainSegVol  2362544.000 (2358154.000) diff=4390.000 pctdiff=0.186
BrainSegVolNotVent  2333454.000 (1339188.122) diff=994265.878 pctdiff=42.609
BrainSegVolNotVent  2333454.000
CerebellumVol 306189.000
VentChorVol   22459.000
3rd4th5thCSF   6631.000
CSFVol  2241.000, OptChiasmVol   329.000
MaskVol 3507701.000
 2397   1080   2890  2.780 0.345     0.058     0.009        8     0.9  bankssts
 1782    729   2376  2.411 0.952     0.106     0.022       27     1.7  caudalanteriorcingulate
 3256   1379   4430  2.701 0.494     0.087     0.018       29     2.4  caudalmiddlefrontal
 3900   1593   3775  2.033 0.448     0.096     0.023       48     3.7  cuneus
 1804    639   2627  2.968 0.691     0.095     0.056       34     4.8  entorhinal
 6453   2688   9399  2.881 0.551     0.085     0.030      183     9.7  fusiform
12413   5354  15966  2.609 0.453     0.081     0.017      124     8.5  inferiorparietal
 9019   3639  11710  2.742 0.648     0.083     0.025      109    10.3  inferiortemporal
 2598   1047   2933  2.235 0.902     0.089     0.021       31     2.1  isthmuscingulate
12419   4946  13292  2.313 0.473     0.089     0.023      133    11.8  lateraloccipital
 6726   2753   7395  2.414 0.764     0.091     0.032       88     9.3  lateralorbitofrontal
 8967   3862  10232  2.332 0.555     0.100     0.026      145    10.2  lingual
 5283   2165   5265  2.105 0.566     0.087     0.029      108     7.6  medialorbitofrontal
10133   4089  14030  2.799 0.568     0.087     0.025      117    11.4  middletemporal
 1365    551   1954  2.909 0.640     0.072     0.016        9     0.8  parahippocampal
 3810   1616   4703  2.552 0.469     0.087     0.016       31     2.5  paracentral
 2502   1040   3340  2.846 0.411     0.076     0.016       20     1.6  parsopercularis
 2464   1024   3812  2.667 0.604     0.105     0.026       38     2.7  parsorbitalis
 4189   1762   4869  2.445 0.530     0.083     0.017       43     2.8  parstriangularis
 4824   1964   4289  2.112 0.469     0.073     0.018       37     3.2  pericalcarine
 9209   3815   9884  2.221 0.578     0.076     0.016       83     6.3  postcentral
 3252   1329   4069  2.490 0.811     0.097     0.022       47     2.8  posteriorcingulate
 9937   4061  12763  2.718 0.527     0.072     0.014       65     6.0  precentral
 9032   3874  10872  2.540 0.510     0.087     0.021       95     7.3  precuneus
 1545    599   2095  2.622 0.859     0.093     0.024       20     1.6  rostralanteriorcingulate
18063   7698  21368  2.370 0.559     0.092     0.022      208    17.6  rostralmiddlefrontal
16238   6792  23894  2.820 0.603     0.090     0.021      159    14.1  superiorfrontal
13989   5880  16462  2.420 0.425     0.080     0.015      137     8.8  superiorparietal
 8734   3682  13589  3.034 0.612     0.074     0.014       61     5.3  superiortemporal
 9304   3931  11897  2.664 0.484     0.081     0.017       87     6.7  supramarginal
 1030    414   1411  2.575 0.600     0.134     0.037       25     1.7  frontalpole
 1389    496   1792  2.882 0.895     0.112     0.076       29     5.7  temporalpole
  975    363   1184  2.819 0.291     0.083     0.013       10     0.5  transversetemporal
 5652   2502   7449  2.949 0.866     0.093     0.032       69     8.0  insula

 mris_anatomical_stats -th3 -mgz -cortex ../label/rh.cortex.label -f ../stats/rh.aparc.pial.stats -b -a ../label/rh.aparc.annot -c ../label/aparc.annot.ctab FS6EXPERT_subj01_ver10 rh pial 

computing statistics for each annotation in ../label/rh.aparc.annot.
reading volume /home/stone-ext1/freesurfer/subjects/FS6EXPERT_subj01_ver10/mri/wm.mgz...
reading input surface /home/stone-ext1/freesurfer/subjects/FS6EXPERT_subj01_ver10/surf/rh.pial...
reading input pial surface /home/stone-ext1/freesurfer/subjects/FS6EXPERT_subj01_ver10/surf/rh.pial...
reading input white surface /home/stone-ext1/freesurfer/subjects/FS6EXPERT_subj01_ver10/surf/rh.white...
INFO: using TH3 volume calc
INFO: assuming MGZ format for volumes.
INFO: using ../label/rh.cortex.label as mask to calc cortex NumVert, SurfArea and MeanThickness.
Using TH3 vertex volume calc
Total face volume 270268
Total vertex volume 268044 (mask=0)
reading colortable from annotation file...
colortable with 36 entries read (originally /autofs/space/tanha_002/users/greve/fsdev.build/average/colortable_desikan_killiany.txt)
Saving annotation colortable ../label/aparc.annot.ctab

table columns are:
    number of vertices
    total surface area (mm^2)
    total gray matter volume (mm^3)
    average cortical thickness +- standard deviation (mm)
    integrated rectified mean curvature
    integrated rectified Gaussian curvature
    folding index
    intrinsic curvature index
    structure name

atlas_icv (eTIV) = 1598476 mm^3    (det: 1.218727 )
lhCtxGM: 266310.255 525874.000  diff=-259563.7  pctdiff=-97.467
rhCtxGM: 264962.390 521502.000  diff=-256539.6  pctdiff=-96.821
lhCtxWM: 196223.093 434717.500  diff=-238494.4  pctdiff=-121.542
rhCtxWM: 194253.384 433592.500  diff=-239339.1  pctdiff=-123.210
SubCortGMVol  111164.000
SupraTentVol  1041483.122 (2049395.000) diff=-1007911.878 pctdiff=-96.777
SupraTentVolNotVent  1019024.122 (2026936.000) diff=-1007911.878 pctdiff=-98.910
BrainSegVol  2362544.000 (2358154.000) diff=4390.000 pctdiff=0.186
BrainSegVolNotVent  2333454.000 (1339188.122) diff=994265.878 pctdiff=42.609
BrainSegVolNotVent  2333454.000
CerebellumVol 306189.000
VentChorVol   22459.000
3rd4th5thCSF   6631.000
CSFVol  2241.000, OptChiasmVol   329.000
MaskVol 3507701.000
 2397    965   2890  2.780 0.345     0.073     0.017       22     1.8  bankssts
 1782   1027   2376  2.411 0.952     0.146     0.192      906    24.8  caudalanteriorcingulate
 3256   1728   4430  2.701 0.494     0.091     0.023       29     2.8  caudalmiddlefrontal
 3900   2105   3775  2.033 0.448     0.095     0.022       32     3.8  cuneus
 1804   1072   2627  2.968 0.691     0.123     0.061       55     5.5  entorhinal
 6453   3681   9399  2.881 0.551     0.103     0.028       70     8.2  fusiform
12413   6450  15966  2.609 0.453     0.088     0.017      103     9.1  inferiorparietal
 9019   4592  11710  2.742 0.648     0.095     0.029      201    11.2  inferiortemporal
 2598   1385   2933  2.235 0.902     0.111     0.034       74     3.5  isthmuscingulate
12419   6186  13292  2.313 0.473     0.096     0.034      233    22.4  lateraloccipital
 6726   3080   7395  2.414 0.764     0.102     0.028      105     8.4  lateralorbitofrontal
 8967   4869  10232  2.332 0.555     0.103     0.028      130    11.8  lingual
 5283   2666   5265  2.105 0.566     0.101     0.025       60     6.0  medialorbitofrontal
10133   5563  14030  2.799 0.568     0.093     0.022      122     9.8  middletemporal
 1365    786   1954  2.909 0.640     0.118     0.033       20     2.2  parahippocampal
 3810   1957   4703  2.552 0.469     0.090     0.021       41     3.5  paracentral
 2502   1253   3340  2.846 0.411     0.086     0.020       17     2.3  parsopercularis
 2464   1670   3812  2.667 0.604     0.129     0.028       34     3.2  parsorbitalis
 4189   2141   4869  2.445 0.530     0.093     0.020       34     3.5  parstriangularis
 4824   2026   4289  2.112 0.469     0.083     0.019       62     4.2  pericalcarine
 9209   4814   9884  2.221 0.578     0.081     0.015       60     5.5  postcentral
 3252   1782   4069  2.490 0.811     0.110     0.028       50     4.0  posteriorcingulate
 9937   5005  12763  2.718 0.527     0.079     0.016       73     6.8  precentral
 9032   4382  10872  2.540 0.510     0.093     0.024      118     9.1  precuneus
 1545    885   2095  2.622 0.859     0.119     0.031       35     2.1  rostralanteriorcingulate
18063   9583  21368  2.370 0.559     0.103     0.023      212    18.9  rostralmiddlefrontal
16238   9381  23894  2.820 0.603     0.106     0.024      180    17.6  superiorfrontal
13989   7270  16462  2.420 0.425     0.088     0.016      110     9.1  superiorparietal
 8734   5002  13589  3.034 0.612     0.099     0.022      106     8.5  superiortemporal
 9304   4755  11897  2.664 0.484     0.089     0.019       93     7.5  supramarginal
 1030    647   1411  2.575 0.600     0.125     0.038       19     1.6  frontalpole
 1389    744   1792  2.882 0.895     0.168     1.313     2346   143.7  temporalpole
  975    466   1184  2.819 0.291     0.077     0.015        7     0.7  transversetemporal
 5652   2433   7449  2.949 0.866     0.103     0.039      120     8.6  insula
#-----------------------------------------
#@# Cortical Parc 2 lh Sun Jun 23 05:33:42 CDT 2019
/home/stone-ext1/freesurfer/subjects/FS6EXPERT_subj01_ver10/scripts

 mris_ca_label -l ../label/lh.cortex.label -aseg ../mri/aseg.presurf.mgz -seed 1234 FS6EXPERT_subj01_ver10 lh ../surf/lh.sphere.reg /home/stone/software/freesurfer_stable_600/average/lh.CDaparc.atlas.acfb40.noaparc.i12.2016-08-02.gcs ../label/lh.aparc.a2009s.annot 

setting seed for random number generator to 1234
using ../mri/aseg.presurf.mgz aseg volume to correct midline
$Id: mris_ca_label.c,v 1.37 2014/02/04 17:46:42 fischl Exp $
  $Id: mrisurf.c,v 1.781.2.6 2016/12/27 16:47:14 zkaufman Exp $
reading atlas from /home/stone/software/freesurfer_stable_600/average/lh.CDaparc.atlas.acfb40.noaparc.i12.2016-08-02.gcs...
reading color table from GCSA file....
average std = 2.9   using min determinant for regularization = 0.086
0 singular and 762 ill-conditioned covariance matrices regularized
input 0: MEAN CURVATURE, flags 0, avgs 5, name mean_curvature
labeling surface...
33 labels changed using aseg
relabeling using gibbs priors...
000:  13779 changed, 227021 examined...
001:   3429 changed, 52958 examined...
002:   1037 changed, 17837 examined...
003:    409 changed, 5797 examined...
004:    200 changed, 2379 examined...
005:     92 changed, 1170 examined...
006:     61 changed, 567 examined...
007:     31 changed, 339 examined...
008:     17 changed, 191 examined...
009:     10 changed, 92 examined...
010:      5 changed, 58 examined...
011:      5 changed, 30 examined...
012:      2 changed, 24 examined...
013:      1 changed, 11 examined...
014:      1 changed, 6 examined...
015:      0 changed, 8 examined...
0 labels changed using aseg
000: 392 total segments, 302 labels (4564 vertices) changed
001: 111 total segments, 22 labels (57 vertices) changed
002: 91 total segments, 2 labels (3 vertices) changed
003: 89 total segments, 0 labels (0 vertices) changed
10 filter iterations complete (10 requested, 48 changed)
rationalizing unknown annotations with cortex label
relabeling Medial_wall label...
2050 vertices marked for relabeling...
2050 labels changed in reclassification.
writing output to ../label/lh.aparc.a2009s.annot...
classification took 0 minutes and 25 seconds.
#-----------------------------------------
#@# Cortical Parc 2 rh Sun Jun 23 05:34:06 CDT 2019
/home/stone-ext1/freesurfer/subjects/FS6EXPERT_subj01_ver10/scripts

 mris_ca_label -l ../label/rh.cortex.label -aseg ../mri/aseg.presurf.mgz -seed 1234 FS6EXPERT_subj01_ver10 rh ../surf/rh.sphere.reg /home/stone/software/freesurfer_stable_600/average/rh.CDaparc.atlas.acfb40.noaparc.i12.2016-08-02.gcs ../label/rh.aparc.a2009s.annot 

setting seed for random number generator to 1234
using ../mri/aseg.presurf.mgz aseg volume to correct midline
$Id: mris_ca_label.c,v 1.37 2014/02/04 17:46:42 fischl Exp $
  $Id: mrisurf.c,v 1.781.2.6 2016/12/27 16:47:14 zkaufman Exp $
reading atlas from /home/stone/software/freesurfer_stable_600/average/rh.CDaparc.atlas.acfb40.noaparc.i12.2016-08-02.gcs...
reading color table from GCSA file....
average std = 1.4   using min determinant for regularization = 0.020
0 singular and 719 ill-conditioned covariance matrices regularized
input 0: MEAN CURVATURE, flags 0, avgs 5, name mean_curvature
labeling surface...
3 labels changed using aseg
relabeling using gibbs priors...
000:  13846 changed, 226601 examined...
001:   3369 changed, 53410 examined...
002:   1066 changed, 17338 examined...
003:    471 changed, 6010 examined...
004:    206 changed, 2644 examined...
005:    106 changed, 1160 examined...
006:     50 changed, 617 examined...
007:     20 changed, 298 examined...
008:      8 changed, 122 examined...
009:      2 changed, 43 examined...
010:      1 changed, 11 examined...
011:      3 changed, 9 examined...
012:      3 changed, 15 examined...
013:      1 changed, 10 examined...
014:      1 changed, 8 examined...
015:      0 changed, 8 examined...
2 labels changed using aseg
000: 391 total segments, 299 labels (5385 vertices) changed
001: 124 total segments, 34 labels (168 vertices) changed
002: 91 total segments, 1 labels (3 vertices) changed
003: 90 total segments, 0 labels (0 vertices) changed
10 filter iterations complete (10 requested, 66 changed)
rationalizing unknown annotations with cortex label
relabeling Medial_wall label...
2083 vertices marked for relabeling...
2083 labels changed in reclassification.
writing output to ../label/rh.aparc.a2009s.annot...
classification took 0 minutes and 25 seconds.
#-----------------------------------------
#@# Parcellation Stats 2 lh Sun Jun 23 05:34:32 CDT 2019
/home/stone-ext1/freesurfer/subjects/FS6EXPERT_subj01_ver10/scripts

 mris_anatomical_stats -th3 -mgz -cortex ../label/lh.cortex.label -f ../stats/lh.aparc.a2009s.stats -b -a ../label/lh.aparc.a2009s.annot -c ../label/aparc.annot.a2009s.ctab FS6EXPERT_subj01_ver10 lh white 

computing statistics for each annotation in ../label/lh.aparc.a2009s.annot.
reading volume /home/stone-ext1/freesurfer/subjects/FS6EXPERT_subj01_ver10/mri/wm.mgz...
reading input surface /home/stone-ext1/freesurfer/subjects/FS6EXPERT_subj01_ver10/surf/lh.white...
reading input pial surface /home/stone-ext1/freesurfer/subjects/FS6EXPERT_subj01_ver10/surf/lh.pial...
reading input white surface /home/stone-ext1/freesurfer/subjects/FS6EXPERT_subj01_ver10/surf/lh.white...
INFO: using TH3 volume calc
INFO: assuming MGZ format for volumes.
INFO: using ../label/lh.cortex.label as mask to calc cortex NumVert, SurfArea and MeanThickness.
Using TH3 vertex volume calc
Total face volume 273084
Total vertex volume 270635 (mask=0)
reading colortable from annotation file...
colortable with 76 entries read (originally Simple_surface_labels2008.txt)
Saving annotation colortable ../label/aparc.annot.a2009s.ctab

table columns are:
    number of vertices
    total surface area (mm^2)
    total gray matter volume (mm^3)
    average cortical thickness +- standard deviation (mm)
    integrated rectified mean curvature
    integrated rectified Gaussian curvature
    folding index
    intrinsic curvature index
    structure name

atlas_icv (eTIV) = 1598476 mm^3    (det: 1.218727 )
lhCtxGM: 266310.255 525874.000  diff=-259563.7  pctdiff=-97.467
rhCtxGM: 264962.390 521502.000  diff=-256539.6  pctdiff=-96.821
lhCtxWM: 196223.093 434717.500  diff=-238494.4  pctdiff=-121.542
rhCtxWM: 194253.384 433592.500  diff=-239339.1  pctdiff=-123.210
SubCortGMVol  111164.000
SupraTentVol  1041483.122 (2049395.000) diff=-1007911.878 pctdiff=-96.777
SupraTentVolNotVent  1019024.122 (2026936.000) diff=-1007911.878 pctdiff=-98.910
BrainSegVol  2362544.000 (2358154.000) diff=4390.000 pctdiff=0.186
BrainSegVolNotVent  2333454.000 (1339188.122) diff=994265.878 pctdiff=42.609
BrainSegVolNotVent  2333454.000
CerebellumVol 306189.000
VentChorVol   22459.000
3rd4th5thCSF   6631.000
CSFVol  2241.000, OptChiasmVol   329.000
MaskVol 3507701.000
 2132    902   2242  2.152 0.496     0.097     0.023       27     2.1  G&S_frontomargin
 3014   1273   4017  2.519 0.503     0.106     0.024       44     3.2  G&S_occipital_inf
 3214   1265   4158  2.587 0.538     0.074     0.015       26     2.0  G&S_paracentral
 1958    823   2852  2.907 0.375     0.097     0.022       26     1.5  G&S_subcentral
 1161    489   1724  2.554 0.458     0.119     0.031       21     1.5  G&S_transv_frontopol
 3585   1490   4701  2.741 0.636     0.074     0.017       29     2.5  G&S_cingul-Ant
 2463   1038   3169  2.799 0.540     0.084     0.018       24     1.8  G&S_cingul-Mid-Ant
 2639   1110   3114  2.610 0.463     0.086     0.019       25     2.0  G&S_cingul-Mid-Post
 1013    418   1842  3.044 0.551     0.113     0.027       19     1.1  G_cingul-Post-dorsal
  529    211    832  2.881 0.762     0.099     0.025        8     0.5  G_cingul-Post-ventral
 4038   1535   4481  2.225 0.451     0.103     0.030       67     4.6  G_cuneus
 2090    879   3933  3.134 0.433     0.090     0.021       23     1.8  G_front_inf-Opercular
  790    323   1479  2.985 0.624     0.122     0.032       16     1.0  G_front_inf-Orbital
 2459   1003   3833  2.798 0.491     0.103     0.025       37     2.3  G_front_inf-Triangul
 8155   3344  12536  2.718 0.513     0.102     0.027      128     9.0  G_front_middle
10850   4507  18766  3.089 0.574     0.097     0.023      139    10.1  G_front_sup
 1056    431   1609  3.254 1.045     0.105     0.035       16     1.7  G_Ins_lg&S_cent_ins
 1013    403   2115  3.667 0.570     0.093     0.027       15     1.0  G_insular_short
 3507   1409   4847  2.566 0.496     0.106     0.026       57     3.4  G_occipital_middle
 2636   1085   3066  2.321 0.458     0.083     0.018       25     2.1  G_occipital_sup
 2630   1091   4902  3.080 0.621     0.109     0.036       54     4.4  G_oc-temp_lat-fusifor
 6562   2701   8021  2.326 0.598     0.105     0.031       98     8.1  G_oc-temp_med-Lingual
 1919    761   3355  3.263 0.860     0.073     0.022       14     1.9  G_oc-temp_med-Parahip
 4787   1932   7289  2.652 0.729     0.114     0.040      102     9.3  G_orbital
 5068   2101   7528  2.708 0.463     0.101     0.022       81     4.5  G_pariet_inf-Angular
 4674   1963   7685  2.897 0.518     0.104     0.022       72     4.3  G_pariet_inf-Supramar
 5066   2129   7531  2.648 0.493     0.099     0.022       75     4.3  G_parietal_sup
 3167   1279   4252  2.500 0.481     0.094     0.021       43     2.5  G_postcentral
 3754   1494   6304  3.064 0.442     0.077     0.015       30     2.3  G_precentral
 4789   2022   7316  2.763 0.466     0.101     0.024       78     4.6  G_precuneus
 1907    726   2244  2.191 0.603     0.096     0.036       40     3.2  G_rectus
 1181    504   1166  2.548 1.055     0.090     0.050       16     1.9  G_subcallosal
  865    325   1126  2.951 0.392     0.094     0.019        9     0.6  G_temp_sup-G_T_transv
 3643   1397   7185  3.415 0.565     0.088     0.028       51     4.5  G_temp_sup-Lateral
 1295    536   2291  3.707 0.560     0.063     0.027       33     0.7  G_temp_sup-Plan_polar
 1574    688   2223  2.912 0.453     0.070     0.013       11     0.7  G_temp_sup-Plan_tempo
 4103   1670   6798  2.790 0.732     0.110     0.046       77     8.3  G_temporal_inf
 5052   1909   7213  2.701 0.639     0.099     0.033       82     7.3  G_temporal_middle
  663    266    516  2.170 0.365     0.065     0.011        2     0.3  Lat_Fis-ant-Horizont
  398    164    367  2.522 0.330     0.064     0.010        1     0.2  Lat_Fis-ant-Vertical
 1663    714   1469  2.543 0.385     0.073     0.015        7     0.9  Lat_Fis-post
 3505   1250   3048  2.007 0.433     0.093     0.028       49     4.5  Pole_occipital
 3044   1268   6176  3.314 0.706     0.090     0.019       33     2.5  Pole_temporal
 4839   2078   4241  2.198 0.491     0.079     0.019       37     3.6  S_calcarine
 4839   2068   3873  2.088 0.531     0.056     0.009       13     1.9  S_central
 2293    973   2123  2.406 0.370     0.059     0.009        8     0.9  S_cingul-Marginalis
  951    395    936  2.845 0.389     0.062     0.011        3     0.5  S_circular_insula_ant
 2174    966   2433  2.954 0.667     0.071     0.018       10     2.1  S_circular_insula_inf
 2658   1150   2458  2.575 0.449     0.059     0.010        7     1.1  S_circular_insula_sup
 1414    628   1558  2.687 0.430     0.065     0.011        6     0.6  S_collat_transv_ant
 1161    512   1017  2.112 0.401     0.078     0.014        6     0.6  S_collat_transv_post
 4554   1944   4537  2.358 0.422     0.065     0.011       21     1.7  S_front_inf
 2581   1104   2045  2.160 0.303     0.076     0.014       11     1.7  S_front_middle
 4393   1863   4425  2.538 0.335     0.058     0.010       17     1.6  S_front_sup
  586    261    485  2.238 0.250     0.062     0.008        2     0.2  S_interm_prim-Jensen
 5611   2366   5032  2.325 0.348     0.059     0.008       19     1.9  S_intrapariet&P_trans
 1546    668   1161  1.946 0.318     0.078     0.015        7     1.0  S_oc_middle&Lunatus
 2747   1174   2397  2.196 0.339     0.076     0.013       17     1.5  S_oc_sup&transversal
 1221    515   1057  2.613 0.564     0.079     0.016        6     0.9  S_occipital_ant
 1614    683   1409  2.421 0.414     0.082     0.017       11     1.2  S_oc-temp_lat
 3218   1420   3220  2.413 0.510     0.069     0.011       16     1.4  S_oc-temp_med&Lingual
  817    363    602  1.918 0.234     0.077     0.010        3     0.5  S_orbital_lateral
 1300    548    947  2.031 0.580     0.075     0.013        7     0.8  S_orbital_med-olfact
 2678   1129   2721  2.410 0.476     0.086     0.020       20     2.2  S_orbital-H_Shaped
 4056   1702   3741  2.370 0.458     0.074     0.012       24     2.2  S_parieto_occipital
 2721   1048   1739  1.751 0.847     0.090     0.014       34     1.2  S_pericallosal
 4371   1846   3760  2.167 0.390     0.064     0.011       23     1.9  S_postcentral
 1958    828   1810  2.530 0.290     0.059     0.010        6     0.8  S_precentral-inf-part
 1920    841   1965  2.587 0.352     0.062     0.009        7     0.7  S_precentral-sup-part
 1048    445    707  1.869 0.374     0.065     0.008        4     0.4  S_suborbital
 2138    876   1845  2.340 0.314     0.076     0.013       15     1.2  S_subparietal
 2865   1208   2482  2.473 0.431     0.072     0.012       12     1.6  S_temporal_inf
10626   4668  11895  2.621 0.473     0.068     0.012       53     5.1  S_temporal_sup
  636    264    696  2.818 0.381     0.058     0.008        2     0.3  S_temporal_transverse
#-----------------------------------------
#@# Parcellation Stats 2 rh Sun Jun 23 05:35:37 CDT 2019
/home/stone-ext1/freesurfer/subjects/FS6EXPERT_subj01_ver10/scripts

 mris_anatomical_stats -th3 -mgz -cortex ../label/rh.cortex.label -f ../stats/rh.aparc.a2009s.stats -b -a ../label/rh.aparc.a2009s.annot -c ../label/aparc.annot.a2009s.ctab FS6EXPERT_subj01_ver10 rh white 

computing statistics for each annotation in ../label/rh.aparc.a2009s.annot.
reading volume /home/stone-ext1/freesurfer/subjects/FS6EXPERT_subj01_ver10/mri/wm.mgz...
reading input surface /home/stone-ext1/freesurfer/subjects/FS6EXPERT_subj01_ver10/surf/rh.white...
reading input pial surface /home/stone-ext1/freesurfer/subjects/FS6EXPERT_subj01_ver10/surf/rh.pial...
reading input white surface /home/stone-ext1/freesurfer/subjects/FS6EXPERT_subj01_ver10/surf/rh.white...
INFO: using TH3 volume calc
INFO: assuming MGZ format for volumes.
INFO: using ../label/rh.cortex.label as mask to calc cortex NumVert, SurfArea and MeanThickness.
Using TH3 vertex volume calc
Total face volume 270268
Total vertex volume 268044 (mask=0)
reading colortable from annotation file...
colortable with 76 entries read (originally Simple_surface_labels2008.txt)
Saving annotation colortable ../label/aparc.annot.a2009s.ctab

table columns are:
    number of vertices
    total surface area (mm^2)
    total gray matter volume (mm^3)
    average cortical thickness +- standard deviation (mm)
    integrated rectified mean curvature
    integrated rectified Gaussian curvature
    folding index
    intrinsic curvature index
    structure name

atlas_icv (eTIV) = 1598476 mm^3    (det: 1.218727 )
lhCtxGM: 266310.255 525874.000  diff=-259563.7  pctdiff=-97.467
rhCtxGM: 264962.390 521502.000  diff=-256539.6  pctdiff=-96.821
lhCtxWM: 196223.093 434717.500  diff=-238494.4  pctdiff=-121.542
rhCtxWM: 194253.384 433592.500  diff=-239339.1  pctdiff=-123.210
SubCortGMVol  111164.000
SupraTentVol  1041483.122 (2049395.000) diff=-1007911.878 pctdiff=-96.777
SupraTentVolNotVent  1019024.122 (2026936.000) diff=-1007911.878 pctdiff=-98.910
BrainSegVol  2362544.000 (2358154.000) diff=4390.000 pctdiff=0.186
BrainSegVolNotVent  2333454.000 (1339188.122) diff=994265.878 pctdiff=42.609
BrainSegVolNotVent  2333454.000
CerebellumVol 306189.000
VentChorVol   22459.000
3rd4th5thCSF   6631.000
CSFVol  2241.000, OptChiasmVol   329.000
MaskVol 3507701.000
 2261    961   2084  1.956 0.530     0.089     0.017       22     1.8  G&S_frontomargin
 1938    818   2539  2.524 0.507     0.090     0.018       20     1.4  G&S_occipital_inf
 2679   1052   3402  2.496 0.531     0.086     0.018       25     2.0  G&S_paracentral
 2577   1088   3591  2.799 0.419     0.092     0.019       29     2.1  G&S_subcentral
 2158    895   3189  2.635 0.664     0.123     0.039       42     3.8  G&S_transv_frontopol
 5343   2245   6524  2.510 0.656     0.083     0.020       52     4.5  G&S_cingul-Ant
 2223    940   3177  2.798 0.568     0.097     0.023       25     2.1  G&S_cingul-Mid-Ant
 2544   1061   3232  2.740 0.513     0.088     0.019       28     2.0  G&S_cingul-Mid-Post
 1119    464   1960  2.876 0.563     0.128     0.037       23     1.8  G_cingul-Post-dorsal
  513    206    923  2.817 0.886     0.110     0.032       10     0.5  G_cingul-Post-ventral
 3863   1564   3732  2.000 0.445     0.096     0.027       50     4.0  G_cuneus
 1769    741   2987  2.986 0.403     0.093     0.021       24     1.6  G_front_inf-Opercular
  763    303   1365  2.863 0.458     0.113     0.027       16     0.8  G_front_inf-Orbital
 1914    792   2653  2.640 0.431     0.104     0.027       31     2.1  G_front_inf-Triangul
 6262   2620  10337  2.769 0.525     0.110     0.029      110     8.0  G_front_middle
10080   4192  17384  2.975 0.612     0.100     0.023      130     9.7  G_front_sup
  895    398   1505  3.215 0.906     0.117     0.045       19     1.8  G_Ins_lg&S_cent_ins
 1409    614   2420  3.296 0.987     0.120     0.047       26     3.2  G_insular_short
 3103   1312   4821  2.669 0.496     0.100     0.023       48     2.8  G_occipital_middle
 2786   1113   3457  2.382 0.416     0.092     0.022       33     2.4  G_occipital_sup
 2839   1161   5300  3.116 0.547     0.112     0.038       58     5.1  G_oc-temp_lat-fusifor
 5777   2438   7369  2.361 0.595     0.108     0.029      122     7.1  G_oc-temp_med-Lingual
 2445    889   3816  3.037 0.720     0.090     0.044       37     5.0  G_oc-temp_med-Parahip
 5090   2037   7737  2.576 0.826     0.109     0.041      104     8.8  G_orbital
 5409   2307   8727  2.824 0.470     0.101     0.023       89     5.3  G_pariet_inf-Angular
 3910   1640   6196  2.897 0.447     0.098     0.023       55     3.9  G_pariet_inf-Supramar
 4277   1795   6210  2.599 0.459     0.100     0.022       68     3.9  G_parietal_sup
 3056   1204   3789  2.331 0.497     0.082     0.018       38     2.4  G_postcentral
 3718   1401   6176  3.095 0.404     0.075     0.016       31     2.4  G_precentral
 4259   1819   6462  2.682 0.546     0.110     0.029       77     5.0  G_precuneus
 1859    711   1948  2.099 0.582     0.107     0.054       76     5.4  G_rectus
  795    323    797  2.214 0.855     0.086     0.039       14     1.4  G_subcallosal
  820    303   1134  2.917 0.320     0.089     0.015        9     0.5  G_temp_sup-G_T_transv
 2906   1208   5988  3.328 0.569     0.097     0.023       35     2.8  G_temp_sup-Lateral
 1434    645   2635  3.464 0.581     0.072     0.017        8     1.0  G_temp_sup-Plan_polar
 1359    597   1789  2.649 0.404     0.059     0.009        6     0.4  G_temp_sup-Plan_tempo
 4095   1622   7005  3.040 0.648     0.098     0.035       77     6.4  G_temporal_inf
 6125   2439  10243  2.994 0.533     0.100     0.028       95     7.4  G_temporal_middle
  720    313    605  2.249 0.444     0.051     0.007        1     0.2  Lat_Fis-ant-Horizont
  239     95    271  2.951 0.198     0.056     0.007        0     0.1  Lat_Fis-ant-Vertical
 2248    958   2111  2.670 0.408     0.069     0.013        9     1.2  Lat_Fis-post
 6265   2356   5708  2.107 0.457     0.093     0.029       76     7.8  Pole_occipital
 4206   1519   5355  2.738 0.750     0.104     0.068      187    15.2  Pole_temporal
 4861   2110   4526  2.225 0.491     0.079     0.019       43     3.7  S_calcarine
 4402   1904   3499  2.045 0.579     0.063     0.012       14     2.1  S_central
 2183    934   2103  2.340 0.358     0.076     0.014       13     1.4  S_cingul-Marginalis
 1032    429   1130  3.049 0.590     0.063     0.012        3     0.5  S_circular_insula_ant
 1748    769   1703  2.580 0.606     0.060     0.013        5     1.1  S_circular_insula_inf
 1776    779   1803  2.649 0.438     0.060     0.010        6     0.7  S_circular_insula_sup
 1447    635   1464  2.484 0.372     0.058     0.007        4     0.5  S_collat_transv_ant
  534    231    385  2.148 0.229     0.072     0.009        2     0.3  S_collat_transv_post
 3925   1706   3956  2.281 0.484     0.071     0.011       22     1.7  S_front_inf
 4906   2099   4510  2.208 0.430     0.081     0.019       38     4.1  S_front_middle
 4195   1786   4698  2.542 0.451     0.070     0.012       22     2.2  S_front_sup
 1249    522   1096  2.438 0.311     0.061     0.011        4     0.5  S_interm_prim-Jensen
 7289   3092   7358  2.403 0.354     0.065     0.011       35     3.3  S_intrapariet&P_trans
 1451    628   1128  2.147 0.317     0.068     0.010        6     0.7  S_oc_middle&Lunatus
 1823    778   1614  2.271 0.363     0.063     0.010        7     0.7  S_oc_sup&transversal
 1520    648   1336  2.218 0.352     0.072     0.013        8     0.7  S_occipital_ant
 1760    749   1649  2.582 0.378     0.061     0.010        6     0.7  S_oc-temp_lat
 3349   1451   3317  2.598 0.444     0.062     0.010       10     1.3  S_oc-temp_med&Lingual
 1183    505    859  2.064 0.269     0.071     0.013        5     0.7  S_orbital_lateral
 1588    712   1171  1.930 0.555     0.080     0.017       10     1.4  S_orbital_med-olfact
 2575   1088   2618  2.432 0.497     0.081     0.018       18     1.9  S_orbital-H_Shaped
 3396   1446   3314  2.451 0.404     0.068     0.011       15     1.6  S_parieto_occipital
 2499    973   1110  1.443 0.610     0.082     0.013       27     1.1  S_pericallosal
 4261   1800   3675  2.158 0.397     0.062     0.010       22     1.7  S_postcentral
 2272    964   1951  2.408 0.329     0.071     0.013       11     1.3  S_precentral-inf-part
 1431    647   1540  2.456 0.371     0.075     0.015        8     1.0  S_precentral-sup-part
  726    303    530  1.796 0.462     0.079     0.012        3     0.5  S_suborbital
 2101    881   2039  2.355 0.403     0.073     0.014       12     1.1  S_subparietal
 3031   1265   2527  2.411 0.431     0.066     0.010       11     1.4  S_temporal_inf
 9744   4212  10343  2.618 0.417     0.058     0.009       33     3.4  S_temporal_sup
  388    172    439  3.058 0.304     0.063     0.008        1     0.1  S_temporal_transverse
#-----------------------------------------
#@# Cortical Parc 3 lh Sun Jun 23 05:36:46 CDT 2019
/home/stone-ext1/freesurfer/subjects/FS6EXPERT_subj01_ver10/scripts

 mris_ca_label -l ../label/lh.cortex.label -aseg ../mri/aseg.presurf.mgz -seed 1234 FS6EXPERT_subj01_ver10 lh ../surf/lh.sphere.reg /home/stone/software/freesurfer_stable_600/average/lh.DKTaparc.atlas.acfb40.noaparc.i12.2016-08-02.gcs ../label/lh.aparc.DKTatlas.annot 

setting seed for random number generator to 1234
using ../mri/aseg.presurf.mgz aseg volume to correct midline
$Id: mris_ca_label.c,v 1.37 2014/02/04 17:46:42 fischl Exp $
  $Id: mrisurf.c,v 1.781.2.6 2016/12/27 16:47:14 zkaufman Exp $
reading atlas from /home/stone/software/freesurfer_stable_600/average/lh.DKTaparc.atlas.acfb40.noaparc.i12.2016-08-02.gcs...
reading color table from GCSA file....
average std = 1.4   using min determinant for regularization = 0.020
0 singular and 383 ill-conditioned covariance matrices regularized
input 0: MEAN CURVATURE, flags 0, avgs 5, name mean_curvature
labeling surface...
2196 labels changed using aseg
relabeling using gibbs priors...
000:   2894 changed, 227021 examined...
001:    703 changed, 13300 examined...
002:    197 changed, 3908 examined...
003:     71 changed, 1168 examined...
004:     19 changed, 433 examined...
005:     10 changed, 114 examined...
006:      3 changed, 53 examined...
007:      2 changed, 22 examined...
008:      1 changed, 14 examined...
009:      1 changed, 7 examined...
010:      1 changed, 7 examined...
011:      1 changed, 7 examined...
012:      1 changed, 7 examined...
013:      1 changed, 7 examined...
014:      2 changed, 4 examined...
015:      4 changed, 14 examined...
016:      3 changed, 16 examined...
017:      6 changed, 20 examined...
018:      4 changed, 31 examined...
019:      3 changed, 22 examined...
020:      5 changed, 19 examined...
021:      4 changed, 28 examined...
022:      4 changed, 24 examined...
023:      4 changed, 20 examined...
024:      3 changed, 22 examined...
025:      4 changed, 21 examined...
026:      3 changed, 26 examined...
027:      2 changed, 21 examined...
028:      1 changed, 14 examined...
029:      1 changed, 7 examined...
030:      1 changed, 7 examined...
031:      0 changed, 7 examined...
222 labels changed using aseg
000: 58 total segments, 25 labels (169 vertices) changed
001: 33 total segments, 0 labels (0 vertices) changed
10 filter iterations complete (10 requested, 11 changed)
rationalizing unknown annotations with cortex label
relabeling unknown label...
relabeling corpuscallosum label...
1523 vertices marked for relabeling...
1523 labels changed in reclassification.
writing output to ../label/lh.aparc.DKTatlas.annot...
classification took 0 minutes and 19 seconds.
#-----------------------------------------
#@# Cortical Parc 3 rh Sun Jun 23 05:37:06 CDT 2019
/home/stone-ext1/freesurfer/subjects/FS6EXPERT_subj01_ver10/scripts

 mris_ca_label -l ../label/rh.cortex.label -aseg ../mri/aseg.presurf.mgz -seed 1234 FS6EXPERT_subj01_ver10 rh ../surf/rh.sphere.reg /home/stone/software/freesurfer_stable_600/average/rh.DKTaparc.atlas.acfb40.noaparc.i12.2016-08-02.gcs ../label/rh.aparc.DKTatlas.annot 

setting seed for random number generator to 1234
using ../mri/aseg.presurf.mgz aseg volume to correct midline
$Id: mris_ca_label.c,v 1.37 2014/02/04 17:46:42 fischl Exp $
  $Id: mrisurf.c,v 1.781.2.6 2016/12/27 16:47:14 zkaufman Exp $
reading atlas from /home/stone/software/freesurfer_stable_600/average/rh.DKTaparc.atlas.acfb40.noaparc.i12.2016-08-02.gcs...
reading color table from GCSA file....
average std = 0.9   using min determinant for regularization = 0.009
0 singular and 325 ill-conditioned covariance matrices regularized
input 0: MEAN CURVATURE, flags 0, avgs 5, name mean_curvature
labeling surface...
1877 labels changed using aseg
relabeling using gibbs priors...
000:   2942 changed, 226601 examined...
001:    660 changed, 13407 examined...
002:    184 changed, 3768 examined...
003:     62 changed, 1090 examined...
004:     24 changed, 385 examined...
005:     12 changed, 149 examined...
006:      8 changed, 85 examined...
007:      2 changed, 48 examined...
008:      1 changed, 14 examined...
009:      0 changed, 6 examined...
153 labels changed using aseg
000: 63 total segments, 30 labels (209 vertices) changed
001: 35 total segments, 2 labels (5 vertices) changed
002: 34 total segments, 1 labels (1 vertices) changed
003: 33 total segments, 0 labels (0 vertices) changed
10 filter iterations complete (10 requested, 7 changed)
rationalizing unknown annotations with cortex label
relabeling unknown label...
relabeling corpuscallosum label...
1590 vertices marked for relabeling...
1590 labels changed in reclassification.
writing output to ../label/rh.aparc.DKTatlas.annot...
classification took 0 minutes and 23 seconds.
#-----------------------------------------
#@# Parcellation Stats 3 lh Sun Jun 23 05:37:29 CDT 2019
/home/stone-ext1/freesurfer/subjects/FS6EXPERT_subj01_ver10/scripts

 mris_anatomical_stats -th3 -mgz -cortex ../label/lh.cortex.label -f ../stats/lh.aparc.DKTatlas.stats -b -a ../label/lh.aparc.DKTatlas.annot -c ../label/aparc.annot.DKTatlas.ctab FS6EXPERT_subj01_ver10 lh white 

computing statistics for each annotation in ../label/lh.aparc.DKTatlas.annot.
reading volume /home/stone-ext1/freesurfer/subjects/FS6EXPERT_subj01_ver10/mri/wm.mgz...
reading input surface /home/stone-ext1/freesurfer/subjects/FS6EXPERT_subj01_ver10/surf/lh.white...
reading input pial surface /home/stone-ext1/freesurfer/subjects/FS6EXPERT_subj01_ver10/surf/lh.pial...
reading input white surface /home/stone-ext1/freesurfer/subjects/FS6EXPERT_subj01_ver10/surf/lh.white...
INFO: using TH3 volume calc
INFO: assuming MGZ format for volumes.
INFO: using ../label/lh.cortex.label as mask to calc cortex NumVert, SurfArea and MeanThickness.
Using TH3 vertex volume calc
Total face volume 273084
Total vertex volume 270635 (mask=0)
reading colortable from annotation file...
colortable with 36 entries read (originally /autofs/space/tanha_002/users/greve/fsdev.build/average/colortable_desikan_killiany.txt)
Saving annotation colortable ../label/aparc.annot.DKTatlas.ctab

table columns are:
    number of vertices
    total surface area (mm^2)
    total gray matter volume (mm^3)
    average cortical thickness +- standard deviation (mm)
    integrated rectified mean curvature
    integrated rectified Gaussian curvature
    folding index
    intrinsic curvature index
    structure name

atlas_icv (eTIV) = 1598476 mm^3    (det: 1.218727 )
lhCtxGM: 266310.255 525874.000  diff=-259563.7  pctdiff=-97.467
rhCtxGM: 264962.390 521502.000  diff=-256539.6  pctdiff=-96.821
lhCtxWM: 196223.093 434717.500  diff=-238494.4  pctdiff=-121.542
rhCtxWM: 194253.384 433592.500  diff=-239339.1  pctdiff=-123.210
SubCortGMVol  111164.000
SupraTentVol  1041483.122 (2049395.000) diff=-1007911.878 pctdiff=-96.777
SupraTentVolNotVent  1019024.122 (2026936.000) diff=-1007911.878 pctdiff=-98.910
BrainSegVol  2362544.000 (2358154.000) diff=4390.000 pctdiff=0.186
BrainSegVolNotVent  2333454.000 (1339188.122) diff=994265.878 pctdiff=42.609
BrainSegVolNotVent  2333454.000
CerebellumVol 306189.000
VentChorVol   22459.000
3rd4th5thCSF   6631.000
CSFVol  2241.000, OptChiasmVol   329.000
MaskVol 3507701.000
 3262   1329   4194  2.703 0.714     0.092     0.018       42     2.3  caudalanteriorcingulate
 5206   2197   6689  2.695 0.448     0.074     0.013       37     2.7  caudalmiddlefrontal
 5934   2345   6178  2.248 0.413     0.090     0.020       68     4.9  cuneus
 1010    419   2014  3.446 0.892     0.073     0.018        6     0.9  entorhinal
 5951   2556   8258  2.721 0.624     0.093     0.025       77     6.7  fusiform
12588   5283  15663  2.566 0.477     0.088     0.019      145     9.2  inferiorparietal
 7777   3209  10892  2.758 0.656     0.091     0.030       91    10.3  inferiortemporal
 2706   1084   3034  2.347 0.829     0.094     0.022       36     2.4  isthmuscingulate
13084   5263  13757  2.277 0.529     0.093     0.022      143    12.2  lateraloccipital
 7858   3273   9401  2.504 0.779     0.101     0.035      112    12.5  lateralorbitofrontal
 9218   3899  10481  2.292 0.566     0.096     0.026      112     9.8  lingual
 3968   1574   3843  2.076 0.628     0.082     0.030       55     5.1  medialorbitofrontal
11833   4856  15509  2.700 0.585     0.083     0.021      124    10.6  middletemporal
 1544    623   1967  2.783 0.698     0.063     0.012        8     0.6  parahippocampal
 4361   1838   5534  2.629 0.500     0.073     0.014       31     2.3  paracentral
 3184   1327   4659  2.898 0.473     0.073     0.015       23     1.9  parsopercularis
 2085    839   2960  2.781 0.603     0.087     0.018       22     1.6  parsorbitalis
 5060   2130   6185  2.493 0.530     0.087     0.018       51     3.6  parstriangularis
 4178   1697   3700  2.126 0.440     0.081     0.022       40     3.6  pericalcarine
10265   4270  11411  2.342 0.604     0.079     0.016       92     6.6  postcentral
 3397   1419   3946  2.434 0.821     0.091     0.017       39     2.4  posteriorcingulate
10366   4282  13365  2.745 0.506     0.068     0.013       60     5.1  precentral
 9780   4137  11910  2.592 0.477     0.087     0.018      108     7.5  precuneus
 2843   1156   3724  2.691 0.794     0.086     0.020       34     2.1  rostralanteriorcingulate
11933   4979  14939  2.493 0.515     0.095     0.022      146    10.8  rostralmiddlefrontal
17957   7502  25238  2.786 0.616     0.087     0.020      187    14.7  superiorfrontal
11208   4734  12815  2.386 0.456     0.078     0.015      103     6.6  superiorparietal
13337   5503  20631  3.116 0.652     0.077     0.020      145    11.0  superiortemporal
 8001   3404  10396  2.664 0.523     0.088     0.018       81     5.7  supramarginal
 1169    456   1376  2.903 0.342     0.087     0.016       10     0.7  transversetemporal
 4082   1779   5967  3.168 0.688     0.080     0.022       34     3.9  insula
#-----------------------------------------
#@# Parcellation Stats 3 rh Sun Jun 23 05:38:37 CDT 2019
/home/stone-ext1/freesurfer/subjects/FS6EXPERT_subj01_ver10/scripts

 mris_anatomical_stats -th3 -mgz -cortex ../label/rh.cortex.label -f ../stats/rh.aparc.DKTatlas.stats -b -a ../label/rh.aparc.DKTatlas.annot -c ../label/aparc.annot.DKTatlas.ctab FS6EXPERT_subj01_ver10 rh white 

computing statistics for each annotation in ../label/rh.aparc.DKTatlas.annot.
reading volume /home/stone-ext1/freesurfer/subjects/FS6EXPERT_subj01_ver10/mri/wm.mgz...
reading input surface /home/stone-ext1/freesurfer/subjects/FS6EXPERT_subj01_ver10/surf/rh.white...
reading input pial surface /home/stone-ext1/freesurfer/subjects/FS6EXPERT_subj01_ver10/surf/rh.pial...
reading input white surface /home/stone-ext1/freesurfer/subjects/FS6EXPERT_subj01_ver10/surf/rh.white...
INFO: using TH3 volume calc
INFO: assuming MGZ format for volumes.
INFO: using ../label/rh.cortex.label as mask to calc cortex NumVert, SurfArea and MeanThickness.
Using TH3 vertex volume calc
Total face volume 270268
Total vertex volume 268044 (mask=0)
reading colortable from annotation file...
colortable with 36 entries read (originally /autofs/space/tanha_002/users/greve/fsdev.build/average/colortable_desikan_killiany.txt)
Saving annotation colortable ../label/aparc.annot.DKTatlas.ctab

table columns are:
    number of vertices
    total surface area (mm^2)
    total gray matter volume (mm^3)
    average cortical thickness +- standard deviation (mm)
    integrated rectified mean curvature
    integrated rectified Gaussian curvature
    folding index
    intrinsic curvature index
    structure name

atlas_icv (eTIV) = 1598476 mm^3    (det: 1.218727 )
lhCtxGM: 266310.255 525874.000  diff=-259563.7  pctdiff=-97.467
rhCtxGM: 264962.390 521502.000  diff=-256539.6  pctdiff=-96.821
lhCtxWM: 196223.093 434717.500  diff=-238494.4  pctdiff=-121.542
rhCtxWM: 194253.384 433592.500  diff=-239339.1  pctdiff=-123.210
SubCortGMVol  111164.000
SupraTentVol  1041483.122 (2049395.000) diff=-1007911.878 pctdiff=-96.777
SupraTentVolNotVent  1019024.122 (2026936.000) diff=-1007911.878 pctdiff=-98.910
BrainSegVol  2362544.000 (2358154.000) diff=4390.000 pctdiff=0.186
BrainSegVolNotVent  2333454.000 (1339188.122) diff=994265.878 pctdiff=42.609
BrainSegVolNotVent  2333454.000
CerebellumVol 306189.000
VentChorVol   22459.000
3rd4th5thCSF   6631.000
CSFVol  2241.000, OptChiasmVol   329.000
MaskVol 3507701.000
 1960    804   2595  2.428 0.922     0.106     0.022       30     1.8  caudalanteriorcingulate
 3344   1429   4568  2.703 0.490     0.086     0.018       29     2.4  caudalmiddlefrontal
 4684   1925   4453  2.034 0.420     0.093     0.022       54     4.4  cuneus
 1677    595   2406  2.929 0.710     0.095     0.057       31     4.7  entorhinal
 5576   2351   8107  2.887 0.531     0.083     0.023       62     5.9  fusiform
12345   5317  15867  2.609 0.459     0.081     0.017      124     8.5  inferiorparietal
 9792   3943  12884  2.763 0.649     0.084     0.029      227    14.0  inferiortemporal
 2591   1042   2863  2.230 0.882     0.089     0.021       30     2.1  isthmuscingulate
12569   4992  13721  2.325 0.479     0.090     0.023      138    11.7  lateraloccipital
 8194   3433   9075  2.336 0.758     0.100     0.035      126    12.4  lateralorbitofrontal
 8905   3828  10067  2.323 0.544     0.099     0.025      143    10.0  lingual
 4275   1726   4405  2.104 0.637     0.092     0.035      102     7.7  medialorbitofrontal
11957   4907  16261  2.779 0.545     0.084     0.023      126    12.1  middletemporal
 1511    612   2170  2.908 0.653     0.077     0.018       13     1.1  parahippocampal
 3974   1679   4943  2.556 0.475     0.086     0.016       33     2.6  paracentral
 2951   1240   4069  2.863 0.416     0.080     0.018       26     2.1  parsopercularis
 2104    870   3158  2.731 0.622     0.096     0.023       24     2.0  parsorbitalis
 4279   1825   4710  2.357 0.493     0.081     0.017       43     2.7  parstriangularis
 4658   1909   4167  2.117 0.473     0.073     0.017       35     3.0  pericalcarine
10006   4147  10698  2.230 0.575     0.077     0.016       90     6.7  postcentral
 3502   1431   4551  2.534 0.828     0.099     0.024       51     3.4  posteriorcingulate
 9792   3991  12728  2.731 0.525     0.073     0.014       66     6.1  precentral
 9230   3943  11374  2.560 0.501     0.087     0.021      101     7.7  precuneus
 2064    832   2724  2.527 0.860     0.093     0.024       26     2.1  rostralanteriorcingulate
13537   5728  16354  2.418 0.544     0.095     0.023      161    13.7  rostralmiddlefrontal
21234   8920  29059  2.683 0.628     0.089     0.021      221    18.4  superiorfrontal
11946   5028  13958  2.421 0.424     0.079     0.015      112     7.4  superiorparietal
11908   4973  17570  3.003 0.640     0.080     0.023      107    12.7  superiortemporal
 8960   3800  11437  2.667 0.479     0.080     0.017       82     6.3  supramarginal
  948    353   1157  2.806 0.282     0.082     0.013        9     0.5  transversetemporal
 4222   1801   5946  3.106 0.777     0.078     0.023       38     4.5  insula
#-----------------------------------------
#@# WM/GM Contrast lh Sun Jun 23 05:39:44 CDT 2019
/home/stone-ext1/freesurfer/subjects/FS6EXPERT_subj01_ver10/scripts

 pctsurfcon --s FS6EXPERT_subj01_ver10 --lh-only 

Log file is /home/stone-ext1/freesurfer/subjects/FS6EXPERT_subj01_ver10/scripts/pctsurfcon.log
Sun Jun 23 05:39:44 CDT 2019
setenv SUBJECTS_DIR /home/stone-ext1/freesurfer/subjects
cd /home/stone-ext1/freesurfer/subjects/FS6EXPERT_subj01_ver10/scripts
/home/stone/software/freesurfer_stable_600/bin/pctsurfcon
$Id: pctsurfcon,v 1.15 2016/02/12 21:43:15 zkaufman Exp $
Linux stone.cmrr.umn.edu 3.13.0-168-generic #218-Ubuntu SMP Thu Mar 14 16:56:08 UTC 2019 x86_64 x86_64 x86_64 GNU/Linux
FREESURFER_HOME /home/stone/software/freesurfer_stable_600
mri_vol2surf --mov /home/stone-ext1/freesurfer/subjects/FS6EXPERT_subj01_ver10/mri/rawavg.mgz --hemi lh --noreshape --interp trilinear --projdist -1 --o /home/stone-ext1/freesurfer/subjects/FS6EXPERT_subj01_ver10/surf/tmp.pctsurfcon.15093/lh.wm.mgh --regheader FS6EXPERT_subj01_ver10 --cortex
srcvol = /home/stone-ext1/freesurfer/subjects/FS6EXPERT_subj01_ver10/mri/rawavg.mgz
srcreg unspecified
srcregold = 0
srcwarp unspecified
surf = white
hemi = lh
ProjDist = -1
reshape = 0
interp = trilinear
float2int = round
GetProjMax = 0
INFO: float2int code = 0
Done loading volume
Computing registration from header.
  Using /home/stone-ext1/freesurfer/subjects/FS6EXPERT_subj01_ver10/mri/orig.mgz as target reference.
-------- original matrix -----------
-1.00000   0.00000   0.00000   0.00001;
 0.00000   0.00000   1.00000  -0.00001;
 0.00000  -1.00000   0.00000   0.00000;
 0.00000   0.00000   0.00000   1.00000;
-------- original matrix -----------
Loading label /home/stone-ext1/freesurfer/subjects/FS6EXPERT_subj01_ver10/label/lh.cortex.label
Reading surface /home/stone-ext1/freesurfer/subjects/FS6EXPERT_subj01_ver10/surf/lh.white
Done reading source surface
Mapping Source Volume onto Source Subject Surface
 1 -1 -1 -1
using old
Done mapping volume to surface
Number of source voxels hit = 124159
Masking with /home/stone-ext1/freesurfer/subjects/FS6EXPERT_subj01_ver10/label/lh.cortex.label
Writing to /home/stone-ext1/freesurfer/subjects/FS6EXPERT_subj01_ver10/surf/tmp.pctsurfcon.15093/lh.wm.mgh
Dim: 227021 1 1
mri_vol2surf --mov /home/stone-ext1/freesurfer/subjects/FS6EXPERT_subj01_ver10/mri/rawavg.mgz --hemi lh --noreshape --interp trilinear --o /home/stone-ext1/freesurfer/subjects/FS6EXPERT_subj01_ver10/surf/tmp.pctsurfcon.15093/lh.gm.mgh --projfrac 0.3 --regheader FS6EXPERT_subj01_ver10 --cortex
srcvol = /home/stone-ext1/freesurfer/subjects/FS6EXPERT_subj01_ver10/mri/rawavg.mgz
srcreg unspecified
srcregold = 0
srcwarp unspecified
surf = white
hemi = lh
ProjFrac = 0.3
thickness = thickness
reshape = 0
interp = trilinear
float2int = round
GetProjMax = 0
INFO: float2int code = 0
Done loading volume
Computing registration from header.
  Using /home/stone-ext1/freesurfer/subjects/FS6EXPERT_subj01_ver10/mri/orig.mgz as target reference.
-------- original matrix -----------
-1.00000   0.00000   0.00000   0.00001;
 0.00000   0.00000   1.00000  -0.00001;
 0.00000  -1.00000   0.00000   0.00000;
 0.00000   0.00000   0.00000   1.00000;
-------- original matrix -----------
Loading label /home/stone-ext1/freesurfer/subjects/FS6EXPERT_subj01_ver10/label/lh.cortex.label
Reading surface /home/stone-ext1/freesurfer/subjects/FS6EXPERT_subj01_ver10/surf/lh.white
Done reading source surface
Reading thickness /home/stone-ext1/freesurfer/subjects/FS6EXPERT_subj01_ver10/surf/lh.thickness
Done
Mapping Source Volume onto Source Subject Surface
 1 0.3 0.3 0.3
using old
Done mapping volume to surface
Number of source voxels hit = 146898
Masking with /home/stone-ext1/freesurfer/subjects/FS6EXPERT_subj01_ver10/label/lh.cortex.label
Writing to /home/stone-ext1/freesurfer/subjects/FS6EXPERT_subj01_ver10/surf/tmp.pctsurfcon.15093/lh.gm.mgh
Dim: 227021 1 1
mri_concat /home/stone-ext1/freesurfer/subjects/FS6EXPERT_subj01_ver10/surf/tmp.pctsurfcon.15093/lh.wm.mgh /home/stone-ext1/freesurfer/subjects/FS6EXPERT_subj01_ver10/surf/tmp.pctsurfcon.15093/lh.gm.mgh --paired-diff-norm --mul 100 --o /home/stone-ext1/freesurfer/subjects/FS6EXPERT_subj01_ver10/surf/lh.w-g.pct.mgh
ninputs = 2
Checking inputs
nframestot = 2
Allocing output
Done allocing
Combining pairs
nframes = 1
Multiplying by 100.000000
Writing to /home/stone-ext1/freesurfer/subjects/FS6EXPERT_subj01_ver10/surf/lh.w-g.pct.mgh
mri_segstats --in /home/stone-ext1/freesurfer/subjects/FS6EXPERT_subj01_ver10/surf/lh.w-g.pct.mgh --annot FS6EXPERT_subj01_ver10 lh aparc --sum /home/stone-ext1/freesurfer/subjects/FS6EXPERT_subj01_ver10/stats/lh.w-g.pct.stats --snr

$Id: mri_segstats.c,v 1.121 2016/05/31 17:27:11 greve Exp $
cwd 
cmdline mri_segstats --in /home/stone-ext1/freesurfer/subjects/FS6EXPERT_subj01_ver10/surf/lh.w-g.pct.mgh --annot FS6EXPERT_subj01_ver10 lh aparc --sum /home/stone-ext1/freesurfer/subjects/FS6EXPERT_subj01_ver10/stats/lh.w-g.pct.stats --snr 
sysname  Linux
hostname stone.cmrr.umn.edu
machine  x86_64
user     emilya
UseRobust  0
Constructing seg from annotation

Reading annotation /home/stone-ext1/freesurfer/subjects/FS6EXPERT_subj01_ver10/label/lh.aparc.annot
reading colortable from annotation file...
colortable with 36 entries read (originally /autofs/space/tanha_002/users/greve/fsdev.build/average/colortable_desikan_killiany.txt)
Seg base 1000
Loading /home/stone-ext1/freesurfer/subjects/FS6EXPERT_subj01_ver10/surf/lh.w-g.pct.mgh
Vertex Area is 0.415635 mm^3
Generating list of segmentation ids
Found  36 segmentations
Computing statistics for each segmentation

Reporting on  35 segmentations
Using PrintSegStat
mri_segstats done
Cleaning up
#-----------------------------------------
#@# WM/GM Contrast rh Sun Jun 23 05:39:54 CDT 2019
/home/stone-ext1/freesurfer/subjects/FS6EXPERT_subj01_ver10/scripts

 pctsurfcon --s FS6EXPERT_subj01_ver10 --rh-only 

Log file is /home/stone-ext1/freesurfer/subjects/FS6EXPERT_subj01_ver10/scripts/pctsurfcon.log
Sun Jun 23 05:39:54 CDT 2019
setenv SUBJECTS_DIR /home/stone-ext1/freesurfer/subjects
cd /home/stone-ext1/freesurfer/subjects/FS6EXPERT_subj01_ver10/scripts
/home/stone/software/freesurfer_stable_600/bin/pctsurfcon
$Id: pctsurfcon,v 1.15 2016/02/12 21:43:15 zkaufman Exp $
Linux stone.cmrr.umn.edu 3.13.0-168-generic #218-Ubuntu SMP Thu Mar 14 16:56:08 UTC 2019 x86_64 x86_64 x86_64 GNU/Linux
FREESURFER_HOME /home/stone/software/freesurfer_stable_600
mri_vol2surf --mov /home/stone-ext1/freesurfer/subjects/FS6EXPERT_subj01_ver10/mri/rawavg.mgz --hemi rh --noreshape --interp trilinear --projdist -1 --o /home/stone-ext1/freesurfer/subjects/FS6EXPERT_subj01_ver10/surf/tmp.pctsurfcon.15302/rh.wm.mgh --regheader FS6EXPERT_subj01_ver10 --cortex
srcvol = /home/stone-ext1/freesurfer/subjects/FS6EXPERT_subj01_ver10/mri/rawavg.mgz
srcreg unspecified
srcregold = 0
srcwarp unspecified
surf = white
hemi = rh
ProjDist = -1
reshape = 0
interp = trilinear
float2int = round
GetProjMax = 0
INFO: float2int code = 0
Done loading volume
Computing registration from header.
  Using /home/stone-ext1/freesurfer/subjects/FS6EXPERT_subj01_ver10/mri/orig.mgz as target reference.
-------- original matrix -----------
-1.00000   0.00000   0.00000   0.00001;
 0.00000   0.00000   1.00000  -0.00001;
 0.00000  -1.00000   0.00000   0.00000;
 0.00000   0.00000   0.00000   1.00000;
-------- original matrix -----------
Loading label /home/stone-ext1/freesurfer/subjects/FS6EXPERT_subj01_ver10/label/rh.cortex.label
Reading surface /home/stone-ext1/freesurfer/subjects/FS6EXPERT_subj01_ver10/surf/rh.white
Done reading source surface
Mapping Source Volume onto Source Subject Surface
 1 -1 -1 -1
using old
Done mapping volume to surface
Number of source voxels hit = 124380
Masking with /home/stone-ext1/freesurfer/subjects/FS6EXPERT_subj01_ver10/label/rh.cortex.label
Writing to /home/stone-ext1/freesurfer/subjects/FS6EXPERT_subj01_ver10/surf/tmp.pctsurfcon.15302/rh.wm.mgh
Dim: 226601 1 1
mri_vol2surf --mov /home/stone-ext1/freesurfer/subjects/FS6EXPERT_subj01_ver10/mri/rawavg.mgz --hemi rh --noreshape --interp trilinear --o /home/stone-ext1/freesurfer/subjects/FS6EXPERT_subj01_ver10/surf/tmp.pctsurfcon.15302/rh.gm.mgh --projfrac 0.3 --regheader FS6EXPERT_subj01_ver10 --cortex
srcvol = /home/stone-ext1/freesurfer/subjects/FS6EXPERT_subj01_ver10/mri/rawavg.mgz
srcreg unspecified
srcregold = 0
srcwarp unspecified
surf = white
hemi = rh
ProjFrac = 0.3
thickness = thickness
reshape = 0
interp = trilinear
float2int = round
GetProjMax = 0
INFO: float2int code = 0
Done loading volume
Computing registration from header.
  Using /home/stone-ext1/freesurfer/subjects/FS6EXPERT_subj01_ver10/mri/orig.mgz as target reference.
-------- original matrix -----------
-1.00000   0.00000   0.00000   0.00001;
 0.00000   0.00000   1.00000  -0.00001;
 0.00000  -1.00000   0.00000   0.00000;
 0.00000   0.00000   0.00000   1.00000;
-------- original matrix -----------
Loading label /home/stone-ext1/freesurfer/subjects/FS6EXPERT_subj01_ver10/label/rh.cortex.label
Reading surface /home/stone-ext1/freesurfer/subjects/FS6EXPERT_subj01_ver10/surf/rh.white
Done reading source surface
Reading thickness /home/stone-ext1/freesurfer/subjects/FS6EXPERT_subj01_ver10/surf/rh.thickness
Done
Mapping Source Volume onto Source Subject Surface
 1 0.3 0.3 0.3
using old
Done mapping volume to surface
Number of source voxels hit = 146664
Masking with /home/stone-ext1/freesurfer/subjects/FS6EXPERT_subj01_ver10/label/rh.cortex.label
Writing to /home/stone-ext1/freesurfer/subjects/FS6EXPERT_subj01_ver10/surf/tmp.pctsurfcon.15302/rh.gm.mgh
Dim: 226601 1 1
mri_concat /home/stone-ext1/freesurfer/subjects/FS6EXPERT_subj01_ver10/surf/tmp.pctsurfcon.15302/rh.wm.mgh /home/stone-ext1/freesurfer/subjects/FS6EXPERT_subj01_ver10/surf/tmp.pctsurfcon.15302/rh.gm.mgh --paired-diff-norm --mul 100 --o /home/stone-ext1/freesurfer/subjects/FS6EXPERT_subj01_ver10/surf/rh.w-g.pct.mgh
ninputs = 2
Checking inputs
nframestot = 2
Allocing output
Done allocing
Combining pairs
nframes = 1
Multiplying by 100.000000
Writing to /home/stone-ext1/freesurfer/subjects/FS6EXPERT_subj01_ver10/surf/rh.w-g.pct.mgh
mri_segstats --in /home/stone-ext1/freesurfer/subjects/FS6EXPERT_subj01_ver10/surf/rh.w-g.pct.mgh --annot FS6EXPERT_subj01_ver10 rh aparc --sum /home/stone-ext1/freesurfer/subjects/FS6EXPERT_subj01_ver10/stats/rh.w-g.pct.stats --snr

$Id: mri_segstats.c,v 1.121 2016/05/31 17:27:11 greve Exp $
cwd 
cmdline mri_segstats --in /home/stone-ext1/freesurfer/subjects/FS6EXPERT_subj01_ver10/surf/rh.w-g.pct.mgh --annot FS6EXPERT_subj01_ver10 rh aparc --sum /home/stone-ext1/freesurfer/subjects/FS6EXPERT_subj01_ver10/stats/rh.w-g.pct.stats --snr 
sysname  Linux
hostname stone.cmrr.umn.edu
machine  x86_64
user     emilya
UseRobust  0
Constructing seg from annotation

Reading annotation /home/stone-ext1/freesurfer/subjects/FS6EXPERT_subj01_ver10/label/rh.aparc.annot
reading colortable from annotation file...
colortable with 36 entries read (originally /autofs/space/tanha_002/users/greve/fsdev.build/average/colortable_desikan_killiany.txt)
Seg base 2000
Loading /home/stone-ext1/freesurfer/subjects/FS6EXPERT_subj01_ver10/surf/rh.w-g.pct.mgh
Vertex Area is 0.416925 mm^3
Generating list of segmentation ids
Found  36 segmentations
Computing statistics for each segmentation

Reporting on  35 segmentations
Using PrintSegStat
mri_segstats done
Cleaning up
#-----------------------------------------
#@# Relabel Hypointensities Sun Jun 23 05:40:05 CDT 2019
/home/stone-ext1/freesurfer/subjects/FS6EXPERT_subj01_ver10/mri

 mri_relabel_hypointensities aseg.presurf.mgz ../surf aseg.presurf.hypos.mgz 

reading input surface ../surf/lh.white...
relabeling lh hypointensities...
3651 voxels changed to hypointensity...
reading input surface ../surf/rh.white...
relabeling rh hypointensities...
3547 voxels changed to hypointensity...
7072 hypointense voxels neighboring cortex changed
#-----------------------------------------
#@# AParc-to-ASeg aparc Sun Jun 23 05:40:50 CDT 2019
/home/stone-ext1/freesurfer/subjects/FS6EXPERT_subj01_ver10

 mri_aparc2aseg --s FS6EXPERT_subj01_ver10 --volmask --aseg aseg.presurf.hypos --relabel mri/norm.mgz mri/transforms/talairach.m3z /home/stone/software/freesurfer_stable_600/average/RB_all_2016-05-10.vc700.gca mri/aseg.auto_noCCseg.label_intensities.txt 

relabeling unlikely voxels interior to white matter surface:
	norm: mri/norm.mgz
	 XFORM: mri/transforms/talairach.m3z
	GCA: /home/stone/software/freesurfer_stable_600/average/RB_all_2016-05-10.vc700.gca
	label intensities: mri/aseg.auto_noCCseg.label_intensities.txt
SUBJECTS_DIR /home/stone-ext1/freesurfer/subjects
subject FS6EXPERT_subj01_ver10
outvol /home/stone-ext1/freesurfer/subjects/FS6EXPERT_subj01_ver10/mri/aparc+aseg.mgz
useribbon 0
baseoffset 0
RipUnknown 0

Reading lh white surface 
 /home/stone-ext1/freesurfer/subjects/FS6EXPERT_subj01_ver10/surf/lh.white

Reading lh pial surface 
 /home/stone-ext1/freesurfer/subjects/FS6EXPERT_subj01_ver10/surf/lh.pial

Loading lh annotations from /home/stone-ext1/freesurfer/subjects/FS6EXPERT_subj01_ver10/label/lh.aparc.annot
reading colortable from annotation file...
colortable with 36 entries read (originally /autofs/space/tanha_002/users/greve/fsdev.build/average/colortable_desikan_killiany.txt)

Reading rh white surface 
 /home/stone-ext1/freesurfer/subjects/FS6EXPERT_subj01_ver10/surf/rh.white

Reading rh pial surface 
 /home/stone-ext1/freesurfer/subjects/FS6EXPERT_subj01_ver10/surf/rh.pial

Loading rh annotations from /home/stone-ext1/freesurfer/subjects/FS6EXPERT_subj01_ver10/label/rh.aparc.annot
reading colortable from annotation file...
colortable with 36 entries read (originally /autofs/space/tanha_002/users/greve/fsdev.build/average/colortable_desikan_killiany.txt)
Have color table for lh white annotation
Have color table for rh white annotation
Loading ribbon segmentation from /home/stone-ext1/freesurfer/subjects/FS6EXPERT_subj01_ver10/mri/ribbon.mgz

Building hash of lh white

Building hash of lh pial

Building hash of rh white

Building hash of rh pial

Loading aseg from /home/stone-ext1/freesurfer/subjects/FS6EXPERT_subj01_ver10/mri/aseg.presurf.hypos.mgz
ASeg Vox2RAS: -----------
-0.80000   0.00000   0.00000   128.00000;
 0.00000   0.00000   0.80000  -128.00000;
 0.00000  -0.80000   0.00000   128.00000;
 0.00000   0.00000   0.00000   1.00000;
-------------------------

Labeling Slice
relabeling unlikely voxels in interior of white matter
setting orig areas to linear transform determinant scaled 14.97
reading 47 labels from mri/aseg.auto_noCCseg.label_intensities.txt
rescaling Left_Cerebral_White_Matter from 107 --> 106
rescaling Left_Cerebral_Cortex from 61 --> 76
rescaling Left_Lateral_Ventricle from 13 --> 26
rescaling Left_Inf_Lat_Vent from 34 --> 33
rescaling Left_Cerebellum_White_Matter from 86 --> 90
rescaling Left_Cerebellum_Cortex from 60 --> 70
rescaling Left_Thalamus from 94 --> 103
rescaling Left_Thalamus_Proper from 84 --> 98
rescaling Left_Caudate from 75 --> 91
rescaling Left_Putamen from 80 --> 94
rescaling Left_Pallidum from 98 --> 102
rescaling Third_Ventricle from 25 --> 30
rescaling Fourth_Ventricle from 22 --> 26
rescaling Brain_Stem from 81 --> 84
rescaling Left_Hippocampus from 57 --> 71
rescaling Left_Amygdala from 56 --> 73
rescaling CSF from 32 --> 58
rescaling Left_Accumbens_area from 62 --> 73
rescaling Left_VentralDC from 87 --> 94
rescaling Right_Cerebral_White_Matter from 105 --> 104
rescaling Right_Cerebral_Cortex from 58 --> 74
rescaling Right_Lateral_Ventricle from 13 --> 27
rescaling Right_Inf_Lat_Vent from 25 --> 29
rescaling Right_Cerebellum_White_Matter from 87 --> 86
rescaling Right_Cerebellum_Cortex from 59 --> 67
rescaling Right_Thalamus_Proper from 85 --> 95
rescaling Right_Caudate from 62 --> 82
rescaling Right_Putamen from 80 --> 88
rescaling Right_Pallidum from 97 --> 102
rescaling Right_Hippocampus from 53 --> 70
rescaling Right_Amygdala from 55 --> 70
rescaling Right_Accumbens_area from 65 --> 81
rescaling Right_VentralDC from 86 --> 94
rescaling Fifth_Ventricle from 40 --> 50
rescaling WM_hypointensities from 78 --> 77
rescaling non_WM_hypointensities from 40 --> 55
  0   1   2   3   4   5   6   7   8   9  10  11  12  13  14  15  16  17  18  19 
 20  21  22  23  24  25  26  27  28  29  30  31  32  33  34  35  36  37  38  39 
 40  41  42  43  44  45  46  47  48  49  50  51  52  53  54  55  56  57  58  59 
 60  61  62  63  64  65  66  67  68  69  70  71  72  73  74  75  76  77  78  79 
 80  81  82  83  84  85  86  87  88  89  90  91  92  93  94  95  96  97  98  99 
100 101 102 103 104 105 106 107 108 109 110 111 112 113 114 115 116 117 118 119 
120 121 122 123 124 125 126 127 128 129 130 131 132 133 134 135 136 137 138 139 
140 141 142 143 144 145 146 147 148 149 150 151 152 153 154 155 156 157 158 159 
160 161 162 163 164 165 166 167 168 169 170 171 172 173 174 175 176 177 178 179 
180 181 182 183 184 185 186 187 188 189 190 191 192 193 194 195 196 197 198 199 
200 201 202 203 204 205 206 207 208 209 210 211 212 213 214 215 216 217 218 219 
220 221 222 223 224 225 226 227 228 229 230 231 232 233 234 235 236 237 238 239 
240 241 242 243 244 245 246 247 248 249 250 251 252 253 254 255 256 257 258 259 
260 261 262 263 264 265 266 267 268 269 270 271 272 273 274 275 276 277 278 279 
280 281 282 283 284 285 286 287 288 289 290 291 292 293 294 295 296 297 298 299 
300 301 302 303 304 305 306 307 308 309 310 311 312 313 314 315 316 317 318 319 
nctx = 1047850
Used brute-force search on 0 voxels
relabeling unlikely voxels in interior of white matter
average std[0] = 7.3
pass 1: 390 changed.
pass 2: 57 changed.
pass 3: 21 changed.
pass 4: 8 changed.
pass 5: 4 changed.
pass 6: 2 changed.
pass 7: 1 changed.
pass 8: 1 changed.
pass 9: 0 changed.
nchanged = 0
Writing output aseg to /home/stone-ext1/freesurfer/subjects/FS6EXPERT_subj01_ver10/mri/aparc+aseg.mgz
#-----------------------------------------
#@# AParc-to-ASeg a2009s Sun Jun 23 05:52:06 CDT 2019
/home/stone-ext1/freesurfer/subjects/FS6EXPERT_subj01_ver10

 mri_aparc2aseg --s FS6EXPERT_subj01_ver10 --volmask --aseg aseg.presurf.hypos --relabel mri/norm.mgz mri/transforms/talairach.m3z /home/stone/software/freesurfer_stable_600/average/RB_all_2016-05-10.vc700.gca mri/aseg.auto_noCCseg.label_intensities.txt --a2009s 

relabeling unlikely voxels interior to white matter surface:
	norm: mri/norm.mgz
	 XFORM: mri/transforms/talairach.m3z
	GCA: /home/stone/software/freesurfer_stable_600/average/RB_all_2016-05-10.vc700.gca
	label intensities: mri/aseg.auto_noCCseg.label_intensities.txt
SUBJECTS_DIR /home/stone-ext1/freesurfer/subjects
subject FS6EXPERT_subj01_ver10
outvol /home/stone-ext1/freesurfer/subjects/FS6EXPERT_subj01_ver10/mri/aparc.a2009s+aseg.mgz
useribbon 0
baseoffset 10100
RipUnknown 0

Reading lh white surface 
 /home/stone-ext1/freesurfer/subjects/FS6EXPERT_subj01_ver10/surf/lh.white

Reading lh pial surface 
 /home/stone-ext1/freesurfer/subjects/FS6EXPERT_subj01_ver10/surf/lh.pial

Loading lh annotations from /home/stone-ext1/freesurfer/subjects/FS6EXPERT_subj01_ver10/label/lh.aparc.a2009s.annot
reading colortable from annotation file...
colortable with 76 entries read (originally Simple_surface_labels2008.txt)

Reading rh white surface 
 /home/stone-ext1/freesurfer/subjects/FS6EXPERT_subj01_ver10/surf/rh.white

Reading rh pial surface 
 /home/stone-ext1/freesurfer/subjects/FS6EXPERT_subj01_ver10/surf/rh.pial

Loading rh annotations from /home/stone-ext1/freesurfer/subjects/FS6EXPERT_subj01_ver10/label/rh.aparc.a2009s.annot
reading colortable from annotation file...
colortable with 76 entries read (originally Simple_surface_labels2008.txt)
Have color table for lh white annotation
Have color table for rh white annotation
Loading ribbon segmentation from /home/stone-ext1/freesurfer/subjects/FS6EXPERT_subj01_ver10/mri/ribbon.mgz

Building hash of lh white

Building hash of lh pial

Building hash of rh white

Building hash of rh pial

Loading aseg from /home/stone-ext1/freesurfer/subjects/FS6EXPERT_subj01_ver10/mri/aseg.presurf.hypos.mgz
ASeg Vox2RAS: -----------
-0.80000   0.00000   0.00000   128.00000;
 0.00000   0.00000   0.80000  -128.00000;
 0.00000  -0.80000   0.00000   128.00000;
 0.00000   0.00000   0.00000   1.00000;
-------------------------

Labeling Slice
relabeling unlikely voxels in interior of white matter
setting orig areas to linear transform determinant scaled 14.97
reading 47 labels from mri/aseg.auto_noCCseg.label_intensities.txt
rescaling Left_Cerebral_White_Matter from 107 --> 106
rescaling Left_Cerebral_Cortex from 61 --> 76
rescaling Left_Lateral_Ventricle from 13 --> 26
rescaling Left_Inf_Lat_Vent from 34 --> 33
rescaling Left_Cerebellum_White_Matter from 86 --> 90
rescaling Left_Cerebellum_Cortex from 60 --> 70
rescaling Left_Thalamus from 94 --> 103
rescaling Left_Thalamus_Proper from 84 --> 98
rescaling Left_Caudate from 75 --> 91
rescaling Left_Putamen from 80 --> 94
rescaling Left_Pallidum from 98 --> 102
rescaling Third_Ventricle from 25 --> 30
rescaling Fourth_Ventricle from 22 --> 26
rescaling Brain_Stem from 81 --> 84
rescaling Left_Hippocampus from 57 --> 71
rescaling Left_Amygdala from 56 --> 73
rescaling CSF from 32 --> 58
rescaling Left_Accumbens_area from 62 --> 73
rescaling Left_VentralDC from 87 --> 94
rescaling Right_Cerebral_White_Matter from 105 --> 104
rescaling Right_Cerebral_Cortex from 58 --> 74
rescaling Right_Lateral_Ventricle from 13 --> 27
rescaling Right_Inf_Lat_Vent from 25 --> 29
rescaling Right_Cerebellum_White_Matter from 87 --> 86
rescaling Right_Cerebellum_Cortex from 59 --> 67
rescaling Right_Thalamus_Proper from 85 --> 95
rescaling Right_Caudate from 62 --> 82
rescaling Right_Putamen from 80 --> 88
rescaling Right_Pallidum from 97 --> 102
rescaling Right_Hippocampus from 53 --> 70
rescaling Right_Amygdala from 55 --> 70
rescaling Right_Accumbens_area from 65 --> 81
rescaling Right_VentralDC from 86 --> 94
rescaling Fifth_Ventricle from 40 --> 50
rescaling WM_hypointensities from 78 --> 77
rescaling non_WM_hypointensities from 40 --> 55
  0   1   2   3   4   5   6   7   8   9  10  11  12  13  14  15  16  17  18  19 
 20  21  22  23  24  25  26  27  28  29  30  31  32  33  34  35  36  37  38  39 
 40  41  42  43  44  45  46  47  48  49  50  51  52  53  54  55  56  57  58  59 
 60  61  62  63  64  65  66  67  68  69  70  71  72  73  74  75  76  77  78  79 
 80  81  82  83  84  85  86  87  88  89  90  91  92  93  94  95  96  97  98  99 
100 101 102 103 104 105 106 107 108 109 110 111 112 113 114 115 116 117 118 119 
120 121 122 123 124 125 126 127 128 129 130 131 132 133 134 135 136 137 138 139 
140 141 142 143 144 145 146 147 148 149 150 151 152 153 154 155 156 157 158 159 
160 161 162 163 164 165 166 167 168 169 170 171 172 173 174 175 176 177 178 179 
180 181 182 183 184 185 186 187 188 189 190 191 192 193 194 195 196 197 198 199 
200 201 202 203 204 205 206 207 208 209 210 211 212 213 214 215 216 217 218 219 
220 221 222 223 224 225 226 227 228 229 230 231 232 233 234 235 236 237 238 239 
240 241 242 243 244 245 246 247 248 249 250 251 252 253 254 255 256 257 258 259 
260 261 262 263 264 265 266 267 268 269 270 271 272 273 274 275 276 277 278 279 
280 281 282 283 284 285 286 287 288 289 290 291 292 293 294 295 296 297 298 299 
300 301 302 303 304 305 306 307 308 309 310 311 312 313 314 315 316 317 318 319 
nctx = 1047971
Used brute-force search on 0 voxels
relabeling unlikely voxels in interior of white matter
average std[0] = 7.3
pass 1: 390 changed.
pass 2: 57 changed.
pass 3: 21 changed.
pass 4: 8 changed.
pass 5: 4 changed.
pass 6: 2 changed.
pass 7: 1 changed.
pass 8: 1 changed.
pass 9: 0 changed.
nchanged = 0
Writing output aseg to /home/stone-ext1/freesurfer/subjects/FS6EXPERT_subj01_ver10/mri/aparc.a2009s+aseg.mgz
#-----------------------------------------
#@# AParc-to-ASeg DKTatlas Sun Jun 23 06:03:07 CDT 2019
/home/stone-ext1/freesurfer/subjects/FS6EXPERT_subj01_ver10

 mri_aparc2aseg --s FS6EXPERT_subj01_ver10 --volmask --aseg aseg.presurf.hypos --relabel mri/norm.mgz mri/transforms/talairach.m3z /home/stone/software/freesurfer_stable_600/average/RB_all_2016-05-10.vc700.gca mri/aseg.auto_noCCseg.label_intensities.txt --annot aparc.DKTatlas --o mri/aparc.DKTatlas+aseg.mgz 

relabeling unlikely voxels interior to white matter surface:
	norm: mri/norm.mgz
	 XFORM: mri/transforms/talairach.m3z
	GCA: /home/stone/software/freesurfer_stable_600/average/RB_all_2016-05-10.vc700.gca
	label intensities: mri/aseg.auto_noCCseg.label_intensities.txt
SUBJECTS_DIR /home/stone-ext1/freesurfer/subjects
subject FS6EXPERT_subj01_ver10
outvol mri/aparc.DKTatlas+aseg.mgz
useribbon 0
baseoffset 0
RipUnknown 0

Reading lh white surface 
 /home/stone-ext1/freesurfer/subjects/FS6EXPERT_subj01_ver10/surf/lh.white

Reading lh pial surface 
 /home/stone-ext1/freesurfer/subjects/FS6EXPERT_subj01_ver10/surf/lh.pial

Loading lh annotations from /home/stone-ext1/freesurfer/subjects/FS6EXPERT_subj01_ver10/label/lh.aparc.DKTatlas.annot
reading colortable from annotation file...
colortable with 36 entries read (originally /autofs/space/tanha_002/users/greve/fsdev.build/average/colortable_desikan_killiany.txt)

Reading rh white surface 
 /home/stone-ext1/freesurfer/subjects/FS6EXPERT_subj01_ver10/surf/rh.white

Reading rh pial surface 
 /home/stone-ext1/freesurfer/subjects/FS6EXPERT_subj01_ver10/surf/rh.pial

Loading rh annotations from /home/stone-ext1/freesurfer/subjects/FS6EXPERT_subj01_ver10/label/rh.aparc.DKTatlas.annot
reading colortable from annotation file...
colortable with 36 entries read (originally /autofs/space/tanha_002/users/greve/fsdev.build/average/colortable_desikan_killiany.txt)
Have color table for lh white annotation
Have color table for rh white annotation
Loading ribbon segmentation from /home/stone-ext1/freesurfer/subjects/FS6EXPERT_subj01_ver10/mri/ribbon.mgz

Building hash of lh white

Building hash of lh pial

Building hash of rh white

Building hash of rh pial

Loading aseg from /home/stone-ext1/freesurfer/subjects/FS6EXPERT_subj01_ver10/mri/aseg.presurf.hypos.mgz
ASeg Vox2RAS: -----------
-0.80000   0.00000   0.00000   128.00000;
 0.00000   0.00000   0.80000  -128.00000;
 0.00000  -0.80000   0.00000   128.00000;
 0.00000   0.00000   0.00000   1.00000;
-------------------------

Labeling Slice
relabeling unlikely voxels in interior of white matter
setting orig areas to linear transform determinant scaled 14.97
reading 47 labels from mri/aseg.auto_noCCseg.label_intensities.txt
rescaling Left_Cerebral_White_Matter from 107 --> 106
rescaling Left_Cerebral_Cortex from 61 --> 76
rescaling Left_Lateral_Ventricle from 13 --> 26
rescaling Left_Inf_Lat_Vent from 34 --> 33
rescaling Left_Cerebellum_White_Matter from 86 --> 90
rescaling Left_Cerebellum_Cortex from 60 --> 70
rescaling Left_Thalamus from 94 --> 103
rescaling Left_Thalamus_Proper from 84 --> 98
rescaling Left_Caudate from 75 --> 91
rescaling Left_Putamen from 80 --> 94
rescaling Left_Pallidum from 98 --> 102
rescaling Third_Ventricle from 25 --> 30
rescaling Fourth_Ventricle from 22 --> 26
rescaling Brain_Stem from 81 --> 84
rescaling Left_Hippocampus from 57 --> 71
rescaling Left_Amygdala from 56 --> 73
rescaling CSF from 32 --> 58
rescaling Left_Accumbens_area from 62 --> 73
rescaling Left_VentralDC from 87 --> 94
rescaling Right_Cerebral_White_Matter from 105 --> 104
rescaling Right_Cerebral_Cortex from 58 --> 74
rescaling Right_Lateral_Ventricle from 13 --> 27
rescaling Right_Inf_Lat_Vent from 25 --> 29
rescaling Right_Cerebellum_White_Matter from 87 --> 86
rescaling Right_Cerebellum_Cortex from 59 --> 67
rescaling Right_Thalamus_Proper from 85 --> 95
rescaling Right_Caudate from 62 --> 82
rescaling Right_Putamen from 80 --> 88
rescaling Right_Pallidum from 97 --> 102
rescaling Right_Hippocampus from 53 --> 70
rescaling Right_Amygdala from 55 --> 70
rescaling Right_Accumbens_area from 65 --> 81
rescaling Right_VentralDC from 86 --> 94
rescaling Fifth_Ventricle from 40 --> 50
rescaling WM_hypointensities from 78 --> 77
rescaling non_WM_hypointensities from 40 --> 55
  0   1   2   3   4   5   6   7   8   9  10  11  12  13  14  15  16  17  18  19 
 20  21  22  23  24  25  26  27  28  29  30  31  32  33  34  35  36  37  38  39 
 40  41  42  43  44  45  46  47  48  49  50  51  52  53  54  55  56  57  58  59 
 60  61  62  63  64  65  66  67  68  69  70  71  72  73  74  75  76  77  78  79 
 80  81  82  83  84  85  86  87  88  89  90  91  92  93  94  95  96  97  98  99 
100 101 102 103 104 105 106 107 108 109 110 111 112 113 114 115 116 117 118 119 
120 121 122 123 124 125 126 127 128 129 130 131 132 133 134 135 136 137 138 139 
140 141 142 143 144 145 146 147 148 149 150 151 152 153 154 155 156 157 158 159 
160 161 162 163 164 165 166 167 168 169 170 171 172 173 174 175 176 177 178 179 
180 181 182 183 184 185 186 187 188 189 190 191 192 193 194 195 196 197 198 199 
200 201 202 203 204 205 206 207 208 209 210 211 212 213 214 215 216 217 218 219 
220 221 222 223 224 225 226 227 228 229 230 231 232 233 234 235 236 237 238 239 
240 241 242 243 244 245 246 247 248 249 250 251 252 253 254 255 256 257 258 259 
260 261 262 263 264 265 266 267 268 269 270 271 272 273 274 275 276 277 278 279 
280 281 282 283 284 285 286 287 288 289 290 291 292 293 294 295 296 297 298 299 
300 301 302 303 304 305 306 307 308 309 310 311 312 313 314 315 316 317 318 319 
nctx = 1047971
Used brute-force search on 0 voxels
relabeling unlikely voxels in interior of white matter
average std[0] = 7.3
pass 1: 390 changed.
pass 2: 57 changed.
pass 3: 21 changed.
pass 4: 8 changed.
pass 5: 4 changed.
pass 6: 2 changed.
pass 7: 1 changed.
pass 8: 1 changed.
pass 9: 0 changed.
nchanged = 0
Writing output aseg to mri/aparc.DKTatlas+aseg.mgz
#-----------------------------------------
#@# APas-to-ASeg Sun Jun 23 06:14:06 CDT 2019
/home/stone-ext1/freesurfer/subjects/FS6EXPERT_subj01_ver10/mri

 apas2aseg --i aparc+aseg.mgz --o aseg.mgz 

Sun Jun 23 06:14:06 CDT 2019

setenv SUBJECTS_DIR /home/stone-ext1/freesurfer/subjects
cd /home/stone-ext1/freesurfer/subjects/FS6EXPERT_subj01_ver10/mri
/home/stone/software/freesurfer_stable_600/bin/apas2aseg --i aparc+aseg.mgz --o aseg.mgz

freesurfer-Linux-centos6_x86_64-stable-pub-v6.0.0-2beb96c
$Id: apas2aseg,v 1.2 2016/02/12 21:43:14 zkaufman Exp $
Linux stone.cmrr.umn.edu 3.13.0-168-generic #218-Ubuntu SMP Thu Mar 14 16:56:08 UTC 2019 x86_64 x86_64 x86_64 GNU/Linux
mri_binarize --i aparc+aseg.mgz --o aseg.mgz --replace 1000 3 --replace 2000 42 --replace 1001 3 --replace 2001 42 --replace 1002 3 --replace 2002 42 --replace 1003 3 --replace 2003 42 --replace 1004 3 --replace 2004 42 --replace 1005 3 --replace 2005 42 --replace 1006 3 --replace 2006 42 --replace 1007 3 --replace 2007 42 --replace 1008 3 --replace 2008 42 --replace 1009 3 --replace 2009 42 --replace 1010 3 --replace 2010 42 --replace 1011 3 --replace 2011 42 --replace 1012 3 --replace 2012 42 --replace 1013 3 --replace 2013 42 --replace 1014 3 --replace 2014 42 --replace 1015 3 --replace 2015 42 --replace 1016 3 --replace 2016 42 --replace 1017 3 --replace 2017 42 --replace 1018 3 --replace 2018 42 --replace 1019 3 --replace 2019 42 --replace 1020 3 --replace 2020 42 --replace 1021 3 --replace 2021 42 --replace 1022 3 --replace 2022 42 --replace 1023 3 --replace 2023 42 --replace 1024 3 --replace 2024 42 --replace 1025 3 --replace 2025 42 --replace 1026 3 --replace 2026 42 --replace 1027 3 --replace 2027 42 --replace 1028 3 --replace 2028 42 --replace 1029 3 --replace 2029 42 --replace 1030 3 --replace 2030 42 --replace 1031 3 --replace 2031 42 --replace 1032 3 --replace 2032 42 --replace 1033 3 --replace 2033 42 --replace 1034 3 --replace 2034 42 --replace 1035 3 --replace 2035 42

$Id: mri_binarize.c,v 1.43 2016/06/09 20:46:21 greve Exp $
cwd /home/stone-ext1/freesurfer/subjects/FS6EXPERT_subj01_ver10/mri
cmdline mri_binarize.bin --i aparc+aseg.mgz --o aseg.mgz --replace 1000 3 --replace 2000 42 --replace 1001 3 --replace 2001 42 --replace 1002 3 --replace 2002 42 --replace 1003 3 --replace 2003 42 --replace 1004 3 --replace 2004 42 --replace 1005 3 --replace 2005 42 --replace 1006 3 --replace 2006 42 --replace 1007 3 --replace 2007 42 --replace 1008 3 --replace 2008 42 --replace 1009 3 --replace 2009 42 --replace 1010 3 --replace 2010 42 --replace 1011 3 --replace 2011 42 --replace 1012 3 --replace 2012 42 --replace 1013 3 --replace 2013 42 --replace 1014 3 --replace 2014 42 --replace 1015 3 --replace 2015 42 --replace 1016 3 --replace 2016 42 --replace 1017 3 --replace 2017 42 --replace 1018 3 --replace 2018 42 --replace 1019 3 --replace 2019 42 --replace 1020 3 --replace 2020 42 --replace 1021 3 --replace 2021 42 --replace 1022 3 --replace 2022 42 --replace 1023 3 --replace 2023 42 --replace 1024 3 --replace 2024 42 --replace 1025 3 --replace 2025 42 --replace 1026 3 --replace 2026 42 --replace 1027 3 --replace 2027 42 --replace 1028 3 --replace 2028 42 --replace 1029 3 --replace 2029 42 --replace 1030 3 --replace 2030 42 --replace 1031 3 --replace 2031 42 --replace 1032 3 --replace 2032 42 --replace 1033 3 --replace 2033 42 --replace 1034 3 --replace 2034 42 --replace 1035 3 --replace 2035 42 
sysname  Linux
hostname stone.cmrr.umn.edu
machine  x86_64
user     emilya

input      aparc+aseg.mgz
frame      0
nErode3d   0
nErode2d   0
output     aseg.mgz
Binarizing based on threshold
min        -infinity
max        +infinity
binval        1
binvalnot     0
fstart = 0, fend = 0, nframes = 1
Replacing 72
 1:  1000    3
 2:  2000   42
 3:  1001    3
 4:  2001   42
 5:  1002    3
 6:  2002   42
 7:  1003    3
 8:  2003   42
 9:  1004    3
10:  2004   42
11:  1005    3
12:  2005   42
13:  1006    3
14:  2006   42
15:  1007    3
16:  2007   42
17:  1008    3
18:  2008   42
19:  1009    3
20:  2009   42
21:  1010    3
22:  2010   42
23:  1011    3
24:  2011   42
25:  1012    3
26:  2012   42
27:  1013    3
28:  2013   42
29:  1014    3
30:  2014   42
31:  1015    3
32:  2015   42
33:  1016    3
34:  2016   42
35:  1017    3
36:  2017   42
37:  1018    3
38:  2018   42
39:  1019    3
40:  2019   42
41:  1020    3
42:  2020   42
43:  1021    3
44:  2021   42
45:  1022    3
46:  2022   42
47:  1023    3
48:  2023   42
49:  1024    3
50:  2024   42
51:  1025    3
52:  2025   42
53:  1026    3
54:  2026   42
55:  1027    3
56:  2027   42
57:  1028    3
58:  2028   42
59:  1029    3
60:  2029   42
61:  1030    3
62:  2030   42
63:  1031    3
64:  2031   42
65:  1032    3
66:  2032   42
67:  1033    3
68:  2033   42
69:  1034    3
70:  2034   42
71:  1035    3
72:  2035   42
Found 0 values in range
Counting number of voxels in first frame
Found 0 voxels in final mask
Count: 0 0.000000 32768000 0.000000
mri_binarize done
 
Started at Sun Jun 23 06:14:06 CDT 2019 
Ended   at Sun Jun 23 06:14:17 CDT 2019
Apas2aseg-Run-Time-Sec 11
 
apas2aseg Done
#--------------------------------------------
#@# ASeg Stats Sun Jun 23 06:14:17 CDT 2019
/home/stone-ext1/freesurfer/subjects/FS6EXPERT_subj01_ver10

 mri_segstats --seg mri/aseg.mgz --sum stats/aseg.stats --pv mri/norm.mgz --empty --brainmask mri/brainmask.mgz --brain-vol-from-seg --excludeid 0 --excl-ctxgmwm --supratent --subcortgray --in mri/norm.mgz --in-intensity-name norm --in-intensity-units MR --etiv --surf-wm-vol --surf-ctx-vol --totalgray --euler --ctab /home/stone/software/freesurfer_stable_600/ASegStatsLUT.txt --subject FS6EXPERT_subj01_ver10 


$Id: mri_segstats.c,v 1.121 2016/05/31 17:27:11 greve Exp $
cwd 
cmdline mri_segstats --seg mri/aseg.mgz --sum stats/aseg.stats --pv mri/norm.mgz --empty --brainmask mri/brainmask.mgz --brain-vol-from-seg --excludeid 0 --excl-ctxgmwm --supratent --subcortgray --in mri/norm.mgz --in-intensity-name norm --in-intensity-units MR --etiv --surf-wm-vol --surf-ctx-vol --totalgray --euler --ctab /home/stone/software/freesurfer_stable_600/ASegStatsLUT.txt --subject FS6EXPERT_subj01_ver10 
sysname  Linux
hostname stone.cmrr.umn.edu
machine  x86_64
user     emilya
UseRobust  0
atlas_icv (eTIV) = 1598476 mm^3    (det: 1.218727 )
Computing euler number
orig.nofix lheno =  -48, rheno = -118
orig.nofix lhholes =   25, rhholes = 60
Loading mri/aseg.mgz
Getting Brain Volume Statistics
lhCtxGM: 266310.255 525874.000  diff=-259563.7  pctdiff=-97.467
rhCtxGM: 264962.390 521502.000  diff=-256539.6  pctdiff=-96.821
lhCtxWM: 196223.093 434717.500  diff=-238494.4  pctdiff=-121.542
rhCtxWM: 194253.384 433592.500  diff=-239339.1  pctdiff=-123.210
SubCortGMVol  111164.000
SupraTentVol  1041483.122 (2049395.000) diff=-1007911.878 pctdiff=-96.777
SupraTentVolNotVent  1019024.122 (2026936.000) diff=-1007911.878 pctdiff=-98.910
BrainSegVol  2362544.000 (2358154.000) diff=4390.000 pctdiff=0.186
BrainSegVolNotVent  2333454.000 (1339188.122) diff=994265.878 pctdiff=42.609
BrainSegVolNotVent  2333454.000
CerebellumVol 306189.000
VentChorVol   22459.000
3rd4th5thCSF   6631.000
CSFVol  2241.000, OptChiasmVol   329.000
MaskVol 3507701.000
Loading mri/norm.mgz
Loading mri/norm.mgz
Voxel Volume is 0.512 mm^3
Generating list of segmentation ids
Found  50 segmentations
Computing statistics for each segmentation

Reporting on  45 segmentations
Using PrintSegStat
mri_segstats done
#-----------------------------------------
#@# WMParc Sun Jun 23 06:15:23 CDT 2019
/home/stone-ext1/freesurfer/subjects/FS6EXPERT_subj01_ver10

 mri_aparc2aseg --s FS6EXPERT_subj01_ver10 --labelwm --hypo-as-wm --rip-unknown --volmask --o mri/wmparc.mgz --ctxseg aparc+aseg.mgz 

SUBJECTS_DIR /home/stone-ext1/freesurfer/subjects
subject FS6EXPERT_subj01_ver10
outvol mri/wmparc.mgz
useribbon 0
baseoffset 0
labeling wm
labeling hypo-intensities as wm
dmaxctx 5.000000
RipUnknown 1
CtxSeg /home/stone-ext1/freesurfer/subjects/FS6EXPERT_subj01_ver10/mri/aparc+aseg.mgz

Reading lh white surface 
 /home/stone-ext1/freesurfer/subjects/FS6EXPERT_subj01_ver10/surf/lh.white

Reading lh pial surface 
 /home/stone-ext1/freesurfer/subjects/FS6EXPERT_subj01_ver10/surf/lh.pial

Loading lh annotations from /home/stone-ext1/freesurfer/subjects/FS6EXPERT_subj01_ver10/label/lh.aparc.annot
reading colortable from annotation file...
colortable with 36 entries read (originally /autofs/space/tanha_002/users/greve/fsdev.build/average/colortable_desikan_killiany.txt)

Reading rh white surface 
 /home/stone-ext1/freesurfer/subjects/FS6EXPERT_subj01_ver10/surf/rh.white

Reading rh pial surface 
 /home/stone-ext1/freesurfer/subjects/FS6EXPERT_subj01_ver10/surf/rh.pial

Loading rh annotations from /home/stone-ext1/freesurfer/subjects/FS6EXPERT_subj01_ver10/label/rh.aparc.annot
reading colortable from annotation file...
colortable with 36 entries read (originally /autofs/space/tanha_002/users/greve/fsdev.build/average/colortable_desikan_killiany.txt)
Have color table for lh white annotation
Have color table for rh white annotation
Loading ribbon segmentation from /home/stone-ext1/freesurfer/subjects/FS6EXPERT_subj01_ver10/mri/ribbon.mgz
Loading filled from /home/stone-ext1/freesurfer/subjects/FS6EXPERT_subj01_ver10/mri/ribbon.mgz
Ripping vertices labeled as unkown
Ripped 11953 vertices from left hemi
Ripped 11948 vertices from right hemi

Building hash of lh white

Building hash of lh pial

Building hash of rh white

Building hash of rh pial

Loading aseg from /home/stone-ext1/freesurfer/subjects/FS6EXPERT_subj01_ver10/mri/aseg.mgz
Loading Ctx Seg File /home/stone-ext1/freesurfer/subjects/FS6EXPERT_subj01_ver10/mri/aparc+aseg.mgz
ASeg Vox2RAS: -----------
-0.80000   0.00000   0.00000   128.00000;
 0.00000   0.00000   0.80000  -128.00000;
 0.00000  -0.80000   0.00000   128.00000;
 0.00000   0.00000   0.00000   1.00000;
-------------------------

Labeling Slice
  0   1   2   3   4   5   6   7   8   9  10  11  12  13  14  15  16  17  18  19 
 20  21  22  23  24  25  26  27  28  29  30  31  32  33  34  35  36  37  38  39 
 40  41  42  43  44  45  46  47  48  49  50  51  52  53  54  55  56  57  58  59 
 60  61  62  63  64  65  66  67  68  69  70  71  72  73  74  75  76  77  78  79 
 80  81  82  83  84  85  86  87  88  89  90  91  92  93  94  95  96  97  98  99 
100 101 102 103 104 105 106 107 108 109 110 111 112 113 114 115 116 117 118 119 
120 121 122 123 124 125 126 127 128 129 130 131 132 133 134 135 136 137 138 139 
140 141 142 143 144 145 146 147 148 149 150 151 152 153 154 155 156 157 158 159 
160 161 162 163 164 165 166 167 168 169 170 171 172 173 174 175 176 177 178 179 
180 181 182 183 184 185 186 187 188 189 190 191 192 193 194 195 196 197 198 199 
200 201 202 203 204 205 206 207 208 209 210 211 212 213 214 215 216 217 218 219 
220 221 222 223 224 225 226 227 228 229 230 231 232 233 234 235 236 237 238 239 
240 241 242 243 244 245 246 247 248 249 250 251 252 253 254 255 256 257 258 259 
260 261 262 263 264 265 266 267 268 269 270 271 272 273 274 275 276 277 278 279 
280 281 282 283 284 285 286 287 288 289 290 291 292 293 294 295 296 297 298 299 
300 301 302 303 304 305 306 307 308 309 310 311 312 313 314 315 316 317 318 319 
nctx = 1911494
Used brute-force search on 52 voxels
Fixing Parahip LH WM
  Found 18 clusters
     0 k 5.120000
     1 k 0.512000
     2 k 0.512000
     3 k 0.512000
     4 k 2.560000
     5 k 2.048000
     6 k 0.512000
     7 k 0.512000
     8 k 1.024000
     9 k 0.512000
     10 k 1251.842529
     11 k 0.512000
     12 k 0.512000
     13 k 0.512000
     14 k 0.512000
     15 k 21.503992
     16 k 0.512000
     17 k 0.512000
Fixing Parahip RH WM
  Found 6 clusters
     0 k 0.512000
     1 k 1275.904907
     2 k 0.512000
     3 k 0.512000
     4 k 16.896000
     5 k 0.512000
Writing output aseg to mri/wmparc.mgz

 mri_segstats --seg mri/wmparc.mgz --sum stats/wmparc.stats --pv mri/norm.mgz --excludeid 0 --brainmask mri/brainmask.mgz --in mri/norm.mgz --in-intensity-name norm --in-intensity-units MR --subject FS6EXPERT_subj01_ver10 --surf-wm-vol --ctab /home/stone/software/freesurfer_stable_600/WMParcStatsLUT.txt --etiv 


$Id: mri_segstats.c,v 1.121 2016/05/31 17:27:11 greve Exp $
cwd 
cmdline mri_segstats --seg mri/wmparc.mgz --sum stats/wmparc.stats --pv mri/norm.mgz --excludeid 0 --brainmask mri/brainmask.mgz --in mri/norm.mgz --in-intensity-name norm --in-intensity-units MR --subject FS6EXPERT_subj01_ver10 --surf-wm-vol --ctab /home/stone/software/freesurfer_stable_600/WMParcStatsLUT.txt --etiv 
sysname  Linux
hostname stone.cmrr.umn.edu
machine  x86_64
user     emilya
UseRobust  0
atlas_icv (eTIV) = 1598476 mm^3    (det: 1.218727 )
Loading mri/wmparc.mgz
Getting Brain Volume Statistics
lhCtxGM: 266310.255 525874.000  diff=-259563.7  pctdiff=-97.467
rhCtxGM: 264962.390 521502.000  diff=-256539.6  pctdiff=-96.821
lhCtxWM: 196223.093 434717.500  diff=-238494.4  pctdiff=-121.542
rhCtxWM: 194253.384 433592.500  diff=-239339.1  pctdiff=-123.210
SubCortGMVol  111164.000
SupraTentVol  1041483.122 (2049395.000) diff=-1007911.878 pctdiff=-96.777
SupraTentVolNotVent  1019024.122 (2026936.000) diff=-1007911.878 pctdiff=-98.910
BrainSegVol  2362544.000 (2358154.000) diff=4390.000 pctdiff=0.186
BrainSegVolNotVent  2333454.000 (1339188.122) diff=994265.878 pctdiff=42.609
BrainSegVolNotVent  2333454.000
CerebellumVol 306189.000
VentChorVol   22459.000
3rd4th5thCSF   6631.000
CSFVol  2241.000, OptChiasmVol   329.000
MaskVol 3507701.000
Loading mri/norm.mgz
Loading mri/norm.mgz
Voxel Volume is 0.512 mm^3
Generating list of segmentation ids
Found 390 segmentations
Computing statistics for each segmentation

Reporting on  70 segmentations
Using PrintSegStat
mri_segstats done
/home/stone-ext1/freesurfer/subjects/FS6EXPERT_subj01_ver10/label
#--------------------------------------------
#@# BA_exvivo Labels lh Sun Jun 23 06:25:11 CDT 2019

 mri_label2label --srcsubject fsaverage --srclabel /home/stone-ext1/freesurfer/subjects/fsaverage/label/lh.BA1_exvivo.label --trgsubject FS6EXPERT_subj01_ver10 --trglabel ./lh.BA1_exvivo.label --hemi lh --regmethod surface 


srclabel = /home/stone-ext1/freesurfer/subjects/fsaverage/label/lh.BA1_exvivo.label
srcsubject = fsaverage
trgsubject = FS6EXPERT_subj01_ver10
trglabel = ./lh.BA1_exvivo.label
regmethod = surface

srchemi = lh
trghemi = lh
trgsurface = white
srcsurfreg = sphere.reg
trgsurfreg = sphere.reg
usehash = 1
Use ProjAbs  = 0, 0
Use ProjFrac = 0, 0
DoPaint 0

SUBJECTS_DIR    /home/stone-ext1/freesurfer/subjects
FREESURFER_HOME /home/stone/software/freesurfer_stable_600
Loading source label.
Found 4129 points in source label.
Starting surface-based mapping
Reading source registration 
 /home/stone-ext1/freesurfer/subjects/fsaverage/surf/lh.sphere.reg
Rescaling ...  original radius = 100
Reading target surface 
 /home/stone-ext1/freesurfer/subjects/FS6EXPERT_subj01_ver10/surf/lh.white
Reading target registration 
 /home/stone-ext1/freesurfer/subjects/FS6EXPERT_subj01_ver10/surf/lh.sphere.reg
Rescaling ...  original radius = 100
Building target registration hash (res=16).
Building source registration hash (res=16).
INFO: found  4129 nlabel points
Performing mapping from target back to the source label 227021
Number of reverse mapping hits = 722
Checking for and removing duplicates
Writing label file ./lh.BA1_exvivo.label 4851
mri_label2label: Done


 mri_label2label --srcsubject fsaverage --srclabel /home/stone-ext1/freesurfer/subjects/fsaverage/label/lh.BA2_exvivo.label --trgsubject FS6EXPERT_subj01_ver10 --trglabel ./lh.BA2_exvivo.label --hemi lh --regmethod surface 


srclabel = /home/stone-ext1/freesurfer/subjects/fsaverage/label/lh.BA2_exvivo.label
srcsubject = fsaverage
trgsubject = FS6EXPERT_subj01_ver10
trglabel = ./lh.BA2_exvivo.label
regmethod = surface

srchemi = lh
trghemi = lh
trgsurface = white
srcsurfreg = sphere.reg
trgsurfreg = sphere.reg
usehash = 1
Use ProjAbs  = 0, 0
Use ProjFrac = 0, 0
DoPaint 0

SUBJECTS_DIR    /home/stone-ext1/freesurfer/subjects
FREESURFER_HOME /home/stone/software/freesurfer_stable_600
Loading source label.
Found 7909 points in source label.
Starting surface-based mapping
Reading source registration 
 /home/stone-ext1/freesurfer/subjects/fsaverage/surf/lh.sphere.reg
Rescaling ...  original radius = 100
Reading target surface 
 /home/stone-ext1/freesurfer/subjects/FS6EXPERT_subj01_ver10/surf/lh.white
Reading target registration 
 /home/stone-ext1/freesurfer/subjects/FS6EXPERT_subj01_ver10/surf/lh.sphere.reg
Rescaling ...  original radius = 100
Building target registration hash (res=16).
Building source registration hash (res=16).
INFO: found  7909 nlabel points
Performing mapping from target back to the source label 227021
Number of reverse mapping hits = 1547
Checking for and removing duplicates
Writing label file ./lh.BA2_exvivo.label 9456
mri_label2label: Done


 mri_label2label --srcsubject fsaverage --srclabel /home/stone-ext1/freesurfer/subjects/fsaverage/label/lh.BA3a_exvivo.label --trgsubject FS6EXPERT_subj01_ver10 --trglabel ./lh.BA3a_exvivo.label --hemi lh --regmethod surface 


srclabel = /home/stone-ext1/freesurfer/subjects/fsaverage/label/lh.BA3a_exvivo.label
srcsubject = fsaverage
trgsubject = FS6EXPERT_subj01_ver10
trglabel = ./lh.BA3a_exvivo.label
regmethod = surface

srchemi = lh
trghemi = lh
trgsurface = white
srcsurfreg = sphere.reg
trgsurfreg = sphere.reg
usehash = 1
Use ProjAbs  = 0, 0
Use ProjFrac = 0, 0
DoPaint 0

SUBJECTS_DIR    /home/stone-ext1/freesurfer/subjects
FREESURFER_HOME /home/stone/software/freesurfer_stable_600
Loading source label.
Found 4077 points in source label.
Starting surface-based mapping
Reading source registration 
 /home/stone-ext1/freesurfer/subjects/fsaverage/surf/lh.sphere.reg
Rescaling ...  original radius = 100
Reading target surface 
 /home/stone-ext1/freesurfer/subjects/FS6EXPERT_subj01_ver10/surf/lh.white
Reading target registration 
 /home/stone-ext1/freesurfer/subjects/FS6EXPERT_subj01_ver10/surf/lh.sphere.reg
Rescaling ...  original radius = 100
Building target registration hash (res=16).
Building source registration hash (res=16).
INFO: found  4077 nlabel points
Performing mapping from target back to the source label 227021
Number of reverse mapping hits = 698
Checking for and removing duplicates
Writing label file ./lh.BA3a_exvivo.label 4775
mri_label2label: Done


 mri_label2label --srcsubject fsaverage --srclabel /home/stone-ext1/freesurfer/subjects/fsaverage/label/lh.BA3b_exvivo.label --trgsubject FS6EXPERT_subj01_ver10 --trglabel ./lh.BA3b_exvivo.label --hemi lh --regmethod surface 


srclabel = /home/stone-ext1/freesurfer/subjects/fsaverage/label/lh.BA3b_exvivo.label
srcsubject = fsaverage
trgsubject = FS6EXPERT_subj01_ver10
trglabel = ./lh.BA3b_exvivo.label
regmethod = surface

srchemi = lh
trghemi = lh
trgsurface = white
srcsurfreg = sphere.reg
trgsurfreg = sphere.reg
usehash = 1
Use ProjAbs  = 0, 0
Use ProjFrac = 0, 0
DoPaint 0

SUBJECTS_DIR    /home/stone-ext1/freesurfer/subjects
FREESURFER_HOME /home/stone/software/freesurfer_stable_600
Loading source label.
Found 5983 points in source label.
Starting surface-based mapping
Reading source registration 
 /home/stone-ext1/freesurfer/subjects/fsaverage/surf/lh.sphere.reg
Rescaling ...  original radius = 100
Reading target surface 
 /home/stone-ext1/freesurfer/subjects/FS6EXPERT_subj01_ver10/surf/lh.white
Reading target registration 
 /home/stone-ext1/freesurfer/subjects/FS6EXPERT_subj01_ver10/surf/lh.sphere.reg
Rescaling ...  original radius = 100
Building target registration hash (res=16).
Building source registration hash (res=16).
INFO: found  5983 nlabel points
Performing mapping from target back to the source label 227021
Number of reverse mapping hits = 1267
Checking for and removing duplicates
Writing label file ./lh.BA3b_exvivo.label 7250
mri_label2label: Done


 mri_label2label --srcsubject fsaverage --srclabel /home/stone-ext1/freesurfer/subjects/fsaverage/label/lh.BA4a_exvivo.label --trgsubject FS6EXPERT_subj01_ver10 --trglabel ./lh.BA4a_exvivo.label --hemi lh --regmethod surface 


srclabel = /home/stone-ext1/freesurfer/subjects/fsaverage/label/lh.BA4a_exvivo.label
srcsubject = fsaverage
trgsubject = FS6EXPERT_subj01_ver10
trglabel = ./lh.BA4a_exvivo.label
regmethod = surface

srchemi = lh
trghemi = lh
trgsurface = white
srcsurfreg = sphere.reg
trgsurfreg = sphere.reg
usehash = 1
Use ProjAbs  = 0, 0
Use ProjFrac = 0, 0
DoPaint 0

SUBJECTS_DIR    /home/stone-ext1/freesurfer/subjects
FREESURFER_HOME /home/stone/software/freesurfer_stable_600
Loading source label.
Found 5784 points in source label.
Starting surface-based mapping
Reading source registration 
 /home/stone-ext1/freesurfer/subjects/fsaverage/surf/lh.sphere.reg
Rescaling ...  original radius = 100
Reading target surface 
 /home/stone-ext1/freesurfer/subjects/FS6EXPERT_subj01_ver10/surf/lh.white
Reading target registration 
 /home/stone-ext1/freesurfer/subjects/FS6EXPERT_subj01_ver10/surf/lh.sphere.reg
Rescaling ...  original radius = 100
Building target registration hash (res=16).
Building source registration hash (res=16).
INFO: found  5784 nlabel points
Performing mapping from target back to the source label 227021
Number of reverse mapping hits = 1370
Checking for and removing duplicates
Writing label file ./lh.BA4a_exvivo.label 7154
mri_label2label: Done


 mri_label2label --srcsubject fsaverage --srclabel /home/stone-ext1/freesurfer/subjects/fsaverage/label/lh.BA4p_exvivo.label --trgsubject FS6EXPERT_subj01_ver10 --trglabel ./lh.BA4p_exvivo.label --hemi lh --regmethod surface 


srclabel = /home/stone-ext1/freesurfer/subjects/fsaverage/label/lh.BA4p_exvivo.label
srcsubject = fsaverage
trgsubject = FS6EXPERT_subj01_ver10
trglabel = ./lh.BA4p_exvivo.label
regmethod = surface

srchemi = lh
trghemi = lh
trgsurface = white
srcsurfreg = sphere.reg
trgsurfreg = sphere.reg
usehash = 1
Use ProjAbs  = 0, 0
Use ProjFrac = 0, 0
DoPaint 0

SUBJECTS_DIR    /home/stone-ext1/freesurfer/subjects
FREESURFER_HOME /home/stone/software/freesurfer_stable_600
Loading source label.
Found 4070 points in source label.
Starting surface-based mapping
Reading source registration 
 /home/stone-ext1/freesurfer/subjects/fsaverage/surf/lh.sphere.reg
Rescaling ...  original radius = 100
Reading target surface 
 /home/stone-ext1/freesurfer/subjects/FS6EXPERT_subj01_ver10/surf/lh.white
Reading target registration 
 /home/stone-ext1/freesurfer/subjects/FS6EXPERT_subj01_ver10/surf/lh.sphere.reg
Rescaling ...  original radius = 100
Building target registration hash (res=16).
Building source registration hash (res=16).
INFO: found  4070 nlabel points
Performing mapping from target back to the source label 227021
Number of reverse mapping hits = 681
Checking for and removing duplicates
Writing label file ./lh.BA4p_exvivo.label 4751
mri_label2label: Done


 mri_label2label --srcsubject fsaverage --srclabel /home/stone-ext1/freesurfer/subjects/fsaverage/label/lh.BA6_exvivo.label --trgsubject FS6EXPERT_subj01_ver10 --trglabel ./lh.BA6_exvivo.label --hemi lh --regmethod surface 


srclabel = /home/stone-ext1/freesurfer/subjects/fsaverage/label/lh.BA6_exvivo.label
srcsubject = fsaverage
trgsubject = FS6EXPERT_subj01_ver10
trglabel = ./lh.BA6_exvivo.label
regmethod = surface

srchemi = lh
trghemi = lh
trgsurface = white
srcsurfreg = sphere.reg
trgsurfreg = sphere.reg
usehash = 1
Use ProjAbs  = 0, 0
Use ProjFrac = 0, 0
DoPaint 0

SUBJECTS_DIR    /home/stone-ext1/freesurfer/subjects
FREESURFER_HOME /home/stone/software/freesurfer_stable_600
Loading source label.
Found 13589 points in source label.
Starting surface-based mapping
Reading source registration 
 /home/stone-ext1/freesurfer/subjects/fsaverage/surf/lh.sphere.reg
Rescaling ...  original radius = 100
Reading target surface 
 /home/stone-ext1/freesurfer/subjects/FS6EXPERT_subj01_ver10/surf/lh.white
Reading target registration 
 /home/stone-ext1/freesurfer/subjects/FS6EXPERT_subj01_ver10/surf/lh.sphere.reg
Rescaling ...  original radius = 100
Building target registration hash (res=16).
Building source registration hash (res=16).
INFO: found  13589 nlabel points
Performing mapping from target back to the source label 227021
Number of reverse mapping hits = 3166
Checking for and removing duplicates
Writing label file ./lh.BA6_exvivo.label 16755
mri_label2label: Done


 mri_label2label --srcsubject fsaverage --srclabel /home/stone-ext1/freesurfer/subjects/fsaverage/label/lh.BA44_exvivo.label --trgsubject FS6EXPERT_subj01_ver10 --trglabel ./lh.BA44_exvivo.label --hemi lh --regmethod surface 


srclabel = /home/stone-ext1/freesurfer/subjects/fsaverage/label/lh.BA44_exvivo.label
srcsubject = fsaverage
trgsubject = FS6EXPERT_subj01_ver10
trglabel = ./lh.BA44_exvivo.label
regmethod = surface

srchemi = lh
trghemi = lh
trgsurface = white
srcsurfreg = sphere.reg
trgsurfreg = sphere.reg
usehash = 1
Use ProjAbs  = 0, 0
Use ProjFrac = 0, 0
DoPaint 0

SUBJECTS_DIR    /home/stone-ext1/freesurfer/subjects
FREESURFER_HOME /home/stone/software/freesurfer_stable_600
Loading source label.
Found 4181 points in source label.
Starting surface-based mapping
Reading source registration 
 /home/stone-ext1/freesurfer/subjects/fsaverage/surf/lh.sphere.reg
Rescaling ...  original radius = 100
Reading target surface 
 /home/stone-ext1/freesurfer/subjects/FS6EXPERT_subj01_ver10/surf/lh.white
Reading target registration 
 /home/stone-ext1/freesurfer/subjects/FS6EXPERT_subj01_ver10/surf/lh.sphere.reg
Rescaling ...  original radius = 100
Building target registration hash (res=16).
Building source registration hash (res=16).
INFO: found  4181 nlabel points
Performing mapping from target back to the source label 227021
Number of reverse mapping hits = 785
Checking for and removing duplicates
Writing label file ./lh.BA44_exvivo.label 4966
mri_label2label: Done


 mri_label2label --srcsubject fsaverage --srclabel /home/stone-ext1/freesurfer/subjects/fsaverage/label/lh.BA45_exvivo.label --trgsubject FS6EXPERT_subj01_ver10 --trglabel ./lh.BA45_exvivo.label --hemi lh --regmethod surface 


srclabel = /home/stone-ext1/freesurfer/subjects/fsaverage/label/lh.BA45_exvivo.label
srcsubject = fsaverage
trgsubject = FS6EXPERT_subj01_ver10
trglabel = ./lh.BA45_exvivo.label
regmethod = surface

srchemi = lh
trghemi = lh
trgsurface = white
srcsurfreg = sphere.reg
trgsurfreg = sphere.reg
usehash = 1
Use ProjAbs  = 0, 0
Use ProjFrac = 0, 0
DoPaint 0

SUBJECTS_DIR    /home/stone-ext1/freesurfer/subjects
FREESURFER_HOME /home/stone/software/freesurfer_stable_600
Loading source label.
Found 3422 points in source label.
Starting surface-based mapping
Reading source registration 
 /home/stone-ext1/freesurfer/subjects/fsaverage/surf/lh.sphere.reg
Rescaling ...  original radius = 100
Reading target surface 
 /home/stone-ext1/freesurfer/subjects/FS6EXPERT_subj01_ver10/surf/lh.white
Reading target registration 
 /home/stone-ext1/freesurfer/subjects/FS6EXPERT_subj01_ver10/surf/lh.sphere.reg
Rescaling ...  original radius = 100
Building target registration hash (res=16).
Building source registration hash (res=16).
INFO: found  3422 nlabel points
Performing mapping from target back to the source label 227021
Number of reverse mapping hits = 3568
Checking for and removing duplicates
Writing label file ./lh.BA45_exvivo.label 6990
mri_label2label: Done


 mri_label2label --srcsubject fsaverage --srclabel /home/stone-ext1/freesurfer/subjects/fsaverage/label/lh.V1_exvivo.label --trgsubject FS6EXPERT_subj01_ver10 --trglabel ./lh.V1_exvivo.label --hemi lh --regmethod surface 


srclabel = /home/stone-ext1/freesurfer/subjects/fsaverage/label/lh.V1_exvivo.label
srcsubject = fsaverage
trgsubject = FS6EXPERT_subj01_ver10
trglabel = ./lh.V1_exvivo.label
regmethod = surface

srchemi = lh
trghemi = lh
trgsurface = white
srcsurfreg = sphere.reg
trgsurfreg = sphere.reg
usehash = 1
Use ProjAbs  = 0, 0
Use ProjFrac = 0, 0
DoPaint 0

SUBJECTS_DIR    /home/stone-ext1/freesurfer/subjects
FREESURFER_HOME /home/stone/software/freesurfer_stable_600
Loading source label.
Found 4641 points in source label.
Starting surface-based mapping
Reading source registration 
 /home/stone-ext1/freesurfer/subjects/fsaverage/surf/lh.sphere.reg
Rescaling ...  original radius = 100
Reading target surface 
 /home/stone-ext1/freesurfer/subjects/FS6EXPERT_subj01_ver10/surf/lh.white
Reading target registration 
 /home/stone-ext1/freesurfer/subjects/FS6EXPERT_subj01_ver10/surf/lh.sphere.reg
Rescaling ...  original radius = 100
Building target registration hash (res=16).
Building source registration hash (res=16).
INFO: found  4641 nlabel points
Performing mapping from target back to the source label 227021
Number of reverse mapping hits = 5818
Checking for and removing duplicates
Writing label file ./lh.V1_exvivo.label 10459
mri_label2label: Done


 mri_label2label --srcsubject fsaverage --srclabel /home/stone-ext1/freesurfer/subjects/fsaverage/label/lh.V2_exvivo.label --trgsubject FS6EXPERT_subj01_ver10 --trglabel ./lh.V2_exvivo.label --hemi lh --regmethod surface 


srclabel = /home/stone-ext1/freesurfer/subjects/fsaverage/label/lh.V2_exvivo.label
srcsubject = fsaverage
trgsubject = FS6EXPERT_subj01_ver10
trglabel = ./lh.V2_exvivo.label
regmethod = surface

srchemi = lh
trghemi = lh
trgsurface = white
srcsurfreg = sphere.reg
trgsurfreg = sphere.reg
usehash = 1
Use ProjAbs  = 0, 0
Use ProjFrac = 0, 0
DoPaint 0

SUBJECTS_DIR    /home/stone-ext1/freesurfer/subjects
FREESURFER_HOME /home/stone/software/freesurfer_stable_600
Loading source label.
Found 8114 points in source label.
Starting surface-based mapping
Reading source registration 
 /home/stone-ext1/freesurfer/subjects/fsaverage/surf/lh.sphere.reg
Rescaling ...  original radius = 100
Reading target surface 
 /home/stone-ext1/freesurfer/subjects/FS6EXPERT_subj01_ver10/surf/lh.white
Reading target registration 
 /home/stone-ext1/freesurfer/subjects/FS6EXPERT_subj01_ver10/surf/lh.sphere.reg
Rescaling ...  original radius = 100
Building target registration hash (res=16).
Building source registration hash (res=16).
INFO: found  8114 nlabel points
Performing mapping from target back to the source label 227021
Number of reverse mapping hits = 10349
Checking for and removing duplicates
Writing label file ./lh.V2_exvivo.label 18463
mri_label2label: Done


 mri_label2label --srcsubject fsaverage --srclabel /home/stone-ext1/freesurfer/subjects/fsaverage/label/lh.MT_exvivo.label --trgsubject FS6EXPERT_subj01_ver10 --trglabel ./lh.MT_exvivo.label --hemi lh --regmethod surface 


srclabel = /home/stone-ext1/freesurfer/subjects/fsaverage/label/lh.MT_exvivo.label
srcsubject = fsaverage
trgsubject = FS6EXPERT_subj01_ver10
trglabel = ./lh.MT_exvivo.label
regmethod = surface

srchemi = lh
trghemi = lh
trgsurface = white
srcsurfreg = sphere.reg
trgsurfreg = sphere.reg
usehash = 1
Use ProjAbs  = 0, 0
Use ProjFrac = 0, 0
DoPaint 0

SUBJECTS_DIR    /home/stone-ext1/freesurfer/subjects
FREESURFER_HOME /home/stone/software/freesurfer_stable_600
Loading source label.
Found 2018 points in source label.
Starting surface-based mapping
Reading source registration 
 /home/stone-ext1/freesurfer/subjects/fsaverage/surf/lh.sphere.reg
Rescaling ...  original radius = 100
Reading target surface 
 /home/stone-ext1/freesurfer/subjects/FS6EXPERT_subj01_ver10/surf/lh.white
Reading target registration 
 /home/stone-ext1/freesurfer/subjects/FS6EXPERT_subj01_ver10/surf/lh.sphere.reg
Rescaling ...  original radius = 100
Building target registration hash (res=16).
Building source registration hash (res=16).
INFO: found  2018 nlabel points
Performing mapping from target back to the source label 227021
Number of reverse mapping hits = 1255
Checking for and removing duplicates
Writing label file ./lh.MT_exvivo.label 3273
mri_label2label: Done


 mri_label2label --srcsubject fsaverage --srclabel /home/stone-ext1/freesurfer/subjects/fsaverage/label/lh.entorhinal_exvivo.label --trgsubject FS6EXPERT_subj01_ver10 --trglabel ./lh.entorhinal_exvivo.label --hemi lh --regmethod surface 


srclabel = /home/stone-ext1/freesurfer/subjects/fsaverage/label/lh.entorhinal_exvivo.label
srcsubject = fsaverage
trgsubject = FS6EXPERT_subj01_ver10
trglabel = ./lh.entorhinal_exvivo.label
regmethod = surface

srchemi = lh
trghemi = lh
trgsurface = white
srcsurfreg = sphere.reg
trgsurfreg = sphere.reg
usehash = 1
Use ProjAbs  = 0, 0
Use ProjFrac = 0, 0
DoPaint 0

SUBJECTS_DIR    /home/stone-ext1/freesurfer/subjects
FREESURFER_HOME /home/stone/software/freesurfer_stable_600
Loading source label.
Found 1290 points in source label.
Starting surface-based mapping
Reading source registration 
 /home/stone-ext1/freesurfer/subjects/fsaverage/surf/lh.sphere.reg
Rescaling ...  original radius = 100
Reading target surface 
 /home/stone-ext1/freesurfer/subjects/FS6EXPERT_subj01_ver10/surf/lh.white
Reading target registration 
 /home/stone-ext1/freesurfer/subjects/FS6EXPERT_subj01_ver10/surf/lh.sphere.reg
Rescaling ...  original radius = 100
Building target registration hash (res=16).
Building source registration hash (res=16).
INFO: found  1290 nlabel points
Performing mapping from target back to the source label 227021
Number of reverse mapping hits = 331
Checking for and removing duplicates
Writing label file ./lh.entorhinal_exvivo.label 1621
mri_label2label: Done


 mri_label2label --srcsubject fsaverage --srclabel /home/stone-ext1/freesurfer/subjects/fsaverage/label/lh.perirhinal_exvivo.label --trgsubject FS6EXPERT_subj01_ver10 --trglabel ./lh.perirhinal_exvivo.label --hemi lh --regmethod surface 


srclabel = /home/stone-ext1/freesurfer/subjects/fsaverage/label/lh.perirhinal_exvivo.label
srcsubject = fsaverage
trgsubject = FS6EXPERT_subj01_ver10
trglabel = ./lh.perirhinal_exvivo.label
regmethod = surface

srchemi = lh
trghemi = lh
trgsurface = white
srcsurfreg = sphere.reg
trgsurfreg = sphere.reg
usehash = 1
Use ProjAbs  = 0, 0
Use ProjFrac = 0, 0
DoPaint 0

SUBJECTS_DIR    /home/stone-ext1/freesurfer/subjects
FREESURFER_HOME /home/stone/software/freesurfer_stable_600
Loading source label.
Found 1199 points in source label.
Starting surface-based mapping
Reading source registration 
 /home/stone-ext1/freesurfer/subjects/fsaverage/surf/lh.sphere.reg
Rescaling ...  original radius = 100
Reading target surface 
 /home/stone-ext1/freesurfer/subjects/FS6EXPERT_subj01_ver10/surf/lh.white
Reading target registration 
 /home/stone-ext1/freesurfer/subjects/FS6EXPERT_subj01_ver10/surf/lh.sphere.reg
Rescaling ...  original radius = 100
Building target registration hash (res=16).
Building source registration hash (res=16).
INFO: found  1199 nlabel points
Performing mapping from target back to the source label 227021
Number of reverse mapping hits = 323
Checking for and removing duplicates
Writing label file ./lh.perirhinal_exvivo.label 1522
mri_label2label: Done


 mri_label2label --srcsubject fsaverage --srclabel /home/stone-ext1/freesurfer/subjects/fsaverage/label/lh.BA1_exvivo.thresh.label --trgsubject FS6EXPERT_subj01_ver10 --trglabel ./lh.BA1_exvivo.thresh.label --hemi lh --regmethod surface 


srclabel = /home/stone-ext1/freesurfer/subjects/fsaverage/label/lh.BA1_exvivo.thresh.label
srcsubject = fsaverage
trgsubject = FS6EXPERT_subj01_ver10
trglabel = ./lh.BA1_exvivo.thresh.label
regmethod = surface

srchemi = lh
trghemi = lh
trgsurface = white
srcsurfreg = sphere.reg
trgsurfreg = sphere.reg
usehash = 1
Use ProjAbs  = 0, 0
Use ProjFrac = 0, 0
DoPaint 0

SUBJECTS_DIR    /home/stone-ext1/freesurfer/subjects
FREESURFER_HOME /home/stone/software/freesurfer_stable_600
Loading source label.
Found 1014 points in source label.
Starting surface-based mapping
Reading source registration 
 /home/stone-ext1/freesurfer/subjects/fsaverage/surf/lh.sphere.reg
Rescaling ...  original radius = 100
Reading target surface 
 /home/stone-ext1/freesurfer/subjects/FS6EXPERT_subj01_ver10/surf/lh.white
Reading target registration 
 /home/stone-ext1/freesurfer/subjects/FS6EXPERT_subj01_ver10/surf/lh.sphere.reg
Rescaling ...  original radius = 100
Building target registration hash (res=16).
Building source registration hash (res=16).
INFO: found  1014 nlabel points
Performing mapping from target back to the source label 227021
Number of reverse mapping hits = 149
Checking for and removing duplicates
Writing label file ./lh.BA1_exvivo.thresh.label 1163
mri_label2label: Done


 mri_label2label --srcsubject fsaverage --srclabel /home/stone-ext1/freesurfer/subjects/fsaverage/label/lh.BA2_exvivo.thresh.label --trgsubject FS6EXPERT_subj01_ver10 --trglabel ./lh.BA2_exvivo.thresh.label --hemi lh --regmethod surface 


srclabel = /home/stone-ext1/freesurfer/subjects/fsaverage/label/lh.BA2_exvivo.thresh.label
srcsubject = fsaverage
trgsubject = FS6EXPERT_subj01_ver10
trglabel = ./lh.BA2_exvivo.thresh.label
regmethod = surface

srchemi = lh
trghemi = lh
trgsurface = white
srcsurfreg = sphere.reg
trgsurfreg = sphere.reg
usehash = 1
Use ProjAbs  = 0, 0
Use ProjFrac = 0, 0
DoPaint 0

SUBJECTS_DIR    /home/stone-ext1/freesurfer/subjects
FREESURFER_HOME /home/stone/software/freesurfer_stable_600
Loading source label.
Found 2092 points in source label.
Starting surface-based mapping
Reading source registration 
 /home/stone-ext1/freesurfer/subjects/fsaverage/surf/lh.sphere.reg
Rescaling ...  original radius = 100
Reading target surface 
 /home/stone-ext1/freesurfer/subjects/FS6EXPERT_subj01_ver10/surf/lh.white
Reading target registration 
 /home/stone-ext1/freesurfer/subjects/FS6EXPERT_subj01_ver10/surf/lh.sphere.reg
Rescaling ...  original radius = 100
Building target registration hash (res=16).
Building source registration hash (res=16).
INFO: found  2092 nlabel points
Performing mapping from target back to the source label 227021
Number of reverse mapping hits = 408
Checking for and removing duplicates
Writing label file ./lh.BA2_exvivo.thresh.label 2500
mri_label2label: Done


 mri_label2label --srcsubject fsaverage --srclabel /home/stone-ext1/freesurfer/subjects/fsaverage/label/lh.BA3a_exvivo.thresh.label --trgsubject FS6EXPERT_subj01_ver10 --trglabel ./lh.BA3a_exvivo.thresh.label --hemi lh --regmethod surface 


srclabel = /home/stone-ext1/freesurfer/subjects/fsaverage/label/lh.BA3a_exvivo.thresh.label
srcsubject = fsaverage
trgsubject = FS6EXPERT_subj01_ver10
trglabel = ./lh.BA3a_exvivo.thresh.label
regmethod = surface

srchemi = lh
trghemi = lh
trgsurface = white
srcsurfreg = sphere.reg
trgsurfreg = sphere.reg
usehash = 1
Use ProjAbs  = 0, 0
Use ProjFrac = 0, 0
DoPaint 0

SUBJECTS_DIR    /home/stone-ext1/freesurfer/subjects
FREESURFER_HOME /home/stone/software/freesurfer_stable_600
Loading source label.
Found 1504 points in source label.
Starting surface-based mapping
Reading source registration 
 /home/stone-ext1/freesurfer/subjects/fsaverage/surf/lh.sphere.reg
Rescaling ...  original radius = 100
Reading target surface 
 /home/stone-ext1/freesurfer/subjects/FS6EXPERT_subj01_ver10/surf/lh.white
Reading target registration 
 /home/stone-ext1/freesurfer/subjects/FS6EXPERT_subj01_ver10/surf/lh.sphere.reg
Rescaling ...  original radius = 100
Building target registration hash (res=16).
Building source registration hash (res=16).
INFO: found  1504 nlabel points
Performing mapping from target back to the source label 227021
Number of reverse mapping hits = 208
Checking for and removing duplicates
Writing label file ./lh.BA3a_exvivo.thresh.label 1712
mri_label2label: Done


 mri_label2label --srcsubject fsaverage --srclabel /home/stone-ext1/freesurfer/subjects/fsaverage/label/lh.BA3b_exvivo.thresh.label --trgsubject FS6EXPERT_subj01_ver10 --trglabel ./lh.BA3b_exvivo.thresh.label --hemi lh --regmethod surface 


srclabel = /home/stone-ext1/freesurfer/subjects/fsaverage/label/lh.BA3b_exvivo.thresh.label
srcsubject = fsaverage
trgsubject = FS6EXPERT_subj01_ver10
trglabel = ./lh.BA3b_exvivo.thresh.label
regmethod = surface

srchemi = lh
trghemi = lh
trgsurface = white
srcsurfreg = sphere.reg
trgsurfreg = sphere.reg
usehash = 1
Use ProjAbs  = 0, 0
Use ProjFrac = 0, 0
DoPaint 0

SUBJECTS_DIR    /home/stone-ext1/freesurfer/subjects
FREESURFER_HOME /home/stone/software/freesurfer_stable_600
Loading source label.
Found 1996 points in source label.
Starting surface-based mapping
Reading source registration 
 /home/stone-ext1/freesurfer/subjects/fsaverage/surf/lh.sphere.reg
Rescaling ...  original radius = 100
Reading target surface 
 /home/stone-ext1/freesurfer/subjects/FS6EXPERT_subj01_ver10/surf/lh.white
Reading target registration 
 /home/stone-ext1/freesurfer/subjects/FS6EXPERT_subj01_ver10/surf/lh.sphere.reg
Rescaling ...  original radius = 100
Building target registration hash (res=16).
Building source registration hash (res=16).
INFO: found  1996 nlabel points
Performing mapping from target back to the source label 227021
Number of reverse mapping hits = 505
Checking for and removing duplicates
Writing label file ./lh.BA3b_exvivo.thresh.label 2501
mri_label2label: Done


 mri_label2label --srcsubject fsaverage --srclabel /home/stone-ext1/freesurfer/subjects/fsaverage/label/lh.BA4a_exvivo.thresh.label --trgsubject FS6EXPERT_subj01_ver10 --trglabel ./lh.BA4a_exvivo.thresh.label --hemi lh --regmethod surface 


srclabel = /home/stone-ext1/freesurfer/subjects/fsaverage/label/lh.BA4a_exvivo.thresh.label
srcsubject = fsaverage
trgsubject = FS6EXPERT_subj01_ver10
trglabel = ./lh.BA4a_exvivo.thresh.label
regmethod = surface

srchemi = lh
trghemi = lh
trgsurface = white
srcsurfreg = sphere.reg
trgsurfreg = sphere.reg
usehash = 1
Use ProjAbs  = 0, 0
Use ProjFrac = 0, 0
DoPaint 0

SUBJECTS_DIR    /home/stone-ext1/freesurfer/subjects
FREESURFER_HOME /home/stone/software/freesurfer_stable_600
Loading source label.
Found 2319 points in source label.
Starting surface-based mapping
Reading source registration 
 /home/stone-ext1/freesurfer/subjects/fsaverage/surf/lh.sphere.reg
Rescaling ...  original radius = 100
Reading target surface 
 /home/stone-ext1/freesurfer/subjects/FS6EXPERT_subj01_ver10/surf/lh.white
Reading target registration 
 /home/stone-ext1/freesurfer/subjects/FS6EXPERT_subj01_ver10/surf/lh.sphere.reg
Rescaling ...  original radius = 100
Building target registration hash (res=16).
Building source registration hash (res=16).
INFO: found  2319 nlabel points
Performing mapping from target back to the source label 227021
Number of reverse mapping hits = 553
Checking for and removing duplicates
Writing label file ./lh.BA4a_exvivo.thresh.label 2872
mri_label2label: Done


 mri_label2label --srcsubject fsaverage --srclabel /home/stone-ext1/freesurfer/subjects/fsaverage/label/lh.BA4p_exvivo.thresh.label --trgsubject FS6EXPERT_subj01_ver10 --trglabel ./lh.BA4p_exvivo.thresh.label --hemi lh --regmethod surface 


srclabel = /home/stone-ext1/freesurfer/subjects/fsaverage/label/lh.BA4p_exvivo.thresh.label
srcsubject = fsaverage
trgsubject = FS6EXPERT_subj01_ver10
trglabel = ./lh.BA4p_exvivo.thresh.label
regmethod = surface

srchemi = lh
trghemi = lh
trgsurface = white
srcsurfreg = sphere.reg
trgsurfreg = sphere.reg
usehash = 1
Use ProjAbs  = 0, 0
Use ProjFrac = 0, 0
DoPaint 0

SUBJECTS_DIR    /home/stone-ext1/freesurfer/subjects
FREESURFER_HOME /home/stone/software/freesurfer_stable_600
Loading source label.
Found 1549 points in source label.
Starting surface-based mapping
Reading source registration 
 /home/stone-ext1/freesurfer/subjects/fsaverage/surf/lh.sphere.reg
Rescaling ...  original radius = 100
Reading target surface 
 /home/stone-ext1/freesurfer/subjects/FS6EXPERT_subj01_ver10/surf/lh.white
Reading target registration 
 /home/stone-ext1/freesurfer/subjects/FS6EXPERT_subj01_ver10/surf/lh.sphere.reg
Rescaling ...  original radius = 100
Building target registration hash (res=16).
Building source registration hash (res=16).
INFO: found  1549 nlabel points
Performing mapping from target back to the source label 227021
Number of reverse mapping hits = 286
Checking for and removing duplicates
Writing label file ./lh.BA4p_exvivo.thresh.label 1835
mri_label2label: Done


 mri_label2label --srcsubject fsaverage --srclabel /home/stone-ext1/freesurfer/subjects/fsaverage/label/lh.BA6_exvivo.thresh.label --trgsubject FS6EXPERT_subj01_ver10 --trglabel ./lh.BA6_exvivo.thresh.label --hemi lh --regmethod surface 


srclabel = /home/stone-ext1/freesurfer/subjects/fsaverage/label/lh.BA6_exvivo.thresh.label
srcsubject = fsaverage
trgsubject = FS6EXPERT_subj01_ver10
trglabel = ./lh.BA6_exvivo.thresh.label
regmethod = surface

srchemi = lh
trghemi = lh
trgsurface = white
srcsurfreg = sphere.reg
trgsurfreg = sphere.reg
usehash = 1
Use ProjAbs  = 0, 0
Use ProjFrac = 0, 0
DoPaint 0

SUBJECTS_DIR    /home/stone-ext1/freesurfer/subjects
FREESURFER_HOME /home/stone/software/freesurfer_stable_600
Loading source label.
Found 7035 points in source label.
Starting surface-based mapping
Reading source registration 
 /home/stone-ext1/freesurfer/subjects/fsaverage/surf/lh.sphere.reg
Rescaling ...  original radius = 100
Reading target surface 
 /home/stone-ext1/freesurfer/subjects/FS6EXPERT_subj01_ver10/surf/lh.white
Reading target registration 
 /home/stone-ext1/freesurfer/subjects/FS6EXPERT_subj01_ver10/surf/lh.sphere.reg
Rescaling ...  original radius = 100
Building target registration hash (res=16).
Building source registration hash (res=16).
INFO: found  7035 nlabel points
Performing mapping from target back to the source label 227021
Number of reverse mapping hits = 1350
Checking for and removing duplicates
Writing label file ./lh.BA6_exvivo.thresh.label 8385
mri_label2label: Done


 mri_label2label --srcsubject fsaverage --srclabel /home/stone-ext1/freesurfer/subjects/fsaverage/label/lh.BA44_exvivo.thresh.label --trgsubject FS6EXPERT_subj01_ver10 --trglabel ./lh.BA44_exvivo.thresh.label --hemi lh --regmethod surface 


srclabel = /home/stone-ext1/freesurfer/subjects/fsaverage/label/lh.BA44_exvivo.thresh.label
srcsubject = fsaverage
trgsubject = FS6EXPERT_subj01_ver10
trglabel = ./lh.BA44_exvivo.thresh.label
regmethod = surface

srchemi = lh
trghemi = lh
trgsurface = white
srcsurfreg = sphere.reg
trgsurfreg = sphere.reg
usehash = 1
Use ProjAbs  = 0, 0
Use ProjFrac = 0, 0
DoPaint 0

SUBJECTS_DIR    /home/stone-ext1/freesurfer/subjects
FREESURFER_HOME /home/stone/software/freesurfer_stable_600
Loading source label.
Found 1912 points in source label.
Starting surface-based mapping
Reading source registration 
 /home/stone-ext1/freesurfer/subjects/fsaverage/surf/lh.sphere.reg
Rescaling ...  original radius = 100
Reading target surface 
 /home/stone-ext1/freesurfer/subjects/FS6EXPERT_subj01_ver10/surf/lh.white
Reading target registration 
 /home/stone-ext1/freesurfer/subjects/FS6EXPERT_subj01_ver10/surf/lh.sphere.reg
Rescaling ...  original radius = 100
Building target registration hash (res=16).
Building source registration hash (res=16).
INFO: found  1912 nlabel points
Performing mapping from target back to the source label 227021
Number of reverse mapping hits = 311
Checking for and removing duplicates
Writing label file ./lh.BA44_exvivo.thresh.label 2223
mri_label2label: Done


 mri_label2label --srcsubject fsaverage --srclabel /home/stone-ext1/freesurfer/subjects/fsaverage/label/lh.BA45_exvivo.thresh.label --trgsubject FS6EXPERT_subj01_ver10 --trglabel ./lh.BA45_exvivo.thresh.label --hemi lh --regmethod surface 


srclabel = /home/stone-ext1/freesurfer/subjects/fsaverage/label/lh.BA45_exvivo.thresh.label
srcsubject = fsaverage
trgsubject = FS6EXPERT_subj01_ver10
trglabel = ./lh.BA45_exvivo.thresh.label
regmethod = surface

srchemi = lh
trghemi = lh
trgsurface = white
srcsurfreg = sphere.reg
trgsurfreg = sphere.reg
usehash = 1
Use ProjAbs  = 0, 0
Use ProjFrac = 0, 0
DoPaint 0

SUBJECTS_DIR    /home/stone-ext1/freesurfer/subjects
FREESURFER_HOME /home/stone/software/freesurfer_stable_600
Loading source label.
Found 1151 points in source label.
Starting surface-based mapping
Reading source registration 
 /home/stone-ext1/freesurfer/subjects/fsaverage/surf/lh.sphere.reg
Rescaling ...  original radius = 100
Reading target surface 
 /home/stone-ext1/freesurfer/subjects/FS6EXPERT_subj01_ver10/surf/lh.white
Reading target registration 
 /home/stone-ext1/freesurfer/subjects/FS6EXPERT_subj01_ver10/surf/lh.sphere.reg
Rescaling ...  original radius = 100
Building target registration hash (res=16).
Building source registration hash (res=16).
INFO: found  1151 nlabel points
Performing mapping from target back to the source label 227021
Number of reverse mapping hits = 1370
Checking for and removing duplicates
Writing label file ./lh.BA45_exvivo.thresh.label 2521
mri_label2label: Done


 mri_label2label --srcsubject fsaverage --srclabel /home/stone-ext1/freesurfer/subjects/fsaverage/label/lh.V1_exvivo.thresh.label --trgsubject FS6EXPERT_subj01_ver10 --trglabel ./lh.V1_exvivo.thresh.label --hemi lh --regmethod surface 


srclabel = /home/stone-ext1/freesurfer/subjects/fsaverage/label/lh.V1_exvivo.thresh.label
srcsubject = fsaverage
trgsubject = FS6EXPERT_subj01_ver10
trglabel = ./lh.V1_exvivo.thresh.label
regmethod = surface

srchemi = lh
trghemi = lh
trgsurface = white
srcsurfreg = sphere.reg
trgsurfreg = sphere.reg
usehash = 1
Use ProjAbs  = 0, 0
Use ProjFrac = 0, 0
DoPaint 0

SUBJECTS_DIR    /home/stone-ext1/freesurfer/subjects
FREESURFER_HOME /home/stone/software/freesurfer_stable_600
Loading source label.
Found 3405 points in source label.
Starting surface-based mapping
Reading source registration 
 /home/stone-ext1/freesurfer/subjects/fsaverage/surf/lh.sphere.reg
Rescaling ...  original radius = 100
Reading target surface 
 /home/stone-ext1/freesurfer/subjects/FS6EXPERT_subj01_ver10/surf/lh.white
Reading target registration 
 /home/stone-ext1/freesurfer/subjects/FS6EXPERT_subj01_ver10/surf/lh.sphere.reg
Rescaling ...  original radius = 100
Building target registration hash (res=16).
Building source registration hash (res=16).
INFO: found  3405 nlabel points
Performing mapping from target back to the source label 227021
Number of reverse mapping hits = 4345
Checking for and removing duplicates
Writing label file ./lh.V1_exvivo.thresh.label 7750
mri_label2label: Done


 mri_label2label --srcsubject fsaverage --srclabel /home/stone-ext1/freesurfer/subjects/fsaverage/label/lh.V2_exvivo.thresh.label --trgsubject FS6EXPERT_subj01_ver10 --trglabel ./lh.V2_exvivo.thresh.label --hemi lh --regmethod surface 


srclabel = /home/stone-ext1/freesurfer/subjects/fsaverage/label/lh.V2_exvivo.thresh.label
srcsubject = fsaverage
trgsubject = FS6EXPERT_subj01_ver10
trglabel = ./lh.V2_exvivo.thresh.label
regmethod = surface

srchemi = lh
trghemi = lh
trgsurface = white
srcsurfreg = sphere.reg
trgsurfreg = sphere.reg
usehash = 1
Use ProjAbs  = 0, 0
Use ProjFrac = 0, 0
DoPaint 0

SUBJECTS_DIR    /home/stone-ext1/freesurfer/subjects
FREESURFER_HOME /home/stone/software/freesurfer_stable_600
Loading source label.
Found 3334 points in source label.
Starting surface-based mapping
Reading source registration 
 /home/stone-ext1/freesurfer/subjects/fsaverage/surf/lh.sphere.reg
Rescaling ...  original radius = 100
Reading target surface 
 /home/stone-ext1/freesurfer/subjects/FS6EXPERT_subj01_ver10/surf/lh.white
Reading target registration 
 /home/stone-ext1/freesurfer/subjects/FS6EXPERT_subj01_ver10/surf/lh.sphere.reg
Rescaling ...  original radius = 100
Building target registration hash (res=16).
Building source registration hash (res=16).
INFO: found  3334 nlabel points
Performing mapping from target back to the source label 227021
Number of reverse mapping hits = 4537
Checking for and removing duplicates
Writing label file ./lh.V2_exvivo.thresh.label 7871
mri_label2label: Done


 mri_label2label --srcsubject fsaverage --srclabel /home/stone-ext1/freesurfer/subjects/fsaverage/label/lh.MT_exvivo.thresh.label --trgsubject FS6EXPERT_subj01_ver10 --trglabel ./lh.MT_exvivo.thresh.label --hemi lh --regmethod surface 


srclabel = /home/stone-ext1/freesurfer/subjects/fsaverage/label/lh.MT_exvivo.thresh.label
srcsubject = fsaverage
trgsubject = FS6EXPERT_subj01_ver10
trglabel = ./lh.MT_exvivo.thresh.label
regmethod = surface

srchemi = lh
trghemi = lh
trgsurface = white
srcsurfreg = sphere.reg
trgsurfreg = sphere.reg
usehash = 1
Use ProjAbs  = 0, 0
Use ProjFrac = 0, 0
DoPaint 0

SUBJECTS_DIR    /home/stone-ext1/freesurfer/subjects
FREESURFER_HOME /home/stone/software/freesurfer_stable_600
Loading source label.
Found 513 points in source label.
Starting surface-based mapping
Reading source registration 
 /home/stone-ext1/freesurfer/subjects/fsaverage/surf/lh.sphere.reg
Rescaling ...  original radius = 100
Reading target surface 
 /home/stone-ext1/freesurfer/subjects/FS6EXPERT_subj01_ver10/surf/lh.white
Reading target registration 
 /home/stone-ext1/freesurfer/subjects/FS6EXPERT_subj01_ver10/surf/lh.sphere.reg
Rescaling ...  original radius = 100
Building target registration hash (res=16).
Building source registration hash (res=16).
INFO: found  513 nlabel points
Performing mapping from target back to the source label 227021
Number of reverse mapping hits = 304
Checking for and removing duplicates
Writing label file ./lh.MT_exvivo.thresh.label 817
mri_label2label: Done


 mri_label2label --srcsubject fsaverage --srclabel /home/stone-ext1/freesurfer/subjects/fsaverage/label/lh.entorhinal_exvivo.thresh.label --trgsubject FS6EXPERT_subj01_ver10 --trglabel ./lh.entorhinal_exvivo.thresh.label --hemi lh --regmethod surface 


srclabel = /home/stone-ext1/freesurfer/subjects/fsaverage/label/lh.entorhinal_exvivo.thresh.label
srcsubject = fsaverage
trgsubject = FS6EXPERT_subj01_ver10
trglabel = ./lh.entorhinal_exvivo.thresh.label
regmethod = surface

srchemi = lh
trghemi = lh
trgsurface = white
srcsurfreg = sphere.reg
trgsurfreg = sphere.reg
usehash = 1
Use ProjAbs  = 0, 0
Use ProjFrac = 0, 0
DoPaint 0

SUBJECTS_DIR    /home/stone-ext1/freesurfer/subjects
FREESURFER_HOME /home/stone/software/freesurfer_stable_600
Loading source label.
Found 470 points in source label.
Starting surface-based mapping
Reading source registration 
 /home/stone-ext1/freesurfer/subjects/fsaverage/surf/lh.sphere.reg
Rescaling ...  original radius = 100
Reading target surface 
 /home/stone-ext1/freesurfer/subjects/FS6EXPERT_subj01_ver10/surf/lh.white
Reading target registration 
 /home/stone-ext1/freesurfer/subjects/FS6EXPERT_subj01_ver10/surf/lh.sphere.reg
Rescaling ...  original radius = 100
Building target registration hash (res=16).
Building source registration hash (res=16).
INFO: found  470 nlabel points
Performing mapping from target back to the source label 227021
Number of reverse mapping hits = 130
Checking for and removing duplicates
Writing label file ./lh.entorhinal_exvivo.thresh.label 600
mri_label2label: Done


 mri_label2label --srcsubject fsaverage --srclabel /home/stone-ext1/freesurfer/subjects/fsaverage/label/lh.perirhinal_exvivo.thresh.label --trgsubject FS6EXPERT_subj01_ver10 --trglabel ./lh.perirhinal_exvivo.thresh.label --hemi lh --regmethod surface 


srclabel = /home/stone-ext1/freesurfer/subjects/fsaverage/label/lh.perirhinal_exvivo.thresh.label
srcsubject = fsaverage
trgsubject = FS6EXPERT_subj01_ver10
trglabel = ./lh.perirhinal_exvivo.thresh.label
regmethod = surface

srchemi = lh
trghemi = lh
trgsurface = white
srcsurfreg = sphere.reg
trgsurfreg = sphere.reg
usehash = 1
Use ProjAbs  = 0, 0
Use ProjFrac = 0, 0
DoPaint 0

SUBJECTS_DIR    /home/stone-ext1/freesurfer/subjects
FREESURFER_HOME /home/stone/software/freesurfer_stable_600
Loading source label.
Found 450 points in source label.
Starting surface-based mapping
Reading source registration 
 /home/stone-ext1/freesurfer/subjects/fsaverage/surf/lh.sphere.reg
Rescaling ...  original radius = 100
Reading target surface 
 /home/stone-ext1/freesurfer/subjects/FS6EXPERT_subj01_ver10/surf/lh.white
Reading target registration 
 /home/stone-ext1/freesurfer/subjects/FS6EXPERT_subj01_ver10/surf/lh.sphere.reg
Rescaling ...  original radius = 100
Building target registration hash (res=16).
Building source registration hash (res=16).
INFO: found  450 nlabel points
Performing mapping from target back to the source label 227021
Number of reverse mapping hits = 136
Checking for and removing duplicates
Writing label file ./lh.perirhinal_exvivo.thresh.label 586
mri_label2label: Done


 mris_label2annot --s FS6EXPERT_subj01_ver10 --hemi lh --ctab /home/stone/software/freesurfer_stable_600/average/colortable_BA.txt --l lh.BA1_exvivo.label --l lh.BA2_exvivo.label --l lh.BA3a_exvivo.label --l lh.BA3b_exvivo.label --l lh.BA4a_exvivo.label --l lh.BA4p_exvivo.label --l lh.BA6_exvivo.label --l lh.BA44_exvivo.label --l lh.BA45_exvivo.label --l lh.V1_exvivo.label --l lh.V2_exvivo.label --l lh.MT_exvivo.label --l lh.entorhinal_exvivo.label --l lh.perirhinal_exvivo.label --a BA_exvivo --maxstatwinner --noverbose 

Reading ctab /home/stone/software/freesurfer_stable_600/average/colortable_BA.txt
Number of ctab entries 15

$Id: mris_label2annot.c,v 1.20 2016/01/07 23:28:11 greve Exp $
cwd /home/stone-ext1/freesurfer/subjects/FS6EXPERT_subj01_ver10/label
cmdline mris_label2annot --s FS6EXPERT_subj01_ver10 --hemi lh --ctab /home/stone/software/freesurfer_stable_600/average/colortable_BA.txt --l lh.BA1_exvivo.label --l lh.BA2_exvivo.label --l lh.BA3a_exvivo.label --l lh.BA3b_exvivo.label --l lh.BA4a_exvivo.label --l lh.BA4p_exvivo.label --l lh.BA6_exvivo.label --l lh.BA44_exvivo.label --l lh.BA45_exvivo.label --l lh.V1_exvivo.label --l lh.V2_exvivo.label --l lh.MT_exvivo.label --l lh.entorhinal_exvivo.label --l lh.perirhinal_exvivo.label --a BA_exvivo --maxstatwinner --noverbose 
sysname  Linux
hostname stone.cmrr.umn.edu
machine  x86_64
user     emilya

subject FS6EXPERT_subj01_ver10
hemi    lh
SUBJECTS_DIR /home/stone-ext1/freesurfer/subjects
ColorTable /home/stone/software/freesurfer_stable_600/average/colortable_BA.txt
AnnotName  BA_exvivo
nlables 14
LabelThresh 0 0.000000
Loading /home/stone-ext1/freesurfer/subjects/FS6EXPERT_subj01_ver10/surf/lh.orig
 1 1530880 BA1_exvivo
 2 16749699 BA2_exvivo
 3 16711680 BA3a_exvivo
 4 3368703 BA3b_exvivo
 5 1376196 BA4a_exvivo
 6 13382655 BA4p_exvivo
 7 10036737 BA6_exvivo
 8 2490521 BA44_exvivo
 9 39283 BA45_exvivo
10 3993 V1_exvivo
11 8508928 V2_exvivo
12 10027163 MT_exvivo
13 16422433 perirhinal_exvivo
14 16392598 entorhinal_exvivo
Mapping unhit to unknown
Found 159848 unhit vertices
Writing annot to /home/stone-ext1/freesurfer/subjects/FS6EXPERT_subj01_ver10/label/lh.BA_exvivo.annot

 mris_label2annot --s FS6EXPERT_subj01_ver10 --hemi lh --ctab /home/stone/software/freesurfer_stable_600/average/colortable_BA.txt --l lh.BA1_exvivo.thresh.label --l lh.BA2_exvivo.thresh.label --l lh.BA3a_exvivo.thresh.label --l lh.BA3b_exvivo.thresh.label --l lh.BA4a_exvivo.thresh.label --l lh.BA4p_exvivo.thresh.label --l lh.BA6_exvivo.thresh.label --l lh.BA44_exvivo.thresh.label --l lh.BA45_exvivo.thresh.label --l lh.V1_exvivo.thresh.label --l lh.V2_exvivo.thresh.label --l lh.MT_exvivo.thresh.label --l lh.entorhinal_exvivo.thresh.label --l lh.perirhinal_exvivo.thresh.label --a BA_exvivo.thresh --maxstatwinner --noverbose 

Reading ctab /home/stone/software/freesurfer_stable_600/average/colortable_BA.txt
Number of ctab entries 15

$Id: mris_label2annot.c,v 1.20 2016/01/07 23:28:11 greve Exp $
cwd /home/stone-ext1/freesurfer/subjects/FS6EXPERT_subj01_ver10/label
cmdline mris_label2annot --s FS6EXPERT_subj01_ver10 --hemi lh --ctab /home/stone/software/freesurfer_stable_600/average/colortable_BA.txt --l lh.BA1_exvivo.thresh.label --l lh.BA2_exvivo.thresh.label --l lh.BA3a_exvivo.thresh.label --l lh.BA3b_exvivo.thresh.label --l lh.BA4a_exvivo.thresh.label --l lh.BA4p_exvivo.thresh.label --l lh.BA6_exvivo.thresh.label --l lh.BA44_exvivo.thresh.label --l lh.BA45_exvivo.thresh.label --l lh.V1_exvivo.thresh.label --l lh.V2_exvivo.thresh.label --l lh.MT_exvivo.thresh.label --l lh.entorhinal_exvivo.thresh.label --l lh.perirhinal_exvivo.thresh.label --a BA_exvivo.thresh --maxstatwinner --noverbose 
sysname  Linux
hostname stone.cmrr.umn.edu
machine  x86_64
user     emilya

subject FS6EXPERT_subj01_ver10
hemi    lh
SUBJECTS_DIR /home/stone-ext1/freesurfer/subjects
ColorTable /home/stone/software/freesurfer_stable_600/average/colortable_BA.txt
AnnotName  BA_exvivo.thresh
nlables 14
LabelThresh 0 0.000000
Loading /home/stone-ext1/freesurfer/subjects/FS6EXPERT_subj01_ver10/surf/lh.orig
 1 1530880 BA1_exvivo
 2 16749699 BA2_exvivo
 3 16711680 BA3a_exvivo
 4 3368703 BA3b_exvivo
 5 1376196 BA4a_exvivo
 6 13382655 BA4p_exvivo
 7 10036737 BA6_exvivo
 8 2490521 BA44_exvivo
 9 39283 BA45_exvivo
10 3993 V1_exvivo
11 8508928 V2_exvivo
12 10027163 MT_exvivo
13 16422433 perirhinal_exvivo
14 16392598 entorhinal_exvivo
Mapping unhit to unknown
Found 187335 unhit vertices
Writing annot to /home/stone-ext1/freesurfer/subjects/FS6EXPERT_subj01_ver10/label/lh.BA_exvivo.thresh.annot

 mris_anatomical_stats -th3 -mgz -f ../stats/lh.BA_exvivo.stats -b -a ./lh.BA_exvivo.annot -c ./BA_exvivo.ctab FS6EXPERT_subj01_ver10 lh white 

computing statistics for each annotation in ./lh.BA_exvivo.annot.
reading volume /home/stone-ext1/freesurfer/subjects/FS6EXPERT_subj01_ver10/mri/wm.mgz...
reading input surface /home/stone-ext1/freesurfer/subjects/FS6EXPERT_subj01_ver10/surf/lh.white...
reading input pial surface /home/stone-ext1/freesurfer/subjects/FS6EXPERT_subj01_ver10/surf/lh.pial...
reading input white surface /home/stone-ext1/freesurfer/subjects/FS6EXPERT_subj01_ver10/surf/lh.white...
INFO: using TH3 volume calc
INFO: assuming MGZ format for volumes.
Using TH3 vertex volume calc
Total face volume 273084
Total vertex volume 270635 (mask=0)
reading colortable from annotation file...
colortable with 15 entries read (originally /home/stone/software/freesurfer_stable_600/average/colortable_BA.txt)
Saving annotation colortable ./BA_exvivo.ctab

table columns are:
    number of vertices
    total surface area (mm^2)
    total gray matter volume (mm^3)
    average cortical thickness +- standard deviation (mm)
    integrated rectified mean curvature
    integrated rectified Gaussian curvature
    folding index
    intrinsic curvature index
    structure name

atlas_icv (eTIV) = 1598476 mm^3    (det: 1.218727 )
lhCtxGM: 266310.255 525874.000  diff=-259563.7  pctdiff=-97.467
rhCtxGM: 264962.390 521502.000  diff=-256539.6  pctdiff=-96.821
lhCtxWM: 196223.093 434717.500  diff=-238494.4  pctdiff=-121.542
rhCtxWM: 194253.384 433592.500  diff=-239339.1  pctdiff=-123.210
SubCortGMVol  111164.000
SupraTentVol  1041483.122 (2049395.000) diff=-1007911.878 pctdiff=-96.777
SupraTentVolNotVent  1019024.122 (2026936.000) diff=-1007911.878 pctdiff=-98.910
BrainSegVol  2362544.000 (2358154.000) diff=4390.000 pctdiff=0.186
BrainSegVolNotVent  2333454.000 (1339188.122) diff=994265.878 pctdiff=42.609
BrainSegVolNotVent  2333454.000
CerebellumVol 306189.000
VentChorVol   22459.000
3rd4th5thCSF   6631.000
CSFVol  2241.000, OptChiasmVol   329.000
MaskVol 3507701.000
 1461    588   2156  2.609 0.435     0.109     0.026       26     1.4  BA1_exvivo
 5641   2382   6069  2.351 0.513     0.074     0.013       45     3.1  BA2_exvivo
 1665    680    998  1.783 0.375     0.078     0.015        9     0.9  BA3a_exvivo
 3743   1528   3750  2.183 0.611     0.072     0.014       26     2.4  BA3b_exvivo
 2713   1096   4090  2.971 0.429     0.068     0.012       18     1.4  BA4a_exvivo
 1917    825   2212  2.697 0.318     0.051     0.008        5     0.6  BA4p_exvivo
12980   5445  19626  2.961 0.525     0.077     0.014       97     7.4  BA6_exvivo
 3026   1267   4500  2.893 0.474     0.083     0.020       27     2.3  BA44_exvivo
 6371   2673   7763  2.489 0.528     0.085     0.019       63     4.7  BA45_exvivo
 7182   2846   6842  2.118 0.488     0.084     0.027       82     8.1  V1_exvivo
15509   6261  16075  2.227 0.496     0.097     0.025      187    15.5  V2_exvivo
 3116   1313   3733  2.458 0.515     0.092     0.019       35     2.5  MT_exvivo
  867    347   1576  3.254 0.897     0.058     0.011        3     0.4  perirhinal_exvivo
  982    422   1685  3.191 0.691     0.079     0.017        6     0.7  entorhinal_exvivo

 mris_anatomical_stats -th3 -mgz -f ../stats/lh.BA_exvivo.thresh.stats -b -a ./lh.BA_exvivo.thresh.annot -c ./BA_exvivo.thresh.ctab FS6EXPERT_subj01_ver10 lh white 

computing statistics for each annotation in ./lh.BA_exvivo.thresh.annot.
reading volume /home/stone-ext1/freesurfer/subjects/FS6EXPERT_subj01_ver10/mri/wm.mgz...
reading input surface /home/stone-ext1/freesurfer/subjects/FS6EXPERT_subj01_ver10/surf/lh.white...
reading input pial surface /home/stone-ext1/freesurfer/subjects/FS6EXPERT_subj01_ver10/surf/lh.pial...
reading input white surface /home/stone-ext1/freesurfer/subjects/FS6EXPERT_subj01_ver10/surf/lh.white...
INFO: using TH3 volume calc
INFO: assuming MGZ format for volumes.
Using TH3 vertex volume calc
Total face volume 273084
Total vertex volume 270635 (mask=0)
reading colortable from annotation file...
colortable with 15 entries read (originally /home/stone/software/freesurfer_stable_600/average/colortable_BA.txt)
Saving annotation colortable ./BA_exvivo.thresh.ctab

table columns are:
    number of vertices
    total surface area (mm^2)
    total gray matter volume (mm^3)
    average cortical thickness +- standard deviation (mm)
    integrated rectified mean curvature
    integrated rectified Gaussian curvature
    folding index
    intrinsic curvature index
    structure name

atlas_icv (eTIV) = 1598476 mm^3    (det: 1.218727 )
lhCtxGM: 266310.255 525874.000  diff=-259563.7  pctdiff=-97.467
rhCtxGM: 264962.390 521502.000  diff=-256539.6  pctdiff=-96.821
lhCtxWM: 196223.093 434717.500  diff=-238494.4  pctdiff=-121.542
rhCtxWM: 194253.384 433592.500  diff=-239339.1  pctdiff=-123.210
SubCortGMVol  111164.000
SupraTentVol  1041483.122 (2049395.000) diff=-1007911.878 pctdiff=-96.777
SupraTentVolNotVent  1019024.122 (2026936.000) diff=-1007911.878 pctdiff=-98.910
BrainSegVol  2362544.000 (2358154.000) diff=4390.000 pctdiff=0.186
BrainSegVolNotVent  2333454.000 (1339188.122) diff=994265.878 pctdiff=42.609
BrainSegVolNotVent  2333454.000
CerebellumVol 306189.000
VentChorVol   22459.000
3rd4th5thCSF   6631.000
CSFVol  2241.000, OptChiasmVol   329.000
MaskVol 3507701.000
  920    358   1376  2.668 0.416     0.114     0.026       18     0.8  BA1_exvivo
 2150    899   2412  2.391 0.490     0.069     0.014       15     1.1  BA2_exvivo
 1419    591    818  1.764 0.366     0.078     0.016        7     0.9  BA3a_exvivo
 2231    931   1862  1.845 0.349     0.058     0.011       10     1.1  BA3b_exvivo
 2526   1048   3721  2.966 0.385     0.054     0.008        8     1.0  BA4a_exvivo
 1585    668   1789  2.673 0.365     0.055     0.009        5     0.5  BA4p_exvivo
 7151   2964  11036  2.990 0.539     0.078     0.014       52     4.1  BA6_exvivo
 1892    797   3029  2.935 0.499     0.084     0.020       18     1.4  BA44_exvivo
 2487   1032   3555  2.737 0.521     0.094     0.020       30     2.0  BA45_exvivo
 7708   3027   7319  2.110 0.499     0.088     0.029       99     9.3  V1_exvivo
 7830   3064   7820  2.138 0.467     0.098     0.025       95     8.1  V2_exvivo
  804    341    972  2.557 0.524     0.098     0.018        9     0.8  MT_exvivo
  443    177    785  3.178 0.999     0.044     0.007        1     0.1  perirhinal_exvivo
  540    224    749  3.061 0.635     0.070     0.013        3     0.3  entorhinal_exvivo
#--------------------------------------------
#@# BA_exvivo Labels rh Sun Jun 23 06:32:32 CDT 2019

 mri_label2label --srcsubject fsaverage --srclabel /home/stone-ext1/freesurfer/subjects/fsaverage/label/rh.BA1_exvivo.label --trgsubject FS6EXPERT_subj01_ver10 --trglabel ./rh.BA1_exvivo.label --hemi rh --regmethod surface 


srclabel = /home/stone-ext1/freesurfer/subjects/fsaverage/label/rh.BA1_exvivo.label
srcsubject = fsaverage
trgsubject = FS6EXPERT_subj01_ver10
trglabel = ./rh.BA1_exvivo.label
regmethod = surface

srchemi = rh
trghemi = rh
trgsurface = white
srcsurfreg = sphere.reg
trgsurfreg = sphere.reg
usehash = 1
Use ProjAbs  = 0, 0
Use ProjFrac = 0, 0
DoPaint 0

SUBJECTS_DIR    /home/stone-ext1/freesurfer/subjects
FREESURFER_HOME /home/stone/software/freesurfer_stable_600
Loading source label.
Found 3962 points in source label.
Starting surface-based mapping
Reading source registration 
 /home/stone-ext1/freesurfer/subjects/fsaverage/surf/rh.sphere.reg
Rescaling ...  original radius = 100
Reading target surface 
 /home/stone-ext1/freesurfer/subjects/FS6EXPERT_subj01_ver10/surf/rh.white
Reading target registration 
 /home/stone-ext1/freesurfer/subjects/FS6EXPERT_subj01_ver10/surf/rh.sphere.reg
Rescaling ...  original radius = 100
Building target registration hash (res=16).
Building source registration hash (res=16).
INFO: found  3962 nlabel points
Performing mapping from target back to the source label 226601
Number of reverse mapping hits = 885
Checking for and removing duplicates
Writing label file ./rh.BA1_exvivo.label 4847
mri_label2label: Done


 mri_label2label --srcsubject fsaverage --srclabel /home/stone-ext1/freesurfer/subjects/fsaverage/label/rh.BA2_exvivo.label --trgsubject FS6EXPERT_subj01_ver10 --trglabel ./rh.BA2_exvivo.label --hemi rh --regmethod surface 


srclabel = /home/stone-ext1/freesurfer/subjects/fsaverage/label/rh.BA2_exvivo.label
srcsubject = fsaverage
trgsubject = FS6EXPERT_subj01_ver10
trglabel = ./rh.BA2_exvivo.label
regmethod = surface

srchemi = rh
trghemi = rh
trgsurface = white
srcsurfreg = sphere.reg
trgsurfreg = sphere.reg
usehash = 1
Use ProjAbs  = 0, 0
Use ProjFrac = 0, 0
DoPaint 0

SUBJECTS_DIR    /home/stone-ext1/freesurfer/subjects
FREESURFER_HOME /home/stone/software/freesurfer_stable_600
Loading source label.
Found 6687 points in source label.
Starting surface-based mapping
Reading source registration 
 /home/stone-ext1/freesurfer/subjects/fsaverage/surf/rh.sphere.reg
Rescaling ...  original radius = 100
Reading target surface 
 /home/stone-ext1/freesurfer/subjects/FS6EXPERT_subj01_ver10/surf/rh.white
Reading target registration 
 /home/stone-ext1/freesurfer/subjects/FS6EXPERT_subj01_ver10/surf/rh.sphere.reg
Rescaling ...  original radius = 100
Building target registration hash (res=16).
Building source registration hash (res=16).
INFO: found  6687 nlabel points
Performing mapping from target back to the source label 226601
Number of reverse mapping hits = 1290
Checking for and removing duplicates
Writing label file ./rh.BA2_exvivo.label 7977
mri_label2label: Done


 mri_label2label --srcsubject fsaverage --srclabel /home/stone-ext1/freesurfer/subjects/fsaverage/label/rh.BA3a_exvivo.label --trgsubject FS6EXPERT_subj01_ver10 --trglabel ./rh.BA3a_exvivo.label --hemi rh --regmethod surface 


srclabel = /home/stone-ext1/freesurfer/subjects/fsaverage/label/rh.BA3a_exvivo.label
srcsubject = fsaverage
trgsubject = FS6EXPERT_subj01_ver10
trglabel = ./rh.BA3a_exvivo.label
regmethod = surface

srchemi = rh
trghemi = rh
trgsurface = white
srcsurfreg = sphere.reg
trgsurfreg = sphere.reg
usehash = 1
Use ProjAbs  = 0, 0
Use ProjFrac = 0, 0
DoPaint 0

SUBJECTS_DIR    /home/stone-ext1/freesurfer/subjects
FREESURFER_HOME /home/stone/software/freesurfer_stable_600
Loading source label.
Found 3980 points in source label.
Starting surface-based mapping
Reading source registration 
 /home/stone-ext1/freesurfer/subjects/fsaverage/surf/rh.sphere.reg
Rescaling ...  original radius = 100
Reading target surface 
 /home/stone-ext1/freesurfer/subjects/FS6EXPERT_subj01_ver10/surf/rh.white
Reading target registration 
 /home/stone-ext1/freesurfer/subjects/FS6EXPERT_subj01_ver10/surf/rh.sphere.reg
Rescaling ...  original radius = 100
Building target registration hash (res=16).
Building source registration hash (res=16).
INFO: found  3980 nlabel points
Performing mapping from target back to the source label 226601
Number of reverse mapping hits = 520
Checking for and removing duplicates
Writing label file ./rh.BA3a_exvivo.label 4500
mri_label2label: Done


 mri_label2label --srcsubject fsaverage --srclabel /home/stone-ext1/freesurfer/subjects/fsaverage/label/rh.BA3b_exvivo.label --trgsubject FS6EXPERT_subj01_ver10 --trglabel ./rh.BA3b_exvivo.label --hemi rh --regmethod surface 


srclabel = /home/stone-ext1/freesurfer/subjects/fsaverage/label/rh.BA3b_exvivo.label
srcsubject = fsaverage
trgsubject = FS6EXPERT_subj01_ver10
trglabel = ./rh.BA3b_exvivo.label
regmethod = surface

srchemi = rh
trghemi = rh
trgsurface = white
srcsurfreg = sphere.reg
trgsurfreg = sphere.reg
usehash = 1
Use ProjAbs  = 0, 0
Use ProjFrac = 0, 0
DoPaint 0

SUBJECTS_DIR    /home/stone-ext1/freesurfer/subjects
FREESURFER_HOME /home/stone/software/freesurfer_stable_600
Loading source label.
Found 4522 points in source label.
Starting surface-based mapping
Reading source registration 
 /home/stone-ext1/freesurfer/subjects/fsaverage/surf/rh.sphere.reg
Rescaling ...  original radius = 100
Reading target surface 
 /home/stone-ext1/freesurfer/subjects/FS6EXPERT_subj01_ver10/surf/rh.white
Reading target registration 
 /home/stone-ext1/freesurfer/subjects/FS6EXPERT_subj01_ver10/surf/rh.sphere.reg
Rescaling ...  original radius = 100
Building target registration hash (res=16).
Building source registration hash (res=16).
INFO: found  4522 nlabel points
Performing mapping from target back to the source label 226601
Number of reverse mapping hits = 1016
Checking for and removing duplicates
Writing label file ./rh.BA3b_exvivo.label 5538
mri_label2label: Done


 mri_label2label --srcsubject fsaverage --srclabel /home/stone-ext1/freesurfer/subjects/fsaverage/label/rh.BA4a_exvivo.label --trgsubject FS6EXPERT_subj01_ver10 --trglabel ./rh.BA4a_exvivo.label --hemi rh --regmethod surface 


srclabel = /home/stone-ext1/freesurfer/subjects/fsaverage/label/rh.BA4a_exvivo.label
srcsubject = fsaverage
trgsubject = FS6EXPERT_subj01_ver10
trglabel = ./rh.BA4a_exvivo.label
regmethod = surface

srchemi = rh
trghemi = rh
trgsurface = white
srcsurfreg = sphere.reg
trgsurfreg = sphere.reg
usehash = 1
Use ProjAbs  = 0, 0
Use ProjFrac = 0, 0
DoPaint 0

SUBJECTS_DIR    /home/stone-ext1/freesurfer/subjects
FREESURFER_HOME /home/stone/software/freesurfer_stable_600
Loading source label.
Found 5747 points in source label.
Starting surface-based mapping
Reading source registration 
 /home/stone-ext1/freesurfer/subjects/fsaverage/surf/rh.sphere.reg
Rescaling ...  original radius = 100
Reading target surface 
 /home/stone-ext1/freesurfer/subjects/FS6EXPERT_subj01_ver10/surf/rh.white
Reading target registration 
 /home/stone-ext1/freesurfer/subjects/FS6EXPERT_subj01_ver10/surf/rh.sphere.reg
Rescaling ...  original radius = 100
Building target registration hash (res=16).
Building source registration hash (res=16).
INFO: found  5747 nlabel points
Performing mapping from target back to the source label 226601
Number of reverse mapping hits = 1160
Checking for and removing duplicates
Writing label file ./rh.BA4a_exvivo.label 6907
mri_label2label: Done


 mri_label2label --srcsubject fsaverage --srclabel /home/stone-ext1/freesurfer/subjects/fsaverage/label/rh.BA4p_exvivo.label --trgsubject FS6EXPERT_subj01_ver10 --trglabel ./rh.BA4p_exvivo.label --hemi rh --regmethod surface 


srclabel = /home/stone-ext1/freesurfer/subjects/fsaverage/label/rh.BA4p_exvivo.label
srcsubject = fsaverage
trgsubject = FS6EXPERT_subj01_ver10
trglabel = ./rh.BA4p_exvivo.label
regmethod = surface

srchemi = rh
trghemi = rh
trgsurface = white
srcsurfreg = sphere.reg
trgsurfreg = sphere.reg
usehash = 1
Use ProjAbs  = 0, 0
Use ProjFrac = 0, 0
DoPaint 0

SUBJECTS_DIR    /home/stone-ext1/freesurfer/subjects
FREESURFER_HOME /home/stone/software/freesurfer_stable_600
Loading source label.
Found 4473 points in source label.
Starting surface-based mapping
Reading source registration 
 /home/stone-ext1/freesurfer/subjects/fsaverage/surf/rh.sphere.reg
Rescaling ...  original radius = 100
Reading target surface 
 /home/stone-ext1/freesurfer/subjects/FS6EXPERT_subj01_ver10/surf/rh.white
Reading target registration 
 /home/stone-ext1/freesurfer/subjects/FS6EXPERT_subj01_ver10/surf/rh.sphere.reg
Rescaling ...  original radius = 100
Building target registration hash (res=16).
Building source registration hash (res=16).
INFO: found  4473 nlabel points
Performing mapping from target back to the source label 226601
Number of reverse mapping hits = 771
Checking for and removing duplicates
Writing label file ./rh.BA4p_exvivo.label 5244
mri_label2label: Done


 mri_label2label --srcsubject fsaverage --srclabel /home/stone-ext1/freesurfer/subjects/fsaverage/label/rh.BA6_exvivo.label --trgsubject FS6EXPERT_subj01_ver10 --trglabel ./rh.BA6_exvivo.label --hemi rh --regmethod surface 


srclabel = /home/stone-ext1/freesurfer/subjects/fsaverage/label/rh.BA6_exvivo.label
srcsubject = fsaverage
trgsubject = FS6EXPERT_subj01_ver10
trglabel = ./rh.BA6_exvivo.label
regmethod = surface

srchemi = rh
trghemi = rh
trgsurface = white
srcsurfreg = sphere.reg
trgsurfreg = sphere.reg
usehash = 1
Use ProjAbs  = 0, 0
Use ProjFrac = 0, 0
DoPaint 0

SUBJECTS_DIR    /home/stone-ext1/freesurfer/subjects
FREESURFER_HOME /home/stone/software/freesurfer_stable_600
Loading source label.
Found 12256 points in source label.
Starting surface-based mapping
Reading source registration 
 /home/stone-ext1/freesurfer/subjects/fsaverage/surf/rh.sphere.reg
Rescaling ...  original radius = 100
Reading target surface 
 /home/stone-ext1/freesurfer/subjects/FS6EXPERT_subj01_ver10/surf/rh.white
Reading target registration 
 /home/stone-ext1/freesurfer/subjects/FS6EXPERT_subj01_ver10/surf/rh.sphere.reg
Rescaling ...  original radius = 100
Building target registration hash (res=16).
Building source registration hash (res=16).
INFO: found  12256 nlabel points
Performing mapping from target back to the source label 226601
Number of reverse mapping hits = 2221
Checking for and removing duplicates
Writing label file ./rh.BA6_exvivo.label 14477
mri_label2label: Done


 mri_label2label --srcsubject fsaverage --srclabel /home/stone-ext1/freesurfer/subjects/fsaverage/label/rh.BA44_exvivo.label --trgsubject FS6EXPERT_subj01_ver10 --trglabel ./rh.BA44_exvivo.label --hemi rh --regmethod surface 


srclabel = /home/stone-ext1/freesurfer/subjects/fsaverage/label/rh.BA44_exvivo.label
srcsubject = fsaverage
trgsubject = FS6EXPERT_subj01_ver10
trglabel = ./rh.BA44_exvivo.label
regmethod = surface

srchemi = rh
trghemi = rh
trgsurface = white
srcsurfreg = sphere.reg
trgsurfreg = sphere.reg
usehash = 1
Use ProjAbs  = 0, 0
Use ProjFrac = 0, 0
DoPaint 0

SUBJECTS_DIR    /home/stone-ext1/freesurfer/subjects
FREESURFER_HOME /home/stone/software/freesurfer_stable_600
Loading source label.
Found 6912 points in source label.
Starting surface-based mapping
Reading source registration 
 /home/stone-ext1/freesurfer/subjects/fsaverage/surf/rh.sphere.reg
Rescaling ...  original radius = 100
Reading target surface 
 /home/stone-ext1/freesurfer/subjects/FS6EXPERT_subj01_ver10/surf/rh.white
Reading target registration 
 /home/stone-ext1/freesurfer/subjects/FS6EXPERT_subj01_ver10/surf/rh.sphere.reg
Rescaling ...  original radius = 100
Building target registration hash (res=16).
Building source registration hash (res=16).
INFO: found  6912 nlabel points
Performing mapping from target back to the source label 226601
Number of reverse mapping hits = 1921
Checking for and removing duplicates
Writing label file ./rh.BA44_exvivo.label 8833
mri_label2label: Done


 mri_label2label --srcsubject fsaverage --srclabel /home/stone-ext1/freesurfer/subjects/fsaverage/label/rh.BA45_exvivo.label --trgsubject FS6EXPERT_subj01_ver10 --trglabel ./rh.BA45_exvivo.label --hemi rh --regmethod surface 


srclabel = /home/stone-ext1/freesurfer/subjects/fsaverage/label/rh.BA45_exvivo.label
srcsubject = fsaverage
trgsubject = FS6EXPERT_subj01_ver10
trglabel = ./rh.BA45_exvivo.label
regmethod = surface

srchemi = rh
trghemi = rh
trgsurface = white
srcsurfreg = sphere.reg
trgsurfreg = sphere.reg
usehash = 1
Use ProjAbs  = 0, 0
Use ProjFrac = 0, 0
DoPaint 0

SUBJECTS_DIR    /home/stone-ext1/freesurfer/subjects
FREESURFER_HOME /home/stone/software/freesurfer_stable_600
Loading source label.
Found 5355 points in source label.
Starting surface-based mapping
Reading source registration 
 /home/stone-ext1/freesurfer/subjects/fsaverage/surf/rh.sphere.reg
Rescaling ...  original radius = 100
Reading target surface 
 /home/stone-ext1/freesurfer/subjects/FS6EXPERT_subj01_ver10/surf/rh.white
Reading target registration 
 /home/stone-ext1/freesurfer/subjects/FS6EXPERT_subj01_ver10/surf/rh.sphere.reg
Rescaling ...  original radius = 100
Building target registration hash (res=16).
Building source registration hash (res=16).
INFO: found  5355 nlabel points
Performing mapping from target back to the source label 226601
Number of reverse mapping hits = 4118
Checking for and removing duplicates
Writing label file ./rh.BA45_exvivo.label 9473
mri_label2label: Done


 mri_label2label --srcsubject fsaverage --srclabel /home/stone-ext1/freesurfer/subjects/fsaverage/label/rh.V1_exvivo.label --trgsubject FS6EXPERT_subj01_ver10 --trglabel ./rh.V1_exvivo.label --hemi rh --regmethod surface 


srclabel = /home/stone-ext1/freesurfer/subjects/fsaverage/label/rh.V1_exvivo.label
srcsubject = fsaverage
trgsubject = FS6EXPERT_subj01_ver10
trglabel = ./rh.V1_exvivo.label
regmethod = surface

srchemi = rh
trghemi = rh
trgsurface = white
srcsurfreg = sphere.reg
trgsurfreg = sphere.reg
usehash = 1
Use ProjAbs  = 0, 0
Use ProjFrac = 0, 0
DoPaint 0

SUBJECTS_DIR    /home/stone-ext1/freesurfer/subjects
FREESURFER_HOME /home/stone/software/freesurfer_stable_600
Loading source label.
Found 4727 points in source label.
Starting surface-based mapping
Reading source registration 
 /home/stone-ext1/freesurfer/subjects/fsaverage/surf/rh.sphere.reg
Rescaling ...  original radius = 100
Reading target surface 
 /home/stone-ext1/freesurfer/subjects/FS6EXPERT_subj01_ver10/surf/rh.white
Reading target registration 
 /home/stone-ext1/freesurfer/subjects/FS6EXPERT_subj01_ver10/surf/rh.sphere.reg
Rescaling ...  original radius = 100
Building target registration hash (res=16).
Building source registration hash (res=16).
INFO: found  4727 nlabel points
Performing mapping from target back to the source label 226601
Number of reverse mapping hits = 6456
Checking for and removing duplicates
Writing label file ./rh.V1_exvivo.label 11183
mri_label2label: Done


 mri_label2label --srcsubject fsaverage --srclabel /home/stone-ext1/freesurfer/subjects/fsaverage/label/rh.V2_exvivo.label --trgsubject FS6EXPERT_subj01_ver10 --trglabel ./rh.V2_exvivo.label --hemi rh --regmethod surface 


srclabel = /home/stone-ext1/freesurfer/subjects/fsaverage/label/rh.V2_exvivo.label
srcsubject = fsaverage
trgsubject = FS6EXPERT_subj01_ver10
trglabel = ./rh.V2_exvivo.label
regmethod = surface

srchemi = rh
trghemi = rh
trgsurface = white
srcsurfreg = sphere.reg
trgsurfreg = sphere.reg
usehash = 1
Use ProjAbs  = 0, 0
Use ProjFrac = 0, 0
DoPaint 0

SUBJECTS_DIR    /home/stone-ext1/freesurfer/subjects
FREESURFER_HOME /home/stone/software/freesurfer_stable_600
Loading source label.
Found 8016 points in source label.
Starting surface-based mapping
Reading source registration 
 /home/stone-ext1/freesurfer/subjects/fsaverage/surf/rh.sphere.reg
Rescaling ...  original radius = 100
Reading target surface 
 /home/stone-ext1/freesurfer/subjects/FS6EXPERT_subj01_ver10/surf/rh.white
Reading target registration 
 /home/stone-ext1/freesurfer/subjects/FS6EXPERT_subj01_ver10/surf/rh.sphere.reg
Rescaling ...  original radius = 100
Building target registration hash (res=16).
Building source registration hash (res=16).
INFO: found  8016 nlabel points
Performing mapping from target back to the source label 226601
Number of reverse mapping hits = 9453
Checking for and removing duplicates
Writing label file ./rh.V2_exvivo.label 17469
mri_label2label: Done


 mri_label2label --srcsubject fsaverage --srclabel /home/stone-ext1/freesurfer/subjects/fsaverage/label/rh.MT_exvivo.label --trgsubject FS6EXPERT_subj01_ver10 --trglabel ./rh.MT_exvivo.label --hemi rh --regmethod surface 


srclabel = /home/stone-ext1/freesurfer/subjects/fsaverage/label/rh.MT_exvivo.label
srcsubject = fsaverage
trgsubject = FS6EXPERT_subj01_ver10
trglabel = ./rh.MT_exvivo.label
regmethod = surface

srchemi = rh
trghemi = rh
trgsurface = white
srcsurfreg = sphere.reg
trgsurfreg = sphere.reg
usehash = 1
Use ProjAbs  = 0, 0
Use ProjFrac = 0, 0
DoPaint 0

SUBJECTS_DIR    /home/stone-ext1/freesurfer/subjects
FREESURFER_HOME /home/stone/software/freesurfer_stable_600
Loading source label.
Found 1932 points in source label.
Starting surface-based mapping
Reading source registration 
 /home/stone-ext1/freesurfer/subjects/fsaverage/surf/rh.sphere.reg
Rescaling ...  original radius = 100
Reading target surface 
 /home/stone-ext1/freesurfer/subjects/FS6EXPERT_subj01_ver10/surf/rh.white
Reading target registration 
 /home/stone-ext1/freesurfer/subjects/FS6EXPERT_subj01_ver10/surf/rh.sphere.reg
Rescaling ...  original radius = 100
Building target registration hash (res=16).
Building source registration hash (res=16).
INFO: found  1932 nlabel points
Performing mapping from target back to the source label 226601
Number of reverse mapping hits = 1331
Checking for and removing duplicates
Writing label file ./rh.MT_exvivo.label 3263
mri_label2label: Done


 mri_label2label --srcsubject fsaverage --srclabel /home/stone-ext1/freesurfer/subjects/fsaverage/label/rh.entorhinal_exvivo.label --trgsubject FS6EXPERT_subj01_ver10 --trglabel ./rh.entorhinal_exvivo.label --hemi rh --regmethod surface 


srclabel = /home/stone-ext1/freesurfer/subjects/fsaverage/label/rh.entorhinal_exvivo.label
srcsubject = fsaverage
trgsubject = FS6EXPERT_subj01_ver10
trglabel = ./rh.entorhinal_exvivo.label
regmethod = surface

srchemi = rh
trghemi = rh
trgsurface = white
srcsurfreg = sphere.reg
trgsurfreg = sphere.reg
usehash = 1
Use ProjAbs  = 0, 0
Use ProjFrac = 0, 0
DoPaint 0

SUBJECTS_DIR    /home/stone-ext1/freesurfer/subjects
FREESURFER_HOME /home/stone/software/freesurfer_stable_600
Loading source label.
Found 1038 points in source label.
Starting surface-based mapping
Reading source registration 
 /home/stone-ext1/freesurfer/subjects/fsaverage/surf/rh.sphere.reg
Rescaling ...  original radius = 100
Reading target surface 
 /home/stone-ext1/freesurfer/subjects/FS6EXPERT_subj01_ver10/surf/rh.white
Reading target registration 
 /home/stone-ext1/freesurfer/subjects/FS6EXPERT_subj01_ver10/surf/rh.sphere.reg
Rescaling ...  original radius = 100
Building target registration hash (res=16).
Building source registration hash (res=16).
INFO: found  1038 nlabel points
Performing mapping from target back to the source label 226601
Number of reverse mapping hits = 873
Checking for and removing duplicates
Writing label file ./rh.entorhinal_exvivo.label 1911
mri_label2label: Done


 mri_label2label --srcsubject fsaverage --srclabel /home/stone-ext1/freesurfer/subjects/fsaverage/label/rh.perirhinal_exvivo.label --trgsubject FS6EXPERT_subj01_ver10 --trglabel ./rh.perirhinal_exvivo.label --hemi rh --regmethod surface 


srclabel = /home/stone-ext1/freesurfer/subjects/fsaverage/label/rh.perirhinal_exvivo.label
srcsubject = fsaverage
trgsubject = FS6EXPERT_subj01_ver10
trglabel = ./rh.perirhinal_exvivo.label
regmethod = surface

srchemi = rh
trghemi = rh
trgsurface = white
srcsurfreg = sphere.reg
trgsurfreg = sphere.reg
usehash = 1
Use ProjAbs  = 0, 0
Use ProjFrac = 0, 0
DoPaint 0

SUBJECTS_DIR    /home/stone-ext1/freesurfer/subjects
FREESURFER_HOME /home/stone/software/freesurfer_stable_600
Loading source label.
Found 752 points in source label.
Starting surface-based mapping
Reading source registration 
 /home/stone-ext1/freesurfer/subjects/fsaverage/surf/rh.sphere.reg
Rescaling ...  original radius = 100
Reading target surface 
 /home/stone-ext1/freesurfer/subjects/FS6EXPERT_subj01_ver10/surf/rh.white
Reading target registration 
 /home/stone-ext1/freesurfer/subjects/FS6EXPERT_subj01_ver10/surf/rh.sphere.reg
Rescaling ...  original radius = 100
Building target registration hash (res=16).
Building source registration hash (res=16).
INFO: found  752 nlabel points
Performing mapping from target back to the source label 226601
Number of reverse mapping hits = 430
Checking for and removing duplicates
Writing label file ./rh.perirhinal_exvivo.label 1182
mri_label2label: Done


 mri_label2label --srcsubject fsaverage --srclabel /home/stone-ext1/freesurfer/subjects/fsaverage/label/rh.BA1_exvivo.thresh.label --trgsubject FS6EXPERT_subj01_ver10 --trglabel ./rh.BA1_exvivo.thresh.label --hemi rh --regmethod surface 


srclabel = /home/stone-ext1/freesurfer/subjects/fsaverage/label/rh.BA1_exvivo.thresh.label
srcsubject = fsaverage
trgsubject = FS6EXPERT_subj01_ver10
trglabel = ./rh.BA1_exvivo.thresh.label
regmethod = surface

srchemi = rh
trghemi = rh
trgsurface = white
srcsurfreg = sphere.reg
trgsurfreg = sphere.reg
usehash = 1
Use ProjAbs  = 0, 0
Use ProjFrac = 0, 0
DoPaint 0

SUBJECTS_DIR    /home/stone-ext1/freesurfer/subjects
FREESURFER_HOME /home/stone/software/freesurfer_stable_600
Loading source label.
Found 876 points in source label.
Starting surface-based mapping
Reading source registration 
 /home/stone-ext1/freesurfer/subjects/fsaverage/surf/rh.sphere.reg
Rescaling ...  original radius = 100
Reading target surface 
 /home/stone-ext1/freesurfer/subjects/FS6EXPERT_subj01_ver10/surf/rh.white
Reading target registration 
 /home/stone-ext1/freesurfer/subjects/FS6EXPERT_subj01_ver10/surf/rh.sphere.reg
Rescaling ...  original radius = 100
Building target registration hash (res=16).
Building source registration hash (res=16).
INFO: found  876 nlabel points
Performing mapping from target back to the source label 226601
Number of reverse mapping hits = 185
Checking for and removing duplicates
Writing label file ./rh.BA1_exvivo.thresh.label 1061
mri_label2label: Done


 mri_label2label --srcsubject fsaverage --srclabel /home/stone-ext1/freesurfer/subjects/fsaverage/label/rh.BA2_exvivo.thresh.label --trgsubject FS6EXPERT_subj01_ver10 --trglabel ./rh.BA2_exvivo.thresh.label --hemi rh --regmethod surface 


srclabel = /home/stone-ext1/freesurfer/subjects/fsaverage/label/rh.BA2_exvivo.thresh.label
srcsubject = fsaverage
trgsubject = FS6EXPERT_subj01_ver10
trglabel = ./rh.BA2_exvivo.thresh.label
regmethod = surface

srchemi = rh
trghemi = rh
trgsurface = white
srcsurfreg = sphere.reg
trgsurfreg = sphere.reg
usehash = 1
Use ProjAbs  = 0, 0
Use ProjFrac = 0, 0
DoPaint 0

SUBJECTS_DIR    /home/stone-ext1/freesurfer/subjects
FREESURFER_HOME /home/stone/software/freesurfer_stable_600
Loading source label.
Found 2688 points in source label.
Starting surface-based mapping
Reading source registration 
 /home/stone-ext1/freesurfer/subjects/fsaverage/surf/rh.sphere.reg
Rescaling ...  original radius = 100
Reading target surface 
 /home/stone-ext1/freesurfer/subjects/FS6EXPERT_subj01_ver10/surf/rh.white
Reading target registration 
 /home/stone-ext1/freesurfer/subjects/FS6EXPERT_subj01_ver10/surf/rh.sphere.reg
Rescaling ...  original radius = 100
Building target registration hash (res=16).
Building source registration hash (res=16).
INFO: found  2688 nlabel points
Performing mapping from target back to the source label 226601
Number of reverse mapping hits = 296
Checking for and removing duplicates
Writing label file ./rh.BA2_exvivo.thresh.label 2984
mri_label2label: Done


 mri_label2label --srcsubject fsaverage --srclabel /home/stone-ext1/freesurfer/subjects/fsaverage/label/rh.BA3a_exvivo.thresh.label --trgsubject FS6EXPERT_subj01_ver10 --trglabel ./rh.BA3a_exvivo.thresh.label --hemi rh --regmethod surface 


srclabel = /home/stone-ext1/freesurfer/subjects/fsaverage/label/rh.BA3a_exvivo.thresh.label
srcsubject = fsaverage
trgsubject = FS6EXPERT_subj01_ver10
trglabel = ./rh.BA3a_exvivo.thresh.label
regmethod = surface

srchemi = rh
trghemi = rh
trgsurface = white
srcsurfreg = sphere.reg
trgsurfreg = sphere.reg
usehash = 1
Use ProjAbs  = 0, 0
Use ProjFrac = 0, 0
DoPaint 0

SUBJECTS_DIR    /home/stone-ext1/freesurfer/subjects
FREESURFER_HOME /home/stone/software/freesurfer_stable_600
Loading source label.
Found 1698 points in source label.
Starting surface-based mapping
Reading source registration 
 /home/stone-ext1/freesurfer/subjects/fsaverage/surf/rh.sphere.reg
Rescaling ...  original radius = 100
Reading target surface 
 /home/stone-ext1/freesurfer/subjects/FS6EXPERT_subj01_ver10/surf/rh.white
Reading target registration 
 /home/stone-ext1/freesurfer/subjects/FS6EXPERT_subj01_ver10/surf/rh.sphere.reg
Rescaling ...  original radius = 100
Building target registration hash (res=16).
Building source registration hash (res=16).
INFO: found  1698 nlabel points
Performing mapping from target back to the source label 226601
Number of reverse mapping hits = 187
Checking for and removing duplicates
Writing label file ./rh.BA3a_exvivo.thresh.label 1885
mri_label2label: Done


 mri_label2label --srcsubject fsaverage --srclabel /home/stone-ext1/freesurfer/subjects/fsaverage/label/rh.BA3b_exvivo.thresh.label --trgsubject FS6EXPERT_subj01_ver10 --trglabel ./rh.BA3b_exvivo.thresh.label --hemi rh --regmethod surface 


srclabel = /home/stone-ext1/freesurfer/subjects/fsaverage/label/rh.BA3b_exvivo.thresh.label
srcsubject = fsaverage
trgsubject = FS6EXPERT_subj01_ver10
trglabel = ./rh.BA3b_exvivo.thresh.label
regmethod = surface

srchemi = rh
trghemi = rh
trgsurface = white
srcsurfreg = sphere.reg
trgsurfreg = sphere.reg
usehash = 1
Use ProjAbs  = 0, 0
Use ProjFrac = 0, 0
DoPaint 0

SUBJECTS_DIR    /home/stone-ext1/freesurfer/subjects
FREESURFER_HOME /home/stone/software/freesurfer_stable_600
Loading source label.
Found 2183 points in source label.
Starting surface-based mapping
Reading source registration 
 /home/stone-ext1/freesurfer/subjects/fsaverage/surf/rh.sphere.reg
Rescaling ...  original radius = 100
Reading target surface 
 /home/stone-ext1/freesurfer/subjects/FS6EXPERT_subj01_ver10/surf/rh.white
Reading target registration 
 /home/stone-ext1/freesurfer/subjects/FS6EXPERT_subj01_ver10/surf/rh.sphere.reg
Rescaling ...  original radius = 100
Building target registration hash (res=16).
Building source registration hash (res=16).
INFO: found  2183 nlabel points
Performing mapping from target back to the source label 226601
Number of reverse mapping hits = 511
Checking for and removing duplicates
Writing label file ./rh.BA3b_exvivo.thresh.label 2694
mri_label2label: Done


 mri_label2label --srcsubject fsaverage --srclabel /home/stone-ext1/freesurfer/subjects/fsaverage/label/rh.BA4a_exvivo.thresh.label --trgsubject FS6EXPERT_subj01_ver10 --trglabel ./rh.BA4a_exvivo.thresh.label --hemi rh --regmethod surface 


srclabel = /home/stone-ext1/freesurfer/subjects/fsaverage/label/rh.BA4a_exvivo.thresh.label
srcsubject = fsaverage
trgsubject = FS6EXPERT_subj01_ver10
trglabel = ./rh.BA4a_exvivo.thresh.label
regmethod = surface

srchemi = rh
trghemi = rh
trgsurface = white
srcsurfreg = sphere.reg
trgsurfreg = sphere.reg
usehash = 1
Use ProjAbs  = 0, 0
Use ProjFrac = 0, 0
DoPaint 0

SUBJECTS_DIR    /home/stone-ext1/freesurfer/subjects
FREESURFER_HOME /home/stone/software/freesurfer_stable_600
Loading source label.
Found 1388 points in source label.
Starting surface-based mapping
Reading source registration 
 /home/stone-ext1/freesurfer/subjects/fsaverage/surf/rh.sphere.reg
Rescaling ...  original radius = 100
Reading target surface 
 /home/stone-ext1/freesurfer/subjects/FS6EXPERT_subj01_ver10/surf/rh.white
Reading target registration 
 /home/stone-ext1/freesurfer/subjects/FS6EXPERT_subj01_ver10/surf/rh.sphere.reg
Rescaling ...  original radius = 100
Building target registration hash (res=16).
Building source registration hash (res=16).
INFO: found  1388 nlabel points
Performing mapping from target back to the source label 226601
Number of reverse mapping hits = 372
Checking for and removing duplicates
Writing label file ./rh.BA4a_exvivo.thresh.label 1760
mri_label2label: Done


 mri_label2label --srcsubject fsaverage --srclabel /home/stone-ext1/freesurfer/subjects/fsaverage/label/rh.BA4p_exvivo.thresh.label --trgsubject FS6EXPERT_subj01_ver10 --trglabel ./rh.BA4p_exvivo.thresh.label --hemi rh --regmethod surface 


srclabel = /home/stone-ext1/freesurfer/subjects/fsaverage/label/rh.BA4p_exvivo.thresh.label
srcsubject = fsaverage
trgsubject = FS6EXPERT_subj01_ver10
trglabel = ./rh.BA4p_exvivo.thresh.label
regmethod = surface

srchemi = rh
trghemi = rh
trgsurface = white
srcsurfreg = sphere.reg
trgsurfreg = sphere.reg
usehash = 1
Use ProjAbs  = 0, 0
Use ProjFrac = 0, 0
DoPaint 0

SUBJECTS_DIR    /home/stone-ext1/freesurfer/subjects
FREESURFER_HOME /home/stone/software/freesurfer_stable_600
Loading source label.
Found 1489 points in source label.
Starting surface-based mapping
Reading source registration 
 /home/stone-ext1/freesurfer/subjects/fsaverage/surf/rh.sphere.reg
Rescaling ...  original radius = 100
Reading target surface 
 /home/stone-ext1/freesurfer/subjects/FS6EXPERT_subj01_ver10/surf/rh.white
Reading target registration 
 /home/stone-ext1/freesurfer/subjects/FS6EXPERT_subj01_ver10/surf/rh.sphere.reg
Rescaling ...  original radius = 100
Building target registration hash (res=16).
Building source registration hash (res=16).
INFO: found  1489 nlabel points
Performing mapping from target back to the source label 226601
Number of reverse mapping hits = 189
Checking for and removing duplicates
Writing label file ./rh.BA4p_exvivo.thresh.label 1678
mri_label2label: Done


 mri_label2label --srcsubject fsaverage --srclabel /home/stone-ext1/freesurfer/subjects/fsaverage/label/rh.BA6_exvivo.thresh.label --trgsubject FS6EXPERT_subj01_ver10 --trglabel ./rh.BA6_exvivo.thresh.label --hemi rh --regmethod surface 


srclabel = /home/stone-ext1/freesurfer/subjects/fsaverage/label/rh.BA6_exvivo.thresh.label
srcsubject = fsaverage
trgsubject = FS6EXPERT_subj01_ver10
trglabel = ./rh.BA6_exvivo.thresh.label
regmethod = surface

srchemi = rh
trghemi = rh
trgsurface = white
srcsurfreg = sphere.reg
trgsurfreg = sphere.reg
usehash = 1
Use ProjAbs  = 0, 0
Use ProjFrac = 0, 0
DoPaint 0

SUBJECTS_DIR    /home/stone-ext1/freesurfer/subjects
FREESURFER_HOME /home/stone/software/freesurfer_stable_600
Loading source label.
Found 6959 points in source label.
Starting surface-based mapping
Reading source registration 
 /home/stone-ext1/freesurfer/subjects/fsaverage/surf/rh.sphere.reg
Rescaling ...  original radius = 100
Reading target surface 
 /home/stone-ext1/freesurfer/subjects/FS6EXPERT_subj01_ver10/surf/rh.white
Reading target registration 
 /home/stone-ext1/freesurfer/subjects/FS6EXPERT_subj01_ver10/surf/rh.sphere.reg
Rescaling ...  original radius = 100
Building target registration hash (res=16).
Building source registration hash (res=16).
INFO: found  6959 nlabel points
Performing mapping from target back to the source label 226601
Number of reverse mapping hits = 1096
Checking for and removing duplicates
Writing label file ./rh.BA6_exvivo.thresh.label 8055
mri_label2label: Done


 mri_label2label --srcsubject fsaverage --srclabel /home/stone-ext1/freesurfer/subjects/fsaverage/label/rh.BA44_exvivo.thresh.label --trgsubject FS6EXPERT_subj01_ver10 --trglabel ./rh.BA44_exvivo.thresh.label --hemi rh --regmethod surface 


srclabel = /home/stone-ext1/freesurfer/subjects/fsaverage/label/rh.BA44_exvivo.thresh.label
srcsubject = fsaverage
trgsubject = FS6EXPERT_subj01_ver10
trglabel = ./rh.BA44_exvivo.thresh.label
regmethod = surface

srchemi = rh
trghemi = rh
trgsurface = white
srcsurfreg = sphere.reg
trgsurfreg = sphere.reg
usehash = 1
Use ProjAbs  = 0, 0
Use ProjFrac = 0, 0
DoPaint 0

SUBJECTS_DIR    /home/stone-ext1/freesurfer/subjects
FREESURFER_HOME /home/stone/software/freesurfer_stable_600
Loading source label.
Found 1012 points in source label.
Starting surface-based mapping
Reading source registration 
 /home/stone-ext1/freesurfer/subjects/fsaverage/surf/rh.sphere.reg
Rescaling ...  original radius = 100
Reading target surface 
 /home/stone-ext1/freesurfer/subjects/FS6EXPERT_subj01_ver10/surf/rh.white
Reading target registration 
 /home/stone-ext1/freesurfer/subjects/FS6EXPERT_subj01_ver10/surf/rh.sphere.reg
Rescaling ...  original radius = 100
Building target registration hash (res=16).
Building source registration hash (res=16).
INFO: found  1012 nlabel points
Performing mapping from target back to the source label 226601
Number of reverse mapping hits = 259
Checking for and removing duplicates
Writing label file ./rh.BA44_exvivo.thresh.label 1271
mri_label2label: Done


 mri_label2label --srcsubject fsaverage --srclabel /home/stone-ext1/freesurfer/subjects/fsaverage/label/rh.BA45_exvivo.thresh.label --trgsubject FS6EXPERT_subj01_ver10 --trglabel ./rh.BA45_exvivo.thresh.label --hemi rh --regmethod surface 


srclabel = /home/stone-ext1/freesurfer/subjects/fsaverage/label/rh.BA45_exvivo.thresh.label
srcsubject = fsaverage
trgsubject = FS6EXPERT_subj01_ver10
trglabel = ./rh.BA45_exvivo.thresh.label
regmethod = surface

srchemi = rh
trghemi = rh
trgsurface = white
srcsurfreg = sphere.reg
trgsurfreg = sphere.reg
usehash = 1
Use ProjAbs  = 0, 0
Use ProjFrac = 0, 0
DoPaint 0

SUBJECTS_DIR    /home/stone-ext1/freesurfer/subjects
FREESURFER_HOME /home/stone/software/freesurfer_stable_600
Loading source label.
Found 1178 points in source label.
Starting surface-based mapping
Reading source registration 
 /home/stone-ext1/freesurfer/subjects/fsaverage/surf/rh.sphere.reg
Rescaling ...  original radius = 100
Reading target surface 
 /home/stone-ext1/freesurfer/subjects/FS6EXPERT_subj01_ver10/surf/rh.white
Reading target registration 
 /home/stone-ext1/freesurfer/subjects/FS6EXPERT_subj01_ver10/surf/rh.sphere.reg
Rescaling ...  original radius = 100
Building target registration hash (res=16).
Building source registration hash (res=16).
INFO: found  1178 nlabel points
Performing mapping from target back to the source label 226601
Number of reverse mapping hits = 556
Checking for and removing duplicates
Writing label file ./rh.BA45_exvivo.thresh.label 1734
mri_label2label: Done


 mri_label2label --srcsubject fsaverage --srclabel /home/stone-ext1/freesurfer/subjects/fsaverage/label/rh.V1_exvivo.thresh.label --trgsubject FS6EXPERT_subj01_ver10 --trglabel ./rh.V1_exvivo.thresh.label --hemi rh --regmethod surface 


srclabel = /home/stone-ext1/freesurfer/subjects/fsaverage/label/rh.V1_exvivo.thresh.label
srcsubject = fsaverage
trgsubject = FS6EXPERT_subj01_ver10
trglabel = ./rh.V1_exvivo.thresh.label
regmethod = surface

srchemi = rh
trghemi = rh
trgsurface = white
srcsurfreg = sphere.reg
trgsurfreg = sphere.reg
usehash = 1
Use ProjAbs  = 0, 0
Use ProjFrac = 0, 0
DoPaint 0

SUBJECTS_DIR    /home/stone-ext1/freesurfer/subjects
FREESURFER_HOME /home/stone/software/freesurfer_stable_600
Loading source label.
Found 3232 points in source label.
Starting surface-based mapping
Reading source registration 
 /home/stone-ext1/freesurfer/subjects/fsaverage/surf/rh.sphere.reg
Rescaling ...  original radius = 100
Reading target surface 
 /home/stone-ext1/freesurfer/subjects/FS6EXPERT_subj01_ver10/surf/rh.white
Reading target registration 
 /home/stone-ext1/freesurfer/subjects/FS6EXPERT_subj01_ver10/surf/rh.sphere.reg
Rescaling ...  original radius = 100
Building target registration hash (res=16).
Building source registration hash (res=16).
INFO: found  3232 nlabel points
Performing mapping from target back to the source label 226601
Number of reverse mapping hits = 4475
Checking for and removing duplicates
Writing label file ./rh.V1_exvivo.thresh.label 7707
mri_label2label: Done


 mri_label2label --srcsubject fsaverage --srclabel /home/stone-ext1/freesurfer/subjects/fsaverage/label/rh.V2_exvivo.thresh.label --trgsubject FS6EXPERT_subj01_ver10 --trglabel ./rh.V2_exvivo.thresh.label --hemi rh --regmethod surface 


srclabel = /home/stone-ext1/freesurfer/subjects/fsaverage/label/rh.V2_exvivo.thresh.label
srcsubject = fsaverage
trgsubject = FS6EXPERT_subj01_ver10
trglabel = ./rh.V2_exvivo.thresh.label
regmethod = surface

srchemi = rh
trghemi = rh
trgsurface = white
srcsurfreg = sphere.reg
trgsurfreg = sphere.reg
usehash = 1
Use ProjAbs  = 0, 0
Use ProjFrac = 0, 0
DoPaint 0

SUBJECTS_DIR    /home/stone-ext1/freesurfer/subjects
FREESURFER_HOME /home/stone/software/freesurfer_stable_600
Loading source label.
Found 3437 points in source label.
Starting surface-based mapping
Reading source registration 
 /home/stone-ext1/freesurfer/subjects/fsaverage/surf/rh.sphere.reg
Rescaling ...  original radius = 100
Reading target surface 
 /home/stone-ext1/freesurfer/subjects/FS6EXPERT_subj01_ver10/surf/rh.white
Reading target registration 
 /home/stone-ext1/freesurfer/subjects/FS6EXPERT_subj01_ver10/surf/rh.sphere.reg
Rescaling ...  original radius = 100
Building target registration hash (res=16).
Building source registration hash (res=16).
INFO: found  3437 nlabel points
Performing mapping from target back to the source label 226601
Number of reverse mapping hits = 4346
Checking for and removing duplicates
Writing label file ./rh.V2_exvivo.thresh.label 7783
mri_label2label: Done


 mri_label2label --srcsubject fsaverage --srclabel /home/stone-ext1/freesurfer/subjects/fsaverage/label/rh.MT_exvivo.thresh.label --trgsubject FS6EXPERT_subj01_ver10 --trglabel ./rh.MT_exvivo.thresh.label --hemi rh --regmethod surface 


srclabel = /home/stone-ext1/freesurfer/subjects/fsaverage/label/rh.MT_exvivo.thresh.label
srcsubject = fsaverage
trgsubject = FS6EXPERT_subj01_ver10
trglabel = ./rh.MT_exvivo.thresh.label
regmethod = surface

srchemi = rh
trghemi = rh
trgsurface = white
srcsurfreg = sphere.reg
trgsurfreg = sphere.reg
usehash = 1
Use ProjAbs  = 0, 0
Use ProjFrac = 0, 0
DoPaint 0

SUBJECTS_DIR    /home/stone-ext1/freesurfer/subjects
FREESURFER_HOME /home/stone/software/freesurfer_stable_600
Loading source label.
Found 268 points in source label.
Starting surface-based mapping
Reading source registration 
 /home/stone-ext1/freesurfer/subjects/fsaverage/surf/rh.sphere.reg
Rescaling ...  original radius = 100
Reading target surface 
 /home/stone-ext1/freesurfer/subjects/FS6EXPERT_subj01_ver10/surf/rh.white
Reading target registration 
 /home/stone-ext1/freesurfer/subjects/FS6EXPERT_subj01_ver10/surf/rh.sphere.reg
Rescaling ...  original radius = 100
Building target registration hash (res=16).
Building source registration hash (res=16).
INFO: found  268 nlabel points
Performing mapping from target back to the source label 226601
Number of reverse mapping hits = 218
Checking for and removing duplicates
Writing label file ./rh.MT_exvivo.thresh.label 486
mri_label2label: Done


 mri_label2label --srcsubject fsaverage --srclabel /home/stone-ext1/freesurfer/subjects/fsaverage/label/rh.entorhinal_exvivo.thresh.label --trgsubject FS6EXPERT_subj01_ver10 --trglabel ./rh.entorhinal_exvivo.thresh.label --hemi rh --regmethod surface 


srclabel = /home/stone-ext1/freesurfer/subjects/fsaverage/label/rh.entorhinal_exvivo.thresh.label
srcsubject = fsaverage
trgsubject = FS6EXPERT_subj01_ver10
trglabel = ./rh.entorhinal_exvivo.thresh.label
regmethod = surface

srchemi = rh
trghemi = rh
trgsurface = white
srcsurfreg = sphere.reg
trgsurfreg = sphere.reg
usehash = 1
Use ProjAbs  = 0, 0
Use ProjFrac = 0, 0
DoPaint 0

SUBJECTS_DIR    /home/stone-ext1/freesurfer/subjects
FREESURFER_HOME /home/stone/software/freesurfer_stable_600
Loading source label.
Found 694 points in source label.
Starting surface-based mapping
Reading source registration 
 /home/stone-ext1/freesurfer/subjects/fsaverage/surf/rh.sphere.reg
Rescaling ...  original radius = 100
Reading target surface 
 /home/stone-ext1/freesurfer/subjects/FS6EXPERT_subj01_ver10/surf/rh.white
Reading target registration 
 /home/stone-ext1/freesurfer/subjects/FS6EXPERT_subj01_ver10/surf/rh.sphere.reg
Rescaling ...  original radius = 100
Building target registration hash (res=16).
Building source registration hash (res=16).
INFO: found  694 nlabel points
Performing mapping from target back to the source label 226601
Number of reverse mapping hits = 510
Checking for and removing duplicates
Writing label file ./rh.entorhinal_exvivo.thresh.label 1204
mri_label2label: Done


 mri_label2label --srcsubject fsaverage --srclabel /home/stone-ext1/freesurfer/subjects/fsaverage/label/rh.perirhinal_exvivo.thresh.label --trgsubject FS6EXPERT_subj01_ver10 --trglabel ./rh.perirhinal_exvivo.thresh.label --hemi rh --regmethod surface 


srclabel = /home/stone-ext1/freesurfer/subjects/fsaverage/label/rh.perirhinal_exvivo.thresh.label
srcsubject = fsaverage
trgsubject = FS6EXPERT_subj01_ver10
trglabel = ./rh.perirhinal_exvivo.thresh.label
regmethod = surface

srchemi = rh
trghemi = rh
trgsurface = white
srcsurfreg = sphere.reg
trgsurfreg = sphere.reg
usehash = 1
Use ProjAbs  = 0, 0
Use ProjFrac = 0, 0
DoPaint 0

SUBJECTS_DIR    /home/stone-ext1/freesurfer/subjects
FREESURFER_HOME /home/stone/software/freesurfer_stable_600
Loading source label.
Found 291 points in source label.
Starting surface-based mapping
Reading source registration 
 /home/stone-ext1/freesurfer/subjects/fsaverage/surf/rh.sphere.reg
Rescaling ...  original radius = 100
Reading target surface 
 /home/stone-ext1/freesurfer/subjects/FS6EXPERT_subj01_ver10/surf/rh.white
Reading target registration 
 /home/stone-ext1/freesurfer/subjects/FS6EXPERT_subj01_ver10/surf/rh.sphere.reg
Rescaling ...  original radius = 100
Building target registration hash (res=16).
Building source registration hash (res=16).
INFO: found  291 nlabel points
Performing mapping from target back to the source label 226601
Number of reverse mapping hits = 166
Checking for and removing duplicates
Writing label file ./rh.perirhinal_exvivo.thresh.label 457
mri_label2label: Done


 mris_label2annot --s FS6EXPERT_subj01_ver10 --hemi rh --ctab /home/stone/software/freesurfer_stable_600/average/colortable_BA.txt --l rh.BA1_exvivo.label --l rh.BA2_exvivo.label --l rh.BA3a_exvivo.label --l rh.BA3b_exvivo.label --l rh.BA4a_exvivo.label --l rh.BA4p_exvivo.label --l rh.BA6_exvivo.label --l rh.BA44_exvivo.label --l rh.BA45_exvivo.label --l rh.V1_exvivo.label --l rh.V2_exvivo.label --l rh.MT_exvivo.label --l rh.entorhinal_exvivo.label --l rh.perirhinal_exvivo.label --a BA_exvivo --maxstatwinner --noverbose 

Reading ctab /home/stone/software/freesurfer_stable_600/average/colortable_BA.txt
Number of ctab entries 15

$Id: mris_label2annot.c,v 1.20 2016/01/07 23:28:11 greve Exp $
cwd /home/stone-ext1/freesurfer/subjects/FS6EXPERT_subj01_ver10/label
cmdline mris_label2annot --s FS6EXPERT_subj01_ver10 --hemi rh --ctab /home/stone/software/freesurfer_stable_600/average/colortable_BA.txt --l rh.BA1_exvivo.label --l rh.BA2_exvivo.label --l rh.BA3a_exvivo.label --l rh.BA3b_exvivo.label --l rh.BA4a_exvivo.label --l rh.BA4p_exvivo.label --l rh.BA6_exvivo.label --l rh.BA44_exvivo.label --l rh.BA45_exvivo.label --l rh.V1_exvivo.label --l rh.V2_exvivo.label --l rh.MT_exvivo.label --l rh.entorhinal_exvivo.label --l rh.perirhinal_exvivo.label --a BA_exvivo --maxstatwinner --noverbose 
sysname  Linux
hostname stone.cmrr.umn.edu
machine  x86_64
user     emilya

subject FS6EXPERT_subj01_ver10
hemi    rh
SUBJECTS_DIR /home/stone-ext1/freesurfer/subjects
ColorTable /home/stone/software/freesurfer_stable_600/average/colortable_BA.txt
AnnotName  BA_exvivo
nlables 14
LabelThresh 0 0.000000
Loading /home/stone-ext1/freesurfer/subjects/FS6EXPERT_subj01_ver10/surf/rh.orig
 1 1530880 BA1_exvivo
 2 16749699 BA2_exvivo
 3 16711680 BA3a_exvivo
 4 3368703 BA3b_exvivo
 5 1376196 BA4a_exvivo
 6 13382655 BA4p_exvivo
 7 10036737 BA6_exvivo
 8 2490521 BA44_exvivo
 9 39283 BA45_exvivo
10 3993 V1_exvivo
11 8508928 V2_exvivo
12 10027163 MT_exvivo
13 16422433 perirhinal_exvivo
14 16392598 entorhinal_exvivo
Mapping unhit to unknown
Found 161460 unhit vertices
Writing annot to /home/stone-ext1/freesurfer/subjects/FS6EXPERT_subj01_ver10/label/rh.BA_exvivo.annot

 mris_label2annot --s FS6EXPERT_subj01_ver10 --hemi rh --ctab /home/stone/software/freesurfer_stable_600/average/colortable_BA.txt --l rh.BA1_exvivo.thresh.label --l rh.BA2_exvivo.thresh.label --l rh.BA3a_exvivo.thresh.label --l rh.BA3b_exvivo.thresh.label --l rh.BA4a_exvivo.thresh.label --l rh.BA4p_exvivo.thresh.label --l rh.BA6_exvivo.thresh.label --l rh.BA44_exvivo.thresh.label --l rh.BA45_exvivo.thresh.label --l rh.V1_exvivo.thresh.label --l rh.V2_exvivo.thresh.label --l rh.MT_exvivo.thresh.label --l rh.entorhinal_exvivo.thresh.label --l rh.perirhinal_exvivo.thresh.label --a BA_exvivo.thresh --maxstatwinner --noverbose 

Reading ctab /home/stone/software/freesurfer_stable_600/average/colortable_BA.txt
Number of ctab entries 15

$Id: mris_label2annot.c,v 1.20 2016/01/07 23:28:11 greve Exp $
cwd /home/stone-ext1/freesurfer/subjects/FS6EXPERT_subj01_ver10/label
cmdline mris_label2annot --s FS6EXPERT_subj01_ver10 --hemi rh --ctab /home/stone/software/freesurfer_stable_600/average/colortable_BA.txt --l rh.BA1_exvivo.thresh.label --l rh.BA2_exvivo.thresh.label --l rh.BA3a_exvivo.thresh.label --l rh.BA3b_exvivo.thresh.label --l rh.BA4a_exvivo.thresh.label --l rh.BA4p_exvivo.thresh.label --l rh.BA6_exvivo.thresh.label --l rh.BA44_exvivo.thresh.label --l rh.BA45_exvivo.thresh.label --l rh.V1_exvivo.thresh.label --l rh.V2_exvivo.thresh.label --l rh.MT_exvivo.thresh.label --l rh.entorhinal_exvivo.thresh.label --l rh.perirhinal_exvivo.thresh.label --a BA_exvivo.thresh --maxstatwinner --noverbose 
sysname  Linux
hostname stone.cmrr.umn.edu
machine  x86_64
user     emilya

subject FS6EXPERT_subj01_ver10
hemi    rh
SUBJECTS_DIR /home/stone-ext1/freesurfer/subjects
ColorTable /home/stone/software/freesurfer_stable_600/average/colortable_BA.txt
AnnotName  BA_exvivo.thresh
nlables 14
LabelThresh 0 0.000000
Loading /home/stone-ext1/freesurfer/subjects/FS6EXPERT_subj01_ver10/surf/rh.orig
 1 1530880 BA1_exvivo
 2 16749699 BA2_exvivo
 3 16711680 BA3a_exvivo
 4 3368703 BA3b_exvivo
 5 1376196 BA4a_exvivo
 6 13382655 BA4p_exvivo
 7 10036737 BA6_exvivo
 8 2490521 BA44_exvivo
 9 39283 BA45_exvivo
10 3993 V1_exvivo
11 8508928 V2_exvivo
12 10027163 MT_exvivo
13 16422433 perirhinal_exvivo
14 16392598 entorhinal_exvivo
Mapping unhit to unknown
Found 190367 unhit vertices
Writing annot to /home/stone-ext1/freesurfer/subjects/FS6EXPERT_subj01_ver10/label/rh.BA_exvivo.thresh.annot

 mris_anatomical_stats -th3 -mgz -f ../stats/rh.BA_exvivo.stats -b -a ./rh.BA_exvivo.annot -c ./BA_exvivo.ctab FS6EXPERT_subj01_ver10 rh white 

computing statistics for each annotation in ./rh.BA_exvivo.annot.
reading volume /home/stone-ext1/freesurfer/subjects/FS6EXPERT_subj01_ver10/mri/wm.mgz...
reading input surface /home/stone-ext1/freesurfer/subjects/FS6EXPERT_subj01_ver10/surf/rh.white...
reading input pial surface /home/stone-ext1/freesurfer/subjects/FS6EXPERT_subj01_ver10/surf/rh.pial...
reading input white surface /home/stone-ext1/freesurfer/subjects/FS6EXPERT_subj01_ver10/surf/rh.white...
INFO: using TH3 volume calc
INFO: assuming MGZ format for volumes.
Using TH3 vertex volume calc
Total face volume 270268
Total vertex volume 268044 (mask=0)
reading colortable from annotation file...
colortable with 15 entries read (originally /home/stone/software/freesurfer_stable_600/average/colortable_BA.txt)
Saving annotation colortable ./BA_exvivo.ctab

table columns are:
    number of vertices
    total surface area (mm^2)
    total gray matter volume (mm^3)
    average cortical thickness +- standard deviation (mm)
    integrated rectified mean curvature
    integrated rectified Gaussian curvature
    folding index
    intrinsic curvature index
    structure name

atlas_icv (eTIV) = 1598476 mm^3    (det: 1.218727 )
lhCtxGM: 266310.255 525874.000  diff=-259563.7  pctdiff=-97.467
rhCtxGM: 264962.390 521502.000  diff=-256539.6  pctdiff=-96.821
lhCtxWM: 196223.093 434717.500  diff=-238494.4  pctdiff=-121.542
rhCtxWM: 194253.384 433592.500  diff=-239339.1  pctdiff=-123.210
SubCortGMVol  111164.000
SupraTentVol  1041483.122 (2049395.000) diff=-1007911.878 pctdiff=-96.777
SupraTentVolNotVent  1019024.122 (2026936.000) diff=-1007911.878 pctdiff=-98.910
BrainSegVol  2362544.000 (2358154.000) diff=4390.000 pctdiff=0.186
BrainSegVolNotVent  2333454.000 (1339188.122) diff=994265.878 pctdiff=42.609
BrainSegVolNotVent  2333454.000
CerebellumVol 306189.000
VentChorVol   22459.000
3rd4th5thCSF   6631.000
CSFVol  2241.000, OptChiasmVol   329.000
MaskVol 3507701.000
 1373    513   1899  2.577 0.491     0.106     0.025       24     1.6  BA1_exvivo
 4597   1949   4426  2.221 0.403     0.063     0.010       26     1.9  BA2_exvivo
 1573    664    953  1.817 0.446     0.079     0.017        7     1.0  BA3a_exvivo
 3112   1290   2863  1.898 0.492     0.071     0.016       24     2.1  BA3b_exvivo
 2419    948   3319  2.878 0.404     0.063     0.011       11     1.2  BA4a_exvivo
 1811    775   1942  2.586 0.378     0.058     0.010        6     0.7  BA4p_exvivo
10052   4205  15465  2.895 0.580     0.082     0.017       81     6.7  BA6_exvivo
 4594   1929   5855  2.727 0.446     0.077     0.015       38     2.8  BA44_exvivo
 7989   3389  10292  2.505 0.587     0.090     0.019       90     6.4  BA45_exvivo
 7980   3206   7868  2.151 0.469     0.087     0.024       93     7.8  V1_exvivo
14482   5932  14635  2.184 0.502     0.096     0.026      199    16.1  V2_exvivo
 3167   1351   3579  2.421 0.461     0.079     0.016       23     2.0  MT_exvivo
 1347    472   2017  3.041 0.592     0.084     0.047       22     2.9  perirhinal_exvivo
  645    269    899  3.010 0.588     0.075     0.066      114     3.1  entorhinal_exvivo

 mris_anatomical_stats -th3 -mgz -f ../stats/rh.BA_exvivo.thresh.stats -b -a ./rh.BA_exvivo.thresh.annot -c ./BA_exvivo.thresh.ctab FS6EXPERT_subj01_ver10 rh white 

computing statistics for each annotation in ./rh.BA_exvivo.thresh.annot.
reading volume /home/stone-ext1/freesurfer/subjects/FS6EXPERT_subj01_ver10/mri/wm.mgz...
reading input surface /home/stone-ext1/freesurfer/subjects/FS6EXPERT_subj01_ver10/surf/rh.white...
reading input pial surface /home/stone-ext1/freesurfer/subjects/FS6EXPERT_subj01_ver10/surf/rh.pial...
reading input white surface /home/stone-ext1/freesurfer/subjects/FS6EXPERT_subj01_ver10/surf/rh.white...
INFO: using TH3 volume calc
INFO: assuming MGZ format for volumes.
Using TH3 vertex volume calc
Total face volume 270268
Total vertex volume 268044 (mask=0)
reading colortable from annotation file...
colortable with 15 entries read (originally /home/stone/software/freesurfer_stable_600/average/colortable_BA.txt)
Saving annotation colortable ./BA_exvivo.thresh.ctab

table columns are:
    number of vertices
    total surface area (mm^2)
    total gray matter volume (mm^3)
    average cortical thickness +- standard deviation (mm)
    integrated rectified mean curvature
    integrated rectified Gaussian curvature
    folding index
    intrinsic curvature index
    structure name

atlas_icv (eTIV) = 1598476 mm^3    (det: 1.218727 )
lhCtxGM: 266310.255 525874.000  diff=-259563.7  pctdiff=-97.467
rhCtxGM: 264962.390 521502.000  diff=-256539.6  pctdiff=-96.821
lhCtxWM: 196223.093 434717.500  diff=-238494.4  pctdiff=-121.542
rhCtxWM: 194253.384 433592.500  diff=-239339.1  pctdiff=-123.210
SubCortGMVol  111164.000
SupraTentVol  1041483.122 (2049395.000) diff=-1007911.878 pctdiff=-96.777
SupraTentVolNotVent  1019024.122 (2026936.000) diff=-1007911.878 pctdiff=-98.910
BrainSegVol  2362544.000 (2358154.000) diff=4390.000 pctdiff=0.186
BrainSegVolNotVent  2333454.000 (1339188.122) diff=994265.878 pctdiff=42.609
BrainSegVolNotVent  2333454.000
CerebellumVol 306189.000
VentChorVol   22459.000
3rd4th5thCSF   6631.000
CSFVol  2241.000, OptChiasmVol   329.000
MaskVol 3507701.000
  897    344   1334  2.555 0.461     0.102     0.020       13     0.6  BA1_exvivo
 2332   1005   2470  2.243 0.364     0.053     0.010       15     1.0  BA2_exvivo
 1440    600    803  1.793 0.383     0.075     0.016        6     0.9  BA3a_exvivo
 2371   1007   1833  1.719 0.353     0.062     0.013       13     1.3  BA3b_exvivo
 1541    591   2244  2.829 0.464     0.077     0.014       11     0.9  BA4a_exvivo
 1369    613   1533  2.636 0.361     0.059     0.010        4     0.5  BA4p_exvivo
 6438   2677  10144  2.924 0.583     0.081     0.017       52     4.6  BA6_exvivo
 1149    472   1567  2.846 0.431     0.083     0.019       12     0.9  BA44_exvivo
 1573    662   2271  2.704 0.463     0.105     0.026       26     1.6  BA45_exvivo
 7686   3087   7500  2.150 0.476     0.083     0.023       83     7.3  V1_exvivo
 7745   3107   7515  2.090 0.488     0.103     0.030      135    10.5  V2_exvivo
  483    200    579  2.438 0.393     0.078     0.015        4     0.3  MT_exvivo
  761    261   1078  3.001 0.488     0.078     0.032       10     1.0  perirhinal_exvivo
  449    188    625  3.041 0.524     0.062     0.014        2     0.3  entorhinal_exvivo

Started at Sat Jun 22 22:19:07 CDT 2019 
Ended   at Sun Jun 23 06:39:59 CDT 2019
#@#%# recon-all-run-time-hours 8.348
recon-all -s FS6EXPERT_subj01_ver10 finished without error at Sun Jun 23 06:39:59 CDT 2019
