#!ascii label  , from subject FS6EXPERT_subj01_ver10 vox2ras=TkReg
4012
72407  -9.942  -34.035  57.592 0.3333329856
73823  -10.196  -33.413  56.937 0.3333329856
76617  -10.976  -31.971  56.253 0.3333329856
73844  -10.130  -33.639  55.411 0.4444440007
75194  -10.868  -32.611  54.837 0.3333329856
76636  -11.163  -32.044  54.577 0.4444440007
73857  -10.502  -33.161  54.239 0.5555559993
76637  -11.430  -31.510  54.387 0.4444440007
78130  -11.790  -30.936  53.423 0.5555559993
79649  -11.951  -30.384  53.177 0.6666669846
79672  -12.021  -30.397  51.765 0.7777780294
69719  -7.151  -35.178  55.277 0.3333329856
69710  -8.200  -35.114  55.857 0.4444440007
71101  -8.963  -34.768  56.139 0.4444440007
72425  -9.900  -33.928  56.564 0.3333329856
72435  -9.078  -34.290  55.430 0.4444440007
72436  -9.727  -34.007  55.823 0.4444440007
73845  -10.507  -33.189  55.080 0.4444440007
73866  -9.799  -33.552  53.510 0.6666669846
75202  -10.911  -32.586  54.035 0.6666669846
76657  -11.591  -31.444  52.897 0.7777780294
75219  -10.873  -32.424  52.489 0.6666669846
76667  -11.603  -31.368  52.179 0.6666669846
78146  -11.808  -30.866  51.996 0.7777780294
76677  -11.564  -31.270  51.506 0.7777780294
79673  -12.264  -29.946  51.486 0.5555559993
81013  -12.512  -29.516  51.219 0.5555559993
71115  -6.404  -34.338  54.281 0.2222220004
71098  -7.041  -34.719  55.389 0.4444440007
72422  -7.799  -34.369  55.370 0.4444440007
72445  -8.838  -34.024  54.684 0.5555559993
72446  -9.552  -33.994  55.023 0.5555559993
73856  -10.033  -33.663  54.571 0.6666669846
73867  -10.527  -33.005  53.424 0.6666669846
73877  -10.615  -32.806  52.842 0.6666669846
73886  -10.150  -32.823  52.237 0.6666669846
75227  -10.312  -32.577  51.789 0.6666669846
75237  -10.617  -32.097  51.178 0.6666669846
75238  -10.998  -31.879  51.348 0.7777780294
76689  -11.537  -31.152  51.094 0.7777780294
79680  -11.981  -30.418  51.085 0.6666669846
76688  -11.121  -31.522  50.805 0.7777780294
78167  -11.313  -31.107  50.398 0.7777780294
79691  -11.908  -30.432  50.350 0.6666669846
79692  -12.240  -29.914  50.034 0.5555559993
82310  -12.880  -28.910  49.340 0.5555559993
83569  -13.515  -28.071  49.271 0.5555559993
84861  -14.219  -27.103  49.157 0.3333329856
78178  -11.456  -30.813  50.074 0.6666669846
79705  -11.619  -30.373  49.427 0.7777780294
79718  -12.117  -29.563  48.782 0.7777780294
82320  -13.106  -28.512  48.927 0.5555559993
83577  -13.367  -28.143  48.432 0.5555559993
84868  -14.165  -27.199  48.332 0.3333329856
82319  -12.674  -28.917  48.624 0.7777780294
83586  -12.896  -28.163  47.465 0.6666669846
83578  -13.706  -27.720  47.946 0.5555559993
84884  -14.355  -26.824  47.119 0.4444440007
83587  -13.532  -27.599  47.135 0.7777780294
86286  -14.673  -26.318  47.348 0.5555559993
73873  -6.371  -33.406  52.528 0.1111110002
73852  -6.262  -33.513  53.576 0.2222220004
71097  -6.492  -34.474  55.274 0.2222220004
73821  -7.105  -33.911  55.208 0.3333329856
75181  -6.692  -32.954  54.400 0.2222220004
73822  -7.393  -33.744  55.033 0.3333329856
72455  -8.243  -33.424  54.033 0.5555559993
73884  -6.483  -33.256  51.746 0.1111110002
73865  -9.122  -33.423  53.114 0.6666669846
73875  -9.278  -33.125  52.534 0.6666669846
75236  -9.932  -32.308  50.987 0.6666669846
76687  -10.276  -31.933  50.473 0.7777780294
76700  -10.507  -31.509  49.931 0.7777780294
78177  -11.046  -31.154  49.994 0.7777780294
78190  -11.183  -30.836  49.570 0.7777780294
79704  -11.076  -30.665  49.194 0.7777780294
79717  -11.678  -29.820  48.570 0.7777780294
81062  -12.109  -29.312  48.318 0.7777780294
82331  -12.890  -28.537  48.190 0.7777780294
83585  -12.448  -28.319  47.178 0.7777780294
87756  -15.292  -25.508  46.815 0.5555559993
83597  -12.888  -27.688  46.518 0.7777780294
84883  -13.958  -27.219  46.847 0.6666669846
86294  -14.495  -26.395  46.573 0.6666669846
87777  -15.369  -25.224  45.994 0.5555559993
83598  -13.484  -27.375  46.559 0.7777780294
84901  -13.480  -26.783  45.655 0.7777780294
86305  -14.375  -26.259  45.912 0.6666669846
87776  -14.839  -25.824  46.089 0.6666669846
75223  -6.133  -32.314  51.611 0.1111110002
75214  -6.006  -32.270  52.213 0.2222220004
75199  -6.045  -32.503  53.113 0.2222220004
75191  -6.236  -32.738  53.970 0.2222220004
73831  -7.043  -33.361  54.846 0.3333329856
73853  -7.818  -32.940  53.899 0.6666669846
73864  -8.437  -33.103  53.115 0.7777780294
75233  -6.259  -32.100  50.856 0.1111110002
72464  -9.002  -33.670  53.480 0.5555559993
73874  -8.664  -33.033  52.681 0.6666669846
75216  -8.539  -32.547  52.050 0.7777780294
75217  -9.182  -32.737  51.865 0.6666669846
75226  -9.548  -32.603  51.441 0.6666669846
76699  -9.771  -31.606  49.910 0.7777780294
76708  -9.987  -31.295  49.505 0.7777780294
78189  -10.571  -30.981  49.276 0.7777780294
78200  -10.043  -30.559  48.751 0.7777780294
79716  -10.823  -30.314  48.619 0.7777780294
81074  -11.522  -29.315  47.782 0.7777780294
82338  -11.058  -28.830  47.249 0.7777780294
83596  -12.082  -28.157  46.752 0.8888890147
83605  -12.124  -27.514  46.049 0.8888890147
84900  -12.790  -26.914  45.581 0.7777780294
86321  -14.387  -25.945  45.363 0.6666669846
87795  -15.396  -25.009  45.444 0.6666669846
86320  -13.785  -26.001  44.897 0.7777780294
87793  -14.262  -25.667  44.809 0.6666669846
89329  -15.082  -24.943  44.667 0.5555559993
78109  -6.526  -31.887  53.702 0.3333329856
76673  -5.886  -31.456  51.210 0.2222220004
76626  -6.859  -32.328  54.038 0.3333329856
76634  -7.013  -32.141  53.998 0.4444440007
75208  -7.913  -32.324  52.705 0.6666669846
75215  -8.105  -32.277  52.299 0.6666669846
75225  -8.876  -32.313  51.334 0.6666669846
75235  -9.285  -32.231  50.905 0.7777780294
79690  -8.127  -30.025  49.959 0.7777780294
81034  -7.974  -29.301  49.802 0.4444440007
83563  -7.726  -27.840  50.081 0.4444440007
76686  -9.478  -31.950  50.395 0.7777780294
76698  -8.993  -31.423  49.911 0.8888890147
79703  -8.622  -29.928  48.972 0.7777780294
81046  -8.293  -29.227  49.188 0.6666669846
79714  -9.030  -29.884  48.603 0.7777780294
79715  -9.758  -29.884  48.296 0.8888890147
82336  -9.462  -28.527  47.636 0.7777780294
82337  -10.154  -28.555  47.198 0.7777780294
82347  -10.755  -28.331  46.867 0.8888890147
83604  -11.390  -27.602  46.106 0.8888890147
84899  -12.167  -27.000  45.590 0.7777780294
84909  -12.947  -26.530  45.137 0.7777780294
86334  -13.317  -25.677  44.399 0.7777780294
87811  -14.278  -25.294  44.301 0.6666669846
89373  -14.162  -24.466  43.356 0.6666669846
84860  -7.700  -27.010  50.098 0.2222220004
83568  -7.940  -27.737  49.492 0.2222220004
86265  -7.790  -26.052  50.060 0.1111110002
82328  -8.574  -28.429  48.525 0.7777780294
83575  -8.292  -27.697  48.855 0.5555559993
84881  -8.489  -26.540  48.099 0.2222220004
82329  -8.991  -28.457  48.056 0.7777780294
84882  -8.726  -26.909  47.767 0.5555559993
84888  -9.161  -26.818  47.142 0.6666669846
84889  -9.612  -26.810  46.566 0.8888890147
86292  -9.591  -26.094  46.292 0.6666669846
83603  -10.654  -27.487  46.193 0.8888890147
84898  -11.512  -27.087  45.641 0.8888890147
86317  -11.791  -26.160  44.737 0.7777780294
87809  -12.906  -25.282  43.935 0.8888890147
87825  -14.515  -24.866  43.838 0.6666669846
89374  -14.966  -24.417  43.565 0.6666669846
90965  -15.840  -23.725  43.117 0.6666669846
90962  -14.060  -23.569  42.573 0.7777780294
90963  -14.750  -23.741  42.709 0.7777780294
92553  -15.710  -23.270  42.209 0.6666669846
87734  -8.869  -25.186  47.261 0.1111110002
87753  -9.225  -25.274  46.528 0.4444440007
84906  -10.934  -26.576  45.322 0.8888890147
86332  -11.972  -25.709  44.326 0.8888890147
87822  -12.574  -24.788  43.618 0.8888890147
89396  -13.141  -23.875  42.980 0.8888890147
90984  -14.439  -23.222  42.234 0.7777780294
92552  -14.880  -22.968  41.863 0.6666669846
92551  -14.149  -22.576  41.784 0.7777780294
92568  -16.146  -22.776  41.537 0.6666669846
94184  -17.429  -22.275  41.273 0.6666669846
94213  -17.591  -21.851  40.513 0.6666669846
89256  -8.714  -24.226  48.348 0.1111110002
90887  -9.299  -23.714  46.609 0.4444440007
89309  -9.832  -24.423  45.406 0.5555559993
87775  -9.847  -25.237  45.636 0.5555559993
90926  -10.208  -23.602  44.711 0.6666669846
87791  -10.376  -25.099  45.036 0.7777780294
90928  -11.077  -24.062  44.031 0.6666669846
89351  -11.470  -24.469  43.938 0.8888890147
92512  -11.547  -22.796  43.410 0.6666669846
90944  -12.013  -23.586  43.296 0.7777780294
92532  -13.034  -22.508  42.302 0.7777780294
94156  -13.645  -21.878  41.707 0.7777780294
92566  -14.681  -22.438  41.413 0.7777780294
94211  -16.040  -21.797  40.458 0.6666669846
95807  -17.107  -21.421  39.945 0.6666669846
95809  -18.474  -21.466  40.210 0.7777780294
97339  -19.636  -20.863  40.861 0.6666669846
95833  -18.657  -21.195  39.769 0.7777780294
97354  -19.914  -20.554  40.191 0.6666669846
92371  -8.951  -22.674  49.277 0.1111110002
93963  -9.306  -21.849  48.828 0.1111110002
92407  -9.275  -22.854  47.570 0.1111110002
93978  -9.379  -22.166  47.976 0.1111110002
90900  -9.542  -23.769  45.910 0.4444440007
92428  -9.524  -22.765  46.812 0.4444440007
93999  -9.716  -21.820  47.320 0.4444440007
90913  -9.908  -23.615  45.294 0.4444440007
94036  -10.306  -22.066  45.632 0.4444440007
92487  -10.353  -23.178  44.560 0.5555559993
92488  -10.610  -22.746  44.413 0.6666669846
90943  -11.308  -23.617  43.762 0.6666669846
94106  -11.222  -22.261  43.719 0.6666669846
92531  -12.473  -22.639  42.690 0.7777780294
94155  -13.137  -21.868  42.105 0.7777780294
94180  -14.226  -21.884  41.326 0.8888890147
94209  -15.047  -21.591  40.683 0.7777780294
95805  -15.524  -20.980  40.182 0.8888890147
95806  -16.342  -21.309  39.994 0.7777780294
97352  -15.267  -20.188  40.105 0.8888890147
95830  -16.639  -20.789  39.618 0.8888890147
97370  -17.254  -20.400  39.092 0.8888890147
97371  -18.570  -21.023  39.416 0.7777780294
97373  -19.591  -20.560  39.533 0.7777780294
98847  -37.253  -19.819  39.214 0.2222220004
97388  -17.578  -20.223  38.829 0.7777780294
97389  -18.380  -20.615  38.947 0.7777780294
97391  -19.726  -20.231  38.938 0.7777780294
98842  -20.216  -20.174  39.381 0.7777780294
98859  -18.742  -19.999  38.376 0.7777780294
98860  -19.442  -19.992  38.391 0.7777780294
98866  -36.374  -19.830  38.137 0.3333329856
98865  -35.781  -19.985  37.898 0.3333329856
98885  -36.135  -19.503  37.473 0.3333329856
98905  -33.849  -19.668  35.816 0.5555559993
98915  -33.730  -19.510  35.238 0.4444440007
97164  -9.371  -20.779  50.075 0.1111110002
97182  -9.905  -20.281  48.755 0.1111110002
94017  -9.963  -22.027  46.408 0.3333329856
95639  -10.027  -21.060  47.204 0.1111110002
95678  -10.302  -21.486  46.087 0.3333329856
97238  -10.232  -20.794  46.966 0.3333329856
95697  -10.913  -21.265  44.899 0.4444440007
94081  -11.253  -21.810  43.892 0.5555559993
95749  -12.016  -21.272  43.108 0.7777780294
94134  -12.642  -21.901  42.494 0.7777780294
95769  -13.282  -21.199  41.899 0.7777780294
97338  -14.489  -20.505  40.778 0.8888890147
97351  -14.901  -20.439  40.419 0.8888890147
100410  -38.697  -18.788  39.822 0.1111110002
97367  -15.665  -20.045  39.814 0.8888890147
97386  -16.555  -19.793  39.140 0.8888890147
97387  -16.998  -19.906  38.923 0.8888890147
100395  -38.455  -19.150  40.113 0.1111110002
98857  -17.216  -19.308  38.477 0.8888890147
98876  -17.376  -18.822  38.238 0.8888890147
98858  -17.990  -19.792  38.396 0.7777780294
98867  -36.940  -19.579  38.384 0.3333329856
100408  -37.729  -19.265  39.122 0.2222220004
98877  -17.740  -19.032  38.107 0.8888890147
98878  -18.401  -19.281  38.003 0.8888890147
98861  -20.110  -19.791  38.495 0.7777780294
100423  -37.443  -19.181  38.581 0.3333329856
100424  -37.944  -18.782  38.706 0.3333329856
100436  -19.480  -19.017  37.595 0.8888890147
100437  -20.188  -19.110  37.809 0.7777780294
98896  -35.205  -19.312  36.747 0.3333329856
100442  -36.615  -19.153  37.374 0.3333329856
100460  -36.134  -18.903  36.861 0.3333329856
100461  -36.801  -18.718  37.125 0.3333329856
98907  -34.854  -19.232  36.208 0.3333329856
100471  -36.128  -18.374  36.319 0.3333329856
98930  -33.738  -19.173  34.516 0.4444440007
98931  -34.311  -18.868  34.734 0.4444440007
98956  -33.151  -19.275  32.958 0.5555559993
98945  -33.630  -19.034  33.708 0.5555559993
97513  -30.301  -20.162  32.471 0.8888890147
97514  -31.137  -20.168  32.516 0.8888890147
97530  -31.309  -19.925  31.997 0.8888890147
97201  -10.152  -20.207  47.966 0.1111110002
98698  -10.663  -19.400  47.445 0.1111110002
97251  -10.920  -20.409  45.750 0.4444440007
95698  -11.196  -20.913  44.641 0.4444440007
98755  -11.656  -19.857  44.425 0.3333329856
97290  -11.560  -20.848  43.834 0.4444440007
100339  -12.401  -19.025  43.698 0.3333329856
97306  -12.530  -20.655  42.661 0.7777780294
100351  -12.410  -19.642  43.139 0.4444440007
97323  -12.956  -20.544  42.209 0.7777780294
98798  -13.666  -19.693  41.527 0.7777780294
98811  -14.259  -19.680  40.883 0.7777780294
98826  -15.277  -19.507  40.054 0.8888890147
98840  -15.734  -19.409  39.663 0.8888890147
100403  -16.264  -18.645  39.128 0.7777780294
100417  -17.111  -18.487  38.371 0.8888890147
100433  -17.505  -18.406  38.085 0.8888890147
101882  -38.709  -18.513  39.398 0.1111110002
100434  -18.087  -18.416  37.724 0.8888890147
100452  -18.600  -18.173  37.375 0.8888890147
100419  -21.134  -19.194  38.694 0.6666669846
100444  -37.677  -18.756  38.148 0.3333329856
101893  -38.551  -18.249  38.816 0.2222220004
101915  -18.399  -17.596  37.347 0.8888890147
100453  -19.199  -18.405  37.209 0.8888890147
100455  -20.451  -18.534  37.375 0.8888890147
100439  -21.731  -18.605  37.881 0.8888890147
100457  -22.276  -18.483  37.260 0.6666669846
98903  -23.547  -19.388  36.692 0.7777780294
101907  -37.646  -18.481  37.664 0.2222220004
101920  -21.798  -17.980  36.872 0.8888890147
101921  -22.280  -18.222  36.717 0.8888890147
98912  -24.094  -19.775  36.039 0.6666669846
101932  -35.917  -18.085  35.757 0.2222220004
101934  -36.966  -17.912  36.532 0.2222220004
98926  -23.739  -19.248  35.531 0.8888890147
98927  -24.198  -19.493  35.110 0.8888890147
97477  -25.268  -20.274  34.725 0.8888890147
100478  -34.791  -18.770  35.254 0.3333329856
101954  -24.322  -18.562  34.192 0.8888890147
100500  -24.683  -18.985  34.177 0.8888890147
100510  -26.182  -18.945  33.232 0.7777780294
100492  -34.086  -18.827  34.203 0.5555559993
100520  -26.568  -18.722  32.936 0.8888890147
101986  -27.238  -18.460  32.560 0.8888890147
100523  -28.328  -19.018  32.251 0.8888890147
98965  -28.966  -19.623  32.282 0.8888890147
97531  -31.645  -19.808  32.048 0.8888890147
98968  -32.361  -19.563  32.333 0.7777780294
103447  -27.887  -17.792  32.449 0.8888890147
100524  -28.979  -18.981  31.965 0.8888890147
100532  -30.164  -19.081  31.547 0.8888890147
98978  -30.777  -19.568  31.654 0.8888890147
100286  -10.932  -18.821  47.122 0.1111110002
98797  -13.130  -19.757  42.122 0.6666669846
100352  -12.866  -18.996  42.810 0.3333329856
100362  -13.359  -18.920  41.960 0.4444440007
100377  -14.443  -18.833  40.782 0.7777780294
100390  -15.360  -18.800  39.960 0.7777780294
101880  -15.948  -18.010  39.419 0.7777780294
101891  -16.766  -17.895  38.555 0.7777780294
101892  -17.174  -17.838  38.223 0.7777780294
101903  -17.594  -17.781  37.901 0.7777780294
103339  -18.068  -17.017  37.481 0.8888890147
103332  -38.638  -17.655  38.178 0.2222220004
103333  -39.041  -17.057  38.195 0.1111110002
101916  -18.940  -17.694  37.121 0.8888890147
103341  -19.295  -17.041  36.898 0.8888890147
101919  -20.950  -18.126  37.092 0.8888890147
101905  -21.444  -18.362  37.422 0.8888890147
100458  -22.950  -18.969  37.250 0.6666669846
100468  -23.159  -18.869  36.354 0.7777780294
103351  -38.024  -17.501  37.163 0.2222220004
104693  -38.754  -16.885  37.561 0.2222220004
103342  -19.942  -17.354  36.749 0.8888890147
103359  -20.878  -16.919  36.395 0.8888890147
101931  -22.372  -17.909  36.113 0.8888890147
100477  -23.318  -18.733  35.573 0.8888890147
103367  -37.278  -17.361  36.319 0.2222220004
100490  -23.724  -18.839  34.998 0.8888890147
100491  -24.185  -18.907  34.549 0.8888890147
106146  -27.308  -15.957  34.120 0.6666669846
104732  -27.831  -15.840  35.160 0.3333329856
104769  -28.767  -16.552  34.535 0.3333329856
103416  -29.499  -16.797  34.081 0.4444440007
100479  -35.298  -18.243  35.233 0.3333329856
101933  -36.570  -17.800  36.087 0.2222220004
103381  -36.556  -17.167  35.478 0.2222220004
101953  -23.776  -18.046  34.407 0.8888890147
101966  -24.321  -17.644  33.865 0.8888890147
103428  -25.148  -17.886  33.479 0.7777780294
103429  -25.607  -17.494  33.196 0.7777780294
104766  -27.059  -16.184  33.576 0.7777780294
104768  -28.198  -16.458  34.121 0.3333329856
103434  -29.330  -17.027  33.083 0.6666669846
103450  -29.891  -17.272  32.443 0.6666669846
103460  -31.122  -17.377  31.668 0.8888890147
100535  -32.343  -18.346  31.340 0.8888890147
100502  -34.078  -18.601  33.630 0.5555559993
100494  -35.285  -17.904  34.607 0.4444440007
103380  -36.156  -17.205  35.104 0.2222220004
103446  -27.269  -17.928  32.516 0.7777780294
103433  -28.657  -17.102  32.921 0.7777780294
103449  -29.254  -17.497  32.404 0.8888890147
101990  -29.905  -17.793  31.954 0.8888890147
98980  -32.331  -19.047  31.673 0.8888890147
100525  -33.478  -18.642  32.037 0.8888890147
100503  -34.512  -18.132  33.511 0.5555559993
101955  -35.041  -17.834  33.957 0.4444440007
103448  -28.572  -17.673  32.381 0.8888890147
101989  -29.277  -18.278  31.837 0.8888890147
101998  -29.765  -18.719  31.622 0.8888890147
100514  -34.508  -17.908  32.936 0.5555559993
103267  -14.558  -17.293  41.309 0.5555559993
104626  -14.962  -16.538  41.292 0.4444440007
103280  -15.360  -17.281  40.305 0.5555559993
104627  -15.353  -16.555  40.792 0.5555559993
101872  -15.513  -18.071  39.865 0.6666669846
103281  -15.818  -16.992  39.915 0.6666669846
106029  -28.051  -15.114  40.701 0.1111110002
104669  -16.799  -16.824  38.725 0.7777780294
104670  -17.210  -16.420  38.538 0.7777780294
106041  -28.018  -15.215  39.955 0.1111110002
103325  -17.287  -17.187  38.121 0.7777780294
103326  -17.644  -17.128  37.799 0.7777780294
107426  -26.397  -14.348  37.298 0.4444440007
107427  -26.748  -14.510  37.836 0.3333329856
107442  -27.085  -14.823  37.559 0.2222220004
107428  -27.248  -14.903  38.084 0.2222220004
106071  -28.219  -15.904  38.298 0.1111110002
104711  -38.899  -16.310  37.319 0.1111110002
104694  -39.246  -16.287  37.818 0.1111110002
103340  -18.621  -17.001  37.178 0.8888890147
106087  -27.431  -15.170  37.261 0.2222220004
104689  -28.033  -15.793  37.628 0.2222220004
104710  -38.535  -16.397  36.786 0.2222220004
103358  -20.270  -16.832  36.556 0.8888890147
103373  -21.990  -16.862  35.690 0.8888890147
103374  -22.468  -17.131  35.445 0.8888890147
101938  -23.006  -17.935  35.233 0.8888890147
107456  -26.596  -14.770  36.335 0.4444440007
106111  -26.914  -15.073  35.891 0.4444440007
106101  -27.421  -15.382  36.336 0.4444440007
103397  -31.449  -16.158  34.848 0.2222220004
106103  -37.919  -15.908  35.913 0.2222220004
104725  -37.717  -16.318  36.001 0.2222220004
101952  -23.280  -17.540  34.734 0.8888890147
106125  -27.258  -15.686  34.714 0.5555559993
103419  -31.409  -16.192  34.212 0.5555559993
103436  -30.699  -16.688  33.214 0.5555559993
104748  -36.449  -16.393  34.457 0.2222220004
103382  -37.171  -16.692  35.678 0.2222220004
103392  -23.453  -17.077  34.453 0.8888890147
104762  -24.096  -16.243  34.030 0.7777780294
103413  -25.347  -17.001  33.359 0.7777780294
104765  -26.308  -16.071  33.447 0.7777780294
103452  -31.163  -16.518  32.608 0.6666669846
102002  -32.398  -17.558  31.194 0.8888890147
100536  -33.157  -18.116  31.472 0.8888890147
103421  -35.723  -16.877  33.835 0.2222220004
103398  -36.123  -16.936  34.647 0.4444440007
104763  -24.606  -16.349  33.794 0.7777780294
103462  -32.571  -16.818  31.328 0.7777780294
100537  -33.637  -17.694  31.548 0.8888890147
101979  -34.342  -17.812  32.379 0.5555559993
101980  -34.782  -17.434  32.707 0.5555559993
101970  -35.292  -17.346  33.607 0.4444440007
104607  -14.115  -16.789  42.171 0.4444440007
106015  -15.840  -15.675  40.981 0.4444440007
104642  -16.145  -16.483  39.823 0.5555559993
106040  -16.889  -15.672  39.498 0.5555559993
108736  -26.569  -13.995  39.850 0.1111110002
107395  -27.111  -14.530  39.547 0.1111110002
104653  -16.620  -16.464  39.180 0.6666669846
106053  -17.236  -15.693  38.978 0.6666669846
108749  -26.562  -14.148  39.061 0.2222220004
106054  -17.540  -15.660  38.592 0.7777780294
108763  -26.114  -14.054  37.834 0.3333329856
107410  -26.936  -14.553  38.637 0.2222220004
107445  -38.700  -14.916  36.579 0.1111110002
106083  -18.589  -15.610  37.531 0.7777780294
106084  -19.236  -15.546  37.175 0.8888890147
108778  -25.905  -14.098  37.077 0.4444440007
106104  -38.244  -15.714  36.134 0.2222220004
106090  -39.007  -15.646  37.152 0.1111110002
104716  -19.969  -16.214  36.612 0.8888890147
104717  -20.528  -16.209  36.345 0.8888890147
104719  -21.724  -16.306  35.731 0.8888890147
107440  -26.248  -14.464  36.713 0.4444440007
107455  -26.097  -14.482  36.038 0.6666669846
107470  -26.401  -14.789  35.632 0.4444440007
104730  -22.209  -16.343  35.356 0.8888890147
106110  -22.522  -15.676  35.076 0.8888890147
103391  -23.002  -17.082  34.908 0.8888890147
107485  -26.217  -14.795  35.180 0.6666669846
104770  -31.425  -15.690  34.182 0.4444440007
104773  -36.497  -16.066  34.237 0.2222220004
104750  -37.116  -16.039  35.024 0.2222220004
107474  -37.744  -14.836  35.340 0.1111110002
104742  -23.203  -16.397  34.632 0.8888890147
106141  -23.895  -15.868  34.196 0.7777780294
106142  -24.383  -15.667  34.089 0.7777780294
106144  -25.873  -15.336  34.129 0.7777780294
104789  -31.439  -16.141  32.941 0.6666669846
104797  -31.582  -16.161  32.313 0.7777780294
104784  -35.787  -16.402  33.362 0.5555559993
104772  -36.185  -16.236  33.934 0.4444440007
106150  -36.562  -15.584  33.937 0.2222220004
106168  -31.345  -15.622  32.872 0.7777780294
103463  -33.354  -16.769  31.350 0.8888890147
103465  -34.519  -16.713  31.858 0.7777780294
103455  -35.232  -16.757  32.702 0.5555559993
104791  -35.470  -16.248  32.652 0.5555559993
104799  -32.861  -16.160  31.327 0.8888890147
104800  -33.683  -16.145  31.392 0.8888890147
106178  -33.976  -15.433  31.450 0.8888890147
108690  -16.400  -14.548  41.603 0.3333329856
107364  -16.717  -14.938  40.737 0.5555559993
108706  -17.109  -14.468  40.869 0.3333329856
106028  -16.618  -15.542  40.067 0.5555559993
107380  -17.461  -14.636  39.870 0.4444440007
110077  -25.538  -13.311  39.506 0.2222220004
107365  -27.263  -14.157  41.556 0.1111110002
108732  -18.166  -14.290  39.157 0.3333329856
108744  -18.243  -14.466  38.703 0.2222220004
110092  -25.676  -13.531  38.865 0.2222220004
108735  -26.081  -13.746  39.331 0.2222220004
107408  -17.912  -14.933  38.675 0.5555559993
108745  -18.674  -14.183  38.574 0.5555559993
110108  -24.998  -13.325  37.718 0.3333329856
108747  -25.573  -13.619  38.194 0.3333329856
108748  -26.081  -13.901  38.615 0.3333329856
106068  -17.879  -15.623  38.190 0.7777780294
107424  -18.590  -14.804  37.997 0.6666669846
106085  -19.732  -15.221  37.020 0.6666669846
108776  -24.859  -13.547  36.496 0.5555559993
108762  -25.503  -13.753  37.446 0.3333329856
106096  -19.724  -15.749  36.867 0.7777780294
107439  -20.085  -14.711  36.955 0.8888890147
107452  -20.622  -14.773  36.521 0.8888890147
108807  -24.233  -13.961  35.368 0.7777780294
108794  -25.199  -13.888  36.096 0.5555559993
108795  -25.748  -14.150  36.403 0.6666669846
107488  -30.931  -14.864  34.901 0.4444440007
106099  -21.477  -15.563  35.839 0.8888890147
107465  -22.382  -15.007  35.302 0.7777780294
108805  -22.701  -14.379  35.387 0.7777780294
108820  -23.716  -14.536  34.847 0.7777780294
108808  -24.893  -14.062  35.361 0.7777780294
107468  -25.420  -14.408  35.085 0.6666669846
107502  -25.536  -14.944  34.398 0.7777780294
107505  -30.899  -15.013  34.124 0.4444440007
106147  -31.239  -15.276  34.550 0.4444440007
106120  -23.019  -15.742  34.771 0.7777780294
107480  -23.311  -15.345  34.716 0.8888890147
106122  -23.967  -15.407  34.319 0.7777780294
107501  -25.139  -15.118  34.236 0.7777780294
107504  -30.500  -14.766  33.727 0.5555559993
106159  -31.242  -15.410  33.749 0.5555559993
106160  -36.053  -15.705  33.302 0.3333329856
107489  -37.000  -14.786  34.367 0.2222220004
107503  -30.026  -14.520  33.339 0.6666669846
107517  -30.560  -14.812  32.877 0.6666669846
107530  -31.078  -15.155  32.403 0.7777780294
106175  -31.631  -15.588  32.007 0.7777780294
104790  -35.030  -16.225  32.176 0.5555559993
106170  -35.585  -15.310  32.593 0.5555559993
107506  -36.570  -14.771  33.673 0.2222220004
108866  -29.721  -14.093  32.218 0.7777780294
107516  -30.110  -14.495  32.523 0.7777780294
107529  -30.672  -14.722  32.066 0.7777780294
106176  -32.326  -15.516  31.499 0.8888890147
106177  -33.165  -15.491  31.275 0.8888890147
107531  -35.047  -14.746  32.213 0.7777780294
107532  -35.502  -14.717  32.590 0.5555559993
106161  -36.362  -15.133  33.388 0.3333329856
107541  -31.531  -14.820  31.534 0.8888890147
107542  -32.611  -14.836  31.191 0.8888890147
107543  -33.496  -14.795  31.300 0.8888890147
107544  -34.197  -14.742  31.610 0.7777780294
110056  -18.001  -13.645  40.910 0.2222220004
110042  -18.917  -12.916  41.192 0.2222220004
111531  -19.610  -12.606  40.715 0.2222220004
110057  -18.472  -13.392  40.568 0.2222220004
110058  -19.113  -13.010  40.340 0.2222220004
110072  -19.267  -13.136  39.605 0.2222220004
110076  -24.759  -12.992  39.735 0.1111110002
110071  -18.784  -13.345  39.998 0.2222220004
108734  -19.150  -13.423  39.235 0.3333329856
110086  -19.920  -13.002  38.869 0.3333329856
111585  -21.057  -12.737  38.489 0.4444440007
110105  -22.203  -12.488  38.449 0.2222220004
110106  -23.252  -12.773  38.222 0.2222220004
110107  -24.209  -13.029  37.972 0.2222220004
110091  -24.994  -13.189  38.705 0.1111110002
108760  -19.439  -13.904  38.020 0.4444440007
110103  -20.679  -13.003  38.273 0.4444440007
110119  -20.867  -13.254  37.622 0.4444440007
110121  -22.535  -12.860  37.424 0.2222220004
110122  -23.486  -13.022  37.236 0.2222220004
108773  -19.642  -14.110  37.576 0.6666669846
108775  -20.811  -13.610  37.186 0.4444440007
110120  -21.668  -13.018  37.598 0.4444440007
110123  -24.393  -13.264  37.010 0.5555559993
110149  -30.108  -13.458  36.171 0.2222220004
108779  -30.723  -13.589  37.046 0.2222220004
108788  -20.468  -14.332  36.870 0.5555559993
108789  -21.039  -13.987  36.709 0.6666669846
108790  -22.052  -14.027  35.957 0.6666669846
108791  -23.097  -13.747  35.807 0.6666669846
110137  -23.672  -13.336  36.404 0.5555559993
108811  -30.115  -13.839  35.641 0.2222220004
107453  -21.292  -14.771  36.094 0.7777780294
108804  -22.235  -14.557  35.531 0.7777780294
108806  -23.530  -14.223  35.158 0.6666669846
108824  -29.522  -13.784  34.863 0.3333329856
108825  -30.144  -14.253  34.923 0.3333329856
108836  -29.483  -14.118  33.789 0.5555559993
107486  -29.999  -14.418  34.214 0.5555559993
108850  -29.091  -13.760  33.220 0.6666669846
108838  -36.505  -13.975  33.910 0.2222220004
108865  -29.323  -13.827  32.572 0.7777780294
107528  -30.224  -14.294  31.856 0.7777780294
110205  -34.799  -13.488  32.395 0.6666669846
108852  -35.947  -13.903  33.244 0.3333329856
108877  -29.389  -13.652  32.055 0.7777780294
108878  -29.934  -13.735  31.620 0.7777780294
107540  -30.757  -14.307  31.506 0.8888890147
108881  -32.125  -14.111  31.054 0.8888890147
108882  -33.056  -14.125  31.210 0.8888890147
110234  -33.461  -13.510  31.516 0.7777780294
108884  -34.516  -14.143  31.988 0.7777780294
108868  -35.359  -14.073  32.630 0.6666669846
110229  -29.282  -13.041  31.558 0.7777780294
108893  -31.287  -13.630  30.983 0.8888890147
113163  -29.804  -12.298  37.150 0.2222220004
113162  -29.373  -12.019  36.821 0.2222220004
111609  -29.664  -12.681  36.582 0.2222220004
110140  -30.137  -13.125  36.725 0.2222220004
111626  -29.118  -12.484  35.795 0.4444440007
110147  -29.307  -12.892  35.665 0.4444440007
111644  -28.694  -12.310  35.037 0.5555559993
108823  -29.066  -13.307  34.653 0.5555559993
113226  -27.870  -11.520  33.923 0.7777780294
111661  -28.510  -12.316  34.569 0.5555559993
110168  -28.640  -12.787  34.359 0.6666669846
110179  -28.292  -12.561  33.734 0.6666669846
110180  -28.602  -13.173  33.468 0.6666669846
113248  -27.712  -11.398  33.084 0.7777780294
111701  -27.862  -12.001  32.643 0.6666669846
110228  -28.577  -12.805  32.047 0.6666669846
111717  -28.206  -12.247  32.063 0.7777780294
110233  -32.657  -13.401  31.249 0.8888890147
114828  -27.991  -11.306  31.784 0.7777780294
113300  -28.357  -11.720  31.446 0.8888890147
111718  -28.720  -12.400  31.563 0.7777780294
110260  -29.650  -12.859  31.151 0.7777780294
111719  -30.150  -12.706  31.043 1.0000000000
111721  -31.365  -12.605  31.251 0.8888890147
111703  -33.052  -12.377  31.792 0.8888890147
114855  -28.023  -10.865  31.375 1.0000000000
113301  -28.819  -12.074  31.236 0.8888890147
111720  -30.535  -12.575  31.051 1.0000000000
113303  -31.809  -12.007  31.439 0.8888890147
116338  -32.365  -11.315  31.593 1.0000000000
116340  -33.220  -11.118  31.917 0.8888890147
113319  -28.497  -11.282  31.005 1.0000000000
114874  -28.631  -10.774  30.494 1.0000000000
113320  -29.081  -11.703  30.872 1.0000000000
113321  -29.955  -11.654  30.729 1.0000000000
113322  -30.565  -11.582  30.813 1.0000000000
116355  -31.680  -10.906  31.256 1.0000000000
116356  -32.125  -11.199  31.457 0.8888890147
114875  -29.522  -11.087  30.318 1.0000000000
114876  -30.373  -11.114  30.454 1.0000000000
114877  -31.093  -11.168  30.884 0.8888890147
116398  -31.618  -10.990  30.668 1.0000000000
114895  -29.969  -10.595  29.708 1.0000000000
114896  -31.179  -10.941  30.027 1.0000000000
113138  -29.603  -11.628  37.373 0.2222220004
114728  -29.334  -10.662  37.575 0.3333329856
113161  -28.957  -11.642  36.314 0.5555559993
114745  -29.238  -11.324  36.955 0.3333329856
114727  -29.092  -10.233  37.145 0.3333329856
114762  -28.522  -10.814  35.840 0.5555559993
113204  -28.128  -11.464  34.577 0.6666669846
114789  -27.804  -10.874  34.150 0.8888890147
113225  -27.696  -11.082  33.588 0.8888890147
114805  -27.643  -10.709  33.088 0.8888890147
116353  -27.638  -10.352  32.122 0.7777780294
114832  -33.968  -11.190  32.562 0.8888890147
116375  -28.037  -10.071  30.856 1.0000000000
116357  -32.899  -10.865  31.342 0.8888890147
116358  -33.446  -10.854  31.539 0.8888890147
114893  -28.759  -10.323  30.058 1.0000000000
116399  -31.927  -10.950  30.395 1.0000000000
114878  -32.484  -10.865  30.442 1.0000000000
116400  -33.129  -10.833  30.537 0.8888890147
116379  -33.601  -10.780  30.905 0.7777780294
116396  -28.870  -9.979  29.748 1.0000000000
114894  -29.167  -10.503  29.952 1.0000000000
114897  -32.126  -11.007  29.942 1.0000000000
114917  -33.206  -11.308  29.636 1.0000000000
114899  -33.518  -11.088  30.031 0.8888890147
114880  -33.892  -10.930  30.449 0.7777780294
114914  -30.575  -10.706  28.991 1.0000000000
114915  -31.714  -11.118  29.215 1.0000000000
113368  -31.934  -11.299  29.009 1.0000000000
113369  -32.220  -11.373  29.028 1.0000000000
114761  -28.245  -10.541  35.277 0.7777780294
116280  -28.335  -10.078  35.562 0.5555559993
116293  -28.089  -9.952  35.012 0.5555559993
116308  -27.788  -9.987  34.195 0.7777780294
117827  -27.664  -9.654  33.515 0.7777780294
116336  -27.602  -10.220  32.623 0.8888890147
117842  -27.605  -9.789  32.501 1.0000000000
116354  -27.713  -10.064  31.682 1.0000000000
117851  -27.777  -9.305  31.288 1.0000000000
116395  -28.448  -9.990  30.183 1.0000000000
116410  -29.117  -9.785  29.421 1.0000000000
116411  -29.553  -9.972  29.161 1.0000000000
113370  -32.894  -11.495  29.113 1.0000000000
113342  -34.103  -11.474  29.663 1.0000000000
117886  -28.977  -9.200  29.143 1.0000000000
117887  -29.392  -9.557  28.843 1.0000000000
116412  -29.985  -10.217  28.861 1.0000000000
114930  -31.229  -11.120  28.527 1.0000000000
113395  -31.856  -11.373  28.765 1.0000000000
113396  -32.395  -11.707  28.544 1.0000000000
113371  -33.800  -11.661  29.273 0.8888890147
113372  -34.662  -11.856  29.465 0.6666669846
117898  -29.131  -8.723  28.591 1.0000000000
117899  -29.384  -9.220  28.485 1.0000000000
116423  -30.130  -10.171  28.378 1.0000000000
114929  -30.627  -10.647  28.124 1.0000000000
113421  -31.657  -11.517  28.207 1.0000000000
111831  -32.490  -12.164  27.786 1.0000000000
111832  -33.102  -12.395  27.796 1.0000000000
111811  -34.426  -12.403  28.406 1.0000000000
111852  -32.604  -12.283  27.163 1.0000000000
111833  -33.854  -12.563  27.756 1.0000000000
119327  -28.378  -8.751  35.495 0.3333329856
117816  -28.041  -9.209  34.681 0.5555559993
117828  -27.817  -9.099  33.901 0.7777780294
119354  -28.106  -8.485  34.310 0.4444440007
117835  -27.721  -9.083  33.123 0.7777780294
119361  -27.963  -8.359  33.487 0.6666669846
119368  -27.844  -8.503  32.660 0.8888890147
120862  -28.210  -7.757  33.415 0.5555559993
117843  -27.636  -9.344  32.266 1.0000000000
119374  -27.786  -8.528  31.795 0.8888890147
119383  -27.923  -8.536  30.873 0.8888890147
119396  -28.278  -8.616  30.028 1.0000000000
117873  -28.559  -9.382  29.774 1.0000000000
117885  -28.567  -8.914  29.567 0.8888890147
119409  -28.595  -8.421  29.452 1.0000000000
119410  -28.914  -8.265  28.909 0.7777780294
113373  -35.353  -12.084  29.589 0.5555559993
117910  -29.315  -8.712  28.249 1.0000000000
116434  -30.303  -9.931  27.642 1.0000000000
114957  -30.840  -10.520  27.154 1.0000000000
114958  -31.122  -10.849  27.052 1.0000000000
113446  -32.054  -11.901  27.306 1.0000000000
111789  -34.952  -12.178  28.995 0.7777780294
111790  -35.777  -12.224  29.208 0.6666669846
111764  -36.302  -12.226  29.542 0.4444440007
117924  -30.489  -9.237  27.081 0.8888890147
116445  -31.285  -10.145  26.509 1.0000000000
113472  -32.234  -11.720  26.556 1.0000000000
111872  -32.833  -12.257  26.567 1.0000000000
111835  -35.473  -12.637  27.622 0.7777780294
111813  -35.994  -12.425  28.353 0.5555559993
111815  -37.402  -12.176  28.349 0.4444440007
113375  -37.875  -12.130  29.036 0.3333329856
114973  -31.688  -10.920  26.434 1.0000000000
111873  -33.430  -12.458  26.301 1.0000000000
111855  -34.917  -12.703  26.842 0.7777780294
111837  -37.055  -12.204  27.552 0.6666669846
113424  -37.767  -11.895  27.402 0.4444440007
113400  -38.631  -11.564  28.004 0.3333329856
111874  -34.299  -12.505  25.923 0.8888890147
111875  -35.242  -12.533  26.136 0.7777780294
111857  -36.441  -12.351  26.873 0.7777780294
111858  -36.960  -12.154  26.851 0.5555559993
113448  -37.831  -11.774  26.540 0.4444440007
122294  -28.437  -7.387  34.110 0.3333329856
120879  -28.001  -7.848  32.303 0.5555559993
122313  -28.301  -7.315  32.927 0.5555559993
120887  -28.035  -7.779  31.410 0.5555559993
120895  -28.260  -7.788  30.512 0.7777780294
120896  -28.520  -7.448  30.065 0.6666669846
120906  -28.721  -7.554  29.428 0.6666669846
120905  -28.436  -7.958  29.875 0.7777780294
120914  -29.065  -7.514  28.722 0.7777780294
119431  -29.736  -8.216  27.740 0.8888890147
119432  -30.336  -8.410  27.205 0.8888890147
117925  -31.029  -9.345  26.626 0.8888890147
119446  -30.875  -8.548  26.780 0.8888890147
119447  -31.421  -8.655  26.438 1.0000000000
117936  -31.578  -9.408  26.226 1.0000000000
114974  -32.307  -10.994  25.858 1.0000000000
113473  -32.863  -11.844  25.929 1.0000000000
113425  -38.437  -11.514  27.055 0.3333329856
117937  -32.112  -9.435  25.861 1.0000000000
116475  -32.831  -10.111  25.187 1.0000000000
113502  -33.254  -11.639  25.430 1.0000000000
111893  -34.466  -12.176  25.302 1.0000000000
111894  -34.998  -12.281  25.510 0.8888890147
113506  -36.570  -11.781  25.287 0.6666669846
113477  -37.112  -11.900  26.023 0.6666669846
114991  -33.295  -10.937  25.077 1.0000000000
113504  -34.711  -11.713  24.864 1.0000000000
113531  -35.393  -11.527  24.616 1.0000000000
113532  -36.083  -11.533  24.687 0.7777780294
122295  -28.724  -6.934  34.310 0.2222220004
122314  -28.718  -6.595  32.610 0.4444440007
123705  -29.170  -6.205  33.884 0.4444440007
122322  -28.266  -7.115  32.012 0.5555559993
122323  -28.725  -6.431  31.764 0.4444440007
123735  -29.185  -5.871  31.530 0.4444440007
122329  -28.433  -7.032  31.028 0.5555559993
122338  -28.806  -6.738  30.146 0.5555559993
122345  -29.238  -6.671  29.095 0.5555559993
122354  -29.267  -7.071  28.566 0.5555559993
122355  -29.602  -6.739  28.321 0.5555559993
120928  -29.672  -7.386  27.787 0.6666669846
120929  -30.282  -7.515  27.269 0.6666669846
120930  -30.996  -7.364  27.038 0.5555559993
120943  -30.771  -7.918  26.969 0.6666669846
120944  -31.389  -7.793  26.648 0.6666669846
120952  -31.771  -8.155  26.306 0.8888890147
119460  -32.369  -8.756  25.739 1.0000000000
119477  -33.097  -8.689  24.883 1.0000000000
116476  -33.292  -10.073  24.785 1.0000000000
115009  -34.838  -10.959  24.245 1.0000000000
115026  -35.234  -10.697  23.832 1.0000000000
115012  -37.129  -11.054  24.145 1.0000000000
115027  -35.823  -10.614  23.707 1.0000000000
115028  -36.615  -10.585  23.619 1.0000000000
123725  -29.222  -5.868  32.392 0.3333329856
125219  -29.962  -5.096  31.790 0.2222220004
123743  -29.364  -5.791  30.613 0.3333329856
125236  -29.528  -5.402  31.369 0.3333329856
125204  -30.556  -4.770  32.277 0.2222220004
123756  -29.346  -6.123  29.685 0.5555559993
123757  -29.761  -5.608  29.932 0.3333329856
125221  -31.030  -4.714  31.020 0.3333329856
122346  -29.606  -6.375  28.773 0.5555559993
125255  -30.770  -5.020  29.987 0.3333329856
125275  -31.740  -4.943  29.118 0.3333329856
123812  -30.097  -6.291  28.168 0.5555559993
123813  -30.616  -6.175  27.857 0.5555559993
125294  -30.953  -5.488  28.608 0.3333329856
122368  -30.833  -6.777  27.365 0.5555559993
123814  -31.351  -6.141  27.594 0.3333329856
122369  -31.694  -6.861  26.994 0.5555559993
122380  -31.844  -7.357  26.601 0.5555559993
122389  -32.570  -7.502  25.966 0.7777780294
120968  -32.922  -7.999  25.285 1.0000000000
120980  -33.269  -8.045  24.754 1.0000000000
119489  -33.471  -8.644  24.425 1.0000000000
116518  -34.650  -9.615  23.634 1.0000000000
116519  -35.133  -10.023  23.534 1.0000000000
119506  -34.348  -8.456  23.567 1.0000000000
118041  -35.905  -9.119  22.942 1.0000000000
116538  -36.288  -9.491  23.016 1.0000000000
119529  -36.224  -8.383  22.724 1.0000000000
118042  -36.736  -9.251  22.901 1.0000000000
126660  -34.771  -3.936  32.684 0.1111110002
126661  -35.558  -3.943  32.832 0.1111110002
126662  -36.286  -4.020  32.982 0.1111110002
126655  -31.126  -4.503  31.794 0.3333329856
126656  -31.784  -4.241  31.998 0.2222220004
126682  -33.116  -4.179  31.688 0.1111110002
126683  -33.842  -4.145  31.841 0.1111110002
126703  -34.881  -4.320  31.607 0.1111110002
126685  -35.298  -4.288  32.023 0.1111110002
126680  -31.571  -4.433  31.149 0.3333329856
126700  -33.006  -4.283  30.999 0.2222220004
126701  -33.684  -4.248  31.193 0.1111110002
126716  -33.615  -4.368  30.597 0.1111110002
125240  -34.726  -4.438  30.929 0.2222220004
125256  -31.463  -4.741  29.801 0.3333329856
125257  -32.098  -4.648  29.620 0.2222220004
125258  -32.753  -4.564  29.687 0.2222220004
125259  -33.505  -4.619  29.917 0.1111110002
125296  -32.153  -5.229  28.589 0.2222220004
125297  -32.893  -5.234  28.679 0.2222220004
123793  -31.788  -5.596  28.032 0.2222220004
123794  -32.586  -5.580  28.067 0.2222220004
123828  -33.452  -6.153  27.142 0.2222220004
122370  -32.620  -6.453  27.007 0.3333329856
122382  -33.284  -6.519  26.616 0.3333329856
122390  -33.056  -7.196  25.801 0.5555559993
122402  -33.293  -7.432  25.035 0.8888890147
122415  -33.420  -7.620  24.638 1.0000000000
122416  -33.670  -7.109  24.484 0.8888890147
120992  -33.963  -7.783  23.895 1.0000000000
119507  -34.864  -8.364  23.170 1.0000000000
120993  -34.479  -7.687  23.442 1.0000000000
121010  -35.737  -7.595  22.732 0.8888890147
121011  -36.537  -7.564  22.593 0.8888890147
121012  -37.378  -7.571  22.577 1.0000000000
121013  -38.197  -7.633  22.569 0.8888890147
122445  -38.608  -7.034  22.394 0.7777780294
126686  -36.083  -4.230  32.392 0.1111110002
125223  -35.877  -4.444  31.753 0.2222220004
125261  -35.591  -5.011  30.269 0.2222220004
125260  -34.483  -4.578  30.392 0.2222220004
125279  -34.952  -5.248  29.597 0.2222220004
125298  -33.494  -5.288  28.851 0.2222220004
125278  -34.021  -5.121  29.371 0.2222220004
123773  -34.597  -5.616  28.886 0.2222220004
123795  -33.429  -5.613  28.222 0.2222220004
123796  -34.214  -5.847  28.222 0.2222220004
122383  -33.840  -6.310  26.475 0.3333329856
122391  -33.709  -6.503  26.025 0.5555559993
122403  -33.589  -6.739  25.306 0.7777780294
122427  -34.154  -7.007  23.822 0.8888890147
123879  -34.379  -6.270  23.748 0.8888890147
123889  -34.871  -6.118  23.272 0.8888890147
122442  -36.002  -6.793  22.601 0.8888890147
122443  -36.881  -6.654  22.370 0.8888890147
122462  -38.256  -6.388  22.144 0.8888890147
122463  -39.058  -6.480  22.203 0.8888890147
123905  -38.704  -5.809  21.962 0.8888890147
125391  -40.017  -5.446  21.833 0.8888890147
123797  -35.031  -5.966  28.283 0.2222220004
123819  -35.457  -5.784  27.543 0.2222220004
123818  -34.565  -6.005  27.561 0.2222220004
123830  -34.835  -5.779  26.838 0.3333329856
123831  -35.443  -5.408  26.953 0.3333329856
123829  -34.008  -6.111  26.931 0.3333329856
123839  -34.731  -5.458  26.284 0.3333329856
125328  -34.346  -5.397  25.829 0.4444440007
125330  -35.270  -4.747  26.496 0.3333329856
123838  -34.232  -5.971  26.274 0.3333329856
123849  -33.931  -6.023  25.587 0.4444440007
125337  -34.072  -5.472  25.154 0.4444440007
123864  -33.869  -6.213  24.868 0.5555559993
125355  -34.227  -4.920  24.675 0.4444440007
123890  -35.511  -6.048  22.785 0.7777780294
125377  -36.300  -5.557  22.339 0.8888890147
123903  -37.169  -5.704  22.076 0.8888890147
125407  -40.463  -4.986  21.536 0.8888890147
125388  -37.399  -5.084  21.871 0.8888890147
125404  -38.478  -4.560  21.329 0.8888890147
125406  -39.705  -4.923  21.408 0.8888890147
126840  -37.982  -4.222  21.314 0.8888890147
126841  -38.713  -4.218  21.034 0.8888890147
125329  -34.851  -4.760  26.149 0.4444440007
126772  -35.052  -4.258  26.088 0.3333329856
126798  -34.494  -4.130  25.029 0.3333329856
126811  -34.479  -4.312  24.180 0.6666669846
125368  -34.415  -5.358  23.811 0.6666669846
126819  -34.787  -4.526  23.452 0.7777780294
128307  -34.961  -4.085  23.197 0.7777780294
125375  -35.057  -5.296  23.086 0.7777780294
125376  -35.801  -5.216  22.527 0.8888890147
125386  -36.055  -4.760  22.275 0.8888890147
126844  -40.902  -4.641  21.089 0.8888890147
126829  -36.951  -4.376  21.814 0.8888890147
128319  -37.017  -3.863  21.604 0.8888890147
126852  -39.124  -4.012  20.681 0.8888890147
126843  -40.130  -4.542  21.014 0.8888890147
128330  -38.267  -3.701  20.813 0.8888890147
128331  -38.783  -3.836  20.683 0.8888890147
129723  -38.913  -2.791  19.657 0.8888890147
131023  -39.062  -1.592  18.835 0.8888890147
132317  -38.978  -0.844  18.668 0.8888890147
132318  -39.647  -0.657  18.101 0.8888890147
132330  -40.131  -0.455  17.695 0.8888890147
135045  -41.784  0.408  16.710 0.8888890147
135056  -43.446  0.636  16.270 0.8888890147
126780  -34.777  -4.167  25.728 0.3333329856
128289  -34.552  -3.433  24.565 0.5555559993
128298  -34.796  -3.621  23.633 0.7777780294
128308  -35.262  -3.700  22.940 0.6666669846
128317  -35.856  -3.682  22.347 0.8888890147
129701  -35.958  -3.053  22.142 0.8888890147
128318  -36.522  -3.595  21.821 0.8888890147
129702  -36.304  -2.876  21.791 0.8888890147
128342  -37.907  -3.054  20.496 0.8888890147
129710  -37.016  -2.529  20.975 0.8888890147
129721  -37.462  -2.306  20.470 0.8888890147
129722  -38.301  -2.437  19.832 0.8888890147
130999  -37.730  -1.684  20.098 0.8888890147
131013  -38.180  -1.635  19.555 0.8888890147
132305  -38.737  -1.254  18.956 0.8888890147
132316  -38.625  -0.580  18.944 0.8888890147
133710  -39.280  -0.048  18.365 0.8888890147
133727  -39.818  0.040  17.851 0.8888890147
133728  -40.374  0.072  17.419 0.8888890147
135043  -40.675  0.745  17.191 0.8888890147
135044  -41.392  0.773  16.802 0.8888890147
135053  -41.762  1.159  16.620 0.8888890147
136446  -42.690  1.496  16.255 0.8888890147
136463  -43.247  1.736  16.017 0.8888890147
136448  -43.831  1.042  16.063 0.8888890147
136465  -44.399  1.255  15.870 0.7777780294
135066  -44.655  0.862  16.004 0.7777780294
135067  -44.783  0.677  16.092 0.6666669846
136450  -45.650  0.582  16.250 0.6666669846
129671  -34.842  -2.749  24.109 0.5555559993
129683  -34.989  -2.976  23.519 0.5555559993
130951  -35.149  -2.703  23.350 0.5555559993
129693  -35.555  -3.039  22.675 0.5555559993
130963  -35.765  -2.465  22.387 0.6666669846
130975  -36.038  -2.623  22.045 0.6666669846
130976  -36.225  -2.102  21.903 0.6666669846
130985  -36.644  -2.002  21.284 0.8888890147
130986  -37.001  -1.855  20.898 0.8888890147
130998  -37.290  -1.607  20.555 0.8888890147
132290  -37.853  -1.017  19.836 0.8888890147
133686  -37.986  -0.392  19.685 0.8888890147
133696  -38.325  -0.163  19.307 0.7777780294
133709  -38.708  -0.085  18.891 0.8888890147
135016  -39.087  0.624  18.667 0.8888890147
135032  -39.589  0.671  18.143 0.8888890147
135033  -40.127  0.712  17.661 0.8888890147
136430  -40.452  1.399  17.499 0.8888890147
137870  -40.811  2.059  17.426 0.8888890147
136444  -41.507  1.529  16.711 0.8888890147
137878  -41.272  2.106  17.002 0.8888890147
137880  -42.344  2.194  16.309 0.8888890147
137888  -42.944  2.226  16.051 0.8888890147
136464  -43.749  1.571  15.890 0.8888890147
137891  -44.928  1.798  15.544 0.7777780294
136466  -45.180  0.972  15.948 0.6666669846
130941  -35.331  -2.044  23.995 0.5555559993
130952  -35.412  -2.348  23.143 0.5555559993
130964  -35.945  -1.748  22.699 0.5555559993
132255  -36.356  -1.219  22.269 0.5555559993
132265  -36.585  -1.276  21.542 0.7777780294
133650  -37.119  -0.307  22.253 0.5555559993
132274  -36.753  -1.557  21.155 0.7777780294
133662  -37.139  -0.393  21.473 0.5555559993
134976  -37.959  0.355  20.719 0.4444440007
133685  -37.642  -0.421  20.188 0.7777780294
134991  -37.706  -0.119  20.248 0.6666669846
135002  -38.403  0.434  19.597 0.6666669846
136402  -39.117  1.213  19.234 0.6666669846
136401  -38.702  0.839  19.416 0.7777780294
137861  -40.081  1.930  18.602 0.7777780294
139222  -40.524  2.439  19.005 0.4444440007
140743  -41.349  3.103  18.613 0.5555559993
136420  -39.974  1.363  18.021 0.8888890147
137869  -40.438  1.993  17.973 0.7777780294
140750  -41.433  3.170  18.058 0.5555559993
140751  -41.805  3.519  17.637 0.5555559993
140752  -42.209  3.849  17.158 0.5555559993
139239  -42.101  2.863  16.556 0.7777780294
140763  -41.993  3.370  16.953 0.5555559993
140777  -42.939  3.405  16.094 0.8888890147
139250  -43.217  2.882  15.869 0.8888890147
137890  -44.189  2.041  15.619 0.8888890147
137892  -45.757  1.661  15.589 0.6666669846
132232  -38.456  -0.805  24.856 0.3333329856
132229  -36.496  -1.133  23.835 0.5555559993
132230  -37.201  -0.821  24.111 0.4444440007
130953  -35.887  -1.587  23.507 0.5555559993
132243  -36.436  -1.019  23.066 0.5555559993
133633  -36.676  -0.662  22.512 0.5555559993
134961  -37.886  0.359  21.444 0.5555559993
134977  -38.490  0.801  21.026 0.4444440007
136358  -38.991  1.159  20.711 0.4444440007
134993  -38.479  0.755  20.307 0.4444440007
137844  -39.685  1.754  19.590 0.3333329856
139195  -41.052  2.385  19.997 0.1111110002
139197  -42.190  2.947  20.080 0.1111110002
137845  -40.102  2.112  19.289 0.4444440007
139213  -41.083  2.710  19.395 0.2222220004
139214  -41.506  2.947  19.413 0.2222220004
142125  -42.190  3.758  18.896 0.4444440007
142126  -42.784  4.131  18.967 0.4444440007
140744  -41.747  3.537  18.473 0.5555559993
142135  -42.807  4.540  18.070 0.5555559993
142146  -42.674  4.428  17.128 0.5555559993
143633  -43.084  4.869  17.039 0.5555559993
140764  -42.509  3.644  16.558 0.5555559993
140765  -42.968  3.925  16.188 0.5555559993
139269  -44.422  3.210  15.149 0.8888890147
140778  -43.388  3.697  15.744 0.8888890147
139253  -45.401  2.408  15.239 0.7777780294
139252  -44.636  2.561  15.284 0.7777780294
139254  -46.237  2.317  15.318 0.6666669846
137893  -46.662  1.551  15.845 0.6666669846
133609  -40.590  -0.321  25.951 0.1111110002
133616  -39.583  -0.537  25.028 0.1111110002
132231  -37.897  -0.790  24.534 0.4444440007
133624  -38.678  -0.386  24.340 0.3333329856
133638  -39.906  0.048  24.186 0.1111110002
133623  -37.953  -0.360  23.945 0.2222220004
133636  -38.685  0.019  23.661 0.1111110002
133637  -39.376  0.032  23.957 0.1111110002
133622  -37.395  -0.396  23.602 0.4444440007
133635  -37.954  0.002  23.243 0.3333329856
134937  -38.765  0.328  23.023 0.2222220004
134950  -39.465  0.602  22.715 0.2222220004
133634  -37.117  -0.367  22.993 0.4444440007
133651  -37.666  0.059  22.569 0.4444440007
134949  -38.810  0.576  22.411 0.4444440007
134963  -39.487  0.886  22.104 0.2222220004
136342  -40.189  1.187  21.818 0.3333329856
134948  -38.136  0.406  22.152 0.4444440007
136341  -39.532  1.162  21.501 0.4444440007
136360  -40.169  1.550  21.139 0.2222220004
137816  -41.325  2.062  20.774 0.2222220004
137817  -41.867  2.172  20.928 0.2222220004
139183  -42.992  2.727  20.922 0.1111110002
139184  -43.563  2.811  21.089 0.1111110002
140707  -45.143  3.770  20.917 0.1111110002
136377  -39.823  1.577  20.785 0.3333329856
137800  -40.469  1.834  20.797 0.2222220004
139181  -41.608  2.357  20.410 0.1111110002
139182  -42.338  2.633  20.590 0.1111110002
140705  -43.256  3.117  20.605 0.1111110002
140720  -43.424  3.579  20.121 0.2222220004
142093  -44.603  4.021  20.343 0.1111110002
142094  -45.265  4.570  20.295 0.1111110002
140704  -42.802  2.933  20.535 0.1111110002
140719  -42.589  3.249  20.025 0.1111110002
142109  -42.956  3.757  19.610 0.3333329856
142111  -44.375  4.613  19.603 0.2222220004
142127  -43.563  4.688  18.785 0.4444440007
142136  -43.378  4.986  18.077 0.5555559993
142168  -44.220  4.422  15.141 0.8888890147
143650  -43.978  4.849  15.390 0.7777780294
143645  -43.800  5.263  15.859 0.5555559993
142147  -43.049  4.717  16.722 0.6666669846
140790  -44.622  3.786  14.953 0.8888890147
140779  -44.005  3.739  15.269 0.8888890147
140791  -45.326  3.762  14.650 0.7777780294
139271  -45.803  3.026  14.873 0.7777780294
139270  -45.027  3.113  14.980 0.7777780294
139272  -46.644  2.874  14.831 0.6666669846
139255  -47.122  2.208  15.388 0.6666669846
137894  -47.544  1.761  16.029 0.5555559993
134914  -41.516  0.566  26.301 0.1111110002
133617  -40.390  -0.215  25.269 0.1111110002
134921  -41.397  0.736  25.683 0.1111110002
134922  -41.796  0.991  26.055 0.1111110002
133626  -40.081  -0.104  24.635 0.1111110002
134927  -41.044  0.564  25.033 0.1111110002
134939  -40.140  0.380  23.661 0.1111110002
134940  -40.910  0.604  23.748 0.1111110002
134938  -39.423  0.351  23.347 0.1111110002
134952  -40.751  0.730  23.176 0.1111110002
134965  -40.643  0.861  22.681 0.1111110002
134951  -40.107  0.625  22.995 0.1111110002
136343  -40.888  1.135  22.153 0.1111110002
136345  -42.093  1.402  22.528 0.1111110002
137777  -42.823  1.635  22.900 0.1111110002
134964  -40.150  0.848  22.396 0.1111110002
136361  -40.846  1.456  21.559 0.2222220004
137786  -42.459  1.696  22.245 0.1111110002
137787  -43.300  1.934  22.299 0.1111110002
139172  -44.545  2.568  22.021 0.1111110002
137802  -41.560  1.767  21.450 0.2222220004
137804  -42.863  2.007  21.876 0.1111110002
139169  -42.751  2.449  21.122 0.2222220004
139171  -44.116  2.614  21.566 0.1111110002
140693  -44.439  2.925  21.342 0.1111110002
140695  -45.925  3.754  21.612 0.1111110002
140708  -45.786  4.250  20.915 0.1111110002
143613  -44.968  5.687  18.894 0.1111110002
143599  -45.392  5.693  19.286 0.1111110002
142112  -45.091  5.104  19.666 0.1111110002
145135  -44.239  6.039  17.176 0.4444440007
143624  -44.092  5.684  17.843 0.3333329856
143612  -44.538  5.678  18.506 0.3333329856
142128  -44.205  5.135  18.896 0.3333329856
143646  -44.181  5.600  15.654 0.5555559993
145134  -43.931  5.804  16.636 0.5555559993
143623  -43.614  5.342  17.670 0.5555559993
143655  -45.054  5.230  14.707 0.8888890147
142173  -44.833  4.492  14.775 0.8888890147
136303  -41.561  1.079  25.055 0.1111110002
136305  -42.588  1.753  25.490 0.1111110002
136318  -41.961  1.327  23.977 0.1111110002
137762  -43.024  1.988  24.850 0.1111110002
137758  -43.132  2.031  25.526 0.1111110002
136323  -41.368  0.950  23.282 0.1111110002
136319  -42.475  1.593  24.082 0.1111110002
137767  -42.981  1.844  24.176 0.1111110002
136332  -41.795  1.212  22.824 0.1111110002
136333  -42.290  1.401  22.884 0.1111110002
137778  -43.348  1.832  23.016 0.1111110002
137774  -43.946  2.172  23.705 0.1111110002
137788  -43.660  1.965  22.687 0.1111110002
139149  -44.394  2.301  23.124 0.1111110002
139150  -44.931  2.634  23.282 0.1111110002
139156  -44.097  2.206  22.379 0.1111110002
139157  -44.924  2.625  22.520 0.1111110002
140682  -45.239  2.846  22.248 0.1111110002
140674  -46.785  3.474  23.202 0.1111110002
140684  -46.775  3.795  22.335 0.1111110002
140694  -44.963  2.979  21.694 0.1111110002
143600  -45.875  5.745  19.658 0.1111110002
142095  -46.201  4.925  20.637 0.1111110002
142174  -45.621  4.542  14.315 0.8888890147
140792  -46.172  3.697  14.332 0.7777780294
140683  -45.773  3.056  22.590 0.1111110002
140800  -46.310  4.122  14.061 0.7777780294
140793  -47.021  3.293  14.332 0.7777780294
71084  -9.091  -34.960  56.621 0.2222220004
72413  -9.693  -34.334  56.911 0.4444440007
73833  -10.214  -33.425  56.206 0.3333329856
75172  -10.562  -32.836  56.720 0.3333329856
73834  -10.423  -33.161  55.708 0.3333329856
76647  -11.563  -31.499  53.645 0.5555559993
76656  -11.279  -31.982  53.083 0.6666669846
69720  -7.645  -35.234  55.568 0.2222220004
71089  -8.750  -35.004  56.190 0.4444440007
71099  -7.639  -34.792  55.513 0.3333329856
72434  -8.351  -34.162  55.108 0.5555559993
76676  -11.288  -31.707  51.650 0.6666669846
73851  -6.222  -33.267  53.861 0.2222220004
72420  -6.697  -34.174  55.335 0.2222220004
72443  -7.745  -33.459  54.588 0.5555559993
81035  -12.626  -29.321  49.824 0.6666669846
79706  -12.142  -29.731  49.269 0.7777780294
82311  -13.230  -28.476  49.678 0.5555559993
83565  -13.870  -27.552  49.642 0.4444440007
83570  -13.851  -27.660  48.806 0.4444440007
79729  -11.507  -29.627  48.129 0.7777780294
84876  -14.081  -27.253  47.537 0.4444440007
84877  -14.466  -26.753  47.852 0.4444440007
81075  -12.053  -29.008  47.730 0.7777780294
82340  -12.295  -28.563  47.393 0.7777780294
84892  -14.186  -26.873  46.561 0.6666669846
86278  -14.813  -26.205  48.104 0.4444440007
87755  -14.881  -25.976  46.875 0.6666669846
73863  -6.293  -33.466  53.122 0.1111110002
72472  -6.705  -34.001  52.292 0.1111110002
73862  -6.145  -33.060  53.091 0.2222220004
73872  -6.140  -32.874  52.680 0.2222220004
73841  -6.380  -33.419  54.486 0.2222220004
75183  -7.397  -32.803  54.287 0.4444440007
73854  -8.196  -33.144  53.614 0.6666669846
73893  -6.745  -33.482  50.870 0.1111110002
75224  -6.497  -32.747  51.140 0.1111110002
79728  -11.138  -29.755  48.057 0.7777780294
84890  -13.178  -27.190  46.086 0.7777780294
86304  -13.974  -26.397  45.476 0.6666669846
83606  -12.637  -27.281  45.947 0.7777780294
76654  -5.875  -31.843  52.079 0.2222220004
76633  -6.160  -32.080  53.606 0.2222220004
75200  -7.865  -32.571  53.198 0.7777780294
75193  -7.531  -32.525  53.878 0.5555559993
78187  -8.798  -30.704  49.241 0.8888890147
78199  -9.351  -30.433  48.725 0.8888890147
81072  -9.919  -29.207  47.799 0.8888890147
81073  -10.708  -29.300  47.603 0.8888890147
82348  -11.448  -28.464  46.950 0.7777780294
83595  -11.132  -28.024  46.530 0.8888890147
84908  -12.299  -26.584  45.140 0.7777780294
87794  -14.897  -25.312  45.099 0.6666669846
86319  -13.119  -26.116  44.736 0.7777780294
84910  -13.479  -26.405  45.152 0.7777780294
86335  -13.843  -25.589  44.498 0.7777780294
87810  -13.565  -25.271  44.078 0.7777780294
89330  -15.461  -24.696  44.927 0.5555559993
87826  -14.863  -24.765  44.006 0.6666669846
78119  -6.759  -31.645  53.498 0.3333329856
76685  -8.706  -31.668  50.570 0.7777780294
78186  -8.373  -30.402  49.643 0.7777780294
82309  -7.940  -28.527  49.647 0.4444440007
82318  -8.232  -28.434  49.061 0.3333329856
81059  -9.027  -29.189  48.335 0.7777780294
81071  -9.388  -28.946  47.972 0.7777780294
83584  -9.481  -28.025  47.308 0.7777780294
83583  -8.978  -27.804  47.733 0.6666669846
82346  -10.272  -28.125  46.844 0.8888890147
83593  -9.758  -27.660  46.859 0.8888890147
83594  -10.442  -27.852  46.588 0.8888890147
84897  -10.813  -27.072  45.747 0.8888890147
84907  -11.619  -26.594  45.184 0.8888890147
86318  -12.467  -26.180  44.691 0.7777780294
86333  -12.655  -25.722  44.289 0.8888890147
89398  -14.419  -24.090  42.980 0.6666669846
84867  -8.005  -26.898  49.330 0.2222220004
86270  -8.135  -26.006  49.094 0.1111110002
84875  -8.650  -27.354  48.036 0.5555559993
84874  -8.414  -26.896  48.467 0.2222220004
86285  -8.695  -25.991  47.638 0.2222220004
87715  -8.462  -25.430  48.299 0.1111110002
87699  -8.380  -25.112  48.798 0.1111110002
86291  -9.184  -26.030  46.895 0.4444440007
83602  -10.101  -27.343  46.416 0.8888890147
87754  -9.623  -25.537  46.072 0.5555559993
86303  -9.965  -26.035  45.799 0.6666669846
84896  -10.111  -26.807  46.027 0.7777780294
84905  -10.393  -26.527  45.576 0.8888890147
86331  -11.419  -25.653  44.499 0.8888890147
86316  -11.022  -25.939  44.873 0.8888890147
87808  -12.127  -25.111  43.910 0.8888890147
87823  -13.176  -24.837  43.621 0.8888890147
87824  -13.861  -24.882  43.725 0.7777780294
89397  -13.742  -23.976  42.914 0.7777780294
89372  -13.458  -24.409  43.274 0.8888890147
90945  -15.102  -24.027  43.077 0.6666669846
90985  -15.032  -23.424  42.326 0.6666669846
90961  -13.250  -23.268  42.545 0.8888890147
90983  -13.788  -23.005  42.204 0.7777780294
92567  -15.330  -22.668  41.414 0.6666669846
89269  -8.885  -24.352  47.669 0.1111110002
87716  -8.604  -25.057  48.065 0.1111110002
89281  -9.037  -24.444  46.943 0.4444440007
86315  -10.385  -25.928  45.329 0.7777780294
87807  -11.465  -25.117  44.227 0.7777780294
89370  -12.008  -24.326  43.585 0.8888890147
89371  -12.693  -24.216  43.278 0.8888890147
90960  -12.588  -23.450  42.936 0.8888890147
94183  -16.531  -22.375  40.985 0.6666669846
94182  -15.715  -22.223  40.954 0.6666669846
94212  -16.853  -21.942  40.438 0.6666669846
94214  -18.119  -21.707  40.535 0.6666669846
90864  -8.986  -23.560  48.044 0.1111110002
92427  -9.311  -23.251  47.088 0.3333329856
89292  -9.190  -24.514  46.327 0.4444440007
89308  -9.472  -24.516  45.878 0.4444440007
90876  -9.144  -23.693  47.331 0.3333329856
89327  -10.158  -24.267  44.895 0.5555559993
92467  -10.238  -22.828  45.054 0.5555559993
89328  -10.560  -24.640  44.649 0.7777780294
90927  -10.681  -23.631  44.245 0.6666669846
89350  -10.936  -24.474  44.289 0.6666669846
87792  -10.945  -25.172  44.569 0.7777780294
92511  -11.021  -22.771  43.864 0.6666669846
92513  -12.081  -22.980  43.052 0.7777780294
92550  -13.503  -22.458  42.018 0.7777780294
94181  -14.930  -21.886  40.950 0.8888890147
94210  -15.344  -21.647  40.583 0.6666669846
95808  -17.815  -21.454  39.998 0.6666669846
95832  -18.158  -21.118  39.522 0.7777780294
95831  -17.382  -20.886  39.428 0.7777780294
94186  -18.526  -21.631  40.905 0.6666669846
95786  -18.839  -21.389  40.691 0.4444440007
97353  -19.435  -20.935  40.186 0.7777780294
92389  -9.086  -22.755  48.428 0.1111110002
97165  -9.643  -20.362  49.515 0.1111110002
93964  -9.550  -21.366  48.583 0.1111110002
93979  -9.621  -21.519  48.160 0.1111110002
92448  -9.868  -22.900  45.928 0.4444440007
95619  -9.913  -21.005  47.740 0.1111110002
95679  -10.629  -21.244  45.572 0.4444440007
94058  -10.689  -22.010  44.731 0.5555559993
95715  -10.934  -21.657  44.519 0.5555559993
94132  -11.842  -21.956  43.140 0.6666669846
95731  -11.453  -21.449  43.780 0.5555559993
94133  -12.134  -21.865  42.899 0.7777780294
95768  -12.810  -21.241  42.343 0.7777780294
95785  -14.359  -21.196  41.008 0.7777780294
95804  -14.924  -21.187  40.627 0.8888890147
95829  -15.988  -20.619  39.807 0.8888890147
97369  -16.826  -20.331  39.243 0.7777780294
98825  -14.763  -19.667  40.419 0.8888890147
97368  -16.212  -20.057  39.477 0.8888890147
97390  -19.173  -20.459  38.918 0.7777780294
98843  -20.785  -19.727  39.512 0.6666669846
98879  -19.090  -19.479  37.954 0.7777780294
100459  -35.619  -19.083  36.695 0.3333329856
98906  -34.312  -19.410  35.870 0.4444440007
98929  -33.215  -19.574  34.562 0.4444440007
98916  -34.268  -19.132  35.243 0.4444440007
97202  -10.439  -19.759  47.688 0.1111110002
95659  -10.533  -20.951  46.161 0.3333329856
97252  -11.247  -20.033  45.388 0.4444440007
97278  -11.412  -20.620  44.375 0.5555559993
98769  -11.939  -20.084  43.605 0.5555559993
97305  -12.156  -20.720  43.080 0.7777780294
97324  -13.463  -20.471  41.729 0.6666669846
95784  -13.792  -21.186  41.436 0.7777780294
97337  -13.986  -20.455  41.208 0.7777780294
100409  -38.222  -18.990  39.480 0.1111110002
98841  -16.192  -19.320  39.294 0.8888890147
98856  -16.613  -19.282  38.890 0.8888890147
100416  -16.703  -18.600  38.711 0.7777780294
100435  -18.800  -18.827  37.600 0.8888890147
100418  -20.625  -19.348  38.319 0.7777780294
101908  -38.048  -18.226  38.023 0.2222220004
100454  -19.866  -18.509  37.303 0.8888890147
100438  -20.951  -18.786  37.787 0.6666669846
100470  -35.422  -18.811  36.094 0.3333329856
101922  -36.669  -18.327  36.654 0.3333329856
100469  -34.730  -19.069  35.752 0.4444440007
100493  -34.692  -18.425  34.390 0.4444440007
98944  -33.105  -19.466  33.786 0.5555559993
98955  -32.608  -19.629  33.089 0.6666669846
98966  -29.651  -19.824  32.220 0.8888890147
98977  -30.063  -19.664  31.848 0.8888890147
98967  -31.871  -19.736  32.118 0.7777780294
98711  -10.878  -19.503  46.796 0.1111110002
100272  -10.707  -18.856  47.697 0.1111110002
98741  -11.487  -19.694  45.087 0.3333329856
98756  -11.980  -19.462  44.042 0.3333329856
98782  -12.294  -20.200  42.994 0.5555559993
98783  -12.641  -19.951  42.615 0.6666669846
100363  -13.893  -18.886  41.330 0.6666669846
100389  -14.881  -18.947  40.373 0.7777780294
100402  -15.820  -18.710  39.538 0.7777780294
101881  -16.359  -17.936  38.972 0.7777780294
101904  -17.986  -17.663  37.591 0.8888890147
100420  -21.848  -18.884  38.835 0.6666669846
101917  -19.580  -17.855  37.003 0.8888890147
101918  -20.232  -17.998  37.011 0.8888890147
100456  -21.980  -18.383  37.336 0.6666669846
100441  -23.053  -19.167  38.220 0.6666669846
100467  -22.652  -18.489  36.609 0.8888890147
98893  -23.474  -19.583  37.523 0.6666669846
101924  -37.791  -18.111  37.457 0.2222220004
103344  -21.155  -17.548  36.620 0.8888890147
101940  -35.854  -17.557  35.122 0.3333329856
98928  -24.785  -19.933  34.861 0.7777780294
98939  -24.592  -19.415  34.573 0.8888890147
98940  -25.170  -19.727  34.236 0.8888890147
101967  -24.782  -18.250  33.780 0.8888890147
100501  -25.159  -19.012  33.849 0.8888890147
101978  -26.141  -18.242  32.964 0.7777780294
101977  -25.452  -18.323  33.392 0.7777780294
101968  -25.240  -18.636  33.642 0.8888890147
103445  -26.931  -18.076  32.595 0.8888890147
101987  -27.804  -18.430  32.394 0.8888890147
98979  -31.615  -19.476  31.715 0.8888890147
100512  -33.489  -18.899  32.598 0.6666669846
101988  -28.455  -18.359  32.161 0.8888890147
100531  -29.586  -19.054  31.715 0.8888890147
101999  -30.081  -18.426  31.563 0.8888890147
101847  -12.997  -18.053  43.103 0.3333329856
101853  -13.709  -18.134  41.788 0.4444440007
101865  -14.633  -18.072  40.832 0.6666669846
101864  -14.202  -18.121  41.277 0.4444440007
101871  -15.027  -18.166  40.354 0.5555559993
103293  -16.132  -17.218  39.384 0.6666669846
104702  -18.303  -16.348  37.456 0.8888890147
104688  -17.758  -16.386  37.934 0.7777780294
103357  -19.775  -16.750  36.699 0.8888890147
103343  -20.570  -17.485  36.703 0.8888890147
100476  -22.857  -18.430  35.953 0.8888890147
103368  -37.974  -16.812  36.478 0.2222220004
101930  -21.937  -17.611  36.246 0.8888890147
103361  -22.063  -17.338  35.916 0.8888890147
104767  -27.653  -16.329  33.798 0.5555559993
104744  -27.737  -16.103  34.470 0.4444440007
106145  -26.749  -15.670  34.122 0.5555559993
104745  -28.247  -16.250  34.851 0.3333329856
103393  -29.309  -16.643  35.269 0.1111110002
103415  -28.753  -16.727  33.665 0.4444440007
103394  -30.073  -16.867  34.932 0.4444440007
103435  -30.051  -16.941  33.152 0.4444440007
103411  -24.053  -16.998  33.977 0.7777780294
104780  -26.008  -16.834  33.134 0.7777780294
104764  -25.411  -16.384  33.489 0.7777780294
104781  -26.776  -16.721  33.050 0.7777780294
104782  -27.483  -16.692  33.179 0.8888890147
103431  -27.311  -17.272  32.702 0.8888890147
103414  -28.116  -16.720  33.393 0.7777780294
103451  -30.645  -17.057  32.231 0.6666669846
101991  -30.272  -17.473  32.016 0.8888890147
100534  -31.569  -18.604  31.360 0.8888890147
102000  -30.714  -17.883  31.579 0.7777780294
102001  -31.610  -17.771  31.384 0.8888890147
98981  -32.901  -18.717  31.661 0.8888890147
101956  -35.572  -17.437  34.290 0.3333329856
103430  -26.546  -17.586  32.724 0.8888890147
103432  -27.995  -17.164  32.783 0.8888890147
100533  -30.809  -18.871  31.422 0.8888890147
100526  -33.868  -18.093  31.938 0.7777780294
100513  -34.008  -18.396  32.766 0.6666669846
98969  -32.995  -19.102  32.167 0.8888890147
101992  -34.137  -17.469  31.820 0.7777780294
103279  -14.876  -17.548  40.705 0.5555559993
103266  -14.052  -17.562  41.676 0.4444440007
106014  -15.400  -15.969  41.231 0.3333329856
104641  -15.746  -16.523  40.326 0.5555559993
107382  -27.596  -14.786  40.234 0.1111110002
104654  -16.970  -16.043  39.034 0.7777780294
106055  -27.898  -15.355  39.227 0.2222220004
107411  -27.453  -14.945  38.895 0.1111110002
108764  -26.516  -14.204  38.391 0.3333329856
106086  -27.138  -14.957  36.986 0.4444440007
106070  -27.744  -15.461  38.338 0.2222220004
104655  -28.687  -16.071  39.380 0.1111110002
104703  -18.893  -16.294  37.133 0.8888890147
104704  -19.476  -16.267  36.887 0.8888890147
104718  -21.165  -16.274  36.084 0.8888890147
103360  -21.584  -17.117  36.174 0.8888890147
106124  -26.562  -15.132  34.927 0.5555559993
106112  -27.314  -15.481  35.497 0.4444440007
103396  -31.184  -16.446  34.727 0.2222220004
103418  -30.926  -16.561  34.038 0.3333329856
104737  -36.929  -16.450  35.186 0.2222220004
106115  -37.784  -15.664  35.623 0.2222220004
103437  -31.181  -16.346  33.406 0.5555559993
106143  -25.007  -15.658  33.926 0.7777780294
103461  -31.611  -16.894  31.722 0.8888890147
102003  -33.159  -17.384  31.302 0.8888890147
103439  -35.414  -16.878  33.135 0.5555559993
104798  -32.121  -16.194  31.713 0.8888890147
102004  -33.691  -17.241  31.493 0.8888890147
101993  -34.540  -17.331  32.211 0.5555559993
103438  -35.087  -17.043  32.785 0.5555559993
107363  -16.227  -15.152  41.034 0.5555559993
106027  -16.152  -15.820  40.402 0.5555559993
107379  -17.022  -15.021  40.154 0.4444440007
107381  -27.078  -14.213  40.565 0.1111110002
107394  -17.755  -14.595  39.445 0.5555559993
106074  -39.386  -15.642  37.614 0.1111110002
107409  -18.319  -14.562  38.458 0.5555559993
107438  -19.388  -14.599  37.434 0.6666669846
106097  -20.189  -15.475  36.605 0.8888890147
106098  -20.850  -15.503  36.193 0.8888890147
106109  -22.014  -15.632  35.456 0.8888890147
104783  -31.481  -15.901  33.542 0.5555559993
106148  -31.428  -15.611  34.620 0.3333329856
106129  -37.316  -15.492  34.926 0.2222220004
107481  -23.699  -14.977  34.654 0.7777780294
107482  -24.505  -14.950  34.401 0.7777780294
104801  -34.555  -16.148  31.731 0.7777780294
103464  -34.075  -16.805  31.619 0.8888890147
106169  -35.102  -15.661  32.137 0.5555559993
108719  -17.364  -14.531  40.267 0.3333329856
108720  -17.910  -14.075  40.176 0.2222220004
108722  -26.073  -13.519  40.068 0.1111110002
108709  -26.659  -13.759  41.224 0.1111110002
108746  -19.163  -13.628  38.818 0.4444440007
107425  -19.056  -14.371  37.854 0.5555559993
108774  -20.175  -13.909  37.364 0.6666669846
110138  -24.303  -13.463  36.290 0.6666669846
108793  -24.591  -13.709  35.869 0.6666669846
108821  -24.195  -14.368  34.856 0.7777780294
108792  -23.913  -13.680  35.775 0.6666669846
108809  -25.579  -14.214  35.723 0.6666669846
107472  -31.128  -14.711  35.626 0.3333329856
108812  -30.764  -14.199  35.969 0.3333329856
107471  -30.596  -14.437  35.279 0.4444440007
107454  -21.883  -14.909  35.649 0.8888890147
107466  -23.053  -14.977  34.945 0.7777780294
107483  -25.225  -14.732  34.592 0.7777780294
107487  -30.488  -14.679  34.544 0.5555559993
107518  -30.969  -15.105  33.281 0.6666669846
108826  -36.959  -13.973  34.544 0.2222220004
108853  -36.304  -14.409  33.387 0.2222220004
108851  -29.604  -14.179  32.931 0.7777780294
106179  -34.637  -15.240  31.751 0.7777780294
107519  -35.972  -14.747  33.006 0.2222220004
107545  -34.610  -14.719  31.874 0.7777780294
108883  -33.839  -14.126  31.544 0.7777780294
111547  -20.260  -12.460  40.168 0.3333329856
110090  -24.023  -12.802  38.998 0.2222220004
110087  -20.344  -12.937  38.645 0.4444440007
111587  -21.830  -12.356  38.864 0.3333329856
111575  -20.774  -12.624  38.876 0.4444440007
110089  -23.011  -12.445  39.277 0.2222220004
108761  -19.963  -13.569  37.840 0.6666669846
110134  -21.228  -13.397  37.154 0.4444440007
110135  -21.837  -13.304  36.810 0.4444440007
110136  -22.768  -13.243  36.517 0.5555559993
110139  -29.817  -12.990  36.422 0.2222220004
108796  -30.474  -13.725  36.371 0.2222220004
108810  -29.689  -13.555  35.480 0.3333329856
108835  -29.004  -13.547  34.085 0.6666669846
110203  -28.855  -13.344  32.503 0.6666669846
111724  -33.707  -13.127  31.821 0.7777780294
110236  -34.479  -13.714  32.127 0.7777780294
108879  -30.604  -13.733  31.245 0.8888890147
107539  -30.374  -14.034  31.537 0.8888890147
108880  -31.267  -13.979  31.117 0.8888890147
110230  -30.098  -13.064  31.164 0.8888890147
110231  -30.914  -13.200  31.086 0.8888890147
110232  -31.631  -13.355  31.069 0.8888890147
113139  -30.067  -12.023  37.744 0.2222220004
111627  -29.402  -12.682  36.184 0.2222220004
113185  -28.619  -11.722  35.553 0.6666669846
113205  -28.445  -11.738  35.006 0.5555559993
111680  -27.861  -11.946  33.365 0.7777780294
110202  -28.217  -12.656  32.823 0.6666669846
114827  -27.740  -10.964  32.282 0.7777780294
113275  -27.948  -11.643  32.117 0.7777780294
111723  -33.200  -12.919  31.671 0.8888890147
110259  -29.458  -12.703  31.175 1.0000000000
111722  -32.360  -12.552  31.491 0.8888890147
113277  -32.647  -12.027  31.738 0.8888890147
111740  -29.824  -12.433  30.977 1.0000000000
111741  -30.377  -12.036  30.933 1.0000000000
113302  -31.018  -11.904  31.162 1.0000000000
114857  -32.009  -11.604  31.504 1.0000000000
113276  -32.100  -12.165  31.689 0.8888890147
114830  -32.980  -11.551  31.901 0.8888890147
114831  -33.640  -11.396  32.281 0.7777780294
114856  -31.608  -11.422  31.332 0.8888890147
116377  -32.211  -10.938  30.914 0.8888890147
114744  -28.973  -10.617  36.674 0.4444440007
113184  -28.306  -11.171  35.182 0.7777780294
116378  -32.923  -10.851  30.877 0.8888890147
114898  -32.906  -10.964  30.102 1.0000000000
116397  -29.338  -10.160  29.596 1.0000000000
114913  -30.008  -10.389  29.169 1.0000000000
114916  -32.507  -11.243  29.517 1.0000000000
114918  -33.646  -11.318  29.719 0.8888890147
114900  -34.067  -11.278  29.960 0.7777780294
117806  -28.480  -9.162  36.026 0.3333329856
117860  -28.069  -9.327  30.435 1.0000000000
113398  -33.546  -11.890  28.876 1.0000000000
113422  -32.041  -11.891  27.947 1.0000000000
111809  -32.865  -12.095  28.301 1.0000000000
111810  -33.645  -12.160  28.594 1.0000000000
111788  -34.233  -12.051  28.946 0.8888890147
116433  -29.802  -9.536  28.090 1.0000000000
114943  -30.741  -10.557  27.450 1.0000000000
113445  -31.563  -11.502  27.535 1.0000000000
111853  -33.291  -12.532  27.075 1.0000000000
120870  -28.075  -7.958  32.959 0.6666669846
122303  -28.406  -7.314  33.704 0.3333329856
119420  -29.288  -8.149  28.297 0.7777780294
117911  -29.536  -8.901  27.964 1.0000000000
117912  -29.996  -9.048  27.583 1.0000000000
111812  -35.219  -12.463  28.383 0.7777780294
111791  -36.473  -12.295  28.985 0.5555559993
111834  -34.660  -12.666  27.666 0.8888890147
111836  -36.248  -12.463  27.594 0.6666669846
111792  -37.153  -12.267  29.005 0.5555559993
111838  -37.553  -12.049  27.899 0.4444440007
113399  -37.977  -11.937  28.277 0.3333329856
116458  -31.836  -10.179  26.017 1.0000000000
111854  -34.064  -12.686  26.917 0.8888890147
113474  -33.500  -12.160  25.676 1.0000000000
111856  -35.727  -12.570  26.850 0.7777780294
113447  -37.337  -12.010  26.733 0.5555559993
113503  -33.898  -11.833  25.199 1.0000000000
113475  -36.012  -12.157  25.733 0.7777780294
113476  -36.340  -12.079  25.793 0.6666669846
120915  -29.363  -7.437  28.254 0.7777780294
114990  -32.692  -10.698  25.392 1.0000000000
116459  -32.354  -10.139  25.584 1.0000000000
119459  -31.927  -8.728  26.111 0.8888890147
117956  -32.567  -9.425  25.461 1.0000000000
114992  -34.023  -11.168  24.766 1.0000000000
113505  -35.734  -12.013  25.344 0.8888890147
113507  -37.309  -11.554  25.267 0.7777780294
115007  -33.690  -10.590  24.650 1.0000000000
115008  -34.172  -10.680  24.389 1.0000000000
115010  -35.615  -11.099  24.189 1.0000000000
113533  -36.831  -11.433  24.681 1.0000000000
123714  -29.115  -6.128  33.120 0.3333329856
122330  -28.842  -6.328  31.005 0.4444440007
125218  -29.466  -5.449  32.039 0.3333329856
123770  -29.796  -5.976  29.167 0.5555559993
122367  -30.112  -6.748  27.687 0.5555559993
120945  -31.916  -7.670  26.377 0.7777780294
120953  -32.244  -7.976  25.999 1.0000000000
120967  -32.585  -8.243  25.618 1.0000000000
119476  -32.735  -8.744  25.326 1.0000000000
117957  -32.973  -9.394  25.033 1.0000000000
117981  -33.368  -9.354  24.575 1.0000000000
116496  -33.765  -10.022  24.380 1.0000000000
116497  -34.404  -10.062  23.933 1.0000000000
116498  -34.873  -10.472  23.838 1.0000000000
115011  -36.347  -11.091  24.149 1.0000000000
116520  -36.061  -9.885  23.243 1.0000000000
118010  -35.435  -9.416  23.239 1.0000000000
116521  -36.916  -9.929  23.182 1.0000000000
123715  -29.529  -5.683  33.456 0.2222220004
125203  -29.777  -5.291  32.721 0.2222220004
125220  -30.623  -4.815  31.404 0.3333329856
125237  -29.988  -5.185  30.921 0.3333329856
125238  -30.649  -4.969  30.685 0.3333329856
125273  -30.250  -5.365  29.567 0.5555559993
125239  -31.226  -4.764  30.512 0.3333329856
123771  -30.347  -5.587  29.113 0.5555559993
125274  -30.894  -5.215  29.140 0.3333329856
123791  -30.464  -5.833  28.601 0.4444440007
123792  -31.077  -5.702  28.172 0.4444440007
123815  -32.179  -6.049  27.490 0.2222220004
122381  -32.381  -7.150  26.387 0.4444440007
120954  -32.655  -7.764  25.718 0.7777780294
119490  -33.884  -8.553  23.995 1.0000000000
117982  -33.834  -9.308  24.147 1.0000000000
120981  -33.559  -7.946  24.328 1.0000000000
118009  -34.836  -9.145  23.398 1.0000000000
118008  -34.293  -9.197  23.742 1.0000000000
118040  -35.278  -8.889  23.084 1.0000000000
119528  -35.481  -8.337  22.886 1.0000000000
118011  -36.983  -9.600  23.016 1.0000000000
119530  -37.038  -8.352  22.690 1.0000000000
118043  -37.539  -8.989  22.846 1.0000000000
126684  -34.539  -4.179  31.993 0.1111110002
126657  -32.529  -4.130  32.214 0.2222220004
126681  -32.381  -4.235  31.465 0.2222220004
126658  -33.262  -4.027  32.394 0.1111110002
126702  -34.440  -4.310  31.235 0.1111110002
125241  -35.237  -4.470  31.199 0.2222220004
126698  -31.783  -4.513  30.376 0.2222220004
126715  -32.918  -4.372  30.324 0.1111110002
126714  -32.290  -4.457  30.109 0.3333329856
125276  -32.474  -4.900  29.147 0.2222220004
125277  -33.192  -4.941  29.267 0.1111110002
123816  -33.033  -5.998  27.513 0.2222220004
123817  -33.788  -5.984  27.605 0.2222220004
122371  -33.112  -6.279  27.080 0.2222220004
123878  -34.055  -6.358  24.238 0.6666669846
121009  -35.034  -7.623  23.003 1.0000000000
122428  -34.681  -6.920  23.353 0.8888890147
122441  -35.269  -6.845  22.903 0.8888890147
122444  -37.798  -6.934  22.357 0.8888890147
121014  -38.968  -7.645  22.659 0.7777780294
123772  -33.949  -5.500  28.703 0.2222220004
125367  -34.195  -5.906  24.046 0.7777780294
123891  -36.178  -6.028  22.444 0.8888890147
122461  -37.499  -6.265  22.162 0.8888890147
123902  -36.683  -5.868  22.256 0.8888890147
123904  -37.879  -5.717  21.965 0.8888890147
123906  -39.536  -5.946  22.031 0.8888890147
125389  -38.273  -5.008  21.638 0.8888890147
125390  -39.208  -5.307  21.730 0.8888890147
123907  -40.340  -6.053  22.146 0.7777780294
125319  -35.155  -5.184  26.550 0.3333329856
125320  -35.686  -4.814  26.756 0.3333329856
125338  -34.352  -4.761  25.470 0.4444440007
125354  -34.085  -5.685  24.453 0.6666669846
126820  -35.227  -4.530  22.915 0.7777780294
125387  -36.563  -5.116  22.136 0.8888890147
126830  -37.591  -4.553  21.644 0.8888890147
125405  -38.960  -4.761  21.341 0.8888890147
126842  -39.394  -4.432  21.005 0.8888890147
126839  -37.354  -4.083  21.526 0.8888890147
126827  -35.725  -4.368  22.504 0.7777780294
126828  -36.261  -4.320  22.127 0.8888890147
126853  -39.711  -4.120  20.514 0.8888890147
128343  -39.022  -3.428  20.149 0.8888890147
129738  -38.533  -2.006  19.439 0.8888890147
131024  -39.722  -1.506  18.391 0.8888890147
135054  -42.134  0.818  16.522 0.8888890147
129684  -35.211  -3.005  23.145 0.6666669846
129709  -36.610  -2.695  21.396 0.8888890147
128329  -37.233  -3.403  21.187 0.8888890147
128341  -37.385  -2.835  20.772 0.8888890147
132304  -38.356  -0.895  19.192 0.7777780294
136431  -40.995  1.434  17.068 0.8888890147
137879  -41.764  2.185  16.617 0.8888890147
136445  -42.022  1.554  16.469 0.8888890147
132275  -36.985  -1.122  20.990 0.8888890147
136419  -39.550  1.274  18.590 0.8888890147
139230  -40.957  2.669  18.007 0.6666669846
139237  -41.147  2.556  17.378 0.6666669846
139238  -41.582  2.825  17.057 0.6666669846
139249  -42.657  2.870  16.200 0.8888890147
137889  -43.538  2.218  15.801 0.8888890147
133649  -36.729  -0.742  21.939 0.6666669846
134960  -37.520  0.007  20.963 0.5555559993
136386  -38.792  1.019  19.777 0.6666669846
137860  -39.683  1.685  19.047 0.7777780294
136387  -39.287  1.451  19.906 0.4444440007
140734  -41.343  2.976  19.094 0.3333329856
140735  -41.859  3.282  19.309 0.3333329856
142134  -42.215  3.997  18.291 0.5555559993
142145  -42.275  4.130  17.647 0.5555559993
139251  -43.896  2.897  15.488 0.8888890147
132244  -36.880  -0.684  23.556 0.5555559993
134962  -38.745  0.824  21.717 0.4444440007
137814  -40.063  1.809  20.528 0.2222220004
139194  -40.658  2.300  19.875 0.3333329856
137815  -40.752  2.073  20.445 0.2222220004
140718  -42.091  3.079  19.825 0.2222220004
140736  -42.464  3.660  19.375 0.4444440007
142110  -43.516  4.128  19.540 0.3333329856
143634  -43.530  5.324  16.842 0.5555559993
142159  -43.260  4.558  16.153 0.6666669846
133618  -40.915  0.185  25.627 0.1111110002
133625  -39.440  -0.282  24.488 0.2222220004
134931  -40.447  0.305  24.217 0.1111110002
134936  -38.261  0.297  22.692 0.4444440007
140706  -44.187  3.274  20.837 0.1111110002
140721  -44.030  3.911  20.079 0.2222220004
143598  -44.752  5.327  19.158 0.1111110002
143611  -43.868  5.288  18.323 0.4444440007
143651  -44.366  5.191  15.216 0.8888890147
142167  -43.722  4.437  15.541 0.8888890147
145143  -43.851  5.633  16.365 0.5555559993
136304  -41.985  1.348  25.409 0.1111110002
136310  -41.487  1.057  24.485 0.1111110002
136344  -41.699  1.395  22.185 0.2222220004
139155  -43.700  2.247  21.929 0.1111110002
140696  -46.668  4.183  21.679 0.1111110002
143582  -45.695  5.313  19.946 0.1111110002
145126  -44.539  6.037  17.906 0.4444440007
143635  -43.849  5.617  17.391 0.4444440007
136311  -41.990  1.401  24.626 0.1111110002
136325  -42.431  1.455  23.459 0.1111110002
137763  -43.546  2.219  24.938 0.1111110002
137772  -42.933  1.702  23.537 0.1111110002
137773  -43.431  1.929  23.622 0.1111110002
139158  -45.293  2.759  22.939 0.1111110002
140675  -47.468  3.873  22.989 0.1111110002
140685  -47.522  4.147  22.424 0.1111110002
142078  -47.212  4.297  21.949 0.1111110002
139273  -47.490  2.681  14.814 0.6666669846
140794  -47.476  3.064  14.314 0.5555559993
75198  -5.906  -31.975  53.147 0.1111110002
76653  -5.870  -31.644  52.580 0.1111110002
79628  -6.313  -30.826  53.107 0.2222220004
78118  -6.220  -31.371  53.283 0.1111110002
78120  -7.025  -31.876  53.715 0.3333329856
78127  -5.966  -31.018  52.983 0.1111110002
78128  -6.962  -31.186  53.045 0.4444440007
76655  -7.605  -31.806  52.774 0.5555559993
78144  -5.696  -31.164  51.948 0.1111110002
76664  -7.956  -31.812  52.110 0.6666669846
78154  -5.839  -31.053  50.888 0.1111110002
76663  -5.839  -31.567  51.822 0.1111110002
78166  -8.146  -30.931  50.837 0.6666669846
78165  -5.808  -30.764  50.642 0.1111110002
78174  -5.919  -30.491  50.063 0.1111110002
79637  -5.881  -30.483  52.726 0.1111110002
80981  -5.951  -29.856  52.585 0.1111110002
79629  -6.598  -30.709  52.981 0.3333329856
80982  -6.772  -29.836  52.470 0.3333329856
79636  -5.786  -30.550  52.530 0.1111110002
78138  -7.233  -31.217  52.817 0.3333329856
78155  -7.752  -30.919  51.884 0.6666669846
79646  -5.556  -30.364  52.273 0.1111110002
79648  -7.319  -30.613  52.330 0.5555559993
79670  -7.638  -30.177  51.592 0.5555559993
79669  -5.393  -30.113  51.369 0.1111110002
79689  -5.707  -29.902  50.017 0.1111110002
79701  -5.835  -29.775  49.495 0.1111110002
81045  -5.794  -29.275  49.006 0.1111110002
82252  -5.966  -29.125  52.610 0.2222220004
82241  -6.081  -29.479  52.610 0.2222220004
82253  -6.397  -29.157  52.625 0.2222220004
80970  -6.098  -30.133  52.745 0.1111110002
80971  -6.487  -29.988  52.723 0.2222220004
82263  -6.906  -28.982  52.233 0.2222220004
80990  -5.300  -29.552  52.021 0.1111110002
81001  -7.198  -29.561  52.062 0.4444440007
81002  -7.405  -29.457  51.764 0.4444440007
81000  -5.244  -29.480  51.517 0.1111110002
79671  -7.806  -30.178  51.105 0.6666669846
81021  -5.264  -29.239  50.619 0.1111110002
80980  -5.652  -29.678  52.459 0.1111110002
82273  -5.152  -28.720  51.705 0.1111110002
82274  -7.118  -28.795  52.002 0.4444440007
82275  -7.309  -28.637  51.617 0.2222220004
83555  -5.054  -27.776  50.635 0.1111110002
81012  -7.720  -29.469  50.841 0.4444440007
81022  -7.833  -29.434  50.352 0.4444440007
98827  -20.439  -20.191  40.215 0.5555559993
98862  -20.590  -19.661  38.885 0.6666669846
95924  -29.190  -21.599  35.743 0.5555559993
95925  -30.014  -21.417  35.731 0.6666669846
95941  -29.423  -21.434  34.838 0.7777780294
97464  -29.831  -21.095  34.459 0.7777780294
97483  -29.982  -20.733  33.915 0.7777780294
97484  -30.797  -20.532  33.947 0.7777780294
95954  -28.742  -21.272  34.337 0.6666669846
97482  -29.150  -21.000  33.908 0.7777780294
97498  -30.147  -20.456  33.204 0.7777780294
97478  -25.750  -20.424  34.413 0.7777780294
97479  -26.572  -20.624  34.195 0.7777780294
95953  -27.971  -21.255  34.378 0.6666669846
98952  -26.071  -19.523  33.571 0.7777780294
97494  -26.963  -20.270  33.679 0.7777780294
97496  -28.503  -20.556  33.232 0.7777780294
100511  -26.753  -19.121  33.078 0.6666669846
98963  -27.567  -19.579  32.864 0.7777780294
100521  -27.088  -18.949  32.806 0.7777780294
108797  -30.977  -14.031  36.626 0.1111110002
111681  -34.422  -12.455  32.487 0.6666669846
113279  -33.946  -12.075  32.304 0.7777780294
106114  -31.542  -15.107  35.762 0.2222220004
106113  -31.328  -14.919  35.541 0.2222220004
111705  -34.494  -12.988  32.387 0.6666669846
108780  -31.178  -13.910  37.263 0.1111110002
113250  -33.942  -11.702  32.436 0.6666669846
113252  -34.819  -12.120  32.995 0.6666669846
111588  -30.623  -12.497  38.067 0.1111110002
113119  -30.808  -12.126  38.593 0.1111110002
110079  -31.756  -12.750  39.856 0.1111110002
111596  -30.191  -12.643  37.388 0.1111110002
110109  -30.807  -12.873  37.986 0.1111110002
110110  -31.161  -13.010  38.283 0.1111110002
116309  -34.798  -10.841  33.615 0.4444440007
110125  -30.659  -13.052  37.592 0.1111110002
110126  -31.005  -13.485  37.618 0.1111110002
114807  -34.290  -11.352  32.848 0.5555559993
113278  -33.460  -11.948  32.060 0.7777780294
113102  -30.882  -11.643  39.166 0.1111110002
113117  -29.849  -11.359  37.956 0.1111110002
113118  -30.403  -11.600  38.465 0.2222220004
111567  -31.415  -12.235  39.592 0.1111110002
110062  -31.947  -12.689  40.344 0.1111110002
115013  -37.987  -10.982  24.314 0.7777780294
115030  -38.224  -10.438  23.722 0.6666669846
116523  -38.447  -9.915  23.397 0.6666669846
117777  -29.332  -9.186  38.164 0.2222220004
117795  -28.700  -9.137  36.485 0.2222220004
116243  -29.187  -9.626  37.797 0.2222220004
114709  -29.923  -10.780  38.557 0.2222220004
114710  -30.344  -11.108  38.818 0.2222220004
113534  -37.529  -11.298  24.689 0.8888890147
115029  -37.440  -10.562  23.661 0.8888890147
118013  -38.017  -9.483  23.074 0.6666669846
118014  -38.757  -9.382  23.160 0.6666669846
118045  -39.039  -8.790  22.991 0.6666669846
119535  -40.692  -8.149  23.084 0.5555559993
119531  -37.840  -8.289  22.731 0.8888890147
119532  -38.613  -8.262  22.753 0.7777780294
121015  -39.704  -7.634  22.772 0.6666669846
120776  -30.656  -8.127  40.068 0.1111110002
120818  -29.828  -7.551  37.912 0.1111110002
119283  -29.847  -8.602  38.950 0.1111110002
119272  -30.184  -8.613  39.645 0.1111110002
119328  -28.546  -8.468  35.880 0.2222220004
119315  -28.953  -8.458  36.744 0.2222220004
119294  -29.245  -8.719  37.768 0.2222220004
119340  -28.333  -8.580  35.101 0.3333329856
122464  -39.845  -6.551  22.308 0.6666669846
125392  -40.779  -5.506  21.976 0.6666669846
120833  -29.403  -7.479  36.864 0.1111110002
122249  -30.342  -6.956  38.136 0.1111110002
119341  -28.567  -8.007  35.227 0.1111110002
120847  -28.645  -7.457  34.919 0.1111110002
125393  -41.408  -5.447  22.036 0.7777780294
125408  -41.157  -5.008  21.687 0.6666669846
126831  -41.976  -4.879  21.706 0.5555559993
126856  -42.063  -4.547  20.423 0.5555559993
126832  -42.284  -4.852  21.724 0.3333329856
126854  -40.514  -4.352  20.353 0.7777780294
126855  -41.292  -4.536  20.449 0.7777780294
128266  -37.462  -2.987  26.447 0.2222220004
128267  -38.028  -2.981  26.593 0.2222220004
129642  -38.190  -2.550  26.334 0.2222220004
130905  -39.246  -2.202  26.552 0.1111110002
128264  -35.687  -3.486  26.076 0.2222220004
128265  -36.537  -3.317  26.370 0.2222220004
129641  -37.570  -2.402  26.043 0.2222220004
130913  -38.853  -1.975  26.119 0.2222220004
128274  -35.584  -3.017  25.710 0.2222220004
129653  -36.558  -2.245  25.574 0.2222220004
129651  -34.880  -2.769  24.889 0.4444440007
129672  -35.140  -2.280  24.642 0.4444440007
130923  -36.389  -1.718  24.953 0.3333329856
130942  -36.005  -1.526  24.265 0.4444440007
126857  -42.823  -4.405  20.310 0.5555559993
128345  -40.559  -4.167  19.770 0.7777780294
126869  -41.567  -4.406  19.717 0.7777780294
126767  -38.227  -3.915  27.201 0.1111110002
129630  -38.529  -2.962  26.706 0.1111110002
128255  -37.978  -3.443  26.839 0.1111110002
129643  -38.797  -2.464  26.546 0.1111110002
126774  -36.040  -3.834  26.502 0.2222220004
130912  -38.126  -2.021  25.941 0.3333329856
132205  -38.900  -1.555  25.773 0.2222220004
128263  -35.176  -3.889  25.984 0.2222220004
130925  -38.051  -1.625  25.547 0.3333329856
132214  -37.211  -1.237  24.764 0.3333329856
132216  -38.850  -1.163  25.349 0.3333329856
132213  -36.643  -1.258  24.411 0.3333329856
128344  -40.075  -3.899  19.886 0.7777780294
128372  -41.221  -3.184  18.706 0.7777780294
136451  -46.532  0.642  16.563 0.5555559993
136452  -47.337  0.931  16.888 0.3333329856
137882  -47.172  1.256  16.366 0.3333329856
125321  -36.354  -4.786  27.046 0.2222220004
126765  -36.878  -4.293  27.085 0.2222220004
126763  -35.747  -4.470  26.642 0.3333329856
132217  -39.768  -0.838  25.575 0.1111110002
133615  -38.994  -0.627  24.822 0.3333329856
131041  -43.652  -2.260  17.712 0.6666669846
129740  -39.877  -2.726  19.140 0.7777780294
128373  -41.747  -3.427  18.744 0.7777780294
133760  -45.366  -0.514  16.982 0.5555559993
135057  -44.252  0.582  16.201 0.5555559993
135058  -45.023  0.351  16.313 0.5555559993
135059  -45.719  -0.024  16.760 0.5555559993
136467  -46.063  1.070  16.021 0.5555559993
136468  -46.510  1.102  16.146 0.5555559993
125308  -35.979  -5.266  27.245 0.2222220004
125310  -37.318  -4.774  27.492 0.1111110002
126754  -37.896  -4.324  27.413 0.1111110002
129753  -40.714  -2.603  18.573 0.7777780294
129770  -42.249  -2.474  18.010 0.7777780294
131040  -42.920  -1.949  17.587 0.6666669846
131057  -43.700  -1.765  17.359 0.6666669846
131025  -40.239  -1.979  18.442 0.7777780294
131037  -40.694  -1.615  17.990 0.7777780294
132333  -42.103  -1.408  17.496 0.7777780294
131056  -43.296  -1.561  17.290 0.7777780294
133747  -44.315  -0.788  16.913 0.6666669846
132332  -41.456  -1.128  17.482 0.7777780294
133746  -43.603  -0.640  16.824 0.7777780294
133758  -44.290  -0.148  16.560 0.7777780294
132350  -42.161  -0.793  17.104 0.7777780294
133757  -43.561  0.029  16.501 0.7777780294
140802  -47.653  3.528  13.810 0.6666669846
140801  -46.735  3.939  13.943 0.6666669846
142183  -47.554  4.129  13.436 0.5555559993
140823  -49.471  3.938  12.636 0.5555559993
140824  -49.947  3.817  12.532 0.6666669846
140825  -50.895  3.536  12.332 0.4444440007
139310  -52.480  3.261  12.442 0.4444440007
140816  -53.545  3.433  12.467 0.4444440007
131036  -40.171  -0.999  17.883 0.7777780294
132331  -40.787  -0.622  17.419 0.7777780294
132348  -41.188  -0.232  17.125 0.7777780294
132349  -41.532  -0.465  17.105 0.7777780294
133744  -42.157  0.012  16.710 0.7777780294
142180  -45.899  4.976  14.171 0.7777780294
142181  -46.315  4.636  14.004 0.6666669846
142188  -47.468  4.950  13.354 0.7777780294
142189  -47.849  4.557  13.199 0.7777780294
142190  -48.751  4.450  12.735 0.7777780294
142197  -49.512  4.505  12.452 0.7777780294
140826  -51.857  3.764  11.885 0.5555559993
139311  -53.030  3.411  12.340 0.4444440007
145156  -44.781  5.704  15.108 0.4444440007
145163  -45.828  5.828  14.298 0.5555559993
143656  -45.591  5.343  14.319 0.6666669846
143660  -46.090  5.364  14.082 0.6666669846
145165  -46.937  6.000  13.640 0.6666669846
143662  -47.208  5.353  13.445 0.6666669846
143668  -48.294  5.271  12.877 0.6666669846
142196  -49.106  4.866  12.500 0.7777780294
142198  -50.368  4.479  12.209 0.7777780294
142200  -51.725  4.289  11.664 0.6666669846
140827  -52.665  3.676  11.908 0.4444440007
142210  -54.094  4.353  11.271 0.4444440007
142199  -51.246  4.538  11.803 0.7777780294
140833  -51.953  4.208  11.612 0.4444440007
142208  -52.682  4.648  11.220 0.4444440007
145150  -44.461  5.767  15.507 0.4444440007
146557  -45.324  6.559  15.270 0.4444440007
145158  -45.911  6.282  14.443 0.5555559993
145164  -46.340  6.039  14.055 0.5555559993
146574  -47.303  6.485  13.542 0.5555559993
145170  -48.071  5.988  13.086 0.6666669846
143675  -49.993  5.255  12.282 0.7777780294
143676  -50.667  5.281  11.995 0.7777780294
142206  -51.504  5.007  11.564 0.7777780294
142217  -53.681  4.871  10.748 0.4444440007
143686  -53.449  4.935  10.749 0.4444440007
146546  -44.532  6.320  17.111 0.3333329856
146548  -45.384  7.081  16.859 0.3333329856
146551  -44.891  6.600  16.436 0.4444440007
147933  -45.823  7.366  15.792 0.4444440007
147937  -46.015  7.312  15.348 0.3333329856
143683  -51.643  5.420  11.295 0.7777780294
143684  -52.318  5.393  10.893 0.5555559993
143696  -52.890  5.542  10.445 0.5555559993
145198  -53.241  5.847  10.154 0.4444440007
145179  -50.850  6.047  11.808 0.7777780294
145184  -51.351  6.095  11.445 0.7777780294
145185  -51.803  6.085  11.010 0.6666669846
145197  -52.728  6.187  10.247 0.6666669846
145213  -53.777  6.035  9.934 0.5555559993
145212  -53.236  6.334  9.932 0.5555559993
145196  -52.258  6.160  10.650 0.6666669846
146613  -52.950  6.907  9.964 0.5555559993
146614  -53.619  6.815  9.572 0.5555559993
148004  -53.899  7.576  9.285 0.5555559993
149410  -54.241  8.256  8.920 0.4444440007
149424  -54.762  8.622  8.669 0.5555559993
152121  -56.384  9.369  8.131 0.2222220004
152130  -56.404  9.711  7.382 0.3333329856
146588  -51.101  6.787  11.705 0.7777780294
146589  -51.643  6.873  11.286 0.6666669846
146600  -52.003  6.643  10.866 0.5555559993
147989  -53.262  7.588  9.627 0.3333329856
150766  -54.153  9.134  8.547 0.3333329856
152104  -54.722  9.719  8.043 0.2222220004
152105  -55.450  9.540  8.190 0.2222220004
152119  -55.282  10.130  7.732 0.2222220004
153431  -56.134  10.295  7.055 0.1111110002
150768  -55.652  9.060  8.610 0.3333329856
152120  -56.107  9.792  8.060 0.2222220004
150797  -56.489  9.386  7.029 0.1111110002
152145  -56.354  9.820  6.741 0.1111110002
152155  -56.026  9.796  5.973 0.1111110002
150812  -56.535  9.047  6.643 0.1111110002
150822  -56.364  9.108  6.131 0.1111110002
149476  -56.648  8.360  5.888 0.1111110002
148066  -56.643  7.673  5.463 0.1111110002
146696  -56.514  6.921  5.358 0.1111110002
145306  -56.724  5.729  4.668 0.1111110002
146601  -52.362  6.920  10.458 0.6666669846
147988  -52.681  7.655  10.107 0.3333329856
149391  -53.032  8.367  9.751 0.3333329856
150753  -53.810  8.691  8.948 0.3333329856
150765  -53.634  9.603  8.606 0.2222220004
153416  -55.074  10.942  7.299 0.1111110002
154734  -55.047  11.346  7.015 0.1111110002
153417  -55.764  10.428  7.420 0.1111110002
153448  -56.077  10.396  6.558 0.1111110002
153447  -55.766  10.555  6.066 0.1111110002
154747  -55.140  11.574  6.499 0.1111110002
152144  -56.167  10.082  6.312 0.1111110002
153446  -55.244  10.469  5.597 0.1111110002
152142  -54.771  9.867  5.626 0.1111110002
149475  -56.097  8.329  5.655 0.1111110002
150810  -55.153  9.089  5.778 0.1111110002
148065  -56.029  7.634  5.622 0.1111110002
149464  -54.971  8.389  5.935 0.1111110002
149463  -54.385  8.381  6.093 0.1111110002
146695  -55.877  6.871  5.683 0.1111110002
148055  -54.811  7.663  6.074 0.1111110002
145293  -56.253  6.044  5.225 0.1111110002
152117  -54.165  10.660  7.789 0.1111110002
153415  -54.341  11.028  7.537 0.1111110002
154761  -54.919  11.460  5.733 0.1111110002
153445  -54.466  10.703  5.516 0.1111110002
152141  -54.131  10.007  5.730 0.1111110002
145292  -55.547  6.092  5.717 0.1111110002
135060  -46.245  0.117  16.948 0.4444440007
135046  -46.093  -0.159  17.116 0.4444440007
133749  -45.777  -0.738  17.408 0.4444440007
132353  -44.346  -1.410  17.199 0.6666669846
131058  -44.297  -1.947  17.527 0.6666669846
132354  -45.039  -1.585  17.522 0.5555559993
76675  -8.271  -31.713  51.403 0.6666669846
76674  -7.997  -31.443  51.790 0.6666669846
76672  -5.733  -31.118  51.561 0.1111110002
79679  -7.969  -30.164  50.515 0.5555559993
97340  -20.048  -20.489  40.921 0.3333329856
98828  -20.940  -19.784  40.284 0.3333329856
97512  -29.518  -20.155  32.653 0.7777780294
97499  -30.944  -20.357  33.178 0.7777780294
97500  -31.664  -20.143  33.171 0.7777780294
98953  -26.805  -19.643  33.353 0.7777780294
98962  -27.117  -19.378  33.074 0.7777780294
100522  -27.694  -19.016  32.539 0.7777780294
98964  -28.209  -19.606  32.524 0.7777780294
104736  -31.599  -15.899  35.371 0.2222220004
104747  -31.516  -15.839  34.838 0.2222220004
116244  -29.348  -9.870  38.112 0.2222220004
116269  -28.910  -9.803  36.847 0.2222220004
116281  -28.555  -9.839  36.157 0.2222220004
120846  -28.384  -7.966  34.657 0.1111110002
122446  -39.385  -7.072  22.504 0.5555559993
126845  -41.748  -4.707  21.363 0.6666669846
129739  -39.063  -2.284  19.191 0.7777780294
128359  -39.353  -2.915  19.534 0.7777780294
129752  -39.842  -2.163  18.780 0.7777780294
133742  -40.966  0.120  17.106 0.7777780294
133755  -42.502  0.453  16.503 0.7777780294
130922  -35.635  -1.923  24.679 0.4444440007
132215  -37.946  -1.218  25.080 0.3333329856
146550  -44.525  6.347  16.843 0.4444440007
145144  -44.316  5.996  16.185 0.4444440007
142175  -46.088  4.244  14.140 0.7777780294
78135  -5.680  -31.036  52.149 0.1111110002
76645  -7.425  -31.934  53.349 0.4444440007
100404  -21.348  -19.321  39.571 0.5555559993
98941  -25.890  -20.020  33.909 0.7777780294
107457  -31.215  -14.445  36.257 0.2222220004
116522  -37.729  -10.012  23.316 0.7777780294
122465  -40.570  -6.616  22.416 0.5555559993
126764  -36.093  -4.332  26.741 0.3333329856
78126  -5.796  -31.040  52.578 0.1111110002
79657  -5.402  -30.237  51.842 0.1111110002
79678  -5.430  -29.927  50.859 0.1111110002
79688  -5.500  -29.713  50.323 0.1111110002
78185  -6.208  -30.543  49.219 0.1111110002
80991  -7.026  -29.804  52.267 0.3333329856
81011  -7.575  -29.414  51.339 0.4444440007
81010  -5.270  -29.501  51.095 0.1111110002
81033  -5.318  -29.055  50.029 0.1111110002
83534  -5.197  -27.909  52.012 0.1111110002
95910  -30.604  -21.384  36.509 0.6666669846
97481  -28.208  -20.927  33.776 0.7777780294
97497  -29.340  -20.560  33.226 0.7777780294
95938  -26.801  -21.171  35.053 0.6666669846
95952  -27.266  -21.140  34.469 0.7777780294
95939  -27.695  -21.499  35.056 0.6666669846
98942  -26.454  -20.029  33.716 0.7777780294
98954  -27.285  -19.694  33.162 0.7777780294
97495  -27.580  -20.229  33.302 0.7777780294
107443  -31.441  -14.285  36.855 0.2222220004
111579  -31.119  -12.375  38.873 0.1111110002
110093  -31.489  -12.696  39.178 0.1111110002
111568  -31.626  -12.340  40.031 0.1111110002
114790  -34.760  -11.103  33.489 0.4444440007
115014  -38.862  -10.623  24.197 0.5555559993
117740  -29.897  -9.209  39.291 0.1111110002
117786  -29.004  -9.151  37.129 0.2222220004
114687  -30.068  -10.560  38.983 0.2222220004
118044  -38.305  -8.896  22.865 0.6666669846
119508  -40.239  -8.755  23.202 0.5555559993
118046  -39.640  -8.646  23.074 0.6666669846
122447  -40.128  -7.097  22.587 0.5555559993
119284  -30.103  -8.032  39.088 0.1111110002
120811  -30.266  -7.528  38.754 0.1111110002
119305  -29.428  -7.971  37.560 0.1111110002
120832  -29.125  -7.619  36.435 0.1111110002
126846  -42.549  -4.561  21.110 0.4444440007
126868  -40.928  -4.363  19.837 0.7777780294
128254  -37.140  -3.630  26.793 0.2222220004
129639  -36.117  -2.829  25.891 0.2222220004
129640  -36.892  -2.658  26.024 0.2222220004
129654  -37.170  -2.197  25.762 0.2222220004
128273  -35.032  -3.381  25.456 0.3333329856
129652  -35.617  -2.464  25.287 0.3333329856
130924  -37.274  -1.754  25.343 0.3333329856
126871  -43.083  -4.215  19.678 0.4444440007
126870  -42.384  -4.378  19.695 0.6666669846
128360  -39.931  -3.297  19.527 0.7777780294
128361  -40.837  -3.778  19.158 0.7777780294
128362  -41.962  -3.988  19.161 0.7777780294
126766  -37.563  -3.959  27.154 0.1111110002
128253  -36.520  -3.869  26.722 0.2222220004
129741  -40.324  -3.117  19.088 0.7777780294
136432  -46.985  0.534  17.064 0.3333329856
136433  -47.418  0.550  17.445 0.3333329856
125309  -36.637  -5.103  27.445 0.2222220004
126753  -37.399  -4.330  27.300 0.1111110002
131042  -44.285  -2.328  17.906 0.5555559993
128374  -42.521  -3.588  18.738 0.7777780294
129769  -41.529  -2.315  18.071 0.7777780294
129755  -42.359  -3.067  18.335 0.7777780294
133748  -44.982  -0.920  17.087 0.5555559993
123820  -36.325  -5.598  27.788 0.1111110002
129768  -41.097  -2.088  18.107 0.7777780294
131038  -41.500  -1.745  17.844 0.7777780294
129771  -42.991  -2.645  17.980 0.7777780294
132334  -42.508  -1.621  17.526 0.7777780294
132352  -43.690  -1.247  17.103 0.7777780294
132351  -42.886  -1.227  17.178 0.7777780294
133745  -42.874  -0.418  16.770 0.7777780294
142182  -47.150  4.546  13.584 0.7777780294
143661  -46.657  5.327  13.781 0.7777780294
142191  -49.228  4.068  12.680 0.6666669846
139309  -51.746  3.109  12.604 0.4444440007
140828  -53.292  3.700  11.960 0.4444440007
143667  -47.712  5.345  13.199 0.6666669846
143669  -48.867  5.274  12.569 0.6666669846
143674  -49.381  5.276  12.430 0.7777780294
145151  -44.856  6.173  15.505 0.4444440007
145157  -45.362  6.021  14.776 0.6666669846
146566  -46.872  6.765  14.025 0.5555559993
145169  -47.488  5.959  13.340 0.5555559993
145171  -48.724  6.020  12.767 0.6666669846
145176  -49.169  5.770  12.524 0.6666669846
140835  -53.003  4.082  11.504 0.4444440007
142209  -53.454  4.549  11.044 0.4444440007
143677  -51.190  5.386  11.632 0.7777780294
142207  -51.931  4.708  11.479 0.5555559993
146555  -45.550  7.005  15.506 0.4444440007
146554  -45.113  6.649  15.794 0.4444440007
146565  -46.276  6.597  14.362 0.5555559993
146559  -46.478  6.985  14.529 0.5555559993
146575  -47.821  6.562  13.336 0.5555559993
146576  -48.478  6.758  13.150 0.5555559993
143685  -53.069  5.044  10.789 0.5555559993
146547  -44.869  6.537  17.295 0.3333329856
146552  -45.395  7.075  16.110 0.3333329856
147927  -45.965  7.512  17.063 0.2222220004
147938  -46.522  7.422  14.955 0.4444440007
152106  -55.852  9.440  8.422 0.3333329856
153418  -56.160  10.118  7.494 0.2222220004
149409  -53.563  8.255  9.240 0.3333329856
150767  -55.025  9.082  8.392 0.3333329856
152118  -54.572  10.438  7.705 0.1111110002
153430  -55.667  10.925  6.743 0.1111110002
152156  -56.348  9.602  6.337 0.1111110002
150821  -56.023  9.088  5.758 0.1111110002
145294  -57.018  6.279  5.017 0.1111110002
153429  -55.280  11.271  6.903 0.1111110002
154762  -55.420  10.985  5.788 0.1111110002
153462  -55.608  10.138  5.823 0.1111110002
152154  -55.643  9.706  5.759 0.1111110002
152143  -55.282  9.752  5.644 0.1111110002
150811  -55.663  8.828  5.720 0.1111110002
150820  -55.535  9.298  5.720 0.1111110002
149465  -55.559  8.324  5.769 0.1111110002
150809  -54.466  9.170  5.880 0.1111110002
148056  -55.434  7.641  5.872 0.1111110002
146686  -55.232  6.897  6.005 0.1111110002
153404  -53.882  10.980  7.912 0.1111110002
154760  -54.075  11.437  5.744 0.1111110002
133750  -46.296  -0.519  17.703 0.3333329856
135048  -47.135  0.130  17.693 0.3333329856
132335  -45.385  -1.648  17.859 0.3333329856
79622  -11.858  -30.271  55.473 0.1111110002
76627  -11.139  -31.926  55.379 0.2222220004
78101  -11.390  -31.200  55.933 0.1111110002
78111  -11.366  -31.419  55.346 0.1111110002
78112  -11.572  -30.982  55.084 0.3333329856
72403  -9.894  -33.964  58.028 0.1111110002
75163  -10.503  -32.957  58.133 0.2222220004
80964  -12.141  -29.734  55.083 0.1111110002
78121  -11.679  -30.926  54.186 0.3333329856
71085  -9.510  -34.751  57.222 0.1111110002
72414  -10.032  -33.868  57.046 0.2222220004
80973  -12.340  -29.382  54.352 0.1111110002
82255  -13.109  -28.152  54.057 0.1111110002
79640  -12.144  -29.882  53.662 0.3333329856
80983  -12.438  -29.348  53.366 0.3333329856
83525  -13.455  -27.755  53.544 0.1111110002
83512  -13.849  -27.345  53.898 0.1111110002
79660  -11.991  -30.381  52.456 0.6666669846
80992  -12.482  -29.398  52.555 0.2222220004
79661  -12.254  -29.914  52.175 0.3333329856
69705  -9.095  -35.125  56.795 0.3333329856
83537  -13.476  -27.855  52.717 0.1111110002
82276  -12.769  -28.976  52.095 0.2222220004
83548  -13.436  -27.924  51.822 0.2222220004
81003  -12.492  -29.471  51.846 0.3333329856
82289  -13.023  -28.611  51.349 0.3333329856
81023  -12.609  -29.503  50.585 0.4444440007
81036  -13.022  -28.856  49.968 0.3333329856
84839  -14.366  -26.965  51.719 0.1111110002
83549  -13.923  -27.489  51.339 0.2222220004
83559  -13.862  -27.479  50.478 0.2222220004
82300  -13.190  -28.471  50.432 0.2222220004
90854  -15.964  -23.304  49.178 0.1111110002
90865  -16.178  -23.462  48.148 0.1111110002
94001  -17.052  -21.882  47.811 0.1111110002
92430  -17.211  -22.360  46.934 0.1111110002
87735  -15.089  -25.827  47.518 0.4444440007
92391  -16.416  -22.600  48.348 0.1111110002
94000  -16.748  -22.206  48.067 0.1111110002
92409  -16.811  -22.555  47.568 0.1111110002
92450  -17.283  -22.608  46.213 0.2222220004
94038  -17.584  -22.026  46.461 0.1111110002
89282  -15.804  -24.404  47.842 0.2222220004
90877  -16.181  -23.941  47.147 0.2222220004
90878  -16.463  -23.212  47.324 0.2222220004
92429  -16.862  -22.915  46.758 0.2222220004
94059  -17.674  -22.195  45.695 0.1111110002
89293  -15.700  -24.723  46.781 0.3333329856
90890  -16.463  -23.495  46.514 0.3333329856
92449  -16.829  -23.122  45.956 0.2222220004
89310  -15.696  -24.679  45.788 0.4444440007
92470  -17.242  -22.763  45.406 0.2222220004
90901  -16.014  -24.213  45.356 0.3333329856
92469  -16.796  -23.310  45.163 0.2222220004
90915  -16.362  -23.801  44.909 0.3333329856
92490  -17.164  -22.948  44.570 0.2222220004
89353  -15.469  -24.422  44.178 0.5555559993
90930  -16.228  -23.841  44.213 0.3333329856
92515  -16.906  -23.161  43.780 0.2222220004
89375  -15.456  -24.268  43.766 0.5555559993
92514  -16.454  -23.550  43.813 0.3333329856
92535  -17.078  -22.892  43.010 0.2222220004
94110  -18.116  -21.966  43.339 0.2222220004
92533  -15.837  -23.566  42.780 0.4444440007
92554  -16.602  -23.008  42.276 0.4444440007
94135  -17.688  -22.435  42.844 0.3333329856
92555  -17.255  -22.688  42.277 0.4444440007
83510  -6.170  -28.130  52.853 0.1111110002
83535  -6.899  -28.284  52.273 0.1111110002
94136  -18.216  -22.006  42.514 0.2222220004
94157  -17.708  -22.359  42.084 0.3333329856
97307  -19.141  -20.948  42.725 0.2222220004
97308  -19.522  -20.688  42.366 0.2222220004
92569  -16.920  -22.685  41.661 0.5555559993
94137  -18.502  -21.760  42.117 0.2222220004
95752  -18.931  -21.280  42.200 0.2222220004
100355  -22.653  -19.329  42.993 0.1111110002
95753  -19.372  -20.956  41.907 0.2222220004
100354  -22.038  -19.170  42.782 0.1111110002
94185  -18.082  -21.911  41.096 0.4444440007
98784  -20.488  -19.928  42.447 0.2222220004
98785  -20.920  -19.598  42.569 0.2222220004
95770  -18.910  -21.382  41.285 0.2222220004
98776  -24.988  -20.146  44.089 0.1111110002
98761  -24.479  -19.790  44.608 0.1111110002
98774  -23.738  -19.638  43.572 0.1111110002
98775  -24.411  -19.913  43.699 0.1111110002
98773  -23.153  -19.475  43.363 0.1111110002
98801  -22.920  -19.647  42.500 0.1111110002
97325  -19.677  -20.759  41.545 0.2222220004
98799  -20.531  -20.059  41.733 0.2222220004
100365  -22.068  -19.224  42.005 0.1111110002
98800  -20.987  -19.714  41.809 0.2222220004
98814  -21.004  -19.787  41.053 0.2222220004
100379  -21.496  -19.427  41.139 0.2222220004
97271  -26.692  -20.727  45.637 0.1111110002
97270  -26.201  -20.497  45.371 0.1111110002
97269  -25.653  -20.308  45.126 0.1111110002
97281  -25.543  -20.401  44.357 0.1111110002
98787  -23.633  -19.862  42.802 0.1111110002
100366  -22.711  -19.516  42.080 0.1111110002
100392  -22.011  -19.079  40.473 0.3333329856
100380  -22.048  -19.152  41.246 0.2222220004
100391  -21.452  -19.394  40.367 0.3333329856
97283  -26.614  -20.800  44.937 0.1111110002
98788  -24.123  -19.952  43.090 0.1111110002
97310  -24.142  -20.156  42.571 0.1111110002
92540  -30.242  -22.692  43.158 0.1111110002
94143  -30.793  -22.599  42.802 0.1111110002
98846  -36.580  -20.109  38.783 0.2222220004
98802  -23.288  -19.935  42.111 0.1111110002
94142  -29.983  -22.526  42.582 0.1111110002
97377  -35.205  -20.887  39.101 0.2222220004
97378  -35.990  -20.611  39.206 0.2222220004
100381  -22.671  -19.164  41.341 0.2222220004
100367  -23.091  -19.846  41.655 0.1111110002
94191  -30.749  -22.193  41.267 0.1111110002
94165  -31.184  -22.400  42.016 0.1111110002
94221  -31.787  -22.029  40.523 0.2222220004
94222  -32.503  -21.999  40.471 0.2222220004
95838  -33.110  -21.671  39.477 0.2222220004
95857  -33.346  -21.379  38.709 0.3333329856
97396  -34.455  -20.839  38.632 0.2222220004
94192  -31.508  -22.191  41.274 0.2222220004
95837  -32.453  -21.712  39.350 0.2222220004
95856  -32.582  -21.564  38.736 0.2222220004
97409  -33.663  -20.716  37.790 0.3333329856
94240  -32.021  -21.843  39.754 0.2222220004
95876  -32.720  -21.270  37.963 0.3333329856
97282  -26.103  -20.598  44.636 0.1111110002
95720  -27.035  -21.122  44.545 0.1111110002
97296  -25.453  -20.492  43.613 0.1111110002
97297  -26.051  -20.761  43.817 0.1111110002
95757  -27.335  -21.556  43.663 0.1111110002
94090  -28.172  -21.816  44.555 0.1111110002
94115  -29.003  -22.300  43.357 0.1111110002
97311  -24.635  -20.318  42.821 0.1111110002
95735  -26.559  -21.116  43.656 0.1111110002
94113  -27.749  -21.735  43.912 0.1111110002
94114  -28.326  -22.007  43.631 0.1111110002
97329  -25.082  -20.689  42.060 0.1111110002
95755  -26.312  -21.160  43.066 0.1111110002
94140  -28.533  -22.107  42.787 0.1111110002
97397  -35.311  -20.413  38.382 0.2222220004
97398  -36.016  -20.205  38.483 0.2222220004
104594  -14.488  -16.036  42.353 0.1111110002
100393  -22.637  -18.978  40.590 0.3333329856
100382  -23.050  -19.632  41.240 0.2222220004
97328  -24.476  -20.359  42.008 0.1111110002
94163  -29.630  -22.285  41.934 0.1111110002
94189  -29.258  -22.121  41.239 0.1111110002
104608  -14.536  -16.472  41.935 0.4444440007
100394  -23.130  -19.298  40.644 0.3333329856
98830  -23.794  -20.002  40.524 0.3333329856
94190  -30.006  -22.147  41.249 0.1111110002
94238  -30.663  -21.892  39.860 0.2222220004
95877  -33.320  -21.078  38.110 0.3333329856
97411  -35.221  -20.082  37.648 0.2222220004
100406  -22.602  -18.923  39.791 0.4444440007
100407  -23.148  -19.182  39.917 0.4444440007
94257  -30.962  -21.792  39.144 0.2222220004
95855  -31.852  -21.669  38.911 0.2222220004
95875  -31.932  -21.505  38.056 0.2222220004
94138  -27.170  -21.697  42.776 0.1111110002
95772  -25.662  -21.085  42.113 0.1111110002
95774  -26.788  -21.545  42.558 0.1111110002
94162  -28.867  -22.190  41.983 0.1111110002
106013  -14.984  -16.025  41.637 0.2222220004
95788  -25.496  -21.061  41.322 0.2222220004
94160  -27.341  -21.792  42.241 0.1111110002
94161  -28.081  -21.973  42.091 0.1111110002
94218  -29.635  -21.990  40.536 0.1111110002
97343  -24.904  -20.611  41.263 0.2222220004
94187  -27.595  -21.875  41.257 0.1111110002
94216  -28.165  -21.959  40.472 0.1111110002
94217  -28.906  -21.999  40.506 0.1111110002
94219  -30.350  -22.014  40.553 0.2222220004
97421  -32.901  -20.624  37.053 0.3333329856
97422  -33.633  -20.295  36.941 0.3333329856
97410  -34.501  -20.316  37.607 0.2222220004
98864  -23.654  -19.758  39.684 0.4444440007
94234  -27.903  -21.893  39.743 0.2222220004
94235  -28.592  -21.868  39.783 0.2222220004
94255  -29.619  -21.727  39.201 0.2222220004
94274  -29.893  -21.657  38.613 0.2222220004
95854  -31.357  -21.742  38.902 0.2222220004
95894  -32.027  -21.164  37.237 0.4444440007
97423  -34.221  -19.911  36.775 0.2222220004
100422  -23.144  -19.184  39.098 0.4444440007
94252  -27.619  -21.861  39.071 0.2222220004
94287  -28.307  -21.793  37.917 0.4444440007
94273  -29.291  -21.638  38.583 0.2222220004
95873  -30.168  -21.646  38.032 0.3333329856
95892  -30.424  -21.547  37.325 0.4444440007
95911  -31.350  -21.123  36.484 0.4444440007
95912  -31.876  -20.850  36.654 0.4444440007
97434  -32.896  -20.287  36.229 0.4444440007
97435  -33.581  -19.930  36.148 0.4444440007
100440  -22.443  -18.745  38.087 0.5555559993
95871  -29.070  -21.672  38.144 0.3333329856
95908  -28.959  -21.671  36.638 0.4444440007
95909  -29.808  -21.544  36.536 0.4444440007
95926  -30.715  -21.110  35.772 0.5555559993
97446  -31.446  -20.624  35.565 0.4444440007
98914  -33.198  -19.717  35.088 0.4444440007
97466  -31.464  -20.430  34.734 0.5555559993
97468  -32.742  -19.834  34.624 0.4444440007
97465  -30.642  -20.745  34.821 0.5555559993
97467  -32.171  -20.118  34.679 0.5555559993
98943  -32.578  -19.728  33.599 0.5555559993
107349  -15.899  -14.944  41.564 0.2222220004
95811  -25.328  -20.982  40.511 0.2222220004
95789  -26.170  -21.358  41.443 0.1111110002
95790  -26.807  -21.637  41.738 0.1111110002
97356  -24.721  -20.546  40.475 0.2222220004
95813  -26.823  -21.655  40.697 0.2222220004
98863  -23.563  -19.636  39.329 0.4444440007
95836  -26.520  -21.522  39.806 0.2222220004
94251  -26.920  -21.793  39.070 0.2222220004
94270  -27.341  -21.921  38.390 0.3333329856
94296  -27.329  -21.818  37.204 0.4444440007
95923  -28.299  -21.667  35.837 0.4444440007
97486  -32.236  -19.954  33.888 0.6666669846
106116  -38.054  -15.189  35.728 0.1111110002
95812  -26.013  -21.333  40.578 0.2222220004
95834  -25.159  -20.868  39.732 0.2222220004
95835  -25.809  -21.241  39.767 0.2222220004
97375  -24.508  -20.428  39.690 0.2222220004
95851  -25.021  -20.765  39.010 0.2222220004
95869  -25.322  -21.063  38.382 0.3333329856
98882  -23.953  -20.105  38.108 0.4444440007
95886  -25.035  -20.858  37.936 0.3333329856
95888  -26.030  -21.460  37.420 0.4444440007
94295  -26.769  -21.718  37.196 0.4444440007
97441  -24.431  -20.254  36.611 0.5555559993
95905  -26.308  -21.449  36.796 0.4444440007
95906  -27.026  -21.690  36.607 0.4444440007
95922  -27.365  -21.608  35.856 0.4444440007
98913  -24.580  -20.051  35.443 0.5555559993
97460  -25.115  -20.406  35.279 0.4444440007
111664  -36.065  -12.753  34.044 0.1111110002
111663  -35.689  -12.718  33.567 0.1111110002
110206  -35.184  -13.617  32.619 0.2222220004
110182  -35.365  -13.292  32.893 0.3333329856
111704  -34.008  -12.641  32.170 0.6666669846
113186  -35.857  -11.446  34.866 0.1111110002
111645  -35.999  -12.421  34.230 0.1111110002
113207  -35.932  -11.959  34.557 0.1111110002
117796  -36.548  -10.418  36.007 0.1111110002
116271  -36.903  -10.910  36.473 0.1111110002
114764  -36.246  -11.208  35.470 0.1111110002
113164  -36.715  -11.511  35.846 0.1111110002
116282  -35.674  -10.825  34.956 0.1111110002
113206  -35.563  -11.647  34.209 0.1111110002
116310  -35.052  -10.653  34.035 0.2222220004
114777  -35.486  -11.065  34.556 0.1111110002
114808  -34.776  -11.667  33.206 0.2222220004
116341  -34.043  -10.846  32.470 0.5555559993
116325  -34.851  -10.323  33.234 0.4444440007
116359  -34.180  -10.734  31.645 0.5555559993
119297  -38.104  -9.610  37.784 0.1111110002
117798  -37.087  -10.029  36.790 0.1111110002
119330  -36.893  -9.810  36.056 0.1111110002
117807  -36.384  -10.173  35.481 0.1111110002
116283  -36.004  -10.660  35.349 0.1111110002
116295  -35.818  -10.139  34.842 0.1111110002
116326  -35.664  -10.296  33.070 0.4444440007
116311  -35.686  -10.164  33.946 0.3333329856
116342  -34.861  -10.551  32.368 0.4444440007
113449  -38.382  -11.472  26.271 0.3333329856
116446  -41.404  -10.330  26.993 0.2222220004
116462  -41.988  -9.986  26.343 0.2222220004
117958  -42.236  -9.752  25.703 0.2222220004
114945  -38.975  -11.287  26.644 0.3333329856
114961  -40.065  -10.835  26.484 0.2222220004
116461  -41.118  -10.320  26.032 0.2222220004
117959  -42.783  -9.313  25.326 0.2222220004
113478  -37.829  -11.563  25.810 0.4444440007
114976  -38.660  -11.165  25.453 0.3333329856
114997  -40.085  -10.502  25.031 0.2222220004
116478  -40.533  -10.227  24.804 0.3333329856
114995  -38.594  -11.063  24.913 0.3333329856
117940  -43.658  -9.132  25.889 0.2222220004
117928  -44.414  -9.029  26.619 0.2222220004
119461  -44.038  -8.577  25.279 0.1111110002
117985  -41.823  -9.515  24.668 0.2222220004
117960  -43.411  -8.835  24.964 0.2222220004
117987  -43.334  -8.530  24.400 0.1111110002
114996  -39.457  -10.707  24.839 0.3333329856
116502  -41.049  -9.916  24.621 0.2222220004
117986  -42.750  -8.871  24.412 0.2222220004
119478  -43.758  -8.368  24.664 0.1111110002
115031  -38.810  -10.235  23.698 0.3333329856
118016  -40.479  -9.463  23.643 0.3333329856
118018  -42.118  -8.885  23.879 0.2222220004
119511  -42.315  -8.385  23.472 0.3333329856
118015  -39.587  -9.265  23.276 0.3333329856
119509  -40.988  -8.725  23.325 0.3333329856
119510  -41.707  -8.565  23.426 0.3333329856
119479  -44.199  -8.076  24.876 0.1111110002
120983  -44.084  -7.619  24.239 0.1111110002
122404  -44.639  -7.084  24.653 0.1111110002
119513  -43.257  -8.080  23.755 0.1111110002
120995  -43.431  -7.668  23.548 0.1111110002
122451  -42.878  -6.875  22.860 0.1111110002
122429  -43.647  -6.841  23.256 0.1111110002
119536  -41.392  -8.089  23.139 0.4444440007
121018  -41.818  -7.523  22.914 0.3333329856
121017  -41.104  -7.560  22.859 0.4444440007
122450  -42.207  -6.929  22.745 0.1111110002
123866  -44.856  -6.140  24.196 0.1111110002
120996  -43.966  -7.170  23.670 0.1111110002
122417  -44.404  -6.784  23.978 0.1111110002
123882  -44.637  -5.639  23.601 0.1111110002
123896  -43.788  -5.685  22.930 0.1111110002
123895  -43.344  -6.273  22.880 0.1111110002
123880  -43.688  -6.456  23.188 0.1111110002
123894  -42.539  -6.329  22.624 0.1111110002
123893  -41.843  -6.330  22.515 0.4444440007
125378  -42.196  -5.744  22.407 0.1111110002
123908  -41.200  -6.196  22.341 0.4444440007
125370  -44.725  -5.198  23.477 0.1111110002
125381  -43.864  -5.271  22.748 0.1111110002
125380  -43.363  -5.311  22.552 0.1111110002
126821  -43.467  -4.943  22.327 0.1111110002
125379  -42.769  -5.688  22.524 0.2222220004
123909  -41.723  -5.783  22.275 0.3333329856
126833  -43.092  -4.741  21.966 0.2222220004
126834  -43.906  -4.316  21.576 0.1111110002
126847  -43.379  -4.295  20.918 0.2222220004
128332  -43.956  -3.972  20.410 0.2222220004
128333  -44.479  -3.762  20.614 0.2222220004
126858  -43.472  -4.170  20.121 0.3333329856
128347  -44.466  -3.686  20.030 0.2222220004
128348  -45.078  -3.448  20.163 0.2222220004
128346  -43.991  -3.896  19.821 0.3333329856
128366  -44.507  -3.546  19.397 0.2222220004
129724  -45.485  -3.114  19.820 0.2222220004
128364  -43.412  -3.919  19.249 0.3333329856
129743  -45.164  -3.127  19.421 0.2222220004
128363  -42.769  -4.017  19.179 0.4444440007
128375  -43.234  -3.611  18.818 0.3333329856
129758  -44.425  -3.169  18.802 0.3333329856
129774  -44.723  -2.682  18.496 0.3333329856
129756  -43.096  -3.192  18.366 0.5555559993
129757  -43.773  -3.194  18.534 0.4444440007
139257  -48.931  2.520  15.714 0.4444440007
139274  -48.304  2.581  14.971 0.4444440007
139286  -47.841  2.865  14.393 0.4444440007
139287  -48.426  2.858  14.295 0.4444440007
140803  -48.651  3.241  13.698 0.4444440007
140804  -49.155  3.096  13.659 0.4444440007
140814  -50.296  3.205  12.895 0.4444440007
140812  -48.294  3.835  13.258 0.4444440007
140813  -49.317  3.512  13.105 0.4444440007
140815  -50.798  3.062  12.806 0.4444440007
147935  -46.976  7.918  15.179 0.3333329856
147939  -47.122  7.702  14.686 0.4444440007
147943  -47.406  7.511  14.184 0.3333329856
146567  -47.597  7.020  13.699 0.4444440007
146568  -48.097  7.084  13.449 0.4444440007
145172  -49.246  6.260  12.608 0.5555559993
145177  -49.684  6.007  12.403 0.5555559993
145178  -50.333  6.008  12.175 0.6666669846
147945  -48.681  7.825  13.552 0.2222220004
146577  -49.094  6.753  12.855 0.4444440007
147956  -49.458  7.241  12.828 0.3333329856
146582  -49.577  6.734  12.581 0.4444440007
146583  -50.117  6.738  12.381 0.3333329856
146584  -50.638  6.748  12.080 0.5555559993
147964  -50.919  7.319  12.008 0.4444440007
87718  -15.543  -24.956  48.526 0.2222220004
87717  -15.242  -25.654  48.310 0.2222220004
84869  -14.585  -26.682  48.643 0.2222220004
89257  -15.697  -24.064  49.740 0.1111110002
87702  -15.609  -24.819  49.405 0.1111110002
89270  -15.843  -24.184  48.811 0.1111110002
73809  -10.098  -33.607  57.853 0.2222220004
76606  -10.658  -32.224  57.843 0.2222220004
78094  -11.167  -31.350  56.873 0.1111110002
78093  -10.891  -31.777  57.094 0.1111110002
79639  -11.895  -30.381  53.894 0.4444440007
68360  -9.009  -35.513  56.534 0.2222220004
82288  -12.710  -29.135  51.518 0.2222220004
83564  -13.494  -27.980  50.078 0.2222220004
84853  -14.249  -27.010  49.995 0.2222220004
84862  -14.659  -26.586  49.471 0.1111110002
84854  -14.726  -26.494  50.329 0.2222220004
87736  -15.480  -25.195  47.636 0.3333329856
90947  -16.041  -23.792  43.593 0.5555559993
92570  -17.352  -22.527  41.816 0.4444440007
95771  -19.316  -21.087  41.450 0.2222220004
98813  -20.519  -20.144  40.985 0.2222220004
98883  -34.890  -19.821  37.099 0.2222220004
97501  -32.196  -19.877  33.153 0.6666669846
98904  -23.961  -19.919  36.951 0.4444440007
97429  -24.372  -20.320  37.242 0.4444440007
97442  -24.863  -20.445  36.030 0.5555559993
97444  -26.151  -20.963  35.284 0.4444440007
104593  -14.031  -16.397  42.644 0.3333329856
108837  -36.106  -13.602  33.645 0.1111110002
113345  -35.948  -12.055  29.912 0.4444440007
139256  -48.081  2.177  15.716 0.4444440007
86271  -14.937  -26.096  48.910 0.2222220004
90914  -15.914  -24.205  44.589 0.4444440007
94159  -18.549  -21.707  41.577 0.3333329856
100421  -22.545  -18.866  38.960 0.5555559993
97418  -24.278  -20.312  37.870 0.4444440007
97485  -31.556  -20.283  33.922 0.6666669846
111683  -35.328  -12.790  33.059 0.3333329856
113227  -35.267  -12.077  33.431 0.3333329856
116524  -39.132  -9.845  23.452 0.3333329856
113508  -38.002  -11.311  25.127 0.3333329856
125394  -41.921  -5.178  21.979 0.2222220004
129772  -43.695  -2.754  18.096 0.5555559993
129773  -44.333  -2.735  18.301 0.4444440007
146590  -52.037  7.175  10.929 0.4444440007
100405  -21.952  -19.013  39.676 0.5555559993
122449  -41.452  -6.843  22.637 0.4444440007
95893  -31.248  -21.434  37.298 0.3333329856
114977  -39.142  -10.987  25.496 0.3333329856
147942  -46.859  7.301  14.453 0.4444440007
78102  -11.630  -30.708  55.682 0.1111110002
69702  -10.159  -35.069  58.104 0.1111110002
73801  -10.449  -33.460  58.697 0.1111110002
69706  -9.304  -35.302  57.282 0.2222220004
82265  -13.085  -28.276  53.231 0.1111110002
82254  -12.751  -28.753  53.783 0.1111110002
82277  -13.077  -28.401  52.359 0.2222220004
84846  -14.315  -26.979  50.851 0.2222220004
92410  -17.130  -22.148  47.372 0.1111110002
90889  -16.094  -24.130  46.216 0.3333329856
90902  -16.411  -23.668  45.688 0.2222220004
92489  -16.676  -23.458  44.412 0.2222220004
92534  -16.338  -23.414  43.061 0.3333329856
94109  -17.574  -22.545  43.807 0.2222220004
94158  -18.109  -22.034  41.783 0.2222220004
100364  -21.488  -19.405  41.902 0.2222220004
95719  -26.543  -20.947  44.249 0.1111110002
97341  -23.711  -20.125  41.667 0.2222220004
94141  -29.257  -22.369  42.624 0.1111110002
94116  -29.614  -22.603  43.166 0.1111110002
94164  -30.392  -22.356  41.967 0.1111110002
94239  -31.339  -21.893  39.855 0.2222220004
95858  -33.983  -21.242  38.914 0.2222220004
95895  -32.603  -20.945  37.381 0.4444440007
97312  -25.337  -20.689  42.850 0.1111110002
95754  -25.846  -21.052  42.710 0.1111110002
94091  -28.870  -22.213  44.140 0.1111110002
94139  -27.668  -21.834  43.045 0.1111110002
98815  -23.517  -20.032  41.222 0.2222220004
98816  -23.940  -20.082  40.865 0.2222220004
97355  -24.199  -20.219  40.462 0.2222220004
94237  -29.975  -21.838  39.865 0.2222220004
94275  -30.478  -21.718  38.646 0.2222220004
95874  -31.063  -21.665  38.277 0.2222220004
94188  -28.475  -22.053  41.252 0.1111110002
94236  -29.286  -21.818  39.836 0.2222220004
94215  -27.531  -21.863  40.375 0.2222220004
97433  -32.171  -20.591  36.311 0.4444440007
97393  -23.969  -19.986  39.358 0.3333329856
94233  -27.209  -21.803  39.780 0.2222220004
94253  -28.300  -21.787  39.083 0.2222220004
94254  -28.964  -21.700  39.143 0.2222220004
95872  -29.481  -21.656  38.042 0.3333329856
94269  -26.656  -21.768  38.356 0.4444440007
95889  -28.224  -21.790  37.508 0.4444440007
95891  -29.618  -21.665  37.348 0.4444440007
95927  -31.189  -20.852  35.909 0.5555559993
97447  -32.172  -20.324  35.491 0.4444440007
97448  -32.876  -19.966  35.414 0.4444440007
95890  -28.802  -21.750  37.595 0.3333329856
97405  -23.785  -19.885  38.961 0.4444440007
95853  -26.232  -21.534  39.035 0.2222220004
95852  -25.581  -21.175  39.015 0.2222220004
95870  -25.961  -21.453  38.222 0.3333329856
95907  -27.983  -21.771  36.852 0.4444440007
97394  -24.514  -20.447  38.861 0.3333329856
95868  -24.908  -20.734  38.462 0.3333329856
95887  -25.479  -21.223  37.703 0.3333329856
95903  -25.131  -20.942  37.389 0.4444440007
95904  -25.567  -21.165  36.957 0.4444440007
97431  -25.351  -20.904  36.359 0.5555559993
97443  -25.613  -20.894  35.715 0.4444440007
95921  -26.429  -21.344  35.916 0.4444440007
116360  -34.860  -10.709  31.599 0.4444440007
114979  -40.467  -10.602  26.069 0.2222220004
116463  -42.358  -9.917  26.806 0.2222220004
116480  -41.591  -9.915  25.484 0.2222220004
114960  -39.426  -11.039  26.196 0.3333329856
114947  -40.232  -10.841  27.277 0.1111110002
114978  -39.883  -10.728  25.649 0.3333329856
116477  -40.001  -10.348  24.485 0.3333329856
116526  -40.160  -9.866  23.822 0.3333329856
117941  -44.342  -8.698  25.889 0.1111110002
118017  -41.361  -9.164  23.795 0.3333329856
119491  -43.096  -8.402  23.961 0.1111110002
119538  -42.477  -8.047  23.277 0.1111110002
121019  -42.670  -7.604  23.099 0.1111110002
123881  -44.122  -6.236  23.440 0.1111110002
128376  -43.834  -3.574  18.956 0.3333329856
139275  -49.059  2.665  14.962 0.4444440007
139288  -49.208  2.825  14.196 0.4444440007
139299  -50.081  2.862  13.526 0.4444440007
149347  -47.482  8.157  14.862 0.2222220004
147944  -48.128  7.648  13.775 0.3333329856
147949  -49.028  7.514  13.187 0.3333329856
147950  -49.685  7.795  13.013 0.2222220004
147957  -49.918  7.348  12.643 0.3333329856
147958  -50.532  7.585  12.408 0.3333329856
87701  -15.332  -25.501  49.147 0.1111110002
86266  -15.035  -25.984  49.752 0.2222220004
87689  -15.620  -24.757  50.248 0.1111110002
68379  -8.462  -35.990  55.554 0.1111110002
69738  -7.057  -35.184  54.284 0.1111110002
71123  -6.790  -34.654  53.782 0.1111110002
71124  -7.138  -35.087  53.756 0.1111110002
84847  -14.775  -26.430  51.217 0.1111110002
95795  -37.445  -20.827  41.122 0.1111110002
97358  -37.088  -20.449  40.039 0.1111110002
97345  -37.927  -20.384  40.926 0.1111110002
97379  -36.713  -20.377  39.386 0.1111110002
97359  -37.621  -20.220  40.323 0.1111110002
104720  -27.863  -15.784  35.949 0.2222220004
104721  -28.364  -16.122  36.353 0.1111110002
104733  -28.310  -16.119  35.574 0.1111110002
104734  -28.822  -16.396  35.912 0.1111110002
104746  -28.681  -16.400  35.230 0.1111110002
116343  -35.621  -10.676  32.192 0.3333329856
116380  -34.312  -10.758  30.999 0.4444440007
116327  -36.489  -10.600  32.969 0.3333329856
114858  -35.552  -11.142  31.130 0.2222220004
116344  -36.273  -10.888  32.240 0.3333329856
114809  -36.851  -10.999  32.529 0.3333329856
116361  -35.334  -10.872  31.414 0.3333329856
114882  -34.936  -11.092  30.632 0.4444440007
113280  -36.966  -11.537  31.644 0.2222220004
114835  -37.174  -11.371  32.185 0.2222220004
113324  -35.928  -11.636  30.661 0.3333329856
113306  -37.128  -11.715  31.176 0.2222220004
113282  -38.153  -11.699  31.922 0.2222220004
113281  -37.513  -11.577  31.756 0.2222220004
113325  -36.604  -11.853  30.609 0.2222220004
113307  -37.799  -11.760  31.226 0.2222220004
113346  -36.761  -12.140  30.025 0.2222220004
113327  -38.091  -11.930  30.576 0.2222220004
114931  -39.145  -11.356  27.412 0.2222220004
113283  -38.874  -11.778  32.130 0.2222220004
137895  -48.000  1.881  16.212 0.3333329856
139308  -51.187  2.959  12.822 0.3333329856
139304  -53.787  3.260  12.954 0.2222220004
140817  -54.108  3.560  12.587 0.3333329856
139298  -49.525  2.951  13.718 0.3333329856
140837  -54.150  4.061  11.706 0.3333329856
143699  -54.871  5.086  11.013 0.2222220004
147967  -56.558  7.254  11.694 0.2222220004
145215  -55.042  5.799  10.550 0.2222220004
145216  -55.559  6.187  10.807 0.2222220004
149366  -56.483  7.544  11.257 0.2222220004
147977  -55.900  7.057  10.760 0.2222220004
142218  -54.103  4.781  10.827 0.3333329856
143697  -53.687  5.309  10.431 0.2222220004
143714  -54.381  5.504  10.324 0.2222220004
146616  -54.953  6.466  9.922 0.2222220004
149367  -56.676  7.624  11.313 0.2222220004
146617  -55.592  6.722  10.408 0.2222220004
147990  -55.941  7.480  10.422 0.2222220004
149376  -56.457  7.746  10.960 0.2222220004
146604  -57.368  6.944  10.632 0.2222220004
148007  -55.668  7.597  9.854 0.2222220004
149393  -56.324  8.004  10.341 0.3333329856
149394  -56.952  8.053  10.295 0.2222220004
146618  -57.146  6.851  9.993 0.2222220004
145218  -56.904  6.118  9.816 0.3333329856
146633  -56.923  6.772  9.477 0.3333329856
146615  -54.303  6.499  9.620 0.3333329856
146629  -54.794  7.005  9.491 0.3333329856
148006  -55.259  7.551  9.365 0.4444440007
149413  -56.506  8.370  9.702 0.3333329856
145226  -56.805  6.436  9.419 0.3333329856
148008  -56.819  7.050  9.209 0.4444440007
146632  -56.713  6.730  9.162 0.4444440007
146628  -54.230  7.065  9.377 0.4444440007
149412  -55.804  8.265  9.414 0.3333329856
150756  -56.602  8.517  9.344 0.4444440007
149427  -56.669  7.663  8.774 0.4444440007
146647  -56.523  6.681  8.701 0.4444440007
145237  -56.428  6.002  8.547 0.3333329856
146661  -56.523  6.628  8.047 0.3333329856
145251  -56.521  5.907  7.858 0.3333329856
146662  -56.781  6.563  7.388 0.4444440007
148005  -54.576  7.554  9.154 0.4444440007
149426  -55.693  8.710  8.942 0.4444440007
150770  -56.595  8.640  8.960 0.4444440007
149440  -56.605  7.661  8.537 0.4444440007
148033  -56.548  7.270  8.291 0.4444440007
149441  -56.554  8.015  8.006 0.4444440007
148034  -56.668  7.311  7.620 0.4444440007
150784  -56.468  8.858  8.263 0.3333329856
149454  -56.686  8.052  7.199 0.3333329856
104705  -27.904  -15.765  36.782 0.2222220004
116381  -34.861  -10.855  31.000 0.4444440007
113343  -34.426  -11.516  29.790 0.5555559993
113323  -35.503  -11.481  30.617 0.4444440007
113348  -38.405  -11.963  29.796 0.1111110002
113347  -37.515  -12.164  29.815 0.2222220004
139303  -53.155  3.105  12.962 0.3333329856
142211  -54.683  4.403  11.586 0.2222220004
142219  -54.485  4.566  11.102 0.3333329856
145214  -54.425  5.956  10.015 0.3333329856
149411  -55.042  8.073  8.901 0.4444440007
149425  -55.373  8.601  8.744 0.4444440007
150798  -56.532  8.885  7.401 0.3333329856
139302  -52.385  2.934  13.186 0.2222220004
97357  -36.504  -20.725  39.783 0.1111110002
114932  -39.792  -11.172  27.714 0.2222220004
139258  -49.661  2.817  15.652 0.3333329856
139276  -49.810  2.747  14.941 0.3333329856
139300  -50.871  2.782  13.338 0.3333329856
114834  -36.497  -11.295  31.847 0.2222220004
113326  -37.326  -11.943  30.589 0.2222220004
113308  -38.531  -11.798  31.327 0.2222220004
113328  -38.918  -11.804  30.606 0.2222220004
143715  -54.665  5.377  10.620 0.2222220004
146603  -56.231  6.990  11.479 0.2222220004
149377  -56.855  7.836  10.950 0.2222220004
146630  -55.356  7.071  9.815 0.3333329856
147992  -57.153  7.519  10.123 0.2222220004
149414  -56.918  8.182  9.503 0.4444440007
149428  -56.668  8.022  8.801 0.4444440007
150754  -55.925  8.828  8.990 0.4444440007
150769  -56.173  9.120  8.627 0.3333329856
148045  -57.064  7.322  6.906 0.3333329856
78085  -10.831  -31.558  58.035 0.1111110002
83547  -7.356  -27.740  51.558 0.1111110002
94196  -34.225  -21.956  41.101 0.1111110002
94194  -33.030  -22.109  41.129 0.1111110002
111561  -20.124  -12.666  39.391 0.2222220004
95840  -34.468  -21.329  39.407 0.1111110002
111548  -21.003  -12.210  40.368 0.1111110002
111576  -21.444  -12.291  39.149 0.2222220004
111533  -21.156  -12.001  41.141 0.1111110002
113024  -21.274  -11.620  44.964 0.1111110002
113025  -21.971  -11.669  44.747 0.1111110002
111484  -22.556  -11.894  43.363 0.1111110002
111483  -21.929  -11.795  43.178 0.1111110002
113042  -21.536  -11.693  43.650 0.1111110002
111500  -22.328  -11.856  42.635 0.1111110002
111516  -21.358  -11.839  41.920 0.1111110002
111518  -22.741  -11.921  41.926 0.1111110002
111550  -22.562  -11.926  40.582 0.1111110002
111551  -23.121  -12.209  40.748 0.1111110002
111577  -22.211  -12.228  39.243 0.1111110002
111565  -23.024  -12.293  40.075 0.1111110002
111501  -22.993  -12.074  42.773 0.1111110002
111519  -23.436  -12.251  42.166 0.1111110002
111566  -23.395  -12.373  40.461 0.1111110002
110075  -23.800  -12.546  40.113 0.1111110002
106102  -31.952  -15.118  36.566 0.1111110002
107444  -31.815  -14.655  37.136 0.1111110002
103395  -30.742  -16.756  34.767 0.2222220004
103379  -31.383  -16.298  35.153 0.1111110002
116296  -36.491  -10.105  34.589 0.1111110002
116298  -37.862  -10.542  34.642 0.1111110002
116312  -36.496  -10.244  33.833 0.1111110002
116285  -37.683  -10.430  34.787 0.1111110002
103376  -30.007  -16.821  35.897 0.1111110002
116315  -38.572  -10.988  34.293 0.1111110002
116313  -37.304  -10.594  33.838 0.1111110002
116314  -38.080  -10.801  34.159 0.1111110002
116328  -37.180  -10.819  33.113 0.1111110002
114793  -38.302  -11.134  33.733 0.1111110002
114794  -38.792  -11.332  34.005 0.1111110002
114779  -39.437  -11.370  34.890 0.1111110002
113208  -39.264  -11.530  34.289 0.1111110002
114812  -38.617  -11.496  33.353 0.1111110002
114792  -37.748  -10.922  33.444 0.1111110002
111666  -40.291  -11.982  34.078 0.1111110002
113230  -39.682  -11.766  33.942 0.1111110002
113209  -39.730  -11.687  34.511 0.1111110002
113229  -39.164  -11.639  33.642 0.1111110002
114811  -38.039  -11.331  33.085 0.1111110002
111648  -41.166  -12.210  34.556 0.1111110002
113254  -39.064  -11.759  32.932 0.1111110002
113253  -38.404  -11.666  32.656 0.1111110002
113212  -42.749  -11.801  34.745 0.1111110002
111686  -41.022  -12.059  33.278 0.1111110002
111667  -40.817  -12.168  33.981 0.1111110002
111684  -40.021  -11.896  33.662 0.1111110002
128320  -44.468  -3.901  21.241 0.1111110002
128349  -45.339  -3.424  20.573 0.1111110002
111668  -41.443  -12.199  33.895 0.1111110002
113258  -42.460  -11.509  33.343 0.1111110002
111706  -40.061  -11.894  33.169 0.1111110002
111687  -41.644  -12.065  33.285 0.1111110002
113284  -39.757  -11.836  32.462 0.1111110002
129745  -46.210  -2.641  19.886 0.1111110002
133699  -48.373  -0.253  19.522 0.1111110002
135018  -48.213  0.387  18.925 0.1111110002
133698  -47.868  -0.460  19.306 0.1111110002
131017  -47.171  -1.832  19.726 0.1111110002
132307  -47.694  -1.140  19.604 0.1111110002
135003  -48.586  0.324  19.336 0.1111110002
136403  -48.463  0.942  18.629 0.1111110002
136404  -49.017  1.121  18.963 0.1111110002
131016  -46.586  -2.095  19.482 0.1111110002
133712  -47.478  -0.380  18.907 0.1111110002
137846  -49.252  1.515  18.731 0.1111110002
132306  -47.092  -1.438  19.348 0.1111110002
132321  -47.218  -0.984  19.211 0.1111110002
129744  -45.834  -2.647  19.468 0.1111110002
139216  -50.258  2.341  18.620 0.1111110002
140737  -50.712  2.915  18.459 0.1111110002
137862  -49.126  1.577  18.425 0.1111110002
139215  -49.787  2.085  18.386 0.1111110002
140745  -50.641  3.310  17.953 0.1111110002
139225  -50.154  2.781  17.999 0.1111110002
133731  -47.122  -0.329  18.466 0.1111110002
135036  -47.849  0.406  18.501 0.1111110002
139224  -49.743  2.325  18.052 0.1111110002
137863  -49.435  1.925  18.153 0.1111110002
140746  -51.143  3.838  17.842 0.1111110002
131027  -45.753  -2.128  18.766 0.1111110002
142129  -51.669  4.051  18.313 0.1111110002
129760  -45.468  -2.649  19.094 0.1111110002
132319  -46.198  -1.513  18.625 0.1111110002
140754  -50.579  3.474  17.214 0.1111110002
140755  -51.302  3.907  17.127 0.1111110002
131044  -45.499  -1.982  18.376 0.2222220004
133730  -46.621  -0.546  18.174 0.2222220004
135035  -47.429  0.139  18.166 0.1111110002
136435  -48.434  1.216  17.903 0.1111110002
137873  -49.390  2.118  17.771 0.1111110002
139233  -49.489  2.506  17.347 0.1111110002
140768  -51.712  3.751  16.564 0.1111110002
140753  -49.993  3.065  17.032 0.1111110002
140767  -50.848  3.354  16.415 0.1111110002
142160  -52.115  4.040  16.715 0.1111110002
142162  -52.844  4.159  16.875 0.1111110002
133729  -46.138  -0.796  17.856 0.2222220004
136453  -47.761  1.025  17.143 0.1111110002
137884  -48.691  1.864  16.989 0.2222220004
140769  -52.307  3.774  16.480 0.1111110002
140770  -52.994  3.655  16.477 0.1111110002
140771  -53.899  3.243  16.073 0.1111110002
132355  -45.532  -1.360  17.711 0.2222220004
139243  -50.157  3.043  16.165 0.1111110002
140781  -51.393  3.280  16.011 0.1111110002
140757  -53.632  3.809  16.794 0.1111110002
140772  -54.868  3.492  16.038 0.1111110002
145152  -56.670  5.449  16.196 0.1111110002
145153  -57.145  5.778  16.001 0.1111110002
137883  -48.107  1.533  16.778 0.2222220004
139241  -48.792  2.168  16.537 0.2222220004
139242  -49.583  2.829  16.446 0.1111110002
143647  -56.370  5.032  16.441 0.1111110002
139259  -50.435  2.954  15.653 0.1111110002
139262  -52.631  3.136  15.745 0.1111110002
140773  -55.555  3.909  16.081 0.1111110002
145148  -57.455  5.361  16.577 0.1111110002
145159  -56.736  5.787  15.314 0.1111110002
140784  -53.991  3.010  15.406 0.1111110002
142169  -55.873  4.241  15.459 0.1111110002
139260  -51.055  2.946  15.500 0.1111110002
139261  -51.742  3.014  15.539 0.1111110002
139280  -52.812  2.879  14.729 0.1111110002
140785  -54.620  3.182  15.111 0.1111110002
142185  -56.032  4.661  14.375 0.1111110002
143671  -56.203  5.301  13.597 0.1111110002
145173  -56.414  5.806  13.860 0.1111110002
139279  -52.034  2.783  14.850 0.1111110002
139281  -53.537  2.911  14.486 0.1111110002
140795  -54.793  3.382  14.125 0.1111110002
142184  -55.720  4.362  13.960 0.1111110002
139293  -52.989  2.911  13.839 0.1111110002
139294  -53.783  3.040  13.631 0.1111110002
140806  -54.756  3.583  13.438 0.1111110002
142193  -55.495  4.408  13.145 0.1111110002
143679  -56.114  5.261  13.142 0.1111110002
146578  -56.679  6.459  13.401 0.1111110002
145180  -56.086  5.547  12.573 0.1111110002
139277  -50.535  2.765  14.899 0.2222220004
139289  -49.964  2.739  14.234 0.2222220004
139290  -50.690  2.659  14.152 0.2222220004
139292  -52.235  2.760  14.004 0.1111110002
139295  -54.390  3.234  13.733 0.1111110002
140818  -54.691  3.792  12.770 0.2222220004
142192  -55.115  4.185  12.747 0.1111110002
140805  -54.269  3.381  13.179 0.1111110002
143678  -55.883  5.143  12.691 0.1111110002
145186  -55.964  5.773  12.160 0.1111110002
142202  -55.371  4.582  12.426 0.1111110002
143700  -55.270  5.150  11.409 0.1111110002
146592  -56.229  6.572  11.957 0.1111110002
143716  -56.587  5.555  9.728 0.1111110002
139301  -51.655  2.793  13.322 0.2222220004
143687  -55.124  4.830  11.537 0.1111110002
146602  -55.933  6.602  11.152 0.1111110002
145128  -45.408  6.470  18.269 0.1111110002
145127  -45.026  6.378  17.949 0.1111110002
146542  -45.165  6.625  17.717 0.1111110002
143725  -56.364  5.394  9.082 0.2222220004
146543  -45.648  6.917  17.869 0.1111110002
147923  -46.230  7.527  17.625 0.1111110002
149337  -47.022  8.301  17.208 0.1111110002
149341  -47.346  8.580  16.601 0.1111110002
150693  -48.232  9.344  16.744 0.1111110002
150698  -48.765  9.609  16.078 0.1111110002
151999  -49.328  10.046  16.390 0.1111110002
147928  -46.523  7.921  17.156 0.1111110002
149344  -47.359  8.450  15.728 0.1111110002
147931  -46.361  7.892  16.483 0.1111110002
147934  -46.435  7.776  15.727 0.1111110002
150696  -47.600  8.828  16.204 0.1111110002
152006  -49.418  9.806  15.568 0.1111110002
149390  -52.512  8.432  10.334 0.2222220004
147966  -51.843  7.711  11.210 0.2222220004
146677  -57.774  6.524  6.276 0.1111110002
146676  -57.300  6.393  6.832 0.2222220004
150740  -52.772  9.123  9.927 0.2222220004
148046  -57.467  7.010  6.450 0.1111110002
152102  -53.279  10.053  8.785 0.1111110002
152103  -53.921  10.156  8.140 0.1111110002
150752  -53.332  9.131  9.134 0.1111110002
150813  -56.631  8.555  6.913 0.1111110002
149467  -56.886  8.234  6.500 0.1111110002
148057  -57.278  7.562  6.239 0.1111110002
146687  -57.926  6.608  5.738 0.1111110002
145282  -58.038  5.983  5.955 0.1111110002
148058  -57.679  7.137  5.930 0.1111110002
143787  -58.520  5.541  5.119 0.1111110002
142152  -54.849  4.113  17.246 0.1111110002
143648  -57.881  4.954  16.030 0.1111110002
142149  -52.653  4.588  17.144 0.1111110002
142154  -56.180  4.702  16.629 0.1111110002
142153  -55.772  4.316  16.839 0.1111110002
146570  -57.116  6.467  14.063 0.1111110002
146562  -57.405  6.265  14.521 0.1111110002
146579  -57.245  6.781  13.420 0.1111110002
145116  -44.825  6.033  18.246 0.1111110002
103417  -30.342  -16.869  34.012 0.2222220004
103378  -31.167  -16.534  35.372 0.1111110002
111564  -22.334  -11.992  39.938 0.1111110002
111562  -20.867  -12.375  39.620 0.1111110002
107473  -31.360  -14.741  36.025 0.1111110002
147930  -45.859  7.492  16.333 0.1111110002
150783  -56.322  9.311  8.344 0.2222220004
152131  -56.436  9.357  7.853 0.2222220004
147976  -52.251  7.727  10.680 0.3333329856
104724  -31.819  -15.721  36.116 0.1111110002
107458  -31.570  -14.708  36.429 0.1111110002
136421  -47.767  0.659  17.839 0.1111110002
131026  -45.339  -2.220  18.517 0.2222220004
135034  -46.974  -0.088  17.840 0.1111110002
94223  -33.220  -21.930  40.325 0.1111110002
95839  -33.804  -21.518  39.405 0.1111110002
94224  -33.907  -21.897  40.469 0.1111110002
139240  -48.255  1.949  16.305 0.2222220004
78086  -11.057  -30.948  58.458 0.1111110002
149345  -47.966  8.844  15.424 0.1111110002
113309  -39.336  -11.769  31.469 0.1111110002
142201  -54.906  4.241  12.261 0.2222220004
145200  -55.506  5.686  11.258 0.1111110002
139291  -51.465  2.654  14.085 0.1111110002
95815  -34.200  -21.668  39.984 0.1111110002
94195  -33.631  -22.073  40.956 0.1111110002
111549  -21.772  -11.925  40.502 0.1111110002
111534  -22.048  -11.770  41.281 0.1111110002
113043  -22.130  -11.777  43.725 0.1111110002
111467  -23.565  -12.140  44.342 0.1111110002
111536  -23.263  -12.214  41.402 0.1111110002
104709  -32.151  -15.707  36.824 0.1111110002
106088  -32.205  -15.132  37.367 0.1111110002
113232  -42.133  -11.963  33.743 0.1111110002
111707  -40.457  -11.922  32.887 0.1111110002
135017  -47.728  0.166  18.633 0.1111110002
132320  -46.733  -1.133  18.877 0.1111110002
137872  -48.811  1.698  17.589 0.1111110002
139234  -50.138  3.091  17.521 0.1111110002
132337  -46.320  -1.114  18.477 0.2222220004
137871  -48.377  1.427  17.271 0.2222220004
139232  -48.988  2.041  17.094 0.2222220004
140766  -50.213  3.227  16.641 0.1111110002
139245  -53.178  3.197  15.996 0.1111110002
140780  -50.938  3.126  15.909 0.1111110002
142170  -56.172  4.740  15.605 0.1111110002
142163  -55.938  4.361  16.051 0.1111110002
140786  -55.390  3.723  15.326 0.1111110002
142177  -56.121  4.709  14.937 0.1111110002
143657  -56.338  5.265  15.113 0.1111110002
139263  -53.429  2.965  15.371 0.1111110002
139264  -53.966  2.964  14.955 0.1111110002
142176  -55.782  4.207  14.750 0.1111110002
140796  -55.327  3.711  14.482 0.1111110002
139278  -51.257  2.746  14.854 0.2222220004
139282  -54.210  3.035  14.338 0.1111110002
143664  -56.249  5.211  14.346 0.1111110002
143663  -56.087  4.866  13.924 0.1111110002
143670  -55.965  4.867  13.395 0.1111110002
143688  -55.505  5.083  11.889 0.1111110002
146591  -55.916  6.174  11.629 0.1111110002
149340  -46.868  8.249  16.543 0.1111110002
150697  -48.075  9.111  15.874 0.1111110002
150694  -48.744  9.741  16.980 0.1111110002
149375  -52.094  8.456  10.968 0.2222220004
145270  -57.700  5.828  6.540 0.1111110002
123760  -37.632  -5.578  29.856 0.1111110002
123759  -36.864  -5.599  29.760 0.1111110002
123777  -38.086  -5.583  29.319 0.1111110002
123778  -38.879  -5.288  29.552 0.1111110002
123758  -36.055  -5.574  29.751 0.1111110002
123775  -36.399  -5.873  29.112 0.1111110002
123776  -37.257  -5.739  29.165 0.1111110002
123774  -35.474  -5.776  29.121 0.1111110002
123799  -36.793  -5.749  28.452 0.1111110002
123798  -35.923  -5.941  28.359 0.1111110002
123746  -38.615  -5.245  30.649 0.1111110002
125245  -38.957  -4.976  31.187 0.1111110002
123748  -39.155  -4.577  30.520 0.1111110002
123761  -38.376  -5.489  30.028 0.1111110002
125263  -37.263  -5.348  30.307 0.1111110002
123745  -37.912  -5.361  30.546 0.1111110002
125262  -36.567  -5.184  30.349 0.1111110002
125244  -38.261  -5.092  31.245 0.1111110002
125242  -36.256  -4.743  31.120 0.1111110002
125243  -37.309  -4.992  31.095 0.1111110002
125225  -37.959  -4.749  32.010 0.1111110002
106042  -28.354  -15.651  39.660 0.1111110002
125187  -30.109  -5.339  33.732 0.1111110002
125153  -31.485  -5.026  35.105 0.1111110002
125173  -31.617  -4.671  34.094 0.1111110002
125188  -30.755  -4.836  33.320 0.1111110002
125142  -32.960  -4.520  35.711 0.1111110002
125154  -32.408  -4.581  34.895 0.1111110002
125189  -31.550  -4.474  33.261 0.1111110002
126632  -31.266  -4.445  32.583 0.1111110002
126605  -32.192  -4.340  33.475 0.1111110002
139398  -56.573  3.100  8.909 0.1111110002
140873  -56.326  3.817  8.607 0.2222220004
140881  -56.549  3.763  7.973 0.2222220004
143734  -56.362  5.248  8.375 0.2222220004
147951  -50.169  7.922  12.820 0.2222220004
149362  -50.948  8.334  12.461 0.1111110002
149365  -51.683  8.409  11.600 0.1111110002
150739  -52.390  9.258  10.598 0.1111110002
152082  -52.589  9.602  10.104 0.1111110002
147959  -51.016  7.840  12.147 0.1111110002
147965  -51.359  7.613  11.730 0.1111110002
140882  -56.930  3.668  7.369 0.2222220004
143741  -56.575  5.164  7.691 0.2222220004
142265  -56.692  4.427  7.509 0.2222220004
126633  -31.982  -4.223  32.763 0.1111110002
150726  -52.039  9.171  11.411 0.1111110002
123706  -29.889  -5.725  34.236 0.1111110002
125172  -30.624  -5.310  34.418 0.1111110002
125174  -32.418  -4.371  34.108 0.1111110002
139415  -56.534  3.378  8.367 0.1111110002
142258  -56.400  4.486  8.171 0.2222220004
138037  -57.408  2.298  7.704 0.1111110002
149364  -51.322  8.334  12.114 0.1111110002
82299  -7.697  -28.585  50.351 0.1111110002
83557  -7.593  -27.768  50.554 0.1111110002
83556  -7.489  -27.676  51.019 0.1111110002
94082  -17.695  -22.366  44.827 0.1111110002
94060  -18.015  -21.639  45.178 0.1111110002
97266  -18.595  -20.587  45.167 0.1111110002
94083  -18.081  -21.818  44.244 0.1111110002
95700  -18.869  -20.606  44.250 0.1111110002
95717  -18.511  -21.394  43.670 0.1111110002
95718  -18.856  -20.868  43.785 0.1111110002
95751  -18.567  -21.666  42.445 0.1111110002
95734  -18.902  -21.149  43.097 0.1111110002
98712  -11.187  -19.306  46.233 0.1111110002
98726  -11.300  -19.575  45.690 0.2222220004
100315  -12.042  -18.503  44.862 0.2222220004
101840  -12.390  -18.509  44.161 0.2222220004
100340  -12.763  -18.522  43.383 0.2222220004
101833  -12.349  -18.048  44.566 0.1111110002
103242  -13.143  -17.196  43.347 0.2222220004
103243  -13.534  -16.978  42.836 0.2222220004
104581  -13.807  -16.151  43.289 0.2222220004
108679  -16.964  -13.695  42.174 0.1111110002
111495  -18.346  -12.626  42.788 0.1111110002
110024  -18.517  -12.910  41.966 0.1111110002
110022  -17.207  -13.591  42.078 0.1111110002
108692  -17.550  -13.693  41.518 0.1111110002
110041  -18.220  -13.289  41.313 0.1111110002
111514  -19.499  -12.461  41.683 0.1111110002
111532  -20.326  -12.282  40.980 0.1111110002
103377  -30.661  -16.844  35.590 0.1111110002
116224  -29.890  -10.070  39.010 0.1111110002
113401  -39.364  -11.398  28.074 0.1111110002
116436  -42.318  -9.977  27.915 0.1111110002
116447  -42.045  -10.050  27.225 0.1111110002
117913  -43.157  -9.545  27.911 0.1111110002
117939  -42.790  -9.747  26.392 0.1111110002
135245  -59.536  0.699  3.830 0.1111110002
133935  -58.992  -0.045  2.768 0.1111110002
132539  -59.396  -0.494  3.187 0.1111110002
133934  -58.202  -0.236  2.765 0.1111110002
135251  -58.460  0.528  2.788 0.1111110002
136678  -58.547  1.177  2.739 0.1111110002
135253  -59.464  1.066  3.165 0.1111110002
136665  -59.335  1.288  4.396 0.1111110002
149349  -48.736  8.823  14.627 0.1111110002
149352  -47.898  8.090  14.342 0.1111110002
149353  -48.811  8.430  14.060 0.1111110002
149357  -48.973  8.023  13.521 0.1111110002
149358  -49.382  8.206  13.434 0.1111110002
139432  -57.279  2.882  7.187 0.1111110002
142266  -57.159  4.410  6.978 0.1111110002
140889  -57.367  3.679  6.744 0.1111110002
138051  -58.326  1.999  6.014 0.1111110002
136664  -59.040  1.480  4.934 0.1111110002
138063  -58.795  2.061  5.171 0.1111110002
136680  -59.469  1.751  3.061 0.1111110002
136679  -59.087  1.408  2.679 0.1111110002
150706  -49.411  9.063  14.387 0.1111110002
149359  -50.128  8.459  13.290 0.1111110002
145252  -56.880  5.800  7.282 0.1111110002
142271  -57.688  4.457  6.509 0.1111110002
140890  -57.886  3.748  6.216 0.1111110002
139450  -58.097  2.982  5.990 0.1111110002
138077  -59.120  2.018  4.590 0.1111110002
138078  -59.398  2.039  4.120 0.1111110002
136672  -59.492  1.515  3.687 0.1111110002
138085  -59.548  2.218  3.536 0.1111110002
145269  -57.275  5.652  6.913 0.1111110002
140897  -58.463  3.861  5.645 0.1111110002
139451  -58.574  2.902  5.385 0.1111110002
139490  -59.260  2.410  4.359 0.1111110002
142282  -58.614  4.675  5.623 0.1111110002
100314  -11.716  -18.913  45.195 0.2222220004
100328  -12.030  -18.952  44.472 0.2222220004
101852  -13.269  -18.131  42.422 0.2222220004
103251  -13.742  -17.296  42.254 0.2222220004
110025  -18.976  -12.730  41.708 0.1111110002
113376  -38.590  -11.799  28.938 0.1111110002
97292  -19.198  -20.700  43.180 0.1111110002
143754  -57.961  5.226  6.271 0.1111110002
143753  -57.487  5.115  6.753 0.1111110002
149348  -48.171  8.675  14.894 0.1111110002
95699  -18.522  -20.999  44.596 0.1111110002
101819  -11.881  -17.875  45.641 0.2222220004
110009  -17.950  -12.951  42.585 0.1111110002
111496  -18.932  -12.504  42.520 0.1111110002
133936  -59.486  0.271  3.207 0.1111110002
135252  -59.054  0.733  2.800 0.1111110002
150705  -48.989  8.894  14.530 0.1111110002
139433  -57.671  2.937  6.530 0.1111110002
143742  -56.993  5.098  7.170 0.1111110002
138050  -57.945  2.458  6.351 0.1111110002
136654  -58.879  1.160  5.573 0.1111110002
142272  -58.214  4.557  6.033 0.1111110002
101827  -12.027  -18.105  45.181 0.1111110002
103238  -12.877  -17.096  44.045 0.1111110002
104580  -13.399  -16.341  43.749 0.1111110002
101834  -12.604  -17.567  44.275 0.1111110002
68354  -9.514  -35.618  57.288 0.2222220004
68369  -8.857  -35.677  56.200 0.2222220004
69701  -9.661  -34.936  57.837 0.1111110002
69711  -8.774  -35.310  56.309 0.2222220004
69712  -9.106  -35.386  56.753 0.2222220004
69721  -8.312  -35.483  55.829 0.2222220004
69729  -7.070  -35.256  54.851 0.3333329856
69731  -7.984  -35.605  55.463 0.2222220004
69744  -7.079  -35.094  53.981 0.1111110002
69745  -7.346  -35.476  53.847 0.1111110002
71080  -9.817  -34.454  57.873 0.1111110002
71081  -9.935  -34.522  58.355 0.1111110002
71088  -8.155  -34.866  55.677 0.4444440007
71090  -9.247  -34.742  56.575 0.2222220004
71100  -8.826  -34.847  56.035 0.4444440007
71109  -6.374  -34.433  54.818 0.2222220004
71110  -6.748  -35.024  55.013 0.3333329856
71116  -6.688  -34.819  54.548 0.2222220004
71122  -6.456  -34.209  53.947 0.1111110002
72399  -10.198  -33.804  58.540 0.1111110002
72400  -10.445  -33.820  58.914 0.1111110002
72404  -9.940  -34.086  58.508 0.1111110002
72408  -10.009  -33.881  57.353 0.2222220004
72411  -8.391  -34.794  55.730 0.4444440007
72412  -8.621  -34.850  55.909 0.4444440007
72421  -7.145  -34.312  55.423 0.3333329856
72423  -8.654  -34.623  55.733 0.4444440007
72424  -9.315  -34.412  56.196 0.4444440007
72432  -6.338  -33.984  55.008 0.2222220004
72433  -7.780  -33.783  54.897 0.3333329856
72442  -6.282  -33.891  54.446 0.2222220004
72444  -8.144  -33.633  54.456 0.5555559993
72453  -6.311  -33.864  53.989 0.2222220004
72454  -6.443  -33.948  53.609 0.2222220004
72456  -8.642  -33.652  53.955 0.5555559993
72457  -9.342  -33.868  54.217 0.5555559993
72465  -9.122  -33.691  53.665 0.5555559993
73802  -10.697  -33.388  58.980 0.1111110002
73806  -10.178  -33.452  58.179 0.2222220004
73810  -10.189  -33.451  57.687 0.2222220004
73813  -10.138  -33.603  57.189 0.2222220004
73820  -6.885  -33.796  55.362 0.2222220004
73830  -6.678  -33.646  55.039 0.2222220004
73832  -7.438  -33.273  54.656 0.4444440007
73842  -7.720  -33.119  54.278 0.6666669846
73843  -8.031  -33.244  54.067 0.6666669846
73855  -8.607  -33.405  53.483 0.5555559993
73876  -10.112  -33.080  52.684 0.6666669846
73883  -6.200  -32.815  52.179 0.1111110002
73885  -9.763  -32.864  52.074 0.6666669846
75153  -10.722  -33.011  58.933 0.1111110002
75162  -10.262  -33.014  58.160 0.2222220004
75166  -10.439  -32.948  57.442 0.3333329856
75173  -10.707  -32.515  56.302 0.3333329856
75182  -7.102  -32.748  54.367 0.4444440007
75184  -10.527  -32.910  56.133 0.3333329856
75185  -10.748  -32.619  55.679 0.3333329856
75192  -7.277  -32.430  54.113 0.4444440007
75201  -8.077  -32.785  53.071 0.7777780294
75206  -5.923  -32.032  52.909 0.1111110002
75207  -5.998  -32.308  52.703 0.1111110002
75209  -8.244  -32.710  52.646 0.6666669846
75210  -10.940  -32.500  53.284 0.6666669846
75218  -10.430  -32.775  52.394 0.6666669846
75228  -10.927  -32.130  51.786 0.6666669846
75234  -6.630  -32.715  50.491 0.1111110002
76608  -10.719  -32.223  57.168 0.1111110002
76609  -10.888  -31.908  56.827 0.1111110002
76616  -10.767  -32.281  56.669 0.1111110002
76625  -6.622  -32.255  54.074 0.2222220004
76628  -11.339  -31.575  54.960 0.1111110002
76635  -7.256  -32.066  53.790 0.5555559993
76643  -5.937  -31.650  53.149 0.1111110002
76644  -5.994  -31.758  53.194 0.2222220004
76646  -11.242  -32.036  53.839 0.4444440007
76662  -5.712  -31.139  51.805 0.1111110002
76665  -8.114  -31.969  51.934 0.7777780294
76666  -11.286  -31.864  52.344 0.6666669846
76697  -8.669  -31.364  50.129 0.7777780294
76706  -8.987  -31.130  49.541 0.8888890147
76707  -9.367  -31.223  49.495 0.8888890147
78089  -10.855  -31.669  57.454 0.1111110002
78110  -6.892  -32.012  53.943 0.3333329856
78129  -7.126  -31.638  53.402 0.3333329856
78136  -5.751  -31.416  51.813 0.1111110002
78137  -7.041  -30.921  52.936 0.4444440007
78139  -11.799  -30.900  52.693 0.6666669846
78143  -5.589  -30.783  51.703 0.1111110002
78145  -7.560  -31.071  52.328 0.5555559993
78153  -5.643  -30.690  51.117 0.1111110002
78156  -7.931  -30.891  51.450 0.5555559993
78157  -11.748  -30.832  51.366 0.7777780294
78164  -5.638  -30.284  50.553 0.1111110002
78168  -11.582  -30.897  50.739 0.7777780294
78173  -5.684  -30.094  50.254 0.1111110002
78175  -8.436  -30.896  50.017 0.8888890147
78176  -8.762  -31.083  49.634 0.8888890147
78188  -9.684  -30.929  49.105 0.8888890147
78198  -8.893  -30.284  48.803 0.8888890147
79614  -11.481  -30.835  56.535 0.1111110002
79615  -11.729  -30.408  56.205 0.1111110002
79630  -11.870  -30.279  54.654 0.1111110002
79631  -12.044  -29.936  54.234 0.4444440007
79638  -6.988  -30.589  52.672 0.4444440007
79647  -7.166  -30.484  52.424 0.3333329856
79650  -12.208  -29.881  52.905 0.6666669846
79658  -7.229  -30.127  52.194 0.3333329856
79659  -7.454  -30.239  51.980 0.4444440007
79681  -12.275  -29.963  50.797 0.5555559993
79700  -5.561  -29.488  49.864 0.1111110002
79702  -8.322  -29.939  49.447 0.7777780294
79713  -6.064  -29.826  48.770 0.1111110002
79727  -10.464  -29.751  48.014 0.8888890147
80972  -12.082  -29.821  54.588 0.1111110002
81014  -12.758  -29.145  51.051 0.4444440007
81024  -12.929  -29.007  50.546 0.3333329856
81047  -8.668  -29.450  48.747 0.7777780294
81048  -12.432  -29.293  49.024 0.7777780294
81058  -8.514  -28.960  48.742 0.7777780294
81060  -9.525  -29.319  48.085 0.7777780294
81061  -11.711  -29.522  48.192 0.7777780294
82242  -6.195  -29.683  52.636 0.2222220004
82244  -13.183  -27.954  54.753 0.1111110002
82264  -12.772  -28.854  52.905 0.2222220004
82285  -5.090  -28.732  51.043 0.1111110002
82287  -7.676  -29.022  50.647 0.4444440007
82298  -7.554  -28.155  50.740 0.1111110002
82330  -12.486  -28.850  47.977 0.7777780294
82339  -11.721  -28.802  47.345 0.7777780294
82341  -12.653  -28.533  47.752 0.7777780294
82349  -11.896  -28.517  47.091 0.7777780294
83558  -13.433  -27.950  50.921 0.2222220004
83576  -8.606  -27.784  48.253 0.5555559993
83592  -9.203  -27.451  47.338 0.7777780294
84852  -7.619  -27.394  50.369 0.1111110002
84891  -13.759  -27.058  46.275 0.7777780294
86276  -8.424  -25.986  48.289 0.2222220004
86277  -8.508  -25.606  48.057 0.2222220004
86284  -8.542  -26.356  47.925 0.2222220004
86293  -14.088  -26.669  46.059 0.6666669846
87774  -9.425  -25.033  46.060 0.4444440007
87812  -14.803  -24.997  44.363 0.6666669846
89349  -10.464  -24.137  44.520 0.6666669846
89352  -15.120  -24.719  44.283 0.6666669846
89399  -14.814  -24.092  43.058 0.6666669846
90866  -16.433  -22.948  47.836 0.1111110002
90888  -9.543  -23.273  46.313 0.4444440007
90899  -9.319  -24.111  46.158 0.4444440007
90929  -15.795  -24.118  43.951 0.5555559993
90942  -10.853  -23.190  44.025 0.6666669846
90946  -15.523  -24.020  43.403 0.6666669846
90964  -15.400  -23.696  42.796 0.6666669846
90982  -13.386  -22.817  42.253 0.7777780294
92390  -16.176  -23.020  48.663 0.1111110002
92408  -9.460  -22.419  47.309 0.3333329856
92468  -10.497  -22.445  44.835 0.5555559993
92522  -29.951  -22.679  43.587 0.1111110002
92530  -11.895  -22.366  43.059 0.6666669846
93998  -9.432  -22.299  47.544 0.1111110002
94018  -17.395  -21.755  47.143 0.1111110002
94037  -10.588  -21.754  45.187 0.5555559993
94057  -10.469  -22.220  45.101 0.4444440007
94080  -10.958  -22.066  44.185 0.5555559993
94107  -11.572  -21.948  43.443 0.6666669846
94108  -11.841  -21.669  43.202 0.6666669846
94220  -31.066  -22.034  40.555 0.2222220004
94225  -34.445  -21.795  40.547 0.1111110002
94241  -32.668  -21.845  39.872 0.2222220004
94256  -30.270  -21.771  39.215 0.2222220004
94258  -31.513  -21.782  39.310 0.2222220004
94271  -28.015  -21.856  38.420 0.2222220004
94272  -28.684  -21.727  38.402 0.2222220004
94284  -26.476  -21.685  37.688 0.4444440007
94285  -27.059  -21.849  37.746 0.4444440007
94286  -27.762  -21.836  37.710 0.4444440007
94294  -26.401  -21.595  37.257 0.4444440007
95584  -9.382  -21.191  49.495 0.1111110002
95585  -9.635  -20.788  49.016 0.1111110002
95599  -9.521  -21.215  48.876 0.1111110002
95600  -9.764  -20.910  48.448 0.1111110002
95658  -10.176  -21.207  46.686 0.3333329856
95716  -11.207  -21.324  44.269 0.5555559993
95732  -11.706  -21.336  43.458 0.7777780294
95733  -18.567  -21.594  42.894 0.1111110002
95736  -26.965  -21.268  43.920 0.1111110002
95737  -27.402  -21.418  44.190 0.1111110002
95750  -12.382  -21.275  42.764 0.7777780294
95756  -26.964  -21.454  43.240 0.1111110002
95773  -26.239  -21.350  42.273 0.1111110002
95787  -19.221  -21.181  40.791 0.4444440007
95794  -36.957  -20.968  40.818 0.1111110002
95810  -18.968  -21.215  40.201 0.7777780294
95814  -33.655  -21.744  39.933 0.1111110002
95828  -15.606  -20.460  39.959 0.8888890147
95849  -17.502  -20.571  39.114 0.8888890147
95850  -17.797  -20.717  39.142 0.7777780294
95920  -25.849  -21.182  36.327 0.4444440007
95940  -28.557  -21.528  34.997 0.5555559993
95942  -30.208  -21.113  35.144 0.7777780294
95943  -30.604  -20.913  35.306 0.5555559993
95955  -29.172  -21.294  34.312 0.7777780294
97219  -10.206  -20.555  47.306 0.1111110002
97220  -10.495  -19.972  47.318 0.1111110002
97239  -10.568  -20.405  46.663 0.3333329856
97264  -10.918  -20.837  45.303 0.4444440007
97265  -11.227  -20.452  44.990 0.3333329856
97291  -11.849  -20.847  43.401 0.7777780294
97295  -24.963  -20.305  43.413 0.1111110002
97313  -25.797  -20.821  43.208 0.1111110002
97326  -20.068  -20.407  41.668 0.2222220004
97327  -23.898  -20.141  42.076 0.2222220004
97342  -24.186  -20.232  41.253 0.2222220004
97344  -37.420  -20.586  40.638 0.1111110002
97372  -19.010  -20.931  39.539 0.7777780294
97374  -24.043  -20.071  40.008 0.2222220004
97376  -34.806  -21.076  39.187 0.2222220004
97392  -23.769  -19.828  39.208 0.3333329856
97395  -33.765  -21.057  38.432 0.2222220004
97406  -24.084  -20.176  38.527 0.4444440007
97407  -24.595  -20.535  38.190 0.4444440007
97408  -33.040  -20.906  37.675 0.3333329856
97419  -24.732  -20.610  37.568 0.3333329856
97420  -32.304  -20.792  36.951 0.4444440007
97430  -24.906  -20.696  36.861 0.4444440007
97432  -31.596  -20.774  36.196 0.4444440007
97436  -34.129  -19.708  36.225 0.5555559993
97445  -30.904  -20.809  35.481 0.5555559993
97449  -33.448  -19.753  35.551 0.4444440007
97461  -25.672  -20.654  35.010 0.8888890147
97462  -26.184  -20.793  34.770 0.7777780294
97463  -29.419  -21.272  34.326 0.7777780294
97480  -27.414  -20.776  33.925 0.7777780294
97487  -32.775  -19.717  34.092 0.5555559993
97510  -28.086  -20.084  32.845 0.7777780294
97511  -28.756  -20.144  32.731 0.7777780294
97515  -31.815  -19.913  32.489 0.7777780294
97516  -32.250  -19.772  32.751 0.7777780294
97529  -30.711  -20.007  32.012 0.8888890147
98725  -10.965  -19.832  46.227 0.1111110002
98768  -11.613  -20.341  44.054 0.4444440007
98786  -23.122  -19.662  42.763 0.1111110002
98812  -14.583  -20.073  40.605 0.7777780294
98824  -14.490  -19.341  40.627 0.7777780294
98829  -23.416  -19.741  40.604 0.3333329856
98831  -37.567  -19.945  39.865 0.1111110002
98844  -23.441  -19.563  40.032 0.3333329856
98845  -23.710  -19.845  40.030 0.4444440007
98848  -37.756  -19.530  39.586 0.2222220004
98880  -19.678  -19.518  38.015 0.7777780294
98881  -23.572  -19.781  38.423 0.5555559993
98884  -35.503  -19.678  37.314 0.3333329856
98886  -36.683  -19.461  37.808 0.3333329856
98894  -23.913  -20.045  37.670 0.6666669846
98895  -34.617  -19.580  36.489 0.4444440007
98897  -35.726  -19.307  37.018 0.3333329856
98911  -23.564  -19.215  36.033 0.6666669846
98951  -25.551  -19.474  33.781 0.8888890147
98957  -33.686  -18.871  33.126 0.5555559993
98976  -29.432  -19.456  31.957 0.8888890147
100301  -11.464  -18.836  45.894 0.2222220004
100327  -11.726  -19.349  44.799 0.2222220004
100378  -14.739  -18.502  40.583 0.6666669846
100388  -14.634  -19.179  40.521 0.7777780294
100443  -37.194  -18.993  37.738 0.3333329856
100451  -18.264  -17.971  37.504 0.8888890147
100509  -25.593  -18.991  33.552 0.8888890147
101811  -10.898  -18.367  47.407 0.1111110002
101826  -11.720  -18.358  45.598 0.2222220004
101841  -12.680  -17.994  43.828 0.2222220004
101894  -38.882  -18.176  39.215 0.1111110002
101906  -21.740  -18.341  37.387 0.6666669846
101923  -37.341  -18.142  37.040 0.2222220004
101939  -23.386  -18.427  35.007 0.8888890147
101941  -36.211  -17.648  35.632 0.2222220004
101969  -34.886  -17.683  33.302 0.5555559993
101976  -25.128  -18.138  33.565 0.8888890147
101981  -35.088  -17.284  33.112 0.5555559993
101985  -26.725  -18.346  32.706 0.8888890147
103225  -12.169  -17.489  45.415 0.1111110002
103232  -12.327  -17.587  45.002 0.1111110002
103250  -13.285  -17.506  42.774 0.2222220004
103252  -14.201  -17.073  41.872 0.4444440007
103268  -14.997  -17.021  40.864 0.5555559993
103292  -15.735  -17.504  39.761 0.7777780294
103308  -16.551  -17.248  38.835 0.7777780294
103309  -16.918  -17.225  38.450 0.7777780294
103350  -37.599  -17.721  36.793 0.2222220004
103366  -36.782  -17.429  35.988 0.2222220004
103399  -36.590  -16.617  34.871 0.2222220004
103412  -24.869  -17.245  33.554 0.7777780294
103420  -31.502  -16.078  34.627 0.2222220004
103453  -34.461  -17.044  31.926 0.5555559993
103454  -34.865  -16.784  32.296 0.7777780294
104592  -13.570  -16.594  43.176 0.2222220004
104671  -17.577  -16.012  38.304 0.7777780294
104687  -17.428  -16.761  38.057 0.7777780294
104726  -38.138  -16.326  36.323 0.2222220004
104731  -22.700  -16.401  34.988 0.8888890147
104735  -31.435  -16.279  35.430 0.1111110002
104738  -37.358  -16.125  35.397 0.2222220004
104743  -23.667  -16.378  34.262 0.7777780294
104749  -36.775  -16.009  34.654 0.2222220004
104771  -31.512  -15.875  34.482 0.2222220004
104779  -25.576  -16.918  33.280 0.7777780294
105979  -13.579  -15.937  43.870 0.1111110002
105990  -14.103  -15.822  43.104 0.2222220004
106000  -14.831  -15.676  42.079 0.2222220004
106001  -15.237  -15.587  41.654 0.3333329856
106026  -15.707  -16.100  40.758 0.4444440007
106039  -16.455  -15.964  39.772 0.5555559993
106056  -28.257  -15.773  38.924 0.1111110002
106069  -18.238  -15.400  37.916 0.7777780294
106082  -18.137  -15.867  37.796 0.7777780294
106089  -38.640  -15.671  36.648 0.1111110002
106100  -27.076  -15.002  36.641 0.4444440007
106121  -23.513  -15.719  34.486 0.8888890147
106123  -26.132  -15.042  34.580 0.7777780294
106126  -31.292  -15.017  35.232 0.2222220004
106127  -31.466  -15.433  35.057 0.3333329856
106128  -36.925  -15.476  34.462 0.2222220004
106149  -36.282  -15.861  33.711 0.3333329856
107362  -15.654  -15.368  41.398 0.2222220004
107378  -16.554  -15.287  40.488 0.5555559993
107393  -17.366  -15.098  39.345 0.6666669846
107396  -27.631  -14.958  39.568 0.1111110002
107407  -17.496  -15.332  38.889 0.6666669846
107423  -18.114  -15.164  38.164 0.7777780294
107437  -18.932  -15.127  37.509 0.6666669846
107441  -26.841  -14.762  37.078 0.4444440007
107446  -39.079  -14.960  37.058 0.1111110002
107467  -23.484  -14.662  34.877 0.7777780294
107469  -25.953  -14.553  35.402 0.6666669846
107484  -25.885  -14.814  34.767 0.6666669846
107490  -37.385  -14.827  34.869 0.2222220004
107500  -24.745  -15.330  34.157 0.7777780294
107520  -36.332  -14.760  33.326 0.2222220004
108678  -16.445  -13.895  42.355 0.1111110002
108689  -15.874  -14.743  41.847 0.2222220004
108691  -17.112  -13.885  41.696 0.1111110002
108705  -16.620  -14.772  41.073 0.5555559993
108707  -17.590  -13.897  41.100 0.1111110002
108721  -18.476  -13.637  40.059 0.2222220004
108723  -26.510  -13.760  40.515 0.1111110002
108733  -18.708  -13.720  39.459 0.2222220004
108759  -18.919  -14.294  38.094 0.5555559993
108777  -25.379  -13.834  36.769 0.5555559993
108822  -24.855  -14.430  34.805 0.7777780294
108867  -34.932  -14.115  32.304 0.6666669846
108892  -31.030  -13.612  31.050 0.8888890147
110010  -18.425  -12.726  42.459 0.1111110002
110023  -17.677  -13.405  41.885 0.1111110002
110040  -17.807  -13.581  41.352 0.1111110002
110073  -19.680  -12.949  39.286 0.3333329856
110074  -23.286  -12.445  39.823 0.1111110002
110078  -31.553  -12.561  39.539 0.1111110002
110085  -19.458  -13.239  39.062 0.4444440007
110088  -22.493  -12.353  38.979 0.1111110002
110101  -19.582  -13.376  38.589 0.4444440007
110102  -20.017  -13.263  38.270 0.4444440007
110104  -21.317  -12.813  38.165 0.4444440007
110118  -20.328  -13.367  37.848 0.4444440007
110124  -25.058  -13.506  37.076 0.5555559993
110148  -29.638  -13.120  35.946 0.2222220004
110157  -29.183  -13.021  35.224 0.4444440007
110158  -29.499  -13.389  35.395 0.3333329856
110167  -28.400  -12.503  34.100 0.6666669846
110169  -35.865  -13.335  33.449 0.1111110002
110181  -35.011  -13.150  32.659 0.3333329856
110204  -34.356  -13.149  32.240 0.7777780294
110235  -34.156  -13.482  31.960 0.7777780294
110261  -31.176  -13.413  31.026 0.8888890147
110262  -31.391  -13.442  31.007 0.8888890147
111499  -21.643  -11.794  42.589 0.1111110002
111513  -18.981  -12.652  41.974 0.1111110002
111517  -22.090  -11.759  41.974 0.1111110002
111535  -22.873  -12.006  41.030 0.1111110002
111546  -19.665  -12.758  39.958 0.2222220004
111552  -23.613  -12.368  40.899 0.1111110002
111560  -19.679  -12.853  39.555 0.2222220004
111563  -21.595  -12.089  39.784 0.2222220004
111574  -20.288  -12.782  38.933 0.4444440007
111578  -22.663  -12.224  39.628 0.1111110002
111586  -21.437  -12.518  38.649 0.3333329856
111589  -30.933  -12.510  38.449 0.1111110002
111608  -29.273  -12.329  36.356 0.2222220004
111610  -29.949  -12.703  36.965 0.2222220004
111643  -28.420  -11.998  34.676 0.5555559993
111646  -36.351  -12.741  34.459 0.1111110002
111647  -40.610  -12.116  34.584 0.1111110002
111649  -41.841  -12.172  34.560 0.1111110002
111660  -28.258  -12.147  34.177 0.5555559993
111662  -35.304  -12.551  33.171 0.3333329856
111665  -40.001  -11.871  33.970 0.1111110002
111679  -27.758  -11.680  33.217 0.7777780294
111682  -34.845  -12.682  32.732 0.3333329856
111685  -40.445  -11.996  33.513 0.1111110002
111700  -27.755  -11.724  32.985 0.7777780294
111702  -32.676  -12.313  31.685 0.8888890147
111708  -40.936  -11.870  32.660 0.1111110002
111739  -29.191  -12.403  31.209 1.0000000000
111763  -36.003  -12.203  29.569 0.4444440007
111765  -36.850  -12.251  29.486 0.5555559993
111787  -33.897  -11.961  28.930 1.0000000000
111808  -32.431  -12.010  28.164 1.0000000000
111814  -36.730  -12.333  28.309 0.6666669846
111876  -35.966  -12.334  26.082 0.7777780294
111877  -36.642  -12.174  26.342 0.6666669846
111878  -37.013  -12.074  26.482 0.5555559993
111895  -35.489  -12.322  25.754 0.7777780294
113032  -21.941  -11.705  44.140 0.1111110002
113054  -21.390  -11.744  43.097 0.1111110002
113063  -22.251  -11.615  42.015 0.1111110002
113064  -22.373  -11.720  41.824 0.1111110002
113073  -22.195  -11.689  41.654 0.1111110002
113074  -22.470  -11.732  41.541 0.1111110002
113092  -31.552  -12.002  40.172 0.1111110002
113101  -30.547  -11.275  38.934 0.2222220004
113187  -36.325  -11.859  35.209 0.1111110002
113189  -39.933  -11.587  35.064 0.1111110002
113210  -40.154  -11.886  34.615 0.1111110002
113211  -42.381  -11.955  34.366 0.1111110002
113228  -35.702  -12.146  33.995 0.1111110002
113231  -39.976  -11.845  34.221 0.1111110002
113249  -27.753  -11.495  33.505 0.8888890147
113251  -34.396  -12.071  32.619 0.7777780294
113255  -39.624  -11.817  33.302 0.1111110002
113257  -42.025  -11.652  32.953 0.1111110002
113274  -27.775  -11.550  32.616 0.7777780294
113304  -32.239  -12.104  31.559 0.8888890147
113305  -36.512  -11.595  31.208 0.2222220004
113344  -35.194  -11.626  30.185 0.4444440007
113374  -35.691  -12.159  29.577 0.4444440007
113397  -33.197  -11.824  28.770 1.0000000000
113423  -37.285  -12.081  27.133 0.5555559993
113471  -31.693  -11.417  26.952 1.0000000000
113479  -38.351  -11.339  25.643 0.3333329856
113509  -38.401  -11.226  25.279 0.3333329856
113535  -37.891  -11.220  24.704 0.8888890147
114688  -30.410  -10.790  39.362 0.2222220004
114763  -35.812  -11.020  35.061 0.1111110002
114776  -28.007  -10.673  34.762 0.8888890147
114778  -38.959  -11.166  34.629 0.1111110002
114788  -27.685  -10.467  33.669 0.8888890147
114791  -35.086  -11.373  33.871 0.4444440007
114806  -33.951  -11.412  32.539 0.7777780294
114810  -37.474  -11.126  32.791 0.1111110002
114829  -32.403  -11.546  31.643 1.0000000000
114833  -35.878  -11.027  31.675 0.3333329856
114836  -37.795  -11.468  32.404 0.2222220004
114854  -27.733  -10.569  31.841 0.7777780294
114859  -35.977  -11.378  31.248 0.2222220004
114879  -32.854  -10.813  30.475 0.8888890147
114881  -34.466  -11.010  30.534 0.4444440007
114883  -35.292  -11.273  30.689 0.4444440007
114884  -35.635  -11.390  30.873 0.2222220004
114901  -34.691  -11.298  30.261 0.7777780294
114902  -35.032  -11.309  30.449 0.4444440007
114944  -31.078  -11.117  27.808 1.0000000000
114946  -39.615  -11.095  26.960 0.3333329856
114959  -38.821  -11.212  25.951 0.3333329856
114962  -40.707  -10.614  26.745 0.2222220004
114975  -32.861  -11.241  25.508 1.0000000000
114993  -34.424  -11.154  24.541 1.0000000000
114994  -38.125  -11.171  24.751 0.3333329856
115015  -39.512  -10.409  24.262 0.3333329856
116257  -29.131  -9.836  37.514 0.2222220004
116258  -29.246  -10.132  37.736 0.2222220004
116270  -36.497  -11.022  35.878 0.1111110002
116284  -37.505  -10.348  34.813 0.1111110002
116294  -35.562  -10.642  34.773 0.1111110002
116297  -37.308  -10.315  34.643 0.1111110002
116307  -27.677  -10.049  33.668 0.7777780294
116323  -27.633  -10.124  33.247 0.8888890147
116324  -34.647  -10.845  33.278 0.4444440007
116337  -27.606  -9.945  32.234 1.0000000000
116339  -32.628  -11.279  31.663 1.0000000000
116376  -31.607  -10.801  31.003 1.0000000000
116382  -35.191  -10.990  30.954 0.4444440007
116401  -33.404  -10.875  30.385 0.8888890147
116422  -29.709  -9.781  28.636 1.0000000000
116437  -42.819  -9.750  27.866 0.1111110002
116444  -30.773  -10.099  27.029 1.0000000000
116448  -42.585  -9.861  27.264 0.1111110002
116460  -40.524  -10.426  25.457 0.2222220004
116479  -41.035  -10.120  25.216 0.3333329856
116499  -39.335  -10.195  23.858 0.3333329856
116500  -39.886  -10.129  24.001 0.3333329856
116501  -40.475  -9.943  24.139 0.3333329856
116503  -41.382  -9.882  24.978 0.2222220004
116525  -39.774  -9.826  23.635 0.3333329856
116539  -36.492  -9.654  23.069 1.0000000000
117762  -29.553  -9.234  38.639 0.2222220004
117776  -29.190  -9.169  37.758 0.2222220004
117788  -37.174  -9.849  37.045 0.1111110002
117797  -36.890  -10.226  36.535 0.1111110002
117805  -28.313  -9.246  35.499 0.3333329856
117808  -37.692  -10.329  34.973 0.1111110002
117834  -27.618  -9.689  32.882 0.8888890147
117874  -28.865  -9.596  29.501 1.0000000000
117900  -43.007  -9.624  28.262 0.1111110002
117901  -43.344  -9.441  28.312 0.1111110002
117938  -42.344  -9.840  26.137 0.2222220004
117983  -40.648  -9.708  23.923 0.3333329856
117984  -40.985  -9.651  24.092 0.2222220004
118012  -37.317  -9.568  23.022 1.0000000000
118019  -42.641  -8.551  23.811 0.1111110002
119271  -29.958  -8.796  39.310 0.1111110002
119285  -37.845  -9.856  38.001 0.1111110002
119286  -38.017  -9.719  38.110 0.1111110002
119295  -29.448  -8.513  38.096 0.2222220004
119296  -37.775  -9.810  37.776 0.1111110002
119304  -29.199  -8.539  37.442 0.2222220004
119306  -37.605  -9.768  37.307 0.1111110002
119316  -36.615  -10.225  36.068 0.1111110002
119317  -36.838  -9.905  35.955 0.1111110002
119329  -36.697  -10.120  35.890 0.1111110002
119342  -36.830  -9.929  35.555 0.1111110002
119421  -29.525  -7.800  28.021 0.7777780294
119430  -29.448  -8.500  28.043 0.7777780294
119492  -43.584  -8.079  24.106 0.1111110002
119493  -43.909  -8.041  24.463 0.1111110002
119512  -42.867  -8.088  23.500 0.1111110002
119533  -39.323  -8.199  22.896 0.6666669846
119534  -40.004  -8.169  23.004 0.6666669846
119537  -42.058  -8.042  23.195 0.1111110002
120810  -29.921  -7.933  38.518 0.1111110002
120819  -30.087  -7.479  38.321 0.1111110002
120825  -29.236  -7.912  37.052 0.1111110002
120826  -29.563  -7.469  37.273 0.1111110002
120855  -28.271  -7.821  34.009 0.3333329856
120856  -28.458  -7.503  34.405 0.3333329856
120982  -43.703  -7.799  23.955 0.1111110002
120994  -42.993  -7.802  23.352 0.1111110002
121016  -40.413  -7.618  22.834 0.5555559993
121020  -43.230  -7.219  23.033 0.1111110002
122248  -30.033  -7.167  37.869 0.1111110002
122260  -29.934  -7.093  37.525 0.1111110002
122304  -28.690  -6.720  33.434 0.4444440007
122337  -28.496  -7.246  30.431 0.6666669846
122418  -44.733  -6.670  24.428 0.1111110002
122430  -44.036  -6.765  23.577 0.1111110002
122448  -40.796  -7.077  22.635 0.5555559993
122452  -43.282  -6.817  22.966 0.1111110002
122460  -37.053  -6.127  22.218 0.8888890147
122466  -41.021  -6.684  22.510 0.5555559993
123707  -30.236  -5.699  34.652 0.1111110002
123726  -29.394  -5.726  32.928 0.3333329856
123744  -29.800  -5.410  30.415 0.3333329856
123747  -39.035  -4.867  30.609 0.1111110002
123769  -29.424  -6.224  29.292 0.5555559993
123790  -29.906  -6.231  28.595 0.5555559993
123865  -44.479  -6.397  23.854 0.1111110002
123892  -41.514  -6.452  22.517 0.4444440007
125171  -30.213  -5.455  34.131 0.1111110002
125202  -29.462  -5.512  32.395 0.3333329856
125222  -35.472  -4.412  31.651 0.1111110002
125246  -39.419  -4.549  30.950 0.1111110002
125254  -30.194  -5.232  30.245 0.3333329856
125280  -35.516  -5.421  29.674 0.1111110002
125295  -31.420  -5.301  28.577 0.3333329856
125322  -36.790  -4.745  27.257 0.2222220004
125369  -44.306  -5.284  23.110 0.1111110002
125395  -42.487  -5.206  22.203 0.2222220004
125396  -42.877  -5.209  22.359 0.2222220004
125409  -41.570  -5.037  21.817 0.6666669846
126679  -31.082  -4.602  31.342 0.3333329856
126699  -32.319  -4.341  30.734 0.2222220004
126713  -31.904  -4.567  29.973 0.3333329856
126717  -34.061  -4.359  30.844 0.1111110002
126773  -35.491  -4.274  26.406 0.3333329856
126848  -44.020  -4.040  20.954 0.1111110002
126872  -43.581  -4.030  19.637 0.3333329856
128299  -35.037  -3.317  23.298 0.6666669846
128328  -36.645  -3.154  21.537 0.8888890147
128334  -44.971  -3.608  20.851 0.2222220004
128365  -43.932  -3.799  19.347 0.3333329856
128367  -44.819  -3.484  19.748 0.2222220004
128377  -44.192  -3.564  19.101 0.3333329856
129742  -44.830  -3.173  19.063 0.2222220004
129751  -39.415  -1.899  18.801 0.8888890147
129754  -41.621  -2.870  18.385 0.7777780294
129759  -45.094  -2.664  18.779 0.3333329856
130911  -37.626  -1.990  25.740 0.2222220004
130926  -38.542  -1.649  25.768 0.2222220004
130940  -35.081  -2.529  23.610 0.5555559993
131014  -38.616  -1.636  19.160 0.8888890147
131015  -46.123  -2.181  19.143 0.1111110002
131028  -46.296  -1.818  18.945 0.1111110002
131039  -42.127  -1.921  17.764 0.7777780294
131043  -45.027  -2.137  18.155 0.2222220004
131059  -44.674  -2.032  17.754 0.6666669846
132206  -39.379  -1.428  25.857 0.2222220004
132266  -36.844  -0.882  21.394 0.5555559993
132289  -37.427  -1.053  20.381 0.8888890147
132336  -45.849  -1.409  18.124 0.2222220004
133610  -41.104  0.140  26.176 0.1111110002
133661  -36.799  -0.806  21.603 0.6666669846
133663  -37.546  0.080  21.988 0.4444440007
133671  -37.310  -0.478  20.722 0.5555559993
133697  -38.494  0.195  19.211 0.7777780294
133708  -38.480  -0.430  19.081 0.8888890147
133711  -46.966  -0.564  18.624 0.1111110002
133713  -47.972  -0.152  19.173 0.1111110002
133743  -41.488  0.083  16.889 0.7777780294
133756  -42.896  0.237  16.498 0.7777780294
133759  -44.959  -0.358  16.735 0.5555559993
134926  -40.586  0.262  24.709 0.1111110002
134932  -41.013  0.627  24.345 0.1111110002
134975  -37.628  -0.064  20.481 0.6666669846
134992  -37.917  0.113  20.083 0.6666669846
135001  -38.113  0.011  19.645 0.6666669846
135015  -38.684  0.567  19.126 0.7777780294
135019  -48.718  0.601  19.222 0.1111110002
135047  -46.618  -0.006  17.388 0.3333329856
135055  -42.826  0.793  16.336 0.7777780294
136312  -42.505  1.688  24.766 0.1111110002
136317  -41.452  0.988  23.869 0.1111110002
136324  -41.917  1.204  23.382 0.1111110002
136331  -41.216  1.035  22.713 0.1111110002
136340  -39.048  1.090  21.199 0.4444440007
136359  -39.516  1.363  20.977 0.4444440007
136362  -41.271  1.428  21.833 0.2222220004
136375  -38.993  1.212  20.236 0.6666669846
136376  -39.531  1.514  20.461 0.3333329856
136422  -48.102  0.794  18.229 0.1111110002
136423  -48.632  1.277  18.307 0.1111110002
136434  -48.120  1.101  17.511 0.1111110002
136447  -43.300  1.203  16.125 0.8888890147
136449  -45.292  0.629  16.155 0.6666669846
137768  -43.485  2.096  24.263 0.1111110002
137779  -43.843  2.000  23.083 0.1111110002
137785  -42.043  1.754  21.844 0.2222220004
137801  -40.863  1.814  21.041 0.2222220004
137803  -42.402  2.103  21.450 0.1111110002
137813  -39.785  1.712  20.381 0.2222220004
137826  -39.755  1.765  20.141 0.2222220004
137827  -40.272  2.110  19.949 0.3333329856
137828  -40.693  2.228  20.061 0.3333329856
137847  -49.648  1.738  18.774 0.1111110002
137881  -46.744  1.142  16.218 0.5555559993
139170  -43.232  2.327  21.511 0.2222220004
139180  -41.202  2.210  20.397 0.2222220004
139196  -41.728  2.788  19.868 0.2222220004
139212  -40.602  2.388  19.588 0.3333329856
139223  -40.938  2.761  18.754 0.3333329856
139229  -40.546  2.403  18.447 0.4444440007
139231  -41.361  2.968  17.608 0.6666669846
139244  -52.936  3.306  16.095 0.1111110002
139416  -56.905  2.940  8.062 0.1111110002
139467  -59.089  2.817  4.647 0.1111110002
140758  -54.405  3.674  16.783 0.1111110002
140759  -55.130  3.801  16.653 0.1111110002
140782  -52.049  3.431  16.093 0.1111110002
140783  -52.496  3.490  16.224 0.1111110002
140807  -55.247  3.847  13.695 0.1111110002
140811  -47.790  3.980  13.366 0.6666669846
140819  -55.084  3.938  13.147 0.2222220004
140829  -53.865  3.754  12.060 0.3333329856
140830  -54.426  3.916  12.138 0.2222220004
140834  -52.336  4.149  11.558 0.4444440007
140836  -53.644  4.037  11.563 0.4444440007
142158  -42.865  4.270  16.531 0.5555559993
142161  -52.484  4.110  16.799 0.1111110002
142164  -56.179  4.707  16.237 0.1111110002
142212  -55.161  4.580  11.908 0.1111110002
142232  -56.300  4.868  9.587 0.1111110002
143622  -43.122  4.976  17.477 0.5555559993
143636  -52.777  4.871  17.274 0.1111110002
143637  -53.016  4.821  17.301 0.1111110002
143652  -56.393  5.197  15.826 0.1111110002
143695  -52.528  5.804  10.548 0.6666669846
143698  -54.364  5.154  10.586 0.3333329856
143713  -54.050  5.700  10.161 0.3333329856
143717  -56.794  5.660  10.004 0.3333329856
145136  -44.634  6.286  17.603 0.3333329856
145145  -44.773  6.376  15.974 0.4444440007
145166  -56.495  5.752  14.610 0.1111110002
145181  -56.264  5.766  12.931 0.1111110002
145199  -55.164  5.498  10.926 0.1111110002
145217  -56.694  5.933  9.602 0.3333329856
145225  -56.605  6.114  9.261 0.2222220004
146558  -45.895  6.807  14.870 0.5555559993
146631  -55.643  7.229  10.123 0.3333329856
147948  -48.480  7.382  13.393 0.1111110002
147978  -56.212  7.354  11.070 0.2222220004
147991  -56.233  7.709  10.719 0.2222220004
148009  -56.922  7.422  9.353 0.4444440007
148021  -56.668  7.275  8.882 0.4444440007
148022  -56.762  7.605  8.972 0.4444440007
149343  -46.736  8.123  16.109 0.1111110002
149351  -47.477  7.878  14.506 0.3333329856
149392  -55.934  7.885  10.024 0.2222220004
149466  -56.624  8.701  6.259 0.1111110002
150755  -56.285  8.667  9.181 0.4444440007
152016  -49.497  9.624  15.108 0.1111110002
153461  -55.422  10.032  5.696 0.1111110002
154746  -54.740  11.727  6.781 0.1111110002
154748  -55.495  11.217  6.116 0.1111110002
