#!ascii label  , from subject FS6EXPERT_subj01_ver10 vox2ras=TkReg
6790
171541  -48.120  23.015  8.971 0.6000000238
171592  -47.888  23.043  6.430 0.6000000238
171604  -47.434  22.820  5.049 0.5000000000
172801  -47.293  23.118  3.816 0.5000000000
173959  -45.780  24.454  2.146 0.4000000060
175925  -44.310  25.693  1.813 0.4000000060
174972  -45.078  25.120  1.867 0.4000000060
175940  -43.798  26.192  1.725 0.3000000119
177833  -41.921  27.750  1.591 0.4000000060
178847  -40.560  28.696  1.011 0.2000000030
179823  -38.852  29.360  1.017 0.2000000030
180804  -38.663  29.721  0.429 0.2000000030
172723  -48.500  23.304  8.485 0.6000000238
172735  -48.451  23.331  7.792 0.6000000238
171577  -47.574  22.786  6.616 0.6999999881
171591  -47.700  22.922  5.883 0.6000000238
172691  -48.800  23.524  10.724 0.6000000238
172702  -48.573  23.284  9.692 0.6000000238
171564  -47.553  22.770  7.300 0.6999999881
171576  -47.136  22.487  6.189 0.6000000238
171540  -47.575  22.801  8.798 0.6000000238
171553  -48.048  23.026  8.273 0.6999999881
171617  -46.531  22.557  4.294 0.6000000238
171631  -46.772  22.830  3.894 0.6000000238
173958  -44.972  24.509  2.272 0.4000000060
172814  -46.111  23.326  3.035 0.5000000000
173947  -46.440  23.876  2.558 0.4000000060
173946  -45.564  23.897  2.541 0.4000000060
175924  -43.508  25.886  2.174 0.4000000060
174971  -44.243  25.110  2.172 0.4000000060
178835  -41.021  28.327  1.334 0.3000000119
177824  -42.450  27.070  1.876 0.3000000119
179814  -40.003  28.934  1.034 0.2000000030
179824  -39.471  29.288  0.619 0.2000000030
170434  -46.599  22.317  5.079 0.6000000238
171552  -47.560  22.766  8.028 0.6999999881
171563  -47.092  22.470  6.940 0.6999999881
171630  -46.153  22.817  3.644 0.6000000238
172813  -45.288  23.475  2.965 0.4000000060
174959  -43.919  24.858  2.518 0.4000000060
173945  -44.809  24.056  2.701 0.4000000060
176849  -43.269  26.466  1.858 0.4000000060
178834  -40.212  28.526  1.587 0.3000000119
180793  -37.819  29.761  1.182 0.2000000030
180794  -38.424  29.520  1.025 0.2000000030
171551  -47.060  22.488  7.700 0.6999999881
170419  -45.983  21.913  5.923 0.6999999881
170420  -46.609  22.203  5.717 0.6999999881
170446  -46.230  22.278  4.647 0.6000000238
171641  -45.069  23.164  3.340 0.5000000000
170433  -46.098  22.060  5.195 0.6000000238
176848  -42.588  26.588  2.257 0.4000000060
174970  -43.653  25.312  2.448 0.4000000060
172812  -44.561  23.579  3.156 0.5000000000
171615  -45.152  22.491  4.151 0.6000000238
177823  -41.762  27.352  2.119 0.4000000060
175923  -42.917  26.034  2.515 0.4000000060
173944  -44.025  24.323  2.831 0.5000000000
171628  -44.689  22.979  3.681 0.6000000238
178828  -41.499  27.962  1.652 0.4000000060
174958  -43.356  25.063  2.839 0.4000000060
172810  -43.375  24.074  3.390 0.6999999881
176847  -42.001  26.843  2.466 0.5000000000
175909  -42.686  25.787  2.888 0.5000000000
174946  -43.062  24.862  3.218 0.5000000000
177822  -40.737  27.672  2.485 0.4000000060
177816  -41.728  26.950  2.602 0.4000000060
179813  -39.329  29.026  1.535 0.3000000119
178827  -40.885  28.001  1.915 0.4000000060
177821  -40.303  27.881  2.675 0.5000000000
178826  -40.112  28.209  2.388 0.4000000060
180803  -37.636  30.267  0.240 0.2000000030
178833  -39.640  28.634  2.015 0.4000000060
179806  -38.670  29.022  2.307 0.4000000060
179811  -37.908  29.539  1.644 0.4000000060
182698  -39.617  31.797  8.233 0.8000000119
171539  -47.015  22.556  8.496 0.6000000238
170374  -46.479  22.266  8.081 0.6000000238
170388  -46.522  22.186  7.283 0.8000000119
170403  -46.569  22.160  6.480 0.6999999881
170432  -45.408  21.871  5.281 0.6999999881
170444  -44.886  22.119  4.673 0.8000000119
170443  -44.118  22.214  4.731 0.8000000119
170442  -43.438  22.304  4.842 0.8999999762
171602  -42.500  22.412  5.263 0.8999999762
176837  -41.946  26.480  2.909 0.5000000000
171612  -42.731  22.769  4.795 0.8999999762
176830  -41.834  26.138  3.309 0.5000000000
174944  -42.102  25.089  3.846 0.5000000000
172785  -42.394  23.591  4.341 0.8999999762
171611  -42.114  23.149  4.808 0.8999999762
176836  -41.389  26.711  3.187 0.6000000238
173921  -41.770  24.386  4.427 0.8000000119
172784  -41.551  23.625  4.910 0.8999999762
177815  -41.198  27.094  2.910 0.6000000238
175894  -41.444  25.886  3.850 0.5000000000
174932  -41.685  25.087  4.191 0.8000000119
173920  -41.196  24.404  4.841 0.8999999762
178818  -39.616  28.185  3.087 0.6000000238
177805  -39.906  27.530  3.659 0.6000000238
177799  -40.400  26.807  4.004 0.6999999881
175883  -41.204  25.698  4.215 0.6999999881
174917  -40.330  25.076  5.192 0.8999999762
174916  -39.781  25.113  5.646 0.8999999762
174906  -39.337  25.154  6.208 0.8999999762
177813  -39.813  27.824  3.369 0.6000000238
178805  -39.559  27.647  4.018 0.6999999881
176820  -40.512  26.374  4.285 0.8000000119
175874  -39.813  25.690  5.358 0.8000000119
175870  -39.362  25.740  5.832 0.8999999762
179812  -38.382  29.334  1.532 0.4000000060
178824  -38.854  28.777  2.718 0.5000000000
178811  -39.463  27.940  3.712 0.6999999881
177797  -39.198  27.508  4.721 0.8000000119
176812  -39.711  26.404  5.057 0.8000000119
175869  -38.881  25.912  6.409 0.8999999762
176811  -39.069  26.837  5.453 0.8000000119
176806  -39.446  26.079  5.521 0.8000000119
176799  -38.403  26.787  6.871 0.8999999762
179805  -37.754  29.411  2.139 0.4000000060
177781  -38.471  27.049  6.351 0.8000000119
180784  -37.100  29.873  1.942 0.4000000060
179804  -37.253  29.604  2.389 0.4000000060
180771  -36.968  29.634  3.112 0.6000000238
179782  -36.775  29.581  4.112 0.6999999881
180770  -36.529  29.895  3.420 0.3000000119
180762  -36.367  29.995  4.258 0.6999999881
180748  -36.526  30.070  5.501 0.6999999881
181733  -36.220  30.690  5.591 0.6999999881
180741  -36.531  30.303  6.106 0.6999999881
181721  -36.738  30.645  6.855 0.8000000119
181706  -37.608  31.304  7.914 0.8000000119
180717  -37.502  30.597  7.937 0.8000000119
181689  -38.743  31.059  8.568 0.8000000119
182697  -38.780  31.791  8.219 0.8000000119
182712  -40.444  31.987  7.894 0.8000000119
183741  -40.442  32.378  7.431 0.8000000119
170387  -45.885  21.964  7.645 0.6999999881
170402  -45.895  21.891  6.778 0.8000000119
170418  -45.152  21.641  6.121 0.8999999762
170401  -45.154  21.577  7.185 0.8000000119
169263  -44.570  21.422  6.571 0.8000000119
170430  -43.820  21.883  5.308 0.8999999762
169262  -43.881  21.327  6.509 0.8000000119
170416  -43.462  21.565  5.873 0.8999999762
169261  -43.110  21.252  6.457 0.8999999762
170415  -42.710  21.677  5.931 0.8999999762
169259  -41.834  21.496  6.570 0.8999999762
170414  -41.933  21.908  6.010 0.8999999762
170428  -42.402  22.140  5.575 0.8999999762
172773  -41.347  23.231  5.264 0.8999999762
171589  -41.522  22.335  5.800 0.8999999762
171600  -41.252  23.057  5.457 0.8999999762
172783  -41.085  24.022  5.097 0.8999999762
172758  -40.081  23.619  6.067 0.8999999762
173908  -40.223  24.426  5.549 0.8999999762
173894  -39.949  24.191  5.883 0.8999999762
178825  -39.303  28.614  2.520 0.5000000000
174905  -38.921  25.419  6.708 0.8999999762
178810  -38.784  28.460  3.739 0.6999999881
178804  -39.040  27.923  4.404 0.8000000119
177792  -39.171  27.176  5.081 0.8000000119
175863  -38.597  25.990  7.100 0.8999999762
179796  -37.301  29.466  2.789 0.4000000060
179797  -37.894  29.179  2.904 0.6000000238
178799  -38.804  27.780  5.119 0.8000000119
177787  -38.614  27.344  5.905 0.8000000119
176792  -38.241  27.317  7.619 0.8000000119
176786  -38.378  27.324  8.110 0.8000000119
180763  -36.705  29.734  4.561 0.6999999881
180742  -36.905  29.771  6.421 0.8000000119
180733  -37.111  30.001  7.294 0.8000000119
183758  -41.767  32.219  6.922 0.8000000119
169245  -41.362  21.474  6.972 0.8000000119
169230  -40.859  21.436  7.584 0.8000000119
170399  -41.065  21.920  6.621 0.8999999762
170412  -40.862  22.346  6.339 0.8999999762
169244  -40.777  21.736  7.074 0.8999999762
172759  -40.564  23.192  5.914 0.8999999762
173882  -39.149  24.404  6.968 0.8999999762
174896  -38.788  25.210  7.232 0.8999999762
174897  -39.137  24.902  6.676 0.8999999762
175857  -38.627  26.047  7.807 0.8999999762
178817  -38.932  28.597  3.064 0.6000000238
178809  -38.249  28.741  4.105 0.6000000238
178803  -38.365  28.561  4.509 0.8000000119
178798  -38.382  28.338  5.147 0.8000000119
177786  -38.174  27.862  6.310 0.8000000119
177780  -38.122  27.635  6.809 0.8000000119
177774  -38.035  27.859  7.610 0.8000000119
176793  -38.437  26.723  7.658 0.8999999762
179790  -38.034  28.989  3.690 0.6000000238
179776  -37.871  28.879  5.150 0.8000000119
179763  -37.849  28.586  6.244 0.8000000119
177768  -38.219  27.878  8.170 0.8000000119
177769  -38.610  27.834  8.564 0.8999999762
179789  -37.151  29.433  3.523 0.6000000238
179784  -37.845  28.982  4.490 0.6999999881
179769  -37.879  28.723  5.807 0.8000000119
178786  -37.825  28.434  6.699 0.8000000119
178773  -38.037  28.525  8.195 0.8000000119
178763  -39.067  28.560  8.915 0.8000000119
179783  -37.215  29.359  4.364 0.6999999881
178779  -37.775  28.505  7.520 0.8000000119
178774  -38.510  28.548  8.608 0.8000000119
183759  -42.238  32.112  6.714 0.8000000119
183743  -41.456  31.986  7.492 0.8000000119
171575  -40.165  22.602  6.790 0.8999999762
171586  -39.909  23.267  6.498 0.8999999762
174889  -38.728  25.321  7.959 0.8999999762
175853  -38.809  26.157  8.481 1.0000000000
177754  -40.517  27.785  9.915 1.0000000000
176787  -38.681  26.970  8.384 0.8999999762
181653  -41.661  30.558  11.013 1.0000000000
178749  -41.228  28.622  10.306 1.0000000000
177763  -40.805  28.046  9.751 1.0000000000
177761  -39.654  27.791  9.263 1.0000000000
180690  -41.931  29.895  10.756 1.0000000000
178765  -40.346  28.512  9.328 1.0000000000
177760  -39.063  27.779  8.965 0.8999999762
179775  -37.323  29.306  5.095 0.8000000119
178785  -37.555  28.908  6.970 0.8000000119
179730  -41.964  29.074  9.886 1.0000000000
178766  -40.966  28.524  9.563 1.0000000000
178764  -39.689  28.533  9.149 0.8999999762
180749  -36.884  29.713  5.675 0.8000000119
179762  -37.436  29.088  6.580 0.8000000119
179756  -37.587  29.126  7.657 0.8000000119
179748  -37.908  29.339  8.220 0.8000000119
179737  -39.684  29.297  9.076 0.8000000119
179738  -40.381  29.264  9.210 0.8999999762
180719  -38.718  30.045  8.737 0.8000000119
180705  -39.685  30.093  8.973 0.8000000119
180707  -41.171  30.045  9.021 0.8000000119
180723  -42.714  30.127  8.649 0.8000000119
179747  -37.504  29.763  7.855 0.8000000119
181674  -40.040  30.596  8.875 0.8000000119
181676  -40.775  30.315  8.954 0.8000000119
181694  -42.765  30.667  8.205 0.8000000119
181690  -39.609  30.819  8.755 0.8000000119
181675  -40.412  30.459  8.917 0.8000000119
180721  -41.620  30.574  8.718 0.8000000119
182699  -40.395  31.498  8.373 0.8000000119
182701  -41.577  31.246  8.294 0.8000000119
181708  -42.801  30.988  7.831 0.8000000119
182714  -41.899  31.646  7.629 0.8000000119
182739  -43.474  31.709  5.975 0.8000000119
182727  -42.659  31.848  6.695 0.8000000119
171550  -39.189  22.650  8.144 0.8000000119
172734  -38.991  23.438  7.795 0.8999999762
170397  -40.080  22.440  7.043 0.8999999762
172746  -39.107  23.735  7.424 0.8999999762
170384  -39.778  22.403  7.429 0.8000000119
174884  -38.763  25.381  8.597 0.8999999762
173881  -38.873  24.568  7.564 0.8999999762
175846  -39.035  26.255  9.162 0.8999999762
176779  -39.566  27.111  9.433 0.8999999762
176764  -39.992  27.448  10.163 1.0000000000
182651  -41.650  31.592  11.519 0.8999999762
179721  -41.181  29.186  10.774 1.0000000000
183674  -42.487  32.692  12.431 1.0000000000
182664  -42.144  31.201  11.099 1.0000000000
184644  -42.967  32.996  13.164 0.8999999762
184645  -43.486  33.089  13.043 1.0000000000
182653  -42.990  31.826  11.287 1.0000000000
180691  -43.029  29.919  10.366 1.0000000000
179741  -42.254  29.175  9.595 1.0000000000
179740  -41.709  29.108  9.539 0.8999999762
184660  -43.902  33.017  12.398 1.0000000000
183692  -44.008  32.539  11.647 1.0000000000
182665  -43.128  31.450  10.940 1.0000000000
180692  -43.625  30.310  10.167 1.0000000000
183706  -44.569  32.089  11.018 1.0000000000
181655  -43.661  30.716  10.412 1.0000000000
180709  -42.687  29.602  9.264 1.0000000000
180708  -41.905  29.730  9.058 0.8999999762
181696  -43.842  30.189  8.162 0.8000000119
181709  -43.467  30.911  7.466 0.8000000119
181734  -44.583  31.203  5.731 0.8000000119
182728  -43.387  31.373  6.851 0.8000000119
183792  -46.371  31.911  5.411 0.8000000119
182755  -45.834  31.434  5.085 0.8000000119
173861  -38.660  24.581  8.672 0.8000000119
172745  -38.860  24.181  7.784 0.8999999762
174878  -38.672  25.361  9.239 0.8999999762
176763  -39.304  27.011  10.252 0.8999999762
176771  -39.298  26.731  9.942 0.8999999762
175847  -39.389  26.578  9.599 0.8999999762
179720  -40.238  29.171  11.082 1.0000000000
180689  -40.920  29.927  11.080 0.8999999762
178748  -40.518  28.434  10.770 1.0000000000
184638  -44.875  32.941  13.807 1.0000000000
182603  -45.694  31.794  16.347 0.8000000119
183629  -45.232  32.470  14.844 0.8000000119
184648  -45.573  33.019  13.385 0.8999999762
183694  -45.702  32.568  11.485 1.0000000000
181663  -43.901  30.468  10.066 1.0000000000
180710  -43.696  29.865  9.155 1.0000000000
180724  -43.447  30.054  8.627 0.8999999762
183650  -46.872  32.483  14.093 1.0000000000
184663  -46.072  32.995  12.782 1.0000000000
183707  -45.435  32.179  10.953 1.0000000000
181665  -45.377  30.844  9.686 1.0000000000
180726  -45.126  30.166  8.355 1.0000000000
181711  -45.118  30.297  7.620 0.8999999762
181724  -45.025  30.669  6.829 0.8999999762
181723  -44.233  30.955  6.661 0.8000000119
181748  -45.734  30.991  5.583 0.8000000119
183610  -46.163  32.051  15.863 0.8000000119
183631  -47.042  32.275  14.971 0.8000000119
183679  -47.446  32.371  12.348 1.0000000000
182669  -46.855  31.807  10.406 1.0000000000
181680  -46.775  30.948  8.978 1.0000000000
181698  -45.840  30.369  8.262 1.0000000000
181700  -47.139  31.026  8.300 0.8999999762
181712  -45.859  30.441  7.552 0.8999999762
181725  -45.767  30.616  6.896 0.8999999762
182742  -47.193  31.319  6.544 0.8999999762
182741  -46.881  31.607  5.862 0.8999999762
183777  -46.745  32.401  6.057 0.8999999762
183588  -46.710  32.775  16.955 0.8000000119
183612  -48.055  32.772  15.668 0.8999999762
183633  -48.602  32.705  14.777 1.0000000000
183681  -49.008  32.338  12.541 1.0000000000
183651  -47.776  32.205  14.136 0.8999999762
183663  -48.439  32.145  13.326 1.0000000000
183698  -48.895  32.275  11.647 1.0000000000
182682  -48.310  31.911  9.822 0.8999999762
182689  -47.390  31.357  9.085 0.8999999762
183744  -48.538  32.364  7.769 0.8999999762
181727  -46.877  30.953  7.125 0.8999999762
183764  -48.185  32.087  7.049 0.8999999762
182731  -47.713  31.614  7.191 0.8999999762
184750  -47.949  32.470  6.369 0.8999999762
183779  -47.742  31.784  6.627 0.8999999762
184749  -47.250  32.721  6.363 0.8999999762
186435  -46.923  35.060  15.864 0.8999999762
185546  -47.743  34.192  14.517 1.0000000000
185556  -48.232  33.995  13.539 1.0000000000
186475  -48.147  34.552  12.460 1.0000000000
185532  -47.561  34.076  15.885 0.8999999762
185536  -47.677  34.195  15.165 0.8999999762
184651  -48.850  33.211  13.510 1.0000000000
185574  -48.850  33.567  12.058 1.0000000000
185580  -48.651  34.197  11.561 1.0000000000
184685  -49.011  33.013  10.239 1.0000000000
183732  -48.712  32.691  8.658 1.0000000000
185623  -48.889  33.943  8.222 1.0000000000
184709  -48.854  33.095  7.943 0.8999999762
185638  -48.831  33.912  7.171 1.0000000000
184729  -48.494  32.971  6.909 0.8999999762
186557  -47.721  34.731  6.575 0.8999999762
184728  -47.687  33.233  6.563 0.8999999762
185636  -47.452  33.978  6.918 0.8999999762
187421  -45.986  35.332  14.200 0.8999999762
187429  -46.009  35.208  13.471 1.0000000000
187443  -46.263  35.112  12.540 1.0000000000
187458  -47.055  35.226  11.770 1.0000000000
186449  -46.386  35.113  14.530 0.8999999762
186461  -46.954  34.749  13.637 1.0000000000
186473  -47.011  34.823  12.888 1.0000000000
186484  -47.714  34.908  12.013 1.0000000000
186496  -48.538  34.854  10.436 1.0000000000
186490  -47.978  35.070  11.492 1.0000000000
186530  -48.820  34.706  8.628 1.0000000000
186544  -48.981  34.776  7.714 1.0000000000
187559  -47.458  35.909  6.160 0.8000000119
186571  -48.026  35.081  6.181 1.0000000000
187549  -47.680  35.385  6.269 0.8999999762
187465  -46.376  35.846  10.916 1.0000000000
188377  -47.194  35.797  10.626 1.0000000000
187504  -48.622  35.484  9.329 1.0000000000
188399  -47.998  35.991  9.984 1.0000000000
187537  -49.012  35.603  7.379 1.0000000000
188415  -48.144  36.281  9.278 1.0000000000
186573  -48.947  35.615  6.205 1.0000000000
188450  -47.992  36.610  5.261 0.8999999762
189249  -47.052  37.173  5.368 0.6999999881
189240  -48.764  36.847  6.712 1.0000000000
189239  -48.482  37.309  6.920 1.0000000000
189251  -48.258  37.331  5.365 1.0000000000
189255  -47.751  37.713  4.939 0.8999999762
171616  -45.861  22.466  4.140 0.5000000000
172798  -44.143  23.399  3.532 0.6000000238
172811  -43.795  23.886  3.278 0.6000000238
171614  -44.393  22.594  4.210 0.6999999881
171627  -43.931  23.058  3.866 0.6999999881
172796  -42.628  23.962  4.001 0.6999999881
173933  -42.567  24.431  3.809 0.6000000238
173934  -43.039  24.409  3.451 0.5000000000
175896  -42.441  25.558  3.244 0.5000000000
177814  -40.277  27.647  3.060 0.6000000238
170431  -44.614  21.806  5.300 0.8999999762
171613  -43.551  22.834  4.276 0.8000000119
176829  -41.258  26.392  3.579 0.6000000238
177806  -40.581  27.016  3.581 0.6999999881
174931  -41.149  25.070  4.561 0.8999999762
173909  -40.750  24.408  5.172 0.8999999762
175882  -40.681  25.706  4.581 0.8000000119
177793  -39.643  26.858  4.747 0.8000000119
176813  -40.293  26.054  4.711 0.8000000119
180718  -37.999  30.348  8.342 0.8000000119
170417  -44.260  21.537  5.914 0.8999999762
172772  -40.803  23.617  5.470 0.8999999762
179768  -37.376  29.248  5.799 0.8000000119
179749  -38.384  29.162  8.599 0.8000000119
179739  -41.076  29.214  9.329 0.8999999762
180722  -42.048  30.371  8.678 0.8000000119
181691  -40.457  30.937  8.686 0.8000000119
181710  -44.240  30.427  7.624 0.8000000119
182716  -43.104  31.204  7.406 0.8000000119
183691  -43.048  32.229  11.595 1.0000000000
180698  -43.883  30.121  9.806 1.0000000000
184673  -45.180  32.945  11.992 1.0000000000
182667  -45.154  31.649  10.537 1.0000000000
183649  -45.871  32.768  14.028 0.8000000119
183678  -46.660  32.691  12.238 1.0000000000
182678  -44.909  31.142  10.186 1.0000000000
180699  -44.404  30.298  9.633 1.0000000000
180711  -44.573  30.139  9.159 1.0000000000
183662  -47.604  32.319  13.249 1.0000000000
182668  -46.019  31.766  10.431 1.0000000000
183709  -47.041  32.130  10.974 1.0000000000
182680  -46.673  31.352  9.782 1.0000000000
181679  -45.870  30.572  8.990 1.0000000000
183603  -47.357  32.767  16.483 0.8000000119
183697  -48.129  31.996  11.471 1.0000000000
182671  -48.317  31.868  10.561 1.0000000000
182681  -47.491  31.664  9.791 1.0000000000
182717  -47.485  31.299  7.738 0.8999999762
184664  -49.092  33.031  12.692 1.0000000000
184680  -49.107  32.940  11.027 1.0000000000
183722  -48.510  32.269  9.158 0.8999999762
185587  -48.930  33.647  10.557 1.0000000000
185593  -48.844  33.722  9.863 1.0000000000
185607  -48.801  33.943  9.123 1.0000000000
186559  -48.941  35.057  6.771 1.0000000000
185637  -48.140  33.873  6.565 0.8999999762
187484  -48.320  35.556  10.109 1.0000000000
186510  -48.656  34.853  9.728 1.0000000000
187522  -48.921  35.516  8.168 1.0000000000
187560  -47.953  35.737  5.792 1.0000000000
188426  -48.650  36.398  8.100 1.0000000000
188445  -48.623  36.625  5.816 1.0000000000
189232  -48.298  37.193  7.572 1.0000000000
184774  -35.635  33.312  4.169 0.5000000000
183798  -35.597  32.331  4.288 0.5000000000
182762  -35.604  31.421  4.225 0.5000000000
181744  -35.806  30.964  4.600 0.6000000238
181745  -36.066  30.543  4.854 0.6000000238
181755  -35.978  30.454  4.337 0.6000000238
185670  -34.125  33.511  5.055 0.3000000119
186592  -35.755  34.541  5.459 0.3000000119
185684  -34.888  33.528  4.387 0.4000000060
185672  -35.372  34.022  4.973 0.4000000060
185673  -36.155  33.873  4.637 0.5000000000
184775  -36.135  33.009  4.827 0.6000000238
184756  -36.576  32.889  5.345 0.6000000238
182737  -36.242  31.631  5.843 0.6999999881
185630  -34.440  34.424  6.663 0.2000000030
185643  -33.304  33.727  6.214 0.1000000015
185644  -34.244  33.972  6.237 0.2000000030
185657  -35.325  34.416  5.720 0.2000000030
186579  -36.234  34.855  5.699 0.4000000060
186593  -36.165  34.508  5.099 0.4000000060
186594  -36.728  34.475  4.698 0.5000000000
185675  -37.196  33.947  4.712 0.6000000238
184776  -36.656  33.263  5.050 0.6000000238
184737  -36.922  32.939  5.632 0.6999999881
183752  -37.369  32.495  6.640 0.6999999881
183737  -37.734  32.397  7.138 0.6999999881
181720  -36.427  31.146  6.359 0.6000000238
186548  -34.194  34.661  7.046 0.1000000015
187541  -35.355  35.497  7.249 0.3000000119
171527  -46.959  22.594  9.476 0.6000000238
186563  -35.202  34.922  6.600 0.2000000030
186550  -35.444  35.242  6.825 0.3000000119
186565  -36.161  35.263  6.247 0.3000000119
187555  -37.283  35.548  6.080 0.5000000000
170373  -45.876  22.053  8.438 0.6000000238
186566  -36.663  35.229  5.975 0.3000000119
187565  -37.529  35.336  5.492 0.6000000238
186581  -37.461  34.800  4.976 0.6000000238
186582  -38.290  34.807  5.014 0.6000000238
185659  -37.628  34.061  4.854 0.6000000238
184758  -37.873  33.638  5.419 0.6000000238
184740  -38.753  33.418  6.067 0.6999999881
184718  -38.803  33.027  6.818 0.6999999881
183728  -38.536  32.324  7.708 0.6999999881
174832  -48.782  25.169  15.202 0.2000000030
174841  -48.618  24.908  14.576 0.2000000030
173792  -48.233  24.599  14.119 0.3000000119
174833  -49.565  25.313  15.228 0.3000000119
173804  -48.101  24.101  13.128 0.3000000119
172659  -46.841  23.579  12.965 0.3000000119
169248  -43.522  21.150  7.152 0.6999999881
173813  -48.791  24.030  12.350 0.5000000000
172675  -47.523  23.045  11.065 0.5000000000
171526  -46.397  22.458  9.976 0.5000000000
170372  -45.213  21.899  8.764 0.6000000238
169249  -44.319  21.297  7.198 0.6999999881
187528  -34.926  35.628  7.644 0.2000000030
187529  -35.715  35.902  7.756 0.3000000119
172689  -47.779  22.987  10.435 0.6000000238
170345  -46.301  22.346  9.480 0.6000000238
187542  -35.868  35.650  7.169 0.3000000119
187544  -37.263  35.781  6.859 0.6000000238
170386  -45.306  21.784  8.055 0.6000000238
187556  -38.059  35.635  5.954 0.6000000238
187557  -38.682  35.542  5.765 0.6000000238
187568  -39.048  35.227  5.341 0.6000000238
185661  -39.371  34.230  4.984 0.6000000238
184760  -39.441  33.752  5.467 0.6000000238
184742  -40.261  33.226  6.057 0.6000000238
183755  -40.002  32.848  7.044 0.6000000238
183740  -39.646  32.527  7.548 0.6999999881
173777  -44.997  24.088  14.822 0.1000000015
172645  -45.220  23.675  13.928 0.2000000030
174810  -46.619  24.914  16.448 0.1000000015
173748  -46.196  24.711  16.070 0.1000000015
173763  -46.005  24.541  15.499 0.1000000015
175776  -48.391  26.019  18.475 0.1000000015
174788  -47.761  25.771  18.246 0.1000000015
174800  -47.636  25.430  17.430 0.1000000015
173749  -46.617  24.808  15.984 0.1000000015
173789  -45.655  23.979  14.251 0.2000000030
175778  -49.820  25.663  18.945 0.1000000015
174801  -48.517  25.777  17.541 0.1000000015
171416  -45.802  22.785  18.303 0.1000000015
173703  -49.212  24.347  18.768 0.1000000015
172567  -47.415  23.495  18.376 0.2000000030
169218  -44.434  21.620  8.685 0.5000000000
169233  -43.104  21.117  7.841 0.6000000238
169247  -42.731  21.130  7.102 0.6999999881
174823  -49.885  25.560  15.939 0.2000000030
172666  -46.127  22.994  12.192 0.3000000119
170358  -45.245  22.038  9.468 0.5000000000
169202  -44.433  21.783  9.252 0.5000000000
174824  -50.636  25.141  16.024 0.2000000030
174834  -50.347  25.170  15.212 0.3000000119
172667  -46.730  23.061  11.940 0.4000000060
170371  -44.792  21.877  9.167 0.5000000000
169234  -43.945  21.282  7.904 0.6999999881
174843  -49.983  25.098  14.643 0.3000000119
173805  -48.933  24.378  13.196 0.3000000119
172660  -47.718  23.739  12.733 0.4000000060
172674  -46.977  22.910  11.262 0.4000000060
170359  -45.832  22.136  9.160 0.5000000000
169219  -44.924  21.709  8.354 0.6000000238
172668  -47.582  23.393  12.039 0.4000000060
187514  -36.285  35.877  8.468 0.3000000119
187531  -37.168  35.733  7.614 0.5000000000
187532  -37.878  35.560  7.482 0.5000000000
187533  -38.524  35.345  7.312 0.6000000238
187517  -38.417  35.145  8.043 0.6000000238
186552  -39.066  35.112  7.197 0.6000000238
187546  -38.756  35.517  6.559 0.6000000238
186567  -39.631  35.294  5.935 0.6000000238
186568  -40.202  35.106  5.682 0.6000000238
185662  -40.237  34.106  4.913 0.6000000238
184743  -40.982  32.956  6.101 0.6000000238
183771  -41.335  32.751  6.187 0.6999999881
170309  -43.485  22.261  11.777 0.3000000119
171488  -44.274  22.725  12.428 0.2000000030
170340  -43.379  21.875  10.768 0.4000000060
172656  -44.167  23.192  13.441 0.1000000015
170310  -44.124  22.343  11.495 0.3000000119
174799  -46.767  25.171  17.327 0.1000000015
174798  -45.920  24.968  17.286 0.1000000015
175775  -47.844  25.938  18.653 0.1000000015
174787  -46.888  25.439  18.146 0.1000000015
174811  -47.482  25.171  16.585 0.2000000030
174790  -50.162  25.065  18.485 0.1000000015
175793  -49.334  25.945  17.317 0.1000000015
173765  -47.280  24.852  15.325 0.3000000119
172646  -46.123  23.717  13.604 0.2000000030
172552  -48.758  24.025  18.512 0.2000000030
174822  -49.001  25.459  15.941 0.2000000030
174821  -48.161  25.198  15.869 0.2000000030
172570  -49.264  23.946  17.991 0.2000000030
175788  -50.201  25.737  18.070 0.2000000030
174814  -50.241  25.704  16.681 0.2000000030
171499  -45.888  22.649  11.374 0.4000000060
170328  -45.539  22.300  10.489 0.4000000060
175789  -50.557  25.380  17.554 0.2000000030
174831  -48.003  24.982  15.071 0.3000000119
169232  -42.294  21.102  7.760 0.6999999881
173735  -50.260  24.238  17.694 0.2000000030
171513  -46.085  22.496  10.615 0.5000000000
187494  -36.909  35.727  9.129 0.4000000060
187515  -37.047  35.646  8.373 0.4000000060
187495  -37.693  35.523  9.025 0.6000000238
186519  -38.906  34.942  8.468 0.6000000238
186539  -39.573  34.801  7.602 0.6000000238
186554  -40.208  34.931  6.431 0.6000000238
187499  -40.991  35.322  9.492 0.6000000238
186505  -40.588  34.805  8.926 0.6000000238
186540  -40.368  34.527  7.330 0.6000000238
186555  -40.704  34.831  6.152 0.6000000238
186596  -40.608  34.542  4.732 0.6000000238
185677  -41.000  33.991  4.678 0.6000000238
184763  -41.735  33.027  5.435 0.6999999881
186506  -41.393  34.825  9.039 0.6000000238
186522  -40.937  34.359  8.123 0.6000000238
185616  -41.776  33.916  7.216 0.6000000238
185648  -41.972  34.473  5.510 0.6000000238
185649  -42.854  33.938  5.709 0.6000000238
184779  -42.469  33.206  4.832 0.6000000238
183772  -41.823  32.629  6.009 0.6999999881
188410  -43.067  36.390  9.200 0.4000000060
187502  -43.370  35.676  9.144 0.5000000000
186508  -42.981  35.001  9.119 0.5000000000
185601  -42.200  33.920  8.053 0.6000000238
190091  -44.414  37.615  7.853 0.5000000000
188411  -43.857  36.378  8.864 0.5000000000
187503  -43.965  35.565  8.939 0.5000000000
191841  -44.747  39.428  5.840 0.6000000238
190107  -45.462  37.983  6.536 0.6000000238
189228  -44.698  37.350  7.785 0.6000000238
188424  -44.547  36.337  8.451 0.5000000000
192775  -45.627  39.857  4.622 0.6000000238
190113  -45.663  38.330  5.977 0.6000000238
190108  -46.004  37.627  6.282 0.6000000238
189236  -45.578  37.376  7.028 0.6000000238
193744  -45.819  41.159  4.374 0.6999999881
191861  -46.445  39.543  4.479 0.6999999881
190114  -46.170  37.964  5.745 0.6999999881
193745  -46.468  40.894  4.530 0.6999999881
191862  -47.093  39.567  4.591 0.6999999881
190120  -46.731  37.983  5.098 0.8000000119
191016  -47.435  38.806  4.937 0.8000000119
194691  -47.000  42.001  5.279 0.6999999881
193736  -47.163  40.706  5.149 0.6999999881
191851  -47.500  39.550  5.112 0.8000000119
192754  -47.371  40.176  5.964 0.6999999881
193714  -47.082  41.067  6.427 0.6999999881
194682  -47.192  41.497  5.679 0.6999999881
193706  -46.715  41.168  7.146 0.6999999881
195666  -46.733  42.820  7.314 0.6999999881
195683  -46.969  42.898  5.787 0.6999999881
172644  -44.344  23.530  13.987 0.1000000015
171487  -43.567  22.599  12.496 0.1000000015
173762  -45.173  24.417  15.541 0.1000000015
173776  -44.160  23.999  15.086 0.1000000015
173733  -45.088  24.678  16.771 0.1000000015
171479  -45.209  22.997  12.723 0.2000000030
175761  -47.192  25.775  19.460 0.1000000015
174786  -46.039  25.215  18.050 0.1000000015
171489  -44.921  22.786  12.265 0.3000000119
173790  -46.531  24.063  13.982 0.2000000030
172658  -45.870  23.242  12.877 0.3000000119
173780  -47.480  24.725  14.834 0.3000000119
170327  -45.006  22.275  10.819 0.4000000060
170341  -43.871  21.928  10.487 0.3000000119
173803  -47.218  23.987  13.369 0.3000000119
170342  -44.530  22.027  10.343 0.4000000060
169217  -43.505  21.270  8.648 0.5000000000
169216  -42.608  21.107  8.546 0.8000000119
169214  -40.966  21.252  8.309 0.8000000119
169213  -40.170  21.631  8.139 0.6999999881
185633  -42.229  33.946  6.401 0.6000000238
185634  -42.861  33.639  6.466 0.6000000238
185666  -43.184  33.849  5.100 0.6000000238
184781  -43.783  32.949  4.466 0.6000000238
182738  -42.994  32.111  5.758 0.6999999881
186525  -43.362  34.500  8.772 0.5000000000
185603  -43.802  34.011  8.395 0.5000000000
185618  -43.498  33.537  7.699 0.6000000238
184703  -43.983  33.193  7.196 0.6000000238
184747  -44.269  33.000  5.813 0.6999999881
183774  -44.604  32.598  5.344 0.6999999881
182753  -44.316  31.715  5.294 0.6999999881
187518  -44.491  35.519  8.682 0.5000000000
185604  -44.537  34.157  8.434 0.5000000000
185619  -44.253  33.578  7.918 0.6000000238
184704  -44.717  33.221  7.406 0.6000000238
183760  -44.889  32.673  6.092 0.6999999881
183775  -45.310  32.430  5.543 0.6999999881
188431  -45.757  36.404  7.625 0.5000000000
187519  -45.138  35.606  8.344 0.5000000000
192763  -44.213  40.029  5.723 0.4000000060
193743  -44.983  41.142  4.411 0.6000000238
189244  -46.747  37.149  5.884 0.6000000238
194700  -45.517  41.973  4.420 0.6000000238
194701  -46.397  41.985  4.592 0.6000000238
195695  -46.549  42.989  4.976 0.6000000238
191001  -47.737  38.987  6.065 0.6999999881
195675  -46.930  42.860  6.575 0.6999999881
172655  -43.713  23.086  13.422 0.1000000015
174797  -45.096  24.818  17.206 0.1000000015
173746  -44.530  24.519  16.275 0.1000000015
172630  -43.718  23.777  14.740 0.1000000015
169166  -42.490  21.645  10.928 0.4000000060
174769  -46.128  25.387  18.832 0.1000000015
174768  -45.320  25.256  18.721 0.1000000015
173732  -44.711  24.653  16.839 0.1000000015
173745  -43.702  24.443  16.334 0.1000000015
169201  -43.885  21.644  9.491 0.5000000000
169200  -42.932  21.293  9.383 0.6000000238
174871  -38.493  25.556  9.675 0.8000000119
180682  -40.686  30.303  11.271 0.8000000119
186528  -45.451  34.831  8.291 0.5000000000
184705  -45.455  33.343  7.523 0.8000000119
184706  -46.150  33.554  7.464 0.8000000119
183761  -45.606  32.622  6.295 0.6999999881
187520  -45.716  35.366  8.132 0.5000000000
186543  -46.606  34.849  7.575 0.6000000238
185622  -46.352  34.169  7.694 0.6999999881
185635  -46.888  34.101  7.357 0.8000000119
192772  -43.857  40.704  5.275 0.4000000060
188432  -46.394  36.379  7.087 0.6000000238
187548  -47.239  35.539  6.666 0.6999999881
194699  -44.751  41.958  4.404 0.6000000238
195693  -44.510  42.992  4.822 0.4000000060
188439  -46.926  36.418  6.439 0.6000000238
195702  -45.097  42.695  4.623 0.6000000238
196669  -45.870  43.479  5.018 0.5000000000
195703  -45.942  42.803  4.698 0.6000000238
190121  -47.831  38.426  5.255 0.8000000119
196670  -46.487  43.937  5.285 0.6000000238
196658  -46.879  44.174  5.958 0.6999999881
172615  -43.520  23.964  15.189 0.1000000015
170308  -42.813  22.094  11.811 0.3000000119
174755  -46.139  25.482  19.590 0.1000000015
174754  -45.378  25.366  19.461 0.1000000015
174767  -44.561  25.138  18.651 0.1000000015
173730  -43.076  24.582  17.081 0.1000000015
174745  -46.795  25.712  20.479 0.1000000015
174753  -44.626  25.297  19.338 0.1000000015
169183  -42.295  21.280  10.104 0.5000000000
169184  -43.214  21.629  10.250 0.4000000060
169215  -41.766  21.097  8.432 0.8000000119
182596  -41.011  31.527  14.980 0.5000000000
182616  -41.403  31.823  14.723 0.6999999881
183656  -40.200  32.171  13.126 0.6000000238
179710  -39.661  29.479  11.233 0.8999999762
181603  -42.112  31.104  15.986 0.6000000238
183672  -40.595  32.074  12.410 0.6999999881
182650  -40.637  31.366  11.686 0.6999999881
182599  -42.912  31.429  15.767 0.6000000238
182618  -42.809  31.870  15.191 0.6999999881
181576  -43.269  31.228  17.221 0.5000000000
182600  -43.812  31.776  15.580 0.6000000238
183647  -44.290  32.735  14.320 0.8000000119
184584  -43.813  33.069  16.823 0.6000000238
181588  -44.247  31.363  16.903 0.5000000000
182589  -44.556  31.512  16.606 0.6999999881
185496  -44.256  33.521  16.674 0.5000000000
183586  -45.082  32.549  17.100 0.6000000238
183587  -45.977  32.618  17.016 0.6999999881
185498  -45.761  34.078  17.037 0.5000000000
184587  -46.372  33.381  17.132 0.6999999881
185500  -47.117  34.062  16.926 0.6999999881
195700  -43.800  42.456  4.528 0.4000000060
196668  -44.995  43.406  5.059 0.5000000000
197529  -44.750  44.680  5.918 0.5000000000
197530  -45.428  44.818  5.857 0.5000000000
190109  -47.837  38.283  6.918 0.8999999762
190095  -47.474  37.752  7.909 0.8999999762
189223  -46.674  37.589  8.618 0.8999999762
189213  -46.410  37.183  9.199 0.8999999762
188397  -46.510  36.564  9.843 0.8999999762
188396  -45.648  36.753  10.046 0.8999999762
198347  -46.078  45.215  5.801 0.5000000000
196648  -46.924  43.814  6.306 0.6999999881
198332  -46.700  45.223  5.933 0.6000000238
171463  -42.747  23.070  13.706 0.2000000030
171486  -42.869  22.567  12.723 0.2000000030
172629  -42.818  23.690  14.727 0.1000000015
173744  -42.858  24.378  16.416 0.1000000015
173759  -42.589  24.146  15.855 0.1000000015
174751  -43.190  25.222  19.260 0.1000000015
169199  -42.030  21.100  9.254 0.6000000238
172722  -38.477  23.805  8.798 0.6999999881
175838  -38.456  25.803  9.918 0.8000000119
183600  -41.191  32.769  16.598 0.4000000060
182563  -41.665  31.574  17.453 0.4000000060
181584  -41.389  30.797  16.374 0.5000000000
183642  -40.354  32.180  13.823 0.6999999881
182637  -40.054  31.667  12.202 0.6000000238
178746  -38.792  28.254  11.001 0.8000000119
184582  -42.191  32.861  16.630 0.4000000060
181563  -42.560  31.323  17.360 0.5000000000
186431  -41.167  34.921  15.116 0.3000000119
185510  -41.750  33.716  15.860 0.4000000060
184605  -42.484  33.473  16.255 0.4000000060
184583  -42.961  32.946  16.712 0.4000000060
185530  -42.516  34.595  15.571 0.4000000060
184606  -43.382  33.530  16.441 0.4000000060
188306  -42.693  36.410  15.646 0.4000000060
186434  -43.263  35.338  15.731 0.4000000060
188291  -43.611  36.534  16.356 0.5000000000
186414  -44.247  34.958  16.308 0.5000000000
188283  -44.556  36.668  17.182 0.5000000000
187387  -44.988  35.417  16.826 0.5000000000
187380  -45.947  35.539  17.465 0.5000000000
186401  -46.474  35.446  17.516 0.6000000238
188284  -45.222  36.502  17.544 0.5000000000
188276  -46.046  36.443  17.656 0.6000000238
186416  -47.033  34.990  16.586 0.6999999881
188310  -45.849  36.285  15.797 0.6999999881
188323  -45.639  35.974  15.223 0.6999999881
187457  -46.083  35.643  11.481 0.8999999762
188361  -45.141  36.213  11.143 0.8999999762
192753  -47.183  40.241  6.418 0.6999999881
191824  -46.802  39.757  7.203 0.8000000119
190984  -46.841  38.981  7.567 0.8000000119
190085  -45.812  37.900  8.899 0.8999999762
198330  -45.057  45.325  6.148 0.5000000000
199087  -45.391  46.005  6.237 0.5000000000
171462  -42.057  22.995  13.793 0.2000000030
173741  -40.495  24.196  16.651 0.1000000015
172628  -41.947  23.661  14.861 0.2000000030
171474  -41.726  22.601  13.221 0.2000000030
173715  -41.653  24.528  17.819 0.1000000015
173758  -41.765  24.157  15.983 0.2000000030
174781  -42.573  24.918  18.345 0.1000000015
169182  -41.393  21.127  9.962 0.6999999881
169198  -41.159  21.131  9.117 0.8000000119
169212  -39.690  21.876  8.396 0.6999999881
171537  -38.130  23.435  9.601 0.8999999762
174865  -37.730  25.398  10.410 0.6999999881
172712  -38.194  23.856  9.379 0.8000000119
183579  -39.329  32.292  17.117 0.4000000060
181560  -40.724  30.940  17.650 0.4000000060
181599  -39.096  30.895  15.290 0.4000000060
182627  -38.579  31.527  13.274 0.5000000000
178738  -38.122  28.377  11.160 0.5000000000
177745  -38.281  27.497  10.859 0.8000000119
175831  -38.296  26.116  10.280 0.8000000119
184602  -40.055  33.100  16.175 0.3000000119
180634  -40.724  30.581  16.509 0.4000000060
182623  -39.563  31.859  13.851 0.5000000000
183670  -39.474  31.778  12.940 0.6000000238
180680  -39.298  30.020  11.471 0.6999999881
186430  -40.340  34.643  15.124 0.3000000119
184618  -40.850  33.552  15.880 0.3000000119
187413  -41.026  35.802  14.943 0.3000000119
189995  -41.688  37.646  15.828 0.4000000060
189977  -42.799  37.803  16.743 0.5000000000
189082  -43.399  37.582  17.061 0.5000000000
189966  -44.406  37.777  17.912 0.5000000000
189957  -45.376  37.943  17.788 0.6000000238
194655  -45.813  41.942  8.402 0.8000000119
195657  -45.906  42.787  8.336 0.8000000119
187442  -45.408  35.545  12.209 0.8999999762
196630  -46.586  43.605  7.708 0.6999999881
194665  -46.517  41.983  7.596 0.6999999881
192734  -45.752  40.479  8.253 0.8000000119
190084  -45.241  38.241  9.068 0.8000000119
189211  -45.225  37.626  9.493 0.8999999762
196640  -46.863  43.651  7.058 0.6999999881
189200  -44.857  37.391  9.969 0.8999999762
199846  -46.411  46.389  6.086 0.5000000000
199833  -46.827  46.445  6.470 0.5000000000
199070  -44.900  46.325  6.575 0.4000000060
199832  -45.333  46.758  6.445 0.5000000000
200673  -45.781  47.131  6.323 0.5000000000
172611  -40.507  23.972  15.777 0.1000000015
172627  -41.083  23.674  14.980 0.2000000030
170296  -41.788  22.199  12.505 0.3000000119
169165  -41.631  21.328  10.786 0.5000000000
170338  -38.641  22.285  9.701 0.8000000119
170354  -38.888  22.441  8.894 0.6999999881
190847  -43.626  39.181  18.360 0.5000000000
190848  -44.384  39.063  18.236 0.6000000238
199041  -45.915  46.057  8.556 0.6000000238
199819  -46.938  46.607  7.068 0.6999999881
200669  -46.693  47.413  6.616 0.5000000000
172610  -39.618  23.819  15.702 0.1000000015
172640  -40.768  23.327  14.413 0.2000000030
172639  -39.957  23.367  14.371 0.1000000015
171473  -40.914  22.566  13.374 0.3000000119
169138  -40.663  21.665  11.943 0.4000000060
169196  -39.685  21.680  8.805 0.8000000119
171459  -39.675  22.965  13.822 0.3000000119
169147  -41.838  21.655  11.412 0.4000000060
169180  -39.499  21.531  9.680 0.8000000119
172647  -46.571  23.806  13.517 0.3000000119
180769  -35.976  30.375  3.409 0.5000000000
182725  -36.890  31.606  6.936 0.6999999881
182709  -37.423  32.023  7.365 0.6999999881
183673  -41.474  32.379  12.440 0.6999999881
183627  -43.635  32.271  14.937 0.6999999881
183644  -41.884  32.593  13.772 0.6999999881
183790  -44.930  32.264  4.851 0.6999999881
183763  -46.664  32.770  6.453 0.8000000119
178747  -39.657  28.326  10.917 0.8999999762
183608  -44.583  32.171  15.350 0.6999999881
184727  -46.793  33.234  6.866 0.8000000119
186556  -47.162  34.799  7.102 0.8000000119
188414  -47.274  36.657  9.426 0.8999999762
189225  -48.007  36.972  8.369 0.8999999762
191002  -47.986  38.442  6.335 0.8000000119
183799  -35.836  32.380  4.798 0.6000000238
183785  -36.026  32.167  5.251 0.6000000238
182750  -35.928  31.242  5.212 0.6999999881
185656  -34.732  33.980  5.649 0.2000000030
185671  -34.455  33.594  4.972 0.4000000060
185674  -36.823  33.698  4.713 0.6000000238
183769  -36.691  32.470  5.908 0.6999999881
183770  -37.093  32.568  6.205 0.6999999881
182724  -36.705  31.984  6.379 0.6999999881
186549  -34.860  35.002  6.940 0.2000000030
185645  -34.964  34.533  6.278 0.2000000030
186564  -35.533  34.975  6.366 0.3000000119
186580  -36.871  34.949  5.439 0.3000000119
184757  -37.122  33.399  5.235 0.6999999881
184738  -37.331  32.997  5.947 0.6999999881
184716  -37.690  32.996  6.299 0.6999999881
184717  -38.098  33.049  6.505 0.6999999881
183754  -38.461  32.669  7.183 0.6999999881
187530  -36.439  35.842  7.715 0.4000000060
171501  -47.048  22.839  10.833 0.6000000238
186551  -35.874  35.412  6.678 0.3000000119
187554  -36.750  35.584  6.381 0.4000000060
187545  -37.985  35.699  6.717 0.6000000238
187566  -38.124  35.323  5.331 0.6000000238
185660  -38.521  34.207  4.989 0.6000000238
184759  -38.659  33.793  5.482 0.6000000238
184741  -39.507  33.367  6.119 0.6000000238
184700  -39.145  32.932  7.135 0.6999999881
173793  -49.131  24.739  13.938 0.2000000030
172669  -48.329  23.698  12.144 0.4000000060
187512  -34.549  35.954  8.208 0.2000000030
187527  -34.232  35.437  7.763 0.1000000015
187543  -36.482  35.728  6.922 0.3000000119
186583  -39.251  34.968  5.235 0.6000000238
184762  -40.954  33.419  5.234 0.6000000238
173779  -46.670  24.459  14.777 0.2000000030
175764  -49.260  25.979  19.522 0.1000000015
175787  -49.156  25.998  17.826 0.1000000015
174812  -48.354  25.446  16.699 0.1000000015
173691  -49.640  24.936  19.336 0.1000000015
174791  -50.315  24.671  18.204 0.2000000030
172569  -48.493  23.678  17.931 0.2000000030
171500  -46.542  22.767  11.177 0.4000000060
173750  -50.648  24.319  17.127 0.2000000030
187516  -37.790  35.407  8.251 0.6000000238
186538  -38.970  34.958  7.819 0.6000000238
186502  -38.890  34.967  8.768 0.6000000238
186553  -39.549  35.105  6.737 0.6000000238
186584  -40.223  34.692  5.099 0.6000000238
184778  -41.727  33.474  4.836 0.6000000238
172584  -48.967  23.449  17.265 0.2000000030
186503  -39.173  34.894  8.839 0.6000000238
186504  -39.829  34.834  8.909 0.6000000238
186521  -40.109  34.599  8.226 0.6000000238
185631  -40.716  34.548  6.783 0.6000000238
187498  -40.226  35.229  9.471 0.6000000238
185615  -40.989  34.220  7.356 0.6000000238
186570  -41.399  34.724  5.290 0.6000000238
185632  -41.337  34.415  6.313 0.6000000238
185664  -42.054  34.522  4.949 0.6000000238
185679  -42.231  33.789  4.584 0.6000000238
183787  -42.690  32.605  5.256 0.6999999881
186507  -42.214  34.913  9.149 0.5000000000
186523  -41.797  34.360  8.552 0.6000000238
184722  -43.278  33.519  6.093 0.6000000238
189219  -43.886  37.153  8.537 0.5000000000
186524  -42.602  34.374  8.725 0.5000000000
190099  -44.690  37.985  7.339 0.5000000000
188423  -44.184  36.769  8.544 0.5000000000
191849  -45.001  39.622  5.370 0.6000000238
191006  -45.427  39.203  5.342 0.6000000238
190991  -45.027  38.517  6.491 0.6000000238
188425  -45.205  36.390  8.031 0.5000000000
191007  -45.971  38.815  5.179 0.6999999881
188438  -46.519  36.774  6.678 0.6000000238
191015  -46.703  38.778  4.734 0.6999999881
192735  -46.130  40.474  7.791 0.8000000119
183789  -44.129  32.435  4.812 0.6999999881
184724  -44.459  32.964  6.638 0.6999999881
185620  -44.977  33.723  8.008 0.5000000000
184725  -45.175  32.914  6.854 0.6999999881
193734  -44.651  40.672  4.737 0.4000000060
190993  -47.544  38.837  6.873 0.8000000119
174784  -44.448  24.959  17.970 0.1000000015
186542  -46.033  34.815  7.970 0.6000000238
194698  -44.060  41.877  4.468 0.4000000060
194690  -43.606  41.631  4.826 0.4000000060
196667  -44.170  43.446  5.142 0.4000000060
198312  -47.028  44.969  6.671 0.6999999881
174743  -45.456  25.387  20.125 0.1000000015
174782  -42.975  24.923  18.176 0.1000000015
173729  -42.261  24.472  17.161 0.1000000015
181615  -40.178  31.229  15.141 0.5000000000
183643  -41.139  32.434  13.725 0.6999999881
181643  -38.934  30.753  11.842 0.6000000238
190976  -46.498  38.572  8.025 0.8000000119
198295  -46.955  45.097  7.194 0.6999999881
173742  -41.262  24.274  16.611 0.1000000015
183599  -40.469  32.730  16.606 0.4000000060
188305  -41.939  36.424  15.363 0.4000000060
190983  -46.312  39.398  7.789 0.8000000119
190975  -46.045  39.044  8.155 0.8000000119
168016  -49.039  20.584  12.347 0.1000000015
168019  -49.273  20.574  11.504 0.1000000015
168031  -49.757  20.747  10.769 0.2000000030
169186  -50.250  20.957  10.236 0.2000000030
169204  -50.740  21.171  9.654 0.2000000030
168003  -46.852  20.298  13.725 0.1000000015
168008  -47.003  19.945  13.211 0.1000000015
168010  -48.535  20.594  13.058 0.1000000015
168015  -48.295  20.162  12.077 0.1000000015
168030  -49.163  20.513  10.581 0.2000000030
168042  -49.695  20.762  10.037 0.2000000030
169203  -50.178  20.934  9.500 0.2000000030
169221  -50.580  20.966  8.753 0.2000000030
166822  -44.646  19.795  14.110 0.1000000015
166824  -46.120  19.827  13.546 0.1000000015
166829  -46.907  19.660  12.844 0.1000000015
168014  -47.691  19.913  12.349 0.1000000015
168060  -49.121  20.512  8.365 0.2000000030
166821  -43.952  19.533  14.138 0.1000000015
165635  -44.896  19.358  13.693 0.1000000015
165640  -45.168  18.829  13.150 0.1000000015
165638  -43.253  18.466  13.420 0.1000000015
165639  -44.066  18.590  13.276 0.1000000015
164423  -41.891  18.219  13.643 0.1000000015
164429  -42.891  17.908  13.177 0.1000000015
164430  -43.625  17.846  12.940 0.1000000015
169170  -51.249  21.589  11.640 0.1000000015
169169  -50.727  21.271  11.334 0.1000000015
169187  -50.777  21.232  10.492 0.2000000030
169205  -51.310  21.543  9.943 0.2000000030
170361  -51.631  22.091  9.325 0.2000000030
171566  -51.472  22.675  7.895 0.2000000030
169131  -48.644  20.948  13.535 0.1000000015
169132  -49.204  21.086  13.303 0.1000000015
169150  -49.971  20.989  11.829 0.1000000015
168020  -49.834  20.791  11.274 0.1000000015
169168  -50.238  20.981  10.986 0.2000000030
169222  -51.284  21.405  9.040 0.2000000030
170375  -51.521  22.001  8.434 0.2000000030
169125  -46.372  20.877  14.451 0.1000000015
168004  -47.851  20.685  13.641 0.1000000015
169237  -51.173  21.362  8.148 0.2000000030
167995  -45.309  20.577  14.631 0.1000000015
168002  -45.830  20.378  14.165 0.1000000015
168049  -48.541  20.363  8.871 0.2000000030
168062  -50.341  20.814  8.244 0.2000000030
170389  -51.412  21.972  7.579 0.2000000030
168048  -47.907  20.246  8.666 0.2000000030
169188  -51.285  21.592  10.829 0.1000000015
170346  -51.614  22.279  10.304 0.2000000030
171542  -51.544  22.866  9.558 0.2000000030
171554  -51.522  22.746  8.724 0.3000000119
169120  -48.150  21.735  14.771 0.1000000015
169127  -48.427  21.307  14.146 0.1000000015
169133  -50.005  21.548  13.567 0.1000000015
169151  -50.725  21.440  12.244 0.1000000015
171530  -51.452  23.025  10.230 0.4000000060
172726  -51.369  23.480  9.009 0.4000000060
173864  -51.028  24.039  8.495 0.3000000119
172738  -51.365  23.394  8.189 0.2000000030
172749  -51.362  23.327  7.393 0.2000000030
169126  -47.297  21.056  14.316 0.1000000015
171579  -51.436  22.650  7.112 0.2000000030
169124  -45.925  20.753  14.547 0.1000000015
169236  -50.661  20.940  7.869 0.2000000030
169252  -51.057  21.338  7.287 0.2000000030
171594  -51.366  22.649  6.528 0.2000000030
173872  -49.712  24.035  8.265 0.4000000060
173873  -50.484  24.361  7.939 0.3000000119
173862  -49.801  23.930  9.194 0.4000000060
173863  -50.350  24.286  8.822 0.4000000060
171464  -51.223  22.370  14.131 0.2000000030
171465  -51.438  22.652  13.640 0.3000000119
171502  -51.335  22.757  11.673 0.3000000119
172705  -51.196  23.544  10.582 0.2000000030
173856  -50.924  24.043  9.322 0.4000000060
169113  -46.336  21.805  15.690 0.2000000030
170267  -47.319  21.934  15.412 0.2000000030
170269  -48.621  21.939  14.934 0.2000000030
170278  -50.173  21.905  14.185 0.2000000030
170300  -51.229  22.153  12.621 0.2000000030
170313  -51.350  22.089  12.017 0.2000000030
172716  -51.273  23.534  9.803 0.5000000000
173885  -50.709  24.450  7.008 0.2000000030
173874  -51.123  23.998  7.662 0.2000000030
169112  -45.911  21.601  15.625 0.1000000015
169118  -46.662  21.524  15.140 0.1000000015
173886  -51.208  23.900  6.893 0.2000000030
169107  -44.896  21.706  16.385 0.1000000015
174899  -50.617  24.782  6.322 0.2000000030
173898  -51.086  24.281  6.168 0.2000000030
172763  -51.242  23.605  6.161 0.2000000030
172776  -51.094  23.642  5.560 0.2000000030
173912  -50.896  24.438  5.216 0.2000000030
174935  -50.707  25.526  3.976 0.1000000015
173925  -50.759  24.633  4.375 0.2000000030
173854  -49.739  23.905  9.954 0.4000000060
173855  -50.269  24.178  9.637 0.4000000060
172737  -49.248  23.731  8.393 0.5000000000
173816  -51.146  23.952  12.704 0.3000000119
173835  -50.651  24.074  11.011 0.5000000000
173845  -50.137  24.113  10.397 0.4000000060
173871  -49.311  23.822  8.063 0.5000000000
173883  -49.324  23.936  7.576 0.4000000060
173884  -49.892  24.426  7.242 0.3000000119
170268  -47.950  21.998  15.245 0.2000000030
171451  -50.506  22.452  15.041 0.2000000030
172648  -51.469  23.413  14.040 0.3000000119
172747  -48.369  23.359  7.098 0.5000000000
172748  -48.849  23.641  7.296 0.5000000000
173896  -49.191  24.122  6.586 0.4000000060
173897  -49.814  24.604  6.494 0.3000000119
170259  -45.590  21.773  16.012 0.2000000030
170262  -47.637  22.364  15.969 0.2000000030
171445  -48.813  22.629  15.978 0.2000000030
172617  -51.280  23.370  15.418 0.3000000119
173895  -48.726  23.764  6.381 0.4000000060
172775  -48.321  23.543  5.494 0.4000000060
173911  -49.160  24.374  5.608 0.3000000119
174907  -49.579  24.642  6.014 0.3000000119
167970  -42.587  20.902  18.147 0.1000000015
170242  -44.025  21.816  17.895 0.1000000015
170253  -45.332  21.985  16.545 0.1000000015
170254  -46.263  22.431  16.775 0.2000000030
171429  -48.383  23.096  16.950 0.2000000030
171439  -49.194  22.958  16.435 0.2000000030
173936  -48.436  24.076  3.844 0.3000000119
174919  -49.633  24.907  5.343 0.3000000119
174908  -50.103  24.992  5.995 0.2000000030
170247  -44.609  21.933  17.210 0.1000000015
170248  -45.486  22.460  17.559 0.1000000015
170249  -46.091  22.633  17.371 0.1000000015
173924  -49.151  24.560  4.713 0.2000000030
174909  -50.707  24.984  5.664 0.2000000030
174973  -45.955  24.987  1.753 0.2000000030
173961  -47.488  24.662  2.140 0.2000000030
174948  -49.263  25.393  3.547 0.2000000030
174933  -49.587  25.287  4.486 0.3000000119
174921  -50.734  25.245  4.856 0.2000000030
176865  -44.394  26.608  1.067 0.2000000030
175942  -45.193  26.025  1.166 0.2000000030
174974  -46.749  25.028  1.668 0.2000000030
174960  -48.703  25.274  2.718 0.2000000030
175885  -49.773  25.728  3.945 0.2000000030
174934  -50.225  25.714  4.448 0.2000000030
175955  -45.509  26.384  0.816 0.2000000030
174989  -46.794  25.551  1.251 0.2000000030
175897  -49.615  25.947  3.354 0.2000000030
175911  -48.852  25.836  2.420 0.2000000030
175886  -50.172  25.974  3.750 0.1000000015
175944  -46.805  26.083  0.910 0.2000000030
174991  -48.129  26.033  1.368 0.2000000030
173822  -50.097  24.260  11.716 0.3000000119
173844  -49.614  23.907  10.614 0.5000000000
172715  -49.328  23.687  9.613 0.5000000000
172736  -48.961  23.582  8.038 0.5000000000
173808  -51.141  24.048  13.692 0.3000000119
173815  -50.360  24.469  12.493 0.3000000119
173821  -49.353  24.014  11.643 0.4000000060
172599  -49.581  23.325  16.821 0.2000000030
172616  -50.975  23.436  15.984 0.3000000119
173796  -51.253  24.079  14.572 0.2000000030
173807  -50.526  24.535  13.374 0.2000000030
172760  -48.073  23.255  5.735 0.5000000000
169092  -43.616  21.631  18.634 0.1000000015
171427  -47.204  22.970  17.286 0.1000000015
172598  -49.151  23.217  16.826 0.2000000030
172586  -50.326  23.962  17.247 0.2000000030
172600  -50.383  23.619  16.654 0.2000000030
173935  -47.645  23.580  3.499 0.3000000119
172788  -48.207  23.516  4.698 0.3000000119
170243  -44.689  22.217  18.154 0.1000000015
173960  -46.658  24.457  2.114 0.2000000030
175941  -44.342  26.144  1.420 0.2000000030
177835  -43.331  27.329  1.028 0.2000000030
176866  -44.962  26.599  0.847 0.2000000030
176880  -43.879  27.074  0.949 0.2000000030
172703  -48.871  23.464  10.003 0.5000000000
173820  -48.960  23.892  11.844 0.4000000060
173795  -50.625  24.677  14.374 0.2000000030
173806  -49.726  24.629  13.200 0.4000000060
173782  -50.961  24.611  15.274 0.2000000030
176864  -43.551  26.759  1.383 0.2000000030
177834  -42.573  27.458  1.397 0.2000000030
178836  -41.816  28.141  1.154 0.2000000030
177846  -42.985  27.737  0.838 0.2000000030
172677  -48.870  23.732  11.471 0.4000000060
171516  -47.885  22.957  10.044 0.5000000000
172670  -48.749  23.824  11.951 0.4000000060
171528  -47.711  22.835  9.530 0.5000000000
170360  -46.422  22.333  8.861 0.5000000000
181762  -35.649  30.911  3.473 0.4000000060
170285  -40.618  22.197  12.900 0.2000000030
170282  -38.682  22.424  12.717 0.2000000030
170293  -39.551  21.731  12.104 0.2000000030
170304  -39.467  21.523  11.500 0.3000000119
169162  -39.167  21.534  10.547 0.5000000000
170337  -38.207  22.453  10.368 0.5000000000
171524  -38.061  23.025  9.928 0.6000000238
187496  -38.595  35.171  8.949 0.4000000060
170284  -39.859  22.129  12.835 0.2000000030
171470  -38.447  22.747  13.044 0.2000000030
172665  -37.624  23.252  12.836 0.2000000030
187478  -38.248  35.629  9.617 0.4000000060
188391  -39.431  36.444  10.105 0.4000000060
187479  -38.998  35.701  9.765 0.4000000060
190058  -38.649  38.090  10.542 0.3000000119
189195  -39.086  37.187  10.364 0.4000000060
188392  -40.269  36.482  10.013 0.4000000060
187482  -41.228  35.916  9.733 0.4000000060
190954  -40.773  38.592  9.782 0.3000000119
189197  -40.740  37.201  9.982 0.3000000119
188393  -40.997  36.487  9.859 0.4000000060
187500  -41.799  35.603  9.500 0.3000000119
190072  -41.319  37.959  9.695 0.3000000119
195688  -41.266  42.838  5.758 0.3000000119
197547  -42.151  44.155  5.272 0.3000000119
196665  -42.664  43.453  4.991 0.3000000119
196666  -43.437  43.453  5.048 0.3000000119
197526  -42.416  44.549  5.833 0.3000000119
197527  -43.184  44.490  5.956 0.3000000119
197549  -43.690  43.989  5.513 0.3000000119
198309  -42.204  45.537  6.692 0.3000000119
198310  -42.978  45.559  6.749 0.3000000119
198328  -43.458  45.078  6.368 0.3000000119
197528  -43.971  44.583  5.949 0.3000000119
198329  -44.279  45.304  6.366 0.4000000060
190069  -39.007  38.493  10.369 0.3000000119
190073  -41.733  37.510  9.550 0.3000000119
189198  -41.413  37.105  9.724 0.3000000119
188409  -42.325  36.377  9.446 0.3000000119
187501  -42.645  35.650  9.332 0.3000000119
191796  -39.597  39.502  9.776 0.3000000119
190953  -40.050  38.822  9.938 0.3000000119
188394  -41.640  36.422  9.660 0.3000000119
193685  -40.140  40.785  8.833 0.3000000119
191804  -40.358  39.793  9.280 0.3000000119
191805  -41.006  39.655  9.015 0.3000000119
190963  -42.119  38.869  8.878 0.3000000119
190972  -42.933  38.853  8.218 0.3000000119
190973  -43.468  38.486  7.998 0.3000000119
194662  -40.023  41.809  7.621 0.3000000119
193694  -40.266  41.145  8.193 0.3000000119
192732  -41.354  40.401  8.118 0.3000000119
191812  -41.403  39.840  8.618 0.3000000119
191814  -42.477  39.471  8.139 0.4000000060
190980  -43.183  39.223  7.700 0.4000000060
190981  -43.704  38.849  7.466 0.5000000000
190990  -44.469  38.852  6.703 0.5000000000
194670  -40.176  42.148  7.113 0.3000000119
193711  -41.255  41.471  6.909 0.3000000119
193704  -41.652  40.867  7.293 0.3000000119
192750  -42.337  40.718  6.842 0.3000000119
192751  -42.900  40.386  6.647 0.3000000119
191831  -43.986  39.422  6.589 0.5000000000
194678  -41.109  42.074  6.433 0.3000000119
195682  -41.539  42.474  5.901 0.3000000119
194680  -42.140  41.796  5.983 0.3000000119
193731  -42.871  41.607  5.498 0.3000000119
192762  -43.644  40.356  5.896 0.3000000119
195690  -42.463  42.712  5.088 0.3000000119
195691  -43.221  42.745  4.712 0.3000000119
199827  -41.344  46.766  7.047 0.2000000030
199828  -42.090  46.708  7.229 0.3000000119
199067  -42.532  46.117  7.039 0.3000000119
199829  -42.857  46.774  7.268 0.3000000119
199066  -41.749  46.109  6.924 0.3000000119
198311  -43.660  45.629  6.707 0.3000000119
199069  -44.216  46.154  6.793 0.3000000119
190951  -38.588  38.899  10.338 0.3000000119
190952  -39.273  38.898  10.145 0.3000000119
189208  -42.004  37.075  9.489 0.3000000119
191795  -38.866  39.569  9.974 0.3000000119
189209  -42.700  37.136  9.210 0.3000000119
190080  -42.188  37.918  9.247 0.3000000119
190081  -43.095  37.908  8.679 0.3000000119
190098  -44.127  38.317  7.528 0.4000000060
199830  -43.726  47.056  7.135 0.3000000119
200655  -41.599  47.790  7.284 0.2000000030
199816  -42.396  47.310  7.368 0.3000000119
201493  -42.306  48.373  7.355 0.3000000119
200658  -43.213  47.903  7.355 0.3000000119
200664  -41.077  47.663  7.118 0.2000000030
201501  -40.587  48.342  6.972 0.2000000030
200666  -44.409  47.703  6.949 0.3000000119
200667  -45.263  47.581  6.579 0.3000000119
200662  -39.880  47.697  6.585 0.2000000030
201502  -41.060  48.349  7.157 0.2000000030
203118  -41.723  49.420  7.263 0.2000000030
201506  -46.382  48.264  6.487 0.4000000060
201494  -42.918  48.388  7.373 0.3000000119
203121  -43.437  49.261  7.244 0.3000000119
202296  -44.421  49.102  6.971 0.3000000119
201505  -45.661  48.400  6.503 0.4000000060
200665  -43.736  47.835  7.205 0.3000000119
198283  -46.699  45.145  7.838 0.5000000000
200652  -46.597  47.405  7.934 0.5000000000
203119  -42.387  49.472  7.305 0.2000000030
202299  -46.588  48.515  6.828 0.4000000060
201496  -46.622  48.580  7.465 0.4000000060
203132  -45.569  49.841  6.682 0.3000000119
203133  -46.010  49.774  6.834 0.3000000119
202289  -46.415  49.092  7.554 0.4000000060
203130  -43.733  49.762  7.108 0.3000000119
203131  -44.749  49.880  6.864 0.3000000119
203982  -45.510  50.908  7.677 0.3000000119
203999  -45.269  50.736  6.894 0.3000000119
190083  -44.669  38.625  9.349 0.6999999881
191807  -44.550  39.763  9.327 0.6999999881
193696  -45.528  41.193  8.553 0.6999999881
195656  -45.403  42.623  8.625 0.6999999881
199040  -45.428  45.939  8.764 0.6999999881
199808  -45.866  46.886  8.726 0.6000000238
201486  -45.537  48.374  9.214 0.6999999881
201487  -46.021  48.310  8.651 0.6000000238
203107  -45.528  49.869  8.757 0.6000000238
203127  -41.313  49.986  6.999 0.2000000030
203108  -45.884  49.440  8.488 0.6000000238
203128  -42.058  50.093  7.145 0.2000000030
203129  -42.836  50.049  7.167 0.3000000119
203997  -43.327  50.707  7.009 0.3000000119
203998  -44.242  50.646  6.920 0.3000000119
204761  -44.596  51.347  6.886 0.3000000119
192717  -43.969  40.434  10.318 0.6999999881
191799  -44.129  39.736  9.869 0.6999999881
196607  -42.998  43.495  9.426 0.6999999881
194643  -43.637  42.155  10.052 0.6999999881
192718  -44.387  40.458  9.725 0.6999999881
195643  -44.318  42.644  9.222 0.6999999881
195644  -44.930  42.586  8.927 0.6999999881
197459  -44.150  43.927  8.855 0.6999999881
197476  -44.583  44.206  8.712 0.6999999881
198265  -43.220  45.120  9.082 0.6999999881
198266  -44.081  45.112  8.859 0.6999999881
200647  -44.313  47.432  9.487 0.6999999881
201483  -44.974  48.475  9.648 0.6999999881
203994  -40.944  50.589  6.601 0.2000000030
204757  -41.368  51.260  6.534 0.2000000030
204758  -42.017  51.577  6.679 0.2000000030
205510  -44.832  52.042  8.016 0.4000000060
203966  -45.390  50.676  8.366 0.4000000060
203996  -42.462  50.797  7.009 0.2000000030
204759  -42.890  51.503  6.888 0.3000000119
204760  -43.788  51.445  6.883 0.3000000119
205526  -44.988  51.987  7.460 0.3000000119
205538  -44.918  51.707  6.977 0.3000000119
188308  -44.781  36.670  15.228 0.6000000238
188328  -44.946  35.973  14.291 0.6000000238
187419  -44.815  35.732  13.566 0.8000000119
187441  -44.768  35.934  11.956 0.8000000119
188373  -44.447  36.918  10.770 0.8000000119
190062  -44.059  37.787  10.375 0.8000000119
196590  -42.748  43.165  9.888 0.6999999881
198264  -42.555  45.117  9.410 0.6999999881
199800  -43.097  46.776  9.712 0.6999999881
199801  -43.538  47.121  9.646 0.6999999881
201482  -44.360  48.527  9.960 0.6999999881
203093  -44.990  49.888  9.480 0.6999999881
204769  -40.699  51.532  5.771 0.2000000030
203943  -44.557  51.015  9.440 0.6999999881
204712  -44.711  51.550  8.850 0.6000000238
205509  -44.531  52.313  8.424 0.5000000000
206355  -42.917  52.788  6.502 0.3000000119
205537  -44.349  52.284  6.882 0.3000000119
207191  -43.964  53.718  8.120 0.4000000060
206348  -44.475  53.166  7.262 0.3000000119
207206  -44.128  53.808  7.533 0.3000000119
189128  -44.072  36.854  14.770 0.6000000238
188326  -43.825  36.562  13.834 0.6000000238
188346  -44.175  36.175  12.427 0.6999999881
203089  -40.394  50.235  9.991 0.6999999881
201467  -40.925  47.606  11.359 0.6999999881
201474  -41.173  48.127  11.073 0.6999999881
199019  -41.293  45.956  11.186 0.6999999881
199020  -41.658  46.223  10.711 0.6999999881
201475  -42.068  48.331  10.792 0.6999999881
199799  -42.422  46.756  10.118 0.6999999881
190955  -43.577  38.960  10.501 0.6999999881
203090  -41.093  50.244  10.253 0.6999999881
203091  -41.549  50.178  10.466 0.6999999881
200637  -42.386  47.789  10.584 0.6999999881
204689  -41.463  51.804  9.663 0.6999999881
203897  -42.407  50.435  10.553 0.6999999881
203898  -43.065  50.488  10.572 0.6999999881
201481  -43.612  48.431  10.199 0.6999999881
204031  -40.325  51.071  4.740 0.2000000030
206308  -42.038  53.634  9.597 0.6999999881
203916  -42.712  51.065  10.373 0.6999999881
203899  -43.631  50.472  10.483 0.6999999881
204778  -40.578  51.597  5.135 0.2000000030
205542  -41.063  52.118  5.766 0.2000000030
206309  -42.656  53.447  9.966 0.6999999881
207169  -43.202  54.157  10.055 0.6999999881
204692  -43.831  51.680  10.047 0.6999999881
204784  -40.795  51.762  4.492 0.2000000030
205543  -41.758  52.251  6.255 0.2000000030
205535  -42.445  52.194  6.641 0.2000000030
208007  -42.882  54.829  9.954 0.6999999881
207181  -43.555  54.040  9.343 0.6000000238
205496  -44.229  52.293  9.115 0.5000000000
205548  -41.047  52.459  5.257 0.2000000030
207223  -41.809  53.652  5.271 0.2000000030
208023  -43.478  54.722  8.795 0.5000000000
207224  -42.340  54.165  5.367 0.3000000119
207218  -43.007  53.830  6.066 0.2000000030
206357  -44.014  53.185  6.733 0.4000000060
208047  -43.855  54.517  7.254 0.4000000060
207213  -44.193  53.731  6.897 0.4000000060
189130  -43.054  37.447  14.072 0.6000000238
189136  -43.178  37.005  12.838 0.6000000238
190011  -42.487  38.007  13.155 0.6000000238
188359  -43.623  36.997  11.711 0.6999999881
190039  -43.360  37.845  11.191 0.6999999881
192704  -43.491  40.372  11.090 0.6999999881
194628  -43.400  42.038  10.655 0.6999999881
197444  -41.443  44.735  10.659 0.6999999881
204731  -40.211  51.953  8.721 0.6999999881
203942  -40.863  51.552  9.430 0.6999999881
207179  -41.255  54.102  9.057 0.6999999881
208797  -41.966  55.711  9.758 0.6999999881
208798  -42.656  55.517  9.947 0.6999999881
210272  -43.070  56.906  9.657 0.6000000238
203151  -40.282  50.845  4.302 0.2000000030
205551  -41.079  52.501  4.638 0.2000000030
206367  -41.367  53.131  5.079 0.2000000030
208837  -43.319  55.359  8.266 0.4000000060
208057  -42.793  54.286  5.670 0.4000000060
208052  -43.905  54.662  6.479 0.4000000060
208035  -43.587  54.662  8.039 0.4000000060
191748  -42.183  39.708  13.082 0.6000000238
189160  -42.898  37.718  12.008 0.6000000238
195573  -43.875  42.745  14.660 0.5000000000
194576  -43.414  41.872  13.894 0.6000000238
194582  -43.566  41.929  13.136 0.6000000238
191753  -42.481  39.691  12.306 0.6999999881
198232  -42.177  45.302  14.521 0.5000000000
197417  -43.369  44.081  14.020 0.6000000238
196562  -43.362  43.377  13.370 0.6000000238
195589  -43.125  42.615  12.636 0.6999999881
192669  -43.250  41.068  12.338 0.6999999881
190943  -42.930  38.863  11.318 0.6999999881
199003  -40.626  46.435  14.305 0.5000000000
197415  -42.132  44.606  13.735 0.6000000238
196560  -42.224  43.744  12.884 0.6999999881
197432  -41.618  43.835  12.009 0.6999999881
194594  -42.830  42.365  12.072 0.6999999881
192683  -43.324  40.835  11.906 0.6999999881
198237  -41.388  45.301  13.766 0.5000000000
198241  -41.324  45.056  13.122 0.6999999881
198245  -41.139  45.144  12.363 0.6999999881
198248  -41.148  45.200  11.588 0.6999999881
195604  -42.050  43.028  11.330 0.6999999881
194610  -43.175  42.031  11.276 0.6999999881
200599  -39.695  47.828  14.534 0.5000000000
199769  -39.871  47.338  14.347 0.5000000000
199786  -40.050  46.662  13.367 0.5000000000
199789  -40.067  46.759  12.619 0.6000000238
201466  -40.514  47.763  11.464 0.6000000238
195622  -42.194  43.089  10.696 0.6999999881
207188  -40.179  53.985  8.366 0.6999999881
206335  -40.855  53.528  8.808 0.6999999881
210253  -42.803  57.013  10.326 0.6000000238
211014  -43.114  57.581  9.082 0.5000000000
203163  -40.453  50.688  3.754 0.2000000030
208846  -43.484  55.268  7.504 0.3000000119
209598  -43.154  55.964  7.750 0.3000000119
205554  -41.566  52.508  3.698 0.2000000030
206371  -41.496  53.174  4.346 0.2000000030
210329  -43.392  56.528  6.533 0.3000000119
207228  -41.826  53.800  4.529 0.2000000030
208854  -43.719  55.079  6.095 0.3000000119
208849  -43.693  55.222  6.745 0.3000000119
205419  -37.511  52.339  14.000 0.4000000060
204627  -39.003  51.640  15.032 0.4000000060
204639  -37.209  51.609  13.835 0.4000000060
203834  -38.690  50.975  14.811 0.4000000060
202224  -38.384  49.309  14.142 0.4000000060
202251  -36.453  49.456  11.869 0.5000000000
201442  -38.093  48.790  13.675 0.5000000000
201432  -40.094  48.381  15.023 0.5000000000
200620  -38.391  48.192  13.210 0.5000000000
201470  -37.991  48.790  11.055 0.6000000238
202272  -38.715  49.396  10.113 0.6000000238
203939  -38.541  50.523  8.773 0.6000000238
203964  -38.838  51.063  8.432 0.6000000238
200625  -38.721  47.769  12.779 0.5000000000
201464  -38.870  48.011  11.775 0.6999999881
201465  -39.774  47.898  11.573 0.6999999881
203088  -39.689  50.176  9.697 0.6000000238
208020  -40.699  55.040  8.851 0.6999999881
208815  -41.182  55.614  9.283 0.6999999881
210269  -41.376  57.031  10.116 0.6000000238
209535  -41.923  56.945  10.413 0.6000000238
210973  -42.307  58.294  11.159 0.6000000238
211004  -42.975  58.062  10.227 0.6999999881
210287  -42.972  56.594  8.478 0.5000000000
207231  -42.049  53.884  4.007 0.3000000119
209625  -43.611  55.810  6.127 0.3000000119
208062  -42.186  54.294  4.880 0.3000000119
208857  -42.953  55.020  5.192 0.4000000060
210349  -43.565  56.606  5.830 0.4000000060
208063  -42.725  54.718  5.215 0.3000000119
209637  -43.543  56.056  5.294 0.3000000119
203887  -35.837  50.548  11.588 0.4000000060
203847  -36.964  50.902  13.582 0.4000000060
202236  -36.593  49.810  12.836 0.5000000000
202252  -36.983  49.005  11.615 0.5000000000
203084  -36.627  49.838  9.768 0.5000000000
201462  -37.549  48.790  11.372 0.5000000000
208032  -39.704  54.553  8.253 0.6000000238
206333  -39.769  53.334  8.174 0.6000000238
209545  -40.693  56.662  9.524 0.6999999881
211775  -43.014  58.452  8.545 0.4000000060
211074  -42.917  57.560  6.345 0.4000000060
211046  -43.066  57.320  7.448 0.3000000119
211075  -43.315  57.128  6.178 0.4000000060
209649  -43.481  56.296  4.557 0.4000000060
210364  -43.646  56.837  5.130 0.4000000060
208071  -42.315  54.262  3.906 0.3000000119
208068  -42.559  54.790  4.571 0.3000000119
208877  -42.872  55.243  4.393 0.4000000060
172713  -48.539  23.286  9.135 0.5000000000
171578  -47.958  23.059  6.891 0.5000000000
172774  -47.931  23.176  5.237 0.4000000060
172787  -47.679  23.112  4.533 0.4000000060
172802  -47.873  23.464  4.070 0.4000000060
174987  -45.425  25.455  1.521 0.2000000030
172724  -48.918  23.519  8.714 0.5000000000
172692  -49.215  23.755  10.908 0.4000000060
172690  -48.266  23.168  10.368 0.5000000000
181754  -35.792  30.694  4.003 0.4000000060
172568  -47.791  23.439  17.878 0.1000000015
173766  -51.013  24.259  16.184 0.2000000030
173794  -49.907  24.904  13.972 0.2000000030
190082  -43.571  37.529  8.553 0.3000000119
193723  -43.198  40.874  5.856 0.3000000119
169163  -39.884  21.273  10.529 0.4000000060
198282  -46.172  45.190  8.347 0.6000000238
197477  -45.139  44.342  8.596 0.6999999881
191808  -45.043  39.769  8.849 0.6999999881
200659  -46.812  47.354  7.374 0.4000000060
169145  -40.051  21.352  11.359 0.3000000119
169179  -38.957  21.785  10.102 0.6000000238
199042  -46.533  45.952  8.115 0.5000000000
200651  -46.205  47.542  8.453 0.5000000000
172583  -48.204  23.336  17.441 0.2000000030
187480  -39.839  35.785  9.815 0.4000000060
169149  -49.461  20.727  12.055 0.1000000015
168011  -49.082  20.758  12.817 0.1000000015
166825  -46.633  19.829  13.274 0.1000000015
168009  -47.586  20.072  12.949 0.1000000015
168051  -49.686  20.745  9.330 0.2000000030
166823  -45.358  19.672  13.749 0.1000000015
168000  -44.770  20.107  14.326 0.1000000015
168001  -45.079  20.162  14.253 0.1000000015
166827  -45.759  19.369  13.314 0.1000000015
166828  -46.270  19.447  13.030 0.1000000015
166833  -46.871  19.488  12.241 0.1000000015
165633  -43.607  18.993  13.822 0.1000000015
165634  -44.395  19.170  13.717 0.1000000015
165641  -45.852  19.112  13.053 0.1000000015
164424  -42.474  18.229  13.497 0.1000000015
170312  -51.174  21.742  12.415 0.2000000030
169128  -49.376  21.517  13.998 0.1000000015
169140  -49.984  21.250  12.748 0.1000000015
170329  -51.471  22.173  11.245 0.3000000119
169119  -47.624  21.621  14.816 0.1000000015
170277  -49.648  21.813  14.432 0.2000000030
169141  -50.467  21.590  13.043 0.2000000030
171517  -51.435  22.880  10.914 0.2000000030
172764  -51.367  23.281  6.640 0.2000000030
171449  -51.252  22.968  14.972 0.3000000119
170288  -50.739  21.887  13.433 0.2000000030
172671  -51.355  23.160  12.608 0.3000000119
171492  -51.311  22.667  12.318 0.3000000119
172679  -51.180  23.317  12.086 0.3000000119
173846  -50.801  24.031  10.129 0.5000000000
170261  -46.750  22.097  15.923 0.2000000030
170264  -49.037  22.309  15.444 0.2000000030
170270  -49.338  22.040  14.926 0.2000000030
174898  -50.234  24.759  6.649 0.2000000030
169106  -44.366  21.510  16.527 0.1000000015
174920  -50.173  25.340  5.189 0.2000000030
173823  -50.851  24.015  11.870 0.4000000060
173834  -49.877  24.064  11.068 0.5000000000
170263  -48.385  22.302  15.618 0.2000000030
171448  -50.830  22.886  15.405 0.2000000030
170265  -49.600  22.338  15.343 0.2000000030
173910  -48.739  23.864  5.905 0.4000000060
170255  -47.058  22.522  16.465 0.2000000030
171436  -47.385  22.779  16.807 0.1000000015
171444  -48.260  22.599  16.114 0.2000000030
171440  -49.893  23.000  16.247 0.2000000030
173767  -51.227  23.755  15.762 0.2000000030
173923  -48.721  23.954  5.040 0.3000000119
169091  -43.083  21.225  18.441 0.1000000015
169096  -43.463  21.464  17.982 0.1000000015
169100  -43.677  21.423  17.218 0.1000000015
171435  -46.891  22.708  16.951 0.1000000015
174947  -48.807  24.798  3.349 0.2000000030
173949  -48.238  24.573  2.780 0.2000000030
174988  -46.027  25.477  1.348 0.2000000030
173948  -47.461  24.018  2.795 0.2000000030
173962  -48.111  25.004  2.172 0.2000000030
174961  -49.181  25.748  2.937 0.2000000030
174976  -48.294  25.577  1.867 0.2000000030
175912  -49.370  26.217  2.625 0.2000000030
173814  -49.532  24.344  12.409 0.3000000119
190070  -39.443  38.053  10.305 0.3000000119
189194  -38.566  37.063  10.508 0.3000000119
189196  -39.911  37.218  10.184 0.4000000060
190071  -40.394  37.979  10.038 0.3000000119
190961  -40.597  39.182  9.489 0.3000000119
190079  -41.758  38.422  9.339 0.3000000119
190962  -41.307  38.865  9.308 0.3000000119
195689  -41.777  42.732  5.525 0.3000000119
196663  -41.027  43.414  5.516 0.3000000119
197525  -41.744  44.710  5.679 0.3000000119
197548  -42.925  44.026  5.414 0.3000000119
191797  -40.116  39.424  9.624 0.3000000119
192724  -40.642  40.397  8.748 0.3000000119
193684  -39.615  41.025  8.862 0.3000000119
192722  -39.092  40.733  9.320 0.3000000119
192725  -41.116  40.087  8.649 0.3000000119
191806  -41.566  39.386  8.864 0.3000000119
193693  -39.408  41.504  8.433 0.3000000119
194663  -40.489  41.668  7.317 0.3000000119
193703  -41.052  41.157  7.458 0.3000000119
192741  -42.135  40.399  7.396 0.3000000119
191820  -42.260  39.864  7.913 0.3000000119
192742  -42.712  40.077  7.213 0.4000000060
191830  -43.511  39.634  6.873 0.3000000119
193721  -42.064  41.532  6.241 0.3000000119
193712  -41.863  41.200  6.767 0.3000000119
193722  -42.645  41.228  6.059 0.3000000119
194687  -41.906  42.202  5.835 0.3000000119
202297  -45.243  49.141  6.713 0.3000000119
193687  -45.088  41.192  9.044 0.6999999881
198267  -44.803  45.542  8.847 0.6999999881
199806  -44.651  46.847  9.210 0.6999999881
205536  -43.324  52.193  6.782 0.3000000119
203092  -44.485  49.935  10.018 0.6999999881
206361  -41.935  53.197  5.852 0.2000000030
206356  -43.584  52.848  6.619 0.3000000119
198256  -42.037  45.144  9.860 0.6999999881
201480  -43.154  48.008  10.145 0.6999999881
205478  -44.028  52.145  9.654 0.6999999881
206362  -42.606  53.303  6.175 0.2000000030
204730  -39.779  51.931  8.475 0.6000000238
200632  -40.779  47.236  11.656 0.6999999881
204690  -42.332  51.802  10.112 0.6999999881
204691  -43.166  51.832  10.336 0.6999999881
204041  -40.979  51.208  3.830 0.2000000030
208817  -43.266  55.448  9.001 0.5000000000
208058  -43.411  54.476  6.000 0.4000000060
208858  -43.263  55.174  5.439 0.4000000060
198234  -43.472  44.801  14.751 0.5000000000
199016  -40.589  46.250  12.500 0.6999999881
203087  -39.044  49.864  9.698 0.6000000238
203178  -41.244  50.507  3.147 0.2000000030
210313  -43.146  56.578  7.252 0.3000000119
203876  -35.619  51.367  11.807 0.4000000060
203113  -37.566  50.319  8.714 0.5000000000
203103  -37.224  50.064  9.043 0.5000000000
183821  -34.027  32.302  2.226 0.1000000015
183822  -34.701  32.448  1.951 0.1000000015
183830  -34.342  32.069  1.507 0.1000000015
182789  -35.737  31.511  0.518 0.1000000015
181783  -36.776  30.786  0.649 0.1000000015
180802  -37.072  30.600  0.507 0.1000000015
182788  -35.168  31.850  1.035 0.1000000015
181793  -37.427  30.516  -0.214 0.1000000015
180813  -37.807  30.270  -0.652 0.1000000015
180792  -36.903  30.441  1.065 0.1000000015
182779  -33.468  31.402  2.710 0.1000000015
181782  -36.173  31.207  0.978 0.1000000015
183812  -33.189  31.823  3.149 0.1000000015
179836  -40.584  29.349  -0.457 0.1000000015
179826  -41.251  29.013  0.053 0.1000000015
180814  -38.484  29.997  -0.406 0.1000000015
179835  -39.783  29.440  -0.136 0.1000000015
183806  -32.879  32.331  3.840 0.1000000015
177785  -33.540  27.454  5.504 0.1000000015
178796  -33.762  28.185  5.083 0.1000000015
179773  -33.683  29.048  4.935 0.1000000015
180759  -33.721  29.927  4.320 0.1000000015
182767  -33.129  31.355  3.828 0.1000000015
179774  -33.860  28.612  4.727 0.1000000015
179827  -41.906  28.997  -0.158 0.1000000015
179839  -43.310  29.197  -0.749 0.1000000015
175898  -50.025  26.141  3.079 0.1000000015
181774  -35.663  31.438  1.909 0.1000000015
180791  -36.393  30.752  1.407 0.1000000015
178790  -33.450  28.255  5.619 0.1000000015
179767  -33.304  29.050  5.757 0.1000000015
180753  -33.350  29.883  5.179 0.1000000015
182761  -32.772  31.486  4.720 0.1000000015
179825  -40.401  29.055  0.402 0.1000000015
177850  -46.093  27.472  0.032 0.1000000015
177851  -46.827  27.541  -0.058 0.1000000015
175928  -49.390  26.520  1.922 0.1000000015
177779  -33.254  27.498  6.122 0.1000000015
180747  -32.991  29.818  6.027 0.1000000015
178864  -43.125  28.783  -0.158 0.1000000015
178852  -44.335  28.168  -0.112 0.1000000015
175958  -47.330  26.728  0.530 0.1000000015
176851  -49.292  26.782  1.277 0.1000000015
176850  -48.847  26.615  1.440 0.1000000015
177847  -43.681  27.605  0.595 0.1000000015
182781  -35.240  32.005  1.962 0.1000000015
178849  -41.986  28.547  0.411 0.1000000015
175957  -46.770  26.573  0.567 0.1000000015
175927  -48.728  26.224  1.864 0.1000000015
184785  -33.399  33.011  4.063 0.1000000015
184791  -33.522  32.914  3.526 0.2000000030
184792  -33.923  33.046  3.436 0.2000000030
184793  -34.531  33.165  3.283 0.2000000030
183815  -35.013  32.681  2.774 0.2000000030
180783  -36.434  30.431  1.823 0.1000000015
178848  -41.169  28.633  0.723 0.1000000015
176883  -46.057  26.980  0.358 0.1000000015
175945  -47.555  26.303  0.897 0.1000000015
175946  -48.287  26.469  1.194 0.1000000015
182748  -32.708  31.184  5.263 0.1000000015
183797  -32.564  32.319  4.585 0.1000000015
182774  -35.337  31.859  2.714 0.2000000030
177866  -44.861  27.909  -0.095 0.1000000015
176884  -46.782  27.067  0.296 0.1000000015
178865  -43.867  28.629  -0.386 0.1000000015
176868  -48.502  26.902  0.837 0.1000000015
182768  -35.421  31.647  3.492 0.3000000119
181768  -35.717  30.983  2.643 0.2000000030
184787  -35.006  33.179  3.662 0.3000000119
183808  -35.371  32.518  3.508 0.3000000119
182760  -32.519  31.894  4.934 0.1000000015
184771  -32.795  32.958  4.827 0.1000000015
184772  -33.804  33.298  4.829 0.2000000030
184786  -34.305  33.318  4.100 0.2000000030
181731  -32.595  30.739  6.023 0.1000000015
182747  -32.511  31.543  5.405 0.1000000015
183783  -32.249  32.204  5.506 0.1000000015
184754  -33.158  33.342  5.455 0.1000000015
184773  -34.280  33.418  4.626 0.2000000030
182735  -31.964  31.930  6.301 0.1000000015
183768  -32.010  32.358  5.892 0.1000000015
185655  -33.870  33.673  5.575 0.1000000015
185654  -33.323  33.584  5.770 0.1000000015
192661  -42.406  40.820  13.811 0.4000000060
190006  -42.271  38.448  13.681 0.4000000060
193618  -42.518  41.196  14.253 0.4000000060
191739  -42.134  39.583  14.693 0.4000000060
195547  -43.201  42.971  15.945 0.4000000060
193610  -42.471  41.001  15.816 0.4000000060
190887  -43.471  38.629  15.738 0.4000000060
189996  -43.814  37.910  15.461 0.5000000000
195558  -42.950  42.250  15.197 0.4000000060
191736  -42.277  39.937  15.319 0.4000000060
190002  -43.015  37.882  14.557 0.5000000000
196543  -44.096  43.459  15.181 0.4000000060
192642  -43.385  40.141  17.046 0.5000000000
190871  -43.363  39.383  16.348 0.4000000060
189978  -44.111  38.344  16.138 0.5000000000
197382  -44.263  44.223  16.189 0.4000000060
198971  -43.392  45.908  15.531 0.4000000060
198995  -42.642  45.638  14.982 0.4000000060
193588  -43.250  40.807  17.858 0.4000000060
195527  -42.536  42.165  17.310 0.4000000060
190858  -44.428  39.194  17.526 0.5000000000
196516  -43.502  43.794  16.777 0.4000000060
193598  -42.705  41.196  16.826 0.4000000060
189095  -45.067  37.275  15.917 0.5000000000
198182  -43.805  45.322  17.200 0.4000000060
199752  -43.439  46.836  16.011 0.4000000060
199750  -42.077  46.870  15.462 0.4000000060
189967  -45.318  38.040  17.089 0.5000000000
194532  -42.059  41.891  17.718 0.4000000060
192623  -42.762  40.577  18.367 0.4000000060
196515  -42.963  43.485  16.997 0.4000000060
196514  -42.158  43.709  17.299 0.4000000060
198169  -43.355  45.801  17.738 0.4000000060
199734  -43.706  46.971  16.632 0.4000000060
200585  -42.678  47.704  15.927 0.4000000060
200583  -40.949  47.859  15.376 0.4000000060
199771  -41.154  46.749  15.020 0.4000000060
190856  -42.746  38.740  17.608 0.4000000060
188285  -46.347  36.535  17.168 0.5000000000
191699  -41.775  40.228  17.726 0.4000000060
194538  -41.413  42.111  17.355 0.4000000060
200546  -43.342  47.633  17.543 0.4000000060
211002  -40.528  57.698  10.320 0.5000000000
190870  -41.877  38.578  16.753 0.4000000060
197362  -41.536  44.548  17.007 0.4000000060
198927  -42.455  46.445  17.920 0.4000000060
201385  -42.800  48.458  17.909 0.4000000060
201405  -42.626  48.640  16.200 0.4000000060
202178  -43.065  49.121  17.176 0.4000000060
204747  -38.170  51.927  7.745 0.4000000060
205505  -39.095  52.260  8.003 0.5000000000
208836  -40.163  55.084  8.562 0.6000000238
208813  -39.891  56.006  8.807 0.6000000238
191722  -40.526  39.631  16.680 0.3000000119
190869  -41.221  39.109  16.704 0.3000000119
194547  -40.248  42.264  16.506 0.3000000119
195535  -40.921  42.586  16.836 0.4000000060
192629  -41.254  40.475  17.382 0.3000000119
198937  -41.142  46.211  17.157 0.4000000060
197380  -41.094  44.533  16.658 0.4000000060
200543  -41.700  47.785  17.977 0.4000000060
199710  -41.997  46.986  17.922 0.4000000060
202969  -42.761  49.761  17.362 0.4000000060
202982  -42.016  50.142  16.297 0.4000000060
202208  -41.744  49.169  15.975 0.4000000060
202206  -40.250  49.449  15.387 0.4000000060
206344  -37.359  53.187  7.268 0.4000000060
204746  -37.506  51.864  7.570 0.4000000060
206345  -38.207  53.201  7.539 0.4000000060
208045  -38.784  54.427  7.889 0.5000000000
209564  -39.288  56.267  8.830 0.4000000060
210266  -39.331  57.342  9.753 0.4000000060
187411  -40.076  35.747  14.858 0.2000000030
187410  -39.377  35.731  14.888 0.2000000030
189122  -39.441  36.913  14.922 0.2000000030
191720  -38.990  39.727  16.185 0.2000000030
190884  -39.477  38.679  15.765 0.2000000030
189994  -41.036  37.779  15.636 0.3000000119
194546  -39.421  42.016  16.175 0.2000000030
197395  -39.423  44.538  15.616 0.2000000030
197396  -40.144  44.526  16.006 0.3000000119
198950  -40.399  46.199  16.618 0.3000000119
201383  -41.309  48.521  17.885 0.4000000060
202957  -41.923  49.934  18.047 0.4000000060
202989  -40.140  50.227  15.456 0.3000000119
203962  -36.976  50.815  8.230 0.4000000060
208833  -37.977  55.482  8.074 0.4000000060
208834  -38.758  55.424  8.287 0.4000000060
209563  -38.419  56.497  8.772 0.3000000119
210999  -38.215  57.846  10.069 0.3000000119
210984  -39.550  58.298  10.778 0.5000000000
185524  -37.702  34.245  15.492 0.2000000030
185525  -38.472  34.147  15.459 0.2000000030
184615  -38.859  33.532  15.724 0.2000000030
187399  -38.233  35.298  14.941 0.2000000030
186429  -39.559  34.590  15.119 0.2000000030
189121  -38.737  36.992  14.891 0.2000000030
189991  -38.929  38.203  15.432 0.2000000030
189990  -38.157  38.269  15.396 0.2000000030
191719  -38.364  40.021  16.138 0.2000000030
194558  -37.858  42.140  15.602 0.2000000030
194559  -38.654  42.316  15.772 0.2000000030
198949  -39.523  46.358  16.142 0.3000000119
201393  -40.316  48.570  17.335 0.3000000119
204609  -41.881  51.269  16.514 0.3000000119
203823  -40.508  50.830  15.662 0.3000000119
203017  -38.522  49.921  14.464 0.3000000119
207200  -36.371  54.137  7.177 0.4000000060
208043  -37.513  54.478  7.542 0.4000000060
203961  -36.326  50.810  8.360 0.4000000060
205532  -36.541  52.785  7.069 0.4000000060
210264  -37.787  57.396  9.476 0.3000000119
184598  -36.876  33.143  16.216 0.2000000030
183577  -37.722  32.006  17.095 0.3000000119
182559  -38.694  31.187  17.734 0.3000000119
180620  -38.791  30.038  16.781 0.3000000119
182613  -38.944  31.524  14.319 0.4000000060
188301  -35.843  36.513  15.178 0.2000000030
187396  -36.232  35.744  15.189 0.2000000030
183578  -38.526  32.195  17.136 0.3000000119
180621  -39.527  30.130  16.814 0.3000000119
188302  -36.786  36.485  15.014 0.2000000030
189119  -37.524  37.073  14.924 0.2000000030
189988  -36.591  38.079  15.422 0.2000000030
189989  -37.375  38.178  15.377 0.2000000030
191732  -36.573  39.550  15.684 0.2000000030
191733  -37.359  39.549  15.780 0.2000000030
196552  -37.790  43.961  15.052 0.2000000030
197394  -38.716  44.558  15.376 0.2000000030
200564  -39.269  47.931  16.633 0.2000000030
202956  -41.293  49.977  18.015 0.4000000060
205391  -41.907  51.677  16.835 0.4000000060
205399  -41.163  51.869  16.010 0.3000000119
204743  -35.212  51.604  7.653 0.4000000060
203911  -35.383  50.669  9.672 0.4000000060
203936  -35.573  50.726  8.974 0.4000000060
207209  -35.471  53.680  6.977 0.4000000060
203054  -35.753  50.429  10.936 0.4000000060
203066  -36.229  49.840  10.644 0.4000000060
205519  -35.638  52.222  7.237 0.4000000060
209584  -37.726  56.245  8.435 0.3000000119
183576  -36.860  31.904  17.047 0.3000000119
180618  -37.105  29.706  16.814 0.3000000119
180645  -37.468  30.213  15.471 0.3000000119
181612  -38.187  31.045  14.599 0.3000000119
182634  -37.746  31.052  13.048 0.4000000060
181630  -38.416  31.006  12.307 0.5000000000
184597  -36.063  33.216  16.200 0.2000000030
189987  -35.779  38.035  15.471 0.2000000030
193604  -34.926  40.996  15.582 0.2000000030
192648  -35.344  40.276  15.667 0.2000000030
192649  -36.171  40.295  15.666 0.2000000030
196548  -35.331  43.771  14.767 0.2000000030
195568  -36.479  43.241  14.913 0.2000000030
193606  -36.604  41.095  15.619 0.2000000030
195553  -37.456  42.761  15.219 0.2000000030
198990  -37.041  45.949  14.966 0.2000000030
195569  -37.109  43.340  14.989 0.2000000030
198967  -38.651  46.262  15.658 0.2000000030
202955  -40.721  49.950  17.796 0.3000000119
204595  -41.585  51.819  17.642 0.3000000119
206229  -41.078  52.373  16.123 0.3000000119
203910  -34.658  50.751  9.909 0.3000000119
204726  -34.612  51.292  7.988 0.4000000060
179696  -36.069  29.109  12.506 0.3000000119
178736  -36.519  28.267  11.856 0.3000000119
179685  -35.510  29.341  14.750 0.3000000119
180660  -36.204  29.883  13.319 0.3000000119
180677  -36.867  29.621  12.139 0.3000000119
179708  -37.746  29.166  11.493 0.4000000060
198226  -34.473  45.153  14.711 0.2000000030
198227  -35.234  45.157  14.712 0.2000000030
198228  -35.965  45.172  14.743 0.2000000030
199766  -35.944  46.353  14.873 0.2000000030
199745  -36.629  46.684  15.037 0.2000000030
198991  -37.604  45.530  15.027 0.2000000030
202190  -37.180  48.959  16.097 0.2000000030
202191  -38.029  49.084  16.414 0.2000000030
200580  -37.943  47.620  15.876 0.2000000030
202192  -38.656  49.230  16.671 0.2000000030
200563  -38.631  47.630  16.220 0.2000000030
202176  -39.894  49.304  17.270 0.2000000030
203794  -39.127  50.829  17.191 0.2000000030
203795  -40.042  50.802  17.578 0.2000000030
203781  -40.797  50.759  17.948 0.3000000119
206209  -41.168  52.753  17.287 0.3000000119
207083  -37.939  53.715  14.361 0.3000000119
206227  -39.881  53.103  15.525 0.3000000119
205436  -35.864  52.310  12.657 0.3000000119
204667  -35.895  51.760  12.287 0.3000000119
203100  -32.346  50.132  10.092 0.3000000119
203933  -32.871  50.344  9.614 0.3000000119
205408  -39.300  52.228  15.242 0.3000000119
203894  -34.566  50.908  10.709 0.3000000119
204724  -32.912  51.762  7.973 0.3000000119
205517  -34.049  52.595  7.382 0.3000000119
206342  -34.445  53.255  7.180 0.4000000060
203957  -33.374  50.939  8.614 0.4000000060
208040  -35.363  54.733  7.377 0.3000000119
174855  -36.558  25.356  11.828 0.2000000030
178706  -34.846  28.737  15.923 0.3000000119
179684  -34.962  28.786  14.813 0.3000000119
180659  -35.680  29.449  13.693 0.3000000119
175822  -36.706  25.863  11.502 0.2000000030
175823  -37.119  25.986  11.076 0.4000000060
199763  -33.500  46.751  14.976 0.2000000030
199764  -34.486  46.559  14.810 0.2000000030
198225  -33.710  45.136  14.735 0.2000000030
199765  -35.276  46.446  14.797 0.2000000030
201417  -36.046  48.054  15.405 0.2000000030
205379  -39.001  52.225  17.508 0.2000000030
206193  -39.586  53.308  18.183 0.2000000030
202965  -38.118  50.154  16.693 0.2000000030
205380  -39.438  52.238  17.731 0.2000000030
207047  -40.386  53.778  17.714 0.2000000030
206251  -35.796  53.383  13.883 0.2000000030
204655  -34.053  51.950  13.135 0.2000000030
204636  -32.642  51.371  13.627 0.2000000030
206194  -40.398  53.113  18.002 0.2000000030
207054  -40.513  53.837  17.123 0.3000000119
207084  -38.850  53.845  15.057 0.3000000119
203043  -31.715  50.321  12.540 0.2000000030
203052  -32.380  50.325  11.810 0.3000000119
203061  -30.822  49.776  10.690 0.3000000119
203078  -29.791  50.270  9.856 0.2000000030
206254  -37.768  52.999  14.124 0.3000000119
206268  -35.541  52.805  13.225 0.3000000119
203884  -33.747  50.913  11.725 0.3000000119
203064  -32.785  50.191  11.170 0.3000000119
203932  -31.858  50.571  9.227 0.3000000119
203956  -32.414  50.969  8.619 0.3000000119
205503  -31.651  52.428  8.344 0.3000000119
203885  -34.376  51.099  11.403 0.3000000119
171494  -37.325  23.123  11.716 0.2000000030
173832  -37.446  24.982  10.570 0.4000000060
204590  -36.210  51.729  17.003 0.2000000030
204589  -35.418  51.612  17.031 0.2000000030
202187  -34.691  49.479  15.940 0.2000000030
201415  -34.494  48.317  15.451 0.2000000030
202978  -35.911  49.975  16.188 0.2000000030
201416  -35.264  48.207  15.415 0.2000000030
204591  -37.098  51.632  16.953 0.2000000030
203809  -36.317  50.610  16.450 0.2000000030
204592  -37.904  51.649  17.067 0.2000000030
206206  -38.050  52.907  17.594 0.2000000030
208731  -39.411  55.440  16.809 0.2000000030
208741  -39.373  55.223  16.318 0.2000000030
207930  -39.551  54.609  15.774 0.3000000119
205417  -34.457  52.670  14.110 0.2000000030
203042  -30.690  49.768  12.319 0.2000000030
207915  -37.665  55.368  15.815 0.2000000030
207927  -37.202  54.758  15.152 0.2000000030
207102  -36.098  53.841  14.410 0.2000000030
202250  -30.283  49.493  11.610 0.2000000030
203059  -29.225  49.760  10.749 0.2000000030
203930  -30.469  51.120  9.153 0.3000000119
203954  -31.034  51.313  8.843 0.3000000119
170321  -38.175  22.292  11.040 0.2000000030
206204  -36.708  53.049  17.630 0.2000000030
207041  -36.069  53.639  18.237 0.2000000030
208702  -38.356  55.815  19.414 0.2000000030
207028  -37.692  54.336  18.762 0.2000000030
207029  -38.385  54.298  18.757 0.2000000030
206191  -37.733  53.442  17.972 0.2000000030
204616  -33.184  52.156  15.138 0.2000000030
203846  -32.077  51.060  13.948 0.2000000030
203032  -31.009  50.195  13.390 0.2000000030
202241  -29.032  49.465  12.420 0.2000000030
204675  -26.697  51.861  10.871 0.2000000030
204686  -27.037  51.857  10.121 0.2000000030
207069  -35.665  54.099  15.458 0.2000000030
202248  -29.102  49.426  11.770 0.2000000030
203057  -27.782  50.497  10.414 0.2000000030
203905  -28.097  51.056  9.815 0.2000000030
203928  -28.959  51.195  9.440 0.2000000030
204707  -30.095  51.801  9.120 0.2000000030
205491  -30.526  52.516  8.911 0.3000000119
208711  -38.720  55.289  19.140 0.2000000030
205447  -26.316  52.554  11.289 0.2000000030
204603  -32.034  51.935  16.044 0.2000000030
204614  -31.742  51.356  15.403 0.2000000030
203012  -29.433  49.844  13.889 0.2000000030
203028  -27.686  50.253  12.795 0.2000000030
203038  -27.701  50.146  11.892 0.2000000030
206296  -26.268  53.025  10.534 0.2000000030
205487  -27.755  52.337  9.378 0.2000000030
205395  -33.376  52.528  15.579 0.2000000030
209478  -38.479  56.709  19.337 0.2000000030
207118  -26.110  54.333  12.508 0.2000000030
207127  -25.994  53.938  12.060 0.2000000030
203816  -27.778  51.233  15.503 0.2000000030
203827  -27.712  50.989  14.754 0.2000000030
206266  -27.368  53.216  13.573 0.2000000030
206265  -26.895  53.187  12.991 0.2000000030
206273  -26.506  53.116  12.374 0.2000000030
207158  -25.830  54.168  10.800 0.2000000030
202988  -30.137  50.410  15.254 0.2000000030
203828  -28.150  50.351  14.361 0.2000000030
204652  -27.230  51.691  13.532 0.2000000030
203859  -27.172  51.091  12.918 0.2000000030
205489  -29.001  52.476  9.142 0.2000000030
207101  -27.617  54.009  13.884 0.2000000030
207966  -27.299  54.696  13.648 0.2000000030
209525  -26.166  56.109  12.958 0.2000000030
205402  -27.498  52.495  14.679 0.2000000030
205414  -27.402  52.460  13.931 0.2000000030
207965  -26.763  54.654  13.257 0.2000000030
208771  -26.592  55.501  13.299 0.2000000030
180805  -39.294  29.580  0.130 0.1000000015
180776  -36.281  30.259  2.636 0.3000000119
184736  -32.945  33.441  5.807 0.1000000015
176755  -37.466  26.681  10.935 0.4000000060
182560  -39.469  31.327  17.743 0.3000000119
180646  -38.323  30.529  15.443 0.3000000119
180678  -37.378  29.895  11.972 0.4000000060
189123  -40.134  36.826  14.957 0.2000000030
175956  -46.076  26.465  0.662 0.1000000015
177848  -44.522  27.613  0.255 0.1000000015
178850  -42.914  28.249  0.372 0.1000000015
172700  -37.266  24.039  10.759 0.3000000119
201422  -41.366  48.503  15.697 0.4000000060
181753  -33.287  30.687  4.539 0.1000000015
178863  -42.458  28.773  -0.028 0.1000000015
181732  -32.818  30.362  5.912 0.1000000015
178851  -43.743  28.198  0.115 0.1000000015
184753  -32.338  32.926  5.413 0.1000000015
182736  -32.198  31.527  6.202 0.1000000015
189974  -40.706  38.409  16.004 0.3000000119
191721  -39.777  39.714  16.415 0.2000000030
185523  -36.924  34.316  15.509 0.2000000030
184614  -38.074  33.578  15.735 0.3000000119
187397  -36.974  35.622  15.063 0.2000000030
182557  -37.730  31.013  17.647 0.3000000119
181570  -36.753  30.350  17.432 0.3000000119
180619  -38.049  29.928  16.789 0.3000000119
184611  -35.758  33.857  15.826 0.2000000030
181569  -35.804  30.423  17.390 0.3000000119
179672  -35.999  29.396  16.053 0.3000000119
180644  -36.656  29.930  15.408 0.3000000119
180651  -36.588  30.125  14.736 0.3000000119
181618  -37.069  30.640  13.998 0.3000000119
181622  -36.858  30.436  13.308 0.3000000119
193605  -35.726  41.031  15.578 0.2000000030
177736  -36.724  27.548  11.595 0.3000000119
203810  -37.249  50.717  16.623 0.2000000030
206195  -40.968  52.794  17.795 0.3000000119
207074  -40.288  53.802  15.918 0.3000000119
204663  -33.385  51.177  12.501 0.3000000119
203080  -31.354  49.969  10.245 0.2000000030
206234  -34.836  53.187  14.609 0.2000000030
203844  -31.113  50.591  14.496 0.2000000030
203880  -26.893  51.191  11.885 0.2000000030
202998  -29.650  50.025  14.638 0.2000000030
203843  -28.012  50.195  13.861 0.2000000030
203817  -28.452  50.623  15.280 0.2000000030
171388  -45.965  22.937  19.700 0.1000000015
171389  -46.737  23.368  19.492 0.1000000015
172550  -47.363  23.610  19.004 0.1000000015
187473  -30.858  35.706  9.548 0.1000000015
188382  -31.661  36.165  9.567 0.1000000015
188403  -32.422  36.053  9.144 0.1000000015
187491  -32.738  35.775  8.736 0.1000000015
186501  -31.041  35.061  8.685 0.1000000015
187510  -33.231  35.484  8.324 0.1000000015
187511  -33.906  35.708  8.204 0.1000000015
188383  -32.619  36.569  9.593 0.1000000015
188404  -33.336  36.360  9.040 0.1000000015
187472  -30.101  35.451  9.921 0.1000000015
188405  -34.275  36.501  9.123 0.1000000015
188421  -34.740  36.290  8.768 0.1000000015
187492  -35.696  36.176  9.032 0.1000000015
187513  -35.436  36.147  8.566 0.1000000015
187493  -36.121  36.068  9.230 0.1000000015
173785  -35.608  24.789  14.186 0.2000000030
175806  -35.495  25.783  13.272 0.2000000030
188368  -30.564  36.536  10.553 0.1000000015
189187  -31.374  36.802  10.304 0.1000000015
189188  -32.198  37.036  10.175 0.1000000015
188384  -33.096  36.719  9.592 0.1000000015
189206  -33.999  36.808  9.632 0.1000000015
188406  -34.898  36.455  9.247 0.1000000015
189171  -31.073  37.283  10.721 0.1000000015
189189  -32.973  37.114  9.984 0.1000000015
189205  -33.434  36.879  9.700 0.1000000015
189207  -34.574  36.677  9.576 0.1000000015
188407  -35.511  36.325  9.295 0.1000000015
189172  -31.684  37.406  10.608 0.1000000015
190068  -33.482  37.783  10.547 0.1000000015
189191  -34.606  37.091  10.069 0.1000000015
189192  -35.379  36.996  10.204 0.1000000015
188387  -36.178  36.540  10.042 0.1000000015
189175  -35.073  37.518  10.569 0.1000000015
188369  -36.427  36.892  10.433 0.1000000015
188389  -37.419  36.362  10.219 0.2000000030
187477  -37.578  35.837  9.741 0.3000000119
188390  -38.400  36.397  10.232 0.3000000119
174836  -34.378  25.762  14.267 0.2000000030
176739  -34.701  26.795  13.734 0.2000000030
177725  -35.263  27.575  12.970 0.2000000030
176736  -33.950  26.698  14.760 0.2000000030
177720  -34.538  27.423  14.116 0.2000000030
178719  -34.812  28.234  14.071 0.2000000030
190922  -30.224  38.794  11.599 0.1000000015
190036  -30.706  38.294  11.354 0.1000000015
190049  -31.357  38.087  11.018 0.1000000015
190051  -33.178  38.150  10.723 0.1000000015
190052  -33.914  38.031  10.691 0.1000000015
190053  -34.717  38.143  10.788 0.2000000030
190055  -36.344  38.091  10.847 0.2000000030
189177  -36.741  37.431  10.751 0.2000000030
188371  -37.838  36.856  10.575 0.3000000119
190056  -37.139  38.089  10.767 0.2000000030
172590  -35.042  23.323  16.423 0.1000000015
173753  -33.883  24.522  15.542 0.1000000015
175792  -33.252  25.890  15.588 0.1000000015
173770  -34.149  24.936  15.026 0.1000000015
177712  -33.474  27.015  15.607 0.1000000015
178710  -34.193  27.927  15.387 0.2000000030
190920  -28.700  38.664  11.976 0.1000000015
190921  -29.487  38.699  11.768 0.1000000015
190923  -30.836  38.898  11.492 0.1000000015
190919  -27.886  38.628  12.073 0.1000000015
190933  -31.337  38.856  11.329 0.1000000015
191779  -33.057  39.616  10.987 0.1000000015
190937  -34.322  38.830  10.913 0.2000000030
190938  -35.137  38.836  10.927 0.1000000015
191782  -35.550  39.561  10.801 0.2000000030
190939  -35.955  38.816  10.881 0.2000000030
191784  -37.131  39.423  10.534 0.2000000030
172576  -34.833  23.075  17.077 0.2000000030
178705  -34.126  28.125  15.990 0.2000000030
178694  -34.633  28.689  16.460 0.2000000030
180617  -36.136  29.681  17.165 0.2000000030
191764  -28.968  39.438  11.822 0.1000000015
191765  -29.736  39.505  11.652 0.1000000015
191767  -31.085  39.442  11.481 0.1000000015
193636  -29.293  40.794  11.494 0.2000000030
192694  -30.669  40.729  11.318 0.2000000030
192695  -31.521  40.328  11.237 0.2000000030
191778  -32.231  39.569  11.131 0.1000000015
191780  -33.906  39.611  10.921 0.1000000015
192696  -32.514  40.435  11.052 0.2000000030
192697  -33.445  40.459  10.899 0.2000000030
192699  -35.130  40.238  10.670 0.2000000030
192700  -35.936  40.351  10.485 0.2000000030
192702  -37.220  39.860  10.340 0.2000000030
191794  -38.066  39.596  10.178 0.2000000030
192713  -37.428  40.290  10.074 0.2000000030
191793  -37.507  39.694  10.316 0.2000000030
192715  -39.237  40.068  9.585 0.2000000030
176728  -32.747  26.196  16.242 0.1000000015
177701  -32.131  27.536  17.287 0.1000000015
177703  -33.210  27.435  16.436 0.2000000030
178692  -32.848  28.246  17.182 0.1000000015
179657  -33.585  29.002  17.179 0.1000000015
182572  -35.469  31.208  17.179 0.1000000015
193651  -31.071  41.289  11.170 0.2000000030
193652  -31.918  41.244  11.025 0.2000000030
193653  -32.869  41.365  10.797 0.2000000030
193654  -33.944  41.327  10.584 0.2000000030
193656  -35.356  40.661  10.457 0.2000000030
193655  -34.837  40.896  10.515 0.2000000030
192711  -36.097  40.878  10.237 0.2000000030
193671  -36.286  41.254  9.984 0.2000000030
192712  -36.613  40.679  10.168 0.2000000030
193682  -37.960  41.270  9.330 0.2000000030
192721  -38.563  40.973  9.335 0.2000000030
181566  -33.178  30.675  17.321 0.1000000015
183573  -34.314  32.051  16.853 0.1000000015
183593  -35.599  32.619  16.560 0.1000000015
186422  -34.394  35.087  15.605 0.1000000015
185508  -35.173  34.032  15.830 0.1000000015
194605  -31.352  41.992  10.938 0.2000000030
194607  -32.765  42.147  10.546 0.2000000030
194622  -33.768  42.157  10.225 0.2000000030
195602  -32.259  42.639  10.466 0.2000000030
194621  -33.180  42.331  10.320 0.2000000030
193669  -34.696  41.586  10.310 0.2000000030
194625  -35.880  41.807  9.845 0.2000000030
195620  -34.704  42.630  9.785 0.2000000030
195639  -36.433  42.743  9.050 0.2000000030
194641  -37.596  41.907  9.062 0.2000000030
193683  -38.787  41.397  8.872 0.2000000030
196604  -36.065  43.313  8.846 0.2000000030
196626  -38.124  43.257  7.838 0.2000000030
194652  -39.147  41.953  8.168 0.2000000030
195663  -38.416  43.042  7.811 0.2000000030
195671  -39.214  43.008  7.173 0.2000000030
196646  -39.948  43.061  6.444 0.2000000030
195672  -39.705  42.747  6.967 0.2000000030
196655  -40.474  43.173  5.998 0.2000000030
184557  -31.262  32.607  20.767 0.1000000015
184573  -31.015  33.159  18.757 0.1000000015
187366  -31.962  35.845  19.109 0.1000000015
188260  -33.374  36.559  20.063 0.1000000015
191687  -33.360  39.738  20.206 0.1000000015
193565  -33.816  41.063  20.264 0.1000000015
194510  -34.858  42.124  20.527 0.1000000015
198152  -34.414  45.095  19.755 0.1000000015
182568  -32.289  31.548  17.449 0.1000000015
185495  -31.961  34.166  17.180 0.1000000015
188274  -31.700  36.441  18.144 0.1000000015
189070  -31.749  37.180  18.600 0.1000000015
191692  -32.564  39.798  19.755 0.1000000015
193564  -33.429  41.050  20.101 0.1000000015
196490  -33.501  43.813  19.302 0.1000000015
198151  -33.889  45.009  19.478 0.1000000015
199697  -33.934  46.408  19.860 0.1000000015
185504  -32.463  34.195  16.733 0.1000000015
189081  -32.331  37.150  16.619 0.1000000015
189080  -31.896  37.158  17.151 0.1000000015
188299  -34.350  36.475  15.515 0.1000000015
189972  -33.327  37.924  16.001 0.1000000015
188300  -35.052  36.506  15.342 0.1000000015
197474  -36.991  44.022  7.957 0.2000000030
197493  -37.452  44.278  7.414 0.1000000015
197494  -37.958  44.027  7.299 0.2000000030
196625  -37.618  43.541  7.931 0.2000000030
196645  -39.148  43.560  6.722 0.2000000030
197522  -38.881  44.436  6.124 0.2000000030
197524  -40.127  43.734  5.772 0.2000000030
197545  -40.330  44.232  5.420 0.2000000030
189945  -31.924  38.473  19.355 0.1000000015
189939  -32.677  38.412  20.062 0.1000000015
189953  -31.532  38.001  18.093 0.1000000015
191695  -31.495  39.708  18.652 0.1000000015
193574  -32.128  41.235  19.181 0.1000000015
195515  -32.605  42.969  18.993 0.1000000015
198919  -32.233  45.817  18.919 0.1000000015
199694  -31.968  46.822  19.417 0.1000000015
190863  -32.299  38.602  16.665 0.1000000015
192634  -31.769  40.385  16.899 0.1000000015
193584  -31.358  41.167  17.778 0.1000000015
191718  -33.658  39.124  15.958 0.1000000015
191717  -33.236  39.506  16.068 0.1000000015
198304  -36.374  45.286  7.083 0.1000000015
198293  -36.524  44.870  7.432 0.1000000015
197491  -36.191  44.652  7.790 0.1000000015
198294  -36.965  44.631  7.379 0.1000000015
197521  -38.266  44.690  6.338 0.1000000015
197510  -38.691  44.069  6.652 0.1000000015
196653  -39.351  43.905  6.184 0.2000000030
197523  -39.662  44.093  5.844 0.2000000030
198346  -40.696  44.860  5.335 0.2000000030
197546  -41.248  44.347  5.297 0.2000000030
197391  -31.429  44.320  15.727 0.1000000015
194550  -31.789  42.196  16.089 0.1000000015
195541  -31.245  43.458  16.340 0.1000000015
193603  -34.183  40.994  15.583 0.1000000015
193602  -33.477  41.028  15.621 0.1000000015
193601  -32.765  41.067  15.907 0.1000000015
198303  -35.953  45.517  7.112 0.1000000015
198322  -37.747  45.049  6.374 0.1000000015
197543  -39.096  44.904  5.608 0.1000000015
197544  -39.555  44.692  5.550 0.1000000015
198345  -40.163  45.290  5.483 0.1000000015
198326  -41.910  45.117  6.169 0.2000000030
198964  -31.984  45.821  15.322 0.1000000015
198963  -31.406  45.687  15.711 0.1000000015
197392  -32.014  44.300  15.227 0.1000000015
202184  -32.574  49.309  16.268 0.1000000015
194565  -34.022  42.249  15.073 0.1000000015
198984  -32.653  45.803  15.012 0.1000000015
202185  -33.272  49.545  16.171 0.1000000015
203805  -33.626  50.517  16.764 0.1000000015
206173  -34.594  53.375  18.624 0.1000000015
207855  -34.283  55.211  20.123 0.1000000015
196547  -34.572  43.711  14.742 0.1000000015
207882  -35.942  54.644  19.227 0.1000000015
208700  -36.543  55.882  19.915 0.1000000015
209458  -36.191  56.819  20.400 0.1000000015
210153  -35.597  58.182  21.392 0.1000000015
211578  -35.196  59.617  22.009 0.1000000015
210894  -37.980  58.179  19.881 0.1000000015
211631  -36.811  58.927  19.498 0.1000000015
211601  -37.439  59.245  20.548 0.1000000015
198344  -39.342  45.345  5.346 0.1000000015
198324  -40.408  45.641  5.842 0.1000000015
198307  -41.058  45.713  6.353 0.1000000015
210111  -34.763  57.978  24.082 0.1000000015
211527  -34.483  58.872  24.938 0.1000000015
211544  -33.860  59.042  24.145 0.1000000015
210826  -33.002  58.337  23.498 0.1000000015
210120  -32.349  57.801  22.683 0.1000000015
210851  -33.339  58.832  22.533 0.1000000015
212280  -35.139  59.873  22.982 0.1000000015
201414  -33.701  48.378  15.512 0.1000000015
204588  -34.627  51.392  17.034 0.1000000015
205358  -35.184  52.666  17.752 0.1000000015
210131  -32.384  57.779  21.997 0.1000000015
205359  -35.958  52.849  17.641 0.1000000015
209477  -37.862  56.682  19.865 0.1000000015
211616  -35.676  59.221  20.417 0.1000000015
210167  -33.349  57.624  20.569 0.1000000015
209487  -38.769  56.725  18.746 0.1000000015
209486  -36.137  56.915  18.513 0.1000000015
210196  -35.384  57.107  19.024 0.1000000015
209482  -33.479  56.334  19.410 0.1000000015
207007  -30.163  54.019  19.316 0.1000000015
208721  -39.147  56.047  17.428 0.1000000015
208728  -37.406  56.144  16.887 0.1000000015
207892  -33.339  54.693  18.180 0.1000000015
207037  -31.667  53.686  18.220 0.1000000015
206169  -30.346  53.276  18.602 0.1000000015
206165  -27.788  53.506  18.668 0.1000000015
199100  -39.672  46.108  5.690 0.1000000015
199084  -40.347  46.134  6.203 0.1000000015
199064  -40.606  46.329  6.558 0.1000000015
210089  -32.807  57.128  25.291 0.1000000015
209385  -32.381  56.785  24.592 0.1000000015
206101  -29.646  53.175  25.213 0.1000000015
206114  -29.643  53.397  24.540 0.1000000015
207782  -30.690  54.584  24.493 0.1000000015
208615  -31.447  55.827  23.835 0.1000000015
209396  -31.764  56.507  23.690 0.1000000015
207791  -30.183  54.390  23.800 0.1000000015
208626  -30.743  55.816  22.715 0.1000000015
209409  -31.512  56.773  22.755 0.1000000015
209420  -31.381  56.871  22.043 0.1000000015
210867  -33.505  58.609  21.653 0.1000000015
207804  -29.771  54.544  22.849 0.1000000015
208638  -30.518  55.906  22.070 0.1000000015
208637  -29.909  55.557  21.815 0.1000000015
209435  -31.366  56.817  21.377 0.1000000015
210148  -31.935  57.102  21.071 0.1000000015
210165  -31.930  56.919  20.709 0.1000000015
207875  -27.013  54.839  19.172 0.1000000015
210205  -26.988  57.122  17.974 0.1000000015
207861  -28.830  54.304  19.737 0.1000000015
210928  -27.700  58.034  17.780 0.1000000015
208720  -36.539  56.235  17.611 0.1000000015
207040  -34.217  54.558  17.546 0.1000000015
207890  -26.811  54.813  18.433 0.1000000015
210213  -27.085  56.782  17.533 0.1000000015
208737  -36.994  55.746  16.686 0.1000000015
206214  -32.713  53.009  16.832 0.1000000015
205371  -31.979  52.676  17.054 0.1000000015
204570  -28.977  51.905  17.687 0.1000000015
205341  -28.782  52.662  18.481 0.1000000015
207899  -26.841  54.858  17.627 0.1000000015
210936  -28.392  57.989  17.296 0.1000000015
212363  -29.160  58.941  17.586 0.1000000015
203804  -30.231  50.994  16.150 0.1000000015
199098  -38.043  45.756  5.297 0.1000000015
199099  -38.872  45.947  5.222 0.1000000015
199859  -39.400  46.659  5.782 0.1000000015
199857  -38.239  46.701  4.946 0.1000000015
199858  -39.013  46.686  5.461 0.1000000015
200672  -39.464  47.651  6.253 0.1000000015
199843  -39.748  46.722  6.109 0.1000000015
199826  -40.568  46.794  6.722 0.1000000015
202293  -40.296  49.023  6.770 0.1000000015
203126  -40.556  49.907  6.665 0.1000000015
206951  -29.219  53.699  23.274 0.1000000015
206964  -28.538  53.695  22.609 0.1000000015
207817  -28.945  54.474  22.087 0.1000000015
207834  -28.315  54.839  21.595 0.1000000015
208655  -28.477  55.085  21.038 0.1000000015
208656  -29.082  55.271  21.005 0.1000000015
207849  -27.937  54.886  20.018 0.1000000015
207859  -27.500  54.850  19.668 0.1000000015
209481  -26.613  56.201  19.217 0.1000000015
210917  -27.126  57.930  18.458 0.1000000015
208674  -27.139  55.591  20.220 0.1000000015
208691  -26.990  55.407  19.574 0.1000000015
210903  -26.807  57.711  19.317 0.1000000015
212351  -28.428  59.225  18.282 0.1000000015
212365  -30.478  59.515  17.457 0.1000000015
203803  -29.541  50.872  16.200 0.1000000015
203800  -27.790  51.450  15.934 0.1000000015
205385  -27.436  52.449  16.210 0.1000000015
207911  -27.910  55.453  16.189 0.1000000015
209509  -28.715  56.501  16.232 0.1000000015
210220  -28.959  57.253  16.572 0.1000000015
211647  -29.472  58.615  17.224 0.1000000015
212366  -31.089  59.349  17.028 0.1000000015
209512  -29.157  56.360  15.697 0.1000000015
210221  -29.839  57.334  16.244 0.1000000015
211658  -30.288  58.562  16.779 0.1000000015
199868  -37.661  46.726  4.584 0.1000000015
200677  -38.134  47.452  4.932 0.1000000015
200678  -38.590  47.530  5.450 0.1000000015
199842  -39.166  47.125  5.869 0.1000000015
201515  -38.461  48.242  5.422 0.1000000015
202304  -38.140  48.708  4.927 0.1000000015
202301  -38.960  48.953  5.765 0.1000000015
201511  -39.404  48.314  6.253 0.1000000015
202308  -38.489  49.496  4.569 0.1000000015
202305  -38.505  48.942  5.225 0.1000000015
202302  -39.451  48.997  6.184 0.1000000015
203141  -38.994  49.831  4.919 0.1000000015
203136  -39.141  49.531  5.617 0.1000000015
203125  -39.992  49.495  6.447 0.1000000015
212490  -41.555  59.324  9.561 0.3000000119
211759  -42.677  59.000  9.466 0.4000000060
203150  -39.736  50.462  4.482 0.1000000015
203142  -39.555  50.199  5.313 0.1000000015
204019  -39.957  50.497  5.670 0.1000000015
203993  -40.601  50.369  6.487 0.1000000015
211771  -39.859  58.534  8.893 0.3000000119
211772  -40.650  58.556  8.841 0.3000000119
211774  -42.247  58.710  8.359 0.2000000030
204008  -40.052  50.339  5.912 0.1000000015
210309  -39.407  57.338  7.236 0.3000000119
210311  -40.980  57.459  7.298 0.3000000119
211027  -41.618  58.295  8.148 0.3000000119
211787  -42.475  58.420  7.832 0.3000000119
210325  -39.903  56.995  6.581 0.3000000119
210326  -40.734  57.138  6.705 0.3000000119
210328  -42.018  57.554  6.636 0.3000000119
211059  -42.835  57.704  6.878 0.2000000030
209623  -40.712  56.716  5.646 0.3000000119
210347  -41.277  57.033  5.982 0.3000000119
211086  -42.465  57.518  6.037 0.3000000119
206375  -41.538  52.891  3.926 0.2000000030
210362  -42.216  57.215  5.446 0.3000000119
211088  -43.455  57.200  5.637 0.3000000119
207238  -42.741  54.044  3.309 0.2000000030
208072  -42.728  54.753  3.735 0.2000000030
208073  -43.104  55.328  3.425 0.3000000119
206122  -28.084  52.835  23.813 0.1000000015
206962  -27.205  53.900  22.656 0.1000000015
206976  -28.322  53.985  22.224 0.1000000015
208634  -27.246  55.210  21.682 0.1000000015
209433  -26.937  55.845  21.281 0.1000000015
210164  -26.714  56.803  20.445 0.1000000015
210182  -26.652  56.917  19.647 0.1000000015
211629  -27.621  58.770  18.738 0.1000000015
213085  -29.579  60.081  18.191 0.1000000015
213817  -30.907  60.899  18.261 0.1000000015
213088  -31.862  60.571  17.563 0.1000000015
206222  -27.447  53.313  15.827 0.1000000015
209516  -29.215  56.572  14.860 0.1000000015
209517  -29.824  57.070  15.108 0.1000000015
210949  -30.357  58.394  15.586 0.1000000015
211670  -31.130  59.111  15.888 0.1000000015
213113  -31.658  60.316  16.476 0.1000000015
206341  -33.765  53.283  7.427 0.2000000030
211036  -33.180  57.864  7.781 0.1000000015
200687  -37.635  47.416  4.406 0.1000000015
201514  -38.046  48.201  4.949 0.1000000015
211724  -34.486  58.898  10.815 0.1000000015
211727  -36.762  58.805  10.998 0.2000000030
211712  -37.239  59.292  11.535 0.2000000030
211729  -38.410  58.831  11.193 0.2000000030
211714  -38.916  59.362  11.776 0.4000000060
213209  -34.936  60.105  10.366 0.1000000015
212445  -35.385  59.625  11.438 0.1000000015
212446  -36.102  59.813  11.746 0.1000000015
212449  -38.478  59.798  12.158 0.2000000030
213902  -36.203  61.209  11.568 0.1000000015
212430  -37.269  60.319  12.281 0.2000000030
213164  -38.446  60.958  12.229 0.3000000119
212432  -38.865  60.278  12.333 0.4000000060
211716  -40.896  59.017  11.730 0.4000000060
211717  -41.727  58.940  11.635 0.4000000060
214641  -37.502  62.051  12.261 0.1000000015
213181  -38.367  61.074  11.618 0.2000000030
213182  -38.900  60.701  11.693 0.3000000119
213183  -39.621  60.477  11.727 0.4000000060
212465  -41.399  59.820  10.951 0.3000000119
212480  -42.547  59.360  10.372 0.4000000060
203148  -38.287  49.541  3.906 0.1000000015
203149  -38.959  49.940  4.140 0.1000000015
212474  -38.359  60.006  10.291 0.3000000119
212462  -39.499  60.008  10.729 0.3000000119
212463  -40.169  59.901  10.773 0.4000000060
212488  -38.105  59.636  9.703 0.2000000030
211754  -38.733  59.199  9.566 0.3000000119
211742  -40.002  59.231  9.860 0.3000000119
211743  -40.625  59.274  9.780 0.3000000119
211769  -38.236  58.765  8.773 0.3000000119
211024  -39.402  58.159  8.371 0.3000000119
210324  -39.051  56.964  6.579 0.3000000119
206377  -42.448  53.642  3.426 0.2000000030
210375  -41.835  56.784  4.628 0.3000000119
208085  -43.361  54.901  2.957 0.2000000030
209665  -42.997  56.520  3.527 0.3000000119
210377  -43.415  57.038  4.432 0.3000000119
210376  -42.648  57.119  4.555 0.3000000119
208890  -43.200  55.843  3.074 0.3000000119
208878  -43.156  55.683  3.967 0.3000000119
213831  -32.206  61.158  17.262 0.1000000015
207951  -27.952  54.847  14.104 0.1000000015
209522  -28.441  56.641  14.516 0.1000000015
210948  -29.608  58.654  15.313 0.1000000015
212387  -30.160  59.782  15.669 0.1000000015
213112  -30.987  60.555  16.169 0.1000000015
213843  -31.484  61.134  16.468 0.1000000015
208759  -27.301  55.560  13.860 0.1000000015
210954  -28.297  58.103  14.720 0.1000000015
211680  -28.966  59.221  15.091 0.1000000015
212386  -29.470  59.762  15.383 0.1000000015
213854  -30.342  61.121  15.906 0.1000000015
214606  -30.691  61.917  16.143 0.1000000015
206317  -27.052  53.219  9.447 0.1000000015
208014  -28.782  54.629  8.834 0.1000000015
206320  -29.462  53.220  9.044 0.1000000015
208015  -29.628  54.752  8.933 0.1000000015
207177  -30.772  54.025  9.012 0.1000000015
207185  -32.476  53.950  8.154 0.2000000030
208840  -34.578  55.323  7.864 0.2000000030
208831  -36.406  55.814  7.937 0.3000000119
209583  -36.900  56.238  8.280 0.3000000119
211052  -32.885  57.584  6.642 0.1000000015
211010  -33.027  58.025  9.256 0.1000000015
210995  -34.954  57.816  10.141 0.2000000030
211011  -36.027  57.643  9.623 0.2000000030
211054  -33.779  58.423  7.075 0.1000000015
211765  -33.597  58.492  8.600 0.1000000015
211723  -33.657  58.580  10.255 0.2000000030
210979  -35.489  58.277  10.533 0.1000000015
210997  -36.482  57.936  9.972 0.2000000030
210982  -37.878  58.307  10.587 0.2000000030
212471  -34.160  59.263  9.422 0.1000000015
213901  -35.692  60.752  11.173 0.1000000015
211731  -40.116  58.746  11.332 0.4000000060
210251  -41.607  57.464  10.571 0.4000000060
213242  -35.057  60.107  8.935 0.1000000015
213224  -35.397  60.607  9.461 0.1000000015
213919  -36.106  61.627  10.651 0.1000000015
215346  -37.015  62.965  11.376 0.1000000015
203162  -39.603  50.183  3.573 0.1000000015
214672  -37.980  62.121  10.931 0.1000000015
213212  -37.930  60.570  10.380 0.2000000030
211768  -37.594  59.177  8.675 0.3000000119
211023  -38.602  58.276  8.333 0.3000000119
204048  -41.278  51.030  3.488 0.1000000015
211039  -37.960  58.098  7.706 0.3000000119
211056  -37.919  57.554  6.992 0.3000000119
210308  -38.571  57.437  7.184 0.3000000119
204790  -41.648  51.910  3.436 0.2000000030
210344  -38.564  56.772  6.193 0.3000000119
209622  -39.970  56.604  5.865 0.3000000119
205556  -42.018  52.487  3.338 0.2000000030
209635  -40.430  56.417  5.150 0.3000000119
204794  -42.838  51.892  2.801 0.2000000030
210383  -42.326  56.743  3.979 0.3000000119
207239  -43.277  54.033  2.875 0.2000000030
213818  -31.600  60.931  18.007 0.1000000015
213799  -31.441  61.426  18.454 0.1000000015
214581  -32.480  61.964  17.363 0.1000000015
215281  -32.177  62.470  17.109 0.1000000015
215295  -31.187  62.585  16.419 0.1000000015
210235  -27.086  57.001  13.844 0.1000000015
210961  -27.301  57.783  14.009 0.1000000015
213134  -28.730  60.470  14.550 0.1000000015
213852  -29.331  61.045  15.068 0.1000000015
214605  -30.117  61.975  15.638 0.1000000015
215307  -30.584  62.739  15.804 0.1000000015
210242  -25.865  57.063  12.276 0.1000000015
211701  -26.525  58.491  12.426 0.1000000015
212408  -27.716  59.529  13.708 0.1000000015
213871  -28.682  61.010  13.783 0.1000000015
214622  -29.631  62.351  14.287 0.1000000015
215315  -30.096  62.866  14.653 0.1000000015
208012  -26.952  54.756  9.155 0.1000000015
208802  -26.271  55.727  9.269 0.1000000015
208804  -27.677  55.351  8.743 0.1000000015
208822  -28.220  55.775  8.316 0.1000000015
208805  -28.471  55.270  8.704 0.1000000015
209594  -29.237  56.143  7.138 0.1000000015
208824  -29.689  55.903  8.437 0.1000000015
208016  -30.483  54.829  9.111 0.1000000015
208019  -32.581  55.092  8.740 0.2000000030
209581  -35.428  56.251  8.413 0.2000000030
209595  -30.027  56.128  7.225 0.1000000015
209553  -30.517  56.214  8.487 0.1000000015
208793  -31.396  56.014  9.355 0.1000000015
208811  -33.239  55.784  8.879 0.2000000030
209559  -34.520  56.529  8.952 0.2000000030
209582  -36.219  56.334  8.384 0.3000000119
211096  -31.413  57.729  4.710 0.1000000015
210340  -32.186  57.203  6.148 0.1000000015
210306  -32.640  57.333  7.672 0.1000000015
210277  -32.320  57.323  9.049 0.1000000015
210261  -34.202  57.213  9.796 0.2000000030
210279  -34.858  56.979  9.292 0.2000000030
210281  -36.594  56.927  8.877 0.3000000119
210267  -40.033  57.285  9.836 0.4000000060
211083  -32.242  57.728  5.387 0.1000000015
211799  -33.476  58.454  6.117 0.1000000015
211835  -32.900  59.018  4.565 0.1000000015
211767  -34.472  59.161  7.889 0.1000000015
211824  -33.592  59.070  5.299 0.1000000015
211801  -34.355  59.143  6.920 0.1000000015
212547  -34.585  59.735  6.114 0.1000000015
213265  -35.520  60.798  7.090 0.1000000015
213243  -35.497  60.610  8.688 0.1000000015
213958  -36.167  61.731  8.981 0.1000000015
215390  -36.803  62.964  10.012 0.1000000015
213975  -36.200  61.751  8.185 0.1000000015
216082  -37.747  63.574  10.881 0.1000000015
216119  -37.567  63.817  10.095 0.1000000015
214720  -37.947  62.524  9.617 0.1000000015
214697  -37.735  61.867  9.955 0.1000000015
212487  -37.480  59.858  9.178 0.2000000030
203176  -39.432  49.816  2.716 0.1000000015
203177  -40.311  50.136  3.006 0.1000000015
213976  -37.381  61.256  8.805 0.1000000015
212501  -37.231  59.711  8.228 0.1000000015
203187  -40.178  49.734  2.372 0.1000000015
203188  -40.975  49.820  2.507 0.1000000015
211038  -37.344  58.377  7.394 0.3000000119
203179  -42.211  50.611  2.843 0.1000000015
211055  -37.329  57.972  6.898 0.3000000119
210343  -38.004  56.877  6.055 0.3000000119
209621  -39.139  56.529  5.904 0.3000000119
204050  -42.539  51.268  2.887 0.2000000030
209632  -38.153  56.315  5.215 0.3000000119
209634  -39.613  56.275  5.225 0.3000000119
203180  -42.974  50.769  2.623 0.2000000030
205558  -43.126  52.559  2.696 0.2000000030
209655  -40.844  55.935  3.944 0.3000000119
205564  -43.824  52.551  2.412 0.1000000015
207251  -43.824  53.801  2.520 0.2000000030
207240  -43.799  54.348  2.602 0.2000000030
208891  -43.775  55.365  2.570 0.3000000119
207252  -44.312  54.042  2.224 0.1000000015
208097  -44.496  54.685  2.162 0.3000000119
208907  -43.989  55.465  1.607 0.3000000119
215282  -32.592  62.921  17.287 0.1000000015
216014  -31.205  63.654  15.897 0.1000000015
216024  -30.659  63.538  14.704 0.1000000015
209534  -25.359  56.225  11.034 0.1000000015
210245  -25.727  57.299  11.698 0.1000000015
212427  -26.895  59.205  12.070 0.1000000015
213152  -28.027  60.439  12.942 0.1000000015
213879  -28.661  61.270  12.874 0.1000000015
215323  -30.059  62.884  13.847 0.1000000015
208791  -25.569  55.893  10.207 0.1000000015
211763  -26.230  58.476  9.325 0.1000000015
212457  -26.868  59.554  10.637 0.1000000015
210291  -26.395  57.348  8.468 0.1000000015
211018  -26.605  58.070  8.246 0.1000000015
209593  -28.434  56.367  7.113 0.1000000015
209592  -27.658  56.918  7.254 0.1000000015
209628  -29.116  57.092  5.444 0.1000000015
210355  -29.944  57.094  5.073 0.1000000015
211094  -29.694  58.037  4.267 0.1000000015
211102  -30.433  58.404  3.886 0.1000000015
211833  -31.731  58.528  4.241 0.1000000015
213278  -34.155  60.015  5.096 0.1000000015
214011  -35.047  60.698  5.708 0.1000000015
213998  -35.817  61.399  6.818 0.1000000015
214718  -36.439  62.347  8.711 0.1000000015
214727  -36.465  62.325  7.937 0.1000000015
215419  -37.193  63.419  8.927 0.1000000015
215412  -38.187  63.220  9.276 0.1000000015
214728  -37.737  61.840  8.383 0.1000000015
213261  -37.195  60.381  7.701 0.2000000030
202336  -40.662  49.395  1.953 0.1000000015
211802  -36.750  58.793  6.315 0.2000000030
212537  -36.632  59.067  5.896 0.2000000030
211816  -36.907  58.310  6.419 0.2000000030
203189  -41.882  49.915  2.561 0.1000000015
210341  -36.811  57.394  5.462 0.2000000030
209631  -37.531  56.483  5.169 0.3000000119
209644  -38.480  55.997  4.759 0.3000000119
203190  -42.777  50.092  2.484 0.1000000015
204795  -43.477  51.894  2.536 0.1000000015
208863  -38.117  55.842  4.278 0.3000000119
208865  -39.407  55.729  4.168 0.3000000119
209646  -40.105  55.986  4.425 0.3000000119
204053  -43.722  51.252  2.419 0.1000000015
204798  -44.143  51.844  2.286 0.1000000015
208887  -40.886  55.307  3.042 0.3000000119
206389  -44.143  53.244  2.303 0.1000000015
208897  -42.721  55.507  2.394 0.3000000119
208098  -45.043  54.620  1.622 0.3000000119
208908  -44.496  55.292  1.411 0.3000000119
216006  -31.953  63.501  16.735 0.1000000015
216706  -31.244  64.152  13.686 0.1000000015
213177  -27.753  60.506  11.846 0.1000000015
213887  -28.550  61.272  12.201 0.1000000015
214630  -29.123  61.791  13.187 0.1000000015
216032  -30.486  63.348  13.504 0.1000000015
212484  -27.479  60.074  8.809 0.1000000015
213916  -27.782  60.661  10.974 0.1000000015
213917  -28.177  61.062  10.687 0.1000000015
214638  -29.062  61.775  12.260 0.1000000015
214639  -29.627  62.372  12.642 0.1000000015
215330  -30.617  63.388  12.870 0.1000000015
211034  -27.403  58.130  7.130 0.1000000015
211782  -27.311  58.719  7.490 0.1000000015
210317  -28.062  57.551  6.324 0.1000000015
211092  -28.651  58.338  4.887 0.1000000015
211843  -29.908  58.790  3.669 0.1000000015
212583  -31.094  59.368  3.384 0.1000000015
212594  -30.218  59.943  2.881 0.1000000015
211846  -31.981  59.059  3.904 0.1000000015
213324  -31.620  60.206  2.994 0.1000000015
213308  -32.245  60.001  3.398 0.1000000015
213310  -33.787  60.613  3.998 0.1000000015
214041  -34.599  61.057  4.438 0.1000000015
214758  -35.825  61.918  5.638 0.1000000015
214749  -36.305  62.339  6.571 0.1000000015
215440  -37.088  63.296  7.355 0.1000000015
216128  -38.323  64.106  8.968 0.1000000015
214738  -37.770  61.746  7.896 0.1000000015
214000  -37.424  61.001  7.234 0.1000000015
212538  -36.810  59.489  6.449 0.1000000015
211085  -36.514  57.852  5.221 0.2000000030
210373  -36.725  56.809  4.576 0.2000000030
208870  -37.297  56.074  3.989 0.2000000030
202339  -43.359  49.534  2.224 0.1000000015
208883  -37.923  55.389  3.287 0.2000000030
208885  -39.370  55.104  3.221 0.3000000119
204054  -44.385  51.109  2.202 0.1000000015
204799  -44.864  51.760  2.136 0.1000000015
208886  -40.122  55.152  3.124 0.3000000119
208093  -41.193  54.435  2.263 0.3000000119
205566  -45.214  52.430  1.963 0.1000000015
206390  -44.813  53.238  2.044 0.1000000015
208094  -42.029  54.932  2.198 0.3000000119
207262  -44.271  53.937  0.922 0.2000000030
208095  -43.022  54.970  1.710 0.3000000119
216679  -31.856  64.556  15.873 0.1000000015
216690  -31.495  64.455  14.805 0.1000000015
215344  -30.125  62.808  11.280 0.1000000015
216049  -31.163  63.843  12.339 0.1000000015
213222  -28.046  60.639  8.762 0.1000000015
214667  -28.624  61.478  10.279 0.1000000015
214649  -29.106  61.903  11.398 0.1000000015
212517  -27.687  59.523  7.510 0.1000000015
213258  -28.240  60.379  7.589 0.1000000015
211811  -27.865  58.466  6.479 0.1000000015
212534  -28.132  59.630  6.657 0.1000000015
211821  -28.312  58.784  5.295 0.1000000015
213277  -27.969  60.476  5.248 0.1000000015
212569  -28.274  59.882  4.033 0.1000000015
213306  -28.996  60.175  3.101 0.1000000015
213321  -29.426  60.393  2.823 0.1000000015
214072  -31.970  61.046  2.611 0.1000000015
213323  -30.711  60.411  2.707 0.1000000015
213326  -33.040  60.860  3.040 0.1000000015
214056  -34.566  61.396  3.687 0.1000000015
214042  -35.196  61.538  4.568 0.1000000015
214768  -36.168  62.310  5.365 0.1000000015
215449  -37.022  63.179  6.557 0.1000000015
216792  -38.380  64.410  8.023 0.1000000015
215431  -38.844  62.951  7.803 0.1000000015
213271  -37.086  60.242  5.991 0.1000000015
212549  -36.771  59.613  5.599 0.1000000015
210381  -36.244  57.135  3.493 0.2000000030
209661  -36.464  56.447  3.149 0.2000000030
208884  -38.640  55.155  3.275 0.2000000030
207236  -39.189  54.235  2.527 0.2000000030
207237  -39.794  54.159  2.537 0.2000000030
207249  -41.683  54.056  1.892 0.3000000119
207260  -42.782  54.132  1.413 0.3000000119
207261  -43.507  54.117  1.128 0.3000000119
217331  -32.234  65.052  15.749 0.1000000015
217343  -32.382  65.372  14.867 0.1000000015
216707  -31.827  64.561  13.105 0.1000000015
214695  -29.589  62.321  10.148 0.1000000015
214715  -28.652  61.318  9.159 0.1000000015
214650  -29.613  62.351  11.779 0.1000000015
214725  -29.388  61.804  8.231 0.1000000015
213263  -28.401  60.433  6.863 0.1000000015
214010  -28.573  61.187  6.443 0.1000000015
214746  -28.973  61.757  6.732 0.1000000015
214025  -28.186  61.381  5.672 0.1000000015
213289  -27.847  60.800  4.173 0.1000000015
213305  -28.433  60.532  3.382 0.1000000015
214782  -27.980  62.175  3.342 0.1000000015
214794  -28.598  62.142  2.757 0.1000000015
214091  -32.294  61.674  2.294 0.1000000015
214090  -31.579  61.655  2.226 0.1000000015
214088  -30.089  61.771  2.159 0.1000000015
214796  -33.832  61.743  2.567 0.1000000015
207258  -38.452  53.562  1.546 0.2000000030
206396  -39.222  53.023  1.536 0.2000000030
208882  -37.043  55.857  3.277 0.2000000030
208091  -38.401  54.555  2.546 0.2000000030
206386  -40.467  53.214  1.906 0.2000000030
206387  -41.303  53.233  1.704 0.2000000030
207248  -40.932  53.802  2.066 0.3000000119
206399  -43.036  53.406  1.194 0.2000000030
206388  -41.828  53.616  1.684 0.3000000119
206400  -43.758  53.426  1.002 0.1000000015
217359  -32.138  64.998  13.738 0.1000000015
215362  -30.096  62.785  10.468 0.1000000015
216058  -31.122  63.737  11.768 0.1000000015
214716  -29.091  61.648  9.010 0.1000000015
215408  -30.125  62.673  8.905 0.1000000015
205569  -39.055  52.767  1.094 0.2000000030
205562  -40.020  52.756  1.660 0.2000000030
205572  -41.098  52.415  1.374 0.2000000030
206397  -41.598  52.839  1.444 0.2000000030
205574  -42.613  52.634  1.156 0.1000000015
205582  -43.721  52.450  0.876 0.1000000015
204820  -45.173  51.549  0.474 0.1000000015
204813  -39.646  51.860  0.002 0.1000000015
204814  -40.295  51.432  0.279 0.1000000015
204064  -41.436  51.025  0.505 0.1000000015
204060  -42.109  51.424  0.729 0.1000000015
204818  -43.571  51.816  0.729 0.1000000015
204808  -42.995  52.138  0.927 0.1000000015
204067  -43.855  50.955  0.443 0.1000000015
204835  -40.049  51.894  -1.290 0.1000000015
204846  -40.550  51.856  -1.853 0.1000000015
203204  -43.342  50.333  0.213 0.1000000015
204066  -43.058  51.007  0.483 0.1000000015
173702  -48.801  24.192  18.925 0.1000000015
189179  -38.229  37.406  10.668 0.2000000030
190057  -37.880  38.057  10.671 0.2000000030
195680  -40.587  42.686  6.288 0.2000000030
194669  -39.737  42.311  7.354 0.2000000030
190941  -37.539  38.747  10.591 0.2000000030
192714  -38.379  40.429  9.725 0.2000000030
186423  -35.110  35.119  15.484 0.1000000015
208039  -34.483  54.714  7.578 0.3000000119
189986  -34.954  38.007  15.535 0.1000000015
192647  -34.549  40.281  15.725 0.1000000015
178727  -35.573  28.266  12.702 0.2000000030
205515  -32.882  52.605  7.718 0.2000000030
197402  -32.678  44.356  14.910 0.1000000015
195552  -33.128  42.403  15.235 0.1000000015
206176  -39.176  53.707  18.377 0.1000000015
206323  -31.591  53.656  8.555 0.2000000030
202186  -33.961  49.532  16.026 0.1000000015
208713  -39.489  55.089  18.207 0.1000000015
207886  -38.842  54.808  18.880 0.1000000015
208730  -38.756  55.886  16.687 0.1000000015
207061  -35.553  54.283  15.968 0.1000000015
207871  -36.969  55.235  19.557 0.1000000015
207026  -35.833  54.061  18.744 0.1000000015
208712  -39.113  55.735  18.570 0.1000000015
209496  -38.590  56.815  17.845 0.1000000015
205388  -32.602  52.536  16.371 0.1000000015
206216  -33.802  53.292  16.267 0.1000000015
207166  -26.280  54.143  9.890 0.1000000015
207173  -27.435  53.896  9.134 0.1000000015
210908  -38.266  57.974  19.137 0.1000000015
210208  -37.338  57.380  18.045 0.1000000015
209528  -25.460  55.981  12.007 0.1000000015
207078  -27.996  54.098  14.602 0.1000000015
210240  -26.592  57.162  13.335 0.1000000015
205393  -27.443  52.520  15.438 0.1000000015
181568  -34.904  30.491  17.294 0.1000000015
187488  -30.948  35.386  9.084 0.1000000015
188402  -31.972  35.809  9.127 0.1000000015
187489  -31.573  35.452  8.922 0.1000000015
187509  -32.538  35.268  8.479 0.1000000015
188420  -34.071  36.185  8.596 0.1000000015
188381  -30.719  36.211  10.153 0.1000000015
187475  -36.357  36.242  9.801 0.1000000015
187476  -36.833  36.019  9.778 0.3000000119
175811  -35.678  26.130  12.741 0.2000000030
189170  -30.497  36.975  10.827 0.1000000015
188367  -30.113  36.268  10.613 0.1000000015
190066  -32.653  37.410  10.329 0.1000000015
188386  -35.669  36.575  9.891 0.1000000015
190050  -32.358  37.895  10.692 0.1000000015
189190  -33.759  37.398  10.236 0.1000000015
190048  -30.648  37.656  11.063 0.1000000015
189174  -34.342  37.613  10.520 0.1000000015
189176  -35.908  37.374  10.633 0.2000000030
188370  -37.109  36.861  10.557 0.2000000030
190935  -32.717  38.800  10.935 0.1000000015
190934  -31.937  38.777  11.075 0.1000000015
190936  -33.518  38.832  10.896 0.1000000015
190054  -35.523  38.113  10.842 0.2000000030
174807  -33.082  25.192  15.911 0.1000000015
191781  -34.735  39.576  10.876 0.2000000030
191783  -36.362  39.500  10.679 0.2000000030
192701  -36.790  40.026  10.405 0.2000000030
190940  -36.758  38.781  10.765 0.2000000030
178693  -33.716  28.169  16.760 0.1000000015
192678  -29.196  40.178  11.639 0.2000000030
192679  -30.015  40.376  11.474 0.2000000030
192680  -30.853  40.046  11.436 0.1000000015
191777  -31.587  39.468  11.323 0.1000000015
193650  -30.331  41.375  11.228 0.2000000030
192698  -34.339  40.357  10.776 0.2000000030
193673  -37.720  40.806  9.717 0.2000000030
179656  -32.701  29.066  17.301 0.1000000015
182571  -34.609  31.286  17.119 0.1000000015
194606  -32.132  42.018  10.773 0.2000000030
194608  -33.307  41.865  10.495 0.2000000030
193670  -35.532  41.186  10.226 0.2000000030
193681  -37.394  41.612  9.339 0.2000000030
194640  -36.927  42.051  9.259 0.2000000030
182569  -32.990  31.501  17.256 0.1000000015
180613  -32.391  29.927  17.454 0.1000000015
184595  -34.336  33.326  16.259 0.1000000015
186412  -33.960  34.765  15.840 0.1000000015
195618  -33.266  42.885  10.054 0.2000000030
194623  -34.437  42.176  10.092 0.2000000030
195619  -34.054  42.779  9.869 0.2000000030
194624  -35.163  42.054  9.960 0.2000000030
194639  -36.173  42.261  9.482 0.2000000030
195638  -35.667  42.866  9.309 0.2000000030
195640  -36.951  42.597  8.895 0.2000000030
194651  -38.551  42.133  8.394 0.2000000030
196624  -36.688  43.495  8.432 0.2000000030
195653  -37.316  42.870  8.529 0.2000000030
194649  -37.325  42.356  8.891 0.2000000030
195654  -38.065  42.838  8.178 0.2000000030
196638  -38.385  43.588  7.396 0.2000000030
195655  -38.565  42.641  7.985 0.2000000030
195665  -39.398  42.635  7.368 0.2000000030
186385  -32.043  34.561  20.259 0.1000000015
184552  -32.029  32.670  21.386 0.1000000015
185481  -31.449  33.924  20.032 0.1000000015
185485  -31.106  33.477  19.682 0.1000000015
186395  -31.494  34.827  18.859 0.1000000015
186399  -31.522  34.892  18.137 0.1000000015
184577  -31.357  33.281  18.055 0.1000000015
189950  -32.009  37.683  19.159 0.1000000015
188270  -31.804  36.455  18.592 0.1000000015
187361  -32.369  35.730  19.587 0.1000000015
188268  -32.916  36.518  19.765 0.1000000015
189940  -33.260  38.189  20.230 0.1000000015
191688  -34.165  39.599  20.510 0.1000000015
194519  -32.660  41.714  19.513 0.1000000015
189941  -34.022  38.049  20.427 0.1000000015
194521  -33.875  42.527  19.879 0.1000000015
195503  -33.454  43.020  19.535 0.1000000015
195490  -34.958  43.146  20.330 0.1000000015
196478  -33.876  43.785  19.536 0.1000000015
195491  -35.479  43.171  20.609 0.1000000015
199696  -33.211  46.585  19.720 0.1000000015
184580  -32.985  32.861  16.914 0.1000000015
183570  -31.973  32.335  17.480 0.1000000015
187377  -32.361  35.655  16.618 0.1000000015
187376  -31.937  35.659  17.170 0.1000000015
190853  -31.877  38.617  17.071 0.1000000015
191698  -31.414  39.598  17.887 0.1000000015
192613  -32.000  40.401  19.278 0.1000000015
197342  -32.836  44.310  18.861 0.1000000015
198920  -32.798  45.385  19.082 0.1000000015
187384  -33.500  35.744  15.848 0.1000000015
189985  -34.070  37.960  15.696 0.1000000015
198306  -37.655  44.725  6.795 0.1000000015
193577  -31.514  41.187  18.444 0.1000000015
200521  -30.943  48.096  19.909 0.1000000015
192635  -32.163  40.319  16.526 0.1000000015
194543  -31.536  41.938  16.616 0.1000000015
195551  -32.610  42.725  15.339 0.1000000015
200572  -32.014  47.239  15.509 0.1000000015
200573  -32.583  47.515  15.411 0.1000000015
205357  -34.164  52.366  17.946 0.1000000015
207012  -35.147  54.348  19.225 0.1000000015
206172  -33.972  53.259  18.811 0.1000000015
207866  -33.430  54.574  20.174 0.1000000015
208683  -34.999  55.749  20.172 0.1000000015
209457  -35.425  56.706  20.473 0.1000000015
209456  -34.668  56.627  20.750 0.1000000015
210172  -37.121  57.638  20.459 0.1000000015
208699  -35.737  55.490  19.850 0.1000000015
210891  -36.316  58.006  20.937 0.1000000015
211599  -35.674  59.707  21.113 0.1000000015
210869  -35.535  58.734  21.846 0.1000000015
210152  -34.888  57.637  21.470 0.1000000015
210852  -34.664  57.974  22.287 0.1000000015
211577  -34.453  59.452  21.982 0.1000000015
211597  -34.591  59.328  21.510 0.1000000015
210197  -35.908  57.504  18.969 0.1000000015
210906  -35.858  58.478  19.664 0.1000000015
210090  -33.225  57.859  25.265 0.1000000015
210099  -33.244  58.149  24.648 0.1000000015
210904  -34.303  58.225  20.411 0.1000000015
209473  -33.786  56.856  19.632 0.1000000015
210150  -33.282  58.039  21.148 0.1000000015
210889  -34.194  58.659  20.924 0.1000000015
208695  -31.476  55.718  19.934 0.1000000015
209472  -33.084  56.625  19.849 0.1000000015
208718  -35.205  55.763  18.140 0.1000000015
208709  -34.383  55.738  18.575 0.1000000015
207879  -32.370  54.872  18.886 0.1000000015
207865  -31.817  55.142  19.401 0.1000000015
207878  -31.530  54.537  19.104 0.1000000015
206167  -29.125  53.150  18.878 0.1000000015
207863  -30.448  54.559  19.600 0.1000000015
207005  -28.418  53.816  19.324 0.1000000015
207053  -34.947  54.362  16.738 0.1000000015
208726  -36.295  55.759  17.288 0.1000000015
206201  -31.644  52.994  17.532 0.1000000015
205354  -30.788  52.725  17.807 0.1000000015
205352  -29.265  52.281  18.034 0.1000000015
206198  -27.160  53.633  17.777 0.1000000015
206087  -30.457  53.542  26.204 0.1000000015
208679  -30.666  55.871  20.597 0.1000000015
208678  -29.679  55.175  20.325 0.1000000015
209507  -27.621  56.219  16.837 0.1000000015
205387  -31.625  52.195  16.682 0.1000000015
205369  -30.558  52.189  17.385 0.1000000015
204601  -29.896  51.314  16.692 0.1000000015
205368  -28.139  52.202  17.525 0.1000000015
204581  -28.073  51.749  16.863 0.1000000015
207056  -27.127  54.116  16.805 0.1000000015
207909  -27.048  54.655  17.053 0.1000000015
207057  -27.475  54.085  16.197 0.1000000015
207923  -28.173  55.156  15.692 0.1000000015
211025  -40.211  58.120  8.361 0.3000000119
211770  -39.055  58.635  8.899 0.3000000119
211057  -41.697  57.761  7.293 0.3000000119
210361  -41.479  56.838  5.281 0.3000000119
210147  -26.765  56.634  21.324 0.1000000015
207934  -28.481  55.076  14.947 0.1000000015
210229  -28.680  57.351  14.761 0.1000000015
208028  -33.660  54.800  7.893 0.2000000030
211702  -40.227  59.646  12.238 0.4000000060
213168  -41.104  60.006  11.979 0.4000000060
209647  -41.126  56.409  4.524 0.3000000119
209656  -41.743  56.301  3.736 0.3000000119
208086  -44.075  54.821  2.447 0.3000000119
209663  -42.046  56.060  3.206 0.3000000119
209521  -27.650  56.410  14.114 0.1000000015
212397  -27.968  59.183  14.337 0.1000000015
208017  -31.307  54.773  9.147 0.1000000015
209544  -33.431  56.668  9.604 0.2000000030
212519  -34.809  59.641  7.670 0.1000000015
208896  -42.136  55.483  2.605 0.3000000119
211694  -26.866  58.444  13.292 0.1000000015
213143  -28.224  60.330  13.666 0.1000000015
211707  -26.531  58.789  11.666 0.1000000015
212418  -27.019  59.096  12.784 0.1000000015
208803  -26.943  55.720  8.887 0.1000000015
210274  -26.016  57.267  9.159 0.1000000015
209616  -29.559  56.494  5.872 0.1000000015
209542  -32.122  56.422  9.512 0.2000000030
209597  -31.495  56.515  7.289 0.1000000015
210338  -31.036  56.716  5.732 0.1000000015
210275  -31.542  56.742  8.608 0.1000000015
212571  -33.316  59.604  4.477 0.1000000015
208888  -41.699  55.653  3.019 0.3000000119
208874  -39.849  55.561  3.712 0.3000000119
210991  -25.874  57.943  10.333 0.1000000015
211736  -26.163  58.508  10.616 0.1000000015
212497  -27.145  59.290  8.252 0.1000000015
212470  -26.842  59.539  9.940 0.1000000015
213208  -27.520  60.355  9.834 0.1000000015
211829  -28.631  58.924  4.371 0.1000000015
211825  -36.393  58.461  4.950 0.1000000015
208872  -38.374  55.551  3.776 0.3000000119
208082  -41.356  55.033  2.624 0.3000000119
213935  -28.205  61.077  9.944 0.1000000015
208077  -37.575  55.198  2.705 0.2000000030
213984  -28.602  60.958  7.983 0.1000000015
208905  -36.534  55.988  2.106 0.2000000030
207246  -39.406  53.789  2.197 0.2000000030
214736  -29.830  62.276  8.017 0.1000000015
214766  -28.205  62.233  5.631 0.1000000015
215502  -29.490  63.000  2.117 0.1000000015
204805  -40.608  51.775  0.992 0.2000000030
204806  -41.427  51.702  0.984 0.1000000015
204807  -42.244  51.835  0.916 0.1000000015
204825  -39.610  52.044  -0.726 0.1000000015
183814  -34.267  32.872  2.695 0.1000000015
172624  -38.631  23.635  14.855 0.1000000015
171432  -35.785  23.170  16.738 0.1000000015
172593  -37.511  23.468  16.129 0.1000000015
172637  -38.462  23.437  14.098 0.1000000015
173774  -36.501  24.056  14.588 0.1000000015
172653  -37.808  23.393  13.309 0.1000000015
170302  -38.165  22.290  11.809 0.1000000015
175814  -35.975  26.488  12.224 0.1000000015
171411  -34.386  22.878  17.961 0.1000000015
172544  -32.988  23.128  18.345 0.1000000015
173772  -35.380  24.409  14.714 0.1000000015
171482  -37.319  23.198  12.153 0.1000000015
173810  -36.534  24.889  12.520 0.1000000015
173800  -36.457  24.753  13.204 0.1000000015
173786  -36.104  24.636  13.976 0.1000000015
173755  -35.080  24.039  15.271 0.1000000015
172591  -35.987  23.380  16.126 0.1000000015
172623  -37.869  23.687  14.754 0.1000000015
172636  -37.787  23.648  14.016 0.1000000015
172621  -36.231  23.924  14.917 0.1000000015
166847  -46.645  19.413  10.666 0.1000000015
166848  -47.539  19.923  10.101 0.1000000015
166857  -46.115  19.274  10.039 0.1000000015
166838  -47.434  19.746  11.042 0.1000000015
166839  -48.000  20.067  10.691 0.1000000015
168029  -48.517  20.282  10.272 0.1000000015
165677  -45.623  19.046  9.808 0.1000000015
166858  -46.711  19.630  9.656 0.1000000015
166849  -48.042  20.126  10.249 0.1000000015
166866  -45.371  19.159  8.953 0.1000000015
168041  -49.134  20.538  9.810 0.1000000015
165690  -44.412  18.573  7.679 0.1000000015
168039  -48.007  20.183  9.382 0.1000000015
166867  -45.892  19.374  9.177 0.1000000015
165684  -44.970  18.975  8.740 0.1000000015
166868  -46.688  19.817  8.761 0.1000000015
168050  -49.160  20.526  9.080 0.1000000015
165691  -44.866  19.075  8.005 0.1000000015
166876  -45.417  19.319  8.488 0.1000000015
166877  -46.040  19.657  8.252 0.1000000015
166859  -47.359  19.996  9.168 0.1000000015
166886  -45.443  19.417  7.714 0.1000000015
166869  -47.304  20.140  8.410 0.1000000015
168059  -48.458  20.420  8.175 0.1000000015
165696  -44.405  18.396  7.205 0.1000000015
165697  -44.972  18.838  6.982 0.1000000015
166894  -45.554  19.402  7.109 0.1000000015
166878  -46.807  20.043  7.846 0.1000000015
168058  -47.783  20.332  7.963 0.1000000015
165698  -45.487  19.244  6.752 0.1000000015
168072  -49.031  20.510  7.675 0.1000000015
168086  -49.625  20.570  7.180 0.1000000015
169251  -50.388  20.738  6.995 0.1000000015
165705  -45.525  19.095  6.267 0.1000000015
169250  -49.868  20.587  6.741 0.1000000015
169265  -50.475  21.114  5.994 0.1000000015
170405  -51.273  22.025  6.711 0.1000000015
165710  -45.738  18.710  5.353 0.1000000015
166911  -46.254  19.238  5.376 0.1000000015
166904  -47.050  19.702  5.304 0.1000000015
168105  -47.388  19.847  5.251 0.1000000015
168106  -47.902  20.068  5.066 0.1000000015
169280  -49.214  20.627  4.423 0.1000000015
170435  -50.142  21.512  4.763 0.1000000015
171620  -50.629  22.794  4.686 0.1000000015
172790  -50.745  23.605  4.657 0.1000000015
169281  -49.685  21.201  4.302 0.1000000015
170449  -50.405  22.468  4.484 0.1000000015
166887  -46.052  19.711  7.440 0.1000000015
166879  -47.315  20.218  7.982 0.1000000015
168069  -47.179  20.231  7.154 0.1000000015
168070  -47.767  20.371  7.283 0.1000000015
166895  -45.956  19.541  6.682 0.1000000015
168082  -47.016  20.055  6.494 0.1000000015
168084  -48.289  20.391  6.785 0.1000000015
166902  -46.087  19.364  5.929 0.1000000015
168085  -48.945  20.475  7.002 0.1000000015
168096  -48.141  20.296  6.004 0.1000000015
168097  -48.852  20.441  6.299 0.1000000015
169264  -49.928  20.650  6.234 0.1000000015
170404  -50.924  21.379  6.532 0.1000000015
168108  -49.385  20.539  5.956 0.1000000015
169272  -49.745  20.843  5.247 0.1000000015
170421  -50.957  22.009  5.840 0.1000000015
171593  -51.245  22.920  6.007 0.1000000015
168107  -48.838  20.446  5.454 0.1000000015
170436  -50.540  22.153  4.914 0.1000000015
171605  -50.917  22.853  5.258 0.1000000015
168073  -49.639  20.609  7.838 0.1000000015
170422  -51.259  22.388  6.250 0.1000000015
168098  -49.453  20.501  6.568 0.1000000015
166896  -46.520  19.776  6.307 0.1000000015
168094  -46.892  19.873  6.081 0.1000000015
169273  -50.462  21.467  5.306 0.1000000015
170448  -50.060  22.019  4.155 0.1000000015
171619  -50.374  22.893  4.180 0.1000000015
168083  -47.623  20.248  6.596 0.1000000015
195637  -34.909  43.063  9.422 0.1000000015
196623  -35.898  43.906  8.502 0.1000000015
193648  -28.872  41.326  11.362 0.1000000015
193649  -29.651  41.249  11.292 0.1000000015
194604  -30.567  42.005  11.022 0.1000000015
195617  -32.493  43.144  10.136 0.1000000015
196588  -34.096  43.181  9.597 0.1000000015
211109  -36.019  57.791  3.242 0.1000000015
210389  -36.111  57.295  2.856 0.1000000015
207268  -37.344  54.422  1.051 0.1000000015
208895  -36.970  55.552  2.434 0.1000000015
211115  -36.168  57.945  2.325 0.1000000015
210396  -36.204  57.215  2.035 0.1000000015
208914  -36.541  56.001  1.539 0.1000000015
206407  -38.074  53.639  0.278 0.1000000015
206394  -38.175  53.489  0.958 0.1000000015
205589  -38.817  52.744  0.108 0.1000000015
211121  -36.333  57.855  1.584 0.1000000015
211127  -36.875  57.903  0.617 0.1000000015
209680  -36.523  56.458  1.145 0.1000000015
207276  -37.386  54.478  0.469 0.1000000015
207283  -38.039  54.455  -0.563 0.1000000015
209687  -37.628  56.389  -0.534 0.1000000015
208930  -37.867  55.680  -0.771 0.1000000015
209697  -38.116  56.423  -0.993 0.1000000015
208102  -37.083  54.960  1.363 0.1000000015
207243  -37.513  54.602  1.865 0.1000000015
208920  -37.054  55.661  0.308 0.1000000015
209686  -37.175  56.375  -0.035 0.1000000015
208921  -37.400  55.659  -0.291 0.1000000015
165637  -42.799  18.387  13.512 0.1000000015
165704  -45.158  18.575  6.054 0.1000000015
166830  -47.325  19.754  12.460 0.1000000015
166846  -46.117  19.140  10.517 0.1000000015
166888  -46.577  19.940  6.995 0.1000000015
166903  -46.677  19.625  5.681 0.1000000015
167996  -45.694  20.681  14.592 0.1000000015
168005  -48.367  20.880  13.595 0.1000000015
168028  -48.134  20.180  9.915 0.1000000015
168040  -48.582  20.347  9.556 0.1000000015
168057  -47.370  20.264  7.658 0.1000000015
168061  -49.865  20.698  8.555 0.2000000030
168071  -48.379  20.442  7.486 0.1000000015
168074  -50.168  20.708  7.822 0.1000000015
168087  -49.973  20.626  7.455 0.1000000015
168095  -47.331  19.998  5.808 0.1000000015
169101  -44.188  21.658  17.075 0.1000000015
169129  -49.812  21.699  14.038 0.2000000030
169134  -50.411  21.710  13.442 0.2000000030
169137  -40.336  21.567  11.876 0.4000000060
169139  -49.461  20.902  12.513 0.1000000015
169144  -39.471  21.442  11.074 0.5000000000
169146  -40.963  21.488  11.531 0.3000000119
169148  -42.267  21.790  11.399 0.4000000060
169152  -51.245  21.615  12.114 0.2000000030
169164  -40.736  21.192  10.679 0.4000000060
169167  -43.035  21.773  10.789 0.4000000060
169181  -40.490  21.189  9.818 0.8000000119
169185  -43.779  21.774  10.051 0.3000000119
169197  -40.318  21.336  8.967 0.8000000119
169220  -50.094  20.828  9.030 0.2000000030
169229  -40.422  21.766  7.471 0.8000000119
169231  -41.545  21.218  7.671 0.6999999881
169235  -44.705  21.498  7.906 0.6000000238
169243  -40.487  21.927  7.151 0.8999999762
169246  -42.020  21.243  7.069 0.8000000119
169260  -42.372  21.346  6.469 0.8999999762
169271  -49.144  20.518  4.944 0.1000000015
170246  -44.119  21.721  17.349 0.1000000015
170256  -47.492  22.622  16.443 0.1000000015
170260  -46.027  21.964  16.087 0.2000000030
170271  -49.999  22.177  14.879 0.2000000030
170272  -50.496  22.204  14.585 0.2000000030
170276  -49.085  21.730  14.481 0.2000000030
170279  -50.741  22.101  14.074 0.2000000030
170280  -51.096  22.177  13.699 0.2000000030
170283  -39.061  22.275  12.748 0.2000000030
170286  -41.233  22.294  12.906 0.2000000030
170287  -50.424  21.818  13.739 0.2000000030
170289  -51.139  22.175  13.186 0.2000000030
170291  -38.161  22.402  12.183 0.1000000015
170292  -38.528  22.261  12.358 0.2000000030
170294  -40.436  21.841  12.323 0.2000000030
170295  -41.080  22.018  12.444 0.2000000030
170297  -42.505  22.264  12.322 0.3000000119
170298  -43.056  22.341  12.234 0.3000000119
170299  -50.926  21.780  12.835 0.2000000030
170303  -38.862  21.812  11.383 0.3000000119
170305  -40.921  21.771  12.040 0.4000000060
170306  -41.464  21.843  11.962 0.3000000119
170307  -42.182  21.950  11.838 0.3000000119
170311  -44.646  22.396  11.321 0.3000000119
170322  -38.642  21.987  10.520 0.5000000000
170323  -42.562  21.889  11.438 0.4000000060
170324  -43.068  21.941  11.232 0.3000000119
170325  -43.715  22.079  11.115 0.3000000119
170326  -44.326  22.172  10.928 0.3000000119
170339  -39.177  21.948  9.120 0.8000000119
170343  -45.139  22.125  10.119 0.5000000000
170344  -45.809  22.259  9.904 0.5000000000
170355  -39.347  22.075  8.604 0.6999999881
170356  -44.139  21.867  10.006 0.3000000119
170357  -44.602  21.926  9.687 0.4000000060
170368  -39.145  22.459  8.404 0.6999999881
170369  -39.541  22.207  8.043 0.8000000119
170370  -40.018  21.985  7.657 0.8000000119
170385  -40.220  22.103  7.259 0.8000000119
170398  -40.500  22.212  6.813 0.8999999762
170400  -41.497  21.743  6.441 0.8999999762
170413  -41.313  22.128  6.145 0.8999999762
170429  -43.000  22.059  5.333 0.8999999762
170445  -45.619  22.134  4.636 0.6000000238
170447  -46.573  22.414  4.698 0.6000000238
171387  -45.236  22.527  19.825 0.1000000015
171397  -33.375  22.871  18.618 0.1000000015
171410  -33.811  22.914  18.150 0.1000000015
171412  -35.148  22.864  17.967 0.1000000015
171417  -46.424  23.012  18.130 0.1000000015
171418  -47.104  23.204  17.878 0.1000000015
171419  -47.536  23.198  17.530 0.1000000015
171421  -34.777  22.957  17.484 0.2000000030
171423  -36.182  23.121  17.240 0.1000000015
171425  -46.070  22.752  17.752 0.1000000015
171428  -47.779  23.051  17.156 0.1000000015
171430  -48.852  23.126  16.786 0.2000000030
171433  -36.360  23.259  16.661 0.1000000015
171437  -47.923  22.777  16.555 0.2000000030
171438  -48.569  22.867  16.470 0.2000000030
171441  -50.468  23.091  15.988 0.3000000119
171446  -49.451  22.633  15.842 0.2000000030
171447  -50.120  22.644  15.544 0.2000000030
171452  -50.973  22.490  14.694 0.3000000119
171453  -51.412  22.847  14.401 0.3000000119
171457  -38.526  23.139  13.600 0.1000000015
171458  -38.939  23.026  13.698 0.1000000015
171460  -40.458  22.941  13.880 0.3000000119
171461  -41.261  22.933  13.864 0.3000000119
171469  -37.934  23.005  12.907 0.2000000030
171471  -39.358  22.612  13.256 0.2000000030
171472  -40.151  22.564  13.351 0.2000000030
171475  -42.499  22.776  13.251 0.2000000030
171476  -43.266  22.893  13.240 0.1000000015
171477  -43.948  22.892  13.010 0.1000000015
171478  -44.593  22.952  12.894 0.1000000015
171480  -51.370  22.645  12.911 0.3000000119
171483  -37.841  22.752  12.349 0.2000000030
171484  -38.262  22.566  12.593 0.2000000030
171485  -42.280  22.498  12.797 0.2000000030
171490  -45.645  22.862  12.119 0.3000000119
171491  -46.201  22.862  11.770 0.3000000119
171495  -37.723  22.685  11.467 0.2000000030
171496  -43.997  22.535  11.999 0.2000000030
171497  -44.535  22.577  11.839 0.2000000030
171498  -45.185  22.573  11.533 0.3000000119
171510  -37.380  23.088  11.170 0.2000000030
171511  -37.738  22.900  10.740 0.5000000000
171512  -45.561  22.433  10.974 0.4000000060
171514  -46.752  22.653  10.392 0.5000000000
171515  -47.391  22.837  10.255 0.6000000238
171525  -38.366  22.782  9.628 0.8000000119
171529  -48.210  23.050  9.623 0.6000000238
171538  -38.396  23.056  9.261 0.6999999881
171549  -38.837  23.034  8.393 0.6999999881
171561  -38.928  23.293  7.988 0.8999999762
171562  -39.241  22.945  7.755 0.8999999762
171565  -48.003  23.041  7.567 0.6000000238
171574  -39.756  22.976  6.981 0.8999999762
171587  -40.335  22.837  6.366 0.8999999762
171588  -41.056  22.752  5.832 0.8999999762
171590  -47.085  22.534  5.456 0.6000000238
171601  -41.832  22.707  5.344 0.8999999762
171603  -46.901  22.563  4.820 0.6000000238
171618  -47.124  22.799  4.386 0.5000000000
171626  -43.574  23.143  3.944 0.6999999881
171629  -45.428  22.793  3.678 0.5000000000
171640  -44.775  23.213  3.370 0.5000000000
171642  -45.616  23.075  3.296 0.4000000060
172532  -47.353  23.679  19.653 0.1000000015
172534  -48.419  24.081  19.082 0.1000000015
172543  -32.557  23.440  18.174 0.1000000015
172551  -48.000  23.784  18.574 0.2000000030
172553  -49.127  24.136  18.386 0.1000000015
172560  -33.320  23.216  17.791 0.1000000015
172561  -33.910  23.008  17.761 0.1000000015
172571  -49.696  24.033  17.866 0.2000000030
172575  -34.171  23.188  17.168 0.2000000030
172582  -47.826  23.261  17.498 0.1000000015
172585  -49.815  23.814  17.424 0.2000000030
172597  -40.341  24.103  16.279 0.1000000015
172603  -34.297  24.026  15.622 0.1000000015
172604  -34.753  23.807  15.664 0.1000000015
172605  -35.572  23.773  15.407 0.1000000015
172606  -36.459  23.631  15.437 0.1000000015
172607  -37.269  23.592  15.431 0.1000000015
172612  -41.432  23.930  15.508 0.2000000030
172613  -42.277  23.921  15.364 0.1000000015
172614  -43.076  23.948  15.246 0.1000000015
172620  -35.816  24.066  14.902 0.1000000015
172622  -37.003  23.858  14.644 0.1000000015
172625  -39.403  23.657  14.953 0.1000000015
172626  -40.223  23.694  15.010 0.2000000030
172631  -44.581  23.817  14.511 0.1000000015
172632  -44.998  23.877  14.419 0.1000000015
172633  -51.419  23.439  14.798 0.3000000119
172635  -37.257  23.898  13.791 0.1000000015
172638  -39.183  23.373  14.287 0.1000000015
172641  -41.600  23.314  14.372 0.2000000030
172642  -42.436  23.372  14.226 0.1000000015
172643  -43.410  23.350  13.936 0.1000000015
172652  -37.253  23.707  13.111 0.1000000015
172654  -38.224  23.306  13.591 0.1000000015
172657  -44.913  23.272  13.322 0.2000000030
172661  -48.139  23.848  12.648 0.4000000060
172662  -51.445  23.318  13.225 0.3000000119
172664  -37.283  23.423  12.526 0.2000000030
172673  -37.065  23.691  11.984 0.1000000015
172676  -48.238  23.424  11.301 0.4000000060
172678  -49.233  23.839  11.274 0.4000000060
172687  -37.153  23.732  11.179 0.2000000030
172688  -37.383  23.316  10.860 0.3000000119
172693  -51.173  23.463  11.369 0.3000000119
172701  -37.483  23.676  10.470 0.4000000060
172704  -49.267  23.695  10.299 0.5000000000
172711  -37.908  23.838  9.871 0.8999999762
172714  -48.927  23.496  9.342 0.5000000000
172725  -49.333  23.712  8.914 0.5000000000
172733  -38.793  23.827  8.101 0.8999999762
172757  -39.579  23.718  6.695 0.8999999762
172761  -48.266  23.404  6.292 0.5000000000
172762  -48.686  23.656  6.731 0.4000000060
172771  -40.260  23.961  5.729 0.8999999762
172786  -42.972  23.173  4.260 0.8000000119
172789  -50.492  23.460  4.077 0.1000000015
172797  -43.238  23.588  3.758 0.6999999881
172799  -44.556  23.283  3.429 0.6000000238
172800  -46.678  23.056  3.464 0.5000000000
172815  -46.970  23.431  3.133 0.5000000000
173701  -42.227  24.889  18.633 0.1000000015
173704  -49.700  24.744  18.934 0.1000000015
173714  -41.013  24.438  17.775 0.1000000015
173716  -42.461  24.722  17.915 0.1000000015
173717  -43.295  24.750  17.620 0.1000000015
173718  -43.672  24.775  17.527 0.1000000015
173719  -49.360  24.203  18.326 0.1000000015
173720  -49.844  24.359  18.219 0.2000000030
173721  -50.316  24.501  18.016 0.2000000030
173726  -40.189  24.269  17.325 0.1000000015
173727  -40.809  24.339  17.233 0.1000000015
173728  -41.500  24.384  17.190 0.1000000015
173731  -43.899  24.651  17.071 0.1000000015
173734  -49.927  24.094  17.803 0.2000000030
173738  -33.113  24.444  16.286 0.1000000015
173740  -40.021  24.176  16.948 0.1000000015
173743  -42.037  24.309  16.532 0.1000000015
173747  -45.346  24.633  16.293 0.1000000015
173752  -33.362  24.831  15.784 0.1000000015
173754  -34.646  24.224  15.283 0.1000000015
173756  -40.581  24.122  16.198 0.1000000015
173757  -41.002  24.146  16.109 0.1000000015
173760  -43.502  24.166  15.600 0.1000000015
173761  -44.345  24.282  15.606 0.1000000015
173764  -46.801  24.754  15.513 0.1000000015
173771  -34.540  24.701  14.902 0.1000000015
173773  -36.122  24.225  14.570 0.1000000015
173775  -43.762  23.971  15.156 0.1000000015
173778  -45.834  24.286  14.805 0.2000000030
173781  -47.983  24.795  14.651 0.3000000119
173783  -51.294  23.951  15.342 0.2000000030
173787  -36.663  24.203  14.201 0.1000000015
173788  -45.225  23.917  14.360 0.2000000030
173791  -47.363  24.365  14.019 0.3000000119
173801  -36.846  24.299  13.505 0.1000000015
173802  -46.800  23.866  13.464 0.3000000119
173811  -36.891  24.183  12.661 0.1000000015
173812  -48.359  23.912  12.566 0.5000000000
173818  -36.541  25.044  12.117 0.2000000030
173819  -36.796  24.572  11.792 0.2000000030
173831  -37.199  24.588  10.883 0.3000000119
173833  -49.462  23.908  11.094 0.4000000060
173842  -37.366  24.209  10.574 0.4000000060
173843  -37.621  24.564  10.261 0.6999999881
173852  -38.099  24.517  9.695 0.8000000119
173853  -38.403  24.525  9.211 0.8000000119
173870  -38.756  24.635  8.102 0.8999999762
173893  -39.544  24.363  6.320 0.8999999762
173899  -51.230  23.787  6.464 0.2000000030
173907  -39.748  24.642  5.898 0.8999999762
173922  -42.303  24.219  4.136 0.8000000119
173932  -42.100  24.660  4.091 0.6000000238
173937  -49.083  24.824  3.984 0.2000000030
173943  -43.433  24.429  3.143 0.6000000238
173957  -44.391  24.559  2.472 0.4000000060
174744  -46.112  25.546  20.317 0.1000000015
174750  -42.857  25.117  18.948 0.1000000015
174752  -43.941  25.281  19.214 0.1000000015
174756  -46.756  25.660  19.788 0.1000000015
174764  -42.692  25.020  18.662 0.1000000015
174765  -43.193  25.104  18.590 0.1000000015
174766  -43.831  25.114  18.606 0.1000000015
174770  -47.015  25.663  18.999 0.1000000015
174771  -47.571  25.851  18.761 0.1000000015
174772  -49.791  25.191  19.160 0.1000000015
174783  -43.697  24.904  17.925 0.1000000015
174785  -45.229  25.055  17.984 0.1000000015
174789  -48.312  25.878  18.050 0.1000000015
174795  -43.896  24.783  17.481 0.1000000015
174796  -44.290  24.799  17.412 0.1000000015
174802  -49.072  25.892  17.366 0.1000000015
174803  -50.391  25.264  18.163 0.2000000030
174804  -50.544  24.914  17.843 0.2000000030
174806  -32.653  25.035  16.397 0.1000000015
174808  -45.326  24.708  16.732 0.1000000015
174809  -45.754  24.771  16.672 0.1000000015
174813  -49.277  25.780  16.825 0.1000000015
174815  -50.714  25.092  16.961 0.2000000030
174817  -33.505  25.254  15.480 0.1000000015
174818  -33.911  25.256  15.086 0.1000000015
174819  -46.840  24.881  15.912 0.1000000015
174820  -47.331  24.986  15.735 0.3000000119
174827  -34.320  25.342  14.608 0.1000000015
174828  -34.992  25.022  14.387 0.1000000015
174829  -35.384  24.864  14.267 0.2000000030
174830  -47.519  24.904  15.234 0.3000000119
174837  -34.773  25.583  14.038 0.2000000030
174838  -35.538  25.284  13.737 0.2000000030
174839  -36.076  25.033  13.501 0.2000000030
174840  -48.223  24.827  14.599 0.2000000030
174842  -49.332  25.069  14.571 0.2000000030
174847  -35.684  25.627  13.175 0.2000000030
174848  -36.067  25.363  12.978 0.1000000015
174850  -36.345  25.403  12.335 0.1000000015
174856  -36.927  25.285  11.300 0.2000000030
174864  -37.318  25.382  10.798 0.4000000060
174870  -38.123  25.295  9.941 0.8000000119
174877  -38.358  25.048  9.547 0.8000000119
174918  -40.832  24.865  4.924 0.8999999762
174930  -40.651  25.291  4.828 0.8999999762
174945  -42.589  25.068  3.484 0.5000000000
174957  -42.825  25.272  3.129 0.5000000000
174975  -47.526  25.214  1.664 0.2000000030
174990  -47.548  25.745  1.257 0.2000000030
175762  -47.698  25.980  19.176 0.1000000015
175763  -48.534  26.117  19.315 0.1000000015
175777  -49.279  26.074  18.691 0.1000000015
175786  -48.591  25.934  17.963 0.1000000015
175791  -32.835  25.778  16.060 0.1000000015
175794  -49.813  25.943  17.317 0.1000000015
175795  -50.408  25.657  17.308 0.2000000030
175797  -33.718  25.916  15.073 0.1000000015
175798  -33.978  25.628  14.811 0.1000000015
175801  -33.852  26.263  14.838 0.2000000030
175802  -34.089  26.052  14.557 0.2000000030
175804  -34.525  26.161  14.024 0.2000000030
175805  -35.107  26.126  13.449 0.2000000030
175810  -35.320  26.518  13.040 0.2000000030
175812  -36.086  25.732  12.521 0.2000000030
175815  -36.266  26.051  12.030 0.2000000030
175830  -37.653  26.046  10.695 0.4000000060
175832  -38.817  26.542  10.249 0.8000000119
175839  -38.954  26.216  9.836 0.8999999762
175840  -39.322  26.616  9.775 0.8999999762
175875  -40.264  25.717  4.961 0.8000000119
175884  -41.693  25.513  3.944 0.5000000000
175895  -41.953  25.714  3.564 0.5000000000
175908  -42.162  25.931  3.171 0.5000000000
175910  -43.256  25.648  2.607 0.4000000060
175926  -44.866  25.679  1.537 0.2000000030
175943  -46.068  25.991  1.012 0.2000000030
176723  -32.659  26.637  16.521 0.1000000015
176724  -33.109  27.026  16.208 0.1000000015
176729  -33.109  26.585  15.917 0.1000000015
176731  -33.573  26.623  15.270 0.1000000015
176732  -33.859  27.038  15.026 0.2000000030
176735  -33.729  26.386  14.983 0.2000000030
176738  -34.283  26.702  14.243 0.2000000030
176743  -35.075  26.897  13.211 0.2000000030
176744  -35.430  26.933  12.759 0.2000000030
176746  -35.820  26.929  12.320 0.1000000015
176747  -36.254  26.874  11.895 0.3000000119
176754  -36.818  26.652  11.395 0.2000000030
176761  -38.030  26.717  10.712 0.8000000119
176762  -38.660  26.888  10.561 0.8000000119
176765  -40.319  27.640  10.062 1.0000000000
176772  -39.630  27.023  9.835 1.0000000000
176773  -40.116  27.494  9.857 1.0000000000
176778  -39.104  27.008  8.968 1.0000000000
176780  -39.937  27.314  9.646 0.8999999762
176798  -38.168  27.391  7.235 0.8000000119
176805  -38.944  26.498  5.892 0.8000000119
176819  -39.906  26.694  4.583 0.8000000119
176821  -41.108  26.094  3.978 0.8000000119
176828  -40.692  26.654  3.859 0.6000000238
176838  -42.538  26.231  2.646 0.4000000060
176863  -42.874  26.857  1.736 0.4000000060
176867  -47.871  26.702  0.750 0.1000000015
176881  -44.439  27.050  0.675 0.2000000030
176882  -45.266  26.911  0.500 0.1000000015
177709  -33.507  27.416  15.924 0.1000000015
177710  -33.913  27.714  15.674 0.1000000015
177713  -33.832  27.375  15.337 0.1000000015
177716  -34.170  27.420  14.744 0.2000000030
177717  -34.504  27.805  14.436 0.2000000030
177719  -34.214  27.067  14.461 0.2000000030
177724  -34.883  27.473  13.494 0.2000000030
177727  -35.678  27.595  12.477 0.2000000030
177728  -36.157  27.582  12.050 0.1000000015
177737  -37.523  27.528  11.089 0.4000000060
177738  -38.055  27.852  11.024 0.8000000119
177744  -37.814  27.110  10.880 0.4000000060
177746  -39.111  27.597  10.739 0.8999999762
177747  -39.900  27.728  10.603 0.8999999762
177748  -40.592  27.919  10.298 1.0000000000
177749  -40.962  28.227  10.147 1.0000000000
177755  -40.846  28.026  10.013 1.0000000000
177762  -40.275  27.786  9.541 1.0000000000
177798  -39.792  27.156  4.302 0.6999999881
177807  -41.117  26.820  3.322 0.6000000238
177849  -45.364  27.452  0.126 0.1000000015
178691  -32.077  28.326  17.375 0.1000000015
178695  -35.094  28.931  16.266 0.3000000119
178704  -33.644  27.784  16.299 0.2000000030
178711  -34.643  28.456  15.394 0.2000000030
178715  -34.169  27.721  15.072 0.2000000030
178716  -34.532  28.121  14.801 0.3000000119
178720  -35.139  28.687  13.677 0.3000000119
178724  -34.826  27.855  13.747 0.2000000030
178725  -35.144  28.259  13.328 0.3000000119
178728  -36.037  28.260  12.261 0.3000000119
178737  -37.225  28.342  11.485 0.3000000119
178739  -38.631  28.642  11.106 0.6999999881
178745  -38.314  27.992  11.024 0.8000000119
178750  -41.679  28.956  10.114 1.0000000000
178756  -41.120  28.402  9.915 1.0000000000
178757  -41.481  28.840  9.923 1.0000000000
178767  -41.306  28.731  9.739 1.0000000000
178778  -37.589  28.836  7.245 0.8000000119
178791  -38.268  28.081  5.842 0.8000000119
178792  -38.718  27.600  5.491 0.8000000119
178819  -40.082  27.988  2.798 0.6000000238
178837  -42.453  28.036  0.834 0.2000000030
179658  -34.527  29.006  17.054 0.1000000015
179659  -35.456  29.182  16.642 0.2000000030
179660  -36.336  29.483  16.535 0.3000000119
179661  -36.753  29.619  16.365 0.3000000119
179671  -35.434  29.111  15.956 0.3000000119
179673  -36.517  29.607  16.020 0.3000000119
179680  -35.188  29.035  15.381 0.3000000119
179681  -35.912  29.544  15.389 0.3000000119
179682  -36.272  29.613  15.720 0.3000000119
179687  -34.859  28.561  14.443 0.3000000119
179688  -35.246  29.019  14.098 0.3000000119
179691  -35.572  29.110  13.289 0.3000000119
179692  -35.961  29.477  12.950 0.3000000119
179695  -35.534  28.715  12.919 0.2000000030
179697  -36.604  29.463  12.247 0.3000000119
179706  -36.331  28.699  12.095 0.3000000119
179707  -36.805  29.101  11.905 0.3000000119
179709  -38.745  29.170  11.243 0.6999999881
179711  -40.124  29.597  11.197 0.8000000119
179718  -38.874  28.739  11.093 0.6999999881
179719  -39.330  28.860  11.085 0.8999999762
179722  -42.075  29.234  10.316 1.0000000000
179723  -42.728  29.458  10.091 1.0000000000
179731  -42.526  29.262  9.819 1.0000000000
179736  -39.004  29.378  8.889 0.8000000119
179755  -37.382  29.255  7.300 0.8000000119
179781  -33.970  28.994  4.253 0.1000000015
179788  -36.674  29.691  3.826 0.6999999881
179791  -38.560  28.728  3.369 0.6000000238
179798  -38.498  28.888  3.007 0.6000000238
179807  -39.249  28.839  2.095 0.4000000060
180606  -32.095  30.403  17.601 0.1000000015
180607  -38.994  30.268  17.286 0.3000000119
180608  -39.729  30.370  17.368 0.3000000119
180609  -40.413  30.514  17.408 0.4000000060
180610  -40.810  30.624  17.407 0.4000000060
180612  -31.809  29.542  17.563 0.1000000015
180614  -33.367  29.831  17.297 0.1000000015
180615  -34.278  29.761  17.259 0.1000000015
180616  -35.203  29.715  17.229 0.2000000030
180622  -40.246  30.324  16.890 0.3000000119
180623  -40.902  30.571  16.997 0.4000000060
180624  -41.241  30.657  16.746 0.5000000000
180629  -37.041  29.823  16.037 0.3000000119
180630  -37.753  30.019  16.125 0.3000000119
180631  -38.535  30.196  16.206 0.3000000119
180632  -39.250  30.275  16.287 0.3000000119
180633  -40.025  30.497  16.213 0.4000000060
180635  -41.041  30.630  16.641 0.4000000060
180643  -36.299  29.870  15.061 0.3000000119
180647  -39.089  30.539  15.799 0.3000000119
180648  -39.544  30.521  15.964 0.4000000060
180650  -36.079  29.815  14.691 0.3000000119
180652  -37.250  30.499  14.764 0.3000000119
180653  -37.803  30.569  15.068 0.3000000119
180655  -35.821  29.663  14.102 0.3000000119
180656  -36.471  30.162  14.075 0.3000000119
180657  -36.815  30.403  14.404 0.3000000119
180661  -36.653  30.181  12.989 0.3000000119
180666  -36.191  29.654  12.791 0.3000000119
180667  -36.727  29.947  12.539 0.3000000119
180668  -37.281  30.211  12.345 0.3000000119
180679  -38.334  29.948  11.610 0.5000000000
180681  -40.200  30.042  11.324 0.8000000119
180688  -40.375  29.687  11.163 0.8000000119
180697  -43.169  29.572  9.766 1.0000000000
180704  -39.161  29.941  8.909 0.8000000119
180706  -40.350  29.927  9.077 0.8000000119
180712  -45.316  30.265  8.878 1.0000000000
180713  -45.675  30.336  8.703 1.0000000000
180720  -39.282  30.236  8.888 0.8000000119
180725  -44.291  30.097  8.372 1.0000000000
180727  -45.499  30.244  8.552 1.0000000000
180734  -44.602  30.181  7.900 0.8999999762
180735  -44.790  30.133  8.058 1.0000000000
180754  -36.410  30.092  4.985 0.6999999881
180755  -36.834  29.709  5.040 0.6999999881
180761  -36.084  30.238  3.891 0.5000000000
180775  -35.867  30.595  3.036 0.4000000060
180777  -36.901  29.775  2.714 0.4000000060
180785  -37.657  29.656  1.731 0.4000000060
181555  -31.915  30.857  17.671 0.1000000015
181556  -37.828  30.798  17.621 0.3000000119
181557  -38.387  30.619  17.553 0.3000000119
181558  -39.197  30.744  17.616 0.3000000119
181559  -39.961  30.864  17.662 0.3000000119
181561  -41.381  31.095  17.504 0.4000000060
181562  -41.997  31.167  17.410 0.5000000000
181565  -32.478  30.818  17.453 0.1000000015
181567  -34.026  30.572  17.247 0.1000000015
181571  -37.684  30.325  17.372 0.3000000119
181572  -38.372  30.171  17.207 0.3000000119
181573  -41.111  30.745  17.362 0.4000000060
181574  -41.599  30.811  17.002 0.4000000060
181575  -42.484  30.951  17.048 0.5000000000
181577  -44.042  31.469  17.093 0.5000000000
181578  -44.435  31.502  16.986 0.5000000000
181582  -40.323  30.800  15.773 0.5000000000
181583  -40.764  30.779  15.973 0.5000000000
181585  -42.218  30.925  16.497 0.6000000238
181586  -43.103  31.113  16.449 0.6000000238
181587  -43.882  31.218  16.770 0.5000000000
181598  -38.653  30.926  15.042 0.4000000060
181600  -39.827  30.850  15.569 0.4000000060
181601  -40.691  31.133  15.345 0.5000000000
181602  -41.428  31.088  15.707 0.5000000000
181604  -42.587  31.119  16.173 0.6000000238
181611  -37.527  30.864  14.341 0.3000000119
181613  -39.022  31.236  14.817 0.4000000060
181614  -39.702  31.257  15.002 0.5000000000
181617  -36.727  30.389  13.745 0.3000000119
181619  -37.707  31.084  13.938 0.3000000119
181621  -36.549  30.241  13.608 0.3000000119
181623  -37.423  30.925  13.374 0.4000000060
181628  -36.905  30.341  12.852 0.3000000119
181629  -37.466  30.661  12.646 0.4000000060
181631  -38.895  31.145  12.164 0.5000000000
181641  -37.531  30.321  12.243 0.4000000060
181642  -37.990  30.473  12.052 0.4000000060
181644  -39.878  30.693  11.594 0.6000000238
181645  -40.560  30.658  11.413 0.8000000119
181652  -41.018  30.578  11.238 0.8999999762
181654  -42.613  30.613  10.799 1.0000000000
181656  -44.206  30.952  10.306 1.0000000000
181664  -44.456  30.642  9.938 1.0000000000
181666  -46.196  30.984  9.508 1.0000000000
181667  -46.652  31.086  9.419 1.0000000000
181677  -44.637  30.364  9.549 1.0000000000
181678  -45.046  30.465  9.377 1.0000000000
181681  -47.266  31.121  8.689 0.8999999762
181687  -37.559  31.063  7.939 0.8000000119
181688  -37.977  31.264  8.190 0.8000000119
181692  -41.153  30.765  8.686 0.8000000119
181693  -42.045  30.978  8.268 0.8000000119
181695  -43.419  30.406  8.132 0.8000000119
181697  -45.503  30.248  7.937 1.0000000000
181699  -46.533  30.717  8.323 0.8999999762
181705  -37.231  31.136  7.589 0.8000000119
181707  -42.369  31.277  7.793 0.8000000119
181713  -46.427  30.681  7.661 0.8999999762
181714  -46.987  30.966  7.716 0.8999999762
181722  -43.730  31.112  6.912 0.8000000119
181726  -46.378  30.735  7.020 0.8999999762
181735  -45.078  30.925  6.018 0.8000000119
181736  -45.703  30.824  6.213 0.8999999762
181737  -46.450  30.947  6.275 0.8999999762
181738  -46.753  30.966  6.717 0.8999999762
181742  -32.679  31.039  5.522 0.1000000015
181743  -32.936  30.674  5.416 0.1000000015
181746  -44.789  31.370  5.221 0.8000000119
181747  -45.191  31.158  5.314 0.8000000119
181749  -46.090  30.955  5.853 0.8000000119
181769  -36.108  30.624  2.222 0.1000000015
181792  -36.916  30.778  0.104 0.1000000015
182558  -38.027  31.057  17.674 0.3000000119
182561  -40.252  31.445  17.734 0.4000000060
182562  -41.015  31.539  17.656 0.4000000060
182564  -42.209  31.579  17.401 0.5000000000
182570  -33.775  31.401  17.134 0.1000000015
182573  -36.377  31.154  17.272 0.3000000119
182574  -37.428  31.150  17.534 0.3000000119
182575  -38.212  31.583  17.495 0.3000000119
182576  -38.990  31.768  17.497 0.3000000119
182577  -39.781  31.894  17.491 0.3000000119
182578  -40.569  32.004  17.469 0.4000000060
182579  -41.317  32.011  17.297 0.4000000060
182580  -42.031  31.978  17.220 0.4000000060
182581  -42.804  31.837  17.323 0.5000000000
182582  -43.734  31.860  17.325 0.6000000238
182583  -44.640  31.838  17.091 0.6000000238
182584  -45.533  32.054  17.029 0.6999999881
182585  -46.029  32.180  16.865 0.6999999881
182587  -43.441  31.385  15.989 0.6000000238
182588  -43.906  31.419  16.214 0.5000000000
182590  -45.315  31.667  16.701 0.6999999881
182591  -45.924  31.923  16.604 0.8000000119
182597  -41.460  31.471  15.193 0.6999999881
182598  -42.131  31.475  15.475 0.6999999881
182601  -44.582  31.770  15.908 0.6999999881
182602  -45.282  31.780  16.164 0.8000000119
182612  -38.544  31.444  14.166 0.4000000060
182614  -39.609  31.621  14.509 0.5000000000
182615  -40.497  31.727  14.645 0.5000000000
182617  -42.109  31.864  14.926 0.6999999881
182619  -43.287  31.836  15.378 0.6000000238
182621  -38.267  31.415  13.875 0.4000000060
182622  -38.845  31.612  13.798 0.5000000000
182624  -39.997  31.879  14.231 0.5000000000
182626  -37.950  31.279  13.381 0.4000000060
182628  -39.214  31.721  13.272 0.6000000238
182635  -38.182  31.246  12.830 0.5000000000
182636  -39.124  31.504  12.540 0.6000000238
182638  -40.513  31.741  12.064 0.6000000238
182648  -39.134  31.200  12.081 0.6000000238
182649  -39.613  31.254  11.922 0.6000000238
182652  -42.516  31.737  11.388 1.0000000000
182654  -47.743  31.967  11.012 1.0000000000
182655  -48.144  31.906  10.992 1.0000000000
182662  -40.894  30.926  11.393 0.8000000119
182663  -41.330  31.063  11.277 0.8999999762
182666  -44.234  31.373  10.611 1.0000000000
182670  -47.629  31.786  10.457 1.0000000000
182672  -48.678  32.062  10.329 0.8999999762
182677  -44.459  31.031  10.269 1.0000000000
182679  -45.723  31.307  10.014 1.0000000000
182683  -48.584  31.983  10.129 0.8999999762
182688  -46.898  31.156  9.337 1.0000000000
182690  -48.036  31.872  9.146 0.8999999762
182696  -38.303  32.008  7.972 0.6999999881
182700  -41.110  31.374  8.331 0.8000000119
182702  -47.585  31.358  8.337 0.8999999762
182703  -48.013  31.815  8.443 0.8999999762
182710  -37.744  31.704  7.805 0.8000000119
182711  -40.044  32.186  7.812 0.8000000119
182713  -41.069  31.799  7.889 0.8000000119
182715  -42.718  31.426  7.394 0.8000000119
182718  -47.955  31.737  7.746 0.8999999762
182726  -42.092  32.060  6.934 0.8000000119
182729  -43.828  31.194  6.649 0.8000000119
182730  -47.328  31.253  7.183 0.8999999762
182740  -43.966  31.342  6.172 0.8000000119
182743  -47.514  31.494  6.872 0.8999999762
182749  -35.759  31.546  4.834 0.5000000000
182751  -43.190  32.291  5.263 0.6999999881
182752  -43.604  32.103  5.295 0.6999999881
182754  -45.142  31.636  4.961 0.8000000119
182756  -46.380  31.177  5.497 0.8999999762
182772  -33.396  31.204  3.097 0.1000000015
183546  -32.237  32.163  21.683 0.1000000015
183550  -31.368  32.470  20.932 0.1000000015
183555  -30.802  32.236  20.143 0.1000000015
183571  -32.694  32.253  17.188 0.1000000015
183572  -33.488  32.298  16.939 0.1000000015
183574  -35.129  31.972  16.900 0.1000000015
183575  -35.980  31.897  16.918 0.1000000015
183580  -40.122  32.353  17.077 0.4000000060
183581  -40.898  32.407  17.005 0.4000000060
183582  -41.696  32.467  16.835 0.4000000060
183583  -42.506  32.415  16.987 0.4000000060
183584  -43.336  32.448  17.135 0.4000000060
183585  -44.213  32.481  17.171 0.6000000238
183591  -34.088  32.720  16.618 0.1000000015
183592  -34.779  32.673  16.546 0.1000000015
183594  -36.441  32.560  16.605 0.2000000030
183595  -37.274  32.550  16.632 0.3000000119
183596  -38.090  32.618  16.668 0.3000000119
183597  -38.894  32.673  16.663 0.3000000119
183598  -39.690  32.685  16.624 0.4000000060
183601  -41.586  32.781  16.600 0.4000000060
183602  -46.523  32.313  16.556 0.8000000119
183604  -47.691  33.107  16.156 0.8000000119
183607  -44.121  32.175  15.188 0.6999999881
183609  -45.326  32.117  15.524 0.8000000119
183611  -47.215  32.350  15.778 0.8000000119
183613  -48.394  32.998  15.132 1.0000000000
183623  -40.808  32.180  14.147 0.6999999881
183624  -41.293  32.184  14.248 0.6999999881
183625  -42.041  32.292  14.374 0.6999999881
183626  -42.810  32.347  14.607 0.6999999881
183628  -44.475  32.457  14.842 0.6999999881
183630  -46.100  32.388  14.908 0.8000000119
183632  -47.957  32.267  14.973 0.8999999762
183634  -48.890  32.825  14.449 1.0000000000
183641  -39.935  32.096  13.516 0.6000000238
183645  -42.790  32.809  13.819 0.8999999762
183646  -43.541  32.763  14.197 0.8000000119
183648  -45.016  32.720  14.290 1.0000000000
183652  -48.557  32.283  14.166 1.0000000000
183653  -48.968  32.710  14.134 1.0000000000
183655  -39.700  31.945  13.237 0.6000000238
183657  -40.881  32.424  13.095 0.6999999881
183658  -41.703  32.626  13.108 0.6999999881
183659  -42.418  32.842  13.195 0.8999999762
183660  -46.057  32.916  13.455 1.0000000000
183661  -46.622  32.752  13.178 1.0000000000
183664  -49.042  32.502  13.421 1.0000000000
183671  -39.851  31.893  12.728 0.6000000238
183675  -43.407  32.768  12.085 1.0000000000
183676  -43.846  32.832  12.001 1.0000000000
183677  -45.930  32.868  12.089 1.0000000000
183680  -48.284  32.104  12.421 1.0000000000
183688  -40.752  31.796  12.011 0.6999999881
183689  -41.193  31.923  11.955 0.6999999881
183690  -42.052  32.153  11.832 1.0000000000
183693  -44.897  32.571  11.484 1.0000000000
183695  -46.481  32.495  11.537 1.0000000000
183696  -47.255  32.296  11.587 1.0000000000
183704  -43.231  31.871  11.237 1.0000000000
183705  -43.708  31.943  11.157 1.0000000000
183708  -46.259  32.227  10.922 1.0000000000
183710  -48.387  31.937  10.947 1.0000000000
183711  -48.814  32.198  10.754 1.0000000000
183716  -48.658  32.269  9.516 1.0000000000
183717  -48.828  32.364  9.911 1.0000000000
183723  -48.763  32.676  9.253 1.0000000000
183729  -38.886  32.269  7.861 0.6999999881
183730  -39.232  32.134  8.024 0.8000000119
183731  -48.434  32.263  8.568 0.8999999762
183738  -38.122  32.336  7.484 0.6999999881
183739  -38.856  32.641  7.413 0.6999999881
183742  -41.051  32.188  7.426 0.8000000119
183745  -48.702  32.581  8.231 0.8999999762
183751  -36.964  32.368  6.289 0.6999999881
183753  -38.089  32.667  6.973 0.6999999881
183756  -40.359  32.688  7.006 0.6000000238
183757  -41.056  32.576  6.718 0.6999999881
183762  -46.300  32.698  6.426 0.8000000119
183773  -42.376  32.268  6.230 0.8000000119
183776  -46.024  32.386  5.768 0.8000000119
183778  -47.396  32.046  6.127 0.8999999762
183784  -35.716  31.970  4.711 0.6000000238
183786  -42.136  32.788  5.461 0.6999999881
183788  -43.450  32.440  4.911 0.6999999881
183791  -45.705  32.114  5.059 0.8000000119
183796  -32.395  32.269  5.036 0.1000000015
183800  -42.905  32.911  4.710 0.6999999881
183801  -43.279  32.725  4.592 0.6999999881
183802  -43.698  32.594  4.576 0.6999999881
183819  -33.371  31.579  2.856 0.1000000015
183820  -33.546  31.779  2.526 0.1000000015
184558  -31.569  32.905  20.936 0.1000000015
184561  -31.127  32.801  20.433 0.1000000015
184562  -31.421  33.354  20.456 0.1000000015
184567  -30.921  32.883  19.769 0.1000000015
184568  -30.965  33.264  19.324 0.1000000015
184572  -30.852  32.777  19.243 0.1000000015
184578  -31.824  33.302  17.440 0.1000000015
184579  -32.424  32.978  17.131 0.1000000015
184581  -41.830  32.806  16.613 0.4000000060
184585  -44.619  33.121  16.957 0.6000000238
184586  -45.459  33.259  16.991 0.5000000000
184588  -46.961  33.669  17.033 0.6999999881
184592  -32.274  33.620  17.023 0.1000000015
184593  -32.765  33.489  16.727 0.1000000015
184594  -33.513  33.265  16.529 0.1000000015
184596  -35.189  33.374  16.152 0.1000000015
184599  -37.678  33.103  16.200 0.3000000119
184600  -38.477  33.110  16.206 0.3000000119
184601  -39.270  33.079  16.169 0.2000000030
184603  -40.835  33.180  16.198 0.3000000119
184604  -41.640  33.124  16.342 0.4000000060
184607  -43.884  33.525  16.545 0.4000000060
184608  -47.061  33.187  16.973 0.6999999881
184609  -47.472  33.564  16.563 0.8000000119
184612  -36.510  33.743  15.817 0.2000000030
184613  -37.288  33.652  15.777 0.2000000030
184616  -39.641  33.539  15.766 0.3000000119
184617  -40.394  33.567  15.838 0.3000000119
184619  -47.823  33.408  15.850 0.8999999762
184620  -48.172  33.316  15.302 0.8999999762
184625  -48.500  33.272  14.669 1.0000000000
184626  -48.749  32.965  14.571 1.0000000000
184635  -43.200  33.027  13.408 0.8999999762
184636  -43.555  33.043  13.565 1.0000000000
184637  -44.201  33.026  13.720 1.0000000000
184639  -45.340  32.899  13.888 1.0000000000
184640  -48.551  33.493  13.969 1.0000000000
184641  -48.803  33.071  14.232 1.0000000000
184646  -44.107  33.122  13.079 1.0000000000
184647  -44.804  33.068  13.199 1.0000000000
184649  -46.094  32.954  13.200 1.0000000000
184650  -48.569  33.594  13.567 1.0000000000
184658  -42.750  32.942  12.848 0.8999999762
184659  -43.164  32.989  12.642 1.0000000000
184661  -44.647  33.074  12.539 1.0000000000
184662  -45.379  33.069  12.656 0.8999999762
184671  -44.076  32.863  11.975 1.0000000000
184672  -44.455  32.913  11.963 1.0000000000
184674  -49.141  32.949  11.859 1.0000000000
184690  -48.846  33.175  9.522 1.0000000000
184695  -48.812  33.261  8.785 1.0000000000
184701  -39.322  32.833  7.293 0.6999999881
184702  -43.337  33.402  6.862 0.6000000238
184707  -46.568  33.739  7.395 0.8000000119
184708  -48.777  32.877  7.447 0.8999999762
184719  -39.631  33.017  6.857 0.6999999881
184720  -40.327  32.951  6.628 0.6000000238
184721  -40.681  32.792  6.618 0.6999999881
184723  -43.808  33.205  6.354 0.6000000238
184726  -45.923  33.023  6.941 0.6999999881
184730  -48.786  33.212  7.339 0.8999999762
184739  -38.056  33.330  5.967 0.6999999881
184744  -41.474  32.846  5.930 0.6999999881
184745  -43.267  33.677  5.699 0.6000000238
184746  -43.606  33.441  5.522 0.6000000238
184748  -46.912  32.779  6.434 0.8000000119
184755  -33.726  33.470  5.248 0.1000000015
184761  -40.151  33.582  5.423 0.6000000238
184764  -42.270  32.908  5.224 0.6999999881
184765  -43.580  33.482  4.735 0.6000000238
184766  -44.099  33.047  5.040 0.6000000238
184770  -32.319  32.649  5.136 0.1000000015
184777  -41.320  33.664  4.749 0.6000000238
184780  -43.172  33.176  4.462 0.6000000238
184784  -32.811  32.773  4.303 0.1000000015
185469  -32.163  33.207  21.248 0.1000000015
185477  -31.926  33.769  20.760 0.1000000015
185480  -31.164  33.304  20.080 0.1000000015
185486  -31.173  33.971  19.241 0.1000000015
185491  -31.259  34.055  18.434 0.1000000015
185494  -31.560  34.100  17.753 0.1000000015
185497  -44.872  33.904  16.761 0.5000000000
185499  -46.578  34.234  17.204 0.6999999881
185505  -33.101  34.138  16.385 0.1000000015
185506  -33.883  34.112  16.086 0.1000000015
185507  -34.617  33.955  15.929 0.1000000015
185509  -41.211  33.493  15.949 0.3000000119
185511  -42.344  34.031  15.785 0.4000000060
185512  -43.079  34.169  15.973 0.4000000060
185513  -44.020  34.101  16.360 0.4000000060
185514  -44.660  34.550  16.519 0.5000000000
185515  -46.987  34.539  16.955 0.6999999881
185516  -47.289  34.316  16.530 0.8999999762
185519  -34.333  34.482  15.818 0.1000000015
185520  -34.846  34.525  15.711 0.1000000015
185521  -35.475  34.497  15.622 0.1000000015
185522  -36.169  34.399  15.538 0.2000000030
185526  -39.231  34.055  15.406 0.2000000030
185527  -40.020  34.056  15.455 0.3000000119
185528  -40.944  34.026  15.573 0.3000000119
185529  -41.805  34.357  15.459 0.3000000119
185531  -43.051  34.819  15.710 0.4000000060
185533  -47.890  33.747  15.434 0.8999999762
185537  -48.080  33.779  14.906 0.8999999762
185547  -48.191  33.845  14.265 1.0000000000
185555  -47.832  34.219  13.957 1.0000000000
185557  -48.572  33.697  13.252 1.0000000000
185564  -48.396  34.083  12.881 1.0000000000
185565  -48.737  33.612  12.769 1.0000000000
185573  -48.513  34.112  12.250 1.0000000000
185581  -48.971  33.611  11.305 1.0000000000
185586  -48.719  34.254  10.847 1.0000000000
185592  -48.712  34.262  10.168 1.0000000000
185599  -41.125  34.199  7.803 0.6000000238
185600  -41.461  34.103  7.880 0.6000000238
185602  -43.021  33.924  8.218 0.5000000000
185605  -45.125  34.298  8.341 0.5000000000
185606  -48.758  34.264  9.624 1.0000000000
185614  -40.669  34.373  7.142 0.6000000238
185617  -42.663  33.595  7.301 0.6000000238
185621  -45.685  34.066  7.991 0.6000000238
185646  -35.379  34.684  6.058 0.3000000119
185647  -41.440  34.692  5.665 0.6000000238
185650  -43.258  33.760  5.483 0.6000000238
185658  -37.182  33.768  4.878 0.6000000238
185663  -40.578  33.767  5.015 0.6000000238
185665  -42.472  34.208  4.875 0.6000000238
185676  -40.689  34.305  4.559 0.6000000238
185678  -41.654  33.904  4.563 0.6000000238
185680  -42.920  33.758  4.451 0.6000000238
185683  -34.499  33.479  4.529 0.2000000030
186391  -31.722  34.821  19.608 0.1000000015
186392  -32.208  35.072  19.930 0.1000000015
186400  -46.258  35.322  17.500 0.6000000238
186403  -31.738  34.901  17.456 0.1000000015
186404  -32.158  34.910  16.901 0.1000000015
186405  -45.228  34.792  16.876 0.5000000000
186406  -45.985  34.941  17.258 0.5000000000
186407  -46.656  35.074  17.258 0.6000000238
186410  -32.696  34.906  16.426 0.1000000015
186411  -33.393  34.930  16.032 0.1000000015
186413  -43.610  34.827  15.968 0.4000000060
186415  -44.761  35.060  16.569 0.5000000000
186417  -47.236  34.622  16.074 0.8999999762
186421  -33.847  35.255  15.754 0.1000000015
186424  -35.831  35.092  15.420 0.1000000015
186425  -36.568  35.006  15.302 0.2000000030
186426  -37.332  34.924  15.215 0.2000000030
186427  -38.122  34.841  15.158 0.2000000030
186428  -38.840  34.639  15.173 0.2000000030
186432  -42.006  35.098  15.311 0.4000000060
186433  -42.689  35.230  15.523 0.4000000060
186436  -47.284  34.651  15.468 0.8999999762
186438  -38.564  35.109  14.983 0.2000000030
186439  -39.113  35.151  14.982 0.2000000030
186440  -39.824  35.172  14.921 0.2000000030
186441  -40.506  35.281  14.924 0.3000000119
186442  -40.972  35.502  14.951 0.3000000119
186443  -46.381  35.193  14.825 0.8999999762
186444  -46.670  35.074  15.066 0.8999999762
186445  -47.289  34.604  14.760 0.8999999762
186450  -46.841  34.826  14.321 0.8999999762
186451  -47.373  34.515  14.089 1.0000000000
186460  -46.444  35.016  13.898 1.0000000000
186462  -47.591  34.512  13.401 1.0000000000
186463  -48.053  34.447  13.020 1.0000000000
186472  -46.522  34.942  13.280 1.0000000000
186474  -47.640  34.725  12.693 1.0000000000
186483  -47.260  34.914  12.341 1.0000000000
186485  -48.265  34.654  11.821 1.0000000000
186491  -48.385  34.879  11.117 1.0000000000
186509  -43.581  35.086  9.035 0.5000000000
186511  -48.737  34.973  9.153 1.0000000000
186520  -39.422  34.776  8.324 0.6000000238
186526  -44.112  34.785  8.790 0.5000000000
186527  -44.833  34.860  8.548 0.5000000000
186529  -48.743  34.542  9.250 1.0000000000
186541  -40.750  34.321  7.618 0.6000000238
186558  -48.410  34.592  6.455 1.0000000000
186569  -40.938  34.890  5.571 0.6000000238
186572  -48.519  35.271  6.107 1.0000000000
186578  -35.729  34.789  5.917 0.2000000030
186585  -40.980  34.748  4.969 0.6000000238
186586  -41.606  34.655  4.855 0.6000000238
186587  -41.998  34.465  4.641 0.6000000238
186595  -37.171  34.237  4.635 0.6000000238
186597  -41.071  34.514  4.565 0.6000000238
186598  -41.569  34.361  4.385 0.6000000238
186599  -42.048  34.175  4.468 0.6000000238
187352  -32.801  35.705  19.967 0.1000000015
187353  -33.297  35.939  20.128 0.1000000015
187360  -31.804  35.413  19.168 0.1000000015
187362  -32.835  35.977  19.865 0.1000000015
187365  -31.713  35.756  18.609 0.1000000015
187370  -31.684  35.677  17.817 0.1000000015
187371  -45.764  36.046  17.628 0.5000000000
187372  -46.244  35.785  17.621 0.6000000238
187373  -46.594  35.671  17.379 0.6000000238
187378  -44.854  36.011  16.995 0.5000000000
187379  -45.430  35.603  17.260 0.5000000000
187381  -46.817  35.588  16.929 0.6999999881
187383  -32.932  35.672  16.196 0.1000000015
187385  -43.782  35.668  16.126 0.5000000000
187386  -44.507  35.566  16.549 0.5000000000
187388  -46.322  35.953  16.071 0.6999999881
187389  -46.734  35.539  16.301 0.6999999881
187393  -34.074  35.792  15.608 0.1000000015
187394  -34.721  35.786  15.420 0.1000000015
187395  -35.450  35.783  15.288 0.1000000015
187398  -37.750  35.599  14.937 0.2000000030
187400  -41.492  35.760  15.077 0.4000000060
187401  -42.299  35.782  15.393 0.4000000060
187402  -42.934  35.773  15.628 0.4000000060
187403  -43.332  35.733  15.801 0.4000000060
187404  -46.114  35.734  15.504 0.6999999881
187405  -46.517  35.458  15.683 0.8999999762
187408  -38.043  36.037  14.837 0.2000000030
187409  -38.544  35.704  14.865 0.2000000030
187412  -40.658  35.788  14.885 0.3000000119
187414  -45.514  35.709  14.580 0.6999999881
187415  -46.123  35.436  14.897 0.6999999881
187416  -46.337  35.403  15.292 0.8999999762
187420  -45.446  35.546  13.863 0.8999999762
187427  -44.733  35.678  12.738 0.8999999762
187428  -45.435  35.430  13.065 0.8999999762
187444  -46.890  34.984  12.374 1.0000000000
187455  -44.872  36.131  11.515 0.8000000119
187456  -45.296  35.865  11.572 0.8999999762
187459  -47.628  35.186  11.542 1.0000000000
187466  -46.865  35.669  11.034 1.0000000000
187467  -47.740  35.506  10.901 1.0000000000
187468  -48.313  35.252  10.664 1.0000000000
187474  -31.258  35.688  9.275 0.1000000015
187481  -40.608  35.841  9.809 0.4000000060
187483  -47.906  35.817  10.296 1.0000000000
187490  -32.209  35.591  8.825 0.1000000015
187497  -39.441  35.195  9.365 0.6000000238
187505  -48.778  35.298  8.812 1.0000000000
187521  -48.710  35.825  8.765 1.0000000000
187534  -45.623  35.897  8.017 0.5000000000
187535  -46.144  35.616  7.686 0.5000000000
187536  -46.759  35.539  7.194 0.6999999881
187547  -39.172  35.441  6.107 0.6000000238
187550  -49.032  35.896  6.706 1.0000000000
187558  -39.120  35.379  5.562 0.6000000238
187561  -48.610  35.928  5.698 1.0000000000
187562  -48.940  36.168  6.131 1.0000000000
187567  -38.756  35.253  5.323 0.6000000238
187569  -48.180  36.161  5.521 0.8999999762
187570  -48.347  36.405  5.552 0.8999999762
188267  -32.474  36.456  19.432 0.1000000015
188271  -32.089  36.455  19.033 0.1000000015
188275  -45.657  36.483  17.807 0.6000000238
188277  -46.461  36.115  17.495 0.6000000238
188280  -31.771  36.416  17.471 0.1000000015
188281  -32.111  36.404  16.877 0.1000000015
188282  -44.039  36.762  16.870 0.5000000000
188286  -46.640  36.023  17.167 0.6000000238
188288  -32.603  36.405  16.390 0.1000000015
188289  -33.165  36.414  16.012 0.1000000015
188290  -43.114  36.637  15.981 0.5000000000
188292  -44.256  36.222  16.650 0.5000000000
188293  -45.586  36.791  16.040 0.5000000000
188294  -46.086  36.591  16.450 0.5000000000
188295  -46.576  36.083  16.675 0.5000000000
188298  -33.731  36.437  15.716 0.1000000015
188303  -37.265  36.032  14.943 0.2000000030
188304  -41.396  36.394  15.125 0.4000000060
188307  -43.282  36.144  15.858 0.5000000000
188309  -45.253  36.581  15.539 0.6000000238
188313  -37.224  36.850  14.925 0.2000000030
188314  -37.606  36.441  14.868 0.2000000030
188315  -38.322  36.424  14.823 0.2000000030
188316  -39.016  36.341  14.855 0.2000000030
188317  -39.731  36.298  14.869 0.2000000030
188318  -40.392  36.256  14.882 0.3000000119
188319  -40.988  36.184  14.954 0.3000000119
188320  -44.022  36.616  14.408 0.6000000238
188321  -44.497  36.515  14.728 0.6000000238
188322  -45.104  36.237  14.932 0.6000000238
188327  -44.387  36.244  14.020 0.6000000238
188333  -43.664  36.510  13.043 0.6000000238
188334  -44.232  36.099  13.279 0.6999999881
188345  -43.640  36.682  12.241 0.6999999881
188360  -44.300  36.562  11.399 0.8000000119
188362  -45.589  35.949  11.209 0.8999999762
188372  -38.277  36.914  10.534 0.3000000119
188374  -44.972  36.719  10.526 0.8999999762
188375  -45.877  36.199  10.704 1.0000000000
188376  -46.713  36.012  10.528 1.0000000000
188385  -35.099  36.641  9.742 0.1000000015
188388  -36.719  36.450  10.171 0.2000000030
188395  -45.224  37.005  10.056 0.8999999762
188398  -47.452  36.100  10.123 1.0000000000
188408  -35.962  36.311  9.671 0.1000000015
188412  -44.235  35.954  8.773 0.5000000000
188413  -46.814  36.876  9.358 0.8999999762
188419  -33.618  35.990  8.477 0.1000000015
188422  -35.156  36.309  8.968 0.1000000015
188427  -48.986  35.995  7.731 1.0000000000
188433  -46.836  35.971  6.852 0.6999999881
188434  -48.668  36.734  7.525 1.0000000000
188435  -48.909  36.374  7.234 1.0000000000
188440  -48.941  36.431  6.519 1.0000000000
188443  -47.463  36.511  5.697 0.6999999881
188444  -47.901  36.235  5.527 0.8999999762
188446  -48.846  36.483  6.159 1.0000000000
188449  -47.559  36.866  5.311 0.6999999881
188451  -48.304  36.732  5.488 0.8999999762
189061  -33.426  37.236  20.119 0.1000000015
189062  -34.284  37.220  20.405 0.1000000015
189067  -32.467  37.139  19.451 0.1000000015
189068  -32.929  37.148  19.775 0.1000000015
189071  -32.083  37.114  19.046 0.1000000015
189074  -31.641  37.178  17.798 0.1000000015
189075  -44.990  37.535  17.945 0.6000000238
189076  -45.566  37.041  17.888 0.6000000238
189077  -46.005  37.057  17.511 0.6000000238
189083  -44.083  37.286  17.336 0.5000000000
189084  -44.741  37.132  17.651 0.5000000000
189085  -45.064  36.971  17.747 0.5000000000
189086  -45.969  37.102  16.966 0.5000000000
189089  -32.897  37.147  16.200 0.1000000015
189090  -33.437  37.095  15.851 0.1000000015
189091  -42.587  37.508  16.310 0.5000000000
189092  -43.045  37.152  16.355 0.5000000000
189093  -43.642  37.068  16.798 0.5000000000
189094  -44.628  37.579  15.808 0.5000000000
189096  -45.635  37.193  16.476 0.5000000000
189100  -33.972  37.119  15.653 0.1000000015
189101  -34.625  37.223  15.497 0.1000000015
189102  -35.405  37.265  15.354 0.2000000030
189103  -36.228  37.302  15.209 0.2000000030
189104  -37.050  37.386  15.072 0.2000000030
189105  -37.756  37.618  15.061 0.2000000030
189106  -38.461  37.638  15.062 0.2000000030
189107  -39.181  37.560  15.087 0.2000000030
189108  -39.879  37.423  15.183 0.2000000030
189109  -40.595  37.297  15.218 0.2000000030
189110  -41.376  37.013  15.334 0.3000000119
189111  -42.322  37.154  15.816 0.4000000060
189112  -42.820  36.863  15.897 0.4000000060
189113  -43.770  37.489  15.085 0.5000000000
189114  -44.318  37.206  15.305 0.5000000000
189115  -44.857  36.939  15.496 0.6000000238
189120  -38.054  37.038  14.890 0.2000000030
189124  -40.785  36.713  14.978 0.3000000119
189125  -41.143  36.580  15.064 0.3000000119
189126  -43.170  37.474  14.407 0.6000000238
189127  -43.556  37.181  14.535 0.6000000238
189131  -43.319  36.990  13.624 0.6000000238
189135  -42.850  37.441  13.370 0.6000000238
189145  -42.765  37.556  12.633 0.6000000238
189146  -43.191  37.199  12.142 0.6999999881
189161  -43.318  37.502  11.539 0.6999999881
189162  -43.751  37.161  11.280 0.8000000119
189173  -33.999  37.661  10.515 0.1000000015
189178  -37.503  37.437  10.746 0.2000000030
189180  -38.730  37.485  10.558 0.3000000119
189181  -43.584  37.571  11.073 0.6999999881
189182  -44.042  37.322  10.758 0.8000000119
189183  -44.523  37.161  10.443 0.8999999762
189186  -30.862  36.748  10.535 0.1000000015
189193  -35.915  36.864  10.248 0.1000000015
189199  -44.347  37.549  10.258 0.8999999762
189201  -45.438  37.213  9.723 0.8999999762
189202  -45.950  37.041  9.602 0.8999999762
189210  -43.392  37.099  8.895 0.3000000119
189212  -45.731  37.522  9.228 0.8999999762
189214  -47.036  37.114  8.983 0.8999999762
189215  -47.594  36.917  8.904 0.8999999762
189220  -44.363  37.162  8.200 0.5000000000
189221  -44.826  36.887  8.026 0.5000000000
189222  -46.152  37.671  8.873 0.8999999762
189224  -47.370  37.410  8.371 0.8999999762
189229  -45.239  37.128  7.539 0.6000000238
189230  -45.836  36.921  7.226 0.6000000238
189231  -47.765  37.451  7.902 0.8999999762
189233  -48.681  36.917  7.193 1.0000000000
189237  -46.091  37.193  6.687 0.6000000238
189238  -46.550  37.011  6.395 0.6000000238
189243  -46.299  37.375  6.182 0.6000000238
189245  -48.536  37.256  6.221 1.0000000000
189246  -48.782  36.731  6.261 1.0000000000
189250  -47.668  37.172  5.060 0.8999999762
189254  -47.281  37.589  4.872 0.8999999762
189256  -48.065  37.916  5.145 0.8999999762
189946  -32.356  38.049  19.639 0.1000000015
189947  -32.857  37.696  19.867 0.1000000015
189949  -31.647  38.187  18.786 0.1000000015
189954  -43.332  38.628  17.948 0.5000000000
189955  -44.048  38.477  18.170 0.5000000000
189956  -44.777  38.241  18.322 0.5000000000
189958  -45.788  37.459  17.712 0.6000000238
189961  -31.699  37.925  17.409 0.1000000015
189962  -32.095  37.891  16.875 0.1000000015
189963  -42.444  38.393  17.071 0.4000000060
189964  -43.069  38.181  17.382 0.4000000060
189965  -43.727  37.984  17.686 0.5000000000
189968  -45.769  37.622  17.261 0.5000000000
189971  -32.616  37.900  16.421 0.1000000015
189973  -33.677  38.339  15.873 0.1000000015
189975  -41.437  38.220  16.231 0.3000000119
189976  -42.166  37.903  16.383 0.4000000060
189979  -44.726  37.941  16.279 0.5000000000
189980  -45.276  37.730  16.582 0.5000000000
189981  -45.624  37.551  16.899 0.5000000000
189984  -33.685  37.527  15.770 0.1000000015
189992  -39.636  38.026  15.464 0.2000000030
189993  -40.319  37.897  15.531 0.2000000030
189997  -44.336  37.816  15.783 0.5000000000
190003  -43.479  37.728  14.963 0.5000000000
190007  -42.672  37.919  13.858 0.6000000238
190010  -42.220  38.578  13.023 0.6000000238
190020  -42.253  38.729  12.662 0.6000000238
190021  -42.504  38.312  12.385 0.6000000238
190037  -31.075  38.525  11.323 0.1000000015
190038  -42.988  38.199  11.477 0.6999999881
190059  -39.000  37.703  10.478 0.3000000119
190060  -43.153  38.508  11.073 0.6999999881
190061  -43.593  38.165  10.720 0.6999999881
190067  -33.069  37.621  10.426 0.1000000015
190074  -43.836  38.573  10.248 0.8000000119
190075  -44.361  38.209  9.885 0.6999999881
190076  -44.911  37.852  9.585 0.6999999881
190089  -43.350  38.299  8.244 0.3000000119
190090  -43.876  37.938  8.052 0.3000000119
190092  -45.688  38.626  8.561 0.8000000119
190093  -46.120  38.193  8.479 0.8999999762
190094  -46.990  38.107  7.974 0.8999999762
190100  -45.252  37.630  7.124 0.6000000238
190101  -47.233  38.418  7.569 0.8000000119
190102  -47.710  38.025  7.399 0.8999999762
190103  -48.191  37.621  7.147 1.0000000000
190106  -44.921  38.344  6.777 0.6000000238
190110  -48.176  37.931  6.704 1.0000000000
190115  -46.676  37.559  5.482 0.8000000119
190116  -48.258  37.933  5.934 1.0000000000
190119  -46.317  38.295  5.228 0.6999999881
190122  -48.097  38.040  5.391 0.8000000119
190125  -47.291  38.166  4.772 0.8000000119
190126  -47.708  38.175  5.031 0.8000000119
190127  -47.926  38.126  5.174 0.8000000119
190831  -32.685  38.762  19.986 0.1000000015
190832  -32.987  38.914  20.106 0.1000000015
190833  -33.737  38.896  20.392 0.1000000015
190837  -31.933  39.047  19.412 0.1000000015
190838  -32.419  38.961  19.751 0.1000000015
190839  -32.857  39.440  19.941 0.1000000015
190841  -31.657  39.002  19.016 0.1000000015
190844  -31.426  38.863  18.355 0.1000000015
190845  -42.405  39.456  17.895 0.4000000060
190846  -42.792  39.261  18.063 0.4000000060
190849  -44.934  38.688  17.955 0.6000000238
190852  -31.535  38.744  17.627 0.1000000015
190854  -41.596  39.364  17.126 0.4000000060
190855  -42.085  39.232  17.431 0.4000000060
190857  -44.061  39.382  17.223 0.5000000000
190859  -45.053  38.527  17.358 0.5000000000
190864  -32.889  38.688  16.309 0.1000000015
190865  -33.451  38.720  16.022 0.1000000015
190866  -39.009  39.335  16.051 0.2000000030
190867  -39.350  39.249  16.084 0.2000000030
190868  -40.165  39.038  16.183 0.3000000119
190872  -43.777  39.188  16.666 0.4000000060
190873  -44.556  38.595  16.813 0.5000000000
190874  -45.017  38.189  16.844 0.5000000000
190877  -33.903  38.740  15.854 0.1000000015
190878  -34.540  38.757  15.723 0.1000000015
190879  -35.353  38.775  15.635 0.2000000030
190880  -36.167  38.797  15.614 0.2000000030
190881  -36.968  38.836  15.613 0.2000000030
190882  -37.768  38.902  15.658 0.2000000030
190883  -38.696  39.050  15.841 0.2000000030
190885  -40.064  38.419  15.768 0.2000000030
190886  -43.141  39.201  16.002 0.4000000060
190891  -42.262  39.124  14.684 0.4000000060
190892  -42.667  38.882  15.037 0.4000000060
190893  -43.288  38.208  15.147 0.5000000000
190898  -42.173  38.982  14.261 0.4000000060
190899  -42.522  38.401  14.289 0.4000000060
190901  -42.077  39.058  13.454 0.4000000060
190907  -42.142  39.071  12.868 0.6000000238
190908  -42.311  39.009  12.430 0.6999999881
190924  -42.607  38.912  11.883 0.6999999881
190942  -38.145  38.567  10.536 0.3000000119
190944  -43.242  38.871  10.910 0.6999999881
190950  -38.012  39.028  10.437 0.3000000119
190956  -43.941  39.026  10.024 0.6999999881
190964  -42.625  38.416  8.818 0.3000000119
190965  -44.360  39.059  9.533 0.6999999881
190966  -44.845  39.076  9.087 0.8000000119
190971  -42.387  39.228  8.428 0.4000000060
190974  -45.373  39.072  8.636 0.8000000119
190982  -44.255  38.509  7.268 0.4000000060
190985  -47.363  38.578  7.370 0.8000000119
190989  -43.909  39.181  6.897 0.5000000000
190992  -47.096  39.311  7.116 0.8000000119
190994  -47.892  38.369  6.690 0.8000000119
190998  -44.670  39.183  6.134 0.6000000238
190999  -45.223  38.846  5.922 0.6000000238
191000  -45.780  38.510  5.716 0.6000000238
191008  -46.428  38.461  5.023 0.6999999881
191009  -47.730  38.980  5.441 0.8000000119
191010  -47.979  38.474  5.721 0.8000000119
191014  -46.254  39.135  4.704 0.6999999881
191691  -31.954  39.762  19.349 0.1000000015
191693  -32.926  39.809  19.959 0.1000000015
191700  -42.344  39.873  18.059 0.4000000060
191701  -43.158  39.871  18.474 0.4000000060
191702  -43.978  39.833  18.214 0.6000000238
191703  -44.325  39.459  18.019 0.6000000238
191706  -31.738  39.511  17.094 0.1000000015
191707  -32.037  39.049  16.820 0.1000000015
191708  -40.822  40.063  17.061 0.3000000119
191709  -41.445  39.721  17.275 0.3000000119
191710  -41.902  39.756  17.660 0.4000000060
191711  -43.901  39.699  17.405 0.5000000000
191712  -44.196  39.588  17.829 0.6000000238
191715  -31.971  39.917  16.739 0.1000000015
191716  -32.354  39.476  16.529 0.1000000015
191723  -40.998  39.624  16.935 0.3000000119
191724  -43.142  39.725  16.400 0.4000000060
191725  -43.580  39.714  16.876 0.5000000000
191728  -33.592  39.927  15.867 0.1000000015
191729  -34.037  39.527  15.856 0.1000000015
191730  -34.931  39.526  15.733 0.2000000030
191731  -35.756  39.536  15.680 0.2000000030
191734  -38.075  39.541  15.925 0.2000000030
191735  -38.528  39.577  16.040 0.2000000030
191737  -42.672  39.562  15.644 0.4000000060
191740  -42.400  39.478  15.180 0.4000000060
191745  -42.022  39.639  13.855 0.4000000060
191749  -42.478  40.134  12.803 0.6000000238
191752  -42.236  39.374  12.655 0.6000000238
191766  -30.474  39.519  11.577 0.1000000015
191768  -42.791  39.452  11.580 0.6999999881
191785  -37.663  39.304  10.434 0.2000000030
191786  -43.021  39.290  11.145 0.6999999881
191787  -43.321  39.493  10.859 0.6999999881
191798  -43.686  39.678  10.403 0.6999999881
191803  -39.910  39.777  9.478 0.3000000119
191813  -41.951  39.659  8.386 0.3000000119
191815  -45.565  39.772  8.394 0.8000000119
191816  -46.016  39.820  7.967 0.8000000119
191821  -42.760  39.661  7.650 0.4000000060
191822  -43.262  39.466  7.389 0.4000000060
191823  -46.410  39.801  7.579 0.8000000119
191829  -43.026  39.840  7.148 0.4000000060
191832  -47.134  39.670  6.784 0.6999999881
191833  -47.453  39.588  6.313 0.6999999881
191839  -43.769  39.812  6.373 0.5000000000
191840  -44.257  39.616  6.110 0.5000000000
191842  -47.587  39.587  5.713 0.6999999881
191848  -44.522  39.800  5.647 0.6000000238
191850  -45.521  39.535  4.962 0.6000000238
191860  -45.947  39.502  4.668 0.6999999881
192609  -33.411  40.600  20.148 0.1000000015
192610  -33.983  40.368  20.394 0.1000000015
192614  -32.375  40.554  19.532 0.1000000015
192615  -32.930  40.268  19.924 0.1000000015
192617  -31.762  40.577  18.903 0.1000000015
192618  -32.041  40.695  19.239 0.1000000015
192620  -31.412  40.431  18.200 0.1000000015
192621  -41.660  40.863  17.670 0.4000000060
192622  -42.139  40.698  18.040 0.4000000060
192624  -43.414  40.490  18.293 0.4000000060
192627  -31.475  40.366  17.476 0.1000000015
192628  -40.691  40.757  17.055 0.3000000119
192630  -43.084  40.706  17.306 0.4000000060
192631  -43.564  40.330  17.708 0.4000000060
192636  -32.674  40.249  16.177 0.1000000015
192637  -38.157  40.652  16.107 0.2000000030
192638  -38.747  40.513  16.263 0.2000000030
192639  -39.488  40.436  16.437 0.2000000030
192640  -40.216  40.297  16.738 0.3000000119
192641  -42.850  40.488  16.571 0.4000000060
192645  -33.259  40.347  15.875 0.1000000015
192646  -33.851  40.348  15.752 0.1000000015
192650  -37.026  40.299  15.754 0.2000000030
192651  -37.767  40.194  15.956 0.2000000030
192652  -42.313  40.523  15.432 0.4000000060
192653  -42.571  40.201  15.879 0.4000000060
192656  -42.146  40.360  14.910 0.4000000060
192660  -42.113  40.419  14.117 0.4000000060
192665  -42.082  40.097  13.561 0.4000000060
192666  -42.434  40.503  13.316 0.4000000060
192668  -42.883  40.603  12.533 0.6999999881
192681  -31.277  39.828  11.390 0.1000000015
192682  -42.933  40.161  11.741 0.6999999881
192693  -30.176  40.940  11.349 0.2000000030
192703  -43.064  39.769  11.249 0.6999999881
192716  -39.642  39.901  9.503 0.2000000030
192723  -39.844  40.323  9.235 0.3000000119
192726  -44.830  40.473  9.195 0.6999999881
192727  -45.269  40.481  8.678 0.6999999881
192731  -40.786  40.704  8.272 0.3000000119
192733  -41.946  40.105  7.975 0.3000000119
192740  -41.541  40.695  7.554 0.3000000119
192743  -46.521  40.452  7.360 0.8000000119
192744  -46.868  40.383  6.869 0.6999999881
192752  -43.471  40.060  6.452 0.3000000119
192761  -43.086  40.699  6.092 0.3000000119
192764  -47.435  40.188  5.406 0.8000000119
192773  -44.400  40.314  5.254 0.4000000060
192774  -45.185  40.242  4.725 0.6000000238
192776  -46.941  40.546  4.713 0.6999999881
192777  -47.321  40.142  4.833 0.6999999881
192789  -45.474  40.681  4.386 0.6000000238
192790  -45.954  40.243  4.415 0.6999999881
192791  -46.687  40.158  4.442 0.6999999881
192792  -47.060  40.115  4.552 0.6999999881
193569  -32.525  41.155  19.538 0.1000000015
193570  -33.008  41.102  19.850 0.1000000015
193573  -31.783  41.193  18.811 0.1000000015
193578  -41.608  41.239  17.638 0.4000000060
193579  -41.937  41.269  17.823 0.4000000060
193580  -42.507  41.305  18.059 0.4000000060
193581  -43.093  41.057  18.213 0.4000000060
193585  -40.674  41.254  17.011 0.4000000060
193586  -41.208  41.254  17.348 0.3000000119
193587  -42.856  41.275  17.611 0.4000000060
193591  -31.539  41.142  17.105 0.1000000015
193592  -31.902  41.075  16.523 0.1000000015
193593  -32.371  40.816  16.297 0.1000000015
193594  -38.070  40.961  16.047 0.2000000030
193595  -38.394  41.110  16.120 0.2000000030
193596  -39.147  41.160  16.300 0.2000000030
193597  -40.085  41.239  16.634 0.3000000119
193600  -32.245  41.308  16.152 0.1000000015
193607  -37.674  41.127  15.854 0.2000000030
193608  -38.264  41.673  15.908 0.2000000030
193609  -42.339  40.787  15.475 0.4000000060
193613  -42.271  40.813  15.220 0.4000000060
193614  -42.451  41.252  15.033 0.4000000060
193617  -42.235  40.835  14.693 0.4000000060
193619  -42.912  41.479  13.868 0.6000000238
193624  -42.696  41.090  13.618 0.4000000060
193625  -43.149  41.444  13.405 0.6000000238
193628  -42.892  41.007  13.122 0.6000000238
193629  -43.335  41.345  12.754 0.6999999881
193635  -28.682  40.783  11.601 0.1000000015
193637  -43.380  41.488  12.126 0.6999999881
193657  -43.557  41.460  11.417 0.6999999881
193668  -34.212  41.811  10.305 0.2000000030
193672  -37.105  41.221  9.710 0.2000000030
193674  -43.863  41.214  10.699 0.6999999881
193675  -44.203  41.166  10.089 0.6999999881
193686  -44.619  41.194  9.547 0.6999999881
193692  -38.975  41.752  8.470 0.2000000030
193695  -40.857  40.841  8.000 0.3000000119
193697  -45.963  41.154  8.117 0.8000000119
193702  -40.441  41.423  7.626 0.3000000119
193705  -46.314  41.156  7.651 0.8000000119
193713  -42.447  40.892  6.583 0.3000000119
193715  -47.235  40.587  6.151 0.6999999881
193724  -47.169  41.348  5.989 0.6999999881
193725  -47.235  40.856  5.761 0.6999999881
193732  -43.375  41.181  5.387 0.3000000119
193733  -44.148  41.102  4.794 0.4000000060
193735  -46.879  41.239  4.903 0.6999999881
193742  -44.467  41.502  4.439 0.6000000238
194508  -33.509  41.426  20.077 0.1000000015
194509  -34.040  41.847  20.198 0.1000000015
194511  -35.368  42.701  20.679 0.1000000015
194520  -33.342  42.022  19.784 0.1000000015
194526  -31.786  41.780  18.713 0.1000000015
194527  -32.302  42.183  19.058 0.1000000015
194531  -41.631  41.564  17.626 0.4000000060
194533  -42.604  41.887  17.663 0.4000000060
194536  -31.339  41.940  17.372 0.1000000015
194537  -40.741  41.786  16.976 0.4000000060
194539  -41.946  42.497  17.428 0.4000000060
194540  -42.626  41.833  17.138 0.4000000060
194544  -31.912  41.669  16.202 0.1000000015
194545  -38.772  41.656  16.073 0.2000000030
194548  -42.608  41.833  16.360 0.4000000060
194551  -32.305  41.903  15.808 0.1000000015
194552  -33.066  41.842  15.468 0.1000000015
194553  -33.785  41.651  15.365 0.1000000015
194554  -34.491  41.640  15.313 0.1000000015
194555  -35.252  41.699  15.335 0.2000000030
194556  -36.065  41.796  15.346 0.2000000030
194557  -36.979  42.018  15.375 0.2000000030
194560  -39.249  42.700  15.827 0.2000000030
194561  -42.625  41.795  15.509 0.4000000060
194564  -33.470  42.191  15.197 0.1000000015
194566  -34.769  42.304  15.015 0.1000000015
194567  -35.540  42.385  15.005 0.2000000030
194568  -36.299  42.520  15.009 0.2000000030
194569  -36.877  42.754  15.042 0.2000000030
194570  -42.777  41.766  14.783 0.4000000060
194571  -43.138  42.014  14.482 0.4000000060
194572  -43.561  42.206  14.402 0.5000000000
194575  -42.923  41.686  14.240 0.4000000060
194577  -44.032  42.318  13.943 0.6000000238
194588  -42.925  42.472  12.327 0.6999999881
194589  -43.227  42.224  12.453 0.6999999881
194595  -43.132  41.952  11.813 0.6999999881
194609  -42.814  42.316  11.494 0.6999999881
194626  -36.472  41.719  9.656 0.2000000030
194627  -42.911  42.343  10.972 0.6999999881
194629  -43.878  41.717  10.266 0.6999999881
194638  -35.629  42.330  9.675 0.2000000030
194642  -38.145  41.809  8.866 0.2000000030
194644  -44.175  41.947  9.751 0.6999999881
194645  -44.766  41.921  9.255 0.6999999881
194650  -37.832  42.322  8.658 0.2000000030
194653  -39.646  41.727  8.024 0.3000000119
194654  -45.285  41.912  8.835 0.6999999881
194656  -46.188  42.246  8.081 0.6999999881
194660  -38.900  42.349  7.956 0.2000000030
194661  -39.389  42.228  7.719 0.2000000030
194664  -46.164  41.696  7.978 0.8000000119
194671  -40.802  41.869  6.845 0.3000000119
194672  -41.332  41.709  6.629 0.3000000119
194673  -46.886  41.979  6.877 0.6999999881
194679  -41.620  41.936  6.219 0.3000000119
194681  -47.106  41.962  6.090 0.6999999881
194688  -42.401  42.028  5.549 0.3000000119
194689  -43.045  41.985  5.056 0.3000000119
194692  -47.124  41.265  5.337 0.6999999881
194697  -43.521  42.123  4.659 0.4000000060
195489  -34.393  42.646  20.127 0.1000000015
195502  -32.876  42.499  19.383 0.1000000015
195504  -34.101  43.118  19.834 0.1000000015
195505  -34.486  43.130  20.055 0.1000000015
195514  -31.878  42.864  18.462 0.1000000015
195516  -33.015  43.018  19.254 0.1000000015
195526  -42.407  42.384  17.491 0.4000000060
195533  -31.135  43.384  16.674 0.1000000015
195534  -31.242  42.721  16.966 0.1000000015
195536  -41.548  43.083  17.110 0.4000000060
195537  -42.296  42.963  17.281 0.4000000060
195538  -42.615  42.541  16.866 0.4000000060
195542  -31.462  42.918  16.231 0.1000000015
195543  -39.809  42.801  16.088 0.2000000030
195544  -40.503  43.192  16.366 0.3000000119
195545  -41.038  43.115  16.718 0.4000000060
195546  -42.836  42.509  15.936 0.4000000060
195550  -31.956  42.619  15.761 0.1000000015
195554  -38.135  42.948  15.411 0.2000000030
195555  -38.819  43.162  15.569 0.2000000030
195556  -39.458  43.290  15.749 0.2000000030
195557  -39.951  43.385  15.984 0.3000000119
195559  -43.404  42.823  15.404 0.4000000060
195560  -43.790  43.040  15.178 0.4000000060
195563  -32.872  43.207  15.034 0.1000000015
195564  -33.391  42.870  14.997 0.1000000015
195565  -34.261  42.961  14.862 0.1000000015
195566  -35.043  43.033  14.840 0.1000000015
195567  -35.792  43.123  14.862 0.2000000030
195570  -37.704  43.464  15.107 0.2000000030
195571  -42.895  42.070  14.934 0.4000000060
195572  -43.308  42.357  14.824 0.4000000060
195576  -43.900  42.247  13.485 0.6000000238
195577  -44.049  42.855  13.737 0.6000000238
195580  -42.982  42.991  12.825 0.6999999881
195581  -43.394  42.780  13.015 0.6000000238
195582  -43.705  43.190  13.438 0.6000000238
195587  -42.311  43.073  12.254 0.6999999881
195588  -42.723  42.846  12.448 0.6999999881
195593  -42.167  43.017  11.984 0.6999999881
195594  -42.460  42.658  11.745 0.6999999881
195603  -32.801  42.636  10.325 0.2000000030
195605  -42.489  42.656  11.088 0.6999999881
195621  -35.220  42.600  9.650 0.2000000030
195623  -42.761  42.754  10.381 0.6999999881
195624  -43.271  42.495  10.093 0.6999999881
195636  -34.402  43.037  9.583 0.1000000015
195641  -43.051  42.903  9.852 0.6999999881
195642  -43.596  42.701  9.612 0.6999999881
195652  -36.758  42.948  8.710 0.2000000030
195658  -46.380  42.834  7.914 0.6999999881
195664  -38.899  42.844  7.582 0.2000000030
195673  -40.338  42.534  6.635 0.2000000030
195674  -40.767  42.333  6.441 0.3000000119
195681  -41.042  42.565  6.101 0.3000000119
195692  -43.919  42.946  4.765 0.4000000060
195694  -46.153  43.117  4.831 0.6000000238
195701  -44.358  42.514  4.514 0.4000000060
195704  -46.336  42.620  4.675 0.6000000238
196467  -34.984  44.011  20.139 0.1000000015
196477  -33.484  43.556  19.381 0.1000000015
196479  -34.486  43.606  19.931 0.1000000015
196488  -32.429  43.674  18.718 0.1000000015
196489  -33.121  43.581  19.124 0.1000000015
196513  -41.589  43.995  16.978 0.4000000060
196525  -31.090  43.846  16.425 0.1000000015
196526  -31.310  43.678  16.037 0.1000000015
196527  -40.619  44.036  16.329 0.4000000060
196528  -41.099  43.649  16.650 0.4000000060
196529  -43.035  43.007  16.376 0.4000000060
196530  -43.640  43.461  16.087 0.4000000060
196531  -44.191  43.784  15.735 0.4000000060
196536  -31.830  43.430  15.560 0.1000000015
196537  -32.480  43.603  15.096 0.1000000015
196538  -38.296  43.880  15.244 0.2000000030
196539  -39.086  43.880  15.517 0.2000000030
196540  -39.734  43.894  15.770 0.2000000030
196541  -40.197  43.800  16.074 0.3000000119
196542  -43.746  43.181  15.467 0.4000000060
196545  -33.084  43.676  14.880 0.1000000015
196546  -33.794  43.664  14.770 0.1000000015
196549  -36.057  43.838  14.786 0.2000000030
196550  -36.736  43.907  14.867 0.2000000030
196551  -37.363  43.959  14.952 0.2000000030
196553  -44.211  43.412  14.274 0.5000000000
196555  -43.012  43.787  13.594 0.6000000238
196556  -43.512  43.633  13.719 0.6000000238
196557  -43.863  43.395  13.761 0.6000000238
196561  -42.836  43.360  13.008 0.6000000238
196563  -43.624  43.414  13.555 0.6000000238
196567  -42.096  43.398  12.320 0.6999999881
196568  -42.475  43.345  12.652 0.6999999881
196573  -41.460  43.982  11.453 0.6999999881
196574  -41.794  43.456  11.663 0.6999999881
196577  -41.441  44.109  11.050 0.6999999881
196578  -41.732  43.701  10.869 0.6999999881
196589  -42.285  43.572  10.007 0.6999999881
196605  -36.474  43.113  8.746 0.2000000030
196606  -42.526  43.943  9.500 0.6999999881
196608  -43.855  43.380  9.092 0.6999999881
196609  -44.649  43.383  8.818 0.6999999881
196610  -45.088  43.017  8.712 0.6999999881
196627  -44.935  43.854  8.643 0.6999999881
196628  -45.378  43.494  8.537 0.6999999881
196629  -46.103  43.577  8.205 0.8000000119
196637  -37.857  43.867  7.521 0.2000000030
196639  -38.922  43.261  7.231 0.2000000030
196644  -38.591  43.897  6.905 0.2000000030
196647  -40.333  42.857  6.329 0.2000000030
196649  -46.918  44.275  6.199 0.6999999881
196654  -39.777  43.584  6.145 0.2000000030
196656  -40.950  42.996  5.824 0.3000000119
196657  -46.853  43.679  5.616 0.6999999881
196662  -40.481  43.635  5.643 0.2000000030
196664  -41.849  43.457  5.147 0.3000000119
196671  -46.770  44.188  5.611 0.6999999881
196680  -45.553  43.110  4.812 0.6000000238
196681  -45.805  43.139  4.807 0.6000000238
197323  -34.935  44.555  20.076 0.1000000015
197332  -33.940  44.395  19.481 0.1000000015
197333  -34.457  44.455  19.770 0.1000000015
197343  -33.485  44.332  19.220 0.1000000015
197363  -41.951  44.477  17.270 0.4000000060
197364  -42.656  44.306  17.526 0.4000000060
197365  -43.456  44.329  17.181 0.4000000060
197366  -44.016  44.558  16.817 0.4000000060
197378  -31.116  44.169  16.133 0.1000000015
197379  -40.605  44.558  16.344 0.3000000119
197381  -43.837  44.024  16.666 0.4000000060
197393  -38.247  44.560  15.196 0.2000000030
197397  -44.377  44.211  15.394 0.4000000060
197403  -33.383  44.391  14.754 0.2000000030
197404  -34.132  44.417  14.704 0.2000000030
197405  -34.893  44.450  14.712 0.2000000030
197406  -35.638  44.486  14.725 0.2000000030
197407  -36.355  44.527  14.763 0.2000000030
197408  -37.041  44.552  14.848 0.2000000030
197409  -37.758  44.556  15.019 0.2000000030
197410  -42.859  44.625  14.285 0.6000000238
197411  -43.190  44.523  14.348 0.6000000238
197412  -43.975  44.252  14.581 0.5000000000
197416  -42.594  44.460  13.951 0.6000000238
197418  -43.820  43.763  14.046 0.6000000238
197421  -41.550  44.724  13.050 0.6999999881
197422  -41.892  44.496  13.293 0.6000000238
197423  -42.499  43.960  13.353 0.6000000238
197426  -41.456  44.635  12.738 0.6999999881
197427  -41.745  44.080  12.545 0.6999999881
197431  -41.316  44.453  11.992 0.6999999881
197436  -41.277  44.550  11.178 0.6999999881
197437  -41.501  44.293  10.779 0.6999999881
197445  -41.759  44.420  10.247 0.6999999881
197456  -42.246  44.419  9.623 0.6999999881
197457  -42.804  44.383  9.242 0.6999999881
197458  -43.571  44.255  8.961 0.6999999881
197473  -36.367  44.199  8.111 0.2000000030
197475  -44.143  44.431  8.808 0.6999999881
197478  -45.785  44.372  8.424 0.6000000238
197479  -46.429  44.371  8.080 0.5000000000
197492  -36.751  44.454  7.696 0.1000000015
197495  -46.805  44.379  7.487 0.6999999881
197508  -37.591  44.564  6.998 0.1000000015
197509  -38.125  44.342  6.835 0.2000000030
197511  -46.964  44.412  6.856 0.6999999881
197512  -46.971  44.514  6.393 0.6999999881
197531  -45.794  44.978  5.807 0.5000000000
197532  -46.890  44.584  6.104 0.6999999881
197550  -44.470  44.036  5.509 0.5000000000
197551  -45.247  44.166  5.463 0.5000000000
197552  -45.983  44.530  5.550 0.5000000000
197553  -46.582  44.543  5.529 0.6000000238
197554  -46.777  44.553  5.813 0.6000000238
198150  -33.280  45.318  19.303 0.1000000015
198159  -32.531  44.990  18.750 0.1000000015
198160  -33.091  44.881  19.029 0.1000000015
198161  -33.452  44.890  19.233 0.1000000015
198168  -42.681  45.799  17.838 0.4000000060
198170  -43.661  45.938  17.428 0.4000000060
198179  -41.491  45.205  17.106 0.4000000060
198180  -42.272  45.130  17.602 0.4000000060
198181  -43.096  45.059  17.721 0.4000000060
198183  -44.225  45.048  16.458 0.4000000060
198193  -39.955  45.617  16.131 0.3000000119
198194  -40.548  45.156  16.402 0.3000000119
198195  -41.034  45.120  16.725 0.4000000060
198196  -44.319  44.876  15.762 0.4000000060
198207  -31.232  45.040  15.856 0.1000000015
198208  -31.701  45.044  15.456 0.1000000015
198209  -32.305  45.077  15.080 0.1000000015
198210  -38.182  45.247  15.241 0.2000000030
198211  -39.030  45.252  15.535 0.3000000119
198212  -39.700  45.134  15.814 0.2000000030
198213  -40.102  45.108  16.067 0.3000000119
198214  -43.703  45.139  15.125 0.4000000060
198215  -44.145  44.792  15.151 0.4000000060
198224  -32.984  45.105  14.838 0.1000000015
198229  -36.674  45.204  14.803 0.2000000030
198230  -37.314  45.158  14.919 0.2000000030
198231  -37.724  45.126  15.027 0.2000000030
198233  -42.804  44.915  14.537 0.5000000000
198235  -43.855  44.747  14.891 0.5000000000
198238  -41.972  44.929  13.918 0.6000000238
198239  -42.373  44.886  14.246 0.5000000000
198242  -41.628  44.931  13.530 0.6000000238
198251  -41.334  45.231  10.907 0.6999999881
198255  -41.613  45.212  10.357 0.6999999881
198268  -45.178  45.743  8.799 0.6999999881
198279  -44.378  44.653  8.756 0.6999999881
198280  -44.728  44.857  8.705 0.6999999881
198281  -45.404  45.257  8.638 0.6999999881
198292  -35.689  45.175  7.567 0.1000000015
198305  -37.145  44.913  6.964 0.1000000015
198308  -41.465  45.627  6.485 0.1000000015
198313  -46.945  44.960  6.268 0.6999999881
198323  -38.325  44.935  6.040 0.1000000015
198325  -40.983  45.325  5.919 0.2000000030
198327  -42.685  45.028  6.326 0.3000000119
198331  -45.645  45.369  5.966 0.5000000000
198333  -46.773  44.998  5.980 0.6000000238
198348  -46.515  45.059  5.683 0.6000000238
198349  -46.680  44.800  5.730 0.6000000238
198909  -32.453  46.164  19.263 0.1000000015
198910  -32.863  45.938  19.367 0.1000000015
198911  -33.589  45.830  19.578 0.1000000015
198912  -34.309  45.706  19.812 0.1000000015
198928  -43.020  46.406  17.926 0.4000000060
198929  -43.520  46.404  17.609 0.4000000060
198936  -40.714  46.646  17.030 0.4000000060
198938  -41.934  46.066  17.598 0.4000000060
198939  -43.865  46.247  17.050 0.4000000060
198940  -44.113  45.715  16.621 0.4000000060
198948  -39.042  46.688  16.027 0.2000000030
198951  -40.950  45.586  16.773 0.4000000060
198952  -43.842  46.235  16.283 0.4000000060
198953  -44.133  45.574  15.976 0.4000000060
198965  -37.286  46.236  15.100 0.2000000030
198966  -37.681  46.107  15.218 0.2000000030
198968  -39.404  45.742  15.795 0.3000000119
198969  -42.101  46.421  15.281 0.4000000060
198970  -42.480  46.296  15.332 0.4000000060
198972  -43.971  45.265  15.499 0.4000000060
198985  -33.299  45.833  14.858 0.2000000030
198986  -34.045  45.888  14.771 0.2000000030
198987  -34.849  45.843  14.740 0.2000000030
198988  -35.593  45.807  14.773 0.2000000030
198989  -36.288  45.814  14.833 0.2000000030
198992  -40.690  46.565  14.530 0.5000000000
198993  -40.941  46.412  14.637 0.5000000000
198994  -41.761  46.140  14.950 0.4000000060
198996  -43.210  45.274  14.996 0.5000000000
199004  -41.078  45.924  14.182 0.5000000000
199005  -41.662  45.504  14.278 0.5000000000
199008  -40.500  46.231  13.744 0.5000000000
199009  -40.893  45.695  13.446 0.5000000000
199012  -40.475  46.198  13.068 0.6000000238
199013  -40.862  45.690  12.746 0.6999999881
199017  -40.946  45.933  11.995 0.6999999881
199023  -41.530  45.730  10.631 0.6999999881
199024  -41.980  45.976  10.173 0.6999999881
199025  -42.552  46.219  9.803 0.6999999881
199029  -42.377  45.683  9.684 0.6999999881
199030  -42.938  45.890  9.416 0.6999999881
199031  -43.609  45.887  9.160 0.6999999881
199032  -44.330  46.068  9.038 0.6999999881
199033  -45.042  46.218  8.931 0.6999999881
199034  -45.529  46.410  8.818 0.6999999881
199052  -46.851  45.877  7.466 0.6999999881
199065  -40.972  46.125  6.633 0.1000000015
199068  -43.336  46.187  7.018 0.3000000119
199071  -46.966  45.739  6.750 0.6999999881
199072  -46.967  45.349  6.375 0.6999999881
199083  -39.916  46.316  6.008 0.1000000015
199085  -40.827  45.807  6.305 0.1000000015
199086  -44.789  45.807  6.464 0.5000000000
199088  -46.041  45.868  6.001 0.5000000000
199089  -46.703  45.697  6.115 0.6000000238
199090  -46.853  45.256  6.182 0.6000000238
199101  -40.156  45.802  5.786 0.1000000015
199102  -46.411  45.475  5.824 0.6000000238
199103  -46.599  45.365  5.884 0.6000000238
199695  -32.550  46.564  19.495 0.1000000015
199703  -32.182  46.369  19.222 0.1000000015
199709  -41.431  47.247  17.773 0.4000000060
199711  -42.689  47.034  18.014 0.4000000060
199712  -43.255  47.028  17.808 0.4000000060
199719  -39.749  47.384  16.677 0.3000000119
199720  -40.323  47.113  16.948 0.3000000119
199721  -40.980  47.067  17.364 0.4000000060
199722  -41.486  46.705  17.592 0.4000000060
199723  -43.593  47.002  17.294 0.4000000060
199731  -38.707  46.996  16.019 0.2000000030
199732  -39.254  47.115  16.333 0.2000000030
199733  -39.861  46.837  16.538 0.3000000119
199743  -32.506  46.656  15.236 0.1000000015
199744  -32.966  47.151  15.212 0.1000000015
199746  -37.125  46.621  15.167 0.2000000030
199747  -37.819  46.833  15.536 0.2000000030
199748  -38.301  47.004  15.814 0.2000000030
199749  -41.379  47.187  15.359 0.4000000060
199751  -42.876  46.819  15.702 0.4000000060
199762  -32.976  46.270  14.996 0.1000000015
199767  -36.500  46.337  14.934 0.2000000030
199768  -36.831  46.415  14.995 0.2000000030
199770  -40.536  46.887  14.645 0.4000000060
199772  -41.576  46.711  15.249 0.4000000060
199781  -39.619  47.138  13.701 0.5000000000
199782  -40.182  46.762  14.021 0.5000000000
199785  -39.621  47.059  13.049 0.5000000000
199788  -39.667  47.082  12.680 0.6000000238
199792  -40.621  46.697  12.071 0.6999999881
199793  -41.089  46.646  11.554 0.6999999881
199796  -41.526  46.721  11.036 0.6999999881
199797  -41.953  46.733  10.559 0.6999999881
199804  -43.350  46.334  9.385 0.6999999881
199805  -43.819  46.749  9.356 0.6999999881
199807  -45.329  46.936  9.045 0.6999999881
199811  -46.353  46.756  8.303 0.5000000000
199812  -46.721  46.668  7.731 0.5000000000
199815  -41.740  47.331  7.297 0.3000000119
199817  -43.046  47.402  7.348 0.3000000119
199818  -43.431  47.546  7.285 0.3000000119
199825  -39.974  47.176  6.546 0.1000000015
199831  -44.669  46.926  6.797 0.4000000060
199844  -40.146  46.692  6.415 0.1000000015
199845  -45.897  46.539  6.193 0.5000000000
199847  -46.656  46.332  6.225 0.5000000000
200522  -31.341  47.931  20.025 0.1000000015
200532  -31.651  47.392  19.673 0.1000000015
200533  -32.350  47.137  19.756 0.1000000015
200534  -32.787  46.925  19.758 0.1000000015
200544  -42.379  47.727  18.167 0.4000000060
200545  -42.963  47.656  17.913 0.4000000060
200552  -39.981  47.903  16.966 0.3000000119
200553  -40.596  47.783  17.324 0.3000000119
200554  -41.134  47.775  17.681 0.4000000060
200555  -43.545  47.670  16.966 0.4000000060
200562  -38.267  48.018  16.159 0.2000000030
200565  -42.996  47.872  16.157 0.4000000060
200566  -43.281  47.628  16.287 0.4000000060
200574  -33.314  47.650  15.276 0.1000000015
200575  -34.049  47.789  15.229 0.2000000030
200576  -34.772  47.708  15.184 0.2000000030
200577  -35.546  47.549  15.165 0.2000000030
200578  -36.417  47.240  15.212 0.2000000030
200579  -37.231  47.369  15.504 0.2000000030
200581  -38.390  47.309  15.990 0.2000000030
200582  -40.584  48.053  15.237 0.4000000060
200584  -41.774  47.762  15.648 0.4000000060
200586  -43.110  47.273  15.936 0.4000000060
200594  -33.773  47.371  15.087 0.2000000030
200595  -34.261  47.233  14.990 0.2000000030
200596  -35.016  47.087  14.951 0.2000000030
200597  -35.746  46.918  14.967 0.2000000030
200598  -36.250  46.722  14.988 0.2000000030
200600  -40.282  47.821  14.943 0.5000000000
200601  -40.826  47.272  15.121 0.4000000060
200612  -38.816  48.107  13.795 0.5000000000
200613  -39.197  47.874  14.022 0.5000000000
200621  -38.631  48.062  13.423 0.5000000000
200622  -39.152  47.508  13.278 0.5000000000
200624  -38.398  48.095  13.000 0.5000000000
200626  -39.306  47.369  12.652 0.6999999881
200627  -39.714  47.193  12.399 0.6000000238
200629  -38.977  47.668  12.313 0.6999999881
200630  -39.439  47.525  12.088 0.6999999881
200631  -40.118  47.276  11.963 0.6999999881
200635  -41.239  47.307  11.280 0.6999999881
200636  -41.841  47.463  10.880 0.6999999881
200640  -42.286  47.250  10.470 0.6999999881
200641  -42.798  47.515  10.188 0.6999999881
200642  -43.426  47.594  9.886 0.6999999881
200643  -44.013  47.900  9.797 0.6999999881
200644  -44.562  47.986  9.702 0.6999999881
200646  -43.812  47.370  9.613 0.6999999881
200648  -45.037  47.659  9.371 0.6999999881
200649  -45.725  47.613  8.986 0.6000000238
200656  -42.040  47.833  7.333 0.3000000119
200657  -42.648  47.865  7.370 0.3000000119
200663  -40.308  47.659  6.793 0.1000000015
200668  -46.035  47.672  6.343 0.5000000000
200671  -39.000  47.637  5.898 0.1000000015
200674  -46.282  47.028  6.181 0.5000000000
200675  -46.622  46.744  6.266 0.5000000000
201363  -30.578  48.677  20.173 0.1000000015
201374  -30.712  48.298  19.893 0.1000000015
201382  -40.812  48.798  17.648 0.3000000119
201384  -42.027  48.493  18.105 0.4000000060
201386  -43.140  48.038  17.721 0.4000000060
201391  -39.036  48.813  16.758 0.2000000030
201392  -39.542  48.609  16.973 0.2000000030
201394  -40.838  48.287  17.582 0.4000000060
201395  -43.048  48.811  17.570 0.4000000060
201396  -43.252  48.350  17.324 0.4000000060
201400  -32.179  48.860  16.122 0.1000000015
201401  -37.401  48.335  15.938 0.2000000030
201402  -37.862  48.359  16.128 0.2000000030
201403  -38.614  48.442  16.457 0.2000000030
201404  -39.122  48.452  16.700 0.2000000030
201406  -42.960  48.247  16.303 0.4000000060
201407  -43.316  48.217  16.688 0.4000000060
201412  -32.063  47.856  15.637 0.1000000015
201413  -32.704  48.485  15.725 0.1000000015
201418  -36.754  47.917  15.567 0.2000000030
201419  -37.328  47.944  15.758 0.2000000030
201420  -37.630  48.066  15.919 0.2000000030
201421  -40.549  48.509  15.344 0.5000000000
201423  -42.177  48.461  15.965 0.4000000060
201424  -42.630  48.274  16.089 0.4000000060
201430  -38.994  48.899  14.455 0.5000000000
201431  -39.578  48.406  14.694 0.5000000000
201443  -38.678  48.456  13.930 0.5000000000
201444  -39.096  48.389  14.284 0.5000000000
201454  -37.486  48.717  12.772 0.5000000000
201455  -38.129  48.397  13.182 0.5000000000
201456  -38.366  48.402  13.558 0.5000000000
201458  -37.497  48.636  12.024 0.5000000000
201459  -38.208  48.203  12.434 0.5000000000
201460  -38.670  47.877  12.320 0.5000000000
201463  -38.104  48.455  11.613 0.6000000238
201469  -37.612  48.932  11.009 0.5000000000
201471  -38.632  48.591  11.103 0.6000000238
201472  -39.431  48.484  11.109 0.6999999881
201473  -40.282  48.411  11.114 0.6000000238
201476  -42.882  48.392  10.510 0.6999999881
201477  -43.335  48.751  10.513 0.6999999881
201489  -46.493  48.251  7.928 0.4000000060
201490  -46.697  47.798  7.622 0.5000000000
201492  -41.584  48.359  7.280 0.2000000030
201495  -43.497  48.401  7.297 0.3000000119
201497  -46.768  48.127  7.212 0.4000000060
201500  -39.867  48.330  6.605 0.1000000015
201503  -44.122  48.407  7.087 0.3000000119
201504  -44.867  48.398  6.799 0.3000000119
201507  -46.659  48.106  6.756 0.4000000060
201510  -38.912  48.286  5.877 0.1000000015
202167  -41.055  49.301  17.848 0.4000000060
202168  -41.650  49.242  18.073 0.4000000060
202169  -42.308  49.216  18.022 0.4000000060
202170  -42.796  49.229  17.689 0.4000000060
202175  -39.242  49.336  16.953 0.2000000030
202177  -40.508  49.314  17.571 0.3000000119
202179  -43.269  48.705  16.830 0.4000000060
202188  -35.455  49.403  15.903 0.2000000030
202189  -36.262  49.263  15.955 0.2000000030
202193  -42.344  49.132  16.202 0.4000000060
202194  -42.901  49.019  16.533 0.4000000060
202195  -43.143  48.561  16.569 0.4000000060
202198  -32.997  49.098  15.980 0.1000000015
202199  -33.466  49.017  15.815 0.1000000015
202200  -34.212  48.945  15.706 0.1000000015
202201  -34.977  48.854  15.665 0.2000000030
202202  -35.751  48.728  15.663 0.2000000030
202203  -36.504  48.551  15.729 0.2000000030
202204  -37.031  48.344  15.806 0.2000000030
202205  -39.870  49.834  15.258 0.4000000060
202207  -41.022  49.279  15.711 0.4000000060
202213  -38.866  49.540  14.581 0.4000000060
202214  -39.509  49.419  14.946 0.4000000060
202215  -39.986  48.823  15.094 0.5000000000
202222  -37.264  49.704  13.524 0.5000000000
202223  -37.608  49.476  13.713 0.4000000060
202234  -28.549  49.647  12.741 0.2000000030
202235  -28.773  49.546  12.740 0.2000000030
202237  -36.982  49.565  13.129 0.5000000000
202238  -37.630  48.955  13.314 0.5000000000
202240  -28.606  49.590  12.519 0.2000000030
202242  -29.521  49.395  12.191 0.2000000030
202243  -30.026  49.449  12.087 0.2000000030
202244  -36.512  49.669  12.537 0.5000000000
202245  -36.937  49.116  12.344 0.5000000000
202247  -28.658  49.515  12.086 0.2000000030
202249  -29.701  49.402  11.681 0.2000000030
202254  -29.381  49.474  11.314 0.2000000030
202255  -29.858  49.513  11.143 0.2000000030
202256  -30.408  49.582  11.061 0.3000000119
202257  -36.525  49.345  11.148 0.5000000000
202258  -37.186  49.087  10.929 0.5000000000
202259  -37.735  49.077  10.659 0.6000000238
202260  -38.358  49.024  10.607 0.6000000238
202261  -39.085  49.030  10.623 0.6000000238
202262  -39.951  49.146  10.642 0.6000000238
202263  -40.822  49.032  10.792 0.6999999881
202264  -41.633  49.054  10.791 0.6999999881
202265  -42.428  49.140  10.747 0.6999999881
202266  -43.167  49.221  10.650 0.6999999881
202267  -43.675  49.471  10.564 0.6999999881
202269  -36.732  49.421  10.523 0.5000000000
202270  -37.294  49.352  10.241 0.5000000000
202271  -38.003  49.345  10.118 0.6000000238
202273  -39.424  49.541  10.141 0.6000000238
202274  -40.015  49.756  10.178 0.6000000238
202275  -43.607  49.008  10.499 0.6999999881
202276  -44.114  49.213  10.300 0.6999999881
202277  -44.755  49.200  9.858 0.6999999881
202280  -45.297  49.147  9.340 0.6999999881
202281  -45.793  49.038  8.839 0.6000000238
202283  -46.128  49.003  8.264 0.6000000238
202285  -41.589  48.934  7.271 0.2000000030
202286  -42.034  48.909  7.323 0.2000000030
202287  -42.648  48.906  7.359 0.3000000119
202288  -43.219  48.893  7.344 0.3000000119
202290  -46.651  48.765  7.136 0.4000000060
202292  -39.875  48.968  6.538 0.1000000015
202294  -41.058  49.049  7.119 0.2000000030
202295  -43.747  48.977  7.206 0.3000000119
202298  -46.168  49.129  6.764 0.3000000119
202958  -42.450  49.856  17.793 0.4000000060
202966  -38.735  50.016  16.876 0.2000000030
202967  -39.557  50.047  17.203 0.2000000030
202968  -40.213  49.970  17.504 0.2000000030
202975  -33.730  50.065  16.401 0.1000000015
202976  -34.416  50.049  16.264 0.1000000015
202977  -35.135  50.028  16.192 0.2000000030
202979  -36.760  49.900  16.290 0.2000000030
202980  -37.632  49.849  16.462 0.2000000030
202981  -38.240  49.670  16.617 0.2000000030
202983  -42.468  49.783  16.462 0.4000000060
202984  -42.874  49.731  16.850 0.4000000060
202986  -29.194  50.248  15.093 0.2000000030
202987  -29.773  50.293  15.212 0.2000000030
202990  -40.746  50.082  15.730 0.3000000119
202991  -41.495  49.970  16.013 0.4000000060
202992  -42.023  49.647  16.191 0.4000000060
202997  -28.878  50.063  14.544 0.2000000030
202999  -30.355  50.252  14.831 0.2000000030
203000  -30.784  50.425  14.658 0.2000000030
203001  -38.434  50.432  14.579 0.3000000119
203002  -38.992  50.209  14.807 0.3000000119
203003  -39.615  50.255  15.170 0.3000000119
203010  -27.987  50.082  13.442 0.2000000030
203011  -28.553  49.894  13.751 0.2000000030
203013  -30.236  50.009  14.051 0.2000000030
203014  -30.804  50.286  14.249 0.2000000030
203015  -37.242  50.119  13.698 0.5000000000
203016  -37.947  50.143  14.195 0.3000000119
203029  -28.420  49.750  12.926 0.2000000030
203030  -29.190  49.616  13.027 0.2000000030
203031  -30.069  49.817  13.214 0.2000000030
203033  -31.561  50.469  13.125 0.2000000030
203034  -36.401  50.278  12.761 0.5000000000
203035  -36.767  50.334  13.300 0.4000000060
203039  -28.222  49.771  12.280 0.2000000030
203040  -29.397  49.483  12.561 0.2000000030
203041  -29.826  49.554  12.578 0.2000000030
203044  -32.249  50.526  12.300 0.2000000030
203045  -36.143  50.123  12.069 0.5000000000
203047  -27.749  50.229  11.088 0.2000000030
203048  -28.459  49.705  11.445 0.2000000030
203049  -29.027  49.522  11.298 0.2000000030
203050  -30.891  49.680  11.377 0.2000000030
203051  -31.563  49.951  11.680 0.3000000119
203053  -32.877  50.418  11.554 0.3000000119
203055  -36.107  49.921  11.384 0.4000000060
203058  -28.353  50.067  10.586 0.2000000030
203060  -30.126  49.786  10.573 0.3000000119
203062  -31.467  49.852  10.912 0.3000000119
203063  -32.143  50.004  11.086 0.3000000119
203065  -35.880  50.331  10.147 0.4000000060
203067  -40.594  49.694  10.422 0.6999999881
203068  -41.279  49.707  10.595 0.6999999881
203069  -41.996  49.952  10.619 0.6999999881
203070  -42.750  49.868  10.676 0.6999999881
203071  -43.394  49.926  10.626 0.6999999881
203072  -43.971  49.984  10.451 0.6999999881
203075  -27.897  50.770  10.094 0.2000000030
203076  -28.252  50.532  10.074 0.2000000030
203077  -28.886  50.277  10.047 0.2000000030
203079  -30.647  50.060  10.065 0.2000000030
203081  -31.984  49.963  10.430 0.3000000119
203082  -32.581  50.091  10.495 0.3000000119
203083  -36.007  50.432  9.417 0.4000000060
203085  -37.577  49.669  9.574 0.5000000000
203086  -38.361  49.739  9.599 0.6000000238
203096  -30.119  50.706  9.441 0.3000000119
203097  -30.555  50.496  9.510 0.3000000119
203098  -31.242  50.295  9.642 0.2000000030
203099  -31.943  50.185  9.860 0.3000000119
203101  -36.030  50.569  9.012 0.4000000060
203102  -36.489  50.364  8.894 0.4000000060
203104  -38.014  50.185  8.981 0.5000000000
203105  -38.792  50.184  9.248 0.6000000238
203106  -39.261  50.219  9.429 0.6000000238
203111  -36.725  50.574  8.492 0.5000000000
203112  -37.138  50.433  8.584 0.5000000000
203114  -45.695  50.218  8.302 0.6000000238
203115  -46.026  49.826  8.033 0.6000000238
203120  -43.044  49.397  7.279 0.3000000119
203122  -46.257  49.820  7.209 0.4000000060
203137  -39.809  49.971  5.969 0.1000000015
203138  -40.174  49.989  6.309 0.1000000015
203164  -40.981  50.855  3.556 0.2000000030
203181  -43.400  50.939  2.506 0.1000000015
203186  -39.724  49.606  2.269 0.1000000015
203191  -43.691  50.458  2.312 0.1000000015
203780  -40.391  51.174  17.869 0.2000000030
203782  -41.575  50.658  18.128 0.4000000060
203783  -42.113  50.584  17.799 0.4000000060
203784  -42.497  50.263  17.487 0.4000000060
203790  -34.005  50.972  16.941 0.1000000015
203791  -34.470  50.930  16.723 0.1000000015
203792  -37.606  51.213  16.867 0.2000000030
203793  -38.153  50.819  16.903 0.2000000030
203796  -40.448  50.374  17.725 0.3000000119
203797  -42.292  50.735  17.269 0.3000000119
203798  -42.592  50.221  17.064 0.4000000060
203801  -28.107  51.135  16.013 0.1000000015
203802  -28.777  50.889  16.118 0.1000000015
203806  -34.171  50.541  16.574 0.1000000015
203807  -34.806  50.627  16.483 0.2000000030
203808  -35.535  50.600  16.420 0.2000000030
203811  -37.793  50.391  16.662 0.2000000030
203812  -41.731  50.685  16.227 0.3000000119
203813  -42.274  50.561  16.661 0.3000000119
203814  -42.611  50.113  16.731 0.4000000060
203818  -29.282  50.561  15.609 0.2000000030
203819  -30.007  50.635  15.635 0.2000000030
203820  -30.692  50.898  15.664 0.2000000030
203821  -31.181  50.984  15.330 0.2000000030
203822  -39.907  50.910  15.385 0.3000000119
203824  -41.136  50.732  15.929 0.3000000119
203829  -30.417  50.531  15.301 0.2000000030
203830  -30.856  50.646  15.021 0.2000000030
203831  -31.471  50.925  14.831 0.2000000030
203832  -31.894  51.073  14.474 0.2000000030
203833  -38.081  50.955  14.508 0.4000000060
203835  -39.310  50.938  15.082 0.4000000060
203842  -27.582  50.735  13.773 0.2000000030
203845  -31.570  50.802  14.216 0.2000000030
203848  -37.489  50.888  14.077 0.4000000060
203858  -26.964  51.454  12.638 0.2000000030
203860  -31.229  50.501  13.985 0.2000000030
203861  -31.645  50.686  13.559 0.2000000030
203862  -32.285  50.975  13.275 0.2000000030
203863  -32.693  51.073  12.916 0.2000000030
203864  -36.289  50.946  12.667 0.4000000060
203865  -36.547  50.925  13.074 0.4000000060
203870  -26.963  51.214  12.410 0.2000000030
203871  -27.252  50.736  12.240 0.2000000030
203872  -31.899  50.654  13.026 0.2000000030
203873  -32.337  50.749  12.672 0.2000000030
203874  -32.954  50.972  12.479 0.3000000119
203875  -33.425  51.004  12.195 0.3000000119
203877  -35.932  51.059  12.131 0.4000000060
203881  -27.279  50.693  11.518 0.2000000030
203882  -32.585  50.670  12.219 0.3000000119
203883  -33.035  50.698  11.893 0.3000000119
203886  -35.326  51.258  11.366 0.4000000060
203890  -26.936  51.247  11.208 0.2000000030
203891  -27.347  50.812  10.820 0.2000000030
203892  -33.280  50.506  11.340 0.3000000119
203893  -33.862  50.713  11.002 0.3000000119
203895  -35.294  50.798  10.444 0.3000000119
203896  -42.078  50.393  10.514 0.6999999881
203903  -27.058  51.336  10.615 0.2000000030
203904  -27.526  51.102  10.173 0.2000000030
203906  -28.633  50.805  9.743 0.2000000030
203907  -29.186  50.693  9.663 0.2000000030
203908  -33.249  50.319  10.636 0.3000000119
203909  -33.878  50.592  10.196 0.3000000119
203912  -39.760  50.501  9.464 0.6000000238
203913  -40.087  50.626  9.573 0.6999999881
203914  -40.857  50.930  9.817 0.6999999881
203915  -41.838  50.756  10.268 0.6999999881
203917  -43.436  51.063  10.341 0.6999999881
203918  -44.162  50.803  10.073 0.6999999881
203919  -44.678  50.474  9.652 0.6999999881
203927  -28.469  51.226  9.558 0.2000000030
203929  -29.697  51.057  9.375 0.3000000119
203931  -31.116  50.791  9.148 0.3000000119
203934  -33.984  50.682  9.321 0.4000000060
203935  -34.819  50.782  9.135 0.4000000060
203937  -36.022  50.677  8.731 0.4000000060
203938  -38.146  50.472  8.698 0.6000000238
203940  -39.486  50.720  9.121 0.6000000238
203941  -40.319  51.204  9.310 0.6999999881
203944  -45.011  50.663  9.046 0.6000000238
203955  -31.595  51.136  8.693 0.3000000119
203958  -34.272  50.960  8.548 0.4000000060
203959  -35.047  50.981  8.432 0.4000000060
203960  -35.693  50.908  8.410 0.4000000060
203963  -37.881  50.761  8.380 0.5000000000
203965  -39.462  51.378  8.558 0.6000000238
203967  -45.768  50.456  7.988 0.4000000060
203977  -35.362  51.149  8.065 0.4000000060
203978  -35.857  51.185  7.943 0.4000000060
203979  -36.542  51.215  7.863 0.4000000060
203980  -37.263  51.265  7.850 0.4000000060
203981  -37.857  51.422  7.867 0.4000000060
203983  -45.923  50.438  7.433 0.3000000119
203995  -41.681  50.735  6.863 0.2000000030
204000  -45.915  50.218  6.881 0.3000000119
204009  -40.382  50.548  6.117 0.1000000015
204010  -40.902  51.140  6.257 0.2000000030
204020  -40.289  51.006  5.429 0.1000000015
204030  -39.947  50.670  5.129 0.2000000030
204040  -40.617  51.177  4.209 0.2000000030
204042  -41.353  51.451  3.567 0.2000000030
204049  -41.789  51.223  3.226 0.1000000015
204051  -43.175  51.322  2.655 0.1000000015
204059  -41.869  51.390  0.757 0.1000000015
204063  -40.808  51.012  0.232 0.1000000015
204065  -42.245  51.064  0.548 0.1000000015
204082  -40.406  51.180  -1.122 0.1000000015
204093  -40.461  51.460  -1.564 0.1000000015
204569  -28.669  51.937  17.645 0.1000000015
204571  -29.605  51.960  17.680 0.1000000015
204576  -40.103  51.513  17.826 0.2000000030
204577  -40.576  51.597  18.007 0.2000000030
204578  -41.330  51.500  17.971 0.3000000119
204579  -41.766  51.054  17.908 0.3000000119
204582  -28.514  51.775  17.300 0.1000000015
204583  -29.373  51.621  17.261 0.1000000015
204584  -30.203  51.830  17.228 0.1000000015
204585  -30.782  51.999  17.057 0.1000000015
204587  -33.882  51.540  17.399 0.1000000015
204593  -38.681  51.585  17.218 0.2000000030
204594  -39.499  51.656  17.556 0.2000000030
204596  -41.885  51.354  17.520 0.4000000060
204598  -27.818  51.713  16.379 0.1000000015
204599  -28.376  51.391  16.589 0.1000000015
204600  -29.065  51.239  16.746 0.1000000015
204602  -30.945  51.563  16.360 0.1000000015
204604  -32.536  52.164  15.923 0.2000000030
204605  -34.766  51.025  16.716 0.2000000030
204606  -35.166  51.103  16.683 0.2000000030
204607  -35.868  51.162  16.687 0.2000000030
204608  -36.553  51.193  16.705 0.2000000030
204610  -42.097  51.240  16.990 0.4000000060
204612  -27.568  51.824  15.775 0.1000000015
204613  -31.134  51.195  15.692 0.2000000030
204615  -32.690  51.921  15.427 0.2000000030
204617  -40.256  51.565  15.584 0.3000000119
204618  -40.875  51.425  15.828 0.3000000119
204619  -41.422  51.339  16.123 0.3000000119
204622  -27.510  51.767  15.085 0.2000000030
204623  -31.901  51.172  14.824 0.2000000030
204624  -32.434  51.449  14.546 0.2000000030
204625  -33.106  51.948  14.709 0.2000000030
204626  -38.365  51.684  14.735 0.4000000060
204628  -39.617  51.620  15.319 0.4000000060
204635  -27.443  51.676  14.302 0.2000000030
204637  -33.314  51.841  13.911 0.2000000030
204638  -33.829  52.129  13.714 0.2000000030
204640  -37.765  51.663  14.307 0.4000000060
204651  -26.975  51.804  12.900 0.2000000030
204653  -32.698  51.223  13.193 0.2000000030
204654  -33.202  51.391  12.999 0.2000000030
204656  -34.620  52.080  12.912 0.3000000119
204657  -36.290  51.548  12.706 0.3000000119
204658  -36.745  51.580  13.301 0.4000000060
204662  -26.801  51.751  12.308 0.2000000030
204664  -33.927  51.353  12.332 0.3000000119
204665  -34.736  51.830  12.400 0.3000000119
204666  -35.464  51.706  12.004 0.3000000119
204669  -26.674  51.821  11.598 0.2000000030
204670  -34.175  51.191  11.830 0.3000000119
204671  -34.590  51.424  11.846 0.3000000119
204672  -35.021  51.636  11.851 0.3000000119
204687  -27.788  51.692  9.634 0.2000000030
204688  -28.205  51.419  9.574 0.2000000030
204693  -44.271  51.594  9.554 0.6999999881
204704  -28.070  52.045  9.362 0.2000000030
204705  -28.506  51.772  9.368 0.2000000030
204706  -29.337  51.795  9.254 0.2000000030
204708  -30.757  51.829  8.862 0.3000000119
204709  -39.988  51.505  8.863 0.6000000238
204710  -40.596  51.931  9.045 0.6999999881
204711  -41.038  51.938  9.319 0.6999999881
204713  -45.063  51.097  8.607 0.6000000238
204722  -31.339  51.805  8.569 0.3000000119
204723  -32.001  51.741  8.299 0.3000000119
204725  -33.832  51.424  7.991 0.4000000060
204727  -35.048  51.222  8.007 0.4000000060
204728  -38.419  51.457  8.025 0.4000000060
204729  -39.066  51.851  8.130 0.5000000000
204732  -44.798  51.851  8.360 0.5000000000
204733  -45.092  51.458  8.092 0.4000000060
204740  -33.191  52.276  7.704 0.3000000119
204741  -33.608  52.086  7.663 0.3000000119
204742  -34.340  51.869  7.574 0.3000000119
204744  -36.059  51.686  7.545 0.4000000060
204745  -36.795  51.757  7.502 0.4000000060
204748  -38.609  51.914  7.895 0.4000000060
204749  -45.286  51.419  7.284 0.3000000119
204762  -45.028  51.303  6.960 0.3000000119
204770  -41.208  51.688  6.186 0.2000000030
204771  -41.569  51.716  6.441 0.2000000030
204785  -41.058  52.184  4.280 0.2000000030
204788  -40.874  51.513  4.107 0.2000000030
204789  -41.145  51.900  3.907 0.2000000030
204793  -42.207  51.874  3.089 0.2000000030
204804  -39.844  51.934  0.800 0.2000000030
204809  -43.419  52.285  0.906 0.1000000015
204815  -40.891  51.334  0.650 0.1000000015
204816  -42.353  51.471  0.717 0.1000000015
204817  -42.743  51.550  0.722 0.1000000015
204819  -44.431  51.678  0.557 0.1000000015
204826  -40.016  51.497  -0.545 0.1000000015
204847  -41.009  51.848  -2.284 0.1000000015
205342  -29.525  52.679  18.432 0.1000000015
205343  -29.933  52.771  18.348 0.1000000015
205346  -33.494  52.678  18.512 0.1000000015
205347  -33.978  52.836  18.403 0.1000000015
205350  -27.874  52.634  17.780 0.1000000015
205351  -28.528  52.235  17.871 0.1000000015
205353  -30.193  52.472  17.897 0.1000000015
205360  -36.390  52.938  17.600 0.2000000030
205361  -39.239  52.724  17.869 0.2000000030
205362  -39.958  52.306  17.976 0.2000000030
205363  -40.805  52.288  18.081 0.3000000119
205364  -41.298  52.232  17.705 0.3000000119
205367  -27.718  52.289  17.072 0.1000000015
205370  -31.079  52.471  17.335 0.1000000015
205372  -32.428  52.849  16.901 0.1000000015
205373  -34.393  51.847  17.434 0.1000000015
205374  -34.917  52.024  17.425 0.1000000015
205375  -35.711  52.245  17.341 0.1000000015
205376  -36.605  52.503  17.309 0.2000000030
205377  -37.546  52.347  17.243 0.2000000030
205378  -38.326  52.271  17.306 0.2000000030
205381  -41.626  52.047  17.163 0.3000000119
205382  -41.887  51.590  17.132 0.4000000060
205386  -31.109  52.045  16.872 0.1000000015
205389  -33.179  52.788  16.141 0.1000000015
205390  -41.568  51.946  16.428 0.4000000060
205394  -32.808  52.279  15.833 0.2000000030
205396  -33.964  52.822  15.334 0.2000000030
205397  -39.940  52.413  15.514 0.3000000119
205398  -40.661  52.139  15.808 0.3000000119
205403  -33.503  52.298  14.801 0.2000000030
205404  -34.106  52.702  14.796 0.2000000030
205405  -34.462  52.865  14.498 0.2000000030
205406  -38.087  52.476  14.488 0.3000000119
205407  -38.751  52.374  14.922 0.3000000119
205415  -33.417  52.131  14.393 0.2000000030
205416  -33.825  52.310  14.194 0.2000000030
205418  -37.008  52.259  13.524 0.4000000060
205431  -26.802  52.452  12.648 0.2000000030
205432  -27.104  52.464  13.269 0.2000000030
205433  -34.168  52.318  13.677 0.2000000030
205434  -34.723  52.385  13.321 0.2000000030
205435  -35.250  52.422  12.941 0.3000000119
205437  -36.520  52.240  13.052 0.3000000119
205440  -26.549  52.424  12.021 0.2000000030
205441  -34.934  52.168  12.805 0.3000000119
205442  -35.302  52.121  12.474 0.3000000119
205443  -35.636  52.008  12.312 0.3000000119
205446  -26.147  53.017  11.111 0.2000000030
205458  -26.235  52.895  10.840 0.2000000030
205459  -26.502  52.558  10.485 0.2000000030
205472  -26.928  52.622  9.854 0.1000000015
205473  -27.343  52.212  9.657 0.2000000030
205474  -41.537  52.329  9.525 0.6999999881
205475  -41.964  52.672  9.706 0.6999999881
205476  -42.872  52.632  10.117 0.6999999881
205477  -43.705  52.526  9.947 0.6999999881
205486  -27.343  52.666  9.453 0.2000000030
205488  -28.292  52.465  9.222 0.2000000030
205490  -29.780  52.507  9.082 0.2000000030
205492  -40.717  52.324  8.954 0.6999999881
205493  -41.157  52.527  9.199 0.6999999881
205494  -41.623  53.195  9.378 0.6999999881
205495  -43.951  52.527  9.455 0.6999999881
205502  -31.113  52.447  8.603 0.3000000119
205504  -32.263  52.490  7.994 0.3000000119
205506  -39.449  52.477  8.141 0.6000000238
205507  -40.380  52.534  8.614 0.6999999881
205508  -40.841  53.104  8.837 0.6999999881
205516  -33.418  52.677  7.539 0.3000000119
205518  -34.866  52.476  7.215 0.4000000060
205520  -36.342  52.247  7.229 0.4000000060
205521  -37.055  52.453  7.269 0.4000000060
205522  -37.846  52.510  7.500 0.4000000060
205523  -38.745  52.483  7.804 0.5000000000
205524  -39.244  52.994  7.927 0.5000000000
205525  -44.648  52.524  7.696 0.3000000119
205530  -35.442  52.758  7.029 0.4000000060
205531  -35.976  52.725  7.030 0.4000000060
205533  -36.929  52.949  7.127 0.4000000060
205534  -42.062  52.023  6.544 0.2000000030
205541  -40.801  51.914  5.670 0.2000000030
205544  -42.314  52.774  6.319 0.2000000030
205547  -40.774  51.990  5.431 0.2000000030
205550  -40.810  52.088  4.979 0.2000000030
205553  -41.278  52.542  4.115 0.2000000030
205557  -42.513  52.494  3.010 0.2000000030
205561  -39.707  52.815  1.599 0.2000000030
205563  -40.634  52.748  1.655 0.2000000030
205565  -44.535  52.516  2.209 0.1000000015
205570  -39.450  52.627  1.268 0.2000000030
205571  -40.263  52.333  1.335 0.2000000030
205573  -41.855  52.439  1.243 0.2000000030
205575  -43.366  52.746  1.038 0.1000000015
205576  -43.910  52.891  0.903 0.1000000015
205580  -38.935  52.708  0.790 0.2000000030
205581  -39.274  52.321  0.457 0.1000000015
205583  -44.271  52.505  0.723 0.1000000015
205612  -40.685  52.353  -2.183 0.1000000015
206123  -28.819  53.200  23.554 0.1000000015
206128  -27.632  53.304  23.146 0.1000000015
206129  -28.304  53.298  23.066 0.1000000015
206130  -28.826  53.517  22.989 0.1000000015
206157  -28.440  53.544  19.109 0.1000000015
206158  -28.688  53.469  19.150 0.1000000015
206166  -28.236  53.360  18.843 0.1000000015
206168  -29.817  53.074  18.669 0.1000000015
206174  -35.145  53.530  18.513 0.1000000015
206175  -38.930  53.746  18.379 0.1000000015
206179  -27.229  53.678  18.061 0.1000000015
206180  -27.542  53.407  18.264 0.1000000015
206181  -28.170  52.831  18.270 0.1000000015
206182  -30.204  52.934  18.341 0.1000000015
206183  -30.760  53.107  18.181 0.1000000015
206184  -31.385  53.257  17.967 0.1000000015
206185  -31.952  53.411  17.798 0.1000000015
206186  -34.300  52.991  18.387 0.1000000015
206187  -34.821  53.062  18.202 0.1000000015
206188  -35.607  53.319  18.121 0.1000000015
206189  -36.320  53.289  17.915 0.1000000015
206190  -36.983  53.414  17.934 0.2000000030
206192  -38.697  53.452  18.153 0.2000000030
206199  -27.391  53.104  17.485 0.1000000015
206200  -31.125  52.909  17.766 0.1000000015
206202  -32.394  53.215  17.304 0.1000000015
206203  -32.928  53.311  17.031 0.1000000015
206205  -37.271  52.981  17.557 0.2000000030
206207  -38.675  52.737  17.657 0.1000000015
206208  -40.771  53.305  17.496 0.3000000119
206212  -27.130  53.627  17.236 0.1000000015
206213  -27.250  53.249  16.681 0.1000000015
206215  -33.212  53.149  16.538 0.1000000015
206217  -34.354  53.447  16.092 0.1000000015
206218  -40.885  53.314  16.811 0.3000000119
206219  -41.238  52.652  16.606 0.3000000119
206223  -33.514  52.965  16.052 0.1000000015
206224  -34.004  53.076  15.722 0.2000000030
206225  -34.717  53.423  15.533 0.2000000030
206226  -35.203  53.632  15.191 0.2000000030
206228  -40.543  53.091  15.950 0.3000000119
206232  -27.608  53.327  15.041 0.1000000015
206233  -34.331  53.035  15.203 0.2000000030
206235  -35.594  53.730  14.717 0.2000000030
206236  -38.092  53.083  14.402 0.3000000119
206237  -38.511  53.103  14.727 0.3000000119
206238  -39.261  53.062  15.251 0.3000000119
206249  -27.647  53.253  14.272 0.2000000030
206250  -35.058  52.897  13.701 0.2000000030
206252  -36.659  53.326  13.577 0.3000000119
206253  -37.262  52.974  13.710 0.3000000119
206267  -35.149  52.631  13.289 0.3000000119
206269  -36.209  52.892  13.166 0.3000000119
206270  -36.791  52.776  13.294 0.3000000119
206272  -26.184  53.339  12.052 0.2000000030
206280  -26.099  53.277  11.510 0.2000000030
206281  -26.295  52.921  11.864 0.2000000030
206295  -26.076  53.410  10.810 0.2000000030
206306  -26.058  53.864  10.340 0.2000000030
206307  -26.440  53.324  10.075 0.2000000030
206310  -43.451  53.367  9.953 0.6999999881
206318  -27.811  53.069  9.177 0.1000000015
206319  -28.656  53.162  9.049 0.2000000030
206321  -30.273  53.253  9.002 0.1000000015
206322  -31.124  53.259  8.703 0.2000000030
206324  -41.248  53.533  9.077 0.6999999881
206325  -41.665  53.625  9.328 0.6999999881
206326  -43.876  53.124  9.080 0.5000000000
206327  -44.206  52.718  8.697 0.5000000000
206330  -31.419  52.848  8.456 0.2000000030
206331  -31.859  53.241  8.291 0.2000000030
206332  -32.557  53.222  7.875 0.2000000030
206334  -40.497  53.421  8.559 0.6999999881
206336  -43.927  53.489  8.469 0.4000000060
206337  -44.259  53.135  8.173 0.4000000060
206340  -33.152  53.251  7.633 0.2000000030
206343  -35.117  53.231  7.011 0.4000000060
206346  -38.890  53.310  7.765 0.5000000000
206347  -39.300  53.392  7.924 0.6000000238
206351  -35.695  53.218  6.966 0.4000000060
206352  -36.238  53.206  6.993 0.4000000060
206353  -36.694  53.197  7.058 0.4000000060
206354  -36.980  53.188  7.134 0.4000000060
206360  -41.392  52.779  5.655 0.2000000030
206363  -43.242  53.317  6.387 0.3000000119
206364  -43.640  53.288  6.526 0.3000000119
206368  -41.580  53.228  5.484 0.2000000030
206372  -41.803  53.544  4.121 0.3000000119
206376  -41.998  53.241  3.661 0.2000000030
206379  -42.282  52.883  3.238 0.2000000030
206380  -42.710  53.280  3.069 0.2000000030
206381  -43.491  53.250  2.632 0.2000000030
206384  -39.009  53.413  1.770 0.2000000030
206385  -39.677  53.144  1.810 0.2000000030
206395  -38.826  53.053  1.198 0.1000000015
206398  -42.154  53.273  1.458 0.2000000030
206408  -38.498  53.124  0.508 0.1000000015
206415  -38.090  53.805  -0.115 0.1000000015
206901  -30.232  53.573  25.591 0.1000000015
206922  -30.059  53.729  24.911 0.1000000015
206938  -29.404  53.486  23.918 0.1000000015
206939  -30.039  53.996  24.251 0.1000000015
206940  -30.326  54.100  24.704 0.1000000015
206952  -29.693  54.002  23.507 0.1000000015
206963  -27.930  53.608  22.561 0.1000000015
206965  -29.106  54.006  22.690 0.1000000015
206966  -29.444  54.050  23.068 0.1000000015
206975  -27.719  54.068  22.196 0.1000000015
206977  -28.738  53.991  22.355 0.1000000015
207000  -33.077  54.359  20.239 0.1000000015
207004  -27.823  54.141  19.341 0.1000000015
207006  -29.305  53.719  19.321 0.1000000015
207008  -30.625  54.169  19.278 0.1000000015
207013  -35.609  54.486  19.169 0.1000000015
207016  -27.135  54.241  18.740 0.1000000015
207017  -27.643  53.819  18.839 0.1000000015
207018  -28.017  53.771  19.100 0.1000000015
207019  -29.566  53.343  18.981 0.1000000015
207020  -30.020  53.525  18.963 0.1000000015
207021  -30.918  53.824  18.791 0.1000000015
207022  -31.934  54.203  18.570 0.1000000015
207023  -32.444  54.390  18.465 0.1000000015
207024  -34.425  53.617  18.908 0.1000000015
207025  -34.891  53.832  18.876 0.1000000015
207027  -36.873  54.293  18.696 0.2000000030
207030  -38.947  54.066  18.551 0.2000000030
207031  -39.516  54.032  18.354 0.1000000015
207034  -27.049  54.043  18.119 0.1000000015
207035  -27.320  53.860  18.502 0.1000000015
207036  -31.188  53.450  18.305 0.1000000015
207038  -32.663  53.953  17.925 0.1000000015
207039  -33.721  54.321  17.657 0.1000000015
207042  -36.559  53.793  18.275 0.2000000030
207043  -37.319  53.882  18.321 0.2000000030
207044  -38.064  53.902  18.399 0.2000000030
207045  -38.530  53.934  18.472 0.1000000015
207046  -40.034  53.842  18.123 0.2000000030
207049  -26.987  54.138  17.429 0.1000000015
207050  -32.863  53.530  17.351 0.1000000015
207051  -33.436  53.707  17.090 0.1000000015
207052  -34.412  54.234  17.070 0.1000000015
207058  -33.632  53.461  16.610 0.1000000015
207059  -34.105  53.685  16.561 0.1000000015
207060  -34.995  54.022  16.207 0.1000000015
207062  -40.110  54.310  16.051 0.3000000119
207063  -40.502  53.840  16.417 0.3000000119
207066  -27.848  54.242  15.448 0.1000000015
207067  -28.202  54.749  15.283 0.1000000015
207068  -35.147  53.791  15.601 0.2000000030
207070  -36.401  54.366  15.068 0.2000000030
207071  -36.799  54.400  14.783 0.2000000030
207072  -39.164  54.365  15.420 0.3000000119
207073  -39.691  53.778  15.524 0.3000000119
207079  -28.172  54.576  14.979 0.1000000015
207080  -36.047  54.052  14.839 0.2000000030
207081  -36.502  54.131  14.589 0.2000000030
207082  -37.128  54.159  14.457 0.2000000030
207085  -39.265  53.574  15.283 0.3000000119
207103  -36.564  53.799  14.095 0.2000000030
207104  -37.221  53.624  13.935 0.2000000030
207105  -37.563  53.343  14.002 0.3000000119
207119  -26.466  53.930  12.734 0.2000000030
207120  -27.087  53.953  13.336 0.2000000030
207128  -26.269  53.569  12.325 0.2000000030
207144  -25.885  53.868  11.336 0.2000000030
207165  -25.943  54.398  10.254 0.1000000015
207167  -42.088  54.185  9.642 0.6999999881
207168  -42.498  54.173  9.854 0.6999999881
207172  -26.729  53.940  9.486 0.1000000015
207174  -28.281  53.874  8.972 0.1000000015
207175  -29.125  53.934  8.954 0.1000000015
207176  -29.954  54.002  9.001 0.1000000015
207178  -31.482  54.074  8.810 0.1000000015
207180  -41.685  54.151  9.341 0.6999999881
207184  -31.958  54.016  8.494 0.2000000030
207186  -33.041  54.258  7.930 0.2000000030
207187  -39.731  53.953  8.170 0.6000000238
207189  -40.828  54.052  8.760 0.6999999881
207190  -43.728  53.988  8.536 0.5000000000
207195  -32.920  53.739  7.809 0.2000000030
207196  -33.494  53.961  7.628 0.2000000030
207197  -34.156  53.939  7.395 0.3000000119
207198  -34.936  53.988  7.159 0.3000000119
207199  -35.699  54.188  7.107 0.4000000060
207201  -37.051  53.911  7.273 0.4000000060
207202  -37.813  53.855  7.455 0.4000000060
207203  -38.529  53.865  7.676 0.4000000060
207204  -39.250  53.919  7.955 0.6000000238
207205  -43.825  54.136  7.890 0.4000000060
207210  -35.999  53.690  6.979 0.4000000060
207211  -36.549  53.610  7.051 0.4000000060
207212  -36.929  53.432  7.125 0.4000000060
207216  -41.984  53.565  5.644 0.2000000030
207217  -42.314  53.756  5.759 0.3000000119
207219  -43.701  53.782  6.411 0.4000000060
207222  -41.535  53.448  5.088 0.2000000030
207227  -41.511  53.509  4.853 0.2000000030
207232  -42.369  53.982  3.669 0.3000000119
207235  -38.875  54.310  2.489 0.2000000030
207244  -37.770  54.443  1.934 0.1000000015
207245  -38.568  54.128  2.180 0.2000000030
207247  -40.217  53.794  2.257 0.2000000030
207250  -42.337  54.424  1.748 0.3000000119
207253  -44.915  53.974  1.795 0.3000000119
207256  -37.435  54.505  1.636 0.1000000015
207257  -37.871  54.013  1.454 0.1000000015
207259  -42.167  53.904  1.653 0.3000000119
207269  -37.721  53.999  0.689 0.1000000015
207277  -37.764  54.250  -0.033 0.1000000015
207781  -30.301  54.322  24.177 0.1000000015
207792  -30.589  54.955  23.571 0.1000000015
207802  -26.746  54.588  22.872 0.1000000015
207803  -29.275  54.316  22.519 0.1000000015
207805  -30.476  55.275  22.980 0.1000000015
207815  -27.560  54.575  21.924 0.1000000015
207816  -28.105  54.407  21.909 0.1000000015
207818  -29.612  55.006  22.141 0.1000000015
207833  -27.879  54.765  21.666 0.1000000015
207835  -28.794  54.984  21.477 0.1000000015
207848  -27.704  55.010  19.960 0.1000000015
207850  -28.484  54.768  20.055 0.1000000015
207851  -29.069  54.762  20.056 0.1000000015
207854  -33.715  55.051  20.333 0.1000000015
207858  -27.143  55.015  19.489 0.1000000015
207860  -28.149  54.448  19.703 0.1000000015
207862  -29.638  54.486  19.747 0.1000000015
207864  -31.139  54.901  19.578 0.1000000015
207867  -33.961  54.612  19.917 0.1000000015
207868  -34.782  54.841  19.742 0.1000000015
207869  -35.532  54.861  19.529 0.1000000015
207870  -36.216  55.108  19.569 0.1000000015
207872  -37.682  55.272  19.500 0.2000000030
207876  -27.376  54.338  19.192 0.1000000015
207877  -30.949  54.365  19.310 0.1000000015
207880  -33.066  55.070  18.671 0.1000000015
207881  -33.668  55.234  18.483 0.1000000015
207883  -36.525  54.704  19.137 0.1000000015
207884  -37.323  54.795  19.132 0.2000000030
207885  -38.163  54.914  19.144 0.2000000030
207887  -39.363  54.714  18.510 0.1000000015
207891  -32.786  54.578  18.442 0.1000000015
207893  -34.171  54.979  17.961 0.1000000015
207894  -34.893  55.137  17.740 0.1000000015
207895  -35.510  55.368  17.544 0.1000000015
207896  -39.791  54.544  17.948 0.2000000030
207897  -40.112  54.119  17.835 0.2000000030
207900  -27.083  55.185  17.060 0.1000000015
207901  -34.576  54.722  17.486 0.1000000015
207902  -35.188  54.758  17.083 0.1000000015
207903  -36.104  55.411  17.004 0.1000000015
207904  -36.626  55.603  16.767 0.1000000015
207905  -39.873  54.848  17.189 0.2000000030
207906  -40.183  54.276  17.451 0.2000000030
207910  -27.492  54.981  16.469 0.1000000015
207912  -35.208  54.448  16.586 0.1000000015
207913  -35.719  54.659  16.314 0.1000000015
207914  -36.739  55.271  16.198 0.1000000015
207916  -38.140  55.373  15.809 0.2000000030
207917  -39.341  55.053  16.013 0.2000000030
207918  -39.736  54.879  16.400 0.2000000030
207919  -40.231  54.393  16.769 0.2000000030
207922  -27.738  54.618  15.950 0.1000000015
207924  -28.599  55.500  15.520 0.1000000015
207925  -35.792  54.416  15.850 0.1000000015
207926  -36.238  54.620  15.658 0.2000000030
207928  -38.242  55.046  15.472 0.2000000030
207929  -38.951  54.920  15.653 0.3000000119
207933  -28.267  54.722  14.594 0.1000000015
207935  -28.688  55.396  15.280 0.1000000015
207936  -37.619  54.350  14.623 0.2000000030
207937  -38.133  54.461  14.882 0.2000000030
207938  -38.700  54.571  15.234 0.3000000119
207952  -28.414  55.127  14.424 0.1000000015
207964  -26.239  54.761  12.845 0.2000000030
207980  -25.878  54.757  12.274 0.2000000030
207994  -25.459  55.084  11.141 0.1000000015
207995  -25.619  54.635  11.472 0.2000000030
207999  -25.457  55.309  10.931 0.2000000030
208000  -25.645  54.933  10.625 0.2000000030
208004  -26.098  54.956  9.700 0.1000000015
208005  -26.492  54.436  9.536 0.1000000015
208006  -42.143  54.788  9.687 0.6999999881
208008  -43.343  54.796  9.513 0.6000000238
208011  -26.542  55.275  9.225 0.1000000015
208013  -27.924  54.618  8.889 0.1000000015
208018  -32.103  54.750  8.808 0.1000000015
208021  -41.236  54.669  9.091 0.6999999881
208022  -41.687  54.676  9.380 0.6999999881
208026  -32.326  54.369  8.453 0.2000000030
208027  -32.794  54.750  8.367 0.2000000030
208029  -34.211  55.122  7.866 0.2000000030
208030  -38.445  54.940  7.955 0.5000000000
208031  -39.065  54.880  8.170 0.6000000238
208033  -40.419  54.564  8.547 0.6000000238
208034  -40.808  54.589  8.787 0.6999999881
208038  -33.932  54.366  7.597 0.2000000030
208041  -36.122  54.728  7.353 0.4000000060
208042  -36.828  54.607  7.448 0.4000000060
208044  -38.168  54.425  7.687 0.4000000060
208046  -39.200  54.452  8.063 0.6000000238
208048  -44.089  54.088  7.099 0.4000000060
208053  -44.025  54.195  6.714 0.4000000060
208059  -43.850  54.273  6.324 0.4000000060
208064  -43.032  54.682  5.590 0.4000000060
208067  -42.242  54.326  4.265 0.3000000119
208078  -38.218  54.896  2.842 0.2000000030
208079  -38.866  54.616  2.739 0.2000000030
208080  -39.643  54.618  2.818 0.2000000030
208081  -40.493  54.571  2.628 0.3000000119
208083  -41.812  55.287  2.605 0.3000000119
208084  -43.000  54.467  3.180 0.2000000030
208089  -37.363  54.896  2.020 0.1000000015
208090  -37.980  54.678  2.369 0.2000000030
208092  -40.708  54.145  2.304 0.3000000119
208096  -43.597  55.315  1.603 0.3000000119
208103  -43.290  54.591  1.309 0.3000000119
208104  -43.861  54.894  1.239 0.3000000119
208105  -44.641  54.663  0.978 0.3000000119
208106  -44.940  54.605  1.301 0.3000000119
208111  -37.075  54.986  0.689 0.1000000015
208116  -37.308  54.960  0.058 0.1000000015
208117  -37.720  54.976  -0.455 0.1000000015
208614  -31.111  55.754  23.392 0.1000000015
208625  -30.130  55.377  22.443 0.1000000015
208635  -27.630  54.909  21.627 0.1000000015
208636  -29.270  55.239  21.656 0.1000000015
208653  -27.336  55.554  20.886 0.1000000015
208654  -27.828  55.066  21.156 0.1000000015
208657  -29.789  55.575  21.118 0.1000000015
208658  -30.416  55.976  21.403 0.1000000015
208675  -27.654  55.214  20.266 0.1000000015
208676  -28.185  55.017  20.495 0.1000000015
208677  -28.805  55.041  20.477 0.1000000015
208680  -31.303  56.127  20.368 0.1000000015
208684  -35.871  56.145  20.166 0.1000000015
208685  -36.311  56.314  20.173 0.1000000015
208692  -27.336  55.284  19.915 0.1000000015
208693  -30.067  54.862  19.899 0.1000000015
208694  -30.572  55.178  19.992 0.1000000015
208696  -32.533  55.740  19.430 0.1000000015
208697  -33.116  56.106  19.419 0.1000000015
208698  -35.261  55.229  19.814 0.1000000015
208701  -37.455  55.853  19.810 0.1000000015
208703  -38.728  56.251  19.045 0.2000000030
208706  -26.720  55.503  18.820 0.1000000015
208707  -32.832  55.361  18.985 0.1000000015
208708  -33.382  55.748  19.002 0.1000000015
208710  -34.946  56.081  18.562 0.1000000015
208716  -26.721  55.574  18.056 0.1000000015
208717  -34.651  55.409  18.090 0.1000000015
208719  -36.104  55.907  17.657 0.1000000015
208722  -39.565  55.332  17.712 0.1000000015
208724  -26.949  55.682  17.397 0.1000000015
208725  -27.361  55.709  16.919 0.1000000015
208727  -36.683  55.976  17.199 0.1000000015
208729  -38.075  56.097  16.707 0.1000000015
208734  -27.757  55.795  16.496 0.1000000015
208735  -28.274  55.857  16.119 0.1000000015
208736  -28.769  55.996  15.872 0.1000000015
208738  -37.509  55.744  16.383 0.1000000015
208739  -38.218  55.631  16.175 0.2000000030
208740  -38.915  55.389  16.121 0.2000000030
208743  -28.558  55.654  15.724 0.1000000015
208744  -28.980  55.788  15.413 0.1000000015
208745  -38.438  55.365  15.838 0.2000000030
208746  -38.647  55.210  15.743 0.2000000030
208748  -28.581  55.400  14.539 0.1000000015
208749  -28.812  55.745  14.738 0.1000000015
208758  -26.864  55.935  13.642 0.2000000030
208760  -28.245  55.739  14.299 0.1000000015
208761  -28.611  56.098  14.476 0.1000000015
208770  -25.978  55.471  12.650 0.2000000030
208772  -26.980  55.105  13.531 0.2000000030
208781  -25.415  55.829  11.772 0.1000000015
208782  -25.535  55.456  11.962 0.1000000015
208784  -25.384  55.612  11.340 0.1000000015
208785  -25.464  55.179  11.483 0.1000000015
208787  -25.458  55.658  10.676 0.1000000015
208788  -25.692  55.437  10.185 0.1000000015
208792  -25.843  55.797  9.776 0.1000000015
208794  -31.672  55.949  9.401 0.1000000015
208795  -32.134  55.853  9.421 0.2000000030
208796  -41.556  56.108  9.661 0.6000000238
208799  -43.212  55.495  9.688 0.6999999881
208806  -29.260  55.384  8.803 0.1000000015
208807  -30.160  55.750  8.984 0.1000000015
208808  -31.116  55.659  9.270 0.1000000015
208809  -31.819  55.402  9.253 0.1000000015
208810  -32.545  55.546  9.086 0.2000000030
208812  -33.758  55.870  8.654 0.2000000030
208814  -40.374  55.694  8.889 0.6999999881
208816  -41.668  55.097  9.409 0.6999999881
208821  -27.562  55.964  8.433 0.1000000015
208823  -28.972  55.743  8.327 0.1000000015
208825  -30.124  56.075  8.504 0.1000000015
208826  -32.902  55.312  8.696 0.2000000030
208827  -33.406  55.364  8.434 0.2000000030
208828  -34.177  55.583  8.232 0.2000000030
208829  -34.949  55.760  8.105 0.2000000030
208830  -35.664  55.827  7.995 0.2000000030
208832  -37.163  55.714  7.975 0.3000000119
208835  -39.542  55.481  8.497 0.4000000060
208841  -35.139  55.314  7.703 0.3000000119
208842  -35.879  55.316  7.609 0.3000000119
208843  -36.620  55.236  7.643 0.3000000119
208844  -37.333  55.093  7.711 0.4000000060
208845  -37.891  54.903  7.766 0.4000000060
208861  -37.351  56.151  4.244 0.2000000030
208862  -37.564  56.016  4.272 0.3000000119
208864  -38.779  55.742  4.243 0.3000000119
208866  -42.878  55.142  4.945 0.4000000060
208867  -43.137  55.662  4.778 0.4000000060
208871  -37.704  55.747  3.831 0.2000000030
208873  -39.074  55.484  3.724 0.3000000119
208875  -40.530  55.579  3.526 0.3000000119
208876  -41.146  55.750  3.456 0.3000000119
208881  -36.674  56.085  3.062 0.2000000030
208889  -42.395  55.877  2.916 0.3000000119
208894  -36.606  56.036  2.749 0.2000000030
208898  -43.530  55.489  2.117 0.3000000119
208899  -44.249  55.290  2.032 0.3000000119
208900  -44.763  55.098  1.757 0.3000000119
208906  -36.842  55.486  1.745 0.1000000015
208909  -44.916  54.980  1.376 0.3000000119
208915  -36.766  55.673  1.023 0.1000000015
209375  -32.338  56.343  25.406 0.1000000015
209395  -31.399  56.145  23.357 0.1000000015
209397  -32.354  57.120  24.078 0.1000000015
209408  -31.270  56.215  23.034 0.1000000015
209419  -31.006  56.368  22.398 0.1000000015
209434  -30.884  56.427  21.732 0.1000000015
209450  -26.892  56.070  20.684 0.1000000015
209451  -30.927  56.356  21.150 0.1000000015
209452  -31.455  56.551  20.728 0.1000000015
209453  -32.029  56.725  20.429 0.1000000015
209454  -32.616  56.889  20.319 0.1000000015
209459  -36.838  56.980  20.369 0.1000000015
209460  -37.366  57.049  20.235 0.1000000015
209469  -26.784  56.147  19.969 0.1000000015
209470  -31.683  56.307  20.279 0.1000000015
209471  -32.225  56.344  20.023 0.1000000015
209474  -34.400  57.012  19.424 0.1000000015
209475  -36.613  56.474  20.203 0.1000000015
209476  -37.136  56.459  20.114 0.1000000015
209483  -34.043  56.383  19.147 0.1000000015
209484  -34.887  56.621  18.919 0.1000000015
209485  -35.579  56.778  18.727 0.1000000015
209490  -26.644  56.299  18.414 0.1000000015
209491  -35.290  56.299  18.540 0.1000000015
209492  -35.809  56.372  18.266 0.1000000015
209493  -36.532  56.645  17.993 0.1000000015
209494  -37.118  56.833  17.785 0.1000000015
209495  -37.712  56.982  17.611 0.1000000015
209498  -26.870  56.318  17.734 0.1000000015
209499  -27.269  56.384  17.234 0.1000000015
209500  -27.711  56.708  16.988 0.1000000015
209501  -36.835  56.434  17.592 0.1000000015
209502  -37.283  56.504  17.363 0.1000000015
209503  -37.951  56.529  17.218 0.1000000015
209504  -38.534  56.317  17.150 0.1000000015
209508  -28.079  56.468  16.579 0.1000000015
209510  -29.316  56.779  16.125 0.1000000015
209513  -29.696  56.774  15.605 0.1000000015
209515  -28.780  56.860  14.697 0.1000000015
209520  -27.071  56.267  13.826 0.1000000015
209523  -28.786  56.264  14.619 0.1000000015
209526  -26.630  56.413  13.414 0.2000000030
209529  -25.719  56.258  12.332 0.1000000015
209531  -25.420  56.227  11.695 0.1000000015
209532  -25.569  56.753  11.896 0.1000000015
209536  -42.300  56.737  10.428 0.6000000238
209538  -25.431  56.254  10.469 0.1000000015
209539  -25.619  56.356  10.004 0.1000000015
209540  -31.218  56.123  9.249 0.1000000015
209541  -31.530  56.377  9.274 0.1000000015
209543  -32.800  56.584  9.640 0.2000000030
209546  -41.067  56.455  9.604 0.6999999881
209547  -41.886  56.603  10.120 0.6000000238
209548  -42.562  56.273  10.155 0.6000000238
209549  -43.049  56.120  9.853 0.6000000238
209551  -25.967  56.459  9.378 0.1000000015
209552  -26.514  56.269  8.932 0.1000000015
209554  -31.050  56.391  8.874 0.1000000015
209555  -31.547  56.739  8.973 0.1000000015
209556  -32.525  56.093  9.443 0.2000000030
209557  -33.053  56.174  9.306 0.2000000030
209558  -33.830  56.412  9.131 0.2000000030
209560  -35.184  56.638  8.852 0.2000000030
209561  -35.834  56.663  8.755 0.3000000119
209562  -37.980  56.610  8.730 0.3000000119
209565  -40.296  56.461  9.257 0.6000000238
209566  -40.749  56.075  9.217 0.6999999881
209567  -42.991  56.432  8.712 0.5000000000
209568  -43.101  56.194  9.186 0.5000000000
209571  -26.333  56.777  8.799 0.1000000015
209572  -27.012  56.634  8.229 0.1000000015
209573  -27.915  56.251  7.836 0.1000000015
209574  -28.711  56.035  7.763 0.1000000015
209575  -29.483  56.013  7.821 0.1000000015
209576  -30.255  56.136  7.974 0.1000000015
209577  -31.144  56.412  8.014 0.1000000015
209578  -31.664  56.624  7.692 0.1000000015
209579  -34.189  56.143  8.666 0.2000000030
209580  -34.733  56.178  8.506 0.2000000030
209585  -38.532  55.963  8.467 0.4000000060
209586  -39.032  55.798  8.493 0.4000000060
209587  -42.986  56.365  8.480 0.5000000000
209588  -43.048  56.102  8.477 0.4000000060
209591  -27.147  57.119  7.667 0.1000000015
209596  -30.793  56.295  7.299 0.1000000015
209601  -27.905  57.225  6.720 0.1000000015
209602  -28.293  56.904  6.429 0.1000000015
209603  -28.994  56.395  6.433 0.1000000015
209604  -29.793  56.243  6.517 0.1000000015
209605  -30.547  56.305  6.628 0.1000000015
209606  -31.236  56.478  6.682 0.1000000015
209607  -39.546  56.756  6.241 0.3000000119
209608  -39.792  56.788  6.224 0.3000000119
209609  -43.401  55.895  6.982 0.3000000119
209614  -28.496  57.049  6.055 0.1000000015
209615  -28.873  56.880  5.797 0.1000000015
209617  -30.382  56.460  5.919 0.1000000015
209618  -30.972  56.508  6.188 0.1000000015
209619  -37.873  56.601  5.604 0.3000000119
209620  -38.412  56.506  5.735 0.3000000119
209624  -41.124  56.796  5.523 0.3000000119
209629  -29.430  56.908  5.422 0.1000000015
209630  -29.993  56.700  5.466 0.1000000015
209633  -38.832  56.259  5.260 0.3000000119
209636  -41.043  56.619  5.179 0.3000000119
209641  -36.718  56.612  4.178 0.2000000030
209642  -37.192  56.352  4.468 0.3000000119
209643  -37.826  56.133  4.713 0.3000000119
209645  -39.207  55.944  4.707 0.3000000119
209648  -41.655  56.524  4.257 0.3000000119
209652  -36.542  56.629  3.736 0.2000000030
209653  -36.919  56.302  3.857 0.2000000030
209654  -40.336  55.753  3.906 0.3000000119
209657  -42.273  56.532  3.680 0.3000000119
209658  -43.414  56.457  3.828 0.3000000119
209662  -36.720  56.288  3.508 0.2000000030
209664  -42.494  56.361  3.396 0.3000000119
209670  -36.317  56.564  2.435 0.2000000030
209675  -36.359  56.544  1.755 0.1000000015
209681  -36.801  56.382  0.544 0.1000000015
210098  -32.817  57.527  24.478 0.1000000015
210108  -31.945  57.244  23.013 0.1000000015
210109  -32.464  57.653  23.558 0.1000000015
210110  -34.500  57.526  23.885 0.1000000015
210119  -31.850  57.346  22.357 0.1000000015
210130  -31.904  57.299  21.678 0.1000000015
210134  -34.707  57.895  22.048 0.1000000015
210149  -32.695  57.714  21.320 0.1000000015
210166  -32.416  57.163  20.727 0.1000000015
210168  -33.999  58.032  20.476 0.1000000015
210169  -35.168  57.162  20.860 0.1000000015
210170  -35.770  57.610  20.900 0.1000000015
210171  -36.494  57.563  20.599 0.1000000015
210173  -37.717  57.567  20.148 0.1000000015
210183  -33.589  57.181  20.006 0.1000000015
210184  -34.175  57.631  20.020 0.1000000015
210185  -35.176  57.562  19.493 0.1000000015
210186  -35.744  57.887  19.349 0.1000000015
210187  -38.193  57.416  19.599 0.1000000015
210188  -38.539  57.323  19.074 0.2000000030
210195  -26.704  57.049  18.818 0.1000000015
210198  -36.755  57.426  18.453 0.1000000015
210199  -37.218  57.645  18.328 0.1000000015
210200  -38.356  57.632  18.273 0.1000000015
210201  -38.587  57.354  18.512 0.1000000015
210206  -27.333  57.517  17.759 0.1000000015
210207  -36.936  57.079  18.059 0.1000000015
210209  -37.979  57.385  17.987 0.1000000015
210210  -38.429  57.342  18.096 0.1000000015
210214  -27.487  57.198  17.403 0.1000000015
210215  -28.201  57.218  16.962 0.1000000015
210216  -28.666  57.615  16.948 0.1000000015
210219  -28.469  56.869  16.577 0.1000000015
210222  -30.209  57.807  16.308 0.1000000015
210225  -30.280  57.205  15.530 0.1000000015
210226  -30.616  57.669  15.978 0.1000000015
210228  -28.120  57.567  14.606 0.1000000015
210230  -29.434  57.510  14.971 0.1000000015
210231  -30.038  57.607  15.141 0.1000000015
210232  -30.395  57.769  15.424 0.1000000015
210236  -27.787  57.226  14.310 0.1000000015
210237  -28.240  57.198  14.565 0.1000000015
210239  -26.146  56.890  12.871 0.1000000015
210244  -25.438  56.811  11.334 0.1000000015
210247  -25.426  56.764  10.673 0.1000000015
210248  -25.641  57.443  10.928 0.1000000015
210249  -33.658  57.589  10.212 0.2000000030
210250  -34.078  57.642  10.240 0.2000000030
210252  -42.146  57.166  10.556 0.6000000238
210254  -43.014  57.297  10.039 0.6999999881
210256  -25.480  56.628  10.278 0.1000000015
210257  -25.650  57.116  10.015 0.1000000015
210258  -31.894  56.937  9.276 0.2000000030
210259  -32.531  57.189  9.615 0.2000000030
210260  -33.262  57.154  9.843 0.2000000030
210262  -35.185  57.449  9.673 0.2000000030
210263  -35.663  57.550  9.622 0.2000000030
210265  -38.559  57.375  9.622 0.3000000119
210268  -40.675  57.029  9.785 0.6999999881
210270  -41.781  57.067  10.346 0.6000000238
210271  -43.159  56.466  9.935 0.6000000238
210276  -31.901  57.032  8.728 0.1000000015
210278  -34.346  56.793  9.287 0.2000000030
210280  -35.736  57.179  9.254 0.2000000030
210282  -37.412  57.020  8.975 0.3000000119
210283  -38.106  56.948  9.048 0.3000000119
210284  -38.897  56.904  9.208 0.4000000060
210285  -39.676  56.894  9.366 0.6000000238
210286  -40.180  56.945  9.525 0.4000000060
210288  -42.999  56.874  8.792 0.5000000000
210292  -26.784  57.441  7.863 0.1000000015
210293  -31.403  56.590  8.398 0.1000000015
210294  -31.872  56.831  8.113 0.1000000015
210295  -32.386  57.304  8.443 0.1000000015
210296  -36.719  56.548  8.518 0.3000000119
210297  -37.171  56.634  8.608 0.3000000119
210298  -37.681  56.715  8.724 0.3000000119
210299  -42.987  56.454  8.272 0.5000000000
210300  -43.001  56.697  8.086 0.5000000000
210303  -27.197  57.525  7.352 0.1000000015
210304  -27.615  57.556  6.868 0.1000000015
210305  -32.058  56.866  7.380 0.1000000015
210307  -33.032  57.620  7.366 0.1000000015
210310  -40.233  57.351  7.273 0.3000000119
210312  -41.390  57.607  7.282 0.3000000119
210318  -28.349  57.250  6.117 0.1000000015
210319  -31.888  56.817  6.720 0.1000000015
210320  -32.602  57.311  6.845 0.1000000015
210321  -32.925  57.494  7.174 0.1000000015
210322  -37.593  57.308  6.439 0.3000000119
210323  -38.269  57.125  6.593 0.3000000119
210327  -41.540  57.425  6.819 0.3000000119
210335  -28.221  57.840  6.014 0.1000000015
210336  -28.529  57.495  5.691 0.1000000015
210337  -28.910  57.207  5.488 0.1000000015
210339  -31.551  56.834  6.062 0.1000000015
210342  -37.367  56.997  5.725 0.3000000119
210345  -40.030  56.819  6.205 0.3000000119
210346  -40.436  56.882  6.163 0.3000000119
210348  -41.989  57.362  6.244 0.3000000119
210353  -28.754  57.714  5.251 0.1000000015
210354  -29.176  57.454  5.093 0.1000000015
210356  -30.654  56.899  5.286 0.1000000015
210357  -31.474  57.193  5.354 0.1000000015
210358  -31.870  57.232  5.737 0.1000000015
210359  -36.568  57.288  4.865 0.2000000030
210360  -36.991  56.849  5.073 0.2000000030
210363  -43.146  57.447  5.105 0.3000000119
210368  -29.439  57.751  4.612 0.1000000015
210369  -29.865  57.535  4.623 0.1000000015
210370  -30.574  57.341  4.772 0.1000000015
210371  -31.049  57.249  5.000 0.1000000015
210372  -36.421  57.146  4.166 0.2000000030
210374  -41.373  56.653  4.906 0.3000000119
210380  -36.046  57.559  3.323 0.1000000015
210382  -41.897  56.593  4.147 0.3000000119
210384  -43.013  56.980  3.926 0.3000000119
210388  -36.009  57.652  3.105 0.1000000015
210390  -42.499  56.629  3.662 0.3000000119
210391  -42.720  56.705  3.666 0.3000000119
210401  -36.370  57.127  1.372 0.1000000015
210407  -36.600  57.096  0.782 0.1000000015
210408  -36.982  57.087  0.246 0.1000000015
210792  -33.762  58.155  25.791 0.1000000015
210806  -33.726  58.534  25.051 0.1000000015
210807  -34.257  58.600  25.422 0.1000000015
210808  -34.792  58.251  25.136 0.1000000015
210815  -32.983  58.119  23.982 0.1000000015
210816  -33.493  58.617  24.405 0.1000000015
210817  -34.905  58.336  24.144 0.1000000015
210827  -33.379  58.740  23.812 0.1000000015
210839  -32.877  58.297  22.948 0.1000000015
210850  -32.857  58.258  22.252 0.1000000015
210853  -35.029  58.545  22.213 0.1000000015
210866  -32.853  58.092  21.795 0.1000000015
210868  -34.173  59.068  21.489 0.1000000015
210870  -36.176  58.655  21.316 0.1000000015
210871  -36.956  58.888  21.106 0.1000000015
210872  -37.303  58.984  20.884 0.1000000015
210887  -26.743  57.590  20.119 0.1000000015
210888  -33.587  58.225  21.075 0.1000000015
210890  -34.802  59.021  20.798 0.1000000015
210892  -36.780  58.199  20.867 0.1000000015
210893  -37.450  58.445  20.557 0.1000000015
210905  -34.912  58.520  20.304 0.1000000015
210907  -36.427  58.778  19.562 0.1000000015
210909  -38.474  57.622  18.924 0.2000000030
210918  -27.536  58.362  18.267 0.1000000015
210919  -36.024  58.027  19.275 0.1000000015
210920  -36.557  58.249  19.122 0.1000000015
210921  -37.343  58.005  18.579 0.1000000015
210922  -38.015  57.928  18.466 0.1000000015
210923  -38.402  57.756  18.658 0.1000000015
210927  -27.256  57.667  17.968 0.1000000015
210929  -28.207  58.343  17.614 0.1000000015
210930  -37.414  57.730  18.261 0.1000000015
210931  -37.651  57.753  18.183 0.1000000015
210935  -27.916  57.632  17.322 0.1000000015
210937  -29.159  57.980  16.976 0.1000000015
210938  -29.577  58.275  16.961 0.1000000015
210941  -29.445  57.649  16.617 0.1000000015
210942  -29.849  58.039  16.645 0.1000000015
210943  -30.478  58.235  16.255 0.1000000015
210944  -31.010  58.451  15.896 0.1000000015
210947  -29.243  58.836  15.190 0.1000000015
210950  -30.759  58.779  15.758 0.1000000015
210953  -27.763  57.974  14.414 0.1000000015
210955  -29.025  58.325  15.043 0.1000000015
210956  -29.771  58.088  15.201 0.1000000015
210957  -30.155  57.976  15.303 0.1000000015
210960  -26.839  57.724  13.556 0.1000000015
210964  -26.104  57.369  12.565 0.1000000015
210965  -26.386  57.750  12.868 0.1000000015
210967  -26.070  57.744  12.202 0.1000000015
210968  -26.300  58.037  12.459 0.1000000015
210970  -25.935  57.892  11.492 0.1000000015
210971  -41.434  58.634  11.484 0.4000000060
210972  -41.839  58.420  11.352 0.4000000060
210975  -25.942  58.056  10.927 0.1000000015
210976  -33.543  58.040  10.205 0.2000000030
210977  -34.068  58.090  10.436 0.2000000030
210978  -34.766  58.222  10.593 0.2000000030
210980  -36.249  58.342  10.482 0.2000000030
210981  -37.043  58.332  10.503 0.2000000030
210983  -38.730  58.319  10.699 0.5000000000
210985  -40.311  58.221  10.831 0.4000000060
210986  -41.166  58.164  10.999 0.4000000060
210987  -41.976  57.889  10.931 0.4000000060
210988  -42.648  57.894  10.699 0.6000000238
210989  -42.943  57.593  10.248 0.6999999881
210992  -32.686  57.566  9.675 0.2000000030
210993  -33.043  57.778  9.860 0.1000000015
210994  -34.409  57.777  10.287 0.2000000030
210996  -35.718  57.878  9.992 0.2000000030
210998  -37.300  57.825  9.891 0.3000000119
211000  -39.033  57.839  10.189 0.5000000000
211001  -39.803  57.799  10.269 0.4000000060
211003  -41.094  57.501  10.341 0.5000000000
211005  -43.058  57.726  9.774 0.6999999881
211008  -25.961  57.904  9.594 0.1000000015
211009  -32.628  57.666  9.415 0.1000000015
211012  -36.546  57.505  9.454 0.3000000119
211013  -37.129  57.346  9.315 0.3000000119
211017  -26.212  57.996  8.884 0.1000000015
211019  -32.678  57.719  8.833 0.1000000015
211020  -33.182  58.067  8.577 0.1000000015
211021  -33.541  58.290  8.151 0.1000000015
211022  -38.139  58.434  8.276 0.3000000119
211026  -40.981  58.168  8.286 0.3000000119
211028  -43.063  58.246  8.019 0.4000000060
211029  -43.111  57.670  8.263 0.5000000000
211033  -26.980  58.104  7.646 0.1000000015
211035  -32.815  57.653  8.265 0.1000000015
211037  -33.684  58.309  7.571 0.1000000015
211040  -38.945  57.826  7.788 0.3000000119
211041  -39.793  57.755  7.809 0.3000000119
211042  -40.587  57.771  7.797 0.3000000119
211043  -41.330  57.875  7.686 0.3000000119
211044  -42.051  58.145  7.680 0.3000000119
211045  -42.802  58.105  7.518 0.3000000119
211051  -27.751  58.101  6.635 0.1000000015
211053  -33.236  57.926  6.836 0.1000000015
211058  -42.172  57.816  7.005 0.2000000030
211060  -43.161  57.142  6.778 0.4000000060
211067  -28.021  58.157  6.235 0.1000000015
211068  -28.271  58.187  5.789 0.1000000015
211069  -32.739  57.593  6.271 0.1000000015
211070  -33.038  58.064  5.888 0.1000000015
211071  -36.690  57.820  5.649 0.2000000030
211072  -36.997  57.715  6.077 0.2000000030
211073  -42.377  57.678  6.482 0.3000000119
211080  -28.541  58.060  5.305 0.1000000015
211081  -28.855  57.973  4.949 0.1000000015
211082  -31.728  57.530  5.137 0.1000000015
211084  -32.937  58.319  5.304 0.1000000015
211087  -42.955  57.520  5.787 0.3000000119
211093  -29.091  58.113  4.589 0.1000000015
211095  -30.443  57.912  4.283 0.1000000015
211097  -32.121  58.228  4.667 0.1000000015
211098  -36.330  57.847  4.531 0.2000000030
211101  -30.042  58.297  4.012 0.1000000015
211103  -36.069  57.755  3.473 0.1000000015
211104  -36.136  57.829  3.690 0.1000000015
211110  -36.078  57.985  3.040 0.1000000015
211126  -36.505  57.619  1.072 0.1000000015
211525  -33.944  58.749  24.969 0.1000000015
211526  -34.135  58.899  25.000 0.1000000015
211534  -33.927  58.853  24.673 0.1000000015
211535  -34.304  59.236  24.459 0.1000000015
211536  -34.753  58.979  24.345 0.1000000015
211545  -34.206  59.442  23.912 0.1000000015
211566  -34.564  59.671  22.742 0.1000000015
211567  -35.364  59.579  22.488 0.1000000015
211576  -33.904  59.285  22.331 0.1000000015
211579  -35.816  59.822  21.925 0.1000000015
211580  -36.623  59.515  21.499 0.1000000015
211581  -37.147  59.443  21.090 0.1000000015
211598  -35.024  59.454  21.279 0.1000000015
211600  -36.070  59.732  20.682 0.1000000015
211602  -37.729  58.828  20.093 0.1000000015
211615  -35.186  59.257  20.758 0.1000000015
211617  -36.440  59.342  20.043 0.1000000015
211618  -37.290  59.255  19.869 0.1000000015
211619  -37.820  58.623  19.484 0.1000000015
211628  -27.112  58.351  19.143 0.1000000015
211630  -28.106  58.988  18.385 0.1000000015
211632  -37.299  58.655  19.174 0.1000000015
211633  -37.808  58.335  18.907 0.1000000015
211637  -27.827  58.614  18.194 0.1000000015
211638  -28.312  58.767  17.939 0.1000000015
211639  -28.770  58.852  17.697 0.1000000015
211645  -28.506  58.501  17.564 0.1000000015
211646  -28.902  58.487  17.379 0.1000000015
211648  -30.053  58.889  17.180 0.1000000015
211649  -30.580  58.994  17.024 0.1000000015
211657  -29.842  58.475  16.964 0.1000000015
211659  -30.903  58.837  16.502 0.1000000015
211667  -29.423  59.125  15.312 0.1000000015
211668  -29.912  59.147  15.507 0.1000000015
211669  -30.517  59.164  15.726 0.1000000015
211678  -27.932  58.550  14.499 0.1000000015
211679  -28.407  58.848  14.774 0.1000000015
211687  -27.065  58.152  13.750 0.1000000015
211688  -27.429  58.606  13.977 0.1000000015
211695  -27.284  59.059  13.373 0.1000000015
211700  -26.268  58.149  12.242 0.1000000015
211703  -40.454  59.564  12.158 0.4000000060
211706  -26.220  58.272  11.893 0.1000000015
211708  -34.740  59.159  11.148 0.1000000015
211709  -35.041  59.132  11.237 0.1000000015
211710  -35.700  59.159  11.386 0.1000000015
211711  -36.454  59.234  11.468 0.2000000030
211713  -38.053  59.319  11.652 0.2000000030
211715  -39.926  59.438  11.987 0.4000000060
211718  -42.247  58.740  11.406 0.4000000060
211720  -26.180  58.438  11.266 0.1000000015
211721  -26.536  58.935  10.966 0.1000000015
211722  -33.370  58.193  10.027 0.2000000030
211725  -35.245  58.726  10.941 0.1000000015
211726  -35.990  58.759  10.965 0.2000000030
211728  -37.569  58.823  11.074 0.2000000030
211730  -39.283  58.843  11.312 0.4000000060
211732  -40.644  58.569  11.225 0.4000000060
211733  -42.575  58.624  11.033 0.6000000238
211737  -26.510  59.018  10.270 0.1000000015
211738  -33.316  58.349  9.700 0.1000000015
211739  -33.709  58.823  9.598 0.2000000030
211740  -39.024  59.382  9.860 0.3000000119
211741  -39.339  59.317  9.867 0.3000000119
211744  -42.824  58.672  10.403 0.6999999881
211745  -43.030  58.377  9.834 0.6999999881
211748  -26.159  58.509  9.941 0.1000000015
211749  -26.527  59.037  9.547 0.1000000015
211750  -33.427  58.453  9.114 0.1000000015
211751  -33.870  58.832  8.953 0.1000000015
211752  -37.646  59.440  9.010 0.2000000030
211753  -37.932  59.316  9.170 0.2000000030
211755  -39.543  58.936  9.432 0.3000000119
211756  -40.302  58.908  9.377 0.3000000119
211757  -41.101  59.059  9.353 0.3000000119
211758  -41.844  59.093  9.157 0.3000000119
211760  -43.111  58.232  9.240 0.5000000000
211764  -26.624  58.780  8.748 0.1000000015
211766  -34.011  58.770  8.204 0.1000000015
211773  -41.410  58.671  8.673 0.3000000119
211776  -43.182  58.015  8.761 0.4000000060
211781  -26.948  58.685  8.017 0.1000000015
211783  -34.136  58.807  7.362 0.1000000015
211784  -34.534  59.251  7.340 0.1000000015
211785  -37.346  58.863  7.836 0.3000000119
211786  -37.827  58.645  8.266 0.3000000119
211788  -42.761  58.465  8.010 0.4000000060
211797  -27.706  58.776  6.868 0.1000000015
211798  -27.922  59.132  6.656 0.1000000015
211800  -33.940  58.767  6.557 0.1000000015
211803  -37.028  58.755  6.970 0.3000000119
211812  -28.058  58.840  6.216 0.1000000015
211813  -33.346  58.617  5.555 0.1000000015
211814  -33.786  58.942  5.776 0.1000000015
211815  -36.577  58.369  5.764 0.2000000030
211822  -32.668  58.475  4.841 0.1000000015
211823  -33.206  58.906  4.987 0.1000000015
211830  -29.345  58.536  4.073 0.1000000015
211831  -29.742  58.401  3.994 0.1000000015
211832  -31.038  58.362  4.053 0.1000000015
211834  -32.398  58.871  4.333 0.1000000015
211836  -36.273  58.549  4.203 0.1000000015
211841  -28.673  59.391  3.878 0.1000000015
211842  -29.118  59.128  3.724 0.1000000015
211844  -30.719  58.842  3.630 0.1000000015
211845  -31.404  58.931  3.751 0.1000000015
211847  -36.229  58.648  3.434 0.1000000015
212252  -34.408  59.527  24.083 0.1000000015
212253  -34.614  59.413  24.097 0.1000000015
212262  -34.567  59.633  23.774 0.1000000015
212281  -35.333  59.641  23.013 0.1000000015
212289  -35.924  60.070  21.444 0.1000000015
212290  -36.352  60.062  21.420 0.1000000015
212291  -36.838  59.888  21.190 0.1000000015
212306  -36.097  60.010  21.101 0.1000000015
212307  -36.555  59.939  20.769 0.1000000015
212308  -37.127  59.782  20.728 0.1000000015
212325  -36.901  59.665  20.319 0.1000000015
212326  -37.200  59.527  20.374 0.1000000015
212342  -28.336  59.568  18.783 0.1000000015
212352  -29.001  59.523  18.080 0.1000000015
212353  -29.885  59.784  17.892 0.1000000015
212354  -30.407  59.965  17.850 0.1000000015
212364  -29.670  59.215  17.566 0.1000000015
212376  -31.244  59.941  16.192 0.1000000015
212377  -31.435  59.501  16.432 0.1000000015
212388  -30.821  59.784  15.913 0.1000000015
212389  -31.213  59.582  16.053 0.1000000015
212398  -28.454  59.679  14.648 0.1000000015
212399  -28.943  59.956  15.006 0.1000000015
212409  -28.131  59.787  14.141 0.1000000015
212419  -27.463  59.570  13.031 0.1000000015
212428  -27.308  59.643  12.394 0.1000000015
212429  -36.641  60.253  12.073 0.1000000015
212431  -38.068  60.354  12.351 0.2000000030
212433  -39.580  60.134  12.386 0.4000000060
212434  -40.227  59.870  12.391 0.4000000060
212435  -40.873  59.713  12.154 0.4000000060
212442  -26.873  59.351  11.368 0.1000000015
212443  -27.222  59.768  11.742 0.1000000015
212444  -34.847  59.496  11.140 0.1000000015
212447  -36.898  59.784  11.884 0.2000000030
212448  -37.669  59.803  12.029 0.2000000030
212450  -39.265  59.789  12.264 0.4000000060
212451  -39.766  59.804  12.356 0.4000000060
212452  -41.457  59.592  11.619 0.4000000060
212453  -42.202  59.232  11.448 0.4000000060
212454  -42.471  58.951  11.276 0.6000000238
212458  -27.157  59.859  11.140 0.1000000015
212459  -34.098  59.211  10.133 0.1000000015
212460  -34.597  59.599  10.577 0.1000000015
212461  -38.901  60.144  10.686 0.3000000119
212464  -40.811  59.837  10.762 0.4000000060
212466  -42.116  59.592  11.002 0.4000000060
212467  -42.577  59.136  10.976 0.4000000060
212472  -34.557  59.664  9.899 0.1000000015
212473  -37.823  60.098  9.902 0.2000000030
212475  -39.012  59.647  10.159 0.3000000119
212476  -39.744  59.600  10.287 0.3000000119
212477  -40.442  59.567  10.264 0.3000000119
212478  -41.251  59.549  10.079 0.3000000119
212479  -41.983  59.632  10.346 0.4000000060
212483  -27.110  59.694  9.125 0.1000000015
212485  -34.284  59.215  8.752 0.1000000015
212486  -34.632  59.645  9.190 0.1000000015
212489  -38.538  59.598  9.942 0.3000000119
212491  -41.973  59.430  9.726 0.3000000119
212492  -42.356  59.462  9.955 0.4000000060
212498  -27.473  59.858  8.379 0.1000000015
212499  -34.380  59.166  8.321 0.1000000015
212500  -34.701  59.563  8.420 0.1000000015
212516  -27.254  59.063  7.812 0.1000000015
212518  -28.173  59.961  7.175 0.1000000015
212520  -37.033  59.573  7.359 0.2000000030
212533  -27.845  59.271  6.916 0.1000000015
212535  -34.358  59.321  6.486 0.1000000015
212536  -34.730  59.648  6.882 0.1000000015
212545  -28.153  59.628  5.724 0.1000000015
212546  -34.178  59.331  5.973 0.1000000015
212548  -36.532  59.042  5.290 0.1000000015
212556  -27.933  60.298  4.517 0.1000000015
212557  -28.102  59.622  4.848 0.1000000015
212558  -33.563  59.368  4.970 0.1000000015
212559  -33.998  59.598  5.275 0.1000000015
212560  -34.352  59.693  5.675 0.1000000015
212561  -36.465  59.091  4.608 0.1000000015
212562  -36.651  59.599  4.856 0.1000000015
212568  -28.018  60.350  4.145 0.1000000015
212570  -32.816  59.335  4.274 0.1000000015
212572  -33.725  59.679  4.809 0.1000000015
212580  -28.806  59.759  3.505 0.1000000015
212581  -29.548  59.641  3.129 0.1000000015
212582  -30.399  59.372  3.255 0.1000000015
212584  -31.764  59.586  3.473 0.1000000015
212585  -32.492  59.528  3.881 0.1000000015
212586  -32.962  59.675  4.096 0.1000000015
212593  -29.783  60.105  2.841 0.1000000015
212595  -30.905  59.812  3.035 0.1000000015
212596  -31.352  59.729  3.208 0.1000000015
213086  -30.178  60.417  18.198 0.1000000015
213087  -31.044  60.226  17.746 0.1000000015
213089  -32.206  60.824  17.435 0.1000000015
213101  -31.088  59.744  17.349 0.1000000015
213102  -31.660  59.977  17.106 0.1000000015
213103  -32.111  60.598  17.164 0.1000000015
213114  -32.086  60.357  16.804 0.1000000015
213123  -29.259  60.614  15.136 0.1000000015
213124  -29.853  60.486  15.586 0.1000000015
213125  -30.429  60.346  15.856 0.1000000015
213133  -28.378  60.168  14.243 0.1000000015
213142  -27.808  59.997  13.214 0.1000000015
213144  -28.495  60.501  14.074 0.1000000015
213151  -27.669  60.060  12.661 0.1000000015
213160  -27.555  60.154  12.061 0.1000000015
213161  -27.869  60.518  12.286 0.1000000015
213162  -36.763  60.881  12.288 0.2000000030
213163  -37.609  60.941  12.487 0.2000000030
213165  -39.254  60.513  12.138 0.4000000060
213166  -39.977  60.331  12.163 0.4000000060
213167  -40.645  60.180  12.115 0.4000000060
213176  -27.573  60.354  11.407 0.1000000015
213178  -35.149  59.887  11.317 0.1000000015
213179  -35.582  60.314  11.441 0.1000000015
213180  -36.225  60.501  11.888 0.1000000015
213184  -40.314  60.336  11.703 0.4000000060
213185  -40.963  60.086  11.564 0.4000000060
213193  -27.024  59.840  10.240 0.1000000015
213194  -27.321  60.199  10.544 0.1000000015
213195  -35.012  60.025  10.976 0.1000000015
213196  -35.377  60.455  10.825 0.1000000015
213197  -38.415  60.627  11.018 0.3000000119
213198  -39.219  60.397  11.203 0.3000000119
213199  -39.921  60.302  11.219 0.4000000060
213200  -40.556  60.170  11.196 0.4000000060
213201  -40.961  60.028  11.140 0.3000000119
213207  -27.183  59.969  9.857 0.1000000015
213210  -35.355  60.557  10.191 0.1000000015
213211  -37.492  60.593  9.816 0.2000000030
213220  -27.364  60.103  9.496 0.1000000015
213221  -27.655  60.377  9.180 0.1000000015
213223  -34.967  60.130  9.677 0.1000000015
213225  -37.305  60.690  9.189 0.2000000030
213240  -27.751  60.299  8.570 0.1000000015
213241  -28.149  60.565  8.265 0.1000000015
213244  -37.248  60.513  8.520 0.1000000015
213257  -27.816  60.163  8.048 0.1000000015
213259  -35.136  60.121  8.156 0.1000000015
213260  -35.549  60.662  7.886 0.1000000015
213264  -35.154  60.202  7.338 0.1000000015
213266  -37.120  60.277  6.861 0.1000000015
213268  -28.281  60.446  6.089 0.1000000015
213269  -35.103  60.410  6.366 0.1000000015
213270  -35.511  60.940  6.542 0.1000000015
213276  -27.799  60.828  4.707 0.1000000015
213279  -34.553  60.199  5.408 0.1000000015
213290  -28.089  60.475  3.873 0.1000000015
213291  -33.486  60.033  4.279 0.1000000015
213292  -33.955  60.230  4.586 0.1000000015
213293  -34.526  60.618  4.890 0.1000000015
213304  -28.027  60.903  3.706 0.1000000015
213307  -31.879  59.926  3.289 0.1000000015
213309  -33.201  60.271  3.766 0.1000000015
213320  -28.930  60.706  2.889 0.1000000015
213322  -29.976  60.526  2.660 0.1000000015
213325  -32.475  60.561  3.034 0.1000000015
213798  -30.799  61.394  18.719 0.1000000015
213800  -31.970  61.436  18.191 0.1000000015
213819  -32.230  61.175  17.742 0.1000000015
213842  -30.940  61.293  16.252 0.1000000015
213844  -32.030  60.984  16.813 0.1000000015
213853  -29.603  61.287  15.304 0.1000000015
213862  -29.172  61.226  14.704 0.1000000015
213863  -29.458  61.618  14.922 0.1000000015
213870  -28.431  60.709  13.568 0.1000000015
213878  -28.384  60.776  13.233 0.1000000015
213886  -28.258  60.878  12.531 0.1000000015
213888  -36.706  61.399  12.151 0.1000000015
213889  -37.196  61.486  12.371 0.1000000015
213890  -37.828  61.523  12.316 0.1000000015
213898  -27.805  60.657  11.330 0.1000000015
213899  -28.085  60.915  11.608 0.1000000015
213900  -28.687  61.474  11.708 0.1000000015
213903  -38.088  61.553  11.885 0.2000000030
213918  -35.705  60.976  10.760 0.1000000015
213920  -37.856  61.501  10.686 0.2000000030
213921  -38.003  61.467  11.086 0.2000000030
213934  -27.795  60.696  10.274 0.1000000015
213936  -35.716  61.121  10.023 0.1000000015
213937  -36.128  61.710  9.798 0.1000000015
213938  -37.742  61.249  10.368 0.2000000030
213939  -37.982  60.965  10.742 0.2000000030
213954  -27.859  60.725  9.681 0.1000000015
213955  -28.251  60.982  9.212 0.1000000015
213956  -28.661  61.236  8.879 0.1000000015
213957  -35.777  61.164  9.232 0.1000000015
213959  -37.431  61.278  9.575 0.1000000015
213972  -28.428  60.952  8.590 0.1000000015
213973  -28.898  61.316  8.421 0.1000000015
213974  -35.844  61.189  8.434 0.1000000015
213985  -29.114  61.458  7.773 0.1000000015
213986  -35.855  61.263  7.636 0.1000000015
213987  -36.174  61.820  7.432 0.1000000015
213988  -37.420  61.209  8.003 0.1000000015
213989  -37.742  61.571  7.541 0.1000000015
213996  -28.808  61.073  7.222 0.1000000015
213997  -29.210  61.695  7.225 0.1000000015
213999  -36.147  61.942  6.855 0.1000000015
214012  -35.493  61.216  5.946 0.1000000015
214013  -37.475  60.916  6.421 0.1000000015
214024  -27.847  61.222  5.061 0.1000000015
214026  -34.969  61.009  5.165 0.1000000015
214027  -35.490  61.627  5.169 0.1000000015
214039  -27.717  61.432  4.517 0.1000000015
214040  -34.125  60.905  4.076 0.1000000015
214052  -27.813  61.472  3.855 0.1000000015
214053  -28.156  61.330  3.358 0.1000000015
214054  -33.469  60.984  3.195 0.1000000015
214055  -33.897  61.020  3.554 0.1000000015
214057  -34.993  61.548  4.051 0.1000000015
214068  -28.574  61.262  2.920 0.1000000015
214069  -29.397  61.310  2.480 0.1000000015
214070  -30.357  61.079  2.357 0.1000000015
214071  -31.180  61.000  2.486 0.1000000015
214073  -32.670  61.194  2.649 0.1000000015
214074  -33.328  61.394  2.674 0.1000000015
214075  -33.870  61.381  2.960 0.1000000015
214076  -34.320  61.487  3.162 0.1000000015
214087  -29.638  61.915  2.189 0.1000000015
214089  -30.824  61.682  2.155 0.1000000015
214092  -32.890  61.688  2.328 0.1000000015
214580  -32.176  62.107  17.129 0.1000000015
214594  -31.232  61.763  16.446 0.1000000015
214595  -31.863  61.917  16.862 0.1000000015
214596  -32.156  61.489  17.080 0.1000000015
214613  -29.404  61.838  14.607 0.1000000015
214614  -29.734  62.094  14.987 0.1000000015
214621  -29.222  61.799  14.027 0.1000000015
214631  -29.628  62.383  13.501 0.1000000015
214640  -36.830  61.900  12.037 0.1000000015
214642  -37.911  61.909  12.142 0.1000000015
214648  -28.617  61.476  11.051 0.1000000015
214651  -36.600  62.277  11.286 0.1000000015
214652  -37.239  62.491  11.826 0.1000000015
214653  -37.872  62.221  11.696 0.1000000015
214668  -29.090  61.915  10.611 0.1000000015
214669  -29.597  62.358  10.952 0.1000000015
214670  -36.496  62.323  10.352 0.1000000015
214671  -37.845  61.789  10.584 0.1000000015
214693  -28.620  61.423  9.562 0.1000000015
214694  -29.079  61.862  9.824 0.1000000015
214696  -36.435  62.356  9.518 0.1000000015
214698  -37.945  62.429  10.361 0.1000000015
214717  -29.614  62.233  9.361 0.1000000015
214719  -37.676  61.898  9.183 0.1000000015
214726  -29.724  62.180  8.626 0.1000000015
214729  -38.070  62.537  8.754 0.1000000015
214735  -29.546  62.116  7.538 0.1000000015
214737  -36.415  62.343  7.223 0.1000000015
214748  -35.969  61.849  6.287 0.1000000015
214756  -28.630  62.086  6.150 0.1000000015
214759  -36.200  62.302  5.951 0.1000000015
214767  -35.861  62.031  5.102 0.1000000015
214775  -35.713  61.950  4.604 0.1000000015
214783  -28.289  61.715  3.063 0.1000000015
214795  -29.281  62.268  2.280 0.1000000015
214797  -34.285  61.800  2.755 0.1000000015
214808  -29.849  62.382  2.062 0.1000000015
215296  -31.792  62.859  16.784 0.1000000015
215297  -32.183  63.090  17.018 0.1000000015
215306  -30.122  62.589  15.303 0.1000000015
215316  -30.410  63.106  15.226 0.1000000015
215329  -30.229  63.001  12.998 0.1000000015
215337  -30.172  62.853  12.113 0.1000000015
215338  -30.707  63.400  12.388 0.1000000015
215345  -30.653  63.268  11.566 0.1000000015
215347  -37.666  62.949  11.537 0.1000000015
215348  -37.919  62.638  11.311 0.1000000015
215364  -36.922  62.934  10.768 0.1000000015
215365  -37.439  63.421  11.058 0.1000000015
215366  -37.924  63.037  10.882 0.1000000015
215388  -30.101  62.735  9.668 0.1000000015
215391  -37.227  63.464  10.415 0.1000000015
215392  -38.055  63.104  10.085 0.1000000015
215410  -36.794  62.932  9.222 0.1000000015
215411  -37.175  63.475  9.693 0.1000000015
215418  -36.821  62.863  8.437 0.1000000015
215420  -38.681  63.280  8.351 0.1000000015
215426  -29.667  62.627  7.128 0.1000000015
215429  -36.774  62.828  7.665 0.1000000015
215430  -37.157  63.367  8.145 0.1000000015
215439  -36.669  62.800  6.926 0.1000000015
215448  -36.556  62.738  6.222 0.1000000015
215457  -36.450  62.627  5.664 0.1000000015
215989  -32.389  63.695  17.034 0.1000000015
215990  -32.798  63.502  17.375 0.1000000015
216004  -31.015  63.259  16.041 0.1000000015
216005  -31.484  63.564  16.307 0.1000000015
216013  -30.915  63.570  15.503 0.1000000015
216023  -30.385  63.291  14.125 0.1000000015
216033  -30.796  63.706  13.905 0.1000000015
216040  -30.567  63.378  13.112 0.1000000015
216041  -30.973  63.778  13.046 0.1000000015
216042  -31.494  64.167  12.536 0.1000000015
216079  -31.099  63.688  11.044 0.1000000015
216081  -37.540  63.665  10.933 0.1000000015
216101  -37.576  63.781  10.705 0.1000000015
216102  -37.857  63.564  10.432 0.1000000015
216120  -37.917  63.631  9.722 0.1000000015
216127  -37.599  63.872  9.372 0.1000000015
216129  -38.898  64.003  8.355 0.1000000015
216136  -37.607  63.863  8.608 0.1000000015
216137  -38.003  64.173  8.269 0.1000000015
216146  -37.526  63.805  7.833 0.1000000015
216147  -37.980  64.134  7.541 0.1000000015
216154  -37.500  63.693  7.015 0.1000000015
216668  -31.620  64.011  16.134 0.1000000015
216677  -31.155  63.912  15.430 0.1000000015
216678  -31.472  64.157  15.674 0.1000000015
216689  -31.091  63.993  15.095 0.1000000015
216698  -31.112  64.097  14.370 0.1000000015
216699  -31.620  64.546  14.022 0.1000000015
216716  -32.023  64.480  12.254 0.1000000015
216784  -38.328  64.309  8.455 0.1000000015
216785  -38.611  64.340  8.403 0.1000000015
217330  -31.842  64.663  15.631 0.1000000015
217342  -31.837  64.840  15.208 0.1000000015
217350  -31.968  64.981  14.445 0.1000000015
