#!ascii label  , from subject FS6EXPERT_subj01_ver10 vox2ras=TkReg
4176
173864  -51.028  24.039  8.495 0.6999999881
173874  -51.123  23.998  7.662 0.6999999881
172738  -51.365  23.394  8.189 0.8000000119
172749  -51.362  23.327  7.393 0.6999999881
173873  -50.484  24.361  7.939 0.6999999881
173884  -49.892  24.426  7.242 0.6999999881
173863  -50.350  24.286  8.822 0.6000000238
173897  -49.814  24.604  6.494 0.6999999881
173856  -50.924  24.043  9.322 0.6000000238
173885  -50.709  24.450  7.008 0.8000000119
172726  -51.369  23.480  9.009 0.5000000000
169288  -49.618  21.437  3.692 0.8999999762
169280  -49.214  20.627  4.423 0.8999999762
168178  -49.000  20.045  -0.639 0.8000000119
173883  -49.324  23.936  7.576 0.6999999881
173896  -49.191  24.122  6.586 0.6999999881
174907  -49.579  24.642  6.014 0.6999999881
174919  -49.633  24.907  5.343 0.6999999881
173886  -51.208  23.900  6.893 0.6999999881
174898  -50.234  24.759  6.649 0.8000000119
174908  -50.103  24.992  5.995 0.8000000119
173898  -51.086  24.281  6.168 0.6999999881
174899  -50.617  24.782  6.322 0.8000000119
174920  -50.173  25.340  5.189 0.8000000119
172763  -51.242  23.605  6.161 0.6999999881
174909  -50.707  24.984  5.664 0.8000000119
172776  -51.094  23.642  5.560 0.6999999881
174921  -50.734  25.245  4.856 0.8000000119
172790  -50.745  23.605  4.657 0.6999999881
174935  -50.707  25.526  3.976 0.8000000119
172804  -50.598  23.987  3.903 0.8999999762
172803  -50.258  23.292  3.536 0.8999999762
171632  -50.038  22.552  3.628 0.8999999762
171643  -49.863  22.619  2.977 0.8999999762
172816  -50.074  23.381  2.744 0.8999999762
170457  -49.670  21.897  3.269 0.8999999762
166922  -47.621  19.559  3.852 0.8999999762
169287  -49.227  20.792  3.569 0.8999999762
165720  -47.271  19.341  3.931 0.8000000119
166929  -47.774  19.485  3.156 0.8000000119
163341  -46.344  17.063  3.617 0.8000000119
162222  -46.605  16.334  3.382 0.8000000119
163349  -46.775  17.064  3.138 0.8000000119
162229  -47.057  16.320  2.951 0.8000000119
163350  -47.382  17.065  2.708 0.8999999762
163361  -48.092  17.017  2.298 0.8000000119
163362  -48.882  17.264  1.869 0.8000000119
165746  -49.187  18.992  1.690 0.8000000119
168162  -48.998  20.543  -0.607 0.8000000119
169342  -48.693  21.265  -0.664 0.8000000119
172748  -48.849  23.641  7.296 0.5000000000
173910  -48.739  23.864  5.905 0.6000000238
173911  -49.160  24.374  5.608 0.6999999881
174933  -49.587  25.287  4.486 0.6999999881
175886  -50.172  25.974  3.750 0.8999999762
175887  -50.500  25.965  3.389 1.0000000000
174949  -50.588  25.469  3.188 1.0000000000
173938  -50.644  24.776  3.589 0.8999999762
172817  -50.416  24.071  3.190 0.8999999762
173950  -50.249  24.136  2.492 0.8999999762
168132  -48.527  20.257  2.995 0.8999999762
170456  -49.419  21.263  3.186 0.8999999762
165727  -46.933  18.620  3.633 0.8000000119
165728  -47.339  19.189  3.632 0.8000000119
168121  -48.116  19.812  3.400 0.8999999762
169298  -49.294  21.207  2.308 1.0000000000
164510  -46.593  17.864  3.518 0.8000000119
169297  -49.036  20.837  2.684 0.8999999762
164521  -46.965  17.671  3.002 0.8000000119
164511  -47.015  18.150  3.241 0.8000000119
168131  -47.559  20.230  2.710 0.8999999762
164522  -47.414  18.034  2.855 0.8999999762
165744  -48.126  19.120  2.778 0.8999999762
164523  -47.867  18.433  2.733 0.8000000119
165745  -48.656  19.074  2.242 0.8999999762
166954  -48.931  19.969  1.305 0.8000000119
168156  -49.349  20.419  0.535 0.8000000119
169327  -49.275  21.285  0.115 0.8000000119
170495  -49.307  22.169  0.397 0.8999999762
164535  -48.343  18.159  2.306 0.8000000119
166947  -49.169  19.507  1.376 0.8000000119
166955  -49.386  19.690  0.879 0.8000000119
170511  -47.933  22.068  -0.454 0.8000000119
169326  -49.099  21.498  -0.293 0.8000000119
170463  -39.527  21.935  2.849 0.1000000015
170510  -47.168  22.086  -0.552 0.6999999881
171639  -39.619  22.681  2.782 0.1000000015
170471  -39.817  22.009  2.347 0.2000000030
170472  -40.142  22.022  1.852 0.2000000030
170489  -41.115  21.958  0.319 0.2000000030
171683  -45.826  22.652  -0.079 0.6999999881
171667  -42.038  22.698  -0.082 0.4000000060
171679  -42.790  22.709  -0.163 0.5000000000
170508  -45.745  21.962  -0.327 0.6999999881
173895  -48.726  23.764  6.381 0.6000000238
173924  -49.151  24.560  4.713 0.6999999881
174947  -48.807  24.798  3.349 0.6999999881
175885  -49.773  25.728  3.945 0.6999999881
175897  -49.615  25.947  3.354 0.8000000119
174974  -46.749  25.028  1.668 0.6999999881
173962  -48.111  25.004  2.172 0.6999999881
175898  -50.025  26.141  3.079 1.0000000000
174989  -46.794  25.551  1.251 0.6999999881
175899  -50.429  26.034  2.797 1.0000000000
175914  -50.248  26.053  2.232 1.0000000000
173951  -50.462  24.809  2.875 0.8999999762
174978  -50.236  25.856  2.028 1.0000000000
174962  -50.298  24.806  2.293 0.8999999762
174977  -50.172  25.253  1.771 1.0000000000
172823  -49.961  23.459  2.014 1.0000000000
170465  -49.614  21.836  2.415 1.0000000000
170473  -49.553  21.935  1.649 1.0000000000
169309  -49.274  21.303  1.807 1.0000000000
168140  -47.432  20.296  2.203 0.8999999762
168141  -48.208  20.414  2.185 0.8999999762
166937  -47.409  19.714  2.581 0.8999999762
169318  -49.310  21.166  1.092 1.0000000000
169317  -48.945  20.891  1.467 1.0000000000
166946  -48.657  19.764  1.795 0.8999999762
168149  -49.081  20.431  1.134 0.8000000119
170494  -49.040  22.000  -0.142 0.8000000119
170440  -38.290  21.863  4.638 0.1000000015
172851  -46.873  23.525  -0.419 0.8000000119
171686  -48.106  22.849  -0.265 0.8000000119
172782  -38.459  23.014  4.224 0.1000000015
170441  -38.645  21.881  4.176 0.1000000015
170454  -38.930  21.928  3.730 0.1000000015
172794  -38.706  23.413  3.822 0.1000000015
172808  -38.918  23.651  3.495 0.1000000015
171624  -39.027  22.577  3.619 0.1000000015
172849  -45.344  23.498  -0.167 0.6999999881
173942  -39.278  24.176  2.924 0.2000000030
171650  -40.351  22.728  1.768 0.2000000030
171659  -41.016  22.769  0.780 0.3000000119
171666  -41.431  22.756  0.306 0.4000000060
172848  -44.611  23.504  -0.157 0.6999999881
171668  -42.305  23.037  -0.167 0.4000000060
170506  -44.417  22.097  -0.157 0.6000000238
171669  -44.918  22.517  0.211 0.6000000238
170493  -45.370  22.104  -0.055 0.6000000238
172747  -48.369  23.359  7.098 0.5000000000
172775  -48.321  23.543  5.494 0.6000000238
173923  -48.721  23.954  5.040 0.6999999881
173936  -48.436  24.076  3.844 0.6999999881
174948  -49.263  25.393  3.547 0.6999999881
174973  -45.955  24.987  1.753 0.6999999881
174960  -48.703  25.274  2.718 0.6999999881
175912  -49.370  26.217  2.625 0.8000000119
175942  -45.193  26.025  1.166 0.6999999881
174988  -46.027  25.477  1.348 0.6999999881
174976  -48.294  25.577  1.867 0.6999999881
175911  -48.852  25.836  2.420 0.6999999881
177835  -43.331  27.329  1.028 0.6999999881
176865  -44.394  26.608  1.067 0.6999999881
175955  -45.509  26.384  0.816 0.6999999881
175944  -46.805  26.083  0.910 0.8000000119
175928  -49.390  26.520  1.922 1.0000000000
178836  -41.816  28.141  1.154 0.8000000119
177834  -42.573  27.458  1.397 0.6999999881
176880  -43.879  27.074  0.949 0.8000000119
176866  -44.962  26.599  0.847 0.8000000119
175956  -46.076  26.465  0.662 0.8000000119
175957  -46.770  26.573  0.567 0.8000000119
175929  -50.023  26.245  1.635 1.0000000000
176852  -49.717  26.788  0.939 1.0000000000
178847  -40.560  28.696  1.011 0.8000000119
178848  -41.169  28.633  0.723 0.8000000119
177846  -42.985  27.737  0.838 0.8000000119
177847  -43.681  27.605  0.595 0.8000000119
177848  -44.522  27.613  0.255 0.8000000119
176883  -46.057  26.980  0.358 0.8000000119
175947  -49.792  26.238  0.737 1.0000000000
179824  -39.471  29.288  0.619 0.8000000119
179814  -40.003  28.934  1.034 0.8000000119
178849  -41.986  28.547  0.411 0.8000000119
178850  -42.914  28.249  0.372 0.8000000119
178851  -43.743  28.198  0.115 0.8000000119
178852  -44.335  28.168  -0.112 0.8000000119
177866  -44.861  27.909  -0.095 0.8000000119
173963  -50.128  24.284  1.827 1.0000000000
179823  -38.852  29.360  1.017 0.8000000119
179825  -40.401  29.055  0.402 0.8000000119
179826  -41.251  29.013  0.053 0.8000000119
178863  -42.458  28.773  -0.028 0.8000000119
178865  -43.867  28.629  -0.386 0.8000000119
171660  -49.707  22.730  1.484 1.0000000000
173969  -49.883  24.517  1.154 1.0000000000
174992  -49.867  25.467  1.023 1.0000000000
180804  -38.663  29.721  0.429 0.8000000119
180805  -39.294  29.580  0.130 0.8000000119
179827  -41.906  28.997  -0.158 0.8000000119
179838  -42.397  29.222  -0.611 0.6999999881
172830  -49.816  23.578  1.305 1.0000000000
172839  -49.437  23.743  0.602 1.0000000000
180803  -37.636  30.267  0.240 0.6000000238
180793  -37.819  29.761  1.182 0.6999999881
179835  -39.783  29.440  -0.136 0.6999999881
172838  -48.975  23.467  0.119 1.0000000000
180802  -37.072  30.600  0.507 0.6000000238
180814  -38.484  29.997  -0.406 0.6999999881
179836  -40.584  29.349  -0.457 0.6999999881
179837  -41.464  29.289  -0.648 0.6999999881
179851  -41.819  29.384  -1.401 0.6999999881
179867  -42.240  29.268  -2.107 0.6000000238
170481  -49.466  22.003  0.921 1.0000000000
171673  -49.482  22.827  0.836 1.0000000000
180815  -39.205  29.736  -0.399 0.6999999881
180823  -39.336  29.739  -0.806 0.6999999881
179849  -39.740  29.540  -1.079 0.6999999881
179850  -40.867  29.414  -1.337 0.6999999881
179866  -41.326  29.130  -2.224 0.6000000238
179879  -41.978  28.940  -2.648 0.6000000238
179880  -42.664  28.954  -2.654 0.6000000238
171672  -49.173  22.821  0.282 1.0000000000
171687  -48.734  22.828  -0.120 0.8999999762
181793  -37.427  30.516  -0.214 0.6000000238
180813  -37.807  30.270  -0.652 0.6999999881
180822  -39.039  29.783  -0.900 0.6999999881
179865  -40.330  29.126  -2.024 0.6000000238
178898  -42.277  28.440  -3.014 0.6000000238
176929  -43.329  27.159  -2.654 0.6999999881
176918  -43.893  26.778  -2.201 0.6999999881
172853  -48.411  23.735  -0.216 0.8999999762
181792  -36.916  30.778  0.104 0.5000000000
181801  -37.241  30.499  -0.498 0.5000000000
180821  -38.444  29.879  -1.111 0.6000000238
179848  -38.987  29.491  -1.464 0.6000000238
179864  -39.490  29.118  -1.939 0.6000000238
177886  -40.662  27.729  -2.394 0.5000000000
177888  -42.184  27.346  -2.729 0.6000000238
176917  -43.150  26.706  -2.268 0.6999999881
180812  -37.266  30.022  -0.981 0.5000000000
180820  -37.893  29.837  -1.250 0.6000000238
179847  -38.333  29.316  -1.645 0.6000000238
179863  -38.892  29.070  -1.909 0.6000000238
178885  -39.166  28.494  -2.180 0.5000000000
178886  -39.938  28.526  -2.475 0.5000000000
176906  -41.862  26.561  -1.795 0.6000000238
170512  -48.521  22.182  -0.342 0.8000000119
178874  -37.505  28.693  -1.242 0.6000000238
178875  -38.138  28.477  -1.576 0.6000000238
178876  -38.733  28.245  -1.882 0.5000000000
177884  -39.178  27.920  -1.935 0.5000000000
177878  -40.256  27.458  -1.886 0.5000000000
176905  -41.296  26.660  -1.493 0.6000000238
173987  -46.320  24.220  -0.554 0.8000000119
172852  -47.626  23.601  -0.414 0.8000000119
173989  -47.839  24.432  -0.637 0.8000000119
175025  -44.325  25.382  -0.975 0.6999999881
175012  -44.960  24.849  -0.635 0.6999999881
175978  -43.665  25.851  -1.360 0.6999999881
175023  -43.023  25.239  -0.956 0.6000000238
173984  -44.044  24.178  -0.325 0.6000000238
174967  -39.014  25.252  2.475 0.3000000119
173955  -39.703  24.202  2.424 0.3000000119
173956  -40.102  24.220  1.937 0.3000000119
173968  -40.844  24.235  0.976 0.3000000119
172836  -41.603  23.482  0.177 0.4000000060
173983  -43.285  24.172  -0.388 0.6000000238
172847  -43.874  23.482  -0.169 0.6000000238
175922  -39.369  25.714  1.747 0.3000000119
174968  -39.569  25.043  2.106 0.3000000119
172846  -43.096  23.474  -0.194 0.5000000000
171681  -44.469  22.799  0.029 0.6000000238
172760  -48.073  23.255  5.735 0.5000000000
172788  -48.207  23.516  4.698 0.6999999881
172802  -47.873  23.464  4.070 0.6000000238
173935  -47.645  23.580  3.499 0.6999999881
173949  -48.238  24.573  2.780 0.6999999881
173947  -46.440  23.876  2.558 0.6000000238
173961  -47.488  24.662  2.140 0.6999999881
175925  -44.310  25.693  1.813 0.6000000238
174987  -45.425  25.455  1.521 0.6999999881
175927  -48.728  26.224  1.864 0.8999999762
176850  -48.847  26.615  1.440 0.8000000119
176864  -43.551  26.759  1.383 0.6999999881
175940  -43.798  26.192  1.725 0.6999999881
175941  -44.342  26.144  1.420 0.6999999881
174991  -48.129  26.033  1.368 0.8000000119
175946  -48.287  26.469  1.194 0.8000000119
176851  -49.292  26.782  1.277 1.0000000000
175945  -47.555  26.303  0.897 0.8000000119
176868  -48.502  26.902  0.837 0.8999999762
176884  -46.782  27.067  0.296 0.8000000119
176886  -48.409  27.385  0.113 1.0000000000
177850  -46.093  27.472  0.032 0.8000000119
175960  -49.502  26.372  0.185 1.0000000000
177867  -45.424  27.889  -0.247 0.8000000119
176899  -48.726  26.966  -0.884 0.8999999762
175959  -49.234  25.993  -0.255 1.0000000000
179839  -43.310  29.197  -0.749 0.6999999881
179841  -44.608  28.867  -0.981 0.6999999881
175970  -48.821  26.357  -0.871 0.8999999762
174999  -49.151  25.159  -0.098 1.0000000000
179852  -42.723  29.413  -1.397 0.6999999881
179854  -44.267  29.080  -1.475 0.6999999881
179856  -45.500  28.563  -1.536 0.8000000119
178892  -46.572  28.068  -1.877 0.8999999762
173975  -49.022  24.266  0.077 1.0000000000
179868  -43.066  29.239  -2.073 0.6000000238
178888  -44.560  28.529  -2.283 0.6999999881
178903  -45.548  28.020  -2.267 0.6999999881
173990  -48.547  24.736  -0.424 1.0000000000
178900  -43.817  28.344  -2.798 0.6999999881
182789  -35.737  31.511  0.518 0.5000000000
181783  -36.776  30.786  0.649 0.6000000238
176919  -44.608  26.837  -2.137 0.8000000119
175993  -44.523  26.370  -1.813 0.8000000119
181791  -36.084  31.227  -0.106 0.5000000000
182797  -35.405  31.362  0.299 0.5000000000
181799  -36.079  30.384  -0.440 0.5000000000
181800  -36.715  30.639  -0.630 0.6000000238
181790  -35.398  30.510  0.049 0.5000000000
180810  -36.120  29.705  -0.381 0.5000000000
180811  -36.651  29.865  -0.652 0.5000000000
179834  -37.093  29.227  -0.993 0.5000000000
177875  -38.190  27.826  -1.228 0.5000000000
177876  -38.804  27.758  -1.503 0.5000000000
177877  -39.652  27.489  -1.592 0.6000000238
176904  -40.483  27.042  -1.354 0.6000000238
175014  -46.480  24.883  -0.935 0.8000000119
173988  -47.077  24.272  -0.678 0.8000000119
179832  -36.053  29.039  -0.171 0.4000000060
179833  -36.567  29.094  -0.569 0.4000000060
178861  -37.084  28.354  -0.867 0.5000000000
178862  -37.702  28.161  -1.186 0.5000000000
177864  -38.718  27.409  -0.822 0.5000000000
177865  -39.322  27.356  -1.113 0.5000000000
176903  -39.901  27.137  -1.051 0.6000000238
176897  -41.003  26.496  -1.012 0.6000000238
177862  -37.065  27.680  -0.307 0.4000000060
177863  -37.814  27.642  -0.726 0.4000000060
174969  -40.111  24.820  1.694 0.3000000119
174986  -40.845  24.814  0.739 0.3000000119
173973  -41.198  24.224  0.498 0.3000000119
174998  -41.524  24.738  -0.130 0.5000000000
173982  -42.536  24.196  -0.387 0.6000000238
174984  -39.810  25.350  1.592 0.3000000119
174985  -40.364  25.109  1.189 0.3000000119
174997  -41.090  25.063  0.266 0.3000000119
176875  -37.425  26.952  0.969 0.4000000060
176860  -38.014  26.613  1.415 0.4000000060
176861  -38.753  26.605  1.005 0.3000000119
175938  -39.600  25.996  1.200 0.3000000119
175939  -40.237  25.806  0.863 0.3000000119
174996  -40.628  25.382  0.694 0.3000000119
171592  -47.888  23.043  6.430 0.5000000000
172774  -47.931  23.176  5.237 0.6000000238
172801  -47.293  23.118  3.816 0.6000000238
174972  -45.078  25.120  1.867 0.6000000238
178835  -41.021  28.327  1.334 0.6999999881
177851  -46.827  27.541  -0.058 0.8000000119
176885  -47.614  27.149  0.337 0.8999999762
177869  -46.814  27.996  -0.506 0.8000000119
176887  -49.116  26.824  -0.151 0.8999999762
177853  -48.030  27.725  -0.484 0.8000000119
177871  -48.018  27.721  -1.022 0.8999999762
177868  -46.122  27.909  -0.352 0.8000000119
178868  -46.132  28.320  -0.745 0.8000000119
177870  -47.456  28.044  -0.844 0.8999999762
178877  -45.030  28.640  -0.836 0.8000000119
176908  -48.290  27.256  -1.267 0.8999999762
175969  -48.376  25.915  -1.089 0.8999999762
177892  -47.206  27.742  -1.873 0.8999999762
175997  -47.183  26.946  -2.016 0.8999999762
175030  -47.895  25.941  -1.345 0.8999999762
177890  -46.061  27.547  -2.225 0.8000000119
177889  -45.574  27.217  -2.266 0.8000000119
176921  -46.050  26.982  -2.130 0.8000000119
175982  -46.673  26.093  -1.699 0.8999999762
175016  -48.041  25.285  -1.015 0.8999999762
175015  -47.245  24.990  -1.043 0.8000000119
175028  -46.601  25.539  -1.269 0.8000000119
180801  -35.603  29.630  -0.107 0.4000000060
183830  -34.342  32.069  1.507 0.5000000000
182788  -35.168  31.850  1.035 0.4000000060
182796  -34.873  31.122  0.597 0.5000000000
180800  -35.088  29.516  0.495 0.5000000000
178859  -35.973  28.483  0.080 0.4000000060
178860  -36.431  28.318  -0.299 0.4000000060
181789  -34.818  30.402  0.728 0.5000000000
179822  -35.612  28.926  0.236 0.4000000060
177843  -37.057  27.267  0.452 0.4000000060
177844  -37.802  27.227  -0.023 0.4000000060
176894  -38.992  27.061  -0.253 0.5000000000
176879  -40.185  26.561  -0.168 0.5000000000
175954  -40.999  25.715  -0.040 0.5000000000
175007  -41.336  25.270  -0.184 0.5000000000
175967  -41.957  25.553  -0.872 0.6000000238
179821  -35.348  28.743  0.670 0.4000000060
178845  -35.699  28.101  0.550 0.4000000060
177842  -36.203  27.576  0.520 0.4000000060
177845  -38.392  27.251  -0.317 0.5000000000
176877  -38.688  26.931  0.284 0.5000000000
176878  -39.607  26.686  0.165 0.4000000060
175953  -40.450  26.002  0.310 0.4000000060
175008  -41.877  24.961  -0.440 0.6000000238
177831  -36.575  27.145  0.941 0.4000000060
176876  -37.953  26.951  0.685 0.4000000060
175979  -44.428  25.913  -1.382 0.6999999881
175980  -45.188  25.947  -1.456 0.8000000119
175976  -42.040  26.038  -1.361 0.6000000238
175975  -41.485  26.107  -1.076 0.6000000238
175013  -45.723  24.855  -0.773 0.8000000119
175981  -45.937  26.001  -1.554 0.8000000119
176896  -40.452  26.648  -0.684 0.5000000000
175966  -41.230  25.879  -0.554 0.6000000238
175027  -45.851  25.466  -1.144 0.8000000119
169343  -49.143  20.848  -0.393 0.8000000119
173912  -50.896  24.438  5.216 0.8000000119
174934  -50.225  25.714  4.448 0.8000000119
173925  -50.759  24.633  4.375 0.8000000119
171619  -50.374  22.893  4.180 0.8000000119
170464  -49.450  21.386  2.762 0.8999999762
168122  -48.671  20.239  3.862 0.8999999762
165719  -46.973  19.127  4.041 0.8000000119
164534  -47.847  17.856  2.500 0.8000000119
171651  -49.779  22.661  2.215 1.0000000000
165736  -47.565  18.895  3.141 0.8000000119
169308  -48.881  20.852  1.981 1.0000000000
166945  -47.896  19.765  2.219 0.8999999762
168148  -48.642  20.430  1.544 0.8999999762
171685  -47.398  22.802  -0.392 0.8000000119
172809  -39.213  23.397  3.251 0.1000000015
171684  -46.639  22.758  -0.355 0.8000000119
170509  -46.420  22.064  -0.493 0.6999999881
172822  -40.074  23.466  2.135 0.1000000015
172821  -39.668  23.444  2.645 0.2000000030
170479  -40.438  22.000  1.239 0.2000000030
170480  -40.757  22.243  0.844 0.2000000030
171670  -45.334  22.398  0.166 0.6999999881
172850  -46.110  23.484  -0.284 0.6999999881
170502  -41.557  21.680  -0.186 0.3000000119
172837  -42.038  23.284  -0.080 0.4000000060
171680  -43.697  22.759  -0.104 0.6000000238
174961  -49.181  25.748  2.937 0.6999999881
173960  -46.658  24.457  2.114 0.6999999881
171610  -38.728  22.569  4.024 0.1000000015
173986  -45.556  24.201  -0.424 0.6999999881
173985  -44.793  24.179  -0.378 0.6999999881
174956  -39.296  24.767  2.619 0.2000000030
174955  -38.707  24.988  2.958 0.3000000119
172828  -40.448  23.483  1.641 0.3000000119
172835  -41.181  23.488  0.675 0.3000000119
172845  -42.363  23.509  -0.233 0.6000000238
178864  -43.125  28.783  -0.158 0.8000000119
173976  -49.482  24.807  0.531 1.0000000000
178887  -40.739  28.585  -2.708 0.5000000000
178897  -41.516  28.552  -2.896 0.6000000238
179869  -43.824  29.083  -2.051 0.6000000238
177899  -42.690  27.690  -2.916 0.6000000238
177897  -41.183  27.979  -2.904 0.5000000000
176916  -42.257  26.812  -2.245 0.6000000238
176930  -44.040  27.225  -2.542 0.6999999881
175992  -43.772  26.326  -1.804 0.6999999881
176915  -41.380  27.045  -2.089 0.5000000000
175990  -42.390  26.248  -1.758 0.6999999881
175011  -44.201  24.809  -0.606 0.6000000238
175024  -43.595  25.305  -0.983 0.6000000238
175009  -42.666  24.912  -0.677 0.6000000238
175010  -43.472  24.770  -0.655 0.6000000238
173967  -40.462  24.231  1.442 0.3000000119
173981  -41.947  24.225  -0.205 0.5000000000
172787  -47.679  23.112  4.533 0.6000000238
173948  -47.461  24.018  2.795 0.6999999881
175958  -47.330  26.728  0.530 0.8000000119
179853  -43.560  29.308  -1.437 0.6999999881
177902  -44.809  27.697  -2.539 0.8000000119
175994  -45.262  26.404  -1.868 0.8000000119
150888  -49.149  8.998  -2.045 0.2000000030
150883  -49.165  9.456  -1.986 0.2000000030
153536  -49.579  10.694  -1.616 0.2000000030
154843  -50.091  11.592  -1.393 0.2000000030
153535  -49.066  10.298  -1.273 0.2000000030
153524  -49.263  11.062  -1.003 0.2000000030
154832  -49.603  11.835  -0.857 0.2000000030
154831  -49.127  11.530  -0.578 0.2000000030
156103  -48.835  12.013  -0.073 0.2000000030
156105  -49.989  12.350  -0.826 0.2000000030
156092  -48.829  12.527  0.044 0.2000000030
148167  -50.698  7.923  -2.992 0.2000000030
148166  -50.198  8.036  -2.758 0.2000000030
149545  -49.455  8.522  -2.313 0.2000000030
152224  -49.802  9.749  -2.692 0.2000000030
152218  -49.452  9.901  -2.165 0.2000000030
153537  -50.154  11.119  -1.898 0.2000000030
156115  -50.572  12.255  -1.199 0.2000000030
157355  -48.490  12.971  0.120 0.3000000119
157356  -49.068  13.039  -0.044 0.3000000119
156104  -49.340  12.323  -0.341 0.3000000119
149555  -51.567  8.673  -2.925 0.2000000030
150896  -51.133  9.352  -3.331 0.2000000030
150895  -50.474  9.235  -3.294 0.2000000030
153545  -51.275  10.930  -2.402 0.2000000030
154851  -51.002  11.323  -2.081 0.2000000030
154844  -50.793  11.725  -1.606 0.2000000030
159911  -46.958  14.741  -1.043 0.3000000119
158623  -48.144  13.457  0.068 0.3000000119
158639  -48.402  14.028  -0.110 0.3000000119
158624  -48.668  13.485  0.042 0.3000000119
157367  -49.740  13.063  -0.358 0.2000000030
146788  -52.415  7.363  -1.130 0.3000000119
148159  -52.016  8.078  -1.918 0.3000000119
148149  -52.788  7.468  -1.883 0.3000000119
148160  -52.258  7.984  -2.312 0.2000000030
149548  -51.700  8.566  -2.257 0.2000000030
162228  -43.257  15.810  2.541 0.1000000015
162237  -43.501  16.238  2.059 0.1000000015
150891  -51.547  9.327  -2.470 0.2000000030
152227  -51.388  9.957  -1.982 0.2000000030
161094  -44.614  15.566  0.786 0.1000000015
159909  -45.321  15.034  -1.143 0.3000000119
150897  -51.423  9.475  -2.935 0.2000000030
153552  -51.416  10.445  -2.362 0.2000000030
154852  -51.376  11.209  -2.050 0.2000000030
159921  -46.123  14.926  -1.710 0.3000000119
154845  -51.395  11.551  -1.579 0.2000000030
156116  -51.087  12.216  -1.340 0.2000000030
161116  -47.258  15.555  -1.272 0.3000000119
162268  -48.251  15.936  -0.809 0.3000000119
157369  -51.265  13.358  -0.755 0.3000000119
157380  -50.866  12.567  -1.119 0.3000000119
159896  -48.808  14.687  -0.324 0.4000000060
159897  -49.589  14.646  -0.401 0.4000000060
158641  -50.049  13.864  -0.406 0.3000000119
157368  -50.560  13.025  -0.801 0.3000000119
158640  -49.203  13.845  -0.170 0.3000000119
145327  -52.866  5.732  2.398 0.3000000119
146742  -53.049  6.418  0.775 0.3000000119
145340  -53.287  5.906  1.957 0.3000000119
146762  -53.730  6.778  -0.018 0.3000000119
146761  -52.853  6.697  0.136 0.3000000119
146775  -53.003  6.956  -0.643 0.3000000119
146774  -52.037  7.105  -0.586 0.3000000119
148136  -51.689  7.577  -0.958 0.3000000119
149540  -51.250  8.411  -1.400 0.3000000119
148147  -51.850  7.832  -1.390 0.3000000119
150885  -51.137  9.130  -1.583 0.2000000030
148148  -52.452  7.679  -1.686 0.3000000119
149541  -51.664  8.333  -1.759 0.2000000030
149547  -51.401  8.720  -1.823 0.2000000030
152226  -51.228  9.562  -1.703 0.2000000030
150890  -51.389  9.215  -1.988 0.2000000030
152220  -50.954  9.916  -1.254 0.2000000030
153539  -51.273  10.840  -1.114 0.2000000030
163368  -43.767  16.946  1.304 0.1000000015
162247  -44.122  16.303  1.281 0.1000000015
153527  -51.340  11.164  -0.638 0.2000000030
163376  -44.110  17.141  0.771 0.2000000030
162258  -44.870  15.989  0.018 0.3000000119
162289  -45.462  16.281  -1.809 0.3000000119
161124  -45.817  15.600  -1.961 0.3000000119
153546  -51.409  10.770  -1.875 0.2000000030
164566  -44.289  17.869  -0.891 0.3000000119
163404  -45.117  17.077  -1.603 0.3000000119
162297  -46.434  16.708  -2.634 0.3000000119
162291  -46.936  16.318  -2.041 0.3000000119
154834  -51.582  11.661  -0.796 0.2000000030
164574  -44.636  17.834  -1.532 0.3000000119
164584  -45.394  17.895  -2.906 0.3000000119
163416  -46.864  17.068  -2.648 0.3000000119
162281  -48.413  16.443  -1.119 0.3000000119
162282  -49.088  16.609  -1.174 0.4000000060
158643  -51.409  14.021  -0.390 0.4000000060
157370  -51.867  13.372  -0.481 0.3000000119
156117  -51.589  12.288  -1.124 0.3000000119
161105  -49.921  15.395  -0.571 0.4000000060
159898  -50.330  14.666  -0.481 0.3000000119
158642  -50.774  13.935  -0.519 0.3000000119
145357  -52.671  6.202  1.228 0.3000000119
159851  -47.140  15.182  3.079 0.8000000119
159852  -47.529  14.733  2.942 0.8000000119
158589  -48.653  13.938  2.622 0.4000000060
156071  -49.538  12.739  2.306 0.3000000119
154805  -49.764  11.916  1.980 0.3000000119
152193  -49.898  10.517  0.694 0.2000000030
152219  -50.580  9.466  -0.971 0.3000000119
149533  -51.066  8.135  -1.015 0.3000000119
161067  -47.325  15.599  2.894 0.6999999881
161068  -47.830  15.502  2.627 0.6999999881
159854  -48.777  14.351  2.421 0.6000000238
157327  -49.058  13.335  2.585 0.4000000060
156072  -50.242  12.595  1.920 0.3000000119
153502  -50.047  11.119  1.124 0.3000000119
153525  -50.288  10.398  -0.117 0.2000000030
149539  -50.937  8.450  -1.112 0.3000000119
162231  -47.968  16.172  2.425 0.6999999881
161069  -48.305  15.545  2.366 0.6999999881
159862  -49.047  14.779  2.250 0.5000000000
157335  -49.482  13.506  2.374 0.4000000060
154806  -50.159  11.880  1.558 0.3000000119
153503  -50.555  11.513  0.916 0.2000000030
153511  -50.260  10.697  0.347 0.2000000030
152212  -50.384  9.918  -0.574 0.2000000030
163351  -47.754  16.623  2.536 0.8000000119
162239  -48.374  16.125  2.212 0.6999999881
161077  -49.379  15.577  2.032 0.6999999881
158600  -49.625  14.088  2.226 0.4000000060
157336  -49.999  13.388  2.167 0.4000000060
156080  -50.546  12.310  1.516 0.2000000030
153526  -50.860  10.827  -0.341 0.2000000030
152213  -50.760  10.309  -0.780 0.2000000030
162240  -48.848  16.330  2.010 0.6999999881
161078  -50.078  15.527  1.880 0.6000000238
158601  -50.273  14.091  2.065 0.4000000060
157338  -51.145  13.725  1.827 0.4000000060
157345  -50.997  12.972  1.589 0.2000000030
154812  -50.927  11.829  0.808 0.2000000030
154833  -51.393  11.429  -0.346 0.2000000030
164536  -49.027  18.199  1.837 0.6999999881
163363  -49.537  17.414  1.561 0.6999999881
162242  -50.269  15.985  1.657 0.6999999881
161079  -50.737  15.531  1.694 0.6000000238
161080  -51.306  15.270  1.550 0.4000000060
158603  -51.413  14.127  1.760 0.4000000060
156082  -51.740  12.740  0.965 0.3000000119
156093  -51.388  12.214  0.711 0.2000000030
154821  -51.669  11.913  -0.218 0.2000000030
164537  -49.592  18.193  1.383 0.6999999881
163406  -47.006  16.723  -2.284 0.3000000119
164576  -47.803  17.545  -2.280 0.4000000060
161087  -51.738  15.460  1.257 0.4000000060
159872  -51.651  14.757  1.545 0.4000000060
157347  -52.077  13.422  1.032 0.4000000060
156094  -51.863  12.374  0.288 0.2000000030
165794  -44.307  18.825  -2.385 0.4000000060
164595  -45.602  18.397  -3.467 0.3000000119
164598  -47.366  18.261  -2.996 0.4000000060
163417  -47.431  17.478  -2.527 0.5000000000
163396  -49.343  17.435  -1.501 0.6000000238
162284  -50.448  16.823  -0.967 0.5000000000
162274  -51.970  15.877  0.173 0.4000000060
158625  -52.233  14.121  0.305 0.4000000060
156107  -52.206  13.091  -0.304 0.3000000119
156106  -51.965  12.534  -0.473 0.2000000030
168195  -44.275  19.812  -2.702 0.3000000119
168205  -45.955  20.059  -2.902 0.5000000000
164587  -47.737  18.248  -2.640 0.5000000000
164588  -48.226  18.560  -2.272 0.5000000000
165789  -49.058  18.954  -1.259 0.6000000238
159899  -51.000  14.707  -0.380 0.4000000060
159900  -51.587  14.731  -0.178 0.4000000060
168198  -46.290  20.234  -2.403 0.6000000238
166999  -47.543  19.612  -2.412 0.6000000238
167001  -48.194  19.273  -1.812 0.6000000238
166988  -48.704  19.216  -1.304 0.6000000238
166976  -48.852  19.539  -0.990 0.6000000238
168173  -46.626  20.641  -1.441 0.6000000238
168191  -47.951  20.042  -1.462 0.6000000238
166987  -48.312  19.479  -1.507 0.6000000238
166975  -48.501  19.798  -1.114 0.6000000238
169339  -46.227  21.501  -0.807 0.6000000238
145339  -52.435  5.965  1.901 0.3000000119
145374  -52.089  6.344  0.792 0.3000000119
146760  -51.925  6.697  0.231 0.3000000119
145375  -52.519  6.459  0.630 0.3000000119
146773  -51.406  7.107  -0.224 0.3000000119
148123  -50.909  7.400  -0.212 0.3000000119
148135  -51.212  7.645  -0.691 0.3000000119
161060  -46.897  15.630  3.199 0.6999999881
158579  -47.506  13.844  3.121 0.5000000000
157325  -47.910  13.168  3.011 0.4000000060
154799  -49.248  11.900  2.349 0.3000000119
153494  -49.369  11.023  1.855 0.3000000119
152192  -49.462  10.235  1.080 0.3000000119
158588  -48.067  13.942  2.825 0.6000000238
157326  -48.498  13.242  2.798 0.3000000119
149532  -50.731  8.340  -0.805 0.3000000119
148134  -50.659  7.853  -0.421 0.3000000119
150867  -49.932  9.154  -0.250 0.3000000119
150878  -50.356  9.029  -0.763 0.3000000119
163369  -50.119  17.425  1.267 0.6999999881
162249  -50.558  16.478  1.397 0.6000000238
164544  -50.129  18.139  0.855 0.6999999881
163370  -50.832  17.306  0.879 0.6000000238
162250  -51.518  16.327  1.003 0.6000000238
161086  -51.206  15.829  1.418 0.5000000000
165764  -49.863  18.822  0.398 0.6999999881
164554  -50.481  18.078  -0.021 0.6000000238
162273  -51.584  16.167  -0.221 0.5000000000
168163  -49.191  20.320  -0.180 0.6999999881
166967  -49.245  19.560  -0.455 0.6999999881
165772  -49.770  18.950  -0.340 0.6000000238
164561  -50.167  18.249  -0.692 0.6000000238
169357  -48.381  20.670  -0.953 0.6999999881
164560  -49.810  18.682  -0.811 0.6000000238
169341  -47.678  21.424  -0.737 0.6999999881
168176  -48.142  20.347  -1.106 0.6000000238
169340  -46.922  21.478  -0.770 0.6000000238
145356  -51.796  6.191  1.290 0.3000000119
146741  -51.556  6.502  0.702 0.3000000119
146759  -51.054  6.929  0.278 0.3000000119
162212  -45.232  16.255  4.855 0.6999999881
162213  -45.680  16.317  4.350 0.6999999881
161059  -46.456  15.565  3.622 0.6999999881
159845  -47.234  14.298  3.240 0.8000000119
156062  -48.318  12.480  2.875 0.3000000119
152200  -49.861  9.989  0.238 0.3000000119
149522  -50.239  8.372  -0.394 0.3000000119
163331  -45.112  16.749  5.100 0.6999999881
162221  -46.139  16.322  3.836 0.6999999881
159844  -46.897  14.777  3.408 0.6999999881
153501  -49.626  10.791  1.356 0.3000000119
163332  -45.464  17.158  4.767 0.6999999881
163340  -45.938  17.078  4.122 0.6999999881
165710  -45.738  18.710  5.353 0.8000000119
165717  -45.942  18.330  4.792 0.8000000119
164502  -46.342  18.101  4.031 0.6999999881
165711  -46.247  19.013  5.030 0.8000000119
165718  -46.394  18.704  4.445 0.6999999881
166913  -47.235  19.637  4.815 0.8000000119
166920  -46.852  19.295  4.477 0.8000000119
168106  -47.902  20.068  5.066 0.8000000119
146740  -50.971  6.546  0.984 0.3000000119
150866  -49.513  9.151  0.295 0.3000000119
148122  -50.309  7.595  0.073 0.3000000119
161052  -45.970  15.542  4.098 0.6999999881
158577  -46.607  14.177  3.789 0.6999999881
157315  -47.388  13.109  3.354 0.4000000060
154798  -48.723  11.819  2.659 0.3000000119
152199  -49.448  9.670  0.592 0.3000000119
149521  -49.797  8.403  0.081 0.3000000119
164491  -44.986  17.923  5.890 0.6999999881
158578  -47.024  13.836  3.502 0.6999999881
165709  -45.259  18.340  5.639 0.8000000119
164497  -45.643  17.961  4.974 0.6999999881
166902  -46.087  19.364  5.929 0.6999999881
166904  -47.050  19.702  5.304 0.6999999881
168105  -47.388  19.847  5.251 0.6999999881
170448  -50.060  22.019  4.155 0.6999999881
168107  -48.838  20.446  5.454 0.6999999881
170449  -50.405  22.468  4.484 0.6999999881
146730  -50.663  6.397  1.484 0.3000000119
145316  -49.713  5.608  3.651 0.3000000119
145305  -48.862  5.720  4.651 0.3000000119
154797  -48.130  11.680  2.943 0.3000000119
162195  -44.688  16.797  5.734 0.8000000119
159843  -46.305  14.782  3.906 0.6999999881
153487  -49.017  11.400  2.392 0.3000000119
164490  -44.590  17.757  6.295 0.8000000119
165697  -44.972  18.838  6.982 0.8000000119
165698  -45.487  19.244  6.752 0.6999999881
168082  -47.016  20.055  6.494 0.6999999881
168083  -47.623  20.248  6.596 0.6999999881
168096  -48.141  20.296  6.004 0.6999999881
170435  -50.142  21.512  4.763 0.6999999881
169272  -49.745  20.843  5.247 0.6999999881
171620  -50.629  22.794  4.686 0.6999999881
146738  -49.599  6.885  1.441 0.3000000119
146739  -50.150  6.832  1.087 0.3000000119
145335  -49.597  6.101  2.700 0.3000000119
146729  -50.129  6.459  1.754 0.3000000119
146714  -48.828  6.320  3.289 0.3000000119
145322  -49.377  5.947  3.222 0.3000000119
146758  -50.460  6.989  0.568 0.3000000119
145290  -48.229  5.922  5.434 0.3000000119
145315  -49.068  5.857  3.918 0.3000000119
150860  -49.186  9.206  0.877 0.3000000119
156061  -47.741  12.401  3.170 0.3000000119
161051  -45.502  15.509  4.588 0.6999999881
159836  -45.844  14.766  4.396 0.6999999881
165696  -44.405  18.396  7.205 0.8000000119
164484  -44.387  17.996  6.817 0.8000000119
166886  -45.443  19.417  7.714 0.6999999881
166894  -45.554  19.402  7.109 0.6999999881
166887  -46.052  19.711  7.440 0.6999999881
168069  -47.179  20.231  7.154 0.6999999881
168084  -48.289  20.391  6.785 0.6999999881
168085  -48.945  20.475  7.002 0.6999999881
169264  -49.928  20.650  6.234 0.6999999881
169250  -49.868  20.587  6.741 0.6999999881
170436  -50.540  22.153  4.914 0.6999999881
173959  -45.780  24.454  2.146 0.5000000000
173958  -44.972  24.509  2.272 0.5000000000
173946  -45.564  23.897  2.541 0.5000000000
148109  -49.986  7.324  0.598 0.3000000119
150851  -48.983  9.565  1.356 0.3000000119
152186  -48.984  10.099  1.753 0.3000000119
158571  -46.653  13.601  3.893 0.5000000000
165691  -44.866  19.075  8.005 0.6999999881
165684  -44.970  18.975  8.740 0.8000000119
166876  -45.417  19.319  8.488 0.6999999881
166867  -45.892  19.374  9.177 0.6999999881
166847  -46.645  19.413  10.666 0.6999999881
166878  -46.807  20.043  7.846 0.6999999881
166868  -46.688  19.817  8.761 0.6999999881
166858  -46.711  19.630  9.656 0.6999999881
166879  -47.315  20.218  7.982 0.6999999881
168048  -47.907  20.246  8.666 0.6999999881
168039  -48.007  20.183  9.382 0.6999999881
168070  -47.767  20.371  7.283 0.6999999881
168060  -49.121  20.512  8.365 0.6000000238
168051  -49.686  20.745  9.330 0.6000000238
169222  -51.284  21.405  9.040 0.6000000238
171542  -51.544  22.866  9.558 0.6000000238
171530  -51.452  23.025  10.230 0.5000000000
169265  -50.475  21.114  5.994 0.6999999881
169251  -50.388  20.738  6.995 0.6999999881
169236  -50.661  20.940  7.869 0.6000000238
169221  -50.580  20.966  8.753 0.6000000238
170361  -51.631  22.091  9.325 0.6000000238
170404  -50.924  21.379  6.532 0.6000000238
170389  -51.412  21.972  7.579 0.6000000238
171566  -51.472  22.675  7.895 0.6000000238
171605  -50.917  22.853  5.258 0.6000000238
171593  -51.245  22.920  6.007 0.6000000238
172764  -51.367  23.281  6.640 0.6000000238
178828  -41.499  27.962  1.652 0.5000000000
177824  -42.450  27.070  1.876 0.6000000238
176848  -42.588  26.588  2.257 0.5000000000
175924  -43.508  25.886  2.174 0.5000000000
171631  -46.772  22.830  3.894 0.4000000060
174959  -43.919  24.858  2.518 0.5000000000
173945  -44.809  24.056  2.701 0.5000000000
172814  -46.111  23.326  3.035 0.5000000000
171630  -46.153  22.817  3.644 0.4000000060
171617  -46.531  22.557  4.294 0.4000000060
171616  -45.861  22.466  4.140 0.5000000000
171615  -45.152  22.491  4.151 0.5000000000
153486  -48.630  10.907  2.567 0.3000000119
164461  -43.610  17.715  9.085 0.8000000119
157304  -46.484  13.041  4.118 0.5000000000
157314  -46.914  13.045  3.725 0.5000000000
159835  -45.382  14.721  4.870 0.6999999881
158569  -45.696  14.154  4.634 0.6999999881
163314  -44.284  17.265  6.481 0.8000000119
163315  -44.647  17.238  5.991 0.8000000119
162204  -44.815  16.288  5.439 0.6999999881
165690  -44.412  18.573  7.679 0.8000000119
165648  -46.015  18.836  11.768 0.8000000119
165668  -45.729  18.942  10.360 0.8000000119
165675  -44.552  18.619  9.155 0.8000000119
165683  -44.432  18.661  8.420 0.8000000119
165645  -46.468  19.283  12.345 0.6999999881
165649  -46.460  19.192  11.980 0.6999999881
166846  -46.117  19.140  10.517 0.8000000119
166837  -46.891  19.451  11.539 0.8000000119
166838  -47.434  19.746  11.042 0.6999999881
166834  -47.511  19.754  11.874 0.6999999881
166835  -47.964  19.983  11.358 0.8000000119
168030  -49.163  20.513  10.581 0.6999999881
169168  -50.238  20.981  10.986 0.6999999881
169188  -51.285  21.592  10.829 0.6999999881
169186  -50.250  20.957  10.236 0.6000000238
169205  -51.310  21.543  9.943 0.6000000238
173862  -49.801  23.930  9.194 0.5000000000
173872  -49.712  24.035  8.265 0.5000000000
171576  -47.136  22.487  6.189 0.3000000119
170420  -46.609  22.203  5.717 0.4000000060
170433  -46.098  22.060  5.195 0.4000000060
170434  -46.599  22.317  5.079 0.4000000060
179813  -39.329  29.026  1.535 0.6000000238
178827  -40.885  28.001  1.915 0.5000000000
171604  -47.434  22.820  5.049 0.5000000000
170446  -46.230  22.278  4.647 0.4000000060
170444  -44.886  22.119  4.673 0.3000000119
177816  -41.728  26.950  2.602 0.5000000000
174970  -43.653  25.312  2.448 0.5000000000
173944  -44.025  24.323  2.831 0.4000000060
172812  -44.561  23.579  3.156 0.4000000060
171641  -45.069  23.164  3.340 0.5000000000
171628  -44.689  22.979  3.681 0.5000000000
149514  -49.368  8.403  0.570 0.3000000119
150850  -48.624  9.249  1.844 0.3000000119
149513  -49.037  8.375  1.099 0.3000000119
152180  -48.143  10.050  2.823 0.3000000119
161032  -44.062  15.505  6.262 0.6000000238
158562  -45.781  13.584  4.665 0.6000000238
156050  -46.755  12.332  3.952 0.5000000000
153485  -47.899  10.850  3.128 0.3000000119
164470  -43.626  17.753  8.372 0.8000000119
163308  -43.558  16.826  7.369 0.8000000119
162194  -44.270  16.377  6.122 0.8000000119
158561  -45.382  13.830  5.078 0.6999999881
154790  -47.569  11.622  3.387 0.5000000000
163268  -44.093  17.266  11.781 0.6000000238
164441  -44.421  17.827  10.708 0.8000000119
163309  -43.863  17.287  7.095 0.6999999881
158570  -46.179  13.892  4.242 0.6999999881
156051  -47.238  12.355  3.571 0.5000000000
164438  -44.540  17.681  11.441 0.8000000119
164451  -44.157  18.047  9.795 0.8000000119
164478  -43.744  17.783  7.837 0.8000000119
161043  -45.076  15.476  5.123 0.6999999881
164462  -43.996  18.237  8.828 0.8000000119
165655  -45.350  18.585  10.731 0.8000000119
164442  -44.795  18.287  10.402 0.8000000119
164479  -44.063  17.992  7.454 0.8000000119
165644  -46.083  19.002  12.549 0.6999999881
165676  -45.186  18.935  9.377 0.8000000119
165641  -45.852  19.112  13.053 0.6999999881
166825  -46.633  19.829  13.274 0.6999999881
166828  -46.270  19.447  13.030 0.6999999881
168008  -47.003  19.945  13.211 0.6999999881
168009  -47.586  20.072  12.949 0.6999999881
168015  -48.295  20.162  12.077 0.6999999881
168019  -49.273  20.574  11.504 0.6999999881
168020  -49.834  20.791  11.274 0.6999999881
169169  -50.727  21.271  11.334 0.6999999881
168010  -48.535  20.594  13.058 0.6999999881
168011  -49.082  20.758  12.817 0.6000000238
169140  -49.984  21.250  12.748 0.6999999881
169170  -51.249  21.589  11.640 0.6999999881
171517  -51.435  22.880  10.914 0.5000000000
173845  -50.137  24.113  10.397 0.5000000000
172723  -48.500  23.304  8.485 0.4000000060
172737  -49.248  23.731  8.393 0.4000000060
172735  -48.451  23.331  7.792 0.4000000060
171577  -47.574  22.786  6.616 0.3000000119
170419  -45.983  21.913  5.923 0.3000000119
170431  -44.614  21.806  5.300 0.3000000119
173921  -41.770  24.386  4.427 0.2000000030
171614  -44.393  22.594  4.210 0.4000000060
177815  -41.198  27.094  2.910 0.3000000119
176836  -41.389  26.711  3.187 0.3000000119
176829  -41.258  26.392  3.579 0.3000000119
175894  -41.444  25.886  3.850 0.3000000119
174944  -42.102  25.089  3.846 0.3000000119
173933  -42.567  24.431  3.809 0.4000000060
171613  -43.551  22.834  4.276 0.2000000030
176837  -41.946  26.480  2.909 0.4000000060
175909  -42.686  25.787  2.888 0.4000000060
175896  -42.441  25.558  3.244 0.4000000060
173934  -43.039  24.409  3.451 0.4000000060
172810  -43.375  24.074  3.390 0.3000000119
171627  -43.931  23.058  3.866 0.4000000060
174958  -43.356  25.063  2.839 0.5000000000
172811  -43.795  23.886  3.278 0.4000000060
172798  -44.143  23.399  3.532 0.4000000060
164436  -45.042  18.041  11.812 0.6999999881
165666  -44.733  18.581  9.692 0.8000000119
165635  -44.896  19.358  13.693 0.6999999881
165643  -45.536  18.458  12.230 0.6999999881
164439  -44.982  18.103  11.080 0.8000000119
165640  -45.168  18.829  13.150 0.6999999881
166823  -45.358  19.672  13.749 0.6000000238
169124  -45.925  20.753  14.547 0.4000000060
168002  -45.830  20.378  14.165 0.5000000000
169125  -46.372  20.877  14.451 0.5000000000
168003  -46.852  20.298  13.725 0.6000000238
168004  -47.851  20.685  13.641 0.6000000238
169131  -48.644  20.948  13.535 0.5000000000
169133  -50.005  21.548  13.567 0.5000000000
170300  -51.229  22.153  12.621 0.4000000060
171502  -51.335  22.757  11.673 0.3000000119
173835  -50.651  24.074  11.011 0.4000000060
172713  -48.539  23.286  9.135 0.4000000060
171552  -47.560  22.766  8.028 0.3000000119
172679  -51.180  23.317  12.086 0.3000000119
173823  -50.851  24.015  11.870 0.3000000119
171553  -48.048  23.026  8.273 0.3000000119
171564  -47.553  22.770  7.300 0.3000000119
170403  -46.569  22.160  6.480 0.3000000119
169118  -46.662  21.524  15.140 0.4000000060
169119  -47.624  21.621  14.816 0.4000000060
169127  -48.427  21.307  14.146 0.5000000000
170278  -50.173  21.905  14.185 0.3000000119
171464  -51.223  22.370  14.131 0.3000000119
173816  -51.146  23.952  12.704 0.3000000119
173834  -49.877  24.064  11.068 0.4000000060
172702  -48.573  23.284  9.692 0.3000000119
171539  -47.015  22.556  8.496 0.3000000119
170374  -46.479  22.266  8.081 0.3000000119
170267  -47.319  21.934  15.412 0.4000000060
171444  -48.260  22.599  16.114 0.1000000015
170264  -49.037  22.309  15.444 0.3000000119
171448  -50.830  22.886  15.405 0.1000000015
172617  -51.280  23.370  15.418 0.2000000030
170269  -48.621  21.939  14.934 0.3000000119
170270  -49.338  22.040  14.926 0.3000000119
171449  -51.252  22.968  14.972 0.3000000119
173808  -51.141  24.048  13.692 0.3000000119
173821  -49.353  24.014  11.643 0.3000000119
171516  -47.885  22.957  10.044 0.3000000119
171528  -47.711  22.835  9.530 0.3000000119
171439  -49.194  22.958  16.435 0.1000000015
172599  -49.581  23.325  16.821 0.2000000030
172600  -50.383  23.619  16.654 0.1000000015
173782  -50.961  24.611  15.274 0.2000000030
174843  -49.983  25.098  14.643 0.2000000030
171440  -49.893  23.000  16.247 0.1000000015
173767  -51.227  23.755  15.762 0.2000000030
173796  -51.253  24.079  14.572 0.2000000030
173794  -49.907  24.904  13.972 0.2000000030
173806  -49.726  24.629  13.200 0.3000000119
172670  -48.749  23.824  11.951 0.3000000119
172586  -50.326  23.962  17.247 0.2000000030
173766  -51.013  24.259  16.184 0.2000000030
171554  -51.522  22.746  8.724 0.6000000238
171579  -51.436  22.650  7.112 0.6000000238
172716  -51.273  23.534  9.803 0.3000000119
169281  -49.685  21.201  4.302 0.8000000119
168177  -48.638  20.273  -0.941 0.6999999881
173871  -49.311  23.822  8.063 0.4000000060
168114  -48.116  19.906  4.210 0.8000000119
166914  -47.621  19.719  4.432 0.8000000119
162230  -47.548  16.218  2.679 0.8000000119
165755  -49.594  18.922  1.122 0.6999999881
165726  -46.577  18.327  3.921 0.6999999881
169355  -47.339  20.948  -1.005 0.6000000238
169338  -45.539  21.553  -0.804 0.6000000238
171578  -47.958  23.059  6.891 0.4000000060
177833  -41.921  27.750  1.591 0.6000000238
178834  -40.212  28.526  1.587 0.6000000238
180794  -38.424  29.520  1.025 0.6999999881
171591  -47.700  22.922  5.883 0.4000000060
172736  -48.961  23.582  8.038 0.4000000060
174971  -44.243  25.110  2.172 0.5000000000
176849  -43.269  26.466  1.858 0.5000000000
149553  -50.247  8.568  -3.017 0.2000000030
150894  -49.965  9.202  -2.920 0.2000000030
153544  -50.507  10.731  -2.489 0.2000000030
152225  -50.180  10.108  -2.802 0.2000000030
149556  -51.859  8.330  -2.894 0.2000000030
153551  -51.211  10.484  -2.766 0.2000000030
161102  -47.848  15.487  -0.789 0.3000000119
161115  -46.901  15.208  -1.419 0.3000000119
148170  -52.295  7.525  -2.898 0.2000000030
162227  -42.803  16.209  2.806 0.1000000015
161074  -43.549  15.354  2.443 0.1000000015
162238  -44.009  15.857  1.706 0.1000000015
152221  -51.299  10.376  -1.557 0.2000000030
162257  -44.611  16.356  0.355 0.1000000015
161114  -45.207  15.668  -0.748 0.3000000119
161125  -46.674  15.554  -1.851 0.3000000119
161126  -47.076  15.921  -1.695 0.3000000119
162280  -47.780  16.181  -1.160 0.3000000119
162269  -48.825  15.991  -0.798 0.4000000060
161103  -48.481  15.378  -0.596 0.3000000119
157381  -51.192  12.763  -1.090 0.3000000119
161104  -49.194  15.376  -0.545 0.4000000060
148146  -51.399  7.901  -1.105 0.3000000119
150884  -50.784  8.953  -1.184 0.2000000030
164559  -44.157  17.703  -0.287 0.3000000119
162267  -44.937  16.323  -0.341 0.3000000119
163384  -44.721  16.886  -0.335 0.3000000119
163405  -45.500  16.745  -2.243 0.3000000119
163403  -44.726  17.426  -1.057 0.3000000119
164575  -45.019  17.642  -2.108 0.3000000119
163415  -45.972  17.035  -2.720 0.3000000119
163393  -47.635  16.527  -1.553 0.3000000119
165795  -44.851  18.499  -2.738 0.3000000119
164585  -46.441  17.585  -3.209 0.3000000119
163395  -48.600  17.044  -1.498 0.6000000238
163394  -47.974  16.767  -1.489 0.3000000119
162283  -49.816  16.757  -1.150 0.5000000000
162270  -49.518  16.036  -0.863 0.4000000060
159901  -52.054  14.744  0.128 0.4000000060
156095  -52.298  12.945  0.077 0.4000000060
161106  -50.627  15.438  -0.553 0.4000000060
162271  -50.231  16.111  -0.840 0.4000000060
145326  -52.288  5.704  2.502 0.3000000119
159853  -48.350  14.743  2.542 0.6999999881
158590  -49.113  13.997  2.424 0.4000000060
156063  -48.915  12.580  2.640 0.3000000119
159861  -48.615  15.162  2.338 0.6999999881
161076  -48.752  15.581  2.175 0.6999999881
159863  -49.821  14.806  2.068 0.5000000000
156081  -51.050  12.491  1.253 0.2000000030
153512  -50.672  11.265  0.522 0.2000000030
157337  -50.741  13.354  1.893 0.4000000060
162241  -49.698  16.442  1.737 0.6999999881
159864  -50.496  14.809  1.933 0.5000000000
159865  -51.112  14.779  1.800 0.4000000060
157346  -51.430  13.336  1.519 0.4000000060
162248  -49.979  16.940  1.470 0.6999999881
158612  -52.285  14.103  0.858 0.4000000060
163408  -48.126  17.297  -1.902 0.4000000060
164577  -48.204  17.952  -2.184 0.5000000000
159883  -52.309  14.754  0.608 0.4000000060
167008  -45.015  19.605  -3.144 0.3000000119
165807  -46.775  18.918  -3.606 0.4000000060
165808  -47.480  18.914  -3.122 0.5000000000
163410  -49.134  18.117  -1.730 0.6000000238
163409  -48.691  17.696  -1.853 0.5000000000
163386  -51.286  16.705  -0.452 0.6000000238
162272  -50.936  16.292  -0.616 0.5000000000
163385  -50.872  17.348  -0.582 0.6000000238
163397  -50.162  17.612  -1.200 0.6000000238
161107  -51.282  15.456  -0.358 0.4000000060
161108  -51.833  15.393  -0.067 0.4000000060
168197  -45.568  20.267  -2.468 0.5000000000
166998  -46.895  19.895  -2.743 0.6000000238
165797  -48.041  19.013  -2.455 0.5000000000
164578  -48.635  18.468  -2.006 0.6000000238
164567  -49.682  18.371  -1.297 0.6000000238
168188  -46.359  20.484  -1.792 0.6000000238
168199  -46.904  20.122  -2.174 0.6000000238
168187  -45.783  20.542  -1.989 0.6000000238
166986  -47.786  19.756  -1.837 0.6000000238
168190  -47.454  20.144  -1.675 0.6000000238
168174  -47.107  20.544  -1.342 0.6000000238
169354  -46.709  21.007  -1.117 0.6000000238
169353  -46.024  20.998  -1.309 0.6000000238
169356  -47.981  20.827  -0.947 0.6999999881
164553  -50.222  18.270  0.375 0.6000000238
164545  -50.564  17.892  0.471 0.6000000238
163371  -51.383  16.936  0.488 0.5000000000
166962  -49.480  19.625  0.141 0.6999999881
163377  -51.006  17.484  0.199 0.6000000238
164501  -45.964  17.880  4.410 0.6999999881
166911  -46.254  19.238  5.376 0.6999999881
165705  -45.525  19.095  6.267 0.8000000119
166912  -46.643  19.344  4.995 0.8000000119
168115  -48.670  20.272  4.659 0.8000000119
166895  -45.956  19.541  6.682 0.6999999881
166896  -46.520  19.776  6.307 0.6999999881
168094  -46.892  19.873  6.081 0.6999999881
168108  -49.385  20.539  5.956 0.6999999881
145314  -48.511  6.110  4.273 0.3000000119
168097  -48.852  20.441  6.299 0.6999999881
169273  -50.462  21.467  5.306 0.6999999881
168098  -49.453  20.501  6.568 0.6999999881
146728  -49.363  6.668  2.093 0.3000000119
145336  -50.157  6.052  2.406 0.3000000119
148121  -49.748  7.836  0.435 0.3000000119
166877  -46.040  19.657  8.252 0.6999999881
168072  -49.031  20.510  7.675 0.6999999881
168058  -47.783  20.332  7.963 0.6999999881
168086  -49.625  20.570  7.180 0.6999999881
170421  -50.957  22.009  5.840 0.6000000238
172813  -45.288  23.475  2.965 0.5000000000
152185  -48.567  10.021  2.252 0.3000000119
166866  -45.371  19.159  8.953 0.8000000119
165677  -45.623  19.046  9.808 0.8000000119
166848  -47.539  19.923  10.101 0.6999999881
166857  -46.115  19.274  10.039 0.8000000119
166869  -47.304  20.140  8.410 0.6999999881
166859  -47.359  19.996  9.168 0.6999999881
168049  -48.541  20.363  8.871 0.6000000238
168059  -48.458  20.420  8.175 0.6999999881
168029  -48.517  20.282  10.272 0.6999999881
166849  -48.042  20.126  10.249 0.6999999881
168050  -49.160  20.526  9.080 0.6999999881
168073  -49.639  20.609  7.838 0.6999999881
169203  -50.178  20.934  9.500 0.6000000238
168062  -50.341  20.814  8.244 0.6000000238
168041  -49.134  20.538  9.810 0.6999999881
169204  -50.740  21.171  9.654 0.6000000238
170375  -51.521  22.001  8.434 0.6000000238
170346  -51.614  22.279  10.304 0.6000000238
170329  -51.471  22.173  11.245 0.6000000238
169252  -51.057  21.338  7.287 0.6000000238
169237  -51.173  21.362  8.148 0.6000000238
170422  -51.259  22.388  6.250 0.6000000238
170405  -51.273  22.025  6.711 0.6000000238
171594  -51.366  22.649  6.528 0.6000000238
177823  -41.762  27.352  2.119 0.5000000000
177822  -40.737  27.672  2.485 0.5000000000
175923  -42.917  26.034  2.515 0.5000000000
176847  -42.001  26.843  2.466 0.4000000060
164450  -43.635  17.595  9.538 0.8000000119
164471  -44.024  18.190  8.091 0.8000000119
156039  -46.334  12.332  4.362 0.5000000000
159828  -44.886  14.617  5.494 0.6000000238
162186  -44.016  16.837  6.632 0.8000000119
161042  -44.687  15.467  5.551 0.6999999881
165657  -46.406  19.149  11.393 0.8000000119
165656  -45.976  18.921  10.984 0.8000000119
165647  -45.496  18.476  11.438 0.8000000119
166833  -46.871  19.488  12.241 0.6999999881
166839  -48.000  20.067  10.691 0.6999999881
168014  -47.691  19.913  12.349 0.6999999881
168018  -48.538  20.263  11.084 0.8000000119
168042  -49.695  20.762  10.037 0.6000000238
168031  -49.757  20.747  10.769 0.6999999881
169187  -50.777  21.232  10.492 0.6999999881
173846  -50.801  24.031  10.129 0.3000000119
173855  -50.269  24.178  9.637 0.5000000000
171563  -47.092  22.470  6.940 0.3000000119
178826  -40.112  28.209  2.388 0.6000000238
174946  -43.062  24.862  3.218 0.4000000060
163302  -43.490  17.219  7.819 0.8000000119
166827  -45.759  19.369  13.314 0.6999999881
166829  -46.907  19.660  12.844 0.6999999881
166824  -46.120  19.827  13.546 0.6000000238
168016  -49.039  20.584  12.347 0.6999999881
169149  -49.461  20.727  12.055 0.6999999881
169150  -49.971  20.989  11.829 0.6999999881
169132  -49.204  21.086  13.303 0.6000000238
169151  -50.725  21.440  12.244 0.5000000000
170312  -51.174  21.742  12.415 0.5000000000
170313  -51.350  22.089  12.017 0.4000000060
172705  -51.196  23.544  10.582 0.4000000060
173854  -49.739  23.905  9.954 0.5000000000
172715  -49.328  23.687  9.613 0.4000000060
172724  -48.918  23.519  8.714 0.4000000060
171541  -48.120  23.015  8.971 0.4000000060
172796  -42.628  23.962  4.001 0.3000000119
176830  -41.834  26.138  3.309 0.4000000060
164432  -44.959  18.172  12.457 0.6000000238
169117  -45.732  21.057  14.983 0.5000000000
167995  -45.309  20.577  14.631 0.4000000060
169126  -47.297  21.056  14.316 0.5000000000
169128  -49.376  21.517  13.998 0.5000000000
169141  -50.467  21.590  13.043 0.4000000060
171492  -51.311  22.667  12.318 0.3000000119
170288  -50.739  21.887  13.433 0.3000000119
171465  -51.438  22.652  13.640 0.3000000119
173844  -49.614  23.907  10.614 0.4000000060
172703  -48.871  23.464  10.003 0.4000000060
171551  -47.060  22.488  7.700 0.3000000119
171540  -47.575  22.801  8.798 0.3000000119
172671  -51.355  23.160  12.608 0.3000000119
173822  -50.097  24.260  11.716 0.4000000060
169113  -46.336  21.805  15.690 0.3000000119
169120  -48.150  21.735  14.771 0.4000000060
170277  -49.648  21.813  14.432 0.3000000119
171451  -50.506  22.452  15.041 0.3000000119
173815  -50.360  24.469  12.493 0.3000000119
172692  -49.215  23.755  10.908 0.4000000060
172691  -48.800  23.524  10.724 0.3000000119
170360  -46.422  22.333  8.861 0.2000000030
170262  -47.637  22.364  15.969 0.2000000030
170263  -48.385  22.302  15.618 0.2000000030
170268  -47.950  21.998  15.245 0.3000000119
171445  -48.813  22.629  15.978 0.1000000015
170265  -49.600  22.338  15.343 0.2000000030
172616  -50.975  23.436  15.984 0.1000000015
172648  -51.469  23.413  14.040 0.3000000119
172677  -48.870  23.732  11.471 0.3000000119
173820  -48.960  23.892  11.844 0.3000000119
173814  -49.532  24.344  12.409 0.3000000119
172690  -48.266  23.168  10.368 0.3000000119
173795  -50.625  24.677  14.374 0.3000000119
173807  -50.526  24.535  13.374 0.3000000119
143803  -55.139  4.948  4.691 0.2000000030
143820  -55.294  4.928  3.762 0.2000000030
143837  -55.465  5.166  2.884 0.2000000030
143853  -55.633  5.477  2.085 0.2000000030
143802  -54.364  4.817  4.913 0.2000000030
145342  -54.975  5.919  1.605 0.2000000030
143768  -54.514  5.657  5.972 0.2000000030
143836  -54.581  5.025  3.005 0.2000000030
143852  -54.793  5.452  2.265 0.2000000030
145343  -55.781  5.918  1.395 0.2000000030
145360  -55.138  6.363  0.968 0.2000000030
146745  -55.223  6.689  0.324 0.2000000030
146764  -55.248  6.659  -0.382 0.2000000030
146778  -54.965  6.356  -0.924 0.1000000015
146777  -54.533  6.778  -0.799 0.2000000030
143900  -54.334  5.717  -0.961 0.2000000030
145399  -54.551  6.063  -1.022 0.2000000030
143889  -53.361  5.107  -0.683 0.2000000030
143899  -53.772  5.587  -1.040 0.2000000030
143766  -53.436  5.408  6.134 0.2000000030
145279  -53.652  6.196  6.478 0.2000000030
143801  -53.996  4.790  5.238 0.2000000030
143767  -53.995  5.578  6.053 0.2000000030
143784  -54.277  5.158  5.591 0.2000000030
143819  -54.232  4.672  3.963 0.2000000030
146744  -54.443  6.635  0.512 0.2000000030
143887  -52.002  5.150  -0.690 0.1000000015
143888  -52.626  5.097  -0.724 0.1000000015
145398  -54.028  6.122  -1.231 0.2000000030
142368  -51.702  4.925  -0.354 0.1000000015
143897  -52.368  5.499  -1.110 0.1000000015
145397  -53.422  5.997  -1.397 0.2000000030
143875  -49.513  5.477  0.277 0.1000000015
143876  -50.196  5.256  -0.020 0.1000000015
145371  -48.053  6.315  0.299 0.1000000015
145268  -53.172  6.462  6.761 0.2000000030
143783  -53.723  4.936  5.692 0.2000000030
142292  -53.677  4.645  5.269 0.2000000030
142313  -53.880  4.634  4.325 0.2000000030
142302  -53.717  4.564  4.757 0.2000000030
143851  -53.979  5.475  2.424 0.2000000030
145359  -54.321  6.288  1.130 0.2000000030
145341  -54.149  5.902  1.783 0.2000000030
146763  -54.516  6.799  -0.100 0.2000000030
146791  -54.441  6.427  -1.155 0.2000000030
146790  -53.856  6.635  -1.206 0.2000000030
143885  -50.592  5.594  -0.522 0.1000000015
143896  -51.834  5.493  -0.982 0.1000000015
145396  -52.752  5.925  -1.549 0.2000000030
145407  -53.644  6.386  -1.561 0.2000000030
145382  -48.486  6.620  -0.243 0.1000000015
145372  -48.922  6.131  0.030 0.1000000015
143884  -49.998  5.744  -0.320 0.1000000015
145386  -51.547  5.656  -1.021 0.1000000015
145267  -52.701  6.274  6.894 0.2000000030
143765  -52.888  5.067  6.194 0.2000000030
143782  -53.268  4.877  5.874 0.2000000030
142311  -53.164  4.924  3.974 0.2000000030
142291  -53.164  4.589  5.314 0.2000000030
142312  -53.541  4.698  4.148 0.2000000030
143818  -53.390  4.981  3.631 0.2000000030
143835  -53.733  5.123  3.062 0.2000000030
145358  -53.524  6.216  1.253 0.2000000030
143850  -53.359  5.524  2.561 0.2000000030
146743  -53.660  6.538  0.636 0.2000000030
146776  -53.812  6.856  -0.692 0.2000000030
146800  -53.338  6.708  -1.635 0.2000000030
145383  -49.116  6.562  -0.570 0.1000000015
145385  -51.081  5.879  -1.087 0.1000000015
145395  -51.862  5.965  -1.496 0.1000000015
146757  -47.965  6.899  -0.197 0.1000000015
146755  -46.578  7.005  0.108 0.1000000015
146768  -46.937  7.340  -0.186 0.1000000015
148130  -46.015  8.046  -0.333 0.1000000015
149528  -45.471  8.699  -0.380 0.1000000015
150872  -44.919  9.416  -0.514 0.1000000015
146645  -49.498  6.684  8.513 0.2000000030
145248  -49.469  5.899  7.932 0.2000000030
145236  -48.927  6.173  8.269 0.2000000030
149423  -51.406  8.624  8.095 0.2000000030
154696  -42.465  11.475  10.068 0.2000000030
145247  -48.618  5.760  7.745 0.2000000030
145263  -49.816  5.423  7.310 0.2000000030
154707  -42.854  11.442  9.294 0.2000000030
154708  -43.279  11.294  8.769 0.2000000030
153399  -43.662  10.958  8.596 0.2000000030
150761  -44.518  9.626  8.351 0.2000000030
149436  -45.218  8.748  7.797 0.2000000030
146640  -46.133  7.451  7.843 0.2000000030
146655  -46.760  6.761  7.542 0.2000000030
145260  -47.514  6.087  6.863 0.2000000030
145246  -47.868  5.927  7.588 0.2000000030
145262  -49.016  5.415  7.206 0.2000000030
146673  -52.315  6.926  7.224 0.2000000030
154717  -42.971  11.778  8.487 0.2000000030
154718  -43.414  11.447  8.238 0.2000000030
153400  -44.022  10.591  8.310 0.2000000030
152114  -44.516  9.789  7.761 0.2000000030
149449  -45.326  8.674  7.260 0.2000000030
146669  -46.442  7.121  7.048 0.2000000030
146670  -46.783  6.786  6.765 0.2000000030
145261  -48.244  5.712  6.909 0.2000000030
143747  -48.721  5.426  6.442 0.2000000030
155977  -42.559  12.318  8.776 0.2000000030
154728  -43.171  11.922  7.940 0.2000000030
153411  -43.749  11.088  8.072 0.2000000030
154730  -44.125  11.383  7.259 0.2000000030
150792  -45.046  9.288  7.140 0.2000000030
150793  -45.357  8.938  6.829 0.2000000030
148041  -46.418  7.280  6.581 0.2000000030
146682  -46.979  6.700  6.230 0.2000000030
146683  -47.381  6.321  6.124 0.2000000030
145276  -48.236  5.759  6.146 0.2000000030
153426  -44.667  10.777  6.664 0.2000000030
150806  -45.274  9.381  6.578 0.2000000030
149461  -45.994  8.312  6.233 0.2000000030
148053  -46.638  7.305  5.985 0.2000000030
145289  -47.820  6.057  5.863 0.2000000030
142281  -52.971  4.701  5.824 0.2000000030
154743  -44.769  11.334  6.345 0.2000000030
152151  -45.186  10.420  5.955 0.2000000030
150818  -45.925  9.046  5.737 0.2000000030
149473  -46.181  8.478  5.670 0.2000000030
146693  -47.553  6.560  5.333 0.2000000030
152152  -45.578  9.964  5.657 0.2000000030
152153  -46.016  9.485  5.368 0.2000000030
146789  -53.140  7.147  -1.410 0.2000000030
145406  -53.153  6.373  -1.824 0.1000000015
146769  -47.502  7.381  -0.374 0.1000000015
145384  -50.092  6.398  -1.058 0.1000000015
145394  -50.994  6.499  -1.826 0.1000000015
145404  -51.758  6.534  -2.192 0.1000000015
145405  -52.481  6.385  -2.043 0.1000000015
146799  -52.913  6.948  -2.207 0.1000000015
148120  -46.435  7.537  -0.224 0.1000000015
150873  -45.656  9.429  -0.396 0.1000000015
153517  -43.953  10.919  -0.281 0.1000000015
148031  -51.550  7.769  7.829 0.2000000030
146660  -51.839  7.161  7.548 0.2000000030
145249  -50.245  6.001  7.779 0.2000000030
146672  -51.802  6.523  7.386 0.2000000030
155956  -42.201  11.968  10.068 0.2000000030
155968  -42.279  12.300  9.599 0.2000000030
145277  -52.521  5.551  6.604 0.2000000030
157197  -41.158  13.178  12.378 0.3000000119
157198  -41.501  13.386  12.048 0.3000000119
155939  -41.767  12.328  11.219 0.2000000030
155955  -41.994  12.372  10.368 0.2000000030
143748  -49.394  5.254  6.586 0.2000000030
143764  -52.184  4.894  6.294 0.2000000030
157216  -41.831  13.131  10.853 0.2000000030
155967  -42.042  12.794  9.889 0.2000000030
157244  -42.346  12.920  9.030 0.2000000030
154729  -43.687  11.681  7.609 0.2000000030
143761  -49.678  5.176  5.937 0.2000000030
142280  -52.582  4.633  5.700 0.2000000030
155989  -42.816  12.447  8.075 0.2000000030
155990  -43.261  12.453  7.555 0.3000000119
154741  -44.033  11.898  7.092 0.2000000030
154742  -44.428  11.602  6.737 0.2000000030
142290  -52.350  4.746  4.903 0.2000000030
153459  -45.276  10.887  5.707 0.2000000030
150819  -46.237  8.988  5.259 0.2000000030
149474  -46.562  8.140  5.335 0.2000000030
146694  -47.975  6.333  4.908 0.2000000030
152163  -45.885  10.427  5.151 0.2000000030
149484  -47.001  8.053  4.647 0.2000000030
146712  -47.826  6.947  4.160 0.2000000030
146713  -48.292  6.654  3.708 0.2000000030
153460  -45.638  10.901  5.281 0.2000000030
150828  -46.618  8.912  4.781 0.2000000030
148084  -47.754  7.488  3.745 0.2000000030
148085  -48.136  7.490  3.175 0.2000000030
152164  -46.336  9.946  4.866 0.2000000030
152172  -46.656  10.425  4.390 0.2000000030
150829  -47.008  8.949  4.263 0.2000000030
149492  -47.817  8.328  3.312 0.2000000030
149500  -48.112  8.664  2.807 0.2000000030
152173  -47.009  9.956  4.116 0.2000000030
152179  -47.614  10.010  3.411 0.2000000030
150843  -47.853  9.241  3.056 0.2000000030
150844  -48.279  9.269  2.511 0.2000000030
153478  -46.851  10.892  4.115 0.2000000030
153479  -47.336  10.826  3.664 0.3000000119
146771  -49.265  6.961  -1.086 0.1000000015
146772  -49.728  6.940  -1.361 0.1000000015
146796  -50.826  7.167  -2.531 0.1000000015
146798  -52.229  6.834  -2.550 0.1000000015
148132  -47.557  7.951  -0.763 0.1000000015
148133  -48.049  7.814  -0.966 0.1000000015
146770  -48.350  7.257  -0.766 0.1000000015
146784  -49.436  7.295  -1.479 0.1000000015
146795  -50.284  7.420  -2.348 0.1000000015
149529  -46.205  8.675  -0.443 0.1000000015
149530  -46.938  8.646  -0.575 0.1000000015
157334  -44.258  13.303  1.460 0.1000000015
152206  -45.129  10.241  -0.606 0.1000000015
154824  -43.856  11.409  0.224 0.1000000015
150749  -49.338  9.255  9.473 0.2000000030
149407  -49.792  8.513  9.103 0.2000000030
148019  -50.625  7.633  8.493 0.2000000030
146646  -50.167  6.991  8.475 0.2000000030
146658  -50.633  6.761  8.072 0.2000000030
146657  -50.032  6.425  8.208 0.2000000030
145250  -50.830  6.177  7.635 0.2000000030
146659  -51.295  6.810  7.673 0.2000000030
145264  -50.570  5.534  7.309 0.2000000030
145266  -52.085  5.951  6.983 0.2000000030
159743  -40.783  14.439  12.645 0.3000000119
159744  -41.192  14.699  12.505 0.3000000119
143749  -50.137  5.190  6.654 0.2000000030
143750  -50.925  5.059  6.761 0.2000000030
143762  -50.445  5.054  5.952 0.2000000030
158474  -40.805  13.898  12.635 0.3000000119
158475  -41.381  13.919  12.262 0.3000000119
157206  -41.620  13.102  11.592 0.3000000119
158490  -41.862  13.802  11.250 0.3000000119
143778  -49.923  5.164  5.250 0.2000000030
143779  -50.674  5.009  5.197 0.2000000030
142279  -51.950  4.721  5.478 0.2000000030
158505  -41.929  13.917  10.586 0.4000000060
157243  -42.109  13.279  9.503 0.4000000060
157255  -42.283  13.519  8.928 0.3000000119
157266  -42.959  13.194  7.686 0.3000000119
158539  -42.820  14.020  7.951 0.5000000000
143777  -49.174  5.383  5.275 0.2000000030
143796  -50.141  5.209  4.583 0.2000000030
142289  -51.895  4.830  5.033 0.2000000030
157276  -43.921  13.072  6.781 0.2000000030
156012  -44.537  12.330  6.380 0.2000000030
143795  -49.460  5.404  4.613 0.2000000030
142301  -52.944  4.795  4.400 0.2000000030
158548  -44.129  13.698  6.448 0.5000000000
157277  -44.342  12.983  6.417 0.3000000119
154757  -44.733  11.840  6.280 0.2000000030
146707  -48.111  6.475  4.409 0.2000000030
157287  -44.983  12.971  5.843 0.3000000119
154771  -45.411  11.613  5.451 0.3000000119
156026  -45.583  12.331  5.222 0.3000000119
154772  -45.807  11.622  5.040 0.2000000030
156038  -45.955  12.333  4.790 0.3000000119
153471  -46.434  10.901  4.499 0.2000000030
157303  -46.063  13.036  4.515 0.4000000060
154789  -47.043  11.607  3.800 0.4000000060
146807  -51.905  7.293  -3.014 0.1000000015
148142  -47.911  8.176  -1.021 0.1000000015
148144  -49.047  7.723  -1.584 0.1000000015
150874  -46.412  9.389  -0.367 0.1000000015
150875  -47.155  9.353  -0.497 0.1000000015
149531  -47.567  8.664  -0.826 0.1000000015
149537  -48.081  8.605  -1.125 0.1000000015
149544  -48.960  8.577  -1.863 0.1000000015
153519  -45.401  11.085  -0.699 0.1000000015
152208  -46.666  10.142  -0.224 0.1000000015
150876  -47.878  9.311  -0.808 0.1000000015
154840  -45.056  12.051  -1.099 0.1000000015
154828  -46.476  11.773  -0.204 0.1000000015
153521  -46.984  10.956  0.011 0.1000000015
156114  -45.764  12.674  -1.077 0.1000000015
156089  -47.241  12.110  0.116 0.1000000015
152090  -49.754  10.110  9.519 0.2000000030
152091  -50.401  10.127  9.006 0.2000000030
150750  -50.056  9.377  9.118 0.2000000030
150751  -50.621  9.416  8.710 0.2000000030
149408  -50.340  8.830  8.860 0.2000000030
149421  -50.338  8.224  8.826 0.2000000030
149422  -50.821  8.593  8.512 0.2000000030
148030  -51.077  7.388  8.085 0.2000000030
148020  -51.139  7.999  8.245 0.2000000030
145265  -51.351  5.843  7.294 0.2000000030
143751  -51.707  5.212  6.762 0.2000000030
159751  -41.905  14.332  11.565 0.4000000060
159757  -42.011  14.489  11.054 0.4000000060
143763  -51.321  4.869  5.934 0.2000000030
159766  -42.036  14.673  10.391 0.5000000000
143780  -51.418  4.912  5.025 0.2000000030
143798  -51.417  5.059  4.365 0.2000000030
158519  -41.995  14.103  9.843 0.4000000060
158531  -42.141  14.083  9.200 0.5000000000
158532  -42.412  14.113  8.596 0.5000000000
159802  -42.700  14.872  8.252 0.5000000000
143797  -50.811  5.104  4.489 0.2000000030
143815  -51.484  5.214  3.804 0.2000000030
158547  -43.711  13.784  6.826 0.5000000000
159810  -43.654  14.685  6.821 0.5000000000
159811  -43.926  14.189  6.533 0.5000000000
158554  -44.572  13.554  6.037 0.4000000060
159820  -44.685  14.115  5.815 0.5000000000
145355  -51.193  6.173  1.542 0.2000000030
149506  -48.687  8.377  1.611 0.2000000030
150882  -48.781  9.241  -1.554 0.1000000015
152209  -47.462  10.092  -0.345 0.1000000015
152210  -48.204  10.043  -0.661 0.1000000015
153522  -47.873  10.891  -0.097 0.1000000015
153523  -48.811  10.715  -0.761 0.1000000015
156101  -46.920  12.477  -0.129 0.1000000015
153509  -47.408  11.314  0.151 0.1000000015
163270  -43.621  17.060  10.672 0.6999999881
162142  -43.293  16.579  10.918 0.6999999881
163277  -43.533  17.261  9.935 0.6999999881
160977  -42.603  15.701  10.703 0.6000000238
160981  -42.570  15.837  10.042 0.6000000238
163276  -43.202  16.941  9.598 0.6000000238
163297  -43.245  17.129  8.628 0.6999999881
160976  -42.228  15.158  10.905 0.6000000238
160992  -42.501  15.757  9.359 0.6000000238
162158  -42.818  16.356  8.993 0.6000000238
162177  -43.237  16.387  7.710 0.6000000238
143799  -52.018  5.045  4.293 0.2000000030
160980  -42.281  15.314  10.254 0.5000000000
159778  -42.272  15.287  9.461 0.6000000238
161003  -42.706  15.740  8.566 0.5000000000
161013  -42.957  15.586  7.877 0.6000000238
161014  -43.387  15.565  7.239 0.6000000238
162193  -43.919  15.951  6.456 0.6000000238
161023  -43.757  15.530  6.667 0.5000000000
145324  -50.874  5.675  2.797 0.2000000030
159819  -44.266  14.595  6.132 0.5000000000
159827  -44.552  15.039  5.759 0.5000000000
159881  -44.811  14.843  0.229 0.1000000015
159893  -45.059  14.938  -0.452 0.2000000030
154830  -48.401  11.531  -0.114 0.1000000015
158636  -44.942  14.321  -0.509 0.2000000030
158655  -45.901  14.182  -1.436 0.2000000030
157366  -47.532  13.124  -0.025 0.1000000015
156090  -47.558  12.444  0.115 0.1000000015
157377  -45.510  13.403  -1.351 0.2000000030
157365  -47.071  13.282  -0.263 0.2000000030
164558  -43.611  18.033  -0.094 0.1000000015
158662  -45.404  14.590  -1.567 0.2000000030
159910  -46.458  14.550  -1.387 0.2000000030
158637  -47.015  14.014  -0.564 0.2000000030
165752  -40.364  19.075  0.927 0.1000000015
165760  -40.513  19.395  0.484 0.1000000015
165753  -41.317  18.573  1.113 0.1000000015
165761  -40.999  19.110  0.429 0.1000000015
165763  -42.762  18.427  0.209 0.2000000030
165762  -42.040  18.776  0.250 0.2000000030
164557  -43.148  18.194  0.217 0.1000000015
165771  -43.559  18.285  -0.520 0.2000000030
168154  -40.167  20.544  0.458 0.1000000015
166961  -41.240  19.397  -0.095 0.1000000015
166966  -41.636  19.668  -0.666 0.1000000015
165770  -43.045  18.603  -0.374 0.2000000030
165778  -42.983  19.189  -1.408 0.2000000030
165786  -43.706  19.001  -1.932 0.2000000030
174940  -36.403  25.273  3.799 0.1000000015
174929  -36.768  24.878  4.160 0.1000000015
175893  -37.049  25.581  3.266 0.1000000015
174941  -37.128  25.082  3.742 0.1000000015
174943  -38.350  24.725  3.416 0.1000000015
168147  -40.015  20.947  0.908 0.1000000015
169325  -40.648  21.221  0.282 0.1000000015
168155  -40.710  20.532  -0.179 0.1000000015
168160  -41.233  20.512  -0.712 0.1000000015
165769  -42.389  19.270  -0.780 0.1000000015
165777  -42.481  19.515  -1.310 0.1000000015
166974  -42.520  19.829  -1.766 0.2000000030
166983  -42.998  19.737  -2.048 0.2000000030
175880  -35.022  25.731  3.871 0.1000000015
175881  -35.503  25.534  3.760 0.1000000015
174953  -37.482  25.326  3.357 0.1000000015
174942  -37.833  24.851  3.601 0.1000000015
174954  -37.983  25.251  3.190 0.2000000030
169324  -40.314  21.295  0.817 0.1000000015
169332  -41.148  21.195  -0.227 0.1000000015
169333  -41.814  21.157  -0.610 0.1000000015
168169  -42.412  20.489  -1.461 0.2000000030
168170  -43.238  20.448  -1.746 0.2000000030
168185  -44.023  20.160  -2.274 0.2000000030
168186  -44.960  20.569  -1.954 0.4000000060
176817  -34.664  26.559  3.593 0.2000000030
175890  -35.306  25.915  3.462 0.2000000030
176826  -35.221  26.457  2.918 0.2000000030
175891  -35.845  25.764  3.376 0.2000000030
175903  -36.178  25.966  2.996 0.2000000030
175904  -36.686  25.979  2.878 0.1000000015
175905  -37.391  25.748  2.924 0.2000000030
175907  -38.589  25.604  2.541 0.2000000030
176845  -37.593  26.464  1.907 0.2000000030
170490  -41.621  22.203  -0.042 0.2000000030
169334  -42.551  21.347  -0.596 0.3000000119
170504  -42.796  21.933  -0.309 0.3000000119
169349  -42.914  20.959  -1.083 0.2000000030
169335  -43.272  21.426  -0.596 0.2000000030
168171  -44.192  20.695  -1.606 0.3000000119
179811  -37.908  29.539  1.644 0.6000000238
180792  -36.903  30.441  1.065 0.6000000238
178808  -34.348  28.235  3.236 0.2000000030
176825  -34.827  26.873  3.086 0.2000000030
177812  -34.939  27.422  2.368 0.2000000030
176834  -36.063  26.353  2.478 0.2000000030
176833  -35.492  26.939  2.132 0.2000000030
176843  -35.959  26.940  1.730 0.2000000030
176835  -36.614  26.251  2.485 0.2000000030
176844  -36.761  26.514  2.042 0.2000000030
176858  -36.363  26.975  1.423 0.2000000030
176859  -37.102  26.827  1.375 0.3000000119
175936  -38.382  26.219  1.836 0.3000000119
171678  -42.447  22.293  -0.201 0.3000000119
170505  -43.513  22.052  -0.275 0.4000000060
169336  -44.055  21.528  -0.635 0.5000000000
169351  -44.531  21.114  -1.163 0.5000000000
169363  -44.986  20.928  -1.482 0.5000000000
179812  -38.382  29.334  1.532 0.5000000000
180784  -37.100  29.873  1.942 0.5000000000
179805  -37.754  29.411  2.139 0.4000000060
180783  -36.434  30.431  1.823 0.6000000238
182787  -34.349  31.282  1.240 0.4000000060
178815  -34.577  28.231  2.681 0.2000000030
180790  -34.649  29.710  1.355 0.4000000060
178823  -34.947  28.135  1.755 0.2000000030
179810  -35.017  28.778  1.184 0.3000000119
177829  -35.467  27.725  1.239 0.2000000030
177830  -35.841  27.409  1.118 0.3000000119
169352  -45.240  21.186  -1.182 0.5000000000
169337  -44.827  21.581  -0.718 0.5000000000
178818  -39.616  28.185  3.087 0.3000000119
178833  -39.640  28.634  2.015 0.5000000000
178825  -39.303  28.614  2.520 0.3000000119
178809  -38.249  28.741  4.105 0.2000000030
178824  -38.854  28.777  2.718 0.3000000119
178817  -38.932  28.597  3.064 0.2000000030
179806  -38.670  29.022  2.307 0.4000000060
178803  -38.365  28.561  4.509 0.2000000030
179797  -37.894  29.179  2.904 0.2000000030
179790  -38.034  28.989  3.690 0.2000000030
179784  -37.845  28.982  4.490 0.2000000030
179796  -37.301  29.466  2.789 0.4000000060
179789  -37.151  29.433  3.523 0.2000000030
179783  -37.215  29.359  4.364 0.2000000030
179804  -37.253  29.604  2.389 0.4000000060
180770  -36.529  29.895  3.420 0.4000000060
180771  -36.968  29.634  3.112 0.2000000030
179782  -36.775  29.581  4.112 0.2000000030
143833  -52.196  5.425  3.116 0.2000000030
148091  -48.420  7.552  2.592 0.2000000030
145323  -50.176  5.638  3.182 0.2000000030
149501  -48.380  8.387  2.283 0.2000000030
143800  -52.456  5.049  4.109 0.2000000030
143813  -50.285  5.319  3.909 0.2000000030
143816  -52.077  5.228  3.706 0.2000000030
143830  -50.574  5.364  3.582 0.2000000030
145337  -50.892  6.022  2.065 0.2000000030
145325  -51.580  5.675  2.600 0.2000000030
143832  -51.525  5.406  3.219 0.2000000030
148108  -49.433  7.541  0.965 0.2000000030
157353  -44.548  13.319  0.141 0.1000000015
157378  -46.204  13.337  -0.982 0.2000000030
156079  -44.221  12.701  1.082 0.1000000015
156087  -44.067  12.188  0.816 0.1000000015
158635  -44.751  14.041  -0.138 0.2000000030
157363  -44.657  13.344  -0.501 0.1000000015
154825  -44.185  11.822  -0.192 0.1000000015
157364  -46.624  13.039  -0.515 0.1000000015
158656  -46.542  14.057  -1.017 0.2000000030
169316  -40.059  21.313  1.380 0.1000000015
183829  -33.945  31.710  1.887 0.3000000119
181780  -34.501  30.529  1.225 0.4000000060
178844  -35.369  28.343  0.935 0.3000000119
148156  -49.239  8.032  -1.972 0.1000000015
150877  -48.368  9.504  -1.078 0.1000000015
154819  -47.928  11.899  0.163 0.1000000015
146806  -51.462  7.466  -2.998 0.1000000015
148158  -50.369  7.653  -2.617 0.1000000015
148145  -49.531  7.583  -1.845 0.1000000015
159894  -47.397  14.483  -0.562 0.2000000030
158638  -47.645  13.827  -0.187 0.2000000030
159895  -47.990  14.723  -0.434 0.2000000030
146808  -52.506  7.202  -2.786 0.1000000015
143834  -52.943  5.391  2.997 0.2000000030
161101  -45.010  15.636  -0.208 0.2000000030
164565  -43.866  18.067  -0.568 0.2000000030
165787  -44.228  18.405  -1.715 0.3000000119
165793  -43.942  19.023  -2.271 0.2000000030
145338  -51.698  5.944  1.980 0.2000000030
143776  -48.719  5.546  5.518 0.2000000030
148099  -49.164  7.246  1.536 0.2000000030
146727  -48.789  6.998  2.454 0.2000000030
157296  -45.692  13.029  4.951 0.3000000119
154782  -46.603  11.617  4.224 0.2000000030
162168  -43.182  16.833  8.122 0.6000000238
163271  -44.076  17.347  11.071 0.6000000238
163278  -43.948  17.519  10.442 0.6999999881
158555  -44.991  13.692  5.620 0.5000000000
157295  -45.324  13.035  5.401 0.4000000060
145280  -54.297  6.235  6.274 0.2000000030
143898  -53.071  5.503  -1.123 0.2000000030
145278  -53.071  5.817  6.526 0.2000000030
143886  -51.368  5.293  -0.558 0.1000000015
145373  -49.538  6.050  -0.324 0.1000000015
143817  -52.751  5.161  3.716 0.2000000030
146783  -48.899  7.424  -1.240 0.1000000015
145235  -48.263  6.160  8.240 0.2000000030
153386  -43.253  10.996  9.638 0.2000000030
152099  -44.286  10.048  8.631 0.2000000030
152113  -44.320  10.121  7.931 0.2000000030
149437  -45.565  8.211  7.669 0.2000000030
153412  -44.086  10.879  7.693 0.2000000030
152127  -44.581  10.058  7.290 0.2000000030
148040  -46.107  7.653  6.862 0.2000000030
153425  -44.363  10.856  7.183 0.2000000030
152139  -45.068  10.034  6.442 0.2000000030
149462  -46.313  7.971  5.890 0.2000000030
152140  -45.360  9.605  6.228 0.2000000030
148076  -47.226  7.489  4.776 0.2000000030
146706  -47.709  6.804  4.666 0.2000000030
145393  -50.442  6.701  -1.690 0.1000000015
146786  -50.586  6.848  -1.994 0.1000000015
146797  -51.581  6.952  -2.667 0.1000000015
152207  -45.873  10.210  -0.334 0.1000000015
153533  -44.733  11.692  -1.023 0.1000000015
157232  -41.956  13.265  10.162 0.2000000030
157256  -42.572  13.215  8.412 0.3000000119
157267  -43.450  13.140  7.182 0.3000000119
156001  -44.178  12.391  6.758 0.2000000030
148077  -47.453  7.439  4.391 0.2000000030
149485  -47.362  8.217  3.970 0.2000000030
146719  -48.549  6.890  2.975 0.2000000030
152165  -46.766  9.446  4.519 0.2000000030
150835  -47.443  9.120  3.685 0.2000000030
149538  -48.523  8.580  -1.483 0.1000000015
157344  -44.439  13.311  0.827 0.1000000015
156099  -44.425  12.648  -0.325 0.1000000015
153518  -44.562  11.166  -0.850 0.1000000015
154826  -45.305  11.621  -0.915 0.1000000015
159745  -41.753  14.506  12.050 0.3000000119
158482  -41.729  13.835  11.823 0.3000000119
158540  -43.271  13.934  7.320 0.5000000000
156013  -44.883  12.322  6.046 0.2000000030
156025  -45.223  12.318  5.657 0.3000000119
154781  -46.179  11.619  4.613 0.2000000030
154827  -45.734  11.878  -0.753 0.1000000015
156112  -44.698  12.718  -0.908 0.1000000015
159777  -42.128  14.921  9.731 0.5000000000
159791  -42.308  14.933  9.047 0.5000000000
159803  -43.105  14.783  7.555 0.5000000000
143831  -50.925  5.386  3.396 0.2000000030
148107  -48.972  7.801  1.408 0.2000000030
162144  -42.897  16.259  10.471 0.6000000238
162145  -43.231  16.752  10.261 0.6999999881
162148  -42.890  16.478  9.720 0.6000000238
163296  -43.001  16.716  8.791 0.6000000238
162167  -42.979  16.483  8.406 0.6000000238
158654  -45.180  14.221  -1.075 0.1000000015
166953  -39.904  19.533  0.916 0.1000000015
166960  -40.599  19.746  0.088 0.1000000015
164550  -42.788  18.098  0.694 0.2000000030
166973  -42.087  19.807  -1.300 0.1000000015
173918  -36.822  24.350  4.648 0.1000000015
168161  -41.807  20.469  -1.118 0.1000000015
169348  -42.287  20.939  -1.025 0.2000000030
169350  -43.706  21.023  -1.111 0.3000000119
177803  -34.639  27.456  3.020 0.2000000030
178816  -34.732  28.195  2.279 0.2000000030
179803  -34.608  28.891  1.903 0.3000000119
179802  -34.431  29.294  2.066 0.3000000119
180763  -36.705  29.734  4.561 0.3000000119
148098  -48.750  7.542  1.957 0.2000000030
155918  -41.240  11.913  12.366 0.2000000030
157192  -40.703  13.090  12.800 0.2000000030
155917  -41.044  12.345  12.607 0.2000000030
154598  -39.414  11.939  16.168 0.2000000030
154597  -38.577  11.957  16.365 0.2000000030
154615  -39.481  11.965  15.483 0.2000000030
154630  -39.755  11.882  14.938 0.2000000030
154649  -40.387  11.960  13.696 0.2000000030
155911  -40.503  12.440  13.187 0.2000000030
151988  -36.445  10.343  18.171 0.2000000030
153263  -36.723  10.889  17.862 0.2000000030
153264  -37.438  10.942  17.651 0.2000000030
153273  -37.909  11.306  17.309 0.2000000030
154574  -36.926  11.283  17.624 0.2000000030
154587  -38.088  11.749  16.804 0.2000000030
154586  -37.148  11.673  17.215 0.2000000030
155847  -37.456  12.155  16.575 0.2000000030
155848  -37.933  12.048  16.475 0.2000000030
155864  -38.031  12.289  16.056 0.2000000030
155885  -39.070  12.178  15.389 0.2000000030
155895  -39.429  12.165  14.825 0.2000000030
155884  -38.515  12.470  15.363 0.2000000030
155893  -38.424  12.995  14.718 0.2000000030
155894  -39.049  12.413  14.840 0.2000000030
155903  -39.519  12.268  14.435 0.2000000030
155910  -39.833  12.594  13.710 0.2000000030
155901  -38.679  13.187  14.281 0.2000000030
157184  -38.768  13.524  13.981 0.2000000030
157190  -39.671  13.381  13.383 0.2000000030
157191  -40.215  13.163  13.130 0.2000000030
149310  -35.341  8.766  19.398 0.1000000015
150673  -35.151  9.397  19.063 0.1000000015
151974  -35.449  10.029  18.675 0.1000000015
153252  -35.443  10.735  18.421 0.1000000015
151987  -35.884  10.355  18.326 0.1000000015
153262  -36.031  10.898  18.076 0.1000000015
154573  -36.362  11.604  17.666 0.2000000030
154585  -36.569  11.972  17.282 0.2000000030
155846  -36.496  12.531  16.904 0.2000000030
155862  -36.639  13.019  16.469 0.2000000030
155863  -37.147  12.871  16.146 0.2000000030
155883  -37.738  12.944  15.366 0.2000000030
155892  -37.960  13.229  14.928 0.2000000030
157176  -38.025  13.643  14.626 0.2000000030
157183  -38.397  13.806  14.174 0.3000000119
158457  -38.995  13.835  13.696 0.3000000119
158465  -39.334  14.155  13.401 0.4000000060
158466  -40.167  14.010  12.961 0.2000000030
159737  -40.565  14.838  12.793 0.3000000119
160970  -41.865  15.297  12.298 0.4000000060
160973  -42.131  14.992  11.618 0.3000000119
160974  -42.557  15.597  11.391 0.5000000000
158145  -31.241  13.810  37.175 0.1000000015
146469  -32.659  7.445  22.631 0.1000000015
147833  -31.834  8.135  23.682 0.1000000015
147870  -33.415  8.105  21.259 0.1000000015
149294  -34.280  8.274  20.232 0.1000000015
150660  -34.563  9.425  19.458 0.1000000015
150672  -34.818  9.667  19.134 0.1000000015
151973  -34.965  9.911  18.936 0.1000000015
153251  -34.842  10.545  18.803 0.1000000015
154562  -35.082  11.073  18.541 0.1000000015
154572  -35.393  11.550  18.187 0.2000000030
155835  -35.745  12.400  17.561 0.2000000030
155836  -36.292  12.123  17.357 0.2000000030
155882  -37.272  13.214  15.690 0.3000000119
157175  -37.583  13.838  14.977 0.3000000119
158455  -38.155  14.302  14.280 0.3000000119
159727  -38.372  14.936  14.062 0.3000000119
157167  -37.292  13.602  15.385 0.3000000119
159735  -39.257  14.955  13.401 0.4000000060
160966  -40.172  15.589  13.016 0.4000000060
159736  -39.825  14.854  13.095 0.4000000060
159738  -40.989  15.163  12.701 0.4000000060
160969  -41.328  15.484  12.618 0.4000000060
162138  -42.812  16.176  11.927 0.5000000000
160971  -42.369  15.594  11.961 0.5000000000
158152  -30.471  13.743  36.310 0.1000000015
155646  -28.399  12.654  34.708 0.1000000015
155643  -26.218  12.126  34.604 0.1000000015
154365  -25.615  11.623  35.496 0.1000000015
158155  -32.637  13.518  36.204 0.1000000015
158153  -31.034  14.117  36.552 0.1000000015
156922  -29.414  13.451  34.971 0.1000000015
155690  -29.406  12.044  30.609 0.1000000015
155681  -30.289  12.834  32.579 0.1000000015
154436  -29.579  11.500  29.093 0.1000000015
155694  -29.467  12.065  29.987 0.1000000015
151888  -30.217  10.207  26.770 0.1000000015
154438  -29.848  11.528  28.294 0.1000000015
147820  -31.462  8.293  24.462 0.1000000015
149224  -31.197  8.836  24.907 0.1000000015
150587  -30.993  9.446  25.199 0.1000000015
147858  -32.714  8.271  22.233 0.1000000015
149231  -31.530  8.848  24.375 0.1000000015
149264  -32.847  8.638  21.964 0.1000000015
150619  -32.937  9.252  21.705 0.1000000015
149292  -33.381  8.994  20.859 0.1000000015
150646  -33.812  9.456  20.166 0.1000000015
151961  -34.233  10.001  19.489 0.1000000015
153239  -34.375  10.399  19.196 0.1000000015
153250  -34.314  10.865  19.065 0.1000000015
154561  -34.629  11.452  18.735 0.1000000015
154571  -34.889  11.909  18.424 0.1000000015
155845  -35.929  12.835  17.174 0.2000000030
157145  -36.312  13.304  16.597 0.2000000030
158433  -36.633  13.784  16.060 0.2000000030
158448  -37.264  14.280  15.170 0.3000000119
158449  -37.716  14.311  14.735 0.3000000119
158432  -36.231  14.077  16.396 0.2000000030
158442  -36.772  14.182  15.756 0.3000000119
159720  -37.422  14.921  14.916 0.3000000119
159721  -37.884  14.931  14.473 0.3000000119
160960  -38.122  15.576  14.291 0.3000000119
160965  -39.554  15.567  13.268 0.4000000060
160961  -38.604  15.584  13.927 0.4000000060
160964  -39.042  15.589  13.551 0.4000000060
162131  -39.800  16.299  13.299 0.4000000060
160967  -40.815  15.610  12.814 0.5000000000
162133  -41.292  16.232  12.741 0.5000000000
162136  -41.720  15.878  12.539 0.5000000000
162137  -42.209  16.042  12.379 0.5000000000
162132  -40.526  16.312  13.041 0.4000000060
162134  -41.844  16.320  12.588 0.5000000000
163262  -42.119  16.486  12.553 0.5000000000
162139  -43.296  16.498  11.558 0.5000000000
163267  -43.693  16.898  11.390 0.6000000238
155661  -28.268  12.950  34.294 0.1000000015
156933  -26.209  13.018  34.089 0.1000000015
156918  -25.312  12.917  35.036 0.1000000015
156955  -31.283  13.268  33.822 0.1000000015
158171  -32.407  13.788  35.032 0.1000000015
158147  -32.607  14.219  37.296 0.1000000015
158169  -29.336  13.634  34.693 0.1000000015
156935  -27.652  13.311  33.754 0.1000000015
156972  -30.621  13.301  32.018 0.1000000015
156966  -30.705  13.198  32.696 0.1000000015
158163  -32.986  14.113  35.359 0.1000000015
159448  -32.159  15.164  36.638 0.1000000015
159446  -31.139  14.659  36.017 0.1000000015
155699  -29.868  12.172  28.842 0.1000000015
155695  -29.789  12.472  29.588 0.1000000015
158214  -31.411  13.802  32.631 0.1000000015
153156  -30.157  10.785  27.114 0.1000000015
155701  -30.160  12.220  28.015 0.1000000015
150588  -31.399  9.394  24.696 0.1000000015
153157  -30.433  10.832  26.485 0.1000000015
154442  -30.551  11.881  27.131 0.1000000015
149241  -31.874  8.792  23.593 0.1000000015
150590  -31.763  9.353  24.113 0.1000000015
151894  -31.295  9.986  25.026 0.1000000015
150609  -32.385  9.262  22.860 0.1000000015
151897  -31.958  9.914  24.138 0.1000000015
151922  -32.813  9.696  22.072 0.1000000015
150618  -32.675  9.211  22.277 0.1000000015
150629  -33.159  9.368  21.126 0.1000000015
151946  -33.513  9.972  20.316 0.1000000015
151923  -33.027  9.998  21.573 0.1000000015
151947  -33.860  10.008  19.882 0.1000000015
154560  -33.992  11.352  19.273 0.1000000015
155826  -34.565  12.275  18.671 0.1000000015
157134  -35.111  13.108  17.914 0.2000000030
158418  -35.713  13.976  17.065 0.2000000030
157135  -35.576  13.226  17.363 0.2000000030
158419  -36.019  13.635  16.721 0.2000000030
159706  -36.265  14.860  16.252 0.2000000030
160955  -36.810  15.583  15.739 0.2000000030
159713  -36.569  14.895  15.844 0.2000000030
159714  -36.991  14.901  15.418 0.2000000030
162119  -37.562  16.057  15.040 0.3000000119
162120  -38.035  16.306  14.674 0.3000000119
160958  -37.675  15.566  14.729 0.3000000119
162124  -38.401  16.083  14.176 0.4000000060
162126  -39.367  16.559  13.589 0.4000000060
163255  -39.641  16.802  13.554 0.5000000000
163257  -40.997  16.979  13.082 0.5000000000
163256  -40.136  17.090  13.475 0.5000000000
163258  -41.880  16.932  12.782 0.5000000000
163263  -42.545  16.630  12.501 0.5000000000
158172  -32.739  14.269  34.557 0.1000000015
159442  -33.585  14.737  37.002 0.1000000015
156980  -30.199  13.051  29.928 0.1000000015
158235  -31.275  13.757  31.103 0.1000000015
158202  -32.585  14.398  33.376 0.1000000015
159456  -33.499  14.524  35.645 0.1000000015
155702  -30.579  12.418  27.696 0.1000000015
156984  -30.219  12.837  29.045 0.1000000015
158215  -32.211  14.248  32.396 0.1000000015
159477  -33.818  14.963  34.307 0.1000000015
154448  -30.814  11.589  26.553 0.1000000015
155706  -30.851  12.268  27.184 0.1000000015
158266  -31.805  13.892  29.669 0.1000000015
158236  -31.989  14.072  30.960 0.1000000015
159527  -32.773  14.549  32.299 0.1000000015
153161  -31.042  10.889  25.778 0.1000000015
154449  -31.276  11.930  26.390 0.1000000015
157016  -31.369  12.776  27.493 0.1000000015
156986  -32.000  13.720  29.056 0.1000000015
153178  -32.383  10.375  24.160 0.1000000015
153168  -31.754  10.629  25.010 0.1000000015
155722  -31.684  12.265  26.576 0.1000000015
155707  -31.312  12.419  26.983 0.1000000015
151902  -32.460  9.904  23.221 0.1000000015
151898  -32.219  9.884  23.765 0.1000000015
154479  -32.214  11.247  25.292 0.1000000015
151914  -32.922  10.239  22.261 0.1000000015
153184  -32.866  10.516  23.419 0.1000000015
153169  -32.673  10.896  24.733 0.1000000015
151932  -33.189  9.996  20.845 0.1000000015
153211  -33.145  10.668  21.151 0.1000000015
153194  -33.210  10.893  22.658 0.1000000015
153222  -33.313  10.609  20.463 0.1000000015
154550  -33.619  11.253  19.780 0.1000000015
154549  -33.363  11.206  20.262 0.1000000015
155816  -33.691  11.860  19.667 0.1000000015
157123  -34.205  12.817  19.096 0.2000000030
158404  -34.794  13.798  18.375 0.2000000030
159688  -35.396  14.684  17.678 0.2000000030
162113  -36.511  16.092  16.507 0.2000000030
163237  -37.161  16.825  16.366 0.3000000119
159705  -35.951  14.806  16.647 0.2000000030
160949  -36.535  15.776  16.196 0.2000000030
163241  -37.781  17.095  15.693 0.3000000119
163242  -38.322  17.487  15.413 0.5000000000
164416  -39.536  17.906  14.632 0.5000000000
165629  -40.262  18.284  14.323 0.5000000000
160957  -37.261  15.556  15.205 0.2000000030
163244  -37.984  16.796  15.064 0.3000000119
163246  -39.109  17.497  14.591 0.5000000000
164421  -40.320  17.874  13.933 0.6000000238
164426  -40.771  17.582  13.429 0.5000000000
162121  -38.509  16.557  14.321 0.4000000060
163249  -38.786  16.832  14.213 0.4000000060
163250  -39.342  17.167  14.034 0.5000000000
163259  -42.701  17.254  12.836 0.5000000000
163260  -43.185  17.467  12.868 0.5000000000
163264  -43.451  17.023  12.309 0.5000000000
159493  -33.824  14.970  33.392 0.1000000015
158252  -32.219  14.062  30.213 0.1000000015
159528  -33.355  14.624  31.954 0.1000000015
156999  -31.641  13.306  28.358 0.1000000015
156987  -32.548  13.811  29.064 0.1000000015
158227  -33.170  14.464  31.286 0.1000000015
159494  -34.304  15.090  32.908 0.1000000015
157035  -31.985  12.741  27.041 0.1000000015
158268  -33.155  13.893  29.219 0.1000000015
158238  -33.539  14.352  30.716 0.1000000015
159510  -34.621  15.022  32.442 0.1000000015
154465  -32.563  11.723  25.685 0.1000000015
157036  -32.721  12.873  27.128 0.1000000015
157018  -33.048  13.212  27.710 0.1000000015
153179  -33.176  10.778  24.073 0.1000000015
154526  -33.245  11.395  21.393 0.1000000015
154517  -33.365  11.376  22.092 0.1000000015
157102  -33.688  12.825  20.477 0.2000000030
155791  -33.448  12.154  21.086 0.1000000015
155803  -33.462  12.165  20.233 0.1000000015
157114  -33.827  12.620  19.694 0.1000000015
158392  -34.059  13.133  19.480 0.2000000030
159674  -34.738  14.606  18.832 0.2000000030
160941  -35.908  15.748  17.370 0.2000000030
162110  -36.377  16.283  17.061 0.2000000030
164410  -38.297  17.739  15.795 0.3000000119
165624  -40.108  18.551  14.831 0.5000000000
165631  -41.527  18.732  14.184 0.5000000000
165632  -42.610  18.879  14.028 0.6000000238
166821  -43.952  19.533  14.138 0.5000000000
165623  -39.643  18.302  15.037 0.5000000000
165633  -43.607  18.993  13.822 0.6000000238
165634  -44.395  19.170  13.717 0.6000000238
164422  -41.108  18.092  13.785 0.5000000000
164424  -42.474  18.229  13.497 0.6000000238
165638  -43.253  18.466  13.420 0.6000000238
164427  -41.455  17.630  13.249 0.5000000000
164423  -41.891  18.219  13.643 0.5000000000
164430  -43.625  17.846  12.940 0.5000000000
164431  -44.403  18.088  12.776 0.5000000000
163265  -44.034  17.350  12.212 0.5000000000
158254  -33.709  14.116  29.952 0.1000000015
159545  -34.361  14.622  31.086 0.1000000015
157001  -33.446  13.447  28.251 0.1000000015
154510  -33.981  11.677  22.803 0.1000000015
153180  -33.866  11.035  24.051 0.1000000015
153171  -34.191  11.104  24.542 0.1000000015
154518  -33.737  11.805  22.263 0.1000000015
158382  -33.945  13.346  19.935 0.2000000030
158393  -34.272  13.719  19.202 0.2000000030
164408  -39.195  18.318  15.763 0.4000000060
165618  -39.660  18.574  15.508 0.4000000060
166822  -44.646  19.795  14.110 0.5000000000
158366  -33.974  13.529  20.695 0.2000000030
168001  -45.079  20.162  14.253 0.5000000000
164435  -44.491  17.673  12.171 0.5000000000
165639  -44.066  18.590  13.276 0.6000000238
155926  -41.242  12.678  12.243 0.2000000030
158473  -40.575  14.300  12.733 0.2000000030
158467  -40.466  13.534  12.861 0.2000000030
162141  -42.954  16.099  11.166 0.5000000000
154596  -38.172  12.004  16.429 0.2000000030
155865  -38.801  12.130  15.842 0.2000000030
151989  -37.143  10.332  18.037 0.1000000015
155902  -39.089  12.897  14.136 0.2000000030
155909  -39.447  13.067  13.720 0.2000000030
157185  -39.202  13.455  13.687 0.2000000030
149309  -34.573  8.652  19.833 0.1000000015
150661  -34.910  9.053  19.436 0.1000000015
158464  -39.014  14.584  13.544 0.3000000119
156895  -30.288  13.077  36.813 0.1000000015
156899  -32.758  13.840  37.298 0.1000000015
149293  -33.806  8.642  20.503 0.1000000015
147886  -34.124  8.085  20.459 0.1000000015
149274  -33.242  8.625  21.263 0.1000000015
149308  -34.156  9.140  19.924 0.1000000015
155834  -35.020  12.369  18.178 0.2000000030
157159  -36.950  13.501  15.878 0.2000000030
159728  -38.835  14.983  13.710 0.3000000119
158160  -30.349  14.040  35.756 0.1000000015
155659  -27.305  12.742  34.076 0.1000000015
155642  -25.620  12.380  34.903 0.1000000015
155624  -25.316  12.188  35.464 0.1000000015
158156  -33.113  14.015  36.334 0.1000000015
156971  -30.136  12.982  31.680 0.1000000015
155691  -29.741  12.521  30.368 0.1000000015
150581  -30.200  9.857  26.991 0.1000000015
151892  -30.890  10.080  25.495 0.1000000015
149253  -32.133  8.688  23.110 0.1000000015
150645  -33.431  9.391  20.605 0.1000000015
153238  -33.921  10.634  19.568 0.1000000015
157144  -35.982  13.238  16.950 0.2000000030
162130  -39.293  16.086  13.440 0.4000000060
162125  -38.882  16.328  13.854 0.4000000060
158182  -28.479  13.857  33.778 0.1000000015
158186  -32.087  13.811  34.180 0.1000000015
159453  -30.256  14.470  35.080 0.1000000015
158224  -31.094  13.646  31.852 0.1000000015
156977  -30.661  13.370  31.322 0.1000000015
150598  -32.064  9.321  23.535 0.1000000015
151913  -32.649  9.770  22.579 0.1000000015
153223  -33.596  10.402  20.022 0.1000000015
155825  -34.089  12.070  19.133 0.1000000015
157124  -34.648  13.019  18.561 0.2000000030
158405  -35.239  13.870  17.740 0.2000000030
160948  -36.175  15.537  16.613 0.2000000030
162114  -36.889  16.248  16.120 0.3000000119
162116  -37.298  16.257  15.538 0.3000000119
162117  -37.720  16.512  15.194 0.3000000119
159476  -33.187  14.680  34.043 0.1000000015
156985  -31.053  13.456  29.354 0.1000000015
159492  -32.937  14.615  33.332 0.1000000015
158237  -32.729  14.263  30.805 0.1000000015
154478  -31.756  11.145  25.411 0.1000000015
153183  -32.477  10.175  23.642 0.1000000015
155723  -32.464  12.447  26.616 0.1000000015
153203  -33.131  10.769  21.858 0.1000000015
154509  -33.552  11.430  22.548 0.1000000015
154537  -33.206  11.207  20.790 0.1000000015
155802  -33.306  11.682  20.559 0.1000000015
159687  -34.997  14.406  18.156 0.2000000030
159699  -35.703  14.717  17.085 0.2000000030
160940  -35.625  15.206  17.415 0.2000000030
160947  -35.812  15.222  16.994 0.2000000030
163240  -37.263  16.623  15.918 0.3000000119
163238  -37.550  17.364  16.709 0.2000000030
163245  -38.535  17.164  14.804 0.4000000060
164415  -39.030  17.732  14.916 0.5000000000
164412  -39.300  18.122  15.211 0.4000000060
164420  -39.799  17.723  14.139 0.5000000000
165630  -40.696  18.513  14.282 0.5000000000
164428  -42.206  17.717  13.163 0.5000000000
160753  -34.230  15.128  33.526 0.1000000015
158253  -32.955  14.132  30.067 0.1000000015
157017  -32.216  13.157  27.663 0.1000000015
160770  -34.627  15.189  32.875 0.1000000015
158284  -33.739  13.681  28.754 0.1000000015
160755  -35.313  15.571  33.398 0.1000000015
154480  -33.032  11.333  25.184 0.1000000015
157037  -33.410  12.924  27.187 0.1000000015
153185  -33.640  11.114  23.352 0.1000000015
154527  -33.514  11.849  21.768 0.1000000015
159675  -35.097  14.983  18.319 0.2000000030
164407  -38.747  18.193  16.191 0.3000000119
165625  -41.043  19.153  14.995 0.5000000000
164429  -42.891  17.908  13.177 0.5000000000
158255  -34.446  14.078  29.939 0.1000000015
153170  -33.475  11.043  24.635 0.1000000015
153316  -45.970  10.522  14.346 0.1000000015
152014  -45.249  10.360  14.694 0.1000000015
152003  -44.154  10.229  15.051 0.1000000015
152004  -44.798  10.363  15.093 0.1000000015
152026  -45.527  10.281  14.152 0.1000000015
153292  -42.756  10.435  15.178 0.1000000015
152002  -43.507  10.186  14.950 0.1000000015
152013  -44.561  10.116  14.572 0.1000000015
152025  -44.955  10.076  14.058 0.1000000015
152034  -44.689  9.958  13.398 0.1000000015
152035  -45.311  10.114  13.513 0.1000000015
153325  -45.907  10.364  13.701 0.1000000015
153305  -42.556  10.217  14.545 0.1000000015
152011  -43.068  10.032  14.426 0.1000000015
152012  -43.858  9.990  14.485 0.1000000015
152024  -44.278  9.931  13.940 0.1000000015
152043  -45.027  10.065  12.975 0.1000000015
153334  -45.607  10.285  12.772 0.1000000015
153290  -41.047  11.123  15.188 0.1000000015
153303  -41.138  10.956  14.642 0.1000000015
153304  -41.939  10.452  14.374 0.1000000015
152010  -42.513  10.153  14.137 0.1000000015
152032  -43.256  9.964  13.095 0.1000000015
152033  -43.998  9.901  13.242 0.1000000015
152042  -44.474  10.027  12.660 0.1000000015
153333  -44.987  10.119  12.559 0.1000000015
153344  -45.747  10.576  11.845 0.1000000015
154631  -40.503  11.433  14.923 0.1000000015
153314  -41.227  10.906  13.830 0.1000000015
152021  -42.210  10.222  13.630 0.1000000015
152030  -42.012  10.404  13.195 0.1000000015
152031  -42.442  10.213  12.898 0.1000000015
152041  -43.713  10.014  12.557 0.1000000015
152050  -44.061  10.115  12.068 0.1000000015
153343  -44.806  10.197  11.854 0.1000000015
153358  -45.263  10.388  11.060 0.1000000015
154641  -40.648  11.382  14.084 0.1000000015
153322  -41.328  10.954  13.211 0.1000000015
153315  -41.721  10.569  13.497 0.1000000015
153323  -41.746  10.749  12.771 0.1000000015
153324  -42.145  10.531  12.334 0.1000000015
152039  -42.563  10.381  12.190 0.1000000015
152040  -43.036  10.107  12.399 0.1000000015
153342  -43.867  10.252  11.383 0.1000000015
152059  -45.054  10.204  10.401 0.1000000015
152060  -45.664  10.183  10.577 0.1000000015
154650  -40.891  11.570  13.232 0.1000000015
154659  -41.135  11.673  12.638 0.1000000015
154651  -41.267  11.240  12.808 0.1000000015
153331  -41.818  10.916  12.015 0.1000000015
153340  -42.544  10.652  11.409 0.1000000015
153341  -43.131  10.411  11.289 0.1000000015
153357  -44.348  10.345  10.607 0.1000000015
152074  -45.314  9.813  9.968 0.1000000015
150734  -46.251  9.288  9.957 0.1000000015
154668  -41.693  11.557  11.614 0.1000000015
153354  -42.263  10.992  10.991 0.1000000015
153355  -42.732  10.897  10.712 0.1000000015
153356  -43.461  10.618  10.670 0.1000000015
152073  -44.684  10.108  9.892 0.1000000015
150733  -45.720  9.429  9.838 0.1000000015
149386  -46.083  8.896  9.652 0.1000000015
157205  -41.382  12.925  12.041 0.1000000015
155927  -41.435  12.276  11.995 0.1000000015
154680  -41.963  11.568  10.908 0.1000000015
154695  -42.165  11.717  10.384 0.1000000015
153372  -43.053  11.005  10.049 0.1000000015
153374  -44.123  10.464  9.656 0.1000000015
152087  -44.419  10.055  9.269 0.1000000015
150746  -45.292  9.280  9.334 0.1000000015
149402  -45.827  8.541  9.158 0.1000000015
153387  -43.540  10.902  9.266 0.1000000015
150745  -44.653  9.596  8.979 0.1000000015
150762  -44.941  9.245  8.665 0.1000000015
149420  -45.558  8.290  8.343 0.1000000015
147998  -45.888  8.014  8.660 0.1000000015
148014  -45.975  7.706  8.198 0.1000000015
153307  -45.815  10.632  14.865 0.1000000015
153293  -43.703  10.477  15.485 0.1000000015
152005  -45.157  10.495  15.096 0.1000000015
153317  -46.428  10.676  14.058 0.1000000015
153282  -43.262  10.857  15.983 0.1000000015
153318  -46.939  10.934  13.819 0.1000000015
153291  -41.700  10.905  15.403 0.1000000015
153335  -46.370  10.789  12.517 0.1000000015
153359  -46.026  10.626  11.125 0.1000000015
152061  -46.368  10.310  10.646 0.1000000015
152076  -46.683  9.813  10.387 0.1000000015
149387  -46.499  8.769  9.786 0.1000000015
148000  -47.115  7.581  9.176 0.1000000015
149403  -46.748  8.189  9.474 0.1000000015
146626  -46.798  7.232  8.663 0.1000000015
146641  -46.436  7.182  8.151 0.1000000015
153285  -45.414  11.014  15.829 0.1000000015
153296  -45.754  10.863  15.424 0.1000000015
154632  -46.941  11.104  14.822 0.1000000015
154633  -47.363  11.227  14.414 0.1000000015
153294  -44.451  10.573  15.528 0.1000000015
153295  -45.123  10.683  15.446 0.1000000015
154642  -47.482  11.301  13.632 0.1000000015
154601  -42.099  11.606  16.304 0.1000000015
154602  -42.917  11.471  16.410 0.1000000015
153283  -44.082  10.873  16.022 0.1000000015
154652  -47.533  11.424  12.865 0.1000000015
153327  -46.978  11.019  13.080 0.1000000015
154617  -40.967  11.469  15.695 0.1000000015
154618  -41.609  11.369  15.949 0.1000000015
153280  -41.961  11.198  15.908 0.1000000015
153281  -42.442  11.028  15.903 0.1000000015
153336  -47.044  11.121  12.329 0.1000000015
154616  -40.099  11.763  15.610 0.1000000015
153360  -46.772  10.781  11.114 0.1000000015
154640  -40.072  11.869  14.276 0.1000000015
152062  -47.087  10.392  10.702 0.1000000015
150735  -46.981  9.284  10.138 0.1000000015
149404  -47.581  8.152  9.585 0.1000000015
149388  -47.257  8.729  9.859 0.1000000015
146642  -47.105  6.696  8.266 0.1000000015
146627  -47.364  7.088  8.856 0.1000000015
145233  -47.254  6.396  7.950 0.1000000015
143856  -57.799  4.735  1.597 0.1000000015
157187  -50.615  13.349  13.771 0.1000000015
155874  -45.710  11.884  16.568 0.1000000015
154608  -47.440  11.759  15.715 0.1000000015
155887  -48.307  11.887  15.095 0.1000000015
155873  -44.916  11.919  16.646 0.1000000015
154605  -45.246  11.385  16.254 0.1000000015
154606  -46.072  11.335  15.923 0.1000000015
154620  -46.614  11.146  15.334 0.1000000015
154622  -47.759  11.555  14.737 0.1000000015
154604  -44.494  11.390  16.366 0.1000000015
153284  -44.812  10.949  15.947 0.1000000015
154634  -47.937  11.586  14.209 0.1000000015
155869  -41.785  12.236  16.808 0.1000000015
155870  -42.585  12.128  16.830 0.1000000015
155871  -43.391  12.006  16.802 0.1000000015
154643  -48.032  11.695  13.394 0.1000000015
154599  -40.447  11.939  16.460 0.1000000015
154653  -48.080  11.778  12.614 0.1000000015
154661  -47.603  11.504  12.137 0.1000000015
153346  -47.208  11.124  11.641 0.1000000015
153361  -47.507  10.989  11.019 0.1000000015
154629  -39.361  12.112  15.093 0.1000000015
152063  -47.745  10.536  10.591 0.1000000015
152077  -47.436  9.898  10.440 0.1000000015
149389  -47.944  8.765  9.829 0.1000000015
146643  -47.932  6.765  8.635 0.1000000015
148001  -47.964  7.504  9.220 0.1000000015
143839  -57.112  5.063  2.513 0.1000000015
143870  -57.505  4.371  1.276 0.1000000015
142364  -56.392  4.368  0.715 0.1000000015
143571  -48.373  5.411  21.718 0.1000000015
143576  -48.096  5.828  21.214 0.1000000015
145089  -48.673  6.493  21.133 0.1000000015
146511  -49.402  7.008  21.453 0.1000000015
146510  -48.894  7.323  20.902 0.1000000015
147900  -49.079  7.965  20.675 0.1000000015
153246  -50.691  10.312  19.796 0.1000000015
154557  -51.826  11.362  19.237 0.1000000015
154569  -52.198  11.774  19.002 0.1000000015
155831  -52.732  12.384  18.749 0.1000000015
149301  -49.269  8.458  20.563 0.1000000015
151971  -50.151  10.126  19.483 0.1000000015
155832  -53.005  12.817  18.656 0.1000000015
158429  -53.243  14.028  17.484 0.1000000015
159703  -53.259  14.685  17.136 0.1000000015
149254  -45.458  8.117  22.413 0.1000000015
160944  -52.410  15.410  17.510 0.1000000015
149267  -45.746  8.501  22.090 0.1000000015
157151  -45.596  13.032  17.228 0.1000000015
157152  -46.393  13.084  17.232 0.1000000015
155858  -47.376  12.631  16.751 0.1000000015
157161  -48.291  12.840  16.533 0.1000000015
149280  -45.366  8.625  21.686 0.1000000015
155857  -46.892  12.545  16.811 0.1000000015
155876  -47.623  12.180  16.192 0.1000000015
155878  -49.140  12.765  15.859 0.1000000015
157170  -49.882  13.171  15.475 0.1000000015
155856  -46.083  12.474  16.903 0.1000000015
155886  -47.719  11.794  15.580 0.1000000015
155888  -49.305  12.597  15.304 0.1000000015
155921  -49.485  12.828  12.290 0.1000000015
155897  -49.140  12.341  14.393 0.1000000015
157148  -43.603  13.100  17.460 0.1000000015
155853  -43.848  12.551  17.081 0.1000000015
155854  -44.570  12.486  16.998 0.1000000015
155904  -48.568  12.075  13.079 0.1000000015
155872  -44.159  11.951  16.722 0.1000000015
155912  -48.534  12.173  12.308 0.1000000015
155849  -40.809  12.219  17.357 0.1000000015
155850  -41.392  12.404  17.378 0.1000000015
155919  -48.550  12.138  11.623 0.1000000015
155970  -51.624  12.831  8.672 0.1000000015
154576  -39.806  11.655  17.558 0.1000000015
154589  -39.702  11.833  16.937 0.1000000015
155867  -40.654  12.128  16.968 0.1000000015
155868  -41.072  12.182  16.862 0.1000000015
154683  -48.385  11.494  10.868 0.1000000015
154575  -39.332  11.540  17.266 0.1000000015
154682  -47.975  11.396  11.043 0.1000000015
153363  -48.514  11.174  10.589 0.1000000015
154745  -53.038  11.585  6.531 0.1000000015
153444  -53.785  10.770  5.798 0.1000000015
152064  -48.106  10.654  10.484 0.1000000015
152078  -48.252  10.206  10.255 0.1000000015
150808  -53.909  9.464  5.964 0.1000000015
150809  -54.466  9.170  5.880 0.1000000015
150737  -48.622  9.315  9.824 0.1000000015
150796  -54.025  8.934  6.123 0.1000000015
148003  -49.367  7.891  9.152 0.1000000015
148055  -54.811  7.663  6.074 0.1000000015
143821  -56.172  5.049  3.556 0.1000000015
143855  -57.254  5.172  1.742 0.1000000015
142350  -56.844  4.174  1.031 0.1000000015
146407  -52.186  6.400  27.330 0.1000000015
146406  -51.751  6.625  27.726 0.1000000015
143472  -52.247  5.589  26.836 0.1000000015
142036  -51.234  4.773  26.718 0.1000000015
142051  -50.178  4.706  25.149 0.1000000015
146416  -50.688  7.164  26.859 0.1000000015
147796  -51.285  7.423  26.545 0.1000000015
142063  -48.665  4.397  23.647 0.1000000015
147804  -50.206  7.525  25.881 0.1000000015
142079  -47.990  4.698  22.043 0.1000000015
147815  -50.672  7.965  25.534 0.1000000015
142080  -48.698  5.182  22.184 0.1000000015
145075  -49.011  6.217  21.605 0.1000000015
145090  -49.176  6.521  21.514 0.1000000015
149233  -49.278  8.303  24.458 0.1000000015
149245  -48.992  8.590  24.008 0.1000000015
149232  -48.719  8.107  24.336 0.1000000015
149281  -49.652  8.276  21.002 0.1000000015
149244  -48.205  8.302  23.833 0.1000000015
149302  -49.789  8.567  20.934 0.1000000015
153248  -51.802  11.160  19.556 0.1000000015
154558  -52.186  11.516  19.692 0.1000000015
157131  -53.053  13.312  18.619 0.1000000015
149257  -47.354  8.552  23.094 0.1000000015
149256  -46.677  8.321  22.900 0.1000000015
150652  -49.828  9.031  20.624 0.1000000015
151953  -50.338  9.673  20.390 0.1000000015
158415  -53.026  13.974  18.251 0.1000000015
159683  -52.743  14.445  18.509 0.1000000015
160938  -52.664  15.188  17.957 0.1000000015
149268  -46.311  8.558  22.328 0.1000000015
159708  -51.653  15.041  16.587 0.1000000015
160943  -51.683  15.343  17.456 0.1000000015
157153  -47.239  13.108  17.110 0.1000000015
159702  -51.235  15.065  17.173 0.1000000015
150631  -45.273  9.029  21.229 0.1000000015
150630  -44.693  8.766  21.118 0.1000000015
151948  -44.838  9.395  20.569 0.1000000015
158421  -45.079  13.480  17.499 0.1000000015
157149  -44.274  13.079  17.369 0.1000000015
158407  -44.410  13.613  17.783 0.1000000015
155852  -43.092  12.656  17.187 0.1000000015
157138  -43.615  13.324  18.042 0.1000000015
155851  -42.190  12.733  17.514 0.1000000015
157147  -42.988  13.084  17.779 0.1000000015
154590  -40.295  12.020  17.210 0.1000000015
155837  -41.040  12.254  17.786 0.1000000015
154744  -52.514  11.657  6.995 0.1000000015
154577  -40.498  11.874  17.911 0.1000000015
153376  -48.836  10.893  10.303 0.1000000015
153427  -52.683  10.855  6.751 0.1000000015
152129  -53.523  10.020  6.002 0.1000000015
153275  -39.007  11.424  17.273 0.1000000015
152089  -49.343  9.790  9.653 0.1000000015
150795  -53.507  9.178  6.299 0.1000000015
149453  -53.861  8.403  6.346 0.1000000015
149463  -54.385  8.381  6.093 0.1000000015
148018  -49.884  7.577  8.850 0.1000000015
148054  -54.213  7.684  6.288 0.1000000015
146686  -55.232  6.897  6.005 0.1000000015
145281  -54.906  6.165  6.060 0.1000000015
145292  -55.547  6.092  5.717 0.1000000015
143786  -55.665  5.438  5.223 0.1000000015
143785  -54.977  5.350  5.561 0.1000000015
143838  -56.309  5.175  2.691 0.1000000015
143890  -54.242  5.207  -0.559 0.1000000015
143868  -56.834  5.481  1.263 0.1000000015
143869  -57.129  4.997  0.980 0.1000000015
146765  -55.759  6.276  -0.302 0.1000000015
145389  -56.077  5.454  -0.195 0.1000000015
145362  -56.644  5.708  0.622 0.1000000015
145363  -56.750  5.230  0.437 0.1000000015
146418  -52.103  6.681  26.935 0.1000000015
142045  -51.369  5.031  26.236 0.1000000015
143491  -51.192  5.116  25.738 0.1000000015
146417  -51.562  7.157  26.915 0.1000000015
144995  -52.400  6.464  26.354 0.1000000015
142052  -50.795  4.994  25.366 0.1000000015
143511  -50.633  5.037  24.841 0.1000000015
146428  -51.823  7.330  26.475 0.1000000015
146429  -52.168  7.138  26.280 0.1000000015
142058  -49.415  4.577  24.410 0.1000000015
142059  -50.129  4.945  24.335 0.1000000015
147806  -51.691  7.579  26.149 0.1000000015
147805  -50.884  7.585  26.154 0.1000000015
142069  -48.818  4.842  22.821 0.1000000015
143559  -49.207  5.426  22.490 0.1000000015
147816  -51.370  8.006  25.638 0.1000000015
143573  -49.431  5.927  22.324 0.1000000015
145076  -49.502  6.453  21.948 0.1000000015
146493  -49.723  6.892  21.811 0.1000000015
147814  -49.971  7.879  25.275 0.1000000015
149225  -50.495  8.336  25.083 0.1000000015
149234  -49.999  8.543  24.623 0.1000000015
147880  -49.904  7.489  21.579 0.1000000015
147879  -49.415  7.821  21.051 0.1000000015
150600  -49.366  9.179  23.729 0.1000000015
150599  -48.796  8.922  23.618 0.1000000015
150634  -50.091  8.797  21.002 0.1000000015
151954  -50.799  9.945  20.534 0.1000000015
153230  -51.786  10.953  20.047 0.1000000015
155823  -52.641  12.181  19.570 0.1000000015
157121  -52.913  13.347  19.188 0.1000000015
149258  -47.837  8.665  23.308 0.1000000015
150610  -47.241  8.836  22.710 0.1000000015
150622  -47.527  9.231  22.443 0.1000000015
151952  -49.857  9.372  20.296 0.1000000015
158389  -52.426  13.814  19.906 0.1000000015
158400  -52.797  13.966  19.089 0.1000000015
159682  -52.414  14.725  18.975 0.1000000015
150621  -46.892  9.036  22.190 0.1000000015
151935  -47.138  9.866  21.547 0.1000000015
159670  -52.086  14.632  19.697 0.1000000015
160937  -52.062  15.360  18.339 0.1000000015
150632  -45.873  9.022  21.572 0.1000000015
150633  -46.494  9.250  21.678 0.1000000015
158423  -46.717  13.728  17.583 0.1000000015
157155  -48.638  13.306  16.872 0.1000000015
158434  -49.555  13.427  16.374 0.1000000015
160936  -51.223  15.441  18.118 0.1000000015
151933  -45.706  9.356  21.197 0.1000000015
151934  -46.203  9.561  21.260 0.1000000015
158424  -47.587  13.766  17.468 0.1000000015
158411  -48.027  14.358  17.769 0.1000000015
158412  -48.857  14.338  17.613 0.1000000015
150650  -44.902  9.181  20.854 0.1000000015
151949  -45.496  9.744  20.692 0.1000000015
158422  -45.832  13.659  17.574 0.1000000015
158410  -47.165  14.310  17.964 0.1000000015
150668  -43.900  9.318  20.129 0.1000000015
150649  -44.228  8.906  20.659 0.1000000015
158409  -46.133  14.286  18.230 0.1000000015
159689  -46.439  14.332  18.799 0.1000000015
153240  -42.219  10.501  19.120 0.1000000015
153241  -42.764  10.691  19.222 0.1000000015
151966  -43.830  9.870  19.754 0.1000000015
151967  -44.675  9.791  20.167 0.1000000015
151968  -45.265  10.082  20.233 0.1000000015
158408  -45.146  13.965  18.010 0.1000000015
158394  -44.024  13.544  18.212 0.1000000015
158395  -44.466  13.784  18.488 0.1000000015
155839  -42.034  12.561  18.436 0.1000000015
157136  -42.652  12.722  18.644 0.1000000015
157137  -43.069  13.142  18.438 0.1000000015
157127  -43.818  13.163  18.745 0.1000000015
151992  -39.415  10.744  18.229 0.1000000015
153254  -40.627  10.981  18.612 0.1000000015
154564  -41.230  11.591  18.574 0.1000000015
154578  -41.077  12.023  18.214 0.1000000015
154579  -41.522  12.127  18.457 0.1000000015
154731  -51.907  11.637  7.748 0.1000000015
151990  -37.929  10.368  18.013 0.1000000015
153267  -39.982  11.225  18.132 0.1000000015
154563  -40.775  11.600  18.350 0.1000000015
154709  -50.077  11.359  9.577 0.1000000015
152128  -52.980  9.899  6.551 0.1000000015
153266  -39.156  11.154  17.679 0.1000000015
146684  -53.994  6.970  6.472 0.1000000015
146685  -54.591  6.939  6.230 0.1000000015
143854  -56.476  5.422  1.817 0.1000000015
145344  -56.385  5.824  1.165 0.1000000015
145361  -55.972  6.309  0.690 0.1000000015
143493  -52.280  5.926  26.365 0.1000000015
144994  -52.178  6.117  25.794 0.1000000015
143512  -51.206  5.373  25.135 0.1000000015
143513  -51.753  5.903  25.238 0.1000000015
143530  -50.758  5.413  24.292 0.1000000015
143547  -50.535  5.779  23.574 0.1000000015
147807  -52.155  7.497  25.856 0.1000000015
147817  -52.063  7.870  25.477 0.1000000015
142065  -50.189  5.269  23.804 0.1000000015
142064  -49.520  4.935  23.605 0.1000000015
143546  -49.937  5.473  23.297 0.1000000015
145057  -50.210  6.460  22.708 0.1000000015
146478  -50.437  6.860  22.494 0.1000000015
149227  -51.734  8.328  25.125 0.1000000015
149236  -51.455  8.800  24.725 0.1000000015
143560  -49.734  5.804  22.763 0.1000000015
145056  -49.737  6.242  22.427 0.1000000015
146495  -50.579  7.058  22.406 0.1000000015
149235  -50.765  8.774  24.743 0.1000000015
146494  -50.160  6.994  22.088 0.1000000015
147866  -50.887  7.490  22.303 0.1000000015
147865  -50.438  7.750  21.803 0.1000000015
149226  -51.089  8.400  25.166 0.1000000015
150592  -50.465  9.101  24.407 0.1000000015
146512  -49.808  7.107  21.735 0.1000000015
149283  -50.602  8.417  21.561 0.1000000015
150624  -50.883  8.679  21.605 0.1000000015
150601  -49.977  9.200  24.068 0.1000000015
151904  -49.769  9.495  23.674 0.1000000015
149282  -50.121  8.238  21.324 0.1000000015
150635  -50.563  8.911  21.221 0.1000000015
153216  -51.336  10.160  20.865 0.1000000015
153217  -51.759  10.595  20.956 0.1000000015
149246  -49.519  8.774  24.179 0.1000000015
150613  -49.004  9.344  23.350 0.1000000015
151915  -48.915  9.579  23.053 0.1000000015
151939  -50.996  9.667  21.007 0.1000000015
153229  -51.171  10.332  20.363 0.1000000015
155808  -52.573  12.036  20.142 0.1000000015
157106  -52.460  12.930  20.219 0.1000000015
150612  -48.398  9.171  23.175 0.1000000015
150611  -47.734  8.993  22.906 0.1000000015
150623  -48.040  9.418  22.652 0.1000000015
151925  -47.823  9.688  22.181 0.1000000015
151924  -47.360  9.443  22.074 0.1000000015
159653  -51.881  14.353  20.278 0.1000000015
159679  -48.315  15.077  18.908 0.1000000015
151950  -46.494  10.118  20.909 0.1000000015
151951  -46.959  10.289  21.088 0.1000000015
159691  -47.703  14.797  18.363 0.1000000015
159692  -48.524  14.849  18.143 0.1000000015
158413  -49.605  14.427  17.525 0.1000000015
153226  -46.997  10.758  20.757 0.1000000015
159690  -46.928  14.561  18.603 0.1000000015
154554  -44.842  11.321  19.543 0.1000000015
153243  -44.407  10.552  19.668 0.1000000015
153244  -45.284  10.618  19.961 0.1000000015
153225  -46.079  10.594  20.264 0.1000000015
153242  -43.603  10.577  19.432 0.1000000015
158397  -46.003  14.112  18.967 0.1000000015
159676  -46.398  14.207  19.024 0.1000000015
153257  -42.618  11.152  19.125 0.1000000015
155830  -44.229  12.717  19.191 0.1000000015
157128  -44.678  13.387  19.135 0.1000000015
157129  -45.195  13.634  19.206 0.1000000015
158396  -45.234  14.054  18.826 0.1000000015
153255  -41.481  10.983  18.863 0.1000000015
153256  -42.204  11.021  19.037 0.1000000015
155827  -42.477  12.239  18.837 0.1000000015
157126  -43.134  12.678  18.859 0.1000000015
153413  -51.703  10.905  7.885 0.1000000015
154720  -51.553  11.572  8.211 0.1000000015
153402  -51.282  10.865  8.396 0.1000000015
153253  -39.894  10.654  18.502 0.1000000015
154565  -41.925  11.749  18.781 0.1000000015
153390  -50.201  10.838  9.281 0.1000000015
152116  -52.398  10.092  7.080 0.1000000015
153268  -40.471  11.432  18.275 0.1000000015
152115  -51.912  10.152  7.595 0.1000000015
150763  -51.156  9.388  8.295 0.1000000015
150794  -53.069  9.061  6.683 0.1000000015
150782  -52.630  9.243  6.973 0.1000000015
149439  -52.368  8.542  7.240 0.1000000015
149452  -53.355  8.446  6.625 0.1000000015
149451  -52.847  8.476  6.892 0.1000000015
148044  -53.668  7.722  6.560 0.1000000015
146675  -53.434  7.028  6.711 0.1000000015
145009  -52.305  6.675  25.787 0.1000000015
146441  -52.324  7.202  25.370 0.1000000015
143531  -51.401  5.904  24.549 0.1000000015
143548  -51.038  5.919  23.973 0.1000000015
147829  -52.274  7.763  24.747 0.1000000015
145037  -51.504  6.483  23.909 0.1000000015
145035  -50.497  6.233  23.204 0.1000000015
149228  -52.146  8.175  25.026 0.1000000015
146479  -50.789  6.923  22.809 0.1000000015
149271  -51.441  8.136  22.369 0.1000000015
150593  -51.086  9.311  24.336 0.1000000015
150614  -51.764  8.778  22.446 0.1000000015
150625  -51.358  8.894  21.861 0.1000000015
150602  -50.566  9.463  24.066 0.1000000015
151905  -50.229  9.692  23.684 0.1000000015
151929  -51.646  9.784  21.581 0.1000000015
153208  -52.091  10.646  21.869 0.1000000015
151916  -49.516  9.874  23.201 0.1000000015
151940  -51.444  10.041  21.098 0.1000000015
155797  -52.516  12.305  20.852 0.1000000015
157097  -52.203  13.315  20.914 0.1000000015
151927  -49.290  10.232  22.720 0.1000000015
151936  -48.107  10.240  21.884 0.1000000015
159669  -51.553  14.828  19.989 0.1000000015
159667  -50.184  15.289  19.862 0.1000000015
159668  -50.947  15.085  20.010 0.1000000015
160919  -50.771  15.506  19.366 0.1000000015
153227  -47.447  11.080  20.844 0.1000000015
153213  -47.697  10.759  21.246 0.1000000015
160917  -49.539  15.491  18.757 0.1000000015
159666  -49.171  15.326  19.525 0.1000000015
160918  -50.041  15.620  19.085 0.1000000015
154539  -46.673  11.403  20.171 0.1000000015
159693  -49.244  14.842  17.954 0.1000000015
159681  -49.541  15.168  18.194 0.1000000015
153245  -45.772  10.970  19.975 0.1000000015
159678  -47.503  14.745  19.107 0.1000000015
154553  -44.103  11.238  19.378 0.1000000015
154555  -45.623  11.462  19.746 0.1000000015
159663  -47.021  14.040  19.520 0.1000000015
159677  -46.770  14.363  19.241 0.1000000015
155817  -43.879  11.702  19.322 0.1000000015
158385  -46.053  13.646  19.321 0.1000000015
158384  -45.561  13.771  19.208 0.1000000015
154552  -43.421  11.349  19.300 0.1000000015
157115  -44.773  12.680  19.316 0.1000000015
157116  -45.461  13.073  19.302 0.1000000015
154566  -42.593  11.623  19.040 0.1000000015
155828  -42.940  12.173  19.033 0.1000000015
155829  -43.599  12.213  19.186 0.1000000015
153401  -50.761  10.861  8.858 0.1000000015
152101  -51.463  10.142  8.107 0.1000000015
152100  -50.949  10.139  8.552 0.1000000015
150764  -51.659  9.378  7.848 0.1000000015
150781  -52.155  9.340  7.411 0.1000000015
149438  -51.869  8.583  7.632 0.1000000015
148042  -52.595  7.763  7.070 0.1000000015
148032  -52.101  7.797  7.436 0.1000000015
146674  -52.903  7.039  6.944 0.1000000015
145008  -52.080  6.483  25.167 0.1000000015
146440  -52.180  6.916  24.800 0.1000000015
143532  -51.746  6.199  24.845 0.1000000015
146452  -52.100  7.241  24.315 0.1000000015
145022  -51.779  6.522  24.418 0.1000000015
147828  -52.140  7.703  24.213 0.1000000015
146463  -51.638  6.913  23.814 0.1000000015
146462  -51.326  7.171  23.285 0.1000000015
147841  -52.178  8.057  24.198 0.1000000015
147840  -51.871  7.768  23.615 0.1000000015
147867  -51.311  7.684  22.553 0.1000000015
149237  -52.134  8.541  24.568 0.1000000015
149248  -52.234  8.524  23.860 0.1000000015
150595  -52.215  8.953  24.134 0.1000000015
149260  -52.240  8.741  23.354 0.1000000015
149259  -51.911  8.387  22.983 0.1000000015
150626  -51.836  9.312  22.215 0.1000000015
151919  -52.120  9.927  22.366 0.1000000015
150594  -51.811  9.270  24.246 0.1000000015
150604  -52.216  9.315  23.691 0.1000000015
151899  -51.424  9.601  24.145 0.1000000015
151906  -51.070  9.972  23.826 0.1000000015
151907  -51.906  10.033  23.744 0.1000000015
153189  -52.000  10.498  23.309 0.1000000015
154532  -52.375  11.389  21.349 0.1000000015
154523  -52.153  11.534  22.366 0.1000000015
151918  -50.846  10.367  23.464 0.1000000015
153199  -51.694  10.897  23.107 0.1000000015
154513  -51.506  11.315  22.803 0.1000000015
155787  -52.457  12.170  21.708 0.1000000015
158362  -51.713  13.730  21.056 0.1000000015
153196  -49.553  10.341  22.795 0.1000000015
153207  -50.687  11.295  22.800 0.1000000015
158374  -51.826  13.918  20.674 0.1000000015
153205  -49.376  10.767  22.361 0.1000000015
154520  -49.944  11.636  22.183 0.1000000015
154531  -49.512  11.935  21.784 0.1000000015
159652  -51.271  14.552  20.488 0.1000000015
153215  -49.093  11.167  21.926 0.1000000015
154530  -48.966  11.644  21.599 0.1000000015
155792  -48.695  12.042  21.214 0.1000000015
155793  -49.194  12.498  21.307 0.1000000015
159651  -50.492  14.705  20.397 0.1000000015
155804  -47.080  11.855  20.218 0.1000000015
154541  -47.878  11.791  20.688 0.1000000015
159665  -48.142  14.646  19.804 0.1000000015
159649  -48.915  14.600  20.249 0.1000000015
154556  -46.236  11.714  19.821 0.1000000015
155805  -47.527  12.242  20.317 0.1000000015
157103  -47.851  13.067  20.262 0.1000000015
158388  -47.714  14.041  19.900 0.1000000015
155818  -44.379  11.998  19.301 0.1000000015
155820  -45.955  12.260  19.528 0.1000000015
157118  -46.990  13.123  19.711 0.1000000015
158387  -47.275  13.726  19.735 0.1000000015
159664  -47.370  14.319  19.610 0.1000000015
155819  -45.182  12.124  19.391 0.1000000015
157117  -46.343  13.002  19.444 0.1000000015
158386  -46.685  13.711  19.465 0.1000000015
158398  -46.374  14.023  19.202 0.1000000015
157092  -33.872  12.954  21.242 0.1000000015
159646  -34.759  14.860  20.496 0.1000000015
160932  -35.535  15.570  18.047 0.1000000015
160915  -34.900  15.199  19.762 0.1000000015
160925  -35.137  15.472  19.036 0.1000000015
163233  -36.470  16.635  17.467 0.1000000015
162105  -36.196  16.559  18.406 0.1000000015
163229  -36.549  16.862  17.912 0.1000000015
163231  -37.488  17.634  17.937 0.2000000030
164403  -37.986  17.849  17.156 0.2000000030
164404  -38.523  18.205  16.856 0.2000000030
165614  -38.917  18.489  16.669 0.2000000030
165619  -40.329  19.119  15.803 0.3000000119
165626  -41.921  19.242  14.644 0.4000000060
165610  -38.975  18.592  17.180 0.2000000030
165616  -40.108  19.185  16.426 0.2000000030
166814  -41.723  19.544  15.168 0.3000000119
166816  -42.904  19.691  14.745 0.3000000119
166818  -44.149  19.943  14.456 0.4000000060
164540  -41.413  18.150  1.630 0.1000000015
164549  -42.261  18.219  0.966 0.1000000015
150615  -52.182  9.188  22.849 0.1000000015
153200  -52.109  10.679  22.707 0.1000000015
151908  -52.243  9.970  23.128 0.1000000015
154514  -51.903  11.135  22.771 0.1000000015
155786  -51.718  12.518  22.092 0.1000000015
155796  -52.278  12.864  21.498 0.1000000015
154512  -51.009  11.429  22.782 0.1000000015
154522  -51.313  11.856  22.500 0.1000000015
157096  -51.577  13.338  21.585 0.1000000015
158361  -51.145  13.808  21.208 0.1000000015
154521  -50.616  11.710  22.504 0.1000000015
155794  -50.095  12.460  21.837 0.1000000015
158373  -50.857  14.232  20.861 0.1000000015
157094  -49.851  13.167  21.354 0.1000000015
158360  -50.352  13.746  21.147 0.1000000015
158372  -50.067  14.257  20.751 0.1000000015
155807  -48.863  12.976  20.849 0.1000000015
158371  -49.380  14.196  20.635 0.1000000015
157104  -48.499  13.276  20.544 0.1000000015
158370  -48.784  13.918  20.511 0.1000000015
159650  -49.693  14.801  20.316 0.1000000015
155822  -47.334  12.789  19.988 0.1000000015
159648  -48.472  14.288  20.246 0.1000000015
158368  -47.684  13.589  20.012 0.1000000015
162104  -35.729  16.140  18.739 0.1000000015
166809  -41.377  19.644  15.705 0.3000000119
166810  -42.074  19.910  15.580 0.3000000119
166817  -43.617  19.817  14.563 0.3000000119
168000  -44.770  20.107  14.326 0.4000000060
167986  -42.565  20.221  15.676 0.3000000119
167993  -43.940  20.223  14.834 0.3000000119
167988  -43.698  20.493  15.345 0.3000000119
167994  -44.601  20.334  14.651 0.3000000119
169115  -44.477  20.677  15.120 0.3000000119
181782  -36.173  31.207  0.978 0.4000000060
181781  -35.577  31.668  1.452 0.4000000060
181775  -36.073  30.905  1.818 0.5000000000
180791  -36.393  30.752  1.407 0.5000000000
182781  -35.240  32.005  1.962 0.5000000000
181774  -35.663  31.438  1.909 0.5000000000
181768  -35.717  30.983  2.643 0.5000000000
155898  -49.712  12.748  14.609 0.1000000015
155889  -49.768  12.886  15.061 0.1000000015
155906  -49.657  12.690  13.862 0.1000000015
155905  -49.102  12.378  13.509 0.1000000015
157162  -49.088  13.094  16.306 0.1000000015
157169  -49.424  12.961  15.809 0.1000000015
158428  -50.747  14.617  16.887 0.1000000015
155913  -49.046  12.456  12.696 0.1000000015
158427  -50.235  14.354  17.045 0.1000000015
158426  -49.350  13.728  16.971 0.1000000015
159694  -49.874  14.930  17.816 0.1000000015
157200  -50.456  13.422  12.237 0.1000000015
155920  -48.973  12.497  11.914 0.1000000015
160935  -50.569  15.301  17.913 0.1000000015
155929  -48.980  12.231  11.115 0.1000000015
155969  -51.202  12.397  8.952 0.1000000015
154671  -48.615  11.850  11.024 0.1000000015
160928  -50.654  15.560  18.593 0.1000000015
155958  -50.497  12.395  9.819 0.1000000015
155979  -51.867  12.410  8.129 0.1000000015
155978  -51.431  11.998  8.479 0.1000000015
154710  -50.560  11.618  9.244 0.1000000015
155914  -49.605  12.707  13.066 0.1000000015
157234  -51.247  13.415  9.956 0.1000000015
154719  -51.117  11.563  8.668 0.1000000015
154684  -48.916  11.605  10.675 0.1000000015
169116  -44.898  20.874  15.114 0.3000000119
146746  -55.783  6.542  0.045 0.1000000015
145387  -54.968  5.737  -0.703 0.1000000015
142371  -53.568  4.658  -0.215 0.1000000015
148016  -48.519  7.144  8.999 0.1000000015
148017  -49.152  7.250  8.961 0.1000000015
153388  -44.019  10.503  8.953 0.1000000015
150748  -48.904  8.828  9.611 0.1000000015
150738  -49.110  9.635  9.701 0.1000000015
152079  -49.124  10.163  9.902 0.1000000015
153377  -49.407  10.889  10.030 0.1000000015
154660  -41.398  11.427  12.272 0.1000000015
154588  -38.955  11.698  16.882 0.1000000015
153265  -38.301  10.896  17.634 0.1000000015
153274  -38.574  11.346  17.253 0.1000000015
164406  -38.105  17.792  16.384 0.2000000030
162107  -35.860  16.144  18.138 0.1000000015
162108  -36.163  16.326  17.734 0.1000000015
163234  -36.893  16.966  17.202 0.1000000015
165627  -42.418  19.374  14.593 0.4000000060
166820  -43.329  19.404  14.239 0.4000000060
158383  -34.186  14.106  20.143 0.1000000015
159662  -34.523  14.634  19.611 0.1000000015
160924  -34.781  15.009  19.301 0.1000000015
165615  -39.523  18.816  16.489 0.2000000030
163235  -37.480  17.521  17.502 0.2000000030
153326  -46.388  10.659  13.325 0.1000000015
152022  -42.827  10.016  13.672 0.1000000015
152023  -43.548  9.909  13.818 0.1000000015
152048  -42.871  10.324  11.824 0.1000000015
152049  -43.442  10.152  11.907 0.1000000015
152075  -45.995  9.802  10.234 0.1000000015
153332  -42.266  10.628  11.854 0.1000000015
153339  -42.003  10.961  11.416 0.1000000015
153373  -43.628  10.727  9.979 0.1000000015
152088  -44.846  9.735  9.502 0.1000000015
149401  -45.305  8.948  8.916 0.1000000015
153308  -46.419  10.804  14.728 0.1000000015
153309  -46.837  10.924  14.379 0.1000000015
153345  -46.514  10.886  11.753 0.1000000015
154619  -46.163  11.041  15.481 0.1000000015
154621  -47.408  11.487  15.207 0.1000000015
154600  -41.342  11.836  16.318 0.1000000015
154603  -43.721  11.388  16.432 0.1000000015
150736  -47.766  9.344  10.111 0.1000000015
157186  -50.149  13.025  14.176 0.1000000015
157179  -50.561  13.367  14.556 0.1000000015
157178  -50.084  13.093  14.833 0.1000000015
154607  -46.967  11.629  15.817 0.1000000015
155875  -46.574  11.971  16.413 0.1000000015
155896  -48.548  11.959  13.949 0.1000000015
154662  -48.111  11.848  11.907 0.1000000015
154669  -47.761  11.475  11.495 0.1000000015
149405  -48.431  8.372  9.572 0.1000000015
148002  -48.772  7.749  9.248 0.1000000015
143840  -57.819  4.857  2.322 0.1000000015
143572  -48.995  5.764  21.956 0.1000000015
157120  -52.799  12.974  19.542 0.1000000015
159697  -52.955  14.645  17.890 0.1000000015
155855  -45.301  12.449  16.952 0.1000000015
155877  -48.665  12.497  15.931 0.1000000015
157163  -49.622  13.259  16.029 0.1000000015
158443  -50.296  13.535  15.481 0.1000000015
157207  -49.934  13.159  11.896 0.1000000015
155930  -49.461  12.790  11.475 0.1000000015
154670  -48.268  11.776  11.303 0.1000000015
157246  -51.614  13.257  9.196 0.1000000015
157245  -51.017  12.952  9.567 0.1000000015
153375  -48.356  10.801  10.452 0.1000000015
156002  -52.849  12.229  6.819 0.1000000015
153428  -53.201  10.793  6.216 0.1000000015
149464  -54.971  8.389  5.935 0.1000000015
144969  -52.269  5.972  27.623 0.1000000015
143471  -51.765  5.141  26.788 0.1000000015
142044  -50.783  4.786  25.967 0.1000000015
142043  -50.020  4.549  25.962 0.1000000015
142068  -48.105  4.270  22.871 0.1000000015
147803  -49.661  7.369  25.723 0.1000000015
151938  -50.539  9.347  20.895 0.1000000015
157154  -47.983  13.252  17.033 0.1000000015
159701  -50.674  14.904  17.329 0.1000000015
155838  -41.513  12.430  17.984 0.1000000015
157146  -42.539  12.956  18.181 0.1000000015
155992  -52.380  12.345  7.376 0.1000000015
153414  -52.181  11.018  7.344 0.1000000015
154697  -49.278  11.349  10.315 0.1000000015
145376  -56.185  6.062  0.055 0.1000000015
145377  -56.384  5.364  0.016 0.1000000015
143492  -51.789  5.479  25.999 0.1000000015
142070  -49.442  5.274  22.994 0.1000000015
154542  -52.306  11.402  20.476 0.1000000015
160930  -51.859  15.134  19.202 0.1000000015
158425  -48.409  13.783  17.311 0.1000000015
158435  -50.114  13.699  16.124 0.1000000015
151982  -41.816  10.477  19.044 0.1000000015
151979  -39.275  10.126  18.621 0.1000000015
151991  -38.740  10.538  18.129 0.1000000015
154699  -50.197  11.803  9.748 0.1000000015
154698  -49.773  11.565  10.073 0.1000000015
146453  -52.315  7.267  24.793 0.1000000015
143561  -50.163  5.950  23.121 0.1000000015
149270  -50.919  8.171  21.870 0.1000000015
151928  -51.259  9.343  21.462 0.1000000015
151926  -48.692  9.980  22.549 0.1000000015
153204  -48.825  10.489  22.195 0.1000000015
159680  -49.099  15.235  18.527 0.1000000015
154540  -47.353  11.478  20.517 0.1000000015
154567  -43.083  11.737  19.199 0.1000000015
148043  -53.130  7.753  6.805 0.1000000015
147855  -51.577  7.798  22.883 0.1000000015
151917  -50.427  10.216  23.377 0.1000000015
153197  -50.000  10.533  22.932 0.1000000015
153214  -48.624  10.867  21.800 0.1000000015
154529  -48.292  11.545  21.152 0.1000000015
149247  -52.084  8.357  23.454 0.1000000015
150603  -51.983  9.634  23.998 0.1000000015
153188  -51.460  10.492  23.489 0.1000000015
153198  -50.886  10.856  23.155 0.1000000015
153206  -50.244  11.141  22.675 0.1000000015
155821  -46.784  12.287  19.863 0.1000000015
155806  -48.370  12.422  20.759 0.1000000015
158369  -48.150  13.845  20.210 0.1000000015
160916  -35.307  15.658  19.871 0.1000000015
165620  -40.889  19.396  15.620 0.3000000119
166815  -42.260  19.634  14.991 0.3000000119
166811  -42.562  19.957  15.267 0.4000000060
155785  -50.813  12.401  22.154 0.1000000015
157088  -50.782  12.808  21.931 0.1000000015
157095  -50.652  13.160  21.653 0.1000000015
157093  -49.267  13.271  21.021 0.1000000015
158359  -49.667  13.758  21.000 0.1000000015
157105  -48.927  13.430  20.731 0.1000000015
167992  -43.430  20.122  14.954 0.3000000119
167984  -43.365  20.615  15.754 0.3000000119
157193  -50.119  13.025  13.418 0.1000000015
158436  -50.992  14.437  16.283 0.1000000015
158437  -51.564  14.768  16.009 0.1000000015
157199  -50.034  13.080  12.649 0.1000000015
155941  -49.799  12.427  10.568 0.1000000015
154685  -49.418  11.793  10.477 0.1000000015
157233  -50.725  13.081  10.105 0.1000000015
155957  -50.075  12.049  10.057 0.1000000015
157217  -49.953  13.088  11.206 0.1000000015
155942  -50.327  12.829  10.268 0.1000000015
181761  -33.761  30.290  3.551 0.2000000030
181767  -33.740  30.485  3.083 0.2000000030
180774  -34.080  29.781  2.840 0.2000000030
181773  -33.915  30.478  2.317 0.2000000030
180781  -34.298  29.815  2.009 0.2000000030
181760  -33.547  30.628  3.670 0.2000000030
181779  -34.203  30.582  1.682 0.2000000030
177821  -40.303  27.881  2.675 0.4000000060
177806  -40.581  27.016  3.581 0.2000000030
180776  -36.281  30.259  2.636 0.4000000060
181762  -35.649  30.911  3.473 0.3000000119
182779  -33.468  31.402  2.710 0.2000000030
183813  -33.518  32.563  3.067 0.2000000030
183821  -34.027  32.302  2.226 0.2000000030
183822  -34.701  32.448  1.951 0.3000000119
183814  -34.267  32.872  2.695 0.2000000030
177813  -39.813  27.824  3.369 0.2000000030
178811  -39.463  27.940  3.712 0.2000000030
180769  -35.976  30.375  3.409 0.3000000119
181754  -35.792  30.694  4.003 0.3000000119
170432  -45.408  21.871  5.281 0.3000000119
177805  -39.906  27.530  3.659 0.2000000030
177814  -40.277  27.647  3.060 0.2000000030
177799  -40.400  26.807  4.004 0.2000000030
179794  -34.366  28.989  2.557 0.2000000030
183828  -33.723  31.453  2.191 0.2000000030
180768  -33.940  29.804  3.684 0.2000000030
179787  -34.176  29.024  3.429 0.2000000030
178805  -39.559  27.647  4.018 0.2000000030
183812  -33.189  31.823  3.149 0.1000000015
183806  -32.879  32.331  3.840 0.1000000015
171426  -46.572  22.825  17.440 0.1000000015
172583  -48.204  23.336  17.441 0.1000000015
170249  -46.091  22.633  17.371 0.1000000015
171427  -47.204  22.970  17.286 0.1000000015
172568  -47.791  23.439  17.878 0.1000000015
172598  -49.151  23.217  16.826 0.1000000015
171416  -45.802  22.785  18.303 0.1000000015
183815  -35.013  32.681  2.774 0.3000000119
172584  -48.967  23.449  17.265 0.1000000015
171405  -45.494  22.745  19.060 0.1000000015
170244  -45.200  22.555  18.505 0.1000000015
171417  -46.424  23.012  18.130 0.1000000015
183807  -33.276  32.792  3.599 0.1000000015
183808  -35.371  32.518  3.508 0.1000000015
182768  -35.421  31.647  3.492 0.1000000015
183798  -35.597  32.331  4.288 0.1000000015
184793  -34.531  33.165  3.283 0.2000000030
181753  -33.287  30.687  4.539 0.1000000015
182761  -32.772  31.486  4.720 0.1000000015
180753  -33.350  29.883  5.179 0.1000000015
180759  -33.721  29.927  4.320 0.1000000015
182767  -33.129  31.355  3.828 0.1000000015
178802  -34.158  28.243  3.969 0.1000000015
179774  -33.860  28.612  4.727 0.1000000015
179780  -33.841  29.392  4.429 0.1000000015
177796  -34.290  27.438  3.783 0.1000000015
171406  -46.201  23.050  18.874 0.1000000015
172567  -47.415  23.495  18.376 0.1000000015
173750  -50.648  24.319  17.127 0.1000000015
173805  -48.933  24.378  13.196 0.1000000015
171407  -46.860  23.321  18.612 0.1000000015
172552  -48.758  24.025  18.512 0.1000000015
173735  -50.260  24.238  17.694 0.1000000015
174824  -50.636  25.141  16.024 0.1000000015
174834  -50.347  25.170  15.212 0.1000000015
173813  -48.791  24.030  12.350 0.2000000030
182774  -35.337  31.859  2.714 0.3000000119
182762  -35.604  31.421  4.225 0.2000000030
181744  -35.806  30.964  4.600 0.1000000015
181745  -36.066  30.543  4.854 0.2000000030
181733  -36.220  30.690  5.591 0.1000000015
181720  -36.427  31.146  6.359 0.2000000030
181721  -36.738  30.645  6.855 0.2000000030
183799  -35.836  32.380  4.798 0.1000000015
182750  -35.928  31.242  5.212 0.1000000015
182724  -36.705  31.984  6.379 0.1000000015
182725  -36.890  31.606  6.936 0.1000000015
180717  -37.502  30.597  7.937 0.1000000015
182737  -36.242  31.631  5.843 0.1000000015
182709  -37.423  32.023  7.365 0.1000000015
181706  -37.608  31.304  7.914 0.1000000015
184786  -34.305  33.318  4.100 0.1000000015
184787  -35.006  33.179  3.662 0.2000000030
183737  -37.734  32.397  7.138 0.1000000015
182697  -38.780  31.791  8.219 0.1000000015
184785  -33.399  33.011  4.063 0.1000000015
184791  -33.522  32.914  3.526 0.1000000015
184792  -33.923  33.046  3.436 0.1000000015
183728  -38.536  32.324  7.708 0.1000000015
173793  -49.131  24.739  13.938 0.1000000015
175789  -50.557  25.380  17.554 0.1000000015
172669  -48.329  23.698  12.144 0.2000000030
181755  -35.978  30.454  4.337 0.2000000030
180741  -36.531  30.303  6.106 0.2000000030
184756  -36.576  32.889  5.345 0.1000000015
183769  -36.691  32.470  5.908 0.1000000015
180733  -37.111  30.001  7.294 0.1000000015
183785  -36.026  32.167  5.251 0.1000000015
184775  -36.135  33.009  4.827 0.1000000015
181689  -38.743  31.059  8.568 0.1000000015
185684  -34.888  33.528  4.387 0.1000000015
184774  -35.635  33.312  4.169 0.1000000015
172689  -47.779  22.987  10.435 0.2000000030
170388  -46.522  22.186  7.283 0.1000000015
174814  -50.241  25.704  16.681 0.1000000015
174833  -49.565  25.313  15.228 0.1000000015
173804  -48.101  24.101  13.128 0.1000000015
174932  -41.685  25.087  4.191 0.1000000015
175883  -41.204  25.698  4.215 0.1000000015
176820  -40.512  26.374  4.285 0.1000000015
175882  -40.681  25.706  4.581 0.1000000015
178804  -39.040  27.923  4.404 0.1000000015
177797  -39.198  27.508  4.721 0.1000000015
177793  -39.643  26.858  4.747 0.1000000015
176812  -39.711  26.404  5.057 0.1000000015
178799  -38.804  27.780  5.119 0.1000000015
177792  -39.171  27.176  5.081 0.1000000015
176811  -39.069  26.837  5.453 0.1000000015
178798  -38.382  28.338  5.147 0.1000000015
177786  -38.174  27.862  6.310 0.1000000015
177787  -38.614  27.344  5.905 0.1000000015
177781  -38.471  27.049  6.351 0.1000000015
180762  -36.367  29.995  4.258 0.2000000030
177774  -38.035  27.859  7.610 0.1000000015
180748  -36.526  30.070  5.501 0.2000000030
180742  -36.905  29.771  6.421 0.1000000015
179747  -37.504  29.763  7.855 0.1000000015
179748  -37.908  29.339  8.220 0.1000000015
184737  -36.922  32.939  5.632 0.1000000015
183770  -37.093  32.568  6.205 0.1000000015
183752  -37.369  32.495  6.640 0.1000000015
180718  -37.999  30.348  8.342 0.1000000015
178773  -38.037  28.525  8.195 0.1000000015
178774  -38.510  28.548  8.608 0.1000000015
185673  -36.155  33.873  4.637 0.1000000015
185674  -36.823  33.698  4.713 0.1000000015
184776  -36.656  33.263  5.050 0.1000000015
180719  -38.718  30.045  8.737 0.1000000015
179749  -38.384  29.162  8.599 0.1000000015
183754  -38.461  32.669  7.183 0.1000000015
182698  -39.617  31.797  8.233 0.1000000015
181674  -40.040  30.596  8.875 0.1000000015
173792  -48.233  24.599  14.119 0.1000000015
174832  -48.782  25.169  15.202 0.1000000015
172675  -47.523  23.045  11.065 0.2000000030
172785  -42.394  23.591  4.341 0.1000000015
173920  -41.196  24.404  4.841 0.1000000015
174931  -41.149  25.070  4.561 0.1000000015
174917  -40.330  25.076  5.192 0.1000000015
178810  -38.784  28.460  3.739 0.1000000015
175874  -39.813  25.690  5.358 0.1000000015
176806  -39.446  26.079  5.521 0.1000000015
179776  -37.871  28.879  5.150 0.1000000015
176799  -38.403  26.787  6.871 0.1000000015
175869  -38.881  25.912  6.409 0.1000000015
176793  -38.437  26.723  7.658 0.1000000015
179775  -37.323  29.306  5.095 0.1000000015
180749  -36.884  29.713  5.675 0.1000000015
179762  -37.436  29.088  6.580 0.1000000015
178785  -37.555  28.908  6.970 0.1000000015
179756  -37.587  29.126  7.657 0.1000000015
186594  -36.728  34.475  4.698 0.1000000015
185675  -37.196  33.947  4.712 0.1000000015
184757  -37.122  33.399  5.235 0.1000000015
184738  -37.331  32.997  5.947 0.1000000015
184716  -37.690  32.996  6.299 0.1000000015
184717  -38.098  33.049  6.505 0.1000000015
174841  -48.618  24.908  14.576 0.1000000015
171501  -47.048  22.839  10.833 0.1000000015
170443  -44.118  22.214  4.731 0.2000000030
171612  -42.731  22.769  4.795 0.1000000015
172784  -41.551  23.625  4.910 0.1000000015
173909  -40.750  24.408  5.172 0.1000000015
175870  -39.362  25.740  5.832 0.1000000015
175857  -38.627  26.047  7.807 0.1000000015
175863  -38.597  25.990  7.100 0.1000000015
179769  -37.879  28.723  5.807 0.1000000015
179768  -37.376  29.248  5.799 0.1000000015
170402  -45.895  21.891  6.778 0.1000000015
172668  -47.582  23.393  12.039 0.1000000015
172660  -47.718  23.739  12.733 0.1000000015
170442  -43.438  22.304  4.842 0.1000000015
171611  -42.114  23.149  4.808 0.1000000015
172773  -41.347  23.231  5.264 0.1000000015
172783  -41.085  24.022  5.097 0.1000000015
171600  -41.252  23.057  5.457 0.1000000015
173908  -40.223  24.426  5.549 0.1000000015
172772  -40.803  23.617  5.470 0.1000000015
173894  -39.949  24.191  5.883 0.1000000015
174906  -39.337  25.154  6.208 0.1000000015
174897  -39.137  24.902  6.676 0.1000000015
174905  -38.921  25.419  6.708 0.1000000015
174884  -38.763  25.381  8.597 0.1000000015
170373  -45.876  22.053  8.438 0.1000000015
170387  -45.885  21.964  7.645 0.1000000015
170401  -45.154  21.577  7.185 0.1000000015
170418  -45.152  21.641  6.121 0.1000000015
171527  -46.959  22.594  9.476 0.2000000030
170345  -46.301  22.346  9.480 0.1000000015
172659  -46.841  23.579  12.965 0.1000000015
172674  -46.977  22.910  11.262 0.1000000015
171526  -46.397  22.458  9.976 0.1000000015
170372  -45.213  21.899  8.764 0.1000000015
170386  -45.306  21.784  8.055 0.1000000015
169263  -44.570  21.422  6.571 0.1000000015
170430  -43.820  21.883  5.308 0.1000000015
171500  -46.542  22.767  11.177 0.1000000015
171513  -46.085  22.496  10.615 0.1000000015
170359  -45.832  22.136  9.160 0.1000000015
170417  -44.260  21.537  5.914 0.1000000015
172666  -46.127  22.994  12.192 0.1000000015
170371  -44.792  21.877  9.167 0.1000000015
170328  -45.539  22.300  10.489 0.1000000015
170358  -45.245  22.038  9.468 0.1000000015
171602  -42.500  22.412  5.263 0.1000000015
171499  -45.888  22.649  11.374 0.1000000015
170428  -42.402  22.140  5.575 0.1000000015
172658  -45.870  23.242  12.877 0.1000000015
171589  -41.522  22.335  5.800 0.1000000015
172759  -40.564  23.192  5.914 0.1000000015
173882  -39.149  24.404  6.968 0.1000000015
178746  -38.792  28.254  11.001 0.1000000015
175838  -38.456  25.803  9.918 0.1000000015
176763  -39.304  27.011  10.252 0.1000000015
174896  -38.788  25.210  7.232 0.1000000015
178747  -39.657  28.326  10.917 0.1000000015
175847  -39.389  26.578  9.599 0.1000000015
173861  -38.660  24.581  8.672 0.1000000015
174889  -38.728  25.321  7.959 0.1000000015
169219  -44.924  21.709  8.354 0.1000000015
170416  -43.462  21.565  5.873 0.1000000015
170327  -45.006  22.275  10.819 0.1000000015
170342  -44.530  22.027  10.343 0.1000000015
169261  -43.110  21.252  6.457 0.1000000015
170415  -42.710  21.677  5.931 0.1000000015
171489  -44.921  22.786  12.265 0.1000000015
169259  -41.834  21.496  6.570 0.1000000015
171479  -45.209  22.997  12.723 0.1000000015
170414  -41.933  21.908  6.010 0.1000000015
170399  -41.065  21.920  6.621 0.1000000015
171575  -40.165  22.602  6.790 0.1000000015
170412  -40.862  22.346  6.339 0.1000000015
171586  -39.909  23.267  6.498 0.1000000015
177745  -38.281  27.497  10.859 0.1000000015
175831  -38.296  26.116  10.280 0.1000000015
172734  -38.991  23.438  7.795 0.1000000015
170397  -40.080  22.440  7.043 0.1000000015
172745  -38.860  24.181  7.784 0.1000000015
169249  -44.319  21.297  7.198 0.1000000015
169262  -43.881  21.327  6.509 0.1000000015
169218  -44.434  21.620  8.685 0.1000000015
169234  -43.945  21.282  7.904 0.1000000015
169248  -43.522  21.150  7.152 0.1000000015
169202  -44.433  21.783  9.252 0.1000000015
169247  -42.731  21.130  7.102 0.1000000015
172645  -45.220  23.675  13.928 0.1000000015
169201  -43.885  21.644  9.491 0.1000000015
169233  -43.104  21.117  7.841 0.1000000015
172644  -44.344  23.530  13.987 0.1000000015
171488  -44.274  22.725  12.428 0.1000000015
170341  -43.871  21.928  10.487 0.1000000015
169232  -42.294  21.102  7.760 0.1000000015
169245  -41.362  21.474  6.972 0.1000000015
169230  -40.859  21.436  7.584 0.1000000015
169244  -40.777  21.736  7.074 0.1000000015
172712  -38.194  23.856  9.379 0.1000000015
172722  -38.477  23.805  8.798 0.1000000015
171550  -39.189  22.650  8.144 0.1000000015
172656  -44.167  23.192  13.441 0.1000000015
170310  -44.124  22.343  11.495 0.1000000015
169216  -42.608  21.107  8.546 0.1000000015
170354  -38.888  22.441  8.894 0.1000000015
169212  -39.690  21.876  8.396 0.1000000015
170384  -39.778  22.403  7.429 0.1000000015
173732  -44.711  24.653  16.839 0.1000000015
173776  -44.160  23.999  15.086 0.1000000015
172655  -43.713  23.086  13.422 0.1000000015
170309  -43.485  22.261  11.777 0.1000000015
170340  -43.379  21.875  10.768 0.1000000015
169184  -43.214  21.629  10.250 0.1000000015
169214  -40.966  21.252  8.309 0.1000000015
169196  -39.685  21.680  8.805 0.1000000015
169213  -40.170  21.631  8.139 0.1000000015
172630  -43.718  23.777  14.740 0.1000000015
171487  -43.567  22.599  12.496 0.1000000015
174782  -42.975  24.923  18.176 0.1000000015
173745  -43.702  24.443  16.334 0.1000000015
173730  -43.076  24.582  17.081 0.1000000015
172615  -43.520  23.964  15.189 0.1000000015
169199  -42.030  21.100  9.254 0.1000000015
169215  -41.766  21.097  8.432 0.1000000015
169200  -42.932  21.293  9.383 0.1000000015
169166  -42.490  21.645  10.928 0.1000000015
169183  -42.295  21.280  10.104 0.1000000015
172629  -42.818  23.690  14.727 0.1000000015
169198  -41.159  21.131  9.117 0.1000000015
171486  -42.869  22.567  12.723 0.1000000015
173759  -42.589  24.146  15.855 0.1000000015
171463  -42.747  23.070  13.706 0.1000000015
170308  -42.813  22.094  11.811 0.1000000015
172628  -41.947  23.661  14.861 0.1000000015
172596  -39.817  24.021  16.519 0.1000000015
172627  -41.083  23.674  14.980 0.1000000015
172611  -40.507  23.972  15.777 0.1000000015
173758  -41.765  24.157  15.983 0.1000000015
171462  -42.057  22.995  13.793 0.1000000015
172610  -39.618  23.819  15.702 0.1000000015
172640  -40.768  23.327  14.413 0.1000000015
170296  -41.788  22.199  12.505 0.1000000015
171474  -41.726  22.601  13.221 0.1000000015
171473  -40.914  22.566  13.374 0.1000000015
169147  -41.838  21.655  11.412 0.1000000015
169138  -40.663  21.665  11.943 0.1000000015
170285  -40.618  22.197  12.900 0.1000000015
177780  -38.122  27.635  6.809 0.1000000015
176792  -38.241  27.317  7.619 0.1000000015
179763  -37.849  28.586  6.244 0.1000000015
176771  -39.298  26.731  9.942 0.1000000015
178786  -37.825  28.434  6.699 0.1000000015
176779  -39.566  27.111  9.433 0.1000000015
176787  -38.681  26.970  8.384 0.1000000015
178779  -37.775  28.505  7.520 0.1000000015
176786  -38.378  27.324  8.110 0.1000000015
172569  -48.493  23.678  17.931 0.1000000015
172570  -49.264  23.946  17.991 0.1000000015
174823  -49.885  25.560  15.939 0.1000000015
176813  -40.293  26.054  4.711 0.1000000015
177768  -38.219  27.878  8.170 0.1000000015
178763  -39.067  28.560  8.915 0.1000000015
174916  -39.781  25.113  5.646 0.1000000015
172667  -46.730  23.061  11.940 0.1000000015
172758  -40.081  23.619  6.067 0.1000000015
173881  -38.873  24.568  7.564 0.1000000015
174871  -38.493  25.556  9.675 0.1000000015
174878  -38.672  25.361  9.239 0.1000000015
172746  -39.107  23.735  7.424 0.1000000015
169217  -43.505  21.270  8.648 0.1000000015
172639  -39.957  23.367  14.371 0.1000000015
167983  -42.904  20.565  16.021 0.2000000030
169112  -45.911  21.601  15.625 0.2000000030
169110  -44.229  20.939  15.618 0.2000000030
169107  -44.896  21.706  16.385 0.2000000030
170253  -45.332  21.985  16.545 0.2000000030
170259  -45.590  21.773  16.012 0.2000000030
170247  -44.609  21.933  17.210 0.2000000030
169106  -44.366  21.510  16.527 0.2000000030
169111  -45.114  21.450  15.842 0.2000000030
169104  -42.966  20.812  16.425 0.2000000030
170252  -44.792  21.807  16.658 0.2000000030
169109  -43.692  20.765  15.745 0.2000000030
170261  -46.750  22.097  15.923 0.2000000030
169105  -43.490  20.987  16.267 0.2000000030
164399  -37.866  17.874  17.933 0.1000000015
166803  -40.034  19.277  16.809 0.1000000015
166808  -40.876  19.537  16.033 0.1000000015
164387  -37.859  17.857  19.607 0.1000000015
163227  -37.529  17.613  19.284 0.1000000015
164394  -37.761  17.850  18.757 0.1000000015
165601  -38.983  18.608  18.799 0.1000000015
164395  -38.428  18.216  18.383 0.1000000015
165605  -38.989  18.600  17.979 0.1000000015
166798  -39.844  19.157  17.079 0.1000000015
167976  -41.699  20.274  17.087 0.1000000015
167977  -42.272  20.592  16.856 0.1000000015
166805  -41.302  19.889  16.469 0.1000000015
166806  -41.771  20.012  16.088 0.1000000015
166784  -41.205  19.573  19.787 0.1000000015
167961  -42.253  20.399  19.287 0.1000000015
165607  -40.061  19.156  18.820 0.1000000015
166791  -41.196  19.805  18.930 0.1000000015
167969  -42.082  20.480  18.454 0.1000000015
167970  -42.587  20.902  18.147 0.1000000015
170242  -44.025  21.816  17.895 0.1000000015
166795  -41.025  19.842  18.067 0.1000000015
167973  -42.205  20.684  17.595 0.1000000015
169099  -42.864  20.961  16.943 0.1000000015
167962  -42.701  20.830  18.918 0.1000000015
170255  -47.058  22.522  16.465 0.1000000015
164393  -37.383  17.621  18.488 0.1000000015
164400  -38.466  18.219  17.579 0.1000000015
165611  -39.591  18.970  17.536 0.1000000015
166804  -40.546  19.526  16.603 0.1000000015
170248  -45.486  22.460  17.559 0.1000000015
167978  -42.650  20.664  16.482 0.1000000015
169100  -43.677  21.423  17.218 0.1000000015
169098  -42.474  20.807  17.210 0.1000000015
167982  -42.283  20.339  16.168 0.1000000015
163223  -37.547  17.607  19.571 0.1000000015
164388  -38.421  18.250  19.256 0.1000000015
163226  -37.219  17.429  18.867 0.1000000015
163221  -36.837  17.115  19.191 0.1000000015
165606  -39.533  18.902  18.405 0.1000000015
165612  -39.980  19.231  18.143 0.1000000015
166799  -40.294  19.475  17.493 0.1000000015
167972  -41.584  20.234  17.820 0.1000000015
166800  -41.056  19.903  17.255 0.1000000015
167981  -41.855  20.235  16.531 0.1000000015
166790  -40.616  19.399  19.258 0.1000000015
166785  -41.742  20.020  19.547 0.1000000015
166792  -41.763  20.155  18.934 0.1000000015
165594  -39.037  18.636  19.613 0.1000000015
166794  -40.514  19.510  18.455 0.1000000015
167968  -41.529  20.101  18.443 0.1000000015
169095  -42.958  21.155  17.702 0.1000000015
169094  -42.603  20.927  17.438 0.1000000015
169096  -43.463  21.464  17.982 0.1000000015
142087  -47.793  5.236  21.453 0.1000000015
142300  -52.450  4.919  4.425 0.2000000030
142303  -54.064  4.641  4.492 0.2000000030
143577  -48.637  5.924  21.517 0.1000000015
143752  -52.137  5.384  6.671 0.2000000030
143759  -48.580  5.575  5.887 0.2000000030
143760  -49.034  5.348  5.934 0.2000000030
143781  -51.828  4.930  4.724 0.2000000030
143812  -49.713  5.423  4.111 0.2000000030
143814  -50.918  5.220  3.911 0.2000000030
144981  -52.336  6.176  26.921 0.1000000015
145021  -51.386  6.212  24.042 0.1000000015
145036  -51.061  6.428  23.486 0.1000000015
145058  -50.628  6.512  23.054 0.1000000015
145077  -49.899  6.537  22.299 0.1000000015
145234  -47.577  6.280  8.086 0.1000000015
145244  -46.955  6.532  7.204 0.2000000030
145245  -47.233  6.299  7.515 0.2000000030
145259  -47.104  6.390  6.985 0.2000000030
145275  -47.820  5.941  6.371 0.2000000030
145291  -48.666  5.703  5.123 0.3000000119
145304  -48.386  6.033  4.790 0.3000000119
145378  -56.616  5.135  0.260 0.1000000015
145403  -51.303  6.771  -2.329 0.1000000015
146455  -32.416  7.318  23.155 0.1000000015
146625  -46.504  7.370  8.542 0.1000000015
146644  -48.725  6.669  8.630 0.2000000030
146654  -46.272  7.283  7.494 0.2000000030
146656  -47.072  6.505  7.830 0.1000000015
146671  -47.127  6.419  6.585 0.2000000030
146692  -47.090  6.816  5.758 0.2000000030
146720  -49.064  6.470  2.774 0.3000000119
146779  -55.415  6.176  -0.600 0.1000000015
146785  -50.072  7.096  -1.873 0.1000000015
146787  -51.987  7.451  -1.022 0.3000000119
146805  -51.080  7.610  -3.012 0.1000000015
147797  -51.591  7.380  26.524 0.1000000015
147832  -31.640  8.501  24.119 0.1000000015
147839  -51.513  7.525  23.132 0.1000000015
147854  -51.230  7.427  22.813 0.1000000015
147999  -46.336  7.677  8.856 0.1000000015
148015  -46.310  7.467  8.444 0.1000000015
148029  -45.927  7.747  7.501 0.2000000030
148052  -46.269  7.684  6.298 0.2000000030
148063  -47.025  7.327  5.212 0.2000000030
148064  -47.384  7.116  4.863 0.2000000030
148131  -46.790  7.921  -0.441 0.1000000015
148143  -48.407  7.927  -1.296 0.1000000015
148155  -48.815  8.153  -1.655 0.1000000015
148157  -49.869  7.817  -2.315 0.1000000015
148161  -52.545  7.557  -2.565 0.3000000119
148168  -51.330  8.023  -3.213 0.2000000030
148169  -52.034  7.967  -3.011 0.2000000030
149240  -31.741  8.771  23.946 0.1000000015
149263  -32.512  8.667  22.507 0.1000000015
149269  -50.524  8.142  21.665 0.1000000015
149275  -33.550  8.262  20.987 0.1000000015
149279  -44.861  8.485  21.530 0.1000000015
149406  -49.115  8.430  9.377 0.1000000015
149419  -45.243  8.828  8.472 0.1000000015
149450  -45.662  8.347  6.937 0.2000000030
149493  -48.168  8.085  2.831 0.2000000030
149546  -49.898  8.330  -2.642 0.2000000030
149549  -51.908  8.317  -2.691 0.2000000030
149552  -49.785  8.762  -2.703 0.2000000030
149554  -50.924  8.611  -3.273 0.2000000030
150591  -31.973  9.627  23.874 0.1000000015
150597  -31.851  9.053  23.796 0.1000000015
150620  -46.271  8.869  21.960 0.1000000015
150636  -51.007  9.086  21.435 0.1000000015
150653  -50.260  9.159  20.860 0.1000000015
150659  -34.112  9.597  19.768 0.1000000015
150747  -45.826  9.074  9.597 0.1000000015
150779  -44.489  9.690  7.985 0.2000000030
150780  -44.766  9.361  7.920 0.2000000030
150807  -45.570  9.070  6.296 0.2000000030
150859  -48.874  8.959  1.343 0.3000000119
150881  -48.322  9.034  -1.201 0.1000000015
150889  -49.479  9.227  -2.457 0.2000000030
151889  -30.480  10.183  26.095 0.1000000015
151895  -31.656  9.926  24.557 0.1000000015
151900  -51.665  9.736  24.030 0.1000000015
151903  -32.807  10.273  22.827 0.1000000015
151937  -48.580  10.375  22.088 0.1000000015
151962  -34.625  9.984  19.154 0.1000000015
152015  -45.651  10.443  14.520 0.1000000015
152047  -42.569  10.494  11.820 0.1000000015
152080  -49.560  10.495  9.835 0.1000000015
152126  -44.341  10.474  7.521 0.2000000030
152211  -48.719  9.940  -1.154 0.2000000030
152217  -49.123  9.912  -1.622 0.2000000030
152230  -50.163  9.682  -3.072 0.2000000030
152231  -50.648  9.968  -3.112 0.2000000030
152232  -51.225  9.998  -3.104 0.2000000030
152233  -51.430  9.967  -2.636 0.2000000030
153162  -31.523  11.068  25.514 0.1000000015
153167  -31.221  10.407  25.306 0.1000000015
153177  -31.929  10.217  24.463 0.1000000015
153187  -51.082  10.439  23.502 0.1000000015
153195  -33.582  11.293  22.852 0.1000000015
153212  -47.195  10.422  21.162 0.1000000015
153224  -45.551  10.231  20.236 0.1000000015
153228  -50.747  10.063  20.282 0.1000000015
153237  -33.526  10.819  19.995 0.1000000015
153297  -46.170  10.870  15.184 0.1000000015
153306  -45.429  10.599  15.114 0.1000000015
153362  -48.071  11.033  10.687 0.1000000015
153389  -49.810  10.875  9.724 0.1000000015
153443  -44.982  10.840  6.154 0.2000000030
153470  -46.037  10.904  4.890 0.2000000030
153493  -48.899  10.506  2.119 0.3000000119
153495  -49.849  11.473  1.645 0.3000000119
153510  -47.666  11.346  0.126 0.1000000015
153520  -46.156  11.008  -0.295 0.1000000015
153534  -45.010  11.517  -0.957 0.1000000015
153538  -50.938  10.496  -0.892 0.2000000030
153543  -49.891  10.248  -2.376 0.2000000030
153550  -50.909  10.322  -2.913 0.2000000030
154366  -26.064  11.413  35.271 0.1000000015
154432  -29.376  11.627  30.252 0.1000000015
154435  -29.422  11.564  29.736 0.1000000015
154441  -30.204  11.537  27.375 0.1000000015
154447  -30.340  11.207  26.850 0.1000000015
154463  -31.106  11.387  26.028 0.1000000015
154464  -31.594  11.571  25.897 0.1000000015
154519  -49.381  11.425  21.970 0.1000000015
154528  -47.727  11.338  20.894 0.1000000015
154538  -46.080  11.226  19.986 0.1000000015
154551  -42.898  11.304  19.189 0.1000000015
154681  -42.276  11.283  10.583 0.1000000015
154732  -52.198  11.761  7.408 0.1000000015
154758  -45.040  11.598  5.940 0.2000000030
154811  -50.550  11.855  1.197 0.2000000030
154816  -44.024  11.919  0.416 0.1000000015
154817  -47.058  11.731  0.093 0.1000000015
154818  -47.521  11.757  0.161 0.1000000015
154820  -51.277  11.680  0.212 0.2000000030
154829  -47.880  11.472  0.101 0.1000000015
154839  -44.486  12.038  -0.826 0.1000000015
154841  -45.446  12.323  -1.076 0.1000000015
154842  -49.520  11.348  -1.099 0.2000000030
154850  -50.502  11.355  -1.954 0.2000000030
155614  -24.969  12.257  36.237 0.1000000015
155625  -25.724  11.911  35.100 0.1000000015
155644  -27.039  12.200  34.470 0.1000000015
155645  -27.695  12.390  34.538 0.1000000015
155647  -28.872  12.832  34.991 0.1000000015
155658  -26.708  12.647  34.139 0.1000000015
155660  -27.939  12.832  34.167 0.1000000015
155674  -30.331  12.630  33.017 0.1000000015
155680  -29.905  12.469  32.322 0.1000000015
155685  -29.354  11.933  31.016 0.1000000015
155686  -29.581  12.385  31.277 0.1000000015
155698  -29.535  11.984  29.424 0.1000000015
155705  -30.425  12.092  27.454 0.1000000015
155721  -31.154  12.133  26.705 0.1000000015
155744  -32.232  12.094  26.130 0.1000000015
155784  -50.358  12.061  22.186 0.1000000015
155790  -33.266  11.623  20.958 0.1000000015
155795  -50.566  12.712  21.904 0.1000000015
155815  -33.434  11.642  20.076 0.1000000015
155841  -52.996  12.785  18.174 0.1000000015
155866  -39.193  12.038  15.719 0.2000000030
155928  -48.582  12.034  11.249 0.1000000015
155940  -49.270  12.029  10.696 0.1000000015
155991  -52.089  12.055  7.660 0.1000000015
156000  -43.740  12.434  7.139 0.3000000119
156070  -44.095  12.728  1.596 0.1000000015
156073  -50.733  12.730  1.657 0.2000000030
156078  -43.915  12.215  1.303 0.1000000015
156083  -52.172  12.949  0.607 0.4000000060
156088  -44.270  12.560  0.396 0.1000000015
156091  -48.285  12.328  0.136 0.1000000015
156100  -46.267  12.536  -0.586 0.1000000015
156102  -47.250  12.842  -0.042 0.1000000015
156113  -45.212  12.754  -1.156 0.2000000030
156896  -30.783  13.312  37.185 0.1000000015
156903  -30.028  13.251  36.225 0.1000000015
156904  -30.517  13.509  36.634 0.1000000015
156906  -32.803  13.697  37.006 0.1000000015
156908  -25.015  12.943  35.744 0.1000000015
156909  -29.214  13.054  35.211 0.1000000015
156910  -29.723  13.430  35.455 0.1000000015
156919  -25.741  12.898  34.541 0.1000000015
156920  -28.500  13.112  34.369 0.1000000015
156921  -28.952  13.256  34.671 0.1000000015
156934  -26.859  13.307  33.695 0.1000000015
156936  -28.228  13.282  34.015 0.1000000015
156937  -28.666  13.475  34.214 0.1000000015
156965  -30.298  12.984  32.264 0.1000000015
156967  -31.140  13.402  33.237 0.1000000015
156976  -30.113  13.032  30.837 0.1000000015
156981  -30.768  13.462  30.466 0.1000000015
156997  -30.210  12.537  28.524 0.1000000015
156998  -30.713  12.831  28.236 0.1000000015
157000  -32.651  13.565  28.482 0.1000000015
157015  -30.865  12.581  27.648 0.1000000015
157034  -31.579  12.558  27.020 0.1000000015
157089  -51.104  12.909  21.967 0.1000000015
157119  -47.430  13.260  19.938 0.1000000015
157125  -42.799  12.464  18.852 0.1000000015
157130  -52.977  12.929  19.003 0.1000000015
157139  -43.949  13.395  17.685 0.1000000015
157150  -44.913  12.967  17.266 0.1000000015
157158  -36.633  13.412  16.244 0.2000000030
157160  -47.711  12.785  16.751 0.1000000015
157168  -37.695  13.425  15.036 0.3000000119
157171  -50.337  13.407  15.110 0.1000000015
157177  -38.441  13.404  14.330 0.3000000119
157286  -44.673  12.837  6.141 0.3000000119
157354  -47.950  12.956  0.131 0.1000000015
157357  -52.327  13.505  0.478 0.4000000060
157371  -52.278  13.538  -0.067 0.4000000060
157376  -44.958  13.393  -1.003 0.2000000030
157379  -46.670  13.557  -0.636 0.2000000030
157382  -51.663  12.895  -0.885 0.3000000119
158146  -31.814  14.162  37.154 0.1000000015
158148  -33.150  14.203  37.075 0.1000000015
158149  -33.496  14.402  36.733 0.1000000015
158154  -31.598  14.500  36.760 0.1000000015
158157  -33.530  14.427  36.481 0.1000000015
158159  -25.096  13.652  35.278 0.1000000015
158161  -30.833  14.413  35.955 0.1000000015
158162  -32.599  13.657  35.742 0.1000000015
158170  -29.758  13.945  34.885 0.1000000015
158181  -28.065  13.582  33.710 0.1000000015
158183  -29.178  13.908  34.276 0.1000000015
158185  -31.636  13.499  33.988 0.1000000015
158187  -32.622  14.329  33.786 0.1000000015
158200  -31.620  13.672  33.516 0.1000000015
158201  -32.211  14.166  33.235 0.1000000015
158213  -30.947  13.500  32.298 0.1000000015
158225  -31.745  13.999  31.757 0.1000000015
158226  -32.560  14.335  31.630 0.1000000015
158239  -34.173  14.277  30.454 0.1000000015
158251  -31.483  13.853  30.285 0.1000000015
158267  -32.432  13.973  29.533 0.1000000015
158269  -34.034  13.898  29.339 0.1000000015
158283  -33.240  13.671  28.665 0.1000000015
158358  -49.200  13.719  20.785 0.1000000015
158390  -52.771  13.535  19.500 0.1000000015
158399  -52.478  14.314  19.468 0.1000000015
158406  -43.991  13.491  17.939 0.1000000015
158414  -49.982  14.607  17.476 0.1000000015
158420  -44.659  13.315  17.447 0.1000000015
158431  -35.854  14.391  16.770 0.2000000030
158441  -36.436  14.499  16.045 0.2000000030
158456  -38.713  14.256  13.820 0.3000000119
158602  -50.882  14.141  1.929 0.4000000060
158611  -51.897  14.076  1.371 0.4000000060
158621  -44.594  14.046  0.555 0.1000000015
158622  -47.800  13.351  0.020 0.3000000119
158644  -51.934  14.088  -0.131 0.4000000060
158653  -44.867  13.870  -0.662 0.1000000015
158663  -45.741  14.669  -1.696 0.3000000119
159439  -31.923  14.760  36.846 0.1000000015
159440  -32.467  14.923  37.057 0.1000000015
159441  -33.110  14.796  37.189 0.1000000015
159447  -31.656  14.896  36.317 0.1000000015
159449  -33.598  14.536  36.207 0.1000000015
159450  -33.781  14.820  36.547 0.1000000015
159454  -30.842  14.798  35.439 0.1000000015
159457  -33.935  14.966  35.915 0.1000000015
159464  -33.340  14.615  34.851 0.1000000015
159491  -32.579  14.455  33.144 0.1000000015
159507  -32.621  14.528  32.853 0.1000000015
159508  -33.224  14.742  32.721 0.1000000015
159509  -33.912  14.884  32.540 0.1000000015
159529  -34.147  14.767  31.856 0.1000000015
159530  -34.916  14.855  31.757 0.1000000015
159544  -33.710  14.588  31.373 0.1000000015
159695  -50.293  15.024  17.688 0.1000000015
159696  -52.577  14.892  18.348 0.1000000015
159700  -50.207  14.763  17.473 0.1000000015
159790  -42.085  14.525  9.435 0.5000000000
159818  -43.919  15.081  6.448 0.5000000000
159873  -52.092  14.763  1.139 0.4000000060
159882  -44.970  15.258  -0.034 0.2000000030
159892  -44.890  14.536  -0.212 0.2000000030
159912  -47.487  15.007  -0.802 0.3000000119
159920  -45.545  15.085  -1.690 0.2000000030
159922  -46.652  14.978  -1.514 0.3000000119
160703  -33.057  15.380  37.078 0.1000000015
160704  -33.628  15.285  37.054 0.1000000015
160705  -33.894  15.094  36.842 0.1000000015
160737  -34.287  15.177  33.855 0.1000000015
160754  -34.559  15.252  33.344 0.1000000015
160771  -35.031  15.300  32.848 0.1000000015
160920  -51.380  15.238  19.546 0.1000000015
160921  -51.708  14.960  19.615 0.1000000015
160926  -49.531  15.358  18.427 0.1000000015
160927  -49.976  15.403  18.302 0.1000000015
160929  -51.331  15.459  18.866 0.1000000015
160933  -35.851  15.963  17.815 0.1000000015
160934  -50.168  15.189  17.915 0.1000000015
160942  -51.069  15.247  17.589 0.1000000015
160945  -52.965  15.164  17.426 0.1000000015
160954  -36.428  15.341  16.098 0.2000000030
160991  -42.316  15.448  9.764 0.6000000238
161033  -44.373  15.482  5.902 0.6999999881
161066  -43.189  15.420  2.879 0.1000000015
161075  -43.967  15.383  1.957 0.1000000015
161088  -52.183  15.375  0.885 0.4000000060
161095  -44.850  15.613  0.212 0.2000000030
161096  -52.175  15.362  0.361 0.4000000060
161123  -45.417  15.681  -1.401 0.3000000119
162111  -36.736  16.510  16.635 0.2000000030
162149  -43.214  16.855  9.870 0.6999999881
162176  -42.917  16.073  8.118 0.6000000238
162185  -43.714  16.360  6.887 0.6000000238
162203  -44.509  15.907  5.724 0.6999999881
162246  -43.683  16.681  1.598 0.1000000015
162251  -51.903  15.785  0.972 0.4000000060
162259  -51.733  16.393  0.332 0.5000000000
162260  -51.984  15.885  0.632 0.4000000060
162266  -44.679  16.675  -0.067 0.3000000119
162279  -45.205  16.343  -1.099 0.3000000119
162290  -46.162  16.291  -2.338 0.3000000119
162292  -47.358  16.244  -1.607 0.3000000119
162298  -46.701  16.606  -2.417 0.3000000119
163251  -39.885  17.482  13.866 0.5000000000
163287  -43.071  16.824  9.170 0.6000000238
163288  -43.365  17.255  9.322 0.8000000119
163303  -43.755  17.592  7.531 0.8000000119
163322  -45.068  17.227  5.440 0.8000000119
163323  -45.387  17.596  5.149 0.6999999881
163360  -47.644  17.510  2.527 0.8000000119
163378  -51.440  16.916  -0.076 0.6000000238
163383  -44.437  17.121  0.033 0.3000000119
163391  -44.556  17.334  -0.546 0.3000000119
163392  -44.930  16.928  -0.803 0.3000000119
163407  -47.466  16.880  -2.034 0.3000000119
163414  -45.322  17.258  -2.350 0.3000000119
164386  -37.569  17.607  19.817 0.1000000015
164398  -37.507  17.703  18.238 0.1000000015
164411  -38.751  17.857  15.423 0.4000000060
164417  -39.984  18.096  14.343 0.5000000000
164434  -44.019  17.568  12.507 0.5000000000
164452  -44.702  18.424  9.999 0.8000000119
164485  -44.784  18.249  6.385 0.8000000119
164496  -45.324  17.987  5.387 0.8000000119
164509  -46.162  17.637  3.877 0.6999999881
164552  -44.018  17.612  0.237 0.1000000015
164568  -50.061  18.113  -1.086 0.6000000238
164579  -49.071  18.609  -1.615 0.6000000238
164583  -44.708  18.153  -2.229 0.3000000119
164586  -47.153  17.794  -2.886 0.4000000060
164589  -48.375  18.683  -2.093 0.5000000000
164596  -46.180  18.246  -3.500 0.3000000119
164597  -46.962  18.230  -3.292 0.4000000060
165637  -42.799  18.387  13.512 0.6000000238
165667  -45.159  18.698  10.060 0.8000000119
165704  -45.158  18.575  6.054 0.8000000119
165735  -47.229  18.446  3.229 0.8000000119
165743  -41.100  18.250  1.562 0.1000000015
165754  -41.903  18.438  0.958 0.1000000015
165765  -50.142  18.412  0.168 0.6999999881
165773  -50.096  18.514  -0.088 0.6000000238
165779  -43.740  18.452  -1.071 0.2000000030
165780  -44.227  18.144  -1.288 0.3000000119
165781  -49.447  19.046  -0.882 0.6000000238
165785  -43.241  19.345  -1.940 0.2000000030
165788  -48.689  18.972  -1.614 0.6000000238
165796  -47.806  18.981  -2.767 0.5000000000
165798  -48.314  18.996  -1.985 0.6000000238
165804  -44.696  18.966  -2.966 0.3000000119
165805  -45.196  18.801  -3.308 0.3000000119
165806  -45.924  18.969  -3.725 0.3000000119
166830  -47.325  19.754  12.460 0.6999999881
166832  -46.516  19.378  12.604 0.6999999881
166888  -46.577  19.940  6.995 0.6999999881
166903  -46.677  19.625  5.681 0.6999999881
166921  -47.248  19.447  4.247 0.8000000119
166935  -46.666  20.194  1.931 0.8999999762
166936  -46.996  20.157  2.195 0.8999999762
166943  -46.857  20.102  2.066 0.8999999762
166944  -47.175  19.973  2.066 0.8999999762
166958  -39.762  19.936  0.847 0.1000000015
166959  -40.127  19.747  0.576 0.1000000015
166965  -41.001  19.911  -0.422 0.1000000015
166984  -43.472  19.595  -2.285 0.2000000030
166985  -47.501  19.878  -1.978 0.6000000238
166995  -43.922  19.367  -2.521 0.2000000030
166996  -44.448  19.422  -2.884 0.3000000119
166997  -46.421  20.063  -2.855 0.6000000238
167000  -48.026  19.371  -2.005 0.6000000238
167009  -45.602  19.650  -3.398 0.5000000000
167010  -46.424  19.722  -3.345 0.5000000000
167011  -47.086  19.503  -3.252 0.6000000238
167012  -47.348  19.560  -2.902 0.5000000000
167974  -42.578  20.932  17.726 0.1000000015
167987  -43.049  20.261  15.381 0.3000000119
167989  -44.188  20.535  15.113 0.3000000119
167996  -45.694  20.681  14.592 0.4000000060
168005  -48.367  20.880  13.595 0.6000000238
168028  -48.134  20.180  9.915 0.6999999881
168040  -48.582  20.347  9.556 0.6999999881
168057  -47.370  20.264  7.658 0.6999999881
168061  -49.865  20.698  8.555 0.6000000238
168071  -48.379  20.442  7.486 0.6999999881
168074  -50.168  20.708  7.822 0.6999999881
168087  -49.973  20.626  7.455 0.6999999881
168095  -47.331  19.998  5.808 0.6999999881
168129  -46.840  20.139  2.177 0.8999999762
168130  -46.972  20.248  2.458 0.8999999762
168138  -46.757  20.329  2.041 0.8999999762
168139  -47.024  20.285  2.188 0.8999999762
168153  -39.886  20.193  0.690 0.1000000015
168172  -44.669  20.846  -1.542 0.3000000119
168175  -47.644  20.442  -1.235 0.6000000238
168184  -43.357  20.089  -2.243 0.2000000030
168189  -46.946  20.300  -1.726 0.6000000238
168192  -48.304  19.977  -1.214 0.6000000238
168196  -44.879  20.041  -2.696 0.3000000119
168200  -47.280  20.020  -2.025 0.6000000238
168203  -45.149  19.905  -2.911 0.5000000000
168204  -45.402  19.968  -2.905 0.5000000000
169101  -44.188  21.658  17.075 0.1000000015
169129  -49.812  21.699  14.038 0.4000000060
169134  -50.411  21.710  13.442 0.4000000060
169137  -40.336  21.567  11.876 0.1000000015
169139  -49.461  20.902  12.513 0.6999999881
169148  -42.267  21.790  11.399 0.1000000015
169152  -51.245  21.615  12.114 0.5000000000
169167  -43.035  21.773  10.789 0.1000000015
169185  -43.779  21.774  10.051 0.1000000015
169197  -40.318  21.336  8.967 0.1000000015
169220  -50.094  20.828  9.030 0.6000000238
169229  -40.422  21.766  7.471 0.1000000015
169231  -41.545  21.218  7.671 0.1000000015
169235  -44.705  21.498  7.906 0.1000000015
169243  -40.487  21.927  7.151 0.1000000015
169246  -42.020  21.243  7.069 0.1000000015
169260  -42.372  21.346  6.469 0.1000000015
169271  -49.144  20.518  4.944 0.8000000119
169295  -47.079  20.461  2.348 0.8999999762
169296  -47.113  20.403  2.578 0.8999999762
169306  -47.183  20.369  2.251 0.8999999762
169307  -47.279  20.453  2.446 0.8999999762
169364  -45.499  20.858  -1.615 0.6000000238
169365  -45.929  20.726  -1.675 0.6000000238
170240  -45.107  22.576  18.966 0.1000000015
170246  -44.119  21.721  17.349 0.1000000015
170260  -46.027  21.964  16.087 0.2000000030
170271  -49.999  22.177  14.879 0.3000000119
170272  -50.496  22.204  14.585 0.3000000119
170276  -49.085  21.730  14.481 0.3000000119
170279  -50.741  22.101  14.074 0.3000000119
170280  -51.096  22.177  13.699 0.3000000119
170286  -41.233  22.294  12.906 0.1000000015
170287  -50.424  21.818  13.739 0.4000000060
170289  -51.139  22.175  13.186 0.4000000060
170295  -41.080  22.018  12.444 0.1000000015
170297  -42.505  22.264  12.322 0.1000000015
170298  -43.056  22.341  12.234 0.1000000015
170299  -50.926  21.780  12.835 0.4000000060
170305  -40.921  21.771  12.040 0.1000000015
170306  -41.464  21.843  11.962 0.1000000015
170307  -42.182  21.950  11.838 0.1000000015
170311  -44.646  22.396  11.321 0.1000000015
170323  -42.562  21.889  11.438 0.1000000015
170324  -43.068  21.941  11.232 0.1000000015
170325  -43.715  22.079  11.115 0.1000000015
170326  -44.326  22.172  10.928 0.1000000015
170343  -45.139  22.125  10.119 0.1000000015
170344  -45.809  22.259  9.904 0.1000000015
170355  -39.347  22.075  8.604 0.1000000015
170356  -44.139  21.867  10.006 0.1000000015
170357  -44.602  21.926  9.687 0.1000000015
170368  -39.145  22.459  8.404 0.1000000015
170369  -39.541  22.207  8.043 0.1000000015
170370  -40.018  21.985  7.657 0.1000000015
170385  -40.220  22.103  7.259 0.1000000015
170398  -40.500  22.212  6.813 0.1000000015
170400  -41.497  21.743  6.441 0.1000000015
170413  -41.313  22.128  6.145 0.1000000015
170429  -43.000  22.059  5.333 0.1000000015
170445  -45.619  22.134  4.636 0.4000000060
170447  -46.573  22.414  4.698 0.4000000060
170488  -40.636  21.743  0.687 0.2000000030
170491  -44.666  22.348  0.170 0.6000000238
170492  -44.984  22.169  0.073 0.6000000238
170503  -42.130  21.880  -0.256 0.3000000119
170507  -45.153  21.880  -0.303 0.6000000238
171404  -45.063  22.567  19.278 0.1000000015
171418  -47.104  23.204  17.878 0.1000000015
171419  -47.536  23.198  17.530 0.1000000015
171425  -46.070  22.752  17.752 0.1000000015
171428  -47.779  23.051  17.156 0.1000000015
171430  -48.852  23.126  16.786 0.1000000015
171437  -47.923  22.777  16.555 0.1000000015
171438  -48.569  22.867  16.470 0.1000000015
171441  -50.468  23.091  15.988 0.1000000015
171446  -49.451  22.633  15.842 0.1000000015
171447  -50.120  22.644  15.544 0.2000000030
171452  -50.973  22.490  14.694 0.3000000119
171453  -51.412  22.847  14.401 0.3000000119
171461  -41.261  22.933  13.864 0.1000000015
171475  -42.499  22.776  13.251 0.1000000015
171476  -43.266  22.893  13.240 0.1000000015
171477  -43.948  22.892  13.010 0.1000000015
171478  -44.593  22.952  12.894 0.1000000015
171480  -51.370  22.645  12.911 0.3000000119
171485  -42.280  22.498  12.797 0.1000000015
171490  -45.645  22.862  12.119 0.1000000015
171491  -46.201  22.862  11.770 0.1000000015
171496  -43.997  22.535  11.999 0.1000000015
171497  -44.535  22.577  11.839 0.1000000015
171498  -45.185  22.573  11.533 0.1000000015
171512  -45.561  22.433  10.974 0.1000000015
171514  -46.752  22.653  10.392 0.1000000015
171515  -47.391  22.837  10.255 0.2000000030
171529  -48.210  23.050  9.623 0.3000000119
171538  -38.396  23.056  9.261 0.1000000015
171549  -38.837  23.034  8.393 0.1000000015
171561  -38.928  23.293  7.988 0.1000000015
171562  -39.241  22.945  7.755 0.1000000015
171565  -48.003  23.041  7.567 0.4000000060
171574  -39.756  22.976  6.981 0.1000000015
171587  -40.335  22.837  6.366 0.1000000015
171588  -41.056  22.752  5.832 0.1000000015
171590  -47.085  22.534  5.456 0.4000000060
171601  -41.832  22.707  5.344 0.1000000015
171603  -46.901  22.563  4.820 0.4000000060
171618  -47.124  22.799  4.386 0.5000000000
171625  -39.331  22.590  3.246 0.1000000015
171626  -43.574  23.143  3.944 0.4000000060
171629  -45.428  22.793  3.678 0.5000000000
171640  -44.775  23.213  3.370 0.5000000000
171642  -45.616  23.075  3.296 0.5000000000
171649  -39.977  22.718  2.272 0.2000000030
171658  -40.654  22.773  1.249 0.2000000030
171671  -45.607  22.229  0.001 0.6999999881
171682  -45.096  22.902  0.056 0.6999999881
172551  -48.000  23.784  18.574 0.1000000015
172571  -49.696  24.033  17.866 0.1000000015
172582  -47.826  23.261  17.498 0.1000000015
172585  -49.815  23.814  17.424 0.1000000015
172597  -40.341  24.103  16.279 0.1000000015
172612  -41.432  23.930  15.508 0.1000000015
172613  -42.277  23.921  15.364 0.1000000015
172614  -43.076  23.948  15.246 0.1000000015
172625  -39.403  23.657  14.953 0.1000000015
172626  -40.223  23.694  15.010 0.1000000015
172631  -44.581  23.817  14.511 0.1000000015
172633  -51.419  23.439  14.798 0.2000000030
172641  -41.600  23.314  14.372 0.1000000015
172642  -42.436  23.372  14.226 0.1000000015
172643  -43.410  23.350  13.936 0.1000000015
172657  -44.913  23.272  13.322 0.1000000015
172661  -48.139  23.848  12.648 0.1000000015
172662  -51.445  23.318  13.225 0.3000000119
172676  -48.238  23.424  11.301 0.3000000119
172678  -49.233  23.839  11.274 0.3000000119
172693  -51.173  23.463  11.369 0.3000000119
172704  -49.267  23.695  10.299 0.4000000060
172714  -48.927  23.496  9.342 0.4000000060
172725  -49.333  23.712  8.914 0.4000000060
172733  -38.793  23.827  8.101 0.1000000015
172757  -39.579  23.718  6.695 0.1000000015
172761  -48.266  23.404  6.292 0.5000000000
172762  -48.686  23.656  6.731 0.6000000238
172771  -40.260  23.961  5.729 0.1000000015
172786  -42.972  23.173  4.260 0.2000000030
172789  -50.492  23.460  4.077 0.8000000119
172795  -39.089  23.002  3.495 0.1000000015
172797  -43.238  23.588  3.758 0.3000000119
172799  -44.556  23.283  3.429 0.4000000060
172800  -46.678  23.056  3.464 0.5000000000
172815  -46.970  23.431  3.133 0.6000000238
172829  -40.800  23.492  1.152 0.3000000119
172844  -41.891  23.740  -0.061 0.5000000000
173717  -43.295  24.750  17.620 0.1000000015
173718  -43.672  24.775  17.527 0.1000000015
173731  -43.899  24.651  17.071 0.1000000015
173734  -49.927  24.094  17.803 0.1000000015
173756  -40.581  24.122  16.198 0.1000000015
173757  -41.002  24.146  16.109 0.1000000015
173760  -43.502  24.166  15.600 0.1000000015
173775  -43.762  23.971  15.156 0.1000000015
173783  -51.294  23.951  15.342 0.2000000030
173788  -45.225  23.917  14.360 0.1000000015
173812  -48.359  23.912  12.566 0.2000000030
173833  -49.462  23.908  11.094 0.4000000060
173852  -38.099  24.517  9.695 0.1000000015
173853  -38.403  24.525  9.211 0.1000000015
173870  -38.756  24.635  8.102 0.1000000015
173893  -39.544  24.363  6.320 0.1000000015
173899  -51.230  23.787  6.464 0.6000000238
173907  -39.748  24.642  5.898 0.1000000015
173922  -42.303  24.219  4.136 0.2000000030
173931  -38.295  24.254  3.763 0.1000000015
173932  -42.100  24.660  4.091 0.4000000060
173937  -49.083  24.824  3.984 0.6999999881
173941  -38.817  24.114  3.411 0.1000000015
173943  -43.433  24.429  3.143 0.4000000060
173957  -44.391  24.559  2.472 0.5000000000
173974  -41.533  24.241  0.083 0.5000000000
174783  -43.697  24.904  17.925 0.1000000015
174795  -43.896  24.783  17.481 0.1000000015
174815  -50.714  25.092  16.961 0.1000000015
174840  -48.223  24.827  14.599 0.1000000015
174842  -49.332  25.069  14.571 0.1000000015
174870  -38.123  25.295  9.941 0.1000000015
174877  -38.358  25.048  9.547 0.1000000015
174918  -40.832  24.865  4.924 0.1000000015
174930  -40.651  25.291  4.828 0.1000000015
174939  -35.900  25.307  3.892 0.1000000015
174945  -42.589  25.068  3.484 0.4000000060
174957  -42.825  25.272  3.129 0.4000000060
174963  -50.424  25.494  2.452 0.8999999762
174975  -47.526  25.214  1.664 0.6999999881
174990  -47.548  25.745  1.257 0.8000000119
175000  -49.542  25.679  0.349 1.0000000000
175017  -48.747  25.555  -0.669 0.8999999762
175026  -45.088  25.423  -1.043 0.6999999881
175029  -47.330  25.684  -1.388 0.8999999762
175795  -50.408  25.657  17.308 0.1000000015
175832  -38.817  26.542  10.249 0.1000000015
175839  -38.954  26.216  9.836 0.1000000015
175840  -39.322  26.616  9.775 0.1000000015
175875  -40.264  25.717  4.961 0.1000000015
175884  -41.693  25.513  3.944 0.3000000119
175892  -36.546  25.634  3.357 0.1000000015
175895  -41.953  25.714  3.564 0.3000000119
175906  -38.066  25.678  2.742 0.2000000030
175908  -42.162  25.931  3.171 0.4000000060
175910  -43.256  25.648  2.607 0.5000000000
175913  -49.961  26.333  2.411 1.0000000000
175918  -36.983  26.139  2.552 0.1000000015
175919  -37.486  26.114  2.399 0.2000000030
175920  -38.148  26.056  2.209 0.2000000030
175921  -38.868  25.770  2.100 0.3000000119
175926  -44.866  25.679  1.537 0.6999999881
175930  -50.169  26.095  1.986 1.0000000000
175937  -38.835  26.175  1.558 0.3000000119
175943  -46.068  25.991  1.012 0.8000000119
175952  -39.858  26.240  0.660 0.3000000119
175965  -40.666  26.172  -0.223 0.5000000000
175968  -42.509  25.495  -1.049 0.6000000238
175977  -42.885  25.765  -1.343 0.6000000238
175983  -47.437  26.360  -1.785 0.8999999762
175984  -48.214  26.508  -1.388 0.8999999762
175985  -48.569  26.762  -1.137 0.8999999762
175991  -43.012  26.261  -1.827 0.6999999881
175995  -45.990  26.483  -1.932 0.8000000119
175996  -46.680  26.663  -1.992 0.8000000119
176761  -38.030  26.717  10.712 0.1000000015
176762  -38.660  26.888  10.561 0.1000000015
176798  -38.168  27.391  7.235 0.1000000015
176805  -38.944  26.498  5.892 0.1000000015
176818  -35.026  26.149  3.447 0.2000000030
176819  -39.906  26.694  4.583 0.1000000015
176821  -41.108  26.094  3.978 0.1000000015
176827  -35.806  26.115  2.924 0.2000000030
176828  -40.692  26.654  3.859 0.3000000119
176838  -42.538  26.231  2.646 0.5000000000
176842  -35.596  27.110  1.773 0.2000000030
176846  -38.030  26.350  1.843 0.2000000030
176857  -36.036  27.093  1.408 0.3000000119
176862  -39.326  26.559  0.695 0.4000000060
176863  -42.874  26.857  1.736 0.5000000000
176867  -47.871  26.702  0.750 0.8000000119
176869  -49.134  27.011  0.593 1.0000000000
176870  -49.490  26.691  0.409 1.0000000000
176881  -44.439  27.050  0.675 0.8000000119
176882  -45.266  26.911  0.500 0.8000000119
176888  -49.385  26.647  0.162 1.0000000000
176895  -39.594  26.998  -0.557 0.5000000000
176898  -48.532  27.414  -0.620 0.8999999762
176907  -47.748  27.074  -1.822 0.8999999762
176909  -48.568  27.002  -1.110 0.8999999762
176914  -40.809  27.203  -1.842 0.6000000238
176920  -45.315  26.906  -2.133 0.8000000119
176922  -46.689  27.236  -2.130 0.8000000119
176923  -47.236  27.472  -1.992 0.8999999762
176928  -42.700  27.094  -2.636 0.6999999881
176931  -44.677  27.256  -2.411 0.8000000119
176932  -45.134  27.293  -2.337 0.8000000119
177738  -38.055  27.852  11.024 0.1000000015
177746  -39.111  27.597  10.739 0.1000000015
177747  -39.900  27.728  10.603 0.1000000015
177798  -39.792  27.156  4.302 0.2000000030
177804  -34.871  27.040  2.836 0.2000000030
177807  -41.117  26.820  3.322 0.3000000119
177811  -34.725  27.835  2.592 0.2000000030
177819  -35.364  27.488  1.633 0.2000000030
177820  -35.668  27.224  1.554 0.2000000030
177832  -37.029  27.040  0.924 0.4000000060
177841  -35.873  27.668  0.693 0.4000000060
177849  -45.364  27.452  0.126 0.8000000119
177852  -47.535  27.678  -0.202 0.8000000119
177861  -36.534  27.725  0.049 0.4000000060
177879  -47.066  27.986  -1.753 0.8999999762
177880  -47.470  27.820  -1.560 0.8999999762
177881  -47.960  27.627  -1.292 0.8999999762
177885  -39.765  27.883  -2.160 0.5000000000
177887  -41.561  27.444  -2.586 0.5000000000
177891  -46.819  27.834  -1.953 0.8999999762
177898  -41.863  27.865  -2.986 0.5000000000
177900  -43.524  27.734  -2.851 0.6999999881
177901  -44.233  27.751  -2.712 0.8000000119
177903  -45.392  27.636  -2.344 0.6999999881
177904  -45.773  27.847  -2.244 0.6999999881
178745  -38.314  27.992  11.024 0.1000000015
178778  -37.589  28.836  7.245 0.1000000015
178791  -38.268  28.081  5.842 0.1000000015
178792  -38.718  27.600  5.491 0.1000000015
178819  -40.082  27.988  2.798 0.2000000030
178831  -35.260  28.073  1.279 0.3000000119
178832  -35.492  27.943  0.983 0.3000000119
178837  -42.453  28.036  0.834 0.8000000119
178846  -36.099  28.000  0.110 0.4000000060
178866  -44.698  28.426  -0.509 0.8000000119
178867  -45.468  28.294  -0.584 0.8000000119
178869  -46.765  28.245  -1.052 0.8999999762
178870  -47.149  28.106  -1.273 0.8999999762
178878  -45.406  28.552  -0.825 0.8000000119
178879  -46.092  28.414  -1.380 0.8999999762
178880  -46.818  28.144  -1.620 0.8999999762
178881  -47.167  28.063  -1.493 0.8999999762
178884  -38.582  28.724  -1.960 0.6000000238
178889  -44.792  28.432  -2.231 0.6999999881
178890  -45.316  28.259  -2.111 0.6999999881
178891  -46.031  28.131  -1.990 0.8999999762
178899  -43.063  28.368  -2.928 0.6000000238
178901  -44.470  28.369  -2.510 0.6999999881
178902  -44.728  28.057  -2.539 0.6999999881
178904  -45.797  28.063  -2.158 0.6999999881
179736  -39.004  29.378  8.889 0.1000000015
179755  -37.382  29.255  7.300 0.1000000015
179781  -33.970  28.994  4.253 0.1000000015
179788  -36.674  29.691  3.826 0.2000000030
179791  -38.560  28.728  3.369 0.2000000030
179795  -34.566  28.586  2.353 0.2000000030
179798  -38.498  28.888  3.007 0.2000000030
179807  -39.249  28.839  2.095 0.5000000000
179840  -44.063  28.993  -0.883 0.6999999881
179846  -37.660  29.280  -1.371 0.6000000238
179855  -44.935  28.819  -1.387 0.6999999881
179857  -45.837  28.366  -1.769 0.8999999762
179870  -44.491  28.748  -2.095 0.6999999881
179871  -45.086  28.543  -1.871 0.8000000119
179872  -45.610  28.357  -1.879 0.8000000119
179873  -46.095  28.298  -2.240 0.8999999762
179881  -43.429  28.889  -2.590 0.6000000238
179882  -44.084  28.748  -2.462 0.6000000238
179883  -44.345  28.641  -2.367 0.6999999881
180704  -39.161  29.941  8.909 0.1000000015
180720  -39.282  30.236  8.888 0.1000000015
180754  -36.410  30.092  4.985 0.2000000030
180755  -36.834  29.709  5.040 0.3000000119
180760  -33.915  29.550  4.182 0.1000000015
180761  -36.084  30.238  3.891 0.3000000119
180767  -33.771  30.184  3.804 0.2000000030
180775  -35.867  30.595  3.036 0.3000000119
180777  -36.901  29.775  2.714 0.4000000060
180782  -34.497  29.442  1.829 0.4000000060
180785  -37.657  29.656  1.731 0.6000000238
180789  -34.412  30.177  1.557 0.4000000060
181687  -37.559  31.063  7.939 0.1000000015
181688  -37.977  31.264  8.190 0.1000000015
181705  -37.231  31.136  7.589 0.1000000015
181766  -33.550  30.812  3.187 0.2000000030
181769  -36.108  30.624  2.222 0.6000000238
181798  -35.775  30.087  -0.276 0.5000000000
182696  -38.303  32.008  7.972 0.1000000015
182710  -37.744  31.704  7.805 0.1000000015
182711  -40.044  32.186  7.812 0.1000000015
182749  -35.759  31.546  4.834 0.1000000015
182772  -33.396  31.204  3.097 0.2000000030
182773  -33.560  30.911  2.958 0.2000000030
182780  -33.610  31.108  2.566 0.2000000030
182786  -33.890  31.118  1.921 0.2000000030
182795  -34.606  30.868  0.904 0.5000000000
183730  -39.232  32.134  8.024 0.1000000015
183738  -38.122  32.336  7.484 0.1000000015
183751  -36.964  32.368  6.289 0.1000000015
183753  -38.089  32.667  6.973 0.1000000015
183784  -35.716  31.970  4.711 0.1000000015
183819  -33.371  31.579  2.856 0.2000000030
183820  -33.546  31.779  2.526 0.2000000030
184739  -38.056  33.330  5.967 0.1000000015
185658  -37.182  33.768  4.878 0.1000000015
185683  -34.499  33.479  4.529 0.1000000015
