#!ascii label  , from subject FS6EXPERT_subj01_ver10 vox2ras=TkReg
18287
1962  -5.005  -82.906  -14.379 0.4000000060
1492  -5.511  -83.407  -14.243 0.5000000000
1094  -5.180  -84.055  -14.207 0.5000000000
761  -5.748  -84.378  -14.056 0.8000000119
762  -6.639  -84.163  -14.160 0.6999999881
280  -6.817  -84.860  -13.680 0.8000000119
492  -7.847  -84.663  -13.344 0.8000000119
505  -8.091  -84.261  -13.791 0.8000000119
506  -8.853  -84.212  -13.852 0.8000000119
2472  -13.163  -82.293  -13.568 0.8000000119
1971  -13.872  -82.623  -14.565 0.8000000119
2491  -14.070  -82.305  -14.253 0.8000000119
1516  -14.156  -82.900  -15.118 0.8000000119
1983  -14.523  -82.564  -14.989 0.6999999881
1984  -15.110  -82.300  -14.955 0.6999999881
1536  -14.714  -83.102  -15.846 0.5000000000
1517  -15.098  -82.715  -15.569 0.5000000000
2481  -4.467  -82.435  -14.498 0.3000000119
1491  -4.663  -83.598  -14.383 0.6000000238
491  -5.052  -85.028  -14.144 0.8000000119
279  -6.053  -85.015  -13.690 0.8000000119
503  -6.324  -84.644  -13.951 0.8000000119
276  -6.531  -85.172  -13.299 0.8000000119
266  -7.098  -85.353  -12.792 0.8000000119
725  -8.807  -84.601  -12.355 0.8000000119
479  -8.132  -84.681  -13.119 0.8000000119
267  -7.892  -85.096  -12.816 0.8000000119
726  -9.215  -84.326  -12.126 0.6999999881
1083  -9.119  -83.864  -13.244 0.8000000119
1073  -9.427  -83.700  -12.679 0.8000000119
1445  -10.131  -83.464  -12.211 0.8000000119
1891  -13.314  -82.750  -11.653 0.8999999762
1405  -12.907  -83.120  -10.715 0.8999999762
1918  -13.304  -82.538  -12.010 0.8000000119
2452  -13.674  -82.212  -13.219 0.8000000119
1447  -14.093  -82.967  -12.148 0.8000000119
2474  -14.459  -82.231  -13.783 0.8000000119
1935  -14.070  -82.464  -12.858 0.8000000119
1537  -15.759  -82.638  -15.564 0.6999999881
810  -16.031  -83.066  -16.618 0.5000000000
804  -16.001  -82.937  -16.037 0.6000000238
811  -16.657  -82.988  -16.686 0.4000000060
1140  -16.290  -83.097  -17.198 0.4000000060
3011  -2.067  -81.137  -13.606 0.3000000119
2461  -1.773  -81.697  -13.827 0.2000000030
3003  -2.393  -80.833  -13.440 0.2000000030
3004  -2.788  -80.953  -13.658 0.3000000119
2462  -2.723  -81.953  -14.116 0.4000000060
1946  -3.024  -82.779  -14.503 0.6000000238
1490  -3.852  -83.682  -14.601 0.5000000000
758  -3.613  -84.958  -14.212 0.8000000119
2463  -3.691  -82.079  -14.395 0.3000000119
759  -4.260  -84.897  -14.130 0.8000000119
3604  -3.754  -80.782  -13.721 0.3000000119
2464  -4.603  -81.754  -14.413 0.3000000119
252  -6.997  -85.596  -12.242 0.8000000119
254  -8.256  -85.298  -12.202 0.8999999762
255  -8.780  -85.032  -11.892 0.8000000119
256  -9.150  -84.959  -11.600 0.8000000119
727  -9.667  -84.189  -11.704 0.6999999881
1404  -12.260  -83.101  -10.723 0.8999999762
1890  -12.492  -82.502  -11.661 0.8000000119
2450  -12.469  -82.272  -12.859 0.8000000119
1064  -14.382  -83.767  -12.036 0.8000000119
1954  -15.252  -82.675  -13.679 0.6999999881
1448  -14.676  -83.262  -12.557 0.8000000119
1950  -12.420  -82.725  -13.729 0.8000000119
1088  -16.215  -83.285  -13.764 0.8000000119
1461  -15.481  -83.453  -13.194 0.8000000119
1481  -16.131  -82.901  -14.185 0.8000000119
799  -17.155  -83.065  -15.561 0.8000000119
1114  -16.522  -82.916  -14.918 0.6999999881
1127  -17.324  -82.920  -15.841 0.6999999881
800  -17.647  -83.087  -15.360 0.6999999881
1167  -16.650  -82.835  -18.231 0.4000000060
1561  -17.305  -82.394  -17.493 0.4000000060
1549  -17.732  -81.881  -16.792 0.5000000000
2529  -18.097  -81.332  -16.915 0.5000000000
1576  -17.095  -82.501  -18.314 0.4000000060
2033  -17.472  -81.953  -17.900 0.4000000060
2011  -17.753  -81.833  -17.061 0.5000000000
3105  -18.137  -81.055  -17.688 0.5000000000
2447  -0.618  -81.565  -13.233 0.4000000060
2460  -0.874  -81.959  -13.644 0.4000000060
1944  -1.266  -82.616  -13.916 0.6000000238
1488  -2.467  -83.697  -14.256 0.8000000119
757  -2.897  -84.674  -14.181 0.8000000119
488  -3.260  -85.582  -13.623 0.8000000119
3563  -0.873  -80.706  -12.010 0.3000000119
3001  -0.983  -81.159  -12.882 0.3000000119
1472  -2.453  -83.231  -14.401 0.6000000238
490  -4.477  -85.192  -13.671 0.8000000119
722  -3.919  -84.875  -12.858 0.8000000119
3548  -1.865  -80.205  -11.716 0.1000000015
1092  -3.367  -84.284  -14.486 0.8000000119
3566  -2.315  -80.326  -12.425 0.2000000030
263  -4.822  -85.106  -13.369 0.8000000119
463  -5.556  -84.963  -12.457 0.8000000119
264  -5.391  -85.081  -13.152 0.8000000119
251  -6.345  -85.274  -12.236 0.8000000119
229  -7.433  -85.426  -10.889 0.8999999762
48  -7.972  -85.720  -10.557 0.8999999762
238  -7.146  -85.653  -11.571 0.8999999762
265  -6.218  -85.300  -12.835 0.8000000119
61  -7.908  -85.951  -11.496 0.8999999762
62  -8.457  -85.975  -11.209 0.8999999762
57  -9.125  -85.802  -10.656 0.8000000119
453  -10.051  -84.598  -10.994 0.8000000119
1043  -10.589  -83.964  -10.868 0.8999999762
1446  -10.519  -83.418  -11.898 0.8000000119
1459  -10.756  -82.976  -12.319 0.8000000119
1949  -11.617  -82.819  -13.413 0.8000000119
1934  -12.338  -82.478  -13.236 0.8000000119
729  -14.628  -84.243  -12.055 1.0000000000
740  -15.576  -83.856  -12.913 0.8000000119
1065  -14.886  -83.818  -12.555 0.8000000119
751  -16.511  -83.743  -13.418 0.8000000119
772  -17.405  -83.530  -14.244 0.8000000119
770  -16.620  -83.200  -14.263 0.8000000119
3619  -18.750  -80.429  -13.887 0.6999999881
3618  -18.419  -80.447  -14.449 0.6000000238
4287  -18.436  -79.597  -14.740 0.5000000000
786  -17.827  -83.245  -14.905 0.8000000119
1522  -18.144  -82.306  -15.224 0.8000000119
2502  -18.341  -81.335  -15.507 0.8000000119
2475  -18.487  -81.162  -14.530 0.6999999881
2516  -18.221  -81.316  -16.002 0.6000000238
3666  -18.294  -80.434  -16.128 0.6999999881
3635  -18.281  -80.297  -15.095 0.6999999881
4286  -18.256  -79.809  -15.010 0.6000000238
5029  -18.596  -78.787  -15.580 0.5000000000
3682  -18.327  -80.351  -16.796 0.5000000000
4319  -18.272  -79.786  -16.204 0.5000000000
5045  -18.358  -79.129  -16.109 0.5000000000
3115  -18.045  -81.093  -18.664 0.3000000119
756  -2.566  -84.380  -14.062 0.8000000119
1080  -1.953  -83.972  -13.657 0.8999999762
2979  -0.023  -81.356  -12.166 0.4000000060
1470  -0.948  -83.267  -13.585 0.8000000119
736  -3.531  -84.977  -13.127 0.8000000119
3546  -0.760  -80.642  -11.675 0.3000000119
3529  -0.815  -80.564  -10.795 0.2000000030
250  -5.519  -85.077  -12.777 0.6999999881
724  -5.547  -84.575  -12.081 0.8000000119
4211  -1.668  -80.126  -11.036 0.2000000030
3530  -1.433  -80.243  -10.650 0.2000000030
451  -6.510  -85.081  -11.775 0.8999999762
50  -8.833  -86.084  -9.785 0.6999999881
58  -9.637  -85.473  -10.386 0.6999999881
39  -10.108  -86.018  -8.550 0.6999999881
441  -10.520  -84.783  -10.387 0.8000000119
221  -10.440  -85.153  -9.888 0.8000000119
211  -10.805  -85.184  -9.310 0.8000000119
442  -10.999  -84.348  -10.249 0.8000000119
1024  -11.073  -83.623  -10.808 0.8999999762
702  -11.233  -83.921  -10.327 0.8000000119
1424  -10.893  -83.380  -11.420 0.8000000119
1932  -11.153  -82.725  -12.699 0.8000000119
1917  -11.952  -82.424  -12.019 0.8000000119
1867  -11.666  -82.943  -11.228 0.8000000119
259  -15.869  -85.037  -12.190 0.6999999881
483  -16.143  -84.758  -12.938 0.6999999881
481  -15.423  -84.517  -12.388 0.8000000119
497  -17.387  -84.299  -13.201 0.6999999881
753  -17.676  -83.899  -13.730 0.6999999881
1107  -18.300  -83.312  -14.407 0.6999999881
1523  -18.229  -82.797  -14.751 0.6999999881
1976  -18.422  -81.882  -14.694 0.6999999881
2476  -18.631  -81.469  -14.051 0.6999999881
4271  -19.347  -79.556  -13.951 0.6000000238
1955  -18.677  -81.974  -13.976 0.6999999881
5012  -19.544  -79.069  -14.650 0.5000000000
5770  -18.948  -78.247  -16.060 0.5000000000
5791  -18.918  -78.035  -17.021 0.5000000000
6572  -19.319  -77.424  -17.712 0.4000000060
6596  -19.716  -77.124  -18.222 0.4000000060
719  -1.946  -84.150  -12.846 0.8999999762
1052  -0.503  -82.596  -11.768 0.8999999762
1930  -0.034  -82.523  -12.699 0.8000000119
1469  -0.419  -83.256  -13.030 0.8000000119
1440  -4.121  -83.716  -12.559 0.8000000119
2444  0.083  -82.070  -12.301 0.6999999881
1058  -4.789  -84.261  -12.515 0.6999999881
2961  -0.013  -81.029  -11.478 0.5000000000
2929  -0.466  -81.225  -9.727 0.2000000030
450  -5.887  -85.111  -11.995 0.8999999762
699  -7.220  -84.703  -10.978 0.8999999762
246  -16.397  -85.128  -11.912 0.5000000000
244  -15.391  -84.885  -11.745 0.6000000238
257  -15.042  -85.120  -11.977 0.8999999762
270  -16.919  -84.825  -12.041 0.6999999881
486  -17.743  -84.555  -12.720 0.6999999881
487  -18.521  -84.353  -12.866 0.6000000238
499  -18.387  -84.211  -13.171 0.6999999881
774  -18.419  -83.550  -13.930 0.6999999881
1076  -19.303  -83.302  -13.004 0.6999999881
1938  -18.881  -81.879  -13.497 0.6999999881
1923  -19.386  -82.179  -12.669 0.6999999881
3597  -19.410  -80.455  -13.097 0.6999999881
1507  -18.509  -82.780  -14.308 0.6999999881
1924  -19.829  -82.037  -12.097 0.6999999881
2993  -19.562  -80.960  -12.641 0.6999999881
3578  -19.906  -80.502  -12.686 0.6000000238
4258  -20.060  -79.820  -13.618 0.6000000238
5047  -20.272  -78.474  -15.944 0.6000000238
5031  -20.002  -78.739  -15.358 0.5000000000
5771  -19.522  -77.933  -16.295 0.6000000238
5792  -19.779  -77.539  -17.007 0.5000000000
6597  -20.270  -77.138  -18.017 0.5000000000
7469  -19.934  -76.715  -19.422 0.5000000000
7482  -20.456  -76.386  -20.503 0.6000000238
7496  -19.834  -76.541  -21.124 0.5000000000
1068  -0.988  -83.442  -12.752 0.8000000119
1067  -0.698  -82.958  -12.351 0.8000000119
1036  -0.419  -82.550  -10.835 0.8000000119
2421  0.230  -81.825  -11.784 0.5000000000
2400  0.399  -81.728  -11.072 0.5000000000
1017  -0.201  -82.849  -10.177 0.6000000238
3544  -0.129  -80.892  -11.063 0.5000000000
2912  -0.930  -81.478  -9.016 0.1000000015
341  -0.306  -85.043  -4.640 0.5000000000
608  0.222  -84.386  -4.667 0.2000000030
1317  -0.209  -83.699  -5.336 0.1000000015
226  -15.575  -84.707  -10.839 0.6999999881
248  -17.461  -84.504  -11.995 0.6999999881
234  -15.128  -84.816  -11.180 0.8000000119
446  -17.664  -84.116  -11.763 0.5000000000
459  -18.633  -84.178  -11.821 0.6000000238
460  -19.233  -84.023  -11.609 0.6000000238
717  -19.866  -83.653  -11.516 0.6000000238
743  -19.476  -83.790  -12.525 0.6999999881
1450  -19.741  -82.691  -12.200 0.6999999881
2973  -20.755  -81.047  -12.128 0.6999999881
1049  -20.133  -83.142  -11.451 0.6999999881
2415  -20.463  -81.351  -11.838 0.6999999881
3599  -20.854  -80.572  -13.429 0.6000000238
2072  -7.161  -82.964  -21.000 0.6999999881
4308  -20.566  -79.443  -15.624 0.6000000238
2592  -8.094  -82.118  -21.098 0.6999999881
5773  -20.709  -78.154  -16.830 0.6999999881
3150  -8.861  -81.367  -21.614 0.6999999881
6598  -20.714  -77.441  -17.754 0.6000000238
2634  -9.328  -81.825  -23.273 0.6999999881
7456  -20.357  -76.786  -19.086 0.5000000000
2638  -9.978  -81.562  -24.058 0.4000000060
2642  -10.679  -81.131  -24.672 0.4000000060
8334  -20.913  -75.814  -22.357 0.5000000000
7483  -21.161  -76.537  -20.830 0.3000000119
7471  -20.986  -76.666  -19.963 0.5000000000
3196  -10.534  -80.630  -25.475 0.3000000119
7512  -20.042  -76.282  -21.668 0.5000000000
7497  -20.494  -76.149  -21.421 0.5000000000
1019  -1.341  -83.265  -9.810 0.8000000119
409  -1.109  -84.583  -8.550 0.8000000119
997  -0.026  -83.221  -9.720 0.6000000238
2354  0.344  -82.374  -9.323 0.3000000119
3507  0.031  -81.412  -9.961 0.4000000060
192  -3.172  -85.355  -7.397 0.8999999762
174  -2.430  -85.278  -7.168 0.8999999762
976  -0.130  -83.922  -8.509 0.6000000238
2910  -0.114  -81.848  -9.147 0.2000000030
160  -2.928  -85.592  -6.343 0.8000000119
647  -0.641  -84.551  -7.610 0.5000000000
1353  0.312  -83.540  -8.065 0.3000000119
2345  -0.219  -82.294  -8.484 0.1000000015
2914  -1.729  -81.048  -8.936 0.1000000015
158  -2.078  -85.284  -6.747 0.8000000119
128  -3.232  -85.818  -5.082 0.8000000119
382  -1.215  -85.085  -6.762 0.8000000119
126  -1.939  -85.557  -5.438 0.6999999881
359  -1.350  -85.345  -5.506 0.6000000238
109  -1.235  -85.312  -4.747 0.4000000060
371  -0.381  -84.943  -5.902 0.4000000060
939  0.327  -84.169  -5.973 0.2000000030
1329  -0.064  -83.596  -6.079 0.1000000015
86  -1.146  -85.104  -3.758 0.5000000000
706  -16.791  -84.101  -11.351 0.6000000238
236  -15.862  -84.682  -11.163 0.6999999881
457  -17.234  -84.417  -11.903 0.6000000238
709  -18.706  -83.829  -11.266 0.5000000000
1011  -18.636  -83.453  -10.721 0.6000000238
1857  -18.716  -82.675  -9.992 0.6999999881
449  -19.447  -83.787  -11.116 0.5000000000
993  -19.707  -83.191  -9.905 0.6999999881
711  -20.239  -83.420  -11.100 0.5000000000
995  -20.518  -83.067  -9.933 0.6000000238
1034  -20.619  -82.929  -10.783 0.6999999881
1411  -20.872  -82.467  -10.925 0.6999999881
2416  -21.145  -81.565  -11.493 0.6999999881
2574  -7.272  -81.693  -20.193 0.8000000119
3136  -7.733  -81.406  -20.378 0.6999999881
3739  -8.765  -80.490  -20.870 0.6999999881
3765  -9.492  -80.517  -22.382 0.6000000238
3801  -9.614  -80.958  -24.045 0.5000000000
3807  -9.895  -80.372  -24.939 0.5000000000
4484  -10.025  -79.898  -25.357 0.5000000000
3815  -11.374  -80.107  -25.689 0.4000000060
8346  -20.489  -75.715  -22.994 0.6000000238
4494  -10.394  -79.764  -26.335 0.5000000000
1398  -1.191  -82.710  -10.171 0.8999999762
680  -2.227  -84.517  -9.624 0.8999999762
1382  -1.907  -83.104  -9.977 1.0000000000
696  -1.071  -83.906  -9.459 0.8000000119
666  -3.243  -84.602  -8.928 0.8999999762
427  -2.372  -84.971  -9.287 0.6999999881
205  -2.176  -85.246  -8.435 1.0000000000
414  -3.028  -85.091  -8.559 1.0000000000
391  -1.278  -84.967  -7.465 0.6999999881
2346  -0.768  -82.159  -8.378 0.1000000015
637  -0.477  -84.684  -6.870 0.5000000000
129  -3.769  -85.966  -5.084 0.8000000119
1342  0.344  -83.784  -7.232 0.2000000030
1815  -0.297  -82.814  -7.689 0.1000000015
1816  -0.921  -82.734  -7.656 0.1000000015
597  -3.083  -84.546  -3.847 0.8999999762
361  -2.566  -85.662  -4.881 0.6999999881
110  -1.696  -85.409  -4.803 0.6000000238
596  -2.276  -84.530  -3.734 0.8000000119
911  -2.093  -84.017  -3.181 0.8000000119
329  -1.774  -84.836  -3.774 0.6000000238
707  -17.440  -83.850  -11.637 0.6999999881
1409  -18.149  -82.843  -10.953 0.6999999881
708  -18.285  -83.781  -11.411 0.6000000238
2394  -18.318  -81.980  -10.605 0.6999999881
1842  -19.262  -82.621  -9.497 0.6000000238
3122  -6.217  -81.372  -19.730 0.8000000119
2366  -19.543  -82.032  -9.277 0.6000000238
1844  -20.706  -82.436  -9.231 0.6000000238
3724  -6.626  -80.609  -19.508 0.8999999762
3708  -7.004  -79.968  -19.322 0.8999999762
3726  -7.952  -80.330  -19.954 0.8000000119
4370  -8.108  -79.341  -19.427 0.8999999762
4388  -8.540  -79.756  -19.984 0.8999999762
4418  -9.716  -79.553  -21.411 0.6999999881
4474  -10.010  -79.918  -24.441 0.5000000000
9200  -21.405  -74.941  -25.069 0.6000000238
4475  -10.320  -79.252  -24.577 0.5000000000
5938  -10.356  -78.581  -25.931 0.6000000238
10076  -20.548  -74.230  -27.519 0.8000000119
10103  -19.122  -73.820  -28.526 0.6999999881
1850  -2.088  -82.589  -9.958 0.8999999762
1418  -1.022  -82.366  -11.006 0.8000000119
1004  -3.145  -84.030  -9.477 1.0000000000
403  -3.987  -85.011  -7.576 1.0000000000
667  -3.783  -84.399  -8.409 1.0000000000
639  -4.955  -84.518  -6.747 1.0000000000
194  -3.952  -85.397  -6.887 1.0000000000
162  -3.877  -85.832  -6.069 0.8999999762
147  -4.916  -85.565  -5.385 0.8999999762
394  -4.770  -85.032  -6.498 1.0000000000
631  -5.269  -84.682  -5.491 1.0000000000
375  -5.168  -85.188  -5.283 0.8999999762
613  -5.623  -84.785  -4.400 1.0000000000
9  -4.909  -85.985  -4.393 0.8000000119
116  -5.495  -85.674  -4.045 0.8999999762
349  -5.942  -85.222  -3.851 1.0000000000
589  -6.737  -84.762  -2.253 0.8999999762
599  -4.210  -84.916  -3.436 0.8000000119
332  -4.409  -85.490  -3.540 0.8000000119
98  -4.782  -85.845  -3.426 1.0000000000
323  -6.420  -85.279  -2.524 1.0000000000
89  -5.755  -85.876  -2.749 1.0000000000
90  -6.119  -85.600  -2.577 1.0000000000
1721  -2.242  -82.922  -2.284 0.8999999762
1287  -3.530  -83.475  -2.884 0.8999999762
322  -4.522  -85.111  -2.879 1.0000000000
1030  -16.652  -83.625  -11.474 0.6999999881
1408  -17.736  -83.158  -11.473 0.6999999881
2954  -18.271  -81.122  -10.781 0.5000000000
2382  -18.664  -82.112  -9.978 0.6000000238
3520  -18.847  -80.761  -10.061 0.5000000000
4192  -18.925  -79.937  -10.171 0.5000000000
3503  -19.421  -80.843  -9.659 0.5000000000
4385  -5.260  -79.749  -20.066 0.8999999762
5087  -8.705  -78.856  -19.456 0.8999999762
4445  -9.984  -79.709  -22.690 0.6999999881
4459  -10.083  -79.727  -23.493 0.6000000238
5209  -11.191  -78.888  -26.900 0.4000000060
9213  -21.093  -74.742  -25.776 0.6999999881
9214  -21.994  -74.974  -25.601 0.8999999762
5211  -10.726  -78.529  -27.006 0.6000000238
5210  -11.585  -78.545  -26.885 0.3000000119
10077  -21.163  -74.122  -27.510 0.8999999762
9241  -20.987  -74.346  -27.012 0.8999999762
10091  -20.430  -73.926  -28.005 0.6999999881
11925  -19.723  -73.297  -28.241 0.8000000119
11908  -22.238  -73.007  -27.223 0.8999999762
10102  -18.268  -73.998  -28.713 0.6999999881
11013  -18.594  -73.337  -28.511 0.6999999881
11913  -18.998  -73.147  -27.807 0.8999999762
1852  -3.037  -82.666  -9.686 0.8999999762
1384  -2.760  -83.398  -9.808 1.0000000000
1368  -3.599  -83.373  -9.275 1.0000000000
987  -3.921  -83.979  -8.486 1.0000000000
1361  -4.511  -83.546  -8.079 1.0000000000
969  -4.505  -83.829  -7.767 0.8999999762
1808  -4.925  -82.944  -6.675 0.8000000119
3426  -5.930  -80.862  -4.074 0.8000000119
962  -5.033  -84.147  -6.429 0.8999999762
1334  -5.081  -83.544  -5.987 0.8000000119
2294  -5.519  -82.078  -4.508 0.8000000119
2865  -5.402  -81.405  -5.178 0.8000000119
3372  -3.391  -80.917  -1.207 0.8999999762
2241  -4.156  -81.947  -1.445 0.8999999762
942  -5.329  -84.191  -5.120 0.8999999762
1755  -5.697  -82.730  -4.049 0.8999999762
1289  -6.234  -83.513  -2.748 0.8000000119
2817  -3.312  -81.460  -1.730 1.0000000000
925  -6.037  -84.015  -3.466 0.8999999762
904  -6.595  -84.000  -2.137 0.8000000119
1724  -4.015  -82.566  -1.920 0.8999999762
1739  -3.117  -82.940  -2.632 0.8999999762
897  -4.586  -83.869  -1.305 1.0000000000
73  -6.522  -85.406  -1.696 0.8999999762
2239  -1.955  -82.243  -1.392 0.8999999762
903  -4.341  -83.656  -2.005 1.0000000000
1871  -17.968  -82.502  -11.250 0.6999999881
2393  -18.066  -81.707  -11.103 0.6000000238
4931  -19.061  -79.176  -10.344 0.5000000000
3736  -5.005  -80.500  -20.578 0.8999999762
5100  -5.799  -78.453  -19.885 0.8999999762
5085  -7.179  -78.683  -18.882 0.8999999762
5816  -6.907  -77.784  -18.974 0.8999999762
3764  -5.055  -80.581  -22.020 0.8999999762
5086  -7.966  -78.758  -19.020 0.8999999762
3161  -4.716  -81.357  -21.980 0.8000000119
5818  -8.511  -78.131  -18.885 0.8999999762
2602  -3.701  -81.883  -21.312 0.8000000119
2627  -3.986  -81.591  -22.441 0.8000000119
5141  -10.096  -79.177  -21.993 0.6999999881
5116  -9.585  -79.036  -20.457 0.8000000119
5926  -10.550  -78.352  -25.189 0.6999999881
6735  -10.701  -77.754  -25.814 0.6000000238
5949  -11.313  -78.107  -27.478 0.3000000119
11905  -19.916  -73.148  -27.414 0.8999999762
11003  -20.645  -73.435  -28.126 0.8999999762
10093  -21.754  -73.599  -28.011 0.8999999762
11917  -21.227  -73.037  -27.723 0.8999999762
3346  -3.725  -79.951  -0.082 0.8999999762
2781  -4.281  -81.040  -0.485 0.8999999762
4036  -2.730  -79.964  -0.352 1.0000000000
1756  -6.002  -82.708  -3.242 0.8000000119
2282  -5.895  -81.903  -3.777 0.8000000119
3370  -2.417  -80.790  -0.977 1.0000000000
2225  -4.519  -81.975  -0.690 0.8999999762
1262  -6.882  -83.343  -1.440 0.8000000119
2779  -2.006  -81.204  -0.701 1.0000000000
2815  -2.604  -81.795  -1.740 1.0000000000
1261  -4.431  -83.160  -1.529 0.8999999762
1253  -4.666  -83.178  -0.712 1.0000000000
2224  -1.799  -82.135  -0.599 0.8999999762
567  -5.048  -84.549  -0.525 1.0000000000
577  -6.954  -84.683  -1.068 0.8000000119
307  -5.529  -85.589  -1.280 1.0000000000
298  -6.028  -85.483  -0.569 0.8999999762
306  -5.022  -85.113  -1.606 1.0000000000
3519  -18.448  -80.692  -10.526 0.5000000000
4945  -18.636  -79.080  -10.601 0.5000000000
5663  -19.290  -78.683  -10.331 0.5000000000
5834  -6.171  -77.582  -19.914 1.0000000000
5673  -19.387  -78.050  -10.484 0.4000000060
5113  -5.304  -79.314  -20.931 0.8999999762
6608  -8.315  -77.389  -18.574 0.8999999762
5664  -19.816  -78.536  -10.368 0.4000000060
2601  -3.206  -81.532  -21.119 0.6000000238
4429  -5.369  -79.698  -22.465 1.0000000000
5837  -9.652  -78.362  -19.673 0.8000000119
5166  -10.568  -78.823  -23.879 0.6999999881
5948  -10.771  -77.943  -27.333 0.5000000000
5952  -11.427  -77.497  -27.974 0.4000000060
7611  -11.486  -76.515  -28.658 0.4000000060
10989  -20.244  -73.105  -26.910 0.8999999762
11001  -18.485  -73.212  -27.954 0.8000000119
10988  -19.698  -73.250  -26.932 0.8999999762
2768  -4.493  -80.734  0.342 0.8999999762
2212  -4.776  -81.695  0.269 0.8999999762
1725  -6.552  -82.710  -1.980 0.8000000119
2269  -6.213  -81.892  -2.689 0.8000000119
3413  -6.439  -80.435  -2.801 0.8000000119
4021  -2.191  -80.100  0.215 1.0000000000
1682  -4.771  -82.583  -0.120 0.8999999762
2242  -6.907  -82.163  -1.234 0.8000000119
2782  -7.101  -81.193  -0.833 0.8000000119
3348  -7.352  -80.815  0.105 0.6999999881
884  -4.984  -83.962  0.288 0.8999999762
1708  -7.040  -82.822  -0.961 0.8000000119
2227  -7.251  -81.982  -0.377 0.8000000119
3337  -7.928  -80.832  1.450 0.6999999881
3332  -1.873  -81.195  0.419 0.8999999762
568  -5.240  -84.787  -0.273 0.8999999762
892  -7.264  -83.732  -0.419 0.8000000119
569  -7.156  -84.364  -0.452 0.8000000119
299  -6.542  -85.424  -0.470 0.8999999762
295  -6.790  -85.177  0.240 0.8000000119
4930  -18.573  -79.538  -10.565 0.5000000000
6467  -18.696  -77.473  -10.722 0.4000000060
3721  -1.875  -80.586  -19.812 0.6999999881
3749  -2.666  -80.592  -21.595 0.8000000119
7447  -7.108  -76.448  -19.326 1.0000000000
3133  -2.443  -80.860  -20.626 0.8000000119
5863  -6.048  -77.992  -21.359 1.0000000000
3169  -3.110  -80.995  -22.375 0.8000000119
6588  -8.813  -76.871  -18.426 1.0000000000
6468  -19.560  -77.256  -10.808 0.4000000060
5674  -20.162  -78.065  -10.810 0.4000000060
3181  -4.648  -80.917  -23.162 0.8999999762
5142  -10.493  -78.467  -22.206 0.6999999881
5865  -10.261  -78.337  -21.012 0.8000000119
6708  -10.883  -77.760  -24.250 0.6999999881
5154  -10.674  -78.298  -23.037 0.6999999881
6722  -11.069  -77.172  -25.180 0.6999999881
10984  -16.548  -73.870  -27.591 0.8000000119
6747  -11.086  -76.810  -26.493 0.6999999881
7592  -11.048  -76.481  -27.730 0.6000000238
11910  -16.112  -73.335  -28.247 0.6999999881
8415  -11.431  -76.024  -27.132 0.6999999881
8429  -11.296  -75.979  -27.687 0.5000000000
8448  -11.625  -75.568  -28.790 0.4000000060
9254  -12.787  -75.111  -29.050 0.2000000030
9262  -13.631  -74.825  -29.028 0.5000000000
8451  -14.047  -75.500  -28.379 0.2000000030
9256  -14.284  -75.160  -28.650 0.3000000119
10108  -14.600  -74.533  -29.145 0.5000000000
10997  -14.960  -73.820  -27.802 0.6999999881
11000  -17.499  -73.305  -28.215 0.6999999881
10075  -17.531  -74.018  -27.191 0.8000000119
10986  -18.164  -73.666  -27.398 0.8999999762
10972  -18.660  -73.915  -26.367 0.8999999762
10974  -20.172  -73.177  -26.373 0.8000000119
11886  -20.692  -72.980  -25.806 0.6999999881
11920  -15.817  -73.167  -28.621 0.6000000238
11912  -17.058  -73.175  -28.854 0.6999999881
4769  -2.849  -79.020  0.774 0.8999999762
4768  -2.342  -79.429  0.689 1.0000000000
2198  -4.958  -81.850  1.135 0.8999999762
4008  -2.086  -79.839  1.194 0.8999999762
1230  -5.082  -83.102  1.357 0.8999999762
1223  -5.151  -83.245  1.855 0.8999999762
554  -5.251  -84.207  0.818 0.8999999762
2769  -7.455  -81.312  0.344 0.6999999881
3319  -1.979  -80.395  1.925 0.8999999762
287  -5.727  -84.976  0.556 0.8999999762
283  -6.313  -85.007  1.321 0.8000000119
1237  -7.614  -83.219  0.612 0.8000000119
2200  -7.678  -82.233  0.763 0.6999999881
2744  -1.878  -81.301  1.652 0.8999999762
564  -7.467  -84.364  0.418 0.8000000119
4415  -2.077  -79.699  -21.382 0.6999999881
5150  -2.099  -78.938  -22.690 0.8000000119
5895  -2.877  -78.328  -23.696 0.8999999762
7322  -19.654  -76.521  -11.433 0.2000000030
6656  -6.384  -77.307  -21.429 1.0000000000
7475  -6.713  -76.444  -20.478 1.0000000000
8299  -6.927  -75.932  -20.308 0.8999999762
7433  -7.969  -76.251  -18.559 1.0000000000
9119  -7.963  -75.093  -18.868 1.0000000000
8262  -9.105  -75.667  -18.164 1.0000000000
6610  -9.761  -77.303  -19.058 0.8999999762
6590  -9.725  -76.837  -18.711 1.0000000000
6642  -10.294  -77.711  -20.245 0.8000000119
6628  -10.452  -77.278  -19.833 0.8000000119
10029  -13.893  -73.592  -25.027 0.8999999762
10043  -13.627  -73.850  -25.899 0.8999999762
10062  -17.355  -74.302  -26.649 0.8999999762
7572  -11.342  -76.450  -26.183 0.6999999881
10085  -15.523  -73.892  -27.630 0.8000000119
9223  -11.972  -75.265  -26.915 0.6000000238
9246  -12.175  -74.636  -28.089 0.5000000000
10094  -12.461  -74.615  -28.880 0.5000000000
11006  -13.595  -73.997  -28.858 0.6999999881
11019  -14.524  -73.523  -28.916 0.6000000238
4009  -3.926  -79.047  0.955 0.8999999762
3320  -4.772  -79.651  1.629 0.8999999762
2758  -4.986  -80.783  1.526 0.8999999762
2745  -5.100  -81.242  2.012 0.8999999762
3993  -2.101  -79.484  2.076 1.0000000000
1661  -5.147  -82.280  2.182 0.8999999762
1654  -5.170  -82.630  2.670 0.8000000119
862  -5.484  -83.860  2.587 0.8000000119
545  -5.626  -84.391  1.465 0.8000000119
546  -6.073  -84.643  1.759 0.8000000119
539  -6.747  -84.677  2.692 0.8000000119
2746  -8.062  -81.410  1.830 0.6999999881
2732  -1.952  -81.033  2.693 0.8999999762
2722  -2.118  -80.873  3.794 0.8999999762
284  -6.806  -85.024  1.425 0.8000000119
549  -7.471  -84.603  1.633 0.6999999881
879  -7.669  -84.001  0.930 0.8000000119
1238  -7.834  -83.325  1.267 0.6999999881
2163  -1.908  -81.628  4.247 0.8999999762
2168  -1.840  -81.695  3.365 0.6999999881
2157  -1.684  -81.835  5.113 0.6999999881
5138  -2.292  -78.523  -21.483 0.6999999881
5111  -1.998  -79.399  -20.403 0.6999999881
7333  -20.005  -76.574  -12.122 0.2000000030
8154  -20.051  -75.887  -13.030 0.2000000030
4455  -2.594  -79.659  -23.526 0.8000000119
8289  -7.342  -75.581  -19.471 1.0000000000
4470  -3.521  -79.506  -24.478 0.8999999762
5877  -6.390  -77.875  -22.409 1.0000000000
7490  -6.915  -75.922  -21.845 1.0000000000
9933  -7.893  -74.088  -19.392 0.8999999762
6469  -20.099  -77.305  -11.330 0.2000000030
3777  -3.530  -80.838  -23.272 0.8999999762
5140  -5.745  -78.936  -22.429 1.0000000000
4457  -5.273  -79.941  -23.393 1.0000000000
6643  -10.732  -77.335  -20.618 0.8000000119
6696  -11.306  -76.958  -23.835 0.6999999881
6684  -11.356  -76.676  -23.165 0.8000000119
6657  -11.123  -76.997  -21.620 0.8000000119
6670  -11.149  -77.127  -22.649 0.6999999881
10940  -14.384  -73.250  -24.074 0.8999999762
7549  -11.369  -76.703  -24.558 0.6999999881
10028  -13.234  -73.977  -25.200 0.8999999762
10044  -14.346  -73.838  -25.804 0.8999999762
9194  -12.161  -75.185  -25.466 0.8000000119
10027  -12.696  -74.521  -25.352 0.8999999762
10057  -13.357  -73.985  -26.687 0.8000000119
10058  -14.052  -73.902  -26.547 0.8999999762
10059  -14.831  -74.049  -26.447 0.8000000119
10045  -15.086  -74.088  -25.704 0.8999999762
8383  -11.941  -75.441  -25.917 0.6999999881
10041  -12.442  -74.793  -26.267 0.8000000119
10070  -13.740  -73.854  -27.232 0.8000000119
10071  -14.482  -73.939  -27.186 0.6999999881
10055  -12.341  -74.753  -27.053 0.6999999881
10083  -13.193  -73.915  -28.083 0.8000000119
10996  -14.358  -73.701  -28.108 0.8000000119
4754  -2.962  -78.461  1.523 1.0000000000
3321  -5.083  -80.303  2.048 0.8999999762
3982  -2.184  -79.111  2.854 1.0000000000
3308  -5.366  -80.367  3.063 0.8000000119
2169  -5.215  -81.870  3.264 0.8000000119
3307  -2.141  -80.049  2.970 1.0000000000
3959  -2.374  -79.545  4.353 0.8999999762
1217  -5.238  -83.369  3.279 0.8000000119
3283  -2.339  -80.347  4.565 0.8999999762
852  -5.634  -83.872  3.268 0.8000000119
2706  -2.111  -81.255  5.512 0.8999999762
864  -7.905  -83.865  2.478 0.6999999881
1655  -8.297  -82.774  2.418 0.6999999881
2734  -8.282  -81.366  2.671 0.6999999881
1650  -8.225  -82.721  3.114 0.6999999881
2696  -1.742  -81.418  6.032 0.6999999881
1225  -8.169  -83.334  2.779 0.6999999881
5885  -2.874  -78.097  -22.903 0.8000000119
10856  -7.658  -73.649  -20.812 0.6999999881
11761  -8.386  -72.831  -19.339 0.8000000119
12683  -8.526  -72.099  -19.539 0.6000000238
5886  -3.572  -77.635  -22.966 0.8000000119
5908  -3.404  -78.198  -24.403 1.0000000000
9154  -7.196  -74.789  -21.311 0.8000000119
9961  -7.455  -74.063  -21.512 0.6999999881
10819  -8.710  -72.949  -18.668 0.6999999881
8986  -19.779  -75.163  -13.446 0.2000000030
7505  -6.938  -75.766  -22.429 0.8999999762
9145  -7.256  -74.898  -20.477 0.8000000119
9901  -8.602  -74.061  -18.320 0.8000000119
10804  -9.104  -73.276  -18.088 0.8000000119
6694  -6.780  -77.049  -23.846 0.8999999762
7504  -6.845  -76.430  -22.445 1.0000000000
8263  -9.994  -75.863  -18.414 1.0000000000
9098  -8.839  -74.878  -18.080 0.8999999762
9903  -10.140  -74.276  -17.748 1.0000000000
10805  -9.858  -73.465  -17.702 0.8000000119
10910  -15.551  -73.263  -22.413 0.8999999762
3799  -4.351  -80.271  -24.218 1.0000000000
5164  -5.843  -79.002  -23.601 1.0000000000
5897  -6.248  -78.330  -23.940 1.0000000000
8280  -10.816  -75.869  -18.804 0.8999999762
9120  -10.880  -75.237  -18.482 1.0000000000
9904  -10.928  -74.281  -17.855 0.8999999762
7491  -11.420  -76.343  -21.207 0.8999999762
7535  -11.522  -76.294  -23.836 0.6999999881
10924  -13.979  -73.093  -23.387 0.8999999762
10925  -14.643  -73.165  -23.312 0.8999999762
8366  -11.646  -75.932  -24.706 0.8000000119
9181  -11.987  -75.297  -24.617 0.8000000119
9182  -12.393  -74.765  -24.638 0.8999999762
10002  -12.966  -73.796  -23.619 0.8999999762
10938  -13.404  -73.403  -23.922 0.8999999762
10030  -14.635  -73.723  -25.143 0.8999999762
4755  -3.643  -78.590  1.321 0.8999999762
4738  -2.388  -78.585  2.168 0.8999999762
5467  -3.056  -77.888  2.115 0.8999999762
3995  -4.975  -79.334  2.107 0.8999999762
3983  -5.297  -79.598  2.754 0.8000000119
4705  -2.295  -78.798  4.054 1.0000000000
5441  -5.321  -78.174  3.242 0.8000000119
2164  -5.273  -81.955  4.235 0.8000000119
4698  -2.366  -78.920  4.879 1.0000000000
4692  -2.440  -79.092  5.741 1.0000000000
2723  -5.469  -80.991  3.740 0.8000000119
3947  -2.346  -80.051  6.108 0.8999999762
1638  -5.177  -82.566  4.825 0.8000000119
3270  -2.171  -80.857  6.000 0.8000000119
8379  -5.429  -75.690  -25.508 0.8999999762
6744  -5.854  -76.784  -26.550 0.8999999762
6680  -4.747  -76.863  -22.940 1.0000000000
7559  -5.142  -76.576  -25.035 0.8999999762
6692  -4.444  -77.253  -23.669 1.0000000000
9798  -19.851  -74.233  -14.196 0.2000000030
6732  -5.018  -77.317  -25.740 0.8999999762
10876  -8.109  -72.462  -21.393 0.6999999881
11799  -8.265  -72.244  -20.670 0.6000000238
12685  -9.559  -71.289  -18.645 0.6000000238
6731  -4.435  -77.811  -25.345 1.0000000000
5937  -6.023  -77.683  -25.956 0.8999999762
6720  -6.704  -76.799  -25.596 0.8999999762
9161  -7.187  -74.582  -22.190 0.8999999762
8188  -20.330  -75.228  -14.190 0.2000000030
5188  -4.311  -78.936  -25.184 1.0000000000
5199  -5.133  -78.458  -25.697 1.0000000000
11724  -9.667  -72.179  -17.942 0.6999999881
5910  -6.177  -78.239  -24.803 1.0000000000
7534  -6.904  -75.828  -23.613 0.8999999762
5177  -5.426  -79.201  -24.697 1.0000000000
8281  -11.461  -75.755  -19.370 0.8999999762
9919  -11.824  -74.496  -18.824 1.0000000000
10894  -15.788  -73.125  -21.693 0.8000000119
8312  -12.046  -75.288  -21.242 0.8999999762
8290  -11.724  -75.627  -20.039 0.8999999762
10893  -15.122  -72.925  -21.912 0.8999999762
7521  -11.613  -76.030  -23.020 0.8000000119
10908  -14.258  -72.870  -22.726 0.8999999762
9169  -12.171  -74.880  -23.344 0.8999999762
10922  -13.099  -73.495  -23.161 0.8999999762
7833  -3.847  -75.484  5.578 0.8000000119
7043  -3.189  -76.502  4.864 0.8999999762
7867  -3.776  -76.002  4.877 0.8000000119
8664  -4.397  -74.955  6.126 0.8999999762
6204  -3.667  -76.526  4.058 0.8999999762
7057  -4.013  -76.411  4.055 0.8000000119
7869  -4.630  -75.916  4.667 0.8000000119
5453  -2.862  -77.531  2.985 0.8999999762
6234  -3.545  -77.183  2.954 0.8999999762
6221  -5.245  -77.422  3.605 0.8000000119
5429  -5.936  -77.914  4.274 0.8000000119
5439  -2.467  -78.059  3.564 1.0000000000
3971  -5.804  -79.299  3.979 0.8000000119
2717  -5.810  -80.633  4.694 0.8000000119
3934  -1.899  -79.850  7.527 0.8000000119
8413  -6.804  -75.592  -26.650 0.8999999762
9797  -19.568  -74.483  -13.579 0.2000000030
6667  -4.080  -77.197  -22.336 0.8000000119
13685  -9.488  -70.475  -19.718 0.6000000238
12756  -8.725  -71.298  -21.652 0.5000000000
12727  -8.888  -71.219  -20.437 0.6000000238
13664  -9.774  -70.723  -18.877 0.6000000238
15540  -10.255  -69.617  -18.844 0.5000000000
9019  -20.332  -74.819  -14.450 0.2000000030
10889  -7.707  -73.113  -22.436 0.6999999881
11840  -8.242  -72.127  -22.794 0.6000000238
7547  -6.822  -76.187  -24.741 0.8999999762
12661  -9.863  -71.289  -18.199 0.6999999881
14592  -10.466  -69.966  -18.302 0.6000000238
5911  -6.553  -77.650  -24.377 0.8999999762
9173  -7.119  -74.607  -23.735 0.6999999881
10920  -7.576  -73.485  -23.631 0.6999999881
10787  -11.133  -73.010  -17.404 0.8000000119
11725  -10.107  -71.909  -17.602 0.8000000119
9882  -11.614  -73.606  -17.959 0.8999999762
8325  -12.341  -74.670  -21.865 0.8999999762
9147  -12.287  -74.693  -20.553 0.8999999762
9136  -12.129  -74.678  -19.705 0.8999999762
10879  -15.350  -72.753  -21.237 0.6999999881
9975  -12.850  -73.634  -21.826 0.8999999762
9170  -12.524  -74.274  -23.056 0.8999999762
10907  -13.571  -72.844  -22.650 0.8999999762
8646  -3.280  -74.980  6.876 1.0000000000
8647  -4.018  -74.707  6.934 0.8999999762
7832  -3.223  -75.607  6.037 0.8999999762
7032  -5.520  -75.997  4.837 0.8000000119
5428  -2.622  -77.479  4.337 0.8999999762
7047  -5.822  -76.836  4.457 0.8000000119
4699  -6.392  -78.803  5.349 0.8000000119
6192  -2.332  -77.515  5.336 1.0000000000
5414  -2.291  -78.404  6.245 1.0000000000
6175  -2.089  -77.839  6.904 1.0000000000
6161  -1.981  -78.049  7.509 1.0000000000
4677  -2.183  -79.253  7.291 0.8000000119
4676  -1.807  -79.126  8.031 0.8999999762
3918  -1.317  -79.447  8.542 0.8000000119
9218  -5.651  -75.397  -26.477 0.8000000119
10065  -6.414  -74.164  -27.106 0.6999999881
10969  -7.826  -73.620  -26.960 0.6999999881
11893  -8.628  -72.586  -26.747 0.6000000238
7532  -5.284  -76.168  -23.658 0.8999999762
9235  -7.363  -74.406  -27.127 0.8000000119
10707  -19.324  -73.615  -13.734 0.2000000030
10961  -7.954  -73.333  -25.665 0.6000000238
15586  -9.670  -69.010  -20.841 0.5000000000
14650  -9.794  -69.838  -19.931 0.5000000000
16519  -10.107  -68.526  -19.803 0.5000000000
10708  -19.865  -73.335  -14.458 0.2000000030
8380  -6.929  -75.738  -25.733 0.8999999762
10039  -7.580  -74.170  -25.664 0.8000000119
13719  -9.169  -70.321  -21.804 0.5000000000
13708  -9.414  -69.978  -20.764 0.5000000000
10949  -7.504  -73.816  -24.698 0.6999999881
11864  -8.029  -72.654  -24.401 0.6000000238
12782  -8.518  -71.664  -23.496 0.5000000000
12769  -8.977  -70.730  -22.332 0.5000000000
17500  -10.822  -67.869  -18.805 0.5000000000
9828  -21.105  -73.943  -15.251 0.2000000030
8365  -6.985  -75.223  -24.782 0.8999999762
11853  -8.155  -72.346  -23.602 0.6000000238
16477  -11.064  -68.740  -17.994 0.5000000000
13612  -10.805  -70.571  -17.456 0.6000000238
15495  -11.043  -69.565  -17.524 0.5000000000
11727  -11.767  -72.442  -17.218 0.8999999762
11726  -10.956  -72.192  -17.228 0.6999999881
13613  -11.352  -70.743  -16.908 0.6999999881
9962  -12.828  -73.586  -21.099 0.8999999762
9920  -12.213  -74.111  -19.082 0.8999999762
10789  -12.180  -72.950  -17.881 0.8999999762
12621  -12.268  -71.274  -16.796 0.6000000238
15474  -11.756  -69.333  -16.798 0.5000000000
10860  -15.944  -72.655  -20.405 0.6000000238
10858  -12.914  -73.187  -20.492 0.8999999762
11746  -12.997  -72.294  -18.417 0.8999999762
12641  -12.638  -71.706  -17.392 0.8000000119
13614  -12.824  -70.982  -16.957 0.6000000238
10877  -13.105  -73.002  -21.337 0.8999999762
11829  -13.777  -72.473  -21.733 0.8999999762
11817  -14.416  -72.193  -21.063 0.6999999881
11801  -14.658  -71.982  -20.505 0.6000000238
8631  -3.498  -74.676  7.340 0.8999999762
8648  -4.893  -74.645  6.740 0.6999999881
8649  -5.609  -74.830  6.727 0.6999999881
7021  -6.450  -76.381  5.668 0.6999999881
7001  -2.483  -76.148  6.398 1.0000000000
7000  -2.163  -76.691  6.684 1.0000000000
7795  -1.545  -76.130  7.765 1.0000000000
6973  -1.335  -76.737  8.347 1.0000000000
6143  -1.511  -77.575  8.404 1.0000000000
3917  -0.660  -79.440  8.539 0.8000000119
8363  -5.427  -75.555  -24.459 0.8999999762
10978  -7.078  -73.242  -27.346 0.6000000238
11900  -7.924  -72.339  -27.436 0.6000000238
12839  -9.614  -71.561  -27.158 0.6000000238
11885  -8.938  -72.219  -26.150 0.6000000238
11655  -20.021  -72.425  -14.537 0.2000000030
14678  -9.308  -69.675  -21.724 0.5000000000
17532  -9.953  -67.741  -20.764 0.5000000000
10738  -20.664  -73.061  -14.957 0.2000000030
13780  -9.492  -71.180  -25.708 0.6000000238
12796  -8.464  -71.957  -24.360 0.6000000238
14710  -9.475  -69.779  -24.199 0.5000000000
14695  -9.228  -69.528  -22.698 0.5000000000
16580  -9.320  -68.230  -23.082 0.5000000000
17517  -10.430  -67.659  -19.642 0.5000000000
13767  -9.692  -70.130  -24.934 0.5000000000
18529  -11.210  -67.095  -18.882 0.4000000060
11683  -21.257  -72.395  -15.047 0.2000000030
17501  -11.299  -67.604  -18.335 0.4000000060
16478  -11.397  -68.553  -17.654 0.5000000000
14555  -12.664  -70.018  -16.424 0.6000000238
15476  -12.981  -69.348  -16.300 0.6000000238
10878  -13.522  -72.423  -21.226 0.8999999762
11785  -13.406  -72.140  -19.810 0.8999999762
12686  -13.508  -71.820  -19.185 0.6999999881
12663  -13.368  -71.630  -18.308 0.6999999881
14557  -13.613  -69.919  -16.577 0.6000000238
10861  -16.421  -72.810  -20.092 0.6000000238
11787  -16.397  -72.484  -19.469 0.6000000238
10822  -17.107  -72.769  -19.143 0.5000000000
12712  -15.356  -71.819  -19.653 0.6000000238
11748  -16.670  -71.879  -18.346 0.5000000000
13646  -17.663  -70.830  -18.082 0.6000000238
12666  -16.352  -71.336  -18.184 0.5000000000
14618  -17.920  -70.043  -18.707 0.6000000238
14635  -18.402  -69.786  -19.634 0.6000000238
16523  -19.110  -68.381  -20.040 0.5000000000
16537  -18.961  -68.420  -20.724 0.6000000238
17539  -19.177  -67.357  -20.771 0.5000000000
10321  -3.822  -73.416  10.137 0.6999999881
9422  -3.874  -73.811  9.133 0.6999999881
9455  -2.785  -74.664  7.948 1.0000000000
7797  -2.534  -75.550  6.921 1.0000000000
7796  -2.079  -75.841  7.194 1.0000000000
8620  -1.474  -75.284  8.444 1.0000000000
7784  -1.271  -75.956  8.462 1.0000000000
6956  -1.066  -76.465  8.996 1.0000000000
6939  -0.610  -76.382  10.291 1.0000000000
5366  -1.060  -77.527  9.556 1.0000000000
3896  -0.991  -79.311  9.648 0.8999999762
5352  -0.844  -78.129  10.093 0.8999999762
4659  -0.254  -79.075  8.550 0.6999999881
9191  -5.459  -74.816  -25.225 0.8000000119
12844  -8.708  -71.365  -27.559 0.6000000238
10959  -5.422  -73.395  -26.023 0.8000000119
9167  -5.270  -74.592  -23.130 0.8000000119
13792  -10.569  -70.182  -26.930 0.6000000238
14736  -10.433  -69.710  -26.059 0.6000000238
9973  -4.820  -73.935  -22.177 0.8999999762
10012  -5.099  -73.971  -24.309 0.8000000119
16563  -9.389  -68.263  -21.951 0.5000000000
9999  -4.631  -73.487  -23.261 0.8000000119
15633  -9.379  -68.808  -23.751 0.5000000000
17622  -9.607  -67.753  -24.179 0.5000000000
18630  -9.703  -67.083  -22.806 0.5000000000
18608  -10.014  -66.820  -21.948 0.5000000000
12597  -21.028  -71.675  -14.861 0.2000000030
12598  -21.656  -71.790  -14.960 0.1000000015
10888  -4.377  -72.825  -22.329 0.8000000119
15666  -9.933  -68.993  -25.083 0.5000000000
19777  -10.016  -66.539  -24.191 0.4000000060
18569  -11.313  -66.242  -20.290 0.4000000060
18530  -11.959  -66.661  -18.737 0.3000000119
18549  -11.559  -66.445  -19.665 0.3000000119
16459  -12.370  -68.159  -16.762 0.5000000000
17473  -12.372  -67.457  -17.314 0.4000000060
11800  -13.927  -72.017  -20.476 0.6999999881
12710  -14.242  -71.462  -19.604 0.6999999881
13665  -14.155  -71.103  -18.667 0.6999999881
13615  -13.391  -70.771  -17.307 0.6000000238
15497  -14.308  -69.614  -16.709 0.5000000000
17426  -13.570  -68.086  -16.377 0.5000000000
18488  -13.465  -67.059  -17.233 0.3000000119
18505  -13.138  -66.741  -17.886 0.3000000119
18551  -13.274  -66.365  -19.322 0.3000000119
13666  -14.631  -70.838  -18.585 0.6999999881
13642  -14.692  -70.373  -17.928 0.6000000238
15479  -14.957  -68.951  -16.637 0.5000000000
12690  -15.895  -71.414  -18.506 0.6000000238
14596  -17.463  -70.145  -18.013 0.6000000238
10303  -3.069  -72.898  11.489 0.6000000238
10304  -3.830  -73.031  11.523 0.6000000238
11249  -3.528  -72.924  12.811 0.5000000000
9395  -2.572  -73.819  9.815 0.8999999762
9420  -2.234  -74.327  9.118 1.0000000000
8613  -1.661  -74.762  8.992 1.0000000000
7774  -1.062  -75.547  9.236 1.0000000000
7773  -0.724  -75.818  9.887 1.0000000000
4633  -0.338  -79.074  10.254 0.8999999762
6101  -0.456  -77.216  10.824 1.0000000000
4658  0.112  -78.790  8.619 0.6999999881
3905  -0.503  -79.339  9.461 0.8000000119
11890  -6.239  -72.522  -26.666 0.6999999881
12836  -7.093  -71.624  -26.814 0.6000000238
13797  -9.565  -70.523  -27.625 0.6000000238
15694  -10.309  -69.065  -27.901 0.6999999881
13789  -7.767  -70.712  -26.929 0.6000000238
15688  -11.042  -69.035  -26.959 0.5000000000
12580  -20.157  -71.661  -14.522 0.2000000030
11863  -4.272  -72.651  -24.214 0.8000000119
12826  -5.121  -71.780  -25.715 0.8000000119
14734  -6.536  -69.941  -26.184 0.6000000238
16651  -10.431  -68.506  -25.861 0.5000000000
18588  -10.416  -66.615  -21.294 0.4000000060
12811  -4.342  -71.508  -25.204 0.8000000119
17649  -10.499  -67.750  -25.847 0.5000000000
19737  -10.188  -66.129  -23.246 0.4000000060
20923  -11.416  -65.105  -23.082 0.4000000060
19711  -10.606  -65.920  -22.264 0.4000000060
13561  -21.299  -71.161  -14.815 0.1000000015
9972  -4.549  -73.440  -21.917 0.8000000119
12781  -4.184  -71.592  -23.475 0.8000000119
17633  -9.968  -67.827  -25.027 0.5000000000
18676  -10.105  -67.020  -25.025 0.4000000060
20971  -10.986  -65.252  -24.419 0.5000000000
19687  -11.669  -65.590  -21.294 0.4000000060
11814  -4.603  -72.015  -21.382 0.8000000119
13732  -4.909  -70.735  -22.489 0.8000000119
20987  -10.768  -65.659  -25.198 0.5000000000
19664  -11.906  -65.937  -20.445 0.3000000119
19714  -13.940  -66.116  -21.670 0.2000000030
18489  -14.233  -67.088  -17.246 0.3000000119
18506  -13.941  -66.788  -17.863 0.3000000119
13619  -16.357  -70.095  -17.546 0.5000000000
15500  -16.224  -69.096  -17.175 0.5000000000
17428  -14.973  -67.924  -16.682 0.5000000000
18534  -15.176  -66.965  -18.602 0.5000000000
13668  -18.353  -71.121  -18.555 0.6000000238
15543  -17.900  -69.438  -19.372 0.6000000238
15577  -18.196  -69.276  -20.401 0.6000000238
17555  -19.010  -67.497  -21.358 0.5000000000
18613  -19.402  -66.590  -21.728 0.5000000000
19741  -20.055  -66.020  -22.644 0.3000000119
18634  -19.360  -66.670  -22.319 0.3000000119
10312  -2.675  -73.196  10.948 0.8000000119
10294  -1.999  -72.607  12.368 0.8999999762
9394  -1.862  -74.149  9.814 1.0000000000
10311  -1.891  -73.451  10.894 0.8999999762
10301  -1.215  -73.463  11.540 1.0000000000
10300  -0.690  -73.810  11.792 1.0000000000
9383  -1.441  -74.048  10.505 1.0000000000
8569  -0.676  -74.849  10.856 1.0000000000
9367  -0.301  -74.234  12.058 1.0000000000
8560  -0.020  -75.550  12.093 1.0000000000
7743  -0.463  -75.495  11.111 1.0000000000
7723  -0.230  -75.852  11.595 1.0000000000
5333  0.012  -78.295  11.650 0.8999999762
6897  -0.182  -76.713  11.760 1.0000000000
4644  0.672  -78.267  9.949 0.6000000238
4632  0.349  -78.669  10.367 0.6999999881
15693  -9.553  -69.174  -27.532 0.6999999881
16671  -10.369  -68.222  -28.156 0.6999999881
18743  -10.879  -66.892  -28.587 0.5000000000
14744  -8.710  -69.774  -27.131 0.6000000238
21067  -12.215  -65.966  -28.591 0.5000000000
22347  -12.475  -64.903  -27.967 0.4000000060
16663  -11.331  -68.359  -27.089 0.6000000238
13551  -20.365  -71.094  -14.532 0.1000000015
13765  -4.652  -70.688  -25.463 0.8000000119
12827  -5.959  -71.679  -26.209 0.6000000238
18709  -11.691  -66.852  -27.390 0.5000000000
21049  -12.033  -65.674  -27.371 0.5000000000
21008  -11.512  -65.213  -26.166 0.5000000000
20899  -11.503  -65.305  -22.165 0.3000000119
20874  -12.423  -65.349  -21.512 0.2000000030
11798  -4.657  -72.284  -20.662 0.8999999762
12780  -4.016  -71.052  -23.952 0.8000000119
13763  -3.722  -70.451  -24.819 0.6999999881
22269  -11.652  -64.685  -24.594 0.4000000060
22221  -11.883  -64.805  -23.324 0.2000000030
14701  -4.707  -69.781  -23.416 0.8000000119
22290  -11.826  -64.543  -25.527 0.4000000060
22271  -13.109  -63.783  -24.500 0.1000000015
20902  -13.941  -65.555  -22.055 0.2000000030
19738  -14.777  -66.331  -22.432 0.2000000030
17551  -14.524  -67.114  -20.539 0.2000000030
18610  -14.186  -66.764  -21.574 0.2000000030
15518  -17.169  -69.043  -17.949 0.6000000238
16480  -16.999  -68.350  -18.140 0.6000000238
17503  -16.396  -67.608  -18.621 0.5000000000
17502  -15.824  -67.255  -18.976 0.3000000119
18553  -14.674  -66.930  -19.424 0.3000000119
17589  -14.875  -67.635  -22.586 0.2000000030
17606  -15.326  -67.564  -23.910 0.2000000030
16522  -17.109  -68.203  -19.456 0.4000000060
16521  -16.665  -67.940  -20.079 0.3000000119
17554  -16.117  -67.842  -20.935 0.2000000030
16547  -15.749  -67.969  -21.736 0.2000000030
16635  -15.880  -68.224  -24.892 0.2000000030
18679  -16.224  -67.007  -25.262 0.2000000030
15542  -17.480  -68.951  -18.778 0.6000000238
15576  -17.504  -68.880  -20.798 0.3000000119
15604  -17.209  -68.881  -22.418 0.3000000119
16602  -16.122  -68.618  -23.670 0.2000000030
16636  -16.449  -68.316  -25.499 0.2000000030
15588  -18.000  -69.087  -21.337 0.5000000000
15625  -18.288  -68.840  -22.636 0.3000000119
15624  -17.684  -69.092  -23.069 0.3000000119
15651  -17.006  -68.951  -24.217 0.3000000119
15589  -18.622  -68.920  -21.057 0.5000000000
17573  -18.872  -67.661  -22.070 0.4000000060
18652  -19.382  -66.716  -23.040 0.2000000030
18669  -19.529  -66.610  -23.898 0.1000000015
19760  -19.798  -66.274  -23.221 0.2000000030
9328  -2.614  -74.050  15.583 0.4000000060
8495  -1.374  -75.355  18.399 0.5000000000
11236  -2.825  -72.786  13.859 0.5000000000
10252  -2.407  -73.357  15.475 0.8000000119
9308  -1.922  -74.347  17.086 0.5000000000
10219  -1.463  -73.884  18.185 0.6000000238
11235  -2.172  -72.435  13.995 0.8000000119
11178  -1.670  -73.054  17.083 0.6000000238
10232  -1.413  -73.305  18.099 0.6999999881
9289  -0.835  -74.276  20.134 0.6000000238
10293  -1.370  -72.776  12.510 1.0000000000
11234  -1.420  -72.330  14.159 1.0000000000
10292  -0.681  -73.500  12.302 1.0000000000
9361  -0.156  -73.906  12.806 1.0000000000
9360  0.231  -74.515  13.218 1.0000000000
7715  0.095  -76.086  12.480 1.0000000000
8548  0.526  -75.278  13.586 1.0000000000
6065  0.030  -77.619  12.167 0.8999999762
6875  0.195  -76.903  12.560 1.0000000000
5351  0.938  -77.743  10.179 0.6999999881
4631  0.751  -78.186  10.609 0.6999999881
17672  -9.113  -67.604  -27.562 0.6999999881
18741  -9.447  -66.515  -28.242 0.6000000238
21064  -10.162  -65.291  -28.283 0.5000000000
16660  -8.487  -68.487  -26.823 0.6999999881
21065  -11.023  -65.471  -28.672 0.5000000000
23727  -11.680  -64.197  -28.396 0.5000000000
25015  -11.457  -62.797  -27.706 0.3000000119
15677  -7.485  -69.237  -26.500 0.6000000238
25016  -12.256  -62.968  -27.879 0.3000000119
27718  -12.294  -61.184  -26.933 0.2000000030
14733  -5.807  -69.955  -25.821 0.6999999881
22331  -12.412  -64.586  -27.175 0.3000000119
23701  -12.976  -63.367  -26.967 0.3000000119
15665  -4.090  -69.240  -25.287 0.6000000238
23683  -12.746  -63.616  -26.472 0.4000000060
22223  -13.336  -64.516  -23.045 0.2000000030
12725  -5.157  -71.295  -20.480 0.8000000119
23664  -12.958  -63.452  -25.876 0.4000000060
23619  -13.573  -63.809  -24.104 0.1000000015
20926  -13.703  -65.000  -22.480 0.2000000030
13706  -5.388  -70.529  -21.305 0.8000000119
14694  -5.336  -69.698  -22.680 0.8000000119
15648  -4.425  -69.292  -23.806 0.6999999881
23644  -14.942  -63.273  -24.357 0.1000000015
22247  -13.829  -64.175  -23.535 0.2000000030
24953  -14.464  -62.796  -24.986 0.1000000015
24974  -15.848  -62.587  -25.003 0.1000000015
16638  -17.725  -68.086  -25.487 0.2000000030
15606  -18.463  -68.847  -21.861 0.4000000060
16623  -17.906  -68.492  -24.689 0.2000000030
17590  -18.755  -67.770  -22.872 0.4000000060
16604  -18.394  -68.261  -23.965 0.3000000119
17638  -18.642  -67.480  -24.939 0.1000000015
18668  -19.033  -67.088  -24.450 0.1000000015
18680  -19.025  -66.960  -25.265 0.1000000015
19817  -20.047  -66.230  -25.166 0.1000000015
11211  -1.665  -72.524  15.905 0.8000000119
11199  -1.592  -72.732  16.749 0.6999999881
11222  -1.099  -72.360  14.993 0.8000000119
11198  -1.055  -72.356  16.662 1.0000000000
11245  -1.038  -72.528  13.598 1.0000000000
10261  -0.153  -73.004  14.484 1.0000000000
11209  0.084  -72.706  15.878 1.0000000000
10272  0.199  -73.700  14.085 1.0000000000
9349  0.482  -74.345  14.092 1.0000000000
8531  1.199  -75.143  15.062 1.0000000000
7701  0.796  -76.057  13.879 1.0000000000
6100  1.302  -76.823  10.927 0.6000000238
5317  0.777  -77.669  12.233 0.8999999762
6047  1.039  -76.975  13.043 0.8999999762
22359  -10.245  -64.737  -28.129 0.5000000000
23699  -10.575  -62.900  -27.194 0.4000000060
24989  -10.545  -61.969  -26.396 0.3000000119
18725  -8.151  -66.733  -27.518 0.6000000238
27717  -11.627  -61.198  -26.695 0.3000000119
27690  -12.551  -60.429  -25.433 0.1000000015
29032  -13.402  -60.133  -25.845 0.1000000015
17647  -7.357  -68.128  -26.395 0.6999999881
18707  -7.745  -67.095  -27.032 0.6999999881
29013  -14.169  -60.286  -24.942 0.1000000015
30373  -15.164  -59.837  -25.737 0.1000000015
23684  -13.143  -63.131  -26.313 0.2000000030
26385  -13.188  -61.965  -27.027 0.2000000030
29068  -14.767  -60.349  -26.716 0.1000000015
12637  -4.053  -72.042  -17.949 0.8000000119
12659  -5.043  -71.467  -18.800 0.8999999762
16644  -5.170  -68.310  -25.685 0.6999999881
17642  -4.415  -67.247  -25.735 0.6999999881
27702  -14.053  -61.824  -26.464 0.2000000030
27705  -15.647  -61.317  -26.127 0.1000000015
13661  -5.348  -71.163  -19.245 0.8000000119
14649  -6.004  -69.837  -20.610 0.8000000119
15664  -3.720  -69.029  -24.872 0.6000000238
17632  -3.786  -67.244  -25.320 0.6999999881
24971  -13.786  -62.682  -25.783 0.3000000119
26368  -14.715  -61.818  -25.925 0.1000000015
16597  -5.186  -68.465  -23.148 0.6999999881
16595  -4.324  -67.885  -23.870 0.6999999881
26356  -15.579  -62.106  -25.380 0.1000000015
24957  -16.702  -63.277  -24.719 0.1000000015
23645  -15.674  -63.502  -24.217 0.1000000015
15601  -5.955  -69.256  -21.730 0.8000000119
26358  -16.987  -62.380  -25.373 0.1000000015
10251  0.695  -73.649  15.547 1.0000000000
9327  0.980  -74.100  15.664 1.0000000000
11195  1.103  -73.275  16.959 1.0000000000
8510  1.714  -74.729  16.319 1.0000000000
6856  1.217  -76.383  13.757 1.0000000000
8541  1.349  -75.554  14.861 1.0000000000
6921  1.496  -76.161  11.282 0.5000000000
6895  1.548  -76.312  11.861 0.6000000238
6874  1.417  -76.601  12.278 0.8000000119
22328  -9.664  -64.561  -27.215 0.5000000000
19851  -8.566  -65.930  -27.868 0.6000000238
22329  -10.004  -63.954  -26.948 0.4000000060
27688  -11.513  -60.930  -25.217 0.3000000119
27649  -12.973  -60.902  -24.129 0.1000000015
27670  -13.545  -60.565  -24.540 0.1000000015
27651  -14.537  -61.058  -23.776 0.1000000015
27654  -17.077  -61.476  -23.672 0.1000000015
13634  -1.751  -70.654  -17.992 0.8000000119
18705  -6.670  -66.920  -26.627 0.6000000238
19849  -7.049  -65.978  -27.411 0.6000000238
30387  -16.284  -59.714  -26.200 0.1000000015
29016  -16.454  -60.503  -24.635 0.1000000015
27675  -17.519  -61.070  -24.201 0.1000000015
13609  -4.245  -70.963  -17.637 0.8999999762
19811  -5.308  -66.383  -26.309 0.6000000238
19831  -6.362  -65.971  -27.042 0.6000000238
30399  -16.668  -59.986  -26.597 0.1000000015
29037  -17.015  -60.156  -25.148 0.1000000015
27676  -18.372  -61.078  -24.363 0.1000000015
30377  -17.931  -59.834  -25.815 0.1000000015
13637  -5.706  -70.302  -18.473 0.8000000119
18675  -3.597  -66.432  -25.416 0.6999999881
20981  -3.424  -64.947  -25.424 0.6000000238
27706  -16.357  -61.339  -26.085 0.1000000015
27725  -17.545  -61.172  -26.504 0.1000000015
19776  -3.622  -66.467  -23.891 0.6999999881
19792  -3.108  -65.868  -24.580 0.6999999881
26387  -18.020  -61.622  -26.407 0.1000000015
24977  -17.752  -62.904  -25.481 0.1000000015
17586  -5.821  -68.189  -22.384 0.6999999881
17602  -4.665  -67.370  -23.432 0.6999999881
19734  -3.940  -65.657  -22.828 0.6999999881
26388  -18.431  -62.079  -26.499 0.1000000015
6855  1.717  -76.106  13.805 1.0000000000
7691  1.752  -75.734  14.947 1.0000000000
7742  1.381  -75.622  10.756 0.4000000060
6863  1.931  -75.822  13.371 0.6999999881
24988  -10.218  -62.317  -26.023 0.4000000060
26294  -13.432  -61.657  -22.844 0.1000000015
26269  -14.595  -62.098  -22.172 0.1000000015
26272  -16.649  -62.338  -22.274 0.1000000015
24901  -18.150  -62.804  -21.535 0.1000000015
24873  -19.280  -62.883  -20.732 0.1000000015
22309  -9.600  -64.308  -26.334 0.4000000060
26352  -10.559  -61.653  -25.081 0.3000000119
27632  -13.984  -61.354  -23.324 0.1000000015
26296  -15.039  -61.832  -22.703 0.1000000015
27635  -15.897  -61.695  -23.127 0.1000000015
26299  -17.112  -62.218  -22.608 0.1000000015
26274  -18.456  -62.554  -22.056 0.1000000015
26249  -19.787  -62.524  -21.106 0.1000000015
21045  -7.701  -65.398  -27.225 0.6000000238
21026  -8.374  -65.272  -26.655 0.5000000000
15556  -1.159  -69.455  -19.140 0.8000000119
16500  -1.591  -68.688  -18.606 0.8000000119
21024  -7.019  -65.261  -26.462 0.5000000000
26323  -18.254  -61.931  -23.201 0.1000000015
26301  -18.726  -62.207  -22.614 0.1000000015
26250  -20.572  -62.060  -21.181 0.1000000015
26212  -21.415  -62.028  -19.766 0.1000000015
14587  -1.796  -69.875  -18.277 0.8000000119
27656  -18.514  -61.565  -23.689 0.1000000015
26303  -20.266  -61.865  -22.734 0.1000000015
26230  -21.812  -61.967  -20.452 0.1000000015
14566  -3.802  -70.065  -17.360 0.8000000119
27657  -19.100  -61.432  -23.870 0.1000000015
22325  -5.265  -64.459  -26.875 0.5000000000
21001  -4.315  -64.958  -26.371 0.6000000238
27727  -19.114  -60.844  -27.122 0.1000000015
29056  -19.588  -60.494  -25.713 0.1000000015
14633  -6.216  -69.787  -19.657 0.8000000119
16545  -6.328  -68.459  -21.078 0.8000000119
17568  -6.026  -67.869  -21.843 0.8000000119
27708  -20.357  -60.993  -26.035 0.1000000015
22238  -2.814  -64.558  -23.453 0.6000000238
27709  -20.723  -61.256  -26.502 0.1000000015
27738  -19.409  -61.529  -27.222 0.1000000015
26401  -19.600  -62.228  -27.395 0.1000000015
18605  -4.786  -66.328  -22.392 0.8000000119
26375  -21.661  -62.178  -25.854 0.1000000015
26389  -21.100  -61.630  -27.021 0.1000000015
12897  -2.247  -70.857  20.593 0.4000000060
13868  -1.864  -70.072  20.949 0.5000000000
13867  -1.082  -69.818  21.103 0.6999999881
12885  -1.094  -71.164  21.631 0.6000000238
13850  -0.706  -70.413  21.428 0.6999999881
13866  -0.331  -69.875  20.907 0.8000000119
9307  1.896  -73.874  17.295 1.0000000000
8519  2.311  -75.045  15.882 1.0000000000
7699  2.071  -75.545  14.250 1.0000000000
8567  1.730  -74.963  11.711 0.5000000000
7714  2.061  -75.336  12.756 0.6000000238
26268  -13.746  -62.048  -22.158 0.1000000015
24898  -15.717  -62.555  -21.671 0.1000000015
24870  -16.884  -63.057  -21.062 0.1000000015
24840  -19.004  -63.092  -20.084 0.1000000015
23662  -9.692  -63.612  -25.285 0.4000000060
24952  -9.933  -62.553  -24.255 0.4000000060
26267  -12.934  -61.956  -22.332 0.1000000015
26211  -20.809  -62.270  -19.741 0.1000000015
22268  -8.987  -64.299  -24.302 0.4000000060
24951  -9.667  -63.005  -23.845 0.4000000060
15513  -2.483  -69.172  -17.908 0.8000000119
21004  -7.570  -65.402  -25.745 0.5000000000
15492  -4.119  -69.265  -17.455 0.8999999762
22308  -6.076  -64.808  -25.928 0.5000000000
26277  -20.880  -61.908  -22.014 0.1000000015
14589  -5.132  -70.020  -17.725 0.8999999762
15494  -5.449  -68.847  -17.685 0.8000000119
23681  -5.256  -63.807  -25.821 0.5000000000
27659  -20.270  -61.462  -24.239 0.1000000015
26278  -21.863  -62.194  -22.116 0.1000000015
14614  -6.061  -69.790  -18.670 0.8000000119
16475  -6.350  -68.119  -18.352 0.8000000119
23679  -4.272  -63.551  -26.338 0.5000000000
27679  -20.536  -61.361  -24.738 0.1000000015
26327  -21.150  -61.977  -23.736 0.1000000015
24923  -22.245  -62.501  -22.577 0.1000000015
15558  -6.609  -68.482  -19.539 0.8000000119
17549  -6.249  -67.673  -20.902 0.8000000119
23658  -3.367  -63.404  -25.304 0.5000000000
26360  -21.227  -61.819  -25.486 0.1000000015
26328  -21.769  -62.351  -23.987 0.1000000015
19685  -5.171  -66.099  -21.352 0.8000000119
22195  -3.160  -64.184  -22.525 0.6999999881
24958  -22.451  -62.780  -24.347 0.1000000015
20895  -4.300  -65.416  -21.980 0.8000000119
24959  -23.199  -63.169  -24.357 0.1000000015
24994  -22.160  -62.551  -26.252 0.1000000015
23602  -25.453  -63.518  -22.685 0.1000000015
24980  -23.521  -63.342  -24.879 0.1000000015
23584  -26.734  -63.689  -22.046 0.1000000015
13869  -2.496  -70.011  20.361 0.4000000060
12913  -2.679  -70.673  19.767 0.4000000060
14847  -2.177  -69.336  20.537 0.6000000238
15806  -1.806  -68.694  20.337 0.6999999881
14845  -0.723  -69.223  20.656 0.8000000119
13864  0.732  -70.554  20.150 0.8999999762
15803  0.022  -68.735  20.226 0.8000000119
13883  0.569  -69.721  20.015 0.8999999762
12018  1.243  -71.721  19.308 1.0000000000
13882  0.902  -70.236  19.882 1.0000000000
10200  1.867  -72.735  18.528 1.0000000000
10230  2.004  -73.505  17.637 1.0000000000
9316  2.435  -74.437  16.831 1.0000000000
7689  2.434  -75.223  15.288 1.0000000000
7707  2.190  -75.136  13.486 0.8000000119
9347  2.469  -74.298  14.486 1.0000000000
8552  2.123  -74.691  13.009 0.6999999881
24867  -14.516  -62.680  -21.085 0.1000000015
24897  -14.949  -62.443  -21.640 0.1000000015
24869  -16.064  -62.922  -21.093 0.1000000015
26290  -10.335  -62.391  -23.054 0.2000000030
24894  -11.698  -62.283  -22.007 0.2000000030
24865  -13.050  -62.459  -21.260 0.1000000015
24862  -11.081  -62.790  -21.583 0.2000000030
24832  -12.535  -62.772  -20.700 0.2000000030
24833  -13.290  -62.797  -20.593 0.1000000015
17498  -1.950  -68.263  -18.288 0.8000000119
20967  -7.217  -65.375  -24.174 0.5000000000
22267  -8.477  -64.806  -23.877 0.4000000060
23617  -9.303  -63.455  -23.463 0.3000000119
26188  -21.639  -62.010  -19.064 0.1000000015
16474  -3.314  -68.246  -17.636 0.8999999762
20983  -6.733  -65.369  -24.854 0.5000000000
26253  -22.911  -62.332  -20.727 0.1000000015
22266  -5.655  -64.746  -24.678 0.5000000000
22239  -5.304  -64.304  -23.300 0.4000000060
24875  -23.028  -62.547  -21.350 0.1000000015
24807  -23.809  -62.568  -19.905 0.1000000015
16455  -4.367  -68.461  -17.576 0.8999999762
24968  -4.597  -62.714  -25.216 0.5000000000
23637  -4.706  -63.108  -24.666 0.5000000000
24876  -23.908  -62.810  -21.330 0.1000000015
17514  -6.541  -67.216  -19.851 0.8000000119
26349  -3.630  -61.698  -25.023 0.5000000000
24924  -22.905  -62.814  -22.736 0.1000000015
23614  -2.462  -63.467  -23.689 0.5000000000
24949  -2.581  -62.597  -24.200 0.5000000000
24906  -24.369  -63.154  -22.085 0.1000000015
20871  -4.512  -65.092  -21.156 0.8000000119
26313  -2.441  -61.839  -23.800 0.5000000000
23601  -24.598  -63.361  -22.705 0.1000000015
24916  -2.416  -62.817  -22.866 0.6000000238
23562  -26.449  -63.492  -21.276 0.1000000015
23540  -27.894  -63.557  -20.516 0.1000000015
24815  -29.728  -62.665  -20.031 0.1000000015
15821  -2.891  -68.604  19.921 0.4000000060
16818  -0.998  -68.295  20.141 0.6999999881
16836  -2.645  -67.837  19.691 0.5000000000
14862  0.837  -69.712  19.634 1.0000000000
13897  1.181  -69.985  19.155 1.0000000000
12910  1.761  -71.171  18.878 1.0000000000
11133  2.417  -72.503  18.401 1.0000000000
10229  2.556  -73.376  17.635 1.0000000000
9315  2.684  -74.018  16.458 1.0000000000
9325  2.690  -74.175  15.704 1.0000000000
10258  2.457  -73.589  14.966 0.8999999762
11231  1.948  -72.839  14.376 0.8000000119
9348  2.306  -74.182  13.964 0.8000000119
9359  2.110  -74.089  13.374 0.8000000119
23532  -15.054  -63.330  -19.876 0.1000000015
23558  -10.412  -63.360  -21.167 0.3000000119
18525  -1.111  -66.978  -18.719 0.8999999762
22219  -8.336  -64.456  -22.534 0.4000000060
23578  -9.238  -64.019  -21.462 0.3000000119
23525  -9.594  -64.204  -20.317 0.3000000119
23527  -11.102  -63.293  -20.530 0.2000000030
18499  -2.174  -67.230  -17.694 0.8999999762
22241  -7.447  -64.971  -22.884 0.4000000060
22200  -7.218  -64.695  -22.081 0.4000000060
22216  -6.260  -64.662  -22.489 0.4000000060
23555  -6.435  -64.034  -21.206 0.4000000060
24843  -24.252  -62.793  -20.539 0.1000000015
17448  -6.042  -67.451  -17.756 0.8000000119
19627  -6.565  -66.544  -18.634 0.8000000119
24918  -4.759  -62.592  -23.164 0.4000000060
23576  -5.311  -63.468  -22.180 0.4000000060
24760  -27.251  -62.661  -18.120 0.1000000015
26145  -27.284  -62.169  -17.069 0.1000000015
19642  -5.984  -66.006  -19.654 0.8000000119
26336  -4.728  -61.897  -24.853 0.5000000000
24878  -25.324  -63.139  -20.740 0.1000000015
24810  -25.864  -62.985  -19.453 0.1000000015
26168  -28.349  -62.151  -17.866 0.1000000015
19661  -5.390  -65.943  -20.678 0.8000000119
27645  -3.425  -60.832  -24.272 0.5000000000
29029  -4.750  -60.519  -25.075 0.4000000060
23561  -25.557  -63.307  -21.234 0.1000000015
23505  -26.776  -63.285  -19.907 0.1000000015
24785  -27.680  -62.779  -18.718 0.1000000015
22181  -3.769  -64.067  -21.501 0.6999999881
23539  -27.016  -63.492  -20.561 0.1000000015
24813  -28.054  -63.012  -19.388 0.1000000015
23507  -28.211  -63.324  -19.912 0.1000000015
27620  -2.295  -61.177  -22.452 0.5000000000
26217  -29.780  -62.179  -19.556 0.1000000015
27601  -30.258  -61.876  -19.965 0.1000000015
28950  -30.480  -60.762  -19.844 0.1000000015
16834  -0.951  -67.930  20.006 0.8000000119
17889  -1.912  -67.354  19.533 0.5000000000
18995  -2.598  -66.501  18.751 0.5000000000
15818  0.287  -68.478  19.900 1.0000000000
14896  0.863  -69.461  18.816 1.0000000000
12931  1.839  -71.076  18.351 1.0000000000
13914  0.941  -70.002  18.030 1.0000000000
12076  2.467  -72.271  17.325 1.0000000000
14897  0.442  -69.025  18.388 1.0000000000
12974  1.863  -71.123  17.605 1.0000000000
11193  2.582  -72.757  16.520 1.0000000000
12994  1.355  -70.816  16.505 1.0000000000
12100  2.245  -72.045  16.530 1.0000000000
12119  1.324  -71.525  15.337 0.8999999762
11206  2.522  -72.783  16.000 1.0000000000
11218  2.147  -72.626  15.028 0.8000000119
19640  -0.617  -65.868  -19.702 0.8000000119
22123  -0.945  -64.127  -18.489 1.0000000000
23498  -13.741  -63.385  -19.289 0.2000000030
23473  -15.513  -63.746  -18.495 0.1000000015
19624  -0.864  -66.031  -18.612 0.8000000119
22136  -9.739  -64.238  -19.406 0.2000000030
23494  -10.653  -63.847  -19.704 0.2000000030
23529  -12.757  -63.071  -20.037 0.2000000030
18481  -2.486  -66.756  -17.076 0.8999999762
22150  -9.079  -64.340  -19.705 0.4000000060
18482  -3.327  -67.211  -17.239 0.8999999762
23522  -6.497  -63.575  -20.665 0.4000000060
22166  -7.622  -64.329  -20.692 0.4000000060
18484  -4.761  -66.986  -16.992 0.8999999762
18486  -5.859  -66.635  -17.195 0.8999999762
20823  -5.911  -65.059  -18.791 0.8000000119
24860  -5.703  -62.735  -21.129 0.4000000060
26263  -4.933  -61.955  -22.644 0.4000000060
26315  -4.910  -61.490  -23.966 0.4000000060
22164  -4.726  -64.506  -20.171 0.8000000119
27621  -5.151  -61.025  -22.538 0.4000000060
26193  -28.785  -62.166  -18.353 0.1000000015
26170  -29.122  -61.393  -17.854 0.1000000015
23551  -3.806  -63.553  -21.034 0.8000000119
30362  -4.212  -60.001  -24.376 0.5000000000
27575  -29.868  -61.039  -18.603 0.1000000015
24857  -3.228  -62.680  -21.591 0.6999999881
29001  -2.955  -60.474  -23.478 0.5000000000
24787  -29.064  -62.473  -19.084 0.1000000015
17905  -1.370  -66.910  19.180 0.8000000119
16852  0.016  -67.517  19.419 0.8999999762
20188  -2.952  -65.609  18.134 0.5000000000
19013  -2.361  -66.030  18.351 0.6000000238
20204  -2.790  -65.142  17.681 0.5000000000
15836  0.481  -68.283  19.047 1.0000000000
14916  0.104  -69.152  17.735 1.0000000000
13931  0.211  -69.654  17.146 0.8999999762
23423  -15.168  -63.683  -17.078 0.1000000015
23435  -0.974  -63.193  -18.259 1.0000000000
22113  -1.101  -64.019  -17.066 1.0000000000
23443  -12.553  -63.618  -17.941 0.1000000015
23446  -14.949  -63.734  -17.814 0.1000000015
23467  -10.919  -63.855  -18.931 0.1000000015
23496  -12.207  -63.406  -19.470 0.2000000030
19611  -1.183  -65.969  -17.757 0.8999999762
23465  -9.188  -63.976  -18.646 0.3000000119
23440  -10.485  -63.822  -18.213 0.1000000015
24803  -7.296  -62.916  -19.358 0.3000000119
18461  -3.654  -66.607  -16.629 0.8999999762
18464  -5.440  -66.303  -16.615 0.8000000119
24829  -6.426  -62.791  -20.293 0.4000000060
20806  -6.050  -65.273  -17.263 0.8000000119
22147  -5.076  -64.516  -19.648 0.8000000119
26244  -5.606  -61.984  -21.145 0.4000000060
27612  -5.676  -61.011  -21.173 0.3000000119
24827  -4.148  -63.037  -20.022 0.8000000119
26225  -3.643  -61.919  -20.505 0.6000000238
30341  -5.478  -59.811  -23.081 0.3000000119
31652  -5.257  -58.776  -23.951 0.4000000060
28949  -30.213  -60.371  -19.324 0.1000000015
17922  -0.131  -67.251  18.813 0.8999999762
18993  -0.937  -66.371  18.721 0.8999999762
19012  -1.535  -65.902  18.247 0.8999999762
15852  0.120  -68.171  18.432 0.8999999762
21466  -3.911  -64.418  17.154 0.6999999881
22763  -4.217  -64.061  16.766 0.6999999881
15853  -0.394  -68.037  17.915 0.8999999762
24749  -0.870  -62.350  -18.474 0.8000000119
23421  -13.585  -63.530  -17.216 0.1000000015
23403  -14.562  -63.292  -16.361 0.1000000015
20804  -1.053  -64.921  -17.634 0.8999999762
22104  -1.190  -64.320  -16.307 0.8999999762
23419  -11.836  -63.366  -17.130 0.1000000015
23401  -13.043  -63.230  -16.664 0.1000000015
19600  -1.614  -65.913  -16.772 0.8999999762
20769  -2.218  -65.339  -15.518 0.8999999762
19545  -3.373  -65.376  -15.268 0.8999999762
24733  -9.784  -63.316  -17.590 0.1000000015
24735  -11.078  -62.886  -16.866 0.1000000015
19580  -3.213  -66.111  -16.107 0.8999999762
19582  -4.527  -66.059  -16.058 0.8999999762
20792  -5.768  -65.215  -16.584 0.8000000119
24752  -8.545  -62.950  -18.184 0.3000000119
22124  -5.479  -63.945  -17.763 0.8000000119
26210  -7.345  -62.116  -19.268 0.2000000030
23461  -4.670  -63.111  -18.858 0.8000000119
28961  -6.453  -60.313  -20.317 0.2000000030
26207  -3.899  -61.506  -19.803 0.6999999881
30321  -5.794  -59.470  -21.309 0.3000000119
27598  -3.475  -61.012  -20.373 0.6000000238
30340  -3.726  -59.405  -23.273 0.5000000000
31642  -5.816  -58.772  -23.021 0.3000000119
28983  -2.547  -60.411  -21.941 0.5000000000
32918  -4.633  -58.290  -23.190 0.4000000060
31628  -3.124  -58.936  -21.908 0.5000000000
19011  -0.729  -65.861  17.877 0.8999999762
16869  -0.404  -67.308  17.975 0.8000000119
20203  -2.003  -65.057  17.484 0.8000000119
22761  -3.008  -64.004  16.454 0.8000000119
24144  -4.105  -63.118  15.695 0.8000000119
24170  -4.317  -62.628  15.164 0.8000000119
31502  -0.585  -58.205  -16.304 0.8999999762
30201  -1.210  -58.898  -15.951 0.8999999762
28877  -0.773  -59.607  -17.187 0.8999999762
27515  -1.095  -60.861  -16.963 1.0000000000
27457  -1.396  -60.994  -15.163 1.0000000000
26131  -0.978  -61.836  -17.740 0.8999999762
26111  -1.105  -61.618  -16.705 1.0000000000
26056  -1.236  -62.162  -15.074 1.0000000000
24694  -13.603  -62.563  -15.934 0.1000000015
23388  -15.716  -63.210  -15.869 0.1000000015
23397  -1.078  -63.416  -16.441 1.0000000000
22094  -1.369  -64.389  -15.463 1.0000000000
26116  -11.955  -62.142  -16.177 0.1000000015
24718  -12.512  -62.655  -16.248 0.1000000015
22076  -2.610  -64.565  -14.554 0.8999999762
26136  -10.729  -62.017  -16.797 0.2000000030
23363  -2.651  -63.603  -13.877 1.0000000000
20772  -4.894  -65.252  -15.453 0.8999999762
23415  -5.157  -63.379  -16.907 0.8999999762
26186  -8.191  -62.312  -18.412 0.2000000030
27571  -7.968  -61.178  -18.898 0.2000000030
23436  -4.815  -62.869  -18.184 0.8000000119
26184  -4.234  -61.571  -18.571 0.8000000119
27586  -7.110  -60.980  -19.653 0.2000000030
30309  -7.275  -59.653  -19.803 0.2000000030
28945  -3.616  -60.125  -19.262 0.6000000238
31603  -6.133  -58.660  -20.861 0.2000000030
32888  -5.931  -57.978  -21.479 0.3000000119
30319  -2.669  -59.622  -21.463 0.6000000238
32900  -4.047  -57.949  -21.989 0.4000000060
34189  -5.380  -57.580  -22.571 0.3000000119
19028  -0.638  -65.923  17.173 0.8999999762
20185  -0.921  -65.239  17.595 0.8999999762
16887  -1.064  -67.406  17.225 0.8000000119
21444  -1.838  -64.620  17.042 0.8000000119
22760  -2.224  -63.969  16.218 0.8000000119
24143  -3.171  -63.226  15.518 0.8999999762
25467  -5.083  -62.009  14.603 0.6999999881
26849  -5.967  -61.044  13.587 0.8000000119
22782  -1.958  -63.631  15.734 0.8999999762
25465  -3.852  -62.507  14.645 0.8000000119
29553  -6.831  -59.424  12.271 0.5000000000
30892  -7.435  -58.793  11.964 0.5000000000
32187  -8.262  -57.970  11.412 0.5000000000
30181  -2.020  -59.251  -14.594 1.0000000000
28836  -2.177  -59.752  -14.397 1.0000000000
28852  -1.354  -59.966  -15.642 1.0000000000
27436  -2.502  -61.035  -13.931 1.0000000000
26044  -1.757  -61.605  -14.410 1.0000000000
24696  -15.196  -62.674  -15.660 0.1000000015
26087  -16.688  -62.117  -15.288 0.1000000015
24663  -1.615  -62.795  -14.331 1.0000000000
26082  -13.125  -62.026  -15.812 0.1000000015
27490  -14.891  -61.374  -15.490 0.1000000015
27491  -15.790  -61.277  -15.278 0.1000000015
28861  -15.817  -60.463  -15.312 0.1000000015
23364  -4.001  -63.796  -13.868 0.8999999762
23385  -5.106  -63.789  -15.523 0.8999999762
27538  -10.688  -61.176  -16.934 0.2000000030
24731  -4.662  -62.359  -17.198 0.8000000119
27554  -9.190  -61.540  -17.820 0.2000000030
26158  -4.334  -61.639  -17.788 0.8000000119
28933  -3.904  -60.079  -18.639 0.6999999881
30262  -9.531  -60.227  -18.156 0.2000000030
31565  -3.752  -59.013  -19.054 0.6000000238
32845  -3.334  -58.070  -19.768 0.6000000238
28948  -8.017  -60.100  -19.291 0.2000000030
31586  -8.195  -59.009  -19.653 0.2000000030
31588  -9.979  -58.651  -19.333 0.2000000030
31570  -10.665  -58.742  -18.596 0.2000000030
30290  -3.295  -59.520  -19.643 0.6000000238
34150  -3.374  -57.212  -20.722 0.4000000060
32873  -7.180  -58.727  -20.016 0.2000000030
32849  -8.492  -58.227  -19.824 0.2000000030
32852  -10.896  -58.095  -19.433 0.2000000030
32853  -11.746  -57.552  -19.614 0.2000000030
32886  -2.887  -58.282  -20.707 0.6000000238
34185  -5.789  -57.266  -22.071 0.3000000119
34129  -7.215  -57.652  -19.993 0.2000000030
32874  -9.814  -57.751  -20.220 0.2000000030
34134  -12.941  -57.015  -20.019 0.2000000030
34131  -8.709  -57.376  -19.883 0.2000000030
34154  -9.896  -57.162  -20.500 0.2000000030
34133  -12.211  -57.135  -20.195 0.2000000030
34156  -11.227  -57.230  -20.934 0.2000000030
17943  -1.477  -67.042  16.699 0.8000000119
19029  -0.785  -66.321  17.072 0.8999999762
20201  -0.637  -65.137  17.077 0.8999999762
21462  -0.892  -64.199  16.328 0.8999999762
22780  -0.638  -63.956  15.688 0.8999999762
22808  -1.297  -63.436  15.049 0.8999999762
24168  -2.591  -62.964  14.884 0.8999999762
25492  -3.639  -62.291  14.062 0.8999999762
25494  -5.142  -61.686  13.934 0.6999999881
26872  -5.768  -60.980  12.846 0.6000000238
29552  -6.310  -59.963  12.497 0.6000000238
29562  -6.303  -59.786  11.789 0.6000000238
32171  -6.962  -58.526  11.432 0.5000000000
33468  -7.600  -57.811  11.393 0.5000000000
34791  -8.616  -56.840  10.714 0.5000000000
36137  -10.390  -55.961  9.979 0.5000000000
32738  -0.802  -57.677  -14.910 0.8999999762
30149  -2.551  -59.264  -13.365 1.0000000000
30150  -3.200  -59.834  -13.221 1.0000000000
27428  -6.246  -61.199  -13.194 1.0000000000
26030  -2.843  -61.575  -13.732 1.0000000000
28859  -14.280  -60.761  -15.618 0.2000000030
24655  -4.087  -62.680  -13.694 1.0000000000
27521  -11.838  -61.289  -16.200 0.2000000030
28857  -13.035  -60.913  -15.762 0.2000000030
24673  -5.093  -63.250  -15.021 0.8999999762
26133  -5.011  -61.770  -16.677 0.8999999762
28886  -12.474  -60.492  -16.054 0.2000000030
30204  -14.064  -60.321  -15.758 0.2000000030
28896  -4.921  -60.601  -17.258 0.8000000119
28919  -10.231  -60.192  -17.644 0.2000000030
28903  -11.260  -60.295  -16.795 0.2000000030
30247  -12.582  -59.282  -16.733 0.2000000030
28915  -4.609  -60.184  -17.705 0.6999999881
30264  -10.587  -59.559  -17.810 0.2000000030
31522  -11.829  -59.233  -17.174 0.2000000030
31567  -4.720  -58.505  -18.658 0.6000000238
31568  -9.555  -59.405  -18.816 0.2000000030
31548  -11.571  -58.813  -17.821 0.2000000030
32818  -3.910  -58.177  -19.198 0.6000000238
32822  -11.586  -58.122  -18.717 0.2000000030
34128  -3.903  -57.037  -19.513 0.5000000000
35445  -4.154  -56.027  -20.809 0.4000000060
35465  -5.348  -56.283  -21.622 0.4000000060
34173  -6.432  -56.877  -20.959 0.2000000030
34159  -13.468  -56.743  -20.488 0.2000000030
34160  -14.241  -56.791  -20.312 0.2000000030
36754  -7.638  -56.218  -20.257 0.2000000030
36756  -8.388  -56.137  -20.023 0.2000000030
34177  -12.164  -56.663  -21.399 0.2000000030
35476  -16.173  -56.335  -21.204 0.2000000030
35496  -16.740  -56.066  -21.796 0.2000000030
38215  -6.627  -55.529  -21.151 0.3000000119
36770  -9.704  -55.635  -20.421 0.2000000030
35493  -14.278  -56.034  -22.118 0.2000000030
35495  -15.885  -55.979  -21.900 0.2000000030
36798  -17.349  -55.784  -22.378 0.2000000030
38201  -9.883  -54.908  -20.699 0.3000000119
35470  -11.796  -56.422  -21.980 0.2000000030
35491  -12.865  -56.117  -22.500 0.2000000030
36794  -13.968  -55.813  -22.752 0.2000000030
36811  -15.169  -55.517  -23.399 0.2000000030
36813  -16.982  -55.495  -23.271 0.2000000030
19072  -1.080  -65.852  16.259 0.8000000119
20224  -0.598  -65.331  16.376 0.8999999762
17980  -2.140  -66.715  15.879 0.8000000119
20265  -0.675  -65.094  15.680 0.8000000119
22828  -0.509  -64.104  14.633 0.8999999762
25490  -2.454  -62.582  14.037 0.8999999762
25515  -4.406  -61.909  13.264 0.6999999881
26888  -5.224  -61.371  12.290 0.6999999881
26906  -5.716  -60.759  11.413 0.6000000238
29584  -6.302  -59.736  10.979 0.6000000238
30921  -6.813  -58.669  10.653 0.5000000000
34807  -8.054  -57.092  9.979 0.5000000000
34827  -8.945  -56.435  9.427 0.5000000000
36155  -9.558  -55.932  9.435 0.5000000000
33976  -0.915  -57.128  -12.082 0.8999999762
31407  -1.623  -58.406  -12.273 1.0000000000
31399  -1.857  -58.937  -11.326 1.0000000000
34007  -0.497  -57.407  -13.300 0.8000000119
32685  -1.722  -58.371  -13.288 0.8999999762
31408  -1.937  -58.941  -12.114 1.0000000000
30143  -3.104  -59.979  -12.410 1.0000000000
27393  -3.251  -60.953  -11.038 1.0000000000
28791  -3.707  -60.297  -12.361 1.0000000000
25996  -4.274  -61.511  -11.110 1.0000000000
28799  -3.863  -60.222  -13.161 1.0000000000
27405  -4.577  -60.964  -11.891 1.0000000000
27413  -4.966  -60.489  -12.984 1.0000000000
26021  -6.069  -61.344  -12.301 1.0000000000
26010  -6.910  -62.097  -12.025 1.0000000000
26032  -4.019  -61.872  -13.672 1.0000000000
26035  -5.449  -61.752  -13.815 1.0000000000
26059  -7.305  -61.742  -14.809 1.0000000000
27484  -8.532  -61.053  -15.367 1.0000000000
26078  -6.741  -61.811  -15.455 0.8999999762
28853  -8.037  -60.584  -16.140 1.0000000000
30226  -8.941  -59.855  -15.959 1.0000000000
27535  -6.007  -60.620  -16.836 0.8999999762
28880  -7.270  -60.433  -16.597 0.8999999762
30224  -7.908  -59.744  -16.684 0.8999999762
30240  -5.917  -59.580  -17.359 0.8000000119
30241  -6.702  -59.526  -17.161 0.8999999762
32771  -7.576  -58.141  -17.543 0.8999999762
32795  -14.679  -58.144  -18.147 0.2000000030
31544  -5.857  -58.856  -17.883 0.6999999881
32793  -13.041  -58.100  -18.147 0.2000000030
32825  -14.291  -57.798  -18.684 0.2000000030
32820  -5.147  -57.796  -18.789 0.6999999881
35421  -4.430  -56.468  -19.085 0.5000000000
34111  -13.177  -57.325  -19.356 0.2000000030
34115  -15.783  -57.692  -19.090 0.2000000030
34140  -17.316  -57.329  -19.606 0.2000000030
36762  -3.729  -55.833  -19.882 0.4000000060
39585  -5.681  -54.577  -20.404 0.3000000119
39567  -5.426  -54.135  -19.844 0.3000000119
34136  -14.475  -57.162  -19.728 0.2000000030
35454  -15.590  -56.635  -20.672 0.2000000030
36764  -4.746  -55.278  -20.768 0.4000000060
39587  -6.961  -54.023  -20.410 0.3000000119
39589  -8.701  -54.053  -20.665 0.3000000119
35477  -17.009  -56.370  -21.109 0.2000000030
38198  -7.603  -54.903  -20.592 0.3000000119
36790  -10.967  -55.353  -21.883 0.3000000119
36783  -18.770  -56.158  -21.475 0.2000000030
36799  -18.426  -55.906  -21.981 0.2000000030
36806  -11.586  -55.267  -22.799 0.3000000119
36827  -12.576  -55.185  -23.658 0.3000000119
36829  -13.961  -55.262  -23.901 0.2000000030
36815  -18.784  -55.418  -23.049 0.2000000030
19092  -1.932  -65.750  15.448 0.8000000119
17981  -2.575  -66.720  15.337 0.8999999762
21512  -1.074  -64.799  14.897 0.8000000119
24194  -1.235  -63.036  14.057 0.8999999762
25513  -2.884  -62.176  13.452 0.8999999762
33499  -7.318  -57.781  10.288 0.5000000000
36170  -9.316  -56.081  8.588 0.6000000238
37559  -10.830  -55.314  9.163 0.4000000060
37570  -10.592  -55.200  8.724 0.5000000000
35243  -0.398  -56.933  -10.467 0.8999999762
33958  -1.356  -57.268  -10.553 1.0000000000
32682  0.266  -57.499  -11.722 0.8000000119
32670  -1.619  -58.051  -10.868 1.0000000000
30129  -2.605  -60.222  -10.768 1.0000000000
26009  -6.203  -61.931  -11.707 1.0000000000
24629  -6.580  -62.390  -11.220 1.0000000000
26049  -6.957  -61.755  -14.131 1.0000000000
26037  -7.217  -61.813  -13.393 1.0000000000
26039  -8.594  -61.872  -13.165 1.0000000000
27441  -8.968  -61.528  -14.037 0.8999999762
30202  -9.445  -59.982  -15.372 0.8999999762
32762  -8.605  -58.259  -16.694 1.0000000000
31545  -6.633  -58.562  -17.777 0.6999999881
34087  -7.440  -57.481  -17.839 0.6999999881
34085  -6.133  -57.563  -18.515 0.6999999881
35422  -5.272  -56.511  -18.873 0.6000000238
36726  -5.192  -55.262  -18.486 0.6000000238
36742  -4.193  -55.661  -19.055 0.4000000060
39548  -4.726  -54.035  -19.219 0.5000000000
36785  -20.023  -55.394  -21.684 0.2000000030
39607  -9.847  -53.881  -21.069 0.3000000119
39609  -10.753  -54.094  -21.734 0.3000000119
39629  -11.607  -54.045  -22.625 0.3000000119
39650  -12.713  -53.923  -23.167 0.3000000119
20268  -2.353  -65.394  14.567 0.8999999762
21530  -1.788  -64.623  13.982 0.8999999762
21529  -1.017  -64.409  14.358 0.8000000119
25512  -2.100  -62.384  13.587 0.8999999762
25543  -3.886  -61.853  12.168 0.8000000119
26904  -4.518  -61.603  11.656 0.8000000119
26932  -5.703  -60.547  10.871 0.6999999881
28281  -5.741  -60.179  10.125 0.6000000238
24210  -1.228  -62.870  13.203 0.8999999762
25527  -2.898  -61.930  12.792 1.0000000000
26903  -3.719  -61.638  11.691 0.8999999762
26948  -4.439  -60.978  10.305 0.8999999762
30946  -6.788  -58.637  9.884 0.6000000238
32245  -7.109  -58.024  9.328 0.6000000238
29629  -5.886  -59.292  8.912 0.6999999881
33547  -7.793  -57.334  9.130 0.6000000238
34852  -8.343  -56.962  8.751 0.6000000238
30981  -6.522  -58.425  8.487 0.6999999881
33559  -7.310  -57.717  8.371 0.6999999881
33578  -8.160  -56.982  7.985 0.6000000238
34878  -8.850  -56.449  8.023 0.6000000238
34887  -7.957  -56.937  7.325 0.6000000238
34889  -8.856  -56.285  7.295 0.6000000238
36196  -9.794  -55.586  7.942 0.5000000000
36215  -9.646  -55.557  7.194 0.6000000238
37608  -10.642  -54.748  7.414 0.5000000000
37628  -10.361  -54.713  6.750 0.6000000238
33938  -1.305  -57.447  -9.356 0.8999999762
32663  -1.791  -58.103  -9.986 1.0000000000
33936  -0.325  -57.389  -9.414 0.8000000119
32644  -1.591  -58.219  -8.229 0.8000000119
31385  -2.102  -58.863  -9.486 1.0000000000
30118  -2.660  -60.133  -9.912 1.0000000000
31373  -2.124  -58.756  -8.460 0.8999999762
31374  -2.507  -59.296  -8.235 1.0000000000
27377  -3.417  -61.199  -9.773 1.0000000000
30105  -2.807  -59.968  -9.153 1.0000000000
28753  -3.472  -60.931  -8.975 1.0000000000
25973  -4.195  -61.814  -9.922 1.0000000000
25987  -5.387  -62.190  -10.248 1.0000000000
25974  -4.812  -62.030  -9.653 1.0000000000
26012  -8.228  -62.308  -11.575 1.0000000000
27430  -9.704  -61.095  -13.164 0.8999999762
32739  -8.741  -57.667  -14.433 0.8999999762
31467  -9.579  -58.914  -14.897 0.8999999762
30182  -9.850  -60.241  -14.307 0.8999999762
34042  -8.549  -57.241  -15.233 0.8000000119
32751  -9.237  -58.402  -15.537 1.0000000000
34051  -8.699  -57.454  -16.105 0.8000000119
36672  -7.015  -55.786  -16.247 0.6000000238
36694  -6.716  -55.446  -17.172 0.6999999881
36671  -6.364  -55.253  -16.532 0.6000000238
38142  -5.809  -54.997  -17.826 0.6000000238
39531  -4.518  -54.148  -18.309 0.5000000000
39509  -4.873  -54.123  -16.940 0.5000000000
40993  -5.256  -53.264  -18.868 0.4000000060
42507  -6.767  -52.630  -19.336 0.4000000060
41030  -8.221  -53.214  -20.487 0.3000000119
36772  -20.119  -55.614  -20.678 0.1000000015
42538  -9.479  -52.606  -20.856 0.3000000119
42540  -10.861  -52.757  -21.777 0.3000000119
21557  -1.471  -63.928  13.176 1.0000000000
25525  -1.467  -62.271  12.883 1.0000000000
19094  -3.029  -66.184  14.483 0.8999999762
20283  -2.603  -65.162  13.961 0.8999999762
26884  -2.201  -61.652  12.332 1.0000000000
19107  -3.276  -65.922  13.881 0.8999999762
26949  -4.998  -60.696  10.149 0.6999999881
29607  -5.509  -59.995  9.459 0.6999999881
32262  -6.509  -58.209  8.084 0.8000000119
32284  -6.784  -57.885  7.737 0.6999999881
33618  -7.386  -57.084  6.688 0.8000000119
36230  -8.591  -56.073  6.145 0.6999999881
36253  -9.224  -55.506  6.038 0.6000000238
30065  -0.730  -59.422  -6.705 0.6000000238
32642  -0.714  -58.259  -7.965 0.8000000119
31334  -1.588  -58.699  -6.901 0.8000000119
31352  -1.955  -58.740  -7.580 0.8999999762
30081  -2.328  -59.234  -7.365 1.0000000000
28745  -3.154  -60.200  -7.889 1.0000000000
28734  -3.588  -60.639  -7.350 1.0000000000
27379  -4.281  -61.760  -9.087 1.0000000000
25988  -6.051  -62.364  -9.992 1.0000000000
31441  -9.874  -59.381  -13.664 1.0000000000
35361  -7.710  -56.463  -15.302 0.6000000238
36648  -6.222  -55.434  -15.736 0.6000000238
39473  -4.665  -54.048  -15.833 0.6000000238
42444  -4.741  -52.550  -16.667 0.5000000000
42470  -6.179  -52.520  -18.045 0.5000000000
42490  -7.735  -52.792  -18.621 0.4000000060
40972  -5.085  -52.899  -18.343 0.5000000000
42509  -8.199  -52.220  -19.440 0.3000000119
43965  -9.215  -51.792  -20.045 0.3000000119
42556  -11.899  -52.772  -22.126 0.3000000119
21544  -2.454  -64.492  13.019 0.8999999762
24219  -1.303  -62.852  12.320 0.8999999762
28260  -2.809  -60.994  11.158 0.8999999762
20297  -3.306  -65.132  13.000 0.8999999762
28278  -3.683  -60.746  9.937 0.8999999762
28295  -4.713  -60.184  9.122 0.8000000119
29643  -4.543  -59.709  8.469 0.8000000119
30979  -5.599  -58.856  8.048 0.8000000119
30995  -5.086  -58.792  7.701 0.8999999762
32282  -5.430  -58.240  7.253 0.8000000119
33596  -6.560  -57.478  6.665 0.8000000119
33616  -6.124  -57.141  6.062 0.8000000119
34948  -7.098  -56.719  5.598 0.8000000119
34950  -8.243  -56.114  5.663 0.8000000119
37650  -9.212  -55.334  5.527 0.6999999881
28719  -0.495  -59.806  -5.948 0.5000000000
31294  -0.833  -58.934  -5.879 0.5000000000
31295  -1.169  -58.959  -5.998 0.8000000119
30050  -2.286  -59.545  -6.254 1.0000000000
27365  -4.028  -61.168  -7.768 1.0000000000
25964  -5.655  -62.029  -8.523 1.0000000000
26013  -9.035  -61.867  -11.517 1.0000000000
24631  -7.604  -62.574  -10.822 1.0000000000
28794  -9.815  -60.446  -12.591 1.0000000000
35339  -7.662  -56.610  -14.535 0.8999999762
31423  -9.568  -58.937  -13.198 1.0000000000
36627  -5.997  -55.519  -14.827 0.6000000238
25542  -1.346  -62.194  11.980 1.0000000000
19119  -3.757  -65.832  12.905 0.6999999881
20311  -3.510  -64.991  12.413 0.6999999881
26927  -1.934  -60.838  11.190 1.0000000000
28293  -2.841  -60.339  9.606 1.0000000000
29642  -3.534  -59.634  8.471 1.0000000000
29662  -4.644  -59.242  7.971 0.8999999762
32281  -4.643  -58.301  7.192 0.8999999762
32299  -5.077  -57.711  6.702 0.8000000119
34968  -6.854  -56.244  4.911 0.8000000119
36290  -7.933  -55.692  4.772 0.8000000119
36292  -8.940  -55.221  4.918 0.8000000119
30002  -0.006  -59.198  -4.680 0.6000000238
28631  0.228  -60.180  -4.122 0.4000000060
30021  -1.045  -59.025  -5.545 0.8000000119
30004  -1.466  -59.081  -5.071 0.8000000119
27355  -4.129  -61.176  -6.792 1.0000000000
25952  -5.056  -61.874  -7.953 1.0000000000
27367  -5.105  -61.802  -7.308 1.0000000000
25953  -5.794  -61.942  -7.468 1.0000000000
24613  -7.403  -62.541  -9.712 1.0000000000
24624  -8.258  -62.383  -10.282 1.0000000000
21558  -1.987  -64.053  12.777 0.8999999762
22867  -1.574  -63.359  11.914 0.8999999762
25563  -1.305  -61.884  11.001 0.8999999762
28258  -1.569  -60.565  10.712 0.8999999762
28276  -2.024  -60.244  10.104 1.0000000000
29625  -2.465  -59.839  9.244 1.0000000000
30978  -3.335  -59.206  8.123 1.0000000000
30993  -3.446  -58.877  7.779 1.0000000000
33615  -5.177  -57.028  6.213 0.8000000119
34925  -5.541  -56.648  5.733 0.8000000119
34923  -4.218  -56.153  6.078 0.8999999762
36288  -6.350  -55.729  4.628 0.8000000119
37694  -7.555  -55.143  4.137 0.8999999762
39157  -8.300  -53.946  3.597 0.8999999762
40599  -10.052  -53.073  3.685 0.8999999762
32545  0.051  -57.861  -4.785 0.6999999881
29981  -1.099  -58.350  -3.750 0.8000000119
29982  -1.494  -59.063  -4.209 0.8000000119
28689  -2.403  -59.890  -5.438 1.0000000000
31242  -0.541  -57.956  -3.204 0.8000000119
27343  -3.909  -61.100  -5.840 1.0000000000
27344  -4.503  -61.501  -6.041 1.0000000000
25938  -5.572  -61.864  -6.483 1.0000000000
25965  -6.456  -62.133  -8.349 1.0000000000
25991  -9.061  -61.695  -9.857 1.0000000000
27407  -9.379  -61.147  -11.284 1.0000000000
31419  -9.022  -58.719  -12.184 1.0000000000
34010  -8.123  -57.297  -13.657 0.8999999762
21559  -2.751  -64.332  12.323 0.8999999762
22868  -2.121  -63.496  11.283 0.8999999762
24234  -1.450  -62.882  11.325 0.8999999762
22882  -2.305  -63.356  10.854 0.8999999762
21574  -3.048  -64.222  11.722 0.8000000119
28275  -1.184  -60.228  10.153 1.0000000000
29623  -1.184  -59.460  9.523 1.0000000000
30976  -1.965  -59.027  8.752 1.0000000000
32260  -2.382  -58.510  8.022 1.0000000000
32296  -3.048  -57.740  7.107 1.0000000000
33593  -3.761  -57.038  6.522 1.0000000000
36268  -4.937  -55.624  5.347 0.8999999762
37692  -5.795  -54.987  4.530 0.8999999762
37693  -6.687  -54.943  4.191 0.8999999762
39155  -6.659  -54.061  3.742 0.8999999762
42093  -9.089  -52.875  3.258 0.8999999762
42105  -8.858  -52.384  2.891 0.8999999762
42094  -9.663  -52.613  3.264 0.8999999762
31240  0.691  -58.413  -3.388 0.6999999881
29956  -1.091  -58.361  -2.935 0.8000000119
28632  -1.996  -59.871  -3.761 0.8000000119
28659  -3.151  -60.808  -4.615 1.0000000000
27284  -3.607  -61.121  -4.503 1.0000000000
25924  -6.176  -61.842  -5.852 1.0000000000
25939  -6.429  -61.942  -6.672 1.0000000000
25955  -7.666  -62.105  -7.581 1.0000000000
28785  -9.329  -60.364  -10.963 0.8999999762
25978  -7.720  -62.390  -9.077 1.0000000000
31418  -8.497  -58.245  -12.086 0.8999999762
33978  -7.413  -57.380  -12.252 0.6999999881
32278  -2.142  -57.956  7.711 1.0000000000
33592  -2.877  -57.320  6.933 1.0000000000
34902  -2.451  -56.573  6.681 1.0000000000
34921  -2.760  -56.114  6.271 1.0000000000
37648  -3.462  -55.050  5.601 1.0000000000
37691  -5.073  -54.699  4.602 1.0000000000
39136  -6.098  -54.436  4.097 0.8999999762
40595  -7.011  -53.325  3.300 0.8999999762
40596  -7.837  -53.262  3.287 0.8999999762
42092  -7.721  -52.736  2.987 0.8000000119
44969  -10.429  -50.675  2.115 0.8999999762
48949  -12.786  -48.059  1.042 1.0000000000
48951  -13.771  -48.105  0.847 0.8000000119
48971  -17.483  -48.105  -0.478 0.4000000060
48969  -16.403  -48.604  -0.189 0.4000000060
47689  -16.214  -49.052  -0.486 0.6999999881
47703  -16.538  -49.283  -1.198 0.6999999881
47725  -16.601  -49.461  -2.043 0.6999999881
32505  0.439  -57.406  -2.159 0.8000000119
28633  -2.528  -60.559  -3.418 0.8999999762
27260  -3.462  -61.148  -3.745 1.0000000000
27261  -4.273  -61.475  -3.822 1.0000000000
25853  -5.303  -61.580  -3.936 1.0000000000
25925  -6.960  -61.890  -5.968 1.0000000000
25899  -8.101  -61.633  -5.550 0.8000000119
25941  -8.089  -61.940  -6.870 0.8999999762
25969  -9.159  -61.455  -8.262 0.8000000119
30131  -8.878  -59.611  -10.630 0.8000000119
28761  -9.227  -60.374  -8.499 0.8000000119
30121  -8.790  -59.810  -9.709 0.6999999881
30095  -8.936  -59.880  -8.145 0.6000000238
31401  -8.204  -58.980  -10.709 0.6999999881
33977  -6.951  -57.055  -11.935 0.6000000238
35281  -6.247  -56.111  -12.810 0.6000000238
33940  -8.256  -57.672  -9.409 0.5000000000
28274  -0.610  -60.246  9.751 1.0000000000
30958  -1.178  -59.027  9.131 1.0000000000
32259  -1.799  -58.270  8.242 1.0000000000
33590  -1.561  -56.959  7.148 1.0000000000
39134  -4.830  -54.237  4.225 0.8000000119
39154  -5.859  -53.953  3.737 0.8999999762
40593  -5.503  -53.514  3.301 0.8999999762
40617  -6.556  -52.904  2.986 0.8000000119
43526  -7.718  -51.996  2.236 0.8000000119
44966  -7.873  -51.232  1.541 0.6999999881
46357  -9.391  -50.267  0.962 0.8999999762
44968  -9.760  -50.906  2.033 0.8999999762
46350  -9.378  -50.690  1.544 0.8000000119
47664  -10.748  -49.612  0.965 1.0000000000
46367  -10.540  -49.613  0.486 0.8999999762
29881  0.187  -59.131  -0.716 0.6999999881
47666  -11.654  -48.851  1.184 1.0000000000
47672  -11.920  -48.800  0.539 1.0000000000
47674  -13.179  -48.881  0.216 1.0000000000
47676  -14.428  -48.960  0.163 1.0000000000
47704  -17.248  -48.709  -1.050 0.6000000238
31171  0.642  -57.888  -1.174 0.8000000119
32487  0.245  -57.009  -1.566 0.8999999762
47683  -12.098  -49.174  -0.138 0.8999999762
46379  -13.086  -49.677  -0.765 1.0000000000
46406  -14.219  -49.981  -1.418 0.6999999881
46444  -15.372  -49.969  -2.093 0.6999999881
47751  -16.329  -49.517  -2.786 0.6000000238
48997  -17.549  -48.743  -1.914 0.6000000238
29934  -1.185  -58.737  -2.300 0.8999999762
28578  -2.735  -60.310  -2.014 0.8999999762
46443  -14.645  -50.035  -2.118 0.8000000119
46474  -14.388  -50.101  -2.826 0.8000000119
46498  -15.422  -49.869  -3.262 0.6999999881
27235  -3.798  -61.180  -3.030 1.0000000000
25868  -5.745  -61.635  -4.360 1.0000000000
25870  -7.009  -61.589  -4.712 0.8999999762
27288  -7.568  -61.193  -4.445 0.8999999762
25928  -8.938  -61.341  -6.469 0.8000000119
27358  -9.226  -60.586  -6.827 0.6999999881
30052  -8.927  -59.778  -6.490 0.6000000238
31376  -8.240  -58.818  -8.016 0.6000000238
31354  -8.382  -58.775  -7.313 0.6000000238
32646  -8.494  -58.160  -8.328 0.5000000000
33953  -9.287  -57.231  -9.941 0.5000000000
32657  -9.437  -57.713  -8.919 0.5000000000
33964  -10.126  -56.709  -10.688 0.5000000000
24268  -1.516  -62.429  10.057 0.8000000119
25574  -1.296  -61.995  9.943 0.8999999762
39107  -3.422  -54.248  4.902 0.8000000119
40570  -4.159  -53.880  3.818 0.8000000119
42102  -6.199  -52.537  2.484 0.8000000119
43546  -7.431  -51.566  1.670 0.6999999881
44975  -8.180  -50.864  1.002 0.6999999881
42100  -4.961  -52.918  2.249 0.6000000238
44974  -7.288  -51.250  1.038 0.6000000238
44988  -8.259  -50.608  0.236 0.6000000238
46366  -9.812  -49.871  0.164 0.6000000238
46374  -9.251  -50.229  -0.558 0.6000000238
46376  -10.739  -49.704  -0.324 0.8999999762
32465  0.143  -57.412  -0.882 0.8999999762
46400  -9.776  -50.352  -0.994 0.5000000000
46438  -11.100  -50.360  -1.688 0.6000000238
46441  -13.095  -50.121  -1.933 0.6999999881
32466  -0.662  -57.561  -0.883 0.8999999762
31200  -1.011  -58.336  -1.718 0.8999999762
28605  -2.065  -60.135  -2.694 0.8999999762
46470  -11.518  -50.375  -2.136 0.6000000238
46472  -12.753  -50.335  -2.225 0.6999999881
46495  -13.816  -50.427  -3.241 0.6999999881
46515  -14.593  -50.128  -3.988 0.6000000238
31173  -1.060  -58.070  -1.165 0.8999999762
29910  -1.299  -58.998  -1.671 0.8999999762
28579  -3.664  -60.155  -1.877 1.0000000000
27236  -4.593  -61.178  -2.937 1.0000000000
27263  -5.802  -61.365  -3.565 0.8999999762
45080  -13.504  -51.070  -2.199 0.6999999881
45106  -14.730  -50.842  -3.142 0.6999999881
27214  -5.232  -60.554  -2.542 1.0000000000
28635  -7.523  -60.509  -3.856 0.8999999762
45083  -15.983  -50.974  -2.339 0.6000000238
27317  -8.549  -61.118  -5.412 0.8000000119
28691  -8.849  -60.430  -5.435 0.6999999881
43661  -19.508  -51.344  -1.266 0.4000000060
30051  -8.497  -59.405  -6.066 0.6999999881
31297  -8.003  -58.901  -5.662 0.6999999881
32564  -7.977  -58.161  -5.945 0.6999999881
31316  -8.264  -58.756  -6.320 0.6999999881
32596  -8.602  -58.246  -7.030 0.5000000000
33872  -9.043  -57.503  -6.493 0.6000000238
33912  -9.748  -57.562  -7.761 0.5000000000
35212  -9.390  -56.608  -6.546 0.6999999881
33914  -10.670  -56.834  -8.341 0.5000000000
40549  -2.420  -53.654  4.486 0.6999999881
40615  -5.074  -53.164  2.760 0.8000000119
33755  0.252  -57.023  0.089 0.8000000119
33756  0.030  -56.936  -0.433 0.8999999762
29882  -2.296  -58.765  -1.004 0.8999999762
29912  -2.785  -59.085  -1.275 1.0000000000
32490  -3.214  -57.827  -1.433 0.8999999762
29913  -3.498  -59.279  -1.721 1.0000000000
29937  -4.891  -59.476  -2.212 1.0000000000
28580  -4.511  -60.145  -2.119 1.0000000000
28609  -6.469  -60.395  -3.031 0.8999999762
28660  -7.999  -60.497  -4.384 0.8000000119
46450  -20.613  -50.039  -1.975 0.4000000060
32536  -6.570  -58.713  -3.810 0.8000000119
30024  -7.903  -59.478  -4.647 0.6999999881
45087  -20.284  -50.661  -1.702 0.4000000060
46452  -21.866  -50.299  -2.294 0.4000000060
32549  -6.659  -58.327  -4.521 0.6999999881
33841  -5.778  -57.495  -4.610 0.6999999881
32563  -7.348  -58.271  -5.299 0.6999999881
33856  -6.289  -57.505  -5.091 0.6999999881
33858  -7.645  -57.490  -5.654 0.6999999881
35175  -6.002  -56.685  -5.361 0.6999999881
35176  -6.687  -56.824  -5.433 0.6999999881
37944  -9.558  -55.315  -7.102 0.6999999881
35221  -10.230  -56.422  -7.529 0.6999999881
35232  -11.070  -56.400  -8.729 0.5000000000
35249  -11.849  -56.036  -9.964 0.5000000000
35274  -12.523  -56.058  -11.303 0.5000000000
35051  0.181  -56.471  0.541 0.8000000119
35066  -0.053  -56.431  -0.095 0.8000000119
33777  -1.637  -57.028  -0.744 0.8999999762
32489  -2.699  -57.738  -1.084 0.8999999762
33791  -2.024  -56.794  -0.935 0.8999999762
33804  -2.845  -56.889  -1.591 1.0000000000
32507  -3.733  -57.910  -1.882 0.8999999762
32509  -4.898  -58.399  -2.480 0.8999999762
33818  -4.256  -57.004  -2.845 0.8000000119
32508  -4.457  -57.953  -2.378 0.8999999762
32521  -5.791  -58.552  -3.117 0.8000000119
47757  -21.185  -49.112  -2.419 0.6000000238
32520  -5.241  -58.087  -3.016 0.8999999762
32534  -5.547  -57.706  -3.844 0.6999999881
49052  -23.162  -48.347  -3.009 0.6999999881
47759  -22.666  -49.136  -2.761 0.5000000000
35153  -4.442  -56.334  -3.982 0.8000000119
33828  -5.133  -57.394  -3.574 0.8000000119
49053  -23.785  -48.568  -3.503 0.5000000000
33854  -5.259  -56.727  -4.845 0.8000000119
47824  -23.543  -49.244  -6.216 0.3000000119
47801  -23.874  -49.297  -4.750 0.4000000060
35172  -4.491  -56.110  -4.470 0.8000000119
35174  -5.359  -56.446  -5.277 0.8000000119
37929  -7.763  -55.212  -6.355 0.6000000238
49105  -23.782  -48.587  -6.000 0.3000000119
36505  -4.526  -55.464  -5.623 0.6000000238
35196  -6.318  -56.089  -5.714 0.6999999881
37927  -6.478  -55.030  -6.312 0.6999999881
39357  -9.059  -54.733  -7.198 0.6000000238
37952  -9.862  -55.034  -7.467 0.6000000238
40826  -11.598  -53.887  -8.906 0.6000000238
36536  -10.835  -55.677  -8.123 0.6000000238
37973  -12.135  -54.782  -9.298 0.5000000000
36556  -12.519  -55.364  -10.209 0.5000000000
36380  0.012  -55.513  0.665 0.8999999762
36413  -0.840  -55.915  -0.587 0.8999999762
36414  -1.486  -55.737  -0.920 0.8999999762
35109  -2.448  -56.095  -1.667 0.8999999762
35110  -2.865  -56.395  -2.036 0.8000000119
36434  -2.449  -55.623  -2.271 0.8000000119
35126  -3.591  -56.382  -2.792 0.8000000119
51524  -22.720  -46.799  -2.902 0.8999999762
50255  -22.123  -47.601  -2.801 0.8000000119
37870  -2.047  -54.812  -2.903 0.8000000119
35139  -3.784  -56.211  -3.179 0.8000000119
51525  -23.329  -46.194  -3.003 0.8000000119
50256  -22.815  -47.656  -2.914 0.6000000238
36481  -4.053  -55.771  -4.218 0.8000000119
51596  -24.634  -46.342  -5.103 0.5000000000
51580  -24.394  -46.800  -4.305 0.6000000238
37901  -2.984  -54.873  -4.357 0.8000000119
50418  -22.964  -47.810  -8.312 0.2000000030
51659  -24.080  -46.647  -7.178 0.3000000119
50352  -24.105  -47.870  -5.670 0.4000000060
49092  -24.046  -48.595  -5.180 0.4000000060
36494  -3.718  -55.373  -4.658 0.6999999881
37923  -3.821  -54.702  -5.956 0.6000000238
37937  -4.613  -54.600  -6.711 0.6000000238
39355  -7.962  -54.324  -6.967 0.6000000238
49130  -22.471  -48.745  -8.176 0.2000000030
49118  -23.508  -48.698  -6.876 0.2000000030
37925  -5.113  -55.082  -6.325 0.6000000238
37939  -6.057  -54.519  -6.686 0.6000000238
37940  -6.806  -54.588  -6.694 0.6000000238
40811  -8.821  -53.475  -7.666 0.6000000238
37805  -0.253  -54.847  -0.059 0.8999999762
36391  -0.347  -55.828  -0.386 0.8999999762
39241  -0.356  -54.004  -0.887 0.8999999762
37832  -0.562  -54.945  -0.858 1.0000000000
37848  -0.709  -54.510  -1.867 0.8000000119
37859  -1.225  -54.603  -2.382 0.8000000119
54298  -22.301  -45.221  -2.667 1.0000000000
55648  -22.659  -44.454  -2.711 0.8000000119
37884  -2.358  -54.492  -3.879 0.8000000119
36464  -3.157  -55.342  -3.786 0.8000000119
54310  -23.979  -44.941  -3.428 0.8999999762
39321  -2.160  -53.756  -4.595 0.8000000119
51612  -24.485  -46.472  -5.925 0.5000000000
54348  -24.598  -45.014  -4.524 0.6000000238
39322  -2.728  -54.288  -4.787 0.8000000119
40772  -2.386  -52.972  -5.421 0.6999999881
51690  -22.693  -46.960  -8.849 0.3000000119
53051  -24.088  -45.998  -7.863 0.5000000000
53002  -24.540  -45.832  -6.521 0.5000000000
54374  -24.673  -44.906  -6.233 0.5000000000
39332  -2.949  -53.967  -5.540 0.6999999881
40783  -3.354  -53.510  -6.465 0.6999999881
40794  -4.309  -53.653  -7.176 0.6999999881
39363  -4.881  -53.603  -7.284 0.6999999881
53050  -23.738  -46.168  -8.215 0.4000000060
57173  -24.456  -43.545  -5.996 0.6999999881
39365  -5.897  -53.512  -7.231 0.6999999881
40809  -7.098  -53.249  -7.461 0.6000000238
42311  -8.552  -52.844  -7.902 0.6000000238
51727  -19.854  -46.853  -9.158 0.3000000119
53091  -21.933  -46.121  -9.189 0.3000000119
53048  -22.470  -46.419  -9.119 0.4000000060
54405  -23.699  -45.245  -8.790 0.5000000000
40661  -1.533  -53.352  0.421 0.8000000119
40681  -0.299  -53.370  -0.598 0.8999999762
40697  -0.283  -53.175  -1.207 0.8999999762
39280  -0.532  -53.848  -2.492 0.8000000119
39281  -0.810  -54.313  -2.657 0.8000000119
60061  -22.190  -42.107  -2.536 0.8999999762
39293  -0.885  -53.371  -3.129 0.8000000119
58636  -23.332  -42.994  -3.263 0.8999999762
39320  -1.824  -53.193  -4.197 0.6999999881
57160  -24.182  -43.363  -4.851 0.5000000000
40760  -1.977  -52.859  -4.606 0.6999999881
42289  -2.425  -52.214  -5.675 0.8000000119
40792  -3.375  -52.737  -6.710 0.6999999881
40793  -3.759  -53.232  -6.972 0.6999999881
40805  -4.230  -52.881  -7.294 0.6999999881
40807  -5.507  -53.084  -7.410 0.6999999881
43779  -7.353  -51.546  -7.950 0.6999999881
42323  -8.456  -52.154  -8.129 0.6000000238
53088  -19.396  -46.069  -9.150 0.4000000060
54432  -21.469  -45.299  -9.354 0.5000000000
54433  -22.495  -45.304  -9.290 0.6000000238
45204  -8.446  -50.999  -8.619 0.6000000238
54429  -18.931  -45.292  -9.147 0.4000000060
55780  -20.067  -44.597  -9.480 0.5000000000
42159  -1.723  -52.626  0.360 0.6999999881
44984  -1.618  -51.366  0.231 0.6999999881
43584  -0.603  -51.801  -0.144 0.8999999762
42185  -0.337  -52.524  -0.710 0.8000000119
40717  -0.331  -52.892  -2.021 0.8000000119
43611  -0.396  -51.746  -0.834 0.8000000119
42220  -0.377  -51.921  -1.942 0.8000000119
40735  -0.561  -52.950  -2.800 0.8000000119
45034  -0.560  -50.496  -1.436 0.8000000119
42236  -0.526  -52.143  -2.659 0.8000000119
43709  -0.949  -51.407  -3.217 0.8000000119
43724  -1.688  -51.564  -3.952 0.8000000119
43732  -1.999  -51.587  -4.701 0.8000000119
43744  -2.579  -51.596  -5.946 0.8000000119
45173  -3.311  -51.198  -7.045 0.8000000119
45185  -4.648  -51.413  -7.496 0.8000000119
43766  -5.542  -51.895  -7.532 0.6999999881
45199  -4.698  -50.783  -7.767 0.8000000119
45187  -5.744  -51.295  -7.674 0.6999999881
43778  -6.770  -51.168  -7.849 0.6000000238
55781  -20.920  -44.533  -9.510 0.5000000000
55782  -21.833  -44.420  -9.521 0.5000000000
45228  -7.443  -50.372  -8.681 0.6000000238
46642  -8.600  -49.635  -10.501 0.4000000060
54428  -18.123  -45.277  -9.112 0.3000000119
55779  -19.254  -44.564  -9.303 0.3000000119
57250  -21.210  -43.736  -9.803 0.6999999881
57251  -22.132  -43.399  -9.692 0.6999999881
58738  -22.591  -42.556  -9.588 0.6999999881
44983  -1.126  -51.048  0.160 0.8000000119
46363  -1.522  -50.417  -0.207 0.8999999762
46362  -0.877  -50.289  -0.152 0.8000000119
45074  -0.728  -50.598  -2.319 0.8999999762
45098  -0.950  -50.755  -2.904 0.6999999881
47768  -1.362  -49.988  -2.890 0.8999999762
46512  -1.925  -50.293  -3.995 0.8000000119
49067  -2.206  -49.177  -3.757 0.8999999762
46524  -2.227  -50.307  -4.740 0.8999999762
46534  -2.377  -50.513  -5.282 0.8000000119
47805  -2.594  -49.451  -5.230 0.8999999762
46545  -2.902  -50.241  -6.449 0.8000000119
47844  -3.329  -49.765  -7.097 0.8000000119
45182  -3.327  -50.614  -7.106 0.8000000119
46576  -3.824  -49.945  -7.683 0.8000000119
46579  -5.699  -50.165  -8.261 0.6000000238
45202  -6.994  -50.713  -8.251 0.6000000238
47895  -5.896  -49.299  -9.335 0.5000000000
46614  -7.332  -49.856  -9.316 0.5000000000
46615  -8.258  -50.105  -9.672 0.5000000000
58737  -18.620  -43.284  -9.887 0.4000000060
57278  -19.791  -43.332  -10.011 0.4000000060
57279  -20.600  -43.178  -10.114 0.8000000119
57280  -21.391  -42.913  -10.017 0.6999999881
58763  -22.194  -41.987  -9.813 0.8000000119
47922  -7.178  -49.220  -10.508 0.4000000060
47937  -8.142  -49.232  -11.251 0.3000000119
58782  -19.539  -42.202  -10.841 0.8000000119
58783  -20.172  -42.072  -10.622 0.8000000119
58761  -20.800  -42.321  -10.329 0.8999999762
60184  -21.199  -41.562  -10.197 0.8000000119
60185  -21.820  -41.493  -9.953 0.8000000119
47951  -7.472  -49.134  -11.886 0.4000000060
47936  -7.304  -49.123  -11.153 0.4000000060
226736  -1.267  -49.759  -0.624 0.8999999762
46394  -0.804  -49.903  -1.483 0.8000000119
47698  -1.219  -49.557  -1.353 0.8999999762
47720  -1.328  -49.529  -1.993 0.8999999762
49042  -2.252  -48.793  -3.203 0.8000000119
50296  -3.058  -48.179  -3.907 0.8000000119
49097  -2.960  -48.691  -5.871 0.8999999762
50340  -3.580  -48.061  -5.668 0.8000000119
49113  -3.351  -48.702  -6.872 0.8000000119
50362  -3.765  -47.880  -6.521 0.6999999881
49126  -3.719  -48.623  -7.853 0.8000000119
47863  -4.470  -49.420  -8.474 0.6000000238
49194  -4.540  -48.486  -10.007 0.4000000060
49176  -4.986  -48.996  -9.594 0.4000000060
47934  -5.965  -48.831  -10.696 0.4000000060
47921  -6.549  -49.072  -10.273 0.4000000060
60209  -18.353  -41.862  -11.260 0.8000000119
58781  -18.867  -42.249  -10.997 0.8000000119
61581  -20.336  -40.850  -10.710 0.6000000238
60212  -20.553  -41.542  -10.498 0.8999999762
61555  -21.533  -40.916  -10.014 0.6999999881
47960  -5.484  -48.704  -11.797 0.3000000119
47962  -6.802  -49.051  -12.530 0.3000000119
47973  -7.094  -48.830  -13.491 0.3000000119
47963  -7.701  -49.116  -12.687 0.3000000119
61578  -16.999  -41.652  -11.143 0.6999999881
61603  -18.034  -40.753  -11.680 0.6999999881
49237  -6.406  -48.400  -13.629 0.2000000030
47986  -7.801  -48.655  -13.991 0.2000000030
50320  -4.977  -47.765  -5.193 0.8000000119
50363  -4.601  -47.545  -6.841 0.6999999881
66750  -20.796  -38.048  -10.254 0.8000000119
50385  -5.946  -47.375  -7.312 0.6999999881
51647  -4.540  -47.199  -7.820 0.8000000119
51677  -4.363  -47.117  -8.416 0.4000000060
64233  -19.407  -39.296  -11.310 0.6000000238
64213  -19.977  -39.375  -10.925 0.6000000238
65510  -20.396  -38.716  -10.623 0.8000000119
51763  -4.934  -47.062  -10.715 0.3000000119
49221  -5.296  -48.454  -11.473 0.3000000119
62959  -18.355  -39.969  -11.721 0.6000000238
61605  -19.213  -40.452  -11.361 0.6000000238
62961  -19.557  -39.996  -11.171 0.6000000238
62938  -20.754  -40.203  -10.463 0.6999999881
62919  -21.320  -40.272  -10.092 0.8000000119
62920  -21.862  -40.318  -9.765 0.8000000119
50499  -5.407  -47.954  -12.399 0.3000000119
50531  -6.640  -47.645  -13.783 0.3000000119
61576  -15.799  -41.395  -11.184 0.6000000238
61602  -17.182  -41.110  -11.540 0.6999999881
50533  -7.977  -47.342  -13.928 0.2000000030
50534  -8.649  -47.432  -13.580 0.2000000030
61601  -16.275  -40.976  -11.648 0.6000000238
50322  -6.377  -47.492  -5.533 0.8000000119
50386  -6.542  -47.338  -7.321 0.6000000238
51649  -6.156  -47.000  -7.773 0.5000000000
51681  -7.246  -46.741  -8.320 0.6000000238
53041  -6.075  -46.386  -8.611 0.5000000000
53071  -4.524  -46.752  -9.495 0.4000000060
65509  -19.787  -38.634  -11.001 0.6999999881
53074  -6.385  -46.048  -9.042 0.4000000060
54417  -5.963  -45.534  -10.116 0.4000000060
53109  -5.017  -46.421  -10.112 0.4000000060
50481  -4.997  -47.768  -11.186 0.3000000119
64232  -18.773  -39.244  -11.598 0.6000000238
65529  -19.215  -38.569  -11.392 0.6000000238
66756  -19.552  -37.882  -11.042 0.6999999881
69369  -19.879  -36.356  -10.820 0.6999999881
54418  -6.355  -45.529  -9.680 0.3000000119
54481  -6.594  -45.218  -11.063 0.3000000119
53144  -6.286  -46.301  -11.541 0.3000000119
50500  -5.856  -47.591  -12.579 0.3000000119
61599  -14.725  -40.694  -11.647 0.6000000238
61575  -15.007  -41.258  -11.207 0.6999999881
64230  -17.593  -39.481  -11.998 0.6000000238
66771  -18.562  -37.774  -11.666 0.6000000238
65528  -18.625  -38.492  -11.687 0.6000000238
68021  -19.284  -37.056  -11.215 0.6000000238
53172  -7.549  -45.886  -12.979 0.3000000119
53186  -7.774  -45.915  -13.467 0.3000000119
51819  -7.706  -46.510  -13.843 0.3000000119
64254  -15.254  -39.402  -12.572 0.5000000000
62978  -16.406  -39.809  -12.323 0.6000000238
64257  -17.440  -39.110  -12.159 0.6000000238
65527  -18.078  -38.299  -11.942 0.6000000238
68035  -18.609  -36.971  -11.584 0.6000000238
68036  -18.864  -37.423  -11.471 0.6999999881
54533  -8.881  -45.252  -13.488 0.3000000119
51820  -8.380  -46.812  -13.604 0.2000000030
65550  -15.705  -38.759  -12.893 0.4000000060
64255  -16.072  -39.259  -12.616 0.5000000000
64256  -16.788  -39.146  -12.455 0.6000000238
66792  -17.670  -37.780  -12.215 0.6000000238
55870  -10.286  -44.162  -12.850 0.3000000119
54522  -9.889  -44.846  -12.863 0.3000000119
50366  -6.891  -47.449  -6.779 0.8000000119
51606  -8.405  -46.392  -5.884 0.6999999881
52996  -8.792  -46.277  -6.223 0.6999999881
53015  -9.362  -46.324  -7.086 0.6999999881
53042  -9.902  -46.500  -8.007 0.6000000238
53044  -11.346  -45.692  -8.261 0.6000000238
54420  -11.601  -45.262  -9.189 0.6000000238
57274  -11.588  -43.441  -9.982 0.5000000000
51714  -6.983  -46.398  -8.821 0.5000000000
54419  -6.760  -45.690  -9.471 0.5000000000
54456  -7.081  -45.244  -9.827 0.4000000060
55825  -6.979  -44.698  -10.801 0.3000000119
54492  -7.458  -45.018  -12.064 0.3000000119
70727  -18.811  -35.316  -11.553 0.6000000238
69368  -19.344  -36.174  -11.206 0.6000000238
54505  -7.579  -45.420  -12.494 0.3000000119
54520  -8.158  -45.184  -13.290 0.3000000119
64253  -14.578  -39.186  -12.446 0.4000000060
65549  -14.903  -38.577  -12.838 0.4000000060
69384  -17.852  -36.104  -12.192 0.6000000238
69385  -18.308  -36.327  -11.799 0.6000000238
68020  -19.014  -36.568  -11.389 0.6000000238
55869  -9.472  -44.394  -13.294 0.3000000119
57332  -10.004  -43.405  -13.366 0.3000000119
65551  -16.467  -38.434  -12.864 0.5000000000
68055  -17.457  -36.944  -12.429 0.6000000238
55871  -10.827  -43.911  -12.642 0.3000000119
68079  -16.543  -36.570  -13.115 0.6000000238
68054  -16.842  -36.922  -12.939 0.6000000238
50365  -6.256  -47.546  -6.766 0.6999999881
51624  -7.905  -47.086  -7.011 0.8000000119
51652  -8.352  -46.895  -7.575 0.6999999881
51653  -9.173  -46.624  -7.481 0.6999999881
51651  -7.575  -47.038  -7.656 0.6000000238
51684  -9.459  -46.648  -8.254 0.5000000000
53116  -11.148  -45.601  -9.571 0.6000000238
51715  -7.611  -46.455  -8.873 0.5000000000
53076  -7.969  -46.067  -9.380 0.5000000000
55809  -11.558  -44.408  -9.881 0.5000000000
58751  -11.084  -42.860  -10.095 0.5000000000
53111  -7.685  -45.583  -9.702 0.5000000000
55808  -10.505  -44.440  -10.276 0.5000000000
60175  -11.219  -42.174  -10.122 0.4000000060
54457  -7.882  -45.009  -9.976 0.4000000060
57297  -7.972  -43.726  -10.995 0.5000000000
57315  -7.751  -44.152  -11.934 0.3000000119
57309  -8.148  -43.375  -11.392 0.4000000060
57316  -8.140  -43.661  -12.179 0.2000000030
55850  -8.243  -44.067  -12.741 0.3000000119
65526  -13.728  -39.061  -11.996 0.4000000060
70742  -17.980  -35.332  -12.211 0.5000000000
60248  -9.488  -41.718  -13.479 0.2000000030
60269  -9.695  -42.327  -13.744 0.2000000030
57346  -9.698  -43.281  -13.693 0.3000000119
68077  -15.193  -37.009  -13.256 0.5000000000
66816  -15.469  -37.697  -13.186 0.5000000000
66817  -16.047  -37.918  -13.133 0.6000000238
69403  -17.268  -36.165  -12.631 0.5000000000
62989  -9.757  -40.259  -12.879 0.1000000015
62990  -10.449  -40.236  -13.187 0.2000000030
60270  -10.014  -42.425  -13.666 0.3000000119
73496  -18.046  -34.054  -12.216 0.3000000119
65575  -11.336  -38.836  -12.741 0.2000000030
70757  -17.129  -35.450  -12.902 0.5000000000
51682  -7.975  -46.783  -8.285 0.6999999881
51683  -8.730  -46.737  -8.250 0.6000000238
51717  -9.063  -46.573  -8.912 0.5000000000
51716  -8.333  -46.530  -8.901 0.5000000000
54460  -10.281  -45.164  -10.153 0.4000000060
53077  -8.692  -46.187  -9.486 0.5000000000
54458  -8.730  -44.864  -10.214 0.5000000000
55807  -9.999  -44.725  -10.349 0.5000000000
53112  -8.324  -45.599  -9.861 0.5000000000
54482  -9.057  -44.392  -10.385 0.5000000000
58778  -10.165  -42.573  -10.274 0.4000000060
61571  -11.671  -40.952  -10.507 0.4000000060
57270  -8.398  -43.946  -10.510 0.4000000060
57298  -8.455  -43.484  -10.767 0.5000000000
66769  -12.907  -37.871  -11.633 0.5000000000
58790  -8.510  -42.822  -11.162 0.3000000119
58798  -8.354  -42.871  -11.838 0.2000000030
66787  -13.368  -37.824  -12.157 0.5000000000
68052  -13.547  -37.173  -12.366 0.6000000238
69430  -14.038  -36.350  -12.945 0.6000000238
70785  -15.137  -35.414  -13.577 0.5000000000
60235  -8.576  -42.314  -11.541 0.3000000119
60236  -8.703  -41.704  -11.910 0.3000000119
68076  -14.464  -36.987  -13.093 0.5000000000
69432  -15.597  -36.243  -13.409 0.5000000000
72136  -15.690  -34.915  -13.698 0.5000000000
73513  -16.749  -34.091  -13.404 0.5000000000
64275  -10.199  -39.639  -12.890 0.3000000119
69433  -16.299  -36.163  -13.270 0.6000000238
70787  -16.599  -35.450  -13.245 0.5000000000
72138  -16.949  -34.738  -13.176 0.5000000000
65544  -10.841  -38.576  -12.618 0.3000000119
65546  -11.835  -37.872  -12.751 0.3000000119
70807  -12.570  -35.490  -13.648 0.3000000119
65576  -12.169  -38.479  -12.800 0.1000000015
58777  -9.363  -42.665  -10.568 0.4000000060
61569  -10.110  -40.990  -10.749 0.5000000000
58791  -8.886  -42.556  -10.936 0.4000000060
61568  -9.475  -41.279  -10.951 0.4000000060
64208  -10.290  -39.547  -11.108 0.5000000000
68033  -12.586  -37.185  -11.544 0.5000000000
69429  -13.647  -36.590  -12.543 0.5000000000
61596  -9.169  -41.036  -11.541 0.4000000060
64224  -9.506  -40.039  -11.795 0.5000000000
66753  -10.572  -38.284  -11.351 0.4000000060
68019  -11.322  -37.634  -11.393 0.4000000060
70755  -12.850  -35.821  -11.903 0.4000000060
70808  -14.382  -34.836  -13.340 0.5000000000
61617  -9.028  -41.082  -12.332 0.3000000119
65522  -10.122  -38.696  -11.701 0.4000000060
68031  -11.124  -37.256  -11.715 0.4000000060
72111  -12.191  -34.902  -12.200 0.3000000119
73511  -13.838  -33.940  -13.011 0.5000000000
68048  -10.903  -37.481  -12.135 0.4000000060
68049  -11.242  -36.905  -12.391 0.3000000119
74860  -12.284  -33.572  -12.865 0.3000000119
26147  -28.725  -61.398  -17.230 0.1000000015
28921  -29.737  -60.030  -18.128 0.1000000015
1973  -15.432  -82.348  -14.277 0.6999999881
798  -16.740  -83.071  -15.549 0.6999999881
812  -16.964  -82.955  -16.875 0.5000000000
1154  -16.675  -82.929  -17.754 0.4000000060
3013  -3.232  -81.261  -13.886 0.3000000119
1539  -17.988  -81.897  -16.192 0.6999999881
3075  -18.301  -80.873  -16.418 0.4000000060
2549  -17.784  -81.509  -17.892 0.3000000119
3701  -18.407  -80.377  -17.855 0.4000000060
2455  -19.115  -81.406  -13.088 0.6999999881
5751  -19.432  -78.240  -15.659 0.6000000238
3510  -1.226  -80.706  -9.786 0.2000000030
44  -9.878  -85.990  -9.081 0.6999999881
4288  -19.663  -79.380  -14.249 0.5000000000
1483  -18.764  -82.764  -13.764 0.6999999881
1873  -20.470  -82.264  -11.373 0.6999999881
2372  0.593  -82.227  -9.881 0.5000000000
424  -1.141  -84.493  -8.894 0.6999999881
1602  -7.751  -83.509  -21.393 0.6000000238
3173  -9.278  -81.242  -22.938 0.6999999881
346  -3.530  -85.289  -4.257 0.6999999881
3780  -9.785  -80.129  -22.933 0.5000000000
9186  -21.013  -75.074  -24.565 0.6000000238
1298  -2.679  -83.752  -3.157 0.8999999762
9187  -21.660  -75.213  -24.455 0.6999999881
9199  -20.513  -74.975  -25.225 0.5000000000
9228  -20.669  -74.619  -26.494 0.6000000238
933  -5.979  -84.467  -3.711 0.8999999762
5153  -10.364  -79.089  -22.971 0.6999999881
9229  -21.646  -74.591  -26.366 1.0000000000
9242  -21.793  -74.375  -27.032 0.8999999762
1362  -4.710  -83.157  -7.855 0.8999999762
1355  -4.780  -83.356  -7.300 0.8000000119
1784  -5.264  -82.930  -5.211 0.8000000119
2831  -6.257  -81.208  -2.704 0.8000000119
1310  -5.565  -83.352  -4.350 0.8999999762
6762  -12.167  -77.121  -28.161 0.1000000015
2818  -6.467  -81.236  -2.198 0.8000000119
5866  -10.627  -77.928  -21.419 0.8000000119
11020  -15.488  -74.066  -29.406 0.5000000000
7465  -11.411  -76.241  -19.979 0.8999999762
4740  -4.373  -78.613  1.756 0.8999999762
7506  -11.681  -75.862  -22.203 0.8000000119
3296  -5.719  -80.193  4.161 0.8000000119
6248  -4.137  -77.710  2.302 0.8999999762
5455  -4.952  -78.117  2.729 0.8999999762
5427  -2.322  -78.156  4.523 1.0000000000
5407  -2.227  -78.668  6.905 0.8999999762
9162  -12.274  -74.783  -22.535 0.8000000119
6193  -2.677  -76.972  5.152 1.0000000000
8665  -5.311  -75.049  6.035 0.6999999881
6220  -4.641  -77.030  3.415 0.8000000119
7059  -5.037  -76.839  3.855 0.8000000119
9934  -12.411  -74.178  -19.895 1.0000000000
9447  -4.375  -74.017  8.404 0.6999999881
5367  -1.330  -78.185  9.216 0.8999999762
10821  -12.876  -72.917  -19.189 0.8999999762
9421  -3.049  -74.022  9.094 0.8999999762
16435  -14.022  -68.632  -16.325 0.5000000000
13643  -15.406  -70.370  -17.873 0.5000000000
9423  -4.639  -73.789  9.102 0.6999999881
10320  -3.053  -73.450  10.313 0.6999999881
8621  -2.144  -74.824  8.324 1.0000000000
6086  -0.164  -77.630  11.658 1.0000000000
11874  -4.671  -72.841  -25.217 0.8000000119
19665  -12.785  -65.919  -20.419 0.2000000030
14573  -15.238  -69.873  -17.335 0.5000000000
18552  -13.963  -66.639  -19.313 0.3000000119
19666  -13.546  -66.303  -20.348 0.2000000030
17454  -16.063  -67.895  -17.362 0.5000000000
11255  -2.541  -72.548  12.524 0.6999999881
10263  -2.940  -73.418  14.557 0.5000000000
16672  -11.534  -68.537  -27.962 0.6000000238
15675  -6.206  -69.195  -25.905 0.6999999881
19812  -10.871  -66.222  -25.937 0.5000000000
20875  -12.870  -65.476  -21.330 0.2000000030
17474  -15.292  -67.165  -17.768 0.5000000000
17536  -15.322  -67.471  -20.419 0.3000000119
17674  -11.772  -67.454  -27.896 0.5000000000
11783  -4.848  -72.095  -19.658 0.8999999762
18631  -15.008  -66.940  -22.972 0.2000000030
17552  -14.808  -67.433  -20.953 0.2000000030
16601  -15.468  -68.269  -23.360 0.2000000030
16585  -16.788  -68.639  -22.650 0.2000000030
5341  1.045  -77.540  10.942 0.6999999881
11210  -0.687  -72.389  15.834 1.0000000000
29052  -14.094  -59.907  -26.426 0.1000000015
17644  -5.697  -67.703  -25.859 0.6999999881
27673  -15.895  -60.895  -24.155 0.1000000015
13608  -3.311  -70.807  -17.413 0.8000000119
17621  -3.637  -67.432  -24.586 0.6999999881
26318  -11.774  -61.342  -23.785 0.1000000015
27692  -19.142  -60.731  -24.849 0.1000000015
29073  -18.740  -60.362  -26.640 0.1000000015
22264  -2.722  -64.351  -24.312 0.5000000000
20986  -8.810  -64.931  -25.130 0.5000000000
26317  -10.973  -61.701  -23.668 0.2000000030
26304  -21.068  -61.935  -22.884 0.1000000015
26215  -23.410  -62.285  -19.325 0.1000000015
24891  -10.094  -63.055  -22.186 0.3000000119
24925  -23.875  -63.212  -22.897 0.1000000015
23624  -24.357  -63.447  -23.513 0.1000000015
23564  -28.091  -63.800  -21.279 0.1000000015
20943  -6.295  -65.089  -23.433 0.5000000000
22187  -8.781  -64.321  -21.010 0.3000000119
29003  -5.302  -60.334  -23.704 0.4000000060
27609  -2.664  -61.242  -21.591 0.6000000238
13020  1.743  -71.400  16.244 1.0000000000
22131  -0.633  -64.148  -19.484 0.8000000119
23470  -13.168  -63.531  -18.638 0.1000000015
23492  -8.064  -63.977  -19.311 0.4000000060
23462  -5.110  -63.515  -18.411 0.8000000119
24714  -1.066  -62.544  -16.759 1.0000000000
26226  -6.052  -61.545  -20.607 0.2000000030
22078  -4.803  -64.451  -14.809 0.8999999762
26160  -9.264  -62.307  -17.614 0.2000000030
31465  -1.352  -58.351  -15.032 0.8999999762
24653  -2.710  -62.570  -13.693 1.0000000000
32871  -6.233  -57.897  -20.880 0.2000000030
35485  -4.805  -56.974  -21.836 0.4000000060
28217  -6.485  -60.463  13.301 0.6000000238
24667  -5.465  -62.526  -14.511 0.8999999762
26113  -6.107  -61.799  -15.986 0.8999999762
32876  -11.072  -57.569  -20.278 0.2000000030
35468  -10.503  -56.189  -21.243 0.3000000119
32693  -1.347  -58.016  -13.535 0.8999999762
35453  -14.790  -56.546  -20.800 0.2000000030
35472  -13.119  -56.327  -21.794 0.2000000030
34162  -15.769  -57.038  -20.065 0.2000000030
38199  -8.391  -54.844  -20.416 0.3000000119
33975  -0.382  -56.922  -12.047 0.8999999762
35387  -7.935  -56.536  -16.852 0.8999999762
34164  -16.976  -57.094  -20.070 0.2000000030
38179  -4.426  -54.727  -19.756 0.4000000060
41028  -6.933  -53.453  -20.115 0.3000000119
36728  -6.371  -55.676  -18.136 0.6000000238
32594  -0.876  -58.504  -7.110 0.6000000238
30049  -1.837  -59.109  -6.307 0.8999999762
28721  -2.803  -60.098  -6.233 1.0000000000
28722  -3.437  -60.643  -6.429 1.0000000000
28259  -2.252  -60.682  10.845 1.0000000000
28688  -1.909  -59.397  -5.350 0.8000000119
32695  -8.270  -57.740  -13.041 1.0000000000
32298  -4.207  -57.758  6.806 1.0000000000
34946  -5.410  -56.176  5.400 0.8000000119
37714  -8.654  -54.494  4.013 0.8999999762
36249  -3.876  -55.562  5.857 1.0000000000
39156  -7.498  -53.942  3.584 0.8999999762
29957  -1.495  -59.165  -3.097 0.8999999762
28690  -3.198  -60.699  -5.331 1.0000000000
31223  -0.720  -57.895  -2.369 0.8000000119
25894  -4.721  -61.666  -4.860 1.0000000000
25895  -5.313  -61.736  -4.978 1.0000000000
25968  -8.736  -61.920  -8.395 1.0000000000
27387  -9.257  -61.045  -9.581 0.8000000119
32679  -7.774  -58.040  -11.600 0.5000000000
47656  -11.174  -49.571  1.654 1.0000000000
48958  -12.958  -48.403  0.575 1.0000000000
47688  -15.547  -49.176  -0.305 0.6999999881
47677  -14.994  -48.924  0.115 0.6000000238
46408  -15.798  -49.756  -1.312 0.8000000119
46476  -15.709  -49.837  -2.813 0.8000000119
30107  -8.209  -59.409  -9.240 0.6999999881
31386  -7.693  -58.778  -9.219 0.5000000000
32672  -7.266  -58.210  -10.442 0.5000000000
33970  -6.951  -57.272  -11.198 0.5000000000
42113  -6.570  -52.202  1.965 0.8000000119
43548  -8.608  -51.535  2.231 0.8000000119
31153  0.332  -57.954  -0.249 0.8000000119
46378  -12.378  -49.609  -0.711 0.8000000119
47686  -14.139  -49.352  -0.280 0.8999999762
46402  -11.311  -50.003  -1.123 0.5000000000
46405  -13.458  -49.965  -1.388 0.8999999762
46404  -12.708  -49.906  -1.327 0.6000000238
28550  -2.421  -59.768  -1.510 0.8999999762
46473  -13.615  -50.294  -2.707 0.6999999881
46496  -14.180  -50.219  -3.460 0.6000000238
27287  -6.844  -61.368  -4.169 0.8999999762
33943  -10.658  -57.026  -9.458 0.5000000000
43544  -6.376  -52.054  1.302 0.6000000238
45008  -8.497  -50.520  -0.386 0.5000000000
46440  -12.291  -49.995  -1.782 0.6000000238
33776  -0.987  -57.078  -0.665 0.8999999762
45104  -13.120  -50.685  -2.476 0.6000000238
45125  -13.986  -50.485  -3.481 0.6999999881
45144  -15.059  -50.431  -4.416 0.6000000238
45046  -14.052  -51.081  -1.652 0.6000000238
45081  -14.337  -51.051  -2.399 0.6000000238
45045  -13.327  -51.026  -1.511 0.5000000000
45107  -15.507  -50.834  -3.153 0.6999999881
29938  -5.524  -59.508  -2.540 0.8999999762
31245  -6.441  -59.516  -3.010 0.8999999762
31265  -7.245  -59.341  -3.864 0.8000000119
46412  -19.532  -50.264  -1.615 0.4000000060
32550  -7.270  -58.671  -4.812 0.6999999881
33871  -8.338  -57.445  -6.005 0.6999999881
35239  -11.254  -56.552  -9.663 0.5000000000
35067  -0.381  -56.472  -0.468 0.8999999762
33805  -3.333  -57.142  -1.899 0.8999999762
45088  -21.015  -50.742  -1.917 0.4000000060
47731  -20.882  -49.604  -2.181 0.6000000238
46480  -21.665  -49.528  -2.437 0.5000000000
46481  -22.143  -49.898  -2.499 0.4000000060
35198  -7.917  -56.638  -5.706 0.6999999881
36510  -7.612  -55.773  -6.036 0.6999999881
36517  -8.164  -55.545  -6.253 0.6999999881
36544  -11.637  -55.442  -8.922 0.5000000000
35087  -1.233  -56.465  -0.637 0.8999999762
51554  -23.146  -47.246  -3.023 0.6999999881
50281  -23.662  -47.853  -3.287 0.6999999881
49030  -22.412  -48.352  -2.744 0.6000000238
46502  -23.568  -49.954  -3.941 0.4000000060
47779  -23.762  -49.422  -3.898 0.4000000060
50309  -24.116  -47.784  -3.845 0.6000000238
47814  -23.729  -49.244  -5.532 0.4000000060
49078  -24.113  -48.619  -4.296 0.5000000000
36507  -5.624  -55.658  -5.997 0.6000000238
50372  -23.839  -47.876  -6.534 0.4000000060
39369  -9.218  -54.305  -7.484 0.6000000238
37962  -11.365  -54.866  -8.564 0.6000000238
39379  -10.390  -54.053  -8.138 0.6000000238
37849  -1.293  -55.044  -1.404 0.8999999762
37850  -1.698  -55.254  -1.488 0.8000000119
36449  -3.019  -55.692  -2.975 0.8000000119
52915  -22.019  -46.043  -2.778 0.8999999762
51523  -21.714  -46.858  -2.855 0.8999999762
39295  -1.660  -54.274  -2.993 0.8000000119
51555  -23.693  -46.936  -3.326 0.6999999881
52917  -23.340  -45.594  -2.985 0.8000000119
52916  -22.802  -45.832  -2.829 0.8000000119
54361  -24.724  -44.986  -5.299 0.5000000000
51595  -24.411  -47.105  -5.331 0.5000000000
51581  -24.594  -46.150  -4.567 0.6000000238
52963  -24.149  -46.321  -3.738 0.6999999881
37911  -3.018  -54.513  -4.990 0.6999999881
50394  -23.598  -47.792  -7.512 0.3000000119
51658  -23.827  -46.754  -7.648 0.3000000119
51692  -23.598  -46.743  -8.103 0.3000000119
53022  -24.239  -46.092  -7.373 0.4000000060
51632  -24.270  -46.575  -6.702 0.4000000060
51631  -23.962  -47.140  -6.965 0.3000000119
39343  -3.552  -54.034  -6.337 0.6999999881
39352  -5.596  -53.984  -6.989 0.6000000238
39367  -7.643  -53.760  -7.269 0.6000000238
49117  -23.193  -48.857  -7.402 0.2000000030
39353  -6.414  -53.953  -6.982 0.6000000238
39220  -0.217  -54.078  0.162 0.8999999762
39262  -0.399  -53.920  -1.571 0.8000000119
54297  -21.391  -45.344  -2.652 0.8999999762
57128  -22.313  -43.695  -2.542 0.8999999762
54300  -23.567  -45.054  -3.076 0.8000000119
52938  -23.877  -45.760  -3.376 0.6999999881
57130  -23.469  -44.082  -3.079 0.8000000119
57143  -23.640  -43.711  -3.396 0.8000000119
54332  -24.415  -44.968  -3.965 0.8000000119
52987  -24.687  -45.710  -5.661 0.5000000000
55677  -24.232  -44.125  -3.964 0.6000000238
55692  -24.631  -44.363  -4.898 0.5000000000
53049  -23.063  -46.070  -8.986 0.4000000060
57161  -24.473  -43.753  -5.240 0.6999999881
42309  -6.717  -52.516  -7.636 0.6999999881
42310  -7.638  -52.450  -7.806 0.6000000238
51728  -20.682  -46.872  -9.151 0.2000000030
53090  -21.056  -46.088  -9.201 0.3000000119
53089  -20.219  -46.084  -9.199 0.4000000060
51729  -21.449  -46.849  -9.110 0.2000000030
54404  -23.150  -45.391  -9.152 0.5000000000
43563  -1.005  -52.572  0.443 0.8000000119
42130  -0.584  -53.066  0.282 0.8999999762
57142  -23.396  -43.474  -3.157 0.8999999762
60062  -22.917  -42.140  -3.122 0.8999999762
58625  -22.687  -42.933  -2.739 0.8999999762
40749  -1.167  -52.758  -3.571 0.8000000119
57150  -24.124  -43.688  -4.101 0.6999999881
42267  -1.416  -52.212  -3.744 0.8000000119
60084  -23.644  -42.349  -4.777 0.8000000119
43754  -2.919  -51.604  -6.493 0.8000000119
42298  -3.590  -52.347  -6.964 0.8000000119
42306  -4.548  -52.504  -7.339 0.6999999881
43767  -6.419  -51.719  -7.651 0.6999999881
43780  -8.184  -51.511  -8.257 0.6000000238
54431  -20.580  -45.312  -9.305 0.4000000060
54430  -19.743  -45.315  -9.256 0.4000000060
55783  -22.763  -44.235  -9.414 0.6000000238
57249  -20.358  -43.893  -9.769 0.6999999881
43694  -0.641  -51.318  -2.673 0.8999999762
45151  -2.165  -50.980  -5.048 0.8000000119
45162  -2.746  -50.937  -6.204 0.8000000119
45198  -4.279  -50.641  -7.678 0.8000000119
45186  -5.150  -51.340  -7.601 0.8000000119
46578  -4.976  -50.061  -8.223 0.8000000119
45200  -5.410  -50.734  -7.887 0.6000000238
55778  -18.460  -44.513  -9.020 0.4000000060
57281  -21.986  -42.610  -9.877 0.6999999881
49068  -2.632  -48.745  -4.099 0.8000000119
47791  -2.525  -49.084  -4.677 0.8999999762
49112  -3.018  -49.103  -6.412 0.8999999762
47862  -3.923  -49.396  -8.059 0.8000000119
46613  -6.520  -49.673  -8.973 0.5000000000
47864  -4.943  -49.498  -8.639 0.4000000060
47919  -5.382  -49.067  -9.637 0.4000000060
47896  -6.563  -49.304  -9.607 0.5000000000
46641  -7.715  -49.566  -10.093 0.4000000060
57277  -19.160  -43.433  -9.839 0.4000000060
58759  -19.047  -42.936  -10.478 0.8000000119
58760  -20.004  -42.708  -10.447 0.6999999881
47935  -6.574  -48.995  -10.952 0.4000000060
61580  -19.638  -40.771  -11.113 0.6999999881
49018  -2.206  -48.604  -2.406 0.8000000119
50317  -3.071  -48.271  -4.515 0.8000000119
50318  -3.581  -48.025  -4.791 0.8000000119
49098  -3.273  -48.210  -6.276 0.6999999881
50319  -4.228  -47.859  -5.026 0.8000000119
50341  -4.375  -47.820  -5.897 0.8000000119
50440  -3.961  -48.188  -8.881 0.5000000000
51646  -4.124  -47.404  -8.117 0.6999999881
49145  -4.043  -48.723  -8.679 0.5000000000
49195  -5.018  -48.747  -10.071 0.4000000060
50480  -4.604  -47.816  -10.648 0.4000000060
51742  -4.360  -47.155  -9.736 0.3000000119
61579  -19.117  -40.899  -11.378 0.6000000238
60208  -17.512  -41.996  -11.083 0.8000000119
60226  -18.498  -41.229  -11.491 0.6000000238
62937  -20.143  -40.118  -10.836 0.6999999881
49229  -5.617  -48.300  -12.723 0.3000000119
60206  -16.162  -41.837  -10.639 0.8000000119
60181  -15.867  -42.008  -9.968 0.8000000119
61604  -18.727  -40.626  -11.544 0.6000000238
50342  -5.191  -47.747  -6.042 0.8000000119
51623  -5.038  -47.407  -7.198 0.6000000238
51648  -5.330  -47.131  -7.627 0.6999999881
51678  -4.961  -46.648  -8.421 0.5000000000
66757  -20.179  -37.958  -10.660 0.8000000119
64214  -20.570  -39.470  -10.539 0.8000000119
51764  -5.455  -46.780  -11.065 0.3000000119
62958  -17.546  -40.029  -11.910 0.6999999881
64231  -18.019  -39.179  -11.875 0.6000000238
50493  -5.813  -47.331  -12.049 0.3000000119
51818  -7.102  -46.602  -13.432 0.3000000119
62957  -16.737  -40.352  -11.968 0.6000000238
61600  -15.475  -40.868  -11.701 0.6000000238
51680  -6.495  -46.618  -8.386 0.5000000000
53073  -5.527  -45.871  -9.511 0.5000000000
53137  -5.845  -46.238  -11.047 0.3000000119
68022  -19.984  -37.177  -10.733 0.8000000119
55836  -6.925  -44.950  -11.336 0.3000000119
54480  -6.384  -45.780  -11.307 0.3000000119
54504  -7.286  -45.792  -12.262 0.3000000119
51787  -6.578  -46.692  -12.280 0.3000000119
61574  -14.122  -40.962  -11.247 0.6000000238
62977  -15.770  -39.853  -12.409 0.6000000238
53187  -8.391  -46.051  -13.550 0.2000000030
68034  -17.999  -36.954  -11.986 0.6000000238
69367  -18.815  -36.051  -11.528 0.6000000238
55868  -8.481  -44.511  -13.313 0.3000000119
54521  -9.304  -45.333  -13.138 0.3000000119
53174  -8.998  -46.077  -13.213 0.2000000030
66791  -17.066  -37.696  -12.678 0.5000000000
57333  -10.665  -43.428  -12.938 0.3000000119
53017  -10.865  -45.551  -7.334 0.6000000238
53043  -10.480  -46.252  -8.286 0.6000000238
55770  -11.933  -44.763  -9.314 0.6000000238
55804  -7.384  -44.615  -10.246 0.4000000060
55826  -7.607  -44.185  -10.833 0.3000000119
55849  -7.833  -44.538  -12.434 0.3000000119
66789  -14.401  -38.211  -12.724 0.4000000060
58813  -10.610  -42.679  -13.256 0.3000000119
53079  -10.232  -46.251  -9.226 0.5000000000
58750  -10.591  -42.899  -10.185 0.4000000060
57300  -9.967  -43.372  -10.322 0.4000000060
60200  -11.332  -41.514  -10.332 0.4000000060
55806  -8.671  -44.221  -10.373 0.5000000000
58810  -8.541  -42.860  -12.558 0.3000000119
57330  -8.553  -43.563  -12.975 0.3000000119
65525  -13.322  -38.619  -11.882 0.4000000060
72115  -17.834  -34.762  -12.407 0.5000000000
60247  -8.913  -41.968  -12.810 0.3000000119
61627  -9.981  -41.010  -13.353 0.2000000030
58811  -8.947  -42.838  -13.217 0.3000000119
66788  -14.012  -37.789  -12.541 0.5000000000
64251  -9.816  -39.418  -12.362 0.4000000060
64276  -10.876  -39.367  -12.903 0.2000000030
61628  -10.752  -41.058  -13.245 0.2000000030
72114  -17.426  -34.756  -12.782 0.5000000000
65545  -11.460  -38.142  -12.664 0.3000000119
53113  -9.091  -45.685  -9.996 0.5000000000
57271  -8.736  -43.832  -10.507 0.5000000000
57299  -9.139  -43.505  -10.501 0.5000000000
60199  -10.605  -41.789  -10.422 0.4000000060
60198  -9.762  -41.854  -10.615 0.4000000060
68051  -13.088  -37.194  -11.952 0.4000000060
69431  -14.764  -36.239  -13.291 0.5000000000
72159  -15.134  -34.539  -13.713 0.5000000000
70786  -15.974  -35.501  -13.535 0.5000000000
65543  -10.254  -38.638  -12.286 0.3000000119
66785  -11.052  -37.729  -12.493 0.3000000119
68050  -11.530  -36.842  -12.763 0.3000000119
68073  -11.983  -36.649  -13.000 0.3000000119
66812  -12.142  -37.528  -12.943 0.1000000015
69428  -12.004  -35.930  -13.102 0.3000000119
72157  -12.380  -34.865  -13.457 0.2000000030
62952  -9.961  -40.226  -11.116 0.5000000000
62951  -9.549  -40.339  -11.534 0.5000000000
65505  -10.165  -39.143  -11.385 0.5000000000
69383  -12.374  -36.492  -11.612 0.4000000060
70756  -13.097  -36.182  -12.099 0.5000000000
70783  -13.407  -35.807  -12.462 0.5000000000
68030  -10.728  -37.655  -11.913 0.4000000060
69382  -11.771  -36.423  -11.608 0.4000000060
72094  -12.568  -35.459  -11.820 0.4000000060
72133  -13.235  -35.223  -12.294 0.4000000060
72135  -14.126  -34.576  -13.164 0.5000000000
73535  -14.671  -33.832  -13.737 0.5000000000
69381  -11.332  -36.158  -11.945 0.4000000060
70740  -11.830  -35.734  -11.735 0.4000000060
70754  -11.589  -35.665  -12.264 0.4000000060
72132  -11.916  -34.992  -12.624 0.3000000119
73493  -12.919  -34.108  -12.387 0.4000000060
73492  -12.524  -34.353  -12.328 0.3000000119
74843  -13.478  -33.488  -12.888 0.5000000000
74862  -13.794  -33.144  -13.276 0.4000000060
70780  -11.695  -35.597  -12.596 0.3000000119
74883  -12.414  -33.447  -13.395 0.2000000030
76305  -12.532  -32.812  -13.075 0.3000000119
73532  -12.201  -34.303  -13.098 0.3000000119
76328  -12.527  -32.667  -13.655 0.2000000030
1964  -6.631  -82.617  -14.195 0.3000000119
1965  -7.378  -82.448  -14.174 0.3000000119
1493  -6.353  -83.204  -14.184 0.4000000060
1096  -7.070  -83.533  -14.226 0.4000000060
776  -7.993  -83.948  -14.514 0.4000000060
1512  -7.888  -82.970  -14.374 0.3000000119
512  -9.355  -84.026  -14.291 0.5000000000
749  -9.114  -83.998  -13.941 0.6999999881
1110  -7.920  -83.331  -14.465 0.4000000060
510  -8.128  -84.051  -14.294 0.5000000000
507  -9.526  -83.977  -14.120 0.6999999881
788  -9.077  -83.686  -15.057 0.4000000060
520  -9.470  -84.017  -14.786 0.5000000000
1099  -9.708  -83.523  -13.643 0.6999999881
513  -10.128  -84.002  -14.627 0.6000000238
1963  -5.841  -82.745  -14.270 0.4000000060
504  -7.305  -84.364  -14.022 0.6999999881
1476  -10.201  -83.121  -13.141 0.6999999881
1101  -11.022  -83.408  -14.041 0.6999999881
766  -11.018  -83.813  -14.385 0.6999999881
1498  -11.307  -83.162  -13.850 0.6999999881
778  -10.978  -84.028  -14.717 0.6000000238
1102  -11.685  -83.691  -14.299 0.6999999881
1103  -12.323  -83.877  -14.585 0.6000000238
779  -11.621  -84.266  -15.037 0.6000000238
1501  -12.992  -83.401  -14.697 0.6999999881
1502  -13.504  -83.018  -14.748 0.6999999881
1112  -13.121  -83.811  -15.351 0.5000000000
1515  -13.196  -83.341  -14.791 0.6999999881
523  -11.755  -84.188  -15.810 0.5000000000
720  -2.220  -84.288  -12.773 0.8000000119
1008  -12.111  -83.658  -10.144 0.6999999881
671  -12.603  -83.878  -9.524 0.6999999881
1045  -13.788  -83.622  -11.231 0.8000000119
703  -13.325  -83.630  -10.375 0.8000000119
1069  -1.501  -83.855  -13.015 0.8000000119
1438  -2.834  -83.541  -12.422 0.8000000119
1439  -3.412  -83.853  -12.520 0.6999999881
735  -2.864  -84.733  -13.097 0.6999999881
418  -11.532  -84.556  -9.552 0.6999999881
433  -13.475  -83.951  -9.701 0.6000000238
716  -14.337  -84.227  -11.500 0.8999999762
688  -13.827  -84.006  -10.284 0.6000000238
444  -14.995  -84.840  -11.399 0.8000000119
4339  -18.438  -79.738  -17.096 0.4000000060
4358  -18.584  -79.501  -17.822 0.5000000000
1436  -1.670  -82.776  -12.091 0.8000000119
1906  -2.076  -82.488  -11.995 0.8000000119
1437  -2.222  -83.202  -12.349 0.8000000119
1441  -5.022  -83.615  -12.481 0.6999999881
2424  -2.986  -82.154  -12.075 0.8000000119
1060  -6.038  -84.026  -12.016 0.8000000119
419  -12.171  -84.329  -9.289 0.6999999881
215  -13.935  -84.497  -9.163 0.6000000238
223  -14.370  -84.507  -10.164 0.6999999881
1876  -22.102  -82.103  -11.036 0.6999999881
2417  -21.987  -81.999  -11.816 0.6000000238
1392  -21.641  -82.371  -10.196 0.6000000238
2996  -21.486  -81.436  -12.453 0.6000000238
2457  -21.599  -81.901  -13.010 0.6000000238
1015  -21.067  -82.844  -10.258 0.6000000238
1845  -21.415  -82.290  -9.424 0.5000000000
3007  -21.242  -81.283  -13.244 0.6000000238
5067  -18.608  -78.742  -17.025 0.4000000060
4375  -18.592  -79.766  -18.606 0.4000000060
4359  -18.703  -79.180  -18.379 0.4000000060
5077  -18.693  -78.729  -17.770 0.4000000060
5806  -18.904  -77.943  -18.122 0.4000000060
2373  -2.028  -82.115  -10.139 0.8000000119
2402  -1.972  -81.658  -11.009 0.8000000119
2423  -2.441  -82.201  -11.936 0.8000000119
1908  -3.447  -82.990  -12.413 0.8000000119
1909  -4.389  -82.896  -12.515 0.6999999881
1853  -3.379  -82.674  -9.548 0.8000000119
2932  -2.584  -81.485  -10.229 0.8000000119
2405  -3.611  -81.457  -11.922 0.8000000119
2933  -3.178  -81.331  -10.028 0.8000000119
3549  -4.036  -80.610  -11.137 0.6999999881
1041  -6.975  -83.927  -11.669 0.8000000119
1421  -6.879  -83.534  -11.953 0.8000000119
683  -7.568  -84.901  -10.407 0.8000000119
41  -11.090  -85.534  -8.318 0.6000000238
212  -11.521  -85.022  -8.849 0.6999999881
0  -8.680  -86.017  -10.168 0.6999999881
213  -12.538  -84.636  -8.650 0.6000000238
214  -13.284  -84.544  -8.633 0.6000000238
202  -14.803  -84.880  -9.119 0.6999999881
217  -14.956  -84.773  -9.954 0.6000000238
690  -16.059  -84.029  -10.608 0.6000000238
423  -15.710  -84.281  -9.781 0.6000000238
1901  -23.309  -82.437  -11.561 0.6999999881
705  -16.232  -83.774  -10.943 0.6000000238
1429  -16.271  -82.894  -11.562 0.5000000000
1926  -22.694  -82.760  -12.418 0.6999999881
1921  -16.371  -82.141  -12.111 0.5000000000
1859  -22.207  -82.074  -10.014 0.5000000000
1861  -23.150  -82.035  -10.613 0.6000000238
1900  -22.622  -82.370  -11.721 0.6999999881
1925  -22.147  -82.522  -12.647 0.6000000238
1940  -21.757  -82.763  -13.390 0.6000000238
1430  -16.958  -82.934  -11.802 0.6000000238
2413  -17.197  -81.648  -12.138 0.6000000238
2369  -21.834  -81.721  -9.499 0.5000000000
2478  -21.434  -82.267  -13.609 0.6000000238
3027  -21.077  -81.250  -14.074 0.6000000238
2924  -20.607  -81.256  -9.244 0.5000000000
3621  -20.774  -80.529  -14.260 0.5000000000
4179  -19.788  -80.274  -9.722 0.4000000060
4290  -20.371  -79.599  -14.932 0.4000000060
4394  -18.756  -79.033  -19.460 0.4000000060
5092  -18.801  -78.613  -18.770 0.4000000060
6595  -19.216  -77.355  -18.485 0.3000000119
5198  -18.318  -78.555  -24.919 0.1000000015
2425  -3.839  -81.967  -12.223 0.6999999881
2427  -5.451  -82.281  -12.570 0.6999999881
1911  -5.929  -82.746  -12.485 0.8000000119
2358  -4.069  -82.058  -9.326 0.8000000119
2950  -3.437  -80.876  -10.680 0.8999999762
2966  -4.159  -80.953  -11.725 0.6999999881
3567  -5.036  -81.031  -12.186 0.6999999881
2985  -5.337  -81.559  -12.452 0.6999999881
1042  -7.367  -83.838  -11.600 0.8000000119
1835  -4.385  -82.678  -8.679 0.8999999762
2377  -4.113  -81.659  -9.452 0.6999999881
3513  -4.322  -80.797  -10.034 0.8000000119
3534  -5.257  -80.331  -10.757 0.6999999881
3551  -5.717  -80.379  -11.555 0.6999999881
2428  -6.000  -82.073  -12.553 0.6999999881
1022  -7.821  -84.130  -10.906 0.6999999881
430  -7.965  -85.213  -9.846 0.6999999881
38  -9.638  -86.156  -8.535 0.6000000238
33  -11.493  -85.764  -7.720 0.6999999881
210  -8.296  -85.661  -9.531 0.6999999881
36  -8.876  -86.355  -8.794 0.6999999881
198  -12.183  -85.176  -8.055 0.6999999881
199  -12.968  -85.011  -8.071 0.6000000238
201  -14.301  -84.905  -8.725 0.6999999881
992  -15.958  -83.850  -9.159 0.5000000000
398  -15.258  -85.069  -8.227 0.6000000238
408  -15.464  -84.623  -8.998 0.6000000238
2977  -23.861  -81.649  -11.308 0.6000000238
1927  -23.342  -82.648  -12.468 0.6999999881
672  -15.976  -83.803  -10.163 0.5000000000
1407  -15.936  -82.997  -10.815 0.5000000000
2945  -23.225  -81.283  -10.579 0.6000000238
1466  -22.379  -83.444  -13.506 0.6999999881
2927  -22.571  -81.408  -9.943 0.5000000000
2942  -21.560  -80.622  -9.872 0.4000000060
1484  -21.439  -82.875  -14.421 0.6000000238
3560  -17.797  -80.375  -11.445 0.5000000000
3505  -20.767  -80.718  -9.454 0.4000000060
3044  -20.755  -80.889  -14.962 0.6000000238
2495  -20.977  -81.727  -14.840 0.6000000238
4932  -19.726  -79.117  -10.145 0.4000000060
3637  -20.583  -80.065  -14.838 0.5000000000
3061  -20.665  -80.876  -15.799 0.5000000000
3655  -20.644  -80.308  -15.503 0.5000000000
4957  -17.769  -79.265  -11.276 0.4000000060
5048  -20.651  -78.691  -16.334 0.5000000000
6619  -20.833  -77.207  -18.592 0.4000000060
5843  -21.501  -77.743  -19.275 0.3000000119
5826  -18.999  -77.793  -19.020 0.3000000119
6634  -21.336  -77.313  -19.450 0.3000000119
6632  -19.219  -77.340  -19.410 0.3000000119
5930  -18.039  -78.198  -25.892 0.1000000015
5931  -18.255  -78.089  -25.547 0.1000000015
6371  -8.272  -77.350  -4.070 0.6000000238
6386  -8.368  -77.331  -5.039 0.5000000000
5621  -8.427  -77.417  -6.577 0.5000000000
5608  -8.181  -77.644  -5.882 0.6000000238
1913  -7.126  -82.482  -12.359 0.8000000119
1885  -7.482  -82.985  -11.977 0.6999999881
1828  -4.705  -82.657  -8.118 0.8000000119
2360  -4.680  -82.249  -8.524 0.8000000119
3498  -5.251  -80.859  -9.452 0.8000000119
3569  -6.276  -80.717  -12.105 0.6999999881
2339  -5.104  -81.888  -7.572 0.8000000119
2904  -5.279  -81.480  -8.066 0.6999999881
2936  -4.961  -81.180  -9.424 0.6999999881
3515  -5.641  -80.365  -9.978 0.8000000119
3552  -6.452  -80.249  -11.548 0.6000000238
2987  -6.832  -81.260  -12.363 0.6999999881
1005  -7.945  -84.549  -10.016 0.6999999881
3535  -6.013  -80.064  -10.866 0.6999999881
660  -8.261  -84.876  -8.748 0.6999999881
1941  -23.471  -82.525  -13.398 0.6999999881
3542  -22.926  -80.499  -11.032 0.5000000000
3525  -22.356  -80.506  -10.376 0.4000000060
1485  -21.848  -83.252  -14.082 0.6999999881
2503  -20.756  -81.432  -15.478 0.6000000238
4222  -17.785  -79.734  -11.329 0.4000000060
4320  -20.900  -79.405  -16.647 0.5000000000
5671  -18.115  -78.176  -10.927 0.4000000060
4408  -18.564  -80.080  -20.608 0.4000000060
5068  -21.077  -78.666  -17.245 0.5000000000
5807  -21.148  -77.912  -17.955 0.3000000119
4409  -18.774  -79.146  -20.295 0.4000000060
5107  -18.893  -78.390  -19.710 0.3000000119
5121  -21.820  -78.545  -20.034 0.6000000238
4423  -18.716  -79.484  -21.230 0.3000000119
5870  -19.014  -78.212  -20.866 0.3000000119
6647  -19.181  -77.389  -20.100 0.3000000119
6635  -21.687  -77.441  -20.055 0.5000000000
4436  -18.416  -80.212  -22.252 0.1000000015
5146  -18.826  -79.025  -21.693 0.3000000119
6633  -19.524  -76.972  -19.754 0.5000000000
4464  -18.340  -79.882  -23.260 0.1000000015
4450  -18.579  -79.458  -22.895 0.2000000030
6662  -19.139  -77.564  -20.942 0.4000000060
6663  -19.434  -77.022  -21.222 0.4000000060
6649  -21.414  -76.979  -20.201 0.4000000060
6650  -21.730  -77.164  -20.813 0.5000000000
5183  -18.566  -78.776  -24.186 0.3000000119
5916  -18.722  -77.918  -24.658 0.3000000119
6727  -18.634  -77.348  -25.419 0.4000000060
5942  -17.988  -78.044  -26.090 0.1000000015
5947  -17.401  -77.908  -26.473 0.1000000015
5607  -7.733  -78.243  -5.737 0.6999999881
4848  -7.091  -79.031  -4.351 0.6999999881
4887  -7.122  -78.861  -6.778 0.6999999881
4888  -7.491  -78.532  -6.962 0.6000000238
5631  -8.210  -78.072  -7.776 0.6000000238
1423  -8.178  -83.451  -11.259 0.6999999881
1820  -4.841  -82.613  -7.519 0.6999999881
1400  -8.388  -83.587  -10.832 0.6999999881
3553  -7.169  -80.033  -11.458 0.6000000238
988  -8.274  -84.368  -9.429 0.6999999881
3667  -20.741  -80.250  -16.289 0.6000000238
4340  -21.066  -79.368  -17.209 0.5000000000
5871  -21.898  -77.902  -21.317 0.6000000238
4438  -21.954  -79.586  -21.665 0.6999999881
5159  -22.076  -78.574  -22.944 0.6000000238
5170  -18.724  -78.869  -23.317 0.3000000119
5892  -19.003  -78.147  -22.676 0.3000000119
7484  -21.612  -76.630  -21.330 0.4000000060
6677  -21.985  -76.990  -22.458 0.6000000238
5893  -22.146  -77.851  -23.172 0.6000000238
5881  -19.020  -78.282  -21.653 0.4000000060
6676  -19.548  -76.841  -21.577 0.4000000060
7498  -21.238  -76.228  -21.759 0.4000000060
7514  -21.763  -76.501  -22.177 0.5000000000
6689  -22.177  -77.227  -23.059 0.5000000000
6675  -19.250  -77.306  -21.959 0.4000000060
7527  -19.602  -76.451  -22.774 0.4000000060
8347  -21.271  -75.677  -23.110 0.4000000060
8360  -22.154  -76.122  -23.710 0.4000000060
4480  -18.557  -79.187  -23.790 0.1000000015
5903  -18.925  -78.077  -23.654 0.3000000119
6688  -19.157  -77.401  -23.021 0.3000000119
7526  -19.281  -76.780  -23.267 0.4000000060
8345  -19.923  -76.046  -22.899 0.4000000060
8359  -21.707  -75.472  -23.920 0.5000000000
8375  -22.406  -75.863  -24.471 0.5000000000
6700  -19.110  -77.253  -23.955 0.3000000119
7541  -19.563  -76.283  -23.449 0.4000000060
8357  -19.982  -75.781  -23.658 0.4000000060
5940  -17.188  -78.324  -25.561 0.1000000015
5946  -17.188  -78.063  -26.069 0.1000000015
7554  -19.139  -76.728  -24.395 0.4000000060
7566  -19.488  -75.874  -24.953 0.4000000060
8372  -19.981  -75.522  -24.517 0.4000000060
8373  -20.466  -75.189  -24.622 0.4000000060
7576  -18.565  -76.783  -26.036 0.4000000060
8406  -19.328  -75.642  -26.012 0.4000000060
8390  -19.793  -75.386  -25.345 0.4000000060
6753  -18.052  -77.172  -26.847 0.1000000015
7591  -18.179  -76.807  -26.845 0.2000000030
8405  -18.907  -76.151  -25.963 0.4000000060
7601  -18.084  -76.523  -27.183 0.4000000060
8421  -18.578  -76.360  -26.549 0.4000000060
4837  -7.272  -78.717  -3.377 0.6999999881
4107  -6.760  -79.527  -4.028 0.6999999881
5582  -7.946  -77.855  -4.472 0.6000000238
4150  -6.136  -79.989  -6.674 0.6999999881
4872  -6.902  -79.104  -6.180 0.6999999881
2307  -5.143  -82.453  -5.742 0.6999999881
2878  -5.209  -81.611  -6.416 0.6999999881
2431  -7.997  -81.884  -12.050 0.6999999881
2406  -8.551  -81.711  -11.689 0.6999999881
1386  -8.678  -83.820  -9.957 0.6999999881
3489  -5.888  -80.577  -8.760 0.8000000119
3571  -7.685  -80.632  -11.911 0.6999999881
990  -8.903  -83.972  -9.035 0.6999999881
6465  -17.277  -77.305  -11.484 0.4000000060
2091  -8.535  -82.886  -21.856 0.6000000238
5160  -23.921  -78.886  -22.518 0.6000000238
4467  -22.965  -79.216  -23.196 0.6999999881
1610  -8.801  -83.390  -21.868 0.6000000238
2619  -8.971  -81.899  -22.203 0.6000000238
5171  -22.616  -78.677  -23.705 0.6999999881
5185  -23.129  -78.402  -24.159 0.6999999881
2100  -9.300  -82.451  -22.681 0.6000000238
5904  -22.264  -78.116  -23.650 0.6000000238
5918  -22.941  -77.905  -24.463 0.6000000238
6701  -22.379  -77.490  -23.724 0.6000000238
7567  -22.942  -76.788  -25.046 0.6000000238
7556  -22.467  -76.394  -24.012 0.6000000238
8376  -22.755  -76.409  -24.757 0.6000000238
8392  -22.500  -75.509  -25.312 0.6000000238
7599  -17.252  -76.763  -27.553 0.3000000119
9211  -19.765  -75.173  -26.033 0.4000000060
8435  -18.867  -75.567  -27.034 0.4000000060
9226  -19.347  -75.382  -26.609 0.4000000060
4157  -6.287  -79.850  -7.676 0.6999999881
3465  -5.750  -80.495  -5.960 0.6999999881
4165  -6.317  -80.013  -8.605 0.6999999881
2885  -5.221  -81.529  -7.096 0.6999999881
1866  -9.095  -82.830  -10.644 0.6999999881
2917  -5.575  -80.951  -8.805 0.8000000119
328  -0.050  -85.078  -4.005 0.3000000119
304  -0.944  -84.503  -2.269 0.4000000060
571  0.076  -84.364  -1.899 0.3000000119
894  0.154  -83.911  -1.324 0.2000000030
1250  0.339  -83.164  -0.653 0.3000000119
1271  0.385  -82.975  -2.110 0.1000000015
6690  -24.299  -77.248  -22.879 0.5000000000
5906  -24.234  -77.843  -23.378 0.6999999881
6703  -24.207  -76.969  -23.781 0.6999999881
5173  -23.853  -78.523  -23.369 0.6999999881
822  -7.006  -84.285  -20.605 0.4000000060
2057  -6.221  -82.624  -20.376 0.6999999881
10929  -20.266  -73.439  -23.555 0.6000000238
10930  -20.767  -72.977  -23.616 0.6000000238
5919  -23.545  -77.813  -24.440 0.6999999881
1157  -5.903  -84.328  -19.948 0.5000000000
1591  -5.598  -83.490  -20.500 0.5000000000
10023  -19.302  -73.965  -24.059 0.6000000238
10955  -20.729  -73.044  -24.728 0.6000000238
1590  -4.798  -83.472  -20.385 0.5000000000
10953  -19.643  -73.790  -24.562 0.6999999881
6729  -23.367  -77.315  -24.897 0.6999999881
10033  -17.833  -74.508  -25.157 0.6999999881
10035  -19.036  -74.044  -24.750 0.6999999881
11877  -20.599  -73.096  -25.238 0.6000000238
11878  -21.142  -72.632  -25.066 0.6000000238
11888  -21.869  -72.536  -26.058 0.6999999881
7568  -23.433  -76.683  -25.336 0.6000000238
10049  -18.285  -74.233  -25.669 0.8000000119
10963  -19.377  -73.826  -25.469 0.6999999881
8408  -22.922  -75.703  -25.951 0.6999999881
10971  -17.945  -74.030  -26.800 0.8000000119
9215  -22.420  -75.043  -26.141 0.8000000119
9227  -19.887  -74.896  -26.601 0.4000000060
8446  -17.556  -75.983  -27.798 0.4000000060
8434  -18.249  -76.100  -27.217 0.4000000060
4095  -6.870  -79.407  -3.544 0.6999999881
4094  -6.461  -79.954  -3.701 0.6999999881
3427  -6.103  -80.668  -3.621 0.6999999881
2879  -5.298  -81.263  -5.894 0.6999999881
3483  -5.860  -80.487  -8.078 0.8000000119
4184  -6.252  -79.887  -10.299 0.6000000238
2894  -5.489  -80.986  -7.782 0.6999999881
4173  -6.170  -80.078  -9.439 0.8000000119
2967  -8.532  -81.080  -11.688 0.6999999881
1887  -9.055  -82.446  -11.115 0.6999999881
896  -1.190  -83.969  -1.663 0.6000000238
573  -0.821  -84.486  -1.834 0.3000000119
9979  -18.995  -73.950  -21.971 0.6000000238
9981  -20.217  -73.501  -22.272 0.6000000238
9977  -17.262  -73.643  -21.621 0.6000000238
9992  -18.560  -74.028  -22.663 0.6000000238
9994  -19.910  -73.727  -22.771 0.6000000238
10897  -20.581  -73.113  -22.559 0.6000000238
7545  -24.067  -76.074  -23.800 0.6999999881
2589  -5.649  -82.533  -20.376 0.6000000238
9991  -17.721  -73.927  -22.606 0.6000000238
10008  -18.956  -74.048  -23.414 0.6000000238
9982  -23.510  -73.388  -22.300 0.5000000000
9996  -23.562  -73.656  -23.024 0.5000000000
7544  -23.902  -75.602  -23.607 0.6999999881
7558  -24.123  -76.336  -24.470 0.6999999881
1565  -4.577  -83.650  -19.201 0.5000000000
9990  -16.818  -73.759  -22.611 0.6999999881
10007  -18.158  -74.174  -23.427 0.6000000238
12798  -21.438  -72.137  -24.319 0.6000000238
12815  -21.523  -72.169  -24.906 0.6000000238
10946  -23.301  -73.169  -24.349 0.6000000238
10024  -23.641  -74.080  -24.558 0.6999999881
9189  -23.961  -74.892  -24.800 0.6999999881
8362  -24.149  -75.859  -24.329 0.6999999881
10005  -16.498  -73.935  -23.506 0.8000000119
10022  -18.624  -74.215  -24.149 0.6999999881
11880  -22.477  -72.353  -25.305 0.6000000238
10036  -23.731  -74.347  -25.217 0.6999999881
9203  -24.193  -75.235  -25.286 0.6999999881
7569  -23.943  -76.310  -25.329 0.6999999881
10021  -17.759  -74.450  -24.333 0.6999999881
9196  -16.855  -74.618  -25.231 0.8000000119
10048  -17.469  -74.521  -25.855 0.8000000119
11889  -22.448  -72.781  -26.207 0.6999999881
9244  -23.214  -74.309  -27.126 0.8000000119
11896  -21.330  -72.732  -26.686 0.6000000238
8436  -22.847  -74.960  -26.843 0.8000000119
8424  -23.313  -75.343  -26.633 0.8000000119
11012  -17.543  -73.575  -28.909 0.6000000238
9248  -17.000  -75.355  -28.355 0.4000000060
10088  -18.049  -74.632  -28.455 0.5000000000
10089  -18.864  -74.354  -28.324 0.6000000238
9249  -17.804  -75.256  -28.180 0.4000000060
9250  -18.620  -75.004  -27.940 0.5000000000
9239  -19.265  -75.052  -27.256 0.6000000238
6292  -7.564  -77.659  -1.532 0.6000000238
4819  -7.210  -78.628  -2.652 0.6000000238
4082  -6.662  -79.793  -3.171 0.6999999881
2968  -9.060  -81.191  -11.343 0.6999999881
2389  -9.454  -81.962  -10.758 0.6999999881
1704  -1.669  -82.927  -1.422 0.6999999881
1272  -1.668  -83.510  -2.128 0.6000000238
1252  -1.335  -83.408  -0.940 0.6000000238
1242  -1.141  -83.507  -0.120 0.4000000060
565  -0.350  -83.465  -0.083 0.3000000119
551  -0.040  -83.146  0.958 0.3000000119
1232  0.420  -82.642  0.850 0.2000000030
1680  0.496  -81.897  0.065 0.2000000030
9965  -18.727  -73.869  -21.181 0.6000000238
10898  -20.954  -72.688  -22.260 0.5000000000
10899  -23.443  -72.785  -22.266 0.5000000000
9976  -16.700  -73.566  -21.978 0.6000000238
11844  -21.219  -72.222  -22.815 0.5000000000
12784  -21.530  -71.806  -23.459 0.6000000238
10931  -23.421  -73.133  -23.507 0.5000000000
3135  -4.985  -81.137  -20.633 0.6000000238
2081  -4.592  -82.419  -21.014 0.6000000238
12799  -21.985  -71.627  -24.102 0.6000000238
12817  -22.453  -71.880  -24.554 0.6000000238
2055  -3.288  -82.393  -19.596 0.5000000000
2056  -3.647  -82.626  -20.015 0.5000000000
10004  -15.757  -73.739  -23.671 0.6999999881
10957  -23.397  -73.618  -25.265 0.6000000238
10019  -16.189  -74.070  -24.223 0.6999999881
10965  -22.936  -73.044  -25.729 0.6999999881
10051  -23.680  -74.270  -25.928 0.6999999881
9232  -24.065  -75.165  -26.436 0.6999999881
7579  -23.807  -76.069  -25.853 0.6999999881
10018  -15.505  -73.855  -24.365 0.8000000119
10032  -15.933  -74.175  -24.872 0.8000000119
10976  -23.076  -73.563  -26.760 0.6999999881
9209  -16.701  -74.622  -25.810 0.8000000119
9259  -16.268  -75.085  -28.689 0.3000000119
10087  -17.406  -74.888  -28.531 0.4000000060
8453  -15.469  -75.399  -28.389 0.2000000030
5514  -7.272  -78.300  -1.179 0.6999999881
4780  -7.106  -78.970  -0.907 0.6000000238
4793  -7.049  -78.854  -2.195 0.6999999881
3393  -6.892  -79.809  -1.911 0.6999999881
3373  -6.980  -80.708  -1.248 0.6999999881
3447  -5.784  -80.721  -4.854 0.6999999881
1243  -1.430  -83.175  -0.036 0.5000000000
876  -1.064  -83.414  0.799 0.4000000060
9952  -19.861  -73.661  -20.846 0.6000000238
13748  -22.368  -70.914  -22.688 0.5000000000
12772  -22.978  -71.409  -22.716 0.5000000000
12773  -23.202  -71.698  -22.284 0.5000000000
12770  -21.608  -71.619  -22.600 0.5000000000
12787  -23.176  -71.921  -22.972 0.5000000000
12785  -22.141  -71.215  -23.255 0.5000000000
12800  -22.633  -71.689  -23.913 0.5000000000
11867  -23.220  -72.656  -23.826 0.5000000000
2568  -2.404  -81.655  -19.297 0.6000000238
2554  -1.637  -81.665  -18.604 0.5000000000
3093  -1.042  -80.839  -18.232 0.5000000000
9258  -15.564  -75.120  -28.709 0.3000000119
1229  -1.419  -82.929  1.675 0.4000000060
859  -0.990  -83.016  2.006 0.4000000060
4383  -1.515  -79.932  -19.300 0.5000000000
3672  -0.325  -79.969  -17.465 0.5000000000
4347  -1.061  -79.647  -18.396 0.5000000000
2181  -1.760  -82.224  1.096 0.6000000238
1652  -1.645  -82.426  2.042 0.6000000238
1657  0.661  -81.828  1.694 0.2000000030
2195  0.450  -81.107  1.228 0.2000000030
12668  -17.776  -71.666  -18.199 0.5000000000
12692  -18.943  -71.828  -18.458 0.5000000000
14637  -19.260  -69.687  -19.088 0.5000000000
14636  -19.094  -69.657  -19.273 0.5000000000
5082  -1.974  -78.918  -19.485 0.5000000000
5848  -2.576  -78.500  -20.385 0.6000000238
5052  -0.230  -78.550  -17.380 0.5000000000
5814  -3.017  -77.863  -19.430 0.6000000238
17523  -19.365  -67.472  -19.858 0.4000000060
6564  -0.267  -77.141  -18.033 0.5000000000
5071  -0.730  -78.492  -17.994 0.5000000000
6583  -1.221  -77.042  -18.173 0.5000000000
5812  -1.883  -78.474  -18.859 0.5000000000
1216  -1.359  -82.592  2.867 0.6000000238
1651  0.360  -82.060  2.476 0.5000000000
857  -0.108  -82.612  2.261 0.5000000000
2171  0.481  -81.587  2.158 0.4000000060
2754  0.363  -80.913  1.117 0.3000000119
16524  -19.313  -68.344  -19.293 0.5000000000
5862  -3.149  -77.852  -21.327 0.6999999881
7427  0.196  -76.202  -18.213 0.5000000000
6585  -2.709  -77.354  -18.526 0.5000000000
7429  -0.994  -76.177  -17.989 0.5000000000
19668  -19.948  -66.125  -20.386 0.4000000060
1214  -0.673  -82.391  3.133 0.6000000238
2161  0.162  -81.841  3.695 0.5000000000
6623  -3.448  -77.523  -19.750 0.6999999881
6639  -4.108  -76.916  -20.767 0.6999999881
7487  -4.931  -76.061  -21.563 0.8999999762
8336  -5.355  -75.237  -22.626 0.8000000119
7445  -3.564  -76.804  -18.969 0.6000000238
7461  -4.200  -76.421  -20.045 0.8000000119
8297  -4.849  -75.502  -20.895 0.8000000119
8309  -5.074  -75.111  -21.442 0.8000000119
19717  -20.354  -65.748  -21.887 0.4000000060
20876  -20.915  -65.378  -20.838 0.3000000119
9094  -0.210  -74.606  -18.251 0.5000000000
7417  -1.555  -75.805  -17.703 0.5000000000
20905  -21.167  -65.363  -21.779 0.2000000030
9945  -4.561  -73.978  -20.414 0.8999999762
20929  -21.203  -65.456  -22.660 0.2000000030
1207  -1.007  -82.304  3.491 0.6000000238
1641  -0.302  -82.171  3.905 0.6000000238
3305  0.359  -80.795  3.015 0.3000000119
12679  -0.477  -71.727  -19.224 0.6999999881
10780  -0.914  -72.878  -17.692 0.6000000238
9075  -2.315  -74.563  -17.629 0.6000000238
9116  -3.679  -75.249  -18.579 0.6999999881
10816  -0.229  -73.214  -18.645 0.5000000000
9073  -0.674  -74.314  -17.472 0.6000000238
9900  -4.016  -74.131  -18.721 0.8000000119
9133  -4.364  -75.011  -19.641 0.8000000119
1636  -0.971  -82.262  4.683 0.6000000238
2162  -0.205  -81.995  4.350 0.6000000238
2721  0.220  -81.152  3.936 0.5000000000
11721  -2.751  -72.319  -17.533 0.8000000119
11719  -1.498  -71.756  -17.714 0.6999999881
10782  -2.097  -72.921  -17.427 0.6999999881
11741  -3.612  -72.843  -17.909 0.8000000119
11759  -4.459  -72.697  -19.081 0.8000000119
12704  -0.101  -71.987  -20.157 0.6000000238
10836  -4.416  -73.512  -19.641 0.8999999762
11812  0.051  -72.423  -21.524 0.5000000000
2716  -5.589  -81.210  4.566 0.6999999881
2147  -0.996  -81.788  5.639 0.6000000238
2705  -0.197  -81.172  5.212 0.6000000238
13681  -0.699  -70.572  -19.498 0.6999999881
13680  -0.423  -71.072  -20.057 0.6999999881
3960  -6.008  -79.519  4.743 0.6999999881
2684  -1.403  -81.095  6.377 0.6999999881
3262  -0.714  -80.658  6.424 0.6000000238
3275  -0.093  -80.616  5.197 0.6000000238
3968  -0.152  -79.748  3.704 0.5000000000
15572  -0.592  -69.534  -20.449 0.6999999881
13716  -0.309  -71.026  -22.150 0.6000000238
3933  -1.288  -79.794  7.870 0.6999999881
3946  -0.402  -80.043  6.094 0.6000000238
4697  -0.322  -79.428  5.500 0.5000000000
16516  -0.807  -68.674  -19.887 0.6999999881
14691  0.226  -69.956  -22.491 0.6999999881
15584  -0.412  -69.343  -21.330 0.8000000119
3932  -0.745  -79.551  7.587 0.6000000238
4691  -0.369  -79.298  6.476 0.5000000000
17512  -0.766  -67.685  -20.014 0.6999999881
17513  -1.101  -68.111  -19.441 0.6999999881
16531  -0.576  -68.511  -20.721 0.6999999881
16560  0.027  -68.286  -22.285 0.6999999881
18524  -0.773  -66.809  -19.424 0.8000000119
16576  0.674  -68.308  -22.523 0.5000000000
5395  -0.068  -78.463  7.853 0.5000000000
17565  0.274  -67.285  -22.224 0.4000000060
18584  -0.304  -67.018  -21.458 0.6999999881
19660  -0.501  -65.790  -20.601 0.6000000238
6159  0.270  -77.436  7.875 0.4000000060
5394  0.267  -78.205  8.271 0.5000000000
19659  -0.229  -65.656  -21.310 0.6000000238
6142  0.646  -77.498  8.871 0.4000000060
6141  0.965  -76.982  9.254 0.4000000060
18603  1.428  -66.765  -22.046 0.4000000060
20832  -0.416  -64.839  -20.214 0.6999999881
20893  0.819  -65.583  -22.161 0.6000000238
22162  0.214  -64.255  -20.953 0.6999999881
23487  -0.427  -63.555  -19.931 0.6999999881
24797  1.197  -62.422  -19.918 0.6000000238
24825  0.772  -62.945  -20.528 0.6000000238
26156  1.139  -61.571  -18.288 0.4000000060
26206  -0.103  -62.065  -19.581 0.6999999881
27583  0.655  -61.380  -19.232 0.5000000000
9372  1.719  -74.358  11.966 0.4000000060
26157  -0.681  -61.469  -18.299 0.8000000119
11242  1.756  -72.992  13.821 0.6999999881
13058  0.206  -71.131  13.627 0.6000000238
11244  0.930  -72.332  13.066 0.5000000000
28914  -0.011  -60.378  -18.371 0.8000000119
11197  -0.210  -72.413  16.628 0.8999999762
11196  0.638  -72.941  16.599 0.8999999762
12079  -0.282  -72.093  17.915 0.8999999762
12140  0.695  -71.681  14.055 0.6000000238
31517  -0.036  -58.970  -17.401 0.8000000119
12078  0.082  -72.044  18.164 0.8999999762
12045  -0.122  -71.986  18.953 0.8999999762
13047  -0.142  -70.460  14.388 0.5000000000
12128  1.219  -71.798  14.724 0.6999999881
31488  0.398  -58.660  -15.671 0.6000000238
12019  0.655  -71.660  19.600 0.8999999762
11135  1.283  -72.287  18.715 0.8999999762
11996  0.301  -71.664  20.114 0.8000000119
12044  0.411  -71.884  18.998 0.8999999762
11153  0.941  -72.559  18.044 0.8999999762
10217  1.519  -73.041  18.050 0.8999999762
13046  0.394  -70.919  14.666 0.8000000119
32737  -0.234  -58.156  -14.934 0.6000000238
32760  0.046  -58.103  -16.420 0.6000000238
32692  0.068  -57.617  -12.836 0.6000000238
13982  0.096  -70.299  15.050 0.8000000119
13984  -0.842  -69.793  14.620 0.8000000119
35297  -7.322  -56.771  -13.321 0.6999999881
36609  -6.676  -56.047  -14.168 0.6000000238
13956  0.349  -70.363  15.353 0.8000000119
12995  1.034  -70.624  16.044 0.8000000119
14978  -1.496  -69.463  13.635 0.6000000238
32667  0.163  -57.688  -10.107 0.6999999881
36553  -7.282  -56.093  -11.171 0.4000000060
14948  -0.616  -69.538  15.913 0.8000000119
14962  -1.472  -69.457  14.393 0.6999999881
14949  -1.156  -69.342  15.404 0.8000000119
14997  -1.455  -69.352  13.002 0.5000000000
13944  -0.215  -69.642  16.318 0.8000000119
14999  -2.379  -69.031  13.599 0.5000000000
13932  -0.349  -69.382  16.821 0.8999999762
14935  -0.836  -69.218  16.457 0.8000000119
14950  -1.977  -68.700  15.609 0.8000000119
14964  -2.642  -68.590  14.481 0.6999999881
15939  -3.296  -68.178  13.370 0.6000000238
15019  -2.388  -68.939  13.122 0.3000000119
15869  -1.500  -68.043  16.869 0.8000000119
15886  -1.914  -68.011  16.427 0.8000000119
15911  -2.340  -68.515  15.275 0.8000000119
15899  -2.358  -68.081  15.719 0.8000000119
15958  -3.346  -68.060  12.765 0.5000000000
28547  0.056  -59.859  -1.269 0.6999999881
16934  -2.901  -67.412  15.052 0.8000000119
43527  -8.397  -51.887  2.455 0.8000000119
18021  -3.900  -66.747  12.800 0.6000000238
18022  -3.998  -66.778  12.428 0.5000000000
29908  0.994  -58.810  -2.124 0.6999999881
16946  -3.444  -67.588  13.914 0.6999999881
43530  -10.287  -51.661  2.929 0.8000000119
46324  -11.064  -51.018  2.914 0.8000000119
21591  -3.874  -64.367  10.667 0.5000000000
22904  -3.047  -63.449  9.877 0.4000000060
19132  -4.245  -65.919  11.966 0.5000000000
40598  -9.478  -53.351  3.573 0.8000000119
21575  -3.557  -64.402  11.324 0.6000000238
22884  -3.351  -64.070  10.875 0.6000000238
46353  -11.457  -49.612  2.035 0.8999999762
34900  -1.193  -56.459  6.835 0.8000000119
32431  0.306  -57.846  0.801 0.6999999881
39159  -9.588  -53.831  3.941 0.8000000119
46325  -11.616  -50.701  3.047 0.6000000238
46327  -13.302  -49.973  3.658 0.5000000000
24270  -2.484  -63.125  10.261 0.6000000238
36246  -1.527  -55.645  6.370 0.8000000119
48923  -12.362  -48.600  2.292 0.8000000119
47645  -12.453  -49.034  2.698 0.5000000000
47630  -12.903  -49.230  3.184 0.5000000000
25591  -1.734  -62.323  9.370 0.6000000238
32276  -1.089  -57.792  7.677 0.8000000119
50159  -13.519  -47.632  2.433 0.6000000238
33589  -1.047  -57.192  7.149 0.8000000119
48960  -14.095  -48.503  0.510 0.6999999881
29639  -0.356  -58.933  8.347 0.8000000119
29659  -0.270  -58.731  7.738 0.6999999881
49048  -17.221  -48.515  -3.428 0.5000000000
35052  -0.125  -56.265  1.224 0.6999999881
50170  -13.390  -47.733  1.695 0.6000000238
29621  -0.060  -59.930  8.900 0.8000000119
49049  -17.742  -47.980  -3.388 0.3000000119
49075  -16.730  -48.428  -4.112 0.6000000238
25589  -0.852  -61.402  8.851 0.6999999881
51550  -17.799  -46.716  -3.563 0.4000000060
48953  -14.909  -48.136  0.768 0.5000000000
51518  -18.336  -46.828  -2.932 0.4000000060
52935  -17.842  -45.825  -3.389 0.5000000000
26975  -0.420  -61.034  8.552 0.5000000000
54328  -17.395  -45.445  -4.202 0.6000000238
57137  -16.938  -43.668  -3.550 0.6000000238
55675  -18.013  -44.984  -4.387 0.5000000000
58631  -16.758  -43.253  -3.409 0.6000000238
57139  -17.863  -43.966  -3.915 0.6999999881
58633  -17.889  -43.286  -3.723 0.6000000238
57140  -18.482  -43.838  -3.841 0.6999999881
54294  -18.553  -45.136  -2.579 0.4000000060
52912  -18.675  -45.708  -2.531 0.4000000060
55644  -18.218  -44.837  -2.726 0.5000000000
57123  -17.417  -44.206  -2.768 0.4000000060
57108  -16.474  -43.460  -2.650 0.5000000000
58620  -16.896  -42.896  -3.386 0.6000000238
55661  -19.475  -44.691  -3.563 0.6000000238
60055  -16.421  -42.142  -2.771 0.6000000238
60070  -17.575  -42.786  -3.656 0.6000000238
60071  -18.045  -42.594  -3.490 0.6999999881
55645  -19.935  -44.447  -2.990 0.6999999881
57124  -18.079  -44.338  -2.643 0.5000000000
57109  -17.045  -43.683  -2.445 0.4000000060
58605  -16.095  -42.817  -2.406 0.5000000000
60058  -18.785  -42.000  -2.836 0.6999999881
60059  -19.318  -42.058  -2.460 0.6999999881
57127  -21.393  -43.579  -2.424 0.8000000119
60072  -18.564  -42.394  -3.195 0.6000000238
58621  -18.939  -42.479  -2.881 0.6999999881
57126  -20.465  -43.753  -2.453 0.6999999881
55647  -21.830  -44.484  -2.540 0.8000000119
45003  -2.120  -51.101  0.022 0.5000000000
46372  -2.231  -50.374  -0.363 0.6000000238
61452  -18.661  -41.483  -2.688 0.6999999881
61435  -19.368  -41.252  -2.202 0.8000000119
58611  -21.248  -42.696  -2.265 0.8000000119
60043  -20.571  -41.823  -2.041 0.8000000119
60060  -21.675  -42.540  -2.352 0.8000000119
61438  -21.714  -41.235  -2.286 0.8000000119
45036  -2.725  -50.896  -0.792 0.5000000000
61467  -22.888  -41.425  -3.593 0.8000000119
47699  -2.066  -49.558  -1.140 0.6999999881
48991  -2.388  -48.743  -2.030 0.6999999881
57172  -24.188  -43.246  -5.469 0.6999999881
62828  -18.544  -40.317  -2.196 0.6999999881
61436  -20.301  -41.166  -1.958 0.8000000119
61437  -21.106  -41.190  -2.035 0.8000000119
65347  -19.673  -39.041  -1.817 0.6999999881
62832  -21.659  -40.464  -2.293 0.8000000119
62864  -22.758  -40.719  -3.759 0.8000000119
62876  -22.532  -39.888  -4.239 0.8000000119
49044  -5.412  -48.476  -3.177 0.5000000000
60083  -23.370  -41.629  -5.024 0.8000000119
62882  -23.410  -39.953  -4.829 0.8000000119
51498  -4.884  -47.310  -2.365 0.6000000238
60107  -24.483  -41.890  -6.220 0.6999999881
60106  -24.280  -41.276  -6.019 0.6999999881
50270  -4.653  -47.421  -3.572 0.6999999881
51511  -3.840  -47.362  -2.859 0.6999999881
50248  -6.833  -47.096  -2.683 0.6000000238
57228  -24.433  -43.525  -8.173 0.6999999881
61519  -24.307  -41.370  -6.905 0.6999999881
50299  -4.841  -47.587  -4.352 0.6999999881
51546  -8.577  -46.526  -3.114 0.6000000238
66630  -20.125  -38.499  -1.964 0.6999999881
65349  -20.952  -39.409  -2.095 0.6999999881
65366  -20.976  -38.623  -2.304 0.6999999881
64102  -21.965  -39.701  -2.927 0.8000000119
65385  -21.928  -38.952  -3.153 0.8000000119
64127  -22.280  -39.453  -3.865 0.8000000119
51542  -5.486  -47.016  -3.435 0.6999999881
51514  -6.084  -46.787  -2.671 0.6000000238
51545  -8.045  -46.574  -2.731 0.6000000238
60136  -23.856  -41.973  -7.545 0.6999999881
62892  -23.593  -39.835  -6.573 0.6999999881
50300  -5.456  -47.533  -4.615 0.6999999881
52930  -7.862  -45.831  -3.307 0.6000000238
51575  -9.605  -46.112  -4.061 0.6000000238
60147  -23.489  -41.394  -8.333 0.8000000119
61521  -23.502  -40.774  -7.622 0.8000000119
54340  -9.788  -45.448  -4.696 0.5000000000
52971  -10.104  -45.750  -4.854 0.6000000238
60163  -22.756  -41.694  -9.350 0.6999999881
50321  -5.794  -47.596  -5.250 0.6999999881
57171  -12.815  -43.729  -6.535 0.6000000238
66642  -20.665  -38.243  -2.208 0.6999999881
66643  -21.157  -38.270  -2.685 0.8000000119
66651  -21.552  -38.248  -3.214 0.8000000119
66661  -22.172  -37.795  -3.985 0.8000000119
65419  -22.161  -37.939  -4.568 0.6999999881
62881  -22.591  -39.829  -4.802 0.8000000119
64153  -22.823  -38.597  -5.731 0.8000000119
62891  -23.252  -39.359  -5.923 0.8000000119
51543  -6.593  -46.318  -3.309 0.6999999881
51571  -7.243  -46.223  -4.198 0.6999999881
64174  -23.160  -38.609  -7.453 0.6999999881
64165  -23.446  -39.344  -7.199 0.8000000119
51570  -6.146  -47.009  -4.385 0.6999999881
52932  -9.207  -45.862  -3.935 0.6000000238
52970  -9.369  -45.500  -4.785 0.6000000238
61541  -22.953  -40.998  -8.930 0.6999999881
64180  -22.870  -39.907  -8.218 0.6000000238
54356  -10.005  -45.053  -5.565 0.5000000000
54357  -10.738  -44.798  -5.797 0.5000000000
62921  -22.314  -40.373  -9.349 0.8000000119
64184  -22.803  -40.024  -8.522 0.6999999881
55689  -11.115  -44.672  -5.554 0.6000000238
55701  -11.845  -44.033  -6.091 0.6000000238
55715  -12.077  -43.924  -6.870 0.5000000000
55702  -12.518  -44.138  -6.086 0.6000000238
67937  -21.181  -37.523  -4.688 0.6000000238
67935  -20.460  -36.825  -5.177 0.6000000238
66671  -21.115  -37.645  -5.073 0.6000000238
66695  -21.547  -38.232  -6.507 0.6000000238
65447  -22.159  -38.106  -6.044 0.6999999881
51586  -6.978  -47.044  -5.270 0.6999999881
51587  -7.971  -46.378  -5.074 0.6999999881
51588  -8.437  -46.096  -5.430 0.6000000238
65463  -22.407  -38.900  -7.460 0.6000000238
52982  -9.517  -45.526  -5.641 0.6000000238
52998  -10.197  -45.430  -6.510 0.5000000000
65477  -22.448  -38.900  -8.240 0.5000000000
64183  -22.633  -39.770  -8.754 0.6999999881
51604  -7.192  -47.292  -5.925 0.6999999881
54370  -10.954  -44.789  -6.468 0.6000000238
54383  -11.463  -44.860  -7.196 0.5000000000
57221  -12.761  -43.939  -8.140 0.5000000000
65495  -21.878  -39.333  -9.487 0.6999999881
57198  -13.117  -43.722  -7.866 0.6000000238
58779  -17.660  -42.586  -10.561 0.6999999881
60179  -14.310  -41.991  -9.958 0.6000000238
60180  -15.119  -41.876  -9.920 0.6999999881
69326  -20.098  -36.610  -5.765 0.4000000060
69332  -20.492  -36.653  -6.702 0.4000000060
67954  -21.328  -37.655  -6.876 0.6000000238
66721  -21.895  -37.858  -7.780 0.6000000238
66722  -22.078  -38.238  -8.419 0.6000000238
65488  -22.104  -38.971  -9.063 0.6999999881
54399  -11.857  -44.974  -8.164 0.5000000000
64193  -21.147  -39.567  -10.124 0.6999999881
55771  -12.286  -44.351  -9.089 0.5000000000
58713  -13.419  -43.282  -8.661 0.5000000000
57275  -12.331  -43.269  -9.762 0.4000000060
58755  -13.852  -42.320  -9.742 0.6000000238
69331  -20.009  -36.413  -6.320 0.4000000060
67962  -21.011  -37.163  -6.916 0.5000000000
69337  -20.976  -36.610  -7.238 0.6000000238
67963  -21.497  -37.315  -7.409 0.5000000000
69338  -21.362  -36.673  -7.871 0.6000000238
69343  -21.586  -36.745  -8.571 0.6999999881
66751  -21.339  -38.156  -9.753 0.6999999881
58752  -11.755  -42.681  -9.976 0.4000000060
60202  -13.150  -41.485  -10.527 0.4000000060
58753  -12.465  -42.519  -9.930 0.5000000000
70697  -20.545  -36.162  -7.068 0.5000000000
70703  -21.308  -36.296  -8.177 0.6000000238
69348  -21.401  -36.706  -9.301 0.6999999881
70714  -21.118  -36.028  -9.405 0.6000000238
70719  -20.328  -35.655  -10.330 0.6000000238
69354  -20.995  -36.640  -9.934 0.6999999881
61553  -12.263  -41.547  -10.365 0.3000000119
61573  -13.297  -40.919  -10.870 0.4000000060
70729  -19.737  -35.560  -10.845 0.6000000238
60201  -11.721  -41.424  -10.353 0.3000000119
62934  -12.775  -40.267  -10.987 0.3000000119
62936  -14.013  -40.395  -11.568 0.4000000060
62932  -11.285  -40.181  -10.666 0.3000000119
62933  -12.043  -40.211  -10.745 0.3000000119
64212  -12.987  -39.732  -11.347 0.3000000119
72082  -19.537  -34.736  -10.852 0.5000000000
64211  -12.436  -39.425  -11.061 0.4000000060
64226  -12.955  -39.169  -11.465 0.3000000119
65507  -11.251  -38.685  -10.919 0.4000000060
73470  -19.616  -33.927  -10.541 0.5000000000
73469  -19.140  -34.041  -11.050 0.5000000000
65508  -12.007  -38.633  -10.924 0.4000000060
66755  -11.597  -37.989  -11.115 0.4000000060
73514  -17.245  -33.946  -13.008 0.4000000060
74864  -17.263  -33.161  -13.007 0.4000000060
80607  -18.136  -30.215  -12.291 0.2000000030
74888  -16.325  -33.003  -13.742 0.4000000060
77770  -17.262  -31.517  -13.181 0.1000000015
79251  -17.927  -31.005  -12.495 0.2000000030
73534  -14.151  -33.625  -13.457 0.3000000119
74886  -15.031  -33.098  -13.947 0.4000000060
77768  -16.369  -31.760  -13.797 0.2000000030
76330  -14.010  -32.416  -13.587 0.2000000030
76307  -13.504  -32.465  -13.234 0.2000000030
68103  -12.493  -36.581  -13.428 0.1000000015
80636  -17.748  -30.322  -12.835 0.2000000030
77792  -14.940  -31.654  -13.985 0.1000000015
79303  -16.186  -30.858  -13.961 0.1000000015
77767  -13.198  -31.906  -13.237 0.2000000030
77790  -13.724  -31.776  -13.413 0.1000000015
74884  -12.623  -33.329  -13.987 0.1000000015
73533  -12.472  -34.132  -13.730 0.1000000015
1120  -9.475  -83.255  -15.372 0.3000000119
1125  -14.349  -83.483  -16.220 0.6999999881
3812  -17.590  -79.799  -24.792 0.1000000015
5196  -17.245  -78.892  -25.163 0.1000000015
5197  -17.845  -78.824  -25.388 0.1000000015
5581  -7.591  -78.352  -4.030 0.6000000238
4135  -6.365  -79.742  -6.056 0.6999999881
3466  -6.179  -80.008  -5.594 0.6999999881
1095  -6.075  -83.816  -14.163 0.4000000060
1479  -12.057  -83.149  -13.986 0.6999999881
3620  -20.404  -79.950  -14.029 0.5000000000
1593  -6.613  -83.566  -20.924 0.6000000238
902  -1.442  -84.084  -2.570 0.6000000238
2395  -21.531  -81.805  -11.266 0.5000000000
9251  -19.439  -74.582  -27.831 0.6000000238
10079  -22.676  -73.907  -27.453 0.8000000119
10101  -17.306  -74.312  -28.788 0.6000000238
2971  -17.182  -80.982  -12.166 0.5000000000
2755  -1.835  -81.700  0.519 0.8000000119
1681  -1.633  -82.609  0.161 0.6999999881
10060  -15.827  -74.362  -26.329 0.8000000119
11011  -16.662  -73.847  -29.126 0.4000000060
32662  0.060  -58.126  -9.423 0.6999999881
42075  -11.567  -52.533  4.164 0.6999999881
43513  -11.623  -51.859  3.683 0.8000000119
43512  -10.792  -51.766  3.242 0.6999999881
37647  -2.708  -54.833  5.677 0.8000000119
39081  -2.200  -54.349  5.540 0.8000000119
46340  -10.986  -50.588  2.559 0.6999999881
46341  -11.640  -49.976  2.577 0.6999999881
48937  -12.640  -47.996  1.755 0.6999999881
50185  -14.612  -47.850  1.267 0.3000000119
44960  -9.519  -51.340  2.318 0.8000000119
47657  -11.603  -49.138  1.756 0.8999999762
48962  -15.416  -48.467  0.319 0.6000000238
58661  -24.082  -42.768  -6.004 0.6999999881
61454  -22.116  -41.289  -2.590 0.8000000119
60044  -21.401  -41.968  -2.210 0.8000000119
58637  -23.710  -42.989  -3.901 0.8000000119
60074  -23.658  -42.591  -4.292 0.6999999881
58739  -23.268  -42.366  -9.151 0.6000000238
61540  -22.509  -40.980  -9.350 0.8000000119
61556  -22.060  -40.916  -9.700 0.6000000238
50244  -2.991  -47.705  -2.967 0.6999999881
50269  -3.878  -47.592  -3.499 0.6999999881
58758  -18.141  -42.958  -10.239 0.6999999881
65493  -20.979  -38.814  -10.171 0.6999999881
68002  -20.609  -37.284  -10.320 0.6999999881
64194  -21.677  -39.690  -9.792 0.6999999881
70743  -18.362  -35.538  -11.857 0.5000000000
70728  -19.241  -35.429  -11.265 0.5000000000
72081  -19.016  -34.745  -11.341 0.5000000000
73477  -18.724  -34.155  -11.520 0.4000000060
62935  -13.476  -40.263  -11.374 0.4000000060
73476  -18.384  -34.293  -11.851 0.5000000000
73495  -17.659  -34.185  -12.608 0.3000000119
65524  -12.653  -38.593  -11.335 0.4000000060
73537  -16.218  -33.765  -13.735 0.4000000060
74863  -16.801  -33.288  -13.387 0.4000000060
62931  -10.553  -40.198  -10.768 0.4000000060
65506  -10.534  -38.757  -11.188 0.4000000060
76284  -12.700  -33.111  -12.733 0.3000000119
61455  -22.566  -41.398  -2.972 0.8000000119
61482  -23.020  -41.186  -4.387 0.8000000119
49019  -2.663  -48.209  -2.738 0.6999999881
60161  -15.620  -42.003  -9.253 0.6999999881
69353  -20.466  -36.517  -10.400 0.6999999881
60178  -13.511  -41.952  -10.157 0.5000000000
73536  -15.448  -33.787  -13.868 0.4000000060
74885  -14.322  -33.095  -13.758 0.2000000030
765  -10.239  -83.795  -14.197 0.6999999881
789  -9.872  -83.738  -15.389 0.4000000060
514  -10.993  -84.109  -15.059 0.6000000238
2426  -4.778  -82.144  -12.487 0.6999999881
2964  -2.972  -81.146  -11.250 0.8000000119
3731  -18.459  -80.428  -19.913 0.4000000060
2963  -2.647  -81.266  -11.059 0.8000000119
3533  -4.551  -80.508  -10.625 0.6999999881
4194  -20.280  -79.820  -9.910 0.4000000060
1989  -20.986  -82.091  -15.575 0.6000000238
5093  -21.637  -78.662  -18.844 0.4000000060
5882  -22.022  -77.780  -22.361 0.6000000238
7565  -19.031  -76.502  -25.155 0.4000000060
4858  -7.189  -78.854  -5.433 0.6000000238
4158  -6.815  -79.297  -7.778 0.6999999881
5147  -21.899  -78.777  -21.796 0.6000000238
4451  -22.108  -79.357  -22.430 0.6999999881
7540  -19.287  -76.626  -23.866 0.4000000060
5894  -24.325  -77.905  -22.555 0.6999999881
9171  -23.707  -74.286  -23.294 0.5000000000
10956  -23.033  -72.885  -24.929 0.6000000238
8258  -2.965  -75.618  -17.943 0.5000000000
9898  -3.111  -74.500  -17.949 0.6999999881
44947  -11.398  -51.324  3.227 0.6000000238
47631  -13.691  -49.183  3.713 0.4000000060
50151  -13.834  -47.639  2.907 0.5000000000
50276  -17.446  -47.936  -3.703 0.3000000119
51549  -17.460  -46.507  -4.078 0.6000000238
52934  -17.532  -45.979  -3.837 0.4000000060
54305  -17.602  -45.292  -3.509 0.5000000000
55642  -17.240  -44.656  -3.201 0.5000000000
55641  -16.918  -44.153  -3.440 0.6000000238
55659  -18.191  -44.417  -4.214 0.6999999881
54330  -18.554  -45.562  -4.675 0.6999999881
55643  -17.738  -44.742  -2.915 0.5000000000
57110  -17.804  -43.752  -2.450 0.5000000000
57122  -16.782  -44.087  -2.889 0.6000000238
57141  -19.215  -43.939  -3.370 0.6999999881
60056  -17.245  -42.275  -3.377 0.6000000238
58635  -19.217  -43.392  -2.976 0.6999999881
57125  -19.700  -43.597  -2.745 0.6999999881
58622  -19.402  -42.869  -2.654 0.6999999881
60057  -18.222  -41.946  -3.168 0.6000000238
57112  -20.160  -43.059  -2.305 0.8000000119
58609  -19.982  -42.355  -2.195 0.8000000119
46397  -2.796  -50.071  -1.085 0.6999999881
61433  -18.268  -40.696  -2.504 0.6000000238
60042  -19.897  -41.732  -2.126 0.8000000119
64086  -20.594  -39.817  -1.909 0.8000000119
64085  -19.859  -39.749  -1.824 0.6999999881
62850  -22.301  -40.497  -2.977 0.8000000119
47700  -2.865  -49.435  -1.496 0.6000000238
60094  -23.672  -42.106  -5.622 0.6999999881
64084  -19.051  -39.709  -1.885 0.6000000238
64101  -21.676  -39.719  -2.526 0.8000000119
64114  -22.202  -39.708  -3.364 0.8000000119
61496  -23.753  -40.686  -4.934 0.8000000119
48996  -5.482  -48.077  -2.404 0.6999999881
60093  -24.256  -41.416  -5.456 0.6999999881
51499  -5.475  -47.215  -2.375 0.6000000238
51513  -5.183  -47.040  -2.763 0.6999999881
51495  -3.110  -47.247  -1.997 0.6999999881
60122  -23.939  -42.140  -6.915 0.8000000119
62887  -23.552  -39.996  -5.587 0.8000000119
50273  -6.874  -47.801  -3.141 0.5000000000
52928  -6.893  -46.052  -2.902 0.6000000238
58718  -24.006  -42.526  -8.171 0.6999999881
65384  -21.525  -38.605  -2.882 0.6999999881
62886  -23.342  -39.467  -5.261 0.8000000119
61518  -24.095  -40.536  -7.145 0.6999999881
61522  -24.158  -41.165  -7.822 0.8000000119
52968  -8.153  -46.043  -4.616 0.6000000238
61528  -23.298  -40.937  -8.324 0.8000000119
60164  -23.403  -41.620  -8.734 0.6999999881
58740  -23.651  -42.176  -8.621 0.6999999881
64175  -23.499  -39.444  -7.999 0.8000000119
54341  -10.166  -45.414  -5.044 0.6000000238
65420  -22.679  -38.307  -4.279 0.6999999881
66660  -21.742  -38.099  -3.885 0.8000000119
65433  -22.410  -37.484  -5.435 0.6999999881
64152  -22.609  -37.964  -5.196 0.6999999881
65434  -22.733  -38.173  -6.164 0.6999999881
64164  -23.066  -38.950  -6.504 0.8000000119
65448  -22.275  -38.910  -6.501 0.6000000238
64179  -22.760  -39.366  -7.926 0.6000000238
69307  -20.541  -36.562  -4.440 0.6000000238
67946  -20.551  -37.365  -5.726 0.6000000238
66684  -21.626  -38.430  -5.621 0.6000000238
67953  -20.785  -37.528  -6.468 0.6000000238
66707  -21.807  -37.961  -7.175 0.5000000000
55749  -12.680  -44.103  -8.585 0.5000000000
65487  -21.841  -38.617  -9.274 0.6999999881
69327  -20.333  -36.957  -6.218 0.4000000060
67973  -21.921  -37.884  -8.816 0.6999999881
67972  -21.793  -37.432  -8.281 0.6000000238
57243  -12.913  -43.441  -9.213 0.5000000000
58754  -13.243  -42.498  -9.810 0.5000000000
67984  -21.689  -37.539  -9.170 0.6999999881
70708  -21.296  -36.115  -8.649 0.6999999881
70707  -21.023  -35.434  -8.781 0.6000000238
70713  -20.799  -35.414  -9.622 0.6000000238
70720  -20.798  -36.030  -9.986 0.6000000238
64210  -11.654  -39.418  -10.808 0.4000000060
76309  -17.064  -32.568  -13.222 0.3000000119
77769  -16.893  -31.817  -13.455 0.1000000015
76333  -16.063  -32.393  -13.918 0.3000000119
79281  -17.473  -30.935  -13.047 0.2000000030
76332  -15.365  -32.374  -14.007 0.2000000030
79304  -16.707  -30.286  -13.853 0.1000000015
77793  -15.707  -31.651  -13.985 0.1000000015
79302  -15.254  -30.891  -14.045 0.1000000015
79278  -13.411  -31.287  -13.451 0.1000000015
4213  -2.565  -79.749  -11.489 0.1000000015
4228  -4.545  -79.323  -12.419 0.1000000015
4978  -5.625  -78.979  -12.462 0.1000000015
4965  -7.496  -78.753  -12.454 0.1000000015
4949  -3.061  -79.496  -11.314 0.1000000015
4199  -2.280  -79.741  -10.882 0.1000000015
3254  -16.276  -80.149  9.268 0.4000000060
3929  -15.818  -79.657  8.602 0.3000000119
3931  -17.005  -79.274  9.140 0.3000000119
2672  -15.236  -81.171  9.131 0.4000000060
2671  -14.819  -81.214  8.538 0.4000000060
3261  -14.653  -80.565  8.125 0.4000000060
2137  -13.688  -81.695  7.680 0.4000000060
4961  -4.726  -78.924  -11.890 0.1000000015
4967  -9.264  -79.090  -12.424 0.1000000015
4953  -5.635  -78.429  -11.541 0.1000000015
5694  -7.962  -78.286  -12.147 0.1000000015
4921  -3.004  -79.473  -10.553 0.1000000015
3243  -16.408  -80.225  9.669 0.3000000119
3913  -16.923  -79.780  9.704 0.3000000119
4673  -17.717  -78.589  9.053 0.3000000119
4671  -16.344  -78.870  8.490 0.4000000060
5404  -16.721  -77.857  8.115 0.4000000060
3938  -14.729  -79.916  8.042 0.5000000000
2117  -14.322  -81.801  8.938 0.4000000060
2115  -12.981  -81.854  8.881 0.4000000060
2680  -13.970  -81.099  7.648 0.5000000000
2136  -12.928  -82.051  7.536 0.6000000238
2152  -11.378  -81.669  6.521 0.6000000238
2691  -12.781  -81.156  6.620 0.6000000238
2665  -9.726  -81.010  7.932 0.6000000238
2678  -9.951  -81.402  7.404 0.6000000238
2679  -10.732  -81.719  7.364 0.6000000238
2140  -8.181  -81.674  6.754 0.6000000238
5692  -6.659  -78.268  -11.886 0.1000000015
4951  -4.268  -78.894  -11.316 0.1000000015
1166  -16.282  -83.041  -18.403 0.3000000119
2661  -15.399  -81.151  9.657 0.4000000060
3242  -15.900  -80.753  9.959 0.4000000060
4641  -18.594  -78.799  10.025 0.3000000119
4657  -18.761  -78.507  9.624 0.3000000119
2651  -14.324  -81.395  10.038 0.4000000060
2658  -13.364  -81.528  9.449 0.4000000060
4681  -14.840  -79.038  8.011 0.4000000060
5402  -15.316  -78.256  7.868 0.4000000060
4680  -13.949  -78.945  7.554 0.5000000000
2124  -11.724  -81.977  7.898 0.6000000238
3268  -13.735  -80.345  7.414 0.5000000000
3266  -12.844  -80.309  6.650 0.6000000238
3943  -12.838  -79.514  6.747 0.5000000000
2153  -11.855  -81.592  6.309 0.6000000238
3273  -11.960  -80.244  6.004 0.6000000238
2158  -5.441  -81.798  5.233 0.6000000238
1198  -5.580  -83.279  5.977 0.6000000238
2131  -7.479  -81.886  7.730 0.6000000238
1202  -5.248  -83.225  5.162 0.6000000238
1630  -6.517  -82.877  6.834 0.6000000238
2139  -7.617  -82.060  6.888 0.6000000238
1634  -7.159  -82.617  6.258 0.6000000238
226723  -15.331  -83.071  -16.259 0.4000000060
2563  -17.553  -81.590  -18.738 0.3000000119
3129  -18.128  -80.975  -19.821 0.2000000030
3757  -18.294  -80.678  -21.143 0.2000000030
3893  -17.244  -79.716  10.886 0.3000000119
3894  -17.864  -79.401  10.735 0.3000000119
2646  -15.430  -80.935  10.779 0.4000000060
5392  -18.296  -77.944  8.751 0.4000000060
5348  -19.945  -78.380  10.491 0.3000000119
5361  -19.687  -78.205  9.870 0.4000000060
6167  -17.287  -77.476  8.099 0.4000000060
6136  -19.626  -77.665  8.874 0.4000000060
6154  -18.608  -77.506  8.452 0.4000000060
2657  -12.809  -81.219  9.177 0.5000000000
6165  -15.754  -77.509  7.730 0.4000000060
5400  -13.983  -78.052  7.451 0.5000000000
5410  -12.804  -78.289  6.932 0.5000000000
2666  -10.460  -81.188  7.952 0.6000000238
3951  -12.334  -79.669  6.320 0.5000000000
2675  -7.954  -81.513  7.670 0.6000000238
4166  -6.747  -79.477  -8.410 0.6000000238
4201  -6.794  -79.732  -10.765 0.6000000238
2699  -9.096  -81.209  6.259 0.6000000238
2701  -10.420  -81.034  6.120 0.6000000238
9247  -16.402  -75.494  -28.365 0.3000000119
4623  -19.341  -78.697  11.068 0.3000000119
5330  -20.710  -77.776  12.016 0.3000000119
3892  -16.646  -80.087  11.042 0.4000000060
5362  -20.325  -78.098  10.144 0.4000000060
6109  -21.503  -77.669  10.712 0.4000000060
6138  -20.776  -77.544  9.219 0.4000000060
6169  -18.951  -77.033  8.101 0.4000000060
6991  -17.756  -76.781  7.684 0.4000000060
6992  -18.534  -76.653  7.705 0.4000000060
6989  -16.254  -76.936  7.560 0.4000000060
2668  -11.916  -81.538  8.449 0.5000000000
6180  -14.407  -77.274  7.298 0.4000000060
7006  -15.013  -76.503  7.026 0.4000000060
6178  -12.866  -77.553  6.849 0.5000000000
3957  -11.132  -79.320  5.494 0.6000000238
4174  -6.840  -79.455  -9.252 0.6000000238
1628  -5.393  -82.643  6.497 0.6000000238
2711  -10.637  -80.582  5.665 0.6000000238
3280  -10.957  -80.087  5.479 0.6000000238
4906  -7.162  -78.986  -8.336 0.6000000238
4216  -7.704  -79.722  -11.192 0.6000000238
3279  -10.231  -80.060  5.147 0.6000000238
3298  -8.991  -79.714  3.928 0.6000000238
4217  -8.410  -79.899  -11.279 0.6000000238
2700  -9.692  -81.065  6.171 0.6000000238
2710  -9.857  -80.636  5.517 0.6000000238
3286  -9.144  -80.169  4.413 0.6000000238
3309  -8.424  -80.241  2.923 0.6000000238
4918  -10.248  -78.716  -9.177 0.5000000000
5645  -9.559  -77.524  -8.243 0.5000000000
4919  -10.784  -79.155  -8.857 0.5000000000
841  -6.414  -83.529  5.715 0.6000000238
3322  -8.139  -80.592  2.047 0.6000000238
4189  -10.521  -79.900  -9.573 0.5000000000
4177  -10.721  -79.946  -9.005 0.5000000000
34  -12.017  -85.909  -7.272 0.6000000238
185  -13.485  -85.355  -7.646 0.6000000238
6097  -21.466  -77.352  11.568 0.2000000030
6098  -22.095  -76.843  11.597 0.3000000119
6936  -23.569  -76.124  11.106 0.2000000030
7806  -25.317  -75.411  7.396 0.2000000030
8657  -24.226  -74.684  6.612 0.2000000030
8697  -23.692  -74.713  5.031 0.2000000030
9525  -22.861  -74.676  4.365 0.1000000015
9540  -21.226  -74.233  3.714 0.2000000030
6111  -22.689  -76.808  11.205 0.2000000030
9524  -22.371  -74.372  4.344 0.2000000030
6122  -21.955  -77.429  10.183 0.4000000060
3241  -13.229  -80.707  9.732 0.4000000060
3240  -12.714  -80.555  9.226 0.5000000000
6157  -21.142  -77.076  8.734 0.4000000060
6170  -19.682  -76.878  8.113 0.4000000060
7008  -16.654  -76.386  7.253 0.4000000060
3926  -11.537  -80.154  8.623 0.5000000000
6980  -20.820  -76.702  8.264 0.4000000060
7011  -18.902  -76.171  7.377 0.4000000060
7816  -14.823  -75.917  6.583 0.4000000060
3248  -10.254  -80.560  8.294 0.6000000238
4696  -11.994  -78.861  6.192 0.5000000000
7004  -13.488  -76.558  6.638 0.4000000060
2664  -8.962  -80.976  7.983 0.6000000238
4915  -7.539  -78.896  -9.189 0.6000000238
4925  -7.634  -79.070  -10.057 0.6000000238
4907  -7.856  -78.479  -8.283 0.5000000000
5646  -10.402  -77.823  -8.355 0.5000000000
5647  -10.910  -78.221  -8.089 0.5000000000
2151  -8.457  -81.460  5.970 0.6000000238
3537  -9.257  -80.480  -11.054 0.6000000238
839  -5.656  -83.613  5.304 0.6000000238
2160  -8.452  -81.373  5.153 0.6000000238
2725  -8.439  -80.977  3.699 0.6000000238
3996  -8.240  -79.664  2.130 0.6000000238
4167  -10.911  -79.654  -8.263 0.4000000060
845  -5.549  -83.761  3.912 0.6000000238
2918  -10.273  -81.551  -9.432 0.5000000000
3490  -10.810  -80.297  -8.391 0.5000000000
1838  -9.858  -82.615  -9.222 0.6000000238
2362  -10.428  -81.807  -8.594 0.5000000000
181  -8.977  -85.783  -8.094 0.6000000238
31  -10.160  -86.275  -7.894 0.5000000000
25  -10.845  -86.487  -7.306 0.5000000000
17  -9.689  -86.301  -6.770 0.5000000000
20  -11.582  -86.512  -6.641 0.5000000000
7760  -24.242  -75.598  10.805 0.3000000119
8609  -25.380  -74.890  10.239 0.2000000030
8680  -24.463  -74.768  5.845 0.2000000030
7761  -24.901  -75.550  10.488 0.2000000030
7770  -25.552  -75.784  9.865 0.2000000030
7790  -25.154  -75.694  8.311 0.3000000119
9484  -23.291  -74.339  5.398 0.2000000030
3234  -14.061  -81.040  10.506 0.4000000060
6140  -22.336  -77.188  9.789 0.4000000060
3246  -8.778  -80.328  8.294 0.6000000238
6950  -23.679  -76.449  10.287 0.3000000119
6982  -22.189  -76.641  8.886 0.4000000060
7819  -17.103  -75.932  6.843 0.4000000060
6996  -21.202  -76.259  8.069 0.4000000060
7822  -19.473  -75.780  7.149 0.4000000060
7845  -18.045  -75.568  6.637 0.4000000060
7841  -15.325  -75.496  6.231 0.4000000060
1625  -5.994  -82.783  7.488 0.6000000238
2121  -7.084  -81.947  8.325 0.6000000238
4916  -8.522  -78.388  -9.138 0.5000000000
5643  -8.267  -78.183  -8.260 0.5000000000
2718  -8.686  -80.859  4.645 0.6000000238
2952  -9.977  -80.909  -10.415 0.5000000000
4917  -9.480  -78.409  -9.290 0.5000000000
1203  -7.046  -83.386  5.117 0.6000000238
1639  -7.541  -82.461  5.432 0.6000000238
4026  -7.651  -79.858  0.722 0.6000000238
4038  -7.124  -79.720  -0.686 0.6000000238
1837  -9.449  -83.095  -9.416 0.6000000238
1363  -9.395  -83.457  -8.776 0.6000000238
1830  -10.028  -82.758  -8.412 0.6000000238
980  -8.762  -84.448  -8.430 0.6000000238
1356  -9.495  -83.713  -8.218 0.6000000238
653  -9.158  -84.845  -7.526 0.6000000238
1821  -10.373  -82.593  -7.429 0.5000000000
2340  -10.478  -82.042  -7.858 0.5000000000
165  -9.256  -85.919  -7.473 0.6000000238
386  -9.493  -85.574  -6.848 0.6000000238
19  -10.817  -86.660  -6.631 0.5000000000
167  -12.434  -86.478  -6.473 0.6000000238
534  -6.987  -84.416  3.475 0.6000000238
7791  -25.976  -75.755  8.232 0.2000000030
4654  -12.638  -79.458  9.325 0.5000000000
4668  -11.312  -79.425  8.565 0.5000000000
3924  -10.110  -79.818  8.331 0.6000000238
2663  -8.036  -81.147  8.208 0.6000000238
8651  -18.984  -75.337  6.648 0.4000000060
2129  -5.399  -81.966  7.517 0.6000000238
4205  -9.609  -79.753  -10.494 0.5000000000
2166  -8.223  -81.782  4.419 0.6000000238
2379  -9.939  -82.014  -9.860 0.6000000238
2937  -10.201  -81.181  -9.913 0.5000000000
1212  -7.936  -83.174  3.869 0.6000000238
2165  -8.006  -82.037  4.758 0.6000000238
4757  -8.025  -78.887  1.486 0.6000000238
855  -7.502  -83.851  3.708 0.6000000238
973  -9.815  -83.946  -7.272 0.6000000238
2656  -7.511  -80.811  8.774 0.6000000238
1619  -6.410  -82.158  8.708 0.6000000238
2697  -5.748  -81.280  5.906 0.6000000238
2685  -5.692  -81.373  6.629 0.6000000238
643  -9.826  -84.558  -6.518 0.5000000000
5388  -11.245  -78.710  8.519 0.5000000000
4666  -9.992  -79.016  8.247 0.6000000238
3922  -8.661  -79.511  8.412 0.6000000238
2686  -5.939  -80.795  6.429 0.6000000238
2111  -5.383  -81.507  8.872 0.6000000238
3271  -6.102  -80.003  5.595 0.6000000238
2673  -5.554  -81.191  7.428 0.6000000238
4693  -6.475  -78.958  5.905 0.6000000238
3941  -6.265  -79.345  6.715 0.6000000238
3258  -5.570  -80.272  7.901 0.6000000238
3921  -7.954  -79.337  8.643 0.6000000238
2655  -6.997  -80.628  9.184 0.6000000238
6195  -6.541  -77.393  5.265 0.6000000238
5415  -6.651  -77.936  5.920 0.6000000238
3909  -7.346  -79.176  9.051 0.6000000238
2654  -5.264  -80.730  9.105 0.6000000238
7003  -6.666  -76.933  6.373 0.6000000238
4686  -6.166  -78.813  7.259 0.6000000238
2522  -1.962  -81.414  -17.102 0.2000000030
4651  -7.195  -78.410  9.224 0.6000000238
3238  -6.840  -79.808  9.406 0.6000000238
9458  -4.993  -74.249  7.680 0.6000000238
7836  -6.005  -75.673  5.818 0.6000000238
3936  -5.853  -79.397  7.700 0.6000000238
3054  -0.816  -80.358  -15.617 0.2000000030
2507  -0.375  -81.154  -16.742 0.4000000060
4282  -0.041  -79.414  -15.201 0.2000000030
6131  -7.497  -77.019  9.433 0.6000000238
3231  -5.642  -80.005  9.895 0.6000000238
3237  -5.243  -80.019  9.368 0.6000000238
7798  -6.128  -75.442  7.837 0.6000000238
6988  -6.310  -76.293  7.380 0.6000000238
5408  -6.276  -78.054  7.309 0.6000000238
6191  -0.452  -77.707  4.860 0.3000000119
4726  -0.392  -78.563  2.675 0.3000000119
5744  0.339  -78.022  -15.794 0.3000000119
5036  0.342  -78.599  -16.270 0.3000000119
3661  0.304  -80.245  -16.254 0.4000000060
6944  -8.179  -76.300  10.164 0.6000000238
6116  -6.860  -77.013  10.034 0.6000000238
4650  -6.666  -78.444  9.618 0.6000000238
3897  -5.367  -79.417  9.737 0.6000000238
3907  -5.182  -79.271  9.168 0.6000000238
9424  -5.243  -73.917  9.318 0.6000000238
7785  -6.009  -75.354  8.567 0.6000000238
9459  -5.616  -74.270  8.118 0.6000000238
6975  -5.931  -76.271  8.440 0.6000000238
6162  -6.097  -77.179  7.757 0.6000000238
4662  -5.604  -78.503  8.205 0.6000000238
7029  -0.374  -77.181  5.293 0.3000000119
6985  0.189  -76.662  7.361 0.3000000119
7830  -0.210  -76.062  5.860 0.3000000119
6217  -0.543  -77.675  3.710 0.3000000119
6525  0.444  -76.703  -15.642 0.3000000119
6542  0.434  -77.032  -16.643 0.3000000119
6563  0.197  -76.869  -17.592 0.4000000060
6927  -7.297  -76.388  10.874 0.4000000060
6901  -7.027  -76.420  11.364 0.4000000060
6105  -6.656  -76.752  10.532 0.5000000000
5356  -5.813  -77.751  10.302 0.6000000238
5345  -5.725  -77.382  10.711 0.5000000000
4636  -5.085  -78.492  9.712 0.6000000238
4649  -5.047  -78.456  9.037 0.6000000238
6145  -5.583  -77.329  8.484 0.6000000238
10322  -4.538  -73.448  10.123 0.5000000000
9399  -5.687  -74.315  9.876 0.6000000238
6974  -5.437  -76.730  8.940 0.6000000238
6971  0.796  -76.407  8.912 0.3000000119
7783  0.538  -75.860  8.231 0.3000000119
7811  0.130  -75.821  6.865 0.2000000030
30179  0.642  -59.881  -15.128 0.2000000030
28812  0.525  -60.292  -14.714 0.2000000030
4593  -7.080  -78.868  13.807 0.3000000119
6053  -6.575  -77.279  13.059 0.4000000060
6069  -6.026  -76.842  12.286 0.4000000060
6090  -6.104  -76.720  11.500 0.5000000000
5343  -4.742  -77.684  10.717 0.5000000000
5354  -4.800  -77.863  10.067 0.5000000000
6114  -4.504  -77.400  10.372 0.5000000000
6144  -5.155  -77.274  9.096 0.5000000000
10306  -5.111  -73.747  11.095 0.5000000000
8594  -5.411  -75.296  10.402 0.6000000238
7775  -5.505  -75.998  9.619 0.6000000238
6954  1.131  -76.540  9.717 0.3000000119
7772  1.001  -75.680  9.420 0.3000000119
30165  0.315  -59.405  -14.173 0.2000000030
27433  0.492  -61.044  -14.579 0.2000000030
27434  0.055  -61.527  -13.903 0.2000000030
31437  0.189  -58.652  -14.203 0.5000000000
9875  0.990  -73.730  -17.217 0.3000000119
8198  0.642  -75.031  -16.302 0.3000000119
7395  0.638  -76.114  -16.871 0.3000000119
9113  1.021  -74.652  -18.407 0.3000000119
9115  0.207  -74.892  -18.842 0.3000000119
3818  -7.732  -79.157  18.274 0.1000000015
3820  -8.301  -79.413  18.276 0.1000000015
3199  -8.249  -79.961  16.817 0.1000000015
3865  -7.326  -79.598  14.189 0.2000000030
5306  -6.184  -77.900  13.520 0.4000000060
6052  -5.650  -77.304  13.075 0.4000000060
6089  -5.435  -77.101  11.411 0.4000000060
5334  -4.609  -77.419  11.107 0.5000000000
6924  -4.439  -76.451  10.856 0.5000000000
7766  -5.195  -75.955  10.132 0.6000000238
6958  -5.083  -76.602  9.595 0.5000000000
9369  -5.047  -74.255  12.033 0.5000000000
8571  -5.303  -74.886  11.102 0.5000000000
10296  -4.535  -73.525  12.303 0.5000000000
8612  0.948  -74.868  8.957 0.2000000030
12677  1.273  -71.894  -18.969 0.2000000030
10778  0.857  -72.971  -17.348 0.1000000015
11757  1.227  -72.779  -18.647 0.3000000119
10834  0.650  -73.435  -19.691 0.3000000119
10833  1.154  -73.390  -19.233 0.3000000119
10835  0.036  -73.454  -19.401 0.3000000119
3826  -7.496  -79.425  17.315 0.1000000015
3201  -6.671  -80.058  16.170 0.1000000015
3208  -7.601  -80.218  15.849 0.1000000015
3211  -6.399  -80.171  14.973 0.2000000030
4592  -6.291  -78.942  14.063 0.3000000119
5292  -5.339  -78.554  14.102 0.4000000060
6051  -4.820  -77.441  13.054 0.4000000060
6068  -5.109  -77.160  12.317 0.4000000060
7725  -4.960  -75.328  11.678 0.5000000000
7744  -4.363  -76.318  11.288 0.5000000000
9339  -3.279  -74.476  14.747 0.5000000000
9353  -4.221  -74.148  13.372 0.5000000000
10287  -4.014  -73.350  12.898 0.5000000000
8591  1.218  -74.872  10.078 0.3000000119
18562  1.583  -66.923  -20.275 0.2000000030
16514  1.227  -68.299  -19.799 0.2000000030
14629  1.239  -70.019  -19.899 0.2000000030
14610  1.021  -70.410  -19.414 0.2000000030
11779  1.340  -72.516  -19.532 0.2000000030
3862  -5.494  -79.366  14.421 0.3000000119
5304  -4.488  -77.853  13.609 0.4000000060
5303  -3.850  -77.792  13.632 0.4000000060
6067  -4.383  -77.236  12.440 0.4000000060
5302  -3.460  -77.633  13.770 0.4000000060
6066  -3.889  -76.985  12.601 0.4000000060
6087  -4.062  -77.027  12.088 0.5000000000
6035  -3.120  -77.077  14.665 0.4000000060
6049  -3.625  -77.152  13.351 0.5000000000
7693  -3.681  -75.812  14.354 0.5000000000
7709  -4.271  -75.727  13.150 0.5000000000
6878  -4.261  -76.098  12.332 0.5000000000
8532  -3.499  -75.293  14.750 0.5000000000
7703  -4.314  -74.905  13.549 0.5000000000
7716  -4.695  -75.361  12.357 0.5000000000
9380  1.536  -74.554  11.467 0.3000000119
22143  1.525  -64.178  -20.221 0.4000000060
22161  1.389  -64.251  -21.062 0.5000000000
18582  1.700  -66.684  -21.313 0.2000000030
16530  1.467  -68.396  -20.447 0.2000000030
16558  1.598  -68.612  -21.726 0.3000000119
14646  1.575  -69.992  -20.971 0.2000000030
14673  1.231  -69.853  -22.286 0.4000000060
13704  1.582  -70.742  -21.447 0.2000000030
12752  0.880  -71.265  -22.378 0.4000000060
11811  0.942  -72.135  -21.420 0.3000000119
4588  -3.899  -78.496  14.385 0.4000000060
5264  -2.516  -78.160  15.963 0.3000000119
5272  -2.778  -78.007  15.385 0.3000000119
9381  1.351  -74.201  10.949 0.2000000030
9418  1.126  -74.007  9.245 0.2000000030
9393  1.194  -73.805  10.124 0.2000000030
20867  1.698  -65.486  -21.482 0.5000000000
13127  -4.472  -70.764  10.450 0.1000000015
10298  1.542  -73.967  11.845 0.3000000119
10309  1.198  -73.462  10.752 0.2000000030
11267  1.062  -72.656  10.902 0.2000000030
12186  0.836  -71.992  9.636 0.2000000030
11260  1.071  -72.625  11.913 0.2000000030
13125  -0.301  -71.421  10.488 0.2000000030
12168  -0.941  -71.465  10.631 0.1000000015
12169  -1.674  -71.469  10.672 0.1000000015
30115  -0.265  -59.329  -9.990 0.4000000060
14092  -5.497  -70.012  10.098 0.1000000015
14101  -6.726  -69.912  9.434 0.1000000015
12183  -5.477  -71.178  9.760 0.1000000015
13136  -6.441  -70.617  9.460 0.1000000015
10291  1.431  -73.170  12.393 0.3000000119
13117  -3.900  -70.576  10.796 0.1000000015
12166  0.528  -71.475  10.884 0.2000000030
12175  0.332  -71.582  10.217 0.2000000030
12180  -3.439  -71.446  10.200 0.1000000015
12165  0.808  -71.935  11.028 0.2000000030
30090  -0.713  -59.177  -8.651 0.5000000000
10283  1.432  -73.006  12.896 0.3000000119
14091  -4.822  -69.994  10.454 0.1000000015
28687  -0.466  -60.534  -5.647 0.3000000119
27353  -1.108  -60.667  -6.389 0.3000000119
30048  -0.889  -60.022  -6.661 0.3000000119
28750  -1.268  -60.167  -7.949 0.3000000119
31371  -0.637  -58.676  -8.099 0.4000000060
13101  0.362  -70.953  11.340 0.3000000119
11253  0.761  -72.216  12.510 0.2000000030
12160  0.423  -71.597  12.320 0.2000000030
12163  0.524  -71.562  11.554 0.2000000030
11156  -1.166  -72.855  18.491 0.6999999881
27312  -0.790  -60.853  -5.359 0.3000000119
13071  0.104  -71.117  12.805 0.4000000060
13089  -0.142  -70.639  12.602 0.2000000030
10151  -0.443  -72.986  21.244 0.6999999881
11137  -0.637  -72.435  19.102 0.6999999881
11094  -0.345  -72.526  20.828 0.8000000119
27209  -0.244  -60.830  -2.740 0.2000000030
27233  -0.933  -61.196  -3.153 0.2000000030
28604  0.363  -60.488  -3.207 0.4000000060
27256  -0.152  -60.901  -4.268 0.3000000119
25837  -1.402  -61.596  -3.561 0.2000000030
29979  0.648  -59.321  -3.903 0.5000000000
28575  0.427  -60.025  -2.296 0.4000000060
29932  0.924  -59.170  -2.754 0.5000000000
40952  -6.306  -53.028  -17.168 0.4000000060
28519  -0.430  -59.638  -0.291 0.5000000000
27141  -1.099  -60.143  -0.026 0.3000000119
28476  -1.703  -59.595  0.682 0.3000000119
31135  -0.031  -58.564  0.809 0.5000000000
29828  -0.986  -59.130  0.801 0.5000000000
29859  -2.968  -59.558  0.511 0.3000000119
31179  -6.375  -59.031  -0.617 0.2000000030
33742  -1.306  -56.996  1.633 0.6000000238
32435  -2.229  -57.916  1.324 0.5000000000
32448  -2.789  -57.935  0.972 0.3000000119
31155  -2.834  -58.770  0.815 0.3000000119
32449  -3.383  -58.063  0.586 0.3000000119
31137  -1.211  -58.617  1.307 0.5000000000
31154  -2.298  -58.909  1.005 0.4000000060
31156  -3.479  -58.874  0.355 0.3000000119
31176  -4.133  -59.047  -0.130 0.3000000119
32471  -5.496  -58.298  -0.604 0.2000000030
31136  -0.576  -58.560  1.145 0.6000000238
31178  -5.694  -59.060  -0.486 0.3000000119
35053  -0.802  -56.146  1.578 0.6000000238
33741  -0.383  -57.054  1.682 0.6000000238
29858  -2.344  -59.421  0.721 0.3000000119
18050  -3.616  -67.215  11.724 0.2000000030
18051  -4.069  -66.694  11.299 0.3000000119
33757  -2.006  -56.591  1.310 0.5000000000
33758  -2.530  -57.116  1.043 0.4000000060
32469  -3.986  -58.171  0.110 0.2000000030
33795  -5.370  -57.501  -0.916 0.2000000030
32492  -6.344  -58.333  -0.890 0.2000000030
18074  -3.906  -66.449  10.455 0.3000000119
33759  -3.220  -57.246  0.694 0.3000000119
33779  -3.762  -57.364  0.209 0.3000000119
36383  -1.824  -55.398  1.074 0.5000000000
35089  -2.962  -56.104  0.335 0.5000000000
35100  -3.795  -56.354  -0.459 0.2000000030
33794  -4.789  -57.228  -0.727 0.2000000030
37795  -0.944  -54.616  0.980 0.6000000238
35101  -4.299  -56.626  -0.792 0.2000000030
37794  -0.227  -54.536  0.743 0.6999999881
25468  -5.704  -61.847  14.547 0.6000000238
19145  -4.317  -65.904  10.957 0.3000000119
20347  -4.351  -65.237  10.529 0.3000000119
36392  -2.281  -55.468  0.753 0.5000000000
37809  -2.787  -55.198  -0.015 0.5000000000
36426  -3.170  -55.333  -0.769 0.2000000030
36427  -3.727  -55.764  -0.995 0.2000000030
37851  -3.266  -54.890  -1.227 0.2000000030
39209  -1.313  -54.009  0.637 0.6000000238
39208  -0.785  -54.016  0.712 0.6999999881
37797  -2.046  -55.073  0.718 0.5000000000
39242  -2.573  -54.162  -0.294 0.6000000238
37835  -2.855  -54.840  -0.420 0.5000000000
39263  -3.065  -54.147  -1.529 0.5000000000
39221  -1.799  -53.928  0.438 0.6000000238
37872  -3.881  -54.555  -2.432 0.3000000119
40682  -2.416  -53.280  -0.269 0.6000000238
40699  -2.868  -53.388  -1.187 0.4000000060
42222  -2.752  -52.565  -1.547 0.3000000119
42186  -2.214  -52.451  -0.027 0.6000000238
42238  -3.009  -52.660  -2.490 0.3000000119
43696  -3.076  -51.713  -2.840 0.3000000119
42239  -3.388  -52.513  -3.334 0.3000000119
42270  -4.916  -52.269  -4.429 0.3000000119
45075  -2.844  -50.823  -1.554 0.4000000060
43650  -2.565  -51.473  -0.441 0.4000000060
43711  -3.490  -51.620  -3.636 0.3000000119
42269  -4.436  -51.879  -4.394 0.3000000119
43728  -6.043  -51.898  -4.876 0.3000000119
43734  -5.845  -51.335  -5.132 0.3000000119
42281  -7.083  -52.108  -5.006 0.2000000030
45099  -2.940  -50.925  -2.344 0.3000000119
45141  -3.886  -50.643  -4.311 0.3000000119
45152  -4.885  -50.710  -4.974 0.3000000119
46528  -5.748  -49.983  -5.447 0.3000000119
46435  -2.999  -50.191  -1.772 0.4000000060
45154  -6.299  -50.704  -5.547 0.3000000119
46468  -3.189  -50.100  -2.537 0.5000000000
46494  -3.444  -50.189  -3.429 0.3000000119
47806  -4.360  -49.763  -4.520 0.4000000060
47770  -3.623  -49.556  -3.267 0.5000000000
47807  -4.780  -49.468  -4.626 0.5000000000
47820  -6.450  -49.251  -5.486 0.3000000119
46537  -6.770  -49.851  -5.880 0.4000000060
47832  -7.648  -49.246  -6.243 0.3000000119
46436  -3.267  -49.672  -1.812 0.5000000000
47748  -3.651  -49.310  -2.533 0.5000000000
47771  -4.274  -49.058  -3.183 0.5000000000
49069  -5.608  -48.472  -3.568 0.5000000000
49084  -6.468  -48.614  -4.664 0.4000000060
49114  -7.444  -48.905  -5.924 0.3000000119
49101  -7.884  -48.129  -5.101 0.3000000119
47723  -3.409  -48.989  -1.950 0.5000000000
47750  -4.781  -48.578  -2.598 0.5000000000
49116  -8.620  -48.554  -6.634 0.3000000119
39138  -9.663  -54.204  4.492 0.6999999881
40572  -10.564  -53.235  4.132 0.6999999881
49071  -6.754  -48.085  -3.877 0.4000000060
50247  -5.993  -47.625  -2.632 0.5000000000
50302  -7.565  -47.761  -3.675 0.3000000119
49085  -7.344  -48.046  -4.451 0.4000000060
50346  -8.475  -47.856  -5.502 0.4000000060
50368  -8.664  -48.052  -6.148 0.3000000119
50369  -9.174  -47.923  -6.640 0.3000000119
50390  -10.040  -47.992  -7.480 0.3000000119
50391  -10.774  -47.857  -7.693 0.3000000119
50324  -8.395  -47.743  -4.665 0.5000000000
51629  -11.402  -46.243  -6.568 0.5000000000
47797  -15.809  -49.261  -4.280 0.6000000238
50349  -16.495  -47.853  -5.282 0.6000000238
51593  -18.034  -46.882  -5.259 0.6000000238
49077  -18.476  -48.218  -4.375 0.6999999881
47777  -18.585  -48.852  -3.370 0.6000000238
49046  -6.333  -48.085  -3.438 0.3000000119
50347  -9.148  -47.570  -5.855 0.4000000060
50371  -10.372  -47.526  -7.237 0.4000000060
50275  -8.415  -47.008  -3.262 0.5000000000
51589  -9.330  -46.973  -4.957 0.5000000000
51627  -9.944  -47.244  -6.430 0.4000000060
51656  -11.310  -47.044  -7.471 0.3000000119
51574  -9.151  -46.735  -3.991 0.5000000000
51590  -10.001  -46.262  -4.913 0.5000000000
51609  -10.721  -46.238  -5.844 0.5000000000
51628  -10.519  -47.011  -6.697 0.4000000060
51687  -12.231  -46.838  -7.990 0.4000000060
51610  -11.256  -46.005  -6.029 0.5000000000
51720  -14.383  -46.890  -9.057 0.3000000119
51722  -15.868  -46.863  -9.209 0.2000000030
50228  -18.670  -47.227  -1.816 0.3000000119
52903  -18.970  -45.900  -1.829 0.3000000119
52975  -17.939  -46.321  -5.062 0.6000000238
51578  -18.970  -46.827  -4.336 0.6000000238
50252  -19.895  -47.672  -2.816 0.6000000238
49027  -20.211  -48.353  -2.435 0.6000000238
52936  -19.516  -46.240  -3.842 0.6000000238
51520  -19.769  -47.263  -3.122 0.6000000238
49029  -21.668  -48.341  -2.652 0.6000000238
60038  -15.869  -41.961  -2.088 0.3000000119
53047  -13.460  -46.141  -8.549 0.3000000119
53045  -12.368  -46.177  -7.611 0.5000000000
53081  -14.034  -46.211  -8.892 0.3000000119
53082  -14.713  -46.179  -9.098 0.3000000119
53084  -16.215  -46.105  -9.249 0.3000000119
51724  -17.427  -46.829  -9.269 0.2000000030
51725  -18.229  -46.826  -9.278 0.3000000119
52973  -11.032  -45.361  -5.449 0.5000000000
52986  -11.858  -45.316  -5.849 0.5000000000
53001  -11.964  -45.605  -6.298 0.5000000000
54422  -13.798  -45.753  -8.663 0.4000000060
54423  -14.297  -45.448  -8.781 0.4000000060
54425  -15.785  -45.403  -9.182 0.3000000119
54427  -17.324  -45.285  -9.152 0.2000000030
53086  -17.784  -46.048  -9.250 0.2000000030
54403  -14.062  -45.012  -8.471 0.5000000000
55775  -16.054  -44.559  -8.969 0.3000000119
55776  -16.851  -44.551  -9.022 0.3000000119
58607  -17.468  -43.170  -2.133 0.3000000119
60039  -16.298  -42.443  -1.863 0.4000000060
54296  -20.230  -45.477  -3.047 0.6000000238
51522  -20.889  -46.919  -2.777 0.6999999881
55646  -20.848  -44.548  -2.543 0.6000000238
60037  -15.575  -41.541  -1.885 0.3000000119
61449  -16.273  -41.369  -2.534 0.3000000119
61432  -15.804  -41.230  -2.098 0.3000000119
61450  -16.936  -41.361  -2.964 0.4000000060
62826  -15.691  -40.484  -2.131 0.3000000119
49153  -22.212  -48.413  -8.487 0.2000000030
55755  -24.671  -44.333  -7.781 0.5000000000
55754  -24.281  -44.538  -8.446 0.4000000060
57253  -23.791  -42.971  -8.837 0.6000000238
54384  -12.785  -45.168  -6.971 0.5000000000
55777  -17.630  -44.519  -8.970 0.2000000030
55716  -13.229  -44.438  -7.129 0.5000000000
54386  -13.454  -44.887  -7.712 0.5000000000
55774  -15.372  -44.848  -8.999 0.5000000000
57244  -16.469  -43.989  -8.801 0.4000000060
57246  -17.921  -43.759  -8.982 0.4000000060
57183  -13.775  -43.852  -7.542 0.5000000000
57202  -15.342  -43.467  -8.164 0.5000000000
57226  -15.885  -43.711  -8.478 0.5000000000
58717  -16.910  -43.119  -8.503 0.4000000060
57104  -18.920  -43.783  -1.684 0.2000000030
60040  -17.106  -42.504  -1.890 0.3000000119
60023  -15.833  -41.913  -1.472 0.2000000030
61431  -15.271  -41.117  -1.780 0.3000000119
61451  -17.938  -41.159  -2.922 0.5000000000
62827  -16.247  -40.662  -2.398 0.4000000060
62847  -17.361  -40.610  -2.804 0.5000000000
58675  -24.162  -42.665  -6.718 0.6000000238
58698  -24.418  -43.214  -7.372 0.5000000000
58736  -18.018  -43.265  -9.567 0.4000000060
57201  -14.842  -43.555  -8.091 0.5000000000
58696  -15.649  -43.005  -7.992 0.5000000000
58716  -16.330  -42.907  -8.244 0.5000000000
58735  -17.327  -43.045  -9.068 0.6000000238
58674  -14.091  -43.325  -7.759 0.5000000000
60133  -14.625  -42.538  -7.975 0.5000000000
58756  -16.845  -42.612  -9.453 0.5000000000
58598  -18.752  -43.040  -1.409 0.2000000030
60025  -17.657  -41.842  -1.564 0.3000000119
60041  -18.031  -42.612  -1.805 0.2000000030
60024  -16.669  -41.885  -1.556 0.2000000030
61413  -16.160  -41.287  -1.230 0.2000000030
64100  -17.608  -40.051  -2.535 0.5000000000
64083  -18.200  -39.704  -2.116 0.5000000000
64082  -17.422  -39.521  -2.322 0.5000000000
58715  -14.296  -42.622  -8.381 0.5000000000
60146  -16.131  -42.176  -8.628 0.6000000238
60182  -16.627  -42.292  -10.094 0.6000000238
60159  -14.290  -42.322  -9.297 0.6000000238
61415  -18.161  -41.184  -0.835 0.2000000030
61414  -17.113  -41.198  -1.286 0.2000000030
62809  -15.708  -40.735  -0.957 0.2000000030
66628  -18.754  -38.122  -1.697 0.6000000238
67881  -18.576  -37.273  -1.761 0.6000000238
65346  -18.868  -38.970  -1.763 0.5000000000
67883  -20.148  -37.918  -2.084 0.6000000238
67880  -17.760  -37.126  -1.575 0.6000000238
67910  -21.235  -37.684  -3.462 0.6000000238
847  -6.828  -83.838  4.383 0.6000000238
5418  -0.391  -78.485  5.135 0.4000000060
5406  -0.238  -78.514  7.081 0.4000000060
7016  -0.212  -76.926  6.204 0.3000000119
5413  -0.350  -78.591  6.064 0.4000000060
5426  -0.451  -78.213  4.178 0.3000000119
7056  -0.637  -77.055  3.757 0.2000000030
1153  -16.057  -83.256  -17.770 0.3000000119
2580  -17.383  -81.861  -19.238 0.3000000119
3715  -18.413  -80.434  -19.074 0.3000000119
846  -6.061  -83.967  4.248 0.6000000238
30080  -1.009  -59.612  -7.652 0.3000000119
47774  -15.881  -49.426  -3.638 0.4000000060
49023  -17.539  -48.769  -2.429 0.5000000000
49028  -20.961  -48.284  -2.484 0.6999999881
50254  -21.339  -47.601  -2.704 0.8000000119
54387  -24.624  -45.161  -7.170 0.4000000060
54406  -24.327  -45.415  -8.026 0.4000000060
57185  -24.573  -43.624  -6.740 0.5000000000
51726  -19.037  -46.836  -9.208 0.3000000119
57229  -24.620  -43.797  -7.834 0.4000000060
53087  -18.586  -46.053  -9.200 0.3000000119
57247  -18.750  -43.761  -9.355 0.3000000119
52914  -21.110  -46.170  -2.810 0.8000000119
55784  -23.718  -44.100  -9.035 0.6000000238
57252  -23.079  -43.271  -9.349 0.5000000000
3744  -18.331  -80.694  -20.457 0.2000000030
7609  -17.003  -76.288  -27.759 0.3000000119
7416  0.491  -76.087  -17.703 0.3000000119
4704  -0.333  -79.151  4.462 0.4000000060
6183  -0.231  -77.478  6.222 0.3000000119
50251  -18.543  -47.216  -2.522 0.3000000119
50326  -16.483  -48.067  -4.818 0.5000000000
50327  -16.996  -47.513  -5.129 0.5000000000
50306  -17.127  -47.714  -4.204 0.3000000119
54347  -18.207  -45.968  -4.972 0.6000000238
52960  -17.432  -46.117  -4.355 0.4000000060
54307  -18.880  -45.123  -4.291 0.6999999881
54308  -19.447  -45.489  -3.915 0.6000000238
54288  -19.097  -44.931  -1.798 0.3000000119
57111  -18.550  -43.981  -2.293 0.3000000119
58606  -16.656  -43.121  -2.107 0.3000000119
54309  -19.856  -45.675  -3.480 0.6000000238
58608  -18.309  -43.332  -2.052 0.2000000030
48993  -3.707  -48.337  -1.874 0.5000000000
48994  -4.421  -48.330  -1.977 0.5000000000
66629  -19.539  -38.303  -1.822 0.6000000238
58692  -13.423  -43.431  -8.091 0.4000000060
51592  -17.528  -46.856  -5.134 0.6000000238
50328  -17.491  -47.555  -5.700 0.6000000238
52961  -18.845  -46.259  -4.665 0.6000000238
65345  -18.034  -38.860  -1.881 0.5000000000
4940  -8.262  -79.093  -10.494 0.6000000238
4204  -9.025  -79.591  -10.779 0.6000000238
7866  -0.469  -76.458  4.325 0.2000000030
9072  1.084  -74.393  -17.422 0.3000000119
13679  1.514  -70.996  -19.993 0.2000000030
19658  1.711  -66.098  -20.785 0.2000000030
14630  0.792  -69.568  -19.410 0.1000000015
6848  -3.057  -76.630  15.061 0.3000000119
30103  -0.930  -59.722  -9.063 0.3000000119
40683  -2.728  -53.595  -0.641 0.5000000000
40719  -3.484  -53.808  -2.557 0.3000000119
42207  -2.556  -52.531  -0.540 0.5000000000
40737  -3.419  -53.355  -2.876 0.3000000119
43726  -4.709  -51.456  -4.729 0.3000000119
47794  -5.138  -48.822  -3.876 0.6000000238
49083  -5.961  -48.726  -4.462 0.4000000060
46531  -16.472  -49.405  -5.365 0.6000000238
50308  -18.653  -47.511  -4.691 0.6000000238
51594  -18.601  -46.878  -4.982 0.6000000238
49091  -18.317  -48.048  -5.006 0.6000000238
49050  -18.774  -48.289  -3.518 0.6999999881
49026  -19.334  -48.391  -2.826 0.6000000238
47755  -19.216  -48.927  -2.499 0.6000000238
51608  -9.824  -46.999  -5.800 0.5000000000
51689  -13.714  -46.873  -8.806 0.3000000119
53085  -16.991  -46.065  -9.267 0.2000000030
51579  -19.307  -46.600  -3.973 0.6000000238
50279  -19.467  -47.594  -3.255 0.6000000238
50253  -20.580  -47.611  -2.629 0.6999999881
49000  -19.744  -48.759  -2.337 0.6000000238
52937  -19.856  -46.081  -3.434 0.6000000238
52913  -20.370  -46.358  -3.022 0.6000000238
54401  -13.096  -45.485  -7.783 0.5000000000
54426  -16.539  -45.317  -9.178 0.3000000119
55751  -14.436  -44.679  -8.597 0.5000000000
64098  -16.595  -40.316  -2.566 0.5000000000
57199  -14.052  -44.098  -7.933 0.5000000000
58587  -18.998  -42.922  -0.595 0.2000000030
60026  -18.557  -42.164  -1.082 0.2000000030
66627  -17.865  -38.002  -1.681 0.5000000000
516  -12.129  -84.342  -15.837 0.5000000000
769  -12.808  -84.117  -15.216 0.5000000000
7608  -16.500  -76.033  -27.823 0.1000000015
7598  -16.622  -76.503  -27.407 0.2000000030
171  -14.599  -85.548  -7.483 0.5000000000
387  -15.580  -85.118  -7.442 0.4000000060
654  -15.744  -84.467  -8.030 0.4000000060
1366  -16.030  -83.629  -8.357 0.4000000060
1839  -15.923  -82.531  -9.456 0.4000000060
2364  -15.569  -82.053  -9.431 0.4000000060
1856  -15.805  -82.350  -9.988 0.4000000060
3702  -21.211  -79.971  -17.955 0.5000000000
151  -11.475  -86.662  -5.996 0.5000000000
169  -13.447  -85.901  -7.105 0.5000000000
155  -14.197  -85.951  -6.794 0.5000000000
378  -15.286  -85.547  -6.659 0.4000000060
957  -15.278  -84.350  -6.655 0.4000000060
1359  -15.913  -83.782  -7.753 0.4000000060
1351  -15.568  -83.532  -7.376 0.3000000119
1824  -15.887  -82.975  -8.266 0.4000000060
2920  -15.071  -81.157  -9.373 0.4000000060
2939  -15.033  -80.898  -10.158 0.4000000060
2392  -15.501  -81.864  -10.759 0.4000000060
2436  -15.673  -81.571  -11.866 0.4000000060
2969  -15.148  -80.859  -11.305 0.3000000119
3557  -15.053  -80.304  -11.517 0.3000000119
2438  -16.685  -81.380  -12.316 0.5000000000
4954  -15.155  -78.841  -11.525 0.3000000119
3573  -15.267  -79.936  -12.012 0.3000000119
3575  -16.406  -80.200  -12.349 0.4000000060
2001  -21.333  -82.314  -16.459 0.5000000000
2517  -20.724  -81.494  -16.259 0.5000000000
3683  -20.943  -79.996  -17.242 0.5000000000
3087  -20.805  -80.846  -16.873 0.5000000000
2530  -20.940  -81.664  -17.212 0.5000000000
5078  -21.405  -78.663  -18.176 0.3000000119
3716  -21.350  -80.218  -18.389 0.5000000000
4377  -21.530  -79.462  -18.566 0.5000000000
4411  -21.786  -79.164  -20.195 0.5000000000
133  -10.439  -86.148  -5.438 0.5000000000
137  -12.816  -86.522  -5.560 0.4000000060
154  -13.498  -86.233  -6.469 0.5000000000
124  -13.343  -86.148  -5.254 0.4000000060
139  -14.060  -86.087  -6.035 0.5000000000
626  -14.720  -84.965  -5.936 0.3000000119
946  -14.384  -84.337  -5.947 0.2000000030
956  -14.784  -84.093  -6.384 0.3000000119
2343  -15.185  -82.138  -7.922 0.3000000119
2897  -14.923  -81.665  -8.111 0.4000000060
2896  -14.616  -81.240  -7.728 0.2000000030
3491  -14.852  -80.446  -8.976 0.3000000119
3501  -14.941  -80.516  -9.622 0.3000000119
4178  -14.769  -79.780  -9.557 0.3000000119
3539  -14.860  -80.325  -10.641 0.4000000060
4206  -14.801  -79.639  -10.870 0.3000000119
5668  -14.921  -78.135  -10.666 0.3000000119
5669  -15.198  -77.890  -11.192 0.4000000060
4237  -16.221  -79.571  -12.287 0.4000000060
3559  -17.446  -80.291  -11.852 0.4000000060
5687  -16.014  -77.955  -11.887 0.4000000060
5704  -16.623  -78.418  -12.134 0.3000000119
4956  -17.462  -78.992  -11.588 0.4000000060
2550  -21.206  -81.628  -17.895 0.5000000000
3116  -21.322  -80.699  -18.680 0.5000000000
3732  -21.543  -80.138  -18.973 0.5000000000
5135  -21.822  -78.650  -20.789 0.5000000000
4410  -21.784  -79.780  -20.230 0.6000000238
7245  -8.863  -76.670  -5.660 0.4000000060
8030  -9.386  -75.717  -4.255 0.4000000060
6417  -8.752  -77.157  -6.759 0.4000000060
7246  -9.188  -76.332  -5.720 0.4000000060
8031  -9.888  -75.243  -4.615 0.4000000060
5654  -9.343  -78.004  -8.775 0.4000000060
6429  -9.422  -76.956  -7.292 0.4000000060
6430  -10.142  -76.945  -7.471 0.4000000060
8066  -10.602  -75.702  -6.026 0.4000000060
8864  -11.016  -74.348  -4.184 0.4000000060
6431  -10.884  -77.149  -7.338 0.4000000060
8067  -11.206  -75.687  -5.911 0.4000000060
8865  -11.858  -74.403  -4.364 0.4000000060
8879  -12.147  -75.041  -4.738 0.4000000060
5635  -11.337  -78.011  -7.137 0.3000000119
6420  -11.434  -77.263  -6.748 0.3000000119
6404  -11.659  -76.976  -6.059 0.3000000119
7228  -12.135  -76.305  -5.078 0.3000000119
8032  -12.651  -75.392  -4.229 0.3000000119
4160  -11.146  -79.018  -6.786 0.3000000119
6387  -11.758  -77.337  -5.533 0.3000000119
5595  -11.564  -77.906  -5.269 0.3000000119
6373  -12.145  -76.977  -4.300 0.3000000119
7212  -12.833  -75.898  -3.858 0.3000000119
7977  -14.114  -75.998  -2.176 0.3000000119
2906  -10.713  -80.983  -8.118 0.3000000119
5583  -11.654  -77.994  -4.174 0.3000000119
6352  -12.411  -77.117  -3.247 0.3000000119
6327  -12.950  -76.905  -2.582 0.3000000119
7149  -14.044  -76.392  -1.836 0.2000000030
6296  -14.461  -76.914  -1.032 0.1000000015
5569  -11.757  -78.250  -3.274 0.3000000119
5547  -12.276  -77.688  -2.783 0.3000000119
5526  -12.982  -77.518  -1.803 0.2000000030
5510  -14.449  -77.551  -0.368 0.1000000015
4795  -12.175  -78.298  -1.938 0.3000000119
5516  -13.348  -77.566  -1.255 0.2000000030
365  -10.059  -84.943  -5.553 0.3000000119
121  -11.168  -86.323  -4.825 0.4000000060
122  -11.959  -86.335  -4.677 0.3000000119
339  -13.006  -85.428  -4.568 0.2000000030
355  -14.019  -85.313  -5.297 0.2000000030
1338  -13.966  -83.454  -6.099 0.2000000030
2323  -14.189  -82.146  -6.662 0.2000000030
3485  -14.601  -80.401  -8.124 0.2000000030
4168  -14.683  -79.600  -8.618 0.2000000030
4920  -14.726  -78.725  -9.163 0.4000000060
5661  -14.792  -78.079  -9.836 0.4000000060
6463  -14.979  -77.409  -10.228 0.3000000119
6479  -15.617  -77.427  -11.396 0.4000000060
6481  -16.741  -77.140  -11.656 0.3000000119
1487  -23.098  -83.047  -14.233 0.6000000238
1510  -22.607  -83.185  -14.877 0.6000000238
7329  -15.888  -76.896  -11.422 0.3000000119
5670  -17.565  -78.067  -11.365 0.3000000119
1525  -21.867  -83.085  -15.480 0.5000000000
1543  -22.361  -82.834  -15.853 0.5000000000
1541  -21.711  -82.833  -16.006 0.5000000000
2012  -21.367  -82.113  -17.267 0.5000000000
2565  -21.876  -81.687  -18.530 0.5000000000
2035  -21.645  -82.051  -17.858 0.5000000000
3141  -21.617  -80.755  -19.588 0.5000000000
2599  -22.191  -81.158  -19.808 0.5000000000
3759  -22.094  -80.116  -21.038 0.6000000238
3758  -21.858  -80.232  -20.346 0.6000000238
4425  -21.806  -79.456  -20.934 0.5000000000
7188  -8.819  -76.252  -3.394 0.5000000000
7210  -8.942  -76.272  -3.934 0.4000000060
7990  -9.572  -75.199  -2.476 0.5000000000
8811  -10.153  -74.675  -1.753 0.5000000000
8011  -9.842  -75.078  -3.646 0.4000000060
8876  -10.234  -74.985  -4.835 0.4000000060
9664  -11.209  -74.021  -3.671 0.4000000060
9665  -11.636  -74.005  -3.804 0.4000000060
9666  -12.320  -74.063  -3.821 0.4000000060
8844  -12.925  -74.380  -3.634 0.4000000060
4159  -11.073  -79.331  -7.363 0.3000000119
8845  -13.381  -74.885  -3.362 0.3000000119
3478  -10.893  -80.194  -6.845 0.3000000119
4137  -11.123  -79.009  -5.713 0.3000000119
4119  -11.041  -79.298  -5.009 0.3000000119
8013  -13.854  -75.331  -2.825 0.3000000119
7963  -14.802  -75.912  -1.665 0.2000000030
1822  -10.572  -82.093  -7.047 0.4000000060
2895  -10.764  -80.943  -7.223 0.3000000119
7136  -15.347  -76.163  -1.105 0.1000000015
1798  -10.532  -82.860  -6.040 0.4000000060
4820  -11.726  -78.614  -2.539 0.3000000119
1311  -10.548  -83.718  -5.113 0.3000000119
1786  -10.607  -82.986  -5.272 0.4000000060
4084  -11.005  -79.859  -3.247 0.3000000119
4060  -11.606  -79.290  -1.910 0.3000000119
4789  -12.286  -78.673  -1.300 0.2000000030
5508  -13.071  -78.221  -0.816 0.2000000030
335  -10.543  -85.395  -4.747 0.4000000060
3416  -11.067  -80.115  -2.405 0.3000000119
4046  -11.658  -79.695  -1.114 0.3000000119
4781  -12.632  -78.875  -0.559 0.2000000030
4774  -13.038  -79.081  0.145 0.2000000030
336  -11.115  -85.384  -3.982 0.4000000060
4039  -11.764  -80.183  -0.361 0.2000000030
4773  -12.565  -79.423  -0.014 0.2000000030
938  -13.561  -84.596  -5.241 0.2000000030
1337  -13.616  -83.504  -5.805 0.2000000030
2889  -14.281  -81.253  -7.063 0.2000000030
3480  -14.261  -80.359  -7.068 0.2000000030
4910  -14.715  -78.731  -8.179 0.2000000030
5648  -14.833  -77.989  -8.566 0.2000000030
7307  -15.029  -76.613  -9.965 0.3000000119
7308  -15.207  -76.096  -10.299 0.3000000119
2997  -23.650  -81.362  -12.310 0.6000000238
2458  -23.528  -81.955  -12.994 0.5000000000
1979  -23.218  -82.553  -14.798 0.6000000238
8131  -15.424  -75.486  -10.368 0.2000000030
7317  -15.540  -76.471  -10.881 0.2000000030
7331  -16.994  -76.654  -11.499 0.3000000119
3601  -23.328  -80.933  -12.773 0.5000000000
1990  -22.964  -82.600  -15.570 0.6000000238
2518  -23.837  -81.802  -16.192 0.4000000060
3580  -22.938  -80.165  -12.608 0.5000000000
2014  -22.449  -82.535  -17.017 0.5000000000
2037  -22.915  -82.140  -17.482 0.5000000000
2531  -23.623  -81.717  -17.131 0.3000000119
2566  -22.609  -81.756  -18.526 0.5000000000
2553  -23.159  -81.561  -18.006 0.5000000000
3142  -22.286  -80.878  -20.291 0.6000000238
3131  -22.934  -80.881  -19.729 0.4000000060
2584  -22.865  -81.188  -19.149 0.4000000060
3786  -22.826  -79.830  -22.252 0.6000000238
9581  -10.657  -74.349  0.198 0.5000000000
7989  -9.062  -75.795  -2.519 0.5000000000
7961  -9.247  -75.593  -1.128 0.5000000000
7976  -9.620  -75.219  -1.466 0.5000000000
5545  -7.933  -77.664  -3.205 0.5000000000
7146  -8.263  -76.551  -1.669 0.5000000000
7147  -8.667  -76.122  -2.095 0.5000000000
7133  -8.685  -76.059  -1.141 0.5000000000
8842  -10.420  -74.503  -3.673 0.4000000060
5544  -7.635  -78.003  -2.927 0.5000000000
7132  -8.271  -76.518  -1.132 0.5000000000
10523  -12.773  -73.266  -2.648 0.4000000060
10525  -13.916  -73.465  -2.513 0.3000000119
9627  -14.486  -74.667  -2.468 0.3000000119
9612  -15.501  -74.211  -1.711 0.3000000119
3467  -10.828  -80.308  -5.877 0.3000000119
4118  -10.854  -79.991  -5.041 0.4000000060
8813  -14.727  -75.056  -2.208 0.3000000119
2880  -10.721  -81.246  -5.798 0.4000000060
3449  -10.775  -80.820  -4.948 0.4000000060
4849  -11.207  -78.961  -4.272 0.4000000060
2295  -10.700  -82.042  -4.527 0.3000000119
3438  -10.759  -80.789  -4.072 0.4000000060
4097  -11.077  -79.485  -3.623 0.4000000060
616  -10.600  -84.329  -4.436 0.4000000060
1312  -10.625  -83.463  -4.669 0.3000000119
2284  -10.699  -82.034  -3.873 0.4000000060
590  -10.968  -84.652  -3.449 0.3000000119
2819  -10.894  -81.433  -2.164 0.3000000119
2244  -10.983  -82.141  -1.698 0.2000000030
2802  -11.358  -81.565  -0.910 0.2000000030
92  -12.157  -85.594  -3.888 0.3000000119
604  -12.529  -84.756  -4.073 0.2000000030
1710  -11.800  -82.477  -1.335 0.2000000030
4027  -11.940  -80.454  0.117 0.2000000030
3338  -12.613  -80.396  0.858 0.2000000030
2246  -12.309  -82.183  -1.272 0.2000000030
2228  -11.829  -81.851  -0.695 0.2000000030
2771  -12.387  -81.016  0.475 0.2000000030
2762  -13.168  -80.921  1.170 0.2000000030
1314  -12.686  -83.727  -4.797 0.2000000030
2803  -13.086  -81.175  -1.524 0.2000000030
2804  -13.472  -80.908  -1.029 0.2000000030
1800  -13.551  -82.940  -5.858 0.2000000030
2881  -13.950  -81.421  -6.313 0.2000000030
3479  -14.093  -80.949  -6.622 0.2000000030
4161  -14.510  -79.506  -7.691 0.2000000030
6444  -14.935  -77.379  -8.278 0.2000000030
7286  -14.968  -76.565  -8.408 0.2000000030
8104  -15.019  -76.093  -8.601 0.3000000119
4933  -20.457  -78.964  -10.472 0.3000000119
3524  -21.675  -80.271  -10.224 0.3000000119
8130  -15.140  -75.878  -9.837 0.2000000030
6466  -17.906  -77.366  -11.104 0.3000000119
4946  -20.539  -78.578  -10.902 0.3000000119
4209  -21.624  -79.615  -11.120 0.4000000060
4224  -22.564  -79.956  -11.646 0.5000000000
2479  -23.318  -81.861  -14.073 0.6000000238
8966  -15.822  -75.032  -10.627 0.2000000030
7318  -16.094  -76.032  -11.192 0.3000000119
8147  -17.152  -76.183  -11.351 0.2000000030
7319  -17.557  -76.634  -11.283 0.3000000119
4958  -21.254  -78.818  -11.717 0.3000000119
4959  -21.596  -79.015  -12.035 0.3000000119
3009  -23.102  -80.721  -13.505 0.5000000000
3029  -23.199  -81.125  -14.085 0.5000000000
2504  -23.674  -81.735  -15.627 0.6000000238
2519  -24.249  -81.419  -16.196 0.2000000030
3090  -24.573  -80.946  -16.833 0.2000000030
8967  -16.365  -74.762  -10.758 0.2000000030
4239  -21.972  -79.306  -12.259 0.4000000060
3600  -23.093  -80.540  -13.092 0.5000000000
3088  -23.833  -81.278  -17.392 0.4000000060
5690  -20.965  -78.229  -11.863 0.1000000015
5706  -21.447  -78.530  -12.480 0.1000000015
4987  -21.919  -78.803  -13.061 0.1000000015
2567  -23.064  -81.299  -18.634 0.4000000060
3107  -23.748  -81.099  -17.756 0.2000000030
3132  -23.332  -80.614  -19.385 0.4000000060
3760  -22.713  -80.300  -21.291 0.6000000238
3144  -23.192  -80.540  -20.240 0.4000000060
3733  -23.699  -80.146  -19.484 0.3000000119
3773  -22.991  -80.096  -21.795 0.5000000000
3761  -23.388  -80.121  -21.069 0.5000000000
4439  -23.779  -79.342  -22.033 0.5000000000
7531  -24.109  -76.537  -23.071 0.4000000060
9572  -10.761  -74.431  0.930 0.5000000000
8783  -10.303  -74.695  0.409 0.5000000000
7949  -9.466  -75.388  -0.116 0.5000000000
6282  -7.622  -77.804  -0.461 0.5000000000
7106  -8.822  -76.306  0.666 0.5000000000
7934  -9.215  -75.738  0.350 0.5000000000
8774  -10.018  -75.204  1.388 0.5000000000
6270  -7.723  -78.038  0.228 0.5000000000
6259  -8.373  -77.494  1.507 0.5000000000
5472  -8.561  -77.909  2.396 0.5000000000
4772  -7.659  -79.253  0.625 0.5000000000
5456  -8.549  -78.284  2.527 0.5000000000
1303  -10.717  -83.406  -3.695 0.3000000119
1742  -10.793  -82.853  -3.007 0.3000000119
2788  -15.357  -81.155  -0.100 0.1000000015
916  -10.914  -83.991  -3.169 0.3000000119
907  -11.689  -83.800  -2.623 0.2000000030
1265  -11.617  -83.043  -1.803 0.2000000030
3364  -14.238  -80.566  -0.825 0.2000000030
927  -12.348  -84.145  -3.813 0.2000000030
1291  -12.226  -83.516  -3.201 0.2000000030
1727  -12.350  -82.601  -2.190 0.2000000030
2774  -14.734  -81.206  0.270 0.2000000030
1772  -12.526  -83.107  -4.389 0.2000000030
2271  -12.440  -82.527  -3.300 0.2000000030
1744  -12.506  -82.306  -2.442 0.2000000030
3379  -14.551  -80.195  -1.242 0.2000000030
2772  -13.074  -81.241  0.197 0.2000000030
1773  -12.844  -83.122  -5.020 0.2000000030
2297  -12.647  -82.393  -4.535 0.2000000030
2286  -12.666  -81.839  -3.887 0.2000000030
2833  -13.002  -81.139  -2.853 0.2000000030
3396  -13.379  -80.709  -2.210 0.2000000030
2867  -13.044  -82.023  -5.059 0.2000000030
2868  -13.423  -81.332  -5.364 0.2000000030
3450  -13.786  -80.331  -4.864 0.2000000030
2847  -13.236  -80.755  -3.770 0.2000000030
4110  -13.983  -79.858  -4.052 0.2000000030
4099  -14.419  -79.383  -3.336 0.2000000030
4120  -14.046  -79.954  -5.220 0.2000000030
3451  -14.065  -79.824  -4.732 0.2000000030
4111  -14.252  -79.461  -4.143 0.2000000030
3469  -14.224  -79.872  -6.420 0.2000000030
4875  -14.569  -78.695  -6.243 0.2000000030
4139  -14.286  -79.451  -5.911 0.2000000030
4850  -14.605  -78.742  -4.531 0.2000000030
5636  -14.858  -77.880  -7.724 0.2000000030
5623  -14.768  -78.029  -6.755 0.2000000030
4860  -14.537  -78.721  -5.420 0.2000000030
6421  -14.910  -77.196  -7.149 0.2000000030
8105  -15.129  -75.625  -8.292 0.2000000030
3064  -24.759  -81.072  -15.724 0.2000000030
8116  -15.221  -75.146  -9.400 0.1000000015
8961  -15.785  -74.481  -10.186 0.1000000015
7320  -18.223  -76.570  -10.979 0.3000000119
7321  -19.010  -76.483  -10.868 0.2000000030
5689  -20.481  -77.843  -11.425 0.3000000119
3062  -23.667  -81.402  -15.435 0.3000000119
2505  -23.972  -81.470  -15.820 0.4000000060
3684  -24.549  -80.641  -17.178 0.2000000030
8962  -16.254  -74.291  -10.474 0.1000000015
8968  -17.222  -74.887  -10.919 0.1000000015
8139  -17.639  -75.785  -11.119 0.2000000030
4259  -22.737  -79.813  -13.257 0.3000000119
3045  -23.073  -80.702  -14.256 0.3000000119
3046  -23.462  -80.988  -14.882 0.3000000119
3704  -24.489  -80.314  -17.706 0.2000000030
6489  -20.881  -77.411  -12.693 0.1000000015
4998  -22.371  -79.035  -13.887 0.1000000015
3703  -23.961  -80.482  -18.189 0.2000000030
6494  -21.013  -77.125  -13.536 0.1000000015
6505  -21.566  -77.346  -14.282 0.1000000015
5721  -21.973  -78.090  -14.162 0.1000000015
3717  -23.786  -80.242  -18.936 0.2000000030
3718  -24.461  -79.838  -18.591 0.2000000030
6504  -21.254  -76.731  -14.404 0.1000000015
3747  -24.045  -79.636  -20.160 0.3000000119
4413  -24.497  -79.158  -20.282 0.2000000030
4398  -25.399  -78.920  -19.038 0.2000000030
4426  -23.816  -79.560  -21.449 0.5000000000
5136  -24.384  -78.636  -21.115 0.2000000030
5123  -24.830  -78.511  -20.087 0.2000000030
10880  -16.055  -72.984  -20.948 0.5000000000
5149  -24.225  -78.787  -21.819 0.4000000060
5872  -24.389  -78.119  -21.004 0.2000000030
6678  -24.278  -77.428  -22.099 0.4000000060
7500  -23.867  -76.542  -21.553 0.3000000119
7530  -23.824  -75.857  -23.103 0.4000000060
8335  -23.689  -75.468  -22.196 0.4000000060
8321  -23.490  -75.618  -21.024 0.3000000119
8349  -23.777  -75.074  -23.268 0.4000000060
9166  -23.598  -74.310  -22.439 0.4000000060
9159  -23.431  -74.626  -21.396 0.4000000060
13669  -19.255  -70.998  -18.593 0.4000000060
12694  -20.490  -71.661  -18.603 0.4000000060
13671  -20.825  -70.894  -18.571 0.4000000060
15544  -19.706  -69.189  -18.524 0.4000000060
14598  -20.192  -69.518  -18.205 0.4000000060
17505  -19.693  -67.568  -18.912 0.4000000060
3221  -14.209  -80.306  12.070 0.3000000119
3227  -14.907  -80.730  11.457 0.3000000119
6198  -12.020  -76.809  5.795 0.4000000060
7035  -11.637  -76.226  4.902 0.4000000060
3890  -13.737  -79.963  11.125 0.3000000119
8775  -10.300  -74.834  1.038 0.5000000000
3879  -13.917  -79.786  12.343 0.3000000119
6208  -10.505  -77.042  4.442 0.5000000000
7048  -10.738  -76.339  4.170 0.5000000000
7892  -10.038  -75.932  3.027 0.5000000000
6224  -9.466  -77.103  3.421 0.5000000000
7071  -9.508  -76.438  2.760 0.5000000000
7908  -9.696  -75.785  2.013 0.5000000000
5443  -9.152  -77.901  3.521 0.5000000000
3984  -8.454  -79.392  2.779 0.5000000000
3380  -15.263  -80.259  -0.993 0.1000000015
4048  -14.971  -79.887  -1.421 0.2000000030
4796  -15.422  -79.217  -2.046 0.2000000030
5571  -15.067  -78.255  -3.730 0.2000000030
4839  -14.863  -78.694  -3.511 0.2000000030
5596  -14.830  -78.058  -4.957 0.2000000030
6389  -15.060  -77.353  -5.338 0.2000000030
7251  -15.088  -76.604  -6.416 0.2000000030
6406  -14.974  -77.067  -6.254 0.2000000030
7268  -15.213  -76.047  -7.058 0.2000000030
8920  -15.652  -74.713  -7.612 0.1000000015
8933  -15.400  -74.561  -8.546 0.1000000015
8945  -15.484  -74.116  -9.311 0.1000000015
8140  -18.479  -75.706  -10.921 0.1000000015
3047  -24.259  -80.686  -15.297 0.2000000030
3685  -25.095  -80.386  -16.960 0.2000000030
4341  -25.565  -79.770  -17.446 0.2000000030
9755  -15.893  -73.602  -9.751 0.1000000015
9764  -16.901  -74.190  -10.660 0.1000000015
8969  -18.013  -74.921  -10.915 0.1000000015
8970  -18.667  -74.916  -11.156 0.1000000015
8141  -19.130  -75.661  -11.379 0.1000000015
8149  -19.406  -75.574  -12.023 0.1000000015
3638  -23.114  -80.129  -14.534 0.2000000030
3639  -23.786  -80.134  -15.075 0.2000000030
4361  -25.409  -79.627  -17.892 0.2000000030
4291  -22.841  -79.458  -14.447 0.2000000030
4292  -23.368  -79.441  -14.883 0.2000000030
4293  -24.202  -79.440  -15.017 0.1000000015
6488  -20.478  -76.799  -12.797 0.1000000015
5736  -22.740  -77.956  -14.957 0.2000000030
5014  -22.844  -78.857  -14.696 0.2000000030
4397  -24.784  -79.369  -19.190 0.2000000030
4380  -25.178  -79.503  -18.425 0.2000000030
7355  -20.468  -75.990  -13.714 0.1000000015
7356  -20.814  -76.276  -14.073 0.1000000015
6517  -21.780  -76.826  -14.871 0.1000000015
5735  -22.085  -77.466  -14.734 0.1000000015
5109  -25.227  -78.410  -19.555 0.2000000030
5859  -24.521  -77.947  -20.335 0.2000000030
5860  -24.884  -78.183  -19.907 0.2000000030
6652  -24.152  -77.253  -20.356 0.3000000119
7473  -24.008  -76.781  -19.570 0.2000000030
6666  -24.185  -77.438  -21.225 0.3000000119
6651  -23.923  -76.965  -20.527 0.3000000119
11770  -19.370  -72.509  -18.622 0.4000000060
10826  -19.665  -73.046  -19.043 0.4000000060
10865  -20.541  -73.240  -20.720 0.4000000060
11790  -21.177  -72.072  -19.698 0.4000000060
11832  -21.314  -72.118  -21.985 0.4000000060
1145  -6.068  -84.091  -19.230 0.2000000030
11772  -20.809  -72.131  -19.010 0.4000000060
11820  -21.372  -72.037  -21.142 0.4000000060
12759  -21.745  -70.945  -21.787 0.4000000060
13672  -21.209  -70.868  -19.027 0.4000000060
3220  -15.022  -80.331  12.474 0.3000000119
3216  -14.426  -80.217  12.890 0.3000000119
7837  -12.756  -75.923  5.678 0.4000000060
8764  -11.122  -74.487  2.084 0.5000000000
9562  -11.560  -74.101  1.931 0.4000000060
9582  -11.163  -73.987  0.340 0.5000000000
6188  -11.839  -77.495  5.919 0.5000000000
7856  -11.986  -75.794  4.894 0.4000000060
7882  -11.425  -75.244  3.682 0.4000000060
8745  -10.927  -74.776  2.459 0.5000000000
4612  -13.864  -79.521  12.777 0.4000000060
4703  -11.011  -78.598  5.456 0.5000000000
5425  -11.271  -77.934  5.536 0.5000000000
7881  -10.732  -75.757  3.646 0.4000000060
7893  -10.412  -75.288  2.611 0.5000000000
4607  -13.818  -79.276  13.306 0.4000000060
4611  -13.596  -79.110  12.448 0.4000000060
4627  -13.341  -79.115  10.677 0.4000000060
3912  -12.913  -79.916  9.501 0.4000000060
4701  -10.142  -78.871  4.872 0.5000000000
5431  -10.066  -78.002  4.577 0.5000000000
4707  -9.371  -78.917  4.162 0.5000000000
4050  -16.216  -79.898  -1.291 0.1000000015
4064  -16.383  -79.346  -1.622 0.2000000030
4823  -15.955  -78.453  -2.441 0.2000000030
5586  -15.314  -77.658  -4.053 0.2000000030
5548  -15.879  -77.944  -2.978 0.2000000030
6407  -15.269  -76.706  -5.591 0.2000000030
6390  -15.484  -76.881  -4.896 0.2000000030
10614  -15.765  -73.504  -8.090 0.1000000015
10642  -16.088  -72.857  -9.186 0.1000000015
3668  -25.221  -80.661  -16.388 0.2000000030
3686  -25.877  -79.978  -16.857 0.2000000030
10660  -16.371  -72.980  -9.673 0.1000000015
9756  -16.466  -73.768  -10.276 0.1000000015
10662  -17.550  -73.075  -10.440 0.1000000015
9765  -17.676  -74.050  -10.747 0.1000000015
9766  -18.275  -74.204  -11.063 0.1000000015
3048  -24.938  -80.685  -15.256 0.1000000015
9771  -18.695  -74.228  -11.670 0.1000000015
8974  -19.083  -74.998  -11.992 0.1000000015
8985  -19.571  -74.933  -13.143 0.1000000015
9786  -19.130  -74.187  -12.943 0.1000000015
5737  -23.597  -77.721  -15.243 0.2000000030
4399  -25.824  -78.733  -18.810 0.2000000030
7368  -21.655  -76.142  -15.108 0.1000000015
5847  -25.360  -78.083  -19.163 0.2000000030
5110  -25.684  -78.432  -19.021 0.2000000030
8296  -23.307  -75.485  -19.167 0.2000000030
7472  -23.591  -76.183  -19.458 0.2000000030
5845  -24.500  -77.608  -19.974 0.2000000030
10882  -17.015  -73.397  -21.092 0.5000000000
9939  -22.989  -74.260  -19.997 0.3000000119
9151  -23.178  -74.814  -20.460 0.3000000119
8307  -23.341  -75.603  -20.017 0.2000000030
7485  -23.773  -76.576  -20.377 0.2000000030
11807  -23.045  -72.379  -20.381 0.4000000060
10867  -22.929  -73.057  -20.166 0.4000000060
10843  -17.793  -73.301  -19.716 0.5000000000
9950  -18.477  -73.682  -20.484 0.5000000000
12747  -23.327  -71.515  -20.969 0.4000000060
9954  -23.115  -73.886  -20.654 0.4000000060
10844  -18.554  -73.408  -19.512 0.4000000060
9951  -19.230  -73.803  -20.500 0.4000000060
14680  -22.717  -70.417  -21.643 0.4000000060
14668  -23.418  -70.472  -20.786 0.4000000060
11821  -23.200  -72.198  -21.136 0.4000000060
10885  -23.357  -72.898  -21.687 0.4000000060
9968  -23.390  -73.689  -21.568 0.4000000060
13700  -22.065  -70.373  -20.541 0.4000000060
13722  -23.163  -70.993  -21.847 0.4000000060
12745  -21.621  -71.463  -20.797 0.4000000060
12732  -21.467  -71.434  -20.101 0.4000000060
17478  -20.129  -67.890  -18.287 0.4000000060
19628  -20.564  -66.363  -18.882 0.4000000060
3886  -15.725  -80.145  12.053 0.3000000119
3887  -16.247  -79.966  11.804 0.3000000119
3870  -15.636  -79.540  14.009 0.3000000119
3876  -16.107  -79.513  13.373 0.3000000119
3877  -16.720  -79.185  13.639 0.3000000119
10467  -11.652  -73.633  0.116 0.4000000060
5285  -12.898  -78.351  14.454 0.3000000119
4583  -13.326  -78.675  14.591 0.4000000060
5326  -13.133  -78.335  11.907 0.4000000060
5337  -13.157  -78.410  11.061 0.4000000060
4640  -12.932  -78.973  9.804 0.4000000060
5314  -13.018  -78.283  12.797 0.4000000060
5336  -12.646  -77.766  11.363 0.4000000060
5373  -12.309  -78.333  9.318 0.4000000060
3955  -10.067  -79.479  4.901 0.5000000000
4051  -16.844  -79.853  -1.407 0.1000000015
4799  -17.322  -78.689  -2.233 0.2000000030
4066  -17.880  -79.445  -2.294 0.1000000015
5549  -16.476  -78.037  -2.616 0.2000000030
6376  -16.402  -76.935  -3.880 0.2000000030
6355  -16.452  -77.239  -3.474 0.2000000030
8047  -15.894  -75.763  -5.838 0.2000000030
7213  -15.977  -76.526  -4.629 0.2000000030
8068  -15.771  -75.578  -6.267 0.2000000030
8909  -15.703  -75.110  -7.016 0.2000000030
8921  -16.049  -74.349  -7.267 0.1000000015
9714  -15.962  -73.877  -7.547 0.1000000015
11565  -16.260  -72.404  -8.270 0.1000000015
3049  -25.361  -80.721  -15.151 0.2000000030
3656  -25.866  -80.596  -15.641 0.2000000030
11582  -16.409  -72.322  -9.053 0.1000000015
12509  -17.000  -71.846  -9.401 0.1000000015
3640  -24.601  -80.148  -15.083 0.2000000030
10661  -16.995  -73.014  -10.101 0.1000000015
11609  -17.842  -72.592  -10.824 0.1000000015
10668  -17.899  -73.344  -10.812 0.1000000015
11617  -18.215  -72.940  -11.774 0.1000000015
4342  -26.192  -79.584  -17.364 0.2000000030
11616  -18.062  -72.727  -11.362 0.1000000015
10692  -18.691  -73.276  -12.607 0.1000000015
5015  -23.667  -78.596  -15.057 0.2000000030
4382  -26.467  -78.765  -18.263 0.2000000030
4363  -26.552  -79.207  -17.890 0.2000000030
11625  -18.120  -72.431  -11.816 0.1000000015
6518  -22.481  -77.004  -15.256 0.1000000015
5095  -26.160  -78.501  -18.619 0.2000000030
10693  -18.945  -73.394  -13.111 0.1000000015
7443  -24.816  -76.244  -17.845 0.2000000030
6600  -25.123  -76.981  -18.229 0.2000000030
8286  -23.458  -75.418  -18.690 0.2000000030
8271  -24.690  -75.722  -17.604 0.2000000030
6621  -24.810  -77.283  -18.881 0.2000000030
5829  -25.191  -77.710  -19.023 0.2000000030
10827  -22.909  -73.423  -18.771 0.3000000119
9922  -23.241  -74.297  -18.233 0.2000000030
7441  -23.766  -75.831  -18.392 0.2000000030
7459  -23.976  -76.474  -18.925 0.2000000030
10848  -22.839  -73.255  -19.478 0.3000000119
9129  -23.232  -74.836  -18.665 0.2000000030
12734  -23.208  -71.700  -20.463 0.4000000060
11791  -22.870  -72.581  -19.631 0.3000000119
13687  -21.820  -70.416  -19.900 0.4000000060
15521  -21.252  -69.071  -18.309 0.4000000060
16482  -20.803  -68.252  -18.063 0.4000000060
19646  -20.172  -66.140  -19.794 0.3000000119
3882  -16.761  -79.429  12.645 0.3000000119
4599  -16.628  -78.912  14.342 0.3000000119
4600  -17.072  -78.736  14.132 0.3000000119
6039  -16.592  -77.692  14.628 0.3000000119
5358  -12.580  -78.179  9.809 0.4000000060
5313  -12.292  -77.872  13.078 0.4000000060
6077  -12.216  -77.414  11.646 0.4000000060
6120  -12.277  -77.461  10.100 0.4000000060
6135  -12.128  -77.721  9.386 0.4000000060
4825  -17.688  -78.526  -2.605 0.2000000030
6331  -17.434  -77.706  -3.054 0.2000000030
5573  -18.161  -78.414  -3.427 0.1000000015
7231  -17.098  -76.360  -4.610 0.2000000030
7192  -17.246  -76.988  -3.861 0.2000000030
6378  -18.104  -77.376  -4.320 0.2000000030
8069  -16.293  -75.326  -6.050 0.2000000030
8048  -16.453  -75.753  -5.452 0.2000000030
8893  -16.275  -74.980  -6.405 0.2000000030
8911  -16.651  -74.318  -6.595 0.1000000015
10615  -16.098  -72.987  -7.781 0.1000000015
12454  -16.795  -71.754  -7.592 0.1000000015
4295  -25.639  -80.115  -14.726 0.1000000015
3669  -25.698  -80.486  -16.205 0.2000000030
11600  -17.435  -72.369  -10.189 0.1000000015
4294  -25.172  -79.540  -14.781 0.1000000015
5016  -24.644  -78.773  -14.935 0.1000000015
11635  -18.715  -72.671  -13.069 0.1000000015
6519  -23.183  -77.164  -15.377 0.1000000015
8190  -21.273  -75.532  -15.017 0.1000000015
7388  -22.146  -75.952  -15.432 0.1000000015
6601  -25.893  -77.261  -18.006 0.2000000030
9109  -24.070  -75.153  -17.737 0.2000000030
9084  -23.840  -74.139  -17.524 0.2000000030
11750  -22.938  -72.793  -18.490 0.3000000119
14641  -23.174  -70.492  -19.404 0.4000000060
13673  -22.955  -71.640  -19.220 0.3000000119
14654  -22.992  -70.074  -20.388 0.4000000060
14638  -21.780  -70.074  -19.399 0.4000000060
18510  -21.029  -66.774  -18.279 0.4000000060
20853  -21.313  -65.365  -20.191 0.2000000030
4601  -17.685  -78.660  13.671 0.3000000119
6871  -16.042  -77.063  13.500 0.2000000030
6884  -14.089  -76.277  12.717 0.2000000030
6908  -14.556  -76.236  12.134 0.2000000030
6076  -11.671  -77.312  11.988 0.4000000060
6075  -10.807  -77.281  12.238 0.4000000060
6094  -11.038  -76.945  11.263 0.4000000060
6107  -11.604  -76.973  10.506 0.4000000060
6118  -11.238  -76.928  9.418 0.4000000060
5387  -10.624  -78.402  8.266 0.4000000060
6947  -10.714  -76.527  9.581 0.4000000060
6978  -10.095  -76.879  8.551 0.4000000060
4665  -9.246  -78.837  8.250 0.5000000000
5588  -18.673  -78.623  -4.581 0.1000000015
8050  -17.813  -76.284  -5.239 0.2000000030
7216  -17.725  -76.931  -4.288 0.2000000030
6391  -18.476  -77.313  -5.116 0.2000000030
8070  -17.060  -75.416  -5.709 0.2000000030
8071  -17.993  -75.867  -5.611 0.1000000015
8894  -16.731  -74.799  -6.205 0.1000000015
9703  -16.341  -74.089  -7.013 0.1000000015
11552  -16.754  -72.248  -7.114 0.1000000015
13408  -17.109  -71.259  -8.494 0.1000000015
3623  -26.086  -80.237  -14.624 0.2000000030
3657  -26.431  -80.306  -15.699 0.2000000030
12486  -17.307  -71.268  -9.139 0.1000000015
13489  -17.848  -70.757  -10.473 0.1000000015
12524  -17.720  -71.704  -10.633 0.1000000015
4321  -26.989  -79.692  -16.294 0.2000000030
12531  -17.944  -71.942  -11.416 0.1000000015
6536  -23.339  -76.537  -15.461 0.1000000015
5738  -24.368  -77.911  -15.088 0.1000000015
4364  -27.194  -79.072  -17.559 0.2000000030
4343  -26.864  -79.445  -17.176 0.2000000030
14502  -17.983  -70.707  -11.628 0.1000000015
12542  -18.145  -71.882  -12.170 0.1000000015
8214  -21.825  -75.486  -15.367 0.1000000015
5809  -26.764  -78.041  -17.976 0.2000000030
5079  -26.996  -78.622  -17.947 0.2000000030
11653  -18.980  -72.437  -13.565 0.1000000015
7424  -26.071  -76.528  -17.461 0.2000000030
6602  -26.580  -77.512  -17.783 0.2000000030
8250  -25.149  -75.612  -17.388 0.2000000030
7423  -25.469  -76.193  -17.495 0.2000000030
10810  -23.333  -73.323  -17.844 0.2000000030
13674  -23.059  -71.009  -19.014 0.4000000060
15567  -23.061  -69.932  -19.077 0.4000000060
15565  -22.471  -69.469  -19.356 0.3000000119
15546  -22.356  -69.183  -18.931 0.3000000119
15522  -21.869  -68.888  -18.485 0.3000000119
17480  -21.302  -67.555  -18.037 0.4000000060
19616  -22.133  -66.295  -18.217 0.3000000119
20826  -22.562  -65.416  -19.338 0.2000000030
20824  -21.422  -65.758  -18.979 0.3000000119
20854  -22.138  -65.250  -20.409 0.2000000030
6910  -16.218  -76.506  11.851 0.2000000030
5297  -11.108  -77.904  13.810 0.3000000119
5323  -10.329  -77.418  12.513 0.3000000119
6905  -9.961  -76.682  11.151 0.3000000119
6929  -8.737  -76.352  10.733 0.4000000060
6946  -9.823  -76.276  9.838 0.4000000060
6977  -9.392  -76.708  8.569 0.4000000060
5384  -8.381  -77.876  8.449 0.5000000000
7253  -18.206  -76.595  -5.330 0.2000000030
6409  -18.868  -77.245  -5.674 0.1000000015
5611  -19.132  -78.010  -5.731 0.1000000015
8895  -17.599  -74.981  -5.969 0.2000000030
7254  -18.623  -76.547  -5.653 0.1000000015
5612  -19.756  -78.062  -5.729 0.1000000015
9689  -17.247  -74.220  -6.261 0.1000000015
6393  -20.716  -77.512  -5.448 0.1000000015
10588  -17.209  -73.611  -6.435 0.1000000015
9690  -18.087  -74.422  -6.061 0.1000000015
11514  -18.032  -72.944  -6.049 0.1000000015
10603  -16.869  -73.230  -6.712 0.1000000015
12416  -17.503  -72.452  -6.302 0.1000000015
12437  -17.252  -71.876  -6.753 0.1000000015
13388  -17.131  -71.158  -7.942 0.1000000015
13409  -17.383  -70.828  -8.412 0.1000000015
3643  -26.530  -80.352  -14.933 0.2000000030
13464  -17.761  -70.631  -9.715 0.1000000015
5739  -25.251  -78.227  -14.697 0.1000000015
13504  -17.850  -71.093  -11.227 0.1000000015
5017  -25.157  -78.896  -14.727 0.1000000015
3658  -26.955  -80.125  -15.293 0.2000000030
7389  -22.752  -76.189  -15.491 0.1000000015
4274  -25.557  -79.400  -14.583 0.1000000015
4275  -25.936  -79.603  -14.480 0.1000000015
4322  -27.699  -79.383  -16.252 0.2000000030
12559  -18.793  -72.036  -13.351 0.1000000015
9046  -21.446  -74.513  -15.393 0.1000000015
9047  -22.035  -74.771  -15.480 0.1000000015
8215  -22.450  -75.427  -15.527 0.1000000015
6576  -26.439  -77.050  -17.547 0.2000000030
5810  -27.405  -78.092  -17.632 0.2000000030
5080  -27.660  -78.667  -17.522 0.2000000030
4344  -27.661  -79.194  -16.935 0.2000000030
5049  -28.775  -78.712  -16.223 0.2000000030
9086  -24.985  -74.872  -17.187 0.2000000030
6603  -27.079  -77.674  -17.586 0.2000000030
5796  -28.729  -78.260  -16.730 0.1000000015
9887  -23.741  -73.551  -17.456 0.2000000030
8252  -26.621  -75.981  -17.097 0.2000000030
7425  -26.730  -76.633  -17.246 0.2000000030
6577  -26.962  -77.188  -17.380 0.2000000030
6558  -28.170  -77.279  -16.845 0.2000000030
6579  -28.370  -77.665  -16.924 0.2000000030
12669  -22.917  -72.018  -18.550 0.3000000119
10790  -23.617  -72.855  -17.443 0.3000000119
9889  -24.815  -74.181  -16.996 0.2000000030
9088  -26.367  -75.303  -16.956 0.2000000030
7426  -27.290  -76.698  -17.032 0.2000000030
7410  -28.018  -76.722  -16.657 0.2000000030
14624  -23.152  -70.396  -18.749 0.2000000030
13648  -23.219  -71.010  -18.173 0.3000000119
11729  -23.503  -72.217  -17.496 0.3000000119
9063  -26.172  -74.587  -16.756 0.2000000030
8233  -27.371  -75.849  -16.756 0.2000000030
15547  -22.997  -69.370  -18.713 0.3000000119
15524  -23.496  -69.372  -18.017 0.3000000119
16508  -22.738  -68.932  -18.488 0.3000000119
16485  -23.149  -68.559  -18.107 0.2000000030
17482  -22.845  -67.745  -17.935 0.3000000119
17483  -23.640  -67.780  -17.782 0.3000000119
18512  -22.511  -66.931  -17.919 0.3000000119
18513  -23.349  -66.936  -17.879 0.3000000119
19617  -22.961  -66.164  -18.218 0.3000000119
19649  -23.670  -65.375  -19.801 0.2000000030
20856  -23.403  -65.294  -20.620 0.2000000030
20879  -23.057  -65.263  -21.160 0.2000000030
19693  -23.840  -65.471  -21.658 0.2000000030
5310  -9.691  -78.131  13.320 0.3000000119
5296  -10.364  -78.060  13.809 0.3000000119
6073  -9.397  -77.264  12.137 0.3000000119
6961  -8.274  -76.447  9.422 0.5000000000
5383  -7.914  -77.699  8.697 0.5000000000
8072  -18.863  -75.946  -5.836 0.1000000015
6410  -19.526  -77.412  -5.841 0.1000000015
9691  -18.779  -74.649  -5.978 0.1000000015
8897  -19.226  -75.304  -5.923 0.1000000015
8073  -19.617  -76.051  -5.838 0.1000000015
8051  -20.540  -76.195  -5.526 0.1000000015
14445  -17.994  -70.023  -10.075 0.1000000015
13523  -18.294  -71.146  -12.606 0.1000000015
6520  -24.024  -76.898  -15.342 0.1000000015
6521  -24.903  -77.212  -14.877 0.1000000015
5740  -25.753  -78.069  -14.437 0.1000000015
3624  -26.571  -80.069  -14.360 0.2000000030
4310  -27.586  -79.641  -15.432 0.2000000030
4311  -28.306  -79.208  -15.424 0.2000000030
12578  -19.127  -71.917  -13.765 0.1000000015
7370  -24.067  -76.023  -15.265 0.1000000015
6522  -25.722  -77.424  -14.448 0.1000000015
5775  -29.340  -78.126  -16.163 0.1000000015
5797  -29.067  -77.856  -16.492 0.2000000030
10791  -24.164  -73.114  -17.093 0.2000000030
7411  -28.888  -76.547  -16.393 0.2000000030
6559  -28.603  -77.223  -16.629 0.2000000030
12643  -23.708  -71.490  -17.380 0.2000000030
10769  -24.745  -72.661  -16.800 0.2000000030
10792  -24.780  -73.450  -16.888 0.2000000030
10771  -26.393  -73.168  -16.449 0.2000000030
9867  -25.907  -73.835  -16.625 0.2000000030
9869  -27.495  -74.065  -16.390 0.2000000030
9065  -27.874  -74.914  -16.392 0.2000000030
8234  -28.358  -75.768  -16.389 0.2000000030
14576  -23.597  -70.186  -17.828 0.2000000030
11710  -26.189  -72.360  -16.541 0.2000000030
9868  -26.679  -73.971  -16.485 0.2000000030
9870  -28.339  -74.037  -16.396 0.2000000030
16486  -23.793  -68.540  -17.716 0.2000000030
12627  -27.327  -72.153  -16.763 0.2000000030
11713  -28.166  -72.914  -16.773 0.2000000030
18514  -24.235  -67.002  -17.858 0.3000000119
19618  -23.901  -66.149  -18.203 0.3000000119
18538  -25.288  -66.629  -18.364 0.2000000030
19633  -24.494  -65.880  -18.971 0.3000000119
19651  -25.089  -65.951  -19.657 0.2000000030
19671  -24.416  -65.632  -20.867 0.2000000030
19744  -23.262  -65.479  -22.556 0.1000000015
20877  -21.663  -65.246  -21.010 0.2000000030
4604  -8.362  -78.665  13.497 0.2000000030
5309  -8.797  -78.165  13.103 0.3000000119
6055  -8.055  -77.386  12.673 0.3000000119
6072  -8.545  -77.068  12.184 0.3000000119
6903  -8.483  -76.560  11.519 0.3000000119
9692  -19.446  -74.514  -5.834 0.1000000015
9693  -20.256  -74.315  -5.613 0.1000000015
8898  -20.142  -75.431  -5.660 0.1000000015
8052  -21.258  -76.140  -5.354 0.1000000015
10590  -18.658  -73.798  -5.953 0.1000000015
10591  -19.580  -73.575  -5.720 0.1000000015
11515  -18.894  -72.784  -5.834 0.1000000015
11516  -19.820  -72.646  -5.705 0.1000000015
12417  -18.160  -71.865  -6.209 0.1000000015
13372  -18.188  -70.697  -6.800 0.1000000015
13358  -18.850  -71.192  -6.189 0.1000000015
14375  -18.142  -70.073  -7.603 0.1000000015
15352  -18.436  -69.641  -7.903 0.1000000015
14398  -17.843  -70.150  -8.403 0.1000000015
14489  -17.987  -70.327  -11.284 0.1000000015
14503  -18.197  -70.276  -12.101 0.1000000015
5001  -26.732  -78.644  -13.903 0.1000000015
4277  -27.481  -79.549  -13.832 0.1000000015
4296  -27.658  -79.719  -14.456 0.2000000030
4297  -28.321  -79.357  -14.743 0.2000000030
13540  -19.347  -70.875  -13.794 0.1000000015
10763  -22.005  -73.631  -15.437 0.1000000015
8191  -23.425  -75.160  -15.460 0.1000000015
5034  -29.170  -78.630  -15.700 0.2000000030
7372  -25.340  -76.490  -14.653 0.1000000015
7357  -26.036  -76.501  -14.194 0.1000000015
5754  -29.990  -77.977  -15.534 0.2000000030
5776  -29.789  -77.713  -16.089 0.2000000030
11730  -24.061  -72.261  -17.078 0.3000000119
15525  -23.886  -68.972  -17.607 0.2000000030
15503  -24.202  -69.333  -17.383 0.2000000030
14579  -25.523  -69.912  -17.069 0.1000000015
13597  -24.658  -71.074  -16.889 0.3000000119
12624  -25.198  -71.477  -16.738 0.2000000030
12625  -26.056  -71.450  -16.757 0.2000000030
10773  -27.943  -73.328  -16.501 0.2000000030
18515  -25.142  -67.054  -17.957 0.2000000030
17456  -25.214  -68.170  -17.465 0.2000000030
17458  -26.162  -68.125  -17.805 0.1000000015
15506  -26.539  -69.191  -17.511 0.1000000015
14580  -26.303  -69.860  -17.223 0.1000000015
12645  -26.446  -70.961  -17.015 0.1000000015
12626  -26.861  -71.891  -16.762 0.2000000030
12647  -27.674  -71.802  -17.325 0.2000000030
11731  -27.913  -72.285  -17.049 0.2000000030
18557  -26.113  -66.701  -19.195 0.1000000015
17487  -26.644  -67.939  -18.283 0.1000000015
16466  -26.706  -68.680  -17.839 0.1000000015
14601  -26.873  -69.792  -17.653 0.1000000015
13650  -27.508  -70.733  -18.054 0.1000000015
12717  -27.911  -71.113  -19.050 0.2000000030
12698  -28.166  -71.682  -18.834 0.2000000030
19652  -25.718  -66.305  -19.463 0.1000000015
18575  -26.575  -66.966  -20.361 0.1000000015
17557  -26.978  -67.424  -20.708 0.1000000015
16538  -27.762  -68.483  -20.367 0.1000000015
15568  -27.903  -69.126  -19.738 0.1000000015
14642  -28.156  -70.004  -20.033 0.2000000030
13690  -27.988  -70.629  -19.398 0.2000000030
11793  -28.314  -72.201  -19.717 0.2000000030
18615  -25.799  -66.559  -21.917 0.1000000015
18616  -26.518  -67.103  -21.976 0.1000000015
15590  -28.154  -69.133  -21.531 0.1000000015
13723  -28.350  -70.855  -21.749 0.1000000015
13702  -28.288  -70.828  -20.596 0.2000000030
11822  -28.216  -72.296  -21.361 0.2000000030
19745  -24.095  -65.846  -22.898 0.1000000015
19721  -24.834  -66.010  -22.172 0.2000000030
14696  -28.362  -70.250  -23.026 0.1000000015
14683  -28.337  -70.242  -22.240 0.1000000015
12761  -28.318  -71.608  -21.992 0.1000000015
19766  -24.230  -65.988  -23.799 0.1000000015
13750  -28.510  -70.840  -23.497 0.1000000015
13738  -28.380  -70.914  -22.566 0.1000000015
4603  -7.615  -78.580  13.502 0.3000000119
6070  -6.972  -76.824  12.455 0.3000000119
6881  -8.058  -76.620  11.928 0.3000000119
8899  -20.889  -74.932  -5.476 0.1000000015
9694  -21.085  -74.064  -5.587 0.1000000015
12418  -19.227  -71.890  -5.880 0.1000000015
11517  -20.685  -72.489  -5.794 0.1000000015
10592  -20.454  -73.371  -5.615 0.1000000015
14359  -18.930  -70.107  -6.954 0.1000000015
15361  -18.637  -69.375  -8.374 0.1000000015
15388  -18.288  -69.418  -9.630 0.1000000015
15411  -18.336  -69.355  -10.599 0.1000000015
15423  -18.689  -69.254  -11.709 0.1000000015
15432  -19.020  -70.009  -13.168 0.1000000015
13550  -19.823  -71.075  -14.183 0.1000000015
6506  -26.454  -77.318  -13.995 0.1000000015
5725  -26.847  -77.967  -13.808 0.1000000015
4990  -27.728  -78.532  -13.384 0.1000000015
4262  -28.352  -79.166  -13.561 0.2000000030
11684  -22.019  -72.548  -15.168 0.1000000015
5018  -28.770  -78.980  -15.186 0.2000000030
5035  -29.593  -78.441  -15.333 0.2000000030
6561  -30.265  -77.232  -15.979 0.2000000030
8235  -29.262  -75.678  -16.254 0.2000000030
6560  -29.345  -77.360  -16.390 0.2000000030
7413  -30.523  -76.351  -16.131 0.2000000030
9066  -28.788  -74.842  -16.280 0.2000000030
10793  -28.752  -73.000  -17.216 0.2000000030
10774  -28.655  -73.286  -16.817 0.2000000030
11752  -28.626  -72.462  -17.846 0.2000000030
12672  -28.273  -71.984  -18.064 0.2000000030
10849  -28.840  -73.149  -19.565 0.2000000030
17592  -27.282  -67.940  -22.995 0.1000000015
17575  -27.498  -68.056  -21.989 0.1000000015
17558  -27.476  -67.919  -20.992 0.1000000015
10869  -28.324  -72.946  -20.558 0.2000000030
9955  -28.747  -73.559  -20.186 0.2000000030
19746  -24.807  -66.143  -23.191 0.1000000015
18654  -25.972  -66.893  -23.756 0.1000000015
17609  -26.673  -67.470  -23.641 0.1000000015
16606  -27.481  -68.339  -23.640 0.1000000015
16588  -27.741  -68.594  -22.686 0.1000000015
15607  -28.036  -69.113  -22.250 0.1000000015
11834  -28.331  -72.431  -22.284 0.2000000030
10915  -28.894  -73.162  -22.961 0.1000000015
9997  -28.984  -73.591  -22.616 0.1000000015
19788  -24.451  -66.028  -24.644 0.1000000015
19767  -24.892  -66.270  -24.032 0.1000000015
15654  -28.108  -69.660  -24.482 0.1000000015
15639  -28.173  -69.724  -23.600 0.1000000015
11846  -28.730  -72.512  -23.193 0.1000000015
19787  -23.703  -65.873  -24.483 0.1000000015
14712  -28.377  -70.260  -24.093 0.1000000015
12802  -29.498  -71.647  -24.567 0.1000000015
19764  -22.499  -65.444  -23.245 0.1000000015
20931  -22.537  -65.342  -22.414 0.1000000015
10593  -21.296  -73.192  -5.797 0.1000000015
12419  -20.114  -71.818  -5.877 0.1000000015
12420  -20.857  -71.706  -6.138 0.1000000015
13374  -20.036  -70.622  -6.475 0.1000000015
14377  -19.412  -69.723  -7.365 0.1000000015
15389  -19.029  -68.907  -9.957 0.1000000015
14514  -19.638  -70.353  -13.941 0.1000000015
9022  -22.960  -74.495  -15.451 0.1000000015
4279  -28.681  -79.162  -14.194 0.2000000030
9829  -22.602  -73.888  -15.414 0.1000000015
9024  -24.046  -74.727  -15.053 0.1000000015
8194  -25.014  -75.847  -14.753 0.1000000015
7358  -26.877  -76.508  -13.738 0.1000000015
4989  -27.195  -78.416  -13.618 0.1000000015
4991  -28.543  -78.704  -13.352 0.2000000030
5020  -29.800  -78.368  -14.707 0.2000000030
5741  -30.272  -77.972  -14.844 0.2000000030
6538  -30.467  -77.587  -15.547 0.2000000030
9067  -29.658  -74.815  -16.396 0.2000000030
8236  -30.116  -75.612  -16.287 0.2000000030
7412  -29.740  -76.468  -16.238 0.2000000030
10811  -29.387  -73.224  -18.056 0.2000000030
11775  -29.072  -72.907  -18.538 0.2000000030
16639  -27.030  -67.953  -25.141 0.1000000015
16626  -27.478  -68.488  -24.585 0.1000000015
15681  -27.897  -69.263  -25.757 0.1000000015
9956  -29.158  -73.838  -20.464 0.2000000030
9985  -29.784  -73.197  -22.037 0.1000000015
18682  -25.674  -66.643  -25.584 0.1000000015
15667  -27.799  -69.126  -24.938 0.1000000015
14738  -28.119  -69.594  -25.859 0.1000000015
13794  -29.242  -70.745  -26.594 0.1000000015
10917  -30.012  -73.034  -22.886 0.1000000015
11850  -31.994  -72.001  -23.043 0.1000000015
14724  -28.390  -70.169  -24.920 0.1000000015
13784  -29.103  -70.878  -25.900 0.1000000015
12789  -29.252  -72.025  -23.960 0.1000000015
11871  -31.345  -72.259  -24.089 0.1000000015
12831  -29.422  -71.173  -25.759 0.1000000015
13759  -29.119  -71.254  -24.661 0.1000000015
20952  -21.777  -65.395  -22.959 0.1000000015
19786  -22.865  -65.723  -24.323 0.1000000015
13361  -20.816  -71.216  -6.370 0.1000000015
14361  -20.267  -70.333  -6.904 0.1000000015
13391  -21.356  -70.837  -7.473 0.1000000015
15354  -19.662  -69.453  -7.886 0.1000000015
15412  -18.942  -68.883  -10.866 0.1000000015
10741  -23.204  -73.364  -15.144 0.1000000015
6496  -27.657  -77.081  -13.392 0.1000000015
5715  -29.709  -78.110  -13.403 0.2000000030
5727  -30.194  -78.059  -14.121 0.2000000030
6508  -31.222  -77.140  -14.235 0.2000000030
6539  -30.932  -77.255  -15.317 0.2000000030
8237  -30.917  -75.662  -16.391 0.2000000030
7414  -31.195  -76.280  -15.979 0.2000000030
7415  -31.597  -76.274  -15.577 0.1000000015
9872  -29.899  -74.254  -16.828 0.2000000030
9068  -30.519  -74.773  -16.744 0.2000000030
9891  -29.680  -73.857  -17.146 0.2000000030
9892  -30.274  -74.099  -17.461 0.1000000015
9089  -30.653  -74.473  -17.239 0.2000000030
9924  -29.871  -73.867  -19.082 0.1000000015
9941  -29.094  -73.645  -19.809 0.1000000015
14753  -28.498  -69.995  -27.399 0.1000000015
16668  -30.104  -69.015  -26.683 0.1000000015
9971  -29.699  -73.389  -21.459 0.1000000015
12762  -30.395  -71.699  -21.601 0.1000000015
14755  -29.618  -70.207  -27.238 0.1000000015
15683  -30.334  -69.525  -25.977 0.1000000015
14741  -30.604  -70.158  -25.950 0.1000000015
15671  -31.294  -69.519  -24.922 0.1000000015
19823  -25.000  -66.201  -26.055 0.1000000015
13785  -30.397  -70.712  -26.195 0.1000000015
14726  -31.452  -69.977  -25.164 0.1000000015
12821  -31.632  -71.477  -25.355 0.1000000015
12805  -31.829  -72.000  -24.629 0.1000000015
12807  -33.241  -71.858  -24.211 0.1000000015
12833  -30.594  -71.306  -25.890 0.1000000015
12820  -30.831  -71.611  -25.307 0.1000000015
12803  -30.360  -71.850  -24.680 0.1000000015
4590  -5.011  -79.105  14.397 0.2000000030
14378  -20.387  -69.973  -7.577 0.1000000015
14379  -21.042  -70.348  -7.770 0.1000000015
15363  -20.101  -69.364  -8.432 0.1000000015
15373  -19.601  -68.999  -9.138 0.1000000015
7344  -28.179  -76.424  -13.249 0.2000000030
6497  -28.507  -77.222  -13.199 0.2000000030
5717  -30.755  -77.456  -13.552 0.2000000030
7343  -27.532  -76.223  -13.420 0.2000000030
6499  -30.022  -77.296  -13.199 0.2000000030
7360  -31.572  -76.530  -14.042 0.1000000015
7345  -28.923  -76.567  -13.134 0.2000000030
8238  -31.792  -75.617  -16.049 0.1000000015
9090  -30.997  -74.689  -17.282 0.1000000015
9909  -30.214  -73.948  -18.352 0.1000000015
10851  -30.626  -73.233  -19.835 0.2000000030
9958  -30.187  -73.335  -20.256 0.1000000015
10870  -29.979  -72.936  -20.875 0.1000000015
15655  -30.957  -68.884  -24.784 0.1000000015
15640  -31.555  -68.699  -24.101 0.1000000015
15641  -31.920  -68.869  -23.967 0.1000000015
14715  -32.588  -69.961  -24.745 0.1000000015
14728  -32.846  -70.542  -25.110 0.1000000015
13773  -33.042  -71.210  -25.267 0.1000000015
19783  -20.504  -65.943  -23.964 0.1000000015
7346  -29.645  -76.658  -13.112 0.2000000030
8167  -30.629  -75.921  -13.284 0.2000000030
15643  -33.459  -69.042  -24.008 0.1000000015
10183  -0.698  -73.601  20.308 0.6000000238
9276  -0.662  -74.119  21.244 0.5000000000
25650  -13.696  -62.128  6.681 0.1000000015
27017  -14.795  -61.283  6.672 0.1000000015
28359  -15.528  -60.675  6.769 0.1000000015
12870  -0.082  -71.478  21.212 0.6000000238
13848  0.249  -70.870  20.761 0.6999999881
21639  -9.689  -64.436  8.440 0.2000000030
22964  -11.084  -63.211  7.247 0.1000000015
24338  -11.781  -62.867  6.913 0.1000000015
21615  -8.575  -64.359  9.764 0.2000000030
22923  -9.152  -63.734  8.884 0.1000000015
24302  -10.032  -63.035  7.926 0.2000000030
25627  -10.401  -62.316  7.567 0.1000000015
25649  -12.868  -62.038  6.661 0.1000000015
27016  -14.120  -61.461  6.532 0.1000000015
28358  -14.998  -60.857  6.523 0.1000000015
28360  -16.087  -59.905  6.826 0.1000000015
38042  -4.709  -54.261  -14.880 0.4000000060
18011  -6.182  -66.529  14.098 0.4000000060
20348  -7.912  -64.971  10.902 0.2000000030
30999  -16.821  -58.659  7.449 0.1000000015
19121  -6.531  -65.563  13.656 0.3000000119
19134  -7.283  -65.569  12.184 0.3000000119
22907  -8.399  -63.514  9.947 0.2000000030
24288  -9.041  -62.935  8.988 0.2000000030
25610  -9.828  -62.282  8.101 0.2000000030
26996  -11.235  -61.164  7.200 0.2000000030
27014  -12.521  -61.177  6.714 0.1000000015
27032  -13.660  -60.760  6.410 0.1000000015
28379  -13.826  -60.395  6.325 0.1000000015
29718  -15.267  -59.310  5.993 0.1000000015
31015  -16.513  -58.679  6.714 0.1000000015
22886  -8.008  -63.364  10.525 0.3000000119
26977  -9.680  -61.496  8.325 0.3000000119
26994  -10.151  -61.509  7.868 0.3000000119
28333  -10.902  -60.570  7.544 0.2000000030
27013  -11.806  -60.996  6.972 0.1000000015
28357  -12.917  -60.477  6.624 0.1000000015
29716  -13.986  -59.736  6.162 0.1000000015
29663  -10.788  -60.018  7.824 0.3000000119
28355  -11.804  -60.300  7.094 0.1000000015
36592  -5.425  -55.066  -13.249 0.4000000060
38024  -5.041  -54.558  -13.988 0.4000000060
39435  -5.760  -53.946  -14.062 0.4000000060
40891  -5.268  -53.433  -15.065 0.4000000060
40935  -5.110  -52.924  -16.201 0.4000000060
16890  -4.895  -67.342  16.702 0.4000000060
19031  -5.032  -66.248  16.926 0.4000000060
19075  -5.434  -66.032  16.059 0.4000000060
20285  -6.060  -64.985  14.608 0.3000000119
20298  -6.561  -64.810  13.509 0.3000000119
21593  -7.769  -64.011  11.018 0.3000000119
32329  -16.528  -57.957  6.227 0.1000000015
22854  -6.902  -63.039  12.550 0.3000000119
22885  -7.679  -63.168  11.078 0.3000000119
25592  -8.586  -61.971  9.736 0.3000000119
28313  -10.070  -60.701  8.199 0.3000000119
29689  -12.608  -59.730  6.776 0.1000000015
31040  -13.501  -59.051  6.202 0.1000000015
31042  -14.753  -58.710  5.860 0.1000000015
22842  -6.594  -62.935  13.344 0.3000000119
24236  -7.414  -62.419  11.761 0.3000000119
25565  -7.851  -61.826  10.991 0.4000000060
26961  -8.568  -61.315  9.899 0.4000000060
26976  -9.273  -61.404  8.804 0.3000000119
29648  -10.849  -59.546  8.015 0.3000000119
29688  -11.940  -59.669  7.176 0.3000000119
31013  -12.347  -58.987  7.013 0.2000000030
28297  -9.355  -60.544  8.945 0.3000000119
29631  -9.723  -59.859  8.755 0.3000000119
30997  -11.586  -58.932  7.711 0.3000000119
36562  -6.742  -55.858  -11.578 0.3000000119
38002  -6.369  -54.618  -12.295 0.4000000060
39414  -5.388  -54.368  -12.897 0.4000000060
16854  -3.476  -67.884  19.145 0.4000000060
17944  -4.490  -66.981  17.668 0.4000000060
17907  -2.847  -66.929  19.071 0.4000000060
17924  -3.761  -66.918  18.670 0.4000000060
19030  -4.699  -66.279  17.520 0.4000000060
20190  -4.058  -66.034  18.206 0.4000000060
20226  -5.252  -65.603  16.637 0.4000000060
21514  -5.875  -64.284  15.103 0.4000000060
32328  -15.824  -57.885  5.785 0.1000000015
21447  -4.112  -64.958  17.521 0.4000000060
21489  -5.334  -64.874  16.308 0.4000000060
21532  -6.063  -64.145  14.382 0.3000000119
32325  -13.701  -58.534  6.095 0.3000000119
22785  -4.913  -63.792  16.324 0.5000000000
22786  -5.561  -63.616  15.595 0.5000000000
22841  -6.329  -63.341  13.782 0.4000000060
25545  -7.407  -61.787  12.061 0.4000000060
30964  -10.522  -58.634  8.735 0.3000000119
32302  -12.683  -58.412  6.900 0.3000000119
24212  -6.665  -62.084  13.473 0.4000000060
26933  -7.775  -61.350  11.314 0.4000000060
26950  -8.450  -60.864  10.251 0.4000000060
29611  -9.088  -59.599  9.732 0.3000000119
30947  -9.384  -58.781  9.761 0.3000000119
28239  -7.688  -60.421  11.935 0.4000000060
28240  -8.066  -60.239  11.284 0.4000000060
29587  -8.987  -59.216  10.118 0.3000000119
30922  -8.635  -58.747  10.874 0.3000000119
37992  -7.579  -54.946  -11.889 0.3000000119
39437  -7.223  -54.471  -13.657 0.4000000060
39453  -6.704  -54.228  -15.251 0.3000000119
38067  -7.374  -54.498  -16.125 0.2000000030
39452  -5.905  -53.809  -14.957 0.3000000119
39493  -6.397  -53.583  -16.601 0.3000000119
33563  -12.011  -57.143  8.223 0.3000000119
33600  -13.322  -57.136  6.759 0.3000000119
32304  -13.622  -57.593  6.352 0.3000000119
33549  -10.124  -57.599  9.729 0.3000000119
33551  -11.154  -57.141  9.110 0.3000000119
32303  -13.273  -58.165  6.435 0.3000000119
32326  -14.061  -57.991  5.990 0.1000000015
32203  -9.540  -57.804  10.327 0.3000000119
32248  -10.638  -58.070  8.994 0.3000000119
32266  -11.614  -58.138  8.086 0.3000000119
32267  -12.024  -57.707  7.833 0.3000000119
25496  -6.522  -61.537  13.798 0.5000000000
26890  -7.131  -61.238  12.800 0.4000000060
26874  -7.224  -60.825  12.854 0.4000000060
29564  -7.960  -59.591  11.669 0.3000000119
36554  -7.995  -56.008  -11.209 0.3000000119
38012  -7.584  -54.571  -13.185 0.4000000060
38026  -7.744  -54.727  -14.125 0.3000000119
38046  -7.764  -54.887  -15.152 0.2000000030
39495  -7.553  -54.169  -17.029 0.2000000030
40974  -7.887  -53.407  -18.051 0.3000000119
34890  -12.830  -56.200  7.731 0.3000000119
33580  -12.863  -56.909  7.403 0.3000000119
33601  -13.849  -57.082  6.237 0.3000000119
34879  -11.931  -56.537  8.611 0.3000000119
33504  -10.059  -56.964  10.209 0.4000000060
33502  -9.098  -57.502  10.914 0.4000000060
25607  -1.248  -61.897  8.430 0.4000000060
35257  -8.584  -56.562  -10.749 0.3000000119
38005  -8.775  -54.979  -12.761 0.3000000119
38013  -8.340  -54.826  -13.295 0.3000000119
38028  -9.198  -55.456  -13.854 0.3000000119
38109  -9.023  -54.924  -17.065 0.2000000030
41016  -10.728  -52.898  -19.665 0.2000000030
38163  -9.955  -54.505  -18.185 0.2000000030
39571  -10.383  -53.515  -19.261 0.2000000030
36173  -12.467  -55.555  8.599 0.4000000060
43482  -14.145  -51.752  5.512 0.3000000119
46288  -15.047  -50.568  5.734 0.3000000119
34830  -11.406  -56.110  9.361 0.4000000060
42056  -13.226  -52.656  5.386 0.4000000060
46295  -14.987  -50.419  5.446 0.3000000119
40553  -12.140  -53.176  5.291 0.4000000060
42077  -12.885  -52.432  4.694 0.4000000060
44923  -13.796  -51.129  4.360 0.3000000119
46309  -14.588  -50.160  4.745 0.3000000119
34809  -9.215  -56.438  10.158 0.4000000060
34829  -11.057  -56.460  9.498 0.4000000060
40551  -10.807  -53.673  4.807 0.6000000238
40574  -11.727  -53.016  4.722 0.5000000000
43496  -12.606  -51.869  4.127 0.4000000060
44949  -12.867  -50.650  3.708 0.4000000060
47632  -13.952  -49.424  3.836 0.2000000030
48913  -14.953  -48.545  3.415 0.3000000119
28328  0.059  -60.187  8.017 0.6000000238
24285  -2.215  -62.659  9.295 0.3000000119
35261  -11.799  -56.278  -10.821 0.4000000060
35258  -9.499  -56.240  -11.160 0.3000000119
36594  -9.661  -55.627  -13.410 0.3000000119
36675  -9.052  -55.341  -16.243 0.2000000030
36676  -9.816  -55.560  -16.192 0.2000000030
38110  -9.809  -55.036  -17.229 0.2000000030
42528  -12.158  -52.669  -21.212 0.2000000030
41076  -12.894  -53.210  -22.346 0.2000000030
38264  -14.346  -54.645  -23.782 0.2000000030
39554  -11.739  -54.133  -19.116 0.2000000030
43500  -18.235  -51.611  4.511 0.2000000030
44876  -15.516  -50.925  6.212 0.3000000119
44900  -16.939  -51.314  4.905 0.2000000030
44928  -18.552  -51.047  4.252 0.2000000030
42040  -13.387  -52.730  6.237 0.3000000119
43464  -14.632  -51.424  6.176 0.4000000060
44925  -16.787  -50.781  4.814 0.2000000030
44950  -17.437  -50.766  4.190 0.2000000030
40533  -12.359  -53.384  6.039 0.4000000060
47612  -16.101  -49.884  4.757 0.2000000030
39109  -9.782  -54.590  5.224 0.5000000000
39111  -10.840  -53.906  5.472 0.5000000000
48905  -15.273  -49.145  4.275 0.2000000030
48914  -15.417  -49.091  3.792 0.2000000030
50153  -14.628  -48.067  3.245 0.2000000030
50172  -14.890  -47.747  1.922 0.3000000119
35272  -10.669  -56.197  -11.901 0.4000000060
36566  -9.972  -55.764  -12.172 0.3000000119
35284  -11.369  -56.372  -12.391 0.4000000060
36652  -10.144  -55.817  -15.471 0.3000000119
36731  -10.916  -55.180  -17.512 0.2000000030
41048  -12.897  -53.204  -21.270 0.2000000030
39652  -14.310  -54.006  -22.574 0.2000000030
38165  -11.395  -54.562  -18.588 0.2000000030
42060  -17.340  -52.341  4.863 0.2000000030
43465  -15.757  -51.772  6.098 0.2000000030
40513  -12.076  -53.705  6.507 0.3000000119
42016  -13.924  -52.366  7.076 0.3000000119
43441  -14.703  -51.651  6.822 0.3000000119
37652  -10.090  -54.719  6.228 0.5000000000
39063  -11.577  -54.013  6.742 0.5000000000
46329  -16.761  -50.194  4.009 0.2000000030
39085  -11.197  -53.986  6.028 0.5000000000
47646  -16.133  -49.592  3.242 0.2000000030
46343  -16.910  -50.060  3.506 0.2000000030
48927  -16.522  -49.179  2.401 0.2000000030
50173  -15.724  -48.170  2.083 0.2000000030
48939  -16.287  -48.704  2.168 0.2000000030
50194  -16.128  -47.983  0.537 0.3000000119
46518  -16.560  -49.960  -4.786 0.6000000238
47773  -15.505  -49.585  -4.161 0.5000000000
45146  -16.172  -50.460  -4.278 0.6000000238
46499  -17.171  -50.094  -3.912 0.6000000238
46446  -17.879  -49.905  -2.645 0.6000000238
35285  -12.206  -56.375  -12.213 0.4000000060
35341  -10.530  -56.184  -13.998 0.3000000119
35301  -11.835  -56.484  -12.968 0.4000000060
36631  -10.353  -56.094  -14.605 0.3000000119
36699  -11.044  -55.471  -16.958 0.2000000030
39631  -13.993  -53.839  -21.756 0.2000000030
39653  -15.084  -54.080  -22.624 0.2000000030
38167  -12.921  -54.626  -18.740 0.2000000030
39555  -12.234  -54.224  -19.199 0.2000000030
38265  -15.107  -54.600  -23.867 0.2000000030
47647  -16.674  -49.709  2.917 0.2000000030
47648  -17.539  -49.502  2.785 0.2000000030
50174  -16.578  -48.167  1.739 0.3000000119
50188  -16.917  -47.576  1.226 0.3000000119
50195  -16.888  -47.781  0.335 0.3000000119
47798  -17.320  -49.395  -5.000 0.5000000000
46500  -17.800  -49.637  -3.826 0.6000000238
47776  -18.194  -49.134  -3.648 0.5000000000
46479  -18.490  -49.489  -2.503 0.5000000000
46447  -18.219  -49.859  -2.264 0.5000000000
46448  -18.931  -49.612  -2.094 0.5000000000
47729  -19.490  -49.194  -2.194 0.5000000000
36583  -13.302  -55.574  -11.662 0.4000000060
35343  -11.707  -56.472  -14.258 0.3000000119
35303  -13.485  -56.217  -13.033 0.4000000060
35287  -13.701  -55.878  -12.559 0.4000000060
35364  -11.878  -56.355  -14.930 0.3000000119
39655  -16.504  -54.106  -22.717 0.2000000030
36678  -11.523  -55.755  -16.238 0.3000000119
39594  -13.780  -54.164  -20.417 0.2000000030
39633  -15.483  -54.187  -21.899 0.2000000030
38113  -12.283  -55.163  -17.547 0.2000000030
38183  -13.839  -54.490  -19.532 0.2000000030
48930  -19.443  -47.775  3.118 0.2000000030
48943  -18.680  -47.702  2.458 0.3000000119
47659  -17.641  -48.962  2.383 0.2000000030
47649  -18.262  -49.116  2.733 0.2000000030
51469  -18.414  -46.381  1.657 0.1000000015
51462  -18.330  -47.184  1.959 0.2000000030
52873  -18.170  -46.413  1.289 0.1000000015
50196  -17.379  -47.179  0.629 0.2000000030
52879  -18.158  -46.250  0.886 0.1000000015
51475  -18.119  -46.467  0.496 0.1000000015
51480  -17.879  -46.877  0.326 0.2000000030
52880  -18.481  -45.931  0.432 0.1000000015
51481  -18.326  -46.611  -0.092 0.1000000015
48978  -17.742  -48.257  -0.967 0.2000000030
52889  -18.801  -45.930  -0.362 0.1000000015
52898  -18.974  -45.941  -1.097 0.2000000030
50227  -18.297  -47.771  -2.227 0.2000000030
49104  -17.333  -48.173  -5.917 0.5000000000
47799  -17.961  -49.015  -4.592 0.5000000000
37982  -13.084  -54.686  -10.542 0.4000000060
35365  -12.655  -56.311  -15.132 0.3000000119
35345  -13.256  -56.382  -14.552 0.3000000119
36680  -13.108  -55.665  -16.436 0.3000000119
36701  -12.688  -55.432  -16.987 0.2000000030
38218  -14.965  -54.514  -20.708 0.2000000030
38168  -13.616  -54.647  -18.818 0.2000000030
39597  -16.427  -54.339  -20.610 0.2000000030
52864  -19.443  -45.932  3.134 0.1000000015
50164  -19.328  -47.319  2.877 0.1000000015
52863  -19.152  -46.130  2.584 0.1000000015
51463  -18.694  -46.785  2.111 0.1000000015
50176  -17.977  -47.585  1.925 0.2000000030
48929  -18.962  -47.975  2.758 0.3000000119
54241  -18.985  -45.347  2.328 0.1000000015
52874  -18.428  -45.885  1.249 0.1000000015
40812  -9.600  -53.515  -8.003 0.5000000000
39396  -12.845  -54.004  -10.110 0.4000000060
36585  -14.355  -55.046  -12.498 0.4000000060
38006  -14.209  -54.614  -11.935 0.4000000060
35367  -13.910  -55.956  -15.463 0.3000000119
35327  -14.443  -55.945  -14.234 0.3000000119
36597  -14.239  -55.677  -13.084 0.4000000060
36703  -13.970  -55.282  -17.010 0.2000000030
38152  -14.074  -54.775  -18.167 0.2000000030
38170  -15.067  -54.566  -19.108 0.2000000030
39577  -16.711  -54.221  -19.907 0.2000000030
38185  -15.098  -54.569  -19.770 0.2000000030
55564  -19.549  -44.479  4.007 0.1000000015
52856  -19.656  -46.011  3.618 0.1000000015
55572  -19.375  -44.821  3.347 0.1000000015
55571  -18.976  -44.238  2.927 0.1000000015
42324  -9.312  -52.631  -8.300 0.5000000000
40825  -11.214  -53.507  -8.698 0.5000000000
40843  -11.866  -53.135  -9.427 0.5000000000
39402  -13.648  -53.974  -10.985 0.4000000060
39417  -14.408  -53.946  -11.964 0.4000000060
38015  -15.026  -54.350  -12.883 0.4000000060
36634  -15.001  -55.606  -15.109 0.3000000119
38029  -15.279  -54.706  -13.387 0.4000000060
38117  -15.221  -54.798  -17.364 0.3000000119
38153  -14.905  -54.672  -18.219 0.2000000030
39558  -16.886  -54.033  -19.014 0.2000000030
39599  -17.893  -53.968  -20.786 0.2000000030
54226  -19.687  -45.312  3.926 0.1000000015
42325  -10.178  -52.648  -8.741 0.5000000000
42359  -11.701  -52.586  -9.603 0.5000000000
40845  -12.933  -53.357  -10.243 0.4000000060
40861  -14.117  -53.361  -11.606 0.4000000060
38071  -16.435  -54.396  -15.524 0.3000000119
39439  -16.249  -53.673  -13.950 0.4000000060
36683  -14.981  -55.217  -16.295 0.3000000119
39513  -16.604  -54.060  -17.208 0.3000000119
39538  -16.211  -54.207  -18.207 0.2000000030
39559  -17.643  -53.766  -18.808 0.2000000030
41020  -18.634  -53.482  -19.727 0.2000000030
43804  -9.436  -51.267  -9.102 0.5000000000
43806  -10.746  -52.170  -9.299 0.5000000000
42360  -12.529  -52.629  -10.156 0.5000000000
39497  -17.378  -53.468  -16.008 0.3000000119
39514  -17.462  -53.524  -17.062 0.3000000119
39540  -17.803  -53.511  -18.019 0.3000000119
64081  -16.461  -39.756  -2.405 0.4000000060
60022  -15.447  -41.644  -1.668 0.2000000030
45230  -8.931  -50.760  -9.220 0.5000000000
45257  -11.419  -51.225  -10.147 0.4000000060
43856  -13.599  -51.895  -11.735 0.4000000060
42395  -15.715  -52.459  -13.252 0.4000000060
45271  -11.900  -51.021  -10.671 0.4000000060
45283  -12.695  -51.104  -11.397 0.4000000060
64079  -14.677  -39.564  -1.865 0.3000000119
45255  -10.111  -50.838  -9.833 0.4000000060
46644  -10.207  -50.406  -10.312 0.3000000119
43868  -14.549  -51.632  -12.963 0.4000000060
46659  -11.515  -50.469  -11.030 0.3000000119
40976  -18.381  -53.168  -17.939 0.3000000119
64080  -15.539  -39.619  -2.129 0.2000000030
65341  -14.607  -38.721  -1.954 0.2000000030
65343  -16.213  -38.725  -2.124 0.3000000119
66626  -16.902  -37.789  -1.633 0.3000000119
66610  -16.764  -37.271  -1.442 0.3000000119
46682  -12.572  -50.679  -12.172 0.3000000119
45299  -13.470  -51.017  -12.791 0.4000000060
46670  -10.299  -49.571  -12.045 0.3000000119
46681  -12.028  -50.236  -12.375 0.3000000119
46680  -11.211  -49.859  -12.646 0.3000000119
46690  -11.086  -49.948  -13.512 0.3000000119
66625  -15.905  -37.888  -1.772 0.2000000030
69268  -18.403  -36.402  -1.808 0.5000000000
67882  -19.577  -37.335  -2.060 0.5000000000
70645  -18.626  -35.785  -2.096 0.4000000060
69285  -20.232  -36.604  -2.822 0.5000000000
67895  -20.051  -36.884  -2.479 0.5000000000
46656  -8.736  -49.368  -11.112 0.3000000119
70632  -16.709  -35.851  -1.382 0.4000000060
70643  -17.270  -35.583  -1.637 0.4000000060
70642  -16.720  -35.390  -1.497 0.3000000119
71999  -18.226  -35.127  -2.275 0.3000000119
70654  -19.648  -35.689  -2.988 0.4000000060
72019  -19.563  -35.237  -3.702 0.3000000119
70661  -20.314  -36.038  -4.156 0.4000000060
70669  -20.256  -36.113  -4.757 0.3000000119
72006  -17.966  -34.523  -2.612 0.2000000030
73401  -18.070  -34.402  -2.835 0.3000000119
73407  -17.690  -33.734  -3.549 0.2000000030
72027  -19.439  -34.977  -4.186 0.3000000119
73426  -18.603  -34.255  -4.471 0.2000000030
70679  -19.877  -35.908  -5.256 0.3000000119
72035  -18.774  -34.608  -5.079 0.3000000119
70678  -19.135  -35.353  -5.522 0.3000000119
73408  -18.269  -34.243  -3.306 0.2000000030
72045  -18.601  -34.819  -5.776 0.3000000119
70689  -18.988  -35.382  -6.210 0.3000000119
73448  -19.989  -34.457  -7.496 0.4000000060
72065  -20.639  -34.869  -8.257 0.5000000000
73458  -20.409  -34.222  -8.639 0.5000000000
40892  -17.010  -53.138  -14.396 0.3000000119
40867  -14.858  -53.246  -12.496 0.4000000060
39476  -16.993  -53.837  -15.268 0.3000000119
40939  -18.147  -52.672  -16.124 0.3000000119
40956  -18.284  -52.975  -17.022 0.3000000119
6482  -20.456  -77.370  -12.031 0.1000000015
10824  -18.186  -73.016  -19.005 0.4000000060
21448  -4.507  -65.233  17.413 0.4000000060
24145  -4.963  -62.994  15.653 0.5000000000
28227  -7.400  -60.362  12.604 0.4000000060
43968  -11.012  -52.000  -21.046 0.2000000030
41014  -9.320  -52.775  -19.231 0.2000000030
50202  -17.849  -47.492  -0.308 0.1000000015
50201  -17.303  -47.930  -0.201 0.3000000119
48963  -16.023  -48.358  0.195 0.3000000119
33951  -7.627  -57.463  -9.884 0.3000000119
50211  -18.253  -47.777  -1.330 0.2000000030
33965  -10.716  -56.594  -10.745 0.4000000060
45128  -15.903  -50.759  -3.850 0.6000000238
47730  -20.325  -49.219  -2.181 0.4000000060
43782  -9.685  -52.133  -8.688 0.5000000000
46616  -8.975  -50.236  -9.875 0.3000000119
46657  -9.428  -49.511  -11.258 0.3000000119
46517  -15.677  -49.999  -4.691 0.5000000000
521  -10.437  -83.998  -15.102 0.5000000000
1893  -15.789  -82.214  -11.369 0.4000000060
1374  -15.939  -83.064  -9.606 0.4000000060
3562  -23.451  -80.747  -11.711 0.5000000000
3541  -22.081  -80.108  -10.749 0.4000000060
5883  -24.326  -78.105  -21.741 0.3000000119
7516  -24.116  -76.845  -22.329 0.4000000060
6283  -7.997  -77.088  -0.278 0.5000000000
6305  -7.902  -77.117  -2.006 0.5000000000
10846  -20.241  -73.155  -19.616 0.4000000060
48911  -13.410  -48.160  3.318 0.4000000060
50161  -14.955  -48.032  2.760 0.2000000030
49087  -15.885  -48.998  -5.091 0.5000000000
50187  -16.258  -47.804  1.188 0.3000000119
67896  -20.664  -37.378  -2.728 0.5000000000
67923  -20.849  -36.957  -4.170 0.4000000060
69316  -20.230  -36.528  -5.308 0.4000000060
70702  -20.851  -35.740  -7.690 0.4000000060
70696  -19.852  -35.652  -6.777 0.3000000119
70701  -20.198  -35.248  -7.250 0.4000000060
44948  -12.256  -51.223  3.640 0.4000000060
67909  -20.967  -37.149  -3.620 0.4000000060
70668  -19.878  -35.549  -4.377 0.3000000119
72070  -20.669  -34.792  -9.093 0.5000000000
376  -9.810  -85.397  -6.306 0.5000000000
1348  -10.084  -83.555  -6.776 0.4000000060
5484  -8.119  -78.063  1.244 0.5000000000
1336  -10.268  -83.658  -5.963 0.4000000060
22831  -6.353  -62.794  13.942 0.5000000000
61430  -14.813  -40.832  -1.486 0.2000000030
62825  -15.001  -40.364  -1.880 0.2000000030
65344  -17.159  -38.750  -2.071 0.4000000060
67879  -17.111  -36.960  -1.438 0.3000000119
69250  -16.356  -36.354  -1.299 0.4000000060
2353  -15.518  -82.118  -8.654 0.4000000060
1811  -14.681  -82.806  -7.003 0.3000000119
3558  -15.371  -80.714  -11.845 0.3000000119
4973  -15.721  -78.947  -12.068 0.4000000060
2330  -14.606  -81.947  -7.316 0.2000000030
8065  -9.828  -75.839  -5.852 0.4000000060
7227  -11.864  -76.171  -5.581 0.3000000119
7211  -12.481  -76.121  -4.345 0.3000000119
6353  -12.890  -76.531  -3.044 0.3000000119
6453  -14.922  -77.330  -8.861 0.3000000119
2004  -23.315  -82.314  -16.270 0.6000000238
2036  -22.318  -82.318  -17.753 0.5000000000
9607  -10.517  -74.266  -2.074 0.5000000000
2866  -10.713  -81.679  -5.063 0.4000000060
2832  -10.836  -81.081  -2.842 0.3000000119
3375  -11.056  -81.133  -1.706 0.2000000030
4901  -14.665  -78.690  -7.316 0.2000000030
2496  -23.375  -81.770  -15.099 0.6000000238
4988  -22.276  -79.342  -13.058 0.4000000060
591  -11.606  -84.873  -3.411 0.2000000030
1276  -10.964  -83.204  -2.193 0.2000000030
2230  -12.768  -81.510  -0.982 0.2000000030
4208  -21.199  -79.486  -10.770 0.3000000119
3622  -22.985  -80.353  -13.788 0.4000000060
6495  -21.503  -77.662  -13.822 0.1000000015
4997  -21.930  -78.497  -13.604 0.1000000015
3734  -24.097  -79.733  -19.526 0.2000000030
4412  -23.924  -79.607  -20.714 0.4000000060
7091  -8.470  -76.864  1.018 0.5000000000
7907  -9.235  -76.182  1.703 0.4000000060
6260  -8.655  -76.928  1.680 0.5000000000
4061  -14.439  -79.711  -2.227 0.2000000030
2855  -12.971  -81.554  -4.477 0.2000000030
3418  -13.730  -80.196  -2.854 0.2000000030
6197  -11.469  -76.933  5.268 0.5000000000
3858  -14.505  -79.532  14.423 0.4000000060
8729  -11.760  -74.741  3.342 0.5000000000
9549  -12.291  -74.069  2.760 0.4000000060
5830  -25.802  -77.928  -18.622 0.2000000030
9921  -23.016  -74.203  -18.691 0.2000000030
6045  -16.913  -77.665  14.226 0.2000000030
6886  -15.733  -76.729  12.697 0.2000000030
6870  -15.268  -76.778  13.414 0.2000000030
5724  -26.206  -78.122  -14.170 0.1000000015
9064  -26.965  -74.889  -16.628 0.2000000030
14577  -24.014  -70.128  -17.342 0.2000000030
19650  -24.253  -65.523  -19.964 0.2000000030
19673  -25.613  -66.168  -20.235 0.2000000030
19695  -24.879  -65.923  -21.295 0.2000000030
13599  -25.465  -71.017  -16.803 0.1000000015
15505  -25.867  -69.227  -17.256 0.1000000015
13626  -27.230  -71.082  -17.447 0.2000000030
17486  -26.150  -67.644  -18.094 0.1000000015
15527  -27.396  -69.138  -18.518 0.1000000015
13649  -27.152  -70.214  -17.784 0.1000000015
12671  -27.871  -71.478  -18.176 0.2000000030
18558  -26.616  -67.098  -19.508 0.1000000015
16526  -27.497  -68.347  -19.531 0.1000000015
17541  -27.353  -67.840  -20.097 0.1000000015
14625  -27.746  -69.875  -18.949 0.1000000015
12735  -28.219  -71.441  -20.261 0.2000000030
18593  -26.017  -66.572  -20.785 0.1000000015
17574  -26.982  -67.494  -21.558 0.1000000015
14656  -28.262  -69.793  -20.541 0.1000000015
18614  -25.352  -66.360  -22.751 0.1000000015
18655  -26.244  -66.991  -23.277 0.1000000015
5713  -28.111  -77.917  -13.241 0.1000000015
5003  -29.275  -78.724  -14.007 0.2000000030
6562  -30.859  -76.792  -15.823 0.2000000030
10794  -29.255  -73.327  -17.358 0.2000000030
9969  -28.603  -73.716  -21.001 0.1000000015
17627  -26.750  -67.627  -24.557 0.1000000015
11859  -30.145  -72.722  -23.478 0.1000000015
10901  -29.764  -73.242  -22.490 0.1000000015
14739  -28.307  -69.955  -25.760 0.1000000015
11869  -29.919  -72.206  -24.098 0.1000000015
6498  -29.289  -77.320  -13.147 0.2000000030
9942  -29.583  -73.954  -19.852 0.2000000030
16656  -27.571  -68.735  -26.169 0.1000000015
16655  -27.097  -68.115  -26.168 0.1000000015
11861  -31.620  -72.300  -23.484 0.1000000015
12823  -33.086  -71.641  -24.743 0.1000000015
15699  -29.590  -69.802  -27.688 0.1000000015
13771  -31.739  -70.677  -25.457 0.1000000015
25628  -11.159  -62.063  7.140 0.2000000030
21594  -8.181  -64.234  10.403 0.3000000119
17983  -5.587  -66.206  15.604 0.4000000060
19108  -6.006  -65.782  14.756 0.4000000060
20314  -7.014  -64.663  12.461 0.3000000119
24287  -8.645  -62.802  9.537 0.2000000030
24255  -7.927  -62.543  10.706 0.3000000119
21562  -7.131  -63.822  12.162 0.3000000119
30962  -9.434  -59.249  9.420 0.3000000119
38145  -8.752  -54.475  -17.683 0.2000000030
32249  -11.208  -57.855  8.689 0.3000000119
36565  -9.298  -55.649  -11.735 0.3000000119
36629  -9.043  -55.533  -15.064 0.3000000119
39551  -8.897  -53.681  -18.413 0.3000000119
41017  -11.671  -53.007  -20.146 0.2000000030
43498  -13.943  -51.545  4.812 0.4000000060
46310  -16.642  -50.394  4.678 0.2000000030
46307  -13.389  -50.657  3.955 0.4000000060
47621  -15.683  -49.462  4.368 0.2000000030
46308  -13.924  -50.251  4.161 0.3000000119
39593  -12.983  -53.702  -20.536 0.2000000030
43485  -17.204  -51.620  4.768 0.2000000030
46311  -17.062  -50.539  4.274 0.2000000030
35300  -11.143  -56.361  -13.036 0.4000000060
48940  -17.023  -48.710  2.064 0.2000000030
50175  -17.281  -47.931  1.771 0.3000000119
50189  -17.541  -47.276  1.393 0.1000000015
51457  -19.146  -46.843  2.623 0.1000000015
52869  -18.734  -45.959  1.931 0.1000000015
51490  -18.694  -46.550  -0.738 0.1000000015
36681  -13.776  -55.568  -16.494 0.3000000119
55579  -19.077  -44.868  2.752 0.1000000015
36615  -15.652  -54.969  -14.434 0.4000000060
39578  -17.670  -53.933  -19.797 0.2000000030
39428  -15.189  -53.780  -12.836 0.4000000060
38093  -16.194  -54.451  -16.408 0.3000000119
38049  -16.415  -54.193  -14.696 0.4000000060
43828  -12.087  -51.785  -10.223 0.5000000000
42375  -13.388  -52.642  -10.937 0.4000000060
43857  -14.091  -52.314  -12.081 0.4000000060
43826  -10.524  -51.319  -9.641 0.5000000000
43842  -12.881  -51.798  -10.918 0.4000000060
45269  -10.562  -50.596  -10.271 0.5000000000
43869  -15.090  -51.920  -13.035 0.4000000060
46672  -12.122  -50.581  -11.565 0.3000000119
65342  -15.328  -38.755  -2.044 0.2000000030
46658  -10.539  -50.092  -10.875 0.3000000119
46671  -11.334  -50.013  -11.715 0.3000000119
69269  -19.032  -36.690  -2.035 0.5000000000
70653  -19.036  -35.589  -2.540 0.3000000119
69284  -19.602  -36.351  -2.480 0.5000000000
73392  -17.274  -34.453  -2.141 0.3000000119
72008  -19.304  -35.159  -3.106 0.3000000119
70660  -19.997  -35.747  -3.589 0.4000000060
72018  -19.001  -34.715  -3.594 0.2000000030
72036  -19.431  -35.090  -4.852 0.3000000119
72060  -20.301  -34.881  -7.584 0.4000000060
73453  -20.234  -34.302  -7.908 0.5000000000
72059  -19.711  -34.736  -7.119 0.4000000060
73464  -20.372  -34.244  -9.323 0.5000000000
4422  -18.498  -80.169  -21.576 0.1000000015
3179  -17.870  -80.926  -22.604 0.1000000015
3153  -17.993  -81.055  -21.384 0.1000000015
2612  -17.625  -81.442  -21.078 0.1000000015
2596  -17.341  -81.912  -20.256 0.2000000030
2597  -17.789  -81.400  -20.298 0.1000000015
2581  -17.700  -81.468  -19.521 0.2000000030
1995  -9.722  -82.773  -15.331 0.2000000030
1121  -10.255  -83.423  -15.747 0.2000000030
1123  -11.474  -83.499  -16.162 0.2000000030
791  -11.283  -83.859  -15.802 0.2000000030
1129  -12.925  -83.372  -16.987 0.2000000030
1124  -12.127  -83.600  -16.513 0.2000000030
3167  -17.314  -81.453  -21.992 0.1000000015
2611  -17.231  -81.907  -21.253 0.1000000015
1514  -8.906  -82.788  -14.788 0.2000000030
1130  -12.940  -83.737  -16.958 0.1000000015
524  -12.367  -84.192  -16.180 0.3000000119
807  -14.133  -83.441  -17.925 0.1000000015
525  -13.066  -84.022  -16.223 0.4000000060
2633  -16.835  -81.528  -22.286 0.1000000015
1980  -9.528  -82.572  -14.963 0.2000000030
1496  -8.537  -82.608  -14.437 0.1000000015
1967  -9.003  -81.796  -14.172 0.1000000015
1131  -13.752  -83.989  -17.179 0.3000000119
809  -14.262  -83.560  -18.242 0.1000000015
825  -15.096  -84.125  -19.548 0.1000000015
1606  -15.381  -82.873  -19.711 0.1000000015
795  -13.748  -83.749  -16.338 0.4000000060
2087  -15.501  -82.364  -20.240 0.1000000015
1614  -15.888  -83.021  -20.737 0.1000000015
2090  -17.148  -82.058  -20.969 0.1000000015
2066  -17.034  -82.446  -19.310 0.2000000030
2486  -8.521  -81.928  -14.108 0.1000000015
1966  -8.138  -82.279  -14.212 0.1000000015
1138  -14.622  -83.708  -17.977 0.2000000030
803  -14.149  -83.801  -16.827 0.4000000060
1164  -15.741  -83.600  -19.333 0.2000000030
1573  -15.126  -83.621  -18.317 0.2000000030
226721  -14.478  -83.637  -16.781 0.3000000119
782  -13.710  -83.699  -15.983 0.4000000060
1187  -15.799  -83.071  -20.031 0.1000000015
1165  -15.934  -83.303  -18.917 0.2000000030
1586  -16.413  -82.923  -19.233 0.2000000030
1575  -15.365  -83.584  -17.888 0.2000000030
1608  -16.228  -82.820  -20.460 0.1000000015
1587  -16.713  -82.746  -18.646 0.2000000030
3585  -3.929  -80.299  -13.350 0.2000000030
3016  -5.739  -81.017  -14.116 0.2000000030
2482  -5.337  -82.092  -14.392 0.2000000030
6723  -12.551  -77.444  -25.358 0.1000000015
6748  -12.384  -77.357  -26.635 0.1000000015
6738  -12.683  -76.990  -26.194 0.1000000015
5939  -12.173  -78.047  -26.091 0.1000000015
7562  -13.314  -76.267  -25.203 0.1000000015
5913  -12.354  -78.095  -24.566 0.1000000015
6711  -12.982  -76.772  -24.422 0.1000000015
5193  -11.646  -79.186  -25.818 0.1000000015
311  0.081  -84.726  -2.683 0.2000000030
5194  -11.994  -78.701  -25.273 0.1000000015
1703  0.372  -82.314  -1.164 0.1000000015
2107  -9.965  -82.358  -23.051 0.4000000060
2086  -9.999  -82.306  -21.607 0.3000000119
1612  -9.954  -82.808  -22.028 0.3000000119
2237  0.256  -81.873  -1.296 0.1000000015
2074  -9.308  -82.864  -20.439 0.2000000030
1604  -9.529  -82.967  -21.255 0.3000000119
3127  -10.046  -81.103  -20.330 0.1000000015
824  -8.380  -84.370  -20.626 0.4000000060
2576  -9.299  -81.884  -19.850 0.1000000015
1582  -8.901  -83.497  -20.166 0.3000000119
2045  -8.694  -82.338  -19.256 0.2000000030
1569  -7.876  -83.272  -19.120 0.2000000030
2537  -2.171  -82.313  -17.769 0.2000000030
4033  -0.162  -80.246  -0.358 0.1000000015
1557  -5.507  -83.166  -18.482 0.2000000030
2766  0.233  -80.972  0.541 0.1000000015
3343  -0.152  -80.247  0.545 0.2000000030
4058  -0.288  -79.382  -1.543 0.1000000015
3293  0.163  -80.713  3.804 0.3000000119
3981  -0.188  -79.367  2.833 0.2000000030
3317  0.239  -80.596  1.977 0.2000000030
4713  -0.323  -78.854  3.528 0.2000000030
3992  -0.321  -79.063  2.087 0.2000000030
4007  -0.318  -79.407  1.427 0.2000000030
4020  -0.330  -79.631  0.708 0.1000000015
5480  -0.542  -78.121  1.653 0.2000000030
6245  -0.645  -77.587  2.226 0.2000000030
4767  -0.462  -79.047  0.901 0.1000000015
7080  -0.586  -77.111  1.943 0.2000000030
7888  -0.567  -76.424  2.982 0.1000000015
7850  -0.221  -75.889  4.806 0.1000000015
8703  0.111  -75.309  4.214 0.1000000015
7865  -0.348  -75.944  4.136 0.1000000015
8738  -0.475  -75.572  2.727 0.1000000015
7079  -0.495  -76.657  1.966 0.1000000015
7901  -0.360  -76.123  2.315 0.1000000015
6257  -0.647  -77.277  1.166 0.2000000030
23459  1.489  -62.976  -19.279 0.2000000030
8627  0.395  -75.361  7.404 0.1000000015
8661  0.222  -75.094  6.173 0.1000000015
8702  0.426  -74.613  4.846 0.1000000015
9527  0.017  -74.867  3.497 0.1000000015
8722  -1.028  -75.028  3.330 0.1000000015
8770  -0.562  -75.771  1.699 0.1000000015
28913  0.784  -60.268  -18.342 0.5000000000
8660  0.614  -74.531  6.191 0.1000000015
10394  0.880  -73.593  5.608 0.1000000015
9506  0.162  -74.314  4.255 0.1000000015
9507  -0.657  -74.435  4.369 0.1000000015
8723  -1.561  -75.080  3.492 0.1000000015
8757  -0.831  -75.597  2.133 0.1000000015
7890  -1.747  -75.550  2.365 0.1000000015
6269  -0.705  -78.094  0.350 0.2000000030
7927  -0.289  -76.590  0.114 0.1000000015
8484  -0.973  -75.011  19.927 0.4000000060
9443  0.955  -74.119  8.265 0.1000000015
10383  0.436  -73.210  6.552 0.1000000015
10404  0.416  -73.516  5.340 0.1000000015
8686  -1.822  -74.583  4.637 0.1000000015
9509  -2.598  -74.332  4.764 0.1000000015
10384  -0.211  -73.374  6.578 0.1000000015
9475  -0.804  -74.097  5.757 0.1000000015
8705  -1.635  -74.773  4.251 0.1000000015
8706  -2.477  -74.581  4.301 0.1000000015
30237  0.750  -59.459  -17.387 0.4000000060
7636  -2.231  -75.534  20.428 0.4000000060
8478  -2.156  -74.825  20.873 0.4000000060
7634  -1.239  -75.493  20.394 0.4000000060
8477  -0.967  -74.749  20.641 0.4000000060
9277  -1.714  -73.933  21.663 0.4000000060
9465  -0.566  -73.766  6.297 0.1000000015
10167  -2.246  -73.409  20.899 0.4000000060
11095  -1.941  -72.775  21.316 0.4000000060
11981  -1.575  -71.985  21.652 0.5000000000
10139  -0.872  -73.111  22.140 0.5000000000
11270  1.044  -72.563  9.955 0.1000000015
13059  -0.165  -70.591  13.917 0.3000000119
14026  -1.013  -69.733  13.187 0.3000000119
14045  -0.978  -69.491  12.673 0.3000000119
24559  -1.982  -62.014  -5.379 0.2000000030
24577  -2.025  -62.368  -6.123 0.2000000030
27313  -1.261  -61.163  -5.623 0.2000000030
27370  -1.852  -61.052  -8.014 0.2000000030
13112  -0.433  -71.076  10.743 0.1000000015
13111  0.138  -70.959  10.868 0.2000000030
15054  -0.080  -69.296  10.641 0.2000000030
15036  0.234  -69.282  11.587 0.2000000030
15954  -0.398  -68.878  12.031 0.3000000119
16988  -0.235  -67.823  10.990 0.2000000030
15017  -1.274  -69.115  12.467 0.2000000030
14043  -0.049  -70.149  11.913 0.3000000119
17010  -0.622  -67.356  10.807 0.1000000015
18086  -0.407  -67.270  10.038 0.1000000015
16031  -1.850  -68.195  9.189 0.1000000015
16032  -2.591  -68.300  9.208 0.1000000015
16034  -4.184  -68.188  9.508 0.1000000015
16989  -0.794  -67.750  11.348 0.2000000030
18102  -0.739  -66.776  9.102 0.1000000015
17062  -1.745  -67.694  8.244 0.1000000015
17065  -4.141  -67.338  8.259 0.1000000015
17066  -5.007  -67.299  8.727 0.1000000015
17067  -5.862  -67.478  8.909 0.1000000015
18134  -3.120  -66.975  7.246 0.1000000015
17081  -3.900  -67.069  7.756 0.1000000015
18138  -5.839  -66.605  7.980 0.1000000015
15978  -2.526  -68.205  11.937 0.2000000030
19209  -2.658  -65.924  8.469 0.1000000015
16991  -2.443  -67.881  11.536 0.2000000030
19222  -1.549  -66.253  7.921 0.1000000015
18147  -1.859  -66.240  7.068 0.1000000015
18150  -3.447  -66.675  6.817 0.1000000015
19239  -4.814  -65.964  6.804 0.1000000015
19240  -5.706  -65.743  6.987 0.1000000015
18073  -2.996  -67.000  10.884 0.1000000015
20377  -4.130  -65.278  9.084 0.1000000015
19236  -2.711  -65.353  7.123 0.1000000015
18180  -2.381  -66.146  5.565 0.1000000015
19254  -4.221  -65.721  6.031 0.1000000015
19255  -5.007  -65.417  6.459 0.1000000015
24327  -1.728  -62.750  7.140 0.1000000015
22943  -2.786  -63.405  7.802 0.1000000015
22919  -3.110  -63.339  9.132 0.3000000119
22974  -1.437  -63.467  6.260 0.2000000030
21650  -3.425  -64.490  7.859 0.1000000015
36157  -10.814  -55.613  9.581 0.3000000119
21698  -1.660  -64.150  6.113 0.1000000015
20423  -3.951  -64.677  5.971 0.1000000015
22959  -4.491  -63.448  6.953 0.1000000015
29885  -4.528  -59.710  -0.295 0.2000000030
29884  -3.935  -59.769  -0.192 0.2000000030
24300  -2.625  -62.887  8.771 0.2000000030
25620  -1.331  -62.053  7.733 0.2000000030
25660  -0.862  -62.148  6.149 0.1000000015
37572  -11.694  -54.805  8.973 0.3000000119
25637  -0.937  -61.786  7.020 0.1000000015
23010  -1.117  -63.391  5.292 0.1000000015
22994  -3.357  -63.573  5.892 0.1000000015
22977  -3.656  -63.475  6.371 0.1000000015
25691  -1.203  -62.042  5.271 0.1000000015
25693  -2.086  -62.060  5.419 0.1000000015
24367  -2.529  -62.770  5.441 0.1000000015
26987  -0.133  -60.814  7.629 0.3000000119
27003  -0.402  -60.957  7.013 0.2000000030
27029  -2.470  -61.673  6.224 0.1000000015
24351  -3.183  -62.769  6.298 0.1000000015
28393  -0.948  -60.539  6.254 0.1000000015
28394  -1.436  -60.348  6.145 0.1000000015
28346  -2.721  -60.418  6.755 0.1000000015
43875  -17.053  -51.633  -14.051 0.3000000119
40878  -16.547  -53.014  -13.930 0.3000000119
28396  -2.051  -60.669  6.373 0.1000000015
29701  -0.676  -59.647  6.561 0.2000000030
29732  -0.995  -59.586  6.366 0.1000000015
29703  -1.740  -59.113  6.161 0.1000000015
31031  -2.982  -59.399  6.056 0.1000000015
32344  -2.430  -58.138  5.404 0.1000000015
45303  -16.040  -51.331  -13.499 0.3000000119
48008  -17.707  -49.837  -14.950 0.3000000119
48039  -17.224  -48.653  -16.293 0.2000000030
29678  -0.304  -59.409  7.014 0.4000000060
33633  -0.449  -57.551  6.091 0.3000000119
33634  -0.963  -57.473  5.822 0.2000000030
32343  -1.764  -58.035  5.603 0.1000000015
34944  -0.887  -56.896  5.222 0.3000000119
34945  -1.422  -56.865  4.882 0.2000000030
36308  -2.179  -55.481  3.340 0.3000000119
36310  -3.526  -55.947  3.057 0.2000000030
37775  -3.507  -54.511  2.059 0.4000000060
45302  -15.439  -51.309  -13.319 0.3000000119
48007  -17.216  -49.571  -14.943 0.3000000119
31009  -0.397  -58.559  6.956 0.5000000000
36265  -0.017  -56.580  5.833 0.3000000119
36305  -0.695  -55.507  4.185 0.3000000119
37667  -0.501  -55.484  5.111 0.4000000060
37709  -1.153  -54.835  3.796 0.4000000060
39151  -2.485  -54.138  3.049 0.5000000000
40612  -3.219  -53.748  2.874 0.6000000238
40644  -4.170  -53.306  1.630 0.4000000060
42133  -4.813  -53.066  1.468 0.5000000000
45308  -14.318  -50.833  -13.406 0.3000000119
46708  -16.230  -50.362  -14.039 0.3000000119
49306  -16.915  -48.324  -17.093 0.2000000030
49307  -17.639  -48.502  -17.262 0.2000000030
49315  -17.100  -48.190  -17.827 0.2000000030
34918  -0.225  -56.728  6.482 0.4000000060
40590  -3.464  -53.657  3.372 0.6000000238
40591  -4.130  -53.675  3.381 0.6000000238
42135  -6.060  -52.519  0.944 0.5000000000
43651  -7.511  -51.175  -0.575 0.4000000060
45039  -8.822  -50.679  -0.937 0.4000000060
43593  -12.541  -51.027  0.491 0.4000000060
45014  -13.878  -50.993  -0.869 0.4000000060
43596  -15.285  -51.778  0.423 0.3000000119
46707  -15.439  -50.302  -13.944 0.3000000119
46726  -15.879  -49.867  -14.436 0.2000000030
48025  -16.970  -48.911  -15.670 0.2000000030
39104  -0.983  -54.281  5.085 0.4000000060
40568  -3.082  -53.606  4.084 0.6000000238
37625  -0.726  -55.455  6.325 0.4000000060
45041  -10.318  -50.715  -1.031 0.4000000060
45042  -11.004  -50.906  -1.072 0.4000000060
45012  -12.276  -50.862  -0.787 0.4000000060
45016  -15.180  -51.082  -0.994 0.4000000060
43624  -16.660  -51.787  -0.075 0.3000000119
43625  -17.350  -52.045  -0.384 0.3000000119
43659  -17.882  -51.649  -0.751 0.3000000119
37646  -1.859  -54.945  5.933 0.5000000000
45048  -15.583  -50.993  -1.539 0.5000000000
45050  -17.223  -50.763  -1.362 0.4000000060
43660  -18.788  -51.467  -1.006 0.3000000119
45129  -16.526  -50.478  -3.893 0.5000000000
45085  -17.554  -50.241  -2.217 0.5000000000
54507  -10.536  -44.926  -12.378 0.1000000015
55838  -11.810  -44.392  -12.171 0.1000000015
67863  -15.949  -37.056  -1.429 0.2000000030
57317  -11.212  -43.480  -12.625 0.2000000030
67878  -15.411  -37.468  -1.683 0.2000000030
70630  -15.416  -35.624  -1.183 0.1000000015
67862  -15.255  -36.937  -1.460 0.1000000015
70631  -16.186  -35.636  -1.294 0.1000000015
71984  -15.088  -34.873  -1.262 0.1000000015
70695  -19.006  -35.041  -6.621 0.2000000030
72052  -19.365  -34.997  -6.816 0.2000000030
72083  -20.025  -35.020  -10.498 0.4000000060
73446  -18.897  -33.754  -6.956 0.3000000119
73447  -19.671  -33.894  -7.438 0.3000000119
74800  -18.674  -32.898  -7.371 0.1000000015
73457  -20.127  -33.668  -9.065 0.4000000060
74809  -19.815  -33.008  -8.771 0.4000000060
73463  -20.043  -33.891  -9.870 0.4000000060
74819  -19.674  -33.203  -10.217 0.4000000060
2557  -8.050  -82.334  -18.783 0.1000000015
1159  -7.469  -84.206  -19.644 0.3000000119
2042  -6.916  -82.908  -18.475 0.2000000030
3098  -5.864  -81.256  -17.773 0.1000000015
2021  -3.485  -82.807  -18.346 0.3000000119
12187  0.244  -72.023  9.428 0.1000000015
11308  0.659  -72.656  7.439 0.1000000015
10371  -0.400  -73.205  7.509 0.1000000015
10327  1.154  -73.198  9.528 0.1000000015
15976  -1.164  -68.279  11.748 0.3000000119
19193  -3.243  -65.910  8.927 0.1000000015
15975  -0.083  -68.455  11.603 0.2000000030
18089  -2.286  -66.575  10.006 0.1000000015
20389  -3.922  -65.211  8.589 0.1000000015
22957  -2.497  -63.760  7.255 0.1000000015
22921  -4.060  -64.171  9.715 0.1000000015
21637  -3.790  -64.289  8.370 0.1000000015
20422  -2.359  -64.695  6.576 0.1000000015
28757  -1.432  -60.372  -8.664 0.2000000030
27364  -1.698  -60.787  -7.495 0.2000000030
27375  -1.599  -60.769  -9.269 0.2000000030
3036  -5.996  -81.596  -14.255 0.2000000030
5950  -11.763  -77.569  -27.701 0.1000000015
11067  -0.458  -72.325  21.744 0.5000000000
37573  -12.252  -54.991  8.872 0.3000000119
37588  -10.897  -54.777  8.093 0.3000000119
39030  -11.922  -54.135  8.070 0.3000000119
39047  -11.723  -54.076  7.488 0.3000000119
42098  -4.108  -53.235  2.383 0.6000000238
45078  -12.109  -51.030  -1.745 0.4000000060
45043  -11.807  -50.985  -1.201 0.4000000060
45079  -12.961  -51.074  -1.962 0.4000000060
45082  -15.138  -51.035  -2.418 0.5000000000
45084  -16.710  -50.674  -2.289 0.5000000000
45049  -16.391  -50.899  -1.493 0.4000000060
45052  -18.972  -50.721  -1.322 0.4000000060
39150  -1.995  -54.076  3.437 0.5000000000
47778  -23.322  -49.254  -3.181 0.4000000060
58799  -11.089  -42.968  -12.872 0.2000000030
43622  -14.894  -51.251  -0.410 0.4000000060
45013  -13.054  -50.872  -0.881 0.4000000060
2485  -7.725  -81.970  -14.098 0.2000000030
2483  -6.232  -82.154  -14.255 0.2000000030
1564  -3.747  -83.123  -18.981 0.3000000119
72076  -20.370  -34.758  -9.903 0.4000000060
72075  -19.958  -34.450  -10.368 0.4000000060
1139  -15.263  -83.494  -17.219 0.3000000119
9454  0.764  -74.265  7.505 0.1000000015
11276  1.057  -72.548  9.110 0.1000000015
18091  -3.841  -66.112  9.879 0.1000000015
45051  -18.128  -50.652  -1.318 0.4000000060
69249  -15.693  -36.336  -1.263 0.2000000030
71985  -15.874  -34.890  -1.401 0.2000000030
71997  -16.953  -34.865  -1.804 0.2000000030
74805  -19.441  -32.942  -7.922 0.3000000119
74801  -19.231  -33.326  -7.338 0.2000000030
2623  -16.646  -82.050  -21.682 0.1000000015
226726  -14.537  -83.103  -18.909 0.1000000015
2078  -17.163  -82.267  -20.100 0.1000000015
2096  -15.921  -82.290  -20.996 0.1000000015
2097  -16.462  -82.307  -21.268 0.1000000015
1599  -16.284  -82.977  -19.923 0.1000000015
2541  -5.484  -81.950  -18.068 0.2000000030
9463  0.736  -74.171  6.722 0.1000000015
8742  -2.761  -75.185  2.622 0.1000000015
10369  0.896  -73.370  7.368 0.1000000015
25951  -1.922  -61.412  -7.324 0.2000000030
15053  0.342  -69.415  11.097 0.2000000030
17012  -2.155  -67.404  11.138 0.1000000015
18072  -1.857  -67.018  10.560 0.1000000015
17042  -0.939  -67.682  9.213 0.1000000015
17061  -1.130  -67.381  8.524 0.1000000015
17064  -3.277  -67.588  8.233 0.1000000015
19191  -2.299  -66.111  8.919 0.1000000015
17078  -2.075  -67.387  7.680 0.1000000015
18137  -5.053  -66.639  7.823 0.1000000015
18148  -2.106  -66.419  6.579 0.1000000015
19238  -3.988  -66.309  6.700 0.1000000015
19230  -6.952  -66.311  7.553 0.1000000015
19251  -2.315  -65.686  6.275 0.1000000015
19253  -3.333  -66.163  5.923 0.1000000015
20426  -5.947  -64.893  6.684 0.1000000015
19241  -6.610  -65.824  7.183 0.1000000015
19272  -2.032  -65.360  5.545 0.1000000015
19294  -2.573  -65.177  5.014 0.1000000015
20444  -3.660  -64.761  5.745 0.1000000015
21678  -4.611  -64.134  6.653 0.1000000015
20465  -1.852  -64.550  4.918 0.1000000015
21664  -5.383  -64.017  7.070 0.1000000015
37574  -13.022  -54.719  8.427 0.3000000119
23011  -1.571  -63.251  4.932 0.1000000015
21720  -2.580  -63.748  5.193 0.1000000015
31058  -2.118  -58.884  5.989 0.1000000015
46710  -17.231  -50.516  -14.330 0.3000000119
33657  -2.347  -57.045  4.370 0.2000000030
34965  -1.769  -56.381  4.198 0.3000000119
34985  -2.489  -56.131  3.715 0.3000000119
36309  -2.889  -55.789  3.247 0.3000000119
37746  -3.217  -54.812  2.335 0.3000000119
43594  -13.371  -51.075  0.392 0.4000000060
43595  -14.262  -51.247  0.083 0.4000000060
43597  -16.150  -51.977  0.332 0.3000000119
43623  -15.707  -51.412  -0.332 0.3000000119
44989  -10.962  -50.988  -0.117 0.4000000060
43656  -15.642  -51.121  -0.915 0.4000000060
43657  -16.143  -51.183  -0.814 0.3000000119
57318  -11.841  -43.526  -12.502 0.1000000015
74804  -18.983  -32.550  -7.793 0.2000000030
76245  -19.077  -32.220  -8.172 0.2000000030
3794  -11.365  -80.296  -23.777 0.1000000015
4477  -11.914  -79.170  -24.017 0.1000000015
3192  -11.062  -80.860  -24.148 0.2000000030
3809  -11.260  -80.431  -25.210 0.1000000015
2608  -10.264  -81.652  -21.630 0.2000000030
2621  -10.390  -81.908  -22.254 0.2000000030
2636  -10.199  -81.984  -23.434 0.2000000030
7594  -12.512  -76.965  -27.142 0.1000000015
9591  -11.290  -73.816  -0.442 0.4000000060
4570  -13.521  -78.876  15.529 0.3000000119
4584  -14.027  -79.192  14.942 0.3000000119
3096  -4.282  -81.301  -18.085 0.1000000015
2538  -2.993  -81.854  -17.750 0.1000000015
2022  -4.333  -82.655  -18.329 0.1000000015
3690  -3.305  -80.735  -17.855 0.1000000015
5312  -11.464  -77.677  13.101 0.3000000119
2524  -2.675  -81.405  -17.390 0.1000000015
5024  -0.790  -78.454  -15.664 0.1000000015
6511  -0.082  -76.790  -15.245 0.1000000015
16499  0.720  -68.045  -18.882 0.1000000015
9008  0.472  -74.548  -15.123 0.1000000015
17494  1.086  -67.431  -18.999 0.1000000015
12654  0.739  -71.842  -18.083 0.1000000015
19639  1.608  -65.958  -19.889 0.1000000015
22122  1.320  -64.155  -18.123 0.1000000015
20820  1.366  -64.784  -18.684 0.1000000015
24728  1.325  -62.681  -17.427 0.1000000015
23434  1.390  -63.111  -18.346 0.1000000015
20830  1.523  -64.969  -19.571 0.1000000015
24748  1.316  -62.277  -18.106 0.1000000015
27529  1.140  -61.109  -17.684 0.3000000119
26108  1.339  -62.173  -16.702 0.1000000015
27512  1.267  -61.361  -17.035 0.1000000015
27480  1.066  -61.135  -15.917 0.1000000015
28851  0.985  -60.316  -16.166 0.3000000119
24711  1.259  -63.095  -16.503 0.1000000015
27456  0.826  -61.552  -15.197 0.1000000015
26042  0.430  -62.023  -14.499 0.1000000015
26029  -0.335  -62.155  -13.249 0.1000000015
28813  0.142  -60.333  -13.967 0.1000000015
31421  0.097  -58.530  -13.204 0.3000000119
26019  -0.992  -62.450  -11.994 0.1000000015
24646  -0.658  -62.926  -12.506 0.1000000015
23346  -0.594  -63.756  -12.132 0.1000000015
27402  -1.249  -61.404  -11.273 0.2000000030
27411  -0.813  -60.956  -12.500 0.1000000015
27421  -0.341  -61.176  -13.208 0.1000000015
28781  -1.000  -60.555  -11.225 0.2000000030
28788  -0.573  -60.159  -11.971 0.1000000015
31405  0.301  -58.065  -11.416 0.5000000000
24637  -1.008  -62.927  -11.444 0.1000000015
24627  -0.657  -63.475  -10.912 0.1000000015
23335  -0.694  -64.392  -10.581 0.1000000015
26006  -1.228  -62.241  -11.346 0.1000000015
24628  -1.137  -62.841  -10.706 0.1000000015
22002  -1.771  -64.256  -11.483 0.1000000015
27392  -1.688  -61.581  -10.065 0.1000000015
28765  -1.153  -60.262  -9.523 0.2000000030
28780  -0.529  -59.949  -11.106 0.2000000030
30135  -0.100  -59.398  -11.587 0.3000000119
31398  0.053  -58.855  -10.340 0.3000000119
25983  -1.611  -62.273  -10.048 0.1000000015
23310  -0.388  -63.668  -9.623 0.1000000015
21945  -1.530  -64.154  -9.444 0.1000000015
23311  -2.427  -63.704  -9.343 0.1000000015
21932  -0.806  -64.149  -8.317 0.1000000015
21921  -2.079  -63.791  -8.222 0.1000000015
25972  -1.928  -61.880  -8.886 0.1000000015
24595  -1.947  -62.171  -7.568 0.1000000015
23244  -1.841  -62.977  -6.196 0.1000000015
23216  -1.985  -63.204  -5.251 0.1000000015
23185  -2.917  -63.488  -4.540 0.1000000015
24558  -2.095  -62.603  -5.347 0.1000000015
24500  -1.955  -62.412  -2.848 0.1000000015
25850  -1.737  -61.806  -4.078 0.1000000015
27210  -1.017  -61.197  -2.291 0.1000000015
23163  -2.139  -63.380  -3.722 0.1000000015
23165  -3.199  -63.500  -3.752 0.1000000015
23143  -3.466  -63.498  -2.990 0.1000000015
25800  -1.415  -61.944  -1.636 0.1000000015
28576  -0.461  -60.692  -2.062 0.1000000015
28521  -0.477  -60.253  -1.023 0.3000000119
23121  -2.975  -63.500  -2.298 0.1000000015
23106  -3.150  -63.274  -1.508 0.1000000015
24481  -3.686  -62.675  -1.258 0.1000000015
24478  -1.551  -62.824  -1.480 0.1000000015
25801  -1.602  -62.383  -0.760 0.1000000015
27187  -0.971  -61.050  -1.504 0.1000000015
25779  -1.053  -60.740  -0.473 0.2000000030
23105  -2.466  -63.420  -1.708 0.1000000015
24480  -2.801  -62.844  -1.099 0.1000000015
25802  -2.433  -62.290  -0.784 0.1000000015
25782  -2.852  -61.612  -0.609 0.1000000015
28523  -4.000  -60.380  -0.366 0.1000000015
25764  -1.600  -61.192  0.046 0.1000000015
28522  -3.353  -60.586  -0.230 0.1000000015
29887  -5.953  -59.703  -0.464 0.1000000015
27143  -1.547  -60.594  0.238 0.2000000030
35116  -7.375  -56.869  -2.127 0.1000000015
33820  -10.128  -57.389  -2.981 0.1000000015
33821  -10.625  -57.106  -3.324 0.1000000015
35102  -4.942  -56.873  -1.104 0.1000000015
36440  -7.008  -56.318  -2.259 0.1000000015
35130  -8.879  -56.569  -2.693 0.1000000015
35131  -9.679  -56.689  -2.758 0.1000000015
40762  -5.366  -52.813  -4.230 0.2000000030
42257  -4.678  -52.648  -4.195 0.2000000030
39296  -3.921  -54.112  -2.852 0.2000000030
36468  -8.850  -55.562  -3.379 0.1000000015
36469  -9.653  -55.701  -3.577 0.1000000015
37873  -4.389  -54.888  -2.528 0.1000000015
36452  -4.941  -55.478  -2.401 0.1000000015
36455  -7.553  -55.997  -2.608 0.1000000015
36456  -8.411  -55.888  -2.970 0.1000000015
36457  -9.199  -56.109  -3.080 0.1000000015
35142  -10.811  -56.541  -3.404 0.1000000015
33831  -11.860  -56.882  -4.097 0.1000000015
37863  -4.265  -55.227  -2.106 0.1000000015
40763  -6.134  -52.960  -4.317 0.2000000030
45166  -8.657  -50.799  -6.302 0.2000000030
43735  -6.635  -51.655  -5.126 0.2000000030
45165  -7.760  -50.892  -5.928 0.2000000030
43737  -7.986  -51.703  -5.606 0.1000000015
54275  -19.204  -45.006  -1.284 0.1000000015
45174  -8.939  -50.418  -6.705 0.2000000030
46539  -8.062  -50.281  -6.321 0.2000000030
46547  -8.536  -49.964  -6.655 0.2000000030
46562  -10.311  -50.171  -7.424 0.2000000030
47834  -8.819  -49.264  -6.940 0.2000000030
46561  -9.709  -49.844  -7.333 0.2000000030
47848  -10.644  -49.414  -7.783 0.2000000030
49128  -9.692  -48.643  -7.488 0.2000000030
49129  -10.343  -48.650  -7.690 0.2000000030
64056  -16.076  -39.450  -0.570 0.1000000015
49148  -11.583  -48.654  -8.211 0.2000000030
47865  -11.324  -49.472  -8.104 0.1000000015
64069  -15.912  -40.161  -0.790 0.1000000015
64055  -15.158  -39.870  -0.541 0.1000000015
61412  -15.205  -41.222  -1.172 0.1000000015
65301  -13.739  -39.023  -0.853 0.1000000015
50445  -16.272  -47.599  -9.207 0.1000000015
51723  -16.640  -46.842  -9.240 0.1000000015
50443  -14.752  -47.593  -9.133 0.1000000015
49177  -14.391  -48.270  -9.082 0.1000000015
49179  -15.888  -48.341  -9.198 0.1000000015
49151  -13.764  -48.270  -8.870 0.1000000015
47869  -14.092  -48.787  -8.980 0.1000000015
50413  -12.088  -47.602  -8.315 0.2000000030
49150  -13.076  -48.335  -8.666 0.1000000015
64054  -14.297  -39.755  -0.655 0.1000000015
61390  -14.289  -40.784  -0.701 0.1000000015
64053  -13.991  -39.658  -1.106 0.1000000015
64067  -14.325  -39.872  -1.626 0.1000000015
50446  -17.060  -47.597  -9.227 0.1000000015
49180  -16.680  -48.355  -9.208 0.1000000015
65339  -13.430  -38.323  -1.951 0.1000000015
65340  -13.904  -38.727  -1.896 0.1000000015
66623  -14.384  -38.018  -1.953 0.1000000015
73440  -18.597  -34.102  -6.758 0.2000000030
72049  -17.502  -33.967  -6.817 0.2000000030
79221  -17.603  -30.572  -8.129 0.1000000015
79222  -18.303  -30.584  -8.582 0.1000000015
76248  -19.460  -32.368  -8.641 0.1000000015
77704  -18.246  -31.762  -7.787 0.1000000015
77710  -18.676  -31.488  -8.307 0.1000000015
77711  -19.140  -31.840  -8.641 0.2000000030
74813  -19.855  -33.118  -9.524 0.2000000030
77714  -18.993  -31.332  -8.979 0.1000000015
76257  -19.622  -32.543  -9.902 0.3000000119
76256  -19.431  -32.521  -10.536 0.3000000119
74818  -19.288  -33.270  -10.820 0.3000000119
74825  -18.815  -33.397  -11.346 0.3000000119
23119  -1.898  -63.294  -2.666 0.1000000015
24525  -1.996  -62.816  -3.762 0.1000000015
39309  -4.364  -53.812  -3.455 0.2000000030
30141  -0.086  -59.342  -12.555 0.2000000030
27258  -1.438  -61.437  -4.344 0.1000000015
27145  -2.467  -60.674  0.125 0.1000000015
33797  -6.755  -57.792  -1.375 0.1000000015
35114  -5.932  -56.772  -1.712 0.1000000015
35112  -4.610  -56.371  -1.281 0.1000000015
49115  -7.974  -48.524  -5.993 0.2000000030
50415  -13.387  -47.577  -8.724 0.2000000030
57102  -19.099  -43.714  -0.912 0.1000000015
61411  -14.511  -40.822  -1.088 0.1000000015
62811  -17.404  -40.609  -0.940 0.1000000015
64068  -15.468  -40.399  -0.695 0.1000000015
62808  -15.119  -40.669  -0.689 0.1000000015
55611  -19.127  -44.464  -0.422 0.1000000015
64078  -14.313  -39.157  -1.829 0.1000000015
62789  -14.137  -40.321  -0.932 0.1000000015
67861  -14.678  -36.887  -1.559 0.1000000015
76244  -18.663  -32.172  -7.770 0.1000000015
28789  -1.021  -60.907  -11.822 0.1000000015
25781  -2.049  -61.576  -0.318 0.1000000015
35128  -7.711  -56.580  -2.371 0.1000000015
36438  -5.414  -56.056  -2.031 0.1000000015
36454  -6.669  -55.707  -2.534 0.1000000015
47867  -12.782  -49.160  -8.604 0.1000000015
62790  -14.572  -40.430  -0.586 0.1000000015
66590  -13.072  -38.231  -0.925 0.1000000015
64066  -14.090  -39.564  -1.615 0.1000000015
65323  -13.618  -39.153  -1.453 0.1000000015
62788  -14.152  -39.985  -1.217 0.1000000015
65322  -13.244  -38.652  -1.803 0.1000000015
66622  -13.711  -37.929  -1.993 0.1000000015
66624  -15.084  -38.035  -1.934 0.1000000015
77709  -17.980  -31.226  -8.010 0.1000000015
77715  -19.353  -31.872  -9.160 0.2000000030
76267  -18.979  -32.552  -11.140 0.3000000119
1533  -10.917  -83.051  -15.837 0.1000000015
1534  -12.092  -83.063  -16.379 0.1000000015
3606  -5.303  -80.428  -13.720 0.1000000015
3607  -6.126  -80.479  -13.776 0.1000000015
9623  -11.797  -73.462  -2.714 0.3000000119
9609  -11.568  -73.507  -1.946 0.3000000119
10490  -12.772  -72.942  -1.262 0.3000000119
10524  -13.381  -73.292  -2.498 0.3000000119
10478  -11.833  -73.429  -0.470 0.3000000119
11391  -13.600  -72.577  0.190 0.3000000119
11382  -14.004  -72.589  0.937 0.3000000119
11402  -14.631  -72.451  -0.483 0.3000000119
10492  -14.377  -72.878  -1.551 0.3000000119
10448  -14.195  -72.989  2.138 0.3000000119
10449  -15.033  -72.908  2.264 0.3000000119
11374  -15.374  -72.558  1.499 0.3000000119
10431  -13.218  -73.395  2.340 0.3000000119
10434  -15.019  -73.193  2.895 0.3000000119
8565  -22.696  -75.247  11.271 0.2000000030
9539  -20.527  -73.960  3.577 0.2000000030
9553  -19.604  -73.891  2.642 0.2000000030
9469  -22.774  -74.353  6.204 0.2000000030
10453  -18.627  -73.534  2.062 0.2000000030
10462  -17.896  -73.627  0.789 0.2000000030
10461  -17.384  -73.092  0.951 0.2000000030
10437  -17.519  -73.127  2.668 0.3000000119
11375  -16.210  -72.586  1.296 0.3000000119
10423  -17.080  -73.367  3.619 0.3000000119
10412  -17.691  -73.396  3.869 0.3000000119
9536  -16.385  -73.734  4.062 0.3000000119
9496  -18.063  -74.148  5.085 0.3000000119
9519  -18.462  -73.750  4.560 0.3000000119
10414  -18.881  -73.492  4.110 0.3000000119
8695  -19.214  -74.356  5.612 0.3000000119
9498  -19.700  -74.061  5.175 0.3000000119
8676  -20.904  -74.584  6.304 0.3000000119
7805  -24.552  -75.345  7.788 0.2000000030
7778  -24.387  -75.997  8.998 0.3000000119
9501  -22.194  -74.084  4.937 0.2000000030
10439  -19.190  -73.491  3.017 0.2000000030
6951  -24.392  -76.216  10.056 0.2000000030
6952  -24.955  -76.089  9.736 0.3000000119
8656  -23.338  -74.522  6.628 0.2000000030
9521  -19.953  -73.717  4.251 0.2000000030
10438  -18.460  -73.315  2.661 0.3000000119
9499  -20.578  -73.991  5.023 0.2000000030
10425  -18.680  -73.349  3.491 0.3000000119
8637  -23.061  -74.979  7.387 0.2000000030
8677  -21.689  -74.434  6.207 0.2000000030
9532  -13.237  -74.078  3.537 0.3000000119
9516  -15.871  -74.146  4.647 0.3000000119
7804  -23.729  -75.376  7.987 0.3000000119
8731  -12.963  -74.443  3.930 0.3000000119
8690  -15.508  -74.713  5.356 0.3000000119
9493  -15.935  -74.483  5.116 0.3000000119
8652  -19.788  -75.258  6.714 0.3000000119
8687  -13.377  -74.963  4.959 0.3000000119
8672  -17.305  -75.150  6.014 0.3000000119
8635  -21.383  -75.319  7.383 0.3000000119
7803  -22.825  -75.544  8.033 0.3000000119
7802  -21.852  -75.830  7.970 0.3000000119
7843  -16.818  -75.535  6.387 0.3000000119
7858  -13.223  -75.376  5.326 0.3000000119
8669  -15.061  -75.075  5.793 0.3000000119
6983  -23.084  -76.355  9.056 0.3000000119
7788  -23.583  -75.965  8.756 0.2000000030
8636  -22.157  -75.131  7.449 0.3000000119
7823  -20.245  -75.605  7.139 0.3000000119
7839  -14.008  -75.557  5.947 0.3000000119
6828  -1.929  -76.611  17.075 0.3000000119
7680  -2.952  -75.995  15.478 0.3000000119
7025  -13.723  -76.091  6.300 0.3000000119
8512  -2.755  -75.324  15.744 0.3000000119
8511  -2.441  -75.272  16.230 0.3000000119
7664  -4.312  -75.423  17.111 0.2000000030
8504  -4.189  -74.696  17.091 0.2000000030
9320  -4.432  -74.103  16.529 0.2000000030
5256  -2.767  -78.344  17.808 0.3000000119
5249  -2.981  -77.472  18.172 0.2000000030
7656  -3.550  -75.298  18.238 0.2000000030
8497  -3.665  -74.645  17.915 0.3000000119
10234  -3.788  -73.238  17.216 0.3000000119
12101  -3.586  -71.748  17.051 0.3000000119
11158  -3.164  -72.275  18.016 0.3000000119
12065  -3.075  -71.528  18.118 0.3000000119
6820  -1.692  -76.551  17.633 0.3000000119
9290  -2.745  -74.050  19.845 0.3000000119
13945  -3.737  -70.640  16.773 0.3000000119
7655  -1.539  -76.065  17.964 0.3000000119
6788  -1.587  -76.102  20.382 0.3000000119
10202  -2.831  -73.186  19.313 0.3000000119
12046  -2.823  -71.598  18.806 0.3000000119
8514  -4.923  -74.976  16.283 0.1000000015
7671  -5.187  -75.654  16.244 0.1000000015
10245  -4.336  -73.251  16.295 0.2000000030
5247  -1.857  -77.944  18.176 0.3000000119
6804  -2.913  -76.141  18.927 0.3000000119
11225  -4.568  -72.284  15.404 0.3000000119
9295  -3.243  -74.068  18.539 0.3000000119
10221  -3.381  -73.295  18.026 0.3000000119
12120  -4.217  -71.689  15.818 0.3000000119
13048  -4.436  -70.887  15.375 0.3000000119
12996  -3.677  -71.229  16.751 0.3000000119
14966  -4.752  -69.222  15.102 0.3000000119
13959  -4.333  -70.145  15.663 0.3000000119
13934  -4.030  -69.608  16.815 0.3000000119
11999  -2.414  -71.636  20.153 0.3000000119
12957  -3.272  -70.781  17.970 0.3000000119
14952  -4.641  -68.865  15.641 0.3000000119
11116  -2.575  -72.416  19.750 0.3000000119
9332  -5.565  -74.567  15.394 0.1000000015
9331  -4.958  -74.178  15.866 0.1000000015
10255  -5.018  -73.363  15.301 0.2000000030
11226  -4.970  -72.549  14.924 0.1000000015
12130  -4.635  -71.677  15.093 0.2000000030
14009  -5.228  -70.125  13.864 0.2000000030
14982  -5.627  -68.566  13.740 0.3000000119
15913  -5.178  -68.357  14.812 0.3000000119
12021  -2.676  -71.560  19.364 0.3000000119
13916  -3.457  -69.917  18.150 0.3000000119
15887  -4.514  -68.493  16.479 0.3000000119
9341  -5.375  -73.933  15.181 0.1000000015
12141  -5.660  -71.667  13.828 0.1000000015
16958  -6.140  -67.352  13.700 0.3000000119
14881  -3.226  -69.512  19.050 0.3000000119
14899  -3.713  -69.176  17.922 0.3000000119
16936  -5.281  -67.583  15.258 0.3000000119
18023  -6.368  -66.905  13.610 0.2000000030
10276  -5.629  -73.019  14.393 0.1000000015
14864  -3.072  -69.276  19.548 0.3000000119
15854  -3.689  -68.738  18.416 0.3000000119
16907  -4.776  -67.797  16.543 0.3000000119
18000  -5.465  -67.076  15.229 0.3000000119
18024  -6.647  -66.434  13.377 0.2000000030
19146  -7.679  -65.728  11.430 0.2000000030
16870  -4.274  -67.699  17.848 0.3000000119
18012  -6.422  -66.053  13.830 0.2000000030
34930  -14.787  -56.423  5.689 0.2000000030
36255  -14.447  -55.620  5.949 0.2000000030
36273  -14.820  -55.187  5.616 0.2000000030
37675  -14.825  -54.619  5.732 0.2000000030
34908  -13.640  -56.314  6.594 0.2000000030
37653  -14.196  -55.212  6.294 0.2000000030
40499  -14.648  -53.498  6.998 0.2000000030
37589  -13.221  -54.984  7.852 0.2000000030
39065  -14.206  -54.431  6.786 0.2000000030
39086  -14.842  -54.066  5.984 0.2000000030
36234  -13.476  -55.513  7.016 0.2000000030
39032  -14.058  -53.915  7.814 0.2000000030
41961  -14.799  -53.027  7.807 0.2000000030
43394  -14.424  -52.403  8.054 0.2000000030
42018  -15.261  -52.593  6.399 0.2000000030
40472  -14.067  -53.378  8.236 0.2000000030
39018  -12.748  -54.072  8.519 0.2000000030
40485  -13.392  -53.160  8.053 0.2000000030
42400  -17.299  -52.226  -14.351 0.2000000030
45313  -17.830  -51.063  -14.568 0.2000000030
46744  -18.679  -50.240  -15.563 0.2000000030
48027  -18.498  -49.766  -15.603 0.1000000015
40920  -17.921  -52.587  -15.493 0.2000000030
43883  -18.544  -51.476  -15.451 0.2000000030
49308  -18.217  -48.609  -17.577 0.1000000015
49316  -17.838  -48.435  -18.092 0.1000000015
45340  -19.000  -50.855  -15.975 0.2000000030
48041  -18.832  -49.531  -16.161 0.1000000015
42431  -18.637  -51.977  -15.855 0.2000000030
49317  -18.537  -48.646  -18.154 0.1000000015
42460  -19.209  -51.871  -16.953 0.2000000030
51922  -17.346  -47.025  -18.982 0.1000000015
45354  -19.688  -50.707  -17.072 0.2000000030
48052  -19.438  -49.655  -16.957 0.2000000030
49326  -17.312  -48.141  -18.889 0.1000000015
48060  -20.074  -49.904  -18.236 0.2000000030
48058  -19.198  -48.922  -18.338 0.1000000015
49340  -18.000  -48.291  -19.725 0.1000000015
50621  -16.687  -47.098  -20.075 0.1000000015
42473  -19.318  -52.196  -17.613 0.2000000030
45379  -20.071  -50.971  -17.949 0.2000000030
50594  -17.011  -47.490  -18.749 0.1000000015
53276  -17.817  -46.133  -19.599 0.1000000015
46791  -20.323  -50.160  -19.182 0.1000000015
43937  -20.204  -51.233  -18.601 0.1000000015
49342  -19.277  -48.674  -19.735 0.1000000015
49351  -17.803  -47.962  -20.647 0.1000000015
51973  -16.602  -46.721  -21.034 0.1000000015
46800  -20.359  -50.075  -19.977 0.1000000015
48092  -19.699  -48.923  -20.663 0.1000000015
48005  -15.501  -49.367  -14.850 0.1000000015
48024  -15.943  -48.922  -15.384 0.1000000015
49305  -16.209  -48.138  -16.932 0.1000000015
49314  -16.567  -48.099  -17.433 0.1000000015
51905  -17.189  -47.188  -18.122 0.1000000015
53277  -18.401  -46.203  -19.221 0.1000000015
54625  -18.904  -45.394  -19.284 0.1000000015
54646  -17.436  -45.553  -20.134 0.1000000015
49366  -18.044  -47.636  -21.128 0.1000000015
46705  -13.610  -50.508  -13.718 0.2000000030
46724  -14.171  -49.933  -14.366 0.2000000030
51924  -18.558  -46.625  -18.516 0.1000000015
55978  -19.466  -44.251  -19.252 0.1000000015
55977  -19.020  -44.484  -19.497 0.1000000015
56005  -17.461  -44.728  -20.778 0.1000000015
51975  -17.844  -46.710  -21.252 0.1000000015
51889  -16.008  -47.409  -17.117 0.1000000015
46723  -13.289  -49.929  -14.419 0.2000000030
48003  -13.828  -49.464  -14.875 0.1000000015
49278  -14.663  -48.579  -15.760 0.1000000015
46704  -12.621  -50.268  -13.887 0.2000000030
54611  -19.234  -45.801  -18.897 0.1000000015
55960  -20.322  -44.429  -18.537 0.1000000015
49304  -15.580  -48.032  -16.694 0.1000000015
51891  -17.215  -46.928  -17.269 0.1000000015
51906  -17.900  -46.900  -17.897 0.1000000015
46722  -12.456  -49.850  -14.609 0.1000000015
48021  -13.518  -49.064  -15.358 0.1000000015
46669  -9.617  -49.396  -11.910 0.2000000030
51976  -18.557  -46.700  -21.383 0.1000000015
49277  -13.889  -48.627  -15.729 0.1000000015
50570  -14.399  -47.731  -16.425 0.1000000015
46703  -11.763  -50.072  -14.120 0.2000000030
46689  -10.267  -49.843  -13.713 0.2000000030
46721  -11.650  -49.696  -14.963 0.1000000015
47952  -8.279  -49.183  -12.021 0.2000000030
50568  -12.983  -48.001  -16.481 0.1000000015
47953  -9.080  -49.271  -12.073 0.2000000030
74758  -17.047  -33.720  -2.683 0.1000000015
74768  -17.115  -33.475  -3.083 0.1000000015
73425  -18.144  -34.031  -4.882 0.1000000015
74757  -16.547  -33.516  -2.526 0.1000000015
74776  -17.181  -33.258  -3.870 0.1000000015
74783  -17.197  -33.264  -4.563 0.1000000015
72034  -18.284  -34.360  -5.453 0.1000000015
74782  -16.805  -33.132  -5.082 0.1000000015
73434  -17.853  -34.069  -5.451 0.1000000015
76224  -16.408  -32.845  -5.308 0.1000000015
73432  -16.828  -33.808  -6.189 0.1000000015
70688  -18.504  -34.816  -6.323 0.1000000015
72042  -17.071  -34.077  -6.607 0.1000000015
72050  -18.205  -34.272  -6.586 0.1000000015
77721  -19.130  -31.663  -10.728 0.2000000030
76266  -18.426  -32.722  -11.778 0.2000000030
74824  -18.423  -33.650  -11.822 0.2000000030
77731  -18.632  -31.766  -11.479 0.2000000030
77730  -18.156  -31.807  -12.131 0.2000000030
77744  -17.687  -31.794  -12.777 0.2000000030
74845  -18.098  -33.285  -12.159 0.2000000030
8675  -20.111  -74.772  6.272 0.3000000119
9495  -17.240  -74.261  5.053 0.3000000119
8694  -18.562  -74.536  5.658 0.3000000119
9318  -2.400  -74.359  16.165 0.3000000119
9329  -2.777  -74.606  15.495 0.3000000119
7647  -1.165  -75.906  19.025 0.3000000119
8485  -2.912  -74.762  19.545 0.3000000119
10203  -3.064  -73.476  18.698 0.3000000119
6005  -1.659  -77.161  17.580 0.3000000119
7649  -3.276  -75.328  18.729 0.3000000119
7642  -2.677  -75.525  19.754 0.3000000119
5996  -2.869  -77.068  18.532 0.3000000119
13899  -3.233  -69.981  18.708 0.3000000119
15838  -3.780  -68.285  18.622 0.3000000119
43683  -20.652  -51.386  -1.668 0.3000000119
46482  -22.868  -49.930  -2.902 0.3000000119
76285  -17.482  -32.598  -12.840 0.2000000030
74844  -17.674  -33.403  -12.600 0.2000000030
79239  -18.367  -30.963  -11.878 0.2000000030
8693  -17.730  -74.692  5.583 0.3000000119
10491  -13.646  -72.678  -1.259 0.3000000119
10445  -12.245  -73.590  1.705 0.3000000119
9550  -13.002  -73.741  2.746 0.3000000119
8709  -12.002  -75.016  3.966 0.3000000119
10459  -12.926  -73.103  1.113 0.3000000119
10468  -12.264  -73.320  0.367 0.3000000119
40498  -13.186  -53.081  7.539 0.2000000030
47966  -9.910  -49.442  -12.809 0.2000000030
73391  -16.766  -34.159  -2.085 0.1000000015
73417  -18.208  -33.978  -4.076 0.1000000015
73416  -17.684  -33.594  -4.356 0.1000000015
73433  -17.417  -33.946  -5.776 0.1000000015
3017  -6.618  -81.113  -14.016 0.1000000015
72043  -17.445  -34.220  -6.322 0.1000000015
10489  -12.031  -73.250  -1.233 0.3000000119
11401  -13.914  -72.489  -0.546 0.3000000119
10460  -13.546  -72.900  1.252 0.3000000119
11393  -15.119  -72.377  0.117 0.3000000119
11394  -15.909  -72.541  -0.032 0.3000000119
10420  -14.633  -73.413  3.232 0.3000000119
10436  -16.547  -73.071  2.757 0.3000000119
9533  -14.020  -73.741  3.430 0.3000000119
8712  -14.436  -74.453  4.743 0.3000000119
8713  -15.202  -74.409  4.926 0.3000000119
6814  -3.513  -76.118  18.117 0.2000000030
6006  -3.825  -76.861  17.464 0.2000000030
11200  -3.796  -72.440  16.864 0.3000000119
5978  -1.297  -76.774  19.110 0.3000000119
14920  -4.086  -69.107  17.067 0.3000000119
15871  -4.256  -68.359  17.358 0.3000000119
73424  -17.452  -33.632  -5.121 0.1000000015
76206  -16.376  -32.621  -4.825 0.1000000015
73423  -16.991  -33.531  -5.595 0.1000000015
76223  -16.012  -32.445  -5.511 0.1000000015
79240  -18.759  -30.905  -11.214 0.2000000030
10509  -15.201  -73.639  -1.851 0.2000000030
10495  -16.308  -73.772  -0.988 0.2000000030
8801  -15.774  -75.076  -1.348 0.2000000030
7950  -15.781  -75.958  -0.907 0.1000000015
11413  -15.450  -72.985  -1.041 0.2000000030
11395  -16.653  -73.052  -0.134 0.2000000030
9592  -16.828  -74.403  -0.725 0.2000000030
10483  -17.069  -73.697  -0.298 0.2000000030
4573  -15.750  -78.855  15.655 0.2000000030
4572  -15.033  -79.138  15.828 0.2000000030
3860  -15.889  -79.175  14.771 0.2000000030
3883  -17.370  -79.301  12.133 0.2000000030
4622  -18.881  -78.869  11.212 0.2000000030
5328  -19.487  -78.281  12.251 0.2000000030
5261  -15.179  -78.134  17.366 0.2000000030
5262  -15.537  -78.044  16.895 0.2000000030
5271  -15.990  -77.938  16.032 0.2000000030
5278  -16.218  -77.925  15.459 0.2000000030
4559  -14.594  -78.959  16.500 0.2000000030
4621  -18.290  -79.109  11.383 0.2000000030
5327  -18.939  -78.407  12.676 0.2000000030
5329  -20.218  -77.989  12.089 0.2000000030
4542  -13.428  -78.828  17.122 0.2000000030
4520  -13.616  -78.586  18.332 0.2000000030
5993  -13.965  -77.872  18.596 0.2000000030
4558  -13.823  -78.899  16.394 0.2000000030
4531  -14.423  -78.631  17.748 0.2000000030
6002  -14.390  -77.505  18.112 0.2000000030
6012  -15.104  -77.514  17.093 0.2000000030
6023  -14.817  -77.139  16.194 0.2000000030
6032  -15.272  -77.171  15.529 0.2000000030
6037  -15.609  -77.210  14.916 0.2000000030
5992  -13.537  -77.523  19.055 0.1000000015
5991  -12.525  -77.054  18.956 0.1000000015
4519  -13.051  -78.560  18.570 0.2000000030
6001  -13.161  -76.986  17.977 0.2000000030
6010  -13.249  -76.717  17.124 0.2000000030
4569  -12.814  -78.469  15.238 0.2000000030
6827  -13.378  -76.626  16.592 0.2000000030
6022  -14.211  -76.845  15.916 0.2000000030
6847  -14.251  -76.750  15.167 0.2000000030
5298  -11.964  -77.943  13.840 0.2000000030
5233  -11.930  -77.837  20.181 0.2000000030
5238  -12.803  -77.918  19.532 0.1000000015
5990  -11.968  -76.955  19.318 0.1000000015
4518  -12.275  -78.507  18.916 0.2000000030
6809  -11.673  -76.596  18.772 0.1000000015
6818  -12.214  -76.555  17.870 0.1000000015
4541  -12.613  -78.773  17.166 0.2000000030
7661  -10.880  -75.702  17.682 0.1000000015
6819  -12.763  -76.610  17.344 0.1000000015
6826  -12.851  -76.505  16.721 0.1000000015
4556  -12.003  -78.602  16.454 0.2000000030
7675  -11.433  -75.707  16.507 0.1000000015
6837  -13.047  -76.437  16.089 0.2000000030
7688  -12.049  -75.920  15.519 0.1000000015
6850  -13.002  -76.252  14.861 0.2000000030
6859  -13.566  -76.422  14.234 0.2000000030
5970  -10.112  -77.446  21.683 0.1000000015
6784  -9.497  -76.266  21.233 0.1000000015
5226  -11.299  -77.821  20.680 0.2000000030
5975  -11.132  -77.321  20.924 0.1000000015
6801  -10.686  -76.318  19.461 0.1000000015
4510  -11.822  -78.291  19.426 0.2000000030
6808  -10.863  -76.044  18.493 0.1000000015
4539  -10.955  -78.843  17.362 0.2000000030
4540  -11.779  -78.754  17.281 0.2000000030
8501  -10.374  -75.097  17.652 0.1000000015
4567  -11.356  -78.434  15.733 0.2000000030
9313  -10.164  -73.877  17.460 0.1000000015
7666  -10.634  -75.278  17.335 0.1000000015
7686  -11.095  -75.338  16.137 0.1000000015
7676  -11.825  -75.920  16.094 0.1000000015
5283  -11.551  -78.036  14.517 0.2000000030
6781  -9.188  -76.615  22.185 0.1000000015
8487  -9.471  -74.771  19.496 0.1000000015
7646  -10.189  -75.892  19.385 0.1000000015
7659  -10.075  -75.175  18.503 0.1000000015
4526  -10.560  -78.824  18.187 0.2000000030
9304  -9.874  -73.965  18.324 0.1000000015
4538  -10.174  -79.048  17.305 0.2000000030
4554  -10.527  -78.975  16.714 0.2000000030
4581  -10.750  -78.412  15.229 0.2000000030
4580  -10.133  -78.602  14.902 0.2000000030
4596  -9.613  -78.602  14.150 0.2000000030
9298  -9.619  -74.057  18.997 0.1000000015
10223  -10.124  -73.169  17.997 0.1000000015
3845  -9.573  -79.280  15.766 0.2000000030
4595  -8.758  -79.156  14.234 0.1000000015
3838  -9.231  -79.575  16.539 0.1000000015
4594  -7.882  -79.188  13.817 0.1000000015
8987  -27.089  -74.682  -13.504 0.1000000015
8162  -27.103  -75.460  -13.544 0.1000000015
8164  -28.598  -75.805  -13.193 0.1000000015
9787  -26.869  -74.235  -13.599 0.1000000015
9001  -25.752  -74.873  -14.173 0.1000000015
9802  -26.440  -73.889  -13.773 0.1000000015
8163  -27.883  -75.644  -13.295 0.1000000015
8166  -29.949  -76.128  -13.164 0.1000000015
9003  -29.402  -74.940  -13.372 0.1000000015
3205  -5.929  -80.237  15.275 0.1000000015
4578  -4.826  -79.499  14.715 0.1000000015
3834  -6.314  -79.446  16.344 0.1000000015
20949  -15.483  -65.389  -23.447 0.1000000015
4551  -5.911  -78.678  16.323 0.1000000015
3842  -4.834  -79.885  15.602 0.1000000015
3850  -4.113  -79.403  15.003 0.2000000030
23623  -16.227  -64.391  -24.065 0.1000000015
19779  -15.748  -66.376  -23.913 0.1000000015
4575  -3.241  -78.564  14.926 0.2000000030
6015  -2.348  -77.464  16.212 0.2000000030
20972  -16.432  -65.325  -24.227 0.1000000015
19796  -16.665  -66.223  -25.137 0.1000000015
18666  -15.791  -66.915  -24.447 0.1000000015
4550  -5.021  -78.739  16.424 0.1000000015
5267  -6.342  -77.711  16.068 0.1000000015
3830  -3.203  -79.317  16.503 0.1000000015
4563  -2.981  -78.715  15.442 0.2000000030
5265  -4.671  -77.898  16.580 0.1000000015
4535  -3.564  -78.459  17.172 0.1000000015
4547  -2.686  -78.861  16.607 0.2000000030
4546  -2.173  -78.460  17.180 0.2000000030
5239  -1.390  -77.437  18.566 0.2000000030
19814  -16.735  -66.633  -25.733 0.1000000015
17650  -16.714  -67.709  -26.257 0.1000000015
18711  -17.133  -66.864  -26.700 0.1000000015
19836  -17.899  -65.606  -26.998 0.1000000015
6830  -4.907  -76.320  16.561 0.1000000015
5258  -3.967  -77.819  17.063 0.1000000015
5980  -1.821  -76.894  19.487 0.2000000030
19856  -17.859  -65.813  -27.759 0.1000000015
21051  -18.226  -65.222  -27.643 0.1000000015
23730  -19.369  -63.579  -28.162 0.1000000015
18730  -17.322  -66.908  -27.453 0.1000000015
17664  -17.343  -67.594  -26.866 0.1000000015
19873  -18.105  -66.039  -28.560 0.1000000015
21070  -19.085  -64.586  -28.850 0.1000000015
23738  -19.545  -63.821  -28.649 0.1000000015
21081  -19.296  -64.981  -29.221 0.1000000015
25035  -21.759  -63.070  -29.110 0.1000000015
23740  -20.676  -63.560  -29.213 0.1000000015
25031  -22.693  -62.712  -28.231 0.1000000015
40663  -6.324  -52.856  0.685 0.3000000119
42187  -6.688  -52.034  -0.088 0.3000000119
40665  -7.091  -52.652  0.481 0.3000000119
37777  -4.493  -54.819  1.454 0.3000000119
39212  -5.469  -54.053  1.023 0.3000000119
39214  -7.158  -53.796  1.306 0.3000000119
42136  -7.807  -52.847  0.956 0.3000000119
36335  -3.895  -55.646  2.451 0.2000000030
36336  -4.725  -55.792  2.250 0.3000000119
37780  -7.016  -54.908  1.904 0.3000000119
35008  -4.507  -56.078  2.623 0.2000000030
36338  -6.269  -55.739  2.364 0.3000000119
43564  -6.395  -51.806  0.600 0.3000000119
44986  -6.906  -51.161  0.287 0.3000000119
39211  -4.784  -53.923  0.946 0.3000000119
42188  -7.157  -52.018  -0.154 0.3000000119
43616  -8.068  -51.490  -0.620 0.3000000119
42163  -8.479  -52.103  0.326 0.3000000119
43589  -9.627  -51.508  0.086 0.3000000119
43568  -11.405  -51.435  1.082 0.3000000119
43569  -12.262  -51.395  1.135 0.3000000119
42142  -12.827  -51.911  1.651 0.3000000119
43570  -13.098  -51.443  1.080 0.3000000119
42119  -13.373  -52.483  2.025 0.3000000119
43655  -9.731  -51.036  -0.821 0.3000000119
45009  -10.194  -50.985  -0.696 0.3000000119
44991  -12.008  -50.868  -0.146 0.3000000119
14046  -6.253  -69.566  12.845 0.2000000030
13986  -4.918  -70.073  14.456 0.2000000030
14981  -5.282  -69.172  13.980 0.2000000030
4609  -17.978  -78.757  13.057 0.2000000030
43588  -8.964  -51.696  -0.123 0.3000000119
43571  -13.923  -51.578  0.967 0.3000000119
43590  -10.264  -51.406  0.233 0.3000000119
6795  -11.605  -77.118  20.139 0.1000000015
6793  -9.997  -76.265  20.388 0.1000000015
7640  -9.817  -75.840  19.980 0.1000000015
3841  -3.953  -79.548  15.543 0.1000000015
39213  -6.370  -54.139  1.239 0.3000000119
37778  -5.343  -54.710  1.305 0.3000000119
37779  -6.254  -54.686  1.609 0.3000000119
36339  -7.014  -55.725  2.442 0.2000000030
42164  -9.324  -51.900  0.611 0.3000000119
594  0.369  -83.983  -3.974 0.1000000015
579  0.407  -84.009  -2.669 0.1000000015
42167  -15.949  -52.468  0.831 0.2000000030
42191  -16.823  -52.395  0.213 0.2000000030
42168  -16.562  -52.630  0.474 0.2000000030
40685  -17.530  -53.319  -0.236 0.2000000030
42193  -17.653  -52.702  -0.396 0.2000000030
39244  -17.301  -53.954  0.024 0.2000000030
39245  -17.844  -54.045  -0.510 0.2000000030
40700  -18.018  -53.334  -0.624 0.2000000030
42209  -18.099  -52.602  -0.670 0.2000000030
37837  -18.210  -54.760  -0.865 0.2000000030
39264  -18.442  -54.040  -0.957 0.2000000030
37782  -8.704  -54.762  2.294 0.2000000030
39201  -10.161  -53.698  2.510 0.2000000030
42140  -11.094  -52.011  1.639 0.2000000030
39181  -10.586  -54.129  2.880 0.2000000030
40623  -12.260  -53.488  2.909 0.1000000015
40653  -14.390  -52.770  1.935 0.2000000030
40702  -19.330  -53.062  -1.229 0.2000000030
42211  -19.455  -52.184  -1.149 0.2000000030
40701  -18.636  -53.249  -0.959 0.2000000030
39266  -19.741  -53.536  -1.573 0.2000000030
36431  -19.282  -55.334  -2.084 0.2000000030
39265  -19.229  -54.023  -1.508 0.2000000030
39285  -20.229  -54.105  -2.045 0.2000000030
36442  -18.958  -56.201  -2.164 0.2000000030
36430  -18.708  -55.696  -1.745 0.2000000030
40720  -20.151  -52.928  -1.510 0.2000000030
40721  -20.865  -53.242  -1.954 0.2000000030
39284  -19.598  -54.501  -1.917 0.1000000015
39299  -20.491  -54.598  -2.624 0.1000000015
35133  -19.352  -56.569  -2.704 0.1000000015
36443  -19.437  -55.756  -2.466 0.1000000015
37879  -20.461  -55.039  -3.141 0.1000000015
42223  -20.163  -51.893  -1.397 0.2000000030
42224  -21.036  -52.307  -1.761 0.2000000030
39286  -20.927  -53.756  -2.281 0.2000000030
42240  -21.343  -52.889  -2.044 0.2000000030
39300  -21.064  -54.184  -2.974 0.2000000030
40739  -21.610  -53.303  -3.047 0.2000000030
35146  -19.890  -56.746  -3.598 0.1000000015
36472  -20.405  -56.036  -3.994 0.1000000015
37894  -20.900  -55.213  -4.281 0.1000000015
39316  -21.109  -54.612  -3.672 0.1000000015
42241  -21.821  -52.476  -2.485 0.2000000030
37908  -21.533  -55.143  -5.345 0.1000000015
39328  -22.020  -54.439  -5.309 0.1000000015
39317  -21.483  -54.205  -4.147 0.1000000015
42258  -21.961  -52.860  -3.183 0.1000000015
37895  -21.409  -54.732  -4.794 0.1000000015
45089  -21.798  -50.831  -2.190 0.2000000030
43698  -22.198  -51.640  -2.616 0.2000000030
37919  -21.978  -55.694  -5.826 0.1000000015
37920  -22.380  -55.135  -5.643 0.1000000015
40768  -22.114  -53.542  -4.926 0.1000000015
40778  -22.855  -53.827  -5.660 0.1000000015
42259  -22.273  -52.351  -3.462 0.2000000030
45111  -22.515  -50.810  -2.747 0.2000000030
39338  -22.609  -55.308  -6.414 0.1000000015
40779  -22.685  -53.002  -5.458 0.1000000015
42276  -22.675  -52.142  -4.348 0.1000000015
40788  -22.646  -54.290  -7.364 0.1000000015
40790  -23.133  -53.105  -6.244 0.1000000015
43730  -22.963  -51.442  -4.215 0.2000000030
43713  -22.805  -51.377  -3.582 0.2000000030
43750  -22.916  -51.748  -5.743 0.1000000015
42287  -22.874  -51.902  -4.890 0.2000000030
40803  -22.850  -53.170  -6.920 0.1000000015
45112  -22.949  -50.399  -3.170 0.2000000030
46521  -23.637  -49.967  -4.451 0.2000000030
46520  -23.408  -50.301  -4.006 0.2000000030
45157  -23.387  -50.767  -5.438 0.2000000030
45147  -23.387  -50.679  -4.606 0.2000000030
42295  -22.819  -52.400  -6.003 0.1000000015
45193  -22.731  -50.382  -7.159 0.1000000015
46540  -23.316  -50.128  -6.194 0.2000000030
45148  -23.575  -50.199  -4.867 0.2000000030
43760  -22.728  -51.672  -6.617 0.1000000015
45169  -23.471  -50.377  -5.683 0.2000000030
46565  -22.429  -50.115  -7.731 0.1000000015
46566  -22.854  -49.723  -7.366 0.1000000015
45214  -21.997  -50.429  -8.081 0.1000000015
47870  -21.126  -49.560  -8.747 0.1000000015
47906  -20.364  -49.011  -9.066 0.1000000015
49152  -21.631  -48.242  -8.862 0.1000000015
50450  -20.308  -47.630  -9.138 0.1000000015
50451  -21.186  -47.701  -9.089 0.1000000015
51730  -22.086  -46.908  -9.090 0.1000000015
45090  -22.105  -50.455  -2.381 0.2000000030
47836  -23.360  -49.378  -6.625 0.1000000015
47872  -22.151  -49.036  -8.298 0.1000000015
46591  -22.053  -49.673  -8.248 0.1000000015
50449  -19.487  -47.610  -9.201 0.1000000015
50448  -18.673  -47.604  -9.268 0.1000000015
47908  -21.368  -48.666  -8.867 0.1000000015
42145  -15.092  -52.436  1.258 0.2000000030
42225  -21.608  -52.005  -1.932 0.2000000030
40629  -8.508  -53.843  1.802 0.2000000030
37781  -7.859  -55.093  2.167 0.2000000030
40651  -8.964  -52.993  1.498 0.2000000030
42139  -10.051  -52.329  1.426 0.2000000030
42141  -11.989  -51.907  1.688 0.2000000030
40634  -12.386  -52.972  2.561 0.2000000030
40652  -9.464  -52.729  1.526 0.2000000030
37854  -19.205  -54.890  -1.834 0.2000000030
40630  -8.999  -53.641  1.866 0.2000000030
39200  -9.656  -54.155  2.412 0.2000000030
40632  -10.745  -53.382  2.511 0.1000000015
42115  -10.380  -52.916  1.998 0.2000000030
42117  -11.764  -52.502  2.144 0.2000000030
39182  -11.438  -54.112  3.143 0.1000000015
37865  -20.029  -54.951  -2.549 0.1000000015
36460  -19.885  -55.814  -3.179 0.1000000015
39301  -21.524  -53.726  -3.487 0.1000000015
42242  -22.221  -52.032  -2.912 0.2000000030
37907  -21.403  -55.723  -5.179 0.1000000015
40755  -21.952  -53.182  -3.865 0.1000000015
43751  -23.123  -51.147  -5.872 0.1000000015
47905  -19.605  -49.097  -9.106 0.1000000015
49183  -19.127  -48.367  -9.202 0.1000000015
4515  -9.813  -78.801  18.737 0.1000000015
4509  -11.025  -78.303  19.595 0.1000000015
6043  -15.909  -77.179  14.277 0.1000000015
6061  -17.808  -77.688  13.606 0.1000000015
5968  -9.535  -77.397  22.086 0.1000000015
4498  -8.952  -78.286  20.666 0.1000000015
5223  -9.302  -78.095  21.036 0.1000000015
5224  -10.161  -77.879  21.197 0.1000000015
4508  -10.133  -78.551  19.505 0.1000000015
6861  -14.903  -76.864  14.139 0.1000000015
6889  -18.515  -77.047  12.407 0.1000000015
7733  -18.483  -76.112  11.397 0.1000000015
6890  -19.349  -76.975  12.426 0.1000000015
6915  -20.501  -76.421  11.963 0.1000000015
7705  -12.889  -76.092  14.058 0.1000000015
7713  -13.234  -76.106  13.307 0.1000000015
6868  -13.794  -76.381  13.515 0.1000000015
7719  -13.363  -75.894  12.479 0.1000000015
7729  -14.931  -76.005  11.489 0.1000000015
6887  -16.682  -77.014  12.720 0.1000000015
7731  -16.228  -76.243  11.285 0.1000000015
8784  -17.674  -74.802  0.104 0.1000000015
6888  -17.652  -77.025  12.448 0.1000000015
7751  -17.220  -75.901  10.854 0.1000000015
7752  -18.083  -75.732  10.902 0.1000000015
8580  -18.527  -75.252  10.507 0.1000000015
7734  -19.291  -76.052  11.452 0.1000000015
7754  -19.701  -75.596  11.032 0.1000000015
6891  -20.134  -76.906  12.364 0.1000000015
7736  -20.879  -75.922  11.564 0.1000000015
8624  -27.036  -75.139  8.807 0.1000000015
7781  -26.419  -75.542  9.008 0.1000000015
8616  -26.258  -74.868  9.632 0.1000000015
8558  -12.193  -74.871  12.347 0.1000000015
7728  -14.013  -75.837  11.747 0.1000000015
7748  -14.564  -75.535  10.943 0.1000000015
7749  -15.433  -75.714  10.853 0.1000000015
9566  -18.822  -74.026  1.626 0.1000000015
9575  -18.311  -74.211  0.848 0.1000000015
8601  -17.356  -74.901  9.966 0.1000000015
8748  -19.853  -74.410  2.287 0.1000000015
8766  -19.321  -74.747  1.706 0.1000000015
9407  -17.868  -74.463  9.587 0.1000000015
7894  -20.661  -75.406  2.594 0.1000000015
9408  -18.671  -74.355  9.744 0.1000000015
9410  -20.282  -74.270  9.957 0.1000000015
9411  -21.089  -74.242  10.114 0.1000000015
7792  -26.887  -75.620  8.140 0.1000000015
8583  -20.883  -75.058  10.801 0.1000000015
9436  -21.596  -73.852  9.721 0.1000000015
10342  -22.048  -73.477  9.246 0.1000000015
7737  -21.638  -75.790  11.554 0.1000000015
8606  -21.323  -74.641  10.555 0.1000000015
9412  -21.999  -74.297  10.356 0.1000000015
10363  -23.178  -73.197  8.681 0.1000000015
9460  -27.145  -74.260  8.290 0.1000000015
9413  -22.807  -74.170  10.201 0.1000000015
9438  -23.212  -73.831  9.692 0.1000000015
9452  -26.657  -74.442  8.907 0.1000000015
8586  -23.296  -74.946  10.972 0.1000000015
9391  -23.793  -74.623  10.586 0.1000000015
9415  -24.500  -74.399  10.215 0.1000000015
9440  -25.077  -74.001  9.425 0.1000000015
8563  -12.473  -74.743  11.558 0.1000000015
9387  -12.626  -73.841  10.562 0.1000000015
7746  -13.217  -75.045  11.033 0.1000000015
8575  -14.241  -74.963  10.412 0.1000000015
9403  -14.579  -74.023  9.527 0.1000000015
9406  -17.044  -74.436  9.545 0.1000000015
9431  -17.570  -74.058  9.112 0.1000000015
9433  -19.176  -73.895  9.409 0.1000000015
10340  -20.482  -73.449  9.136 0.1000000015
8641  -27.864  -75.213  7.726 0.1000000015
10360  -20.988  -73.089  8.710 0.1000000015
11304  -21.498  -72.784  8.274 0.1000000015
11325  -22.629  -72.618  7.790 0.1000000015
11307  -23.371  -73.028  8.279 0.1000000015
10378  -25.221  -73.103  7.876 0.1000000015
10367  -26.340  -73.829  8.355 0.1000000015
10345  -24.417  -73.554  8.986 0.1000000015
10365  -24.773  -73.323  8.413 0.1000000015
9451  -25.841  -74.003  8.965 0.1000000015
9402  -13.823  -73.633  9.596 0.1000000015
11285  -13.915  -72.051  8.809 0.1000000015
10333  -14.777  -73.119  8.798 0.1000000015
9427  -14.345  -73.477  9.227 0.1000000015
10354  -16.139  -72.900  8.176 0.1000000015
9429  -15.920  -73.866  9.069 0.1000000015
10355  -16.998  -73.098  8.175 0.1000000015
10357  -18.624  -73.122  8.430 0.1000000015
11302  -19.946  -72.705  8.091 0.1000000015
11327  -24.258  -72.681  7.534 0.1000000015
11298  -16.727  -72.540  7.732 0.1000000015
10356  -17.829  -73.174  8.262 0.1000000015
11318  -17.343  -72.219  7.337 0.1000000015
11300  -18.374  -72.725  7.935 0.1000000015
11320  -18.926  -72.382  7.532 0.1000000015
10391  -26.796  -73.113  7.156 0.1000000015
11303  -20.747  -72.722  8.163 0.1000000015
11329  -25.505  -72.849  7.379 0.1000000015
11338  -23.087  -72.266  7.213 0.1000000015
13074  -6.263  -70.650  13.111 0.1000000015
14029  -6.408  -70.097  12.857 0.1000000015
14048  -7.308  -69.631  12.287 0.1000000015
30206  -15.244  -59.841  -15.787 0.1000000015
14049  -8.133  -69.875  12.048 0.1000000015
15021  -6.760  -68.724  12.493 0.1000000015
15038  -8.030  -68.864  11.416 0.1000000015
15979  -7.809  -68.222  11.362 0.1000000015
15997  -9.315  -68.383  10.417 0.1000000015
31506  -13.902  -59.340  -16.445 0.1000000015
15040  -9.263  -69.445  11.306 0.1000000015
15002  -6.350  -68.353  12.908 0.1000000015
15960  -7.249  -68.052  11.933 0.1000000015
15995  -8.157  -68.166  11.020 0.1000000015
17033  -10.316  -67.810  9.675 0.1000000015
17031  -9.188  -67.101  9.860 0.1000000015
30232  -14.930  -59.460  -16.181 0.1000000015
31527  -15.634  -58.712  -17.103 0.1000000015
31525  -14.061  -58.879  -16.973 0.1000000015
31549  -12.626  -58.586  -17.584 0.1000000015
15940  -6.181  -67.950  13.227 0.1000000015
31553  -15.819  -58.440  -17.741 0.1000000015
32799  -17.231  -57.975  -18.067 0.1000000015
32796  -15.394  -58.201  -18.219 0.1000000015
32829  -17.004  -57.850  -18.730 0.1000000015
16973  -7.128  -67.209  12.162 0.1000000015
18075  -8.126  -66.725  10.808 0.1000000015
19166  -8.563  -66.000  10.017 0.1000000015
18107  -10.249  -66.605  9.068 0.1000000015
17014  -8.131  -67.480  10.883 0.1000000015
18092  -8.864  -66.713  9.913 0.1000000015
19181  -9.438  -66.076  9.247 0.1000000015
36801  -19.952  -55.229  -22.218 0.1000000015
39618  -20.889  -54.301  -21.275 0.1000000015
18038  -7.455  -66.492  11.873 0.1000000015
20380  -10.008  -65.658  8.653 0.1000000015
19165  -8.129  -66.002  10.718 0.1000000015
20366  -9.195  -65.670  9.263 0.1000000015
20390  -9.919  -64.836  8.390 0.1000000015
50586  -23.677  -47.561  -18.134 0.1000000015
41051  -21.477  -53.007  -21.452 0.1000000015
42531  -22.155  -52.058  -20.627 0.1000000015
41037  -21.561  -53.258  -20.681 0.1000000015
34166  -18.346  -56.875  -19.992 0.1000000015
35458  -18.668  -56.550  -20.468 0.1000000015
20378  -9.137  -64.831  9.064 0.1000000015
53251  -23.954  -46.334  -17.512 0.1000000015
46792  -23.010  -49.917  -19.749 0.1000000015
48073  -23.367  -48.762  -18.934 0.1000000015
45409  -22.731  -50.687  -20.240 0.1000000015
43971  -22.666  -51.352  -20.197 0.1000000015
53250  -23.567  -45.923  -17.789 0.1000000015
37656  -17.684  -55.056  5.686 0.1000000015
55952  -23.968  -44.483  -17.469 0.1000000015
51909  -23.219  -46.349  -18.204 0.1000000015
38248  -20.029  -54.421  -23.206 0.1000000015
39639  -21.104  -53.515  -22.013 0.1000000015
42546  -21.800  -52.326  -21.376 0.1000000015
49344  -22.717  -48.395  -19.303 0.1000000015
36834  -18.393  -55.275  -23.738 0.1000000015
41065  -21.262  -52.841  -22.204 0.1000000015
36831  -15.581  -55.189  -24.086 0.1000000015
37678  -16.879  -54.921  5.287 0.1000000015
39116  -17.565  -53.845  5.196 0.1000000015
40559  -18.566  -53.304  5.346 0.1000000015
39114  -16.192  -54.077  5.188 0.1000000015
39087  -15.070  -53.737  5.838 0.1000000015
40556  -16.403  -53.332  5.199 0.1000000015
58906  -24.111  -42.908  -17.494 0.1000000015
48095  -22.670  -49.503  -19.914 0.1000000015
36832  -16.570  -55.048  -24.097 0.1000000015
38286  -18.209  -54.588  -24.535 0.1000000015
38267  -16.527  -54.360  -23.909 0.1000000015
42058  -16.068  -52.936  5.326 0.1000000015
40558  -17.817  -53.194  5.063 0.1000000015
40517  -15.043  -53.042  6.306 0.1000000015
42059  -16.425  -52.477  5.209 0.1000000015
42061  -18.173  -52.595  4.930 0.1000000015
53249  -23.111  -45.666  -18.056 0.1000000015
55951  -23.684  -44.294  -17.749 0.1000000015
60343  -24.182  -41.854  -17.503 0.1000000015
53267  -22.676  -45.895  -18.508 0.1000000015
46801  -22.178  -49.918  -20.754 0.1000000015
48094  -22.185  -49.297  -20.371 0.1000000015
50611  -22.329  -47.924  -19.440 0.1000000015
41080  -21.104  -52.680  -22.857 0.1000000015
46811  -21.994  -50.149  -21.296 0.1000000015
50610  -21.878  -47.512  -19.777 0.1000000015
45426  -21.526  -50.779  -22.625 0.1000000015
48123  -21.431  -49.395  -22.256 0.1000000015
49354  -21.649  -48.244  -20.567 0.1000000015
41108  -19.092  -53.718  -24.431 0.1000000015
42583  -20.967  -52.104  -23.932 0.1000000015
45441  -21.233  -50.878  -23.360 0.1000000015
49369  -21.459  -48.443  -21.145 0.1000000015
44027  -20.695  -51.572  -24.236 0.1000000015
45454  -20.766  -50.612  -24.100 0.1000000015
44026  -20.025  -51.468  -23.931 0.1000000015
45460  -20.283  -50.097  -23.926 0.1000000015
43442  -15.444  -51.960  6.769 0.1000000015
43501  -19.095  -51.744  4.765 0.1000000015
55950  -23.145  -44.150  -18.169 0.1000000015
61727  -24.111  -40.984  -17.726 0.1000000015
54600  -22.877  -45.048  -18.282 0.1000000015
57412  -23.122  -43.130  -18.270 0.1000000015
58905  -23.556  -42.413  -18.019 0.1000000015
53266  -22.207  -45.721  -18.925 0.1000000015
54615  -22.397  -45.087  -18.737 0.1000000015
53279  -21.869  -45.896  -19.415 0.1000000015
50609  -21.472  -47.063  -20.199 0.1000000015
41077  -18.787  -53.635  -23.641 0.1000000015
41063  -18.821  -53.636  -22.900 0.1000000015
44025  -19.714  -52.223  -23.830 0.1000000015
42569  -19.835  -52.109  -22.723 0.1000000015
49396  -20.987  -48.374  -22.744 0.1000000015
44010  -19.992  -51.329  -22.807 0.1000000015
44930  -19.944  -50.593  4.660 0.1000000015
46313  -19.536  -50.132  4.176 0.1000000015
47623  -19.846  -49.420  4.126 0.1000000015
58923  -23.136  -42.173  -18.398 0.1000000015
55961  -22.091  -44.236  -19.100 0.1000000015
53278  -21.487  -45.684  -19.851 0.1000000015
39635  -16.934  -54.129  -22.072 0.1000000015
39617  -18.135  -53.950  -21.646 0.1000000015
51956  -21.282  -46.629  -20.580 0.1000000015
39657  -17.767  -54.040  -23.011 0.1000000015
41050  -19.341  -53.209  -21.607 0.1000000015
50645  -21.146  -47.754  -21.449 0.1000000015
42558  -20.053  -52.030  -22.017 0.1000000015
47624  -20.255  -48.808  4.377 0.1000000015
46332  -18.805  -49.960  3.604 0.1000000015
41035  -18.663  -53.649  -20.944 0.1000000015
41000  -18.272  -53.447  -18.730 0.1000000015
42529  -19.867  -52.426  -20.396 0.1000000015
41021  -19.454  -52.820  -19.636 0.1000000015
43994  -20.281  -51.336  -21.748 0.1000000015
47637  -20.038  -48.448  4.025 0.1000000015
46345  -18.137  -49.761  3.123 0.1000000015
48916  -19.951  -48.150  3.858 0.1000000015
34986  -3.398  -56.488  3.691 0.1000000015
33698  -5.670  -56.426  3.020 0.1000000015
36340  -7.755  -55.621  2.527 0.1000000015
35072  -17.356  -56.459  -0.311 0.1000000015
37836  -17.667  -54.823  -0.370 0.1000000015
47976  -9.610  -49.526  -13.428 0.1000000015
46688  -9.708  -49.741  -14.042 0.1000000015
47964  -8.543  -49.198  -12.738 0.1000000015
46700  -9.472  -49.629  -14.607 0.1000000015
47974  -8.082  -49.052  -13.419 0.1000000015
47987  -8.617  -48.904  -14.063 0.1000000015
49264  -9.878  -48.573  -14.294 0.1000000015
49252  -8.359  -48.106  -13.966 0.1000000015
49253  -9.101  -47.981  -13.692 0.1000000015
50517  -10.059  -47.569  -13.007 0.1000000015
51806  -9.128  -46.731  -13.067 0.1000000015
51790  -10.957  -46.556  -12.157 0.1000000015
53157  -9.558  -46.130  -12.717 0.1000000015
53158  -10.311  -45.895  -12.338 0.1000000015
58814  -11.395  -42.411  -12.985 0.1000000015
77718  -19.490  -32.019  -9.659 0.1000000015
77722  -19.439  -31.986  -10.143 0.1000000015
79232  -18.969  -30.747  -10.527 0.1000000015
80591  -18.778  -30.231  -10.981 0.1000000015
80590  -18.573  -30.092  -11.619 0.1000000015
81854  -18.568  -29.435  -11.615 0.1000000015
3174  -10.778  -81.286  -22.646 0.1000000015
41079  -20.848  -53.127  -23.085 0.1000000015
39676  -19.760  -54.320  -24.041 0.1000000015
41091  -20.557  -53.251  -23.619 0.1000000015
39674  -17.868  -54.016  -23.709 0.1000000015
50535  -9.084  -47.531  -13.390 0.1000000015
62991  -11.223  -40.258  -13.047 0.1000000015
64277  -11.702  -39.472  -12.899 0.1000000015
81874  -18.354  -29.457  -12.094 0.1000000015
83138  -18.169  -28.797  -12.405 0.1000000015
7807  -26.275  -75.790  7.377 0.1000000015
2593  -9.955  -81.794  -20.896 0.1000000015
33678  -4.658  -57.083  3.716 0.1000000015
16972  -6.757  -67.163  12.749 0.1000000015
47975  -8.883  -49.240  -13.416 0.1000000015
80583  -18.779  -29.993  -10.435 0.1000000015
6080  -18.139  -77.370  13.011 0.1000000015
35011  -6.607  -56.208  2.754 0.1000000015
40635  -13.213  -53.061  2.518 0.1000000015
40667  -16.435  -53.288  0.884 0.1000000015
40655  -15.535  -53.220  1.543 0.1000000015
39224  -16.850  -54.058  0.593 0.1000000015
36418  -18.064  -55.602  -0.945 0.1000000015
37749  -8.670  -55.314  2.597 0.1000000015
37751  -10.433  -54.776  3.215 0.1000000015
40638  -15.108  -53.415  1.901 0.1000000015
36429  -18.281  -56.013  -1.325 0.1000000015
6912  -18.067  -76.606  11.841 0.1000000015
8578  -16.844  -75.403  10.341 0.1000000015
8603  -18.994  -74.772  10.166 0.1000000015
8576  -15.113  -75.221  10.327 0.1000000015
8599  -15.675  -74.837  9.850 0.1000000015
10337  -18.100  -73.603  8.752 0.1000000015
9428  -15.104  -73.684  9.123 0.1000000015
45427  -21.823  -51.016  -21.960 0.1000000015
58894  -24.615  -42.423  -17.071 0.1000000015
42596  -20.275  -52.473  -24.387 0.1000000015
58922  -22.706  -42.561  -18.658 0.1000000015
33680  -6.291  -56.858  3.437 0.1000000015
37811  -17.179  -54.835  0.241 0.1000000015
47996  -8.995  -48.707  -14.220 0.1000000015
49240  -10.227  -47.995  -13.432 0.1000000015
51789  -10.101  -46.647  -12.468 0.1000000015
81847  -18.550  -29.287  -10.381 0.1000000015
81855  -18.659  -29.462  -11.068 0.1000000015
83114  -18.527  -28.952  -11.050 0.1000000015
83113  -18.436  -28.774  -11.593 0.1000000015
1  -8.799  -86.096  -10.292 0.6999999881
2  -8.977  -85.999  -10.550 0.8000000119
3  -8.531  -86.014  -10.505 0.6999999881
4  -8.607  -86.010  -10.836 0.8999999762
5  -8.796  -86.159  -10.865 0.8000000119
6  -8.421  -86.101  -11.024 0.8999999762
7  -8.695  -86.028  -11.060 0.8999999762
8  -4.676  -85.986  -4.409 0.8000000119
10  -5.110  -85.841  -4.446 0.8999999762
11  -4.631  -86.005  -4.659 0.8000000119
12  -4.964  -86.099  -4.735 0.8000000119
13  -5.020  -85.846  -4.826 0.8999999762
14  -4.476  -86.069  -5.184 0.8000000119
15  -4.705  -85.925  -5.083 0.8000000119
16  -5.186  -85.615  -4.978 0.8999999762
18  -10.055  -86.607  -6.560 0.5000000000
21  -12.098  -86.520  -6.487 0.6000000238
22  -9.294  -86.088  -7.729 0.6000000238
23  -9.529  -86.382  -7.197 0.5000000000
24  -10.137  -86.619  -7.263 0.5000000000
26  -11.486  -86.193  -7.286 0.5000000000
27  -12.187  -86.287  -6.865 0.5000000000
28  -12.596  -86.178  -6.874 0.6000000238
29  -9.191  -86.043  -8.125 0.6000000238
30  -9.553  -86.284  -7.896 0.5000000000
32  -10.793  -86.008  -7.944 0.6000000238
35  -12.449  -86.073  -7.040 0.6000000238
37  -9.154  -86.009  -8.637 0.6999999881
40  -10.510  -85.741  -8.714 0.6999999881
42  -8.805  -85.998  -9.264 0.6999999881
43  -9.236  -86.056  -9.191 0.6999999881
45  -9.970  -85.853  -9.229 0.6999999881
46  -10.318  -85.476  -9.368 0.8000000119
47  -10.819  -85.377  -8.889 0.8000000119
49  -8.415  -85.891  -10.020 0.6999999881
51  -9.363  -85.981  -9.902 0.6999999881
52  -9.877  -85.691  -9.773 0.6999999881
53  -10.042  -85.423  -9.906 0.8000000119
54  -7.629  -85.909  -11.156 0.8999999762
55  -8.190  -85.933  -10.768 0.8999999762
56  -8.201  -86.103  -10.951 0.8999999762
59  -10.025  -85.296  -10.134 0.6999999881
60  -7.705  -85.886  -11.322 0.8999999762
63  -8.851  -85.811  -11.202 0.8999999762
64  -9.178  -85.531  -10.912 0.8000000119
65  -7.933  -85.854  -11.983 0.8999999762
66  -8.322  -85.674  -11.684 0.8999999762
67  -8.845  -85.395  -11.592 0.8999999762
68  -6.162  -85.701  -0.977 0.8999999762
69  -6.316  -85.651  -0.759 0.8999999762
70  -5.755  -85.816  -1.766 1.0000000000
71  -6.025  -85.766  -1.462 1.0000000000
72  -6.449  -85.548  -1.181 0.8999999762
74  0.068  -84.991  -2.903 0.2000000030
75  -0.300  -85.039  -2.983 0.3000000119
76  -0.728  -85.115  -3.131 0.4000000060
77  -1.069  -85.029  -3.373 0.5000000000
78  -5.113  -85.669  -2.465 1.0000000000
79  -5.504  -85.803  -2.185 1.0000000000
80  -5.941  -85.821  -2.124 1.0000000000
81  -6.313  -85.567  -1.928 1.0000000000
82  -6.471  -85.432  -1.933 0.8999999762
83  0.100  -85.006  -3.037 0.3000000119
84  -0.314  -85.153  -3.435 0.3000000119
85  -0.831  -85.189  -3.606 0.5000000000
87  -4.777  -85.631  -2.913 1.0000000000
88  -5.213  -85.809  -2.932 1.0000000000
91  -11.868  -85.683  -3.862 0.3000000119
93  -0.364  -85.129  -4.219 0.3000000119
94  -0.592  -85.195  -3.931 0.3000000119
95  -1.023  -85.216  -4.081 0.5000000000
96  -1.503  -85.202  -4.160 0.6000000238
97  -1.817  -85.323  -4.517 0.6000000238
99  -4.910  -86.000  -3.557 1.0000000000
100  -5.547  -85.910  -3.441 0.8999999762
101  -5.896  -85.709  -3.116 1.0000000000
102  -10.204  -86.015  -4.907 0.4000000060
103  -10.615  -85.838  -4.923 0.4000000060
104  -10.861  -85.890  -4.599 0.4000000060
105  -11.452  -85.886  -4.186 0.4000000060
106  -12.133  -85.873  -4.110 0.3000000119
107  -0.504  -85.162  -4.420 0.5000000000
108  -0.749  -85.226  -4.393 0.5000000000
111  -2.122  -85.532  -4.821 0.6000000238
112  -3.375  -85.632  -4.655 0.6999999881
113  -3.807  -85.792  -4.580 0.8000000119
114  -4.570  -85.900  -4.149 0.8000000119
115  -5.145  -85.941  -3.827 0.8999999762
117  -5.797  -85.614  -3.528 1.0000000000
118  -10.372  -85.834  -5.284 0.5000000000
119  -10.465  -85.869  -4.948 0.4000000060
120  -10.725  -86.146  -5.047 0.4000000060
123  -12.717  -86.299  -4.971 0.3000000119
125  -1.564  -85.414  -5.115 0.6000000238
127  -2.590  -85.750  -5.283 0.8000000119
130  -4.214  -86.002  -4.813 0.8000000119
131  -5.228  -85.540  -4.778 0.8999999762
132  -10.108  -85.799  -5.795 0.5000000000
134  -10.870  -86.598  -5.589 0.5000000000
135  -11.385  -86.602  -5.373 0.4000000060
136  -12.099  -86.607  -5.386 0.4000000060
138  -13.443  -86.295  -5.818 0.5000000000
140  -14.627  -85.904  -6.234 0.5000000000
141  -2.096  -85.421  -6.131 0.8000000119
142  -2.502  -85.640  -5.906 0.8000000119
143  -3.015  -85.832  -5.743 0.8000000119
144  -3.548  -85.959  -5.597 0.8000000119
145  -4.080  -86.014  -5.357 0.8999999762
146  -4.516  -85.803  -5.556 0.8999999762
148  -9.811  -86.043  -6.445 0.5000000000
149  -10.177  -86.471  -6.122 0.5000000000
150  -10.865  -86.779  -6.237 0.5000000000
152  -12.124  -86.650  -5.883 0.6000000238
153  -12.880  -86.472  -6.187 0.6000000238
156  -14.935  -85.717  -6.799 0.4000000060
157  -15.272  -85.591  -6.933 0.4000000060
159  -2.497  -85.397  -6.514 0.8000000119
161  -3.392  -85.752  -6.202 0.8000000119
163  -4.033  -85.813  -6.153 0.8999999762
164  -4.587  -85.488  -5.917 0.8999999762
166  -9.491  -86.012  -6.983 0.5000000000
168  -12.784  -86.218  -6.825 0.6000000238
170  -13.981  -85.629  -7.383 0.6000000238
172  -15.203  -85.487  -7.390 0.5000000000
173  -2.013  -85.227  -7.401 0.8999999762
175  -2.856  -85.383  -6.961 0.8999999762
176  -3.286  -85.521  -6.808 0.8999999762
177  -3.737  -85.572  -6.632 0.8999999762
178  -4.279  -85.432  -6.481 1.0000000000
179  -4.658  -85.260  -6.206 1.0000000000
180  -8.659  -85.603  -8.466 0.6999999881
182  -11.647  -85.570  -7.745 0.6999999881
183  -11.908  -85.537  -7.623 0.6999999881
184  -12.652  -85.623  -7.393 0.6000000238
186  -14.136  -85.224  -7.931 0.6999999881
187  -14.711  -85.155  -8.277 0.6000000238
188  -14.951  -85.361  -7.842 0.6000000238
189  -1.964  -85.232  -7.993 0.8999999762
190  -2.332  -85.267  -7.817 0.8999999762
191  -2.761  -85.291  -7.599 0.8999999762
193  -3.650  -85.300  -7.284 1.0000000000
195  -8.871  -86.027  -8.922 0.6999999881
196  -9.063  -85.980  -8.405 0.6000000238
197  -11.616  -85.418  -8.016 0.6999999881
200  -13.695  -84.885  -8.316 0.6000000238
203  -15.106  -84.785  -9.625 0.6000000238
204  -1.906  -85.215  -8.349 1.0000000000
206  -2.660  -85.250  -8.233 1.0000000000
207  -3.101  -85.257  -7.960 1.0000000000
208  -3.376  -85.252  -7.702 1.0000000000
209  -8.116  -85.516  -9.990 0.6999999881
216  -14.569  -84.699  -9.587 0.6999999881
218  -15.298  -84.769  -10.236 0.6000000238
219  -7.900  -85.395  -10.353 0.8999999762
220  -8.155  -85.671  -10.126 0.6999999881
222  -11.020  -84.920  -9.600 0.8000000119
224  -14.846  -84.849  -10.465 0.6999999881
225  -15.127  -84.792  -10.700 0.8000000119
227  -15.993  -84.496  -10.987 0.6999999881
228  -6.973  -85.405  -11.328 0.8999999762
230  -9.955  -84.945  -10.600 0.6999999881
231  -10.053  -85.148  -10.369 0.6999999881
232  -14.544  -84.523  -10.660 0.6999999881
233  -14.835  -84.661  -10.934 0.8000000119
235  -15.618  -84.827  -11.143 0.6000000238
237  -6.707  -85.304  -11.746 0.8999999762
239  -7.572  -85.815  -11.799 0.8999999762
240  -9.041  -85.431  -11.259 0.8999999762
241  -9.429  -85.060  -11.093 0.8000000119
242  -9.964  -84.967  -10.715 0.8000000119
243  -15.019  -85.040  -11.718 0.8999999762
245  -16.109  -84.911  -11.775 0.6000000238
247  -17.077  -84.634  -11.901 0.6999999881
249  -4.833  -85.039  -12.912 0.8000000119
253  -7.717  -85.568  -12.207 0.8999999762
258  -15.217  -84.906  -11.963 0.8999999762
260  -16.368  -84.975  -11.871 0.5000000000
261  -17.034  -84.800  -12.131 0.6999999881
262  -17.545  -84.550  -12.223 0.6999999881
268  -8.278  -85.028  -12.513 0.8000000119
269  -16.214  -84.743  -12.365 0.6999999881
271  -17.027  -84.567  -12.264 0.6999999881
272  -17.285  -84.541  -12.363 0.6999999881
273  -4.972  -85.063  -13.782 0.8000000119
274  -5.104  -85.137  -13.569 0.8000000119
275  -5.781  -85.113  -13.371 0.8000000119
277  -7.272  -85.025  -13.291 0.8000000119
278  -5.463  -85.059  -13.699 0.8000000119
281  -7.442  -84.633  -13.618 0.8000000119
282  -5.889  -84.824  1.121 0.8000000119
285  -7.226  -84.912  1.399 0.8000000119
286  -7.413  -84.758  1.283 0.8000000119
288  -6.108  -85.132  0.694 0.8000000119
289  -6.568  -85.213  0.809 0.8000000119
290  -7.034  -85.093  0.900 0.8000000119
291  -7.338  -84.880  1.021 0.8000000119
292  -5.629  -85.054  0.167 0.8999999762
293  -5.892  -85.198  0.116 0.8999999762
294  -6.322  -85.343  0.155 0.8999999762
296  -7.243  -84.844  0.452 0.8000000119
297  -5.533  -85.166  -0.329 0.8999999762
300  -6.918  -84.943  -0.430 0.8000000119
301  -7.230  -84.580  0.004 0.8000000119
302  0.040  -84.530  -2.225 0.2000000030
303  -0.443  -84.633  -2.225 0.2000000030
305  -1.019  -84.505  -2.550 0.4000000060
308  -5.932  -85.667  -1.058 0.8999999762
309  -6.669  -85.282  -0.847 0.8999999762
310  -6.729  -85.150  -1.301 0.8999999762
312  -0.117  -84.827  -2.680 0.2000000030
313  -0.606  -84.865  -2.693 0.4000000060
314  -1.042  -84.741  -2.954 0.4000000060
315  -4.867  -85.306  -2.328 1.0000000000
316  -5.186  -85.556  -1.968 1.0000000000
317  -6.374  -85.453  -2.285 1.0000000000
318  -6.574  -85.255  -2.009 0.8999999762
319  0.134  -84.839  -3.218 0.2000000030
320  0.150  -84.974  -3.719 0.3000000119
321  -1.333  -84.903  -3.566 0.5000000000
324  -6.645  -85.014  -2.279 0.8999999762
325  -11.547  -85.458  -3.757 0.3000000119
326  -12.013  -85.342  -3.678 0.3000000119
327  0.092  -84.809  -3.995 0.3000000119
330  -1.955  -85.115  -4.178 0.6000000238
331  -4.004  -85.203  -3.860 0.6999999881
333  -6.112  -85.314  -3.188 1.0000000000
334  -10.458  -85.672  -5.057 0.4000000060
337  -11.242  -85.569  -3.913 0.4000000060
338  -12.464  -85.335  -4.102 0.3000000119
340  -13.378  -85.405  -4.885 0.2000000030
342  -0.818  -85.207  -4.928 0.4000000060
343  -1.109  -85.271  -5.130 0.4000000060
344  -2.408  -85.409  -4.595 0.6999999881
345  -2.930  -85.489  -4.631 0.6999999881
347  -4.001  -85.388  -3.988 0.8000000119
348  -5.570  -85.231  -4.274 0.8999999762
350  -10.234  -85.415  -5.322 0.3000000119
351  -10.279  -85.019  -5.041 0.4000000060
352  -12.628  -85.893  -4.477 0.3000000119
353  -13.174  -85.814  -4.845 0.2000000030
354  -13.749  -85.630  -5.137 0.2000000030
356  -0.172  -84.857  -5.629 0.4000000060
357  -0.493  -85.074  -5.387 0.4000000060
358  -0.943  -85.201  -5.395 0.4000000060
360  -1.719  -85.395  -5.935 0.6999999881
362  -2.912  -85.797  -5.062 0.6999999881
363  -5.363  -84.986  -4.838 0.8999999762
364  -9.930  -85.219  -5.976 0.3000000119
366  -13.863  -86.017  -5.505 0.4000000060
367  -14.404  -85.599  -5.592 0.5000000000
368  -15.035  -85.467  -6.230 0.4000000060
369  -15.357  -85.270  -6.588 0.4000000060
370  -0.156  -84.748  -5.977 0.4000000060
372  -0.865  -85.095  -6.092 0.6000000238
373  -1.424  -85.237  -6.269 0.8000000119
374  -1.791  -85.290  -6.390 0.8000000119
377  -9.907  -85.087  -6.033 0.3000000119
379  -15.491  -85.393  -6.951 0.4000000060
380  -0.835  -84.796  -7.076 0.5000000000
381  -0.901  -84.898  -6.924 0.8000000119
383  -1.627  -85.193  -6.964 0.8000000119
384  -5.027  -85.081  -5.925 1.0000000000
385  -9.262  -85.680  -7.254 0.6000000238
388  -15.548  -84.943  -8.113 0.4000000060
389  -0.749  -84.684  -7.269 0.5000000000
390  -0.922  -84.712  -7.529 0.5000000000
392  -1.665  -85.160  -7.701 0.6999999881
393  -4.495  -85.067  -6.902 1.0000000000
395  -8.642  -85.091  -8.176 0.6000000238
396  -8.999  -85.477  -7.698 0.6000000238
397  -14.950  -84.997  -8.700 0.6000000238
399  -15.572  -84.656  -8.387 0.4000000060
400  -1.112  -84.711  -8.124 0.6999999881
401  -1.456  -85.021  -8.137 0.8000000119
402  -1.731  -85.176  -8.182 0.8000000119
404  -4.145  -85.198  -7.108 1.0000000000
405  -8.412  -85.432  -8.850 0.6999999881
406  -14.913  -84.929  -8.931 0.6000000238
407  -15.119  -84.866  -9.052 0.6000000238
410  -1.329  -84.790  -8.590 0.8000000119
411  -1.717  -85.129  -8.667 1.0000000000
412  -2.133  -85.161  -8.955 0.6999999881
413  -2.569  -85.150  -8.856 0.6999999881
415  -3.568  -85.009  -8.092 1.0000000000
416  -8.075  -85.301  -9.877 0.6999999881
417  -8.133  -85.162  -9.457 0.6999999881
420  -13.245  -84.092  -9.304 0.6000000238
421  -13.871  -84.263  -9.636 0.6000000238
422  -15.451  -84.605  -9.838 0.6000000238
425  -1.465  -84.714  -9.108 0.6999999881
426  -1.884  -84.891  -9.274 0.6999999881
428  -2.652  -84.940  -9.159 0.6999999881
429  -7.884  -85.020  -10.047 0.6999999881
431  -10.779  -84.907  -9.986 0.8000000119
432  -11.082  -84.630  -9.971 0.8000000119
434  -13.815  -84.114  -9.956 0.6000000238
435  -15.769  -84.429  -10.542 0.6999999881
436  -15.983  -84.264  -10.774 0.6000000238
437  -18.945  -83.941  -11.035 0.5000000000
438  -19.224  -83.782  -10.956 0.5000000000
439  -6.973  -85.167  -11.347 0.8999999762
440  -7.416  -85.109  -10.740 0.8000000119
443  -14.367  -84.404  -10.823 0.6000000238
445  -16.440  -83.852  -11.332 0.6000000238
447  -18.390  -84.026  -11.633 0.5000000000
448  -18.781  -83.973  -11.347 0.5000000000
452  -9.650  -84.700  -11.249 0.8000000119
454  -14.822  -84.606  -11.627 0.8000000119
455  -15.016  -84.863  -11.756 0.8999999762
456  -16.475  -84.375  -11.695 0.6000000238
458  -17.904  -84.376  -11.940 0.6999999881
461  -4.038  -85.150  -13.010 0.8000000119
462  -4.664  -84.976  -12.741 0.8000000119
464  -6.230  -85.109  -12.061 0.8999999762
465  -8.536  -85.062  -12.160 0.8000000119
466  -8.983  -84.813  -11.938 0.6999999881
467  -9.398  -84.660  -11.565 0.8000000119
468  -9.770  -84.473  -11.368 0.6999999881
469  -14.739  -84.513  -11.841 1.0000000000
470  -14.959  -84.721  -12.050 0.8999999762
471  -15.612  -84.814  -12.268 0.6999999881
472  -15.963  -85.042  -12.457 0.6999999881
473  -18.252  -84.438  -12.276 0.6000000238
474  -19.062  -84.192  -12.216 0.6000000238
475  -19.446  -83.997  -11.860 0.6000000238
476  -3.345  -85.364  -13.372 0.8000000119
477  -3.996  -85.168  -13.314 0.8000000119
478  -4.442  -85.096  -13.358 0.8000000119
480  -8.457  -84.614  -12.831 0.8000000119
482  -15.802  -84.512  -12.579 0.6999999881
484  -16.531  -84.415  -12.734 0.6999999881
485  -17.046  -84.493  -12.835 0.6999999881
489  -3.667  -85.577  -13.699 0.8000000119
493  -8.404  -84.291  -13.460 0.8000000119
494  -8.889  -84.007  -13.844 0.6999999881
495  -16.237  -84.098  -13.130 0.6999999881
496  -16.692  -84.309  -13.041 0.6999999881
498  -18.066  -84.212  -13.267 0.6999999881
500  -4.005  -85.248  -13.979 0.8000000119
501  -4.712  -85.005  -14.236 0.8000000119
502  -5.436  -84.838  -13.893 0.8000000119
508  -10.095  -83.962  -14.322 0.6999999881
509  -7.707  -84.084  -14.268 0.4000000060
511  -8.857  -84.037  -14.069 0.5000000000
515  -11.632  -84.276  -15.465 0.5000000000
517  -12.664  -84.284  -15.983 0.5000000000
518  -8.134  -84.150  -14.975 0.5000000000
519  -8.714  -84.003  -14.619 0.5000000000
522  -11.183  -84.033  -15.358 0.5000000000
526  -13.455  -83.850  -16.374 0.4000000060
527  -12.936  -84.051  -16.490 0.3000000119
528  -13.414  -83.911  -16.632 0.4000000060
529  -13.676  -83.834  -16.603 0.4000000060
530  -6.495  -84.250  3.841 0.6000000238
531  -6.828  -84.171  3.901 0.6000000238
532  -5.887  -84.235  2.905 0.8000000119
533  -6.349  -84.493  3.204 0.8000000119
535  -7.409  -84.312  3.278 0.6000000238
536  -5.489  -84.067  1.955 0.8000000119
537  -5.790  -84.304  2.202 0.8000000119
538  -6.221  -84.557  2.471 0.8000000119
540  -7.287  -84.534  2.816 0.6000000238
541  0.084  -83.101  1.167 0.3000000119
542  -0.180  -82.997  1.250 0.3000000119
543  -0.735  -83.324  1.241 0.4000000060
544  -5.344  -84.011  1.510 0.8000000119
547  -6.541  -84.821  1.969 0.8000000119
548  -7.122  -84.789  2.055 0.6999999881
550  0.078  -83.156  0.750 0.3000000119
552  -0.544  -83.349  0.850 0.3000000119
553  -1.066  -83.368  1.038 0.4000000060
555  -5.551  -84.666  0.865 0.8999999762
556  -7.520  -84.527  1.059 0.8000000119
557  0.038  -83.246  0.523 0.3000000119
558  -0.283  -83.356  0.316 0.3000000119
559  -0.802  -83.465  0.409 0.4000000060
560  -0.989  -83.807  0.851 0.4000000060
561  -5.104  -84.397  0.036 0.8999999762
562  -5.404  -84.779  0.278 0.8999999762
563  -7.423  -84.100  0.038 0.8000000119
566  -0.548  -83.463  0.056 0.3000000119
570  -7.328  -84.362  0.009 0.8000000119
572  -0.266  -84.390  -1.759 0.3000000119
574  -1.066  -84.344  -2.255 0.4000000060
575  -4.877  -84.524  -1.132 1.0000000000
576  -5.181  -84.981  -0.848 1.0000000000
578  0.242  -84.379  -2.485 0.1000000015
580  -1.194  -84.445  -2.718 0.6000000238
581  -4.584  -84.534  -2.111 1.0000000000
582  -6.837  -84.794  -1.778 0.8000000119
583  0.345  -84.329  -3.365 0.1000000015
584  0.369  -83.833  -3.188 0.1000000015
585  -1.618  -84.471  -3.308 0.6000000238
586  -2.064  -84.189  -3.356 0.8000000119
587  -4.328  -84.577  -2.919 0.8000000119
588  -6.516  -84.877  -2.696 0.8999999762
592  -12.222  -84.799  -3.606 0.2000000030
593  0.296  -84.381  -4.017 0.1000000015
595  -2.045  -84.558  -3.696 0.6000000238
598  -3.662  -84.775  -3.782 0.8999999762
600  -6.204  -84.688  -3.298 0.8999999762
601  -10.428  -84.956  -4.730 0.4000000060
602  -10.650  -84.877  -4.227 0.4000000060
603  -11.094  -85.236  -3.716 0.3000000119
605  -12.901  -84.942  -4.525 0.2000000030
606  -13.236  -85.147  -4.797 0.2000000030
607  0.247  -84.264  -5.359 0.2000000030
609  0.267  -83.953  -4.222 0.1000000015
610  -2.506  -85.105  -4.293 0.8000000119
611  -2.951  -84.971  -4.165 0.8999999762
612  -3.323  -84.893  -4.041 0.8999999762
614  -5.902  -84.890  -3.856 1.0000000000
615  -10.333  -84.578  -4.968 0.3000000119
617  -13.230  -84.904  -4.840 0.2000000030
618  -13.627  -85.020  -5.121 0.2000000030
619  -13.934  -85.088  -5.298 0.2000000030
620  0.081  -84.522  -5.712 0.2000000030
621  -0.079  -84.837  -5.189 0.5000000000
622  -5.433  -84.564  -4.801 1.0000000000
623  -10.082  -84.504  -5.637 0.3000000119
624  -13.794  -84.732  -5.323 0.2000000030
625  -14.111  -84.928  -5.474 0.2000000030
627  -15.163  -84.895  -6.411 0.4000000060
628  -0.080  -84.577  -6.406 0.4000000060
629  -0.313  -84.822  -6.238 0.5000000000
630  -0.540  -85.037  -6.064 0.5000000000
632  -9.806  -85.041  -6.326 0.5000000000
633  -9.884  -84.754  -6.143 0.5000000000
634  -15.581  -84.904  -6.856 0.4000000060
635  -15.677  -84.659  -7.175 0.4000000060
636  0.067  -84.326  -7.104 0.5000000000
638  -0.657  -84.937  -6.487 0.5000000000
640  -5.128  -84.701  -6.282 1.0000000000
641  -9.204  -85.269  -7.358 0.6000000238
642  -9.593  -84.880  -6.868 0.6000000238
644  -15.716  -85.141  -7.245 0.4000000060
645  -15.672  -84.724  -7.522 0.4000000060
646  -0.123  -84.278  -7.649 0.5000000000
648  -0.846  -84.618  -7.722 0.5000000000
649  -4.770  -84.760  -6.957 1.0000000000
650  -5.002  -84.819  -6.677 1.0000000000
651  -8.418  -84.875  -8.127 0.6999999881
652  -8.781  -84.972  -7.934 0.6000000238
655  -0.118  -84.103  -8.176 0.5000000000
656  -0.418  -84.247  -8.253 0.6000000238
657  -0.799  -84.554  -7.976 0.6999999881
658  -4.065  -84.624  -7.874 1.0000000000
659  -4.427  -84.796  -7.396 1.0000000000
661  -8.440  -84.787  -8.417 0.6999999881
662  -15.810  -84.227  -8.840 0.5000000000
663  -0.527  -84.100  -8.651 0.6000000238
664  -0.812  -84.368  -8.583 0.8000000119
665  -2.912  -84.913  -8.989 0.8999999762
668  -8.063  -84.801  -9.418 0.6999999881
669  -11.847  -84.275  -9.623 0.6999999881
670  -12.104  -84.059  -9.648 0.6999999881
673  -15.890  -83.971  -9.689 0.5000000000
674  -19.996  -83.299  -9.814 0.6999999881
675  -20.168  -83.365  -10.268 0.5000000000
676  -0.583  -83.936  -8.985 0.6000000238
677  -0.900  -84.054  -9.173 0.6999999881
678  -1.253  -84.270  -9.346 0.8000000119
679  -1.705  -84.301  -9.616 0.8000000119
681  -2.776  -84.607  -9.370 0.8999999762
682  -3.041  -84.452  -9.294 1.0000000000
684  -7.874  -84.903  -9.935 0.6999999881
685  -11.628  -84.106  -9.934 0.6999999881
686  -12.395  -83.766  -9.857 0.6999999881
687  -13.285  -83.791  -9.941 0.8000000119
689  -16.052  -83.801  -10.519 0.5000000000
691  -18.703  -83.715  -11.065 0.5000000000
692  -19.033  -83.715  -10.860 0.6000000238
693  -19.665  -83.537  -10.533 0.5000000000
694  -20.077  -83.475  -10.619 0.5000000000
695  -1.018  -83.976  -9.373 0.8000000119
697  -1.423  -83.837  -9.690 0.8000000119
698  -7.004  -85.124  -11.097 0.8999999762
700  -7.631  -84.647  -10.423 0.8000000119
701  -10.643  -84.214  -10.666 0.8999999762
704  -13.764  -83.851  -10.711 0.8000000119
710  -19.853  -83.602  -10.957 0.5000000000
712  -5.953  -84.657  -11.894 0.8999999762
713  -6.586  -84.823  -11.564 0.8999999762
714  -6.806  -84.499  -11.494 0.8000000119
715  -10.298  -84.227  -10.989 0.8999999762
718  -20.071  -83.615  -11.122 0.5000000000
721  -2.578  -84.385  -12.725 0.8000000119
723  -4.734  -84.692  -12.758 0.6999999881
728  -10.086  -84.144  -11.325 0.8999999762
730  -14.807  -84.224  -12.227 1.0000000000
731  -19.332  -84.042  -12.405 0.6999999881
732  -19.551  -83.765  -12.160 0.6999999881
733  -1.805  -84.041  -12.997 0.8999999762
734  -2.186  -84.297  -13.116 0.8999999762
737  -8.920  -84.196  -12.759 0.8000000119
738  -9.212  -83.989  -12.515 0.8000000119
739  -15.106  -84.207  -12.498 0.8000000119
741  -15.959  -84.032  -13.070 0.6999999881
742  -19.211  -83.901  -12.799 0.6999999881
744  -1.873  -84.059  -13.306 0.8999999762
745  -2.450  -84.464  -13.656 0.8000000119
746  -3.192  -85.153  -13.743 0.8000000119
747  -3.559  -85.397  -14.020 0.8000000119
748  -8.860  -83.997  -13.454 0.6999999881
750  -16.031  -83.760  -13.228 0.8000000119
752  -17.122  -83.847  -13.563 0.8000000119
754  -18.120  -83.791  -13.692 0.6999999881
755  -18.534  -83.949  -13.351 0.6999999881
760  -4.906  -84.623  -14.103 0.8000000119
763  -8.987  -83.928  -13.690 0.6999999881
764  -9.436  -83.905  -14.026 0.6999999881
767  -11.655  -84.036  -14.632 0.6999999881
768  -12.258  -84.160  -14.889 0.6000000238
771  -17.067  -83.539  -14.023 0.8000000119
773  -17.926  -83.468  -14.350 0.6999999881
775  -7.398  -84.028  -14.283 0.4000000060
777  -10.488  -83.925  -14.445 0.6000000238
780  -12.335  -84.342  -15.470 0.5000000000
781  -13.155  -83.939  -15.811 0.4000000060
783  -16.738  -83.097  -14.994 0.6999999881
784  -17.118  -83.255  -14.899 0.8000000119
785  -17.547  -83.335  -14.910 0.8000000119
787  -8.440  -83.907  -14.928 0.4000000060
790  -10.678  -83.792  -15.546 0.2000000030
792  -11.751  -83.953  -16.119 0.2000000030
793  -11.890  -84.138  -16.134 0.2000000030
794  -13.390  -83.918  -16.122 0.4000000060
796  -14.175  -83.672  -16.602 0.3000000119
797  -16.572  -82.998  -15.866 0.6999999881
801  -12.593  -83.977  -16.577 0.3000000119
802  -13.276  -83.980  -17.082 0.3000000119
805  -16.528  -82.981  -15.984 0.6999999881
806  -16.979  -82.909  -16.324 0.5000000000
808  -13.892  -83.657  -18.057 0.1000000015
813  -6.243  -84.338  -20.218 0.5000000000
814  -6.579  -84.384  -20.193 0.4000000060
815  -7.225  -84.428  -20.118 0.4000000060
816  -8.018  -84.462  -20.000 0.3000000119
817  -8.435  -84.308  -20.118 0.4000000060
818  -14.983  -83.790  -19.606 0.1000000015
819  -15.254  -83.938  -19.639 0.1000000015
820  -6.260  -84.211  -20.404 0.4000000060
821  -6.479  -84.212  -20.477 0.4000000060
823  -7.644  -84.429  -20.557 0.4000000060
826  -15.095  -83.981  -19.708 0.1000000015
827  -15.463  -83.837  -19.733 0.1000000015
828  -16.044  -83.567  -20.569 0.1000000015
829  -7.382  -84.278  -20.898 0.4000000060
830  -7.875  -84.290  -21.003 0.4000000060
831  -8.291  -84.205  -21.058 0.4000000060
832  -14.960  -83.777  -19.657 0.1000000015
833  -15.080  -83.624  -19.985 0.1000000015
834  -15.482  -84.189  -20.618 0.1000000015
835  -15.885  -83.787  -20.825 0.1000000015
836  -15.019  -83.770  -20.469 0.1000000015
837  -15.223  -83.772  -20.776 0.1000000015
838  -15.387  -83.959  -20.944 0.1000000015
840  -6.074  -83.635  5.582 0.6000000238
842  -5.558  -83.680  4.671 0.6000000238
843  -6.106  -83.789  4.936 0.6000000238
844  -6.546  -83.611  5.280 0.6000000238
848  -7.367  -83.634  4.254 0.6000000238
849  -0.295  -82.603  2.566 0.6000000238
850  -0.561  -82.594  2.724 0.6000000238
851  -0.816  -82.791  2.474 0.4000000060
853  -5.978  -84.130  3.583 0.6000000238
854  -7.037  -84.093  3.876 0.6000000238
856  -7.895  -83.734  3.092 0.6999999881
858  -0.459  -82.817  2.182 0.4000000060
860  -1.194  -83.006  1.922 0.4000000060
861  -5.290  -83.701  1.954 0.8999999762
863  -7.642  -84.154  2.958 0.6999999881
865  0.332  -82.671  1.130 0.2000000030
866  -0.014  -82.859  1.458 0.5000000000
867  -0.510  -82.954  1.745 0.4000000060
868  -1.133  -83.265  1.441 0.4000000060
869  -1.240  -83.099  1.713 0.4000000060
870  -5.175  -83.621  1.308 0.8999999762
871  -7.583  -84.380  2.280 0.6999999881
872  -7.767  -84.037  1.674 0.8000000119
873  0.215  -83.053  0.958 0.3000000119
874  0.054  -83.004  1.102 0.3000000119
875  -1.140  -83.376  0.432 0.4000000060
877  -5.073  -83.705  0.708 0.8999999762
878  -7.652  -83.655  0.707 0.8000000119
880  0.184  -83.188  0.243 0.3000000119
881  0.055  -83.322  0.061 0.3000000119
882  -1.043  -83.458  0.077 0.4000000060
883  -0.962  -83.528  0.545 0.4000000060
885  -7.512  -83.665  0.238 0.8000000119
886  -7.584  -83.980  0.462 0.8000000119
887  0.162  -83.260  -0.007 0.3000000119
888  -0.005  -83.393  -0.208 0.3000000119
889  -0.659  -83.655  -0.388 0.4000000060
890  -1.002  -84.030  -1.051 0.3000000119
891  -4.815  -84.013  -0.425 1.0000000000
893  0.235  -84.184  -1.931 0.1000000015
895  -0.651  -84.227  -1.238 0.3000000119
898  -6.764  -83.677  -1.738 0.8000000119
899  -6.920  -84.070  -1.330 0.8000000119
900  0.358  -84.007  -2.112 0.1000000015
901  0.395  -83.522  -2.322 0.2000000030
905  -6.759  -84.455  -1.992 0.8000000119
906  -11.179  -83.747  -2.585 0.2000000030
908  -12.092  -83.765  -2.879 0.2000000030
910  -1.940  -84.114  -3.147 0.6000000238
912  -3.715  -83.954  -3.152 0.8999999762
913  -4.143  -83.943  -2.728 1.0000000000
914  -6.367  -84.310  -2.784 0.8999999762
915  -6.628  -84.517  -2.383 0.8999999762
917  -11.386  -84.239  -2.996 0.3000000119
918  -11.999  -84.125  -3.013 0.2000000030
920  -2.394  -83.974  -3.301 0.8000000119
921  -2.819  -84.125  -3.489 0.8999999762
922  -3.414  -84.184  -3.479 0.8999999762
923  -3.967  -84.363  -3.317 0.8000000119
924  -5.871  -83.888  -3.833 0.8999999762
926  -10.760  -84.209  -3.869 0.3000000119
928  -12.648  -84.507  -4.382 0.2000000030
929  0.298  -84.119  -5.546 0.2000000030
930  0.242  -84.010  -5.108 0.2000000030
931  0.078  -83.808  -4.477 0.1000000015
932  -5.697  -84.134  -4.235 0.8999999762
934  -10.565  -84.023  -4.836 0.3000000119
935  -10.678  -83.899  -4.298 0.4000000060
936  -12.573  -84.120  -4.446 0.2000000030
937  -13.090  -84.461  -4.926 0.2000000030
940  0.112  -83.886  -4.940 0.1000000015
941  -0.089  -83.743  -4.848 0.1000000015
943  -10.311  -84.038  -5.441 0.3000000119
944  -13.436  -84.331  -5.294 0.2000000030
945  -13.787  -84.390  -5.512 0.2000000030
947  -14.932  -84.554  -6.273 0.3000000119
948  -15.135  -84.617  -6.441 0.4000000060
949  0.237  -84.261  -6.604 0.2000000030
950  -0.332  -85.043  -6.347 0.5000000000
951  -0.559  -85.042  -6.302 0.5000000000
952  -5.152  -84.063  -5.915 0.8999999762
953  -5.228  -84.258  -5.615 0.8999999762
954  -10.011  -84.203  -6.181 0.5000000000
955  -14.470  -83.977  -6.231 0.3000000119
958  -15.568  -84.337  -6.826 0.4000000060
959  0.199  -84.181  -7.245 0.5000000000
960  -0.329  -84.753  -6.471 0.5000000000
961  -0.461  -84.863  -6.397 0.5000000000
963  -5.186  -84.379  -5.960 1.0000000000
964  -9.588  -84.519  -7.137 0.6000000238
965  -9.777  -84.309  -6.911 0.6000000238
966  -15.617  -83.869  -7.143 0.4000000060
967  -15.757  -84.242  -7.478 0.4000000060
968  0.228  -83.998  -7.703 0.3000000119
970  -4.647  -84.112  -7.267 0.8999999762
971  -8.965  -84.660  -7.856 0.6000000238
972  -9.390  -84.294  -7.638 0.6000000238
974  -15.970  -84.059  -8.160 0.4000000060
975  0.103  -83.845  -8.280 0.5000000000
977  -4.240  -84.053  -8.033 0.8999999762
978  -4.362  -84.411  -7.661 1.0000000000
979  -8.307  -84.596  -8.929 0.6999999881
981  -9.126  -83.938  -8.547 0.6000000238
982  -16.008  -83.540  -9.004 0.4000000060
983  -16.021  -83.875  -8.687 0.5000000000
984  0.050  -83.538  -9.070 0.6000000238
985  -0.311  -83.870  -8.808 0.6000000238
986  -3.625  -83.992  -8.881 1.0000000000
989  -8.643  -84.119  -9.212 0.6999999881
991  -15.937  -83.626  -9.655 0.5000000000
994  -20.021  -83.151  -9.831 0.6000000238
996  -21.022  -82.831  -9.853 0.6000000238
998  -0.348  -83.451  -9.407 0.6000000238
999  -0.839  -83.803  -9.130 0.6000000238
1000  -1.815  -83.027  -9.957 1.0000000000
1001  -2.057  -83.407  -9.977 0.8000000119
1002  -2.095  -83.838  -9.864 0.8999999762
1003  -2.567  -84.011  -9.785 1.0000000000
1006  -8.252  -84.224  -10.004 0.6999999881
1007  -11.657  -83.813  -10.194 0.8000000119
1009  -12.839  -83.515  -10.186 0.6999999881
1010  -15.950  -83.472  -10.399 0.5000000000
1012  -19.359  -83.403  -10.190 0.6999999881
1013  -19.779  -83.324  -10.079 0.6999999881
1014  -20.483  -83.249  -10.461 0.6000000238
1016  0.052  -83.070  -10.096 0.6000000238
1018  -0.831  -83.094  -9.792 0.8000000119
1020  -1.908  -83.246  -10.080 0.8000000119
1021  -7.203  -84.321  -11.357 0.8999999762
1023  -8.290  -83.980  -10.434 0.6999999881
1025  -11.757  -83.521  -10.467 0.8000000119
1026  -12.537  -83.347  -10.424 0.8999999762
1027  -13.351  -83.456  -10.721 0.8999999762
1028  -13.648  -83.653  -10.895 0.8000000119
1029  -16.156  -83.341  -11.234 0.6000000238
1031  -17.299  -83.615  -11.582 0.6999999881
1032  -17.984  -83.471  -11.374 0.6000000238
1033  -20.523  -82.803  -11.069 0.6999999881
1035  -21.035  -82.756  -10.542 0.6000000238
1037  -0.961  -82.401  -10.840 0.8999999762
1038  -0.909  -82.651  -11.116 0.8999999762
1039  -5.947  -84.418  -11.924 0.8000000119
1040  -6.259  -84.366  -11.848 0.8000000119
1044  -13.578  -83.444  -11.029 0.8000000119
1046  -15.976  -82.847  -11.458 0.5000000000
1047  -16.536  -83.212  -11.580 0.5000000000
1048  -17.125  -83.283  -11.648 0.6999999881
1050  -20.113  -83.364  -11.155 0.5000000000
1051  -0.030  -82.482  -11.562 0.8000000119
1053  -1.085  -82.708  -11.901 0.8000000119
1054  -1.762  -83.592  -12.652 0.8999999762
1055  -2.399  -83.934  -12.548 0.8000000119
1056  -2.981  -84.296  -12.662 0.6999999881
1057  -3.775  -84.500  -12.819 0.8000000119
1059  -5.711  -84.158  -12.064 0.8000000119
1061  -9.656  -83.754  -12.241 0.8000000119
1062  -10.048  -83.790  -11.792 0.6999999881
1063  -10.393  -83.743  -11.491 0.8999999762
1066  -19.784  -83.156  -12.117 0.6999999881
1070  -3.214  -84.619  -12.922 0.6999999881
1071  -3.348  -84.785  -13.059 0.8000000119
1072  -8.983  -83.875  -12.795 0.8000000119
1074  -15.283  -83.804  -12.873 0.8000000119
1075  -15.549  -83.767  -13.069 0.8000000119
1077  -19.537  -83.537  -12.566 0.6999999881
1078  -0.858  -83.530  -13.217 0.8000000119
1079  -1.338  -83.762  -13.404 0.8000000119
1081  -6.898  -83.438  -14.099 0.4000000060
1082  -7.294  -83.293  -14.158 0.4000000060
1084  -9.721  -83.443  -12.910 0.6999999881
1085  -10.014  -83.271  -13.457 0.6999999881
1086  -10.430  -83.154  -13.653 0.6999999881
1087  -15.788  -83.564  -13.285 0.8000000119
1089  -18.823  -83.280  -13.568 0.6999999881
1090  -2.359  -84.022  -13.953 0.8000000119
1091  -2.728  -84.147  -14.321 0.8000000119
1093  -4.249  -84.345  -14.334 0.8000000119
1097  -7.552  -83.156  -14.242 0.3000000119
1098  -9.366  -83.680  -13.548 0.6999999881
1100  -10.146  -83.493  -13.882 0.6999999881
1104  -12.874  -83.903  -14.983 0.5000000000
1105  -16.405  -82.922  -14.529 0.8000000119
1106  -16.479  -82.877  -14.842 0.6999999881
1108  -18.542  -83.218  -14.142 0.6999999881
1109  -7.711  -83.977  -14.428 0.4000000060
1111  -8.549  -82.954  -14.451 0.4000000060
1113  -13.586  -83.572  -15.613 0.4000000060
1115  -16.099  -82.756  -14.915 0.6999999881
1116  -17.949  -83.041  -14.990 0.6999999881
1117  -18.355  -83.046  -14.524 0.6999999881
1118  -8.200  -83.495  -14.750 0.4000000060
1119  -8.715  -83.180  -14.933 0.4000000060
1122  -10.910  -83.544  -15.857 0.2000000030
1126  -16.326  -82.852  -15.520 0.6999999881
1128  -17.688  -82.682  -15.827 0.6999999881
1132  -14.161  -83.858  -17.514 0.3000000119
1133  -17.121  -83.031  -16.157 0.5000000000
1134  -17.312  -82.654  -16.532 0.5000000000
1135  -13.107  -83.470  -17.569 0.2000000030
1136  -13.669  -84.003  -17.398 0.1000000015
1137  -14.118  -83.774  -17.780 0.1000000015
1141  -17.084  -82.772  -17.013 0.5000000000
1142  -17.115  -82.816  -16.782 0.5000000000
1143  -4.952  -83.903  -19.663 0.5000000000
1144  -5.325  -84.035  -19.455 0.5000000000
1146  -6.903  -83.927  -19.190 0.2000000030
1147  -7.652  -83.763  -19.282 0.2000000030
1148  -8.055  -83.604  -19.352 0.2000000030
1149  -13.627  -83.032  -18.009 0.1000000015
1150  -15.096  -83.636  -18.793 0.2000000030
1151  -15.475  -83.538  -18.659 0.2000000030
1152  -15.691  -83.439  -18.173 0.2000000030
1155  -4.955  -83.933  -19.859 0.5000000000
1156  -5.217  -84.092  -19.892 0.5000000000
1158  -6.683  -84.333  -19.696 0.5000000000
1160  -8.304  -83.907  -19.714 0.3000000119
1161  -8.781  -84.024  -20.310 0.4000000060
1162  -9.112  -83.911  -20.589 0.4000000060
1163  -15.106  -83.705  -19.353 0.1000000015
1168  -4.985  -83.890  -20.072 0.5000000000
1169  -5.398  -83.966  -20.275 0.5000000000
1170  -6.083  -84.052  -20.480 0.5000000000
1171  -6.702  -83.968  -20.922 0.4000000060
1172  -7.040  -84.108  -20.995 0.4000000060
1173  -8.942  -84.092  -20.737 0.4000000060
1174  -9.207  -83.845  -20.813 0.3000000119
1175  -14.711  -83.617  -18.887 0.1000000015
1176  -14.944  -83.889  -19.359 0.1000000015
1177  -16.065  -83.446  -20.002 0.1000000015
1178  -16.120  -83.662  -20.261 0.1000000015
1179  -6.850  -83.931  -21.166 0.6000000238
1180  -7.373  -84.013  -21.202 0.6000000238
1181  -8.176  -83.881  -21.335 0.6000000238
1182  -8.663  -83.995  -21.094 0.4000000060
1183  -9.050  -83.860  -21.031 0.4000000060
1184  -14.798  -82.916  -19.036 0.1000000015
1185  -14.773  -82.996  -19.122 0.1000000015
1186  -15.020  -82.982  -19.968 0.1000000015
1188  -16.193  -83.720  -20.725 0.1000000015
1189  -8.498  -83.597  -21.553 0.6000000238
1190  -8.667  -83.727  -21.438 0.6000000238
1191  -8.968  -83.623  -21.386 0.6000000238
1192  -14.908  -83.644  -20.257 0.1000000015
1193  -15.262  -83.466  -20.971 0.1000000015
1194  -15.615  -83.742  -20.875 0.1000000015
1195  -5.669  -83.030  6.466 0.6000000238
1196  -6.033  -83.120  6.422 0.6000000238
1197  -6.455  -83.143  6.302 0.6000000238
1199  -6.220  -83.407  6.031 0.6000000238
1200  -6.731  -83.213  5.826 0.6000000238
1201  -7.203  -82.947  5.521 0.6000000238
1204  -7.469  -83.006  4.945 0.6000000238
1205  -0.225  -82.218  3.510 0.6000000238
1206  -0.545  -82.226  3.550 0.6000000238
1208  -1.324  -82.501  3.266 0.6000000238
1209  -5.146  -83.176  4.277 0.6000000238
1210  -7.326  -83.470  4.616 0.6000000238
1211  -7.718  -83.241  4.247 0.6000000238
1213  -0.098  -82.300  2.985 0.5000000000
1215  -1.031  -82.583  2.848 0.6000000238
1218  -7.816  -83.411  3.831 0.6000000238
1219  -8.021  -83.308  3.485 0.6999999881
1220  0.237  -82.420  2.052 0.5000000000
1221  -1.060  -82.782  2.436 0.6000000238
1222  -1.319  -82.753  2.369 0.6000000238
1224  -5.216  -83.317  2.438 0.8999999762
1226  0.515  -82.226  1.007 0.2000000030
1227  0.423  -82.410  1.399 0.5000000000
1228  -1.429  -83.151  1.285 0.4000000060
1231  -8.073  -83.372  2.058 0.6999999881
1233  -1.095  -83.111  -0.099 0.5000000000
1234  -1.405  -83.248  0.739 0.5000000000
1235  -1.583  -82.975  1.164 0.4000000060
1236  -5.047  -83.298  0.898 0.8999999762
1241  0.363  -82.823  0.450 0.2000000030
1244  -4.910  -83.359  0.220 0.8999999762
1245  -7.403  -83.188  0.015 0.8000000119
1249  0.305  -83.066  -0.068 0.3000000119
1251  -1.151  -83.615  -0.466 0.4000000060
1254  -7.211  -83.167  -0.508 0.8000000119
1259  0.406  -82.989  -1.444 0.1000000015
1260  -1.453  -83.478  -1.531 0.6000000238
1263  -7.056  -83.442  -0.926 0.8000000119
1264  -11.159  -83.151  -1.850 0.2000000030
1266  -12.099  -82.991  -1.780 0.2000000030
1273  -1.956  -83.062  -2.148 0.6000000238
1274  -4.225  -83.152  -1.969 0.8999999762
1275  -6.607  -83.249  -2.017 0.8000000119
1277  -11.436  -83.451  -2.162 0.2000000030
1278  -12.074  -83.353  -2.317 0.2000000030
1283  0.189  -83.002  -2.688 0.1000000015
1284  -1.835  -83.837  -2.757 0.8000000119
1285  -2.238  -83.479  -2.743 0.8999999762
1286  -2.870  -83.398  -2.913 0.8999999762
1288  -4.045  -83.248  -2.379 0.8999999762
1290  -10.884  -83.363  -2.775 0.3000000119
1299  -3.128  -83.772  -3.239 0.8999999762
1300  -3.447  -83.851  -3.201 0.8999999762
1301  -5.835  -83.478  -3.781 0.8999999762
1302  -6.017  -83.441  -3.309 0.8999999762
1304  -12.343  -83.596  -3.686 0.2000000030
1305  0.439  -83.989  -6.084 0.2000000030
1306  0.297  -83.940  -5.534 0.2000000030
1313  -12.438  -83.631  -4.134 0.2000000030
1315  0.382  -83.879  -6.234 0.2000000030
1316  0.083  -83.799  -5.466 0.1000000015
1321  -5.185  -83.137  -5.553 0.8000000119
1322  -5.324  -83.518  -5.079 0.8000000119
1323  -10.498  -83.544  -5.454 0.3000000119
1324  -10.582  -83.440  -5.126 0.4000000060
1325  -13.302  -83.788  -5.415 0.2000000030
1326  -13.888  -83.906  -5.825 0.2000000030
1327  -14.243  -83.858  -6.113 0.2000000030
1328  0.391  -84.146  -6.887 0.2000000030
1335  -5.212  -83.926  -5.547 0.8999999762
1339  -14.480  -83.551  -6.520 0.3000000119
1340  -15.074  -83.738  -6.830 0.3000000119
1341  -15.389  -83.919  -6.984 0.4000000060
1343  -0.147  -83.464  -6.516 0.1000000015
1344  -0.380  -83.419  -6.591 0.1000000015
1347  -4.885  -83.634  -6.738 0.8000000119
1349  -14.818  -83.358  -6.884 0.3000000119
1350  -15.089  -83.267  -7.140 0.3000000119
1352  -15.738  -83.884  -7.399 0.4000000060
1354  -4.634  -83.601  -7.663 0.8000000119
1357  -9.854  -83.470  -7.734 0.6000000238
1358  -15.936  -83.340  -8.010 0.4000000060
1360  0.299  -83.394  -8.794 0.3000000119
1364  -9.695  -83.298  -8.398 0.6000000238
1365  -15.987  -83.148  -8.675 0.4000000060
1367  0.232  -83.255  -9.248 0.6000000238
1369  -4.140  -83.445  -8.651 1.0000000000
1370  -4.542  -83.052  -8.317 0.8999999762
1371  -8.902  -83.871  -9.347 0.6999999881
1372  -9.063  -83.671  -9.291 0.6999999881
1373  -15.949  -82.657  -9.829 0.4000000060
1375  -19.664  -83.044  -9.667 0.6999999881
1376  -20.328  -82.910  -9.504 0.6000000238
1377  -20.962  -82.772  -9.545 0.6000000238
1378  -21.466  -82.528  -9.825 0.5000000000
1379  -21.897  -82.236  -9.980 0.5000000000
1380  0.153  -83.060  -9.699 0.6000000238
1381  -1.575  -82.896  -9.979 0.8999999762
1383  -2.316  -83.318  -9.887 1.0000000000
1385  -3.181  -83.273  -9.658 1.0000000000
1387  -9.069  -83.284  -9.966 0.6999999881
1388  -15.893  -82.728  -10.277 0.4000000060
1389  -15.925  -83.079  -10.264 0.5000000000
1390  -18.555  -82.986  -10.362 0.6999999881
1391  -18.989  -83.052  -9.947 0.6999999881
1393  -22.115  -82.209  -10.200 0.5000000000
1394  -22.365  -82.133  -10.198 0.5000000000
1395  0.071  -82.690  -10.417 0.6000000238
1396  -0.040  -82.870  -10.649 0.6000000238
1397  -0.977  -82.825  -10.150 0.8999999762
1399  -8.052  -83.717  -11.146 0.6999999881
1401  -8.810  -83.371  -10.471 0.6999999881
1402  -11.200  -83.310  -11.105 0.8000000119
1403  -11.597  -83.186  -10.935 0.8000000119
1406  -15.897  -82.650  -10.745 0.4000000060
1410  -20.483  -82.566  -11.247 0.6999999881
1412  -21.343  -82.427  -10.605 0.6999999881
1413  -22.075  -82.215  -10.531 0.6000000238
1414  -22.421  -82.201  -10.388 0.5000000000
1415  0.036  -82.568  -10.942 0.6000000238
1416  0.119  -82.543  -11.133 0.8000000119
1417  -0.899  -82.652  -10.802 0.8999999762
1419  -1.481  -82.390  -11.693 0.8000000119
1420  -6.371  -83.939  -11.954 0.8000000119
1422  -7.753  -83.538  -11.498 0.8000000119
1425  -11.362  -83.066  -11.315 0.8000000119
1426  -13.434  -83.157  -11.104 0.8000000119
1427  -13.859  -83.113  -11.698 0.8000000119
1428  -15.894  -82.602  -11.182 0.4000000060
1431  -17.486  -82.923  -11.652 0.6000000238
1432  -20.113  -82.556  -11.688 0.6999999881
1433  0.037  -82.420  -11.927 0.8000000119
1434  -0.301  -82.615  -12.102 0.8999999762
1435  -1.299  -82.502  -11.754 0.8000000119
1442  -5.943  -83.529  -12.251 0.8000000119
1443  -6.418  -83.059  -12.244 0.8000000119
1444  -10.133  -83.331  -12.413 0.8000000119
1449  -19.495  -82.530  -12.545 0.6999999881
1451  -22.124  -83.138  -13.122 0.6000000238
1452  -22.570  -83.222  -12.867 0.6999999881
1453  -22.991  -83.095  -12.727 0.6999999881
1454  -0.137  -82.557  -12.269 0.8999999762
1455  -0.333  -82.875  -12.460 0.8000000119
1456  -0.551  -83.233  -12.614 0.8000000119
1457  -9.843  -83.382  -12.764 0.8000000119
1458  -10.229  -83.118  -12.713 0.8000000119
1460  -15.093  -83.368  -12.953 0.8000000119
1462  -18.810  -82.215  -13.664 0.6999999881
1463  -19.073  -82.573  -13.224 0.6999999881
1464  -19.519  -83.002  -12.623 0.6999999881
1465  -21.985  -83.236  -13.501 0.6000000238
1467  -23.124  -83.199  -13.417 0.6999999881
1468  -0.153  -82.956  -12.797 0.8000000119
1471  -1.824  -83.439  -13.974 0.6000000238
1473  -7.056  -83.253  -14.136 0.4000000060
1474  -7.270  -82.852  -14.098 0.3000000119
1475  -9.959  -83.122  -12.990 0.6999999881
1477  -10.917  -82.941  -13.339 0.6999999881
1478  -11.655  -83.043  -13.768 0.6999999881
1480  -15.723  -82.986  -13.734 0.8000000119
1482  -18.700  -82.328  -13.937 0.6999999881
1486  -22.645  -83.428  -14.259 0.6999999881
1489  -3.043  -83.530  -14.589 0.8000000119
1494  -7.058  -82.978  -14.170 0.4000000060
1495  -7.775  -82.799  -14.249 0.3000000119
1497  -9.000  -82.545  -14.663 0.1000000015
1499  -11.672  -83.358  -14.045 0.6999999881
1500  -12.236  -83.496  -14.300 0.6999999881
1503  -15.927  -82.645  -14.295 0.8000000119
1504  -16.217  -82.693  -14.645 0.6999999881
1505  -16.335  -82.787  -14.680 0.6999999881
1506  -18.428  -82.345  -14.546 0.6999999881
1508  -21.528  -83.141  -14.886 0.5000000000
1509  -22.151  -83.290  -14.863 0.5000000000
1511  -22.911  -83.073  -14.658 0.6000000238
1513  -8.307  -82.949  -14.532 0.3000000119
1518  -15.602  -82.386  -15.256 0.6999999881
1519  -16.172  -82.578  -15.154 0.6999999881
1520  -16.355  -82.735  -14.923 0.6999999881
1521  -18.069  -81.918  -15.777 0.6999999881
1524  -21.384  -82.741  -15.558 0.6000000238
1526  -22.429  -82.957  -15.478 0.5000000000
1527  -0.904  -81.918  -16.976 0.2000000030
1528  -1.041  -82.081  -17.013 0.2000000030
1529  -1.175  -82.048  -17.279 0.2000000030
1530  -8.910  -83.176  -14.878 0.2000000030
1531  -9.288  -82.899  -15.121 0.2000000030
1532  -9.958  -82.952  -15.488 0.2000000030
1535  -12.241  -83.171  -16.874 0.2000000030
1538  -16.050  -82.727  -15.604 0.6999999881
1540  -17.906  -82.204  -15.865 0.6999999881
1542  -22.125  -82.868  -15.918 0.5000000000
1544  -1.000  -81.884  -17.206 0.2000000030
1545  -0.899  -82.025  -17.533 0.2000000030
1546  -1.190  -82.084  -17.664 0.2000000030
1547  -12.791  -83.171  -17.005 0.1000000015
1548  -12.396  -83.416  -16.780 0.2000000030
1550  -17.681  -82.001  -16.404 0.5000000000
1551  -0.901  -81.592  -18.010 0.2000000030
1552  -0.948  -81.866  -17.958 0.2000000030
1553  -1.108  -81.966  -17.859 0.2000000030
1554  -3.769  -83.033  -18.643 0.3000000119
1555  -4.086  -83.174  -18.616 0.3000000119
1556  -4.813  -83.244  -18.550 0.2000000030
1559  -15.104  -83.654  -17.869 0.2000000030
1560  -17.211  -82.454  -17.942 0.4000000060
1562  -17.295  -82.570  -16.873 0.5000000000
1563  -3.379  -82.859  -19.034 0.5000000000
1566  -5.407  -83.688  -18.870 0.5000000000
1567  -6.302  -83.400  -18.652 0.2000000030
1568  -7.226  -83.376  -18.859 0.2000000030
1570  -8.298  -83.321  -19.428 0.2000000030
1574  -15.352  -83.571  -18.204 0.2000000030
1577  -16.922  -82.704  -18.036 0.4000000060
1578  -3.502  -82.826  -19.404 0.5000000000
1579  -4.126  -83.226  -19.869 0.5000000000
1580  -4.681  -83.760  -19.862 0.5000000000
1581  -8.600  -83.291  -19.739 0.3000000119
1583  -9.039  -83.760  -20.410 0.3000000119
1585  -16.069  -83.199  -19.503 0.1000000015
1588  -16.844  -82.708  -18.318 0.4000000060
1589  -4.354  -83.106  -20.393 0.5000000000
1592  -6.261  -83.557  -20.725 0.6000000238
1594  -9.065  -83.442  -20.378 0.3000000119
1595  -9.179  -83.435  -20.625 0.3000000119
1596  -9.399  -82.949  -20.792 0.3000000119
1598  -16.128  -83.127  -19.901 0.1000000015
1600  -6.846  -83.570  -21.090 0.6000000238
1601  -7.216  -83.572  -21.265 0.6000000238
1603  -9.201  -83.506  -21.130 0.3000000119
1607  -15.804  -83.053  -19.974 0.1000000015
1609  -8.316  -83.384  -21.562 0.6000000238
1611  -9.331  -83.177  -21.767 0.3000000119
1613  -15.676  -82.708  -20.313 0.1000000015
1615  -16.211  -82.606  -20.887 0.1000000015
1616  -9.202  -82.979  -22.205 0.6000000238
1617  -9.597  -82.899  -22.412 0.3000000119
1618  -10.021  -82.929  -22.626 0.3000000119
1620  -6.805  -82.013  8.588 0.6000000238
1621  -5.518  -82.406  7.908 0.6000000238
1622  -6.165  -82.550  8.174 0.6000000238
1623  -6.717  -82.285  8.249 0.6000000238
1624  -5.442  -82.520  7.224 0.6000000238
1626  -6.686  -82.550  7.660 0.6000000238
1627  -7.069  -82.263  7.622 0.6000000238
1629  -5.806  -82.902  6.851 0.6000000238
1631  -7.100  -82.394  7.173 0.6000000238
1632  -5.273  -82.588  5.667 0.6000000238
1633  -6.710  -82.951  6.301 0.6000000238
1635  -0.618  -82.113  4.441 0.6000000238
1637  -1.241  -82.135  4.822 0.6000000238
1640  0.002  -82.132  3.462 0.6000000238
1642  -0.826  -82.174  4.069 0.6000000238
1643  -1.412  -82.214  4.040 0.6000000238
1644  -5.169  -82.594  4.265 0.8000000119
1645  -7.823  -82.430  4.679 0.6000000238
1646  -8.036  -82.665  3.880 0.6999999881
1647  0.168  -82.103  3.064 0.5000000000
1648  -1.643  -82.366  2.927 0.6000000238
1649  -5.178  -82.614  3.677 0.8000000119
1653  -5.161  -82.975  2.200 0.8999999762
1656  0.798  -81.823  1.115 0.2000000030
1658  -1.828  -82.341  1.171 0.6000000238
1659  -1.653  -82.579  1.280 0.6000000238
1660  -5.117  -82.647  1.796 0.8999999762
1662  -8.081  -82.757  1.767 0.6999999881
1667  0.534  -82.277  0.754 0.2000000030
1668  0.545  -81.729  0.932 0.2000000030
1669  -1.639  -82.787  0.746 0.5000000000
1670  -1.645  -82.794  1.061 0.6000000238
1671  -4.966  -82.617  0.875 0.8999999762
1672  -7.767  -82.729  0.972 0.6999999881
1673  -7.919  -82.744  1.360 0.6999999881
1679  0.429  -82.599  0.051 0.2000000030
1683  -7.528  -82.664  0.396 0.8000000119
1690  0.383  -82.860  -0.312 0.3000000119
1691  0.393  -82.534  -0.566 0.1000000015
1692  -1.631  -82.687  -0.545 0.6999999881
1693  -4.624  -82.587  -0.676 0.8999999762
1694  -7.281  -82.586  -0.273 0.8000000119
1695  -12.025  -82.166  -0.982 0.2000000030
1696  -12.115  -82.305  -1.173 0.2000000030
1705  -1.992  -82.667  -1.803 0.8999999762
1706  -4.434  -82.569  -1.170 0.8999999762
1707  -6.760  -82.740  -1.595 0.8000000119
1709  -11.227  -82.718  -1.548 0.2000000030
1711  -12.249  -82.556  -1.627 0.2000000030
1712  -12.448  -82.265  -1.892 0.2000000030
1720  -1.886  -83.051  -1.985 0.6000000238
1722  -2.745  -82.593  -2.299 0.8999999762
1723  -3.338  -82.431  -2.288 0.8999999762
1726  -10.910  -82.734  -2.208 0.2000000030
1728  -12.480  -82.278  -2.143 0.2000000030
1737  -2.339  -83.155  -2.562 0.8999999762
1738  -2.581  -83.073  -2.596 0.8999999762
1740  -3.633  -82.903  -2.462 0.8999999762
1741  -6.300  -82.709  -2.403 0.8000000119
1743  -12.371  -82.763  -2.851 0.2000000030
1757  -10.737  -82.616  -3.558 0.4000000060
1758  -12.380  -83.037  -3.663 0.2000000030
1764  0.489  -83.534  -5.910 0.1000000015
1765  0.194  -83.797  -5.682 0.1000000015
1770  -5.405  -82.835  -4.708 0.8000000119
1771  -10.671  -82.703  -4.365 0.3000000119
1778  0.250  -83.737  -6.133 0.2000000030
1779  0.137  -83.710  -5.905 0.1000000015
1783  -5.181  -82.759  -5.534 0.8000000119
1785  -10.489  -83.291  -5.792 0.4000000060
1787  -13.217  -83.097  -5.482 0.2000000030
1788  -13.285  -82.741  -5.536 0.2000000030
1789  0.275  -83.643  -6.655 0.2000000030
1790  0.111  -83.604  -6.330 0.1000000015
1791  -0.355  -83.518  -6.451 0.1000000015
1796  -5.088  -82.874  -5.958 0.8000000119
1797  -10.361  -83.279  -6.230 0.4000000060
1799  -13.412  -83.343  -5.666 0.2000000030
1801  -14.070  -82.856  -6.393 0.2000000030
1802  0.273  -83.376  -7.216 0.2000000030
1803  -0.113  -83.125  -7.169 0.1000000015
1804  -0.453  -83.235  -6.914 0.1000000015
1809  -10.384  -82.946  -6.607 0.4000000060
1810  -10.569  -82.397  -6.591 0.4000000060
1812  -15.316  -82.823  -7.545 0.3000000119
1813  -15.726  -83.048  -7.869 0.4000000060
1814  0.346  -83.223  -7.786 0.3000000119
1823  -15.705  -82.598  -8.230 0.4000000060
1825  0.309  -82.954  -8.610 0.3000000119
1826  -0.596  -82.528  -8.080 0.1000000015
1827  -1.110  -82.514  -7.996 0.1000000015
1829  -9.685  -83.047  -8.846 0.6000000238
1831  -15.884  -82.430  -8.884 0.4000000060
1832  -15.944  -82.767  -8.601 0.4000000060
1833  0.308  -83.083  -9.493 0.5000000000
1834  -3.979  -82.614  -9.184 0.8999999762
1836  -4.558  -82.676  -8.390 0.8000000119
1840  -15.995  -82.771  -9.032 0.4000000060
1841  -18.895  -82.475  -9.696 0.6999999881
1843  -19.958  -82.564  -9.240 0.6000000238
1846  -22.054  -82.065  -9.819 0.5000000000
1847  -22.454  -81.878  -9.969 0.5000000000
1848  0.224  -82.732  -10.129 0.5000000000
1849  -1.896  -82.604  -9.818 0.8999999762
1851  -2.450  -82.847  -9.850 0.8999999762
1854  -9.367  -82.872  -10.011 0.6999999881
1855  -9.660  -82.636  -9.764 0.6000000238
1858  -18.939  -82.733  -9.730 0.6999999881
1860  -22.614  -82.012  -10.219 0.5000000000
1862  0.308  -82.393  -10.415 0.5000000000
1863  -1.397  -82.406  -10.270 0.8999999762
1864  -1.871  -81.953  -10.208 0.8000000119
1865  -8.711  -83.177  -10.885 0.6999999881
1868  -12.063  -82.828  -11.147 0.8000000119
1869  -12.773  -82.818  -11.075 0.8999999762
1870  -15.734  -82.264  -10.741 0.4000000060
1872  -18.402  -82.556  -10.495 0.6999999881
1874  -20.884  -82.022  -11.182 0.6999999881
1875  -21.451  -82.044  -10.947 0.6999999881
1877  -22.759  -82.182  -10.884 0.6000000238
1878  -23.496  -82.171  -11.082 0.6999999881
1879  0.226  -82.268  -11.058 0.5000000000
1880  0.106  -82.391  -11.418 0.8000000119
1881  -1.420  -82.114  -10.708 0.8000000119
1882  -1.680  -81.944  -11.336 0.8000000119
1883  -2.137  -82.059  -11.711 0.8000000119
1884  -6.886  -82.939  -12.214 0.8000000119
1886  -8.430  -82.793  -11.491 0.6999999881
1888  -11.254  -82.921  -11.695 0.8000000119
1889  -11.724  -82.721  -11.586 0.8000000119
1892  -13.658  -82.859  -11.833 0.8000000119
1894  -16.073  -82.362  -11.799 0.5000000000
1895  -16.842  -82.394  -12.071 0.6000000238
1896  -17.429  -82.580  -11.778 0.6000000238
1897  -20.485  -81.908  -11.499 0.6999999881
1898  -20.807  -81.759  -11.294 0.6999999881
1899  -22.376  -82.454  -12.139 0.6999999881
1902  -23.653  -82.294  -11.487 0.6999999881
1903  0.147  -81.986  -11.635 0.5000000000
1904  0.148  -82.223  -11.662 0.5000000000
1905  -1.751  -82.445  -11.836 0.8000000119
1907  -2.661  -82.773  -12.219 0.8000000119
1910  -5.245  -82.886  -12.538 0.6999999881
1912  -6.511  -82.558  -12.457 0.8000000119
1914  -7.727  -82.437  -12.141 0.6999999881
1915  -10.965  -82.976  -12.039 0.8000000119
1916  -11.497  -82.622  -12.209 0.8000000119
1919  -13.736  -82.678  -12.186 0.8000000119
1920  -14.325  -82.829  -12.579 0.8000000119
1922  -16.623  -81.892  -12.226 0.5000000000
1928  -23.666  -82.282  -11.893 0.6999999881
1929  0.043  -82.285  -12.106 0.6999999881
1931  -0.107  -82.162  -13.084 0.8000000119
1933  -11.829  -82.520  -12.975 0.8000000119
1936  -14.749  -82.689  -13.195 0.8000000119
1937  -15.290  -83.040  -13.340 0.8000000119
1939  -19.172  -81.960  -13.002 0.6999999881
1942  -0.162  -82.890  -13.038 0.8000000119
1943  -0.385  -82.629  -13.446 0.8000000119
1945  -2.152  -82.621  -14.185 0.6000000238
1947  -3.533  -82.650  -14.573 0.6000000238
1948  -11.355  -82.765  -13.132 0.8000000119
1951  -13.368  -82.526  -14.072 0.8000000119
1952  -13.793  -82.403  -14.210 0.8000000119
1953  -14.932  -82.356  -13.852 0.8000000119
1956  -21.348  -82.561  -14.356 0.6000000238
1957  -21.456  -82.684  -13.985 0.6000000238
1958  -23.333  -82.683  -13.996 0.6000000238
1959  -3.173  -83.125  -14.689 0.6000000238
1960  -3.535  -83.075  -14.686 0.6000000238
1961  -4.243  -83.075  -14.576 0.5000000000
1968  -9.930  -82.021  -14.599 0.1000000015
1969  -12.551  -83.165  -14.250 0.6999999881
1970  -13.119  -82.931  -14.363 0.8000000119
1972  -14.572  -82.208  -14.397 0.6999999881
1974  -15.909  -82.442  -14.695 0.6999999881
1975  -18.380  -81.678  -15.050 0.8000000119
1977  -21.254  -82.494  -14.833 0.6000000238
1978  -22.822  -82.890  -15.073 0.6000000238
1985  -15.587  -82.285  -14.852 0.6999999881
1986  -15.841  -82.360  -14.987 0.6999999881
1987  -18.258  -81.732  -15.406 0.8000000119
1988  -18.285  -81.986  -15.118 0.8000000119
1991  -23.433  -82.158  -15.594 0.6000000238
1992  -0.601  -81.431  -16.891 0.4000000060
1993  -0.883  -81.687  -16.808 0.2000000030
1994  -1.247  -81.788  -16.989 0.2000000030
1996  -10.290  -82.744  -15.406 0.2000000030
2000  -18.022  -81.691  -16.228 0.6000000238
2002  -21.982  -82.718  -16.494 0.5000000000
2003  -22.577  -82.673  -16.186 0.5000000000
2005  -0.704  -81.446  -17.220 0.5000000000
2006  -1.427  -82.058  -17.472 0.2000000030
2007  -12.665  -82.919  -16.672 0.1000000015
2013  -21.809  -82.447  -17.179 0.5000000000
2015  -23.020  -82.357  -16.842 0.6000000238
2016  -0.814  -81.455  -17.586 0.5000000000
2017  -0.972  -81.272  -18.189 0.5000000000
2018  -1.154  -81.752  -17.999 0.2000000030
2019  -2.389  -82.574  -18.071 0.2000000030
2020  -2.713  -82.547  -18.158 0.3000000119
2023  -5.120  -82.606  -18.353 0.2000000030
2024  -5.956  -82.638  -18.303 0.2000000030
2025  -6.627  -82.457  -18.241 0.2000000030
2026  -7.206  -82.422  -18.316 0.2000000030
2032  -17.287  -82.287  -18.060 0.4000000060
2034  -21.240  -81.914  -17.577 0.5000000000
2038  -2.349  -82.578  -18.364 0.2000000030
2039  -2.929  -82.521  -18.927 0.3000000119
2040  -3.354  -82.880  -18.797 0.3000000119
2041  -6.446  -82.873  -18.383 0.2000000030
2043  -7.629  -82.720  -18.721 0.1000000015
2044  -8.333  -82.715  -19.168 0.2000000030
2051  -17.338  -82.018  -18.603 0.4000000060
2052  -17.509  -81.732  -18.285 0.3000000119
2053  -22.171  -82.035  -18.193 0.5000000000
2054  -22.468  -82.088  -18.146 0.5000000000
2058  -6.605  -82.622  -20.477 0.6999999881
2059  -8.559  -83.013  -19.523 0.2000000030
2060  -8.974  -82.672  -19.764 0.2000000030
2061  -9.467  -82.304  -20.287 0.2000000030
2062  -9.711  -82.096  -20.566 0.2000000030
2065  -16.643  -82.720  -19.813 0.1000000015
2067  -4.010  -82.760  -20.539 0.5000000000
2068  -4.500  -82.867  -20.705 0.5000000000
2069  -5.115  -82.724  -20.576 0.6000000238
2070  -5.931  -83.029  -20.567 0.6000000238
2071  -6.702  -83.060  -20.769 0.6000000238
2073  -9.062  -83.206  -20.306 0.3000000119
2075  -9.700  -82.514  -20.809 0.2000000030
2076  -15.369  -82.577  -19.609 0.1000000015
2077  -16.535  -82.733  -20.263 0.1000000015
2079  -3.885  -82.355  -20.876 0.8000000119
2080  -4.173  -82.407  -20.993 0.8000000119
2082  -7.050  -83.263  -21.140 0.6999999881
2083  -7.467  -83.075  -21.258 0.6999999881
2084  -8.126  -82.933  -21.484 0.6000000238
2085  -10.062  -82.223  -21.839 0.3000000119
2088  -15.549  -82.077  -20.710 0.1000000015
2089  -16.561  -82.560  -20.719 0.1000000015
2092  -8.958  -82.875  -22.177 0.6000000238
2093  -10.080  -82.267  -21.958 0.3000000119
2094  -10.062  -82.316  -22.180 0.2000000030
2095  -15.704  -82.455  -20.691 0.1000000015
2098  -16.884  -82.148  -21.474 0.1000000015
2099  -8.898  -82.552  -22.207 0.6000000238
2101  -9.777  -82.583  -22.809 0.4000000060
2102  -10.081  -82.324  -22.656 0.2000000030
2105  -9.495  -82.204  -23.226 0.6999999881
2106  -9.733  -82.384  -23.216 0.4000000060
2108  -5.575  -81.187  9.547 0.6000000238
2109  -6.282  -81.147  9.464 0.6000000238
2110  -6.682  -80.980  9.317 0.6000000238
2112  -6.018  -81.758  9.171 0.6000000238
2113  -6.938  -81.512  8.966 0.6000000238
2114  -7.475  -81.273  8.592 0.6000000238
2116  -13.696  -81.877  8.917 0.4000000060
2118  -14.675  -81.659  8.846 0.4000000060
2119  -5.351  -81.723  8.118 0.6000000238
2120  -5.721  -82.125  8.563 0.6000000238
2122  -7.422  -81.584  8.388 0.6000000238
2123  -11.270  -81.863  7.609 0.6000000238
2125  -12.471  -82.053  8.229 0.6000000238
2126  -13.326  -81.969  8.267 0.4000000060
2127  -14.119  -81.756  8.396 0.4000000060
2128  -14.516  -81.684  8.644 0.4000000060
2130  -7.014  -82.201  7.919 0.6000000238
2132  -7.934  -81.710  7.307 0.6000000238
2133  -11.180  -81.925  7.328 0.6000000238
2134  -11.511  -82.120  7.347 0.6000000238
2135  -12.153  -82.250  7.417 0.6000000238
2138  -5.459  -81.946  6.910 0.6000000238
2141  -11.218  -81.891  6.978 0.6000000238
2142  -11.757  -82.042  6.818 0.6000000238
2143  -12.488  -81.856  6.761 0.6000000238
2144  -13.181  -81.563  7.070 0.6000000238
2145  -13.567  -81.231  7.329 0.5000000000
2146  -0.772  -81.709  5.570 0.6000000238
2148  -1.369  -81.846  5.708 0.6999999881
2149  -5.472  -81.944  6.147 0.6000000238
2150  -7.809  -82.011  6.080 0.6000000238
2154  -12.310  -81.309  6.340 0.6000000238
2155  -0.600  -81.858  5.095 0.6000000238
2156  -1.149  -82.082  5.250 0.6000000238
2159  -8.019  -81.918  5.205 0.6000000238
2167  0.359  -81.677  2.895 0.5000000000
2170  -8.277  -81.961  3.408 0.6000000238
2172  -1.824  -81.823  2.385 0.6000000238
2173  -5.160  -81.858  2.451 0.8000000119
2174  -8.283  -82.200  2.736 0.6999999881
2180  0.538  -81.516  1.549 0.2000000030
2182  -1.794  -82.025  1.585 0.6000000238
2183  -5.045  -82.275  1.400 0.8999999762
2184  -5.083  -81.945  1.785 0.8999999762
2185  -8.194  -82.119  2.128 0.6999999881
2196  -1.885  -82.046  0.811 0.6999999881
2197  -1.832  -81.801  1.070 0.8000000119
2199  -5.002  -81.396  1.488 0.8999999762
2201  -7.933  -82.132  1.369 0.6999999881
2210  0.406  -81.373  0.456 0.2000000030
2211  -1.747  -82.068  -0.036 0.8999999762
2213  -7.427  -81.973  0.214 0.8000000119
2214  -11.942  -81.446  -0.042 0.2000000030
2215  -12.378  -81.515  -0.205 0.2000000030
2216  -12.772  -81.505  -0.473 0.2000000030
2217  -14.331  -81.331  0.775 0.2000000030
2223  0.337  -81.765  -0.539 0.2000000030
2226  -7.118  -81.714  -0.818 0.8000000119
2229  -12.353  -81.905  -0.876 0.2000000030
2238  -1.798  -82.394  -0.975 0.8999999762
2240  -3.873  -81.785  -1.711 0.8999999762
2243  -7.139  -82.257  -0.738 0.8000000119
2245  -11.333  -82.118  -1.211 0.2000000030
2247  -12.536  -81.929  -1.461 0.2000000030
2253  0.115  -81.672  -1.692 0.1000000015
2254  -2.353  -82.209  -1.869 1.0000000000
2255  -2.901  -82.053  -2.012 0.8999999762
2256  -3.519  -81.879  -1.894 1.0000000000
2257  -3.932  -82.050  -1.778 0.8999999762
2258  -6.555  -82.112  -1.914 0.8000000119
2259  -10.896  -82.023  -2.060 0.3000000119
2260  -12.612  -81.876  -2.109 0.2000000030
2270  -10.783  -82.027  -2.893 0.3000000119
2272  -12.621  -81.911  -3.006 0.2000000030
2283  -6.039  -81.958  -3.230 0.8000000119
2285  -12.479  -82.391  -3.744 0.2000000030
2296  -12.475  -82.730  -4.085 0.2000000030
2308  -5.244  -82.341  -5.211 0.6999999881
2309  -10.680  -82.322  -4.996 0.3000000119
2310  -13.030  -82.611  -5.227 0.2000000030
2311  -13.317  -82.299  -5.548 0.2000000030
2320  -5.088  -82.335  -6.253 0.6999999881
2321  -10.651  -82.167  -5.769 0.4000000060
2322  -13.728  -82.165  -6.044 0.2000000030
2324  0.206  -83.058  -7.527 0.2000000030
2325  0.022  -82.896  -7.646 0.1000000015
2328  -5.043  -82.163  -6.936 0.6999999881
2329  -10.652  -81.634  -6.634 0.4000000060
2331  -14.976  -82.428  -7.432 0.3000000119
2332  0.134  -82.770  -8.117 0.1000000015
2333  0.037  -82.720  -7.862 0.1000000015
2334  -1.100  -82.301  -8.058 0.1000000015
2341  -10.581  -81.712  -7.508 0.5000000000
2342  -14.824  -81.774  -7.781 0.2000000030
2344  0.150  -82.368  -8.803 0.2000000030
2347  -1.190  -81.810  -8.463 0.1000000015
2350  -4.957  -82.067  -8.117 0.8000000119
2351  -10.377  -82.167  -8.256 0.5000000000
2352  -10.513  -81.673  -8.212 0.5000000000
2355  -0.323  -81.889  -8.935 0.2000000030
2356  -0.574  -81.858  -8.802 0.1000000015
2357  -0.856  -81.818  -8.674 0.1000000015
2359  -4.483  -81.955  -9.109 0.8000000119
2361  -10.241  -82.050  -8.971 0.6000000238
2363  -15.224  -81.683  -9.424 0.4000000060
2365  -19.045  -82.153  -9.542 0.6000000238
2367  -20.292  -81.930  -9.133 0.5000000000
2368  -21.088  -81.802  -9.220 0.5000000000
2370  -22.407  -81.680  -9.836 0.5000000000
2371  -22.681  -81.747  -10.067 0.5000000000
2374  -2.313  -82.098  -9.981 0.8999999762
2375  -3.038  -81.951  -9.766 0.8000000119
2376  -3.647  -81.926  -9.569 0.8000000119
2378  -9.547  -82.490  -10.235 0.6999999881
2380  -15.254  -81.566  -9.868 0.4000000060
2381  -15.516  -81.948  -10.230 0.4000000060
2383  -22.745  -81.529  -10.051 0.5000000000
2384  -23.105  -81.662  -10.333 0.6000000238
2385  -23.548  -82.109  -10.773 0.6000000238
2386  0.307  -82.172  -10.509 0.5000000000
2387  -1.923  -81.832  -10.530 0.8000000119
2388  -2.163  -81.543  -10.633 0.8000000119
2390  -9.872  -81.440  -10.374 0.6999999881
2391  -15.269  -81.465  -10.650 0.4000000060
2396  -21.939  -82.001  -11.288 0.5000000000
2397  -22.137  -82.096  -11.253 0.6999999881
2398  -23.517  -81.557  -10.743 0.6000000238
2399  -23.727  -81.821  -11.038 0.6000000238
2401  0.349  -81.466  -11.369 0.5000000000
2403  -2.406  -81.593  -11.445 0.8000000119
2404  -3.209  -81.534  -11.795 0.8000000119
2407  -8.957  -82.039  -11.330 0.6999999881
2408  -12.743  -82.305  -12.016 0.8000000119
2409  -13.012  -82.446  -11.905 0.8000000119
2410  -15.225  -81.206  -11.185 0.3000000119
2411  -15.521  -81.702  -11.419 0.4000000060
2412  -15.815  -82.035  -11.692 0.4000000060
2414  -17.632  -82.003  -11.735 0.6000000238
2418  -22.199  -82.151  -11.481 0.6999999881
2419  -23.839  -82.026  -11.487 0.6000000238
2420  0.276  -81.979  -11.418 0.5000000000
2422  0.120  -81.784  -12.239 0.6999999881
2429  -6.664  -81.934  -12.503 0.6999999881
2430  -7.340  -81.871  -12.354 0.8000000119
2432  -11.905  -82.400  -12.449 0.8000000119
2433  -12.369  -82.307  -12.288 0.8000000119
2434  -13.058  -82.306  -12.350 0.8000000119
2435  -13.558  -82.291  -12.693 0.8000000119
2437  -15.989  -81.749  -12.114 0.5000000000
2439  -19.457  -81.663  -12.578 0.6999999881
2440  -19.887  -81.369  -12.223 0.6999999881
2441  -21.827  -81.852  -12.378 0.6000000238
2442  -23.668  -82.074  -12.350 0.6000000238
2443  -23.858  -82.022  -12.165 0.6000000238
2445  0.008  -81.887  -12.622 0.6999999881
2446  -0.183  -81.725  -13.017 0.4000000060
2448  -1.162  -81.415  -13.403 0.4000000060
2449  -12.103  -82.334  -12.666 0.8000000119
2451  -13.099  -82.232  -13.003 0.8000000119
2453  -14.195  -82.294  -13.369 0.8000000119
2454  -18.859  -81.436  -13.529 0.6999999881
2456  -21.299  -81.768  -13.603 0.6000000238
2459  -0.369  -81.996  -13.365 0.4000000060
2465  -5.084  -81.605  -14.411 0.3000000119
2471  -12.683  -82.370  -13.303 0.8000000119
2473  -13.868  -82.230  -13.846 0.8000000119
2477  -21.260  -82.114  -14.180 0.6000000238
2480  -3.895  -82.664  -14.589 0.3000000119
2484  -6.976  -82.089  -14.153 0.3000000119
2487  -9.361  -81.855  -14.154 0.1000000015
2492  -14.251  -82.220  -14.088 0.8000000119
2493  -18.406  -81.382  -15.030 0.8000000119
2494  -18.471  -81.484  -14.576 0.6999999881
2506  -24.340  -81.304  -15.877 0.4000000060
2508  -0.520  -81.343  -16.572 0.4000000060
2509  -1.165  -81.379  -16.549 0.4000000060
2520  -24.587  -81.251  -16.128 0.2000000030
2521  -0.270  -80.914  -16.760 0.4000000060
2523  -2.270  -81.464  -17.240 0.1000000015
2532  -24.183  -81.385  -16.695 0.2000000030
2533  -24.505  -81.202  -16.447 0.2000000030
2534  -0.634  -81.118  -17.555 0.5000000000
2535  -0.964  -81.029  -18.136 0.5000000000
2536  -1.414  -81.797  -18.195 0.5000000000
2539  -3.880  -81.971  -18.129 0.1000000015
2540  -4.688  -81.951  -18.193 0.1000000015
2544  -7.795  -81.971  -18.358 0.1000000015
2551  -21.490  -81.712  -18.199 0.5000000000
2552  -22.706  -81.994  -17.989 0.5000000000
2555  -2.073  -81.949  -18.730 0.6000000238
2556  -2.567  -82.013  -19.144 0.6000000238
2562  -17.396  -81.785  -18.880 0.3000000119
2564  -21.417  -81.295  -18.395 0.5000000000
2569  -2.865  -81.877  -19.683 0.5000000000
2570  -3.360  -82.146  -20.067 0.5000000000
2571  -5.463  -81.850  -20.077 0.6000000238
2572  -5.814  -82.054  -20.049 0.6999999881
2573  -6.690  -82.130  -20.174 0.8000000119
2575  -9.101  -82.042  -19.589 0.1000000015
2577  -9.619  -81.683  -20.297 0.1000000015
2582  -21.711  -81.119  -19.162 0.5000000000
2583  -22.300  -81.490  -19.202 0.4000000060
2585  -23.187  -81.014  -18.931 0.4000000060
2586  -3.133  -81.694  -20.557 0.6000000238
2587  -3.636  -82.256  -20.570 0.5000000000
2588  -5.285  -81.972  -20.390 0.6000000238
2590  -6.861  -82.577  -20.555 0.6999999881
2591  -7.484  -82.407  -20.775 0.6999999881
2598  -21.876  -80.950  -19.766 0.5000000000
2600  -22.604  -81.156  -19.636 0.4000000060
2603  -4.320  -81.991  -21.368 0.6000000238
2604  -4.825  -81.854  -21.184 0.8000000119
2605  -7.790  -82.776  -21.239 0.6999999881
2606  -8.184  -82.505  -21.394 0.6999999881
2607  -10.166  -82.038  -21.912 0.3000000119
2609  -15.278  -82.083  -20.504 0.1000000015
2613  -21.870  -80.937  -20.073 0.5000000000
2614  -21.996  -80.973  -19.951 0.6000000238
2615  -3.790  -81.693  -21.913 0.8000000119
2616  -4.135  -81.785  -22.017 0.8000000119
2617  -4.480  -81.712  -21.743 0.8000000119
2618  -8.685  -82.251  -21.933 0.6000000238
2620  -10.182  -82.027  -22.167 0.2000000030
2624  -17.027  -81.792  -21.908 0.1000000015
2625  -17.376  -81.581  -21.644 0.1000000015
2626  -3.807  -81.580  -22.232 0.8000000119
2628  -8.936  -82.126  -22.285 0.6000000238
2629  -9.132  -81.832  -22.635 0.6000000238
2630  -10.546  -81.858  -22.915 0.2000000030
2635  -9.707  -81.986  -23.527 0.4000000060
2637  -9.564  -81.601  -23.784 0.4000000060
2639  -10.543  -81.458  -24.135 0.4000000060
2640  -10.837  -81.159  -24.343 0.4000000060
2641  -10.303  -81.300  -24.569 0.4000000060
2643  -11.115  -81.022  -24.554 0.4000000060
2644  -14.472  -81.155  10.592 0.4000000060
2645  -14.975  -81.049  10.874 0.4000000060
2647  -5.391  -80.485  9.675 0.6000000238
2648  -5.923  -80.600  9.746 0.6000000238
2649  -6.493  -80.544  9.526 0.6000000238
2650  -13.754  -81.209  9.997 0.4000000060
2652  -14.908  -81.303  10.154 0.4000000060
2653  -15.441  -81.080  10.352 0.4000000060
2659  -14.036  -81.653  9.480 0.4000000060
2660  -14.766  -81.539  9.351 0.4000000060
2662  -5.351  -80.926  8.351 0.6000000238
2667  -11.210  -81.475  8.084 0.5000000000
2669  -12.419  -81.603  8.809 0.5000000000
2670  -14.228  -81.392  8.011 0.4000000060
2674  -5.793  -80.934  6.898 0.6000000238
2676  -8.440  -81.384  7.458 0.6000000238
2677  -9.227  -81.285  7.421 0.6000000238
2681  -14.363  -80.957  7.994 0.5000000000
2682  -0.821  -81.040  6.218 0.6000000238
2683  -1.034  -81.090  6.319 0.6000000238
2687  -8.798  -81.329  6.786 0.6000000238
2688  -9.495  -81.285  6.804 0.6000000238
2689  -10.195  -81.351  6.743 0.6000000238
2690  -10.858  -81.497  6.606 0.6000000238
2692  -13.301  -80.923  6.950 0.6000000238
2693  -13.691  -80.745  7.353 0.5000000000
2694  -0.726  -81.321  5.850 0.6000000238
2695  -1.203  -81.496  6.050 0.6000000238
2698  -5.984  -80.613  5.765 0.6000000238
2702  -11.202  -81.106  6.030 0.6000000238
2703  -11.891  -80.962  6.027 0.6000000238
2704  -12.401  -80.738  6.250 0.6000000238
2707  -5.790  -81.010  5.223 0.6000000238
2708  -5.941  -80.394  5.195 0.8000000119
2709  -9.067  -81.007  5.536 0.6000000238
2712  -11.071  -80.580  5.731 0.6000000238
2713  0.232  -81.433  3.875 0.5000000000
2714  0.088  -81.427  4.390 0.5000000000
2715  -2.165  -81.149  4.790 0.8999999762
2719  -9.250  -80.528  5.044 0.6000000238
2720  0.324  -81.220  3.408 0.3000000119
2724  -5.700  -80.777  4.275 0.8000000119
2731  0.453  -81.159  2.562 0.3000000119
2733  -5.250  -81.116  2.762 0.8000000119
2743  0.431  -80.982  1.918 0.4000000060
2756  -1.856  -81.336  0.926 0.8000000119
2757  -4.831  -81.115  0.981 0.8999999762
2759  -7.653  -81.635  0.815 0.6999999881
2760  -7.858  -81.361  1.265 0.6999999881
2761  -12.648  -80.806  0.934 0.2000000030
2763  -13.673  -81.214  0.746 0.2000000030
2767  -1.848  -81.535  0.057 0.8999999762
2770  -11.866  -81.080  0.069 0.2000000030
2773  -13.913  -81.055  0.083 0.2000000030
2777  0.163  -81.037  -0.178 0.1000000015
2778  -1.876  -81.562  -0.516 1.0000000000
2780  -3.834  -81.000  -1.032 0.8999999762
2783  -7.258  -81.370  -0.279 0.8000000119
2784  -11.622  -81.270  -0.429 0.2000000030
2785  -13.279  -81.182  -0.621 0.2000000030
2786  -13.855  -80.798  -0.688 0.2000000030
2787  -14.508  -80.865  -0.301 0.2000000030
2795  -1.902  -81.938  -0.951 0.8999999762
2796  -2.293  -81.408  -1.248 1.0000000000
2797  -3.051  -81.182  -1.486 1.0000000000
2798  -3.704  -81.397  -1.511 1.0000000000
2799  -4.174  -81.435  -1.080 0.8999999762
2800  -6.873  -81.324  -1.394 0.8000000119
2801  -11.064  -81.624  -1.501 0.2000000030
2816  -2.928  -81.577  -1.758 1.0000000000
2820  -12.899  -81.336  -2.337 0.2000000030
2843  -5.964  -81.211  -3.803 0.8000000119
2844  -6.110  -81.321  -3.222 0.8000000119
2845  -10.731  -81.347  -3.570 0.3000000119
2846  -13.002  -81.150  -3.615 0.2000000030
2853  -5.767  -81.285  -4.356 0.8000000119
2854  -10.706  -81.451  -4.343 0.3000000119
2856  -13.319  -80.775  -4.278 0.2000000030
2864  -5.180  -81.899  -5.770 0.6999999881
2882  -14.211  -81.631  -6.822 0.2000000030
2886  -5.377  -81.076  -7.285 0.6999999881
2887  -10.768  -80.866  -6.482 0.3000000119
2888  -14.122  -81.322  -6.708 0.2000000030
2893  -5.289  -81.397  -7.580 0.6999999881
2898  0.239  -82.218  -8.991 0.2000000030
2899  0.058  -82.109  -8.951 0.2000000030
2900  -1.245  -81.440  -8.807 0.1000000015
2901  -1.555  -81.395  -8.633 0.1000000015
2905  -5.538  -80.989  -8.398 0.8000000119
2907  -14.925  -81.213  -8.554 0.4000000060
2908  -15.115  -81.837  -8.488 0.4000000060
2909  0.164  -81.992  -9.286 0.3000000119
2911  -0.431  -81.521  -9.288 0.2000000030
2913  -1.324  -81.138  -9.122 0.1000000015
2915  -4.814  -81.494  -9.257 0.6999999881
2916  -5.148  -81.424  -8.844 0.6999999881
2919  -10.513  -81.316  -8.907 0.5000000000
2921  -15.186  -81.742  -9.011 0.4000000060
2922  -19.063  -81.458  -9.635 0.5000000000
2923  -19.821  -81.363  -9.286 0.6000000238
2925  -21.427  -81.062  -9.547 0.5000000000
2926  -22.220  -81.293  -9.783 0.5000000000
2928  0.307  -81.934  -9.957 0.5000000000
2930  -0.787  -81.166  -9.558 0.2000000030
2931  -1.065  -81.118  -9.377 0.1000000015
2934  -3.880  -81.108  -9.893 0.6999999881
2935  -4.506  -81.267  -9.564 0.6999999881
2938  -10.406  -81.164  -9.464 0.5000000000
2940  -18.514  -80.998  -10.385 0.5000000000
2941  -18.520  -81.424  -10.252 0.5000000000
2943  -22.033  -80.798  -9.965 0.4000000060
2944  -22.760  -81.090  -10.244 0.4000000060
2946  0.427  -81.814  -10.481 0.5000000000
2947  0.139  -81.160  -10.861 0.5000000000
2948  -2.476  -81.340  -10.809 0.8000000119
2949  -2.851  -81.171  -10.665 0.8000000119
2951  -9.593  -81.053  -10.788 0.5000000000
2953  -15.069  -80.862  -10.918 0.3000000119
2955  -18.279  -81.554  -10.660 0.5000000000
2956  -23.006  -80.795  -10.693 0.5000000000
2957  -23.433  -81.126  -10.946 0.5000000000
2958  -23.667  -81.382  -10.857 0.6000000238
2959  0.279  -81.308  -11.115 0.5000000000
2960  0.190  -81.102  -11.093 0.5000000000
2962  -0.315  -80.908  -11.785 0.5000000000
2965  -3.581  -81.064  -11.548 0.6999999881
2970  -15.318  -81.005  -11.551 0.3000000119
2972  -17.782  -81.069  -11.574 0.5000000000
2974  -21.117  -81.261  -12.032 0.6000000238
2975  -21.616  -81.520  -11.986 0.6000000238
2976  -23.740  -81.243  -11.437 0.6000000238
2978  0.215  -81.327  -11.571 0.5000000000
2980  -0.707  -80.918  -12.239 0.3000000119
2981  -1.356  -80.775  -12.525 0.3000000119
2982  -1.716  -80.669  -12.647 0.2000000030
2983  -3.921  -81.335  -11.958 0.8000000119
2984  -4.519  -81.315  -12.199 0.6999999881
2986  -6.109  -81.370  -12.448 0.6999999881
2988  -7.526  -81.223  -12.201 0.6999999881
2989  -8.110  -81.207  -11.937 0.6999999881
2990  -15.624  -81.168  -11.972 0.3000000119
2991  -16.270  -80.912  -12.334 0.5000000000
2992  -16.774  -80.957  -12.356 0.5000000000
2994  -20.300  -80.905  -12.334 0.6000000238
2995  -21.028  -80.961  -12.603 0.6999999881
2998  -23.880  -81.658  -11.705 0.6000000238
2999  -0.087  -81.559  -12.675 0.4000000060
3000  -0.394  -81.353  -12.736 0.4000000060
3002  -1.732  -80.945  -13.109 0.3000000119
3005  -18.895  -80.939  -13.511 0.6999999881
3006  -19.187  -80.929  -13.029 0.6999999881
3008  -21.399  -81.355  -12.815 0.6000000238
3010  -23.312  -81.163  -13.333 0.5000000000
3012  -2.492  -81.295  -13.776 0.3000000119
3014  -4.109  -81.261  -14.098 0.3000000119
3015  -4.954  -81.137  -14.200 0.2000000030
3025  -18.468  -80.846  -14.499 0.6000000238
3026  -18.591  -80.893  -14.150 0.6999999881
3028  -23.105  -80.819  -13.801 0.5000000000
3030  1.188  -80.868  -14.931 0.4000000060
3031  0.945  -80.441  -15.138 0.4000000060
3032  0.434  -80.387  -15.261 0.4000000060
3033  -0.151  -80.430  -15.279 0.2000000030
3034  -0.554  -80.329  -15.363 0.2000000030
3035  -5.428  -81.480  -14.336 0.2000000030
3037  -6.614  -81.718  -14.158 0.2000000030
3043  -18.411  -80.839  -14.866 0.6999999881
3050  1.255  -80.765  -15.272 0.4000000060
3051  0.926  -80.588  -15.573 0.4000000060
3052  -0.064  -80.780  -15.993 0.4000000060
3053  -0.508  -80.629  -15.703 0.2000000030
3060  -18.339  -80.851  -15.586 0.6999999881
3063  -24.051  -81.122  -15.554 0.3000000119
3065  -25.408  -80.780  -15.582 0.2000000030
3066  1.600  -80.777  -15.527 0.4000000060
3067  1.227  -80.671  -15.768 0.4000000060
3068  -0.143  -80.805  -16.548 0.4000000060
3069  -0.396  -81.082  -16.131 0.4000000060
3076  -20.683  -80.867  -16.312 0.5000000000
3077  -24.900  -80.972  -16.385 0.2000000030
3078  -25.242  -80.868  -16.070 0.2000000030
3079  -0.177  -80.650  -17.001 0.4000000060
3080  -0.270  -80.436  -17.267 0.5000000000
3081  -2.480  -80.972  -17.219 0.1000000015
3082  -2.906  -81.147  -17.552 0.1000000015
3086  -18.275  -80.823  -17.127 0.4000000060
3089  -24.147  -81.026  -17.310 0.4000000060
3091  -0.390  -80.755  -17.288 0.4000000060
3092  -0.576  -80.615  -17.713 0.5000000000
3094  -3.170  -81.285  -17.784 0.1000000015
3095  -3.568  -81.325  -17.962 0.1000000015
3097  -5.067  -81.237  -17.951 0.1000000015
3106  -21.101  -80.793  -17.843 0.5000000000
3108  -24.075  -80.721  -17.732 0.2000000030
3109  -1.534  -81.100  -18.843 0.5000000000
3110  -2.048  -81.364  -19.221 0.6000000238
3117  -23.462  -80.905  -18.548 0.4000000060
3118  -1.878  -80.937  -19.424 0.6999999881
3119  -2.336  -81.164  -19.884 0.8000000119
3120  -2.781  -81.478  -20.132 0.8000000119
3121  -5.416  -81.391  -19.903 0.8000000119
3123  -6.936  -81.250  -19.854 0.8999999762
3124  -7.411  -81.130  -20.035 0.8999999762
3125  -9.164  -81.614  -19.462 0.1000000015
3130  -21.441  -80.524  -19.020 0.5000000000
3134  -2.705  -81.243  -20.450 0.8000000119
3137  -8.131  -81.614  -20.858 0.6999999881
3140  -18.041  -81.071  -20.717 0.2000000030
3143  -22.672  -80.845  -20.214 0.6000000238
3145  -2.518  -80.777  -20.922 0.8000000119
3146  -2.794  -81.066  -21.074 0.6000000238
3147  -3.227  -81.404  -21.473 0.6000000238
3148  -4.852  -81.117  -21.407 0.8999999762
3149  -8.507  -81.838  -21.414 0.6999999881
3151  -10.581  -81.100  -21.597 0.2000000030
3154  -21.846  -80.673  -19.978 0.5000000000
3155  -22.106  -80.574  -20.409 0.6000000238
3156  -22.460  -80.588  -20.746 0.6000000238
3157  -23.016  -80.412  -20.861 0.6000000238
3158  -2.987  -81.020  -21.796 0.6000000238
3159  -3.479  -81.412  -21.985 0.8000000119
3160  -4.441  -81.592  -22.104 0.8000000119
3162  -8.844  -81.760  -21.882 0.6000000238
3163  -9.092  -81.340  -22.187 0.6999999881
3164  -10.619  -81.352  -22.031 0.2000000030
3168  -17.681  -81.218  -21.899 0.1000000015
3170  -3.641  -81.233  -22.696 0.8000000119
3171  -4.370  -81.420  -22.604 0.8000000119
3172  -4.900  -80.967  -22.643 0.8999999762
3175  -10.948  -80.886  -23.051 0.1000000015
3178  -17.275  -81.269  -22.489 0.1000000015
3180  -4.043  -81.045  -23.322 0.8999999762
3182  -4.938  -80.703  -23.049 0.8999999762
3183  -9.473  -81.206  -23.627 0.5000000000
3184  -10.793  -81.331  -23.502 0.2000000030
3185  -11.075  -80.737  -23.485 0.2000000030
3189  -9.720  -81.186  -24.048 0.5000000000
3190  -9.979  -81.044  -24.530 0.5000000000
3191  -10.823  -81.230  -24.055 0.2000000030
3193  -10.395  -80.884  -25.095 0.3000000119
3194  -10.897  -80.745  -25.095 0.4000000060
3195  -11.165  -80.707  -24.742 0.1000000015
3197  -10.694  -80.713  -25.348 0.3000000119
3198  -7.886  -79.997  16.868 0.1000000015
3200  -6.030  -80.061  15.924 0.1000000015
3202  -7.237  -80.131  16.306 0.1000000015
3203  -7.746  -80.155  16.355 0.1000000015
3204  -8.227  -80.032  16.418 0.1000000015
3206  -6.513  -80.264  15.539 0.1000000015
3207  -7.094  -80.255  15.725 0.1000000015
3209  -8.076  -80.114  15.864 0.1000000015
3210  -5.970  -80.051  14.907 0.1000000015
3212  -6.988  -80.238  15.122 0.2000000030
3213  -7.553  -80.214  15.338 0.1000000015
3215  -14.219  -80.096  12.842 0.3000000119
3217  -14.795  -80.229  12.871 0.3000000119
3218  -14.209  -80.147  12.602 0.3000000119
3219  -14.539  -80.356  12.493 0.3000000119
3222  -14.678  -80.513  11.952 0.3000000119
3223  -15.285  -80.436  11.886 0.3000000119
3224  -15.744  -80.326  11.608 0.3000000119
3225  -13.852  -80.416  10.991 0.3000000119
3226  -14.152  -80.662  11.254 0.3000000119
3228  -15.449  -80.671  11.194 0.4000000060
3229  -16.032  -80.385  11.120 0.3000000119
3230  -5.381  -80.013  9.696 0.6000000238
3232  -6.208  -79.945  9.781 0.6000000238
3233  -13.710  -80.574  10.560 0.4000000060
3235  -15.774  -80.737  10.640 0.4000000060
3236  -16.310  -80.430  10.447 0.4000000060
3239  -7.467  -80.007  8.963 0.6000000238
3244  -5.263  -80.020  8.639 0.6000000238
3245  -8.085  -80.205  8.587 0.6000000238
3247  -9.535  -80.415  8.245 0.6000000238
3249  -10.960  -80.741  8.389 0.5000000000
3250  -11.613  -80.906  8.557 0.5000000000
3251  -12.230  -80.917  8.862 0.5000000000
3252  -15.205  -80.256  8.398 0.4000000060
3253  -15.774  -80.508  9.108 0.4000000060
3255  -1.071  -80.101  7.080 0.6999999881
3256  -1.549  -80.281  7.236 0.6999999881
3257  -1.920  -80.244  7.169 0.8000000119
3259  -5.923  -80.309  7.067 0.6000000238
3260  -14.138  -80.404  7.722 0.5000000000
3263  -1.265  -80.652  6.686 0.6999999881
3264  -1.869  -80.652  6.664 0.8000000119
3265  -6.136  -80.096  6.252 0.6000000238
3267  -13.428  -80.331  7.128 0.6000000238
3269  -0.324  -80.697  5.751 0.6000000238
3272  -11.430  -80.503  5.817 0.6000000238
3274  -12.383  -80.262  6.289 0.6000000238
3276  -2.347  -80.605  5.382 0.8999999762
3277  -6.004  -79.937  5.118 0.6999999881
3278  -9.634  -80.216  4.974 0.6000000238
3281  -11.446  -79.945  5.723 0.6000000238
3282  0.024  -80.824  4.683 0.6000000238
3284  -5.886  -80.135  4.785 0.8000000119
3285  -8.681  -80.507  4.140 0.6000000238
3287  -9.696  -79.775  4.706 0.6000000238
3292  0.337  -80.915  3.414 0.3000000119
3294  -2.298  -80.048  3.851 0.8999999762
3295  -5.526  -80.346  3.608 0.8000000119
3297  -8.721  -80.180  3.750 0.6000000238
3306  0.073  -80.184  2.905 0.2000000030
3318  -0.120  -79.806  2.092 0.2000000030
3330  0.098  -80.648  0.967 0.2000000030
3331  -0.125  -80.096  1.292 0.2000000030
3333  -1.878  -80.686  0.932 0.8999999762
3334  -4.682  -80.209  1.147 0.8999999762
3335  -4.943  -80.429  1.562 0.8999999762
3336  -7.628  -80.768  0.798 0.6999999881
3342  0.028  -80.679  0.294 0.1000000015
3344  -1.906  -81.155  -0.137 0.8999999762
3345  -1.927  -80.760  0.179 0.8999999762
3347  -4.180  -79.997  0.360 0.8999999762
3349  -11.942  -80.782  0.259 0.2000000030
3350  -12.187  -80.534  0.447 0.2000000030
3353  -0.049  -80.601  -0.181 0.1000000015
3354  -0.132  -80.350  0.047 0.1000000015
3355  -1.957  -81.161  -0.462 1.0000000000
3356  -2.109  -80.764  -0.506 1.0000000000
3357  -2.612  -80.411  -0.756 1.0000000000
3358  -3.460  -80.374  -0.698 0.8999999762
3359  -4.079  -80.381  -0.156 0.8999999762
3360  -7.039  -80.957  -1.030 0.8000000119
3361  -7.130  -80.612  -0.624 0.6999999881
3362  -11.666  -80.763  -0.183 0.2000000030
3363  -13.950  -80.665  -0.945 0.2000000030
3365  -14.918  -80.597  -0.652 0.1000000015
3366  -15.563  -80.709  -0.575 0.1000000015
3371  -2.861  -80.809  -1.107 1.0000000000
3374  -7.023  -80.139  -1.298 0.6999999881
3376  -11.345  -80.773  -1.105 0.2000000030
3377  -13.391  -80.805  -1.686 0.2000000030
3378  -13.752  -80.597  -1.333 0.2000000030
3392  -6.779  -80.524  -1.874 0.8000000119
3394  -11.032  -80.687  -2.133 0.3000000119
3395  -11.276  -80.003  -1.881 0.3000000119
3397  -14.169  -80.001  -2.011 0.2000000030
3398  -14.646  -79.873  -1.672 0.2000000030
3414  -6.766  -80.048  -2.309 0.8000000119
3415  -10.944  -80.298  -2.924 0.3000000119
3417  -13.269  -80.698  -3.109 0.2000000030
3428  -10.805  -80.725  -3.423 0.3000000119
3429  -13.228  -80.741  -3.522 0.2000000030
3430  -13.471  -80.427  -3.604 0.2000000030
3436  -5.863  -80.800  -4.380 0.8000000119
3437  -6.094  -80.385  -4.305 0.6999999881
3439  -13.735  -80.176  -4.127 0.2000000030
3440  -13.964  -79.928  -4.383 0.2000000030
3448  -6.125  -80.148  -5.081 0.6999999881
3464  -5.346  -81.065  -6.238 0.6999999881
3468  -14.010  -80.385  -5.923 0.2000000030
3476  -5.364  -81.015  -6.702 0.6999999881
3477  -5.716  -80.529  -7.176 0.6999999881
3484  -10.887  -80.241  -7.709 0.3000000119
3492  0.052  -81.648  -9.533 0.4000000060
3493  -0.118  -81.485  -9.573 0.2000000030
3494  -0.275  -81.351  -9.634 0.2000000030
3495  -1.546  -80.832  -9.262 0.1000000015
3499  -5.606  -80.700  -9.199 0.8000000119
3500  -10.695  -80.630  -8.806 0.5000000000
3502  -19.104  -81.030  -9.770 0.5000000000
3504  -20.150  -80.718  -9.467 0.4000000060
3506  0.173  -81.679  -9.800 0.4000000060
3508  -0.254  -81.201  -10.036 0.4000000060
3509  -0.630  -80.946  -10.097 0.2000000030
3512  -4.064  -80.819  -10.065 0.8000000119
3514  -4.919  -80.707  -9.936 0.8000000119
3516  -10.162  -80.533  -10.154 0.5000000000
3517  -10.523  -80.565  -9.542 0.5000000000
3518  -14.848  -80.283  -10.049 0.4000000060
3521  -19.274  -80.302  -9.883 0.5000000000
3522  -20.490  -80.376  -9.647 0.4000000060
3523  -21.048  -80.352  -9.818 0.4000000060
3526  0.232  -81.517  -10.253 0.5000000000
3527  -0.087  -80.887  -10.560 0.5000000000
3528  -0.334  -80.916  -10.641 0.5000000000
3531  -1.749  -80.084  -10.567 0.2000000030
3532  -4.010  -80.660  -10.361 0.8000000119
3536  -6.552  -79.937  -11.102 0.6000000238
3538  -9.720  -80.282  -10.590 0.5000000000
3540  -18.135  -80.417  -11.004 0.5000000000
3543  -23.467  -80.879  -11.257 0.5000000000
3545  -0.331  -80.777  -11.253 0.5000000000
3547  -1.411  -80.295  -11.457 0.1000000015
3550  -4.815  -80.592  -11.627 0.6999999881
3554  -7.977  -80.228  -11.581 0.6999999881
3555  -8.619  -80.543  -11.535 0.6999999881
3556  -8.994  -80.600  -11.337 0.6000000238
3561  -23.003  -80.231  -11.943 0.5000000000
3564  -1.141  -80.593  -12.041 0.3000000119
3565  -1.882  -80.387  -12.251 0.2000000030
3568  -5.538  -80.855  -12.169 0.6999999881
3570  -7.000  -80.615  -12.030 0.6000000238
3572  -8.209  -80.724  -11.787 0.6999999881
3574  -15.658  -80.299  -12.187 0.3000000119
3576  -16.882  -80.507  -12.296 0.4000000060
3577  -19.613  -80.616  -12.755 0.6999999881
3579  -20.490  -80.539  -12.785 0.6000000238
3581  -23.276  -80.645  -12.397 0.5000000000
3582  -1.908  -80.601  -12.708 0.2000000030
3583  -2.347  -80.470  -12.808 0.2000000030
3584  -3.071  -80.547  -13.373 0.2000000030
3596  -19.004  -80.465  -13.498 0.6999999881
3598  -20.150  -80.134  -13.218 0.6000000238
3602  1.191  -79.999  -14.811 0.2000000030
3603  0.975  -80.068  -14.985 0.2000000030
3605  -4.451  -80.660  -13.761 0.1000000015
3625  -27.126  -79.893  -14.182 0.2000000030
3626  1.214  -80.354  -14.938 0.2000000030
3627  0.831  -80.099  -14.787 0.2000000030
3628  0.127  -79.944  -14.936 0.2000000030
3629  -0.477  -79.872  -15.233 0.2000000030
3630  -0.773  -79.950  -15.301 0.2000000030
3636  -20.384  -79.758  -14.578 0.5000000000
3641  -25.248  -80.346  -14.961 0.1000000015
3642  -25.849  -80.594  -15.092 0.2000000030
3644  -27.098  -80.046  -14.750 0.2000000030
3645  1.363  -80.762  -14.981 0.4000000060
3646  1.097  -80.038  -15.692 0.4000000060
3647  0.479  -80.475  -16.250 0.4000000060
3649  -0.978  -79.895  -15.703 0.2000000030
3654  -18.260  -80.248  -15.688 0.5000000000
3659  1.626  -80.507  -15.301 0.4000000060
3660  1.655  -80.207  -15.650 0.4000000060
3670  -26.293  -80.043  -16.378 0.2000000030
3671  0.092  -80.170  -16.932 0.4000000060
3687  -26.450  -79.746  -16.825 0.2000000030
3688  -0.771  -80.002  -18.017 0.5000000000
3689  -1.160  -80.271  -18.567 0.5000000000
3691  -3.913  -80.738  -18.036 0.1000000015
3705  -25.070  -79.868  -17.745 0.2000000030
3706  -1.399  -80.292  -19.002 0.5000000000
3707  -6.348  -79.918  -19.260 0.8999999762
3709  -7.414  -79.939  -19.450 0.8999999762
3719  -24.788  -79.851  -18.112 0.2000000030
3720  -1.623  -80.453  -19.393 0.5000000000
3722  -5.189  -80.403  -20.020 0.8999999762
3723  -5.860  -80.563  -19.515 0.8999999762
3725  -7.369  -80.494  -19.703 0.8999999762
3735  -2.070  -80.463  -20.343 0.6999999881
3737  -7.747  -80.811  -20.096 0.8999999762
3738  -8.263  -80.705  -20.470 0.6999999881
3740  -10.511  -80.560  -20.525 0.1000000015
3745  -21.687  -80.257  -19.678 0.5000000000
3746  -23.667  -80.059  -20.090 0.3000000119
3748  -2.327  -80.429  -21.070 0.8000000119
3750  -4.957  -80.513  -21.136 0.8999999762
3751  -8.596  -81.113  -21.128 0.6999999881
3752  -9.072  -80.679  -21.520 0.6999999881
3762  -2.281  -80.103  -21.874 0.8000000119
3763  -2.726  -80.553  -22.206 0.8000000119
3766  -9.763  -80.098  -22.554 0.6999999881
3772  -22.407  -79.935  -21.891 0.6000000238
3774  -23.423  -79.804  -21.853 0.5000000000
3775  -2.431  -80.138  -22.509 0.8000000119
3776  -2.939  -80.477  -23.043 0.8000000119
3778  -5.148  -80.350  -22.867 1.0000000000
3779  -9.534  -80.734  -23.277 0.5000000000
3781  -10.916  -80.768  -22.678 0.1000000015
3785  -22.487  -79.685  -22.339 0.6000000238
3787  -23.151  -79.914  -22.104 0.5000000000
3788  -3.011  -80.114  -23.636 0.8000000119
3789  -3.621  -80.354  -23.832 0.8999999762
3790  -4.424  -80.632  -23.716 1.0000000000
3791  -4.932  -80.430  -23.498 1.0000000000
3792  -9.620  -80.826  -23.801 0.5000000000
3793  -9.796  -80.378  -23.727 0.5000000000
3798  -3.912  -80.037  -24.355 1.0000000000
3800  -4.731  -80.345  -23.956 1.0000000000
3802  -9.764  -80.698  -24.239 0.5000000000
3803  -11.390  -80.308  -24.547 0.1000000015
3808  -11.020  -80.556  -25.336 0.1000000015
3811  -17.296  -79.849  -24.649 0.1000000015
3813  -10.301  -80.390  -25.548 0.3000000119
3814  -10.862  -80.440  -25.660 0.3000000119
3816  -10.454  -80.195  -26.024 0.3000000119
3817  -10.725  -79.975  -26.133 0.5000000000
3819  -7.872  -79.334  18.317 0.1000000015
3821  -7.704  -79.213  18.029 0.1000000015
3822  -8.002  -79.573  17.880 0.1000000015
3823  -8.658  -79.523  17.839 0.1000000015
3827  -8.253  -79.778  17.254 0.1000000015
3831  -3.729  -79.361  16.354 0.1000000015
3832  -4.504  -79.459  16.248 0.1000000015
3833  -5.425  -79.579  16.182 0.1000000015
3835  -7.040  -79.522  16.685 0.1000000015
3836  -7.423  -79.960  16.779 0.1000000015
3839  -9.936  -79.230  16.482 0.2000000030
3840  -3.219  -79.359  15.956 0.2000000030
3843  -5.480  -80.063  15.591 0.1000000015
3846  -9.956  -79.113  16.039 0.2000000030
3847  -14.742  -79.408  15.164 0.2000000030
3848  -15.426  -79.264  15.237 0.2000000030
3849  -15.765  -79.068  15.212 0.2000000030
3851  -4.558  -79.650  15.039 0.2000000030
3852  -5.393  -79.810  14.836 0.1000000015
3853  -6.187  -79.826  14.641 0.2000000030
3854  -6.834  -79.930  14.611 0.2000000030
3855  -7.505  -80.026  14.749 0.2000000030
3859  -15.209  -79.545  14.610 0.4000000060
3861  -16.224  -79.008  14.660 0.2000000030
3863  -5.936  -79.420  14.380 0.3000000119
3864  -6.607  -79.452  14.253 0.3000000119
3868  -14.309  -79.652  13.687 0.4000000060
3869  -14.942  -79.769  13.878 0.3000000119
3871  -16.296  -79.146  14.230 0.3000000119
3872  -16.673  -79.034  14.061 0.3000000119
3873  -14.141  -79.875  12.987 0.3000000119
3874  -14.646  -80.025  13.279 0.3000000119
3875  -15.340  -79.997  13.137 0.3000000119
3878  -13.769  -79.493  12.229 0.4000000060
3880  -15.466  -80.175  12.429 0.3000000119
3881  -15.918  -79.835  12.562 0.3000000119
3884  -13.760  -79.585  11.890 0.3000000119
3885  -13.935  -80.112  11.681 0.3000000119
3888  -16.981  -79.644  11.661 0.4000000060
3889  -17.639  -79.390  11.501 0.2000000030
3891  -13.927  -80.263  11.359 0.3000000119
3895  -0.749  -79.307  9.925 0.8999999762
3898  -5.872  -79.317  9.904 0.6000000238
3899  -6.437  -79.202  9.722 0.6000000238
3900  -13.331  -79.872  10.224 0.4000000060
3901  -16.861  -80.030  10.295 0.3000000119
3902  -17.394  -79.614  10.137 0.3000000119
3903  -17.954  -79.156  9.952 0.3000000119
3904  -0.132  -79.103  9.390 0.8000000119
3906  -1.092  -79.373  9.134 0.8999999762
3908  -6.883  -79.021  9.398 0.6000000238
3910  -11.834  -79.506  8.803 0.5000000000
3911  -12.265  -80.000  9.020 0.5000000000
3914  -17.323  -79.317  9.419 0.3000000119
3915  -17.769  -79.023  9.484 0.3000000119
3916  -0.189  -79.102  9.017 0.8000000119
3919  -5.409  -79.092  8.437 0.6000000238
3920  -5.708  -78.909  8.045 0.6000000238
3923  -9.390  -79.660  8.300 0.6000000238
3925  -10.808  -79.992  8.436 0.5000000000
3927  -11.920  -80.497  8.745 0.5000000000
3928  -15.271  -79.518  8.260 0.5000000000
3930  -16.561  -79.634  9.127 0.3000000119
3935  -5.514  -79.707  8.176 0.6000000238
3937  -14.259  -79.637  7.780 0.5000000000
3939  -0.622  -79.834  6.818 0.6000000238
3940  -2.182  -79.927  6.947 0.8000000119
3942  -6.468  -78.917  6.455 0.6000000238
3944  -13.270  -79.721  7.043 0.5000000000
3945  -13.740  -79.833  7.431 0.5000000000
3948  -6.334  -79.418  5.907 0.6000000238
3949  -6.461  -79.060  6.220 0.6000000238
3950  -11.723  -79.483  5.901 0.5000000000
3952  -0.214  -80.198  5.473 0.6000000238
3953  -2.443  -79.769  5.181 0.8999999762
3954  -6.181  -79.543  5.338 0.6999999881
3956  -10.534  -79.449  5.182 0.5000000000
3958  -0.173  -80.123  4.695 0.6000000238
3961  -9.325  -79.501  4.271 0.6000000238
3962  -9.741  -79.212  4.549 0.5000000000
3969  -2.270  -79.383  3.581 1.0000000000
3970  -5.537  -79.808  3.475 0.8000000119
3972  -8.687  -79.492  3.417 0.5000000000
3973  -9.032  -79.211  3.830 0.5000000000
3994  -4.591  -79.070  1.681 0.8999999762
4010  -4.415  -79.376  1.239 0.8999999762
4011  -7.646  -80.162  0.756 0.6000000238
4012  -7.860  -80.001  1.265 0.6000000238
4013  -12.614  -79.931  0.673 0.2000000030
4022  -2.789  -79.549  0.212 1.0000000000
4023  -3.555  -79.409  0.415 0.8999999762
4024  -4.207  -79.562  0.768 0.8999999762
4025  -7.405  -80.034  0.211 0.6000000238
4028  -12.289  -80.001  0.254 0.2000000030
4029  -12.765  -79.591  0.464 0.2000000030
4034  -0.263  -79.818  -0.046 0.1000000015
4035  -2.356  -80.258  -0.386 1.0000000000
4037  -3.260  -79.775  -0.163 1.0000000000
4040  -12.149  -79.553  -0.440 0.2000000030
4043  -0.254  -79.811  -0.848 0.1000000015
4044  -0.391  -79.307  -0.479 0.1000000015
4045  -6.978  -79.449  -1.387 0.6999999881
4047  -12.124  -79.189  -0.964 0.2000000030
4049  -15.509  -79.860  -1.324 0.2000000030
4059  -6.922  -79.259  -1.951 0.6999999881
4062  -14.899  -79.541  -2.019 0.2000000030
4063  -15.697  -79.440  -1.670 0.2000000030
4065  -17.139  -79.344  -1.761 0.1000000015
4083  -6.867  -79.419  -2.655 0.6999999881
4085  -11.251  -79.551  -2.742 0.3000000119
4086  -14.298  -79.662  -2.675 0.2000000030
4087  -14.739  -79.233  -2.810 0.2000000030
4096  -10.870  -80.148  -3.721 0.4000000060
4098  -13.966  -79.862  -3.543 0.2000000030
4106  -6.550  -79.715  -4.537 0.6999999881
4108  -10.814  -80.279  -4.428 0.4000000060
4109  -10.936  -79.680  -4.349 0.4000000060
4117  -6.472  -79.704  -5.310 0.6999999881
4121  -14.253  -79.417  -5.066 0.2000000030
4134  -6.096  -80.071  -6.226 0.6999999881
4136  -10.957  -79.609  -5.609 0.3000000119
4138  -14.120  -79.796  -5.529 0.2000000030
4151  -6.707  -79.387  -6.948 0.6999999881
4152  -11.031  -79.464  -6.373 0.3000000119
4153  -11.232  -78.777  -6.365 0.3000000119
4154  -14.403  -79.306  -6.780 0.2000000030
4175  -7.244  -79.145  -9.612 0.6000000238
4176  -10.465  -79.376  -9.463 0.5000000000
4180  -20.179  -80.294  -9.671 0.4000000060
4182  -2.638  -79.650  -10.233 0.1000000015
4185  -6.728  -79.611  -10.040 0.6000000238
4186  -7.133  -79.316  -9.913 0.6000000238
4187  -9.518  -79.472  -10.392 0.5000000000
4188  -10.045  -79.727  -10.069 0.5000000000
4190  -14.745  -79.820  -10.268 0.3000000119
4191  -18.474  -80.179  -10.476 0.5000000000
4193  -19.491  -79.752  -9.983 0.4000000060
4195  -21.019  -79.701  -10.329 0.3000000119
4196  -21.518  -79.844  -10.628 0.3000000119
4197  -1.679  -80.124  -10.798 0.2000000030
4198  -1.880  -79.975  -10.845 0.1000000015
4200  -6.401  -79.893  -10.753 0.6000000238
4202  -7.367  -79.421  -10.575 0.6000000238
4203  -8.097  -79.425  -10.870 0.6000000238
4207  -18.206  -79.784  -10.849 0.5000000000
4210  -22.260  -79.939  -11.239 0.4000000060
4212  -1.969  -80.009  -11.330 0.1000000015
4215  -7.244  -79.693  -11.022 0.6000000238
4218  -8.903  -80.197  -11.256 0.6000000238
4219  -14.982  -79.429  -11.459 0.3000000119
4220  -15.240  -79.239  -11.789 0.3000000119
4221  -17.425  -79.683  -11.731 0.4000000060
4223  -21.997  -79.535  -11.738 0.4000000060
4225  -2.204  -80.106  -11.804 0.1000000015
4229  -5.120  -79.074  -12.390 0.1000000015
4235  -15.167  -79.664  -11.822 0.3000000119
4236  -15.577  -79.431  -12.082 0.3000000119
4238  -16.979  -79.718  -12.123 0.4000000060
4240  -22.462  -79.684  -12.384 0.4000000060
4256  -19.102  -80.058  -13.638 0.6999999881
4257  -19.649  -79.879  -13.506 0.6000000238
4260  -27.279  -78.980  -13.640 0.1000000015
4261  -27.922  -79.160  -13.453 0.2000000030
4269  -18.315  -79.977  -14.658 0.6000000238
4270  -18.702  -79.769  -14.222 0.5000000000
4272  -19.890  -79.618  -13.942 0.6000000238
4273  -22.789  -79.759  -13.998 0.3000000119
4276  -26.746  -79.401  -14.057 0.1000000015
4278  -28.182  -79.404  -13.956 0.2000000030
4280  1.497  -80.185  -14.705 0.2000000030
4281  0.550  -79.759  -15.160 0.2000000030
4289  -20.082  -79.444  -14.531 0.5000000000
4298  -28.883  -79.022  -14.602 0.2000000030
4299  1.685  -80.080  -14.844 0.2000000030
4300  1.373  -79.888  -15.309 0.2000000030
4301  0.514  -79.798  -15.724 0.2000000030
4302  -0.532  -79.203  -15.416 0.2000000030
4306  -18.222  -79.815  -15.468 0.6000000238
4307  -20.212  -79.263  -15.072 0.4000000060
4309  -26.974  -79.925  -15.662 0.2000000030
4312  1.728  -80.049  -15.379 0.4000000060
4313  1.578  -79.958  -15.578 0.4000000060
4314  0.285  -79.409  -16.430 0.4000000060
4323  -28.188  -79.125  -16.033 0.2000000030
4324  -0.060  -79.350  -17.119 0.5000000000
4325  -0.494  -79.288  -17.669 0.5000000000
4345  -27.981  -79.163  -16.485 0.2000000030
4346  -0.879  -79.291  -18.078 0.5000000000
4348  -3.677  -80.346  -17.947 0.1000000015
4360  -21.239  -79.366  -17.722 0.5000000000
4362  -25.818  -79.451  -17.929 0.2000000030
4365  -1.334  -79.659  -18.863 0.5000000000
4366  -1.605  -79.458  -19.305 0.5000000000
4367  -6.256  -79.380  -19.173 0.8999999762
4368  -6.758  -79.359  -19.072 0.8999999762
4369  -7.475  -79.435  -19.194 0.8999999762
4376  -18.698  -79.271  -18.954 0.4000000060
4378  -21.731  -79.041  -19.158 0.5000000000
4379  -24.812  -79.560  -18.743 0.2000000030
4381  -25.955  -79.045  -18.474 0.2000000030
4384  -1.809  -79.796  -19.874 0.6999999881
4386  -5.694  -79.531  -19.538 0.8999999762
4387  -7.812  -79.880  -19.606 0.8000000119
4389  -9.046  -79.388  -20.128 0.8999999762
4393  -18.628  -79.751  -19.562 0.4000000060
4395  -21.723  -79.547  -19.488 0.6000000238
4396  -21.781  -78.908  -19.636 0.5000000000
4400  -2.011  -79.837  -20.679 0.6999999881
4401  -5.104  -79.913  -20.627 0.8999999762
4402  -8.704  -80.189  -20.502 0.6999999881
4403  -9.206  -79.792  -20.756 0.8999999762
4404  -9.632  -79.327  -20.914 0.8000000119
4414  -24.976  -78.882  -19.650 0.2000000030
4416  -5.207  -79.768  -21.512 0.8999999762
4417  -9.505  -80.131  -21.691 0.6999999881
4424  -21.836  -79.919  -20.658 0.5000000000
4427  -24.217  -79.192  -21.207 0.5000000000
4428  -2.060  -79.595  -21.872 0.8000000119
4430  -5.561  -79.262  -22.756 1.0000000000
4431  -9.598  -80.205  -22.057 0.6000000238
4432  -9.761  -79.927  -22.107 0.6999999881
4440  -24.057  -79.196  -21.725 0.5000000000
4441  -2.075  -79.605  -22.407 0.8000000119
4442  -2.372  -79.887  -22.930 0.8000000119
4443  -5.334  -79.886  -22.961 1.0000000000
4444  -5.520  -79.481  -23.119 1.0000000000
4449  -18.435  -79.943  -22.680 0.1000000015
4452  -22.657  -79.573  -22.712 0.6999999881
4453  -23.323  -79.545  -22.535 0.6999999881
4454  -2.173  -79.445  -23.015 0.8000000119
4456  -3.083  -79.825  -23.965 0.8999999762
4458  -5.502  -79.545  -23.698 1.0000000000
4460  -10.318  -79.436  -24.001 0.6000000238
4465  -18.514  -79.415  -23.486 0.1000000015
4466  -22.372  -79.216  -23.125 0.6999999881
4468  -23.482  -79.017  -23.077 0.6999999881
4469  -2.896  -79.365  -24.096 0.8999999762
4471  -4.254  -79.816  -24.622 1.0000000000
4472  -5.056  -79.853  -24.257 1.0000000000
4473  -5.589  -79.316  -24.134 1.0000000000
4476  -11.663  -79.688  -24.161 0.1000000015
4479  -18.269  -79.582  -24.057 0.1000000015
4481  -4.067  -79.362  -24.921 1.0000000000
4482  -4.637  -79.442  -24.943 1.0000000000
4483  -5.078  -79.410  -24.864 1.0000000000
4485  -10.127  -79.502  -25.058 0.5000000000
4487  -11.868  -79.199  -24.572 0.1000000015
4489  -17.465  -79.436  -24.987 0.1000000015
4491  -10.133  -79.958  -25.957 0.5000000000
4492  -11.086  -79.873  -26.065 0.4000000060
4493  -11.446  -79.616  -25.936 0.4000000060
4495  -10.822  -79.509  -26.417 0.5000000000
4496  -11.231  -79.466  -26.385 0.4000000060
4499  -9.420  -78.171  20.682 0.1000000015
4502  -9.631  -78.349  20.215 0.1000000015
4503  -10.506  -78.215  20.048 0.1000000015
4504  -10.940  -78.134  20.015 0.1000000015
4511  -12.263  -78.236  19.391 0.2000000030
4512  -7.828  -78.915  18.410 0.1000000015
4513  -8.122  -79.218  18.731 0.1000000015
4516  -10.571  -78.659  18.993 0.2000000030
4517  -11.309  -78.610  18.893 0.2000000030
4521  -2.222  -78.194  18.087 0.3000000119
4522  -2.420  -78.415  17.984 0.3000000119
4527  -11.551  -78.759  18.117 0.2000000030
4528  -12.410  -78.738  18.005 0.2000000030
4529  -13.171  -78.756  17.864 0.2000000030
4530  -13.854  -78.731  17.804 0.2000000030
4532  -2.113  -78.341  17.743 0.2000000030
4533  -2.489  -78.696  17.506 0.3000000119
4534  -3.046  -78.653  17.356 0.2000000030
4543  -14.182  -78.826  17.163 0.2000000030
4544  -14.887  -78.660  17.222 0.2000000030
4545  -15.433  -78.484  16.969 0.2000000030
4548  -3.394  -79.044  16.893 0.1000000015
4549  -4.137  -78.738  16.732 0.1000000015
4555  -11.160  -78.748  16.568 0.2000000030
4557  -12.914  -78.701  16.231 0.2000000030
4560  -15.288  -78.822  16.476 0.2000000030
4561  -15.791  -78.440  16.425 0.2000000030
4562  -15.960  -78.187  16.218 0.2000000030
4564  -3.397  -79.228  15.396 0.1000000015
4565  -9.876  -78.917  15.367 0.2000000030
4566  -10.346  -78.821  15.876 0.2000000030
4568  -12.214  -78.407  15.679 0.2000000030
4571  -14.279  -79.154  15.750 0.2000000030
4574  -16.166  -78.380  15.856 0.2000000030
4576  -3.684  -78.895  14.844 0.2000000030
4577  -4.402  -79.250  14.712 0.2000000030
4579  -9.463  -78.993  14.922 0.2000000030
4582  -12.881  -78.388  14.740 0.3000000119
4585  -15.978  -78.952  15.155 0.2000000030
4586  -16.450  -78.670  14.937 0.3000000119
4587  -16.995  -78.429  14.630 0.3000000119
4589  -4.312  -78.726  14.420 0.2000000030
4591  -5.662  -78.987  14.208 0.3000000119
4597  -13.501  -78.807  13.822 0.4000000060
4598  -13.933  -79.176  14.131 0.4000000060
4602  -7.274  -78.524  13.576 0.3000000119
4605  -9.058  -78.576  13.632 0.3000000119
4606  -13.388  -78.738  13.243 0.4000000060
4608  -17.292  -78.973  13.314 0.3000000119
4610  -18.486  -78.689  12.647 0.2000000030
4613  -17.477  -79.072  12.670 0.2000000030
4614  -18.004  -78.997  12.200 0.2000000030
4615  -18.793  -78.750  12.014 0.2000000030
4616  -19.311  -78.661  11.595 0.3000000119
4617  0.655  -78.120  11.568 0.8999999762
4618  0.433  -78.354  11.446 0.8999999762
4619  0.104  -78.576  11.259 0.8999999762
4620  -13.485  -79.072  11.516 0.4000000060
4624  0.780  -78.144  11.233 0.6999999881
4625  0.452  -78.519  10.981 0.6999999881
4626  0.053  -78.786  10.849 0.6999999881
4628  -18.453  -79.056  10.632 0.2000000030
4629  -19.006  -78.772  10.589 0.3000000119
4630  -19.516  -78.583  10.618 0.3000000119
4634  -0.974  -78.934  9.941 0.8999999762
4635  -4.885  -78.069  9.739 0.5000000000
4637  -5.544  -78.610  10.029 0.6000000238
4638  -6.108  -78.534  9.919 0.6000000238
4639  -12.555  -78.602  9.500 0.4000000060
4642  -19.193  -78.524  10.057 0.3000000119
4643  -19.594  -78.443  10.242 0.3000000119
4645  0.242  -78.809  9.497 0.6999999881
4646  -0.176  -79.087  9.637 0.8000000119
4647  -1.277  -78.952  9.478 0.8999999762
4648  -4.899  -78.137  9.484 0.6000000238
4652  -11.715  -78.975  8.758 0.4000000060
4653  -12.289  -79.001  9.141 0.4000000060
4655  -17.618  -78.897  9.243 0.3000000119
4656  -18.148  -78.687  9.427 0.3000000119
4660  -1.553  -78.984  8.874 0.8000000119
4661  -5.295  -78.394  8.544 0.6000000238
4663  -7.800  -78.413  8.739 0.6000000238
4664  -8.504  -78.665  8.400 0.6000000238
4667  -10.685  -79.225  8.387 0.5000000000
4669  -15.325  -79.089  8.219 0.4000000060
4670  -15.699  -79.091  8.352 0.3000000119
4672  -17.136  -78.877  8.927 0.3000000119
4674  0.026  -78.620  8.189 0.5000000000
4675  -0.294  -78.955  7.970 0.5000000000
4678  -5.913  -78.611  7.762 0.6000000238
4679  -13.604  -78.408  7.427 0.5000000000
4682  -15.555  -78.744  8.124 0.4000000060
4683  -15.955  -78.747  8.238 0.4000000060
4684  -0.403  -79.262  7.201 0.5000000000
4685  -2.362  -79.244  6.571 0.8999999762
4687  -6.426  -78.625  6.747 0.6000000238
4688  -12.554  -78.897  6.640 0.5000000000
4689  -13.222  -78.905  7.125 0.5000000000
4690  -13.535  -79.361  7.286 0.5000000000
4694  -6.553  -78.586  6.102 0.6000000238
4695  -11.451  -78.751  5.790 0.5000000000
4700  -6.585  -78.322  5.666 0.6000000238
4702  -10.631  -78.812  5.206 0.5000000000
4706  -6.061  -78.702  4.482 0.8000000119
4708  -9.760  -78.666  4.450 0.5000000000
4714  -2.297  -78.763  3.396 1.0000000000
4715  -5.525  -79.020  3.287 0.8000000119
4716  -5.730  -78.502  3.826 0.8000000119
4717  -8.838  -79.011  3.500 0.5000000000
4718  -9.054  -78.623  3.639 0.5000000000
4727  -2.349  -78.504  2.923 1.0000000000
4728  -5.121  -78.739  2.624 0.8999999762
4729  -8.657  -78.720  3.066 0.5000000000
4730  -8.897  -78.282  3.286 0.5000000000
4737  -0.448  -78.513  2.024 0.2000000030
4739  -2.739  -78.255  1.983 0.8999999762
4741  -4.723  -78.694  2.075 0.8999999762
4742  -8.396  -78.839  2.320 0.5000000000
4752  -0.455  -78.747  1.473 0.2000000030
4753  -2.327  -79.047  1.357 1.0000000000
4756  -4.177  -78.812  1.395 0.8999999762
4770  -3.382  -78.868  0.961 0.8999999762
4771  -7.315  -79.153  -0.174 0.5000000000
4775  -13.770  -78.748  0.436 0.2000000030
4779  -0.489  -79.055  0.147 0.1000000015
4782  -13.327  -78.522  -0.199 0.2000000030
4787  -7.034  -78.813  -1.612 0.6999999881
4788  -11.894  -79.115  -1.407 0.3000000119
4794  -11.903  -78.779  -1.804 0.3000000119
4797  -15.859  -78.999  -2.015 0.2000000030
4798  -16.560  -78.753  -2.021 0.2000000030
4800  -17.795  -78.867  -2.473 0.2000000030
4821  -12.109  -78.067  -2.452 0.3000000119
4822  -15.289  -78.923  -2.532 0.2000000030
4824  -16.452  -78.388  -2.321 0.2000000030
4826  -18.091  -78.889  -2.915 0.2000000030
4838  -11.430  -78.803  -3.435 0.3000000119
4840  -15.440  -78.384  -2.986 0.2000000030
4847  -6.824  -79.328  -5.039 0.6999999881
4857  -6.766  -79.349  -5.598 0.6999999881
4859  -11.281  -78.574  -5.047 0.3000000119
4873  -7.400  -78.598  -6.306 0.6999999881
4874  -11.355  -78.377  -5.828 0.3000000119
4876  -19.075  -78.629  -5.530 0.1000000015
4889  -11.388  -78.267  -6.428 0.3000000119
4890  -14.617  -78.681  -6.772 0.2000000030
4897  -7.248  -78.825  -7.508 0.6000000238
4898  -7.729  -78.363  -7.464 0.6000000238
4899  -11.125  -78.590  -7.651 0.3000000119
4900  -11.265  -78.493  -7.015 0.3000000119
4908  -8.323  -78.236  -8.538 0.5000000000
4909  -10.978  -78.905  -8.175 0.4000000060
4914  -7.027  -79.172  -8.805 0.6000000238
4926  -8.302  -78.811  -9.927 0.6000000238
4927  -9.235  -78.953  -10.044 0.6000000238
4928  -9.950  -78.978  -9.690 0.5000000000
4929  -14.713  -79.010  -10.205 0.3000000119
4934  -20.901  -79.280  -10.670 0.3000000119
4935  -2.788  -79.551  -10.905 0.1000000015
4936  -3.263  -79.361  -10.869 0.1000000015
4937  -3.788  -79.037  -10.736 0.1000000015
4939  -7.821  -79.206  -10.531 0.6000000238
4941  -8.725  -79.025  -10.378 0.6000000238
4942  -14.881  -78.901  -11.015 0.3000000119
4943  -17.788  -78.575  -11.177 0.4000000060
4944  -18.107  -79.073  -10.958 0.4000000060
4947  -20.986  -78.953  -11.138 0.3000000119
4948  -21.456  -79.223  -11.560 0.4000000060
4950  -3.598  -79.265  -11.466 0.1000000015
4955  -15.490  -78.876  -11.862 0.4000000060
4960  -4.151  -79.172  -11.881 0.1000000015
4962  -5.353  -78.735  -11.953 0.1000000015
4963  -6.057  -78.574  -12.067 0.1000000015
4964  -6.771  -78.646  -12.369 0.1000000015
4966  -8.283  -78.885  -12.451 0.1000000015
4974  -16.044  -78.954  -12.202 0.4000000060
4975  -16.674  -78.861  -12.144 0.3000000119
4976  -21.799  -78.979  -12.492 0.1000000015
4977  -22.061  -79.245  -12.655 0.1000000015
4992  -29.158  -78.477  -13.368 0.2000000030
4995  -19.124  -79.277  -14.295 0.6000000238
4996  -19.418  -79.295  -14.259 0.6000000238
4999  -25.572  -79.018  -14.543 0.1000000015
5000  -26.163  -78.890  -14.254 0.1000000015
5002  -28.638  -79.087  -13.770 0.2000000030
5004  -29.772  -78.396  -14.172 0.2000000030
5005  1.689  -79.880  -14.739 0.2000000030
5006  0.203  -78.956  -15.513 0.2000000030
5007  -0.274  -78.622  -15.406 0.1000000015
5010  -18.316  -79.368  -15.169 0.6000000238
5011  -18.792  -79.140  -14.770 0.5000000000
5013  -19.973  -79.118  -14.900 0.5000000000
5019  -29.282  -78.741  -14.927 0.2000000030
5021  1.756  -79.977  -15.047 0.2000000030
5022  1.666  -79.750  -15.076 0.2000000030
5023  0.400  -78.966  -15.922 0.3000000119
5028  -18.275  -79.359  -15.696 0.5000000000
5030  -19.196  -78.563  -15.136 0.6000000238
5032  -20.393  -78.826  -15.805 0.6000000238
5033  -28.644  -78.924  -15.720 0.2000000030
5046  -18.587  -78.653  -16.405 0.4000000060
5050  -29.118  -78.494  -16.142 0.1000000015
5051  0.163  -78.617  -16.795 0.3000000119
5066  -18.455  -79.199  -16.679 0.4000000060
5069  -28.160  -78.673  -17.106 0.2000000030
5070  -28.298  -78.895  -16.628 0.2000000030
5072  -1.192  -78.974  -18.488 0.5000000000
5076  -18.573  -79.182  -17.268 0.4000000060
5081  -1.567  -79.023  -18.947 0.5000000000
5083  -2.354  -78.600  -19.591 0.5000000000
5084  -6.337  -78.714  -19.136 0.8999999762
5088  -9.120  -78.621  -19.496 0.8999999762
5094  -21.754  -78.576  -19.313 0.4000000060
5096  -26.569  -78.418  -18.260 0.2000000030
5097  -2.039  -79.172  -20.034 0.6999999881
5098  -2.320  -78.809  -19.943 0.5000000000
5099  -5.382  -79.230  -20.284 0.8999999762
5101  -8.895  -79.221  -19.839 0.8999999762
5102  -9.257  -78.886  -19.865 0.8999999762
5103  -9.642  -78.670  -20.065 0.8000000119
5108  -21.788  -78.517  -19.627 0.6000000238
5112  -2.193  -78.973  -20.462 0.6999999881
5114  -5.620  -78.637  -20.866 0.8999999762
5115  -9.275  -79.269  -20.292 0.8000000119
5120  -18.921  -78.492  -20.438 0.4000000060
5122  -24.562  -78.471  -20.583 0.2000000030
5124  -2.044  -79.256  -20.962 0.6999999881
5125  -2.264  -78.739  -21.037 0.6999999881
5126  -5.399  -79.097  -21.399 0.8999999762
5127  -5.711  -78.676  -21.698 0.8999999762
5128  -9.946  -78.903  -21.088 0.8000000119
5129  -10.293  -78.563  -21.536 0.8000000119
5134  -18.898  -78.777  -21.030 0.3000000119
5137  -2.047  -78.989  -21.794 0.6999999881
5139  -5.415  -79.207  -21.933 1.0000000000
5148  -24.017  -79.037  -22.030 0.4000000060
5151  -2.470  -78.609  -23.190 0.8999999762
5152  -5.772  -79.012  -22.976 1.0000000000
5158  -18.812  -78.914  -22.403 0.3000000119
5161  -24.305  -78.437  -22.319 0.3000000119
5162  -2.268  -79.087  -23.310 0.8999999762
5163  -2.634  -78.897  -23.804 0.8999999762
5165  -10.365  -79.290  -23.579 0.6000000238
5172  -23.301  -78.813  -23.664 0.6999999881
5174  -24.190  -78.345  -22.851 0.6999999881
5175  -3.062  -78.870  -24.324 0.8999999762
5176  -3.400  -78.794  -24.672 0.8999999762
5178  -5.894  -78.842  -24.393 1.0000000000
5179  -10.524  -78.756  -24.693 0.5000000000
5182  -18.193  -79.078  -24.701 0.1000000015
5184  -22.794  -78.294  -24.129 0.6000000238
5186  -23.565  -78.357  -23.941 0.6999999881
5187  -3.791  -78.903  -24.927 1.0000000000
5189  -5.007  -78.900  -25.318 1.0000000000
5190  -5.733  -78.735  -25.115 1.0000000000
5191  -10.076  -79.435  -25.513 0.5000000000
5192  -10.278  -78.993  -25.277 0.5000000000
5200  -5.495  -78.560  -25.635 1.0000000000
5201  -10.062  -79.604  -25.818 0.5000000000
5202  -10.124  -79.192  -25.922 0.6000000238
5203  -11.494  -79.208  -26.324 0.4000000060
5204  -11.728  -78.686  -26.355 0.3000000119
5205  -17.135  -78.676  -25.324 0.1000000015
5206  -17.386  -78.638  -25.587 0.1000000015
5207  -10.145  -79.527  -26.178 0.5000000000
5208  -10.356  -79.064  -26.606 0.6000000238
5212  -10.955  -78.426  -27.282 0.3000000119
5218  -9.069  -77.837  21.851 0.1000000015
5219  -9.696  -77.806  21.659 0.1000000015
5225  -10.828  -77.865  20.920 0.2000000030
5229  -9.786  -78.084  20.765 0.1000000015
5230  -10.333  -78.068  20.607 0.1000000015
5231  -10.968  -78.023  20.390 0.2000000030
5232  -11.497  -77.897  20.321 0.2000000030
5235  -11.226  -78.079  20.036 0.2000000030
5236  -11.660  -78.073  19.907 0.2000000030
5237  -12.299  -77.969  19.741 0.2000000030
5240  -1.543  -77.600  18.655 0.2000000030
5241  -2.100  -77.697  18.784 0.2000000030
5243  -12.565  -78.165  19.386 0.2000000030
5244  -13.039  -78.119  19.149 0.2000000030
5245  -13.606  -78.172  18.730 0.2000000030
5246  -1.407  -77.498  18.271 0.2000000030
5248  -2.569  -77.894  18.353 0.3000000119
5252  -14.148  -78.272  18.253 0.2000000030
5253  -14.728  -78.198  17.821 0.2000000030
5254  -1.559  -77.629  17.860 0.3000000119
5255  -1.859  -77.895  17.429 0.2000000030
5257  -3.255  -77.843  17.701 0.3000000119
5263  -2.155  -78.084  16.670 0.2000000030
5270  -15.787  -77.970  16.452 0.2000000030
5275  -11.238  -78.188  15.051 0.2000000030
5276  -11.851  -78.209  15.148 0.2000000030
5277  -12.326  -78.298  15.181 0.2000000030
5279  -3.073  -78.082  14.826 0.3000000119
5280  -3.369  -78.417  14.710 0.2000000030
5281  -10.161  -78.342  14.251 0.3000000119
5282  -10.740  -78.166  14.527 0.2000000030
5284  -12.410  -78.199  14.629 0.2000000030
5286  -16.517  -77.939  14.971 0.3000000119
5287  -16.809  -78.044  14.669 0.3000000119
5288  -3.159  -77.769  14.398 0.4000000060
5289  -3.529  -78.075  14.288 0.4000000060
5290  -4.130  -78.224  14.061 0.4000000060
5291  -4.775  -78.341  14.130 0.4000000060
5293  -5.898  -78.445  13.933 0.4000000060
5294  -6.522  -78.449  13.768 0.3000000119
5295  -9.960  -78.290  13.876 0.3000000119
5299  -12.887  -78.302  13.818 0.3000000119
5300  -17.212  -78.143  14.344 0.3000000119
5301  -17.631  -78.235  13.969 0.3000000119
5305  -5.307  -77.941  13.671 0.4000000060
5307  -7.098  -78.107  13.430 0.3000000119
5308  -7.985  -77.997  13.107 0.3000000119
5311  -10.582  -77.670  13.028 0.3000000119
5315  -18.099  -78.282  13.553 0.2000000030
5316  -18.560  -78.329  13.129 0.2000000030
5318  0.442  -77.902  12.054 0.8999999762
5319  0.098  -77.994  11.988 0.8999999762
5320  -8.507  -77.668  12.726 0.3000000119
5321  -9.138  -77.692  12.634 0.3000000119
5322  -9.872  -77.589  12.610 0.3000000119
5324  -11.867  -77.546  12.608 0.4000000060
5325  -12.447  -77.725  12.217 0.4000000060
5331  0.872  -77.746  11.752 0.8999999762
5332  0.447  -78.115  11.787 0.8999999762
5335  -4.897  -77.467  11.166 0.5000000000
5338  -19.911  -78.444  11.336 0.2000000030
5339  -20.579  -78.026  11.545 0.3000000119
5340  -20.997  -77.729  11.700 0.3000000119
5342  -0.330  -78.293  11.000 0.8999999762
5344  -5.329  -77.522  10.791 0.5000000000
5346  -12.757  -77.967  10.523 0.4000000060
5347  -13.085  -78.528  10.417 0.4000000060
5349  -20.470  -78.163  10.848 0.4000000060
5350  -21.036  -77.887  11.152 0.4000000060
5353  -1.159  -78.576  9.719 0.8999999762
5355  -5.204  -77.988  10.275 0.5000000000
5357  -6.421  -77.783  9.905 0.6000000238
5359  -12.881  -78.378  10.122 0.4000000060
5360  -19.153  -78.259  9.563 0.4000000060
5363  -20.915  -77.949  10.422 0.4000000060
5364  0.834  -77.871  9.696 0.6999999881
5365  0.677  -78.127  9.376 0.6000000238
5368  -4.777  -77.791  9.669 0.5000000000
5369  -4.962  -77.810  9.270 0.6000000238
5370  -6.992  -77.640  9.506 0.6000000238
5371  -7.511  -77.736  9.054 0.5000000000
5372  -11.814  -78.280  8.879 0.4000000060
5374  -18.088  -78.316  9.013 0.4000000060
5375  -18.678  -78.184  9.186 0.4000000060
5376  -19.454  -77.890  9.149 0.4000000060
5377  -20.163  -77.895  9.499 0.4000000060
5378  -20.708  -77.866  9.819 0.4000000060
5379  0.517  -78.358  8.901 0.6000000238
5380  -1.721  -78.362  8.414 0.8999999762
5381  -5.202  -77.876  8.778 0.6000000238
5382  -5.487  -78.015  8.398 0.6000000238
5385  -9.075  -78.014  8.232 0.5000000000
5386  -9.869  -78.152  8.172 0.5000000000
5389  -16.487  -78.467  8.285 0.4000000060
5390  -16.899  -78.237  8.378 0.4000000060
5391  -17.631  -78.215  8.696 0.4000000060
5393  -18.894  -77.785  8.819 0.4000000060
5396  -1.918  -78.396  7.876 1.0000000000
5397  -2.065  -78.564  7.437 1.0000000000
5398  -5.837  -77.954  7.999 0.6000000238
5399  -13.655  -78.143  7.396 0.5000000000
5401  -14.577  -78.291  7.696 0.5000000000
5403  -16.189  -78.258  8.075 0.4000000060
5405  0.026  -78.028  7.620 0.4000000060
5409  -6.593  -77.969  6.549 0.6000000238
5411  -13.404  -78.000  7.254 0.5000000000
5412  -13.835  -77.609  7.285 0.4000000060
5416  -11.721  -78.223  6.020 0.5000000000
5417  -12.263  -78.054  6.461 0.5000000000
5419  -2.304  -78.161  5.376 1.0000000000
5420  -2.397  -77.635  4.938 1.0000000000
5421  -6.295  -78.137  4.818 0.8000000119
5422  -6.546  -77.911  5.331 0.6000000238
5423  -10.344  -78.450  4.994 0.5000000000
5424  -10.658  -78.121  5.117 0.5000000000
5430  -9.464  -78.297  4.086 0.5000000000
5432  -10.498  -77.630  4.833 0.5000000000
5438  -0.471  -78.119  3.312 0.3000000119
5440  -2.818  -77.355  3.679 0.8999999762
5442  -5.573  -77.904  3.788 0.8000000119
5444  -9.545  -77.696  4.000 0.5000000000
5451  -0.534  -77.970  2.706 0.3000000119
5452  -2.588  -78.093  2.650 0.8999999762
5454  -4.561  -77.850  2.525 0.8999999762
5457  -8.804  -77.887  2.877 0.5000000000
5465  -0.508  -78.132  2.252 0.3000000119
5466  -2.656  -78.172  2.209 0.8999999762
5468  -3.778  -77.940  1.982 0.8999999762
5469  -4.356  -78.188  2.057 0.8999999762
5470  -4.786  -78.290  2.358 0.8999999762
5471  -8.380  -78.067  1.948 0.5000000000
5481  -3.141  -78.171  1.758 0.8999999762
5482  -3.424  -78.212  1.691 0.8999999762
5483  -3.983  -78.347  1.638 0.8999999762
5494  -0.597  -78.389  0.774 0.2000000030
5495  -7.564  -78.513  0.078 0.5000000000
5496  -7.840  -78.373  0.708 0.5000000000
5506  -7.329  -78.523  -0.513 0.6000000238
5507  -12.660  -78.447  -1.024 0.2000000030
5509  -13.812  -77.899  -0.452 0.1000000015
5515  -12.694  -78.044  -1.453 0.2000000030
5517  -13.838  -77.333  -1.039 0.1000000015
5524  -7.316  -78.249  -2.073 0.6000000238
5525  -12.520  -77.740  -2.169 0.3000000119
5527  -16.863  -78.356  -2.299 0.2000000030
5528  -17.134  -78.392  -2.370 0.2000000030
5546  -11.972  -78.075  -2.878 0.3000000119
5550  -17.207  -78.156  -2.610 0.2000000030
5551  -17.798  -78.193  -2.989 0.2000000030
5567  -7.618  -78.235  -3.493 0.6000000238
5568  -7.893  -77.845  -3.657 0.5000000000
5570  -12.014  -77.761  -3.352 0.3000000119
5572  -15.388  -77.962  -3.580 0.2000000030
5584  -12.030  -77.447  -3.761 0.3000000119
5585  -14.998  -78.109  -4.117 0.2000000030
5587  -18.384  -78.265  -4.044 0.1000000015
5593  -7.611  -78.386  -4.864 0.6000000238
5594  -7.971  -77.896  -5.195 0.6000000238
5597  -18.522  -77.936  -4.654 0.1000000015
5598  -18.791  -78.189  -5.195 0.1000000015
5609  -11.576  -77.737  -6.109 0.3000000119
5610  -14.779  -77.986  -5.826 0.2000000030
5620  -7.958  -78.010  -6.771 0.6000000238
5622  -11.410  -77.908  -6.777 0.3000000119
5632  -8.776  -77.444  -7.434 0.4000000060
5633  -9.366  -77.258  -7.704 0.4000000060
5634  -11.177  -77.961  -7.522 0.5000000000
5644  -8.727  -77.963  -8.416 0.5000000000
5653  -9.008  -78.151  -8.943 0.4000000060
5655  -9.959  -78.117  -8.803 0.5000000000
5656  -10.607  -78.461  -8.636 0.5000000000
5657  -14.820  -77.892  -9.192 0.2000000030
5662  -19.046  -78.796  -10.405 0.5000000000
5672  -18.771  -78.547  -10.535 0.5000000000
5675  -20.609  -78.337  -11.224 0.3000000119
5685  -15.076  -78.392  -11.234 0.4000000060
5686  -15.469  -78.267  -11.607 0.4000000060
5688  -16.821  -78.009  -11.927 0.3000000119
5691  -21.309  -78.652  -12.019 0.3000000119
5693  -7.254  -78.226  -12.068 0.1000000015
5695  -8.752  -78.365  -12.089 0.1000000015
5702  -15.817  -78.551  -12.018 0.4000000060
5703  -16.328  -78.435  -12.128 0.3000000119
5705  -21.152  -77.919  -12.593 0.1000000015
5710  -21.165  -77.610  -13.013 0.1000000015
5711  -21.490  -78.046  -13.291 0.1000000015
5712  -27.417  -77.889  -13.478 0.1000000015
5714  -28.892  -77.974  -13.238 0.2000000030
5716  -30.437  -77.731  -13.477 0.2000000030
5722  -22.403  -78.522  -14.498 0.2000000030
5723  -25.796  -78.475  -14.422 0.1000000015
5726  -29.764  -78.357  -13.903 0.2000000030
5728  -30.769  -77.574  -13.928 0.2000000030
5729  0.241  -77.205  -15.447 0.3000000119
5730  -0.045  -77.799  -15.288 0.3000000119
5731  -0.510  -77.840  -15.519 0.1000000015
5742  -30.760  -77.620  -14.632 0.2000000030
5743  0.412  -77.322  -15.691 0.3000000119
5745  -0.870  -77.731  -15.673 0.1000000015
5750  -19.002  -78.387  -15.573 0.6000000238
5752  -19.922  -78.218  -15.895 0.6000000238
5753  -29.539  -78.304  -15.701 0.2000000030
5755  -30.524  -77.727  -15.196 0.2000000030
5756  0.348  -77.908  -16.435 0.3000000119
5772  -20.217  -78.050  -16.440 0.6999999881
5774  -29.034  -78.424  -16.367 0.1000000015
5777  0.118  -77.791  -17.095 0.4000000060
5778  -0.344  -77.704  -17.657 0.5000000000
5793  -20.434  -77.709  -17.031 0.6999999881
5794  -20.843  -77.863  -17.326 0.6000000238
5795  -28.063  -78.127  -17.274 0.2000000030
5798  -0.700  -77.553  -18.188 0.5000000000
5799  -1.411  -78.037  -18.415 0.5000000000
5800  -2.192  -77.875  -18.631 0.5000000000
5801  -2.528  -77.817  -18.767 0.6000000238
5808  -26.275  -77.798  -18.139 0.2000000030
5811  -1.508  -78.638  -18.668 0.5000000000
5813  -2.566  -78.193  -19.185 0.6000000238
5815  -6.276  -77.953  -19.384 1.0000000000
5817  -7.733  -77.973  -18.729 0.8999999762
5819  -9.249  -78.179  -19.217 0.8999999762
5820  -9.675  -77.898  -19.391 0.8999999762
5827  -21.448  -77.948  -18.848 0.3000000119
5828  -21.671  -78.296  -19.123 0.4000000060
5831  -26.315  -78.153  -18.318 0.2000000030
5832  -2.570  -78.471  -19.774 0.6000000238
5833  -2.907  -78.119  -19.828 0.6000000238
5835  -6.539  -77.411  -19.455 0.8999999762
5836  -9.331  -78.525  -19.531 0.8000000119
5842  -19.025  -77.753  -19.702 0.3000000119
5844  -21.688  -78.022  -19.557 0.3000000119
5846  -24.885  -77.860  -19.611 0.2000000030
5849  -3.090  -78.003  -20.516 0.6000000238
5850  -5.974  -77.890  -20.539 1.0000000000
5851  -10.002  -78.350  -20.348 0.8000000119
5852  -10.389  -77.934  -20.717 0.8000000119
5857  -19.008  -77.954  -20.290 0.3000000119
5858  -21.832  -77.950  -20.419 0.5000000000
5861  -2.624  -78.296  -21.123 0.6999999881
5864  -6.310  -77.732  -21.918 1.0000000000
5873  -2.214  -78.642  -22.281 0.8000000119
5874  -2.531  -78.259  -21.973 0.8000000119
5875  -3.288  -77.696  -22.172 0.8000000119
5876  -6.105  -78.278  -22.132 1.0000000000
5878  -10.828  -77.737  -22.337 0.6999999881
5884  -2.391  -78.487  -22.621 0.8000000119
5887  -6.172  -78.366  -22.975 1.0000000000
5888  -6.558  -77.693  -22.813 1.0000000000
5889  -10.930  -77.635  -23.133 0.6999999881
5896  -3.349  -77.935  -23.607 0.8000000119
5898  -6.580  -77.734  -23.491 1.0000000000
5899  -10.794  -78.034  -23.747 0.6999999881
5905  -23.890  -78.061  -23.878 0.6999999881
5907  -2.934  -78.541  -24.096 0.8999999762
5909  -3.859  -77.910  -24.753 1.0000000000
5912  -10.714  -78.254  -24.445 0.6999999881
5917  -22.548  -78.097  -24.072 0.6000000238
5920  -24.082  -77.620  -24.101 0.6999999881
5921  -3.610  -78.524  -24.841 1.0000000000
5922  -4.062  -78.279  -25.134 1.0000000000
5923  -4.484  -78.598  -25.384 1.0000000000
5924  -5.984  -78.220  -25.562 0.8999999762
5925  -6.451  -77.539  -25.368 0.8999999762
5927  -12.380  -77.883  -25.334 0.1000000015
5932  -23.050  -77.608  -24.775 0.6000000238
5933  -23.232  -77.729  -24.726 0.6000000238
5934  -4.388  -78.090  -25.365 1.0000000000
5935  -4.689  -78.198  -25.595 1.0000000000
5936  -5.417  -78.014  -25.907 1.0000000000
5941  -17.618  -78.333  -26.190 0.1000000015
5943  -10.570  -78.197  -26.620 0.6000000238
5944  -11.512  -78.441  -27.131 0.3000000119
5945  -11.810  -78.015  -26.977 0.3000000119
5951  -11.062  -77.590  -27.767 0.4000000060
5953  -11.753  -77.383  -28.108 0.1000000015
5971  -10.747  -77.480  21.316 0.1000000015
5972  -11.251  -77.634  21.005 0.2000000030
5976  -11.689  -77.468  20.538 0.2000000030
5977  -12.276  -77.608  20.127 0.1000000015
5979  -1.448  -76.912  19.327 0.3000000119
5982  -12.100  -77.208  19.819 0.1000000015
5983  -12.820  -77.525  19.723 0.1000000015
5984  -13.102  -77.782  19.421 0.1000000015
5985  -1.369  -77.100  18.704 0.2000000030
5986  -1.732  -77.276  19.050 0.2000000030
5987  -2.335  -77.131  19.105 0.3000000119
5994  -1.430  -76.920  17.990 0.2000000030
5995  -1.564  -76.837  17.809 0.3000000119
5997  -3.266  -77.014  18.082 0.2000000030
6000  -12.542  -76.857  18.335 0.2000000030
6003  -14.886  -77.839  17.644 0.2000000030
6004  -1.472  -77.334  17.928 0.3000000119
6007  -4.484  -77.039  16.855 0.1000000015
6011  -14.017  -76.969  16.907 0.2000000030
6013  -15.557  -77.742  16.707 0.2000000030
6014  -1.974  -77.336  16.875 0.2000000030
6024  -15.607  -77.510  16.209 0.2000000030
6025  -15.961  -77.686  15.825 0.2000000030
6026  -2.634  -77.584  15.676 0.3000000119
6030  -14.241  -76.793  15.477 0.2000000030
6031  -14.620  -76.924  15.420 0.2000000030
6033  -15.851  -77.453  15.493 0.2000000030
6034  -2.880  -77.396  15.115 0.3000000119
6036  -15.042  -77.007  14.866 0.2000000030
6038  -16.195  -77.499  14.886 0.3000000119
6040  -3.030  -77.524  14.589 0.3000000119
6041  -3.285  -77.276  14.123 0.4000000060
6042  -15.372  -77.078  14.423 0.2000000030
6044  -16.417  -77.403  14.295 0.1000000015
6046  -17.392  -77.817  14.009 0.2000000030
6048  0.698  -77.310  12.909 0.8999999762
6050  -4.123  -77.483  13.058 0.4000000060
6054  -7.431  -77.362  12.914 0.3000000119
6056  -11.056  -77.493  12.739 0.4000000060
6057  -11.374  -77.442  12.543 0.3000000119
6058  -16.235  -77.225  13.954 0.1000000015
6059  -16.603  -77.296  13.760 0.2000000030
6060  -17.186  -77.450  13.701 0.1000000015
6062  -18.346  -77.854  13.287 0.1000000015
6063  1.035  -77.206  12.431 0.8000000119
6064  0.527  -77.535  12.498 0.8999999762
6071  -7.751  -76.925  12.373 0.3000000119
6074  -10.070  -77.246  12.124 0.3000000119
6078  -16.878  -77.229  13.323 0.1000000015
6079  -17.399  -77.256  13.147 0.1000000015
6081  -19.006  -77.674  12.950 0.1000000015
6082  -19.839  -77.554  12.573 0.2000000030
6083  -20.490  -77.441  12.317 0.3000000119
6084  -20.990  -77.404  12.035 0.3000000119
6085  1.279  -76.924  11.631 0.6999999881
6088  -4.518  -77.188  11.604 0.5000000000
6091  -9.074  -76.900  11.738 0.3000000119
6092  -9.680  -76.974  11.645 0.3000000119
6093  -10.334  -76.990  11.591 0.3000000119
6095  -11.871  -77.178  11.272 0.4000000060
6096  -12.283  -77.392  11.292 0.4000000060
6099  -22.466  -76.511  11.531 0.2000000030
6102  -4.453  -77.246  10.927 0.5000000000
6103  -5.650  -77.254  10.932 0.5000000000
6104  -6.161  -76.975  10.773 0.5000000000
6106  -11.060  -76.719  10.673 0.4000000060
6108  -12.293  -77.384  10.846 0.4000000060
6110  -22.082  -77.261  10.977 0.3000000119
6112  1.193  -77.088  10.304 0.6000000238
6113  -0.796  -77.101  9.973 1.0000000000
6115  -6.279  -77.355  10.226 0.5000000000
6117  -7.362  -76.710  9.857 0.6000000238
6119  -11.719  -77.137  9.688 0.4000000060
6121  -21.296  -77.683  9.920 0.4000000060
6123  -22.573  -77.115  10.434 0.4000000060
6124  1.000  -77.385  9.614 0.4000000060
6125  0.793  -77.738  9.395 0.4000000060
6126  -0.981  -76.945  9.425 1.0000000000
6127  -1.196  -77.246  8.986 1.0000000000
6128  -4.637  -77.488  9.933 0.5000000000
6129  -4.820  -77.324  9.580 0.5000000000
6130  -7.114  -77.217  9.653 0.6000000238
6132  -8.073  -76.911  9.003 0.5000000000
6133  -10.933  -76.940  9.007 0.4000000060
6134  -11.443  -77.408  8.972 0.4000000060
6137  -19.976  -77.640  8.934 0.4000000060
6139  -21.736  -77.248  9.326 0.4000000060
6146  -7.834  -77.306  8.940 0.5000000000
6147  -8.258  -77.266  8.649 0.5000000000
6148  -8.873  -77.279  8.384 0.5000000000
6149  -9.652  -77.354  8.267 0.4000000060
6150  -10.568  -77.376  8.459 0.4000000060
6151  -11.183  -78.005  8.540 0.4000000060
6152  -17.425  -77.902  8.387 0.4000000060
6153  -17.902  -77.702  8.397 0.4000000060
6155  -19.441  -77.446  8.603 0.4000000060
6156  -20.311  -77.167  8.521 0.4000000060
6158  -21.644  -76.923  8.835 0.4000000060
6160  -1.806  -77.839  7.874 1.0000000000
6163  -14.484  -77.825  7.506 0.4000000060
6164  -14.962  -77.689  7.612 0.4000000060
6166  -16.526  -77.473  7.890 0.4000000060
6168  -18.172  -77.181  8.072 0.4000000060
6171  -20.242  -76.680  8.084 0.4000000060
6172  -0.030  -77.462  6.928 0.4000000060
6173  -0.259  -77.972  6.412 0.3000000119
6174  -1.936  -77.606  7.413 1.0000000000
6176  -6.544  -77.163  6.889 0.6000000238
6177  -6.675  -77.383  6.224 0.6000000238
6179  -13.583  -77.165  7.017 0.4000000060
6181  -15.291  -77.068  7.404 0.4000000060
6182  -15.783  -76.992  7.488 0.4000000060
6184  -0.320  -77.804  5.692 0.3000000119
6185  -2.284  -77.391  5.923 1.0000000000
6186  -2.451  -76.822  5.711 1.0000000000
6187  -6.666  -77.405  5.660 0.6000000238
6189  -12.465  -77.070  6.292 0.4000000060
6190  -13.047  -76.905  6.658 0.4000000060
6194  -6.285  -77.332  4.787 0.6000000238
6196  -10.875  -77.420  5.042 0.5000000000
6202  -0.506  -77.530  4.221 0.3000000119
6203  -3.156  -76.798  4.166 0.8999999762
6205  -5.467  -77.038  4.102 0.8000000119
6206  -5.845  -77.321  4.311 0.8000000119
6207  -9.896  -77.321  4.093 0.5000000000
6209  -11.004  -76.968  4.834 0.5000000000
6218  -3.205  -77.099  3.377 0.8999999762
6219  -3.851  -76.749  3.528 0.8000000119
6222  -5.617  -77.517  4.013 0.8000000119
6223  -9.089  -77.490  3.170 0.5000000000
6225  -10.038  -76.874  3.846 0.5000000000
6232  -0.647  -77.535  3.080 0.3000000119
6233  -3.179  -77.252  2.988 0.8999999762
6235  -4.201  -77.301  2.820 0.8000000119
6236  -4.873  -77.597  2.999 0.8999999762
6237  -9.084  -77.142  2.779 0.5000000000
6238  -9.313  -76.843  2.914 0.5000000000
6246  -3.220  -77.387  2.648 0.8999999762
6247  -3.657  -77.500  2.408 0.8999999762
6249  -8.443  -77.655  1.889 0.5000000000
6250  -8.632  -77.433  2.180 0.5000000000
6258  -0.628  -77.504  1.230 0.2000000030
6268  -0.519  -77.339  0.540 0.2000000030
6271  -7.989  -77.518  0.546 0.5000000000
6280  -0.385  -77.686  -0.337 0.2000000030
6281  -0.581  -77.986  -0.085 0.2000000030
6284  -14.230  -77.262  -0.811 0.1000000015
6293  -7.916  -76.996  -1.098 0.5000000000
6294  -13.711  -77.101  -1.417 0.1000000015
6295  -14.132  -76.850  -1.300 0.1000000015
6304  -7.619  -77.639  -2.360 0.5000000000
6306  -12.885  -77.278  -2.204 0.2000000030
6307  -13.435  -76.931  -1.918 0.2000000030
6308  -13.835  -76.830  -1.620 0.2000000030
6324  -7.731  -77.658  -2.711 0.5000000000
6325  -7.966  -77.361  -2.826 0.5000000000
6326  -12.587  -77.331  -2.585 0.3000000119
6328  -15.992  -77.715  -3.101 0.2000000030
6329  -16.240  -77.651  -3.043 0.2000000030
6330  -16.838  -77.579  -2.957 0.2000000030
6351  -8.148  -77.418  -3.430 0.6000000238
6354  -15.920  -77.570  -3.333 0.2000000030
6356  -17.216  -77.238  -3.469 0.2000000030
6357  -17.899  -77.690  -3.551 0.2000000030
6372  -11.788  -77.421  -4.893 0.3000000119
6374  -15.185  -77.495  -4.543 0.2000000030
6375  -15.797  -77.141  -4.027 0.2000000030
6377  -17.625  -77.093  -3.909 0.2000000030
6388  -11.957  -76.947  -5.188 0.3000000119
6392  -18.800  -77.696  -5.464 0.1000000015
6402  -8.692  -76.977  -5.981 0.4000000060
6403  -8.999  -76.661  -6.205 0.4000000060
6405  -11.834  -76.972  -5.615 0.3000000119
6408  -18.521  -76.938  -5.488 0.2000000030
6411  -20.068  -77.591  -5.697 0.1000000015
6418  -9.042  -76.837  -6.675 0.4000000060
6419  -11.145  -76.835  -6.883 0.3000000119
6428  -8.980  -77.109  -7.056 0.4000000060
6432  -11.368  -77.642  -7.169 0.3000000119
6433  -14.934  -77.108  -7.825 0.2000000030
6441  -9.752  -77.198  -7.739 0.4000000060
6442  -10.271  -77.345  -7.890 0.5000000000
6443  -10.791  -77.658  -7.906 0.5000000000
6457  -14.874  -77.346  -9.544 0.3000000119
6464  -15.210  -77.367  -10.828 0.4000000060
6480  -16.229  -77.309  -11.658 0.3000000119
6483  -20.865  -77.733  -12.289 0.1000000015
6493  -20.601  -76.670  -13.289 0.1000000015
6500  -30.617  -77.180  -13.335 0.2000000030
6501  -31.000  -77.178  -13.641 0.2000000030
6507  -27.052  -77.357  -13.679 0.1000000015
6509  -31.522  -76.832  -14.423 0.1000000015
6512  -0.552  -76.999  -15.420 0.1000000015
6516  -21.452  -76.473  -14.779 0.1000000015
6523  -31.092  -77.268  -14.757 0.2000000030
6526  0.482  -77.300  -16.032 0.3000000119
6535  -22.935  -76.732  -15.444 0.1000000015
6537  -23.710  -76.254  -15.402 0.1000000015
6540  -31.308  -76.907  -15.223 0.2000000030
6541  0.567  -76.711  -16.113 0.3000000119
6573  -19.862  -77.231  -17.647 0.4000000060
6574  -20.295  -77.367  -17.435 0.5000000000
6575  -20.604  -77.553  -17.360 0.6000000238
6578  -27.679  -77.439  -17.180 0.2000000030
6580  -28.831  -77.677  -16.644 0.2000000030
6581  -0.074  -76.699  -18.251 0.5000000000
6582  -0.586  -76.802  -18.251 0.5000000000
6584  -1.985  -77.219  -18.231 0.5000000000
6586  -3.163  -77.154  -18.691 0.6000000238
6587  -8.245  -76.760  -18.445 1.0000000000
6589  -9.392  -76.905  -18.599 1.0000000000
6599  -24.499  -76.702  -18.525 0.2000000030
6604  -2.732  -77.735  -18.862 0.6000000238
6605  -3.084  -77.563  -19.011 0.6000000238
6606  -6.999  -76.874  -19.289 1.0000000000
6607  -7.607  -77.024  -18.711 0.8999999762
6609  -9.024  -77.487  -18.728 1.0000000000
6611  -10.177  -77.264  -19.435 0.8000000119
6616  -19.224  -77.338  -18.965 0.3000000119
6617  -19.609  -77.041  -18.971 0.4000000060
6618  -20.126  -76.903  -18.604 0.4000000060
6620  -24.329  -76.946  -19.091 0.2000000030
6622  -25.358  -77.469  -18.536 0.2000000030
6624  -3.883  -77.061  -20.160 0.6999999881
6625  -6.272  -77.279  -20.062 1.0000000000
6626  -6.496  -76.989  -19.970 1.0000000000
6627  -9.993  -77.730  -19.709 0.8999999762
6636  -24.440  -77.316  -19.591 0.2000000030
6637  -24.837  -77.563  -19.278 0.2000000030
6638  -3.609  -77.479  -20.665 0.6999999881
6640  -6.226  -77.339  -20.349 1.0000000000
6641  -6.413  -76.970  -20.755 1.0000000000
6648  -19.465  -76.975  -20.541 0.5000000000
6653  -3.739  -77.293  -21.468 0.6999999881
6654  -4.384  -76.767  -21.510 0.6999999881
6655  -6.184  -77.475  -20.895 1.0000000000
6658  -11.472  -76.297  -21.754 0.8000000119
6664  -21.868  -77.056  -21.729 0.6000000238
6665  -23.926  -76.985  -20.823 0.3000000119
6668  -4.699  -76.632  -22.180 0.8999999762
6669  -6.611  -77.249  -22.200 1.0000000000
6671  -11.424  -76.508  -22.393 0.8000000119
6679  -4.124  -77.316  -23.111 0.8000000119
6681  -5.086  -76.517  -23.278 0.8999999762
6682  -6.756  -77.120  -23.014 0.8999999762
6683  -11.145  -77.170  -23.303 0.6999999881
6691  -3.863  -77.614  -23.619 0.8000000119
6693  -4.972  -76.778  -23.682 0.8999999762
6695  -11.021  -77.474  -23.774 0.6999999881
6702  -22.553  -77.302  -24.055 0.6000000238
6704  -3.655  -77.833  -24.001 1.0000000000
6705  -4.082  -77.622  -24.344 1.0000000000
6706  -4.813  -77.092  -24.324 1.0000000000
6707  -6.765  -76.851  -24.778 0.8999999762
6709  -11.089  -77.308  -24.413 0.6999999881
6710  -12.568  -77.436  -24.845 0.1000000015
6713  -18.943  -77.158  -24.728 0.4000000060
6714  -22.412  -77.830  -23.943 0.6000000238
6715  -22.565  -77.574  -24.227 0.6000000238
6716  -23.623  -77.451  -24.713 0.6999999881
6717  -23.891  -77.125  -24.657 0.6999999881
6718  -4.159  -77.761  -24.945 1.0000000000
6719  -4.597  -77.363  -24.971 1.0000000000
6721  -10.838  -77.769  -24.889 0.6999999881
6724  -12.791  -76.979  -25.408 0.1000000015
6728  -22.858  -77.386  -24.709 0.6000000238
6730  -23.681  -76.889  -25.099 0.6999999881
6733  -5.658  -77.340  -26.249 0.8999999762
6734  -6.349  -76.985  -26.236 0.8999999762
6736  -11.058  -76.996  -25.985 0.6999999881
6737  -12.492  -77.455  -25.839 0.1000000015
6741  -17.886  -77.933  -26.392 0.1000000015
6742  -18.164  -77.518  -26.272 0.1000000015
6743  -5.388  -76.867  -26.318 0.8999999762
6745  -6.191  -76.624  -26.621 0.8999999762
6746  -10.848  -77.284  -26.785 0.6999999881
6749  -12.617  -76.996  -26.545 0.1000000015
6751  -17.183  -77.475  -26.532 0.1000000015
6752  -17.663  -77.632  -26.793 0.1000000015
6754  -10.901  -77.208  -27.558 0.6000000238
6755  -12.199  -77.354  -27.410 0.1000000015
6756  -12.470  -76.974  -27.678 0.1000000015
6759  -17.563  -77.134  -27.287 0.3000000119
6760  -11.113  -77.046  -28.163 0.4000000060
6761  -11.610  -77.128  -28.319 0.4000000060
6764  -11.410  -76.774  -28.513 0.4000000060
6765  -11.800  -76.853  -28.712 0.4000000060
6766  -12.211  -76.720  -28.482 0.1000000015
6782  -9.793  -76.973  21.895 0.1000000015
6785  -10.172  -76.904  21.298 0.1000000015
6786  -10.786  -77.182  21.017 0.1000000015
6787  -1.294  -76.115  19.997 0.3000000119
6789  -1.923  -75.909  20.467 0.3000000119
6794  -10.978  -76.921  20.444 0.1000000015
6796  -1.272  -76.395  19.434 0.3000000119
6797  -1.554  -76.546  19.831 0.3000000119
6798  -2.148  -76.294  19.868 0.3000000119
6800  -10.077  -75.986  19.731 0.1000000015
6802  -11.527  -76.851  19.679 0.1000000015
6803  -1.244  -76.510  18.866 0.3000000119
6805  -3.323  -75.730  18.513 0.3000000119
6810  -12.246  -76.772  18.493 0.1000000015
6811  -1.321  -76.581  18.327 0.3000000119
6812  -1.499  -76.615  17.957 0.3000000119
6813  -3.115  -76.595  18.409 0.2000000030
6816  -10.878  -75.850  18.013 0.1000000015
6817  -11.313  -76.121  17.869 0.1000000015
6821  -3.992  -75.968  17.475 0.2000000030
6822  -4.399  -76.197  17.043 0.2000000030
6824  -11.698  -76.118  17.158 0.1000000015
6825  -12.294  -76.365  16.977 0.1000000015
6829  -2.263  -76.701  16.424 0.2000000030
6835  -11.906  -76.093  16.580 0.1000000015
6836  -12.369  -76.237  16.200 0.1000000015
6838  -13.660  -76.623  16.070 0.2000000030
6839  -2.683  -76.831  15.725 0.3000000119
6844  -12.689  -76.218  15.482 0.2000000030
6845  -13.309  -76.421  15.464 0.2000000030
6846  -13.888  -76.634  15.395 0.2000000030
6849  -3.398  -76.545  14.502 0.4000000060
6851  -13.506  -76.446  14.874 0.2000000030
6852  -13.993  -76.610  14.767 0.2000000030
6853  -14.502  -76.801  14.754 0.2000000030
6854  1.943  -75.855  13.816 1.0000000000
6857  -3.665  -76.440  13.819 0.4000000060
6858  -13.238  -76.323  14.506 0.2000000030
6860  -14.217  -76.611  14.147 0.1000000015
6862  -15.485  -77.004  13.945 0.1000000015
6864  1.368  -76.522  13.069 1.0000000000
6865  0.736  -76.850  13.428 0.8999999762
6866  -4.022  -76.300  13.002 0.5000000000
6867  -4.366  -75.760  12.787 0.5000000000
6869  -14.531  -76.573  13.448 0.2000000030
6872  -16.541  -77.153  13.317 0.2000000030
6873  1.801  -76.029  12.427 0.6000000238
6876  -0.075  -77.225  12.074 1.0000000000
6877  -3.967  -76.560  12.365 0.4000000060
6879  -6.646  -76.548  11.820 0.4000000060
6880  -7.367  -76.512  11.940 0.4000000060
6882  -8.377  -76.719  11.890 0.3000000119
6883  -13.600  -76.215  12.991 0.1000000015
6885  -14.918  -76.501  12.739 0.2000000030
6892  -20.816  -76.942  12.202 0.1000000015
6893  -21.213  -77.070  12.002 0.2000000030
6894  1.686  -75.883  11.739 0.5000000000
6896  -0.031  -76.471  12.229 1.0000000000
6898  -3.858  -76.815  12.171 0.4000000060
6899  -4.117  -76.599  11.812 0.5000000000
6900  -6.476  -76.555  11.207 0.4000000060
6902  -7.707  -76.406  11.421 0.3000000119
6904  -9.253  -76.619  11.240 0.4000000060
6906  -10.457  -76.752  11.166 0.4000000060
6907  -14.127  -76.127  12.208 0.2000000030
6909  -15.339  -76.382  12.030 0.2000000030
6911  -17.169  -76.599  11.768 0.1000000015
6913  -18.897  -76.529  11.912 0.1000000015
6914  -19.704  -76.444  11.967 0.1000000015
6916  -21.381  -76.541  11.898 0.1000000015
6917  -22.149  -76.218  11.650 0.1000000015
6918  -22.857  -76.141  11.450 0.2000000030
6919  -23.232  -75.873  11.371 0.2000000030
6920  1.599  -75.851  11.481 0.5000000000
6922  -0.407  -76.205  11.006 1.0000000000
6923  -4.203  -76.814  11.159 0.5000000000
6925  -6.432  -76.668  10.947 0.5000000000
6926  -6.704  -76.574  10.878 0.5000000000
6928  -7.977  -76.309  10.836 0.4000000060
6930  -9.540  -76.397  10.603 0.4000000060
6931  -10.474  -76.527  10.590 0.4000000060
6932  -11.054  -76.639  10.256 0.4000000060
6933  -16.713  -76.300  11.241 0.1000000015
6934  -17.199  -76.263  11.261 0.1000000015
6935  -23.089  -76.465  11.156 0.2000000030
6937  -24.158  -76.149  10.639 0.3000000119
6938  1.290  -76.344  10.515 0.3000000119
6940  -4.374  -76.894  10.593 0.5000000000
6941  -4.692  -76.436  10.341 0.5000000000
6942  -6.967  -76.570  10.492 0.4000000060
6943  -7.452  -76.452  10.266 0.4000000060
6945  -8.952  -76.244  9.993 0.5000000000
6948  -11.285  -76.803  9.889 0.4000000060
6949  -23.124  -76.677  10.674 0.2000000030
6953  -25.280  -76.005  9.443 0.2000000030
6955  -0.818  -76.376  9.616 1.0000000000
6957  -4.602  -77.013  10.040 0.5000000000
6959  -5.599  -76.248  9.184 0.6000000238
6960  -7.728  -76.521  9.796 0.6000000238
6962  -9.166  -76.336  9.223 0.4000000060
6963  -9.970  -76.455  9.040 0.4000000060
6964  -10.500  -76.755  8.793 0.4000000060
6965  -22.332  -77.031  9.384 0.4000000060
6966  -22.921  -76.799  9.719 0.3000000119
6967  -23.725  -76.370  9.416 0.2000000030
6968  -24.416  -76.198  9.431 0.3000000119
6969  -24.883  -76.054  9.281 0.3000000119
6970  -25.162  -76.027  9.132 0.2000000030
6972  0.441  -76.651  8.166 0.4000000060
6976  -8.627  -76.716  8.767 0.5000000000
6979  -10.398  -76.979  8.579 0.4000000060
6981  -21.464  -76.660  8.505 0.4000000060
6984  -23.468  -76.237  9.071 0.2000000030
6986  -1.733  -77.039  7.600 1.0000000000
6987  -1.855  -76.420  7.292 1.0000000000
6990  -16.977  -76.871  7.652 0.4000000060
6993  -19.237  -76.541  7.749 0.4000000060
6994  -19.861  -76.373  7.735 0.4000000060
6995  -20.515  -76.299  7.835 0.4000000060
6997  -21.761  -76.325  8.361 0.4000000060
6998  -0.037  -76.583  6.652 0.3000000119
6999  -1.972  -77.292  7.146 1.0000000000
7002  -6.520  -76.347  6.416 0.6000000238
7005  -14.171  -76.445  6.795 0.4000000060
7007  -15.840  -76.504  7.215 0.4000000060
7009  -17.414  -76.366  7.238 0.4000000060
7010  -18.162  -76.262  7.275 0.4000000060
7012  -19.448  -76.175  7.500 0.4000000060
7017  -0.298  -77.228  5.823 0.3000000119
7018  -2.377  -76.777  6.029 1.0000000000
7019  -2.770  -76.291  5.849 0.8999999762
7020  -3.302  -75.842  5.656 0.8000000119
7022  -6.633  -76.885  5.941 0.6000000238
7023  -12.446  -76.455  5.903 0.4000000060
7024  -13.030  -76.374  6.209 0.4000000060
7030  -3.004  -76.441  5.263 0.8999999762
7031  -3.429  -76.068  5.208 0.8999999762
7033  -6.004  -76.358  5.004 0.8000000119
7034  -6.509  -76.935  5.353 0.6000000238
7036  -12.108  -76.237  5.380 0.4000000060
7042  -0.478  -77.068  4.595 0.2000000030
7044  -3.705  -76.284  4.533 0.8000000119
7045  -4.360  -76.195  4.357 0.8000000119
7046  -5.187  -76.338  4.416 0.8000000119
7049  -11.142  -76.479  4.584 0.5000000000
7058  -4.522  -76.552  3.910 0.8000000119
7060  -9.927  -76.469  3.420 0.5000000000
7061  -10.349  -76.420  3.862 0.5000000000
7068  -0.502  -76.423  2.606 0.1000000015
7069  -0.661  -76.868  2.759 0.1000000015
7070  -9.250  -76.738  2.663 0.5000000000
7081  -9.145  -76.580  2.174 0.4000000060
7082  -9.439  -76.253  2.321 0.4000000060
7089  -0.464  -76.905  1.095 0.1000000015
7090  -0.535  -77.032  1.555 0.1000000015
7092  -8.917  -76.456  1.410 0.4000000060
7100  0.053  -77.022  0.230 0.1000000015
7101  -0.264  -76.880  0.431 0.1000000015
7105  -8.357  -76.716  0.202 0.5000000000
7119  -8.300  -76.557  -0.602 0.5000000000
7120  -8.723  -76.139  -0.167 0.5000000000
7121  -15.063  -76.763  -0.818 0.1000000015
7122  -15.450  -76.497  -0.753 0.1000000015
7134  -14.289  -76.551  -1.448 0.2000000030
7135  -14.739  -76.446  -1.252 0.1000000015
7148  -13.668  -76.529  -2.086 0.3000000119
7150  -14.508  -76.137  -1.711 0.2000000030
7165  -8.323  -76.678  -2.492 0.5000000000
7166  -8.728  -76.211  -2.882 0.5000000000
7167  -13.530  -76.264  -2.530 0.3000000119
7168  -13.925  -76.100  -2.271 0.3000000119
7187  -8.486  -76.791  -3.431 0.6000000238
7189  -12.609  -76.427  -3.666 0.3000000119
7190  -13.068  -76.017  -3.275 0.3000000119
7191  -16.859  -76.909  -3.833 0.2000000030
7209  -8.640  -76.780  -4.424 0.5000000000
7214  -16.548  -76.609  -4.252 0.2000000030
7215  -17.285  -76.744  -4.199 0.2000000030
7225  -8.771  -76.711  -5.274 0.4000000060
7226  -9.044  -76.243  -4.804 0.4000000060
7229  -15.804  -76.230  -5.331 0.2000000030
7230  -16.511  -76.179  -4.874 0.2000000030
7232  -17.803  -76.634  -4.749 0.2000000030
7233  -20.585  -76.829  -5.521 0.1000000015
7247  -9.611  -76.125  -6.174 0.4000000060
7248  -11.029  -75.955  -6.223 0.4000000060
7249  -11.498  -76.222  -6.071 0.3000000119
7250  -11.875  -76.601  -5.629 0.3000000119
7252  -15.369  -76.219  -6.245 0.2000000030
7255  -19.253  -76.678  -5.883 0.1000000015
7256  -20.068  -76.804  -5.763 0.1000000015
7263  -9.317  -76.433  -6.396 0.4000000060
7264  -9.893  -76.226  -6.582 0.4000000060
7265  -10.733  -76.351  -6.684 0.4000000060
7266  -11.370  -76.688  -6.557 0.3000000119
7267  -15.043  -76.590  -6.775 0.2000000030
7275  -9.505  -76.572  -6.846 0.4000000060
7276  -10.026  -76.595  -7.048 0.4000000060
7277  -10.464  -76.708  -7.197 0.4000000060
7278  -14.999  -76.513  -7.550 0.2000000030
7279  -15.135  -75.963  -7.654 0.2000000030
7287  -15.045  -76.164  -7.977 0.2000000030
7297  -14.929  -76.786  -9.176 0.3000000119
7316  -15.136  -76.946  -10.502 0.3000000119
7323  -20.046  -76.947  -11.719 0.2000000030
7330  -16.351  -76.527  -11.443 0.3000000119
7332  -19.649  -76.136  -11.898 0.2000000030
7336  -19.753  -76.015  -12.309 0.1000000015
7337  -20.057  -76.181  -12.710 0.2000000030
7341  -20.344  -76.225  -13.214 0.1000000015
7342  -20.623  -76.477  -13.581 0.1000000015
7347  -30.319  -76.643  -13.188 0.2000000030
7367  -21.168  -76.133  -14.665 0.1000000015
7369  -22.137  -76.448  -15.298 0.1000000015
7371  -24.654  -76.320  -14.994 0.1000000015
7374  0.546  -75.971  -15.974 0.3000000119
7375  0.614  -75.500  -16.365 0.3000000119
7390  -23.370  -75.971  -15.473 0.1000000015
7391  -23.688  -75.849  -15.400 0.1000000015
7392  -31.270  -76.714  -15.539 0.2000000030
7394  0.577  -76.469  -16.388 0.3000000119
7418  -2.163  -75.830  -17.724 0.5000000000
7419  -2.592  -75.786  -17.799 0.5000000000
7428  -0.343  -76.176  -18.223 0.5000000000
7430  -1.746  -76.443  -17.907 0.5000000000
7431  -2.629  -76.429  -17.989 0.5000000000
7432  -3.166  -76.801  -18.407 0.6000000238
7434  -8.610  -76.240  -18.344 1.0000000000
7435  -9.275  -76.350  -18.365 1.0000000000
7436  -9.691  -76.514  -18.537 1.0000000000
7442  -24.036  -76.098  -18.290 0.2000000030
7444  -25.473  -76.662  -17.788 0.2000000030
7446  -3.936  -76.344  -19.407 0.8000000119
7448  -7.382  -76.186  -19.092 1.0000000000
7449  -10.015  -76.598  -18.754 1.0000000000
7450  -10.508  -76.768  -19.177 0.8000000119
7451  -11.100  -76.344  -19.386 0.8999999762
7455  -19.985  -76.776  -18.991 0.5000000000
7457  -20.822  -76.828  -19.321 0.5000000000
7458  -23.633  -75.882  -18.714 0.2000000030
7460  -3.836  -76.842  -19.646 0.8000000119
7462  -6.956  -76.310  -19.684 1.0000000000
7463  -7.178  -75.961  -19.477 1.0000000000
7464  -10.948  -76.806  -19.914 0.8000000119
7470  -20.409  -76.569  -19.710 0.5000000000
7474  -4.512  -76.228  -20.818 0.8000000119
7476  -11.210  -76.628  -20.658 0.8000000119
7477  -11.579  -76.006  -20.652 0.8999999762
7481  -19.888  -76.598  -20.154 0.6000000238
7486  -24.061  -77.019  -19.974 0.2000000030
7488  -5.106  -75.504  -21.671 0.8000000119
7489  -6.740  -76.504  -21.375 1.0000000000
7492  -11.724  -75.769  -21.376 0.8999999762
7499  -21.686  -76.540  -21.722 0.4000000060
7501  -24.104  -77.070  -21.818 0.4000000060
7502  -5.024  -76.234  -22.238 0.8999999762
7503  -5.175  -75.721  -22.136 0.8000000119
7510  -19.376  -76.877  -22.602 0.4000000060
7511  -19.689  -76.545  -22.027 0.4000000060
7513  -21.501  -76.048  -22.528 0.4000000060
7515  -23.893  -76.260  -22.474 0.4000000060
7517  -4.940  -76.492  -22.542 1.0000000000
7518  -5.212  -76.119  -22.842 0.8000000119
7519  -6.848  -76.461  -23.322 0.8999999762
7520  -6.908  -75.942  -22.949 0.8999999762
7528  -21.677  -75.952  -22.947 0.4000000060
7529  -21.970  -76.419  -22.966 0.5000000000
7533  -6.846  -76.360  -24.108 0.8999999762
7542  -22.419  -76.798  -23.638 0.6000000238
7543  -22.533  -77.124  -23.910 0.6000000238
7546  -5.171  -76.460  -24.240 0.8999999762
7548  -6.885  -75.754  -24.382 0.8999999762
7555  -19.461  -76.160  -24.279 0.4000000060
7557  -22.686  -76.856  -24.290 0.6000000238
7560  -6.824  -76.256  -25.350 0.8999999762
7561  -11.396  -76.519  -25.388 0.6999999881
7570  -5.328  -76.427  -25.917 0.8999999762
7571  -6.790  -76.221  -26.102 0.8999999762
7577  -23.086  -76.374  -25.563 0.6000000238
7578  -23.488  -76.203  -25.762 0.6999999881
7580  -5.547  -76.326  -26.527 0.8999999762
7581  -6.018  -76.270  -26.733 0.8999999762
7582  -6.506  -76.317  -26.717 0.8999999762
7583  -10.933  -76.865  -27.289 0.6000000238
7584  -11.175  -76.522  -26.963 0.6999999881
7585  -12.570  -76.987  -26.782 0.1000000015
7590  -17.864  -77.126  -27.074 0.1000000015
7593  -11.226  -76.244  -27.403 0.6000000238
7600  -17.818  -76.615  -27.428 0.4000000060
7602  -11.167  -76.341  -28.463 0.4000000060
7603  -11.287  -75.925  -28.746 0.4000000060
7607  -16.029  -75.919  -27.735 0.1000000015
7610  -17.405  -76.443  -27.686 0.3000000119
7612  -11.669  -76.165  -28.772 0.4000000060
7629  -1.244  -75.016  20.929 0.4000000060
7630  -1.357  -74.904  21.195 0.4000000060
7635  -1.658  -75.401  20.880 0.4000000060
7641  -1.124  -75.727  19.688 0.3000000119
7645  -9.790  -75.481  19.521 0.1000000015
7648  -3.022  -75.311  19.201 0.3000000119
7652  -9.899  -75.227  18.965 0.1000000015
7653  -10.269  -75.679  18.896 0.1000000015
7654  -1.271  -76.103  18.511 0.3000000119
7660  -10.487  -75.469  18.044 0.1000000015
7662  -1.859  -75.930  17.286 0.3000000119
7663  -3.863  -75.239  17.621 0.2000000030
7667  -11.130  -75.719  17.196 0.1000000015
7668  -2.174  -75.946  16.640 0.3000000119
7669  -2.581  -76.008  16.069 0.3000000119
7670  -4.719  -75.574  16.657 0.1000000015
7674  -10.883  -75.305  16.667 0.1000000015
7677  2.430  -75.167  15.587 1.0000000000
7678  2.185  -75.302  15.529 1.0000000000
7679  1.884  -75.463  15.372 1.0000000000
7690  2.147  -75.466  15.056 1.0000000000
7692  -3.345  -75.928  14.930 0.5000000000
7698  2.375  -75.254  14.862 1.0000000000
7700  1.402  -76.019  14.414 1.0000000000
7702  -4.115  -75.555  13.693 0.5000000000
7706  -13.364  -76.274  13.775 0.1000000015
7708  0.392  -76.103  13.138 1.0000000000
7710  -4.495  -75.229  13.111 0.5000000000
7717  -4.969  -75.033  12.042 0.5000000000
7718  -12.691  -75.412  12.260 0.1000000015
7720  -13.884  -76.063  12.275 0.1000000015
7721  1.884  -75.438  12.039 0.6000000238
7722  -0.074  -76.140  12.035 1.0000000000
7724  -4.505  -75.924  11.727 0.5000000000
7726  -12.548  -75.140  11.906 0.1000000015
7727  -13.064  -75.348  11.590 0.1000000015
7730  -15.729  -76.162  11.356 0.1000000015
7732  -17.700  -76.197  11.320 0.1000000015
7735  -20.087  -75.976  11.522 0.1000000015
7738  -22.381  -75.545  11.441 0.2000000030
7739  -23.046  -75.516  11.365 0.2000000030
7740  -23.402  -75.703  11.299 0.2000000030
7741  1.618  -75.555  11.439 0.5000000000
7745  -4.878  -75.855  10.957 0.6000000238
7747  -13.689  -75.307  10.972 0.1000000015
7750  -16.297  -75.917  10.823 0.1000000015
7753  -18.899  -75.654  10.966 0.1000000015
7755  -20.480  -75.522  11.115 0.1000000015
7756  -21.216  -75.432  11.183 0.1000000015
7757  -21.845  -75.320  11.211 0.1000000015
7758  -23.225  -75.222  11.228 0.1000000015
7759  -23.568  -75.429  11.151 0.1000000015
7762  -25.321  -75.604  10.263 0.3000000119
7763  1.196  -75.815  10.105 0.4000000060
7764  -0.617  -75.562  10.473 1.0000000000
7765  -0.853  -75.289  9.922 1.0000000000
7767  -5.599  -75.541  9.863 0.6000000238
7768  -24.597  -75.939  10.525 0.2000000030
7769  -24.999  -75.907  10.210 0.3000000119
7771  -26.054  -75.600  9.552 0.2000000030
7776  -5.809  -75.576  9.228 0.6000000238
7777  -24.034  -76.143  9.146 0.2000000030
7779  -24.960  -75.915  8.883 0.3000000119
7780  -25.618  -75.843  9.076 0.3000000119
7782  0.731  -75.560  8.729 0.3000000119
7786  -22.105  -76.234  8.417 0.3000000119
7787  -22.609  -76.103  8.510 0.3000000119
7789  -24.402  -75.697  8.472 0.3000000119
7793  -27.480  -75.538  7.743 0.1000000015
7794  0.360  -75.985  7.645 0.3000000119
7799  -19.730  -76.065  7.470 0.4000000060
7800  -20.110  -75.974  7.474 0.4000000060
7801  -20.818  -75.758  7.493 0.3000000119
7812  -2.361  -75.961  6.694 1.0000000000
7813  -2.758  -75.725  6.451 1.0000000000
7814  -6.109  -75.455  6.845 0.6000000238
7815  -14.259  -75.865  6.379 0.3000000119
7817  -15.564  -75.929  6.740 0.4000000060
7818  -16.341  -75.924  6.824 0.4000000060
7820  -17.809  -75.907  6.866 0.4000000060
7821  -18.532  -75.687  6.865 0.4000000060
7824  -20.574  -75.526  7.188 0.3000000119
7825  -25.753  -75.499  6.496 0.2000000030
7831  -0.335  -76.779  5.667 0.3000000119
7834  -4.739  -75.314  5.487 0.8999999762
7835  -5.384  -75.467  5.467 0.6999999881
7838  -13.394  -75.761  5.863 0.3000000119
7840  -14.641  -75.492  6.115 0.3000000119
7842  -16.062  -75.527  6.304 0.4000000060
7844  -17.564  -75.551  6.492 0.4000000060
7851  -0.366  -76.557  5.095 0.2000000030
7852  -3.894  -75.794  5.071 0.8000000119
7853  -4.382  -75.661  5.064 0.8999999762
7854  -5.081  -75.750  4.992 0.8000000119
7855  -5.649  -75.781  5.173 0.8000000119
7857  -12.528  -75.601  5.129 0.3000000119
7859  -13.702  -75.376  5.601 0.3000000119
7868  -4.113  -75.932  4.732 0.8000000119
7870  -11.013  -76.054  4.213 0.4000000060
7871  -11.514  -75.721  4.328 0.4000000060
7872  -12.260  -75.315  4.575 0.3000000119
7873  -12.909  -75.062  4.800 0.3000000119
7878  -0.326  -75.988  3.825 0.1000000015
7879  -0.559  -76.369  3.543 0.1000000015
7880  -10.237  -76.122  3.515 0.5000000000
7887  -0.458  -76.036  3.043 0.1000000015
7889  -1.418  -75.559  2.399 0.1000000015
7902  -1.028  -75.658  1.748 0.1000000015
7903  -1.357  -75.640  1.878 0.1000000015
7904  -2.024  -75.620  1.732 0.1000000015
7909  -10.161  -75.274  2.060 0.5000000000
7911  -20.245  -75.455  2.251 0.1000000015
7915  -0.415  -76.180  1.511 0.1000000015
7916  -0.943  -75.830  1.237 0.1000000015
7921  -9.232  -75.972  1.194 0.5000000000
7922  -9.608  -75.499  1.000 0.5000000000
7935  -9.608  -75.322  0.366 0.5000000000
7942  -0.066  -76.587  -0.226 0.1000000015
7943  -0.510  -76.394  -0.223 0.1000000015
7948  -9.146  -75.689  -0.489 0.5000000000
7951  -16.374  -75.589  -0.635 0.1000000015
7956  -0.286  -76.436  -0.623 0.1000000015
7962  -9.565  -75.295  -0.702 0.5000000000
7964  -15.353  -75.687  -1.401 0.2000000030
7965  -15.922  -75.438  -1.064 0.1000000015
7975  -9.153  -75.670  -1.810 0.5000000000
7978  -14.444  -75.762  -2.063 0.3000000119
7979  -14.955  -75.481  -1.856 0.2000000030
7991  -13.693  -75.854  -2.695 0.3000000119
7992  -13.965  -75.695  -2.531 0.3000000119
7993  -14.365  -75.317  -2.434 0.3000000119
8010  -9.181  -75.779  -3.307 0.4000000060
8012  -13.560  -75.579  -3.004 0.3000000119
8033  -13.070  -75.448  -3.598 0.3000000119
8042  -9.536  -75.766  -5.186 0.4000000060
8043  -10.220  -75.314  -5.321 0.4000000060
8044  -10.989  -75.261  -5.482 0.4000000060
8045  -11.761  -75.599  -5.405 0.3000000119
8046  -12.296  -75.681  -4.809 0.4000000060
8049  -17.260  -76.031  -5.165 0.2000000030
8064  -9.486  -75.948  -5.606 0.4000000060
8074  -20.089  -76.124  -5.704 0.1000000015
8084  -9.897  -75.986  -6.252 0.4000000060
8085  -10.200  -75.912  -6.354 0.4000000060
8086  -15.549  -75.594  -6.754 0.2000000030
8087  -15.924  -75.173  -6.533 0.2000000030
8094  -15.372  -75.496  -7.394 0.2000000030
8115  -15.021  -76.095  -9.100 0.3000000119
8137  -15.947  -75.552  -10.910 0.2000000030
8138  -16.689  -75.698  -11.244 0.3000000119
8142  -19.466  -75.970  -11.661 0.2000000030
8146  -16.800  -76.241  -11.448 0.3000000119
8148  -19.130  -75.300  -11.735 0.1000000015
8153  -19.728  -75.564  -12.799 0.2000000030
8160  -19.764  -75.319  -13.207 0.2000000030
8161  -20.054  -75.587  -13.407 0.2000000030
8165  -29.320  -75.963  -13.165 0.2000000030
8169  0.287  -74.889  -14.880 0.1000000015
8174  -20.341  -75.537  -13.958 0.2000000030
8175  -20.574  -75.842  -14.059 0.1000000015
8182  0.400  -75.279  -15.427 0.1000000015
8189  -20.681  -75.543  -14.467 0.2000000030
8192  -23.738  -75.367  -15.358 0.1000000015
8197  0.413  -75.050  -15.883 0.3000000119
8216  -23.173  -75.362  -15.528 0.1000000015
8217  -23.504  -75.638  -15.456 0.1000000015
8220  1.078  -74.864  -17.165 0.3000000119
8221  0.814  -75.233  -16.792 0.3000000119
8232  -26.836  -75.503  -16.866 0.2000000030
8240  0.984  -74.932  -17.320 0.3000000119
8241  0.725  -75.530  -17.496 0.3000000119
8242  -0.454  -75.090  -17.902 0.5000000000
8243  -1.062  -75.281  -17.603 0.6000000238
8244  -1.880  -75.214  -17.529 0.6000000238
8245  -2.560  -75.233  -17.707 0.5000000000
8249  -24.570  -75.280  -17.507 0.2000000030
8251  -25.892  -75.793  -17.223 0.2000000030
8253  -27.013  -76.288  -17.051 0.2000000030
8254  0.866  -75.123  -18.049 0.3000000119
8255  0.448  -75.580  -18.165 0.3000000119
8256  -0.110  -75.485  -18.442 0.5000000000
8257  -0.561  -75.656  -18.018 0.5000000000
8259  -3.409  -76.031  -18.327 0.5000000000
8260  -7.859  -75.802  -18.759 1.0000000000
8261  -8.303  -75.526  -18.446 1.0000000000
8264  -10.525  -75.473  -18.484 1.0000000000
8269  -23.720  -75.462  -18.241 0.2000000030
8270  -24.291  -75.679  -17.834 0.2000000030
8272  0.871  -75.013  -18.470 0.3000000119
8273  0.602  -75.181  -18.516 0.3000000119
8274  0.305  -75.333  -18.555 0.3000000119
8275  -3.838  -75.899  -18.941 0.6999999881
8276  -4.194  -75.757  -19.512 0.8000000119
8277  -7.694  -75.556  -19.023 1.0000000000
8278  -7.960  -75.497  -18.768 1.0000000000
8279  -10.336  -76.269  -18.781 0.8999999762
8287  -4.491  -75.629  -20.198 0.8000000119
8288  -7.084  -75.826  -19.788 0.8999999762
8298  -5.014  -75.260  -21.153 0.8000000119
8300  -7.115  -75.444  -20.116 0.8999999762
8301  -11.947  -75.383  -20.693 0.8999999762
8302  -12.153  -75.076  -20.943 0.8999999762
8308  -5.020  -75.500  -21.330 0.8000000119
8310  -6.827  -76.100  -20.800 0.8999999762
8311  -6.959  -75.593  -21.024 0.8999999762
8313  -12.250  -74.876  -21.308 0.8999999762
8319  -20.437  -76.020  -21.793 0.5000000000
8320  -20.662  -75.948  -21.859 0.5000000000
8322  -5.186  -75.082  -21.958 0.8000000119
8323  -7.015  -75.312  -21.957 0.8000000119
8324  -12.060  -75.252  -21.905 0.8999999762
8332  -19.845  -76.252  -22.450 0.4000000060
8333  -20.252  -76.044  -22.150 0.5000000000
8337  -7.010  -75.206  -22.977 0.8999999762
8338  -11.915  -75.375  -22.793 0.8000000119
8348  -21.795  -75.885  -23.307 0.4000000060
8350  -5.426  -75.392  -23.435 0.8000000119
8351  -6.990  -75.225  -23.993 0.8999999762
8352  -11.811  -75.509  -23.763 0.8000000119
8358  -20.747  -75.314  -23.899 0.6000000238
8361  -24.007  -75.387  -24.174 0.6999999881
8364  -6.891  -75.727  -25.085 0.8999999762
8374  -21.976  -75.477  -24.348 0.6999999881
8377  -24.115  -75.304  -24.690 0.6999999881
8378  -24.177  -75.669  -24.851 0.6999999881
8381  -7.054  -75.246  -25.486 0.8999999762
8382  -11.697  -75.807  -25.700 0.6999999881
8389  -19.259  -75.872  -25.474 0.4000000060
8391  -20.162  -75.227  -24.922 0.4000000060
8393  -22.802  -76.116  -25.201 0.6000000238
8394  -24.186  -75.656  -25.515 0.6999999881
8395  -5.507  -75.761  -26.232 0.8999999762
8396  -6.948  -75.663  -26.215 0.8999999762
8397  -7.059  -75.296  -26.083 0.8999999762
8398  -11.527  -76.001  -26.528 0.6999999881
8399  -11.801  -75.553  -26.340 0.6999999881
8407  -22.518  -75.268  -25.750 0.8000000119
8409  -23.594  -75.779  -26.132 0.6999999881
8410  -24.007  -75.778  -25.936 0.6999999881
8411  -5.776  -75.765  -26.680 0.8000000119
8412  -6.267  -75.678  -26.942 0.8999999762
8414  -7.018  -75.395  -26.409 0.8999999762
8416  -11.665  -75.689  -26.837 0.6999999881
8422  -18.873  -75.864  -26.573 0.4000000060
8423  -22.772  -75.200  -26.497 0.8000000119
8425  -23.898  -75.414  -26.402 0.6999999881
8426  -6.256  -75.216  -27.019 0.8999999762
8427  -6.586  -75.207  -27.005 0.8999999762
8428  -11.123  -76.181  -27.802 0.6000000238
8433  -17.873  -76.245  -27.507 0.4000000060
8437  -23.196  -74.848  -27.026 0.8000000119
8438  -11.103  -76.026  -27.990 0.5000000000
8439  -11.347  -75.748  -28.289 0.5000000000
8443  -15.445  -75.615  -28.033 0.2000000030
8444  -16.076  -75.694  -28.153 0.3000000119
8445  -16.745  -75.828  -28.066 0.3000000119
8447  -18.177  -75.575  -27.749 0.4000000060
8449  -12.224  -75.693  -28.908 0.4000000060
8452  -14.817  -75.388  -28.324 0.3000000119
8454  -15.953  -75.397  -28.485 0.3000000119
8466  -0.778  -73.910  21.954 0.5000000000
8467  -0.921  -74.021  21.847 0.5000000000
8468  -1.278  -74.099  21.769 0.4000000060
8471  -0.715  -74.010  21.737 0.5000000000
8472  -0.943  -74.413  21.377 0.5000000000
8473  -1.623  -74.627  21.432 0.4000000060
8479  -2.589  -74.837  20.231 0.4000000060
8488  -9.717  -75.045  19.185 0.1000000015
8489  -1.125  -75.167  19.183 0.4000000060
8490  -3.158  -74.709  18.930 0.3000000119
8491  -3.411  -74.701  18.411 0.3000000119
8493  -9.543  -74.438  19.153 0.1000000015
8494  -9.758  -74.682  18.799 0.1000000015
8496  -1.748  -75.224  17.581 0.3000000119
8500  -10.095  -74.718  17.898 0.1000000015
8502  -2.067  -75.175  16.814 0.3000000119
8503  -3.884  -74.515  17.468 0.3000000119
8506  -10.212  -74.435  17.245 0.1000000015
8507  -10.351  -74.847  17.379 0.1000000015
8508  2.572  -74.634  16.175 1.0000000000
8509  2.111  -74.776  16.359 1.0000000000
8513  -4.562  -74.884  16.677 0.1000000015
8518  2.581  -74.851  15.551 1.0000000000
8520  1.772  -75.099  15.846 1.0000000000
8521  -3.158  -75.254  15.237 0.3000000119
8527  -10.796  -74.900  16.133 0.1000000015
8529  2.548  -74.968  15.075 1.0000000000
8530  1.501  -75.405  15.322 1.0000000000
8533  -3.750  -75.046  14.298 0.5000000000
8539  2.450  -74.902  14.625 1.0000000000
8540  2.341  -74.780  14.048 0.8000000119
8542  0.982  -75.269  14.426 1.0000000000
8543  -4.043  -74.735  13.893 0.5000000000
8544  -4.214  -74.457  13.590 0.5000000000
8547  2.241  -74.575  13.563 0.8000000119
8549  -4.439  -74.542  13.254 0.5000000000
8553  0.207  -75.291  12.749 1.0000000000
8554  -0.012  -74.914  12.186 1.0000000000
8555  -4.712  -74.634  12.782 0.5000000000
8556  -4.955  -74.677  12.283 0.5000000000
8559  1.961  -74.831  12.334 0.6999999881
8561  -0.313  -75.002  11.591 1.0000000000
8562  -5.124  -74.715  11.790 0.5000000000
8564  -12.909  -74.855  11.115 0.1000000015
8566  -22.937  -75.141  11.186 0.2000000030
8568  1.470  -74.975  11.076 0.3000000119
8570  -1.017  -74.546  10.445 1.0000000000
8572  -5.551  -74.688  10.464 0.5000000000
8574  -13.276  -74.591  10.532 0.1000000015
8577  -15.980  -75.370  10.297 0.1000000015
8579  -17.699  -75.345  10.414 0.1000000015
8581  -19.338  -75.194  10.583 0.1000000015
8582  -20.127  -75.125  10.687 0.1000000015
8584  -21.583  -74.993  10.903 0.1000000015
8585  -22.419  -74.887  10.947 0.2000000030
8587  -24.010  -75.023  10.849 0.1000000015
8588  -24.755  -74.988  10.584 0.2000000030
8589  -25.386  -75.280  10.387 0.2000000030
8590  -25.607  -75.473  10.170 0.2000000030
8592  -0.849  -74.964  10.290 1.0000000000
8593  -1.265  -74.679  9.808 1.0000000000
8595  -5.749  -74.842  9.830 0.6000000238
8596  -13.444  -74.052  10.054 0.1000000015
8597  -14.017  -74.343  9.966 0.1000000015
8598  -14.830  -74.636  9.892 0.1000000015
8600  -16.521  -74.890  9.911 0.1000000015
8602  -18.182  -74.852  10.053 0.1000000015
8604  -19.799  -74.728  10.258 0.1000000015
8605  -20.583  -74.679  10.385 0.1000000015
8607  -21.828  -74.688  10.702 0.1000000015
8608  -24.999  -74.684  10.287 0.1000000015
8610  -26.044  -75.122  10.024 0.1000000015
8611  -26.347  -75.384  9.554 0.1000000015
8614  -2.076  -74.610  8.778 1.0000000000
8615  -5.906  -74.811  9.030 0.6000000238
8617  -26.529  -75.048  9.391 0.1000000015
8618  0.638  -75.021  8.019 0.2000000030
8619  0.476  -75.552  7.828 0.3000000119
8622  -2.571  -74.728  8.045 1.0000000000
8623  -5.926  -74.770  8.295 0.6000000238
8625  -27.535  -75.180  8.227 0.1000000015
8626  0.538  -74.745  7.187 0.1000000015
8628  -1.461  -75.657  8.089 1.0000000000
8629  -1.827  -75.393  7.829 1.0000000000
8630  -2.648  -74.998  7.487 1.0000000000
8632  -3.850  -74.592  7.305 0.8999999762
8633  -5.263  -74.562  7.162 0.6999999881
8634  -5.747  -74.728  7.498 0.6999999881
8638  -23.943  -74.938  7.298 0.2000000030
8639  -24.697  -75.038  7.165 0.2000000030
8640  -25.013  -75.146  7.078 0.2000000030
8643  0.503  -74.714  6.619 0.1000000015
8644  0.309  -75.112  6.858 0.1000000015
8645  -2.852  -75.286  6.825 1.0000000000
8650  -18.597  -75.386  6.617 0.4000000060
8653  -20.665  -75.208  6.925 0.3000000119
8654  -21.518  -74.835  6.869 0.3000000119
8655  -22.399  -74.616  6.713 0.2000000030
8658  -24.994  -75.014  6.650 0.2000000030
8662  -3.111  -75.293  6.464 1.0000000000
8663  -3.615  -75.099  6.293 0.8000000119
8666  -5.844  -75.177  6.318 0.6000000238
8667  -13.996  -75.254  5.623 0.3000000119
8668  -14.380  -75.140  5.705 0.3000000119
8670  -15.780  -75.113  5.838 0.3000000119
8671  -16.515  -75.156  5.893 0.3000000119
8673  -18.278  -75.166  6.318 0.4000000060
8674  -19.238  -74.839  6.148 0.3000000119
8678  -22.286  -74.318  6.069 0.2000000030
8679  -23.724  -74.477  5.912 0.2000000030
8681  -25.114  -75.213  5.875 0.2000000030
8683  0.561  -74.613  5.576 0.1000000015
8684  0.161  -75.236  5.233 0.1000000015
8685  -1.572  -74.633  4.619 0.1000000015
8688  -13.910  -74.957  5.230 0.3000000119
8689  -14.747  -74.767  5.310 0.3000000119
8691  -16.190  -74.776  5.449 0.3000000119
8692  -16.911  -74.751  5.495 0.3000000119
8696  -23.212  -74.702  4.578 0.1000000015
8704  -1.074  -74.772  3.928 0.1000000015
8710  -12.673  -74.781  4.217 0.3000000119
8711  -13.495  -74.526  4.400 0.3000000119
8714  -15.630  -74.425  5.023 0.3000000119
8715  -22.466  -74.871  3.956 0.1000000015
8721  -0.162  -75.493  3.374 0.1000000015
8724  -2.244  -74.976  3.522 0.1000000015
8728  -11.119  -75.008  3.088 0.4000000060
8730  -12.456  -74.432  3.512 0.4000000060
8739  -0.914  -75.375  2.788 0.1000000015
8740  -1.408  -75.383  2.845 0.1000000015
8741  -1.999  -75.306  2.883 0.1000000015
8746  -11.574  -74.431  2.652 0.5000000000
8747  -12.019  -74.407  3.074 0.4000000060
8749  -20.413  -74.820  2.564 0.1000000015
8750  -21.000  -75.029  2.876 0.1000000015
8756  -0.451  -75.804  2.069 0.1000000015
8758  -1.172  -75.521  2.424 0.1000000015
8762  -10.093  -75.267  1.811 0.5000000000
8763  -10.527  -74.859  1.777 0.5000000000
8765  -18.975  -74.467  1.474 0.1000000015
8767  -19.945  -74.969  2.102 0.1000000015
8771  -0.787  -75.685  1.692 0.1000000015
8776  -18.416  -74.534  0.808 0.1000000015
8777  -18.715  -74.673  1.131 0.1000000015
8778  -19.056  -75.118  1.352 0.1000000015
8782  -9.929  -75.063  0.688 0.5000000000
8785  -18.123  -74.744  0.519 0.1000000015
8791  -9.863  -74.998  -0.081 0.5000000000
8792  -10.329  -74.563  -0.295 0.5000000000
8794  -17.263  -74.779  -0.251 0.1000000015
8799  -10.013  -74.876  -0.889 0.5000000000
8800  -10.433  -74.397  -0.993 0.5000000000
8802  -16.297  -74.879  -1.004 0.2000000030
8812  -10.587  -74.258  -1.550 0.5000000000
8814  -15.350  -74.897  -1.793 0.3000000119
8823  -10.309  -74.469  -2.779 0.4000000060
8824  -10.737  -74.125  -2.793 0.4000000060
8825  -14.117  -74.979  -2.707 0.3000000119
8826  -14.438  -75.005  -2.479 0.3000000119
8843  -10.851  -74.107  -3.305 0.4000000060
8846  -13.752  -75.077  -3.008 0.3000000119
8863  -10.311  -74.785  -4.336 0.4000000060
8866  -12.508  -74.669  -4.158 0.4000000060
8867  -12.920  -74.945  -3.818 0.3000000119
8877  -10.686  -74.864  -4.895 0.4000000060
8878  -11.420  -74.853  -4.913 0.4000000060
8880  -20.473  -75.762  -5.539 0.1000000015
8881  -20.775  -75.652  -5.450 0.1000000015
8896  -18.429  -75.206  -5.964 0.1000000015
8910  -16.165  -74.686  -6.833 0.1000000015
8973  -18.937  -74.960  -11.612 0.1000000015
8979  -19.321  -74.950  -12.512 0.1000000015
8988  -27.634  -74.890  -13.334 0.1000000015
8991  -29.795  -75.460  -13.276 0.1000000015
8998  -19.701  -74.901  -13.520 0.2000000030
8999  -19.968  -75.006  -13.864 0.2000000030
9002  -26.493  -74.684  -13.808 0.1000000015
9020  -20.928  -74.787  -15.004 0.1000000015
9021  -21.484  -75.028  -15.302 0.1000000015
9023  -23.323  -74.765  -15.409 0.1000000015
9028  0.615  -74.452  -15.950 0.1000000015
9029  0.780  -74.825  -16.487 0.3000000119
9048  -22.786  -74.784  -15.509 0.1000000015
9049  -23.101  -74.965  -15.509 0.1000000015
9052  0.943  -74.479  -16.757 0.3000000119
9053  0.967  -74.780  -16.695 0.3000000119
9074  -1.604  -74.481  -17.287 0.6000000238
9076  -2.798  -74.653  -17.814 0.6999999881
9085  -24.280  -74.608  -17.391 0.2000000030
9087  -25.678  -75.092  -17.079 0.2000000030
9093  1.060  -74.660  -17.844 0.3000000119
9095  -3.074  -74.939  -17.958 0.6999999881
9096  -3.341  -75.242  -18.213 0.5000000000
9097  -8.337  -74.786  -18.477 1.0000000000
9099  -9.649  -75.022  -17.901 1.0000000000
9100  -10.466  -74.998  -18.146 1.0000000000
9101  -11.139  -74.798  -18.223 1.0000000000
9108  -23.649  -74.653  -17.910 0.2000000030
9111  -31.295  -74.547  -17.667 0.1000000015
9114  0.734  -74.841  -18.744 0.3000000119
9117  -4.066  -75.181  -19.029 0.6999999881
9118  -7.622  -75.184  -19.265 1.0000000000
9121  -11.464  -75.036  -18.804 1.0000000000
9122  -11.887  -74.702  -19.178 0.8999999762
9128  -23.061  -74.524  -18.754 0.2000000030
9130  0.940  -74.502  -18.898 0.3000000119
9131  0.572  -74.495  -19.069 0.3000000119
9132  0.195  -74.394  -19.179 0.3000000119
9134  -7.443  -75.022  -19.759 1.0000000000
9135  -11.789  -75.160  -19.520 0.8999999762
9141  -23.003  -74.499  -18.985 0.2000000030
9142  -23.058  -74.813  -19.522 0.3000000119
9143  -4.658  -74.815  -20.398 0.8999999762
9144  -4.936  -74.905  -21.042 0.8000000119
9146  -12.014  -75.130  -20.088 0.8999999762
9152  -4.774  -74.357  -20.918 0.8999999762
9153  -4.938  -74.425  -21.596 0.8000000119
9155  -12.523  -74.212  -21.342 0.8999999762
9160  -5.148  -74.515  -22.377 0.8999999762
9163  -12.558  -74.199  -22.226 0.8999999762
9168  -7.239  -74.335  -23.018 0.8999999762
9172  -5.361  -74.646  -23.918 0.8000000119
9174  -12.154  -74.969  -24.045 0.8000000119
9175  -12.504  -74.468  -23.868 0.8999999762
9176  -21.328  -75.226  -24.195 0.6000000238
9177  -21.567  -75.281  -24.187 0.5000000000
9178  -23.799  -74.594  -23.976 0.5000000000
9179  -5.390  -74.582  -24.583 0.8999999762
9180  -7.114  -74.693  -24.499 0.8999999762
9183  -16.544  -74.410  -24.747 0.8000000119
9184  -17.155  -74.553  -24.747 0.8000000119
9185  -17.540  -74.585  -24.866 0.6999999881
9188  -22.050  -75.436  -24.563 0.6999999881
9190  -24.151  -75.275  -24.928 0.6999999881
9192  -7.233  -74.726  -25.229 0.8000000119
9193  -11.862  -75.536  -25.115 0.8000000119
9195  -16.310  -74.489  -25.325 0.8000000119
9197  -17.342  -74.617  -25.239 0.8000000119
9198  -20.058  -75.035  -25.635 0.4000000060
9201  -22.039  -75.280  -24.904 0.6999999881
9202  -23.987  -74.780  -25.555 0.6999999881
9204  -5.590  -74.966  -26.095 0.8000000119
9205  -5.784  -74.663  -26.489 0.8000000119
9206  -7.327  -74.770  -25.948 0.8000000119
9207  -12.079  -75.250  -26.179 0.6999999881
9208  -16.168  -74.495  -25.812 0.8000000119
9210  -17.106  -74.645  -25.545 0.8000000119
9212  -20.313  -74.856  -25.963 0.5000000000
9216  -23.947  -74.752  -26.039 0.6999999881
9217  -24.144  -75.193  -26.014 0.6999999881
9219  -5.940  -75.115  -26.718 0.8000000119
9220  -6.910  -75.146  -26.919 0.8999999762
9221  -7.203  -74.969  -26.640 0.8000000119
9222  -11.609  -75.677  -27.268 0.6999999881
9224  -16.295  -74.509  -26.061 0.8000000119
9225  -16.476  -74.522  -26.255 0.8000000119
9230  -22.360  -74.771  -26.681 0.8000000119
9231  -23.776  -74.795  -26.578 0.6999999881
9233  -6.314  -74.805  -27.049 0.6999999881
9234  -6.843  -74.693  -27.110 0.8000000119
9236  -11.646  -75.432  -27.701 0.5000000000
9237  -12.044  -74.922  -27.620 0.5000000000
9238  -18.650  -75.478  -27.473 0.4000000060
9240  -20.134  -74.591  -27.245 0.8000000119
9243  -22.576  -74.508  -27.154 0.8000000119
9245  -11.782  -75.093  -28.324 0.5000000000
9252  -20.045  -74.294  -27.789 0.6000000238
9253  -12.015  -75.018  -28.998 0.4000000060
9255  -13.565  -75.190  -28.826 0.5000000000
9257  -14.939  -75.136  -28.653 0.3000000119
9260  -16.873  -74.836  -28.701 0.4000000060
9261  -13.278  -74.813  -29.051 0.5000000000
9270  -0.709  -73.669  21.920 0.5000000000
9271  -1.078  -73.663  22.000 0.5000000000
9272  -1.422  -73.677  21.903 0.4000000060
9275  -0.555  -73.724  21.356 0.5000000000
9281  -0.550  -73.702  20.973 0.5000000000
9282  -0.666  -74.071  20.868 0.5000000000
9283  -2.071  -74.104  21.202 0.4000000060
9284  -2.438  -74.109  20.579 0.3000000119
9293  -1.063  -74.390  19.390 0.6000000238
9294  -2.999  -74.048  19.142 0.3000000119
9297  -9.445  -74.238  19.390 0.1000000015
9299  -1.306  -74.489  18.642 0.6000000238
9300  -1.603  -74.470  17.901 0.5000000000
9301  -3.494  -74.138  18.104 0.3000000119
9305  2.605  -73.895  17.064 1.0000000000
9306  2.242  -73.977  17.293 1.0000000000
9309  -3.725  -73.972  17.645 0.3000000119
9310  -4.010  -74.011  17.109 0.2000000030
9317  1.771  -74.271  16.814 1.0000000000
9319  -2.597  -74.877  15.909 0.3000000119
9321  -4.724  -74.537  16.343 0.1000000015
9323  -10.244  -74.124  17.109 0.1000000015
9326  1.302  -74.430  16.001 1.0000000000
9330  -4.600  -73.717  16.122 0.2000000030
9336  2.633  -74.476  15.055 1.0000000000
9337  1.313  -74.935  15.497 1.0000000000
9338  0.946  -74.412  15.113 1.0000000000
9340  -3.679  -74.443  14.170 0.5000000000
9342  -5.974  -74.158  14.825 0.1000000015
9350  0.040  -73.777  13.565 1.0000000000
9351  -3.451  -73.935  14.161 0.5000000000
9352  -3.895  -74.045  13.706 0.5000000000
9362  -4.097  -73.811  13.282 0.5000000000
9363  -4.430  -73.995  12.988 0.5000000000
9365  1.949  -74.187  12.647 0.4000000060
9366  0.056  -74.551  12.581 1.0000000000
9368  -4.778  -74.053  12.471 0.5000000000
9373  1.482  -74.145  11.569 0.3000000119
9374  -0.684  -74.175  11.340 1.0000000000
9375  -1.131  -73.915  11.026 1.0000000000
9376  -4.899  -73.824  11.987 0.5000000000
9377  -5.159  -74.104  11.487 0.5000000000
9382  -0.958  -74.279  10.811 1.0000000000
9384  -2.034  -73.772  10.287 1.0000000000
9385  -5.383  -74.140  10.724 0.5000000000
9386  -5.629  -74.349  10.195 0.6000000238
9388  -13.091  -74.032  10.270 0.1000000015
9389  -22.574  -74.441  10.549 0.1000000015
9390  -23.078  -74.529  10.588 0.1000000015
9392  -24.273  -74.738  10.588 0.1000000015
9396  -3.370  -73.672  9.688 0.6999999881
9397  -3.840  -73.620  9.649 0.6999999881
9398  -5.363  -73.970  9.989 0.5000000000
9401  -13.100  -73.600  10.028 0.1000000015
9404  -15.378  -74.293  9.428 0.1000000015
9405  -16.217  -74.403  9.470 0.1000000015
9409  -19.478  -74.292  9.861 0.1000000015
9414  -23.577  -74.222  10.166 0.1000000015
9416  -25.287  -74.528  9.986 0.2000000030
9417  -25.684  -74.771  9.981 0.2000000030
9419  -1.732  -74.446  9.422 1.0000000000
9425  -5.709  -74.284  9.473 0.6000000238
9426  -13.999  -73.359  9.308 0.1000000015
9430  -16.746  -73.987  9.077 0.1000000015
9432  -18.379  -73.984  9.258 0.1000000015
9434  -19.982  -73.888  9.485 0.1000000015
9435  -20.778  -73.836  9.625 0.1000000015
9437  -22.410  -73.842  9.746 0.1000000015
9439  -24.071  -73.869  9.635 0.1000000015
9441  -25.940  -74.538  9.582 0.1000000015
9442  -26.383  -74.730  9.408 0.1000000015
9444  -2.293  -74.555  8.667 1.0000000000
9445  -2.721  -74.462  8.430 1.0000000000
9446  -3.537  -74.176  8.417 0.8999999762
9448  -5.129  -74.007  8.553 0.6000000238
9449  -5.716  -74.231  8.786 0.6000000238
9450  -25.365  -73.822  8.907 0.1000000015
9453  -27.263  -74.697  8.438 0.1000000015
9456  -3.191  -74.523  7.859 0.8999999762
9457  -4.006  -74.379  7.628 0.6999999881
9461  -27.696  -74.472  7.792 0.1000000015
9464  -0.346  -73.563  6.276 0.1000000015
9466  -1.147  -73.940  6.267 0.1000000015
9467  -4.584  -74.468  7.229 0.6999999881
9468  -4.951  -74.475  7.202 0.6999999881
9470  -23.172  -74.309  5.956 0.2000000030
9473  0.802  -74.096  5.925 0.1000000015
9474  -0.279  -73.616  5.970 0.1000000015
9477  -2.369  -74.033  5.592 0.1000000015
9479  -19.723  -74.459  5.792 0.3000000119
9480  -20.354  -74.299  5.727 0.3000000119
9481  -21.137  -74.180  5.660 0.2000000030
9482  -21.900  -74.150  5.583 0.2000000030
9483  -22.669  -74.194  5.582 0.2000000030
9486  0.712  -74.089  5.214 0.1000000015
9487  0.459  -73.844  4.866 0.1000000015
9488  -0.229  -73.929  5.128 0.1000000015
9489  -1.275  -74.435  4.894 0.1000000015
9490  -2.140  -74.340  5.020 0.1000000015
9491  -2.728  -74.128  5.104 0.1000000015
9494  -16.478  -74.377  5.078 0.3000000119
9497  -18.867  -74.079  5.128 0.3000000119
9500  -21.408  -73.984  4.977 0.2000000030
9502  -22.988  -74.352  4.884 0.2000000030
9503  -23.326  -74.459  5.101 0.2000000030
9505  0.502  -74.198  4.761 0.1000000015
9508  -1.139  -74.602  4.358 0.1000000015
9513  -13.752  -74.100  3.882 0.3000000119
9514  -14.253  -74.086  4.117 0.3000000119
9515  -15.028  -74.103  4.358 0.3000000119
9517  -16.744  -74.004  4.559 0.3000000119
9518  -17.552  -73.750  4.369 0.3000000119
9520  -19.207  -73.743  4.584 0.3000000119
9522  -20.909  -73.934  4.303 0.2000000030
9523  -21.688  -74.099  4.318 0.2000000030
9528  -0.514  -74.696  3.730 0.1000000015
9531  -12.741  -74.060  3.152 0.4000000060
9534  -14.807  -73.763  3.741 0.3000000119
9535  -15.584  -73.772  3.932 0.3000000119
9537  -16.940  -73.714  4.155 0.3000000119
9538  -19.848  -73.689  3.329 0.2000000030
9541  -21.867  -74.541  3.821 0.2000000030
9545  -0.093  -75.138  2.985 0.1000000015
9546  -0.555  -74.933  3.066 0.1000000015
9548  -11.877  -74.060  2.376 0.4000000060
9551  -13.503  -73.730  3.111 0.3000000119
9552  -19.035  -73.687  2.335 0.2000000030
9554  -20.215  -74.153  2.883 0.2000000030
9555  -20.831  -74.443  3.114 0.2000000030
9561  -11.050  -74.353  1.584 0.5000000000
9563  -12.155  -73.812  2.093 0.4000000060
9564  -12.535  -73.752  2.398 0.3000000119
9565  -18.335  -73.870  1.235 0.1000000015
9567  -19.356  -74.120  2.094 0.1000000015
9573  -11.353  -74.029  1.179 0.5000000000
9574  -11.885  -73.760  1.492 0.4000000060
9576  -18.573  -74.177  1.196 0.1000000015
9583  -11.774  -73.707  0.785 0.5000000000
9584  -17.616  -74.294  0.047 0.1000000015
9585  -17.855  -73.994  0.434 0.1000000015
9590  -10.787  -74.173  -0.382 0.5000000000
9593  -17.156  -74.033  -0.318 0.2000000030
9597  -10.916  -74.047  -1.067 0.4000000060
9598  -11.415  -73.650  -1.167 0.3000000119
9599  -15.890  -74.464  -1.406 0.3000000119
9600  -16.343  -74.114  -1.042 0.2000000030
9608  -10.974  -73.959  -1.840 0.5000000000
9610  -14.554  -73.920  -2.355 0.3000000119
9611  -14.890  -74.204  -2.133 0.3000000119
9621  -10.714  -74.117  -2.428 0.5000000000
9622  -11.123  -73.836  -2.622 0.3000000119
9624  -13.133  -73.433  -2.842 0.3000000119
9625  -13.500  -73.661  -2.862 0.3000000119
9626  -14.153  -74.120  -2.635 0.3000000119
9640  -11.414  -73.784  -3.269 0.4000000060
9641  -12.053  -73.592  -3.325 0.4000000060
9642  -12.854  -73.658  -3.258 0.4000000060
9643  -13.431  -74.211  -3.138 0.4000000060
9644  -13.761  -74.641  -2.979 0.3000000119
9704  -16.769  -73.817  -6.667 0.1000000015
9713  -15.631  -74.073  -8.071 0.1000000015
9726  -15.574  -73.740  -8.619 0.1000000015
9739  -15.744  -73.370  -9.173 0.1000000015
9757  -17.216  -73.598  -10.451 0.1000000015
9758  -17.615  -73.515  -10.581 0.1000000015
9763  -16.492  -74.241  -10.551 0.1000000015
9772  -18.926  -74.662  -11.856 0.1000000015
9778  -18.796  -73.876  -12.364 0.1000000015
9779  -18.983  -74.482  -12.216 0.1000000015
9785  -18.890  -73.677  -12.753 0.1000000015
9801  -25.825  -74.083  -14.022 0.1000000015
9827  -20.410  -74.037  -14.785 0.2000000030
9830  -22.925  -74.062  -15.371 0.1000000015
9831  -23.616  -74.053  -15.088 0.1000000015
9854  -21.824  -74.006  -15.464 0.1000000015
9855  -22.446  -74.139  -15.477 0.1000000015
9856  -22.766  -74.357  -15.468 0.1000000015
9866  -25.287  -73.791  -16.784 0.2000000030
9871  -29.203  -73.937  -16.675 0.2000000030
9876  -0.799  -73.309  -17.555 0.6000000238
9877  -1.433  -73.563  -17.286 0.6000000238
9878  -2.199  -73.790  -17.486 0.6999999881
9879  -2.949  -74.032  -17.808 0.6999999881
9880  -3.388  -73.822  -18.011 0.6999999881
9881  -11.306  -73.638  -17.775 0.8999999762
9888  -24.249  -73.850  -17.199 0.2000000030
9890  -25.468  -74.398  -16.892 0.2000000030
9896  1.159  -74.072  -18.009 0.3000000119
9897  -0.314  -73.727  -18.061 0.5000000000
9899  -3.599  -74.384  -18.267 0.6999999881
9902  -9.321  -74.165  -17.841 0.8000000119
9905  -11.710  -74.102  -18.271 0.8999999762
9906  -12.170  -73.737  -18.546 0.8999999762
9907  -23.117  -73.741  -18.241 0.2000000030
9908  -23.466  -73.957  -17.852 0.2000000030
9913  1.105  -74.075  -18.731 0.3000000119
9914  -0.060  -74.074  -18.822 0.5000000000
9915  -3.892  -74.789  -18.702 0.6999999881
9916  -4.156  -74.350  -19.044 0.8000000119
9917  -7.743  -74.686  -19.330 0.8999999762
9918  -8.112  -74.381  -18.863 0.8000000119
9923  -29.403  -73.682  -19.382 0.2000000030
9928  0.890  -74.082  -19.268 0.3000000119
9929  0.406  -74.046  -19.380 0.3000000119
9930  0.120  -74.035  -19.235 0.3000000119
9931  -4.434  -74.331  -19.814 0.8000000119
9932  -7.592  -74.342  -19.984 0.8999999762
9935  -18.077  -73.409  -19.866 0.5000000000
9936  -18.251  -73.518  -19.971 0.5000000000
9937  -18.769  -73.662  -19.989 0.4000000060
9938  -22.897  -74.033  -19.339 0.3000000119
9940  -28.891  -73.479  -19.859 0.2000000030
9943  -30.280  -73.818  -19.743 0.2000000030
9946  -7.490  -74.298  -20.743 0.8000000119
9947  -12.624  -73.888  -20.505 1.0000000000
9948  -17.559  -73.405  -20.454 0.5000000000
9949  -17.849  -73.466  -20.295 0.5000000000
9953  -22.904  -73.706  -19.939 0.3000000119
9957  -29.774  -73.699  -20.597 0.1000000015
9959  -4.601  -73.723  -21.220 0.8000000119
9960  -4.721  -73.878  -21.725 0.8000000119
9963  -17.510  -73.481  -20.787 0.5000000000
9964  -18.011  -73.686  -21.027 0.5000000000
9966  -19.444  -73.832  -21.342 0.6000000238
9967  -20.089  -73.585  -21.506 0.6000000238
9970  -29.240  -73.863  -21.304 0.2000000030
9974  -7.473  -73.777  -22.419 0.8999999762
9978  -18.205  -73.920  -21.837 0.6000000238
9980  -19.680  -73.796  -22.097 0.6000000238
9983  -28.708  -73.769  -21.933 0.1000000015
9984  -29.352  -73.530  -22.184 0.1000000015
9986  -4.574  -73.441  -22.604 0.8999999762
9987  -4.924  -73.968  -22.857 0.8999999762
9988  -7.451  -73.790  -23.151 0.6999999881
9989  -12.899  -73.677  -22.713 0.8999999762
9993  -19.314  -73.931  -22.728 0.6000000238
9995  -20.277  -73.429  -22.910 0.6000000238
9998  -29.236  -73.482  -22.589 0.1000000015
10000  -4.980  -73.932  -23.600 0.8000000119
10001  -7.357  -74.013  -23.666 0.6999999881
10003  -13.235  -73.526  -23.823 0.8999999762
10006  -17.307  -74.109  -23.436 0.8000000119
10009  -19.712  -73.798  -23.441 0.6000000238
10010  -20.072  -73.628  -23.172 0.6000000238
10011  -23.584  -73.822  -23.780 0.5000000000
10013  -7.302  -74.168  -24.289 0.6999999881
10014  -12.851  -74.172  -24.505 0.8999999762
10015  -13.348  -73.600  -24.344 0.8999999762
10016  -13.727  -73.427  -24.487 0.8999999762
10017  -14.867  -73.605  -24.534 0.8999999762
10020  -16.899  -74.304  -24.148 0.6999999881
10025  -5.224  -74.009  -24.985 0.8000000119
10026  -7.377  -74.223  -24.944 0.6999999881
10031  -15.280  -73.977  -25.019 0.8999999762
10034  -18.413  -74.303  -24.905 0.6999999881
10037  -5.418  -74.119  -25.676 0.8000000119
10038  -5.716  -74.171  -26.290 0.8000000119
10040  -7.731  -73.738  -25.666 0.8000000119
10042  -13.034  -74.252  -26.048 0.8000000119
10046  -15.750  -74.308  -25.507 0.8000000119
10047  -16.938  -74.540  -26.283 0.8000000119
10050  -18.783  -74.078  -25.310 0.8000000119
10052  -6.031  -74.402  -26.734 0.6999999881
10053  -7.652  -74.120  -26.547 0.6999999881
10054  -7.803  -73.728  -26.040 0.8000000119
10056  -12.805  -74.394  -26.866 0.6999999881
10061  -16.608  -74.428  -26.710 0.8999999762
10063  -17.953  -74.204  -26.282 0.8000000119
10064  -23.408  -74.027  -26.631 0.8000000119
10066  -6.965  -73.998  -27.295 0.8000000119
10067  -7.551  -73.816  -27.263 0.8000000119
10068  -12.494  -74.477  -27.580 0.6999999881
10069  -13.072  -74.039  -27.504 0.8000000119
10072  -15.273  -74.126  -27.089 0.8000000119
10073  -16.108  -74.158  -27.244 0.8000000119
10074  -16.904  -74.140  -27.227 0.8999999762
10078  -21.943  -74.065  -27.551 0.8999999762
10080  -23.069  -73.765  -27.075 0.6999999881
10081  -12.159  -74.668  -28.556 0.5000000000
10082  -12.664  -74.276  -28.301 0.8000000119
10084  -14.962  -73.934  -27.528 0.6999999881
10086  -16.072  -73.779  -27.721 0.6999999881
10090  -19.623  -74.107  -28.171 0.6999999881
10092  -21.239  -73.771  -27.905 0.8999999762
10095  -12.988  -74.374  -28.996 0.5000000000
10096  -13.968  -74.954  -28.906 0.5000000000
10097  -14.455  -74.874  -28.908 0.5000000000
10098  -15.069  -74.817  -28.975 0.3000000119
10099  -15.708  -74.721  -29.026 0.5000000000
10100  -16.398  -74.469  -29.015 0.4000000060
10104  -19.824  -73.731  -28.383 0.8000000119
10105  -20.247  -73.639  -28.322 0.8000000119
10106  -13.512  -74.479  -29.078 0.6999999881
10107  -13.958  -74.586  -29.087 0.5000000000
10109  -15.176  -74.346  -29.285 0.5000000000
10110  -15.801  -74.262  -29.269 0.5000000000
10111  -16.184  -74.052  -29.260 0.4000000060
10112  -14.347  -74.295  -29.179 0.5000000000
10113  -14.695  -74.190  -29.250 0.5000000000
10114  -14.886  -74.071  -29.319 0.5000000000
10138  -0.518  -72.973  21.752 0.6999999881
10140  -1.294  -73.206  21.968 0.5000000000
10152  -1.678  -73.333  21.738 0.4000000060
10164  -0.529  -73.247  20.742 0.6999999881
10165  -0.577  -73.673  20.732 0.5000000000
10166  -1.954  -73.532  21.401 0.4000000060
10182  -0.615  -73.127  20.240 0.6999999881
10184  -2.522  -73.297  20.156 0.4000000060
10198  2.483  -72.752  18.449 1.0000000000
10199  2.301  -72.798  18.599 1.0000000000
10201  -0.971  -73.680  19.612 0.6000000238
10205  -9.457  -73.740  19.480 0.1000000015
10215  2.485  -72.916  18.236 1.0000000000
10216  2.151  -73.111  18.168 1.0000000000
10218  -1.257  -73.657  18.811 0.6999999881
10220  -3.023  -72.746  18.582 0.3000000119
10231  1.498  -73.555  17.280 1.0000000000
10233  -1.678  -73.560  17.500 0.6000000238
10235  -4.090  -73.525  16.750 0.2000000030
10240  2.702  -73.394  16.834 1.0000000000
10241  1.165  -73.697  16.542 1.0000000000
10242  0.799  -73.459  16.111 1.0000000000
10243  -1.946  -73.381  16.568 0.6000000238
10244  -4.005  -72.986  16.679 0.2000000030
10249  2.661  -73.376  15.999 1.0000000000
10250  0.977  -73.881  15.981 1.0000000000
10253  -2.797  -73.967  15.169 0.5000000000
10254  -4.662  -73.336  15.800 0.2000000030
10259  2.175  -73.133  14.603 0.8000000119
10260  0.311  -73.487  14.703 1.0000000000
10262  -2.525  -72.965  14.858 0.5000000000
10264  -5.500  -73.313  14.669 0.1000000015
10265  -5.907  -73.593  14.494 0.1000000015
10270  2.340  -73.888  14.361 0.8000000119
10271  2.130  -73.506  14.058 0.8000000119
10273  -0.125  -73.263  14.037 1.0000000000
10274  -3.488  -73.334  13.628 0.5000000000
10275  -3.883  -73.620  13.392 0.5000000000
10277  -5.919  -73.131  14.291 0.1000000015
10282  1.793  -73.402  13.083 0.3000000119
10284  -0.589  -73.076  13.247 1.0000000000
10285  -1.129  -72.633  13.149 1.0000000000
10286  -3.539  -73.070  13.122 0.5000000000
10288  -4.468  -73.692  12.681 0.5000000000
10290  1.665  -73.768  12.239 0.3000000119
10295  -4.119  -73.128  12.116 0.6000000238
10299  1.335  -73.512  11.571 0.3000000119
10302  -2.182  -72.865  11.746 0.8999999762
10305  -4.693  -73.398  11.506 0.5000000000
10310  -1.402  -73.689  10.974 1.0000000000
10313  -3.446  -73.171  10.855 0.6000000238
10314  -4.232  -73.263  10.782 0.5000000000
10315  -4.983  -73.541  10.604 0.5000000000
10318  1.133  -73.126  10.240 0.2000000030
10319  -2.433  -73.490  10.432 0.8999999762
10323  -5.000  -73.624  10.012 0.6000000238
10328  -4.266  -73.591  9.625 0.6999999881
10329  -4.838  -73.608  9.633 0.5000000000
10330  -5.125  -73.773  9.737 0.6000000238
10332  -13.848  -72.952  9.107 0.1000000015
10334  -15.616  -73.294  8.682 0.1000000015
10335  -16.446  -73.488  8.614 0.1000000015
10336  -17.279  -73.646  8.597 0.1000000015
10338  -18.887  -73.486  8.948 0.1000000015
10339  -19.689  -73.459  9.048 0.1000000015
10341  -21.269  -73.448  9.220 0.1000000015
10343  -22.818  -73.484  9.218 0.1000000015
10344  -23.605  -73.475  9.125 0.1000000015
10346  -25.025  -73.669  8.824 0.1000000015
10347  1.097  -73.261  8.589 0.1000000015
10353  -15.303  -72.669  8.327 0.1000000015
10358  -19.416  -73.083  8.547 0.1000000015
10359  -20.210  -73.086  8.620 0.1000000015
10361  -21.743  -73.124  8.764 0.1000000015
10362  -22.475  -73.186  8.746 0.1000000015
10364  -23.925  -73.154  8.390 0.1000000015
10366  -25.529  -73.548  8.439 0.1000000015
10368  -26.811  -74.068  8.343 0.1000000015
10370  0.290  -73.055  7.185 0.1000000015
10376  -24.047  -72.918  7.898 0.1000000015
10377  -24.518  -73.000  7.917 0.1000000015
10379  -26.095  -73.214  7.639 0.1000000015
10380  -27.021  -73.771  7.746 0.1000000015
10382  0.791  -73.589  6.335 0.1000000015
10385  -0.874  -73.722  6.842 0.1000000015
10390  -26.356  -72.914  7.123 0.1000000015
10395  0.482  -73.351  5.916 0.1000000015
10396  0.088  -73.303  6.118 0.1000000015
10403  0.773  -73.652  5.145 0.1000000015
10405  0.078  -73.451  5.667 0.1000000015
10413  -18.203  -73.424  3.996 0.3000000119
10415  -19.355  -73.559  4.183 0.3000000119
10419  -14.214  -73.412  3.042 0.3000000119
10421  -15.295  -73.395  3.376 0.3000000119
10422  -16.089  -73.360  3.457 0.3000000119
10424  -17.944  -73.262  3.395 0.3000000119
10426  -19.335  -73.486  3.733 0.2000000030
10432  -13.748  -73.378  2.703 0.3000000119
10433  -14.471  -73.192  2.730 0.3000000119
10435  -15.659  -73.116  2.815 0.3000000119
10446  -12.706  -73.447  1.960 0.3000000119
10447  -13.462  -73.133  1.879 0.3000000119
10450  -15.966  -72.804  2.094 0.3000000119
10451  -16.958  -72.863  1.801 0.3000000119
10452  -18.051  -73.341  1.704 0.2000000030
10458  -12.282  -73.454  1.244 0.3000000119
10469  -12.961  -72.911  0.246 0.3000000119
10470  -16.901  -73.357  -0.239 0.2000000030
10471  -17.297  -73.497  0.090 0.2000000030
10472  -17.698  -73.693  0.432 0.2000000030
10479  -12.496  -73.084  -0.476 0.3000000119
10480  -13.196  -72.713  -0.517 0.3000000119
10481  -16.258  -73.345  -0.792 0.2000000030
10482  -16.675  -73.622  -0.602 0.2000000030
10493  -15.075  -73.175  -1.530 0.2000000030
10494  -15.870  -73.622  -1.275 0.2000000030
10505  -12.305  -73.193  -2.078 0.3000000119
10506  -13.109  -73.040  -1.975 0.4000000060
10507  -13.834  -73.092  -2.025 0.3000000119
10508  -14.556  -73.484  -2.179 0.3000000119
10510  -15.380  -73.907  -1.768 0.2000000030
10522  -12.264  -73.321  -2.687 0.4000000060
10538  -12.108  -73.408  -2.953 0.4000000060
10539  -12.403  -73.420  -2.994 0.4000000060
10589  -17.763  -73.682  -6.164 0.1000000015
10602  -16.389  -73.459  -7.107 0.1000000015
10626  -15.906  -72.946  -8.545 0.1000000015
10627  -16.053  -72.759  -8.190 0.1000000015
10643  -16.313  -72.686  -9.339 0.1000000015
10659  -15.992  -73.179  -9.473 0.1000000015
10669  -18.071  -73.751  -10.933 0.1000000015
10675  -18.029  -73.021  -11.064 0.1000000015
10676  -18.252  -73.440  -11.310 0.1000000015
10683  -18.463  -73.413  -12.017 0.1000000015
10739  -21.595  -73.267  -15.359 0.1000000015
10740  -22.426  -73.468  -15.368 0.1000000015
10764  -22.176  -73.808  -15.455 0.1000000015
10767  0.689  -73.252  -16.873 0.1000000015
10770  -25.513  -73.062  -16.628 0.2000000030
10772  -27.199  -73.255  -16.392 0.2000000030
10775  -29.048  -73.500  -16.926 0.2000000030
10779  0.589  -72.932  -16.975 0.1000000015
10781  -1.325  -72.653  -17.559 0.6000000238
10783  -2.793  -73.174  -17.628 0.6999999881
10784  -3.319  -73.350  -17.863 0.8000000119
10785  -9.685  -72.651  -17.787 0.6999999881
10786  -10.363  -72.816  -17.462 0.8000000119
10788  -11.776  -73.153  -17.738 0.8999999762
10795  -29.755  -73.694  -17.477 0.2000000030
10798  1.128  -73.283  -17.938 0.3000000119
10799  -0.633  -72.902  -18.007 0.6000000238
10800  -0.951  -72.651  -17.784 0.6000000238
10801  -3.652  -73.503  -18.142 0.8000000119
10802  -3.903  -73.669  -18.440 0.8000000119
10803  -8.662  -73.462  -18.488 0.8000000119
10806  -10.618  -73.584  -17.638 0.8999999762
10807  -11.822  -73.541  -18.049 0.8999999762
10808  -12.122  -73.358  -18.172 0.8999999762
10809  -23.067  -73.183  -18.246 0.3000000119
10812  -29.752  -73.568  -18.001 0.2000000030
10815  1.224  -73.546  -18.516 0.3000000119
10817  -4.190  -73.528  -18.842 0.8000000119
10818  -8.305  -73.598  -18.979 0.8000000119
10820  -12.525  -73.293  -18.762 0.8999999762
10823  -17.440  -72.891  -19.080 0.5000000000
10825  -18.980  -73.064  -18.981 0.4000000060
10828  -28.991  -72.996  -19.033 0.2000000030
10829  -29.296  -73.279  -18.774 0.2000000030
10830  -29.797  -73.681  -18.558 0.1000000015
10837  -7.635  -73.943  -20.361 0.6999999881
10838  -7.875  -73.468  -19.926 0.8000000119
10839  -12.710  -73.490  -19.664 0.8999999762
10840  -13.017  -72.734  -19.798 0.8999999762
10841  -16.599  -72.720  -19.686 0.6000000238
10842  -16.958  -72.860  -19.498 0.5000000000
10845  -19.354  -73.504  -19.632 0.4000000060
10847  -20.865  -72.816  -19.948 0.4000000060
10850  -29.182  -73.447  -19.399 0.1000000015
10853  1.122  -72.935  -20.054 0.3000000119
10854  0.660  -72.934  -20.410 0.3000000119
10855  -4.514  -73.142  -20.534 0.8999999762
10857  -7.944  -72.926  -20.741 0.6999999881
10859  -13.249  -72.517  -20.541 0.8999999762
10862  -17.273  -73.285  -20.301 0.5000000000
10863  -17.647  -73.358  -20.096 0.5000000000
10864  -19.874  -73.542  -20.237 0.4000000060
10866  -21.128  -72.513  -20.548 0.4000000060
10868  -23.151  -73.021  -20.941 0.4000000060
10872  0.999  -72.607  -20.709 0.3000000119
10873  0.598  -72.627  -21.005 0.5000000000
10874  -4.461  -72.788  -21.440 0.8000000119
10875  -7.713  -73.213  -21.633 0.6999999881
10881  -16.687  -73.224  -20.843 0.5000000000
10883  -20.597  -73.163  -21.787 0.5000000000
10884  -21.048  -72.678  -21.408 0.5000000000
10886  -28.293  -73.138  -21.621 0.1000000015
10887  -29.954  -72.772  -21.695 0.1000000015
10890  -7.979  -72.593  -22.188 0.6999999881
10891  -13.156  -73.168  -22.219 0.8999999762
10892  -13.419  -72.699  -21.900 0.8999999762
10895  -16.508  -73.349  -21.496 0.6000000238
10896  -16.873  -73.423  -21.245 0.5000000000
10900  -28.512  -73.191  -22.500 0.1000000015
10902  -30.093  -72.854  -22.340 0.1000000015
10903  -4.338  -72.930  -23.073 0.8000000119
10904  -7.632  -73.302  -23.032 0.6999999881
10905  -7.899  -72.729  -22.943 0.6999999881
10906  -13.207  -73.282  -22.843 0.8999999762
10909  -14.890  -73.048  -22.607 0.8999999762
10911  -16.228  -73.448  -22.189 0.6999999881
10912  -20.554  -73.137  -23.127 0.6000000238
10913  -20.882  -72.765  -22.993 0.5000000000
10914  -23.469  -72.977  -22.826 0.5000000000
10916  -29.428  -73.254  -22.963 0.1000000015
10918  -4.432  -73.094  -23.742 0.8000000119
10919  -4.681  -73.500  -23.668 0.8000000119
10921  -7.807  -72.939  -23.623 0.6999999881
10923  -13.371  -73.303  -23.444 0.8999999762
10926  -15.325  -73.358  -23.147 0.8999999762
10927  -16.020  -73.605  -22.923 0.6999999881
10928  -19.976  -73.664  -23.796 0.6000000238
10932  -29.708  -72.985  -23.380 0.1000000015
10933  -29.852  -73.067  -23.192 0.1000000015
10934  -4.490  -73.089  -24.254 0.8000000119
10935  -4.717  -73.485  -24.053 0.8000000119
10936  -7.529  -73.662  -24.200 0.6999999881
10937  -7.718  -73.196  -24.132 0.6999999881
10939  -13.719  -73.278  -24.043 0.8999999762
10941  -15.079  -73.476  -23.865 0.8999999762
10942  -19.752  -73.761  -24.008 0.6000000238
10943  -20.073  -73.556  -24.169 0.6000000238
10944  -20.524  -73.207  -24.200 0.6000000238
10945  -23.084  -72.811  -24.550 0.6000000238
10947  -4.412  -72.898  -24.513 0.8000000119
10948  -4.740  -73.272  -24.702 0.8000000119
10950  -7.748  -73.287  -24.808 0.6999999881
10951  -14.005  -73.371  -24.475 0.8999999762
10952  -14.359  -73.421  -24.687 0.8999999762
10954  -20.166  -73.412  -24.870 0.6999999881
10958  -5.059  -73.379  -25.392 0.8000000119
10960  -7.638  -73.756  -25.248 0.6999999881
10962  -18.782  -74.012  -25.713 0.8000000119
10964  -20.110  -73.347  -25.691 0.6000000238
10966  -23.237  -73.616  -26.138 0.6999999881
10967  -6.023  -73.480  -26.701 0.6999999881
10968  -6.532  -73.048  -27.035 0.6000000238
10970  -8.102  -73.299  -26.588 0.6999999881
10973  -19.518  -73.500  -26.325 0.8000000119
10975  -22.843  -73.194  -26.482 0.6999999881
10977  -6.577  -73.584  -27.154 0.6999999881
10979  -7.797  -73.162  -27.299 0.6999999881
10980  -8.314  -72.816  -27.227 0.6000000238
10981  -13.521  -73.789  -27.758 0.8000000119
10982  -14.049  -73.786  -27.707 0.8000000119
10983  -14.561  -73.839  -27.703 0.6999999881
10985  -17.184  -73.748  -27.625 0.8000000119
10987  -19.022  -73.450  -27.020 0.8999999762
10990  -21.687  -73.107  -27.777 0.8999999762
10991  -22.069  -73.336  -27.753 0.8999999762
10992  -22.733  -73.317  -27.145 0.6999999881
10993  -22.994  -73.535  -27.017 0.6999999881
10994  -13.180  -73.992  -28.532 0.8000000119
10995  -13.690  -73.741  -28.253 0.8000000119
10998  -15.710  -73.525  -28.109 0.6999999881
10999  -16.493  -73.518  -27.978 0.6999999881
11002  -20.239  -73.324  -28.151 0.8999999762
11004  -21.425  -73.256  -27.905 0.8999999762
11005  -21.769  -73.354  -27.948 0.8999999762
11007  -14.147  -73.675  -28.624 0.6000000238
11008  -14.730  -73.519  -28.442 0.6000000238
11009  -15.212  -73.476  -28.338 0.6999999881
11010  -15.498  -73.325  -28.408 0.6000000238
11014  -19.439  -73.443  -28.410 0.8000000119
11015  -19.982  -73.416  -28.282 0.8000000119
11016  -20.298  -73.465  -28.248 0.8999999762
11017  -13.784  -74.273  -29.048 0.6999999881
11018  -14.179  -74.036  -29.022 0.6999999881
11021  -15.867  -73.790  -29.497 0.5000000000
11022  -16.216  -73.817  -29.317 0.4000000060
11023  -14.477  -74.082  -29.169 0.5000000000
11024  -14.739  -73.826  -29.204 0.6000000238
11025  -15.152  -73.876  -29.403 0.5000000000
11026  -15.520  -73.886  -29.616 0.5000000000
11068  -0.715  -72.464  22.045 0.5000000000
11069  -1.174  -72.581  21.985 0.5000000000
11082  -0.341  -72.435  21.372 0.5000000000
11083  -1.547  -72.779  21.785 0.5000000000
11096  -2.303  -72.558  20.541 0.3000000119
11112  1.863  -72.009  18.986 1.0000000000
11113  1.664  -72.044  19.092 1.0000000000
11114  -0.444  -72.609  20.109 0.6999999881
11115  -0.761  -73.075  19.768 0.6000000238
11134  1.985  -72.230  18.792 1.0000000000
11136  0.802  -72.024  18.800 0.8999999762
11138  -1.023  -73.105  19.173 0.6000000238
11139  -2.777  -72.251  19.030 0.3000000119
11152  2.562  -72.661  17.836 1.0000000000
11154  0.562  -72.167  18.419 0.8999999762
11155  -0.806  -72.270  18.149 0.8999999762
11157  -2.918  -71.973  18.475 0.3000000119
11173  2.620  -72.826  17.191 1.0000000000
11174  1.019  -72.940  17.416 1.0000000000
11175  0.294  -72.350  17.545 0.8999999762
11176  -0.602  -72.197  17.376 0.8999999762
11177  -1.351  -72.694  17.527 0.6999999881
11179  -3.486  -72.441  17.448 0.3000000119
11194  2.427  -72.494  16.203 1.0000000000
11201  -4.105  -72.460  16.330 0.3000000119
11207  2.289  -72.440  15.795 1.0000000000
11208  0.496  -73.159  15.902 1.0000000000
11212  -4.415  -72.646  15.834 0.2000000030
11213  -4.704  -72.842  15.434 0.1000000015
11217  2.461  -72.941  15.540 1.0000000000
11219  1.735  -72.382  14.658 0.6999999881
11220  0.285  -73.116  15.403 1.0000000000
11221  -0.234  -72.738  15.050 1.0000000000
11223  -2.042  -72.530  14.864 0.8000000119
11224  -2.557  -72.754  14.450 0.5000000000
11232  1.519  -72.502  14.179 0.6999999881
11233  -0.628  -72.676  14.204 1.0000000000
11237  -5.518  -72.575  14.313 0.1000000015
11243  1.327  -72.685  13.417 0.5000000000
11246  -1.624  -72.384  13.327 1.0000000000
11247  -2.396  -72.458  13.269 0.8000000119
11248  -3.119  -72.739  13.120 0.5000000000
11252  1.165  -72.686  12.696 0.3000000119
11254  -1.973  -72.487  12.784 0.8999999762
11256  -3.214  -72.696  12.474 0.5000000000
11257  -3.681  -72.945  12.383 0.5000000000
11261  0.658  -72.070  11.932 0.2000000030
11262  -2.884  -72.679  12.018 0.6999999881
11263  -3.418  -72.799  11.971 0.6000000238
11264  -3.770  -72.933  11.998 0.6000000238
11277  -0.097  -72.351  8.947 0.1000000015
11286  0.808  -72.473  8.179 0.1000000015
11299  -17.572  -72.708  7.791 0.1000000015
11301  -19.154  -72.707  8.052 0.1000000015
11305  -22.196  -72.882  8.287 0.1000000015
11306  -22.889  -72.955  8.261 0.1000000015
11309  0.220  -72.726  7.751 0.1000000015
11319  -18.150  -72.350  7.407 0.1000000015
11321  -19.662  -72.400  7.594 0.1000000015
11322  -20.500  -72.326  7.459 0.1000000015
11324  -21.962  -72.592  7.877 0.1000000015
11326  -23.511  -72.754  7.804 0.1000000015
11342  -25.990  -72.659  7.005 0.1000000015
11372  -13.951  -72.854  1.562 0.3000000119
11373  -14.549  -72.644  1.578 0.3000000119
11376  -16.825  -72.726  1.002 0.2000000030
11381  -13.388  -72.785  0.760 0.3000000119
11383  -14.830  -72.427  0.860 0.3000000119
11384  -15.651  -72.426  0.726 0.3000000119
11385  -16.406  -72.611  0.535 0.3000000119
11386  -16.959  -72.967  0.412 0.2000000030
11392  -14.333  -72.404  0.189 0.3000000119
11396  -16.987  -73.146  0.116 0.2000000030
11403  -15.343  -72.618  -0.546 0.2000000030
11404  -16.013  -73.002  -0.662 0.2000000030
11405  -16.413  -73.233  -0.559 0.2000000030
11410  -13.917  -72.544  -0.935 0.3000000119
11411  -14.221  -72.557  -0.991 0.3000000119
11412  -14.861  -72.720  -1.050 0.3000000119
11513  -17.364  -73.088  -6.333 0.1000000015
11534  -16.529  -72.795  -7.118 0.1000000015
11535  -17.023  -72.609  -6.697 0.1000000015
11551  -16.455  -72.360  -7.614 0.1000000015
11564  -16.142  -72.558  -8.694 0.1000000015
11581  -16.102  -72.668  -8.911 0.1000000015
11583  -16.761  -71.984  -9.305 0.1000000015
11598  -16.498  -72.555  -9.441 0.1000000015
11599  -16.859  -72.312  -9.617 0.1000000015
11626  -18.343  -72.660  -12.351 0.1000000015
11636  -19.037  -72.950  -13.518 0.1000000015
11654  -19.401  -72.637  -13.990 0.1000000015
11682  -20.606  -72.109  -14.810 0.2000000030
11708  -24.711  -71.906  -16.812 0.3000000119
11709  -25.390  -72.148  -16.651 0.2000000030
11711  -26.953  -72.540  -16.526 0.2000000030
11712  -27.716  -72.561  -16.731 0.2000000030
11717  0.771  -72.570  -17.496 0.1000000015
11720  -2.056  -72.044  -17.521 0.8000000119
11722  -3.418  -72.602  -17.744 0.8000000119
11723  -3.809  -72.622  -17.978 0.8000000119
11728  -12.208  -72.598  -17.626 0.8999999762
11732  -28.307  -72.561  -17.179 0.2000000030
11733  -28.812  -72.834  -17.530 0.2000000030
11737  0.997  -72.543  -17.918 0.1000000015
11738  0.648  -72.239  -17.586 0.1000000015
11739  -0.520  -72.411  -18.564 0.6999999881
11740  -0.985  -72.195  -18.019 0.6999999881
11742  -4.074  -72.876  -18.338 0.8000000119
11743  -9.230  -72.279  -18.339 0.6999999881
11744  -9.658  -71.859  -18.093 0.6999999881
11745  -12.571  -72.638  -18.096 0.8999999762
11747  -16.379  -71.724  -18.392 0.5000000000
11749  -17.245  -72.048  -18.303 0.5000000000
11751  -23.185  -72.611  -17.964 0.3000000119
11753  -29.068  -72.909  -18.111 0.2000000030
11758  -0.236  -72.695  -19.118 0.5000000000
11760  -4.709  -72.285  -19.352 0.8999999762
11762  -8.738  -72.309  -18.949 0.6999999881
11763  -12.844  -72.705  -18.693 0.8999999762
11764  -13.157  -72.325  -19.055 0.8999999762
11765  -15.787  -71.738  -18.987 0.6000000238
11766  -16.156  -71.863  -18.746 0.6000000238
11767  -16.926  -72.485  -18.891 0.5000000000
11768  -17.780  -72.439  -18.539 0.5000000000
11769  -18.602  -72.509  -18.596 0.4000000060
11771  -20.204  -72.498  -18.833 0.4000000060
11773  -22.840  -72.712  -19.012 0.3000000119
11774  -28.766  -72.597  -18.724 0.2000000030
11780  0.245  -72.990  -20.074 0.3000000119
11781  -0.079  -72.593  -19.731 0.6000000238
11782  -4.606  -72.579  -19.852 0.8999999762
11784  -8.215  -72.588  -20.048 0.8000000119
11786  -15.805  -71.953  -19.287 0.6000000238
11788  -16.755  -72.635  -19.272 0.5000000000
11789  -20.720  -72.600  -19.364 0.4000000060
11792  -22.973  -72.281  -19.921 0.4000000060
11796  1.463  -72.220  -20.471 0.3000000119
11797  0.304  -72.595  -20.687 0.5000000000
11802  -15.218  -72.133  -20.355 0.6000000238
11803  -15.799  -72.320  -19.975 0.6000000238
11804  -16.210  -72.536  -19.849 0.6000000238
11805  -21.382  -71.929  -20.447 0.4000000060
11806  -22.931  -72.568  -20.031 0.4000000060
11808  -28.197  -72.079  -20.596 0.2000000030
11813  -0.292  -72.061  -21.840 0.5000000000
11815  -8.430  -71.831  -21.189 0.5000000000
11816  -13.959  -72.294  -21.231 0.6999999881
11818  -14.983  -72.342  -20.877 0.6999999881
11819  -15.547  -72.524  -20.628 0.6000000238
11823  -30.121  -72.190  -21.295 0.1000000015
11824  0.953  -71.792  -22.073 0.4000000060
11825  0.444  -72.026  -22.332 0.4000000060
11826  -0.218  -72.135  -22.260 0.5000000000
11827  -4.467  -72.097  -22.083 0.8000000119
11828  -8.343  -71.963  -21.962 0.5000000000
11830  -14.227  -72.432  -21.644 0.8999999762
11831  -14.768  -72.526  -21.481 0.8999999762
11833  -23.309  -72.272  -21.921 0.5000000000
11837  0.134  -71.771  -22.619 0.4000000060
11838  0.000  -71.978  -22.563 0.4000000060
11839  -4.289  -72.212  -22.875 0.8000000119
11841  -13.659  -72.588  -22.139 0.8999999762
11842  -13.989  -72.606  -22.184 0.8999999762
11843  -14.539  -72.681  -22.114 0.8999999762
11845  -23.359  -72.366  -22.592 0.5000000000
11847  -29.066  -72.938  -23.251 0.1000000015
11848  -30.533  -72.633  -22.818 0.1000000015
11852  -4.200  -72.399  -23.614 0.8000000119
11854  -21.136  -72.428  -23.579 0.6000000238
11855  -23.087  -72.079  -23.629 0.5000000000
11856  -23.326  -72.517  -23.237 0.5000000000
11857  -29.049  -72.184  -23.662 0.1000000015
11858  -29.391  -72.592  -23.621 0.1000000015
11860  -30.949  -72.492  -23.457 0.1000000015
11862  -32.230  -72.189  -23.623 0.1000000015
11865  -21.007  -72.756  -24.249 0.6000000238
11866  -22.958  -72.401  -24.398 0.5000000000
11868  -29.509  -72.108  -24.064 0.1000000015
11870  -30.639  -72.261  -24.096 0.1000000015
11872  -31.920  -72.271  -24.052 0.1000000015
11873  -4.317  -72.509  -24.825 0.8000000119
11875  -8.175  -72.759  -25.249 0.6000000238
11876  -8.575  -72.334  -25.557 0.6000000238
11879  -21.680  -72.274  -25.372 0.6000000238
11881  -4.601  -72.303  -25.280 0.8000000119
11882  -4.984  -72.621  -25.657 0.8000000119
11883  -5.588  -72.573  -26.207 0.6999999881
11884  -8.413  -72.765  -26.005 0.6000000238
11887  -21.229  -72.616  -25.924 0.6999999881
11891  -6.886  -72.447  -27.040 0.6000000238
11892  -7.406  -72.136  -27.174 0.6000000238
11894  -9.141  -72.041  -26.915 0.6000000238
11895  -20.727  -72.920  -26.501 0.8999999762
11897  -21.987  -72.784  -26.765 0.6000000238
11898  -22.471  -73.003  -26.832 0.8999999762
11899  -7.406  -72.667  -27.343 0.6000000238
11901  -8.633  -72.158  -27.380 0.6000000238
11902  -9.139  -71.721  -27.428 0.6000000238
11903  -18.792  -73.301  -27.547 0.8999999762
11904  -19.309  -73.203  -27.448 0.8999999762
11906  -20.682  -73.012  -27.257 0.8999999762
11907  -21.512  -72.914  -27.487 0.8999999762
11909  -22.497  -73.080  -27.089 0.8999999762
11911  -16.546  -73.203  -28.480 0.6999999881
11914  -19.448  -73.117  -27.853 0.8999999762
11915  -20.108  -73.149  -27.971 0.8999999762
11916  -20.925  -73.102  -27.767 0.8999999762
11918  -15.028  -73.389  -28.532 0.6000000238
11919  -15.280  -73.271  -28.604 0.6000000238
11921  -16.447  -73.312  -29.032 0.6999999881
11922  -17.194  -73.442  -29.018 0.6999999881
11923  -18.976  -73.124  -28.110 0.8999999762
11924  -19.384  -73.196  -28.230 0.8000000119
11926  -14.921  -73.308  -28.758 0.6000000238
11927  -15.310  -72.825  -29.094 0.6000000238
11928  -15.902  -73.181  -29.184 0.6000000238
11929  -16.209  -73.578  -29.303 0.4000000060
11930  -14.887  -73.408  -29.101 0.6000000238
11931  -15.195  -73.487  -29.290 0.6000000238
11932  -15.481  -73.599  -29.447 0.5000000000
11964  -0.241  -71.852  21.491 0.6000000238
11965  -0.576  -71.914  21.832 0.5000000000
11966  -1.153  -72.024  21.970 0.5000000000
11979  0.160  -71.523  20.607 0.8000000119
11980  -0.126  -71.947  20.990 0.8000000119
11997  -0.100  -72.013  20.389 0.8000000119
11998  -2.093  -71.793  20.958 0.3000000119
12017  1.732  -71.684  19.061 1.0000000000
12020  -0.046  -71.944  19.616 0.8999999762
12041  2.222  -72.120  18.478 1.0000000000
12042  2.024  -71.677  18.544 1.0000000000
12043  0.894  -71.863  19.070 0.8999999762
12060  2.331  -72.040  18.027 1.0000000000
12061  2.041  -71.436  17.999 1.0000000000
12062  0.123  -71.973  18.589 0.8999999762
12063  -0.304  -72.060  18.470 0.8999999762
12064  -2.935  -71.404  18.476 0.3000000119
12077  2.170  -71.678  17.407 1.0000000000
12080  -3.310  -71.626  17.611 0.3000000119
12099  2.526  -72.463  16.892 1.0000000000
12102  -3.864  -71.764  16.510 0.3000000119
12118  1.804  -71.854  15.534 0.8000000119
12127  1.741  -72.163  14.987 0.6999999881
12129  0.742  -71.500  14.512 0.6000000238
12131  -5.050  -71.725  14.441 0.1000000015
12139  1.128  -72.193  14.000 0.6000000238
12151  0.896  -72.175  13.551 0.5000000000
12152  0.541  -71.778  13.139 0.6000000238
12153  -6.113  -71.247  13.427 0.1000000015
12162  0.829  -72.162  11.452 0.2000000030
12167  -0.574  -71.472  10.548 0.1000000015
12174  0.838  -71.987  10.413 0.1000000015
12176  -0.455  -71.772  10.143 0.2000000030
12177  -1.367  -71.811  10.181 0.1000000015
12178  -2.114  -71.770  10.116 0.1000000015
12182  -4.890  -71.295  9.901 0.1000000015
12188  -0.240  -72.145  9.445 0.1000000015
12191  -3.823  -71.735  9.496 0.1000000015
12195  -6.692  -71.080  9.002 0.1000000015
12198  0.791  -71.987  8.907 0.2000000030
12218  -18.741  -72.031  6.995 0.1000000015
12219  -19.486  -72.100  7.132 0.1000000015
12438  -17.685  -71.355  -6.671 0.1000000015
12439  -21.057  -71.344  -6.492 0.1000000015
12453  -16.488  -72.086  -7.891 0.1000000015
12455  -21.591  -71.225  -7.175 0.1000000015
12465  -16.538  -71.909  -8.116 0.1000000015
12466  -16.800  -71.558  -8.286 0.1000000015
12484  -16.532  -71.913  -8.556 0.1000000015
12485  -16.933  -71.614  -8.988 0.1000000015
12510  -17.416  -71.488  -9.678 0.1000000015
12543  -18.452  -71.941  -12.861 0.1000000015
12579  -19.634  -71.835  -14.168 0.1000000015
12596  -20.582  -71.522  -14.715 0.1000000015
12622  -12.555  -71.183  -16.913 0.6000000238
12623  -24.679  -71.320  -16.840 0.3000000119
12633  -1.571  -71.315  -17.806 0.8000000119
12634  -1.975  -71.165  -17.633 0.8000000119
12635  -2.686  -71.446  -17.458 0.8000000119
12636  -3.424  -71.704  -17.583 0.8000000119
12638  -10.356  -71.050  -17.695 0.6000000238
12639  -10.821  -71.337  -17.203 0.6000000238
12640  -11.657  -71.568  -16.892 0.6000000238
12642  -13.244  -71.333  -17.677 0.6999999881
12644  -24.289  -71.567  -16.996 0.3000000119
12646  -26.843  -71.293  -17.124 0.2000000030
12648  -28.256  -72.161  -17.578 0.2000000030
12653  1.093  -72.178  -18.429 0.2000000030
12655  -0.790  -71.774  -18.506 0.6999999881
12656  -1.234  -71.237  -18.157 0.6999999881
12657  -1.625  -71.082  -17.868 0.8000000119
12658  -4.620  -71.933  -18.582 0.8999999762
12660  -9.474  -71.638  -18.455 0.6000000238
12662  -12.913  -72.081  -18.024 0.8000000119
12664  -13.853  -71.269  -18.508 0.6999999881
12665  -15.722  -70.979  -18.268 0.5000000000
12667  -17.106  -71.414  -18.074 0.6000000238
12670  -23.234  -71.863  -17.869 0.3000000119
12678  1.027  -71.813  -18.539 0.2000000030
12680  -0.841  -71.344  -18.669 0.6999999881
12681  -4.683  -72.192  -19.037 0.8999999762
12682  -4.950  -71.851  -19.195 0.8999999762
12684  -9.122  -71.508  -19.066 0.6000000238
12687  -13.908  -71.433  -19.015 0.6999999881
12688  -14.518  -71.239  -19.089 0.6999999881
12689  -15.397  -71.392  -18.921 0.6999999881
12691  -18.307  -71.938  -18.378 0.5000000000
12693  -19.738  -71.777  -18.408 0.4000000060
12695  -21.039  -71.514  -19.003 0.4000000060
12696  -22.866  -72.191  -19.199 0.3000000119
12697  -27.811  -71.155  -18.592 0.2000000030
12702  1.504  -71.697  -19.774 0.2000000030
12703  0.062  -72.516  -20.298 0.6000000238
12705  -4.837  -72.086  -20.085 0.8999999762
12706  -5.063  -71.622  -19.857 0.8999999762
12707  -8.413  -72.011  -20.130 0.6000000238
12708  -8.738  -71.566  -19.910 0.6000000238
12709  -13.817  -71.709  -19.698 0.6999999881
12711  -14.823  -71.531  -19.586 0.6999999881
12713  -21.337  -71.248  -19.492 0.4000000060
12714  -21.550  -70.917  -19.852 0.4000000060
12715  -22.960  -72.037  -19.595 0.3000000119
12716  -23.078  -71.878  -19.963 0.4000000060
12718  -28.124  -71.310  -19.546 0.2000000030
12721  1.592  -71.475  -20.395 0.2000000030
12722  0.018  -72.249  -20.805 0.6000000238
12723  -0.166  -71.715  -20.795 0.6000000238
12724  -4.929  -71.793  -20.411 0.8000000119
12726  -8.534  -71.683  -20.540 0.6000000238
12728  -14.084  -71.676  -19.978 0.6999999881
12729  -14.441  -71.670  -20.072 0.6000000238
12730  -14.974  -71.825  -20.049 0.6000000238
12731  -15.305  -71.954  -19.982 0.6000000238
12733  -21.724  -70.912  -20.379 0.4000000060
12738  1.536  -71.523  -21.077 0.2000000030
12739  -0.144  -72.095  -21.177 0.6000000238
12740  -0.319  -71.765  -21.440 0.6000000238
12741  -4.904  -71.644  -20.980 0.8000000119
12742  -5.151  -71.048  -21.122 0.8000000119
12743  -8.687  -71.379  -20.956 0.6000000238
12744  -8.988  -70.951  -21.011 0.6000000238
12746  -21.880  -70.908  -21.066 0.4000000060
12748  -28.276  -71.412  -21.095 0.2000000030
12751  1.315  -71.421  -21.846 0.2000000030
12753  -0.373  -71.624  -22.005 0.6000000238
12754  -4.821  -71.342  -21.800 0.8000000119
12755  -5.113  -70.856  -21.635 0.8000000119
12757  -9.045  -70.738  -21.571 0.5000000000
12758  -21.649  -71.424  -21.676 0.4000000060
12760  -23.271  -71.616  -21.554 0.4000000060
12765  0.309  -71.356  -22.641 0.4000000060
12766  -0.158  -71.536  -22.482 0.6000000238
12767  -4.510  -71.435  -22.702 0.8000000119
12768  -8.591  -71.445  -22.589 0.6000000238
12771  -21.976  -71.084  -22.374 0.5000000000
12774  -28.492  -71.666  -22.902 0.1000000015
12783  -8.947  -70.953  -23.318 0.5000000000
12786  -22.813  -71.536  -23.261 0.5000000000
12788  -28.902  -71.637  -23.840 0.1000000015
12794  -3.824  -71.075  -24.583 0.8000000119
12795  -4.001  -71.858  -24.283 0.8000000119
12797  -8.941  -71.250  -24.288 0.5000000000
12801  -29.073  -71.346  -24.387 0.1000000015
12804  -31.108  -71.924  -24.703 0.1000000015
12806  -32.529  -72.060  -24.316 0.1000000015
12810  -3.920  -70.917  -25.005 0.8000000119
12812  -4.876  -71.200  -25.513 0.8000000119
12813  -8.427  -72.270  -24.987 0.6000000238
12814  -8.971  -71.706  -25.317 0.6000000238
12816  -21.908  -71.915  -24.816 0.6000000238
12818  -29.603  -71.386  -25.401 0.1000000015
12819  -30.128  -71.540  -25.337 0.1000000015
12822  -32.421  -71.617  -25.007 0.1000000015
12824  -33.506  -71.615  -24.566 0.1000000015
12825  -4.762  -72.050  -25.455 0.8000000119
12828  -6.573  -71.340  -26.455 0.6000000238
12829  -9.499  -71.535  -26.317 0.6000000238
12830  -9.926  -71.146  -26.821 0.6000000238
12832  -29.892  -71.165  -26.028 0.1000000015
12834  -31.114  -71.274  -25.701 0.1000000015
12835  -6.553  -71.929  -26.631 0.6000000238
12837  -7.725  -71.573  -27.135 0.6000000238
12838  -8.202  -71.240  -27.252 0.6000000238
12840  -9.889  -71.043  -27.361 0.6000000238
12841  -29.447  -71.026  -26.161 0.1000000015
12842  -29.615  -70.969  -26.419 0.1000000015
12843  -8.242  -71.749  -27.400 0.6000000238
12845  -9.403  -71.145  -27.565 0.6000000238
12846  -9.742  -70.828  -27.553 0.6000000238
12871  -0.390  -71.519  21.543 0.6000000238
12872  -0.713  -71.484  21.779 0.6000000238
12882  0.265  -71.187  20.709 0.6999999881
12883  0.022  -71.281  21.116 0.6000000238
12884  -0.494  -71.056  21.496 0.6000000238
12894  0.905  -70.695  19.948 0.8999999762
12895  0.661  -71.081  20.221 0.8999999762
12896  -1.757  -71.026  21.268 0.4000000060
12911  1.304  -70.934  19.504 1.0000000000
12912  1.014  -71.376  19.721 1.0000000000
12932  1.506  -70.610  18.674 1.0000000000
12933  -2.962  -70.823  18.771 0.3000000119
12934  -3.242  -70.373  18.398 0.3000000119
12954  1.850  -71.070  17.978 1.0000000000
12955  1.599  -70.744  17.998 1.0000000000
12956  -3.036  -71.126  18.314 0.3000000119
12975  1.430  -70.702  17.326 1.0000000000
12976  -3.511  -70.985  17.220 0.3000000119
12993  1.831  -71.271  16.929 1.0000000000
12997  -3.887  -71.021  16.317 0.3000000119
13021  1.307  -71.156  15.775 0.8999999762
13022  0.776  -70.736  15.534 0.8000000119
13023  -4.129  -70.758  15.878 0.3000000119
13045  0.984  -71.248  15.236 0.8000000119
13049  -4.773  -70.900  14.744 0.2000000030
13060  -5.141  -70.868  14.085 0.2000000030
13072  -0.221  -70.635  13.145 0.4000000060
13073  -5.608  -70.642  13.475 0.2000000030
13088  0.135  -70.757  12.044 0.2000000030
13090  -7.158  -70.064  12.546 0.1000000015
13124  -0.080  -71.350  10.493 0.2000000030
13126  -3.886  -71.047  10.501 0.1000000015
13128  -5.199  -70.686  10.150 0.1000000015
13129  -5.835  -70.668  9.828 0.1000000015
13359  -19.637  -71.168  -6.091 0.1000000015
13360  -20.404  -71.174  -6.221 0.1000000015
13371  -17.350  -71.167  -7.188 0.1000000015
13373  -19.202  -70.545  -6.421 0.1000000015
13375  -20.826  -70.792  -6.837 0.1000000015
13376  -21.309  -71.034  -7.052 0.1000000015
13389  -17.600  -70.615  -7.700 0.1000000015
13390  -20.918  -70.466  -7.399 0.1000000015
13433  -17.270  -71.156  -8.823 0.1000000015
13434  -17.524  -70.780  -9.076 0.1000000015
13522  -17.987  -71.167  -11.882 0.1000000015
13539  -18.864  -71.253  -13.366 0.1000000015
13549  -19.351  -71.378  -13.871 0.1000000015
13560  -20.784  -71.143  -14.727 0.1000000015
13594  -11.913  -70.917  -16.646 0.6000000238
13595  -12.470  -70.744  -16.618 0.6000000238
13596  -13.044  -70.482  -16.671 0.6000000238
13598  -24.919  -71.044  -16.832 0.3000000119
13606  -2.156  -70.512  -17.773 0.8000000119
13607  -2.593  -70.629  -17.535 0.8000000119
13610  -4.829  -70.512  -17.672 0.8999999762
13611  -10.519  -70.664  -17.809 0.6000000238
13616  -14.150  -70.331  -17.490 0.6000000238
13617  -14.540  -70.173  -17.519 0.6000000238
13618  -15.820  -70.123  -17.554 0.5000000000
13620  -16.740  -70.009  -17.554 0.5000000000
13621  -23.728  -70.724  -17.501 0.3000000119
13622  -24.407  -70.871  -17.051 0.3000000119
13623  -25.166  -70.568  -16.950 0.3000000119
13624  -25.983  -70.601  -16.968 0.1000000015
13625  -26.829  -70.550  -17.361 0.1000000015
13633  -1.424  -70.526  -18.368 0.8000000119
13635  -4.545  -71.467  -18.079 0.8999999762
13636  -5.159  -70.872  -18.271 0.8000000119
13638  -10.266  -70.634  -18.193 0.6000000238
13639  -10.602  -70.366  -17.902 0.6000000238
13640  -13.484  -71.149  -17.833 0.6999999881
13641  -13.929  -70.879  -18.102 0.6999999881
13644  -16.095  -70.591  -17.832 0.5000000000
13645  -16.883  -70.548  -17.777 0.6000000238
13647  -22.985  -71.405  -18.729 0.3000000119
13657  1.202  -70.940  -19.362 0.2000000030
13658  0.895  -71.296  -18.656 0.1000000015
13659  -0.618  -71.003  -19.404 0.6999999881
13660  -0.989  -70.709  -18.882 0.6999999881
13662  -5.762  -70.459  -18.991 0.8000000119
13663  -9.356  -70.915  -19.357 0.6000000238
13667  -15.179  -70.753  -18.339 0.6999999881
13670  -20.063  -70.920  -18.369 0.4000000060
13675  -27.791  -70.701  -18.806 0.2000000030
13682  -5.334  -71.035  -19.970 0.8000000119
13683  -5.715  -70.572  -19.758 0.8000000119
13684  -9.140  -71.058  -19.816 0.6000000238
13686  -21.514  -70.600  -19.388 0.4000000060
13688  -23.027  -71.684  -19.646 0.4000000060
13689  -23.138  -71.226  -19.800 0.4000000060
13691  -28.207  -70.775  -20.019 0.2000000030
13694  1.598  -70.804  -20.630 0.2000000030
13695  -0.363  -71.048  -20.945 0.6999999881
13696  -5.559  -70.601  -20.553 0.8000000119
13697  -5.899  -70.226  -20.148 0.8000000119
13698  -9.218  -70.698  -20.407 0.6000000238
13699  -9.446  -70.151  -20.401 0.5000000000
13701  -23.378  -71.062  -20.540 0.4000000060
13705  -0.386  -71.004  -21.627 0.6000000238
13707  -9.278  -70.306  -21.085 0.5000000000
13709  -22.219  -70.425  -21.225 0.4000000060
13710  -23.379  -71.022  -21.178 0.4000000060
13711  -28.338  -70.701  -21.132 0.1000000015
13714  1.289  -70.636  -22.159 0.2000000030
13715  0.977  -70.731  -22.456 0.4000000060
13717  -4.980  -70.899  -22.028 0.8000000119
13718  -5.243  -70.448  -21.941 0.8000000119
13720  -22.406  -70.423  -21.743 0.4000000060
13721  -22.752  -70.625  -21.916 0.4000000060
13729  1.017  -70.345  -22.476 0.4000000060
13730  0.603  -70.613  -22.596 0.4000000060
13731  -0.044  -70.695  -22.503 0.6000000238
13733  -5.214  -70.179  -22.446 0.8000000119
13734  -9.155  -70.090  -22.326 0.5000000000
13735  -22.340  -70.685  -22.211 0.5000000000
13736  -22.782  -70.972  -22.403 0.5000000000
13737  -23.056  -71.261  -22.331 0.4000000060
13745  -4.093  -70.708  -23.843 0.8000000119
13746  -4.399  -70.609  -23.466 0.8000000119
13747  -9.152  -70.185  -23.087 0.5000000000
13749  -22.636  -71.170  -22.898 0.5000000000
13754  -3.939  -70.462  -24.119 0.8000000119
13755  -4.173  -70.205  -23.830 0.8000000119
13756  -9.320  -70.321  -24.134 0.5000000000
13757  -9.544  -69.909  -24.445 0.5000000000
13758  -28.783  -70.896  -24.497 0.1000000015
13764  -4.111  -70.584  -25.218 0.6999999881
13766  -9.404  -70.859  -25.087 0.5000000000
13768  -28.710  -70.608  -25.420 0.1000000015
13769  -29.178  -71.119  -25.175 0.1000000015
13770  -31.296  -70.485  -25.534 0.1000000015
13772  -32.340  -70.979  -25.401 0.1000000015
13774  -33.717  -71.308  -24.931 0.1000000015
13776  -5.381  -70.847  -25.739 0.6000000238
13777  -6.211  -70.741  -26.157 0.6000000238
13778  -7.029  -70.714  -26.532 0.6000000238
13779  -7.402  -70.307  -26.650 0.6000000238
13781  -10.044  -70.563  -26.066 0.6000000238
13782  -10.491  -70.059  -26.431 0.6000000238
13783  -28.658  -70.498  -26.225 0.1000000015
13786  -30.933  -70.714  -25.824 0.1000000015
13787  -31.396  -70.937  -25.680 0.1000000015
13788  -7.415  -71.161  -26.835 0.6000000238
13790  -8.444  -70.717  -27.293 0.6000000238
13791  -10.254  -70.723  -27.055 0.6000000238
13793  -28.719  -70.419  -26.938 0.1000000015
13795  -29.865  -70.645  -26.676 0.1000000015
13796  -9.009  -70.672  -27.515 0.6000000238
13798  -10.076  -70.503  -27.514 0.6000000238
13799  -10.480  -70.416  -27.361 0.6000000238
13800  -28.835  -70.314  -27.372 0.1000000015
13801  -29.166  -70.429  -27.172 0.1000000015
13802  -29.483  -70.564  -26.967 0.1000000015
13849  -0.086  -70.586  21.130 0.6999999881
13851  -1.320  -70.463  21.340 0.5000000000
13865  0.387  -70.245  20.468 0.8999999762
13884  -2.812  -69.850  19.826 0.4000000060
13898  -2.977  -70.006  19.267 0.3000000119
13915  0.404  -69.475  17.833 1.0000000000
13930  0.915  -70.296  16.913 0.8999999762
13933  -3.709  -69.932  17.287 0.3000000119
13942  0.975  -70.463  16.388 0.8000000119
13943  0.510  -70.173  16.131 0.8000000119
13946  -4.026  -70.079  16.374 0.3000000119
13957  -0.229  -69.901  15.491 0.8000000119
13958  -0.616  -69.792  15.064 0.8000000119
13983  -0.246  -70.162  14.768 0.8000000119
13985  -4.611  -70.155  15.121 0.2000000030
14007  -0.510  -70.168  14.180 0.8000000119
14008  -1.006  -69.814  13.913 0.6000000238
14025  -0.596  -70.182  13.466 0.3000000119
14027  -5.474  -69.855  13.527 0.2000000030
14028  -5.909  -69.885  13.151 0.2000000030
14044  -0.425  -69.997  12.476 0.3000000119
14047  -6.732  -69.713  12.599 0.1000000015
14060  0.242  -70.144  11.441 0.2000000030
14061  -0.031  -69.738  11.851 0.3000000119
14065  -8.410  -69.535  11.671 0.1000000015
14066  -8.804  -69.830  11.697 0.1000000015
14077  -0.016  -70.140  10.894 0.2000000030
14078  -0.630  -70.075  10.845 0.2000000030
14093  -6.112  -69.981  9.770 0.1000000015
14358  -18.460  -70.121  -7.158 0.1000000015
14360  -19.721  -70.140  -6.887 0.1000000015
14376  -18.719  -69.817  -7.449 0.1000000015
14417  -17.910  -70.076  -9.291 0.1000000015
14474  -18.037  -70.018  -10.726 0.1000000015
14490  -18.191  -69.852  -11.595 0.1000000015
14510  -18.671  -70.441  -12.943 0.1000000015
14511  -19.137  -70.392  -13.491 0.1000000015
14526  -20.584  -70.823  -14.578 0.1000000015
14554  -11.925  -70.151  -16.611 0.6000000238
14556  -13.262  -69.914  -16.464 0.6000000238
14563  -2.040  -70.232  -17.966 0.8000000119
14564  -2.402  -69.894  -17.802 0.8000000119
14565  -3.073  -69.996  -17.464 0.8000000119
14567  -4.530  -70.013  -17.463 0.8999999762
14568  -10.827  -69.943  -17.701 0.5000000000
14569  -11.265  -69.915  -17.160 0.5000000000
14570  -13.456  -70.234  -16.748 0.6000000238
14571  -13.906  -70.051  -16.875 0.6000000238
14572  -14.539  -69.943  -17.164 0.5000000000
14574  -15.966  -69.677  -17.267 0.5000000000
14575  -16.561  -69.631  -17.367 0.5000000000
14578  -24.719  -70.004  -17.121 0.2000000030
14586  -1.394  -70.232  -18.586 0.8000000119
14588  -2.206  -69.525  -18.060 0.8000000119
14590  -5.647  -69.950  -18.100 0.8999999762
14591  -10.206  -70.343  -18.570 0.6000000238
14593  -14.805  -70.108  -17.507 0.6000000238
14594  -15.033  -70.170  -17.657 0.6000000238
14595  -17.071  -69.725  -17.684 0.6000000238
14597  -19.851  -69.395  -18.336 0.4000000060
14599  -20.787  -69.589  -18.206 0.4000000060
14600  -23.312  -70.152  -18.261 0.2000000030
14602  -27.309  -69.810  -18.139 0.1000000015
14611  0.675  -70.190  -18.918 0.1000000015
14612  -1.338  -69.858  -18.800 0.8000000119
14613  -1.576  -69.537  -18.586 0.8000000119
14615  -10.170  -69.987  -18.841 0.6000000238
14616  -10.320  -69.742  -18.641 0.5000000000
14617  -17.454  -69.579  -18.195 0.6000000238
14619  -18.772  -70.286  -18.921 0.5000000000
14620  -19.580  -69.899  -18.607 0.4000000060
14621  -20.470  -70.170  -18.326 0.4000000060
14622  -21.275  -70.025  -18.783 0.4000000060
14623  -21.867  -69.623  -19.167 0.3000000119
14631  -0.639  -70.154  -19.900 0.6999999881
14632  -0.934  -70.012  -19.297 0.8000000119
14634  -9.900  -70.090  -19.337 0.5000000000
14639  -22.322  -69.708  -19.829 0.3000000119
14640  -22.943  -70.030  -19.685 0.4000000060
14643  -28.264  -70.444  -20.344 0.2000000030
14647  -0.505  -70.412  -20.509 0.6999999881
14648  -5.745  -70.126  -21.014 0.8000000119
14651  -18.597  -69.475  -20.093 0.6000000238
14652  -18.862  -69.482  -19.838 0.6000000238
14653  -22.538  -70.051  -20.779 0.4000000060
14655  -23.337  -70.493  -20.087 0.4000000060
14657  -28.313  -70.174  -20.755 0.1000000015
14660  1.546  -69.948  -21.759 0.4000000060
14661  -0.428  -70.258  -21.148 0.8000000119
14662  -5.599  -70.075  -21.580 0.8000000119
14663  -5.884  -69.716  -21.310 0.8000000119
14664  -9.404  -69.809  -21.046 0.5000000000
14665  -9.607  -69.641  -20.608 0.5000000000
14666  -22.663  -70.251  -21.362 0.4000000060
14667  -23.037  -70.220  -21.057 0.4000000060
14669  -28.355  -70.217  -21.490 0.1000000015
14674  -0.071  -69.780  -22.280 0.6999999881
14675  -0.265  -70.188  -21.951 0.8000000119
14676  -5.543  -69.850  -22.134 0.8000000119
14677  -5.777  -69.695  -21.765 0.8000000119
14679  -9.471  -69.422  -21.130 0.5000000000
14681  -23.274  -70.345  -21.477 0.4000000060
14682  -23.288  -70.571  -21.315 0.4000000060
14690  0.779  -69.845  -22.541 0.4000000060
14692  -0.105  -70.154  -22.366 0.6999999881
14693  -4.968  -70.109  -22.949 0.8000000119
14702  -5.088  -69.578  -23.095 0.8000000119
14703  -9.354  -69.488  -23.698 0.5000000000
14704  -9.462  -69.112  -24.057 0.5000000000
14705  -28.374  -70.260  -23.554 0.1000000015
14708  -4.102  -69.814  -24.059 0.6999999881
14709  -4.357  -69.943  -23.715 0.6999999881
14711  -9.664  -69.405  -24.510 0.5000000000
14713  -31.513  -69.591  -24.830 0.1000000015
14714  -31.881  -69.754  -24.749 0.1000000015
14720  -3.774  -69.789  -24.536 0.6999999881
14721  -3.948  -69.833  -25.124 0.6999999881
14722  -4.383  -70.116  -25.374 0.8000000119
14723  -10.048  -69.661  -25.373 0.6000000238
14725  -30.956  -70.090  -25.548 0.1000000015
14727  -32.151  -70.297  -25.135 0.1000000015
14731  -4.385  -69.612  -25.358 0.6000000238
14732  -4.962  -69.901  -25.513 0.6999999881
14735  -7.151  -69.883  -26.466 0.6000000238
14737  -10.735  -69.646  -26.646 0.5000000000
14740  -30.212  -70.125  -26.387 0.1000000015
14742  -7.649  -69.941  -26.723 0.6000000238
14743  -8.230  -70.036  -26.998 0.6000000238
14745  -10.906  -69.626  -27.201 0.5000000000
14746  -28.098  -69.591  -26.124 0.1000000015
14747  -28.291  -69.914  -26.617 0.1000000015
14748  -29.937  -70.047  -26.838 0.1000000015
14749  -8.744  -70.256  -27.265 0.6000000238
14750  -9.208  -69.949  -27.436 0.6000000238
14751  -9.895  -69.872  -27.615 0.6000000238
14752  -10.553  -69.883  -27.584 0.6999999881
14754  -29.077  -70.027  -27.680 0.1000000015
14844  0.081  -69.240  20.314 0.8000000119
14846  -1.485  -69.270  20.726 0.6999999881
14848  -2.728  -69.311  20.148 0.6000000238
14863  0.649  -69.225  19.784 1.0000000000
14865  -3.360  -69.060  19.119 0.3000000119
14879  0.907  -69.438  19.331 1.0000000000
14880  0.787  -68.916  19.213 1.0000000000
14882  -3.479  -69.282  18.614 0.3000000119
14898  -0.036  -68.660  17.960 0.8999999762
14900  -3.963  -68.839  17.560 0.3000000119
14917  -0.477  -68.910  17.342 0.8999999762
14918  -1.138  -68.645  16.933 0.8000000119
14919  -3.844  -69.244  17.445 0.3000000119
14936  -1.594  -68.644  16.327 0.8000000119
14937  -1.985  -68.383  16.029 0.8000000119
14938  -4.226  -69.317  16.524 0.3000000119
14951  -4.424  -69.309  15.881 0.3000000119
14963  -2.147  -68.906  14.782 0.8000000119
14965  -4.493  -69.702  15.423 0.3000000119
14979  -2.007  -69.162  13.973 0.5000000000
14980  -2.542  -68.830  14.077 0.5000000000
14998  -1.955  -69.183  13.344 0.5000000000
15000  -5.624  -69.445  13.420 0.2000000030
15001  -5.983  -68.884  13.177 0.2000000030
15016  -0.681  -69.240  12.270 0.3000000119
15018  -1.942  -69.032  12.738 0.2000000030
15020  -6.420  -69.223  12.752 0.1000000015
15022  -7.593  -68.977  11.831 0.1000000015
15023  -8.137  -69.291  11.638 0.1000000015
15037  -0.204  -69.241  11.961 0.3000000119
15039  -8.544  -69.130  11.283 0.1000000015
15080  -5.726  -69.457  9.906 0.1000000015
15351  -18.122  -69.851  -8.039 0.1000000015
15353  -19.008  -69.425  -7.844 0.1000000015
15360  -18.213  -69.673  -8.299 0.1000000015
15362  -19.302  -69.184  -8.420 0.1000000015
15371  -18.203  -69.555  -8.830 0.1000000015
15372  -18.821  -69.174  -9.047 0.1000000015
15422  -18.148  -69.702  -11.197 0.1000000015
15428  -18.809  -69.709  -12.707 0.1000000015
15475  -12.317  -69.395  -16.457 0.5000000000
15477  -13.758  -69.436  -16.393 0.5000000000
15478  -14.436  -69.107  -16.510 0.5000000000
15490  -2.928  -69.301  -17.625 0.8000000119
15491  -3.466  -69.342  -17.473 0.8999999762
15493  -4.892  -69.194  -17.530 0.8000000119
15496  -11.336  -69.156  -17.394 0.5000000000
15498  -14.834  -69.451  -16.841 0.5000000000
15499  -15.506  -69.164  -16.926 0.5000000000
15501  -16.785  -69.097  -17.465 0.6000000238
15502  -23.776  -69.742  -17.605 0.2000000030
15504  -25.090  -69.280  -17.190 0.1000000015
15512  -2.079  -69.187  -18.179 0.8000000119
15514  -5.472  -69.435  -17.738 0.8999999762
15515  -5.939  -69.055  -18.128 0.8000000119
15516  -10.882  -69.300  -17.966 0.5000000000
15517  -11.156  -68.931  -17.738 0.5000000000
15519  -20.104  -68.918  -18.144 0.4000000060
15520  -20.548  -68.985  -18.116 0.4000000060
15523  -23.079  -69.063  -18.322 0.2000000030
15526  -27.004  -69.162  -17.994 0.1000000015
15535  0.555  -68.950  -18.985 0.1000000015
15536  -1.420  -69.243  -18.786 0.8000000119
15537  -1.736  -69.208  -18.462 0.8000000119
15538  -6.427  -68.886  -18.979 0.8000000119
15539  -6.609  -68.320  -19.142 0.8000000119
15541  -10.442  -69.386  -18.616 0.5000000000
15545  -21.699  -69.314  -18.777 0.4000000060
15548  -23.207  -69.837  -18.569 0.3000000119
15549  -27.597  -68.930  -19.049 0.1000000015
15553  1.235  -68.985  -20.108 0.2000000030
15554  0.937  -69.040  -19.640 0.1000000015
15555  -0.873  -69.424  -19.634 0.8000000119
15557  -6.516  -68.981  -19.719 0.8000000119
15559  -10.149  -69.356  -19.278 0.5000000000
15560  -10.415  -69.000  -18.867 0.5000000000
15561  -17.665  -68.907  -19.858 0.6000000238
15562  -18.017  -69.401  -19.840 0.6000000238
15563  -19.118  -69.038  -19.635 0.5000000000
15564  -19.394  -69.187  -18.986 0.5000000000
15566  -22.711  -69.583  -19.281 0.3000000119
15571  1.493  -69.184  -20.657 0.2000000030
15573  -6.435  -69.048  -20.404 0.8000000119
15574  -6.595  -68.580  -20.017 0.8000000119
15575  -9.902  -69.159  -20.166 0.5000000000
15578  -18.827  -69.058  -20.290 0.6000000238
15579  -28.151  -69.290  -20.663 0.1000000015
15580  -28.291  -69.729  -20.777 0.1000000015
15583  1.613  -69.234  -21.398 0.2000000030
15585  -6.156  -69.190  -21.132 0.8000000119
15587  -17.355  -68.832  -21.654 0.3000000119
15591  -28.306  -69.688  -21.182 0.1000000015
15597  1.423  -69.198  -21.998 0.4000000060
15598  0.053  -69.405  -22.423 0.6999999881
15599  -0.145  -69.187  -22.056 0.6999999881
15600  -5.784  -69.464  -22.034 0.8000000119
15602  -9.273  -68.931  -22.253 0.5000000000
15603  -9.418  -68.940  -21.493 0.5000000000
15605  -17.842  -69.106  -22.163 0.3000000119
15608  -28.273  -69.650  -21.903 0.1000000015
15616  1.011  -69.131  -22.398 0.4000000060
15617  0.441  -69.175  -22.515 0.6999999881
15618  0.060  -68.936  -22.462 0.6999999881
15619  -5.685  -69.251  -22.412 0.8000000119
15620  -5.853  -69.184  -22.083 0.8000000119
15621  -9.271  -68.820  -23.088 0.5000000000
15622  -16.664  -68.692  -22.937 0.2000000030
15623  -17.008  -68.886  -22.986 0.2000000030
15626  -27.952  -69.086  -22.723 0.1000000015
15627  -28.166  -69.580  -22.713 0.1000000015
15631  -4.943  -69.116  -23.400 0.6999999881
15632  -5.327  -69.119  -22.915 0.8000000119
15634  -9.541  -68.780  -24.229 0.5000000000
15635  -16.607  -68.788  -23.292 0.2000000030
15636  -17.078  -68.981  -23.557 0.3000000119
15637  -17.589  -69.068  -23.981 0.3000000119
15638  -27.891  -69.061  -23.242 0.1000000015
15647  -4.050  -69.176  -24.295 0.6999999881
15649  -9.733  -68.797  -24.640 0.5000000000
15650  -16.615  -68.849  -23.843 0.2000000030
15652  -17.422  -68.945  -24.495 0.3000000119
15653  -27.806  -69.072  -24.081 0.1000000015
15656  -31.432  -69.126  -24.519 0.1000000015
15657  -32.244  -69.405  -24.344 0.1000000015
15658  -33.040  -69.532  -24.398 0.1000000015
15668  -28.115  -69.622  -25.250 0.1000000015
15669  -30.435  -69.156  -25.629 0.1000000015
15670  -30.829  -69.370  -25.236 0.1000000015
15672  -4.055  -68.705  -25.299 0.6000000238
15673  -4.617  -68.996  -25.497 0.6000000238
15674  -5.455  -69.129  -25.660 0.6999999881
15676  -6.852  -69.213  -26.211 0.6999999881
15678  -7.943  -69.088  -26.601 0.6000000238
15679  -10.258  -69.083  -25.678 0.5000000000
15680  -10.667  -69.084  -26.265 0.5000000000
15682  -28.130  -69.597  -25.629 0.1000000015
15684  -30.663  -69.793  -25.659 0.1000000015
15685  -7.921  -69.517  -26.740 0.6000000238
15686  -8.351  -69.294  -26.840 0.6999999881
15687  -8.950  -69.215  -27.125 0.6999999881
15689  -11.324  -68.837  -27.335 0.5000000000
15690  -27.860  -69.227  -26.599 0.1000000015
15692  -30.054  -69.656  -26.609 0.1000000015
15695  -11.112  -69.082  -27.727 0.6999999881
15696  -11.447  -68.627  -27.554 0.6000000238
15700  -29.880  -69.586  -27.214 0.1000000015
15701  -10.887  -68.606  -28.202 0.6000000238
15702  -11.282  -68.716  -28.187 0.6000000238
15804  -0.390  -68.607  20.253 0.8000000119
15805  -1.140  -68.747  20.377 0.6999999881
15807  -2.425  -68.830  20.286 0.6000000238
15819  -0.164  -68.193  20.107 0.8000000119
15820  -2.301  -68.366  20.087 0.5000000000
15822  -3.313  -68.608  19.412 0.3000000119
15837  -3.551  -68.637  18.903 0.3000000119
15855  -3.969  -68.402  18.038 0.3000000119
15868  -0.915  -68.107  17.367 0.8000000119
15870  -1.658  -67.706  16.691 0.8000000119
15885  -1.692  -68.255  16.556 0.8000000119
15888  -4.820  -68.017  16.235 0.3000000119
15900  -2.682  -67.787  15.357 0.8000000119
15901  -4.596  -68.719  15.919 0.3000000119
15902  -4.901  -68.261  15.712 0.3000000119
15912  -2.734  -68.223  14.944 0.8000000119
15922  -3.040  -68.283  14.090 0.6999999881
15923  -3.327  -68.054  13.810 0.6000000238
15924  -5.510  -68.205  14.194 0.3000000119
15925  -5.836  -68.043  13.700 0.1000000015
15938  -2.789  -68.692  13.463 0.5000000000
15941  -6.532  -67.872  12.812 0.1000000015
15955  -0.861  -68.764  12.052 0.3000000119
15956  -1.675  -68.700  12.183 0.2000000030
15957  -2.672  -68.457  12.531 0.2000000030
15959  -6.861  -67.802  12.409 0.1000000015
15974  0.513  -68.885  11.343 0.2000000030
15977  -2.034  -68.269  11.852 0.3000000119
15980  -8.200  -68.567  11.143 0.1000000015
15993  0.279  -68.812  10.995 0.2000000030
15994  -0.024  -68.394  10.642 0.2000000030
15996  -8.593  -68.333  10.803 0.1000000015
16013  -1.296  -68.337  9.620 0.1000000015
16019  -9.678  -68.111  10.045 0.1000000015
16020  -10.049  -68.064  9.927 0.1000000015
16030  -1.375  -68.038  9.191 0.1000000015
16033  -3.379  -68.272  9.323 0.1000000015
16432  -12.107  -68.946  -16.610 0.5000000000
16433  -12.589  -68.607  -16.470 0.5000000000
16434  -13.329  -68.717  -16.252 0.6000000238
16436  -14.672  -68.507  -16.493 0.5000000000
16437  -15.280  -68.500  -16.709 0.5000000000
16453  -3.241  -68.925  -17.570 0.8999999762
16454  -3.617  -68.569  -17.593 0.8999999762
16456  -5.061  -68.302  -17.571 0.8999999762
16457  -5.716  -68.213  -17.775 0.8000000119
16458  -11.905  -68.530  -17.007 0.5000000000
16460  -15.894  -68.511  -16.989 0.5000000000
16461  -16.460  -68.507  -17.382 0.6000000238
16462  -16.873  -68.637  -17.686 0.6000000238
16463  -24.780  -68.646  -17.331 0.2000000030
16464  -25.493  -68.647  -17.345 0.1000000015
16465  -26.183  -68.567  -17.554 0.1000000015
16472  -2.321  -68.636  -18.060 0.8000000119
16473  -2.954  -68.564  -17.743 0.8999999762
16476  -6.556  -67.598  -18.588 0.8000000119
16479  -16.699  -68.286  -17.723 0.6000000238
16481  -20.218  -68.508  -18.174 0.4000000060
16483  -21.615  -68.328  -18.181 0.3000000119
16484  -22.390  -68.531  -18.313 0.3000000119
16487  -24.225  -68.669  -17.495 0.2000000030
16488  -26.504  -68.209  -17.975 0.1000000015
16489  -27.040  -68.418  -18.427 0.1000000015
16490  -27.374  -68.729  -18.725 0.1000000015
16498  1.090  -67.954  -19.313 0.1000000015
16501  -1.920  -68.785  -18.300 0.8000000119
16502  -6.531  -68.314  -18.836 0.8000000119
16503  -6.629  -67.880  -18.932 0.8000000119
16504  -10.743  -68.721  -18.500 0.5000000000
16505  -17.099  -68.230  -18.729 0.6000000238
16506  -19.707  -68.505  -18.556 0.4000000060
16507  -22.490  -68.885  -18.568 0.3000000119
16509  -27.163  -68.092  -19.095 0.1000000015
16510  -27.352  -68.490  -18.959 0.1000000015
16515  0.873  -68.437  -19.359 0.1000000015
16517  -1.213  -68.782  -19.181 0.8000000119
16518  -6.681  -67.978  -19.448 0.8000000119
16520  -10.395  -68.516  -19.123 0.5000000000
16525  -27.259  -68.027  -19.401 0.1000000015
16532  -6.510  -68.241  -20.446 0.8000000119
16533  -6.641  -68.090  -19.924 0.8000000119
16534  -9.905  -68.472  -20.493 0.5000000000
16535  -16.551  -67.992  -20.732 0.2000000030
16536  -17.095  -68.366  -20.352 0.3000000119
16543  1.616  -68.472  -21.141 0.2000000030
16544  -0.329  -68.373  -21.565 0.6999999881
16546  -9.649  -68.346  -21.166 0.5000000000
16548  -16.256  -68.035  -21.431 0.2000000030
16549  -16.952  -68.381  -21.179 0.3000000119
16550  -18.821  -68.230  -21.484 0.5000000000
16551  -27.855  -68.570  -21.245 0.1000000015
16559  0.339  -67.799  -22.390 0.4000000060
16561  -6.147  -68.712  -21.605 0.8000000119
16562  -9.276  -68.374  -22.587 0.5000000000
16564  -15.214  -68.018  -21.989 0.2000000030
16565  -15.496  -68.107  -22.089 0.2000000030
16566  -15.996  -68.177  -22.123 0.2000000030
16567  -16.714  -68.441  -22.051 0.2000000030
16568  -18.667  -68.315  -22.353 0.4000000060
16569  -27.881  -68.676  -21.941 0.1000000015
16575  1.281  -68.428  -22.152 0.3000000119
16577  0.287  -68.667  -22.499 0.5000000000
16578  -5.611  -68.567  -22.659 0.6999999881
16579  -5.935  -68.727  -22.132 0.8000000119
16581  -9.377  -68.088  -23.454 0.5000000000
16582  -15.112  -68.092  -22.319 0.2000000030
16583  -15.551  -68.269  -22.597 0.2000000030
16584  -16.238  -68.489  -22.834 0.2000000030
16586  -18.180  -68.818  -23.140 0.3000000119
16587  -18.487  -68.408  -23.175 0.4000000060
16596  -4.621  -68.397  -23.696 0.6999999881
16598  -9.337  -68.436  -23.470 0.5000000000
16599  -9.447  -68.279  -23.900 0.5000000000
16600  -15.100  -68.090  -22.856 0.2000000030
16603  -18.096  -68.750  -23.681 0.3000000119
16605  -27.123  -67.895  -23.759 0.1000000015
16617  -4.044  -68.298  -24.314 0.6000000238
16618  -4.270  -68.795  -24.041 0.6999999881
16619  -9.680  -68.322  -24.481 0.5000000000
16620  -15.658  -68.279  -24.208 0.2000000030
16621  -16.345  -68.677  -24.490 0.2000000030
16622  -17.065  -68.787  -24.895 0.3000000119
16624  -18.341  -68.120  -24.408 0.2000000030
16625  -27.112  -67.941  -24.224 0.1000000015
16628  -31.356  -68.600  -24.195 0.1000000015
16633  -3.821  -68.150  -25.023 0.6000000238
16634  -9.867  -68.492  -24.918 0.5000000000
16637  -17.282  -68.389  -25.504 0.2000000030
16640  -27.480  -68.610  -25.463 0.1000000015
16643  -4.352  -68.051  -25.557 0.6999999881
16645  -5.919  -68.444  -25.792 0.6999999881
16646  -6.584  -68.504  -26.014 0.6999999881
16647  -7.164  -68.560  -26.287 0.6999999881
16648  -7.789  -68.502  -26.499 0.6999999881
16649  -8.163  -68.851  -26.623 0.6999999881
16650  -10.092  -68.512  -25.360 0.5000000000
16652  -16.968  -68.199  -26.047 0.1000000015
16653  -17.475  -67.956  -26.113 0.1000000015
16654  -17.860  -67.814  -25.820 0.2000000030
16657  -30.271  -68.854  -25.934 0.1000000015
16658  -30.443  -68.342  -25.626 0.1000000015
16659  -8.064  -68.037  -26.675 0.6999999881
16661  -9.153  -68.472  -27.264 0.6999999881
16662  -10.844  -68.416  -26.449 0.5000000000
16664  -17.678  -67.725  -26.475 0.1000000015
16670  -9.748  -68.361  -27.741 0.6999999881
16673  -11.602  -68.124  -27.628 0.6000000238
16678  -10.866  -68.053  -28.376 0.6999999881
16679  -11.337  -68.213  -28.349 0.6000000238
16680  -11.683  -68.035  -28.080 0.6000000238
16817  -0.525  -68.126  20.090 0.8000000119
16819  -1.398  -68.428  20.208 0.6999999881
16832  0.271  -67.849  19.491 0.8999999762
16833  -0.211  -67.775  19.815 0.8000000119
16835  -1.638  -68.018  19.973 0.6999999881
16837  -3.126  -68.212  19.585 0.4000000060
16851  0.110  -67.583  18.980 0.8999999762
16853  -3.026  -67.357  19.320 0.4000000060
16855  -3.965  -67.773  18.488 0.3000000119
16868  -0.099  -67.502  18.397 0.8999999762
16886  -0.654  -67.511  17.600 0.8000000119
16888  -1.446  -67.378  16.853 0.8000000119
16889  -4.582  -67.641  17.100 0.4000000060
16906  -1.730  -67.367  16.572 0.8000000119
16908  -5.037  -67.532  16.189 0.3000000119
16923  -2.114  -67.369  16.162 0.8000000119
16924  -2.528  -67.351  15.625 0.8000000119
16925  -5.160  -67.558  15.738 0.3000000119
16935  -3.266  -67.250  14.554 0.8000000119
16937  -5.554  -67.286  14.904 0.3000000119
16945  -3.132  -67.778  14.533 0.8000000119
16947  -5.457  -67.759  14.693 0.3000000119
16948  -5.809  -67.409  14.341 0.3000000119
16957  -3.660  -67.505  13.006 0.6000000238
16959  -6.451  -67.284  13.250 0.3000000119
16970  -2.842  -68.020  11.948 0.2000000030
16971  -3.348  -67.767  12.257 0.2000000030
16990  -1.648  -67.846  11.398 0.2000000030
16992  -3.019  -67.591  11.589 0.2000000030
16993  -7.565  -67.353  11.546 0.1000000015
17009  -0.290  -67.619  10.348 0.1000000015
17011  -1.332  -67.365  10.973 0.1000000015
17013  -2.656  -67.443  11.324 0.2000000030
17015  -8.927  -67.528  10.239 0.1000000015
17016  -9.376  -67.890  10.069 0.1000000015
17029  -0.465  -67.626  9.700 0.1000000015
17030  -0.790  -67.976  9.627 0.1000000015
17032  -9.685  -67.439  9.700 0.1000000015
17041  -0.546  -67.320  9.343 0.1000000015
17043  -1.506  -67.859  8.822 0.1000000015
17044  -2.181  -67.994  8.705 0.1000000015
17045  -2.949  -67.969  8.736 0.1000000015
17046  -3.756  -67.862  8.843 0.1000000015
17049  -10.027  -67.008  9.332 0.1000000015
17063  -2.502  -67.730  8.174 0.1000000015
17077  -1.443  -67.233  7.921 0.1000000015
17079  -2.827  -67.358  7.684 0.1000000015
17080  -3.484  -67.198  7.767 0.1000000015
17425  -13.083  -68.261  -16.407 0.5000000000
17427  -14.290  -67.972  -16.473 0.5000000000
17429  -15.537  -68.005  -16.917 0.5000000000
17444  -3.477  -67.722  -17.520 0.8999999762
17445  -3.875  -67.793  -17.533 0.8999999762
17446  -4.593  -67.660  -17.413 0.8999999762
17447  -5.337  -67.440  -17.359 0.8999999762
17449  -12.228  -67.896  -17.058 0.5000000000
17450  -12.881  -67.708  -16.738 0.5000000000
17451  -13.835  -67.481  -16.726 0.5000000000
17452  -14.567  -67.468  -16.892 0.5000000000
17453  -15.248  -67.434  -17.288 0.5000000000
17455  -16.474  -68.125  -17.574 0.6000000238
17457  -25.794  -68.105  -17.610 0.1000000015
17465  -1.919  -67.676  -18.136 0.8000000119
17466  -2.526  -67.915  -17.978 0.8999999762
17467  -3.137  -67.868  -17.616 0.8999999762
17468  -3.502  -68.029  -17.626 0.8999999762
17469  -6.442  -67.363  -18.234 0.8000000119
17470  -6.589  -67.229  -18.585 0.8000000119
17471  -11.168  -68.204  -18.149 0.4000000060
17472  -11.746  -67.763  -17.667 0.4000000060
17475  -15.768  -67.342  -18.050 0.5000000000
17476  -16.543  -67.907  -17.973 0.5000000000
17477  -16.821  -68.045  -18.149 0.6000000238
17479  -20.629  -67.428  -18.210 0.4000000060
17481  -22.063  -67.677  -17.982 0.3000000119
17484  -24.549  -67.911  -17.580 0.2000000030
17485  -25.438  -67.658  -17.722 0.2000000030
17496  -1.008  -67.515  -19.252 0.6999999881
17497  -1.458  -67.880  -18.734 0.8000000119
17499  -6.643  -67.356  -18.901 0.8000000119
17504  -16.842  -67.938  -18.400 0.5000000000
17506  -20.191  -67.289  -18.545 0.4000000060
17507  -26.284  -67.289  -18.545 0.1000000015
17508  -26.711  -67.622  -18.768 0.1000000015
17511  1.348  -67.527  -19.627 0.1000000015
17515  -6.666  -67.409  -19.351 0.8000000119
17516  -10.091  -67.970  -20.192 0.5000000000
17518  -15.089  -67.147  -19.910 0.3000000119
17519  -15.674  -67.356  -19.758 0.3000000119
17520  -16.394  -67.647  -19.462 0.3000000119
17521  -16.825  -67.858  -18.929 0.5000000000
17522  -19.121  -67.901  -20.462 0.5000000000
17524  -27.058  -67.710  -19.502 0.1000000015
17525  -27.312  -67.963  -19.630 0.1000000015
17528  1.491  -67.767  -20.180 0.2000000030
17529  -0.505  -67.456  -21.035 0.6999999881
17530  -6.496  -67.600  -20.237 0.8000000119
17531  -6.642  -67.654  -19.776 0.8000000119
17533  -10.212  -67.447  -20.307 0.5000000000
17534  -14.546  -67.067  -20.277 0.2000000030
17535  -14.824  -67.218  -20.364 0.2000000030
17537  -16.051  -67.691  -20.373 0.2000000030
17538  -19.009  -67.878  -20.953 0.6000000238
17540  -26.939  -67.386  -20.031 0.1000000015
17546  1.593  -67.664  -20.849 0.2000000030
17547  0.058  -67.024  -22.007 0.4000000060
17548  -0.121  -67.473  -21.834 0.6999999881
17550  -9.729  -67.638  -21.530 0.5000000000
17553  -15.572  -67.784  -21.178 0.2000000030
17556  -19.112  -67.214  -21.128 0.5000000000
17564  1.619  -67.744  -21.709 0.3000000119
17566  0.116  -67.704  -22.204 0.4000000060
17567  -5.651  -67.343  -22.129 0.8000000119
17569  -9.306  -68.048  -22.396 0.5000000000
17570  -9.488  -67.622  -22.341 0.5000000000
17571  -14.943  -67.729  -21.805 0.2000000030
17572  -15.390  -67.937  -21.767 0.2000000030
17582  1.158  -67.608  -22.289 0.4000000060
17583  0.676  -67.463  -22.486 0.4000000060
17584  -5.006  -67.159  -22.921 0.6999999881
17585  -5.393  -67.643  -22.693 0.6999999881
17587  -9.329  -67.987  -22.713 0.5000000000
17588  -9.446  -67.715  -23.098 0.5000000000
17591  -26.870  -67.532  -22.475 0.1000000015
17601  -4.092  -67.452  -24.050 0.6999999881
17603  -5.010  -67.957  -23.296 0.6999999881
17604  -9.467  -67.811  -23.650 0.5000000000
17605  -15.065  -67.653  -23.232 0.2000000030
17607  -18.637  -67.879  -23.548 0.3000000119
17608  -26.226  -67.133  -24.135 0.1000000015
17610  -27.161  -67.891  -23.512 0.1000000015
17620  -3.383  -66.970  -24.925 0.6999999881
17623  -15.643  -67.680  -24.648 0.2000000030
17624  -18.352  -67.937  -24.723 0.2000000030
17625  -18.628  -67.721  -24.224 0.3000000119
17631  -3.474  -66.799  -25.166 0.6999999881
17634  -10.222  -67.385  -25.392 0.4000000060
17635  -15.944  -67.707  -25.234 0.2000000030
17636  -16.291  -67.592  -25.703 0.1000000015
17643  -5.005  -67.513  -25.818 0.6999999881
17645  -6.313  -67.845  -26.006 0.6999999881
17646  -6.916  -67.797  -26.303 0.6999999881
17648  -10.224  -68.151  -25.538 0.5000000000
17651  -17.098  -67.963  -26.405 0.1000000015
17657  -7.095  -67.352  -26.573 0.6000000238
17658  -7.567  -67.677  -26.632 0.6999999881
17659  -8.331  -67.569  -27.052 0.6999999881
17660  -8.819  -68.003  -27.089 0.6999999881
17661  -11.053  -67.695  -26.617 0.6000000238
17662  -11.530  -67.596  -27.209 0.6000000238
17663  -16.947  -67.349  -26.601 0.1000000015
17671  -8.603  -67.145  -27.506 0.6000000238
17673  -9.882  -67.602  -28.044 0.6999999881
17685  -10.539  -67.537  -28.368 0.5000000000
17686  -11.164  -67.582  -28.528 0.5000000000
17687  -11.549  -67.662  -28.304 0.6000000238
17887  -0.636  -67.516  19.715 0.8000000119
17888  -1.127  -67.427  19.650 0.8000000119
17890  -2.531  -67.245  19.378 0.4000000060
17903  0.010  -67.271  18.995 0.8999999762
17904  -0.383  -67.132  19.247 0.8999999762
17906  -2.175  -66.887  19.108 0.5000000000
17908  -3.425  -67.086  18.967 0.4000000060
17909  -3.775  -67.331  18.735 0.4000000060
17923  -0.347  -66.818  18.375 0.8999999762
17925  -4.110  -67.060  18.322 0.4000000060
17941  -0.619  -66.723  17.509 0.8999999762
17942  -1.136  -66.725  16.910 0.8000000119
17945  -4.830  -66.887  17.088 0.4000000060
17962  -1.214  -66.379  16.624 0.8000000119
17963  -1.614  -66.702  16.441 0.8000000119
17964  -5.090  -66.858  16.521 0.4000000060
17982  -5.337  -66.857  15.776 0.3000000119
17998  -2.993  -66.698  14.806 0.8999999762
17999  -3.377  -66.715  14.231 0.8999999762
18001  -5.742  -66.621  15.018 0.4000000060
18010  -3.665  -66.718  13.490 0.6000000238
18035  -3.831  -67.162  12.378 0.5000000000
18036  -4.062  -66.738  12.047 0.5000000000
18037  -7.035  -66.394  12.563 0.2000000030
18052  -7.830  -66.637  11.203 0.1000000015
18069  -0.358  -67.336  10.267 0.1000000015
18070  -0.481  -67.150  10.353 0.1000000015
18071  -1.008  -66.933  10.503 0.1000000015
18076  -8.425  -66.754  10.410 0.1000000015
18087  -0.653  -66.870  9.942 0.1000000015
18088  -1.357  -66.669  9.920 0.1000000015
18090  -3.204  -66.361  9.911 0.1000000015
18093  -9.299  -66.696  9.575 0.1000000015
18101  -0.462  -67.141  9.613 0.1000000015
18103  -1.738  -66.361  9.226 0.1000000015
18104  -2.571  -66.237  9.410 0.1000000015
18105  -3.093  -66.119  9.334 0.1000000015
18106  -9.755  -66.656  9.308 0.1000000015
18118  -1.112  -66.681  8.173 0.1000000015
18119  -1.320  -66.446  8.649 0.1000000015
18120  -4.770  -66.947  8.206 0.1000000015
18121  -5.454  -66.927  8.407 0.1000000015
18122  -6.199  -67.055  8.451 0.1000000015
18132  -1.756  -66.687  7.460 0.1000000015
18133  -2.519  -67.032  7.136 0.1000000015
18135  -3.684  -66.889  7.397 0.1000000015
18136  -4.288  -66.818  7.622 0.1000000015
18149  -2.819  -66.715  6.641 0.1000000015
18151  -3.928  -66.676  7.124 0.1000000015
18164  -2.204  -66.036  5.872 0.1000000015
18165  -2.662  -66.351  5.922 0.1000000015
18166  -3.146  -66.545  6.295 0.1000000015
18179  -2.209  -65.927  5.458 0.1000000015
18460  -2.995  -66.546  -16.642 0.8999999762
18462  -4.320  -66.552  -16.565 0.8999999762
18463  -4.912  -66.443  -16.510 0.8000000119
18465  -5.736  -66.157  -16.789 0.8000000119
18480  -1.786  -66.593  -17.323 0.8999999762
18483  -4.101  -67.104  -17.107 0.8999999762
18485  -5.269  -66.768  -16.925 0.8000000119
18487  -12.800  -67.101  -17.348 0.3000000119
18490  -14.727  -67.201  -17.272 0.3000000119
18498  -1.493  -67.022  -18.049 0.8999999762
18500  -2.746  -67.401  -17.530 0.8999999762
18501  -6.350  -66.814  -17.884 0.8999999762
18502  -6.562  -66.889  -18.393 0.8000000119
18503  -11.654  -67.162  -18.260 0.3000000119
18504  -12.306  -66.968  -17.915 0.4000000060
18507  -14.801  -66.985  -17.804 0.3000000119
18508  -15.277  -67.069  -18.040 0.5000000000
18509  -20.501  -66.940  -18.499 0.4000000060
18511  -21.731  -66.907  -18.000 0.4000000060
18516  -25.674  -67.268  -18.011 0.2000000030
18526  -6.523  -66.537  -18.912 0.8000000119
18527  -6.607  -66.911  -18.849 0.8000000119
18528  -10.803  -67.393  -19.199 0.4000000060
18531  -12.779  -66.505  -18.599 0.3000000119
18532  -13.593  -66.528  -18.577 0.3000000119
18533  -14.365  -66.770  -18.595 0.3000000119
18535  -19.693  -67.062  -19.340 0.4000000060
18536  -20.147  -66.725  -18.994 0.4000000060
18537  -20.636  -66.581  -18.641 0.4000000060
18539  -25.826  -66.895  -18.505 0.1000000015
18540  -26.349  -67.084  -18.884 0.1000000015
18544  1.352  -66.748  -19.327 0.1000000015
18545  -0.642  -66.677  -20.335 0.6000000238
18546  -6.462  -66.733  -19.374 0.8000000119
18547  -6.644  -67.094  -19.125 0.8000000119
18548  -10.875  -67.014  -19.532 0.4000000060
18550  -12.474  -66.316  -19.333 0.3000000119
18554  -15.301  -67.087  -19.345 0.5000000000
18555  -19.792  -66.621  -19.732 0.4000000060
18556  -20.128  -66.357  -19.437 0.3000000119
18563  -0.209  -66.189  -21.583 0.6000000238
18564  -0.396  -66.487  -21.168 0.6000000238
18565  -5.738  -66.332  -20.620 0.8000000119
18566  -6.086  -66.809  -20.380 0.8000000119
18567  -10.178  -67.228  -20.625 0.4000000060
18568  -10.667  -66.742  -20.423 0.4000000060
18570  -13.663  -66.504  -19.796 0.2000000030
18571  -14.174  -66.850  -20.142 0.2000000030
18572  -14.657  -67.057  -20.029 0.3000000119
18573  -19.500  -66.752  -20.518 0.5000000000
18574  -26.128  -66.612  -19.923 0.1000000015
18581  1.739  -66.377  -21.524 0.5000000000
18583  -0.118  -66.685  -21.760 0.6000000238
18585  -5.607  -66.489  -21.078 0.8000000119
18586  -5.855  -67.120  -21.356 0.8000000119
18587  -10.118  -67.107  -21.085 0.4000000060
18589  -14.266  -66.962  -20.916 0.2000000030
18590  -14.462  -67.282  -21.499 0.2000000030
18591  -19.096  -67.147  -21.366 0.5000000000
18592  -19.278  -66.889  -21.213 0.5000000000
18594  -26.513  -66.979  -21.219 0.1000000015
18602  1.685  -66.399  -21.706 0.5000000000
18604  0.272  -66.688  -22.134 0.4000000060
18606  -5.268  -66.727  -22.019 0.8000000119
18607  -5.723  -67.250  -21.845 0.8000000119
18609  -10.446  -66.337  -21.697 0.4000000060
18611  -14.597  -67.054  -22.157 0.2000000030
18612  -19.103  -67.061  -21.800 0.5000000000
18626  1.002  -66.978  -22.427 0.4000000060
18627  0.612  -66.884  -22.417 0.4000000060
18628  -4.747  -66.660  -22.815 0.6999999881
18629  -5.136  -67.024  -22.638 0.8000000119
18632  -15.302  -66.537  -23.206 0.1000000015
18633  -19.023  -67.158  -22.600 0.4000000060
18635  -25.385  -66.502  -23.494 0.1000000015
18636  -25.863  -66.705  -22.985 0.1000000015
18637  -26.346  -67.041  -22.712 0.1000000015
18646  -4.046  -66.792  -23.712 0.6999999881
18647  -4.334  -66.589  -23.292 0.6999999881
18648  -9.621  -67.236  -23.580 0.5000000000
18649  -15.172  -67.249  -23.449 0.2000000030
18650  -15.414  -66.827  -23.612 0.2000000030
18651  -18.958  -67.249  -23.519 0.2000000030
18663  -3.408  -66.598  -24.438 0.6999999881
18664  -3.762  -66.950  -24.161 0.6999999881
18665  -9.831  -67.075  -24.349 0.5000000000
18667  -16.235  -66.569  -24.786 0.1000000015
18674  -3.234  -66.452  -24.995 0.6999999881
18677  -10.456  -66.950  -25.601 0.4000000060
18678  -15.863  -67.325  -24.919 0.2000000030
18681  -19.539  -66.608  -24.846 0.1000000015
18686  -4.219  -66.540  -25.766 0.6999999881
18687  -4.885  -66.754  -26.000 0.6999999881
18688  -5.537  -66.942  -26.123 0.6999999881
18689  -6.153  -67.208  -26.143 0.6999999881
18690  -6.534  -67.430  -26.212 0.6000000238
18691  -10.872  -67.030  -26.216 0.5000000000
18692  -16.541  -67.141  -25.966 0.2000000030
18693  -16.911  -66.773  -26.181 0.1000000015
18697  -25.730  -66.664  -25.960 0.1000000015
18703  -5.630  -66.453  -26.407 0.6000000238
18704  -5.992  -66.583  -26.529 0.6000000238
18706  -7.241  -67.033  -26.857 0.6999999881
18708  -11.294  -66.974  -26.787 0.5000000000
18710  -16.783  -67.169  -26.389 0.1000000015
18723  -6.993  -66.596  -27.086 0.6000000238
18724  -7.458  -66.584  -27.293 0.6000000238
18726  -8.891  -66.710  -27.897 0.6000000238
18727  -9.472  -67.042  -28.016 0.6000000238
18728  -11.944  -66.758  -28.030 0.5000000000
18729  -12.066  -66.651  -28.422 0.5000000000
18742  -10.065  -66.824  -28.353 0.6000000238
18744  -11.708  -66.989  -28.587 0.5000000000
18745  -12.069  -66.668  -28.672 0.5000000000
18746  -17.582  -66.899  -28.039 0.1000000015
18760  -18.275  -66.682  -28.818 0.1000000015
18994  -1.810  -66.425  18.724 0.6000000238
18996  -3.244  -66.620  18.775 0.4000000060
18997  -3.566  -66.758  18.721 0.4000000060
19014  -3.118  -66.128  18.506 0.5000000000
19015  -3.800  -66.416  18.540 0.4000000060
19016  -4.326  -66.382  18.078 0.4000000060
19051  -0.559  -65.594  16.817 0.8999999762
19052  -0.846  -66.001  16.647 0.8999999762
19053  -1.262  -66.175  16.402 0.8000000119
19054  -5.237  -66.311  16.386 0.4000000060
19073  -1.616  -66.000  15.988 0.8000000119
19074  -2.161  -66.225  15.533 0.8000000119
19076  -5.627  -65.754  15.803 0.4000000060
19093  -2.493  -65.962  14.979 0.8999999762
19095  -5.788  -65.787  15.379 0.4000000060
19106  -2.774  -65.712  14.385 0.8999999762
19109  -6.264  -65.648  14.165 0.4000000060
19120  -4.085  -66.416  12.460 0.5000000000
19131  -3.943  -65.468  12.360 0.6999999881
19133  -6.849  -65.439  12.978 0.2000000030
19164  -4.236  -65.827  10.168 0.3000000119
19178  -3.565  -66.003  9.424 0.1000000015
19179  -4.071  -65.754  9.519 0.1000000015
19180  -9.003  -66.081  9.551 0.1000000015
19192  -2.777  -66.042  9.013 0.1000000015
19194  -3.756  -65.674  9.008 0.1000000015
19195  -9.893  -66.051  8.958 0.1000000015
19207  -1.378  -66.339  8.292 0.1000000015
19208  -1.832  -66.178  8.476 0.1000000015
19210  -3.475  -65.547  8.391 0.1000000015
19211  -3.844  -65.432  8.764 0.1000000015
19212  -10.785  -65.666  8.311 0.1000000015
19223  -2.139  -65.971  7.960 0.1000000015
19224  -2.874  -65.628  7.703 0.1000000015
19225  -3.331  -65.192  7.875 0.1000000015
19226  -4.211  -66.569  7.163 0.1000000015
19227  -4.608  -66.395  7.269 0.1000000015
19228  -5.361  -66.212  7.433 0.1000000015
19229  -6.207  -66.220  7.552 0.1000000015
19234  -1.832  -66.171  7.459 0.1000000015
19235  -2.317  -65.889  7.087 0.1000000015
19237  -3.473  -66.442  6.417 0.1000000015
19252  -2.874  -66.151  5.677 0.1000000015
19256  -5.625  -65.239  6.715 0.1000000015
19271  -1.854  -65.073  5.333 0.1000000015
19273  -2.668  -65.796  5.328 0.1000000015
19274  -3.536  -65.493  5.525 0.1000000015
19275  -3.927  -65.205  5.827 0.1000000015
19292  -1.888  -65.099  4.995 0.1000000015
19293  -2.152  -65.186  4.949 0.1000000015
19544  -3.083  -65.170  -15.124 0.8999999762
19546  -3.811  -65.365  -15.219 0.8999999762
19558  -2.439  -65.662  -15.739 0.8999999762
19559  -2.855  -65.590  -15.569 0.8999999762
19560  -3.568  -65.713  -15.621 0.8999999762
19561  -4.204  -65.636  -15.545 0.8999999762
19562  -4.666  -65.667  -15.670 0.8999999762
19578  -1.805  -65.757  -16.326 0.8999999762
19579  -2.278  -65.940  -16.207 0.8999999762
19581  -3.921  -66.116  -16.085 0.8999999762
19583  -5.084  -65.843  -16.069 0.8999999762
19584  -5.597  -65.779  -16.465 0.8000000119
19601  -2.027  -66.330  -16.830 0.8999999762
19602  -5.936  -65.857  -16.975 0.8000000119
19610  -0.975  -65.740  -18.114 0.8000000119
19612  -6.291  -66.028  -17.727 0.8999999762
19613  -6.521  -66.438  -18.256 0.8000000119
19614  -21.164  -66.435  -18.398 0.4000000060
19615  -21.450  -66.378  -18.294 0.4000000060
19619  -24.795  -66.363  -18.225 0.2000000030
19625  -1.128  -66.524  -18.266 0.8999999762
19626  -6.329  -65.993  -18.745 0.8000000119
19629  -21.037  -66.187  -18.686 0.4000000060
19630  -21.725  -65.936  -18.615 0.3000000119
19631  -22.453  -65.748  -18.718 0.3000000119
19632  -23.415  -65.501  -19.123 0.2000000030
19634  -25.315  -66.306  -18.856 0.2000000030
19635  -25.762  -66.525  -18.994 0.1000000015
19641  -5.565  -65.679  -20.094 0.8000000119
19643  -12.338  -66.116  -19.927 0.3000000119
19644  -12.975  -66.186  -19.855 0.2000000030
19645  -13.364  -66.344  -19.835 0.2000000030
19647  -20.536  -66.051  -19.314 0.4000000060
19648  -21.053  -65.778  -19.183 0.4000000060
19657  1.761  -65.727  -21.177 0.5000000000
19662  -5.766  -66.148  -20.294 0.8000000119
19663  -11.258  -66.078  -20.737 0.4000000060
19667  -13.967  -66.647  -20.619 0.2000000030
19669  -20.593  -65.665  -20.173 0.3000000119
19670  -20.961  -65.624  -19.642 0.2000000030
19672  -24.962  -65.877  -20.513 0.2000000030
19681  1.741  -66.080  -21.534 0.5000000000
19682  1.746  -66.139  -21.219 0.5000000000
19683  0.188  -66.016  -21.905 0.6000000238
19684  -4.762  -65.741  -21.544 0.8000000119
19686  -10.855  -66.096  -21.331 0.4000000060
19688  -12.504  -65.617  -20.988 0.3000000119
19689  -13.309  -65.837  -21.142 0.2000000030
19690  -13.893  -66.428  -21.041 0.2000000030
19691  -19.706  -66.219  -21.246 0.5000000000
19692  -20.319  -65.716  -20.979 0.3000000119
19694  -24.345  -65.691  -21.555 0.2000000030
19696  -25.442  -66.176  -21.062 0.2000000030
19705  1.538  -66.123  -21.887 0.5000000000
19706  1.182  -66.138  -22.174 0.6000000238
19707  0.686  -66.307  -22.381 0.6000000238
19708  -4.731  -66.050  -22.051 0.8000000119
19709  -4.999  -66.134  -21.753 0.8000000119
19710  -10.011  -66.493  -22.680 0.4000000060
19712  -11.124  -65.669  -21.739 0.4000000060
19713  -13.618  -65.679  -21.639 0.2000000030
19715  -14.372  -66.459  -21.998 0.2000000030
19716  -19.716  -66.228  -22.085 0.5000000000
19718  -20.806  -65.517  -22.262 0.2000000030
19719  -23.613  -65.483  -22.039 0.2000000030
19720  -24.000  -65.671  -22.144 0.2000000030
19722  -25.252  -66.148  -21.611 0.2000000030
19732  1.076  -66.545  -22.383 0.4000000060
19733  0.857  -66.665  -22.456 0.4000000060
19735  -4.321  -65.968  -22.619 0.6999999881
19736  -9.869  -66.711  -23.206 0.5000000000
19739  -15.148  -66.187  -22.930 0.2000000030
19740  -19.648  -66.366  -22.666 0.3000000119
19742  -20.593  -65.686  -22.690 0.2000000030
19743  -22.772  -65.403  -22.741 0.1000000015
19753  -3.472  -65.748  -23.589 0.6999999881
19754  -3.799  -65.948  -23.319 0.6999999881
19755  -4.305  -66.280  -23.024 0.6999999881
19756  -9.905  -66.638  -23.741 0.4000000060
19757  -10.136  -66.220  -23.889 0.4000000060
19758  -15.480  -66.143  -23.409 0.1000000015
19759  -15.804  -65.901  -23.787 0.1000000015
19761  -20.298  -65.922  -23.281 0.1000000015
19762  -20.944  -65.617  -23.362 0.1000000015
19765  -23.440  -65.738  -23.548 0.1000000015
19775  -3.352  -65.904  -23.914 0.6999999881
19778  -10.240  -66.182  -24.376 0.4000000060
19780  -16.198  -66.074  -24.338 0.1000000015
19781  -16.698  -65.675  -24.659 0.1000000015
19782  -19.991  -66.139  -23.765 0.2000000030
19789  -25.081  -66.270  -24.799 0.1000000015
19793  -3.295  -65.756  -25.216 0.6999999881
19794  -10.094  -66.622  -24.603 0.4000000060
19795  -10.388  -66.330  -25.064 0.5000000000
19797  -17.107  -65.537  -25.151 0.1000000015
19804  -24.718  -66.063  -25.405 0.1000000015
19805  -25.260  -66.349  -25.479 0.1000000015
19809  -3.889  -65.625  -25.817 0.6000000238
19810  -4.798  -65.844  -26.339 0.6000000238
19813  -11.177  -65.734  -26.204 0.5000000000
19815  -17.345  -65.959  -26.104 0.1000000015
19824  -25.452  -66.483  -26.007 0.1000000015
19829  -5.237  -65.479  -26.740 0.6000000238
19830  -5.650  -65.871  -26.643 0.6000000238
19832  -6.723  -66.390  -27.098 0.6000000238
19833  -11.108  -66.570  -26.453 0.5000000000
19834  -11.489  -66.059  -26.789 0.5000000000
19835  -17.483  -66.250  -27.173 0.1000000015
19843  -25.312  -66.433  -26.559 0.1000000015
19848  -6.689  -65.554  -27.426 0.6000000238
19850  -7.833  -65.970  -27.569 0.6000000238
19852  -9.210  -65.943  -28.196 0.6000000238
19853  -11.956  -66.226  -27.637 0.5000000000
19854  -12.176  -66.299  -28.211 0.5000000000
19855  -17.610  -66.399  -27.917 0.1000000015
19867  -9.812  -66.028  -28.372 0.5000000000
19868  -10.530  -66.123  -28.552 0.5000000000
19869  -11.285  -66.269  -28.849 0.5000000000
19870  -11.982  -66.385  -28.961 0.5000000000
19871  -12.207  -66.418  -28.593 0.5000000000
19872  -17.751  -66.561  -28.288 0.1000000015
19874  -18.506  -65.550  -28.879 0.1000000015
19886  -18.468  -66.347  -28.946 0.1000000015
20186  -1.397  -65.368  17.794 0.8999999762
20187  -2.163  -65.510  17.944 0.5000000000
20189  -3.661  -65.805  18.235 0.5000000000
20202  -1.279  -64.953  17.341 0.8999999762
20205  -3.562  -65.247  17.889 0.5000000000
20206  -4.303  -65.638  17.857 0.4000000060
20207  -4.856  -65.594  17.302 0.4000000060
20225  -0.816  -65.672  16.289 0.8000000119
20245  -0.602  -65.203  15.958 0.8000000119
20246  -0.955  -65.477  15.930 0.8000000119
20247  -1.475  -65.484  15.580 0.8000000119
20248  -5.497  -65.496  16.133 0.4000000060
20249  -5.650  -65.241  15.781 0.4000000060
20266  -1.065  -65.135  15.396 0.8000000119
20267  -1.759  -65.248  15.002 0.8000000119
20269  -5.860  -65.091  15.239 0.3000000119
20282  -2.005  -65.031  14.410 0.8999999762
20284  -3.210  -65.354  13.442 0.8999999762
20286  -6.307  -64.927  14.028 0.3000000119
20296  -2.819  -64.919  13.296 0.8999999762
20310  -2.974  -64.767  12.810 0.8999999762
20312  -3.979  -65.235  12.001 0.5000000000
20313  -6.724  -64.560  13.034 0.3000000119
20328  -3.721  -64.850  11.803 0.6000000238
20329  -4.156  -65.083  11.329 0.3000000119
20330  -7.488  -64.637  11.690 0.3000000119
20349  -8.360  -65.141  10.208 0.2000000030
20364  -4.317  -65.240  9.795 0.1000000015
20365  -8.872  -65.226  9.462 0.1000000015
20379  -9.529  -65.265  8.817 0.1000000015
20388  -3.724  -64.927  8.164 0.1000000015
20391  -10.293  -65.229  8.310 0.1000000015
20401  -3.064  -64.890  7.415 0.1000000015
20402  -3.398  -64.881  7.818 0.1000000015
20411  -2.487  -65.283  6.642 0.1000000015
20412  -2.649  -64.933  6.937 0.1000000015
20413  -6.267  -65.338  6.858 0.1000000015
20421  -2.164  -64.991  6.154 0.1000000015
20424  -4.297  -64.891  6.075 0.1000000015
20425  -5.192  -64.839  6.541 0.1000000015
20441  -1.772  -64.786  5.430 0.1000000015
20442  -1.826  -64.630  5.828 0.1000000015
20443  -3.013  -65.019  5.230 0.1000000015
20445  -3.945  -64.967  5.891 0.1000000015
20464  -1.593  -64.526  5.223 0.1000000015
20466  -2.458  -64.554  5.013 0.1000000015
20736  -3.336  -64.525  -14.416 0.8999999762
20737  -3.852  -64.613  -14.422 0.8999999762
20738  -4.208  -64.565  -14.455 0.8999999762
20749  -2.055  -64.815  -14.969 0.8999999762
20750  -2.456  -64.884  -14.889 0.8999999762
20751  -2.932  -64.775  -14.723 0.8999999762
20752  -3.536  -64.985  -14.861 0.8999999762
20753  -4.342  -64.995  -14.917 0.8999999762
20754  -4.874  -64.874  -15.084 0.8999999762
20768  -1.713  -64.907  -15.292 0.8999999762
20770  -2.707  -65.155  -15.164 0.8999999762
20771  -4.541  -65.407  -15.373 0.8999999762
20789  -1.604  -65.312  -16.065 0.8999999762
20790  -1.989  -65.577  -15.901 0.8999999762
20791  -5.355  -65.194  -15.990 0.8000000119
20805  -1.175  -65.071  -17.210 0.8999999762
20814  -0.990  -65.201  -18.021 0.8999999762
20815  -1.082  -65.421  -17.656 0.8999999762
20816  -6.126  -65.250  -18.052 0.8000000119
20821  -0.701  -65.035  -19.073 0.8000000119
20822  -5.714  -64.871  -19.040 0.8000000119
20825  -21.924  -65.573  -19.109 0.3000000119
20827  -22.966  -65.336  -19.572 0.2000000030
20831  -0.141  -64.474  -20.691 0.6999999881
20833  -5.630  -65.144  -19.468 0.8000000119
20834  -6.012  -65.533  -19.187 0.8000000119
20835  -21.433  -65.531  -19.453 0.3000000119
20836  -21.995  -65.368  -19.726 0.2000000030
20837  -22.623  -65.282  -19.916 0.2000000030
20838  -23.243  -65.266  -19.956 0.2000000030
20839  -23.711  -65.347  -20.202 0.2000000030
20846  1.731  -65.451  -21.165 0.5000000000
20847  1.673  -65.194  -20.793 0.5000000000
20848  -0.071  -64.860  -21.051 0.6999999881
20849  -0.364  -65.270  -20.813 0.6999999881
20850  -4.553  -64.647  -20.612 0.8000000119
20851  -5.052  -65.142  -20.360 0.8000000119
20852  -20.920  -65.421  -20.389 0.2000000030
20855  -22.819  -65.240  -20.527 0.2000000030
20857  -23.924  -65.407  -20.674 0.2000000030
20868  1.186  -64.899  -21.663 0.5000000000
20869  0.349  -65.201  -21.671 0.6000000238
20870  -4.007  -64.682  -21.672 0.6999999881
20872  -4.967  -65.608  -21.015 0.8000000119
20873  -11.976  -65.283  -21.734 0.2000000030
20878  -22.416  -65.207  -21.099 0.2000000030
20880  -23.608  -65.360  -21.185 0.2000000030
20881  -24.047  -65.480  -21.193 0.2000000030
20891  1.640  -65.809  -21.750 0.5000000000
20892  1.369  -65.650  -21.888 0.5000000000
20894  -3.786  -64.975  -22.274 0.8000000119
20896  -6.804  -64.805  -22.434 0.4000000060
20897  -7.116  -64.862  -22.438 0.4000000060
20898  -11.040  -65.416  -22.642 0.4000000060
20900  -12.336  -65.136  -22.060 0.2000000030
20901  -13.151  -65.324  -21.817 0.2000000030
20903  -14.351  -65.974  -22.176 0.2000000030
20904  -20.658  -65.495  -21.375 0.4000000060
20906  -22.056  -65.238  -21.745 0.1000000015
20907  -22.732  -65.253  -21.728 0.2000000030
20908  -23.309  -65.353  -21.784 0.2000000030
20916  -3.221  -64.992  -23.056 0.6000000238
20917  -3.651  -65.296  -22.831 0.6999999881
20918  -4.008  -65.445  -22.520 0.6999999881
20919  -6.053  -64.784  -22.995 0.4000000060
20920  -6.587  -64.982  -22.886 0.4000000060
20921  -7.072  -64.984  -22.744 0.4000000060
20922  -10.750  -65.535  -23.117 0.4000000060
20924  -12.085  -64.933  -22.710 0.3000000119
20925  -12.863  -64.889  -22.532 0.2000000030
20927  -14.689  -65.397  -22.775 0.2000000030
20928  -15.239  -65.770  -23.104 0.1000000015
20930  -21.817  -65.350  -22.389 0.1000000015
20932  -22.969  -65.331  -22.127 0.1000000015
20939  -3.294  -65.393  -23.519 0.6000000238
20940  -3.488  -65.398  -23.189 0.6999999881
20941  -5.598  -64.593  -23.371 0.4000000060
20942  -5.835  -64.797  -23.423 0.5000000000
20944  -7.089  -65.184  -23.377 0.4000000060
20945  -7.555  -65.201  -23.742 0.5000000000
20946  -10.497  -65.718  -23.895 0.5000000000
20947  -11.016  -65.271  -23.645 0.4000000060
20950  -16.027  -65.516  -23.891 0.1000000015
20951  -21.377  -65.459  -23.136 0.2000000030
20953  -22.159  -65.353  -22.756 0.1000000015
20963  -2.997  -65.209  -24.095 0.6999999881
20964  -5.562  -64.640  -23.642 0.5000000000
20965  -5.845  -64.960  -24.010 0.5000000000
20966  -6.519  -65.317  -24.078 0.5000000000
20968  -7.926  -65.217  -24.191 0.5000000000
20969  -8.516  -64.969  -24.479 0.5000000000
20970  -10.538  -65.800  -24.592 0.5000000000
20973  -16.895  -65.103  -24.609 0.1000000015
20980  -2.974  -65.085  -24.822 0.6999999881
20982  -6.126  -65.109  -24.751 0.5000000000
20984  -7.420  -65.432  -24.933 0.5000000000
20985  -8.123  -65.294  -25.032 0.5000000000
20988  -11.250  -65.103  -25.288 0.4000000060
21000  -3.813  -64.781  -25.941 0.6000000238
21002  -6.343  -65.070  -25.514 0.5000000000
21003  -6.892  -65.296  -25.675 0.5000000000
21005  -8.294  -65.305  -25.840 0.5000000000
21006  -9.025  -64.949  -26.009 0.5000000000
21007  -11.036  -65.538  -25.790 0.5000000000
21021  -4.925  -65.033  -26.813 0.5000000000
21022  -5.582  -65.096  -26.932 0.5000000000
21023  -6.277  -65.110  -26.504 0.5000000000
21025  -7.668  -65.337  -26.521 0.5000000000
21027  -9.094  -64.952  -26.903 0.5000000000
21028  -12.014  -65.159  -26.914 0.5000000000
21029  -12.302  -65.216  -27.486 0.5000000000
21043  -6.602  -65.251  -27.062 0.5000000000
21044  -7.118  -65.342  -27.117 0.5000000000
21046  -8.434  -65.342  -27.407 0.6000000238
21047  -9.397  -65.080  -27.807 0.5000000000
21048  -9.958  -64.839  -28.023 0.5000000000
21050  -12.318  -65.687  -27.981 0.5000000000
21063  -9.594  -65.539  -28.268 0.5000000000
21066  -11.777  -65.696  -28.937 0.5000000000
21068  -18.151  -65.492  -28.134 0.1000000015
21069  -18.629  -65.002  -28.471 0.1000000015
21080  -18.767  -65.335  -29.000 0.1000000015
21442  -0.664  -64.555  16.756 0.8999999762
21443  -1.116  -64.544  16.907 0.8000000119
21445  -2.617  -64.732  17.193 0.8000000119
21446  -3.383  -64.795  17.407 0.6999999881
21461  -0.479  -64.711  16.428 0.8999999762
21463  -1.654  -64.230  16.558 0.8000000119
21464  -2.433  -64.352  16.701 0.8000000119
21465  -3.184  -64.380  16.946 0.6999999881
21467  -4.735  -64.753  17.022 0.4000000060
21487  -0.413  -64.851  15.895 0.8999999762
21488  -0.514  -64.398  15.996 0.8999999762
21490  -5.596  -64.468  15.757 0.4000000060
21511  -0.606  -64.736  15.321 0.8000000119
21513  -1.526  -64.788  14.540 0.8000000119
21528  -0.685  -64.457  14.857 0.8999999762
21531  -2.318  -64.665  13.535 0.8999999762
21533  -6.292  -64.346  13.840 0.3000000119
21542  -1.240  -64.138  13.703 0.8000000119
21543  -1.848  -64.331  13.349 1.0000000000
21545  -6.210  -63.804  13.931 0.3000000119
21546  -6.445  -63.963  13.433 0.3000000119
21560  -3.328  -64.551  11.922 0.6999999881
21561  -6.783  -63.844  12.817 0.3000000119
21576  -3.997  -64.625  11.039 0.5000000000
21577  -7.467  -63.618  11.571 0.3000000119
21592  -4.200  -64.757  10.757 0.5000000000
21613  -3.963  -64.274  10.276 0.5000000000
21614  -4.239  -64.587  10.156 0.1000000015
21626  -4.300  -64.679  9.393 0.1000000015
21627  -8.964  -64.371  9.231 0.2000000030
21628  -9.285  -64.431  8.802 0.2000000030
21638  -4.133  -64.750  8.703 0.1000000015
21649  -3.011  -64.111  7.503 0.1000000015
21661  -2.179  -63.979  6.796 0.1000000015
21662  -2.580  -64.391  7.004 0.1000000015
21663  -4.938  -63.793  6.979 0.1000000015
21665  -6.072  -64.168  7.025 0.1000000015
21674  -1.541  -63.961  6.085 0.1000000015
21675  -1.867  -64.223  6.254 0.1000000015
21676  -2.229  -64.340  6.663 0.1000000015
21677  -3.925  -64.326  6.098 0.1000000015
21679  -5.574  -64.480  6.877 0.1000000015
21696  -1.186  -63.863  5.710 0.1000000015
21697  -1.427  -64.112  5.758 0.1000000015
21699  -3.049  -64.219  5.347 0.1000000015
21700  -3.441  -63.942  5.805 0.1000000015
21717  -1.147  -63.836  5.491 0.1000000015
21718  -1.478  -63.977  5.140 0.1000000015
21719  -2.033  -63.877  5.031 0.1000000015
21930  -0.079  -63.698  -8.569 0.1000000015
21931  -0.353  -63.704  -8.288 0.1000000015
21933  -1.458  -64.149  -8.672 0.1000000015
21934  -1.992  -63.902  -8.982 0.1000000015
21942  0.034  -64.133  -8.612 0.1000000015
21943  -0.270  -64.065  -8.748 0.1000000015
21944  -0.658  -64.289  -9.362 0.1000000015
21946  -1.983  -63.869  -9.525 0.1000000015
21962  -0.653  -64.403  -9.958 0.1000000015
21963  -1.176  -64.297  -10.139 0.1000000015
21983  -1.232  -64.284  -10.930 0.1000000015
22033  -3.099  -63.667  -13.824 1.0000000000
22034  -3.255  -63.850  -13.884 0.8999999762
22053  -1.827  -64.032  -14.434 1.0000000000
22054  -2.080  -64.030  -14.286 1.0000000000
22055  -2.800  -64.072  -14.097 1.0000000000
22056  -3.557  -64.104  -14.040 0.8999999762
22057  -4.102  -64.214  -14.144 0.8999999762
22074  -1.751  -64.290  -14.742 1.0000000000
22075  -2.271  -64.477  -14.552 0.8999999762
22077  -4.470  -64.336  -14.454 0.8999999762
22095  -5.086  -64.549  -15.394 0.8999999762
22105  -5.441  -64.454  -16.184 0.8999999762
22106  -5.840  -64.710  -16.849 0.8000000119
22112  -1.058  -64.492  -17.684 0.8999999762
22114  -5.544  -64.106  -16.884 0.8000000119
22115  -5.921  -64.613  -17.504 0.8000000119
22125  -5.859  -64.636  -18.272 0.8000000119
22130  1.397  -63.923  -19.182 0.2000000030
22132  -5.516  -64.457  -18.812 0.8000000119
22133  -5.790  -64.702  -18.636 0.8000000119
22134  -8.738  -64.213  -19.166 0.3000000119
22135  -9.383  -64.266  -19.239 0.3000000119
22144  -0.102  -64.001  -20.453 0.6999999881
22145  -0.404  -64.133  -20.026 0.6999999881
22146  -4.610  -64.028  -19.841 0.8000000119
22148  -7.819  -64.179  -19.997 0.4000000060
22149  -8.494  -64.311  -19.817 0.4000000060
22151  -9.524  -64.290  -19.732 0.2000000030
22163  -4.406  -64.156  -20.401 0.8000000119
22165  -6.956  -64.208  -20.913 0.4000000060
22167  -8.309  -64.367  -20.502 0.4000000060
22168  -9.032  -64.343  -20.326 0.4000000060
22169  -9.313  -64.327  -20.017 0.4000000060
22179  0.955  -64.254  -21.404 0.5000000000
22180  0.499  -64.532  -21.424 0.6999999881
22182  -4.174  -64.284  -21.006 0.8000000119
22183  -6.276  -64.197  -21.621 0.4000000060
22184  -6.807  -64.388  -21.524 0.4000000060
22185  -7.441  -64.466  -21.380 0.4000000060
22186  -8.117  -64.423  -21.207 0.3000000119
22196  -3.530  -64.260  -22.091 0.6999999881
22197  -5.546  -64.005  -22.290 0.4000000060
22198  -5.946  -64.205  -22.054 0.4000000060
22199  -6.542  -64.540  -22.012 0.4000000060
22201  -7.917  -64.541  -21.912 0.4000000060
22202  -8.591  -64.287  -21.759 0.3000000119
22212  -3.014  -64.458  -22.864 0.6999999881
22213  -3.361  -64.706  -22.594 0.6999999881
22214  -5.284  -63.970  -22.684 0.4000000060
22215  -5.716  -64.385  -22.694 0.4000000060
22217  -7.342  -64.879  -22.532 0.4000000060
22218  -7.714  -64.755  -22.533 0.4000000060
22220  -11.616  -64.942  -23.382 0.4000000060
22222  -12.542  -64.593  -23.198 0.2000000030
22224  -14.075  -64.645  -22.979 0.2000000030
22240  -5.699  -64.589  -23.141 0.4000000060
22242  -7.938  -64.913  -23.284 0.4000000060
22243  -8.661  -64.269  -23.317 0.4000000060
22244  -11.528  -64.922  -23.754 0.4000000060
22245  -12.153  -64.514  -23.893 0.2000000030
22246  -12.980  -64.168  -23.831 0.1000000015
22248  -14.665  -64.450  -23.398 0.2000000030
22250  -16.025  -64.861  -23.864 0.1000000015
22265  -5.306  -64.421  -24.144 0.5000000000
22270  -12.409  -64.115  -24.751 0.4000000060
22272  -16.538  -64.665  -24.239 0.1000000015
22284  -3.076  -64.232  -25.064 0.6000000238
22285  -3.561  -64.171  -25.677 0.6000000238
22286  -5.363  -64.228  -25.095 0.5000000000
22287  -5.886  -64.733  -25.327 0.5000000000
22288  -9.410  -64.213  -25.320 0.4000000060
22289  -9.768  -63.769  -25.734 0.4000000060
22291  -12.417  -63.924  -25.849 0.4000000060
22305  -4.000  -64.186  -26.259 0.5000000000
22306  -4.624  -64.219  -26.713 0.5000000000
22307  -5.739  -64.390  -25.948 0.5000000000
22310  -9.923  -63.530  -26.286 0.4000000060
22311  -12.082  -64.586  -26.471 0.5000000000
22312  -12.427  -64.086  -26.640 0.4000000060
22326  -5.824  -64.566  -26.605 0.5000000000
22327  -6.014  -64.720  -26.270 0.5000000000
22330  -12.203  -64.786  -26.856 0.3000000119
22344  -9.749  -64.688  -27.572 0.5000000000
22345  -10.155  -64.363  -27.699 0.5000000000
22346  -10.694  -64.054  -27.987 0.5000000000
22360  -10.817  -64.589  -28.327 0.5000000000
22361  -11.650  -64.937  -28.719 0.5000000000
22362  -12.270  -65.302  -28.573 0.5000000000
22363  -18.835  -64.162  -28.031 0.1000000015
22364  -19.142  -64.225  -28.537 0.1000000015
22375  -19.490  -64.250  -28.961 0.1000000015
22376  -20.058  -64.261  -29.346 0.1000000015
22758  -1.038  -63.881  15.923 0.8999999762
22759  -1.489  -63.884  16.070 0.8999999762
22762  -3.630  -64.078  16.728 0.6999999881
22779  -0.493  -64.420  15.608 0.8999999762
22781  -1.244  -63.646  15.550 0.8999999762
22783  -2.746  -63.622  15.920 0.8000000119
22784  -3.702  -63.639  16.247 0.8000000119
22806  -0.463  -64.211  15.168 0.8999999762
22807  -0.761  -63.685  14.992 0.8999999762
22809  -5.888  -63.433  14.967 0.5000000000
22829  -0.773  -63.712  14.192 0.8000000119
22830  -6.122  -63.188  14.323 0.4000000060
22840  -1.044  -63.547  13.441 0.8999999762
22851  -1.406  -63.531  12.665 0.8999999762
22852  -2.059  -63.775  12.119 0.8999999762
22853  -2.600  -63.926  11.754 0.8999999762
22855  -7.255  -63.047  11.971 0.3000000119
22869  -2.971  -63.962  11.258 0.8000000119
22870  -3.304  -64.129  11.159 0.6000000238
22871  -7.488  -62.953  11.522 0.3000000119
22883  -2.764  -63.611  10.644 0.6000000238
22905  -3.594  -63.993  10.190 0.4000000060
22906  -4.011  -64.226  10.040 0.1000000015
22920  -3.616  -63.765  9.444 0.1000000015
22922  -8.785  -63.623  9.386 0.2000000030
22931  -3.058  -63.351  8.437 0.1000000015
22932  -3.571  -63.729  8.719 0.1000000015
22933  -4.040  -64.159  9.025 0.1000000015
22934  -9.458  -63.902  8.521 0.1000000015
22942  -2.335  -63.256  7.472 0.1000000015
22944  -3.348  -63.854  8.063 0.1000000015
22946  -10.836  -63.573  7.504 0.1000000015
22955  -1.754  -63.345  6.759 0.2000000030
22956  -2.045  -63.418  7.062 0.1000000015
22958  -3.984  -63.110  6.850 0.1000000015
22960  -5.295  -63.540  7.238 0.1000000015
22961  -5.910  -63.750  7.209 0.1000000015
22973  -1.150  -63.274  6.037 0.2000000030
22975  -1.838  -63.704  6.624 0.1000000015
22976  -3.277  -63.181  6.056 0.1000000015
22978  -4.218  -63.713  6.693 0.1000000015
22990  -1.115  -63.524  5.781 0.1000000015
22991  -1.286  -63.729  5.918 0.1000000015
22992  -2.605  -63.068  5.381 0.1000000015
22993  -2.965  -63.304  5.616 0.1000000015
23012  -2.319  -63.143  5.196 0.1000000015
23013  -2.625  -63.394  5.287 0.1000000015
23091  -2.560  -63.224  -1.250 0.1000000015
23092  -2.772  -63.113  -1.211 0.1000000015
23104  -1.799  -63.406  -1.895 0.1000000015
23120  -2.322  -63.538  -2.434 0.1000000015
23122  -3.755  -63.431  -2.244 0.1000000015
23140  -1.958  -63.293  -3.226 0.1000000015
23141  -2.227  -63.523  -3.131 0.1000000015
23142  -2.777  -63.560  -3.046 0.1000000015
23162  -1.918  -63.150  -3.593 0.1000000015
23164  -2.573  -63.548  -3.769 0.1000000015
23183  -1.976  -63.169  -4.215 0.1000000015
23184  -2.330  -63.424  -4.476 0.1000000015
23291  0.090  -63.733  -8.746 0.1000000015
23292  -0.119  -63.328  -8.555 0.1000000015
23308  0.072  -64.110  -8.883 0.1000000015
23309  -0.176  -63.680  -9.064 0.1000000015
23325  -0.264  -64.043  -10.193 0.1000000015
23326  -0.656  -64.436  -10.215 0.1000000015
23334  -0.369  -64.069  -10.860 0.1000000015
23342  -0.506  -63.870  -11.419 0.1000000015
23352  -2.622  -63.090  -13.760 1.0000000000
23353  -2.887  -63.320  -13.759 1.0000000000
23354  -3.563  -63.443  -13.737 1.0000000000
23355  -4.182  -63.303  -13.803 0.8999999762
23361  -1.741  -63.725  -14.353 1.0000000000
23362  -2.304  -63.357  -13.890 1.0000000000
23365  -4.483  -63.668  -14.127 0.8999999762
23366  -4.826  -63.531  -14.376 0.8999999762
23371  -1.359  -63.669  -14.889 1.0000000000
23372  -4.753  -63.980  -14.476 0.8999999762
23373  -4.958  -63.782  -14.846 0.8999999762
23384  -1.136  -63.613  -15.654 1.0000000000
23386  -14.645  -63.105  -16.069 0.1000000015
23387  -14.978  -63.165  -15.985 0.1000000015
23398  -5.197  -63.627  -16.190 0.8999999762
23399  -11.938  -63.189  -16.769 0.1000000015
23400  -12.299  -63.191  -16.719 0.1000000015
23402  -13.809  -63.286  -16.611 0.1000000015
23404  -15.432  -63.526  -16.419 0.1000000015
23412  1.305  -63.583  -17.383 0.1000000015
23413  -1.069  -63.615  -17.681 1.0000000000
23414  -1.086  -63.183  -17.086 1.0000000000
23416  -9.878  -63.520  -17.770 0.1000000015
23417  -10.165  -63.543  -17.707 0.1000000015
23418  -10.958  -63.554  -17.585 0.1000000015
23420  -12.776  -63.498  -17.232 0.1000000015
23422  -14.369  -63.594  -17.138 0.1000000015
23437  -4.966  -63.064  -17.573 0.8000000119
23438  -8.973  -63.488  -18.195 0.3000000119
23439  -9.686  -63.672  -18.034 0.1000000015
23441  -11.163  -63.764  -18.310 0.1000000015
23442  -11.765  -63.655  -18.074 0.1000000015
23444  -13.367  -63.604  -17.909 0.1000000015
23445  -14.160  -63.654  -17.866 0.1000000015
23460  -0.747  -63.211  -19.125 0.8000000119
23463  -7.781  -63.326  -18.997 0.3000000119
23464  -8.450  -63.599  -18.678 0.3000000119
23466  -10.028  -64.109  -18.948 0.2000000030
23468  -11.654  -63.656  -18.851 0.1000000015
23469  -12.393  -63.569  -18.725 0.2000000030
23471  -13.952  -63.563  -18.586 0.1000000015
23472  -14.732  -63.669  -18.544 0.1000000015
23485  1.493  -63.313  -19.976 0.6000000238
23486  0.048  -63.162  -20.411 0.6999999881
23488  -4.457  -63.406  -19.556 0.8000000119
23489  -4.911  -63.835  -19.195 0.8000000119
23490  -6.873  -63.266  -19.920 0.4000000060
23491  -7.465  -63.637  -19.608 0.4000000060
23493  -9.994  -64.140  -19.754 0.2000000030
23495  -11.432  -63.556  -19.618 0.2000000030
23497  -12.972  -63.353  -19.357 0.2000000030
23499  -14.511  -63.506  -19.254 0.2000000030
23500  -15.289  -63.591  -19.206 0.1000000015
23506  -27.537  -63.349  -19.908 0.1000000015
23508  -28.458  -63.407  -20.169 0.1000000015
23517  1.204  -63.541  -20.667 0.5000000000
23518  0.509  -63.641  -20.842 0.6000000238
23519  -4.025  -63.369  -20.493 0.8000000119
23520  -4.296  -63.635  -20.159 0.8000000119
23521  -6.048  -63.022  -20.804 0.4000000060
23523  -7.156  -63.939  -20.253 0.4000000060
23524  -9.321  -64.269  -20.472 0.3000000119
23526  -10.266  -63.788  -20.411 0.2000000030
23528  -11.977  -63.134  -20.197 0.2000000030
23530  -13.524  -63.082  -19.940 0.1000000015
23531  -14.284  -63.219  -19.911 0.1000000015
23537  -25.672  -63.215  -20.669 0.1000000015
23538  -26.180  -63.315  -20.524 0.1000000015
23541  -28.617  -63.537  -20.603 0.1000000015
23549  0.959  -63.883  -21.109 0.5000000000
23550  0.610  -64.064  -21.211 0.6999999881
23552  -4.153  -63.796  -20.628 0.8000000119
23553  -5.435  -63.252  -21.782 0.4000000060
23554  -5.807  -63.539  -21.476 0.4000000060
23556  -9.312  -64.209  -20.773 0.3000000119
23557  -9.795  -63.873  -20.998 0.3000000119
23559  -10.915  -63.042  -21.180 0.2000000030
23560  -25.119  -63.281  -21.474 0.1000000015
23563  -27.283  -63.686  -21.300 0.1000000015
23574  -3.175  -63.731  -22.262 0.6000000238
23575  -3.455  -63.501  -21.738 0.6999999881
23577  -5.633  -63.826  -21.978 0.4000000060
23579  -9.804  -63.503  -21.797 0.3000000119
23580  -10.319  -63.117  -21.752 0.3000000119
23581  -24.656  -63.301  -22.237 0.1000000015
23582  -25.015  -63.336  -21.933 0.1000000015
23583  -25.908  -63.494  -21.984 0.1000000015
23595  -2.791  -63.759  -22.799 0.6999999881
23596  -4.710  -63.252  -23.525 0.4000000060
23597  -4.856  -63.440  -23.144 0.4000000060
23598  -9.071  -63.866  -22.416 0.3000000119
23599  -9.661  -63.250  -22.609 0.3000000119
23600  -24.273  -63.357  -23.035 0.1000000015
23615  -4.704  -63.328  -23.897 0.5000000000
23616  -4.917  -63.914  -23.782 0.4000000060
23618  -9.717  -63.020  -23.135 0.4000000060
23620  -14.306  -63.675  -24.059 0.1000000015
23621  -15.151  -63.914  -23.873 0.1000000015
23622  -15.852  -64.166  -23.914 0.1000000015
23636  -2.797  -63.420  -24.624 0.5000000000
23638  -4.947  -63.780  -24.470 0.5000000000
23639  -9.571  -63.361  -24.611 0.4000000060
23640  -9.871  -62.806  -24.871 0.4000000060
23641  -12.989  -63.585  -25.194 0.4000000060
23642  -13.649  -63.352  -24.705 0.1000000015
23643  -14.326  -63.022  -24.738 0.1000000015
23646  -16.453  -63.881  -24.309 0.1000000015
23648  -24.094  -63.518  -24.467 0.1000000015
23659  -3.808  -63.500  -25.913 0.5000000000
23660  -4.856  -63.181  -24.982 0.5000000000
23661  -5.032  -63.556  -25.085 0.5000000000
23663  -9.907  -63.073  -25.519 0.4000000060
23665  -13.498  -63.015  -25.542 0.3000000119
23666  -13.939  -62.979  -25.084 0.1000000015
23680  -4.944  -63.529  -26.428 0.5000000000
23682  -10.088  -62.950  -26.254 0.4000000060
23696  -5.075  -64.023  -26.725 0.5000000000
23697  -5.412  -64.066  -26.470 0.5000000000
23698  -10.265  -63.184  -26.889 0.4000000060
23700  -12.678  -63.871  -27.116 0.3000000119
23711  -10.279  -63.718  -27.309 0.4000000060
23712  -10.750  -63.419  -27.647 0.4000000060
23713  -11.633  -63.484  -28.085 0.3000000119
23714  -12.517  -63.925  -27.928 0.4000000060
23715  -12.791  -63.588  -27.407 0.3000000119
23726  -11.096  -63.908  -28.170 0.5000000000
23728  -12.246  -64.614  -28.472 0.4000000060
23729  -18.984  -63.715  -27.752 0.1000000015
23732  -20.329  -63.260  -28.763 0.1000000015
23739  -19.957  -63.719  -28.964 0.1000000015
24141  -1.704  -63.412  15.300 0.8999999762
24142  -2.320  -63.311  15.363 0.8999999762
24146  -5.533  -62.942  15.338 0.5000000000
24166  -1.128  -63.379  14.617 0.8999999762
24167  -1.721  -63.095  14.821 0.8999999762
24169  -3.464  -62.784  14.974 0.8999999762
24171  -5.047  -62.449  15.145 0.8000000119
24172  -5.801  -62.504  14.913 0.6000000238
24195  -2.047  -62.733  14.227 0.8999999762
24196  -2.803  -62.700  14.404 0.8999999762
24197  -3.341  -62.563  14.403 0.8999999762
24198  -6.206  -62.313  14.374 0.6000000238
24199  -6.439  -62.197  13.873 0.4000000060
24211  -1.556  -62.625  13.718 0.8999999762
24220  -6.858  -62.177  12.920 0.4000000060
24221  -7.130  -62.365  12.282 0.4000000060
24235  -1.809  -63.166  11.108 0.8999999762
24251  -1.461  -62.550  10.488 0.8000000119
24252  -1.980  -63.064  10.744 0.8999999762
24253  -2.394  -63.265  10.645 0.8999999762
24254  -7.639  -62.466  11.250 0.3000000119
24269  -1.926  -62.701  9.948 0.6000000238
24271  -8.288  -62.661  10.126 0.3000000119
24286  -2.607  -62.970  9.561 0.3000000119
24299  -2.155  -62.486  8.808 0.3000000119
24301  -9.481  -63.126  8.418 0.2000000030
24311  -1.762  -62.389  7.702 0.1000000015
24312  -2.195  -62.727  7.977 0.2000000030
24313  -2.691  -63.069  8.232 0.1000000015
24317  -10.483  -63.081  7.632 0.1000000015
24318  -10.858  -62.847  7.342 0.1000000015
24328  -2.067  -63.045  7.407 0.1000000015
24329  -3.330  -62.523  6.594 0.1000000015
24332  -5.085  -62.968  7.382 0.1000000015
24337  -11.284  -62.836  7.081 0.1000000015
24348  -0.837  -62.567  5.973 0.1000000015
24349  -1.014  -62.806  6.050 0.2000000030
24350  -1.287  -62.539  6.634 0.2000000030
24352  -3.462  -63.007  6.469 0.1000000015
24365  -0.705  -62.509  5.812 0.1000000015
24366  -0.749  -62.958  5.556 0.1000000015
24368  -2.727  -62.476  5.799 0.1000000015
24383  -0.610  -62.401  5.459 0.1000000015
24384  -1.063  -62.639  5.187 0.1000000015
24385  -1.708  -62.467  5.062 0.1000000015
24386  -2.219  -62.491  5.261 0.1000000015
24462  -2.414  -63.087  -1.097 0.1000000015
24463  -2.594  -63.026  -1.098 0.1000000015
24479  -2.139  -63.104  -1.096 0.1000000015
24482  -4.572  -62.639  -1.277 0.1000000015
24499  -1.817  -62.675  -2.282 0.1000000015
24513  -1.926  -62.893  -3.082 0.1000000015
24514  -1.995  -62.457  -3.332 0.1000000015
24526  -2.022  -62.339  -3.938 0.1000000015
24536  -2.080  -62.742  -4.511 0.1000000015
24537  -2.050  -62.181  -4.652 0.1000000015
24578  -1.899  -61.777  -6.013 0.2000000030
24587  -1.956  -61.990  -6.759 0.2000000030
24614  -8.027  -62.458  -9.746 1.0000000000
24615  -8.354  -62.274  -9.868 1.0000000000
24618  -0.692  -63.291  -10.099 0.1000000015
24619  -1.285  -62.697  -9.852 0.1000000015
24620  -1.498  -62.578  -9.391 0.1000000015
24621  -6.589  -62.520  -10.528 1.0000000000
24622  -7.196  -62.591  -10.352 1.0000000000
24623  -7.771  -62.557  -10.288 1.0000000000
24630  -7.096  -62.543  -10.972 1.0000000000
24632  -8.078  -62.488  -10.826 1.0000000000
24636  -0.809  -63.376  -11.725 0.1000000015
24638  -6.687  -62.203  -11.616 1.0000000000
24639  -7.060  -62.369  -11.528 1.0000000000
24640  -7.573  -62.487  -11.342 1.0000000000
24641  -7.884  -62.522  -11.148 1.0000000000
24647  -0.942  -62.959  -11.946 0.1000000015
24654  -3.442  -62.620  -13.642 1.0000000000
24656  -4.668  -62.799  -13.945 1.0000000000
24657  -4.825  -62.579  -13.905 0.8999999762
24664  -2.157  -62.703  -13.874 1.0000000000
24665  -4.764  -63.234  -14.193 0.8999999762
24666  -5.082  -62.902  -14.381 0.8999999762
24672  -1.151  -63.016  -15.101 1.0000000000
24674  -5.362  -62.774  -14.882 0.8999999762
24689  -1.053  -62.770  -15.812 1.0000000000
24690  -5.165  -63.053  -15.502 0.8999999762
24691  -5.559  -62.610  -15.225 0.8999999762
24692  -12.636  -62.424  -16.068 0.1000000015
24693  -12.938  -62.462  -16.018 0.1000000015
24695  -14.415  -62.805  -15.912 0.1000000015
24697  -16.007  -62.597  -15.540 0.1000000015
24713  -1.053  -62.447  -17.137 1.0000000000
24715  -5.076  -62.893  -16.179 0.8999999762
24716  -11.375  -62.723  -16.653 0.1000000015
24717  -11.746  -62.873  -16.611 0.1000000015
24719  -13.318  -62.868  -16.266 0.1000000015
24720  -14.006  -62.976  -16.198 0.1000000015
24721  -14.326  -63.035  -16.144 0.1000000015
24729  -1.036  -62.678  -17.489 1.0000000000
24730  -1.070  -62.806  -17.107 1.0000000000
24732  -4.852  -62.555  -16.931 0.8000000119
24734  -10.279  -63.137  -17.272 0.1000000015
24736  -11.541  -63.072  -16.834 0.1000000015
24742  -26.871  -62.539  -17.559 0.1000000015
24743  -27.530  -62.419  -17.601 0.1000000015
24750  -4.596  -62.479  -17.559 0.8000000119
24751  -4.797  -62.700  -17.338 0.8000000119
24753  -9.177  -62.993  -17.743 0.1000000015
24759  -26.465  -62.710  -18.134 0.1000000015
24761  -28.017  -62.425  -18.066 0.1000000015
24762  -28.494  -62.229  -18.185 0.1000000015
24772  1.318  -62.215  -18.899 0.4000000060
24773  -0.553  -62.409  -19.227 0.8000000119
24774  -4.520  -62.303  -18.511 0.8000000119
24775  -7.735  -62.579  -18.885 0.2000000030
24776  -8.100  -62.971  -18.587 0.3000000119
24783  -26.126  -62.851  -18.779 0.1000000015
24784  -26.882  -62.850  -18.736 0.1000000015
24786  -28.578  -62.542  -18.743 0.1000000015
24798  0.336  -62.453  -20.099 0.6000000238
24799  -0.313  -62.768  -19.802 0.6999999881
24800  -4.040  -62.304  -19.941 0.6999999881
24801  -4.365  -62.677  -19.360 0.8000000119
24802  -6.840  -62.462  -19.728 0.4000000060
24808  -24.514  -62.799  -19.725 0.1000000015
24809  -25.216  -62.920  -19.585 0.1000000015
24811  -26.514  -63.045  -19.342 0.1000000015
24812  -27.244  -63.066  -19.326 0.1000000015
24814  -29.026  -62.979  -19.764 0.1000000015
24824  1.222  -63.019  -20.330 0.6000000238
24826  -3.771  -62.793  -20.628 0.6000000238
24828  -6.026  -62.349  -20.663 0.4000000060
24830  -11.317  -62.889  -21.131 0.2000000030
24831  -11.814  -62.833  -20.884 0.2000000030
24834  -14.043  -62.877  -20.520 0.1000000015
24835  -14.802  -62.980  -20.486 0.1000000015
24837  -16.355  -63.269  -20.441 0.1000000015
24841  -19.712  -62.773  -20.225 0.1000000015
24842  -23.512  -62.549  -20.654 0.1000000015
24844  -24.955  -62.976  -20.340 0.1000000015
24845  -25.632  -63.086  -20.175 0.1000000015
24846  -26.191  -63.153  -19.878 0.1000000015
24858  -3.487  -62.981  -21.309 0.6999999881
24859  -5.299  -62.683  -21.790 0.4000000060
24861  -10.674  -63.000  -21.551 0.2000000030
24863  -11.653  -62.573  -21.523 0.2000000030
24864  -12.290  -62.482  -21.298 0.2000000030
24866  -13.789  -62.592  -21.119 0.1000000015
24868  -15.279  -62.769  -21.073 0.1000000015
24871  -17.725  -63.096  -20.929 0.1000000015
24872  -18.601  -62.985  -20.880 0.1000000015
24874  -22.616  -62.460  -21.511 0.1000000015
24877  -24.795  -63.138  -21.266 0.1000000015
24888  -2.946  -62.971  -22.095 0.6000000238
24889  -3.307  -63.017  -21.712 0.6999999881
24890  -4.972  -62.839  -22.551 0.4000000060
24892  -10.632  -62.750  -22.107 0.2000000030
24893  -11.244  -62.490  -22.017 0.2000000030
24895  -13.602  -62.303  -21.581 0.1000000015
24896  -14.202  -62.378  -21.635 0.1000000015
24899  -16.553  -62.653  -21.748 0.1000000015
24900  -17.402  -62.762  -21.679 0.1000000015
24902  -18.727  -62.724  -21.540 0.1000000015
24903  -22.198  -62.418  -22.205 0.1000000015
24904  -22.520  -62.523  -21.942 0.1000000015
24905  -23.435  -62.842  -22.055 0.1000000015
24907  -24.719  -63.238  -21.757 0.1000000015
24917  -4.681  -62.964  -23.578 0.4000000060
24919  -10.124  -62.783  -22.732 0.3000000119
24920  -10.588  -62.486  -22.663 0.2000000030
24921  -17.047  -62.505  -22.118 0.1000000015
24922  -17.486  -62.506  -22.225 0.1000000015
24926  -24.281  -63.245  -22.561 0.1000000015
24935  -2.238  -62.547  -23.537 0.5000000000
24936  -4.646  -62.720  -24.116 0.5000000000
24937  -9.664  -63.043  -23.469 0.4000000060
24938  -9.944  -62.681  -23.435 0.4000000060
24939  -22.354  -62.634  -23.389 0.1000000015
24940  -23.062  -63.029  -23.592 0.1000000015
24941  -23.686  -63.337  -23.864 0.1000000015
24950  -4.697  -62.484  -24.628 0.5000000000
24954  -14.765  -62.835  -24.862 0.1000000015
24955  -15.417  -62.942  -24.666 0.1000000015
24956  -16.120  -63.117  -24.599 0.1000000015
24960  -23.621  -63.357  -24.392 0.1000000015
24966  -3.187  -62.496  -24.856 0.5000000000
24967  -3.907  -62.664  -25.536 0.5000000000
24969  -4.994  -63.207  -25.154 0.5000000000
24970  -10.104  -62.272  -25.095 0.4000000060
24972  -14.298  -62.568  -25.383 0.1000000015
24973  -15.135  -62.497  -25.109 0.1000000015
24975  -16.532  -62.742  -24.995 0.1000000015
24976  -17.193  -63.009  -25.098 0.1000000015
24978  -22.160  -62.639  -25.337 0.1000000015
24979  -22.904  -63.038  -25.076 0.1000000015
24985  -3.963  -63.178  -26.059 0.5000000000
24986  -4.458  -63.056  -25.956 0.5000000000
24987  -4.941  -63.222  -25.681 0.5000000000
24990  -13.514  -62.734  -26.160 0.2000000030
24991  -13.864  -62.454  -26.066 0.3000000119
24992  -18.113  -62.828  -25.922 0.1000000015
24993  -18.395  -62.798  -26.327 0.1000000015
25002  -10.237  -62.703  -26.509 0.4000000060
25003  -10.522  -62.429  -26.806 0.3000000119
25004  -13.257  -62.689  -26.836 0.2000000030
25005  -13.599  -62.508  -26.415 0.2000000030
25014  -10.886  -62.638  -27.330 0.4000000060
25017  -12.880  -63.169  -27.517 0.3000000119
25027  -19.790  -63.189  -28.194 0.1000000015
25034  -21.217  -63.245  -29.163 0.1000000015
25036  -22.568  -62.893  -28.956 0.1000000015
25466  -4.397  -62.266  14.627 0.8000000119
25491  -2.870  -62.446  13.988 0.8999999762
25493  -4.403  -62.032  13.976 0.6999999881
25495  -6.001  -61.546  14.145 0.6999999881
25511  -1.527  -62.493  13.364 1.0000000000
25514  -3.653  -62.064  13.350 0.8999999762
25516  -5.002  -61.634  13.181 0.6999999881
25517  -6.782  -61.564  13.345 0.5000000000
25526  -2.182  -62.030  12.919 1.0000000000
25528  -3.647  -61.909  12.606 0.8000000119
25529  -4.437  -61.838  12.583 0.6999999881
25530  -4.986  -61.601  12.660 0.6999999881
25531  -6.958  -61.540  12.962 0.4000000060
25532  -7.131  -61.701  12.561 0.4000000060
25544  -4.263  -61.798  12.040 0.8000000119
25564  -7.606  -61.851  11.520 0.4000000060
25575  -1.578  -62.382  9.822 0.6000000238
25576  -8.241  -61.742  10.363 0.4000000060
25590  -1.270  -61.884  9.124 0.6000000238
25593  -8.959  -62.091  9.172 0.2000000030
25606  -0.846  -61.507  8.160 0.2000000030
25608  -1.744  -62.199  8.628 0.4000000060
25609  -9.331  -62.219  8.599 0.3000000119
25619  -0.875  -61.638  7.542 0.2000000030
25621  -1.661  -62.230  8.083 0.2000000030
25629  -11.532  -61.549  7.031 0.2000000030
25638  -1.240  -62.099  7.139 0.1000000015
25639  -2.772  -61.524  6.605 0.1000000015
25647  -11.524  -62.438  6.947 0.1000000015
25648  -11.940  -61.991  6.840 0.2000000030
25651  -14.406  -62.075  6.846 0.1000000015
25661  -1.037  -62.133  6.545 0.1000000015
25662  -1.141  -62.102  6.828 0.1000000015
25663  -2.536  -61.658  6.401 0.1000000015
25664  -2.731  -61.967  6.228 0.1000000015
25676  -0.724  -61.982  5.840 0.1000000015
25677  -2.387  -62.178  5.564 0.1000000015
25678  -2.508  -61.937  5.864 0.1000000015
25690  -0.862  -61.985  5.450 0.1000000015
25692  -1.543  -61.923  5.298 0.1000000015
25762  -1.046  -60.488  -0.211 0.3000000119
25763  -1.270  -60.837  -0.130 0.2000000030
25765  -1.928  -61.176  -0.010 0.1000000015
25778  -0.949  -60.432  -0.394 0.3000000119
25780  -1.246  -61.409  -0.639 0.1000000015
25783  -3.245  -61.587  -0.748 0.1000000015
25803  -3.306  -62.015  -0.955 0.1000000015
25804  -4.203  -62.072  -1.081 0.1000000015
25824  -1.556  -61.899  -2.754 0.2000000030
25825  -1.855  -62.196  -3.067 0.1000000015
25838  -1.787  -62.045  -3.435 0.1000000015
25849  -1.417  -61.463  -3.987 0.1000000015
25851  -4.566  -61.575  -4.018 1.0000000000
25852  -4.813  -61.606  -3.970 1.0000000000
25865  -1.735  -61.673  -4.780 0.2000000030
25866  -4.609  -61.599  -4.284 1.0000000000
25867  -5.087  -61.659  -4.393 1.0000000000
25869  -6.424  -61.622  -4.592 1.0000000000
25893  -1.667  -61.519  -5.427 0.2000000030
25896  -5.968  -61.744  -5.112 1.0000000000
25897  -6.666  -61.754  -5.242 0.8999999762
25898  -7.455  -61.692  -5.260 0.8999999762
25921  -1.629  -61.383  -5.943 0.2000000030
25922  -4.873  -61.720  -5.492 1.0000000000
25923  -5.485  -61.798  -5.662 1.0000000000
25926  -7.746  -61.858  -6.082 0.8000000119
25927  -8.495  -61.624  -6.171 0.8000000119
25936  -1.789  -61.399  -6.500 0.2000000030
25937  -5.032  -61.775  -6.075 1.0000000000
25940  -7.286  -61.995  -6.774 1.0000000000
25942  -8.808  -61.668  -7.040 0.8000000119
25943  -9.138  -61.116  -6.923 0.8000000119
25954  -6.818  -62.063  -7.524 1.0000000000
25956  -8.398  -61.965  -7.666 0.8999999762
25957  -8.897  -61.716  -7.777 0.8000000119
25958  -9.148  -61.299  -7.568 0.8000000119
25962  -1.989  -61.671  -8.144 0.1000000015
25963  -4.936  -61.944  -8.801 1.0000000000
25966  -7.285  -62.247  -8.322 1.0000000000
25967  -8.076  -62.211  -8.378 1.0000000000
25975  -5.500  -62.142  -9.397 1.0000000000
25976  -6.222  -62.249  -9.188 1.0000000000
25977  -6.967  -62.361  -9.070 1.0000000000
25979  -8.492  -62.133  -9.307 1.0000000000
25980  -9.125  -61.631  -9.031 1.0000000000
25984  -1.735  -62.152  -9.615 0.1000000015
25985  -4.214  -61.685  -10.701 1.0000000000
25986  -4.749  -61.948  -10.504 1.0000000000
25989  -6.729  -62.475  -9.801 1.0000000000
25990  -8.645  -62.101  -10.137 1.0000000000
25994  -1.505  -62.046  -10.537 0.1000000015
25995  -1.657  -62.024  -10.080 0.1000000015
25997  -4.714  -61.580  -11.323 1.0000000000
25998  -5.387  -61.952  -11.102 1.0000000000
25999  -5.997  -62.306  -10.818 1.0000000000
26000  -8.578  -62.201  -10.836 1.0000000000
26001  -9.058  -61.742  -10.672 1.0000000000
26007  -4.977  -61.243  -11.737 1.0000000000
26008  -5.466  -61.370  -11.851 1.0000000000
26011  -7.543  -62.285  -11.947 1.0000000000
26018  -0.734  -61.891  -12.596 0.1000000015
26020  -5.759  -61.082  -12.314 1.0000000000
26022  -6.631  -61.607  -12.673 1.0000000000
26023  -7.384  -62.014  -12.637 1.0000000000
26024  -8.100  -62.139  -12.509 1.0000000000
26025  -8.842  -61.918  -12.383 1.0000000000
26031  -3.397  -61.770  -13.661 1.0000000000
26033  -4.600  -61.943  -13.713 1.0000000000
26034  -5.137  -61.987  -13.838 1.0000000000
26036  -6.601  -61.432  -13.594 1.0000000000
26038  -7.929  -61.954  -13.244 1.0000000000
26045  -2.197  -62.043  -13.884 1.0000000000
26046  -5.179  -62.386  -14.072 0.8999999762
26047  -5.558  -62.097  -14.109 1.0000000000
26048  -6.229  -61.801  -14.193 1.0000000000
26050  -7.886  -61.796  -14.076 1.0000000000
26051  -8.358  -61.824  -13.638 0.8999999762
26055  0.828  -62.501  -15.115 0.1000000015
26057  -5.979  -62.234  -14.856 0.8999999762
26058  -6.503  -61.928  -14.781 1.0000000000
26060  -7.911  -61.667  -14.739 1.0000000000
26061  -16.567  -61.739  -15.243 0.1000000015
26062  -16.896  -61.919  -15.210 0.1000000015
26074  1.202  -62.072  -15.870 0.1000000015
26075  -1.114  -61.828  -15.932 1.0000000000
26076  -5.369  -62.567  -15.647 0.8999999762
26077  -5.948  -62.213  -15.417 0.8999999762
26079  -7.371  -61.598  -15.392 1.0000000000
26080  -12.218  -62.020  -16.095 0.1000000015
26081  -12.487  -62.136  -16.024 0.1000000015
26083  -13.870  -62.081  -15.693 0.1000000015
26084  -14.651  -62.078  -15.588 0.1000000015
26085  -15.473  -61.997  -15.449 0.1000000015
26086  -16.326  -61.904  -15.298 0.1000000015
26109  1.268  -61.509  -16.412 0.1000000015
26110  -1.060  -62.104  -17.178 0.8999999762
26112  -5.373  -62.182  -16.125 0.8999999762
26114  -6.672  -61.508  -16.003 0.8999999762
26115  -11.310  -62.408  -16.500 0.1000000015
26117  -12.309  -62.321  -16.116 0.1000000015
26130  1.243  -61.859  -17.539 0.1000000015
26132  -4.619  -62.026  -17.168 0.8000000119
26134  -9.711  -62.725  -17.419 0.2000000030
26135  -10.199  -62.420  -17.073 0.2000000030
26146  -28.108  -62.007  -17.352 0.1000000015
26148  -29.100  -61.038  -17.397 0.1000000015
26159  -8.756  -62.167  -17.959 0.2000000030
26169  -28.723  -61.916  -17.902 0.1000000015
26181  1.064  -61.598  -18.879 0.4000000060
26182  0.095  -61.487  -19.247 0.6999999881
26183  -0.407  -61.804  -18.936 0.6999999881
26185  -7.854  -61.809  -18.832 0.2000000030
26187  -21.139  -62.183  -19.229 0.1000000015
26189  -22.297  -61.951  -18.898 0.1000000015
26194  -29.276  -61.922  -18.640 0.1000000015
26195  -29.830  -61.640  -19.070 0.1000000015
26204  1.025  -61.760  -19.339 0.5000000000
26205  0.543  -61.878  -19.638 0.5000000000
26208  -4.250  -61.908  -19.229 0.8000000119
26209  -6.939  -61.648  -19.656 0.2000000030
26216  -29.290  -62.384  -19.259 0.1000000015
26227  -6.458  -61.984  -20.155 0.2000000030
26228  -20.368  -62.385  -20.390 0.1000000015
26229  -21.053  -62.022  -20.457 0.1000000015
26231  -22.511  -62.112  -20.284 0.1000000015
26232  -23.155  -62.296  -20.069 0.1000000015
26233  -30.204  -62.354  -20.430 0.1000000015
26241  -2.958  -62.147  -21.613 0.6999999881
26242  -3.391  -62.342  -21.133 0.6000000238
26243  -5.257  -61.557  -21.823 0.4000000060
26245  -12.068  -62.263  -21.762 0.2000000030
26246  -12.611  -62.189  -21.779 0.1000000015
26247  -13.192  -62.174  -21.811 0.1000000015
26248  -19.143  -62.751  -21.254 0.1000000015
26251  -21.433  -61.954  -21.253 0.1000000015
26252  -22.323  -62.266  -21.264 0.1000000015
26262  -2.469  -62.069  -22.232 0.5000000000
26264  -10.944  -62.383  -22.433 0.2000000030
26265  -11.402  -62.149  -22.446 0.2000000030
26266  -12.119  -62.035  -22.344 0.2000000030
26270  -15.362  -62.182  -22.188 0.1000000015
26271  -16.084  -62.277  -22.214 0.1000000015
26273  -17.897  -62.606  -22.032 0.1000000015
26275  -19.205  -62.429  -21.887 0.1000000015
26276  -20.032  -62.110  -21.926 0.1000000015
26279  -22.223  -62.340  -21.766 0.1000000015
26287  -2.181  -61.929  -23.025 0.5000000000
26288  -4.667  -62.438  -23.701 0.4000000060
26289  -4.793  -61.926  -23.501 0.4000000060
26291  -10.851  -62.087  -22.953 0.2000000030
26292  -11.594  -61.788  -23.027 0.2000000030
26293  -12.502  -61.577  -23.059 0.1000000015
26295  -14.258  -61.746  -22.737 0.1000000015
26297  -15.780  -61.925  -22.738 0.1000000015
26298  -16.426  -62.065  -22.675 0.1000000015
26300  -17.926  -62.307  -22.581 0.1000000015
26302  -19.489  -62.049  -22.639 0.1000000015
26305  -21.738  -62.263  -23.112 0.1000000015
26314  -4.742  -62.044  -24.190 0.5000000000
26316  -10.340  -62.138  -23.595 0.4000000060
26319  -12.524  -61.201  -23.738 0.1000000015
26320  -16.193  -61.800  -23.050 0.1000000015
26321  -16.736  -61.843  -23.141 0.1000000015
26322  -17.493  -61.923  -23.190 0.1000000015
26324  -18.969  -61.865  -23.259 0.1000000015
26325  -19.678  -61.747  -23.370 0.1000000015
26326  -20.422  -61.713  -23.597 0.1000000015
26334  -2.958  -61.857  -24.389 0.5000000000
26335  -3.286  -61.617  -24.619 0.5000000000
26337  -4.741  -61.467  -25.069 0.5000000000
26338  -10.428  -61.880  -24.347 0.4000000060
26339  -11.081  -61.372  -24.458 0.3000000119
26340  -11.671  -61.131  -24.441 0.1000000015
26341  -20.708  -61.699  -24.195 0.1000000015
26342  -21.198  -61.928  -24.656 0.1000000015
26343  -21.799  -62.434  -24.705 0.1000000015
26348  -3.266  -61.913  -24.722 0.5000000000
26350  -4.407  -61.719  -25.308 0.5000000000
26351  -4.702  -61.270  -25.205 0.4000000060
26353  -11.041  -61.207  -25.189 0.3000000119
26354  -14.531  -62.124  -25.707 0.1000000015
26355  -14.915  -62.098  -25.508 0.1000000015
26357  -16.283  -62.205  -25.341 0.1000000015
26359  -17.415  -62.581  -25.435 0.1000000015
26361  -21.595  -62.218  -25.207 0.1000000015
26365  -10.343  -61.915  -25.528 0.4000000060
26366  -10.686  -61.548  -25.891 0.3000000119
26367  -14.219  -62.067  -26.058 0.2000000030
26369  -15.297  -61.699  -25.772 0.1000000015
26370  -15.987  -61.713  -25.704 0.1000000015
26371  -16.729  -61.831  -25.720 0.1000000015
26372  -17.663  -62.089  -25.895 0.1000000015
26373  -18.185  -62.445  -26.130 0.1000000015
26374  -21.234  -61.684  -26.211 0.1000000015
26382  -10.997  -61.740  -26.763 0.3000000119
26383  -11.765  -61.682  -27.157 0.3000000119
26384  -12.514  -61.769  -27.297 0.2000000030
26386  -13.735  -62.146  -26.552 0.2000000030
26390  -21.663  -62.070  -26.631 0.1000000015
26396  -10.893  -62.227  -27.083 0.3000000119
26397  -11.303  -62.189  -27.325 0.3000000119
26398  -12.009  -62.265  -27.569 0.3000000119
26399  -12.787  -62.426  -27.520 0.3000000119
26400  -19.009  -62.181  -27.030 0.1000000015
26848  -5.480  -61.365  13.613 0.6999999881
26850  -6.559  -61.026  13.580 0.8000000119
26871  -5.407  -61.314  13.036 0.6000000238
26873  -6.921  -61.008  13.176 0.4000000060
26883  -1.666  -61.864  12.438 1.0000000000
26885  -2.878  -61.616  12.182 1.0000000000
26886  -3.404  -61.697  12.045 0.8999999762
26887  -4.716  -61.698  12.231 0.6999999881
26889  -5.730  -60.906  12.132 0.6999999881
26891  -7.396  -61.087  12.392 0.4000000060
26900  -1.517  -61.507  11.864 1.0000000000
26901  -2.216  -61.213  11.674 1.0000000000
26902  -2.985  -61.321  11.670 0.8999999762
26905  -5.201  -61.234  11.508 0.8000000119
26907  -7.616  -61.227  11.781 0.4000000060
26908  -7.823  -60.844  11.436 0.4000000060
26926  -1.492  -61.109  11.161 0.8999999762
26928  -3.320  -61.292  11.328 0.8999999762
26929  -3.825  -61.451  11.151 0.8999999762
26930  -4.502  -61.319  10.950 0.8999999762
26931  -5.192  -60.936  10.759 0.6999999881
26934  -8.085  -60.999  10.889 0.4000000060
26944  -0.694  -60.644  9.757 1.0000000000
26945  -1.056  -60.975  10.150 1.0000000000
26946  -3.309  -61.140  10.933 0.8999999762
26947  -3.754  -61.152  10.579 0.8999999762
26951  -8.709  -60.788  9.791 0.4000000060
26958  -0.188  -60.583  8.773 0.8000000119
26959  -0.534  -60.740  9.328 0.6999999881
26960  -0.965  -61.399  9.492 0.6999999881
26962  -8.911  -61.208  9.396 0.3000000119
26974  -0.064  -60.719  8.264 0.5000000000
26988  -0.405  -61.212  7.913 0.3000000119
26995  -10.700  -61.414  7.491 0.2000000030
27004  -0.559  -61.334  7.313 0.3000000119
27005  -2.723  -60.925  6.780 0.1000000015
27015  -13.393  -61.191  6.506 0.1000000015
27026  -0.654  -61.313  6.359 0.2000000030
27027  -0.751  -61.603  6.734 0.1000000015
27028  -2.345  -61.337  6.452 0.1000000015
27033  -14.000  -60.909  6.393 0.1000000015
27034  -14.388  -61.067  6.425 0.1000000015
27043  -0.792  -61.474  5.863 0.1000000015
27044  -2.170  -61.540  5.932 0.1000000015
27045  -2.415  -61.680  6.015 0.1000000015
27060  -0.971  -61.676  5.575 0.1000000015
27061  -1.233  -61.626  5.572 0.1000000015
27062  -1.596  -61.534  5.641 0.1000000015
27063  -2.000  -61.489  5.820 0.1000000015
27122  -0.912  -59.833  0.070 0.3000000119
27123  -1.003  -60.042  0.102 0.3000000119
27142  -1.231  -60.304  0.100 0.3000000119
27144  -1.996  -60.728  0.205 0.1000000015
27161  -0.758  -60.089  -0.332 0.3000000119
27162  -0.765  -60.358  -0.643 0.3000000119
27163  -0.901  -60.702  -0.981 0.2000000030
27164  -2.202  -61.057  -0.034 0.1000000015
27165  -2.747  -60.994  -0.223 0.1000000015
27166  -3.487  -61.161  -0.557 0.1000000015
27188  -3.486  -61.577  -0.788 0.1000000015
27211  -3.333  -60.808  -2.438 1.0000000000
27212  -4.138  -60.806  -2.360 1.0000000000
27213  -4.857  -60.670  -2.468 1.0000000000
27232  -0.164  -60.946  -3.595 0.3000000119
27234  -3.095  -60.966  -3.163 1.0000000000
27237  -5.414  -60.928  -2.835 1.0000000000
27238  -6.154  -60.868  -3.079 0.8999999762
27239  -6.559  -60.759  -3.217 0.8999999762
27257  -0.932  -61.128  -4.059 0.2000000030
27259  -2.960  -60.849  -3.786 1.0000000000
27262  -5.039  -61.428  -3.471 1.0000000000
27264  -6.553  -61.099  -3.569 0.8999999762
27265  -7.133  -61.001  -3.821 0.8999999762
27280  0.016  -60.659  -4.650 0.3000000119
27281  -0.475  -60.856  -4.821 0.3000000119
27282  -1.208  -61.214  -4.904 0.1000000015
27283  -3.156  -60.906  -4.213 1.0000000000
27285  -4.205  -61.471  -4.661 1.0000000000
27286  -6.284  -61.461  -4.029 0.8999999762
27289  -8.169  -60.968  -4.786 0.8000000119
27314  -3.858  -61.160  -5.134 1.0000000000
27315  -4.337  -61.442  -5.341 1.0000000000
27316  -8.002  -61.372  -5.053 0.8999999762
27318  -8.979  -60.864  -5.767 0.8000000119
27341  -0.918  -60.785  -5.913 0.3000000119
27342  -1.380  -61.058  -6.199 0.2000000030
27345  -8.863  -61.207  -6.000 0.8000000119
27346  -9.136  -60.875  -6.300 0.6999999881
27354  -1.520  -60.872  -6.837 0.2000000030
27356  -4.850  -61.712  -6.724 1.0000000000
27357  -5.316  -61.847  -6.986 1.0000000000
27366  -4.580  -61.573  -7.455 1.0000000000
27368  -9.319  -60.768  -7.396 0.8000000119
27371  -3.895  -61.288  -8.604 1.0000000000
27372  -4.420  -61.653  -8.256 1.0000000000
27373  -9.356  -60.895  -8.053 0.8000000119
27376  -1.853  -61.110  -8.702 0.2000000030
27378  -3.721  -61.415  -9.407 1.0000000000
27380  -9.339  -60.988  -8.788 0.8000000119
27383  -1.443  -60.853  -9.905 0.2000000030
27384  -1.790  -61.384  -9.433 0.1000000015
27385  -3.301  -61.148  -10.336 1.0000000000
27386  -3.728  -61.506  -10.200 1.0000000000
27391  -1.368  -61.069  -10.603 0.1000000015
27394  -3.904  -61.301  -11.039 1.0000000000
27395  -4.355  -61.356  -11.343 1.0000000000
27396  -9.236  -61.076  -10.412 1.0000000000
27403  -3.368  -60.816  -11.476 1.0000000000
27404  -3.764  -60.913  -11.566 1.0000000000
27406  -5.137  -61.063  -11.958 1.0000000000
27412  -1.066  -61.642  -11.956 0.2000000030
27414  -5.418  -60.847  -12.559 1.0000000000
27415  -5.979  -60.974  -12.744 1.0000000000
27416  -6.288  -61.212  -12.694 1.0000000000
27417  -9.552  -61.236  -12.330 1.0000000000
27418  -9.829  -60.834  -12.816 0.8999999762
27422  -2.930  -61.100  -13.786 1.0000000000
27423  -3.347  -60.896  -13.661 1.0000000000
27424  -3.974  -61.042  -13.593 1.0000000000
27425  -4.558  -61.134  -13.572 1.0000000000
27426  -5.103  -61.139  -13.551 1.0000000000
27427  -5.646  -61.187  -13.564 1.0000000000
27429  -9.239  -61.564  -13.119 0.8999999762
27435  -1.981  -60.636  -14.440 1.0000000000
27437  -2.975  -60.855  -13.794 1.0000000000
27438  -5.659  -61.642  -13.788 1.0000000000
27439  -5.979  -61.520  -13.763 1.0000000000
27440  -8.360  -61.606  -14.569 1.0000000000
27442  -9.451  -61.299  -13.567 0.8999999762
27458  -7.743  -61.574  -15.159 1.0000000000
27459  -8.183  -61.394  -15.058 1.0000000000
27460  -8.724  -61.313  -14.854 1.0000000000
27462  -16.466  -61.381  -15.173 0.1000000015
27481  -1.146  -60.867  -16.165 1.0000000000
27482  -7.142  -61.443  -15.764 0.8999999762
27483  -7.801  -61.129  -15.696 1.0000000000
27485  -8.908  -61.027  -15.159 1.0000000000
27486  -12.201  -61.776  -16.049 0.1000000015
27487  -12.554  -61.372  -15.874 0.2000000030
27488  -13.374  -61.462  -15.669 0.1000000015
27489  -14.110  -61.449  -15.600 0.2000000030
27492  -16.195  -61.528  -15.246 0.1000000015
27513  1.175  -60.853  -16.615 0.1000000015
27514  -1.073  -61.475  -17.260 0.8999999762
27516  -5.604  -61.597  -16.382 0.8999999762
27517  -6.210  -61.187  -16.429 0.8999999762
27518  -7.069  -61.036  -16.247 0.8999999762
27519  -7.619  -60.686  -16.279 1.0000000000
27520  -11.272  -61.641  -16.504 0.2000000030
27522  -12.125  -60.881  -16.093 0.2000000030
27530  1.056  -60.680  -17.878 0.3000000119
27531  -0.949  -60.947  -17.688 0.8000000119
27532  -0.952  -60.339  -17.270 1.0000000000
27533  -4.684  -61.304  -17.121 0.8000000119
27534  -5.391  -61.020  -16.792 0.8999999762
27536  -9.656  -62.109  -17.401 0.2000000030
27537  -10.022  -61.563  -17.259 0.2000000030
27539  -28.963  -60.933  -16.998 0.1000000015
27549  1.057  -60.917  -18.139 0.5000000000
27550  0.994  -60.482  -18.013 0.5000000000
27551  -0.506  -60.781  -18.174 0.8000000119
27552  -4.451  -60.882  -17.575 0.8000000119
27553  -8.805  -61.703  -18.044 0.2000000030
27555  -9.676  -60.983  -17.659 0.2000000030
27556  -29.409  -60.799  -17.803 0.1000000015
27557  -29.721  -60.458  -18.146 0.1000000015
27566  0.920  -61.049  -18.731 0.5000000000
27567  0.303  -61.090  -18.898 0.5000000000
27568  -0.217  -61.139  -18.676 0.8000000119
27569  -3.885  -60.587  -18.968 0.6000000238
27570  -4.208  -60.767  -18.309 0.6999999881
27572  -8.507  -61.425  -18.385 0.2000000030
27573  -8.946  -61.056  -18.210 0.2000000030
27574  -29.437  -61.296  -18.208 0.1000000015
27582  0.954  -61.415  -19.083 0.5000000000
27584  -3.715  -60.777  -19.572 0.6000000238
27585  -4.034  -61.186  -19.074 0.8000000119
27587  -7.506  -61.287  -19.257 0.2000000030
27588  -30.244  -61.331  -19.574 0.1000000015
27589  -30.514  -61.110  -20.033 0.1000000015
27597  -3.048  -60.884  -20.962 0.6000000238
27599  -6.102  -60.837  -20.569 0.2000000030
27600  -6.575  -61.101  -20.101 0.2000000030
27602  -30.577  -61.525  -20.424 0.1000000015
27610  -3.222  -61.575  -21.065 0.6000000238
27611  -5.337  -60.702  -21.889 0.3000000119
27629  -2.399  -61.103  -23.317 0.5000000000
27630  -5.074  -61.163  -23.380 0.4000000060
27631  -13.187  -61.268  -23.492 0.1000000015
27633  -14.768  -61.445  -23.214 0.1000000015
27634  -15.490  -61.577  -23.156 0.1000000015
27644  -2.995  -61.145  -24.028 0.5000000000
27646  -4.918  -61.472  -24.514 0.5000000000
27647  -5.116  -60.941  -24.193 0.4000000060
27648  -12.243  -61.003  -24.304 0.1000000015
27650  -13.752  -60.987  -23.941 0.1000000015
27652  -15.323  -61.165  -23.651 0.1000000015
27653  -16.159  -61.441  -23.525 0.1000000015
27655  -17.870  -61.509  -23.727 0.1000000015
27658  -19.780  -61.400  -24.034 0.1000000015
27663  -3.176  -61.458  -24.380 0.5000000000
27664  -3.447  -61.187  -24.544 0.5000000000
27665  -4.881  -61.463  -24.869 0.5000000000
27666  -4.948  -61.032  -24.903 0.4000000060
27667  -11.422  -61.089  -24.826 0.3000000119
27668  -11.894  -60.848  -24.849 0.3000000119
27669  -12.661  -60.516  -24.879 0.1000000015
27671  -14.327  -60.672  -24.358 0.1000000015
27672  -15.100  -60.756  -24.220 0.1000000015
27674  -16.723  -61.006  -24.154 0.1000000015
27677  -19.263  -61.006  -24.526 0.1000000015
27678  -19.926  -61.085  -24.610 0.1000000015
27680  -20.871  -61.492  -25.201 0.1000000015
27685  -3.763  -61.044  -24.912 0.5000000000
27686  -4.064  -61.122  -25.219 0.5000000000
27687  -4.563  -61.022  -25.255 0.4000000060
27689  -12.017  -60.610  -25.532 0.1000000015
27691  -18.804  -60.725  -24.833 0.1000000015
27693  -20.157  -61.045  -25.018 0.1000000015
27694  -20.422  -61.137  -25.376 0.1000000015
27695  -20.848  -61.350  -25.794 0.1000000015
27699  -11.300  -60.972  -25.719 0.3000000119
27700  -11.729  -60.814  -26.204 0.3000000119
27701  -12.020  -60.864  -26.593 0.2000000030
27703  -14.372  -61.590  -26.333 0.2000000030
27704  -14.970  -61.391  -26.212 0.1000000015
27707  -17.018  -61.454  -26.116 0.1000000015
27716  -11.192  -61.176  -26.289 0.3000000119
27719  -12.963  -61.350  -27.007 0.2000000030
27720  -13.767  -61.433  -26.744 0.2000000030
27721  -14.539  -61.086  -26.637 0.1000000015
27722  -15.264  -60.937  -26.546 0.1000000015
27723  -15.996  -60.906  -26.467 0.1000000015
27724  -16.733  -60.950  -26.436 0.1000000015
27726  -18.381  -61.147  -26.726 0.1000000015
27728  -20.017  -60.921  -26.842 0.1000000015
27729  -20.528  -61.345  -27.087 0.1000000015
27737  -18.870  -61.566  -26.918 0.1000000015
27739  -20.051  -61.585  -27.412 0.1000000015
27740  -20.590  -61.716  -27.426 0.1000000015
28192  -6.081  -60.706  13.243 0.8000000119
28193  -6.261  -60.738  13.550 0.8000000119
28216  -6.056  -60.469  12.746 0.6000000238
28218  -7.004  -60.401  13.006 0.4000000060
28226  -6.007  -60.337  11.998 0.6000000238
28236  -2.341  -60.917  11.296 1.0000000000
28237  -2.578  -61.065  11.478 0.8999999762
28238  -6.035  -60.243  11.281 0.6000000238
28261  -5.494  -60.491  10.361 0.6999999881
28262  -5.931  -60.165  10.580 0.6999999881
28263  -8.435  -60.112  10.602 0.4000000060
28277  -2.919  -60.801  10.437 1.0000000000
28279  -4.487  -60.578  9.708 0.6999999881
28280  -5.316  -60.293  9.731 0.6999999881
28282  -8.735  -60.231  10.004 0.3000000119
28283  -9.017  -60.347  9.500 0.3000000119
28290  -0.177  -60.215  9.075 0.8000000119
28291  -0.335  -60.194  9.401 1.0000000000
28292  -2.272  -60.032  9.590 1.0000000000
28294  -3.768  -60.289  9.177 0.8000000119
28296  -5.213  -60.091  9.314 0.6999999881
28298  -9.736  -60.409  8.559 0.3000000119
28309  -0.001  -60.232  8.612 0.8000000119
28310  -4.216  -60.011  8.760 0.8000000119
28311  -4.543  -59.962  8.792 0.8000000119
28312  -9.603  -60.904  8.546 0.3000000119
28314  -10.517  -60.414  7.894 0.3000000119
28332  -10.456  -60.913  7.783 0.3000000119
28334  -11.432  -60.450  7.247 0.2000000030
28345  -0.138  -60.198  7.339 0.4000000060
28356  -12.254  -60.386  6.866 0.1000000015
28369  -0.465  -60.353  6.730 0.2000000030
28370  -2.388  -60.651  6.722 0.1000000015
28378  -13.424  -60.534  6.468 0.1000000015
28380  -14.608  -60.542  6.268 0.1000000015
28381  -15.199  -60.031  6.124 0.1000000015
28395  -1.760  -60.373  6.209 0.1000000015
28411  -0.844  -61.246  5.877 0.1000000015
28412  -1.274  -61.061  5.897 0.1000000015
28413  -1.621  -60.934  5.884 0.1000000015
28414  -1.878  -61.000  6.041 0.1000000015
28474  -0.808  -59.582  0.260 0.5000000000
28475  -1.334  -59.746  0.448 0.3000000119
28497  -0.642  -59.710  -0.067 0.5000000000
28498  -1.495  -60.177  0.319 0.2000000030
28499  -1.909  -59.953  0.491 0.2000000030
28500  -2.451  -60.149  0.423 0.1000000015
28501  -3.025  -60.282  0.147 0.3000000119
28502  -3.576  -60.139  -0.079 0.2000000030
28520  -0.324  -59.844  -0.658 0.5000000000
28524  -4.813  -60.359  -0.394 0.2000000030
28525  -5.540  -60.342  -0.456 0.1000000015
28548  -0.395  -60.441  -1.521 0.1000000015
28549  -1.999  -59.664  -1.663 0.8999999762
28551  -3.037  -59.759  -1.620 1.0000000000
28574  0.828  -59.715  -2.755 0.5000000000
28577  -2.128  -59.971  -1.938 0.8999999762
28581  -5.174  -60.137  -2.360 1.0000000000
28582  -5.602  -60.055  -2.497 1.0000000000
28603  0.804  -59.796  -3.322 0.5000000000
28606  -2.721  -60.630  -2.717 0.8999999762
28607  -5.475  -60.409  -2.574 1.0000000000
28608  -5.930  -60.279  -2.734 0.8999999762
28630  0.574  -59.728  -3.900 0.5000000000
28634  -6.939  -60.532  -3.386 0.8999999762
28655  -0.150  -60.228  -5.120 0.4000000060
28656  -0.369  -60.716  -5.284 0.3000000119
28657  -2.016  -59.599  -4.701 0.8000000119
28658  -2.649  -60.436  -4.413 1.0000000000
28661  -8.438  -60.449  -4.913 0.8000000119
28686  -0.375  -60.050  -5.741 0.5000000000
28692  -9.057  -60.494  -5.925 0.6999999881
28720  -0.729  -60.204  -6.144 0.3000000119
28723  -9.141  -60.302  -6.351 0.6999999881
28731  -1.099  -60.310  -6.800 0.3000000119
28732  -1.387  -60.529  -7.227 0.3000000119
28733  -3.031  -60.132  -7.067 1.0000000000
28735  -9.137  -60.137  -6.797 0.6999999881
28743  -1.181  -60.155  -7.381 0.3000000119
28744  -1.432  -60.458  -7.616 0.3000000119
28746  -3.570  -60.743  -8.209 1.0000000000
28747  -9.178  -60.262  -7.254 0.6999999881
28751  -1.618  -60.581  -8.019 0.2000000030
28752  -3.171  -60.373  -8.695 1.0000000000
28754  -9.232  -60.345  -7.825 0.8000000119
28758  -1.750  -60.759  -8.363 0.2000000030
28759  -3.065  -60.739  -9.555 1.0000000000
28760  -3.407  -61.075  -9.418 1.0000000000
28766  -2.873  -60.707  -10.409 1.0000000000
28767  -9.180  -60.390  -9.267 0.6999999881
28772  -0.545  -59.861  -10.751 0.2000000030
28773  -0.886  -60.109  -10.440 0.2000000030
28774  -2.906  -60.646  -10.903 1.0000000000
28775  -9.175  -60.373  -10.095 0.8000000119
28782  -3.029  -60.582  -11.387 1.0000000000
28783  -3.522  -60.611  -11.802 1.0000000000
28784  -4.011  -60.615  -12.026 1.0000000000
28790  -3.206  -60.346  -11.933 1.0000000000
28792  -4.350  -60.363  -12.578 1.0000000000
28793  -9.608  -60.408  -11.855 1.0000000000
28797  -0.317  -60.206  -12.968 0.1000000015
28798  -3.511  -60.234  -13.623 1.0000000000
28800  -4.436  -60.506  -13.304 1.0000000000
28801  -9.902  -60.454  -13.194 0.8999999762
28814  -2.111  -60.117  -14.427 1.0000000000
28815  -2.475  -60.130  -14.131 1.0000000000
28816  -3.046  -60.374  -13.793 1.0000000000
28817  -9.428  -61.034  -14.341 0.8999999762
28818  -9.741  -60.858  -13.899 0.8999999762
28834  0.764  -60.559  -15.338 0.1000000015
28835  -1.837  -59.981  -14.839 1.0000000000
28837  -9.204  -60.978  -14.803 0.8999999762
28838  -9.613  -60.628  -14.551 0.8999999762
28854  -8.431  -60.664  -15.812 1.0000000000
28855  -9.003  -60.579  -15.470 1.0000000000
28856  -9.427  -60.457  -15.018 0.8999999762
28858  -13.628  -60.904  -15.680 0.2000000030
28860  -15.072  -60.645  -15.500 0.1000000015
28862  -16.222  -60.294  -15.160 0.1000000015
28875  1.136  -60.726  -17.270 0.3000000119
28876  0.996  -60.177  -16.945 0.3000000119
28878  -1.024  -59.934  -16.654 1.0000000000
28879  -6.642  -60.588  -16.699 0.8999999762
28881  -7.826  -60.107  -16.536 0.8999999762
28882  -8.393  -60.198  -16.180 1.0000000000
28883  -8.714  -60.334  -15.883 1.0000000000
28884  -11.228  -60.836  -16.624 0.2000000030
28885  -11.723  -60.413  -16.445 0.2000000030
28887  -13.238  -60.387  -15.892 0.2000000030
28888  -13.784  -60.457  -15.769 0.2000000030
28892  1.090  -60.684  -17.635 0.3000000119
28893  0.954  -60.266  -17.691 0.5000000000
28894  -0.530  -60.037  -17.702 0.8999999762
28895  -0.881  -59.984  -17.223 0.8999999762
28897  -5.531  -60.154  -17.166 0.8000000119
28898  -6.291  -60.086  -17.019 0.8999999762
28899  -6.989  -60.044  -16.882 0.8999999762
28900  -7.423  -60.034  -16.746 0.8999999762
28901  -10.181  -60.762  -17.393 0.2000000030
28902  -10.785  -60.280  -17.168 0.2000000030
28912  1.002  -60.660  -18.222 0.5000000000
28916  -5.054  -60.109  -17.390 0.8000000119
28917  -9.295  -60.667  -18.108 0.2000000030
28918  -9.798  -60.462  -17.845 0.2000000030
28930  0.836  -60.641  -18.528 0.5000000000
28931  0.455  -60.695  -18.635 0.5000000000
28932  -0.048  -60.882  -18.669 0.8000000119
28934  -4.230  -59.999  -18.177 0.6999999881
28935  -7.810  -60.862  -19.124 0.2000000030
28936  -8.236  -60.565  -18.956 0.2000000030
28937  -8.812  -60.622  -18.523 0.2000000030
28946  -6.973  -60.424  -19.863 0.2000000030
28947  -7.587  -60.475  -19.441 0.2000000030
28958  -3.060  -60.330  -20.497 0.6000000238
28959  -3.372  -60.272  -19.919 0.6000000238
28960  -5.959  -60.232  -20.875 0.2000000030
28962  -30.422  -60.213  -20.090 0.1000000015
28971  -2.737  -60.345  -21.140 0.6000000238
28972  -5.399  -60.130  -21.991 0.3000000119
28973  -5.597  -60.215  -21.490 0.3000000119
28984  -5.289  -60.303  -22.483 0.3000000119
28993  -2.606  -60.402  -22.775 0.5000000000
28994  -5.270  -60.521  -23.048 0.4000000060
29002  -3.406  -60.463  -23.966 0.5000000000
29008  -3.855  -60.520  -24.554 0.5000000000
29009  -4.480  -60.228  -24.678 0.5000000000
29010  -5.126  -60.136  -24.536 0.4000000060
29011  -12.931  -60.310  -25.442 0.1000000015
29012  -13.457  -60.267  -25.193 0.1000000015
29014  -14.894  -60.358  -24.765 0.1000000015
29015  -15.653  -60.420  -24.665 0.1000000015
29017  -17.278  -60.594  -24.633 0.1000000015
29018  -17.822  -60.747  -24.597 0.1000000015
29019  -19.381  -60.767  -24.886 0.1000000015
29020  -19.587  -60.887  -24.774 0.1000000015
29027  -3.955  -60.790  -25.010 0.5000000000
29028  -4.275  -60.659  -25.034 0.4000000060
29030  -12.176  -60.573  -26.130 0.1000000015
29031  -12.672  -60.381  -25.923 0.1000000015
29033  -14.112  -59.981  -25.625 0.1000000015
29034  -14.728  -60.051  -25.327 0.1000000015
29035  -15.412  -60.096  -25.214 0.1000000015
29036  -16.171  -60.110  -25.155 0.1000000015
29038  -18.121  -60.297  -25.201 0.1000000015
29039  -19.123  -60.507  -25.187 0.1000000015
29040  -19.746  -60.802  -25.128 0.1000000015
29041  -20.095  -60.946  -25.277 0.1000000015
29049  -12.075  -60.662  -26.401 0.1000000015
29050  -12.534  -60.664  -26.569 0.2000000030
29051  -13.267  -60.306  -26.489 0.1000000015
29053  -14.601  -59.934  -26.611 0.1000000015
29054  -18.332  -59.908  -26.152 0.1000000015
29055  -18.953  -60.194  -25.884 0.1000000015
29057  -20.036  -60.830  -25.604 0.1000000015
29065  -12.743  -60.986  -26.882 0.2000000030
29066  -13.208  -60.872  -26.800 0.2000000030
29067  -13.946  -60.642  -26.714 0.1000000015
29069  -15.602  -60.427  -26.742 0.1000000015
29070  -16.347  -60.444  -26.681 0.1000000015
29071  -17.089  -60.469  -26.693 0.1000000015
29072  -17.912  -60.316  -26.775 0.1000000015
29074  -19.442  -60.478  -26.422 0.1000000015
29075  -19.934  -60.678  -26.126 0.1000000015
29540  -6.307  -60.140  12.955 0.6000000238
29541  -6.670  -59.960  12.912 0.6000000238
29542  -7.147  -59.870  12.759 0.5000000000
29554  -7.523  -59.612  12.246 0.5000000000
29563  -6.615  -59.272  11.488 0.6000000238
29565  -8.335  -59.462  11.078 0.3000000119
29585  -6.593  -59.213  10.766 0.5000000000
29586  -8.690  -59.318  10.540 0.3000000119
29604  -0.575  -59.864  9.636 1.0000000000
29605  -0.828  -59.804  9.795 1.0000000000
29606  -1.402  -59.816  9.874 1.0000000000
29608  -6.096  -59.632  9.890 0.6000000238
29609  -6.629  -59.065  10.300 0.5000000000
29610  -8.779  -59.692  10.195 0.3000000119
29622  -0.431  -59.582  9.264 1.0000000000
29624  -1.874  -59.630  9.445 1.0000000000
29626  -3.027  -59.963  9.022 1.0000000000
29627  -4.777  -59.935  8.831 0.8000000119
29628  -5.279  -59.807  9.009 0.6999999881
29630  -9.393  -59.739  9.204 0.3000000119
29638  -0.047  -59.695  8.505 0.8000000119
29640  -2.220  -59.510  9.049 1.0000000000
29641  -2.655  -59.520  8.767 1.0000000000
29644  -5.287  -59.281  8.329 0.8000000119
29645  -5.822  -58.971  8.422 0.8000000119
29646  -9.995  -60.078  8.429 0.3000000119
29647  -10.392  -59.905  8.161 0.3000000119
29658  -0.052  -59.404  7.753 0.6000000238
29660  -3.574  -59.264  8.091 1.0000000000
29661  -3.989  -59.328  7.998 0.8999999762
29664  -11.331  -59.718  7.592 0.3000000119
29665  -11.698  -59.311  7.477 0.3000000119
29679  -0.254  -58.874  7.359 0.4000000060
29680  -2.832  -60.190  6.653 0.1000000015
29687  -11.622  -60.028  7.271 0.1000000015
29690  -15.700  -59.743  6.340 0.1000000015
29691  -16.131  -59.255  6.527 0.1000000015
29702  -1.555  -59.269  6.219 0.1000000015
29704  -2.554  -59.953  6.593 0.1000000015
29715  -13.322  -59.848  6.473 0.1000000015
29717  -14.648  -59.557  6.024 0.1000000015
29719  -15.746  -59.115  6.142 0.1000000015
29733  -1.321  -59.623  6.271 0.1000000015
29734  -1.696  -59.506  6.248 0.1000000015
29735  -2.056  -59.749  6.418 0.1000000015
29827  -0.499  -59.018  0.645 0.5000000000
29829  -1.572  -59.258  0.993 0.3000000119
29830  -2.030  -59.138  0.994 0.4000000060
29855  -0.219  -59.117  0.039 0.5000000000
29856  0.227  -58.593  -0.237 0.6999999881
29857  -2.059  -59.348  0.816 0.3000000119
29860  -3.524  -59.618  0.120 0.2000000030
29880  -0.125  -59.307  -0.486 0.5000000000
29883  -2.607  -58.643  -1.054 1.0000000000
29886  -5.265  -59.696  -0.386 0.2000000030
29909  0.719  -59.208  -1.552 0.6999999881
29911  -1.901  -59.198  -1.310 0.8999999762
29933  0.864  -59.350  -2.154 0.5000000000
29935  -1.649  -59.496  -2.065 0.8999999762
29936  -4.199  -59.425  -1.984 1.0000000000
29939  -5.787  -59.867  -2.599 0.8999999762
29955  0.774  -59.072  -3.485 0.5000000000
29958  -5.845  -59.232  -2.778 0.8999999762
29959  -6.024  -59.613  -2.763 0.8999999762
29960  -6.359  -59.943  -2.864 0.8999999762
29980  0.445  -59.516  -4.220 0.5000000000
29983  -6.770  -59.904  -3.115 0.8999999762
29984  -7.270  -59.857  -3.508 0.8000000119
30001  0.444  -59.050  -4.333 0.5000000000
30003  -0.745  -58.491  -4.843 0.8000000119
30005  -7.731  -59.781  -4.102 0.8000000119
30006  -8.194  -59.949  -4.580 0.8000000119
30020  -0.480  -59.371  -5.609 0.5000000000
30022  -1.549  -59.106  -5.768 0.8000000119
30023  -2.009  -59.401  -5.811 0.8999999762
30025  -8.394  -59.660  -5.228 0.6999999881
30026  -8.942  -59.961  -5.866 0.6999999881
30047  -0.609  -59.581  -6.206 0.5000000000
30066  -0.968  -59.774  -7.049 0.3000000119
30067  -2.104  -59.146  -6.875 0.8999999762
30068  -2.568  -59.598  -6.896 1.0000000000
30069  -8.501  -59.272  -6.821 0.6000000238
30070  -8.930  -59.795  -7.097 0.6000000238
30079  -0.789  -59.265  -7.203 0.6000000238
30082  -2.725  -59.576  -7.659 1.0000000000
30083  -8.574  -59.471  -7.622 0.6000000238
30084  -9.014  -59.938  -7.592 0.6000000238
30091  -1.051  -59.703  -8.344 0.3000000119
30092  -2.481  -59.353  -8.862 1.0000000000
30093  -2.848  -59.762  -8.411 1.0000000000
30094  -8.388  -59.488  -8.404 0.6000000238
30102  -0.442  -59.241  -9.339 0.5000000000
30104  -2.478  -59.558  -9.506 1.0000000000
30106  -7.924  -59.108  -9.741 0.6999999881
30108  -8.854  -59.841  -8.884 0.6999999881
30116  -0.690  -59.710  -9.770 0.4000000060
30117  -2.283  -59.550  -10.171 1.0000000000
30119  -7.956  -59.076  -10.028 0.6999999881
30120  -8.303  -59.306  -10.120 0.6999999881
30126  -0.271  -59.532  -10.687 0.4000000060
30127  -0.508  -59.668  -10.220 0.4000000060
30128  -2.183  -59.593  -11.026 1.0000000000
30130  -8.513  -59.275  -10.571 0.6999999881
30136  -2.324  -59.549  -11.875 1.0000000000
30137  -2.701  -60.092  -11.588 1.0000000000
30138  -9.265  -59.613  -11.555 0.8999999762
30142  -2.505  -59.403  -12.648 1.0000000000
30144  -3.620  -60.082  -12.670 1.0000000000
30145  -9.710  -59.634  -12.534 1.0000000000
30146  -9.876  -60.070  -12.877 1.0000000000
30148  -0.025  -59.385  -13.533 0.2000000030
30151  -3.514  -59.968  -12.858 1.0000000000
30152  -9.791  -59.400  -13.049 1.0000000000
30153  -9.891  -59.755  -13.199 1.0000000000
30164  0.488  -59.683  -14.632 0.2000000030
30166  -2.402  -59.316  -14.057 1.0000000000
30167  -2.900  -59.701  -13.814 1.0000000000
30168  -9.953  -60.042  -13.786 1.0000000000
30180  -1.633  -59.174  -15.153 1.0000000000
30200  0.811  -59.729  -15.727 0.2000000030
30203  -9.733  -60.080  -14.818 0.8999999762
30205  -14.470  -60.169  -15.743 0.2000000030
30221  0.853  -59.550  -16.512 0.3000000119
30222  -0.396  -59.225  -17.353 0.8000000119
30223  -0.785  -59.000  -16.825 0.8999999762
30225  -8.284  -59.576  -16.550 0.8999999762
30227  -11.677  -59.994  -16.617 0.2000000030
30228  -12.001  -59.922  -16.473 0.2000000030
30229  -12.824  -59.719  -16.345 0.2000000030
30230  -13.760  -59.923  -16.020 0.2000000030
30231  -14.478  -59.640  -16.091 0.1000000015
30238  0.055  -59.408  -17.714 0.8000000119
30239  -5.560  -59.754  -17.349 0.8000000119
30242  -7.593  -59.539  -16.894 0.8999999762
30243  -8.084  -59.210  -16.856 0.8999999762
30244  -10.903  -59.836  -17.326 0.2000000030
30245  -11.393  -59.713  -17.065 0.2000000030
30246  -12.138  -59.466  -16.793 0.2000000030
30257  0.433  -59.903  -17.959 0.5000000000
30258  -0.025  -59.900  -17.976 0.8000000119
30259  -4.592  -59.525  -18.057 0.6999999881
30260  -5.289  -59.571  -17.608 0.6999999881
30261  -5.745  -59.318  -17.617 0.8000000119
30263  -9.866  -59.958  -18.079 0.2000000030
30265  -11.099  -59.255  -17.620 0.2000000030
30267  -29.767  -59.723  -18.399 0.1000000015
30275  -3.784  -59.502  -18.918 0.6000000238
30276  -4.181  -59.503  -18.451 0.6999999881
30277  -8.686  -60.188  -18.811 0.2000000030
30278  -9.212  -59.877  -18.627 0.2000000030
30279  -9.899  -59.516  -18.437 0.2000000030
30280  -10.246  -59.204  -18.401 0.2000000030
30281  -29.610  -59.283  -18.465 0.1000000015
30289  -2.930  -59.008  -19.937 0.6000000238
30291  -7.278  -59.977  -19.726 0.2000000030
30292  -7.718  -59.648  -19.603 0.2000000030
30293  -8.526  -59.750  -19.166 0.2000000030
30294  -8.968  -59.573  -19.041 0.2000000030
30305  -2.785  -59.557  -20.482 0.6000000238
30306  -3.069  -59.928  -20.109 0.6000000238
30307  -6.289  -59.566  -20.568 0.2000000030
30308  -6.893  -59.743  -20.058 0.2000000030
30320  -5.540  -59.748  -21.825 0.3000000119
30330  -2.812  -59.711  -22.294 0.5000000000
30331  -5.457  -59.723  -22.361 0.3000000119
30332  -5.655  -59.248  -22.065 0.3000000119
30339  -3.280  -59.760  -23.065 0.5000000000
30342  -5.698  -59.235  -22.724 0.3000000119
30350  -3.369  -60.100  -23.593 0.5000000000
30351  -3.895  -59.701  -23.856 0.5000000000
30352  -4.347  -59.298  -24.036 0.5000000000
30353  -5.554  -59.470  -23.861 0.4000000060
30354  -5.775  -59.206  -23.278 0.3000000119
30363  -4.562  -59.578  -24.346 0.5000000000
30364  -5.141  -59.330  -24.354 0.4000000060
30372  -14.636  -59.844  -25.784 0.1000000015
30374  -15.866  -59.803  -25.673 0.1000000015
30375  -16.630  -59.807  -25.658 0.1000000015
30376  -17.415  -59.816  -25.689 0.1000000015
30384  -14.398  -59.814  -26.027 0.1000000015
30385  -14.808  -59.740  -26.293 0.1000000015
30386  -15.552  -59.712  -26.225 0.1000000015
30388  -17.004  -59.735  -26.211 0.1000000015
30389  -17.692  -59.766  -26.285 0.1000000015
30396  -14.850  -59.943  -26.654 0.1000000015
30397  -15.257  -59.954  -26.641 0.1000000015
30398  -15.956  -59.945  -26.644 0.1000000015
30400  -17.290  -59.966  -26.634 0.1000000015
30891  -6.936  -58.802  11.715 0.5000000000
30893  -7.940  -58.531  11.757 0.5000000000
30904  -6.796  -58.784  11.219 0.5000000000
30905  -7.838  -59.054  11.858 0.5000000000
30906  -8.261  -58.797  11.448 0.3000000119
30923  -8.994  -58.707  10.357 0.3000000119
30945  -6.383  -59.005  9.270 0.6999999881
30948  -9.800  -58.445  9.530 0.3000000119
30957  -0.758  -58.796  8.821 1.0000000000
30959  -1.537  -59.263  9.238 1.0000000000
30960  -6.243  -58.807  8.704 0.6999999881
30961  -6.704  -58.499  9.025 0.6999999881
30963  -9.968  -58.945  9.075 0.3000000119
30974  -0.837  -58.304  8.324 0.8000000119
30975  -1.304  -58.534  8.632 1.0000000000
30977  -2.862  -59.019  8.182 1.0000000000
30980  -6.071  -58.571  8.145 0.8000000119
30982  -10.106  -59.564  8.541 0.3000000119
30983  -10.546  -59.126  8.413 0.3000000119
30984  -11.157  -58.985  8.064 0.3000000119
30991  -0.562  -58.264  7.817 0.6999999881
30992  -2.974  -58.672  7.799 1.0000000000
30994  -4.264  -58.845  7.606 1.0000000000
30996  -5.682  -58.562  7.712 0.8999999762
30998  -11.913  -58.934  7.398 0.3000000119
31010  -0.430  -58.331  7.353 0.6999999881
31014  -12.926  -59.029  6.594 0.2000000030
31027  -0.543  -58.846  6.575 0.2000000030
31028  -1.360  -59.132  6.235 0.1000000015
31029  -1.541  -59.026  6.117 0.1000000015
31030  -2.488  -59.341  6.173 0.1000000015
31041  -14.097  -58.937  6.011 0.1000000015
31043  -15.466  -58.592  5.859 0.1000000015
31044  -16.090  -58.613  6.132 0.1000000015
31055  -0.828  -59.082  6.367 0.1000000015
31056  -1.184  -58.955  6.217 0.1000000015
31057  -1.590  -58.816  6.016 0.1000000015
31059  -2.780  -58.801  5.718 0.1000000015
31138  -1.915  -58.657  1.295 0.4000000060
31139  -2.426  -58.459  1.129 0.4000000060
31152  0.212  -58.325  0.261 0.8000000119
31172  0.439  -58.267  -0.686 0.8000000119
31174  -1.763  -58.348  -0.986 0.8999999762
31175  -2.414  -58.269  -0.892 0.8999999762
31177  -4.978  -59.009  -0.341 0.3000000119
31198  0.900  -58.244  -1.713 0.6999999881
31199  0.677  -58.569  -1.108 0.6999999881
31201  -1.367  -58.640  -1.312 0.8999999762
31202  -2.881  -58.364  -1.165 1.0000000000
31203  -3.375  -58.532  -1.535 0.8999999762
31204  -6.530  -58.711  -0.764 0.2000000030
31205  -6.820  -58.791  -0.807 0.2000000030
31221  0.719  -58.070  -2.559 0.8000000119
31222  -0.028  -57.442  -2.753 0.8000000119
31224  -3.978  -58.655  -1.950 0.8999999762
31225  -4.621  -58.784  -2.192 1.0000000000
31226  -5.163  -58.838  -2.495 0.8999999762
31241  0.139  -57.889  -3.344 0.8000000119
31243  -5.628  -58.859  -2.824 0.8000000119
31244  -6.148  -58.991  -3.091 0.8000000119
31260  0.526  -58.647  -4.048 0.5000000000
31261  0.228  -58.078  -3.978 0.6999999881
31262  -0.373  -57.916  -4.105 0.6999999881
31263  -6.394  -58.807  -3.485 0.8000000119
31264  -6.755  -59.225  -3.448 0.8999999762
31278  0.318  -58.545  -4.584 0.6999999881
31279  -0.003  -58.295  -4.872 0.6999999881
31280  -0.293  -57.967  -4.704 0.6999999881
31281  -6.931  -58.919  -4.001 0.8000000119
31282  -7.359  -59.068  -4.415 0.6999999881
31293  -0.608  -59.258  -6.035 0.5000000000
31296  -7.693  -59.029  -5.022 0.6999999881
31313  -0.645  -59.129  -6.368 0.5000000000
31314  -0.984  -58.913  -6.383 0.5000000000
31315  -1.383  -58.861  -6.332 0.8000000119
31332  -0.795  -58.912  -6.877 0.6000000238
31333  -1.113  -58.707  -6.777 0.6000000238
31335  -8.390  -58.625  -6.810 0.6000000238
31350  -0.740  -58.824  -7.397 0.4000000060
31351  -0.812  -59.094  -7.657 0.4000000060
31353  -2.332  -59.104  -7.846 1.0000000000
31372  -0.894  -59.212  -8.073 0.3000000119
31375  -7.921  -58.492  -8.525 0.6000000238
31384  -0.319  -58.638  -8.970 0.5000000000
31387  -7.906  -59.089  -8.611 0.5000000000
31391  -0.020  -58.786  -9.645 0.3000000119
31392  -1.905  -58.858  -10.451 1.0000000000
31393  -7.654  -58.809  -10.132 0.5000000000
31394  -8.020  -59.057  -10.267 0.6999999881
31397  0.211  -58.216  -10.656 0.3000000119
31400  -7.701  -58.464  -10.901 0.6999999881
31402  -8.608  -59.221  -10.796 0.8000000119
31406  0.160  -58.778  -11.129 0.5000000000
31409  -7.758  -58.213  -11.303 0.5000000000
31410  -8.236  -58.425  -11.512 0.5000000000
31411  -8.726  -59.079  -11.231 0.8000000119
31414  0.347  -57.918  -11.874 0.8000000119
31415  0.230  -58.424  -12.112 0.5000000000
31416  -1.658  -58.382  -12.605 1.0000000000
31417  -1.940  -58.700  -12.831 0.8999999762
31422  -2.123  -58.734  -13.592 0.8999999762
31424  -9.824  -59.348  -13.289 1.0000000000
31436  0.439  -59.072  -14.656 0.5000000000
31438  -1.533  -58.397  -14.445 0.8999999762
31439  -1.923  -58.690  -14.189 1.0000000000
31440  -9.637  -58.820  -14.094 1.0000000000
31463  0.606  -59.195  -15.260 0.2000000030
31464  0.241  -58.623  -15.083 0.6000000238
31466  -1.710  -58.750  -14.692 1.0000000000
31468  -9.859  -59.555  -14.395 0.8999999762
31487  0.653  -59.024  -16.033 0.6000000238
31489  -0.993  -58.029  -15.644 0.8999999762
31490  -9.397  -59.263  -15.568 0.8999999762
31491  -9.671  -59.548  -15.040 0.8999999762
31500  0.530  -58.830  -16.779 0.4000000060
31501  -0.099  -58.626  -16.956 0.8000000119
31503  -8.412  -58.949  -16.735 1.0000000000
31504  -8.944  -58.931  -16.254 1.0000000000
31505  -13.399  -59.488  -16.387 0.1000000015
31507  -14.605  -59.216  -16.513 0.1000000015
31508  -15.407  -59.162  -16.348 0.1000000015
31516  0.263  -58.990  -17.301 0.8000000119
31518  -5.971  -59.227  -17.610 0.8000000119
31519  -6.362  -59.105  -17.530 0.8000000119
31520  -7.128  -58.855  -17.379 0.8999999762
31521  -7.986  -58.738  -17.123 0.8999999762
31523  -12.301  -59.047  -17.135 0.1000000015
31524  -13.136  -59.036  -16.827 0.2000000030
31526  -14.862  -58.836  -17.038 0.1000000015
31542  -4.482  -59.163  -18.352 0.6000000238
31543  -4.961  -58.842  -18.276 0.6000000238
31546  -7.104  -58.418  -17.703 0.6999999881
31547  -10.948  -59.053  -17.926 0.2000000030
31550  -13.516  -58.510  -17.526 0.1000000015
31551  -14.353  -58.510  -17.589 0.2000000030
31552  -15.120  -58.513  -17.663 0.1000000015
31554  -16.336  -58.292  -17.835 0.1000000015
31566  -4.281  -58.830  -18.703 0.6000000238
31569  -9.929  -59.116  -18.837 0.2000000030
31571  -11.202  -58.469  -18.461 0.2000000030
31583  -2.998  -58.466  -19.917 0.6000000238
31584  -3.291  -58.762  -19.599 0.6000000238
31585  -7.590  -58.988  -19.830 0.2000000030
31587  -9.163  -59.111  -19.304 0.2000000030
31589  -10.435  -58.429  -19.309 0.2000000030
31602  -2.797  -58.728  -20.353 0.6000000238
31604  -6.753  -59.013  -20.276 0.2000000030
31605  -7.239  -59.291  -19.925 0.2000000030
31616  -2.769  -58.900  -21.039 0.6000000238
31617  -5.764  -58.672  -21.713 0.3000000119
31629  -3.561  -58.592  -22.140 0.5000000000
31630  -5.736  -58.675  -22.465 0.3000000119
31639  -3.211  -59.321  -22.516 0.5000000000
31640  -3.777  -58.911  -22.781 0.5000000000
31641  -4.325  -58.549  -23.050 0.4000000060
31650  -3.946  -59.210  -23.408 0.5000000000
31651  -4.453  -58.887  -23.643 0.4000000060
31653  -5.745  -58.740  -23.536 0.4000000060
31661  -4.536  -59.156  -24.114 0.4000000060
31662  -4.793  -59.065  -24.183 0.4000000060
32172  -7.236  -58.285  11.552 0.5000000000
32173  -7.730  -58.170  11.651 0.5000000000
32185  -6.967  -58.323  11.119 0.5000000000
32186  -7.272  -57.926  11.113 0.5000000000
32188  -8.775  -57.804  11.084 0.5000000000
32199  -7.131  -58.042  10.561 0.5000000000
32200  -7.381  -57.745  10.816 0.5000000000
32201  -8.618  -58.263  11.141 0.5000000000
32202  -9.077  -58.036  10.710 0.3000000119
32227  -7.166  -57.991  9.997 0.5000000000
32228  -7.386  -57.740  9.669 0.6000000238
32229  -9.323  -58.246  10.195 0.3000000119
32230  -9.741  -58.038  9.873 0.3000000119
32246  -7.499  -57.627  9.220 0.6000000238
32247  -10.120  -58.071  9.424 0.3000000119
32258  -1.321  -58.099  8.176 1.0000000000
32261  -2.749  -58.590  7.856 1.0000000000
32263  -7.024  -57.976  8.506 0.6999999881
32264  -7.324  -57.801  8.914 0.6000000238
32265  -10.961  -58.466  8.509 0.3000000119
32277  -1.607  -57.792  7.818 0.8000000119
32279  -2.903  -58.139  7.460 1.0000000000
32280  -3.797  -58.312  7.254 1.0000000000
32283  -6.143  -58.171  7.540 0.8000000119
32285  -11.810  -58.544  7.649 0.3000000119
32286  -12.180  -58.217  7.441 0.3000000119
32294  -0.484  -57.872  6.914 0.5000000000
32295  -0.714  -57.771  7.280 0.8000000119
32297  -3.416  -57.734  6.984 1.0000000000
32300  -5.920  -57.756  6.793 0.8000000119
32301  -6.540  -57.807  7.144 0.8000000119
32316  -0.506  -58.081  6.543 0.3000000119
32317  -1.503  -57.827  5.676 0.1000000015
32318  -1.635  -57.707  5.512 0.1000000015
32319  -5.271  -57.376  6.465 0.8000000119
32320  -5.514  -57.417  6.432 0.8000000119
32327  -15.020  -57.799  5.704 0.1000000015
32341  -0.822  -58.302  6.205 0.3000000119
32342  -1.300  -58.152  5.884 0.2000000030
32382  -6.016  -57.276  3.852 0.1000000015
32432  -0.066  -57.930  1.412 0.6000000238
32433  -0.833  -57.871  1.526 0.6000000238
32434  -1.575  -57.925  1.545 0.5000000000
32446  0.376  -57.649  0.219 0.8000000119
32447  0.270  -57.402  -0.257 0.8000000119
32464  0.472  -57.439  -1.294 0.8000000119
32467  -1.351  -57.635  -0.851 0.8999999762
32468  -2.069  -57.611  -0.844 0.8999999762
32470  -4.667  -58.273  -0.277 0.2000000030
32472  -5.996  -58.670  -0.630 0.2000000030
32486  0.659  -57.575  -1.650 0.8000000119
32488  -0.542  -57.565  -1.543 0.8999999762
32491  -5.819  -57.910  -0.922 0.2000000030
32504  0.766  -57.768  -2.032 0.8000000119
32506  -0.192  -57.288  -2.120 0.8999999762
32519  -4.723  -57.583  -2.822 0.8999999762
32531  0.233  -58.144  -4.464 0.6999999881
32532  -0.028  -57.824  -4.423 0.6999999881
32533  -0.264  -57.862  -4.484 0.6999999881
32535  -6.042  -58.376  -3.644 0.6999999881
32544  0.195  -58.147  -4.693 0.6999999881
32546  -0.144  -57.765  -4.661 0.6999999881
32547  -5.618  -57.536  -4.266 0.6999999881
32548  -5.934  -57.902  -4.281 0.6999999881
32562  -6.814  -57.912  -5.091 0.6999999881
32577  -8.477  -58.091  -6.499 0.6000000238
32578  -8.821  -57.961  -6.777 0.6000000238
32593  -0.766  -58.661  -7.201 0.6000000238
32595  -1.160  -58.491  -7.150 0.8000000119
32597  -9.076  -57.933  -7.124 0.5000000000
32617  -0.697  -58.490  -7.502 0.6000000238
32618  -0.937  -58.284  -7.508 0.8000000119
32619  -1.378  -58.371  -7.546 0.8000000119
32620  -8.644  -58.264  -7.594 0.5000000000
32621  -9.277  -57.897  -7.785 0.5000000000
32622  -9.689  -57.680  -8.093 0.5000000000
32643  -1.023  -58.115  -8.114 0.8000000119
32645  -8.084  -58.219  -8.558 0.5000000000
32647  -9.259  -57.874  -8.431 0.5000000000
32648  -9.772  -57.624  -8.498 0.5000000000
32651  -0.191  -57.499  -9.226 0.8000000119
32652  -0.460  -57.884  -8.820 0.8000000119
32653  -1.148  -57.798  -8.804 0.8000000119
32654  -1.768  -57.977  -9.113 0.8999999762
32655  -7.982  -58.093  -8.954 0.5000000000
32656  -8.746  -57.878  -8.919 0.5000000000
32658  -9.809  -57.576  -8.851 0.5000000000
32661  0.010  -57.536  -9.395 0.8000000119
32664  -7.339  -57.776  -9.875 0.3000000119
32665  -7.456  -58.095  -9.702 0.5000000000
32668  0.176  -58.337  -10.013 0.3000000119
32669  -1.390  -57.535  -11.093 1.0000000000
32671  -7.153  -57.813  -10.133 0.5000000000
32674  0.187  -57.581  -10.976 0.6999999881
32675  -1.397  -57.802  -11.705 0.8999999762
32676  -1.648  -58.436  -11.653 1.0000000000
32677  -7.061  -57.746  -10.656 0.5000000000
32678  -7.330  -57.953  -11.217 0.5000000000
32683  0.317  -57.731  -12.187 0.8000000119
32684  -1.409  -58.052  -12.676 1.0000000000
32686  -7.540  -57.751  -11.786 0.5000000000
32687  -8.004  -57.904  -12.198 0.6999999881
32688  -8.564  -58.142  -12.518 1.0000000000
32691  0.168  -57.362  -12.238 0.8000000119
32694  -1.756  -58.394  -13.743 0.8999999762
32696  -8.920  -58.244  -13.093 1.0000000000
32713  -0.400  -57.944  -13.917 0.6000000238
32714  -1.144  -57.982  -14.237 0.8999999762
32715  -1.538  -58.288  -14.040 0.8999999762
32716  -8.675  -57.804  -13.870 0.8999999762
32717  -9.219  -58.355  -13.772 1.0000000000
32740  -9.165  -58.111  -14.597 0.8999999762
32748  0.346  -58.486  -16.225 0.6000000238
32749  0.070  -58.159  -15.724 0.6000000238
32750  -0.418  -57.751  -15.633 0.6000000238
32759  0.260  -58.421  -16.651 0.6000000238
32761  -0.175  -57.834  -16.088 0.6000000238
32763  -8.991  -58.166  -16.121 1.0000000000
32772  -8.148  -58.021  -17.139 0.8999999762
32773  -16.821  -58.200  -17.671 0.1000000015
32788  -5.013  -58.277  -18.657 0.6000000238
32789  -5.607  -58.137  -18.511 0.6999999881
32790  -6.348  -58.075  -18.173 0.6999999881
32791  -7.005  -58.002  -17.930 0.6999999881
32792  -12.250  -58.213  -18.193 0.2000000030
32794  -13.891  -58.102  -18.121 0.2000000030
32797  -16.037  -58.211  -18.272 0.1000000015
32798  -16.630  -58.111  -18.225 0.1000000015
32817  -3.550  -58.500  -19.379 0.6000000238
32819  -4.596  -58.018  -18.888 0.6000000238
32821  -11.072  -58.335  -18.795 0.2000000030
32823  -12.522  -57.700  -18.870 0.2000000030
32824  -13.477  -57.738  -18.736 0.2000000030
32826  -15.029  -57.875  -18.686 0.2000000030
32827  -15.712  -57.931  -18.751 0.1000000015
32828  -16.325  -57.959  -18.711 0.1000000015
32844  -3.042  -58.100  -19.998 0.6000000238
32846  -3.797  -57.563  -19.562 0.5000000000
32847  -7.172  -58.013  -20.016 0.2000000030
32848  -7.566  -58.265  -19.921 0.2000000030
32850  -9.381  -58.117  -19.876 0.2000000030
32851  -10.156  -58.149  -19.766 0.2000000030
32854  -12.499  -57.286  -19.581 0.2000000030
32855  -16.056  -57.768  -19.043 0.2000000030
32856  -16.510  -57.695  -19.142 0.2000000030
32857  -17.017  -57.596  -19.249 0.2000000030
32869  -2.974  -58.212  -20.162 0.6000000238
32870  -3.146  -57.778  -20.375 0.4000000060
32872  -6.791  -58.090  -20.279 0.2000000030
32875  -10.393  -57.748  -20.268 0.2000000030
32877  -11.616  -57.293  -20.376 0.2000000030
32887  -3.183  -57.850  -21.032 0.4000000060
32898  -3.053  -58.411  -21.281 0.6000000238
32899  -3.522  -58.143  -21.692 0.4000000060
32901  -5.772  -58.069  -22.203 0.3000000119
32908  -3.851  -58.344  -22.229 0.4000000060
32909  -4.361  -58.097  -22.588 0.4000000060
32910  -5.013  -57.930  -22.933 0.4000000060
32911  -5.698  -58.114  -23.002 0.3000000119
32919  -5.112  -58.316  -23.454 0.4000000060
32920  -5.541  -58.362  -23.604 0.3000000119
33469  -7.902  -57.750  11.543 0.5000000000
33482  -7.546  -57.612  11.033 0.5000000000
33483  -7.992  -57.285  11.199 0.5000000000
33484  -8.748  -57.307  11.053 0.4000000060
33485  -9.217  -57.143  10.842 0.4000000060
33500  -7.582  -57.450  10.482 0.5000000000
33501  -8.122  -57.017  10.525 0.5000000000
33503  -9.569  -57.294  10.602 0.4000000060
33521  -7.426  -57.660  10.040 0.5000000000
33522  -7.719  -57.377  9.688 0.5000000000
33523  -8.007  -57.182  9.346 0.6000000238
33524  -9.911  -57.451  10.117 0.3000000119
33525  -10.383  -57.103  9.824 0.4000000060
33526  -10.769  -57.010  9.522 0.3000000119
33548  -8.023  -57.148  8.933 0.6000000238
33550  -10.515  -57.476  9.416 0.3000000119
33552  -11.653  -56.919  8.740 0.3000000119
33560  -7.566  -57.492  8.585 0.6999999881
33561  -8.047  -57.093  8.387 0.6000000238
33562  -11.550  -57.441  8.598 0.3000000119
33564  -12.511  -56.784  7.880 0.3000000119
33572  -1.195  -57.496  7.387 0.8000000119
33573  -1.427  -57.438  7.436 0.8000000119
33574  -1.862  -57.460  7.407 1.0000000000
33575  -2.365  -57.588  7.297 1.0000000000
33576  -7.290  -57.637  8.014 0.6999999881
33577  -7.766  -57.160  7.759 0.6000000238
33579  -12.377  -57.397  7.635 0.3000000119
33588  -0.576  -57.169  6.781 0.4000000060
33591  -2.135  -57.034  7.048 1.0000000000
33594  -4.615  -57.264  6.492 0.8000000119
33595  -5.035  -57.337  6.479 0.8000000119
33597  -7.127  -57.400  7.165 0.8000000119
33598  -7.670  -57.032  7.032 0.6000000238
33599  -12.750  -57.689  7.066 0.3000000119
33610  -0.316  -57.403  6.505 0.4000000060
33611  -1.305  -57.687  5.736 0.2000000030
33612  -1.472  -57.587  5.605 0.1000000015
33613  -3.995  -56.525  6.271 1.0000000000
33614  -4.445  -56.710  6.245 0.8000000119
33617  -7.017  -57.104  6.276 0.8000000119
33619  -14.445  -57.126  5.814 0.3000000119
33635  -1.435  -57.444  5.399 0.1000000015
33636  -2.075  -57.411  4.883 0.2000000030
33637  -2.638  -57.793  4.956 0.2000000030
33638  -6.528  -56.886  5.662 0.8000000119
33639  -6.698  -56.981  5.887 0.8000000119
33677  -4.071  -56.800  3.697 0.1000000015
33699  -6.099  -56.511  3.068 0.1000000015
33700  -6.587  -56.554  3.142 0.1000000015
33739  0.359  -57.229  0.587 0.8000000119
33740  0.167  -57.128  1.125 0.8000000119
33743  -1.946  -57.314  1.439 0.5000000000
33775  -0.424  -57.015  -0.679 0.8999999762
33778  -2.053  -57.126  -0.888 0.8999999762
33780  -4.381  -57.435  -0.268 0.3000000119
33781  -4.960  -57.730  -0.533 0.2000000030
33782  -17.543  -56.940  -0.526 0.1000000015
33792  -2.461  -57.038  -1.130 0.8999999762
33793  -2.940  -57.319  -1.397 1.0000000000
33796  -6.041  -57.508  -1.244 0.2000000030
33806  -3.929  -57.357  -2.239 0.8999999762
33807  -6.499  -57.268  -1.633 0.1000000015
33808  -7.071  -57.371  -1.780 0.1000000015
33812  -9.522  -57.510  -2.442 0.1000000015
33817  -3.698  -56.888  -2.405 0.8000000119
33819  -4.843  -57.360  -3.148 0.8999999762
33827  -4.693  -56.881  -3.616 0.8000000119
33839  -4.777  -56.692  -4.061 0.8000000119
33840  -5.192  -57.049  -4.306 0.8000000119
33842  -6.128  -57.842  -4.660 0.6999999881
33855  -5.621  -57.017  -4.949 0.6999999881
33857  -7.017  -57.489  -5.351 0.6999999881
33891  -9.700  -57.337  -7.203 0.6999999881
33892  -10.053  -56.880  -7.420 0.5000000000
33913  -10.183  -57.194  -7.998 0.5000000000
33931  -10.062  -57.433  -8.677 0.5000000000
33932  -10.512  -57.154  -8.740 0.5000000000
33935  -0.097  -57.303  -9.422 0.8000000119
33937  -0.794  -57.378  -9.331 0.8000000119
33939  -7.773  -57.796  -9.443 0.5000000000
33941  -9.022  -57.561  -9.416 0.5000000000
33942  -9.883  -57.417  -9.282 0.5000000000
33946  -0.144  -57.232  -9.867 0.8000000119
33947  -0.558  -57.112  -9.898 0.8000000119
33948  -1.061  -57.147  -9.949 0.8999999762
33949  -1.637  -57.433  -9.832 0.8999999762
33950  -7.196  -57.595  -9.974 0.3000000119
33952  -8.499  -57.248  -9.929 0.5000000000
33954  -10.035  -57.101  -10.060 0.5000000000
33955  -10.719  -56.846  -10.207 0.4000000060
33957  -0.026  -57.130  -10.616 0.6999999881
33959  -1.658  -57.655  -10.300 1.0000000000
33960  -7.096  -57.330  -10.399 0.5000000000
33961  -7.470  -56.977  -10.458 0.3000000119
33962  -8.850  -56.991  -10.313 0.5000000000
33963  -9.399  -56.865  -10.536 0.5000000000
33967  -0.032  -57.066  -11.347 0.8000000119
33968  -0.270  -56.924  -11.653 0.8999999762
33969  -1.160  -57.168  -11.277 1.0000000000
33971  -7.214  -57.490  -11.674 0.5000000000
33974  -0.029  -57.098  -11.924 0.8000000119
33979  -7.782  -57.481  -12.727 0.6999999881
33983  -0.073  -57.139  -12.392 0.8999999762
33984  -0.442  -57.127  -12.689 0.8999999762
33985  -0.944  -57.505  -13.013 0.8000000119
33986  -7.040  -56.926  -12.514 0.6999999881
33987  -7.409  -57.058  -12.943 0.6999999881
33988  -7.846  -57.306  -13.172 1.0000000000
34008  -0.885  -57.669  -13.649 0.8000000119
34009  -7.640  -56.985  -13.478 0.6999999881
34029  -7.815  -56.932  -13.981 0.8999999762
34030  -8.313  -57.234  -14.446 0.8999999762
34031  -8.773  -57.571  -14.811 0.8000000119
34043  -8.963  -57.743  -15.349 0.8000000119
34052  -9.000  -57.924  -15.784 1.0000000000
34060  -7.961  -57.353  -17.281 0.8999999762
34061  -8.400  -57.623  -16.821 1.0000000000
34086  -6.792  -57.215  -18.252 0.6999999881
34107  -4.246  -57.329  -19.251 0.6000000238
34108  -4.883  -57.231  -18.953 0.6999999881
34109  -5.621  -57.277  -18.807 0.6999999881
34110  -6.214  -57.027  -18.629 0.6999999881
34112  -13.969  -57.443  -19.259 0.2000000030
34113  -14.727  -57.524  -19.177 0.2000000030
34114  -15.406  -57.606  -19.113 0.2000000030
34116  -17.544  -57.558  -19.093 0.1000000015
34127  -3.512  -57.185  -19.958 0.5000000000
34130  -7.868  -57.398  -19.863 0.2000000030
34132  -9.356  -57.246  -20.139 0.2000000030
34135  -13.706  -57.058  -19.845 0.2000000030
34137  -15.225  -57.254  -19.601 0.2000000030
34138  -15.973  -57.456  -19.450 0.2000000030
34139  -16.694  -57.417  -19.595 0.2000000030
34141  -17.969  -57.209  -19.503 0.2000000030
34151  -6.430  -57.456  -20.709 0.2000000030
34152  -6.845  -57.145  -20.415 0.2000000030
34153  -7.327  -57.059  -20.105 0.2000000030
34155  -10.499  -57.184  -20.855 0.2000000030
34157  -11.893  -57.023  -20.872 0.2000000030
34158  -12.660  -56.778  -20.773 0.2000000030
34161  -15.013  -56.887  -20.182 0.2000000030
34163  -16.372  -57.169  -19.949 0.2000000030
34165  -17.672  -57.002  -20.063 0.2000000030
34170  -3.627  -57.491  -21.272 0.4000000060
34171  -4.078  -57.219  -21.423 0.4000000060
34172  -6.144  -57.338  -21.265 0.3000000119
34174  -10.409  -56.672  -21.114 0.2000000030
34175  -10.812  -56.757  -21.310 0.2000000030
34176  -11.470  -56.811  -21.472 0.2000000030
34182  -3.955  -57.655  -21.636 0.4000000060
34183  -4.455  -57.394  -21.934 0.4000000060
34184  -5.080  -57.221  -22.165 0.3000000119
34188  -4.840  -57.562  -22.501 0.3000000119
34190  -5.708  -57.731  -22.484 0.3000000119
34792  -9.204  -56.771  10.801 0.5000000000
34793  -9.468  -56.925  10.711 0.4000000060
34808  -8.517  -56.720  10.067 0.5000000000
34810  -9.816  -56.567  10.384 0.4000000060
34811  -10.520  -56.484  9.915 0.4000000060
34812  -10.863  -56.230  9.740 0.4000000060
34825  -8.050  -57.150  9.608 0.6000000238
34826  -8.359  -56.936  9.377 0.6000000238
34828  -10.709  -56.776  9.728 0.4000000060
34853  -8.756  -56.664  8.751 0.6000000238
34854  -11.271  -56.643  9.244 0.4000000060
34855  -11.588  -56.368  9.066 0.4000000060
34856  -12.080  -56.075  8.713 0.4000000060
34877  -8.434  -56.839  8.245 0.6000000238
34880  -12.385  -56.255  8.283 0.3000000119
34888  -8.324  -56.736  7.539 0.6000000238
34898  -0.441  -56.779  6.669 0.4000000060
34899  -0.622  -56.509  6.696 0.4000000060
34901  -1.751  -56.366  6.772 1.0000000000
34903  -3.057  -56.681  6.468 1.0000000000
34904  -8.026  -56.771  6.977 0.6000000238
34905  -8.453  -56.374  6.694 0.6000000238
34906  -8.884  -56.135  6.850 0.6000000238
34907  -13.216  -56.192  7.173 0.2000000030
34919  -0.323  -56.307  6.437 0.4000000060
34920  -2.135  -56.063  6.398 1.0000000000
34922  -3.543  -56.226  6.209 1.0000000000
34924  -4.895  -56.283  5.850 0.8999999762
34926  -7.284  -56.879  6.045 0.8000000119
34927  -7.685  -56.738  6.308 0.8000000119
34928  -8.229  -56.278  6.017 0.6999999881
34929  -14.154  -56.359  6.076 0.2000000030
34931  -15.285  -56.199  5.500 0.2000000030
34942  -0.102  -56.999  6.095 0.3000000119
34943  -0.252  -56.978  5.520 0.3000000119
34947  -6.168  -56.483  5.284 0.8000000119
34949  -7.884  -56.255  5.516 0.8000000119
34963  -0.455  -56.487  5.016 0.3000000119
34964  -0.937  -56.437  4.620 0.3000000119
34966  -2.684  -56.782  4.066 0.3000000119
34969  -7.480  -56.152  5.027 0.8000000119
34970  -7.798  -56.009  5.125 0.8000000119
34984  -1.996  -55.887  3.727 0.3000000119
34987  -4.273  -56.389  3.152 0.2000000030
34988  -4.906  -56.656  3.265 0.2000000030
35009  -5.135  -56.288  2.815 0.1000000015
35010  -5.893  -56.174  2.706 0.1000000015
35054  -1.596  -56.013  1.563 0.5000000000
35068  -2.064  -55.921  1.140 0.5000000000
35069  -2.535  -56.181  0.835 0.5000000000
35070  -2.984  -56.609  0.655 0.4000000060
35071  -17.053  -56.315  0.117 0.1000000015
35086  -0.754  -56.615  -0.534 0.8999999762
35088  -1.761  -56.392  -0.837 0.8999999762
35090  -3.428  -56.524  0.081 0.2000000030
35091  -3.924  -56.861  -0.252 0.3000000119
35098  -2.174  -56.361  -1.207 0.8999999762
35099  -2.588  -56.545  -1.505 1.0000000000
35103  -5.488  -57.021  -1.303 0.1000000015
35104  -18.073  -56.222  -1.098 0.1000000015
35111  -3.329  -56.599  -2.321 0.8000000119
35113  -5.129  -56.482  -1.544 0.1000000015
35115  -6.693  -56.808  -1.959 0.1000000015
35121  -19.087  -56.687  -2.354 0.1000000015
35125  -3.122  -56.221  -2.523 0.8000000119
35127  -3.957  -56.482  -3.044 0.8000000119
35129  -8.195  -56.536  -2.547 0.1000000015
35132  -10.373  -56.775  -2.970 0.1000000015
35140  -4.148  -56.382  -3.417 0.8000000119
35141  -10.111  -56.330  -3.262 0.1000000015
35143  -11.409  -56.417  -3.829 0.1000000015
35154  -4.750  -56.516  -4.335 0.8000000119
35173  -4.871  -56.360  -4.821 0.8000000119
35177  -7.307  -56.933  -5.487 0.6999999881
35195  -5.717  -56.201  -5.645 0.6999999881
35197  -7.120  -56.303  -5.714 0.6999999881
35199  -8.710  -56.670  -6.065 0.6999999881
35213  -9.872  -56.484  -7.068 0.6999999881
35222  -10.637  -56.400  -8.010 0.5000000000
35233  -11.403  -55.867  -8.838 0.5000000000
35240  -11.557  -56.022  -9.232 0.5000000000
35244  -0.752  -56.909  -10.419 0.8999999762
35245  -1.013  -56.989  -10.417 1.0000000000
35246  -8.040  -56.945  -10.332 0.3000000119
35247  -8.487  -56.955  -10.340 0.3000000119
35248  -11.275  -56.528  -10.431 0.5000000000
35250  -12.226  -55.675  -10.087 0.5000000000
35252  -0.304  -56.838  -11.056 0.8999999762
35253  -0.607  -56.706  -10.944 0.8999999762
35254  -0.940  -56.890  -10.821 1.0000000000
35255  -7.018  -56.568  -10.969 0.4000000060
35256  -7.706  -56.511  -10.780 0.3000000119
35259  -10.339  -56.321  -11.187 0.4000000060
35260  -11.074  -56.411  -11.125 0.4000000060
35262  -12.269  -55.847  -10.520 0.5000000000
35265  -0.286  -56.856  -11.401 0.8999999762
35266  -0.492  -56.773  -11.526 0.8999999762
35267  -0.824  -56.779  -11.411 1.0000000000
35268  -6.277  -56.064  -12.097 0.6000000238
35269  -6.739  -56.561  -11.662 0.6000000238
35270  -9.580  -55.926  -11.477 0.3000000119
35271  -9.905  -55.985  -11.593 0.3000000119
35273  -11.616  -56.378  -11.622 0.4000000060
35275  -13.021  -55.795  -11.543 0.5000000000
35279  -0.591  -56.842  -11.871 0.8999999762
35280  -0.710  -56.796  -11.723 0.8999999762
35282  -6.661  -56.550  -12.339 0.6000000238
35283  -10.761  -56.216  -12.621 0.4000000060
35286  -13.140  -56.058  -12.130 0.4000000060
35295  -6.384  -56.090  -13.465 0.4000000060
35296  -6.877  -56.535  -13.114 0.6999999881
35298  -10.504  -56.150  -13.325 0.3000000119
35299  -10.675  -56.204  -13.081 0.4000000060
35302  -12.666  -56.465  -12.938 0.4000000060
35318  -6.456  -56.043  -13.747 0.6000000238
35319  -6.706  -56.210  -13.798 0.6000000238
35320  -7.308  -56.589  -13.784 0.6000000238
35321  -10.424  -56.128  -13.619 0.3000000119
35322  -10.813  -56.268  -13.566 0.3000000119
35323  -11.440  -56.455  -13.616 0.3000000119
35324  -12.187  -56.579  -13.650 0.4000000060
35325  -13.014  -56.488  -13.737 0.3000000119
35326  -13.891  -56.206  -13.876 0.3000000119
35338  -7.027  -56.265  -14.305 0.6000000238
35340  -8.123  -56.831  -15.031 0.8999999762
35342  -11.001  -56.338  -14.225 0.3000000119
35344  -12.454  -56.481  -14.386 0.3000000119
35346  -14.017  -56.116  -14.790 0.3000000119
35347  -14.617  -55.829  -14.697 0.3000000119
35360  -7.178  -56.191  -14.938 0.6000000238
35362  -8.229  -56.798  -15.667 0.8000000119
35363  -11.312  -56.361  -14.708 0.3000000119
35366  -13.391  -56.186  -15.311 0.3000000119
35376  -7.278  -56.109  -15.574 0.6000000238
35377  -7.740  -56.332  -16.067 0.6000000238
35378  -8.232  -56.804  -16.286 0.8000000119
35388  -8.287  -57.129  -16.689 0.8999999762
35409  -6.880  -56.370  -18.114 0.6000000238
35410  -7.472  -56.650  -17.691 0.6999999881
35420  -4.093  -56.155  -19.212 0.5000000000
35423  -5.920  -56.558  -18.722 0.6000000238
35424  -6.453  -56.476  -18.507 0.6000000238
35433  -3.840  -56.409  -19.537 0.4000000060
35434  -4.091  -56.806  -19.337 0.5000000000
35435  -7.629  -56.569  -20.125 0.2000000030
35436  -8.216  -56.693  -19.900 0.2000000030
35437  -8.877  -56.588  -19.936 0.2000000030
35438  -18.901  -56.652  -19.932 0.1000000015
35444  -3.741  -56.398  -20.495 0.4000000060
35446  -6.801  -56.382  -20.809 0.2000000030
35447  -7.190  -56.606  -20.378 0.2000000030
35448  -9.519  -56.452  -20.237 0.2000000030
35449  -10.087  -56.418  -20.770 0.2000000030
35450  -12.733  -56.510  -21.390 0.2000000030
35451  -13.295  -56.514  -21.152 0.2000000030
35452  -14.019  -56.496  -20.946 0.2000000030
35455  -16.460  -56.748  -20.505 0.2000000030
35456  -17.323  -56.682  -20.544 0.2000000030
35457  -18.052  -56.629  -20.542 0.1000000015
35459  -19.199  -56.402  -20.366 0.1000000015
35463  -3.823  -56.948  -21.069 0.4000000060
35464  -4.506  -56.563  -21.308 0.4000000060
35466  -6.067  -56.549  -21.528 0.4000000060
35467  -6.446  -56.442  -21.148 0.2000000030
35469  -11.006  -56.144  -21.856 0.3000000119
35471  -12.475  -56.382  -21.917 0.2000000030
35473  -13.802  -56.297  -21.609 0.2000000030
35474  -14.544  -56.239  -21.441 0.2000000030
35475  -15.341  -56.264  -21.316 0.2000000030
35478  -17.763  -56.393  -21.071 0.2000000030
35479  -18.514  -56.328  -21.145 0.2000000030
35480  -18.936  -56.361  -20.809 0.1000000015
35486  -5.182  -56.789  -21.882 0.4000000060
35487  -5.631  -56.630  -21.948 0.3000000119
35488  -11.179  -55.676  -22.159 0.3000000119
35489  -11.564  -55.871  -22.487 0.2000000030
35490  -12.203  -56.205  -22.468 0.2000000030
35492  -13.555  -56.097  -22.254 0.2000000030
35494  -15.053  -55.942  -21.993 0.2000000030
35497  -17.568  -56.164  -21.648 0.2000000030
35498  -18.078  -56.231  -21.473 0.2000000030
35503  -11.806  -55.623  -22.894 0.3000000119
35504  -12.114  -55.896  -22.914 0.3000000119
35505  -12.491  -56.026  -22.768 0.2000000030
36136  -9.849  -56.037  9.953 0.5000000000
36138  -10.832  -55.986  9.782 0.5000000000
36139  -11.044  -56.084  9.662 0.4000000060
36156  -10.292  -55.621  9.412 0.5000000000
36158  -11.228  -55.817  9.483 0.3000000119
36159  -11.667  -55.805  9.228 0.3000000119
36171  -9.985  -55.579  8.719 0.5000000000
36172  -12.047  -55.723  8.978 0.4000000060
36195  -9.295  -55.989  7.679 0.6000000238
36197  -12.875  -55.547  8.104 0.4000000060
36214  -9.194  -55.905  6.998 0.6000000238
36216  -13.182  -55.553  7.506 0.2000000030
36217  -13.357  -55.208  7.362 0.2000000030
36227  -0.528  -55.924  6.336 0.4000000060
36228  -0.950  -55.809  6.554 0.4000000060
36229  -1.322  -56.062  6.614 0.8000000119
36231  -8.954  -55.899  6.434 0.6999999881
36232  -9.434  -55.502  6.540 0.6000000238
36233  -13.268  -55.746  7.223 0.2000000030
36243  0.010  -56.611  6.150 0.3000000119
36244  -0.173  -56.212  6.086 0.4000000060
36245  -1.041  -55.464  6.364 0.4000000060
36247  -2.341  -55.515  6.104 0.8000000119
36248  -3.114  -55.552  5.942 0.8000000119
36250  -4.461  -55.761  5.755 1.0000000000
36251  -8.453  -56.017  5.793 0.8000000119
36252  -8.809  -55.731  5.793 0.6000000238
36254  -13.953  -55.636  6.410 0.2000000030
36266  -0.199  -56.128  5.398 0.4000000060
36267  -4.305  -55.281  5.485 1.0000000000
36269  -5.625  -55.716  4.974 0.8000000119
36270  -8.009  -55.940  5.198 0.8000000119
36271  -8.356  -55.830  5.349 0.8000000119
36272  -8.856  -55.456  5.242 0.6999999881
36276  -16.964  -55.561  5.461 0.1000000015
36285  -0.486  -55.881  4.636 0.3000000119
36286  -0.951  -55.972  4.120 0.3000000119
36287  -1.306  -55.851  3.921 0.3000000119
36289  -7.148  -55.707  4.517 0.8999999762
36291  -8.611  -55.383  4.829 0.8000000119
36306  -1.011  -55.475  3.847 0.3000000119
36307  -1.580  -55.530  3.729 0.3000000119
36333  -2.597  -55.255  2.964 0.3000000119
36334  -3.131  -55.386  2.768 0.3000000119
36337  -5.499  -55.793  2.272 0.3000000119
36363  -4.279  -55.252  1.914 0.3000000119
36364  -5.034  -55.360  1.748 0.3000000119
36365  -5.857  -55.279  1.871 0.3000000119
36366  -6.648  -55.279  2.083 0.2000000030
36367  -7.357  -55.357  2.220 0.1000000015
36368  -7.665  -55.376  2.289 0.1000000015
36381  -0.418  -55.319  1.316 0.6999999881
36382  -1.214  -55.329  1.293 0.5000000000
36390  -0.129  -55.758  0.072 0.8999999762
36393  -2.697  -55.556  0.328 0.5000000000
36415  -1.875  -56.018  -1.054 0.8999999762
36416  -3.146  -55.670  -0.233 0.2000000030
36417  -3.542  -56.062  -0.388 0.2000000030
36419  -18.377  -55.202  -1.272 0.2000000030
36424  -1.624  -55.390  -1.277 0.8999999762
36425  -1.981  -55.662  -1.442 0.8999999762
36428  -4.265  -56.127  -1.205 0.2000000030
36435  -2.853  -55.991  -2.459 0.8000000119
36436  -3.864  -55.448  -1.550 0.1000000015
36437  -4.421  -55.755  -1.758 0.1000000015
36439  -6.269  -56.183  -2.135 0.1000000015
36441  -7.417  -56.438  -2.337 0.1000000015
36444  -19.931  -55.359  -2.808 0.1000000015
36448  -2.519  -55.327  -2.790 0.8000000119
36450  -3.536  -56.006  -3.108 0.8000000119
36451  -4.495  -55.344  -2.209 0.1000000015
36453  -5.800  -55.599  -2.539 0.1000000015
36458  -9.668  -56.217  -3.164 0.1000000015
36459  -19.526  -56.117  -2.807 0.1000000015
36465  -3.675  -55.826  -3.566 0.8000000119
36466  -4.103  -56.054  -3.781 0.8000000119
36467  -8.467  -55.496  -3.258 0.1000000015
36470  -10.464  -55.972  -3.683 0.1000000015
36479  -3.181  -55.205  -4.121 0.8000000119
36480  -3.438  -55.374  -4.197 0.8000000119
36495  -4.286  -55.607  -4.993 0.8000000119
36496  -4.875  -55.918  -5.400 0.8000000119
36497  -5.298  -55.981  -5.675 0.8000000119
36502  -21.482  -56.206  -5.575 0.1000000015
36506  -4.955  -55.569  -5.911 0.6000000238
36508  -6.206  -55.479  -6.066 0.6999999881
36509  -6.821  -55.633  -6.031 0.6999999881
36511  -8.265  -56.065  -6.044 0.6999999881
36518  -8.824  -55.790  -6.366 0.6999999881
36519  -9.485  -55.833  -6.820 0.6999999881
36527  -9.938  -55.789  -7.236 0.6999999881
36528  -10.384  -55.716  -7.646 0.6000000238
36537  -11.249  -55.547  -8.526 0.5000000000
36545  -11.988  -55.237  -9.190 0.5000000000
36548  -11.875  -55.646  -9.381 0.5000000000
36549  -12.228  -55.400  -9.660 0.5000000000
36552  -6.982  -56.177  -11.219 0.4000000060
36555  -8.737  -55.936  -11.284 0.3000000119
36557  -12.852  -55.219  -10.540 0.5000000000
36561  -6.096  -55.566  -11.986 0.4000000060
36563  -7.442  -55.522  -11.511 0.3000000119
36564  -8.293  -55.357  -11.686 0.3000000119
36567  -10.352  -56.008  -12.471 0.3000000119
36568  -12.651  -55.589  -10.734 0.5000000000
36569  -13.071  -55.409  -11.087 0.4000000060
36570  -13.453  -55.184  -11.465 0.4000000060
36577  -5.506  -55.024  -12.738 0.4000000060
36578  -5.833  -55.453  -12.574 0.6000000238
36579  -8.809  -55.145  -12.207 0.3000000119
36580  -9.391  -55.390  -12.619 0.3000000119
36581  -10.034  -55.737  -12.802 0.3000000119
36582  -10.400  -56.048  -12.875 0.3000000119
36584  -13.810  -55.378  -12.062 0.4000000060
36593  -5.907  -55.672  -13.349 0.4000000060
36595  -10.219  -55.966  -13.280 0.3000000119
36596  -10.435  -56.104  -13.113 0.3000000119
36598  -14.796  -54.975  -13.032 0.4000000060
36607  -5.539  -55.337  -14.105 0.4000000060
36608  -6.289  -55.843  -13.997 0.6000000238
36610  -9.078  -55.509  -14.456 0.3000000119
36611  -9.661  -55.735  -14.175 0.3000000119
36612  -10.126  -55.971  -13.859 0.3000000119
36613  -14.442  -55.860  -13.792 0.4000000060
36614  -15.067  -55.408  -14.033 0.4000000060
36626  -5.543  -55.278  -14.647 0.6000000238
36628  -6.666  -55.915  -14.585 0.6000000238
36630  -9.601  -55.734  -14.890 0.3000000119
36632  -10.925  -56.275  -14.731 0.3000000119
36633  -14.417  -55.820  -15.314 0.3000000119
36635  -15.547  -55.219  -14.971 0.4000000060
36649  -6.733  -55.808  -15.314 0.6000000238
36650  -8.780  -55.400  -15.568 0.2000000030
36651  -9.392  -55.604  -15.578 0.3000000119
36653  -11.083  -56.165  -15.357 0.3000000119
36654  -12.062  -56.098  -15.661 0.3000000119
36655  -12.857  -55.989  -15.812 0.3000000119
36656  -13.534  -55.845  -15.912 0.3000000119
36657  -14.146  -55.706  -15.940 0.3000000119
36658  -14.734  -55.534  -15.839 0.3000000119
36659  -15.292  -55.254  -15.743 0.3000000119
36673  -7.541  -56.137  -16.558 0.6000000238
36674  -8.627  -55.222  -15.982 0.2000000030
36677  -10.642  -55.684  -16.178 0.3000000119
36679  -12.364  -55.723  -16.344 0.3000000119
36682  -14.445  -55.365  -16.555 0.3000000119
36693  -6.387  -55.155  -16.934 0.6000000238
36695  -7.387  -55.989  -17.064 0.6999999881
36696  -9.133  -55.175  -16.675 0.2000000030
36697  -9.501  -55.267  -16.728 0.2000000030
36698  -10.221  -55.386  -16.856 0.2000000030
36700  -11.913  -55.459  -16.937 0.2000000030
36702  -13.389  -55.377  -17.025 0.2000000030
36727  -5.538  -55.362  -18.386 0.6000000238
36729  -7.065  -55.940  -17.709 0.6999999881
36730  -10.551  -55.236  -17.274 0.2000000030
36741  -3.954  -55.991  -19.304 0.4000000060
36743  -5.000  -55.632  -18.724 0.4000000060
36744  -5.730  -55.947  -18.643 0.6000000238
36745  -6.145  -56.141  -18.561 0.6000000238
36752  -3.876  -55.816  -19.456 0.4000000060
36753  -3.975  -55.322  -19.568 0.4000000060
36755  -7.873  -56.171  -20.125 0.2000000030
36763  -4.143  -55.475  -20.354 0.4000000060
36765  -5.310  -55.268  -20.979 0.4000000060
36766  -6.860  -55.765  -20.998 0.3000000119
36767  -7.401  -55.918  -20.520 0.2000000030
36768  -8.076  -55.590  -20.232 0.3000000119
36769  -8.900  -55.697  -20.129 0.2000000030
36777  -4.487  -55.811  -20.898 0.4000000060
36778  -5.018  -55.805  -21.169 0.4000000060
36779  -5.771  -55.695  -21.355 0.3000000119
36780  -6.467  -55.963  -21.275 0.3000000119
36781  -10.215  -55.589  -20.902 0.3000000119
36782  -10.630  -55.494  -21.397 0.3000000119
36784  -19.307  -56.092  -21.236 0.2000000030
36791  -11.275  -55.273  -22.325 0.3000000119
36792  -12.983  -55.952  -22.816 0.2000000030
36793  -13.293  -55.900  -22.792 0.2000000030
36795  -14.731  -55.750  -22.713 0.2000000030
36796  -15.552  -55.709  -22.655 0.2000000030
36797  -16.427  -55.720  -22.558 0.2000000030
36800  -19.468  -55.445  -22.365 0.1000000015
36807  -12.031  -55.358  -23.278 0.3000000119
36808  -12.792  -55.777  -23.145 0.3000000119
36809  -13.600  -55.617  -23.307 0.2000000030
36810  -14.363  -55.554  -23.372 0.2000000030
36812  -16.047  -55.485  -23.379 0.2000000030
36814  -17.925  -55.554  -23.088 0.2000000030
36816  -19.343  -55.063  -23.240 0.1000000015
36828  -13.216  -55.276  -23.787 0.3000000119
36830  -14.737  -55.243  -24.027 0.1000000015
36833  -17.587  -55.269  -23.983 0.1000000015
36835  -19.036  -54.984  -23.737 0.1000000015
36836  -19.334  -54.903  -23.589 0.1000000015
36850  -17.260  -54.900  -24.409 0.1000000015
36851  -17.772  -54.934  -24.490 0.1000000015
36852  -18.260  -55.014  -24.248 0.1000000015
36853  -18.654  -55.009  -24.025 0.1000000015
37560  -11.233  -55.223  9.304 0.4000000060
37561  -11.683  -55.345  9.211 0.3000000119
37562  -11.946  -55.468  9.116 0.3000000119
37571  -11.176  -54.842  8.735 0.3000000119
37575  -13.384  -54.210  8.315 0.3000000119
37587  -10.311  -55.119  8.067 0.5000000000
37590  -13.489  -54.380  8.041 0.3000000119
37607  -10.128  -55.152  7.342 0.6000000238
37609  -13.306  -55.088  7.566 0.2000000030
37610  -13.599  -54.750  7.433 0.2000000030
37626  -0.855  -55.335  6.428 0.4000000060
37627  -9.889  -55.107  6.665 0.6000000238
37629  -14.018  -54.877  6.720 0.2000000030
37630  -14.291  -54.541  6.580 0.2000000030
37644  -0.538  -55.441  5.796 0.4000000060
37645  -1.057  -55.102  6.127 0.5000000000
37649  -3.912  -55.122  5.579 1.0000000000
37651  -9.657  -55.037  5.892 0.5000000000
37654  -14.478  -54.770  6.192 0.2000000030
37668  -2.863  -54.422  5.429 0.8000000119
37669  -3.199  -54.536  5.341 0.8000000119
37670  -3.937  -54.706  5.218 1.0000000000
37671  -4.646  -55.002  5.031 1.0000000000
37672  -5.212  -55.198  4.893 0.8999999762
37673  -9.120  -55.163  5.083 0.8000000119
37674  -9.413  -54.940  5.190 0.5000000000
37676  -15.175  -54.764  5.394 0.2000000030
37677  -15.910  -54.863  5.210 0.1000000015
37688  -0.644  -55.145  4.561 0.3000000119
37689  -0.827  -54.726  4.235 0.4000000060
37690  -4.447  -54.476  4.698 0.8000000119
37695  -8.327  -55.064  4.295 0.8999999762
37696  -9.078  -54.810  4.590 0.8000000119
37697  -9.503  -54.644  4.867 0.6999999881
37708  -0.752  -55.101  4.038 0.3000000119
37710  -1.715  -54.813  3.428 0.3000000119
37711  -2.225  -54.737  3.070 0.5000000000
37712  -7.263  -54.528  3.872 0.8999999762
37713  -7.941  -54.562  3.816 0.8999999762
37715  -9.026  -54.415  4.189 0.8999999762
37745  -2.717  -54.740  2.745 0.5000000000
37747  -3.745  -54.992  2.081 0.4000000060
37748  -8.225  -55.472  2.542 0.1000000015
37776  -3.880  -54.665  1.751 0.3000000119
37783  -9.207  -54.575  2.383 0.2000000030
37796  -1.707  -54.668  0.764 0.6000000238
37798  -5.924  -54.413  1.275 0.3000000119
37799  -6.178  -54.403  1.372 0.3000000119
37806  -0.316  -55.356  -0.295 0.8999999762
37807  -2.019  -54.330  0.401 0.5000000000
37808  -2.375  -54.778  0.222 0.5000000000
37831  -0.300  -54.484  -0.567 0.8999999762
37833  -1.050  -55.378  -0.884 0.8999999762
37834  -2.615  -54.582  -0.155 0.6000000238
37852  -3.642  -55.263  -1.434 0.2000000030
37853  -18.674  -54.767  -1.395 0.2000000030
37858  -0.697  -54.417  -2.394 0.8000000119
37860  -1.814  -55.102  -1.950 0.8000000119
37861  -3.309  -54.584  -1.686 0.3000000119
37862  -3.768  -54.928  -1.922 0.3000000119
37864  -19.654  -54.933  -2.177 0.2000000030
37869  -1.528  -54.393  -2.778 0.8000000119
37871  -2.571  -55.210  -3.030 0.8000000119
37880  -20.886  -54.755  -3.483 0.1000000015
37885  -2.688  -55.061  -3.484 0.8000000119
37893  -20.398  -55.498  -3.617 0.1000000015
37900  -2.555  -54.345  -4.408 0.8000000119
37902  -3.397  -55.134  -4.612 0.8000000119
37912  -3.515  -54.863  -5.181 0.6999999881
37913  -4.140  -55.106  -5.574 0.6000000238
37924  -4.439  -55.039  -6.123 0.6000000238
37926  -5.790  -55.025  -6.324 0.6000000238
37928  -7.170  -55.164  -6.368 0.6000000238
37936  -4.041  -54.564  -6.498 0.6000000238
37938  -5.316  -54.535  -6.725 0.6000000238
37941  -7.534  -54.729  -6.675 0.6000000238
37942  -8.290  -55.018  -6.634 0.6000000238
37943  -9.036  -55.153  -6.919 0.6000000238
37951  -9.347  -54.897  -7.231 0.6000000238
37953  -10.473  -55.010  -7.838 0.6000000238
37961  -10.917  -54.960  -8.220 0.6000000238
37972  -11.760  -54.803  -8.938 0.5000000000
37976  -12.479  -54.765  -9.777 0.5000000000
37977  -12.752  -54.501  -10.067 0.4000000060
37981  -12.757  -54.917  -10.218 0.4000000060
37983  -13.443  -54.446  -10.892 0.4000000060
37989  -5.879  -55.247  -12.171 0.4000000060
37990  -6.234  -55.160  -11.974 0.4000000060
37991  -6.883  -55.030  -11.834 0.3000000119
37993  -13.356  -54.880  -11.082 0.4000000060
37994  -13.733  -54.656  -11.396 0.4000000060
38000  -5.380  -54.721  -12.922 0.4000000060
38001  -5.729  -54.825  -12.449 0.4000000060
38003  -7.140  -54.543  -12.459 0.4000000060
38004  -8.110  -54.782  -12.447 0.3000000119
38007  -14.639  -54.491  -12.427 0.4000000060
38011  -5.215  -54.615  -13.299 0.4000000060
38014  -9.019  -55.199  -13.315 0.3000000119
38016  -15.416  -54.210  -13.236 0.4000000060
38023  -4.715  -54.042  -14.379 0.4000000060
38025  -7.208  -54.578  -14.835 0.2000000030
38027  -8.645  -55.140  -13.975 0.3000000119
38030  -15.840  -54.367  -13.937 0.4000000060
38031  -16.311  -53.984  -14.247 0.4000000060
38043  -5.237  -54.919  -14.774 0.4000000060
38044  -5.572  -55.218  -14.893 0.4000000060
38045  -7.275  -54.579  -15.555 0.2000000030
38047  -8.444  -55.247  -14.844 0.3000000119
38048  -16.026  -54.737  -14.854 0.3000000119
38064  -4.666  -54.139  -15.434 0.6000000238
38065  -5.070  -54.510  -15.644 0.6000000238
38066  -5.623  -55.098  -15.329 0.6000000238
38068  -7.792  -54.766  -15.933 0.2000000030
38069  -8.301  -55.090  -15.652 0.2000000030
38070  -15.848  -54.846  -15.671 0.3000000119
38085  -5.343  -54.459  -16.550 0.6000000238
38086  -5.771  -54.927  -16.125 0.6000000238
38087  -7.253  -54.293  -16.413 0.2000000030
38088  -7.658  -54.462  -16.659 0.2000000030
38089  -8.440  -54.941  -16.431 0.2000000030
38090  -8.900  -55.116  -16.616 0.2000000030
38091  -14.912  -55.018  -16.811 0.3000000119
38092  -15.468  -54.847  -16.503 0.3000000119
38104  -5.344  -54.531  -17.390 0.6000000238
38105  -5.997  -54.877  -17.016 0.6000000238
38106  -6.369  -55.138  -17.164 0.6000000238
38107  -7.792  -54.284  -17.114 0.2000000030
38108  -8.227  -54.486  -17.237 0.2000000030
38111  -10.233  -55.141  -17.270 0.2000000030
38112  -11.531  -55.229  -17.535 0.2000000030
38114  -13.013  -55.079  -17.553 0.2000000030
38115  -13.715  -55.030  -17.541 0.2000000030
38116  -14.467  -54.976  -17.377 0.2000000030
38118  -15.871  -54.465  -17.270 0.3000000119
38140  -4.522  -54.754  -18.510 0.5000000000
38141  -5.043  -54.868  -18.248 0.6000000238
38143  -6.328  -55.130  -17.501 0.6000000238
38144  -8.395  -54.297  -17.634 0.2000000030
38146  -9.505  -54.667  -17.776 0.2000000030
38147  -10.330  -54.927  -17.722 0.2000000030
38148  -11.105  -54.932  -18.005 0.2000000030
38149  -11.868  -54.886  -18.097 0.2000000030
38150  -12.617  -54.841  -18.136 0.2000000030
38151  -13.337  -54.805  -18.152 0.2000000030
38154  -15.566  -54.540  -17.946 0.2000000030
38161  -4.287  -54.794  -18.994 0.5000000000
38162  -4.581  -55.138  -18.699 0.4000000060
38164  -10.563  -54.550  -18.414 0.2000000030
38166  -12.204  -54.540  -18.735 0.2000000030
38169  -14.349  -54.659  -18.917 0.2000000030
38171  -15.467  -54.509  -19.438 0.2000000030
38180  -4.910  -54.596  -19.997 0.4000000060
38181  -12.574  -54.356  -19.175 0.2000000030
38182  -13.109  -54.399  -19.349 0.2000000030
38184  -14.527  -54.587  -19.612 0.2000000030
38186  -15.607  -54.536  -19.882 0.2000000030
38194  -4.643  -54.919  -20.299 0.4000000060
38195  -5.221  -54.802  -20.463 0.3000000119
38196  -5.886  -54.965  -20.897 0.3000000119
38197  -6.788  -55.035  -20.968 0.3000000119
38200  -9.210  -54.851  -20.465 0.3000000119
38202  -14.138  -54.426  -20.040 0.2000000030
38203  -14.648  -54.529  -20.266 0.2000000030
38204  -15.245  -54.578  -20.296 0.2000000030
38205  -15.695  -54.552  -20.392 0.2000000030
38214  -6.320  -55.400  -21.216 0.3000000119
38216  -10.321  -54.886  -21.055 0.3000000119
38217  -10.708  -54.770  -21.504 0.3000000119
38219  -15.452  -54.535  -20.749 0.2000000030
38220  -15.762  -54.520  -20.719 0.2000000030
38230  -11.046  -54.714  -22.027 0.3000000119
38231  -11.399  -54.682  -22.509 0.3000000119
38232  -19.890  -55.119  -22.456 0.1000000015
38233  -20.243  -54.760  -22.289 0.1000000015
38245  -11.799  -54.665  -22.979 0.3000000119
38246  -12.310  -54.608  -23.379 0.3000000119
38247  -19.770  -54.913  -22.887 0.1000000015
38262  -12.934  -54.591  -23.650 0.3000000119
38263  -13.620  -54.636  -23.750 0.2000000030
38266  -15.882  -54.518  -23.908 0.2000000030
38268  -19.238  -54.779  -24.041 0.1000000015
38269  -19.606  -54.635  -23.743 0.1000000015
38270  -19.901  -54.364  -23.613 0.1000000015
38284  -17.028  -54.508  -24.218 0.1000000015
38285  -17.585  -54.514  -24.460 0.1000000015
38287  -18.895  -54.729  -24.311 0.1000000015
38288  -19.352  -54.626  -24.200 0.1000000015
39016  -11.680  -54.509  8.508 0.3000000119
39017  -12.109  -54.326  8.591 0.2000000030
39019  -13.289  -53.950  8.371 0.2000000030
39020  -13.707  -53.870  8.290 0.2000000030
39029  -11.453  -54.468  8.063 0.3000000119
39031  -12.411  -53.822  8.087 0.3000000119
39033  -14.428  -53.589  7.701 0.2000000030
39046  -11.191  -54.374  7.442 0.5000000000
39048  -12.199  -53.768  7.511 0.3000000119
39049  -14.102  -54.278  7.131 0.2000000030
39050  -14.403  -53.777  7.335 0.2000000030
39062  -10.913  -54.340  6.747 0.6000000238
39064  -12.021  -53.814  7.015 0.5000000000
39066  -14.474  -54.091  6.689 0.2000000030
39079  -0.774  -54.651  5.658 0.5000000000
39080  -1.415  -54.375  5.676 0.5000000000
39082  -2.632  -54.375  5.477 0.8000000119
39083  -10.054  -54.529  5.730 0.5000000000
39084  -10.523  -54.301  6.038 0.5000000000
39103  -0.663  -54.890  5.152 0.4000000060
39105  -1.809  -54.075  4.910 0.6999999881
39106  -2.727  -54.126  5.043 0.8000000119
39108  -3.920  -54.296  4.701 0.8000000119
39110  -10.286  -54.139  5.185 0.5000000000
39112  -14.993  -54.350  5.597 0.2000000030
39113  -15.349  -54.037  5.485 0.1000000015
39115  -16.921  -53.970  5.189 0.1000000015
39117  -18.133  -53.801  5.356 0.1000000015
39128  -0.767  -54.586  4.658 0.4000000060
39129  -1.204  -54.274  4.344 0.4000000060
39130  -1.791  -53.817  4.116 0.5000000000
39131  -3.127  -53.944  4.603 0.6000000238
39132  -3.578  -54.008  4.397 0.6000000238
39133  -4.182  -54.094  4.221 0.8000000119
39135  -5.481  -54.352  4.185 0.8999999762
39137  -9.232  -54.348  4.297 0.8000000119
39139  -10.295  -53.810  4.496 0.6000000238
39149  -1.557  -54.327  3.811 0.4000000060
39152  -4.557  -53.912  3.786 0.8000000119
39153  -5.183  -53.939  3.754 0.8999999762
39158  -9.110  -54.020  3.876 0.8000000119
39178  -2.916  -54.148  2.735 0.6000000238
39179  -3.241  -54.043  2.338 0.6000000238
39180  -10.062  -54.552  2.811 0.2000000030
39192  -3.631  -54.041  1.980 0.4000000060
39193  -4.042  -54.155  1.446 0.4000000060
39194  -4.626  -54.369  1.104 0.3000000119
39195  -5.035  -54.313  0.973 0.3000000119
39196  -6.701  -54.521  1.640 0.3000000119
39197  -7.175  -54.433  1.696 0.3000000119
39198  -8.008  -54.154  1.764 0.2000000030
39199  -8.861  -54.213  2.074 0.2000000030
39205  -14.982  -53.794  2.121 0.1000000015
39207  -0.453  -54.130  0.557 0.8999999762
39210  -4.397  -53.930  1.191 0.3000000119
39215  -7.636  -53.587  1.377 0.3000000119
39216  -15.447  -53.938  1.899 0.1000000015
39222  -2.184  -53.954  0.114 0.6000000238
39240  -0.265  -54.010  -0.376 0.8999999762
39243  -2.892  -54.158  -0.881 0.5000000000
39282  -3.331  -54.288  -1.942 0.3000000119
39283  -3.563  -54.209  -2.320 0.3000000119
39294  -1.174  -54.074  -2.997 0.8000000119
39305  -1.056  -53.087  -3.409 0.8000000119
39306  -1.441  -53.387  -3.675 0.8000000119
39307  -1.811  -54.100  -3.492 0.8000000119
39308  -3.832  -53.669  -3.261 0.3000000119
39331  -2.486  -53.545  -5.354 0.6999999881
39333  -3.451  -54.395  -5.776 0.6999999881
39339  -22.828  -54.623  -6.015 0.1000000015
39342  -3.188  -53.657  -6.175 0.6999999881
39348  -22.797  -54.680  -6.802 0.1000000015
39350  -4.106  -54.076  -6.938 0.6000000238
39351  -4.817  -53.932  -7.111 0.6999999881
39354  -7.202  -54.110  -7.030 0.6000000238
39356  -8.657  -54.577  -7.099 0.6000000238
39364  -5.209  -53.575  -7.272 0.6999999881
39366  -7.198  -53.714  -7.281 0.6000000238
39368  -8.387  -53.944  -7.335 0.6000000238
39370  -10.035  -54.303  -7.851 0.6000000238
39371  -10.551  -54.494  -8.065 0.6000000238
39380  -10.909  -54.215  -8.364 0.6000000238
39381  -11.475  -54.244  -8.718 0.6000000238
39391  -11.848  -54.247  -9.059 0.6000000238
39392  -12.205  -54.213  -9.398 0.6000000238
39395  -12.486  -54.113  -9.754 0.4000000060
39401  -13.255  -53.974  -10.548 0.4000000060
39407  -14.021  -53.996  -11.474 0.4000000060
39413  -5.248  -54.482  -13.084 0.4000000060
39415  -5.923  -54.299  -12.788 0.4000000060
39416  -6.503  -54.284  -12.771 0.4000000060
39418  -14.781  -53.861  -12.433 0.4000000060
39424  -5.173  -54.304  -13.420 0.4000000060
39425  -5.550  -54.110  -13.404 0.4000000060
39426  -6.211  -54.137  -13.371 0.4000000060
39427  -6.896  -54.333  -13.241 0.4000000060
39429  -15.587  -53.736  -13.271 0.4000000060
39433  -4.655  -53.802  -14.426 0.4000000060
39434  -5.038  -53.922  -14.132 0.4000000060
39436  -6.704  -54.247  -14.165 0.3000000119
39438  -15.896  -53.643  -13.617 0.4000000060
39450  -4.531  -53.813  -14.718 0.4000000060
39451  -5.325  -53.669  -14.561 0.4000000060
39454  -16.727  -53.651  -14.424 0.3000000119
39455  -17.137  -53.362  -14.814 0.3000000119
39472  -4.418  -53.733  -15.413 0.4000000060
39474  -6.263  -53.843  -16.024 0.3000000119
39475  -6.960  -54.269  -16.032 0.3000000119
39477  -17.410  -53.252  -15.303 0.3000000119
39491  -4.431  -53.745  -16.416 0.6000000238
39492  -4.871  -54.140  -16.266 0.6000000238
39494  -7.008  -53.949  -16.835 0.2000000030
39496  -16.857  -53.976  -16.249 0.3000000119
39508  -4.503  -53.764  -17.383 0.5000000000
39510  -7.271  -53.682  -17.358 0.3000000119
39511  -7.765  -53.949  -17.477 0.2000000030
39512  -8.184  -54.174  -17.582 0.2000000030
39515  -17.967  -53.282  -17.516 0.3000000119
39532  -4.855  -54.260  -17.658 0.5000000000
39533  -8.006  -53.768  -17.832 0.2000000030
39534  -8.377  -53.917  -17.934 0.3000000119
39535  -9.158  -54.166  -18.118 0.2000000030
39536  -9.603  -54.325  -18.204 0.2000000030
39537  -15.552  -54.464  -18.652 0.2000000030
39539  -17.100  -53.850  -18.054 0.3000000119
39549  -5.181  -53.753  -19.340 0.4000000060
39550  -8.493  -53.607  -18.262 0.3000000119
39552  -9.807  -53.908  -18.688 0.2000000030
39553  -10.864  -54.062  -18.949 0.2000000030
39556  -15.526  -54.465  -19.127 0.2000000030
39557  -16.004  -54.342  -19.295 0.2000000030
39566  -4.859  -54.376  -19.691 0.4000000060
39568  -6.298  -53.758  -20.019 0.3000000119
39569  -6.716  -53.563  -20.087 0.3000000119
39570  -9.906  -53.460  -19.098 0.2000000030
39572  -11.296  -53.577  -19.487 0.2000000030
39573  -12.365  -53.856  -19.765 0.2000000030
39574  -13.326  -54.141  -19.923 0.2000000030
39575  -13.790  -54.286  -19.970 0.2000000030
39576  -16.085  -54.452  -20.110 0.2000000030
39579  -18.238  -53.804  -20.305 0.2000000030
39586  -6.177  -54.412  -20.424 0.3000000119
39588  -7.859  -54.025  -20.546 0.3000000119
39590  -9.599  -54.106  -20.826 0.3000000119
39591  -10.018  -54.491  -20.917 0.3000000119
39592  -12.481  -53.493  -20.331 0.2000000030
39595  -14.230  -54.377  -20.426 0.2000000030
39596  -15.986  -54.488  -20.593 0.2000000030
39598  -17.140  -54.142  -20.635 0.2000000030
39600  -21.310  -53.753  -20.390 0.1000000015
39608  -10.197  -54.121  -21.200 0.3000000119
39610  -13.159  -53.507  -21.059 0.2000000030
39611  -13.600  -53.854  -21.059 0.2000000030
39612  -14.373  -54.271  -20.968 0.2000000030
39613  -15.146  -54.383  -21.222 0.2000000030
39614  -15.898  -54.378  -21.131 0.2000000030
39615  -16.678  -54.224  -21.302 0.2000000030
39616  -17.409  -54.100  -21.438 0.1000000015
39619  -21.167  -53.858  -21.135 0.1000000015
39628  -11.170  -54.085  -22.205 0.3000000119
39630  -13.386  -53.458  -21.588 0.2000000030
39632  -14.729  -54.137  -21.838 0.2000000030
39634  -16.219  -54.169  -21.958 0.1000000015
39636  -17.618  -54.052  -22.241 0.1000000015
39637  -18.258  -53.888  -22.510 0.1000000015
39638  -20.807  -54.199  -21.793 0.1000000015
39649  -12.109  -54.032  -22.967 0.3000000119
39651  -13.416  -53.553  -22.578 0.2000000030
39654  -15.814  -54.099  -22.667 0.2000000030
39656  -17.151  -54.090  -22.820 0.2000000030
39658  -18.342  -53.907  -23.292 0.1000000015
39659  -20.612  -53.832  -22.822 0.1000000015
39660  -21.003  -53.207  -22.600 0.1000000015
39667  -13.331  -54.096  -23.384 0.2000000030
39668  -13.966  -54.120  -23.299 0.2000000030
39669  -14.708  -54.162  -23.331 0.2000000030
39670  -15.450  -54.126  -23.380 0.2000000030
39671  -16.149  -54.140  -23.376 0.1000000015
39672  -16.764  -54.133  -23.387 0.1000000015
39673  -17.322  -54.098  -23.498 0.1000000015
39675  -18.401  -53.901  -23.943 0.1000000015
39677  -20.072  -54.038  -23.844 0.1000000015
39690  -16.987  -54.182  -23.877 0.1000000015
39691  -17.428  -54.150  -24.092 0.1000000015
39692  -17.997  -54.147  -24.275 0.1000000015
39693  -18.693  -54.131  -24.379 0.1000000015
39694  -19.503  -54.206  -24.392 0.1000000015
39695  -19.905  -53.741  -24.393 0.1000000015
40470  -13.195  -53.561  8.354 0.2000000030
40471  -13.652  -53.354  8.329 0.2000000030
40484  -12.908  -53.463  8.067 0.2000000030
40486  -14.436  -53.319  7.949 0.2000000030
40487  -14.617  -53.333  7.493 0.2000000030
40497  -12.683  -53.412  7.503 0.2000000030
40514  -12.464  -53.458  6.805 0.3000000119
40515  -13.032  -53.093  6.871 0.3000000119
40516  -14.833  -53.411  6.417 0.2000000030
40532  -11.813  -53.664  5.964 0.5000000000
40534  -12.898  -53.120  6.138 0.3000000119
40535  -14.976  -53.615  6.037 0.1000000015
40536  -15.217  -53.278  5.914 0.1000000015
40550  -2.844  -53.790  4.573 0.6000000238
40552  -11.390  -53.500  5.258 0.5000000000
40554  -12.697  -53.105  5.549 0.4000000060
40555  -15.793  -53.364  5.401 0.1000000015
40557  -17.072  -53.194  5.076 0.1000000015
40560  -19.101  -53.076  5.595 0.1000000015
40567  -2.373  -53.553  3.775 0.5000000000
40569  -3.762  -53.829  3.879 0.8000000119
40571  -9.980  -53.619  4.003 0.8000000119
40573  -11.186  -53.120  4.504 0.5000000000
40588  -2.390  -53.764  3.338 0.5000000000
40589  -2.841  -53.680  3.287 0.6000000238
40592  -4.821  -53.643  3.273 0.8999999762
40594  -6.229  -53.432  3.349 0.8000000119
40597  -8.703  -53.301  3.361 0.8999999762
40613  -3.708  -53.554  2.643 0.6000000238
40614  -4.405  -53.396  2.800 0.6000000238
40616  -5.817  -52.974  2.934 0.8000000119
40618  -7.002  -52.892  3.009 0.8000000119
40619  -8.310  -52.787  3.088 0.8999999762
40620  -8.739  -52.817  3.159 0.8999999762
40621  -11.078  -53.815  2.865 0.1000000015
40622  -11.551  -53.644  2.883 0.1000000015
40627  -3.865  -53.490  1.897 0.4000000060
40628  -4.149  -53.655  1.453 0.4000000060
40631  -9.804  -53.237  1.970 0.2000000030
40633  -11.605  -53.103  2.539 0.1000000015
40637  -14.649  -53.290  2.072 0.2000000030
40641  -0.415  -53.560  0.260 0.8999999762
40642  -0.676  -53.472  0.503 0.8999999762
40643  -1.086  -53.435  0.499 0.8000000119
40645  -4.495  -53.461  1.294 0.4000000060
40646  -5.077  -53.421  1.073 0.3000000119
40647  -5.863  -53.322  0.949 0.5000000000
40648  -6.606  -53.368  0.837 0.3000000119
40649  -7.311  -53.088  0.912 0.3000000119
40650  -8.176  -53.340  1.420 0.2000000030
40654  -14.864  -52.888  1.721 0.2000000030
40659  -0.289  -53.547  -0.073 0.8999999762
40660  -0.321  -53.295  -0.257 0.8999999762
40662  -1.974  -53.264  0.172 0.6000000238
40664  -6.750  -52.771  0.531 0.3000000119
40666  -15.946  -53.012  1.187 0.2000000030
40668  -16.902  -53.334  0.394 0.2000000030
40680  -0.289  -53.581  -0.364 0.8999999762
40684  -17.191  -53.218  0.089 0.2000000030
40698  -2.692  -53.091  -0.699 0.5000000000
40718  -3.135  -53.519  -2.122 0.3000000119
40736  -3.145  -53.186  -2.515 0.3000000119
40738  -21.281  -53.316  -2.439 0.2000000030
40748  -0.810  -52.829  -3.248 0.8000000119
40750  -3.909  -53.194  -3.592 0.3000000119
40751  -4.771  -53.165  -3.967 0.2000000030
40752  -5.684  -53.437  -3.970 0.2000000030
40756  -22.301  -52.615  -4.086 0.2000000030
40759  -1.674  -52.768  -3.948 0.6999999881
40761  -4.933  -52.726  -4.205 0.3000000119
40769  -22.348  -52.770  -4.670 0.1000000015
40773  -2.662  -53.404  -5.678 0.6999999881
40781  -2.635  -52.625  -5.890 0.8000000119
40782  -2.996  -53.070  -6.204 0.6999999881
40789  -23.079  -53.924  -6.700 0.1000000015
40795  -6.504  -53.472  -7.248 0.6999999881
40796  -6.877  -53.699  -7.220 0.6000000238
40806  -4.690  -53.245  -7.317 0.6999999881
40808  -6.262  -53.056  -7.439 0.6999999881
40810  -8.020  -53.280  -7.568 0.6000000238
40813  -10.090  -53.834  -8.099 0.6000000238
40823  -9.851  -53.073  -8.373 0.5000000000
40824  -10.365  -53.480  -8.378 0.5000000000
40838  -11.417  -53.201  -9.036 0.5000000000
40839  -11.831  -53.587  -9.193 0.5000000000
40840  -12.229  -53.817  -9.500 0.4000000060
40844  -12.321  -53.391  -9.725 0.5000000000
40852  -13.366  -53.356  -10.697 0.4000000060
40853  -13.784  -53.363  -11.126 0.4000000060
40866  -14.462  -53.298  -12.072 0.4000000060
40870  -15.269  -53.193  -12.888 0.4000000060
40871  -15.707  -53.118  -13.294 0.4000000060
40872  -16.072  -52.860  -13.516 0.3000000119
40875  -4.515  -53.671  -14.569 0.4000000060
40876  -4.668  -53.567  -14.409 0.4000000060
40877  -16.085  -53.268  -13.665 0.3000000119
40879  -17.045  -52.716  -14.232 0.2000000030
40889  -4.464  -53.535  -14.815 0.4000000060
40890  -4.846  -53.417  -14.761 0.4000000060
40893  -17.401  -52.812  -14.755 0.3000000119
40894  -17.733  -52.548  -15.078 0.2000000030
40916  -4.588  -53.349  -15.295 0.4000000060
40917  -4.921  -53.170  -15.484 0.4000000060
40918  -5.531  -53.345  -15.700 0.4000000060
40919  -17.678  -52.874  -15.258 0.2000000030
40934  -4.415  -53.003  -16.071 0.4000000060
40936  -5.897  -53.133  -16.579 0.3000000119
40937  -6.494  -53.392  -16.927 0.3000000119
40938  -17.739  -53.022  -15.758 0.3000000119
40940  -18.539  -52.485  -16.516 0.3000000119
40951  -4.321  -53.144  -16.985 0.5000000000
40953  -6.915  -53.286  -17.424 0.4000000060
40954  -7.437  -53.503  -17.635 0.3000000119
40955  -17.806  -53.148  -16.394 0.3000000119
40957  -18.852  -52.391  -17.026 0.2000000030
40971  -4.645  -53.121  -17.981 0.5000000000
40973  -7.348  -53.202  -17.856 0.3000000119
40975  -8.273  -53.546  -18.182 0.3000000119
40977  -18.869  -52.728  -17.718 0.3000000119
40992  -4.667  -53.590  -18.626 0.4000000060
40994  -6.117  -52.906  -19.144 0.4000000060
40995  -6.533  -52.713  -19.269 0.4000000060
40996  -8.010  -53.134  -18.371 0.3000000119
40997  -8.394  -53.247  -18.470 0.3000000119
40998  -9.200  -53.166  -18.911 0.3000000119
40999  -9.665  -53.392  -19.032 0.3000000119
41001  -19.036  -52.914  -18.660 0.1000000015
41010  -5.422  -53.643  -19.390 0.4000000060
41011  -5.873  -53.466  -19.487 0.4000000060
41012  -6.700  -53.088  -19.700 0.3000000119
41013  -7.145  -52.837  -19.848 0.4000000060
41015  -9.807  -52.974  -19.327 0.2000000030
41018  -12.222  -53.346  -20.250 0.2000000030
41019  -18.069  -53.687  -19.259 0.2000000030
41029  -7.349  -53.207  -20.191 0.3000000119
41031  -9.044  -53.270  -20.785 0.3000000119
41032  -11.805  -52.708  -20.580 0.2000000030
41033  -12.341  -53.045  -20.757 0.2000000030
41034  -12.855  -53.360  -20.899 0.2000000030
41036  -19.349  -53.090  -20.596 0.1000000015
41044  -9.782  -53.432  -21.138 0.3000000119
41045  -10.429  -53.419  -21.536 0.3000000119
41046  -10.926  -53.488  -21.968 0.3000000119
41047  -12.548  -52.838  -21.479 0.2000000030
41049  -18.791  -53.642  -22.018 0.1000000015
41052  -21.819  -52.709  -20.884 0.1000000015
41059  -11.355  -53.499  -22.297 0.3000000119
41060  -11.956  -53.346  -22.582 0.3000000119
41061  -12.456  -52.962  -22.144 0.2000000030
41062  -12.967  -53.154  -21.903 0.2000000030
41064  -19.293  -53.201  -22.554 0.1000000015
41074  -12.353  -53.655  -22.871 0.3000000119
41075  -12.643  -53.370  -22.679 0.2000000030
41078  -19.186  -53.211  -23.393 0.1000000015
41089  -18.795  -53.728  -24.140 0.1000000015
41090  -19.065  -53.329  -24.080 0.1000000015
41092  -20.925  -52.660  -23.499 0.1000000015
41109  -19.561  -53.363  -24.432 0.1000000015
41110  -20.208  -53.212  -24.310 0.1000000015
41936  -13.728  -53.134  8.259 0.2000000030
41937  -13.971  -53.112  8.219 0.2000000030
41959  -13.798  -52.932  8.130 0.2000000030
41960  -14.308  -52.750  8.208 0.2000000030
41962  -15.139  -52.533  7.223 0.2000000030
41988  -13.600  -52.745  7.636 0.2000000030
41989  -13.808  -52.561  7.806 0.2000000030
41990  -14.891  -52.921  6.979 0.2000000030
41991  -15.190  -52.370  6.929 0.2000000030
42015  -13.482  -52.690  6.967 0.3000000119
42017  -14.983  -52.972  6.536 0.1000000015
42041  -13.859  -52.333  6.342 0.3000000119
42042  -15.755  -52.625  5.674 0.2000000030
42043  -16.012  -52.109  5.576 0.1000000015
42055  -12.661  -52.830  5.059 0.4000000060
42057  -13.712  -52.387  5.735 0.4000000060
42062  -18.911  -52.531  5.143 0.1000000015
42074  -10.990  -52.739  4.008 0.6999999881
42076  -12.255  -52.605  4.539 0.5000000000
42078  -17.504  -51.871  4.703 0.2000000030
42079  -17.886  -52.013  4.690 0.2000000030
42080  -18.468  -52.110  4.768 0.2000000030
42091  -7.335  -52.921  3.059 0.8000000119
42095  -10.471  -52.522  3.595 0.8999999762
42096  -11.095  -52.276  3.732 0.8000000119
42099  -4.553  -53.073  2.376 0.6000000238
42101  -5.456  -52.703  2.369 0.6000000238
42103  -7.134  -52.496  2.619 0.8000000119
42104  -8.019  -52.363  2.729 0.8000000119
42106  -9.508  -52.054  2.896 0.8000000119
42109  -4.252  -53.114  2.004 0.4000000060
42110  -4.661  -52.988  1.923 0.6000000238
42111  -5.137  -52.773  1.816 0.5000000000
42112  -5.833  -52.460  1.725 0.8000000119
42114  -7.151  -52.043  1.993 0.6999999881
42116  -10.932  -52.699  2.065 0.2000000030
42118  -12.596  -52.467  2.116 0.3000000119
42120  -13.958  -52.493  1.887 0.3000000119
42129  -0.421  -53.292  0.150 0.8999999762
42131  -0.888  -52.942  0.466 0.8999999762
42132  -4.421  -53.118  1.643 0.4000000060
42134  -5.384  -52.857  1.243 0.5000000000
42137  -8.314  -52.641  0.990 0.2000000030
42138  -9.079  -52.420  1.089 0.3000000119
42143  -13.611  -51.967  1.589 0.3000000119
42144  -14.378  -52.248  1.505 0.3000000119
42146  -15.590  -52.667  1.167 0.2000000030
42156  -0.448  -52.992  -0.063 0.8999999762
42157  -0.408  -52.817  -0.135 0.8999999762
42158  -1.252  -52.823  0.450 0.8000000119
42160  -6.484  -52.285  0.371 0.3000000119
42161  -6.908  -52.365  0.200 0.3000000119
42162  -7.575  -52.441  0.411 0.3000000119
42165  -9.948  -51.703  0.682 0.2000000030
42166  -15.419  -52.253  0.940 0.2000000030
42169  -16.928  -52.848  0.210 0.2000000030
42189  -7.824  -51.895  -0.184 0.3000000119
42190  -8.383  -51.730  -0.309 0.3000000119
42192  -17.201  -52.608  -0.028 0.2000000030
42206  -0.325  -52.260  -1.349 0.8000000119
42208  -2.717  -52.755  -0.971 0.5000000000
42210  -18.715  -52.374  -0.871 0.2000000030
42221  -2.651  -52.281  -0.954 0.5000000000
42237  -0.708  -51.765  -2.989 0.8000000119
42254  -0.671  -52.539  -3.024 0.8000000119
42255  -0.883  -52.183  -3.285 0.8000000119
42256  -4.128  -52.376  -4.087 0.3000000119
42268  -1.846  -52.207  -4.322 0.8000000119
42271  -5.744  -52.342  -4.555 0.2000000030
42272  -6.593  -52.368  -4.752 0.2000000030
42277  -22.915  -51.746  -4.626 0.2000000030
42279  -2.136  -52.240  -5.035 0.8000000119
42280  -6.770  -52.043  -4.954 0.2000000030
42286  -22.766  -52.275  -5.187 0.1000000015
42290  -2.773  -52.234  -6.163 0.6999999881
42297  -3.149  -52.273  -6.615 0.6999999881
42305  -4.025  -52.449  -7.263 0.6999999881
42307  -5.171  -52.540  -7.429 0.6999999881
42308  -5.925  -52.481  -7.525 0.6999999881
42312  -9.077  -53.102  -7.952 0.5000000000
42322  -7.912  -51.914  -8.016 0.6999999881
42326  -10.685  -53.093  -8.730 0.5000000000
42343  -10.499  -52.317  -9.087 0.5000000000
42344  -11.013  -52.752  -9.087 0.5000000000
42345  -11.571  -53.036  -9.255 0.5000000000
42358  -11.124  -52.311  -9.411 0.5000000000
42361  -13.047  -52.861  -10.490 0.4000000060
42374  -12.901  -52.399  -10.569 0.4000000060
42376  -13.836  -52.885  -11.336 0.4000000060
42386  -13.673  -52.441  -11.382 0.4000000060
42387  -14.066  -52.681  -11.755 0.4000000060
42390  -14.464  -52.684  -12.240 0.4000000060
42391  -14.864  -52.654  -12.621 0.4000000060
42394  -15.257  -52.604  -12.968 0.4000000060
42396  -16.255  -52.380  -13.560 0.4000000060
42399  -16.800  -52.297  -13.919 0.3000000119
42407  -17.660  -52.221  -14.787 0.2000000030
42408  -17.943  -52.179  -15.155 0.2000000030
42430  -18.279  -52.168  -15.609 0.2000000030
42443  -4.351  -52.732  -16.731 0.5000000000
42445  -5.323  -52.624  -16.772 0.5000000000
42446  -18.515  -52.292  -16.076 0.3000000119
42447  -18.847  -52.005  -16.375 0.2000000030
42456  -4.532  -52.662  -17.241 0.5000000000
42457  -5.051  -52.474  -17.277 0.5000000000
42458  -5.813  -52.595  -17.313 0.5000000000
42459  -6.448  -52.815  -17.590 0.4000000060
42461  -19.476  -51.704  -17.334 0.2000000030
42468  -4.777  -52.562  -17.680 0.5000000000
42469  -5.285  -52.565  -17.999 0.5000000000
42471  -6.993  -52.819  -18.041 0.4000000060
42472  -7.502  -53.031  -18.130 0.4000000060
42474  -19.659  -51.689  -17.819 0.2000000030
42487  -5.328  -52.812  -18.461 0.5000000000
42488  -5.773  -52.651  -18.597 0.5000000000
42489  -6.663  -52.512  -18.812 0.5000000000
42491  -8.643  -52.698  -18.985 0.2000000030
42492  -9.094  -52.707  -19.147 0.2000000030
42493  -19.228  -52.532  -18.110 0.2000000030
42508  -7.225  -52.427  -19.517 0.4000000060
42510  -9.203  -52.312  -19.552 0.2000000030
42511  -10.135  -52.272  -19.701 0.2000000030
42512  -11.005  -52.228  -20.240 0.2000000030
42513  -11.544  -52.532  -20.471 0.2000000030
42514  -19.964  -52.109  -19.458 0.1000000015
42523  -7.363  -52.724  -19.926 0.4000000060
42524  -7.805  -52.580  -20.057 0.3000000119
42525  -8.748  -52.392  -20.277 0.3000000119
42526  -11.098  -51.961  -20.719 0.2000000030
42527  -11.602  -52.366  -20.980 0.2000000030
42532  -22.420  -51.925  -20.058 0.1000000015
42539  -10.154  -52.704  -21.285 0.3000000119
42541  -11.506  -52.470  -21.761 0.3000000119
42542  -12.086  -52.541  -21.646 0.2000000030
42543  -19.796  -52.593  -21.327 0.1000000015
42544  -20.224  -51.973  -21.107 0.1000000015
42545  -21.515  -52.472  -21.869 0.1000000015
42554  -11.126  -53.151  -22.084 0.3000000119
42555  -11.435  -52.956  -22.156 0.3000000119
42557  -19.698  -52.649  -22.238 0.1000000015
42559  -21.372  -52.153  -22.465 0.1000000015
42560  -21.682  -52.024  -21.894 0.1000000015
42568  -19.566  -52.586  -23.155 0.1000000015
42570  -21.206  -52.098  -23.274 0.1000000015
42581  -19.472  -52.817  -23.960 0.1000000015
42582  -20.640  -52.650  -24.065 0.1000000015
42595  -19.813  -52.729  -24.397 0.1000000015
42597  -20.646  -52.148  -24.332 0.1000000015
43395  -14.607  -52.422  7.818 0.2000000030
43396  -15.123  -52.287  7.356 0.2000000030
43417  -14.141  -52.300  7.934 0.2000000030
43418  -14.751  -51.990  7.367 0.1000000015
43419  -15.236  -52.002  7.215 0.1000000015
43440  -14.191  -52.015  7.112 0.3000000119
43463  -14.266  -51.903  6.522 0.4000000060
43466  -16.270  -51.659  5.460 0.2000000030
43481  -13.690  -52.225  5.291 0.3000000119
43483  -14.584  -51.243  5.697 0.3000000119
43484  -16.769  -51.722  5.011 0.2000000030
43495  -12.042  -52.123  4.058 0.6999999881
43497  -13.481  -51.929  4.685 0.4000000060
43499  -17.609  -51.545  4.561 0.2000000030
43502  -19.597  -51.419  4.885 0.1000000015
43511  -10.102  -52.041  3.097 0.8000000119
43514  -12.133  -51.760  3.867 0.4000000060
43528  -9.078  -51.636  2.492 0.8000000119
43529  -9.822  -51.653  2.728 0.8000000119
43545  -6.867  -51.821  1.565 0.6999999881
43547  -8.130  -51.527  2.037 0.8000000119
43562  -0.722  -52.524  0.295 0.8000000119
43565  -6.721  -51.605  1.085 0.6000000238
43566  -7.066  -51.557  1.336 0.6000000238
43567  -10.581  -51.603  0.931 0.3000000119
43572  -14.705  -51.819  0.909 0.2000000030
43573  -15.136  -52.042  0.908 0.3000000119
43585  -1.222  -52.047  0.415 0.8000000119
43586  -1.919  -51.863  0.253 0.6999999881
43587  -6.434  -51.743  0.012 0.3000000119
43591  -10.905  -51.136  0.256 0.4000000060
43592  -11.717  -51.032  0.489 0.3000000119
43598  -16.582  -52.164  0.291 0.3000000119
43612  -2.344  -51.683  -0.043 0.6000000238
43613  -2.458  -51.284  -0.124 0.5000000000
43614  -6.888  -51.618  -0.241 0.4000000060
43615  -7.465  -51.485  -0.450 0.4000000060
43617  -8.695  -51.507  -0.702 0.3000000119
43618  -9.361  -51.398  -0.551 0.3000000119
43619  -10.050  -51.228  -0.361 0.3000000119
43620  -10.481  -51.184  -0.100 0.3000000119
43621  -14.390  -51.125  -0.579 0.4000000060
43626  -17.716  -52.265  -0.571 0.2000000030
43647  -0.442  -51.359  -1.401 0.8000000119
43648  -0.502  -50.974  -1.751 0.8000000119
43649  -2.461  -52.003  -0.323 0.6000000238
43652  -7.828  -51.182  -0.735 0.3000000119
43653  -8.381  -51.166  -0.980 0.3000000119
43654  -9.086  -51.170  -1.063 0.4000000060
43658  -16.944  -51.295  -0.719 0.3000000119
43678  -0.442  -51.364  -1.904 0.8000000119
43679  -0.524  -51.068  -2.145 0.8999999762
43680  -2.561  -51.973  -0.662 0.4000000060
43681  -2.656  -51.652  -1.115 0.4000000060
43682  -20.038  -51.189  -1.502 0.2000000030
43684  -21.334  -51.489  -1.912 0.3000000119
43693  -0.458  -51.556  -2.280 0.8999999762
43695  -2.791  -51.708  -1.985 0.3000000119
43697  -21.873  -51.622  -2.167 0.2000000030
43710  -1.350  -51.295  -3.540 0.8000000119
43712  -22.512  -51.609  -3.170 0.2000000030
43723  -1.234  -51.739  -3.544 0.8000000119
43725  -4.021  -51.381  -4.297 0.3000000119
43727  -5.408  -51.771  -4.818 0.3000000119
43729  -22.671  -51.802  -3.740 0.2000000030
43733  -5.247  -51.214  -5.035 0.3000000119
43736  -7.355  -51.687  -5.315 0.1000000015
43739  -22.909  -51.850  -5.223 0.1000000015
43740  -23.089  -51.431  -5.074 0.2000000030
43743  -2.249  -51.599  -5.374 0.8000000119
43755  -3.338  -51.601  -6.949 0.8000000119
43761  -22.943  -51.393  -6.225 0.1000000015
43763  -3.830  -51.751  -7.234 0.8000000119
43764  -4.350  -51.876  -7.356 0.6999999881
43765  -4.896  -51.934  -7.414 0.6999999881
43768  -7.032  -52.064  -7.740 0.6999999881
43781  -9.099  -51.612  -8.630 0.5000000000
43805  -10.096  -51.701  -9.197 0.5000000000
43827  -11.048  -51.773  -9.697 0.5000000000
43829  -12.605  -52.139  -10.449 0.4000000060
43841  -12.324  -51.442  -10.670 0.4000000060
43843  -13.397  -52.177  -11.227 0.4000000060
43855  -13.086  -51.515  -11.433 0.4000000060
43863  -13.767  -51.646  -12.260 0.4000000060
43864  -14.305  -51.981  -12.541 0.4000000060
43865  -14.879  -52.285  -12.786 0.4000000060
43870  -15.846  -51.853  -13.334 0.3000000119
43871  -16.435  -51.751  -13.675 0.3000000119
43876  -17.692  -51.615  -14.548 0.2000000030
43877  -18.003  -51.299  -14.743 0.2000000030
43881  -17.874  -51.908  -14.890 0.2000000030
43882  -18.198  -51.600  -15.112 0.2000000030
43903  -18.506  -51.755  -15.555 0.2000000030
43904  -18.803  -51.508  -15.837 0.2000000030
43914  -19.217  -51.384  -16.469 0.2000000030
43915  -19.525  -51.122  -16.854 0.2000000030
43923  -19.441  -51.474  -16.979 0.2000000030
43924  -19.696  -51.249  -17.351 0.2000000030
43929  -19.932  -51.240  -17.856 0.2000000030
43930  -20.111  -51.161  -18.160 0.2000000030
43936  -19.936  -51.548  -18.288 0.1000000015
43949  -9.333  -51.905  -19.765 0.3000000119
43950  -9.663  -51.844  -19.846 0.3000000119
43951  -10.269  -51.817  -20.099 0.2000000030
43952  -20.025  -51.712  -18.826 0.1000000015
43966  -9.813  -51.733  -20.377 0.3000000119
43967  -10.553  -51.777  -20.690 0.2000000030
43970  -22.279  -51.308  -20.900 0.1000000015
43981  -9.393  -52.038  -20.538 0.3000000119
43982  -9.943  -52.057  -20.925 0.3000000119
43983  -10.586  -52.169  -21.251 0.3000000119
43984  -11.127  -52.229  -21.428 0.2000000030
43986  -21.955  -51.597  -21.494 0.1000000015
43995  -21.368  -51.480  -22.972 0.1000000015
43996  -21.635  -51.514  -22.241 0.1000000015
44009  -19.792  -51.926  -23.314 0.1000000015
44011  -21.102  -51.450  -23.707 0.1000000015
44036  -19.721  -52.480  -24.147 0.1000000015
44037  -19.936  -52.188  -24.260 0.1000000015
44038  -20.299  -51.923  -24.404 0.1000000015
44854  -15.114  -51.523  7.075 0.3000000119
44855  -15.368  -51.677  7.003 0.1000000015
44860  -15.032  -51.162  6.569 0.4000000060
44861  -15.436  -51.435  6.682 0.3000000119
44875  -14.934  -50.859  5.885 0.2000000030
44877  -16.097  -50.976  5.771 0.3000000119
44897  -14.175  -51.241  4.874 0.4000000060
44898  -14.546  -50.925  5.239 0.3000000119
44899  -16.621  -50.990  5.112 0.2000000030
44921  -12.619  -51.443  3.933 0.4000000060
44922  -13.013  -51.277  4.024 0.4000000060
44924  -14.217  -50.741  4.657 0.3000000119
44926  -17.118  -50.997  4.631 0.2000000030
44927  -17.801  -51.127  4.321 0.2000000030
44929  -19.381  -50.959  4.492 0.1000000015
44946  -10.924  -51.328  3.004 0.8000000119
44951  -17.928  -50.717  3.970 0.2000000030
44952  -18.456  -50.536  3.851 0.2000000030
44959  -9.144  -51.365  2.243 0.8000000119
44961  -10.400  -51.208  2.657 0.8000000119
44965  -7.522  -51.345  1.418 0.6000000238
44967  -8.842  -51.144  1.894 0.6999999881
44972  -6.464  -51.535  0.473 0.3000000119
44973  -6.647  -51.416  0.621 0.3000000119
44976  -8.906  -50.721  1.210 0.6999999881
44982  -0.720  -50.969  -0.142 0.8000000119
44985  -6.523  -51.458  0.259 0.3000000119
44987  -7.555  -50.877  0.312 0.3000000119
44990  -11.289  -50.928  -0.117 0.4000000060
44992  -12.787  -50.866  -0.213 0.4000000060
44993  -13.486  -50.920  -0.303 0.4000000060
45001  -0.476  -50.897  -0.658 0.8000000119
45002  -1.651  -50.888  0.038 0.8999999762
45004  -2.530  -50.930  -0.308 0.5000000000
45005  -6.680  -51.353  -0.088 0.3000000119
45006  -7.208  -51.097  -0.317 0.4000000060
45007  -7.832  -50.759  -0.295 0.4000000060
45010  -10.731  -50.970  -0.459 0.4000000060
45011  -11.505  -50.890  -0.676 0.4000000060
45015  -14.526  -51.069  -1.058 0.4000000060
45035  -0.576  -50.679  -1.897 0.8000000119
45037  -7.672  -50.990  -0.579 0.4000000060
45038  -8.131  -50.859  -0.710 0.5000000000
45040  -9.487  -50.748  -1.086 0.3000000119
45044  -12.595  -51.063  -1.335 0.4000000060
45047  -14.789  -51.056  -1.704 0.4000000060
45053  -19.618  -50.619  -1.506 0.4000000060
45073  -0.680  -50.358  -1.860 0.8999999762
45076  -10.850  -50.694  -1.494 0.4000000060
45077  -11.362  -50.790  -1.774 0.6000000238
45086  -18.086  -50.184  -1.823 0.4000000060
45100  -3.176  -50.874  -3.139 0.3000000119
45101  -11.440  -50.639  -2.161 0.6000000238
45102  -11.774  -50.665  -2.148 0.6000000238
45103  -12.405  -50.671  -2.191 0.6999999881
45105  -13.914  -50.693  -2.979 0.6999999881
45108  -16.252  -50.707  -3.133 0.6000000238
45109  -16.968  -50.392  -3.114 0.6000000238
45110  -22.115  -51.229  -2.388 0.2000000030
45122  -1.275  -50.836  -3.324 0.6999999881
45123  -1.669  -50.898  -3.735 0.8000000119
45124  -3.563  -50.807  -3.840 0.3000000119
45126  -14.417  -50.584  -3.828 0.6000000238
45127  -15.186  -50.801  -3.876 0.6000000238
45130  -22.774  -51.176  -3.241 0.2000000030
45131  -23.050  -50.799  -3.608 0.2000000030
45140  -1.945  -50.936  -4.376 0.8000000119
45142  -4.323  -50.747  -4.649 0.3000000119
45143  -14.735  -50.265  -4.237 0.6000000238
45145  -15.736  -50.480  -4.406 0.6000000238
45153  -5.488  -50.677  -5.285 0.3000000119
45155  -7.096  -51.122  -5.542 0.2000000030
45156  -7.546  -51.350  -5.594 0.2000000030
45158  -23.531  -50.302  -5.276 0.2000000030
45161  -2.421  -50.975  -5.632 0.8000000119
45163  -6.557  -50.246  -5.783 0.3000000119
45164  -6.981  -50.469  -5.819 0.3000000119
45168  -23.292  -50.477  -6.061 0.2000000030
45172  -3.115  -50.940  -6.848 0.8000000119
45179  -22.903  -50.942  -6.630 0.1000000015
45183  -3.536  -51.017  -7.248 0.8000000119
45184  -4.170  -51.156  -7.506 0.8000000119
45201  -6.214  -50.815  -7.925 0.6000000238
45203  -7.765  -50.906  -8.403 0.6000000238
45229  -8.050  -50.463  -8.953 0.6000000238
45231  -9.604  -51.028  -9.407 0.4000000060
45254  -9.444  -50.604  -9.730 0.4000000060
45256  -10.807  -51.050  -9.974 0.4000000060
45270  -11.143  -50.691  -10.448 0.3000000119
45272  -12.422  -51.222  -10.925 0.4000000060
45282  -12.229  -50.894  -11.106 0.4000000060
45284  -13.134  -51.348  -11.735 0.4000000060
45291  -12.904  -51.001  -11.938 0.4000000060
45292  -13.385  -51.306  -12.201 0.4000000060
45293  -13.806  -51.438  -12.553 0.4000000060
45298  -13.031  -50.898  -12.413 0.3000000119
45300  -14.121  -51.304  -12.975 0.4000000060
45301  -14.757  -51.286  -13.196 0.3000000119
45307  -13.782  -50.865  -13.208 0.3000000119
45309  -15.062  -50.774  -13.510 0.3000000119
45310  -15.806  -50.816  -13.641 0.3000000119
45311  -16.563  -51.020  -13.868 0.3000000119
45312  -17.347  -50.883  -14.275 0.3000000119
45321  -17.787  -50.643  -14.637 0.2000000030
45322  -18.179  -50.907  -14.895 0.2000000030
45323  -18.606  -51.025  -15.378 0.2000000030
45353  -19.395  -50.754  -16.521 0.2000000030
45367  -19.968  -50.741  -17.648 0.2000000030
45368  -20.100  -50.495  -17.836 0.2000000030
45380  -20.193  -50.719  -18.173 0.2000000030
45392  -20.326  -50.742  -18.898 0.1000000015
45400  -20.411  -50.720  -19.642 0.1000000015
45401  -23.106  -50.645  -19.740 0.1000000015
45408  -22.378  -50.629  -20.720 0.1000000015
45415  -22.040  -50.843  -21.390 0.1000000015
45425  -20.221  -50.656  -22.243 0.1000000015
45453  -20.073  -50.562  -23.479 0.1000000015
45461  -20.566  -49.888  -24.159 0.1000000015
46289  -15.259  -50.488  5.842 0.3000000119
46290  -15.737  -50.473  5.834 0.2000000030
46296  -15.461  -50.115  5.528 0.2000000030
46297  -16.147  -50.251  5.360 0.2000000030
46312  -18.949  -50.535  4.059 0.1000000015
46326  -12.405  -50.174  3.241 0.5000000000
46328  -13.855  -49.661  3.827 0.2000000030
46330  -17.340  -50.415  3.790 0.2000000030
46331  -18.019  -50.291  3.539 0.2000000030
46333  -19.422  -49.534  3.763 0.1000000015
46342  -12.282  -49.535  2.801 0.6999999881
46344  -17.430  -50.003  3.244 0.2000000030
46346  -18.692  -49.421  3.131 0.1000000015
46351  -10.008  -50.410  1.613 0.8000000119
46352  -10.856  -50.066  1.874 0.8999999762
46356  -8.726  -50.547  0.708 0.6999999881
46358  -10.302  -49.931  1.064 1.0000000000
46359  -10.845  -49.713  1.352 1.0000000000
46364  -1.869  -50.361  -0.228 0.6000000238
46365  -8.945  -50.274  0.180 0.6000000238
46371  -1.883  -50.609  -0.127 0.8999999762
46373  -2.659  -50.538  -0.557 0.5000000000
46375  -9.988  -50.034  -0.596 0.6000000238
46377  -11.642  -49.600  -0.595 0.5000000000
46380  -13.805  -49.742  -0.783 0.8999999762
46381  -14.530  -49.729  -0.790 0.6999999881
46382  -15.234  -49.658  -0.762 0.6999999881
46383  -15.656  -49.545  -0.759 0.8000000119
46395  -1.067  -49.713  -1.672 0.8000000119
46396  -2.225  -49.991  -0.756 0.6000000238
46398  -3.048  -49.654  -1.497 0.6999999881
46399  -9.285  -50.445  -1.003 0.4000000060
46401  -10.534  -50.239  -1.054 0.4000000060
46403  -12.020  -49.908  -1.246 0.6000000238
46407  -14.970  -49.928  -1.403 0.8000000119
46409  -16.290  -49.636  -1.651 0.6999999881
46410  -18.576  -50.170  -1.682 0.5000000000
46411  -19.228  -50.198  -1.601 0.4000000060
46433  -0.730  -50.153  -1.678 0.8000000119
46434  -0.955  -49.992  -2.008 0.8999999762
46437  -10.653  -50.500  -1.396 0.4000000060
46439  -11.777  -50.072  -1.790 0.6000000238
46442  -13.991  -50.076  -2.027 0.6999999881
46445  -16.062  -49.800  -2.119 0.6999999881
46449  -19.754  -49.973  -1.821 0.4000000060
46451  -21.394  -50.011  -2.221 0.4000000060
46466  -1.085  -50.208  -2.639 0.8999999762
46467  -2.963  -50.478  -2.025 0.4000000060
46469  -11.250  -50.557  -2.023 0.6000000238
46471  -12.067  -50.302  -2.183 0.6000000238
46475  -15.024  -49.992  -2.848 0.8000000119
46477  -17.576  -49.966  -3.126 0.6000000238
46478  -18.134  -49.499  -2.985 0.6000000238
46492  -1.315  -50.303  -3.083 0.8999999762
46493  -1.610  -50.412  -3.452 0.8000000119
46497  -15.010  -49.944  -3.603 0.6999999881
46501  -23.304  -50.026  -3.499 0.4000000060
46513  -3.713  -50.140  -4.021 0.3000000119
46514  -4.100  -50.123  -4.459 0.4000000060
46516  -15.210  -49.917  -4.368 0.5000000000
46519  -17.408  -49.699  -4.485 0.6000000238
46525  -2.455  -50.067  -5.182 0.8999999762
46526  -4.553  -50.117  -4.797 0.4000000060
46527  -5.141  -49.994  -5.097 0.5000000000
46529  -15.629  -49.584  -4.904 0.5000000000
46530  -16.038  -49.556  -5.202 0.6000000238
46532  -23.655  -49.823  -5.133 0.2000000030
46535  -2.611  -50.243  -5.739 0.8000000119
46536  -6.260  -49.923  -5.686 0.4000000060
46538  -7.454  -49.968  -6.114 0.2000000030
46541  -23.482  -49.918  -5.904 0.3000000119
46546  -7.950  -49.738  -6.459 0.3000000119
46548  -9.208  -50.004  -7.002 0.2000000030
46549  -9.765  -50.348  -7.125 0.2000000030
46550  -23.157  -49.987  -6.596 0.1000000015
46551  -23.386  -49.633  -6.339 0.1000000015
46558  -3.200  -50.231  -6.939 0.8000000119
46559  -3.502  -50.227  -7.326 0.8000000119
46560  -3.930  -50.524  -7.573 0.8000000119
46577  -4.307  -50.103  -7.910 0.8000000119
46580  -6.391  -50.143  -8.413 0.5000000000
46581  -6.956  -50.117  -8.691 0.6000000238
46590  -21.519  -50.022  -8.497 0.1000000015
46611  -5.335  -49.714  -8.581 0.4000000060
46612  -5.844  -49.684  -8.758 0.6000000238
46643  -9.617  -50.172  -10.328 0.3000000119
46660  -11.945  -50.717  -11.080 0.3000000119
46673  -12.570  -50.825  -11.764 0.4000000060
46679  -10.479  -49.672  -12.997 0.2000000030
46691  -11.914  -50.162  -13.254 0.3000000119
46692  -12.802  -50.610  -12.991 0.3000000119
46693  -13.400  -50.771  -13.195 0.2000000030
46706  -14.604  -50.347  -13.871 0.2000000030
46709  -16.932  -50.460  -14.197 0.3000000119
46718  -9.665  -49.236  -14.772 0.1000000015
46725  -15.042  -49.852  -14.369 0.1000000015
46727  -16.680  -49.956  -14.492 0.3000000119
46728  -17.395  -50.233  -14.567 0.3000000119
46729  -18.109  -50.196  -15.018 0.3000000119
46730  -18.441  -50.576  -15.162 0.2000000030
46743  -18.345  -49.903  -15.381 0.2000000030
46755  -19.162  -50.236  -16.205 0.2000000030
46756  -19.529  -50.220  -16.739 0.2000000030
46764  -19.827  -50.159  -17.434 0.2000000030
46765  -20.013  -50.358  -17.654 0.2000000030
46772  -19.881  -49.959  -17.749 0.2000000030
46773  -20.051  -50.159  -17.920 0.2000000030
46783  -20.259  -50.219  -18.496 0.1000000015
46802  -22.637  -50.088  -20.230 0.1000000015
46823  -21.514  -50.145  -22.534 0.1000000015
46824  -21.764  -50.307  -21.981 0.1000000015
46836  -21.266  -50.091  -23.192 0.1000000015
46847  -20.947  -49.687  -23.899 0.1000000015
46851  -20.252  -49.589  -24.000 0.1000000015
46852  -20.598  -49.458  -24.111 0.1000000015
47610  -15.088  -49.906  5.133 0.2000000030
47611  -15.602  -49.744  5.028 0.2000000030
47618  -14.059  -49.002  3.867 0.4000000060
47619  -14.288  -49.449  4.032 0.2000000030
47620  -15.017  -49.446  4.620 0.2000000030
47622  -16.252  -49.872  4.189 0.2000000030
47633  -15.927  -49.491  3.681 0.2000000030
47634  -16.414  -49.860  3.585 0.2000000030
47635  -19.140  -49.313  3.403 0.1000000015
47636  -19.680  -48.761  3.654 0.1000000015
47644  -11.966  -49.252  2.322 0.8999999762
47658  -17.080  -49.271  2.459 0.2000000030
47660  -18.126  -48.609  2.415 0.2000000030
47665  -11.169  -49.349  1.192 1.0000000000
47669  -1.830  -50.139  -0.325 0.6000000238
47670  -10.918  -49.406  0.730 0.8999999762
47671  -11.303  -49.140  0.670 0.8999999762
47673  -12.563  -48.812  0.284 1.0000000000
47675  -13.803  -48.944  0.191 1.0000000000
47681  -10.943  -49.383  0.314 0.8999999762
47682  -11.410  -49.257  0.057 0.8999999762
47684  -12.787  -49.250  -0.221 1.0000000000
47685  -13.462  -49.322  -0.259 1.0000000000
47687  -14.816  -49.331  -0.283 0.8999999762
47690  -16.715  -48.842  -0.613 0.6999999881
47701  -3.164  -49.437  -1.683 0.6000000238
47702  -15.987  -49.427  -0.767 0.6999999881
47705  -17.630  -48.547  -1.341 0.6000000238
47721  -1.894  -49.126  -1.893 0.8999999762
47722  -2.586  -48.977  -1.721 0.6999999881
47724  -4.009  -48.648  -1.958 0.5000000000
47726  -17.196  -49.049  -1.831 0.6000000238
47727  -17.534  -48.722  -1.581 0.6000000238
47728  -19.080  -49.180  -2.349 0.6000000238
47746  -1.349  -49.754  -2.562 0.8999999762
47747  -1.724  -49.187  -2.581 0.8000000119
47749  -4.355  -48.854  -2.372 0.5000000000
47752  -16.992  -49.191  -2.682 0.5000000000
47753  -18.417  -49.145  -3.195 0.5000000000
47754  -18.777  -49.085  -2.767 0.5000000000
47756  -20.677  -48.742  -2.364 0.6000000238
47758  -21.960  -49.062  -2.581 0.5000000000
47769  -1.756  -49.701  -3.324 0.8999999762
47772  -4.853  -48.669  -2.978 0.5000000000
47775  -16.615  -49.151  -3.310 0.4000000060
47790  -2.242  -49.546  -4.361 0.8999999762
47792  -3.682  -49.802  -3.708 0.5000000000
47793  -4.116  -49.473  -4.034 0.5000000000
47795  -5.682  -48.737  -4.318 0.4000000060
47796  -15.702  -49.264  -4.713 0.5000000000
47800  -18.387  -48.703  -3.906 0.6999999881
47804  -2.383  -49.833  -4.888 0.8999999762
47808  -5.728  -49.157  -4.902 0.4000000060
47809  -6.307  -48.985  -5.057 0.3000000119
47810  -15.903  -49.169  -5.184 0.5000000000
47811  -16.382  -48.947  -5.561 0.6000000238
47812  -17.012  -49.065  -5.594 0.5000000000
47813  -17.559  -49.019  -5.243 0.5000000000
47818  -2.850  -49.539  -6.083 0.8999999762
47819  -6.012  -49.557  -5.429 0.3000000119
47821  -7.102  -49.282  -5.923 0.3000000119
47822  -16.572  -48.596  -5.845 0.6000000238
47823  -16.749  -48.940  -5.912 0.6000000238
47830  -3.107  -49.558  -6.720 0.8000000119
47831  -3.321  -49.360  -7.040 0.8000000119
47833  -8.200  -49.191  -6.599 0.2000000030
47835  -23.171  -49.305  -7.074 0.1000000015
47845  -3.552  -49.430  -7.430 0.8000000119
47846  -9.383  -49.289  -7.319 0.2000000030
47847  -9.994  -49.339  -7.553 0.2000000030
47849  -22.544  -49.300  -7.918 0.1000000015
47850  -22.922  -49.157  -7.529 0.2000000030
47866  -12.032  -49.283  -8.368 0.1000000015
47868  -13.555  -49.062  -8.857 0.1000000015
47871  -21.610  -49.065  -8.619 0.1000000015
47893  -4.673  -49.209  -8.933 0.4000000060
47894  -5.181  -49.288  -9.127 0.4000000060
47897  -7.080  -49.376  -9.946 0.5000000000
47907  -21.035  -48.954  -8.956 0.1000000015
47920  -5.841  -48.987  -10.015 0.4000000060
47923  -7.797  -49.321  -10.685 0.4000000060
47938  -8.740  -49.270  -11.528 0.3000000119
47948  -5.482  -48.684  -11.549 0.3000000119
47949  -5.787  -48.806  -11.415 0.3000000119
47950  -6.622  -49.047  -11.693 0.4000000060
47954  -9.640  -49.370  -12.320 0.2000000030
47961  -5.882  -48.870  -12.237 0.3000000119
47965  -9.278  -49.311  -12.799 0.2000000030
47972  -6.191  -48.719  -13.076 0.3000000119
47977  -10.056  -49.635  -13.230 0.2000000030
47985  -7.282  -48.473  -14.019 0.2000000030
47988  -9.246  -49.373  -14.002 0.1000000015
47997  -9.360  -48.976  -14.406 0.1000000015
48000  -11.957  -49.378  -15.293 0.1000000015
48001  -12.362  -49.424  -15.130 0.1000000015
48002  -13.047  -49.447  -14.954 0.1000000015
48004  -14.653  -49.424  -14.845 0.1000000015
48006  -16.376  -49.392  -14.927 0.2000000030
48018  -11.594  -49.162  -15.413 0.1000000015
48020  -12.834  -49.099  -15.452 0.1000000015
48022  -14.277  -49.027  -15.325 0.1000000015
48023  -15.088  -48.955  -15.312 0.1000000015
48026  -17.999  -49.491  -15.455 0.3000000119
48040  -17.893  -48.861  -16.471 0.2000000030
48042  -19.284  -49.890  -16.482 0.1000000015
48050  -18.156  -48.709  -17.140 0.1000000015
48051  -18.811  -48.979  -17.305 0.1000000015
48059  -19.739  -49.584  -17.914 0.2000000030
48070  -19.262  -48.831  -19.123 0.1000000015
48071  -19.711  -49.229  -18.858 0.1000000015
48072  -20.103  -49.735  -18.673 0.2000000030
48081  -19.275  -48.735  -19.500 0.1000000015
48082  -19.619  -48.968  -19.723 0.1000000015
48083  -20.115  -49.553  -19.443 0.1000000015
48084  -22.446  -48.882  -19.780 0.1000000015
48085  -23.056  -49.280  -19.448 0.1000000015
48093  -20.128  -49.428  -20.306 0.1000000015
48107  -21.457  -48.905  -21.633 0.1000000015
48108  -21.780  -49.345  -21.227 0.1000000015
48124  -21.741  -49.810  -21.690 0.1000000015
48137  -21.100  -49.166  -23.279 0.1000000015
48145  -20.647  -49.050  -23.840 0.1000000015
48148  -20.414  -49.250  -24.008 0.1000000015
48149  -20.622  -49.228  -24.054 0.1000000015
48902  -13.922  -48.625  3.765 0.4000000060
48903  -14.381  -48.718  3.980 0.4000000060
48904  -14.883  -49.021  4.056 0.2000000030
48910  -12.801  -48.607  2.807 0.5000000000
48912  -14.272  -48.168  3.618 0.4000000060
48922  -11.964  -48.874  2.044 0.8999999762
48924  -12.919  -48.072  2.488 0.8000000119
48925  -15.255  -48.502  2.925 0.2000000030
48926  -15.767  -49.004  2.887 0.2000000030
48928  -18.561  -48.521  2.622 0.2000000030
48936  -11.980  -48.553  1.739 0.8999999762
48938  -13.102  -47.819  2.100 0.6000000238
48941  -17.752  -48.333  2.103 0.2000000030
48942  -18.367  -48.030  2.351 0.3000000119
48948  -12.193  -48.377  1.155 1.0000000000
48950  -13.269  -48.097  0.867 1.0000000000
48952  -14.340  -48.118  0.836 0.8000000119
48957  -12.464  -48.436  0.701 1.0000000000
48959  -13.516  -48.470  0.538 1.0000000000
48961  -14.700  -48.512  0.461 0.6000000238
48964  -16.494  -48.226  0.118 0.4000000060
48968  -15.934  -48.743  -0.079 0.4000000060
48970  -17.000  -48.337  -0.334 0.3000000119
48976  -1.774  -49.979  -0.495 0.6000000238
48977  -17.388  -48.374  -0.692 0.4000000060
48992  -2.893  -48.390  -2.096 0.5000000000
48995  -5.002  -48.163  -2.191 0.6999999881
48998  -17.881  -48.408  -1.814 0.2000000030
48999  -19.444  -48.818  -2.452 0.6000000238
49020  -4.764  -48.480  -2.345 0.5000000000
49021  -5.167  -48.410  -2.625 0.5000000000
49022  -5.743  -48.232  -2.787 0.5000000000
49024  -17.899  -48.226  -2.763 0.2000000030
49025  -18.824  -48.630  -3.089 0.6000000238
49043  -2.805  -48.208  -3.400 0.8000000119
49045  -5.904  -48.313  -3.290 0.5000000000
49047  -16.528  -48.879  -3.830 0.6000000238
49051  -19.139  -47.929  -3.358 0.6000000238
49070  -5.981  -48.455  -3.935 0.5000000000
49072  -7.188  -47.898  -3.906 0.3000000119
49073  -15.903  -48.879  -4.906 0.5000000000
49074  -16.176  -48.784  -4.476 0.5000000000
49076  -18.157  -48.439  -4.898 0.6000000238
49082  -2.747  -48.700  -4.954 0.8000000119
49086  -7.914  -47.930  -4.603 0.4000000060
49088  -16.170  -48.639  -5.199 0.5000000000
49089  -17.252  -48.522  -5.822 0.5000000000
49090  -17.778  -48.412  -5.466 0.5000000000
49099  -6.591  -48.890  -5.151 0.4000000060
49100  -7.127  -48.659  -5.380 0.4000000060
49102  -16.472  -48.384  -5.741 0.6000000238
49103  -16.892  -48.424  -5.963 0.6000000238
49127  -9.137  -48.596  -7.120 0.3000000119
49131  -22.877  -48.593  -7.852 0.2000000030
49132  -23.307  -48.437  -7.521 0.2000000030
49146  -4.393  -49.027  -8.895 0.5000000000
49147  -10.980  -48.696  -7.942 0.2000000030
49149  -12.259  -48.363  -8.471 0.1000000015
49154  -22.640  -48.398  -8.243 0.2000000030
49174  -4.066  -48.372  -9.095 0.5000000000
49175  -4.438  -48.734  -9.427 0.4000000060
49178  -15.112  -48.323  -9.143 0.1000000015
49184  -19.932  -48.351  -9.149 0.1000000015
49185  -20.687  -48.354  -9.101 0.1000000015
49186  -21.203  -48.401  -9.008 0.1000000015
49196  -5.479  -48.687  -10.513 0.4000000060
49209  -4.615  -48.336  -10.366 0.4000000060
49210  -5.023  -48.390  -10.785 0.3000000119
49211  -5.491  -48.656  -11.035 0.3000000119
49222  -5.493  -48.669  -11.315 0.3000000119
49228  -5.370  -48.366  -12.127 0.3000000119
49236  -5.976  -48.041  -13.292 0.3000000119
49238  -9.296  -47.679  -13.364 0.1000000015
49239  -9.620  -47.844  -13.340 0.1000000015
49249  -6.363  -47.900  -13.713 0.3000000119
49250  -6.845  -48.112  -13.984 0.2000000030
49251  -7.551  -47.994  -14.130 0.2000000030
49254  -9.743  -48.265  -13.755 0.1000000015
49255  -10.390  -48.292  -13.979 0.1000000015
49262  -8.853  -48.446  -14.036 0.1000000015
49263  -9.308  -48.499  -14.083 0.1000000015
49276  -13.204  -48.704  -15.780 0.1000000015
49279  -15.472  -48.579  -15.829 0.1000000015
49280  -16.197  -48.603  -15.911 0.1000000015
49291  -12.891  -48.427  -16.172 0.1000000015
49292  -13.476  -48.311  -16.133 0.1000000015
49293  -14.193  -48.210  -16.127 0.1000000015
49294  -15.038  -48.187  -16.300 0.1000000015
49295  -15.866  -48.342  -16.355 0.1000000015
49296  -16.679  -48.465  -16.409 0.2000000030
49297  -17.284  -48.531  -16.695 0.2000000030
49327  -18.225  -48.474  -18.866 0.1000000015
49328  -18.824  -48.673  -18.800 0.1000000015
49329  -23.088  -48.096  -18.836 0.1000000015
49339  -17.290  -48.007  -19.931 0.1000000015
49341  -18.853  -48.549  -19.542 0.1000000015
49343  -22.244  -48.245  -19.668 0.1000000015
49350  -17.267  -47.892  -20.436 0.1000000015
49352  -18.621  -48.279  -20.426 0.1000000015
49353  -19.253  -48.587  -20.199 0.1000000015
49355  -21.966  -48.429  -20.145 0.1000000015
49370  -21.783  -48.770  -20.676 0.1000000015
49384  -21.216  -48.386  -21.916 0.1000000015
49402  -20.779  -48.562  -23.391 0.1000000015
50152  -14.256  -47.764  3.145 0.2000000030
50160  -14.282  -47.591  2.515 0.2000000030
50162  -15.411  -48.426  2.659 0.2000000030
50163  -18.891  -47.348  2.503 0.3000000119
50169  -13.065  -47.855  1.350 1.0000000000
50171  -14.106  -47.621  1.831 0.6000000238
50177  -18.502  -47.447  2.205 0.2000000030
50182  -13.138  -47.935  1.107 1.0000000000
50183  -13.432  -47.884  1.181 1.0000000000
50184  -13.944  -47.827  1.258 0.6000000238
50186  -15.463  -47.946  1.057 0.5000000000
50193  -15.751  -48.156  0.509 0.3000000119
50203  -18.385  -46.972  -0.518 0.1000000015
50212  -18.552  -47.155  -0.993 0.1000000015
50222  -2.872  -47.693  -2.335 0.6999999881
50223  -3.388  -47.791  -1.957 0.6999999881
50224  -4.065  -47.751  -1.859 0.6999999881
50225  -4.694  -47.716  -1.998 0.6000000238
50226  -5.266  -47.686  -2.256 0.6999999881
50245  -4.307  -47.413  -3.167 0.6999999881
50246  -4.614  -47.336  -3.154 0.6999999881
50249  -7.303  -46.790  -2.566 0.6000000238
50250  -18.048  -47.514  -2.982 0.3000000119
50268  -3.278  -47.759  -3.457 0.6999999881
50271  -5.103  -47.358  -3.829 0.6999999881
50272  -6.202  -48.056  -3.001 0.3000000119
50274  -7.800  -47.106  -2.924 0.6000000238
50277  -17.632  -47.509  -3.655 0.3000000119
50278  -19.069  -47.465  -3.936 0.6000000238
50280  -23.305  -47.606  -3.081 0.6999999881
50297  -3.484  -47.929  -4.064 0.6999999881
50298  -4.096  -47.735  -4.217 0.6999999881
50301  -7.107  -47.887  -3.625 0.3000000119
50303  -8.397  -47.332  -3.792 0.5000000000
50304  -8.825  -47.227  -4.503 0.5000000000
50305  -16.609  -48.239  -4.435 0.5000000000
50307  -17.528  -47.228  -3.912 0.3000000119
50323  -7.964  -47.819  -4.209 0.5000000000
50325  -8.925  -47.446  -5.145 0.5000000000
50329  -18.190  -47.542  -5.268 0.6000000238
50330  -24.297  -47.822  -4.766 0.4000000060
50339  -3.118  -48.269  -5.186 0.8000000119
50343  -5.968  -47.650  -6.098 0.6999999881
50344  -6.714  -47.493  -6.091 0.8000000119
50345  -7.232  -47.405  -6.333 0.8000000119
50348  -9.595  -47.459  -6.320 0.3000000119
50350  -16.836  -47.887  -5.788 0.6000000238
50351  -17.124  -47.971  -5.999 0.5000000000
50364  -5.468  -47.556  -6.873 0.6000000238
50367  -7.425  -47.295  -6.794 0.8000000119
50370  -9.873  -47.587  -6.872 0.3000000119
50383  -3.903  -47.691  -7.481 0.6999999881
50384  -4.447  -47.421  -7.383 0.6999999881
50387  -7.142  -47.283  -7.283 0.6000000238
50388  -7.526  -47.230  -7.203 0.8000000119
50389  -9.504  -48.072  -7.223 0.3000000119
50392  -11.352  -47.682  -7.896 0.3000000119
50393  -23.212  -48.170  -7.829 0.3000000119
50409  -3.916  -47.871  -8.441 0.5000000000
50410  -4.175  -47.403  -8.709 0.4000000060
50411  -11.262  -48.163  -8.027 0.3000000119
50412  -11.680  -47.960  -8.230 0.2000000030
50414  -12.660  -47.572  -8.520 0.2000000030
50416  -21.690  -47.762  -9.012 0.1000000015
50417  -22.165  -47.655  -8.871 0.1000000015
50419  -23.524  -47.210  -8.061 0.3000000119
50441  -4.092  -47.800  -9.206 0.5000000000
50442  -14.058  -47.583  -8.965 0.3000000119
50444  -15.500  -47.600  -9.186 0.1000000015
50452  -21.726  -47.386  -9.071 0.1000000015
50463  -4.282  -47.972  -10.022 0.3000000119
50492  -5.394  -47.673  -11.877 0.3000000119
50501  -9.904  -47.153  -12.710 0.1000000015
50513  -6.451  -47.392  -13.298 0.3000000119
50514  -6.829  -46.988  -13.396 0.3000000119
50515  -8.991  -47.210  -13.264 0.1000000015
50516  -9.424  -47.347  -13.054 0.1000000015
50532  -7.071  -47.266  -13.877 0.3000000119
50559  -12.828  -47.583  -16.457 0.1000000015
50567  -12.612  -48.178  -16.315 0.1000000015
50571  -15.131  -47.647  -16.652 0.1000000015
50577  -15.737  -47.679  -17.000 0.1000000015
50578  -16.248  -47.722  -17.309 0.1000000015
50584  -16.657  -47.752  -17.708 0.1000000015
50585  -16.971  -47.721  -18.208 0.2000000030
50595  -22.133  -47.067  -19.312 0.1000000015
50596  -22.534  -47.498  -19.073 0.1000000015
50597  -23.194  -47.540  -18.549 0.1000000015
50607  -16.884  -46.958  -19.786 0.1000000015
50608  -16.994  -47.394  -19.531 0.1000000015
50622  -16.835  -47.644  -20.338 0.1000000015
50623  -17.229  -47.744  -20.778 0.1000000015
50624  -21.393  -47.578  -20.640 0.1000000015
50625  -21.715  -47.947  -20.277 0.1000000015
50641  -16.451  -47.147  -20.590 0.1000000015
50642  -16.857  -47.357  -21.019 0.1000000015
50643  -17.577  -47.403  -21.157 0.1000000015
50644  -18.214  -47.278  -21.362 0.1000000015
51458  -19.488  -46.603  3.155 0.1000000015
51468  -18.101  -46.883  1.649 0.1000000015
51474  -17.832  -46.708  0.963 0.1000000015
51496  -3.704  -47.165  -2.117 0.6999999881
51497  -4.293  -47.261  -2.276 0.6000000238
51500  -18.853  -46.575  -1.463 0.3000000119
51510  -3.182  -47.159  -2.628 0.6999999881
51512  -4.556  -47.250  -2.822 0.6999999881
51515  -6.921  -46.524  -2.528 0.6000000238
51516  -7.587  -46.434  -2.574 0.6000000238
51517  -8.062  -46.249  -2.723 0.6000000238
51519  -18.759  -46.535  -2.354 0.3000000119
51521  -20.140  -47.005  -2.965 0.6999999881
51539  -3.347  -47.468  -3.054 0.6999999881
51540  -3.564  -47.525  -3.221 0.6999999881
51541  -4.905  -47.229  -3.121 0.6999999881
51544  -7.073  -45.893  -3.522 0.6000000238
51547  -9.134  -46.167  -3.697 0.6000000238
51548  -9.421  -45.954  -3.877 0.6000000238
51551  -19.231  -46.931  -3.934 0.6000000238
51552  -19.598  -46.851  -3.519 0.6000000238
51553  -19.968  -46.550  -3.196 0.6000000238
51569  -5.418  -47.327  -4.087 0.6999999881
51572  -7.851  -46.084  -4.477 0.6000000238
51573  -8.672  -46.918  -3.492 0.5000000000
51576  -17.296  -46.815  -4.559 0.6000000238
51577  -17.448  -46.984  -4.084 0.4000000060
51585  -6.330  -47.311  -5.081 0.6999999881
51591  -10.567  -46.001  -5.415 0.5000000000
51605  -7.743  -46.981  -6.111 0.6999999881
51607  -9.279  -47.216  -5.453 0.4000000060
51611  -24.153  -47.170  -6.183 0.4000000060
51622  -4.783  -47.324  -7.377 0.8000000119
51625  -8.642  -46.668  -6.697 0.6999999881
51626  -9.132  -46.442  -6.944 0.6999999881
51630  -11.969  -45.954  -6.829 0.5000000000
51650  -6.857  -47.003  -7.794 0.6000000238
51654  -9.615  -46.533  -7.769 0.6999999881
51655  -10.732  -47.334  -7.299 0.4000000060
51657  -11.946  -46.295  -7.289 0.5000000000
51676  -4.139  -47.429  -8.424 0.4000000060
51679  -5.778  -46.640  -8.244 0.5000000000
51685  -9.951  -46.536  -8.435 0.5000000000
51686  -11.734  -47.418  -7.992 0.3000000119
51688  -13.023  -46.813  -8.487 0.3000000119
51691  -23.284  -46.834  -8.450 0.3000000119
51712  -4.431  -46.905  -9.033 0.4000000060
51713  -4.788  -46.482  -8.934 0.4000000060
51718  -9.727  -46.561  -8.876 0.5000000000
51719  -10.136  -46.488  -8.726 0.5000000000
51721  -15.111  -46.881  -9.177 0.2000000030
51743  -4.638  -46.896  -10.156 0.3000000119
51762  -4.483  -47.350  -10.300 0.3000000119
51772  -5.323  -47.244  -11.287 0.3000000119
51773  -5.825  -46.913  -11.610 0.3000000119
51774  -6.316  -46.654  -11.877 0.3000000119
51786  -6.131  -47.058  -12.167 0.3000000119
51788  -9.585  -46.818  -12.742 0.1000000015
51803  -6.375  -47.116  -12.636 0.3000000119
51804  -6.826  -46.775  -12.886 0.3000000119
51805  -8.780  -46.948  -13.375 0.2000000030
51870  -13.243  -47.556  -16.493 0.1000000015
51890  -16.500  -47.247  -17.370 0.1000000015
51904  -16.800  -47.471  -17.875 0.1000000015
51907  -18.554  -46.780  -17.729 0.1000000015
51910  -23.673  -46.787  -17.890 0.1000000015
51923  -17.855  -46.860  -18.612 0.1000000015
51926  -22.267  -46.526  -18.994 0.1000000015
51927  -22.857  -46.812  -18.584 0.1000000015
51928  -23.322  -47.016  -18.268 0.1000000015
51937  -16.854  -46.753  -20.007 0.1000000015
51938  -17.230  -46.606  -19.707 0.1000000015
51939  -17.846  -46.627  -19.209 0.1000000015
51940  -18.191  -46.610  -18.908 0.1000000015
51941  -21.569  -46.481  -19.929 0.1000000015
51942  -21.927  -46.701  -19.473 0.1000000015
51954  -16.663  -46.605  -20.409 0.1000000015
51955  -16.951  -46.516  -20.123 0.1000000015
51974  -17.184  -46.779  -21.167 0.1000000015
52907  -6.680  -46.251  -2.732 0.6000000238
52908  -7.137  -46.089  -2.694 0.6000000238
52909  -7.680  -45.971  -2.800 0.6000000238
52910  -8.195  -46.024  -3.014 0.6000000238
52911  -18.265  -46.157  -2.995 0.4000000060
52929  -7.174  -45.743  -3.071 0.6000000238
52931  -8.577  -46.011  -3.600 0.6000000238
52933  -9.591  -45.791  -4.011 0.6000000238
52939  -24.246  -45.250  -3.657 0.8000000119
52955  -7.462  -45.817  -3.607 0.6999999881
52956  -8.089  -45.890  -4.092 0.6000000238
52957  -8.935  -45.772  -4.237 0.6000000238
52958  -9.532  -45.574  -4.287 0.5000000000
52959  -9.803  -45.787  -4.433 0.5000000000
52962  -19.207  -46.208  -4.212 0.6000000238
52964  -24.469  -45.751  -4.068 0.8000000119
52969  -8.665  -45.863  -4.940 0.6000000238
52972  -10.720  -45.789  -5.195 0.5000000000
52974  -17.552  -46.248  -4.816 0.6000000238
52976  -18.414  -46.269  -5.074 0.6000000238
52977  -24.660  -45.663  -4.860 0.6000000238
52981  -8.816  -45.970  -5.794 0.6000000238
52983  -9.917  -45.202  -6.023 0.5000000000
52984  -10.995  -46.009  -5.589 0.5000000000
52985  -11.357  -45.653  -5.688 0.5000000000
52997  -9.280  -46.075  -6.539 0.6999999881
52999  -10.756  -45.201  -6.795 0.6000000238
53000  -11.532  -45.910  -6.076 0.5000000000
53016  -9.863  -46.166  -7.371 0.6000000238
53018  -11.426  -45.301  -7.708 0.6000000238
53019  -12.476  -45.645  -7.176 0.5000000000
53020  -12.879  -45.555  -7.584 0.5000000000
53021  -23.957  -46.248  -7.771 0.5000000000
53039  -5.136  -46.276  -8.982 0.5000000000
53040  -5.636  -46.205  -8.733 0.5000000000
53046  -12.854  -45.974  -7.953 0.5000000000
53072  -4.825  -46.421  -9.405 0.4000000060
53075  -7.212  -45.919  -9.298 0.5000000000
53078  -9.452  -46.255  -9.476 0.5000000000
53080  -11.003  -45.935  -9.089 0.6000000238
53083  -15.460  -46.155  -9.204 0.3000000119
53092  -22.500  -45.985  -9.194 0.4000000060
53108  -4.634  -46.687  -9.792 0.4000000060
53110  -5.545  -45.924  -10.400 0.4000000060
53114  -9.895  -45.785  -9.955 0.5000000000
53115  -10.643  -45.736  -9.755 0.6000000238
53136  -5.326  -46.452  -10.692 0.4000000060
53145  -6.667  -46.239  -11.875 0.3000000119
53155  -7.022  -46.195  -12.345 0.3000000119
53156  -7.373  -45.940  -12.575 0.3000000119
53159  -11.038  -45.695  -12.097 0.1000000015
53171  -7.235  -46.278  -12.916 0.3000000119
53173  -8.742  -46.532  -13.363 0.2000000030
53185  -7.421  -46.191  -13.358 0.3000000119
53188  -8.833  -45.626  -13.423 0.2000000030
53236  -23.877  -45.753  -17.491 0.1000000015
53263  -18.919  -46.079  -18.904 0.1000000015
53264  -19.338  -46.238  -18.420 0.1000000015
53275  -17.452  -46.016  -19.920 0.1000000015
53294  -16.740  -46.203  -20.861 0.1000000015
53295  -17.096  -46.103  -20.355 0.1000000015
53296  -21.279  -45.844  -20.346 0.1000000015
53311  -16.936  -46.413  -21.119 0.1000000015
53312  -17.332  -46.081  -21.032 0.1000000015
53313  -18.189  -46.024  -21.215 0.1000000015
54233  -19.514  -45.496  3.392 0.1000000015
54242  -19.300  -45.427  2.914 0.1000000015
54248  -18.701  -45.211  1.633 0.1000000015
54254  -18.666  -45.175  0.827 0.1000000015
54274  -19.133  -45.223  -0.812 0.1000000015
54282  -19.126  -45.391  -1.436 0.1000000015
54283  -19.191  -45.021  -1.597 0.3000000119
54287  -18.959  -45.186  -2.029 0.3000000119
54292  -17.599  -45.036  -3.138 0.5000000000
54293  -18.015  -45.360  -3.008 0.5000000000
54295  -19.774  -45.025  -3.389 0.6000000238
54299  -23.011  -45.108  -2.828 0.8000000119
54306  -17.794  -45.494  -3.300 0.4000000060
54311  -24.242  -44.820  -3.687 0.8000000119
54326  -9.803  -45.558  -4.463 0.5000000000
54327  -9.951  -45.593  -4.671 0.5000000000
54329  -17.826  -45.435  -4.548 0.6000000238
54331  -19.022  -45.875  -4.384 0.6000000238
54342  -10.741  -45.102  -5.386 0.6000000238
54343  -11.370  -44.996  -5.458 0.6000000238
54344  -11.855  -44.746  -5.547 0.6000000238
54345  -17.598  -45.803  -4.576 0.6000000238
54346  -17.930  -45.859  -4.825 0.6000000238
54355  -9.790  -45.367  -5.118 0.5000000000
54358  -11.770  -45.124  -5.633 0.5000000000
54359  -12.267  -44.904  -5.891 0.5000000000
54360  -12.701  -44.617  -6.345 0.6000000238
54369  -10.400  -45.076  -6.025 0.5000000000
54371  -11.474  -44.361  -6.722 0.5000000000
54372  -12.543  -45.119  -6.558 0.5000000000
54373  -12.960  -44.789  -6.792 0.5000000000
54382  -11.019  -45.061  -6.973 0.6000000238
54385  -13.110  -45.105  -7.413 0.5000000000
54400  -12.172  -44.653  -8.565 0.5000000000
54402  -13.547  -45.277  -8.176 0.5000000000
54421  -12.023  -44.843  -8.878 0.6000000238
54424  -15.068  -45.499  -9.096 0.4000000060
54434  -23.203  -44.868  -9.218 0.6000000238
54454  -6.077  -45.567  -10.733 0.3000000119
54455  -6.469  -45.080  -10.313 0.3000000119
54459  -9.550  -45.044  -10.330 0.5000000000
54461  -11.012  -45.145  -9.911 0.6000000238
54483  -9.238  -44.632  -10.373 0.5000000000
54490  -6.599  -45.962  -11.609 0.3000000119
54491  -7.015  -45.525  -11.768 0.3000000119
54493  -11.706  -44.745  -12.000 0.1000000015
54506  -9.893  -45.421  -12.654 0.3000000119
54508  -11.242  -45.042  -12.068 0.1000000015
54519  -7.817  -45.490  -13.135 0.3000000119
54531  -8.054  -45.547  -13.541 0.3000000119
54532  -8.490  -45.313  -13.504 0.3000000119
54585  -23.704  -45.472  -17.598 0.1000000015
54586  -23.994  -45.130  -17.400 0.1000000015
54601  -23.474  -45.057  -17.823 0.1000000015
54602  -23.776  -44.745  -17.609 0.1000000015
54612  -19.643  -45.405  -18.819 0.1000000015
54614  -22.039  -45.182  -19.158 0.1000000015
54623  -17.711  -45.701  -19.814 0.1000000015
54624  -18.141  -45.566  -19.599 0.1000000015
54626  -19.432  -44.817  -19.212 0.1000000015
54628  -21.643  -44.962  -19.624 0.1000000015
54660  -17.191  -45.378  -20.642 0.1000000015
54661  -17.773  -45.325  -21.041 0.1000000015
54662  -18.539  -45.295  -21.178 0.1000000015
55623  -19.186  -44.503  -1.259 0.1000000015
55624  -19.230  -44.815  -1.437 0.3000000119
55630  -18.981  -44.382  -1.896 0.2000000030
55631  -19.173  -44.727  -1.667 0.3000000119
55634  -18.686  -44.642  -2.368 0.4000000060
55635  -19.003  -44.768  -1.958 0.3000000119
55649  -23.287  -44.475  -2.918 0.8000000119
55650  -23.697  -44.432  -3.237 0.8999999762
55657  -17.155  -44.042  -3.645 0.6000000238
55658  -17.463  -44.581  -3.908 0.6000000238
55660  -18.923  -44.597  -4.012 0.6999999881
55662  -24.105  -44.333  -3.699 0.8000000119
55663  -24.310  -44.621  -3.856 0.6000000238
55674  -17.641  -45.098  -4.299 0.5000000000
55676  -18.531  -44.892  -4.423 0.6999999881
55678  -24.391  -44.368  -4.176 0.6000000238
55690  -11.572  -44.424  -5.586 0.6000000238
55691  -12.057  -44.377  -5.735 0.6000000238
55700  -11.257  -44.434  -5.951 0.6000000238
55703  -12.998  -44.213  -6.611 0.5000000000
55704  -24.685  -44.264  -5.661 0.5000000000
55713  -11.438  -44.247  -6.354 0.6000000238
55714  -11.770  -43.935  -6.589 0.5000000000
55717  -13.524  -44.228  -7.386 0.5000000000
55718  -24.688  -44.113  -6.323 0.6999999881
55727  -11.817  -44.231  -7.029 0.5000000000
55728  -12.255  -44.129  -7.305 0.5000000000
55729  -13.426  -44.633  -7.476 0.5000000000
55730  -13.718  -44.522  -7.764 0.5000000000
55731  -24.699  -44.280  -6.968 0.5000000000
55747  -11.964  -44.497  -7.542 0.5000000000
55748  -12.375  -44.351  -8.112 0.5000000000
55750  -14.017  -44.637  -8.215 0.5000000000
55752  -14.994  -44.438  -8.760 0.5000000000
55753  -15.496  -44.259  -8.802 0.5000000000
55772  -12.713  -43.915  -8.996 0.5000000000
55773  -14.829  -44.982  -8.898 0.5000000000
55803  -6.943  -44.841  -10.256 0.3000000119
55805  -8.084  -44.323  -10.293 0.4000000060
55810  -12.089  -43.883  -9.700 0.6000000238
55827  -8.064  -43.880  -10.618 0.5000000000
55828  -9.043  -44.032  -10.447 0.5000000000
55829  -9.637  -44.220  -10.446 0.5000000000
55830  -10.217  -43.823  -10.351 0.4000000060
55837  -7.377  -44.588  -11.593 0.3000000119
55851  -10.724  -44.298  -12.530 0.3000000119
55852  -11.312  -44.248  -12.325 0.1000000015
55853  -12.057  -44.065  -12.306 0.1000000015
55867  -7.951  -45.022  -12.951 0.3000000119
55882  -8.699  -44.989  -13.567 0.3000000119
55883  -8.998  -44.891  -13.491 0.3000000119
55959  -19.920  -44.499  -18.900 0.1000000015
55962  -22.638  -44.429  -18.594 0.1000000015
55975  -17.758  -45.268  -19.858 0.1000000015
55976  -18.259  -44.714  -19.806 0.1000000015
55995  -17.510  -44.918  -20.181 0.1000000015
55996  -17.934  -44.417  -20.384 0.1000000015
57113  -20.880  -43.125  -2.244 0.8000000119
57114  -21.261  -43.086  -2.338 0.8000000119
57121  -16.543  -43.641  -3.228 0.6000000238
57129  -23.136  -43.723  -2.915 0.8000000119
57138  -17.394  -43.773  -3.735 0.6999999881
57151  -24.431  -43.876  -4.622 0.5000000000
57169  -11.963  -43.705  -6.398 0.5000000000
57170  -12.306  -43.719  -6.388 0.6000000238
57180  -12.111  -43.751  -6.623 0.5000000000
57181  -12.499  -43.819  -6.906 0.5000000000
57182  -13.221  -43.761  -7.158 0.6000000238
57184  -14.023  -43.654  -7.806 0.5000000000
57197  -12.717  -43.949  -7.575 0.5000000000
57200  -14.348  -43.703  -8.016 0.5000000000
57203  -24.465  -43.322  -7.733 0.5000000000
57204  -24.544  -43.568  -7.483 0.5000000000
57222  -13.029  -43.714  -8.526 0.5000000000
57223  -14.309  -44.237  -8.251 0.5000000000
57224  -14.696  -44.085  -8.384 0.5000000000
57225  -15.197  -43.883  -8.508 0.5000000000
57227  -16.540  -43.524  -8.496 0.4000000060
57242  -12.488  -43.795  -9.395 0.5000000000
57245  -17.095  -43.780  -8.790 0.4000000060
57248  -19.561  -43.935  -9.627 0.4000000060
57272  -10.348  -43.092  -10.254 0.4000000060
57273  -10.690  -43.540  -10.242 0.5000000000
57276  -12.890  -42.977  -9.660 0.4000000060
57301  -10.286  -43.573  -10.310 0.4000000060
57308  -7.782  -43.909  -11.487 0.4000000060
57331  -9.219  -43.517  -13.557 0.3000000119
57345  -9.533  -43.133  -13.801 0.3000000119
57413  -23.625  -43.460  -17.880 0.1000000015
57414  -24.063  -43.833  -17.461 0.1000000015
57420  -19.665  -43.628  -19.088 0.1000000015
57423  -22.646  -43.608  -18.637 0.1000000015
58610  -20.712  -42.507  -2.151 0.8000000119
58619  -16.544  -42.939  -3.064 0.6000000238
58623  -21.511  -42.967  -2.390 0.8000000119
58624  -21.979  -42.971  -2.451 0.8000000119
58632  -17.205  -43.126  -3.599 0.6000000238
58634  -18.712  -43.091  -3.279 0.6999999881
58645  -23.852  -42.957  -4.519 0.6999999881
58653  -23.883  -42.802  -5.217 0.8000000119
58662  -24.395  -43.118  -6.513 0.6999999881
58672  -13.475  -43.587  -7.666 0.6000000238
58673  -13.769  -43.352  -7.680 0.5000000000
58676  -24.405  -43.176  -7.075 0.6000000238
58693  -13.796  -43.151  -8.108 0.5000000000
58694  -14.295  -42.983  -7.811 0.5000000000
58695  -15.018  -43.017  -7.865 0.5000000000
58697  -24.305  -42.879  -7.487 0.5000000000
58714  -13.897  -42.905  -8.656 0.5000000000
58732  -13.362  -42.958  -9.232 0.5000000000
58733  -13.826  -42.637  -9.310 0.6000000238
58734  -16.670  -42.629  -8.846 0.5000000000
58757  -17.372  -42.773  -9.934 0.6000000238
58762  -21.570  -42.156  -10.062 0.8000000119
58776  -8.863  -42.999  -10.770 0.5000000000
58780  -18.248  -42.507  -10.842 0.6999999881
58812  -10.158  -42.872  -13.461 0.3000000119
58831  -9.369  -42.822  -13.697 0.2000000030
58832  -9.867  -42.865  -13.701 0.3000000119
58833  -10.192  -42.561  -13.549 0.3000000119
58904  -23.129  -42.573  -18.336 0.1000000015
60045  -21.859  -41.648  -2.396 0.8999999762
60073  -23.415  -42.113  -4.007 0.6999999881
60134  -15.176  -42.341  -7.867 0.5000000000
60135  -15.876  -42.302  -7.970 0.5000000000
60143  -14.192  -42.567  -8.869 0.5000000000
60144  -14.654  -42.292  -8.585 0.5000000000
60145  -15.377  -42.067  -8.555 0.6999999881
60148  -23.650  -41.763  -8.197 0.8000000119
60160  -14.885  -42.056  -9.242 0.6000000238
60162  -16.310  -42.244  -9.354 0.6000000238
60165  -23.570  -41.860  -8.515 0.8000000119
60174  -10.710  -42.443  -10.136 0.4000000060
60176  -11.923  -41.869  -10.176 0.4000000060
60177  -12.709  -41.858  -10.244 0.4000000060
60183  -17.165  -42.376  -10.519 0.6999999881
60186  -22.294  -41.406  -9.685 0.6000000238
60203  -13.825  -41.510  -10.588 0.5000000000
60204  -14.625  -41.584  -10.604 0.6999999881
60205  -15.420  -41.682  -10.591 0.6000000238
60207  -16.823  -41.952  -10.771 0.6999999881
60210  -19.129  -41.516  -11.286 0.6000000238
60211  -19.905  -41.505  -10.867 0.6000000238
60223  -8.734  -42.399  -11.173 0.4000000060
60224  -9.023  -41.944  -11.102 0.4000000060
60225  -17.904  -41.413  -11.446 0.6999999881
60227  -18.861  -41.077  -11.439 0.6000000238
60246  -8.526  -42.315  -12.159 0.3000000119
60249  -10.258  -41.940  -13.552 0.3000000119
60268  -9.264  -42.331  -13.428 0.2000000030
60330  -24.698  -41.650  -17.095 0.1000000015
60342  -23.757  -41.559  -17.921 0.1000000015
60362  -23.363  -41.614  -18.284 0.1000000015
61391  -14.681  -40.946  -0.724 0.1000000015
61434  -18.649  -40.897  -2.389 0.6000000238
61453  -19.028  -41.694  -2.549 0.6999999881
61508  -24.151  -40.737  -6.119 0.6999999881
61509  -24.288  -41.280  -6.283 0.6999999881
61529  -23.554  -41.239  -8.019 0.8000000119
61552  -12.000  -41.367  -10.388 0.3000000119
61554  -20.948  -40.899  -10.335 0.8999999762
61570  -10.913  -40.924  -10.525 0.4000000060
61572  -12.473  -41.080  -10.596 0.3000000119
61577  -16.531  -41.495  -11.154 0.8000000119
61597  -9.617  -40.750  -11.137 0.5000000000
61598  -14.297  -40.566  -11.591 0.6000000238
61626  -9.357  -41.071  -12.963 0.1000000015
61711  -24.575  -41.032  -17.306 0.1000000015
62806  -14.232  -39.956  -1.437 0.1000000015
62807  -14.409  -40.274  -1.484 0.1000000015
62829  -19.234  -40.413  -2.000 0.8000000119
62830  -20.030  -40.488  -1.868 0.5000000000
62831  -20.843  -40.483  -1.941 0.6999999881
62833  -21.979  -40.863  -2.499 0.8000000119
62846  -16.699  -40.728  -2.726 0.5000000000
62848  -17.989  -40.411  -2.534 0.6000000238
62849  -21.905  -40.085  -2.682 0.8000000119
62851  -22.682  -40.995  -3.297 0.8000000119
62863  -22.527  -40.052  -3.794 0.8000000119
62877  -22.746  -40.365  -4.566 0.8000000119
62895  -23.710  -39.981  -7.481 0.8000000119
62898  -23.115  -40.261  -7.896 0.8000000119
62906  -22.688  -40.492  -9.021 0.6999999881
62907  -22.919  -40.346  -8.545 0.6999999881
62953  -13.866  -39.967  -11.729 0.4000000060
62954  -14.385  -40.164  -11.875 0.4000000060
62955  -15.157  -40.208  -12.147 0.6000000238
62956  -15.969  -40.407  -12.117 0.6000000238
62960  -19.009  -39.935  -11.478 0.6000000238
62975  -9.252  -40.377  -12.022 0.5000000000
62976  -9.497  -40.077  -12.392 0.4000000060
62979  -17.052  -39.685  -12.159 0.6000000238
62980  -17.378  -39.593  -12.057 0.6000000238
62988  -9.333  -40.554  -12.553 0.3000000119
64087  -21.208  -39.807  -2.162 0.6999999881
64099  -17.018  -40.142  -2.615 0.4000000060
64140  -22.769  -38.209  -4.644 0.6999999881
64141  -22.815  -38.585  -4.545 0.6999999881
64195  -22.097  -39.742  -9.395 0.8000000119
64209  -10.916  -39.451  -10.870 0.4000000060
64225  -9.806  -39.628  -11.602 0.5000000000
64227  -13.476  -39.472  -11.689 0.3000000119
64228  -14.091  -39.474  -12.064 0.4000000060
64229  -14.672  -39.713  -12.253 0.4000000060
64250  -9.472  -39.848  -12.033 0.5000000000
64252  -10.329  -39.074  -12.711 0.3000000119
64258  -17.795  -38.775  -12.034 0.6000000238
65348  -20.553  -39.035  -2.005 0.6999999881
65367  -21.344  -39.055  -2.479 0.6999999881
65368  -21.760  -39.332  -2.765 0.8000000119
65402  -22.269  -37.579  -4.109 0.8000000119
65403  -22.564  -38.469  -3.507 0.8000000119
65494  -21.593  -38.925  -9.640 0.6999999881
65523  -10.396  -38.425  -11.454 0.4000000060
65547  -13.670  -38.233  -12.255 0.5000000000
65548  -14.071  -38.657  -12.359 0.4000000060
65552  -17.195  -38.455  -12.433 0.6000000238
65553  -17.639  -38.491  -12.154 0.6000000238
65574  -11.005  -38.920  -12.772 0.3000000119
65578  -15.149  -38.093  -13.075 0.5000000000
65579  -15.542  -38.264  -13.073 0.4000000060
65580  -15.958  -38.378  -13.047 0.6000000238
66609  -16.423  -37.397  -1.483 0.3000000119
66652  -22.152  -38.112  -3.009 0.8000000119
66672  -21.399  -37.905  -4.840 0.6000000238
66683  -21.038  -37.797  -5.353 0.6000000238
66694  -21.021  -37.955  -5.942 0.6000000238
66696  -22.039  -38.481  -7.066 0.6000000238
66708  -22.141  -38.389  -7.682 0.5000000000
66737  -21.708  -38.256  -9.334 0.6999999881
66738  -21.932  -38.323  -9.016 0.6999999881
66754  -10.941  -38.057  -11.261 0.4000000060
66765  -10.278  -38.326  -11.690 0.4000000060
66766  -10.553  -38.043  -11.656 0.4000000060
66767  -10.908  -37.757  -11.537 0.4000000060
66768  -12.291  -37.884  -11.218 0.4000000060
66770  -18.179  -37.562  -11.868 0.6000000238
66772  -19.018  -37.869  -11.422 0.6000000238
66783  -10.221  -38.257  -11.919 0.4000000060
66784  -10.585  -38.012  -12.174 0.4000000060
66786  -11.571  -37.374  -12.751 0.3000000119
66790  -16.555  -37.551  -13.028 0.6000000238
66814  -14.278  -37.407  -12.870 0.5000000000
66815  -14.719  -37.740  -12.992 0.5000000000
67864  -16.598  -36.902  -1.363 0.3000000119
67897  -21.169  -37.880  -3.029 0.5000000000
67924  -21.208  -37.479  -4.242 0.4000000060
67936  -20.864  -37.218  -4.945 0.6000000238
67945  -20.410  -36.930  -5.401 0.4000000060
67985  -21.817  -37.996  -9.093 0.6999999881
68003  -21.183  -37.383  -9.834 0.6999999881
68018  -11.092  -37.664  -11.480 0.4000000060
68032  -11.849  -37.236  -11.397 0.4000000060
68053  -16.537  -37.182  -13.069 0.6000000238
68072  -11.534  -36.493  -12.734 0.3000000119
68074  -12.462  -37.094  -13.280 0.1000000015
68075  -13.991  -37.053  -12.734 0.6000000238
68078  -16.146  -37.043  -13.210 0.6000000238
69266  -16.957  -36.324  -1.388 0.4000000060
69267  -17.625  -36.317  -1.533 0.4000000060
69283  -18.968  -36.137  -2.144 0.4000000060
69296  -20.088  -36.103  -3.032 0.4000000060
69297  -20.517  -36.519  -3.560 0.4000000060
69317  -20.416  -36.588  -4.977 0.6000000238
69399  -11.499  -36.129  -12.463 0.3000000119
69400  -12.898  -36.560  -11.840 0.5000000000
69401  -13.265  -36.580  -12.216 0.4000000060
69402  -16.807  -36.126  -13.029 0.5000000000
69427  -11.702  -36.031  -12.851 0.3000000119
69449  -12.343  -36.042  -13.355 0.3000000119
69450  -12.727  -36.164  -13.767 0.1000000015
70644  -18.074  -35.608  -1.940 0.4000000060
70652  -18.513  -35.354  -2.296 0.3000000119
70680  -20.198  -36.278  -5.107 0.4000000060
70690  -19.548  -35.980  -5.999 0.4000000060
70694  -18.654  -34.664  -6.580 0.2000000030
70739  -11.617  -35.572  -11.966 0.4000000060
70741  -12.279  -35.848  -11.672 0.4000000060
70758  -17.592  -35.432  -12.519 0.5000000000
70781  -11.901  -35.489  -12.935 0.3000000119
70782  -13.100  -35.432  -12.149 0.4000000060
70784  -14.213  -35.370  -13.180 0.5000000000
70806  -12.220  -35.466  -13.253 0.3000000119
70809  -14.680  -34.928  -13.472 0.5000000000
71986  -16.441  -35.067  -1.495 0.2000000030
71996  -16.404  -34.646  -1.689 0.2000000030
71998  -17.749  -34.847  -2.188 0.3000000119
72007  -18.500  -34.809  -2.778 0.3000000119
72009  -19.626  -35.448  -3.351 0.3000000119
72017  -18.612  -34.533  -3.294 0.2000000030
72026  -19.015  -34.623  -4.356 0.1000000015
72044  -18.046  -34.332  -5.970 0.1000000015
72048  -17.094  -33.969  -6.823 0.2000000030
72051  -18.962  -34.484  -6.790 0.2000000030
72057  -17.964  -33.856  -6.812 0.2000000030
72058  -19.334  -34.215  -7.017 0.3000000119
72092  -11.891  -35.290  -11.907 0.3000000119
72093  -12.262  -35.319  -11.828 0.4000000060
72095  -18.196  -34.799  -12.036 0.5000000000
72096  -18.584  -34.808  -11.700 0.4000000060
72110  -11.804  -35.269  -12.202 0.4000000060
72112  -12.853  -34.941  -12.090 0.4000000060
72113  -13.179  -34.433  -12.379 0.4000000060
72131  -11.737  -35.369  -12.416 0.4000000060
72134  -13.537  -34.772  -12.615 0.4000000060
72137  -16.330  -34.702  -13.578 0.5000000000
72156  -12.107  -35.012  -13.073 0.3000000119
72158  -14.533  -34.471  -13.489 0.5000000000
72160  -15.790  -34.354  -13.799 0.4000000060
72170  -12.745  -34.845  -13.972 0.1000000015
73379  -15.809  -34.581  -1.530 0.2000000030
73399  -16.979  -33.853  -2.479 0.1000000015
73400  -17.537  -34.078  -2.650 0.1000000015
73409  -18.634  -34.447  -3.525 0.2000000030
73418  -18.663  -34.321  -3.881 0.2000000030
73437  -16.730  -33.869  -7.015 0.2000000030
73438  -17.182  -33.859  -7.017 0.2000000030
73439  -18.346  -33.886  -6.788 0.2000000030
73452  -20.037  -33.630  -8.257 0.5000000000
73494  -13.358  -33.997  -12.594 0.5000000000
73510  -12.177  -34.244  -12.545 0.3000000119
73512  -14.243  -34.094  -13.394 0.3000000119
74747  -16.276  -33.897  -2.085 0.1000000015
74775  -16.721  -32.909  -4.300 0.1000000015
74790  -16.476  -33.136  -5.778 0.1000000015
74841  -12.569  -33.690  -12.567 0.3000000119
74842  -13.057  -33.411  -12.685 0.5000000000
74861  -13.342  -33.030  -13.025 0.2000000030
74887  -15.768  -33.077  -13.939 0.4000000060
76251  -19.629  -32.476  -9.276 0.2000000030
76283  -12.487  -33.261  -12.770 0.3000000119
76286  -17.917  -32.601  -12.379 0.2000000030
76306  -12.999  -32.649  -12.972 0.3000000119
76308  -16.604  -32.473  -13.589 0.4000000060
76331  -14.630  -32.384  -13.918 0.2000000030
77743  -17.300  -32.063  -13.109 0.3000000119
77765  -12.559  -32.103  -13.415 0.2000000030
77791  -14.241  -31.708  -13.798 0.1000000015
79223  -18.693  -30.988  -8.771 0.1000000015
79279  -16.602  -31.352  -13.686 0.2000000030
79300  -13.868  -31.147  -13.710 0.1000000015
83104  -18.533  -29.063  -10.807 0.1000000015
226722  -14.995  -83.698  -17.419 0.2000000030
226724  -15.794  -82.838  -15.868 0.6999999881
226725  -14.295  -83.171  -18.511 0.1000000015
226727  -14.421  -83.453  -18.545 0.1000000015
226729  -14.352  -83.787  -18.012 0.1000000015
226730  1.326  -79.822  -15.010 0.2000000030
226734  -0.676  -49.990  -0.875 0.8000000119
226735  -1.332  -50.057  -0.321 0.8999999762
