#!ascii label  , from subject FS6EXPERT_subj01_ver10 vox2ras=TkReg
10398
1962  -5.005  -82.906  -14.379 0.6999999881
1492  -5.511  -83.407  -14.243 0.6000000238
1963  -5.841  -82.745  -14.270 0.6000000238
1493  -6.353  -83.204  -14.184 0.6000000238
1096  -7.070  -83.533  -14.226 0.6000000238
504  -7.305  -84.364  -14.022 0.3000000119
505  -8.091  -84.261  -13.791 0.3000000119
749  -9.114  -83.998  -13.941 0.3000000119
510  -8.128  -84.051  -14.294 0.5000000000
506  -8.853  -84.212  -13.852 0.3000000119
1099  -9.708  -83.523  -13.643 0.3000000119
512  -9.355  -84.026  -14.291 0.5000000000
1515  -13.196  -83.341  -14.791 0.4000000060
1125  -14.349  -83.483  -16.220 0.4000000060
226723  -15.331  -83.071  -16.259 0.6000000238
2481  -4.467  -82.435  -14.498 0.8000000119
2482  -5.337  -82.092  -14.392 0.8000000119
3036  -5.996  -81.596  -14.255 0.8000000119
2483  -6.232  -82.154  -14.255 0.8000000119
1964  -6.631  -82.617  -14.195 0.6999999881
1965  -7.378  -82.448  -14.174 0.6999999881
1496  -8.537  -82.608  -14.437 0.8000000119
1512  -7.888  -82.970  -14.374 0.6000000238
776  -7.993  -83.948  -14.514 0.5000000000
1514  -8.906  -82.788  -14.788 0.8000000119
1110  -7.920  -83.331  -14.465 0.6999999881
788  -9.077  -83.686  -15.057 0.6000000238
520  -9.470  -84.017  -14.786 0.5000000000
1120  -9.475  -83.255  -15.372 0.6000000238
789  -9.872  -83.738  -15.389 0.6000000238
513  -10.128  -84.002  -14.627 0.5000000000
507  -9.526  -83.977  -14.120 0.3000000119
1995  -9.722  -82.773  -15.331 0.8000000119
514  -10.993  -84.109  -15.059 0.4000000060
1101  -11.022  -83.408  -14.041 0.3000000119
1121  -10.255  -83.423  -15.747 0.8000000119
523  -11.755  -84.188  -15.810 0.6000000238
1103  -12.323  -83.877  -14.585 0.4000000060
1501  -12.992  -83.401  -14.697 0.3000000119
1533  -10.917  -83.051  -15.837 0.8999999762
1123  -11.474  -83.499  -16.162 0.8000000119
791  -11.283  -83.859  -15.802 0.8000000119
516  -12.129  -84.342  -15.837 0.6000000238
1124  -12.127  -83.600  -16.513 0.8000000119
524  -12.367  -84.192  -16.180 0.6999999881
795  -13.748  -83.749  -16.338 0.6000000238
782  -13.710  -83.699  -15.983 0.6000000238
1130  -12.940  -83.737  -16.958 0.8999999762
525  -13.066  -84.022  -16.223 0.6000000238
1139  -15.263  -83.494  -17.219 0.6999999881
1131  -13.752  -83.989  -17.179 0.8000000119
226721  -14.478  -83.637  -16.781 0.6999999881
1138  -14.622  -83.708  -17.977 0.8999999762
1573  -15.126  -83.621  -18.317 0.8000000119
1153  -16.057  -83.256  -17.770 0.6999999881
1165  -15.934  -83.303  -18.917 0.8000000119
1166  -16.282  -83.041  -18.403 0.6999999881
4242  -3.407  -80.052  -12.846 1.0000000000
3585  -3.929  -80.299  -13.350 0.8000000119
3586  -4.669  -80.140  -13.372 0.8999999762
3606  -5.303  -80.428  -13.720 0.8999999762
3016  -5.739  -81.017  -14.116 0.8000000119
3607  -6.126  -80.479  -13.776 0.8999999762
3017  -6.618  -81.113  -14.016 0.8000000119
2466  -7.257  -81.596  -14.042 0.8999999762
2485  -7.725  -81.970  -14.098 0.8999999762
1966  -8.138  -82.279  -14.212 0.8999999762
3589  -8.340  -80.309  -13.313 1.0000000000
1967  -9.003  -81.796  -14.172 0.8999999762
1980  -9.528  -82.572  -14.963 0.8000000119
1997  -11.273  -82.588  -15.657 1.0000000000
1479  -12.057  -83.149  -13.986 0.3000000119
1534  -12.092  -83.063  -16.379 0.8999999762
1129  -12.925  -83.372  -16.987 0.8000000119
809  -14.262  -83.560  -18.242 0.8999999762
825  -15.096  -84.125  -19.548 0.8999999762
1164  -15.741  -83.600  -19.333 0.8000000119
1187  -15.799  -83.071  -20.031 0.8999999762
1599  -16.284  -82.977  -19.923 0.8000000119
1586  -16.413  -82.923  -19.233 0.8000000119
1587  -16.713  -82.746  -18.646 0.8000000119
2563  -17.553  -81.590  -18.738 0.6999999881
2078  -17.163  -82.267  -20.100 0.8999999762
2066  -17.034  -82.446  -19.310 0.8000000119
2596  -17.341  -81.912  -20.256 0.8000000119
2581  -17.700  -81.468  -19.521 0.8000000119
2090  -17.148  -82.058  -20.969 0.8999999762
3548  -1.865  -80.205  -11.716 1.0000000000
4922  -3.357  -79.392  -10.150 1.0000000000
4911  -3.745  -79.336  -9.660 1.0000000000
4213  -2.565  -79.749  -11.489 0.8999999762
4226  -2.714  -80.075  -12.261 1.0000000000
5665  -5.233  -78.333  -10.292 1.0000000000
4243  -4.250  -79.760  -12.936 1.0000000000
4227  -3.667  -79.571  -12.243 1.0000000000
4244  -5.413  -79.578  -13.079 1.0000000000
4979  -6.216  -79.043  -12.703 1.0000000000
4263  -5.781  -80.107  -13.523 0.8999999762
4245  -6.481  -79.559  -13.142 1.0000000000
4965  -7.496  -78.753  -12.454 0.8999999762
3587  -7.303  -80.118  -13.373 1.0000000000
4981  -7.750  -79.339  -12.790 1.0000000000
5694  -7.962  -78.286  -12.147 1.0000000000
3609  -7.920  -80.691  -13.503 1.0000000000
4247  -8.037  -79.815  -13.136 1.0000000000
3018  -7.533  -81.101  -13.808 0.8999999762
4967  -9.264  -79.090  -12.424 0.8999999762
2486  -8.521  -81.928  -14.108 0.8999999762
2467  -8.043  -81.578  -13.979 0.8999999762
3610  -8.699  -80.844  -13.487 1.0000000000
4983  -9.080  -79.641  -12.804 1.0000000000
3591  -9.762  -80.512  -13.172 1.0000000000
1498  -11.307  -83.162  -13.850 0.3000000119
2469  -9.550  -81.786  -14.049 1.0000000000
1949  -11.617  -82.819  -13.413 0.3000000119
2488  -10.113  -82.089  -14.481 1.0000000000
1981  -10.374  -82.427  -15.026 1.0000000000
2511  -11.356  -82.245  -15.404 1.0000000000
2512  -11.898  -82.278  -15.707 1.0000000000
1998  -12.298  -82.601  -16.237 1.0000000000
1571  -12.948  -82.916  -17.884 1.0000000000
807  -14.133  -83.441  -17.925 0.8999999762
2048  -14.054  -82.800  -17.834 1.0000000000
2049  -14.675  -82.736  -18.383 0.8999999762
226726  -14.537  -83.103  -18.909 0.8999999762
2063  -15.008  -82.799  -19.087 0.8999999762
1606  -15.381  -82.873  -19.711 0.8999999762
1614  -15.888  -83.021  -20.737 0.8999999762
2087  -15.501  -82.364  -20.240 0.8999999762
1608  -16.228  -82.820  -20.460 0.8999999762
2096  -15.921  -82.290  -20.996 0.8999999762
4358  -18.584  -79.501  -17.822 0.5000000000
4339  -18.438  -79.738  -17.096 0.6000000238
5045  -18.358  -79.129  -16.109 0.4000000060
2097  -16.462  -82.307  -21.268 0.8999999762
2623  -16.646  -82.050  -21.682 0.8999999762
3129  -18.128  -80.975  -19.821 0.8000000119
3715  -18.413  -80.434  -19.074 0.8000000119
2611  -17.231  -81.907  -21.253 0.8999999762
2597  -17.789  -81.400  -20.298 0.8999999762
3744  -18.331  -80.694  -20.457 0.8000000119
3731  -18.459  -80.428  -19.913 0.6000000238
3153  -17.993  -81.055  -21.384 1.0000000000
3757  -18.294  -80.678  -21.143 1.0000000000
4422  -18.498  -80.169  -21.576 1.0000000000
4423  -18.716  -79.484  -21.230 0.6999999881
3771  -18.183  -80.720  -21.978 1.0000000000
4436  -18.416  -80.212  -22.252 1.0000000000
4437  -18.618  -79.620  -22.120 0.8999999762
5146  -18.826  -79.025  -21.693 0.6999999881
4450  -18.579  -79.458  -22.895 0.6999999881
4199  -2.280  -79.741  -10.882 0.8999999762
4169  -2.186  -80.006  -9.855 1.0000000000
4921  -3.004  -79.473  -10.553 1.0000000000
4949  -3.061  -79.496  -11.314 0.8999999762
4924  -4.658  -78.742  -9.709 1.0000000000
5666  -5.982  -78.008  -10.520 1.0000000000
4951  -4.268  -78.894  -11.316 1.0000000000
4952  -5.032  -78.605  -11.233 1.0000000000
4961  -4.726  -78.924  -11.890 0.8999999762
4953  -5.635  -78.429  -11.541 0.8999999762
4978  -5.625  -78.979  -12.462 0.8999999762
5677  -6.227  -78.160  -11.326 1.0000000000
6470  -7.524  -77.708  -11.353 1.0000000000
5692  -6.659  -78.268  -11.886 1.0000000000
5679  -7.671  -77.905  -11.705 1.0000000000
5681  -9.084  -77.823  -11.656 1.0000000000
4249  -9.364  -80.023  -13.005 1.0000000000
4968  -10.219  -78.840  -12.128 1.0000000000
3020  -9.129  -81.364  -13.738 0.8999999762
1950  -12.420  -82.725  -13.729 0.3000000119
1934  -12.338  -82.478  -13.236 0.3000000119
2489  -10.792  -82.034  -14.689 1.0000000000
2028  -13.346  -82.823  -17.234 1.0000000000
2009  -13.595  -82.438  -16.954 1.0000000000
2031  -14.802  -82.329  -17.919 1.0000000000
2594  -15.438  -81.883  -19.916 0.8999999762
2610  -15.651  -81.962  -20.578 0.8999999762
5077  -18.693  -78.729  -17.770 0.6000000238
5067  -18.608  -78.742  -17.025 0.5000000000
2103  -16.265  -82.143  -21.289 0.8999999762
4359  -18.703  -79.180  -18.379 0.6000000238
5806  -18.904  -77.943  -18.122 0.6000000238
2633  -16.835  -81.528  -22.286 1.0000000000
4394  -18.756  -79.033  -19.460 0.6000000238
6595  -19.216  -77.355  -18.485 0.6999999881
6572  -19.319  -77.424  -17.712 0.5000000000
3179  -17.870  -80.926  -22.604 1.0000000000
3187  -17.633  -80.877  -23.178 1.0000000000
5107  -18.893  -78.390  -19.710 0.6999999881
5826  -18.999  -77.793  -19.020 0.6999999881
6632  -19.219  -77.340  -19.410 0.6999999881
3188  -17.954  -80.690  -23.063 1.0000000000
5881  -19.020  -78.282  -21.653 0.6999999881
5870  -19.014  -78.212  -20.866 0.6999999881
6647  -19.181  -77.389  -20.100 0.6999999881
7482  -20.456  -76.386  -20.503 0.5000000000
4464  -18.340  -79.882  -23.260 0.8999999762
6662  -19.139  -77.564  -20.942 0.6000000238
6663  -19.434  -77.022  -21.222 0.6000000238
7496  -19.834  -76.541  -21.124 0.6000000238
4480  -18.557  -79.187  -23.790 0.8999999762
5170  -18.724  -78.869  -23.317 0.8000000119
6688  -19.157  -77.401  -23.021 0.6999999881
6675  -19.250  -77.306  -21.959 0.6000000238
6676  -19.548  -76.841  -21.577 0.6000000238
3496  -2.017  -80.560  -9.258 1.0000000000
4170  -2.695  -79.982  -9.358 1.0000000000
4183  -3.011  -79.639  -9.762 1.0000000000
4164  -4.093  -79.539  -8.355 1.0000000000
2883  -3.137  -81.446  -6.815 1.0000000000
3474  -3.884  -80.281  -7.053 1.0000000000
3482  -3.549  -80.298  -7.825 1.0000000000
5658  -5.209  -78.318  -9.333 1.0000000000
328  -0.050  -85.078  -4.005 0.8999999762
608  0.222  -84.386  -4.667 1.0000000000
1317  -0.209  -83.699  -5.336 1.0000000000
2318  -2.831  -82.175  -5.928 1.0000000000
4156  -4.407  -79.435  -7.718 1.0000000000
5667  -6.690  -77.811  -10.710 1.0000000000
594  0.369  -83.983  -3.974 0.8999999762
1318  -0.720  -83.615  -5.293 1.0000000000
5660  -6.408  -77.761  -10.084 1.0000000000
311  0.081  -84.726  -2.683 0.8000000119
919  0.200  -83.721  -3.759 1.0000000000
1781  -1.941  -83.080  -5.229 1.0000000000
6472  -8.616  -77.367  -11.373 1.0000000000
579  0.407  -84.009  -2.669 0.8999999762
1308  -0.918  -83.301  -4.410 1.0000000000
1769  -2.620  -82.245  -4.774 1.0000000000
6459  -8.205  -77.087  -10.855 1.0000000000
909  0.214  -83.473  -3.117 1.0000000000
1766  -1.043  -82.853  -3.884 1.0000000000
5696  -9.605  -78.324  -11.965 1.0000000000
4251  -10.788  -80.006  -12.617 1.0000000000
3022  -10.703  -81.416  -13.926 1.0000000000
3593  -11.376  -80.500  -13.042 1.0000000000
3038  -10.455  -81.828  -14.235 1.0000000000
3613  -11.032  -80.996  -13.505 1.0000000000
3023  -11.467  -81.334  -14.075 1.0000000000
3055  -12.068  -81.848  -15.189 1.0000000000
3040  -11.872  -81.597  -14.770 1.0000000000
3041  -12.759  -81.110  -14.732 1.0000000000
3692  -4.618  -80.615  -17.934 1.0000000000
3098  -5.864  -81.256  -17.773 1.0000000000
2513  -12.661  -82.242  -16.087 1.0000000000
3057  -13.386  -81.396  -15.410 1.0000000000
3096  -4.282  -81.301  -18.085 1.0000000000
2541  -5.484  -81.950  -18.068 0.8999999762
2543  -7.004  -81.936  -18.024 1.0000000000
3101  -8.188  -81.250  -18.126 1.0000000000
1999  -12.641  -82.506  -16.353 1.0000000000
2526  -13.272  -82.294  -16.514 1.0000000000
3083  -14.276  -81.557  -16.401 1.0000000000
2042  -6.916  -82.908  -18.475 0.8000000119
2557  -8.050  -82.334  -18.783 1.0000000000
2558  -8.471  -81.960  -18.832 1.0000000000
2527  -14.200  -81.992  -16.914 1.0000000000
2548  -15.462  -81.656  -18.284 1.0000000000
1145  -6.068  -84.091  -19.230 0.8999999762
1569  -7.876  -83.272  -19.120 0.8999999762
1582  -8.901  -83.497  -20.166 0.6999999881
2045  -8.694  -82.338  -19.256 0.8999999762
2576  -9.299  -81.884  -19.850 0.8999999762
2560  -15.415  -81.907  -18.496 0.8999999762
824  -8.380  -84.370  -20.626 0.6999999881
1604  -9.529  -82.967  -21.255 0.6999999881
2593  -9.955  -81.794  -20.896 0.8999999762
2595  -15.651  -81.690  -19.976 1.0000000000
1610  -8.801  -83.390  -21.868 0.6999999881
2608  -10.264  -81.652  -21.630 0.8000000119
2622  -15.941  -81.785  -21.156 0.8999999762
1612  -9.954  -82.808  -22.028 0.6999999881
2621  -10.390  -81.908  -22.254 0.8000000119
3767  -10.871  -80.667  -22.075 1.0000000000
4433  -11.568  -79.739  -22.348 1.0000000000
3769  -16.093  -80.903  -21.694 1.0000000000
3176  -16.310  -81.340  -21.909 1.0000000000
2107  -9.965  -82.358  -23.051 0.8000000119
2636  -10.199  -81.984  -23.434 0.8000000119
3782  -11.279  -80.301  -22.859 1.0000000000
3186  -17.107  -80.929  -23.199 1.0000000000
3795  -16.767  -80.352  -23.606 1.0000000000
2634  -9.328  -81.825  -23.273 0.6000000238
2638  -9.978  -81.562  -24.058 0.6999999881
3192  -11.062  -80.860  -24.148 0.8999999762
4447  -11.832  -79.308  -23.101 1.0000000000
2642  -10.679  -81.131  -24.672 0.6999999881
3794  -11.365  -80.296  -23.777 0.8999999762
3809  -11.260  -80.431  -25.210 1.0000000000
4486  -11.611  -79.677  -25.161 1.0000000000
3797  -17.981  -80.364  -23.549 1.0000000000
5183  -18.566  -78.776  -24.186 0.8000000119
5903  -18.925  -78.077  -23.654 0.6999999881
7527  -19.602  -76.451  -22.774 0.5000000000
7512  -20.042  -76.282  -21.668 0.6000000238
7497  -20.494  -76.149  -21.421 0.5000000000
5198  -18.318  -78.555  -24.919 0.8000000119
5916  -18.722  -77.918  -24.658 0.6999999881
6700  -19.110  -77.253  -23.955 0.6999999881
7526  -19.281  -76.780  -23.267 0.6000000238
7540  -19.287  -76.626  -23.866 0.5000000000
7541  -19.563  -76.283  -23.449 0.5000000000
3486  -2.471  -80.694  -8.711 1.0000000000
4172  -3.801  -79.588  -8.822 1.0000000000
2891  -2.884  -81.200  -7.586 1.0000000000
1805  -1.129  -83.239  -6.813 1.0000000000
1793  -1.717  -83.269  -6.360 1.0000000000
2306  -3.108  -81.794  -5.437 1.0000000000
5651  -5.182  -78.320  -8.672 1.0000000000
1751  -0.490  -82.826  -3.387 1.0000000000
6473  -9.351  -77.259  -11.279 1.0000000000
4231  -10.140  -79.495  -12.471 1.0000000000
5698  -11.161  -78.148  -11.615 1.0000000000
4232  -11.039  -79.257  -12.233 1.0000000000
4252  -11.727  -79.908  -12.514 1.0000000000
4331  -6.421  -79.533  -17.190 1.0000000000
5060  -7.551  -78.711  -16.804 1.0000000000
3631  -12.953  -80.834  -14.459 1.0000000000
3594  -12.310  -80.383  -13.127 1.0000000000
4327  -3.457  -79.814  -17.707 1.0000000000
4329  -5.028  -79.412  -17.550 1.0000000000
3678  -7.474  -80.129  -17.400 1.0000000000
3676  -6.054  -80.040  -17.430 1.0000000000
3679  -8.112  -80.130  -17.542 1.0000000000
3632  -13.370  -80.775  -14.577 1.0000000000
3058  -14.159  -81.133  -15.590 1.0000000000
3690  -3.305  -80.735  -17.855 1.0000000000
3695  -7.069  -80.710  -17.599 1.0000000000
4353  -9.277  -79.864  -18.051 1.0000000000
3711  -9.784  -80.242  -18.934 1.0000000000
3073  -13.995  -81.476  -15.932 1.0000000000
3664  -15.006  -80.909  -16.069 1.0000000000
2022  -4.333  -82.655  -18.329 0.8999999762
1557  -5.507  -83.166  -18.482 0.6999999881
3102  -8.735  -80.990  -18.349 1.0000000000
3126  -9.596  -81.036  -19.555 1.0000000000
3084  -14.848  -81.372  -16.757 1.0000000000
3681  -15.676  -80.412  -17.321 1.0000000000
3700  -15.785  -80.423  -18.097 1.0000000000
2538  -2.993  -81.854  -17.750 0.8999999762
1157  -5.903  -84.328  -19.948 0.6000000238
822  -7.006  -84.285  -20.605 0.5000000000
1593  -6.613  -83.566  -20.924 0.4000000060
5104  -10.874  -79.125  -19.537 1.0000000000
3103  -15.185  -81.470  -17.407 1.0000000000
3104  -15.564  -81.133  -18.099 0.8999999762
3713  -15.849  -80.440  -18.869 1.0000000000
4374  -16.142  -79.698  -18.804 1.0000000000
3127  -10.046  -81.103  -20.330 0.8999999762
4406  -11.222  -79.499  -20.594 1.0000000000
2561  -15.571  -81.548  -18.784 0.8999999762
3729  -15.737  -80.737  -19.515 1.0000000000
4392  -16.185  -79.641  -19.734 1.0000000000
5119  -16.373  -79.072  -20.147 1.0000000000
2021  -3.485  -82.807  -18.346 0.8000000119
2091  -8.535  -82.886  -21.856 0.5000000000
3753  -10.724  -80.612  -21.230 1.0000000000
3742  -15.782  -80.797  -20.182 1.0000000000
3743  -16.039  -80.203  -20.456 1.0000000000
4407  -16.276  -79.586  -20.646 1.0000000000
5132  -16.529  -78.971  -20.935 1.0000000000
4419  -11.636  -79.352  -21.593 1.0000000000
5867  -12.167  -78.145  -21.359 1.0000000000
3755  -15.991  -80.754  -21.139 1.0000000000
3770  -16.222  -80.473  -22.007 1.0000000000
5144  -16.515  -79.161  -21.876 1.0000000000
2619  -8.971  -81.899  -22.203 0.5000000000
5890  -12.269  -78.345  -22.747 1.0000000000
6685  -12.564  -77.571  -23.042 1.0000000000
3177  -16.613  -81.010  -22.502 1.0000000000
3783  -16.412  -80.299  -22.848 1.0000000000
5145  -16.735  -78.423  -22.146 1.0000000000
5167  -12.086  -78.885  -23.468 1.0000000000
4463  -16.507  -79.705  -23.367 1.0000000000
5156  -16.611  -79.010  -22.910 1.0000000000
4477  -11.914  -79.170  -24.017 1.0000000000
5900  -12.360  -78.211  -23.681 1.0000000000
3804  -16.838  -80.045  -24.186 1.0000000000
3812  -17.590  -79.799  -24.792 1.0000000000
5196  -17.245  -78.892  -25.163 1.0000000000
5194  -11.994  -78.701  -25.273 0.8999999762
5197  -17.845  -78.824  -25.388 0.8999999762
5930  -18.039  -78.198  -25.892 0.8999999762
8357  -19.982  -75.781  -23.658 0.5000000000
7565  -19.031  -76.502  -25.155 0.6000000238
7566  -19.488  -75.874  -24.953 0.6000000238
8345  -19.923  -76.046  -22.899 0.5000000000
7554  -19.139  -76.728  -24.395 0.6000000238
3487  -2.931  -80.354  -8.641 1.0000000000
2890  -2.487  -81.428  -7.779 1.0000000000
2326  -2.536  -82.272  -6.703 1.0000000000
86  -1.146  -85.104  -3.758 0.6000000238
3462  -3.820  -80.543  -6.036 1.0000000000
4149  -4.378  -79.659  -6.833 1.0000000000
896  -1.190  -83.969  -1.663 0.4000000060
304  -0.944  -84.503  -2.269 0.5000000000
1754  -1.854  -82.305  -3.959 1.0000000000
2851  -3.119  -81.415  -4.611 1.0000000000
4895  -4.810  -78.916  -7.446 1.0000000000
6450  -6.224  -77.525  -8.785 1.0000000000
6454  -6.489  -77.561  -9.540 1.0000000000
573  -0.821  -84.486  -1.834 0.6999999881
4132  -4.132  -80.078  -5.751 1.0000000000
6451  -6.931  -77.119  -9.190 1.0000000000
6456  -7.728  -77.030  -10.190 1.0000000000
571  0.076  -84.364  -1.899 0.6999999881
894  0.154  -83.911  -1.324 1.0000000000
1736  -0.659  -82.181  -3.020 1.0000000000
7310  -8.956  -76.561  -10.581 1.0000000000
6460  -8.857  -76.948  -10.984 1.0000000000
5784  -6.777  -78.347  -16.764 1.0000000000
4253  -12.789  -79.565  -12.615 1.0000000000
5054  -3.178  -78.990  -17.199 0.8999999762
5055  -3.928  -78.959  -17.431 1.0000000000
5057  -5.386  -78.819  -17.229 1.0000000000
5762  -6.048  -77.463  -16.607 1.0000000000
5041  -8.345  -78.411  -16.655 1.0000000000
3595  -13.123  -80.160  -13.334 1.0000000000
3616  -13.730  -80.176  -13.891 1.0000000000
6565  -4.570  -77.794  -16.869 1.0000000000
4333  -7.927  -79.561  -17.196 1.0000000000
3652  -14.634  -80.652  -15.327 1.0000000000
3674  -2.813  -80.456  -17.459 0.8999999762
5062  -9.128  -79.023  -17.261 1.0000000000
5073  -9.932  -78.991  -17.879 1.0000000000
4283  -14.411  -79.857  -14.268 1.0000000000
1591  -5.598  -83.490  -20.500 0.4000000060
4355  -10.207  -79.265  -18.608 1.0000000000
4305  -15.652  -79.722  -15.685 1.0000000000
3665  -15.526  -80.341  -16.354 1.0000000000
1565  -4.577  -83.650  -19.201 0.6999999881
2057  -6.221  -82.624  -20.376 0.3000000119
5090  -11.188  -78.424  -19.127 1.0000000000
4318  -16.256  -79.056  -16.942 1.0000000000
4356  -15.881  -80.060  -17.847 1.0000000000
5075  -16.387  -78.937  -18.243 1.0000000000
1564  -3.747  -83.123  -18.981 0.6999999881
1590  -4.798  -83.472  -20.385 0.4000000060
5105  -11.337  -78.748  -19.732 1.0000000000
5839  -12.022  -77.707  -19.703 1.0000000000
4338  -16.220  -79.267  -17.431 1.0000000000
2056  -3.647  -82.626  -20.015 0.5000000000
5117  -11.668  -78.794  -20.707 1.0000000000
6659  -12.391  -77.545  -20.967 1.0000000000
5840  -16.492  -78.700  -19.627 1.0000000000
6660  -12.697  -77.085  -21.260 1.0000000000
6686  -12.819  -76.868  -22.464 1.0000000000
5868  -16.723  -78.350  -20.867 1.0000000000
6698  -12.932  -76.863  -23.397 1.0000000000
6697  -12.589  -77.487  -23.991 1.0000000000
5914  -16.877  -78.787  -24.339 1.0000000000
5913  -12.354  -78.095  -24.566 0.8999999762
5929  -17.025  -78.587  -24.825 1.0000000000
5193  -11.646  -79.186  -25.818 0.8999999762
5940  -17.188  -78.324  -25.561 1.0000000000
8373  -20.466  -75.189  -24.622 0.5000000000
5942  -17.988  -78.044  -26.090 0.8000000119
7576  -18.565  -76.783  -26.036 0.6000000238
8390  -19.793  -75.386  -25.345 0.5000000000
5947  -17.401  -77.908  -26.473 0.8999999762
7591  -18.179  -76.807  -26.845 0.8000000119
8405  -18.907  -76.151  -25.963 0.6000000238
9227  -19.887  -74.896  -26.601 0.6000000238
8434  -18.249  -76.100  -27.217 0.5000000000
9239  -19.265  -75.052  -27.256 0.6000000238
9250  -18.620  -75.004  -27.940 0.4000000060
2348  -1.712  -81.756  -8.172 1.0000000000
1816  -0.921  -82.734  -7.656 1.0000000000
1818  -2.015  -82.440  -7.194 1.0000000000
1272  -1.668  -83.510  -2.128 0.3000000119
4104  -3.974  -80.106  -4.823 1.0000000000
4870  -4.734  -79.183  -6.019 1.0000000000
902  -1.442  -84.084  -2.570 0.3000000119
2840  -2.318  -81.261  -3.469 1.0000000000
3446  -3.733  -80.608  -5.088 1.0000000000
4885  -4.856  -78.956  -6.652 1.0000000000
5629  -5.490  -77.913  -7.712 1.0000000000
1252  -1.335  -83.408  -0.940 0.5000000000
2268  -1.122  -81.459  -2.961 1.0000000000
6440  -6.702  -76.920  -8.340 1.0000000000
1242  -1.141  -83.507  -0.120 0.6999999881
1271  0.385  -82.975  -2.110 1.0000000000
7295  -7.956  -76.544  -9.420 1.0000000000
565  -0.350  -83.465  -0.083 0.6999999881
1250  0.339  -83.164  -0.653 0.8000000119
7324  -10.347  -76.519  -10.853 1.0000000000
5684  -11.410  -77.641  -11.375 1.0000000000
6475  -11.136  -77.143  -11.122 1.0000000000
4971  -12.415  -78.623  -12.004 1.0000000000
6550  -6.998  -77.061  -16.299 1.0000000000
5765  -8.214  -77.803  -16.378 1.0000000000
4234  -12.519  -79.083  -12.284 1.0000000000
6477  -12.789  -76.948  -11.540 1.0000000000
5760  -3.528  -77.979  -16.730 0.8999999762
4316  -2.001  -79.514  -16.657 0.8999999762
6546  -4.030  -77.398  -16.607 1.0000000000
7399  -5.131  -76.476  -16.444 1.0000000000
7401  -6.582  -76.381  -16.225 1.0000000000
5767  -9.773  -77.943  -16.818 1.0000000000
5788  -10.492  -78.210  -17.602 1.0000000000
2524  -2.675  -81.405  -17.390 0.8999999762
2589  -5.649  -82.533  -20.376 0.4000000060
5802  -10.877  -78.148  -18.356 1.0000000000
5803  -11.301  -77.581  -18.119 1.0000000000
4285  -15.359  -79.587  -15.012 1.0000000000
5027  -16.163  -78.894  -15.772 1.0000000000
5822  -11.596  -77.792  -18.971 1.0000000000
6592  -12.104  -76.638  -18.389 1.0000000000
5065  -16.471  -78.524  -17.267 1.0000000000
2081  -4.592  -82.419  -21.014 0.4000000060
6613  -12.231  -76.938  -18.928 1.0000000000
2055  -3.288  -82.393  -19.596 0.4000000060
6630  -12.634  -76.821  -19.745 1.0000000000
6645  -12.710  -76.960  -20.574 1.0000000000
5824  -16.596  -78.408  -18.936 1.0000000000
2602  -3.701  -81.883  -21.312 0.3000000119
7493  -13.100  -76.471  -21.092 1.0000000000
7494  -13.408  -75.927  -21.105 1.0000000000
5856  -16.873  -77.881  -20.374 1.0000000000
7507  -13.205  -76.299  -21.898 1.0000000000
8327  -13.731  -75.681  -21.686 1.0000000000
7522  -13.307  -76.181  -22.749 1.0000000000
8340  -14.117  -75.558  -22.567 1.0000000000
7536  -13.359  -76.249  -23.701 1.0000000000
7537  -13.760  -75.807  -23.203 1.0000000000
6699  -16.898  -77.387  -23.713 1.0000000000
5157  -16.798  -78.238  -22.959 1.0000000000
5169  -16.765  -78.609  -23.506 1.0000000000
6712  -16.952  -77.691  -24.237 1.0000000000
5915  -16.934  -78.248  -24.363 1.0000000000
5939  -12.173  -78.047  -26.091 0.8999999762
6739  -16.986  -77.020  -25.541 1.0000000000
6726  -17.038  -77.656  -24.986 1.0000000000
6740  -17.112  -77.590  -25.865 1.0000000000
7589  -16.446  -76.435  -26.730 1.0000000000
5946  -17.188  -78.063  -26.069 1.0000000000
7597  -15.927  -76.044  -27.252 1.0000000000
6757  -16.895  -76.894  -26.834 1.0000000000
6758  -17.179  -77.112  -27.108 0.8000000119
7601  -18.084  -76.523  -27.183 0.6000000238
10076  -20.548  -74.230  -27.519 0.3000000119
9251  -19.439  -74.582  -27.831 0.5000000000
7598  -16.622  -76.503  -27.407 0.6000000238
8446  -17.556  -75.983  -27.798 0.5000000000
10089  -18.864  -74.354  -28.324 0.4000000060
9249  -17.804  -75.256  -28.180 0.5000000000
4080  -3.077  -79.731  -3.037 1.0000000000
4092  -3.853  -79.827  -4.090 1.0000000000
4856  -4.862  -78.758  -5.382 1.0000000000
1704  -1.669  -82.927  -1.422 0.4000000060
2829  -2.138  -80.814  -3.104 1.0000000000
3411  -3.153  -80.391  -3.503 1.0000000000
2842  -3.394  -80.750  -4.211 1.0000000000
5618  -5.491  -77.957  -7.140 1.0000000000
2267  -0.605  -81.676  -2.744 1.0000000000
6427  -6.542  -76.781  -7.513 1.0000000000
7284  -7.963  -76.048  -8.364 1.0000000000
1703  0.372  -82.314  -1.164 0.8999999762
1719  0.258  -82.365  -1.961 1.0000000000
7312  -10.392  -76.035  -10.503 1.0000000000
7305  -9.796  -75.850  -10.043 1.0000000000
5699  -12.018  -77.924  -11.619 1.0000000000
7313  -11.322  -76.039  -10.562 1.0000000000
7403  -8.264  -76.567  -15.940 1.0000000000
7326  -11.668  -76.597  -10.925 1.0000000000
6552  -8.794  -77.082  -16.062 1.0000000000
6485  -12.545  -77.487  -11.597 1.0000000000
5038  -2.378  -78.707  -16.604 0.8999999762
6544  -2.686  -77.590  -16.193 0.8999999762
7380  -7.506  -75.730  -15.819 1.0000000000
7379  -3.251  -76.472  -15.888 1.0000000000
8223  -4.628  -75.682  -16.162 1.0000000000
8224  -5.505  -75.800  -16.321 1.0000000000
8204  -6.833  -75.317  -15.953 1.0000000000
4986  -14.109  -78.830  -13.317 1.0000000000
9034  -4.975  -74.639  -15.979 1.0000000000
9842  -6.065  -74.115  -15.849 1.0000000000
9843  -6.864  -74.126  -15.731 1.0000000000
6555  -10.853  -77.124  -16.840 1.0000000000
5789  -10.935  -77.754  -17.724 1.0000000000
4255  -14.107  -79.205  -13.584 1.0000000000
5008  -15.277  -79.109  -14.666 1.0000000000
7420  -11.730  -76.600  -17.531 1.0000000000
5719  -15.008  -78.245  -13.850 1.0000000000
2537  -2.171  -82.313  -17.769 0.8000000119
3135  -4.985  -81.137  -20.633 0.3000000119
5748  -15.996  -78.784  -15.355 1.0000000000
2568  -2.404  -81.655  -19.297 0.4000000060
8291  -13.120  -75.833  -19.175 1.0000000000
7467  -13.344  -75.939  -19.984 1.0000000000
5749  -16.348  -78.321  -15.626 1.0000000000
5804  -16.771  -77.946  -18.107 1.0000000000
6556  -17.075  -77.194  -16.751 1.0000000000
2601  -3.206  -81.532  -21.119 0.4000000060
7479  -13.358  -75.982  -20.560 1.0000000000
8315  -14.371  -75.165  -21.037 1.0000000000
9149  -15.689  -75.063  -20.640 1.0000000000
6594  -17.122  -77.206  -18.087 1.0000000000
6615  -17.081  -77.295  -18.762 1.0000000000
6631  -17.055  -77.334  -19.568 1.0000000000
9156  -15.192  -75.107  -21.201 1.0000000000
9150  -16.179  -75.280  -20.897 1.0000000000
6646  -17.117  -77.166  -20.629 1.0000000000
5869  -16.885  -77.863  -21.348 1.0000000000
8329  -15.614  -75.319  -21.900 1.0000000000
6661  -17.058  -76.980  -21.694 1.0000000000
5880  -16.883  -77.692  -22.309 1.0000000000
7550  -13.440  -76.146  -24.419 1.0000000000
8341  -14.988  -75.352  -22.708 1.0000000000
6723  -12.551  -77.444  -25.358 0.8999999762
7562  -13.314  -76.267  -25.203 1.0000000000
7551  -13.878  -75.792  -23.988 1.0000000000
7538  -16.809  -76.545  -23.989 1.0000000000
6748  -12.384  -77.357  -26.635 0.8999999762
6738  -12.683  -76.990  -26.194 0.8999999762
8388  -16.336  -76.064  -25.157 1.0000000000
7553  -16.942  -77.041  -24.360 1.0000000000
5210  -11.585  -78.545  -26.885 0.8000000119
7574  -15.969  -75.946  -26.012 1.0000000000
9247  -16.402  -75.494  -28.365 0.6000000238
10091  -20.430  -73.926  -28.005 0.3000000119
7606  -15.476  -75.756  -27.650 0.8999999762
7608  -16.500  -76.033  -27.823 0.6999999881
9248  -17.000  -75.355  -28.355 0.5000000000
10087  -17.406  -74.888  -28.531 0.5000000000
10088  -18.049  -74.632  -28.455 0.4000000060
5566  -4.611  -78.037  -3.844 1.0000000000
4846  -4.916  -78.469  -4.942 1.0000000000
4836  -4.140  -79.036  -3.846 1.0000000000
4845  -4.558  -78.897  -4.615 1.0000000000
5592  -5.659  -77.629  -5.721 1.0000000000
1243  -1.430  -83.175  -0.036 0.5000000000
4079  -2.373  -79.636  -2.726 1.0000000000
5543  -3.992  -78.345  -3.162 1.0000000000
6415  -6.040  -77.101  -6.659 1.0000000000
2827  -0.880  -80.913  -2.651 1.0000000000
7273  -7.126  -76.304  -7.835 1.0000000000
876  -1.064  -83.414  0.799 0.6000000238
2237  0.256  -81.873  -1.296 1.0000000000
3408  -1.229  -80.215  -2.618 1.0000000000
8125  -9.067  -75.812  -9.160 1.0000000000
551  -0.040  -83.146  0.958 0.6999999881
8133  -11.053  -75.555  -10.195 1.0000000000
5701  -13.376  -77.978  -12.267 1.0000000000
5747  -1.875  -77.800  -15.998 0.8999999762
7378  -2.564  -76.564  -15.693 0.8999999762
9038  -8.138  -74.677  -15.510 1.0000000000
7405  -9.930  -76.994  -16.297 1.0000000000
4985  -13.519  -78.669  -12.711 1.0000000000
6491  -14.046  -77.290  -12.585 1.0000000000
7335  -13.738  -76.529  -12.119 1.0000000000
8203  -3.907  -75.472  -15.800 1.0000000000
5709  -14.759  -77.769  -13.398 1.0000000000
6492  -14.618  -77.342  -13.138 1.0000000000
3071  -1.950  -80.833  -16.823 0.8999999762
10755  -6.370  -73.477  -15.658 1.0000000000
6502  -15.065  -77.398  -13.551 1.0000000000
2522  -1.962  -81.414  -17.102 0.8000000119
10754  -5.599  -73.436  -15.707 1.0000000000
8246  -12.508  -75.461  -17.505 1.0000000000
6514  -15.797  -77.663  -14.421 1.0000000000
2554  -1.637  -81.665  -18.604 0.5000000000
7439  -12.536  -75.995  -18.295 1.0000000000
8267  -13.475  -75.146  -18.361 1.0000000000
5733  -15.785  -78.351  -14.728 1.0000000000
6515  -16.200  -77.472  -14.855 1.0000000000
3161  -4.716  -81.357  -21.980 0.4000000060
9123  -13.871  -74.914  -18.657 1.0000000000
6534  -17.194  -76.645  -16.223 1.0000000000
6571  -17.273  -76.821  -17.420 1.0000000000
3133  -2.443  -80.860  -20.626 0.4000000060
8293  -14.111  -75.007  -19.636 1.0000000000
9125  -15.526  -74.603  -19.018 1.0000000000
2627  -3.986  -81.591  -22.441 0.3000000119
8304  -14.129  -75.169  -20.175 1.0000000000
9139  -15.639  -74.852  -19.849 1.0000000000
7468  -17.232  -76.511  -19.915 1.0000000000
8284  -16.771  -75.385  -19.896 1.0000000000
8317  -16.209  -75.436  -21.440 1.0000000000
7495  -16.988  -76.183  -21.698 1.0000000000
8342  -15.773  -75.538  -22.880 1.0000000000
8354  -15.226  -75.430  -23.604 1.0000000000
7525  -16.824  -76.570  -23.017 1.0000000000
8344  -16.776  -76.241  -22.694 1.0000000000
8367  -13.854  -75.779  -24.789 1.0000000000
8370  -16.149  -75.824  -24.530 1.0000000000
5950  -11.763  -77.569  -27.701 0.8999999762
7594  -12.512  -76.965  -27.142 0.8999999762
8453  -15.469  -75.399  -28.389 0.8999999762
10101  -17.306  -74.312  -28.788 0.4000000060
10102  -18.268  -73.998  -28.713 0.4000000060
2224  -1.799  -82.135  -0.599 0.1000000015
6350  -5.566  -76.844  -4.176 1.0000000000
1681  -1.633  -82.609  0.161 0.3000000119
6369  -5.485  -77.412  -4.729 1.0000000000
4816  -2.919  -79.000  -2.728 1.0000000000
7244  -6.616  -76.225  -6.089 1.0000000000
859  -0.990  -83.016  2.006 0.6000000238
4078  -1.636  -79.531  -2.604 1.0000000000
7261  -6.819  -76.279  -6.918 1.0000000000
2814  -0.091  -81.194  -1.790 1.0000000000
3407  -0.702  -80.209  -2.231 1.0000000000
8083  -7.964  -75.264  -6.819 1.0000000000
8101  -8.064  -75.640  -7.740 1.0000000000
8112  -8.865  -75.672  -8.667 1.0000000000
1232  0.420  -82.642  0.850 0.8000000119
8930  -9.593  -74.964  -8.269 1.0000000000
8942  -9.798  -75.161  -8.801 1.0000000000
8127  -10.200  -75.391  -9.652 1.0000000000
8207  -8.521  -75.419  -15.547 1.0000000000
8129  -11.347  -75.015  -9.987 1.0000000000
8134  -11.863  -75.259  -10.390 1.0000000000
4303  -0.945  -79.196  -15.693 0.8999999762
5024  -0.790  -78.454  -15.664 0.8999999762
6528  -1.143  -77.081  -15.594 0.8999999762
7382  -8.835  -76.316  -15.768 1.0000000000
7315  -12.572  -75.972  -10.920 1.0000000000
8202  -3.163  -75.754  -15.627 1.0000000000
9840  -4.542  -74.076  -15.739 1.0000000000
8145  -13.780  -75.381  -12.024 1.0000000000
4282  -0.041  -79.414  -15.201 0.8000000119
11671  -6.154  -72.340  -15.213 1.0000000000
7384  -10.742  -76.168  -16.055 1.0000000000
8151  -14.043  -75.814  -12.327 1.0000000000
3054  -0.816  -80.358  -15.617 0.8000000119
2507  -0.375  -81.154  -16.742 0.6999999881
7407  -11.343  -76.444  -16.682 1.0000000000
8229  -12.182  -75.373  -16.643 1.0000000000
8159  -15.308  -75.793  -13.535 1.0000000000
9058  -12.751  -74.809  -16.631 1.0000000000
7354  -15.990  -76.357  -14.331 1.0000000000
3721  -1.875  -80.586  -19.812 0.3000000119
9102  -13.178  -75.108  -17.752 1.0000000000
9079  -14.125  -74.250  -17.173 1.0000000000
7386  -17.037  -76.175  -15.648 1.0000000000
9104  -14.397  -74.398  -18.088 1.0000000000
9081  -15.876  -74.327  -17.641 1.0000000000
9083  -16.950  -75.036  -17.374 1.0000000000
7409  -17.279  -75.919  -16.928 1.0000000000
9124  -14.653  -74.575  -18.824 1.0000000000
9106  -16.136  -74.650  -18.294 1.0000000000
9126  -16.494  -75.017  -19.180 1.0000000000
8268  -17.269  -75.849  -18.260 1.0000000000
8285  -17.135  -75.753  -19.301 1.0000000000
8295  -17.051  -75.819  -20.282 1.0000000000
7480  -17.159  -76.377  -20.893 1.0000000000
8331  -16.753  -75.989  -22.317 1.0000000000
8368  -14.607  -75.486  -24.391 1.0000000000
8369  -15.496  -75.547  -24.443 1.0000000000
8343  -16.485  -75.976  -23.062 1.0000000000
8400  -13.472  -75.989  -25.956 1.0000000000
8385  -14.353  -75.536  -25.299 1.0000000000
8386  -15.114  -75.503  -25.193 1.0000000000
8356  -16.548  -76.095  -23.992 1.0000000000
8430  -13.223  -76.144  -27.093 1.0000000000
8419  -14.523  -75.589  -26.734 1.0000000000
8402  -14.801  -75.565  -25.929 1.0000000000
8403  -15.538  -75.709  -25.860 1.0000000000
7605  -13.035  -76.336  -28.031 1.0000000000
8431  -13.775  -75.730  -27.291 0.8999999762
8441  -13.860  -75.690  -27.906 0.8999999762
7596  -15.146  -75.741  -27.216 0.8999999762
7611  -11.486  -76.515  -28.658 0.8000000119
8442  -14.742  -75.583  -27.870 0.8999999762
9256  -14.284  -75.160  -28.650 0.6999999881
9258  -15.564  -75.120  -28.709 0.6000000238
11011  -16.662  -73.847  -29.126 0.5000000000
11912  -17.058  -73.175  -28.854 0.5000000000
11012  -17.543  -73.575  -28.909 0.4000000060
2755  -1.835  -81.700  0.519 0.2000000030
2744  -1.878  -81.301  1.652 0.2000000030
2181  -1.760  -82.224  1.096 0.3000000119
1652  -1.645  -82.426  2.042 0.3000000119
6323  -4.400  -77.274  -3.299 1.0000000000
7164  -4.701  -76.801  -3.334 1.0000000000
8028  -6.107  -75.729  -4.431 1.0000000000
1229  -1.419  -82.929  1.675 0.5000000000
6321  -3.140  -77.700  -2.740 1.0000000000
7162  -3.200  -76.938  -2.990 1.0000000000
8062  -7.546  -75.247  -6.185 1.0000000000
5540  -1.894  -78.075  -2.690 1.0000000000
4077  -0.976  -79.434  -2.401 1.0000000000
8917  -8.958  -74.930  -7.578 1.0000000000
857  -0.108  -82.612  2.261 0.6999999881
1657  0.661  -81.828  1.694 0.8000000119
1680  0.496  -81.897  0.065 1.0000000000
2794  0.054  -81.221  -1.116 1.0000000000
3369  -0.100  -80.560  -0.717 1.0000000000
3391  -0.266  -80.341  -1.594 1.0000000000
2195  0.450  -81.107  1.228 1.0000000000
8958  -11.138  -74.553  -9.449 1.0000000000
9754  -12.307  -73.887  -9.925 1.0000000000
7377  -1.763  -76.436  -15.505 1.0000000000
8964  -12.436  -74.637  -10.443 1.0000000000
9838  -3.132  -74.350  -15.321 1.0000000000
8209  -10.274  -75.633  -15.606 1.0000000000
8971  -13.383  -74.817  -11.445 1.0000000000
3661  0.304  -80.245  -16.254 0.6999999881
11699  -4.854  -72.908  -15.407 1.0000000000
9776  -14.067  -74.396  -12.231 1.0000000000
12593  -7.164  -71.854  -14.795 1.0000000000
8211  -11.804  -75.245  -15.990 1.0000000000
9784  -15.352  -74.391  -13.698 1.0000000000
4383  -1.515  -79.932  -19.300 0.5000000000
9060  -14.059  -74.034  -16.601 1.0000000000
8996  -15.638  -75.050  -13.930 1.0000000000
9853  -16.084  -74.103  -15.996 1.0000000000
9018  -16.380  -74.951  -15.006 1.0000000000
8173  -16.274  -75.770  -14.596 1.0000000000
9863  -14.950  -73.729  -16.317 1.0000000000
9884  -14.991  -73.974  -16.869 1.0000000000
9886  -16.277  -74.393  -17.115 1.0000000000
8213  -17.124  -75.616  -16.081 1.0000000000
8248  -17.193  -75.517  -17.396 1.0000000000
8418  -13.658  -75.790  -26.606 1.0000000000
7613  -12.304  -76.316  -28.628 0.8999999762
8450  -13.083  -75.862  -28.525 0.8999999762
8007  -4.986  -75.552  -3.694 1.0000000000
2168  -1.840  -81.695  3.365 0.4000000060
7161  -2.320  -76.840  -3.199 1.0000000000
7183  -3.686  -76.170  -3.379 1.0000000000
7207  -6.258  -76.082  -4.824 1.0000000000
1214  -0.673  -82.391  3.133 0.5000000000
1216  -1.359  -82.592  2.867 0.5000000000
6320  -2.480  -77.476  -2.816 1.0000000000
8841  -6.366  -75.107  -4.469 1.0000000000
8873  -6.842  -75.150  -5.016 1.0000000000
1651  0.360  -82.060  2.476 0.5000000000
4813  -0.663  -78.620  -2.540 1.0000000000
5539  -1.095  -77.988  -2.830 1.0000000000
8892  -7.984  -74.679  -6.020 1.0000000000
4076  -0.383  -79.283  -2.137 1.0000000000
8907  -8.470  -74.753  -6.738 1.0000000000
2766  0.233  -80.972  0.541 0.8999999762
4033  -0.162  -80.246  -0.358 1.0000000000
9701  -9.366  -73.919  -6.717 1.0000000000
8919  -10.102  -73.925  -7.547 1.0000000000
8931  -10.375  -74.208  -8.117 1.0000000000
9738  -11.659  -73.513  -8.968 1.0000000000
8944  -10.915  -74.203  -8.745 1.0000000000
9753  -11.910  -73.757  -9.417 1.0000000000
9846  -8.873  -74.167  -15.229 1.0000000000
9040  -9.839  -74.944  -15.307 1.0000000000
10673  -13.377  -73.405  -11.037 1.0000000000
11673  -7.674  -72.529  -14.944 1.0000000000
9769  -13.361  -74.113  -11.276 1.0000000000
10725  -3.614  -73.354  -15.093 1.0000000000
11643  -3.985  -72.279  -14.604 1.0000000000
12568  -6.608  -71.401  -14.352 1.0000000000
9042  -11.494  -74.728  -15.457 1.0000000000
3672  -0.325  -79.969  -17.465 0.5000000000
12590  -5.042  -71.999  -14.792 1.0000000000
9043  -12.460  -74.627  -15.900 1.0000000000
10705  -14.867  -73.225  -13.830 1.0000000000
9783  -14.903  -74.401  -13.162 1.0000000000
4347  -1.061  -79.647  -18.396 0.5000000000
9849  -13.483  -73.660  -15.475 1.0000000000
9850  -14.190  -73.544  -15.702 1.0000000000
10737  -15.285  -73.493  -15.048 1.0000000000
10706  -15.376  -73.709  -14.219 1.0000000000
5111  -1.998  -79.399  -20.403 0.4000000060
9852  -15.538  -73.748  -15.680 1.0000000000
9825  -15.893  -74.089  -14.816 1.0000000000
8006  -4.196  -75.490  -3.627 1.0000000000
1636  -0.971  -82.262  4.683 0.4000000060
2157  -1.684  -81.835  5.113 0.4000000060
7182  -2.779  -76.261  -3.492 1.0000000000
9639  -5.654  -74.660  -4.169 1.0000000000
9663  -6.882  -74.171  -4.723 1.0000000000
2161  0.162  -81.841  3.695 0.6000000238
1641  -0.302  -82.171  3.905 0.5000000000
6347  -1.228  -76.968  -3.633 1.0000000000
3317  0.239  -80.596  1.977 0.8000000119
4007  -0.318  -79.407  1.427 0.8999999762
4767  -0.462  -79.047  0.901 1.0000000000
6317  -0.260  -77.543  -3.597 1.0000000000
9677  -8.000  -74.125  -5.558 1.0000000000
2754  0.363  -80.913  1.117 0.8999999762
3343  -0.152  -80.247  0.545 0.8999999762
4020  -0.330  -79.631  0.708 1.0000000000
4786  -0.485  -78.839  -0.493 1.0000000000
4792  0.073  -78.534  -1.920 1.0000000000
4812  -0.041  -78.485  -2.615 1.0000000000
10586  -8.965  -73.409  -6.011 1.0000000000
2171  0.481  -81.587  2.158 0.6999999881
4058  -0.288  -79.382  -1.543 1.0000000000
10758  -8.383  -73.496  -15.221 1.0000000000
10601  -10.411  -72.573  -7.155 1.0000000000
10613  -10.820  -72.666  -7.657 1.0000000000
9725  -10.895  -73.491  -8.014 1.0000000000
11646  -9.734  -72.221  -14.293 1.0000000000
10625  -11.750  -72.451  -8.769 1.0000000000
10729  -9.480  -73.384  -14.796 1.0000000000
11647  -10.653  -72.599  -14.211 1.0000000000
12554  -10.695  -71.227  -13.520 1.0000000000
10641  -12.259  -72.676  -9.549 1.0000000000
5744  0.339  -78.022  -15.794 0.6999999881
6511  -0.082  -76.790  -15.245 0.8999999762
9820  -9.832  -73.948  -14.873 1.0000000000
11648  -11.490  -72.381  -14.031 1.0000000000
10667  -12.929  -73.267  -10.375 1.0000000000
5036  0.342  -78.599  -16.270 0.6999999881
9816  -2.566  -74.047  -14.933 1.0000000000
9016  -10.868  -74.436  -15.075 1.0000000000
10731  -10.881  -73.275  -14.501 1.0000000000
10704  -11.851  -72.799  -14.256 1.0000000000
12556  -12.303  -71.199  -13.053 1.0000000000
11667  -3.289  -72.856  -14.676 1.0000000000
9822  -11.407  -73.968  -14.893 1.0000000000
10733  -12.540  -72.987  -14.523 1.0000000000
11650  -13.035  -72.167  -13.995 1.0000000000
12577  -13.680  -71.967  -13.506 1.0000000000
12541  -13.922  -72.231  -12.602 1.0000000000
10674  -13.772  -73.508  -11.610 1.0000000000
13543  -5.534  -71.205  -14.022 1.0000000000
9847  -12.067  -74.214  -15.292 1.0000000000
9824  -12.882  -73.528  -14.982 1.0000000000
11679  -13.239  -72.593  -14.352 1.0000000000
11651  -13.846  -72.273  -13.789 1.0000000000
11634  -14.490  -72.794  -13.522 1.0000000000
5138  -2.292  -78.523  -21.483 0.3000000119
10759  -13.753  -73.270  -15.113 1.0000000000
10736  -14.687  -73.126  -14.691 1.0000000000
2147  -0.996  -81.788  5.639 0.4000000060
2705  -0.197  -81.172  5.212 0.4000000060
8837  -4.001  -74.949  -3.932 1.0000000000
9637  -4.901  -74.415  -4.210 1.0000000000
2162  -0.205  -81.995  4.350 0.5000000000
6346  -0.585  -77.055  -3.910 1.0000000000
7181  -1.877  -76.499  -3.760 1.0000000000
8026  -2.544  -75.285  -4.585 1.0000000000
10559  -6.287  -73.787  -4.588 1.0000000000
3275  -0.093  -80.616  5.197 0.5000000000
2721  0.220  -81.152  3.936 0.6000000238
3293  0.163  -80.713  3.804 0.8000000119
5505  -0.571  -78.296  -0.241 1.0000000000
5523  0.273  -77.909  -1.568 1.0000000000
6382  0.111  -76.589  -4.936 1.0000000000
7222  -0.927  -76.134  -4.892 1.0000000000
4811  0.446  -78.271  -2.592 1.0000000000
5563  0.671  -77.781  -3.973 1.0000000000
10577  -8.334  -73.229  -5.607 1.0000000000
6316  0.881  -77.435  -2.562 1.0000000000
5561  1.431  -77.105  -3.880 1.0000000000
11550  -10.849  -71.960  -7.629 1.0000000000
11563  -11.626  -72.000  -8.523 1.0000000000
11645  -8.947  -72.045  -14.409 1.0000000000
13535  -10.344  -70.777  -13.154 1.0000000000
14500  -10.979  -70.111  -12.095 1.0000000000
13487  -12.644  -70.937  -10.687 1.0000000000
12507  -12.645  -71.755  -10.051 1.0000000000
6542  0.434  -77.032  -16.643 0.6999999881
6525  0.444  -76.703  -15.642 0.6999999881
7364  -0.830  -76.286  -15.258 1.0000000000
8186  -1.264  -75.249  -14.922 1.0000000000
9815  -1.728  -73.932  -14.570 1.0000000000
12570  -8.360  -71.606  -14.328 1.0000000000
13547  -8.572  -70.814  -13.675 1.0000000000
12571  -9.384  -71.314  -13.942 1.0000000000
13537  -11.696  -70.797  -12.881 1.0000000000
13520  -12.494  -70.849  -12.282 1.0000000000
6564  -0.267  -77.141  -18.033 0.5000000000
5052  -0.230  -78.550  -17.380 0.5000000000
12563  -3.122  -72.061  -13.990 1.0000000000
12551  -4.550  -71.360  -13.838 1.0000000000
13546  -7.681  -70.834  -13.740 1.0000000000
12557  -13.119  -71.571  -13.045 1.0000000000
13503  -13.006  -71.289  -11.132 1.0000000000
11608  -12.987  -72.520  -10.373 1.0000000000
5071  -0.730  -78.492  -17.994 0.5000000000
13531  -6.981  -70.515  -12.993 1.0000000000
12540  -13.562  -71.801  -12.274 1.0000000000
11615  -13.665  -72.904  -11.442 1.0000000000
5082  -1.974  -78.918  -19.485 0.5000000000
5848  -2.576  -78.500  -20.385 0.3000000119
3262  -0.714  -80.658  6.424 0.4000000060
2684  -1.403  -81.095  6.377 0.4000000060
2696  -1.742  -81.418  6.032 0.4000000060
6217  -0.543  -77.675  3.710 0.6999999881
6245  -0.645  -77.587  2.226 0.8000000119
6257  -0.647  -77.277  1.166 0.8000000119
8857  -3.040  -74.864  -4.737 1.0000000000
9658  -4.123  -74.306  -4.635 1.0000000000
3968  -0.152  -79.748  3.704 0.6000000238
4713  -0.323  -78.854  3.528 0.8000000119
4726  -0.392  -78.563  2.675 0.8000000119
6269  -0.705  -78.094  0.350 1.0000000000
8060  -1.558  -75.301  -5.394 1.0000000000
10558  -5.677  -73.649  -4.571 1.0000000000
3981  -0.188  -79.367  2.833 0.8000000119
3992  -0.321  -79.063  2.087 0.8000000119
6291  0.067  -77.660  -1.044 1.0000000000
7242  -0.062  -75.810  -5.728 1.0000000000
8888  -1.834  -74.830  -5.355 1.0000000000
8872  -3.299  -74.485  -5.090 1.0000000000
10571  -4.426  -73.767  -5.073 1.0000000000
11493  -5.859  -72.985  -5.300 1.0000000000
11494  -6.445  -72.883  -5.294 1.0000000000
11496  -7.943  -72.793  -5.514 1.0000000000
7156  0.795  -76.707  -2.352 1.0000000000
10583  -4.931  -73.136  -5.429 1.0000000000
11508  -6.721  -72.416  -5.863 1.0000000000
11510  -8.136  -72.353  -5.911 1.0000000000
11511  -8.914  -72.467  -6.068 1.0000000000
11512  -9.581  -72.338  -6.457 1.0000000000
13367  -8.150  -70.982  -7.293 1.0000000000
12433  -8.581  -71.357  -6.775 1.0000000000
12435  -9.902  -71.533  -7.015 1.0000000000
13404  -8.954  -70.361  -8.249 1.0000000000
14395  -9.359  -70.140  -8.759 1.0000000000
13386  -10.118  -71.003  -7.593 1.0000000000
13406  -10.658  -70.775  -8.242 1.0000000000
14414  -9.701  -69.960  -9.334 1.0000000000
14396  -10.124  -70.277  -8.743 1.0000000000
14416  -11.179  -70.086  -9.731 1.0000000000
12482  -11.773  -71.262  -8.856 1.0000000000
12483  -12.200  -71.503  -9.429 1.0000000000
7395  0.638  -76.114  -16.871 0.6999999881
7361  0.282  -75.798  -15.261 0.8999999762
8184  -0.240  -75.311  -14.816 1.0000000000
9793  -0.550  -74.192  -14.251 1.0000000000
14413  -8.934  -69.929  -9.340 1.0000000000
14484  -9.622  -69.660  -11.417 1.0000000000
14485  -10.481  -69.796  -11.585 1.0000000000
13462  -11.740  -70.383  -9.935 1.0000000000
6563  0.197  -76.869  -17.592 0.6999999881
10698  -0.602  -73.588  -13.653 1.0000000000
10700  -1.770  -73.140  -14.025 1.0000000000
14497  -9.050  -69.875  -12.000 1.0000000000
14509  -9.333  -70.170  -12.689 1.0000000000
14487  -11.925  -70.210  -11.350 1.0000000000
11632  -2.262  -72.333  -13.700 1.0000000000
13527  -3.603  -71.303  -13.259 1.0000000000
13532  -7.977  -70.243  -12.919 1.0000000000
14495  -7.612  -70.051  -11.339 1.0000000000
5812  -1.883  -78.474  -18.859 0.5000000000
13511  -4.440  -70.896  -12.525 1.0000000000
13512  -5.360  -70.810  -12.410 1.0000000000
13514  -7.247  -70.168  -12.013 1.0000000000
3946  -0.402  -80.043  6.094 0.4000000060
7080  -0.586  -77.111  1.943 0.8000000119
4697  -0.322  -79.428  5.500 0.5000000000
4704  -0.333  -79.151  4.462 0.6000000238
5426  -0.451  -78.213  4.178 0.6999999881
7927  -0.289  -76.590  0.114 1.0000000000
7143  0.097  -76.395  -1.689 1.0000000000
7157  -0.000  -76.272  -2.597 1.0000000000
8887  -0.864  -74.854  -5.607 1.0000000000
9682  -1.429  -74.387  -5.331 1.0000000000
9684  -3.078  -73.759  -5.207 1.0000000000
10581  -3.640  -73.246  -5.213 1.0000000000
7177  0.651  -76.310  -3.565 1.0000000000
7201  1.022  -76.427  -4.529 1.0000000000
8905  0.511  -75.319  -5.548 1.0000000000
11504  -3.992  -72.870  -5.404 1.0000000000
11505  -4.468  -72.615  -5.677 1.0000000000
12431  -6.861  -71.963  -6.746 1.0000000000
12450  -7.496  -71.106  -7.488 1.0000000000
13402  -7.364  -70.706  -8.446 1.0000000000
7416  0.491  -76.087  -17.703 0.6999999881
8198  0.642  -75.031  -16.302 0.6999999881
10687  -0.855  -73.092  -13.074 1.0000000000
14411  -7.801  -70.131  -9.370 1.0000000000
7427  0.196  -76.202  -18.213 0.6000000238
12535  -1.367  -72.025  -12.584 1.0000000000
12537  -2.806  -71.478  -12.983 1.0000000000
14467  -7.866  -69.984  -10.348 1.0000000000
13427  -6.924  -70.806  -8.872 1.0000000000
6583  -1.221  -77.042  -18.173 0.5000000000
13496  -3.857  -70.708  -11.782 1.0000000000
13500  -7.078  -70.261  -11.031 1.0000000000
5814  -3.017  -77.863  -19.430 0.4000000060
7445  -3.564  -76.804  -18.969 0.3000000119
13497  -4.703  -70.757  -11.666 1.0000000000
13499  -6.434  -70.639  -11.314 1.0000000000
6667  -4.080  -77.197  -22.336 0.2000000030
6680  -4.747  -76.863  -22.940 0.1000000015
3933  -1.288  -79.794  7.870 0.3000000119
8738  -0.475  -75.572  2.727 0.8999999762
8757  -0.831  -75.597  2.133 0.8999999762
7917  -1.722  -75.826  0.926 1.0000000000
7931  -2.236  -75.780  0.141 1.0000000000
7945  -2.292  -75.748  -0.580 1.0000000000
3932  -0.745  -79.551  7.587 0.4000000060
7029  -0.374  -77.181  5.293 0.8000000119
7888  -0.567  -76.424  2.982 0.8999999762
7901  -0.360  -76.123  2.315 0.8999999762
8770  -0.562  -75.771  1.699 0.8999999762
7117  -1.617  -76.064  -0.674 1.0000000000
7988  -1.964  -75.386  -2.409 1.0000000000
5413  -0.350  -78.591  6.064 0.6000000238
6191  -0.452  -77.707  4.860 0.6999999881
7056  -0.637  -77.055  3.757 0.8000000119
7079  -0.495  -76.657  1.966 0.8999999762
7928  -0.647  -76.375  0.499 1.0000000000
7130  -1.287  -76.074  -1.256 1.0000000000
7972  -1.264  -75.879  -2.032 1.0000000000
7129  -0.622  -76.316  -1.014 1.0000000000
7158  -0.723  -75.913  -2.620 1.0000000000
8002  -1.462  -75.258  -3.132 1.0000000000
9635  -1.900  -74.429  -3.038 1.0000000000
9633  -1.168  -74.046  -3.798 1.0000000000
10566  -1.163  -74.080  -4.561 1.0000000000
8022  -0.406  -75.300  -4.069 1.0000000000
8856  -0.743  -74.726  -4.000 1.0000000000
9656  -2.342  -73.678  -4.700 1.0000000000
10569  -3.177  -73.195  -4.755 1.0000000000
11478  -3.676  -72.453  -4.478 1.0000000000
7203  0.139  -75.768  -4.055 1.0000000000
9680  -0.147  -74.713  -5.242 1.0000000000
12410  -4.484  -71.973  -5.957 1.0000000000
12448  -6.323  -71.898  -7.288 1.0000000000
11529  -5.509  -72.421  -6.650 1.0000000000
12462  -6.655  -71.312  -8.237 1.0000000000
12460  -5.401  -71.786  -8.025 1.0000000000
9008  0.472  -74.548  -15.123 1.0000000000
8993  1.062  -74.034  -14.085 1.0000000000
8975  0.925  -74.285  -13.111 1.0000000000
9768  0.422  -73.456  -12.364 1.0000000000
13484  -7.266  -70.221  -10.296 1.0000000000
12479  -5.609  -71.586  -8.920 1.0000000000
7429  -0.994  -76.177  -17.989 0.5000000000
12529  -1.716  -71.559  -12.172 1.0000000000
13509  -2.442  -71.244  -12.305 1.0000000000
13483  -6.605  -70.721  -10.471 1.0000000000
6585  -2.709  -77.354  -18.526 0.5000000000
13478  -1.887  -70.704  -10.883 1.0000000000
13495  -2.823  -70.657  -11.467 1.0000000000
13480  -4.168  -70.477  -11.196 1.0000000000
13498  -5.569  -70.882  -11.486 1.0000000000
13459  -6.116  -71.094  -9.894 1.0000000000
7461  -4.200  -76.421  -20.045 0.2000000030
14465  -4.346  -70.257  -10.107 1.0000000000
13482  -5.824  -70.999  -10.622 1.0000000000
13426  -5.089  -71.003  -9.033 1.0000000000
7487  -4.931  -76.061  -21.563 0.1000000015
7532  -5.284  -76.168  -23.658 0.1000000015
7890  -1.747  -75.550  2.365 0.8999999762
7891  -2.241  -75.449  2.299 1.0000000000
7946  -2.812  -75.483  -0.254 1.0000000000
8809  -2.908  -74.858  -1.570 1.0000000000
4691  -0.369  -79.298  6.476 0.5000000000
7866  -0.469  -76.458  4.325 0.8000000119
5406  -0.238  -78.514  7.081 0.6000000238
8822  -2.807  -74.411  -2.096 1.0000000000
9617  -1.872  -74.128  -2.969 1.0000000000
11476  -2.088  -73.101  -3.853 1.0000000000
11434  -1.231  -72.881  -2.870 1.0000000000
10536  -3.288  -72.684  -3.989 1.0000000000
11453  -2.498  -72.437  -3.249 1.0000000000
11437  -2.889  -71.815  -3.334 1.0000000000
12370  -3.693  -71.716  -4.111 1.0000000000
12387  -4.136  -72.112  -5.080 1.0000000000
13348  -4.109  -71.156  -5.299 1.0000000000
9113  1.021  -74.652  -18.407 0.6999999881
9072  1.084  -74.393  -17.422 0.6999999881
13366  -4.575  -71.154  -6.646 1.0000000000
12446  -4.754  -71.698  -6.953 1.0000000000
9836  0.497  -73.826  -15.595 1.0000000000
14333  -3.685  -70.492  -5.150 1.0000000000
13380  -4.799  -71.077  -7.521 1.0000000000
13400  -5.061  -71.190  -8.305 1.0000000000
9094  -0.210  -74.606  -18.251 0.5000000000
9792  0.356  -73.396  -14.565 1.0000000000
10672  -0.097  -72.834  -12.136 1.0000000000
12527  -0.575  -72.013  -11.869 1.0000000000
14356  -3.873  -70.182  -6.405 1.0000000000
14393  -4.377  -70.302  -7.898 1.0000000000
7417  -1.555  -75.805  -17.703 0.5000000000
14464  -3.772  -70.207  -10.559 1.0000000000
14438  -3.925  -70.050  -9.654 1.0000000000
13457  -4.683  -70.479  -9.519 1.0000000000
13425  -4.728  -70.606  -8.614 1.0000000000
8258  -2.965  -75.618  -17.943 0.5000000000
8297  -4.849  -75.502  -20.895 0.1000000015
8336  -5.355  -75.237  -22.626 0.1000000015
8309  -5.074  -75.111  -21.442 0.1000000015
9527  0.017  -74.867  3.497 0.8999999762
8722  -1.028  -75.028  3.330 0.8999999762
8723  -1.561  -75.080  3.492 0.8999999762
7906  -3.085  -75.317  1.685 1.0000000000
8789  -3.205  -75.217  -0.202 1.0000000000
8798  -3.511  -74.498  -0.796 1.0000000000
5395  -0.068  -78.463  7.853 0.6000000238
7865  -0.348  -75.944  4.136 0.8999999762
8703  0.111  -75.309  4.214 0.8999999762
8810  -3.414  -74.191  -1.340 1.0000000000
9606  -3.484  -73.633  -1.426 1.0000000000
6183  -0.231  -77.478  6.222 0.6999999881
7016  -0.212  -76.926  6.204 0.6000000238
7850  -0.221  -75.889  4.806 0.8999999762
6159  0.270  -77.436  7.875 0.6000000238
10521  -2.758  -73.572  -2.221 1.0000000000
10502  -2.720  -72.904  -2.111 1.0000000000
11436  -2.080  -72.782  -2.633 1.0000000000
12354  -1.864  -71.749  -2.605 1.0000000000
12355  -2.177  -71.450  -2.880 1.0000000000
13313  -2.176  -70.674  -3.027 1.0000000000
13325  -3.004  -70.763  -3.597 1.0000000000
14296  -3.142  -70.382  -4.023 1.0000000000
10768  0.360  -72.932  -16.506 1.0000000000
10751  -0.465  -72.484  -15.362 1.0000000000
10685  0.608  -72.966  -13.503 1.0000000000
14345  -2.538  -69.725  -5.813 1.0000000000
9115  0.207  -74.892  -18.842 0.6000000238
11619  0.399  -72.028  -13.052 1.0000000000
12525  0.336  -71.513  -12.192 1.0000000000
12518  0.302  -71.406  -11.487 1.0000000000
13452  0.278  -70.688  -10.739 1.0000000000
14404  0.206  -70.328  -9.807 1.0000000000
14389  -1.067  -69.932  -8.812 1.0000000000
14370  -1.152  -69.687  -8.062 1.0000000000
14371  -1.845  -69.726  -7.679 1.0000000000
14355  -3.062  -69.807  -6.566 1.0000000000
13477  -1.107  -71.071  -11.108 1.0000000000
13456  -1.236  -70.703  -10.513 1.0000000000
14406  -0.967  -70.197  -9.513 1.0000000000
14408  -2.448  -69.981  -9.164 1.0000000000
14372  -2.771  -69.810  -7.446 1.0000000000
9073  -0.674  -74.314  -17.472 0.5000000000
10816  -0.229  -73.214  -18.645 0.5000000000
14462  -2.206  -70.375  -10.479 1.0000000000
14436  -2.299  -70.145  -9.930 1.0000000000
14409  -3.292  -69.921  -8.992 1.0000000000
9075  -2.315  -74.563  -17.629 0.4000000060
9116  -3.679  -75.249  -18.579 0.3000000119
9972  -4.549  -73.440  -21.917 0.1000000015
8761  -3.908  -74.702  2.125 1.0000000000
9560  -4.379  -74.171  2.044 1.0000000000
10457  -4.662  -73.455  1.382 1.0000000000
11380  -4.646  -72.520  1.100 1.0000000000
4658  0.112  -78.790  8.619 0.4000000060
8705  -1.635  -74.773  4.251 0.8999999762
8742  -2.761  -75.185  2.622 0.8999999762
8760  -3.372  -75.098  2.025 1.0000000000
8781  -3.703  -74.864  0.881 1.0000000000
9579  -4.036  -74.407  0.606 1.0000000000
10466  -4.454  -73.026  0.536 1.0000000000
5394  0.267  -78.205  8.271 0.4000000060
9506  0.162  -74.314  4.255 0.8999999762
9507  -0.657  -74.435  4.369 0.8999999762
10476  -4.049  -73.241  -0.435 1.0000000000
12314  -4.290  -71.916  0.368 1.0000000000
7830  -0.210  -76.062  5.860 0.8000000119
8661  0.222  -75.094  6.173 0.8999999762
11422  -3.465  -72.931  -1.500 1.0000000000
11389  -4.127  -72.142  -0.010 1.0000000000
12330  -3.547  -72.074  -0.986 1.0000000000
13257  -3.102  -71.031  -0.718 1.0000000000
12328  -2.256  -71.532  -1.375 1.0000000000
13275  -1.923  -70.956  -0.974 1.0000000000
14210  -1.944  -69.950  -0.794 1.0000000000
12341  -1.921  -71.657  -1.836 1.0000000000
12326  -1.007  -70.781  -1.210 1.0000000000
14208  -0.523  -69.753  -0.762 1.0000000000
13311  -1.386  -70.916  -2.285 1.0000000000
14244  -0.727  -70.155  -2.007 1.0000000000
11757  1.227  -72.779  -18.647 0.8000000119
12677  1.273  -71.894  -18.969 0.8999999762
12654  0.739  -71.842  -18.083 1.0000000000
12631  0.146  -71.695  -17.267 1.0000000000
12612  -0.887  -71.754  -15.950 1.0000000000
14269  -0.923  -69.620  -2.825 1.0000000000
15235  -0.567  -69.150  -2.842 1.0000000000
10778  0.857  -72.971  -17.348 0.8999999762
12588  -1.304  -71.620  -14.724 1.0000000000
13541  -1.354  -71.345  -13.980 1.0000000000
14294  -2.201  -69.948  -3.635 1.0000000000
15255  -0.936  -69.330  -3.514 1.0000000000
10833  1.154  -73.390  -19.233 0.6999999881
11638  -0.462  -72.223  -14.098 1.0000000000
13505  -0.026  -71.121  -12.493 1.0000000000
13492  -0.379  -70.564  -12.198 1.0000000000
14330  -1.523  -69.496  -4.746 1.0000000000
15280  -0.143  -68.887  -3.940 1.0000000000
10834  0.650  -73.435  -19.691 0.6999999881
12545  -0.445  -71.705  -13.457 1.0000000000
14461  -0.256  -70.047  -11.256 1.0000000000
14388  -0.449  -69.916  -9.060 1.0000000000
14369  -0.612  -69.643  -8.417 1.0000000000
15338  -0.975  -69.227  -6.941 1.0000000000
14343  -0.897  -69.205  -6.214 1.0000000000
16238  -0.319  -68.585  -5.017 1.0000000000
10835  0.036  -73.454  -19.401 0.6000000238
17249  0.046  -68.078  -5.653 1.0000000000
17232  -0.291  -67.990  -3.962 1.0000000000
10780  -0.914  -72.878  -17.692 0.4000000060
9898  -3.111  -74.500  -17.949 0.4000000060
9133  -4.364  -75.011  -19.641 0.1000000015
10836  -4.416  -73.512  -19.641 0.1000000015
9945  -4.561  -73.978  -20.414 0.1000000015
10410  -4.575  -73.229  4.492 1.0000000000
10411  -4.960  -72.913  4.163 1.0000000000
12273  -5.348  -72.214  3.338 1.0000000000
9492  -3.318  -73.924  5.074 1.0000000000
9529  -3.856  -74.209  3.811 1.0000000000
10430  -4.627  -73.616  3.094 1.0000000000
11365  -4.921  -72.994  2.983 1.0000000000
12282  -5.022  -72.381  2.496 1.0000000000
12274  -5.722  -71.911  3.409 1.0000000000
12296  -6.399  -71.630  2.232 1.0000000000
8706  -2.477  -74.581  4.301 0.8999999762
8707  -3.287  -74.418  4.016 1.0000000000
12295  -5.157  -71.596  2.164 1.0000000000
9475  -0.804  -74.097  5.757 0.8999999762
12294  -4.866  -71.903  1.817 1.0000000000
13213  -5.302  -71.330  1.815 1.0000000000
6142  0.646  -77.498  8.871 0.4000000060
8660  0.614  -74.531  6.191 0.8999999762
13212  -4.706  -71.233  1.386 1.0000000000
13260  -5.460  -70.869  -0.104 1.0000000000
6985  0.189  -76.662  7.361 0.6999999881
8702  0.426  -74.613  4.846 0.8999999762
13224  -4.251  -71.336  0.408 1.0000000000
14213  -4.544  -70.729  -0.410 1.0000000000
13258  -3.684  -71.010  -0.422 1.0000000000
14212  -3.774  -70.558  -0.705 1.0000000000
14211  -2.858  -70.132  -0.954 1.0000000000
14230  -4.497  -70.391  -1.118 1.0000000000
14229  -3.722  -70.132  -1.436 1.0000000000
15196  -2.486  -69.705  -1.320 1.0000000000
15208  -1.835  -69.444  -1.315 1.0000000000
11779  1.340  -72.516  -19.532 0.8000000119
15218  -0.937  -69.180  -2.118 1.0000000000
16172  -1.320  -68.675  -2.386 1.0000000000
13631  0.376  -70.984  -17.996 0.8999999762
13632  -0.089  -70.648  -17.577 1.0000000000
13579  -1.743  -70.686  -15.624 1.0000000000
17219  -0.444  -67.912  -3.259 1.0000000000
11811  0.942  -72.135  -21.420 0.6999999881
14504  -1.242  -70.776  -13.194 1.0000000000
11812  0.051  -72.423  -21.524 0.6999999881
14512  -2.157  -70.527  -14.458 1.0000000000
14477  -1.121  -70.018  -12.132 1.0000000000
15384  -0.191  -69.677  -10.401 1.0000000000
16314  -0.714  -68.684  -8.563 1.0000000000
16305  -0.583  -68.657  -7.696 1.0000000000
17293  -0.086  -68.198  -6.425 1.0000000000
12704  -0.101  -71.987  -20.157 0.4000000060
10782  -2.097  -72.921  -17.427 0.3000000119
9900  -4.016  -74.131  -18.721 0.2000000030
11759  -4.459  -72.697  -19.081 0.2000000030
10406  -3.941  -73.608  4.945 1.0000000000
11356  -4.780  -72.882  5.161 1.0000000000
11357  -5.148  -72.576  4.557 1.0000000000
11358  -5.597  -72.105  4.479 1.0000000000
8686  -1.822  -74.583  4.637 0.8999999762
9509  -2.598  -74.332  4.764 0.8999999762
12275  -6.416  -71.779  3.623 1.0000000000
12285  -6.759  -71.719  2.883 1.0000000000
6141  0.965  -76.982  9.254 0.5000000000
10394  0.880  -73.593  5.608 0.8999999762
10404  0.416  -73.516  5.340 0.8999999762
13243  -5.776  -71.068  0.572 1.0000000000
6971  0.796  -76.407  8.912 0.6000000238
7783  0.538  -75.860  8.231 0.8999999762
14231  -5.350  -70.634  -0.839 1.0000000000
14248  -3.732  -69.829  -2.285 1.0000000000
14247  -3.150  -69.694  -2.257 1.0000000000
13679  1.514  -70.996  -19.993 0.8000000119
14610  1.021  -70.410  -19.414 0.8000000119
15258  -2.843  -68.952  -3.320 1.0000000000
16174  -2.260  -69.166  -2.450 1.0000000000
13704  1.582  -70.742  -21.447 0.8000000119
13592  -1.263  -70.907  -16.222 1.0000000000
14536  -1.994  -70.032  -15.831 1.0000000000
14525  -2.550  -69.984  -14.923 1.0000000000
16200  -2.632  -68.538  -3.723 1.0000000000
16186  -1.739  -68.259  -3.021 1.0000000000
14506  -2.474  -69.977  -13.372 1.0000000000
14493  -1.918  -69.962  -12.674 1.0000000000
15386  -1.699  -69.004  -10.225 1.0000000000
16324  -1.858  -68.624  -9.491 1.0000000000
16307  -2.015  -68.242  -7.797 1.0000000000
17221  -1.196  -67.733  -4.231 1.0000000000
12752  0.880  -71.265  -22.378 0.6999999881
14505  -1.792  -70.596  -13.504 1.0000000000
15419  -2.045  -69.423  -11.677 1.0000000000
16323  -1.075  -68.677  -9.183 1.0000000000
16306  -1.176  -68.302  -7.732 1.0000000000
17295  -0.563  -67.716  -6.222 1.0000000000
17252  -0.966  -67.490  -5.379 1.0000000000
13716  -0.309  -71.026  -22.150 0.6000000238
12679  -0.477  -71.727  -19.224 0.3000000119
11719  -1.498  -71.756  -17.714 0.3000000119
11741  -3.612  -72.843  -17.909 0.2000000030
11721  -2.751  -72.319  -17.533 0.2000000030
10407  -4.270  -73.199  5.422 1.0000000000
10399  -3.441  -73.461  5.844 1.0000000000
12240  -6.142  -72.020  5.296 1.0000000000
10386  -1.851  -73.692  6.562 1.0000000000
10398  -2.590  -73.730  6.053 1.0000000000
6954  1.131  -76.540  9.717 0.6999999881
7772  1.001  -75.680  9.420 0.6999999881
9463  0.736  -74.171  6.722 0.8999999762
10383  0.436  -73.210  6.552 0.8999999762
10384  -0.211  -73.374  6.578 0.8999999762
9465  -0.566  -73.766  6.297 1.0000000000
12307  -6.669  -71.585  1.905 1.0000000000
9454  0.764  -74.265  7.505 0.8999999762
13278  -5.945  -70.817  -0.485 1.0000000000
14250  -5.106  -70.261  -1.528 1.0000000000
15240  -4.452  -69.544  -3.066 1.0000000000
15285  -3.843  -68.895  -4.135 1.0000000000
15239  -3.730  -69.422  -2.969 1.0000000000
14585  -0.411  -70.095  -17.428 1.0000000000
14562  -1.126  -70.030  -16.773 1.0000000000
16431  -1.906  -69.127  -16.187 1.0000000000
15446  -2.995  -69.438  -14.685 1.0000000000
15447  -3.285  -69.208  -14.239 1.0000000000
16201  -3.155  -68.724  -3.977 1.0000000000
14629  1.239  -70.019  -19.899 0.8000000119
14630  0.792  -69.568  -19.410 0.8000000119
15510  0.099  -69.256  -18.307 1.0000000000
15420  -2.912  -69.057  -11.631 1.0000000000
16354  -2.499  -68.864  -10.502 1.0000000000
16297  -2.607  -68.193  -7.019 1.0000000000
16273  -2.264  -68.010  -6.152 1.0000000000
14646  1.575  -69.992  -20.971 0.8000000119
16296  -1.681  -68.072  -6.914 1.0000000000
16272  -1.353  -67.670  -6.044 1.0000000000
16240  -1.983  -67.799  -5.363 1.0000000000
14673  1.231  -69.853  -22.286 0.8000000119
13680  -0.423  -71.072  -20.057 0.4000000060
13681  -0.699  -70.572  -19.498 0.2000000030
13634  -1.751  -70.654  -17.992 0.2000000030
11347  -5.870  -72.282  5.952 1.0000000000
11346  -5.130  -72.577  6.278 1.0000000000
12268  -6.936  -71.764  4.309 1.0000000000
10388  -3.606  -73.030  6.815 1.0000000000
10389  -4.091  -72.915  6.658 1.0000000000
11314  -5.346  -72.336  7.679 1.0000000000
12276  -7.231  -71.724  3.575 1.0000000000
10372  -1.333  -73.408  7.425 1.0000000000
10373  -2.200  -73.215  7.353 1.0000000000
11312  -3.631  -72.688  7.641 1.0000000000
12298  -7.685  -71.611  2.143 1.0000000000
7742  1.381  -75.622  10.756 0.6999999881
8612  0.948  -74.868  8.957 0.8000000119
11308  0.659  -72.656  7.439 0.8999999762
8591  1.218  -74.872  10.078 0.8000000119
9418  1.126  -74.007  9.245 0.8999999762
9443  0.955  -74.119  8.265 0.8999999762
11276  1.057  -72.548  9.110 0.8999999762
13262  -6.804  -71.047  -0.070 1.0000000000
14232  -6.335  -70.692  -1.004 1.0000000000
14251  -5.891  -70.317  -1.625 1.0000000000
15241  -5.169  -69.722  -2.958 1.0000000000
15261  -5.015  -69.352  -3.575 1.0000000000
16452  -0.975  -68.974  -16.953 1.0000000000
15421  -3.438  -68.905  -11.911 1.0000000000
16336  -3.254  -68.528  -10.106 1.0000000000
16309  -3.907  -68.326  -8.078 1.0000000000
16298  -3.613  -68.282  -7.156 1.0000000000
16218  -4.240  -68.666  -4.775 1.0000000000
15431  -3.359  -69.176  -13.049 1.0000000000
16325  -2.789  -68.492  -9.423 1.0000000000
16308  -2.948  -68.289  -7.901 1.0000000000
16274  -3.205  -68.250  -6.243 1.0000000000
16499  0.720  -68.045  -18.882 1.0000000000
16471  -0.191  -68.783  -17.858 1.0000000000
16530  1.467  -68.396  -20.447 0.8000000119
16514  1.227  -68.299  -19.799 0.8000000119
16470  0.176  -68.143  -18.040 1.0000000000
16576  0.674  -68.308  -22.523 0.6000000238
15584  -0.412  -69.343  -21.330 0.4000000060
15572  -0.592  -69.534  -20.449 0.2000000030
15556  -1.159  -69.455  -19.140 0.2000000030
11334  -6.153  -72.269  6.581 1.0000000000
12241  -6.643  -71.987  5.757 1.0000000000
12260  -7.294  -71.779  5.082 1.0000000000
12269  -7.733  -71.673  4.310 1.0000000000
11291  -3.047  -72.600  8.253 1.0000000000
11313  -4.463  -72.509  7.707 1.0000000000
12287  -8.242  -71.562  2.725 1.0000000000
12199  0.396  -72.280  8.755 0.8999999762
11289  -1.264  -72.799  8.634 1.0000000000
11290  -2.102  -72.695  8.563 1.0000000000
13245  -7.272  -71.255  0.406 1.0000000000
9393  1.194  -73.805  10.124 0.8000000119
10327  1.154  -73.198  9.528 0.8999999762
12310  -8.219  -71.370  1.269 1.0000000000
13296  -7.220  -70.741  -1.150 1.0000000000
14275  -6.280  -70.082  -2.520 1.0000000000
14252  -6.926  -70.518  -1.701 1.0000000000
16219  -5.162  -68.726  -4.848 1.0000000000
15262  -6.034  -69.601  -3.438 1.0000000000
16412  -1.760  -68.118  -15.944 1.0000000000
16414  -2.853  -68.670  -15.190 1.0000000000
17399  -3.494  -68.358  -14.293 1.0000000000
16380  -3.840  -68.755  -12.917 1.0000000000
16376  -4.269  -68.323  -12.047 1.0000000000
16318  -4.116  -68.330  -8.916 1.0000000000
16310  -4.726  -68.242  -8.415 1.0000000000
17424  -1.082  -67.904  -16.453 1.0000000000
17398  -2.901  -67.797  -14.788 1.0000000000
17443  -0.360  -67.726  -17.142 1.0000000000
17410  -2.075  -67.717  -15.425 1.0000000000
18582  1.700  -66.684  -21.313 0.8000000119
17495  0.678  -67.440  -18.434 1.0000000000
16560  0.027  -68.286  -22.285 0.4000000060
18584  -0.304  -67.018  -21.458 0.4000000060
16531  -0.576  -68.511  -20.721 0.2000000030
16516  -0.807  -68.674  -19.887 0.2000000030
11282  -4.220  -72.039  8.931 1.0000000000
11293  -4.830  -72.180  8.425 1.0000000000
12208  -5.616  -72.158  8.059 1.0000000000
12209  -6.130  -72.119  7.739 1.0000000000
12222  -6.742  -72.064  6.761 1.0000000000
12242  -7.501  -71.740  5.988 1.0000000000
11280  -2.505  -72.278  9.266 1.0000000000
11281  -3.448  -72.187  9.007 1.0000000000
9380  1.536  -74.554  11.467 0.8000000119
12187  0.244  -72.023  9.428 1.0000000000
11278  -0.739  -72.422  9.273 1.0000000000
12278  -8.772  -71.464  3.390 1.0000000000
9381  1.351  -74.201  10.949 0.8000000119
12186  0.836  -71.992  9.636 0.8999999762
10309  1.198  -73.462  10.752 0.8000000119
11267  1.062  -72.656  10.902 0.8000000119
11270  1.044  -72.563  9.955 0.8999999762
13246  -7.946  -71.220  0.297 1.0000000000
14297  -6.864  -69.885  -3.125 1.0000000000
17388  -3.715  -67.778  -13.972 1.0000000000
17341  -4.992  -67.847  -10.729 1.0000000000
16299  -4.818  -68.208  -7.406 1.0000000000
16244  -5.703  -68.446  -5.540 1.0000000000
16220  -6.038  -68.756  -4.865 1.0000000000
17389  -4.265  -67.716  -13.356 1.0000000000
17365  -4.649  -67.976  -11.852 1.0000000000
16319  -4.877  -68.150  -9.204 1.0000000000
17296  -5.287  -68.098  -8.161 1.0000000000
16276  -5.266  -68.229  -6.355 1.0000000000
17408  -0.899  -67.160  -15.928 1.0000000000
17377  -5.031  -67.233  -12.332 1.0000000000
18562  1.583  -66.923  -20.275 0.8999999762
17442  0.054  -67.259  -17.247 1.0000000000
17422  -0.152  -66.991  -16.688 1.0000000000
18421  -2.589  -66.950  -14.372 1.0000000000
18603  1.428  -66.765  -22.046 0.8000000119
19658  1.711  -66.098  -20.785 0.8000000119
18522  1.007  -66.801  -18.588 0.8999999762
18434  -1.826  -66.872  -14.890 1.0000000000
17565  0.274  -67.285  -22.224 0.4000000060
18443  0.064  -66.437  -16.003 1.0000000000
18433  -0.945  -66.587  -15.140 1.0000000000
17512  -0.766  -67.685  -20.014 0.3000000119
12210  -7.106  -71.714  7.725 1.0000000000
12223  -7.667  -71.581  6.898 1.0000000000
12261  -8.331  -71.486  5.205 1.0000000000
9372  1.719  -74.358  11.966 0.6999999881
12243  -8.269  -71.385  6.206 1.0000000000
10298  1.542  -73.967  11.845 0.8000000119
12299  -8.478  -71.411  1.914 1.0000000000
10291  1.431  -73.170  12.393 0.8000000119
13247  -8.620  -71.102  0.269 1.0000000000
11260  1.071  -72.625  11.913 0.8000000119
12165  0.808  -71.935  11.028 0.8000000119
12166  0.528  -71.475  10.884 0.8000000119
12175  0.332  -71.582  10.217 0.8000000119
13297  -7.730  -70.682  -1.371 1.0000000000
14276  -7.281  -70.172  -2.571 1.0000000000
15288  -6.591  -69.101  -4.435 1.0000000000
17355  -5.273  -67.417  -11.319 1.0000000000
17329  -5.588  -67.557  -10.074 1.0000000000
17316  -5.785  -67.748  -9.065 1.0000000000
16277  -6.346  -68.097  -6.354 1.0000000000
16245  -6.681  -68.544  -5.370 1.0000000000
18409  -3.827  -66.694  -13.482 1.0000000000
17297  -5.727  -67.945  -7.774 1.0000000000
16278  -7.305  -68.189  -6.108 1.0000000000
15310  -7.191  -68.909  -4.964 1.0000000000
22143  1.525  -64.178  -20.221 0.8000000119
20830  1.523  -64.969  -19.571 0.8999999762
20820  1.366  -64.784  -18.684 0.8999999762
18384  -5.793  -66.778  -11.233 1.0000000000
17330  -5.967  -67.250  -9.972 1.0000000000
17317  -6.273  -67.441  -8.832 1.0000000000
17298  -6.398  -67.800  -7.444 1.0000000000
19598  0.868  -65.630  -17.161 1.0000000000
19501  -5.120  -66.267  -12.432 1.0000000000
20867  1.698  -65.486  -21.482 0.8000000119
20893  0.819  -65.583  -22.161 0.6000000238
19513  -2.975  -65.995  -13.351 1.0000000000
19660  -0.501  -65.790  -20.601 0.2000000030
17513  -1.101  -68.111  -19.441 0.2000000030
12192  -4.576  -71.690  9.346 1.0000000000
12193  -5.263  -71.579  9.309 1.0000000000
12194  -6.009  -71.308  9.264 1.0000000000
12180  -3.439  -71.446  10.200 1.0000000000
13136  -6.441  -70.617  9.460 1.0000000000
12179  -2.746  -71.621  10.152 1.0000000000
12203  -7.342  -71.101  8.507 1.0000000000
13153  -8.059  -70.708  8.075 1.0000000000
13190  -8.746  -71.169  5.778 1.0000000000
11244  0.930  -72.332  13.066 0.6999999881
11242  1.756  -72.992  13.821 0.6000000238
12168  -0.941  -71.465  10.631 1.0000000000
13161  -8.670  -70.686  7.087 1.0000000000
13198  -9.251  -71.043  4.132 1.0000000000
12300  -9.003  -71.230  2.162 1.0000000000
11253  0.761  -72.216  12.510 0.6999999881
10283  1.432  -73.006  12.896 0.6999999881
13125  -0.301  -71.421  10.488 0.8999999762
13171  -9.393  -70.238  6.214 1.0000000000
13191  -9.341  -70.718  5.316 1.0000000000
13207  -9.861  -70.697  2.880 1.0000000000
13231  -9.032  -71.062  0.922 1.0000000000
13282  -8.299  -70.828  -0.917 1.0000000000
13202  -9.835  -70.642  3.669 1.0000000000
13217  -9.857  -70.723  2.107 1.0000000000
13283  -9.023  -70.740  -1.062 1.0000000000
13266  -9.562  -70.726  -0.452 1.0000000000
14254  -8.651  -70.408  -2.237 1.0000000000
14277  -8.133  -70.164  -2.729 1.0000000000
14255  -9.355  -70.260  -2.327 1.0000000000
14299  -8.457  -69.896  -3.373 1.0000000000
15289  -7.545  -69.234  -4.425 1.0000000000
17299  -7.063  -67.619  -7.307 1.0000000000
18358  -6.344  -67.009  -9.831 1.0000000000
18347  -6.780  -67.127  -8.883 1.0000000000
20813  1.208  -65.050  -17.881 0.8999999762
18458  0.186  -66.544  -16.635 1.0000000000
20767  0.395  -65.437  -15.660 1.0000000000
19515  -4.465  -66.296  -13.001 1.0000000000
18385  -6.129  -66.407  -11.082 1.0000000000
22161  1.389  -64.251  -21.062 0.6000000238
19528  -1.991  -66.362  -14.171 1.0000000000
19659  -0.229  -65.656  -21.310 0.3000000119
18524  -0.773  -66.809  -19.424 0.2000000030
13127  -4.472  -70.764  10.450 0.8999999762
12183  -5.477  -71.178  9.760 1.0000000000
13103  -1.897  -70.654  11.313 1.0000000000
13116  -3.316  -70.849  10.868 1.0000000000
13117  -3.900  -70.576  10.796 1.0000000000
12128  1.219  -71.798  14.724 0.2000000030
13113  -1.258  -70.799  11.096 1.0000000000
12169  -1.674  -71.469  10.672 1.0000000000
12140  0.695  -71.681  14.055 0.4000000060
13112  -0.433  -71.076  10.743 0.8999999762
13058  0.206  -71.131  13.627 0.6000000238
13101  0.362  -70.953  11.340 0.8000000119
13111  0.138  -70.959  10.868 0.8999999762
12160  0.423  -71.597  12.320 0.8000000119
12163  0.524  -71.562  11.554 0.8000000119
13192  -9.897  -70.275  4.985 1.0000000000
14180  -10.365  -70.372  1.887 1.0000000000
13249  -10.069  -70.603  0.224 1.0000000000
13284  -9.777  -70.498  -1.224 1.0000000000
14300  -9.237  -69.823  -3.429 1.0000000000
15266  -9.597  -69.465  -3.980 1.0000000000
15312  -8.814  -68.955  -5.052 1.0000000000
17300  -7.699  -67.549  -7.154 1.0000000000
23434  1.390  -63.111  -18.346 0.8999999762
18340  -7.557  -67.164  -8.154 1.0000000000
23459  1.489  -62.976  -19.279 0.8000000119
22122  1.320  -64.155  -18.123 1.0000000000
20788  0.686  -65.179  -16.381 1.0000000000
19499  -4.079  -65.730  -12.787 1.0000000000
24797  1.197  -62.422  -19.918 0.4000000060
19540  -0.119  -65.895  -15.017 1.0000000000
19526  -0.765  -65.796  -14.377 1.0000000000
19482  -5.584  -66.030  -11.903 1.0000000000
22162  0.214  -64.255  -20.953 0.3000000119
13931  0.211  -69.654  17.146 0.1000000015
12995  1.034  -70.624  16.044 0.1000000015
13046  0.394  -70.919  14.666 0.3000000119
13047  -0.142  -70.460  14.388 0.5000000000
13071  0.104  -71.117  12.805 0.6999999881
14043  -0.049  -70.149  11.913 0.8000000119
13089  -0.142  -70.639  12.602 0.8000000119
14162  -10.560  -69.737  4.318 1.0000000000
13233  -10.454  -70.447  0.718 1.0000000000
14174  -10.735  -69.934  2.273 1.0000000000
14215  -10.852  -70.116  -0.747 1.0000000000
14279  -9.634  -69.978  -2.874 1.0000000000
14280  -10.309  -69.791  -2.849 1.0000000000
27512  1.267  -61.361  -17.035 0.8999999762
26108  1.339  -62.173  -16.702 0.8999999762
17301  -8.435  -67.370  -7.078 1.0000000000
16248  -9.266  -68.517  -5.505 1.0000000000
24688  1.129  -63.019  -15.836 0.8999999762
24671  0.844  -63.267  -15.076 1.0000000000
18354  -7.178  -66.736  -9.171 1.0000000000
27529  1.140  -61.109  -17.684 0.6999999881
24748  1.316  -62.277  -18.106 0.8000000119
24728  1.325  -62.681  -17.427 0.8999999762
22093  0.544  -64.653  -15.412 1.0000000000
20732  -0.099  -65.042  -14.241 1.0000000000
22032  -0.279  -64.538  -13.235 1.0000000000
20676  -5.873  -65.379  -11.360 1.0000000000
19468  -6.712  -65.914  -10.578 1.0000000000
27583  0.655  -61.380  -19.232 0.5000000000
22073  0.230  -64.577  -14.531 1.0000000000
20715  -1.822  -65.291  -13.145 1.0000000000
24825  0.772  -62.945  -20.528 0.4000000060
23487  -0.427  -63.555  -19.931 0.2000000030
13932  -0.349  -69.382  16.821 0.1000000015
13944  -0.215  -69.642  16.318 0.1000000015
15058  -3.005  -69.438  10.736 1.0000000000
15059  -3.656  -69.510  10.703 1.0000000000
13982  0.096  -70.299  15.050 0.1000000015
13956  0.349  -70.363  15.353 0.1000000015
15057  -2.245  -69.358  10.682 1.0000000000
14091  -4.822  -69.994  10.454 1.0000000000
14092  -5.497  -70.012  10.098 1.0000000000
13984  -0.842  -69.793  14.620 0.3000000119
15053  0.342  -69.415  11.097 0.8000000119
15054  -0.080  -69.296  10.641 0.8999999762
14101  -6.726  -69.912  9.434 1.0000000000
15036  0.234  -69.282  11.587 0.6999999881
14102  -7.238  -69.905  9.119 1.0000000000
13146  -8.185  -70.303  8.161 1.0000000000
13059  -0.165  -70.591  13.917 0.5000000000
14120  -9.065  -69.780  7.216 1.0000000000
14026  -1.013  -69.733  13.187 0.6000000238
14130  -9.736  -69.689  6.219 1.0000000000
15159  -11.030  -69.536  2.717 1.0000000000
15165  -11.147  -69.521  2.131 1.0000000000
14216  -11.387  -69.746  -0.330 1.0000000000
14258  -11.168  -69.743  -1.744 1.0000000000
15267  -10.298  -69.297  -3.868 1.0000000000
14303  -10.918  -69.358  -3.218 1.0000000000
16222  -10.580  -68.649  -4.753 1.0000000000
17282  -9.357  -67.680  -6.362 1.0000000000
16281  -9.669  -68.048  -5.904 1.0000000000
27480  1.066  -61.135  -15.917 0.8999999762
23351  -0.376  -63.726  -12.986 1.0000000000
22018  -1.572  -64.523  -12.121 1.0000000000
22019  -2.303  -64.531  -12.038 1.0000000000
19460  -7.887  -66.197  -9.021 1.0000000000
18350  -8.301  -66.764  -8.168 1.0000000000
26156  1.139  -61.571  -18.288 0.6999999881
23370  0.574  -63.901  -14.790 1.0000000000
20693  -2.059  -64.938  -12.578 1.0000000000
20674  -4.294  -64.816  -11.880 1.0000000000
28913  0.784  -60.268  -18.342 0.5000000000
20734  -0.956  -65.482  -13.828 1.0000000000
20692  -1.346  -64.901  -12.664 1.0000000000
20695  -3.684  -65.089  -12.315 1.0000000000
26206  -0.103  -62.065  -19.581 0.2000000030
15075  -1.806  -68.937  10.121 1.0000000000
16015  -2.988  -68.634  9.772 1.0000000000
16016  -3.785  -68.612  9.947 1.0000000000
16018  -5.096  -68.731  9.944 1.0000000000
15089  -5.557  -68.853  9.784 1.0000000000
14935  -0.836  -69.218  16.457 0.1000000015
16037  -6.555  -68.730  9.324 1.0000000000
14949  -1.156  -69.342  15.404 0.2000000030
14948  -0.616  -69.538  15.913 0.1000000015
16988  -0.235  -67.823  10.990 0.8000000119
15073  -0.449  -68.833  10.378 1.0000000000
15100  -7.632  -69.161  8.718 1.0000000000
15975  -0.083  -68.455  11.603 0.8000000119
15055  -0.815  -69.345  10.643 1.0000000000
15101  -8.271  -69.184  8.230 1.0000000000
15954  -0.398  -68.878  12.031 0.6000000238
15109  -9.328  -69.113  7.120 1.0000000000
15115  -9.856  -69.064  6.517 1.0000000000
16088  -10.509  -68.797  5.619 1.0000000000
14978  -1.496  -69.463  13.635 0.5000000000
14045  -0.978  -69.491  12.673 0.6000000238
14149  -10.012  -69.870  5.402 1.0000000000
15150  -10.857  -69.190  4.390 1.0000000000
15166  -11.565  -69.067  2.119 1.0000000000
14182  -11.404  -69.471  1.179 1.0000000000
14236  -11.329  -69.737  -1.205 1.0000000000
15243  -11.278  -69.220  -3.003 1.0000000000
15294  -11.149  -68.799  -4.072 1.0000000000
30179  0.642  -59.881  -15.128 0.8999999762
28812  0.525  -60.292  -14.714 0.8999999762
27434  0.055  -61.527  -13.903 0.8999999762
26029  -0.335  -62.155  -13.249 0.8999999762
17283  -10.128  -67.459  -6.166 1.0000000000
28851  0.985  -60.316  -16.166 0.8000000119
26042  0.430  -62.023  -14.499 0.8999999762
23360  -0.139  -63.459  -13.743 0.8999999762
22016  -0.501  -64.308  -12.470 1.0000000000
19461  -8.376  -65.787  -8.762 1.0000000000
19449  -8.797  -66.521  -8.030 1.0000000000
30237  0.750  -59.459  -17.387 0.6000000238
22006  -4.718  -64.531  -11.375 1.0000000000
21989  -5.875  -64.637  -10.703 1.0000000000
20662  -6.916  -65.281  -10.280 1.0000000000
20651  -7.398  -65.314  -9.806 1.0000000000
28914  -0.011  -60.378  -18.371 0.4000000060
26157  -0.681  -61.469  -18.299 0.2000000030
15869  -1.500  -68.043  16.869 0.1000000015
15886  -1.914  -68.011  16.427 0.1000000015
15074  -1.037  -68.875  10.167 1.0000000000
16989  -0.794  -67.750  11.348 0.8999999762
17010  -0.622  -67.356  10.807 0.8999999762
14962  -1.472  -69.457  14.393 0.4000000060
15976  -1.164  -68.279  11.748 0.6999999881
14997  -1.455  -69.352  13.002 0.6000000238
15017  -1.274  -69.115  12.467 0.8000000119
15155  -11.174  -69.214  3.448 1.0000000000
15197  -11.780  -69.168  0.066 1.0000000000
15244  -11.731  -68.666  -2.939 1.0000000000
17255  -11.340  -67.765  -4.763 1.0000000000
28813  0.142  -60.333  -13.967 0.8999999762
27411  -0.813  -60.956  -12.500 0.8999999762
24637  -1.008  -62.927  -11.444 0.8999999762
23335  -0.694  -64.392  -10.581 1.0000000000
23338  -3.226  -63.600  -10.357 1.0000000000
23315  -5.005  -64.001  -8.729 1.0000000000
21947  -5.550  -64.182  -9.246 1.0000000000
21938  -8.651  -64.945  -8.355 1.0000000000
20638  -9.390  -65.618  -7.841 1.0000000000
18336  -10.051  -66.655  -6.770 1.0000000000
30165  0.315  -59.405  -14.173 0.8000000119
23346  -0.594  -63.756  -12.132 0.8999999762
21982  -0.692  -64.314  -11.178 1.0000000000
21985  -2.865  -63.822  -10.913 1.0000000000
23330  -4.179  -63.741  -9.596 1.0000000000
21950  -8.061  -64.981  -8.863 1.0000000000
20642  -8.745  -65.583  -8.503 1.0000000000
18344  -9.665  -66.589  -7.118 1.0000000000
31488  0.398  -58.660  -15.671 0.6000000238
32760  0.046  -58.103  -16.420 0.4000000060
21986  -3.636  -63.893  -10.914 1.0000000000
21988  -5.068  -64.323  -10.762 1.0000000000
21990  -6.524  -64.772  -10.342 1.0000000000
14950  -1.977  -68.700  15.609 0.2000000030
18086  -0.407  -67.270  10.038 0.8999999762
17042  -0.939  -67.682  9.213 0.8999999762
16031  -1.850  -68.195  9.189 0.8999999762
16032  -2.591  -68.300  9.208 1.0000000000
16034  -4.184  -68.188  9.508 1.0000000000
16035  -5.064  -68.231  9.662 1.0000000000
15019  -2.388  -68.939  13.122 0.8000000119
15978  -2.526  -68.205  11.937 0.8000000119
16046  -6.803  -68.325  8.987 1.0000000000
16055  -8.541  -68.485  7.974 1.0000000000
16062  -9.541  -68.348  6.990 1.0000000000
15173  -11.672  -69.063  1.503 1.0000000000
15224  -11.575  -69.213  -2.041 1.0000000000
19436  -10.910  -66.015  -5.990 1.0000000000
28788  -0.573  -60.159  -11.971 0.8999999762
27402  -1.249  -61.404  -11.273 0.8999999762
25983  -1.611  -62.273  -10.048 1.0000000000
21932  -0.806  -64.149  -8.317 1.0000000000
21921  -2.079  -63.791  -8.222 1.0000000000
23295  -3.223  -63.556  -8.493 1.0000000000
21926  -9.609  -64.989  -7.507 1.0000000000
18327  -10.724  -66.563  -6.260 1.0000000000
30141  -0.086  -59.342  -12.555 0.8000000119
27421  -0.341  -61.176  -13.208 0.8999999762
26019  -0.992  -62.450  -11.994 0.8999999762
24628  -1.137  -62.841  -10.706 0.8999999762
21945  -1.530  -64.154  -9.444 0.8999999762
23313  -3.704  -63.611  -9.034 1.0000000000
21948  -6.388  -64.284  -8.804 1.0000000000
21924  -8.601  -64.352  -7.696 1.0000000000
21949  -7.364  -64.516  -8.865 1.0000000000
31437  0.189  -58.652  -14.203 0.6000000238
21968  -6.972  -64.663  -9.697 1.0000000000
15899  -2.358  -68.081  15.719 0.2000000030
16934  -2.901  -67.412  15.052 0.3000000119
15911  -2.340  -68.515  15.275 0.3000000119
17065  -4.141  -67.338  8.259 0.8999999762
16036  -6.003  -68.272  9.376 1.0000000000
17067  -5.862  -67.478  8.909 0.8999999762
14964  -2.642  -68.590  14.481 0.4000000060
15939  -3.296  -68.178  13.370 0.5000000000
18072  -1.857  -67.018  10.560 0.8999999762
17082  -6.903  -67.348  8.400 1.0000000000
17083  -7.387  -67.377  8.217 1.0000000000
16991  -2.443  -67.881  11.536 0.8999999762
17070  -7.612  -67.949  8.373 1.0000000000
17091  -8.566  -67.381  7.639 1.0000000000
15958  -3.346  -68.060  12.765 0.8999999762
18154  -9.279  -66.750  6.822 1.0000000000
16063  -10.016  -68.274  6.548 1.0000000000
16102  -11.129  -68.408  4.749 1.0000000000
16074  -10.772  -67.945  5.723 1.0000000000
18155  -9.777  -67.149  6.632 1.0000000000
16175  -12.022  -68.267  -2.327 1.0000000000
20624  -10.667  -65.489  -6.373 1.0000000000
30135  -0.100  -59.398  -11.587 0.8000000119
28780  -0.529  -59.949  -11.106 0.8000000119
27392  -1.688  -61.581  -10.065 0.8999999762
24610  -0.555  -63.114  -9.298 1.0000000000
21920  -1.520  -63.824  -7.805 1.0000000000
21914  -9.204  -64.224  -7.019 1.0000000000
23296  -3.897  -63.603  -8.326 1.0000000000
23298  -5.193  -64.004  -8.038 1.0000000000
21935  -6.456  -64.223  -8.130 1.0000000000
31421  0.097  -58.530  -13.204 0.6999999881
21936  -7.055  -64.263  -7.980 1.0000000000
32737  -0.234  -58.156  -14.934 0.4000000060
17981  -2.575  -66.720  15.337 0.2000000030
18102  -0.739  -66.776  9.102 0.8999999762
17061  -1.130  -67.381  8.524 0.8999999762
17062  -1.745  -67.694  8.244 0.8999999762
17064  -3.277  -67.588  8.233 0.8999999762
17066  -5.007  -67.299  8.727 0.8999999762
16946  -3.444  -67.588  13.914 0.4000000060
18050  -3.616  -67.215  11.724 0.8999999762
18073  -2.996  -67.000  10.884 0.8999999762
19242  -7.455  -66.022  7.219 1.0000000000
16116  -11.830  -68.528  2.741 1.0000000000
17129  -11.417  -67.886  4.712 1.0000000000
23226  -8.983  -63.763  -5.939 1.0000000000
19400  -11.469  -66.420  -4.383 1.0000000000
16152  -12.328  -67.874  -0.560 1.0000000000
16124  -12.333  -68.117  1.741 1.0000000000
23246  -3.788  -63.476  -6.139 1.0000000000
23248  -5.216  -63.853  -5.928 1.0000000000
23251  -7.387  -63.955  -5.978 1.0000000000
21898  -9.480  -63.978  -6.280 1.0000000000
30103  -0.930  -59.722  -9.063 0.6000000238
28757  -1.432  -60.372  -8.664 0.8000000119
24595  -1.947  -62.171  -7.568 0.8999999762
24586  -1.774  -62.726  -7.044 1.0000000000
21897  -2.245  -63.454  -6.249 1.0000000000
23266  -4.289  -63.587  -6.810 1.0000000000
23269  -6.355  -64.053  -6.569 1.0000000000
23272  -8.255  -63.921  -6.612 1.0000000000
20606  -10.754  -65.229  -5.611 1.0000000000
28765  -1.153  -60.262  -9.523 0.8000000119
27375  -1.599  -60.769  -9.269 0.8000000119
24602  -1.359  -62.713  -8.432 1.0000000000
21910  -1.612  -63.493  -6.822 1.0000000000
23245  -2.956  -63.490  -6.379 1.0000000000
23267  -4.959  -63.825  -6.687 1.0000000000
23286  -6.786  -64.147  -7.221 1.0000000000
21923  -7.793  -64.184  -7.381 1.0000000000
30115  -0.265  -59.329  -9.990 0.6000000238
32667  0.163  -57.688  -10.107 0.4000000060
23283  -4.750  -63.776  -7.440 1.0000000000
23284  -5.404  -64.036  -7.330 1.0000000000
31405  0.301  -58.065  -11.416 0.6999999881
19094  -3.029  -66.184  14.483 0.3000000119
17078  -2.075  -67.387  7.680 0.8999999762
18134  -3.120  -66.975  7.246 0.8999999762
18021  -3.900  -66.747  12.800 0.6000000238
18089  -2.286  -66.575  10.006 0.8999999762
19191  -2.299  -66.111  8.919 0.8999999762
19222  -1.549  -66.253  7.921 0.8999999762
17081  -3.900  -67.069  7.756 0.8999999762
18137  -5.053  -66.639  7.823 0.8999999762
18138  -5.839  -66.605  7.980 0.8999999762
19230  -6.952  -66.311  7.553 0.8999999762
19241  -6.610  -65.824  7.183 0.8999999762
19243  -8.142  -66.017  7.035 1.0000000000
17130  -11.806  -67.367  4.364 1.0000000000
17104  -10.575  -67.446  6.034 1.0000000000
23188  -5.115  -63.624  -4.450 1.0000000000
23222  -6.304  -63.859  -5.193 1.0000000000
23192  -8.382  -63.690  -4.945 1.0000000000
20605  -10.353  -64.569  -5.588 1.0000000000
18266  -12.049  -66.944  -1.969 1.0000000000
17146  -12.214  -68.020  2.724 1.0000000000
27364  -1.698  -60.787  -7.495 0.8000000119
25951  -1.922  -61.412  -7.324 0.8000000119
23244  -1.841  -62.977  -6.196 0.8999999762
23185  -2.917  -63.488  -4.540 0.8999999762
23186  -3.620  -63.457  -4.517 1.0000000000
23250  -6.678  -64.001  -5.901 1.0000000000
20573  -10.181  -64.447  -4.476 1.0000000000
20587  -10.800  -65.155  -4.788 1.0000000000
27370  -1.852  -61.052  -8.014 0.8000000119
24577  -2.025  -62.368  -6.123 0.8999999762
21878  -2.140  -63.333  -5.683 1.0000000000
23218  -3.307  -63.480  -5.372 1.0000000000
19361  -12.778  -66.182  -1.565 1.0000000000
30090  -0.713  -59.177  -8.651 0.4000000060
32662  0.060  -58.126  -9.423 0.3000000119
19107  -3.276  -65.922  13.881 0.4000000060
18091  -3.841  -66.112  9.879 0.8999999762
18022  -3.998  -66.778  12.428 0.6000000238
18051  -4.069  -66.694  11.299 0.8000000119
19238  -3.988  -66.309  6.700 0.8999999762
19239  -4.814  -65.964  6.804 0.8999999762
19240  -5.706  -65.743  6.987 0.8999999762
20429  -8.228  -65.208  6.555 1.0000000000
20428  -7.368  -65.023  6.617 1.0000000000
23187  -4.360  -63.524  -4.478 1.0000000000
23223  -7.073  -63.829  -5.280 1.0000000000
17189  -12.370  -67.271  -1.125 1.0000000000
16132  -12.392  -68.134  0.949 1.0000000000
17116  -11.459  -66.806  5.096 1.0000000000
20430  -9.019  -65.092  6.219 1.0000000000
24558  -2.095  -62.603  -5.347 0.8999999762
23216  -1.985  -63.204  -5.251 0.8999999762
23190  -6.728  -63.663  -4.524 1.0000000000
21856  -9.033  -63.780  -4.936 1.0000000000
19391  -11.403  -66.142  -3.674 1.0000000000
17148  -13.129  -66.910  2.272 1.0000000000
20448  -10.520  -64.893  5.391 1.0000000000
21702  -9.289  -64.264  5.676 1.0000000000
28750  -1.268  -60.167  -7.949 0.6999999881
24559  -1.982  -62.014  -5.379 0.8000000119
23165  -3.199  -63.500  -3.752 0.8999999762
23167  -4.683  -63.457  -3.711 1.0000000000
23168  -5.479  -63.429  -3.724 1.0000000000
23171  -8.027  -63.670  -4.191 1.0000000000
19370  -11.903  -66.012  -2.334 1.0000000000
18239  -13.440  -66.692  0.406 1.0000000000
18203  -12.492  -66.395  3.835 1.0000000000
20468  -11.272  -64.837  4.937 1.0000000000
23014  -10.290  -63.397  4.734 1.0000000000
30080  -1.009  -59.612  -7.652 0.6000000238
27353  -1.108  -60.667  -6.389 0.6999999881
23166  -3.919  -63.465  -3.725 1.0000000000
21840  -8.649  -63.766  -4.478 1.0000000000
20574  -10.721  -64.976  -4.092 1.0000000000
19346  -13.589  -66.256  -0.266 1.0000000000
20493  -13.334  -64.862  2.938 1.0000000000
21739  -11.917  -63.866  4.194 1.0000000000
24389  -11.636  -63.037  3.869 1.0000000000
23144  -4.235  -63.428  -2.968 1.0000000000
23146  -5.855  -63.315  -3.002 1.0000000000
23148  -7.520  -63.541  -3.022 1.0000000000
21826  -9.107  -64.022  -3.860 1.0000000000
20559  -10.811  -64.778  -3.535 1.0000000000
20548  -13.064  -65.477  -2.380 1.0000000000
19347  -14.053  -65.818  -0.116 1.0000000000
19320  -13.960  -65.188  2.016 1.0000000000
21751  -13.371  -64.037  2.663 1.0000000000
31371  -0.637  -58.676  -8.099 0.5000000000
23126  -6.978  -63.279  -2.354 1.0000000000
23127  -7.711  -63.363  -2.321 1.0000000000
21814  -9.772  -63.796  -3.337 1.0000000000
20575  -11.687  -64.507  -3.590 1.0000000000
20563  -13.424  -65.188  -2.608 1.0000000000
20538  -14.366  -65.113  -1.161 1.0000000000
21779  -14.496  -64.404  0.614 1.0000000000
21752  -13.778  -64.155  2.118 1.0000000000
24405  -12.421  -62.924  3.104 1.0000000000
25724  -11.978  -61.869  2.550 1.0000000000
21812  -8.741  -63.739  -3.172 1.0000000000
23172  -10.166  -63.139  -3.679 1.0000000000
23174  -11.244  -63.565  -4.053 1.0000000000
21830  -13.196  -64.664  -3.322 1.0000000000
21805  -14.604  -64.577  -1.091 1.0000000000
23078  -14.480  -63.781  0.152 1.0000000000
24449  -13.855  -62.597  0.461 1.0000000000
24437  -13.430  -62.258  0.914 1.0000000000
27124  -12.730  -61.169  1.482 1.0000000000
31099  -14.482  -58.516  2.668 1.0000000000
23153  -14.325  -63.931  -2.858 1.0000000000
23131  -14.483  -63.647  -2.179 1.0000000000
24504  -14.389  -62.931  -1.883 1.0000000000
25788  -13.813  -61.944  -0.228 1.0000000000
27172  -13.459  -61.375  0.192 1.0000000000
28478  -14.152  -60.119  1.409 1.0000000000
28479  -14.566  -60.004  1.287 1.0000000000
29804  -14.484  -59.366  2.104 1.0000000000
31117  -15.431  -58.427  1.903 1.0000000000
32415  -15.654  -57.808  1.852 1.0000000000
32450  -16.740  -57.407  0.522 1.0000000000
33760  -16.876  -56.894  0.355 1.0000000000
25828  -14.313  -62.255  -2.369 1.0000000000
27193  -14.209  -61.167  -1.052 1.0000000000
28554  -14.372  -60.700  -0.354 1.0000000000
28530  -14.900  -60.432  0.059 1.0000000000
28506  -15.354  -60.088  0.483 1.0000000000
29833  -15.519  -59.338  1.246 1.0000000000
31141  -15.907  -58.603  1.339 1.0000000000
31183  -17.268  -58.510  -0.295 1.0000000000
32473  -17.493  -57.669  -0.362 1.0000000000
32474  -17.796  -57.297  -0.761 1.0000000000
35093  -18.002  -56.614  -1.038 1.0000000000
27243  -14.641  -61.265  -2.682 1.0000000000
27218  -14.730  -61.080  -1.899 1.0000000000
28556  -15.977  -60.503  -0.975 1.0000000000
28532  -16.373  -60.122  -0.499 1.0000000000
29891  -16.894  -59.457  -0.381 1.0000000000
29892  -17.404  -59.028  -0.700 1.0000000000
31209  -17.695  -58.638  -0.893 1.0000000000
32498  -18.021  -57.896  -1.049 1.0000000000
33813  -18.519  -57.309  -1.530 1.0000000000
19119  -3.757  -65.832  12.905 0.4000000060
18074  -3.906  -66.449  10.455 0.8999999762
19193  -3.243  -65.910  8.927 0.8999999762
19209  -2.658  -65.924  8.469 0.8999999762
18147  -1.859  -66.240  7.068 0.8999999762
18148  -2.106  -66.419  6.579 0.8999999762
18150  -3.447  -66.675  6.817 0.8999999762
18180  -2.381  -66.146  5.565 0.8999999762
19253  -3.333  -66.163  5.923 0.8999999762
19254  -4.221  -65.721  6.031 0.8999999762
19255  -5.007  -65.417  6.459 0.8999999762
20423  -3.951  -64.677  5.971 0.8999999762
20426  -5.947  -64.893  6.684 0.8999999762
20427  -6.643  -64.951  6.687 1.0000000000
21664  -5.383  -64.017  7.070 0.8999999762
21683  -8.394  -64.436  6.112 1.0000000000
21684  -8.962  -64.530  5.948 1.0000000000
25850  -1.737  -61.806  -4.078 0.8999999762
24525  -1.996  -62.816  -3.762 0.8999999762
22995  -8.933  -63.654  5.757 1.0000000000
22996  -9.372  -63.614  5.427 1.0000000000
27258  -1.438  -61.437  -4.344 0.8999999762
23121  -2.975  -63.500  -2.298 0.8999999762
23143  -3.466  -63.498  -2.990 0.8999999762
25679  -9.629  -62.174  5.214 1.0000000000
24387  -10.436  -62.640  4.464 1.0000000000
28687  -0.466  -60.534  -5.647 0.6999999881
23107  -4.134  -63.187  -1.602 1.0000000000
23125  -6.212  -63.159  -2.342 1.0000000000
25694  -10.340  -61.980  4.480 1.0000000000
28399  -10.615  -60.868  4.634 1.0000000000
29752  -10.987  -60.195  4.651 1.0000000000
23124  -5.409  -63.195  -2.302 1.0000000000
23110  -6.536  -62.952  -1.781 1.0000000000
24502  -8.499  -62.653  -2.633 1.0000000000
27081  -11.443  -61.294  3.376 1.0000000000
28427  -11.914  -60.590  3.216 1.0000000000
29754  -11.842  -59.930  4.004 1.0000000000
32373  -11.930  -58.474  4.335 1.0000000000
32384  -12.519  -58.271  3.993 1.0000000000
33685  -13.354  -57.348  3.671 1.0000000000
23112  -7.578  -62.963  -2.015 1.0000000000
24527  -9.757  -62.410  -3.548 1.0000000000
23195  -11.548  -63.332  -4.304 1.0000000000
23175  -13.143  -64.034  -4.023 1.0000000000
28444  -12.540  -60.415  2.577 1.0000000000
29802  -13.373  -59.746  2.491 1.0000000000
31090  -12.831  -58.900  3.528 1.0000000000
32396  -13.712  -58.071  3.330 1.0000000000
33701  -13.917  -57.287  3.274 1.0000000000
35017  -14.815  -56.507  2.728 0.8999999762
36369  -14.964  -55.359  2.653 0.8999999762
35036  -15.908  -56.245  1.657 1.0000000000
35056  -16.701  -56.249  0.636 1.0000000000
24540  -12.460  -62.790  -4.793 1.0000000000
23198  -13.734  -63.025  -4.374 1.0000000000
24530  -14.144  -62.764  -3.823 1.0000000000
25841  -14.285  -62.210  -3.279 1.0000000000
28459  -13.918  -59.921  1.874 1.0000000000
29785  -13.556  -59.318  2.795 1.0000000000
33721  -15.335  -57.157  2.266 0.8999999762
33744  -16.222  -56.939  1.307 1.0000000000
35072  -17.356  -56.459  -0.311 1.0000000000
35092  -17.736  -56.348  -0.718 1.0000000000
25874  -13.603  -61.965  -4.965 1.0000000000
25857  -14.212  -62.122  -3.985 1.0000000000
27269  -14.523  -61.340  -3.204 1.0000000000
27242  -14.298  -61.646  -2.877 1.0000000000
36429  -18.281  -56.013  -1.325 0.8999999762
28638  -14.516  -60.949  -4.217 1.0000000000
28639  -14.874  -60.976  -3.547 1.0000000000
28613  -16.027  -60.877  -2.547 1.0000000000
28587  -16.390  -60.613  -1.766 1.0000000000
28588  -17.165  -60.371  -1.842 1.0000000000
28558  -17.352  -60.011  -1.390 1.0000000000
29917  -17.752  -59.450  -1.250 1.0000000000
29918  -18.268  -59.175  -1.511 1.0000000000
28640  -15.691  -60.789  -3.404 1.0000000000
28641  -16.544  -60.807  -3.340 1.0000000000
28614  -16.890  -60.707  -2.528 1.0000000000
28643  -17.999  -60.493  -3.260 1.0000000000
29963  -17.997  -60.071  -2.197 1.0000000000
29964  -18.423  -59.943  -2.519 1.0000000000
32524  -19.038  -58.795  -1.960 1.0000000000
32514  -19.191  -57.918  -2.154 1.0000000000
33822  -19.342  -57.441  -2.572 1.0000000000
19132  -4.245  -65.919  11.966 0.8000000119
19145  -4.317  -65.904  10.957 0.6999999881
20347  -4.351  -65.237  10.529 0.8000000119
20389  -3.922  -65.211  8.589 0.8999999762
19236  -2.711  -65.353  7.123 0.8999999762
19251  -2.315  -65.686  6.275 0.8999999762
19294  -2.573  -65.177  5.014 0.8999999762
20444  -3.660  -64.761  5.745 0.8999999762
21678  -4.611  -64.134  6.653 0.8999999762
22977  -3.656  -63.475  6.371 0.8999999762
24333  -6.061  -63.072  7.336 1.0000000000
25643  -6.631  -62.640  7.280 1.0000000000
24335  -7.716  -63.037  6.717 1.0000000000
25646  -8.449  -62.447  6.317 1.0000000000
27312  -0.790  -60.853  -5.359 0.8999999762
25837  -1.402  -61.596  -3.561 0.8999999762
24500  -1.955  -62.412  -2.848 0.8999999762
25626  -6.748  -61.777  7.337 1.0000000000
27012  -8.478  -61.731  6.472 1.0000000000
29686  -8.491  -60.211  6.564 1.0000000000
27256  -0.152  -60.901  -4.268 0.8999999762
24478  -1.551  -62.824  -1.480 0.8999999762
23106  -3.150  -63.274  -1.508 0.8999999762
31037  -8.580  -59.417  6.344 1.0000000000
32353  -10.699  -58.812  5.147 1.0000000000
25800  -1.415  -61.944  -1.636 0.8999999762
24481  -3.686  -62.675  -1.258 0.8999999762
24484  -6.171  -62.590  -1.202 1.0000000000
32322  -8.452  -58.524  5.838 1.0000000000
32351  -9.186  -58.125  5.523 1.0000000000
33642  -9.862  -57.720  5.178 1.0000000000
36295  -10.361  -56.073  4.208 1.0000000000
34996  -12.949  -56.601  4.011 1.0000000000
35015  -13.523  -56.575  3.571 1.0000000000
25806  -5.782  -62.116  -0.780 1.0000000000
25807  -6.555  -61.860  -0.876 1.0000000000
27240  -8.624  -61.229  -2.623 1.0000000000
25855  -10.349  -62.019  -3.893 1.0000000000
24539  -11.731  -62.678  -4.629 1.0000000000
36313  -10.073  -55.763  3.737 1.0000000000
36314  -10.823  -55.748  4.082 1.0000000000
36343  -13.142  -56.016  3.813 0.8999999762
36345  -14.277  -55.591  3.143 0.8999999762
37784  -14.677  -54.491  2.675 0.8999999762
36384  -16.052  -55.504  1.467 1.0000000000
36394  -16.938  -55.589  0.436 1.0000000000
37811  -17.179  -54.835  0.241 0.8999999762
28636  -9.343  -60.571  -3.139 1.0000000000
27267  -10.237  -61.246  -3.911 1.0000000000
25872  -11.162  -61.944  -4.498 1.0000000000
24541  -13.227  -62.584  -4.868 1.0000000000
36418  -18.064  -55.602  -0.945 0.8999999762
28693  -11.450  -60.305  -4.915 1.0000000000
27319  -11.613  -61.168  -4.943 1.0000000000
27322  -13.575  -60.851  -5.227 1.0000000000
27323  -14.042  -60.585  -4.992 1.0000000000
27293  -14.178  -61.134  -4.682 1.0000000000
30031  -13.994  -59.530  -5.157 1.0000000000
30010  -15.119  -60.269  -4.554 1.0000000000
28666  -15.353  -60.502  -4.119 1.0000000000
35120  -18.758  -56.656  -1.902 1.0000000000
31302  -14.371  -58.795  -5.175 1.0000000000
30032  -14.825  -59.808  -4.922 1.0000000000
30011  -15.515  -60.162  -4.668 1.0000000000
28667  -16.221  -60.495  -4.254 1.0000000000
28700  -17.104  -60.415  -4.610 1.0000000000
28669  -17.737  -60.495  -3.924 1.0000000000
30013  -18.336  -60.331  -3.833 1.0000000000
31249  -19.105  -59.598  -3.021 1.0000000000
32539  -19.565  -59.045  -3.776 1.0000000000
32525  -19.355  -58.548  -2.538 1.0000000000
35133  -19.352  -56.569  -2.704 0.8999999762
36442  -18.958  -56.201  -2.164 0.8000000119
30033  -15.635  -59.637  -5.116 1.0000000000
30035  -17.161  -60.088  -5.214 1.0000000000
30036  -18.105  -60.212  -4.830 1.0000000000
30037  -18.737  -59.942  -4.745 1.0000000000
31306  -18.943  -59.769  -5.360 1.0000000000
31285  -19.147  -59.634  -4.505 1.0000000000
33833  -19.771  -57.827  -3.503 1.0000000000
35145  -19.559  -57.007  -3.045 1.0000000000
20297  -3.306  -65.132  13.000 0.3000000119
20311  -3.510  -64.991  12.413 0.5000000000
20377  -4.130  -65.278  9.084 0.8999999762
21575  -3.557  -64.402  11.324 0.5000000000
20422  -2.359  -64.695  6.576 0.8999999762
19272  -2.032  -65.360  5.545 0.8999999762
20465  -1.852  -64.550  4.918 0.8999999762
21720  -2.580  -63.748  5.193 0.8999999762
23011  -1.571  -63.251  4.932 0.8999999762
22994  -3.357  -63.573  5.892 0.8999999762
25693  -2.086  -62.060  5.419 0.8999999762
24351  -3.183  -62.769  6.298 0.8999999762
25623  -4.704  -61.838  7.471 1.0000000000
27029  -2.470  -61.673  6.224 0.8999999762
27007  -3.795  -61.256  7.151 1.0000000000
26992  -5.771  -61.375  7.529 1.0000000000
29908  0.994  -58.810  -2.124 0.4000000060
28547  0.056  -59.859  -1.269 0.5000000000
28371  -3.306  -60.243  6.624 1.0000000000
29708  -5.221  -59.557  6.127 1.0000000000
29709  -6.058  -59.415  6.266 1.0000000000
29710  -6.856  -59.431  6.424 1.0000000000
29932  0.924  -59.170  -2.754 0.5000000000
28575  0.427  -60.025  -2.296 0.8999999762
28576  -0.461  -60.692  -2.062 0.8999999762
31033  -5.209  -59.031  5.625 1.0000000000
31065  -7.064  -58.426  5.380 1.0000000000
28604  0.363  -60.488  -3.207 0.6999999881
25802  -2.433  -62.290  -0.784 0.8999999762
25805  -5.024  -62.094  -0.990 1.0000000000
32349  -7.554  -57.952  4.935 1.0000000000
33640  -8.592  -57.373  4.603 1.0000000000
33665  -9.672  -56.998  4.681 1.0000000000
31240  0.691  -58.413  -3.388 0.4000000060
27170  -6.501  -61.000  -0.500 1.0000000000
27215  -7.565  -61.082  -1.549 1.0000000000
28611  -8.791  -60.455  -2.601 1.0000000000
33683  -8.064  -56.792  3.857 1.0000000000
36312  -9.350  -55.919  3.404 1.0000000000
37750  -9.550  -55.079  2.829 0.8999999762
39181  -10.586  -54.129  2.880 0.6999999881
37754  -12.765  -54.491  3.572 0.8999999762
39203  -13.863  -53.610  2.687 0.8999999762
37785  -15.167  -54.501  2.261 1.0000000000
37800  -15.760  -54.710  1.762 1.0000000000
39224  -16.850  -54.058  0.593 0.8000000119
29961  -9.160  -59.653  -2.787 1.0000000000
28662  -10.267  -60.470  -3.939 1.0000000000
30007  -10.392  -59.803  -4.008 1.0000000000
31242  -0.541  -57.956  -3.204 0.3000000119
30029  -12.562  -59.560  -5.225 1.0000000000
28695  -13.021  -60.199  -5.307 1.0000000000
31299  -12.215  -58.977  -5.074 1.0000000000
30030  -13.271  -59.516  -5.271 1.0000000000
31303  -15.237  -58.887  -5.333 1.0000000000
36443  -19.437  -55.756  -2.466 0.8999999762
32570  -15.305  -58.376  -5.674 1.0000000000
31317  -15.693  -58.669  -5.843 1.0000000000
31318  -16.501  -59.040  -6.037 1.0000000000
31319  -17.506  -59.361  -6.117 1.0000000000
31321  -19.065  -60.197  -6.127 1.0000000000
32556  -19.648  -58.990  -5.014 1.0000000000
32557  -20.001  -58.433  -5.371 1.0000000000
33834  -20.052  -57.350  -4.008 1.0000000000
36460  -19.885  -55.814  -3.179 0.8999999762
32572  -20.041  -58.841  -6.021 1.0000000000
33875  -20.379  -58.256  -6.861 1.0000000000
21559  -2.751  -64.332  12.323 0.4000000060
21591  -3.874  -64.367  10.667 0.6999999881
21574  -3.048  -64.222  11.722 0.3000000119
22884  -3.351  -64.070  10.875 0.5000000000
21650  -3.425  -64.490  7.859 0.8999999762
22921  -4.060  -64.171  9.715 0.8999999762
22943  -2.786  -63.405  7.802 0.8999999762
22957  -2.497  -63.760  7.255 0.8999999762
21698  -1.660  -64.150  6.113 0.8999999762
22974  -1.437  -63.467  6.260 0.8999999762
25660  -0.862  -62.148  6.149 0.8999999762
25691  -1.203  -62.042  5.271 0.8999999762
28396  -2.051  -60.669  6.373 0.8999999762
31058  -2.118  -58.884  5.989 0.8999999762
28346  -2.721  -60.418  6.755 0.8999999762
31031  -2.982  -59.399  6.056 0.8999999762
29706  -3.902  -59.540  6.009 1.0000000000
31077  -5.047  -58.323  4.999 1.0000000000
31078  -5.674  -58.224  4.813 1.0000000000
28521  -0.477  -60.253  -1.023 0.8999999762
25764  -1.600  -61.192  0.046 0.8999999762
25781  -2.049  -61.576  -0.318 0.8999999762
27189  -3.917  -61.538  -0.856 1.0000000000
32368  -5.835  -57.773  4.308 1.0000000000
33680  -6.291  -56.858  3.437 0.8999999762
35012  -7.305  -56.091  2.797 0.8999999762
36340  -7.755  -55.621  2.527 0.8000000119
37781  -7.859  -55.093  2.167 0.6999999881
27169  -5.822  -60.963  -0.500 1.0000000000
29914  -7.473  -59.903  -0.858 1.0000000000
31207  -8.224  -58.949  -1.583 1.0000000000
35014  -8.347  -56.096  3.216 1.0000000000
37749  -8.670  -55.314  2.597 0.8999999762
37782  -8.704  -54.762  2.294 0.6999999881
39201  -10.161  -53.698  2.510 0.6999999881
40634  -12.386  -52.972  2.561 0.6999999881
40635  -13.213  -53.061  2.518 0.8999999762
40638  -15.108  -53.415  1.901 0.6999999881
39217  -15.954  -54.044  1.528 0.8999999762
37836  -17.667  -54.823  -0.370 0.8000000119
28584  -7.964  -60.390  -1.719 1.0000000000
31227  -8.445  -59.278  -1.913 1.0000000000
31246  -9.213  -58.825  -2.611 1.0000000000
29987  -10.324  -59.216  -3.797 1.0000000000
31267  -10.546  -58.642  -3.806 1.0000000000
43571  -13.923  -51.578  0.967 0.6999999881
42145  -15.092  -52.436  1.258 0.6999999881
40667  -16.435  -53.288  0.884 0.8000000119
39244  -17.301  -53.954  0.024 0.6999999881
32523  -9.669  -58.086  -2.802 1.0000000000
30009  -11.403  -59.195  -4.780 1.0000000000
42168  -16.562  -52.630  0.474 0.8000000119
40685  -17.530  -53.319  -0.236 0.6999999881
37837  -18.210  -54.760  -0.865 0.8000000119
33843  -11.512  -57.749  -4.299 1.0000000000
32553  -12.411  -57.766  -4.804 1.0000000000
31301  -13.543  -58.787  -5.239 1.0000000000
36430  -18.708  -55.696  -1.745 0.8999999762
32554  -13.067  -57.496  -4.885 1.0000000000
36431  -19.282  -55.334  -2.084 0.8000000119
32568  -13.805  -57.850  -5.121 1.0000000000
32579  -15.057  -57.717  -6.003 1.0000000000
33874  -15.564  -57.741  -6.518 1.0000000000
32581  -15.952  -58.435  -6.292 1.0000000000
32600  -17.438  -58.560  -7.002 1.0000000000
31338  -18.436  -59.247  -6.701 1.0000000000
32583  -19.208  -59.423  -6.754 1.0000000000
32571  -19.587  -59.635  -6.083 1.0000000000
35181  -20.587  -57.238  -5.191 1.0000000000
35159  -20.389  -56.899  -4.377 1.0000000000
35146  -19.890  -56.746  -3.598 0.8999999762
37879  -20.461  -55.039  -3.141 0.8999999762
37865  -20.029  -54.951  -2.549 0.8999999762
35216  -15.707  -56.916  -7.374 1.0000000000
33895  -16.460  -57.811  -7.161 1.0000000000
32624  -17.572  -58.127  -7.505 1.0000000000
33896  -18.689  -58.685  -8.556 1.0000000000
32603  -20.116  -58.841  -7.688 1.0000000000
35182  -21.032  -56.692  -5.449 1.0000000000
36487  -20.653  -56.293  -4.564 1.0000000000
36472  -20.405  -56.036  -3.994 0.8999999762
24285  -2.215  -62.659  9.295 0.6999999881
24300  -2.625  -62.887  8.771 0.8000000119
24327  -1.728  -62.750  7.140 0.8999999762
25620  -1.331  -62.053  7.733 0.8000000119
25637  -0.937  -61.786  7.020 0.8999999762
26975  -0.420  -61.034  8.552 0.6999999881
27003  -0.402  -60.957  7.013 0.8000000119
29701  -0.676  -59.647  6.561 0.8000000119
28393  -0.948  -60.539  6.254 0.8999999762
29732  -0.995  -59.586  6.366 0.8000000119
32343  -1.764  -58.035  5.603 0.8999999762
32344  -2.430  -58.138  5.404 0.8999999762
32365  -3.589  -57.797  4.744 1.0000000000
33660  -4.463  -57.460  4.184 1.0000000000
27143  -1.547  -60.594  0.238 0.8000000119
28522  -3.353  -60.586  -0.230 0.8999999762
28523  -4.000  -60.380  -0.366 0.8999999762
33679  -5.515  -56.811  3.401 1.0000000000
36338  -6.269  -55.739  2.364 0.6999999881
37779  -6.254  -54.686  1.609 0.6999999881
37780  -7.016  -54.908  1.904 0.6999999881
40629  -8.508  -53.843  1.802 0.6999999881
27168  -5.118  -60.966  -0.551 1.0000000000
29888  -6.552  -59.763  -0.514 1.0000000000
31206  -7.505  -59.075  -0.942 1.0000000000
39213  -6.370  -54.139  1.239 0.6999999881
40665  -7.091  -52.652  0.481 0.6999999881
40651  -8.964  -52.993  1.498 0.6999999881
42115  -10.380  -52.916  1.998 0.6999999881
42141  -11.989  -51.907  1.688 0.6999999881
43570  -13.098  -51.443  1.080 0.6999999881
32494  -7.804  -58.360  -1.386 1.0000000000
32512  -9.431  -57.885  -2.479 1.0000000000
42164  -9.324  -51.900  0.611 0.6999999881
43568  -11.405  -51.435  1.082 0.6999999881
43569  -12.262  -51.395  1.135 0.6000000238
43596  -15.285  -51.778  0.423 0.6000000238
43597  -16.150  -51.977  0.332 0.6000000238
39245  -17.844  -54.045  -0.510 0.8000000119
33820  -10.128  -57.389  -2.981 1.0000000000
32538  -10.783  -58.011  -3.829 1.0000000000
43594  -13.371  -51.075  0.392 0.6000000238
43622  -14.894  -51.251  -0.410 0.6000000238
43623  -15.707  -51.412  -0.332 0.6000000238
42191  -16.823  -52.395  0.213 0.6999999881
33821  -10.625  -57.106  -3.324 0.8999999762
33831  -11.860  -56.882  -4.097 1.0000000000
33845  -12.505  -56.973  -4.464 1.0000000000
43625  -17.350  -52.045  -0.384 0.5000000000
42209  -18.099  -52.602  -0.670 0.6999999881
39264  -18.442  -54.040  -0.957 0.8000000119
37854  -19.205  -54.890  -1.834 0.8000000119
35155  -11.735  -56.059  -4.106 1.0000000000
35156  -12.256  -56.251  -4.332 1.0000000000
33846  -13.236  -56.935  -4.779 1.0000000000
40702  -19.330  -53.062  -1.229 0.8000000119
39266  -19.741  -53.536  -1.573 0.8000000119
39284  -19.598  -54.501  -1.917 0.8999999762
36500  -12.795  -55.530  -5.272 1.0000000000
35157  -12.938  -56.250  -4.708 1.0000000000
35200  -14.341  -56.311  -6.470 1.0000000000
35224  -15.985  -56.539  -7.738 1.0000000000
35225  -17.095  -56.537  -8.148 1.0000000000
35236  -18.556  -56.451  -8.201 1.0000000000
35228  -19.611  -56.943  -8.218 1.0000000000
36523  -21.107  -56.443  -7.808 1.0000000000
37933  -21.949  -55.761  -6.791 1.0000000000
37908  -21.533  -55.143  -5.345 0.8999999762
39316  -21.109  -54.612  -3.672 0.8999999762
39300  -21.064  -54.184  -2.974 0.8000000119
39299  -20.491  -54.598  -2.624 0.8999999762
33916  -16.680  -57.408  -7.557 1.0000000000
32625  -18.153  -58.245  -7.945 1.0000000000
33897  -19.742  -58.531  -8.355 1.0000000000
35229  -20.348  -57.329  -8.189 1.0000000000
35202  -20.727  -57.229  -6.208 1.0000000000
37907  -21.403  -55.723  -5.179 0.8999999762
37894  -20.900  -55.213  -4.281 0.8999999762
22882  -2.305  -63.356  10.854 0.4000000060
24270  -2.484  -63.125  10.261 0.4000000060
25591  -1.734  -62.323  9.370 0.5000000000
25589  -0.852  -61.402  8.851 0.5000000000
34902  -2.451  -56.573  6.681 0.1000000015
25607  -1.248  -61.897  8.430 0.8000000119
36246  -1.527  -55.645  6.370 0.2000000030
37647  -2.708  -54.833  5.677 0.2000000030
29678  -0.304  -59.409  7.014 0.6000000238
31009  -0.397  -58.559  6.956 0.6000000238
36265  -0.017  -56.580  5.833 0.6000000238
34944  -0.887  -56.896  5.222 0.6999999881
34965  -1.769  -56.381  4.198 0.6999999881
31135  -0.031  -58.564  0.809 0.5000000000
29828  -0.986  -59.130  0.801 0.5000000000
28476  -1.703  -59.595  0.682 0.6999999881
34985  -2.489  -56.131  3.715 0.6999999881
36310  -3.526  -55.947  3.057 0.6999999881
27141  -1.099  -60.143  -0.026 0.6999999881
29859  -2.968  -59.558  0.511 0.6999999881
31176  -4.133  -59.047  -0.130 0.6999999881
31178  -5.694  -59.060  -0.486 0.8000000119
36335  -3.895  -55.646  2.451 0.8000000119
37777  -4.493  -54.819  1.454 0.6999999881
40663  -6.324  -52.856  0.685 0.6000000238
42187  -6.688  -52.034  -0.088 0.6000000238
29887  -5.953  -59.703  -0.464 0.8999999762
31179  -6.375  -59.031  -0.617 0.8000000119
32493  -7.112  -58.369  -1.159 1.0000000000
42188  -7.157  -52.018  -0.154 0.6999999881
43588  -8.964  -51.696  -0.123 0.6999999881
33798  -7.406  -57.883  -1.556 1.0000000000
35119  -9.150  -57.047  -2.438 1.0000000000
35130  -8.879  -56.569  -2.693 0.8999999762
43589  -9.627  -51.508  0.086 0.6999999881
44991  -12.008  -50.868  -0.146 0.6000000238
43593  -12.541  -51.027  0.491 0.5000000000
35131  -9.679  -56.689  -2.758 0.8999999762
36469  -9.653  -55.701  -3.577 1.0000000000
45012  -12.276  -50.862  -0.787 0.5000000000
45013  -13.054  -50.872  -0.881 0.5000000000
45016  -15.180  -51.082  -0.994 0.5000000000
43624  -16.660  -51.787  -0.075 0.6000000238
35142  -10.811  -56.541  -3.404 1.0000000000
36484  -11.038  -55.677  -4.197 1.0000000000
45048  -15.583  -50.993  -1.539 0.5000000000
43657  -16.143  -51.183  -0.814 0.5000000000
36498  -11.438  -55.233  -4.815 1.0000000000
45050  -17.223  -50.763  -1.362 0.5000000000
43659  -17.882  -51.649  -0.751 0.6000000238
42211  -19.455  -52.184  -1.149 0.8000000119
37931  -11.915  -54.484  -5.741 1.0000000000
37918  -12.201  -55.051  -5.443 1.0000000000
37946  -12.950  -54.690  -6.434 1.0000000000
36529  -14.443  -55.320  -7.368 1.0000000000
36531  -15.679  -55.645  -7.982 1.0000000000
36538  -16.194  -55.368  -8.315 1.0000000000
36541  -18.406  -55.721  -8.306 1.0000000000
36542  -19.164  -56.102  -8.100 1.0000000000
37948  -20.965  -56.058  -8.201 1.0000000000
37949  -21.458  -55.726  -7.802 1.0000000000
37920  -22.380  -55.135  -5.643 0.8999999762
39328  -22.020  -54.439  -5.309 0.8999999762
39301  -21.524  -53.726  -3.487 0.8999999762
42240  -21.343  -52.889  -2.044 0.8000000119
37955  -14.640  -54.806  -7.709 1.0000000000
37965  -16.462  -54.799  -8.469 1.0000000000
36540  -17.640  -55.532  -8.371 1.0000000000
37967  -18.099  -54.925  -8.439 1.0000000000
37969  -19.704  -54.803  -8.000 1.0000000000
39361  -21.633  -54.941  -8.088 1.0000000000
40788  -22.646  -54.290  -7.364 0.8999999762
40778  -22.855  -53.827  -5.660 0.8999999762
40755  -21.952  -53.182  -3.865 0.8999999762
42258  -21.961  -52.860  -3.183 0.8999999762
42225  -21.608  -52.005  -1.932 0.6999999881
39384  -15.981  -54.084  -8.522 1.0000000000
39386  -17.631  -54.143  -8.594 1.0000000000
39387  -18.520  -54.194  -8.510 1.0000000000
40818  -20.155  -53.840  -8.059 1.0000000000
40801  -21.848  -54.147  -7.824 1.0000000000
40803  -22.850  -53.170  -6.920 0.8999999762
40779  -22.685  -53.002  -5.458 0.8999999762
42276  -22.675  -52.142  -4.348 0.8999999762
42259  -22.273  -52.351  -3.462 0.8000000119
28274  -0.610  -60.246  9.751 0.1000000015
29639  -0.356  -58.933  8.347 0.3000000119
32276  -1.089  -57.792  7.677 0.1000000015
33590  -1.561  -56.959  7.148 0.1000000015
34900  -1.193  -56.459  6.835 0.4000000060
28328  0.059  -60.187  8.017 0.6999999881
29659  -0.270  -58.731  7.738 0.4000000060
33589  -1.047  -57.192  7.149 0.5000000000
34918  -0.225  -56.728  6.482 0.6000000238
37667  -0.501  -55.484  5.111 0.6000000238
36305  -0.695  -55.507  4.185 0.6999999881
36308  -2.179  -55.481  3.340 0.6999999881
39151  -2.485  -54.138  3.049 0.5000000000
42098  -4.108  -53.235  2.383 0.4000000060
31154  -2.298  -58.909  1.005 0.6000000238
31156  -3.479  -58.874  0.355 0.6999999881
32471  -5.496  -58.298  -0.604 0.8000000119
32492  -6.344  -58.333  -0.890 0.8000000119
37746  -3.217  -54.812  2.335 0.6999999881
37775  -3.507  -54.511  2.059 0.6000000238
40644  -4.170  -53.306  1.630 0.5000000000
43564  -6.395  -51.806  0.600 0.6000000238
31155  -2.834  -58.770  0.815 0.6999999881
32449  -3.383  -58.063  0.586 0.6999999881
32469  -3.986  -58.171  0.110 0.8000000119
33797  -6.755  -57.792  -1.375 0.8999999762
43616  -8.068  -51.490  -0.620 0.6999999881
35114  -5.932  -56.772  -1.712 0.8999999762
35116  -7.375  -56.869  -2.127 0.8999999762
36456  -8.411  -55.888  -2.970 0.8999999762
36457  -9.199  -56.109  -3.080 0.8999999762
45009  -10.194  -50.985  -0.696 0.6000000238
37877  -7.852  -55.379  -3.071 1.0000000000
36468  -8.850  -55.562  -3.379 0.8999999762
45043  -11.807  -50.985  -1.201 0.5000000000
45078  -12.109  -51.030  -1.745 0.5000000000
39315  -8.955  -54.599  -4.105 1.0000000000
37905  -10.386  -55.037  -4.442 1.0000000000
45082  -15.138  -51.035  -2.418 0.5000000000
39335  -9.814  -54.024  -4.946 1.0000000000
37916  -11.116  -54.610  -5.129 1.0000000000
42223  -20.163  -51.893  -1.397 0.6999999881
39344  -10.853  -53.587  -5.656 1.0000000000
37945  -12.352  -54.302  -6.220 1.0000000000
43683  -20.652  -51.386  -1.668 0.6000000238
40799  -12.139  -53.292  -6.802 1.0000000000
40815  -12.864  -53.286  -7.302 1.0000000000
40817  -14.275  -53.741  -7.897 1.0000000000
40828  -14.523  -53.338  -8.199 1.0000000000
45111  -22.515  -50.810  -2.747 0.8000000119
43698  -22.198  -51.640  -2.616 0.6999999881
40827  -14.011  -53.011  -8.056 1.0000000000
42329  -14.913  -52.538  -8.632 1.0000000000
40829  -15.455  -53.343  -8.554 1.0000000000
40830  -16.313  -53.380  -8.745 1.0000000000
40831  -17.152  -53.403  -8.767 1.0000000000
40835  -20.195  -53.157  -8.240 1.0000000000
40819  -20.904  -53.466  -7.880 1.0000000000
42303  -22.628  -52.518  -6.743 1.0000000000
42295  -22.819  -52.400  -6.003 0.8999999762
42287  -22.874  -51.902  -4.890 0.8000000119
43730  -22.963  -51.442  -4.215 0.8000000119
42331  -16.684  -52.683  -8.878 1.0000000000
25574  -1.296  -61.995  9.943 0.3000000119
29621  -0.060  -59.930  8.900 0.3000000119
37646  -1.859  -54.945  5.933 0.6000000238
39081  -2.200  -54.349  5.540 0.2000000030
37625  -0.726  -55.455  6.325 0.6000000238
39104  -0.983  -54.281  5.085 0.6999999881
40549  -2.420  -53.654  4.486 0.5000000000
40590  -3.464  -53.657  3.372 0.4000000060
40591  -4.130  -53.675  3.381 0.4000000060
33742  -1.306  -56.996  1.633 0.4000000060
32435  -2.229  -57.916  1.324 0.6000000238
33759  -3.220  -57.246  0.694 0.6999999881
39150  -1.995  -54.076  3.437 0.5000000000
40615  -5.074  -53.164  2.760 0.4000000060
31136  -0.576  -58.560  1.145 0.5000000000
31137  -1.211  -58.617  1.307 0.6000000238
32448  -2.789  -57.935  0.972 0.6999999881
33779  -3.762  -57.364  0.209 0.8000000119
35101  -4.299  -56.626  -0.792 0.8000000119
35102  -4.942  -56.873  -1.104 0.8999999762
36438  -5.414  -56.056  -2.031 0.8999999762
36454  -6.669  -55.707  -2.534 0.8999999762
36440  -7.008  -56.318  -2.259 0.8999999762
36455  -7.553  -55.997  -2.608 0.8999999762
37890  -8.307  -55.049  -3.472 1.0000000000
39313  -7.861  -54.295  -3.801 1.0000000000
40767  -9.044  -53.662  -4.796 1.0000000000
40775  -9.228  -53.284  -5.098 1.0000000000
40776  -10.114  -53.276  -5.494 1.0000000000
40785  -10.768  -53.092  -5.981 1.0000000000
42301  -12.117  -52.822  -7.161 1.0000000000
42313  -11.849  -52.127  -7.436 1.0000000000
42314  -12.333  -52.481  -7.484 1.0000000000
45112  -22.949  -50.399  -3.170 0.8000000119
46482  -22.868  -49.930  -2.902 0.6999999881
43771  -12.715  -51.969  -8.029 1.0000000000
42327  -13.415  -52.224  -8.219 1.0000000000
42330  -15.832  -52.630  -8.810 1.0000000000
43788  -16.250  -51.956  -8.972 1.0000000000
42332  -17.483  -52.696  -8.831 1.0000000000
43792  -19.334  -51.863  -8.678 1.0000000000
42336  -20.527  -52.612  -8.195 1.0000000000
45191  -21.884  -51.343  -7.735 1.0000000000
43760  -22.728  -51.672  -6.617 1.0000000000
45169  -23.471  -50.377  -5.683 0.8000000119
46521  -23.637  -49.967  -4.451 0.8000000119
35053  -0.802  -56.146  1.578 0.5000000000
33757  -2.006  -56.591  1.310 0.5000000000
33758  -2.530  -57.116  1.043 0.6999999881
35089  -2.962  -56.104  0.335 0.6000000238
35100  -3.795  -56.354  -0.459 0.8000000119
33741  -0.383  -57.054  1.682 0.4000000060
35112  -4.610  -56.371  -1.281 0.8999999762
37876  -7.070  -55.245  -2.968 1.0000000000
37888  -6.627  -54.594  -3.313 1.0000000000
37889  -7.462  -54.744  -3.377 1.0000000000
39312  -7.006  -54.003  -3.775 1.0000000000
42284  -9.547  -52.727  -5.572 1.0000000000
42291  -8.845  -51.992  -5.749 1.0000000000
42293  -10.031  -52.430  -5.988 1.0000000000
43747  -9.586  -51.593  -6.255 1.0000000000
42294  -10.632  -52.373  -6.362 1.0000000000
43757  -10.511  -51.431  -6.804 1.0000000000
43769  -11.263  -51.209  -7.503 1.0000000000
47778  -23.322  -49.254  -3.181 0.6000000238
45190  -11.330  -50.820  -7.769 1.0000000000
43784  -12.463  -51.311  -8.298 1.0000000000
43785  -13.309  -51.668  -8.465 1.0000000000
43786  -14.393  -51.520  -8.834 1.0000000000
43787  -15.390  -51.833  -8.911 1.0000000000
43809  -15.870  -51.214  -9.080 1.0000000000
43811  -17.433  -51.435  -9.078 1.0000000000
45210  -18.897  -51.193  -8.953 1.0000000000
45212  -20.519  -51.157  -8.597 1.0000000000
45214  -21.997  -50.429  -8.081 0.8999999762
45193  -22.731  -50.382  -7.159 0.8999999762
46585  -13.286  -49.940  -8.768 0.8999999762
45232  -14.292  -50.632  -8.969 1.0000000000
45235  -16.292  -50.562  -9.100 1.0000000000
45236  -17.117  -50.679  -9.120 1.0000000000
45238  -18.807  -50.539  -9.036 1.0000000000
46626  -20.704  -49.506  -8.899 1.0000000000
46591  -22.053  -49.673  -8.248 0.8999999762
46565  -22.429  -50.115  -7.731 0.8999999762
49118  -23.508  -48.698  -6.876 0.8999999762
46622  -17.554  -49.954  -9.181 1.0000000000
35052  -0.125  -56.265  1.224 0.4000000060
36426  -3.170  -55.333  -0.769 0.8000000119
37863  -4.265  -55.227  -2.106 0.8999999762
36380  0.012  -55.513  0.665 0.2000000030
36452  -4.941  -55.478  -2.401 0.8999999762
37874  -5.287  -54.908  -2.973 1.0000000000
35051  0.181  -56.471  0.541 0.3000000119
40753  -6.464  -53.548  -4.025 1.0000000000
40766  -8.611  -53.359  -4.744 1.0000000000
42282  -7.767  -52.234  -5.153 1.0000000000
45167  -9.165  -51.172  -6.282 1.0000000000
45176  -10.250  -50.817  -7.021 1.0000000000
46562  -10.311  -50.171  -7.424 0.8999999762
46582  -11.375  -50.021  -8.065 0.8999999762
46584  -12.491  -49.977  -8.498 0.8999999762
49153  -22.212  -48.413  -8.487 0.8999999762
46618  -14.385  -49.870  -9.032 0.8999999762
47900  -15.494  -49.071  -9.135 0.8999999762
46620  -15.901  -49.814  -9.105 1.0000000000
47902  -17.102  -49.132  -9.186 1.0000000000
47903  -17.933  -49.154  -9.216 1.0000000000
47906  -20.364  -49.011  -9.066 0.8999999762
47908  -21.368  -48.666  -8.867 0.8999999762
36383  -1.824  -55.398  1.074 0.5000000000
36392  -2.281  -55.468  0.753 0.5000000000
37795  -0.944  -54.616  0.980 0.3000000119
37851  -3.266  -54.890  -1.227 0.6000000238
37794  -0.227  -54.536  0.743 0.3000000119
39296  -3.921  -54.112  -2.852 0.8000000119
39298  -5.137  -54.473  -3.247 1.0000000000
39208  -0.785  -54.016  0.712 0.3000000119
39309  -4.364  -53.812  -3.455 0.8000000119
39311  -6.146  -54.007  -3.621 1.0000000000
40762  -5.366  -52.813  -4.230 0.8999999762
40763  -6.134  -52.960  -4.317 1.0000000000
42273  -7.381  -52.688  -4.815 1.0000000000
43735  -6.635  -51.655  -5.126 0.8000000119
42281  -7.083  -52.108  -5.006 1.0000000000
45154  -6.299  -50.704  -5.547 0.6999999881
45165  -7.760  -50.892  -5.928 0.8000000119
43745  -8.383  -51.339  -5.898 1.0000000000
46539  -8.062  -50.281  -6.321 0.8000000119
45166  -8.657  -50.799  -6.302 0.8999999762
46547  -8.536  -49.964  -6.655 0.8000000119
45174  -8.939  -50.418  -6.705 0.8999999762
47848  -10.644  -49.414  -7.783 0.8000000119
47865  -11.324  -49.472  -8.104 0.8000000119
49152  -21.631  -48.242  -8.862 0.8999999762
47867  -12.782  -49.160  -8.604 0.8999999762
47869  -14.092  -48.787  -8.980 0.8999999762
49179  -15.888  -48.341  -9.198 1.0000000000
47901  -16.290  -49.097  -9.159 1.0000000000
49181  -17.486  -48.368  -9.225 1.0000000000
49182  -18.305  -48.375  -9.252 1.0000000000
50450  -20.308  -47.630  -9.138 0.8999999762
51730  -22.086  -46.908  -9.090 0.8999999762
50445  -16.272  -47.599  -9.207 1.0000000000
50446  -17.060  -47.597  -9.227 0.8999999762
50447  -17.861  -47.599  -9.262 0.8999999762
37797  -2.046  -55.073  0.718 0.4000000060
37809  -2.787  -55.198  -0.015 0.4000000060
37835  -2.855  -54.840  -0.420 0.5000000000
37872  -3.881  -54.555  -2.432 0.6999999881
39209  -1.313  -54.009  0.637 0.3000000119
39263  -3.065  -54.147  -1.529 0.6000000238
40719  -3.484  -53.808  -2.557 0.6999999881
40737  -3.419  -53.355  -2.876 0.6999999881
42257  -4.678  -52.648  -4.195 0.8000000119
42270  -4.916  -52.269  -4.429 0.6999999881
43728  -6.043  -51.898  -4.876 0.6999999881
43726  -4.709  -51.456  -4.729 0.6999999881
43734  -5.845  -51.335  -5.132 0.6999999881
46537  -6.770  -49.851  -5.880 0.6999999881
47832  -7.648  -49.246  -6.243 0.8000000119
47834  -8.819  -49.264  -6.940 0.8000000119
49128  -9.692  -48.643  -7.488 0.8000000119
49129  -10.343  -48.650  -7.690 0.8000000119
49148  -11.583  -48.654  -8.211 0.8000000119
49150  -13.076  -48.335  -8.666 0.8999999762
49151  -13.764  -48.270  -8.870 0.8999999762
50443  -14.752  -47.593  -9.133 0.8999999762
51723  -16.640  -46.842  -9.240 0.8999999762
51724  -17.427  -46.829  -9.269 0.8000000119
51725  -18.229  -46.826  -9.278 0.6999999881
53086  -17.784  -46.048  -9.250 0.8000000119
39242  -2.573  -54.162  -0.294 0.3000000119
39221  -1.799  -53.928  0.438 0.3000000119
40683  -2.728  -53.595  -0.641 0.5000000000
40682  -2.416  -53.280  -0.269 0.3000000119
40699  -2.868  -53.388  -1.187 0.6999999881
42239  -3.388  -52.513  -3.334 0.6999999881
44984  -1.618  -51.366  0.231 0.3000000119
42207  -2.556  -52.531  -0.540 0.4000000060
43696  -3.076  -51.713  -2.840 0.6999999881
42269  -4.436  -51.879  -4.394 0.6999999881
45152  -4.885  -50.710  -4.974 0.6999999881
46528  -5.748  -49.983  -5.447 0.6999999881
47807  -4.780  -49.468  -4.626 0.6999999881
47820  -6.450  -49.251  -5.486 0.6999999881
49114  -7.444  -48.905  -5.924 0.6999999881
49084  -6.468  -48.614  -4.664 0.6000000238
49101  -7.884  -48.129  -5.101 0.6999999881
50368  -8.664  -48.052  -6.148 0.6999999881
49116  -8.620  -48.554  -6.634 0.8000000119
50369  -9.174  -47.923  -6.640 0.6999999881
51656  -11.310  -47.044  -7.471 0.6999999881
50413  -12.088  -47.602  -8.315 0.8000000119
51687  -12.231  -46.838  -7.990 0.6999999881
51689  -13.714  -46.873  -8.806 0.6999999881
53082  -14.713  -46.179  -9.098 0.6999999881
54425  -15.785  -45.403  -9.182 0.6999999881
53084  -16.215  -46.105  -9.249 0.8000000119
54427  -17.324  -45.285  -9.152 0.8000000119
55776  -16.851  -44.551  -9.022 0.6999999881
55777  -17.630  -44.519  -8.970 0.6999999881
42186  -2.214  -52.451  -0.027 0.3000000119
43650  -2.565  -51.473  -0.441 0.6000000238
43711  -3.490  -51.620  -3.636 0.6999999881
45075  -2.844  -50.823  -1.554 0.6000000238
45099  -2.940  -50.925  -2.344 0.6999999881
47806  -4.360  -49.763  -4.520 0.6999999881
46468  -3.189  -50.100  -2.537 0.5000000000
47794  -5.138  -48.822  -3.876 0.4000000060
49083  -5.961  -48.726  -4.462 0.6000000238
49071  -6.754  -48.085  -3.877 0.5000000000
49085  -7.344  -48.046  -4.451 0.6000000238
50346  -8.475  -47.856  -5.502 0.6000000238
50347  -9.148  -47.570  -5.855 0.6000000238
51628  -10.519  -47.011  -6.697 0.6000000238
53047  -13.460  -46.141  -8.549 0.6999999881
53081  -14.034  -46.211  -8.892 0.6999999881
54403  -14.062  -45.012  -8.471 0.5000000000
55775  -16.054  -44.559  -8.969 0.6999999881
57226  -15.885  -43.711  -8.478 0.5000000000
57244  -16.469  -43.989  -8.801 0.6000000238
57246  -17.921  -43.759  -8.982 0.5000000000
45003  -2.120  -51.101  0.022 0.6000000238
45036  -2.725  -50.896  -0.792 0.5000000000
46363  -1.522  -50.417  -0.207 0.1000000015
46372  -2.231  -50.374  -0.363 0.4000000060
46435  -2.999  -50.191  -1.772 0.6000000238
47699  -2.066  -49.558  -1.140 0.3000000119
47748  -3.651  -49.310  -2.533 0.4000000060
47771  -4.274  -49.058  -3.183 0.4000000060
48993  -3.707  -48.337  -1.874 0.2000000030
49044  -5.412  -48.476  -3.177 0.3000000119
49046  -6.333  -48.085  -3.438 0.5000000000
51495  -3.110  -47.247  -1.997 0.1000000015
50247  -5.993  -47.625  -2.632 0.2000000030
50324  -8.395  -47.743  -4.665 0.4000000060
51589  -9.330  -46.973  -4.957 0.6000000238
51513  -5.183  -47.040  -2.763 0.1000000015
51545  -8.045  -46.574  -2.731 0.3000000119
51590  -10.001  -46.262  -4.913 0.5000000000
51629  -11.402  -46.243  -6.568 0.5000000000
52973  -11.032  -45.361  -5.449 0.5000000000
52986  -11.858  -45.316  -5.849 0.5000000000
53001  -11.964  -45.605  -6.298 0.5000000000
54422  -13.798  -45.753  -8.663 0.6000000238
55702  -12.518  -44.138  -6.086 0.5000000000
55716  -13.229  -44.438  -7.129 0.5000000000
55774  -15.372  -44.848  -8.999 0.6000000238
58674  -14.091  -43.325  -7.759 0.5000000000
57201  -14.842  -43.555  -8.091 0.5000000000
58716  -16.330  -42.907  -8.244 0.4000000060
58735  -17.327  -43.045  -9.068 0.3000000119
58736  -18.018  -43.265  -9.567 0.5000000000
58759  -19.047  -42.936  -10.478 0.2000000030
58715  -14.296  -42.622  -8.381 0.3000000119
60133  -14.625  -42.538  -7.975 0.4000000060
60146  -16.131  -42.176  -8.628 0.3000000119
60182  -16.627  -42.292  -10.094 0.2000000030
51570  -6.146  -47.009  -4.385 0.1000000015
51586  -6.978  -47.044  -5.270 0.1000000015
51571  -7.243  -46.223  -4.198 0.2000000030
51543  -6.593  -46.318  -3.309 0.2000000030
52930  -7.862  -45.831  -3.307 0.3000000119
54340  -9.788  -45.448  -4.696 0.4000000060
54341  -10.166  -45.414  -5.044 0.4000000060
55701  -11.845  -44.033  -6.091 0.4000000060
57171  -12.815  -43.729  -6.535 0.4000000060
57198  -13.117  -43.722  -7.866 0.3000000119
58692  -13.423  -43.431  -8.091 0.4000000060
60159  -14.290  -42.322  -9.297 0.2000000030
60180  -15.119  -41.876  -9.920 0.2000000030
50322  -6.377  -47.492  -5.533 0.1000000015
51587  -7.971  -46.378  -5.074 0.2000000030
52968  -8.153  -46.043  -4.616 0.2000000030
51604  -7.192  -47.292  -5.925 0.1000000015
51588  -8.437  -46.096  -5.430 0.2000000030
52982  -9.517  -45.526  -5.641 0.3000000119
54357  -10.738  -44.798  -5.797 0.4000000060
52998  -10.197  -45.430  -6.510 0.4000000060
54383  -11.463  -44.860  -7.196 0.3000000119
57221  -12.761  -43.939  -8.140 0.3000000119
54399  -11.857  -44.974  -8.164 0.3000000119
57243  -12.913  -43.441  -9.213 0.3000000119
58755  -13.852  -42.320  -9.742 0.3000000119
58753  -12.465  -42.519  -9.930 0.2000000030
60178  -13.511  -41.952  -10.157 0.2000000030
60179  -14.310  -41.991  -9.958 0.2000000030
61576  -15.799  -41.395  -11.184 0.2000000030
61574  -14.122  -40.962  -11.247 0.2000000030
57274  -11.588  -43.441  -9.982 0.2000000030
60202  -13.150  -41.485  -10.527 0.2000000030
62936  -14.013  -40.395  -11.568 0.2000000030
61553  -12.263  -41.547  -10.365 0.2000000030
60201  -11.721  -41.424  -10.353 0.2000000030
62934  -12.775  -40.267  -10.987 0.2000000030
62935  -13.476  -40.263  -11.374 0.2000000030
64212  -12.987  -39.732  -11.347 0.2000000030
64211  -12.436  -39.425  -11.061 0.1000000015
62933  -12.043  -40.211  -10.745 0.2000000030
64226  -12.955  -39.169  -11.465 0.2000000030
62932  -11.285  -40.181  -10.666 0.2000000030
62931  -10.553  -40.198  -10.768 0.1000000015
64210  -11.654  -39.418  -10.808 0.1000000015
65524  -12.653  -38.593  -11.335 0.1000000015
65507  -11.251  -38.685  -10.919 0.1000000015
1476  -10.201  -83.121  -13.141 0.3000000119
765  -10.239  -83.795  -14.197 0.3000000119
2472  -13.163  -82.293  -13.568 0.3000000119
22904  -3.047  -63.449  9.877 0.6999999881
50321  -5.794  -47.596  -5.250 0.1000000015
50300  -5.456  -47.533  -4.615 0.1000000015
1095  -6.075  -83.816  -14.163 0.5000000000
1112  -13.121  -83.811  -15.351 0.6000000238
1502  -13.504  -83.018  -14.748 0.3000000119
521  -10.437  -83.998  -15.102 0.5000000000
778  -10.978  -84.028  -14.717 0.4000000060
779  -11.621  -84.266  -15.037 0.4000000060
766  -11.018  -83.813  -14.385 0.3000000119
1102  -11.685  -83.691  -14.299 0.3000000119
769  -12.808  -84.117  -15.216 0.6000000238
803  -14.149  -83.801  -16.827 0.6000000238
1575  -15.365  -83.584  -17.888 0.8000000119
2580  -17.383  -81.861  -19.238 0.8000000119
2612  -17.625  -81.442  -21.078 0.8999999762
4228  -4.545  -79.323  -12.419 1.0000000000
226728  -14.184  -82.947  -18.167 0.8999999762
3701  -18.407  -80.377  -17.855 0.6000000238
3167  -17.314  -81.453  -21.992 0.8999999762
4375  -18.592  -79.766  -18.606 0.6000000238
4408  -18.564  -80.080  -20.608 0.6000000238
4409  -18.774  -79.146  -20.295 0.6000000238
5892  -19.003  -78.147  -22.676 0.6999999881
4969  -10.875  -78.645  -11.898 1.0000000000
3152  -15.795  -81.362  -20.672 1.0000000000
5092  -18.801  -78.613  -18.770 0.6999999881
3806  -17.710  -80.129  -24.393 1.0000000000
4490  -17.865  -79.511  -24.768 1.0000000000
2514  -13.430  -81.942  -16.084 1.0000000000
1159  -7.469  -84.206  -19.644 0.6999999881
2074  -9.308  -82.864  -20.439 0.8000000119
2086  -9.999  -82.306  -21.607 0.6999999881
2100  -9.300  -82.451  -22.681 0.6000000238
3174  -10.778  -81.286  -22.646 0.8999999762
3754  -11.108  -80.044  -21.389 1.0000000000
5143  -11.983  -78.750  -22.278 1.0000000000
5931  -18.255  -78.089  -25.547 0.8000000119
6727  -18.634  -77.348  -25.419 0.6000000238
8372  -19.981  -75.522  -24.517 0.5000000000
3634  -14.725  -80.231  -14.884 1.0000000000
3712  -10.165  -79.929  -19.283 1.0000000000
4337  -15.967  -79.793  -17.461 1.0000000000
4405  -10.697  -79.904  -20.174 1.0000000000
3756  -16.182  -80.073  -21.248 1.0000000000
4448  -16.402  -79.765  -22.499 1.0000000000
5195  -16.940  -79.146  -24.679 1.0000000000
8406  -19.328  -75.642  -26.012 0.6000000238
6711  -12.982  -76.772  -24.422 0.8999999762
6753  -18.052  -77.172  -26.847 0.8000000119
8421  -18.578  -76.360  -26.549 0.5000000000
9211  -19.765  -75.173  -26.033 0.5000000000
9226  -19.347  -75.382  -26.609 0.6000000238
8435  -18.867  -75.567  -27.034 0.5000000000
7328  -13.047  -76.485  -11.550 1.0000000000
5769  -16.699  -78.010  -16.484 1.0000000000
6593  -16.960  -77.541  -17.725 1.0000000000
7587  -15.163  -75.692  -26.758 1.0000000000
7599  -17.252  -76.763  -27.553 0.6999999881
7609  -17.003  -76.288  -27.759 0.6000000238
9259  -16.268  -75.085  -28.689 0.6000000238
8157  -14.378  -76.218  -12.628 1.0000000000
7352  -14.957  -76.878  -13.309 1.0000000000
7365  -15.897  -77.027  -14.381 1.0000000000
3093  -1.042  -80.839  -18.232 0.6000000238
9030  -2.037  -75.158  -15.117 1.0000000000
8978  -14.350  -75.187  -12.544 1.0000000000
8158  -14.706  -75.814  -12.932 1.0000000000
8187  -16.658  -75.750  -15.126 1.0000000000
9885  -15.700  -74.124  -17.025 1.0000000000
8212  -16.833  -75.370  -15.646 1.0000000000
10682  -14.314  -74.021  -12.521 1.0000000000
1207  -1.007  -82.304  3.491 0.4000000060
3305  0.359  -80.795  3.015 0.8000000119
5480  -0.542  -78.121  1.653 0.8999999762
12452  -10.537  -71.531  -7.474 1.0000000000
14471  -10.965  -69.791  -10.811 1.0000000000
6623  -3.448  -77.523  -19.750 0.2000000030
7114  -0.016  -77.061  -0.372 1.0000000000
11507  -5.903  -72.631  -5.856 1.0000000000
12432  -7.675  -71.489  -6.881 1.0000000000
13385  -9.334  -70.722  -7.684 1.0000000000
14468  -8.624  -69.770  -10.513 1.0000000000
14443  -10.717  -69.800  -10.119 1.0000000000
5418  -0.391  -78.485  5.135 0.6000000238
9875  0.990  -73.730  -17.217 0.8000000119
7929  -1.286  -76.106  0.240 1.0000000000
14314  -2.032  -69.700  -4.184 1.0000000000
7811  0.130  -75.821  6.865 0.8999999762
14344  -1.443  -69.509  -5.732 1.0000000000
15348  -0.674  -69.170  -7.580 1.0000000000
14354  -1.947  -69.692  -6.741 1.0000000000
9580  -4.350  -73.762  0.586 1.0000000000
10477  -4.226  -72.790  -0.030 1.0000000000
8627  0.395  -75.361  7.404 0.8999999762
15407  -0.675  -69.716  -11.108 1.0000000000
15369  -0.467  -69.110  -9.496 1.0000000000
15385  -0.882  -69.208  -10.337 1.0000000000
16241  -2.794  -68.210  -5.381 1.0000000000
15426  -2.641  -69.470  -12.456 1.0000000000
14691  0.226  -69.956  -22.491 0.5000000000
10387  -2.790  -73.326  6.683 1.0000000000
10369  0.896  -73.370  7.368 0.8999999762
10371  -0.400  -73.205  7.509 1.0000000000
16242  -3.751  -68.382  -5.452 1.0000000000
16558  1.598  -68.612  -21.726 0.8000000119
11288  -0.489  -72.751  8.487 1.0000000000
16337  -3.992  -68.331  -10.144 1.0000000000
16326  -3.610  -68.379  -9.486 1.0000000000
16275  -4.230  -68.290  -6.347 1.0000000000
16243  -4.728  -68.437  -5.538 1.0000000000
17494  1.086  -67.431  -18.999 0.8999999762
18496  0.863  -66.399  -18.014 1.0000000000
11279  -1.608  -72.425  9.208 1.0000000000
19639  1.608  -65.958  -19.889 0.8999999762
15311  -8.003  -68.962  -5.021 1.0000000000
22111  1.186  -64.466  -17.279 1.0000000000
20717  -3.308  -65.590  -12.880 1.0000000000
20832  -0.416  -64.839  -20.214 0.3000000119
16279  -8.146  -68.208  -6.066 1.0000000000
24711  1.259  -63.095  -16.503 1.0000000000
23396  1.095  -63.577  -16.119 1.0000000000
27456  0.826  -61.552  -15.197 0.8999999762
26043  -0.018  -62.449  -13.903 0.8999999762
22051  -0.112  -64.530  -13.833 1.0000000000
17254  -10.799  -67.604  -5.551 1.0000000000
24646  -0.658  -62.926  -12.506 0.8999999762
22002  -1.771  -64.256  -11.483 1.0000000000
22005  -4.012  -64.312  -11.412 1.0000000000
31517  -0.036  -58.970  -17.401 0.4000000060
14999  -2.379  -69.031  13.599 0.6000000238
27433  0.492  -61.044  -14.579 0.8999999762
17012  -2.155  -67.404  11.138 0.8999999762
16110  -11.628  -68.409  3.643 1.0000000000
16162  -12.092  -68.231  -1.332 1.0000000000
16140  -12.110  -68.638  0.496 1.0000000000
17235  -11.643  -67.650  -4.052 1.0000000000
28789  -1.021  -60.907  -11.822 0.8000000119
26006  -1.228  -62.241  -11.346 0.8999999762
24627  -0.657  -63.475  -10.912 0.8999999762
23310  -0.388  -63.668  -9.623 0.8999999762
23336  -2.127  -63.792  -10.230 1.0000000000
23311  -2.427  -63.704  -9.343 0.8999999762
28781  -1.000  -60.555  -11.225 0.8999999762
25972  -1.928  -61.880  -8.886 0.8999999762
23279  -0.709  -63.154  -7.898 1.0000000000
23264  -2.993  -63.523  -7.265 1.0000000000
23281  -3.420  -63.519  -7.769 1.0000000000
32692  0.068  -57.617  -12.836 0.4000000060
18167  -9.497  -66.240  6.580 1.0000000000
19260  -10.165  -66.042  6.099 1.0000000000
17199  -12.081  -67.677  -1.945 1.0000000000
17222  -11.797  -67.518  -3.335 1.0000000000
31398  0.053  -58.855  -10.340 0.6999999881
20415  -7.731  -65.551  6.826 1.0000000000
17171  -12.915  -67.174  0.168 1.0000000000
17147  -12.623  -67.438  2.512 1.0000000000
23247  -4.516  -63.641  -6.010 1.0000000000
23270  -7.032  -64.089  -6.556 1.0000000000
17131  -12.198  -66.841  4.056 1.0000000000
17137  -12.353  -67.134  3.559 1.0000000000
18181  -11.101  -66.425  5.483 1.0000000000
18267  -12.296  -66.329  -1.779 1.0000000000
27313  -1.261  -61.163  -5.623 0.8000000119
23163  -2.139  -63.380  -3.722 0.8999999762
20572  -9.729  -64.187  -4.329 1.0000000000
19390  -11.012  -65.449  -3.627 1.0000000000
18248  -12.988  -66.800  -0.554 1.0000000000
19363  -13.692  -65.858  -1.373 1.0000000000
22962  -6.654  -63.804  6.967 1.0000000000
22963  -7.330  -63.566  6.781 1.0000000000
17163  -13.093  -67.188  0.940 1.0000000000
18182  -11.377  -66.305  5.217 1.0000000000
19276  -9.962  -65.503  6.008 1.0000000000
23147  -6.689  -63.414  -3.016 1.0000000000
18215  -13.162  -66.486  2.748 1.0000000000
18232  -13.525  -66.717  1.284 1.0000000000
21704  -10.447  -64.310  5.192 1.0000000000
21824  -8.006  -63.642  -3.301 1.0000000000
19381  -10.974  -65.189  -3.228 1.0000000000
18233  -13.896  -66.263  0.961 1.0000000000
19308  -12.717  -65.632  3.754 1.0000000000
19296  -12.280  -65.661  4.294 1.0000000000
21723  -11.493  -64.104  4.539 1.0000000000
20469  -11.888  -64.923  4.517 1.0000000000
23015  -10.914  -63.402  4.428 1.0000000000
20558  -10.210  -64.357  -3.792 1.0000000000
20561  -12.171  -65.028  -3.073 1.0000000000
20485  -12.893  -64.891  3.578 1.0000000000
19330  -13.816  -66.045  1.902 1.0000000000
23031  -12.502  -63.410  3.392 1.0000000000
25711  -11.391  -61.978  3.486 1.0000000000
24388  -11.172  -62.702  4.004 1.0000000000
21828  -10.692  -64.060  -3.710 1.0000000000
20562  -12.906  -65.014  -3.020 1.0000000000
19339  -14.212  -65.733  0.597 1.0000000000
20523  -14.584  -64.716  0.102 1.0000000000
23041  -13.147  -63.203  2.604 1.0000000000
23150  -9.307  -62.859  -3.101 1.0000000000
21846  -12.627  -64.458  -3.696 1.0000000000
21832  -14.187  -64.714  -2.335 1.0000000000
23064  -13.992  -63.265  1.043 1.0000000000
23051  -13.631  -63.069  1.679 1.0000000000
24414  -13.074  -62.801  2.289 1.0000000000
25736  -12.731  -61.969  1.702 1.0000000000
27098  -12.086  -61.173  2.351 1.0000000000
24529  -10.745  -62.724  -4.024 1.0000000000
24488  -14.524  -63.361  -0.755 1.0000000000
23093  -14.367  -63.341  -0.202 1.0000000000
25766  -13.426  -61.794  0.398 1.0000000000
25750  -12.927  -61.683  1.126 1.0000000000
28458  -13.304  -60.236  1.900 1.0000000000
28477  -13.548  -60.525  1.069 1.0000000000
32398  -14.730  -57.971  2.628 0.8999999762
24518  -14.384  -63.060  -2.899 1.0000000000
24487  -14.370  -62.975  -1.150 1.0000000000
25809  -14.141  -62.246  -1.309 1.0000000000
28529  -14.214  -60.551  0.250 1.0000000000
32436  -16.109  -57.687  1.397 0.8999999762
31142  -16.339  -58.150  0.963 1.0000000000
27217  -14.235  -61.545  -2.039 1.0000000000
27194  -14.813  -60.870  -1.364 1.0000000000
28555  -15.044  -60.655  -0.791 1.0000000000
28531  -15.737  -60.251  -0.144 1.0000000000
29862  -16.016  -59.479  0.512 1.0000000000
29863  -16.608  -58.944  0.272 1.0000000000
28612  -15.200  -60.915  -2.620 1.0000000000
28586  -15.439  -60.787  -1.701 1.0000000000
22959  -4.491  -63.448  6.953 0.8999999762
24353  -8.211  -63.296  6.329 1.0000000000
23119  -1.898  -63.294  -2.666 0.8999999762
24355  -9.069  -62.727  5.755 1.0000000000
27233  -0.933  -61.196  -3.153 0.8999999762
23105  -2.466  -63.420  -1.708 0.8999999762
27030  -9.043  -61.614  6.001 1.0000000000
27046  -9.854  -61.514  5.155 1.0000000000
24483  -5.388  -62.656  -1.177 1.0000000000
27065  -10.805  -61.419  4.127 1.0000000000
28398  -10.120  -60.736  5.211 1.0000000000
28416  -11.484  -60.694  3.784 1.0000000000
29739  -10.228  -60.015  5.340 1.0000000000
32372  -11.402  -58.746  4.642 1.0000000000
25808  -7.187  -61.856  -1.450 1.0000000000
25826  -7.849  -62.017  -2.083 1.0000000000
25839  -8.967  -61.880  -2.996 1.0000000000
29783  -12.533  -59.932  3.165 1.0000000000
31089  -12.328  -59.074  3.881 1.0000000000
33668  -12.055  -57.601  4.356 1.0000000000
34976  -11.631  -57.127  4.479 1.0000000000
33667  -11.326  -57.770  4.753 1.0000000000
27266  -9.732  -61.381  -3.559 1.0000000000
33702  -14.468  -57.266  2.899 1.0000000000
36344  -13.576  -55.711  3.535 0.8999999762
35035  -15.445  -56.293  2.223 0.8999999762
36370  -15.586  -55.440  2.030 1.0000000000
24560  -12.049  -62.321  -4.909 1.0000000000
25902  -12.596  -61.552  -5.204 1.0000000000
31248  -18.925  -59.296  -2.196 1.0000000000
29988  -18.457  -60.262  -3.165 1.0000000000
21637  -3.790  -64.289  8.370 0.8999999762
25641  -3.877  -62.092  7.151 1.0000000000
27011  -7.759  -61.551  6.914 1.0000000000
27210  -1.017  -61.197  -2.291 0.8999999762
28351  -5.842  -60.348  7.109 1.0000000000
28352  -6.650  -60.598  7.267 1.0000000000
29685  -7.875  -60.077  6.764 1.0000000000
28376  -9.401  -60.910  5.951 1.0000000000
31011  -7.957  -59.521  6.525 1.0000000000
27209  -0.244  -60.830  -2.740 0.8999999762
25801  -1.602  -62.383  -0.760 0.8999999762
24480  -2.801  -62.844  -1.099 0.8999999762
32323  -9.221  -58.928  5.884 1.0000000000
31039  -9.733  -59.766  5.820 1.0000000000
32352  -10.008  -58.723  5.510 1.0000000000
27187  -0.971  -61.050  -1.504 0.8999999762
32350  -8.375  -57.854  5.140 1.0000000000
33666  -10.455  -57.266  4.792 1.0000000000
34994  -11.401  -56.117  4.303 1.0000000000
36294  -9.825  -56.145  3.902 1.0000000000
36315  -11.617  -55.667  4.160 1.0000000000
27216  -8.128  -61.214  -2.134 1.0000000000
37751  -10.433  -54.776  3.215 0.8999999762
37752  -11.216  -54.597  3.414 1.0000000000
37721  -13.135  -55.076  3.667 0.8999999762
37720  -12.563  -55.014  3.830 0.8999999762
37755  -13.599  -54.764  3.407 0.8999999762
37810  -16.683  -54.827  0.766 0.8999999762
28663  -10.767  -60.379  -4.417 1.0000000000
27321  -12.784  -60.892  -5.313 1.0000000000
28699  -16.565  -60.219  -4.901 1.0000000000
30014  -18.766  -60.084  -4.231 1.0000000000
33848  -19.854  -58.482  -4.212 1.0000000000
30053  -17.060  -59.639  -5.686 1.0000000000
30055  -18.266  -59.845  -5.462 1.0000000000
33849  -20.145  -57.932  -4.644 1.0000000000
23010  -1.117  -63.391  5.292 0.8999999762
24367  -2.529  -62.770  5.441 0.8999999762
28394  -1.436  -60.348  6.145 0.8999999762
27006  -3.170  -61.140  6.862 1.0000000000
27009  -4.802  -60.913  7.223 1.0000000000
28373  -4.336  -60.006  6.412 1.0000000000
29737  -4.414  -59.163  5.697 1.0000000000
31035  -6.580  -58.946  5.819 1.0000000000
29979  0.648  -59.321  -3.903 0.6000000238
25779  -1.053  -60.740  -0.473 0.8999999762
31064  -6.231  -58.543  5.130 1.0000000000
25782  -2.852  -61.612  -0.609 0.8999999762
32369  -6.567  -57.605  4.231 1.0000000000
32370  -7.311  -57.573  4.419 1.0000000000
34972  -8.886  -56.607  3.881 1.0000000000
33681  -6.941  -56.750  3.481 1.0000000000
39200  -9.656  -54.155  2.412 0.6999999881
39182  -11.438  -54.112  3.143 0.8000000119
40632  -10.745  -53.382  2.511 0.8000000119
40623  -12.260  -53.488  2.909 0.8000000119
40624  -12.845  -53.397  2.834 0.8999999762
40636  -14.009  -53.059  2.257 1.0000000000
32551  -11.256  -58.078  -4.222 1.0000000000
32599  -16.497  -58.287  -6.745 1.0000000000
33898  -20.308  -58.036  -7.875 1.0000000000
35217  -20.727  -57.139  -7.375 1.0000000000
22919  -3.110  -63.339  9.132 0.8000000119
29703  -1.740  -59.113  6.161 0.8000000119
32345  -3.134  -58.116  5.112 1.0000000000
32346  -3.882  -58.315  5.098 1.0000000000
32367  -5.189  -57.894  4.467 1.0000000000
27145  -2.467  -60.674  0.125 0.8999999762
33698  -5.670  -56.426  3.020 0.8000000119
35011  -6.607  -56.208  2.754 0.8999999762
36339  -7.014  -55.725  2.442 0.8000000119
39214  -7.158  -53.796  1.306 0.6999999881
31208  -8.549  -58.589  -1.814 1.0000000000
40630  -8.999  -53.641  1.866 0.6999999881
40652  -9.464  -52.729  1.526 0.6999999881
42142  -12.827  -51.911  1.651 0.6999999881
42117  -11.764  -52.502  2.144 0.6999999881
42119  -13.373  -52.483  2.025 0.8000000119
40653  -14.390  -52.770  1.935 0.8000000119
40655  -15.535  -53.220  1.543 0.6999999881
43595  -14.262  -51.247  0.083 0.6000000238
42167  -15.949  -52.468  0.831 0.6999999881
40700  -18.018  -53.334  -0.624 0.6999999881
42193  -17.653  -52.702  -0.396 0.6999999881
33859  -14.299  -57.218  -5.478 1.0000000000
35201  -14.845  -56.940  -6.468 1.0000000000
32601  -18.474  -58.922  -7.306 1.0000000000
36522  -14.626  -55.800  -7.185 1.0000000000
33918  -18.504  -57.729  -8.078 1.0000000000
36514  -21.615  -56.119  -6.253 1.0000000000
26987  -0.133  -60.814  7.629 0.6999999881
33633  -0.449  -57.551  6.091 0.6999999881
33634  -0.963  -57.473  5.822 0.8000000119
34945  -1.422  -56.865  4.882 0.8000000119
33657  -2.347  -57.045  4.370 0.8000000119
34986  -3.398  -56.488  3.691 0.8000000119
33678  -4.658  -57.083  3.716 0.8000000119
29858  -2.344  -59.421  0.721 0.6999999881
29884  -3.935  -59.769  -0.192 0.6999999881
29885  -4.528  -59.710  -0.295 0.8999999762
35008  -4.507  -56.078  2.623 0.8000000119
37778  -5.343  -54.710  1.305 0.6999999881
36336  -4.725  -55.792  2.250 0.6999999881
39212  -5.469  -54.053  1.023 0.6000000238
42136  -7.807  -52.847  0.956 0.6999999881
42163  -8.479  -52.103  0.326 0.6999999881
42139  -10.051  -52.329  1.426 0.6999999881
42140  -11.094  -52.011  1.639 0.6999999881
32510  -8.833  -57.785  -1.831 1.0000000000
43590  -10.264  -51.406  0.233 0.6999999881
44989  -10.962  -50.988  -0.117 0.6000000238
45014  -13.878  -50.993  -0.869 0.6000000238
43656  -15.642  -51.121  -0.915 0.5000000000
43660  -18.788  -51.467  -1.006 0.6000000238
40701  -18.636  -53.249  -0.959 0.8000000119
39265  -19.229  -54.023  -1.508 0.8000000119
36485  -11.832  -55.734  -4.521 1.0000000000
40720  -20.151  -52.928  -1.510 0.8000000119
39285  -20.229  -54.105  -2.045 0.8000000119
40721  -20.865  -53.242  -1.954 0.8000000119
35179  -13.858  -56.439  -5.612 1.0000000000
36512  -13.142  -55.327  -5.974 1.0000000000
36521  -14.061  -55.513  -6.863 1.0000000000
35226  -18.091  -56.918  -8.108 1.0000000000
35234  -17.365  -55.961  -8.314 1.0000000000
36533  -19.852  -56.147  -8.130 1.0000000000
36524  -21.293  -56.354  -6.998 1.0000000000
37919  -21.978  -55.694  -5.826 0.8999999762
39338  -22.609  -55.308  -6.414 0.8999999762
39347  -22.259  -55.041  -7.387 1.0000000000
37895  -21.409  -54.732  -4.794 0.8999999762
39317  -21.483  -54.205  -4.147 0.8999999762
39286  -20.927  -53.756  -2.281 0.8000000119
40739  -21.610  -53.303  -3.047 0.8000000119
37709  -1.153  -54.835  3.796 0.6000000238
32431  0.306  -57.846  0.801 0.3000000119
36309  -2.889  -55.789  3.247 0.6999999881
39211  -4.784  -53.923  0.946 0.6000000238
42135  -6.060  -52.519  0.944 0.6000000238
44986  -6.906  -51.161  0.287 0.5000000000
43651  -7.511  -51.175  -0.575 0.5000000000
45039  -8.822  -50.679  -0.937 0.6000000238
43655  -9.731  -51.036  -0.821 0.6999999881
35117  -8.004  -57.021  -2.206 1.0000000000
35128  -7.711  -56.580  -2.371 0.8999999762
37892  -9.516  -55.282  -3.934 1.0000000000
45079  -12.961  -51.074  -1.962 0.5000000000
45049  -16.391  -50.899  -1.493 0.5000000000
45051  -18.128  -50.652  -1.318 0.5000000000
39336  -10.692  -53.940  -5.343 1.0000000000
37947  -13.512  -54.755  -6.866 1.0000000000
37956  -15.193  -55.103  -7.960 1.0000000000
37968  -19.161  -55.126  -8.236 1.0000000000
37957  -19.621  -55.699  -8.059 1.0000000000
39376  -20.883  -54.529  -7.774 1.0000000000
40768  -22.114  -53.542  -4.926 0.8999999762
42224  -21.036  -52.307  -1.761 0.6999999881
42241  -21.821  -52.476  -2.485 0.6999999881
39373  -13.493  -54.055  -7.237 1.0000000000
37963  -15.045  -54.589  -8.092 1.0000000000
39385  -16.799  -54.112  -8.645 1.0000000000
40834  -19.579  -53.288  -8.430 1.0000000000
40802  -22.476  -53.463  -7.466 1.0000000000
40790  -23.133  -53.105  -6.244 0.8999999762
42242  -22.221  -52.032  -2.912 0.6999999881
45089  -21.798  -50.831  -2.190 0.6999999881
40833  -18.804  -53.383  -8.586 1.0000000000
40820  -21.660  -53.306  -7.668 1.0000000000
43750  -22.916  -51.748  -5.743 0.8999999762
43713  -22.805  -51.377  -3.582 0.8000000119
40612  -3.219  -53.748  2.874 0.4000000060
33794  -4.789  -57.228  -0.727 0.8000000119
33795  -5.370  -57.501  -0.916 0.8999999762
42133  -4.813  -53.066  1.468 0.4000000060
45042  -11.004  -50.906  -1.072 0.5000000000
45041  -10.318  -50.715  -1.031 0.6000000238
45090  -22.105  -50.455  -2.381 0.6999999881
42333  -18.252  -52.642  -8.746 1.0000000000
43793  -20.140  -51.890  -8.504 1.0000000000
42334  -19.040  -52.585  -8.643 1.0000000000
43773  -21.419  -52.156  -7.766 1.0000000000
45178  -22.675  -51.254  -6.912 1.0000000000
42319  -22.213  -52.359  -7.211 1.0000000000
43751  -23.123  -51.147  -5.872 0.8999999762
45157  -23.387  -50.767  -5.438 0.8000000119
45147  -23.387  -50.679  -4.606 0.8000000119
46520  -23.408  -50.301  -4.006 0.8000000119
40568  -3.082  -53.606  4.084 0.4000000060
36427  -3.727  -55.764  -0.995 0.8000000119
39324  -7.493  -53.730  -4.141 1.0000000000
43791  -18.482  -51.781  -8.953 1.0000000000
45211  -19.706  -51.222  -8.800 1.0000000000
45213  -21.481  -51.097  -8.133 1.0000000000
46540  -23.316  -50.128  -6.194 0.8000000119
45148  -23.575  -50.199  -4.867 0.8000000119
43737  -7.986  -51.703  -5.606 0.8999999762
45206  -12.221  -50.665  -8.340 0.8999999762
45207  -12.882  -50.735  -8.591 1.0000000000
43808  -15.104  -51.092  -9.067 1.0000000000
45237  -18.117  -50.934  -9.071 1.0000000000
46588  -19.967  -50.499  -8.857 1.0000000000
46590  -21.519  -50.022  -8.497 1.0000000000
46589  -20.794  -50.240  -8.739 1.0000000000
46566  -22.854  -49.723  -7.366 0.8999999762
46617  -13.832  -49.667  -8.941 0.8999999762
45233  -14.843  -50.472  -9.068 1.0000000000
46623  -18.408  -49.947  -9.143 1.0000000000
46625  -20.130  -49.722  -8.943 1.0000000000
47870  -21.126  -49.560  -8.747 0.8999999762
47872  -22.151  -49.036  -8.298 0.8999999762
47836  -23.360  -49.378  -6.625 0.8999999762
37873  -4.389  -54.888  -2.528 0.8999999762
46561  -9.709  -49.844  -7.333 0.8000000119
47899  -14.668  -49.057  -9.070 0.8999999762
49183  -19.127  -48.367  -9.202 0.8999999762
50451  -21.186  -47.701  -9.089 0.8999999762
47905  -19.605  -49.097  -9.106 0.8999999762
49177  -14.391  -48.270  -9.082 0.8999999762
49180  -16.680  -48.355  -9.208 1.0000000000
50448  -18.673  -47.604  -9.268 0.8000000119
50449  -19.487  -47.610  -9.201 0.8999999762
51726  -19.037  -46.836  -9.208 0.8000000119
42238  -3.009  -52.660  -2.490 0.6999999881
45141  -3.886  -50.643  -4.311 0.6999999881
49115  -7.974  -48.524  -5.993 0.8000000119
50390  -10.040  -47.992  -7.480 0.8000000119
50391  -10.774  -47.857  -7.693 0.8000000119
50415  -13.387  -47.577  -8.724 0.8000000119
51720  -14.383  -46.890  -9.057 0.6999999881
51722  -15.868  -46.863  -9.209 0.8000000119
53085  -16.991  -46.065  -9.267 0.8000000119
53087  -18.586  -46.053  -9.200 0.6999999881
42222  -2.752  -52.565  -1.547 0.6999999881
50371  -10.372  -47.526  -7.237 0.6999999881
51627  -9.944  -47.244  -6.430 0.6000000238
54423  -14.297  -45.448  -8.781 0.6000000238
54426  -16.539  -45.317  -9.178 0.6999999881
57247  -18.750  -43.761  -9.355 0.6000000238
46494  -3.444  -50.189  -3.429 0.6999999881
47770  -3.623  -49.556  -3.267 0.4000000060
46436  -3.267  -49.672  -1.812 0.5000000000
49069  -5.608  -48.472  -3.568 0.3000000119
50302  -7.565  -47.761  -3.675 0.6000000238
51608  -9.824  -46.999  -5.800 0.5000000000
51609  -10.721  -46.238  -5.844 0.5000000000
53045  -12.368  -46.177  -7.611 0.5000000000
55751  -14.436  -44.679  -8.597 0.5000000000
54386  -13.454  -44.887  -7.712 0.5000000000
54401  -13.096  -45.485  -7.783 0.5000000000
58717  -16.910  -43.119  -8.503 0.5000000000
57202  -15.342  -43.467  -8.164 0.4000000060
46397  -2.796  -50.071  -1.085 0.4000000060
47700  -2.865  -49.435  -1.496 0.2000000030
48991  -2.388  -48.743  -2.030 0.1000000015
47723  -3.409  -48.989  -1.950 0.3000000119
47750  -4.781  -48.578  -2.598 0.3000000119
49019  -2.663  -48.209  -2.738 0.1000000015
48994  -4.421  -48.330  -1.977 0.2000000030
48996  -5.482  -48.077  -2.404 0.1000000015
50273  -6.874  -47.801  -3.141 0.4000000060
50244  -2.991  -47.705  -2.967 0.1000000015
51498  -4.884  -47.310  -2.365 0.2000000030
51511  -3.840  -47.362  -2.859 0.1000000015
50248  -6.833  -47.096  -2.683 0.2000000030
51499  -5.475  -47.215  -2.375 0.2000000030
50275  -8.415  -47.008  -3.262 0.4000000060
51574  -9.151  -46.735  -3.991 0.4000000060
51542  -5.486  -47.016  -3.435 0.1000000015
51514  -6.084  -46.787  -2.671 0.2000000030
50270  -4.653  -47.421  -3.572 0.1000000015
51546  -8.577  -46.526  -3.114 0.4000000060
52928  -6.893  -46.052  -2.902 0.2000000030
52971  -10.104  -45.750  -4.854 0.5000000000
51575  -9.605  -46.112  -4.061 0.4000000060
51610  -11.256  -46.005  -6.029 0.5000000000
55689  -11.115  -44.672  -5.554 0.5000000000
54384  -12.785  -45.168  -6.971 0.5000000000
57183  -13.775  -43.852  -7.542 0.5000000000
57199  -14.052  -44.098  -7.933 0.5000000000
58696  -15.649  -43.005  -7.992 0.4000000060
58756  -16.845  -42.612  -9.453 0.4000000060
58779  -17.660  -42.586  -10.561 0.3000000119
58758  -18.141  -42.958  -10.239 0.2000000030
58713  -13.419  -43.282  -8.661 0.3000000119
60161  -15.620  -42.003  -9.253 0.3000000119
52932  -9.207  -45.862  -3.935 0.3000000119
52970  -9.369  -45.500  -4.785 0.3000000119
54356  -10.005  -45.053  -5.565 0.4000000060
54370  -10.954  -44.789  -6.468 0.4000000060
55715  -12.077  -43.924  -6.870 0.4000000060
55749  -12.680  -44.103  -8.585 0.3000000119
55771  -12.286  -44.351  -9.089 0.3000000119
57275  -12.331  -43.269  -9.762 0.2000000030
58754  -13.243  -42.498  -9.810 0.2000000030
58752  -11.755  -42.681  -9.976 0.2000000030
61573  -13.297  -40.919  -10.870 0.2000000030
65508  -12.007  -38.633  -10.924 0.1000000015
65506  -10.534  -38.757  -11.188 0.1000000015
66755  -11.597  -37.989  -11.115 0.1000000015
50299  -4.841  -47.587  -4.352 0.1000000015
50269  -3.878  -47.592  -3.499 0.1000000015
1127  -17.324  -82.920  -15.841 0.3000000119
804  -16.001  -82.937  -16.037 0.4000000060
812  -16.964  -82.955  -16.875 0.5000000000
810  -16.031  -83.066  -16.618 0.5000000000
811  -16.657  -82.988  -16.686 0.5000000000
1549  -17.732  -81.881  -16.792 0.4000000060
1539  -17.988  -81.897  -16.192 0.4000000060
1561  -17.305  -82.394  -17.493 0.5000000000
3011  -2.067  -81.137  -13.606 0.6999999881
2461  -1.773  -81.697  -13.827 0.8000000119
3566  -2.315  -80.326  -12.425 0.8000000119
3003  -2.393  -80.833  -13.440 0.8000000119
3004  -2.788  -80.953  -13.658 0.6999999881
2462  -2.723  -81.953  -14.116 0.6999999881
3604  -3.754  -80.782  -13.721 0.6999999881
2463  -3.691  -82.079  -14.395 0.6999999881
2464  -4.603  -81.754  -14.413 0.6999999881
1983  -14.523  -82.564  -14.989 0.3000000119
2516  -18.221  -81.316  -16.002 0.4000000060
1167  -16.650  -82.835  -18.231 0.6000000238
1154  -16.675  -82.929  -17.754 0.6000000238
2529  -18.097  -81.332  -16.915 0.5000000000
1576  -17.095  -82.501  -18.314 0.6000000238
2447  -0.618  -81.565  -13.233 0.6999999881
2460  -0.874  -81.959  -13.644 0.6999999881
1944  -1.266  -82.616  -13.916 0.6000000238
2549  -17.784  -81.509  -17.892 0.6999999881
2011  -17.753  -81.833  -17.061 0.5000000000
3075  -18.301  -80.873  -16.418 0.6000000238
3105  -18.137  -81.055  -17.688 0.6000000238
2979  -0.023  -81.356  -12.166 0.6999999881
3563  -0.873  -80.706  -12.010 0.6999999881
3001  -0.983  -81.159  -12.882 0.6999999881
3115  -18.045  -81.093  -18.664 0.6999999881
2961  -0.013  -81.029  -11.478 0.4000000060
3546  -0.760  -80.642  -11.675 0.6999999881
4211  -1.668  -80.126  -11.036 0.6999999881
3529  -0.815  -80.564  -10.795 0.6999999881
3507  0.031  -81.412  -9.961 0.6000000238
2929  -0.466  -81.225  -9.727 0.8999999762
2912  -0.930  -81.478  -9.016 0.8999999762
2910  -0.114  -81.848  -9.147 0.8000000119
371  -0.381  -84.943  -5.902 0.6999999881
1342  0.344  -83.784  -7.232 0.8999999762
2345  -0.219  -82.294  -8.484 0.8999999762
2914  -1.729  -81.048  -8.936 0.8999999762
939  0.327  -84.169  -5.973 0.8999999762
1815  -0.297  -82.814  -7.689 0.8999999762
1329  -0.064  -83.596  -6.079 0.8999999762
341  -0.306  -85.043  -4.640 0.6999999881
3815  -11.374  -80.107  -25.689 0.6000000238
4494  -10.394  -79.764  -26.335 0.6000000238
5209  -11.191  -78.888  -26.900 0.6999999881
5211  -10.726  -78.529  -27.006 0.5000000000
5949  -11.313  -78.107  -27.478 0.6999999881
5948  -10.771  -77.943  -27.333 0.4000000060
5952  -11.427  -77.497  -27.974 0.6000000238
6762  -12.167  -77.121  -28.161 0.8000000119
8451  -14.047  -75.500  -28.379 0.8000000119
9254  -12.787  -75.111  -29.050 0.8000000119
30048  -0.889  -60.022  -6.661 0.6000000238
30065  -0.730  -59.422  -6.705 0.4000000060
28631  0.228  -60.180  -4.122 0.6000000238
30002  -0.006  -59.198  -4.680 0.4000000060
28719  -0.495  -59.806  -5.948 0.5000000000
31294  -0.833  -58.934  -5.879 0.4000000060
32545  0.051  -57.861  -4.785 0.3000000119
40570  -4.159  -53.880  3.818 0.2000000030
40593  -5.503  -53.514  3.301 0.1000000015
40617  -6.556  -52.904  2.986 0.1000000015
42092  -7.721  -52.736  2.987 0.1000000015
42102  -6.199  -52.537  2.484 0.1000000015
43526  -7.718  -51.996  2.236 0.1000000015
43548  -8.608  -51.535  2.231 0.1000000015
42100  -4.961  -52.918  2.249 0.3000000119
43544  -6.376  -52.054  1.302 0.3000000119
44975  -8.180  -50.864  1.002 0.2000000030
44988  -8.259  -50.608  0.236 0.3000000119
28519  -0.430  -59.638  -0.291 0.5000000000
29881  0.187  -59.131  -0.716 0.4000000060
39134  -4.830  -54.237  4.225 0.2000000030
46357  -9.391  -50.267  0.962 0.1000000015
45008  -8.497  -50.520  -0.386 0.4000000060
46374  -9.251  -50.229  -0.558 0.3000000119
46400  -9.776  -50.352  -0.994 0.4000000060
46438  -11.100  -50.360  -1.688 0.4000000060
46440  -12.291  -49.995  -1.782 0.3000000119
45104  -13.120  -50.685  -2.476 0.4000000060
45045  -13.327  -51.026  -1.511 0.4000000060
45125  -13.986  -50.485  -3.481 0.3000000119
45081  -14.337  -51.051  -2.399 0.4000000060
45144  -15.059  -50.431  -4.416 0.3000000119
45107  -15.507  -50.834  -3.153 0.4000000060
47672  -11.920  -48.800  0.539 0.1000000015
46378  -12.378  -49.609  -0.711 0.1000000015
46406  -14.219  -49.981  -1.418 0.1000000015
46404  -12.708  -49.906  -1.327 0.4000000060
46443  -14.645  -50.035  -2.118 0.2000000030
46441  -13.095  -50.121  -1.933 0.3000000119
46472  -12.753  -50.335  -2.225 0.3000000119
46476  -15.709  -49.837  -2.813 0.2000000030
46474  -14.388  -50.101  -2.826 0.2000000030
46495  -13.816  -50.427  -3.241 0.3000000119
46498  -15.422  -49.869  -3.262 0.2000000030
47773  -15.505  -49.585  -4.161 0.3000000119
45128  -15.903  -50.759  -3.850 0.3000000119
45129  -16.526  -50.478  -3.893 0.4000000060
46517  -15.677  -49.999  -4.691 0.3000000119
49048  -17.221  -48.515  -3.428 0.1000000015
47774  -15.881  -49.426  -3.638 0.2000000030
47797  -15.809  -49.261  -4.280 0.2000000030
46531  -16.472  -49.405  -5.365 0.2000000030
46518  -16.560  -49.960  -4.786 0.3000000119
45085  -17.554  -50.241  -2.217 0.4000000060
46446  -17.879  -49.905  -2.645 0.3000000119
45052  -18.972  -50.721  -1.322 0.4000000060
45087  -20.284  -50.661  -1.702 0.5000000000
50306  -17.127  -47.714  -4.204 0.2000000030
50349  -16.495  -47.853  -5.282 0.2000000030
49104  -17.333  -48.173  -5.917 0.3000000119
47776  -18.194  -49.134  -3.648 0.3000000119
47777  -18.585  -48.852  -3.370 0.2000000030
47729  -19.490  -49.194  -2.194 0.4000000060
46450  -20.613  -50.039  -1.975 0.5000000000
49091  -18.317  -48.048  -5.006 0.2000000030
49077  -18.476  -48.218  -4.375 0.2000000030
52961  -18.845  -46.259  -4.665 0.2000000030
49050  -18.774  -48.289  -3.518 0.2000000030
49026  -19.334  -48.391  -2.826 0.2000000030
54307  -18.880  -45.123  -4.291 0.1000000015
51520  -19.769  -47.263  -3.122 0.2000000030
49027  -20.211  -48.353  -2.435 0.2000000030
50254  -21.339  -47.601  -2.704 0.1000000015
46480  -21.665  -49.528  -2.437 0.4000000060
49030  -22.412  -48.352  -2.744 0.3000000119
50256  -22.815  -47.656  -2.914 0.4000000060
47759  -22.666  -49.136  -2.761 0.5000000000
49052  -23.162  -48.347  -3.009 0.4000000060
49053  -23.785  -48.568  -3.503 0.4000000060
47801  -23.874  -49.297  -4.750 0.6000000238
47824  -23.543  -49.244  -6.216 0.6999999881
49105  -23.782  -48.587  -6.000 0.6999999881
49130  -22.471  -48.745  -8.176 0.8000000119
50418  -22.964  -47.810  -8.312 0.8000000119
54309  -19.856  -45.675  -3.480 0.2000000030
51522  -20.889  -46.919  -2.777 0.2000000030
54296  -20.230  -45.477  -3.047 0.1000000015
51523  -21.714  -46.858  -2.855 0.1000000015
51524  -22.720  -46.799  -2.902 0.1000000015
52915  -22.019  -46.043  -2.778 0.1000000015
51554  -23.146  -47.246  -3.023 0.3000000119
50309  -24.116  -47.784  -3.845 0.4000000060
40661  -1.533  -53.352  0.421 0.2000000030
43563  -1.005  -52.572  0.443 0.1000000015
44983  -1.126  -51.048  0.160 0.1000000015
49092  -24.046  -48.595  -5.180 0.5000000000
50372  -23.839  -47.876  -6.534 0.5000000000
50352  -24.105  -47.870  -5.670 0.5000000000
50394  -23.598  -47.792  -7.512 0.6999999881
51631  -23.962  -47.140  -6.965 0.6999999881
52917  -23.340  -45.594  -2.985 0.2000000030
52963  -24.149  -46.321  -3.738 0.3000000119
51596  -24.634  -46.342  -5.103 0.4000000060
51612  -24.485  -46.472  -5.925 0.4000000060
51692  -23.598  -46.743  -8.103 0.6999999881
51659  -24.080  -46.647  -7.178 0.6999999881
51728  -20.682  -46.872  -9.151 0.8000000119
51729  -21.449  -46.849  -9.110 0.8000000119
53049  -23.063  -46.070  -8.986 0.6000000238
53089  -20.219  -46.084  -9.199 0.6000000238
55677  -24.232  -44.125  -3.964 0.3000000119
54332  -24.415  -44.968  -3.965 0.2000000030
54361  -24.724  -44.986  -5.299 0.4000000060
51581  -24.594  -46.150  -4.567 0.4000000060
58675  -24.162  -42.665  -6.718 0.3000000119
57173  -24.456  -43.545  -5.996 0.3000000119
52987  -24.687  -45.710  -5.661 0.4000000060
55754  -24.281  -44.538  -8.446 0.5000000000
54406  -24.327  -45.415  -8.026 0.5000000000
54374  -24.673  -44.906  -6.233 0.4000000060
54430  -19.743  -45.315  -9.256 0.6000000238
54431  -20.580  -45.312  -9.305 0.6000000238
54433  -22.495  -45.304  -9.290 0.4000000060
54405  -23.699  -45.245  -8.790 0.5000000000
53088  -19.396  -46.069  -9.150 0.6000000238
54429  -18.931  -45.292  -9.147 0.6000000238
55781  -20.920  -44.533  -9.510 0.5000000000
55782  -21.833  -44.420  -9.521 0.5000000000
57253  -23.791  -42.971  -8.837 0.3000000119
54428  -18.123  -45.277  -9.112 0.6000000238
55779  -19.254  -44.564  -9.303 0.6000000238
55778  -18.460  -44.513  -9.020 0.5000000000
1536  -14.714  -83.102  -15.846 0.5000000000
8567  1.730  -74.963  11.711 0.6000000238
1140  -16.290  -83.097  -17.198 0.6000000238
2033  -17.472  -81.953  -17.900 0.6000000238
3530  -1.433  -80.243  -10.650 0.8000000119
3510  -1.226  -80.706  -9.786 0.8999999762
1602  -7.751  -83.509  -21.393 0.5000000000
3196  -10.534  -80.630  -25.475 0.6999999881
2346  -0.768  -82.159  -8.378 0.8999999762
45046  -14.052  -51.081  -1.652 0.4000000060
45083  -15.983  -50.974  -2.339 0.4000000060
43661  -19.508  -51.344  -1.266 0.5000000000
44974  -7.288  -51.250  1.038 0.3000000119
46470  -11.518  -50.375  -2.136 0.4000000060
45106  -14.730  -50.842  -3.142 0.3000000119
45084  -16.710  -50.674  -2.289 0.4000000060
45088  -21.015  -50.742  -1.917 0.5000000000
39107  -3.422  -54.248  4.902 0.2000000030
46502  -23.568  -49.954  -3.941 0.6999999881
46481  -22.143  -49.898  -2.499 0.5000000000
47814  -23.729  -49.244  -5.532 0.6000000238
47779  -23.762  -49.422  -3.898 0.5000000000
49117  -23.193  -48.857  -7.402 0.8000000119
51690  -22.693  -46.960  -8.849 0.6999999881
53048  -22.470  -46.419  -9.119 0.6000000238
42159  -1.723  -52.626  0.360 0.2000000030
58737  -18.620  -43.284  -9.887 0.5000000000
46452  -21.866  -50.299  -2.294 0.5000000000
42113  -6.570  -52.202  1.965 0.2000000030
46402  -11.311  -50.003  -1.123 0.4000000060
51727  -19.854  -46.853  -9.158 0.6999999881
57277  -19.160  -43.433  -9.839 0.5000000000
800  -17.647  -83.087  -15.360 0.3000000119
1517  -15.098  -82.715  -15.569 0.5000000000
3013  -3.232  -81.261  -13.886 0.6999999881
2354  0.344  -82.374  -9.323 0.6000000238
43546  -7.431  -51.566  1.670 0.1000000015
44966  -7.873  -51.232  1.541 0.1000000015
46350  -9.378  -50.690  1.544 0.1000000015
46366  -9.812  -49.871  0.164 0.3000000119
46367  -10.540  -49.613  0.486 0.1000000015
46376  -10.739  -49.704  -0.324 0.1000000015
45080  -13.504  -51.070  -2.199 0.4000000060
46473  -13.615  -50.294  -2.707 0.3000000119
46496  -14.180  -50.219  -3.460 0.3000000119
46515  -14.593  -50.128  -3.988 0.3000000119
47683  -12.098  -49.174  -0.138 0.1000000015
45146  -16.172  -50.460  -4.278 0.3000000119
46499  -17.171  -50.094  -3.912 0.3000000119
49087  -15.885  -48.998  -5.091 0.3000000119
46447  -18.219  -49.859  -2.264 0.4000000060
50326  -16.483  -48.067  -4.818 0.2000000030
47798  -17.320  -49.395  -5.000 0.3000000119
46500  -17.800  -49.637  -3.826 0.3000000119
46479  -18.490  -49.489  -2.503 0.3000000119
46448  -18.931  -49.612  -2.094 0.4000000060
46412  -19.532  -50.264  -1.615 0.5000000000
50327  -16.996  -47.513  -5.129 0.2000000030
50328  -17.491  -47.555  -5.700 0.2000000030
47799  -17.961  -49.015  -4.592 0.3000000119
47755  -19.216  -48.927  -2.499 0.2000000030
47730  -20.325  -49.219  -2.181 0.4000000060
49000  -19.744  -48.759  -2.337 0.2000000030
47731  -20.882  -49.604  -2.181 0.4000000060
51593  -18.034  -46.882  -5.259 0.2000000030
50308  -18.653  -47.511  -4.691 0.2000000030
51579  -19.307  -46.600  -3.973 0.2000000030
51578  -18.970  -46.827  -4.336 0.2000000030
52936  -19.516  -46.240  -3.842 0.2000000030
51594  -18.601  -46.878  -4.982 0.2000000030
54347  -18.207  -45.968  -4.972 0.2000000030
50279  -19.467  -47.594  -3.255 0.2000000030
50252  -19.895  -47.672  -2.816 0.2000000030
54308  -19.447  -45.489  -3.915 0.2000000030
50253  -20.580  -47.611  -2.629 0.2000000030
52913  -20.370  -46.358  -3.022 0.2000000030
52937  -19.856  -46.081  -3.434 0.2000000030
47757  -21.185  -49.112  -2.419 0.3000000119
49028  -20.961  -48.284  -2.484 0.2000000030
49029  -21.668  -48.341  -2.652 0.2000000030
50255  -22.123  -47.601  -2.801 0.2000000030
52914  -21.110  -46.170  -2.810 0.1000000015
50281  -23.662  -47.853  -3.287 0.4000000060
49078  -24.113  -48.619  -4.296 0.4000000060
51595  -24.411  -47.105  -5.331 0.4000000060
51658  -23.827  -46.754  -7.648 0.6999999881
54297  -21.391  -45.344  -2.652 0.1000000015
55646  -20.848  -44.548  -2.543 0.1000000015
51525  -23.329  -46.194  -3.003 0.2000000030
51555  -23.693  -46.936  -3.326 0.3000000119
51580  -24.394  -46.800  -4.305 0.3000000119
51632  -24.270  -46.575  -6.702 0.5000000000
52938  -23.877  -45.760  -3.376 0.3000000119
54348  -24.598  -45.014  -4.524 0.3000000119
53051  -24.088  -45.998  -7.863 0.5000000000
53050  -23.738  -46.168  -8.215 0.6000000238
53022  -24.239  -46.092  -7.373 0.5000000000
53002  -24.540  -45.832  -6.521 0.4000000060
53091  -21.933  -46.121  -9.189 0.6999999881
53090  -21.056  -46.088  -9.201 0.6000000238
54404  -23.150  -45.391  -9.152 0.5000000000
54432  -21.469  -45.299  -9.354 0.5000000000
55692  -24.631  -44.363  -4.898 0.4000000060
57161  -24.473  -43.753  -5.240 0.2000000030
57160  -24.182  -43.363  -4.851 0.4000000060
58698  -24.418  -43.214  -7.372 0.3000000119
57185  -24.573  -43.624  -6.740 0.4000000060
55755  -24.671  -44.333  -7.781 0.4000000060
57229  -24.620  -43.797  -7.834 0.4000000060
55784  -23.718  -44.100  -9.035 0.3000000119
54387  -24.624  -45.161  -7.170 0.5000000000
55780  -20.067  -44.597  -9.480 0.6000000238
55783  -22.763  -44.235  -9.414 0.4000000060
57252  -23.079  -43.271  -9.349 0.4000000060
57278  -19.791  -43.332  -10.011 0.5000000000
1946  -3.024  -82.779  -14.503 0.5000000000
1490  -3.852  -83.682  -14.601 0.5000000000
1930  -0.034  -82.523  -12.699 0.3000000119
1491  -4.663  -83.598  -14.383 0.4000000060
1094  -5.180  -84.055  -14.207 0.4000000060
1353  0.312  -83.540  -8.065 0.6000000238
128  -3.232  -85.818  -5.082 0.4000000060
126  -1.939  -85.557  -5.438 0.4000000060
382  -1.215  -85.085  -6.762 0.3000000119
637  -0.477  -84.684  -6.870 0.6000000238
346  -3.530  -85.289  -4.257 0.3000000119
599  -4.210  -84.916  -3.436 0.3000000119
597  -3.083  -84.546  -3.847 0.2000000030
361  -2.566  -85.662  -4.881 0.4000000060
110  -1.696  -85.409  -4.803 0.4000000060
359  -1.350  -85.345  -5.506 0.5000000000
1739  -3.117  -82.940  -2.632 0.1000000015
1287  -3.530  -83.475  -2.884 0.1000000015
596  -2.276  -84.530  -3.734 0.2000000030
3807  -9.895  -80.372  -24.939 0.5000000000
4484  -10.025  -79.898  -25.357 0.4000000060
1298  -2.679  -83.752  -3.157 0.1000000015
329  -1.774  -84.836  -3.774 0.3000000119
109  -1.235  -85.312  -4.747 0.6000000238
3173  -9.278  -81.242  -22.938 0.5000000000
3801  -9.614  -80.958  -24.045 0.5000000000
4474  -10.010  -79.918  -24.441 0.4000000060
5938  -10.356  -78.581  -25.931 0.4000000060
4475  -10.320  -79.252  -24.577 0.4000000060
2239  -1.955  -82.243  -1.392 0.2000000030
1721  -2.242  -82.922  -2.284 0.1000000015
2592  -8.094  -82.118  -21.098 0.2000000030
3150  -8.861  -81.367  -21.614 0.4000000060
3765  -9.492  -80.517  -22.382 0.4000000060
3739  -8.765  -80.490  -20.870 0.3000000119
3780  -9.785  -80.129  -22.933 0.5000000000
4445  -9.984  -79.709  -22.690 0.4000000060
4459  -10.083  -79.727  -23.493 0.4000000060
2574  -7.272  -81.693  -20.193 0.2000000030
3136  -7.733  -81.406  -20.378 0.2000000030
3724  -6.626  -80.609  -19.508 0.2000000030
3726  -7.952  -80.330  -19.954 0.2000000030
3736  -5.005  -80.500  -20.578 0.2000000030
3122  -6.217  -81.372  -19.730 0.2000000030
32682  0.266  -57.499  -11.722 0.3000000119
33975  -0.382  -56.922  -12.047 0.3000000119
35243  -0.398  -56.933  -10.467 0.3000000119
24268  -1.516  -62.429  10.057 0.3000000119
2072  -7.161  -82.964  -21.000 0.2000000030
911  -2.093  -84.017  -3.181 0.2000000030
6735  -10.701  -77.754  -25.814 0.4000000060
1724  -4.015  -82.566  -1.920 0.1000000015
4418  -9.716  -79.553  -21.411 0.4000000060
2444  0.083  -82.070  -12.301 0.2000000030
1019  -1.341  -83.265  -9.810 0.2000000030
3666  -18.294  -80.434  -16.128 0.4000000060
9262  -13.631  -74.825  -29.028 0.5000000000
427  -2.372  -84.971  -9.287 0.2000000030
1017  -0.201  -82.849  -10.177 0.3000000119
3682  -18.327  -80.351  -16.796 0.5000000000
8448  -11.625  -75.568  -28.790 0.4000000060
10094  -12.461  -74.615  -28.880 0.6000000238
414  -3.028  -85.091  -8.559 0.1000000015
174  -2.430  -85.278  -7.168 0.1000000015
424  -1.141  -84.493  -8.894 0.2000000030
976  -0.130  -83.922  -8.509 0.3000000119
2372  0.593  -82.227  -9.881 0.5000000000
4319  -18.272  -79.786  -16.204 0.3000000119
6747  -11.086  -76.810  -26.493 0.3000000119
7592  -11.048  -76.481  -27.730 0.4000000060
8429  -11.296  -75.979  -27.687 0.3000000119
9246  -12.175  -74.636  -28.089 0.4000000060
391  -1.278  -84.967  -7.465 0.2000000030
647  -0.641  -84.551  -7.610 0.3000000119
5029  -18.596  -78.787  -15.580 0.3000000119
5012  -19.544  -79.069  -14.650 0.3000000119
5770  -18.948  -78.247  -16.060 0.3000000119
6633  -19.524  -76.972  -19.754 0.5000000000
5926  -10.550  -78.352  -25.189 0.3000000119
6708  -10.883  -77.760  -24.250 0.3000000119
6722  -11.069  -77.172  -25.180 0.3000000119
7549  -11.369  -76.703  -24.558 0.3000000119
8415  -11.431  -76.024  -27.132 0.3000000119
8383  -11.941  -75.441  -25.917 0.3000000119
9223  -11.972  -75.265  -26.915 0.4000000060
160  -2.928  -85.592  -6.343 0.1000000015
158  -2.078  -85.284  -6.747 0.1000000015
5751  -19.432  -78.240  -15.659 0.3000000119
5771  -19.522  -77.933  -16.295 0.3000000119
6596  -19.716  -77.124  -18.222 0.5000000000
5166  -10.568  -78.823  -23.879 0.3000000119
6696  -11.306  -76.958  -23.835 0.3000000119
7535  -11.522  -76.294  -23.836 0.3000000119
5791  -18.918  -78.035  -17.021 0.3000000119
5153  -10.364  -79.089  -22.971 0.3000000119
5154  -10.674  -78.298  -23.037 0.3000000119
6670  -11.149  -77.127  -22.649 0.3000000119
5142  -10.493  -78.467  -22.206 0.3000000119
5141  -10.096  -79.177  -21.993 0.3000000119
3270  -2.171  -80.857  6.000 0.2000000030
4415  -2.077  -79.699  -21.382 0.2000000030
3934  -1.899  -79.850  7.527 0.2000000030
3918  -1.317  -79.447  8.542 0.2000000030
3169  -3.110  -80.995  -22.375 0.2000000030
4455  -2.594  -79.659  -23.526 0.2000000030
3749  -2.666  -80.592  -21.595 0.2000000030
5150  -2.099  -78.938  -22.690 0.2000000030
4677  -2.183  -79.253  7.291 0.2000000030
4676  -1.807  -79.126  8.031 0.2000000030
3917  -0.660  -79.440  8.539 0.2000000030
6161  -1.981  -78.049  7.509 0.1000000015
5367  -1.330  -78.185  9.216 0.1000000015
3896  -0.991  -79.311  9.648 0.1000000015
5352  -0.844  -78.129  10.093 0.1000000015
4659  -0.254  -79.075  8.550 0.3000000119
6086  -0.164  -77.630  11.658 0.1000000015
3905  -0.503  -79.339  9.461 0.2000000030
4633  -0.338  -79.074  10.254 0.2000000030
4632  0.349  -78.669  10.367 0.3000000119
5333  0.012  -78.295  11.650 0.2000000030
4644  0.672  -78.267  9.949 0.3000000119
5351  0.938  -77.743  10.179 0.2000000030
4631  0.751  -78.186  10.609 0.2000000030
6897  -0.182  -76.713  11.760 0.1000000015
6065  0.030  -77.619  12.167 0.1000000015
5317  0.777  -77.669  12.233 0.1000000015
6047  1.039  -76.975  13.043 0.1000000015
6100  1.302  -76.823  10.927 0.3000000119
5341  1.045  -77.540  10.942 0.2000000030
6921  1.496  -76.161  11.282 0.4000000060
6874  1.417  -76.601  12.278 0.1000000015
6856  1.217  -76.383  13.757 0.1000000015
6863  1.931  -75.822  13.371 0.2000000030
6855  1.717  -76.106  13.805 0.1000000015
6895  1.548  -76.312  11.861 0.3000000119
9359  2.110  -74.089  13.374 0.4000000060
8552  2.123  -74.691  13.009 0.3000000119
24749  -0.870  -62.350  -18.474 0.1000000015
28877  -0.773  -59.607  -17.187 0.1000000015
22131  -0.633  -64.148  -19.484 0.1000000015
19640  -0.617  -65.868  -19.702 0.1000000015
31502  -0.585  -58.205  -16.304 0.2000000030
33938  -1.305  -57.447  -9.356 0.1000000015
33976  -0.915  -57.128  -12.082 0.1000000015
34007  -0.497  -57.407  -13.300 0.2000000030
32693  -1.347  -58.016  -13.535 0.1000000015
32685  -1.722  -58.371  -13.288 0.1000000015
31465  -1.352  -58.351  -15.032 0.1000000015
32644  -1.591  -58.219  -8.229 0.2000000030
31295  -1.169  -58.959  -5.998 0.2000000030
31373  -2.124  -58.756  -8.460 0.1000000015
31153  0.332  -57.954  -0.249 0.2000000030
33755  0.252  -57.023  0.089 0.2000000030
35066  -0.053  -56.431  -0.095 0.2000000030
57150  -24.124  -43.688  -4.101 0.2000000030
60074  -23.658  -42.591  -4.292 0.1000000015
57172  -24.188  -43.246  -5.469 0.1000000015
60083  -23.370  -41.629  -5.024 0.1000000015
60094  -23.672  -42.106  -5.622 0.1000000015
60122  -23.939  -42.140  -6.915 0.1000000015
57228  -24.433  -43.525  -8.173 0.1000000015
60106  -24.280  -41.276  -6.019 0.1000000015
61541  -22.953  -40.998  -8.930 0.1000000015
60147  -23.489  -41.394  -8.333 0.1000000015
61522  -24.158  -41.165  -7.822 0.1000000015
60163  -22.756  -41.694  -9.350 0.1000000015
58739  -23.268  -42.366  -9.151 0.1000000015
58740  -23.651  -42.176  -8.621 0.1000000015
57251  -22.132  -43.399  -9.692 0.3000000119
62892  -23.593  -39.835  -6.573 0.1000000015
61528  -23.298  -40.937  -8.324 0.1000000015
61521  -23.502  -40.774  -7.622 0.1000000015
61540  -22.509  -40.980  -9.350 0.1000000015
57249  -20.358  -43.893  -9.769 0.3000000119
57250  -21.210  -43.736  -9.803 0.3000000119
58763  -22.194  -41.987  -9.813 0.2000000030
57279  -20.600  -43.178  -10.114 0.2000000030
57280  -21.391  -42.913  -10.017 0.3000000119
61556  -22.060  -40.916  -9.700 0.1000000015
60184  -21.199  -41.562  -10.197 0.2000000030
7714  2.061  -75.336  12.756 0.3000000119
7707  2.190  -75.136  13.486 0.2000000030
31352  -1.955  -58.740  -7.580 0.2000000030
32738  -0.802  -57.677  -14.910 0.1000000015
33936  -0.325  -57.389  -9.414 0.2000000030
32642  -0.714  -58.259  -7.965 0.2000000030
32594  -0.876  -58.504  -7.110 0.3000000119
31171  0.642  -57.888  -1.174 0.3000000119
1472  -2.453  -83.231  -14.401 0.4000000060
2421  0.230  -81.825  -11.784 0.3000000119
2400  0.399  -81.728  -11.072 0.4000000060
3544  -0.129  -80.892  -11.063 0.4000000060
58661  -24.082  -42.768  -6.004 0.2000000030
60107  -24.483  -41.890  -6.220 0.2000000030
58760  -20.004  -42.708  -10.447 0.2000000030
60084  -23.644  -42.349  -4.777 0.1000000015
58718  -24.006  -42.526  -8.171 0.1000000015
129  -3.769  -85.966  -5.084 0.2000000030
1036  -0.419  -82.550  -10.835 0.2000000030
696  -1.071  -83.906  -9.459 0.2000000030
997  -0.026  -83.221  -9.720 0.3000000119
409  -1.109  -84.583  -8.550 0.2000000030
7572  -11.342  -76.450  -26.183 0.3000000119
4287  -18.436  -79.597  -14.740 0.3000000119
5407  -2.227  -78.668  6.905 0.1000000015
31334  -1.588  -58.699  -6.901 0.2000000030
60093  -24.256  -41.416  -5.456 0.1000000015
61519  -24.307  -41.370  -6.905 0.1000000015
64180  -22.870  -39.907  -8.218 0.1000000015
60164  -23.403  -41.620  -8.734 0.1000000015
60136  -23.856  -41.973  -7.545 0.1000000015
61518  -24.095  -40.536  -7.145 0.1000000015
58738  -22.591  -42.556  -9.588 0.3000000119
57281  -21.986  -42.610  -9.877 0.3000000119
60185  -21.820  -41.493  -9.953 0.2000000030
61555  -21.533  -40.916  -10.014 0.1000000015
4340  -21.066  -79.368  -17.209 0.3000000119
5078  -21.405  -78.663  -18.176 0.3000000119
6597  -20.270  -77.138  -18.017 0.3000000119
7469  -19.934  -76.715  -19.422 0.4000000060
7456  -20.357  -76.786  -19.086 0.3000000119
5068  -21.077  -78.666  -17.245 0.3000000119
6598  -20.714  -77.441  -17.754 0.3000000119
5773  -20.709  -78.154  -16.830 0.3000000119
6619  -20.833  -77.207  -18.592 0.3000000119
7471  -20.986  -76.666  -19.963 0.3000000119
7483  -21.161  -76.537  -20.830 0.4000000060
3683  -20.943  -79.996  -17.242 0.3000000119
3702  -21.211  -79.971  -17.955 0.3000000119
5807  -21.148  -77.912  -17.955 0.3000000119
8346  -20.489  -75.715  -22.994 0.4000000060
8347  -21.271  -75.677  -23.110 0.4000000060
8359  -21.707  -75.472  -23.920 0.3000000119
5843  -21.501  -77.743  -19.275 0.3000000119
6634  -21.336  -77.313  -19.450 0.3000000119
8334  -20.913  -75.814  -22.357 0.4000000060
7498  -21.238  -76.228  -21.759 0.4000000060
5093  -21.637  -78.662  -18.844 0.3000000119
6649  -21.414  -76.979  -20.201 0.3000000119
7484  -21.612  -76.630  -21.330 0.3000000119
8360  -22.154  -76.122  -23.710 0.3000000119
3716  -21.350  -80.218  -18.389 0.2000000030
9228  -20.669  -74.619  -26.494 0.4000000060
9241  -20.987  -74.346  -27.012 0.3000000119
9213  -21.093  -74.742  -25.776 0.3000000119
9200  -21.405  -74.941  -25.069 0.4000000060
9187  -21.660  -75.213  -24.455 0.3000000119
10108  -14.600  -74.533  -29.145 0.4000000060
11020  -15.488  -74.066  -29.406 0.4000000060
3087  -20.805  -80.846  -16.873 0.2000000030
10075  -17.531  -74.018  -27.191 0.2000000030
11001  -18.485  -73.212  -27.954 0.1000000015
11013  -18.594  -73.337  -28.511 0.3000000119
10103  -19.122  -73.820  -28.526 0.3000000119
11913  -18.998  -73.147  -27.807 0.1000000015
11925  -19.723  -73.297  -28.241 0.1000000015
7514  -21.763  -76.501  -22.177 0.3000000119
53017  -10.865  -45.551  -7.334 0.2000000030
53044  -11.346  -45.692  -8.261 0.2000000030
53043  -10.480  -46.252  -8.286 0.2000000030
54420  -11.601  -45.262  -9.189 0.2000000030
53079  -10.232  -46.251  -9.226 0.2000000030
9186  -21.013  -75.074  -24.565 0.4000000060
9199  -20.513  -74.975  -25.225 0.4000000060
11006  -13.595  -73.997  -28.858 0.3000000119
11019  -14.524  -73.523  -28.916 0.4000000060
53116  -11.148  -45.601  -9.571 0.2000000030
1080  -1.953  -83.972  -13.657 0.2000000030
756  -2.566  -84.380  -14.062 0.2000000030
735  -2.864  -84.733  -13.097 0.2000000030
1439  -3.412  -83.853  -12.520 0.2000000030
1488  -2.467  -83.697  -14.256 0.2000000030
757  -2.897  -84.674  -14.181 0.2000000030
736  -3.531  -84.977  -13.127 0.2000000030
1058  -4.789  -84.261  -12.515 0.2000000030
759  -4.260  -84.897  -14.130 0.2000000030
722  -3.919  -84.875  -12.858 0.2000000030
263  -4.822  -85.106  -13.369 0.2000000030
761  -5.748  -84.378  -14.056 0.2000000030
264  -5.391  -85.081  -13.152 0.2000000030
265  -6.218  -85.300  -12.835 0.2000000030
762  -6.639  -84.163  -14.160 0.3000000119
280  -6.817  -84.860  -13.680 0.2000000030
276  -6.531  -85.172  -13.299 0.2000000030
492  -7.847  -84.663  -13.344 0.2000000030
267  -7.892  -85.096  -12.816 0.2000000030
725  -8.807  -84.601  -12.355 0.2000000030
256  -9.150  -84.959  -11.600 0.1000000015
1083  -9.119  -83.864  -13.244 0.2000000030
250  -5.519  -85.077  -12.777 0.2000000030
726  -9.215  -84.326  -12.126 0.2000000030
58  -9.637  -85.473  -10.386 0.1000000015
1073  -9.427  -83.700  -12.679 0.2000000030
453  -10.051  -84.598  -10.994 0.1000000015
1445  -10.131  -83.464  -12.211 0.2000000030
727  -9.667  -84.189  -11.704 0.2000000030
221  -10.440  -85.153  -9.888 0.1000000015
39  -10.108  -86.018  -8.550 0.1000000015
1446  -10.519  -83.418  -11.898 0.2000000030
441  -10.520  -84.783  -10.387 0.1000000015
442  -10.999  -84.348  -10.249 0.1000000015
1459  -10.756  -82.976  -12.319 0.2000000030
25  -10.845  -86.487  -7.306 0.1000000015
41  -11.090  -85.534  -8.318 0.1000000015
1424  -10.893  -83.380  -11.420 0.2000000030
1024  -11.073  -83.623  -10.808 0.1000000015
211  -10.805  -85.184  -9.310 0.1000000015
702  -11.233  -83.921  -10.327 0.1000000015
418  -11.532  -84.556  -9.552 0.1000000015
1404  -12.260  -83.101  -10.723 0.1000000015
20  -11.582  -86.512  -6.641 0.1000000015
212  -11.521  -85.022  -8.849 0.1000000015
1917  -11.952  -82.424  -12.019 0.2000000030
1867  -11.666  -82.943  -11.228 0.2000000030
2450  -12.469  -82.272  -12.859 0.2000000030
1890  -12.492  -82.502  -11.661 0.2000000030
1516  -14.156  -82.900  -15.118 0.2000000030
1891  -13.314  -82.750  -11.653 0.2000000030
419  -12.171  -84.329  -9.289 0.1000000015
1405  -12.907  -83.120  -10.715 0.1000000015
1971  -13.872  -82.623  -14.565 0.2000000030
1918  -13.304  -82.538  -12.010 0.2000000030
671  -12.603  -83.878  -9.524 0.1000000015
213  -12.538  -84.636  -8.650 0.1000000015
2452  -13.674  -82.212  -13.219 0.2000000030
1447  -14.093  -82.967  -12.148 0.2000000030
1984  -15.110  -82.300  -14.955 0.3000000119
2474  -14.459  -82.231  -13.783 0.2000000030
199  -12.968  -85.011  -8.071 0.1000000015
703  -13.325  -83.630  -10.375 0.1000000015
716  -14.337  -84.227  -11.500 0.1000000015
1045  -13.788  -83.622  -11.231 0.2000000030
1064  -14.382  -83.767  -12.036 0.2000000030
1954  -15.252  -82.675  -13.679 0.3000000119
1114  -16.522  -82.916  -14.918 0.3000000119
433  -13.475  -83.951  -9.701 0.1000000015
214  -13.284  -84.544  -8.633 0.1000000015
688  -13.827  -84.006  -10.284 0.1000000015
10041  -12.442  -74.793  -26.267 0.3000000119
10055  -12.341  -74.753  -27.053 0.3000000119
10070  -13.740  -73.854  -27.232 0.3000000119
46444  -15.372  -49.969  -2.093 0.1000000015
49075  -16.730  -48.428  -4.112 0.1000000015
51549  -17.460  -46.507  -4.078 0.1000000015
52934  -17.532  -45.979  -3.837 0.1000000015
52975  -17.939  -46.321  -5.062 0.1000000015
54328  -17.395  -45.445  -4.202 0.1000000015
55661  -19.475  -44.691  -3.563 0.1000000015
54330  -18.554  -45.562  -4.675 0.1000000015
503  -6.324  -84.644  -13.951 0.2000000030
479  -8.132  -84.681  -13.119 0.2000000030
1932  -11.153  -82.725  -12.699 0.2000000030
2491  -14.070  -82.305  -14.253 0.2000000030
798  -16.740  -83.071  -15.549 0.3000000119
1537  -15.759  -82.638  -15.564 0.3000000119
46405  -13.458  -49.965  -1.388 0.1000000015
50276  -17.446  -47.936  -3.703 0.1000000015
51592  -17.528  -46.856  -5.134 0.1000000015
55675  -18.013  -44.984  -4.387 0.1000000015
1092  -3.367  -84.284  -14.486 0.2000000030
758  -3.613  -84.958  -14.212 0.2000000030
488  -3.260  -85.582  -13.623 0.2000000030
1440  -4.121  -83.716  -12.559 0.2000000030
490  -4.477  -85.192  -13.671 0.2000000030
491  -5.052  -85.028  -14.144 0.2000000030
279  -6.053  -85.015  -13.690 0.2000000030
266  -7.098  -85.353  -12.792 0.2000000030
1043  -10.589  -83.964  -10.868 0.2000000030
1008  -12.111  -83.658  -10.144 0.1000000015
1935  -14.070  -82.464  -12.858 0.2000000030
1448  -14.676  -83.262  -12.557 0.2000000030
1973  -15.432  -82.348  -14.277 0.3000000119
52960  -17.432  -46.117  -4.355 0.1000000015
1469  -0.419  -83.256  -13.030 0.2000000030
1470  -0.948  -83.267  -13.585 0.2000000030
1068  -0.988  -83.442  -12.752 0.2000000030
1067  -0.698  -82.958  -12.351 0.2000000030
1418  -1.022  -82.366  -11.006 0.2000000030
1052  -0.503  -82.596  -11.768 0.2000000030
332  -4.409  -85.490  -3.540 0.1000000015
10083  -13.193  -73.915  -28.083 0.2000000030
10071  -14.482  -73.939  -27.186 0.2000000030
10996  -14.358  -73.701  -28.108 0.2000000030
11910  -16.112  -73.335  -28.247 0.2000000030
11000  -17.499  -73.305  -28.215 0.2000000030
7447  -7.108  -76.448  -19.326 0.1000000015
6608  -8.315  -77.389  -18.574 0.2000000030
5818  -8.511  -78.131  -18.885 0.2000000030
5837  -9.652  -78.362  -19.673 0.2000000030
5865  -10.261  -78.337  -21.012 0.2000000030
6642  -10.294  -77.711  -20.245 0.2000000030
6684  -11.356  -76.676  -23.165 0.2000000030
7521  -11.613  -76.030  -23.020 0.2000000030
9181  -11.987  -75.297  -24.617 0.2000000030
9194  -12.161  -75.185  -25.466 0.2000000030
9182  -12.393  -74.765  -24.638 0.2000000030
10057  -13.357  -73.985  -26.687 0.2000000030
10043  -13.627  -73.850  -25.899 0.2000000030
10058  -14.052  -73.902  -26.547 0.1000000015
10059  -14.831  -74.049  -26.447 0.1000000015
10045  -15.086  -74.088  -25.704 0.1000000015
10085  -15.523  -73.892  -27.630 0.1000000015
10984  -16.548  -73.870  -27.591 0.2000000030
10971  -17.945  -74.030  -26.800 0.1000000015
10986  -18.164  -73.666  -27.398 0.1000000015
6643  -10.732  -77.335  -20.618 0.2000000030
5116  -9.585  -79.036  -20.457 0.2000000030
15513  -2.483  -69.172  -17.908 0.1000000015
16474  -3.314  -68.246  -17.636 0.1000000015
14587  -1.796  -69.875  -18.277 0.1000000015
15492  -4.119  -69.265  -17.455 0.1000000015
13608  -3.311  -70.807  -17.413 0.1000000015
14566  -3.802  -70.065  -17.360 0.1000000015
17498  -1.950  -68.263  -18.288 0.1000000015
16500  -1.591  -68.688  -18.606 0.1000000015
12637  -4.053  -72.042  -17.949 0.1000000015
13609  -4.245  -70.963  -17.637 0.1000000015
12659  -5.043  -71.467  -18.800 0.1000000015
32465  0.143  -57.412  -0.882 0.1000000015
32487  0.245  -57.009  -1.566 0.1000000015
31200  -1.011  -58.336  -1.718 0.1000000015
33756  0.030  -56.936  -0.433 0.1000000015
32466  -0.662  -57.561  -0.883 0.1000000015
33776  -0.987  -57.078  -0.665 0.1000000015
31173  -1.060  -58.070  -1.165 0.1000000015
33777  -1.637  -57.028  -0.744 0.1000000015
29882  -2.296  -58.765  -1.004 0.1000000015
35087  -1.233  -56.465  -0.637 0.1000000015
33791  -2.024  -56.794  -0.935 0.1000000015
32489  -2.699  -57.738  -1.084 0.1000000015
35067  -0.381  -56.472  -0.468 0.1000000015
33804  -2.845  -56.889  -1.591 0.1000000015
32490  -3.214  -57.827  -1.433 0.1000000015
29912  -2.785  -59.085  -1.275 0.1000000015
36391  -0.347  -55.828  -0.386 0.1000000015
20283  -2.603  -65.162  13.961 0.1000000015
21530  -1.788  -64.623  13.982 0.1000000015
21544  -2.454  -64.492  13.019 0.1000000015
21557  -1.471  -63.928  13.176 0.1000000015
21558  -1.987  -64.053  12.777 0.1000000015
22867  -1.574  -63.359  11.914 0.1000000015
22868  -2.121  -63.496  11.283 0.1000000015
24234  -1.450  -62.882  11.325 0.1000000015
25563  -1.305  -61.884  11.001 0.1000000015
58783  -20.172  -42.072  -10.622 0.1000000015
51653  -9.173  -46.624  -7.481 0.1000000015
58782  -19.539  -42.202  -10.841 0.1000000015
53015  -9.362  -46.324  -7.086 0.1000000015
60209  -18.353  -41.862  -11.260 0.1000000015
61579  -19.117  -40.899  -11.378 0.1000000015
62961  -19.557  -39.996  -11.171 0.1000000015
53042  -9.902  -46.500  -8.007 0.1000000015
64233  -19.407  -39.296  -11.310 0.1000000015
64213  -19.977  -39.375  -10.925 0.1000000015
61603  -18.034  -40.753  -11.680 0.1000000015
61604  -18.727  -40.626  -11.544 0.1000000015
61605  -19.213  -40.452  -11.361 0.1000000015
51684  -9.459  -46.648  -8.254 0.1000000015
61578  -16.999  -41.652  -11.143 0.1000000015
51683  -8.730  -46.737  -8.250 0.1000000015
51717  -9.063  -46.573  -8.912 0.1000000015
53113  -9.091  -45.685  -9.996 0.1000000015
54460  -10.281  -45.164  -10.153 0.1000000015
55770  -11.933  -44.763  -9.314 0.1000000015
64232  -18.773  -39.244  -11.598 0.1000000015
65529  -19.215  -38.569  -11.392 0.1000000015
61602  -17.182  -41.110  -11.540 0.1000000015
62959  -18.355  -39.969  -11.721 0.1000000015
64231  -18.019  -39.179  -11.875 0.1000000015
61601  -16.275  -40.976  -11.648 0.1000000015
62957  -16.737  -40.352  -11.968 0.1000000015
64230  -17.593  -39.481  -11.998 0.1000000015
58778  -10.165  -42.573  -10.274 0.1000000015
58751  -11.084  -42.860  -10.095 0.1000000015
61599  -14.725  -40.694  -11.647 0.1000000015
68035  -18.609  -36.971  -11.584 0.1000000015
66792  -17.670  -37.780  -12.215 0.1000000015
66771  -18.562  -37.774  -11.666 0.1000000015
60199  -10.605  -41.789  -10.422 0.1000000015
60200  -11.332  -41.514  -10.332 0.1000000015
64254  -15.254  -39.402  -12.572 0.1000000015
64256  -16.788  -39.146  -12.455 0.1000000015
62977  -15.770  -39.853  -12.409 0.1000000015
61571  -11.671  -40.952  -10.507 0.1000000015
65550  -15.705  -38.759  -12.893 0.1000000015
65525  -13.322  -38.619  -11.882 0.1000000015
28605  -2.065  -60.135  -2.694 0.1000000015
32505  0.439  -57.406  -2.159 0.2000000030
29910  -1.299  -58.998  -1.671 0.1000000015
11920  -15.817  -73.167  -28.621 0.3000000119
58781  -18.867  -42.249  -10.997 0.1000000015
60181  -15.867  -42.008  -9.968 0.1000000015
60208  -17.512  -41.996  -11.083 0.1000000015
60206  -16.162  -41.837  -10.639 0.1000000015
61575  -15.007  -41.258  -11.207 0.1000000015
55809  -11.558  -44.408  -9.881 0.1000000015
64253  -14.578  -39.186  -12.446 0.1000000015
60175  -11.219  -42.174  -10.122 0.1000000015
8366  -11.646  -75.932  -24.706 0.2000000030
5866  -10.627  -77.928  -21.419 0.2000000030
6657  -11.123  -76.997  -21.620 0.2000000030
58761  -20.800  -42.321  -10.329 0.1000000015
10062  -17.355  -74.302  -26.649 0.1000000015
10997  -14.960  -73.820  -27.802 0.2000000030
10027  -12.696  -74.521  -25.352 0.1000000015
7506  -11.681  -75.862  -22.203 0.2000000030
10028  -13.234  -73.977  -25.200 0.1000000015
10044  -14.346  -73.838  -25.804 0.1000000015
10060  -15.827  -74.362  -26.329 0.1000000015
9209  -16.701  -74.622  -25.810 0.1000000015
60212  -20.553  -41.542  -10.498 0.1000000015
61580  -19.638  -40.771  -11.113 0.1000000015
60226  -18.498  -41.229  -11.491 0.1000000015
55808  -10.505  -44.440  -10.276 0.1000000015
65528  -18.625  -38.492  -11.687 0.1000000015
68021  -19.284  -37.056  -11.215 0.1000000015
62958  -17.546  -40.029  -11.910 0.1000000015
62978  -16.406  -39.809  -12.323 0.1000000015
61600  -15.475  -40.868  -11.701 0.1000000015
64257  -17.440  -39.110  -12.159 0.1000000015
58750  -10.591  -42.899  -10.185 0.1000000015
64255  -16.072  -39.259  -12.616 0.1000000015
672  -15.976  -83.803  -10.163 0.1000000015
690  -16.059  -84.029  -10.608 0.1000000015
1030  -16.652  -83.625  -11.474 0.1000000015
706  -16.791  -84.101  -11.351 0.1000000015
236  -15.862  -84.682  -11.163 0.1000000015
9214  -21.994  -74.974  -25.601 0.1000000015
9215  -22.420  -75.043  -26.141 0.1000000015
8408  -22.922  -75.703  -25.951 0.1000000015
8424  -23.313  -75.343  -26.633 0.1000000015
707  -17.440  -83.850  -11.637 0.2000000030
705  -16.232  -83.774  -10.943 0.1000000015
446  -17.664  -84.116  -11.763 0.2000000030
457  -17.234  -84.417  -11.903 0.2000000030
8392  -22.500  -75.509  -25.312 0.1000000015
8375  -22.406  -75.863  -24.471 0.2000000030
7556  -22.467  -76.394  -24.012 0.1000000015
6689  -22.177  -77.227  -23.059 0.2000000030
6701  -22.379  -77.490  -23.724 0.1000000015
5918  -22.941  -77.905  -24.463 0.1000000015
7569  -23.943  -76.310  -25.329 0.1000000015
708  -18.285  -83.781  -11.411 0.2000000030
709  -18.706  -83.829  -11.266 0.2000000030
449  -19.447  -83.787  -11.116 0.2000000030
459  -18.633  -84.178  -11.821 0.2000000030
460  -19.233  -84.023  -11.609 0.2000000030
6650  -21.730  -77.164  -20.813 0.2000000030
6677  -21.985  -76.990  -22.458 0.2000000030
5893  -22.146  -77.851  -23.172 0.1000000015
5904  -22.264  -78.116  -23.650 0.1000000015
7558  -24.123  -76.336  -24.470 0.1000000015
5919  -23.545  -77.813  -24.440 0.1000000015
711  -20.239  -83.420  -11.100 0.2000000030
1065  -14.886  -83.818  -12.555 0.2000000030
481  -15.423  -84.517  -12.388 0.2000000030
257  -15.042  -85.120  -11.977 0.2000000030
244  -15.391  -84.885  -11.745 0.2000000030
1034  -20.619  -82.929  -10.783 0.1000000015
1461  -15.481  -83.453  -13.194 0.2000000030
740  -15.576  -83.856  -12.913 0.2000000030
483  -16.143  -84.758  -12.938 0.2000000030
259  -15.869  -85.037  -12.190 0.2000000030
248  -17.461  -84.504  -11.995 0.2000000030
717  -19.866  -83.653  -11.516 0.2000000030
1873  -20.470  -82.264  -11.373 0.2000000030
2416  -21.145  -81.565  -11.493 0.1000000015
1049  -20.133  -83.142  -11.451 0.2000000030
2996  -21.486  -81.436  -12.453 0.1000000015
2457  -21.599  -81.901  -13.010 0.1000000015
2478  -21.434  -82.267  -13.609 0.1000000015
5121  -21.820  -78.545  -20.034 0.2000000030
5871  -21.898  -77.902  -21.317 0.2000000030
5882  -22.022  -77.780  -22.361 0.2000000030
5147  -21.899  -78.777  -21.796 0.1000000015
5159  -22.076  -78.574  -22.944 0.1000000015
5185  -23.129  -78.402  -24.159 0.1000000015
1411  -20.872  -82.467  -10.925 0.1000000015
2417  -21.987  -81.999  -11.816 0.1000000015
1481  -16.131  -82.901  -14.185 0.2000000030
751  -16.511  -83.743  -13.418 0.2000000030
486  -17.743  -84.555  -12.720 0.2000000030
1450  -19.741  -82.691  -12.200 0.2000000030
487  -18.521  -84.353  -12.866 0.2000000030
2495  -20.977  -81.727  -14.840 0.1000000015
1989  -20.986  -82.091  -15.575 0.1000000015
2001  -21.333  -82.314  -16.459 0.1000000015
5792  -19.779  -77.539  -17.007 0.2000000030
4411  -21.786  -79.164  -20.195 0.1000000015
5135  -21.822  -78.650  -20.789 0.1000000015
2395  -21.531  -81.805  -11.266 0.1000000015
753  -17.676  -83.899  -13.730 0.2000000030
497  -17.387  -84.299  -13.201 0.2000000030
499  -18.387  -84.211  -13.171 0.2000000030
1925  -22.147  -82.522  -12.647 0.1000000015
772  -17.405  -83.530  -14.244 0.2000000030
743  -19.476  -83.790  -12.525 0.2000000030
1940  -21.757  -82.763  -13.390 0.1000000015
786  -17.827  -83.245  -14.905 0.2000000030
1107  -18.300  -83.312  -14.407 0.2000000030
1523  -18.229  -82.797  -14.751 0.2000000030
1510  -22.607  -83.185  -14.877 0.1000000015
1522  -18.144  -82.306  -15.224 0.2000000030
2502  -18.341  -81.335  -15.507 0.2000000030
3618  -18.419  -80.447  -14.449 0.2000000030
2973  -20.755  -81.047  -12.128 0.2000000030
3007  -21.242  -81.283  -13.244 0.2000000030
4286  -18.256  -79.809  -15.010 0.2000000030
5031  -20.002  -78.739  -15.358 0.2000000030
2012  -21.367  -82.113  -17.267 0.1000000015
5047  -20.272  -78.474  -15.944 0.2000000030
5048  -20.651  -78.691  -16.334 0.2000000030
4320  -20.900  -79.405  -16.647 0.2000000030
2530  -20.940  -81.664  -17.212 0.1000000015
4377  -21.530  -79.462  -18.566 0.2000000030
4410  -21.784  -79.780  -20.230 0.1000000015
4425  -21.806  -79.456  -20.934 0.1000000015
4438  -21.954  -79.586  -21.665 0.1000000015
4451  -22.108  -79.357  -22.430 0.1000000015
774  -18.419  -83.550  -13.930 0.2000000030
1924  -19.829  -82.037  -12.097 0.2000000030
1485  -21.848  -83.252  -14.082 0.1000000015
1076  -19.303  -83.302  -13.004 0.2000000030
2415  -20.463  -81.351  -11.838 0.2000000030
1484  -21.439  -82.875  -14.421 0.1000000015
1525  -21.867  -83.085  -15.480 0.1000000015
1507  -18.509  -82.780  -14.308 0.2000000030
1483  -18.764  -82.764  -13.764 0.2000000030
1938  -18.881  -81.879  -13.497 0.2000000030
1976  -18.422  -81.882  -14.694 0.2000000030
2476  -18.631  -81.469  -14.051 0.3000000119
3619  -18.750  -80.429  -13.887 0.2000000030
3597  -19.410  -80.455  -13.097 0.2000000030
4258  -20.060  -79.820  -13.618 0.2000000030
3027  -21.077  -81.250  -14.074 0.1000000015
4271  -19.347  -79.556  -13.951 0.2000000030
4288  -19.663  -79.380  -14.249 0.2000000030
4290  -20.371  -79.599  -14.932 0.2000000030
3637  -20.583  -80.065  -14.838 0.2000000030
2503  -20.756  -81.432  -15.478 0.1000000015
2036  -22.318  -82.318  -17.753 0.1000000015
3655  -20.644  -80.308  -15.503 0.2000000030
3667  -20.741  -80.250  -16.289 0.2000000030
2517  -20.724  -81.494  -16.259 0.1000000015
2550  -21.206  -81.628  -17.895 0.1000000015
3732  -21.543  -80.138  -18.973 0.1000000015
1923  -19.386  -82.179  -12.669 0.2000000030
2993  -19.562  -80.960  -12.641 0.2000000030
1541  -21.711  -82.833  -16.006 0.1000000015
1543  -22.361  -82.834  -15.853 0.1000000015
2004  -23.315  -82.314  -16.270 0.1000000015
3578  -19.906  -80.502  -12.686 0.2000000030
3599  -20.854  -80.572  -13.429 0.2000000030
3621  -20.774  -80.529  -14.260 0.2000000030
2037  -22.915  -82.140  -17.482 0.1000000015
3044  -20.755  -80.889  -14.962 0.2000000030
3061  -20.665  -80.876  -15.799 0.2000000030
5885  -2.874  -78.097  -22.903 0.1000000015
5886  -3.572  -77.635  -22.966 0.1000000015
5862  -3.149  -77.852  -21.327 0.1000000015
6639  -4.108  -76.916  -20.767 0.1000000015
52916  -22.802  -45.832  -2.829 0.1000000015
54300  -23.567  -45.054  -3.076 0.1000000015
54310  -23.979  -44.941  -3.428 0.1000000015
57130  -23.469  -44.082  -3.079 0.1000000015
799  -17.155  -83.065  -15.561 0.2000000030
55648  -22.659  -44.454  -2.711 0.1000000015
57143  -23.640  -43.711  -3.396 0.1000000015
3635  -18.281  -80.297  -15.095 0.2000000030
6635  -21.687  -77.441  -20.055 0.2000000030
770  -16.620  -83.200  -14.263 0.2000000030
246  -16.397  -85.128  -11.912 0.2000000030
1088  -16.215  -83.285  -13.764 0.2000000030
270  -16.919  -84.825  -12.041 0.2000000030
2475  -18.487  -81.162  -14.530 0.2000000030
4308  -20.566  -79.443  -15.624 0.2000000030
2014  -22.449  -82.535  -17.017 0.1000000015
2035  -21.645  -82.051  -17.858 0.1000000015
1955  -18.677  -81.974  -13.976 0.2000000030
2455  -19.115  -81.406  -13.088 0.2000000030
3620  -20.404  -79.950  -14.029 0.2000000030
4370  -8.108  -79.341  -19.427 0.1000000015
5087  -8.705  -78.856  -19.456 0.1000000015
4388  -8.540  -79.756  -19.984 0.1000000015
5085  -7.179  -78.683  -18.882 0.1000000015
5086  -7.966  -78.758  -19.020 0.1000000015
3708  -7.004  -79.968  -19.322 0.1000000015
6610  -9.761  -77.303  -19.058 0.1000000015
4385  -5.260  -79.749  -20.066 0.1000000015
5816  -6.907  -77.784  -18.974 0.1000000015
5100  -5.799  -78.453  -19.885 0.1000000015
6588  -8.813  -76.871  -18.426 0.1000000015
6628  -10.452  -77.278  -19.833 0.1000000015
6590  -9.725  -76.837  -18.711 0.1000000015
5834  -6.171  -77.582  -19.914 0.1000000015
7465  -11.411  -76.241  -19.979 0.1000000015
5113  -5.304  -79.314  -20.931 0.1000000015
3764  -5.055  -80.581  -22.020 0.1000000015
30021  -1.045  -59.025  -5.545 0.1000000015
30049  -1.837  -59.109  -6.307 0.1000000015
30004  -1.466  -59.081  -5.071 0.1000000015
29981  -1.099  -58.350  -3.750 0.1000000015
28688  -1.909  -59.397  -5.350 0.1000000015
30050  -2.286  -59.545  -6.254 0.1000000015
28689  -2.403  -59.890  -5.438 0.1000000015
29956  -1.091  -58.361  -2.935 0.1000000015
29982  -1.494  -59.063  -4.209 0.1000000015
28632  -1.996  -59.871  -3.761 0.1000000015
31223  -0.720  -57.895  -2.369 0.1000000015
9162  -12.274  -74.783  -22.535 0.1000000015
2358  -4.069  -82.058  -9.326 0.1000000015
1853  -3.379  -82.674  -9.548 0.1000000015
1852  -3.037  -82.666  -9.686 0.1000000015
1850  -2.088  -82.589  -9.958 0.1000000015
1398  -1.191  -82.710  -10.171 0.1000000015
4174  -6.840  -79.455  -9.252 0.1000000015
4184  -6.252  -79.887  -10.299 0.1000000015
3552  -6.452  -80.249  -11.548 0.1000000015
3569  -6.276  -80.717  -12.105 0.1000000015
4166  -6.747  -79.477  -8.410 0.1000000015
3535  -6.013  -80.064  -10.866 0.1000000015
3551  -5.717  -80.379  -11.555 0.1000000015
2985  -5.337  -81.559  -12.452 0.1000000015
2427  -5.451  -82.281  -12.570 0.1000000015
1911  -5.929  -82.746  -12.485 0.1000000015
4173  -6.170  -80.078  -9.439 0.1000000015
3534  -5.257  -80.331  -10.757 0.1000000015
1441  -5.022  -83.615  -12.481 0.1000000015
3567  -5.036  -81.031  -12.186 0.1000000015
2426  -4.778  -82.144  -12.487 0.1000000015
463  -5.556  -84.963  -12.457 0.1000000015
2373  -2.028  -82.115  -10.139 0.1000000015
4201  -6.794  -79.732  -10.765 0.1000000015
3553  -7.169  -80.033  -11.458 0.1000000015
2428  -6.000  -82.073  -12.553 0.1000000015
1060  -6.038  -84.026  -12.016 0.1000000015
2987  -6.832  -81.260  -12.363 0.1000000015
450  -5.887  -85.111  -11.995 0.1000000015
2966  -4.159  -80.953  -11.725 0.1000000015
2425  -3.839  -81.967  -12.223 0.1000000015
1909  -4.389  -82.896  -12.515 0.1000000015
1908  -3.447  -82.990  -12.413 0.1000000015
252  -6.997  -85.596  -12.242 0.1000000015
1368  -3.599  -83.373  -9.275 0.1000000015
1384  -2.760  -83.398  -9.808 0.1000000015
1382  -1.907  -83.104  -9.977 0.1000000015
1011  -18.636  -83.453  -10.721 0.1000000015
1437  -2.222  -83.202  -12.349 0.1000000015
254  -8.256  -85.298  -12.202 0.1000000015
255  -8.780  -85.032  -11.892 0.1000000015
1906  -2.076  -82.488  -11.995 0.1000000015
2423  -2.441  -82.201  -11.936 0.1000000015
1069  -1.501  -83.855  -13.015 0.1000000015
2936  -4.961  -81.180  -9.424 0.1000000015
1436  -1.670  -82.776  -12.091 0.1000000015
680  -2.227  -84.517  -9.624 0.1000000015
729  -14.628  -84.243  -12.055 0.1000000015
3319  -1.979  -80.395  1.925 0.1000000015
4008  -2.086  -79.839  1.194 0.1000000015
2732  -1.952  -81.033  2.693 0.1000000015
3332  -1.873  -81.195  0.419 0.1000000015
3959  -2.374  -79.545  4.353 0.1000000015
2722  -2.118  -80.873  3.794 0.1000000015
2163  -1.908  -81.628  4.247 0.1000000015
4692  -2.440  -79.092  5.741 0.1000000015
3283  -2.339  -80.347  4.565 0.1000000015
2706  -2.111  -81.255  5.512 0.1000000015
3947  -2.346  -80.051  6.108 0.1000000015
9347  2.469  -74.298  14.486 0.1000000015
9348  2.306  -74.182  13.964 0.1000000015
10258  2.457  -73.589  14.966 0.1000000015
11231  1.948  -72.839  14.376 0.1000000015
2360  -4.680  -82.249  -8.524 0.1000000015
2933  -3.178  -81.331  -10.028 0.1000000015
2932  -2.584  -81.485  -10.229 0.1000000015
3549  -4.036  -80.610  -11.137 0.1000000015
11218  2.147  -72.626  15.028 0.1000000015
719  -1.946  -84.150  -12.846 0.1000000015
720  -2.220  -84.288  -12.773 0.1000000015
1438  -2.834  -83.541  -12.422 0.1000000015
724  -5.547  -84.575  -12.081 0.1000000015
251  -6.345  -85.274  -12.236 0.1000000015
2377  -4.113  -81.659  -9.452 0.1000000015
3533  -4.551  -80.508  -10.625 0.1000000015
2402  -1.972  -81.658  -11.009 0.1000000015
2405  -3.611  -81.457  -11.922 0.1000000015
2424  -2.986  -82.154  -12.075 0.1000000015
2964  -2.972  -81.146  -11.250 0.1000000015
2963  -2.647  -81.266  -11.059 0.1000000015
26  -11.486  -86.193  -7.286 0.1000000015
27  -12.187  -86.287  -6.865 0.1000000015
32  -10.793  -86.008  -7.944 0.1000000015
40  -10.510  -85.741  -8.714 0.1000000015
46  -10.318  -85.476  -9.368 0.1000000015
47  -10.819  -85.377  -8.889 0.1000000015
53  -10.042  -85.423  -9.906 0.1000000015
59  -10.025  -85.296  -10.134 0.1000000015
74  0.068  -84.991  -2.903 0.8000000119
75  -0.300  -85.039  -2.983 0.8999999762
76  -0.728  -85.115  -3.131 0.5000000000
77  -1.069  -85.029  -3.373 0.6000000238
83  0.100  -85.006  -3.037 0.8999999762
84  -0.314  -85.153  -3.435 0.8999999762
85  -0.831  -85.189  -3.606 0.6000000238
93  -0.364  -85.129  -4.219 0.8999999762
94  -0.592  -85.195  -3.931 0.8999999762
95  -1.023  -85.216  -4.081 0.6000000238
96  -1.503  -85.202  -4.160 0.3000000119
97  -1.817  -85.323  -4.517 0.4000000060
107  -0.504  -85.162  -4.420 0.6999999881
108  -0.749  -85.226  -4.393 0.6999999881
111  -2.122  -85.532  -4.821 0.4000000060
112  -3.375  -85.632  -4.655 0.3000000119
113  -3.807  -85.792  -4.580 0.2000000030
125  -1.564  -85.414  -5.115 0.4000000060
127  -2.590  -85.750  -5.283 0.4000000060
130  -4.214  -86.002  -4.813 0.2000000030
141  -2.096  -85.421  -6.131 0.1000000015
142  -2.502  -85.640  -5.906 0.4000000060
143  -3.015  -85.832  -5.743 0.4000000060
144  -3.548  -85.959  -5.597 0.2000000030
159  -2.497  -85.397  -6.514 0.1000000015
161  -3.392  -85.752  -6.202 0.1000000015
173  -2.013  -85.227  -7.401 0.1000000015
175  -2.856  -85.383  -6.961 0.1000000015
189  -1.964  -85.232  -7.993 0.1000000015
190  -2.332  -85.267  -7.817 0.1000000015
200  -13.695  -84.885  -8.316 0.1000000015
207  -3.101  -85.257  -7.960 0.1000000015
208  -3.376  -85.252  -7.702 0.1000000015
222  -11.020  -84.920  -9.600 0.1000000015
230  -9.955  -84.945  -10.600 0.1000000015
231  -10.053  -85.148  -10.369 0.1000000015
235  -15.618  -84.827  -11.143 0.2000000030
241  -9.429  -85.060  -11.093 0.1000000015
242  -9.964  -84.967  -10.715 0.1000000015
243  -15.019  -85.040  -11.718 0.2000000030
245  -16.109  -84.911  -11.775 0.2000000030
247  -17.077  -84.634  -11.901 0.2000000030
249  -4.833  -85.039  -12.912 0.2000000030
253  -7.717  -85.568  -12.207 0.1000000015
258  -15.217  -84.906  -11.963 0.2000000030
260  -16.368  -84.975  -11.871 0.2000000030
261  -17.034  -84.800  -12.131 0.2000000030
262  -17.545  -84.550  -12.223 0.2000000030
268  -8.278  -85.028  -12.513 0.2000000030
269  -16.214  -84.743  -12.365 0.2000000030
271  -17.027  -84.567  -12.264 0.2000000030
272  -17.285  -84.541  -12.363 0.2000000030
273  -4.972  -85.063  -13.782 0.2000000030
274  -5.104  -85.137  -13.569 0.2000000030
275  -5.781  -85.113  -13.371 0.2000000030
277  -7.272  -85.025  -13.291 0.2000000030
278  -5.463  -85.059  -13.699 0.2000000030
281  -7.442  -84.633  -13.618 0.2000000030
302  0.040  -84.530  -2.225 0.8000000119
303  -0.443  -84.633  -2.225 0.8000000119
305  -1.019  -84.505  -2.550 0.5000000000
312  -0.117  -84.827  -2.680 0.8000000119
313  -0.606  -84.865  -2.693 0.5000000000
314  -1.042  -84.741  -2.954 0.5000000000
319  0.134  -84.839  -3.218 0.8000000119
320  0.150  -84.974  -3.719 0.8999999762
321  -1.333  -84.903  -3.566 0.6000000238
327  0.092  -84.809  -3.995 0.8999999762
330  -1.955  -85.115  -4.178 0.4000000060
331  -4.004  -85.203  -3.860 0.3000000119
342  -0.818  -85.207  -4.928 0.6000000238
343  -1.109  -85.271  -5.130 0.6000000238
344  -2.408  -85.409  -4.595 0.4000000060
345  -2.930  -85.489  -4.631 0.4000000060
347  -4.001  -85.388  -3.988 0.1000000015
356  -0.172  -84.857  -5.629 0.6999999881
357  -0.493  -85.074  -5.387 0.6999999881
358  -0.943  -85.201  -5.395 0.6999999881
360  -1.719  -85.395  -5.935 0.4000000060
362  -2.912  -85.797  -5.062 0.4000000060
370  -0.156  -84.748  -5.977 0.6999999881
372  -0.865  -85.095  -6.092 0.5000000000
373  -1.424  -85.237  -6.269 0.3000000119
374  -1.791  -85.290  -6.390 0.3000000119
380  -0.835  -84.796  -7.076 0.3000000119
381  -0.901  -84.898  -6.924 0.3000000119
383  -1.627  -85.193  -6.964 0.1000000015
389  -0.749  -84.684  -7.269 0.3000000119
390  -0.922  -84.712  -7.529 0.3000000119
392  -1.665  -85.160  -7.701 0.2000000030
400  -1.112  -84.711  -8.124 0.2000000030
401  -1.456  -85.021  -8.137 0.2000000030
402  -1.731  -85.176  -8.182 0.2000000030
410  -1.329  -84.790  -8.590 0.2000000030
412  -2.133  -85.161  -8.955 0.2000000030
413  -2.569  -85.150  -8.856 0.2000000030
415  -3.568  -85.009  -8.092 0.1000000015
420  -13.245  -84.092  -9.304 0.1000000015
425  -1.465  -84.714  -9.108 0.2000000030
426  -1.884  -84.891  -9.274 0.2000000030
428  -2.652  -84.940  -9.159 0.2000000030
431  -10.779  -84.907  -9.986 0.1000000015
432  -11.082  -84.630  -9.971 0.1000000015
434  -13.815  -84.114  -9.956 0.1000000015
436  -15.983  -84.264  -10.774 0.1000000015
437  -18.945  -83.941  -11.035 0.2000000030
438  -19.224  -83.782  -10.956 0.2000000030
443  -14.367  -84.404  -10.823 0.1000000015
445  -16.440  -83.852  -11.332 0.1000000015
447  -18.390  -84.026  -11.633 0.2000000030
448  -18.781  -83.973  -11.347 0.2000000030
452  -9.650  -84.700  -11.249 0.1000000015
455  -15.016  -84.863  -11.756 0.2000000030
456  -16.475  -84.375  -11.695 0.2000000030
458  -17.904  -84.376  -11.940 0.2000000030
461  -4.038  -85.150  -13.010 0.2000000030
462  -4.664  -84.976  -12.741 0.2000000030
464  -6.230  -85.109  -12.061 0.1000000015
465  -8.536  -85.062  -12.160 0.2000000030
466  -8.983  -84.813  -11.938 0.2000000030
467  -9.398  -84.660  -11.565 0.1000000015
468  -9.770  -84.473  -11.368 0.2000000030
469  -14.739  -84.513  -11.841 0.1000000015
470  -14.959  -84.721  -12.050 0.2000000030
471  -15.612  -84.814  -12.268 0.2000000030
472  -15.963  -85.042  -12.457 0.2000000030
473  -18.252  -84.438  -12.276 0.2000000030
474  -19.062  -84.192  -12.216 0.2000000030
475  -19.446  -83.997  -11.860 0.2000000030
476  -3.345  -85.364  -13.372 0.2000000030
477  -3.996  -85.168  -13.314 0.2000000030
478  -4.442  -85.096  -13.358 0.2000000030
480  -8.457  -84.614  -12.831 0.2000000030
482  -15.802  -84.512  -12.579 0.2000000030
484  -16.531  -84.415  -12.734 0.2000000030
485  -17.046  -84.493  -12.835 0.2000000030
489  -3.667  -85.577  -13.699 0.2000000030
493  -8.404  -84.291  -13.460 0.2000000030
494  -8.889  -84.007  -13.844 0.3000000119
495  -16.237  -84.098  -13.130 0.2000000030
496  -16.692  -84.309  -13.041 0.2000000030
498  -18.066  -84.212  -13.267 0.2000000030
500  -4.005  -85.248  -13.979 0.2000000030
501  -4.712  -85.005  -14.236 0.2000000030
502  -5.436  -84.838  -13.893 0.2000000030
508  -10.095  -83.962  -14.322 0.3000000119
509  -7.707  -84.084  -14.268 0.5000000000
511  -8.857  -84.037  -14.069 0.5000000000
515  -11.632  -84.276  -15.465 0.6000000238
517  -12.664  -84.284  -15.983 0.6000000238
518  -8.134  -84.150  -14.975 0.5000000000
519  -8.714  -84.003  -14.619 0.5000000000
522  -11.183  -84.033  -15.358 0.5000000000
526  -13.455  -83.850  -16.374 0.6000000238
527  -12.936  -84.051  -16.490 0.6999999881
528  -13.414  -83.911  -16.632 0.6000000238
529  -13.676  -83.834  -16.603 0.6000000238
541  0.084  -83.101  1.167 0.6999999881
542  -0.180  -82.997  1.250 0.6999999881
543  -0.735  -83.324  1.241 0.6000000238
550  0.078  -83.156  0.750 0.6999999881
552  -0.544  -83.349  0.850 0.6999999881
553  -1.066  -83.368  1.038 0.6000000238
557  0.038  -83.246  0.523 0.6999999881
558  -0.283  -83.356  0.316 0.6999999881
559  -0.802  -83.465  0.409 0.6000000238
560  -0.989  -83.807  0.851 0.6000000238
566  -0.548  -83.463  0.056 0.6999999881
572  -0.266  -84.390  -1.759 0.6999999881
574  -1.066  -84.344  -2.255 0.5000000000
578  0.242  -84.379  -2.485 0.8999999762
580  -1.194  -84.445  -2.718 0.3000000119
583  0.345  -84.329  -3.365 0.8999999762
584  0.369  -83.833  -3.188 0.8999999762
585  -1.618  -84.471  -3.308 0.3000000119
586  -2.064  -84.189  -3.356 0.2000000030
587  -4.328  -84.577  -2.919 0.3000000119
593  0.296  -84.381  -4.017 0.8999999762
595  -2.045  -84.558  -3.696 0.3000000119
598  -3.662  -84.775  -3.782 0.2000000030
607  0.247  -84.264  -5.359 1.0000000000
609  0.267  -83.953  -4.222 0.8999999762
610  -2.506  -85.105  -4.293 0.2000000030
611  -2.951  -84.971  -4.165 0.2000000030
612  -3.323  -84.893  -4.041 0.2000000030
620  0.081  -84.522  -5.712 0.8999999762
621  -0.079  -84.837  -5.189 0.6999999881
628  -0.080  -84.577  -6.406 0.6999999881
629  -0.313  -84.822  -6.238 0.6000000238
630  -0.540  -85.037  -6.064 0.6000000238
636  0.067  -84.326  -7.104 0.6000000238
638  -0.657  -84.937  -6.487 0.6000000238
646  -0.123  -84.278  -7.649 0.3000000119
648  -0.846  -84.618  -7.722 0.3000000119
655  -0.118  -84.103  -8.176 0.3000000119
656  -0.418  -84.247  -8.253 0.3000000119
657  -0.799  -84.554  -7.976 0.2000000030
663  -0.527  -84.100  -8.651 0.3000000119
664  -0.812  -84.368  -8.583 0.2000000030
669  -11.847  -84.275  -9.623 0.1000000015
670  -12.104  -84.059  -9.648 0.1000000015
673  -15.890  -83.971  -9.689 0.1000000015
675  -20.168  -83.365  -10.268 0.2000000030
676  -0.583  -83.936  -8.985 0.3000000119
677  -0.900  -84.054  -9.173 0.2000000030
678  -1.253  -84.270  -9.346 0.2000000030
679  -1.705  -84.301  -9.616 0.2000000030
681  -2.776  -84.607  -9.370 0.1000000015
685  -11.628  -84.106  -9.934 0.1000000015
686  -12.395  -83.766  -9.857 0.1000000015
687  -13.285  -83.791  -9.941 0.1000000015
689  -16.052  -83.801  -10.519 0.1000000015
691  -18.703  -83.715  -11.065 0.2000000030
692  -19.033  -83.715  -10.860 0.1000000015
693  -19.665  -83.537  -10.533 0.2000000030
694  -20.077  -83.475  -10.619 0.2000000030
695  -1.018  -83.976  -9.373 0.2000000030
697  -1.423  -83.837  -9.690 0.2000000030
701  -10.643  -84.214  -10.666 0.1000000015
704  -13.764  -83.851  -10.711 0.1000000015
710  -19.853  -83.602  -10.957 0.2000000030
712  -5.953  -84.657  -11.894 0.1000000015
715  -10.298  -84.227  -10.989 0.2000000030
718  -20.071  -83.615  -11.122 0.2000000030
721  -2.578  -84.385  -12.725 0.1000000015
723  -4.734  -84.692  -12.758 0.2000000030
728  -10.086  -84.144  -11.325 0.2000000030
730  -14.807  -84.224  -12.227 0.1000000015
731  -19.332  -84.042  -12.405 0.2000000030
732  -19.551  -83.765  -12.160 0.2000000030
733  -1.805  -84.041  -12.997 0.1000000015
734  -2.186  -84.297  -13.116 0.1000000015
737  -8.920  -84.196  -12.759 0.2000000030
738  -9.212  -83.989  -12.515 0.2000000030
739  -15.106  -84.207  -12.498 0.2000000030
741  -15.959  -84.032  -13.070 0.2000000030
742  -19.211  -83.901  -12.799 0.2000000030
744  -1.873  -84.059  -13.306 0.1000000015
745  -2.450  -84.464  -13.656 0.2000000030
746  -3.192  -85.153  -13.743 0.2000000030
747  -3.559  -85.397  -14.020 0.2000000030
748  -8.860  -83.997  -13.454 0.3000000119
750  -16.031  -83.760  -13.228 0.2000000030
752  -17.122  -83.847  -13.563 0.2000000030
754  -18.120  -83.791  -13.692 0.2000000030
755  -18.534  -83.949  -13.351 0.2000000030
760  -4.906  -84.623  -14.103 0.2000000030
763  -8.987  -83.928  -13.690 0.3000000119
764  -9.436  -83.905  -14.026 0.3000000119
767  -11.655  -84.036  -14.632 0.3000000119
768  -12.258  -84.160  -14.889 0.4000000060
771  -17.067  -83.539  -14.023 0.2000000030
773  -17.926  -83.468  -14.350 0.2000000030
775  -7.398  -84.028  -14.283 0.5000000000
777  -10.488  -83.925  -14.445 0.4000000060
780  -12.335  -84.342  -15.470 0.6000000238
781  -13.155  -83.939  -15.811 0.6000000238
783  -16.738  -83.097  -14.994 0.3000000119
784  -17.118  -83.255  -14.899 0.2000000030
785  -17.547  -83.335  -14.910 0.2000000030
787  -8.440  -83.907  -14.928 0.6000000238
790  -10.678  -83.792  -15.546 0.8000000119
792  -11.751  -83.953  -16.119 0.8000000119
793  -11.890  -84.138  -16.134 0.8000000119
794  -13.390  -83.918  -16.122 0.6000000238
796  -14.175  -83.672  -16.602 0.6999999881
797  -16.572  -82.998  -15.866 0.3000000119
801  -12.593  -83.977  -16.577 0.6999999881
802  -13.276  -83.980  -17.082 0.8000000119
805  -16.528  -82.981  -15.984 0.3000000119
806  -16.979  -82.909  -16.324 0.5000000000
808  -13.892  -83.657  -18.057 0.8999999762
813  -6.243  -84.338  -20.218 0.6000000238
814  -6.579  -84.384  -20.193 0.5000000000
815  -7.225  -84.428  -20.118 0.5000000000
816  -8.018  -84.462  -20.000 0.6999999881
817  -8.435  -84.308  -20.118 0.6999999881
818  -14.983  -83.790  -19.606 0.8999999762
819  -15.254  -83.938  -19.639 0.8999999762
820  -6.260  -84.211  -20.404 0.5000000000
821  -6.479  -84.212  -20.477 0.5000000000
823  -7.644  -84.429  -20.557 0.5000000000
826  -15.095  -83.981  -19.708 0.8999999762
827  -15.463  -83.837  -19.733 0.8999999762
828  -16.044  -83.567  -20.569 0.8999999762
829  -7.382  -84.278  -20.898 0.5000000000
830  -7.875  -84.290  -21.003 0.6999999881
831  -8.291  -84.205  -21.058 0.6999999881
832  -14.960  -83.777  -19.657 0.8999999762
833  -15.080  -83.624  -19.985 0.8999999762
834  -15.482  -84.189  -20.618 0.8999999762
835  -15.885  -83.787  -20.825 0.8999999762
836  -15.019  -83.770  -20.469 0.8999999762
837  -15.223  -83.772  -20.776 0.8999999762
838  -15.387  -83.959  -20.944 0.8999999762
849  -0.295  -82.603  2.566 0.5000000000
850  -0.561  -82.594  2.724 0.5000000000
851  -0.816  -82.791  2.474 0.6000000238
858  -0.459  -82.817  2.182 0.6000000238
860  -1.194  -83.006  1.922 0.5000000000
865  0.332  -82.671  1.130 0.8000000119
866  -0.014  -82.859  1.458 0.6999999881
867  -0.510  -82.954  1.745 0.6000000238
868  -1.133  -83.265  1.441 0.6000000238
869  -1.240  -83.099  1.713 0.5000000000
873  0.215  -83.053  0.958 0.6999999881
874  0.054  -83.004  1.102 0.6999999881
875  -1.140  -83.376  0.432 0.6000000238
880  0.184  -83.188  0.243 0.8000000119
881  0.055  -83.322  0.061 0.6999999881
882  -1.043  -83.458  0.077 0.6000000238
883  -0.962  -83.528  0.545 0.6000000238
887  0.162  -83.260  -0.007 0.8000000119
888  -0.005  -83.393  -0.208 0.6999999881
889  -0.659  -83.655  -0.388 0.6999999881
890  -1.002  -84.030  -1.051 0.6999999881
893  0.235  -84.184  -1.931 0.8999999762
895  -0.651  -84.227  -1.238 0.6999999881
900  0.358  -84.007  -2.112 0.8999999762
901  0.395  -83.522  -2.322 1.0000000000
910  -1.940  -84.114  -3.147 0.3000000119
912  -3.715  -83.954  -3.152 0.1000000015
920  -2.394  -83.974  -3.301 0.2000000030
921  -2.819  -84.125  -3.489 0.1000000015
922  -3.414  -84.184  -3.479 0.2000000030
923  -3.967  -84.363  -3.317 0.3000000119
929  0.298  -84.119  -5.546 1.0000000000
930  0.242  -84.010  -5.108 1.0000000000
931  0.078  -83.808  -4.477 1.0000000000
940  0.112  -83.886  -4.940 1.0000000000
941  -0.089  -83.743  -4.848 1.0000000000
949  0.237  -84.261  -6.604 0.8999999762
950  -0.332  -85.043  -6.347 0.6000000238
951  -0.559  -85.042  -6.302 0.6000000238
959  0.199  -84.181  -7.245 0.6000000238
960  -0.329  -84.753  -6.471 0.6000000238
961  -0.461  -84.863  -6.397 0.6000000238
968  0.228  -83.998  -7.703 0.6000000238
975  0.103  -83.845  -8.280 0.3000000119
984  0.050  -83.538  -9.070 0.3000000119
985  -0.311  -83.870  -8.808 0.3000000119
991  -15.937  -83.626  -9.655 0.1000000015
998  -0.348  -83.451  -9.407 0.3000000119
999  -0.839  -83.803  -9.130 0.3000000119
1000  -1.815  -83.027  -9.957 0.1000000015
1001  -2.057  -83.407  -9.977 0.2000000030
1002  -2.095  -83.838  -9.864 0.1000000015
1003  -2.567  -84.011  -9.785 0.1000000015
1007  -11.657  -83.813  -10.194 0.1000000015
1009  -12.839  -83.515  -10.186 0.1000000015
1010  -15.950  -83.472  -10.399 0.1000000015
1016  0.052  -83.070  -10.096 0.3000000119
1018  -0.831  -83.094  -9.792 0.2000000030
1020  -1.908  -83.246  -10.080 0.2000000030
1025  -11.757  -83.521  -10.467 0.1000000015
1026  -12.537  -83.347  -10.424 0.1000000015
1027  -13.351  -83.456  -10.721 0.1000000015
1028  -13.648  -83.653  -10.895 0.1000000015
1029  -16.156  -83.341  -11.234 0.1000000015
1031  -17.299  -83.615  -11.582 0.1000000015
1032  -17.984  -83.471  -11.374 0.2000000030
1033  -20.523  -82.803  -11.069 0.1000000015
1037  -0.961  -82.401  -10.840 0.2000000030
1038  -0.909  -82.651  -11.116 0.1000000015
1039  -5.947  -84.418  -11.924 0.1000000015
1044  -13.578  -83.444  -11.029 0.2000000030
1048  -17.125  -83.283  -11.648 0.1000000015
1050  -20.113  -83.364  -11.155 0.2000000030
1051  -0.030  -82.482  -11.562 0.2000000030
1053  -1.085  -82.708  -11.901 0.2000000030
1054  -1.762  -83.592  -12.652 0.1000000015
1055  -2.399  -83.934  -12.548 0.1000000015
1056  -2.981  -84.296  -12.662 0.2000000030
1057  -3.775  -84.500  -12.819 0.2000000030
1059  -5.711  -84.158  -12.064 0.1000000015
1061  -9.656  -83.754  -12.241 0.2000000030
1062  -10.048  -83.790  -11.792 0.2000000030
1063  -10.393  -83.743  -11.491 0.2000000030
1066  -19.784  -83.156  -12.117 0.2000000030
1070  -3.214  -84.619  -12.922 0.2000000030
1071  -3.348  -84.785  -13.059 0.2000000030
1072  -8.983  -83.875  -12.795 0.2000000030
1074  -15.283  -83.804  -12.873 0.2000000030
1075  -15.549  -83.767  -13.069 0.2000000030
1077  -19.537  -83.537  -12.566 0.2000000030
1078  -0.858  -83.530  -13.217 0.2000000030
1079  -1.338  -83.762  -13.404 0.2000000030
1081  -6.898  -83.438  -14.099 0.6000000238
1082  -7.294  -83.293  -14.158 0.6000000238
1084  -9.721  -83.443  -12.910 0.3000000119
1085  -10.014  -83.271  -13.457 0.3000000119
1086  -10.430  -83.154  -13.653 0.3000000119
1087  -15.788  -83.564  -13.285 0.2000000030
1089  -18.823  -83.280  -13.568 0.2000000030
1090  -2.359  -84.022  -13.953 0.2000000030
1091  -2.728  -84.147  -14.321 0.2000000030
1093  -4.249  -84.345  -14.334 0.2000000030
1097  -7.552  -83.156  -14.242 0.6000000238
1098  -9.366  -83.680  -13.548 0.3000000119
1100  -10.146  -83.493  -13.882 0.3000000119
1104  -12.874  -83.903  -14.983 0.6000000238
1105  -16.405  -82.922  -14.529 0.2000000030
1106  -16.479  -82.877  -14.842 0.3000000119
1108  -18.542  -83.218  -14.142 0.2000000030
1109  -7.711  -83.977  -14.428 0.5000000000
1111  -8.549  -82.954  -14.451 0.6999999881
1113  -13.586  -83.572  -15.613 0.6000000238
1115  -16.099  -82.756  -14.915 0.3000000119
1116  -17.949  -83.041  -14.990 0.2000000030
1117  -18.355  -83.046  -14.524 0.2000000030
1118  -8.200  -83.495  -14.750 0.6999999881
1119  -8.715  -83.180  -14.933 0.6999999881
1122  -10.910  -83.544  -15.857 0.8000000119
1126  -16.326  -82.852  -15.520 0.3000000119
1128  -17.688  -82.682  -15.827 0.3000000119
1132  -14.161  -83.858  -17.514 0.8000000119
1133  -17.121  -83.031  -16.157 0.5000000000
1134  -17.312  -82.654  -16.532 0.5000000000
1135  -13.107  -83.470  -17.569 0.8000000119
1136  -13.669  -84.003  -17.398 0.8999999762
1137  -14.118  -83.774  -17.780 0.8999999762
1141  -17.084  -82.772  -17.013 0.5000000000
1142  -17.115  -82.816  -16.782 0.5000000000
1143  -4.952  -83.903  -19.663 0.6999999881
1144  -5.325  -84.035  -19.455 0.6999999881
1146  -6.903  -83.927  -19.190 0.8999999762
1147  -7.652  -83.763  -19.282 0.8999999762
1148  -8.055  -83.604  -19.352 0.8999999762
1149  -13.627  -83.032  -18.009 0.8999999762
1150  -15.096  -83.636  -18.793 0.8000000119
1151  -15.475  -83.538  -18.659 0.8000000119
1152  -15.691  -83.439  -18.173 0.8000000119
1155  -4.955  -83.933  -19.859 0.4000000060
1156  -5.217  -84.092  -19.892 0.6000000238
1158  -6.683  -84.333  -19.696 0.6000000238
1160  -8.304  -83.907  -19.714 0.6999999881
1161  -8.781  -84.024  -20.310 0.6999999881
1162  -9.112  -83.911  -20.589 0.6999999881
1163  -15.106  -83.705  -19.353 0.8999999762
1168  -4.985  -83.890  -20.072 0.4000000060
1169  -5.398  -83.966  -20.275 0.6000000238
1170  -6.083  -84.052  -20.480 0.4000000060
1171  -6.702  -83.968  -20.922 0.5000000000
1172  -7.040  -84.108  -20.995 0.5000000000
1173  -8.942  -84.092  -20.737 0.6999999881
1174  -9.207  -83.845  -20.813 0.6999999881
1175  -14.711  -83.617  -18.887 0.8999999762
1176  -14.944  -83.889  -19.359 0.8999999762
1177  -16.065  -83.446  -20.002 0.8999999762
1178  -16.120  -83.662  -20.261 0.8999999762
1179  -6.850  -83.931  -21.166 0.4000000060
1180  -7.373  -84.013  -21.202 0.5000000000
1181  -8.176  -83.881  -21.335 0.5000000000
1182  -8.663  -83.995  -21.094 0.6999999881
1183  -9.050  -83.860  -21.031 0.6999999881
1184  -14.798  -82.916  -19.036 0.8999999762
1185  -14.773  -82.996  -19.122 0.8999999762
1186  -15.020  -82.982  -19.968 0.8999999762
1188  -16.193  -83.720  -20.725 0.8999999762
1189  -8.498  -83.597  -21.553 0.6999999881
1190  -8.667  -83.727  -21.438 0.6999999881
1191  -8.968  -83.623  -21.386 0.6999999881
1192  -14.908  -83.644  -20.257 0.8999999762
1193  -15.262  -83.466  -20.971 0.8999999762
1194  -15.615  -83.742  -20.875 0.8999999762
1205  -0.225  -82.218  3.510 0.5000000000
1206  -0.545  -82.226  3.550 0.5000000000
1208  -1.324  -82.501  3.266 0.5000000000
1213  -0.098  -82.300  2.985 0.5000000000
1215  -1.031  -82.583  2.848 0.5000000000
1220  0.237  -82.420  2.052 0.6999999881
1221  -1.060  -82.782  2.436 0.5000000000
1222  -1.319  -82.753  2.369 0.5000000000
1226  0.515  -82.226  1.007 0.8000000119
1227  0.423  -82.410  1.399 0.6999999881
1228  -1.429  -83.151  1.285 0.5000000000
1233  -1.095  -83.111  -0.099 0.5000000000
1234  -1.405  -83.248  0.739 0.5000000000
1235  -1.583  -82.975  1.164 0.5000000000
1241  0.363  -82.823  0.450 0.8000000119
1249  0.305  -83.066  -0.068 0.8000000119
1251  -1.151  -83.615  -0.466 0.6999999881
1259  0.406  -82.989  -1.444 1.0000000000
1260  -1.453  -83.478  -1.531 0.4000000060
1273  -1.956  -83.062  -2.148 0.3000000119
1274  -4.225  -83.152  -1.969 0.1000000015
1283  0.189  -83.002  -2.688 1.0000000000
1284  -1.835  -83.837  -2.757 0.2000000030
1285  -2.238  -83.479  -2.743 0.1000000015
1286  -2.870  -83.398  -2.913 0.1000000015
1288  -4.045  -83.248  -2.379 0.1000000015
1296  -0.237  -83.275  -3.653 1.0000000000
1297  -0.682  -82.971  -3.728 1.0000000000
1299  -3.128  -83.772  -3.239 0.1000000015
1300  -3.447  -83.851  -3.201 0.1000000015
1305  0.439  -83.989  -6.084 0.8999999762
1306  0.297  -83.940  -5.534 1.0000000000
1307  -0.351  -83.606  -4.659 1.0000000000
1309  -1.336  -83.250  -4.702 1.0000000000
1315  0.382  -83.879  -6.234 0.8999999762
1316  0.083  -83.799  -5.466 0.8999999762
1319  -1.355  -83.445  -5.233 1.0000000000
1320  -1.692  -83.408  -5.516 1.0000000000
1328  0.391  -84.146  -6.887 0.8999999762
1330  -0.425  -83.583  -6.118 1.0000000000
1331  -1.018  -83.552  -6.055 1.0000000000
1332  -1.564  -83.440  -5.985 1.0000000000
1333  -1.835  -83.323  -5.705 1.0000000000
1343  -0.147  -83.464  -6.516 0.8999999762
1344  -0.380  -83.419  -6.591 0.8999999762
1345  -1.292  -83.441  -6.351 1.0000000000
1346  -1.485  -83.327  -6.483 1.0000000000
1360  0.299  -83.394  -8.794 0.6000000238
1367  0.232  -83.255  -9.248 0.3000000119
1380  0.153  -83.060  -9.699 0.3000000119
1381  -1.575  -82.896  -9.979 0.1000000015
1383  -2.316  -83.318  -9.887 0.1000000015
1385  -3.181  -83.273  -9.658 0.1000000015
1395  0.071  -82.690  -10.417 0.3000000119
1396  -0.040  -82.870  -10.649 0.3000000119
1397  -0.977  -82.825  -10.150 0.1000000015
1402  -11.200  -83.310  -11.105 0.2000000030
1403  -11.597  -83.186  -10.935 0.2000000030
1410  -20.483  -82.566  -11.247 0.2000000030
1412  -21.343  -82.427  -10.605 0.1000000015
1415  0.036  -82.568  -10.942 0.3000000119
1416  0.119  -82.543  -11.133 0.2000000030
1417  -0.899  -82.652  -10.802 0.1000000015
1419  -1.481  -82.390  -11.693 0.1000000015
1420  -6.371  -83.939  -11.954 0.1000000015
1425  -11.362  -83.066  -11.315 0.2000000030
1426  -13.434  -83.157  -11.104 0.2000000030
1427  -13.859  -83.113  -11.698 0.2000000030
1432  -20.113  -82.556  -11.688 0.2000000030
1433  0.037  -82.420  -11.927 0.2000000030
1434  -0.301  -82.615  -12.102 0.2000000030
1435  -1.299  -82.502  -11.754 0.2000000030
1442  -5.943  -83.529  -12.251 0.1000000015
1443  -6.418  -83.059  -12.244 0.1000000015
1444  -10.133  -83.331  -12.413 0.2000000030
1449  -19.495  -82.530  -12.545 0.2000000030
1451  -22.124  -83.138  -13.122 0.1000000015
1454  -0.137  -82.557  -12.269 0.2000000030
1455  -0.333  -82.875  -12.460 0.2000000030
1456  -0.551  -83.233  -12.614 0.2000000030
1457  -9.843  -83.382  -12.764 0.2000000030
1458  -10.229  -83.118  -12.713 0.2000000030
1460  -15.093  -83.368  -12.953 0.2000000030
1462  -18.810  -82.215  -13.664 0.2000000030
1463  -19.073  -82.573  -13.224 0.2000000030
1464  -19.519  -83.002  -12.623 0.2000000030
1465  -21.985  -83.236  -13.501 0.1000000015
1468  -0.153  -82.956  -12.797 0.3000000119
1471  -1.824  -83.439  -13.974 0.4000000060
1473  -7.056  -83.253  -14.136 0.6000000238
1474  -7.270  -82.852  -14.098 0.6000000238
1475  -9.959  -83.122  -12.990 0.3000000119
1477  -10.917  -82.941  -13.339 0.3000000119
1478  -11.655  -83.043  -13.768 0.3000000119
1480  -15.723  -82.986  -13.734 0.2000000030
1482  -18.700  -82.328  -13.937 0.2000000030
1486  -22.645  -83.428  -14.259 0.1000000015
1489  -3.043  -83.530  -14.589 0.2000000030
1494  -7.058  -82.978  -14.170 0.6000000238
1495  -7.775  -82.799  -14.249 0.6000000238
1497  -9.000  -82.545  -14.663 0.8000000119
1499  -11.672  -83.358  -14.045 0.3000000119
1500  -12.236  -83.496  -14.300 0.3000000119
1503  -15.927  -82.645  -14.295 0.2000000030
1504  -16.217  -82.693  -14.645 0.3000000119
1505  -16.335  -82.787  -14.680 0.3000000119
1506  -18.428  -82.345  -14.546 0.2000000030
1508  -21.528  -83.141  -14.886 0.1000000015
1509  -22.151  -83.290  -14.863 0.1000000015
1511  -22.911  -83.073  -14.658 0.1000000015
1513  -8.307  -82.949  -14.532 0.6000000238
1518  -15.602  -82.386  -15.256 0.3000000119
1519  -16.172  -82.578  -15.154 0.3000000119
1520  -16.355  -82.735  -14.923 0.3000000119
1521  -18.069  -81.918  -15.777 0.4000000060
1524  -21.384  -82.741  -15.558 0.1000000015
1526  -22.429  -82.957  -15.478 0.1000000015
1527  -0.904  -81.918  -16.976 0.8000000119
1528  -1.041  -82.081  -17.013 0.8000000119
1529  -1.175  -82.048  -17.279 0.8000000119
1530  -8.910  -83.176  -14.878 0.8000000119
1531  -9.288  -82.899  -15.121 0.8000000119
1532  -9.958  -82.952  -15.488 0.8000000119
1535  -12.241  -83.171  -16.874 0.8000000119
1538  -16.050  -82.727  -15.604 0.3000000119
1540  -17.906  -82.204  -15.865 0.4000000060
1542  -22.125  -82.868  -15.918 0.1000000015
1544  -1.000  -81.884  -17.206 0.8000000119
1545  -0.899  -82.025  -17.533 0.8000000119
1546  -1.190  -82.084  -17.664 0.8000000119
1547  -12.791  -83.171  -17.005 0.8999999762
1548  -12.396  -83.416  -16.780 0.8000000119
1550  -17.681  -82.001  -16.404 0.4000000060
1551  -0.901  -81.592  -18.010 0.8000000119
1552  -0.948  -81.866  -17.958 0.8000000119
1553  -1.108  -81.966  -17.859 0.8000000119
1554  -3.769  -83.033  -18.643 0.6999999881
1555  -4.086  -83.174  -18.616 0.6999999881
1556  -4.813  -83.244  -18.550 0.6999999881
1558  -12.882  -82.807  -17.539 1.0000000000
1559  -15.104  -83.654  -17.869 0.8000000119
1560  -17.211  -82.454  -17.942 0.6000000238
1562  -17.295  -82.570  -16.873 0.5000000000
1563  -3.379  -82.859  -19.034 0.4000000060
1566  -5.407  -83.688  -18.870 0.6999999881
1567  -6.302  -83.400  -18.652 0.8999999762
1568  -7.226  -83.376  -18.859 0.8999999762
1570  -8.298  -83.321  -19.428 0.8999999762
1572  -13.825  -83.028  -17.983 1.0000000000
1574  -15.352  -83.571  -18.204 0.8000000119
1577  -16.922  -82.704  -18.036 0.6000000238
1578  -3.502  -82.826  -19.404 0.4000000060
1579  -4.126  -83.226  -19.869 0.5000000000
1580  -4.681  -83.760  -19.862 0.6999999881
1581  -8.600  -83.291  -19.739 0.6999999881
1583  -9.039  -83.760  -20.410 0.6999999881
1584  -15.043  -82.621  -19.069 0.8999999762
1585  -16.069  -83.199  -19.503 0.8000000119
1588  -16.844  -82.708  -18.318 0.6000000238
1589  -4.354  -83.106  -20.393 0.4000000060
1592  -6.261  -83.557  -20.725 0.4000000060
1594  -9.065  -83.442  -20.378 0.6999999881
1595  -9.179  -83.435  -20.625 0.6999999881
1596  -9.399  -82.949  -20.792 0.6999999881
1597  -15.188  -82.819  -19.417 0.8999999762
1598  -16.128  -83.127  -19.901 0.8999999762
1600  -6.846  -83.570  -21.090 0.4000000060
1601  -7.216  -83.572  -21.265 0.5000000000
1603  -9.201  -83.506  -21.130 0.6999999881
1605  -15.001  -82.935  -19.300 0.8999999762
1607  -15.804  -83.053  -19.974 0.8999999762
1609  -8.316  -83.384  -21.562 0.5000000000
1611  -9.331  -83.177  -21.767 0.6999999881
1613  -15.676  -82.708  -20.313 0.8999999762
1615  -16.211  -82.606  -20.887 0.8999999762
1616  -9.202  -82.979  -22.205 0.6000000238
1617  -9.597  -82.899  -22.412 0.6999999881
1618  -10.021  -82.929  -22.626 0.6999999881
1635  -0.618  -82.113  4.441 0.5000000000
1637  -1.241  -82.135  4.822 0.4000000060
1640  0.002  -82.132  3.462 0.5000000000
1642  -0.826  -82.174  4.069 0.5000000000
1643  -1.412  -82.214  4.040 0.4000000060
1647  0.168  -82.103  3.064 0.5000000000
1648  -1.643  -82.366  2.927 0.5000000000
1656  0.798  -81.823  1.115 0.8000000119
1658  -1.828  -82.341  1.171 0.3000000119
1659  -1.653  -82.579  1.280 0.3000000119
1667  0.534  -82.277  0.754 0.8000000119
1668  0.545  -81.729  0.932 0.8000000119
1669  -1.639  -82.787  0.746 0.5000000000
1670  -1.645  -82.794  1.061 0.3000000119
1679  0.429  -82.599  0.051 0.8000000119
1690  0.383  -82.860  -0.312 0.8000000119
1691  0.393  -82.534  -0.566 0.8999999762
1692  -1.631  -82.687  -0.545 0.4000000060
1705  -1.992  -82.667  -1.803 0.2000000030
1720  -1.886  -83.051  -1.985 0.3000000119
1722  -2.745  -82.593  -2.299 0.1000000015
1723  -3.338  -82.431  -2.288 0.1000000015
1735  -0.303  -82.464  -2.863 1.0000000000
1737  -2.339  -83.155  -2.562 0.1000000015
1738  -2.581  -83.073  -2.596 0.1000000015
1740  -3.633  -82.903  -2.462 0.1000000015
1752  -0.770  -82.536  -3.376 1.0000000000
1753  -1.314  -82.411  -3.660 1.0000000000
1764  0.489  -83.534  -5.910 0.8999999762
1765  0.194  -83.797  -5.682 0.8999999762
1767  -1.535  -82.907  -4.373 1.0000000000
1768  -2.234  -82.478  -4.546 1.0000000000
1778  0.250  -83.737  -6.133 0.8999999762
1779  0.137  -83.710  -5.905 0.8999999762
1780  -1.553  -83.222  -4.859 1.0000000000
1782  -2.522  -82.515  -5.211 1.0000000000
1789  0.275  -83.643  -6.655 0.8999999762
1790  0.111  -83.604  -6.330 0.8999999762
1791  -0.355  -83.518  -6.451 0.8999999762
1792  -0.654  -83.483  -6.510 1.0000000000
1794  -2.019  -83.084  -6.108 1.0000000000
1795  -2.389  -82.743  -5.742 1.0000000000
1802  0.273  -83.376  -7.216 0.8999999762
1803  -0.113  -83.125  -7.169 0.8999999762
1804  -0.453  -83.235  -6.914 0.8999999762
1806  -1.730  -82.992  -6.756 1.0000000000
1807  -2.189  -82.652  -6.701 1.0000000000
1814  0.346  -83.223  -7.786 0.6000000238
1817  -1.527  -82.664  -7.394 1.0000000000
1819  -2.282  -82.303  -7.024 1.0000000000
1825  0.309  -82.954  -8.610 0.6000000238
1826  -0.596  -82.528  -8.080 0.8999999762
1827  -1.110  -82.514  -7.996 0.8999999762
1833  0.308  -83.083  -9.493 0.5000000000
1848  0.224  -82.732  -10.129 0.5000000000
1849  -1.896  -82.604  -9.818 0.1000000015
1851  -2.450  -82.847  -9.850 0.1000000015
1862  0.308  -82.393  -10.415 0.4000000060
1863  -1.397  -82.406  -10.270 0.1000000015
1864  -1.871  -81.953  -10.208 0.1000000015
1868  -12.063  -82.828  -11.147 0.2000000030
1869  -12.773  -82.818  -11.075 0.2000000030
1874  -20.884  -82.022  -11.182 0.1000000015
1875  -21.451  -82.044  -10.947 0.1000000015
1879  0.226  -82.268  -11.058 0.3000000119
1880  0.106  -82.391  -11.418 0.2000000030
1881  -1.420  -82.114  -10.708 0.2000000030
1882  -1.680  -81.944  -11.336 0.1000000015
1883  -2.137  -82.059  -11.711 0.1000000015
1888  -11.254  -82.921  -11.695 0.2000000030
1889  -11.724  -82.721  -11.586 0.2000000030
1892  -13.658  -82.859  -11.833 0.2000000030
1897  -20.485  -81.908  -11.499 0.2000000030
1898  -20.807  -81.759  -11.294 0.1000000015
1903  0.147  -81.986  -11.635 0.3000000119
1904  0.148  -82.223  -11.662 0.3000000119
1905  -1.751  -82.445  -11.836 0.1000000015
1907  -2.661  -82.773  -12.219 0.1000000015
1910  -5.245  -82.886  -12.538 0.1000000015
1915  -10.965  -82.976  -12.039 0.2000000030
1916  -11.497  -82.622  -12.209 0.2000000030
1919  -13.736  -82.678  -12.186 0.2000000030
1920  -14.325  -82.829  -12.579 0.2000000030
1929  0.043  -82.285  -12.106 0.2000000030
1931  -0.107  -82.162  -13.084 0.3000000119
1933  -11.829  -82.520  -12.975 0.3000000119
1936  -14.749  -82.689  -13.195 0.2000000030
1937  -15.290  -83.040  -13.340 0.2000000030
1939  -19.172  -81.960  -13.002 0.2000000030
1942  -0.162  -82.890  -13.038 0.3000000119
1943  -0.385  -82.629  -13.446 0.3000000119
1945  -2.152  -82.621  -14.185 0.6000000238
1947  -3.533  -82.650  -14.573 0.5000000000
1948  -11.355  -82.765  -13.132 0.3000000119
1951  -13.368  -82.526  -14.072 0.2000000030
1952  -13.793  -82.403  -14.210 0.2000000030
1953  -14.932  -82.356  -13.852 0.2000000030
1956  -21.348  -82.561  -14.356 0.1000000015
1957  -21.456  -82.684  -13.985 0.1000000015
1959  -3.173  -83.125  -14.689 0.5000000000
1960  -3.535  -83.075  -14.686 0.5000000000
1961  -4.243  -83.075  -14.576 0.5000000000
1968  -9.930  -82.021  -14.599 0.8999999762
1969  -12.551  -83.165  -14.250 0.3000000119
1970  -13.119  -82.931  -14.363 0.2000000030
1972  -14.572  -82.208  -14.397 0.3000000119
1974  -15.909  -82.442  -14.695 0.3000000119
1975  -18.380  -81.678  -15.050 0.2000000030
1977  -21.254  -82.494  -14.833 0.1000000015
1978  -22.822  -82.890  -15.073 0.1000000015
1982  -10.943  -82.302  -15.229 1.0000000000
1985  -15.587  -82.285  -14.852 0.3000000119
1986  -15.841  -82.360  -14.987 0.3000000119
1987  -18.258  -81.732  -15.406 0.2000000030
1988  -18.285  -81.986  -15.118 0.2000000030
1992  -0.601  -81.431  -16.891 0.6999999881
1993  -0.883  -81.687  -16.808 0.8000000119
1994  -1.247  -81.788  -16.989 0.8000000119
1996  -10.290  -82.744  -15.406 0.8000000119
2000  -18.022  -81.691  -16.228 0.4000000060
2002  -21.982  -82.718  -16.494 0.1000000015
2003  -22.577  -82.673  -16.186 0.1000000015
2005  -0.704  -81.446  -17.220 0.6000000238
2006  -1.427  -82.058  -17.472 0.8000000119
2007  -12.665  -82.919  -16.672 0.8999999762
2008  -12.975  -82.654  -16.666 1.0000000000
2010  -14.155  -82.225  -17.162 1.0000000000
2013  -21.809  -82.447  -17.179 0.1000000015
2015  -23.020  -82.357  -16.842 0.1000000015
2016  -0.814  -81.455  -17.586 0.6000000238
2017  -0.972  -81.272  -18.189 0.6000000238
2018  -1.154  -81.752  -17.999 0.8000000119
2019  -2.389  -82.574  -18.071 0.8000000119
2020  -2.713  -82.547  -18.158 0.8000000119
2023  -5.120  -82.606  -18.353 0.8999999762
2024  -5.956  -82.638  -18.303 0.8999999762
2025  -6.627  -82.457  -18.241 0.8000000119
2026  -7.206  -82.422  -18.316 0.8000000119
2027  -12.965  -83.054  -17.196 1.0000000000
2029  -13.824  -82.633  -17.358 1.0000000000
2030  -14.332  -82.451  -17.545 1.0000000000
2032  -17.287  -82.287  -18.060 0.6000000238
2034  -21.240  -81.914  -17.577 0.1000000015
2038  -2.349  -82.578  -18.364 0.8000000119
2039  -2.929  -82.521  -18.927 0.8000000119
2040  -3.354  -82.880  -18.797 0.8000000119
2041  -6.446  -82.873  -18.383 0.8000000119
2043  -7.629  -82.720  -18.721 1.0000000000
2044  -8.333  -82.715  -19.168 0.8999999762
2046  -12.995  -83.082  -17.785 1.0000000000
2047  -13.619  -82.953  -17.606 1.0000000000
2050  -15.205  -82.286  -18.451 0.8999999762
2051  -17.338  -82.018  -18.603 0.6000000238
2052  -17.509  -81.732  -18.285 0.6999999881
2058  -6.605  -82.622  -20.477 0.3000000119
2059  -8.559  -83.013  -19.523 0.8999999762
2060  -8.974  -82.672  -19.764 0.8999999762
2061  -9.467  -82.304  -20.287 0.8000000119
2062  -9.711  -82.096  -20.566 0.8000000119
2064  -15.143  -82.384  -18.871 0.8999999762
2065  -16.643  -82.720  -19.813 0.8999999762
2067  -4.010  -82.760  -20.539 0.5000000000
2068  -4.500  -82.867  -20.705 0.4000000060
2069  -5.115  -82.724  -20.576 0.4000000060
2070  -5.931  -83.029  -20.567 0.4000000060
2071  -6.702  -83.060  -20.769 0.4000000060
2073  -9.062  -83.206  -20.306 0.6999999881
2075  -9.700  -82.514  -20.809 0.8000000119
2076  -15.369  -82.577  -19.609 0.8999999762
2077  -16.535  -82.733  -20.263 0.8999999762
2079  -3.885  -82.355  -20.876 0.3000000119
2080  -4.173  -82.407  -20.993 0.3000000119
2082  -7.050  -83.263  -21.140 0.2000000030
2083  -7.467  -83.075  -21.258 0.2000000030
2084  -8.126  -82.933  -21.484 0.5000000000
2085  -10.062  -82.223  -21.839 0.6999999881
2088  -15.549  -82.077  -20.710 0.8999999762
2089  -16.561  -82.560  -20.719 0.8999999762
2092  -8.958  -82.875  -22.177 0.6000000238
2093  -10.080  -82.267  -21.958 0.6999999881
2094  -10.062  -82.316  -22.180 0.8000000119
2095  -15.704  -82.455  -20.691 0.8999999762
2098  -16.884  -82.148  -21.474 0.8999999762
2099  -8.898  -82.552  -22.207 0.6000000238
2101  -9.777  -82.583  -22.809 0.8000000119
2102  -10.081  -82.324  -22.656 0.8000000119
2104  -16.454  -82.033  -21.567 0.8999999762
2105  -9.495  -82.204  -23.226 0.6000000238
2106  -9.733  -82.384  -23.216 0.8000000119
2146  -0.772  -81.709  5.570 0.4000000060
2148  -1.369  -81.846  5.708 0.4000000060
2155  -0.600  -81.858  5.095 0.5000000000
2156  -1.149  -82.082  5.250 0.4000000060
2167  0.359  -81.677  2.895 0.6000000238
2172  -1.824  -81.823  2.385 0.3000000119
2180  0.538  -81.516  1.549 1.0000000000
2182  -1.794  -82.025  1.585 0.3000000119
2196  -1.885  -82.046  0.811 0.3000000119
2197  -1.832  -81.801  1.070 0.2000000030
2210  0.406  -81.373  0.456 1.0000000000
2211  -1.747  -82.068  -0.036 0.1000000015
2223  0.337  -81.765  -0.539 1.0000000000
2238  -1.798  -82.394  -0.975 0.2000000030
2253  0.115  -81.672  -1.692 1.0000000000
2255  -2.901  -82.053  -2.012 0.1000000015
2266  -0.113  -81.721  -2.241 1.0000000000
2278  -1.010  -82.005  -3.171 1.0000000000
2279  -1.694  -81.712  -3.372 1.0000000000
2280  -2.422  -81.814  -4.057 1.0000000000
2281  -2.836  -81.538  -4.297 1.0000000000
2292  -2.509  -82.104  -4.491 1.0000000000
2293  -2.790  -81.858  -4.610 1.0000000000
2305  -2.847  -82.067  -5.150 1.0000000000
2317  -2.443  -82.633  -6.253 1.0000000000
2319  -3.231  -81.670  -5.827 1.0000000000
2324  0.206  -83.058  -7.527 0.8999999762
2325  0.022  -82.896  -7.646 0.8999999762
2327  -2.853  -81.863  -6.738 1.0000000000
2332  0.134  -82.770  -8.117 0.8999999762
2333  0.037  -82.720  -7.862 0.8999999762
2334  -1.100  -82.301  -8.058 0.8999999762
2335  -1.392  -82.219  -7.921 1.0000000000
2336  -1.993  -82.023  -7.642 1.0000000000
2337  -2.414  -81.832  -7.430 1.0000000000
2338  -2.840  -81.598  -7.156 1.0000000000
2344  0.150  -82.368  -8.803 0.8000000119
2347  -1.190  -81.810  -8.463 0.8999999762
2349  -2.037  -81.721  -7.897 1.0000000000
2355  -0.323  -81.889  -8.935 0.8000000119
2356  -0.574  -81.858  -8.802 0.8999999762
2357  -0.856  -81.818  -8.674 0.8999999762
2359  -4.483  -81.955  -9.109 0.1000000015
2374  -2.313  -82.098  -9.981 0.1000000015
2375  -3.038  -81.951  -9.766 0.1000000015
2376  -3.647  -81.926  -9.569 0.1000000015
2386  0.307  -82.172  -10.509 0.4000000060
2387  -1.923  -81.832  -10.530 0.1000000015
2388  -2.163  -81.543  -10.633 0.1000000015
2396  -21.939  -82.001  -11.288 0.1000000015
2401  0.349  -81.466  -11.369 0.4000000060
2403  -2.406  -81.593  -11.445 0.1000000015
2404  -3.209  -81.534  -11.795 0.1000000015
2408  -12.743  -82.305  -12.016 0.2000000030
2409  -13.012  -82.446  -11.905 0.2000000030
2420  0.276  -81.979  -11.418 0.3000000119
2422  0.120  -81.784  -12.239 0.2000000030
2429  -6.664  -81.934  -12.503 0.1000000015
2432  -11.905  -82.400  -12.449 0.2000000030
2433  -12.369  -82.307  -12.288 0.2000000030
2434  -13.058  -82.306  -12.350 0.2000000030
2435  -13.558  -82.291  -12.693 0.2000000030
2439  -19.457  -81.663  -12.578 0.2000000030
2440  -19.887  -81.369  -12.223 0.2000000030
2441  -21.827  -81.852  -12.378 0.1000000015
2445  0.008  -81.887  -12.622 0.2000000030
2446  -0.183  -81.725  -13.017 0.6999999881
2448  -1.162  -81.415  -13.403 0.6999999881
2449  -12.103  -82.334  -12.666 0.2000000030
2451  -13.099  -82.232  -13.003 0.2000000030
2453  -14.195  -82.294  -13.369 0.2000000030
2454  -18.859  -81.436  -13.529 0.3000000119
2456  -21.299  -81.768  -13.603 0.1000000015
2459  -0.369  -81.996  -13.365 0.6999999881
2465  -5.084  -81.605  -14.411 0.6999999881
2468  -8.821  -81.677  -13.943 0.8999999762
2470  -10.009  -81.833  -14.159 1.0000000000
2471  -12.683  -82.370  -13.303 0.3000000119
2473  -13.868  -82.230  -13.846 0.2000000030
2477  -21.260  -82.114  -14.180 0.1000000015
2480  -3.895  -82.664  -14.589 0.8000000119
2484  -6.976  -82.089  -14.153 0.6999999881
2487  -9.361  -81.855  -14.154 0.8999999762
2490  -11.302  -81.923  -14.872 1.0000000000
2492  -14.251  -82.220  -14.088 0.2000000030
2493  -18.406  -81.382  -15.030 0.2000000030
2494  -18.471  -81.484  -14.576 0.2000000030
2497  -10.662  -82.216  -14.911 1.0000000000
2498  -11.102  -82.119  -15.088 1.0000000000
2499  -11.671  -82.013  -15.241 1.0000000000
2500  -12.254  -81.999  -15.527 1.0000000000
2501  -12.837  -81.875  -15.659 1.0000000000
2508  -0.520  -81.343  -16.572 0.6999999881
2509  -1.165  -81.379  -16.549 0.6999999881
2510  -1.743  -81.145  -16.775 0.8999999762
2515  -13.926  -81.748  -16.243 1.0000000000
2521  -0.270  -80.914  -16.760 0.6999999881
2523  -2.270  -81.464  -17.240 0.8999999762
2525  -12.866  -82.439  -16.409 1.0000000000
2528  -14.839  -81.699  -17.208 1.0000000000
2534  -0.634  -81.118  -17.555 0.6000000238
2535  -0.964  -81.029  -18.136 0.6000000238
2536  -1.414  -81.797  -18.195 0.5000000000
2539  -3.880  -81.971  -18.129 0.8999999762
2540  -4.688  -81.951  -18.193 1.0000000000
2542  -6.259  -81.948  -17.974 1.0000000000
2544  -7.795  -81.971  -18.358 1.0000000000
2545  -8.280  -81.678  -18.418 1.0000000000
2546  -14.623  -82.181  -17.517 1.0000000000
2547  -15.072  -81.883  -17.791 1.0000000000
2551  -21.490  -81.712  -18.199 0.1000000015
2555  -2.073  -81.949  -18.730 0.4000000060
2556  -2.567  -82.013  -19.144 0.4000000060
2559  -8.924  -81.977  -19.298 1.0000000000
2562  -17.396  -81.785  -18.880 0.6999999881
2564  -21.417  -81.295  -18.395 0.1000000015
2569  -2.865  -81.877  -19.683 0.4000000060
2570  -3.360  -82.146  -20.067 0.4000000060
2571  -5.463  -81.850  -20.077 0.3000000119
2572  -5.814  -82.054  -20.049 0.3000000119
2573  -6.690  -82.130  -20.174 0.2000000030
2575  -9.101  -82.042  -19.589 0.8999999762
2577  -9.619  -81.683  -20.297 0.8999999762
2578  -15.511  -81.961  -19.181 0.8999999762
2579  -15.648  -81.428  -19.459 1.0000000000
2586  -3.133  -81.694  -20.557 0.4000000060
2587  -3.636  -82.256  -20.570 0.5000000000
2588  -5.285  -81.972  -20.390 0.3000000119
2590  -6.861  -82.577  -20.555 0.3000000119
2591  -7.484  -82.407  -20.775 0.2000000030
2603  -4.320  -81.991  -21.368 0.4000000060
2604  -4.825  -81.854  -21.184 0.4000000060
2605  -7.790  -82.776  -21.239 0.2000000030
2606  -8.184  -82.505  -21.394 0.2000000030
2607  -10.166  -82.038  -21.912 0.6999999881
2609  -15.278  -82.083  -20.504 0.8999999762
2615  -3.790  -81.693  -21.913 0.3000000119
2616  -4.135  -81.785  -22.017 0.3000000119
2617  -4.480  -81.712  -21.743 0.3000000119
2618  -8.685  -82.251  -21.933 0.5000000000
2620  -10.182  -82.027  -22.167 0.8000000119
2624  -17.027  -81.792  -21.908 0.8999999762
2625  -17.376  -81.581  -21.644 0.8999999762
2626  -3.807  -81.580  -22.232 0.3000000119
2628  -8.936  -82.126  -22.285 0.5000000000
2629  -9.132  -81.832  -22.635 0.5000000000
2630  -10.546  -81.858  -22.915 0.8000000119
2631  -16.192  -81.650  -21.590 0.8999999762
2632  -16.519  -81.710  -21.888 0.8999999762
2635  -9.707  -81.986  -23.527 0.6999999881
2637  -9.564  -81.601  -23.784 0.6999999881
2639  -10.543  -81.458  -24.135 0.6999999881
2640  -10.837  -81.159  -24.343 0.6999999881
2641  -10.303  -81.300  -24.569 0.6999999881
2643  -11.115  -81.022  -24.554 0.6999999881
2682  -0.821  -81.040  6.218 0.4000000060
2683  -1.034  -81.090  6.319 0.4000000060
2694  -0.726  -81.321  5.850 0.4000000060
2695  -1.203  -81.496  6.050 0.4000000060
2713  0.232  -81.433  3.875 0.6000000238
2714  0.088  -81.427  4.390 0.6000000238
2715  -2.165  -81.149  4.790 0.1000000015
2720  0.324  -81.220  3.408 0.8000000119
2731  0.453  -81.159  2.562 0.8000000119
2743  0.431  -80.982  1.918 0.6999999881
2756  -1.856  -81.336  0.926 0.2000000030
2767  -1.848  -81.535  0.057 0.1000000015
2777  0.163  -81.037  -0.178 0.8999999762
2795  -1.902  -81.938  -0.951 0.2000000030
2826  -0.387  -81.002  -2.240 1.0000000000
2828  -1.515  -80.934  -2.978 1.0000000000
2830  -2.672  -80.805  -3.350 1.0000000000
2839  -1.897  -81.187  -3.226 1.0000000000
2841  -3.029  -81.042  -3.945 1.0000000000
2852  -3.432  -80.955  -4.581 1.0000000000
2862  -3.069  -81.692  -5.016 1.0000000000
2863  -3.405  -81.266  -5.333 1.0000000000
2876  -3.142  -81.710  -6.301 1.0000000000
2877  -3.407  -81.275  -6.190 1.0000000000
2884  -3.482  -80.941  -6.872 1.0000000000
2892  -3.414  -80.691  -7.485 1.0000000000
2898  0.239  -82.218  -8.991 0.8000000119
2899  0.058  -82.109  -8.951 0.8000000119
2900  -1.245  -81.440  -8.807 0.8999999762
2901  -1.555  -81.395  -8.633 0.8999999762
2902  -2.195  -81.255  -8.286 1.0000000000
2903  -2.723  -80.839  -8.266 1.0000000000
2909  0.164  -81.992  -9.286 0.6000000238
2911  -0.431  -81.521  -9.288 0.8000000119
2913  -1.324  -81.138  -9.122 0.8999999762
2915  -4.814  -81.494  -9.257 0.1000000015
2916  -5.148  -81.424  -8.844 0.1000000015
2928  0.307  -81.934  -9.957 0.5000000000
2930  -0.787  -81.166  -9.558 0.8999999762
2931  -1.065  -81.118  -9.377 0.8999999762
2934  -3.880  -81.108  -9.893 0.1000000015
2935  -4.506  -81.267  -9.564 0.1000000015
2946  0.427  -81.814  -10.481 0.5000000000
2947  0.139  -81.160  -10.861 0.4000000060
2948  -2.476  -81.340  -10.809 0.1000000015
2949  -2.851  -81.171  -10.665 0.1000000015
2959  0.279  -81.308  -11.115 0.4000000060
2960  0.190  -81.102  -11.093 0.4000000060
2962  -0.315  -80.908  -11.785 0.4000000060
2965  -3.581  -81.064  -11.548 0.1000000015
2974  -21.117  -81.261  -12.032 0.1000000015
2975  -21.616  -81.520  -11.986 0.1000000015
2978  0.215  -81.327  -11.571 0.4000000060
2980  -0.707  -80.918  -12.239 0.6999999881
2981  -1.356  -80.775  -12.525 0.6999999881
2982  -1.716  -80.669  -12.647 0.8000000119
2983  -3.921  -81.335  -11.958 0.1000000015
2984  -4.519  -81.315  -12.199 0.1000000015
2986  -6.109  -81.370  -12.448 0.1000000015
2988  -7.526  -81.223  -12.201 0.1000000015
2994  -20.300  -80.905  -12.334 0.2000000030
2995  -21.028  -80.961  -12.603 0.2000000030
2999  -0.087  -81.559  -12.675 0.6999999881
3000  -0.394  -81.353  -12.736 0.6999999881
3002  -1.732  -80.945  -13.109 0.6999999881
3005  -18.895  -80.939  -13.511 0.2000000030
3006  -19.187  -80.929  -13.029 0.2000000030
3008  -21.399  -81.355  -12.815 0.1000000015
3012  -2.492  -81.295  -13.776 0.6999999881
3014  -4.109  -81.261  -14.098 0.6999999881
3015  -4.954  -81.137  -14.200 0.8000000119
3019  -8.352  -81.225  -13.743 0.8999999762
3021  -9.929  -81.479  -13.862 0.8999999762
3024  -12.152  -81.129  -14.256 1.0000000000
3025  -18.468  -80.846  -14.499 0.2000000030
3026  -18.591  -80.893  -14.150 0.3000000119
3030  1.188  -80.868  -14.931 0.6999999881
3031  0.945  -80.441  -15.138 0.6999999881
3032  0.434  -80.387  -15.261 0.6999999881
3033  -0.151  -80.430  -15.279 0.8000000119
3034  -0.554  -80.329  -15.363 0.8000000119
3035  -5.428  -81.480  -14.336 0.8000000119
3037  -6.614  -81.718  -14.158 0.8000000119
3039  -11.118  -81.755  -14.414 1.0000000000
3042  -13.224  -81.094  -14.917 1.0000000000
3043  -18.411  -80.839  -14.866 0.2000000030
3050  1.255  -80.765  -15.272 0.6999999881
3051  0.926  -80.588  -15.573 0.6999999881
3052  -0.064  -80.780  -15.993 0.6999999881
3053  -0.508  -80.629  -15.703 0.8000000119
3056  -12.520  -81.654  -15.212 1.0000000000
3059  -14.579  -81.017  -15.757 1.0000000000
3060  -18.339  -80.851  -15.586 0.4000000060
3066  1.600  -80.777  -15.527 0.6999999881
3067  1.227  -80.671  -15.768 0.6999999881
3068  -0.143  -80.805  -16.548 0.6999999881
3069  -0.396  -81.082  -16.131 0.6999999881
3070  -1.209  -80.652  -16.197 0.8999999762
3072  -13.704  -81.684  -15.892 1.0000000000
3074  -14.474  -81.251  -16.091 1.0000000000
3076  -20.683  -80.867  -16.312 0.1000000015
3079  -0.177  -80.650  -17.001 0.6999999881
3080  -0.270  -80.436  -17.267 0.5000000000
3081  -2.480  -80.972  -17.219 0.8999999762
3082  -2.906  -81.147  -17.552 0.8999999762
3085  -15.373  -81.085  -17.253 1.0000000000
3086  -18.275  -80.823  -17.127 0.6000000238
3091  -0.390  -80.755  -17.288 0.6999999881
3092  -0.576  -80.615  -17.713 0.6000000238
3094  -3.170  -81.285  -17.784 1.0000000000
3095  -3.568  -81.325  -17.962 1.0000000000
3097  -5.067  -81.237  -17.951 1.0000000000
3099  -6.654  -81.324  -17.743 1.0000000000
3100  -7.433  -81.338  -17.874 1.0000000000
3106  -21.101  -80.793  -17.843 0.2000000030
3109  -1.534  -81.100  -18.843 0.5000000000
3110  -2.048  -81.364  -19.221 0.4000000060
3111  -8.584  -81.447  -18.485 1.0000000000
3112  -9.072  -81.224  -18.902 1.0000000000
3113  -9.439  -80.775  -19.056 1.0000000000
3114  -15.679  -81.073  -19.083 0.8999999762
3118  -1.878  -80.937  -19.424 0.3000000119
3119  -2.336  -81.164  -19.884 0.4000000060
3120  -2.781  -81.478  -20.132 0.4000000060
3121  -5.416  -81.391  -19.903 0.2000000030
3123  -6.936  -81.250  -19.854 0.2000000030
3124  -7.411  -81.130  -20.035 0.2000000030
3125  -9.164  -81.614  -19.462 0.8999999762
3128  -15.682  -81.046  -19.658 1.0000000000
3134  -2.705  -81.243  -20.450 0.4000000060
3137  -8.131  -81.614  -20.858 0.2000000030
3138  -10.343  -81.138  -21.036 1.0000000000
3139  -15.752  -81.110  -19.919 1.0000000000
3140  -18.041  -81.071  -20.717 1.0000000000
3145  -2.518  -80.777  -20.922 0.4000000060
3146  -2.794  -81.066  -21.074 0.4000000060
3147  -3.227  -81.404  -21.473 0.4000000060
3148  -4.852  -81.117  -21.407 0.1000000015
3149  -8.507  -81.838  -21.414 0.2000000030
3151  -10.581  -81.100  -21.597 0.8000000119
3158  -2.987  -81.020  -21.796 0.4000000060
3159  -3.479  -81.412  -21.985 0.2000000030
3160  -4.441  -81.592  -22.104 0.3000000119
3162  -8.844  -81.760  -21.882 0.5000000000
3163  -9.092  -81.340  -22.187 0.5000000000
3164  -10.619  -81.352  -22.031 0.8000000119
3165  -16.045  -81.282  -21.490 1.0000000000
3166  -16.235  -80.843  -22.059 1.0000000000
3168  -17.681  -81.218  -21.899 0.8999999762
3170  -3.641  -81.233  -22.696 0.2000000030
3171  -4.370  -81.420  -22.604 0.3000000119
3175  -10.948  -80.886  -23.051 0.8999999762
3178  -17.275  -81.269  -22.489 1.0000000000
3183  -9.473  -81.206  -23.627 0.5000000000
3184  -10.793  -81.331  -23.502 0.8000000119
3185  -11.075  -80.737  -23.485 0.8999999762
3189  -9.720  -81.186  -24.048 0.5000000000
3190  -9.979  -81.044  -24.530 0.5000000000
3191  -10.823  -81.230  -24.055 0.8999999762
3193  -10.395  -80.884  -25.095 0.6999999881
3194  -10.897  -80.745  -25.095 0.6999999881
3195  -11.165  -80.707  -24.742 1.0000000000
3197  -10.694  -80.713  -25.348 0.6999999881
3255  -1.071  -80.101  7.080 0.3000000119
3256  -1.549  -80.281  7.236 0.3000000119
3257  -1.920  -80.244  7.169 0.2000000030
3263  -1.265  -80.652  6.686 0.4000000060
3264  -1.869  -80.652  6.664 0.2000000030
3269  -0.324  -80.697  5.751 0.4000000060
3276  -2.347  -80.605  5.382 0.1000000015
3282  0.024  -80.824  4.683 0.5000000000
3292  0.337  -80.915  3.414 0.8000000119
3294  -2.298  -80.048  3.851 0.1000000015
3306  0.073  -80.184  2.905 0.8000000119
3318  -0.120  -79.806  2.092 0.8999999762
3330  0.098  -80.648  0.967 0.8999999762
3331  -0.125  -80.096  1.292 0.8999999762
3333  -1.878  -80.686  0.932 0.1000000015
3342  0.028  -80.679  0.294 0.8999999762
3344  -1.906  -81.155  -0.137 0.1000000015
3345  -1.927  -80.760  0.179 0.1000000015
3353  -0.049  -80.601  -0.181 0.8999999762
3354  -0.132  -80.350  0.047 1.0000000000
3409  -1.885  -80.244  -2.838 1.0000000000
3410  -2.570  -80.306  -3.017 1.0000000000
3412  -3.503  -80.130  -3.743 1.0000000000
3424  -3.207  -80.649  -3.782 1.0000000000
3425  -3.415  -80.479  -3.941 1.0000000000
3435  -3.645  -80.463  -4.443 1.0000000000
3463  -4.182  -80.034  -6.201 1.0000000000
3475  -4.097  -80.148  -6.529 1.0000000000
3481  -3.119  -80.611  -8.008 1.0000000000
3488  -3.290  -80.318  -8.251 1.0000000000
3492  0.052  -81.648  -9.533 0.6000000238
3493  -0.118  -81.485  -9.573 0.8000000119
3494  -0.275  -81.351  -9.634 0.8000000119
3495  -1.546  -80.832  -9.262 0.8999999762
3497  -2.531  -80.419  -9.020 1.0000000000
3506  0.173  -81.679  -9.800 0.6000000238
3508  -0.254  -81.201  -10.036 0.6000000238
3509  -0.630  -80.946  -10.097 0.8999999762
3511  -1.751  -80.220  -10.088 1.0000000000
3526  0.232  -81.517  -10.253 0.5000000000
3527  -0.087  -80.887  -10.560 0.4000000060
3528  -0.334  -80.916  -10.641 0.4000000060
3531  -1.749  -80.084  -10.567 0.8000000119
3536  -6.552  -79.937  -11.102 0.1000000015
3545  -0.331  -80.777  -11.253 0.4000000060
3547  -1.411  -80.295  -11.457 1.0000000000
3550  -4.815  -80.592  -11.627 0.1000000015
3564  -1.141  -80.593  -12.041 0.6999999881
3565  -1.882  -80.387  -12.251 0.8000000119
3568  -5.538  -80.855  -12.169 0.1000000015
3570  -7.000  -80.615  -12.030 0.1000000015
3577  -19.613  -80.616  -12.755 0.2000000030
3579  -20.490  -80.539  -12.785 0.2000000030
3582  -1.908  -80.601  -12.708 0.8000000119
3583  -2.347  -80.470  -12.808 0.8000000119
3584  -3.071  -80.547  -13.373 0.8000000119
3588  -7.640  -80.180  -13.354 1.0000000000
3590  -9.050  -80.430  -13.256 1.0000000000
3592  -10.524  -80.543  -13.071 1.0000000000
3596  -19.004  -80.465  -13.498 0.2000000030
3598  -20.150  -80.134  -13.218 0.2000000030
3602  1.191  -79.999  -14.811 0.8000000119
3603  0.975  -80.068  -14.985 0.8000000119
3605  -4.451  -80.660  -13.761 0.8999999762
3608  -7.038  -80.378  -13.533 1.0000000000
3611  -9.457  -80.963  -13.473 1.0000000000
3612  -10.229  -81.006  -13.484 1.0000000000
3614  -11.873  -80.900  -13.639 1.0000000000
3615  -12.779  -80.681  -14.015 1.0000000000
3617  -14.160  -80.000  -14.135 1.0000000000
3626  1.214  -80.354  -14.938 0.8000000119
3627  0.831  -80.099  -14.787 0.8000000119
3628  0.127  -79.944  -14.936 0.8000000119
3629  -0.477  -79.872  -15.233 0.8000000119
3630  -0.773  -79.950  -15.301 0.8000000119
3633  -14.222  -80.308  -14.580 1.0000000000
3636  -20.384  -79.758  -14.578 0.2000000030
3645  1.363  -80.762  -14.981 0.6999999881
3646  1.097  -80.038  -15.692 0.6999999881
3647  0.479  -80.475  -16.250 0.6999999881
3648  -0.744  -79.561  -15.456 0.8999999762
3649  -0.978  -79.895  -15.703 0.8000000119
3650  -13.463  -81.063  -14.977 1.0000000000
3651  -13.885  -80.923  -15.052 1.0000000000
3653  -15.261  -80.406  -15.676 1.0000000000
3654  -18.260  -80.248  -15.688 0.3000000119
3659  1.626  -80.507  -15.301 0.6999999881
3660  1.655  -80.207  -15.650 0.6999999881
3662  -1.433  -79.951  -16.262 0.8999999762
3663  -1.744  -80.273  -16.602 0.8999999762
3671  0.092  -80.170  -16.932 0.6999999881
3673  -2.248  -80.306  -17.019 0.8999999762
3675  -5.736  -79.995  -17.495 1.0000000000
3677  -6.742  -80.103  -17.361 1.0000000000
3680  -15.346  -80.869  -16.735 1.0000000000
3688  -0.771  -80.002  -18.017 0.5000000000
3689  -1.160  -80.271  -18.567 0.6000000238
3691  -3.913  -80.738  -18.036 1.0000000000
3693  -5.482  -80.352  -17.647 1.0000000000
3694  -6.304  -80.637  -17.569 1.0000000000
3696  -7.816  -80.693  -17.712 1.0000000000
3697  -8.545  -80.492  -17.940 1.0000000000
3698  -9.181  -80.470  -18.398 1.0000000000
3699  -9.497  -79.994  -18.424 1.0000000000
3706  -1.399  -80.292  -19.002 0.5000000000
3707  -6.348  -79.918  -19.260 0.1000000015
3709  -7.414  -79.939  -19.450 0.1000000015
3710  -9.367  -80.672  -18.818 1.0000000000
3714  -16.031  -80.031  -19.277 1.0000000000
3720  -1.623  -80.453  -19.393 0.5000000000
3722  -5.189  -80.403  -20.020 0.2000000030
3723  -5.860  -80.563  -19.515 0.1000000015
3725  -7.369  -80.494  -19.703 0.2000000030
3727  -9.843  -80.538  -19.395 1.0000000000
3728  -10.150  -80.357  -19.710 1.0000000000
3730  -15.925  -80.315  -19.684 1.0000000000
3735  -2.070  -80.463  -20.343 0.3000000119
3737  -7.747  -80.811  -20.096 0.2000000030
3738  -8.263  -80.705  -20.470 0.2000000030
3740  -10.511  -80.560  -20.525 0.8999999762
3741  -10.860  -80.123  -20.779 1.0000000000
3748  -2.327  -80.429  -21.070 0.4000000060
3750  -4.957  -80.513  -21.136 0.2000000030
3751  -8.596  -81.113  -21.128 0.2000000030
3752  -9.072  -80.679  -21.520 0.3000000119
3762  -2.281  -80.103  -21.874 0.2000000030
3763  -2.726  -80.553  -22.206 0.2000000030
3766  -9.763  -80.098  -22.554 0.4000000060
3768  -11.355  -80.059  -22.041 1.0000000000
3775  -2.431  -80.138  -22.509 0.2000000030
3776  -2.939  -80.477  -23.043 0.2000000030
3779  -9.534  -80.734  -23.277 0.5000000000
3781  -10.916  -80.768  -22.678 0.8999999762
3784  -18.202  -80.427  -22.794 1.0000000000
3788  -3.011  -80.114  -23.636 0.2000000030
3792  -9.620  -80.826  -23.801 0.5000000000
3793  -9.796  -80.378  -23.727 0.5000000000
3796  -17.387  -80.575  -23.781 1.0000000000
3802  -9.764  -80.698  -24.239 0.5000000000
3803  -11.390  -80.308  -24.547 1.0000000000
3805  -17.132  -80.184  -24.235 1.0000000000
3808  -11.020  -80.556  -25.336 1.0000000000
3810  -16.972  -79.857  -24.449 1.0000000000
3811  -17.296  -79.849  -24.649 1.0000000000
3813  -10.301  -80.390  -25.548 0.6999999881
3814  -10.862  -80.440  -25.660 0.6999999881
3816  -10.454  -80.195  -26.024 0.6999999881
3817  -10.725  -79.975  -26.133 0.6000000238
3895  -0.749  -79.307  9.925 0.1000000015
3904  -0.132  -79.103  9.390 0.2000000030
3906  -1.092  -79.373  9.134 0.1000000015
3916  -0.189  -79.102  9.017 0.2000000030
3939  -0.622  -79.834  6.818 0.4000000060
3940  -2.182  -79.927  6.947 0.2000000030
3952  -0.214  -80.198  5.473 0.4000000060
3953  -2.443  -79.769  5.181 0.1000000015
3958  -0.173  -80.123  4.695 0.5000000000
4034  -0.263  -79.818  -0.046 1.0000000000
4043  -0.254  -79.811  -0.848 1.0000000000
4044  -0.391  -79.307  -0.479 1.0000000000
4081  -3.544  -79.786  -3.502 1.0000000000
4093  -4.196  -79.329  -4.312 1.0000000000
4105  -4.242  -79.566  -4.727 1.0000000000
4115  -3.991  -80.244  -5.388 1.0000000000
4116  -4.209  -79.836  -5.305 1.0000000000
4133  -4.373  -79.688  -5.894 1.0000000000
4148  -4.146  -79.975  -7.184 1.0000000000
4155  -4.010  -79.883  -7.639 1.0000000000
4162  -3.134  -79.975  -8.948 1.0000000000
4163  -3.519  -79.940  -8.472 1.0000000000
4171  -3.424  -79.634  -9.297 1.0000000000
4175  -7.244  -79.145  -9.612 0.1000000015
4181  -2.035  -79.879  -10.408 1.0000000000
4182  -2.638  -79.650  -10.233 1.0000000000
4185  -6.728  -79.611  -10.040 0.1000000015
4186  -7.133  -79.316  -9.913 0.1000000015
4197  -1.679  -80.124  -10.798 0.8000000119
4198  -1.880  -79.975  -10.845 0.8999999762
4200  -6.401  -79.893  -10.753 0.1000000015
4202  -7.367  -79.421  -10.575 0.1000000015
4212  -1.969  -80.009  -11.330 0.8999999762
4214  -3.110  -79.605  -11.769 1.0000000000
4215  -7.244  -79.693  -11.022 0.1000000015
4225  -2.204  -80.106  -11.804 1.0000000000
4229  -5.120  -79.074  -12.390 1.0000000000
4230  -9.564  -79.666  -12.705 1.0000000000
4233  -12.008  -79.202  -12.220 1.0000000000
4241  -2.878  -80.268  -12.823 1.0000000000
4246  -7.245  -79.802  -13.213 1.0000000000
4248  -8.731  -79.929  -13.086 1.0000000000
4250  -10.013  -80.050  -12.826 1.0000000000
4254  -13.711  -79.517  -13.356 1.0000000000
4256  -19.102  -80.058  -13.638 0.2000000030
4257  -19.649  -79.879  -13.506 0.2000000030
4264  -6.268  -79.980  -13.441 0.8999999762
4265  -6.755  -79.917  -13.357 1.0000000000
4266  -13.910  -79.786  -13.686 1.0000000000
4267  -14.212  -79.582  -13.885 1.0000000000
4268  -14.573  -79.588  -14.218 1.0000000000
4269  -18.315  -79.977  -14.658 0.2000000030
4270  -18.702  -79.769  -14.222 0.3000000119
4272  -19.890  -79.618  -13.942 0.2000000030
4280  1.497  -80.185  -14.705 0.8000000119
4281  0.550  -79.759  -15.160 0.8000000119
4284  -14.837  -79.760  -14.588 1.0000000000
4289  -20.082  -79.444  -14.531 0.2000000030
4299  1.685  -80.080  -14.844 0.8000000119
4300  1.373  -79.888  -15.309 0.8000000119
4301  0.514  -79.798  -15.724 0.8000000119
4302  -0.532  -79.203  -15.416 0.8000000119
4304  -15.153  -80.124  -15.131 1.0000000000
4306  -18.222  -79.815  -15.468 0.2000000030
4307  -20.212  -79.263  -15.072 0.2000000030
4312  1.728  -80.049  -15.379 0.6999999881
4313  1.578  -79.958  -15.578 0.6999999881
4314  0.285  -79.409  -16.430 0.6999999881
4315  -1.368  -79.332  -16.119 0.8999999762
4317  -15.963  -79.588  -16.697 1.0000000000
4324  -0.060  -79.350  -17.119 0.5000000000
4325  -0.494  -79.288  -17.669 0.5000000000
4326  -2.681  -79.690  -17.205 0.8999999762
4328  -4.337  -79.499  -17.691 1.0000000000
4330  -5.684  -79.602  -17.406 1.0000000000
4332  -7.154  -79.514  -17.132 1.0000000000
4334  -8.744  -79.713  -17.568 1.0000000000
4335  -9.418  -79.361  -17.729 1.0000000000
4336  -9.730  -79.176  -17.831 1.0000000000
4346  -0.879  -79.291  -18.078 0.5000000000
4348  -3.677  -80.346  -17.947 1.0000000000
4349  -4.133  -80.144  -17.915 1.0000000000
4350  -4.814  -79.961  -17.768 1.0000000000
4351  -5.253  -79.824  -17.608 1.0000000000
4352  -8.947  -80.140  -17.982 1.0000000000
4354  -9.824  -79.497  -18.231 1.0000000000
4357  -16.106  -79.642  -18.016 1.0000000000
4360  -21.239  -79.366  -17.722 0.3000000119
4365  -1.334  -79.659  -18.863 0.5000000000
4366  -1.605  -79.458  -19.305 0.5000000000
4367  -6.256  -79.380  -19.173 0.1000000015
4368  -6.758  -79.359  -19.072 0.1000000015
4369  -7.475  -79.435  -19.194 0.1000000015
4371  -10.008  -79.640  -18.683 1.0000000000
4372  -10.224  -79.574  -18.997 1.0000000000
4373  -15.936  -80.049  -18.329 1.0000000000
4376  -18.698  -79.271  -18.954 0.6999999881
4378  -21.731  -79.041  -19.158 0.2000000030
4384  -1.809  -79.796  -19.874 0.4000000060
4386  -5.694  -79.531  -19.538 0.1000000015
4387  -7.812  -79.880  -19.606 0.2000000030
4389  -9.046  -79.388  -20.128 0.1000000015
4390  -10.544  -79.586  -19.505 1.0000000000
4391  -10.948  -79.374  -19.900 1.0000000000
4393  -18.628  -79.751  -19.562 0.6000000238
4395  -21.723  -79.547  -19.488 0.1000000015
4396  -21.781  -78.908  -19.636 0.1000000015
4400  -2.011  -79.837  -20.679 0.2000000030
4401  -5.104  -79.913  -20.627 0.2000000030
4402  -8.704  -80.189  -20.502 0.3000000119
4403  -9.206  -79.792  -20.756 0.1000000015
4404  -9.632  -79.327  -20.914 0.2000000030
4416  -5.207  -79.768  -21.512 0.2000000030
4417  -9.505  -80.131  -21.691 0.4000000060
4420  -11.802  -79.000  -21.996 1.0000000000
4421  -16.367  -79.531  -21.312 1.0000000000
4424  -21.836  -79.919  -20.658 0.1000000015
4428  -2.060  -79.595  -21.872 0.2000000030
4431  -9.598  -80.205  -22.057 0.4000000060
4432  -9.761  -79.927  -22.107 0.4000000060
4434  -11.741  -79.229  -22.431 1.0000000000
4435  -16.324  -79.817  -21.808 1.0000000000
4441  -2.075  -79.605  -22.407 0.2000000030
4442  -2.372  -79.887  -22.930 0.2000000030
4446  -11.627  -79.677  -22.830 1.0000000000
4449  -18.435  -79.943  -22.680 1.0000000000
4454  -2.173  -79.445  -23.015 0.2000000030
4460  -10.318  -79.436  -24.001 0.4000000060
4461  -11.610  -79.773  -23.400 1.0000000000
4462  -11.827  -79.362  -23.634 1.0000000000
4465  -18.514  -79.415  -23.486 0.8999999762
4476  -11.663  -79.688  -24.161 0.8999999762
4478  -16.728  -79.617  -24.209 1.0000000000
4479  -18.269  -79.582  -24.057 0.8999999762
4485  -10.127  -79.502  -25.058 0.4000000060
4487  -11.868  -79.199  -24.572 1.0000000000
4488  -17.073  -79.478  -24.723 1.0000000000
4489  -17.465  -79.436  -24.987 1.0000000000
4491  -10.133  -79.958  -25.957 0.6000000238
4492  -11.086  -79.873  -26.065 0.6000000238
4493  -11.446  -79.616  -25.936 0.6000000238
4495  -10.822  -79.509  -26.417 0.6000000238
4496  -11.231  -79.466  -26.385 0.6999999881
4617  0.655  -78.120  11.568 0.1000000015
4618  0.433  -78.354  11.446 0.2000000030
4619  0.104  -78.576  11.259 0.2000000030
4624  0.780  -78.144  11.233 0.2000000030
4625  0.452  -78.519  10.981 0.2000000030
4626  0.053  -78.786  10.849 0.3000000119
4634  -0.974  -78.934  9.941 0.1000000015
4645  0.242  -78.809  9.497 0.4000000060
4646  -0.176  -79.087  9.637 0.2000000030
4647  -1.277  -78.952  9.478 0.1000000015
4660  -1.553  -78.984  8.874 0.2000000030
4674  0.026  -78.620  8.189 0.4000000060
4675  -0.294  -78.955  7.970 0.6000000238
4684  -0.403  -79.262  7.201 0.5000000000
4685  -2.362  -79.244  6.571 0.1000000015
4737  -0.448  -78.513  2.024 0.8999999762
4752  -0.455  -78.747  1.473 0.8999999762
4779  -0.489  -79.055  0.147 1.0000000000
4785  -0.339  -78.951  -1.040 1.0000000000
4791  0.377  -78.264  -2.293 1.0000000000
4814  -1.375  -78.749  -2.558 1.0000000000
4815  -2.137  -78.874  -2.584 1.0000000000
4817  -3.677  -79.080  -3.193 1.0000000000
4818  -4.046  -78.726  -3.425 1.0000000000
4835  -3.824  -79.442  -3.636 1.0000000000
4855  -4.528  -79.334  -5.310 1.0000000000
4871  -5.067  -78.559  -6.097 1.0000000000
4886  -5.149  -78.431  -6.873 1.0000000000
4896  -5.204  -78.299  -7.586 1.0000000000
4904  -4.579  -79.087  -8.293 1.0000000000
4905  -5.005  -78.573  -8.175 1.0000000000
4912  -4.164  -79.238  -9.142 1.0000000000
4913  -4.818  -78.724  -8.891 1.0000000000
4923  -4.006  -79.036  -9.992 1.0000000000
4935  -2.788  -79.551  -10.905 0.8999999762
4936  -3.263  -79.361  -10.869 1.0000000000
4937  -3.788  -79.037  -10.736 1.0000000000
4938  -4.485  -78.752  -10.555 1.0000000000
4950  -3.598  -79.265  -11.466 0.8999999762
4960  -4.151  -79.172  -11.881 0.8999999762
4962  -5.353  -78.735  -11.953 0.8999999762
4963  -6.057  -78.574  -12.067 1.0000000000
4964  -6.771  -78.646  -12.369 0.8999999762
4966  -8.283  -78.885  -12.451 0.8999999762
4970  -11.580  -78.651  -11.898 1.0000000000
4972  -13.038  -78.453  -12.182 1.0000000000
4980  -6.987  -79.199  -12.778 1.0000000000
4982  -8.517  -79.464  -12.778 1.0000000000
4984  -12.878  -78.903  -12.324 1.0000000000
4993  -14.467  -78.931  -13.699 1.0000000000
4994  -14.804  -79.136  -14.171 1.0000000000
4995  -19.124  -79.277  -14.295 0.2000000030
4996  -19.418  -79.295  -14.259 0.2000000030
5005  1.689  -79.880  -14.739 0.8000000119
5006  0.203  -78.956  -15.513 0.8000000119
5007  -0.274  -78.622  -15.406 0.8999999762
5009  -15.664  -79.119  -15.168 1.0000000000
5010  -18.316  -79.368  -15.169 0.2000000030
5011  -18.792  -79.140  -14.770 0.3000000119
5013  -19.973  -79.118  -14.900 0.2000000030
5021  1.756  -79.977  -15.047 0.8000000119
5022  1.666  -79.750  -15.076 0.8000000119
5023  0.400  -78.966  -15.922 0.6999999881
5025  -1.307  -78.645  -15.948 0.8999999762
5026  -15.917  -79.166  -15.584 1.0000000000
5028  -18.275  -79.359  -15.696 0.4000000060
5030  -19.196  -78.563  -15.136 0.3000000119
5032  -20.393  -78.826  -15.805 0.2000000030
5037  -1.812  -78.754  -16.284 0.8999999762
5039  -2.854  -78.677  -16.825 0.8999999762
5040  -7.875  -78.222  -16.550 1.0000000000
5042  -8.892  -78.598  -16.876 1.0000000000
5043  -16.068  -79.277  -16.003 1.0000000000
5044  -16.314  -78.825  -16.390 1.0000000000
5046  -18.587  -78.653  -16.405 0.5000000000
5051  0.163  -78.617  -16.795 0.6999999881
5053  -2.609  -79.112  -16.906 0.8999999762
5056  -4.666  -78.861  -17.387 1.0000000000
5058  -6.142  -78.877  -17.061 1.0000000000
5059  -6.808  -78.996  -16.984 1.0000000000
5061  -8.447  -79.022  -17.023 1.0000000000
5063  -9.690  -78.863  -17.515 1.0000000000
5064  -10.093  -78.648  -17.671 1.0000000000
5066  -18.455  -79.199  -16.679 0.6000000238
5072  -1.192  -78.974  -18.488 0.5000000000
5074  -10.289  -78.786  -18.188 1.0000000000
5076  -18.573  -79.182  -17.268 0.6000000238
5081  -1.567  -79.023  -18.947 0.5000000000
5083  -2.354  -78.600  -19.591 0.5000000000
5084  -6.337  -78.714  -19.136 0.1000000015
5088  -9.120  -78.621  -19.496 0.1000000015
5089  -10.722  -78.868  -18.988 1.0000000000
5091  -16.368  -79.084  -19.166 1.0000000000
5094  -21.754  -78.576  -19.313 0.3000000119
5097  -2.039  -79.172  -20.034 0.4000000060
5098  -2.320  -78.809  -19.943 0.5000000000
5099  -5.382  -79.230  -20.284 0.1000000015
5101  -8.895  -79.221  -19.839 0.1000000015
5102  -9.257  -78.886  -19.865 0.1000000015
5103  -9.642  -78.670  -20.065 0.2000000030
5106  -16.342  -79.118  -19.667 1.0000000000
5108  -21.788  -78.517  -19.627 0.2000000030
5112  -2.193  -78.973  -20.462 0.4000000060
5114  -5.620  -78.637  -20.866 0.1000000015
5115  -9.275  -79.269  -20.292 0.2000000030
5118  -11.878  -78.502  -21.108 1.0000000000
5120  -18.921  -78.492  -20.438 0.6000000238
5124  -2.044  -79.256  -20.962 0.4000000060
5125  -2.264  -78.739  -21.037 0.3000000119
5126  -5.399  -79.097  -21.399 0.1000000015
5127  -5.711  -78.676  -21.698 0.1000000015
5128  -9.946  -78.903  -21.088 0.2000000030
5129  -10.293  -78.563  -21.536 0.2000000030
5130  -11.767  -78.835  -21.272 1.0000000000
5131  -11.910  -78.699  -21.662 1.0000000000
5133  -16.684  -78.554  -21.435 1.0000000000
5134  -18.898  -78.777  -21.030 0.6999999881
5137  -2.047  -78.989  -21.794 0.3000000119
5155  -11.985  -78.903  -22.812 1.0000000000
5158  -18.812  -78.914  -22.403 0.6999999881
5165  -10.365  -79.290  -23.579 0.4000000060
5168  -16.677  -79.074  -23.848 1.0000000000
5179  -10.524  -78.756  -24.693 0.4000000060
5180  -12.139  -78.738  -24.264 1.0000000000
5181  -16.813  -79.129  -24.353 1.0000000000
5182  -18.193  -79.078  -24.701 0.8000000119
5184  -22.794  -78.294  -24.129 0.1000000015
5186  -23.565  -78.357  -23.941 0.1000000015
5191  -10.076  -79.435  -25.513 0.4000000060
5192  -10.278  -78.993  -25.277 0.4000000060
5201  -10.062  -79.604  -25.818 0.4000000060
5202  -10.124  -79.192  -25.922 0.4000000060
5203  -11.494  -79.208  -26.324 0.6999999881
5204  -11.728  -78.686  -26.355 0.8000000119
5205  -17.135  -78.676  -25.324 1.0000000000
5206  -17.386  -78.638  -25.587 1.0000000000
5207  -10.145  -79.527  -26.178 0.6000000238
5208  -10.356  -79.064  -26.606 0.5000000000
5212  -10.955  -78.426  -27.282 0.6999999881
5318  0.442  -77.902  12.054 0.1000000015
5319  0.098  -77.994  11.988 0.2000000030
5331  0.872  -77.746  11.752 0.1000000015
5332  0.447  -78.115  11.787 0.2000000030
5342  -0.330  -78.293  11.000 0.2000000030
5353  -1.159  -78.576  9.719 0.1000000015
5364  0.834  -77.871  9.696 0.2000000030
5365  0.677  -78.127  9.376 0.3000000119
5379  0.517  -78.358  8.901 0.3000000119
5380  -1.721  -78.362  8.414 0.2000000030
5396  -1.918  -78.396  7.876 0.1000000015
5397  -2.065  -78.564  7.437 0.1000000015
5405  0.026  -78.028  7.620 0.6000000238
5438  -0.471  -78.119  3.312 0.6999999881
5451  -0.534  -77.970  2.706 0.8000000119
5465  -0.508  -78.132  2.252 0.8000000119
5494  -0.597  -78.389  0.774 0.8999999762
5504  -0.433  -78.042  -0.539 1.0000000000
5512  -0.279  -78.183  -0.975 1.0000000000
5513  -0.487  -78.564  -0.731 1.0000000000
5522  0.551  -77.974  -2.279 1.0000000000
5536  0.987  -77.927  -3.094 1.0000000000
5537  0.347  -78.073  -3.188 1.0000000000
5538  -0.311  -77.994  -3.099 1.0000000000
5541  -2.669  -78.236  -2.641 1.0000000000
5542  -3.412  -78.335  -2.804 1.0000000000
5562  1.351  -77.551  -3.849 1.0000000000
5564  0.140  -77.801  -3.610 1.0000000000
5565  -4.289  -78.413  -3.603 1.0000000000
5576  1.453  -76.930  -4.102 1.0000000000
5577  1.404  -77.108  -4.274 1.0000000000
5578  1.091  -77.368  -4.390 1.0000000000
5579  -4.497  -78.494  -4.064 1.0000000000
5580  -4.909  -78.109  -4.461 1.0000000000
5591  -5.255  -78.062  -5.362 1.0000000000
5605  -5.491  -77.950  -6.316 1.0000000000
5606  -5.860  -77.354  -6.196 1.0000000000
5619  -5.791  -77.521  -6.839 1.0000000000
5630  -5.776  -77.577  -7.500 1.0000000000
5641  -5.344  -78.105  -8.179 1.0000000000
5642  -5.738  -77.705  -8.151 1.0000000000
5652  -5.563  -77.948  -8.793 1.0000000000
5659  -5.855  -77.904  -9.627 1.0000000000
5676  -5.591  -78.250  -11.005 1.0000000000
5678  -7.062  -77.935  -11.427 1.0000000000
5680  -8.331  -77.868  -11.738 1.0000000000
5682  -9.886  -77.734  -11.502 1.0000000000
5683  -10.697  -77.665  -11.385 1.0000000000
5693  -7.254  -78.226  -12.068 1.0000000000
5695  -8.752  -78.365  -12.089 1.0000000000
5697  -10.401  -78.249  -11.715 1.0000000000
5700  -12.835  -77.980  -11.838 1.0000000000
5707  -13.799  -77.933  -12.591 1.0000000000
5708  -14.306  -78.082  -13.120 1.0000000000
5718  -14.505  -78.539  -13.460 1.0000000000
5720  -15.539  -77.947  -14.228 1.0000000000
5729  0.241  -77.205  -15.447 0.6999999881
5730  -0.045  -77.799  -15.288 0.6999999881
5731  -0.510  -77.840  -15.519 0.8999999762
5732  -15.233  -78.720  -14.336 1.0000000000
5734  -16.308  -77.878  -15.193 1.0000000000
5743  0.412  -77.322  -15.691 0.6999999881
5745  -0.870  -77.731  -15.673 0.8999999762
5746  -1.354  -77.879  -15.829 0.8999999762
5750  -19.002  -78.387  -15.573 0.3000000119
5752  -19.922  -78.218  -15.895 0.2000000030
5756  0.348  -77.908  -16.435 0.6999999881
5757  -1.701  -78.236  -16.065 0.8999999762
5758  -2.214  -78.107  -16.257 0.8999999762
5759  -2.878  -78.133  -16.565 0.8999999762
5761  -4.028  -77.986  -16.891 0.8999999762
5763  -6.537  -77.639  -16.539 1.0000000000
5764  -7.376  -77.912  -16.492 1.0000000000
5766  -9.019  -77.981  -16.565 1.0000000000
5768  -10.271  -77.934  -17.081 1.0000000000
5772  -20.217  -78.050  -16.440 0.3000000119
5777  0.118  -77.791  -17.095 0.6999999881
5778  -0.344  -77.704  -17.657 0.5000000000
5779  -3.225  -78.440  -16.879 0.8999999762
5780  -3.696  -78.441  -17.061 0.8999999762
5781  -4.312  -78.359  -17.149 1.0000000000
5782  -4.995  -78.229  -17.074 1.0000000000
5783  -5.805  -77.977  -16.839 1.0000000000
5785  -7.233  -78.328  -16.668 1.0000000000
5786  -9.427  -78.462  -17.045 1.0000000000
5787  -9.977  -78.353  -17.270 1.0000000000
5790  -16.852  -77.749  -17.290 1.0000000000
5793  -20.434  -77.709  -17.031 0.3000000119
5794  -20.843  -77.863  -17.326 0.3000000119
5798  -0.700  -77.553  -18.188 0.5000000000
5799  -1.411  -78.037  -18.415 0.5000000000
5800  -2.192  -77.875  -18.631 0.5000000000
5801  -2.528  -77.817  -18.767 0.4000000060
5805  -16.978  -77.547  -18.456 1.0000000000
5811  -1.508  -78.638  -18.668 0.5000000000
5813  -2.566  -78.193  -19.185 0.4000000060
5815  -6.276  -77.953  -19.384 0.1000000015
5817  -7.733  -77.973  -18.729 0.1000000015
5819  -9.249  -78.179  -19.217 0.2000000030
5820  -9.675  -77.898  -19.391 0.1000000015
5821  -11.080  -78.292  -18.857 1.0000000000
5823  -12.032  -77.425  -19.286 1.0000000000
5825  -16.883  -77.764  -18.899 1.0000000000
5827  -21.448  -77.948  -18.848 0.3000000119
5828  -21.671  -78.296  -19.123 0.3000000119
5832  -2.570  -78.471  -19.774 0.3000000119
5833  -2.907  -78.119  -19.828 0.4000000060
5835  -6.539  -77.411  -19.455 0.1000000015
5836  -9.331  -78.525  -19.531 0.2000000030
5838  -11.718  -78.150  -19.818 1.0000000000
5841  -16.757  -78.091  -19.605 1.0000000000
5842  -19.025  -77.753  -19.702 0.6999999881
5844  -21.688  -78.022  -19.557 0.3000000119
5849  -3.090  -78.003  -20.516 0.3000000119
5850  -5.974  -77.890  -20.539 0.1000000015
5851  -10.002  -78.350  -20.348 0.2000000030
5852  -10.389  -77.934  -20.717 0.2000000030
5853  -11.675  -78.443  -20.189 1.0000000000
5854  -11.988  -78.089  -20.501 1.0000000000
5855  -16.601  -78.495  -20.258 1.0000000000
5857  -19.008  -77.954  -20.290 0.6999999881
5858  -21.832  -77.950  -20.419 0.2000000030
5861  -2.624  -78.296  -21.123 0.3000000119
5873  -2.214  -78.642  -22.281 0.2000000030
5874  -2.531  -78.259  -21.973 0.1000000015
5875  -3.288  -77.696  -22.172 0.1000000015
5878  -10.828  -77.737  -22.337 0.3000000119
5879  -12.188  -78.326  -21.997 1.0000000000
5884  -2.391  -78.487  -22.621 0.1000000015
5889  -10.930  -77.635  -23.133 0.3000000119
5891  -16.846  -77.587  -23.090 1.0000000000
5896  -3.349  -77.935  -23.607 0.1000000015
5899  -10.794  -78.034  -23.747 0.3000000119
5901  -16.813  -78.575  -23.979 1.0000000000
5902  -16.855  -78.058  -23.709 1.0000000000
5912  -10.714  -78.254  -24.445 0.3000000119
5917  -22.548  -78.097  -24.072 0.1000000015
5920  -24.082  -77.620  -24.101 0.1000000015
5927  -12.380  -77.883  -25.334 0.8999999762
5928  -16.937  -78.939  -24.555 1.0000000000
5932  -23.050  -77.608  -24.775 0.1000000015
5933  -23.232  -77.729  -24.726 0.1000000015
5941  -17.618  -78.333  -26.190 0.8999999762
5943  -10.570  -78.197  -26.620 0.5000000000
5944  -11.512  -78.441  -27.131 0.6999999881
5945  -11.810  -78.015  -26.977 0.8000000119
5951  -11.062  -77.590  -27.767 0.6000000238
5953  -11.753  -77.383  -28.108 0.8000000119
6048  0.698  -77.310  12.909 0.1000000015
6063  1.035  -77.206  12.431 0.1000000015
6064  0.527  -77.535  12.498 0.1000000015
6085  1.279  -76.924  11.631 0.2000000030
6112  1.193  -77.088  10.304 0.3000000119
6124  1.000  -77.385  9.614 0.5000000000
6125  0.793  -77.738  9.395 0.4000000060
6160  -1.806  -77.839  7.874 0.1000000015
6172  -0.030  -77.462  6.928 0.6000000238
6173  -0.259  -77.972  6.412 0.6999999881
6184  -0.320  -77.804  5.692 0.6999999881
6202  -0.506  -77.530  4.221 0.6999999881
6232  -0.647  -77.535  3.080 0.6999999881
6258  -0.628  -77.504  1.230 0.8000000119
6268  -0.519  -77.339  0.540 0.8000000119
6279  0.069  -77.326  -0.754 1.0000000000
6280  -0.385  -77.686  -0.337 1.0000000000
6281  -0.581  -77.986  -0.085 1.0000000000
6290  0.348  -77.286  -1.203 1.0000000000
6302  0.578  -77.393  -1.823 1.0000000000
6303  0.351  -77.570  -1.402 1.0000000000
6318  -0.825  -77.423  -3.318 1.0000000000
6319  -1.695  -77.237  -3.153 1.0000000000
6322  -3.852  -77.598  -2.963 1.0000000000
6342  1.329  -76.716  -3.876 1.0000000000
6343  1.209  -77.104  -3.277 1.0000000000
6344  0.455  -77.546  -4.273 1.0000000000
6345  0.135  -77.423  -4.079 1.0000000000
6348  -4.376  -77.834  -3.400 1.0000000000
6349  -4.954  -77.349  -3.806 1.0000000000
6364  1.307  -76.718  -4.325 1.0000000000
6365  1.158  -76.706  -4.871 1.0000000000
6366  0.517  -77.206  -4.604 1.0000000000
6367  -0.187  -76.852  -4.497 1.0000000000
6368  -0.723  -76.638  -4.318 1.0000000000
6370  -5.932  -76.717  -4.742 1.0000000000
6381  0.581  -76.598  -5.047 1.0000000000
6383  -0.253  -76.499  -4.835 1.0000000000
6384  -5.597  -77.559  -5.311 1.0000000000
6385  -5.927  -77.081  -5.462 1.0000000000
6400  -6.222  -76.794  -6.201 1.0000000000
6401  -6.501  -76.511  -6.510 1.0000000000
6416  -6.376  -76.777  -6.834 1.0000000000
6426  -6.090  -77.152  -7.216 1.0000000000
6439  -6.155  -77.258  -7.924 1.0000000000
6452  -7.405  -76.992  -9.619 1.0000000000
6455  -6.995  -77.373  -10.043 1.0000000000
6458  -7.438  -77.478  -10.867 1.0000000000
6461  -9.484  -76.749  -10.904 1.0000000000
6462  -9.994  -76.510  -10.803 1.0000000000
6471  -7.936  -77.501  -11.379 1.0000000000
6474  -10.209  -77.009  -11.113 1.0000000000
6476  -12.037  -77.225  -11.340 1.0000000000
6478  -13.149  -76.794  -11.709 1.0000000000
6484  -12.191  -77.549  -11.514 1.0000000000
6486  -13.356  -77.211  -11.977 1.0000000000
6487  -13.830  -76.905  -12.266 1.0000000000
6490  -13.657  -77.607  -12.344 1.0000000000
6503  -15.486  -77.493  -14.003 1.0000000000
6510  0.199  -76.512  -15.292 0.8999999762
6512  -0.552  -76.999  -15.420 0.8999999762
6513  -0.911  -76.672  -15.433 1.0000000000
6526  0.482  -77.300  -16.032 0.6999999881
6527  -0.736  -77.409  -15.574 0.8999999762
6529  -1.913  -77.220  -15.790 0.8999999762
6530  -2.490  -77.209  -15.911 0.8999999762
6531  -9.233  -76.691  -15.947 1.0000000000
6532  -9.472  -76.923  -16.111 1.0000000000
6533  -16.787  -77.317  -15.653 1.0000000000
6541  0.567  -76.711  -16.113 0.6999999881
6543  -2.236  -77.586  -16.019 0.8999999762
6545  -3.289  -77.486  -16.403 0.8999999762
6547  -4.818  -77.176  -16.648 1.0000000000
6548  -5.593  -77.219  -16.635 1.0000000000
6549  -6.268  -77.035  -16.431 1.0000000000
6551  -7.844  -77.118  -16.187 1.0000000000
6553  -9.561  -77.413  -16.387 1.0000000000
6554  -10.258  -77.427  -16.683 1.0000000000
6557  -17.264  -76.457  -16.843 1.0000000000
6566  -5.222  -77.658  -16.817 1.0000000000
6567  -5.543  -77.604  -16.787 1.0000000000
6568  -10.715  -77.634  -17.190 1.0000000000
6569  -11.264  -77.183  -17.440 1.0000000000
6570  -17.072  -77.297  -17.446 1.0000000000
6573  -19.862  -77.231  -17.647 0.5000000000
6574  -20.295  -77.367  -17.435 0.2000000030
6575  -20.604  -77.553  -17.360 0.3000000119
6581  -0.074  -76.699  -18.251 0.6000000238
6582  -0.586  -76.802  -18.251 0.5000000000
6584  -1.985  -77.219  -18.231 0.5000000000
6586  -3.163  -77.154  -18.691 0.3000000119
6589  -9.392  -76.905  -18.599 0.1000000015
6591  -11.783  -76.984  -18.201 1.0000000000
6604  -2.732  -77.735  -18.862 0.4000000060
6605  -3.084  -77.563  -19.011 0.4000000060
6606  -6.999  -76.874  -19.289 0.1000000015
6607  -7.607  -77.024  -18.711 0.2000000030
6609  -9.024  -77.487  -18.728 0.1000000015
6611  -10.177  -77.264  -19.435 0.1000000015
6612  -11.853  -77.225  -18.702 1.0000000000
6614  -12.658  -76.509  -19.265 1.0000000000
6616  -19.224  -77.338  -18.965 0.6999999881
6617  -19.609  -77.041  -18.971 0.5000000000
6618  -20.126  -76.903  -18.604 0.5000000000
6624  -3.883  -77.061  -20.160 0.2000000030
6625  -6.272  -77.279  -20.062 0.1000000015
6627  -9.993  -77.730  -19.709 0.1000000015
6629  -12.277  -77.272  -19.556 1.0000000000
6638  -3.609  -77.479  -20.665 0.2000000030
6640  -6.226  -77.339  -20.349 0.1000000015
6644  -12.359  -77.411  -20.167 1.0000000000
6648  -19.465  -76.975  -20.541 0.5000000000
6653  -3.739  -77.293  -21.468 0.1000000015
6654  -4.384  -76.767  -21.510 0.1000000015
6658  -11.472  -76.297  -21.754 0.2000000030
6664  -21.868  -77.056  -21.729 0.2000000030
6668  -4.699  -76.632  -22.180 0.1000000015
6671  -11.424  -76.508  -22.393 0.2000000030
6672  -12.464  -77.589  -21.949 1.0000000000
6673  -12.874  -76.880  -21.729 1.0000000000
6674  -16.930  -77.066  -22.612 1.0000000000
6679  -4.124  -77.316  -23.111 0.1000000015
6681  -5.086  -76.517  -23.278 0.1000000015
6683  -11.145  -77.170  -23.303 0.3000000119
6687  -16.859  -77.087  -23.213 1.0000000000
6691  -3.863  -77.614  -23.619 0.1000000015
6693  -4.972  -76.778  -23.682 0.1000000015
6695  -11.021  -77.474  -23.774 0.3000000119
6702  -22.553  -77.302  -24.055 0.1000000015
6709  -11.089  -77.308  -24.413 0.3000000119
6710  -12.568  -77.436  -24.845 0.8999999762
6713  -18.943  -77.158  -24.728 0.6000000238
6714  -22.412  -77.830  -23.943 0.1000000015
6715  -22.565  -77.574  -24.227 0.1000000015
6717  -23.891  -77.125  -24.657 0.1000000015
6721  -10.838  -77.769  -24.889 0.3000000119
6724  -12.791  -76.979  -25.408 1.0000000000
6725  -17.002  -77.113  -25.115 1.0000000000
6736  -11.058  -76.996  -25.985 0.3000000119
6737  -12.492  -77.455  -25.839 0.8999999762
6741  -17.886  -77.933  -26.392 0.8000000119
6742  -18.164  -77.518  -26.272 0.8000000119
6746  -10.848  -77.284  -26.785 0.3000000119
6749  -12.617  -76.996  -26.545 0.8999999762
6750  -16.917  -76.933  -26.261 1.0000000000
6751  -17.183  -77.475  -26.532 1.0000000000
6752  -17.663  -77.632  -26.793 0.8000000119
6754  -10.901  -77.208  -27.558 0.4000000060
6755  -12.199  -77.354  -27.410 0.8999999762
6756  -12.470  -76.974  -27.678 0.8999999762
6759  -17.563  -77.134  -27.287 0.6999999881
6760  -11.113  -77.046  -28.163 0.6000000238
6761  -11.610  -77.128  -28.319 0.6000000238
6763  -12.599  -76.776  -28.006 1.0000000000
6764  -11.410  -76.774  -28.513 0.8000000119
6765  -11.800  -76.853  -28.712 0.8000000119
6766  -12.211  -76.720  -28.482 0.8000000119
6864  1.368  -76.522  13.069 0.1000000015
6865  0.736  -76.850  13.428 0.1000000015
6873  1.801  -76.029  12.427 0.3000000119
6876  -0.075  -77.225  12.074 0.1000000015
6894  1.686  -75.883  11.739 0.4000000060
6896  -0.031  -76.471  12.229 0.1000000015
6920  1.599  -75.851  11.481 0.4000000060
6938  1.290  -76.344  10.515 0.6999999881
6972  0.441  -76.651  8.166 0.6000000238
6998  -0.037  -76.583  6.652 0.8000000119
7017  -0.298  -77.228  5.823 0.8000000119
7042  -0.478  -77.068  4.595 0.8000000119
7068  -0.502  -76.423  2.606 0.8999999762
7069  -0.661  -76.868  2.759 0.8999999762
7089  -0.464  -76.905  1.095 0.8999999762
7090  -0.535  -77.032  1.555 0.8999999762
7100  0.053  -77.022  0.230 1.0000000000
7101  -0.264  -76.880  0.431 1.0000000000
7102  -1.577  -76.101  -0.225 1.0000000000
7103  -1.865  -75.942  -0.280 1.0000000000
7104  -2.081  -75.842  -0.360 1.0000000000
7115  -0.284  -77.193  0.043 1.0000000000
7116  -1.248  -76.196  -0.556 1.0000000000
7118  -1.921  -75.899  -0.691 1.0000000000
7127  0.295  -76.934  -0.836 1.0000000000
7128  0.102  -76.384  -1.271 1.0000000000
7131  -1.702  -75.975  -0.973 1.0000000000
7142  0.584  -76.807  -1.404 1.0000000000
7144  -0.581  -76.166  -1.858 1.0000000000
7145  -1.049  -75.962  -1.962 1.0000000000
7159  -1.014  -75.905  -2.264 1.0000000000
7160  -1.970  -76.864  -3.371 1.0000000000
7163  -4.079  -76.819  -3.163 1.0000000000
7176  1.025  -76.398  -4.213 1.0000000000
7178  -0.302  -75.837  -3.428 1.0000000000
7179  -0.696  -75.745  -3.131 1.0000000000
7180  -1.167  -76.621  -4.040 1.0000000000
7184  -4.497  -76.190  -3.428 1.0000000000
7185  -5.246  -76.362  -3.704 1.0000000000
7186  -5.842  -76.224  -4.271 1.0000000000
7202  0.515  -75.769  -4.692 1.0000000000
7204  -0.594  -76.416  -4.701 1.0000000000
7205  -1.136  -76.303  -4.494 1.0000000000
7206  -1.496  -76.348  -4.204 1.0000000000
7208  -6.536  -75.786  -5.123 1.0000000000
7219  0.722  -76.136  -5.272 1.0000000000
7220  0.258  -76.174  -5.341 1.0000000000
7221  -0.405  -76.142  -5.187 1.0000000000
7223  -6.199  -76.518  -5.205 1.0000000000
7224  -6.470  -76.112  -5.399 1.0000000000
7240  0.594  -75.730  -5.339 1.0000000000
7241  0.430  -75.723  -5.653 1.0000000000
7243  -6.303  -76.554  -5.664 1.0000000000
7262  -7.245  -76.009  -7.222 1.0000000000
7274  -7.611  -75.848  -7.571 1.0000000000
7283  -7.339  -76.625  -8.738 1.0000000000
7285  -8.488  -75.820  -8.530 1.0000000000
7294  -7.416  -76.845  -9.237 1.0000000000
7296  -8.561  -76.047  -8.985 1.0000000000
7303  -8.385  -76.677  -10.288 1.0000000000
7304  -8.979  -76.190  -9.814 1.0000000000
7306  -10.220  -75.710  -10.092 1.0000000000
7309  -8.592  -76.807  -10.700 1.0000000000
7311  -9.578  -76.273  -10.498 1.0000000000
7314  -12.137  -76.005  -10.717 1.0000000000
7325  -10.833  -76.567  -10.852 1.0000000000
7327  -12.561  -76.391  -11.177 1.0000000000
7334  -13.380  -76.492  -11.808 1.0000000000
7338  -14.113  -76.572  -12.454 1.0000000000
7339  -14.580  -76.647  -12.870 1.0000000000
7340  -15.012  -76.357  -13.274 1.0000000000
7350  0.194  -75.315  -14.973 1.0000000000
7351  0.140  -75.700  -14.889 1.0000000000
7353  -15.449  -76.638  -13.792 1.0000000000
7362  0.023  -75.986  -14.999 0.8999999762
7363  -0.417  -76.164  -15.120 1.0000000000
7366  -16.467  -76.557  -14.895 1.0000000000
7374  0.546  -75.971  -15.974 0.6999999881
7375  0.614  -75.500  -16.365 0.6999999881
7376  -1.198  -76.351  -15.361 1.0000000000
7381  -8.040  -75.951  -15.740 1.0000000000
7383  -9.813  -76.413  -15.913 1.0000000000
7385  -11.222  -76.002  -16.192 1.0000000000
7387  -17.257  -76.030  -16.375 1.0000000000
7394  0.577  -76.469  -16.388 0.6999999881
7396  -2.995  -77.032  -16.034 0.8999999762
7397  -3.630  -76.851  -16.214 1.0000000000
7398  -4.348  -76.610  -16.356 1.0000000000
7400  -5.876  -76.453  -16.373 1.0000000000
7402  -7.401  -76.275  -16.008 1.0000000000
7404  -8.634  -76.665  -15.894 1.0000000000
7406  -10.509  -76.778  -16.392 1.0000000000
7408  -11.768  -75.909  -16.691 1.0000000000
7418  -2.163  -75.830  -17.724 0.5000000000
7419  -2.592  -75.786  -17.799 0.5000000000
7421  -11.950  -76.022  -17.150 1.0000000000
7422  -17.307  -76.178  -17.461 1.0000000000
7428  -0.343  -76.176  -18.223 0.6000000238
7430  -1.746  -76.443  -17.907 0.5000000000
7431  -2.629  -76.429  -17.989 0.5000000000
7432  -3.166  -76.801  -18.407 0.3000000119
7436  -9.691  -76.514  -18.537 0.1000000015
7437  -11.858  -76.611  -17.884 1.0000000000
7438  -12.128  -76.268  -17.936 1.0000000000
7440  -17.299  -76.539  -18.005 1.0000000000
7446  -3.936  -76.344  -19.407 0.2000000030
7448  -7.382  -76.186  -19.092 0.1000000015
7449  -10.015  -76.598  -18.754 0.1000000015
7450  -10.508  -76.768  -19.177 0.1000000015
7451  -11.100  -76.344  -19.386 0.1000000015
7452  -12.334  -76.384  -18.485 1.0000000000
7453  -12.769  -76.128  -18.839 1.0000000000
7454  -17.267  -76.644  -18.839 1.0000000000
7455  -19.985  -76.776  -18.991 0.4000000060
7457  -20.822  -76.828  -19.321 0.3000000119
7460  -3.836  -76.842  -19.646 0.2000000030
7462  -6.956  -76.310  -19.684 0.1000000015
7463  -7.178  -75.961  -19.477 0.1000000015
7464  -10.948  -76.806  -19.914 0.1000000015
7466  -13.042  -76.173  -19.520 1.0000000000
7470  -20.409  -76.569  -19.710 0.3000000119
7474  -4.512  -76.228  -20.818 0.1000000015
7476  -11.210  -76.628  -20.658 0.2000000030
7478  -13.074  -76.425  -20.236 1.0000000000
7481  -19.888  -76.598  -20.154 0.5000000000
7488  -5.106  -75.504  -21.671 0.1000000015
7499  -21.686  -76.540  -21.722 0.3000000119
7502  -5.024  -76.234  -22.238 0.1000000015
7503  -5.175  -75.721  -22.136 0.1000000015
7508  -13.327  -76.077  -21.439 1.0000000000
7509  -16.939  -76.493  -22.346 1.0000000000
7510  -19.376  -76.877  -22.602 0.6000000238
7511  -19.689  -76.545  -22.027 0.5000000000
7513  -21.501  -76.048  -22.528 0.4000000060
7517  -4.940  -76.492  -22.542 0.1000000015
7518  -5.212  -76.119  -22.842 0.1000000015
7523  -13.645  -75.762  -22.740 1.0000000000
7524  -16.723  -76.386  -23.541 1.0000000000
7528  -21.677  -75.952  -22.947 0.4000000060
7529  -21.970  -76.419  -22.966 0.3000000119
7539  -16.879  -76.827  -23.639 1.0000000000
7542  -22.419  -76.798  -23.638 0.1000000015
7543  -22.533  -77.124  -23.910 0.1000000015
7546  -5.171  -76.460  -24.240 0.1000000015
7552  -16.764  -76.483  -24.401 1.0000000000
7555  -19.461  -76.160  -24.279 0.5000000000
7557  -22.686  -76.856  -24.290 0.1000000015
7561  -11.396  -76.519  -25.388 0.3000000119
7563  -16.830  -76.629  -25.008 1.0000000000
7564  -16.990  -77.115  -24.870 1.0000000000
7573  -13.057  -76.522  -25.999 1.0000000000
7575  -16.458  -76.320  -25.891 1.0000000000
7583  -10.933  -76.865  -27.289 0.4000000060
7584  -11.175  -76.522  -26.963 0.3000000119
7585  -12.570  -76.987  -26.782 0.8999999762
7586  -12.826  -76.664  -26.731 1.0000000000
7588  -15.742  -75.932  -26.546 1.0000000000
7590  -17.864  -77.126  -27.074 0.8000000119
7593  -11.226  -76.244  -27.403 0.4000000060
7595  -12.815  -76.571  -27.533 1.0000000000
7600  -17.818  -76.615  -27.428 0.6000000238
7602  -11.167  -76.341  -28.463 0.8000000119
7603  -11.287  -75.925  -28.746 0.8000000119
7604  -12.478  -76.619  -28.339 0.8999999762
7607  -16.029  -75.919  -27.735 0.6999999881
7610  -17.405  -76.443  -27.686 0.6999999881
7612  -11.669  -76.165  -28.772 0.8000000119
7614  -12.696  -76.327  -28.456 0.8999999762
7700  1.402  -76.019  14.414 0.1000000015
7721  1.884  -75.438  12.039 0.3000000119
7741  1.618  -75.555  11.439 0.6000000238
7763  1.196  -75.815  10.105 0.6999999881
7782  0.731  -75.560  8.729 0.8999999762
7794  0.360  -75.985  7.645 0.8999999762
7831  -0.335  -76.779  5.667 0.8000000119
7851  -0.366  -76.557  5.095 0.8000000119
7878  -0.326  -75.988  3.825 0.8999999762
7879  -0.559  -76.369  3.543 0.8999999762
7887  -0.458  -76.036  3.043 0.8999999762
7889  -1.418  -75.559  2.399 0.8999999762
7902  -1.028  -75.658  1.748 0.8999999762
7903  -1.357  -75.640  1.878 0.8999999762
7904  -2.024  -75.620  1.732 0.8999999762
7905  -2.650  -75.461  1.814 1.0000000000
7915  -0.415  -76.180  1.511 0.8999999762
7916  -0.943  -75.830  1.237 0.8999999762
7918  -2.418  -75.647  1.050 1.0000000000
7919  -2.956  -75.407  1.171 1.0000000000
7920  -3.381  -75.144  1.325 1.0000000000
7930  -1.749  -75.974  0.160 1.0000000000
7932  -2.830  -75.499  0.482 1.0000000000
7933  -3.292  -75.209  0.667 1.0000000000
7942  -0.066  -76.587  -0.226 1.0000000000
7943  -0.510  -76.394  -0.223 1.0000000000
7944  -0.915  -76.289  -0.325 1.0000000000
7947  -3.183  -75.307  0.135 1.0000000000
7955  0.157  -76.616  -0.536 1.0000000000
7956  -0.286  -76.436  -0.623 1.0000000000
7957  -0.793  -76.336  -0.753 1.0000000000
7958  -1.483  -75.904  -1.706 1.0000000000
7959  -1.953  -75.803  -1.236 1.0000000000
7960  -2.634  -75.476  -1.012 1.0000000000
7973  -1.834  -75.662  -1.976 1.0000000000
7974  -2.383  -75.486  -1.604 1.0000000000
7986  -0.904  -75.703  -2.975 1.0000000000
7987  -1.329  -75.630  -2.652 1.0000000000
8000  -0.520  -75.550  -3.674 1.0000000000
8001  -0.889  -75.482  -3.436 1.0000000000
8003  -2.010  -76.118  -4.103 1.0000000000
8004  -2.366  -75.900  -4.041 1.0000000000
8005  -3.288  -75.431  -3.939 1.0000000000
8008  -5.711  -75.579  -4.048 1.0000000000
8009  -6.164  -75.346  -4.362 1.0000000000
8021  0.101  -75.528  -4.349 1.0000000000
8023  -0.834  -75.077  -3.799 1.0000000000
8024  -1.258  -76.016  -4.770 1.0000000000
8025  -1.772  -75.944  -4.483 1.0000000000
8027  -3.143  -75.042  -4.423 1.0000000000
8029  -6.504  -75.439  -4.773 1.0000000000
8036  -0.618  -75.678  -5.602 1.0000000000
8037  -1.211  -75.734  -5.176 1.0000000000
8038  -2.000  -75.274  -5.077 1.0000000000
8039  -2.330  -75.118  -4.916 1.0000000000
8040  -6.929  -75.543  -5.521 1.0000000000
8041  -7.336  -75.149  -5.634 1.0000000000
8057  0.174  -75.493  -5.938 1.0000000000
8058  -0.324  -75.309  -5.896 1.0000000000
8059  -1.092  -75.297  -5.640 1.0000000000
8061  -7.096  -75.815  -6.420 1.0000000000
8063  -8.010  -75.003  -6.431 1.0000000000
8079  0.434  -75.373  -5.929 1.0000000000
8080  0.173  -75.207  -6.009 1.0000000000
8081  -7.153  -75.929  -6.878 1.0000000000
8082  -7.486  -75.650  -6.923 1.0000000000
8092  -7.884  -75.539  -7.288 1.0000000000
8093  -8.316  -75.273  -7.378 1.0000000000
8102  -8.595  -75.498  -8.090 1.0000000000
8103  -9.106  -75.373  -8.382 1.0000000000
8113  -9.402  -75.434  -8.843 1.0000000000
8114  -9.854  -75.316  -9.146 1.0000000000
8126  -9.537  -75.657  -9.462 1.0000000000
8128  -10.806  -75.181  -9.822 1.0000000000
8132  -10.533  -75.589  -10.061 1.0000000000
8135  -12.706  -75.452  -10.841 1.0000000000
8136  -13.154  -75.188  -11.162 1.0000000000
8143  -12.831  -75.924  -11.082 1.0000000000
8144  -13.307  -75.737  -11.564 1.0000000000
8150  -13.623  -76.150  -11.955 1.0000000000
8152  -14.456  -75.479  -12.662 1.0000000000
8155  0.564  -74.630  -14.183 1.0000000000
8156  0.300  -74.632  -14.181 1.0000000000
8169  0.287  -74.889  -14.880 1.0000000000
8170  0.113  -74.962  -14.710 1.0000000000
8171  -0.142  -74.941  -14.645 1.0000000000
8172  -15.789  -75.805  -14.087 1.0000000000
8182  0.400  -75.279  -15.427 1.0000000000
8183  0.021  -75.472  -14.874 1.0000000000
8185  -0.886  -75.560  -14.972 1.0000000000
8197  0.413  -75.050  -15.883 0.6999999881
8199  -1.101  -75.975  -15.177 1.0000000000
8200  -1.513  -75.675  -15.143 1.0000000000
8201  -2.285  -75.749  -15.404 1.0000000000
8205  -7.148  -75.351  -15.870 1.0000000000
8206  -7.775  -75.319  -15.670 1.0000000000
8208  -9.381  -75.573  -15.531 1.0000000000
8210  -11.133  -75.533  -15.816 1.0000000000
8220  1.078  -74.864  -17.165 0.6999999881
8221  0.814  -75.233  -16.792 0.6999999881
8222  -3.833  -76.139  -15.993 1.0000000000
8225  -6.178  -75.829  -16.217 1.0000000000
8226  -6.784  -75.657  -16.028 1.0000000000
8227  -7.204  -75.751  -15.912 1.0000000000
8228  -11.581  -75.761  -16.329 1.0000000000
8230  -16.980  -75.148  -16.192 1.0000000000
8231  -17.169  -75.444  -16.665 1.0000000000
8240  0.984  -74.932  -17.320 0.6999999881
8241  0.725  -75.530  -17.496 0.6999999881
8242  -0.454  -75.090  -17.902 0.5000000000
8243  -1.062  -75.281  -17.603 0.5000000000
8244  -1.880  -75.214  -17.529 0.4000000060
8245  -2.560  -75.233  -17.707 0.5000000000
8247  -12.964  -75.232  -17.665 1.0000000000
8254  0.866  -75.123  -18.049 0.6999999881
8255  0.448  -75.580  -18.165 0.6999999881
8256  -0.110  -75.485  -18.442 0.6000000238
8257  -0.561  -75.656  -18.018 0.5000000000
8259  -3.409  -76.031  -18.327 0.5000000000
8265  -12.529  -75.786  -17.986 1.0000000000
8266  -13.043  -75.502  -18.170 1.0000000000
8272  0.871  -75.013  -18.470 0.6999999881
8273  0.602  -75.181  -18.516 0.6000000238
8274  0.305  -75.333  -18.555 0.6000000238
8275  -3.838  -75.899  -18.941 0.3000000119
8276  -4.194  -75.757  -19.512 0.2000000030
8282  -13.178  -75.643  -18.866 1.0000000000
8283  -13.418  -75.321  -18.699 1.0000000000
8287  -4.491  -75.629  -20.198 0.1000000015
8292  -13.551  -75.410  -19.433 1.0000000000
8294  -16.616  -75.451  -20.552 1.0000000000
8298  -5.014  -75.260  -21.153 0.1000000015
8303  -13.616  -75.613  -20.189 1.0000000000
8305  -16.466  -75.471  -20.993 1.0000000000
8306  -16.793  -75.738  -21.097 1.0000000000
8308  -5.020  -75.500  -21.330 0.1000000015
8314  -13.772  -75.599  -20.785 1.0000000000
8316  -15.890  -75.319  -21.547 1.0000000000
8318  -16.629  -75.767  -21.762 1.0000000000
8319  -20.437  -76.020  -21.793 0.5000000000
8320  -20.662  -75.948  -21.859 0.4000000060
8322  -5.186  -75.082  -21.958 0.1000000015
8326  -13.406  -75.946  -22.172 1.0000000000
8328  -14.737  -75.226  -21.833 1.0000000000
8330  -16.260  -75.641  -22.233 1.0000000000
8332  -19.845  -76.252  -22.450 0.5000000000
8333  -20.252  -76.044  -22.150 0.6000000238
8338  -11.915  -75.375  -22.793 0.1000000015
8339  -13.583  -75.753  -22.383 1.0000000000
8348  -21.795  -75.885  -23.307 0.3000000119
8352  -11.811  -75.509  -23.763 0.2000000030
8353  -14.424  -75.536  -23.412 1.0000000000
8355  -15.970  -75.684  -23.755 1.0000000000
8358  -20.747  -75.314  -23.899 0.4000000060
8371  -16.535  -76.202  -24.626 1.0000000000
8374  -21.976  -75.477  -24.348 0.3000000119
8382  -11.697  -75.807  -25.700 0.3000000119
8384  -13.787  -75.808  -25.450 1.0000000000
8387  -15.805  -75.710  -25.151 1.0000000000
8389  -19.259  -75.872  -25.474 0.6000000238
8391  -20.162  -75.227  -24.922 0.5000000000
8398  -11.527  -76.001  -26.528 0.3000000119
8399  -11.801  -75.553  -26.340 0.3000000119
8401  -14.077  -75.648  -26.004 1.0000000000
8404  -16.061  -75.897  -25.640 1.0000000000
8407  -22.518  -75.268  -25.750 0.1000000015
8416  -11.665  -75.689  -26.837 0.3000000119
8417  -13.231  -76.210  -26.485 1.0000000000
8420  -15.169  -75.656  -26.392 1.0000000000
8422  -18.873  -75.864  -26.573 0.6000000238
8423  -22.772  -75.200  -26.497 0.1000000015
8428  -11.123  -76.181  -27.802 0.4000000060
8432  -14.404  -75.605  -27.438 0.8999999762
8433  -17.873  -76.245  -27.507 0.5000000000
8438  -11.103  -76.026  -27.990 0.3000000119
8439  -11.347  -75.748  -28.289 0.3000000119
8440  -13.295  -76.112  -27.784 0.8999999762
8443  -15.445  -75.615  -28.033 0.8999999762
8444  -16.076  -75.694  -28.153 0.6000000238
8445  -16.745  -75.828  -28.066 0.6000000238
8447  -18.177  -75.575  -27.749 0.5000000000
8449  -12.224  -75.693  -28.908 0.4000000060
8452  -14.817  -75.388  -28.324 0.6999999881
8454  -15.953  -75.397  -28.485 0.6000000238
8539  2.450  -74.902  14.625 0.1000000015
8540  2.341  -74.780  14.048 0.2000000030
8547  2.241  -74.575  13.563 0.2000000030
8559  1.961  -74.831  12.334 0.3000000119
8568  1.470  -74.975  11.076 0.8000000119
8618  0.638  -75.021  8.019 0.8000000119
8619  0.476  -75.552  7.828 0.8999999762
8626  0.538  -74.745  7.187 0.8999999762
8643  0.503  -74.714  6.619 0.8999999762
8644  0.309  -75.112  6.858 0.8999999762
8683  0.561  -74.613  5.576 0.8999999762
8684  0.161  -75.236  5.233 0.8999999762
8685  -1.572  -74.633  4.619 0.8999999762
8704  -1.074  -74.772  3.928 0.8999999762
8708  -3.644  -74.289  3.904 1.0000000000
8721  -0.162  -75.493  3.374 0.8999999762
8724  -2.244  -74.976  3.522 0.8999999762
8725  -3.011  -74.771  3.463 1.0000000000
8726  -3.752  -74.470  3.456 1.0000000000
8727  -4.168  -74.305  3.173 1.0000000000
8739  -0.914  -75.375  2.788 0.8999999762
8740  -1.408  -75.383  2.845 0.8999999762
8741  -1.999  -75.306  2.883 0.8999999762
8743  -3.503  -74.832  2.759 1.0000000000
8744  -4.066  -74.474  2.745 1.0000000000
8756  -0.451  -75.804  2.069 0.8999999762
8758  -1.172  -75.521  2.424 0.8999999762
8759  -2.979  -75.294  2.050 1.0000000000
8771  -0.787  -75.685  1.692 0.8999999762
8772  -3.772  -74.843  1.521 1.0000000000
8773  -4.136  -74.545  1.611 1.0000000000
8790  -3.570  -74.871  0.036 1.0000000000
8797  -3.128  -75.083  -0.652 1.0000000000
8808  -2.325  -75.296  -2.034 1.0000000000
8820  -1.825  -75.218  -2.757 1.0000000000
8821  -2.325  -74.885  -2.403 1.0000000000
8834  -1.295  -74.801  -3.492 1.0000000000
8835  -1.830  -74.901  -2.964 1.0000000000
8836  -1.996  -74.947  -2.738 1.0000000000
8838  -4.692  -74.820  -3.934 1.0000000000
8839  -5.407  -74.992  -4.004 1.0000000000
8840  -6.028  -74.895  -4.265 1.0000000000
8858  -3.729  -74.697  -4.471 1.0000000000
8859  -4.227  -74.682  -4.161 1.0000000000
8860  -6.281  -74.526  -4.372 1.0000000000
8861  -6.657  -74.761  -4.646 1.0000000000
8862  -7.078  -74.493  -4.860 1.0000000000
8870  -2.109  -74.988  -5.199 1.0000000000
8871  -2.486  -74.891  -5.061 1.0000000000
8874  -7.208  -74.848  -5.214 1.0000000000
8875  -7.667  -74.558  -5.479 1.0000000000
8886  -0.015  -74.890  -5.706 1.0000000000
8889  -2.721  -74.388  -5.375 1.0000000000
8890  -3.213  -74.124  -5.282 1.0000000000
8891  -7.569  -74.907  -5.691 1.0000000000
8906  0.381  -75.125  -5.908 1.0000000000
8908  -9.078  -74.462  -7.003 1.0000000000
8918  -9.614  -74.328  -7.489 1.0000000000
8929  -9.069  -75.214  -8.069 1.0000000000
8932  -10.883  -73.898  -8.366 1.0000000000
8943  -10.320  -74.868  -8.954 1.0000000000
8957  -10.608  -74.994  -9.484 1.0000000000
8959  -11.911  -74.522  -10.019 1.0000000000
8960  -12.315  -74.264  -10.157 1.0000000000
8963  -12.069  -74.814  -10.280 1.0000000000
8965  -12.995  -74.704  -10.989 1.0000000000
8972  -13.729  -74.934  -11.886 1.0000000000
8976  0.581  -74.402  -12.990 1.0000000000
8977  -14.068  -75.039  -12.275 1.0000000000
8980  0.936  -74.453  -13.687 1.0000000000
8981  0.424  -74.557  -13.575 1.0000000000
8982  0.021  -74.368  -13.997 1.0000000000
8983  -14.669  -75.082  -12.880 1.0000000000
8984  -15.108  -75.087  -13.349 1.0000000000
8994  -0.004  -74.669  -14.259 1.0000000000
8995  -0.189  -74.654  -14.477 1.0000000000
8997  -16.073  -75.245  -14.359 1.0000000000
9009  -0.660  -74.824  -14.704 1.0000000000
9010  -1.102  -74.877  -14.783 1.0000000000
9011  -1.561  -74.832  -14.861 1.0000000000
9012  -2.116  -74.578  -14.957 1.0000000000
9013  -9.200  -74.330  -15.147 1.0000000000
9014  -9.517  -74.398  -15.070 1.0000000000
9015  -10.210  -74.463  -15.033 1.0000000000
9017  -16.029  -74.705  -14.396 1.0000000000
9028  0.615  -74.452  -15.950 1.0000000000
9029  0.780  -74.825  -16.487 0.6999999881
9031  -2.683  -74.927  -15.295 1.0000000000
9032  -3.504  -74.911  -15.553 1.0000000000
9033  -4.312  -74.854  -15.816 1.0000000000
9035  -5.684  -74.695  -16.012 1.0000000000
9036  -6.566  -74.961  -15.961 1.0000000000
9037  -7.361  -74.744  -15.726 1.0000000000
9039  -9.003  -74.607  -15.284 1.0000000000
9041  -10.643  -74.969  -15.361 1.0000000000
9044  -13.025  -74.135  -15.759 1.0000000000
9045  -16.561  -74.661  -15.924 1.0000000000
9052  0.943  -74.479  -16.757 0.8000000119
9053  0.967  -74.780  -16.695 0.6999999881
9054  -4.789  -75.075  -16.063 1.0000000000
9055  -5.254  -75.181  -16.161 1.0000000000
9056  -5.931  -75.303  -16.155 1.0000000000
9057  -6.368  -75.429  -16.102 1.0000000000
9059  -13.451  -74.216  -16.327 1.0000000000
9061  -16.806  -74.798  -16.789 1.0000000000
9062  -17.092  -75.178  -17.043 1.0000000000
9074  -1.604  -74.481  -17.287 0.4000000060
9076  -2.798  -74.653  -17.814 0.4000000060
9077  -12.618  -75.094  -17.015 1.0000000000
9078  -13.148  -74.877  -17.243 1.0000000000
9080  -15.070  -74.150  -17.525 1.0000000000
9082  -16.530  -74.690  -17.554 1.0000000000
9093  1.060  -74.660  -17.844 0.6999999881
9095  -3.074  -74.939  -17.958 0.4000000060
9096  -3.341  -75.242  -18.213 0.5000000000
9103  -13.584  -74.858  -17.926 1.0000000000
9105  -15.300  -74.342  -18.253 1.0000000000
9107  -16.885  -75.104  -18.115 1.0000000000
9114  0.734  -74.841  -18.744 0.6999999881
9117  -4.066  -75.181  -19.029 0.3000000119
9127  -17.016  -75.391  -18.715 1.0000000000
9130  0.940  -74.502  -18.898 0.6999999881
9131  0.572  -74.495  -19.069 0.6000000238
9132  0.195  -74.394  -19.179 0.6000000238
9137  -14.151  -74.874  -19.246 1.0000000000
9138  -14.732  -74.780  -19.615 1.0000000000
9140  -16.267  -75.125  -20.169 1.0000000000
9143  -4.658  -74.815  -20.398 0.1000000015
9144  -4.936  -74.905  -21.042 0.1000000015
9148  -14.960  -74.951  -20.433 1.0000000000
9152  -4.774  -74.357  -20.918 0.1000000015
9153  -4.938  -74.425  -21.596 0.1000000015
9157  -15.802  -75.241  -21.293 1.0000000000
9158  -16.079  -75.306  -21.209 1.0000000000
9164  -15.254  -75.187  -21.621 1.0000000000
9165  -15.472  -75.214  -21.504 1.0000000000
9174  -12.154  -74.969  -24.045 0.2000000030
9176  -21.328  -75.226  -24.195 0.4000000060
9177  -21.567  -75.281  -24.187 0.3000000119
9188  -22.050  -75.436  -24.563 0.3000000119
9193  -11.862  -75.536  -25.115 0.2000000030
9198  -20.058  -75.035  -25.635 0.5000000000
9201  -22.039  -75.280  -24.904 0.3000000119
9207  -12.079  -75.250  -26.179 0.3000000119
9208  -16.168  -74.495  -25.812 0.1000000015
9212  -20.313  -74.856  -25.963 0.4000000060
9222  -11.609  -75.677  -27.268 0.3000000119
9224  -16.295  -74.509  -26.061 0.1000000015
9225  -16.476  -74.522  -26.255 0.1000000015
9236  -11.646  -75.432  -27.701 0.3000000119
9237  -12.044  -74.922  -27.620 0.4000000060
9238  -18.650  -75.478  -27.473 0.5000000000
9240  -20.134  -74.591  -27.245 0.3000000119
9245  -11.782  -75.093  -28.324 0.4000000060
9252  -20.045  -74.294  -27.789 0.5000000000
9253  -12.015  -75.018  -28.998 0.4000000060
9255  -13.565  -75.190  -28.826 0.5000000000
9257  -14.939  -75.136  -28.653 0.6999999881
9260  -16.873  -74.836  -28.701 0.5000000000
9261  -13.278  -74.813  -29.051 0.5000000000
9336  2.633  -74.476  15.055 0.1000000015
9365  1.949  -74.187  12.647 0.6999999881
9373  1.482  -74.145  11.569 0.8000000119
9464  -0.346  -73.563  6.276 0.8999999762
9466  -1.147  -73.940  6.267 1.0000000000
9473  0.802  -74.096  5.925 0.8999999762
9474  -0.279  -73.616  5.970 0.8999999762
9476  -1.680  -74.132  5.757 1.0000000000
9477  -2.369  -74.033  5.592 0.8999999762
9478  -2.894  -73.861  5.541 1.0000000000
9486  0.712  -74.089  5.214 0.8999999762
9487  0.459  -73.844  4.866 0.8999999762
9488  -0.229  -73.929  5.128 0.8999999762
9489  -1.275  -74.435  4.894 0.8999999762
9490  -2.140  -74.340  5.020 0.8999999762
9491  -2.728  -74.128  5.104 0.8999999762
9505  0.502  -74.198  4.761 0.8999999762
9508  -1.139  -74.602  4.358 0.8999999762
9510  -3.034  -74.252  4.602 1.0000000000
9511  -3.764  -74.025  4.287 1.0000000000
9512  -4.309  -73.694  4.110 1.0000000000
9528  -0.514  -74.696  3.730 0.8999999762
9530  -4.237  -74.011  3.574 1.0000000000
9545  -0.093  -75.138  2.985 0.8999999762
9546  -0.555  -74.933  3.066 0.8999999762
9547  -4.405  -74.044  2.840 1.0000000000
9570  -4.025  -74.593  1.162 1.0000000000
9571  -4.303  -74.174  1.222 1.0000000000
9588  -3.984  -74.012  -0.146 1.0000000000
9589  -4.262  -73.370  0.073 1.0000000000
9596  -3.751  -73.791  -0.895 1.0000000000
9605  -3.182  -74.089  -1.756 1.0000000000
9618  -2.054  -73.922  -2.874 1.0000000000
9619  -2.448  -74.165  -2.519 1.0000000000
9620  -3.022  -74.018  -1.945 1.0000000000
9634  -1.540  -74.071  -3.413 1.0000000000
9636  -2.088  -74.659  -2.758 1.0000000000
9638  -5.283  -74.519  -4.158 1.0000000000
9654  -0.986  -74.208  -3.985 1.0000000000
9655  -1.125  -74.427  -3.752 1.0000000000
9657  -2.692  -73.448  -4.694 1.0000000000
9659  -4.487  -74.360  -4.402 1.0000000000
9660  -5.123  -74.040  -4.463 1.0000000000
9661  -5.865  -74.263  -4.323 1.0000000000
9662  -6.469  -74.220  -4.480 1.0000000000
9668  -0.397  -74.629  -4.582 1.0000000000
9669  -1.176  -74.179  -4.975 1.0000000000
9670  -1.937  -74.016  -5.027 1.0000000000
9671  -2.701  -73.633  -4.934 1.0000000000
9672  -3.052  -73.442  -5.028 1.0000000000
9673  -3.896  -74.204  -4.888 1.0000000000
9674  -4.376  -74.023  -4.810 1.0000000000
9675  -4.707  -74.019  -4.652 1.0000000000
9676  -7.416  -74.172  -5.062 1.0000000000
9681  -0.623  -74.556  -5.298 1.0000000000
9683  -2.285  -74.169  -5.226 1.0000000000
9685  -3.668  -73.880  -5.205 1.0000000000
9686  -4.152  -73.890  -5.108 1.0000000000
9687  -8.551  -74.141  -6.098 1.0000000000
9688  -8.970  -73.954  -6.325 1.0000000000
9700  -8.897  -74.258  -6.569 1.0000000000
9702  -9.841  -73.539  -6.842 1.0000000000
9710  -9.842  -73.859  -7.161 1.0000000000
9711  -10.187  -73.468  -7.267 1.0000000000
9712  -10.564  -73.269  -7.584 1.0000000000
9724  -10.448  -73.695  -7.694 1.0000000000
9737  -11.293  -73.615  -8.590 1.0000000000
9752  -11.393  -73.946  -9.029 1.0000000000
9761  -12.606  -73.961  -10.262 1.0000000000
9762  -12.967  -74.025  -10.718 1.0000000000
9767  0.801  -73.389  -12.262 1.0000000000
9770  -13.751  -74.235  -11.776 1.0000000000
9773  0.992  -73.666  -12.881 1.0000000000
9774  0.410  -73.870  -12.685 1.0000000000
9775  -0.054  -73.694  -12.859 1.0000000000
9777  -14.436  -74.519  -12.647 1.0000000000
9780  0.973  -73.873  -13.599 1.0000000000
9781  0.378  -74.265  -13.109 1.0000000000
9782  -0.032  -74.040  -13.358 1.0000000000
9791  0.574  -73.797  -14.408 1.0000000000
9794  -1.087  -73.780  -14.185 1.0000000000
9795  -1.424  -73.509  -14.157 1.0000000000
9796  -15.720  -74.359  -14.168 1.0000000000
9811  0.472  -74.063  -15.204 1.0000000000
9812  0.374  -73.593  -15.017 1.0000000000
9813  -1.137  -74.479  -14.638 1.0000000000
9814  -1.167  -74.312  -14.599 1.0000000000
9817  -3.188  -73.825  -15.117 1.0000000000
9818  -8.771  -73.720  -15.178 1.0000000000
9819  -9.095  -73.977  -15.102 1.0000000000
9821  -10.561  -73.940  -14.801 1.0000000000
9823  -12.221  -73.680  -14.914 1.0000000000
9826  -16.185  -74.232  -15.455 1.0000000000
9837  0.281  -73.347  -15.575 1.0000000000
9839  -3.773  -74.123  -15.480 1.0000000000
9841  -5.277  -74.033  -15.852 1.0000000000
9844  -7.667  -74.031  -15.543 1.0000000000
9845  -8.512  -73.915  -15.290 1.0000000000
9848  -12.703  -74.001  -15.362 1.0000000000
9851  -14.797  -73.530  -15.838 1.0000000000
9859  0.644  -73.639  -16.289 1.0000000000
9860  0.297  -73.164  -16.023 1.0000000000
9861  -13.844  -73.826  -15.923 1.0000000000
9862  -14.232  -73.784  -16.222 1.0000000000
9864  -15.605  -73.948  -16.411 1.0000000000
9865  -16.237  -74.263  -16.543 1.0000000000
9876  -0.799  -73.309  -17.555 0.4000000060
9877  -1.433  -73.563  -17.286 0.4000000060
9878  -2.199  -73.790  -17.486 0.3000000119
9879  -2.949  -74.032  -17.808 0.4000000060
9880  -3.388  -73.822  -18.011 0.4000000060
9883  -14.461  -73.906  -16.664 1.0000000000
9896  1.159  -74.072  -18.009 0.6999999881
9897  -0.314  -73.727  -18.061 0.5000000000
9899  -3.599  -74.384  -18.267 0.4000000060
9913  1.105  -74.075  -18.731 0.6999999881
9914  -0.060  -74.074  -18.822 0.5000000000
9915  -3.892  -74.789  -18.702 0.3000000119
9916  -4.156  -74.350  -19.044 0.2000000030
9928  0.890  -74.082  -19.268 0.6999999881
9929  0.406  -74.046  -19.380 0.6000000238
9930  0.120  -74.035  -19.235 0.6000000238
9931  -4.434  -74.331  -19.814 0.1000000015
9959  -4.601  -73.723  -21.220 0.1000000015
9960  -4.721  -73.878  -21.725 0.1000000015
10014  -12.851  -74.172  -24.505 0.1000000015
10042  -13.034  -74.252  -26.048 0.2000000030
10047  -16.938  -74.540  -26.283 0.1000000015
10056  -12.805  -74.394  -26.866 0.3000000119
10061  -16.608  -74.428  -26.710 0.1000000015
10063  -17.953  -74.204  -26.282 0.1000000015
10068  -12.494  -74.477  -27.580 0.3000000119
10069  -13.072  -74.039  -27.504 0.3000000119
10072  -15.273  -74.126  -27.089 0.1000000015
10073  -16.108  -74.158  -27.244 0.2000000030
10074  -16.904  -74.140  -27.227 0.1000000015
10081  -12.159  -74.668  -28.556 0.4000000060
10082  -12.664  -74.276  -28.301 0.2000000030
10084  -14.962  -73.934  -27.528 0.2000000030
10086  -16.072  -73.779  -27.721 0.2000000030
10090  -19.623  -74.107  -28.171 0.3000000119
10095  -12.988  -74.374  -28.996 0.6000000238
10096  -13.968  -74.954  -28.906 0.5000000000
10097  -14.455  -74.874  -28.908 0.4000000060
10098  -15.069  -74.817  -28.975 0.6000000238
10099  -15.708  -74.721  -29.026 0.4000000060
10100  -16.398  -74.469  -29.015 0.5000000000
10104  -19.824  -73.731  -28.383 0.1000000015
10105  -20.247  -73.639  -28.322 0.1000000015
10106  -13.512  -74.479  -29.078 0.3000000119
10107  -13.958  -74.586  -29.087 0.4000000060
10109  -15.176  -74.346  -29.285 0.4000000060
10110  -15.801  -74.262  -29.269 0.4000000060
10111  -16.184  -74.052  -29.260 0.5000000000
10112  -14.347  -74.295  -29.179 0.4000000060
10113  -14.695  -74.190  -29.250 0.4000000060
10114  -14.886  -74.071  -29.319 0.4000000060
10259  2.175  -73.133  14.603 0.1000000015
10270  2.340  -73.888  14.361 0.1000000015
10271  2.130  -73.506  14.058 0.1000000015
10282  1.793  -73.402  13.083 0.6999999881
10290  1.665  -73.768  12.239 0.6999999881
10299  1.335  -73.512  11.571 0.8000000119
10318  1.133  -73.126  10.240 0.8000000119
10347  1.097  -73.261  8.589 0.8999999762
10348  -0.476  -73.012  8.038 1.0000000000
10349  -0.927  -73.175  8.088 1.0000000000
10350  -1.722  -73.080  8.027 1.0000000000
10351  -2.435  -72.920  7.945 1.0000000000
10370  0.290  -73.055  7.185 0.8999999762
10374  -3.058  -72.928  7.478 1.0000000000
10375  -3.488  -72.882  7.301 1.0000000000
10382  0.791  -73.589  6.335 0.8999999762
10385  -0.874  -73.722  6.842 1.0000000000
10395  0.482  -73.351  5.916 0.8999999762
10396  0.088  -73.303  6.118 0.8999999762
10397  -2.127  -73.898  5.997 1.0000000000
10400  -4.101  -73.040  6.188 1.0000000000
10403  0.773  -73.652  5.145 0.8999999762
10405  0.078  -73.451  5.667 0.8999999762
10409  -4.166  -73.662  4.469 1.0000000000
10417  -4.649  -73.389  3.674 1.0000000000
10418  -4.870  -73.073  3.913 1.0000000000
10444  -4.712  -73.535  2.386 1.0000000000
10486  -2.913  -72.590  -1.859 1.0000000000
10487  -3.079  -72.842  -1.881 1.0000000000
10488  -3.730  -73.106  -1.046 1.0000000000
10501  -2.306  -72.858  -2.401 1.0000000000
10503  -3.185  -73.360  -1.850 1.0000000000
10504  -3.483  -73.254  -1.471 1.0000000000
10517  -1.636  -73.410  -3.045 1.0000000000
10518  -1.861  -73.425  -2.950 1.0000000000
10519  -1.993  -73.337  -2.852 1.0000000000
10520  -2.415  -73.452  -2.511 1.0000000000
10533  -1.163  -73.553  -4.001 1.0000000000
10534  -1.488  -73.966  -3.192 1.0000000000
10535  -2.816  -72.991  -3.835 1.0000000000
10537  -3.228  -72.570  -3.941 1.0000000000
10551  -1.260  -73.669  -4.041 1.0000000000
10552  -1.697  -73.480  -4.174 1.0000000000
10553  -2.064  -73.478  -4.349 1.0000000000
10554  -2.706  -73.210  -4.362 1.0000000000
10555  -3.232  -72.873  -4.295 1.0000000000
10556  -3.418  -72.882  -4.559 1.0000000000
10557  -5.251  -73.623  -4.708 1.0000000000
10560  -6.638  -73.917  -4.657 1.0000000000
10565  -0.941  -74.091  -4.281 1.0000000000
10567  -1.739  -74.037  -4.914 1.0000000000
10568  -2.917  -73.266  -4.623 1.0000000000
10570  -3.517  -72.968  -4.823 1.0000000000
10572  -4.818  -73.663  -4.933 1.0000000000
10573  -5.432  -73.296  -5.024 1.0000000000
10574  -6.101  -73.311  -4.899 1.0000000000
10575  -6.887  -73.513  -4.864 1.0000000000
10576  -7.796  -73.458  -5.265 1.0000000000
10580  -3.290  -73.300  -5.021 1.0000000000
10582  -4.271  -73.414  -5.323 1.0000000000
10584  -5.445  -72.939  -5.508 1.0000000000
10585  -8.376  -73.683  -5.645 1.0000000000
10587  -9.457  -72.903  -6.288 1.0000000000
10599  -9.571  -73.363  -6.477 1.0000000000
10600  -10.002  -72.926  -6.781 1.0000000000
10612  -10.418  -72.988  -7.279 1.0000000000
10624  -11.446  -72.818  -8.400 1.0000000000
10639  -11.605  -73.228  -8.765 1.0000000000
10640  -11.960  -72.920  -9.138 1.0000000000
10656  -12.113  -73.279  -9.422 1.0000000000
10657  -12.407  -73.118  -9.773 1.0000000000
10658  -12.782  -72.848  -10.117 1.0000000000
10666  -12.586  -73.576  -10.057 1.0000000000
10670  0.650  -72.763  -12.294 1.0000000000
10671  0.260  -72.987  -12.235 1.0000000000
10677  0.946  -73.011  -12.861 1.0000000000
10678  0.197  -73.404  -12.431 1.0000000000
10679  -0.188  -73.142  -12.541 1.0000000000
10680  -0.606  -72.767  -12.679 1.0000000000
10681  -14.153  -73.646  -12.227 1.0000000000
10684  0.891  -73.256  -13.265 1.0000000000
10686  -0.328  -73.512  -13.079 1.0000000000
10688  -1.352  -72.892  -13.474 1.0000000000
10689  -14.249  -73.123  -12.558 1.0000000000
10690  -14.608  -73.544  -12.948 1.0000000000
10691  -15.117  -73.815  -13.520 1.0000000000
10696  0.755  -73.396  -13.765 1.0000000000
10697  0.376  -73.105  -14.059 1.0000000000
10699  -1.151  -73.285  -13.784 1.0000000000
10701  -2.347  -73.009  -14.295 1.0000000000
10702  -10.918  -72.940  -14.308 1.0000000000
10703  -11.241  -72.913  -14.250 1.0000000000
10721  0.003  -73.077  -14.810 1.0000000000
10722  -0.331  -72.664  -15.075 1.0000000000
10723  -2.241  -73.460  -14.539 1.0000000000
10724  -2.850  -73.288  -14.711 1.0000000000
10726  -4.199  -73.100  -15.241 1.0000000000
10727  -8.162  -72.892  -14.933 1.0000000000
10728  -8.664  -73.302  -15.021 1.0000000000
10730  -10.180  -73.424  -14.658 1.0000000000
10732  -11.691  -73.284  -14.537 1.0000000000
10734  -13.391  -73.105  -14.845 1.0000000000
10735  -14.018  -73.048  -14.844 1.0000000000
10750  -0.144  -72.747  -15.749 1.0000000000
10752  -4.166  -73.571  -15.476 1.0000000000
10753  -4.788  -73.297  -15.574 1.0000000000
10756  -7.133  -73.445  -15.525 1.0000000000
10757  -7.940  -73.306  -15.242 1.0000000000
10760  -14.135  -73.276  -15.240 1.0000000000
10761  -14.714  -73.343  -15.365 1.0000000000
10762  -15.112  -73.468  -15.503 1.0000000000
10767  0.689  -73.252  -16.873 0.8999999762
10779  0.589  -72.932  -16.975 0.8999999762
10781  -1.325  -72.653  -17.559 0.4000000060
10783  -2.793  -73.174  -17.628 0.3000000119
10784  -3.319  -73.350  -17.863 0.2000000030
10798  1.128  -73.283  -17.938 0.8000000119
10799  -0.633  -72.902  -18.007 0.4000000060
10800  -0.951  -72.651  -17.784 0.4000000060
10801  -3.652  -73.503  -18.142 0.2000000030
10802  -3.903  -73.669  -18.440 0.2000000030
10815  1.224  -73.546  -18.516 0.6999999881
10817  -4.190  -73.528  -18.842 0.2000000030
10853  1.122  -72.935  -20.054 0.6999999881
10854  0.660  -72.934  -20.410 0.6999999881
10872  0.999  -72.607  -20.709 0.6999999881
10873  0.598  -72.627  -21.005 0.6999999881
10874  -4.461  -72.788  -21.440 0.1000000015
10981  -13.521  -73.789  -27.758 0.3000000119
10982  -14.049  -73.786  -27.707 0.2000000030
10983  -14.561  -73.839  -27.703 0.2000000030
10985  -17.184  -73.748  -27.625 0.2000000030
10994  -13.180  -73.992  -28.532 0.2000000030
10995  -13.690  -73.741  -28.253 0.2000000030
10998  -15.710  -73.525  -28.109 0.2000000030
10999  -16.493  -73.518  -27.978 0.2000000030
11007  -14.147  -73.675  -28.624 0.4000000060
11008  -14.730  -73.519  -28.442 0.4000000060
11009  -15.212  -73.476  -28.338 0.2000000030
11010  -15.498  -73.325  -28.408 0.3000000119
11014  -19.439  -73.443  -28.410 0.1000000015
11015  -19.982  -73.416  -28.282 0.1000000015
11017  -13.784  -74.273  -29.048 0.3000000119
11018  -14.179  -74.036  -29.022 0.3000000119
11021  -15.867  -73.790  -29.497 0.4000000060
11022  -16.216  -73.817  -29.317 0.5000000000
11023  -14.477  -74.082  -29.169 0.4000000060
11024  -14.739  -73.826  -29.204 0.4000000060
11025  -15.152  -73.876  -29.403 0.4000000060
11026  -15.520  -73.886  -29.616 0.4000000060
11219  1.735  -72.382  14.658 0.2000000030
11232  1.519  -72.502  14.179 0.6000000238
11243  1.327  -72.685  13.417 0.6999999881
11252  1.165  -72.686  12.696 0.8000000119
11261  0.658  -72.070  11.932 0.8000000119
11271  -1.197  -72.169  9.746 1.0000000000
11272  -1.846  -72.115  9.728 1.0000000000
11273  -2.257  -72.031  9.727 1.0000000000
11277  -0.097  -72.351  8.947 1.0000000000
11283  -4.651  -71.921  8.894 1.0000000000
11286  0.808  -72.473  8.179 0.8999999762
11287  0.116  -72.518  8.332 0.8999999762
11292  -3.944  -72.388  8.336 1.0000000000
11294  -5.356  -72.177  8.200 1.0000000000
11309  0.220  -72.726  7.751 0.8999999762
11310  -0.200  -72.814  8.009 1.0000000000
11311  -3.244  -72.731  7.790 1.0000000000
11315  -5.809  -72.301  7.338 1.0000000000
11330  -3.720  -72.860  7.223 1.0000000000
11331  -4.132  -72.780  7.091 1.0000000000
11332  -4.866  -72.558  7.020 1.0000000000
11333  -5.620  -72.391  6.848 1.0000000000
11345  -4.494  -72.766  6.511 1.0000000000
11348  -6.368  -72.189  6.264 1.0000000000
11352  -4.673  -72.844  5.844 1.0000000000
11353  -5.212  -72.560  5.482 1.0000000000
11354  -5.643  -72.203  5.089 1.0000000000
11360  -4.904  -73.044  3.558 1.0000000000
11361  -5.107  -72.685  3.678 1.0000000000
11366  -5.150  -72.423  3.027 1.0000000000
11371  -4.915  -72.803  2.002 1.0000000000
11390  -4.283  -72.293  0.251 1.0000000000
11399  -3.982  -72.386  -0.404 1.0000000000
11400  -4.162  -72.480  -0.070 1.0000000000
11407  -2.686  -72.184  -1.727 1.0000000000
11408  -3.228  -72.442  -1.542 1.0000000000
11409  -3.627  -72.572  -1.116 1.0000000000
11418  -1.952  -72.030  -2.351 1.0000000000
11419  -2.175  -72.260  -2.208 1.0000000000
11420  -2.432  -72.410  -2.081 1.0000000000
11421  -3.276  -72.909  -1.747 1.0000000000
11435  -1.954  -72.794  -2.896 1.0000000000
11438  -3.127  -71.682  -3.459 1.0000000000
11451  -1.759  -73.068  -3.398 1.0000000000
11452  -1.816  -73.029  -3.021 1.0000000000
11454  -3.064  -72.136  -3.439 1.0000000000
11455  -3.275  -72.131  -3.696 1.0000000000
11456  -3.558  -72.209  -4.031 1.0000000000
11474  -1.574  -73.118  -4.002 1.0000000000
11475  -1.760  -73.173  -4.190 1.0000000000
11477  -3.412  -72.462  -4.050 1.0000000000
11479  -3.972  -72.296  -4.920 1.0000000000
11491  -3.788  -72.687  -5.035 1.0000000000
11492  -4.095  -72.412  -5.259 1.0000000000
11495  -7.231  -72.800  -5.298 1.0000000000
11497  -8.513  -72.818  -5.715 1.0000000000
11506  -5.154  -72.734  -5.970 1.0000000000
11509  -7.453  -72.387  -5.816 1.0000000000
11528  -4.754  -72.275  -6.448 1.0000000000
11530  -6.289  -72.278  -6.495 1.0000000000
11531  -6.737  -72.224  -6.337 1.0000000000
11532  -10.096  -72.146  -6.889 1.0000000000
11533  -10.551  -72.103  -7.286 1.0000000000
11547  -5.067  -72.124  -7.036 1.0000000000
11548  -5.486  -72.182  -7.431 1.0000000000
11549  -5.980  -72.182  -7.064 1.0000000000
11560  -5.727  -72.054  -7.811 1.0000000000
11561  -5.920  -72.047  -7.534 1.0000000000
11562  -11.205  -72.046  -8.026 1.0000000000
11579  -11.942  -72.059  -9.023 1.0000000000
11580  -12.267  -72.224  -9.476 1.0000000000
11596  -12.470  -72.447  -9.765 1.0000000000
11597  -12.711  -72.469  -10.039 1.0000000000
11605  0.189  -71.830  -11.498 1.0000000000
11606  -0.028  -72.130  -11.571 1.0000000000
11607  -0.273  -72.122  -11.731 1.0000000000
11610  0.344  -72.194  -11.917 1.0000000000
11611  -0.008  -72.466  -11.922 1.0000000000
11612  -0.316  -72.473  -12.113 1.0000000000
11613  -0.704  -72.230  -12.210 1.0000000000
11614  -13.339  -72.573  -10.953 1.0000000000
11618  0.574  -72.202  -12.659 1.0000000000
11620  -0.541  -72.587  -12.431 1.0000000000
11621  -1.008  -72.393  -12.622 1.0000000000
11622  -1.453  -72.240  -12.895 1.0000000000
11623  -13.622  -72.340  -11.618 1.0000000000
11624  -13.987  -72.735  -12.119 1.0000000000
11627  0.636  -72.645  -13.098 1.0000000000
11628  0.266  -72.383  -13.444 1.0000000000
11629  -0.076  -72.108  -13.693 1.0000000000
11630  -1.274  -72.596  -13.091 1.0000000000
11631  -1.777  -72.461  -13.408 1.0000000000
11633  -14.210  -72.604  -12.935 1.0000000000
11637  -0.040  -72.618  -14.072 1.0000000000
11639  -0.835  -72.054  -14.361 1.0000000000
11640  -2.169  -72.684  -13.934 1.0000000000
11641  -2.742  -72.551  -14.182 1.0000000000
11642  -3.437  -72.396  -14.421 1.0000000000
11644  -8.579  -72.005  -14.500 1.0000000000
11649  -12.309  -72.331  -14.064 1.0000000000
11652  -14.396  -72.758  -14.173 1.0000000000
11664  -0.303  -72.598  -14.571 1.0000000000
11665  -0.658  -72.306  -14.905 1.0000000000
11666  -0.991  -71.974  -14.871 1.0000000000
11668  -3.852  -72.754  -14.864 1.0000000000
11669  -4.621  -72.579  -15.096 1.0000000000
11670  -5.420  -72.392  -15.201 1.0000000000
11672  -6.890  -72.379  -15.117 1.0000000000
11674  -8.412  -72.348  -14.664 1.0000000000
11675  -9.200  -72.703  -14.644 1.0000000000
11676  -9.947  -72.893  -14.547 1.0000000000
11677  -10.413  -73.051  -14.479 1.0000000000
11678  -12.773  -72.514  -14.246 1.0000000000
11680  -13.868  -72.724  -14.472 1.0000000000
11681  -14.258  -72.881  -14.572 1.0000000000
11696  -0.358  -72.343  -16.058 1.0000000000
11697  -0.660  -72.151  -15.717 1.0000000000
11698  -0.932  -72.034  -15.250 1.0000000000
11700  -5.189  -72.891  -15.464 1.0000000000
11701  -5.897  -72.881  -15.506 1.0000000000
11702  -6.626  -72.894  -15.417 1.0000000000
11703  -7.259  -72.910  -15.260 1.0000000000
11706  -0.105  -72.258  -16.524 1.0000000000
11707  -0.434  -72.132  -16.186 1.0000000000
11717  0.771  -72.570  -17.496 0.8999999762
11718  0.479  -72.520  -17.109 1.0000000000
11720  -2.056  -72.044  -17.521 0.2000000030
11722  -3.418  -72.602  -17.744 0.2000000030
11723  -3.809  -72.622  -17.978 0.2000000030
11737  0.997  -72.543  -17.918 0.8999999762
11738  0.648  -72.239  -17.586 1.0000000000
11739  -0.520  -72.411  -18.564 0.3000000119
11740  -0.985  -72.195  -18.019 0.3000000119
11742  -4.074  -72.876  -18.338 0.2000000030
11758  -0.236  -72.695  -19.118 0.5000000000
11780  0.245  -72.990  -20.074 0.6000000238
11781  -0.079  -72.593  -19.731 0.4000000060
11796  1.463  -72.220  -20.471 0.6999999881
11797  0.304  -72.595  -20.687 0.6999999881
11813  -0.292  -72.061  -21.840 0.6999999881
11824  0.953  -71.792  -22.073 0.6999999881
11825  0.444  -72.026  -22.332 0.6999999881
11826  -0.218  -72.135  -22.260 0.6999999881
11837  0.134  -71.771  -22.619 0.6999999881
11838  0.000  -71.978  -22.563 0.6999999881
11903  -18.792  -73.301  -27.547 0.1000000015
11911  -16.546  -73.203  -28.480 0.5000000000
11914  -19.448  -73.117  -27.853 0.1000000015
11918  -15.028  -73.389  -28.532 0.4000000060
11919  -15.280  -73.271  -28.604 0.3000000119
11921  -16.447  -73.312  -29.032 0.5000000000
11922  -17.194  -73.442  -29.018 0.5000000000
11923  -18.976  -73.124  -28.110 0.1000000015
11924  -19.384  -73.196  -28.230 0.1000000015
11926  -14.921  -73.308  -28.758 0.4000000060
11927  -15.310  -72.825  -29.094 0.3000000119
11928  -15.902  -73.181  -29.184 0.3000000119
11929  -16.209  -73.578  -29.303 0.5000000000
11930  -14.887  -73.408  -29.101 0.4000000060
11931  -15.195  -73.487  -29.290 0.4000000060
11932  -15.481  -73.599  -29.447 0.4000000060
12118  1.804  -71.854  15.534 0.1000000015
12127  1.741  -72.163  14.987 0.2000000030
12129  0.742  -71.500  14.512 0.4000000060
12139  1.128  -72.193  14.000 0.4000000060
12151  0.896  -72.175  13.551 0.6999999881
12152  0.541  -71.778  13.139 0.6000000238
12162  0.829  -72.162  11.452 0.8000000119
12167  -0.574  -71.472  10.548 1.0000000000
12170  -2.360  -71.444  10.649 1.0000000000
12171  -2.919  -71.328  10.621 1.0000000000
12174  0.838  -71.987  10.413 0.8999999762
12176  -0.455  -71.772  10.143 0.8999999762
12177  -1.367  -71.811  10.181 1.0000000000
12178  -2.114  -71.770  10.116 1.0000000000
12181  -4.197  -71.387  10.012 1.0000000000
12182  -4.890  -71.295  9.901 0.8999999762
12188  -0.240  -72.145  9.445 1.0000000000
12189  -2.541  -71.908  9.773 1.0000000000
12190  -3.075  -71.826  9.620 1.0000000000
12191  -3.823  -71.735  9.496 1.0000000000
12195  -6.692  -71.080  9.002 1.0000000000
12198  0.791  -71.987  8.907 0.8999999762
12200  -4.980  -71.846  8.903 1.0000000000
12201  -5.600  -71.919  8.577 1.0000000000
12202  -6.504  -71.606  8.504 1.0000000000
12204  -7.800  -70.901  8.219 1.0000000000
12211  -7.930  -71.137  7.701 1.0000000000
12212  -8.341  -70.887  7.354 1.0000000000
12221  -6.104  -72.264  7.061 1.0000000000
12224  -8.313  -71.129  6.945 1.0000000000
12258  -6.019  -71.921  4.712 1.0000000000
12259  -6.562  -71.828  4.926 1.0000000000
12262  -8.918  -71.260  4.719 1.0000000000
12265  -5.461  -72.220  3.922 1.0000000000
12266  -5.917  -71.920  4.081 1.0000000000
12267  -6.363  -71.793  4.334 1.0000000000
12270  -8.528  -71.475  4.206 1.0000000000
12277  -8.010  -71.610  3.503 1.0000000000
12283  -5.295  -71.845  2.683 1.0000000000
12284  -5.994  -71.699  2.784 1.0000000000
12286  -7.498  -71.670  2.844 1.0000000000
12288  -8.908  -71.353  2.621 1.0000000000
12297  -7.015  -71.673  2.274 1.0000000000
12305  -4.268  -71.595  0.427 1.0000000000
12306  -4.447  -71.719  0.736 1.0000000000
12308  -7.068  -71.568  1.704 1.0000000000
12309  -7.732  -71.496  1.479 1.0000000000
12313  -4.150  -71.775  0.126 1.0000000000
12317  -0.207  -71.050  -0.837 1.0000000000
12318  -0.542  -70.767  -0.723 1.0000000000
12319  -3.252  -71.382  -0.777 1.0000000000
12320  -3.611  -71.541  -0.548 1.0000000000
12325  -0.541  -70.692  -1.119 1.0000000000
12327  -1.600  -71.159  -1.350 1.0000000000
12329  -3.022  -71.605  -1.067 1.0000000000
12339  -0.776  -70.750  -1.424 1.0000000000
12340  -1.301  -71.159  -1.860 1.0000000000
12342  -2.279  -71.976  -1.857 1.0000000000
12356  -2.578  -71.357  -3.123 1.0000000000
12357  -2.955  -71.323  -3.354 1.0000000000
12365  -1.981  -72.996  -3.875 1.0000000000
12366  -1.978  -72.721  -3.246 1.0000000000
12367  -2.158  -72.103  -2.912 1.0000000000
12368  -2.525  -71.983  -3.148 1.0000000000
12369  -3.309  -71.422  -3.641 1.0000000000
12383  -1.752  -72.852  -4.066 1.0000000000
12384  -2.059  -72.897  -3.751 1.0000000000
12385  -2.022  -72.731  -3.429 1.0000000000
12386  -4.056  -71.788  -4.842 1.0000000000
12401  -4.184  -71.594  -5.219 1.0000000000
12402  -4.284  -71.917  -5.399 1.0000000000
12411  -7.072  -72.198  -6.213 1.0000000000
12412  -7.589  -72.036  -6.314 1.0000000000
12413  -8.332  -71.876  -6.346 1.0000000000
12414  -9.081  -71.840  -6.465 1.0000000000
12415  -9.627  -71.832  -6.688 1.0000000000
12429  -4.557  -71.695  -6.389 1.0000000000
12430  -6.348  -72.063  -6.893 1.0000000000
12434  -9.310  -71.401  -6.854 1.0000000000
12436  -10.288  -71.737  -7.159 1.0000000000
12447  -5.077  -71.738  -7.490 1.0000000000
12449  -6.879  -71.505  -7.521 1.0000000000
12451  -10.190  -71.398  -7.278 1.0000000000
12461  -6.111  -71.765  -8.033 1.0000000000
12463  -10.906  -71.454  -7.861 1.0000000000
12464  -11.315  -71.361  -8.284 1.0000000000
12480  -6.298  -71.391  -8.718 1.0000000000
12481  -6.657  -71.122  -8.674 1.0000000000
12501  0.207  -71.045  -10.921 1.0000000000
12502  -0.071  -71.149  -10.766 1.0000000000
12503  -0.324  -71.123  -10.802 1.0000000000
12504  -5.830  -71.338  -9.506 1.0000000000
12505  -6.183  -71.209  -9.283 1.0000000000
12506  -6.558  -71.063  -9.038 1.0000000000
12508  -12.876  -72.137  -10.259 1.0000000000
12519  0.065  -71.560  -11.173 1.0000000000
12520  -0.492  -71.537  -11.314 1.0000000000
12521  -1.002  -71.429  -11.494 1.0000000000
12522  -12.849  -71.448  -10.512 1.0000000000
12523  -13.036  -71.843  -10.659 1.0000000000
12526  0.174  -71.224  -12.392 1.0000000000
12528  -1.169  -71.741  -12.032 1.0000000000
12530  -13.318  -71.817  -11.402 1.0000000000
12532  0.399  -71.826  -12.677 1.0000000000
12533  0.074  -71.584  -12.891 1.0000000000
12534  -0.329  -71.376  -13.052 1.0000000000
12536  -1.919  -71.797  -12.763 1.0000000000
12538  -3.262  -71.329  -13.109 1.0000000000
12539  -12.949  -71.255  -12.527 1.0000000000
12544  -0.031  -71.958  -13.344 1.0000000000
12546  -0.854  -71.632  -13.718 1.0000000000
12547  -2.120  -72.118  -13.359 1.0000000000
12548  -2.574  -71.943  -13.541 1.0000000000
12549  -3.262  -71.605  -13.564 1.0000000000
12550  -3.928  -71.484  -13.764 1.0000000000
12552  -9.681  -71.039  -13.674 1.0000000000
12553  -10.010  -71.121  -13.628 1.0000000000
12555  -11.443  -71.229  -13.380 1.0000000000
12558  -13.746  -71.949  -13.112 1.0000000000
12560  -0.731  -71.862  -13.936 1.0000000000
12561  -1.109  -71.673  -14.146 1.0000000000
12562  -1.447  -71.432  -14.327 1.0000000000
12564  -3.678  -71.925  -14.138 1.0000000000
12565  -4.397  -71.815  -14.410 1.0000000000
12566  -5.163  -71.492  -14.269 1.0000000000
12567  -5.891  -71.467  -14.372 1.0000000000
12569  -7.423  -71.369  -14.339 1.0000000000
12572  -10.257  -71.728  -13.903 1.0000000000
12573  -11.063  -71.817  -13.811 1.0000000000
12574  -11.872  -71.742  -13.721 1.0000000000
12575  -12.671  -71.734  -13.637 1.0000000000
12576  -13.366  -71.870  -13.551 1.0000000000
12589  -1.602  -71.330  -14.807 1.0000000000
12591  -5.672  -71.888  -14.813 1.0000000000
12592  -6.397  -71.840  -14.833 1.0000000000
12594  -7.891  -71.938  -14.646 1.0000000000
12595  -8.234  -71.970  -14.570 1.0000000000
12613  -1.218  -71.575  -15.481 1.0000000000
12614  -1.650  -71.148  -15.323 1.0000000000
12618  -0.196  -71.814  -16.775 1.0000000000
12619  -0.560  -71.720  -16.409 1.0000000000
12620  -0.991  -71.470  -16.126 1.0000000000
12632  -0.303  -71.567  -16.883 1.0000000000
12633  -1.571  -71.315  -17.806 0.2000000030
12634  -1.975  -71.165  -17.633 0.2000000030
12635  -2.686  -71.446  -17.458 0.2000000030
12636  -3.424  -71.704  -17.583 0.1000000015
12653  1.093  -72.178  -18.429 0.8999999762
12655  -0.790  -71.774  -18.506 0.3000000119
12656  -1.234  -71.237  -18.157 0.3000000119
12657  -1.625  -71.082  -17.868 0.2000000030
12658  -4.620  -71.933  -18.582 0.1000000015
12678  1.027  -71.813  -18.539 0.8999999762
12680  -0.841  -71.344  -18.669 0.2000000030
12702  1.504  -71.697  -19.774 0.8000000119
12703  0.062  -72.516  -20.298 0.4000000060
12721  1.592  -71.475  -20.395 0.8000000119
12722  0.018  -72.249  -20.805 0.4000000060
12723  -0.166  -71.715  -20.795 0.4000000060
12738  1.536  -71.523  -21.077 0.8000000119
12739  -0.144  -72.095  -21.177 0.4000000060
12740  -0.319  -71.765  -21.440 0.6000000238
12751  1.315  -71.421  -21.846 0.8000000119
12753  -0.373  -71.624  -22.005 0.6000000238
12765  0.309  -71.356  -22.641 0.6999999881
12766  -0.158  -71.536  -22.482 0.6000000238
13022  0.776  -70.736  15.534 0.1000000015
13045  0.984  -71.248  15.236 0.3000000119
13072  -0.221  -70.635  13.145 0.6999999881
13088  0.135  -70.757  12.044 0.8000000119
13102  -1.595  -70.270  11.311 1.0000000000
13104  -2.221  -70.850  11.232 1.0000000000
13114  -2.004  -71.096  11.063 1.0000000000
13115  -2.587  -70.947  11.064 1.0000000000
13124  -0.080  -71.350  10.493 0.8999999762
13126  -3.886  -71.047  10.501 1.0000000000
13128  -5.199  -70.686  10.150 1.0000000000
13129  -5.835  -70.668  9.828 1.0000000000
13137  -7.078  -70.549  9.098 1.0000000000
13138  -7.453  -70.316  8.913 1.0000000000
13144  -7.434  -70.651  8.795 1.0000000000
13145  -7.787  -70.499  8.536 1.0000000000
13154  -8.431  -70.506  7.672 1.0000000000
13155  -8.825  -70.264  7.293 1.0000000000
13162  -9.092  -70.288  6.832 1.0000000000
13170  -8.878  -70.853  6.356 1.0000000000
13199  -9.845  -70.493  4.478 1.0000000000
13201  -9.358  -71.065  3.182 1.0000000000
13204  -5.401  -71.500  2.288 1.0000000000
13205  -5.603  -71.561  2.513 1.0000000000
13206  -9.363  -71.013  2.440 1.0000000000
13214  -5.809  -71.493  2.178 1.0000000000
13215  -8.667  -71.233  1.321 1.0000000000
13216  -9.198  -71.065  1.712 1.0000000000
13225  -4.566  -71.022  0.793 1.0000000000
13226  -5.264  -71.085  1.093 1.0000000000
13227  -6.203  -71.403  1.446 1.0000000000
13228  -7.099  -71.420  1.063 1.0000000000
13229  -7.782  -71.365  0.875 1.0000000000
13230  -8.379  -71.223  0.821 1.0000000000
13232  -9.942  -70.730  1.146 1.0000000000
13237  -0.052  -70.251  -0.639 1.0000000000
13238  -0.290  -70.162  -0.637 1.0000000000
13239  -0.572  -69.893  -0.567 1.0000000000
13240  -3.989  -71.144  -0.026 1.0000000000
13241  -4.473  -70.890  0.184 1.0000000000
13242  -5.069  -70.901  0.431 1.0000000000
13244  -6.541  -71.248  0.551 1.0000000000
13248  -9.358  -70.912  0.284 1.0000000000
13252  -0.045  -70.497  -0.722 1.0000000000
13253  -0.281  -70.442  -0.898 1.0000000000
13254  -0.786  -70.356  -0.770 1.0000000000
13255  -1.564  -70.449  -0.697 1.0000000000
13256  -2.323  -70.623  -0.665 1.0000000000
13259  -4.916  -70.813  -0.042 1.0000000000
13261  -6.156  -70.993  -0.003 1.0000000000
13263  -7.457  -71.049  -0.195 1.0000000000
13264  -8.132  -71.028  -0.294 1.0000000000
13265  -8.839  -70.947  -0.376 1.0000000000
13267  -10.249  -70.433  -0.527 1.0000000000
13273  -0.415  -70.440  -1.336 1.0000000000
13274  -1.357  -70.750  -0.989 1.0000000000
13276  -2.576  -71.169  -0.925 1.0000000000
13277  -2.893  -71.274  -0.866 1.0000000000
13279  -6.439  -70.879  -0.456 1.0000000000
13280  -6.963  -70.850  -0.690 1.0000000000
13281  -7.632  -70.858  -0.774 1.0000000000
13285  -10.396  -70.277  -1.136 1.0000000000
13293  -0.818  -70.393  -2.058 1.0000000000
13294  -1.025  -70.471  -2.076 1.0000000000
13295  -1.217  -70.431  -2.351 1.0000000000
13298  -8.455  -70.640  -1.579 1.0000000000
13299  -9.173  -70.530  -1.740 1.0000000000
13300  -9.716  -70.328  -1.873 1.0000000000
13312  -1.660  -70.753  -2.623 1.0000000000
13314  -2.655  -70.899  -3.278 1.0000000000
13324  -2.511  -70.374  -3.377 1.0000000000
13326  -3.450  -70.939  -4.037 1.0000000000
13335  -3.796  -71.060  -4.619 1.0000000000
13349  -4.246  -71.499  -5.437 1.0000000000
13356  -4.179  -71.002  -5.687 1.0000000000
13357  -4.359  -71.331  -5.872 1.0000000000
13368  -8.931  -70.960  -7.217 1.0000000000
13369  -9.624  -71.084  -7.216 1.0000000000
13370  -9.980  -71.239  -7.255 1.0000000000
13381  -5.086  -71.452  -7.846 1.0000000000
13382  -7.137  -71.013  -7.983 1.0000000000
13383  -7.780  -70.776  -7.894 1.0000000000
13384  -8.538  -70.665  -7.782 1.0000000000
13387  -10.598  -71.154  -7.746 1.0000000000
13399  -4.769  -70.772  -8.088 1.0000000000
13401  -6.917  -70.973  -8.443 1.0000000000
13403  -8.091  -70.415  -8.449 1.0000000000
13405  -9.773  -70.505  -8.186 1.0000000000
13407  -11.265  -70.826  -8.624 1.0000000000
13423  0.317  -70.532  -9.718 1.0000000000
13424  0.044  -70.600  -9.970 1.0000000000
13428  -7.459  -70.410  -9.048 1.0000000000
13429  -8.036  -70.183  -9.004 1.0000000000
13430  -10.917  -70.492  -8.806 1.0000000000
13431  -11.407  -70.494  -9.188 1.0000000000
13432  -11.957  -70.864  -9.424 1.0000000000
13453  0.192  -70.676  -10.326 1.0000000000
13454  -0.267  -70.817  -10.349 1.0000000000
13455  -0.748  -70.797  -10.484 1.0000000000
13458  -5.399  -71.072  -9.751 1.0000000000
13460  -6.782  -70.696  -9.574 1.0000000000
13461  -7.420  -70.198  -9.675 1.0000000000
13463  -12.296  -70.942  -9.950 1.0000000000
13474  0.250  -70.738  -11.246 1.0000000000
13475  0.080  -70.510  -11.413 1.0000000000
13476  -0.562  -71.039  -10.817 1.0000000000
13479  -2.439  -70.487  -10.861 1.0000000000
13481  -4.829  -70.607  -10.621 1.0000000000
13485  -7.593  -70.088  -10.031 1.0000000000
13486  -12.137  -70.518  -10.419 1.0000000000
13488  -12.912  -71.358  -10.739 1.0000000000
13490  0.218  -70.887  -11.715 1.0000000000
13491  0.016  -70.776  -11.966 1.0000000000
13493  -1.266  -71.369  -11.574 1.0000000000
13494  -1.792  -71.213  -11.721 1.0000000000
13501  -12.202  -70.474  -11.808 1.0000000000
13502  -12.694  -70.810  -11.510 1.0000000000
13506  -0.478  -70.942  -12.745 1.0000000000
13507  -0.973  -70.839  -13.046 1.0000000000
13508  -1.971  -71.460  -12.228 1.0000000000
13510  -3.415  -71.044  -12.600 1.0000000000
13513  -6.257  -70.585  -12.223 1.0000000000
13515  -7.874  -70.087  -12.309 1.0000000000
13516  -10.037  -70.326  -12.730 1.0000000000
13517  -10.689  -70.411  -12.651 1.0000000000
13518  -11.326  -70.461  -12.520 1.0000000000
13519  -11.923  -70.559  -12.380 1.0000000000
13521  -13.066  -71.236  -11.858 1.0000000000
13524  -0.573  -71.304  -13.161 1.0000000000
13525  -1.108  -71.187  -13.476 1.0000000000
13526  -1.518  -70.923  -13.678 1.0000000000
13528  -4.169  -71.140  -13.250 1.0000000000
13529  -5.142  -71.009  -13.441 1.0000000000
13530  -6.073  -70.769  -13.130 1.0000000000
13533  -8.871  -70.419  -13.164 1.0000000000
13534  -9.601  -70.751  -13.325 1.0000000000
13536  -11.034  -70.790  -13.048 1.0000000000
13538  -12.118  -70.803  -12.679 1.0000000000
13542  -1.706  -70.994  -14.057 1.0000000000
13544  -5.997  -71.078  -13.875 1.0000000000
13545  -6.786  -70.945  -13.768 1.0000000000
13548  -9.117  -70.803  -13.560 1.0000000000
13559  -1.879  -70.869  -14.922 1.0000000000
13578  -1.497  -71.097  -15.679 1.0000000000
13591  -0.865  -71.284  -16.460 1.0000000000
13593  -1.648  -70.339  -16.101 1.0000000000
13603  -0.022  -71.083  -17.471 1.0000000000
13604  -0.567  -70.976  -16.998 1.0000000000
13605  -1.083  -70.433  -16.749 1.0000000000
13606  -2.156  -70.512  -17.773 0.1000000015
13607  -2.593  -70.629  -17.535 0.1000000015
13610  -4.829  -70.512  -17.672 0.1000000015
13633  -1.424  -70.526  -18.368 0.2000000030
13635  -4.545  -71.467  -18.079 0.1000000015
13657  1.202  -70.940  -19.362 0.8000000119
13658  0.895  -71.296  -18.656 1.0000000000
13659  -0.618  -71.003  -19.404 0.2000000030
13660  -0.989  -70.709  -18.882 0.2000000030
13694  1.598  -70.804  -20.630 0.8000000119
13695  -0.363  -71.048  -20.945 0.4000000060
13705  -0.386  -71.004  -21.627 0.6000000238
13714  1.289  -70.636  -22.159 0.8000000119
13715  0.977  -70.731  -22.456 0.6999999881
13729  1.017  -70.345  -22.476 0.8000000119
13730  0.603  -70.613  -22.596 0.6999999881
13731  -0.044  -70.695  -22.503 0.6000000238
13930  0.915  -70.296  16.913 0.1000000015
13942  0.975  -70.463  16.388 0.1000000015
13943  0.510  -70.173  16.131 0.1000000015
13957  -0.229  -69.901  15.491 0.1000000015
13958  -0.616  -69.792  15.064 0.1000000015
13983  -0.246  -70.162  14.768 0.1000000015
14007  -0.510  -70.168  14.180 0.3000000119
14008  -1.006  -69.814  13.913 0.5000000000
14025  -0.596  -70.182  13.466 0.6000000238
14044  -0.425  -69.997  12.476 0.6000000238
14060  0.242  -70.144  11.441 0.6999999881
14061  -0.031  -69.738  11.851 0.8000000119
14062  -1.703  -70.005  11.155 1.0000000000
14063  -2.020  -70.181  11.283 1.0000000000
14064  -2.324  -70.554  11.328 1.0000000000
14077  -0.016  -70.140  10.894 0.8000000119
14078  -0.630  -70.075  10.845 0.8999999762
14079  -1.320  -69.904  10.999 1.0000000000
14080  -1.905  -69.780  10.987 1.0000000000
14081  -2.649  -70.096  11.120 1.0000000000
14082  -3.475  -70.058  10.943 1.0000000000
14083  -4.133  -70.013  10.733 1.0000000000
14093  -6.112  -69.981  9.770 1.0000000000
14103  -7.613  -69.882  8.816 1.0000000000
14110  -8.021  -69.826  8.437 1.0000000000
14111  -8.428  -69.853  7.969 1.0000000000
14119  -8.721  -69.946  7.570 1.0000000000
14125  -9.431  -69.705  6.692 1.0000000000
14131  -9.938  -69.632  5.894 1.0000000000
14148  -9.698  -70.038  5.811 1.0000000000
14161  -10.261  -69.914  4.718 1.0000000000
14165  -10.249  -70.137  4.039 1.0000000000
14166  -10.683  -69.768  3.762 1.0000000000
14169  -10.303  -70.263  3.324 1.0000000000
14170  -10.722  -69.858  3.017 1.0000000000
14173  -10.311  -70.313  2.580 1.0000000000
14181  -10.858  -70.001  1.309 1.0000000000
14192  0.055  -70.088  -0.795 1.0000000000
14193  -0.067  -69.953  -0.664 1.0000000000
14194  -0.289  -69.912  -0.544 1.0000000000
14195  -4.036  -70.833  -0.305 1.0000000000
14196  -4.242  -70.858  -0.112 1.0000000000
14197  -10.770  -70.179  0.177 1.0000000000
14198  -11.364  -69.658  0.553 1.0000000000
14206  -0.045  -70.306  -0.847 1.0000000000
14207  -0.141  -70.016  -1.085 1.0000000000
14209  -1.208  -69.906  -0.695 1.0000000000
14214  -5.063  -70.764  -0.346 1.0000000000
14224  -0.433  -69.815  -1.936 1.0000000000
14225  -0.511  -69.389  -1.536 1.0000000000
14226  -1.079  -69.449  -1.029 1.0000000000
14227  -1.518  -69.597  -0.839 1.0000000000
14228  -2.993  -69.806  -1.758 1.0000000000
14233  -6.859  -70.708  -1.147 1.0000000000
14234  -10.259  -70.201  -1.714 1.0000000000
14235  -10.818  -70.017  -1.464 1.0000000000
14245  -0.824  -69.849  -2.335 1.0000000000
14246  -1.278  -70.222  -2.549 1.0000000000
14249  -4.480  -70.085  -1.860 1.0000000000
14253  -7.859  -70.456  -2.048 1.0000000000
14256  -10.013  -70.079  -2.317 1.0000000000
14257  -10.799  -69.816  -2.214 1.0000000000
14270  -1.467  -69.936  -2.950 1.0000000000
14271  -2.018  -70.088  -3.286 1.0000000000
14272  -4.105  -69.684  -2.730 1.0000000000
14273  -4.536  -69.836  -2.537 1.0000000000
14274  -5.308  -70.013  -2.259 1.0000000000
14278  -8.916  -70.113  -2.843 1.0000000000
14281  -10.841  -69.523  -2.863 1.0000000000
14292  -0.770  -69.446  -2.911 1.0000000000
14293  -1.247  -69.585  -3.259 1.0000000000
14295  -2.680  -70.115  -3.819 1.0000000000
14298  -7.637  -69.891  -3.253 1.0000000000
14301  -9.942  -69.651  -3.395 1.0000000000
14302  -10.549  -69.474  -3.316 1.0000000000
14313  -1.636  -69.568  -4.358 1.0000000000
14315  -2.804  -69.968  -4.413 1.0000000000
14316  -3.382  -70.419  -4.523 1.0000000000
14331  -2.248  -69.669  -4.991 1.0000000000
14332  -3.066  -69.955  -5.087 1.0000000000
14346  -3.436  -70.017  -5.773 1.0000000000
14347  -4.001  -70.616  -5.765 1.0000000000
14348  -4.216  -70.909  -5.901 1.0000000000
14352  -0.870  -69.195  -6.562 1.0000000000
14353  -1.209  -69.410  -6.532 1.0000000000
14357  -4.264  -70.755  -6.249 1.0000000000
14373  -3.704  -69.965  -7.229 1.0000000000
14374  -4.348  -70.499  -6.975 1.0000000000
14387  0.045  -69.949  -9.278 1.0000000000
14390  -1.774  -69.929  -8.552 1.0000000000
14391  -2.597  -69.869  -8.327 1.0000000000
14392  -3.503  -69.892  -8.120 1.0000000000
14394  -8.606  -70.114  -8.838 1.0000000000
14397  -10.581  -70.398  -8.763 1.0000000000
14405  -0.317  -70.391  -9.740 1.0000000000
14407  -1.674  -70.091  -9.341 1.0000000000
14410  -4.154  -70.073  -8.806 1.0000000000
14412  -8.283  -70.010  -9.365 1.0000000000
14415  -10.593  -70.092  -9.302 1.0000000000
14431  0.347  -70.516  -10.510 1.0000000000
14432  0.238  -70.200  -10.333 1.0000000000
14433  -0.531  -70.655  -10.129 1.0000000000
14434  -0.881  -70.534  -10.058 1.0000000000
14435  -1.579  -70.362  -10.108 1.0000000000
14437  -3.095  -70.032  -9.832 1.0000000000
14439  -7.890  -70.016  -9.780 1.0000000000
14440  -8.458  -69.878  -9.881 1.0000000000
14441  -9.180  -69.766  -9.940 1.0000000000
14442  -9.971  -69.713  -9.987 1.0000000000
14444  -11.279  -69.983  -10.250 1.0000000000
14459  0.303  -70.431  -11.073 1.0000000000
14460  -0.011  -70.123  -11.268 1.0000000000
14463  -2.836  -70.267  -10.605 1.0000000000
14466  -7.547  -70.081  -10.471 1.0000000000
14469  -9.393  -69.620  -10.640 1.0000000000
14470  -10.205  -69.586  -10.758 1.0000000000
14472  -11.668  -70.131  -10.719 1.0000000000
14473  -12.188  -70.399  -10.875 1.0000000000
14475  -0.092  -70.329  -11.476 1.0000000000
14476  -0.463  -70.178  -11.774 1.0000000000
14478  -1.688  -69.776  -12.035 1.0000000000
14479  -3.249  -70.299  -10.999 1.0000000000
14480  -3.581  -70.400  -11.237 1.0000000000
14481  -7.560  -70.070  -10.755 1.0000000000
14482  -8.091  -69.896  -11.016 1.0000000000
14483  -8.816  -69.765  -11.248 1.0000000000
14486  -11.291  -69.978  -11.434 1.0000000000
14488  -12.394  -70.482  -11.249 1.0000000000
14491  -0.689  -70.414  -12.333 1.0000000000
14492  -1.166  -70.514  -12.783 1.0000000000
14494  -2.501  -69.770  -12.915 1.0000000000
14496  -8.169  -69.981  -11.863 1.0000000000
14498  -9.823  -69.924  -12.144 1.0000000000
14499  -10.405  -70.082  -12.263 1.0000000000
14501  -11.623  -70.243  -11.956 1.0000000000
14507  -8.145  -70.080  -12.410 1.0000000000
14508  -8.586  -70.083  -12.527 1.0000000000
14513  -2.550  -70.082  -14.135 1.0000000000
14524  -2.137  -70.340  -15.217 1.0000000000
14537  -2.361  -69.851  -15.482 1.0000000000
14552  -1.397  -70.094  -16.500 1.0000000000
14553  -1.747  -69.918  -16.240 1.0000000000
14561  -0.868  -70.081  -17.026 1.0000000000
14563  -2.040  -70.232  -17.966 0.1000000015
14564  -2.402  -69.894  -17.802 0.1000000015
14565  -3.073  -69.996  -17.464 0.1000000015
14584  0.064  -70.095  -17.998 1.0000000000
14586  -1.394  -70.232  -18.586 0.2000000030
14588  -2.206  -69.525  -18.060 0.1000000015
14611  0.675  -70.190  -18.918 0.8000000119
14612  -1.338  -69.858  -18.800 0.2000000030
14613  -1.576  -69.537  -18.586 0.1000000015
14631  -0.639  -70.154  -19.900 0.2000000030
14632  -0.934  -70.012  -19.297 0.2000000030
14647  -0.505  -70.412  -20.509 0.4000000060
14660  1.546  -69.948  -21.759 0.8000000119
14661  -0.428  -70.258  -21.148 0.4000000060
14674  -0.071  -69.780  -22.280 0.5000000000
14675  -0.265  -70.188  -21.951 0.4000000060
14690  0.779  -69.845  -22.541 0.8000000119
14692  -0.105  -70.154  -22.366 0.5000000000
14917  -0.477  -68.910  17.342 0.1000000015
14918  -1.138  -68.645  16.933 0.1000000015
14936  -1.594  -68.644  16.327 0.1000000015
14937  -1.985  -68.383  16.029 0.2000000030
14963  -2.147  -68.906  14.782 0.3000000119
14979  -2.007  -69.162  13.973 0.6000000238
14980  -2.542  -68.830  14.077 0.6000000238
14998  -1.955  -69.183  13.344 0.6000000238
15016  -0.681  -69.240  12.270 0.6000000238
15018  -1.942  -69.032  12.738 0.8000000119
15037  -0.204  -69.241  11.961 0.6000000238
15056  -1.512  -69.336  10.607 1.0000000000
15076  -2.600  -68.983  10.215 1.0000000000
15077  -3.376  -68.993  10.368 1.0000000000
15078  -4.231  -69.237  10.440 1.0000000000
15079  -5.104  -69.259  10.158 1.0000000000
15080  -5.726  -69.457  9.906 1.0000000000
15090  -6.278  -69.188  9.602 1.0000000000
15091  -7.005  -69.188  9.165 1.0000000000
15092  -7.394  -69.536  8.987 1.0000000000
15099  -7.229  -68.772  8.900 1.0000000000
15108  -8.805  -69.270  7.678 1.0000000000
15116  -10.160  -68.706  6.259 1.0000000000
15121  -9.943  -69.382  6.129 1.0000000000
15122  -10.184  -69.129  5.875 1.0000000000
15136  -10.524  -69.230  5.128 1.0000000000
15137  -10.828  -68.828  4.914 1.0000000000
15149  -10.574  -69.533  4.646 1.0000000000
15156  -11.546  -68.858  3.149 1.0000000000
15160  -11.402  -69.146  2.721 1.0000000000
15172  -11.337  -69.439  1.652 1.0000000000
15183  -11.731  -69.113  0.846 1.0000000000
15195  -2.297  -69.739  -1.012 1.0000000000
15206  -0.828  -69.232  -1.724 1.0000000000
15207  -1.102  -69.252  -1.584 1.0000000000
15209  -2.412  -69.538  -1.740 1.0000000000
15210  -11.793  -69.157  -0.868 1.0000000000
15219  -1.521  -69.137  -1.984 1.0000000000
15220  -2.093  -69.281  -2.043 1.0000000000
15221  -2.688  -69.430  -2.347 1.0000000000
15222  -3.260  -69.539  -2.574 1.0000000000
15223  -11.148  -69.470  -2.543 1.0000000000
15234  -0.144  -68.983  -3.140 1.0000000000
15236  -1.738  -69.877  -3.320 1.0000000000
15237  -2.145  -69.980  -3.642 1.0000000000
15238  -3.040  -69.229  -2.964 1.0000000000
15242  -5.696  -69.865  -2.801 1.0000000000
15254  -0.296  -69.006  -3.549 1.0000000000
15256  -1.552  -69.671  -3.536 1.0000000000
15257  -2.087  -69.826  -3.895 1.0000000000
15259  -3.338  -69.002  -3.611 1.0000000000
15260  -4.174  -69.201  -3.591 1.0000000000
15263  -7.108  -69.551  -3.763 1.0000000000
15264  -7.994  -69.559  -3.872 1.0000000000
15265  -8.817  -69.586  -3.973 1.0000000000
15268  -10.935  -69.163  -3.642 1.0000000000
15269  -11.448  -68.784  -3.602 1.0000000000
15281  -0.552  -69.008  -4.242 1.0000000000
15282  -1.369  -69.455  -4.141 1.0000000000
15283  -1.912  -69.696  -4.131 1.0000000000
15284  -3.403  -68.786  -4.055 1.0000000000
15286  -4.666  -69.017  -4.203 1.0000000000
15287  -5.586  -69.080  -4.219 1.0000000000
15290  -8.396  -69.260  -4.478 1.0000000000
15291  -9.196  -69.196  -4.514 1.0000000000
15292  -10.014  -68.988  -4.552 1.0000000000
15293  -10.685  -68.930  -4.245 1.0000000000
15307  -0.820  -69.057  -4.860 1.0000000000
15308  -1.022  -69.206  -4.650 1.0000000000
15309  -6.739  -68.844  -4.915 1.0000000000
15313  -9.502  -68.835  -5.018 1.0000000000
15325  -0.284  -68.690  -5.807 1.0000000000
15326  -0.604  -68.938  -5.677 1.0000000000
15327  -1.036  -69.213  -5.157 1.0000000000
15336  -0.203  -68.836  -5.948 1.0000000000
15337  -0.536  -68.959  -6.527 1.0000000000
15339  -1.368  -69.468  -6.971 1.0000000000
15349  -1.236  -69.472  -7.413 1.0000000000
15350  -1.592  -69.554  -7.208 1.0000000000
15358  0.185  -69.707  -9.132 1.0000000000
15359  -0.002  -69.392  -8.637 1.0000000000
15368  0.229  -69.692  -9.577 1.0000000000
15370  -1.161  -68.907  -9.734 1.0000000000
15387  -2.211  -68.893  -10.329 1.0000000000
15406  -0.250  -69.911  -10.929 1.0000000000
15408  -1.462  -69.323  -10.969 1.0000000000
15409  -2.322  -69.038  -10.891 1.0000000000
15410  -2.825  -68.957  -11.115 1.0000000000
15417  -0.864  -69.880  -11.647 1.0000000000
15418  -1.295  -69.692  -11.584 1.0000000000
15425  -2.080  -69.684  -12.193 1.0000000000
15427  -3.358  -69.041  -12.355 1.0000000000
15430  -2.903  -69.561  -13.226 1.0000000000
15435  -2.980  -69.632  -13.895 1.0000000000
15436  -3.373  -69.245  -13.712 1.0000000000
15454  -2.243  -69.433  -15.869 1.0000000000
15455  -2.633  -69.349  -15.395 1.0000000000
15472  -1.616  -69.469  -16.441 1.0000000000
15473  -1.957  -69.604  -16.175 1.0000000000
15488  -0.728  -69.406  -17.211 1.0000000000
15489  -1.154  -69.516  -16.779 1.0000000000
15490  -2.928  -69.301  -17.625 0.1000000015
15491  -3.466  -69.342  -17.473 0.1000000015
15511  -0.313  -69.346  -17.701 1.0000000000
15512  -2.079  -69.187  -18.179 0.1000000015
15535  0.555  -68.950  -18.985 1.0000000000
15536  -1.420  -69.243  -18.786 0.1000000015
15537  -1.736  -69.208  -18.462 0.1000000015
15553  1.235  -68.985  -20.108 0.8000000119
15554  0.937  -69.040  -19.640 0.8000000119
15555  -0.873  -69.424  -19.634 0.2000000030
15571  1.493  -69.184  -20.657 0.8000000119
15583  1.613  -69.234  -21.398 0.8000000119
15597  1.423  -69.198  -21.998 0.8000000119
15598  0.053  -69.405  -22.423 0.5000000000
15599  -0.145  -69.187  -22.056 0.4000000060
15616  1.011  -69.131  -22.398 0.8000000119
15617  0.441  -69.175  -22.515 0.5000000000
15618  0.060  -68.936  -22.462 0.4000000060
15868  -0.915  -68.107  17.367 0.1000000015
15870  -1.658  -67.706  16.691 0.1000000015
15885  -1.692  -68.255  16.556 0.1000000015
15900  -2.682  -67.787  15.357 0.2000000030
15912  -2.734  -68.223  14.944 0.3000000119
15922  -3.040  -68.283  14.090 0.4000000060
15923  -3.327  -68.054  13.810 0.5000000000
15938  -2.789  -68.692  13.463 0.6000000238
15955  -0.861  -68.764  12.052 0.6000000238
15956  -1.675  -68.700  12.183 0.8000000119
15957  -2.672  -68.457  12.531 0.8000000119
15974  0.513  -68.885  11.343 0.8000000119
15977  -2.034  -68.269  11.852 0.6999999881
15993  0.279  -68.812  10.995 0.8000000119
15994  -0.024  -68.394  10.642 0.8000000119
16012  -0.535  -68.264  9.996 1.0000000000
16013  -1.296  -68.337  9.620 0.8999999762
16014  -2.185  -68.598  9.653 1.0000000000
16017  -4.586  -68.654  10.022 1.0000000000
16030  -1.375  -68.038  9.191 0.8999999762
16033  -3.379  -68.272  9.323 1.0000000000
16045  -6.336  -67.890  9.024 1.0000000000
16047  -7.407  -68.417  8.662 1.0000000000
16048  -7.962  -68.470  8.371 1.0000000000
16056  -9.056  -68.450  7.503 1.0000000000
16073  -10.434  -68.307  6.020 1.0000000000
16089  -10.788  -68.450  5.373 1.0000000000
16103  -11.476  -68.176  4.330 1.0000000000
16109  -11.288  -68.708  4.127 1.0000000000
16117  -12.211  -68.169  2.339 1.0000000000
16123  -11.940  -68.604  1.950 1.0000000000
16131  -12.047  -68.633  1.253 1.0000000000
16141  -12.363  -68.061  0.176 1.0000000000
16151  -12.135  -68.554  -0.340 1.0000000000
16163  -12.307  -67.605  -1.045 1.0000000000
16171  -0.780  -68.675  -2.444 1.0000000000
16173  -1.892  -68.909  -2.461 1.0000000000
16183  -0.021  -68.714  -2.895 1.0000000000
16184  -0.406  -68.357  -2.747 1.0000000000
16185  -0.999  -68.191  -2.614 1.0000000000
16187  -2.419  -68.957  -2.919 1.0000000000
16188  -11.912  -68.055  -2.971 1.0000000000
16197  0.144  -68.807  -3.427 1.0000000000
16198  -0.013  -68.283  -3.358 1.0000000000
16199  -1.832  -67.980  -3.959 1.0000000000
16202  -11.704  -68.187  -3.535 1.0000000000
16213  0.012  -68.849  -3.748 1.0000000000
16214  0.025  -68.565  -4.124 1.0000000000
16215  -1.623  -67.776  -4.725 1.0000000000
16216  -2.355  -68.130  -4.601 1.0000000000
16217  -3.277  -68.530  -4.503 1.0000000000
16221  -6.498  -68.800  -4.886 1.0000000000
16223  -11.009  -68.546  -4.488 1.0000000000
16224  -11.403  -68.310  -4.186 1.0000000000
16236  -0.009  -68.238  -5.789 1.0000000000
16237  -0.095  -68.308  -5.508 1.0000000000
16239  -1.347  -67.568  -5.335 1.0000000000
16246  -7.630  -68.546  -5.496 1.0000000000
16247  -8.465  -68.560  -5.526 1.0000000000
16249  -10.150  -68.341  -5.353 1.0000000000
16250  -10.892  -68.231  -4.964 1.0000000000
16251  -11.202  -68.243  -4.625 1.0000000000
16268  0.131  -68.385  -5.892 1.0000000000
16269  -0.154  -68.485  -5.938 1.0000000000
16270  -0.285  -68.568  -5.586 1.0000000000
16271  -0.850  -67.662  -6.233 1.0000000000
16280  -8.935  -68.172  -6.017 1.0000000000
16282  -10.072  -67.934  -5.804 1.0000000000
16292  0.030  -68.359  -6.076 1.0000000000
16293  -0.129  -68.499  -6.302 1.0000000000
16294  -0.449  -68.481  -6.805 1.0000000000
16295  -0.908  -67.933  -6.869 1.0000000000
16300  -5.800  -68.034  -7.034 1.0000000000
16301  -6.285  -67.921  -6.927 1.0000000000
16315  -1.481  -68.388  -8.583 1.0000000000
16316  -2.368  -68.367  -8.656 1.0000000000
16317  -3.274  -68.413  -8.734 1.0000000000
16327  -4.341  -68.234  -9.612 1.0000000000
16328  -4.868  -68.076  -9.766 1.0000000000
16334  -2.056  -68.810  -10.017 1.0000000000
16335  -2.506  -68.708  -10.083 1.0000000000
16338  -4.645  -68.134  -10.187 1.0000000000
16355  -2.978  -68.791  -10.756 1.0000000000
16356  -3.731  -68.455  -10.762 1.0000000000
16357  -4.413  -68.193  -10.742 1.0000000000
16368  -3.085  -68.903  -11.229 1.0000000000
16369  -3.570  -68.690  -11.482 1.0000000000
16370  -4.249  -68.275  -11.361 1.0000000000
16375  -3.827  -68.708  -12.237 1.0000000000
16381  -4.255  -68.295  -12.775 1.0000000000
16389  -3.760  -68.693  -13.689 1.0000000000
16390  -4.072  -68.281  -13.391 1.0000000000
16402  -3.291  -68.725  -14.643 1.0000000000
16403  -3.496  -68.857  -14.143 1.0000000000
16413  -2.214  -68.623  -15.781 1.0000000000
16429  -0.926  -68.063  -16.704 1.0000000000
16430  -1.361  -68.575  -16.464 1.0000000000
16450  -0.195  -67.872  -17.438 1.0000000000
16451  -0.552  -68.427  -17.216 1.0000000000
16453  -3.241  -68.925  -17.570 0.1000000015
16454  -3.617  -68.569  -17.593 0.1000000015
16472  -2.321  -68.636  -18.060 0.1000000015
16473  -2.954  -68.564  -17.743 0.1000000015
16498  1.090  -67.954  -19.313 0.8999999762
16501  -1.920  -68.785  -18.300 0.1000000015
16515  0.873  -68.437  -19.359 1.0000000000
16517  -1.213  -68.782  -19.181 0.1000000015
16543  1.616  -68.472  -21.141 0.8000000119
16544  -0.329  -68.373  -21.565 0.4000000060
16559  0.339  -67.799  -22.390 0.4000000060
16575  1.281  -68.428  -22.152 0.8000000119
16577  0.287  -68.667  -22.499 0.6000000238
16924  -2.528  -67.351  15.625 0.2000000030
16935  -3.266  -67.250  14.554 0.3000000119
16945  -3.132  -67.778  14.533 0.3000000119
16957  -3.660  -67.505  13.006 0.6000000238
16970  -2.842  -68.020  11.948 0.8000000119
16971  -3.348  -67.767  12.257 0.8999999762
16990  -1.648  -67.846  11.398 0.8999999762
16992  -3.019  -67.591  11.589 0.8999999762
17009  -0.290  -67.619  10.348 0.8999999762
17011  -1.332  -67.365  10.973 0.8999999762
17013  -2.656  -67.443  11.324 0.8999999762
17029  -0.465  -67.626  9.700 0.8999999762
17030  -0.790  -67.976  9.627 0.8999999762
17041  -0.546  -67.320  9.343 0.8999999762
17043  -1.506  -67.859  8.822 0.8999999762
17044  -2.181  -67.994  8.705 0.8999999762
17045  -2.949  -67.969  8.736 0.8999999762
17046  -3.756  -67.862  8.843 1.0000000000
17047  -4.565  -67.721  9.078 1.0000000000
17048  -5.310  -67.747  9.206 1.0000000000
17063  -2.502  -67.730  8.174 0.8999999762
17068  -6.573  -67.566  8.707 1.0000000000
17069  -7.123  -67.830  8.559 1.0000000000
17077  -1.443  -67.233  7.921 0.8999999762
17079  -2.827  -67.358  7.684 0.8999999762
17080  -3.484  -67.198  7.767 0.8999999762
17084  -8.137  -67.651  8.032 1.0000000000
17085  -8.709  -67.901  7.711 1.0000000000
17092  -9.092  -67.579  7.298 1.0000000000
17093  -9.659  -67.607  6.804 1.0000000000
17103  -10.114  -67.577  6.445 1.0000000000
17115  -11.159  -67.509  5.337 1.0000000000
17136  -12.124  -67.856  3.279 1.0000000000
17154  -12.725  -67.625  1.419 1.0000000000
17155  -13.145  -67.112  1.755 1.0000000000
17162  -12.669  -67.620  0.595 1.0000000000
17170  -12.571  -67.522  -0.100 1.0000000000
17178  -12.525  -67.247  -0.716 1.0000000000
17179  -12.719  -67.168  -0.290 1.0000000000
17188  -12.197  -67.374  -1.459 1.0000000000
17207  -0.659  -67.954  -2.828 1.0000000000
17208  -1.001  -67.890  -3.139 1.0000000000
17209  -1.319  -67.854  -3.598 1.0000000000
17210  -11.960  -67.533  -2.595 1.0000000000
17220  -0.783  -67.735  -3.761 1.0000000000
17233  -0.622  -67.691  -4.516 1.0000000000
17234  -1.049  -67.579  -4.898 1.0000000000
17248  0.012  -68.011  -5.895 1.0000000000
17250  -0.055  -67.982  -5.073 1.0000000000
17251  -0.596  -67.595  -5.240 1.0000000000
17253  -10.312  -67.863  -5.752 1.0000000000
17273  0.070  -68.190  -5.933 1.0000000000
17274  0.000  -67.963  -5.960 1.0000000000
17275  -0.316  -67.726  -5.792 1.0000000000
17276  -0.789  -67.535  -5.802 1.0000000000
17277  -1.105  -67.492  -5.638 1.0000000000
17278  -6.641  -67.841  -6.939 1.0000000000
17279  -7.151  -67.830  -6.726 1.0000000000
17280  -7.897  -67.831  -6.612 1.0000000000
17281  -8.647  -67.776  -6.504 1.0000000000
17284  -10.660  -67.070  -6.053 1.0000000000
17292  0.029  -68.167  -6.205 1.0000000000
17294  -0.280  -67.943  -6.388 1.0000000000
17302  -9.080  -67.312  -6.783 1.0000000000
17303  -9.617  -67.202  -6.620 1.0000000000
17307  -5.346  -68.086  -8.770 1.0000000000
17308  -5.795  -67.856  -8.465 1.0000000000
17309  -6.317  -67.677  -8.176 1.0000000000
17310  -6.987  -67.476  -7.989 1.0000000000
17311  -7.570  -67.363  -7.682 1.0000000000
17312  -8.084  -67.258  -7.535 1.0000000000
17315  -5.423  -67.957  -9.271 1.0000000000
17318  -6.710  -67.365  -8.498 1.0000000000
17321  -5.283  -67.901  -9.679 1.0000000000
17322  -5.700  -67.650  -9.586 1.0000000000
17323  -6.090  -67.354  -9.431 1.0000000000
17328  -5.164  -67.842  -10.175 1.0000000000
17342  -5.522  -67.401  -10.662 1.0000000000
17343  -5.848  -67.198  -10.389 1.0000000000
17354  -4.792  -67.904  -11.318 1.0000000000
17366  -5.002  -67.533  -11.915 1.0000000000
17376  -4.710  -67.660  -12.600 1.0000000000
17387  -3.207  -67.324  -14.275 1.0000000000
17397  -2.301  -67.404  -14.971 1.0000000000
17409  -1.318  -67.641  -15.976 1.0000000000
17411  -2.540  -68.178  -15.337 1.0000000000
17423  -0.607  -67.437  -16.545 1.0000000000
17464  0.429  -67.312  -17.905 1.0000000000
17465  -1.919  -67.676  -18.136 0.1000000015
17466  -2.526  -67.915  -17.978 0.1000000015
17467  -3.137  -67.868  -17.616 0.1000000015
17468  -3.502  -68.029  -17.626 0.1000000015
17496  -1.008  -67.515  -19.252 0.2000000030
17497  -1.458  -67.880  -18.734 0.1000000015
17511  1.348  -67.527  -19.627 0.8999999762
17528  1.491  -67.767  -20.180 0.8999999762
17529  -0.505  -67.456  -21.035 0.4000000060
17546  1.593  -67.664  -20.849 0.8000000119
17547  0.058  -67.024  -22.007 0.4000000060
17548  -0.121  -67.473  -21.834 0.4000000060
17564  1.619  -67.744  -21.709 0.8000000119
17566  0.116  -67.704  -22.204 0.4000000060
17582  1.158  -67.608  -22.289 0.8000000119
17583  0.676  -67.463  -22.486 0.4000000060
17998  -2.993  -66.698  14.806 0.3000000119
17999  -3.377  -66.715  14.231 0.3000000119
18010  -3.665  -66.718  13.490 0.6000000238
18035  -3.831  -67.162  12.378 0.6000000238
18036  -4.062  -66.738  12.047 0.6000000238
18069  -0.358  -67.336  10.267 0.8999999762
18070  -0.481  -67.150  10.353 0.8999999762
18071  -1.008  -66.933  10.503 0.8999999762
18087  -0.653  -66.870  9.942 0.8999999762
18088  -1.357  -66.669  9.920 0.8999999762
18090  -3.204  -66.361  9.911 0.8999999762
18101  -0.462  -67.141  9.613 0.8999999762
18103  -1.738  -66.361  9.226 0.8999999762
18104  -2.571  -66.237  9.410 0.8999999762
18105  -3.093  -66.119  9.334 0.8999999762
18118  -1.112  -66.681  8.173 0.8999999762
18119  -1.320  -66.446  8.649 0.8999999762
18120  -4.770  -66.947  8.206 0.8999999762
18121  -5.454  -66.927  8.407 0.8999999762
18122  -6.199  -67.055  8.451 0.8999999762
18123  -6.622  -67.182  8.420 1.0000000000
18132  -1.756  -66.687  7.460 0.8999999762
18133  -2.519  -67.032  7.136 0.8999999762
18135  -3.684  -66.889  7.397 0.8999999762
18136  -4.288  -66.818  7.622 0.8999999762
18139  -6.737  -66.837  8.049 1.0000000000
18140  -7.698  -66.760  7.728 1.0000000000
18141  -8.254  -67.106  7.719 1.0000000000
18149  -2.819  -66.715  6.641 0.8999999762
18151  -3.928  -66.676  7.124 0.8999999762
18152  -7.969  -66.349  7.359 1.0000000000
18153  -8.492  -66.740  7.344 1.0000000000
18164  -2.204  -66.036  5.872 0.8999999762
18165  -2.662  -66.351  5.922 0.8999999762
18166  -3.146  -66.545  6.295 0.8999999762
18168  -9.993  -66.686  6.400 1.0000000000
18169  -10.645  -66.623  5.920 1.0000000000
18179  -2.209  -65.927  5.458 0.8999999762
18195  -11.658  -66.363  4.898 1.0000000000
18196  -12.069  -66.393  4.405 1.0000000000
18204  -12.872  -66.199  3.363 1.0000000000
18214  -12.721  -66.754  3.219 1.0000000000
18224  -13.529  -66.508  2.021 1.0000000000
18225  -13.826  -66.276  1.562 1.0000000000
18240  -13.854  -66.175  0.322 1.0000000000
18247  -12.656  -66.963  -0.844 1.0000000000
18255  -12.212  -67.049  -1.555 1.0000000000
18256  -12.490  -66.853  -1.268 1.0000000000
18257  -12.981  -66.416  -1.151 1.0000000000
18276  -11.676  -66.700  -2.948 1.0000000000
18284  -11.632  -66.923  -3.827 1.0000000000
18292  -11.544  -67.079  -4.514 1.0000000000
18307  -11.052  -66.744  -5.748 1.0000000000
18308  -11.340  -67.006  -5.136 1.0000000000
18326  -10.440  -66.883  -6.400 1.0000000000
18334  -8.971  -66.986  -7.173 1.0000000000
18335  -9.451  -66.896  -6.968 1.0000000000
18337  -10.478  -66.554  -6.559 1.0000000000
18341  -8.024  -67.045  -7.971 1.0000000000
18342  -8.631  -66.818  -7.741 1.0000000000
18343  -9.284  -66.624  -7.368 1.0000000000
18348  -7.252  -67.077  -8.595 1.0000000000
18349  -7.922  -66.740  -8.494 1.0000000000
18353  -6.569  -67.050  -9.334 1.0000000000
18355  -7.577  -66.715  -8.848 1.0000000000
18359  -6.797  -66.579  -9.834 1.0000000000
18366  -5.857  -67.020  -10.705 1.0000000000
18367  -6.277  -66.672  -10.522 1.0000000000
18368  -6.737  -66.282  -10.269 1.0000000000
18399  -5.325  -66.892  -12.020 1.0000000000
18410  -4.241  -66.933  -13.319 1.0000000000
18411  -4.908  -66.805  -12.712 1.0000000000
18420  -2.123  -66.741  -14.466 1.0000000000
18422  -3.501  -66.872  -13.795 1.0000000000
18423  -3.985  -67.304  -13.675 1.0000000000
18432  -0.631  -66.482  -15.229 1.0000000000
18435  -2.405  -67.250  -14.761 1.0000000000
18444  -0.485  -66.640  -15.623 1.0000000000
18445  -1.183  -67.003  -15.525 1.0000000000
18446  -1.626  -67.265  -15.499 1.0000000000
18459  -0.213  -66.783  -16.306 1.0000000000
18479  0.435  -66.545  -17.178 1.0000000000
18497  0.544  -66.794  -17.650 1.0000000000
18523  0.682  -66.938  -18.133 1.0000000000
18544  1.352  -66.748  -19.327 0.8999999762
18545  -0.642  -66.677  -20.335 0.2000000030
18563  -0.209  -66.189  -21.583 0.3000000119
18564  -0.396  -66.487  -21.168 0.2000000030
18581  1.739  -66.377  -21.524 0.8000000119
18583  -0.118  -66.685  -21.760 0.3000000119
18602  1.685  -66.399  -21.706 0.8000000119
18604  0.272  -66.688  -22.134 0.4000000060
18626  1.002  -66.978  -22.427 0.8000000119
18627  0.612  -66.884  -22.417 0.4000000060
19106  -2.774  -65.712  14.385 0.1000000015
19120  -4.085  -66.416  12.460 0.6000000238
19131  -3.943  -65.468  12.360 0.4000000060
19164  -4.236  -65.827  10.168 0.8000000119
19178  -3.565  -66.003  9.424 0.8999999762
19179  -4.071  -65.754  9.519 0.8999999762
19192  -2.777  -66.042  9.013 0.8999999762
19194  -3.756  -65.674  9.008 0.8999999762
19207  -1.378  -66.339  8.292 0.8999999762
19208  -1.832  -66.178  8.476 0.8999999762
19210  -3.475  -65.547  8.391 0.8999999762
19211  -3.844  -65.432  8.764 0.8999999762
19223  -2.139  -65.971  7.960 0.8999999762
19224  -2.874  -65.628  7.703 0.8999999762
19225  -3.331  -65.192  7.875 0.8999999762
19226  -4.211  -66.569  7.163 0.8999999762
19227  -4.608  -66.395  7.269 0.8999999762
19228  -5.361  -66.212  7.433 0.8999999762
19229  -6.207  -66.220  7.552 0.8999999762
19234  -1.832  -66.171  7.459 0.8999999762
19235  -2.317  -65.889  7.087 0.8999999762
19237  -3.473  -66.442  6.417 0.8999999762
19244  -8.678  -66.210  6.918 1.0000000000
19252  -2.874  -66.151  5.677 0.8999999762
19256  -5.625  -65.239  6.715 0.8999999762
19257  -8.445  -65.761  6.785 1.0000000000
19258  -8.994  -65.827  6.647 1.0000000000
19259  -9.643  -65.755  6.357 1.0000000000
19271  -1.854  -65.073  5.333 0.8999999762
19273  -2.668  -65.796  5.328 0.8999999762
19274  -3.536  -65.493  5.525 0.8999999762
19275  -3.927  -65.205  5.827 0.8999999762
19277  -10.511  -65.700  5.732 1.0000000000
19278  -11.177  -65.627  5.258 1.0000000000
19292  -1.888  -65.099  4.995 0.8999999762
19293  -2.152  -65.186  4.949 0.8999999762
19295  -11.750  -65.633  4.757 1.0000000000
19309  -13.145  -65.637  3.159 1.0000000000
19319  -13.704  -65.674  2.406 1.0000000000
19331  -14.095  -65.627  1.526 1.0000000000
19354  -13.387  -66.196  -0.921 1.0000000000
19355  -13.854  -65.864  -0.767 1.0000000000
19362  -13.259  -66.045  -1.433 1.0000000000
19371  -12.598  -65.867  -2.075 1.0000000000
19372  -13.185  -65.824  -1.882 1.0000000000
19373  -13.519  -65.834  -1.711 1.0000000000
19382  -11.183  -65.706  -2.937 1.0000000000
19399  -11.146  -65.696  -4.284 1.0000000000
19417  -11.221  -66.087  -5.121 1.0000000000
19418  -11.437  -66.651  -4.803 1.0000000000
19445  -10.177  -66.045  -6.930 1.0000000000
19446  -10.538  -66.047  -6.612 1.0000000000
19450  -9.093  -66.281  -7.859 1.0000000000
19451  -9.766  -66.081  -7.331 1.0000000000
19454  -8.134  -66.445  -8.663 1.0000000000
19455  -8.544  -66.339  -8.398 1.0000000000
19456  -9.015  -65.849  -8.165 1.0000000000
19459  -7.300  -66.250  -9.539 1.0000000000
19464  -7.093  -65.926  -10.028 1.0000000000
19465  -7.535  -65.829  -9.588 1.0000000000
19467  -6.309  -65.969  -11.032 1.0000000000
19483  -5.994  -66.122  -11.385 1.0000000000
19500  -4.700  -65.924  -12.636 1.0000000000
19512  -2.267  -65.872  -13.513 1.0000000000
19514  -3.724  -66.285  -13.316 1.0000000000
19516  -4.851  -66.303  -12.755 1.0000000000
19525  -0.265  -65.614  -14.565 1.0000000000
19527  -1.330  -65.963  -14.225 1.0000000000
19529  -2.757  -66.412  -13.792 1.0000000000
19530  -3.250  -66.371  -13.593 1.0000000000
19541  -0.548  -66.192  -14.973 1.0000000000
19542  -1.159  -66.266  -14.702 1.0000000000
19543  -1.593  -66.317  -14.533 1.0000000000
19556  0.087  -66.020  -15.487 1.0000000000
19557  -0.231  -66.206  -15.251 1.0000000000
19577  0.379  -65.926  -16.162 1.0000000000
19599  0.653  -65.840  -16.924 1.0000000000
19608  1.005  -65.781  -17.561 1.0000000000
19609  0.703  -66.274  -17.462 1.0000000000
19623  1.270  -65.817  -18.679 0.8999999762
19657  1.761  -65.727  -21.177 0.8000000119
19681  1.741  -66.080  -21.534 0.8000000119
19682  1.746  -66.139  -21.219 0.8000000119
19683  0.188  -66.016  -21.905 0.3000000119
19705  1.538  -66.123  -21.887 0.8000000119
19706  1.182  -66.138  -22.174 0.6000000238
19707  0.686  -66.307  -22.381 0.6000000238
19732  1.076  -66.545  -22.383 0.8000000119
19733  0.857  -66.665  -22.456 0.8000000119
20282  -2.005  -65.031  14.410 0.1000000015
20284  -3.210  -65.354  13.442 0.3000000119
20296  -2.819  -64.919  13.296 0.1000000015
20310  -2.974  -64.767  12.810 0.3000000119
20312  -3.979  -65.235  12.001 0.8000000119
20328  -3.721  -64.850  11.803 0.5000000000
20329  -4.156  -65.083  11.329 0.6999999881
20364  -4.317  -65.240  9.795 0.8999999762
20388  -3.724  -64.927  8.164 0.8999999762
20401  -3.064  -64.890  7.415 0.8999999762
20402  -3.398  -64.881  7.818 0.8999999762
20411  -2.487  -65.283  6.642 0.8999999762
20412  -2.649  -64.933  6.937 0.8999999762
20413  -6.267  -65.338  6.858 0.8999999762
20414  -7.021  -65.445  6.883 1.0000000000
20416  -8.143  -65.620  6.790 1.0000000000
20421  -2.164  -64.991  6.154 0.8999999762
20424  -4.297  -64.891  6.075 0.8999999762
20425  -5.192  -64.839  6.541 0.8999999762
20431  -9.573  -65.188  6.060 1.0000000000
20441  -1.772  -64.786  5.430 0.8999999762
20442  -1.826  -64.630  5.828 0.8999999762
20443  -3.013  -65.019  5.230 0.8999999762
20445  -3.945  -64.967  5.891 0.8999999762
20446  -9.335  -64.789  5.915 1.0000000000
20447  -9.876  -64.912  5.749 1.0000000000
20449  -10.930  -64.989  5.187 1.0000000000
20464  -1.593  -64.526  5.223 0.8999999762
20466  -2.458  -64.554  5.013 0.8999999762
20467  -10.789  -64.607  5.142 1.0000000000
20484  -12.409  -64.936  4.096 1.0000000000
20494  -13.757  -64.764  2.342 1.0000000000
20505  -14.169  -64.638  1.674 1.0000000000
20513  -14.476  -64.903  0.768 1.0000000000
20514  -14.539  -64.562  0.435 1.0000000000
20522  -14.435  -65.303  0.037 1.0000000000
20529  -14.237  -65.440  -0.635 1.0000000000
20530  -14.530  -64.937  -0.527 1.0000000000
20537  -14.053  -65.507  -1.264 1.0000000000
20544  -9.655  -64.113  -3.617 1.0000000000
20545  -9.954  -64.062  -3.536 1.0000000000
20546  -11.791  -65.361  -2.769 1.0000000000
20547  -12.397  -65.437  -2.579 1.0000000000
20549  -13.791  -65.393  -2.015 1.0000000000
20550  -14.186  -65.245  -1.581 1.0000000000
20557  -9.690  -64.189  -4.069 1.0000000000
20560  -11.450  -64.842  -3.288 1.0000000000
20576  -12.050  -64.681  -3.468 1.0000000000
20577  -12.440  -64.811  -3.328 1.0000000000
20586  -10.436  -64.672  -5.109 1.0000000000
20623  -10.419  -64.838  -6.209 1.0000000000
20634  -10.233  -65.393  -6.883 1.0000000000
20635  -10.524  -65.630  -6.651 1.0000000000
20639  -9.728  -65.287  -7.472 1.0000000000
20643  -9.064  -65.310  -8.159 1.0000000000
20646  -8.191  -65.529  -9.032 1.0000000000
20647  -8.407  -65.291  -8.724 1.0000000000
20652  -7.829  -65.448  -9.342 1.0000000000
20661  -6.423  -65.289  -10.793 1.0000000000
20673  -3.675  -64.600  -11.800 1.0000000000
20675  -5.097  -65.171  -11.843 1.0000000000
20691  -0.694  -64.875  -12.775 1.0000000000
20694  -2.825  -65.032  -12.455 1.0000000000
20696  -4.500  -65.374  -12.333 1.0000000000
20697  -5.044  -65.716  -12.287 1.0000000000
20712  -0.222  -64.886  -13.667 1.0000000000
20713  -0.558  -65.100  -13.408 1.0000000000
20714  -1.135  -65.217  -13.241 1.0000000000
20716  -2.539  -65.454  -12.986 1.0000000000
20733  -0.457  -65.311  -14.000 1.0000000000
20735  -1.598  -65.627  -13.735 1.0000000000
20748  0.152  -65.337  -14.959 1.0000000000
20787  0.855  -65.053  -16.690 1.0000000000
20802  0.934  -65.251  -17.021 1.0000000000
20803  0.739  -65.421  -16.776 1.0000000000
20821  -0.701  -65.035  -19.073 0.1000000015
20831  -0.141  -64.474  -20.691 0.3000000119
20846  1.731  -65.451  -21.165 0.8000000119
20847  1.673  -65.194  -20.793 0.8000000119
20848  -0.071  -64.860  -21.051 0.3000000119
20849  -0.364  -65.270  -20.813 0.3000000119
20868  1.186  -64.899  -21.663 0.6000000238
20869  0.349  -65.201  -21.671 0.6000000238
20891  1.640  -65.809  -21.750 0.8000000119
20892  1.369  -65.650  -21.888 0.8000000119
21531  -2.318  -64.665  13.535 0.1000000015
21543  -1.848  -64.331  13.349 0.1000000015
21560  -3.328  -64.551  11.922 0.5000000000
21576  -3.997  -64.625  11.039 0.6999999881
21592  -4.200  -64.757  10.757 0.6999999881
21613  -3.963  -64.274  10.276 0.6999999881
21614  -4.239  -64.587  10.156 0.8999999762
21626  -4.300  -64.679  9.393 0.8999999762
21638  -4.133  -64.750  8.703 0.8999999762
21649  -3.011  -64.111  7.503 0.8999999762
21661  -2.179  -63.979  6.796 0.8999999762
21662  -2.580  -64.391  7.004 0.8999999762
21663  -4.938  -63.793  6.979 0.8999999762
21665  -6.072  -64.168  7.025 0.8999999762
21666  -6.505  -64.248  6.884 1.0000000000
21674  -1.541  -63.961  6.085 0.8999999762
21675  -1.867  -64.223  6.254 0.8999999762
21676  -2.229  -64.340  6.663 0.8999999762
21677  -3.925  -64.326  6.098 0.8999999762
21679  -5.574  -64.480  6.877 0.8999999762
21680  -6.294  -64.543  6.831 1.0000000000
21681  -6.924  -64.438  6.686 1.0000000000
21682  -7.659  -64.493  6.411 1.0000000000
21696  -1.186  -63.863  5.710 0.8999999762
21697  -1.427  -64.112  5.758 0.8999999762
21699  -3.049  -64.219  5.347 0.8999999762
21700  -3.441  -63.942  5.805 0.8999999762
21701  -8.799  -64.117  5.884 1.0000000000
21703  -9.915  -64.196  5.342 1.0000000000
21717  -1.147  -63.836  5.491 0.8999999762
21718  -1.478  -63.977  5.140 0.8999999762
21719  -2.033  -63.877  5.031 0.8999999762
21721  -10.244  -63.874  5.065 1.0000000000
21722  -10.794  -64.044  4.919 1.0000000000
21724  -12.043  -64.385  4.283 1.0000000000
21740  -12.435  -64.129  3.875 1.0000000000
21741  -12.987  -64.134  3.315 1.0000000000
21764  -13.556  -63.543  2.160 1.0000000000
21765  -13.960  -63.778  1.624 1.0000000000
21778  -14.378  -64.042  0.860 1.0000000000
21789  -14.451  -63.852  0.385 1.0000000000
21790  -14.551  -64.174  0.245 1.0000000000
21798  -14.625  -64.344  -0.405 1.0000000000
21811  -8.144  -63.605  -2.993 1.0000000000
21813  -9.312  -63.867  -3.245 1.0000000000
21815  -14.072  -64.929  -2.277 1.0000000000
21816  -14.392  -64.867  -1.844 1.0000000000
21825  -8.477  -63.759  -3.725 1.0000000000
21827  -10.139  -63.831  -3.567 1.0000000000
21829  -11.073  -64.453  -3.585 1.0000000000
21831  -13.808  -64.678  -2.856 1.0000000000
21841  -9.298  -63.964  -4.361 1.0000000000
21842  -9.773  -64.165  -4.569 1.0000000000
21843  -10.918  -63.876  -3.793 1.0000000000
21844  -11.320  -64.092  -3.802 1.0000000000
21845  -11.922  -64.377  -3.783 1.0000000000
21847  -13.371  -64.372  -3.588 1.0000000000
21855  -8.688  -63.723  -4.779 1.0000000000
21857  -9.845  -64.150  -5.062 1.0000000000
21858  -11.516  -63.741  -4.086 1.0000000000
21859  -11.949  -63.951  -4.141 1.0000000000
21860  -12.602  -63.876  -4.211 1.0000000000
21877  -2.049  -63.125  -5.586 1.0000000000
21879  -9.410  -63.833  -5.589 1.0000000000
21880  -9.965  -64.245  -5.908 1.0000000000
21896  -1.964  -63.283  -5.957 1.0000000000
21899  -9.930  -64.505  -6.642 1.0000000000
21909  -1.213  -63.311  -7.120 1.0000000000
21911  -2.294  -63.569  -7.248 1.0000000000
21912  -8.048  -64.041  -6.928 1.0000000000
21913  -8.445  -64.078  -7.060 1.0000000000
21915  -9.741  -64.827  -7.261 1.0000000000
21918  -0.559  -63.441  -7.934 1.0000000000
21919  -0.926  -63.559  -7.628 1.0000000000
21922  -7.233  -64.208  -7.409 1.0000000000
21925  -9.287  -64.904  -7.766 1.0000000000
21930  -0.079  -63.698  -8.569 1.0000000000
21931  -0.353  -63.704  -8.288 1.0000000000
21933  -1.458  -64.149  -8.672 1.0000000000
21934  -1.992  -63.902  -8.982 0.8999999762
21937  -7.948  -64.462  -8.231 1.0000000000
21939  -9.026  -65.036  -8.110 1.0000000000
21942  0.034  -64.133  -8.612 1.0000000000
21943  -0.270  -64.065  -8.748 1.0000000000
21944  -0.658  -64.289  -9.362 0.8999999762
21946  -1.983  -63.869  -9.525 0.8999999762
21951  -8.345  -65.035  -8.668 1.0000000000
21962  -0.653  -64.403  -9.958 1.0000000000
21963  -1.176  -64.297  -10.139 1.0000000000
21964  -1.824  -63.950  -9.986 1.0000000000
21965  -4.644  -63.965  -10.180 1.0000000000
21966  -5.364  -64.208  -10.047 1.0000000000
21967  -6.122  -64.423  -9.828 1.0000000000
21969  -7.568  -64.938  -9.364 1.0000000000
21983  -1.232  -64.284  -10.930 1.0000000000
21984  -1.980  -63.965  -10.697 1.0000000000
21987  -4.353  -64.090  -10.845 1.0000000000
22000  -0.651  -64.238  -11.798 1.0000000000
22001  -1.120  -64.375  -11.597 1.0000000000
22003  -2.543  -64.170  -11.448 1.0000000000
22004  -3.305  -64.202  -11.429 1.0000000000
22007  -5.362  -64.748  -11.267 1.0000000000
22017  -0.948  -64.547  -12.211 1.0000000000
22020  -3.059  -64.594  -11.926 1.0000000000
22031  -0.208  -64.655  -13.550 1.0000000000
22052  -0.224  -64.051  -13.593 1.0000000000
22102  0.978  -64.720  -16.677 1.0000000000
22103  0.900  -64.323  -16.118 1.0000000000
22130  1.397  -63.923  -19.182 0.8000000119
22144  -0.102  -64.001  -20.453 0.2000000030
22145  -0.404  -64.133  -20.026 0.3000000119
22179  0.955  -64.254  -21.404 0.6000000238
22180  0.499  -64.532  -21.424 0.3000000119
22852  -2.059  -63.775  12.119 0.1000000015
22853  -2.600  -63.926  11.754 0.1000000015
22869  -2.971  -63.962  11.258 0.3000000119
22870  -3.304  -64.129  11.159 0.5000000000
22883  -2.764  -63.611  10.644 0.5000000000
22905  -3.594  -63.993  10.190 0.6999999881
22906  -4.011  -64.226  10.040 0.8999999762
22920  -3.616  -63.765  9.444 0.8999999762
22931  -3.058  -63.351  8.437 0.8999999762
22932  -3.571  -63.729  8.719 0.8999999762
22933  -4.040  -64.159  9.025 0.8999999762
22942  -2.335  -63.256  7.472 0.8999999762
22944  -3.348  -63.854  8.063 0.8999999762
22955  -1.754  -63.345  6.759 0.8999999762
22956  -2.045  -63.418  7.062 0.8999999762
22958  -3.984  -63.110  6.850 0.8999999762
22960  -5.295  -63.540  7.238 0.8999999762
22961  -5.910  -63.750  7.209 0.8999999762
22973  -1.150  -63.274  6.037 0.8999999762
22975  -1.838  -63.704  6.624 0.8999999762
22976  -3.277  -63.181  6.056 0.8999999762
22978  -4.218  -63.713  6.693 0.8999999762
22979  -7.302  -64.025  6.643 1.0000000000
22980  -7.840  -63.786  6.354 1.0000000000
22981  -8.459  -63.718  6.035 1.0000000000
22990  -1.115  -63.524  5.781 0.8999999762
22991  -1.286  -63.729  5.918 0.8999999762
22992  -2.605  -63.068  5.381 0.8999999762
22993  -2.965  -63.304  5.616 0.8999999762
22997  -9.826  -63.463  5.106 1.0000000000
23012  -2.319  -63.143  5.196 0.8999999762
23013  -2.625  -63.394  5.287 0.8999999762
23016  -11.513  -63.415  4.158 1.0000000000
23030  -11.996  -63.400  3.853 1.0000000000
23032  -12.975  -63.572  3.026 1.0000000000
23040  -12.742  -63.114  2.977 1.0000000000
23050  -13.336  -63.018  2.120 1.0000000000
23077  -14.304  -63.429  0.260 1.0000000000
23091  -2.560  -63.224  -1.250 0.8999999762
23092  -2.772  -63.113  -1.211 0.8999999762
23094  -14.527  -63.703  -0.252 1.0000000000
23104  -1.799  -63.406  -1.895 0.8999999762
23108  -4.987  -63.064  -1.665 1.0000000000
23109  -5.787  -62.968  -1.708 1.0000000000
23111  -7.196  -62.997  -1.881 1.0000000000
23113  -14.531  -63.491  -1.422 1.0000000000
23114  -14.648  -63.932  -0.926 1.0000000000
23120  -2.322  -63.538  -2.434 0.8999999762
23122  -3.755  -63.431  -2.244 0.8999999762
23123  -4.596  -63.340  -2.260 1.0000000000
23128  -8.382  -63.293  -2.648 1.0000000000
23129  -9.090  -63.265  -2.970 1.0000000000
23130  -9.531  -63.540  -3.154 1.0000000000
23132  -14.604  -64.149  -1.647 1.0000000000
23140  -1.958  -63.293  -3.226 0.8999999762
23141  -2.227  -63.523  -3.131 0.8999999762
23142  -2.777  -63.560  -3.046 0.8999999762
23145  -5.035  -63.338  -2.979 1.0000000000
23149  -7.859  -63.634  -3.585 1.0000000000
23151  -9.834  -63.233  -3.299 1.0000000000
23152  -10.296  -63.539  -3.686 1.0000000000
23154  -14.380  -64.354  -2.320 1.0000000000
23162  -1.918  -63.150  -3.593 0.8999999762
23164  -2.573  -63.548  -3.769 0.8999999762
23169  -6.315  -63.500  -3.742 1.0000000000
23170  -7.246  -63.534  -3.812 1.0000000000
23173  -10.729  -63.450  -3.896 1.0000000000
23176  -13.906  -63.750  -3.746 1.0000000000
23183  -1.976  -63.169  -4.215 0.8999999762
23184  -2.330  -63.424  -4.476 0.8999999762
23189  -5.906  -63.648  -4.462 1.0000000000
23191  -7.543  -63.663  -4.694 1.0000000000
23193  -8.857  -63.717  -5.413 1.0000000000
23194  -11.087  -63.170  -4.142 1.0000000000
23196  -12.214  -63.376  -4.494 1.0000000000
23197  -13.069  -63.418  -4.479 1.0000000000
23217  -2.540  -63.455  -5.413 1.0000000000
23219  -4.070  -63.470  -5.286 1.0000000000
23220  -4.782  -63.715  -5.214 1.0000000000
23221  -5.533  -63.822  -5.178 1.0000000000
23224  -7.806  -63.762  -5.443 1.0000000000
23225  -8.441  -63.724  -5.676 1.0000000000
23249  -5.944  -63.966  -5.890 1.0000000000
23252  -8.025  -63.830  -6.100 1.0000000000
23253  -8.582  -63.798  -6.240 1.0000000000
23254  -9.022  -63.875  -6.441 1.0000000000
23262  -1.180  -63.074  -7.392 1.0000000000
23263  -1.476  -63.113  -6.880 1.0000000000
23265  -3.587  -63.497  -6.990 1.0000000000
23268  -5.649  -63.986  -6.607 1.0000000000
23271  -7.693  -64.025  -6.654 1.0000000000
23273  -8.719  -63.922  -6.686 1.0000000000
23278  -0.465  -63.202  -7.981 1.0000000000
23280  -2.750  -63.592  -7.949 1.0000000000
23282  -4.090  -63.576  -7.587 1.0000000000
23285  -6.088  -64.107  -7.240 1.0000000000
23287  -7.306  -64.147  -7.044 1.0000000000
23291  0.090  -63.733  -8.746 1.0000000000
23292  -0.119  -63.328  -8.555 1.0000000000
23293  -0.570  -63.013  -8.186 1.0000000000
23294  -2.572  -63.694  -8.694 1.0000000000
23297  -4.554  -63.767  -8.171 1.0000000000
23299  -5.933  -64.158  -7.980 1.0000000000
23300  -6.459  -64.176  -7.718 1.0000000000
23308  0.072  -64.110  -8.883 1.0000000000
23309  -0.176  -63.680  -9.064 1.0000000000
23312  -3.033  -63.583  -9.181 1.0000000000
23314  -4.363  -63.785  -8.886 1.0000000000
23316  -5.604  -64.146  -8.565 1.0000000000
23325  -0.264  -64.043  -10.193 0.8999999762
23326  -0.656  -64.436  -10.215 1.0000000000
23327  -2.265  -63.729  -9.873 1.0000000000
23328  -2.823  -63.602  -9.803 1.0000000000
23329  -3.494  -63.585  -9.714 1.0000000000
23331  -4.854  -63.963  -9.453 1.0000000000
23334  -0.369  -64.069  -10.860 0.8999999762
23337  -2.532  -63.686  -10.329 1.0000000000
23339  -3.944  -63.747  -10.286 1.0000000000
23342  -0.506  -63.870  -11.419 0.8999999762
23359  0.151  -63.940  -14.108 1.0000000000
23383  0.890  -63.802  -15.532 1.0000000000
23395  1.162  -63.972  -16.663 1.0000000000
23412  1.305  -63.583  -17.383 1.0000000000
23460  -0.747  -63.211  -19.125 0.1000000015
23485  1.493  -63.313  -19.976 0.4000000060
23486  0.048  -63.162  -20.411 0.2000000030
23517  1.204  -63.541  -20.667 0.6000000238
23518  0.509  -63.641  -20.842 0.4000000060
23549  0.959  -63.883  -21.109 0.6000000238
23550  0.610  -64.064  -21.211 0.3000000119
24235  -1.809  -63.166  11.108 0.1000000015
24251  -1.461  -62.550  10.488 0.3000000119
24252  -1.980  -63.064  10.744 0.4000000060
24253  -2.394  -63.265  10.645 0.4000000060
24269  -1.926  -62.701  9.948 0.4000000060
24286  -2.607  -62.970  9.561 0.6999999881
24299  -2.155  -62.486  8.808 0.6999999881
24311  -1.762  -62.389  7.702 0.8999999762
24312  -2.195  -62.727  7.977 0.8000000119
24313  -2.691  -63.069  8.232 0.8999999762
24314  -4.540  -62.254  7.429 1.0000000000
24315  -4.904  -62.376  7.532 1.0000000000
24316  -5.542  -62.512  7.561 1.0000000000
24328  -2.067  -63.045  7.407 0.8999999762
24329  -3.330  -62.523  6.594 0.8999999762
24330  -3.604  -62.731  6.735 1.0000000000
24331  -4.313  -62.666  7.232 1.0000000000
24332  -5.085  -62.968  7.382 0.8999999762
24334  -6.969  -63.084  7.097 1.0000000000
24336  -8.234  -62.837  6.427 1.0000000000
24348  -0.837  -62.567  5.973 0.8999999762
24349  -1.014  -62.806  6.050 0.8999999762
24350  -1.287  -62.539  6.634 0.8999999762
24352  -3.462  -63.007  6.469 0.8999999762
24354  -8.666  -63.025  6.030 1.0000000000
24365  -0.705  -62.509  5.812 0.8999999762
24366  -0.749  -62.958  5.556 0.8999999762
24368  -2.727  -62.476  5.799 0.8999999762
24369  -9.102  -63.184  5.670 1.0000000000
24370  -9.420  -62.880  5.358 1.0000000000
24371  -9.906  -62.776  4.914 1.0000000000
24383  -0.610  -62.401  5.459 0.8999999762
24384  -1.063  -62.639  5.187 0.8999999762
24385  -1.708  -62.467  5.062 0.8999999762
24386  -2.219  -62.491  5.261 0.8999999762
24403  -11.361  -62.345  3.680 1.0000000000
24404  -11.869  -62.652  3.398 1.0000000000
24412  -12.006  -62.257  2.889 1.0000000000
24413  -12.551  -62.537  2.574 1.0000000000
24423  -12.706  -62.211  2.023 1.0000000000
24424  -13.143  -62.518  1.730 1.0000000000
24425  -13.454  -62.789  1.558 1.0000000000
24438  -13.592  -62.750  1.242 1.0000000000
24448  -13.611  -62.188  0.516 1.0000000000
24462  -2.414  -63.087  -1.097 0.8999999762
24463  -2.594  -63.026  -1.098 0.8999999762
24464  -14.207  -62.907  -0.420 1.0000000000
24465  -14.425  -63.322  -0.442 1.0000000000
24479  -2.139  -63.104  -1.096 0.8999999762
24482  -4.572  -62.639  -1.277 0.8999999762
24485  -6.860  -62.504  -1.447 1.0000000000
24486  -7.434  -62.550  -1.822 1.0000000000
24499  -1.817  -62.675  -2.282 0.8999999762
24501  -7.950  -62.843  -2.177 1.0000000000
24503  -9.021  -62.763  -2.954 1.0000000000
24513  -1.926  -62.893  -3.082 0.8999999762
24514  -1.995  -62.457  -3.332 0.8999999762
24515  -8.863  -62.364  -2.885 1.0000000000
24516  -9.357  -62.547  -3.251 1.0000000000
24517  -9.861  -62.802  -3.524 1.0000000000
24526  -2.022  -62.339  -3.938 0.8999999762
24528  -10.227  -62.666  -3.749 1.0000000000
24536  -2.080  -62.742  -4.511 0.8999999762
24537  -2.050  -62.181  -4.652 0.8999999762
24538  -11.200  -62.692  -4.280 1.0000000000
24542  -13.919  -62.394  -4.492 1.0000000000
24561  -12.544  -62.182  -5.043 1.0000000000
24562  -13.041  -61.965  -5.113 1.0000000000
24578  -1.899  -61.777  -6.013 0.8000000119
24585  -1.411  -62.853  -7.519 1.0000000000
24587  -1.956  -61.990  -6.759 0.8999999762
24593  -1.137  -62.905  -7.910 1.0000000000
24594  -1.616  -62.672  -7.801 1.0000000000
24600  -0.444  -62.947  -8.876 1.0000000000
24601  -0.707  -62.965  -8.522 1.0000000000
24603  -1.859  -62.338  -8.313 1.0000000000
24609  -0.146  -63.208  -9.016 1.0000000000
24611  -1.166  -62.765  -9.079 1.0000000000
24612  -1.671  -62.487  -8.969 1.0000000000
24618  -0.692  -63.291  -10.099 0.8999999762
24619  -1.285  -62.697  -9.852 1.0000000000
24620  -1.498  -62.578  -9.391 1.0000000000
24636  -0.809  -63.376  -11.725 0.8999999762
24647  -0.942  -62.959  -11.946 0.8999999762
24652  -0.291  -62.954  -13.377 0.8999999762
24661  0.394  -63.068  -14.336 0.8999999762
24662  -0.050  -62.981  -13.862 0.8999999762
24687  1.260  -62.931  -16.162 0.8999999762
24712  1.175  -63.232  -16.140 0.8999999762
24772  1.318  -62.215  -18.899 0.6999999881
24773  -0.553  -62.409  -19.227 0.1000000015
24798  0.336  -62.453  -20.099 0.4000000060
24799  -0.313  -62.768  -19.802 0.2000000030
24824  1.222  -63.019  -20.330 0.4000000060
25575  -1.578  -62.382  9.822 0.5000000000
25590  -1.270  -61.884  9.124 0.5000000000
25606  -0.846  -61.507  8.160 0.8000000119
25608  -1.744  -62.199  8.628 0.8000000119
25619  -0.875  -61.638  7.542 0.8000000119
25621  -1.661  -62.230  8.083 0.8000000119
25622  -4.228  -61.647  7.342 1.0000000000
25624  -5.374  -61.914  7.570 1.0000000000
25625  -6.238  -62.120  7.455 1.0000000000
25638  -1.240  -62.099  7.139 0.8999999762
25639  -2.772  -61.524  6.605 0.8999999762
25640  -3.269  -62.020  6.735 1.0000000000
25642  -4.316  -62.108  7.350 1.0000000000
25644  -7.184  -62.251  7.155 1.0000000000
25645  -8.002  -62.320  6.690 1.0000000000
25661  -1.037  -62.133  6.545 0.8999999762
25662  -1.141  -62.102  6.828 0.8999999762
25663  -2.536  -61.658  6.401 0.8999999762
25664  -2.731  -61.967  6.228 0.8999999762
25665  -8.839  -62.300  6.038 1.0000000000
25666  -9.236  -62.214  5.638 1.0000000000
25676  -0.724  -61.982  5.840 0.8999999762
25677  -2.387  -62.178  5.564 0.8999999762
25678  -2.508  -61.937  5.864 0.8999999762
25680  -10.036  -62.087  4.798 1.0000000000
25690  -0.862  -61.985  5.450 0.8999999762
25692  -1.543  -61.923  5.298 0.8999999762
25695  -10.688  -62.074  4.194 1.0000000000
25710  -11.046  -62.027  3.831 1.0000000000
25723  -11.674  -61.911  3.047 1.0000000000
25735  -12.366  -61.802  2.045 1.0000000000
25749  -12.564  -61.546  1.601 1.0000000000
25762  -1.046  -60.488  -0.211 0.6999999881
25763  -1.270  -60.837  -0.130 0.8999999762
25765  -1.928  -61.176  -0.010 0.8999999762
25767  -13.687  -62.122  0.287 1.0000000000
25778  -0.949  -60.432  -0.394 0.8999999762
25780  -1.246  -61.409  -0.639 0.8999999762
25783  -3.245  -61.587  -0.748 0.8999999762
25784  -5.430  -61.544  -0.682 1.0000000000
25785  -6.095  -61.524  -0.568 1.0000000000
25786  -6.439  -61.478  -0.579 1.0000000000
25787  -13.518  -61.559  -0.002 1.0000000000
25803  -3.306  -62.015  -0.955 0.8999999762
25804  -4.203  -62.072  -1.081 0.8999999762
25824  -1.556  -61.899  -2.754 0.8999999762
25825  -1.855  -62.196  -3.067 0.8999999762
25827  -8.461  -61.898  -2.591 1.0000000000
25838  -1.787  -62.045  -3.435 0.8999999762
25840  -9.453  -61.927  -3.404 1.0000000000
25849  -1.417  -61.463  -3.987 0.8999999762
25854  -9.928  -61.852  -3.751 1.0000000000
25856  -10.846  -62.239  -4.148 1.0000000000
25865  -1.735  -61.673  -4.780 0.8000000119
25871  -10.643  -61.751  -4.171 1.0000000000
25873  -11.669  -62.078  -4.785 1.0000000000
25875  -14.042  -61.762  -4.495 1.0000000000
25893  -1.667  -61.519  -5.427 0.8000000119
25900  -11.488  -61.631  -4.821 1.0000000000
25901  -11.981  -61.724  -5.022 1.0000000000
25903  -13.235  -61.457  -5.199 1.0000000000
25921  -1.629  -61.383  -5.943 0.8000000119
25936  -1.789  -61.399  -6.500 0.8000000119
25962  -1.989  -61.671  -8.144 0.8999999762
25984  -1.735  -62.152  -9.615 1.0000000000
25994  -1.505  -62.046  -10.537 0.8999999762
25995  -1.657  -62.024  -10.080 1.0000000000
26018  -0.734  -61.891  -12.596 0.8999999762
26055  0.828  -62.501  -15.115 0.8999999762
26073  1.312  -62.661  -16.192 0.8999999762
26074  1.202  -62.072  -15.870 0.8999999762
26109  1.268  -61.509  -16.412 0.8999999762
26130  1.243  -61.859  -17.539 0.8000000119
26181  1.064  -61.598  -18.879 0.6999999881
26182  0.095  -61.487  -19.247 0.2000000030
26183  -0.407  -61.804  -18.936 0.2000000030
26204  1.025  -61.760  -19.339 0.5000000000
26205  0.543  -61.878  -19.638 0.5000000000
26944  -0.694  -60.644  9.757 0.1000000015
26958  -0.188  -60.583  8.773 0.3000000119
26959  -0.534  -60.740  9.328 0.5000000000
26960  -0.965  -61.399  9.492 0.5000000000
26974  -0.064  -60.719  8.264 0.6999999881
26988  -0.405  -61.212  7.913 0.6999999881
26989  -4.238  -61.275  7.265 1.0000000000
26990  -4.571  -61.305  7.329 1.0000000000
26991  -5.093  -61.269  7.420 1.0000000000
26993  -6.445  -61.346  7.465 1.0000000000
27004  -0.559  -61.334  7.313 0.6999999881
27005  -2.723  -60.925  6.780 0.8999999762
27008  -4.394  -60.906  7.163 1.0000000000
27010  -7.067  -61.377  7.226 1.0000000000
27026  -0.654  -61.313  6.359 0.8000000119
27027  -0.751  -61.603  6.734 0.8999999762
27028  -2.345  -61.337  6.452 0.8999999762
27031  -9.476  -61.584  5.568 1.0000000000
27043  -0.792  -61.474  5.863 0.8999999762
27044  -2.170  -61.540  5.932 0.8999999762
27045  -2.415  -61.680  6.015 0.8999999762
27047  -10.235  -61.442  4.696 1.0000000000
27048  -10.519  -61.343  4.453 1.0000000000
27060  -0.971  -61.676  5.575 0.8999999762
27061  -1.233  -61.626  5.572 0.8999999762
27062  -1.596  -61.534  5.641 0.8999999762
27063  -2.000  -61.489  5.820 0.8999999762
27064  -10.475  -61.647  4.359 1.0000000000
27066  -11.188  -61.148  3.847 1.0000000000
27080  -11.127  -61.570  3.698 1.0000000000
27097  -11.766  -61.263  2.826 1.0000000000
27109  -12.483  -61.038  1.912 1.0000000000
27110  -12.810  -60.739  1.663 1.0000000000
27122  -0.912  -59.833  0.070 0.6999999881
27123  -1.003  -60.042  0.102 0.6999999881
27125  -13.044  -60.861  1.251 1.0000000000
27142  -1.231  -60.304  0.100 0.6999999881
27144  -1.996  -60.728  0.205 0.8999999762
27146  -13.377  -61.067  0.586 1.0000000000
27147  -13.755  -60.725  0.399 1.0000000000
27161  -0.758  -60.089  -0.332 0.6999999881
27162  -0.765  -60.358  -0.643 0.8999999762
27163  -0.901  -60.702  -0.981 0.8999999762
27164  -2.202  -61.057  -0.034 0.8999999762
27165  -2.747  -60.994  -0.223 0.8999999762
27166  -3.487  -61.161  -0.557 0.8999999762
27167  -4.347  -60.999  -0.578 1.0000000000
27171  -6.856  -60.729  -0.609 1.0000000000
27173  -13.791  -61.114  -0.060 1.0000000000
27188  -3.486  -61.577  -0.788 0.8999999762
27190  -4.694  -61.505  -0.882 1.0000000000
27191  -6.639  -61.372  -0.682 1.0000000000
27192  -7.003  -61.118  -0.891 1.0000000000
27232  -0.164  -60.946  -3.595 0.8999999762
27241  -9.144  -61.249  -3.066 1.0000000000
27257  -0.932  -61.128  -4.059 0.8999999762
27268  -14.342  -61.501  -3.769 1.0000000000
27280  0.016  -60.659  -4.650 0.8999999762
27281  -0.475  -60.856  -4.821 0.8999999762
27282  -1.208  -61.214  -4.904 0.8999999762
27290  -10.683  -61.171  -4.294 1.0000000000
27291  -11.161  -61.118  -4.685 1.0000000000
27292  -13.768  -61.447  -4.972 1.0000000000
27320  -12.090  -60.992  -5.155 1.0000000000
27341  -0.918  -60.785  -5.913 0.6999999881
27342  -1.380  -61.058  -6.199 0.8000000119
27354  -1.520  -60.872  -6.837 0.8000000119
27376  -1.853  -61.110  -8.702 0.8000000119
27383  -1.443  -60.853  -9.905 0.8000000119
27384  -1.790  -61.384  -9.433 0.8999999762
27391  -1.368  -61.069  -10.603 0.8999999762
27412  -1.066  -61.642  -11.956 0.8999999762
27513  1.175  -60.853  -16.615 0.8999999762
27530  1.056  -60.680  -17.878 0.6999999881
27531  -0.949  -60.947  -17.688 0.2000000030
27549  1.057  -60.917  -18.139 0.5000000000
27550  0.994  -60.482  -18.013 0.5000000000
27551  -0.506  -60.781  -18.174 0.2000000030
27566  0.920  -61.049  -18.731 0.5000000000
27567  0.303  -61.090  -18.898 0.5000000000
27568  -0.217  -61.139  -18.676 0.4000000060
27582  0.954  -61.415  -19.083 0.5000000000
28290  -0.177  -60.215  9.075 0.3000000119
28291  -0.335  -60.194  9.401 0.1000000015
28309  -0.001  -60.232  8.612 0.3000000119
28329  -5.053  -60.802  7.254 1.0000000000
28330  -5.438  -60.785  7.357 1.0000000000
28331  -6.033  -60.852  7.445 1.0000000000
28345  -0.138  -60.198  7.339 0.6000000238
28347  -3.055  -60.505  6.766 1.0000000000
28348  -3.514  -60.598  6.853 1.0000000000
28349  -4.110  -60.520  6.841 1.0000000000
28350  -4.952  -60.340  6.860 1.0000000000
28353  -7.492  -60.729  7.077 1.0000000000
28354  -8.210  -60.873  6.791 1.0000000000
28369  -0.465  -60.353  6.730 0.8000000119
28370  -2.388  -60.651  6.722 0.8999999762
28372  -3.723  -60.118  6.521 1.0000000000
28374  -4.771  -59.913  6.308 1.0000000000
28375  -8.844  -60.939  6.420 1.0000000000
28377  -9.789  -60.629  5.678 1.0000000000
28395  -1.760  -60.373  6.209 0.8999999762
28397  -9.743  -61.082  5.523 1.0000000000
28411  -0.844  -61.246  5.877 0.8999999762
28412  -1.274  -61.061  5.897 0.8999999762
28413  -1.621  -60.934  5.884 0.8999999762
28414  -1.878  -61.000  6.041 0.8999999762
28415  -11.092  -60.744  4.219 1.0000000000
28428  -12.316  -60.230  3.168 1.0000000000
28443  -12.012  -60.818  2.698 1.0000000000
28445  -13.068  -60.016  2.493 1.0000000000
28457  -12.744  -60.573  1.982 1.0000000000
28474  -0.808  -59.582  0.260 0.5000000000
28475  -1.334  -59.746  0.448 0.6999999881
28497  -0.642  -59.710  -0.067 0.5000000000
28498  -1.495  -60.177  0.319 0.8000000119
28499  -1.909  -59.953  0.491 0.8000000119
28500  -2.451  -60.149  0.423 0.8999999762
28501  -3.025  -60.282  0.147 0.6999999881
28502  -3.576  -60.139  -0.079 0.6999999881
28503  -13.624  -60.646  0.667 1.0000000000
28504  -13.996  -60.470  0.773 1.0000000000
28505  -14.680  -60.182  0.864 1.0000000000
28520  -0.324  -59.844  -0.658 0.5000000000
28524  -4.813  -60.359  -0.394 0.8999999762
28525  -5.540  -60.342  -0.456 0.8999999762
28526  -6.193  -60.352  -0.455 1.0000000000
28527  -6.722  -60.353  -0.524 1.0000000000
28528  -7.121  -60.425  -0.693 1.0000000000
28548  -0.395  -60.441  -1.521 0.8999999762
28552  -7.435  -60.546  -1.068 1.0000000000
28553  -7.682  -60.203  -1.245 1.0000000000
28557  -16.806  -60.201  -1.085 1.0000000000
28574  0.828  -59.715  -2.755 0.5000000000
28577  -2.128  -59.971  -1.938 0.1000000015
28583  -7.648  -60.541  -1.385 1.0000000000
28585  -8.386  -60.163  -2.104 1.0000000000
28589  -17.681  -60.025  -1.859 1.0000000000
28603  0.804  -59.796  -3.322 0.6000000238
28610  -8.380  -60.687  -2.225 1.0000000000
28615  -17.750  -60.405  -2.514 1.0000000000
28616  -18.194  -60.336  -2.850 1.0000000000
28630  0.574  -59.728  -3.900 0.6000000238
28637  -9.794  -60.568  -3.550 1.0000000000
28642  -17.352  -60.669  -3.258 1.0000000000
28655  -0.150  -60.228  -5.120 0.6000000238
28656  -0.369  -60.716  -5.284 0.6999999881
28657  -2.016  -59.599  -4.701 0.1000000015
28664  -14.412  -60.618  -4.697 1.0000000000
28665  -14.824  -60.526  -4.436 1.0000000000
28668  -17.080  -60.626  -3.971 1.0000000000
28686  -0.375  -60.050  -5.741 0.5000000000
28694  -12.269  -60.248  -5.220 1.0000000000
28696  -13.698  -60.138  -5.197 1.0000000000
28697  -14.243  -60.152  -4.944 1.0000000000
28698  -14.568  -60.276  -4.755 1.0000000000
28701  -17.511  -60.475  -4.345 1.0000000000
28720  -0.729  -60.204  -6.144 0.6000000238
28731  -1.099  -60.310  -6.800 0.6000000238
28732  -1.387  -60.529  -7.227 0.6999999881
28743  -1.181  -60.155  -7.381 0.6999999881
28744  -1.432  -60.458  -7.616 0.6999999881
28751  -1.618  -60.581  -8.019 0.8000000119
28758  -1.750  -60.759  -8.363 0.8000000119
28772  -0.545  -59.861  -10.751 0.8000000119
28773  -0.886  -60.109  -10.440 0.8000000119
28797  -0.317  -60.206  -12.968 0.8999999762
28834  0.764  -60.559  -15.338 0.8999999762
28875  1.136  -60.726  -17.270 0.6999999881
28876  0.996  -60.177  -16.945 0.8000000119
28892  1.090  -60.684  -17.635 0.6999999881
28893  0.954  -60.266  -17.691 0.5000000000
28894  -0.530  -60.037  -17.702 0.1000000015
28895  -0.881  -59.984  -17.223 0.1000000015
28912  1.002  -60.660  -18.222 0.5000000000
28930  0.836  -60.641  -18.528 0.5000000000
28931  0.455  -60.695  -18.635 0.5000000000
28932  -0.048  -60.882  -18.669 0.4000000060
29604  -0.575  -59.864  9.636 0.1000000015
29638  -0.047  -59.695  8.505 0.3000000119
29658  -0.052  -59.404  7.753 0.6999999881
29679  -0.254  -58.874  7.359 0.6000000238
29680  -2.832  -60.190  6.653 0.8999999762
29681  -3.066  -60.174  6.612 1.0000000000
29682  -5.677  -59.902  6.631 1.0000000000
29683  -6.359  -59.892  6.817 1.0000000000
29684  -7.127  -60.010  6.870 1.0000000000
29702  -1.555  -59.269  6.219 0.8000000119
29704  -2.554  -59.953  6.593 0.8999999762
29705  -3.213  -59.869  6.384 1.0000000000
29707  -4.580  -59.596  6.014 1.0000000000
29711  -7.478  -59.576  6.556 1.0000000000
29712  -9.085  -60.215  6.288 1.0000000000
29713  -9.590  -60.218  5.954 1.0000000000
29714  -9.945  -60.156  5.624 1.0000000000
29733  -1.321  -59.623  6.271 0.8000000119
29734  -1.696  -59.506  6.248 0.8000000119
29735  -2.056  -59.749  6.418 0.8999999762
29736  -4.029  -59.099  5.656 1.0000000000
29738  -4.846  -59.234  5.753 1.0000000000
29740  -10.554  -60.170  5.022 1.0000000000
29753  -11.495  -60.121  4.237 1.0000000000
29765  -11.800  -60.261  3.794 1.0000000000
29766  -12.173  -59.884  3.641 1.0000000000
29767  -12.583  -59.483  3.442 1.0000000000
29784  -13.001  -59.594  2.975 1.0000000000
29803  -13.930  -59.546  2.319 1.0000000000
29827  -0.499  -59.018  0.645 0.5000000000
29829  -1.572  -59.258  0.993 0.6999999881
29830  -2.030  -59.138  0.994 0.6000000238
29831  -14.267  -59.729  1.855 1.0000000000
29832  -14.836  -59.637  1.554 1.0000000000
29855  -0.219  -59.117  0.039 0.5000000000
29856  0.227  -58.593  -0.237 0.4000000060
29857  -2.059  -59.348  0.816 0.6999999881
29860  -3.524  -59.618  0.120 0.6999999881
29861  -15.294  -59.774  0.948 1.0000000000
29880  -0.125  -59.307  -0.486 0.5000000000
29883  -2.607  -58.643  -1.054 0.1000000015
29886  -5.265  -59.696  -0.386 0.8999999762
29889  -7.043  -59.874  -0.574 1.0000000000
29890  -16.267  -59.858  -0.110 1.0000000000
29909  0.719  -59.208  -1.552 0.5000000000
29911  -1.901  -59.198  -1.310 0.1000000015
29915  -7.878  -59.690  -1.309 1.0000000000
29916  -17.209  -59.799  -1.020 1.0000000000
29933  0.864  -59.350  -2.154 0.5000000000
29935  -1.649  -59.496  -2.065 0.1000000015
29940  -8.252  -59.674  -1.784 1.0000000000
29941  -8.610  -59.670  -2.217 1.0000000000
29942  -18.059  -59.811  -1.927 1.0000000000
29943  -18.353  -59.448  -1.852 1.0000000000
29955  0.774  -59.072  -3.485 0.6000000238
29962  -9.422  -59.198  -2.939 1.0000000000
29965  -18.761  -60.036  -3.035 1.0000000000
29980  0.445  -59.516  -4.220 0.6000000238
29985  -9.481  -60.092  -3.258 1.0000000000
29986  -9.799  -59.599  -3.417 1.0000000000
29989  -18.821  -60.085  -3.518 1.0000000000
30001  0.444  -59.050  -4.333 0.6000000238
30003  -0.745  -58.491  -4.843 0.1000000015
30008  -10.898  -59.362  -4.409 1.0000000000
30012  -16.041  -60.086  -4.893 1.0000000000
30020  -0.480  -59.371  -5.609 0.4000000060
30022  -1.549  -59.106  -5.768 0.1000000015
30023  -2.009  -59.401  -5.811 0.1000000015
30027  -11.369  -59.596  -4.823 1.0000000000
30028  -11.833  -59.529  -5.048 1.0000000000
30034  -16.393  -59.708  -5.348 1.0000000000
30047  -0.609  -59.581  -6.206 0.5000000000
30054  -17.787  -59.817  -5.582 1.0000000000
30066  -0.968  -59.774  -7.049 0.6000000238
30067  -2.104  -59.146  -6.875 0.2000000030
30079  -0.789  -59.265  -7.203 0.4000000060
30091  -1.051  -59.703  -8.344 0.6000000238
30102  -0.442  -59.241  -9.339 0.4000000060
30116  -0.690  -59.710  -9.770 0.6000000238
30126  -0.271  -59.532  -10.687 0.6000000238
30127  -0.508  -59.668  -10.220 0.6000000238
30148  -0.025  -59.385  -13.533 0.8000000119
30164  0.488  -59.683  -14.632 0.8999999762
30200  0.811  -59.729  -15.727 0.8999999762
30221  0.853  -59.550  -16.512 0.8000000119
30222  -0.396  -59.225  -17.353 0.4000000060
30223  -0.785  -59.000  -16.825 0.2000000030
30238  0.055  -59.408  -17.714 0.4000000060
30257  0.433  -59.903  -17.959 0.5000000000
30258  -0.025  -59.900  -17.976 0.4000000060
30974  -0.837  -58.304  8.324 0.3000000119
30991  -0.562  -58.264  7.817 0.4000000060
31010  -0.430  -58.331  7.353 0.4000000060
31012  -8.231  -59.796  6.559 1.0000000000
31027  -0.543  -58.846  6.575 0.8000000119
31028  -1.360  -59.132  6.235 0.8000000119
31029  -1.541  -59.026  6.117 0.8000000119
31030  -2.488  -59.341  6.173 0.8999999762
31032  -3.400  -59.457  5.975 1.0000000000
31034  -5.770  -58.991  5.691 1.0000000000
31036  -7.582  -58.971  6.088 1.0000000000
31038  -9.335  -59.627  6.049 1.0000000000
31055  -0.828  -59.082  6.367 0.8000000119
31056  -1.184  -58.955  6.217 0.8000000119
31057  -1.590  -58.816  6.016 0.8000000119
31059  -2.780  -58.801  5.718 0.8999999762
31060  -3.540  -58.956  5.587 1.0000000000
31061  -4.237  -58.754  5.357 1.0000000000
31062  -4.835  -58.840  5.364 1.0000000000
31063  -5.461  -58.698  5.228 1.0000000000
31066  -10.033  -59.564  5.580 1.0000000000
31067  -10.489  -59.465  5.261 1.0000000000
31068  -10.880  -59.276  5.008 1.0000000000
31076  -4.589  -58.438  5.128 1.0000000000
31079  -6.235  -58.098  4.605 1.0000000000
31080  -10.842  -59.719  4.948 1.0000000000
31081  -11.231  -59.485  4.688 1.0000000000
31082  -11.799  -59.394  4.236 1.0000000000
31097  -13.398  -58.823  3.232 1.0000000000
31098  -13.989  -58.777  2.868 1.0000000000
31115  -14.387  -59.022  2.471 1.0000000000
31116  -14.899  -58.756  2.203 1.0000000000
31138  -1.915  -58.657  1.295 0.6000000238
31139  -2.426  -58.459  1.129 0.6000000238
31140  -15.368  -58.994  1.705 1.0000000000
31152  0.212  -58.325  0.261 0.2000000030
31157  -16.363  -58.696  0.725 1.0000000000
31158  -16.759  -58.178  0.363 1.0000000000
31159  -17.140  -57.976  -0.026 1.0000000000
31172  0.439  -58.267  -0.686 0.3000000119
31174  -1.763  -58.348  -0.986 0.1000000015
31175  -2.414  -58.269  -0.892 0.1000000015
31177  -4.978  -59.009  -0.341 0.6999999881
31180  -6.954  -59.316  -0.610 1.0000000000
31181  -7.277  -59.526  -0.680 1.0000000000
31182  -16.903  -58.794  0.015 1.0000000000
31198  0.900  -58.244  -1.713 0.4000000060
31199  0.677  -58.569  -1.108 0.4000000060
31201  -1.367  -58.640  -1.312 0.1000000015
31202  -2.881  -58.364  -1.165 0.1000000015
31203  -3.375  -58.532  -1.535 0.1000000015
31204  -6.530  -58.711  -0.764 0.8000000119
31205  -6.820  -58.791  -0.807 0.8000000119
31210  -18.212  -58.733  -1.346 1.0000000000
31221  0.719  -58.070  -2.559 0.2000000030
31222  -0.028  -57.442  -2.753 0.2000000030
31228  -8.750  -58.914  -2.118 1.0000000000
31229  -18.658  -58.978  -1.701 1.0000000000
31241  0.139  -57.889  -3.344 0.3000000119
31247  -9.564  -58.784  -2.963 1.0000000000
31260  0.526  -58.647  -4.048 0.6000000238
31261  0.228  -58.078  -3.978 0.3000000119
31262  -0.373  -57.916  -4.105 0.3000000119
31266  -10.013  -58.709  -3.364 1.0000000000
31268  -19.144  -59.749  -3.816 1.0000000000
31278  0.318  -58.545  -4.584 0.3000000119
31279  -0.003  -58.295  -4.872 0.3000000119
31280  -0.293  -57.967  -4.704 0.3000000119
31283  -10.964  -58.554  -4.148 1.0000000000
31284  -11.339  -58.703  -4.514 1.0000000000
31293  -0.608  -59.258  -6.035 0.4000000060
31298  -11.749  -58.858  -4.865 1.0000000000
31300  -12.816  -58.902  -5.205 1.0000000000
31304  -15.863  -59.207  -5.564 1.0000000000
31305  -18.513  -59.849  -5.425 1.0000000000
31313  -0.645  -59.129  -6.368 0.4000000060
31314  -0.984  -58.913  -6.383 0.4000000060
31315  -1.383  -58.861  -6.332 0.2000000030
31320  -18.585  -59.381  -5.991 1.0000000000
31332  -0.795  -58.912  -6.877 0.3000000119
31333  -1.113  -58.707  -6.777 0.3000000119
31336  -17.178  -58.869  -6.517 1.0000000000
31337  -17.957  -59.049  -6.607 1.0000000000
31350  -0.740  -58.824  -7.397 0.5000000000
31351  -0.812  -59.094  -7.657 0.5000000000
31372  -0.894  -59.212  -8.073 0.6000000238
31384  -0.319  -58.638  -8.970 0.4000000060
31391  -0.020  -58.786  -9.645 0.6999999881
31397  0.211  -58.216  -10.656 0.6999999881
31406  0.160  -58.778  -11.129 0.6999999881
31414  0.347  -57.918  -11.874 0.3000000119
31415  0.230  -58.424  -12.112 0.6999999881
31417  -1.940  -58.700  -12.831 0.1000000015
31422  -2.123  -58.734  -13.592 0.1000000015
31436  0.439  -59.072  -14.656 0.6000000238
31438  -1.533  -58.397  -14.445 0.1000000015
31463  0.606  -59.195  -15.260 0.8999999762
31464  0.241  -58.623  -15.083 0.6000000238
31487  0.653  -59.024  -16.033 0.6000000238
31489  -0.993  -58.029  -15.644 0.2000000030
31500  0.530  -58.830  -16.779 0.6000000238
31501  -0.099  -58.626  -16.956 0.4000000060
31516  0.263  -58.990  -17.301 0.4000000060
32277  -1.607  -57.792  7.818 0.1000000015
32294  -0.484  -57.872  6.914 0.6000000238
32295  -0.714  -57.771  7.280 0.5000000000
32316  -0.506  -58.081  6.543 0.6999999881
32317  -1.503  -57.827  5.676 0.8999999762
32318  -1.635  -57.707  5.512 0.8999999762
32321  -7.781  -58.293  5.508 1.0000000000
32324  -9.666  -59.312  5.767 1.0000000000
32341  -0.822  -58.302  6.205 0.6999999881
32342  -1.300  -58.152  5.884 0.8000000119
32347  -4.302  -58.347  5.092 1.0000000000
32348  -6.832  -58.077  4.740 1.0000000000
32354  -11.055  -58.943  4.890 1.0000000000
32364  -3.236  -57.750  4.834 1.0000000000
32366  -4.425  -57.946  4.661 1.0000000000
32371  -8.020  -57.539  4.500 1.0000000000
32380  -4.819  -57.576  4.175 1.0000000000
32381  -5.334  -57.403  3.984 1.0000000000
32382  -6.016  -57.276  3.852 0.8999999762
32383  -6.589  -57.150  3.779 1.0000000000
32385  -13.111  -58.143  3.656 1.0000000000
32397  -14.231  -57.980  2.957 1.0000000000
32414  -15.176  -57.916  2.250 0.8999999762
32432  -0.066  -57.930  1.412 0.5000000000
32433  -0.833  -57.871  1.526 0.5000000000
32434  -1.575  -57.925  1.545 0.6000000238
32437  -16.462  -57.544  0.902 1.0000000000
32446  0.376  -57.649  0.219 0.2000000030
32447  0.270  -57.402  -0.257 0.2000000030
32451  -17.037  -57.519  0.137 1.0000000000
32464  0.472  -57.439  -1.294 0.3000000119
32467  -1.351  -57.635  -0.851 0.1000000015
32468  -2.069  -57.611  -0.844 0.1000000015
32470  -4.667  -58.273  -0.277 0.8000000119
32472  -5.996  -58.670  -0.630 0.8000000119
32486  0.659  -57.575  -1.650 0.3000000119
32488  -0.542  -57.565  -1.543 0.1000000015
32491  -5.819  -57.910  -0.922 0.8999999762
32495  -8.480  -58.179  -1.731 1.0000000000
32496  -8.763  -58.433  -1.903 1.0000000000
32497  -17.596  -58.180  -0.660 1.0000000000
32504  0.766  -57.768  -2.032 0.2000000030
32506  -0.192  -57.288  -2.120 0.1000000015
32511  -9.121  -58.131  -2.231 1.0000000000
32513  -18.828  -58.212  -1.710 1.0000000000
32522  -9.360  -58.422  -2.660 1.0000000000
32531  0.233  -58.144  -4.464 0.3000000119
32532  -0.028  -57.824  -4.423 0.3000000119
32533  -0.264  -57.862  -4.484 0.3000000119
32537  -10.257  -58.039  -3.395 1.0000000000
32544  0.195  -58.147  -4.693 0.3000000119
32546  -0.144  -57.765  -4.661 0.3000000119
32552  -11.802  -58.197  -4.645 1.0000000000
32555  -13.469  -57.324  -4.953 1.0000000000
32565  -12.019  -58.606  -4.926 1.0000000000
32566  -12.362  -58.427  -5.002 1.0000000000
32567  -12.994  -58.190  -5.088 1.0000000000
32569  -14.820  -57.996  -5.541 1.0000000000
32580  -15.428  -58.041  -6.096 1.0000000000
32582  -18.701  -59.374  -6.748 1.0000000000
32584  -20.002  -59.366  -6.968 1.0000000000
32593  -0.766  -58.661  -7.201 0.3000000119
32595  -1.160  -58.491  -7.150 0.2000000030
32598  -15.831  -57.997  -6.547 1.0000000000
32602  -19.466  -59.559  -7.988 1.0000000000
32617  -0.697  -58.490  -7.502 0.3000000119
32618  -0.937  -58.284  -7.508 0.2000000030
32619  -1.378  -58.371  -7.546 0.2000000030
32623  -16.896  -58.088  -7.266 1.0000000000
32643  -1.023  -58.115  -8.114 0.2000000030
32651  -0.191  -57.499  -9.226 0.2000000030
32652  -0.460  -57.884  -8.820 0.2000000030
32653  -1.148  -57.798  -8.804 0.2000000030
32654  -1.768  -57.977  -9.113 0.1000000015
32661  0.010  -57.536  -9.395 0.2000000030
32668  0.176  -58.337  -10.013 0.6999999881
32674  0.187  -57.581  -10.976 0.4000000060
32675  -1.397  -57.802  -11.705 0.1000000015
32683  0.317  -57.731  -12.187 0.3000000119
32691  0.168  -57.362  -12.238 0.3000000119
32694  -1.756  -58.394  -13.743 0.1000000015
32713  -0.400  -57.944  -13.917 0.4000000060
32714  -1.144  -57.982  -14.237 0.1000000015
32715  -1.538  -58.288  -14.040 0.1000000015
32748  0.346  -58.486  -16.225 0.4000000060
32749  0.070  -58.159  -15.724 0.4000000060
32750  -0.418  -57.751  -15.633 0.4000000060
32759  0.260  -58.421  -16.651 0.4000000060
32761  -0.175  -57.834  -16.088 0.4000000060
33572  -1.195  -57.496  7.387 0.1000000015
33573  -1.427  -57.438  7.436 0.1000000015
33588  -0.576  -57.169  6.781 0.6000000238
33591  -2.135  -57.034  7.048 0.1000000015
33610  -0.316  -57.403  6.505 0.6000000238
33611  -1.305  -57.687  5.736 0.8000000119
33612  -1.472  -57.587  5.605 0.8999999762
33635  -1.435  -57.444  5.399 0.8999999762
33636  -2.075  -57.411  4.883 0.8000000119
33637  -2.638  -57.793  4.956 0.8000000119
33641  -9.111  -57.453  4.958 1.0000000000
33643  -10.584  -58.103  5.086 1.0000000000
33644  -11.023  -58.460  4.916 1.0000000000
33658  -2.972  -57.439  4.577 1.0000000000
33659  -3.861  -57.254  4.178 1.0000000000
33661  -7.131  -57.179  3.952 1.0000000000
33662  -7.770  -57.187  4.065 1.0000000000
33663  -8.417  -57.037  4.127 1.0000000000
33664  -9.023  -56.975  4.373 1.0000000000
33677  -4.071  -56.800  3.697 0.8000000119
33682  -7.576  -56.769  3.706 1.0000000000
33684  -12.728  -57.428  4.083 1.0000000000
33699  -6.099  -56.511  3.068 0.8999999762
33700  -6.587  -56.554  3.142 0.8999999762
33703  -14.925  -57.365  2.572 0.8999999762
33722  -15.815  -57.025  1.812 0.8999999762
33739  0.359  -57.229  0.587 0.2000000030
33740  0.167  -57.128  1.125 0.3000000119
33743  -1.946  -57.314  1.439 0.6000000238
33745  -16.584  -56.883  0.835 1.0000000000
33761  -17.191  -56.971  -0.116 1.0000000000
33775  -0.424  -57.015  -0.679 0.1000000015
33778  -2.053  -57.126  -0.888 0.1000000015
33780  -4.381  -57.435  -0.268 0.8000000119
33781  -4.960  -57.730  -0.533 0.8000000119
33782  -17.543  -56.940  -0.526 1.0000000000
33783  -17.811  -56.864  -0.839 1.0000000000
33792  -2.461  -57.038  -1.130 0.1000000015
33793  -2.940  -57.319  -1.397 0.1000000015
33796  -6.041  -57.508  -1.244 0.8999999762
33799  -7.969  -57.873  -1.680 1.0000000000
33800  -18.077  -57.090  -1.108 1.0000000000
33807  -6.499  -57.268  -1.633 0.8999999762
33808  -7.071  -57.371  -1.780 0.8999999762
33809  -7.710  -57.448  -1.893 1.0000000000
33810  -8.394  -57.508  -1.888 1.0000000000
33811  -9.003  -57.451  -2.081 1.0000000000
33812  -9.522  -57.510  -2.442 1.0000000000
33814  -18.984  -57.397  -2.023 1.0000000000
33829  -10.561  -57.539  -3.508 1.0000000000
33830  -11.185  -57.303  -3.874 1.0000000000
33832  -12.157  -56.639  -4.206 1.0000000000
33844  -11.859  -57.458  -4.398 1.0000000000
33847  -13.741  -57.032  -5.087 1.0000000000
33860  -14.792  -57.354  -5.965 1.0000000000
33861  -20.339  -58.008  -5.717 1.0000000000
33873  -15.233  -57.481  -6.410 1.0000000000
33893  -15.226  -57.109  -6.780 1.0000000000
33894  -15.812  -57.449  -6.996 1.0000000000
33915  -16.020  -57.103  -7.463 1.0000000000
33917  -17.703  -57.491  -7.875 1.0000000000
33919  -19.216  -57.803  -8.393 1.0000000000
33920  -19.899  -57.759  -8.348 1.0000000000
33935  -0.097  -57.303  -9.422 0.2000000030
33937  -0.794  -57.378  -9.331 0.2000000030
33946  -0.144  -57.232  -9.867 0.2000000030
33947  -0.558  -57.112  -9.898 0.2000000030
33948  -1.061  -57.147  -9.949 0.1000000015
33949  -1.637  -57.433  -9.832 0.1000000015
33957  -0.026  -57.130  -10.616 0.4000000060
33967  -0.032  -57.066  -11.347 0.3000000119
33968  -0.270  -56.924  -11.653 0.3000000119
33974  -0.029  -57.098  -11.924 0.3000000119
33983  -0.073  -57.139  -12.392 0.3000000119
33984  -0.442  -57.127  -12.689 0.3000000119
33985  -0.944  -57.505  -13.013 0.2000000030
34008  -0.885  -57.669  -13.649 0.2000000030
34898  -0.441  -56.779  6.669 0.6000000238
34899  -0.622  -56.509  6.696 0.6000000238
34901  -1.751  -56.366  6.772 0.1000000015
34919  -0.323  -56.307  6.437 0.6000000238
34920  -2.135  -56.063  6.398 0.1000000015
34942  -0.102  -56.999  6.095 0.6000000238
34943  -0.252  -56.978  5.520 0.6000000238
34963  -0.455  -56.487  5.016 0.6999999881
34964  -0.937  -56.437  4.620 0.6999999881
34966  -2.684  -56.782  4.066 0.6999999881
34967  -3.235  -56.972  4.159 1.0000000000
34971  -8.450  -56.602  3.771 1.0000000000
34973  -9.473  -56.489  3.962 1.0000000000
34974  -10.135  -56.542  4.396 1.0000000000
34975  -11.045  -56.611  4.486 1.0000000000
34984  -1.996  -55.887  3.727 0.6999999881
34987  -4.273  -56.389  3.152 0.8000000119
34988  -4.906  -56.656  3.265 0.8000000119
34989  -6.982  -56.404  3.065 0.8999999762
34990  -7.466  -56.390  3.258 0.8999999762
34991  -8.085  -56.386  3.486 1.0000000000
34992  -8.738  -56.218  3.433 1.0000000000
34993  -9.131  -56.314  3.654 1.0000000000
34995  -12.022  -56.590  4.289 1.0000000000
35009  -5.135  -56.288  2.815 0.8000000119
35010  -5.893  -56.174  2.706 0.8000000119
35013  -7.930  -56.048  3.022 1.0000000000
35016  -14.123  -56.493  3.210 0.8999999762
35054  -1.596  -56.013  1.563 0.5000000000
35055  -16.326  -56.233  1.142 1.0000000000
35068  -2.064  -55.921  1.140 0.5000000000
35069  -2.535  -56.181  0.835 0.5000000000
35070  -2.984  -56.609  0.655 0.6999999881
35071  -17.053  -56.315  0.117 1.0000000000
35086  -0.754  -56.615  -0.534 0.1000000015
35088  -1.761  -56.392  -0.837 0.1000000015
35090  -3.428  -56.524  0.081 0.8000000119
35091  -3.924  -56.861  -0.252 0.8000000119
35098  -2.174  -56.361  -1.207 0.1000000015
35099  -2.588  -56.545  -1.505 0.1000000015
35103  -5.488  -57.021  -1.303 0.8999999762
35104  -18.073  -56.222  -1.098 0.8999999762
35105  -18.340  -56.523  -1.411 1.0000000000
35113  -5.129  -56.482  -1.544 0.8999999762
35115  -6.693  -56.808  -1.959 0.8999999762
35118  -8.611  -57.040  -2.314 1.0000000000
35121  -19.087  -56.687  -2.354 0.8999999762
35129  -8.195  -56.536  -2.547 0.8999999762
35132  -10.373  -56.775  -2.970 0.8999999762
35134  -19.604  -56.429  -3.050 1.0000000000
35141  -10.111  -56.330  -3.262 1.0000000000
35143  -11.409  -56.417  -3.829 1.0000000000
35144  -11.913  -56.448  -4.064 1.0000000000
35158  -13.454  -56.534  -5.039 1.0000000000
35160  -20.734  -56.629  -4.906 1.0000000000
35178  -13.310  -56.100  -5.228 1.0000000000
35180  -14.450  -56.834  -5.976 1.0000000000
35203  -21.198  -56.553  -6.176 1.0000000000
35214  -14.535  -56.032  -6.918 1.0000000000
35215  -15.110  -56.509  -7.162 1.0000000000
35218  -20.948  -56.776  -6.696 1.0000000000
35223  -15.434  -56.084  -7.637 1.0000000000
35227  -18.841  -57.099  -8.136 1.0000000000
35235  -17.850  -56.189  -8.267 1.0000000000
35237  -19.034  -56.655  -8.127 1.0000000000
35244  -0.752  -56.909  -10.419 0.3000000119
35252  -0.304  -56.838  -11.056 0.3000000119
35253  -0.607  -56.706  -10.944 0.3000000119
35265  -0.286  -56.856  -11.401 0.3000000119
35266  -0.492  -56.773  -11.526 0.3000000119
35279  -0.591  -56.842  -11.871 0.3000000119
35280  -0.710  -56.796  -11.723 0.3000000119
36227  -0.528  -55.924  6.336 0.6000000238
36228  -0.950  -55.809  6.554 0.6000000238
36229  -1.322  -56.062  6.614 0.4000000060
36243  0.010  -56.611  6.150 0.6000000238
36244  -0.173  -56.212  6.086 0.6000000238
36245  -1.041  -55.464  6.364 0.6000000238
36247  -2.341  -55.515  6.104 0.2000000030
36248  -3.114  -55.552  5.942 0.2000000030
36266  -0.199  -56.128  5.398 0.6000000238
36285  -0.486  -55.881  4.636 0.6999999881
36286  -0.951  -55.972  4.120 0.6999999881
36287  -1.306  -55.851  3.921 0.6999999881
36293  -9.559  -56.188  3.734 1.0000000000
36306  -1.011  -55.475  3.847 0.6999999881
36307  -1.580  -55.530  3.729 0.6999999881
36311  -8.904  -55.977  3.241 1.0000000000
36316  -12.500  -55.729  4.094 0.8999999762
36317  -13.017  -55.493  3.819 0.8999999762
36333  -2.597  -55.255  2.964 0.6999999881
36334  -3.131  -55.386  2.768 0.6999999881
36337  -5.499  -55.793  2.272 0.6999999881
36341  -8.574  -55.813  2.950 1.0000000000
36342  -9.054  -55.549  2.908 1.0000000000
36363  -4.279  -55.252  1.914 0.6999999881
36364  -5.034  -55.360  1.748 0.6999999881
36365  -5.857  -55.279  1.871 0.6999999881
36366  -6.648  -55.279  2.083 0.8000000119
36367  -7.357  -55.357  2.220 0.8000000119
36368  -7.665  -55.376  2.289 0.8000000119
36381  -0.418  -55.319  1.316 0.4000000060
36382  -1.214  -55.329  1.293 0.5000000000
36385  -16.484  -55.542  0.950 1.0000000000
36390  -0.129  -55.758  0.072 0.2000000030
36393  -2.697  -55.556  0.328 0.4000000060
36395  -17.417  -55.714  -0.221 1.0000000000
36416  -3.146  -55.670  -0.233 0.8000000119
36417  -3.542  -56.062  -0.388 0.8000000119
36419  -18.377  -55.202  -1.272 0.8999999762
36428  -4.265  -56.127  -1.205 0.8000000119
36436  -3.864  -55.448  -1.550 0.8999999762
36437  -4.421  -55.755  -1.758 0.8999999762
36439  -6.269  -56.183  -2.135 0.8999999762
36441  -7.417  -56.438  -2.337 0.8999999762
36444  -19.931  -55.359  -2.808 0.8999999762
36451  -4.495  -55.344  -2.209 0.8999999762
36453  -5.800  -55.599  -2.539 0.8999999762
36458  -9.668  -56.217  -3.164 0.8999999762
36459  -19.526  -56.117  -2.807 0.8999999762
36467  -8.467  -55.496  -3.258 0.8999999762
36470  -10.464  -55.972  -3.683 1.0000000000
36471  -10.957  -56.128  -3.732 1.0000000000
36473  -20.720  -55.877  -4.496 1.0000000000
36482  -9.748  -55.365  -3.964 1.0000000000
36483  -10.151  -55.471  -4.041 1.0000000000
36486  -12.404  -55.800  -4.725 1.0000000000
36488  -21.048  -56.116  -4.900 1.0000000000
36499  -12.052  -55.402  -5.031 1.0000000000
36501  -13.371  -55.831  -5.642 1.0000000000
36502  -21.482  -56.206  -5.575 0.8999999762
36513  -13.718  -55.765  -6.162 1.0000000000
36520  -13.453  -55.230  -6.482 1.0000000000
36530  -15.001  -55.621  -7.598 1.0000000000
36532  -16.350  -55.952  -8.176 1.0000000000
36534  -20.502  -56.542  -8.210 1.0000000000
36539  -16.900  -55.579  -8.387 1.0000000000
37626  -0.855  -55.335  6.428 0.6000000238
37644  -0.538  -55.441  5.796 0.6000000238
37645  -1.057  -55.102  6.127 0.6000000238
37668  -2.863  -54.422  5.429 0.2000000030
37669  -3.199  -54.536  5.341 0.2000000030
37688  -0.644  -55.145  4.561 0.6999999881
37689  -0.827  -54.726  4.235 0.6000000238
37690  -4.447  -54.476  4.698 0.2000000030
37708  -0.752  -55.101  4.038 0.6999999881
37710  -1.715  -54.813  3.428 0.6999999881
37711  -2.225  -54.737  3.070 0.5000000000
37716  -9.816  -55.519  3.348 1.0000000000
37717  -10.265  -55.302  3.515 1.0000000000
37718  -11.019  -55.133  3.758 1.0000000000
37719  -11.825  -55.037  3.891 1.0000000000
37745  -2.717  -54.740  2.745 0.5000000000
37747  -3.745  -54.992  2.081 0.6000000238
37748  -8.225  -55.472  2.542 0.8999999762
37753  -11.997  -54.493  3.573 0.8999999762
37756  -14.285  -54.725  2.991 0.8999999762
37776  -3.880  -54.665  1.751 0.6999999881
37783  -9.207  -54.575  2.383 0.6999999881
37796  -1.707  -54.668  0.764 0.3000000119
37798  -5.924  -54.413  1.275 0.6000000238
37799  -6.178  -54.403  1.372 0.6999999881
37801  -16.235  -54.796  1.270 0.8999999762
37806  -0.316  -55.356  -0.295 0.1000000015
37807  -2.019  -54.330  0.401 0.4000000060
37808  -2.375  -54.778  0.222 0.4000000060
37834  -2.615  -54.582  -0.155 0.3000000119
37852  -3.642  -55.263  -1.434 0.6000000238
37853  -18.674  -54.767  -1.395 0.8000000119
37861  -3.309  -54.584  -1.686 0.6999999881
37862  -3.768  -54.928  -1.922 0.6999999881
37864  -19.654  -54.933  -2.177 0.8000000119
37875  -6.215  -55.124  -2.979 1.0000000000
37878  -8.234  -55.450  -3.183 1.0000000000
37880  -20.886  -54.755  -3.483 0.8999999762
37886  -5.379  -54.508  -3.291 1.0000000000
37887  -5.818  -54.547  -3.313 1.0000000000
37891  -9.075  -55.051  -3.867 1.0000000000
37893  -20.398  -55.498  -3.617 0.8999999762
37903  -9.175  -54.697  -4.177 1.0000000000
37904  -9.641  -54.919  -4.254 1.0000000000
37906  -10.903  -55.019  -4.684 1.0000000000
37914  -10.010  -54.596  -4.629 1.0000000000
37915  -10.489  -54.553  -4.884 1.0000000000
37917  -11.699  -54.866  -5.268 1.0000000000
37930  -11.442  -54.405  -5.453 1.0000000000
37932  -12.553  -54.909  -5.858 1.0000000000
37954  -14.040  -54.768  -7.291 1.0000000000
37958  -20.338  -55.449  -7.952 1.0000000000
37959  -21.103  -55.171  -8.019 1.0000000000
37964  -15.665  -54.816  -8.284 1.0000000000
37966  -17.254  -54.844  -8.494 1.0000000000
39079  -0.774  -54.651  5.658 0.6000000238
39080  -1.415  -54.375  5.676 0.6000000238
39082  -2.632  -54.375  5.477 0.2000000030
39103  -0.663  -54.890  5.152 0.6000000238
39105  -1.809  -54.075  4.910 0.5000000000
39106  -2.727  -54.126  5.043 0.2000000030
39108  -3.920  -54.296  4.701 0.2000000030
39128  -0.767  -54.586  4.658 0.6999999881
39129  -1.204  -54.274  4.344 0.6000000238
39130  -1.791  -53.817  4.116 0.5000000000
39131  -3.127  -53.944  4.603 0.4000000060
39132  -3.578  -54.008  4.397 0.4000000060
39133  -4.182  -54.094  4.221 0.2000000030
39149  -1.557  -54.327  3.811 0.6000000238
39152  -4.557  -53.912  3.786 0.2000000030
39178  -2.916  -54.148  2.735 0.4000000060
39179  -3.241  -54.043  2.338 0.4000000060
39180  -10.062  -54.552  2.811 0.6999999881
39183  -12.166  -53.988  3.264 0.8999999762
39184  -12.978  -53.941  3.177 0.8999999762
39185  -13.736  -54.111  3.015 0.8999999762
39186  -14.238  -54.135  2.789 0.8999999762
39192  -3.631  -54.041  1.980 0.6000000238
39193  -4.042  -54.155  1.446 0.5000000000
39194  -4.626  -54.369  1.104 0.6000000238
39195  -5.035  -54.313  0.973 0.6000000238
39196  -6.701  -54.521  1.640 0.6999999881
39197  -7.175  -54.433  1.696 0.6999999881
39198  -8.008  -54.154  1.764 0.6999999881
39199  -8.861  -54.213  2.074 0.6999999881
39202  -13.339  -53.610  2.866 0.8999999762
39204  -14.536  -53.821  2.448 1.0000000000
39205  -14.982  -53.794  2.121 0.6999999881
39210  -4.397  -53.930  1.191 0.6000000238
39215  -7.636  -53.587  1.377 0.6999999881
39216  -15.447  -53.938  1.899 0.6999999881
39222  -2.184  -53.954  0.114 0.3000000119
39223  -16.398  -54.094  1.078 0.8999999762
39243  -2.892  -54.158  -0.881 0.5000000000
39282  -3.331  -54.288  -1.942 0.6999999881
39283  -3.563  -54.209  -2.320 0.6999999881
39297  -4.709  -54.392  -3.123 1.0000000000
39308  -3.832  -53.669  -3.261 0.6999999881
39310  -5.248  -54.050  -3.517 1.0000000000
39314  -8.596  -54.494  -3.965 1.0000000000
39323  -7.086  -53.656  -4.092 1.0000000000
39325  -8.246  -53.882  -4.261 1.0000000000
39326  -9.102  -54.180  -4.456 1.0000000000
39327  -9.648  -54.434  -4.583 1.0000000000
39334  -9.283  -53.799  -4.844 1.0000000000
39337  -11.145  -54.204  -5.410 1.0000000000
39339  -22.828  -54.623  -6.015 0.8999999762
39345  -11.297  -53.876  -5.735 1.0000000000
39346  -11.899  -53.911  -6.117 1.0000000000
39348  -22.797  -54.680  -6.802 0.8999999762
39358  -12.195  -53.819  -6.444 1.0000000000
39359  -12.607  -53.982  -6.688 1.0000000000
39360  -13.095  -54.269  -6.858 1.0000000000
39372  -12.935  -53.845  -7.019 1.0000000000
39374  -14.155  -54.134  -7.632 1.0000000000
39375  -20.064  -54.529  -7.880 1.0000000000
39382  -14.632  -54.113  -7.985 1.0000000000
39383  -15.202  -54.055  -8.314 1.0000000000
39388  -19.443  -54.172  -8.317 1.0000000000
40550  -2.844  -53.790  4.573 0.4000000060
40567  -2.373  -53.553  3.775 0.5000000000
40569  -3.762  -53.829  3.879 0.2000000030
40588  -2.390  -53.764  3.338 0.5000000000
40589  -2.841  -53.680  3.287 0.4000000060
40592  -4.821  -53.643  3.273 0.1000000015
40594  -6.229  -53.432  3.349 0.1000000015
40613  -3.708  -53.554  2.643 0.4000000060
40614  -4.405  -53.396  2.800 0.4000000060
40616  -5.817  -52.974  2.934 0.4000000060
40618  -7.002  -52.892  3.009 0.1000000015
40621  -11.078  -53.815  2.865 0.8000000119
40622  -11.551  -53.644  2.883 0.8000000119
40627  -3.865  -53.490  1.897 0.5000000000
40628  -4.149  -53.655  1.453 0.5000000000
40631  -9.804  -53.237  1.970 0.6999999881
40633  -11.605  -53.103  2.539 0.8000000119
40637  -14.649  -53.290  2.072 0.8000000119
40643  -1.086  -53.435  0.499 0.2000000030
40645  -4.495  -53.461  1.294 0.5000000000
40646  -5.077  -53.421  1.073 0.6000000238
40647  -5.863  -53.322  0.949 0.6000000238
40648  -6.606  -53.368  0.837 0.6999999881
40649  -7.311  -53.088  0.912 0.6999999881
40650  -8.176  -53.340  1.420 0.6999999881
40654  -14.864  -52.888  1.721 0.8000000119
40656  -16.099  -53.519  1.305 0.8999999762
40662  -1.974  -53.264  0.172 0.3000000119
40664  -6.750  -52.771  0.531 0.6999999881
40666  -15.946  -53.012  1.187 0.6999999881
40668  -16.902  -53.334  0.394 0.8000000119
40684  -17.191  -53.218  0.089 0.6999999881
40698  -2.692  -53.091  -0.699 0.4000000060
40718  -3.135  -53.519  -2.122 0.6999999881
40736  -3.145  -53.186  -2.515 0.6999999881
40738  -21.281  -53.316  -2.439 0.8000000119
40750  -3.909  -53.194  -3.592 0.6999999881
40751  -4.771  -53.165  -3.967 0.8999999762
40752  -5.684  -53.437  -3.970 0.8999999762
40754  -6.856  -53.616  -4.067 1.0000000000
40756  -22.301  -52.615  -4.086 0.8000000119
40761  -4.933  -52.726  -4.205 0.6999999881
40764  -6.974  -53.231  -4.344 1.0000000000
40765  -7.809  -53.271  -4.522 1.0000000000
40769  -22.348  -52.770  -4.670 0.8999999762
40774  -8.764  -52.988  -5.034 1.0000000000
40777  -10.619  -53.462  -5.601 1.0000000000
40784  -10.218  -52.911  -5.800 1.0000000000
40786  -11.588  -53.432  -6.243 1.0000000000
40787  -11.957  -53.616  -6.403 1.0000000000
40789  -23.079  -53.924  -6.700 0.8999999762
40797  -10.953  -52.676  -6.406 1.0000000000
40798  -11.359  -52.892  -6.550 1.0000000000
40800  -12.632  -53.608  -6.963 1.0000000000
40814  -12.359  -52.982  -7.194 1.0000000000
40816  -13.805  -53.368  -7.753 1.0000000000
40832  -17.972  -53.405  -8.671 1.0000000000
42091  -7.335  -52.921  3.059 0.1000000015
42099  -4.553  -53.073  2.376 0.3000000119
42101  -5.456  -52.703  2.369 0.3000000119
42103  -7.134  -52.496  2.619 0.1000000015
42104  -8.019  -52.363  2.729 0.1000000015
42109  -4.252  -53.114  2.004 0.5000000000
42110  -4.661  -52.988  1.923 0.3000000119
42111  -5.137  -52.773  1.816 0.4000000060
42112  -5.833  -52.460  1.725 0.2000000030
42114  -7.151  -52.043  1.993 0.1000000015
42116  -10.932  -52.699  2.065 0.6999999881
42118  -12.596  -52.467  2.116 0.6999999881
42120  -13.958  -52.493  1.887 0.8000000119
42132  -4.421  -53.118  1.643 0.5000000000
42134  -5.384  -52.857  1.243 0.4000000060
42137  -8.314  -52.641  0.990 0.6999999881
42138  -9.079  -52.420  1.089 0.6999999881
42143  -13.611  -51.967  1.589 0.8000000119
42144  -14.378  -52.248  1.505 0.6999999881
42146  -15.590  -52.667  1.167 0.6999999881
42158  -1.252  -52.823  0.450 0.1000000015
42160  -6.484  -52.285  0.371 0.6000000238
42161  -6.908  -52.365  0.200 0.6000000238
42162  -7.575  -52.441  0.411 0.6999999881
42165  -9.948  -51.703  0.682 0.6999999881
42166  -15.419  -52.253  0.940 0.6999999881
42169  -16.928  -52.848  0.210 0.8000000119
42189  -7.824  -51.895  -0.184 0.6999999881
42190  -8.383  -51.730  -0.309 0.6999999881
42192  -17.201  -52.608  -0.028 0.6999999881
42208  -2.717  -52.755  -0.971 0.4000000060
42210  -18.715  -52.374  -0.871 0.6999999881
42221  -2.651  -52.281  -0.954 0.4000000060
42256  -4.128  -52.376  -4.087 0.6999999881
42271  -5.744  -52.342  -4.555 1.0000000000
42272  -6.593  -52.368  -4.752 1.0000000000
42274  -8.131  -52.804  -4.912 1.0000000000
42275  -8.536  -52.893  -5.002 1.0000000000
42277  -22.915  -51.746  -4.626 0.8000000119
42280  -6.770  -52.043  -4.954 1.0000000000
42283  -8.668  -52.445  -5.348 1.0000000000
42285  -9.970  -52.841  -5.724 1.0000000000
42286  -22.766  -52.275  -5.187 0.8999999762
42292  -9.266  -52.119  -5.818 1.0000000000
42299  -11.079  -52.324  -6.698 1.0000000000
42300  -11.690  -52.455  -7.089 1.0000000000
42302  -22.472  -52.834  -7.218 1.0000000000
42315  -13.261  -52.588  -7.884 1.0000000000
42316  -13.765  -52.854  -7.980 1.0000000000
42317  -21.210  -52.688  -7.853 1.0000000000
42318  -21.874  -52.674  -7.486 1.0000000000
42328  -13.944  -52.478  -8.301 1.0000000000
42335  -19.803  -52.566  -8.470 1.0000000000
43545  -6.867  -51.821  1.565 0.1000000015
43547  -8.130  -51.527  2.037 0.1000000015
43562  -0.722  -52.524  0.295 0.1000000015
43565  -6.721  -51.605  1.085 0.3000000119
43566  -7.066  -51.557  1.336 0.3000000119
43567  -10.581  -51.603  0.931 0.6999999881
43572  -14.705  -51.819  0.909 0.6999999881
43573  -15.136  -52.042  0.908 0.6000000238
43585  -1.222  -52.047  0.415 0.1000000015
43586  -1.919  -51.863  0.253 0.3000000119
43587  -6.434  -51.743  0.012 0.6000000238
43591  -10.905  -51.136  0.256 0.6000000238
43592  -11.717  -51.032  0.489 0.6000000238
43598  -16.582  -52.164  0.291 0.6000000238
43612  -2.344  -51.683  -0.043 0.3000000119
43613  -2.458  -51.284  -0.124 0.6000000238
43614  -6.888  -51.618  -0.241 0.5000000000
43615  -7.465  -51.485  -0.450 0.5000000000
43617  -8.695  -51.507  -0.702 0.6999999881
43618  -9.361  -51.398  -0.551 0.6999999881
43619  -10.050  -51.228  -0.361 0.6000000238
43620  -10.481  -51.184  -0.100 0.6000000238
43621  -14.390  -51.125  -0.579 0.6000000238
43626  -17.716  -52.265  -0.571 0.6999999881
43649  -2.461  -52.003  -0.323 0.3000000119
43652  -7.828  -51.182  -0.735 0.6999999881
43653  -8.381  -51.166  -0.980 0.6999999881
43654  -9.086  -51.170  -1.063 0.6000000238
43658  -16.944  -51.295  -0.719 0.5000000000
43680  -2.561  -51.973  -0.662 0.6000000238
43681  -2.656  -51.652  -1.115 0.6000000238
43682  -20.038  -51.189  -1.502 0.6999999881
43684  -21.334  -51.489  -1.912 0.6000000238
43695  -2.791  -51.708  -1.985 0.6999999881
43697  -21.873  -51.622  -2.167 0.6999999881
43712  -22.512  -51.609  -3.170 0.6999999881
43725  -4.021  -51.381  -4.297 0.6999999881
43727  -5.408  -51.771  -4.818 0.6999999881
43729  -22.671  -51.802  -3.740 0.8000000119
43733  -5.247  -51.214  -5.035 0.6999999881
43736  -7.355  -51.687  -5.315 0.8999999762
43738  -8.554  -51.814  -5.740 1.0000000000
43739  -22.909  -51.850  -5.223 0.8999999762
43740  -23.089  -51.431  -5.074 0.8000000119
43746  -8.933  -51.529  -5.978 1.0000000000
43748  -10.241  -51.838  -6.459 1.0000000000
43749  -10.715  -51.916  -6.683 1.0000000000
43756  -10.006  -51.297  -6.637 1.0000000000
43758  -11.133  -51.640  -7.130 1.0000000000
43759  -11.617  -51.950  -7.351 1.0000000000
43761  -22.943  -51.393  -6.225 0.8999999762
43770  -11.830  -51.552  -7.746 1.0000000000
43772  -13.166  -52.124  -8.168 1.0000000000
43774  -21.840  -51.794  -7.582 1.0000000000
43775  -22.286  -51.893  -7.064 1.0000000000
43783  -12.044  -51.087  -8.150 1.0000000000
43789  -17.046  -52.028  -8.981 1.0000000000
43790  -17.769  -52.040  -8.981 1.0000000000
43794  -20.967  -51.916  -8.186 1.0000000000
43795  -21.396  -51.734  -7.905 1.0000000000
43807  -14.651  -50.937  -9.009 1.0000000000
43810  -16.665  -51.315  -9.067 1.0000000000
43812  -17.942  -51.558  -9.051 1.0000000000
44959  -9.144  -51.365  2.243 0.1000000015
44965  -7.522  -51.345  1.418 0.3000000119
44967  -8.842  -51.144  1.894 0.1000000015
44972  -6.464  -51.535  0.473 0.6000000238
44973  -6.647  -51.416  0.621 0.5000000000
44976  -8.906  -50.721  1.210 0.2000000030
44982  -0.720  -50.969  -0.142 0.1000000015
44985  -6.523  -51.458  0.259 0.5000000000
44987  -7.555  -50.877  0.312 0.5000000000
44990  -11.289  -50.928  -0.117 0.6000000238
44992  -12.787  -50.866  -0.213 0.5000000000
44993  -13.486  -50.920  -0.303 0.6000000238
45002  -1.651  -50.888  0.038 0.1000000015
45004  -2.530  -50.930  -0.308 0.6000000238
45005  -6.680  -51.353  -0.088 0.5000000000
45006  -7.208  -51.097  -0.317 0.5000000000
45007  -7.832  -50.759  -0.295 0.5000000000
45010  -10.731  -50.970  -0.459 0.6000000238
45011  -11.505  -50.890  -0.676 0.5000000000
45015  -14.526  -51.069  -1.058 0.5000000000
45037  -7.672  -50.990  -0.579 0.5000000000
45038  -8.131  -50.859  -0.710 0.4000000060
45040  -9.487  -50.748  -1.086 0.6999999881
45044  -12.595  -51.063  -1.335 0.5000000000
45047  -14.789  -51.056  -1.704 0.5000000000
45053  -19.618  -50.619  -1.506 0.5000000000
45076  -10.850  -50.694  -1.494 0.5000000000
45077  -11.362  -50.790  -1.774 0.4000000060
45086  -18.086  -50.184  -1.823 0.4000000060
45100  -3.176  -50.874  -3.139 0.6999999881
45101  -11.440  -50.639  -2.161 0.4000000060
45102  -11.774  -50.665  -2.148 0.4000000060
45103  -12.405  -50.671  -2.191 0.3000000119
45105  -13.914  -50.693  -2.979 0.3000000119
45108  -16.252  -50.707  -3.133 0.4000000060
45109  -16.968  -50.392  -3.114 0.3000000119
45110  -22.115  -51.229  -2.388 0.6999999881
45124  -3.563  -50.807  -3.840 0.6999999881
45126  -14.417  -50.584  -3.828 0.3000000119
45127  -15.186  -50.801  -3.876 0.3000000119
45130  -22.774  -51.176  -3.241 0.8000000119
45131  -23.050  -50.799  -3.608 0.8000000119
45142  -4.323  -50.747  -4.649 0.6999999881
45143  -14.735  -50.265  -4.237 0.3000000119
45145  -15.736  -50.480  -4.406 0.3000000119
45153  -5.488  -50.677  -5.285 0.6999999881
45155  -7.096  -51.122  -5.542 0.8000000119
45156  -7.546  -51.350  -5.594 0.8000000119
45158  -23.531  -50.302  -5.276 0.8000000119
45163  -6.557  -50.246  -5.783 0.6999999881
45164  -6.981  -50.469  -5.819 0.6999999881
45168  -23.292  -50.477  -6.061 0.8000000119
45175  -9.442  -50.812  -6.673 1.0000000000
45177  -10.672  -51.168  -7.060 1.0000000000
45179  -22.903  -50.942  -6.630 1.0000000000
45188  -10.443  -50.600  -7.270 1.0000000000
45189  -10.788  -50.824  -7.376 1.0000000000
45192  -22.342  -51.118  -7.423 1.0000000000
45205  -11.751  -50.773  -8.079 1.0000000000
45208  -13.663  -50.785  -8.782 1.0000000000
45209  -18.491  -51.306  -9.007 1.0000000000
45234  -15.521  -50.493  -9.106 1.0000000000
46351  -10.008  -50.410  1.613 0.1000000015
46356  -8.726  -50.547  0.708 0.2000000030
46364  -1.869  -50.361  -0.228 0.4000000060
46365  -8.945  -50.274  0.180 0.3000000119
46371  -1.883  -50.609  -0.127 0.1000000015
46373  -2.659  -50.538  -0.557 0.5000000000
46375  -9.988  -50.034  -0.596 0.3000000119
46377  -11.642  -49.600  -0.595 0.4000000060
46380  -13.805  -49.742  -0.783 0.1000000015
46381  -14.530  -49.729  -0.790 0.1000000015
46396  -2.225  -49.991  -0.756 0.4000000060
46398  -3.048  -49.654  -1.497 0.4000000060
46399  -9.285  -50.445  -1.003 0.6000000238
46401  -10.534  -50.239  -1.054 0.6000000238
46403  -12.020  -49.908  -1.246 0.4000000060
46410  -18.576  -50.170  -1.682 0.4000000060
46411  -19.228  -50.198  -1.601 0.4000000060
46437  -10.653  -50.500  -1.396 0.6000000238
46439  -11.777  -50.072  -1.790 0.4000000060
46442  -13.991  -50.076  -2.027 0.3000000119
46449  -19.754  -49.973  -1.821 0.5000000000
46451  -21.394  -50.011  -2.221 0.5000000000
46467  -2.963  -50.478  -2.025 0.6000000238
46469  -11.250  -50.557  -2.023 0.4000000060
46471  -12.067  -50.302  -2.183 0.3000000119
46475  -15.024  -49.992  -2.848 0.2000000030
46477  -17.576  -49.966  -3.126 0.3000000119
46478  -18.134  -49.499  -2.985 0.3000000119
46497  -15.010  -49.944  -3.603 0.2000000030
46501  -23.304  -50.026  -3.499 0.6999999881
46513  -3.713  -50.140  -4.021 0.6999999881
46514  -4.100  -50.123  -4.459 0.6999999881
46516  -15.210  -49.917  -4.368 0.3000000119
46519  -17.408  -49.699  -4.485 0.3000000119
46526  -4.553  -50.117  -4.797 0.6999999881
46527  -5.141  -49.994  -5.097 0.6999999881
46529  -15.629  -49.584  -4.904 0.3000000119
46530  -16.038  -49.556  -5.202 0.3000000119
46532  -23.655  -49.823  -5.133 0.8000000119
46536  -6.260  -49.923  -5.686 0.6999999881
46538  -7.454  -49.968  -6.114 0.8000000119
46541  -23.482  -49.918  -5.904 0.6999999881
46546  -7.950  -49.738  -6.459 0.8000000119
46548  -9.208  -50.004  -7.002 0.8000000119
46549  -9.765  -50.348  -7.125 0.8999999762
46550  -23.157  -49.987  -6.596 0.8999999762
46551  -23.386  -49.633  -6.339 0.8999999762
46563  -11.002  -50.163  -7.826 0.8999999762
46564  -11.425  -50.378  -8.032 0.8999999762
46583  -11.793  -50.080  -8.230 0.8999999762
46586  -13.882  -50.181  -8.919 0.8999999762
46587  -19.337  -50.682  -8.954 1.0000000000
46619  -15.131  -49.797  -9.122 0.8999999762
46621  -16.703  -49.872  -9.127 1.0000000000
46624  -19.292  -49.951  -9.043 1.0000000000
47669  -1.830  -50.139  -0.325 0.4000000060
47670  -10.918  -49.406  0.730 0.1000000015
47671  -11.303  -49.140  0.670 0.1000000015
47681  -10.943  -49.383  0.314 0.1000000015
47682  -11.410  -49.257  0.057 0.1000000015
47701  -3.164  -49.437  -1.683 0.2000000030
47722  -2.586  -48.977  -1.721 0.1000000015
47724  -4.009  -48.648  -1.958 0.3000000119
47728  -19.080  -49.180  -2.349 0.2000000030
47749  -4.355  -48.854  -2.372 0.3000000119
47753  -18.417  -49.145  -3.195 0.3000000119
47754  -18.777  -49.085  -2.767 0.3000000119
47756  -20.677  -48.742  -2.364 0.2000000030
47758  -21.960  -49.062  -2.581 0.4000000060
47772  -4.853  -48.669  -2.978 0.3000000119
47775  -16.615  -49.151  -3.310 0.2000000030
47792  -3.682  -49.802  -3.708 0.4000000060
47793  -4.116  -49.473  -4.034 0.4000000060
47795  -5.682  -48.737  -4.318 0.6000000238
47796  -15.702  -49.264  -4.713 0.3000000119
47800  -18.387  -48.703  -3.906 0.2000000030
47808  -5.728  -49.157  -4.902 0.6000000238
47809  -6.307  -48.985  -5.057 0.6999999881
47810  -15.903  -49.169  -5.184 0.3000000119
47811  -16.382  -48.947  -5.561 0.2000000030
47812  -17.012  -49.065  -5.594 0.3000000119
47813  -17.559  -49.019  -5.243 0.3000000119
47819  -6.012  -49.557  -5.429 0.6999999881
47821  -7.102  -49.282  -5.923 0.6999999881
47822  -16.572  -48.596  -5.845 0.2000000030
47823  -16.749  -48.940  -5.912 0.2000000030
47833  -8.200  -49.191  -6.599 0.8000000119
47835  -23.171  -49.305  -7.074 0.8999999762
47846  -9.383  -49.289  -7.319 0.8000000119
47847  -9.994  -49.339  -7.553 0.8000000119
47849  -22.544  -49.300  -7.918 0.8999999762
47850  -22.922  -49.157  -7.529 0.8000000119
47866  -12.032  -49.283  -8.368 0.8000000119
47868  -13.555  -49.062  -8.857 0.8999999762
47871  -21.610  -49.065  -8.619 0.8999999762
47898  -14.100  -49.286  -8.995 0.8999999762
47904  -18.775  -49.149  -9.171 1.0000000000
47907  -21.035  -48.954  -8.956 0.8999999762
48976  -1.774  -49.979  -0.495 0.4000000060
48992  -2.893  -48.390  -2.096 0.2000000030
48995  -5.002  -48.163  -2.191 0.1000000015
48999  -19.444  -48.818  -2.452 0.2000000030
49020  -4.764  -48.480  -2.345 0.3000000119
49021  -5.167  -48.410  -2.625 0.3000000119
49022  -5.743  -48.232  -2.787 0.3000000119
49025  -18.824  -48.630  -3.089 0.2000000030
49045  -5.904  -48.313  -3.290 0.3000000119
49047  -16.528  -48.879  -3.830 0.2000000030
49051  -19.139  -47.929  -3.358 0.2000000030
49070  -5.981  -48.455  -3.935 0.3000000119
49072  -7.188  -47.898  -3.906 0.6000000238
49073  -15.903  -48.879  -4.906 0.3000000119
49074  -16.176  -48.784  -4.476 0.3000000119
49076  -18.157  -48.439  -4.898 0.2000000030
49086  -7.914  -47.930  -4.603 0.6000000238
49088  -16.170  -48.639  -5.199 0.2000000030
49089  -17.252  -48.522  -5.822 0.3000000119
49090  -17.778  -48.412  -5.466 0.3000000119
49099  -6.591  -48.890  -5.151 0.6000000238
49100  -7.127  -48.659  -5.380 0.6000000238
49102  -16.472  -48.384  -5.741 0.2000000030
49103  -16.892  -48.424  -5.963 0.2000000030
49127  -9.137  -48.596  -7.120 0.8000000119
49131  -22.877  -48.593  -7.852 0.8000000119
49132  -23.307  -48.437  -7.521 0.8000000119
49147  -10.980  -48.696  -7.942 0.8000000119
49149  -12.259  -48.363  -8.471 0.8999999762
49154  -22.640  -48.398  -8.243 0.8000000119
49178  -15.112  -48.323  -9.143 0.8999999762
49184  -19.932  -48.351  -9.149 0.8999999762
49185  -20.687  -48.354  -9.101 0.8999999762
49186  -21.203  -48.401  -9.008 0.8999999762
50222  -2.872  -47.693  -2.335 0.1000000015
50223  -3.388  -47.791  -1.957 0.1000000015
50224  -4.065  -47.751  -1.859 0.1000000015
50225  -4.694  -47.716  -1.998 0.2000000030
50226  -5.266  -47.686  -2.256 0.1000000015
50245  -4.307  -47.413  -3.167 0.1000000015
50246  -4.614  -47.336  -3.154 0.1000000015
50249  -7.303  -46.790  -2.566 0.2000000030
50268  -3.278  -47.759  -3.457 0.1000000015
50271  -5.103  -47.358  -3.829 0.1000000015
50272  -6.202  -48.056  -3.001 0.5000000000
50274  -7.800  -47.106  -2.924 0.3000000119
50277  -17.632  -47.509  -3.655 0.1000000015
50278  -19.069  -47.465  -3.936 0.2000000030
50280  -23.305  -47.606  -3.081 0.3000000119
50297  -3.484  -47.929  -4.064 0.1000000015
50298  -4.096  -47.735  -4.217 0.1000000015
50301  -7.107  -47.887  -3.625 0.6000000238
50303  -8.397  -47.332  -3.792 0.4000000060
50304  -8.825  -47.227  -4.503 0.6000000238
50305  -16.609  -48.239  -4.435 0.2000000030
50307  -17.528  -47.228  -3.912 0.2000000030
50323  -7.964  -47.819  -4.209 0.4000000060
50325  -8.925  -47.446  -5.145 0.6000000238
50329  -18.190  -47.542  -5.268 0.2000000030
50330  -24.297  -47.822  -4.766 0.5000000000
50344  -6.714  -47.493  -6.091 0.1000000015
50348  -9.595  -47.459  -6.320 0.6999999881
50350  -16.836  -47.887  -5.788 0.2000000030
50351  -17.124  -47.971  -5.999 0.3000000119
50370  -9.873  -47.587  -6.872 0.6999999881
50389  -9.504  -48.072  -7.223 0.8000000119
50392  -11.352  -47.682  -7.896 0.8000000119
50393  -23.212  -48.170  -7.829 0.6999999881
50411  -11.262  -48.163  -8.027 0.8000000119
50412  -11.680  -47.960  -8.230 0.8000000119
50414  -12.660  -47.572  -8.520 0.8000000119
50416  -21.690  -47.762  -9.012 0.8999999762
50417  -22.165  -47.655  -8.871 0.8999999762
50419  -23.524  -47.210  -8.061 0.6999999881
50442  -14.058  -47.583  -8.965 0.6999999881
50444  -15.500  -47.600  -9.186 1.0000000000
50452  -21.726  -47.386  -9.071 0.8999999762
51496  -3.704  -47.165  -2.117 0.1000000015
51497  -4.293  -47.261  -2.276 0.2000000030
51510  -3.182  -47.159  -2.628 0.1000000015
51512  -4.556  -47.250  -2.822 0.1000000015
51515  -6.921  -46.524  -2.528 0.2000000030
51516  -7.587  -46.434  -2.574 0.3000000119
51517  -8.062  -46.249  -2.723 0.3000000119
51521  -20.140  -47.005  -2.965 0.2000000030
51539  -3.347  -47.468  -3.054 0.1000000015
51540  -3.564  -47.525  -3.221 0.1000000015
51541  -4.905  -47.229  -3.121 0.1000000015
51544  -7.073  -45.893  -3.522 0.2000000030
51547  -9.134  -46.167  -3.697 0.4000000060
51548  -9.421  -45.954  -3.877 0.4000000060
51551  -19.231  -46.931  -3.934 0.2000000030
51552  -19.598  -46.851  -3.519 0.2000000030
51553  -19.968  -46.550  -3.196 0.2000000030
51569  -5.418  -47.327  -4.087 0.1000000015
51572  -7.851  -46.084  -4.477 0.2000000030
51573  -8.672  -46.918  -3.492 0.4000000060
51576  -17.296  -46.815  -4.559 0.1000000015
51585  -6.330  -47.311  -5.081 0.1000000015
51591  -10.567  -46.001  -5.415 0.5000000000
51605  -7.743  -46.981  -6.111 0.1000000015
51607  -9.279  -47.216  -5.453 0.6000000238
51611  -24.153  -47.170  -6.183 0.5000000000
51630  -11.969  -45.954  -6.829 0.5000000000
51654  -9.615  -46.533  -7.769 0.1000000015
51655  -10.732  -47.334  -7.299 0.6999999881
51657  -11.946  -46.295  -7.289 0.5000000000
51685  -9.951  -46.536  -8.435 0.1000000015
51686  -11.734  -47.418  -7.992 0.6999999881
51688  -13.023  -46.813  -8.487 0.6999999881
51691  -23.284  -46.834  -8.450 0.6999999881
51718  -9.727  -46.561  -8.876 0.1000000015
51719  -10.136  -46.488  -8.726 0.1000000015
51721  -15.111  -46.881  -9.177 0.8000000119
52907  -6.680  -46.251  -2.732 0.2000000030
52908  -7.137  -46.089  -2.694 0.2000000030
52909  -7.680  -45.971  -2.800 0.2000000030
52910  -8.195  -46.024  -3.014 0.3000000119
52929  -7.174  -45.743  -3.071 0.2000000030
52931  -8.577  -46.011  -3.600 0.3000000119
52933  -9.591  -45.791  -4.011 0.4000000060
52935  -17.842  -45.825  -3.389 0.1000000015
52939  -24.246  -45.250  -3.657 0.2000000030
52955  -7.462  -45.817  -3.607 0.2000000030
52956  -8.089  -45.890  -4.092 0.2000000030
52957  -8.935  -45.772  -4.237 0.3000000119
52958  -9.532  -45.574  -4.287 0.4000000060
52959  -9.803  -45.787  -4.433 0.4000000060
52962  -19.207  -46.208  -4.212 0.2000000030
52964  -24.469  -45.751  -4.068 0.2000000030
52969  -8.665  -45.863  -4.940 0.3000000119
52972  -10.720  -45.789  -5.195 0.5000000000
52974  -17.552  -46.248  -4.816 0.1000000015
52976  -18.414  -46.269  -5.074 0.2000000030
52977  -24.660  -45.663  -4.860 0.3000000119
52981  -8.816  -45.970  -5.794 0.2000000030
52983  -9.917  -45.202  -6.023 0.4000000060
52984  -10.995  -46.009  -5.589 0.5000000000
52985  -11.357  -45.653  -5.688 0.5000000000
52999  -10.756  -45.201  -6.795 0.2000000030
53000  -11.532  -45.910  -6.076 0.5000000000
53016  -9.863  -46.166  -7.371 0.1000000015
53018  -11.426  -45.301  -7.708 0.2000000030
53019  -12.476  -45.645  -7.176 0.5000000000
53020  -12.879  -45.555  -7.584 0.5000000000
53021  -23.957  -46.248  -7.771 0.5000000000
53046  -12.854  -45.974  -7.953 0.5000000000
53078  -9.452  -46.255  -9.476 0.1000000015
53080  -11.003  -45.935  -9.089 0.2000000030
53083  -15.460  -46.155  -9.204 0.6999999881
53092  -22.500  -45.985  -9.194 0.6000000238
53114  -9.895  -45.785  -9.955 0.1000000015
53115  -10.643  -45.736  -9.755 0.2000000030
54295  -19.774  -45.025  -3.389 0.1000000015
54299  -23.011  -45.108  -2.828 0.1000000015
54306  -17.794  -45.494  -3.300 0.1000000015
54311  -24.242  -44.820  -3.687 0.2000000030
54326  -9.803  -45.558  -4.463 0.4000000060
54327  -9.951  -45.593  -4.671 0.4000000060
54329  -17.826  -45.435  -4.548 0.1000000015
54331  -19.022  -45.875  -4.384 0.2000000030
54342  -10.741  -45.102  -5.386 0.4000000060
54343  -11.370  -44.996  -5.458 0.5000000000
54344  -11.855  -44.746  -5.547 0.5000000000
54345  -17.598  -45.803  -4.576 0.1000000015
54346  -17.930  -45.859  -4.825 0.1000000015
54355  -9.790  -45.367  -5.118 0.4000000060
54358  -11.770  -45.124  -5.633 0.5000000000
54359  -12.267  -44.904  -5.891 0.5000000000
54360  -12.701  -44.617  -6.345 0.5000000000
54369  -10.400  -45.076  -6.025 0.4000000060
54371  -11.474  -44.361  -6.722 0.4000000060
54372  -12.543  -45.119  -6.558 0.5000000000
54373  -12.960  -44.789  -6.792 0.5000000000
54382  -11.019  -45.061  -6.973 0.4000000060
54385  -13.110  -45.105  -7.413 0.5000000000
54400  -12.172  -44.653  -8.565 0.3000000119
54402  -13.547  -45.277  -8.176 0.5000000000
54421  -12.023  -44.843  -8.878 0.2000000030
54424  -15.068  -45.499  -9.096 0.6000000238
54434  -23.203  -44.868  -9.218 0.3000000119
54461  -11.012  -45.145  -9.911 0.2000000030
55649  -23.287  -44.475  -2.918 0.1000000015
55650  -23.697  -44.432  -3.237 0.1000000015
55662  -24.105  -44.333  -3.699 0.1000000015
55663  -24.310  -44.621  -3.856 0.3000000119
55674  -17.641  -45.098  -4.299 0.1000000015
55676  -18.531  -44.892  -4.423 0.1000000015
55678  -24.391  -44.368  -4.176 0.3000000119
55690  -11.572  -44.424  -5.586 0.5000000000
55691  -12.057  -44.377  -5.735 0.5000000000
55700  -11.257  -44.434  -5.951 0.4000000060
55703  -12.998  -44.213  -6.611 0.5000000000
55704  -24.685  -44.264  -5.661 0.4000000060
55713  -11.438  -44.247  -6.354 0.4000000060
55714  -11.770  -43.935  -6.589 0.4000000060
55717  -13.524  -44.228  -7.386 0.5000000000
55718  -24.688  -44.113  -6.323 0.3000000119
55727  -11.817  -44.231  -7.029 0.4000000060
55728  -12.255  -44.129  -7.305 0.3000000119
55729  -13.426  -44.633  -7.476 0.5000000000
55730  -13.718  -44.522  -7.764 0.5000000000
55731  -24.699  -44.280  -6.968 0.4000000060
55747  -11.964  -44.497  -7.542 0.3000000119
55748  -12.375  -44.351  -8.112 0.3000000119
55750  -14.017  -44.637  -8.215 0.5000000000
55752  -14.994  -44.438  -8.760 0.5000000000
55753  -15.496  -44.259  -8.802 0.6000000238
55772  -12.713  -43.915  -8.996 0.3000000119
55773  -14.829  -44.982  -8.898 0.6000000238
55810  -12.089  -43.883  -9.700 0.1000000015
57129  -23.136  -43.723  -2.915 0.1000000015
57151  -24.431  -43.876  -4.622 0.4000000060
57169  -11.963  -43.705  -6.398 0.4000000060
57170  -12.306  -43.719  -6.388 0.4000000060
57180  -12.111  -43.751  -6.623 0.4000000060
57181  -12.499  -43.819  -6.906 0.4000000060
57182  -13.221  -43.761  -7.158 0.4000000060
57184  -14.023  -43.654  -7.806 0.5000000000
57197  -12.717  -43.949  -7.575 0.3000000119
57200  -14.348  -43.703  -8.016 0.5000000000
57203  -24.465  -43.322  -7.733 0.3000000119
57204  -24.544  -43.568  -7.483 0.3000000119
57222  -13.029  -43.714  -8.526 0.3000000119
57223  -14.309  -44.237  -8.251 0.5000000000
57224  -14.696  -44.085  -8.384 0.5000000000
57225  -15.197  -43.883  -8.508 0.4000000060
57227  -16.540  -43.524  -8.496 0.5000000000
57242  -12.488  -43.795  -9.395 0.3000000119
57245  -17.095  -43.780  -8.790 0.5000000000
57248  -19.561  -43.935  -9.627 0.5000000000
57272  -10.348  -43.092  -10.254 0.1000000015
57273  -10.690  -43.540  -10.242 0.1000000015
57276  -12.890  -42.977  -9.660 0.2000000030
58637  -23.710  -42.989  -3.901 0.2000000030
58645  -23.852  -42.957  -4.519 0.1000000015
58653  -23.883  -42.802  -5.217 0.1000000015
58662  -24.395  -43.118  -6.513 0.2000000030
58672  -13.475  -43.587  -7.666 0.3000000119
58673  -13.769  -43.352  -7.680 0.5000000000
58676  -24.405  -43.176  -7.075 0.3000000119
58693  -13.796  -43.151  -8.108 0.5000000000
58694  -14.295  -42.983  -7.811 0.5000000000
58695  -15.018  -43.017  -7.865 0.5000000000
58697  -24.305  -42.879  -7.487 0.3000000119
58714  -13.897  -42.905  -8.656 0.3000000119
58732  -13.362  -42.958  -9.232 0.3000000119
58733  -13.826  -42.637  -9.310 0.3000000119
58734  -16.670  -42.629  -8.846 0.4000000060
58757  -17.372  -42.773  -9.934 0.3000000119
58762  -21.570  -42.156  -10.062 0.2000000030
58780  -18.248  -42.507  -10.842 0.2000000030
60073  -23.415  -42.113  -4.007 0.1000000015
60134  -15.176  -42.341  -7.867 0.4000000060
60135  -15.876  -42.302  -7.970 0.4000000060
60143  -14.192  -42.567  -8.869 0.3000000119
60144  -14.654  -42.292  -8.585 0.3000000119
60145  -15.377  -42.067  -8.555 0.3000000119
60148  -23.650  -41.763  -8.197 0.1000000015
60160  -14.885  -42.056  -9.242 0.2000000030
60162  -16.310  -42.244  -9.354 0.3000000119
60165  -23.570  -41.860  -8.515 0.1000000015
60174  -10.710  -42.443  -10.136 0.1000000015
60176  -11.923  -41.869  -10.176 0.1000000015
60177  -12.709  -41.858  -10.244 0.2000000030
60183  -17.165  -42.376  -10.519 0.3000000119
60186  -22.294  -41.406  -9.685 0.1000000015
60203  -13.825  -41.510  -10.588 0.2000000030
60204  -14.625  -41.584  -10.604 0.1000000015
60205  -15.420  -41.682  -10.591 0.2000000030
60207  -16.823  -41.952  -10.771 0.1000000015
60210  -19.129  -41.516  -11.286 0.1000000015
60225  -17.904  -41.413  -11.446 0.1000000015
60227  -18.861  -41.077  -11.439 0.1000000015
61496  -23.753  -40.686  -4.934 0.1000000015
61508  -24.151  -40.737  -6.119 0.1000000015
61509  -24.288  -41.280  -6.283 0.1000000015
61529  -23.554  -41.239  -8.019 0.1000000015
61552  -12.000  -41.367  -10.388 0.2000000030
61554  -20.948  -40.899  -10.335 0.1000000015
61570  -10.913  -40.924  -10.525 0.1000000015
61572  -12.473  -41.080  -10.596 0.2000000030
61577  -16.531  -41.495  -11.154 0.1000000015
61598  -14.297  -40.566  -11.591 0.1000000015
62953  -13.866  -39.967  -11.729 0.2000000030
62954  -14.385  -40.164  -11.875 0.2000000030
62955  -15.157  -40.208  -12.147 0.1000000015
62956  -15.969  -40.407  -12.117 0.1000000015
62960  -19.009  -39.935  -11.478 0.1000000015
62979  -17.052  -39.685  -12.159 0.1000000015
62980  -17.378  -39.593  -12.057 0.1000000015
64209  -10.916  -39.451  -10.870 0.1000000015
64227  -13.476  -39.472  -11.689 0.2000000030
64229  -14.672  -39.713  -12.253 0.1000000015
64258  -17.795  -38.775  -12.034 0.1000000015
65552  -17.195  -38.455  -12.433 0.1000000015
66754  -10.941  -38.057  -11.261 0.1000000015
66768  -12.291  -37.884  -11.218 0.1000000015
66772  -19.018  -37.869  -11.422 0.1000000015
226722  -14.995  -83.698  -17.419 0.8000000119
226724  -15.794  -82.838  -15.868 0.3000000119
226725  -14.295  -83.171  -18.511 0.8999999762
226727  -14.421  -83.453  -18.545 0.8999999762
226729  -14.352  -83.787  -18.012 0.8999999762
226730  1.326  -79.822  -15.010 0.8000000119
226731  -0.018  -75.304  -4.467 1.0000000000
226732  0.177  -75.001  -5.183 1.0000000000
226733  -0.476  -74.858  -4.241 1.0000000000
