#!ascii label  , from subject FS6EXPERT_subj01_ver10 vox2ras=TkReg
11739
100097  23.748  -11.698  52.581 0.5000000000
105992  26.871  -8.364  50.953 0.3750000000
108827  28.968  -7.039  52.007 0.3750000000
111976  30.371  -6.252  51.518 0.5000000000
111963  31.259  -5.465  51.545 0.6250000000
114881  32.007  -4.514  51.612 0.7500000000
113510  31.530  -4.965  51.652 0.6250000000
116182  32.708  -3.611  51.214 1.0000000000
116196  33.383  -3.538  50.284 1.0000000000
116197  32.943  -3.355  50.648 0.8750000000
117712  32.552  -3.006  50.417 1.0000000000
116206  34.674  -4.015  48.967 1.0000000000
116207  34.262  -3.800  49.085 1.0000000000
116209  33.290  -3.471  49.603 1.0000000000
116223  33.240  -3.535  48.872 1.0000000000
116224  32.524  -3.289  49.219 1.0000000000
116237  35.055  -4.112  48.152 1.0000000000
116221  34.433  -3.777  48.517 1.0000000000
116240  33.336  -3.593  48.119 1.0000000000
116241  32.611  -3.528  48.321 1.0000000000
116242  31.785  -3.339  48.523 1.0000000000
116263  31.240  -3.463  47.688 1.0000000000
117772  19.375  -2.637  47.288 1.0000000000
101768  24.733  -10.832  54.059 0.7500000000
101799  25.088  -10.487  53.190 0.6250000000
101801  24.181  -11.281  52.763 0.5000000000
101787  24.313  -11.336  53.299 0.6250000000
101819  24.774  -10.223  51.779 0.5000000000
101811  24.849  -10.323  52.151 0.3750000000
105981  26.495  -8.966  51.916 0.5000000000
104644  25.928  -9.167  51.771 0.5000000000
104634  25.564  -9.484  52.050 0.5000000000
105963  28.100  -7.901  51.975 0.3750000000
105965  27.750  -8.040  51.919 0.3750000000
105980  26.920  -8.586  51.624 0.3750000000
110436  29.423  -6.522  52.085 0.3750000000
111964  30.595  -5.726  51.814 0.6250000000
111977  29.867  -6.446  51.718 0.6250000000
114882  31.335  -4.384  51.901 0.6250000000
117686  32.562  -3.311  51.257 1.0000000000
117701  32.161  -2.830  50.843 1.0000000000
119251  21.610  -2.529  46.885 1.0000000000
117733  31.405  -2.789  49.311 1.0000000000
117784  21.188  -2.903  46.536 1.0000000000
117732  31.941  -2.968  49.502 1.0000000000
116243  31.036  -3.175  48.254 1.0000000000
116264  30.520  -3.204  47.722 1.0000000000
119239  20.659  -1.813  47.322 1.0000000000
114936  35.365  -3.946  47.186 0.8750000000
114928  35.122  -3.896  47.534 1.0000000000
116259  34.215  -3.626  47.278 1.0000000000
116260  33.493  -3.646  47.371 1.0000000000
116261  32.763  -3.617  47.500 1.0000000000
116284  30.690  -3.484  46.976 1.0000000000
116286  29.461  -3.173  46.722 1.0000000000
119240  20.011  -1.882  47.416 1.0000000000
119254  19.845  -2.332  47.205 1.0000000000
114946  35.708  -3.961  46.761 0.8750000000
114927  35.335  -4.247  47.798 1.0000000000
116282  32.184  -3.664  46.814 1.0000000000
116283  31.435  -3.610  46.910 1.0000000000
116304  30.145  -3.500  46.266 1.0000000000
116305  29.512  -3.319  46.307 1.0000000000
119242  19.267  -2.310  47.826 1.0000000000
116303  30.871  -3.610  46.196 1.0000000000
116323  30.306  -3.619  45.497 1.0000000000
117773  19.020  -2.804  47.533 1.0000000000
105930  23.710  -8.870  54.374 1.0000000000
104579  24.536  -9.269  55.013 0.8750000000
103220  25.390  -10.014  54.024 0.7500000000
101750  24.216  -11.119  54.466 0.8750000000
104598  25.832  -9.573  53.795 0.7500000000
101786  24.725  -10.924  53.509 0.6250000000
105968  26.623  -8.991  52.512 0.5000000000
104623  26.228  -9.234  52.772 0.5000000000
103255  25.272  -9.930  52.360 0.5000000000
101806  24.992  -10.437  52.643 0.6250000000
105967  27.020  -8.637  52.249 0.3750000000
107334  28.401  -7.549  52.113 0.3750000000
105966  27.421  -8.331  52.039 0.3750000000
111965  29.869  -5.972  52.153 0.6250000000
113511  30.666  -5.021  52.133 0.6250000000
117688  31.607  -2.709  51.347 0.8750000000
117702  31.611  -2.570  50.561 0.8750000000
117714  31.479  -2.639  49.876 1.0000000000
117782  22.382  -3.040  46.887 1.0000000000
119250  22.020  -2.733  46.903 1.0000000000
117751  31.254  -2.986  48.806 1.0000000000
117752  30.719  -2.847  48.544 1.0000000000
119237  22.253  -2.216  47.239 1.0000000000
119238  21.397  -1.871  47.205 1.0000000000
117767  30.039  -2.889  47.882 1.0000000000
116285  29.930  -3.280  47.023 1.0000000000
116278  35.199  -3.643  46.574 1.0000000000
116258  34.866  -3.718  47.186 1.0000000000
120679  20.285  -1.185  47.470 1.0000000000
117757  18.698  -2.878  48.411 1.0000000000
116277  35.744  -3.780  46.301 1.0000000000
116280  33.677  -3.612  46.618 1.0000000000
116281  32.930  -3.658  46.701 1.0000000000
116302  31.608  -3.681  46.106 1.0000000000
116324  29.586  -3.457  45.576 1.0000000000
117810  29.014  -3.077  45.750 1.0000000000
119241  19.524  -2.281  47.527 1.0000000000
116321  31.768  -3.686  45.293 1.0000000000
116322  31.036  -3.677  45.408 1.0000000000
116352  30.034  -3.509  44.208 1.0000000000
117823  28.986  -3.148  44.830 1.0000000000
117841  29.375  -3.317  43.964 1.0000000000
117842  28.616  -2.961  43.920 1.0000000000
123585  14.622  0.883  51.128 1.0000000000
123599  13.985  0.743  50.590 1.0000000000
125049  14.343  1.012  50.455 1.0000000000
125056  14.756  1.485  50.151 1.0000000000
123570  14.591  0.699  51.530 1.0000000000
125034  15.141  0.978  51.898 1.0000000000
104580  24.221  -9.200  54.878 0.8750000000
123563  14.718  0.322  52.409 1.0000000000
125044  12.335  0.641  50.560 1.0000000000
107279  25.998  -8.047  55.017 0.8750000000
105907  25.575  -8.916  54.929 0.7500000000
105908  25.267  -8.859  55.038 0.7500000000
105914  26.995  -8.232  54.052 0.6250000000
105928  26.564  -8.949  53.939 0.7500000000
105916  26.068  -8.828  54.591 0.7500000000
105951  27.054  -8.599  52.823 0.5000000000
105938  27.092  -8.538  53.361 0.5000000000
105953  26.432  -9.179  53.391 0.5000000000
105940  26.300  -9.230  53.685 0.6250000000
119121  15.714  -1.341  53.805 1.0000000000
105950  27.454  -8.296  52.590 0.5000000000
119120  16.469  -1.861  54.189 1.0000000000
107323  27.953  -7.538  52.790 0.3750000000
107324  27.804  -7.894  52.885 0.3750000000
117667  16.772  -2.672  53.418 0.8750000000
117693  17.129  -3.142  51.924 0.8750000000
117680  17.444  -3.016  52.738 0.8750000000
117692  18.041  -2.774  51.915 0.8750000000
117672  31.668  -3.302  51.732 0.7500000000
116171  31.191  -3.727  52.010 0.7500000000
119171  31.102  -2.362  50.219 1.0000000000
117771  22.932  -2.899  47.282 1.0000000000
117704  18.210  -2.855  50.829 0.8750000000
117715  31.116  -2.535  49.554 1.0000000000
123617  23.065  0.042  48.334 1.0000000000
120665  23.139  -1.068  48.199 1.0000000000
117719  18.455  -2.817  49.789 1.0000000000
117779  29.770  -3.013  47.453 1.0000000000
123625  23.458  0.396  47.912 1.0000000000
122140  22.781  -0.547  48.146 1.0000000000
120677  21.847  -1.273  47.512 1.0000000000
117737  18.659  -2.651  49.159 1.0000000000
117718  18.634  -2.545  49.478 1.0000000000
123636  23.235  0.296  47.115 1.0000000000
123626  22.684  0.099  47.743 1.0000000000
122150  22.205  -0.574  47.776 1.0000000000
120676  22.659  -1.333  47.778 1.0000000000
116279  34.424  -3.565  46.586 1.0000000000
116299  33.895  -3.447  45.875 1.0000000000
123645  22.909  0.127  46.609 1.0000000000
123637  22.494  0.227  47.031 1.0000000000
123627  21.979  0.008  47.446 1.0000000000
123628  21.403  -0.044  47.200 1.0000000000
122151  21.496  -0.533  47.555 1.0000000000
120678  21.051  -1.172  47.515 1.0000000000
119214  18.849  -2.161  48.806 1.0000000000
117758  18.149  -3.358  48.340 1.0000000000
116300  33.109  -3.580  45.879 1.0000000000
116320  32.500  -3.555  45.146 1.0000000000
123646  22.387  0.077  46.365 1.0000000000
123638  21.848  0.169  46.826 1.0000000000
122152  20.706  -0.414  47.150 1.0000000000
122153  19.808  -0.657  47.216 1.0000000000
120680  19.460  -1.343  47.738 1.0000000000
120667  18.836  -1.413  48.317 1.0000000000
119229  19.100  -2.252  48.191 1.0000000000
116296  36.037  -3.728  45.748 1.0000000000
116337  31.199  -3.651  44.624 1.0000000000
123647  21.700  0.066  46.165 1.0000000000
123639  21.210  0.038  46.652 1.0000000000
122165  20.014  -0.307  46.570 1.0000000000
122154  19.085  -0.666  47.309 1.0000000000
120681  18.847  -0.933  47.754 1.0000000000
117857  30.357  -3.292  43.083 1.0000000000
117858  29.541  -3.236  43.149 1.0000000000
117859  28.890  -3.068  43.268 1.0000000000
117860  28.310  -2.836  43.180 1.0000000000
122177  21.433  -0.193  45.540 1.0000000000
122179  20.142  -0.226  45.846 1.0000000000
117876  29.036  -2.912  42.644 1.0000000000
125040  15.074  1.226  51.213 1.0000000000
125048  14.925  1.374  50.621 1.0000000000
126374  15.341  1.709  50.827 1.0000000000
125057  14.247  1.260  49.782 1.0000000000
125031  15.358  0.839  52.372 1.0000000000
125051  12.883  0.789  50.068 1.0000000000
107294  23.997  -8.307  54.535 1.0000000000
107304  23.615  -8.274  54.057 1.0000000000
125058  13.493  1.011  49.590 1.0000000000
107293  24.442  -8.220  54.848 1.0000000000
123555  15.485  0.330  53.234 1.0000000000
125052  12.113  0.851  49.988 1.0000000000
108786  25.872  -7.407  54.859 0.8750000000
107292  24.848  -8.271  55.071 1.0000000000
122075  15.026  -0.341  53.209 1.0000000000
125045  11.465  0.741  50.735 1.0000000000
107303  26.926  -7.845  54.308 0.8750000000
107290  26.395  -8.122  54.536 0.8750000000
110400  26.008  -6.976  54.847 0.8750000000
122074  15.399  -0.356  53.596 1.0000000000
125046  10.778  0.843  50.487 1.0000000000
107312  27.989  -7.896  53.061 0.3750000000
107313  27.442  -8.217  53.785 0.5000000000
105927  26.993  -8.429  53.853 0.6250000000
123576  10.244  0.717  51.223 1.0000000000
123592  9.483  0.507  50.706 0.8750000000
123577  9.306  0.488  51.512 0.8750000000
108818  28.587  -6.901  53.073 0.3750000000
108806  28.233  -7.265  53.239 0.3750000000
113499  29.846  -5.302  52.575 0.6250000000
110427  29.241  -6.236  52.532 0.5000000000
108828  28.789  -6.994  52.503 0.5000000000
114929  24.293  -3.782  48.951 1.0000000000
113498  30.137  -4.896  52.523 0.6250000000
117755  24.359  -2.759  48.804 1.0000000000
116226  24.473  -3.372  49.163 1.0000000000
116245  24.211  -3.429  48.620 1.0000000000
114883  30.705  -4.250  52.279 0.7500000000
123608  24.079  -0.074  49.089 1.0000000000
122130  23.840  -0.585  48.834 1.0000000000
120655  24.103  -1.102  48.926 1.0000000000
120663  24.201  -1.596  48.825 1.0000000000
117756  23.972  -2.797  48.278 1.0000000000
116246  23.802  -3.542  48.086 1.0000000000
123623  24.906  0.375  48.289 1.0000000000
123615  24.427  0.366  48.813 1.0000000000
123616  23.671  0.163  48.659 1.0000000000
120664  23.717  -1.331  48.469 1.0000000000
119227  23.652  -2.118  48.060 1.0000000000
119236  23.080  -2.145  47.630 1.0000000000
117770  23.519  -2.839  47.742 1.0000000000
119155  31.130  -2.285  50.904 0.8750000000
123624  24.205  0.433  48.127 1.0000000000
120675  23.270  -1.583  47.998 1.0000000000
119175  18.420  -2.115  50.411 1.0000000000
117753  30.182  -2.630  48.437 1.0000000000
123635  24.070  0.388  47.361 1.0000000000
119195  18.625  -2.142  49.449 1.0000000000
119196  18.526  -2.132  49.866 1.0000000000
117754  29.753  -2.577  48.150 1.0000000000
120656  18.580  -1.659  49.136 1.0000000000
120644  18.504  -1.754  49.454 1.0000000000
116297  35.419  -3.444  45.893 1.0000000000
116298  34.687  -3.375  45.940 1.0000000000
116318  34.199  -3.132  45.272 1.0000000000
122163  23.280  0.094  46.576 1.0000000000
116319  33.297  -3.287  44.949 1.0000000000
117843  27.938  -2.673  43.780 1.0000000000
122175  23.161  -0.172  45.956 1.0000000000
120666  19.164  -1.525  47.992 1.0000000000
116361  31.564  -3.312  43.358 1.0000000000
122176  22.199  -0.182  45.626 1.0000000000
123648  21.146  -0.044  46.070 1.0000000000
122164  20.642  -0.100  46.341 1.0000000000
117875  29.771  -2.921  42.473 1.0000000000
119320  29.198  -2.600  41.930 1.0000000000
122178  20.771  -0.213  45.640 1.0000000000
122180  19.509  -0.217  46.067 1.0000000000
122166  19.309  -0.379  46.726 1.0000000000
117877  28.618  -2.873  42.838 1.0000000000
122190  20.986  -0.394  44.918 1.0000000000
122191  20.282  -0.307  45.100 1.0000000000
122192  19.642  -0.201  45.343 1.0000000000
117828  4.779  -3.184  44.416 0.8750000000
125039  15.530  1.437  51.673 1.0000000000
126380  14.838  1.982  49.693 1.0000000000
125033  15.662  1.298  52.161 1.0000000000
125065  13.429  1.293  48.877 1.0000000000
126381  14.396  1.725  49.307 1.0000000000
108800  23.938  -7.484  54.078 1.0000000000
126385  13.649  1.719  48.371 1.0000000000
108798  24.814  -6.966  54.443 1.0000000000
108788  24.288  -7.752  54.558 1.0000000000
125070  13.158  1.440  48.318 1.0000000000
125066  12.632  1.108  48.703 1.0000000000
125060  11.963  0.979  49.265 0.8750000000
125059  12.751  0.942  49.396 1.0000000000
108787  25.006  -7.483  54.802 1.0000000000
110411  24.624  -6.553  54.131 1.0000000000
123550  15.638  0.013  53.746 1.0000000000
125067  11.870  1.002  48.516 0.8750000000
125053  11.341  0.912  49.894 1.0000000000
125068  11.261  0.800  48.369 0.8750000000
123610  10.922  0.707  48.647 0.8750000000
125054  10.685  0.788  49.766 0.8750000000
110420  27.810  -6.889  53.870 0.7500000000
108795  27.308  -7.414  54.239 0.8750000000
110389  27.065  -6.486  54.579 0.8750000000
113514  24.255  -5.479  52.456 1.0000000000
123620  10.842  0.552  48.271 0.8750000000
123611  10.508  0.556  48.875 0.8750000000
123601  10.196  0.561  49.534 0.8750000000
123591  10.137  0.670  50.272 0.8750000000
110429  28.443  -6.710  53.247 0.6250000000
110419  28.191  -6.501  53.550 0.7500000000
114895  24.630  -4.561  51.747 1.0000000000
123612  9.762  0.148  49.073 0.8750000000
122123  9.105  -0.151  49.584 0.8750000000
123602  9.590  0.322  49.918 0.8750000000
110428  28.824  -6.475  52.894 0.6250000000
110418  28.612  -6.239  53.187 0.6250000000
116199  24.859  -3.907  50.756 1.0000000000
114914  24.358  -4.506  50.237 1.0000000000
119119  17.469  -2.136  54.362 0.8750000000
117666  17.610  -2.736  53.468 0.8750000000
122133  9.211  -0.355  48.909 0.8750000000
111956  29.380  -5.797  52.696 0.6250000000
116212  24.766  -3.446  49.930 1.0000000000
114921  24.348  -4.022  49.400 1.0000000000
117665  18.067  -2.466  53.628 0.8750000000
114871  30.283  -4.588  52.479 0.7500000000
122119  24.877  -0.774  50.207 1.0000000000
120643  24.798  -1.429  49.886 1.0000000000
119194  24.752  -2.065  49.588 1.0000000000
119213  24.436  -2.108  49.059 1.0000000000
117736  24.660  -2.739  49.383 1.0000000000
117679  18.245  -2.560  52.892 0.8750000000
116172  30.509  -3.633  52.332 0.7500000000
123606  25.257  0.335  49.671 1.0000000000
123607  24.522  0.074  49.587 1.0000000000
122120  24.540  -0.769  49.728 1.0000000000
122129  24.236  -0.637  49.261 1.0000000000
120654  24.440  -1.390  49.318 1.0000000000
117673  30.939  -3.001  51.954 0.8750000000
122138  25.399  0.259  48.369 1.0000000000
119161  18.377  -2.089  51.311 0.8750000000
122137  25.943  -0.022  48.468 1.0000000000
119190  30.676  -2.221  49.645 1.0000000000
123634  24.700  0.301  47.688 1.0000000000
122149  25.335  0.098  47.841 1.0000000000
122161  24.897  -0.116  46.899 1.0000000000
117800  6.358  -2.590  46.641 0.8750000000
116316  35.698  -3.265  45.275 1.0000000000
117793  29.088  -3.003  46.456 1.0000000000
122162  23.819  0.071  46.623 1.0000000000
120668  18.179  -0.858  48.441 1.0000000000
117801  5.738  -2.799  46.330 0.8750000000
116334  32.981  -3.159  44.381 1.0000000000
117822  32.836  -3.097  44.117 1.0000000000
117814  5.664  -2.869  45.442 0.8750000000
116360  31.888  -3.205  43.364 1.0000000000
117856  31.116  -3.141  42.872 1.0000000000
117873  31.312  -2.687  42.288 1.0000000000
119318  30.780  -2.336  41.774 1.0000000000
119319  30.009  -2.495  41.795 1.0000000000
119321  28.287  -2.640  42.297 0.8750000000
122181  18.900  -0.081  46.315 1.0000000000
119336  30.301  -1.891  41.320 1.0000000000
119351  28.984  -1.869  40.993 1.0000000000
119339  27.771  -2.043  41.373 0.8750000000
122189  21.794  -0.469  44.839 1.0000000000
122193  19.056  -0.022  45.629 1.0000000000
119338  28.691  -2.216  41.403 0.8750000000
122202  19.131  -0.062  44.880 1.0000000000
117846  5.105  -2.938  43.687 0.8750000000
122200  20.424  -0.486  44.302 1.0000000000
122201  19.738  -0.291  44.566 1.0000000000
117847  4.392  -3.301  43.771 0.8750000000
113702  4.211  -5.159  40.875 0.5000000000
113731  7.545  -5.178  39.092 0.2500000000
113732  6.773  -5.156  39.192 0.2500000000
113700  5.671  -4.801  40.824 0.2500000000
113716  6.618  -5.099  40.019 0.2500000000
113717  5.874  -5.122  40.076 0.3750000000
126378  15.257  1.992  50.332 1.0000000000
127690  15.302  2.703  49.942 1.0000000000
127693  14.945  2.733  49.396 1.0000000000
126384  14.147  1.958  48.781 1.0000000000
125030  15.827  1.098  52.783 1.0000000000
110412  24.299  -6.967  54.079 1.0000000000
110422  24.095  -6.639  53.650 1.0000000000
123554  15.984  0.658  53.563 1.0000000000
123549  16.068  0.362  53.993 1.0000000000
110410  25.112  -6.610  54.428 1.0000000000
111958  24.221  -5.873  53.023 1.0000000000
125072  11.684  0.929  47.735 0.8750000000
111931  26.000  -6.115  54.598 0.8750000000
111949  25.105  -5.543  53.876 1.0000000000
111950  24.793  -5.797  53.856 1.0000000000
111951  24.416  -6.018  53.589 1.0000000000
122066  15.760  -0.338  54.026 1.0000000000
122065  16.183  -0.292  54.507 0.8750000000
125073  11.183  0.676  47.973 0.8750000000
111948  27.720  -6.099  53.782 0.8750000000
110407  27.498  -6.917  54.026 0.8750000000
111930  26.360  -5.988  54.479 0.8750000000
113481  25.540  -5.188  53.899 0.8750000000
113491  25.320  -5.143  53.737 1.0000000000
113492  24.916  -5.354  53.529 1.0000000000
113513  24.592  -5.039  52.603 1.0000000000
120573  15.929  -0.963  54.276 0.8750000000
123632  10.967  0.418  47.519 0.8750000000
123621  10.251  0.147  48.248 0.8750000000
123622  9.628  -0.213  48.493 0.8750000000
111937  26.720  -5.790  54.198 0.8750000000
114855  26.612  -4.914  54.058 0.8750000000
116151  26.174  -3.937  53.446 1.0000000000
116163  25.699  -3.873  52.908 1.0000000000
116174  25.229  -3.816  52.100 1.0000000000
116175  24.901  -4.259  51.914 1.0000000000
119112  16.775  -1.367  54.833 0.8750000000
122144  9.789  -0.351  47.920 0.8750000000
117652  26.692  -3.567  53.460 0.8750000000
117663  26.360  -3.193  53.130 1.0000000000
116162  26.071  -3.588  53.102 1.0000000000
117677  25.773  -3.075  52.403 1.0000000000
116184  25.142  -3.455  51.281 1.0000000000
116211  25.035  -3.000  50.183 1.0000000000
120682  8.880  -0.973  47.936 0.8750000000
120670  8.544  -1.017  48.577 0.8750000000
122146  8.912  -0.663  48.760 0.8750000000
119129  26.638  -2.552  53.004 1.0000000000
117676  26.108  -2.875  52.750 1.0000000000
119145  25.693  -2.535  52.045 1.0000000000
119174  25.319  -2.064  50.719 1.0000000000
117716  25.173  -2.629  50.401 1.0000000000
117717  24.953  -2.663  49.904 1.0000000000
120683  8.337  -1.376  47.646 0.8750000000
122091  27.509  -0.588  51.297 1.0000000000
122092  26.755  -0.420  51.396 1.0000000000
120609  26.319  -1.141  51.851 1.0000000000
122109  25.278  -0.760  50.686 1.0000000000
120642  25.151  -1.429  50.405 1.0000000000
119193  25.059  -2.052  50.122 1.0000000000
120688  8.941  -1.067  47.194 0.8750000000
122118  26.734  -0.083  49.980 1.0000000000
123594  26.194  0.166  50.067 1.0000000000
123595  25.603  0.265  50.104 1.0000000000
120684  7.775  -1.792  47.689 0.8750000000
117689  31.002  -2.396  51.524 0.8750000000
122106  27.190  -0.239  50.625 1.0000000000
123604  26.382  0.021  49.643 1.0000000000
123613  25.851  0.175  48.935 1.0000000000
119172  30.596  -2.010  50.477 1.0000000000
122128  26.090  0.020  48.984 1.0000000000
120645  18.244  -1.486  49.761 1.0000000000
119209  30.516  -2.379  49.147 1.0000000000
122127  26.572  -0.239  49.152 1.0000000000
120657  18.183  -1.151  48.955 1.0000000000
119232  6.311  -2.222  48.568 0.8750000000
119219  6.004  -2.146  49.189 0.8750000000
119185  5.787  -1.930  50.505 0.8750000000
120637  6.185  -1.733  50.884 0.8750000000
117774  6.392  -2.446  47.696 0.8750000000
119168  5.087  -1.942  51.279 0.8750000000
117807  35.320  -2.859  44.807 1.0000000000
116317  34.984  -3.098  45.357 1.0000000000
117813  6.348  -2.662  45.791 0.8750000000
117819  34.900  -2.508  44.261 1.0000000000
117809  33.862  -2.932  44.639 1.0000000000
117821  33.282  -2.936  44.153 1.0000000000
117811  28.425  -2.799  45.310 1.0000000000
117794  28.494  -2.699  46.058 1.0000000000
122174  24.235  -0.356  45.932 1.0000000000
122155  18.529  -0.509  47.472 1.0000000000
122167  18.575  -0.200  46.942 1.0000000000
117820  34.068  -2.557  44.005 1.0000000000
117838  32.572  -2.985  43.631 1.0000000000
117824  28.225  -2.758  44.538 1.0000000000
122188  22.710  -0.520  44.932 1.0000000000
117826  6.336  -2.657  44.775 0.8750000000
119317  31.476  -2.109  41.804 1.0000000000
119300  27.639  -2.606  43.037 1.0000000000
119284  27.263  -2.502  43.696 1.0000000000
117845  6.074  -2.583  43.704 0.8750000000
117827  5.506  -2.937  44.529 0.8750000000
119353  27.951  -1.694  40.707 0.8750000000
119322  27.294  -2.315  42.300 1.0000000000
119301  26.903  -2.338  43.049 1.0000000000
120772  30.553  -1.109  41.103 1.0000000000
120773  29.923  -1.473  40.975 1.0000000000
120774  27.583  -1.733  40.847 0.8750000000
120775  27.122  -1.719  41.039 0.8750000000
120795  29.981  -0.942  40.777 1.0000000000
120796  29.262  -1.312  40.648 1.0000000000
122268  28.939  -0.393  40.141 0.8750000000
122270  27.570  -0.903  39.940 0.8750000000
120818  27.188  -1.041  40.019 0.8750000000
120799  26.770  -1.384  40.545 0.8750000000
122208  19.811  -0.428  43.726 1.0000000000
122283  28.378  -0.112  39.732 0.8750000000
122284  27.441  -0.383  39.500 0.8750000000
116363  4.147  -3.321  43.351 0.8750000000
123729  28.181  0.403  39.446 0.8750000000
116364  3.784  -3.446  43.116 0.8750000000
116354  3.537  -3.738  43.706 0.8750000000
116373  2.913  -3.948  42.255 0.7500000000
114997  2.868  -4.554  41.944 0.7500000000
116388  2.940  -4.249  40.986 0.7500000000
116365  3.090  -3.949  43.128 0.7500000000
113703  3.461  -5.064  40.969 0.6250000000
113701  4.946  -4.991  40.850 0.5000000000
113718  5.153  -5.123  40.096 0.7500000000
113748  7.703  -5.162  38.259 0.2500000000
113733  6.054  -5.124  39.300 0.3750000000
126377  15.576  2.204  50.809 1.0000000000
127683  16.080  2.397  51.539 1.0000000000
129017  15.196  3.413  49.684 0.8750000000
130395  14.979  4.092  49.515 0.8750000000
131835  14.643  4.955  49.637 0.8750000000
131836  14.137  5.435  49.398 0.8750000000
126383  14.614  2.207  49.191 1.0000000000
129022  14.851  3.421  49.150 0.8750000000
130402  14.595  4.155  48.915 0.8750000000
131850  14.448  4.680  49.028 0.8750000000
126366  16.068  1.634  52.398 1.0000000000
126388  13.436  1.938  47.787 1.0000000000
126387  13.923  2.186  48.230 1.0000000000
127696  14.257  2.718  48.435 1.0000000000
129027  14.523  3.372  48.668 1.0000000000
130414  14.403  3.797  48.510 0.8750000000
130415  14.167  4.239  48.282 0.8750000000
131851  14.136  5.027  48.831 0.8750000000
125029  16.304  1.330  53.226 1.0000000000
125071  12.584  1.329  47.948 1.0000000000
111947  28.317  -5.910  53.381 0.7500000000
111946  28.823  -5.805  53.126 0.7500000000
114853  27.311  -5.212  53.827 0.8750000000
114864  26.959  -4.562  53.900 0.8750000000
120567  16.448  -0.960  54.763 0.8750000000
123633  10.331  -0.116  47.603 0.8750000000
122158  9.984  -0.485  47.261 0.8750000000
111945  29.113  -5.778  52.950 0.6250000000
119111  17.257  -1.594  54.848 0.8750000000
116150  26.783  -4.018  53.757 0.8750000000
114860  29.472  -5.067  52.903 0.7500000000
117662  26.955  -3.089  53.302 0.8750000000
117678  18.493  -2.411  52.667 0.8750000000
114872  29.720  -4.624  52.762 0.7500000000
120608  27.078  -0.912  51.915 1.0000000000
119143  26.940  -1.899  52.800 0.8750000000
120689  8.478  -1.446  46.758 0.8750000000
119243  7.927  -1.815  47.066 0.8750000000
122090  28.074  -0.901  51.235 1.0000000000
120607  27.792  -1.062  51.817 1.0000000000
120628  18.126  -1.285  50.865 1.0000000000
119255  8.043  -1.855  46.290 0.8750000000
120671  7.859  -1.571  48.309 0.8750000000
122105  27.895  -0.689  50.528 1.0000000000
119256  7.449  -2.127  46.623 0.8750000000
122117  27.434  -0.584  49.728 1.0000000000
122126  27.213  -0.801  48.862 1.0000000000
122136  26.730  -0.645  48.217 1.0000000000
119244  7.347  -2.075  47.359 0.8750000000
119231  6.794  -2.086  48.370 0.8750000000
119218  6.697  -1.995  49.009 0.8750000000
119204  6.547  -1.938  49.691 0.8750000000
119222  29.799  -2.410  48.458 1.0000000000
122148  26.029  -0.458  47.455 1.0000000000
122141  18.361  -0.734  47.964 1.0000000000
119263  6.934  -2.415  46.205 0.8750000000
119257  6.867  -2.346  46.989 0.8750000000
119246  6.475  -2.288  48.164 0.8750000000
117768  29.461  -2.687  47.700 1.0000000000
117818  35.715  -2.652  44.231 1.0000000000
123640  18.293  0.052  46.870 1.0000000000
122168  18.274  -0.181  47.285 1.0000000000
117835  35.803  -2.260  43.725 1.0000000000
117836  33.912  -2.284  43.535 1.0000000000
122187  23.760  -0.652  44.960 1.0000000000
117853  33.203  -2.095  42.849 1.0000000000
117854  32.657  -2.350  42.749 1.0000000000
117812  27.830  -2.498  45.076 1.0000000000
117825  27.567  -2.517  44.360 1.0000000000
123654  18.526  0.201  45.959 1.0000000000
117844  6.605  -2.448  44.141 0.8750000000
119316  32.123  -1.786  41.848 1.0000000000
119323  26.389  -2.158  42.387 0.8750000000
122199  21.226  -0.665  44.091 1.0000000000
119334  31.601  -1.561  41.512 1.0000000000
119340  26.864  -1.981  41.732 0.8750000000
119341  26.396  -1.986  41.869 0.8750000000
120776  26.244  -1.760  41.409 0.8750000000
122207  20.551  -0.669  43.407 1.0000000000
123658  18.601  0.242  45.245 1.0000000000
122267  29.732  -0.404  40.534 1.0000000000
122282  28.795  0.097  39.903 0.8750000000
120819  26.587  -0.981  39.938 0.8750000000
120800  25.945  -1.322  40.576 0.8750000000
122209  19.167  -0.155  44.068 1.0000000000
117863  4.430  -3.003  42.964 0.8750000000
122285  26.406  -0.531  39.377 0.8750000000
120820  25.754  -0.942  39.837 0.8750000000
117864  3.911  -3.178  42.648 0.8750000000
123728  28.711  0.476  39.754 0.8750000000
122307  26.851  -0.034  38.999 0.8750000000
122308  26.130  -0.149  38.881 0.8750000000
122286  25.632  -0.582  39.220 0.8750000000
117880  3.983  -2.828  42.063 0.8750000000
125165  27.559  1.103  39.010 0.8750000000
123751  27.151  0.541  38.935 0.8750000000
123752  26.496  0.502  38.719 0.8750000000
123753  25.903  0.243  38.600 0.8750000000
116372  3.469  -3.451  42.480 0.8750000000
116379  3.190  -3.355  41.742 0.8750000000
115012  3.171  -4.422  40.421 0.8750000000
125167  26.371  1.162  38.560 0.8750000000
123772  26.014  0.695  38.492 0.7500000000
113720  3.713  -4.975  40.307 0.7500000000
113719  4.358  -5.093  40.031 0.7500000000
115020  4.221  -4.767  39.324 0.6250000000
113749  6.879  -5.011  38.277 0.2500000000
127685  16.194  2.900  51.542 1.0000000000
129016  15.527  3.434  50.262 0.8750000000
131834  15.037  4.447  49.850 0.8750000000
126370  15.998  1.896  51.892 1.0000000000
126365  16.412  1.873  52.865 1.0000000000
127698  13.956  2.727  47.913 1.0000000000
129028  14.241  3.393  48.226 1.0000000000
133312  13.703  5.404  48.598 0.8750000000
133296  13.757  5.699  49.091 0.8750000000
133313  13.235  5.739  48.501 0.8750000000
133314  12.457  6.327  48.595 0.8750000000
127699  13.580  2.762  47.371 1.0000000000
130427  13.653  4.266  47.588 0.8750000000
131889  13.356  4.761  47.466 0.8750000000
133329  12.781  5.760  48.014 0.8750000000
126389  12.903  1.695  47.371 0.8750000000
126391  13.208  2.188  47.184 1.0000000000
129035  13.448  3.566  47.147 1.0000000000
127701  13.138  2.783  46.770 0.8750000000
131912  12.559  4.979  46.878 0.8750000000
133330  12.190  5.949  47.776 0.8750000000
133331  11.412  6.092  47.546 0.8750000000
134795  10.515  6.690  48.142 0.8750000000
125076  12.371  1.332  47.248 0.8750000000
127704  12.819  3.011  46.308 1.0000000000
129055  12.584  3.404  46.109 0.8750000000
131913  12.171  5.046  46.761 0.8750000000
131891  11.883  5.584  47.152 0.8750000000
131892  11.408  5.765  47.060 0.8750000000
123631  11.480  0.755  47.286 0.8750000000
123643  11.396  0.715  46.865 0.8750000000
125081  11.751  1.205  46.320 0.8750000000
126395  11.901  1.711  45.852 1.0000000000
129056  12.065  3.571  45.734 1.0000000000
130443  11.857  4.491  46.102 0.8750000000
131914  11.230  5.359  46.501 0.8750000000
133332  10.617  6.329  47.578 0.8750000000
113488  27.987  -5.419  53.480 0.8750000000
113489  27.532  -5.423  53.733 0.8750000000
123644  10.988  0.297  46.684 0.8750000000
125082  11.350  0.850  45.848 0.8750000000
122182  10.669  0.025  45.936 0.8750000000
123660  10.917  0.661  44.993 1.0000000000
122183  10.286  -0.227  45.730 0.8750000000
114861  29.042  -4.864  53.111 0.7500000000
113487  28.619  -5.383  53.247 0.7500000000
114863  27.561  -4.844  53.651 0.8750000000
119118  18.164  -2.151  54.063 0.8750000000
119131  18.709  -1.776  53.212 0.8750000000
122157  10.553  -0.132  46.999 0.8750000000
122169  10.636  -0.076  46.318 0.8750000000
122170  10.125  -0.444  46.538 0.8750000000
122194  10.090  -0.133  44.890 1.0000000000
116148  28.047  -4.149  53.363 0.8750000000
120593  18.663  -1.222  52.799 0.8750000000
120611  18.552  -1.565  52.318 0.8750000000
122184  9.641  -0.735  46.068 0.8750000000
114873  29.189  -4.308  52.993 0.7500000000
116147  28.658  -4.343  53.183 0.7500000000
114862  28.311  -4.838  53.328 0.8750000000
117650  27.746  -3.728  53.399 1.0000000000
117661  27.580  -3.161  53.311 1.0000000000
117651  27.194  -3.607  53.533 0.8750000000
120612  18.296  -1.288  51.842 0.8750000000
122171  9.542  -0.801  46.846 0.8750000000
120694  8.600  -1.493  45.957 0.8750000000
122195  9.659  -0.649  45.267 0.8750000000
116173  30.040  -3.659  52.512 0.7500000000
116160  28.892  -3.875  53.010 0.7500000000
119126  28.698  -2.671  52.819 0.8750000000
120591  27.386  -1.393  52.383 1.0000000000
119141  28.379  -2.014  52.721 1.0000000000
119142  27.694  -1.894  52.866 1.0000000000
120590  28.097  -1.474  52.346 1.0000000000
119262  7.523  -2.136  45.828 0.8750000000
119269  6.968  -2.402  45.351 0.8750000000
119156  30.611  -2.004  51.235 1.0000000000
122116  27.901  -0.853  49.994 1.0000000000
120641  27.940  -1.013  49.672 1.0000000000
122156  18.101  -0.233  47.665 1.0000000000
119278  7.019  -2.299  44.512 0.8750000000
119280  35.542  -1.839  43.461 1.0000000000
119281  34.899  -1.816  43.417 1.0000000000
119233  29.070  -2.402  47.669 1.0000000000
119270  35.236  -2.196  43.834 1.0000000000
119282  34.078  -1.871  43.166 1.0000000000
117781  28.750  -2.643  46.812 1.0000000000
122197  23.132  -0.845  44.300 1.0000000000
123649  18.388  0.112  46.585 1.0000000000
119279  36.088  -1.895  43.312 0.8750000000
119298  33.457  -1.677  42.560 1.0000000000
117795  28.073  -2.505  45.633 1.0000000000
122198  22.219  -0.917  43.956 1.0000000000
119296  36.454  -2.081  42.929 0.8750000000
119295  36.682  -1.539  42.575 0.8750000000
120750  32.467  -1.315  41.809 1.0000000000
117862  5.394  -2.520  42.800 0.8750000000
117878  5.137  -2.292  42.310 0.8750000000
119313  36.528  -2.104  42.331 0.8750000000
120770  32.027  -1.053  41.525 1.0000000000
122251  30.995  -0.367  41.153 1.0000000000
120777  25.290  -1.499  41.343 0.8750000000
120801  25.046  -1.232  40.446 0.8750000000
117879  4.735  -2.516  42.333 0.8750000000
119328  4.480  -2.249  41.918 1.0000000000
120785  4.569  -1.363  41.510 1.0000000000
123713  30.166  0.305  40.679 1.0000000000
123714  29.584  0.314  40.367 1.0000000000
119344  4.035  -1.951  41.439 0.8750000000
125150  29.076  1.035  39.968 0.8750000000
125152  28.095  1.047  39.293 0.8750000000
117886  3.398  -2.700  41.241 0.8750000000
126472  27.965  1.709  39.219 0.8750000000
126487  27.382  1.730  38.925 0.7500000000
125166  26.974  1.125  38.780 0.7500000000
122309  25.373  -0.242  38.701 0.8750000000
116387  3.020  -3.546  40.850 0.8750000000
116395  3.306  -3.589  39.901 1.0000000000
126488  26.803  1.708  38.715 0.7500000000
126489  26.071  1.816  38.479 0.7500000000
126499  25.605  1.488  38.261 0.7500000000
123773  25.459  0.480  38.335 0.8750000000
115021  3.675  -4.495  39.606 0.7500000000
113734  5.281  -5.084  39.252 0.6250000000
115028  4.523  -4.542  38.688 0.7500000000
115037  6.788  -4.590  37.681 0.2500000000
115038  6.178  -4.350  37.763 0.3750000000
115027  5.137  -4.806  38.598 0.5000000000
129013  16.136  3.265  51.329 1.0000000000
131823  15.201  4.651  50.252 0.8750000000
133278  14.566  5.519  50.234 0.8750000000
126369  16.304  2.133  52.352 1.0000000000
127682  16.342  2.682  52.009 1.0000000000
129014  15.862  3.489  50.929 0.8750000000
130385  15.815  4.308  51.393 0.8750000000
130388  15.555  4.153  50.629 0.8750000000
129006  16.515  3.403  52.441 0.8750000000
129009  16.283  3.467  51.807 0.8750000000
133297  13.116  6.335  49.311 0.8750000000
133298  12.580  6.580  49.126 0.8750000000
125025  16.386  1.085  53.715 0.8750000000
134756  11.793  7.060  49.491 0.8750000000
134757  11.176  7.165  49.319 0.8750000000
123546  16.537  0.373  54.687 0.8750000000
133315  11.637  6.459  48.221 0.8750000000
134777  10.916  6.876  48.657 0.8750000000
122057  17.231  -0.113  55.348 0.8750000000
120556  17.777  -0.586  55.489 0.8750000000
125080  12.232  1.451  46.709 1.0000000000
126399  11.239  1.610  44.885 1.0000000000
125086  11.296  1.127  45.245 1.0000000000
127709  11.930  2.733  45.474 1.0000000000
134778  10.023  6.883  48.640 0.8750000000
120566  17.129  -0.850  55.232 0.8750000000
120565  17.847  -1.154  55.200 0.8750000000
130464  11.665  4.058  45.680 0.8750000000
130444  11.325  4.782  46.024 0.8750000000
134796  9.955  6.599  47.972 0.8750000000
119110  17.996  -1.694  54.697 0.8750000000
119117  18.681  -1.710  53.833 0.8750000000
131937  11.071  4.887  45.994 0.8750000000
133348  10.434  5.925  46.987 0.8750000000
125089  10.914  1.128  44.687 1.0000000000
120594  18.450  -1.152  52.354 0.8750000000
123661  10.445  0.495  44.560 1.0000000000
117659  29.183  -3.279  52.777 0.7500000000
122110  17.643  -0.354  50.358 1.0000000000
119261  8.128  -1.849  45.493 0.8750000000
117675  29.306  -2.623  52.552 0.8750000000
117658  29.570  -3.391  52.659 0.7500000000
119140  29.004  -2.062  52.502 1.0000000000
119268  7.585  -2.090  45.012 0.8750000000
120606  28.625  -1.204  51.714 1.0000000000
120626  28.541  -1.049  50.817 1.0000000000
122121  17.771  -0.657  49.425 1.0000000000
122205  22.046  -1.089  43.287 1.0000000000
122160  25.699  -0.645  46.540 1.0000000000
122173  25.163  -0.656  45.889 1.0000000000
122206  21.427  -0.976  43.112 1.0000000000
122235  19.260  -0.258  42.289 1.0000000000
123684  18.101  0.737  42.187 1.0000000000
119290  6.910  -2.085  43.627 0.7500000000
119210  29.983  -2.197  48.983 1.0000000000
122220  19.859  -0.521  42.829 1.0000000000
122221  19.215  -0.206  43.188 1.0000000000
123683  18.676  0.175  42.637 1.0000000000
120713  34.736  -1.452  43.025 1.0000000000
117769  29.020  -2.586  47.344 1.0000000000
119247  28.160  -2.278  46.466 1.0000000000
120711  35.857  -1.490  43.167 1.0000000000
120748  33.528  -1.026  42.128 1.0000000000
119258  28.082  -2.385  45.971 1.0000000000
119264  27.186  -2.228  44.867 1.0000000000
119307  5.907  -2.082  42.587 1.0000000000
120725  36.290  -1.271  42.877 0.8750000000
122232  32.755  -0.671  41.693 1.0000000000
119273  27.031  -2.336  44.227 1.0000000000
119302  26.276  -2.073  43.172 1.0000000000
123662  18.639  0.240  44.459 1.0000000000
119342  5.048  -1.834  41.912 1.0000000000
120784  5.095  -1.415  41.757 0.8750000000
119312  36.697  -1.564  42.260 0.8750000000
122250  31.692  -0.364  41.332 1.0000000000
119324  26.001  -1.962  42.775 1.0000000000
120786  4.090  -1.135  41.257 0.8750000000
119345  3.666  -1.478  41.031 0.8750000000
119355  3.306  -1.379  40.601 0.8750000000
120767  36.204  -1.199  41.402 0.7500000000
123700  30.747  0.320  40.998 1.0000000000
120821  24.896  -0.963  39.491 0.8750000000
125135  30.471  0.973  40.956 1.0000000000
126458  29.766  1.350  40.612 1.0000000000
119354  3.333  -2.000  40.837 0.8750000000
119363  3.168  -1.876  39.952 0.8750000000
126459  29.415  1.689  40.467 0.8750000000
126470  28.869  1.564  39.899 0.8750000000
127801  28.385  2.127  39.652 0.7500000000
122310  24.662  -0.384  38.598 0.8750000000
127802  27.595  2.515  39.387 0.7500000000
127817  27.150  2.074  38.948 0.7500000000
123774  24.784  0.539  38.107 0.8750000000
117892  3.191  -2.733  40.372 0.8750000000
117900  3.486  -2.755  39.524 1.0000000000
126490  25.696  2.273  38.496 0.7500000000
126500  25.242  1.881  38.210 0.7500000000
125178  25.257  1.115  38.160 0.7500000000
125179  24.584  1.204  37.959 0.7500000000
116402  3.862  -3.600  38.975 0.7500000000
116425  6.590  -3.669  37.419 0.2500000000
115039  5.440  -4.559  38.171 0.6250000000
131816  15.425  4.885  51.010 0.8750000000
131824  14.938  5.227  50.527 0.8750000000
127676  17.131  2.569  53.793 0.8750000000
129002  17.067  3.222  53.590 0.8750000000
129003  16.821  3.298  53.023 0.8750000000
130382  15.987  4.510  51.934 0.8750000000
133263  14.590  5.760  50.787 0.8750000000
133279  13.956  6.014  50.054 0.8750000000
134732  13.190  6.777  50.416 0.8750000000
126358  16.847  1.551  54.022 0.8750000000
130384  16.096  4.046  51.761 0.8750000000
134755  12.463  6.834  49.553 0.8750000000
125022  17.076  1.356  54.831 0.8750000000
134734  12.056  7.150  49.886 0.8750000000
136250  11.371  7.282  49.660 0.8750000000
123542  17.551  0.513  55.501 0.8750000000
134758  10.258  7.310  49.563 0.8750000000
119109  18.532  -1.620  54.400 0.8750000000
127710  11.435  2.690  45.010 1.0000000000
130465  11.078  4.338  45.526 0.8750000000
120580  18.844  -1.102  53.531 0.8750000000
127720  11.052  2.410  44.651 1.0000000000
130489  10.763  3.794  45.064 0.8750000000
133333  9.869  6.255  47.497 0.8750000000
133334  9.062  6.184  47.708 0.8750000000
122081  18.725  -0.380  53.221 0.8750000000
122082  18.341  -0.491  52.449 1.0000000000
127721  10.536  2.513  44.406 0.8750000000
130490  10.296  4.024  45.046 0.8750000000
130466  10.109  4.602  45.506 0.8750000000
133349  9.628  5.861  47.029 0.8750000000
133318  8.398  6.182  48.254 0.8750000000
133350  8.870  5.710  47.081 0.8750000000
122095  17.980  -0.250  51.516 1.0000000000
122203  9.852  0.037  44.202 0.8750000000
116159  29.585  -3.798  52.724 0.7500000000
119276  8.173  -1.504  44.027 0.7500000000
120721  9.039  -0.851  44.220 0.7500000000
122122  17.453  -0.050  49.662 1.0000000000
119267  8.172  -1.745  44.712 0.7500000000
117674  29.934  -3.076  52.439 0.7500000000
119277  7.624  -1.927  44.210 0.7500000000
119139  29.692  -2.035  52.183 0.8750000000
120605  29.339  -1.387  51.688 1.0000000000
122131  17.846  -0.566  48.796 1.0000000000
119289  7.715  -1.500  43.496 0.7500000000
119138  30.426  -2.334  51.886 0.8750000000
120625  29.168  -1.255  51.087 1.0000000000
126427  17.017  2.847  42.400 0.8750000000
129122  16.528  3.980  43.122 0.8750000000
129101  16.483  4.446  44.033 0.8750000000
123629  17.713  0.097  47.939 1.0000000000
122142  17.847  -0.294  48.274 1.0000000000
120640  28.361  -1.073  50.055 1.0000000000
120661  27.611  -1.232  48.489 1.0000000000
125123  17.262  2.291  41.985 0.8750000000
125105  17.283  2.081  42.634 0.8750000000
127740  16.679  3.397  43.059 0.8750000000
129100  16.533  3.901  43.693 0.8750000000
119305  7.163  -1.543  43.039 0.7500000000
120673  26.970  -1.035  47.664 1.0000000000
120707  22.958  -1.069  43.724 1.0000000000
122234  19.798  -0.534  41.982 1.0000000000
125104  17.665  1.343  42.843 1.0000000000
126410  16.991  2.645  43.287 0.8750000000
127719  16.669  3.235  43.937 0.8750000000
123641  17.945  0.302  47.116 1.0000000000
119223  29.243  -2.222  48.242 1.0000000000
122219  20.614  -0.861  42.380 1.0000000000
123672  18.100  0.658  43.184 1.0000000000
125095  17.296  1.896  43.513 1.0000000000
123650  18.081  0.452  46.347 1.0000000000
117861  6.078  -2.290  43.006 0.8750000000
125094  17.688  1.216  43.772 1.0000000000
120761  5.741  -1.232  41.958 1.0000000000
122215  35.541  -0.408  42.605 1.0000000000
122230  34.065  -0.345  42.059 1.0000000000
122231  33.167  -0.370  41.746 1.0000000000
119259  27.544  -2.139  45.783 1.0000000000
119274  26.594  -2.023  44.458 1.0000000000
119287  25.623  -1.643  43.589 1.0000000000
123671  18.646  0.201  43.600 1.0000000000
122239  5.178  -0.570  41.761 0.8750000000
122257  4.546  -0.757  41.483 0.8750000000
123681  33.663  0.381  41.763 1.0000000000
119285  26.660  -2.210  43.748 1.0000000000
119303  25.795  -1.803  43.181 1.0000000000
123663  18.131  0.641  44.089 1.0000000000
120787  3.623  -0.908  40.955 0.8750000000
120745  36.802  -1.043  42.238 0.8750000000
123698  32.025  0.295  41.375 1.0000000000
123699  31.371  0.306  41.235 1.0000000000
120752  25.581  -1.779  42.374 0.8750000000
120802  24.041  -1.250  40.235 0.8750000000
120766  36.593  -0.873  41.815 0.8750000000
126450  30.643  1.387  41.272 1.0000000000
120841  23.670  -0.950  39.006 0.8750000000
120808  3.313  -0.797  40.512 0.8750000000
120831  3.268  -0.734  40.073 0.8750000000
120792  35.817  -0.903  40.940 0.7500000000
126451  30.125  1.722  41.100 1.0000000000
120840  24.379  -0.806  38.970 0.8750000000
122311  23.996  -0.551  38.519 0.8750000000
119364  3.164  -1.171  40.121 0.8750000000
127786  28.907  2.133  40.099 0.7500000000
127788  27.953  2.942  39.940 0.7500000000
123775  24.052  0.525  37.906 0.7500000000
122334  24.358  -0.040  38.192 0.8750000000
119374  3.885  -1.974  39.147 0.8750000000
127803  26.760  2.765  39.214 0.6250000000
125180  23.697  1.273  37.637 0.7500000000
117909  3.869  -2.767  39.052 0.8750000000
127819  26.126  2.507  38.793 0.7500000000
127830  24.856  2.299  38.239 0.7500000000
126501  24.422  1.911  37.954 0.7500000000
127831  24.431  2.568  38.214 0.7500000000
119397  7.323  -2.621  37.377 0.2500000000
116410  5.456  -3.560  38.002 0.5000000000
116401  4.755  -3.505  38.418 0.7500000000
131810  15.580  5.238  52.097 0.8750000000
131817  15.054  5.465  51.303 0.8750000000
131809  16.043  4.700  52.220 0.8750000000
131811  15.064  5.700  51.846 0.8750000000
133255  14.682  5.942  51.558 0.8750000000
134731  13.694  6.577  50.860 0.8750000000
127673  17.235  2.591  54.386 0.8750000000
130378  16.576  4.110  52.990 0.8750000000
133247  15.316  5.736  52.448 0.8750000000
133264  14.164  6.219  51.114 0.8750000000
125018  17.323  1.150  55.282 0.8750000000
130377  16.903  3.785  53.453 0.8750000000
131803  15.840  5.328  53.093 0.8750000000
133248  14.868  6.084  52.443 0.8750000000
133256  14.306  6.385  51.867 0.8750000000
134714  13.198  6.967  51.251 0.8750000000
134715  12.558  7.265  50.930 0.8750000000
136222  11.245  7.537  50.800 0.8750000000
123541  18.215  0.547  55.887 0.8750000000
133241  14.982  6.112  53.360 0.8750000000
133249  14.337  6.518  52.347 0.8750000000
122056  18.786  -0.360  55.252 0.8750000000
136238  9.685  7.548  50.656 0.8750000000
134736  9.395  7.400  50.273 0.8750000000
122073  18.970  -0.338  53.950 0.8750000000
134759  9.298  6.957  49.284 0.8750000000
134779  9.214  6.602  48.352 0.8750000000
123560  18.580  0.438  52.940 0.8750000000
125090  10.412  1.170  44.245 1.0000000000
126405  10.218  1.823  44.109 0.8750000000
129103  9.783  3.054  44.340 0.8750000000
130491  9.539  4.215  45.112 0.8750000000
130467  9.294  4.710  45.585 0.8750000000
131916  9.355  5.413  46.570 0.8750000000
134760  8.430  6.506  48.969 0.8750000000
136277  16.438  7.278  46.129 0.7500000000
136269  16.469  7.307  46.958 0.7500000000
123664  9.983  0.602  44.007 1.0000000000
127723  9.273  2.723  44.035 0.8750000000
129104  9.143  3.294  44.349 0.8750000000
130492  8.780  4.321  45.229 0.8750000000
131917  8.648  5.325  46.641 0.8750000000
133335  8.238  5.768  47.611 0.8750000000
133319  7.636  5.801  48.241 0.8750000000
136286  16.390  7.275  45.358 0.7500000000
134813  17.134  6.403  47.088 0.8750000000
123583  17.680  0.550  51.050 1.0000000000
122210  9.629  0.234  43.852 0.8750000000
126411  9.637  1.791  43.770 0.8750000000
129105  8.434  3.434  44.461 0.8750000000
130493  8.058  4.321  45.445 0.8750000000
131918  8.035  5.193  46.776 0.8750000000
131871  7.090  5.371  48.015 0.8750000000
136301  16.316  7.335  44.706 0.7500000000
134832  16.595  6.629  45.727 0.7500000000
122111  17.434  0.165  50.054 1.0000000000
122212  8.611  -0.580  43.461 0.8750000000
127725  7.909  3.004  44.173 0.8750000000
129106  7.703  3.507  44.669 0.8750000000
130494  7.409  4.252  45.738 0.8750000000
131919  7.460  5.026  46.976 0.8750000000
134850  16.480  6.692  44.946 0.7500000000
133361  16.815  5.940  46.087 0.7500000000
120723  8.129  -1.118  43.460 0.8750000000
129083  6.786  3.860  45.652 0.8750000000
133377  16.443  6.090  44.477 0.7500000000
133369  16.535  5.912  45.262 0.8750000000
122132  17.564  -0.160  49.059 1.0000000000
120738  7.870  -0.935  43.080 0.8750000000
129108  6.540  3.505  45.252 0.8750000000
120624  29.692  -1.492  51.291 1.0000000000
131984  16.417  5.503  43.354 0.7500000000
130507  16.451  4.923  44.321 0.7500000000
131965  16.430  5.408  44.714 0.8750000000
119304  7.519  -1.268  43.079 0.7500000000
120739  7.285  -1.004  42.792 0.7500000000
120638  29.591  -1.456  50.703 1.0000000000
129145  16.561  4.302  42.367 0.8750000000
130528  16.478  4.899  43.055 0.8750000000
129074  16.571  4.036  44.576 0.8750000000
119157  30.076  -1.815  51.568 0.8750000000
120639  29.087  -1.290  50.299 1.0000000000
120660  28.076  -1.388  48.879 1.0000000000
120672  27.452  -1.302  47.917 1.0000000000
127773  16.978  3.370  41.812 0.8750000000
127708  16.777  3.174  44.825 0.8750000000
122225  7.135  -0.662  42.564 0.8750000000
120687  26.301  -0.945  46.825 1.0000000000
122185  25.029  -0.860  45.371 1.0000000000
120706  23.540  -1.056  43.889 1.0000000000
120719  22.580  -1.187  43.163 1.0000000000
123702  18.859  0.143  41.392 1.0000000000
123703  18.125  0.929  41.346 1.0000000000
126402  16.989  2.493  44.163 1.0000000000
120740  6.871  -1.302  42.677 1.0000000000
120760  6.475  -1.158  42.274 0.8750000000
123688  5.617  0.199  42.019 0.8750000000
125126  5.291  0.831  42.256 0.8750000000
125127  4.666  0.932  42.176 0.8750000000
119191  29.806  -1.711  49.982 1.0000000000
119211  29.010  -1.697  49.184 1.0000000000
120735  21.674  -1.163  42.343 1.0000000000
122254  19.562  -0.378  41.194 1.0000000000
125136  18.424  0.906  40.615 1.0000000000
122238  6.047  -0.483  42.002 0.8750000000
123689  4.929  0.282  41.960 0.8750000000
123690  4.340  0.430  41.900 0.8750000000
123704  3.909  0.373  41.696 0.8750000000
119224  28.289  -1.701  48.384 1.0000000000
119235  27.787  -1.665  47.691 1.0000000000
119260  26.935  -1.667  46.152 1.0000000000
122240  4.508  -0.155  41.719 0.8750000000
122241  4.162  0.068  41.705 0.8750000000
123670  35.413  0.072  42.368 1.0000000000
122229  34.571  -0.005  42.127 1.0000000000
119265  26.604  -1.781  45.317 1.0000000000
120730  25.299  -1.562  43.296 1.0000000000
123659  18.117  0.591  44.913 1.0000000000
122258  3.967  -0.319  41.391 0.8750000000
123705  3.553  0.308  41.326 0.8750000000
122214  36.165  -0.391  42.736 1.0000000000
120754  23.725  -1.357  41.901 1.0000000000
120779  23.447  -1.342  41.095 0.8750000000
123668  36.635  0.373  42.694 1.0000000000
122213  36.744  -0.374  42.539 0.8750000000
125132  32.256  0.845  41.498 0.8750000000
125121  31.506  1.384  41.634 0.8750000000
120778  24.354  -1.392  41.181 0.8750000000
120803  23.063  -1.266  40.375 0.8750000000
120842  22.905  -1.027  39.120 0.8750000000
122228  36.794  -0.292  42.008 0.8750000000
126443  30.454  2.100  41.585 0.8750000000
120823  23.396  -1.154  39.654 0.8750000000
122313  22.397  -0.717  38.674 0.8750000000
122246  36.514  -0.298  41.507 0.7500000000
127778  29.806  2.240  41.154 1.0000000000
122312  23.231  -0.699  38.513 0.8750000000
122336  22.795  -0.260  38.108 0.8750000000
120830  3.543  -1.065  39.613 0.8750000000
122247  36.113  -0.324  41.019 0.7500000000
127779  29.304  2.566  40.920 1.0000000000
127780  28.807  2.949  40.709 0.8750000000
127787  28.488  2.768  40.162 0.7500000000
123776  23.220  0.429  37.718 0.7500000000
123791  22.181  0.797  37.444 0.8750000000
120850  3.958  -1.291  39.221 0.8750000000
129161  27.553  3.262  40.069 0.6250000000
129177  27.169  2.959  39.559 0.6250000000
126502  23.655  2.187  37.709 0.7500000000
129162  26.721  3.635  40.231 0.6250000000
129178  26.734  3.193  39.635 0.6250000000
127804  26.112  2.992  39.186 0.6250000000
127820  25.282  2.761  38.721 0.6250000000
127821  24.508  3.056  38.648 0.6250000000
116409  6.065  -3.630  37.692 0.7500000000
117908  4.394  -2.770  38.784 0.7500000000
128999  17.168  3.232  54.198 0.8750000000
126354  17.324  1.887  55.148 0.8750000000
130375  16.746  4.351  53.745 0.8750000000
131796  16.344  4.855  53.429 0.8750000000
133231  15.447  5.782  53.626 0.8750000000
134703  13.270  6.998  52.024 0.8750000000
134704  12.605  7.331  51.771 0.8750000000
136211  10.866  7.643  51.490 0.8750000000
136212  10.259  7.625  51.421 0.8750000000
125016  17.850  1.179  55.790 0.8750000000
134691  14.606  6.448  53.241 0.8750000000
134693  13.410  6.954  52.759 0.8750000000
136223  10.544  7.589  50.889 0.8750000000
136224  9.937  7.578  50.991 0.8750000000
134729  18.042  6.431  50.433 1.0000000000
122049  18.556  -0.257  55.518 0.8750000000
134716  9.081  7.416  50.774 0.8750000000
137709  15.600  8.360  47.694 0.7500000000
134753  17.240  6.859  48.775 1.0000000000
136247  17.198  6.955  49.139 1.0000000000
134730  17.643  6.744  50.052 1.0000000000
123548  19.339  0.513  54.409 0.8750000000
134737  8.504  6.902  49.974 0.8750000000
137725  15.603  8.390  45.972 0.6250000000
137717  15.582  8.378  46.840 0.6250000000
136260  16.514  7.341  47.832 0.8750000000
136248  16.617  7.393  48.941 1.0000000000
134751  17.981  6.338  49.834 1.0000000000
123553  18.928  0.460  53.650 0.8750000000
134738  7.775  6.417  49.721 0.8750000000
140670  15.163  9.749  44.658 0.6250000000
139242  15.286  9.139  45.375 0.6250000000
136278  16.030  7.830  46.487 0.6250000000
134774  17.045  6.902  48.169 0.8750000000
134752  17.693  6.524  49.217 1.0000000000
133265  7.120  6.166  50.125 0.8750000000
134761  7.751  6.184  49.152 0.8750000000
140680  15.270  9.782  43.922 0.6250000000
139251  15.535  8.973  44.391 0.6250000000
134794  16.904  6.854  47.383 1.0000000000
134773  17.531  6.453  48.403 1.0000000000
123561  18.204  0.499  52.251 1.0000000000
133301  6.832  5.609  49.205 0.8750000000
133320  6.973  5.516  48.601 0.8750000000
139259  15.587  9.263  43.504 0.6250000000
137735  15.700  8.326  45.126 0.6250000000
136287  16.058  7.818  45.676 0.7500000000
134793  17.314  6.420  47.679 1.0000000000
133328  17.523  5.843  47.955 1.0000000000
123666  9.015  0.771  43.407 0.8750000000
126412  9.037  1.780  43.599 0.8750000000
127724  8.622  2.893  44.058 0.8750000000
131895  6.618  4.959  47.733 0.8750000000
136318  16.143  7.700  44.577 0.7500000000
133345  17.237  5.831  47.190 1.0000000000
125098  8.667  1.217  43.354 0.8750000000
126413  8.413  1.856  43.494 0.8750000000
130429  6.416  4.653  47.301 0.8750000000
136333  16.266  7.497  43.635 0.7500000000
133360  17.053  5.661  46.579 1.0000000000
131911  17.125  5.163  46.785 0.8750000000
122223  8.392  -0.260  43.104 0.8750000000
123675  7.892  0.431  42.803 0.8750000000
125099  8.116  1.426  43.234 0.8750000000
127743  8.145  2.448  43.743 0.8750000000
129107  6.986  3.522  44.989 0.8750000000
129059  6.093  3.916  46.363 0.8750000000
129060  5.256  3.441  46.184 0.8750000000
134882  16.368  6.839  43.311 0.7500000000
131936  16.656  5.357  45.615 0.8750000000
130441  16.972  4.568  46.229 0.8750000000
125107  7.624  1.183  42.931 0.8750000000
126414  7.689  1.904  43.363 0.8750000000
127744  7.413  2.567  43.813 0.8750000000
127726  7.146  3.094  44.386 0.8750000000
127712  5.975  3.303  45.273 0.8750000000
127706  5.282  3.279  45.795 0.8750000000
131991  16.475  5.448  42.630 0.7500000000
130487  16.663  4.378  45.146 0.8750000000
129054  16.846  3.969  45.481 0.8750000000
127703  16.976  3.091  45.679 0.8750000000
122143  17.660  -0.198  48.666 1.0000000000
122224  7.512  -0.335  42.662 0.8750000000
125108  6.908  1.114  42.679 0.8750000000
126415  6.954  2.124  43.438 0.8750000000
127745  6.651  2.660  43.976 0.8750000000
127746  5.897  2.657  44.034 0.8750000000
127728  5.407  2.895  44.658 0.8750000000
129144  16.701  4.003  41.985 0.8750000000
130551  16.781  4.696  41.507 0.8750000000
126396  17.063  2.390  45.023 0.8750000000
123686  6.940  0.399  42.362 0.8750000000
126429  6.570  1.692  43.046 0.8750000000
126416  6.267  2.194  43.493 0.8750000000
126417  5.612  2.207  43.480 0.8750000000
127747  5.203  2.588  43.914 0.8750000000
119173  30.084  -1.718  50.878 1.0000000000
120652  28.338  -1.308  49.377 1.0000000000
127781  17.192  3.261  41.166 0.8750000000
129166  17.245  3.780  40.638 0.8750000000
125124  6.465  0.785  42.386 0.8750000000
125109  6.228  1.241  42.686 0.8750000000
126430  5.932  1.754  43.047 0.8750000000
126431  5.322  1.828  42.990 0.8750000000
126418  5.067  2.252  43.363 0.8750000000
120685  27.332  -1.394  47.416 1.0000000000
120691  26.048  -1.065  46.160 1.0000000000
120698  24.939  -1.010  44.976 1.0000000000
120717  24.061  -1.229  43.454 1.0000000000
126453  17.569  2.118  40.994 0.8750000000
127789  17.705  2.821  40.249 0.8750000000
129183  17.663  3.729  39.621 0.8750000000
125088  17.273  1.746  44.384 1.0000000000
125084  17.308  1.637  45.223 1.0000000000
122237  6.835  -0.375  42.310 0.8750000000
123687  6.312  0.233  42.172 0.8750000000
125110  5.609  1.299  42.656 0.8750000000
125111  5.014  1.405  42.554 0.8750000000
126432  4.698  1.997  42.893 0.8750000000
120686  26.906  -1.244  47.006 1.0000000000
120696  26.032  -1.291  45.494 1.0000000000
120704  24.822  -1.176  44.396 1.0000000000
120734  22.406  -1.220  42.411 1.0000000000
120758  20.877  -0.982  41.596 1.0000000000
125145  18.237  1.577  40.108 0.8750000000
125087  17.672  1.107  44.630 1.0000000000
125083  17.702  1.025  45.431 1.0000000000
123655  18.108  0.538  45.667 1.0000000000
119249  26.988  -1.493  46.604 1.0000000000
120695  26.452  -1.406  45.906 1.0000000000
120703  25.352  -1.256  44.671 1.0000000000
120718  23.360  -1.221  43.254 1.0000000000
120757  21.482  -1.137  41.642 1.0000000000
122271  20.134  -0.555  40.265 1.0000000000
123732  19.095  0.683  39.360 1.0000000000
126492  18.371  2.277  39.038 0.8750000000
125128  3.937  1.135  42.015 0.8750000000
125138  3.637  0.700  41.659 0.8750000000
123669  35.985  0.347  42.624 1.0000000000
123678  35.569  0.571  42.374 1.0000000000
123679  35.012  0.364  42.167 1.0000000000
120714  25.743  -1.502  44.434 1.0000000000
120716  24.727  -1.316  43.717 1.0000000000
120732  23.925  -1.349  42.699 1.0000000000
120781  21.884  -1.188  41.055 1.0000000000
123730  20.195  -0.267  39.425 1.0000000000
123757  19.173  1.077  38.767 0.8750000000
127835  18.628  2.713  38.330 0.8750000000
123717  3.149  0.365  40.803 0.8750000000
125103  35.911  1.085  42.620 1.0000000000
120804  22.279  -1.208  40.427 1.0000000000
122315  20.780  -0.562  39.252 0.8750000000
123780  19.885  1.024  38.051 0.8750000000
125169  18.991  1.585  38.469 0.8750000000
122259  3.424  -0.284  40.922 0.8750000000
123667  36.961  0.379  42.571 0.8750000000
126439  33.376  1.815  41.845 0.8750000000
125118  33.533  1.128  41.734 0.8750000000
120824  22.616  -1.170  39.778 0.8750000000
122338  21.447  -0.328  38.369 0.8750000000
123779  20.415  0.600  38.074 0.8750000000
123694  36.886  0.477  41.663 0.8750000000
127768  33.355  2.488  42.105 0.8750000000
125119  32.802  1.198  41.671 0.8750000000
126442  30.928  1.791  41.743 0.8750000000
123778  21.356  0.193  37.922 0.8750000000
122297  3.396  -0.375  39.898 0.8750000000
123695  36.427  0.460  41.128 0.7500000000
127758  31.731  2.620  42.751 0.8750000000
127759  30.917  2.423  42.369 0.8750000000
123777  22.373  0.211  37.757 0.8750000000
120829  4.113  -0.822  39.335 0.8750000000
123711  35.937  0.400  40.660 0.6250000000
129140  29.664  2.945  41.792 0.8750000000
127772  29.560  2.822  41.514 1.0000000000
125193  22.920  1.383  37.420 0.7500000000
129149  28.939  3.028  41.003 1.0000000000
129150  28.416  3.318  40.809 0.6250000000
126503  23.332  2.707  37.716 0.7500000000
120849  4.444  -1.354  39.125 0.8750000000
129142  28.433  3.810  41.844 0.7500000000
129151  27.514  3.886  41.129 0.6250000000
129179  26.061  3.387  39.652 0.5000000000
127805  25.672  3.166  39.244 0.5000000000
127832  23.808  3.090  38.199 0.5000000000
120862  6.541  -1.469  38.486 0.7500000000
120848  5.236  -1.236  39.056 0.7500000000
119373  4.812  -2.021  38.859 0.7500000000
129152  26.517  4.017  40.854 0.5000000000
129163  25.887  3.746  40.224 0.5000000000
129180  25.231  3.453  39.474 0.5000000000
129191  24.516  3.445  39.056 0.5000000000
127822  24.176  3.337  38.693 0.5000000000
119371  6.045  -1.788  38.527 0.7500000000
119372  5.664  -1.978  38.599 0.7500000000
129181  24.439  3.886  39.684 0.5000000000
119387  5.787  -2.522  38.182 0.7500000000
117922  5.643  -2.958  38.086 0.7500000000
117907  5.195  -2.806  38.375 0.7500000000
116400  5.137  -3.280  38.269 0.7500000000
128997  17.271  3.275  54.832 0.8750000000
130368  17.169  4.021  55.285 0.8750000000
127671  17.334  2.577  54.994 0.8750000000
130371  17.123  3.873  54.609 0.8750000000
130372  16.875  4.408  54.430 0.8750000000
131793  16.466  4.925  54.220 0.8750000000
131794  16.012  5.401  54.712 0.8750000000
136201  10.248  7.693  52.138 0.8750000000
136202  9.436  7.700  52.280 0.8750000000
133222  15.493  5.798  54.384 0.8750000000
134694  12.731  7.277  52.592 0.8750000000
136200  11.141  7.709  52.259 0.8750000000
136232  17.189  7.045  49.614 1.0000000000
136219  17.212  7.234  50.411 1.0000000000
134672  14.360  6.481  54.413 0.8750000000
134683  13.555  6.901  53.475 0.8750000000
134684  12.893  7.165  53.355 0.8750000000
136189  12.178  7.439  53.247 0.8750000000
136225  9.289  7.498  51.052 0.8750000000
136261  16.032  7.811  48.184 0.7500000000
123537  18.804  0.781  56.052 0.7500000000
123544  19.261  0.190  55.128 0.8750000000
134682  14.184  6.683  53.681 0.8750000000
134674  13.072  7.058  53.967 0.8750000000
136167  11.885  7.266  54.763 0.8750000000
134717  8.569  7.278  51.004 0.8750000000
134718  7.619  6.699  50.655 0.8750000000
139233  15.207  9.023  46.337 0.6250000000
140690  15.105  10.336  43.642 0.6250000000
133295  17.901  6.113  49.114 1.0000000000
125028  18.485  1.254  52.685 0.8750000000
125032  18.147  1.321  52.094 1.0000000000
133282  6.676  5.752  49.796 0.8750000000
140689  15.316  10.080  43.169 0.6250000000
123569  17.944  0.702  51.686 1.0000000000
131873  6.080  4.859  48.630 0.8750000000
137762  15.881  8.531  43.761 0.6250000000
137749  15.954  8.086  44.394 0.6250000000
123584  17.441  0.563  50.378 1.0000000000
131896  6.208  4.816  48.146 0.8750000000
137777  15.941  8.800  43.048 0.7500000000
137776  16.171  8.123  43.299 0.7500000000
131888  17.351  5.177  47.524 1.0000000000
123598  17.332  0.542  49.807 1.0000000000
129043  5.852  4.033  46.882 0.8750000000
136351  16.286  7.526  42.889 0.6250000000
130426  17.171  4.482  47.008 0.8750000000
123609  17.351  0.320  49.278 1.0000000000
134910  16.430  6.820  41.706 0.6250000000
129040  17.032  3.798  46.353 0.8750000000
123618  17.651  0.010  48.250 1.0000000000
123619  17.434  0.266  48.553 1.0000000000
133406  16.646  6.053  41.278 0.7500000000
123630  17.415  0.633  47.839 1.0000000000
133415  16.951  5.892  40.565 0.7500000000
127729  4.725  2.840  44.430 0.8750000000
132021  17.163  5.137  40.210 0.7500000000
129184  17.461  3.627  40.155 0.8750000000
126393  17.118  2.274  45.857 1.0000000000
125074  17.751  0.669  46.613 1.0000000000
127748  4.510  2.639  43.533 0.8750000000
130583  17.517  4.471  39.454 0.8750000000
130573  17.562  4.209  39.498 0.8750000000
125078  17.706  0.867  46.152 1.0000000000
130582  17.765  4.367  39.010 0.7500000000
127806  17.893  2.916  39.687 0.8750000000
125112  4.492  1.483  42.432 0.8750000000
129203  18.295  3.177  38.514 0.8750000000
126409  36.798  1.916  43.327 1.0000000000
126421  36.234  1.740  42.950 1.0000000000
130603  18.993  4.003  37.437 0.6250000000
129201  19.061  3.315  37.635 0.8750000000
125115  35.387  1.028  42.268 1.0000000000
127847  19.531  2.705  37.445 0.7500000000
126505  18.982  2.180  38.150 0.8750000000
125093  37.177  1.581  43.233 1.0000000000
126437  34.634  1.646  42.079 0.8750000000
127845  20.687  2.991  36.971 0.7500000000
126515  20.384  2.281  37.121 0.7500000000
126495  8.614  1.785  39.388 0.5000000000
122273  3.247  -0.241  40.359 0.8750000000
125101  37.294  1.125  42.742 0.8750000000
127767  33.979  2.230  42.034 0.8750000000
125196  20.682  1.672  37.267 0.7500000000
123759  8.560  0.727  38.952 0.7500000000
123733  7.301  0.652  39.508 0.7500000000
125092  37.704  1.762  43.280 1.0000000000
125113  37.726  1.754  42.418 1.0000000000
125114  37.248  1.344  41.986 0.7500000000
126424  32.515  2.537  42.344 0.8750000000
127760  30.497  2.954  42.741 0.8750000000
126513  21.848  2.289  37.173 0.7500000000
123734  6.841  0.636  39.604 0.7500000000
122296  3.754  -0.257  39.580 0.8750000000
126420  38.000  2.522  42.611 1.0000000000
126435  37.048  2.148  41.578 0.6250000000
125130  36.706  1.397  41.295 0.6250000000
125131  36.163  1.200  40.773 0.6250000000
130521  28.868  3.995  42.706 0.8750000000
127843  22.236  3.051  37.237 0.6250000000
122291  7.254  0.162  39.384 0.7500000000
122295  4.393  -0.207  39.454 0.8750000000
127776  36.806  2.852  41.269 0.5000000000
126456  35.798  1.887  40.459 0.5000000000
125140  35.620  1.122  40.403 0.5000000000
129200  22.932  3.960  37.814 0.5000000000
127833  22.996  3.237  37.699 0.7500000000
122318  7.033  -0.491  39.086 0.7500000000
122319  6.371  -0.680  39.194 0.7500000000
120828  4.673  -0.797  39.302 0.7500000000
129148  36.544  3.545  40.932 0.3750000000
129159  35.657  3.073  40.140 0.3750000000
127785  35.506  2.573  40.096 0.3750000000
130532  28.083  4.095  41.980 0.6250000000
129182  23.927  4.105  39.410 0.5000000000
129192  23.882  3.755  38.886 0.5000000000
120846  6.736  -1.075  38.745 0.7500000000
122320  5.759  -0.758  39.206 0.7500000000
129174  35.705  3.956  39.759 0.3750000000
129158  35.958  3.583  40.290 0.3750000000
129175  35.353  3.483  39.578 0.3750000000
130546  27.011  4.186  41.459 0.5000000000
129153  25.714  4.051  40.811 0.5000000000
129189  34.764  3.454  38.856 0.3750000000
127669  17.580  2.533  55.560 0.8750000000
131790  16.602  4.884  55.102 0.8750000000
126351  18.125  1.836  56.126 0.8750000000
131791  15.962  5.444  55.522 0.8750000000
133213  15.468  5.776  55.114 0.8750000000
136191  10.572  7.699  52.987 0.8750000000
126348  19.163  1.647  56.325 0.7500000000
127664  19.586  2.006  56.184 0.7500000000
133223  15.022  6.061  54.772 0.8750000000
136179  11.632  7.491  53.930 0.8750000000
136190  11.394  7.650  53.105 0.8750000000
136193  9.056  7.657  52.947 0.8750000000
136203  8.785  7.569  52.336 0.8750000000
136249  15.996  7.864  48.767 0.8750000000
137694  16.396  7.738  49.591 0.8750000000
125017  19.631  1.255  55.376 0.7500000000
127670  20.044  2.508  55.081 0.8750000000
133215  14.340  6.322  55.578 0.8750000000
134660  13.694  6.759  54.943 0.8750000000
134661  12.869  7.029  54.711 0.8750000000
136168  11.080  7.476  54.560 0.8750000000
136180  10.841  7.644  53.791 0.8750000000
136205  7.906  7.255  52.322 0.8750000000
125024  19.239  1.232  53.946 0.8750000000
126359  19.588  2.257  54.149 0.8750000000
134646  13.146  6.786  55.505 0.8750000000
134662  12.340  7.115  54.882 0.8750000000
136157  11.729  7.152  55.302 0.8750000000
134708  6.189  6.154  51.516 0.8750000000
134707  6.836  6.521  51.413 0.8750000000
125027  18.868  1.261  53.323 0.8750000000
133283  6.097  5.513  50.076 0.8750000000
143476  15.437  11.725  42.150 0.2500000000
142027  15.112  10.641  43.294 0.6250000000
140681  14.997  10.346  44.172 0.6250000000
130396  4.912  4.574  49.786 0.8750000000
131838  5.737  5.095  49.815 0.8750000000
145017  15.902  12.309  40.770 0.1250000000
142048  15.525  10.954  41.934 0.3750000000
142035  15.255  10.977  42.776 0.5000000000
131867  17.914  5.207  48.709 1.0000000000
129030  4.619  4.076  48.712 0.8750000000
130404  5.644  4.609  48.793 0.8750000000
146471  16.237  13.040  40.095 0.1250000000
146472  16.008  12.994  40.666 0.1250000000
143489  15.643  11.617  41.417 0.3750000000
139268  15.650  9.465  42.740 0.6250000000
131868  17.658  5.245  48.208 1.0000000000
125047  17.358  1.230  50.124 1.0000000000
129037  4.586  3.768  47.880 0.8750000000
129044  5.422  3.920  47.218 0.8750000000
130448  5.770  4.237  47.481 0.8750000000
140720  15.894  10.383  41.095 0.3750000000
140708  15.727  10.307  41.661 0.3750000000
139280  16.106  8.879  41.962 0.5000000000
137790  16.162  8.316  42.483 0.5000000000
130413  17.443  4.461  47.919 1.0000000000
125055  17.207  1.081  49.322 1.0000000000
129038  3.887  3.499  47.694 0.8750000000
129045  4.531  3.492  46.972 0.8750000000
139294  16.147  9.172  41.257 0.6250000000
137803  16.264  8.307  41.638 0.6250000000
129033  17.175  3.709  47.173 1.0000000000
129061  4.324  3.184  45.950 0.8750000000
136385  16.406  7.560  41.262 0.6250000000
127714  4.811  3.004  45.219 0.8750000000
133416  16.749  6.500  40.687 0.6250000000
126390  17.134  2.134  46.678 1.0000000000
123642  17.439  0.824  47.370 1.0000000000
127715  4.332  3.037  44.883 0.8750000000
133424  17.182  5.916  39.724 0.6250000000
134959  17.148  6.712  39.277 0.6250000000
125075  17.392  1.176  46.882 1.0000000000
127730  4.153  3.088  44.310 0.8750000000
133433  17.514  5.948  38.822 0.7500000000
125079  17.347  1.492  46.030 1.0000000000
132030  17.733  5.160  38.741 0.7500000000
126433  4.136  1.924  42.567 0.8750000000
132039  18.124  4.949  38.061 0.6250000000
126446  3.624  1.964  42.143 0.8750000000
132049  18.807  4.949  37.224 0.6250000000
132038  18.440  4.727  37.637 0.6250000000
125129  3.497  1.488  41.835 0.8750000000
127752  35.978  2.202  42.915 1.0000000000
130586  9.871  4.201  39.059 0.5000000000
125139  3.313  1.064  41.418 0.8750000000
125146  3.042  1.103  40.615 0.8750000000
127734  36.453  2.425  43.293 1.0000000000
127735  35.995  2.679  43.116 1.0000000000
126422  35.642  1.707  42.543 1.0000000000
126436  35.149  1.467  42.211 0.8750000000
127846  19.994  2.884  37.150 0.5000000000
127808  8.913  2.857  39.497 0.6250000000
129111  36.691  2.785  43.693 1.0000000000
129112  36.342  2.981  43.600 1.0000000000
129113  35.553  3.213  43.254 0.8750000000
129128  34.729  3.129  42.740 0.8750000000
127754  34.721  2.427  42.288 0.8750000000
130611  20.360  4.444  36.600 0.6250000000
125172  8.245  1.285  39.407 0.6250000000
123739  3.303  0.428  39.990 0.8750000000
129089  37.971  3.104  44.412 1.0000000000
129090  37.034  3.147  44.201 1.0000000000
129091  36.220  3.510  44.138 0.8750000000
129093  34.595  3.940  44.008 0.8750000000
127755  34.035  2.851  42.342 0.8750000000
127769  32.861  2.642  42.329 0.8750000000
129212  21.032  3.789  36.801 0.7500000000
130498  38.815  4.237  44.394 1.0000000000
129064  38.524  3.600  44.757 1.0000000000
127716  38.436  2.984  43.714 1.0000000000
126400  38.085  2.571  43.633 1.0000000000
130501  33.928  4.155  44.731 0.8750000000
129095  33.208  3.886  44.349 0.8750000000
129117  32.580  3.534  43.708 0.8750000000
127737  32.067  3.123  43.253 0.8750000000
127738  31.255  2.879  43.226 0.8750000000
130599  21.988  4.514  36.960 0.5000000000
129211  21.796  3.707  36.979 0.7500000000
125157  6.449  1.253  39.818 0.7500000000
123738  3.974  0.472  39.548 0.8750000000
130509  38.697  4.288  43.682 0.8750000000
129110  38.499  3.735  43.414 1.0000000000
126419  38.209  2.736  43.102 1.0000000000
129052  32.017  3.742  45.701 0.8750000000
129071  31.549  3.635  45.119 0.8750000000
129118  31.849  3.334  43.821 0.8750000000
129098  30.947  3.557  44.440 0.8750000000
129120  30.173  3.547  43.444 0.8750000000
130510  29.652  3.866  43.484 0.8750000000
130511  29.124  4.085  43.278 0.8750000000
129210  22.460  3.822  37.340 0.5000000000
122292  6.610  -0.021  39.493 0.7500000000
123736  5.437  0.517  39.610 0.7500000000
122294  5.160  -0.314  39.414 0.7500000000
130519  38.390  4.348  43.145 0.7500000000
130520  38.061  4.377  42.646 0.7500000000
129126  37.895  3.764  42.524 0.7500000000
127751  37.922  3.220  42.399 0.7500000000
130458  31.785  3.928  46.213 0.8750000000
130459  30.848  4.098  45.902 0.8750000000
129073  30.461  3.980  44.987 0.8750000000
130503  29.752  4.002  43.998 0.8750000000
132028  23.440  4.912  39.653 0.5000000000
130581  23.266  4.892  38.667 0.5000000000
130590  23.178  4.507  38.239 0.5000000000
122293  5.916  -0.136  39.500 0.7500000000
130530  37.691  4.464  41.986 0.7500000000
130531  37.430  4.045  41.803 0.7500000000
129147  36.987  3.550  41.328 0.5000000000
130460  29.861  4.608  46.113 0.8750000000
130485  29.119  4.643  45.225 0.8750000000
130505  28.342  4.703  44.510 0.8750000000
130504  29.123  4.370  44.254 0.8750000000
130512  28.322  4.454  43.515 0.8750000000
130523  27.534  4.482  42.764 0.6250000000
130561  23.901  4.590  40.839 0.5000000000
130572  23.946  4.393  39.965 0.5000000000
130580  23.531  4.487  39.063 0.5000000000
130589  23.483  4.119  38.609 0.5000000000
129199  23.377  3.771  38.240 0.5000000000
130544  36.788  4.006  41.058 0.6250000000
130558  36.549  4.461  40.569 0.3750000000
130570  35.597  4.147  39.468 0.3750000000
131958  28.378  4.832  44.970 0.6250000000
130506  27.804  4.870  44.404 0.8750000000
130535  25.967  4.447  42.119 0.5000000000
130548  25.292  4.258  41.271 0.5000000000
130560  24.584  4.213  40.618 0.5000000000
130579  35.032  4.030  38.747 0.3750000000
130513  27.433  4.828  43.778 0.5000000000
130514  26.372  4.880  43.597 0.5000000000
130524  26.648  4.639  42.861 0.6250000000
130525  25.741  4.683  42.897 0.6250000000
128995  17.464  3.311  55.547 0.8750000000
127668  17.946  2.513  56.057 0.8750000000
128992  17.693  3.538  56.132 0.8750000000
130366  17.400  4.131  56.073 0.8750000000
131784  16.947  4.632  55.724 0.8750000000
127665  19.128  2.310  56.517 0.7500000000
128989  19.714  2.759  56.296 0.7500000000
131785  16.461  5.166  56.004 0.8750000000
136192  9.776  7.726  52.947 0.8750000000
130363  19.731  3.633  56.168 0.7500000000
136181  10.061  7.682  53.694 0.8750000000
136182  9.310  7.651  53.641 0.8750000000
136194  8.442  7.515  52.919 0.8750000000
136233  16.757  7.508  49.891 1.0000000000
133205  15.394  5.849  55.872 0.8750000000
136159  10.554  7.345  55.135 0.8750000000
136170  9.579  7.590  54.347 0.8750000000
137701  15.657  8.326  48.510 0.7500000000
133206  14.789  6.128  56.075 0.8750000000
134630  13.430  6.560  56.104 0.8750000000
134647  12.266  6.988  55.430 0.8750000000
136158  11.262  7.268  55.231 0.8750000000
134696  6.882  6.807  52.281 0.8750000000
139243  15.038  9.889  45.260 0.6250000000
139234  15.005  9.752  45.914 0.5000000000
139216  15.243  8.963  48.074 0.6250000000
127675  19.204  2.773  53.290 0.8750000000
134631  12.747  6.680  56.182 0.8750000000
134632  11.940  6.805  56.281 0.8750000000
134648  11.522  7.022  55.739 0.8750000000
133258  5.797  5.824  51.251 0.8750000000
143461  15.021  11.388  43.270 0.5000000000
140656  14.851  10.412  46.278 0.5000000000
139225  14.953  9.688  46.735 0.6250000000
139217  14.929  9.660  47.595 0.6250000000
133294  18.043  5.882  49.393 1.0000000000
126368  18.240  2.158  51.885 1.0000000000
130390  4.602  4.592  50.278 0.8750000000
144995  15.653  12.408  41.615 0.2500000000
140671  14.890  10.401  44.829 0.5000000000
140664  14.891  10.439  45.522 0.5000000000
131849  18.093  5.191  49.232 1.0000000000
126371  17.895  2.145  51.056 1.0000000000
125037  17.869  1.373  51.446 1.0000000000
131856  3.004  4.623  48.821 0.8750000000
130398  3.629  4.258  49.743 0.8750000000
147793  16.541  13.761  39.563 0.1250000000
146490  16.559  13.078  39.343 0.1250000000
143508  15.828  11.399  40.814 0.3750000000
130412  17.738  4.853  48.390 1.0000000000
130400  17.829  4.471  48.727 1.0000000000
125038  17.576  1.291  50.778 1.0000000000
131875  2.893  4.856  48.037 0.8750000000
129032  3.389  3.675  48.348 0.8750000000
149057  17.460  14.533  38.833 0.1250000000
147809  16.830  13.527  39.041 0.1250000000
145016  16.170  12.212  40.121 0.1250000000
143507  16.030  11.714  40.367 0.2500000000
140729  16.037  10.484  40.659 0.3750000000
140719  16.067  9.908  40.803 0.3750000000
129039  3.181  3.700  47.536 0.8750000000
129046  3.680  3.431  46.815 0.8750000000
147808  17.261  13.845  38.703 0.1250000000
146508  17.096  13.097  38.657 0.1250000000
145038  16.398  12.367  39.542 0.1250000000
142072  16.069  11.022  40.333 0.3750000000
139305  16.333  9.320  40.285 0.5000000000
137815  16.378  8.352  40.781 0.5000000000
129026  17.328  3.611  47.883 1.0000000000
129047  3.091  3.915  46.732 0.8750000000
146530  17.405  12.846  38.187 0.1250000000
143545  17.064  11.610  38.419 0.1250000000
142112  16.644  10.547  39.051 0.2500000000
140740  16.449  10.009  39.633 0.5000000000
127697  17.139  2.900  47.306 1.0000000000
125069  17.228  1.318  47.713 1.0000000000
125063  17.165  1.213  48.460 1.0000000000
130474  3.077  4.348  45.780 0.8750000000
129062  3.451  3.739  45.990 0.8750000000
129086  4.279  3.080  45.302 0.8750000000
139330  16.869  9.367  38.965 0.5000000000
137827  16.933  8.165  39.367 0.6250000000
127700  17.068  2.981  46.512 1.0000000000
129087  3.852  3.486  45.103 0.8750000000
140777  17.391  9.706  37.940 0.2500000000
136415  16.942  7.551  39.541 0.6250000000
139349  17.532  9.073  37.952 0.3750000000
137854  17.531  8.329  38.083 0.5000000000
136438  17.458  7.429  38.350 0.7500000000
136446  18.095  7.509  37.402 0.6250000000
133444  17.677  6.519  38.374 0.6250000000
127763  3.873  2.742  42.824 0.8750000000
127762  4.293  2.316  42.963 0.8750000000
134997  18.168  6.942  37.475 0.6250000000
133443  17.952  5.991  38.113 0.6250000000
133459  18.657  6.022  37.167 0.6250000000
132050  18.298  5.654  37.575 0.6250000000
126447  3.217  1.847  41.658 0.8750000000
132048  19.286  4.783  36.858 0.5000000000
126455  3.032  1.733  41.086 0.8750000000
133476  20.218  6.049  36.383 0.5000000000
132060  19.662  5.122  36.616 0.5000000000
130575  9.312  4.670  39.468 0.5000000000
129186  8.583  3.501  39.821 0.6250000000
125162  3.151  1.238  40.039 0.8750000000
125161  3.612  1.137  39.702 0.8750000000
130612  19.855  4.515  36.653 0.5000000000
127809  8.319  2.805  39.796 0.6250000000
125155  7.774  1.527  39.682 0.6250000000
126477  7.410  1.998  39.874 0.7500000000
131945  38.171  4.862  45.579 1.0000000000
131923  37.156  4.964  46.089 1.0000000000
129048  37.526  3.903  45.623 1.0000000000
129066  36.793  3.651  44.909 0.8750000000
129068  35.598  3.954  44.758 0.8750000000
130480  33.929  4.265  45.341 0.8750000000
130609  21.647  4.930  36.669 0.3750000000
130610  21.183  4.562  36.617 0.6250000000
125156  7.270  1.210  39.683 0.7500000000
126478  6.741  1.901  39.941 0.7500000000
130475  38.590  4.347  45.193 1.0000000000
130476  38.126  4.234  45.610 1.0000000000
130421  32.987  4.413  47.391 0.8750000000
130455  33.900  4.324  45.984 0.8750000000
130481  33.203  4.127  45.455 0.8750000000
132047  22.458  5.207  37.290 0.3750000000
132057  21.940  5.340  36.818 0.5000000000
123737  4.702  0.484  39.548 0.8750000000
131944  38.547  5.261  45.108 1.0000000000
131957  38.837  4.959  44.679 1.0000000000
130409  31.882  4.563  48.044 0.8750000000
130410  31.371  4.621  48.191 0.8750000000
130423  31.425  4.444  47.559 0.8750000000
130438  31.570  4.210  46.843 0.8750000000
132010  23.094  5.594  40.587 0.2500000000
132020  23.196  5.518  39.842 0.3750000000
133442  22.952  6.009  38.574 0.3750000000
132037  23.051  5.269  38.345 0.3750000000
132046  22.842  5.063  37.821 0.5000000000
130598  22.701  4.507  37.521 0.5000000000
123735  6.158  0.578  39.668 0.7500000000
131979  38.316  4.876  42.795 0.7500000000
130411  30.950  4.746  48.288 0.8750000000
130424  30.713  4.650  47.748 0.8750000000
130439  30.765  4.423  46.887 0.8750000000
131926  29.576  4.804  46.303 0.8750000000
132019  23.453  4.973  40.323 0.2500000000
131987  38.120  5.052  42.269 0.6250000000
130542  37.549  4.891  41.527 0.6250000000
130543  37.159  4.453  41.303 0.6250000000
131904  29.032  5.081  46.918 0.7500000000
131947  28.582  4.913  45.455 0.7500000000
130550  23.785  4.755  41.574 0.6250000000
130557  36.911  4.880  40.781 0.5000000000
130569  35.980  4.578  39.624 0.5000000000
130578  35.422  4.531  38.842 0.3750000000
131905  28.194  5.236  47.086 0.6250000000
131929  27.567  5.217  46.377 0.6250000000
131959  27.957  4.943  44.898 0.5000000000
131970  26.843  5.033  44.319 0.5000000000
130536  25.077  4.532  42.189 0.6250000000
130549  24.456  4.470  41.471 0.5000000000
130577  35.895  4.990  39.036 0.1250000000
135021  46.333  6.539  34.687 0.5000000000
133505  45.947  6.028  34.562 0.3750000000
133495  45.142  5.877  35.176 0.2500000000
128988  18.571  3.648  56.800 0.7500000000
130361  18.229  4.108  56.823 0.7500000000
128990  19.003  3.302  56.745 0.7500000000
131777  18.064  5.020  56.894 0.7500000000
130367  20.029  3.899  55.400 0.7500000000
133196  17.688  5.891  57.080 0.7500000000
136171  8.798  7.528  54.342 0.8750000000
136183  8.627  7.587  53.561 0.8750000000
127672  19.831  2.703  54.451 0.8750000000
134613  16.410  6.391  57.676 0.7500000000
133199  15.347  6.060  56.816 0.8750000000
134650  10.062  7.137  55.712 0.8750000000
136160  9.817  7.398  55.026 0.8750000000
134676  6.945  6.911  53.885 0.8750000000
137695  15.910  8.174  49.383 0.7500000000
129000  19.534  3.482  53.465 0.8750000000
134615  14.847  6.460  57.134 0.7500000000
133200  14.569  6.354  56.618 0.8750000000
133250  5.733  5.971  51.869 0.8750000000
134687  6.238  6.545  52.818 0.8750000000
142019  14.823  11.009  44.334 0.6250000000
139208  15.332  8.928  48.940 0.7500000000
127680  18.672  2.938  52.109 1.0000000000
126367  18.598  2.398  52.437 1.0000000000
134617  13.363  6.538  56.801 0.8750000000
134618  12.411  6.651  56.907 0.8750000000
134620  10.791  6.761  57.005 0.8750000000
133259  5.261  5.628  51.567 0.8750000000
133251  5.189  5.778  52.240 0.8750000000
131833  18.309  5.382  49.900 1.0000000000
127681  18.332  2.906  51.458 1.0000000000
131828  3.800  5.102  50.623 0.8750000000
130391  4.099  4.498  50.336 0.8750000000
146454  15.844  13.071  41.140 0.1250000000
144962  15.044  12.020  43.361 0.3750000000
142011  14.759  11.085  45.049 0.3750000000
130399  3.211  4.409  49.475 0.8750000000
146453  21.136  13.629  41.241 0.1250000000
147778  20.998  14.373  40.496 0.1250000000
150290  19.133  15.244  38.943 0.1250000000
143450  14.910  11.611  43.822 0.3750000000
143442  14.831  11.778  44.512 0.3750000000
126376  17.410  2.048  49.889 1.0000000000
126372  17.545  1.839  50.484 1.0000000000
131874  3.179  5.458  47.851 0.8750000000
131855  3.259  5.233  48.630 0.8750000000
144978  21.158  12.702  42.560 0.1250000000
149070  19.277  14.444  38.365 0.1250000000
149071  18.556  14.334  38.308 0.1250000000
130401  17.528  4.052  48.269 1.0000000000
133338  3.484  5.966  47.487 0.8750000000
130432  2.821  4.363  47.369 0.8750000000
143458  21.898  12.142  42.788 0.1250000000
143459  21.371  12.225  42.775 0.1250000000
145015  21.224  12.655  40.722 0.1250000000
147790  20.908  13.936  39.605 0.1250000000
147805  20.335  14.213  38.879 0.1250000000
147815  18.987  13.843  37.976 0.1250000000
147816  18.225  13.660  38.028 0.1250000000
126382  17.155  2.072  48.287 1.0000000000
133352  3.319  6.040  46.776 0.8750000000
130449  2.907  4.583  46.517 0.8750000000
143457  22.647  12.286  42.632 0.1250000000
143475  21.347  11.859  42.120 0.1250000000
144994  21.159  12.709  41.683 0.1250000000
146470  21.151  13.374  40.172 0.1250000000
147814  19.789  14.013  38.217 0.1250000000
143564  17.491  11.588  37.804 0.1250000000
126386  17.135  2.072  47.488 1.0000000000
134834  3.455  6.415  46.189 0.8750000000
133371  3.024  5.395  45.511 0.8750000000
131943  2.984  4.992  45.930 0.8750000000
130497  3.227  4.371  45.300 0.8750000000
130473  3.324  3.999  45.371 0.8750000000
144977  23.274  12.382  42.391 0.1250000000
143473  22.897  11.765  42.067 0.1250000000
143474  22.178  11.682  42.180 0.1250000000
142047  21.419  11.544  41.449 0.1250000000
143506  21.464  11.870  40.373 0.1250000000
146489  21.150  13.237  39.278 0.1250000000
146526  20.249  13.226  37.922 0.1250000000
146547  19.167  12.717  37.327 0.2500000000
145078  18.073  12.245  37.527 0.1250000000
131967  3.186  5.144  44.937 0.8750000000
143470  25.022  12.051  41.740 0.1250000000
143471  24.324  12.028  41.807 0.1250000000
143472  23.603  11.910  41.924 0.1250000000
142046  21.731  11.021  41.558 0.1250000000
143488  21.291  11.988  41.203 0.1250000000
146545  20.156  12.857  37.611 0.1250000000
143583  18.274  11.490  37.225 0.2500000000
143584  17.711  10.854  37.462 0.1250000000
129109  3.779  3.668  44.197 0.8750000000
143487  24.720  11.420  41.608 0.1250000000
142044  23.194  11.102  41.685 0.1250000000
142045  22.484  11.061  41.794 0.1250000000
140707  22.229  10.646  41.475 0.1250000000
143582  19.272  11.500  36.798 0.2500000000
142146  18.125  10.434  37.155 0.2500000000
139370  18.223  9.077  37.058 0.3750000000
142043  24.023  11.139  41.635 0.1250000000
140706  22.662  10.270  41.508 0.1250000000
142145  18.786  10.691  36.780 0.2500000000
140798  18.543  9.740  36.781 0.2500000000
137868  18.230  8.315  37.103 0.5000000000
142057  25.046  10.932  41.382 0.1250000000
142058  24.565  10.855  41.516 0.1250000000
140705  23.508  10.306  41.651 0.1250000000
139369  18.706  8.825  36.693 0.3750000000
136445  18.460  7.669  36.961 0.5000000000
140704  24.280  10.254  41.567 0.1250000000
139278  23.798  9.520  41.761 0.1250000000
139279  23.078  9.521  41.657 0.1250000000
139292  22.546  9.478  41.321 0.1250000000
139293  22.209  9.502  40.966 0.1250000000
136454  19.576  7.578  36.439 0.3750000000
136455  18.930  7.491  36.677 0.5000000000
127774  3.276  2.720  41.783 0.8750000000
139277  24.545  9.436  41.780 0.1250000000
137801  22.771  8.744  41.413 0.1250000000
137802  22.380  9.011  41.061 0.1250000000
137814  22.221  8.962  40.595 0.1250000000
137826  22.246  8.983  39.977 0.1250000000
135007  19.907  6.861  36.380 0.3750000000
135008  19.296  6.920  36.573 0.5000000000
133425  8.979  5.872  39.607 0.6250000000
132023  8.784  5.226  39.828 0.6250000000
127783  3.067  2.379  40.994 0.8750000000
127797  3.295  2.508  40.487 0.8750000000
137788  23.996  8.782  42.115 0.1250000000
137789  23.370  8.815  41.816 0.2500000000
137813  22.386  8.448  40.900 0.2500000000
137838  22.548  8.410  39.487 0.2500000000
135006  20.631  6.842  36.367 0.3750000000
132033  9.772  5.190  39.012 0.6250000000
130576  8.750  4.317  39.851 0.6250000000
126483  3.356  1.690  39.870 0.8750000000
136366  23.518  8.407  42.139 0.2500000000
136367  22.975  7.971  41.981 0.2500000000
137825  22.405  8.360  40.246 0.2500000000
137851  22.676  8.254  38.766 0.3750000000
135005  21.365  6.845  36.519 0.3750000000
133475  20.999  6.067  36.425 0.3750000000
129187  8.026  3.356  40.041 0.7500000000
125160  4.284  1.180  39.655 0.8750000000
131924  36.469  4.691  46.362 1.0000000000
131925  35.724  4.531  46.264 0.8750000000
130452  35.970  4.162  45.581 0.8750000000
136350  23.065  7.359  42.766 0.2500000000
134909  22.698  6.966  42.208 0.2500000000
134926  22.529  7.179  41.309 0.2500000000
134942  22.724  7.006  40.412 0.2500000000
136414  22.678  7.680  39.928 0.2500000000
136443  22.674  7.302  37.754 0.3750000000
134994  22.549  6.717  37.423 0.3750000000
134995  22.029  6.818  36.883 0.3750000000
133474  21.700  6.069  36.647 0.3750000000
126481  4.558  1.916  39.910 0.8750000000
133356  36.567  5.735  46.102 1.0000000000
133324  33.964  5.830  48.022 1.0000000000
131901  34.629  4.815  47.095 0.8750000000
131902  34.047  4.723  47.310 0.8750000000
133404  22.730  6.283  41.709 0.2500000000
134958  22.882  6.916  39.631 0.2500000000
134981  22.786  6.707  38.109 0.3750000000
133458  22.283  5.997  37.093 0.3750000000
125159  4.987  1.221  39.752 0.7500000000
133365  38.002  5.715  45.291 1.0000000000
134765  33.271  6.318  48.730 1.0000000000
133286  32.865  6.242  49.143 0.8750000000
131859  31.982  4.944  48.569 0.8750000000
131998  22.963  5.607  41.334 0.5000000000
133423  22.968  6.241  40.113 0.2500000000
133431  23.028  6.132  39.340 0.3750000000
134969  22.883  6.820  38.855 0.3750000000
133457  22.751  5.851  37.778 0.3750000000
125158  5.707  1.246  39.838 0.7500000000
131968  38.864  5.038  44.013 0.8750000000
133289  30.654  5.751  49.874 0.8750000000
131844  30.116  5.365  49.274 0.8750000000
131862  29.542  5.289  48.516 0.7500000000
131882  28.870  5.244  47.794 0.7500000000
131982  23.556  5.262  43.082 0.5000000000
131989  23.514  5.153  42.390 0.5000000000
131997  23.321  5.112  41.743 0.5000000000
131994  38.437  5.603  41.968 0.5000000000
131996  37.499  5.188  41.209 0.5000000000
133273  29.545  6.278  50.208 0.8750000000
131829  29.833  5.813  49.866 0.8750000000
131863  28.639  5.469  48.653 0.7500000000
131988  23.950  5.034  42.785 0.5000000000
130538  23.695  4.934  41.997 0.5000000000
132009  23.367  5.051  41.062 0.3750000000
133402  38.712  6.071  41.383 0.5000000000
133403  38.266  5.984  40.960 0.3750000000
132007  37.254  5.327  40.706 0.5000000000
132008  36.866  5.157  40.399 0.5000000000
131883  27.955  5.360  47.966 0.6250000000
131906  27.292  5.322  47.232 0.6250000000
131961  26.482  5.103  44.966 0.5000000000
130516  25.075  4.955  43.587 0.3750000000
130526  24.848  4.804  43.053 0.3750000000
130537  24.199  4.809  42.286 0.5000000000
133413  38.259  6.131  40.360 0.2500000000
132016  37.704  5.916  40.202 0.1250000000
132026  36.364  5.486  38.983 0.1250000000
132027  35.942  5.246  38.603 0.1250000000
130587  35.222  4.944  37.759 0.1250000000
131971  26.010  5.047  44.240 0.5000000000
132035  36.412  5.678  38.105 0.1250000000
132036  35.816  5.323  37.962 0.1250000000
132043  36.434  5.727  37.283 0.1250000000
132044  35.769  5.385  37.076 0.1250000000
135018  46.119  6.654  35.100 0.3750000000
133494  45.676  6.343  35.379 0.3750000000
136463  47.018  7.697  35.130 0.5000000000
133497  43.940  5.694  35.509 0.3750000000
132063  43.588  5.634  35.575 0.1250000000
136469  47.080  7.307  34.411 0.5000000000
140833  48.319  10.258  34.337 1.0000000000
145169  49.158  12.378  32.740 0.8750000000
145170  48.927  12.435  33.310 0.8750000000
142198  48.800  11.017  33.534 1.0000000000
146594  49.165  13.180  32.784 0.8750000000
143662  49.107  11.520  32.865 0.7500000000
145180  49.502  12.255  31.933 0.8750000000
145265  51.967  11.901  27.901 0.8750000000
133212  19.310  5.736  55.689 0.7500000000
134642  18.975  6.224  55.905 0.7500000000
134628  18.738  6.343  56.194 0.7500000000
133211  19.621  5.387  55.188 0.7500000000
131782  19.203  5.063  56.283 0.7500000000
134629  18.302  6.494  56.569 0.7500000000
134653  7.485  6.918  55.582 0.8750000000
134654  6.481  6.562  55.519 0.8750000000
133209  5.566  6.201  55.891 0.8750000000
137687  16.331  7.966  50.118 0.8750000000
131792  19.788  4.717  54.249 0.7500000000
134612  17.141  6.538  57.393 0.7500000000
136146  16.577  7.352  57.469 0.7500000000
134637  7.936  6.829  56.373 0.8750000000
134666  6.343  6.594  54.488 0.8750000000
130376  19.547  4.219  53.232 0.8750000000
128998  19.857  3.396  54.158 0.8750000000
134596  15.994  6.845  57.728 0.7500000000
134651  9.214  7.184  55.581 0.8750000000
134652  8.350  7.097  55.634 0.8750000000
134665  7.137  6.942  54.721 0.8750000000
133217  5.668  6.193  55.016 0.8750000000
130379  19.353  4.246  52.672 0.8750000000
129004  19.347  3.780  52.967 0.8750000000
134598  14.556  6.882  57.458 0.7500000000
134616  14.168  6.549  57.035 0.8750000000
134621  10.006  6.809  57.014 0.8750000000
133235  4.966  5.787  53.696 0.8750000000
133226  4.913  5.980  54.565 0.8750000000
133277  18.212  5.954  50.112 1.0000000000
127678  18.888  2.875  52.735 0.8750000000
134600  12.894  6.841  57.493 0.7500000000
134601  12.043  6.917  57.496 0.8750000000
134619  11.585  6.733  56.965 0.8750000000
131820  3.924  5.662  51.567 0.8750000000
131813  4.182  5.501  52.175 0.8750000000
131805  3.961  5.523  53.109 0.8750000000
144979  15.437  12.519  42.360 0.2500000000
143460  15.198  11.878  42.824 0.3750000000
129008  18.380  3.477  51.152 1.0000000000
136134  12.508  7.346  57.847 0.8750000000
133269  3.843  5.949  50.984 0.8750000000
149040  17.190  14.894  39.323 0.1250000000
147780  16.304  13.989  40.169 0.1250000000
142006  14.776  11.115  45.808 0.3750000000
130393  18.216  4.587  49.671 1.0000000000
127687  17.785  2.994  50.107 1.0000000000
126375  17.721  2.411  50.479 1.0000000000
133322  3.591  5.783  48.288 0.8750000000
133303  3.702  5.775  49.191 0.8750000000
147791  20.632  14.610  39.843 0.1250000000
149038  19.731  15.343  39.288 0.1250000000
144961  15.265  12.616  43.118 0.3750000000
143436  14.777  11.824  45.302 0.3750000000
129020  17.804  3.774  49.199 1.0000000000
127688  17.472  2.656  49.507 1.0000000000
146436  21.116  13.496  42.249 0.1250000000
146417  15.461  13.273  42.610 0.2500000000
144943  15.260  12.807  43.450 0.3750000000
144944  15.112  12.563  43.839 0.3750000000
144933  14.944  12.549  44.770 0.3750000000
129021  17.508  3.629  48.516 1.0000000000
127692  17.392  2.914  48.895 1.0000000000
126379  17.213  2.011  49.074 1.0000000000
134817  3.738  6.440  46.947 0.8750000000
134800  3.954  6.398  47.520 0.8750000000
144959  22.305  12.655  43.343 0.1250000000
147754  15.498  14.023  42.862 0.2500000000
146398  15.327  13.254  43.385 0.2500000000
127694  17.237  2.876  48.070 1.0000000000
134851  3.875  6.901  45.734 0.8750000000
134852  3.291  6.487  45.339 0.8750000000
144975  24.723  12.643  42.011 0.1250000000
146434  24.683  13.072  42.441 0.1250000000
144976  23.963  12.806  42.389 0.1250000000
145037  21.381  12.431  39.693 0.1250000000
145056  21.302  12.541  38.753 0.1250000000
146525  20.657  12.968  38.035 0.1250000000
133378  3.130  5.703  44.965 0.8750000000
130496  3.422  4.317  44.804 0.8750000000
142060  21.520  11.400  40.891 0.1250000000
145075  20.957  12.504  37.948 0.2500000000
145096  20.360  12.472  37.470 0.2500000000
134868  3.742  7.010  44.785 0.8750000000
134869  3.293  6.369  44.617 0.8750000000
133385  3.462  5.803  44.187 0.8750000000
131966  3.414  5.058  44.482 0.8750000000
143469  25.682  12.042  41.653 0.1250000000
143544  21.624  11.847  38.983 0.2500000000
143562  21.517  11.794  38.209 0.2500000000
143602  20.479  11.274  36.852 0.2500000000
143604  19.433  10.774  36.561 0.2500000000
130508  3.701  4.397  43.943 0.8750000000
143486  25.343  11.515  41.431 0.1250000000
140727  21.990  10.202  40.198 0.1250000000
140739  22.088  10.239  39.483 0.2500000000
143579  21.187  11.752  37.595 0.2500000000
142144  20.821  11.141  36.956 0.2500000000
142164  19.937  10.369  36.434 0.2500000000
140818  19.754  9.608  36.354 0.3750000000
129124  3.809  3.679  43.358 0.8750000000
140718  22.043  10.211  41.031 0.1250000000
142126  21.823  10.951  38.014 0.2500000000
142142  21.810  10.548  37.443 0.2500000000
142162  21.204  10.537  36.760 0.2500000000
140817  20.484  9.833  36.344 0.2500000000
139390  20.210  9.036  36.307 0.2500000000
129137  3.579  3.656  42.472 0.8750000000
142056  25.671  10.972  41.016 0.1250000000
140715  25.171  10.340  41.193 0.1250000000
139291  24.798  10.018  41.477 0.1250000000
140717  22.320  9.861  41.241 0.1250000000
139304  22.100  9.572  40.417 0.1250000000
139315  22.155  9.603  39.756 0.1250000000
140754  22.130  10.299  38.651 0.2500000000
140775  22.037  10.074  37.763 0.2500000000
140796  21.723  10.082  37.005 0.2500000000
140816  21.260  10.013  36.565 0.2500000000
140714  25.683  10.063  40.697 0.1250000000
139290  25.169  9.538  41.340 0.1250000000
139276  25.028  9.036  41.840 0.1250000000
139328  22.275  9.553  39.076 0.2500000000
139347  22.342  9.205  38.250 0.2500000000
139368  22.027  9.278  37.371 0.2500000000
139388  21.602  9.329  36.722 0.2500000000
139389  20.941  9.173  36.391 0.2500000000
133435  9.391  6.059  39.179 0.6250000000
133426  8.504  6.033  39.957 0.6250000000
127782  3.362  3.016  40.934 0.8750000000
137800  25.353  8.859  41.554 0.1250000000
137839  22.324  9.076  39.432 0.3750000000
137866  22.307  8.468  37.637 0.3750000000
137880  21.859  8.463  37.055 0.3750000000
137881  21.296  8.437  36.589 0.3750000000
136453  20.271  7.597  36.363 0.3750000000
130563  8.278  4.816  40.208 0.6250000000
127796  3.821  2.804  40.365 0.8750000000
126464  4.062  2.300  40.000 0.8750000000
139289  25.627  9.028  40.920 0.1250000000
137775  24.339  8.470  42.508 0.1250000000
136349  23.732  8.031  42.677 0.1250000000
139346  22.559  8.676  38.521 0.2500000000
136451  21.685  7.643  36.723 0.3750000000
130564  7.656  4.560  40.487 0.6250000000
129169  6.732  3.622  40.457 0.8750000000
129170  6.088  3.491  40.456 0.8750000000
127814  4.902  2.297  40.090 0.8750000000
134895  22.785  6.716  42.931 0.2500000000
136436  22.566  7.866  37.818 0.3750000000
136444  22.295  7.620  37.274 0.3750000000
127812  6.403  2.435  40.110 0.7500000000
134801  35.713  6.372  46.195 1.0000000000
133323  34.501  6.009  47.518 1.0000000000
136332  22.992  7.022  43.240 0.2500000000
133395  22.772  6.176  42.473 0.3750000000
126479  5.987  1.971  40.058 0.8750000000
126480  5.253  1.942  40.040 0.8750000000
134836  37.040  6.831  45.005 1.0000000000
134818  36.290  6.460  45.768 1.0000000000
134784  34.276  6.759  47.684 1.0000000000
134744  32.562  7.005  49.559 0.8750000000
133287  32.228  6.039  49.539 0.8750000000
134866  22.848  6.278  44.143 0.3750000000
133389  22.781  6.041  43.191 0.3750000000
134854  38.581  6.959  44.258 0.8750000000
134853  38.935  6.519  44.109 0.8750000000
133373  38.764  5.922  44.495 1.0000000000
136243  33.147  7.737  48.876 0.8750000000
136229  31.916  7.436  49.826 0.8750000000
133271  31.153  6.317  50.239 0.8750000000
131974  23.595  5.374  43.861 0.3750000000
131975  23.121  5.551  43.363 0.3750000000
131983  23.046  5.562  42.763 0.3750000000
133386  39.839  6.818  42.716 0.7500000000
133387  39.528  6.576  43.051 0.7500000000
133388  39.012  5.877  42.801 0.7500000000
134766  30.477  7.227  49.205 0.8750000000
134726  29.405  6.680  49.828 0.7500000000
133290  28.515  5.938  49.802 0.6250000000
131864  27.741  5.602  48.799 0.7500000000
131963  24.789  5.246  44.880 0.3750000000
131973  24.387  5.176  44.107 0.3750000000
134919  39.707  6.632  41.086 0.6250000000
133394  38.934  5.969  42.090 0.5000000000
134749  28.051  6.752  48.991 0.5000000000
133292  27.483  6.503  49.435 0.5000000000
131884  27.031  5.543  48.110 0.6250000000
131907  26.360  5.447  47.320 0.5000000000
131930  26.684  5.281  46.468 0.5000000000
131962  25.642  5.182  44.925 0.3750000000
131972  25.168  5.082  44.127 0.3750000000
131980  24.734  5.008  43.636 0.3750000000
131981  24.188  5.058  43.339 0.3750000000
133420  39.350  6.678  40.255 0.5000000000
133412  38.771  6.346  40.626 0.2500000000
132024  37.678  6.064  39.573 0.1250000000
132025  37.188  5.962  39.147 0.1250000000
133421  38.807  6.522  39.926 0.1250000000
133430  37.580  6.377  38.390 0.1250000000
132034  37.029  5.989  38.291 0.1250000000
133441  37.569  6.424  37.668 0.1250000000
132042  37.022  6.043  37.480 0.1250000000
136458  46.616  7.836  35.907 0.7500000000
135000  45.788  7.058  36.325 0.3750000000
133482  44.533  6.025  35.960 0.3750000000
139395  47.495  9.102  35.249 0.8750000000
142185  47.935  10.593  34.880 1.0000000000
140822  47.552  10.042  35.341 0.8750000000
137900  47.452  8.432  34.951 0.5000000000
132077  43.050  5.352  35.131 0.1250000000
143630  48.293  11.622  34.427 1.0000000000
140834  47.929  9.730  34.772 1.0000000000
146595  48.852  13.023  33.363 0.8750000000
145160  48.705  12.384  33.747 0.8750000000
143648  48.604  11.556  33.901 1.0000000000
147853  48.955  13.848  33.027 0.8750000000
149113  48.044  15.004  32.832 0.8750000000
146607  49.476  13.035  32.107 0.8750000000
147866  49.412  13.874  32.154 0.8750000000
149130  48.127  14.975  32.062 0.8750000000
149147  47.560  14.868  31.712 0.8750000000
146622  49.618  13.456  31.800 0.8750000000
149128  49.437  14.628  31.222 0.8750000000
149145  48.772  14.757  30.890 0.7500000000
147898  50.166  13.578  30.761 0.8750000000
149155  48.942  14.645  30.426 0.7500000000
147901  48.210  14.548  30.614 0.6250000000
145248  51.354  11.995  28.721 0.8750000000
147927  49.508  14.109  29.202 0.6250000000
147929  48.012  13.670  29.422 0.6250000000
143738  52.138  11.820  27.286 0.8750000000
145246  51.897  12.440  28.158 0.8750000000
147932  51.625  13.314  28.282 0.8750000000
147926  50.434  14.125  29.276 0.6250000000
147935  49.309  13.780  28.358 0.6250000000
146668  47.919  13.388  28.965 0.6250000000
146669  46.832  13.031  28.902 0.5000000000
143761  52.118  11.579  26.729 0.8750000000
136164  18.164  7.499  54.842 0.7500000000
134670  18.646  6.980  54.299 0.7500000000
134657  19.088  6.359  55.360 0.7500000000
134643  18.703  6.665  55.867 0.7500000000
134669  19.101  6.451  54.602 0.7500000000
133221  19.442  5.902  54.928 0.7500000000
134611  17.698  6.686  57.048 0.7500000000
134639  6.131  6.394  56.521 0.8750000000
133230  19.468  5.899  54.151 0.7500000000
134638  7.051  6.644  56.403 0.8750000000
134712  17.674  6.899  50.796 1.0000000000
133238  19.595  5.182  53.378 0.8750000000
136147  15.779  7.817  57.442 0.7500000000
134604  9.644  6.949  57.595 0.8750000000
134623  8.411  6.752  57.072 0.8750000000
134624  7.575  6.704  57.147 0.8750000000
134711  18.138  6.572  51.058 1.0000000000
131800  19.488  4.923  52.888 0.8750000000
137627  13.789  7.961  57.653 0.7500000000
136133  13.350  7.341  57.840 0.7500000000
136136  10.880  7.371  57.899 0.8750000000
136137  10.084  7.396  57.913 0.8750000000
131799  4.423  5.534  53.555 0.8750000000
139209  14.938  9.647  48.493 0.3750000000
129005  19.039  3.605  52.481 1.0000000000
136135  11.685  7.366  57.850 0.8750000000
134603  10.427  6.871  57.622 0.8750000000
131814  3.763  5.861  52.345 0.8750000000
131806  3.577  5.939  52.863 0.8750000000
140650  14.781  10.391  47.099 0.5000000000
129012  18.264  3.733  50.584 1.0000000000
134602  11.230  6.916  57.549 0.8750000000
133285  3.718  5.720  50.147 0.8750000000
150283  17.607  15.512  39.438 0.1250000000
149041  16.652  14.604  39.761 0.1250000000
146437  15.644  13.206  41.850 0.1250000000
130392  18.499  4.750  50.231 1.0000000000
129015  18.048  3.774  49.878 1.0000000000
127684  18.049  2.962  50.816 1.0000000000
133321  4.050  6.166  48.582 0.8750000000
133302  4.168  6.283  49.212 0.8750000000
147771  21.079  14.509  41.332 0.1250000000
149030  20.824  14.889  40.541 0.1250000000
149037  20.146  15.105  39.434 0.1250000000
150282  18.337  15.720  39.369 0.1250000000
150284  16.961  15.373  39.829 0.1250000000
127691  17.686  3.239  49.525 1.0000000000
134816  4.324  6.796  47.185 0.8750000000
144960  21.399  12.592  43.349 0.1250000000
147773  15.856  13.944  41.281 0.1250000000
147764  15.645  14.006  42.103 0.2500000000
146399  15.237  13.161  43.840 0.2500000000
146385  15.136  13.291  44.304 0.3750000000
149013  15.457  14.763  43.149 0.2500000000
147746  15.364  14.047  43.527 0.2500000000
147737  15.050  13.955  44.668 0.2500000000
136289  5.028  7.533  45.990 0.8750000000
136290  4.468  7.142  46.202 0.8750000000
144957  23.759  13.028  42.859 0.1250000000
149026  15.849  14.769  41.645 0.1250000000
149019  15.658  14.791  42.397 0.2500000000
136305  4.408  7.336  45.405 0.8750000000
151517  15.915  16.087  41.829 0.1250000000
150269  15.848  15.617  41.910 0.1250000000
150261  15.536  15.551  42.694 0.2500000000
136304  5.066  7.642  45.147 0.8750000000
142071  21.653  11.239  40.177 0.1250000000
143527  21.691  11.509  39.583 0.1250000000
136322  4.487  7.426  44.560 0.8750000000
134884  3.574  6.535  43.992 0.8750000000
143526  21.803  11.262  39.322 0.2500000000
143561  21.794  11.400  38.596 0.2500000000
134883  4.077  7.078  43.913 0.8750000000
131977  3.704  5.161  43.665 0.8750000000
142059  21.775  10.805  40.623 0.1250000000
142070  21.860  10.762  39.916 0.1250000000
142090  21.910  10.948  39.311 0.2500000000
142110  21.931  10.995  38.727 0.2500000000
136339  4.696  7.401  43.798 0.8750000000
130518  3.767  4.453  43.071 0.8750000000
130529  3.682  4.539  42.203 0.8750000000
129146  3.569  3.774  41.521 0.8750000000
136417  8.808  7.398  39.673 0.6250000000
139303  26.034  9.381  40.074 0.1250000000
134961  8.449  6.572  39.915 0.6250000000
132012  8.310  5.458  40.170 0.6250000000
133418  7.560  5.943  40.541 0.7500000000
129157  3.845  3.518  40.766 0.8750000000
137787  24.681  8.812  42.210 0.1250000000
132013  7.844  5.319  40.446 0.6250000000
130566  6.330  4.167  40.644 0.8750000000
129173  4.279  3.210  40.480 0.8750000000
137812  26.175  8.131  40.542 0.1250000000
137799  25.711  8.326  41.549 0.1250000000
136348  24.466  8.223  42.993 0.1250000000
136383  26.149  7.736  41.477 0.1250000000
136364  25.744  7.897  42.197 0.1250000000
136346  25.599  7.833  42.914 0.1250000000
136329  24.744  7.932  43.556 0.1250000000
136330  24.096  7.768  43.521 0.1250000000
127793  5.870  2.742  40.272 0.8750000000
127794  5.181  2.651  40.257 0.8750000000
136328  25.347  7.760  43.589 0.2500000000
136314  24.441  7.625  44.141 0.2500000000
136316  23.417  7.009  44.268 0.3750000000
134856  37.148  7.419  44.630 1.0000000000
134838  35.887  7.366  45.362 1.0000000000
136264  34.687  7.409  47.052 1.0000000000
136297  24.797  7.541  44.700 0.3750000000
134848  23.957  6.967  45.299 0.3750000000
134865  23.094  6.573  44.447 0.3750000000
133383  22.938  5.860  43.888 0.3750000000
134871  38.768  7.586  43.842 0.8750000000
134855  37.733  7.110  44.535 1.0000000000
136283  35.338  7.581  46.030 1.0000000000
136256  33.727  7.944  48.484 0.8750000000
136245  31.509  7.612  49.345 0.8750000000
134847  24.526  7.241  45.420 0.3750000000
133368  23.561  6.187  45.588 0.3750000000
131964  23.884  5.417  44.801 0.3750000000
134870  39.274  7.121  43.743 0.7500000000
137708  32.661  8.300  47.718 0.8750000000
136259  31.036  7.481  48.901 0.8750000000
134785  30.556  7.206  48.459 0.7500000000
134768  29.306  6.899  48.617 0.5000000000
131933  24.155  5.878  46.251 0.3750000000
131952  24.431  5.451  45.625 0.3750000000
134886  40.138  7.126  42.669 0.7500000000
134804  30.770  7.127  47.446 0.6250000000
134786  29.942  6.944  48.104 0.6250000000
134769  28.603  6.841  48.475 0.5000000000
134750  27.524  6.729  48.948 0.5000000000
133308  26.659  6.509  49.014 0.5000000000
131885  26.093  5.938  48.153 0.3750000000
131932  24.914  5.541  46.420 0.3750000000
134901  40.307  6.907  42.035 0.7500000000
134918  40.195  6.830  41.269 0.7500000000
133427  39.454  6.783  39.523 0.3750000000
134968  40.117  6.977  39.213 0.2500000000
133438  39.637  6.817  38.722 0.2500000000
133428  38.853  6.654  39.161 0.1250000000
133429  38.079  6.466  38.887 0.1250000000
133453  40.076  6.776  37.715 0.1250000000
133439  38.978  6.703  38.288 0.1250000000
133440  38.230  6.616  37.941 0.1250000000
133470  39.722  6.520  36.709 0.1250000000
133454  39.025  6.616  37.375 0.1250000000
133455  38.256  6.495  37.118 0.1250000000
137871  46.426  8.600  36.563 0.8750000000
136459  46.162  7.315  36.030 0.6250000000
133481  45.303  6.385  35.957 0.5000000000
133483  43.689  5.845  35.887 0.2500000000
132064  43.241  5.599  35.623 0.1250000000
133468  41.423  6.361  36.699 0.1250000000
133469  40.605  6.534  36.701 0.1250000000
142168  47.191  10.378  35.893 0.8750000000
139396  47.166  9.041  35.643 0.7500000000
133485  41.986  6.094  36.085 0.1250000000
133498  40.674  5.981  35.462 0.1250000000
142167  47.569  10.906  35.460 1.0000000000
132078  42.267  5.423  35.085 0.1250000000
145144  48.007  12.244  34.907 1.0000000000
147843  48.174  13.949  34.287 0.8750000000
147842  48.470  13.877  33.801 0.8750000000
146667  48.484  13.536  28.739 0.6250000000
145264  52.130  12.192  27.657 0.8750000000
146688  52.030  12.852  27.959 0.8750000000
147941  51.751  13.417  27.789 0.8750000000
147943  50.063  13.821  27.571 0.6250000000
146682  48.689  13.412  28.168 0.5000000000
146683  47.728  12.923  28.005 0.5000000000
145280  52.375  12.167  26.898 0.8750000000
147940  52.153  13.093  27.542 0.8750000000
147942  51.008  13.892  27.692 0.5000000000
146690  49.960  13.716  27.140 0.5000000000
146681  49.230  13.597  27.933 0.5000000000
143788  52.234  11.510  25.817 0.8750000000
145249  47.161  12.523  27.422 0.5000000000
136165  17.876  7.833  54.437 0.7500000000
137657  17.783  7.978  55.321 0.7500000000
136156  17.562  7.981  55.988 0.7500000000
136208  17.200  7.531  51.452 1.0000000000
134679  19.067  6.442  53.775 0.7500000000
137639  16.253  8.142  57.024 0.7500000000
133218  4.814  6.196  55.464 0.8750000000
136220  16.743  7.713  50.657 1.0000000000
133229  19.653  5.285  53.851 0.7500000000
136148  15.220  8.064  57.433 0.7500000000
134605  8.871  6.968  57.634 0.8750000000
134606  8.090  6.959  57.733 0.8750000000
134667  4.267  6.892  55.165 0.8750000000
131801  19.390  5.430  52.632 1.0000000000
137642  14.237  8.538  57.379 0.7500000000
137631  10.526  7.966  57.672 0.7500000000
136139  8.579  7.536  57.914 0.8750000000
136140  7.792  7.604  58.043 0.8750000000
133237  3.709  6.509  54.263 0.8750000000
133236  4.081  5.733  54.026 0.8750000000
130383  18.889  4.470  51.490 1.0000000000
131807  19.328  4.650  52.425 1.0000000000
137643  13.438  8.534  57.373 0.7500000000
137645  11.794  8.520  57.296 0.7500000000
137630  11.328  7.950  57.656 0.7500000000
137632  9.750  8.013  57.738 0.7500000000
133260  3.709  6.284  51.756 0.8750000000
133252  3.444  6.403  52.524 0.8750000000
131821  18.594  5.284  50.516 1.0000000000
129011  18.614  3.982  51.126 1.0000000000
129007  18.751  3.673  51.697 1.0000000000
139146  13.116  9.140  57.075 0.7500000000
137646  10.976  8.490  57.228 0.7500000000
133284  4.103  6.271  49.868 0.8750000000
134721  3.929  6.688  51.157 0.8750000000
134710  3.709  7.237  51.918 0.8750000000
130387  18.351  4.287  50.221 1.0000000000
139147  12.281  9.128  56.991 0.6250000000
139148  11.460  9.076  56.849 0.6250000000
134782  4.479  6.611  48.821 0.8750000000
134763  4.510  6.707  49.571 0.8750000000
134740  4.489  7.033  50.459 0.8750000000
149032  16.332  14.696  40.372 0.1250000000
143433  14.769  11.845  46.102 0.3750000000
134799  4.345  6.576  48.017 0.8750000000
134781  4.903  7.034  49.160 0.8750000000
144928  14.889  12.558  45.589 0.3750000000
136280  4.961  7.309  46.960 0.8750000000
134815  4.763  6.999  47.691 0.8750000000
134798  4.862  6.987  48.396 0.8750000000
149007  15.256  14.692  43.845 0.2500000000
136279  5.656  7.797  46.555 0.8750000000
150254  15.188  15.451  43.520 0.2500000000
136288  5.659  7.884  45.701 0.8750000000
146433  25.049  12.905  42.260 0.1250000000
136303  5.734  7.863  44.898 0.8750000000
144974  25.412  12.583  42.079 0.1250000000
136321  5.177  7.628  44.359 0.8750000000
143485  25.954  11.657  41.215 0.1250000000
133391  3.710  5.930  43.416 0.8750000000
131985  3.782  5.276  42.795 0.8750000000
142069  26.136  10.877  40.367 0.1250000000
130541  3.804  4.587  41.548 0.8750000000
140726  26.115  10.273  40.058 0.1250000000
136402  8.644  7.612  40.189 0.7500000000
136404  7.698  7.074  40.695 0.7500000000
130556  4.026  4.194  41.081 0.8750000000
134945  7.995  6.564  40.242 0.7500000000
134946  7.366  6.546  40.621 0.7500000000
132014  7.120  5.245  40.807 0.8750000000
132015  6.564  4.748  40.854 0.8750000000
130554  5.303  4.596  41.049 0.8750000000
130568  5.053  3.905  40.750 0.8750000000
130567  5.693  4.044  40.697 0.8750000000
129171  5.443  3.357  40.458 0.8750000000
129172  4.816  3.250  40.491 0.8750000000
136363  26.366  7.421  42.197 0.2500000000
136327  25.830  7.616  43.416 0.2500000000
134878  26.264  7.316  43.723 0.2500000000
134879  25.760  7.535  43.932 0.2500000000
136306  38.211  7.896  43.985 1.0000000000
136293  35.803  7.718  45.289 1.0000000000
137714  34.996  8.146  46.613 0.8750000000
134862  26.581  7.083  44.552 0.2500000000
134846  25.325  7.334  45.258 0.3750000000
136324  38.628  7.960  43.660 0.8750000000
139214  34.326  8.917  47.680 0.7500000000
137707  33.077  8.589  47.267 0.7500000000
134843  27.651  6.858  45.391 0.3750000000
134845  26.119  7.107  45.342 0.3750000000
134829  24.874  7.073  46.127 0.3750000000
133358  24.040  6.284  46.433 0.3750000000
136323  39.064  7.963  43.448 0.8750000000
136267  31.658  7.660  47.863 0.7500000000
136274  32.086  7.739  46.568 0.5000000000
134822  30.388  6.932  46.514 0.5000000000
134824  28.745  6.735  46.263 0.3750000000
134826  27.163  6.914  46.198 0.3750000000
133327  25.079  6.542  47.567 0.3750000000
131909  24.664  6.030  46.994 0.3750000000
136341  40.062  7.799  42.960 0.8750000000
136276  31.265  7.414  47.640 0.6250000000
134803  31.099  7.222  47.074 0.5000000000
134805  29.824  6.828  47.242 0.5000000000
134788  28.421  6.837  47.809 0.3750000000
134790  26.932  6.857  47.785 0.3750000000
133309  26.182  6.586  48.454 0.3750000000
131886  25.222  6.124  47.662 0.3750000000
131887  24.818  6.282  47.429 0.3750000000
134885  40.622  7.344  42.173 0.7500000000
134900  40.764  7.237  41.632 0.7500000000
136377  41.274  7.547  41.449 0.7500000000
134917  41.040  7.224  40.920 0.6250000000
134967  40.758  7.035  38.990 0.2500000000
134980  40.344  6.873  38.515 0.2500000000
140779  46.573  10.255  36.916 1.0000000000
140803  46.534  9.637  36.851 1.0000000000
133437  41.983  6.641  37.705 0.3750000000
134991  41.262  6.693  37.653 0.2500000000
134992  40.886  6.809  37.862 0.1250000000
139373  46.594  9.241  36.577 1.0000000000
139352  46.257  9.139  36.997 1.0000000000
136450  45.641  7.181  36.804 0.7500000000
133448  44.331  6.461  36.884 0.5000000000
133452  40.989  6.691  37.314 0.1250000000
140802  46.844  9.829  36.371 1.0000000000
133484  42.772  5.994  36.123 0.1250000000
142149  47.282  11.182  36.049 0.8750000000
143611  47.560  11.676  35.668 1.0000000000
146569  47.682  13.073  35.482 0.8750000000
145295  52.835  12.371  25.919 0.8750000000
147958  52.404  13.423  26.331 0.8750000000
147950  50.867  13.837  26.774 0.5000000000
146700  50.126  13.666  26.595 0.5000000000
146692  48.620  13.115  27.256 0.5000000000
146702  48.586  12.942  26.343 0.5000000000
146693  47.908  12.750  27.029 0.5000000000
136177  17.647  7.885  53.869 0.7500000000
137666  17.077  8.549  53.776 0.7500000000
137662  17.841  7.927  54.817 0.7500000000
133210  5.022  6.251  56.047 0.8750000000
139170  17.000  8.779  55.268 0.7500000000
139166  16.663  8.871  55.895 0.7500000000
134610  5.421  7.472  57.575 0.8750000000
134640  5.086  6.641  56.619 0.8750000000
136187  17.962  7.371  53.232 0.7500000000
139167  16.130  9.398  55.819 0.7500000000
139142  15.672  8.765  56.828 0.7500000000
134608  6.365  6.954  57.976 0.8750000000
136154  4.867  7.356  56.304 0.8750000000
134656  4.444  6.881  55.633 0.8750000000
134690  18.397  6.899  52.652 1.0000000000
134689  18.944  6.426  52.955 0.8750000000
139156  15.213  9.310  56.628 0.6250000000
139144  14.706  9.001  57.024 0.7500000000
137634  8.336  8.363  57.746 0.8750000000
137635  7.461  8.364  57.993 0.8750000000
134668  4.079  7.059  54.828 0.8750000000
136186  3.828  7.864  54.143 0.8750000000
137682  16.330  8.224  50.849 0.8750000000
134701  17.811  6.964  51.356 1.0000000000
134699  18.744  6.400  52.258 1.0000000000
131808  19.210  5.109  52.064 1.0000000000
139157  14.484  9.555  56.708 0.6250000000
139145  13.939  9.107  57.097 0.7500000000
137648  9.360  8.547  57.411 0.7500000000
134688  3.457  7.129  53.810 0.8750000000
136196  3.465  7.927  53.369 0.8750000000
139202  15.467  9.015  49.771 0.6250000000
133262  18.453  5.993  50.775 1.0000000000
133253  18.800  5.939  51.573 1.0000000000
139158  13.669  9.714  56.790 0.7500000000
139150  9.698  9.167  56.863 0.7500000000
134709  3.950  7.460  51.590 0.8750000000
136218  3.793  8.041  52.036 0.8750000000
137673  3.471  8.735  52.964 0.7500000000
141994  14.793  11.176  48.282 0.5000000000
141997  14.769  11.134  47.439 0.6250000000
130386  18.634  4.530  50.753 1.0000000000
139159  12.811  9.727  56.727 0.6250000000
139160  11.970  9.698  56.600 0.6250000000
134720  4.102  7.328  51.285 0.8750000000
137681  3.941  8.493  51.769 0.8750000000
143430  14.788  11.862  46.924 0.3750000000
140600  11.670  10.340  56.347 0.6250000000
136254  5.255  7.475  49.524 0.8750000000
134739  4.799  7.263  50.193 0.8750000000
144922  14.857  12.585  46.403 0.3750000000
136272  5.266  7.382  47.942 0.8750000000
136263  5.337  7.411  48.777 0.8750000000
147727  14.889  13.988  45.370 0.2500000000
137720  6.319  8.079  47.034 0.8750000000
136271  5.771  7.724  47.449 0.8750000000
149000  14.922  14.722  44.839 0.2500000000
151481  14.194  15.964  44.687 0.2500000000
137729  6.261  8.146  46.219 0.8750000000
150247  15.135  15.168  43.995 0.1250000000
150248  14.791  15.542  44.287 0.1250000000
137740  6.308  8.127  45.419 0.8750000000
151498  15.145  16.305  42.982 0.1250000000
152756  14.833  17.091  43.028 0.1250000000
136320  5.839  7.759  44.141 0.8750000000
144993  26.238  12.056  41.476 0.1250000000
154104  15.114  17.675  42.741 0.1250000000
143505  26.287  11.455  40.704 0.1250000000
143484  26.529  11.912  41.018 0.1250000000
134915  4.167  6.640  42.882 0.8750000000
133399  3.969  6.152  42.603 0.8750000000
131993  3.982  5.416  41.798 0.8750000000
132005  4.217  4.821  41.315 0.8750000000
136387  8.094  7.484  41.015 0.7500000000
134947  7.014  6.561  40.876 0.7500000000
133419  6.977  6.082  40.839 0.8750000000
134929  6.591  6.649  41.216 0.8750000000
132002  6.378  5.367  41.034 0.8750000000
132004  4.788  5.277  41.405 0.8750000000
134894  26.666  7.183  42.958 0.2500000000
137743  37.126  8.555  44.417 1.0000000000
137721  35.573  8.412  45.811 1.0000000000
139221  34.994  8.982  46.835 0.8750000000
134877  26.968  6.964  43.755 0.2500000000
137756  38.466  8.426  43.382 1.0000000000
137741  38.104  8.385  43.656 1.0000000000
139222  33.868  9.150  47.088 0.7500000000
137715  33.011  8.481  46.479 0.7500000000
134859  28.916  6.724  44.591 0.3750000000
134861  27.322  6.889  44.569 0.3750000000
137755  39.059  8.574  43.141 0.8750000000
137724  32.575  8.067  46.116 0.7500000000
136296  31.544  7.293  45.247 0.5000000000
134840  30.135  6.813  45.571 0.3750000000
134841  29.276  6.757  45.463 0.3750000000
134842  28.447  6.771  45.414 0.3750000000
137769  40.292  8.507  42.722 0.7500000000
134823  29.569  6.783  46.356 0.3750000000
134916  41.549  7.377  40.483 0.7500000000
134951  41.216  7.222  39.446 0.6250000000
134964  42.731  6.913  38.573 0.7500000000
134950  41.856  7.209  39.280 0.6250000000
134966  41.381  7.019  38.790 0.3750000000
134976  42.948  6.803  37.986 0.5000000000
134965  42.042  6.933  38.650 0.5000000000
134978  41.541  6.754  38.056 0.3750000000
136441  45.863  7.989  37.184 1.0000000000
134987  44.640  6.650  37.108 0.6250000000
134975  43.605  6.854  37.834 0.6250000000
133449  42.822  6.676  37.145 0.2500000000
143589  47.335  11.731  36.110 1.0000000000
145106  47.400  12.372  36.065 1.0000000000
146556  47.365  13.268  36.075 1.0000000000
145316  53.313  12.359  24.479 0.8750000000
146728  53.199  12.869  25.438 0.7500000000
146717  49.964  13.437  25.840 0.5000000000
146701  49.336  13.308  26.534 0.5000000000
143822  52.765  11.980  23.893 0.8750000000
146714  52.973  12.539  25.792 0.8750000000
147959  51.857  13.801  26.132 0.8750000000
146699  50.693  13.782  26.275 0.5000000000
143810  52.767  11.836  24.744 0.8750000000
146703  47.961  12.624  26.393 0.5000000000
143835  52.241  11.786  23.415 0.8750000000
143847  52.293  11.793  22.626 0.8750000000
137663  17.473  8.331  54.708 0.7500000000
139175  16.944  8.835  54.616 0.7500000000
139176  16.514  9.179  54.236 0.7500000000
139171  16.555  9.238  55.132 0.7500000000
136153  5.172  7.647  56.751 0.8750000000
140606  15.628  9.830  55.702 0.6250000000
137636  6.602  8.467  58.166 0.8750000000
137655  5.693  9.018  56.267 0.7500000000
136173  4.950  8.049  55.474 0.7500000000
139174  5.583  9.362  55.020 0.7500000000
136209  16.649  7.938  51.188 0.8750000000
136197  17.738  7.337  52.314 1.0000000000
140597  14.294  10.214  56.317 0.6250000000
139139  7.930  8.972  57.622 0.7500000000
139140  7.154  9.131  57.959 0.8750000000
137637  5.779  8.520  57.732 0.8750000000
137665  4.540  8.164  54.662 0.8750000000
137669  4.422  8.546  54.242 0.7500000000
137688  15.878  8.545  50.304 0.8750000000
134700  18.250  6.713  51.766 1.0000000000
140598  13.394  10.329  56.510 0.6250000000
140590  9.140  9.671  56.758 0.7500000000
139152  8.067  9.560  57.336 0.7500000000
139185  3.956  9.477  53.292 0.7500000000
139203  15.091  9.643  49.368 0.6250000000
133254  18.449  6.332  51.278 1.0000000000
140599  12.524  10.378  56.522 0.6250000000
139162  10.321  9.679  56.376 0.6250000000
139163  9.674  9.835  56.492 0.7500000000
137676  3.512  8.691  52.179 0.8750000000
143427  14.812  11.878  47.766 0.3750000000
140602  10.041  10.372  56.246 0.6250000000
137686  4.762  8.252  50.954 0.8750000000
137680  4.400  8.520  51.336 0.8750000000
139188  3.586  9.506  52.544 0.7500000000
144916  14.857  12.621  47.250 0.3750000000
136227  4.852  7.909  50.703 0.8750000000
139192  4.705  9.219  51.279 0.8750000000
139193  3.930  9.388  51.706 0.8750000000
147714  14.773  14.002  46.129 0.3750000000
136262  5.951  7.792  48.407 0.8750000000
136253  5.764  7.838  49.253 0.8750000000
139195  5.784  9.255  50.639 0.8750000000
139196  5.253  9.213  50.969 0.8750000000
148991  14.621  14.690  45.640 0.2500000000
137712  6.421  8.086  47.843 0.8750000000
137728  6.868  8.404  45.926 0.8750000000
152746  14.325  17.156  43.516 0.1250000000
151489  14.231  16.481  44.052 0.1250000000
137739  6.987  8.294  45.164 0.8750000000
154091  14.562  17.771  43.192 0.1250000000
137754  6.422  7.988  44.645 0.8750000000
136319  6.492  7.815  43.907 0.8750000000
137753  7.187  8.086  44.331 0.7500000000
136337  5.943  7.580  43.433 0.8750000000
136338  5.319  7.520  43.638 0.8750000000
155513  15.387  18.012  42.666 0.1250000000
134897  4.836  7.065  42.763 0.8750000000
137816  9.531  8.363  40.952 0.7500000000
136386  8.590  7.720  40.804 0.7500000000
136370  8.016  7.557  41.603 0.7500000000
136389  7.081  7.205  41.348 0.8750000000
137805  9.072  8.022  41.250 0.7500000000
137794  8.416  7.765  41.983 0.7500000000
136352  7.934  7.666  42.210 0.8750000000
133408  6.032  5.983  41.283 0.8750000000
132003  5.621  5.327  41.231 0.8750000000
139230  35.676  9.309  46.001 0.8750000000
137742  37.727  8.622  43.854 1.0000000000
139229  35.914  9.578  45.736 0.8750000000
140661  35.376  10.159  46.093 0.8750000000
139232  33.362  8.790  46.072 0.7500000000
139255  38.834  9.164  43.129 1.0000000000
140675  37.699  9.879  43.867 1.0000000000
140667  36.348  10.166  45.192 0.8750000000
140668  34.458  10.001  45.143 0.7500000000
137723  33.002  8.373  45.738 0.6250000000
136295  32.202  7.621  44.848 0.5000000000
139254  39.372  9.028  42.994 1.0000000000
140684  39.396  9.801  42.968 1.0000000000
137746  33.082  8.328  44.241 0.5000000000
136310  32.754  8.035  44.184 0.5000000000
139272  41.470  9.284  41.973 0.8750000000
139263  40.982  9.033  42.227 1.0000000000
140694  40.408  9.817  42.518 1.0000000000
137795  42.658  8.475  40.959 0.8750000000
136358  41.627  8.029  41.687 0.7500000000
137819  44.022  8.499  39.753 0.8750000000
136407  43.018  7.417  39.705 0.7500000000
136392  42.118  7.522  40.408 0.7500000000
139320  45.158  9.147  38.272 1.0000000000
136419  44.566  7.619  38.631 0.8750000000
134962  44.132  7.059  38.322 0.8750000000
134948  43.233  7.163  39.097 0.7500000000
142131  46.273  10.526  37.432 1.0000000000
140758  45.840  9.963  37.795 1.0000000000
137844  45.442  8.470  37.860 1.0000000000
142130  46.645  11.045  37.075 1.0000000000
143568  46.415  11.224  37.609 1.0000000000
143590  47.017  11.706  36.583 1.0000000000
143567  46.615  11.837  37.357 1.0000000000
145107  47.096  12.340  36.539 1.0000000000
147831  46.929  14.013  35.789 0.8750000000
147970  53.307  13.288  25.022 0.8750000000
147972  51.958  13.818  25.264 0.7500000000
146716  50.610  13.681  25.821 0.5000000000
145325  53.188  12.323  23.504 0.7500000000
146718  49.306  13.187  25.745 0.5000000000
145281  48.231  12.684  25.835 0.5000000000
143834  52.726  12.052  23.063 0.8750000000
143864  52.356  11.845  21.896 0.8750000000
142451  51.308  11.000  19.739 0.7500000000
139182  15.990  9.515  53.447 0.6250000000
137675  16.528  8.603  52.615 0.7500000000
139186  16.264  9.063  53.022 0.7500000000
137667  16.674  8.923  53.706 0.7500000000
139177  16.136  9.482  53.942 0.6250000000
140610  16.199  9.566  54.789 0.7500000000
139168  5.855  9.596  55.990 0.7500000000
140609  5.972  10.281  55.687 0.7500000000
137678  16.426  8.441  51.747 0.8750000000
137674  16.785  8.225  52.312 0.7500000000
137671  16.942  8.307  52.890 0.7500000000
140616  15.830  10.032  54.044 0.7500000000
140612  15.175  10.611  55.042 0.6250000000
141960  14.796  11.081  54.663 0.6250000000
137650  5.671  8.857  56.954 0.7500000000
137660  5.702  9.131  55.867 0.7500000000
137683  15.908  8.771  51.073 0.7500000000
137677  16.884  7.992  51.965 0.8750000000
136198  17.151  7.855  52.337 0.8750000000
140608  14.419  10.708  55.842 0.6250000000
141955  14.725  10.836  55.377 0.6250000000
140592  7.683  10.199  57.320 0.7500000000
139153  5.890  9.438  57.431 0.7500000000
139198  15.537  9.321  50.559 0.7500000000
141945  13.899  10.757  56.167 0.6250000000
143375  12.777  11.750  56.207 0.6250000000
140591  8.489  10.012  56.922 0.7500000000
141941  8.086  10.621  56.896 0.7500000000
139183  5.094  9.682  53.854 0.7500000000
141946  13.212  11.080  56.300 0.6250000000
141947  12.230  11.094  56.409 0.6250000000
140622  3.964  10.070  52.861 0.7500000000
140637  15.111  10.305  49.939 0.6250000000
141991  14.835  11.293  48.973 0.6250000000
143424  14.848  11.882  48.585 0.6250000000
140601  10.843  10.330  56.183 0.6250000000
146335  14.741  13.452  47.591 0.6250000000
140627  4.940  9.551  51.254 0.8750000000
140628  4.456  9.852  51.305 0.8750000000
146349  14.858  13.345  46.690 0.3750000000
137696  6.836  8.694  48.890 0.7500000000
137690  6.006  8.413  49.835 0.8750000000
137710  7.413  8.768  47.169 0.8750000000
137702  7.371  8.899  47.970 0.8750000000
139212  7.225  9.015  48.608 0.8750000000
150231  14.291  15.123  45.650 0.2500000000
137727  7.486  8.603  45.692 0.7500000000
137767  7.015  7.823  43.645 0.8750000000
136336  6.562  7.625  43.242 0.8750000000
136356  5.398  7.301  42.892 0.8750000000
137752  8.061  8.268  44.307 0.7500000000
137766  7.645  7.942  43.642 0.8750000000
136355  6.061  7.435  42.775 0.8750000000
134914  4.470  6.678  42.531 0.8750000000
137765  8.529  8.128  43.519 0.7500000000
136354  6.664  7.519  42.576 0.8750000000
136374  5.672  7.180  42.361 0.8750000000
134913  5.122  6.741  42.144 0.8750000000
137804  9.597  8.358  41.712 0.7500000000
137779  9.166  8.250  42.906 0.7500000000
136334  7.860  7.793  42.914 0.7500000000
136353  7.306  7.588  42.391 0.8750000000
136373  6.155  7.282  42.173 0.8750000000
133409  5.240  6.079  41.642 0.8750000000
133398  4.607  6.136  41.940 0.8750000000
137793  8.996  8.047  42.044 0.7500000000
137780  8.501  7.913  42.602 0.7500000000
136371  7.441  7.478  41.753 0.8750000000
134911  6.188  6.986  41.704 0.8750000000
134930  5.851  6.545  41.563 0.8750000000
142074  10.563  10.615  39.959 0.5000000000
143547  10.476  11.274  38.997 0.5000000000
145059  9.508  12.536  38.511 0.6250000000
143439  36.549  11.434  44.170 0.8750000000
142017  35.544  10.952  44.315 0.8750000000
142023  37.947  10.765  43.767 1.0000000000
142016  36.335  10.999  44.730 1.0000000000
140678  34.515  10.062  44.470 0.6250000000
140679  34.183  9.599  44.613 0.6250000000
137759  33.352  8.680  43.632 0.5000000000
136311  32.414  7.749  43.959 0.5000000000
136312  31.650  7.277  44.273 0.3750000000
142032  39.755  10.613  42.823 1.0000000000
139271  41.969  9.159  41.655 1.0000000000
139285  42.331  9.447  41.319 1.0000000000
139309  43.935  9.480  39.710 1.0000000000
137807  43.090  8.474  40.565 0.8750000000
140743  44.722  9.976  38.970 1.0000000000
139321  44.826  9.352  38.703 1.0000000000
136405  44.385  7.943  39.219 0.8750000000
142114  46.024  10.879  37.957 1.0000000000
142115  45.544  10.424  38.297 1.0000000000
147826  46.399  13.700  36.565 0.8750000000
145324  53.559  12.636  23.843 0.7500000000
146737  53.699  12.903  24.098 0.7500000000
146746  53.845  13.001  23.616 0.7500000000
147977  53.509  13.632  24.515 0.7500000000
147978  52.744  13.936  24.500 0.7500000000
147973  51.209  13.727  25.149 0.3750000000
146730  50.531  13.484  25.160 0.5000000000
145335  53.184  12.279  22.698 0.7500000000
146731  49.895  13.308  25.150 0.5000000000
146732  49.318  13.154  25.024 0.3750000000
143846  52.783  11.982  22.324 0.8750000000
143877  52.456  11.833  21.238 0.8750000000
142430  52.282  11.468  20.142 0.7500000000
142466  51.651  10.871  18.905 0.6250000000
139190  15.861  9.320  52.013 0.7500000000
139189  16.207  8.981  52.431 0.7500000000
139187  15.887  9.475  52.785 0.7500000000
140619  15.752  10.129  53.266 0.6250000000
141963  15.389  10.674  53.872 0.6250000000
141964  14.848  11.194  53.721 0.6250000000
140605  5.906  10.260  56.414 0.7500000000
141954  5.967  10.980  56.067 0.7500000000
137679  15.963  8.974  51.541 0.7500000000
143389  13.758  12.110  54.671 0.6250000000
143390  13.509  12.291  55.158 0.6250000000
141942  7.496  11.031  57.109 0.7500000000
141943  6.625  11.098  57.361 0.7500000000
140613  5.896  10.213  54.964 0.7500000000
139194  15.666  9.400  51.322 0.7500000000
140636  15.333  9.935  50.405 0.6250000000
143384  13.749  11.952  55.360 0.6250000000
143385  13.121  12.264  55.662 0.6250000000
143376  11.970  11.963  56.276 0.6250000000
141950  9.725  11.073  56.237 0.6250000000
141951  8.966  11.157  56.398 0.6250000000
143382  7.564  11.963  56.838 0.7500000000
141965  5.832  10.934  53.837 0.7500000000
140631  15.290  10.378  50.546 0.6250000000
141986  14.925  11.111  49.669 0.6250000000
143414  14.944  11.780  50.158 0.6250000000
143377  11.016  11.804  56.206 0.6250000000
143378  10.196  11.757  56.170 0.6250000000
140603  9.215  10.378  56.451 0.6250000000
140604  8.582  10.667  56.614 0.7500000000
141970  5.255  11.001  53.175 0.7500000000
141948  11.361  11.078  56.283 0.6250000000
140624  4.282  10.536  52.796 0.7500000000
141949  10.528  11.054  56.207 0.6250000000
140629  3.788  10.396  51.493 0.7500000000
139200  6.819  9.386  49.765 0.7500000000
140640  6.270  10.232  50.468 0.8750000000
140633  5.051  10.053  51.052 0.7500000000
139219  7.909  9.254  47.662 0.7500000000
139204  7.526  9.669  49.127 0.7500000000
140639  7.036  9.968  49.903 0.7500000000
141989  5.941  10.990  50.463 0.7500000000
141990  5.337  11.068  50.556 0.7500000000
137718  7.397  8.712  46.396 0.7500000000
140646  8.206  10.134  48.612 0.7500000000
139237  7.904  8.861  46.134 0.7500000000
139235  9.012  9.717  46.583 0.7500000000
137726  8.127  8.787  45.574 0.7500000000
139236  8.539  9.207  46.207 0.7500000000
139245  9.409  9.483  45.646 0.7500000000
137738  7.712  8.436  45.006 0.7500000000
139246  8.717  8.989  45.466 0.7500000000
137737  8.425  8.629  44.947 0.7500000000
137736  9.050  8.937  44.926 0.7500000000
137751  8.836  8.513  44.343 0.7500000000
137750  9.316  8.855  44.413 0.7500000000
139253  9.599  9.174  44.748 0.7500000000
139296  10.455  9.425  41.719 0.7500000000
139282  10.467  9.579  42.644 0.7500000000
137778  9.776  8.656  43.028 0.7500000000
140730  10.531  9.996  40.304 0.6250000000
140721  10.538  10.092  41.195 0.7500000000
140709  10.565  10.232  42.142 0.7500000000
142094  10.468  10.996  39.745 0.5000000000
142075  10.300  11.097  40.187 0.5000000000
142063  10.095  11.253  40.880 0.5000000000
142049  10.307  10.995  41.624 0.7500000000
143548  10.103  11.813  38.847 0.5000000000
143509  9.898  11.641  40.312 0.5000000000
143490  9.758  11.766  41.091 0.3750000000
145039  9.579  12.146  39.592 0.5000000000
145018  9.303  12.109  40.582 0.5000000000
145060  8.646  13.044  38.426 0.5000000000
145040  8.820  12.637  39.209 0.5000000000
145019  8.789  12.430  40.066 0.6250000000
143456  35.393  11.339  42.615 0.5000000000
140702  34.631  10.476  42.439 0.5000000000
140703  34.244  10.005  42.262 0.5000000000
146491  7.730  13.177  38.535 0.5000000000
145041  8.159  12.991  39.000 0.5000000000
143441  35.718  11.191  43.820 0.7500000000
142025  35.459  11.056  43.487 0.6250000000
140697  34.209  9.838  43.164 0.5000000000
137771  33.114  8.587  42.938 0.5000000000
146512  7.315  13.239  38.101 0.3750000000
145042  7.519  13.103  38.994 0.3750000000
144938  37.479  12.233  43.551 1.0000000000
140688  34.206  9.698  43.903 0.6250000000
139258  33.653  9.018  43.604 0.5000000000
139267  33.502  9.010  43.091 0.5000000000
140722  43.540  9.963  40.138 1.0000000000
140723  43.134  10.156  40.520 1.0000000000
142096  45.121  10.773  38.824 1.0000000000
147985  53.527  14.153  23.673 0.6250000000
145334  53.614  12.633  23.104 0.6250000000
146754  54.134  13.188  22.784 0.6250000000
147980  51.059  13.622  24.314 0.3750000000
145349  53.632  12.555  22.191 0.7500000000
143862  53.283  12.267  21.497 0.6250000000
146767  54.110  13.012  21.885 0.6250000000
146739  50.384  13.350  24.618 0.5000000000
146740  49.881  13.245  24.476 0.3750000000
145350  53.145  12.211  22.064 0.7500000000
143875  53.433  12.229  20.796 0.7500000000
143863  52.809  12.063  21.659 0.7500000000
143892  53.121  11.886  20.307 0.7500000000
143926  52.857  11.485  19.024 0.6250000000
142465  52.361  11.171  18.590 0.6250000000
140623  15.650  10.108  52.490 0.7500000000
141967  15.376  10.837  53.023 0.6250000000
140626  15.559  10.092  51.721 0.7500000000
141972  15.461  10.845  52.167 0.6250000000
141968  14.860  11.387  53.057 0.6250000000
143388  14.307  11.602  54.235 0.6250000000
143393  13.936  11.992  53.948 0.6250000000
141977  15.382  10.884  51.365 0.7500000000
143405  15.312  11.242  51.847 0.6250000000
143399  15.170  11.359  52.167 0.6250000000
141973  15.180  11.244  52.583 0.6250000000
144834  13.557  12.266  53.669 0.6250000000
144825  13.203  12.520  54.854 0.6250000000
144819  12.919  12.593  55.442 0.6250000000
144809  6.010  12.101  56.740 0.7500000000
143383  5.952  11.725  55.673 0.7500000000
143387  6.053  11.656  54.892 0.7500000000
140630  15.456  10.078  50.965 0.7500000000
141980  15.339  10.584  50.859 0.6250000000
141978  15.181  11.377  51.153 0.5000000000
144854  14.481  12.046  51.731 0.6250000000
144855  14.022  12.294  52.041 0.6250000000
146230  12.697  12.988  54.795 0.6250000000
146225  12.477  13.020  55.446 0.6250000000
144821  11.961  12.753  56.087 0.6250000000
143379  9.421  11.789  56.259 0.6250000000
143380  8.659  11.849  56.397 0.6250000000
144815  8.324  12.541  56.477 0.6250000000
144807  6.915  12.360  56.868 0.6250000000
141969  5.722  11.338  53.492 0.7500000000
141981  15.153  11.019  50.577 0.6250000000
143410  14.933  11.772  50.943 0.5000000000
144868  14.504  12.130  51.392 0.5000000000
146267  13.700  12.835  51.118 0.5000000000
146269  12.439  13.537  50.740 0.6250000000
147649  11.738  14.285  50.192 0.5000000000
146226  11.952  13.129  55.845 0.6250000000
146218  11.026  13.044  55.942 0.6250000000
144814  9.082  12.497  56.240 0.6250000000
141974  5.019  11.470  52.806 0.7500000000
147635  11.477  14.243  50.738 0.6250000000
148934  10.902  15.657  49.510 0.3750000000
146219  10.311  13.114  55.913 0.6250000000
144813  9.854  12.449  56.077 0.6250000000
143403  4.162  11.883  52.029 0.7500000000
148921  10.851  15.346  50.038 0.3750000000
141979  3.679  11.142  51.474 0.7500000000
151401  10.489  16.569  49.025 0.3750000000
143412  4.378  11.360  50.484 0.7500000000
143422  8.432  11.459  48.905 0.7500000000
140642  7.988  10.321  49.126 0.7500000000
143417  6.240  11.559  50.166 0.7500000000
143418  5.398  11.593  50.259 0.7500000000
143419  4.621  11.702  50.186 0.7500000000
140651  8.964  10.359  47.633 0.7500000000
140658  9.132  10.176  47.076 0.7500000000
142001  9.810  10.861  46.576 0.7500000000
140665  9.788  10.340  46.193 0.7500000000
142007  10.085  10.833  46.026 0.7500000000
139244  9.767  9.715  45.405 0.7500000000
142012  10.550  10.891  44.949 0.7500000000
140672  10.340  10.410  45.060 0.7500000000
142020  10.701  10.915  44.333 0.7500000000
140683  10.215  9.959  44.775 0.7500000000
139252  9.886  9.604  45.046 0.7500000000
140691  10.586  10.123  43.917 0.7500000000
137763  9.896  8.958  43.526 0.7500000000
142037  10.536  11.064  42.633 0.7500000000
143477  10.303  11.436  42.186 0.6250000000
143478  10.047  11.843  41.858 0.5000000000
144996  9.591  12.542  41.417 0.5000000000
146455  9.488  13.513  41.129 0.5000000000
147774  9.791  14.344  40.871 0.3750000000
147782  9.723  14.744  40.425 0.3750000000
144991  35.078  12.031  41.422 0.5000000000
144998  8.255  12.764  40.496 0.5000000000
144997  8.802  12.759  40.925 0.5000000000
147775  9.313  13.959  40.609 0.5000000000
147783  9.218  14.393  39.994 0.3750000000
143467  35.547  11.852  42.184 0.6250000000
143468  35.176  11.486  42.063 0.5000000000
144999  7.855  12.746  40.136 0.5000000000
146473  8.675  13.990  40.023 0.5000000000
149034  9.372  14.966  39.676 0.3750000000
149042  9.641  15.667  39.732 0.3750000000
144953  36.077  12.169  42.587 0.6250000000
144969  36.194  12.430  42.359 0.6250000000
146514  6.015  13.197  38.434 0.2500000000
146476  6.752  13.304  39.508 0.2500000000
146475  7.455  13.405  40.023 0.3750000000
146474  8.183  13.800  40.069 0.3750000000
147795  8.579  14.627  39.372 0.3750000000
149043  9.293  15.472  39.340 0.3750000000
150286  9.568  16.056  39.549 0.3750000000
149044  8.711  15.109  39.015 0.3750000000
150287  9.268  16.100  39.120 0.3750000000
140731  44.294  10.045  39.395 1.0000000000
147993  54.112  13.988  22.914 0.6250000000
147986  52.677  14.219  23.578 0.3750000000
147987  51.788  13.963  23.530 0.3750000000
146775  54.537  13.381  21.641 0.6250000000
147979  51.912  13.875  24.394 0.3750000000
146747  50.476  13.374  23.951 0.3750000000
145359  53.763  12.582  21.332 0.6250000000
145371  53.887  12.553  20.575 0.6250000000
146741  49.317  13.119  24.332 0.2500000000
143911  53.381  11.919  19.495 0.7500000000
143941  52.722  11.788  18.063 0.6250000000
145446  52.093  12.433  16.718 0.5000000000
143954  52.537  12.080  17.548 0.6250000000
145449  51.729  12.644  16.201 0.3750000000
143961  51.671  11.783  16.793 0.6250000000
146867  51.465  13.536  15.073 0.3750000000
146868  51.015  13.180  14.906 0.3750000000
145450  51.226  12.407  15.888 0.2500000000
148101  51.556  14.032  14.186 0.2500000000
148098  51.340  13.711  14.688 0.3750000000
148106  51.255  13.752  13.451 0.1250000000
148102  51.032  13.599  14.172 0.1250000000
148110  52.353  13.958  12.435 0.1250000000
148111  51.700  13.820  12.853 0.1250000000
146874  51.222  13.494  12.787 0.1250000000
143400  14.769  11.613  52.491 0.6250000000
143392  14.398  11.628  53.534 0.6250000000
146224  6.502  13.338  56.224 0.7500000000
143395  14.475  11.720  53.006 0.6250000000
144835  13.063  12.564  53.403 0.6250000000
144818  6.021  12.526  56.238 0.7500000000
144822  5.820  12.527  55.162 0.7500000000
143401  14.255  11.960  52.670 0.6250000000
144845  13.332  12.516  52.710 0.6250000000
146238  12.942  12.688  52.986 0.6250000000
146233  12.610  13.076  54.070 0.6250000000
147596  12.345  13.535  54.689 0.6250000000
144816  7.473  12.502  56.729 0.6250000000
143391  6.085  11.587  54.225 0.7500000000
144856  13.381  12.609  52.295 0.6250000000
146249  11.900  13.538  52.362 0.6250000000
147592  11.832  13.833  55.441 0.6250000000
147584  10.926  13.766  55.849 0.6250000000
147586  9.154  13.968  56.257 0.6250000000
144837  5.747  12.117  53.653 0.7500000000
147623  11.297  14.152  51.553 0.6250000000
147636  11.075  14.486  51.078 0.6250000000
146220  9.509  13.185  56.070 0.6250000000
144846  5.131  12.536  52.734 0.7500000000
150140  10.328  15.382  51.155 0.5000000000
150148  10.046  16.131  50.475 0.5000000000
143408  3.897  12.262  51.675 0.7500000000
144858  3.772  12.614  51.355 0.7500000000
151391  10.158  16.548  49.660 0.3750000000
144870  3.585  12.420  50.690 0.7500000000
143423  8.024  11.287  49.295 0.7500000000
144883  7.280  12.126  49.667 0.7500000000
144885  5.775  12.239  49.932 0.7500000000
144887  4.013  12.178  49.951 0.7500000000
146286  3.524  13.150  50.071 0.7500000000
144905  9.138  12.078  48.061 0.7500000000
143426  8.843  11.355  48.430 0.7500000000
144896  7.511  12.457  49.369 0.7500000000
146284  6.327  12.664  49.688 0.7500000000
144897  5.226  12.597  49.635 0.7500000000
144899  3.839  12.775  49.369 0.7500000000
146305  3.618  13.523  49.090 0.7500000000
146336  9.059  13.057  47.683 0.7500000000
141998  9.184  10.833  47.610 0.7500000000
144911  9.690  12.101  47.182 0.7500000000
143432  9.736  11.281  46.934 0.7500000000
140657  9.538  10.433  46.653 0.7500000000
144917  9.836  12.295  46.903 0.7500000000
143435  10.320  11.446  45.816 0.7500000000
144924  10.275  12.336  46.006 0.7500000000
143434  10.510  11.861  45.512 0.7500000000
143438  10.506  11.317  45.331 0.6250000000
143443  10.792  11.641  44.081 0.6250000000
144945  10.792  12.362  43.825 0.6250000000
143451  10.714  11.715  43.288 0.6250000000
144963  10.646  12.403  43.127 0.6250000000
143462  10.417  11.882  42.573 0.6250000000
144964  10.396  12.517  42.602 0.5000000000
143463  10.218  12.202  42.302 0.5000000000
146419  10.361  13.083  42.521 0.5000000000
147765  10.093  14.088  41.757 0.3750000000
149020  10.056  14.906  41.648 0.3750000000
150270  9.980  15.858  40.764 0.3750000000
151508  9.850  16.564  41.481 0.3750000000
152774  9.753  17.301  41.120 0.3750000000
150277  9.819  15.988  40.069 0.3750000000
151518  9.853  16.588  40.586 0.3750000000
152783  9.835  17.255  40.233 0.3750000000
151528  9.732  16.611  39.855 0.3750000000
149058  9.081  15.825  38.997 0.3750000000
149205  54.278  14.516  22.112 0.5000000000
149196  53.787  14.499  22.820 0.5000000000
149197  53.084  14.543  22.787 0.5000000000
149207  52.794  14.716  22.090 0.3750000000
149195  54.115  14.311  22.586 0.6250000000
147995  52.347  14.332  22.800 0.3750000000
147996  51.637  14.049  22.719 0.3750000000
148004  54.493  13.908  22.176 0.6250000000
148012  54.732  13.919  21.425 0.6250000000
147988  51.070  13.703  23.375 0.3750000000
146776  54.206  12.981  21.097 0.6250000000
146787  54.298  12.982  20.320 0.5000000000
145398  53.686  12.266  18.902 0.6250000000
145397  54.043  12.582  19.167 0.7500000000
146800  54.343  13.022  19.540 0.5000000000
145427  53.256  12.658  17.703 0.6250000000
145428  52.845  12.479  17.456 0.6250000000
146857  52.542  13.233  16.454 0.5000000000
148093  52.645  14.026  15.769 0.5000000000
146864  51.729  13.233  15.675 0.3750000000
148096  52.266  14.344  15.121 0.5000000000
149303  52.666  14.633  15.234 0.5000000000
148097  51.752  13.950  14.988 0.3750000000
148100  52.104  14.416  14.365 0.2500000000
148105  52.078  14.272  13.392 0.1250000000
149309  52.623  14.663  13.854 0.2500000000
148117  52.629  13.653  11.752 0.1250000000
149319  52.550  14.364  12.894 0.1250000000
148116  53.142  13.740  11.303 0.1250000000
147590  6.437  13.905  55.740 0.6250000000
146227  6.043  13.276  55.644 0.7500000000
147588  7.562  13.992  56.392 0.6250000000
146223  7.176  13.333  56.534 0.6250000000
144823  5.630  12.950  54.844 0.7500000000
147606  11.577  13.965  53.094 0.6250000000
147600  11.769  14.018  53.882 0.6250000000
148872  11.534  14.527  54.456 0.6250000000
147587  8.330  13.989  56.377 0.6250000000
146222  7.947  13.267  56.517 0.6250000000
146234  5.433  13.204  54.138 0.7500000000
147613  11.416  14.007  52.308 0.6250000000
147607  11.121  14.325  52.770 0.6250000000
148868  11.645  14.401  55.074 0.6250000000
147593  11.268  14.360  55.541 0.6250000000
146221  8.728  13.233  56.312 0.6250000000
146250  5.197  13.179  53.025 0.7500000000
147614  10.945  14.471  52.229 0.6250000000
147624  10.816  14.676  51.583 0.6250000000
148861  10.562  14.760  55.922 0.6250000000
147585  10.011  13.915  56.042 0.6250000000
146259  4.430  13.274  51.957 0.7500000000
150141  10.000  15.887  51.194 0.5000000000
151383  9.605  16.788  50.719 0.5000000000
144857  4.178  12.644  51.793 0.7500000000
146260  4.048  13.219  51.452 0.7500000000
146270  3.713  13.182  50.934 0.7500000000
147650  3.614  14.141  49.808 0.6250000000
146318  9.023  12.492  48.090 0.7500000000
147671  8.006  13.762  48.182 0.7500000000
146321  6.992  13.596  48.748 0.7500000000
147659  5.621  13.596  48.842 0.7500000000
146323  4.288  13.644  48.613 0.7500000000
144918  9.530  12.844  47.203 0.6250000000
146337  8.529  13.549  47.838 0.6250000000
146350  9.765  13.165  46.624 0.6250000000
144930  10.397  12.879  45.562 0.6250000000
143437  10.674  11.603  44.885 0.6250000000
146373  10.576  12.941  45.029 0.6250000000
144934  10.738  12.328  44.589 0.6250000000
147738  10.625  13.514  43.830 0.6250000000
147747  10.586  13.452  43.253 0.6250000000
146418  10.562  12.961  42.982 0.6250000000
147756  10.401  13.840  42.696 0.3750000000
147755  10.493  13.335  42.864 0.5000000000
149014  10.216  14.734  42.488 0.3750000000
150262  10.009  15.690  41.565 0.3750000000
152764  9.720  17.051  41.557 0.3750000000
154130  9.880  17.935  40.590 0.3750000000
151540  8.724  16.615  38.542 0.3750000000
152793  9.000  17.247  38.620 0.3750000000
152788  9.350  17.024  39.050 0.3750000000
152787  9.636  17.250  39.486 0.3750000000
154134  9.902  17.905  39.835 0.3750000000
149211  54.680  14.530  21.326 0.5000000000
149206  53.566  14.827  22.107 0.3750000000
148006  52.116  14.384  22.069 0.2500000000
146799  54.684  13.528  20.040 0.5000000000
146811  54.701  13.622  19.113 0.5000000000
146822  54.460  13.474  18.394 0.5000000000
146823  53.918  13.189  17.941 0.5000000000
146812  54.243  13.073  18.786 0.5000000000
148085  53.390  13.924  16.590 0.3750000000
146856  53.061  13.516  16.628 0.5000000000
149302  53.159  14.703  15.589 0.5000000000
148086  52.943  13.765  16.315 0.5000000000
150517  53.331  15.306  14.434 0.2500000000
149305  52.916  15.045  14.873 0.3750000000
150527  53.500  15.147  13.802 0.2500000000
149306  52.572  14.734  14.604 0.2500000000
149317  53.660  14.956  12.849 0.2500000000
149313  53.231  14.876  13.398 0.2500000000
149318  53.091  14.511  12.570 0.1250000000
149314  52.713  14.567  13.218 0.1250000000
149325  53.829  14.801  12.126 0.2500000000
149326  53.475  14.343  11.735 0.1250000000
147589  6.902  13.968  56.185 0.6250000000
150104  8.166  15.659  56.606 0.6250000000
148864  7.860  14.750  56.442 0.6250000000
148865  7.127  14.671  56.253 0.6250000000
147594  6.018  13.881  55.296 0.7500000000
147595  5.634  13.870  54.881 0.7500000000
148885  11.114  14.515  53.243 0.6250000000
148879  10.869  15.008  53.623 0.6250000000
150103  9.078  15.571  56.543 0.6250000000
147598  5.400  13.835  54.376 0.7500000000
148873  11.059  15.073  54.321 0.6250000000
150101  10.605  15.726  55.638 0.6250000000
148862  9.609  14.777  56.350 0.6250000000
148880  5.201  14.349  53.519 0.7500000000
148892  10.467  15.003  52.198 0.6250000000
150119  10.106  15.769  53.082 0.6250000000
147615  4.949  13.890  52.729 0.7500000000
147616  4.562  13.945  52.180 0.7500000000
150134  9.979  15.829  51.971 0.6250000000
151370  9.426  16.968  51.519 0.5000000000
148895  4.410  14.661  51.810 0.7500000000
147625  4.202  13.984  51.470 0.7500000000
153982  9.204  17.846  50.809 0.5000000000
148903  4.236  14.754  51.292 0.7500000000
147626  3.964  13.598  51.142 0.7500000000
148910  3.785  14.801  50.224 0.6250000000
147687  7.614  14.293  47.859 0.6250000000
146320  7.616  13.350  48.725 0.7500000000
147674  5.910  14.050  48.473 0.7500000000
147675  5.060  14.038  48.308 0.6250000000
147677  3.679  14.340  48.407 0.6250000000
147686  8.267  14.152  47.537 0.6250000000
147688  7.090  14.353  48.082 0.7500000000
148947  5.646  14.374  48.152 0.7500000000
147689  4.942  14.508  47.813 0.6250000000
148948  3.423  15.078  48.223 0.6250000000
147685  8.864  13.769  47.347 0.6250000000
148974  8.143  14.953  46.914 0.6250000000
147703  9.203  14.014  46.701 0.6250000000
147702  9.684  13.759  46.242 0.6250000000
147716  9.423  14.217  46.138 0.6250000000
146362  10.052  13.277  45.934 0.6250000000
147715  9.836  14.004  45.718 0.6250000000
147728  10.109  13.976  45.090 0.6250000000
148983  9.786  14.448  45.328 0.6250000000
146387  10.456  13.501  44.865 0.6250000000
148993  9.958  14.509  44.802 0.6250000000
147739  10.369  13.920  44.386 0.6250000000
147748  10.444  14.032  43.602 0.5000000000
149009  10.243  14.640  43.302 0.5000000000
151491  9.834  15.937  42.848 0.3750000000
151500  9.867  16.203  42.243 0.3750000000
151501  9.633  16.843  42.154 0.3750000000
150256  10.048  15.484  42.340 0.3750000000
154127  9.403  17.970  41.673 0.5000000000
154126  9.645  18.008  41.223 0.5000000000
155532  9.838  18.609  40.936 0.3750000000
155541  9.569  18.584  38.826 0.3750000000
155536  9.996  18.585  40.203 0.3750000000
152802  8.154  17.221  38.110 0.3750000000
152801  8.588  17.440  38.253 0.3750000000
154139  9.249  17.976  38.708 0.3750000000
152792  9.404  17.476  39.002 0.3750000000
154138  9.686  17.936  39.177 0.3750000000
154145  7.791  17.780  37.943 0.3750000000
154144  8.304  17.875  38.047 0.2500000000
150433  53.699  15.301  21.070 0.2500000000
149220  52.889  15.084  20.670 0.2500000000
149218  54.706  14.994  20.438 0.5000000000
149219  54.211  15.243  20.722 0.3750000000
149213  53.274  15.083  21.345 0.2500000000
149214  52.473  14.721  21.329 0.2500000000
148019  54.861  14.090  20.654 0.5000000000
149267  54.096  14.405  16.881 0.3750000000
148064  54.112  13.903  17.343 0.3750000000
148084  53.828  14.097  16.854 0.3750000000
148065  53.672  13.721  17.079 0.3750000000
150516  53.712  15.522  14.742 0.3750000000
150512  53.737  15.273  15.534 0.3750000000
150526  53.835  15.457  14.021 0.2500000000
150513  53.275  15.297  15.085 0.3750000000
150538  53.580  15.076  13.484 0.2500000000
150564  54.708  15.636  12.033 0.3750000000
150550  54.219  15.223  12.456 0.2500000000
150565  54.303  15.294  11.589 0.2500000000
151840  53.762  16.161  10.605 0.2500000000
150577  53.934  15.242  10.977 0.2500000000
150578  53.424  15.245  10.561 0.2500000000
148866  6.621  14.552  55.875 0.6250000000
148867  6.202  14.495  55.484 0.7500000000
150111  5.647  14.973  54.816 0.7500000000
150102  9.952  15.852  56.376 0.6250000000
150098  9.669  16.478  56.662 0.6250000000
150100  8.693  16.175  56.572 0.6250000000
150114  5.428  15.285  54.275 0.7500000000
151350  9.848  16.683  53.923 0.6250000000
151338  10.361  16.470  55.272 0.6250000000
151339  10.296  16.459  55.944 0.6250000000
150120  5.139  15.198  53.419 0.7500000000
153970  9.127  18.007  52.255 0.6250000000
148887  4.966  14.531  53.019 0.7500000000
153976  9.130  17.914  51.547 0.5000000000
150135  4.575  15.441  51.851 0.6250000000
148909  4.038  14.829  50.795 0.7500000000
148922  3.584  14.915  49.609 0.6250000000
148959  7.155  14.794  47.673 0.6250000000
148961  5.510  14.813  47.606 0.6250000000
148976  4.908  15.132  47.119 0.6250000000
148964  3.575  14.962  47.727 0.6250000000
147704  8.655  14.268  47.063 0.6250000000
150198  7.510  15.209  47.139 0.6250000000
150199  6.845  15.289  47.329 0.6250000000
151449  5.471  16.197  46.689 0.6250000000
150216  4.383  15.588  46.892 0.6250000000
148985  8.877  14.976  46.126 0.6250000000
150197  7.878  15.102  46.968 0.6250000000
150212  7.225  15.639  46.840 0.6250000000
150213  6.530  15.692  46.984 0.6250000000
150211  8.021  15.506  46.495 0.6250000000
148984  9.320  14.733  45.739 0.6250000000
150224  8.729  15.548  45.663 0.6250000000
150234  9.272  15.427  44.958 0.6250000000
150235  8.892  15.842  45.042 0.6250000000
149002  9.730  15.030  44.645 0.6250000000
151474  9.080  15.938  44.602 0.6250000000
150243  9.656  15.523  44.097 0.5000000000
150242  10.001  15.061  43.681 0.5000000000
151484  9.095  16.436  43.961 0.6250000000
152748  8.910  17.251  43.442 0.6250000000
152757  9.247  17.323  42.567 0.6250000000
154105  8.889  18.018  42.904 0.6250000000
154117  9.226  17.938  42.168 0.6250000000
155523  9.207  18.688  42.215 0.6250000000
151492  9.479  16.580  42.963 0.5000000000
155527  9.443  18.600  41.591 0.5000000000
154143  8.791  17.952  38.284 0.3750000000
156915  9.868  19.270  39.014 0.3750000000
155540  9.917  18.572  39.453 0.3750000000
156898  9.994  19.291  40.607 0.5000000000
155547  8.004  18.395  37.810 0.1250000000
155546  8.462  18.554  37.954 0.2500000000
155545  8.995  18.736  38.314 0.2500000000
156916  9.410  19.149  38.532 0.3750000000
158207  10.206  19.906  39.490 0.5000000000
149230  54.899  15.024  19.279 0.5000000000
150436  54.495  15.435  19.756 0.3750000000
150437  54.013  15.439  20.288 0.3750000000
150448  53.146  15.397  19.893 0.2500000000
149243  54.940  14.735  18.514 0.5000000000
150447  53.936  15.696  19.487 0.3750000000
150460  53.264  15.806  18.860 0.2500000000
149266  54.507  14.671  17.141 0.3750000000
148050  54.746  14.059  18.337 0.5000000000
148041  54.978  14.305  18.992 0.5000000000
150499  54.265  15.316  16.125 0.3750000000
150478  54.456  15.047  16.651 0.3750000000
149254  54.797  14.637  17.852 0.3750000000
149288  54.224  14.799  16.646 0.3750000000
150511  54.144  15.545  15.556 0.3750000000
150500  53.872  14.999  15.995 0.3750000000
150515  54.133  15.688  15.049 0.3750000000
150525  54.232  15.740  14.316 0.3750000000
150549  54.628  15.642  12.792 0.3750000000
151783  54.771  16.072  13.889 0.3750000000
151804  55.199  16.297  12.193 0.3750000000
151792  55.390  16.603  12.831 0.3750000000
151821  54.235  15.675  11.029 0.3750000000
151820  54.649  16.146  11.205 0.3750000000
153105  55.069  17.031  11.367 0.3750000000
154502  54.771  17.824  10.710 0.3750000000
154516  54.141  17.769  10.175 0.3750000000
150105  7.275  15.497  56.386 0.6250000000
150106  6.640  15.327  55.969 0.6250000000
150109  6.247  15.526  55.612 0.7500000000
150110  5.929  15.239  55.256 0.7500000000
153940  9.802  18.069  55.126 0.5000000000
152603  10.081  17.273  55.660 0.6250000000
151335  9.905  16.923  56.459 0.6250000000
151337  8.768  16.813  56.612 0.6250000000
151340  8.157  16.582  56.539 0.6250000000
151341  7.455  16.386  56.432 0.6250000000
151346  6.381  15.844  55.745 0.6250000000
151347  5.960  16.272  55.389 0.6250000000
151352  5.486  16.264  54.596 0.6250000000
153946  9.546  18.022  54.355 0.6250000000
152608  10.106  16.712  54.988 0.6250000000
151358  5.190  16.226  53.671 0.7500000000
152619  9.272  17.752  53.180 0.5000000000
152628  5.152  17.276  52.950 0.6250000000
155366  9.006  18.661  52.466 0.5000000000
151364  5.034  16.228  52.791 0.7500000000
151378  4.381  15.935  51.062 0.6250000000
151392  4.112  16.367  49.817 0.6250000000
151418  3.525  16.382  48.172 0.6250000000
151404  3.719  16.351  48.926 0.6250000000
151434  3.446  16.184  47.368 0.6250000000
150186  3.393  15.845  48.184 0.6250000000
151462  5.156  16.762  46.356 0.6250000000
151451  4.197  16.238  46.653 0.6250000000
151460  6.637  16.599  46.145 0.6250000000
151461  5.886  16.722  46.292 0.6250000000
151446  7.451  15.909  46.416 0.6250000000
152730  6.589  17.611  45.518 0.6250000000
150225  8.146  15.871  45.882 0.6250000000
151476  7.873  16.851  45.115 0.6250000000
152729  7.389  17.452  45.022 0.6250000000
151458  8.242  16.064  45.568 0.6250000000
152741  7.936  17.590  44.460 0.6250000000
151475  8.478  16.438  44.899 0.6250000000
151485  8.688  16.774  44.229 0.6250000000
152740  8.422  17.293  44.111 0.6250000000
154094  8.395  18.154  43.605 0.6250000000
152739  8.772  16.935  43.935 0.6250000000
152749  8.568  17.596  43.614 0.6250000000
154106  8.665  18.416  43.095 0.6250000000
156865  9.037  19.337  42.715 0.6250000000
154093  8.677  17.748  43.382 0.6250000000
155514  8.876  18.660  42.809 0.6250000000
156876  9.441  19.121  41.817 0.6250000000
158186  10.080  20.097  41.096 0.6250000000
158195  10.371  20.516  40.714 0.6250000000
156921  9.249  19.504  37.932 0.2500000000
149242  54.905  15.275  18.614 0.5000000000
150445  54.778  15.613  18.672 0.5000000000
150459  54.030  16.014  18.821 0.3750000000
149265  54.819  15.140  17.456 0.3750000000
149253  54.919  15.198  18.037 0.3750000000
150467  54.923  15.768  17.543 0.3750000000
150477  54.732  15.505  16.729 0.3750000000
151732  54.605  15.737  15.931 0.3750000000
150498  54.643  15.676  16.186 0.3750000000
151754  54.542  15.822  15.460 0.3750000000
151768  54.637  16.023  14.647 0.3750000000
151767  55.120  16.483  14.200 0.3750000000
151782  55.250  16.509  13.487 0.3750000000
153084  55.439  17.042  13.122 0.3750000000
155818  54.757  18.993  13.267 0.3750000000
153093  55.395  17.169  12.072 0.3750000000
154477  55.312  17.874  12.489 0.3750000000
157168  54.709  19.510  12.657 0.3750000000
154490  55.210  17.882  11.553 0.3750000000
158535  54.637  19.867  12.199 0.3750000000
154515  54.443  18.240  10.276 0.2500000000
153935  9.854  18.373  55.889 0.6250000000
152599  9.863  17.789  56.379 0.6250000000
151336  9.345  16.933  56.786 0.6250000000
152604  8.204  17.320  56.622 0.6250000000
152605  7.633  17.181  56.480 0.6250000000
152607  6.337  17.186  55.966 0.6250000000
152610  5.970  17.189  55.557 0.6250000000
152613  5.404  17.218  54.594 0.6250000000
155331  9.484  19.015  55.221 0.5000000000
153931  9.601  18.679  56.729 0.6250000000
152601  8.784  17.526  56.903 0.6250000000
153933  8.022  18.159  56.746 0.6250000000
152606  6.941  17.155  56.299 0.6250000000
152620  5.225  17.167  53.895 0.6250000000
155350  9.159  18.857  53.673 0.5000000000
156696  9.135  19.702  54.420 0.5000000000
153932  8.855  18.397  57.030 0.6250000000
156714  8.975  19.381  53.149 0.5000000000
158015  9.037  20.258  53.927 0.5000000000
152635  5.109  17.097  52.093 0.6250000000
152640  5.030  17.049  51.309 0.5000000000
152654  4.861  17.363  50.036 0.5000000000
152646  4.860  17.085  50.524 0.5000000000
154012  4.206  17.597  48.214 0.6250000000
152663  3.984  16.773  48.912 0.6250000000
151403  3.980  16.559  49.257 0.6250000000
154037  3.723  17.888  46.797 0.6250000000
152686  3.583  17.052  47.470 0.6250000000
152719  3.703  17.055  46.331 0.6250000000
152720  3.514  16.826  46.670 0.6250000000
152717  4.789  17.258  46.080 0.6250000000
152731  6.116  17.581  45.752 0.6250000000
154066  7.260  18.114  44.749 0.6250000000
154085  7.719  18.250  44.293 0.6250000000
155499  7.928  19.054  44.027 0.6250000000
155498  8.331  18.989  43.616 0.6250000000
154084  8.125  17.825  44.126 0.6250000000
155515  8.658  18.852  43.178 0.6250000000
156866  8.638  19.562  43.249 0.6250000000
158165  8.953  20.143  42.850 0.6250000000
158175  9.293  20.056  42.363 0.6250000000
158174  9.657  19.912  41.798 0.6250000000
159510  9.927  20.469  41.607 0.6250000000
150446  54.574  15.661  19.099 0.3750000000
150457  54.866  15.678  18.227 0.5000000000
150468  54.815  16.119  17.940 0.5000000000
151712  54.864  16.384  16.854 0.2500000000
151703  54.815  16.344  17.503 0.2500000000
151753  54.972  16.447  15.000 0.3750000000
151731  54.838  16.215  15.953 0.3750000000
153037  54.872  17.047  16.161 0.2500000000
153054  55.068  17.198  15.291 0.3750000000
153067  55.236  17.112  14.440 0.3750000000
153076  55.338  17.059  13.718 0.3750000000
154458  55.165  17.696  13.833 0.3750000000
154469  55.061  18.213  13.209 0.3750000000
155824  54.969  18.772  12.584 0.3750000000
155847  54.915  18.632  11.099 0.3750000000
157192  54.786  19.283  11.423 0.3750000000
157202  54.625  19.324  10.821 0.2500000000
158551  54.644  19.914  11.665 0.3750000000
155333  5.703  18.295  55.525 0.6250000000
153941  5.678  17.877  55.325 0.5000000000
155326  9.626  19.309  56.067 0.5000000000
156683  7.232  19.221  56.612 0.5000000000
155327  7.134  18.805  56.568 0.5000000000
153938  6.416  17.926  56.210 0.6250000000
153948  5.262  17.991  54.104 0.5000000000
156687  9.386  19.883  55.583 0.5000000000
155322  9.336  19.673  56.670 0.5000000000
155323  8.897  19.297  57.048 0.5000000000
155324  8.178  19.044  56.892 0.5000000000
153956  5.191  18.052  53.358 0.6250000000
158006  9.162  20.380  54.575 0.5000000000
157997  9.439  20.624  55.731 0.3750000000
156682  9.456  20.138  56.182 0.3750000000
156678  8.895  20.146  57.078 0.3750000000
156679  8.218  19.878  57.006 0.3750000000
156680  7.418  19.661  56.767 0.3750000000
153964  5.298  18.196  52.691 0.6250000000
160693  9.205  21.578  53.617 0.5000000000
155374  5.505  18.627  51.440 0.5000000000
153971  5.313  17.970  52.119 0.6250000000
153990  5.124  17.867  49.810 0.5000000000
153998  5.124  18.217  48.870 0.5000000000
153999  4.764  17.611  49.315 0.5000000000
155417  4.617  18.731  47.593 0.5000000000
156800  4.029  18.932  46.433 0.5000000000
155433  4.002  18.567  46.885 0.5000000000
155445  4.016  19.152  45.585 0.5000000000
155464  4.201  18.278  45.711 0.6250000000
155463  4.681  18.878  45.340 0.5000000000
154069  5.217  18.229  45.510 0.6250000000
155462  5.620  18.701  45.191 0.5000000000
154068  5.959  18.042  45.477 0.6250000000
155481  6.105  19.160  44.843 0.5000000000
155480  6.749  18.930  44.720 0.6250000000
156830  7.094  19.640  44.403 0.6250000000
155479  7.392  19.021  44.365 0.6250000000
156850  8.202  19.690  43.720 0.6250000000
156851  7.658  19.718  44.109 0.6250000000
158154  7.922  20.416  43.781 0.6250000000
155334  5.406  18.717  55.126 0.5000000000
153942  5.424  17.962  54.781 0.5000000000
155328  6.508  18.732  56.400 0.5000000000
156686  5.324  19.502  55.781 0.5000000000
155342  5.313  18.732  54.315 0.5000000000
156684  6.758  19.522  56.528 0.5000000000
156685  5.919  19.493  56.262 0.5000000000
156707  5.036  19.387  53.835 0.5000000000
160681  9.470  21.777  55.079 0.3750000000
159309  9.424  21.124  55.344 0.3750000000
157992  9.461  20.875  56.248 0.2500000000
157987  8.930  20.917  57.095 0.2500000000
157988  8.301  20.673  57.076 0.2500000000
157989  7.598  20.492  56.904 0.3750000000
157993  6.693  20.034  56.576 0.5000000000
155351  5.173  18.791  53.604 0.5000000000
160687  9.326  21.644  54.344 0.3750000000
162129  9.774  22.507  55.111 0.3750000000
159308  9.522  21.273  55.795 0.2500000000
159297  9.502  21.870  56.795 0.2500000000
159299  8.397  21.420  57.127 0.2500000000
159300  7.764  21.217  56.946 0.2500000000
155359  5.338  18.874  52.878 0.5000000000
162149  9.281  22.235  53.151 0.3750000000
162141  9.740  22.739  54.279 0.2500000000
155390  5.537  18.540  50.077 0.5000000000
155373  5.607  19.134  50.901 0.5000000000
156732  5.523  19.547  51.266 0.5000000000
155398  5.566  18.849  49.171 0.5000000000
155404  5.265  18.865  48.325 0.5000000000
158113  4.587  19.964  46.253 0.5000000000
156786  4.542  19.392  46.896 0.5000000000
158145  4.505  19.923  45.235 0.5000000000
158144  4.899  20.347  45.118 0.5000000000
158142  6.581  20.416  44.448 0.5000000000
158141  6.884  20.042  44.409 0.5000000000
155330  5.391  19.147  55.475 0.5000000000
156689  4.887  19.565  55.218 0.5000000000
156697  5.039  19.393  54.500 0.5000000000
157995  5.152  20.275  56.111 0.5000000000
156708  4.657  19.812  53.951 0.5000000000
159302  6.672  20.859  56.657 0.3750000000
157994  6.204  20.326  56.481 0.5000000000
158025  4.812  20.241  52.904 0.5000000000
160671  9.655  21.954  55.659 0.2500000000
162114  9.920  22.814  56.489 0.2500000000
162112  8.786  22.866  57.149 0.2500000000
160663  7.843  21.978  56.880 0.2500000000
160664  7.427  21.584  56.820 0.2500000000
156724  5.325  19.649  52.249 0.5000000000
162119  9.968  22.696  55.891 0.2500000000
155381  5.674  19.102  50.341 0.5000000000
155397  5.789  19.279  49.286 0.5000000000
156746  5.757  19.670  49.956 0.5000000000
158051  5.566  20.020  50.578 0.5000000000
156773  4.865  19.289  47.431 0.5000000000
158075  5.688  20.357  48.405 0.5000000000
158074  5.791  20.317  48.994 0.5000000000
158112  4.977  20.423  46.316 0.5000000000
158094  5.194  20.307  47.010 0.5000000000
159420  5.572  21.013  47.912 0.5000000000
159450  5.360  20.960  46.395 0.5000000000
159434  5.518  21.217  47.132 0.5000000000
159472  5.048  20.733  45.449 0.5000000000
159471  5.557  21.114  45.200 0.5000000000
157999  4.910  19.895  55.674 0.5000000000
156690  4.449  19.995  55.004 0.5000000000
156698  4.548  19.887  54.566 0.5000000000
158000  4.435  20.341  55.457 0.5000000000
158007  4.180  20.365  54.706 0.5000000000
159304  6.665  21.616  56.629 0.3750000000
160669  5.587  21.703  56.351 0.5000000000
158026  4.594  20.312  53.297 0.5000000000
163534  9.952  23.135  56.655 0.2500000000
162111  9.434  22.857  57.038 0.2500000000
162115  8.324  22.993  56.762 0.2500000000
162117  7.332  22.512  56.331 0.2500000000
158037  4.943  20.471  52.428 0.5000000000
160716  4.477  21.754  51.940 0.5000000000
163538  10.147  23.537  56.269 0.2500000000
163539  9.586  23.880  56.841 0.1250000000
163540  8.753  23.590  56.639 0.1250000000
158045  5.264  20.401  51.589 0.5000000000
159347  4.794  20.994  52.266 0.5000000000
158058  5.675  20.236  50.203 0.5000000000
159371  5.237  21.144  51.023 0.5000000000
159392  5.704  20.713  49.775 0.5000000000
160736  5.107  21.877  50.466 0.5000000000
159407  5.649  21.044  48.650 0.5000000000
159393  5.551  21.248  49.347 0.5000000000
160746  5.238  21.929  49.592 0.5000000000
160789  5.587  21.495  47.582 0.5000000000
160775  5.573  21.658  48.022 0.5000000000
160760  5.507  21.999  48.689 0.5000000000
159449  5.764  21.593  46.371 0.5000000000
159462  5.556  21.376  45.818 0.5000000000
160832  6.297  21.765  45.236 0.5000000000
160675  4.802  21.997  56.055 0.5000000000
160676  3.999  22.176  55.670 0.5000000000
159318  3.610  21.598  55.058 0.5000000000
159335  3.755  21.309  53.887 0.5000000000
162133  6.406  23.027  55.123 0.1250000000
160674  5.621  22.267  55.921 0.3750000000
160704  3.964  21.776  52.857 0.5000000000
163552  7.584  23.438  55.155 0.1250000000
162121  7.118  22.776  55.898 0.1250000000
162118  6.863  22.411  56.188 0.2500000000
164955  9.977  24.334  56.358 0.1250000000
163551  8.174  23.780  55.434 0.1250000000
163541  8.097  23.235  56.344 0.2500000000
159360  4.904  21.192  51.804 0.5000000000
162189  4.584  22.451  50.722 0.5000000000
162190  4.286  23.086  50.752 0.5000000000
163613  4.526  23.103  50.236 0.5000000000
162216  5.303  22.855  49.120 0.5000000000
162202  4.890  22.631  49.929 0.5000000000
160788  5.883  22.062  47.331 0.5000000000
160774  5.741  22.283  48.101 0.5000000000
162215  5.705  22.667  48.450 0.5000000000
163640  5.343  23.509  49.132 0.5000000000
160800  6.212  22.368  46.393 0.5000000000
162235  6.396  22.694  46.934 0.5000000000
162227  6.199  22.970  47.806 0.5000000000
163648  6.243  23.518  48.121 0.5000000000
163656  7.034  23.656  47.058 0.5000000000
163647  6.601  23.645  47.756 0.5000000000
162256  6.972  22.807  45.814 0.5000000000
163655  7.342  23.859  46.722 0.5000000000
163664  7.450  23.573  46.182 0.5000000000
163555  5.456  23.659  54.635 0.2500000000
162124  5.142  22.716  55.581 0.2500000000
162125  4.423  22.758  55.595 0.5000000000
160682  3.562  22.215  55.203 0.5000000000
160688  3.436  22.101  54.515 0.5000000000
163554  6.255  23.393  54.547 0.1250000000
163546  5.414  23.115  55.156 0.2500000000
162158  3.542  22.769  53.038 0.5000000000
163565  8.056  23.868  54.801 0.1250000000
163576  7.264  23.932  53.858 0.1250000000
162166  3.890  22.486  52.282 0.5000000000
163585  3.433  23.751  52.786 0.5000000000
167542  10.404  25.307  56.123 0.1250000000
166274  9.283  25.076  55.288 0.1250000000
163590  3.877  23.145  51.819 0.5000000000
166271  11.084  25.545  55.502 0.1250000000
168757  10.363  26.336  55.141 0.1250000000
160727  4.501  22.086  51.439 0.5000000000
163600  3.960  23.570  51.178 0.3750000000
168749  11.270  26.478  55.243 0.1250000000
163614  4.237  23.766  50.338 0.3750000000
163627  4.440  24.146  49.938 0.5000000000
163639  5.815  23.577  48.628 0.5000000000
163626  4.852  23.664  49.629 0.5000000000
163638  6.277  23.911  48.256 0.5000000000
165041  5.633  24.441  48.968 0.5000000000
165058  7.037  24.402  47.605 0.5000000000
166362  6.330  25.064  48.503 0.5000000000
166352  5.880  25.073  48.814 0.5000000000
166370  7.272  25.197  47.624 0.5000000000
166361  6.810  25.137  48.101 0.5000000000
167629  6.088  25.477  48.694 0.5000000000
163663  7.825  23.792  45.880 0.5000000000
165067  7.668  24.408  46.716 0.5000000000
166369  7.651  25.202  47.137 0.5000000000
167636  6.978  25.894  47.916 0.5000000000
168832  6.688  26.357  48.069 0.5000000000
164962  3.962  23.788  55.438 0.2500000000
162136  3.419  23.267  55.124 0.5000000000
163547  4.786  23.322  55.175 0.2500000000
163548  4.145  23.373  55.443 0.2500000000
162143  3.381  22.764  54.850 0.5000000000
162144  3.155  23.351  54.702 0.5000000000
163556  4.784  23.937  54.859 0.2500000000
164967  4.419  24.537  54.845 0.2500000000
163579  3.221  23.593  53.571 0.5000000000
163568  6.108  23.921  53.980 0.1250000000
163591  3.669  23.891  51.962 0.3750000000
166288  8.586  24.773  53.406 0.1250000000
167562  9.398  25.640  53.464 0.1250000000
167551  9.867  25.876  54.711 0.1250000000
168765  10.350  26.493  54.432 0.1250000000
163601  3.746  24.267  51.360 0.3750000000
169965  11.432  27.260  54.762 0.1250000000
168756  10.968  26.837  54.875 0.1250000000
168764  10.809  27.005  54.145 0.1250000000
165029  3.872  24.919  50.655 0.3750000000
169973  11.861  27.633  54.359 0.1250000000
165043  4.583  24.555  49.687 0.3750000000
168762  12.653  27.134  53.868 0.1250000000
171183  12.796  28.061  53.993 0.1250000000
165042  5.089  24.491  49.309 0.5000000000
169985  13.544  27.626  53.169 0.1250000000
171182  13.331  28.121  53.692 0.1250000000
166353  5.358  25.158  49.116 0.5000000000
169983  15.045  27.811  52.945 0.1250000000
167630  5.667  25.874  48.845 0.3750000000
167638  5.919  26.332  48.543 0.5000000000
168833  6.220  26.732  48.184 0.3750000000
163558  3.189  23.793  55.214 0.3750000000
164961  4.314  23.886  55.231 0.2500000000
164968  3.741  24.297  55.357 0.2500000000
163570  2.944  23.980  54.675 0.3750000000
163569  5.506  24.215  54.097 0.2500000000
166279  3.977  25.082  55.093 0.2500000000
164969  3.033  24.494  55.184 0.2500000000
164992  2.941  24.771  54.005 0.2500000000
166321  7.882  25.383  51.772 0.1250000000
166310  7.511  25.036  52.221 0.2500000000
164990  5.602  24.969  53.416 0.2500000000
166290  4.446  25.420  54.584 0.2500000000
166301  3.289  25.260  53.005 0.2500000000
166319  8.910  25.623  51.924 0.1250000000
167573  9.344  25.720  52.723 0.1250000000
167561  9.889  26.056  53.926 0.1250000000
166313  3.468  25.338  52.272 0.2500000000
168800  10.098  26.551  51.863 0.1250000000
167584  9.735  26.167  52.367 0.1250000000
168776  10.347  26.577  53.646 0.1250000000
166323  3.578  25.422  51.561 0.3750000000
165015  3.727  24.850  51.165 0.3750000000
168788  10.359  26.641  52.755 0.1250000000
168775  10.809  27.072  53.398 0.1250000000
167605  3.595  26.108  51.276 0.2500000000
166344  3.967  25.373  50.325 0.3750000000
169987  11.257  27.497  53.123 0.1250000000
171196  12.304  28.145  53.850 0.1250000000
167619  3.826  26.081  50.564 0.3750000000
167626  4.133  25.947  49.986 0.3750000000
171205  12.263  28.262  53.121 0.1250000000
167625  4.507  25.876  49.551 0.3750000000
171194  13.741  28.513  53.083 0.1250000000
168827  5.154  26.310  48.979 0.3750000000
171193  14.709  28.465  53.182 0.1250000000
168834  5.368  26.808  48.597 0.3750000000
171189  17.494  28.172  52.920 0.1250000000
170040  5.700  27.397  48.008 0.3750000000
169989  5.344  27.571  53.482 0.1250000000
169975  5.029  27.583  54.232 0.1250000000
167587  5.821  26.114  52.612 0.1250000000
168777  5.367  26.866  53.246 0.2500000000
168758  4.813  27.069  54.444 0.1250000000
167553  3.946  26.030  55.220 0.2500000000
167548  3.446  26.430  55.487 0.2500000000
166281  2.929  25.237  55.008 0.2500000000
167601  8.239  25.763  51.320 0.1250000000
167617  7.198  26.499  51.049 0.1250000000
166312  6.168  25.315  52.608 0.2500000000
166300  5.277  25.484  53.526 0.2500000000
167563  4.879  26.002  54.047 0.2500000000
168768  2.966  26.546  54.356 0.2500000000
166291  2.805  25.305  54.356 0.2500000000
167615  8.654  26.146  50.924 0.1250000000
169977  3.129  27.014  53.971 0.2500000000
169991  3.217  26.850  53.575 0.2500000000
168791  3.395  26.716  52.562 0.2500000000
168787  10.881  27.107  52.751 0.1250000000
170008  11.664  27.742  51.867 0.1250000000
168814  3.668  26.829  50.936 0.2500000000
169999  11.735  27.841  52.727 0.1250000000
171221  12.156  28.084  51.357 0.1250000000
168824  3.962  26.789  50.037 0.3750000000
171204  12.877  28.505  52.680 0.1250000000
168823  4.287  26.325  49.700 0.3750000000
172358  14.516  29.018  52.722 0.1250000000
172359  13.986  28.927  52.347 0.1250000000
168829  4.025  27.277  49.521 0.3750000000
172363  16.638  28.947  52.686 0.1250000000
168835  4.718  27.345  48.725 0.3750000000
169979  18.052  27.418  53.054 0.1250000000
170047  5.448  27.841  47.816 0.3750000000
168769  18.704  26.456  53.125 0.1250000000
168790  5.577  26.848  52.814 0.1250000000
170002  5.474  27.218  53.052 0.1250000000
169968  4.378  27.485  55.225 0.2500000000
169963  3.453  27.576  55.405 0.2500000000
168801  6.553  26.973  51.473 0.1250000000
170001  5.692  27.591  52.717 0.1250000000
169964  3.067  27.238  55.108 0.2500000000
168811  8.440  26.625  50.413 0.1250000000
169990  3.305  27.375  53.316 0.2500000000
168809  9.789  26.528  51.035 0.1250000000
168818  10.242  26.910  50.620 0.1250000000
171207  3.480  28.308  52.885 0.2500000000
168808  10.480  26.877  51.294 0.1250000000
170015  11.523  27.662  50.952 0.1250000000
172370  3.588  29.138  52.502 0.2500000000
168803  3.507  26.806  51.753 0.2500000000
172389  3.723  29.300  50.624 0.2500000000
171224  3.647  28.409  51.082 0.2500000000
171210  13.298  28.680  51.312 0.1250000000
170028  3.825  27.632  49.918 0.2500000000
172365  15.131  29.248  52.232 0.1250000000
172367  13.876  28.953  51.644 0.1250000000
172372  16.480  29.282  51.938 0.1250000000
169993  18.393  27.589  52.392 0.1250000000
168792  18.764  26.389  51.940 0.1250000000
171197  5.707  28.493  53.138 0.1250000000
171185  5.484  28.676  53.717 0.1250000000
172353  5.129  28.649  54.509 0.1250000000
171177  4.363  28.157  55.398 0.2500000000
170017  7.318  27.880  50.477 0.1250000000
170011  6.046  27.862  52.096 0.1250000000
171181  3.510  28.323  55.193 0.2500000000
170025  8.824  27.520  49.662 0.1250000000
171199  3.348  28.333  53.772 0.2500000000
170022  11.266  27.679  49.926 0.1250000000
172361  3.519  29.102  53.391 0.2500000000
171215  3.560  28.366  51.970 0.2500000000
171219  13.231  28.667  50.510 0.1250000000
172382  15.559  29.491  50.940 0.1250000000
172375  14.370  29.155  51.161 0.1250000000
172381  16.378  29.271  50.996 0.1250000000
172383  14.882  29.423  50.647 0.1250000000
171208  17.755  27.998  51.304 0.1250000000
172360  5.828  29.232  53.612 0.1250000000
172352  5.373  29.081  54.316 0.2500000000
172346  4.586  28.699  55.282 0.2500000000
173408  4.285  29.381  55.438 0.2500000000
173428  7.384  29.809  50.697 0.1250000000
171223  7.008  28.604  50.770 0.1250000000
172369  6.154  29.295  52.795 0.1250000000
173410  5.367  29.584  54.754 0.2500000000
173409  3.880  29.477  55.236 0.2500000000
172395  8.089  29.139  49.746 0.1250000000
170026  8.292  28.020  49.718 0.1250000000
173412  4.213  30.068  55.214 0.2500000000
173415  3.602  29.828  53.862 0.2500000000
171242  8.799  28.446  49.305 0.1250000000
170024  9.484  27.340  49.729 0.1250000000
173418  3.628  29.873  53.032 0.2500000000
170031  11.213  27.997  49.311 0.1250000000
173421  3.687  29.951  52.125 0.2500000000
171237  12.764  28.794  49.405 0.1250000000
171228  12.651  28.469  50.028 0.1250000000
174507  3.884  30.545  51.283 0.2500000000
172393  14.097  29.388  49.816 0.1250000000
172385  13.664  29.016  50.179 0.1250000000
173433  15.502  29.744  49.806 0.1250000000
173425  15.919  29.532  50.526 0.1250000000
173417  6.239  30.043  53.377 0.1250000000
173437  7.771  30.129  50.275 0.1250000000
173419  6.444  29.990  52.693 0.1250000000
173414  5.829  29.856  54.201 0.1250000000
174489  5.510  30.581  54.763 0.2500000000
174490  4.710  30.804  55.166 0.2500000000
174491  4.124  30.730  54.622 0.2500000000
172407  8.489  29.278  49.339 0.1250000000
173436  8.074  29.759  49.783 0.1250000000
174496  3.709  30.577  53.558 0.2500000000
172414  9.973  29.211  48.625 0.1250000000
172406  9.229  29.073  48.963 0.1250000000
174499  3.708  30.613  52.705 0.2500000000
172404  11.964  28.955  48.693 0.1250000000
175594  3.971  31.733  51.053 0.2500000000
174503  3.834  30.776  51.752 0.2500000000
172394  13.512  29.135  49.613 0.1250000000
176653  4.212  32.324  49.714 0.2500000000
175598  4.071  31.621  50.264 0.2500000000
174506  3.944  30.793  50.915 0.2500000000
173435  14.191  29.739  49.385 0.1250000000
175588  7.663  31.587  52.177 0.1250000000
174500  7.381  31.202  52.207 0.1250000000
173422  6.821  30.050  51.813 0.1250000000
174498  6.368  30.495  53.589 0.1250000000
175575  5.063  31.615  54.617 0.2500000000
174504  7.453  31.038  51.764 0.1250000000
174509  7.629  30.658  50.879 0.1250000000
175574  5.856  31.551  54.419 0.1250000000
175580  4.834  31.995  54.164 0.2500000000
175581  4.291  31.596  53.969 0.2500000000
175597  8.018  31.264  50.931 0.1250000000
174514  7.848  30.499  50.349 0.1250000000
176629  5.528  32.004  54.513 0.2500000000
176634  4.733  32.193  53.890 0.2500000000
175586  3.819  31.199  53.241 0.2500000000
174520  9.116  30.710  49.203 0.1250000000
174531  9.462  30.392  48.788 0.1250000000
174521  8.646  30.324  49.395 0.1250000000
175585  4.026  31.860  52.878 0.2500000000
175591  3.805  31.249  52.497 0.2500000000
174530  9.869  30.674  48.659 0.1250000000
173450  11.082  29.939  48.288 0.1250000000
176645  4.011  32.540  51.343 0.2500000000
174528  11.377  30.603  48.246 0.1250000000
173448  12.592  30.033  48.323 0.1250000000
177665  4.244  32.907  49.174 0.2500000000
176649  4.044  32.448  50.488 0.2500000000
173441  13.798  29.957  48.907 0.1250000000
178725  4.176  33.326  48.645 0.2500000000
175589  7.385  31.359  52.538 0.1250000000
175584  7.198  31.379  53.081 0.1250000000
175587  8.098  31.995  51.878 0.1250000000
175577  7.441  32.067  53.495 0.1250000000
175579  6.406  31.464  54.109 0.1250000000
175596  8.356  31.459  50.530 0.1250000000
176632  6.248  32.300  54.121 0.2500000000
176628  5.779  32.144  54.380 0.2500000000
176633  5.308  32.461  54.008 0.2500000000
175604  9.973  31.405  48.940 0.1250000000
176637  5.052  32.960  53.460 0.2500000000
176665  11.260  31.782  48.586 0.1250000000
177643  4.408  33.418  52.505 0.2500000000
174526  12.814  30.771  48.214 0.1250000000
177652  4.032  33.296  50.716 0.2500000000
174518  13.862  30.501  48.499 0.1250000000
178722  4.052  33.610  49.269 0.2500000000
177658  4.112  33.119  49.880 0.2500000000
178734  4.228  33.592  47.980 0.2500000000
175583  7.625  31.816  52.861 0.1250000000
176631  6.994  32.568  53.852 0.2500000000
176644  8.563  32.345  51.598 0.1250000000
176640  8.502  32.496  52.312 0.1250000000
176630  7.558  32.848  53.660 0.2500000000
177634  5.934  33.156  53.779 0.2500000000
176646  9.808  32.663  50.377 0.1250000000
177638  5.386  33.358  53.509 0.2500000000
177639  4.888  33.445  53.112 0.2500000000
176658  10.270  32.065  49.176 0.1250000000
178706  4.322  34.157  51.921 0.2500000000
176664  11.922  31.879  48.467 0.1250000000
178711  4.106  34.130  51.022 0.2500000000
179792  4.056  34.949  50.472 0.2500000000
174525  13.509  30.906  48.267 0.1250000000
178726  3.966  33.997  48.648 0.2500000000
178717  3.959  34.099  49.977 0.2500000000
179793  3.917  34.982  49.712 0.2500000000
179813  3.997  34.514  48.005 0.2500000000
179801  3.912  34.869  48.637 0.2500000000
180876  4.156  35.595  49.220 0.2500000000
180883  5.119  35.874  48.973 0.2500000000
176636  7.893  32.424  53.219 0.1250000000
176643  9.093  32.636  51.323 0.1250000000
177642  8.894  33.023  52.714 0.1250000000
177631  7.585  33.563  53.598 0.2500000000
177633  6.521  33.163  53.804 0.2500000000
178689  6.236  33.575  53.674 0.2500000000
177649  10.806  33.349  50.483 0.1250000000
178701  4.765  34.152  52.645 0.2500000000
179780  5.226  34.859  52.882 0.2500000000
177656  10.973  33.100  49.853 0.1250000000
176656  11.550  32.347  48.847 0.1250000000
179784  4.601  34.880  52.197 0.2500000000
180866  4.525  35.580  51.716 0.2500000000
176655  12.201  32.454  48.710 0.1250000000
175610  13.053  31.434  48.241 0.1250000000
179788  4.304  34.902  51.375 0.2500000000
181933  4.731  36.254  51.344 0.2500000000
176661  14.049  32.179  48.300 0.1250000000
174524  14.210  30.960  48.360 0.1250000000
181938  4.967  36.487  50.434 0.2500000000
182869  4.969  36.487  51.076 0.2500000000
175607  15.006  31.066  47.780 0.1250000000
181945  5.191  36.236  49.531 0.2500000000
182875  5.221  36.601  50.874 0.2500000000
180890  5.756  35.552  48.411 0.2500000000
180882  5.961  35.876  48.822 0.2500000000
177637  8.027  33.148  53.429 0.1250000000
178687  7.229  34.042  53.570 0.2500000000
177632  7.090  33.369  53.731 0.2500000000
177645  10.126  33.339  51.449 0.1250000000
177640  10.055  33.534  52.134 0.1250000000
179766  7.081  34.404  53.503 0.2500000000
178688  6.605  33.948  53.639 0.2500000000
179774  5.548  34.471  53.267 0.2500000000
179779  5.566  35.225  53.091 0.2500000000
178721  13.466  33.537  49.246 0.1250000000
177654  12.201  33.319  49.490 0.1250000000
180861  5.358  35.599  52.851 0.2500000000
177660  13.855  33.171  48.885 0.1250000000
180862  4.915  35.529  52.355 0.2500000000
176660  14.699  32.454  48.071 0.1250000000
181928  4.763  36.038  51.972 0.2500000000
175620  14.714  31.303  47.205 0.1250000000
182868  5.292  36.717  51.369 0.2500000000
182881  6.033  36.801  50.176 0.2500000000
183841  5.980  37.267  50.838 0.2500000000
181950  6.327  36.129  49.024 0.2500000000
177635  9.214  33.687  52.987 0.2500000000
177636  8.578  33.437  53.225 0.1250000000
178692  7.977  33.990  53.399 0.2500000000
178703  11.810  34.091  51.240 0.1250000000
177644  10.702  33.557  51.152 0.1250000000
178691  8.753  34.232  53.189 0.2500000000
178694  6.279  34.388  53.546 0.2500000000
178714  13.164  33.874  49.671 0.1250000000
179772  6.741  34.684  53.487 0.2500000000
179773  5.924  34.854  53.340 0.2500000000
178719  14.654  34.024  48.911 0.1250000000
177667  14.298  32.787  48.536 0.1250000000
181921  6.219  36.232  53.309 0.2500000000
181922  5.581  36.233  53.034 0.2500000000
177674  14.591  33.038  47.372 0.1250000000
177666  14.779  33.164  48.172 0.1250000000
176671  14.678  32.182  47.419 0.1250000000
180855  6.472  35.504  53.383 0.2500000000
151696  54.111  16.319  18.335 0.3750000000
107353  28.652  -7.137  50.954 0.3750000000
116170  31.915  -3.800  51.696 0.8750000000
116181  33.250  -3.854  50.842 0.8750000000
116195  33.798  -3.754  49.925 1.0000000000
117731  32.410  -3.031  49.850 1.0000000000
117713  32.048  -2.804  50.167 1.0000000000
114920  35.106  -4.407  48.388 1.0000000000
116222  33.855  -3.654  48.649 1.0000000000
116208  33.792  -3.659  49.301 1.0000000000
116238  34.777  -3.817  47.884 1.0000000000
116239  34.027  -3.637  47.975 1.0000000000
116262  32.005  -3.580  47.637 1.0000000000
117750  31.679  -3.063  49.044 1.0000000000
119228  19.247  -1.844  47.951 1.0000000000
104578  24.941  -9.443  54.960 0.8750000000
103210  25.143  -10.019  54.558 0.7500000000
101807  24.509  -10.795  52.428 0.5000000000
114935  35.669  -4.414  47.107 0.8750000000
116301  32.351  -3.681  45.992 1.0000000000
117734  30.880  -2.623  49.129 1.0000000000
116339  29.773  -3.506  44.795 1.0000000000
116338  30.484  -3.641  44.737 1.0000000000
123562  15.366  0.621  52.683 1.0000000000
108777  25.475  -7.898  55.115 0.7500000000
117668  16.220  -2.461  53.035 1.0000000000
119160  18.469  -2.068  52.051 0.8750000000
122139  23.345  -0.549  48.484 1.0000000000
116336  31.912  -3.546  44.501 1.0000000000
116350  31.389  -3.502  43.923 1.0000000000
116351  30.625  -3.534  43.935 1.0000000000
110401  25.705  -6.684  54.717 0.8750000000
125036  10.923  0.752  50.982 1.0000000000
119226  24.099  -2.108  48.542 1.0000000000
116335  32.564  -3.299  44.292 1.0000000000
116315  36.186  -3.636  44.869 1.0000000000
117839  32.101  -3.128  43.426 1.0000000000
117874  30.553  -2.876  42.334 1.0000000000
125061  11.122  0.870  49.077 0.8750000000
113536  24.311  -5.015  51.499 1.0000000000
113502  24.429  -5.374  52.798 1.0000000000
116185  24.899  -4.099  51.486 1.0000000000
123596  24.981  -0.073  50.154 1.0000000000
117808  34.543  -2.801  44.756 1.0000000000
117806  35.976  -3.074  44.765 1.0000000000
117855  31.902  -2.929  42.974 1.0000000000
117872  32.001  -2.393  42.256 1.0000000000
119337  29.482  -2.027  41.238 1.0000000000
119352  28.505  -1.799  40.846 0.8750000000
113704  3.098  -4.935  41.301 0.6250000000
113750  6.147  -4.915  38.545 0.3750000000
127689  15.611  2.748  50.545 1.0000000000
127695  14.592  2.726  48.908 1.0000000000
125023  16.695  1.060  54.379 0.8750000000
113480  26.114  -5.205  54.135 0.8750000000
114866  25.778  -4.557  53.643 1.0000000000
122058  16.680  -0.240  55.028 0.8750000000
123545  17.003  0.423  55.145 0.8750000000
114874  25.313  -4.631  53.225 1.0000000000
114875  24.924  -4.724  52.799 1.0000000000
114865  26.303  -4.536  53.945 1.0000000000
117690  25.472  -2.951  51.726 1.0000000000
120592  26.747  -1.449  52.309 1.0000000000
119158  25.955  -1.639  51.808 1.0000000000
120627  25.499  -1.415  50.946 1.0000000000
120610  25.826  -1.271  51.429 1.0000000000
122093  26.069  -0.600  51.297 1.0000000000
122108  25.724  -0.296  50.896 1.0000000000
122107  26.389  0.003  50.763 1.0000000000
119205  5.918  -2.020  49.905 0.8750000000
117837  33.407  -2.408  43.376 1.0000000000
119272  34.143  -2.238  43.610 1.0000000000
119335  31.013  -1.701  41.403 1.0000000000
120798  27.573  -1.325  40.410 0.8750000000
120797  28.387  -1.247  40.394 0.8750000000
122269  28.065  -0.768  39.955 0.8750000000
122306  27.306  0.117  39.083 0.8750000000
130394  15.281  4.047  50.016 0.8750000000
129034  13.893  3.496  47.718 1.0000000000
126362  16.780  1.826  53.523 0.8750000000
122147  26.589  -0.739  47.654 1.0000000000
122186  24.598  -0.724  45.310 1.0000000000
119271  34.541  -2.183  43.739 1.0000000000
119283  33.522  -2.014  42.993 1.0000000000
119299  33.014  -1.973  42.586 1.0000000000
119315  32.774  -1.726  42.210 1.0000000000
120751  26.136  -1.942  42.000 0.8750000000
120771  31.301  -1.022  41.348 1.0000000000
122252  30.368  -0.365  40.851 1.0000000000
120839  24.914  -0.636  38.940 0.8750000000
126471  28.447  1.568  39.559 0.8750000000
127677  16.863  2.559  53.208 1.0000000000
131869  13.573  5.053  48.033 0.8750000000
130428  13.205  4.378  47.064 0.8750000000
129041  12.958  3.684  46.554 0.8750000000
126394  12.300  1.935  46.229 1.0000000000
127705  12.404  2.752  45.956 1.0000000000
117660  28.296  -3.472  53.173 0.8750000000
119127  28.013  -2.587  53.113 1.0000000000
120700  9.148  -1.108  45.619 0.8750000000
120662  27.189  -1.039  48.142 1.0000000000
119297  33.927  -1.491  42.701 1.0000000000
117852  36.410  -2.808  42.773 0.8750000000
119314  33.165  -1.389  42.178 1.0000000000
120724  36.687  -1.062  42.587 0.8750000000
120769  32.514  -0.892  41.678 1.0000000000
119332  36.248  -2.108  41.781 0.7500000000
120746  36.544  -1.495  41.951 0.7500000000
125142  29.973  0.960  40.617 1.0000000000
125143  29.509  0.973  40.319 1.0000000000
130381  16.264  4.160  52.253 0.8750000000
136252  10.544  7.470  49.994 0.8750000000
131915  10.175  5.462  46.496 0.8750000000
120708  9.147  -1.021  44.855 0.8750000000
122218  21.202  -1.035  42.489 1.0000000000
120720  22.015  -1.148  42.870 1.0000000000
122172  25.651  -0.818  46.089 1.0000000000
120692  25.676  -0.951  45.778 1.0000000000
120699  24.444  -0.930  44.778 1.0000000000
122196  23.636  -0.904  44.348 1.0000000000
122255  19.340  -0.301  41.712 1.0000000000
125122  17.607  1.617  41.779 1.0000000000
120712  35.309  -1.447  43.112 1.0000000000
120727  35.082  -0.992  42.751 1.0000000000
119234  28.488  -2.150  47.423 1.0000000000
120710  36.102  -1.549  43.141 1.0000000000
120726  35.715  -0.996  42.901 1.0000000000
120729  33.860  -1.266  42.444 1.0000000000
120728  34.353  -1.146  42.621 1.0000000000
120747  34.037  -0.925  42.269 1.0000000000
122248  32.852  -0.031  41.531 1.0000000000
122249  32.461  -0.342  41.506 1.0000000000
120822  24.079  -1.061  39.458 0.8750000000
127800  28.668  1.863  39.787 0.7500000000
130374  17.039  3.835  53.996 0.8750000000
134733  12.463  7.098  50.188 0.8750000000
126357  17.117  1.855  54.528 0.8750000000
136221  11.940  7.410  50.593 0.8750000000
122064  19.012  -0.390  54.660 0.8750000000
127761  16.776  3.485  42.373 0.8750000000
129123  16.487  4.410  43.409 0.8750000000
129136  16.515  4.369  42.828 0.8750000000
130517  16.445  4.935  43.707 0.8750000000
126444  17.350  2.262  41.483 0.8750000000
126445  17.165  2.763  41.645 0.8750000000
122233  20.242  -0.754  41.482 1.0000000000
120736  21.156  -1.047  42.095 1.0000000000
119248  27.502  -1.777  46.825 1.0000000000
122216  34.811  -0.420  42.329 1.0000000000
123696  33.097  0.208  41.612 1.0000000000
119275  26.128  -1.703  44.700 1.0000000000
119286  26.010  -1.820  43.908 1.0000000000
120715  25.365  -1.467  43.999 1.0000000000
123680  34.386  0.398  42.003 1.0000000000
125133  31.720  0.892  41.404 1.0000000000
123697  32.656  0.407  41.529 0.8750000000
125134  31.068  1.034  41.273 0.8750000000
120753  24.598  -1.440  42.075 0.8750000000
126452  29.665  2.063  40.908 1.0000000000
122335  23.618  -0.151  38.085 0.8750000000
126511  23.202  1.886  37.455 0.7500000000
131802  16.181  4.782  52.659 0.8750000000
134713  13.780  6.684  51.548 0.8750000000
133240  15.399  5.779  52.837 0.8750000000
134702  13.888  6.728  52.234 0.8750000000
126352  17.675  1.849  55.667 0.8750000000
131797  15.952  5.375  53.913 0.8750000000
136210  11.772  7.564  51.455 0.8750000000
125015  18.323  1.231  56.175 0.8750000000
134681  14.634  6.399  53.837 0.8750000000
130468  8.548  4.702  45.747 0.8750000000
134814  16.812  6.663  46.575 0.7500000000
136302  16.091  7.754  44.974 0.7500000000
133346  17.053  6.110  46.694 1.0000000000
131942  7.660  4.874  46.457 0.8750000000
136317  16.205  7.631  44.227 0.7500000000
130445  7.091  4.690  46.679 0.8750000000
134867  16.390  6.895  44.147 0.7500000000
130472  6.345  4.267  46.672 0.8750000000
131976  16.379  5.494  44.053 0.7500000000
133384  16.416  6.156  43.718 0.7500000000
131954  16.533  5.293  45.181 0.8750000000
127727  6.257  3.136  44.849 0.8750000000
133390  16.428  6.140  42.949 0.7500000000
129075  16.496  4.537  44.468 0.8750000000
130463  16.618  5.042  45.328 0.8750000000
119192  29.195  -1.479  49.787 1.0000000000
130539  16.624  4.512  42.034 0.8750000000
130540  16.544  4.798  42.391 0.8750000000
120697  25.432  -1.044  45.299 1.0000000000
120705  24.135  -1.045  44.224 1.0000000000
123701  19.240  -0.129  41.089 1.0000000000
125137  17.909  1.518  40.831 1.0000000000
123715  19.343  -0.090  40.678 1.0000000000
119266  26.135  -1.545  45.114 1.0000000000
120731  24.702  -1.415  42.933 1.0000000000
125120  32.099  1.385  41.677 0.8750000000
120843  22.145  -1.029  39.278 0.8750000000
123677  37.134  0.397  42.261 0.8750000000
126441  31.774  1.843  41.984 0.8750000000
127771  30.102  2.558  41.710 0.8750000000
122337  21.950  -0.321  38.249 0.8750000000
129160  28.117  3.102  40.229 0.6250000000
125194  22.117  1.550  37.311 0.7500000000
126512  22.805  2.287  37.402 0.7500000000
133232  14.921  6.166  54.145 0.8750000000
136199  11.987  7.581  52.403 0.8750000000
125014  19.178  0.774  55.893 0.7500000000
136215  8.456  7.398  51.764 0.8750000000
136270  15.998  7.800  47.335 0.6250000000
123547  19.544  1.004  54.673 0.8750000000
125021  19.562  1.304  54.425 0.8750000000
126360  19.261  2.030  53.669 0.8750000000
134719  6.882  6.272  50.708 0.8750000000
133311  17.842  5.872  48.741 1.0000000000
131837  6.293  5.302  49.527 0.8750000000
137761  16.113  7.965  43.921 0.7500000000
131935  16.906  5.242  46.146 0.8750000000
134896  16.385  6.826  42.516 0.6250000000
130462  16.768  4.762  45.552 0.8750000000
132000  16.572  5.312  41.878 0.7500000000
133396  16.470  6.093  42.157 0.6250000000
129155  16.977  3.921  41.299 0.8750000000
132011  16.939  5.199  40.891 0.8750000000
131999  16.744  5.369  41.305 0.7500000000
127790  17.450  3.131  40.559 0.8750000000
126454  17.354  2.667  41.065 0.8750000000
130562  17.062  4.496  40.740 0.8750000000
130574  17.367  4.301  39.952 0.7500000000
127807  17.632  3.238  40.050 0.8750000000
126460  17.877  2.240  40.295 0.8750000000
126461  17.579  2.582  40.624 0.8750000000
129193  17.987  3.478  39.028 0.8750000000
120702  25.811  -1.374  44.944 1.0000000000
120756  22.156  -1.207  41.725 1.0000000000
120733  23.147  -1.249  42.540 1.0000000000
120783  20.621  -0.931  40.938 1.0000000000
122253  20.092  -0.696  40.773 1.0000000000
123716  18.978  0.402  40.253 1.0000000000
125154  18.475  1.634  39.567 0.8750000000
126474  18.197  2.175  39.552 0.8750000000
120782  21.224  -1.092  41.013 1.0000000000
120807  20.476  -0.779  40.339 1.0000000000
123731  19.736  -0.066  39.702 1.0000000000
122272  19.785  -0.389  40.440 1.0000000000
125144  18.649  1.089  39.834 1.0000000000
125153  18.766  1.420  39.120 0.8750000000
126491  18.662  2.082  38.718 0.8750000000
127824  18.181  2.748  39.016 0.8750000000
127836  18.357  2.779  38.637 0.8750000000
125116  34.810  0.986  42.055 1.0000000000
120755  22.914  -1.250  41.795 1.0000000000
120806  20.976  -1.011  40.405 1.0000000000
120805  21.586  -1.151  40.421 0.8750000000
120780  22.620  -1.246  41.081 1.0000000000
123756  19.719  0.587  38.704 0.8750000000
120827  20.775  -0.858  39.940 1.0000000000
125168  19.435  1.244  38.270 0.8750000000
129202  18.731  3.485  37.918 0.7500000000
125102  36.593  1.164  42.885 1.0000000000
125117  34.182  1.030  41.890 0.8750000000
120825  21.928  -1.133  39.851 0.8750000000
120826  21.300  -1.003  39.779 0.8750000000
123755  20.521  -0.181  38.872 0.8750000000
123754  21.157  -0.291  38.502 0.8750000000
120844  21.679  -1.019  39.449 0.8750000000
122314  21.402  -0.690  38.957 0.8750000000
125185  19.270  1.737  38.032 0.8750000000
125184  19.689  1.582  37.698 0.8750000000
126440  32.592  2.077  41.973 0.8750000000
125183  20.264  1.235  37.609 0.8750000000
126425  32.098  2.382  42.348 0.8750000000
127770  30.606  2.234  41.848 0.8750000000
123792  21.577  0.994  37.405 0.7500000000
125182  20.922  1.007  37.520 0.8750000000
126426  31.479  2.182  42.280 0.8750000000
125195  21.367  1.620  37.263 0.7500000000
129132  29.836  3.195  42.298 0.8750000000
129141  29.185  3.198  41.594 1.0000000000
129133  29.246  3.718  42.596 0.8750000000
129134  28.726  3.934  42.422 0.8750000000
129143  27.928  4.068  41.681 0.6250000000
130547  26.221  4.237  41.427 0.5000000000
129164  25.095  3.930  40.322 0.5000000000
131789  16.938  4.492  55.262 0.8750000000
133224  14.582  6.265  54.985 0.8750000000
134659  14.164  6.483  55.161 0.8750000000
134673  13.637  6.866  54.204 0.8750000000
134706  7.776  7.103  51.728 0.8750000000
139224  15.239  9.002  47.212 0.6250000000
142028  14.962  10.891  43.675 0.6250000000
126364  18.418  1.863  52.440 1.0000000000
126363  18.790  2.084  52.966 0.8750000000
133267  5.918  5.691  50.648 0.8750000000
140698  15.515  10.211  42.364 0.3750000000
130417  5.219  4.329  48.560 0.8750000000
137791  15.948  9.004  42.441 0.5000000000
136368  16.315  7.557  42.082 0.6250000000
133405  16.850  5.628  41.018 0.7500000000
132031  17.431  5.034  39.399 0.7500000000
130592  18.199  3.953  38.354 0.7500000000
130591  18.542  4.339  37.762 0.6250000000
129214  19.419  3.417  37.335 0.5000000000
126504  19.379  2.198  37.715 0.8750000000
126516  19.820  2.214  37.351 0.8750000000
127766  34.343  1.996  42.053 0.8750000000
126514  21.072  2.289  37.062 0.7500000000
129213  20.192  3.756  36.876 0.7500000000
125197  20.133  1.753  37.321 0.7500000000
126476  8.109  2.053  39.733 0.6250000000
126408  37.454  2.176  43.588 1.0000000000
127733  36.982  2.549  43.679 1.0000000000
125173  7.786  1.153  39.539 0.7500000000
125091  37.965  1.961  43.217 1.0000000000
126401  37.901  2.496  43.744 1.0000000000
129121  29.555  3.817  43.201 0.8750000000
127844  21.456  3.005  36.980 0.7500000000
126434  37.539  2.258  42.031 0.7500000000
127765  37.241  2.891  41.673 0.7500000000
126406  38.250  2.688  43.319 1.0000000000
127764  37.657  3.014  42.068 0.8750000000
126449  36.261  2.017  40.855 0.5000000000
126448  36.622  2.234  41.203 0.6250000000
130522  28.342  4.159  42.543 0.7500000000
127777  36.326  2.809  40.875 0.3750000000
127784  35.905  2.651  40.477 0.3750000000
130533  27.586  4.221  41.876 0.5000000000
129176  34.955  3.007  39.354 0.3750000000
130534  26.830  4.402  42.073 0.6250000000
130559  25.049  4.114  40.749 0.5000000000
129165  24.625  4.035  40.182 0.5000000000
133214  14.925  6.058  55.401 0.8750000000
128993  20.104  3.067  55.642 0.7500000000
128996  20.093  3.273  54.868 0.8750000000
133216  14.073  6.395  55.848 0.8750000000
133207  14.262  6.341  56.127 0.8750000000
136169  10.317  7.546  54.432 0.8750000000
134685  7.477  7.142  53.322 0.8750000000
134695  7.475  7.083  52.602 0.8750000000
134697  6.230  6.405  52.062 0.8750000000
133268  5.394  5.406  50.946 0.8750000000
131839  5.255  4.879  50.067 0.8750000000
130397  4.289  4.270  49.779 0.8750000000
130418  4.934  4.326  48.942 0.8750000000
129031  4.013  3.666  48.488 0.8750000000
129023  4.275  4.094  49.381 0.8750000000
142061  15.717  10.910  41.280 0.3750000000
139295  15.914  9.857  41.348 0.3750000000
139281  15.820  9.542  41.957 0.3750000000
134927  16.567  6.878  40.974 0.6250000000
136401  16.600  7.470  40.418 0.6250000000
134943  16.887  6.788  40.092 0.6250000000
136400  16.772  7.365  39.991 0.6250000000
136427  17.205  7.314  38.927 0.7500000000
134970  17.405  6.801  38.662 0.6250000000
133432  17.843  5.514  38.438 0.6250000000
127753  35.482  2.449  42.704 0.8750000000
130602  19.506  4.333  36.931 0.5000000000
129127  35.144  2.835  42.712 0.8750000000
126423  35.146  1.947  42.337 0.8750000000
130601  19.967  4.239  36.716 0.6250000000
129185  9.273  3.675  39.432 0.6250000000
129092  35.386  3.831  44.197 0.8750000000
129114  34.733  3.621  43.384 0.8750000000
129129  34.028  3.383  42.871 0.8750000000
129221  20.798  4.199  36.658 0.6250000000
127718  37.559  2.687  43.979 1.0000000000
129049  37.175  3.916  45.526 1.0000000000
129067  36.035  3.858  44.866 0.8750000000
130499  34.949  4.009  44.417 0.8750000000
129094  33.922  3.959  44.125 0.8750000000
129115  33.982  3.735  43.497 0.8750000000
129116  33.301  3.696  43.665 0.8750000000
127756  33.350  3.005  42.550 0.8750000000
129131  32.838  3.427  43.280 0.8750000000
129088  38.611  3.373  43.959 1.0000000000
127732  38.231  2.724  43.539 1.0000000000
127731  38.331  3.015  43.394 1.0000000000
129069  32.920  3.927  44.873 0.8750000000
129096  32.435  3.659  44.410 0.8750000000
129097  31.709  3.485  44.488 0.8750000000
127736  32.495  3.298  43.243 0.8750000000
129119  31.096  3.267  43.825 0.8750000000
129125  38.214  3.728  42.995 0.8750000000
127750  38.127  3.158  42.829 1.0000000000
129072  30.866  3.813  45.138 0.8750000000
130484  30.027  4.221  45.026 0.8750000000
131978  38.680  5.092  43.232 1.0000000000
129138  37.633  3.676  42.106 0.7500000000
130461  29.318  4.745  45.773 0.8750000000
132029  23.215  5.311  39.064 0.3750000000
130486  28.610  4.770  45.038 0.8750000000
131946  29.062  4.802  45.642 0.7500000000
130571  24.401  4.137  40.106 0.5000000000
131969  27.467  4.977  44.461 0.6250000000
130362  17.694  4.438  56.640 0.7500000000
131778  17.186  5.100  56.542 0.8750000000
130364  19.276  4.193  56.564 0.7500000000
131781  19.663  4.459  55.890 0.7500000000
131786  15.887  5.611  56.293 0.8750000000
134675  7.624  7.214  54.039 0.8750000000
134663  8.708  7.355  55.064 0.8750000000
133202  13.656  6.512  56.395 0.8750000000
134649  10.820  7.087  55.769 0.8750000000
134634  10.400  6.916  56.381 0.8750000000
134686  6.872  6.867  53.093 0.8750000000
134677  6.261  6.591  53.624 0.8750000000
134633  11.164  6.843  56.363 0.8750000000
131818  4.834  5.230  51.225 0.8750000000
131827  4.406  4.847  50.813 0.8750000000
130407  3.547  3.927  49.270 0.8750000000
131840  3.337  4.953  49.531 0.8750000000
145058  16.741  12.595  38.975 0.1250000000
147807  17.844  14.137  38.430 0.1250000000
147817  17.570  13.455  38.257 0.1250000000
150292  18.087  15.293  39.107 0.1250000000
147792  16.945  14.220  39.165 0.1250000000
149039  17.679  15.032  39.055 0.1250000000
143528  16.252  11.628  39.829 0.1250000000
140728  16.241  10.268  40.237 0.5000000000
145057  17.125  12.254  38.414 0.1250000000
143546  16.640  11.607  39.010 0.1250000000
142092  16.363  10.846  39.674 0.1250000000
145079  17.569  12.387  37.934 0.1250000000
146529  17.895  12.952  37.902 0.1250000000
142111  17.021  10.987  38.459 0.1250000000
139317  16.616  9.252  39.494 0.5000000000
136416  16.719  7.668  39.943 0.6250000000
137828  16.636  8.304  39.857 0.5000000000
140755  17.001  10.006  38.558 0.3750000000
139316  16.956  8.715  39.201 0.5000000000
139329  17.211  9.044  38.511 0.5000000000
142128  17.321  10.552  37.924 0.1250000000
142147  17.633  10.152  37.520 0.2500000000
137840  17.176  8.081  38.854 0.5000000000
127749  3.984  3.135  43.655 0.8750000000
140799  17.916  9.628  37.297 0.3750000000
139348  17.859  8.858  37.542 0.5000000000
136437  17.746  7.667  37.857 0.5000000000
134983  17.585  6.915  38.316 0.6250000000
134982  17.865  6.924  37.928 0.6250000000
137853  17.854  8.137  37.572 0.5000000000
134996  18.548  6.931  37.087 0.6250000000
133460  18.238  6.410  37.547 0.6250000000
135009  18.936  6.950  36.776 0.6250000000
132061  19.087  5.738  36.811 0.5000000000
132059  20.635  5.255  36.441 0.5000000000
133477  19.508  6.187  36.542 0.5000000000
132022  9.248  5.403  39.415 0.6250000000
129167  8.131  4.034  40.139 0.6250000000
127810  7.626  2.779  40.060 0.7500000000
127811  6.952  2.534  40.097 0.7500000000
127791  7.055  3.109  40.287 0.7500000000
133355  37.394  5.538  45.727 1.0000000000
130451  36.831  4.285  45.866 1.0000000000
131899  36.074  5.200  46.523 1.0000000000
130477  35.712  4.009  45.041 0.8750000000
130454  34.561  4.359  45.802 0.8750000000
130479  34.574  4.253  45.159 0.8750000000
130456  33.215  4.226  46.131 0.8750000000
132058  21.368  5.363  36.546 0.3750000000
131878  32.915  4.716  48.022 0.8750000000
130435  33.876  4.436  46.717 0.8750000000
130437  32.368  4.177  46.835 0.8750000000
130457  32.516  4.039  46.156 0.8750000000
133364  38.487  5.661  45.022 1.0000000000
131843  30.962  5.262  49.296 0.8750000000
130425  30.268  4.806  47.575 0.8750000000
131986  38.572  5.417  42.530 0.6250000000
131861  30.458  4.971  48.429 0.8750000000
131880  30.317  4.842  47.845 0.8750000000
131903  29.631  4.882  46.685 0.8750000000
131881  29.813  5.019  47.601 0.8750000000
131927  29.197  4.883  46.133 0.8750000000
131995  37.966  5.404  41.539 0.6250000000
131928  28.406  5.087  46.251 0.6250000000
131948  27.807  5.122  45.589 0.6250000000
132018  36.614  5.292  39.830 0.3750000000
131949  26.992  5.183  45.671 0.5000000000
131960  27.263  5.084  44.972 0.5000000000
130515  25.538  4.918  43.572 0.3750000000
130360  18.777  3.923  56.796 0.7500000000
131776  18.740  4.618  56.795 0.7500000000
133204  18.328  5.725  56.767 0.7500000000
131779  16.375  5.547  56.689 0.7500000000
131787  19.816  4.725  55.080 0.7500000000
133197  16.812  5.799  57.240 0.7500000000
133198  16.062  5.902  57.179 0.7500000000
134664  8.025  7.267  54.787 0.8750000000
136172  8.206  7.442  54.043 0.8750000000
130370  19.954  4.034  54.593 0.8750000000
133194  15.716  6.321  57.456 0.7500000000
133195  15.382  6.346  57.279 0.8750000000
134635  9.608  6.936  56.350 0.8750000000
134597  15.318  6.736  57.474 0.7500000000
133201  13.978  6.473  56.521 0.8750000000
133243  5.142  5.812  52.942 0.8750000000
133234  5.677  6.148  53.301 0.8750000000
134599  13.751  6.839  57.489 0.8750000000
131804  4.647  5.554  52.606 0.8750000000
131812  4.712  5.517  51.874 0.8750000000
131798  4.649  5.556  53.199 0.8750000000
147781  16.056  13.545  40.667 0.1250000000
142000  14.778  11.122  46.605 0.3750000000
149054  19.660  14.882  38.882 0.1250000000
150291  18.649  15.305  39.014 0.1250000000
150281  19.236  15.729  39.431 0.1250000000
131898  2.891  5.214  47.185 0.8750000000
149069  19.649  14.429  38.524 0.1250000000
133337  3.902  6.158  47.971 0.8750000000
147804  20.860  13.700  39.040 0.1250000000
149053  20.070  14.752  39.042 0.1250000000
146507  20.438  13.659  38.373 0.1250000000
146528  18.621  13.050  37.649 0.1250000000
133363  2.969  5.546  46.087 0.8750000000
146506  20.797  13.287  38.496 0.1250000000
146527  19.451  13.322  37.700 0.1250000000
143563  17.915  11.786  37.478 0.1250000000
146546  19.844  12.839  37.481 0.1250000000
145077  18.631  12.454  37.365 0.2500000000
145097  19.607  12.256  37.150 0.2500000000
145076  20.564  12.800  37.835 0.1250000000
145098  18.888  12.105  37.146 0.2500000000
143581  20.092  11.745  36.949 0.2500000000
142165  19.240  10.104  36.490 0.2500000000
140819  19.140  9.347  36.492 0.2500000000
137867  18.659  8.118  36.718 0.3750000000
140716  24.770  10.485  41.420 0.1250000000
137884  19.187  8.297  36.473 0.3750000000
139391  19.551  8.911  36.388 0.3750000000
137883  19.899  8.299  36.352 0.3750000000
134960  8.895  6.625  39.595 0.6250000000
136384  22.602  8.017  41.257 0.2500000000
136399  22.538  7.771  40.662 0.2500000000
136452  20.992  7.625  36.437 0.3750000000
136426  22.815  7.616  39.166 0.3750000000
139327  22.469  8.864  38.915 0.2500000000
129168  7.464  3.674  40.339 0.8750000000
133340  36.188  5.593  46.439 1.0000000000
131900  35.394  4.883  46.780 1.0000000000
130433  35.114  4.459  46.215 0.8750000000
133414  22.781  6.296  40.895 0.2500000000
136435  22.745  7.559  38.366 0.3750000000
133366  37.202  6.099  45.413 1.0000000000
131876  34.350  5.305  47.521 0.8750000000
131877  33.627  4.926  47.730 0.8750000000
134743  33.274  6.909  48.902 0.8750000000
133306  32.453  5.551  48.979 0.8750000000
133288  31.478  5.805  49.796 0.8750000000
131990  22.968  5.589  42.071 0.5000000000
133381  38.990  5.805  43.580 0.8750000000
131845  29.267  5.542  49.316 0.7500000000
132006  37.777  5.720  40.852 0.5000000000
133274  28.772  6.278  49.963 0.7500000000
134725  30.093  6.704  49.996 0.8750000000
131831  28.803  5.859  49.899 0.7500000000
131846  28.446  5.816  49.420 0.7500000000
130527  24.298  4.922  42.858 0.5000000000
132017  37.165  5.696  40.006 0.2500000000
131950  26.136  5.206  45.701 0.5000000000
133422  38.223  6.314  39.678 0.1250000000
130595  35.221  5.081  37.169 0.1250000000
137901  47.224  8.154  35.128 0.7500000000
137870  46.714  8.412  36.075 0.7500000000
139419  48.225  9.380  33.355 0.8750000000
140845  48.517  10.020  33.689 1.0000000000
142184  48.295  11.056  34.409 1.0000000000
143670  49.308  11.617  32.162 0.7500000000
143647  48.924  11.392  33.367 0.8750000000
140859  48.524  9.926  32.987 0.8750000000
142215  48.960  10.937  33.057 0.8750000000
147852  49.266  13.598  32.562 0.8750000000
142228  49.071  10.875  32.395 0.7500000000
133203  18.822  5.860  56.336 0.7500000000
136155  18.112  7.341  55.916 0.7500000000
133220  19.693  5.344  54.570 0.7500000000
131783  18.664  5.280  56.689 0.7500000000
131795  19.686  4.747  53.566 0.8750000000
136145  17.410  7.074  57.121 0.7500000000
136152  16.785  8.008  56.812 0.7500000000
134636  8.785  6.890  56.342 0.8750000000
133225  5.666  6.166  54.125 0.8750000000
136130  15.813  7.247  57.734 0.7500000000
134622  9.217  6.801  57.023 0.8750000000
130380  19.120  4.298  52.129 1.0000000000
136132  14.192  7.384  57.755 0.7500000000
136131  15.071  7.448  57.662 0.7500000000
131819  4.279  5.266  51.414 0.8750000000
133245  3.432  6.174  53.446 0.8750000000
137629  12.145  7.947  57.661 0.7500000000
150280  19.782  15.545  39.520 0.1250000000
136281  4.456  7.008  46.701 0.8750000000
145095  20.858  12.134  37.493 0.2500000000
142127  21.487  11.366  37.737 0.2500000000
143603  19.996  11.101  36.604 0.2500000000
142163  20.717  10.687  36.631 0.2500000000
142143  21.319  10.931  37.189 0.2500000000
140797  21.427  10.422  36.820 0.2500000000
137882  20.610  8.364  36.367 0.3750000000
137852  22.580  8.346  38.204 0.3750000000
137785  25.594  8.221  41.981 0.1250000000
136331  23.387  7.276  43.543 0.2500000000
130565  6.982  4.324  40.647 0.8750000000
134802  35.268  6.652  46.501 1.0000000000
134881  22.874  6.626  43.694 0.3750000000
134880  23.150  6.901  44.004 0.2500000000
134835  37.622  6.436  44.991 1.0000000000
134820  35.400  7.232  46.053 1.0000000000
136255  34.036  7.498  48.084 1.0000000000
134723  31.523  6.929  50.093 0.8750000000
133376  23.012  6.046  44.406 0.3750000000
133380  39.082  6.359  43.861 0.7500000000
133372  38.923  6.261  44.151 1.0000000000
137693  32.521  8.168  48.594 0.8750000000
136246  30.918  7.408  49.546 0.8750000000
133382  23.264  5.645  44.416 0.3750000000
134887  39.785  7.240  43.200 0.8750000000
133392  39.876  6.721  42.449 0.7500000000
133393  39.473  6.338  42.307 0.6250000000
134767  29.932  7.033  48.885 0.6250000000
134727  28.792  6.729  49.558 0.6250000000
134728  28.247  6.947  49.045 0.5000000000
133276  27.988  6.651  49.365 0.5000000000
131847  27.638  6.034  49.295 0.5000000000
131865  26.933  5.990  48.910 0.5000000000
133400  39.871  6.640  41.918 0.7500000000
133401  39.461  6.428  41.559 0.3750000000
134936  39.839  6.754  40.638 0.6250000000
134770  27.889  6.824  48.457 0.5000000000
131866  26.393  6.159  48.757 0.5000000000
131931  25.782  5.362  46.489 0.3750000000
131951  25.268  5.297  45.682 0.3750000000
135002  44.999  6.639  36.827 0.5000000000
139407  47.828  8.959  34.547 0.8750000000
143631  47.970  11.583  34.946 1.0000000000
145143  48.296  12.294  34.432 0.8750000000
146587  48.478  13.043  34.030 0.8750000000
149097  48.513  14.530  33.296 0.8750000000
149112  48.911  14.583  32.503 0.8750000000
149111  49.338  14.428  31.842 0.8750000000
149129  48.813  14.849  31.659 0.8750000000
149146  48.101  14.814  31.326 0.7500000000
147902  47.216  14.582  31.079 0.7500000000
147882  49.767  13.848  31.419 0.8750000000
147899  49.862  14.195  30.693 0.8750000000
147915  49.718  14.429  29.993 0.7500000000
147916  48.810  14.372  29.998 0.6250000000
147917  47.807  13.991  29.977 0.6250000000
147928  48.572  13.800  29.167 0.6250000000
146680  51.265  13.244  28.947 0.8750000000
147933  51.205  13.683  28.564 0.7500000000
147934  50.254  13.995  28.430 0.6250000000
145296  52.585  12.033  26.086 0.8750000000
143789  51.815  11.112  26.224 0.8750000000
136151  17.373  7.624  56.658 0.7500000000
133239  19.441  5.728  53.236 0.8750000000
137640  15.672  8.467  57.037 0.7500000000
136138  9.323  7.451  57.891 0.8750000000
134607  7.256  6.921  57.881 0.8750000000
137628  12.969  7.921  57.612 0.7500000000
140645  14.771  10.405  47.978 0.5000000000
134741  3.984  6.320  50.538 0.8750000000
147736  15.217  14.000  44.085 0.2500000000
146372  14.981  13.272  45.094 0.2500000000
148999  15.119  14.460  44.339 0.2500000000
136403  8.166  7.331  40.413 0.7500000000
129156  4.435  3.764  40.743 0.8750000000
139314  26.241  9.360  39.200 0.1250000000
137774  24.845  8.470  42.586 0.1250000000
130553  5.985  4.695  40.947 0.8750000000
136398  26.463  7.597  41.002 0.1250000000
137773  25.071  8.329  42.530 0.1250000000
136365  25.421  8.049  42.527 0.1250000000
136347  25.114  8.150  42.867 0.1250000000
134864  25.359  7.545  44.357 0.2500000000
136313  24.947  7.688  44.074 0.2500000000
136299  23.689  7.053  44.733 0.3750000000
136298  24.188  7.356  44.773 0.3750000000
134849  23.467  6.623  45.091 0.3750000000
136308  36.920  7.904  44.615 1.0000000000
137698  34.033  8.350  48.046 1.0000000000
134831  23.730  6.587  45.671 0.3750000000
133375  23.289  5.977  44.977 0.3750000000
136342  39.561  7.690  43.266 0.8750000000
137699  33.303  8.465  48.157 0.8750000000
136258  31.642  7.741  48.608 0.8750000000
134830  24.187  6.731  46.091 0.3750000000
131934  23.794  5.977  45.905 0.3750000000
131953  23.777  5.737  45.567 0.3750000000
137716  32.590  8.186  46.919 0.7500000000
136268  31.153  7.454  48.155 0.7500000000
134787  29.185  6.842  47.901 0.5000000000
136340  40.685  7.897  42.521 0.7500000000
134771  27.176  6.776  48.542 0.3750000000
134789  27.665  6.860  47.798 0.3750000000
133325  26.091  6.324  48.625 0.3750000000
133326  25.591  6.506  48.176 0.3750000000
131908  25.445  5.648  47.241 0.3750000000
134953  39.964  6.914  39.946 0.5000000000
134935  40.451  7.022  40.425 0.6250000000
134952  40.588  7.119  39.681 0.5000000000
134988  43.835  6.654  37.168 0.5000000000
135004  43.356  6.697  37.006 0.5000000000
133451  41.673  6.548  37.376 0.2500000000
133467  42.211  6.335  36.741 0.2500000000
145124  47.774  12.294  35.336 1.0000000000
146579  48.218  13.113  34.513 0.8750000000
146698  52.335  12.719  27.259 0.8750000000
147944  49.497  13.703  27.807 0.5000000000
146715  52.683  12.732  26.316 0.8750000000
147948  52.277  13.254  27.072 0.8750000000
147949  51.775  13.785  26.999 0.5000000000
146691  49.433  13.544  27.378 0.5000000000
147951  50.249  13.783  27.018 0.5000000000
145307  52.611  11.784  25.428 0.8750000000
137658  17.200  8.457  55.647 0.7500000000
137652  17.071  8.215  56.285 0.7500000000
136207  17.754  7.128  51.719 1.0000000000
134680  18.542  6.943  53.478 0.7500000000
137654  16.103  8.526  56.763 0.7500000000
137653  16.518  8.517  56.463 0.7500000000
137626  14.586  8.007  57.607 0.7500000000
137641  14.968  8.502  57.253 0.7500000000
136141  6.931  7.647  58.191 0.8750000000
133227  4.177  6.362  54.869 0.8750000000
136174  4.458  7.633  55.071 0.8750000000
133246  19.142  5.870  52.432 1.0000000000
137647  10.150  8.519  57.263 0.7500000000
137649  8.847  8.489  57.530 0.8750000000
139138  8.307  8.784  57.527 0.7500000000
134678  3.790  7.146  54.416 0.8750000000
131815  18.851  5.171  51.219 1.0000000000
137644  12.618  8.520  57.323 0.7500000000
134698  3.355  7.137  52.929 0.8750000000
139149  10.622  9.054  56.767 0.6250000000
139161  11.169  9.568  56.247 0.6250000000
134762  4.863  7.155  49.871 0.8750000000
136228  4.507  7.763  51.005 0.8750000000
149008  15.085  14.925  44.270 0.2500000000
142089  26.205  10.916  39.608 0.1250000000
130555  4.641  4.420  41.072 0.8750000000
133407  6.551  5.945  41.074 0.8750000000
137811  26.601  7.786  40.278 0.1250000000
136345  26.078  7.528  42.897 0.2500000000
134908  26.969  7.064  42.213 0.2500000000
134863  25.918  7.348  44.539 0.2500000000
134828  25.631  7.067  46.141 0.3750000000
139223  33.408  8.907  46.807 0.7500000000
134844  26.875  6.954  45.372 0.3750000000
134827  26.394  6.958  46.169 0.3750000000
134809  26.663  6.924  46.998 0.3750000000
134811  25.164  6.826  46.904 0.3750000000
134812  24.602  6.740  46.643 0.3750000000
137770  39.624  8.390  43.032 0.8750000000
136284  32.106  7.662  45.710 0.5000000000
136285  31.528  7.384  46.181 0.5000000000
134839  30.923  7.039  45.811 0.3750000000
134807  28.199  6.799  47.041 0.3750000000
134806  28.995  6.767  47.105 0.3750000000
134825  27.943  6.812  46.221 0.3750000000
134808  27.427  6.884  47.017 0.3750000000
133343  24.669  6.511  47.136 0.3750000000
134792  25.554  6.745  47.513 0.3750000000
134810  25.918  6.912  46.941 0.3750000000
134791  26.177  6.783  47.788 0.3750000000
136359  41.067  7.710  41.949 0.7500000000
133450  42.425  6.612  37.382 0.3750000000
137843  45.754  8.681  37.545 1.0000000000
136430  45.200  7.647  37.872 0.7500000000
145306  52.986  12.209  25.435 0.8750000000
146729  52.833  13.183  25.917 0.8750000000
136188  17.393  7.851  53.075 0.7500000000
137672  16.639  8.753  53.266 0.7500000000
139165  16.955  8.708  55.599 0.7500000000
139154  16.402  8.807  56.313 0.7500000000
137638  5.527  8.070  57.494 0.8750000000
136142  6.087  7.757  58.106 0.8750000000
139172  16.076  9.653  55.281 0.7500000000
139143  15.374  8.853  56.906 0.6250000000
139155  15.964  8.945  56.525 0.7500000000
136162  5.112  7.921  56.063 0.7500000000
140596  15.058  9.822  56.225 0.6250000000
140595  15.616  9.492  56.201 0.6250000000
137670  3.799  8.655  53.699 0.8750000000
139151  8.686  9.059  57.294 0.7500000000
136206  3.487  7.961  52.550 0.8750000000
136217  4.093  7.822  51.590 0.8750000000
140641  14.855  10.498  48.964 0.6250000000
137691  5.475  8.226  50.193 0.8750000000
146361  14.910  13.292  45.878 0.3750000000
137711  6.893  8.439  47.485 0.8750000000
137719  6.854  8.424  46.700 0.8750000000
150255  14.793  16.071  43.640 0.1250000000
151499  14.658  16.617  43.430 0.1250000000
137817  9.043  8.017  40.554 0.7500000000
136369  8.554  7.733  41.450 0.7500000000
139249  36.643  9.332  44.714 0.8750000000
140653  35.209  9.678  46.552 0.8750000000
140663  34.109  9.564  46.150 0.7500000000
134874  29.328  6.708  43.741 0.3750000000
134860  28.099  6.756  44.579 0.3750000000
137734  32.631  7.979  45.333 0.6250000000
137782  41.214  8.442  42.108 0.7500000000
137768  40.751  8.596  42.409 0.8750000000
136376  41.795  7.682  41.043 0.7500000000
134933  41.690  7.309  39.922 0.6250000000
134932  42.328  7.352  39.804 0.7500000000
136420  43.975  7.263  38.957 0.8750000000
146738  53.572  12.991  24.601 0.7500000000
147960  51.197  13.814  25.906 0.5000000000
147971  52.801  13.592  25.444 0.8750000000
140607  15.026  10.333  55.655 0.6250000000
139141  6.316  9.327  58.102 0.7500000000
137661  5.451  8.678  55.670 0.7500000000
137664  5.007  8.538  54.802 0.7500000000
137668  4.891  8.886  54.314 0.7500000000
140614  5.633  9.886  54.512 0.7500000000
140618  5.505  10.128  53.973 0.7500000000
140587  7.577  9.583  57.647 0.7500000000
140588  6.960  9.967  57.830 0.7500000000
139180  4.302  9.115  53.780 0.7500000000
140621  4.575  10.229  53.147 0.7500000000
139199  15.285  9.632  50.014 0.6250000000
144910  14.808  12.614  48.134 0.6250000000
140625  3.845  10.347  52.308 0.7500000000
137684  5.693  8.778  50.452 0.8750000000
137704  6.511  8.241  48.492 0.8750000000
137697  6.322  8.266  49.088 0.8750000000
140632  5.772  9.760  50.785 0.7500000000
139201  6.293  9.315  50.218 0.8750000000
139297  10.047  8.778  41.334 0.7500000000
136372  6.745  7.335  41.834 0.8750000000
139247  37.703  9.245  43.797 0.8750000000
140676  37.146  10.039  44.309 0.8750000000
140662  34.639  10.002  45.923 0.7500000000
142004  34.985  10.446  45.588 0.8750000000
139240  33.709  9.092  45.583 0.7500000000
140677  36.758  10.307  44.732 0.8750000000
140685  38.754  9.935  43.335 1.0000000000
142008  35.848  10.762  45.250 0.8750000000
142009  35.219  10.701  45.066 0.8750000000
137732  33.459  8.692  44.879 0.6250000000
139265  39.952  9.239  42.781 1.0000000000
137745  33.577  8.786  44.232 0.6250000000
137760  32.839  8.190  43.489 0.5000000000
140701  41.394  10.067  41.935 1.0000000000
140693  40.913  9.734  42.194 1.0000000000
137781  41.755  8.662  41.823 0.8750000000
139284  42.730  9.032  40.984 1.0000000000
136375  42.511  7.973  40.849 0.7500000000
136391  42.791  7.686  40.301 0.7500000000
139298  43.565  9.038  40.174 1.0000000000
136390  43.458  7.928  40.128 0.8750000000
137832  44.807  8.537  38.618 1.0000000000
140759  45.417  9.751  38.146 1.0000000000
137818  44.427  8.533  39.209 1.0000000000
146719  48.760  12.977  25.529 0.5000000000
142450  52.167  11.205  19.565 0.6250000000
140611  15.723  10.068  54.933 0.6250000000
141958  6.047  10.964  55.297 0.7500000000
141959  15.407  10.514  54.510 0.6250000000
141961  14.181  11.648  54.916 0.6250000000
141956  14.077  11.256  55.592 0.6250000000
140593  7.082  10.595  57.517 0.7500000000
141939  6.579  10.535  57.702 0.7500000000
141944  6.001  10.963  56.898 0.7500000000
141957  13.429  11.709  55.894 0.6250000000
143386  12.592  12.185  56.080 0.6250000000
140620  5.151  10.171  53.499 0.7500000000
141966  5.493  10.544  53.585 0.7500000000
143421  14.878  11.829  49.363 0.6250000000
141982  5.554  10.507  50.724 0.7500000000
140634  4.334  10.503  51.092 0.7500000000
140644  7.300  9.792  49.564 0.7500000000
139228  7.966  9.061  46.800 0.7500000000
139211  7.738  9.585  48.635 0.7500000000
137764  9.456  8.655  43.786 0.7500000000
139283  10.055  8.880  42.289 0.7500000000
137792  9.553  8.401  42.399 0.7500000000
142062  10.404  10.668  40.693 0.5000000000
143530  10.291  11.406  39.540 0.5000000000
143566  10.173  12.007  38.048 0.6250000000
143446  37.770  11.581  43.757 1.0000000000
143448  36.329  11.809  43.442 0.7500000000
142026  35.015  10.677  43.619 0.6250000000
142022  38.616  10.723  43.493 1.0000000000
142015  37.009  10.908  44.347 0.8750000000
140710  42.745  9.946  40.928 1.0000000000
147984  53.942  13.565  23.657 0.7500000000
143876  52.949  11.963  21.008 0.7500000000
143893  52.501  11.665  20.583 0.6250000000
143912  52.752  11.550  19.858 0.6250000000
144829  13.508  12.295  54.307 0.6250000000
141953  7.678  11.599  56.874 0.7500000000
143372  7.051  11.831  57.022 0.7500000000
143373  6.198  11.717  57.085 0.7500000000
143374  5.950  11.676  56.457 0.7500000000
141962  6.059  10.949  54.568 0.7500000000
144820  12.432  12.607  55.854 0.6250000000
144811  11.476  12.589  56.107 0.6250000000
141952  8.203  11.253  56.666 0.7500000000
143381  7.999  11.944  56.673 0.7500000000
143394  5.912  11.652  53.728 0.7500000000
144893  14.745  12.405  49.796 0.6250000000
144812  10.639  12.439  56.019 0.6250000000
143397  5.597  11.739  53.395 0.7500000000
141971  4.677  10.726  52.921 0.7500000000
141975  4.514  11.124  52.576 0.7500000000
141976  3.892  11.081  51.990 0.7500000000
143404  3.791  11.500  51.748 0.7500000000
141988  6.664  10.824  50.182 0.7500000000
139218  8.221  9.746  48.109 0.7500000000
140643  7.562  10.025  49.400 0.7500000000
140647  7.883  10.014  48.956 0.7500000000
141987  7.340  10.673  49.827 0.7500000000
140652  8.649  10.176  47.945 0.7500000000
139227  8.607  9.659  47.222 0.7500000000
141996  8.631  10.775  48.445 0.7500000000
139261  10.116  9.411  44.096 0.7500000000
140699  10.620  10.262  43.055 0.7500000000
139269  10.446  9.688  43.457 0.7500000000
139270  10.155  9.177  43.177 0.7500000000
142050  10.040  11.456  41.372 0.6250000000
145020  8.271  12.697  39.708 0.6250000000
140696  34.607  10.357  42.995 0.5000000000
143449  35.794  11.419  43.422 0.6250000000
139273  33.848  9.395  42.691 0.5000000000
145043  7.176  13.119  38.946 0.2500000000
145021  7.753  12.976  39.615 0.3750000000
140687  34.579  10.187  43.754 0.5000000000
146493  6.587  13.224  38.839 0.2500000000
145022  7.295  13.098  39.439 0.2500000000
147994  53.805  14.278  23.183 0.5000000000
146753  54.312  13.376  22.553 0.6250000000
143891  53.580  12.204  20.112 0.7500000000
142478  51.937  11.012  17.946 0.6250000000
143942  52.320  11.445  17.868 0.6250000000
143406  14.865  11.688  51.741 0.5000000000
143407  14.491  11.897  52.236 0.6250000000
144830  13.126  12.546  54.122 0.6250000000
146232  12.835  12.802  54.269 0.6250000000
144817  6.722  12.771  56.670 0.7500000000
144827  5.980  12.136  54.523 0.7500000000
144869  14.086  12.483  51.250 0.5000000000
146255  13.764  12.621  51.566 0.6250000000
147599  12.238  13.574  53.973 0.6250000000
147591  12.333  13.369  55.283 0.6250000000
146217  11.457  13.047  55.994 0.6250000000
144880  14.521  12.440  50.605 0.5000000000
144881  14.061  12.715  50.809 0.5000000000
146257  12.359  13.329  51.599 0.6250000000
147622  11.854  13.770  51.137 0.6250000000
147634  11.993  13.928  50.453 0.6250000000
148920  11.369  14.724  50.128 0.3750000000
147583  11.437  13.388  55.883 0.6250000000
143402  4.861  11.902  52.526 0.7500000000
148907  11.167  14.587  50.696 0.5000000000
151390  10.494  16.283  49.431 0.3750000000
150157  10.473  15.985  49.867 0.3750000000
144847  4.654  12.582  52.242 0.7500000000
150147  10.384  15.587  50.589 0.3750000000
141985  3.634  11.245  51.019 0.7500000000
143409  3.635  11.846  51.357 0.7500000000
143420  4.158  11.690  50.257 0.7500000000
144894  8.346  11.991  48.961 0.7500000000
143415  7.576  11.454  49.601 0.7500000000
143416  6.972  11.470  49.945 0.7500000000
144884  6.577  12.105  49.885 0.7500000000
144886  4.928  12.149  49.890 0.7500000000
141995  8.987  10.991  48.088 0.7500000000
143431  10.031  11.543  46.505 0.7500000000
142013  10.326  10.819  45.457 0.7500000000
140682  10.504  10.355  44.573 0.7500000000
142029  10.738  10.945  43.547 0.7500000000
139260  10.423  9.717  43.832 0.7500000000
144980  10.111  12.576  42.106 0.5000000000
149033  9.732  15.234  40.061 0.3750000000
149027  9.945  15.114  40.878 0.3750000000
146456  8.758  13.586  40.447 0.5000000000
146457  8.017  13.277  40.320 0.3750000000
147784  8.412  14.184  39.696 0.3750000000
144952  36.485  12.358  42.828 0.8750000000
147785  7.715  13.992  39.681 0.3750000000
147796  7.877  14.461  39.338 0.3750000000
151536  9.136  16.608  38.890 0.3750000000
143910  53.684  12.203  19.711 0.6250000000
145411  53.117  12.289  17.911 0.6250000000
143925  53.275  11.947  18.623 0.6250000000
145445  52.540  12.675  16.987 0.6250000000
145429  52.436  12.286  17.228 0.6250000000
146858  52.024  12.896  16.271 0.5000000000
143955  52.196  11.729  17.389 0.6250000000
146865  51.181  12.819  15.430 0.3750000000
143962  51.229  11.719  16.353 0.3750000000
148094  52.127  13.857  15.506 0.5000000000
146879  51.654  13.425  12.260 0.1250000000
146880  51.044  13.071  12.346 0.1250000000
143396  14.054  11.975  53.295 0.6250000000
144844  13.713  12.267  52.964 0.6250000000
144836  12.728  12.820  53.656 0.6250000000
146239  12.541  13.043  53.269 0.6250000000
146228  5.737  13.312  55.100 0.7500000000
146247  12.954  12.765  52.581 0.6250000000
146248  12.479  13.114  52.426 0.6250000000
147605  12.062  13.622  53.419 0.6250000000
147597  11.943  14.013  54.580 0.6250000000
144832  5.906  12.142  54.040 0.7500000000
144828  5.663  12.669  54.451 0.7500000000
146256  13.223  12.849  51.830 0.6250000000
146240  12.086  13.428  52.920 0.6250000000
146258  11.740  13.722  51.794 0.6250000000
146241  5.369  13.159  53.590 0.7500000000
144838  5.427  12.443  53.336 0.7500000000
151375  9.751  16.470  50.914 0.3750000000
146301  6.992  12.947  49.299 0.7500000000
146285  5.704  12.808  49.622 0.7500000000
144898  4.576  12.610  49.453 0.7500000000
143429  9.481  11.410  47.378 0.7500000000
146319  8.450  12.967  48.448 0.7500000000
146300  7.833  12.720  49.086 0.7500000000
147658  6.368  13.599  48.880 0.7500000000
146304  4.366  13.130  49.007 0.7500000000
144929  10.565  12.307  45.330 0.6250000000
146386  10.695  13.096  44.313 0.6250000000
146438  10.058  13.268  41.911 0.5000000000
149212  54.117  15.125  21.313 0.5000000000
149204  54.609  14.233  21.783 0.5000000000
146786  54.642  13.426  20.865 0.5000000000
145410  53.485  12.493  18.199 0.7500000000
145409  53.879  12.708  18.598 0.5000000000
146838  52.797  12.907  17.037 0.5000000000
146837  53.288  13.187  17.195 0.6250000000
146824  53.475  12.889  17.772 0.5000000000
146863  52.263  13.603  15.866 0.5000000000
148109  52.977  14.000  11.982 0.1250000000
146231  5.528  13.297  54.648 0.7500000000
148878  11.321  14.506  53.772 0.6250000000
148863  8.706  14.770  56.453 0.6250000000
147601  5.307  13.792  53.832 0.7500000000
148869  11.153  14.985  55.154 0.6250000000
147608  5.191  13.810  53.291 0.7500000000
148893  10.212  15.352  51.933 0.6250000000
146251  4.882  13.239  52.461 0.7500000000
151369  9.655  16.532  51.671 0.5000000000
151376  9.490  16.852  51.111 0.5000000000
152645  9.454  17.182  50.562 0.5000000000
147638  3.797  14.021  50.728 0.7500000000
147661  3.595  14.448  49.027 0.6250000000
147673  6.647  14.111  48.415 0.7500000000
147660  5.177  13.536  48.760 0.7500000000
147676  4.186  14.090  48.248 0.6250000000
148958  7.847  14.742  47.326 0.6250000000
148030  54.972  14.234  19.764 0.5000000000
148051  54.392  13.719  17.920 0.5000000000
146836  53.757  13.488  17.383 0.5000000000
149289  53.838  14.594  16.397 0.3750000000
148092  53.106  14.146  16.079 0.3750000000
149301  53.603  14.805  15.934 0.2500000000
149308  53.021  14.985  14.156 0.2500000000
150537  53.950  15.251  13.288 0.2500000000
149335  53.910  14.777  11.457 0.2500000000
148870  5.818  14.469  55.070 0.7500000000
148871  5.507  14.466  54.596 0.7500000000
148886  10.711  14.854  52.905 0.6250000000
151349  10.128  16.048  53.765 0.6250000000
150112  10.558  15.619  54.087 0.6250000000
150099  9.265  16.290  56.634 0.6250000000
148874  5.312  14.472  54.016 0.7500000000
151356  10.109  15.898  53.367 0.6250000000
150108  10.703  15.729  54.843 0.6250000000
151344  10.127  16.371  54.543 0.6250000000
150127  10.011  15.840  52.631 0.6250000000
151363  9.791  16.368  52.394 0.6250000000
152626  9.554  16.909  52.668 0.6250000000
151357  9.889  16.347  53.169 0.6250000000
152639  9.292  17.313  51.261 0.3750000000
148894  4.655  14.636  52.409 0.7500000000
150143  4.256  15.459  51.008 0.6250000000
150150  3.729  15.353  49.921 0.6250000000
148946  6.132  14.489  48.089 0.7500000000
147691  3.869  14.452  47.899 0.6250000000
148960  6.418  14.892  47.707 0.6250000000
148977  4.431  15.073  47.160 0.6250000000
150172  3.480  15.712  48.700 0.6250000000
149001  10.063  14.681  44.085 0.6250000000
150250  9.627  15.980  43.425 0.5000000000
156907  10.031  19.255  39.836 0.3750000000
150438  53.478  15.345  20.695 0.2500000000
149231  52.628  15.081  20.164 0.2500000000
148063  54.553  14.160  17.695 0.3750000000
150536  54.408  15.683  13.577 0.2500000000
150107  6.318  15.011  55.661 0.6250000000
151351  5.764  15.808  55.008 0.7500000000
152618  9.484  17.262  53.436 0.6250000000
153954  9.465  17.655  53.901 0.6250000000
151345  9.869  16.862  54.380 0.6250000000
152612  9.694  17.276  54.147 0.6250000000
152634  9.321  17.217  51.995 0.6250000000
152627  9.267  17.531  52.754 0.6250000000
153963  9.160  18.130  52.894 0.5000000000
155372  8.984  18.598  51.826 0.6250000000
150128  4.821  15.378  52.605 0.7500000000
151377  4.606  16.302  51.196 0.6250000000
151371  4.868  16.241  51.978 0.7500000000
150160  3.630  15.639  49.394 0.6250000000
150200  6.206  15.256  47.343 0.6250000000
148975  5.317  15.261  47.132 0.6250000000
150217  3.982  15.912  46.853 0.6250000000
151450  4.783  16.196  46.654 0.6250000000
150210  8.580  15.219  46.251 0.6250000000
151459  7.611  16.387  45.785 0.6250000000
156877  9.324  19.425  42.176 0.6250000000
156888  9.752  19.272  41.308 0.5000000000
158196  10.235  19.922  40.287 0.5000000000
151793  54.991  16.080  13.135 0.3750000000
151342  6.629  16.288  56.029 0.6250000000
152609  9.921  17.177  54.817 0.6250000000
152602  10.113  16.894  55.205 0.6250000000
155340  9.549  18.508  54.783 0.5000000000
152600  9.528  17.696  56.951 0.6250000000
151343  6.203  16.726  55.763 0.6250000000
153947  9.318  18.477  54.007 0.5000000000
155341  9.300  18.927  54.390 0.5000000000
155358  9.076  18.728  53.069 0.5000000000
153955  9.267  18.102  53.582 0.5000000000
156729  8.756  19.250  52.110 0.5000000000
156722  8.875  19.226  52.618 0.5000000000
151385  4.377  16.261  50.596 0.6250000000
152655  4.573  17.019  49.973 0.5000000000
152716  5.579  17.407  45.936 0.6250000000
151463  4.487  16.713  46.357 0.6250000000
152715  6.287  17.167  45.904 0.6250000000
152714  6.902  17.045  45.682 0.6250000000
150458  54.605  16.073  18.480 0.3750000000
154468  55.332  17.559  13.205 0.3750000000
157179  54.799  19.338  12.052 0.3750000000
155835  55.047  18.650  11.852 0.3750000000
155858  54.592  18.693  10.463 0.3750000000
153937  7.235  18.005  56.511 0.6250000000
153934  7.492  18.462  56.644 0.6250000000
153939  5.986  17.866  55.744 0.6250000000
152611  5.632  17.206  55.131 0.6250000000
156706  9.059  19.533  53.805 0.5000000000
156688  9.252  19.795  54.976 0.5000000000
158024  8.938  20.095  53.224 0.5000000000
159324  9.155  20.969  54.107 0.3750000000
159333  9.022  20.855  53.380 0.5000000000
153977  5.332  17.829  51.404 0.5000000000
153983  5.277  17.799  50.654 0.5000000000
152673  4.273  17.428  48.488 0.5000000000
154011  4.583  17.973  48.333 0.5000000000
154026  4.042  17.889  47.663 0.6250000000
154052  3.846  17.739  46.059 0.6250000000
154051  4.420  17.663  45.872 0.6250000000
154070  4.611  18.125  45.634 0.6250000000
154049  5.442  17.875  45.700 0.6250000000
155461  6.308  18.620  45.052 0.6250000000
154067  6.760  18.239  45.027 0.6250000000
154086  7.188  18.518  44.651 0.6250000000
154459  54.838  18.398  13.905 0.3750000000
155329  5.787  18.699  55.857 0.6250000000
157998  9.324  20.476  55.173 0.3750000000
156677  9.268  20.488  56.696 0.3750000000
159316  9.303  21.064  54.774 0.3750000000
160703  9.007  21.509  52.810 0.3750000000
155367  5.458  18.809  52.120 0.5000000000
155382  5.530  18.500  50.804 0.5000000000
158127  4.764  20.453  45.762 0.5000000000
155483  5.029  19.399  45.012 0.5000000000
156832  5.954  19.799  44.694 0.5000000000
156716  4.755  19.749  53.521 0.5000000000
160680  9.614  22.090  55.288 0.3750000000
159303  9.590  21.552  56.276 0.2500000000
157986  9.342  21.212  56.741 0.2500000000
159298  9.030  21.627  57.112 0.2500000000
157990  6.877  20.389  56.685 0.3750000000
156715  5.013  19.692  53.097 0.5000000000
162142  9.404  22.230  53.918 0.3750000000
160660  9.669  22.467  56.833 0.2500000000
160661  9.194  22.292  57.108 0.2500000000
160662  8.567  22.122  57.160 0.2500000000
160666  7.525  22.277  56.595 0.2500000000
162148  9.660  22.827  53.509 0.3750000000
156762  5.803  19.872  48.807 0.5000000000
156763  5.615  19.592  48.417 0.5000000000
156785  4.950  19.699  47.136 0.5000000000
158143  5.757  20.476  44.709 0.5000000000
158016  4.290  20.380  54.024 0.5000000000
159305  6.291  21.186  56.575 0.3750000000
159301  7.043  21.163  56.744 0.3750000000
159306  5.505  21.017  56.405 0.5000000000
158038  4.733  20.517  52.822 0.5000000000
163535  9.758  23.291  56.873 0.2500000000
162116  7.829  22.659  56.594 0.2500000000
163543  10.213  23.261  55.441 0.2500000000
158052  5.503  20.367  50.741 0.5000000000
158066  5.804  20.224  49.584 0.5000000000
158082  5.466  20.340  47.753 0.5000000000
160833  5.823  21.571  45.473 0.5000000000
157996  4.578  20.748  55.915 0.5000000000
159317  3.863  20.934  54.942 0.5000000000
160670  5.147  21.474  56.310 0.5000000000
159307  4.825  21.136  56.174 0.5000000000
159310  4.127  21.317  55.690 0.5000000000
159325  3.889  20.884  54.214 0.5000000000
160668  6.321  22.055  56.272 0.2500000000
159334  4.039  21.127  53.457 0.5000000000
163536  9.266  23.332  57.031 0.1250000000
163544  8.346  23.709  56.049 0.1250000000
162120  7.592  22.963  56.116 0.2500000000
159348  4.558  21.038  52.662 0.5000000000
163542  10.427  23.870  55.682 0.1250000000
166268  10.357  24.829  56.143 0.1250000000
164956  9.209  24.344  56.218 0.1250000000
166270  9.372  24.907  55.817 0.1250000000
164957  8.716  23.971  56.196 0.1250000000
159382  5.493  21.088  50.170 0.5000000000
160726  4.805  21.817  51.293 0.5000000000
160759  5.642  22.319  48.400 0.5000000000
160799  6.589  22.615  46.110 0.5000000000
159326  3.611  21.419  54.357 0.5000000000
160694  3.840  21.573  53.275 0.5000000000
160695  3.610  21.871  53.580 0.5000000000
162132  7.001  23.036  55.377 0.1250000000
162123  5.856  22.758  55.469 0.2500000000
162134  5.872  23.178  54.974 0.1250000000
160705  3.695  22.167  53.044 0.5000000000
162131  7.423  23.122  55.667 0.2500000000
163545  7.851  23.392  55.802 0.1250000000
163553  6.943  23.341  54.756 0.1250000000
164976  7.673  24.027  53.885 0.1250000000
166269  9.846  24.999  56.175 0.1250000000
164965  8.504  24.241  55.069 0.1250000000
164960  8.634  24.130  55.763 0.1250000000
162177  4.515  22.220  51.192 0.5000000000
165028  4.150  24.612  50.188 0.3750000000
163625  5.375  23.937  49.156 0.5000000000
162244  6.474  22.695  46.532 0.5000000000
162234  6.656  23.162  47.265 0.5000000000
165051  6.090  24.414  48.562 0.5000000000
162243  6.849  22.980  46.320 0.5000000000
165050  6.564  24.417  48.170 0.5000000000
165057  7.434  24.664  47.266 0.5000000000
162135  3.735  22.875  55.418 0.3750000000
162150  3.261  22.838  54.052 0.5000000000
164975  8.327  24.346  54.081 0.1250000000
163577  6.779  24.062  53.633 0.1250000000
165001  3.444  24.577  52.524 0.3750000000
168750  10.790  26.290  55.421 0.1250000000
167546  10.061  25.842  55.485 0.1250000000
166278  9.294  25.240  54.617 0.1250000000
164964  8.896  24.707  54.814 0.1250000000
166277  9.632  25.493  55.174 0.1250000000
162178  4.233  22.585  51.392 0.5000000000
163580  3.001  24.169  54.060 0.5000000000
164979  4.748  24.851  54.319 0.2500000000
164991  3.194  24.486  53.374 0.5000000000
164987  7.501  24.233  53.335 0.1250000000
164999  7.127  24.652  52.639 0.2500000000
164988  6.708  24.425  53.103 0.2500000000
163578  6.290  24.316  53.476 0.2500000000
165007  3.626  24.728  51.802 0.3750000000
166297  8.899  25.169  53.000 0.1250000000
164997  8.188  24.753  52.809 0.1250000000
166287  8.999  25.072  53.855 0.1250000000
169966  11.219  27.345  54.469 0.1250000000
169986  11.726  27.915  53.549 0.1250000000
166332  3.725  25.456  50.904 0.3750000000
169972  12.520  27.597  54.140 0.1250000000
168763  12.236  27.070  54.364 0.2500000000
166354  4.788  25.194  49.414 0.3750000000
169971  13.025  27.644  53.789 0.1250000000
168761  13.064  27.283  53.453 0.1250000000
167631  5.009  25.853  49.200 0.3750000000
169984  14.300  27.810  52.947 0.1250000000
171192  15.473  28.375  53.143 0.1250000000
169982  15.701  27.785  52.817 0.1250000000
166280  3.433  25.159  55.413 0.2500000000
164978  5.225  24.778  53.888 0.2500000000
167554  3.195  25.853  55.349 0.2500000000
166302  3.020  25.274  53.692 0.2500000000
166322  7.203  25.456  51.763 0.2500000000
166309  8.288  25.055  52.427 0.1250000000
167616  7.925  26.236  50.825 0.1250000000
167574  5.519  25.796  53.107 0.1250000000
166289  4.897  25.302  54.059 0.2500000000
168759  4.451  26.822  54.888 0.2500000000
167577  3.164  25.906  53.417 0.2500000000
167599  9.508  26.166  51.654 0.1250000000
167576  3.359  25.972  52.751 0.2500000000
167589  3.462  26.061  52.020 0.2500000000
170000  11.231  27.397  52.354 0.1250000000
171212  12.225  28.195  52.267 0.1250000000
168828  4.564  26.693  49.249 0.3750000000
172357  15.262  29.006  52.956 0.1250000000
170041  5.014  27.766  48.205 0.3750000000
169981  16.398  27.551  52.754 0.1250000000
171190  16.765  28.270  52.853 0.1250000000
171202  17.129  28.611  52.735 0.1250000000
171188  17.997  28.076  52.622 0.1250000000
171198  5.438  28.205  53.511 0.1250000000
169967  4.704  27.524  54.772 0.1250000000
166311  6.750  25.265  52.222 0.2500000000
167603  6.561  26.171  51.729 0.1250000000
168802  6.085  27.085  51.950 0.1250000000
168752  4.069  26.890  55.414 0.2500000000
167555  2.894  25.990  54.788 0.2500000000
168813  6.919  27.231  50.973 0.1250000000
168779  3.118  26.463  53.771 0.2500000000
169969  3.202  27.748  54.885 0.2500000000
168810  9.136  26.502  50.597 0.1250000000
170003  3.473  27.528  52.322 0.2500000000
170009  11.085  27.295  51.537 0.1250000000
170012  3.583  27.591  51.443 0.2500000000
170019  3.711  27.602  50.608 0.2500000000
171211  12.777  28.444  51.787 0.1250000000
171203  13.424  28.699  52.162 0.1250000000
172366  14.470  29.140  51.943 0.1250000000
172364  15.868  29.220  52.472 0.1250000000
170042  4.536  27.791  48.570 0.3750000000
169978  18.503  26.958  53.203 0.1250000000
167578  18.857  25.717  52.852 0.1250000000
170004  18.660  26.954  52.117 0.1250000000
171180  4.620  27.960  55.066 0.1250000000
171178  3.869  28.225  55.598 0.2500000000
170018  6.802  27.997  50.972 0.1250000000
171206  5.982  28.432  52.491 0.1250000000
168812  7.683  27.020  50.493 0.1250000000
168821  8.320  27.253  50.006 0.1250000000
168819  9.676  26.851  50.276 0.1250000000
170016  10.850  27.228  50.687 0.1250000000
170023  10.326  27.274  49.914 0.1250000000
172379  3.643  29.210  51.578 0.2500000000
171220  12.701  28.383  50.892 0.1250000000
171244  3.829  28.107  49.621 0.2500000000
172374  15.015  29.326  51.435 0.1250000000
172376  13.767  28.955  50.872 0.1250000000
171209  17.491  28.603  51.670 0.1250000000
170005  18.247  27.384  51.594 0.1250000000
172350  5.003  28.982  54.921 0.2500000000
170027  7.755  28.154  50.076 0.1250000000
171222  7.471  28.623  50.304 0.1250000000
171213  6.600  28.579  51.382 0.1250000000
171187  3.375  28.374  54.561 0.2500000000
172354  3.485  29.096  54.224 0.2500000000
170032  10.655  27.840  49.328 0.1250000000
171229  12.037  28.091  50.389 0.1250000000
171227  13.172  28.815  49.857 0.1250000000
173427  15.019  29.655  50.124 0.1250000000
171217  17.081  28.368  50.777 0.1250000000
173411  4.878  29.811  55.235 0.2500000000
174505  7.201  30.555  51.512 0.1250000000
172387  6.901  29.390  51.181 0.1250000000
172377  6.442  29.274  52.071 0.1250000000
173413  3.757  29.831  54.661 0.2500000000
175576  4.510  31.252  54.682 0.2500000000
175582  3.890  31.094  53.725 0.2500000000
172405  9.705  28.741  48.847 0.1250000000
171247  11.264  28.728  48.607 0.1250000000
171238  11.862  28.412  49.237 0.1250000000
171248  10.627  28.738  48.614 0.1250000000
172402  13.168  29.311  49.096 0.1250000000
172403  12.462  29.027  48.885 0.1250000000
172401  13.760  29.481  49.346 0.1250000000
173434  14.756  29.757  49.670 0.1250000000
173416  6.404  30.266  53.130 0.1250000000
174501  7.030  30.810  52.356 0.1250000000
174494  6.238  30.714  54.019 0.1250000000
174512  8.764  31.057  49.692 0.1250000000
172413  10.796  29.288  48.420 0.1250000000
175590  3.926  31.724  51.889 0.2500000000
173449  11.818  29.974  48.238 0.1250000000
176641  8.038  32.160  52.584 0.1250000000
174493  6.587  31.114  53.863 0.1250000000
176638  4.557  32.606  53.300 0.2500000000
175599  9.670  31.849  49.405 0.1250000000
175595  8.840  31.889  50.238 0.1250000000
176642  4.127  32.607  52.271 0.2500000000
174529  10.660  30.587  48.368 0.1250000000
175614  10.409  31.117  48.588 0.1250000000
177647  4.131  33.373  51.636 0.2500000000
174527  12.097  30.660  48.191 0.1250000000
173447  13.297  30.297  48.405 0.1250000000
175578  6.867  31.634  53.779 0.1250000000
176647  9.222  32.424  50.633 0.1250000000
176657  10.913  32.223  49.006 0.1250000000
176663  12.601  31.976  48.379 0.1250000000
178723  3.889  34.314  49.254 0.2500000000
176635  8.392  32.709  52.997 0.1250000000
177641  9.463  33.291  52.432 0.1250000000
177651  9.653  32.900  51.047 0.1250000000
177657  10.381  32.910  50.102 0.1250000000
177650  10.223  33.147  50.760 0.1250000000
178696  5.264  34.068  53.175 0.2500000000
175609  13.787  31.527  48.198 0.1250000000
180875  4.307  35.883  49.807 0.2500000000
181952  5.362  36.074  49.225 0.2500000000
178695  5.887  33.994  53.517 0.2500000000
177655  11.577  33.238  49.641 0.1250000000
176654  12.877  32.554  48.616 0.1250000000
177661  13.176  33.038  48.958 0.1250000000
177668  13.584  32.647  48.586 0.1250000000
180870  4.324  35.743  50.872 0.2500000000
181932  5.023  36.422  51.830 0.2500000000
175608  14.642  31.599  48.075 0.1250000000
176677  14.414  32.096  46.776 0.1250000000
181944  5.785  36.484  49.877 0.2500000000
180856  5.832  35.595  53.203 0.2500000000
178716  11.972  33.639  50.009 0.1250000000
182880  6.314  36.861  50.010 0.2500000000
142481  51.623  11.184  17.105 0.6250000000
110452  12.315  -6.873  51.967 0.7500000000
111993  11.893  -6.357  51.466 0.7500000000
110453  11.938  -6.723  52.544 0.7500000000
103205  17.337  -10.885  56.628 0.5000000000
119087  7.332  -2.300  58.392 0.7500000000
119088  6.771  -2.046  58.377 0.6250000000
119089  6.049  -1.987  58.315 0.6250000000
117625  7.647  -2.746  58.701 0.6250000000
117627  6.216  -2.340  58.881 0.6250000000
117633  5.212  -2.460  58.170 0.6250000000
114846  9.350  -4.083  56.483 0.7500000000
116130  8.916  -3.675  57.968 0.6250000000
117634  5.035  -2.873  57.772 0.5000000000
113493  10.480  -5.325  54.581 0.7500000000
114849  9.741  -4.464  55.834 0.7500000000
116136  5.000  -3.512  56.607 0.6250000000
117637  4.801  -2.991  57.071 0.7500000000
110466  12.344  -6.648  51.043 0.7500000000
113526  11.194  -5.662  51.573 0.7500000000
111969  10.858  -5.742  53.108 0.7500000000
116141  5.202  -3.854  55.324 0.5000000000
111981  11.444  -6.175  52.229 0.7500000000
114859  5.616  -4.213  54.789 0.5000000000
113519  6.378  -4.842  52.660 0.3750000000
114877  6.004  -4.601  53.371 0.3750000000
113528  7.430  -5.519  52.403 0.2500000000
114880  32.517  -4.674  51.362 0.6250000000
116169  32.437  -4.100  51.484 0.6250000000
103204  17.736  -11.305  56.236 0.5000000000
113522  32.830  -5.001  51.001 0.6250000000
101726  18.211  -11.716  55.934 0.5000000000
103208  17.511  -10.913  55.943 0.6250000000
104573  17.120  -10.454  56.403 0.5000000000
105909  16.385  -9.658  55.865 0.6250000000
119092  7.415  -2.007  57.748 0.7500000000
119093  6.588  -1.579  57.724 0.7500000000
117636  8.363  -2.638  57.017 0.7500000000
119094  5.757  -1.689  57.812 0.7500000000
114857  9.330  -3.733  54.969 0.7500000000
116137  9.021  -3.530  56.395 0.7500000000
120543  5.387  -1.545  57.339 0.7500000000
108833  13.362  -7.649  52.467 0.7500000000
113503  10.415  -5.289  53.719 0.7500000000
113494  10.034  -4.801  54.356 0.7500000000
117640  4.517  -2.955  56.367 0.7500000000
119100  4.843  -2.024  57.131 0.7500000000
108843  13.135  -7.444  51.526 0.8750000000
108844  12.861  -7.395  52.152 0.8750000000
113527  10.802  -5.204  51.893 0.7500000000
113515  10.452  -5.134  52.820 0.7500000000
117643  4.288  -2.913  55.567 0.6250000000
108853  13.326  -7.392  50.540 0.8750000000
110465  12.789  -7.036  50.773 0.8750000000
111994  11.535  -5.841  51.250 0.7500000000
116144  5.036  -3.814  54.535 0.5000000000
110480  12.961  -6.930  50.038 0.8750000000
110481  12.512  -6.554  50.253 0.8750000000
112005  11.983  -5.967  50.534 0.8750000000
114888  5.760  -4.525  52.531 0.3750000000
114870  5.486  -4.179  53.944 0.5000000000
113555  6.452  -5.086  50.435 0.3750000000
113530  6.138  -4.789  51.838 0.3750000000
112008  7.413  -5.705  50.093 0.2500000000
111997  6.999  -5.376  50.516 0.2500000000
103207  18.035  -11.417  55.420 0.5000000000
114894  32.905  -4.297  51.179 0.7500000000
103218  17.640  -10.934  55.218 0.7500000000
114893  33.419  -4.493  50.813 0.7500000000
101710  18.306  -12.012  56.256 0.5000000000
113521  33.527  -5.043  50.428 0.7500000000
104582  16.833  -10.082  55.405 0.7500000000
104574  16.775  -10.062  56.148 0.6250000000
105921  15.902  -9.164  54.947 0.8750000000
107307  15.425  -8.596  54.384 0.7500000000
119102  7.899  -1.604  56.077 0.7500000000
119098  7.302  -1.471  56.964 0.7500000000
107318  15.112  -8.444  53.763 0.8750000000
117641  8.668  -2.740  55.567 0.7500000000
117639  8.355  -2.337  56.254 0.7500000000
120546  6.239  -1.029  56.672 0.7500000000
119099  6.629  -1.233  57.076 0.7500000000
108831  14.669  -8.300  52.339 0.8750000000
116143  9.002  -3.128  54.894 0.7500000000
117638  8.674  -2.974  56.327 0.7500000000
120552  5.795  -0.953  56.066 0.7500000000
108842  13.904  -7.805  51.013 0.8750000000
108832  14.123  -8.008  52.076 0.8750000000
114876  9.718  -4.129  53.213 0.7500000000
119105  4.292  -2.186  56.125 0.7500000000
119104  4.627  -1.873  56.658 0.7500000000
108852  13.874  -7.670  50.180 0.8750000000
113516  10.053  -4.568  52.828 0.7500000000
119108  3.857  -2.591  54.952 0.7500000000
108862  13.418  -7.268  49.762 0.8750000000
112006  11.552  -5.569  50.734 0.7500000000
114879  4.829  -4.076  52.705 0.5000000000
116156  4.089  -3.535  53.703 0.5000000000
108870  13.580  -7.132  49.212 0.8750000000
110497  12.729  -6.558  49.734 0.8750000000
112017  12.462  -5.995  49.491 0.8750000000
113554  11.566  -5.149  50.174 0.7500000000
113544  4.723  -4.678  50.478 0.5000000000
114899  5.030  -4.484  51.619 0.5000000000
110496  13.102  -6.622  49.223 0.8750000000
113566  6.210  -5.162  49.841 0.3750000000
113542  6.025  -4.849  50.997 0.5000000000
112033  6.791  -5.566  48.347 0.2500000000
112019  7.201  -5.590  49.226 0.2500000000
103217  18.102  -11.341  54.681 0.7500000000
101725  18.668  -12.126  55.737 0.5000000000
116180  33.726  -4.040  50.477 0.7500000000
104581  17.201  -10.490  55.695 0.6250000000
113520  33.834  -4.855  50.287 0.7500000000
104592  16.948  -10.092  54.644 0.8750000000
113548  33.991  -5.256  49.696 0.7500000000
105933  16.124  -9.392  54.384 0.8750000000
107329  15.947  -8.977  53.286 0.8750000000
119103  7.385  -1.212  56.304 0.7500000000
120545  6.891  -1.092  56.532 0.7500000000
107339  15.156  -8.514  52.384 0.8750000000
117642  8.399  -2.095  55.482 0.7500000000
120551  6.551  -0.833  56.075 0.7500000000
107340  14.716  -8.334  51.942 0.8750000000
117645  8.692  -2.449  54.770 0.7500000000
120562  5.410  -0.961  55.132 0.7500000000
107360  14.401  -8.117  50.458 0.8750000000
116153  9.381  -3.575  53.622 0.7500000000
114868  9.253  -3.522  54.334 0.7500000000
119107  3.991  -2.206  55.286 0.7500000000
114896  10.405  -4.275  51.673 0.7500000000
119116  3.760  -2.413  54.643 0.7500000000
110495  13.568  -6.841  48.827 0.8750000000
108861  13.920  -7.520  49.497 0.8750000000
113539  10.807  -4.668  51.191 0.7500000000
114891  3.981  -4.218  51.988 0.6250000000
116168  3.675  -3.377  53.197 0.6250000000
110514  13.395  -6.526  48.667 0.8750000000
113557  5.198  -4.907  50.046 0.5000000000
114910  4.228  -4.511  50.857 0.5000000000
112030  13.210  -5.944  48.455 0.8750000000
112016  12.856  -6.124  48.993 0.8750000000
113564  12.047  -5.183  49.446 0.8750000000
113553  11.999  -5.586  49.900 0.8750000000
112022  5.047  -5.306  48.703 0.3750000000
113568  5.036  -5.123  49.303 0.5000000000
113577  12.645  -5.197  48.732 0.8750000000
112034  5.946  -5.508  48.271 0.3750000000
112020  6.317  -5.337  49.122 0.3750000000
112048  6.272  -5.679  47.541 0.2500000000
101738  18.605  -11.888  55.235 0.5000000000
116194  34.213  -3.892  49.633 0.7500000000
101724  18.985  -12.354  55.478 0.5000000000
101737  18.896  -12.033  54.944 0.5000000000
101757  18.593  -11.732  54.677 0.7500000000
114903  34.734  -4.389  49.326 0.7500000000
100038  19.540  -12.466  55.040 0.5000000000
104591  17.282  -10.517  54.969 0.8750000000
111985  34.378  -5.021  49.660 0.7500000000
114905  34.078  -4.243  50.072 0.7500000000
104604  17.086  -10.115  53.900 0.8750000000
113560  35.000  -4.850  48.750 0.7500000000
111998  34.453  -5.126  49.366 0.7500000000
105958  16.425  -9.477  52.987 0.8750000000
113561  34.778  -5.052  48.896 0.7500000000
111999  34.082  -5.361  49.310 0.7500000000
105959  16.068  -9.085  52.850 0.8750000000
120550  7.157  -0.885  55.985 0.7500000000
120559  7.485  -0.731  55.396 0.7500000000
113583  35.179  -5.368  47.393 0.7500000000
107348  15.615  -8.883  52.005 0.8750000000
119106  8.190  -1.546  55.228 0.7500000000
120569  7.794  -0.831  55.113 0.7500000000
122054  6.697  -0.468  55.054 0.7500000000
122063  5.867  -0.670  54.411 0.7500000000
107358  15.634  -8.906  51.193 0.8750000000
107350  14.530  -8.265  51.303 0.8750000000
119113  8.579  -1.921  54.403 0.7500000000
120579  4.871  -1.279  53.891 0.7500000000
107359  15.091  -8.487  50.743 0.8750000000
116154  9.068  -2.924  54.044 0.7500000000
120586  4.795  -1.379  53.294 0.7500000000
108860  14.454  -7.730  49.248 0.8750000000
107370  14.311  -7.865  49.825 0.8750000000
114897  10.067  -3.675  51.825 0.7500000000
116164  9.503  -3.564  52.855 0.7500000000
119137  3.720  -2.187  53.273 0.7500000000
108869  14.006  -7.246  48.825 0.8750000000
116189  10.298  -3.597  51.313 0.7500000000
116191  3.282  -3.580  51.413 0.6250000000
117685  3.397  -2.836  52.798 0.6250000000
114916  11.418  -4.191  49.929 0.8750000000
113559  4.014  -4.907  49.795 0.6250000000
114902  3.333  -3.984  50.895 0.6250000000
110513  13.815  -6.579  48.251 0.8750000000
114924  11.803  -4.063  49.444 0.8750000000
112036  4.653  -5.376  48.304 0.6250000000
113570  3.835  -5.007  49.145 0.6250000000
112045  13.609  -5.792  48.015 0.8750000000
113576  13.153  -5.211  48.286 0.8750000000
112035  5.249  -5.499  48.230 0.3750000000
114932  13.271  -4.497  48.237 0.8750000000
112066  4.946  -5.863  46.914 0.3750000000
112049  5.487  -5.705  47.574 0.2500000000
100068  24.021  -11.702  53.660 0.6250000000
101756  19.231  -12.082  54.557 0.7500000000
103229  17.756  -10.901  54.528 0.8750000000
96964  19.662  -13.289  55.667 0.5000000000
104603  17.408  -10.511  54.253 0.8750000000
104616  16.877  -9.903  52.796 0.8750000000
113572  35.293  -4.818  48.199 0.7500000000
105986  16.075  -9.177  51.700 0.8750000000
105972  16.468  -9.455  52.141 0.8750000000
105973  16.075  -9.141  52.404 0.8750000000
120576  8.501  -1.184  54.263 0.7500000000
122068  8.309  -0.485  54.147 0.7500000000
122070  6.909  -0.196  53.994 0.7500000000
122071  6.274  -0.551  53.779 0.7500000000
112054  34.788  -5.838  46.388 0.7500000000
107368  15.921  -8.874  50.144 0.8750000000
119135  9.231  -1.794  52.982 0.8750000000
119122  8.834  -1.638  53.820 0.7500000000
122080  6.341  -0.682  53.045 0.7500000000
120577  5.829  -0.876  53.335 0.7500000000
110557  34.199  -6.097  45.452 0.5000000000
107379  15.686  -8.356  48.981 0.8750000000
107369  14.940  -8.251  49.753 0.8750000000
117683  9.588  -2.840  52.180 0.8750000000
117684  9.386  -2.583  52.505 0.8750000000
117669  9.081  -2.387  53.427 0.7500000000
120584  5.980  -0.980  52.730 0.7500000000
120585  5.386  -1.184  52.959 0.7500000000
107380  14.970  -7.929  48.993 0.8750000000
117696  9.741  -2.671  51.861 0.8750000000
116176  9.688  -3.227  52.216 0.7500000000
119136  4.249  -1.784  52.933 0.7500000000
114917  11.034  -3.918  50.343 0.7500000000
116203  10.526  -3.196  50.856 0.8750000000
119170  3.832  -2.208  51.649 0.6250000000
108868  14.612  -7.501  48.615 0.8750000000
108880  14.314  -7.061  48.318 0.8750000000
116235  11.689  -3.599  49.638 0.8750000000
114919  3.122  -4.228  49.843 0.6250000000
117711  3.259  -2.996  50.457 0.6250000000
110512  14.338  -6.775  47.919 0.8750000000
114923  12.202  -4.396  49.082 0.8750000000
113580  3.781  -5.076  48.567 0.6250000000
114918  3.465  -4.747  49.602 0.6250000000
110532  14.166  -6.478  47.766 0.8750000000
114933  12.716  -4.334  48.638 0.8750000000
112051  4.145  -5.450  47.810 0.5000000000
112044  14.001  -5.935  47.677 0.8750000000
112086  3.512  -5.633  46.417 0.5000000000
112067  4.222  -5.767  47.067 0.5000000000
103212  23.713  -10.699  54.677 0.7500000000
100052  23.723  -11.788  54.439 0.7500000000
98427  23.361  -12.312  54.427 0.7500000000
98449  23.309  -12.725  53.391 0.6250000000
97008  22.375  -13.523  53.392 0.5000000000
100056  20.063  -12.280  54.592 0.6250000000
101774  19.218  -11.772  54.110 0.7500000000
101775  18.630  -11.576  54.146 0.8750000000
103228  18.194  -11.265  54.085 0.8750000000
97030  21.864  -13.628  52.248 0.3750000000
95468  20.143  -14.355  54.989 0.5000000000
96974  19.784  -13.492  55.733 0.6250000000
100039  19.327  -12.259  54.819 0.6250000000
103240  17.878  -10.888  53.869 0.8750000000
95539  20.819  -14.336  50.895 0.3750000000
93995  19.749  -15.011  52.799 0.2500000000
104628  17.313  -10.106  52.318 0.8750000000
104615  17.166  -10.122  53.141 0.8750000000
113582  35.516  -4.895  47.590 0.8750000000
94057  20.260  -14.733  49.793 0.2500000000
94043  19.863  -15.120  50.212 0.2500000000
94032  19.189  -15.353  51.010 0.2500000000
94059  19.588  -15.369  49.631 0.2500000000
105971  16.920  -9.749  51.830 0.8750000000
123557  8.892  0.207  53.021 0.7500000000
112053  35.366  -5.474  46.178 0.7500000000
113594  35.170  -5.524  46.792 0.7500000000
105985  16.541  -9.428  51.439 0.8750000000
106001  16.174  -9.169  50.963 0.8750000000
122086  9.410  -0.396  52.632 0.8750000000
122067  8.719  -0.560  53.906 0.7500000000
123559  7.711  0.222  53.285 0.7500000000
122087  7.327  -0.127  52.862 0.7500000000
112070  34.970  -5.702  45.683 0.7500000000
106014  16.654  -9.164  50.098 0.8750000000
119166  9.736  -1.863  51.992 0.8750000000
120599  9.499  -1.238  52.579 0.8750000000
120583  9.152  -1.055  53.261 0.7500000000
122104  6.990  -0.644  52.038 0.7500000000
110580  34.345  -6.148  44.801 0.5000000000
107367  16.393  -9.018  49.846 0.8750000000
120634  10.376  -1.699  51.119 0.8750000000
119165  9.984  -1.948  51.580 0.8750000000
117697  9.623  -2.184  52.023 0.8750000000
120601  6.390  -1.018  52.214 0.7500000000
119182  10.631  -2.154  50.716 0.8750000000
117708  10.564  -2.698  50.756 0.8750000000
120623  5.510  -1.702  51.616 0.7500000000
108878  15.359  -7.533  47.709 0.8750000000
108867  15.193  -7.763  48.382 0.8750000000
117726  11.323  -2.808  49.920 0.8750000000
116218  10.879  -3.452  50.470 0.8750000000
119169  4.482  -2.012  51.470 0.7500000000
119153  4.332  -1.903  52.172 0.7500000000
108892  15.087  -7.090  47.389 0.8750000000
108879  14.774  -7.200  47.940 0.8750000000
117730  3.315  -3.050  49.647 0.6250000000
117710  3.539  -2.576  51.021 0.7500000000
110531  14.626  -6.513  47.306 0.8750000000
116234  12.172  -3.518  49.234 0.8750000000
116236  2.924  -3.832  48.579 0.6250000000
116219  2.977  -3.714  49.346 0.6250000000
110552  15.149  -6.366  46.745 0.8750000000
116254  13.089  -3.780  48.592 0.8750000000
113592  3.157  -4.920  47.846 0.6250000000
113587  14.736  -5.059  47.084 0.8750000000
112043  14.598  -5.607  47.119 0.8750000000
114942  14.148  -4.410  47.669 0.8750000000
113589  13.619  -5.183  47.885 0.8750000000
112087  3.033  -5.413  46.078 0.6250000000
113612  3.264  -5.356  46.992 0.6250000000
112104  3.754  -5.857  45.533 0.5000000000
103222  23.906  -10.056  54.821 0.7500000000
100053  23.243  -11.984  54.690 0.7500000000
98439  22.779  -12.862  54.497 0.7500000000
101770  22.384  -11.796  54.597 0.7500000000
97009  21.897  -14.031  53.584 0.5000000000
98440  21.950  -13.441  54.663 0.5000000000
100036  20.610  -12.612  54.778 0.6250000000
101755  19.950  -12.027  54.345 0.7500000000
103239  18.368  -11.197  53.531 0.8750000000
95497  21.404  -14.184  52.518 0.3750000000
96997  21.617  -14.109  54.232 0.5000000000
98441  21.367  -13.889  54.822 0.5000000000
95458  20.631  -13.823  55.306 0.6250000000
100037  20.206  -12.607  54.881 0.6250000000
103248  18.084  -10.862  53.218 0.8750000000
95525  20.898  -14.404  51.534 0.3750000000
94005  20.161  -15.030  51.949 0.3750000000
93994  20.238  -14.927  52.593 0.3750000000
95475  20.354  -14.737  54.399 0.5000000000
104627  17.776  -10.526  52.763 0.8750000000
104614  17.539  -10.530  53.531 0.8750000000
94030  20.261  -14.874  50.747 0.3750000000
94017  20.191  -15.050  51.346 0.3750000000
104640  17.490  -10.008  51.456 0.8750000000
113593  35.686  -5.091  46.803 0.7500000000
123565  9.859  0.301  52.091 0.8750000000
123566  9.083  0.330  52.279 0.7500000000
123579  8.005  0.192  52.152 0.7500000000
105998  17.638  -9.652  50.354 0.8750000000
105999  17.108  -9.478  50.545 0.8750000000
122085  10.037  -0.388  52.081 0.8750000000
112092  35.041  -5.646  44.981 0.7500000000
106027  16.979  -9.166  49.671 0.8750000000
120618  11.188  -0.851  51.099 0.8750000000
120619  10.381  -0.975  51.538 0.8750000000
120598  9.847  -0.885  52.195 0.8750000000
120620  7.244  -0.667  51.580 0.7500000000
120621  6.909  -0.894  51.679 0.7500000000
112112  34.574  -5.907  43.904 0.6250000000
107378  16.656  -8.945  49.318 0.8750000000
120636  6.805  -1.341  50.850 0.7500000000
120622  6.166  -1.444  51.520 0.7500000000
107393  16.519  -8.430  48.344 0.8750000000
119201  11.412  -2.233  49.879 0.8750000000
119202  10.965  -2.208  50.257 0.8750000000
107394  15.805  -8.000  48.062 0.8750000000
119216  11.813  -2.289  49.582 0.8750000000
119220  5.430  -2.166  49.578 0.7500000000
119186  5.205  -2.006  50.669 0.7500000000
108890  16.189  -7.566  47.023 0.8750000000
117743  12.438  -2.654  49.264 0.8750000000
117747  4.767  -2.367  49.400 0.7500000000
119207  4.719  -2.191  50.169 0.7500000000
108891  15.593  -7.257  47.076 0.8750000000
116255  12.584  -3.848  48.868 0.8750000000
116233  12.827  -3.273  48.967 0.8750000000
116256  3.275  -3.394  47.523 0.7500000000
117764  3.714  -2.939  48.060 0.7500000000
116232  13.458  -3.165  48.733 0.8750000000
116276  2.992  -3.898  47.174 0.6250000000
112059  15.532  -5.830  46.423 0.8750000000
112060  14.979  -5.892  46.824 0.8750000000
114943  13.691  -4.556  47.914 0.8750000000
116253  13.757  -3.660  48.332 0.8750000000
114964  2.839  -4.428  46.027 0.6250000000
113613  2.923  -5.108  46.494 0.6250000000
113588  14.292  -5.098  47.375 0.8750000000
112105  3.100  -5.615  45.610 0.5000000000
114941  14.939  -4.456  47.221 0.8750000000
113629  2.799  -5.243  44.997 0.5000000000
107314  23.545  -7.837  53.777 0.8750000000
104590  23.409  -9.333  54.270 0.8750000000
103223  23.220  -10.295  54.477 0.7500000000
103214  22.687  -11.394  54.561 0.7500000000
100071  21.971  -12.577  54.662 0.7500000000
101771  21.632  -11.902  54.348 0.7500000000
101772  20.346  -11.841  54.073 0.7500000000
101773  19.916  -11.808  54.038 0.7500000000
110430  23.563  -6.704  52.818 0.8750000000
101789  19.225  -11.507  53.668 0.8750000000
98429  21.195  -13.283  54.934 0.6250000000
98430  21.139  -13.756  55.048 0.6250000000
114906  24.531  -4.507  51.111 0.8750000000
103260  18.396  -10.819  52.580 0.8750000000
103247  18.679  -11.038  53.018 0.8750000000
114945  36.024  -4.345  46.349 0.7500000000
104652  17.451  -9.782  50.862 0.8750000000
123578  8.402  0.241  51.674 0.7500000000
122114  8.327  -0.104  50.826 0.7500000000
112069  35.456  -5.377  45.427 0.7500000000
122101  10.524  0.001  51.751 0.8750000000
122102  7.976  -0.113  51.325 0.7500000000
112091  35.460  -5.337  44.696 0.7500000000
112111  34.991  -5.612  44.113 0.7500000000
106026  17.387  -9.177  49.319 0.8750000000
122100  11.092  -0.316  51.410 0.8750000000
122125  8.064  -0.536  50.509 0.7500000000
112127  34.506  -5.816  43.464 0.6250000000
107392  17.463  -8.874  48.588 0.8750000000
107377  17.154  -9.018  49.062 0.8750000000
120632  11.646  -1.106  50.750 0.8750000000
110637  33.973  -5.908  42.283 0.3750000000
107404  17.232  -8.262  47.619 0.8750000000
119200  12.307  -1.934  49.831 0.8750000000
119181  11.151  -1.740  50.371 0.8750000000
108908  16.597  -7.293  46.465 0.8750000000
107405  16.383  -7.989  47.575 0.8750000000
119215  12.010  -2.351  49.383 0.8750000000
117746  5.526  -2.298  49.072 0.7500000000
117725  12.962  -2.298  49.539 0.8750000000
117763  4.561  -2.648  48.376 0.7500000000
110550  16.221  -6.868  46.314 0.8750000000
117778  3.816  -3.080  47.128 0.7500000000
117790  5.124  -2.804  46.887 0.7500000000
113611  16.092  -5.599  46.091 0.8750000000
117760  14.025  -3.121  48.662 0.8750000000
117792  3.864  -3.312  46.398 0.7500000000
117791  4.430  -2.980  46.604 0.7500000000
113600  15.227  -5.119  46.789 0.8750000000
116274  14.193  -3.821  47.995 0.8750000000
116329  3.062  -4.060  45.432 0.7500000000
114952  15.855  -4.607  46.778 0.8750000000
114953  15.414  -4.578  46.946 0.8750000000
116342  3.034  -4.142  44.740 0.7500000000
113642  2.908  -5.371  44.150 0.5000000000
108809  23.471  -7.436  53.345 0.8750000000
108810  23.095  -7.860  53.180 0.8750000000
104600  22.966  -9.573  53.996 0.8750000000
103234  22.676  -10.234  54.041 0.8750000000
103224  22.423  -11.103  54.244 0.7500000000
103215  21.004  -11.805  54.074 0.7500000000
103226  20.654  -11.600  53.784 0.7500000000
103227  20.180  -11.635  53.737 0.8750000000
110438  23.454  -6.499  52.343 0.8750000000
110431  23.294  -7.132  52.636 0.8750000000
107326  22.778  -8.286  53.026 0.8750000000
100054  21.083  -12.534  54.678 0.7500000000
101754  20.512  -11.840  54.104 0.7500000000
101802  19.805  -11.428  53.364 0.8750000000
101788  19.785  -11.620  53.721 0.8750000000
111991  23.494  -5.920  50.986 0.8750000000
111978  23.630  -5.938  51.665 0.8750000000
101803  19.498  -11.301  53.221 0.8750000000
103238  18.958  -11.277  53.350 0.8750000000
113550  24.204  -4.978  50.901 0.8750000000
103259  18.970  -10.895  52.513 0.8750000000
107388  20.172  -8.379  49.025 0.8750000000
107374  20.337  -8.575  49.483 0.8750000000
104650  18.918  -10.158  50.908 0.8750000000
103273  18.691  -10.754  52.224 0.8750000000
108886  20.212  -7.499  47.695 0.8750000000
108877  19.765  -8.184  48.264 0.8750000000
107375  19.821  -8.822  49.259 0.8750000000
123603  8.927  0.115  50.329 0.7500000000
113603  35.944  -5.057  45.901 0.7500000000
110548  19.543  -7.080  46.574 0.8750000000
108887  19.562  -7.979  47.735 0.8750000000
107389  19.703  -8.455  48.673 0.8750000000
107390  19.016  -8.696  48.565 0.8750000000
104661  18.164  -9.710  50.185 0.8750000000
123590  11.524  0.460  51.127 0.8750000000
123575  11.073  0.442  51.277 0.8750000000
110549  19.090  -7.245  46.443 0.8750000000
108928  18.448  -7.289  46.268 0.8750000000
108905  18.890  -7.653  46.910 0.8750000000
107402  18.859  -8.406  47.926 0.8750000000
106037  18.187  -9.048  48.816 0.8750000000
106012  17.838  -9.451  49.800 0.8750000000
122113  11.773  -0.839  50.963 0.8750000000
122099  11.721  -0.567  51.115 0.8750000000
122134  8.741  -0.611  49.233 0.7500000000
112110  35.450  -5.298  44.265 0.7500000000
112074  18.594  -6.195  45.575 0.8750000000
108929  17.739  -7.198  46.167 0.8750000000
107417  18.570  -8.192  47.433 0.8750000000
119217  7.288  -1.793  48.730 0.7500000000
119203  7.209  -1.694  49.502 0.7500000000
112141  34.382  -5.730  42.770 0.5000000000
110570  17.488  -6.641  45.869 0.8750000000
119180  12.455  -1.489  50.325 0.8750000000
120646  12.115  -1.430  50.340 0.8750000000
110650  33.614  -6.010  41.823 0.3750000000
110651  33.550  -5.840  41.363 0.2500000000
117742  13.202  -2.708  49.148 0.8750000000
117789  5.822  -2.663  47.158 0.7500000000
110571  16.733  -6.645  45.978 0.8750000000
113598  16.432  -4.866  46.276 0.8750000000
113599  16.045  -5.073  46.387 0.8750000000
116312  3.896  -3.545  45.328 0.7500000000
117803  4.341  -3.239  45.771 0.7500000000
117829  4.296  -3.438  44.379 0.7500000000
114940  15.708  -4.227  47.152 0.8750000000
116273  14.798  -3.827  47.851 0.8750000000
114976  2.759  -4.692  44.432 0.5000000000
116341  3.468  -3.814  44.366 0.7500000000
116355  3.070  -4.156  43.985 0.6250000000
105941  22.729  -8.964  53.442 0.8750000000
104601  22.372  -9.825  53.548 0.8750000000
103235  22.000  -10.605  53.714 0.8750000000
103225  21.518  -11.363  53.849 0.8750000000
110439  23.117  -6.936  52.160 0.8750000000
107335  22.586  -8.141  52.513 0.8750000000
105942  22.277  -9.408  53.242 0.8750000000
103237  20.315  -11.433  53.419 0.8750000000
112003  23.343  -5.903  50.390 0.8750000000
111979  23.175  -6.416  51.481 0.8750000000
103245  20.156  -11.055  52.863 0.8750000000
113551  23.811  -5.330  50.421 0.8750000000
107356  21.195  -8.683  50.847 0.8750000000
103258  19.630  -10.818  52.367 0.8750000000
103246  19.318  -11.090  52.886 0.8750000000
113562  23.692  -5.211  49.704 0.8750000000
110511  20.555  -7.400  47.987 0.8750000000
108875  20.906  -7.542  48.704 0.8750000000
108866  20.577  -8.146  49.296 0.8750000000
108858  21.109  -8.059  49.904 0.8750000000
107365  20.591  -8.755  50.012 0.8750000000
105996  20.323  -9.373  50.600 0.8750000000
104637  19.964  -10.176  51.427 0.8750000000
107366  20.121  -8.964  49.693 0.8750000000
125043  13.028  0.590  50.560 0.8750000000
114965  36.205  -4.418  44.573 0.7500000000
106023  19.407  -9.067  49.266 0.8750000000
106011  18.537  -9.483  49.736 0.8750000000
104660  18.763  -9.800  50.300 0.8750000000
123572  12.927  0.066  51.308 0.8750000000
123588  12.630  0.354  50.933 0.8750000000
113625  35.844  -5.008  44.279 0.7500000000
106025  18.089  -9.252  49.282 0.8750000000
123573  12.209  0.019  51.308 0.8750000000
113635  35.372  -5.187  43.439 0.7500000000
107391  18.374  -8.813  48.355 0.8750000000
120616  12.954  -0.812  51.185 0.8750000000
120659  7.812  -1.347  49.141 0.7500000000
113647  35.694  -4.816  43.022 0.7500000000
113648  35.309  -5.072  42.772 0.7500000000
112075  17.911  -6.182  45.621 0.8750000000
107418  18.024  -8.091  47.185 0.8750000000
107403  18.080  -8.483  47.824 0.8750000000
120629  13.694  -1.230  51.264 0.8750000000
120631  12.478  -1.089  50.747 0.8750000000
112152  34.682  -5.087  41.854 0.5000000000
113619  17.812  -5.487  45.504 0.8750000000
108930  17.145  -7.099  46.146 0.8750000000
108889  16.840  -7.764  47.029 0.8750000000
119199  13.265  -1.960  50.027 0.8750000000
119179  12.926  -1.517  50.414 0.8750000000
112165  34.071  -5.269  41.333 0.3750000000
114962  17.389  -4.586  46.015 0.8750000000
112076  17.289  -5.866  45.688 0.8750000000
117741  13.946  -2.751  49.123 0.8750000000
117724  13.611  -2.334  49.572 0.8750000000
112166  33.602  -5.642  41.055 0.2500000000
114963  16.972  -4.577  46.195 0.8750000000
113610  16.732  -5.091  46.017 0.8750000000
117740  14.657  -2.772  49.374 0.8750000000
112175  33.533  -5.361  40.529 0.2500000000
117759  14.395  -2.961  48.900 0.8750000000
116293  16.683  -4.063  47.060 0.8750000000
116252  14.584  -3.300  48.484 0.8750000000
116270  17.100  -3.782  47.454 0.8750000000
114939  16.224  -4.233  46.986 0.8750000000
116272  15.566  -3.854  47.694 0.8750000000
104612  22.013  -9.719  53.144 0.8750000000
104602  21.849  -10.228  53.278 0.8750000000
103236  21.176  -10.910  53.230 0.8750000000
111992  22.969  -6.368  50.722 0.8750000000
108829  22.513  -7.745  51.919 0.8750000000
107336  22.167  -8.492  52.187 0.8750000000
107327  22.427  -8.573  52.691 0.8750000000
105955  22.050  -9.161  52.745 0.8750000000
104613  21.579  -10.023  52.800 0.8750000000
103244  20.940  -10.490  52.554 0.8750000000
112004  22.920  -6.146  49.878 0.8750000000
108841  22.039  -7.917  51.321 0.8750000000
107346  21.891  -8.428  51.654 0.8750000000
107347  21.491  -8.806  51.506 0.8750000000
104635  21.030  -9.728  51.827 0.8750000000
104625  21.206  -9.928  52.278 0.8750000000
113552  23.428  -5.659  49.947 0.8750000000
108865  20.898  -7.742  49.152 0.8750000000
108857  21.617  -7.746  50.238 0.8750000000
107355  21.640  -8.386  51.202 0.8750000000
105982  20.926  -9.303  51.306 0.8750000000
104626  20.828  -10.086  52.000 0.8750000000
103257  20.387  -10.469  52.130 0.8750000000
113563  23.280  -5.619  49.352 0.8750000000
113574  23.650  -5.045  49.024 0.8750000000
104648  20.215  -9.814  51.130 0.8750000000
104636  20.522  -9.945  51.584 0.8750000000
103271  19.784  -10.535  51.827 0.8750000000
113575  23.134  -5.445  48.608 0.8750000000
113584  23.483  -4.851  48.391 0.8750000000
110547  20.426  -6.687  46.866 0.8750000000
105997  19.737  -9.644  50.437 0.8750000000
125050  13.626  0.710  50.320 0.8750000000
114937  23.490  -4.299  47.925 0.8750000000
110566  20.335  -6.352  46.391 0.8750000000
104659  19.338  -9.809  50.461 0.8750000000
123571  13.804  0.207  51.634 0.8750000000
123587  13.408  0.463  50.868 0.8750000000
114975  36.208  -4.527  43.820 0.7500000000
112073  19.447  -5.889  45.663 0.8750000000
110567  19.895  -6.509  46.200 0.8750000000
122097  13.189  -0.400  51.516 0.8750000000
113661  35.609  -4.655  42.513 0.7500000000
112094  18.778  -5.555  45.397 0.8750000000
120615  13.439  -0.895  51.486 0.8750000000
113618  18.275  -5.010  45.443 0.8750000000
119164  13.999  -1.384  51.324 0.8750000000
113676  35.000  -4.588  41.591 0.6250000000
114949  17.743  -4.227  46.206 0.8750000000
119163  14.461  -1.619  51.501 0.8750000000
119178  13.780  -1.624  50.770 0.8750000000
112164  34.604  -4.890  41.515 0.5000000000
112174  33.945  -4.972  40.804 0.2500000000
119197  14.414  -2.296  50.131 0.8750000000
117739  15.126  -2.818  49.741 0.8750000000
113709  33.425  -4.729  39.902 0.2500000000
116269  17.756  -3.669  47.299 0.8750000000
116292  17.201  -4.009  46.886 0.8750000000
116231  14.743  -2.988  48.967 0.8750000000
116248  17.666  -3.581  47.930 0.8750000000
116250  16.233  -3.604  48.265 0.8750000000
116251  15.438  -3.475  48.411 0.8750000000
110463  22.438  -6.846  50.276 0.8750000000
110449  22.594  -7.106  51.239 0.8750000000
110464  22.034  -7.506  50.666 0.8750000000
110477  22.340  -6.608  49.419 0.8750000000
110478  21.752  -7.322  49.709 0.8750000000
112014  22.694  -6.057  48.994 0.8750000000
110510  21.041  -7.146  48.208 0.8750000000
113585  22.938  -5.078  47.821 0.8750000000
110529  20.609  -7.086  47.567 0.8750000000
123586  14.155  0.679  50.955 0.8750000000
114938  23.012  -4.323  47.343 0.8750000000
123564  13.993  -0.021  52.232 0.8750000000
113617  18.971  -5.043  45.412 0.8750000000
114960  18.704  -4.337  45.774 0.8750000000
122084  14.200  -0.397  52.459 0.8750000000
113662  35.273  -4.789  42.114 0.7500000000
116311  18.144  -4.011  46.234 0.8750000000
120596  14.549  -1.095  52.524 0.8750000000
114994  35.376  -4.385  41.768 0.6250000000
115010  34.809  -4.049  40.888 0.5000000000
113677  34.633  -4.624  41.252 0.6250000000
117707  15.057  -2.472  50.552 0.8750000000
119177  14.585  -2.137  50.658 0.8750000000
115011  34.279  -4.045  40.443 0.3750000000
115018  33.767  -4.024  40.036 0.2500000000
117721  15.402  -2.766  50.249 0.8750000000
117722  14.784  -2.541  50.063 0.8750000000
113693  33.881  -4.633  40.436 0.2500000000
116230  15.294  -3.055  49.212 0.8750000000
115019  33.186  -4.054  39.630 0.1250000000
116249  16.984  -3.632  48.097 0.8750000000
116271  16.348  -3.875  47.510 0.8750000000
110493  21.849  -6.755  48.733 0.8750000000
110509  21.599  -6.502  47.884 0.8750000000
112028  22.041  -6.247  48.167 0.8750000000
110546  20.885  -6.409  46.979 0.8750000000
112040  22.469  -5.527  47.701 0.8750000000
112072  20.366  -5.895  46.108 0.8750000000
117805  36.178  -3.292  44.684 0.8750000000
114947  22.544  -4.357  46.848 0.8750000000
116267  22.813  -3.649  46.998 0.8750000000
113616  19.527  -5.101  45.517 0.8750000000
116333  36.353  -3.771  43.933 0.8750000000
114948  22.004  -4.383  46.505 0.8750000000
116287  22.266  -3.718  46.611 0.8750000000
123556  14.916  0.019  52.971 0.8750000000
114981  36.033  -4.516  43.219 0.7500000000
122083  14.609  -0.347  52.847 0.8750000000
116291  17.855  -3.885  46.659 0.8750000000
119148  15.098  -1.863  52.200 0.8750000000
119149  14.621  -1.484  52.057 0.8750000000
115003  34.969  -4.323  41.273 0.6250000000
119162  15.070  -2.131  51.283 0.8750000000
116393  34.136  -3.275  40.182 0.3750000000
116394  33.574  -3.322  39.753 0.1250000000
116227  17.638  -3.546  48.600 0.8750000000
116216  15.477  -2.927  49.799 0.8750000000
116398  33.011  -3.354  39.383 0.1250000000
116228  16.931  -3.550  48.857 0.8750000000
116229  16.137  -3.400  49.079 0.8750000000
113597  21.572  -5.326  46.631 0.8750000000
110527  21.507  -6.275  47.485 0.8750000000
112041  21.912  -5.867  47.444 0.8750000000
112058  20.568  -6.230  46.513 0.8750000000
117817  36.193  -3.189  44.357 0.8750000000
113604  21.707  -4.880  46.443 0.8750000000
116326  19.476  -4.281  45.691 0.8750000000
116309  19.196  -3.998  45.935 0.8750000000
116310  18.611  -3.982  46.094 0.8750000000
116288  21.723  -3.805  46.312 0.8750000000
117796  21.370  -3.386  46.290 0.8750000000
116290  18.497  -3.677  46.554 0.8750000000
114980  36.154  -4.159  42.909 0.7500000000
116370  36.184  -3.773  42.393 0.7500000000
116268  18.411  -3.466  47.124 0.8750000000
120581  15.173  -1.027  53.308 0.8750000000
115001  35.736  -3.696  41.682 0.7500000000
116247  18.316  -3.342  47.779 0.8750000000
119134  15.696  -1.885  53.194 0.8750000000
120595  15.089  -1.500  52.840 0.8750000000
115002  35.365  -3.979  41.372 0.6250000000
116386  34.540  -3.531  40.543 0.6250000000
117682  15.902  -2.446  52.413 0.8750000000
117695  15.648  -2.444  51.623 0.8750000000
116392  34.444  -3.011  40.582 0.6250000000
117738  18.270  -3.190  48.957 0.8750000000
117706  15.461  -2.522  50.903 0.8750000000
117899  33.249  -2.626  39.693 0.1250000000
116213  17.694  -3.479  49.376 0.8750000000
116201  16.862  -3.378  50.549 0.8750000000
116215  16.048  -3.101  50.001 0.8750000000
112071  20.846  -5.552  46.165 0.8750000000
113606  20.546  -5.118  45.843 0.8750000000
114956  21.485  -4.418  46.187 0.8750000000
113615  20.026  -4.903  45.623 0.8750000000
116306  21.188  -3.852  46.024 0.8750000000
117787  18.922  -3.270  46.886 0.8750000000
117834  36.265  -2.826  43.552 0.7500000000
117797  20.841  -3.314  46.157 0.8750000000
119253  20.255  -2.331  47.036 0.8750000000
117851  36.316  -3.457  42.626 0.7500000000
116371  36.097  -3.622  42.146 0.7500000000
116378  35.655  -3.289  41.498 0.6250000000
116384  35.268  -3.257  41.158 0.6250000000
117891  34.514  -2.508  40.912 0.6250000000
117694  16.342  -2.867  51.748 0.8750000000
117897  34.088  -2.517  40.555 0.5000000000
119362  33.346  -1.896  40.044 0.1250000000
116187  16.750  -3.212  51.257 0.8750000000
119369  32.919  -1.949  39.636 0.1250000000
116214  16.885  -3.504  49.704 0.8750000000
114957  20.930  -4.468  45.844 0.8750000000
117798  20.146  -3.346  46.157 0.8750000000
117799  19.571  -3.531  46.196 0.8750000000
116289  19.067  -3.543  46.406 0.8750000000
117833  36.373  -3.297  43.082 0.7500000000
117870  36.271  -2.981  42.157 0.7500000000
116377  36.051  -3.368  41.954 0.7500000000
117884  35.942  -2.747  41.644 0.7500000000
117890  35.022  -2.580  41.117 0.6250000000
119360  34.400  -1.808  40.541 0.5000000000
119361  33.872  -1.819  40.308 0.5000000000
120837  32.712  -1.262  39.430 0.1250000000
116200  17.678  -3.410  50.259 0.8750000000
116307  20.566  -3.846  45.792 0.8750000000
116308  19.826  -3.963  45.719 0.8750000000
117786  19.605  -2.857  46.843 0.8750000000
119333  35.835  -2.026  41.373 0.6250000000
117885  35.495  -2.646  41.340 0.6250000000
116186  17.522  -3.350  51.167 0.7500000000
120817  33.212  -1.270  39.692 0.1250000000
122281  33.504  -0.897  39.556 0.2500000000
142038  41.637  10.833  41.740 0.8750000000
142039  41.029  10.572  42.140 0.8750000000
142031  40.343  10.540  42.549 0.8750000000
140711  42.326  10.150  41.268 0.8750000000
140858  48.830  10.403  32.735 0.7500000000
140882  48.874  10.403  31.875 0.5000000000
120768  35.718  -1.453  41.087 0.6250000000
119350  34.888  -1.844  40.836 0.6250000000
120793  35.354  -1.169  40.684 0.6250000000
120815  34.273  -1.078  40.063 0.5000000000
120816  33.689  -1.228  39.873 0.5000000000
122280  33.822  -0.461  39.511 0.3750000000
122303  33.468  -0.140  39.163 0.3750000000
122304  33.159  -0.591  39.247 0.1250000000
123748  33.152  0.217  38.821 0.3750000000
143453  39.507  11.273  42.959 0.8750000000
143481  42.154  11.344  41.398 0.8750000000
143465  41.184  11.445  42.074 0.8750000000
143466  40.707  11.064  42.377 0.8750000000
143444  39.035  11.462  43.280 0.8750000000
142051  42.572  10.834  41.093 0.8750000000
142064  43.404  10.848  40.367 0.8750000000
142078  43.779  10.645  39.963 0.8750000000
143512  43.916  11.356  40.069 0.8750000000
142097  44.638  10.587  39.239 0.8750000000
142236  49.248  10.999  31.630 0.6250000000
140895  48.896  10.488  31.151 0.5000000000
122264  35.655  -0.349  40.577 0.6250000000
122266  34.678  -0.737  40.084 0.5000000000
122265  35.035  -0.369  40.187 0.5000000000
122279  34.482  -0.275  39.828 0.5000000000
123747  33.637  0.289  39.123 0.3750000000
144968  40.751  11.788  42.363 0.8750000000
143452  40.156  11.420  42.677 0.8750000000
143464  41.779  11.832  41.763 0.8750000000
144983  42.306  12.084  41.484 0.8750000000
143480  42.680  11.770  41.179 0.8750000000
143479  43.182  12.203  40.916 0.8750000000
143492  43.559  11.797  40.490 0.8750000000
143491  44.088  12.192  40.198 0.8750000000
143511  44.411  11.757  39.748 0.8750000000
145023  45.050  12.548  39.300 0.8750000000
145045  45.391  12.787  38.882 0.8750000000
145044  45.815  12.432  38.488 0.8750000000
146519  46.362  13.149  37.501 0.8750000000
146520  45.861  13.313  37.678 0.8750000000
146540  46.663  13.156  36.971 0.8750000000
140907  48.919  10.547  30.363 0.6250000000
140908  48.328  10.225  30.025 0.5000000000
140909  47.691  10.081  29.750 0.5000000000
140910  46.984  9.968  29.597 0.3750000000
140920  47.606  10.097  28.986 0.5000000000
140921  46.877  9.868  28.781 0.2500000000
123712  35.393  0.380  40.303 0.5000000000
123724  34.914  0.435  39.983 0.3750000000
123725  34.531  0.419  39.697 0.3750000000
125141  35.094  1.103  40.063 0.3750000000
125148  34.210  0.975  39.350 0.3750000000
125149  33.807  0.926  39.058 0.3750000000
144948  39.497  12.197  43.056 0.8750000000
144935  39.144  11.900  43.283 0.8750000000
144937  38.188  12.163  43.527 0.8750000000
144946  40.925  12.688  42.550 0.8750000000
144967  41.277  12.520  42.232 0.8750000000
146421  41.852  13.282  41.938 0.8750000000
137829  9.409  8.385  40.244 0.6250000000
144966  42.140  12.660  41.741 0.8750000000
144982  42.723  12.705  41.318 0.8750000000
146462  42.098  13.228  40.467 0.7500000000
139307  9.878  8.687  40.639 0.6250000000
139306  10.317  9.268  40.704 0.6250000000
139319  9.822  8.830  40.009 0.6250000000
146440  42.555  13.340  41.034 0.8750000000
146461  42.781  13.361  40.452 0.8750000000
146481  42.894  13.170  39.903 0.8750000000
139318  10.209  9.411  39.796 0.6250000000
145001  43.662  12.704  40.569 0.8750000000
146460  43.395  13.262  40.267 0.8750000000
145025  43.306  12.892  39.309 0.8750000000
145046  43.365  12.635  38.943 0.7500000000
143534  43.042  12.102  38.662 0.7500000000
145000  44.130  12.732  40.207 0.8750000000
146459  44.008  13.123  40.052 0.8750000000
146500  44.513  13.185  38.811 0.8750000000
146523  44.192  12.975  38.490 0.7500000000
145066  44.094  12.562  38.063 0.7500000000
146542  45.408  13.164  37.144 0.8750000000
146543  44.980  12.937  37.531 0.7500000000
149098  47.923  14.921  33.569 0.7500000000
147837  47.120  14.364  35.053 0.7500000000
147838  46.470  13.967  35.339 0.7500000000
146570  46.043  13.538  35.582 0.7500000000
146559  45.650  13.228  36.529 0.7500000000
149100  46.670  14.590  33.617 0.7500000000
147844  46.813  14.460  34.249 0.7500000000
146596  45.714  13.636  33.810 0.7500000000
145194  49.699  12.203  31.528 0.7500000000
149114  47.289  14.944  33.111 0.7500000000
147855  46.267  14.205  33.708 0.7500000000
142250  49.496  11.044  30.786 0.7500000000
142259  49.531  10.855  29.911 0.6250000000
140918  48.929  10.527  29.549 0.5000000000
147869  45.764  14.054  32.888 0.7500000000
140919  48.308  10.240  29.236 0.3750000000
140932  48.287  10.201  28.401 0.3750000000
140933  47.543  9.986  28.169 0.3750000000
146422  41.374  13.307  42.321 0.8750000000
146403  39.246  13.335  42.729 0.7500000000
144951  37.130  12.629  43.035 0.7500000000
147757  41.545  13.681  42.083 0.7500000000
146441  41.886  13.597  41.300 0.7500000000
136325  32.331  7.760  43.030 0.3750000000
145002  41.961  12.916  40.168 0.7500000000
145027  42.210  12.651  39.771 0.7500000000
136326  31.762  7.363  43.342 0.2500000000
134888  31.238  7.140  42.706 0.2500000000
134872  31.046  7.002  43.578 0.2500000000
134889  30.519  6.846  42.772 0.2500000000
139332  9.844  8.902  39.261 0.6250000000
143535  42.281  11.698  38.858 0.5000000000
142098  41.824  10.983  38.428 0.2500000000
134858  29.784  6.754  44.622 0.2500000000
140741  10.463  10.059  39.493 0.5000000000
145047  42.724  12.334  39.181 0.7500000000
143554  42.334  11.130  38.200 0.5000000000
134857  30.785  6.904  44.686 0.2500000000
143553  42.916  11.520  38.076 0.5000000000
142116  42.552  10.908  37.668 0.2500000000
140782  41.806  9.987  36.843 0.2500000000
142093  10.565  10.825  39.288 0.5000000000
145109  44.832  12.304  36.614 0.7500000000
143591  44.287  11.778  36.851 0.7500000000
142153  42.976  10.543  36.428 0.2500000000
139374  41.429  9.433  35.982 0.2500000000
139410  40.498  8.892  35.171 0.1250000000
137919  39.981  8.624  34.842 0.1250000000
143529  10.530  11.197  39.286 0.5000000000
143565  10.414  11.358  38.381 0.5000000000
147845  46.429  14.070  34.610 0.7500000000
146581  46.080  13.694  34.984 0.7500000000
146571  45.656  13.080  35.894 0.7500000000
145126  44.999  12.355  36.094 0.6250000000
142152  43.535  10.860  36.236 0.3750000000
140825  42.809  10.058  35.248 0.2500000000
139397  41.757  9.394  35.333 0.2500000000
137920  39.355  8.424  34.577 0.1250000000
137939  39.284  8.323  33.745 0.1250000000
146588  45.896  13.674  34.385 0.7500000000
143632  44.930  12.156  35.129 0.7500000000
143633  44.635  11.730  34.818 0.7500000000
140824  43.347  10.425  34.959 0.3750000000
140836  42.916  10.042  34.463 0.2500000000
139409  41.158  9.058  34.808 0.2500000000
139423  40.585  8.741  34.392 0.2500000000
137956  39.903  8.480  33.286 0.1250000000
137957  39.306  8.351  32.748 0.1250000000
149131  47.316  14.926  32.338 0.7500000000
146589  45.451  13.139  34.172 0.7500000000
145161  44.964  12.526  33.795 0.7500000000
143649  44.903  12.110  34.468 0.7500000000
142186  44.273  11.323  34.381 0.7500000000
140835  43.402  10.522  34.133 0.3750000000
140848  42.407  9.699  33.980 0.3750000000
139421  41.818  9.419  33.501 0.3750000000
139435  40.546  8.737  33.505 0.1250000000
137975  39.034  8.490  31.776 0.1250000000
137958  38.335  8.130  32.528 0.1250000000
143681  49.857  11.883  31.075 0.7500000000
147868  46.364  14.511  32.966 0.7500000000
145172  44.576  12.490  33.018 0.7500000000
145162  44.611  12.164  33.521 0.7500000000
143651  44.168  11.567  33.631 0.6250000000
140847  42.962  10.145  33.613 0.3750000000
140862  42.386  9.892  33.104 0.3750000000
139433  41.789  9.644  32.657 0.2500000000
139434  41.156  9.190  32.999 0.2500000000
139451  40.273  8.869  32.426 0.1250000000
142268  49.578  10.746  29.067 0.7500000000
140931  48.959  10.466  28.710 0.5000000000
143664  43.954  11.563  33.143 0.6250000000
142218  43.213  10.926  32.643 0.3750000000
140876  42.224  10.231  32.217 0.3750000000
139449  41.743  9.834  32.206 0.2500000000
139450  41.237  9.551  32.026 0.2500000000
139478  39.538  9.355  30.625 0.1250000000
140946  47.446  9.700  27.382 0.3750000000
139515  47.056  9.393  26.974 0.3750000000
140886  41.429  10.108  31.410 0.1250000000
139465  40.482  9.473  31.315 0.1250000000
139477  40.185  9.703  30.788 0.1250000000
139529  46.692  9.197  26.598 0.2500000000
142252  41.486  10.744  30.934 0.2500000000
142253  40.991  10.577  30.699 0.1250000000
147684  14.065  14.355  47.599 0.3750000000
147700  14.630  14.087  46.885 0.2500000000
147701  14.320  14.426  47.180 0.2500000000
148969  14.318  14.598  46.791 0.2500000000
148970  13.815  14.784  47.075 0.2500000000
148992  14.283  14.971  45.977 0.1250000000
148982  14.066  14.954  46.442 0.1250000000
150232  13.854  15.519  45.868 0.1250000000
150222  13.194  15.793  46.414 0.1250000000
147749  40.477  13.616  42.604 0.7500000000
147751  39.558  13.643  42.365 0.7500000000
146404  38.261  13.248  42.704 0.7500000000
146406  36.734  12.833  42.459 0.5000000000
139274  33.267  8.940  42.278 0.3750000000
139275  32.905  8.848  41.611 0.3750000000
147759  40.333  13.772  42.047 0.7500000000
146443  40.423  13.379  41.322 0.7500000000
137772  32.707  8.219  42.691 0.3750000000
134902  31.354  7.322  42.192 0.2500000000
134903  30.858  7.126  41.856 0.2500000000
146442  41.136  13.613  41.273 0.7500000000
146463  41.379  13.245  40.843 0.7500000000
143494  41.058  12.177  40.106 0.5000000000
143515  40.641  11.477  39.743 0.3750000000
142081  39.299  10.755  39.516 0.1250000000
136344  31.752  7.496  42.529 0.2500000000
134890  29.671  6.712  42.863 0.2500000000
134891  28.843  6.676  42.927 0.2500000000
143514  41.578  11.815  39.506 0.3750000000
142080  40.144  10.688  39.362 0.1250000000
140744  39.895  10.162  38.694 0.1250000000
139335  38.967  9.435  37.729 0.1250000000
139357  38.132  9.029  37.124 0.1250000000
134875  28.501  6.699  43.758 0.2500000000
134876  27.713  6.768  43.765 0.2500000000
142119  40.912  10.389  38.202 0.1250000000
140784  40.502  9.735  37.364 0.1250000000
139379  38.572  9.044  36.919 0.1250000000
137860  37.811  8.864  36.755 0.1250000000
140761  40.996  10.080  37.707 0.1250000000
139376  40.221  9.209  36.490 0.1250000000
137891  38.953  8.671  35.836 0.1250000000
137892  38.208  8.562  35.710 0.1250000000
139375  40.875  9.353  36.342 0.1250000000
137903  39.455  8.604  35.318 0.1250000000
137904  38.773  8.454  35.129 0.1250000000
137922  37.812  8.122  34.151 0.1250000000
137921  38.626  8.286  34.340 0.1250000000
137940  38.489  8.167  33.462 0.1250000000
137941  37.529  7.868  33.267 0.1250000000
147856  45.747  13.811  33.440 0.7500000000
146597  45.311  13.324  33.363 0.7500000000
137959  37.463  7.847  32.341 0.1250000000
142249  49.790  11.352  30.664 0.7500000000
142258  49.921  11.282  30.252 0.7500000000
147884  46.437  14.632  32.106 0.7500000000
143671  44.126  12.016  32.803 0.7500000000
137976  38.107  8.206  31.607 0.1250000000
137992  37.735  8.320  30.763 0.1250000000
146598  44.921  13.039  32.924 0.7500000000
146609  44.622  13.086  32.418 0.7500000000
145181  44.003  12.516  32.181 0.7500000000
143673  43.293  11.485  32.107 0.3750000000
142230  42.969  11.018  32.184 0.3750000000
142231  42.560  10.736  31.967 0.3750000000
137991  38.707  8.714  30.823 0.1250000000
138005  37.219  8.531  29.890 0.1250000000
140944  49.100  10.373  27.768 0.5000000000
140945  48.220  9.988  27.550 0.5000000000
140958  48.078  9.568  26.860 0.3750000000
139528  47.244  9.210  26.426 0.5000000000
138004  38.178  8.755  30.141 0.1250000000
139490  37.789  9.018  29.526 0.1250000000
139491  37.302  8.879  29.411 0.1250000000
139527  47.827  9.234  26.329 0.3750000000
139535  47.499  8.928  25.895 0.3750000000
139536  46.896  8.930  26.048 0.2500000000
143684  42.975  11.626  31.630 0.3750000000
143685  42.507  11.328  31.380 0.3750000000
142251  41.880  10.879  31.152 0.3750000000
138046  47.118  8.585  25.509 0.2500000000
143698  42.004  11.397  30.928 0.3750000000
143708  41.572  11.613  30.455 0.1250000000
139548  48.585  8.806  24.173 0.3750000000
138054  47.956  8.499  24.547 0.3750000000
139553  48.564  8.910  23.403 0.3750000000
140986  49.339  9.859  22.668 0.5000000000
139556  49.011  9.336  23.023 0.3750000000
140992  49.713  10.360  22.242 0.3750000000
139564  48.839  9.590  22.538 0.3750000000
140997  49.662  10.426  21.558 0.3750000000
141004  49.649  10.513  20.894 0.5000000000
141016  49.720  10.587  20.214 0.3750000000
141018  48.444  10.158  19.623 0.1250000000
141033  48.263  9.927  18.090 0.1250000000
141039  48.796  9.882  17.551 0.1250000000
141040  48.073  9.706  17.446 0.1250000000
139620  47.852  8.985  16.524 0.1250000000
138153  48.592  8.016  15.528 0.1250000000
136713  49.302  7.321  14.676 0.1250000000
146279  14.482  12.775  50.067 0.3750000000
146280  13.899  13.108  50.249 0.5000000000
146298  14.066  13.541  49.255 0.5000000000
146316  14.598  13.325  48.617 0.5000000000
147668  14.377  13.947  48.040 0.3750000000
147669  13.751  14.216  48.179 0.3750000000
148941  13.249  14.521  48.073 0.2500000000
148954  13.527  14.626  47.657 0.3750000000
148955  12.981  14.974  47.770 0.3750000000
148971  13.301  14.999  47.329 0.2500000000
150208  12.836  15.555  47.172 0.2500000000
150221  13.526  15.282  46.659 0.2500000000
151456  12.796  16.267  46.217 0.2500000000
151471  13.533  16.145  45.436 0.1250000000
150233  13.279  16.079  45.882 0.1250000000
151457  12.432  16.762  46.056 0.1250000000
150241  13.930  15.911  45.186 0.1250000000
151472  12.948  16.648  45.472 0.1250000000
146428  36.175  12.747  41.899 0.5000000000
144971  35.425  11.975  41.880 0.5000000000
142053  34.299  10.899  41.252 0.3750000000
140713  33.515  9.758  40.902 0.3750000000
139288  32.788  8.995  41.050 0.3750000000
146425  38.637  13.392  42.045 0.6250000000
146427  36.973  13.092  41.863 0.5000000000
140712  33.920  9.806  41.485 0.3750000000
139287  33.377  9.243  41.420 0.3750000000
137797  32.459  8.558  41.280 0.3750000000
136379  31.746  8.093  40.847 0.3750000000
136380  31.099  7.560  40.914 0.2500000000
146444  39.682  13.237  41.440 0.7500000000
145005  39.769  12.439  40.697 0.5000000000
136361  31.545  7.601  41.683 0.3750000000
134920  30.783  7.280  41.208 0.1250000000
134904  29.967  6.813  41.960 0.1250000000
144986  39.338  12.800  41.077 0.6250000000
145004  40.654  12.777  40.779 0.7500000000
143496  39.381  11.847  40.297 0.5000000000
143517  38.950  11.301  39.882 0.2500000000
142082  38.489  10.749  39.425 0.1250000000
134905  29.122  6.712  42.085 0.2500000000
140733  39.501  10.306  39.164 0.1250000000
140745  39.174  9.981  38.738 0.1250000000
140765  37.996  9.664  38.278 0.1250000000
134892  28.060  6.718  42.964 0.1250000000
140746  38.416  10.137  38.819 0.2500000000
139358  37.329  8.964  37.189 0.1250000000
137861  37.204  8.765  36.691 0.1250000000
137893  37.429  8.431  35.586 0.1250000000
137894  36.641  8.327  35.500 0.1250000000
137906  37.216  8.205  34.842 0.1250000000
137923  36.960  7.953  34.022 0.1250000000
136471  36.519  7.808  33.684 0.1250000000
145081  9.095  13.001  37.764 0.3750000000
145080  9.758  12.588  37.556 0.3750000000
137942  37.124  7.823  33.535 0.1250000000
136485  36.295  7.691  33.195 0.1250000000
146511  8.002  13.222  38.047 0.3750000000
146531  8.650  13.183  37.268 0.3750000000
136499  36.768  7.659  32.637 0.1250000000
136515  36.416  7.628  32.138 0.1250000000
136517  35.192  7.642  31.926 0.1250000000
145210  50.246  12.189  30.484 0.7500000000
147883  47.112  14.801  31.798 0.7500000000
147885  45.391  14.068  31.945 0.7500000000
137993  36.805  8.070  30.758 0.1250000000
137978  36.444  7.756  31.518 0.1250000000
146623  44.832  13.589  32.075 0.7500000000
137994  35.846  7.875  30.917 0.1250000000
142277  49.558  10.681  28.258 0.6250000000
140957  48.952  9.806  26.832 0.3750000000
147886  44.854  13.741  31.628 0.6250000000
145182  43.612  12.128  31.968 0.5000000000
139534  48.135  8.997  25.747 0.3750000000
146640  44.992  13.656  30.652 0.5000000000
146641  44.430  13.552  30.856 0.5000000000
145196  43.351  12.451  31.416 0.5000000000
145197  42.867  12.032  31.208 0.3750000000
139542  48.488  8.901  25.028 0.3750000000
139543  47.772  8.645  25.289 0.3750000000
146658  44.183  13.258  30.045 0.5000000000
146642  43.543  13.130  30.717 0.5000000000
145212  42.488  12.299  30.650 0.2500000000
145213  41.887  11.863  30.525 0.2500000000
146672  43.921  12.879  29.395 0.5000000000
146660  42.770  12.823  29.943 0.2500000000
142380  50.224  10.653  22.400 0.5000000000
142401  50.230  10.713  21.763 0.6250000000
142417  50.207  10.743  21.065 0.6250000000
142433  50.137  10.705  20.513 0.5000000000
141017  49.133  10.399  19.884 0.1250000000
141024  50.016  10.630  19.337 0.2500000000
141025  49.128  10.318  19.057 0.2500000000
141032  49.013  10.073  18.239 0.1250000000
139619  48.672  9.040  16.481 0.1250000000
139629  48.872  8.562  15.886 0.1250000000
146281  12.994  13.514  50.209 0.3750000000
146282  12.458  13.809  50.181 0.3750000000
147655  13.603  13.977  48.850 0.2500000000
147656  12.931  14.165  49.007 0.2500000000
147657  12.428  14.306  49.350 0.2500000000
148942  12.781  14.649  48.389 0.2500000000
148943  12.174  15.055  48.553 0.2500000000
150183  11.816  15.441  48.470 0.2500000000
148956  12.544  15.159  48.084 0.2500000000
150195  12.054  15.669  47.897 0.2500000000
150209  12.269  15.924  47.338 0.2500000000
151430  12.008  16.112  47.441 0.2500000000
150196  11.543  16.015  48.065 0.2500000000
151444  12.204  16.419  46.884 0.2500000000
151445  11.693  16.796  47.148 0.2500000000
150240  14.429  15.384  45.185 0.1250000000
152727  12.597  17.193  45.418 0.1250000000
152698  12.070  17.041  46.365 0.2500000000
151482  13.596  16.561  44.790 0.1250000000
152738  13.223  17.112  44.759 0.1250000000
152726  12.891  17.270  45.042 0.1250000000
142067  33.022  10.534  40.116 0.2500000000
140725  32.559  9.808  40.020 0.2500000000
140736  32.119  9.826  39.565 0.1250000000
139311  31.568  9.230  39.401 0.1250000000
139312  31.126  8.911  39.163 0.1250000000
146448  36.445  12.920  40.955 0.3750000000
146449  35.476  12.598  41.168 0.3750000000
146450  34.936  12.325  40.993 0.3750000000
143502  34.027  11.304  40.662 0.3750000000
142055  33.354  10.146  40.625 0.3750000000
137822  30.738  8.349  39.263 0.1250000000
136409  30.316  7.811  39.400 0.1250000000
144988  37.839  12.744  40.951 0.5000000000
146447  37.401  13.062  41.308 0.5000000000
143501  34.363  11.660  40.810 0.3750000000
142054  33.865  10.528  40.996 0.3750000000
140724  33.021  9.785  40.467 0.3750000000
137808  32.404  8.737  40.774 0.3750000000
136394  31.140  8.024  40.096 0.1250000000
134937  29.989  7.233  40.058 0.1250000000
134956  28.814  6.888  39.986 0.1250000000
134921  30.222  7.060  40.985 0.1250000000
134939  28.736  6.780  40.638 0.1250000000
134923  28.550  6.739  41.370 0.1250000000
144987  38.586  12.724  41.066 0.5000000000
145006  38.976  12.319  40.677 0.5000000000
134922  29.340  6.799  41.240 0.1250000000
134907  27.628  6.839  42.211 0.1250000000
143497  38.581  11.813  40.290 0.5000000000
142083  37.703  10.953  39.489 0.2500000000
142102  37.966  10.511  39.104 0.2500000000
134906  28.343  6.727  42.170 0.1250000000
134893  27.325  6.868  42.973 0.1250000000
140766  37.183  9.726  38.202 0.2500000000
139338  36.785  9.308  37.681 0.1250000000
139360  35.301  9.352  37.123 0.1250000000
139359  36.404  8.956  36.956 0.1250000000
139381  35.700  8.816  36.505 0.1250000000
137877  36.097  8.477  36.046 0.1250000000
137878  35.352  8.513  35.982 0.1250000000
137907  36.410  8.140  34.806 0.1250000000
147881  49.985  13.344  31.086 0.7500000000
136501  35.378  7.627  32.565 0.1250000000
143716  50.458  11.466  29.583 0.7500000000
145223  50.466  12.129  30.115 0.7500000000
142267  50.252  11.180  29.428 0.7500000000
147903  46.094  14.184  31.162 0.5000000000
136527  35.138  7.791  31.314 0.1250000000
138007  35.475  8.279  30.229 0.1250000000
142276  50.177  10.924  28.544 0.7500000000
140943  49.622  10.516  27.588 0.6250000000
139526  48.488  9.320  26.234 0.5000000000
147918  46.712  13.928  30.347 0.5000000000
147919  45.761  13.775  30.506 0.5000000000
147920  45.260  13.696  30.585 0.5000000000
140967  49.763  9.824  26.306 0.5000000000
139533  48.687  9.154  25.628 0.5000000000
146656  46.234  13.430  29.797 0.5000000000
146657  45.163  13.428  30.125 0.5000000000
139547  49.076  9.142  24.555 0.3750000000
146670  45.726  12.969  29.233 0.5000000000
146671  44.769  12.930  29.378 0.5000000000
139552  49.204  9.217  23.758 0.5000000000
140981  49.862  9.751  23.762 0.5000000000
140985  49.938  10.189  22.954 0.5000000000
142468  50.469  10.763  19.566 0.5000000000
141031  49.808  10.284  18.456 0.1250000000
141038  49.657  9.921  17.461 0.1250000000
139618  49.295  9.442  16.812 0.1250000000
148933  11.306  15.303  49.366 0.2500000000
148944  11.701  15.252  48.854 0.2500000000
150170  11.081  15.684  49.152 0.2500000000
151416  11.330  16.197  48.164 0.2500000000
151431  11.513  16.469  47.659 0.2500000000
152699  11.599  17.278  46.763 0.2500000000
152684  11.433  17.020  47.270 0.2500000000
152712  12.206  17.380  45.835 0.1250000000
154048  11.699  17.805  46.164 0.2500000000
139324  30.363  8.870  38.474 0.1250000000
154065  12.518  17.772  45.165 0.1250000000
154047  12.000  18.177  45.627 0.1250000000
140737  31.700  9.878  39.096 0.1250000000
154082  13.026  17.675  44.632 0.1250000000
145013  33.794  11.756  40.248 0.1250000000
136421  30.084  8.140  38.845 0.1250000000
145012  34.205  11.976  40.501 0.3750000000
136422  29.587  7.933  38.678 0.1250000000
144989  37.177  12.785  40.770 0.5000000000
146465  36.229  12.779  40.316 0.3750000000
134954  29.819  7.377  39.588 0.1250000000
134957  28.380  6.875  40.235 0.1250000000
145008  37.481  12.383  40.490 0.3750000000
134940  27.928  6.894  40.634 0.1250000000
145009  36.718  12.501  40.285 0.3750000000
143520  36.696  11.648  39.731 0.2500000000
134941  27.478  6.964  41.032 0.1250000000
143498  37.825  11.883  40.216 0.3750000000
143519  37.414  11.485  39.825 0.2500000000
142085  36.581  11.262  39.428 0.2500000000
140769  34.879  10.328  37.795 0.1250000000
142136  34.135  10.657  37.566 0.1250000000
140747  37.591  10.126  38.711 0.2500000000
140748  36.770  10.250  38.625 0.2500000000
140768  35.404  10.133  37.905 0.2500000000
140787  34.705  10.006  37.415 0.1250000000
140788  33.779  9.959  36.904 0.1250000000
146638  50.422  12.769  30.335 0.7500000000
142266  50.527  11.334  29.203 0.7500000000
143706  50.615  11.806  29.689 0.7500000000
142289  50.063  10.679  27.697 0.7500000000
140973  49.376  9.402  25.428 0.5000000000
139541  49.104  9.253  25.226 0.5000000000
146654  47.738  13.618  29.508 0.5000000000
139546  49.470  9.413  24.867 0.5000000000
146655  47.213  13.521  29.610 0.5000000000
139551  49.535  9.395  24.294 0.5000000000
140984  50.335  10.281  23.505 0.5000000000
142400  50.756  10.980  22.083 0.6250000000
142416  50.826  11.054  21.260 0.6250000000
142432  50.748  10.945  20.415 0.6250000000
141023  50.415  10.694  19.066 0.5000000000
141030  50.445  10.572  18.708 0.1250000000
141037  50.524  10.245  17.931 0.1250000000
141044  50.025  9.628  16.547 0.1250000000
139628  49.507  9.013  16.017 0.1250000000
152685  11.039  17.229  47.566 0.2500000000
151432  11.006  16.867  47.922 0.2500000000
154036  11.030  17.737  47.110 0.2500000000
154035  11.251  18.128  46.582 0.2500000000
155478  12.726  18.095  44.796 0.1250000000
155459  12.462  18.665  45.100 0.1250000000
155444  11.515  18.615  46.104 0.2500000000
143522  32.993  11.291  39.702 0.1250000000
142086  32.682  10.900  39.604 0.1250000000
139323  30.843  9.178  38.682 0.1250000000
156812  12.733  19.369  45.073 0.1250000000
155443  11.921  18.878  45.674 0.1250000000
146467  34.686  12.476  40.417 0.3750000000
146468  34.165  12.331  40.227 0.1250000000
145033  33.408  11.994  39.749 0.1250000000
142087  32.239  10.522  39.265 0.1250000000
136411  28.845  7.198  39.361 0.1250000000
146483  35.317  12.561  39.587 0.3750000000
145034  32.858  11.741  39.283 0.1250000000
143523  32.530  11.220  39.264 0.1250000000
136412  28.079  7.065  39.717 0.1250000000
146466  35.581  12.743  40.162 0.3750000000
146504  33.626  12.636  39.312 0.1250000000
145051  33.964  12.390  38.570 0.1250000000
145030  35.746  12.256  39.545 0.2500000000
145031  35.170  12.364  39.259 0.2500000000
146502  34.374  12.603  38.913 0.2500000000
136382  26.673  7.324  41.483 0.1250000000
143521  36.173  11.809  39.537 0.2500000000
145068  34.514  11.791  38.314 0.2500000000
143556  34.362  11.429  38.061 0.1250000000
142137  33.430  10.618  37.100 0.1250000000
142105  35.509  10.946  38.534 0.2500000000
142121  34.843  10.828  38.039 0.1250000000
146652  50.600  12.929  30.077 0.7500000000
145232  51.125  12.061  29.101 0.7500000000
147914  50.454  13.737  30.080 0.7500000000
142275  50.642  11.261  28.837 0.7500000000
142303  50.204  10.483  27.248 0.7500000000
140966  50.314  10.217  26.619 0.6250000000
140955  50.257  10.385  27.031 0.5000000000
140971  50.382  10.018  25.823 0.5000000000
140976  50.395  10.034  24.977 0.5000000000
140980  50.377  10.140  24.181 0.5000000000
142379  50.628  10.762  22.935 0.5000000000
142431  51.691  11.392  20.617 0.6250000000
152644  9.636  17.090  50.173 0.3750000000
153996  9.707  17.902  49.316 0.2500000000
152652  9.782  17.223  49.733 0.2500000000
154008  10.383  17.790  48.148 0.2500000000
136433  28.786  7.849  38.403 0.1250000000
155430  11.156  18.793  46.515 0.2500000000
136432  29.236  8.128  38.291 0.1250000000
156796  12.189  19.449  45.561 0.1250000000
142088  31.730  10.234  38.880 0.1250000000
145053  32.291  11.644  38.682 0.1250000000
142107  32.043  10.847  38.870 0.1250000000
136396  27.558  7.130  40.130 0.1250000000
145071  32.424  12.045  37.938 0.1250000000
145070  33.361  11.980  37.899 0.1250000000
145089  33.109  11.692  37.380 0.1250000000
143574  32.970  11.448  37.141 0.1250000000
142287  51.351  11.127  27.741 0.7500000000
142288  50.961  11.054  27.988 0.7500000000
146666  51.105  12.792  29.249 0.7500000000
142301  51.337  10.954  27.393 0.7500000000
147925  50.951  13.525  29.340 0.7500000000
142311  51.358  10.756  26.633 0.7500000000
142312  50.894  10.382  26.240 0.5000000000
142328  50.932  10.372  25.387 0.5000000000
142327  51.415  10.725  25.804 0.6250000000
142344  51.284  10.932  24.999 0.6250000000
142345  50.810  10.565  24.580 0.5000000000
142361  51.137  11.169  24.195 0.6250000000
142362  50.731  10.701  23.784 0.5000000000
142399  51.255  11.256  22.518 0.6250000000
142378  51.185  11.188  23.350 0.6250000000
142415  51.370  11.377  21.667 0.6250000000
143878  51.959  11.685  21.409 0.6250000000
142479  51.116  10.644  18.354 0.2500000000
142482  51.271  10.510  17.456 0.1250000000
141047  50.122  9.781  15.627 0.1250000000
141046  50.594  10.094  16.242 0.1250000000
153989  9.401  17.720  50.065 0.2500000000
137846  30.089  8.672  38.404 0.1250000000
137849  28.145  8.056  37.978 0.1250000000
136424  28.246  7.512  38.859 0.1250000000
140752  30.791  9.605  38.315 0.1250000000
136425  27.735  7.420  39.207 0.1250000000
142123  31.295  10.597  38.173 0.1250000000
143559  31.169  11.113  37.888 0.1250000000
136413  27.376  7.431  39.663 0.1250000000
145090  32.541  11.785  37.157 0.1250000000
136397  26.979  7.358  40.578 0.1250000000
143740  51.301  11.341  28.105 0.7500000000
143762  51.696  11.144  26.959 0.7500000000
146665  51.293  12.784  29.008 0.7500000000
143812  51.797  11.200  25.406 0.7500000000
143823  52.241  11.685  24.236 0.7500000000
143824  51.699  11.417  24.613 0.7500000000
143836  51.694  11.514  23.783 0.7500000000
143848  51.751  11.542  22.963 0.7500000000
141043  50.635  10.038  17.027 0.1250000000
142485  51.049  10.860  16.497 0.1250000000
142487  50.517  10.646  15.720 0.1250000000
143967  50.304  11.082  15.367 0.1250000000
155380  9.038  18.541  51.106 0.2500000000
137837  27.339  7.855  38.682 0.1250000000
139341  30.571  9.437  38.208 0.1250000000
143811  52.229  11.579  25.034 0.7500000000
143966  50.677  11.577  15.648 0.1250000000
158043  8.712  19.712  51.847 0.1250000000
159359  8.757  20.371  51.806 0.1250000000
159346  8.885  20.679  52.582 0.3750000000
117783  21.817  -3.139  46.590 0.8750000000
119252  20.935  -2.370  46.923 0.8750000000
104599  23.286  -9.743  54.326 0.8750000000
103221  24.249  -9.917  54.930 0.7500000000
123600  13.790  0.626  50.678 0.8750000000
117681  16.613  -2.839  52.563 0.8750000000
114955  36.184  -4.385  45.435 0.7500000000
107305  23.194  -8.584  53.779 0.8750000000
120582  14.771  -0.713  53.041 0.8750000000
123567  8.412  0.330  52.484 0.7500000000
114915  23.990  -4.948  49.961 0.8750000000
114930  23.992  -4.245  48.695 0.8750000000
117815  4.954  -3.080  45.191 0.7500000000
117816  4.383  -3.381  44.964 0.7500000000
111966  23.765  -6.027  52.331 0.8750000000
122124  8.400  -0.507  50.014 0.7500000000
117802  5.040  -2.936  46.034 0.7500000000
120658  8.239  -0.916  49.522 0.7500000000
117762  5.338  -2.501  48.554 0.7500000000
120650  6.951  -1.606  50.130 0.7500000000
117775  6.066  -2.478  47.974 0.7500000000
119187  4.648  -2.095  50.845 0.7500000000
114982  2.863  -4.731  43.577 0.5000000000
145193  49.897  12.272  31.128 0.7500000000
147836  47.892  13.824  34.810 0.7500000000
149090  47.400  14.613  34.478 0.7500000000
147830  47.472  13.807  35.602 0.7500000000
137830  9.021  7.921  39.915 0.6250000000
143865  51.838  11.592  22.170 0.7500000000
148981  14.516  14.583  46.320 0.2500000000
143550  46.193  11.888  37.973 0.8750000000
145086  46.858  12.406  36.937 0.8750000000
145065  46.154  12.787  37.980 0.8750000000
144904  14.806  12.522  49.007 0.5000000000
147683  14.492  14.089  47.473 0.3750000000
142095  45.706  11.289  38.455 0.8750000000
143531  45.780  11.893  38.484 0.8750000000
146541  46.089  13.435  36.966 0.8750000000
142041  34.545  10.707  41.797 0.3750000000
139286  33.793  9.419  42.006 0.3750000000
143510  44.825  12.068  39.418 0.8750000000
146268  13.100  13.180  50.956 0.5000000000
147648  12.144  14.192  49.855 0.2500000000
150185  10.887  16.221  48.778 0.2500000000
152660  10.480  16.975  48.604 0.2500000000
151402  10.115  16.874  49.333 0.2500000000
152672  10.318  17.320  48.562 0.2500000000
144950  37.849  12.787  43.214 0.7500000000
158035  8.798  19.847  52.475 0.3750000000
113537  23.936  -5.463  51.229 0.8750000000
123593  8.856  0.325  51.005 0.7500000000
140873  48.856  10.386  32.325 0.5000000000
146297  14.536  13.011  49.531 0.5000000000
142484  51.400  11.379  16.682 0.1250000000
110451  12.626  -7.027  51.316 0.7500000000
117632  7.764  -2.470  58.067 0.7500000000
117626  6.915  -2.467  58.906 0.6250000000
117622  6.363  -2.799  59.392 0.6250000000
117628  5.516  -2.473  58.668 0.6250000000
117624  8.174  -3.210  58.724 0.6250000000
117631  8.374  -2.952  57.902 0.6250000000
117623  5.786  -2.811  59.168 0.5000000000
119095  5.148  -2.082  57.668 0.7500000000
114850  9.371  -3.909  55.732 0.7500000000
116131  8.525  -3.345  58.348 0.6250000000
117630  8.801  -3.335  57.515 0.7500000000
116134  9.028  -3.666  57.111 0.7500000000
116133  5.163  -3.658  57.431 0.5000000000
114856  9.688  -4.335  55.036 0.7500000000
116135  5.372  -4.112  56.834 0.5000000000
116138  5.331  -3.922  56.091 0.5000000000
111982  10.857  -5.595  52.493 0.7500000000
113538  11.172  -5.267  51.025 0.7500000000
116142  4.661  -3.437  55.109 0.6250000000
116139  4.817  -3.449  55.846 0.6250000000
113507  6.538  -4.980  53.254 0.3750000000
113529  6.833  -5.132  52.116 0.3750000000
113540  7.296  -5.439  51.721 0.2500000000
119097  7.929  -2.048  56.959 0.7500000000
120542  6.015  -1.289  57.291 0.7500000000
117635  8.722  -3.175  57.049 0.7500000000
120548  5.004  -1.584  56.919 0.7500000000
120547  5.509  -1.181  56.783 0.7500000000
108823  13.983  -7.935  53.082 0.8750000000
113504  10.018  -4.707  53.503 0.7500000000
114867  9.597  -4.145  54.143 0.7500000000
114886  10.307  -4.669  52.302 0.7500000000
117647  4.234  -3.123  54.983 0.7500000000
116145  4.355  -3.454  54.417 0.5000000000
116155  4.789  -3.819  53.653 0.5000000000
114889  5.169  -4.314  52.337 0.5000000000
114878  5.282  -4.185  53.077 0.5000000000
116166  4.817  -3.950  53.070 0.5000000000
113541  6.795  -5.111  51.222 0.3750000000
113556  5.812  -4.966  50.278 0.5000000000
113531  5.610  -4.652  51.438 0.3750000000
112009  6.779  -5.343  49.858 0.2500000000
105920  16.378  -9.656  55.023 0.7500000000
107306  15.785  -8.965  54.394 0.8750000000
107295  15.619  -8.798  54.830 0.8750000000
107317  15.646  -8.735  53.829 0.8750000000
108822  14.700  -8.304  52.944 0.8750000000
107330  15.416  -8.585  53.155 0.8750000000
116140  9.014  -3.340  55.653 0.7500000000
120553  4.876  -1.418  56.102 0.7500000000
120561  6.243  -0.661  55.495 0.7500000000
114887  9.944  -4.036  52.398 0.7500000000
120554  4.351  -1.774  55.705 0.7500000000
117648  3.883  -2.968  54.681 0.6250000000
119115  4.143  -1.867  54.584 0.7500000000
114907  11.060  -4.552  50.555 0.7500000000
116178  4.046  -4.071  52.395 0.6250000000
116167  4.295  -3.845  52.902 0.5000000000
114890  4.520  -4.231  52.219 0.5000000000
116146  3.860  -3.269  54.193 0.5000000000
116157  3.671  -3.209  53.793 0.6250000000
113565  11.749  -4.614  49.568 0.8750000000
113545  4.238  -4.710  50.287 0.6250000000
114909  4.729  -4.541  51.057 0.5000000000
114900  4.358  -4.391  51.522 0.5000000000
113567  5.689  -5.125  49.565 0.5000000000
105932  16.593  -9.771  54.217 0.8750000000
105944  16.353  -9.449  53.769 0.8750000000
107338  15.741  -8.828  52.686 0.8750000000
120558  7.837  -1.138  55.413 0.7500000000
107349  15.127  -8.556  51.598 0.8750000000
117646  8.453  -1.916  54.912 0.7500000000
120560  6.912  -0.612  55.555 0.7500000000
117656  8.829  -2.278  54.087 0.7500000000
122055  6.139  -0.599  54.927 0.7500000000
120563  4.529  -1.529  55.223 0.7500000000
120571  4.758  -1.388  54.484 0.7500000000
117670  3.533  -2.770  53.566 0.7500000000
119124  4.245  -1.637  53.793 0.7500000000
114908  10.702  -3.963  50.899 0.7500000000
116179  3.617  -3.669  52.274 0.6250000000
114901  3.745  -4.146  51.349 0.6250000000
113578  4.697  -5.205  48.842 0.5000000000
98405  19.527  -13.118  55.886 0.5000000000
98417  19.904  -12.999  55.344 0.5000000000
105943  16.751  -9.795  53.526 0.8750000000
112024  34.593  -5.516  47.982 0.7500000000
112012  34.040  -5.625  48.688 0.7500000000
122053  7.256  -0.439  55.136 0.7500000000
122060  7.708  -0.515  54.810 0.7500000000
113573  35.133  -5.181  47.929 0.7500000000
120568  8.084  -0.995  54.772 0.7500000000
119114  8.394  -1.529  54.646 0.7500000000
122059  8.025  -0.667  54.574 0.7500000000
122061  7.108  -0.239  54.641 0.7500000000
122062  6.497  -0.427  54.478 0.7500000000
122072  5.710  -0.820  53.877 0.7500000000
120570  5.312  -1.013  54.239 0.7500000000
119123  8.552  -1.580  54.273 0.7500000000
116177  9.402  -3.131  52.659 0.8750000000
116165  9.266  -3.046  53.175 0.7500000000
116204  10.212  -3.176  51.189 0.8750000000
116190  10.011  -3.182  51.575 0.8750000000
119154  3.716  -2.224  52.452 0.7500000000
117699  3.153  -3.071  51.121 0.6250000000
117698  3.307  -2.833  51.849 0.6250000000
116192  3.102  -3.551  50.757 0.6250000000
114911  3.633  -4.449  50.403 0.6250000000
114912  3.139  -4.020  50.431 0.6250000000
113591  3.655  -5.201  48.018 0.6250000000
114926  3.138  -4.498  49.029 0.6250000000
112050  4.784  -5.670  47.665 0.3750000000
100069  23.728  -12.038  54.029 0.7500000000
95460  19.818  -14.066  55.335 0.5000000000
120575  8.820  -0.871  53.891 0.7500000000
122069  7.585  -0.037  54.152 0.7500000000
123551  8.046  0.166  53.751 0.7500000000
122077  8.536  0.036  53.589 0.7500000000
122079  6.819  -0.336  53.294 0.7500000000
123552  7.652  0.166  53.715 0.7500000000
122078  7.292  0.043  53.559 0.7500000000
110535  34.562  -5.959  45.808 0.6250000000
119151  9.532  -1.853  52.343 0.8750000000
122088  6.807  -0.587  52.506 0.7500000000
122089  6.380  -0.823  52.628 0.7500000000
110556  34.652  -5.927  45.244 0.7500000000
120602  5.601  -1.359  52.211 0.7500000000
120603  4.890  -1.577  52.591 0.7500000000
119183  10.269  -2.112  51.119 0.8750000000
117709  10.196  -2.649  51.166 0.8750000000
116217  11.290  -3.372  50.024 0.8750000000
117727  10.902  -2.771  50.310 0.8750000000
117729  4.014  -2.482  50.120 0.6250000000
113581  3.338  -4.886  48.441 0.6250000000
113601  3.400  -5.263  47.509 0.6250000000
101751  23.481  -11.389  54.647 0.7500000000
98438  23.346  -12.539  54.010 0.6250000000
96996  22.274  -13.550  54.042 0.5000000000
97007  22.816  -13.097  53.188 0.5000000000
97019  21.931  -13.878  52.945 0.3750000000
95524  21.235  -14.044  51.287 0.3750000000
95511  21.311  -14.041  51.889 0.3750000000
96999  20.612  -14.404  54.826 0.5000000000
98416  20.556  -13.095  55.131 0.6250000000
95486  20.380  -14.885  53.607 0.3750000000
94006  19.694  -15.109  52.180 0.2500000000
94031  19.770  -15.251  50.861 0.2500000000
94044  19.347  -15.497  50.307 0.2500000000
94018  19.684  -15.229  51.521 0.3750000000
94060  18.932  -15.577  49.639 0.2500000000
122076  8.891  -0.415  53.531 0.7500000000
123558  8.250  0.322  53.152 0.7500000000
123568  7.831  0.193  52.622 0.7500000000
122103  7.500  -0.317  51.870 0.7500000000
119150  9.827  -1.459  52.037 0.8750000000
110579  34.737  -5.888  44.643 0.7500000000
120633  10.851  -1.383  50.870 0.8750000000
117744  11.762  -2.850  49.594 0.8750000000
117748  3.894  -2.722  49.063 0.7500000000
117749  3.191  -3.162  48.805 0.6250000000
117765  3.120  -3.375  48.155 0.6250000000
116257  2.947  -3.873  47.864 0.6250000000
113602  3.022  -4.959  47.216 0.6250000000
103213  23.045  -11.058  54.598 0.7500000000
101752  22.922  -11.638  54.691 0.7500000000
95484  21.444  -14.344  53.142 0.3750000000
95512  20.909  -14.451  52.121 0.3750000000
95498  20.865  -14.616  52.734 0.3750000000
95485  20.965  -14.673  53.382 0.5000000000
95474  21.004  -14.619  54.006 0.5000000000
120635  7.330  -0.793  51.194 0.7500000000
120647  11.704  -1.636  50.167 0.8750000000
117777  4.470  -2.809  47.459 0.7500000000
116275  3.371  -3.504  46.814 0.7500000000
117776  5.233  -2.666  47.736 0.7500000000
116295  3.026  -3.926  46.495 0.7500000000
116314  3.112  -3.912  45.952 0.7500000000
114970  2.773  -4.588  45.229 0.7500000000
103233  23.038  -9.966  54.225 0.8750000000
104639  18.294  -10.548  51.779 0.8750000000
104651  18.084  -10.010  50.811 0.8750000000
113614  35.930  -4.994  45.057 0.7500000000
120649  7.687  -1.023  50.184 0.7500000000
112126  34.887  -5.448  43.179 0.6250000000
110623  34.169  -5.811  43.017 0.5000000000
112153  34.242  -5.601  42.109 0.5000000000
107315  23.202  -8.177  53.529 0.8750000000
105954  22.501  -8.750  52.980 0.8750000000
104638  19.313  -10.447  51.420 0.8750000000
123574  11.600  0.100  51.318 0.8750000000
123589  11.950  0.399  51.009 0.8750000000
122098  12.495  -0.499  51.155 0.8750000000
122112  12.019  -0.803  50.935 0.8750000000
108907  17.272  -7.513  46.544 0.8750000000
112140  34.820  -5.321  42.460 0.6250000000
120630  13.214  -1.185  50.972 0.8750000000
108850  21.567  -8.101  50.656 0.8750000000
105995  20.829  -9.069  50.814 0.8750000000
110479  21.253  -7.610  49.451 0.8750000000
113634  35.812  -4.921  43.606 0.7500000000
120614  14.017  -1.128  51.806 0.8750000000
113692  34.279  -4.605  40.868 0.5000000000
119198  13.988  -2.129  50.138 0.8750000000
105969  21.895  -8.940  52.225 0.8750000000
105970  21.498  -9.276  52.047 0.8750000000
110494  21.303  -7.378  48.986 0.8750000000
122096  13.744  -0.493  51.969 0.8750000000
120597  14.037  -0.814  52.262 0.8750000000
120613  14.405  -1.336  51.977 0.8750000000
112027  22.524  -5.811  48.176 0.8750000000
114974  36.308  -4.131  43.381 0.7500000000
114987  35.881  -4.392  42.691 0.7500000000
113596  22.101  -5.090  46.888 0.8750000000
116332  36.378  -3.818  43.440 0.7500000000
114993  35.780  -4.114  42.059 0.7500000000
115009  34.986  -3.699  40.937 0.6250000000
116385  34.844  -3.242  40.844 0.6250000000
117705  16.017  -2.778  51.160 0.8750000000
116202  16.330  -3.056  50.810 0.8750000000
117898  33.663  -2.595  40.153 0.2500000000
116346  36.325  -3.778  43.069 0.7500000000
117869  36.235  -3.482  42.306 0.7500000000
117785  20.491  -2.807  46.551 0.8750000000
119349  35.366  -1.945  41.100 0.6250000000
120794  34.793  -1.177  40.380 0.5000000000
123726  34.091  0.310  39.440 0.3750000000
122278  34.757  0.045  39.922 0.5000000000
145024  44.541  12.647  39.780 0.8750000000
146478  44.906  13.103  39.237 0.8750000000
146499  45.095  13.186  38.574 0.8750000000
146521  45.279  13.196  37.905 0.8750000000
125147  34.631  1.082  39.666 0.3750000000
146402  40.103  13.086  42.779 0.8750000000
144949  38.686  12.724  43.260 0.8750000000
146501  43.928  13.071  38.948 0.8750000000
146479  44.266  13.149  39.432 0.8750000000
145067  43.823  12.720  38.534 0.7500000000
143551  43.883  12.302  37.983 0.7500000000
145088  44.562  12.486  37.424 0.6250000000
145108  45.242  12.764  36.413 0.7500000000
146405  37.442  13.055  42.569 0.6250000000
145003  41.576  12.770  40.298 0.7500000000
143513  42.116  12.069  39.376 0.6250000000
134873  30.201  6.775  43.707 0.2500000000
142079  40.986  11.043  39.163 0.3750000000
142117  42.000  10.681  37.860 0.2500000000
142099  41.223  10.776  38.574 0.2500000000
143571  43.018  11.126  37.433 0.5000000000
143570  43.568  11.550  37.428 0.6250000000
140760  41.613  10.202  37.483 0.2500000000
140781  42.402  10.240  36.623 0.2500000000
142132  43.301  10.966  36.911 0.3750000000
139353  40.567  9.447  36.870 0.1250000000
140804  42.643  10.096  35.959 0.2500000000
143592  43.780  11.260  36.715 0.5000000000
142151  44.089  11.282  36.057 0.5000000000
142170  43.742  10.827  35.483 0.2500000000
140826  42.316  9.789  35.502 0.2500000000
139399  40.263  9.031  35.883 0.1250000000
137938  39.959  8.502  34.060 0.1250000000
146582  45.671  13.140  35.027 0.7500000000
145125  45.176  12.504  35.561 0.7500000000
143613  44.697  11.932  35.761 0.7500000000
142169  44.293  11.250  35.202 0.7500000000
140837  42.352  9.691  34.826 0.2500000000
145145  45.208  12.565  34.684 0.7500000000
142187  43.847  10.876  34.654 0.6250000000
142201  43.839  11.134  33.771 0.3750000000
139422  41.195  9.048  33.931 0.2500000000
139452  39.609  8.615  32.111 0.1250000000
140846  43.342  10.682  33.349 0.3750000000
139466  39.723  8.914  31.557 0.1250000000
140861  42.885  10.528  32.781 0.3750000000
140885  41.896  10.306  31.658 0.3750000000
140901  40.058  9.914  30.510 0.1250000000
146317  14.122  13.844  48.607 0.3750000000
136343  32.242  7.881  42.224 0.3750000000
143495  40.218  11.991  40.261 0.5000000000
143516  39.780  11.307  39.889 0.5000000000
142100  40.590  10.502  38.679 0.1250000000
140763  39.505  9.741  38.045 0.1250000000
140764  38.749  9.670  38.251 0.1250000000
140762  40.336  10.041  38.031 0.1250000000
139355  39.409  9.354  37.286 0.1250000000
139337  37.635  9.216  37.779 0.1250000000
137872  39.484  8.944  36.287 0.1250000000
137905  38.016  8.325  34.963 0.1250000000
137960  36.890  7.707  32.010 0.1250000000
139607  49.114  9.716  17.202 0.1250000000
139608  48.686  9.541  17.056 0.1250000000
139610  47.427  9.399  17.304 0.1250000000
139609  48.143  9.364  16.938 0.1250000000
138141  48.244  8.518  16.009 0.1250000000
136703  48.948  7.403  14.987 0.1250000000
136702  49.347  7.759  14.784 0.1250000000
147646  13.403  13.758  49.568 0.3750000000
147670  13.251  14.267  48.475 0.2500000000
146445  38.971  13.162  41.488 0.5000000000
146426  37.807  13.254  41.986 0.5000000000
137809  31.954  8.621  40.371 0.1250000000
136395  30.601  7.452  40.362 0.1250000000
143518  38.159  11.356  39.866 0.3750000000
145101  9.223  12.970  36.967 0.1250000000
146624  44.329  13.337  31.709 0.6250000000
146625  43.835  13.147  31.305 0.5000000000
147904  45.161  13.845  31.074 0.5000000000
145211  43.078  12.721  30.821 0.5000000000
146659  43.416  13.034  29.982 0.5000000000
147647  12.731  13.953  49.690 0.2500000000
148931  12.448  14.576  48.921 0.2500000000
148932  11.919  14.727  49.352 0.2500000000
139310  32.152  9.410  39.864 0.2500000000
137821  31.190  8.573  39.541 0.1250000000
136408  30.851  8.186  39.562 0.1250000000
134938  29.426  6.930  40.430 0.1250000000
134924  27.851  6.811  41.478 0.1250000000
142103  37.234  10.649  39.069 0.2500000000
140767  36.335  9.881  38.077 0.2500000000
139340  35.447  9.680  37.542 0.1250000000
143499  37.128  11.978  40.129 0.3750000000
142104  36.386  10.939  39.023 0.2500000000
143538  35.799  11.564  39.118 0.2500000000
154023  10.564  18.015  47.755 0.2500000000
146484  34.731  12.650  39.475 0.2500000000
145052  33.205  12.326  38.886 0.1250000000
145049  35.338  12.013  39.045 0.2500000000
142106  35.085  11.218  38.406 0.2500000000
143573  33.510  11.313  37.450 0.1250000000
154009  10.138  17.829  48.546 0.2500000000
145054  31.832  11.431  38.387 0.1250000000
145091  31.667  11.999  37.120 0.1250000000
107244  11.976  -8.258  60.470 0.3750000000
107245  11.363  -8.347  60.981 0.3750000000
107233  11.079  -8.044  61.404 0.3750000000
108726  9.899  -7.622  61.923 0.3750000000
107230  8.209  -7.931  61.885 0.3750000000
107231  7.930  -7.894  61.872 0.3750000000
107241  6.748  -8.025  61.143 0.2500000000
108739  6.047  -7.770  60.751 0.2500000000
105877  12.214  -9.125  60.330 0.3750000000
105859  9.787  -8.284  61.932 0.3750000000
107238  8.725  -8.101  61.684 0.3750000000
105863  8.074  -8.432  61.314 0.2500000000
107250  6.794  -8.583  60.968 0.2500000000
107251  6.246  -8.125  60.847 0.2500000000
107258  5.748  -8.220  60.550 0.2500000000
110356  6.858  -6.968  61.878 0.3750000000
111879  7.829  -6.572  61.511 0.3750000000
108737  6.547  -7.255  61.321 0.2500000000
108734  11.366  -7.901  61.015 0.3750000000
111890  11.022  -6.994  60.327 0.3750000000
110353  9.823  -6.957  61.453 0.3750000000
110347  8.148  -6.964  61.528 0.3750000000
108751  5.442  -7.958  60.246 0.2500000000
108741  12.005  -7.977  60.248 0.3750000000
110365  11.729  -7.497  59.969 0.3750000000
111897  11.313  -6.960  59.879 0.3750000000
108727  9.128  -7.596  61.879 0.3750000000
108750  5.510  -7.265  60.175 0.2500000000
107255  12.234  -8.374  60.244 0.3750000000
110369  11.956  -7.407  59.611 0.5000000000
110370  11.741  -7.080  59.494 0.5000000000
108756  5.151  -7.918  59.675 0.2500000000
111887  7.083  -6.194  61.478 0.3750000000
111898  10.929  -6.565  59.883 0.3750000000
111882  10.071  -6.777  61.092 0.3750000000
111893  9.143  -6.226  60.967 0.3750000000
111886  7.743  -5.953  61.262 0.3750000000
111895  6.774  -5.897  61.212 0.3750000000
110363  6.319  -6.854  61.162 0.3750000000
110374  11.937  -6.966  58.966 0.6250000000
113451  10.807  -6.060  59.189 0.3750000000
113436  10.038  -6.115  60.366 0.3750000000
111905  5.496  -6.012  60.067 0.3750000000
110368  5.730  -6.515  60.421 0.2500000000
108760  12.705  -7.567  58.744 0.6250000000
110379  11.962  -6.816  58.205 0.6250000000
111908  11.227  -6.266  58.617 0.3750000000
110376  5.426  -6.465  58.740 0.2500000000
108766  12.906  -7.479  58.061 0.6250000000
110383  12.420  -7.081  57.620 0.6250000000
110380  11.478  -6.425  58.048 0.6250000000
110382  5.850  -6.863  58.048 0.2500000000
108761  5.323  -7.362  58.485 0.2500000000
116113  7.305  -4.373  60.541 0.3750000000
114825  6.589  -4.526  60.594 0.3750000000
116118  6.639  -3.941  60.297 0.3750000000
114827  5.606  -4.708  59.982 0.3750000000
116115  8.182  -4.640  60.238 0.3750000000
114821  7.460  -4.976  60.782 0.3750000000
114826  6.094  -4.587  60.354 0.3750000000
113455  9.014  -5.321  60.125 0.3750000000
113440  7.744  -5.483  60.914 0.3750000000
114822  6.956  -4.848  60.841 0.3750000000
111901  5.555  -5.572  60.039 0.3750000000
113445  10.249  -5.850  59.780 0.3750000000
113446  9.689  -5.707  60.048 0.3750000000
111906  5.389  -5.681  59.524 0.3750000000
107265  14.143  -8.454  58.669 0.5000000000
108758  14.038  -8.145  58.122 0.6250000000
111916  11.169  -6.126  57.738 0.6250000000
111909  10.896  -5.911  58.519 0.5000000000
111915  5.844  -5.961  58.125 0.2500000000
105900  15.788  -9.322  57.026 0.6250000000
108765  13.541  -7.731  57.754 0.6250000000
110385  11.454  -6.390  57.534 0.6250000000
110396  6.899  -6.970  56.377 0.2500000000
110387  6.433  -7.065  57.219 0.2500000000
105903  16.302  -9.685  56.593 0.6250000000
116117  7.245  -3.873  60.225 0.3750000000
116119  6.126  -3.880  59.997 0.3750000000
116116  7.778  -4.196  60.175 0.3750000000
114831  5.706  -4.167  59.813 0.3750000000
116120  9.016  -4.536  59.264 0.5000000000
113460  5.386  -4.895  58.556 0.3750000000
114833  9.766  -5.022  58.917 0.5000000000
113464  5.863  -5.178  57.764 0.2500000000
111910  5.568  -5.869  58.586 0.2500000000
111924  11.227  -6.157  57.248 0.6250000000
113466  10.730  -5.556  57.305 0.6250000000
113468  6.398  -5.396  56.940 0.2500000000
111914  6.184  -6.307  57.728 0.2500000000
105904  15.931  -9.272  56.324 0.6250000000
107275  15.105  -8.572  56.404 0.6250000000
108763  14.540  -8.227  57.239 0.6250000000
108771  13.651  -7.748  57.035 0.6250000000
108772  13.045  -7.493  57.306 0.6250000000
110403  12.228  -6.948  56.182 0.6250000000
111932  11.289  -6.191  56.673 0.6250000000
111925  10.959  -5.842  56.983 0.6250000000
113472  6.943  -5.891  56.131 0.2500000000
111918  6.694  -6.440  56.882 0.2500000000
107274  15.525  -8.881  56.038 0.6250000000
108779  14.835  -8.345  56.202 0.6250000000
108780  14.441  -8.074  56.004 0.6250000000
110402  12.781  -7.256  56.034 0.6250000000
110404  11.693  -6.588  56.410 0.6250000000
107297  14.773  -8.254  55.086 0.6250000000
108791  13.778  -7.778  55.527 0.6250000000
108792  13.255  -7.520  55.831 0.6250000000
110414  12.457  -7.035  55.302 0.6250000000
110415  11.810  -6.622  55.647 0.6250000000
108803  13.090  -7.452  55.007 0.6250000000
117621  7.053  -2.956  59.376 0.3750000000
116124  6.504  -3.361  59.808 0.3750000000
116125  5.823  -3.422  59.570 0.3750000000
116128  5.269  -3.280  58.988 0.3750000000
116129  5.157  -3.543  58.256 0.3750000000
117620  7.651  -3.253  59.279 0.3750000000
116122  7.724  -3.726  59.724 0.3750000000
114835  5.377  -3.902  59.405 0.3750000000
114836  5.244  -4.212  58.855 0.3750000000
117619  8.120  -3.560  59.225 0.5000000000
116126  8.978  -4.135  58.734 0.3750000000
116132  5.431  -4.296  57.423 0.3750000000
116127  8.539  -3.651  58.764 0.5000000000
114838  9.383  -4.394  58.037 0.5000000000
114834  9.422  -4.643  58.749 0.5000000000
114843  6.076  -4.968  57.035 0.2500000000
114848  5.769  -4.423  56.347 0.2500000000
114842  9.338  -4.218  57.253 0.5000000000
114841  9.764  -4.788  57.362 0.6250000000
113467  10.340  -5.199  57.460 0.6250000000
113473  6.615  -5.278  56.178 0.2500000000
113477  6.569  -5.073  55.379 0.2500000000
111933  10.959  -5.819  56.372 0.6250000000
113484  6.929  -5.405  54.928 0.2500000000
105910  15.969  -9.239  55.609 0.6250000000
107296  15.258  -8.512  54.984 0.6250000000
107308  14.917  -8.335  54.433 0.6250000000
110424  11.848  -6.615  54.824 0.6250000000
111941  11.349  -6.202  55.989 0.6250000000
108802  13.768  -7.823  54.732 0.6250000000
108804  12.643  -7.170  54.750 0.6250000000
114845  9.736  -4.616  56.597 0.5000000000
113471  10.197  -5.077  56.720 0.6250000000
114852  5.712  -4.285  55.582 0.2500000000
113474  10.571  -5.414  56.149 0.6250000000
111942  10.950  -5.801  55.656 0.6250000000
113485  6.542  -4.966  54.623 0.2500000000
114858  6.125  -4.621  55.083 0.2500000000
111953  10.925  -5.790  54.864 0.6250000000
111952  11.392  -6.189  55.218 0.6250000000
113497  6.496  -4.963  53.873 0.2500000000
108801  14.344  -8.120  54.544 0.6250000000
108813  13.243  -7.588  54.115 0.6250000000
110423  12.304  -6.932  54.459 0.6250000000
108824  13.326  -7.642  53.294 0.6250000000
110433  11.799  -6.639  53.985 0.6250000000
113483  10.080  -4.901  55.189 0.6250000000
113482  10.526  -5.368  55.394 0.6250000000
113517  7.448  -5.575  53.159 0.2500000000
108811  14.474  -8.211  53.787 0.6250000000
108812  13.865  -7.875  53.926 0.6250000000
111960  10.877  -5.788  54.010 0.6250000000
111959  11.374  -6.199  54.383 0.6250000000
108825  12.739  -7.369  53.491 0.6250000000
110441  11.799  -6.688  53.126 0.6250000000
111968  11.332  -6.235  53.463 0.6250000000
108834  12.789  -7.370  52.705 0.6250000000
112085  4.338  -5.881  46.237 0.2500000000
112102  5.293  -5.907  45.261 0.2500000000
112084  5.122  -5.923  46.097 0.2500000000
112118  6.260  -5.619  44.343 0.2500000000
113638  8.107  -5.416  43.687 0.2500000000
113628  7.707  -5.416  43.955 0.2500000000
112103  4.512  -5.919  45.394 0.2500000000
112120  4.654  -5.897  44.570 0.2500000000
113653  6.297  -5.196  42.774 0.2500000000
112134  5.543  -5.567  43.526 0.2500000000
113651  7.744  -5.239  42.927 0.2500000000
113639  7.331  -5.273  43.536 0.2500000000
111962  31.726  -5.300  51.388 0.5000000000
111974  31.890  -5.643  50.980 0.5000000000
112121  3.935  -5.876  44.712 0.2500000000
112119  5.435  -5.814  44.418 0.2500000000
113654  5.581  -5.337  42.817 0.2500000000
113665  8.147  -5.208  42.244 0.1250000000
113666  7.339  -5.139  42.194 0.1250000000
113667  6.524  -5.053  42.153 0.1250000000
113680  8.548  -5.144  41.486 0.1250000000
113683  6.150  -4.726  41.566 0.1250000000
113509  32.197  -5.073  51.317 0.5000000000
111988  32.631  -5.830  50.172 0.5000000000
110469  32.962  -6.048  48.939 0.3750000000
112137  3.463  -5.757  44.049 0.3750000000
112147  3.971  -5.709  43.184 0.3750000000
113655  4.996  -5.379  42.692 0.3750000000
113696  8.792  -5.101  40.625 0.1250000000
113698  7.164  -4.966  40.739 0.1250000000
115005  5.825  -4.982  42.008 0.2500000000
113714  8.167  -5.087  39.856 0.1250000000
111972  33.055  -5.319  50.581 0.5000000000
112000  33.515  -5.666  49.353 0.5000000000
110484  33.037  -6.148  48.253 0.3750000000
113657  3.229  -5.498  43.170 0.3750000000
113656  3.635  -5.637  42.924 0.3750000000
112158  4.295  -5.537  42.602 0.3750000000
113685  4.727  -5.126  41.596 0.3750000000
113686  4.009  -5.324  41.624 0.3750000000
113535  33.699  -5.331  49.882 0.5000000000
112013  33.508  -5.941  48.561 0.5000000000
113687  3.391  -5.171  41.697 0.3750000000
110518  33.338  -6.269  47.007 0.3750000000
112025  33.916  -5.858  48.030 0.5000000000
110517  33.883  -6.105  46.890 0.5000000000
110500  33.667  -6.071  47.501 0.5000000000
110537  33.534  -6.275  46.363 0.5000000000
112038  34.708  -5.675  47.130 0.5000000000
110536  34.152  -6.107  46.205 0.5000000000
117936  6.622  -3.076  37.508 0.5000000000
117920  6.801  -2.634  37.668 0.6250000000
119386  6.361  -2.005  38.204 0.6250000000
122317  7.789  -0.264  38.911 0.6250000000
139406  48.225  9.487  34.118 0.7500000000
146673  43.194  12.789  29.401 0.2500000000
143726  44.632  11.927  27.691 0.2500000000
145235  44.392  12.490  28.793 0.3750000000
145253  44.001  12.164  28.287 0.2500000000
145234  45.239  12.501  28.671 0.3750000000
145252  44.785  12.080  28.031 0.2500000000
143728  43.625  11.915  27.831 0.2500000000
145251  45.588  12.234  27.938 0.3750000000
145269  45.230  12.040  27.590 0.2500000000
143742  44.780  11.836  27.251 0.2500000000
145233  46.113  12.566  28.455 0.3750000000
145250  46.357  12.359  27.672 0.3750000000
145268  45.736  12.041  27.089 0.3750000000
143741  45.261  11.836  26.719 0.3750000000
146684  46.857  12.616  28.124 0.3750000000
145267  46.647  12.304  26.911 0.3750000000
145266  47.382  12.476  26.668 0.3750000000
145282  47.634  12.478  25.992 0.3750000000
113715  7.381  -5.097  39.938 0.1250000000
113682  6.889  -4.895  41.497 0.1250000000
113697  7.965  -5.011  40.691 0.1250000000
114988  2.878  -4.657  42.709 0.3750000000
120861  6.997  -1.482  38.317 0.6250000000
123760  7.833  0.619  39.328 0.6250000000
120845  7.372  -0.938  38.602 0.6250000000
110440  12.304  -7.010  52.914 0.6250000000
111980  11.853  -6.506  51.867 0.6250000000
113475  10.121  -4.994  55.973 0.6250000000
114869  6.060  -4.572  54.277 0.2500000000
111973  32.619  -5.551  50.649 0.5000000000
111987  33.147  -5.559  50.127 0.5000000000
107282  15.576  -8.830  55.369 0.6250000000
112065  5.716  -5.835  46.809 0.2500000000
112122  3.262  -5.727  44.834 0.2500000000
114844  5.834  -4.674  57.132 0.2500000000
113505  7.315  -5.569  53.746 0.2500000000
110343  10.673  -7.568  61.447 0.3750000000
107247  10.481  -8.358  61.800 0.3750000000
110360  11.379  -7.471  60.446 0.3750000000
110352  10.454  -7.133  61.194 0.3750000000
107237  9.175  -8.038  61.868 0.3750000000
110355  8.772  -6.866  61.507 0.3750000000
108730  7.488  -7.366  61.569 0.3750000000
107256  6.499  -8.988  60.734 0.2500000000
108749  5.901  -6.985  60.619 0.2500000000
111884  8.663  -6.508  61.309 0.3750000000
113432  8.143  -5.942  61.107 0.3750000000
111891  10.456  -6.675  60.618 0.3750000000
111883  9.448  -6.610  61.252 0.3750000000
110378  12.383  -7.172  58.459 0.5000000000
108755  5.153  -7.215  59.278 0.2500000000
113441  7.292  -5.445  60.981 0.3750000000
111899  10.508  -6.229  60.087 0.3750000000
113438  9.103  -6.037  60.679 0.3750000000
110364  6.148  -6.376  60.890 0.3750000000
113443  6.203  -5.356  60.711 0.3750000000
113452  10.559  -5.747  59.069 0.5000000000
110371  5.320  -6.453  59.641 0.2500000000
111900  5.899  -5.853  60.497 0.3750000000
108759  13.317  -7.813  58.446 0.6250000000
110384  11.830  -6.682  57.570 0.6250000000
110372  5.326  -6.027  59.108 0.2500000000
110377  5.448  -5.981  58.830 0.2500000000
110394  12.045  -6.868  56.937 0.6250000000
110388  6.051  -7.382  57.572 0.2500000000
113450  5.449  -5.117  59.762 0.3750000000
116121  8.402  -4.142  59.523 0.3750000000
114830  8.773  -4.947  59.885 0.3750000000
113448  8.747  -5.384  60.388 0.3750000000
113453  9.894  -5.331  59.382 0.3750000000
114829  9.421  -4.971  59.321 0.5000000000
113458  10.179  -5.259  58.694 0.3750000000
111911  5.422  -5.551  58.871 0.3750000000
114832  5.370  -4.515  59.523 0.3750000000
108752  13.575  -8.163  58.829 0.6250000000
108764  14.092  -7.969  57.451 0.6250000000
111917  10.942  -5.841  57.506 0.6250000000
113457  10.635  -5.549  58.368 0.5000000000
113459  5.628  -5.382  58.340 0.2500000000
107271  15.440  -8.932  56.715 0.6250000000
105899  16.153  -9.739  57.274 0.6250000000
110393  12.578  -7.272  56.772 0.6250000000
110397  6.575  -7.402  56.769 0.2500000000
111927  6.705  -5.799  56.623 0.2500000000
111919  6.552  -6.268  57.154 0.2500000000
111935  7.203  -6.377  55.804 0.2500000000
110406  7.195  -7.211  55.847 0.2500000000
114840  5.349  -4.307  58.044 0.3750000000
113462  10.334  -5.250  58.092 0.5000000000
114837  9.878  -4.943  58.181 0.5000000000
113463  6.177  -5.697  57.521 0.2500000000
113470  10.646  -5.462  56.824 0.6250000000
114847  6.167  -4.883  56.584 0.2500000000
107272  14.980  -8.566  57.040 0.6250000000
107283  15.044  -8.442  55.717 0.6250000000
108770  14.217  -8.000  56.788 0.6250000000
108769  14.707  -8.285  56.627 0.6250000000
108781  13.768  -7.765  56.299 0.6250000000
108782  13.174  -7.540  56.550 0.6250000000
113476  6.966  -5.600  55.610 0.2500000000
114851  6.185  -4.723  55.860 0.2500000000
108790  14.312  -8.018  55.245 0.6250000000
110413  12.899  -7.319  55.544 0.6250000000
110432  12.254  -7.014  53.698 0.6250000000
112133  6.419  -5.374  43.730 0.2500000000
113637  8.743  -5.459  43.461 0.2500000000
113640  6.673  -5.219  43.319 0.2500000000
113668  5.859  -5.094  42.224 0.2500000000
112146  4.650  -5.529  42.997 0.2500000000
112135  4.715  -5.763  43.758 0.2500000000
113650  8.476  -5.324  42.983 0.1250000000
112136  4.051  -5.837  43.957 0.2500000000
113681  7.679  -5.034  41.481 0.1250000000
112026  33.459  -6.038  48.001 0.5000000000
112039  34.190  -5.871  47.397 0.5000000000
100111  23.568  -11.586  51.990 0.3750000000
100098  23.557  -12.236  52.970 0.3750000000
98469  22.845  -12.479  52.125 0.2500000000
108847  29.745  -6.923  50.549 0.3750000000
110461  29.628  -6.989  50.261 0.3750000000
110446  30.636  -6.539  50.887 0.3750000000
110447  30.071  -6.676  51.201 0.3750000000
98470  22.422  -13.003  52.307 0.2500000000
110460  30.113  -6.852  50.449 0.3750000000
98504  21.927  -12.991  51.142 0.2500000000
98486  22.043  -13.210  51.839 0.2500000000
111975  31.091  -6.044  51.168 0.3750000000
112001  31.488  -6.290  50.229 0.2500000000
111989  31.565  -6.079  50.637 0.3750000000
110459  30.753  -6.643  50.219 0.2500000000
110473  30.333  -6.799  49.707 0.2500000000
110458  31.861  -6.146  50.257 0.2500000000
112002  31.203  -6.470  50.052 0.2500000000
110471  31.666  -6.426  49.640 0.2500000000
110488  30.479  -6.749  49.014 0.2500000000
110486  31.865  -6.535  48.764 0.2500000000
110505  30.629  -6.760  48.266 0.2500000000
110504  31.346  -6.682  48.144 0.2500000000
110523  30.029  -6.803  47.596 0.2500000000
110522  30.808  -6.800  47.455 0.2500000000
110541  31.071  -6.875  46.555 0.2500000000
103153  8.618  -9.952  60.508 0.2500000000
104534  8.351  -9.643  60.927 0.2500000000
104523  9.227  -9.162  61.239 0.2500000000
104547  10.299  -10.155  59.933 0.1250000000
110444  32.223  -5.924  50.461 0.3750000000
110457  32.265  -6.080  49.909 0.2500000000
110521  31.544  -6.738  47.384 0.2500000000
110561  30.445  -6.867  45.819 0.2500000000
108942  31.495  -7.075  45.080 0.2500000000
103150  10.670  -9.672  60.448 0.1250000000
104531  10.248  -9.328  60.871 0.2500000000
105871  9.059  -9.057  61.292 0.2500000000
103182  11.063  -10.348  59.440 0.1250000000
103181  11.876  -10.474  59.221 0.1250000000
95476  19.412  -14.577  54.473 0.3750000000
93984  19.489  -14.897  53.478 0.2500000000
95501  18.421  -14.477  53.058 0.2500000000
110456  32.806  -5.883  49.627 0.2500000000
110485  32.485  -6.315  48.515 0.2500000000
110503  32.019  -6.544  48.002 0.2500000000
110502  32.617  -6.360  47.820 0.2500000000
110520  32.194  -6.600  47.312 0.2500000000
110540  31.774  -6.790  46.762 0.2500000000
110539  32.349  -6.657  46.670 0.2500000000
108898  31.520  -6.881  46.355 0.2500000000
108897  31.910  -6.875  46.233 0.2500000000
108919  31.991  -6.999  45.620 0.2500000000
108961  31.064  -7.220  44.449 0.2500000000
104522  9.838  -9.071  61.316 0.2500000000
104545  10.868  -10.070  60.039 0.1250000000
103180  12.652  -10.359  59.095 0.1250000000
103191  12.136  -10.713  58.586 0.1250000000
101715  12.434  -10.832  57.901 0.1250000000
95461  19.443  -14.049  55.341 0.3750000000
96989  18.429  -14.008  54.964 0.2500000000
97003  17.427  -13.663  54.460 0.2500000000
95489  18.324  -14.252  53.789 0.2500000000
97002  18.050  -14.006  54.330 0.2500000000
97021  17.080  -13.619  53.021 0.2500000000
110501  33.156  -6.211  47.630 0.2500000000
110519  32.777  -6.430  47.157 0.2500000000
110538  32.936  -6.478  46.445 0.2500000000
108941  32.125  -6.966  44.930 0.2500000000
108978  32.001  -7.088  43.656 0.2500000000
104530  10.929  -9.247  60.737 0.2500000000
103149  11.338  -9.747  60.290 0.2500000000
105879  11.282  -9.177  60.634 0.2500000000
103166  11.784  -10.165  59.757 0.1250000000
103148  11.991  -9.857  60.125 0.1250000000
104528  12.098  -9.490  60.297 0.2500000000
101697  13.087  -10.650  58.427 0.1250000000
96965  19.227  -13.457  55.879 0.3750000000
96967  17.947  -13.434  56.127 0.2500000000
100043  14.255  -11.774  56.496 0.1250000000
100030  13.760  -11.312  57.323 0.1250000000
96976  18.980  -13.937  55.437 0.2500000000
96977  18.187  -13.756  55.578 0.2500000000
96979  17.074  -13.243  55.334 0.2500000000
100060  14.876  -12.137  55.521 0.1250000000
100062  13.699  -11.575  56.084 0.1250000000
98442  16.956  -13.327  54.498 0.2500000000
98443  16.419  -12.999  54.517 0.2500000000
100085  15.007  -12.392  53.915 0.1250000000
97012  16.942  -13.477  53.338 0.2500000000
98453  15.939  -12.751  53.971 0.2500000000
98463  15.472  -12.552  53.575 0.2500000000
100101  14.087  -12.183  53.134 0.1250000000
110559  33.211  -6.426  45.941 0.3750000000
108895  32.857  -6.619  45.863 0.2500000000
108917  33.071  -6.540  45.347 0.3750000000
108940  32.660  -6.756  44.791 0.2500000000
108958  32.783  -6.728  44.090 0.2500000000
108959  32.302  -6.937  44.218 0.2500000000
108977  32.495  -6.915  43.467 0.2500000000
119385  7.303  -2.044  37.818 0.5000000000
119394  9.055  -1.819  37.068 0.3750000000
119384  8.035  -1.779  37.657 0.3750000000
120892  10.519  -1.094  36.303 0.1250000000
105868  10.684  -8.740  61.445 0.2500000000
103147  12.564  -9.776  59.925 0.2500000000
104527  12.608  -9.443  60.078 0.2500000000
100023  18.927  -12.535  55.883 0.3750000000
100006  18.570  -12.301  56.208 0.3750000000
101681  13.232  -10.492  58.863 0.1250000000
98406  18.878  -13.022  56.100 0.3750000000
100024  18.611  -12.647  56.325 0.3750000000
98397  17.837  -12.806  56.735 0.2500000000
100026  16.224  -12.503  56.409 0.2500000000
100028  14.817  -11.860  56.906 0.1250000000
100013  14.131  -11.370  57.748 0.1250000000
98420  16.800  -12.967  55.608 0.2500000000
100040  16.045  -12.559  55.796 0.2500000000
100041  15.507  -12.356  56.010 0.1250000000
98431  16.808  -13.108  55.028 0.2500000000
100058  16.085  -12.590  55.466 0.2500000000
100073  14.871  -12.229  54.745 0.2500000000
98433  15.845  -12.572  54.921 0.2500000000
100084  15.591  -12.562  54.221 0.2500000000
110558  33.617  -6.222  45.622 0.3750000000
108939  33.118  -6.567  44.636 0.3750000000
108957  33.230  -6.636  44.006 0.3750000000
110611  33.959  -6.055  43.593 0.3750000000
120875  9.229  -1.455  37.213 0.2500000000
120859  8.383  -1.285  37.829 0.3750000000
122373  10.290  -0.861  36.769 0.1250000000
120874  9.826  -1.094  37.031 0.2500000000
122371  11.166  -0.028  36.459 0.1250000000
122357  10.178  -0.217  37.272 0.2500000000
122382  11.333  -0.209  36.071 0.1250000000
101711  17.825  -11.694  56.659 0.3750000000
104542  13.206  -9.678  59.776 0.2500000000
100008  17.531  -12.453  56.958 0.2500000000
101680  13.704  -10.618  58.720 0.1250000000
99994  17.213  -12.038  57.306 0.2500000000
100010  16.030  -12.143  57.108 0.1250000000
100011  15.353  -11.830  57.285 0.1250000000
99998  14.618  -11.426  57.969 0.1250000000
101695  14.517  -11.189  58.259 0.1250000000
99996  15.825  -11.763  57.618 0.2500000000
99997  15.184  -11.532  57.900 0.1250000000
108993  33.670  -6.346  43.179 0.3750000000
109011  33.604  -6.309  42.195 0.2500000000
120858  8.988  -0.887  37.688 0.3750000000
122356  10.631  -0.026  37.025 0.2500000000
123809  12.204  0.475  35.095 0.1250000000
123806  11.864  0.547  35.769 0.1250000000
105875  13.386  -9.022  59.761 0.2500000000
105864  12.529  -8.895  60.184 0.2500000000
103197  17.490  -11.244  56.789 0.3750000000
101691  17.444  -11.703  57.162 0.2500000000
105886  13.523  -9.430  59.751 0.2500000000
101712  17.413  -11.397  57.126 0.3750000000
101692  17.010  -11.456  57.636 0.2500000000
103162  14.401  -10.252  59.307 0.2500000000
103179  13.411  -10.396  59.158 0.2500000000
101693  16.481  -11.545  57.916 0.2500000000
101694  14.844  -11.340  58.157 0.1250000000
101679  14.342  -10.874  58.618 0.1250000000
110610  34.223  -6.081  43.720 0.5000000000
122340  9.433  -0.129  37.873 0.3750000000
122341  8.570  -0.287  38.340 0.3750000000
120860  7.685  -1.412  38.119 0.5000000000
122358  9.553  -0.780  37.445 0.3750000000
125205  11.687  1.239  36.402 0.1250000000
123801  11.264  0.392  36.602 0.1250000000
123805  12.102  0.747  35.488 0.1250000000
126527  12.513  2.065  35.293 0.1250000000
125209  12.217  1.225  35.578 0.1250000000
126537  12.976  1.840  34.070 0.1250000000
125213  12.581  1.316  34.830 0.1250000000
126536  13.111  2.116  33.588 0.1250000000
127861  13.085  2.625  33.904 0.1250000000
127872  13.146  3.171  32.767 0.1250000000
107261  13.052  -8.513  59.666 0.2500000000
104567  16.983  -10.467  57.062 0.3750000000
104563  16.751  -10.519  57.610 0.3750000000
105885  13.906  -9.177  59.547 0.2500000000
103189  16.388  -10.620  58.161 0.3750000000
104551  15.460  -10.072  58.684 0.2500000000
105884  14.857  -9.447  58.924 0.2500000000
107259  14.409  -8.883  58.927 0.5000000000
101675  16.510  -11.191  58.088 0.3750000000
99988  16.131  -11.624  57.858 0.2500000000
101667  15.700  -11.094  58.603 0.1250000000
122316  8.305  0.193  38.886 0.5000000000
123781  9.711  0.506  38.058 0.2500000000
123795  10.197  0.660  37.708 0.2500000000
123794  10.794  0.420  37.066 0.2500000000
125204  12.019  1.532  36.078 0.1250000000
126522  12.200  2.065  35.913 0.1250000000
126532  12.832  2.074  34.577 0.1250000000
127858  12.693  2.824  34.989 0.1250000000
129237  13.070  3.764  33.689 0.1250000000
129238  13.034  3.339  34.064 0.1250000000
129252  13.079  3.671  33.125 0.1250000000
129275  12.664  3.796  32.053 0.1250000000
130695  11.859  4.483  31.587 0.1250000000
107260  13.595  -8.497  59.346 0.2500000000
104564  16.516  -10.144  57.460 0.3750000000
105889  15.867  -9.991  58.251 0.3750000000
105891  15.006  -9.166  58.413 0.5000000000
105890  15.481  -9.622  58.437 0.3750000000
123782  9.105  0.616  38.538 0.2500000000
125198  11.200  1.114  37.008 0.1250000000
126517  11.550  1.936  36.919 0.1250000000
127853  12.366  2.922  35.733 0.1250000000
129232  12.859  3.478  34.641 0.1250000000
130638  13.012  4.226  33.824 0.1250000000
130639  12.959  4.053  34.207 0.1250000000
130682  12.745  4.281  32.472 0.1250000000
130661  12.891  4.574  32.898 0.1250000000
130694  12.404  4.422  31.988 0.1250000000
132135  11.581  5.254  31.769 0.1250000000
105896  15.023  -8.957  57.947 0.5000000000
104568  16.674  -10.071  56.840 0.5000000000
107267  15.251  -8.948  57.390 0.5000000000
108757  14.374  -8.182  57.666 0.5000000000
125187  9.851  1.242  38.364 0.3750000000
125199  10.683  1.273  37.598 0.2500000000
126518  11.135  1.949  37.438 0.2500000000
125200  10.287  1.178  37.934 0.3750000000
127849  11.455  2.531  37.307 0.2500000000
127854  12.086  2.638  36.276 0.1250000000
126523  11.875  2.035  36.402 0.1250000000
129223  12.411  3.850  35.923 0.1250000000
132104  12.805  4.858  34.237 0.1250000000
130624  12.734  4.235  34.842 0.1250000000
132113  12.839  5.019  33.376 0.1250000000
133522  12.120  5.867  32.447 0.1250000000
125170  9.399  1.549  38.818 0.3750000000
123758  8.860  0.860  38.823 0.3750000000
125186  10.389  1.549  38.073 0.3750000000
126506  10.702  2.068  37.935 0.3750000000
127838  11.102  2.810  37.787 0.3750000000
130614  12.076  4.409  36.382 0.1250000000
129224  12.167  3.394  36.427 0.3750000000
130613  12.333  4.347  35.952 0.1250000000
133503  12.489  5.709  34.647 0.1250000000
132088  12.499  4.969  35.031 0.1250000000
133507  12.637  5.752  33.849 0.1250000000
135028  12.061  6.613  32.712 0.1250000000
126493  9.703  2.085  38.772 0.3750000000
126507  10.216  2.084  38.354 0.3750000000
126494  9.099  2.087  39.162 0.3750000000
127839  10.551  2.794  38.257 0.3750000000
127837  11.541  3.217  37.423 0.3750000000
129206  10.811  3.417  38.125 0.3750000000
127825  10.027  2.799  38.679 0.3750000000
129196  9.807  3.420  38.972 0.3750000000
129216  11.768  3.799  37.092 0.3750000000
130605  11.405  4.322  37.420 0.2500000000
132051  11.519  5.138  36.938 0.2500000000
132072  12.288  4.990  35.558 0.1250000000
133479  11.687  5.891  36.328 0.2500000000
139432  47.687  8.869  33.014 0.5000000000
139447  47.198  9.030  32.146 0.3750000000
129205  11.220  3.763  37.738 0.3750000000
129194  10.740  4.109  38.176 0.3750000000
123769  32.660  0.398  38.464 0.1250000000
132040  10.923  5.402  37.714 0.2500000000
130593  10.954  4.667  37.877 0.3750000000
130585  10.380  4.646  38.510 0.3750000000
133462  11.043  6.008  37.316 0.2500000000
132032  10.198  5.434  38.570 0.5000000000
135010  11.713  6.821  36.114 0.2500000000
135011  11.414  6.895  36.634 0.2500000000
139431  48.029  9.449  32.578 0.5000000000
139462  46.419  8.989  31.331 0.3750000000
140883  48.312  10.056  31.473 0.5000000000
139473  47.209  9.855  30.557 0.5000000000
139474  46.643  9.669  30.372 0.1250000000
139486  45.982  9.492  29.652 0.1250000000
139497  45.305  9.074  29.250 0.1250000000
125174  32.398  0.905  38.082 0.1250000000
134998  11.438  6.355  36.747 0.2500000000
134999  11.104  6.872  37.045 0.2500000000
133445  10.678  5.926  37.851 0.2500000000
133446  10.234  6.121  38.283 0.5000000000
133434  9.876  5.910  38.768 0.5000000000
136457  11.341  7.525  36.572 0.2500000000
134984  10.547  6.811  37.740 0.3750000000
134985  10.107  6.777  38.233 0.5000000000
134972  9.284  6.680  39.170 0.5000000000
137886  11.070  8.523  36.782 0.3750000000
136447  10.817  7.637  37.221 0.3750000000
136439  10.411  7.703  37.747 0.5000000000
136440  10.000  7.459  38.234 0.5000000000
136428  9.527  7.623  38.775 0.5000000000
137869  10.549  8.405  37.526 0.5000000000
137855  10.147  8.213  38.020 0.5000000000
140898  47.228  9.965  30.163 0.3750000000
139485  46.501  9.786  29.752 0.1250000000
139495  46.384  9.572  28.413 0.1250000000
138021  44.860  8.895  28.103 0.1250000000
138031  45.013  8.906  27.390 0.1250000000
125163  33.357  0.908  38.770 0.2500000000
125164  32.884  0.930  38.463 0.2500000000
136429  9.148  7.293  39.194 0.5000000000
126497  32.711  1.751  37.967 0.1250000000
137856  9.804  8.373  38.623 0.5000000000
140801  10.842  10.006  36.949 0.3750000000
140778  10.591  9.993  37.739 0.3750000000
139350  10.227  9.116  38.169 0.5000000000
139371  10.740  9.239  37.310 0.5000000000
139506  46.440  9.453  27.772 0.1250000000
139517  46.007  9.247  27.463 0.1250000000
138041  45.180  8.794  26.721 0.1250000000
139516  46.539  9.321  27.184 0.1250000000
138049  45.364  8.632  26.110 0.1250000000
136566  44.502  8.380  26.086 0.1250000000
126485  33.526  1.750  38.606 0.2500000000
127815  34.061  2.741  38.603 0.2500000000
126484  33.869  2.162  38.735 0.2500000000
126496  33.163  2.149  38.136 0.2500000000
137841  9.339  8.205  39.397 0.5000000000
129198  33.792  3.275  37.834 0.2500000000
127828  33.450  2.731  38.004 0.2500000000
127829  33.018  2.335  37.867 0.1250000000
126469  33.954  1.354  39.034 0.2500000000
126468  34.215  1.799  39.125 0.2500000000
127798  35.098  2.537  39.681 0.2500000000
127799  34.639  2.559  39.238 0.2500000000
159488  9.364  21.185  42.633 0.5000000000
159500  9.240  20.538  42.576 0.5000000000
159498  10.072  21.136  41.784 0.5000000000
158206  10.552  20.507  39.967 0.3750000000
100112  23.330  -12.171  52.345 0.3750000000
123783  8.645  0.301  38.691 0.5000000000
126457  35.302  1.834  40.103 0.2500000000
129195  10.361  3.620  38.591 0.3750000000
127826  9.467  2.819  39.076 0.3750000000
159509  10.241  20.915  41.328 0.5000000000
159499  9.698  20.938  42.200 0.5000000000
139420  47.876  8.843  33.795 0.5000000000
110581  33.840  -6.248  44.935 0.3750000000
95500  18.874  -14.817  52.773 0.2500000000
108938  33.521  -6.452  44.475 0.3750000000
110596  33.921  -6.331  44.138 0.3750000000
139446  47.859  9.673  31.830 0.5000000000
140896  48.350  10.174  30.761 0.5000000000
123749  32.677  -0.214  38.720 0.1250000000
140922  46.307  9.650  29.000 0.1250000000
140934  46.910  9.732  27.983 0.1250000000
126467  34.817  1.814  39.674 0.2500000000
137842  9.054  7.723  39.523 0.5000000000
139351  9.976  8.974  38.755 0.5000000000
139331  10.149  9.454  39.014 0.5000000000
139530  46.144  9.135  26.832 0.1250000000
108747  12.696  -8.171  59.610 0.3750000000
108753  13.000  -7.933  59.041 0.3750000000
107269  14.407  -8.438  58.252 0.5000000000
105895  15.558  -9.355  57.786 0.5000000000
105894  15.997  -9.861  57.877 0.3750000000
107268  14.699  -8.492  57.775 0.5000000000
110470  32.349  -6.217  49.242 0.2500000000
122342  7.967  -0.850  38.374 0.3750000000
111990  31.128  -6.343  50.538 0.2500000000
110472  30.952  -6.658  49.603 0.2500000000
110487  31.166  -6.652  48.917 0.2500000000
104532  9.590  -9.413  60.913 0.2500000000
108920  31.317  -6.938  45.853 0.2500000000
104553  12.428  -10.214  59.472 0.1250000000
96988  18.986  -14.200  54.817 0.3750000000
95477  18.803  -14.391  54.188 0.2500000000
95488  19.035  -14.714  53.608 0.2500000000
95478  18.460  -14.200  54.205 0.2500000000
108960  31.740  -7.143  44.355 0.2500000000
101698  12.585  -10.703  58.402 0.1250000000
103164  13.011  -10.052  59.514 0.1250000000
101714  13.383  -10.955  57.656 0.1250000000
96990  17.771  -13.783  55.022 0.2500000000
96991  17.238  -13.447  55.013 0.2500000000
97011  17.456  -13.772  53.687 0.2500000000
98451  17.136  -13.496  54.117 0.2500000000
101696  13.947  -10.950  58.154 0.1250000000
96966  18.625  -13.570  56.082 0.2500000000
98407  18.299  -13.041  56.471 0.2500000000
100012  14.721  -11.650  57.515 0.1250000000
100061  14.223  -11.851  55.790 0.1250000000
100029  14.225  -11.630  57.143 0.1250000000
100044  13.737  -11.490  56.731 0.1250000000
96978  17.432  -13.424  55.632 0.2500000000
100042  14.855  -12.050  56.248 0.1250000000
98452  16.650  -13.253  53.772 0.2500000000
100007  18.112  -12.356  56.614 0.3750000000
98408  17.183  -13.008  56.289 0.2500000000
98398  17.352  -12.851  56.648 0.2500000000
98410  16.452  -12.695  55.924 0.2500000000
98409  16.791  -12.806  56.173 0.2500000000
100009  16.808  -12.488  56.940 0.2500000000
100027  15.459  -12.164  56.685 0.1250000000
100059  15.636  -12.443  55.290 0.2500000000
122339  9.891  0.197  37.736 0.2500000000
104541  13.950  -9.767  59.588 0.2500000000
99995  16.514  -11.921  57.550 0.2500000000
103177  14.737  -10.670  58.891 0.1250000000
99989  15.654  -11.656  57.760 0.1250000000
104540  14.706  -9.828  59.208 0.2500000000
104552  14.980  -10.319  58.985 0.2500000000
127862  12.973  2.794  34.338 0.1250000000
127866  13.138  2.999  33.481 0.1250000000
129274  12.951  3.691  32.548 0.1250000000
101665  16.201  -11.054  58.367 0.3750000000
103175  16.073  -10.538  58.425 0.3750000000
104539  15.051  -9.780  58.916 0.3750000000
129228  12.604  3.617  35.290 0.1250000000
130681  12.961  4.104  32.880 0.1250000000
130660  13.016  4.284  33.370 0.1250000000
132134  12.106  4.951  31.958 0.1250000000
132123  12.509  5.071  32.503 0.1250000000
127848  11.817  2.783  36.863 0.2500000000
130604  11.621  4.658  36.956 0.2500000000
132073  12.022  5.271  35.977 0.2500000000
133492  12.236  5.606  35.340 0.1250000000
132052  11.286  5.118  37.313 0.2500000000
132062  11.703  5.159  36.569 0.2500000000
133461  11.457  5.614  36.880 0.2500000000
132041  10.595  5.285  38.159 0.2500000000
139461  47.329  9.649  31.156 0.3750000000
139508  45.343  9.117  28.490 0.1250000000
134971  9.698  6.739  38.728 0.5000000000
139507  45.904  9.341  28.121 0.1250000000
138051  44.382  8.493  26.725 0.1250000000
136573  44.778  8.299  25.569 0.1250000000
127816  33.699  2.358  38.526 0.2500000000
101808  24.006  -11.140  52.229 0.2500000000
101813  23.835  -10.968  51.657 0.2500000000
100125  23.382  -11.397  51.463 0.2500000000
100126  23.048  -12.039  51.696 0.2500000000
101829  23.486  -10.735  50.728 0.2500000000
101822  23.254  -11.097  50.963 0.2500000000
101847  22.939  -10.828  49.984 0.2500000000
101864  22.242  -11.087  49.276 0.2500000000
103322  22.350  -10.636  48.658 0.2500000000
103333  22.163  -10.415  48.163 0.2500000000
101882  21.486  -11.054  48.193 0.2500000000
103334  21.716  -10.636  47.731 0.2500000000
103282  24.536  -10.167  51.200 0.2500000000
101820  24.564  -10.301  51.550 0.2500000000
103308  23.367  -10.311  49.892 0.2500000000
103321  22.700  -10.629  49.133 0.2500000000
104689  22.393  -9.962  47.768 0.1250000000
103345  21.547  -10.477  47.081 0.1250000000
103358  20.883  -10.515  46.100 0.1250000000
104698  21.853  -10.001  46.820 0.1250000000
105994  25.557  -9.064  51.046 0.3750000000
104646  24.871  -9.703  51.073 0.3750000000
104666  25.076  -9.098  50.412 0.2500000000
104658  24.262  -9.885  50.420 0.2500000000
103294  23.713  -10.271  50.352 0.2500000000
106034  23.749  -9.242  48.658 0.2500000000
104668  23.873  -9.722  49.769 0.2500000000
104669  23.361  -10.013  49.441 0.2500000000
106035  23.134  -9.535  48.404 0.2500000000
104679  22.558  -10.160  48.325 0.2500000000
104690  21.976  -10.181  47.301 0.1250000000
104707  21.626  -9.690  46.171 0.1250000000
106008  25.562  -8.845  50.648 0.2500000000
106006  26.964  -8.040  50.239 0.2500000000
106019  26.331  -8.079  49.698 0.2500000000
106020  25.360  -8.671  49.792 0.1250000000
106047  22.591  -9.552  47.442 0.1250000000
104706  22.178  -9.502  46.674 0.1250000000
105991  27.476  -7.972  50.810 0.2500000000
110507  29.210  -6.891  48.588 0.1250000000
110508  28.620  -7.010  48.854 0.1250000000
110526  27.821  -6.984  47.827 0.1250000000
106032  25.810  -8.064  49.061 0.1250000000
110524  29.237  -6.808  47.777 0.1250000000
110545  27.803  -6.915  47.351 0.1250000000
108900  26.363  -7.246  47.139 0.1250000000
106033  24.887  -8.493  48.614 0.1250000000
106045  24.101  -8.563  47.736 0.1250000000
110543  29.378  -6.755  46.901 0.1250000000
110544  28.527  -6.787  47.108 0.1250000000
108922  27.167  -6.819  46.419 0.1250000000
108923  26.672  -6.889  46.222 0.1250000000
106046  23.065  -9.269  47.798 0.1250000000
110563  28.702  -6.708  46.181 0.1250000000
110564  27.707  -6.766  46.387 0.1250000000
108946  26.117  -6.905  45.588 0.1250000000
106056  22.654  -9.249  47.034 0.1250000000
110584  28.970  -6.794  45.276 0.1250000000
110600  27.595  -6.738  44.611 0.1250000000
110601  26.607  -6.667  44.628 0.1250000000
108963  26.239  -6.744  45.110 0.1250000000
110599  28.453  -6.845  44.549 0.1250000000
110616  26.461  -6.668  43.626 0.1250000000
108837  29.687  -6.849  50.902 0.2500000000
107362  28.429  -7.398  50.330 0.2500000000
106005  27.663  -7.659  50.066 0.2500000000
110489  29.837  -6.875  49.137 0.1250000000
110490  29.242  -6.972  49.291 0.1250000000
108873  27.859  -7.164  48.535 0.1250000000
106031  26.526  -7.734  49.110 0.1250000000
106044  24.724  -8.274  47.973 0.1250000000
110506  29.910  -6.815  48.405 0.1250000000
108884  27.257  -7.169  47.850 0.1250000000
107398  25.920  -7.639  48.068 0.1250000000
108925  24.875  -7.478  46.375 0.1250000000
108902  25.002  -7.591  46.854 0.1250000000
107416  23.928  -8.254  46.828 0.1250000000
106055  23.360  -8.632  46.946 0.1250000000
110562  29.585  -6.790  45.994 0.1250000000
108947  25.254  -7.109  45.624 0.1250000000
108948  24.297  -7.481  45.645 0.1250000000
107429  23.141  -8.294  46.070 0.1250000000
106063  22.493  -8.818  46.158 0.1250000000
106064  21.873  -9.187  45.749 0.1250000000
108962  30.322  -7.093  44.489 0.1250000000
110583  29.846  -6.910  45.069 0.1250000000
108980  30.720  -7.303  43.740 0.1250000000
108981  29.950  -7.273  43.697 0.1250000000
108979  31.422  -7.262  43.715 0.1250000000
108995  31.810  -7.125  43.031 0.1250000000
108996  31.166  -7.313  43.051 0.1250000000
109012  31.539  -7.248  42.542 0.1250000000
107469  32.279  -6.989  42.905 0.1250000000
108994  32.181  -7.010  43.199 0.1250000000
107470  31.932  -7.143  42.443 0.1250000000
107483  31.681  -7.324  41.978 0.1250000000
108976  32.967  -6.783  43.469 0.1250000000
107468  32.965  -6.961  42.753 0.1250000000
107481  32.714  -6.869  42.275 0.1250000000
107494  32.431  -6.991  41.949 0.1250000000
107508  32.215  -7.060  41.379 0.1250000000
107521  32.412  -6.795  41.237 0.1250000000
107522  32.063  -6.974  40.577 0.1250000000
107455  33.272  -7.097  43.038 0.1250000000
107479  33.222  -6.774  42.547 0.1250000000
107480  32.896  -6.843  42.295 0.1250000000
109029  32.813  -6.615  41.790 0.1250000000
109044  33.094  -6.380  41.869 0.1250000000
109045  32.827  -6.503  41.484 0.1250000000
110662  33.248  -6.169  41.540 0.1250000000
109061  32.535  -6.452  40.686 0.1250000000
109078  32.343  -6.241  39.999 0.1250000000
110675  32.882  -5.949  40.217 0.1250000000
119395  8.607  -1.906  37.255 0.2500000000
119396  7.856  -2.330  37.297 0.2500000000
133510  46.336  6.220  34.003 0.2500000000
133519  45.773  6.139  32.720 0.2500000000
135020  46.584  6.595  34.221 0.2500000000
136480  47.349  7.775  34.053 0.3750000000
135027  46.115  6.644  32.884 0.2500000000
136495  46.650  7.608  32.850 0.1250000000
137918  47.626  8.313  34.251 0.3750000000
137953  47.200  8.449  32.797 0.1250000000
139394  11.062  9.396  36.651 0.2500000000
139475  45.800  9.099  30.576 0.1250000000
145224  42.134  12.592  29.741 0.1250000000
146674  42.622  12.709  29.391 0.1250000000
145238  42.187  12.544  29.006 0.1250000000
140757  10.418  10.154  38.629 0.3750000000
145237  42.879  12.457  28.905 0.1250000000
145236  43.611  12.480  28.876 0.1250000000
145254  43.257  12.177  28.353 0.1250000000
145255  42.401  12.173  28.256 0.1250000000
143585  10.545  11.401  37.670 0.3750000000
143729  43.000  11.947  27.870 0.1250000000
143744  43.216  11.713  27.354 0.1250000000
143743  43.934  11.726  27.265 0.1250000000
143766  43.463  11.562  26.712 0.1250000000
143794  43.013  11.407  26.099 0.1250000000
138066  46.154  8.278  24.688 0.1250000000
136598  45.291  7.772  24.013 0.1250000000
143765  44.169  11.598  26.602 0.1250000000
143764  44.865  11.657  26.367 0.1250000000
143791  44.977  11.628  25.550 0.1250000000
143815  44.320  11.488  25.089 0.1250000000
136612  45.858  7.823  23.319 0.1250000000
143792  44.273  11.513  25.860 0.1250000000
138055  47.283  8.392  24.848 0.1250000000
145284  46.286  12.137  26.371 0.2500000000
145300  46.462  12.150  25.512 0.1250000000
143790  45.712  11.792  25.122 0.1250000000
145311  46.337  12.124  24.560 0.1250000000
136611  46.332  7.979  23.588 0.1250000000
138073  46.419  8.182  24.266 0.1250000000
143763  45.629  11.857  26.119 0.1250000000
138071  47.369  8.384  23.343 0.1250000000
139558  47.994  9.150  22.445 0.1250000000
147797  7.122  14.256  39.387 0.2500000000
145283  46.953  12.313  26.163 0.2500000000
145299  47.303  12.368  25.436 0.2500000000
138063  48.012  8.513  23.760 0.1250000000
145310  47.056  12.329  24.729 0.1250000000
145319  46.910  12.349  23.954 0.1250000000
138070  48.019  8.682  23.038 0.1250000000
149046  7.313  14.766  38.994 0.2500000000
145298  47.952  12.544  25.366 0.2500000000
145309  47.739  12.502  24.766 0.2500000000
139557  48.410  9.145  22.750 0.1250000000
145308  48.315  12.721  24.786 0.2500000000
145317  48.200  12.684  24.140 0.1250000000
145318  47.575  12.503  24.072 0.1250000000
139565  48.403  9.551  22.175 0.1250000000
145326  48.089  12.652  23.436 0.1250000000
145327  47.455  12.485  23.353 0.1250000000
145336  47.959  12.641  22.737 0.1250000000
150295  7.662  15.786  38.342 0.2500000000
149061  7.499  15.254  38.613 0.2500000000
149045  8.047  14.900  38.941 0.2500000000
146733  48.792  12.991  24.871 0.2500000000
140993  49.069  10.032  22.049 0.1250000000
146742  48.757  12.940  24.216 0.2500000000
140998  49.067  10.251  21.345 0.1250000000
156737  8.846  19.197  51.451 0.2500000000
158155  7.244  20.415  44.175 0.3750000000
150294  8.318  16.105  38.440 0.2500000000
150303  8.066  16.428  38.233 0.2500000000
146748  49.886  13.227  23.760 0.2500000000
147997  50.994  13.779  22.575 0.2500000000
149257  49.927  14.340  17.839 0.1250000000
158156  6.938  20.749  44.244 0.3750000000
159479  7.164  21.241  44.219 0.3750000000
159478  7.656  21.071  43.867 0.3750000000
159490  8.248  21.226  43.534 0.3750000000
158166  8.487  20.344  43.322 0.3750000000
151549  7.334  16.657  38.007 0.2500000000
148014  51.486  14.136  21.176 0.2500000000
148031  51.100  14.091  19.677 0.1250000000
148020  51.267  14.082  20.412 0.1250000000
148042  50.923  14.122  19.104 0.1250000000
149246  50.936  14.350  18.637 0.1250000000
149268  50.061  14.752  17.568 0.1250000000
150481  49.676  15.226  17.150 0.1250000000
159470  6.507  21.258  44.605 0.3750000000
159469  7.018  21.660  44.439 0.3750000000
160845  7.935  21.985  44.098 0.3750000000
160846  7.315  21.797  44.352 0.3750000000
160856  8.268  21.733  43.668 0.3750000000
160855  8.680  21.957  43.487 0.3750000000
160854  9.357  21.621  42.772 0.3750000000
159489  8.990  21.001  42.898 0.3750000000
149221  52.345  14.786  20.586 0.1250000000
149215  52.012  14.502  21.014 0.1250000000
148013  51.927  14.361  21.510 0.2500000000
149222  51.828  14.476  20.474 0.1250000000
150462  51.875  14.979  18.888 0.1250000000
149233  51.644  14.471  19.784 0.1250000000
149245  51.446  14.566  18.968 0.1250000000
150479  51.284  15.646  17.436 0.1250000000
150472  51.040  14.936  18.004 0.1250000000
150480  50.676  15.255  17.497 0.1250000000
151716  51.776  16.197  17.273 0.1250000000
151717  50.873  15.989  17.012 0.1250000000
151718  50.007  15.872  16.886 0.1250000000
160831  7.174  22.254  44.797 0.3750000000
160815  7.062  22.585  45.290 0.3750000000
160830  7.676  22.368  44.501 0.3750000000
162254  7.769  23.084  45.205 0.3750000000
162270  8.371  22.935  44.431 0.3750000000
162288  8.531  22.662  44.060 0.3750000000
162304  9.498  22.608  43.098 0.3750000000
160865  9.957  21.997  42.411 0.3750000000
155553  8.700  19.280  37.533 0.1250000000
156920  9.619  19.590  38.436 0.1250000000
158238  9.794  19.936  37.929 0.1250000000
150461  52.442  15.218  19.113 0.1250000000
150469  53.065  15.984  18.374 0.1250000000
150470  52.593  15.789  18.295 0.1250000000
151708  52.136  15.834  17.859 0.1250000000
151733  51.532  16.698  16.826 0.1250000000
151734  51.090  16.614  16.708 0.1250000000
149336  53.615  14.464  10.913 0.1250000000
163673  7.654  23.453  45.736 0.3750000000
163684  8.353  23.567  44.957 0.3750000000
166378  7.999  25.170  46.632 0.3750000000
165091  9.016  24.200  44.439 0.3750000000
162287  9.128  22.954  43.640 0.3750000000
165099  9.383  24.257  43.801 0.3750000000
162321  10.157  22.789  42.530 0.3750000000
162320  10.595  22.544  41.889 0.3750000000
160873  10.737  21.832  41.142 0.2500000000
158239  9.521  19.721  37.492 0.1250000000
151697  53.597  16.192  18.408 0.1250000000
151706  53.073  16.324  17.956 0.1250000000
153030  52.901  16.943  17.233 0.1250000000
153031  52.146  16.839  16.999 0.1250000000
153041  52.383  17.366  16.605 0.1250000000
153032  51.765  16.750  16.896 0.1250000000
154431  51.948  17.760  16.068 0.1250000000
153042  51.509  17.221  16.423 0.1250000000
151839  54.311  16.565  10.758 0.2500000000
151857  53.285  16.662  10.198 0.1250000000
165084  8.473  24.257  45.270 0.3750000000
167651  8.371  25.526  45.878 0.3750000000
166396  8.716  25.027  45.170 0.3750000000
165098  9.804  24.317  43.209 0.3750000000
163696  9.526  23.519  43.453 0.3750000000
163713  10.071  23.558  42.812 0.3750000000
163731  10.475  23.290  42.271 0.3750000000
162334  11.106  22.801  40.989 0.2500000000
159519  10.705  21.166  40.506 0.2500000000
160884  11.214  22.112  40.166 0.2500000000
159529  10.854  21.186  39.630 0.2500000000
158219  10.479  20.520  39.142 0.2500000000
159542  10.779  21.114  38.766 0.2500000000
158237  10.313  20.506  38.300 0.1250000000
159560  10.783  21.019  37.929 0.1250000000
151704  54.446  16.585  17.822 0.1250000000
153022  53.406  16.766  17.604 0.1250000000
153021  53.930  16.864  17.561 0.1250000000
153029  53.597  17.209  17.190 0.1250000000
153040  53.126  17.527  16.677 0.1250000000
154430  52.651  17.870  16.151 0.1250000000
154440  52.874  18.307  15.655 0.1250000000
153118  54.152  16.999  10.506 0.2500000000
153138  53.636  17.094  10.179 0.2500000000
168838  7.526  26.369  47.160 0.3750000000
167659  8.517  25.716  45.462 0.3750000000
167652  8.167  25.872  46.262 0.3750000000
168839  6.976  26.801  47.467 0.3750000000
167669  8.834  25.720  44.893 0.3750000000
168850  8.585  26.436  44.772 0.3750000000
167660  8.343  25.943  45.804 0.3750000000
166412  9.549  25.079  43.506 0.3750000000
167679  9.223  25.643  43.912 0.3750000000
167680  8.919  26.084  44.299 0.3750000000
166411  9.860  24.943  42.991 0.3750000000
165106  10.226  24.534  42.545 0.3750000000
165105  10.570  24.313  42.073 0.2500000000
163730  10.845  23.706  41.649 0.2500000000
163745  11.464  23.786  40.259 0.2500000000
162346  11.501  22.892  39.945 0.2500000000
162359  11.603  22.933  39.111 0.1250000000
163765  11.593  23.581  38.660 0.1250000000
165153  11.433  24.187  38.210 0.1250000000
165128  11.129  24.500  40.829 0.2500000000
163746  11.236  23.592  40.883 0.2500000000
162347  11.331  22.735  40.426 0.2500000000
160899  11.189  21.765  39.206 0.2500000000
162370  11.591  22.883  38.268 0.1250000000
160883  11.428  22.456  39.896 0.2500000000
160915  11.102  21.641  38.369 0.1250000000
160928  11.415  22.079  37.833 0.1250000000
160929  11.098  21.511  37.722 0.1250000000
153028  54.307  17.172  17.131 0.1250000000
153039  53.832  17.676  16.636 0.1250000000
154439  53.545  18.528  15.643 0.1250000000
158517  53.180  20.100  13.318 0.1250000000
157162  53.946  20.059  13.587 0.1250000000
153117  54.602  16.984  10.809 0.2500000000
154503  54.439  17.392  10.524 0.2500000000
159893  54.030  20.868  12.355 0.1250000000
168848  8.229  26.601  45.553 0.3750000000
170054  7.457  27.375  45.830 0.2500000000
168840  6.250  27.281  47.695 0.2500000000
168851  8.188  27.068  44.609 0.3750000000
167688  9.357  25.916  43.293 0.3750000000
167689  9.024  26.250  43.735 0.3750000000
166420  9.705  25.452  43.042 0.3750000000
166419  9.950  25.299  42.606 0.3750000000
166428  10.260  25.181  42.020 0.2500000000
165115  10.672  24.712  41.660 0.2500000000
163757  11.582  23.630  39.460 0.1250000000
165154  11.151  24.772  38.487 0.1250000000
166436  10.601  25.290  41.143 0.2500000000
165127  11.352  24.369  40.225 0.1250000000
165146  11.170  24.823  39.258 0.1250000000
165162  11.091  24.660  37.742 0.1250000000
166448  10.743  25.296  39.559 0.1250000000
166453  10.272  25.704  39.092 0.1250000000
163774  11.557  23.564  37.881 0.1250000000
151713  54.686  16.721  17.236 0.1250000000
153027  54.721  17.026  16.768 0.1250000000
153055  54.855  17.725  15.702 0.1250000000
153038  54.527  17.703  16.346 0.1250000000
154437  54.899  17.991  15.136 0.2500000000
154438  54.370  18.526  15.440 0.1250000000
154428  53.950  18.134  16.077 0.1250000000
154451  54.692  18.525  14.626 0.1250000000
155792  54.061  19.020  14.988 0.1250000000
155801  54.322  19.075  14.714 0.1250000000
155809  54.491  19.251  14.016 0.2500000000
157153  54.223  19.726  13.751 0.2500000000
157161  54.411  19.812  13.254 0.2500000000
170050  7.216  27.397  46.452 0.3750000000
170046  5.841  27.870  47.419 0.2500000000
170059  7.608  27.455  44.979 0.2500000000
170052  6.242  27.902  46.824 0.2500000000
171253  5.538  28.285  47.184 0.2500000000
171259  4.927  28.840  47.225 0.2500000000
168866  8.894  26.643  43.120 0.3750000000
168857  8.560  26.810  43.972 0.3750000000
168880  9.120  26.591  41.907 0.2500000000
168872  9.216  26.448  42.530 0.2500000000
167703  10.006  25.815  41.780 0.2500000000
167695  9.918  25.698  42.261 0.2500000000
166437  10.316  25.484  41.550 0.2500000000
167711  10.402  25.667  40.699 0.1250000000
166445  10.689  25.366  40.356 0.1250000000
166452  10.747  25.281  38.772 0.1250000000
166456  10.709  25.203  37.972 0.1250000000
166446  10.382  25.698  40.223 0.1250000000
165169  11.029  24.515  37.056 0.1250000000
154450  55.028  17.826  14.540 0.2500000000
170037  3.911  27.673  49.510 0.2500000000
170036  4.176  27.717  49.066 0.1250000000
171249  4.837  28.311  48.002 0.2500000000
170055  6.729  27.816  45.995 0.2500000000
170056  6.476  27.896  46.449 0.2500000000
170066  8.136  27.317  43.763 0.3750000000
170067  7.697  27.536  44.114 0.2500000000
171274  6.632  28.037  44.901 0.2500000000
171258  5.267  28.603  46.870 0.2500000000
168881  8.560  26.855  41.666 0.1250000000
168873  8.632  26.875  42.360 0.2500000000
170085  8.456  27.019  42.813 0.2500000000
170077  7.734  27.516  43.315 0.2500000000
170078  7.014  27.806  43.527 0.2500000000
168888  9.004  26.629  41.245 0.2500000000
167724  9.481  26.318  40.798 0.2500000000
167723  10.040  25.957  40.334 0.1250000000
167734  9.682  26.048  38.632 0.1250000000
166457  10.241  25.678  38.268 0.1250000000
166460  10.038  25.501  37.393 0.1250000000
167730  9.774  26.071  39.495 0.1250000000
171243  4.012  28.599  49.288 0.1250000000
172408  4.221  29.346  48.961 0.1250000000
171250  4.416  28.438  48.449 0.1250000000
170098  6.575  27.604  42.123 0.1250000000
170087  7.172  27.646  42.724 0.1250000000
171284  5.659  28.452  43.984 0.2500000000
171275  6.202  28.262  44.641 0.2500000000
171255  4.721  28.754  47.773 0.1250000000
170097  7.309  27.460  41.993 0.1250000000
170086  7.974  27.316  42.519 0.1250000000
170069  6.355  28.172  44.219 0.1250000000
171269  5.529  28.600  45.666 0.2500000000
168874  8.193  27.071  41.962 0.1250000000
168889  8.396  26.845  41.061 0.1250000000
168890  7.788  27.027  41.005 0.1250000000
168902  8.188  26.843  40.438 0.1250000000
168901  8.838  26.669  40.567 0.2500000000
168916  7.962  26.813  39.802 0.1250000000
168915  8.607  26.713  39.868 0.1250000000
167735  8.922  26.469  39.070 0.1250000000
167744  9.679  25.903  37.836 0.1250000000
167745  9.046  26.209  38.082 0.1250000000
166470  10.258  25.020  36.537 0.1250000000
171233  3.739  28.375  50.264 0.1250000000
172397  3.873  29.318  49.881 0.1250000000
172416  4.515  29.371  48.128 0.1250000000
170088  6.367  27.832  42.904 0.1250000000
170089  5.559  28.197  43.056 0.1250000000
171285  5.053  28.874  44.176 0.2500000000
172431  5.107  29.017  45.358 0.2500000000
172422  4.857  29.218  46.572 0.2500000000
172419  4.673  29.373  47.365 0.1250000000
170099  5.730  27.743  42.220 0.1250000000
170100  4.901  28.056  42.345 0.1250000000
170090  5.024  28.349  42.878 0.2500000000
171276  5.451  28.697  44.820 0.2500000000
172425  5.154  28.934  46.012 0.2500000000
170111  6.040  27.431  41.463 0.1250000000
168904  6.856  26.973  40.281 0.1250000000
168903  7.545  26.941  40.354 0.1250000000
168918  6.533  26.809  39.645 0.1250000000
167736  8.300  26.650  38.935 0.1250000000
168937  7.337  26.646  38.548 0.1250000000
167746  8.107  26.504  38.289 0.1250000000
167747  7.150  26.446  37.940 0.1250000000
167758  7.665  26.223  37.394 0.1250000000
167759  6.796  26.071  37.282 0.1250000000
167757  8.516  26.167  37.450 0.1250000000
167768  8.833  25.903  36.920 0.1250000000
167767  9.159  25.819  36.977 0.1250000000
166473  7.675  25.529  36.287 0.1250000000
166472  8.485  25.599  36.406 0.1250000000
166471  9.372  25.573  36.720 0.1250000000
166483  8.855  25.230  35.905 0.1250000000
172388  3.772  29.551  50.312 0.1250000000
173454  4.601  30.087  47.662 0.1250000000
171290  4.956  28.641  43.393 0.2500000000
172445  4.620  29.335  43.815 0.2500000000
172432  4.738  29.434  45.101 0.2500000000
173459  4.677  29.975  46.125 0.1250000000
173457  4.640  30.001  46.877 0.1250000000
170112  5.014  27.515  41.331 0.1250000000
171296  4.630  28.470  42.725 0.2500000000
174541  4.726  30.639  46.431 0.1250000000
168905  6.107  26.958  40.224 0.1250000000
168893  5.667  27.194  40.783 0.1250000000
168930  5.351  26.418  38.875 0.1250000000
168938  6.647  26.566  38.453 0.1250000000
167761  5.045  25.679  37.432 0.1250000000
167748  6.320  26.257  37.861 0.1250000000
166462  5.819  25.336  36.592 0.1250000000
167760  5.894  25.747  37.238 0.1250000000
166475  6.127  25.172  36.069 0.1250000000
167770  7.270  25.844  36.747 0.1250000000
166474  6.895  25.361  36.188 0.1250000000
166486  6.506  25.058  35.536 0.1250000000
166485  7.246  25.135  35.700 0.1250000000
173431  3.772  29.802  50.742 0.1250000000
173438  4.175  30.104  49.498 0.1250000000
174515  4.409  30.887  49.141 0.1250000000
174511  4.152  30.832  49.967 0.1250000000
173445  4.503  30.228  48.557 0.1250000000
174522  4.597  31.006  48.504 0.1250000000
174535  4.701  30.709  47.163 0.1250000000
172426  4.815  29.406  45.757 0.2500000000
170120  4.685  27.275  40.712 0.1250000000
170113  4.055  28.013  41.723 0.1250000000
171291  4.428  28.890  42.932 0.2500000000
172449  4.508  29.371  43.203 0.2500000000
173476  4.410  29.946  44.151 0.2500000000
173465  4.624  29.992  45.422 0.1250000000
168920  4.982  26.730  39.580 0.1250000000
168908  4.062  27.025  40.058 0.1250000000
168931  4.546  26.467  39.053 0.1250000000
166464  4.430  25.373  36.986 0.1250000000
167738  4.701  26.169  38.510 0.1250000000
166477  4.509  25.072  36.267 0.1250000000
166476  5.336  25.062  36.084 0.1250000000
167749  5.538  26.047  37.968 0.1250000000
166501  5.663  25.486  34.243 0.1250000000
166487  5.656  24.984  35.263 0.1250000000
165192  6.119  25.151  34.717 0.1250000000
177669  4.354  32.768  48.534 0.1250000000
177677  4.349  33.254  47.623 0.1250000000
176659  4.348  32.224  48.991 0.1250000000
177692  4.491  32.923  46.618 0.1250000000
177684  4.627  32.527  47.130 0.1250000000
176666  4.545  32.169  48.315 0.1250000000
175602  4.304  31.579  49.479 0.1250000000
176679  4.783  31.905  46.947 0.1250000000
176672  4.741  32.070  47.637 0.1250000000
174532  4.674  30.823  47.903 0.1250000000
176684  4.698  31.788  46.309 0.1250000000
175629  4.806  31.280  46.710 0.1250000000
176696  4.573  31.564  45.132 0.1250000000
175635  4.746  31.232  46.019 0.1250000000
174566  4.274  30.581  43.948 0.2500000000
175655  4.357  30.920  44.246 0.1250000000
174548  4.687  30.606  45.729 0.1250000000
170122  3.535  28.050  40.883 0.1250000000
171308  3.610  28.733  41.733 0.1250000000
172455  3.677  29.400  42.163 0.2500000000
174567  4.094  30.748  43.436 0.2500000000
174559  4.370  30.540  44.469 0.2500000000
167740  3.560  26.465  38.626 0.1250000000
168922  3.694  26.986  39.603 0.1250000000
166466  3.376  25.745  37.366 0.1250000000
166495  4.234  25.245  35.080 0.1250000000
167784  4.988  25.898  34.115 0.1250000000
166494  4.809  25.303  34.682 0.1250000000
178752  4.300  33.641  46.822 0.1250000000
177699  4.527  32.607  45.871 0.1250000000
177709  4.449  32.677  45.159 0.1250000000
176697  4.520  31.988  44.879 0.1250000000
176704  4.369  32.054  44.195 0.1250000000
175656  4.283  31.336  43.950 0.1250000000
170134  3.480  27.703  39.906 0.1250000000
171322  3.343  28.568  40.281 0.1250000000
173505  3.400  29.694  40.691 0.1250000000
173493  3.526  30.118  41.827 0.2500000000
174572  3.799  30.826  42.876 0.1250000000
168934  3.234  27.143  38.593 0.1250000000
171338  3.512  28.591  39.329 0.1250000000
172503  3.625  29.010  39.461 0.1250000000
173522  3.452  29.549  40.322 0.1250000000
173521  3.783  29.999  40.169 0.1250000000
168942  3.343  27.185  37.783 0.1250000000
179827  4.183  34.256  47.345 0.1250000000
178751  4.445  34.064  46.301 0.1250000000
178776  4.452  33.357  45.455 0.1250000000
177719  4.370  32.653  44.519 0.1250000000
176713  4.408  32.690  43.172 0.1250000000
175660  3.911  31.459  43.230 0.1250000000
174623  4.703  30.470  40.059 0.1250000000
174605  4.335  30.707  40.489 0.1250000000
175684  3.792  31.422  41.780 0.1250000000
175670  4.160  31.999  42.125 0.1250000000
170152  3.724  27.885  38.003 0.1250000000
171350  4.441  28.685  38.360 0.1250000000
173562  4.732  29.421  39.088 0.1250000000
173541  3.993  29.678  39.633 0.1250000000
171364  4.739  28.448  37.913 0.1250000000
180891  4.954  35.440  48.202 0.1250000000
179825  5.521  34.734  46.964 0.1250000000
179839  5.023  34.480  46.414 0.1250000000
178774  5.720  33.764  45.091 0.1250000000
177707  5.253  33.422  44.627 0.1250000000
178775  5.042  33.745  45.199 0.1250000000
177718  4.781  33.115  44.198 0.1250000000
176703  4.337  32.698  43.872 0.1250000000
175669  4.928  32.039  41.941 0.1250000000
176724  4.657  32.384  42.535 0.1250000000
173559  6.742  30.159  38.673 0.1250000000
173538  6.285  30.259  39.207 0.1250000000
174603  5.732  30.954  40.257 0.1250000000
175683  4.476  31.635  41.529 0.1250000000
172517  6.058  29.417  38.332 0.1250000000
174587  4.767  31.253  40.946 0.1250000000
178690  9.421  34.467  52.924 0.1250000000
179771  7.496  34.629  53.375 0.1250000000
179778  10.113  34.822  52.579 0.1250000000
179770  8.294  34.821  53.179 0.1250000000
180854  7.214  35.465  53.314 0.1250000000
179837  6.384  34.456  46.456 0.1250000000
178773  6.337  33.775  45.012 0.1250000000
176720  7.313  32.541  41.950 0.1250000000
177727  6.313  32.867  43.343 0.1250000000
177716  6.102  33.148  43.934 0.1250000000
175698  6.804  31.421  40.544 0.1250000000
175680  6.572  31.700  41.125 0.1250000000
176721  6.726  32.392  42.116 0.1250000000
177728  5.652  32.879  43.446 0.1250000000
174620  6.671  30.692  39.518 0.1250000000
175667  6.329  32.019  41.685 0.1250000000
176723  5.405  32.355  42.377 0.1250000000
174602  6.426  30.968  40.151 0.1250000000
175699  6.165  31.331  40.691 0.1250000000
175681  5.916  31.656  41.256 0.1250000000
181919  7.698  36.279  53.238 0.1250000000
181920  6.942  36.237  53.336 0.1250000000
182860  5.921  36.965  53.237 0.1250000000
181927  5.137  36.224  52.431 0.1250000000
180889  6.451  35.744  48.506 0.1250000000
180896  6.943  35.514  47.773 0.1250000000
180897  6.199  35.311  47.944 0.1250000000
180910  7.489  35.460  47.022 0.1250000000
179823  6.744  34.859  47.003 0.1250000000
179835  7.355  34.816  46.253 0.1250000000
180931  7.828  34.959  45.609 0.1250000000
178759  7.175  34.249  45.317 0.1250000000
179861  7.696  34.575  44.954 0.1250000000
178782  7.535  33.951  44.137 0.1250000000
175696  7.896  31.890  40.133 0.1250000000
176744  7.691  32.094  40.730 0.1250000000
183830  5.417  37.404  51.819 0.1250000000
183827  5.312  37.520  52.456 0.1250000000
183835  5.711  37.288  51.247 0.1250000000
183840  6.344  37.526  50.664 0.1250000000
182885  7.117  36.720  48.931 0.1250000000
180888  6.808  35.768  48.278 0.1250000000
180920  7.866  35.604  46.467 0.1250000000
179860  7.984  34.796  44.692 0.1250000000
179905  8.966  34.576  40.511 0.1250000000
179890  8.963  34.450  41.190 0.1250000000
178795  8.696  34.167  41.917 0.1250000000
178796  8.432  34.044  42.474 0.1250000000
178781  7.942  34.276  44.030 0.1250000000
177786  8.764  33.631  38.874 0.1250000000
178827  8.931  33.897  39.905 0.1250000000
177740  8.636  33.433  41.130 0.1250000000
178789  7.733  33.776  43.492 0.1250000000
177767  8.510  32.785  40.244 0.1250000000
177735  8.143  33.346  42.108 0.1250000000
177724  7.953  33.589  42.798 0.1250000000
184803  5.767  37.924  51.630 0.1250000000
183834  6.060  37.769  51.101 0.1250000000
183845  7.083  37.680  49.898 0.1250000000
182879  6.865  37.127  49.622 0.1250000000
182884  7.308  37.226  49.179 0.1250000000
181956  7.370  36.320  48.254 0.1250000000
182899  8.229  36.874  46.718 0.1250000000
181973  7.846  36.057  47.077 0.1250000000
180981  8.909  34.838  41.656 0.1250000000
180969  8.617  35.488  42.845 0.1250000000
180955  8.472  35.481  43.703 0.1250000000
180930  8.102  35.329  45.538 0.1250000000
180994  8.943  35.058  41.189 0.1250000000
179883  8.755  34.739  42.248 0.1250000000
180942  8.345  35.433  44.582 0.1250000000
179923  8.881  34.520  39.779 0.1250000000
179875  8.487  34.778  43.091 0.1250000000
178844  8.633  34.059  38.746 0.1250000000
184798  5.886  38.585  52.007 0.1250000000
184802  6.252  38.373  51.454 0.1250000000
183839  6.816  37.768  50.301 0.1250000000
183844  7.349  37.659  49.563 0.1250000000
183856  8.237  37.666  47.168 0.1250000000
181998  8.534  36.195  44.315 0.1250000000
182910  8.417  36.934  45.793 0.1250000000
183858  8.359  37.740  46.279 0.1250000000
182020  8.585  36.296  41.816 0.1250000000
182943  8.380  36.906  42.431 0.1250000000
182926  8.505  36.968  43.990 0.1250000000
183876  8.354  37.704  44.484 0.1250000000
184824  8.117  38.422  44.892 0.1250000000
179906  8.828  35.014  40.189 0.1250000000
182027  8.443  36.331  41.044 0.1250000000
182952  8.251  36.998  41.687 0.1250000000
183891  8.297  37.445  42.909 0.1250000000
183883  8.287  37.742  43.606 0.1250000000
179937  8.346  34.856  38.839 0.1250000000
181020  8.250  35.662  39.570 0.1250000000
182040  8.157  36.333  40.301 0.1250000000
182965  8.074  36.894  40.956 0.1250000000
185796  6.147  39.247  52.359 0.1250000000
185799  6.954  39.558  51.420 0.1250000000
185805  7.870  39.478  49.575 0.1250000000
184805  7.540  38.937  50.187 0.1250000000
184808  7.754  38.484  49.491 0.1250000000
185808  8.055  39.120  48.906 0.1250000000
183849  7.730  37.720  48.974 0.1250000000
184813  8.223  38.522  47.469 0.1250000000
185816  8.099  38.960  46.390 0.1250000000
184836  7.776  38.911  44.368 0.1250000000
183902  8.164  37.519  42.342 0.1250000000
183892  8.053  38.052  42.969 0.1250000000
184843  7.823  38.600  43.548 0.1250000000
183913  7.930  37.538  41.846 0.1250000000
183903  7.750  37.981  42.245 0.1250000000
182981  7.830  36.855  40.473 0.1250000000
183925  7.263  37.699  41.064 0.1250000000
185843  7.299  38.970  43.226 0.1250000000
182983  6.864  37.375  40.231 0.1250000000
184868  7.141  38.083  41.631 0.1250000000
184860  6.785  38.864  42.394 0.1250000000
183928  5.848  38.136  40.750 0.1250000000
184880  6.507  38.147  41.096 0.1250000000
184870  6.064  38.873  41.905 0.1250000000
183938  5.397  38.042  40.396 0.1250000000
186781  6.527  40.680  52.879 0.1250000000
185787  6.573  39.630  53.787 0.1250000000
186786  6.351  39.981  52.585 0.1250000000
186785  6.695  40.606  52.147 0.1250000000
185795  6.612  39.802  51.994 0.1250000000
185798  7.383  40.085  50.970 0.1250000000
185803  7.276  39.269  50.826 0.1250000000
186791  7.588  40.649  50.384 0.1250000000
185802  7.655  39.798  50.307 0.1250000000
186793  7.790  40.392  49.630 0.1250000000
186795  8.047  39.952  48.230 0.1250000000
185810  8.087  39.500  47.643 0.1250000000
185813  8.095  39.150  46.880 0.1250000000
185817  7.798  39.479  46.129 0.1250000000
184818  7.840  39.220  45.632 0.1250000000
185820  7.567  39.572  45.397 0.1250000000
184825  7.827  39.102  45.135 0.1250000000
185835  7.300  39.252  43.829 0.1250000000
184882  5.398  38.546  41.125 0.1250000000
184893  4.670  38.531  40.759 0.1250000000
187872  6.878  41.367  53.280 0.1250000000
187875  6.843  41.418  52.390 0.1250000000
187878  7.054  41.332  51.460 0.1250000000
186789  7.017  40.379  51.526 0.1250000000
187880  7.410  41.482  50.499 0.1250000000
186788  7.304  40.880  50.995 0.1250000000
187886  7.643  41.013  48.955 0.1250000000
186796  7.987  40.138  48.710 0.1250000000
186802  7.435  40.475  47.097 0.1250000000
185811  7.836  40.040  47.375 0.1250000000
185829  7.310  39.625  44.669 0.1250000000
185836  6.666  39.791  44.069 0.1250000000
185845  6.018  39.857  43.512 0.1250000000
185844  6.724  39.328  43.136 0.1250000000
185855  6.014  39.405  42.613 0.1250000000
184909  3.474  38.712  39.547 0.1250000000
188887  7.190  41.935  53.191 0.1250000000
188892  7.057  42.236  52.684 0.1250000000
188895  7.041  42.222  51.772 0.1250000000
188897  7.268  42.011  50.230 0.1250000000
187881  7.238  41.590  50.955 0.1250000000
188898  7.150  42.172  50.775 0.1250000000
187883  7.598  41.207  49.718 0.1250000000
188901  7.339  41.883  49.744 0.1250000000
187889  7.461  41.059  48.082 0.1250000000
188912  7.347  41.470  48.547 0.1250000000
188927  6.309  41.440  46.690 0.1250000000
187890  6.978  41.451  47.674 0.1250000000
187920  5.955  40.874  45.313 0.1250000000
186812  6.237  40.805  45.506 0.1250000000
186807  6.982  40.729  46.478 0.1250000000
187935  5.215  40.797  44.721 0.1250000000
186821  6.846  40.156  44.942 0.1250000000
187947  4.601  40.866  44.163 0.1250000000
186842  5.601  40.252  43.853 0.1250000000
186832  6.229  40.220  44.356 0.1250000000
186854  4.346  40.594  43.406 0.1250000000
186853  5.029  40.276  43.459 0.1250000000
185857  4.612  40.135  42.921 0.1250000000
185868  4.634  39.587  42.255 0.1250000000
184883  4.636  39.029  41.523 0.1250000000
184894  3.805  38.904  40.727 0.1250000000
183940  4.306  38.250  40.274 0.1250000000
184895  3.344  39.387  40.585 0.1250000000
185921  3.488  39.631  39.508 0.1250000000
184920  4.184  39.221  38.566 0.1250000000
189897  7.278  42.684  52.520 0.1250000000
189906  6.912  43.035  51.084 0.1250000000
190916  6.633  43.856  50.249 0.1250000000
189911  6.798  43.017  50.153 0.1250000000
188902  7.015  42.409  49.875 0.1250000000
190920  6.516  43.468  49.705 0.1250000000
189916  6.543  43.020  49.218 0.1250000000
189923  5.480  43.260  47.978 0.1250000000
189922  6.011  42.960  48.286 0.1250000000
188913  6.757  42.015  48.158 0.1250000000
189932  4.644  42.880  46.649 0.1250000000
189927  5.296  42.942  47.456 0.1250000000
188914  6.145  42.503  47.849 0.1250000000
189935  4.339  42.772  45.759 0.1250000000
188930  4.580  42.428  46.192 0.1250000000
188934  5.267  41.759  45.981 0.1250000000
187901  6.213  41.340  46.440 0.1250000000
189938  4.183  42.565  44.843 0.1250000000
187910  5.002  41.688  45.589 0.1250000000
187909  5.385  41.462  45.595 0.1250000000
189939  4.229  42.161  44.626 0.1250000000
187937  4.414  41.493  44.555 0.1250000000
188955  4.018  41.765  43.651 0.1250000000
188965  4.134  41.896  42.877 0.1250000000
187959  3.921  41.232  43.115 0.1250000000
186863  3.833  40.530  42.524 0.1250000000
186872  3.637  40.495  41.510 0.1250000000
185879  3.848  39.673  41.804 0.1250000000
187985  4.062  40.960  41.094 0.1250000000
185888  3.443  39.768  40.974 0.1250000000
186903  3.898  40.211  39.882 0.1250000000
186902  4.466  40.244  39.663 0.1250000000
185918  5.025  39.792  38.871 0.1250000000
185919  4.356  39.594  38.932 0.1250000000
184932  5.454  39.080  37.995 0.1250000000
184933  4.547  39.065  38.201 0.1250000000
190922  5.567  44.231  48.783 0.1250000000
190921  6.051  43.885  49.230 0.1250000000
190926  5.400  43.764  48.311 0.1250000000
189917  6.151  43.358  48.830 0.1250000000
190931  4.845  43.677  47.563 0.1250000000
190939  4.322  43.510  45.997 0.1250000000
187984  4.694  41.564  41.302 0.1250000000
186883  4.771  40.714  40.180 0.1250000000
186916  5.964  40.359  39.085 0.1250000000
186917  5.397  40.237  39.219 0.1250000000
186900  5.746  40.720  39.550 0.1250000000
185932  5.888  39.549  38.349 0.1250000000
188009  6.082  41.378  39.871 0.1250000000
186914  7.248  40.741  38.670 0.1250000000
186899  6.221  40.816  39.381 0.1250000000
159901  54.507  20.353  12.081 0.2500000000
190935  4.466  43.644  46.799 0.1250000000
191904  5.690  44.695  49.036 0.1250000000
191903  6.182  44.744  49.516 0.1250000000
105978  27.822  -7.913  51.387 0.2500000000
106007  26.207  -8.454  50.430 0.2500000000
108838  29.146  -7.011  51.123 0.2500000000
135026  46.505  6.581  33.483 0.2500000000
142113  10.526  10.871  38.668 0.3750000000
149060  8.190  15.439  38.646 0.2500000000
148007  51.516  14.086  21.973 0.2500000000
150449  52.604  15.150  19.765 0.1250000000
158220  9.988  19.988  38.730 0.2500000000
158514  54.272  20.233  12.929 0.1250000000
163550  10.119  23.254  54.662 0.2500000000
163672  7.965  23.514  45.402 0.3750000000
166377  8.259  25.075  46.137 0.3750000000
166387  8.448  24.986  45.649 0.3750000000
167644  7.791  25.891  46.911 0.3750000000
179812  4.654  34.998  47.655 0.1250000000
180898  5.585  35.229  47.903 0.1250000000
182865  5.243  36.862  52.106 0.1250000000
182859  6.639  36.972  53.408 0.1250000000
182861  5.336  36.924  52.805 0.1250000000
151705  53.774  16.533  17.974 0.1250000000
105990  28.060  -7.655  50.739 0.2500000000
108839  28.960  -7.142  50.840 0.2500000000
110663  33.195  -6.026  40.984 0.1250000000
142129  10.562  10.747  38.067 0.3750000000
138064  47.347  8.357  24.127 0.1250000000
110462  29.340  -7.044  50.305 0.2500000000
110474  29.750  -6.950  49.791 0.2500000000
110491  28.762  -7.058  49.447 0.2500000000
110476  28.786  -7.098  49.733 0.2500000000
110542  30.214  -6.821  46.723 0.1250000000
108943  30.755  -6.983  45.200 0.1250000000
109028  33.290  -6.527  41.818 0.1250000000
137936  47.415  8.202  33.482 0.2500000000
104677  23.556  -9.650  49.207 0.2500000000
104667  24.603  -9.316  50.075 0.2500000000
106021  24.393  -9.135  49.364 0.2500000000
110525  28.366  -6.910  48.024 0.1250000000
107386  26.197  -7.678  48.605 0.1250000000
108899  27.157  -6.954  46.898 0.1250000000
108924  25.784  -7.167  46.313 0.1250000000
108945  26.602  -6.796  45.670 0.1250000000
110585  28.084  -6.735  45.422 0.1250000000
110586  27.113  -6.711  45.552 0.1250000000
108965  24.790  -7.031  44.872 0.1250000000
110598  29.197  -6.958  44.479 0.1250000000
110614  28.069  -6.879  43.796 0.1250000000
107372  27.906  -7.355  49.539 0.1250000000
108864  28.235  -7.163  49.182 0.1250000000
107396  27.070  -7.369  48.392 0.1250000000
106030  26.940  -7.602  49.030 0.1250000000
107399  25.213  -7.949  47.934 0.1250000000
107397  26.589  -7.441  48.149 0.1250000000
107413  25.698  -7.564  47.508 0.1250000000
107400  24.682  -8.117  47.613 0.1250000000
107414  25.002  -7.750  47.271 0.1250000000
107385  26.774  -7.522  48.695 0.1250000000
108926  24.357  -7.652  46.177 0.1250000000
107427  24.269  -7.887  46.552 0.1250000000
106062  23.144  -8.463  46.403 0.1250000000
106070  22.440  -8.514  45.526 0.1250000000
110597  29.731  -7.067  44.330 0.1250000000
110612  29.401  -7.144  43.939 0.1250000000
108997  30.472  -7.426  43.000 0.1250000000
109014  30.265  -7.548  42.271 0.1250000000
107482  32.229  -7.068  42.095 0.1250000000
107507  32.525  -6.827  41.815 0.1250000000
107495  32.044  -7.258  41.590 0.1250000000
109062  32.121  -6.610  40.111 0.1250000000
136482  46.477  7.119  33.014 0.2500000000
137954  46.631  8.233  32.386 0.1250000000
143793  43.648  11.464  26.084 0.1250000000
136582  45.490  8.167  24.811 0.1250000000
146750  48.692  12.889  23.514 0.2500000000
149256  50.575  14.510  18.077 0.1250000000
148015  50.816  13.794  21.071 0.1250000000
148032  50.550  13.803  19.527 0.1250000000
149255  51.164  14.710  18.346 0.1250000000
149232  52.215  14.847  19.882 0.1250000000
149244  51.922  14.827  19.328 0.1250000000
150471  51.669  15.291  18.148 0.1250000000
163683  8.571  23.371  44.489 0.3750000000
163697  9.066  23.476  44.008 0.3750000000
151707  52.432  16.124  17.771 0.1250000000
166404  9.258  24.948  44.150 0.3750000000
165083  8.805  24.482  44.900 0.3750000000
151715  52.546  16.491  17.461 0.1250000000
153023  53.122  16.655  17.594 0.1250000000
154429  53.339  18.034  16.164 0.1250000000
168843  7.633  26.729  46.604 0.3750000000
160914  11.469  22.258  38.729 0.1250000000
158516  53.501  20.321  13.264 0.1250000000
170076  8.327  27.166  43.252 0.2500000000
162380  11.584  22.894  37.340 0.1250000000
155802  53.797  19.380  14.620 0.1250000000
157148  53.588  19.633  14.336 0.1250000000
170068  6.845  27.926  44.416 0.2500000000
171257  5.766  28.271  46.808 0.2500000000
171262  6.347  28.145  45.711 0.2500000000
170108  7.760  27.128  41.424 0.1250000000
170079  6.217  28.144  43.714 0.1250000000
171289  5.489  28.402  43.490 0.2500000000
170110  6.836  27.376  41.445 0.1250000000
168917  7.282  26.852  39.707 0.1250000000
172438  5.009  29.086  44.853 0.2500000000
168892  6.450  27.213  40.835 0.1250000000
168919  5.754  26.750  39.581 0.1250000000
172450  4.104  29.382  42.743 0.2500000000
173481  4.307  30.016  43.511 0.2500000000
171297  4.049  28.686  42.416 0.2500000000
168906  5.360  26.949  40.177 0.1250000000
168940  5.508  26.215  38.425 0.1250000000
167762  4.347  25.783  37.523 0.1250000000
175615  4.699  31.510  48.102 0.1250000000
173482  4.049  30.305  43.091 0.2500000000
174554  4.506  30.592  45.072 0.1250000000
167752  3.647  26.207  38.115 0.1250000000
176689  4.643  31.851  45.622 0.1250000000
175648  4.441  31.645  44.414 0.1250000000
171309  3.436  28.713  41.054 0.1250000000
172468  3.426  29.431  41.329 0.2500000000
173487  3.794  30.093  42.604 0.2500000000
168923  3.377  27.272  39.225 0.1250000000
179840  4.403  34.358  46.723 0.1250000000
177708  4.618  33.252  44.814 0.1250000000
173504  3.507  30.135  41.052 0.2500000000
174588  4.082  31.135  41.139 0.1250000000
170141  3.524  28.049  38.533 0.1250000000
172520  4.177  28.935  38.790 0.1250000000
178763  4.816  34.063  45.795 0.1250000000
176712  5.164  32.657  42.974 0.1250000000
173539  5.555  30.075  39.357 0.1250000000
174621  5.989  30.595  39.711 0.1250000000
172519  4.673  28.996  38.623 0.1250000000
173560  5.981  29.748  38.765 0.1250000000
179809  6.418  35.005  47.480 0.1250000000
178749  6.097  34.234  46.018 0.1250000000
178760  6.751  34.151  45.551 0.1250000000
180853  7.964  35.515  53.186 0.1250000000
179836  6.883  34.541  46.260 0.1250000000
177715  6.711  33.257  43.809 0.1250000000
178772  6.879  33.946  44.886 0.1250000000
176709  7.119  32.770  42.575 0.1250000000
176732  6.938  32.133  41.521 0.1250000000
177742  7.827  32.804  41.724 0.1250000000
176711  5.870  32.590  42.856 0.1250000000
177714  7.272  33.447  43.672 0.1250000000
175712  7.578  31.423  39.744 0.1250000000
181963  7.489  36.080  47.781 0.1250000000
177753  8.399  32.903  40.843 0.1250000000
184799  5.474  38.045  52.206 0.1250000000
181984  8.225  36.127  46.167 0.1250000000
181992  8.447  36.142  45.235 0.1250000000
177752  8.668  33.235  40.587 0.1250000000
185800  6.457  39.051  51.771 0.1250000000
184801  6.775  38.807  51.192 0.1250000000
183838  7.308  38.155  50.051 0.1250000000
183853  7.861  37.537  48.517 0.1250000000
182892  7.920  36.762  47.670 0.1250000000
182007  8.520  36.215  43.447 0.1250000000
185792  6.049  39.406  52.945 0.1250000000
184810  8.146  38.671  48.282 0.1250000000
182919  8.536  36.961  44.879 0.1250000000
183867  8.357  37.752  45.370 0.1250000000
184871  5.352  39.057  41.843 0.1250000000
187868  6.935  40.947  53.746 0.1250000000
187894  7.468  40.719  47.587 0.1250000000
185814  7.807  39.837  46.912 0.1250000000
186806  7.377  40.229  46.325 0.1250000000
185856  5.333  39.880  42.995 0.1250000000
189902  7.093  43.024  52.092 0.1250000000
188907  6.922  42.260  49.121 0.1250000000
188920  6.533  41.613  47.162 0.1250000000
188928  5.868  41.650  46.513 0.1250000000
187922  4.785  41.533  45.112 0.1250000000
188922  5.332  42.512  47.069 0.1250000000
191909  4.988  44.278  48.127 0.1250000000
104537  6.586  -9.716  60.589 0.1250000000
105887  5.676  -9.515  60.335 0.1250000000
107263  5.221  -8.655  60.083 0.1250000000
107266  4.776  -8.515  59.252 0.1250000000
108762  5.030  -7.923  58.895 0.1250000000
104526  7.597  -9.236  60.946 0.1250000000
105881  6.838  -9.151  60.788 0.1250000000
110381  6.250  -6.781  57.579 0.1250000000
108773  6.205  -7.741  57.115 0.1250000000
107298  7.183  -8.084  55.325 0.1250000000
107309  7.454  -8.131  54.855 0.1250000000
105874  7.156  -8.837  60.996 0.1250000000
110416  7.626  -6.911  54.860 0.1250000000
110405  7.401  -6.813  55.442 0.1250000000
108805  7.741  -7.589  54.552 0.1250000000
110426  7.865  -6.980  53.984 0.1250000000
108836  8.655  -7.557  52.197 0.1250000000
108826  8.419  -7.600  52.804 0.1250000000
107352  8.742  -8.864  51.935 0.1250000000
105974  8.310  -9.228  52.324 0.1250000000
104680  9.654  -9.525  48.705 0.1250000000
111944  7.247  -5.918  55.133 0.1250000000
111955  7.250  -5.683  54.603 0.1250000000
110435  7.959  -6.722  53.285 0.1250000000
111961  7.678  -6.128  53.661 0.1250000000
110443  8.066  -6.761  52.870 0.1250000000
110425  8.022  -7.094  53.442 0.1250000000
110455  8.639  -7.031  51.654 0.1250000000
111970  8.122  -6.559  52.409 0.1250000000
108845  9.002  -7.749  51.452 0.1250000000
108846  8.828  -7.562  51.828 0.1250000000
110454  8.954  -7.242  51.004 0.1250000000
108872  9.467  -7.542  49.203 0.1250000000
108863  9.334  -7.695  49.961 0.1250000000
108871  9.798  -8.004  48.847 0.1250000000
107381  9.733  -8.481  48.969 0.1250000000
106029  9.485  -9.058  49.465 0.1250000000
108882  9.577  -7.378  48.483 0.1250000000
107395  9.874  -8.484  48.522 0.1250000000
106039  9.881  -9.074  48.254 0.1250000000
108881  9.948  -7.860  48.187 0.1250000000
108931  10.637  -7.961  45.662 0.1250000000
106073  10.868  -9.165  44.978 0.1250000000
108950  10.721  -7.900  44.999 0.1250000000
113495  7.378  -5.756  54.157 0.1250000000
111984  7.763  -5.937  51.868 0.1250000000
111971  7.923  -6.266  52.695 0.1250000000
111995  8.205  -6.259  51.314 0.1250000000
110483  8.560  -6.555  49.958 0.1250000000
110467  9.019  -7.120  50.342 0.1250000000
110482  9.070  -6.999  49.562 0.1250000000
110516  8.575  -6.441  48.216 0.1250000000
110498  9.094  -6.923  48.765 0.1250000000
110515  9.207  -6.836  48.018 0.1250000000
108894  9.677  -7.276  47.792 0.1250000000
108893  10.060  -7.757  47.466 0.1250000000
106058  10.391  -9.152  47.008 0.1250000000
110534  8.785  -6.438  47.450 0.1250000000
110533  9.307  -6.811  47.346 0.1250000000
107421  10.412  -8.455  47.007 0.1250000000
107420  10.628  -8.550  46.477 0.1250000000
108912  9.732  -7.181  47.185 0.1250000000
108911  10.088  -7.481  46.675 0.1250000000
107430  10.717  -8.564  46.014 0.1250000000
110554  9.413  -6.680  46.598 0.1250000000
108932  10.279  -7.451  45.937 0.1250000000
110573  9.997  -6.939  45.517 0.1250000000
108969  10.513  -7.307  44.681 0.1250000000
110603  10.631  -7.267  44.141 0.1250000000
111996  7.538  -5.667  51.017 0.1250000000
112018  7.930  -6.059  49.542 0.1250000000
112007  8.076  -6.120  50.445 0.1250000000
110499  8.514  -6.474  49.086 0.1250000000
112032  7.750  -5.982  48.488 0.1250000000
112062  8.485  -6.132  46.583 0.1250000000
112061  8.983  -6.244  45.983 0.1250000000
110574  9.495  -6.559  45.759 0.1250000000
110588  10.136  -6.956  44.956 0.1250000000
110589  9.609  -6.516  44.987 0.1250000000
112097  9.068  -6.033  44.679 0.1250000000
110604  10.107  -6.720  44.277 0.1250000000
112113  9.660  -6.122  43.879 0.1250000000
112047  7.158  -5.736  47.538 0.1250000000
112046  8.048  -6.058  47.494 0.1250000000
112063  7.441  -5.851  46.672 0.1250000000
112081  7.620  -5.881  45.790 0.1250000000
112079  9.022  -6.145  45.321 0.1250000000
112099  7.754  -5.755  44.957 0.1250000000
112098  8.475  -5.847  44.863 0.1250000000
112115  8.613  -5.742  44.316 0.1250000000
112114  9.111  -5.912  44.118 0.1250000000
112129  9.165  -5.708  43.529 0.1250000000
112064  6.542  -5.782  46.737 0.1250000000
112080  8.383  -6.003  45.583 0.1250000000
112117  7.154  -5.459  44.205 0.1250000000
112082  6.757  -5.811  45.896 0.1250000000
112083  5.921  -5.865  45.987 0.1250000000
112100  6.935  -5.716  45.054 0.1250000000
112101  6.100  -5.803  45.152 0.1250000000
132076  43.837  5.533  35.221 0.1250000000
130646  43.450  4.384  33.356 0.1250000000
132075  44.685  5.560  34.969 0.1250000000
130625  43.966  4.970  34.197 0.1250000000
132106  45.267  5.161  33.737 0.1250000000
130668  44.817  4.833  33.364 0.1250000000
130687  44.186  4.568  32.034 0.1250000000
130669  44.444  4.507  32.836 0.1250000000
130670  43.731  4.114  32.453 0.1250000000
129243  42.964  3.930  32.798 0.1250000000
132132  44.029  5.215  31.581 0.1250000000
132090  45.302  5.546  34.619 0.1250000000
132105  45.736  5.569  34.213 0.1250000000
132121  45.117  5.069  32.801 0.1250000000
133512  45.637  5.523  32.909 0.1250000000
132091  44.468  5.188  34.380 0.1250000000
104525  8.067  -9.223  61.030 0.1250000000
107257  5.987  -8.833  60.602 0.1250000000
107270  4.686  -8.455  58.489 0.1250000000
108783  6.794  -7.769  56.211 0.1250000000
113649  8.998  -5.456  43.139 0.1250000000
133511  46.070  5.874  33.528 0.1250000000
133520  45.126  5.978  32.223 0.1250000000
111954  7.556  -6.221  54.537 0.1250000000
107331  8.342  -8.190  53.176 0.1250000000
110468  8.603  -6.700  50.786 0.1250000000
107371  9.319  -8.430  50.357 0.1250000000
130645  44.300  4.733  33.760 0.1250000000
119407  8.726  -2.507  36.677 0.1250000000
117933  8.243  -2.662  36.878 0.1250000000
117934  7.658  -3.083  36.912 0.1250000000
117935  7.007  -3.094  37.256 0.1250000000
117948  8.097  -3.114  36.650 0.1250000000
116424  7.212  -3.672  36.997 0.1250000000
140832  11.324  10.139  35.797 0.2500000000
142190  11.421  10.450  34.762 0.1250000000
142166  10.924  10.707  36.536 0.2500000000
142191  11.143  10.898  34.977 0.1250000000
142179  11.181  10.660  35.708 0.2500000000
143623  10.425  11.962  35.681 0.2500000000
143622  10.859  11.419  36.117 0.2500000000
143639  10.859  11.411  35.347 0.2500000000
143606  10.391  12.009  36.449 0.2500000000
143605  10.719  11.418  36.905 0.2500000000
143586  10.309  12.042  37.238 0.2500000000
146513  6.676  13.239  38.234 0.1250000000
146515  5.310  13.108  38.614 0.1250000000
147799  5.427  13.882  39.708 0.1250000000
147786  6.973  13.790  39.773 0.1250000000
149062  6.758  15.181  38.716 0.1250000000
149065  4.328  14.838  39.107 0.1250000000
149063  6.010  15.142  38.893 0.1250000000
150305  7.169  16.147  38.143 0.1250000000
146756  49.854  13.241  23.014 0.1250000000
146757  49.233  13.071  22.882 0.1250000000
148008  50.922  13.813  21.810 0.1250000000
153139  52.930  17.164  9.844 0.1250000000
154517  53.525  17.784  9.784 0.1250000000
154535  53.023  17.900  9.434 0.1250000000
154536  52.447  17.991  9.097 0.1250000000
155860  53.830  18.202  9.809 0.1250000000
155859  54.110  18.656  9.937 0.1250000000
155874  52.969  18.328  9.196 0.1250000000
155872  53.879  18.991  9.572 0.1250000000
157226  53.287  19.575  8.922 0.1250000000
157212  54.062  19.323  9.736 0.1250000000
158574  53.709  20.041  9.122 0.1250000000
158564  54.467  20.118  10.663 0.1250000000
159918  54.533  20.480  11.604 0.1250000000
158573  54.154  20.149  9.741 0.1250000000
161374  54.161  21.565  11.023 0.1250000000
158585  53.313  20.442  8.619 0.1250000000
158584  53.848  20.642  9.181 0.1250000000
161386  54.117  21.901  10.237 0.1250000000
159933  54.296  21.002  10.410 0.1250000000
159945  54.077  21.217  9.643 0.1250000000
161396  53.974  22.130  9.399 0.1250000000
159957  53.749  21.329  8.931 0.1250000000
161408  53.684  22.150  8.547 0.1250000000
161409  53.267  22.057  7.832 0.1250000000
162156  9.175  22.224  52.284 0.1250000000
163589  9.867  23.508  51.591 0.1250000000
163584  9.863  23.407  52.339 0.1250000000
165006  10.236  24.062  51.420 0.1250000000
165027  10.633  24.291  50.324 0.1250000000
165005  10.650  24.521  51.302 0.1250000000
166331  11.046  24.920  51.161 0.1250000000
165012  10.784  24.575  50.691 0.1250000000
163564  10.047  23.333  53.894 0.1250000000
163575  9.999  23.466  53.077 0.1250000000
164984  10.439  24.180  52.867 0.1250000000
164995  10.544  24.387  52.012 0.1250000000
168806  13.695  26.448  51.162 0.1250000000
163563  10.386  23.850  54.246 0.1250000000
166296  10.965  24.880  53.210 0.1250000000
166306  11.339  25.286  52.467 0.1250000000
168798  12.949  26.666  51.999 0.1250000000
168786  12.831  26.766  52.574 0.1250000000
167583  11.889  25.957  52.702 0.1250000000
168797  13.354  26.634  51.579 0.1250000000
167596  12.880  26.470  51.631 0.1250000000
167613  11.701  25.441  51.373 0.1250000000
167560  11.915  26.364  54.193 0.1250000000
166295  11.533  25.615  53.529 0.1250000000
164963  10.754  24.402  54.561 0.1250000000
168773  13.209  27.105  52.951 0.1250000000
168774  12.760  26.908  53.264 0.1250000000
164958  10.707  24.426  55.318 0.1250000000
166286  11.076  24.979  54.092 0.1250000000
166276  11.014  25.028  54.912 0.1250000000
146533  7.473  13.265  37.545 0.1250000000
146494  5.935  13.328  39.256 0.1250000000
147798  6.181  14.101  39.573 0.1250000000
146755  50.470  13.415  23.173 0.1250000000
146749  49.289  13.087  23.620 0.1250000000
158563  54.640  19.786  11.148 0.1250000000
162155  9.541  22.875  52.713 0.1250000000
167550  11.492  26.123  54.954 0.1250000000
167570  12.341  26.671  53.646 0.1250000000
145100  9.847  12.506  36.746 0.1250000000
119406  9.284  -2.031  36.669 0.1250000000
142148  10.720  10.713  37.314 0.2500000000
140821  11.170  9.998  36.213 0.2500000000
149047  6.540  14.673  39.172 0.1250000000
150296  6.980  15.661  38.362 0.1250000000
146768  50.411  13.476  22.410 0.1250000000
163549  10.448  23.844  54.990 0.1250000000
116440  8.044  -3.729  36.444 0.1250000000
142178  11.366  10.538  35.216 0.1250000000
149049  4.997  14.462  39.406 0.1250000000
149048  5.744  14.534  39.277 0.1250000000
155893  52.833  18.829  8.947 0.1250000000
155892  53.353  19.101  9.136 0.1250000000
159919  54.462  20.845  11.177 0.1250000000
162781  53.894  22.937  10.058 0.1250000000
159958  53.316  21.347  8.277 0.1250000000
162791  53.840  23.036  8.946 0.1250000000
162164  9.490  22.912  51.879 0.1250000000
166318  10.955  24.869  51.839 0.1250000000
163599  10.026  23.638  50.764 0.1250000000
166317  11.402  25.228  51.608 0.1250000000
163574  10.321  23.838  53.574 0.1250000000
166307  10.847  24.730  52.484 0.1250000000
168807  13.378  26.326  51.093 0.1250000000
167597  12.424  26.273  51.970 0.1250000000
168785  13.365  26.942  52.311 0.1250000000
167612  12.073  25.650  51.083 0.1250000000
101865  21.671  -11.169  48.748 0.1250000000
101831  22.670  -11.336  50.272 0.1250000000
100189  22.053  -11.465  49.739 0.1250000000
100179  21.263  -12.038  49.469 0.1250000000
98564  20.896  -12.680  48.855 0.1250000000
100191  21.167  -11.872  48.908 0.1250000000
97121  20.604  -13.281  48.543 0.1250000000
98583  20.598  -12.869  48.101 0.1250000000
95596  19.883  -14.470  47.982 0.1250000000
101866  21.199  -11.467  48.379 0.1250000000
100199  20.887  -12.087  48.169 0.1250000000
97141  19.999  -13.532  47.346 0.1250000000
95609  19.635  -14.520  47.290 0.1250000000
94119  19.317  -15.038  47.133 0.1250000000
100209  20.685  -11.906  47.546 0.1250000000
98584  20.239  -12.981  47.501 0.1250000000
97142  19.736  -13.888  46.906 0.1250000000
95624  19.418  -14.604  46.600 0.1250000000
94120  18.863  -15.305  46.696 0.1250000000
101899  20.715  -11.404  47.093 0.1250000000
100210  20.243  -12.281  47.022 0.1250000000
98604  19.877  -13.122  46.873 0.1250000000
95642  19.355  -14.444  45.962 0.1250000000
94121  18.101  -15.684  46.489 0.1250000000
100146  22.471  -12.268  51.196 0.1250000000
100165  21.955  -12.414  50.747 0.1250000000
100164  22.392  -11.791  50.591 0.1250000000
97072  21.168  -13.485  50.248 0.1250000000
100178  21.666  -11.968  50.081 0.1250000000
98542  21.141  -12.646  49.594 0.1250000000
97105  20.718  -13.350  49.128 0.1250000000
97090  20.528  -13.907  49.245 0.1250000000
94102  19.452  -15.052  47.730 0.1250000000
94103  18.918  -15.432  47.508 0.1250000000
94104  18.234  -15.594  47.301 0.1250000000
94105  17.532  -15.465  47.076 0.1250000000
94106  16.936  -15.088  46.892 0.1250000000
94122  17.324  -15.529  46.286 0.1250000000
100127  22.717  -12.319  51.618 0.1250000000
100100  14.963  -12.390  52.895 0.1250000000
95566  20.706  -13.924  49.899 0.1250000000
100114  14.748  -12.405  51.932 0.1250000000
95567  20.435  -14.418  49.659 0.1250000000
95568  20.161  -14.717  49.185 0.1250000000
100129  14.736  -12.517  51.102 0.1250000000
94086  19.619  -15.084  48.410 0.1250000000
94074  19.308  -15.484  48.950 0.1250000000
98508  14.395  -12.580  50.366 0.1250000000
94087  19.071  -15.460  48.236 0.1250000000
94088  18.377  -15.558  48.099 0.1250000000
98525  14.942  -12.856  49.566 0.1250000000
94089  17.652  -15.297  47.908 0.1250000000
98544  15.460  -13.343  48.370 0.1250000000
98524  15.600  -13.247  49.224 0.1250000000
95610  16.367  -14.513  46.766 0.1250000000
97124  16.209  -14.079  47.443 0.1250000000
97109  15.897  -13.685  47.959 0.1250000000
94033  18.700  -15.201  51.170 0.1250000000
98473  15.872  -12.850  52.175 0.1250000000
100099  15.375  -12.537  52.359 0.1250000000
94045  18.605  -15.396  50.415 0.1250000000
95541  18.247  -15.108  50.819 0.1250000000
97044  17.333  -14.213  51.250 0.1250000000
97032  16.953  -13.655  52.366 0.1250000000
98472  16.376  -13.277  51.856 0.1250000000
100113  15.286  -12.584  51.674 0.1250000000
94046  18.209  -15.255  50.186 0.1250000000
95555  17.870  -14.967  50.232 0.1250000000
97058  17.308  -14.462  50.475 0.1250000000
98487  16.266  -13.411  51.005 0.1250000000
98488  15.629  -12.882  51.217 0.1250000000
98489  15.133  -12.660  51.017 0.1250000000
94075  18.618  -15.535  48.880 0.1250000000
95569  17.655  -14.915  49.385 0.1250000000
97075  16.914  -14.197  49.831 0.1250000000
97059  16.645  -13.895  50.597 0.1250000000
97060  16.248  -13.567  50.286 0.1250000000
98506  15.764  -13.238  50.265 0.1250000000
98507  14.906  -12.735  50.505 0.1250000000
97107  16.963  -14.378  48.666 0.1250000000
97092  16.684  -14.054  49.077 0.1250000000
97093  16.132  -13.601  48.754 0.1250000000
95584  16.971  -14.545  48.199 0.1250000000
97108  16.539  -14.107  48.233 0.1250000000
94090  17.187  -15.096  47.487 0.1250000000
95598  16.771  -14.609  47.565 0.1250000000
95513  18.817  -14.902  52.072 0.1250000000
95515  17.949  -14.247  52.554 0.1250000000
97031  17.420  -14.031  52.058 0.1250000000
95527  18.427  -14.892  51.543 0.1250000000
95542  17.834  -14.706  51.030 0.1250000000
135016  12.017  6.721  35.572 0.1250000000
136461  12.099  7.364  35.308 0.1250000000
137915  12.163  8.221  34.718 0.1250000000
137899  11.834  8.320  35.565 0.1250000000
136456  11.728  7.662  35.971 0.1250000000
133493  11.976  6.143  35.738 0.1250000000
137885  11.515  8.253  36.195 0.1250000000
140820  11.395  9.850  35.861 0.1250000000
140831  11.504  10.006  35.389 0.1250000000
139393  11.483  9.204  36.000 0.1250000000
155395  9.463  18.557  49.322 0.1250000000
155403  9.744  18.528  48.888 0.1250000000
155415  10.088  18.582  48.239 0.1250000000
155431  10.805  18.639  47.054 0.1250000000
155388  9.156  18.462  50.327 0.1250000000
156753  9.232  19.193  49.663 0.1250000000
97056  21.390  -13.662  50.836 0.1250000000
94019  19.095  -15.144  51.702 0.1250000000
94061  18.228  -15.329  49.645 0.1250000000
95514  18.409  -14.628  52.300 0.1250000000
95502  17.925  -14.127  53.277 0.1250000000
98461  16.546  -13.263  52.815 0.1250000000
98462  15.870  -12.743  53.090 0.1250000000
95595  20.207  -14.193  48.443 0.1250000000
97122  20.275  -13.661  47.987 0.1250000000
97123  19.895  -14.012  47.494 0.1250000000
100200  20.539  -12.434  47.659 0.1250000000
97159  19.572  -13.912  46.264 0.1250000000
95625  19.068  -14.909  46.101 0.1250000000
97088  21.092  -13.176  49.905 0.1250000000
97089  20.765  -13.657  49.780 0.1250000000
95582  20.022  -14.670  48.655 0.1250000000
94076  17.979  -15.230  48.748 0.1250000000
97125  15.590  -13.771  47.308 0.1250000000
98566  14.830  -13.294  47.942 0.1250000000
95528  17.923  -14.424  51.781 0.1250000000
97045  16.808  -13.786  51.540 0.1250000000
97074  17.370  -14.622  49.839 0.1250000000
95583  17.361  -14.819  48.587 0.1250000000
97091  17.161  -14.493  49.236 0.1250000000
97076  16.290  -13.677  49.725 0.1250000000
95597  17.185  -14.872  47.950 0.1250000000
93982  20.141  -14.951  53.095 0.3750000000
93983  19.812  -14.965  53.331 0.2500000000
93993  20.536  -14.764  52.237 0.3750000000
93996  19.366  -14.939  53.085 0.2500000000
94004  20.540  -14.754  51.744 0.3750000000
94007  19.255  -15.034  52.447 0.2500000000
94016  20.543  -14.736  51.229 0.3750000000
94020  18.738  -15.082  51.472 0.1250000000
94029  20.406  -14.914  51.144 0.3750000000
94042  20.237  -14.773  50.072 0.2500000000
94058  20.084  -14.940  49.652 0.1250000000
94073  19.811  -15.084  49.066 0.1250000000
95459  20.314  -13.940  55.343 0.6250000000
95466  20.788  -14.001  55.216 0.6250000000
95467  20.556  -14.056  55.162 0.6250000000
95469  19.463  -14.209  55.039 0.3750000000
95473  21.425  -14.413  53.681 0.3750000000
95487  19.742  -14.876  53.843 0.2500000000
95490  17.915  -14.050  53.676 0.2500000000
95499  20.517  -14.820  53.091 0.5000000000
95526  18.771  -15.004  51.692 0.1250000000
95538  21.169  -14.034  51.028 0.3750000000
95540  20.507  -14.631  50.779 0.3750000000
95552  20.749  -14.181  50.413 0.3750000000
95553  20.518  -14.458  50.367 0.3750000000
95554  18.212  -15.212  50.431 0.1250000000
95581  20.332  -14.306  48.966 0.1250000000
96962  17.728  -13.108  56.464 0.2500000000
96963  17.433  -13.073  56.402 0.2500000000
96968  17.468  -13.234  56.170 0.2500000000
96973  20.543  -13.447  55.336 0.6250000000
96975  19.526  -13.790  55.591 0.3750000000
96985  20.900  -13.733  55.194 0.6250000000
96986  20.882  -14.076  54.983 0.6250000000
96987  20.555  -14.233  55.001 0.6250000000
96998  21.020  -14.378  54.590 0.5000000000
97000  18.960  -14.342  54.500 0.3750000000
97001  18.621  -14.187  54.504 0.2500000000
97010  17.945  -14.020  53.918 0.2500000000
97017  22.890  -13.051  52.896 0.5000000000
97018  22.374  -13.294  52.793 0.5000000000
97020  17.461  -13.927  52.840 0.1250000000
97029  22.147  -13.323  52.359 0.3750000000
97043  21.662  -13.624  51.543 0.2500000000
97057  21.096  -13.999  50.793 0.1250000000
97073  20.975  -13.923  50.410 0.1250000000
97104  20.920  -13.160  49.531 0.1250000000
97106  20.459  -13.794  48.706 0.1250000000
98399  16.966  -12.776  56.515 0.2500000000
98404  19.687  -13.063  55.562 0.5000000000
98418  19.523  -12.696  55.399 0.5000000000
98419  17.132  -13.107  55.979 0.2500000000
98421  16.344  -12.690  55.596 0.2500000000
98428  23.033  -12.358  54.592 0.7500000000
98432  16.260  -12.726  55.133 0.2500000000
98444  15.931  -12.688  54.582 0.2500000000
98450  22.844  -13.095  53.771 0.5000000000
98454  15.517  -12.549  53.935 0.2500000000
98459  23.005  -12.749  52.757 0.2500000000
98460  22.678  -13.017  52.730 0.2500000000
98471  22.006  -13.345  52.081 0.2500000000
98484  22.838  -12.331  51.848 0.1250000000
98485  22.432  -12.642  51.688 0.2500000000
98503  22.192  -12.632  51.254 0.1250000000
98505  16.245  -13.513  50.542 0.1250000000
98523  21.430  -12.889  50.398 0.1250000000
98543  21.098  -12.310  49.207 0.1250000000
98563  20.927  -12.967  49.266 0.1250000000
98605  19.715  -13.505  46.535 0.1250000000
99990  15.213  -11.496  57.947 0.1250000000
99993  17.689  -12.000  57.013 0.2500000000
99999  14.303  -11.258  58.060 0.1250000000
100014  13.789  -11.179  57.652 0.1250000000
100022  19.232  -12.550  55.449 0.5000000000
100025  16.696  -12.660  56.521 0.2500000000
100051  24.050  -11.636  54.096 0.6250000000
100055  20.582  -12.357  54.567 0.6250000000
100057  19.611  -12.223  54.649 0.6250000000
100070  22.727  -12.215  54.673 0.7500000000
100072  15.491  -12.478  54.627 0.2500000000
100082  23.908  -11.723  53.150 0.5000000000
100083  23.832  -11.959  53.665 0.7500000000
100128  15.213  -12.622  51.252 0.1250000000
100144  23.279  -11.239  51.185 0.2500000000
100145  22.964  -11.557  51.039 0.2500000000
100147  22.001  -12.615  50.986 0.1250000000
100148  14.515  -12.556  50.615 0.1250000000
100163  22.776  -11.452  50.620 0.1250000000
100177  22.255  -11.551  50.102 0.1250000000
100190  21.645  -11.569  49.388 0.1250000000
101666  15.955  -11.156  58.553 0.3750000000
101676  16.111  -11.388  58.221 0.3750000000
101677  15.619  -11.264  58.417 0.1250000000
101678  15.022  -11.153  58.415 0.1250000000
101713  13.847  -11.070  57.864 0.1250000000
101736  19.165  -12.408  55.214 0.5000000000
101748  25.046  -10.372  54.485 0.7500000000
101749  24.835  -10.577  54.514 0.7500000000
101753  20.976  -12.131  54.344 0.7500000000
101767  25.088  -10.432  54.246 0.7500000000
101769  24.370  -11.301  53.848 0.6250000000
101785  25.114  -10.486  53.748 0.6250000000
101790  18.660  -11.410  53.751 0.8750000000
101800  24.647  -10.908  52.955 0.5000000000
101812  24.377  -10.599  51.893 0.3750000000
101821  23.587  -10.932  51.188 0.2500000000
101830  23.036  -11.075  50.579 0.2500000000
101846  23.310  -10.641  50.311 0.2500000000
101848  22.495  -11.203  49.806 0.2500000000
101863  22.696  -10.847  49.525 0.2500000000
101883  21.056  -11.305  47.799 0.2500000000
103159  16.172  -10.829  58.421 0.3750000000
103160  15.987  -10.876  58.565 0.3750000000
103161  15.993  -10.943  59.097 0.1250000000
103163  13.697  -10.132  59.444 0.2500000000
103165  12.437  -10.049  59.698 0.1250000000
103167  11.100  -10.053  59.963 0.1250000000
103168  10.406  -9.984  60.162 0.1250000000
103174  16.347  -10.850  58.240 0.3750000000
103176  15.503  -10.778  58.684 0.1250000000
103178  14.064  -10.529  59.073 0.2500000000
103188  16.691  -10.792  57.898 0.3750000000
103190  12.628  -10.600  58.639 0.1250000000
103198  17.157  -10.941  57.284 0.3750000000
103211  24.446  -10.227  54.814 0.7500000000
103216  20.643  -11.805  54.026 0.7500000000
103232  25.458  -9.984  53.470 0.7500000000
103243  25.407  -9.952  52.903 0.6250000000
103256  20.858  -10.253  52.240 0.8750000000
103267  25.123  -9.881  51.868 0.5000000000
103268  24.212  -10.534  51.420 0.2500000000
103269  23.912  -10.713  51.302 0.2500000000
103270  20.179  -10.295  51.737 0.8750000000
103272  19.115  -10.714  52.008 0.8750000000
103281  24.889  -9.951  51.475 0.2500000000
103283  24.024  -10.398  50.935 0.2500000000
103309  23.029  -10.445  49.462 0.2500000000
103323  21.880  -10.783  48.292 0.2500000000
103346  21.049  -10.771  46.792 0.1250000000
103357  21.388  -10.286  46.601 0.1250000000
104520  10.788  -9.019  61.107 0.2500000000
104521  10.452  -9.025  61.262 0.2500000000
104524  8.634  -9.232  61.147 0.2500000000
104529  11.534  -9.417  60.444 0.2500000000
104533  8.957  -9.558  60.939 0.2500000000
104536  7.191  -9.558  60.749 0.1250000000
104543  12.560  -10.185  59.660 0.1250000000
104544  12.251  -10.180  59.643 0.1250000000
104546  10.671  -10.112  59.955 0.1250000000
104550  16.099  -10.088  58.131 0.3750000000
104554  12.199  -10.306  59.435 0.1250000000
104555  10.871  -10.170  59.816 0.1250000000
104557  10.123  -10.302  59.723 0.1250000000
104560  16.623  -10.536  57.850 0.3750000000
104561  16.371  -10.317  58.005 0.3750000000
104571  25.415  -9.098  54.894 0.7500000000
104572  25.196  -9.159  54.963 0.7500000000
104577  25.434  -9.294  54.747 0.7500000000
104586  25.679  -9.510  54.315 0.7500000000
104587  24.471  -9.706  54.970 0.7500000000
104588  24.175  -9.614  54.938 0.7500000000
104589  23.740  -9.492  54.645 1.0000000000
104610  26.286  -9.234  53.016 0.5000000000
104611  26.012  -9.411  53.190 0.6250000000
104624  25.739  -9.512  52.589 0.5000000000
104629  16.778  -9.763  52.421 0.8750000000
104633  26.099  -9.223  52.261 0.5000000000
104645  25.372  -9.374  51.437 0.5000000000
104647  24.494  -9.945  50.845 0.2500000000
104649  19.702  -9.944  50.895 0.8750000000
104656  25.186  -9.252  50.878 0.3750000000
104657  24.728  -9.512  50.631 0.2500000000
104678  23.033  -10.009  48.833 0.2500000000
104688  22.829  -9.778  48.228 0.2500000000
104697  22.290  -9.757  47.161 0.1250000000
105860  9.546  -8.347  61.848 0.3750000000
105861  9.049  -8.427  61.659 0.2500000000
105862  8.552  -8.452  61.454 0.3750000000
105865  12.292  -8.814  60.343 0.3750000000
105866  11.756  -8.751  60.594 0.3750000000
105867  11.025  -9.041  60.959 0.3750000000
105869  10.013  -8.561  61.755 0.3750000000
105870  9.425  -8.755  61.574 0.3750000000
105872  8.366  -9.049  61.004 0.1250000000
105873  7.673  -8.767  61.092 0.2500000000
105876  12.907  -9.066  59.958 0.2500000000
105878  11.640  -9.137  60.527 0.2500000000
105880  7.284  -9.089  60.936 0.1250000000
105882  6.280  -9.359  60.606 0.1250000000
105883  15.232  -9.728  58.767 0.3750000000
105915  26.652  -8.425  54.212 0.7500000000
105917  24.893  -8.839  55.106 0.8750000000
105918  24.509  -8.771  54.978 1.0000000000
105919  24.105  -8.813  54.737 0.8750000000
105929  26.100  -9.220  54.089 0.7500000000
105931  23.276  -8.937  53.995 0.8750000000
105939  26.725  -8.939  53.588 0.5000000000
105948  28.036  -7.782  52.292 0.3750000000
105949  27.759  -8.008  52.435 0.3750000000
105952  26.594  -9.047  53.084 0.5000000000
105956  21.582  -9.592  52.480 0.8750000000
105957  16.823  -9.860  53.096 0.8750000000
105964  27.973  -7.873  51.934 0.3750000000
105976  28.394  -7.582  51.804 0.3750000000
105977  28.254  -7.655  51.450 0.3750000000
105979  27.411  -8.236  51.444 0.3750000000
105983  20.504  -9.605  51.158 0.8750000000
105984  17.013  -9.641  51.158 0.8750000000
105989  28.336  -7.528  50.997 0.3750000000
105993  26.123  -8.849  51.222 0.3750000000
106000  16.637  -9.331  50.791 0.8750000000
106004  27.981  -7.585  50.195 0.2500000000
106009  20.166  -9.140  50.018 0.8750000000
106010  19.533  -9.384  49.845 0.8750000000
106013  17.260  -9.350  49.964 0.8750000000
106015  16.339  -9.138  50.502 0.8750000000
106017  27.571  -7.580  49.573 0.1250000000
106018  27.125  -7.738  49.462 0.1250000000
106022  23.881  -9.415  49.260 0.2500000000
106024  18.849  -9.125  49.117 0.8750000000
106028  9.651  -9.023  48.984 0.1250000000
106036  18.609  -8.940  48.694 0.8750000000
106038  17.772  -9.112  48.985 0.8750000000
106054  23.942  -8.385  47.162 0.1250000000
106057  10.596  -9.145  46.502 0.1250000000
107229  8.858  -7.834  61.815 0.3750000000
107232  7.762  -7.733  61.498 0.3750000000
107234  10.713  -8.044  61.723 0.3750000000
107235  10.249  -8.015  61.953 0.3750000000
107236  9.723  -8.038  61.983 0.3750000000
107239  8.215  -8.078  61.526 0.2500000000
107240  7.514  -8.102  61.354 0.3750000000
107242  6.437  -7.898  61.029 0.2500000000
107243  12.426  -8.668  60.208 0.3750000000
107246  10.952  -8.404  61.436 0.3750000000
107248  10.097  -8.243  61.950 0.3750000000
107249  7.290  -8.565  61.139 0.1250000000
107252  5.958  -7.970  60.690 0.2500000000
107253  13.287  -8.785  59.765 0.2500000000
107254  12.610  -8.506  59.952 0.3750000000
107262  5.476  -9.119  60.314 0.1250000000
107264  14.638  -8.723  58.353 0.5000000000
107280  25.721  -8.418  55.028 0.7500000000
107281  25.225  -8.378  55.120 0.7500000000
107284  14.657  -8.191  55.525 0.6250000000
107289  26.860  -8.121  54.214 0.8750000000
107291  26.025  -8.364  54.816 0.8750000000
107302  27.234  -7.985  54.049 0.8750000000
107311  28.131  -7.501  53.050 0.3750000000
107316  15.984  -9.098  53.900 0.8750000000
107322  28.274  -7.582  52.456 0.3750000000
107325  27.510  -8.194  53.100 0.5000000000
107328  16.191  -9.230  53.502 0.8750000000
107333  28.568  -8.003  51.973 0.3750000000
107337  21.811  -8.802  51.917 0.8750000000
107341  8.860  -8.219  52.050 0.1250000000
107342  8.662  -8.330  52.380 0.1250000000
107343  28.490  -7.541  51.951 0.3750000000
107344  28.668  -7.363  51.598 0.3750000000
107345  28.966  -6.843  50.921 0.3750000000
107351  8.935  -8.362  51.774 0.1250000000
107354  28.633  -7.332  50.790 0.2500000000
107357  20.821  -8.909  50.505 0.8750000000
107363  28.184  -7.379  49.951 0.2500000000
107364  21.014  -8.564  50.329 0.8750000000
107373  27.527  -7.489  49.245 0.1250000000
107376  19.364  -8.836  48.963 0.8750000000
107382  9.562  -8.415  49.490 0.1250000000
107383  27.774  -7.324  49.025 0.1250000000
107384  27.304  -7.425  48.849 0.1250000000
107387  25.594  -7.925  48.469 0.1250000000
107401  19.386  -8.355  48.227 0.8750000000
107406  15.843  -7.702  47.475 0.8750000000
107407  10.112  -8.459  47.843 0.1250000000
107412  26.244  -7.443  47.712 0.1250000000
107415  24.376  -8.099  47.142 0.1250000000
107419  17.451  -7.882  46.985 0.8750000000
107426  24.687  -7.727  46.851 0.1250000000
107428  23.649  -8.203  46.373 0.1250000000
107436  24.033  -7.829  46.105 0.1250000000
107440  10.818  -8.534  45.342 0.1250000000
107454  33.732  -7.021  43.190 0.1250000000
107456  32.985  -7.003  43.209 0.1250000000
107457  32.805  -6.883  43.237 0.1250000000
107466  33.397  -7.115  42.915 0.1250000000
107467  33.139  -7.011  42.887 0.1250000000
107492  33.117  -6.904  42.292 0.1250000000
107493  32.875  -6.829  42.194 0.1250000000
108719  8.940  -7.653  61.928 0.3750000000
108720  8.671  -7.675  61.771 0.3750000000
108721  8.216  -7.624  61.595 0.3750000000
108722  7.899  -7.535  61.509 0.3750000000
108723  11.081  -7.802  61.337 0.3750000000
108724  10.879  -7.873  61.514 0.3750000000
108725  10.473  -7.740  61.763 0.3750000000
108728  8.479  -7.341  61.656 0.3750000000
108729  7.945  -7.191  61.520 0.3750000000
108731  6.975  -7.610  61.395 0.2500000000
108732  6.577  -7.707  61.177 0.2500000000
108733  11.929  -7.942  60.590 0.3750000000
108735  11.099  -7.808  61.283 0.3750000000
108736  6.831  -7.003  61.536 0.3750000000
108738  6.260  -7.618  60.984 0.2500000000
108740  12.409  -8.245  59.938 0.3750000000
108742  11.485  -7.772  60.682 0.3750000000
108743  6.154  -7.125  60.970 0.3750000000
108744  5.947  -7.405  60.683 0.2500000000
108745  5.774  -7.762  60.536 0.2500000000
108746  13.225  -8.200  59.217 0.3750000000
108748  12.083  -7.738  59.816 0.5000000000
108754  12.439  -7.682  59.329 0.5000000000
108776  25.865  -7.914  55.006 0.8750000000
108778  25.122  -7.991  55.102 1.0000000000
108785  26.177  -7.765  54.802 0.8750000000
108789  23.952  -7.950  54.339 1.0000000000
108793  7.427  -7.513  55.255 0.1250000000
108796  26.649  -7.550  54.551 0.8750000000
108797  26.283  -7.463  54.755 0.8750000000
108799  24.513  -7.204  54.361 1.0000000000
108807  28.093  -7.205  53.577 0.3750000000
108808  27.522  -7.477  54.218 0.7500000000
108814  12.709  -7.262  54.249 0.6250000000
108815  8.154  -7.536  53.461 0.1250000000
108817  28.544  -7.310  52.505 0.3750000000
108819  28.331  -7.003  53.262 0.3750000000
108820  23.364  -7.231  52.876 0.8750000000
108821  23.009  -7.584  52.726 0.8750000000
108830  22.154  -8.146  51.777 0.8750000000
108835  8.893  -7.954  51.972 0.1250000000
108840  22.347  -7.571  51.421 0.8750000000
108848  29.443  -6.977  50.596 0.2500000000
108849  29.000  -7.144  50.473 0.2500000000
108851  21.241  -8.361  50.427 0.8750000000
108854  9.186  -7.765  50.716 0.1250000000
108855  28.695  -7.178  49.904 0.2500000000
108856  28.439  -7.169  49.642 0.2500000000
108859  20.659  -8.378  49.673 0.8750000000
108874  27.381  -7.281  48.411 0.1250000000
108876  20.340  -7.847  48.477 0.8750000000
108883  27.834  -7.028  48.071 0.1250000000
108885  26.621  -7.331  47.709 0.1250000000
108888  18.978  -8.088  47.482 0.8750000000
108896  32.445  -6.756  46.059 0.2500000000
108901  25.457  -7.470  46.907 0.1250000000
108903  20.282  -7.177  47.312 0.8750000000
108904  19.840  -7.382  47.156 0.8750000000
108906  17.963  -7.648  46.640 0.8750000000
108909  16.036  -7.149  46.660 0.8750000000
108910  10.537  -8.049  46.318 0.1250000000
108916  33.424  -6.357  45.016 0.3750000000
108918  32.548  -6.817  45.450 0.2500000000
108921  30.863  -6.895  45.723 0.2500000000
108927  18.853  -7.283  46.383 0.8750000000
108944  30.176  -6.973  44.798 0.1250000000
108951  10.416  -7.390  45.300 0.1250000000
108956  33.550  -6.572  44.007 0.3750000000
108974  33.828  -7.059  42.926 0.1250000000
108975  33.440  -6.612  43.374 0.1250000000
108992  33.378  -6.637  42.935 0.3750000000
109098  32.162  -6.183  39.553 0.1250000000
110342  10.884  -7.684  61.384 0.3750000000
110344  10.001  -7.229  61.707 0.3750000000
110345  9.512  -7.192  61.772 0.3750000000
110346  8.879  -7.032  61.698 0.3750000000
110348  7.584  -6.873  61.613 0.3750000000
110349  7.200  -6.617  61.699 0.3750000000
110350  11.283  -7.681  60.850 0.3750000000
110351  10.969  -7.543  61.087 0.3750000000
110354  9.164  -6.882  61.517 0.3750000000
110357  6.795  -6.689  61.507 0.3750000000
110358  6.494  -6.406  61.218 0.3750000000
110359  11.781  -7.673  60.129 0.3750000000
110361  10.792  -7.138  60.785 0.3750000000
110362  10.514  -6.986  60.903 0.3750000000
110366  11.553  -7.254  59.931 0.3750000000
110367  6.066  -6.751  60.820 0.2500000000
110373  12.201  -7.299  59.106 0.5000000000
110375  11.620  -6.616  58.557 0.6250000000
110386  6.672  -6.742  56.854 0.2500000000
110390  26.545  -6.612  54.695 0.8750000000
110391  25.800  -6.702  54.856 0.8750000000
110392  25.868  -6.267  54.715 0.8750000000
110395  11.576  -6.502  57.061 0.6250000000
110398  27.043  -6.665  54.356 0.8750000000
110399  26.980  -7.170  54.672 0.8750000000
110408  27.022  -7.098  54.468 0.8750000000
110409  26.505  -7.121  54.690 0.8750000000
110417  29.009  -6.054  52.906 0.6250000000
110421  24.478  -6.243  53.841 1.0000000000
110434  8.140  -7.113  53.050 0.1250000000
110437  28.987  -6.696  52.506 0.5000000000
110442  8.269  -6.922  52.467 0.1250000000
110445  31.897  -5.972  50.602 0.5000000000
110448  29.526  -6.737  51.507 0.3750000000
110450  22.251  -7.523  51.170 0.8750000000
110475  29.174  -7.048  49.900 0.3750000000
110492  22.287  -6.417  48.943 0.8750000000
110528  21.090  -6.548  47.360 0.8750000000
110530  15.202  -6.802  46.984 0.8750000000
110551  15.685  -6.646  46.503 0.8750000000
110553  9.884  -6.986  46.110 0.1250000000
110555  9.017  -6.480  47.006 0.1250000000
110560  31.044  -6.879  46.187 0.2500000000
110565  27.158  -6.770  46.147 0.1250000000
110568  19.031  -6.840  46.032 0.8750000000
110569  18.196  -6.755  45.864 0.8750000000
110572  16.171  -6.480  46.107 0.8750000000
110582  30.323  -6.909  45.256 0.1250000000
110587  26.530  -6.747  45.312 0.1250000000
110594  34.759  -5.844  44.356 0.7500000000
110595  34.523  -5.999  44.258 0.6250000000
110605  9.519  -6.240  44.399 0.1250000000
110624  33.985  -5.931  43.377 0.3750000000
111877  8.553  -6.825  61.487 0.3750000000
111878  8.309  -6.721  61.465 0.3750000000
111880  7.452  -6.461  61.620 0.3750000000
111881  10.375  -6.919  60.963 0.3750000000
111885  8.015  -6.285  61.356 0.3750000000
111888  6.724  -6.215  61.323 0.3750000000
111889  11.301  -7.166  60.167 0.3750000000
111892  9.793  -6.357  60.879 0.3750000000
111894  8.610  -6.017  60.975 0.3750000000
111896  6.392  -5.924  61.074 0.3750000000
111902  11.415  -6.731  59.399 0.3750000000
111903  11.071  -6.326  59.219 0.3750000000
111904  10.911  -6.061  58.922 0.3750000000
111907  11.455  -6.582  58.943 0.6250000000
111912  11.063  -6.038  58.095 0.6250000000
111913  10.902  -5.831  58.001 0.6250000000
111920  27.058  -5.947  54.931 0.8750000000
111921  26.982  -6.338  54.511 0.8750000000
111922  26.438  -6.227  54.655 0.8750000000
111923  26.186  -6.218  54.943 0.8750000000
111926  6.826  -6.337  56.572 0.2500000000
111928  27.027  -6.338  54.300 0.8750000000
111929  26.882  -6.006  54.314 0.8750000000
111934  7.359  -6.520  55.510 0.1250000000
111936  27.169  -6.183  54.154 0.8750000000
111938  26.224  -5.690  54.325 0.8750000000
111939  25.589  -5.874  54.356 0.8750000000
111940  25.030  -6.074  54.172 1.0000000000
111943  7.448  -6.428  55.240 0.1250000000
111957  24.601  -5.624  53.436 1.0000000000
111967  23.409  -6.350  52.012 0.8750000000
111983  8.178  -6.481  52.072 0.1250000000
111986  34.210  -5.165  49.626 0.7500000000
112010  34.845  -5.098  48.670 0.7500000000
112011  34.565  -5.256  48.814 0.7500000000
112015  22.275  -6.253  48.608 0.8750000000
112021  5.549  -5.334  48.864 0.3750000000
112023  34.925  -5.142  48.402 0.7500000000
112029  13.644  -6.076  48.086 0.8750000000
112031  12.754  -5.839  48.886 0.8750000000
112037  4.295  -5.306  48.250 0.6250000000
112042  21.417  -6.175  47.249 0.8750000000
112052  3.732  -5.377  47.650 0.6250000000
112055  34.358  -5.954  46.815 0.5000000000
112056  21.692  -5.574  46.908 0.8750000000
112057  21.117  -5.969  46.735 0.8750000000
112068  3.698  -5.530  47.255 0.6250000000
112077  16.467  -5.971  45.940 0.8750000000
112078  15.944  -6.118  46.146 0.8750000000
112093  19.191  -5.401  45.430 0.8750000000
112095  18.180  -5.720  45.440 0.8750000000
112096  17.788  -5.819  45.542 0.8750000000
112116  8.011  -5.567  44.267 0.1250000000
112130  8.678  -5.623  43.872 0.2500000000
112131  8.346  -5.577  44.044 0.2500000000
112132  6.881  -5.309  43.700 0.2500000000
112144  9.409  -5.638  42.970 0.1250000000
112145  5.168  -5.451  43.024 0.2500000000
112148  3.652  -5.758  43.569 0.2500000000
112159  4.166  -5.613  42.801 0.3750000000
113433  7.651  -5.872  61.157 0.3750000000
113434  7.234  -5.862  61.221 0.3750000000
113435  7.002  -5.894  61.239 0.3750000000
113437  9.454  -5.995  60.544 0.3750000000
113439  8.269  -5.507  60.750 0.3750000000
113442  6.785  -5.532  61.049 0.3750000000
113444  10.703  -6.109  59.553 0.3750000000
113447  9.194  -5.602  60.290 0.3750000000
113449  5.765  -5.199  60.249 0.3750000000
113454  9.328  -5.319  59.853 0.3750000000
113456  5.286  -5.005  59.183 0.3750000000
113461  10.676  -5.514  57.784 0.6250000000
113465  5.571  -4.877  58.084 0.3750000000
113469  6.081  -5.169  57.285 0.2500000000
113478  27.152  -5.577  53.966 0.8750000000
113479  26.637  -5.354  54.110 0.8750000000
113486  29.208  -5.440  52.993 0.7500000000
113490  25.832  -4.936  53.920 0.8750000000
113496  6.989  -5.338  54.208 0.1250000000
113500  25.090  -5.077  53.409 1.0000000000
113501  24.744  -5.188  53.112 1.0000000000
113506  6.950  -5.255  53.517 0.2500000000
113508  32.531  -4.933  51.249 0.6250000000
113512  30.254  -5.519  52.202 0.6250000000
113518  6.953  -5.167  52.856 0.3750000000
113523  32.392  -5.330  50.998 0.5000000000
113524  24.448  -5.024  52.092 1.0000000000
113525  24.060  -5.496  51.887 0.8750000000
113532  34.753  -4.612  49.397 0.7500000000
113533  34.646  -4.791  49.545 0.7500000000
113534  34.105  -4.892  49.980 0.7500000000
113543  5.305  -4.710  50.837 0.5000000000
113546  34.837  -4.680  49.188 0.7500000000
113547  34.726  -5.001  49.124 0.7500000000
113549  33.816  -5.405  49.568 0.7500000000
113558  4.608  -4.908  49.864 0.5000000000
113569  4.416  -5.077  49.271 0.6250000000
113571  3.488  -4.908  48.881 0.6250000000
113579  4.262  -5.178  48.658 0.6250000000
113586  22.438  -5.301  47.397 0.8750000000
113590  4.045  -5.241  48.256 0.6250000000
113595  22.663  -4.862  47.211 0.8750000000
113605  21.213  -5.125  46.203 0.8750000000
113607  19.989  -5.380  45.726 0.8750000000
113608  17.971  -4.801  45.574 0.8750000000
113609  17.620  -5.023  45.659 0.8750000000
113620  2.817  -5.094  45.745 0.5000000000
113626  35.500  -5.215  43.943 0.7500000000
113627  7.950  -5.456  43.995 0.2500000000
113636  8.976  -5.524  43.394 0.1250000000
113641  6.088  -5.310  43.237 0.2500000000
113652  7.072  -5.182  42.882 0.2500000000
113669  5.191  -5.202  42.225 0.3750000000
113670  4.514  -5.398  42.312 0.3750000000
113671  3.783  -5.552  42.469 0.3750000000
113672  3.094  -5.136  42.250 0.3750000000
113684  5.511  -4.855  41.672 0.2500000000
113688  3.001  -4.917  41.684 0.3750000000
113699  6.407  -4.877  40.785 0.1250000000
113735  4.695  -5.024  39.442 0.6250000000
113751  5.607  -4.950  38.748 0.3750000000
113764  7.227  -4.882  37.731 0.1250000000
114819  8.066  -5.162  60.637 0.3750000000
114820  7.826  -5.120  60.704 0.3750000000
114823  6.389  -5.254  60.867 0.3750000000
114824  8.315  -5.098  60.436 0.3750000000
114828  9.711  -5.088  59.211 0.3750000000
114839  5.621  -4.652  57.696 0.2500000000
114854  27.036  -5.058  53.939 0.8750000000
114884  25.194  -4.312  52.685 1.0000000000
114885  24.838  -4.532  52.292 1.0000000000
114892  33.815  -4.604  50.379 0.7500000000
114898  5.550  -4.520  51.941 0.3750000000
114904  34.447  -4.351  49.720 0.7500000000
114913  34.911  -4.388  48.868 0.7500000000
114922  24.039  -4.687  49.493 0.8750000000
114925  3.442  -4.854  49.180 0.6250000000
114931  13.810  -4.183  48.017 0.8750000000
114934  3.014  -4.429  48.227 0.6250000000
114944  2.935  -4.433  47.535 0.6250000000
114950  17.278  -4.270  46.392 0.8750000000
114951  16.575  -4.485  46.506 0.8750000000
114954  2.862  -4.456  46.830 0.6250000000
114958  20.294  -4.453  45.631 0.8750000000
114959  19.089  -4.374  45.694 0.8750000000
114961  18.086  -4.474  45.806 0.8750000000
114966  19.734  -4.495  45.590 0.8750000000
114967  19.266  -4.633  45.527 0.8750000000
114968  18.789  -4.631  45.520 0.8750000000
114969  18.449  -4.573  45.581 0.8750000000
114986  36.047  -4.065  42.484 0.7500000000
114992  36.035  -3.914  42.246 0.7500000000
114995  6.069  -4.947  41.973 0.2500000000
114996  5.894  -5.168  42.041 0.2500000000
115004  5.889  -4.843  41.821 0.2500000000
115006  2.909  -4.573  41.370 0.7500000000
115013  3.032  -4.692  40.956 0.7500000000
115029  3.999  -4.388  39.066 0.6250000000
115040  4.981  -4.526  38.369 0.5000000000
115051  6.642  -4.249  37.496 0.2500000000
116111  8.009  -4.841  60.529 0.3750000000
116112  7.753  -4.685  60.546 0.3750000000
116114  6.893  -4.284  60.511 0.3750000000
116123  7.126  -3.468  59.831 0.3750000000
116149  27.397  -4.138  53.669 0.8750000000
116152  25.755  -4.257  53.322 1.0000000000
116158  30.138  -4.100  52.524 0.7500000000
116161  28.471  -3.969  53.198 0.7500000000
116183  32.358  -3.682  51.508 0.6250000000
116188  16.372  -2.983  51.246 0.8750000000
116193  34.507  -4.010  49.387 0.7500000000
116198  25.097  -3.214  50.580 1.0000000000
116205  3.055  -3.588  50.089 0.6250000000
116210  32.877  -3.245  50.000 1.0000000000
116220  34.870  -4.050  48.481 1.0000000000
116225  31.978  -3.200  49.084 1.0000000000
116244  30.693  -3.043  48.169 1.0000000000
116265  30.073  -3.113  47.525 1.0000000000
116266  23.327  -3.595  47.500 0.8750000000
116294  3.425  -3.627  46.194 0.7500000000
116313  3.452  -3.729  45.635 0.7500000000
116325  19.702  -4.238  45.658 0.8750000000
116327  3.912  -3.608  44.689 0.7500000000
116328  3.449  -3.785  45.029 0.7500000000
116340  3.938  -3.592  44.077 0.7500000000
116347  36.355  -3.514  43.411 0.7500000000
116348  32.387  -3.211  43.898 1.0000000000
116349  32.047  -3.308  43.786 1.0000000000
116353  3.960  -3.487  43.596 0.8750000000
116359  36.220  -3.882  42.689 0.7500000000
116362  31.006  -3.422  43.408 1.0000000000
116380  2.837  -4.009  41.502 0.7500000000
116411  4.942  -4.142  38.191 0.6250000000
116423  7.603  -3.666  36.742 0.1250000000
117615  7.052  -4.030  60.383 0.3750000000
117616  6.859  -4.037  60.391 0.3750000000
117617  7.043  -3.808  60.165 0.3750000000
117618  6.866  -3.888  60.247 0.3750000000
117629  5.155  -2.909  58.401 0.3750000000
117644  4.013  -2.774  55.115 0.7500000000
117649  28.023  -3.791  53.326 0.8750000000
117653  17.977  -2.366  53.890 0.8750000000
117654  17.758  -2.449  53.922 0.8750000000
117655  17.197  -2.454  53.928 0.8750000000
117657  3.661  -2.814  54.175 0.5000000000
117664  26.009  -3.324  52.871 1.0000000000
117671  31.959  -3.443  51.651 0.8750000000
117687  32.240  -3.252  51.453 1.0000000000
117691  18.432  -2.438  52.418 0.8750000000
117700  32.591  -3.164  51.002 1.0000000000
117703  25.301  -2.733  51.033 1.0000000000
117720  15.860  -2.848  50.628 0.8750000000
117723  14.246  -2.446  49.714 0.8750000000
117728  4.483  -2.327  49.896 0.7500000000
117735  30.466  -2.533  48.850 1.0000000000
117745  5.786  -2.251  48.990 0.7500000000
117761  5.839  -2.324  48.723 0.7500000000
117766  30.443  -2.927  48.153 1.0000000000
117780  29.340  -2.956  47.086 1.0000000000
117788  6.377  -2.495  47.367 0.8750000000
117804  3.801  -3.493  45.869 0.7500000000
117840  29.971  -3.422  43.653 1.0000000000
117871  32.388  -2.083  42.248 1.0000000000
117921  6.153  -2.988  37.817 0.5000000000
119090  5.505  -2.096  58.167 0.7500000000
119091  7.975  -2.422  57.543 0.7500000000
119096  4.823  -2.472  57.322 0.7500000000
119101  4.511  -2.411  56.840 0.7500000000
119125  3.751  -2.232  54.024 0.7500000000
119128  27.291  -2.478  53.202 0.8750000000
119130  26.298  -2.677  52.848 1.0000000000
119132  18.470  -2.202  53.456 0.8750000000
119133  16.264  -2.249  53.482 1.0000000000
119144  26.134  -2.136  52.407 1.0000000000
119146  18.587  -2.059  52.660 0.8750000000
119147  18.563  -2.180  53.020 0.8750000000
119152  4.989  -1.784  51.907 0.7500000000
119159  25.640  -2.086  51.511 1.0000000000
119167  5.671  -1.849  51.096 0.8750000000
119176  15.057  -2.307  50.846 0.8750000000
119184  6.402  -1.859  50.356 0.8750000000
119188  4.103  -2.212  50.935 0.7500000000
119189  31.092  -2.449  49.827 1.0000000000
119206  5.345  -2.063  50.105 0.7500000000
119208  4.347  -2.211  50.515 0.7500000000
119212  28.427  -1.530  48.957 1.0000000000
119221  5.058  -2.185  49.813 0.7500000000
119225  27.781  -1.483  48.121 1.0000000000
119230  7.303  -1.952  48.035 0.8750000000
119245  6.704  -2.279  47.742 0.8750000000
119288  8.144  -1.288  43.680 0.8750000000
119291  6.420  -2.247  43.257 0.8750000000
119306  6.523  -1.856  42.793 1.0000000000
119325  6.050  -1.697  42.289 1.0000000000
119326  5.443  -1.946  42.144 0.8750000000
119327  4.924  -2.108  42.061 1.0000000000
119343  4.695  -1.823  41.760 1.0000000000
119383  8.344  -1.662  37.584 0.3750000000
120544  5.091  -1.802  57.274 0.7500000000
120549  7.559  -1.113  55.845 0.7500000000
120555  18.326  -0.665  55.429 0.8750000000
120557  17.451  -0.415  55.435 0.8750000000
120564  18.539  -1.058  54.898 0.8750000000
120572  18.818  -1.065  54.225 0.8750000000
120574  15.553  -0.813  53.840 1.0000000000
120578  5.308  -1.074  53.603 0.7500000000
120587  29.531  -1.558  52.016 0.8750000000
120588  29.175  -1.560  52.147 1.0000000000
120589  28.679  -1.581  52.366 1.0000000000
120600  6.772  -0.789  52.109 0.7500000000
120604  29.718  -1.593  51.782 1.0000000000
120617  11.521  -0.850  51.011 0.8750000000
120648  8.119  -0.828  49.914 0.7500000000
120651  28.807  -1.351  49.732 1.0000000000
120653  27.752  -1.085  49.174 1.0000000000
120669  8.863  -0.890  48.278 0.8750000000
120674  26.570  -0.872  47.314 1.0000000000
120690  26.608  -1.296  46.440 1.0000000000
120693  9.075  -1.138  46.409 0.8750000000
120701  8.659  -1.448  45.175 0.8750000000
120709  8.636  -1.279  44.450 0.7500000000
120722  8.545  -0.982  43.771 0.7500000000
120737  8.335  -0.804  43.341 0.8750000000
120749  32.904  -1.063  41.906 1.0000000000
120759  6.922  -0.909  42.512 0.8750000000
120847  6.092  -1.374  38.755 0.7500000000
120876  8.808  -1.396  37.508 0.3750000000
122050  18.246  -0.156  55.628 0.8750000000
122051  17.748  -0.047  55.530 0.8750000000
122052  7.494  -0.545  55.126 0.7500000000
122094  25.632  -0.848  51.090 1.0000000000
122115  7.807  -0.472  50.982 0.7500000000
122135  27.184  -0.941  48.426 1.0000000000
122145  9.141  -0.639  48.304 0.8750000000
122159  9.381  -0.728  47.580 0.8750000000
122204  9.531  -0.518  44.490 0.8750000000
122211  9.139  -0.230  43.687 0.8750000000
122217  34.329  -0.731  42.281 1.0000000000
122222  8.824  0.075  43.281 0.8750000000
122236  7.196  -0.021  42.390 0.8750000000
122256  4.856  -1.032  41.601 0.8750000000
122287  25.213  -0.632  39.067 0.8750000000
122288  20.909  -0.749  39.520 0.8750000000
122289  20.379  -0.499  39.708 1.0000000000
122290  19.995  -0.387  40.033 1.0000000000
122333  24.942  0.040  38.338 0.8750000000
122372  10.831  -0.238  36.660 0.2500000000
123538  18.527  0.923  56.150 0.7500000000
123539  19.362  0.717  55.509 0.8750000000
123540  18.837  0.231  55.675 0.8750000000
123543  19.503  0.833  54.998 0.8750000000
123580  25.863  0.112  50.521 1.0000000000
123581  25.377  -0.129  50.535 1.0000000000
123582  25.102  -0.436  50.413 1.0000000000
123597  24.684  -0.384  49.950 1.0000000000
123605  25.947  0.205  49.421 1.0000000000
123614  25.301  0.349  48.941 1.0000000000
123651  11.292  0.675  46.351 0.8750000000
123652  10.976  0.326  46.037 0.8750000000
123653  10.741  0.142  45.666 0.8750000000
123656  11.036  0.513  45.476 1.0000000000
123657  10.623  0.206  45.195 1.0000000000
123665  9.441  0.584  43.651 0.8750000000
123673  9.018  0.336  43.415 0.8750000000
123674  8.584  0.504  43.175 0.8750000000
123676  7.373  0.697  42.587 0.8750000000
123682  33.144  0.665  41.651 1.0000000000
123685  7.396  0.237  42.519 0.8750000000
123727  29.122  0.418  40.045 1.0000000000
123750  27.656  0.456  39.151 0.8750000000
123790  22.772  0.729  37.520 0.7500000000
123793  11.102  0.640  36.902 0.1250000000
123802  10.983  0.186  36.790 0.1250000000
125010  19.385  1.267  56.022 0.7500000000
125011  19.210  1.166  56.128 0.7500000000
125012  18.785  1.240  56.244 0.7500000000
125013  19.438  1.185  55.833 0.7500000000
125019  16.891  0.875  54.880 0.8750000000
125020  19.680  1.364  54.881 0.8750000000
125026  15.995  0.893  53.307 1.0000000000
125035  11.157  0.704  51.044 0.8750000000
125041  14.631  1.016  50.863 1.0000000000
125042  13.346  0.573  50.582 0.8750000000
125062  10.617  0.705  49.315 0.8750000000
125064  13.967  1.401  49.237 1.0000000000
125077  11.838  1.034  47.023 0.8750000000
125085  11.619  1.349  45.703 1.0000000000
125096  9.859  1.195  43.850 0.8750000000
125097  9.291  1.223  43.576 0.8750000000
125100  37.893  1.863  42.937 1.0000000000
125106  8.186  0.959  43.069 0.8750000000
125125  5.919  0.786  42.326 0.8750000000
125151  28.588  1.021  39.621 0.8750000000
125171  8.913  1.247  38.986 0.3750000000
125177  25.807  1.123  38.347 0.7500000000
125181  23.161  0.937  37.520 0.7500000000
125188  9.331  1.152  38.690 0.3750000000
125192  23.388  1.681  37.487 0.7500000000
125210  11.962  1.131  35.970 0.1250000000
126347  19.446  1.502  56.066 0.7500000000
126349  18.657  1.781  56.371 0.8750000000
126350  19.696  1.666  55.756 0.7500000000
126353  19.873  1.825  55.242 0.7500000000
126355  19.747  1.967  54.619 0.8750000000
126356  19.506  1.764  54.150 0.8750000000
126361  17.075  2.059  54.035 0.8750000000
126373  15.678  1.914  51.275 1.0000000000
126392  12.728  1.949  46.819 1.0000000000
126397  12.070  2.201  45.745 1.0000000000
126398  11.644  1.928  45.314 1.0000000000
126403  11.283  2.091  44.842 1.0000000000
126404  10.843  1.820  44.505 1.0000000000
126407  38.098  2.391  43.381 1.0000000000
126428  7.153  1.640  43.037 0.8750000000
126438  34.011  1.646  41.914 0.8750000000
126462  5.511  2.313  40.200 0.8750000000
126463  5.278  2.301  40.172 0.8750000000
126465  3.544  2.202  40.075 0.8750000000
126466  3.094  1.864  40.403 0.8750000000
126473  18.493  1.915  39.200 0.8750000000
126475  8.621  2.310  39.532 0.6250000000
126482  3.894  1.765  39.790 0.8750000000
126486  33.109  1.341  38.480 0.2500000000
126531  13.018  2.286  34.108 0.1250000000
127666  18.469  2.495  56.471 0.8750000000
127667  19.986  2.276  55.752 0.7500000000
127674  19.569  2.778  53.855 0.8750000000
127679  16.558  2.654  52.646 1.0000000000
127686  15.921  2.694  51.112 1.0000000000
127702  12.722  2.464  46.383 1.0000000000
127707  5.051  3.173  45.739 0.8750000000
127711  10.953  2.887  44.734 0.8750000000
127713  5.544  3.254  45.456 0.8750000000
127717  38.163  2.791  43.789 1.0000000000
127722  9.873  2.437  44.081 0.8750000000
127739  30.743  3.146  43.326 0.8750000000
127741  9.339  2.224  43.816 0.8750000000
127742  8.812  2.334  43.760 0.8750000000
127757  32.581  2.939  42.807 0.8750000000
127775  3.082  2.183  41.387 0.8750000000
127792  6.510  2.985  40.297 0.8750000000
127795  4.516  2.641  40.207 0.8750000000
127813  5.135  2.298  40.145 0.8750000000
127818  26.762  2.253  38.893 0.7500000000
127823  18.421  2.512  38.739 0.8750000000
127827  33.870  3.102  38.107 0.2500000000
127834  19.088  2.849  37.768 0.8750000000
127867  13.078  2.938  33.957 0.1250000000
128987  18.802  3.629  56.788 0.7500000000
128991  18.158  3.310  56.479 0.8750000000
128994  17.739  3.040  55.977 0.8750000000
129001  19.180  3.322  53.006 0.8750000000
129010  16.058  3.727  51.436 0.8750000000
129018  4.168  4.104  49.605 0.8750000000
129019  3.957  3.983  49.591 0.8750000000
129024  3.950  3.857  49.205 0.8750000000
129025  3.582  3.762  48.905 0.8750000000
129029  4.955  4.170  48.472 0.8750000000
129036  5.052  4.087  48.131 0.8750000000
129042  12.450  3.963  46.198 0.8750000000
129050  36.562  3.953  45.373 0.8750000000
129051  32.416  3.874  45.706 0.8750000000
129053  31.404  3.795  45.634 0.8750000000
129057  11.552  3.752  45.445 0.8750000000
129058  6.630  4.082  46.105 0.8750000000
129063  3.048  4.098  46.234 0.8750000000
129065  37.739  3.682  45.221 1.0000000000
129070  32.379  3.772  45.197 0.8750000000
129076  11.666  3.254  45.313 0.8750000000
129077  11.166  3.457  45.062 0.8750000000
129078  10.437  3.288  44.697 0.8750000000
129079  9.712  3.649  44.679 0.8750000000
129080  8.981  3.836  44.761 0.8750000000
129081  8.248  3.904  44.949 0.8750000000
129082  7.531  3.903  45.231 0.8750000000
129084  6.130  3.509  45.526 0.8750000000
129085  5.760  3.514  45.889 0.8750000000
129099  30.377  3.860  44.507 0.8750000000
129102  10.163  2.823  44.386 0.8750000000
129130  33.329  3.435  43.074 0.8750000000
129135  16.585  3.901  42.618 0.8750000000
129139  37.338  3.598  41.731 0.7500000000
129154  25.286  4.090  40.785 0.5000000000
129188  35.133  3.879  39.018 0.3750000000
129190  24.886  3.190  38.963 0.5000000000
129204  11.515  3.660  37.436 0.3750000000
129215  19.038  3.549  37.564 0.6250000000
129217  11.487  3.904  37.438 0.2500000000
129222  20.599  4.039  36.720 0.6250000000
130365  17.823  3.907  56.456 0.8750000000
130369  16.970  4.360  54.936 0.8750000000
130373  19.759  4.105  53.868 0.8750000000
130389  4.945  4.710  50.197 0.8750000000
130403  14.352  4.537  48.757 0.8750000000
130405  5.233  4.543  49.182 0.8750000000
130406  4.699  4.320  49.303 0.8750000000
130408  3.190  4.082  49.052 0.8750000000
130416  5.796  4.554  48.301 0.8750000000
130419  2.924  4.146  48.223 0.8750000000
130420  33.542  4.512  47.201 0.8750000000
130422  32.224  4.398  47.579 0.8750000000
130430  6.053  4.536  47.708 0.8750000000
130431  5.549  4.271  47.907 0.8750000000
130434  34.606  4.449  46.466 0.8750000000
130436  33.087  4.294  46.743 0.8750000000
130440  30.183  4.724  47.103 0.8750000000
130442  12.620  4.575  46.645 0.8750000000
130446  6.571  4.523  46.875 0.8750000000
130447  6.056  4.266  47.062 0.8750000000
130450  37.608  4.323  45.839 1.0000000000
130453  35.206  4.322  45.656 0.8750000000
130469  7.872  4.628  45.961 0.8750000000
130470  7.280  4.503  46.204 0.8750000000
130471  6.700  4.326  46.408 0.8750000000
130478  35.250  4.106  44.916 0.8750000000
130482  32.736  4.022  45.731 0.8750000000
130483  30.553  4.023  45.267 0.8750000000
130488  16.541  4.786  44.923 0.8750000000
130495  6.959  4.207  46.017 0.8750000000
130500  34.541  4.106  44.552 0.8750000000
130502  33.422  4.128  44.941 0.8750000000
130545  27.376  4.129  41.476 0.5000000000
130552  16.624  4.819  41.949 0.8750000000
130584  10.682  4.544  38.186 0.3750000000
130594  10.654  4.786  38.184 0.3750000000
130600  21.515  4.129  36.793 0.7500000000
130618  12.463  4.392  35.514 0.1250000000
130619  12.240  4.688  35.887 0.1250000000
130644  44.791  4.918  33.677 0.1250000000
131780  15.896  5.741  56.770 0.7500000000
131788  19.563  5.094  55.642 0.7500000000
131822  18.418  5.668  50.320 1.0000000000
131825  5.562  5.244  50.358 0.8750000000
131826  5.006  4.935  50.585 0.8750000000
131830  29.089  5.936  49.811 0.7500000000
131832  18.427  5.015  50.075 1.0000000000
131841  3.111  4.496  49.250 0.8750000000
131842  31.753  5.368  49.200 0.8750000000
131848  27.232  6.171  49.318 0.5000000000
131852  6.456  5.174  48.940 0.8750000000
131853  5.836  4.898  49.223 0.8750000000
131854  5.392  4.791  49.619 0.8750000000
131857  33.328  5.344  48.298 0.8750000000
131858  32.694  5.141  48.486 0.8750000000
131860  31.254  4.909  48.710 0.8750000000
131870  13.113  5.455  47.959 0.8750000000
131872  6.569  5.111  48.350 0.8750000000
131879  32.357  4.695  48.182 0.8750000000
131890  12.807  5.223  47.313 0.8750000000
131893  7.829  5.345  47.286 0.8750000000
131894  7.253  5.169  47.492 0.8750000000
131897  3.118  5.633  47.424 0.8750000000
131910  24.270  6.143  46.626 0.3750000000
131920  6.886  4.862  47.166 0.8750000000
131921  2.917  5.208  46.467 0.8750000000
131922  37.705  5.169  45.754 1.0000000000
131938  10.587  4.991  45.978 0.8750000000
131939  9.761  5.072  46.022 0.8750000000
131940  8.987  5.070  46.118 0.8750000000
131941  8.288  5.002  46.261 0.8750000000
131955  3.278  4.839  44.867 0.8750000000
131956  3.149  4.837  45.278 0.8750000000
131992  4.523  5.685  41.634 0.8750000000
132001  6.767  5.658  40.966 0.8750000000
132045  35.341  5.198  36.726 0.1250000000
132065  42.515  5.677  35.613 0.1250000000
132066  41.859  5.814  35.548 0.1250000000
132074  45.041  5.645  34.923 0.2500000000
132089  45.684  5.683  34.487 0.1250000000
132092  43.606  5.170  34.579 0.1250000000
132103  12.946  4.433  34.023 0.1250000000
132107  44.713  5.001  33.894 0.1250000000
132112  12.972  4.578  33.778 0.1250000000
132124  12.026  5.427  32.124 0.1250000000
133208  13.866  6.446  56.102 0.8750000000
133219  4.338  6.519  55.347 0.8750000000
133228  3.908  6.756  54.629 0.8750000000
133233  14.724  6.249  54.583 0.8750000000
133242  5.717  6.088  52.548 0.8750000000
133244  3.742  5.725  53.574 0.8750000000
133257  6.348  6.065  50.981 0.8750000000
133261  18.735  5.621  50.999 1.0000000000
133266  6.477  5.950  50.366 0.8750000000
133270  31.892  6.498  50.003 0.8750000000
133272  30.342  6.265  50.281 0.8750000000
133275  28.202  6.553  49.644 0.5000000000
133280  13.322  6.489  49.894 0.8750000000
133281  7.261  5.991  49.484 0.8750000000
133291  27.961  5.993  49.796 0.7500000000
133293  27.173  6.645  49.054 0.5000000000
133299  7.912  6.124  48.696 0.8750000000
133300  7.372  5.903  48.886 0.8750000000
133304  33.471  5.978  48.450 0.8750000000
133305  33.027  5.751  48.699 0.8750000000
133307  27.012  6.277  49.259 0.5000000000
133310  17.993  5.549  49.023 1.0000000000
133316  11.028  6.504  48.017 0.8750000000
133317  8.833  6.382  48.166 0.8750000000
133336  7.610  5.492  47.731 0.8750000000
133339  3.118  5.742  47.113 0.8750000000
133341  35.809  5.803  46.488 1.0000000000
133342  35.081  5.706  47.154 1.0000000000
133344  24.316  6.420  46.734 0.3750000000
133347  11.036  5.930  47.108 0.8750000000
133351  8.330  5.470  47.081 0.8750000000
133353  3.004  5.651  46.653 0.8750000000
133354  37.694  5.474  45.586 1.0000000000
133357  36.029  6.236  46.060 1.0000000000
133359  23.815  6.275  46.059 0.3750000000
133362  3.132  5.952  46.284 0.8750000000
133367  36.673  6.414  45.496 1.0000000000
133370  3.069  5.962  45.723 0.8750000000
133374  38.169  6.454  44.765 1.0000000000
133379  3.097  5.275  45.161 0.8750000000
133397  4.980  6.325  41.885 0.8750000000
133410  4.787  5.792  41.649 0.8750000000
133411  39.296  6.529  40.923 0.5000000000
133417  8.048  5.869  40.277 0.6250000000
133436  42.214  6.652  37.694 0.3750000000
133447  44.581  6.477  36.866 0.5000000000
133463  45.132  6.474  36.354 0.5000000000
133464  44.776  6.374  36.596 0.5000000000
133465  43.950  6.282  36.623 0.2500000000
133466  43.062  6.544  36.720 0.5000000000
133478  18.985  6.455  36.793 0.6250000000
133480  45.595  6.504  35.685 0.3750000000
133486  41.168  6.149  35.921 0.1250000000
133496  44.299  5.744  35.444 0.3750000000
133504  46.316  6.250  34.263 0.2500000000
133506  45.483  5.794  34.801 0.1250000000
134609  5.646  7.219  57.818 0.8750000000
134614  15.190  6.385  57.198 0.7500000000
134625  6.700  6.600  57.249 0.8750000000
134626  5.810  6.659  57.327 0.8750000000
134627  5.286  7.179  57.293 0.8750000000
134641  4.692  6.982  56.115 0.8750000000
134644  14.121  6.453  55.444 0.8750000000
134645  13.859  6.544  55.591 0.8750000000
134655  4.668  6.499  56.051 0.8750000000
134658  18.678  6.926  55.145 0.7500000000
134671  14.644  6.356  54.138 0.8750000000
134692  14.160  6.693  52.879 0.8750000000
134705  8.262  7.282  51.498 0.8750000000
134722  32.018  6.996  49.976 0.8750000000
134724  30.820  6.852  50.076 0.8750000000
134735  9.928  7.440  50.047 0.8750000000
134742  33.533  6.984  48.660 0.8750000000
134745  30.505  7.105  49.763 0.8750000000
134746  29.947  6.990  49.541 0.7500000000
134747  29.358  6.890  49.268 0.6250000000
134748  28.846  7.028  48.832 0.5000000000
134754  12.931  6.735  49.856 0.8750000000
134764  33.692  6.700  48.409 1.0000000000
134772  26.594  6.708  48.365 0.3750000000
134775  12.210  6.732  49.117 0.8750000000
134776  11.707  6.786  48.888 0.8750000000
134780  8.708  6.440  48.424 0.8750000000
134783  34.755  6.495  47.164 1.0000000000
134797  9.515  6.458  47.850 0.8750000000
134819  35.805  6.862  45.847 1.0000000000
134821  31.043  7.158  46.684 0.5000000000
134833  4.033  6.818  46.494 0.8750000000
134837  36.324  6.984  45.271 1.0000000000
134898  4.391  7.040  43.170 0.8750000000
134899  3.919  6.607  43.301 0.8750000000
134912  5.731  6.901  41.943 0.8750000000
134925  27.228  6.975  41.486 0.1250000000
134928  7.219  6.902  40.982 0.7500000000
134931  5.469  6.576  41.800 0.8750000000
134934  41.078  7.259  40.138 0.6250000000
134944  16.682  6.902  40.534 0.6250000000
134949  42.523  7.114  39.199 0.7500000000
134955  29.412  7.125  39.749 0.1250000000
134963  43.430  6.955  38.476 0.6250000000
134973  45.010  7.089  37.592 0.7500000000
134974  44.327  6.891  37.707 0.6250000000
134977  42.300  6.731  37.974 0.3750000000
134979  40.908  6.867  38.386 0.1250000000
134986  45.224  6.939  37.053 0.5000000000
134989  43.065  6.743  37.358 0.5000000000
134990  42.665  6.711  37.680 0.3750000000
134993  40.553  6.827  38.113 0.1250000000
135001  45.303  6.715  36.504 0.7500000000
135003  43.540  6.588  36.857 0.5000000000
135012  46.427  7.177  35.480 0.7500000000
135013  45.817  6.781  35.749 0.3750000000
135014  45.558  6.725  36.132 0.3750000000
135017  46.634  6.953  34.856 0.5000000000
136129  16.157  7.152  57.734 0.7500000000
136143  5.600  7.797  57.719 0.8750000000
136144  17.647  6.955  56.996 0.7500000000
136149  5.376  7.730  57.335 0.8750000000
136150  17.793  7.064  56.751 0.7500000000
136161  9.216  7.440  54.883 0.8750000000
136163  4.704  7.493  55.795 0.8750000000
136166  12.370  7.171  54.612 0.8750000000
136175  4.090  7.528  54.598 0.8750000000
136176  18.118  7.399  54.022 0.7500000000
136178  12.412  7.252  54.086 0.8750000000
136184  8.027  7.428  53.455 0.8750000000
136185  4.262  7.950  54.548 0.8750000000
136195  7.931  7.312  52.836 0.8750000000
136204  8.266  7.408  52.374 0.8750000000
136213  9.707  7.646  51.599 0.8750000000
136214  9.085  7.563  51.736 0.8750000000
136216  8.096  7.312  52.049 0.8750000000
136226  8.850  7.447  51.389 0.8750000000
136230  31.249  7.346  49.919 0.8750000000
136231  30.861  7.215  49.887 0.8750000000
136234  12.006  7.292  50.174 0.8750000000
136235  11.528  7.363  50.081 0.8750000000
136236  10.826  7.509  50.313 0.8750000000
136237  10.137  7.538  50.330 0.8750000000
136239  5.520  7.903  49.816 0.8750000000
136240  5.041  7.634  50.242 0.8750000000
136241  4.733  7.571  50.611 0.8750000000
136242  33.621  7.309  48.631 1.0000000000
136244  32.309  7.888  49.064 0.8750000000
136251  10.954  7.391  49.808 0.8750000000
136257  32.219  8.059  48.236 0.8750000000
136265  34.348  7.412  47.605 1.0000000000
136266  32.140  7.869  47.406 0.7500000000
136273  35.121  7.490  46.353 1.0000000000
136275  31.466  7.419  47.106 0.6250000000
136282  35.568  7.649  45.685 1.0000000000
136291  36.669  7.436  44.836 1.0000000000
136292  36.162  7.782  44.994 1.0000000000
136294  32.709  7.988  44.591 0.5000000000
136300  23.397  6.825  44.651 0.3750000000
136307  37.458  7.900  44.306 1.0000000000
136309  36.570  7.848  44.776 1.0000000000
136315  23.852  7.383  44.176 0.3750000000
136335  7.179  7.704  43.072 0.8750000000
136357  4.905  7.329  43.228 0.8750000000
136360  32.151  8.127  41.521 0.3750000000
136362  31.062  7.396  41.421 0.2500000000
136378  32.132  8.304  41.128 0.3750000000
136381  30.679  7.319  40.864 0.1250000000
136388  7.576  7.331  41.205 0.8750000000
136393  31.593  8.295  40.328 0.1250000000
136406  43.748  7.598  39.564 0.8750000000
136410  29.515  7.447  39.232 0.1250000000
136418  8.423  7.049  39.920 0.7500000000
136423  28.998  7.562  38.882 0.1250000000
136431  44.742  7.312  38.108 0.8750000000
136434  28.285  7.785  38.416 0.1250000000
136442  45.559  7.628  37.333 1.0000000000
136448  46.497  8.144  36.323 0.8750000000
136449  46.082  7.787  36.650 1.0000000000
136462  47.287  8.015  34.931 0.7500000000
136468  47.363  7.891  34.636 0.5000000000
136470  36.894  7.816  33.628 0.1250000000
136481  46.963  7.338  33.525 0.2500000000
136483  37.237  7.774  33.153 0.1250000000
136484  36.954  7.751  33.254 0.1250000000
136486  35.589  7.693  33.205 0.1250000000
136498  37.200  7.746  32.908 0.1250000000
136500  36.059  7.611  32.615 0.1250000000
136516  35.870  7.613  31.951 0.1250000000
136526  35.603  7.692  31.502 0.1250000000
136581  45.911  8.154  24.525 0.1250000000
136596  46.367  8.037  23.835 0.1250000000
136597  46.076  8.005  24.107 0.1250000000
137633  9.034  8.069  57.752 0.8750000000
137651  5.461  8.211  57.127 0.8750000000
137656  5.437  8.382  56.462 0.7500000000
137659  16.880  8.540  56.081 0.7500000000
137685  5.152  8.378  50.665 0.8750000000
137689  6.633  8.878  49.553 0.7500000000
137692  32.826  8.197  48.663 0.8750000000
137700  32.708  8.297  48.295 0.8750000000
137703  6.894  8.538  48.216 0.8750000000
137705  34.701  8.376  47.175 0.8750000000
137706  34.406  7.986  47.629 1.0000000000
137713  35.334  8.651  46.313 0.8750000000
137722  35.246  7.988  46.072 1.0000000000
137730  36.178  8.616  45.119 1.0000000000
137731  35.787  8.157  45.337 1.0000000000
137733  33.053  8.317  45.030 0.6250000000
137744  36.590  8.328  44.761 1.0000000000
137747  32.783  8.075  43.950 0.5000000000
137748  16.101  7.897  44.184 0.7500000000
137757  38.038  8.628  43.471 1.0000000000
137758  33.633  8.899  43.870 0.5000000000
137783  32.961  8.528  42.472 0.5000000000
137784  32.673  8.442  42.010 0.3750000000
137786  25.262  8.411  42.179 0.1250000000
137796  42.224  8.521  41.346 0.8750000000
137798  32.153  8.451  40.872 0.3750000000
137806  43.558  8.464  40.186 0.8750000000
137810  31.514  8.452  40.025 0.1250000000
137820  31.657  8.769  39.842 0.1250000000
137831  45.111  8.718  38.233 1.0000000000
137833  30.876  8.693  39.074 0.1250000000
137834  30.425  8.496  38.815 0.1250000000
137835  29.959  8.352  38.575 0.1250000000
137836  27.988  7.753  38.453 0.1250000000
137845  45.012  7.888  38.275 1.0000000000
137847  29.598  8.493  38.170 0.1250000000
137857  45.945  8.480  37.233 1.0000000000
137858  45.735  8.125  37.433 1.0000000000
137859  38.118  8.933  36.784 0.1250000000
137873  39.189  8.888  36.334 0.1250000000
137874  38.405  8.870  36.495 0.1250000000
137875  37.649  8.674  36.244 0.1250000000
137876  36.813  8.561  36.234 0.1250000000
137887  47.380  8.661  35.246 0.7500000000
137888  47.109  8.481  35.490 0.7500000000
137889  39.958  8.906  35.782 0.1250000000
137890  39.649  8.873  35.972 0.1250000000
137895  35.865  8.279  35.433 0.1250000000
137902  39.971  8.806  35.498 0.1250000000
137924  36.136  7.948  34.229 0.1250000000
137937  46.997  7.951  32.992 0.2500000000
137977  37.249  7.975  31.493 0.1250000000
137979  35.949  7.692  31.457 0.1250000000
137990  39.279  8.831  31.174 0.1250000000
138003  38.662  8.956  30.268 0.1250000000
138015  37.037  8.803  29.370 0.1250000000
138040  45.747  8.903  26.464 0.1250000000
138042  44.648  8.665  26.997 0.1250000000
138050  44.738  8.525  26.299 0.1250000000
138056  46.660  8.422  25.086 0.2500000000
138059  45.095  8.465  25.857 0.1250000000
138065  46.759  8.294  24.468 0.1250000000
138067  45.810  8.338  25.060 0.1250000000
138072  46.665  8.155  23.823 0.1250000000
138076  47.975  8.933  22.695 0.1250000000
138077  47.511  8.723  22.495 0.1250000000
139164  5.793  9.566  56.703 0.7500000000
139169  5.709  9.286  55.584 0.7500000000
139173  5.842  9.731  55.434 0.7500000000
139178  5.259  9.353  54.318 0.7500000000
139179  4.787  9.186  53.993 0.7500000000
139181  16.376  9.150  53.596 0.7500000000
139184  4.651  9.638  53.584 0.7500000000
139191  4.988  9.317  51.183 0.8750000000
139197  4.876  8.707  51.061 0.8750000000
139205  7.215  9.428  49.294 0.7500000000
139206  34.121  8.710  47.947 1.0000000000
139207  33.884  8.788  47.966 0.7500000000
139210  8.055  9.824  48.457 0.7500000000
139213  34.697  8.896  47.254 0.7500000000
139215  33.593  8.925  47.516 0.7500000000
139220  35.335  9.156  46.453 0.8750000000
139226  8.917  9.846  46.964 0.7500000000
139231  33.731  9.202  46.424 0.7500000000
139238  36.077  9.396  45.434 0.8750000000
139239  35.871  8.764  45.544 1.0000000000
139241  33.323  8.649  45.451 0.6250000000
139248  37.327  9.271  44.137 0.8750000000
139250  33.853  9.132  44.780 0.6250000000
139256  38.140  9.249  43.473 0.8750000000
139257  33.887  9.182  44.048 0.6250000000
139262  9.635  9.008  44.266 0.7500000000
139264  40.548  9.148  42.466 0.8750000000
139266  33.888  9.347  43.409 0.5000000000
139299  43.151  9.425  40.572 1.0000000000
139300  33.093  9.343  40.803 0.3750000000
139301  32.513  9.198  40.397 0.2500000000
139302  31.970  9.043  39.972 0.1250000000
139308  44.416  9.197  39.183 1.0000000000
139322  31.336  9.550  38.922 0.1250000000
139333  45.855  9.111  37.517 1.0000000000
139334  45.531  9.289  37.912 1.0000000000
139336  38.383  9.314  37.763 0.1250000000
139339  35.928  9.512  37.582 0.1250000000
139342  30.084  9.147  38.016 0.1250000000
139354  40.052  9.384  37.033 0.1250000000
139356  38.747  9.200  37.270 0.1250000000
139362  33.879  9.518  36.570 0.1250000000
139372  46.860  9.023  36.067 1.0000000000
139377  39.618  9.082  36.558 0.1250000000
139378  38.995  9.055  36.814 0.1250000000
139380  36.247  8.684  36.451 0.1250000000
139392  19.138  8.850  36.490 0.3750000000
139398  41.004  9.172  35.592 0.1250000000
139400  39.936  9.048  36.225 0.1250000000
139408  41.812  9.324  34.398 0.2500000000
139448  46.624  8.699  31.936 0.1250000000
139460  47.840  9.831  31.381 0.5000000000
139464  41.037  9.757  31.470 0.1250000000
139479  38.929  9.087  30.372 0.1250000000
139496  45.872  9.370  28.822 0.1250000000
139518  45.437  9.131  27.775 0.1250000000
139531  45.585  9.037  27.104 0.1250000000
139540  49.428  9.418  25.211 0.5000000000
140589  6.156  10.091  57.808 0.7500000000
140594  5.931  10.177  57.143 0.7500000000
140615  16.099  9.675  54.381 0.7500000000
140617  5.858  10.398  54.340 0.7500000000
140635  3.818  10.815  51.120 0.7500000000
140638  7.354  10.215  49.756 0.7500000000
140648  34.542  9.289  47.161 0.8750000000
140649  34.187  9.266  47.227 0.7500000000
140654  34.599  9.652  46.695 0.8750000000
140655  34.135  9.444  46.827 0.7500000000
140659  8.845  10.082  47.480 0.7500000000
140660  35.920  10.032  45.732 0.8750000000
140666  9.424  10.014  46.345 0.7500000000
140669  34.139  9.583  45.364 0.7500000000
140673  9.976  10.100  45.516 0.7500000000
140674  9.668  9.964  45.932 0.7500000000
140686  38.248  10.098  43.627 1.0000000000
140692  10.382  9.945  44.346 0.7500000000
140695  39.981  10.001  42.742 1.0000000000
140700  41.895  9.931  41.617 1.0000000000
140732  43.921  10.195  39.733 0.8750000000
140734  38.908  10.348  39.173 0.1250000000
140735  38.559  10.412  39.141 0.2500000000
140742  45.124  9.904  38.534 1.0000000000
140749  35.967  10.404  38.448 0.2500000000
140750  35.544  10.511  38.273 0.2500000000
140751  31.231  9.959  38.506 0.1250000000
140756  16.664  9.831  39.114 0.5000000000
140770  30.997  10.243  38.070 0.1250000000
140776  17.650  9.400  37.657 0.3750000000
140780  46.211  9.773  37.247 1.0000000000
140783  41.121  9.764  37.020 0.1250000000
140785  39.957  9.662  37.544 0.1250000000
140786  35.203  9.779  37.507 0.1250000000
140800  17.620  9.722  37.585 0.3750000000
140805  41.984  9.775  36.112 0.2500000000
140806  41.452  9.640  36.471 0.2500000000
140815  21.579  9.825  36.701 0.2500000000
140823  47.196  9.565  35.770 0.7500000000
140860  43.252  10.806  32.923 0.3750000000
140874  48.500  9.998  32.250 0.7500000000
140875  42.662  10.622  32.280 0.3750000000
140877  41.717  9.976  31.902 0.3750000000
140884  47.896  9.947  31.060 0.5000000000
140887  40.952  9.928  31.164 0.1250000000
140897  47.707  10.000  30.500 0.3750000000
140899  41.113  10.279  30.971 0.1250000000
140911  46.510  9.794  29.354 0.1250000000
140913  39.717  10.098  30.051 0.1250000000
140947  46.880  9.520  27.460 0.1250000000
140956  49.782  10.301  27.129 0.6250000000
140959  47.529  9.416  26.797 0.5000000000
140968  49.186  9.416  25.883 0.5000000000
140972  49.765  9.604  25.383 0.5000000000
140977  49.916  9.700  24.568 0.5000000000
140982  49.493  9.639  23.212 0.5000000000
141940  6.125  10.663  57.508 0.7500000000
141983  4.817  10.852  50.762 0.7500000000
141984  4.095  11.040  50.805 0.7500000000
141992  8.231  10.777  49.013 0.7500000000
141993  7.823  10.752  49.424 0.7500000000
141999  8.905  10.611  47.963 0.7500000000
142002  9.483  10.828  47.042 0.7500000000
142003  35.478  10.529  45.621 0.8750000000
142005  34.685  10.243  45.437 0.7500000000
142010  34.764  10.373  45.025 0.7500000000
142014  37.440  10.537  44.047 0.8750000000
142018  34.915  10.524  44.383 0.6250000000
142021  39.170  10.636  43.125 1.0000000000
142024  37.447  11.100  43.974 0.8750000000
142030  40.670  10.253  42.333 1.0000000000
142033  35.505  11.285  42.993 0.5000000000
142034  35.055  10.910  42.745 0.5000000000
142036  15.060  10.968  43.246 0.6250000000
142040  40.688  10.607  42.344 0.8750000000
142042  34.172  10.241  41.617 0.3750000000
142052  42.101  10.617  41.398 0.8750000000
142065  42.949  10.630  40.704 1.0000000000
142066  33.614  10.904  40.470 0.3750000000
142068  32.488  10.163  39.742 0.1250000000
142073  15.882  10.834  40.824 0.3750000000
142076  44.761  11.329  39.299 0.8750000000
142077  44.238  10.846  39.629 0.8750000000
142084  36.988  11.118  39.471 0.2500000000
142091  21.771  11.115  39.739 0.1250000000
142101  38.350  10.451  39.124 0.2500000000
142108  31.727  10.631  38.659 0.1250000000
142118  41.430  10.515  38.045 0.1250000000
142120  35.323  10.599  38.186 0.1250000000
142122  34.336  11.030  37.869 0.1250000000
142133  42.746  10.697  37.062 0.3750000000
142134  42.190  10.447  37.262 0.2500000000
142135  34.620  10.429  37.734 0.1250000000
142150  46.902  10.734  36.473 1.0000000000
142171  43.197  10.440  35.732 0.2500000000
142199  48.577  10.732  33.887 1.0000000000
142200  44.198  11.453  33.939 0.7500000000
142216  48.755  10.490  33.333 0.8750000000
142217  43.552  11.119  32.937 0.6250000000
142229  43.356  11.233  32.442 0.3750000000
142237  42.668  11.093  31.722 0.3750000000
142238  42.202  10.808  31.523 0.3750000000
142239  41.795  10.558  31.311 0.3750000000
142290  49.573  10.602  27.818 0.6250000000
142302  50.693  10.577  27.119 0.7500000000
142452  50.733  10.851  19.773 0.5000000000
142453  50.319  10.733  19.973 0.5000000000
142467  50.774  10.784  19.174 0.5000000000
142477  52.355  11.331  18.110 0.6250000000
143398  5.280  11.851  52.978 0.7500000000
143411  4.913  11.324  50.455 0.7500000000
143413  3.729  11.595  50.529 0.7500000000
143425  9.169  11.551  47.979 0.7500000000
143428  9.735  11.803  47.089 0.7500000000
143440  36.019  11.363  44.024 0.7500000000
143445  38.409  11.456  43.559 0.8750000000
143447  37.075  11.696  43.927 1.0000000000
143454  36.158  12.033  42.900 0.6250000000
143455  35.756  11.739  42.704 0.6250000000
143482  34.550  11.381  41.229 0.3750000000
143483  34.188  11.023  41.032 0.3750000000
143493  43.032  11.365  40.759 0.8750000000
143500  36.709  12.060  40.027 0.2500000000
143503  33.478  11.299  40.159 0.1250000000
143532  45.314  11.910  38.906 0.8750000000
143533  43.328  12.310  38.615 0.7500000000
143536  41.576  11.265  38.902 0.3750000000
143537  36.311  11.429  39.388 0.2500000000
143539  35.216  11.585  38.678 0.2500000000
143540  32.219  11.085  38.939 0.1250000000
143541  31.940  11.150  38.647 0.1250000000
143543  21.808  11.330  39.083 0.2500000000
143549  46.472  12.080  37.645 1.0000000000
143552  43.561  12.202  38.224 0.7500000000
143555  34.797  11.519  38.352 0.2500000000
143557  33.882  11.600  37.874 0.1250000000
143558  31.591  11.115  38.273 0.1250000000
143569  44.016  12.120  37.685 0.7500000000
143572  34.032  11.209  37.779 0.1250000000
143580  20.750  11.654  37.183 0.2500000000
143593  33.083  11.046  37.033 0.1250000000
143612  44.927  12.191  35.484 0.7500000000
143650  44.538  11.812  33.973 0.7500000000
143663  44.340  11.912  33.337 0.7500000000
143672  43.670  11.726  32.423 0.3750000000
143682  49.667  11.696  31.337 0.7500000000
143683  43.406  11.869  31.894 0.3750000000
143695  49.950  11.714  30.728 0.7500000000
143696  49.751  11.428  30.891 0.7500000000
143697  42.583  11.740  31.155 0.3750000000
143699  41.446  11.234  30.599 0.1250000000
143707  50.391  11.703  29.945 0.7500000000
143715  50.680  11.595  29.348 0.7500000000
143724  51.497  11.693  28.223 0.8750000000
143725  51.215  11.590  28.507 0.7500000000
143727  44.302  11.909  27.747 0.2500000000
143739  51.645  11.505  27.770 0.8750000000
143894  52.156  11.663  20.948 0.8750000000
143940  53.178  12.104  18.185 0.6250000000
144808  6.428  12.293  56.896 0.7500000000
144810  11.964  12.499  56.176 0.6250000000
144824  13.487  12.314  54.605 0.6250000000
144826  12.781  12.793  55.298 0.6250000000
144831  12.841  12.730  53.900 0.6250000000
144833  5.562  12.586  53.878 0.7500000000
144882  7.582  11.856  49.529 0.7500000000
144895  7.888  11.978  49.290 0.7500000000
144906  8.777  12.048  48.540 0.7500000000
144912  9.436  12.189  47.525 0.7500000000
144923  10.478  12.171  45.626 0.7500000000
144936  38.847  12.004  43.387 0.8750000000
144939  36.878  12.201  43.403 0.7500000000
144947  40.533  12.410  42.655 0.8750000000
144965  42.432  12.877  41.564 0.8750000000
144970  35.797  12.225  42.122 0.6250000000
144981  43.243  12.750  40.990 0.8750000000
144984  40.374  13.031  41.058 0.7500000000
144985  40.045  12.932  41.077 0.7500000000
144990  35.489  12.287  41.661 0.5000000000
145007  38.211  12.313  40.619 0.3750000000
145010  36.130  12.545  39.998 0.3750000000
145011  34.624  11.993  40.900 0.3750000000
145026  43.017  12.810  39.452 0.8750000000
145028  41.605  12.360  39.915 0.7500000000
145029  36.358  12.148  39.856 0.2500000000
145032  33.877  12.157  40.128 0.1250000000
145048  42.345  12.175  39.310 0.6250000000
145050  34.720  12.156  38.712 0.2500000000
145061  8.152  13.136  38.508 0.5000000000
145064  46.523  12.489  37.518 0.8750000000
145069  34.141  11.935  38.217 0.2500000000
145087  45.015  12.720  37.037 0.7500000000
145099  18.449  12.088  37.281 0.2500000000
145159  48.945  11.946  33.347 0.8750000000
145171  44.947  12.828  33.266 0.7500000000
145179  49.661  12.616  31.656 0.8750000000
145195  43.850  12.885  31.669 0.5000000000
145209  50.448  12.506  30.243 0.7500000000
145222  50.722  12.171  29.749 0.7500000000
145231  51.382  12.394  28.827 0.8750000000
145247  51.606  12.032  28.381 0.8750000000
145297  48.414  12.769  25.290 0.2500000000
145315  53.579  12.702  24.265 0.7500000000
145383  53.975  12.502  19.833 0.6250000000
145384  53.786  12.249  19.419 0.6250000000
145447  51.568  12.216  16.416 0.3750000000
146229  12.956  12.709  54.502 0.6250000000
146283  6.802  12.474  49.664 0.7500000000
146299  8.285  12.362  48.911 0.7500000000
146302  6.035  13.148  49.289 0.7500000000
146303  5.188  13.104  49.169 0.7500000000
146322  4.817  13.456  48.740 0.7500000000
146324  3.780  13.943  48.609 0.6250000000
146351  9.294  13.384  47.115 0.6250000000
146374  10.234  13.433  45.372 0.6250000000
146384  15.277  13.549  43.828 0.2500000000
146400  10.706  12.971  43.554 0.6250000000
146401  40.874  13.094  42.620 0.8750000000
146407  36.402  12.606  42.382 0.6250000000
146420  42.333  13.146  41.541 0.8750000000
146423  39.931  13.532  41.781 0.7500000000
146424  39.403  13.462  41.993 0.7500000000
146429  35.711  12.507  41.721 0.5000000000
146439  43.168  13.199  40.893 0.8750000000
146446  38.204  13.108  41.452 0.5000000000
146458  7.594  13.031  40.167 0.3750000000
146464  40.905  13.264  41.055 0.7500000000
146477  6.333  13.518  39.595 0.2500000000
146480  43.523  13.110  39.532 0.8750000000
146482  42.491  13.172  40.130 0.8750000000
146485  33.976  12.509  39.759 0.1250000000
146486  33.506  12.444  39.455 0.1250000000
146492  7.146  13.202  38.606 0.3750000000
146495  5.009  13.295  39.277 0.1250000000
146498  45.691  13.118  38.337 0.8750000000
146503  33.965  12.708  39.123 0.1250000000
146509  16.798  13.085  39.001 0.1250000000
146510  8.514  13.183  37.788 0.3750000000
146522  44.654  13.013  38.105 0.7500000000
146534  6.825  13.272  37.652 0.1250000000
146557  47.071  12.862  36.519 1.0000000000
146558  46.024  13.482  36.255 0.7500000000
146580  47.982  12.810  34.913 1.0000000000
146606  49.628  12.899  31.744 0.8750000000
146608  45.112  13.548  32.613 0.7500000000
146621  49.781  13.045  31.460 0.8750000000
146639  50.206  12.882  30.664 0.7500000000
146643  43.016  12.874  30.439 0.5000000000
146653  50.395  13.294  30.419 0.8750000000
146678  51.874  12.727  28.234 0.8750000000
146679  51.611  12.860  28.546 0.8750000000
146689  51.787  13.141  28.154 0.8750000000
146766  54.395  13.382  22.287 0.6250000000
147637  4.085  14.395  51.083 0.7500000000
147662  3.508  14.866  48.861 0.6250000000
147672  7.338  13.942  48.369 0.7500000000
147678  3.533  14.756  48.579 0.6250000000
147690  4.482  14.410  47.833 0.6250000000
147692  3.581  14.689  48.171 0.6250000000
147750  39.912  13.677  42.547 0.7500000000
147758  41.029  13.798  42.291 0.7500000000
147760  39.822  13.669  42.145 0.7500000000
147766  41.797  13.747  41.803 0.7500000000
147767  41.390  13.834  41.729 0.7500000000
147768  40.845  13.833  41.697 0.7500000000
147772  16.129  14.195  40.685 0.1250000000
147779  20.763  14.777  40.308 0.1250000000
147787  6.544  13.597  39.754 0.2500000000
147794  9.068  14.884  39.446 0.3750000000
147806  19.873  14.394  38.614 0.1250000000
147813  20.237  13.815  38.306 0.1250000000
147819  46.630  13.522  36.709 0.8750000000
147820  46.480  13.554  36.902 0.8750000000
147824  47.234  13.769  36.055 0.8750000000
147825  46.868  13.562  36.373 1.0000000000
147832  46.389  13.880  36.028 0.7500000000
147835  48.257  13.564  34.290 0.8750000000
147854  46.695  14.535  33.850 0.7500000000
147867  49.166  14.002  32.594 0.8750000000
147900  48.663  14.615  30.474 0.7500000000
147905  44.651  13.697  31.322 0.5000000000
147913  50.820  13.263  29.714 0.7500000000
147936  48.757  13.627  28.613 0.6250000000
147976  53.753  13.225  24.116 0.7500000000
147992  54.409  13.596  22.600 0.6250000000
148005  54.275  14.182  22.448 0.6250000000
148901  10.437  15.117  51.555 0.6250000000
148902  10.176  15.496  51.572 0.5000000000
148908  10.776  14.957  50.848 0.5000000000
148919  11.794  14.476  49.874 0.2500000000
148935  3.483  15.118  49.076 0.6250000000
148936  3.422  15.156  48.655 0.6250000000
148945  6.686  14.538  48.004 0.7500000000
148957  8.314  14.590  47.102 0.6250000000
148962  4.724  14.783  47.484 0.6250000000
148963  4.111  14.869  47.440 0.6250000000
148972  9.098  14.555  46.278 0.6250000000
148973  8.631  14.782  46.638 0.6250000000
148994  9.554  14.894  45.160 0.6250000000
149050  4.537  14.357  39.431 0.1250000000
149055  18.913  14.862  38.677 0.1250000000
149056  18.164  14.802  38.751 0.1250000000
149059  8.779  15.657  38.829 0.3750000000
149081  47.759  14.375  34.588 0.8750000000
149082  47.602  14.378  34.791 0.7500000000
149088  48.277  14.497  33.754 0.8750000000
149089  47.970  14.473  34.207 0.8750000000
149099  47.139  14.798  33.828 0.7500000000
149115  46.726  14.667  33.331 0.7500000000
149132  46.801  14.774  32.771 0.7500000000
149144  49.350  14.639  30.577 0.7500000000
149154  49.197  14.581  30.233 0.7500000000
149190  53.598  14.382  23.259 0.5000000000
149191  53.338  14.386  23.235 0.5000000000
149229  54.808  15.394  18.918 0.5000000000
149290  53.409  14.422  16.125 0.3750000000
149312  53.618  15.032  13.245 0.2500000000
150113  5.649  15.499  54.796 0.7500000000
150118  10.365  15.481  53.392 0.6250000000
150126  10.258  15.363  52.773 0.6250000000
150133  10.166  15.459  52.315 0.6250000000
150136  4.374  15.197  51.480 0.7500000000
150142  4.417  15.671  51.343 0.6250000000
150149  4.014  15.557  50.338 0.6250000000
150158  10.107  16.330  50.065 0.3750000000
150159  3.843  15.823  49.823 0.6250000000
150171  10.807  16.021  49.184 0.2500000000
150173  3.387  15.468  48.332 0.6250000000
150184  11.333  15.812  48.609 0.2500000000
150187  3.385  15.574  47.821 0.6250000000
150194  12.623  15.355  47.741 0.2500000000
150201  4.120  15.210  47.089 0.6250000000
150202  3.756  15.537  47.182 0.6250000000
150207  13.367  15.140  47.044 0.2500000000
150214  5.756  15.568  47.037 0.6250000000
150215  5.094  15.642  46.898 0.6250000000
150223  9.219  15.155  45.392 0.6250000000
150249  9.989  15.358  43.186 0.3750000000
150273  19.923  15.909  40.014 0.1250000000
150293  8.907  16.136  38.778 0.3750000000
150304  7.744  16.287  38.184 0.2500000000
150432  53.918  15.328  20.825 0.2500000000
151348  5.581  16.731  54.954 0.6250000000
151382  9.790  16.701  50.280 0.3750000000
151384  4.603  16.610  50.716 0.6250000000
151393  3.844  16.155  49.469 0.6250000000
151417  10.940  16.533  48.350 0.2500000000
151419  3.375  16.094  47.839 0.6250000000
151433  3.453  16.466  47.640 0.6250000000
151443  12.754  15.995  46.662 0.2500000000
151447  6.950  16.092  46.504 0.6250000000
151448  6.207  16.179  46.661 0.6250000000
151452  3.733  16.356  46.831 0.6250000000
151464  3.949  16.674  46.391 0.6250000000
151465  3.694  16.727  46.531 0.6250000000
151473  12.531  16.980  45.683 0.1250000000
151483  13.167  16.895  45.010 0.1250000000
151509  9.701  16.959  41.774 0.3750000000
151535  9.456  16.599  39.316 0.3750000000
151541  8.298  16.668  38.281 0.2500000000
151548  7.870  16.722  38.104 0.2500000000
151698  53.293  16.078  18.402 0.1250000000
151714  52.892  16.582  17.555 0.1250000000
151803  55.445  16.787  12.415 0.3750000000
152633  9.576  16.750  52.192 0.6250000000
152647  4.586  16.761  50.476 0.6250000000
152653  9.544  17.307  50.123 0.3750000000
152661  10.130  17.229  49.001 0.2500000000
152662  4.302  17.088  49.057 0.6250000000
152671  10.602  17.311  48.174 0.2500000000
152674  3.936  17.082  48.371 0.6250000000
152687  3.430  16.611  47.374 0.6250000000
152700  11.263  17.304  47.169 0.2500000000
152701  3.536  17.236  46.701 0.6250000000
152702  3.454  16.711  47.045 0.6250000000
152713  11.873  17.360  46.266 0.2500000000
152718  4.164  17.166  46.109 0.6250000000
152728  8.031  17.136  44.739 0.6250000000
152765  9.500  17.367  41.803 0.3750000000
152775  9.556  17.655  41.449 0.5000000000
152794  8.571  17.020  38.346 0.3750000000
152803  7.557  17.198  37.977 0.2500000000
153092  55.454  17.150  12.625 0.3750000000
153936  7.779  17.663  56.580 0.6250000000
153988  9.573  17.671  49.685 0.2500000000
153991  4.833  17.475  49.797 0.5000000000
153997  9.487  17.905  49.684 0.2500000000
154010  5.013  18.389  48.386 0.5000000000
154024  10.280  18.046  48.162 0.1250000000
154025  4.390  18.261  47.732 0.5000000000
154050  5.004  17.767  45.792 0.6250000000
154064  12.785  17.627  44.907 0.1250000000
154071  4.237  17.950  45.774 0.6250000000
154083  12.748  17.852  44.848 0.1250000000
154095  8.092  18.612  43.882 0.6250000000
154476  55.424  17.413  12.856 0.3750000000
155325  7.585  18.891  56.695 0.5000000000
155332  9.276  19.353  54.765 0.5000000000
155389  5.763  19.176  49.689 0.5000000000
155396  9.367  18.283  49.712 0.2500000000
155405  4.936  18.572  48.069 0.5000000000
155416  5.010  18.997  47.806 0.5000000000
155418  4.259  18.474  47.395 0.5000000000
155432  4.310  18.856  47.093 0.5000000000
155446  3.891  18.645  46.050 0.5000000000
155460  6.611  18.601  44.945 0.6250000000
155482  5.442  19.283  44.952 0.5000000000
155522  9.346  18.805  41.866 0.6250000000
155528  9.284  18.297  41.899 0.5000000000
155810  54.165  19.396  14.387 0.2500000000
155873  53.511  18.570  9.405 0.1250000000
156681  6.930  19.897  56.654 0.5000000000
156723  8.759  19.493  52.399 0.5000000000
156730  8.685  19.501  52.160 0.5000000000
156731  5.566  19.424  50.919 0.5000000000
156738  5.597  19.617  50.611 0.5000000000
156739  5.524  19.878  50.790 0.5000000000
156754  5.825  19.703  49.325 0.5000000000
156755  5.778  19.443  48.987 0.5000000000
156772  5.227  19.573  47.681 0.5000000000
156787  4.199  19.040  46.686 0.5000000000
156799  4.224  19.357  46.126 0.5000000000
156813  4.301  19.524  45.410 0.5000000000
156831  6.568  19.668  44.583 0.5000000000
156833  5.285  19.820  44.845 0.5000000000
156834  4.760  19.644  45.093 0.5000000000
157149  53.418  19.486  14.416 0.1250000000
157154  53.889  19.700  14.093 0.1250000000
157163  53.393  20.006  13.689 0.1250000000
157203  54.342  19.387  10.211 0.1250000000
157213  53.754  19.392  9.323 0.1250000000
157991  6.502  20.691  56.607 0.3750000000
158036  8.719  19.671  52.342 0.3750000000
158044  8.680  19.737  52.104 0.5000000000
158059  5.614  20.602  50.304 0.5000000000
158095  4.862  19.952  46.709 0.5000000000
158128  4.413  20.016  45.648 0.5000000000
158185  10.227  20.517  41.043 0.5000000000
158515  53.994  20.334  13.113 0.1250000000
158522  54.460  20.178  12.573 0.3750000000
158523  54.126  20.531  12.692 0.1250000000
158552  54.584  20.242  11.240 0.1250000000
159311  3.762  21.819  55.449 0.5000000000
159361  4.693  21.247  52.164 0.5000000000
159381  5.658  20.678  50.088 0.5000000000
159406  5.746  20.719  49.262 0.5000000000
159433  5.826  21.818  46.789 0.5000000000
159463  5.162  20.876  45.811 0.5000000000
159480  6.782  20.923  44.332 0.3750000000
159891  54.441  20.385  12.329 0.2500000000
159892  54.312  20.596  12.328 0.2500000000
160665  9.762  22.210  56.337 0.2500000000
160667  7.120  21.953  56.565 0.2500000000
160672  9.491  21.536  55.478 0.3750000000
160673  6.067  22.441  55.863 0.2500000000
160715  4.749  21.595  51.678 0.5000000000
160816  6.712  22.484  45.669 0.5000000000
160817  6.038  21.880  45.800 0.5000000000
160844  8.388  22.196  43.875 0.3750000000
160864  10.249  21.551  41.812 0.5000000000
160898  11.475  22.381  39.526 0.2500000000
160942  11.248  21.636  37.397 0.1250000000
162110  9.790  22.904  56.829 0.2500000000
162113  8.246  22.535  56.951 0.2500000000
162122  6.510  22.655  55.751 0.2500000000
162130  9.488  22.207  54.558 0.3750000000
162151  3.085  23.578  54.209 0.5000000000
162157  3.757  22.292  52.785 0.5000000000
162167  3.680  23.208  52.364 0.5000000000
162226  6.511  23.246  47.615 0.5000000000
162242  7.235  23.154  45.999 0.5000000000
162255  7.361  22.946  45.500 0.3750000000
162271  7.954  22.814  44.722 0.3750000000
162272  7.488  22.684  44.983 0.3750000000
162289  8.148  22.480  44.288 0.3750000000
162305  8.963  22.542  43.566 0.3750000000
162333  11.371  23.158  40.525 0.2500000000
163537  10.387  23.893  56.000 0.2500000000
163557  3.656  23.557  55.430 0.2500000000
163566  7.548  23.740  54.350 0.1250000000
163567  6.818  23.662  54.139 0.1250000000
163665  7.175  23.512  46.565 0.5000000000
163712  10.500  23.883  42.316 0.3750000000
164954  10.496  24.285  55.989 0.1250000000
164959  8.981  24.575  55.505 0.1250000000
164966  5.013  24.322  54.433 0.2500000000
164973  10.681  24.348  53.763 0.1250000000
164974  8.888  24.835  54.338 0.1250000000
164977  5.801  24.491  53.653 0.2500000000
164980  2.846  24.646  54.563 0.3750000000
164985  10.114  23.746  52.612 0.1250000000
164986  8.170  24.546  53.192 0.1250000000
164989  6.101  24.796  53.113 0.2500000000
164996  10.168  23.895  52.144 0.1250000000
164998  7.809  24.663  52.733 0.2500000000
165000  6.557  24.862  52.708 0.2500000000
165013  10.423  24.188  50.714 0.1250000000
165014  3.897  24.321  50.784 0.3750000000
165066  8.045  24.598  46.348 0.3750000000
165068  7.323  24.187  47.083 0.5000000000
165075  8.171  24.315  45.868 0.5000000000
165076  7.834  24.136  46.198 0.5000000000
165092  8.661  23.969  44.821 0.3750000000
165116  10.455  24.694  42.092 0.2500000000
165138  11.434  24.301  39.713 0.1250000000
165139  11.166  24.826  40.009 0.1250000000
165145  11.461  24.241  38.973 0.1250000000
165161  11.374  24.132  37.503 0.1250000000
165183  6.277  25.056  34.980 0.1250000000
165184  5.937  25.129  34.891 0.1250000000
165191  6.551  24.988  34.550 0.1250000000
166273  9.692  25.344  55.689 0.1250000000
166275  11.210  25.555  55.214 0.1250000000
166285  11.425  25.599  54.513 0.1250000000
166298  8.440  24.842  52.954 0.1250000000
166299  5.724  25.395  53.037 0.2500000000
166308  8.903  25.430  52.309 0.1250000000
166320  8.534  25.487  51.857 0.1250000000
166342  11.114  24.891  50.621 0.1250000000
166343  4.326  25.255  49.829 0.3750000000
166395  9.015  24.982  44.696 0.3750000000
166427  10.478  25.174  41.606 0.2500000000
166449  10.342  25.712  39.844 0.1250000000
166461  9.594  25.719  37.197 0.1250000000
166463  5.183  25.317  36.793 0.1250000000
166465  3.771  25.528  37.187 0.1250000000
166478  3.754  25.188  36.551 0.1250000000
166488  4.687  25.008  35.468 0.1250000000
166489  3.759  25.228  35.626 0.1250000000
166492  6.056  25.234  34.472 0.1250000000
166493  5.642  25.203  34.645 0.1250000000
166502  5.259  25.411  34.364 0.1250000000
167543  10.089  25.532  55.964 0.1250000000
167544  11.081  25.876  55.476 0.1250000000
167545  10.570  25.834  55.850 0.1250000000
167547  3.778  26.573  55.480 0.2500000000
167549  3.060  26.364  55.262 0.2500000000
167552  9.493  25.580  54.116 0.1250000000
167559  12.298  26.821  54.044 0.1250000000
167564  4.491  26.170  54.634 0.2500000000
167565  2.932  25.919  54.055 0.2500000000
167571  12.018  26.226  53.421 0.1250000000
167572  9.849  26.134  53.148 0.1250000000
167575  5.327  26.225  53.326 0.2500000000
167582  12.359  26.498  52.937 0.1250000000
167585  9.224  25.821  52.077 0.1250000000
167586  6.281  25.679  52.237 0.2500000000
167588  5.499  26.506  52.980 0.2500000000
167591  18.634  26.071  51.598 0.1250000000
167598  11.795  25.658  51.864 0.1250000000
167600  8.917  25.846  51.526 0.1250000000
167602  7.480  25.860  51.343 0.1250000000
167604  6.035  26.532  52.144 0.1250000000
167611  12.883  26.121  51.066 0.1250000000
167614  9.219  26.193  51.117 0.1250000000
167618  6.808  26.706  51.293 0.1250000000
167637  6.394  25.879  48.450 0.5000000000
167645  7.437  25.910  47.437 0.3750000000
167668  9.091  25.492  44.411 0.3750000000
167696  9.615  25.922  42.701 0.2500000000
167704  9.604  26.160  42.124 0.2500000000
167712  10.094  25.866  41.124 0.2500000000
167713  9.596  26.294  41.503 0.2500000000
167722  10.398  25.683  40.460 0.1250000000
167731  9.324  26.454  40.014 0.1250000000
167737  5.190  26.140  38.365 0.1250000000
167739  4.079  26.260  38.599 0.1250000000
167741  3.329  26.739  38.606 0.1250000000
167750  4.842  25.969  37.981 0.1250000000
167751  4.224  26.037  38.060 0.1250000000
167753  3.302  26.643  38.199 0.1250000000
167755  9.654  25.783  37.425 0.1250000000
167756  9.247  25.915  37.313 0.1250000000
167763  3.758  25.930  37.617 0.1250000000
167764  3.195  26.281  37.487 0.1250000000
167769  8.087  25.953  36.830 0.1250000000
167771  6.477  25.593  36.686 0.1250000000
167777  4.436  25.739  34.378 0.1250000000
168751  10.430  26.134  55.544 0.1250000000
168753  3.641  26.984  55.546 0.2500000000
168754  3.189  26.889  55.399 0.2500000000
168760  2.968  26.702  54.943 0.2500000000
168766  5.080  26.840  53.884 0.1250000000
168767  4.723  26.585  54.372 0.1250000000
168778  3.274  26.547  53.233 0.2500000000
168780  18.857  26.424  52.490 0.1250000000
168784  13.694  26.910  51.960 0.1250000000
168789  5.819  26.826  52.428 0.1250000000
168793  18.483  26.590  51.539 0.1250000000
168799  10.717  26.941  52.091 0.1250000000
168820  8.979  26.950  50.044 0.1250000000
168822  7.854  27.646  50.116 0.1250000000
168844  7.189  27.157  46.864 0.3750000000
168847  8.550  26.133  45.182 0.3750000000
168858  8.181  27.237  44.130 0.3750000000
168865  9.281  26.252  42.919 0.2500000000
168882  8.071  27.040  41.479 0.1250000000
168891  7.163  27.153  40.882 0.1250000000
168894  5.060  27.189  40.641 0.1250000000
168907  4.631  27.016  40.216 0.1250000000
168921  4.290  26.770  39.610 0.1250000000
168926  8.328  26.716  39.347 0.1250000000
168927  7.768  26.748  39.088 0.1250000000
168928  6.965  26.752  39.063 0.1250000000
168929  6.196  26.625  39.002 0.1250000000
168932  3.906  26.557  39.110 0.1250000000
168933  3.473  26.833  38.972 0.1250000000
168939  5.930  26.355  38.431 0.1250000000
169962  3.987  27.543  55.604 0.2500000000
169970  3.041  27.162  54.591 0.2500000000
169974  11.246  27.479  53.875 0.1250000000
169976  3.208  27.675  54.196 0.2500000000
169980  17.188  27.522  52.989 0.1250000000
169988  5.520  27.969  53.198 0.1250000000
169992  18.668  27.054  52.785 0.1250000000
170010  6.442  27.734  51.520 0.1250000000
170013  17.814  27.416  50.996 0.1250000000
170033  9.888  27.788  49.319 0.1250000000
170034  9.198  27.867  49.373 0.1250000000
170035  8.760  27.939  49.466 0.1250000000
170045  6.445  27.515  47.271 0.2500000000
170051  6.775  27.532  46.783 0.3750000000
170060  6.962  27.794  45.241 0.2500000000
170080  5.742  28.312  43.548 0.2500000000
170096  7.788  27.228  41.795 0.1250000000
170101  4.409  28.296  42.319 0.2500000000
170109  7.441  27.240  41.420 0.1250000000
170114  3.625  28.357  41.373 0.1250000000
170121  4.093  27.391  40.665 0.1250000000
170133  3.759  27.224  40.094 0.1250000000
170142  3.378  27.800  38.975 0.1250000000
170151  4.165  28.071  37.728 0.1250000000
170153  3.394  27.610  38.369 0.1250000000
171176  4.698  28.409  55.098 0.1250000000
171179  4.925  28.204  54.686 0.1250000000
171184  12.389  27.902  54.150 0.1250000000
171186  5.226  28.291  54.061 0.1250000000
171191  16.107  28.275  52.941 0.1250000000
171195  12.891  28.398  53.475 0.1250000000
171200  18.042  28.155  51.991 0.1250000000
171201  17.530  28.567  52.408 0.1250000000
171214  6.250  28.462  51.957 0.1250000000
171230  8.308  28.700  49.587 0.1250000000
171231  7.931  28.654  49.923 0.1250000000
171232  3.821  28.663  49.840 0.1250000000
171236  13.158  28.993  49.482 0.1250000000
171239  10.975  28.308  48.955 0.1250000000
171240  10.182  28.391  48.910 0.1250000000
171241  9.487  28.361  49.071 0.1250000000
171246  11.675  28.805  48.689 0.1250000000
171254  5.203  28.289  47.569 0.2500000000
171263  6.095  28.228  46.151 0.2500000000
171264  5.495  28.576  46.322 0.2500000000
171267  6.495  28.094  45.312 0.2500000000
171268  6.029  28.358  45.380 0.2500000000
171277  5.047  28.982  44.571 0.2500000000
171283  6.113  28.267  44.133 0.2500000000
171337  3.760  28.804  39.024 0.1250000000
171351  3.958  28.596  38.568 0.1250000000
171352  3.537  28.268  38.842 0.1250000000
171365  4.110  28.276  38.028 0.1250000000
172347  4.269  28.758  55.494 0.2500000000
172348  3.846  28.895  55.437 0.2500000000
172349  5.249  29.231  54.690 0.2500000000
172351  3.616  29.011  54.926 0.2500000000
172355  16.381  28.620  52.961 0.1250000000
172356  15.979  28.851  53.065 0.1250000000
172362  17.114  28.819  52.524 0.1250000000
172368  6.334  29.523  52.514 0.1250000000
172371  17.093  28.980  52.147 0.1250000000
172373  15.735  29.413  51.684 0.1250000000
172378  6.193  28.868  52.321 0.1250000000
172380  16.976  29.010  51.484 0.1250000000
172384  14.235  29.194  50.450 0.1250000000
172386  7.272  29.150  50.604 0.1250000000
172392  14.593  29.470  50.127 0.1250000000
172396  7.688  29.324  50.164 0.1250000000
172398  3.758  28.914  50.152 0.1250000000
172410  12.730  29.477  48.624 0.1250000000
172411  12.201  29.419  48.455 0.1250000000
172412  11.548  29.276  48.416 0.1250000000
172415  9.384  29.655  48.765 0.1250000000
172421  5.177  28.821  46.438 0.2500000000
172439  4.720  29.339  44.482 0.2500000000
172469  3.378  29.198  40.600 0.1250000000
172484  3.771  29.540  39.706 0.1250000000
172485  3.519  29.225  39.870 0.1250000000
172501  4.481  29.359  39.124 0.1250000000
172502  3.966  29.172  39.219 0.1250000000
172518  5.595  29.232  38.466 0.1250000000
172533  4.912  28.736  38.234 0.1250000000
173407  4.611  29.135  55.326 0.2500000000
173420  6.272  29.780  52.955 0.1250000000
173423  3.900  30.290  50.846 0.2500000000
173424  3.813  30.075  51.152 0.2500000000
173426  15.449  29.622  50.358 0.1250000000
173429  7.141  30.184  51.169 0.1250000000
173430  3.876  30.013  50.439 0.1250000000
173432  15.849  29.596  50.137 0.1250000000
173442  13.126  29.790  48.636 0.1250000000
173443  8.905  29.886  49.088 0.1250000000
173444  8.435  29.990  49.472 0.1250000000
173451  10.325  29.947  48.416 0.1250000000
173452  9.695  30.003  48.628 0.1250000000
173453  9.298  30.132  48.872 0.1250000000
173471  4.491  29.958  44.777 0.2500000000
173486  4.193  29.848  43.015 0.2500000000
173520  4.328  30.294  40.041 0.1250000000
173537  6.662  30.434  39.110 0.1250000000
173540  4.587  29.865  39.544 0.1250000000
173561  5.193  29.534  38.993 0.1250000000
173578  6.393  29.625  38.301 0.1250000000
174492  3.762  30.403  54.188 0.2500000000
174495  3.922  30.903  54.041 0.2500000000
174497  6.608  30.716  53.331 0.1250000000
174502  3.903  31.257  51.406 0.2500000000
174508  8.058  31.013  50.576 0.1250000000
174510  7.293  30.485  51.169 0.1250000000
174513  8.274  30.645  49.989 0.1250000000
174519  9.591  31.041  48.975 0.1250000000
174579  3.578  30.816  42.204 0.1250000000
174589  3.601  30.763  41.459 0.2500000000
174604  5.043  30.892  40.391 0.1250000000
174606  3.795  30.606  40.834 0.2500000000
174619  7.250  30.949  39.367 0.1250000000
174622  5.260  30.509  39.859 0.1250000000
174641  6.941  30.600  39.068 0.1250000000
175592  8.215  31.796  51.199 0.1250000000
175593  7.820  31.407  51.460 0.1250000000
175600  9.106  31.494  49.652 0.1250000000
175601  8.644  31.325  50.003 0.1250000000
175603  10.618  31.656  48.742 0.1250000000
175605  9.469  31.320  49.206 0.1250000000
175606  4.487  31.567  48.756 0.1250000000
175611  12.349  31.335  48.262 0.1250000000
175612  11.656  31.254  48.308 0.1250000000
175613  10.987  31.182  48.425 0.1250000000
175621  4.808  31.385  47.417 0.1250000000
175641  4.633  31.187  45.364 0.1250000000
175647  4.480  31.223  44.677 0.1250000000
175668  5.659  32.002  41.815 0.1250000000
175671  3.685  31.520  42.524 0.1250000000
175679  7.173  31.837  40.956 0.1250000000
175682  5.212  31.659  41.379 0.1250000000
175697  7.383  31.608  40.356 0.1250000000
175700  5.476  31.325  40.799 0.1250000000
175713  7.045  31.140  39.966 0.1250000000
176639  9.002  32.817  52.029 0.1250000000
176648  8.658  32.148  50.892 0.1250000000
176650  10.612  32.603  49.509 0.1250000000
176651  10.004  32.406  49.737 0.1250000000
176652  9.399  32.172  49.970 0.1250000000
176662  13.311  32.073  48.333 0.1250000000
176690  4.550  32.275  45.380 0.1250000000
176710  6.523  32.616  42.735 0.1250000000
176714  4.098  32.097  43.581 0.1250000000
176722  6.093  32.339  42.250 0.1250000000
176725  3.954  32.173  42.845 0.1250000000
176730  8.002  32.572  41.110 0.1250000000
176731  7.493  32.324  41.328 0.1250000000
176743  8.158  32.396  40.497 0.1250000000
176757  8.313  32.269  39.880 0.1250000000
177646  9.561  33.079  51.748 0.1250000000
177653  12.836  33.393  49.381 0.1250000000
177659  14.515  33.386  48.757 0.1250000000
177662  12.509  32.949  49.036 0.1250000000
177663  11.858  32.873  49.140 0.1250000000
177664  11.223  32.767  49.297 0.1250000000
177676  4.448  32.821  47.837 0.1250000000
177685  4.420  33.104  47.242 0.1250000000
177691  4.623  32.311  46.493 0.1250000000
177698  4.613  32.136  46.073 0.1250000000
177705  6.515  33.514  44.414 0.1250000000
177706  5.903  33.435  44.521 0.1250000000
177717  5.449  33.136  44.047 0.1250000000
177725  7.457  33.252  43.017 0.1250000000
177726  6.910  33.016  43.191 0.1250000000
177729  4.960  32.931  43.579 0.1250000000
177736  7.639  33.047  42.358 0.1250000000
177741  8.277  33.102  41.453 0.1250000000
177766  8.778  33.269  40.035 0.1250000000
178686  7.574  33.940  53.509 0.2500000000
178693  7.553  34.167  53.458 0.1250000000
178704  11.226  33.930  51.526 0.1250000000
178705  10.627  33.774  51.813 0.1250000000
178710  11.281  33.736  50.864 0.1250000000
178713  13.774  34.027  49.543 0.1250000000
178715  12.568  33.742  49.834 0.1250000000
178718  3.876  34.549  49.551 0.2500000000
178720  14.111  33.708  49.143 0.1250000000
178733  4.303  33.125  48.248 0.1250000000
178741  4.264  33.546  47.410 0.1250000000
178748  6.485  34.238  45.985 0.1250000000
178750  5.858  34.253  46.021 0.1250000000
178761  6.181  34.015  45.569 0.1250000000
178762  5.609  34.085  45.716 0.1250000000
178764  4.392  33.430  46.128 0.1250000000
178770  7.713  34.357  44.522 0.1250000000
178771  7.393  34.196  44.801 0.1250000000
178783  7.064  33.713  44.284 0.1250000000
178788  8.186  34.178  43.313 0.1250000000
178801  8.794  33.989  41.398 0.1250000000
178802  8.525  33.664  41.756 0.1250000000
178811  8.907  33.820  40.684 0.1250000000
178843  8.856  33.982  39.267 0.1250000000
179767  6.889  34.258  53.567 0.2500000000
179796  3.877  34.966  49.209 0.2500000000
179800  4.252  35.186  48.040 0.1250000000
179810  5.890  34.974  47.479 0.1250000000
179811  5.306  34.990  47.483 0.1250000000
179822  7.140  34.926  46.760 0.1250000000
179824  6.145  34.718  46.974 0.1250000000
179826  4.846  34.708  47.080 0.1250000000
179838  5.780  34.440  46.356 0.1250000000
179848  7.840  34.853  45.266 0.1250000000
179849  7.541  34.641  45.512 0.1250000000
179850  7.162  34.457  45.786 0.1250000000
179851  5.639  34.266  46.034 0.1250000000
179852  5.383  34.286  46.050 0.1250000000
179868  8.261  34.807  43.913 0.1250000000
179882  8.878  34.427  41.692 0.1250000000
179924  8.624  35.044  39.654 0.1250000000
179936  8.737  34.520  39.227 0.1250000000
180881  6.253  35.919  48.772 0.1250000000
180884  4.293  35.570  48.731 0.2500000000
180892  4.282  35.422  48.341 0.2500000000
180895  7.333  35.639  47.549 0.1250000000
180899  5.159  35.208  47.794 0.1250000000
180909  7.732  35.687  46.858 0.1250000000
180911  7.094  35.167  47.153 0.1250000000
180921  7.726  35.107  46.080 0.1250000000
180982  8.808  35.492  41.943 0.1250000000
180995  8.760  35.693  41.169 0.1250000000
181010  8.903  35.222  40.673 0.1250000000
181011  8.594  35.631  40.365 0.1250000000
181937  5.452  36.595  50.300 0.2500000000
181942  6.699  36.755  49.444 0.1250000000
181943  6.483  36.604  49.561 0.2500000000
181949  6.753  36.553  49.193 0.1250000000
181951  5.654  36.101  49.237 0.2500000000
181957  6.987  36.149  48.479 0.1250000000
181958  6.576  35.995  48.672 0.1250000000
181962  7.755  36.291  47.522 0.1250000000
181964  7.144  35.888  48.035 0.1250000000
181974  7.625  35.836  47.313 0.1250000000
182015  8.563  36.224  42.614 0.1250000000
182872  6.506  37.247  50.244 0.1250000000
182873  6.118  37.082  50.433 0.1250000000
182874  5.625  36.795  50.622 0.2500000000
182878  7.165  37.344  49.461 0.1250000000
182887  7.879  37.065  48.066 0.1250000000
182888  7.590  36.830  48.412 0.1250000000
182889  7.240  36.534  48.636 0.1250000000
182893  7.691  36.539  47.978 0.1250000000
182934  8.437  36.923  43.174 0.1250000000
182953  7.885  37.317  41.394 0.1250000000
182966  7.606  37.304  40.904 0.1250000000
182967  7.215  37.483  40.647 0.1250000000
182982  7.436  37.044  40.196 0.1250000000
183833  6.559  38.118  50.910 0.1250000000
183848  7.993  37.987  48.562 0.1250000000
183852  8.059  37.619  48.049 0.1250000000
183884  8.101  38.178  43.461 0.1250000000
183914  7.499  37.782  41.560 0.1250000000
183915  7.098  37.959  41.341 0.1250000000
183926  6.820  37.858  40.883 0.1250000000
183927  6.308  38.011  40.757 0.1250000000
183936  6.484  37.705  40.421 0.1250000000
183939  4.830  38.115  40.292 0.1250000000
184806  7.074  38.497  50.616 0.1250000000
184811  8.022  38.386  48.883 0.1250000000
184815  8.246  38.467  46.683 0.1250000000
184817  8.136  38.670  45.823 0.1250000000
184835  8.107  38.289  44.109 0.1250000000
184842  8.107  38.226  43.702 0.1250000000
184849  7.462  38.563  42.748 0.1250000000
184850  7.069  38.939  42.885 0.1250000000
184859  7.229  38.267  42.032 0.1250000000
184861  6.356  39.137  42.361 0.1250000000
184869  6.733  38.317  41.557 0.1250000000
184872  4.989  39.275  41.989 0.1250000000
184881  6.147  38.351  41.195 0.1250000000
184884  4.078  39.168  41.521 0.1250000000
184892  5.069  38.303  40.647 0.1250000000
184910  3.232  39.238  40.100 0.1250000000
184921  3.736  38.972  38.620 0.1250000000
184922  3.308  39.321  39.397 0.1250000000
185807  8.104  39.541  48.312 0.1250000000
185830  6.868  39.911  44.547 0.1250000000
185837  6.220  39.992  43.978 0.1250000000
185846  5.604  40.033  43.460 0.1250000000
185854  6.486  39.221  42.618 0.1250000000
185858  4.201  40.309  42.876 0.1250000000
185866  5.696  39.204  42.164 0.1250000000
185867  5.343  39.429  42.300 0.1250000000
185869  4.154  40.000  42.539 0.1250000000
185878  4.265  39.334  41.817 0.1250000000
185889  3.280  39.776  40.386 0.1250000000
185903  4.012  39.898  39.457 0.1250000000
185904  3.654  39.867  39.633 0.1250000000
185905  3.331  39.736  39.852 0.1250000000
185916  6.159  39.999  38.686 0.1250000000
185917  5.598  39.906  38.764 0.1250000000
185920  3.742  39.553  39.239 0.1250000000
185933  5.201  39.478  38.453 0.1250000000
185934  4.772  39.469  38.615 0.1250000000
186777  6.624  40.436  53.635 0.1250000000
186798  8.068  39.823  48.014 0.1250000000
186799  7.850  40.242  47.842 0.1250000000
186803  7.038  40.866  46.882 0.1250000000
186810  7.306  40.031  45.609 0.1250000000
186811  6.714  40.595  45.749 0.1250000000
186820  7.271  39.869  45.157 0.1250000000
186822  6.202  40.598  45.060 0.1250000000
186823  5.786  40.761  45.027 0.1250000000
186831  6.654  40.033  44.482 0.1250000000
186833  5.563  40.612  44.595 0.1250000000
186834  5.115  40.725  44.504 0.1250000000
186841  6.002  40.092  43.930 0.1250000000
186843  4.938  40.628  44.069 0.1250000000
186844  4.505  40.790  43.931 0.1250000000
186852  5.375  40.126  43.450 0.1250000000
186884  4.230  40.544  40.242 0.1250000000
186885  3.660  40.348  40.526 0.1250000000
186886  3.380  40.034  40.175 0.1250000000
186901  5.179  40.612  39.761 0.1250000000
186904  3.538  40.092  39.982 0.1250000000
186915  6.654  40.531  38.893 0.1250000000
186918  4.878  40.093  39.282 0.1250000000
187877  7.255  41.324  50.992 0.1250000000
187895  7.084  41.057  47.306 0.1250000000
187900  6.614  41.150  46.631 0.1250000000
187907  6.603  40.916  46.189 0.1250000000
187908  6.075  41.142  45.898 0.1250000000
187921  5.452  41.026  45.097 0.1250000000
187923  4.426  41.719  44.799 0.1250000000
187936  4.820  41.002  44.551 0.1250000000
187948  4.255  41.149  43.990 0.1250000000
187969  4.387  41.709  41.756 0.1250000000
187997  5.879  41.544  40.245 0.1250000000
188008  6.600  41.197  39.397 0.1250000000
188010  5.587  41.027  39.903 0.1250000000
188891  7.369  42.545  52.730 0.1250000000
188906  7.343  41.684  49.029 0.1250000000
188921  5.881  42.289  47.292 0.1250000000
188929  5.118  42.233  46.562 0.1250000000
188933  5.650  41.506  45.991 0.1250000000
188935  4.633  42.070  45.647 0.1250000000
188938  4.363  41.976  44.944 0.1250000000
188939  4.260  41.881  44.557 0.1250000000
188948  4.110  41.693  44.222 0.1250000000
189009  6.366  41.769  39.954 0.1250000000
189901  7.452  43.223  52.175 0.1250000000
189921  6.578  42.577  48.686 0.1250000000
189926  5.842  42.680  47.715 0.1250000000
189928  4.761  43.262  47.140 0.1250000000
189931  5.064  42.614  46.954 0.1250000000
190925  5.918  43.504  48.651 0.1250000000
190927  4.924  43.998  47.960 0.1250000000
190930  5.238  43.398  47.839 0.1250000000
191912  4.882  44.706  48.047 0.1250000000
