#!ascii label  , from subject FS6EXPERT_subj01_ver10 vox2ras=TkReg
4148
78001  25.549  -23.144  54.162 0.5555559993
78042  25.276  -23.453  51.597 0.4444440007
78028  25.718  -23.235  52.708 0.4444440007
78041  25.665  -23.166  52.072 0.4444440007
76539  24.403  -24.320  52.151 0.5555559993
76524  24.871  -24.047  52.646 0.4444440007
78016  25.677  -23.213  53.427 0.5555559993
78002  25.301  -23.713  53.782 0.5555559993
78054  25.151  -23.445  50.994 0.4444440007
76510  24.916  -24.172  53.379 0.5555559993
79533  26.049  -22.777  54.762 0.4444440007
79517  26.276  -22.597  55.137 0.4444440007
79547  25.931  -22.559  53.748 0.4444440007
77983  25.402  -23.123  54.727 0.4444440007
79546  26.266  -22.220  53.167 0.5555559993
79590  25.922  -22.704  51.375 0.4444440007
79577  26.041  -22.744  52.288 0.4444440007
75199  23.533  -24.853  52.040 0.4444440007
76526  23.995  -24.723  52.773 0.5555559993
76511  24.436  -24.527  53.696 0.5555559993
76497  24.909  -24.181  54.092 0.5555559993
75224  22.765  -25.052  51.136 0.4444440007
75212  23.183  -24.975  51.555 0.4444440007
75200  23.041  -25.078  52.219 0.5555559993
75251  22.242  -24.969  49.981 0.2222220004
75236  21.867  -25.126  50.429 0.1111110002
75252  21.674  -25.051  49.684 0.1111110002
81071  25.905  -22.639  54.797 0.3333329856
81072  25.257  -22.616  54.565 0.3333329856
79502  25.000  -23.066  55.243 0.4444440007
82636  26.225  -21.186  53.560 0.4444440007
81123  26.887  -21.729  52.243 0.4444440007
81104  26.711  -21.782  52.944 0.4444440007
81087  26.355  -21.824  53.512 0.4444440007
79560  26.394  -22.251  52.603 0.4444440007
75178  23.451  -25.047  53.490 0.5555559993
75213  22.563  -25.146  51.675 0.4444440007
84324  27.780  -20.475  52.157 0.4444440007
82634  27.341  -20.596  52.964 0.4444440007
84293  27.243  -20.215  53.154 0.4444440007
82637  25.495  -21.290  53.504 0.3333329856
81089  25.184  -21.995  53.987 0.3333329856
84339  27.751  -20.555  51.540 0.3333329856
82678  27.461  -21.088  51.974 0.4444440007
82679  27.216  -21.316  52.329 0.4444440007
82635  26.852  -21.010  53.199 0.4444440007
84295  26.076  -20.499  53.248 0.4444440007
82638  25.071  -21.683  53.609 0.3333329856
81159  26.667  -21.786  50.927 0.3333329856
81143  26.358  -22.091  51.221 0.3333329856
84311  25.803  -20.301  52.835 0.3333329856
84312  25.444  -20.479  52.598 0.3333329856
82680  25.118  -20.796  52.472 0.3333329856
81160  26.227  -22.129  50.738 0.2222220004
79603  25.797  -22.565  50.437 0.2222220004
75190  22.921  -25.170  52.941 0.5555559993
75237  21.146  -25.165  50.311 0.1111110002
75226  21.432  -25.190  51.058 0.2222220004
85982  28.581  -19.032  52.522 0.4444440007
87722  28.310  -18.679  52.919 0.5555559993
87705  27.971  -18.801  53.136 0.4444440007
86013  28.591  -19.199  51.607 0.3333329856
85997  28.327  -19.545  52.466 0.4444440007
85983  28.221  -19.319  52.913 0.4444440007
85998  28.041  -19.734  52.797 0.4444440007
85968  27.522  -19.249  53.187 0.4444440007
89465  27.699  -18.148  52.795 0.4444440007
84354  27.996  -20.029  51.269 0.3333329856
84338  28.106  -20.049  51.761 0.3333329856
84323  28.109  -19.982  52.289 0.4444440007
84310  27.727  -20.186  52.725 0.4444440007
85984  27.681  -19.625  53.062 0.4444440007
87724  27.379  -18.801  53.012 0.5555559993
82713  27.325  -20.889  50.482 0.3333329856
82698  27.316  -21.183  51.231 0.3333329856
85985  26.960  -19.492  53.142 0.4444440007
81173  26.584  -21.681  50.340 0.2222220004
86000  26.160  -19.706  52.705 0.3333329856
84325  25.112  -20.472  52.089 0.3333329856
81105  24.418  -21.899  52.986 0.2222220004
89462  29.098  -17.649  52.611 0.4444440007
89463  28.824  -18.008  52.697 0.5555559993
90926  28.058  -17.668  52.799 0.5555559993
89477  29.114  -18.420  51.831 0.3333329856
87721  28.795  -18.576  52.524 0.3333329856
90933  27.791  -17.641  52.555 0.5555559993
87746  28.865  -18.814  51.677 0.3333329856
89471  27.404  -17.970  52.383 0.5555559993
89472  27.065  -18.379  52.392 0.5555559993
86061  28.113  -19.458  50.180 0.2222220004
84355  27.686  -20.378  50.843 0.2222220004
89479  26.993  -18.075  51.994 0.4444440007
87747  26.803  -18.564  52.240 0.5555559993
86062  27.731  -19.778  49.866 0.1111110002
86077  27.692  -19.587  49.206 0.1111110002
89469  29.289  -17.646  52.374 0.4444440007
90925  28.540  -17.538  52.819 0.5555559993
90932  28.261  -17.194  52.496 0.5555559993
90939  29.781  -17.225  52.027 0.3333329856
89476  29.418  -17.858  51.769 0.3333329856
92528  27.953  -16.850  51.709 0.5555559993
90941  27.645  -17.355  52.095 0.5555559993
90947  30.330  -16.772  51.013 0.3333329856
90948  29.899  -17.294  51.382 0.3333329856
89484  29.522  -17.796  51.060 0.3333329856
92535  27.948  -16.581  50.953 0.4444440007
90950  27.233  -17.603  51.646 0.5555559993
89498  29.379  -17.529  50.046 0.1111110002
89492  29.439  -17.632  50.401 0.2222220004
89493  29.096  -18.212  50.713 0.2222220004
89485  29.147  -18.353  51.372 0.3333329856
92542  27.669  -16.645  50.087 0.3333329856
90964  27.545  -16.917  50.539 0.3333329856
90957  27.127  -17.466  51.042 0.3333329856
90963  29.342  -17.474  49.828 0.1111110002
89499  28.998  -17.968  49.906 0.1111110002
87770  28.704  -18.441  50.032 0.1111110002
87771  28.433  -18.827  49.865 0.1111110002
87778  28.140  -18.933  48.977 0.1111110002
87779  27.790  -19.327  48.771 0.1111110002
84407  26.928  -20.239  48.419 0.1111110002
89508  28.583  -18.345  49.358 0.1111110002
86091  27.192  -19.726  48.192 0.1111110002
82773  26.273  -20.784  47.566 0.1111110002
82790  25.536  -21.377  46.822 0.1111110002
90931  28.916  -17.023  52.669 0.5555559993
92513  28.790  -16.604  52.452 0.5555559993
92527  28.336  -16.424  51.561 0.6666669846
92519  30.074  -16.621  52.214 0.4444440007
90930  29.494  -17.043  52.552 0.5555559993
93991  29.202  -16.062  52.297 0.5555559993
94003  28.727  -16.237  51.921 0.6666669846
90938  30.236  -16.702  51.662 0.5555559993
92510  30.312  -16.076  52.364 0.4444440007
94040  28.589  -15.535  49.978 0.6666669846
94041  28.190  -16.046  49.989 0.5555559993
92533  30.793  -16.373  50.617 0.4444440007
90954  30.303  -16.797  50.355 0.4444440007
92526  30.843  -16.197  51.338 0.4444440007
92539  31.293  -15.889  49.556 0.3333329856
92540  30.641  -16.384  49.874 0.3333329856
90962  29.789  -17.091  49.902 0.2222220004
92550  30.198  -16.561  49.362 0.3333329856
90972  29.296  -17.400  49.380 0.2222220004
89515  28.473  -18.220  48.547 0.1111110002
87786  27.772  -19.103  48.347 0.1111110002
86112  27.028  -19.743  47.747 0.1111110002
84425  26.565  -20.341  47.448 0.1111110002
86135  26.896  -19.610  46.970 0.1111110002
84426  26.217  -20.726  47.339 0.1111110002
95508  30.441  -14.977  52.267 0.6666669846
95494  29.987  -15.390  52.376 0.6666669846
95509  29.762  -15.009  51.920 0.6666669846
95496  29.224  -15.746  52.080 0.6666669846
94014  29.014  -15.596  51.369 0.6666669846
94013  31.024  -15.772  51.781 0.5555559993
94001  30.782  -15.568  52.197 0.5555559993
94025  31.748  -15.639  50.638 0.3333329856
92525  31.241  -15.941  50.847 0.4444440007
92548  31.348  -15.815  49.148 0.3333329856
92532  31.251  -15.965  50.248 0.3333329856
97028  29.931  -14.706  51.593 0.6666669846
95522  29.679  -14.800  51.332 0.6666669846
95550  29.332  -14.687  50.146 0.7777780294
94012  31.548  -15.513  51.370 0.5555559993
97025  31.406  -14.313  51.832 0.5555559993
97042  30.007  -14.482  51.295 0.6666669846
97055  29.540  -14.526  50.398 0.7777780294
94011  32.137  -15.259  50.966 0.4444440007
95521  31.638  -15.024  51.783 0.5555559993
95506  31.720  -14.576  51.797 0.5555559993
97086  29.865  -14.031  49.698 0.6666669846
94053  31.873  -15.629  49.116 0.3333329856
95520  32.268  -14.758  51.480 0.4444440007
94052  32.690  -15.335  48.938 0.4444440007
94038  32.628  -15.367  49.687 0.4444440007
95549  32.891  -15.055  50.284 0.4444440007
97040  31.221  -13.920  51.489 0.6666669846
98483  30.599  -13.891  50.931 0.7777780294
95519  32.957  -14.499  51.149 0.6666669846
97039  31.991  -13.977  51.565 0.6666669846
98522  30.211  -13.848  50.028 0.6666669846
95533  33.364  -14.612  50.626 0.4444440007
95534  32.662  -14.919  50.827 0.4444440007
94051  33.168  -15.094  48.843 0.5555559993
94066  33.359  -14.974  48.622 0.5555559993
98482  30.934  -13.744  50.966 0.6666669846
98521  30.614  -13.574  49.922 0.7777780294
97038  32.906  -13.940  51.421 0.6666669846
98481  31.689  -13.411  50.973 0.6666669846
98499  31.623  -13.206  50.315 0.6666669846
98541  30.174  -13.760  49.432 0.7777780294
97052  33.387  -14.127  51.058 0.5555559993
95548  33.398  -14.925  49.829 0.5555559993
95532  33.909  -14.504  50.192 0.5555559993
95547  34.046  -14.642  49.661 0.5555559993
95562  34.575  -14.445  49.221 0.5555559993
98498  33.291  -12.903  50.924 0.6666669846
100142  32.825  -12.812  50.432 0.6666669846
98497  33.914  -13.108  50.885 0.6666669846
98479  33.270  -13.343  51.210 0.6666669846
100143  32.165  -13.070  50.244 0.6666669846
97051  34.061  -13.907  50.695 0.5555559993
97037  33.575  -13.683  51.203 0.6666669846
98538  32.033  -13.065  48.899 0.5555559993
97069  34.491  -14.164  49.952 0.5555559993
95589  34.774  -14.426  48.221 0.5555559993
95574  34.874  -14.409  48.767 0.5555559993
97100  35.296  -14.215  48.397 0.5555559993
100141  33.827  -12.432  50.355 0.7777780294
100161  33.257  -12.493  49.625 0.6666669846
98496  34.722  -13.140  50.642 0.6666669846
100140  34.533  -12.538  50.618 0.6666669846
100162  32.502  -12.884  49.617 0.6666669846
98518  35.142  -13.317  50.298 0.6666669846
97085  34.890  -14.137  49.568 0.5555559993
97068  35.188  -13.778  49.904 0.6666669846
97084  35.285  -14.101  49.158 0.5555559993
97116  35.832  -14.015  47.943 0.5555559993
101818  34.338  -11.988  49.908 0.7777780294
100175  33.627  -12.263  48.916 0.6666669846
100176  32.856  -12.635  48.710 0.6666669846
98495  35.318  -12.919  50.444 0.6666669846
98577  37.041  -13.554  47.893 0.6666669846
97099  35.893  -13.952  48.631 0.5555559993
97083  36.025  -13.775  49.175 0.6666669846
97067  35.861  -13.665  49.631 0.6666669846
97134  36.453  -13.799  47.538 0.6666669846
97115  36.441  -13.767  48.236 0.6666669846
101828  34.458  -11.847  49.353 0.6666669846
101827  34.896  -11.752  49.745 0.6666669846
100186  34.082  -12.088  48.411 0.6666669846
100159  35.725  -12.471  50.299 0.7777780294
101826  35.404  -11.893  50.187 0.6666669846
98554  38.752  -12.940  47.495 0.7777780294
100158  36.383  -12.549  50.060 0.7777780294
98556  37.576  -13.277  48.249 0.7777780294
98536  37.444  -13.075  48.883 0.6666669846
98516  36.477  -13.199  49.637 0.6666669846
98517  35.768  -13.163  50.129 0.7777780294
98557  36.953  -13.446  48.535 0.6666669846
97098  36.421  -13.642  48.829 0.6666669846
101845  34.537  -11.829  48.703 0.6666669846
103306  36.412  -11.217  49.220 0.8888890147
101843  35.606  -11.513  49.394 0.8888890147
101844  35.010  -11.637  49.049 0.8888890147
100196  34.065  -12.102  47.649 0.6666669846
103293  36.364  -11.480  49.731 0.8888890147
100184  39.015  -12.483  47.903 0.7777780294
100185  38.413  -12.482  48.536 0.7777780294
100173  37.543  -12.506  49.237 0.8888890147
101824  36.828  -12.010  49.916 0.8888890147
101825  36.230  -11.881  50.028 0.7777780294
98574  38.809  -12.960  46.985 0.7777780294
98555  38.275  -13.018  47.970 0.7777780294
98535  37.954  -12.940  48.527 0.7777780294
100157  36.993  -12.510  49.668 0.7777780294
98537  36.797  -13.316  49.088 0.6666669846
98611  39.053  -12.667  45.819 0.6666669846
103320  36.245  -11.164  48.334 0.7777780294
101878  35.656  -11.420  47.871 0.6666669846
103331  36.867  -10.866  47.689 0.8888890147
101860  35.587  -11.437  48.663 0.8888890147
101861  35.056  -11.617  48.310 0.6666669846
104664  38.216  -10.791  48.929 0.8888890147
103318  37.508  -10.598  48.481 0.8888890147
103319  36.988  -10.841  48.466 0.8888890147
100194  39.685  -12.212  47.425 0.7777780294
100183  39.365  -12.241  47.772 0.8888890147
101858  38.785  -11.888  48.558 0.8888890147
103303  38.510  -11.505  48.853 0.8888890147
101841  37.448  -11.773  49.454 0.8888890147
103305  37.390  -10.906  49.114 0.8888890147
100195  39.214  -12.719  47.221 0.7777780294
100172  37.945  -12.636  48.869 0.8888890147
100204  40.566  -12.091  46.848 0.7777780294
100205  39.690  -12.571  46.590 0.6666669846
98593  39.397  -12.646  46.087 0.6666669846
100219  39.430  -12.583  45.489 0.6666669846
103332  36.263  -11.154  47.412 0.7777780294
101877  39.949  -11.543  47.680 0.8888890147
103328  39.822  -10.957  47.900 0.8888890147
104674  39.248  -10.633  48.344 0.8888890147
104675  38.499  -10.547  48.769 0.8888890147
104686  38.190  -10.188  47.938 0.8888890147
103341  37.816  -10.467  47.242 0.8888890147
103342  37.376  -10.683  47.125 0.7777780294
100193  40.246  -11.872  47.322 0.8888890147
104685  39.048  -10.042  47.923 0.8888890147
104696  38.256  -10.185  47.027 0.8888890147
100218  39.861  -12.558  45.772 0.6666669846
100217  40.580  -12.396  46.054 0.7777780294
103354  36.732  -11.033  46.195 0.6666669846
101876  40.715  -11.508  47.207 0.8888890147
103327  40.333  -10.912  47.574 0.8888890147
104684  39.812  -10.317  47.792 0.8888890147
104673  39.590  -10.778  48.109 0.8888890147
104704  38.979  -9.889  46.324 0.8888890147
103352  37.888  -10.568  46.658 0.7777780294
103365  38.056  -10.694  45.859 0.6666669846
100216  41.342  -12.019  46.269 0.8888890147
100233  41.334  -12.288  45.482 0.7777780294
103326  40.944  -10.896  47.119 0.8888890147
104683  40.529  -10.258  47.320 0.8888890147
104715  38.565  -10.406  45.717 0.5555559993
103377  38.317  -10.641  45.323 0.6666669846
106041  40.238  -9.575  47.332 0.8888890147
106052  39.886  -9.215  46.686 0.8888890147
104714  39.177  -9.927  45.444 0.7777780294
104725  38.720  -10.399  44.939 0.5555559993
101910  41.973  -11.385  46.005 0.8888890147
101911  41.626  -11.675  46.268 0.8888890147
101927  42.211  -11.587  45.613 0.8888890147
100232  41.985  -11.904  45.637 0.7777780294
104682  40.985  -10.261  46.947 0.7777780294
106082  39.819  -9.429  43.201 0.5555559993
104731  39.272  -9.954  43.530 0.4444440007
104693  41.741  -10.204  46.211 0.8888890147
103340  41.370  -10.602  46.676 0.7777780294
106076  39.706  -9.492  44.024 0.7777780294
104724  39.218  -9.986  44.468 0.5555559993
101892  41.710  -11.262  46.347 0.8888890147
106069  39.663  -9.467  44.894 0.7777780294
104738  39.379  -9.782  42.607 0.2222220004
101926  42.557  -11.314  45.392 0.8888890147
100252  42.052  -12.192  44.888 0.6666669846
100272  42.069  -12.300  44.057 0.6666669846
100271  42.922  -12.058  44.283 0.7777780294
104694  41.297  -9.869  46.613 0.8888890147
106040  40.793  -9.690  46.952 0.7777780294
106051  40.595  -9.073  46.857 0.7777780294
104745  39.407  -9.537  41.942 0.2222220004
106049  41.685  -9.308  46.158 0.8888890147
106050  41.169  -9.193  46.622 0.7777780294
107410  40.967  -8.647  46.438 0.7777780294
107435  40.125  -8.968  45.187 0.6666669846
107444  40.127  -9.024  44.368 0.7777780294
103351  42.142  -10.662  45.802 0.8888890147
103363  43.058  -10.567  44.881 0.8888890147
101937  43.653  -11.173  44.268 0.7777780294
100310  43.484  -12.185  42.781 0.6666669846
101948  44.239  -11.087  43.327 0.7777780294
101968  44.089  -11.748  42.231 0.6666669846
101967  44.342  -11.055  41.882 0.5555559993
106081  40.239  -8.891  43.043 0.2222220004
106088  40.231  -8.706  42.601 0.2222220004
106059  42.062  -9.082  45.597 0.8888890147
107423  41.276  -8.428  45.952 0.7777780294
107424  40.735  -8.419  45.903 0.7777780294
108937  40.877  -8.145  45.041 0.7777780294
107453  40.105  -9.090  43.677 0.6666669846
106096  39.587  -9.116  41.458 0.1111110002
104712  42.696  -9.709  45.015 0.8888890147
107433  42.227  -8.419  45.299 0.8888890147
108913  41.654  -8.026  45.596 0.8888890147
104711  43.343  -9.851  44.527 0.8888890147
103374  44.034  -10.240  43.853 0.7777780294
103401  44.449  -10.490  42.893 0.7777780294
100352  43.387  -12.381  40.871 0.4444440007
103425  44.459  -10.463  41.585 0.6666669846
101977  44.014  -11.428  41.297 0.4444440007
101989  43.688  -11.426  40.421 0.2222220004
100370  43.309  -12.121  39.749 0.2222220004
103426  44.249  -10.612  41.156 0.4444440007
103447  43.761  -10.630  40.134 0.3333329856
100389  43.157  -11.763  39.179 0.2222220004
103458  43.215  -10.586  38.999 0.2222220004
102027  42.762  -11.490  38.246 0.2222220004
103469  42.879  -10.618  38.366 0.2222220004
103481  42.225  -10.656  37.450 0.2222220004
103511  41.059  -10.609  36.041 0.2222220004
108973  40.968  -7.910  43.400 0.3333329856
107464  40.600  -8.308  42.740 0.3333329856
107505  40.190  -8.082  40.654 0.2222220004
109042  40.505  -7.561  40.702 0.2222220004
108955  40.964  -7.925  44.272 0.6666669846
107478  40.084  -8.599  41.702 0.2222220004
106066  43.119  -9.010  44.621 0.8888890147
106067  42.598  -8.972  45.083 0.8888890147
108936  41.375  -7.614  44.922 0.7777780294
106075  43.590  -9.217  44.267 0.8888890147
104730  44.481  -9.862  43.156 0.7777780294
104737  44.722  -9.849  42.511 0.7777780294
106102  44.710  -9.063  41.423 0.6666669846
106108  44.434  -9.043  40.855 0.5555559993
104752  44.405  -9.836  41.093 0.5555559993
104774  43.706  -9.908  39.843 0.3333329856
106126  43.138  -9.104  39.071 0.3333329856
106136  42.687  -9.114  38.570 0.3333329856
104785  42.997  -9.842  38.741 0.2222220004
104795  42.635  -9.801  38.195 0.3333329856
103494  41.849  -10.723  36.888 0.2222220004
110649  40.870  -7.126  40.928 0.4444440007
109010  40.921  -7.770  42.199 0.3333329856
108991  41.019  -7.759  42.778 0.4444440007
107477  40.529  -8.184  41.924 0.2222220004
108933  43.289  -7.808  44.564 0.8888890147
110576  42.472  -6.961  44.928 0.7777780294
110593  41.536  -6.958  44.090 0.6666669846
108954  41.305  -7.408  44.323 0.7777780294
110590  44.079  -7.169  43.856 0.8888890147
108953  43.734  -7.677  44.132 0.8888890147
107442  43.647  -8.454  44.203 0.8888890147
106074  44.007  -9.041  43.827 0.8888890147
107450  44.724  -8.159  43.221 0.8888890147
106086  44.981  -8.692  42.669 0.7777780294
110606  44.822  -7.117  43.173 0.8888890147
108989  45.022  -7.621  42.835 0.8888890147
106095  44.952  -9.020  42.163 0.7777780294
107489  44.982  -8.278  41.667 0.7777780294
106109  44.150  -9.114  40.423 0.4444440007
106125  43.562  -9.164  39.600 0.3333329856
109009  41.234  -7.322  42.457 0.4444440007
109026  41.113  -7.268  41.905 0.4444440007
110575  43.021  -7.025  44.629 0.7777780294
112088  42.767  -6.520  44.606 0.7777780294
110592  41.884  -6.597  44.170 0.7777780294
110609  41.516  -6.925  43.407 0.6666669846
110622  41.498  -6.878  42.749 0.5555559993
110636  41.441  -6.754  42.037 0.4444440007
110648  41.172  -6.871  41.390 0.5555559993
112107  43.293  -6.187  44.370 0.8888890147
112106  44.016  -6.167  43.827 0.8888890147
112124  44.459  -6.101  43.462 0.8888890147
110620  45.058  -6.862  42.676 0.8888890147
109008  45.171  -7.478  42.328 0.8888890147
109025  44.806  -7.562  41.253 0.6666669846
110647  44.592  -6.840  40.925 0.6666669846
110659  43.863  -7.026  39.941 0.5555559993
112171  43.710  -6.633  39.714 0.5555559993
113706  43.633  -5.536  39.300 0.5555559993
107503  44.628  -8.335  41.060 0.6666669846
109041  44.084  -7.698  40.209 0.5555559993
110671  43.554  -7.025  39.557 0.4444440007
112150  41.827  -5.980  41.758 0.6666669846
112109  42.223  -6.135  44.017 0.7777780294
112125  42.086  -5.972  43.312 0.6666669846
113623  43.031  -5.362  44.184 0.8888890147
110608  41.818  -6.494  43.679 0.6666669846
110621  41.771  -6.428  43.037 0.5555559993
113622  43.654  -5.404  44.005 0.8888890147
113630  44.746  -5.637  43.118 0.8888890147
112138  45.055  -6.058  42.446 0.7777780294
112160  44.789  -6.024  41.128 0.7777780294
113674  44.659  -5.292  40.711 0.7777780294
114999  44.835  -4.519  40.849 0.7777780294
110646  44.927  -6.781  41.478 0.7777780294
112161  44.404  -6.110  40.546 0.5555559993
113689  44.240  -5.378  40.137 0.7777780294
115015  43.834  -5.140  39.396 0.6666669846
115023  43.734  -4.955  38.996 0.5555559993
116418  44.732  -3.737  37.475 0.4444440007
112139  42.028  -5.899  42.610 0.5555559993
113624  42.661  -5.651  43.973 0.6666669846
113646  42.361  -5.405  42.932 0.5555559993
112162  41.734  -5.617  40.902 0.5555559993
113632  42.806  -5.153  43.742 0.7777780294
113621  44.058  -5.420  43.742 0.8888890147
114972  43.373  -4.653  43.906 0.8888890147
113631  44.489  -5.419  43.366 0.8888890147
113644  44.701  -4.806  43.011 0.8888890147
113658  45.067  -5.227  42.148 0.7777780294
113673  44.993  -5.117  41.376 0.7777780294
115007  44.503  -4.587  40.282 0.7777780294
116389  44.501  -3.896  39.873 0.7777780294
116396  44.450  -3.709  39.150 0.6666669846
116404  44.784  -3.409  38.205 0.6666669846
116403  45.242  -3.207  37.912 0.6666669846
113645  42.643  -4.960  43.248 0.5555559993
114985  42.704  -4.347  42.943 0.7777780294
114971  44.031  -4.719  43.723 0.8888890147
116344  43.499  -3.998  43.642 0.8888890147
114977  44.472  -4.479  43.267 0.8888890147
114983  44.911  -4.438  42.572 0.7777780294
114989  45.064  -4.411  41.835 0.7777780294
114998  45.014  -4.330  41.294 0.7777780294
116381  44.936  -3.433  40.845 0.7777780294
117887  45.004  -2.922  40.226 0.6666669846
117893  45.209  -2.705  39.389 0.6666669846
119357  45.668  -1.923  39.719 0.7777780294
117902  45.341  -2.742  38.772 0.7777780294
119356  45.998  -1.636  39.442 0.7777780294
119378  46.297  -2.224  38.433 0.8888890147
117927  46.265  -2.944  37.694 0.7777780294
117832  43.194  -3.615  43.369 0.8888890147
117831  43.579  -3.388  43.312 0.8888890147
117830  44.045  -3.069  43.170 0.8888890147
116356  44.818  -3.825  42.531 0.7777780294
116366  44.971  -3.732  42.142 0.7777780294
117866  44.604  -2.804  42.366 0.8888890147
116374  45.032  -3.644  41.441 0.7777780294
117881  45.038  -2.841  41.069 0.7777780294
119329  45.110  -2.167  41.353 0.7777780294
120762  45.263  -1.460  41.138 0.8888890147
119346  45.311  -2.091  40.631 0.7777780294
120741  45.075  -1.771  41.539 0.8888890147
120789  45.746  -1.249  40.269 0.7777780294
117849  43.684  -2.900  42.990 0.8888890147
119293  43.791  -2.460  42.670 0.8888890147
119292  44.131  -2.323  42.617 0.8888890147
119309  44.462  -2.197  42.213 0.8888890147
117865  44.947  -2.826  41.900 0.7777780294
119308  44.927  -2.065  41.791 0.8888890147
120763  44.967  -0.924  41.354 0.7777780294
122242  45.398  -0.639  40.831 0.7777780294
119311  43.317  -2.216  42.231 0.6666669846
119310  43.919  -1.922  42.422 0.7777780294
120744  43.658  -1.512  42.060 0.8888890147
120764  43.749  -1.013  41.797 0.6666669846
122227  44.041  -0.807  41.757 0.8888890147
122244  43.807  -0.406  41.245 0.6666669846
77966  23.867  -23.819  55.167 0.4444440007
76498  24.387  -24.503  54.380 0.4444440007
81090  24.704  -22.021  53.640 0.2222220004
77984  25.199  -23.665  54.448 0.5555559993
84340  24.955  -20.338  51.675 0.2222220004
75179  22.774  -25.200  53.691 0.5555559993
79548  24.298  -22.592  53.848 0.2222220004
79591  25.467  -23.187  51.180 0.4444440007
76555  23.485  -24.826  51.457 0.4444440007
77965  24.918  -23.514  55.023 0.4444440007
76485  24.804  -24.103  54.664 0.4444440007
79576  26.369  -22.219  51.929 0.4444440007
75189  23.640  -24.937  52.767 0.5555559993
75166  23.933  -24.838  53.974 0.5555559993
75235  22.569  -24.985  50.542 0.4444440007
75225  22.170  -25.147  51.086 0.4444440007
75267  21.325  -24.973  49.182 0.1111110002
79534  25.018  -22.887  54.851 0.3333329856
81073  24.754  -22.415  54.211 0.2222220004
79520  24.610  -23.386  55.005 0.4444440007
81141  27.138  -21.456  51.809 0.4444440007
79589  26.325  -22.175  51.516 0.4444440007
82657  27.066  -21.379  52.694 0.4444440007
82618  26.510  -20.971  53.479 0.4444440007
79604  25.441  -23.040  50.745 0.4444440007
75167  23.323  -25.081  54.204 0.4444440007
75191  22.191  -25.212  53.122 0.5555559993
75201  22.360  -25.209  52.362 0.5555559993
82656  27.379  -20.883  52.598 0.4444440007
84309  28.065  -19.870  52.585 0.4444440007
85969  27.283  -19.150  53.190 0.4444440007
84296  25.594  -20.697  53.025 0.3333329856
81142  26.774  -21.796  51.496 0.4444440007
84294  26.668  -20.377  53.307 0.4444440007
82658  25.203  -20.986  52.869 0.3333329856
82659  24.918  -21.497  53.185 0.3333329856
82714  26.982  -21.376  50.669 0.2222220004
86001  25.759  -20.136  52.588 0.3333329856
82681  24.649  -21.184  52.363 0.2222220004
81174  26.086  -22.017  50.052 0.2222220004
79615  25.279  -22.887  50.041 0.2222220004
85996  28.630  -19.168  52.050 0.3333329856
87734  28.925  -18.792  52.014 0.3333329856
86030  28.554  -19.206  51.370 0.2222220004
86014  28.394  -19.594  51.931 0.3333329856
85999  26.601  -19.302  52.806 0.4444440007
82729  26.945  -21.082  49.928 0.2222220004
81124  24.256  -21.734  52.486 0.2222220004
79562  24.355  -22.264  53.401 0.2222220004
89470  29.105  -18.239  52.235 0.3333329856
87755  28.695  -18.924  51.119 0.2222220004
86076  28.030  -19.319  49.621 0.1111110002
87764  28.431  -19.136  50.554 0.2222220004
87763  28.719  -18.576  50.375 0.2222220004
87756  28.415  -19.315  50.964 0.2222220004
86048  27.791  -19.908  50.386 0.2222220004
86090  27.449  -19.624  48.567 0.1111110002
90956  27.453  -17.089  50.843 0.3333329856
90955  29.902  -17.252  50.689 0.3333329856
89500  28.671  -18.388  49.799 0.1111110002
89507  28.887  -17.809  48.996 0.1111110002
86111  27.423  -19.384  47.979 0.1111110002
92534  28.396  -16.198  51.178 0.6666669846
92511  29.853  -16.374  52.466 0.4444440007
95483  29.690  -15.697  52.454 0.5555559993
92518  30.599  -16.194  51.975 0.5555559993
90961  30.220  -16.730  50.021 0.3333329856
94039  31.872  -15.674  49.943 0.3333329856
92541  30.189  -16.670  49.809 0.3333329856
84443  26.175  -20.618  46.903 0.1111110002
95523  29.324  -15.150  51.377 0.6666669846
95507  31.194  -14.870  52.061 0.6666669846
97026  30.829  -14.387  51.878 0.6666669846
97041  30.500  -14.089  51.281 0.6666669846
98502  30.146  -13.958  50.366 0.7777780294
94024  32.355  -15.370  50.408 0.4444440007
94037  33.119  -15.131  49.262 0.5555559993
95563  33.708  -14.874  49.025 0.5555559993
98500  31.062  -13.438  50.454 0.7777780294
98480  32.591  -13.248  51.183 0.6666669846
100123  32.250  -13.136  50.714 0.6666669846
98519  31.793  -13.133  49.670 0.6666669846
97050  34.737  -13.671  50.336 0.5555559993
101816  34.930  -12.235  50.432 0.7777780294
101817  34.646  -12.059  50.299 0.7777780294
100187  33.530  -12.368  48.097 0.6666669846
97066  36.210  -13.573  49.450 0.6666669846
101842  36.003  -11.545  49.765 0.8888890147
103292  36.809  -11.440  49.718 0.8888890147
104687  37.772  -10.414  48.242 0.8888890147
103304  38.111  -11.143  49.049 0.8888890147
103315  39.396  -11.274  48.215 0.8888890147
103316  38.848  -11.143  48.659 0.8888890147
101840  38.215  -11.997  48.940 0.8888890147
103330  37.555  -10.529  47.848 0.8888890147
103353  37.359  -10.827  46.398 0.7777780294
104695  38.815  -9.902  47.276 0.8888890147
100234  40.601  -12.431  45.270 0.6666669846
100235  39.927  -12.495  45.074 0.6666669846
103366  37.312  -11.028  45.655 0.6666669846
101893  41.354  -11.407  46.661 0.8888890147
106053  39.295  -9.609  46.945 0.8888890147
104716  38.343  -10.508  45.944 0.7777780294
106061  39.433  -9.507  46.464 0.8888890147
106042  39.568  -9.676  47.401 0.8888890147
106060  39.580  -9.416  45.854 0.7777780294
100251  42.532  -11.803  45.083 0.8888890147
100253  41.322  -12.337  44.686 0.6666669846
107411  40.442  -8.739  46.412 0.8888890147
107425  40.199  -8.834  45.916 0.7777780294
104701  42.473  -10.333  45.308 0.8888890147
101938  43.158  -11.400  44.734 0.8888890147
103376  43.433  -10.902  44.551 0.7777780294
100270  43.421  -11.851  43.967 0.7777780294
100289  43.465  -12.044  43.566 0.6666669846
107408  41.635  -8.914  46.136 0.8888890147
104702  42.134  -9.814  45.608 0.8888890147
107434  40.521  -8.490  45.374 0.7777780294
107443  40.521  -8.510  44.669 0.6666669846
103362  43.392  -10.286  44.552 0.7777780294
101949  43.806  -11.547  43.782 0.7777780294
101959  44.036  -11.737  43.071 0.7777780294
103388  44.171  -10.425  43.581 0.7777780294
101958  44.373  -11.141  42.598 0.7777780294
103413  44.550  -10.486  42.203 0.6666669846
107422  41.746  -8.680  45.907 0.8888890147
104713  42.325  -9.316  45.293 0.8888890147
108914  41.121  -8.150  45.485 0.7777780294
107452  40.517  -8.532  43.740 0.4444440007
108935  42.054  -7.542  45.186 0.7777780294
104723  43.777  -9.682  44.126 0.8888890147
104722  44.109  -9.848  43.732 0.7777780294
106087  44.788  -9.257  42.838 0.7777780294
104744  44.656  -9.797  41.817 0.7777780294
98730  43.122  -12.750  40.315 0.3333329856
102001  43.563  -11.222  39.821 0.2222220004
100371  43.013  -12.672  39.351 0.2222220004
98731  42.811  -13.021  39.819 0.2222220004
103438  44.015  -10.722  40.710 0.4444440007
104764  44.063  -9.911  40.468 0.3333329856
103457  43.512  -10.581  39.558 0.3333329856
102013  43.327  -11.280  39.337 0.2222220004
102014  43.037  -11.339  38.824 0.2222220004
104784  43.386  -9.859  39.282 0.2222220004
100410  42.602  -12.252  37.957 0.2222220004
103480  42.584  -10.924  37.909 0.2222220004
103470  42.553  -10.357  37.886 0.2222220004
104796  42.236  -9.821  37.685 0.2222220004
102063  41.352  -11.353  36.181 0.2222220004
104813  41.617  -10.305  36.708 0.2222220004
100464  41.291  -11.814  35.967 0.2222220004
107432  42.877  -8.389  44.878 0.8888890147
107431  43.237  -8.421  44.571 0.8888890147
108934  42.678  -7.686  44.961 0.7777780294
110577  41.871  -6.947  44.632 0.7777780294
107451  44.474  -8.362  43.423 0.8888890147
106117  43.875  -9.321  40.062 0.4444440007
107530  43.340  -8.293  39.388 0.3333329856
108972  41.240  -7.407  43.770 0.5555559993
110591  43.598  -7.001  44.267 0.8888890147
108952  44.051  -7.943  43.784 0.8888890147
106094  45.085  -8.588  42.364 0.8888890147
107488  45.132  -7.969  42.074 0.7777780294
107504  44.294  -8.396  40.524 0.5555559993
107518  43.859  -8.524  39.994 0.4444440007
109058  43.679  -7.683  39.751 0.4444440007
112108  42.698  -6.021  44.347 0.7777780294
109024  45.062  -7.477  41.797 0.8888890147
110658  44.218  -6.919  40.390 0.5555559993
112170  43.909  -6.202  39.956 0.7777780294
112178  43.733  -5.867  39.580 0.6666669846
112179  43.513  -6.282  39.342 0.4444440007
113721  43.239  -5.583  38.672 0.4444440007
109075  42.993  -7.662  39.022 0.3333329856
110634  45.095  -6.774  42.077 0.7777780294
112149  45.038  -5.996  41.767 0.7777780294
116375  44.958  -3.953  40.974 0.7777780294
115014  44.120  -4.648  39.549 0.6666669846
115022  44.121  -4.231  38.678 0.5555559993
115030  44.198  -4.113  37.861 0.4444440007
116357  44.592  -3.859  42.892 0.7777780294
116382  44.751  -3.817  40.462 0.7777780294
117894  44.762  -3.276  39.609 0.6666669846
117903  44.900  -3.107  38.933 0.6666669846
117915  45.090  -3.015  38.503 0.6666669846
117901  45.836  -2.460  38.605 0.7777780294
117928  45.821  -2.961  37.837 0.7777780294
116417  45.538  -3.337  37.423 0.6666669846
119367  45.638  -2.314  39.093 0.7777780294
120811  45.865  -1.466  39.865 0.7777780294
120833  46.640  -1.303  39.011 0.8888890147
120810  46.149  -1.210  39.600 0.8888890147
119366  46.168  -1.769  39.014 0.8888890147
119365  46.544  -1.616  38.818 0.8888890147
117848  44.244  -2.947  42.809 0.8888890147
122260  46.015  -0.683  40.071 0.8888890147
123707  45.663  -0.210  40.365 0.8888890147
76486  24.195  -24.317  55.009 0.4444440007
75155  23.809  -24.809  54.630 0.4444440007
77930  2.124  -23.610  57.839 0.1111110002
77944  1.777  -23.290  57.332 0.1111110002
75133  3.282  -24.803  57.943 0.1111110002
77931  1.885  -23.143  57.997 0.1111110002
75125  3.611  -24.889  58.483 0.1111110002
76445  2.800  -24.095  58.787 0.1111110002
79500  1.664  -22.855  57.483 0.1111110002
76494  5.832  -24.314  55.092 0.1111110002
95564  29.213  -14.627  49.654 0.5555559993
95565  28.848  -14.946  49.300 0.5555559993
79444  8.617  -22.537  60.311 0.1111110002
76453  5.131  -24.443  57.740 0.1111110002
75118  3.994  -24.681  58.949 0.1111110002
75120  3.112  -24.395  59.014 0.1111110002
76481  5.744  -24.184  55.791 0.1111110002
76468  5.325  -24.521  56.972 0.1111110002
75131  4.353  -25.276  57.647 0.1111110002
79464  2.552  -22.983  59.187 0.1111110002
77997  6.837  -23.622  54.593 0.1111110002
75140  5.049  -25.322  56.597 0.1111110002
78023  8.176  -23.623  53.098 0.1111110002
78011  7.484  -23.565  53.818 0.1111110002
77998  6.225  -23.984  54.522 0.1111110002
76495  5.420  -24.723  55.551 0.1111110002
78036  8.118  -23.670  52.250 0.1111110002
78024  7.454  -23.649  52.918 0.1111110002
94055  28.616  -15.293  49.522 0.5555559993
94056  28.240  -15.713  49.329 0.4444440007
82536  8.144  -21.267  61.569 0.2222220004
80975  8.285  -22.006  60.924 0.1111110002
80985  8.191  -22.221  60.006 0.1111110002
76443  4.969  -24.225  58.423 0.1111110002
76437  4.340  -24.311  59.357 0.1111110002
76431  3.229  -23.871  60.355 0.1111110002
77907  2.856  -23.196  60.189 0.1111110002
77942  5.412  -24.022  57.447 0.1111110002
77911  2.699  -23.733  59.246 0.1111110002
79457  2.848  -22.955  59.875 0.1111110002
84187  8.916  -20.836  61.916 0.3333329856
77980  6.254  -23.797  55.290 0.1111110002
77959  6.575  -23.337  56.143 0.1111110002
81009  3.505  -21.953  58.591 0.1111110002
81025  2.524  -22.410  57.978 0.1111110002
78022  8.870  -23.873  53.261 0.1111110002
77979  6.914  -23.370  55.584 0.1111110002
78035  8.796  -23.874  52.385 0.1111110002
76548  9.362  -24.505  52.542 0.1111110002
95579  28.684  -14.856  48.549 0.5555559993
94071  28.029  -15.565  48.503 0.4444440007
92551  27.820  -16.259  49.366 0.3333329856
92559  27.874  -15.961  48.941 0.3333329856
92552  27.393  -16.767  49.322 0.3333329856
90989  26.949  -16.706  48.236 0.2222220004
90980  26.984  -16.972  48.739 0.2222220004
90981  26.533  -17.523  48.934 0.2222220004
82537  7.364  -21.054  61.575 0.2222220004
80986  7.528  -21.937  60.196 0.1111110002
79461  8.663  -22.708  59.126 0.1111110002
79474  5.900  -22.729  58.981 0.1111110002
79463  5.216  -23.029  59.708 0.1111110002
77917  5.258  -23.547  58.785 0.1111110002
76423  3.324  -23.662  60.727 0.1111110002
77902  3.000  -23.086  60.518 0.1111110002
80990  3.111  -22.672  60.256 0.1111110002
84183  8.083  -20.108  62.016 0.3333329856
79473  6.602  -22.336  58.823 0.1111110002
79488  6.196  -22.996  57.847 0.1111110002
79499  6.221  -23.246  56.916 0.1111110002
80996  3.321  -22.040  59.128 0.1111110002
80997  3.072  -22.271  59.404 0.1111110002
84181  9.091  -20.352  61.981 0.3333329856
85869  8.815  -19.649  62.029 0.3333329856
79497  7.632  -22.700  57.327 0.1111110002
79512  6.820  -23.109  56.391 0.1111110002
79528  7.386  -23.088  55.984 0.1111110002
87625  9.277  -19.047  62.110 0.3333329856
77957  9.081  -23.572  56.495 0.1111110002
79496  8.345  -22.804  57.483 0.1111110002
79526  8.375  -23.194  56.064 0.1111110002
76518  9.406  -24.327  54.323 0.1111110002
78009  8.923  -23.831  54.117 0.1111110002
76517  9.756  -24.907  53.737 0.1111110002
76533  9.350  -24.375  53.487 0.1111110002
76547  9.653  -24.924  52.531 0.1111110002
95578  29.120  -14.591  49.096 0.4444440007
75206  9.791  -25.428  52.281 0.1111110002
82604  18.790  -21.298  55.497 0.2222220004
94072  27.492  -15.869  47.947 0.2222220004
82620  18.525  -21.187  54.734 0.2222220004
92560  27.455  -16.333  48.569 0.2222220004
92567  26.947  -16.395  47.638 0.2222220004
90990  26.533  -17.196  47.982 0.1111110002
89516  26.045  -17.907  48.415 0.1111110002
80988  5.997  -22.136  60.529 0.1111110002
79445  5.230  -22.361  61.144 0.1111110002
79438  4.516  -22.302  61.480 0.1111110002
80969  4.352  -21.975  61.577 0.1111110002
85870  8.061  -19.694  62.021 0.3333329856
85875  7.526  -20.079  61.993 0.3333329856
80995  6.245  -22.182  59.800 0.1111110002
79462  5.595  -22.558  60.062 0.1111110002
79456  5.050  -22.957  60.440 0.1111110002
79448  3.400  -22.991  61.005 0.1111110002
80981  3.354  -22.319  60.829 0.1111110002
82554  3.447  -21.995  59.914 0.1111110002
89376  9.093  -18.445  62.089 0.3333329856
77994  8.988  -23.792  54.924 0.1111110002
84236  18.109  -20.615  56.548 0.2222220004
85954  16.824  -20.187  55.209 0.2222220004
97101  29.748  -13.981  49.144 0.6666669846
84259  18.221  -20.896  55.438 0.3333329856
84279  17.080  -20.452  54.616 0.2222220004
84277  18.011  -20.867  54.948 0.2222220004
98540  30.622  -13.444  49.209 0.6666669846
82640  18.234  -21.221  53.921 0.2222220004
82639  18.997  -21.658  53.938 0.2222220004
82660  19.109  -21.843  53.293 0.2222220004
81109  19.267  -21.930  52.853 0.1111110002
89524  25.960  -17.766  47.569 0.1111110002
84191  6.164  -20.480  61.885 0.2222220004
85878  5.230  -20.440  61.913 0.1111110002
85882  4.731  -20.395  61.375 0.1111110002
85892  4.814  -20.072  60.753 0.1111110002
80977  6.461  -21.788  60.921 0.1111110002
82546  6.205  -21.652  61.449 0.1111110002
82540  4.818  -21.450  61.770 0.1111110002
84195  4.299  -20.986  61.205 0.1111110002
82542  3.725  -21.753  61.234 0.1111110002
82552  3.884  -21.369  60.842 0.1111110002
87626  8.585  -19.034  62.033 0.3333329856
89383  8.612  -18.088  61.387 0.3333329856
90886  9.172  -17.920  60.491 0.3333329856
89404  9.542  -17.929  59.895 0.3333329856
89439  9.748  -18.860  57.388 0.1111110002
89438  10.331  -18.590  57.235 0.1111110002
87693  10.449  -18.823  56.118 0.1111110002
95593  28.512  -14.687  47.807 0.4444440007
94084  27.803  -15.400  47.717 0.4444440007
87713  11.502  -18.806  54.848 0.1111110002
97102  29.304  -14.212  48.628 0.5555559993
95580  28.223  -15.093  47.993 0.4444440007
87712  12.107  -18.752  54.695 0.1111110002
84260  17.722  -20.505  55.318 0.2222220004
87740  12.102  -19.012  53.478 0.1111110002
84278  17.602  -20.691  54.691 0.2222220004
98560  30.685  -13.341  48.400 0.6666669846
82641  17.664  -20.937  54.102 0.2222220004
86004  14.850  -19.786  53.175 0.1111110002
82662  17.574  -21.049  53.287 0.2222220004
82661  18.540  -21.632  52.951 0.2222220004
82684  17.688  -21.310  52.273 0.1111110002
87797  25.040  -18.716  47.446 0.1111110002
87787  25.066  -18.985  48.399 0.1111110002
81129  19.179  -21.913  52.138 0.1111110002
87813  24.547  -19.080  46.993 0.1111110002
86094  23.874  -19.923  47.646 0.1111110002
81128  19.843  -22.172  52.465 0.1111110002
84409  23.640  -20.337  48.194 0.1111110002
81149  19.879  -22.072  51.535 0.1111110002
84427  23.454  -20.206  47.405 0.1111110002
81165  20.540  -22.163  50.862 0.1111110002
85876  6.046  -19.655  61.705 0.2222220004
85881  5.321  -19.837  61.226 0.1111110002
85891  5.376  -19.743  60.515 0.1111110002
87629  6.609  -19.191  61.684 0.2222220004
87649  6.717  -19.215  60.138 0.2222220004
87650  6.334  -19.352  60.293 0.1111110002
85890  5.954  -19.518  60.279 0.1111110002
87648  7.463  -18.853  60.118 0.1111110002
87681  8.192  -19.264  58.305 0.1111110002
87680  8.661  -19.080  58.077 0.1111110002
87679  9.056  -19.028  57.790 0.1111110002
87715  10.264  -19.093  55.081 0.1111110002
87694  10.047  -18.986  56.492 0.1111110002
92577  26.507  -16.577  46.870 0.1111110002
87729  11.780  -18.902  54.140 0.1111110002
90997  26.129  -17.274  47.052 0.1111110002
87739  12.824  -19.099  53.393 0.1111110002
89525  25.520  -18.296  47.938 0.1111110002
87788  24.664  -19.353  48.229 0.1111110002
87737  13.886  -19.321  53.744 0.1111110002
86093  24.281  -19.734  48.175 0.1111110002
85988  15.445  -19.804  53.803 0.1111110002
84408  24.056  -20.146  48.706 0.1111110002
82759  23.357  -20.766  48.615 0.1111110002
82760  22.761  -21.098  48.483 0.1111110002
82744  22.650  -21.507  49.562 0.1111110002
84315  16.393  -20.402  53.215 0.1111110002
84316  16.019  -20.353  52.908 0.1111110002
82761  22.065  -21.575  48.977 0.1111110002
82685  17.101  -20.941  52.606 0.1111110002
82663  17.105  -20.827  53.066 0.1111110002
84342  16.640  -20.771  52.380 0.1111110002
86113  24.227  -19.559  47.384 0.1111110002
81150  19.119  -21.893  51.210 0.1111110002
84445  22.956  -20.484  47.013 0.1111110002
82776  22.509  -20.971  47.475 0.1111110002
81192  20.925  -21.991  49.414 0.1111110002
81179  20.373  -22.043  50.021 0.1111110002
85913  7.430  -19.486  58.662 0.1111110002
87662  7.169  -19.264  59.547 0.1111110002
85901  6.597  -19.541  59.560 0.1111110002
85902  6.058  -19.717  59.640 0.1111110002
85939  8.342  -19.618  57.216 0.1111110002
85915  6.316  -19.861  59.030 0.1111110002
85950  9.015  -19.559  56.297 0.1111110002
87716  9.714  -19.381  55.336 0.1111110002
87730  11.119  -19.014  54.243 0.1111110002
98561  29.945  -13.713  48.572 0.6666669846
94085  27.350  -15.707  47.310 0.2222220004
87738  13.522  -19.225  53.646 0.1111110002
98581  30.094  -13.440  47.692 0.4444440007
85989  14.613  -19.471  53.987 0.1111110002
84428  23.094  -20.634  47.805 0.1111110002
81206  21.387  -21.752  48.826 0.1111110002
82683  18.408  -21.747  51.788 0.1111110002
82777  21.769  -21.453  48.005 0.1111110002
81178  21.114  -22.119  50.164 0.1111110002
85914  6.956  -19.592  58.946 0.1111110002
85940  7.742  -19.819  57.465 0.1111110002
87701  11.154  -18.758  55.313 0.1111110002
98562  29.495  -13.943  48.231 0.5555559993
97103  28.910  -14.439  48.086 0.4444440007
94100  27.681  -15.210  47.157 0.3333329856
86035  14.615  -20.095  52.024 0.1111110002
86005  14.027  -19.504  53.300 0.1111110002
98600  31.112  -13.214  46.766 0.4444440007
98601  30.309  -13.292  46.850 0.3333329856
97138  29.118  -13.956  47.402 0.4444440007
95606  28.391  -14.522  47.267 0.4444440007
94101  27.250  -15.313  46.653 0.2222220004
92586  26.848  -15.650  46.385 0.2222220004
84330  15.396  -20.330  52.235 0.1111110002
86017  15.446  -20.264  52.551 0.1111110002
97140  28.231  -14.136  46.297 0.4444440007
95608  27.384  -14.822  46.164 0.3333329856
92587  26.408  -16.043  46.121 0.1111110002
84328  16.313  -20.527  52.644 0.1111110002
85987  16.041  -20.143  53.582 0.1111110002
97139  28.651  -14.050  46.856 0.4444440007
95622  27.767  -14.284  45.889 0.2222220004
95623  27.190  -14.618  45.589 0.2222220004
94117  26.841  -15.245  45.971 0.2222220004
91016  25.975  -16.532  45.785 0.1111110002
82704  16.806  -21.048  51.724 0.1111110002
97158  28.222  -13.918  45.856 0.3333329856
94132  26.642  -14.876  45.280 0.1111110002
92596  25.971  -16.108  45.275 0.1111110002
97174  27.486  -13.896  44.897 0.2222220004
95639  27.482  -14.157  45.320 0.2222220004
94118  26.352  -15.475  45.514 0.1111110002
92597  25.563  -16.472  44.729 0.1111110002
81190  22.169  -21.859  49.811 0.1111110002
97188  27.243  -13.763  44.289 0.1111110002
95658  26.673  -14.124  44.468 0.2222220004
94133  26.139  -15.206  44.803 0.1111110002
92606  25.793  -15.852  44.552 0.1111110002
81191  21.677  -21.937  49.538 0.1111110002
98649  27.473  -13.409  43.692 0.1111110002
97189  26.662  -13.884  44.013 0.1111110002
95659  26.169  -14.394  44.174 0.1111110002
94147  25.738  -15.238  43.987 0.1111110002
94148  25.370  -15.566  43.546 0.1111110002
98663  26.880  -13.390  43.110 0.1111110002
97198  26.385  -13.780  43.413 0.1111110002
98676  27.203  -13.251  42.598 0.1111110002
98677  26.581  -13.372  42.657 0.1111110002
98690  27.016  -13.276  41.973 0.1111110002
85951  8.470  -19.764  56.600 0.1111110002
85960  9.135  -19.619  55.613 0.1111110002
86006  13.289  -19.376  53.051 0.1111110002
85962  8.105  -20.114  56.356 0.1111110002
86020  13.664  -19.610  52.470 0.1111110002
86007  12.914  -19.294  52.975 0.1111110002
86019  14.381  -19.813  52.523 0.1111110002
84346  14.572  -20.216  51.560 0.1111110002
90998  25.784  -17.629  46.884 0.1111110002
84359  15.457  -20.609  51.275 0.1111110002
98616  32.114  -13.040  45.975 0.4444440007
98580  30.861  -13.264  47.568 0.5555559993
91006  26.068  -16.867  46.268 0.1111110002
82705  16.237  -20.857  51.571 0.1111110002
98629  32.397  -12.865  45.520 0.3333329856
98582  29.542  -13.784  47.787 0.5555559993
98602  29.410  -13.568  46.898 0.3333329856
98603  28.902  -13.682  46.483 0.4444440007
91007  25.652  -17.483  46.457 0.1111110002
82703  17.638  -21.525  51.272 0.1111110002
98620  29.036  -13.434  45.962 0.4444440007
98634  28.720  -13.378  45.071 0.3333329856
98635  28.186  -13.430  44.658 0.2222220004
81193  20.236  -21.922  49.274 0.1111110002
98648  27.936  -13.367  44.048 0.1111110002
81166  19.772  -22.004  50.628 0.1111110002
98662  27.351  -13.260  43.177 0.1111110002
98661  27.897  -13.211  43.305 0.1111110002
98675  27.791  -13.271  42.649 0.1111110002
98704  26.859  -13.274  41.255 0.1111110002
98705  26.177  -13.191  41.173 0.1111110002
98617  31.455  -13.186  46.017 0.3333329856
98618  30.681  -13.246  46.060 0.4444440007
89533  25.477  -18.033  47.001 0.1111110002
82743  23.284  -20.986  49.237 0.1111110002
98619  29.858  -13.279  46.062 0.3333329856
82719  16.898  -21.358  50.667 0.1111110002
101941  33.069  -11.942  44.358 0.2222220004
100260  32.476  -12.464  44.318 0.1111110002
98633  29.548  -13.310  45.228 0.3333329856
89542  25.078  -18.051  46.046 0.1111110002
87812  24.890  -18.570  46.609 0.1111110002
81180  19.668  -21.909  49.813 0.1111110002
81167  19.060  -21.861  50.332 0.1111110002
82702  18.396  -21.756  50.816 0.1111110002
89553  24.950  -17.818  45.300 0.1111110002
98647  28.631  -13.313  44.215 0.1111110002
98660  28.510  -13.280  43.467 0.1111110002
98674  28.398  -13.351  42.751 0.1111110002
98689  27.648  -13.406  42.011 0.1111110002
98703  27.505  -13.532  41.334 0.1111110002
82720  16.026  -20.972  50.987 0.1111110002
100239  32.516  -12.644  44.973 0.1111110002
82718  17.722  -21.657  50.303 0.1111110002
101952  33.115  -11.585  43.594 0.2222220004
101940  33.754  -11.335  44.147 0.3333329856
98632  30.350  -13.320  45.307 0.2222220004
98646  29.341  -13.363  44.405 0.1111110002
98659  29.195  -13.404  43.613 0.1111110002
98673  29.056  -13.479  42.867 0.1111110002
98688  28.260  -13.540  42.077 0.1111110002
86036  14.077  -19.933  51.767 0.1111110002
103396  34.292  -10.928  43.379 0.3333329856
98631  31.141  -13.251  45.322 0.2222220004
98645  30.115  -13.420  44.530 0.1111110002
98644  30.892  -13.294  44.588 0.2222220004
98658  29.957  -13.484  43.738 0.1111110002
98630  31.918  -13.044  45.296 0.3333329856
103406  34.845  -10.702  42.808 0.2222220004
103407  34.179  -10.782  42.589 0.2222220004
101951  33.615  -11.060  43.141 0.2222220004
103429  35.955  -10.305  41.735 0.1111110002
103417  35.408  -10.537  42.253 0.1111110002
101953  32.723  -12.066  43.922 0.1111110002
98643  31.595  -13.079  44.639 0.1111110002
104767  36.924  -9.989  40.355 0.1111110002
104756  36.500  -10.163  41.143 0.1111110002
101962  32.626  -11.924  43.227 0.1111110002
100261  32.008  -12.809  44.099 0.1111110002
101961  33.060  -11.400  42.721 0.1111110002
103416  36.098  -10.477  42.476 0.1111110002
103430  35.260  -10.336  41.499 0.1111110002
103418  34.723  -10.565  42.058 0.1111110002
104766  37.902  -9.776  40.129 0.1111110002
104776  37.168  -9.742  39.526 0.1111110002
103431  34.606  -10.466  41.363 0.1111110002
104775  37.813  -9.582  39.262 0.1111110002
104757  35.760  -10.207  41.076 0.1111110002
103439  35.033  -10.326  40.937 0.1111110002
103448  34.991  -10.312  40.406 0.1111110002
106127  38.676  -8.942  39.037 0.1111110002
104787  37.359  -9.574  38.891 0.1111110002
106128  38.172  -9.197  38.712 0.1111110002
104768  36.047  -10.077  40.433 0.1111110002
107520  39.015  -8.551  39.116 0.1111110002
104788  36.687  -9.612  38.907 0.1111110002
109077  39.176  -7.760  38.410 0.1111110002
109096  39.411  -7.277  38.231 0.1111110002
110697  39.829  -6.674  38.296 0.1111110002
107533  38.709  -8.432  38.324 0.1111110002
104786  37.761  -9.478  38.823 0.1111110002
110696  40.267  -6.418  38.768 0.2222220004
113724  40.573  -5.448  38.469 0.3333329856
119347  42.534  -1.980  41.015 0.5555559993
119358  41.734  -2.118  39.987 0.5555559993
115016  41.506  -4.154  39.792 0.4444440007
113708  41.369  -5.074  39.729 0.4444440007
119331  42.497  -2.332  41.125 0.5555559993
116390  41.601  -3.480  40.089 0.4444440007
113707  41.612  -4.583  40.076 0.4444440007
107534  38.212  -8.884  38.193 0.1111110002
106139  37.440  -9.183  37.908 0.1111110002
112190  40.667  -5.904  38.965 0.3333329856
116397  41.056  -3.440  38.873 0.4444440007
113723  40.919  -4.984  38.747 0.4444440007
120790  42.607  -1.376  40.839 0.5555559993
117895  41.453  -2.788  39.766 0.4444440007
122245  43.078  -0.794  41.091 0.6666669846
122243  44.776  -0.373  41.249 0.7777780294
123709  44.127  0.271  40.458 0.6666669846
116430  46.997  -3.829  36.736 0.7777780294
115056  46.649  -4.295  36.284 0.6666669846
113782  46.632  -5.189  35.377 0.6666669846
110698  39.399  -6.904  37.841 0.1111110002
113739  40.371  -4.975  37.874 0.3333329856
107550  38.524  -7.931  37.422 0.1111110002
115017  41.237  -4.200  39.159 0.4444440007
117896  41.141  -2.776  39.188 0.4444440007
120814  41.224  -1.720  39.150 0.5555559993
120812  42.198  -0.931  40.141 0.5555559993
120791  42.085  -1.572  40.200 0.5555559993
122262  43.554  -0.013  40.630 0.6666669846
123692  45.172  -0.142  40.781 0.7777780294
116416  46.563  -3.352  37.210 0.7777780294
120932  51.621  -1.119  34.100 0.6666669846
119446  51.996  -2.035  34.409 0.6666669846
119424  51.365  -2.104  35.057 0.6666669846
116452  51.052  -3.206  35.081 0.6666669846
116442  50.453  -3.429  35.721 0.6666669846
115069  49.910  -4.235  35.265 0.5555559993
113818  47.530  -5.577  34.159 0.5555559993
112253  46.985  -5.728  34.229 0.5555559993
120947  50.689  -0.826  33.525 0.6666669846
120959  51.050  -0.823  32.328 0.5555559993
113800  47.534  -5.424  34.783 0.5555559993
120971  50.174  -1.159  31.718 0.3333329856
123851  53.243  0.855  30.250 0.4444440007
123839  52.987  0.464  30.804 0.5555559993
123841  51.779  -0.082  30.631 0.3333329856
122435  51.121  -0.531  30.875 0.6666669846
120981  50.170  -0.984  30.684 0.3333329856
120982  49.468  -1.479  31.216 0.3333329856
122448  51.031  -0.321  30.211 0.5555559993
122436  50.697  -0.634  30.525 0.5555559993
120992  49.092  -1.374  30.157 0.3333329856
120993  48.442  -1.689  29.907 0.3333329856
113740  39.902  -5.373  37.443 0.1111110002
112199  39.928  -5.867  37.767 0.1111110002
110708  39.594  -6.407  37.630 0.1111110002
109097  39.007  -7.465  37.813 0.1111110002
119368  41.020  -2.127  38.935 0.5555559993
123708  44.993  0.226  40.380 0.6666669846
123706  45.990  -0.329  40.094 0.7777780294
119377  46.854  -1.811  38.485 0.7777780294
120933  50.877  -0.896  34.432 0.6666669846
119425  51.034  -1.637  35.194 0.6666669846
120895  50.655  -1.527  35.517 0.6666669846
117950  50.870  -2.789  35.544 0.6666669846
115053  48.937  -4.212  36.285 0.6666669846
115071  48.469  -4.730  35.769 0.5555559993
116428  48.520  -3.755  36.755 0.7777780294
115054  48.147  -4.324  36.326 0.6666669846
115072  47.729  -4.785  35.830 0.5555559993
113781  47.313  -5.211  35.351 0.6666669846
113801  46.926  -5.514  34.769 0.5555559993
120960  50.026  -1.106  32.655 0.5555559993
120972  49.431  -1.437  32.100 0.3333329856
123866  51.732  0.781  29.260 0.3333329856
123853  51.590  0.126  30.065 0.2222220004
123854  51.080  -0.085  29.790 0.4444440007
119501  47.723  -2.285  31.035 0.2222220004
118056  47.205  -2.559  30.921 0.2222220004
126597  53.324  2.203  29.278 0.3333329856
123880  51.033  0.809  28.680 0.2222220004
122449  50.466  -0.562  30.021 0.4444440007
120991  49.854  -0.791  29.742 0.3333329856
121006  48.317  -1.413  29.222 0.3333329856
119527  47.998  -1.913  29.807 0.1111110002
118077  46.682  -2.758  30.274 0.1111110002
118078  46.148  -2.964  30.063 0.1111110002
116558  44.846  -3.455  29.902 0.1111110002
119543  47.393  -1.605  28.574 0.1111110002
119529  46.506  -2.379  29.167 0.1111110002
119530  46.054  -2.539  28.981 0.1111110002
119544  46.787  -1.848  28.588 0.1111110002
110710  38.835  -6.880  36.810 0.1111110002
122263  42.918  -0.340  40.473 0.5555559993
123722  43.898  0.389  39.685 0.6666669846
123719  46.278  -0.149  39.826 0.7777780294
122274  46.585  -0.541  39.551 0.7777780294
122393  50.363  -0.699  34.780 0.6666669846
122385  50.038  -0.684  35.357 0.7777780294
120877  49.733  -1.519  36.347 0.7777780294
119398  49.891  -2.145  36.351 0.7777780294
116427  49.311  -3.372  36.694 0.7777780294
117926  46.975  -2.899  37.588 0.7777780294
122403  50.334  -0.693  34.226 0.5555559993
122395  48.913  -0.589  34.456 0.5555559993
117938  49.467  -2.764  36.752 0.7777780294
116429  47.759  -3.837  36.750 0.7777780294
122404  49.956  -0.774  33.917 0.4444440007
120948  49.684  -1.002  33.393 0.4444440007
120962  48.717  -1.344  33.191 0.3333329856
119478  48.433  -1.612  32.945 0.3333329856
119479  47.704  -2.001  32.669 0.3333329856
125266  53.054  1.595  29.456 0.3333329856
125267  52.315  1.358  29.284 0.2222220004
119488  48.334  -1.925  32.167 0.3333329856
118037  47.338  -2.445  31.390 0.1111110002
118038  46.911  -2.657  31.396 0.1111110002
118019  46.003  -2.807  32.064 0.1111110002
118020  45.251  -3.065  32.232 0.1111110002
126598  52.533  2.099  29.118 0.3333329856
123879  51.414  1.074  28.789 0.2222220004
123868  50.365  0.039  28.940 0.4444440007
122473  49.487  -0.151  28.442 0.2222220004
121005  49.271  -0.785  29.089 0.2222220004
121020  47.841  -1.063  28.302 0.1111110002
118057  46.702  -2.795  30.892 0.1111110002
118058  45.968  -3.069  30.760 0.1111110002
118059  45.625  -3.163  31.041 0.1111110002
116508  44.524  -3.463  31.595 0.1111110002
116509  43.687  -3.586  31.535 0.1111110002
125284  51.163  1.376  28.517 0.4444440007
125285  50.507  1.316  28.329 0.4444440007
122487  48.966  0.230  28.051 0.1111110002
122474  48.833  -0.294  28.213 0.1111110002
122475  48.305  -0.459  28.105 0.1111110002
126596  54.179  2.300  29.046 0.3333329856
123898  47.966  0.722  27.778 0.1111110002
123899  47.270  0.620  27.590 0.1111110002
122490  46.938  -0.104  27.615 0.1111110002
121022  46.346  -1.437  28.085 0.1111110002
125314  47.543  1.356  27.611 0.1111110002
120813  41.600  -1.286  39.491 0.5555559993
110717  39.035  -6.465  36.653 0.1111110002
122276  42.193  -0.316  39.446 0.4444440007
123721  44.719  0.418  39.739 0.6666669846
122376  48.421  -0.226  35.834 0.7777780294
122361  48.585  -0.108  36.780 0.7777780294
120853  47.045  -1.367  38.699 0.7777780294
122299  46.935  -0.699  39.191 0.7777780294
122387  48.261  -0.543  34.988 0.7777780294
122375  49.274  -0.376  36.019 0.7777780294
122343  49.027  -1.014  37.086 0.7777780294
117925  47.691  -2.857  37.514 0.7777780294
120934  49.326  -0.813  33.941 0.5555559993
122396  48.378  -0.801  34.376 0.6666669846
122360  49.237  -0.963  36.698 0.7777780294
119399  49.445  -2.132  36.747 0.7777780294
119388  49.054  -2.090  37.175 0.7777780294
119389  48.582  -2.016  37.568 0.7777780294
117910  47.980  -2.334  37.801 0.7777780294
120949  48.979  -1.124  33.470 0.3333329856
120951  47.945  -1.318  33.770 0.3333329856
119447  47.442  -1.543  33.894 0.3333329856
119466  46.882  -2.101  33.180 0.2222220004
117963  42.345  -2.601  34.446 0.2222220004
119465  47.727  -1.602  33.495 0.2222220004
119480  47.079  -2.318  32.327 0.2222220004
119467  46.134  -2.425  33.176 0.1111110002
117975  45.514  -2.575  33.420 0.1111110002
117978  43.474  -2.852  33.728 0.2222220004
118018  46.653  -2.618  31.934 0.1111110002
117997  45.067  -2.863  32.950 0.1111110002
118021  44.636  -3.144  32.624 0.1111110002
126599  51.895  1.937  28.846 0.2222220004
116472  43.762  -3.302  32.768 0.1111110002
127950  53.513  2.859  29.122 0.3333329856
127952  51.787  2.735  28.896 0.2222220004
127976  51.121  2.424  28.642 0.3333329856
125286  49.698  1.355  28.215 0.3333329856
126626  49.204  2.123  28.404 0.3333329856
125288  48.397  1.818  28.139 0.2222220004
125313  48.206  1.467  27.939 0.2222220004
127949  53.997  2.879  28.820 0.3333329856
126627  48.531  2.192  28.299 0.2222220004
126651  47.683  2.042  27.704 0.2222220004
115032  40.609  -4.083  38.057 0.4444440007
116405  40.754  -3.410  38.331 0.3333329856
122277  41.654  -0.710  39.175 0.5555559993
123710  43.484  0.181  40.206 0.6666669846
112206  39.522  -5.817  37.106 0.1111110002
123718  46.639  -0.203  39.570 0.7777780294
122377  47.510  -0.448  35.702 0.7777780294
122362  47.735  0.005  36.490 0.7777780294
123784  48.147  -0.003  37.638 0.7777780294
123761  48.148  -0.346  37.936 0.7777780294
123762  47.702  -0.056  38.482 0.7777780294
122298  47.334  -0.427  38.875 0.7777780294
123741  46.996  -0.018  39.245 0.7777780294
122388  47.628  -0.805  35.018 0.5555559993
122344  48.610  -0.781  37.491 0.7777780294
122321  48.070  -0.647  38.095 0.7777780294
120852  47.441  -1.360  38.448 0.7777780294
120919  47.367  -1.143  34.662 0.4444440007
120918  47.899  -0.952  34.525 0.5555559993
120864  48.641  -1.399  37.612 0.7777780294
120851  48.136  -1.345  38.015 0.7777780294
119376  47.644  -1.862  38.106 0.7777780294
120938  47.186  -1.386  34.387 0.4444440007
119448  46.988  -1.662  34.078 0.3333329856
120920  46.771  -1.352  34.688 0.4444440007
119426  46.712  -1.572  34.424 0.4444440007
119449  46.077  -2.093  33.891 0.2222220004
119450  45.157  -2.316  34.048 0.2222220004
119451  44.525  -2.526  34.013 0.2222220004
117999  43.826  -3.112  33.063 0.2222220004
129344  52.181  3.531  29.213 0.3333329856
127953  50.842  3.041  28.960 0.3333329856
127977  50.379  2.576  28.729 0.3333329856
127978  49.504  2.900  28.764 0.3333329856
129343  52.995  3.467  29.142 0.3333329856
127979  48.719  2.846  28.478 0.2222220004
127991  47.751  2.738  27.655 0.1111110002
127974  54.287  2.564  28.357 0.3333329856
126649  54.596  2.086  27.306 0.3333329856
126666  54.993  1.821  26.824 0.3333329856
127992  47.424  2.484  27.426 0.1111110002
127988  54.042  2.514  27.555 0.3333329856
126679  55.419  1.448  26.243 0.3333329856
129376  47.783  3.243  27.062 0.1111110002
129389  47.391  2.931  26.654 0.1111110002
126692  54.885  1.853  25.324 0.3333329856
126680  54.933  1.844  26.102 0.3333329856
129387  48.283  3.248  26.448 0.1111110002
128007  53.167  2.951  25.822 0.3333329856
123745  43.621  0.282  39.006 0.5555559993
122324  45.459  -0.085  37.763 0.7777780294
123764  45.921  0.275  38.192 0.7777780294
123742  46.173  0.320  39.119 0.7777780294
123720  45.541  0.252  39.771 0.7777780294
122363  46.821  -0.167  36.621 0.7777780294
123798  46.828  0.102  37.090 0.7777780294
123786  46.625  0.230  37.555 0.7777780294
123740  47.358  -0.137  38.884 0.7777780294
123763  46.833  0.313  38.409 0.7777780294
120897  47.062  -0.926  35.211 0.5555559993
122378  46.630  -0.656  35.828 0.6666669846
120898  46.407  -1.066  35.311 0.6666669846
119430  43.616  -2.273  34.796 0.4444440007
119415  42.401  -1.936  35.423 0.4444440007
120921  46.080  -1.418  34.966 0.4444440007
119428  45.475  -1.830  34.791 0.2222220004
119429  44.518  -2.178  34.616 0.2222220004
117961  43.920  -2.579  34.206 0.3333329856
117962  43.144  -2.601  34.337 0.4444440007
130721  50.956  4.218  29.164 0.3333329856
129346  50.448  3.765  29.187 0.3333329856
127955  49.657  3.387  28.974 0.2222220004
129342  53.651  3.368  28.747 0.3333329856
130719  52.579  4.173  29.287 0.3333329856
130728  50.444  4.434  28.742 0.1111110002
129356  48.936  3.470  28.492 0.2222220004
129365  48.534  3.540  27.911 0.2222220004
130738  50.188  4.462  28.004 0.2222220004
130749  49.414  4.099  27.671 0.2222220004
129374  49.254  3.875  27.191 0.2222220004
127996  53.775  2.454  26.932 0.3333329856
129373  50.173  3.900  26.920 0.2222220004
129375  48.415  3.596  27.071 0.2222220004
129386  49.047  3.352  26.474 0.1111110002
117916  40.547  -2.728  38.124 0.4444440007
123744  44.436  0.308  39.037 0.5555559993
119379  40.750  -2.060  38.400 0.3333329856
122325  44.616  -0.233  37.833 0.7777780294
123765  44.976  0.127  38.378 0.7777780294
123787  46.144  0.137  37.677 0.7777780294
122364  45.947  -0.623  36.442 0.7777780294
120866  43.723  -0.949  36.841 0.6666669846
120882  43.270  -1.257  36.360 0.5555559993
120883  42.421  -1.158  36.392 0.4444440007
120868  42.078  -0.731  36.866 0.5555559993
122365  45.244  -0.926  36.500 0.6666669846
120880  44.877  -1.246  36.114 0.6666669846
120904  41.985  -1.490  35.889 0.3333329856
120879  45.552  -1.087  35.963 0.6666669846
120901  44.476  -1.584  35.698 0.4444440007
119413  44.069  -1.942  35.274 0.4444440007
120899  45.840  -1.238  35.436 0.5555559993
120900  45.241  -1.486  35.431 0.4444440007
119412  44.835  -1.790  35.163 0.3333329856
132151  52.953  4.639  28.951 0.3333329856
132153  51.540  4.856  29.156 0.3333329856
130727  51.121  4.715  28.847 0.2222220004
130718  53.162  3.964  28.923 0.3333329856
127989  53.531  2.776  27.278 0.3333329856
130747  50.641  4.369  27.210 0.3333329856
120836  41.076  -1.352  38.744 0.5555559993
123768  42.834  0.095  38.455 0.5555559993
123746  42.873  0.161  38.924 0.5555559993
123766  44.120  0.096  38.410 0.5555559993
123767  43.338  0.107  38.418 0.5555559993
122347  45.173  -0.529  37.134 0.6666669846
122348  44.195  -0.619  37.329 0.6666669846
122350  42.444  -0.462  37.392 0.4444440007
120865  44.566  -0.968  36.726 0.6666669846
132161  51.881  5.429  28.620 0.3333329856
130737  51.006  4.822  28.045 0.2222220004
135123  55.241  7.005  23.945 0.2222220004
122300  42.319  0.006  38.582 0.4444440007
122301  41.610  -0.432  38.742 0.5555559993
122302  41.217  -0.789  38.681 0.5555559993
122326  43.741  -0.271  37.923 0.5555559993
122327  42.846  -0.175  38.012 0.4444440007
122351  41.596  -0.424  37.336 0.4444440007
122349  43.306  -0.578  37.406 0.4444440007
135125  53.744  6.762  23.405 0.2222220004
136595  55.104  7.073  23.374 0.3333329856
82544  7.598  -21.459  61.194 0.1111110002
84190  7.068  -20.564  61.886 0.3333329856
87627  7.874  -18.974  61.854 0.3333329856
79484  8.867  -22.995  58.301 0.1111110002
79486  7.844  -22.519  58.007 0.1111110002
89378  8.022  -18.389  61.620 0.3333329856
77940  9.223  -23.613  57.338 0.1111110002
89393  8.674  -18.069  60.723 0.3333329856
80994  6.969  -22.000  59.670 0.1111110002
81008  6.528  -22.178  59.230 0.1111110002
79487  6.952  -22.535  58.196 0.1111110002
80987  6.728  -21.892  60.309 0.1111110002
84185  6.462  -19.962  61.949 0.3333329856
84184  6.901  -20.062  61.964 0.3333329856
77958  8.695  -23.335  56.069 0.1111110002
89427  10.074  -18.315  58.087 0.1111110002
92477  10.054  -17.337  60.679 0.3333329856
87628  7.175  -19.112  61.752 0.2222220004
89416  8.249  -18.774  59.338 0.2222220004
77976  9.061  -23.743  55.678 0.1111110002
87741  11.410  -19.096  53.554 0.1111110002
129382  53.197  3.794  25.744 0.3333329856
129371  53.211  3.674  26.630 0.3333329856
126681  54.262  1.993  25.942 0.3333329856
127997  53.361  2.780  26.641 0.3333329856
130745  53.658  4.700  26.588 0.3333329856
130746  51.246  4.796  27.433 0.1111110002
130758  50.858  4.100  26.718 0.2222220004
129363  53.296  3.402  27.448 0.3333329856
132150  53.247  4.255  28.596 0.3333329856
130735  53.401  4.315  27.458 0.3333329856
132169  51.853  5.542  27.597 0.1111110002
77919  2.324  -23.425  58.675 0.1111110002
75126  3.148  -24.569  58.578 0.1111110002
79477  1.969  -23.020  58.138 0.1111110002
76444  4.508  -24.525  58.715 0.1111110002
75130  4.918  -25.070  57.387 0.1111110002
77929  5.346  -23.850  58.042 0.1111110002
76438  3.800  -24.409  59.551 0.1111110002
77941  5.719  -23.828  56.917 0.1111110002
76482  5.351  -24.678  56.215 0.1111110002
77996  7.600  -23.428  54.691 0.1111110002
78010  8.248  -23.577  53.960 0.1111110002
80966  8.553  -21.686  61.546 0.2222220004
84189  7.875  -20.518  61.907 0.3333329856
82535  8.834  -21.275  61.825 0.2222220004
80993  7.676  -22.091  59.521 0.1111110002
77916  5.680  -23.329  58.255 0.1111110002
76428  4.596  -23.858  59.694 0.1111110002
76421  4.119  -23.807  60.467 0.1111110002
80998  2.885  -22.659  59.611 0.1111110002
81010  3.084  -22.156  58.702 0.1111110002
77995  8.355  -23.490  54.774 0.1111110002
77977  8.484  -23.369  55.555 0.1111110002
80976  7.258  -21.656  60.756 0.1111110002
81006  7.860  -22.255  58.939 0.1111110002
81019  8.356  -22.619  58.533 0.1111110002
77898  4.553  -23.375  60.589 0.1111110002
77899  4.081  -23.395  60.923 0.1111110002
82550  3.469  -21.994  60.479 0.1111110002
81021  7.576  -22.345  58.509 0.1111110002
79498  6.860  -22.854  57.196 0.1111110002
85868  9.483  -19.633  62.049 0.3333329856
79511  7.492  -22.900  56.571 0.1111110002
79509  8.829  -23.144  57.118 0.1111110002
79510  8.333  -23.006  56.619 0.1111110002
79495  8.874  -23.078  57.757 0.1111110002
79455  5.383  -22.485  60.799 0.1111110002
80967  5.468  -21.949  61.541 0.1111110002
79446  4.709  -22.706  61.178 0.1111110002
79439  4.101  -22.464  61.443 0.1111110002
84193  4.659  -20.908  61.679 0.1111110002
85871  7.388  -19.585  61.943 0.3333329856
90865  9.635  -18.083  62.022 0.3333329856
82538  6.570  -21.121  61.686 0.1111110002
82545  6.904  -21.424  61.244 0.1111110002
85877  5.384  -20.219  61.758 0.1111110002
82539  5.663  -21.441  61.781 0.1111110002
84201  4.157  -20.995  60.722 0.1111110002
87632  7.557  -18.689  61.431 0.3333329856
89405  8.976  -18.150  60.027 0.3333329856
89414  9.644  -18.059  59.400 0.1111110002
89415  8.787  -18.605  59.164 0.3333329856
89421  9.530  -18.446  58.626 0.1111110002
95594  28.090  -14.936  47.433 0.4444440007
87634  6.316  -19.113  61.252 0.1111110002
89385  6.575  -18.927  61.106 0.2222220004
87637  7.485  -18.687  60.854 0.2222220004
87661  7.791  -18.964  59.372 0.1111110002
89406  8.231  -18.644  59.756 0.3333329856
89384  8.028  -18.318  61.088 0.3333329856
95607  27.920  -14.652  46.715 0.3333329856
97157  28.581  -13.787  46.191 0.4444440007
97173  28.004  -13.768  45.255 0.2222220004
95641  26.486  -14.546  44.762 0.1111110002
97187  27.763  -13.630  44.630 0.2222220004
91017  25.469  -17.098  45.467 0.1111110002
116415  47.355  -3.366  37.169 0.7777780294
115055  47.388  -4.336  36.316 0.6666669846
120915  51.327  -1.435  34.767 0.6666669846
117949  51.241  -2.492  35.271 0.6666669846
117951  50.450  -2.797  35.917 0.7777780294
115086  49.256  -4.662  34.786 0.5555559993
115095  49.102  -4.704  33.939 0.5555559993
120958  51.698  -0.618  32.516 0.5555559993
122412  51.655  -0.558  32.117 0.5555559993
122424  51.396  -0.583  31.578 0.5555559993
120970  50.800  -0.876  31.327 0.5555559993
123852  52.412  0.717  30.041 0.4444440007
125250  52.456  1.053  29.656 0.3333329856
123840  52.253  0.127  30.849 0.4444440007
122434  51.754  -0.282  31.079 0.4444440007
120980  50.707  -0.777  30.845 0.5555559993
119512  48.843  -1.775  30.976 0.3333329856
119513  48.291  -1.963  30.486 0.3333329856
120916  50.671  -1.049  35.089 0.7777780294
119410  50.354  -2.125  35.909 0.7777780294
120896  50.188  -1.284  35.807 0.7777780294
116426  49.910  -3.425  36.264 0.7777780294
115052  49.692  -3.958  36.045 0.6666669846
113779  48.678  -5.003  35.095 0.5555559993
116413  48.765  -3.217  37.080 0.7777780294
123867  50.900  0.166  29.247 0.4444440007
122461  50.254  -0.325  29.319 0.4444440007
119499  48.890  -1.745  31.710 0.3333329856
119500  48.311  -2.021  31.364 0.2222220004
119514  47.427  -2.357  30.247 0.1111110002
127951  52.730  2.819  29.177 0.3333329856
123881  50.222  0.461  28.478 0.4444440007
121004  49.789  -0.575  29.274 0.3333329856
121007  47.761  -1.551  28.816 0.1111110002
119528  47.418  -1.999  29.238 0.1111110002
118095  45.943  -2.885  29.425 0.1111110002
119515  46.913  -2.471  29.717 0.1111110002
116557  45.609  -3.196  30.168 0.1111110002
116529  45.257  -3.323  30.898 0.1111110002
121021  47.046  -1.287  28.137 0.1111110002
122394  49.736  -0.541  34.522 0.6666669846
122386  49.125  -0.367  35.171 0.7777780294
122374  49.723  -0.940  36.129 0.7777780294
120935  48.681  -0.942  33.954 0.4444440007
116414  48.093  -3.335  37.155 0.7777780294
119464  48.165  -1.493  33.305 0.3333329856
120961  49.117  -1.356  32.865 0.3333329856
119489  47.671  -2.224  31.821 0.2222220004
126623  51.385  1.876  28.581 0.2222220004
118039  46.331  -2.883  31.427 0.1111110002
118040  45.650  -3.095  31.458 0.1111110002
117996  45.736  -2.728  32.748 0.1111110002
117995  46.429  -2.536  32.586 0.1111110002
116490  44.774  -3.319  32.139 0.1111110002
127975  51.554  2.241  28.704 0.2222220004
121018  49.071  -0.532  28.543 0.1111110002
121019  48.636  -0.809  28.531 0.1111110002
121036  47.251  -0.724  27.811 0.1111110002
116491  44.013  -3.378  32.414 0.2222220004
116492  43.168  -3.544  32.213 0.2222220004
126624  50.764  1.939  28.471 0.4444440007
123897  48.620  0.859  27.956 0.2222220004
122489  47.727  -0.143  27.786 0.1111110002
121037  46.624  -0.790  27.762 0.1111110002
120936  48.142  -1.102  34.032 0.4444440007
119431  42.786  -2.277  34.894 0.4444440007
117998  44.455  -2.948  33.097 0.1111110002
129345  51.302  3.604  29.169 0.3333329856
123796  47.843  0.188  37.131 0.7777780294
123785  47.414  0.265  37.724 0.7777780294
119427  46.362  -1.678  34.490 0.3333329856
130720  51.678  4.338  29.296 0.3333329856
129352  53.809  2.955  28.200 0.3333329856
126694  53.475  2.370  25.064 0.3333329856
126691  55.497  1.539  25.484 0.2222220004
122346  46.095  -0.123  37.261 0.6666669846
123743  45.296  0.341  39.040 0.7777780294
119414  43.231  -1.978  35.381 0.4444440007
120903  42.828  -1.581  35.886 0.3333329856
120922  45.664  -1.491  35.159 0.3333329856
129355  49.397  3.845  28.745 0.2222220004
130717  53.354  3.792  28.527 0.3333329856
120881  44.102  -1.283  36.271 0.5555559993
133563  52.259  5.626  28.252 0.3333329856
122352  40.868  -0.541  37.366 0.5555559993
130726  53.348  4.005  28.099 0.3333329856
132159  53.266  4.818  28.290 0.3333329856
133572  52.215  5.737  27.702 0.1111110002
90979  29.244  -17.305  48.559 0.1111110002
92558  30.172  -16.455  48.526 0.2222220004
90971  29.714  -16.939  48.991 0.2222220004
90978  29.623  -16.837  48.171 0.1111110002
89521  28.732  -17.571  47.740 0.1111110002
90988  28.691  -17.512  47.504 0.1111110002
90996  28.636  -17.414  47.025 0.1111110002
92549  30.897  -16.064  48.976 0.2222220004
94054  31.384  -15.771  48.909 0.2222220004
92557  30.721  -15.999  48.024 0.2222220004
92565  29.961  -16.401  47.586 0.2222220004
90986  29.537  -16.760  47.730 0.2222220004
92564  30.612  -15.855  47.169 0.1111110002
92575  29.478  -16.600  47.008 0.1111110002
92566  29.503  -16.707  47.492 0.1111110002
90995  29.014  -16.956  46.678 0.1111110002
94069  31.471  -15.666  48.374 0.2222220004
94083  31.275  -15.616  47.480 0.1111110002
94098  31.129  -15.569  46.655 0.2222220004
92573  30.631  -15.778  46.670 0.1111110002
92574  30.116  -16.032  46.528 0.1111110002
92584  29.300  -16.503  46.091 0.1111110002
94068  32.252  -15.339  48.390 0.3333329856
94082  31.938  -15.294  47.702 0.3333329856
94097  31.776  -15.270  46.948 0.2222220004
95592  32.976  -14.872  47.296 0.3333329856
95577  33.134  -14.894  47.851 0.3333329856
94067  32.963  -15.063  48.389 0.3333329856
95605  32.809  -14.874  46.630 0.2222220004
94081  32.586  -15.038  47.809 0.3333329856
95620  32.563  -14.875  45.886 0.2222220004
94096  32.372  -15.031  47.162 0.3333329856
95636  33.195  -14.636  45.304 0.2222220004
95591  33.571  -14.712  47.497 0.3333329856
95576  33.619  -14.835  48.239 0.4444440007
95590  34.281  -14.518  47.762 0.4444440007
95604  33.422  -14.664  46.802 0.3333329856
95619  33.278  -14.645  46.074 0.2222220004
95575  34.319  -14.645  48.537 0.4444440007
95603  34.022  -14.416  47.017 0.3333329856
95635  33.815  -14.399  45.524 0.2222220004
97117  35.094  -14.215  47.648 0.4444440007
97137  34.515  -14.179  46.521 0.4444440007
98595  38.371  -13.063  46.653 0.6666669846
98613  37.907  -13.117  46.290 0.6666669846
97156  34.444  -14.168  45.759 0.3333329856
97118  34.586  -14.231  47.171 0.3333329856
98612  38.447  -12.850  46.038 0.5555559993
98626  37.778  -12.897  45.562 0.4444440007
97171  34.381  -14.217  44.985 0.2222220004
98640  37.516  -12.847  44.549 0.3333329856
97135  35.798  -13.987  47.189 0.4444440007
98576  37.668  -13.305  47.580 0.6666669846
97136  35.145  -14.097  46.828 0.4444440007
97155  35.115  -14.000  46.036 0.4444440007
97153  36.442  -13.686  46.782 0.5555559993
97154  35.777  -13.841  46.402 0.4444440007
98596  37.742  -13.248  46.887 0.6666669846
98614  37.153  -13.323  46.304 0.5555559993
97169  35.807  -13.664  45.500 0.4444440007
98628  36.146  -13.435  44.787 0.3333329856
103343  36.799  -10.910  46.916 0.6666669846
100311  42.720  -12.320  42.530 0.5555559993
100332  43.487  -12.267  41.876 0.4444440007
103378  37.841  -10.885  45.116 0.5555559993
103390  38.263  -10.687  44.722 0.4444440007
103391  37.794  -10.853  44.299 0.3333329856
104732  38.534  -10.472  43.979 0.3333329856
117850  43.129  -3.086  42.855 0.6666669846
113660  42.286  -5.144  42.174 0.4444440007
112163  41.467  -6.254  41.110 0.4444440007
116358  42.899  -3.841  43.174 0.5555559993
112173  41.376  -5.864  40.364 0.3333329856
110672  41.033  -6.461  40.145 0.3333329856
112181  40.703  -6.300  39.390 0.2222220004
116368  42.714  -3.691  42.535 0.5555559993
120765  43.224  -1.286  41.593 0.5555559993
115031  43.665  -4.738  38.252 0.4444440007
114990  42.542  -4.344  42.315 0.5555559993
113675  42.038  -5.065  41.310 0.3333329856
114991  42.294  -4.363  41.657 0.3333329856
115000  42.059  -4.290  40.951 0.3333329856
113690  41.749  -4.951  40.493 0.3333329856
116376  42.276  -3.677  41.310 0.3333329856
117868  42.464  -3.302  41.550 0.3333329856
116383  41.990  -3.548  40.691 0.3333329856
122330  40.484  -0.840  37.769 0.4444440007
122366  41.262  -0.553  36.916 0.4444440007
120884  41.492  -0.938  36.441 0.2222220004
120905  41.163  -1.408  35.765 0.2222220004
119432  41.987  -2.269  34.957 0.3333329856
115057  45.943  -4.266  36.261 0.6666669846
115075  45.610  -4.669  35.820 0.4444440007
113802  46.280  -5.460  34.902 0.5555559993
113803  45.616  -5.423  34.922 0.4444440007
128009  50.386  3.177  25.945 0.1111110002
130756  51.725  4.745  26.340 0.1111110002
132194  52.225  5.146  25.715 0.1111110002
133599  52.744  5.752  25.397 0.1111110002
133590  52.606  5.731  26.267 0.1111110002
133598  53.578  6.425  25.121 0.1111110002
133607  52.717  5.819  24.409 0.1111110002
132202  52.160  4.975  24.700 0.1111110002
135112  53.999  6.851  24.296 0.2222220004
133606  53.238  6.405  23.967 0.1111110002
135138  54.242  6.902  22.886 0.1111110002
144023  52.671  11.992  9.955 0.1111110002
144024  52.363  11.821  10.190 0.1111110002
97170  35.026  -13.958  45.226 0.2222220004
98627  36.774  -13.274  45.306 0.4444440007
97185  34.920  -13.998  44.449 0.2222220004
97186  34.315  -14.250  44.231 0.2222220004
98641  36.674  -13.159  44.347 0.3333329856
95537  28.898  -15.343  50.333 0.5555559993
98520  31.151  -13.295  49.789 0.5555559993
98597  37.083  -13.499  47.170 0.5555559993
98575  38.284  -13.149  47.271 0.6666669846
104739  38.698  -10.245  42.918 0.1111110002
104747  38.005  -10.456  42.383 0.1111110002
110661  40.779  -6.972  40.371 0.3333329856
116432  45.588  -3.887  36.692 0.5555559993
116431  46.217  -3.792  36.729 0.6666669846
119330  42.751  -2.077  41.464 0.4444440007
113736  43.193  -5.169  37.795 0.4444440007
112180  41.008  -5.995  39.635 0.3333329856
117883  42.341  -2.914  41.116 0.3333329856
117867  42.702  -2.929  41.894 0.4444440007
115073  47.008  -4.773  35.838 0.5555559993
115074  46.301  -4.745  35.845 0.4444440007
119416  41.612  -1.880  35.401 0.2222220004
90987  29.131  -17.143  47.609 0.1111110002
91004  28.941  -16.855  46.227 0.1111110002
94099  30.699  -15.707  46.305 0.1111110002
95618  33.894  -14.381  46.286 0.2222220004
97168  36.374  -13.535  46.069 0.5555559993
104740  38.041  -10.546  43.258 0.1111110002
115058  45.274  -4.292  36.326 0.4444440007
84214  15.599  -20.134  58.469 0.2222220004
84215  15.158  -19.975  58.193 0.3333329856
85920  14.823  -19.895  57.850 0.3333329856
84213  16.488  -20.552  58.404 0.2222220004
84226  15.929  -20.638  57.746 0.2222220004
85921  14.121  -19.575  57.915 0.2222220004
85936  12.572  -19.547  57.143 0.2222220004
82561  17.217  -21.084  58.186 0.2222220004
82562  16.765  -20.951  58.041 0.2222220004
85933  14.929  -20.120  57.474 0.2222220004
85946  13.700  -20.065  56.378 0.1111110002
81017  17.511  -21.612  57.850 0.2222220004
82569  17.073  -21.259  57.728 0.1111110002
84225  16.440  -20.797  57.998 0.2222220004
84238  15.159  -20.449  57.095 0.1111110002
84239  14.597  -20.344  56.638 0.2222220004
81031  17.258  -21.753  57.170 0.2222220004
82570  16.549  -21.024  57.627 0.2222220004
82592  15.817  -21.088  56.462 0.1111110002
81044  17.245  -22.142  56.239 0.2222220004
82605  16.050  -21.325  56.154 0.1111110002
81059  16.913  -22.217  55.460 0.1111110002
85886  15.275  -19.252  59.533 0.3333329856
85897  15.476  -19.663  59.122 0.3333329856
84203  16.619  -20.168  58.921 0.3333329856
84197  16.223  -19.802  59.171 0.3333329856
84212  17.148  -20.605  58.493 0.2222220004
81016  17.857  -22.085  57.412 0.2222220004
81030  17.853  -22.360  56.760 0.2222220004
81043  17.746  -22.474  56.330 0.2222220004
77954  18.373  -23.211  55.735 0.2222220004
79506  18.152  -22.852  56.266 0.2222220004
89407  15.985  -18.788  59.348 0.3333329856
89397  15.403  -18.720  59.653 0.3333329856
85898  14.652  -19.167  59.296 0.3333329856
87652  16.256  -18.816  59.269 0.3333329856
85885  15.875  -19.558  59.390 0.3333329856
85909  13.922  -19.130  58.707 0.3333329856
85895  16.544  -19.641  58.998 0.3333329856
82559  18.123  -21.307  58.086 0.1111110002
81001  18.512  -22.095  57.957 0.2222220004
81002  17.881  -21.821  58.009 0.2222220004
82560  17.670  -21.154  58.267 0.2222220004
84211  17.689  -20.618  58.297 0.2222220004
79468  17.971  -22.363  57.371 0.2222220004
79480  19.213  -22.950  57.225 0.2222220004
79482  18.002  -22.622  56.840 0.2222220004
77936  19.421  -23.588  56.574 0.1111110002
79493  18.300  -22.744  56.740 0.2222220004
76500  19.675  -24.082  55.152 0.2222220004
77953  18.873  -23.413  56.219 0.2222220004
79505  18.612  -23.022  56.606 0.2222220004
76499  20.338  -24.455  54.785 0.2222220004
76501  19.237  -23.810  54.915 0.2222220004
85887  14.880  -18.995  59.629 0.3333329856
87654  14.105  -18.843  59.489 0.3333329856
87651  16.583  -19.346  58.885 0.2222220004
87664  16.425  -18.992  58.826 0.3333329856
85894  16.887  -19.684  58.752 0.3333329856
87663  16.786  -19.435  58.542 0.2222220004
84202  17.048  -20.113  58.699 0.2222220004
85906  17.246  -19.938  58.406 0.2222220004
85919  17.644  -20.268  57.776 0.2222220004
85931  17.526  -20.084  56.824 0.2222220004
79467  18.636  -22.324  57.555 0.1111110002
81015  18.770  -21.771  57.634 0.1111110002
82567  18.844  -21.363  57.232 0.2222220004
77922  19.714  -23.117  57.029 0.1111110002
79479  19.484  -22.665  57.076 0.1111110002
81014  18.955  -21.774  57.165 0.1111110002
77923  19.307  -23.240  57.019 0.1111110002
76476  19.892  -23.952  56.461 0.1111110002
76488  20.563  -24.425  55.686 0.2222220004
76527  20.267  -24.665  53.069 0.2222220004
78055  24.733  -23.760  50.770 0.3333329856
76579  23.209  -24.671  50.429 0.3333329856
89409  15.276  -18.104  59.427 0.3333329856
90874  14.574  -18.104  60.072 0.3333329856
89408  15.615  -18.546  59.439 0.3333329856
89398  14.889  -18.198  59.993 0.3333329856
87643  14.464  -18.753  59.789 0.3333329856
87675  15.956  -18.622  58.021 0.2222220004
87665  13.450  -18.938  58.806 0.3333329856
76448  20.019  -23.543  56.862 0.1111110002
77921  20.164  -23.296  56.816 0.1111110002
79478  19.932  -22.883  57.150 0.1111110002
76461  20.248  -23.895  56.618 0.1111110002
79503  20.565  -22.972  56.015 0.3333329856
76487  21.055  -24.544  55.856 0.2222220004
75159  21.349  -24.759  55.690 0.2222220004
75181  21.402  -25.091  54.165 0.4444440007
75202  21.600  -25.165  52.501 0.4444440007
75192  21.453  -25.131  53.325 0.3333329856
76538  24.862  -23.882  51.949 0.3333329856
75203  20.747  -24.953  52.652 0.3333329856
76552  24.881  -23.798  51.541 0.3333329856
76553  24.485  -24.108  51.335 0.3333329856
76565  23.847  -24.461  50.850 0.3333329856
75234  23.007  -24.916  50.866 0.3333329856
89419  15.364  -18.071  58.885 0.2222220004
90891  14.863  -17.787  58.759 0.3333329856
89425  15.252  -18.065  58.306 0.2222220004
76460  20.918  -24.023  56.500 0.2222220004
77951  21.266  -23.571  55.941 0.3333329856
75147  21.844  -24.808  55.926 0.3333329856
76473  21.680  -24.548  56.130 0.3333329856
75170  21.373  -24.997  54.964 0.3333329856
75168  22.646  -25.210  54.438 0.3333329856
78017  25.323  -23.691  53.060 0.4444440007
90965  27.076  -17.320  50.261 0.2222220004
98642  36.008  -13.412  44.113 0.2222220004
76459  21.747  -24.313  56.186 0.3333329856
77933  22.053  -23.833  56.145 0.3333329856
77950  21.739  -23.838  56.027 0.3333329856
76458  22.352  -24.268  56.026 0.3333329856
77988  21.571  -23.391  54.797 0.2222220004
75146  22.247  -25.127  55.606 0.4444440007
79551  21.817  -23.215  53.893 0.2222220004
75156  23.165  -25.037  54.866 0.3333329856
89487  26.541  -18.468  51.651 0.3333329856
98654  36.505  -13.148  43.571 0.2222220004
77949  22.526  -23.905  55.760 0.3333329856
76471  23.518  -24.399  55.382 0.3333329856
76457  23.084  -23.943  56.052 0.3333329856
77969  21.793  -23.592  55.416 0.3333329856
75144  23.556  -24.716  55.108 0.3333329856
77987  22.298  -23.564  54.847 0.3333329856
87748  26.409  -18.970  52.153 0.2222220004
79550  22.574  -23.269  53.802 0.2222220004
89495  26.371  -18.314  50.994 0.2222220004
86015  25.841  -19.487  51.917 0.1111110002
86016  25.590  -20.014  52.234 0.1111110002
87765  25.897  -18.690  50.617 0.1111110002
86049  25.098  -19.573  50.639 0.2222220004
98653  37.177  -12.912  43.733 0.1111110002
100278  37.617  -12.674  43.133 0.1111110002
77968  22.277  -23.679  55.136 0.3333329856
77948  23.017  -23.893  55.497 0.3333329856
77967  23.088  -23.848  55.265 0.3333329856
77985  23.642  -23.581  54.900 0.3333329856
98639  38.191  -12.688  44.887 0.2222220004
100257  38.362  -12.551  44.149 0.2222220004
100258  37.778  -12.676  43.779 0.2222220004
98578  32.357  -12.947  47.178 0.5555559993
98558  32.226  -12.993  48.030 0.5555559993
98579  31.633  -13.145  47.413 0.5555559993
100207  33.359  -12.307  46.278 0.3333329856
100198  32.945  -12.642  46.806 0.2222220004
98599  31.850  -13.099  46.641 0.4444440007
101915  33.682  -11.961  45.666 0.3333329856
100220  33.188  -12.262  45.581 0.1111110002
100236  39.253  -12.536  44.972 0.4444440007
100237  38.712  -12.573  44.736 0.3333329856
100188  32.912  -12.645  47.671 0.5555559993
101898  33.902  -12.047  46.385 0.5555559993
100197  33.535  -12.292  47.134 0.5555559993
101913  34.939  -11.497  45.888 0.5555559993
101914  34.258  -11.714  45.762 0.4444440007
103369  35.286  -11.167  45.160 0.3333329856
101939  34.344  -11.213  44.559 0.3333329856
101929  34.011  -11.577  45.034 0.3333329856
103382  35.006  -11.063  44.386 0.3333329856
103383  34.459  -11.050  44.008 0.2222220004
100206  39.168  -12.774  46.811 0.5555559993
103395  34.957  -10.861  43.558 0.2222220004
101960  33.595  -10.973  42.305 0.1111110002
101879  35.071  -11.614  47.519 0.5555559993
101880  34.528  -11.822  47.234 0.5555559993
101896  35.017  -11.620  46.726 0.5555559993
101897  34.450  -11.802  46.499 0.5555559993
103368  35.942  -11.074  45.273 0.4444440007
103381  35.779  -11.008  44.532 0.3333329856
103380  36.479  -11.066  44.688 0.2222220004
103393  36.340  -10.930  43.935 0.2222220004
104733  37.994  -10.692  43.773 0.2222220004
123997  50.004  0.440  22.801 0.1111110002
124029  50.700  0.932  20.923 0.1111110002
107506  39.799  -8.292  40.197 0.1111110002
118109  50.351  -2.448  28.920 0.2222220004
118110  49.849  -2.590  28.607 0.2222220004
118093  49.498  -2.909  28.947 0.2222220004
119558  50.649  -1.680  27.635 0.2222220004
119560  49.190  -2.331  27.425 0.2222220004
122524  51.184  -0.495  25.924 0.1111110002
121053  50.269  -1.338  26.679 0.2222220004
119572  49.978  -1.718  27.074 0.2222220004
122541  50.818  -0.202  25.002 0.1111110002
122525  50.395  -0.600  25.651 0.1111110002
123995  51.656  0.506  22.637 0.1111110002
122559  49.526  -0.224  24.272 0.1111110002
124015  50.315  0.646  21.916 0.1111110002
125403  51.370  1.010  20.560 0.1111110002
109043  40.205  -7.785  40.223 0.1111110002
116471  50.193  -3.789  33.284 0.4444440007
115094  49.749  -4.243  33.608 0.4444440007
115106  49.185  -4.481  33.141 0.4444440007
118017  51.054  -2.950  32.689 0.4444440007
116487  50.037  -3.667  32.559 0.4444440007
115105  49.698  -4.104  32.896 0.4444440007
115107  48.686  -4.892  33.376 0.4444440007
118034  51.762  -2.521  31.573 0.4444440007
118035  50.868  -2.912  31.749 0.4444440007
116505  50.097  -3.416  31.822 0.4444440007
115115  49.648  -3.976  32.476 0.4444440007
115117  48.671  -4.698  32.634 0.4444440007
113839  47.598  -5.412  32.423 0.4444440007
119498  52.076  -2.119  30.671 0.4444440007
118072  51.552  -2.329  30.568 0.3333329856
118055  50.457  -2.986  30.835 0.3333329856
121002  52.450  -1.438  29.246 0.3333329856
119510  51.758  -2.080  30.016 0.3333329856
118073  50.986  -2.539  30.186 0.3333329856
121016  52.548  -1.186  28.499 0.2222220004
119525  51.745  -1.851  29.200 0.2222220004
122505  53.197  -0.379  26.875 0.1111110002
121050  52.279  -0.908  27.394 0.2222220004
121035  51.265  -1.347  27.510 0.2222220004
122522  52.818  -0.208  26.085 0.1111110002
122523  51.988  -0.313  26.006 0.1111110002
122556  53.857  0.165  24.561 0.1111110002
123948  52.552  0.217  24.665 0.1111110002
123950  51.340  -0.024  24.846 0.1111110002
122590  54.286  0.074  23.174 0.2222220004
123977  52.937  0.341  23.241 0.1111110002
109059  40.422  -7.288  40.022 0.1111110002
110674  40.326  -7.037  39.525 0.1111110002
117974  51.168  -3.305  33.852 0.4444440007
116453  50.483  -3.803  34.814 0.4444440007
113798  48.728  -5.050  34.378 0.4444440007
117972  52.311  -2.447  33.649 0.4444440007
116470  50.769  -3.521  33.637 0.4444440007
113817  48.281  -5.237  33.822 0.4444440007
118033  52.242  -2.315  31.645 0.4444440007
118015  52.306  -2.422  32.078 0.4444440007
113829  48.164  -5.176  32.949 0.4444440007
113830  47.486  -5.641  33.330 0.4444440007
112268  46.852  -5.893  33.586 0.4444440007
112255  45.729  -5.981  33.951 0.3333329856
119485  52.708  -2.109  31.669 0.4444440007
112304  46.440  -5.905  31.755 0.3333329856
112283  46.010  -6.106  32.812 0.3333329856
119508  53.078  -1.600  30.680 0.4444440007
122471  53.642  -0.591  28.522 0.2222220004
122484  54.112  -0.170  28.065 0.1111110002
121015  53.080  -0.857  28.263 0.2222220004
122504  54.133  -0.044  27.127 0.1111110002
122537  54.496  0.123  25.467 0.2222220004
122520  54.411  0.128  26.464 0.2222220004
122555  54.598  0.062  24.429 0.2222220004
113737  42.831  -5.852  38.043 0.2222220004
113753  42.779  -5.583  37.285 0.3333329856
117973  51.583  -2.941  34.055 0.4444440007
113765  44.241  -4.800  36.047 0.3333329856
113752  43.308  -5.008  36.976 0.3333329856
119463  52.936  -1.831  33.227 0.4444440007
119445  52.485  -1.940  33.818 0.4444440007
113805  44.207  -5.335  35.056 0.3333329856
112238  46.566  -5.692  34.489 0.4444440007
112240  45.295  -5.760  34.471 0.3333329856
119484  53.353  -1.840  32.008 0.4444440007
119476  52.892  -2.136  32.429 0.4444440007
120988  53.882  -0.731  30.179 0.4444440007
120979  53.565  -1.296  30.921 0.4444440007
122459  53.793  -0.622  29.287 0.3333329856
123863  54.714  0.936  28.556 0.3333329856
122470  54.201  -0.105  28.845 0.3333329856
123877  54.852  0.714  28.040 0.2222220004
123896  54.536  0.245  27.747 0.1111110002
123895  54.854  0.537  27.479 0.2222220004
115059  44.600  -4.385  36.476 0.3333329856
115060  43.911  -4.583  36.683 0.4444440007
120931  52.470  -1.368  33.834 0.4444440007
115076  44.918  -4.686  35.899 0.3333329856
119462  53.286  -1.612  32.973 0.4444440007
122401  53.173  -0.733  32.847 0.4444440007
122402  52.618  -0.623  32.860 0.4444440007
120978  53.909  -0.818  30.617 0.4444440007
120968  53.904  -0.881  31.328 0.4444440007
123828  53.437  0.064  31.297 0.4444440007
122422  52.531  -0.165  31.814 0.4444440007
122445  54.016  -0.196  30.288 0.4444440007
123878  54.561  0.343  28.421 0.3333329856
136710  55.610  8.126  15.012 0.1111110002
138159  55.558  8.509  14.453 0.1111110002
85935  13.472  -19.677  57.171 0.2222220004
85923  12.180  -19.263  57.748 0.2222220004
85948  12.016  -19.837  56.371 0.2222220004
78029  25.291  -23.589  52.351 0.3333329856
76554  23.833  -24.616  51.629 0.3333329856
81088  25.830  -22.067  54.136 0.2222220004
75214  21.856  -25.208  51.743 0.3333329856
86033  25.255  -19.808  51.480 0.2222220004
89486  26.827  -17.948  51.344 0.2222220004
87736  26.505  -19.214  52.586 0.3333329856
98559  31.445  -13.190  48.237 0.5555559993
98539  31.283  -13.252  49.048 0.4444440007
101862  34.564  -11.874  47.982 0.5555559993
98625  38.636  -12.653  45.369 0.4444440007
101895  35.689  -11.396  46.939 0.4444440007
103344  36.311  -11.158  46.704 0.4444440007
103367  36.610  -11.088  45.454 0.4444440007
103355  36.033  -11.203  46.073 0.5555559993
107491  39.926  -8.539  40.975 0.1111110002
115042  44.339  -4.188  37.127 0.4444440007
75215  21.073  -25.123  51.814 0.3333329856
115043  43.717  -4.573  37.445 0.3333329856
115041  45.000  -3.944  36.900 0.4444440007
75180  22.067  -25.221  53.911 0.4444440007
84223  18.275  -20.848  57.507 0.2222220004
85942  17.364  -20.202  55.810 0.2222220004
85918  17.911  -20.442  57.332 0.2222220004
100208  32.910  -12.611  46.084 0.2222220004
101930  33.469  -11.923  44.951 0.1111110002
103394  35.636  -10.866  43.766 0.2222220004
109060  39.988  -7.603  39.603 0.1111110002
112239  45.981  -5.751  34.477 0.4444440007
116451  51.290  -3.033  34.868 0.4444440007
116461  51.012  -3.455  34.307 0.4444440007
115085  49.832  -4.289  34.408 0.4444440007
120946  51.913  -0.768  33.151 0.4444440007
113799  48.146  -5.307  34.597 0.4444440007
112269  46.188  -6.046  33.455 0.4444440007
123829  52.812  0.144  31.389 0.4444440007
123830  52.466  -0.023  31.354 0.3333329856
122423  51.950  -0.346  31.735 0.4444440007
113816  48.709  -5.013  33.997 0.4444440007
122411  52.187  -0.476  32.390 0.4444440007
103392  37.045  -10.985  44.111 0.2222220004
84227  15.274  -20.200  57.819 0.1111110002
85908  14.909  -19.674  58.568 0.3333329856
85934  14.399  -20.003  57.123 0.2222220004
84250  13.758  -20.281  55.855 0.1111110002
81032  16.883  -21.456  57.059 0.2222220004
82571  16.167  -20.984  57.285 0.1111110002
84247  15.423  -20.783  56.606 0.1111110002
82591  16.277  -21.325  56.499 0.1111110002
81060  16.352  -21.689  55.809 0.1111110002
79507  17.674  -22.553  55.999 0.2222220004
89418  15.892  -18.374  58.846 0.3333329856
85922  13.111  -19.208  58.062 0.3333329856
84224  17.998  -20.664  57.977 0.2222220004
84210  18.176  -20.944  58.024 0.2222220004
82568  18.535  -21.348  57.868 0.1111110002
79481  18.672  -22.937  56.907 0.2222220004
79465  19.138  -22.488  57.417 0.1111110002
77924  18.951  -23.011  56.962 0.2222220004
76462  19.762  -23.700  56.723 0.1111110002
77952  19.520  -23.755  56.208 0.2222220004
77971  19.345  -23.754  55.736 0.2222220004
76489  19.895  -24.104  55.986 0.2222220004
75171  20.925  -24.658  55.222 0.2222220004
87674  16.414  -18.950  58.172 0.2222220004
87673  17.074  -19.619  57.976 0.2222220004
87682  17.292  -19.831  57.485 0.2222220004
81013  19.413  -22.375  57.038 0.1111110002
81029  19.288  -22.093  56.759 0.1111110002
76475  20.459  -24.200  56.323 0.2222220004
75182  20.860  -24.765  54.444 0.2222220004
75193  20.804  -24.912  53.598 0.2222220004
76564  24.280  -24.091  50.535 0.3333329856
90883  14.340  -17.579  59.531 0.3333329856
77935  20.672  -23.530  56.402 0.2222220004
81027  20.044  -22.676  56.445 0.1111110002
75169  21.975  -25.188  54.690 0.4444440007
77934  21.473  -23.869  56.261 0.3333329856
77970  21.182  -23.302  55.433 0.3333329856
75135  22.202  -24.693  55.963 0.3333329856
75157  22.504  -25.170  55.134 0.3333329856
75145  22.961  -25.041  55.371 0.4444440007
98667  36.985  -12.917  43.013 0.1111110002
87757  25.958  -18.975  51.405 0.1111110002
87758  25.575  -19.339  51.331 0.1111110002
100256  39.146  -12.413  44.234 0.4444440007
101912  35.448  -11.440  46.262 0.4444440007
103356  35.520  -11.258  45.730 0.4444440007
123981  49.768  0.152  23.642 0.1111110002
124016  49.449  0.510  22.016 0.1111110002
124017  48.621  0.320  22.045 0.1111110002
124049  50.033  0.963  20.340 0.1111110002
124028  51.554  0.838  21.191 0.1111110002
119541  50.374  -2.165  28.357 0.2222220004
119526  50.914  -2.154  28.987 0.2222220004
118091  50.600  -2.533  29.457 0.2222220004
118128  49.556  -2.513  28.175 0.2222220004
118074  50.096  -2.948  29.937 0.3333329856
119540  51.267  -1.765  28.382 0.2222220004
119557  51.258  -1.509  27.879 0.2222220004
119559  49.720  -2.168  27.702 0.2222220004
119573  49.053  -2.049  26.767 0.2222220004
122507  51.673  -0.627  26.484 0.1111110002
121068  51.223  -0.884  26.549 0.2222220004
119571  50.440  -1.483  27.111 0.2222220004
121052  50.888  -1.258  26.981 0.2222220004
121069  50.659  -0.955  26.300 0.2222220004
121070  49.947  -1.107  26.026 0.1111110002
121054  49.705  -1.545  26.513 0.2222220004
119588  48.804  -1.790  26.102 0.2222220004
122540  51.584  -0.142  25.326 0.1111110002
122557  50.639  -0.000  24.478 0.1111110002
122558  50.230  -0.115  24.499 0.1111110002
122542  50.021  -0.412  24.995 0.1111110002
122543  49.329  -0.693  25.031 0.1111110002
122526  49.829  -0.750  25.469 0.1111110002
123996  50.846  0.522  22.704 0.1111110002
123979  51.388  0.415  23.437 0.1111110002
123978  52.181  0.399  23.326 0.1111110002
124014  51.163  0.662  21.877 0.1111110002
123980  50.578  0.350  23.512 0.1111110002
122575  48.867  -0.200  23.591 0.1111110002
123982  49.275  0.040  23.487 0.1111110002
123966  49.977  -0.006  24.134 0.1111110002
124013  51.952  0.625  21.889 0.1111110002
115116  49.246  -4.252  32.398 0.4444440007
117994  51.158  -3.153  33.403 0.4444440007
117993  51.720  -2.804  33.169 0.4444440007
118016  51.693  -2.701  32.348 0.4444440007
116486  50.608  -3.373  32.992 0.4444440007
116488  49.591  -3.820  32.104 0.4444440007
119486  52.192  -2.212  31.257 0.4444440007
118054  51.232  -2.618  30.976 0.4444440007
116525  49.929  -3.427  31.134 0.3333329856
115125  49.210  -4.074  31.825 0.4444440007
113838  48.188  -5.000  32.145 0.4444440007
113848  48.222  -4.873  31.667 0.4444440007
113840  47.053  -5.798  32.701 0.4444440007
119497  52.650  -1.948  30.965 0.4444440007
119509  52.548  -1.762  30.248 0.4444440007
116554  49.820  -3.331  30.524 0.3333329856
119524  52.229  -1.739  29.698 0.2222220004
120990  52.628  -1.512  29.799 0.4444440007
120989  53.329  -1.175  29.972 0.4444440007
121017  51.994  -1.537  28.718 0.2222220004
121001  53.159  -1.008  28.961 0.2222220004
121034  51.877  -1.287  27.920 0.2222220004
122506  52.339  -0.575  26.762 0.1111110002
122486  52.774  -0.670  27.336 0.1111110002
121051  51.662  -1.013  27.078 0.2222220004
122485  53.342  -0.566  27.753 0.1111110002
121033  52.714  -0.916  27.874 0.1111110002
122521  53.723  -0.034  26.219 0.1111110002
122539  52.341  -0.001  25.370 0.1111110002
122536  55.077  0.131  24.840 0.2222220004
123947  53.173  0.250  24.475 0.1111110002
123961  53.419  0.273  23.879 0.1111110002
123962  52.709  0.339  23.954 0.1111110002
122538  53.285  0.102  25.272 0.1111110002
123949  51.816  0.118  24.775 0.1111110002
123963  51.962  0.302  24.083 0.1111110002
123964  51.114  0.166  24.292 0.1111110002
123993  53.203  0.354  22.502 0.1111110002
122573  54.109  0.132  23.818 0.2222220004
123976  53.673  0.255  23.184 0.1111110002
123994  52.431  0.436  22.570 0.1111110002
117992  52.373  -2.469  32.828 0.4444440007
112294  46.510  -5.951  32.385 0.4444440007
112256  45.003  -5.984  33.896 0.3333329856
112270  45.504  -6.140  33.327 0.3333329856
119496  53.210  -1.735  31.307 0.4444440007
120969  53.686  -1.386  31.640 0.4444440007
112296  45.191  -6.371  31.779 0.2222220004
122446  53.903  -0.574  29.866 0.3333329856
123914  54.736  0.320  26.909 0.2222220004
122554  55.233  0.006  24.207 0.2222220004
113766  43.588  -5.040  36.225 0.3333329856
120945  52.805  -1.055  33.219 0.4444440007
120957  53.649  -1.326  32.307 0.4444440007
122432  53.851  -0.307  31.011 0.4444440007
122410  52.901  -0.395  32.417 0.4444440007
122408  53.774  -0.660  32.055 0.4444440007
122421  53.198  -0.181  31.890 0.4444440007
100254  40.581  -12.359  44.513 0.5555559993
100255  39.857  -12.375  44.370 0.4444440007
100274  40.512  -12.272  43.732 0.3333329856
100292  41.198  -12.236  43.046 0.3333329856
100273  41.282  -12.312  43.877 0.3333329856
107813  50.974  -8.446  24.600 0.1111110002
107802  51.246  -8.701  25.135 0.1111110002
100291  41.998  -12.296  43.203 0.3333329856
107859  45.360  -8.366  21.458 0.1111110002
107860  44.626  -8.455  21.311 0.1111110002
109385  43.740  -7.706  20.835 0.1111110002
107836  48.684  -8.345  23.187 0.1111110002
107837  47.931  -8.548  22.972 0.1111110002
107847  46.267  -8.595  22.100 0.1111110002
107848  45.578  -8.726  21.893 0.1111110002
107861  43.969  -8.289  21.130 0.1111110002
107862  43.220  -8.201  21.124 0.1111110002
107825  49.456  -8.487  23.823 0.1111110002
107849  45.006  -8.796  21.706 0.1111110002
107824  50.138  -8.362  24.016 0.1111110002
106421  44.257  -9.102  21.714 0.1111110002
106436  42.887  -8.753  21.375 0.1111110002
100290  42.791  -12.272  43.402 0.3333329856
109384  44.473  -7.874  20.923 0.1111110002
109397  43.040  -6.713  20.636 0.1111110002
107846  47.032  -8.381  22.274 0.1111110002
110971  42.407  -6.463  21.031 0.1111110002
112418  41.923  -5.951  21.638 0.1111110002
110972  41.787  -6.676  21.514 0.1111110002
110973  41.467  -6.790  21.766 0.1111110002
100333  42.620  -12.343  41.640 0.3333329856
113981  41.978  -5.082  22.838 0.1111110002
115290  42.982  -4.553  24.289 0.1111110002
109396  43.603  -7.040  20.549 0.1111110002
112406  41.509  -5.750  22.371 0.1111110002
107845  47.550  -8.301  22.485 0.1111110002
109374  46.305  -8.099  21.607 0.1111110002
113978  41.956  -5.117  23.653 0.1111110002
113966  42.291  -5.217  25.028 0.1111110002
112371  42.901  -5.712  26.396 0.1111110002
109382  45.881  -7.855  21.216 0.1111110002
109395  44.327  -7.304  20.540 0.1111110002
112438  43.269  -5.687  20.305 0.1111110002
112399  41.468  -5.560  23.244 0.1111110002
112384  42.004  -5.649  25.415 0.1111110002
112372  42.396  -5.766  26.042 0.1111110002
109372  47.545  -7.832  21.999 0.1111110002
116714  42.932  -4.140  23.146 0.1111110002
115289  43.454  -4.394  24.596 0.1111110002
115259  44.816  -4.529  26.354 0.1111110002
115206  46.120  -4.864  28.262 0.1111110002
115303  42.405  -4.595  22.013 0.1111110002
115279  43.122  -4.660  24.809 0.1111110002
113933  44.918  -5.071  27.337 0.1111110002
113905  44.830  -5.635  28.121 0.1111110002
113986  42.402  -5.103  21.377 0.1111110002
113977  42.456  -4.777  24.002 0.1111110002
113950  43.014  -5.307  25.949 0.1111110002
113922  44.074  -5.543  27.270 0.1111110002
115306  42.730  -4.350  21.243 0.1111110002
112342  43.565  -6.303  27.981 0.1111110002
115156  47.711  -4.674  30.067 0.1111110002
113867  47.327  -4.980  30.101 0.1111110002
116684  44.301  -4.120  25.087 0.1111110002
116651  45.150  -4.381  26.443 0.1111110002
115223  46.372  -4.551  28.042 0.1111110002
115180  46.956  -4.875  29.331 0.1111110002
113868  46.854  -5.255  30.025 0.2222220004
116701  43.813  -4.037  24.386 0.1111110002
116667  45.934  -3.526  25.764 0.1111110002
113903  46.009  -5.244  28.759 0.1111110002
113882  46.137  -5.563  29.568 0.1111110002
116719  42.879  -3.995  22.640 0.1111110002
116683  45.178  -3.521  25.003 0.1111110002
116682  45.717  -3.298  25.225 0.1111110002
113883  45.607  -5.710  29.076 0.1111110002
112325  45.367  -6.091  29.614 0.2222220004
116723  42.879  -3.846  21.851 0.1111110002
116712  44.172  -3.344  23.704 0.1111110002
112340  44.663  -6.025  28.589 0.1111110002
112326  44.655  -6.354  29.290 0.1111110002
115137  48.027  -4.741  30.750 0.2222220004
113858  47.415  -5.102  30.562 0.2222220004
113849  47.690  -5.155  31.475 0.2222220004
116612  46.720  -4.374  28.119 0.1111110002
116611  47.311  -4.096  28.330 0.1111110002
113860  46.214  -5.888  30.848 0.2222220004
112305  45.973  -6.052  31.321 0.2222220004
116649  46.739  -3.522  26.542 0.1111110002
116666  46.500  -3.288  25.975 0.1111110002
112313  45.829  -6.057  30.688 0.2222220004
112306  45.423  -6.280  31.069 0.1111110002
116630  48.097  -3.201  27.630 0.1111110002
118170  46.392  -3.105  25.684 0.1111110002
118167  48.083  -2.536  26.479 0.1111110002
119605  46.631  -2.495  25.000 0.1111110002
119617  45.902  -2.488  24.291 0.1111110002
118168  47.580  -2.676  26.192 0.1111110002
119604  47.450  -1.878  24.977 0.1111110002
119603  48.002  -1.740  25.244 0.1111110002
115126  48.678  -4.493  31.782 0.3333329856
115135  49.052  -4.060  31.369 0.2222220004
115136  48.630  -4.286  30.936 0.2222220004
116556  48.592  -3.909  29.691 0.1111110002
116581  48.925  -3.363  29.005 0.1111110002
112285  44.512  -6.424  32.425 0.2222220004
112286  43.759  -6.378  32.617 0.1111110002
118112  48.781  -2.975  28.126 0.1111110002
118111  49.216  -2.863  28.458 0.1111110002
118146  48.860  -2.503  27.341 0.1111110002
119574  48.432  -2.313  26.538 0.1111110002
121072  48.707  -1.570  25.734 0.1111110002
104804  41.758  -9.886  37.067 0.2222220004
116506  49.506  -3.734  31.509 0.3333329856
112257  44.205  -5.922  33.884 0.2222220004
112242  43.582  -5.563  34.697 0.1111110002
116555  49.318  -3.500  29.944 0.2222220004
112271  44.755  -6.181  33.225 0.2222220004
112272  43.974  -6.177  33.188 0.2222220004
112258  43.373  -5.944  33.851 0.1111110002
112273  43.219  -6.169  33.138 0.1111110002
112260  41.911  -6.167  33.530 0.1111110002
110737  40.770  -6.793  34.432 0.1111110002
109161  39.828  -8.098  34.482 0.1111110002
106187  39.462  -9.303  34.320 0.1111110002
109173  40.031  -7.249  33.565 0.1111110002
107625  39.097  -8.564  33.752 0.1111110002
106146  41.909  -9.126  37.505 0.2222220004
106147  41.507  -9.070  37.043 0.2222220004
112241  44.534  -5.669  34.488 0.2222220004
107567  41.306  -8.405  36.830 0.2222220004
112243  42.677  -5.876  34.537 0.1111110002
112227  41.536  -6.368  35.017 0.1111110002
110727  40.786  -7.023  34.973 0.1111110002
107602  40.317  -8.331  35.372 0.1111110002
112244  41.855  -6.161  34.417 0.1111110002
110736  41.202  -6.542  34.737 0.1111110002
109160  40.248  -7.544  34.580 0.1111110002
107611  39.958  -8.460  34.852 0.1111110002
107548  42.375  -8.421  38.370 0.2222220004
107549  42.021  -8.436  37.828 0.2222220004
112204  42.390  -5.950  36.767 0.1111110002
112197  42.065  -6.805  37.344 0.1111110002
109111  41.498  -7.783  37.041 0.2222220004
113804  44.915  -5.388  34.961 0.2222220004
113787  43.267  -5.363  35.609 0.2222220004
112214  42.532  -5.764  35.952 0.1111110002
110725  41.627  -6.597  36.002 0.1111110002
109128  40.885  -7.875  36.076 0.1111110002
112225  42.787  -5.703  35.225 0.2222220004
112226  41.988  -6.130  35.373 0.1111110002
110726  41.219  -6.793  35.505 0.1111110002
123850  53.956  0.684  29.954 0.3333329856
122458  54.186  -0.033  29.591 0.3333329856
110682  43.197  -6.992  39.147 0.2222220004
109095  42.185  -7.753  38.052 0.2222220004
113722  42.940  -6.064  38.474 0.2222220004
112188  42.709  -6.461  38.318 0.1111110002
109110  41.870  -7.778  37.517 0.2222220004
110695  42.085  -7.145  37.660 0.1111110002
110706  41.788  -7.149  37.137 0.2222220004
125265  53.888  1.499  29.429 0.2222220004
123864  54.444  0.700  29.160 0.2222220004
125264  54.543  1.569  28.827 0.2222220004
126595  54.523  2.057  28.742 0.2222220004
125311  55.083  1.046  27.643 0.2222220004
126813  55.550  2.601  19.783 0.2222220004
133702  58.145  6.182  18.221 0.2222220004
125249  52.807  1.191  29.802 0.2222220004
125283  54.896  1.352  28.193 0.2222220004
127987  54.550  2.248  27.871 0.2222220004
125336  55.183  0.755  27.174 0.2222220004
129459  55.333  3.872  20.171 0.2222220004
128103  55.190  2.792  20.126 0.1111110002
128139  55.845  3.708  19.469 0.2222220004
132290  57.879  5.356  18.748 0.2222220004
133694  58.088  6.273  19.058 0.2222220004
135225  58.190  6.943  17.718 0.2222220004
136683  58.108  7.618  17.225 0.2222220004
136690  57.966  7.530  16.526 0.2222220004
136698  57.631  7.532  15.868 0.1111110002
126665  55.322  1.391  26.951 0.2222220004
125350  55.549  0.967  26.433 0.1111110002
123945  55.386  0.327  25.371 0.2222220004
125358  55.818  0.893  25.560 0.2222220004
124011  53.461  0.403  21.731 0.1111110002
130825  55.624  4.397  20.469 0.2222220004
128104  54.871  3.272  20.417 0.2222220004
126800  56.083  1.744  20.404 0.1111110002
124012  52.696  0.511  21.813 0.1111110002
129458  55.664  4.055  19.872 0.2222220004
126782  56.216  1.524  20.889 0.1111110002
122614  55.511  -0.055  21.505 0.1111110002
124025  53.762  0.464  20.990 0.1111110002
132272  56.987  5.060  20.198 0.2222220004
130838  56.467  4.588  19.864 0.2222220004
132271  57.317  5.158  19.849 0.2222220004
130837  57.131  4.797  19.492 0.2222220004
135213  58.047  7.067  19.438 0.2222220004
136670  57.872  7.844  18.846 0.2222220004
135219  58.124  7.043  18.554 0.2222220004
136676  58.069  7.744  17.987 0.2222220004
138131  57.467  8.688  17.571 0.2222220004
138130  57.913  8.371  17.388 0.2222220004
138138  58.081  8.007  16.864 0.2222220004
139616  57.586  8.878  16.712 0.1111110002
133721  55.472  6.617  16.476 0.1111110002
139625  57.452  8.780  16.034 0.1111110002
123960  55.580  0.250  24.689 0.1111110002
126704  55.510  1.654  24.698 0.2222220004
125365  55.971  1.206  24.866 0.1111110002
122572  54.767  -0.028  23.644 0.1111110002
123975  55.709  0.186  24.103 0.1111110002
122571  55.503  -0.035  23.437 0.1111110002
130826  55.220  4.241  20.658 0.2222220004
129437  54.648  3.935  21.057 0.2222220004
126784  54.699  2.361  21.081 0.1111110002
126762  54.659  2.037  21.926 0.1111110002
125393  56.007  1.369  22.331 0.1111110002
122570  56.012  0.040  22.994 0.1111110002
122589  54.852  -0.029  22.755 0.1111110002
124026  52.938  0.631  20.972 0.1111110002
125397  57.016  0.653  21.541 0.1111110002
124008  56.762  0.053  22.140 0.1111110002
124009  54.718  0.174  21.556 0.1111110002
123991  54.593  0.127  22.069 0.1111110002
132254  57.368  5.439  20.496 0.2222220004
132253  57.719  5.724  20.062 0.2222220004
138117  57.572  8.357  18.596 0.1111110002
136678  56.772  7.812  18.331 0.1111110002
135220  56.349  7.161  18.673 0.1111110002
138132  56.836  8.530  17.226 0.1111110002
138125  56.781  8.153  17.782 0.1111110002
135226  56.278  7.298  17.993 0.1111110002
139617  56.896  9.032  16.464 0.1111110002
136691  56.392  8.192  16.845 0.1111110002
133712  55.477  6.479  16.882 0.1111110002
138139  56.457  8.549  16.228 0.1111110002
136692  56.066  7.747  16.446 0.1111110002
126705  54.809  1.858  24.520 0.2222220004
123974  56.089  0.351  23.666 0.1111110002
130800  55.192  4.847  22.021 0.2222220004
128088  54.337  3.359  21.086 0.2222220004
128067  53.891  3.154  21.779 0.1111110002
128055  53.830  2.831  22.161 0.1111110002
125392  56.731  0.781  22.336 0.1111110002
123990  56.443  0.277  22.854 0.1111110002
130815  55.800  4.882  21.314 0.2222220004
132230  55.907  5.132  22.007 0.2222220004
132217  56.338  5.446  22.363 0.2222220004
122587  56.209  -0.084  22.369 0.1111110002
132244  56.432  5.153  21.213 0.2222220004
133636  57.074  5.922  21.966 0.2222220004
136646  57.660  7.382  20.825 0.2222220004
135187  57.836  6.800  21.035 0.2222220004
133635  57.444  6.273  21.732 0.2222220004
135201  57.965  6.956  20.298 0.2222220004
132274  53.754  4.911  19.201 0.1111110002
136661  57.032  7.479  19.778 0.1111110002
135214  56.358  6.962  19.388 0.1111110002
133679  55.609  5.969  19.193 0.1111110002
136672  56.761  7.443  19.152 0.1111110002
133695  55.636  6.043  18.433 0.1111110002
129402  53.306  3.802  23.969 0.2222220004
128036  53.109  3.130  24.109 0.2222220004
128022  53.088  3.044  24.966 0.2222220004
129407  53.549  3.782  23.159 0.2222220004
128048  53.253  3.217  23.325 0.2222220004
126719  55.467  1.665  23.866 0.1111110002
125382  56.452  0.803  23.445 0.1111110002
129414  54.017  4.003  22.231 0.2222220004
126741  53.477  2.846  22.958 0.2222220004
126722  53.446  2.654  23.445 0.1111110002
126738  55.393  1.641  23.018 0.1111110002
135172  57.375  7.015  21.791 0.2222220004
135153  57.264  6.556  22.089 0.2222220004
133652  54.444  5.769  20.735 0.1111110002
133667  53.297  5.233  20.283 0.1111110002
136639  56.584  7.182  21.064 0.2222220004
135189  55.686  6.412  20.511 0.1111110002
136662  56.633  7.220  19.756 0.1111110002
135203  55.962  6.413  19.684 0.1111110002
133664  55.398  5.940  19.900 0.1111110002
133665  54.700  5.519  19.968 0.1111110002
132168  53.457  5.223  27.582 0.2222220004
133581  52.424  5.789  27.008 0.1111110002
129395  53.170  3.801  24.831 0.2222220004
130755  53.535  4.461  25.543 0.2222220004
130744  53.894  4.995  26.401 0.2222220004
133571  53.043  5.901  27.487 0.1111110002
130774  53.796  4.320  23.814 0.2222220004
130765  53.607  4.387  24.675 0.2222220004
130764  54.019  4.927  25.341 0.2222220004
132176  53.980  5.326  26.497 0.2222220004
130791  54.279  4.338  22.457 0.2222220004
130783  54.472  4.824  23.571 0.2222220004
132201  54.722  5.221  24.463 0.2222220004
132192  55.016  5.671  25.017 0.2222220004
132219  55.385  5.188  22.834 0.2222220004
132210  55.100  5.228  23.547 0.2222220004
135109  55.657  6.450  24.314 0.2222220004
133623  56.454  5.838  22.798 0.2222220004
133614  56.278  6.167  23.348 0.2222220004
135122  55.909  6.578  23.873 0.2222220004
136623  56.325  7.002  21.867 0.2222220004
136607  56.602  6.862  22.615 0.2222220004
135177  53.487  5.856  21.349 0.1111110002
135173  56.132  6.932  21.389 0.1111110002
135156  55.227  6.761  21.834 0.1111110002
135157  54.391  6.613  22.121 0.1111110002
133579  53.878  5.993  26.531 0.1111110002
132185  54.347  5.589  25.972 0.2222220004
133588  54.038  6.237  25.923 0.1111110002
133605  55.304  6.056  24.780 0.2222220004
133587  54.598  6.203  25.815 0.1111110002
135111  54.729  7.004  24.495 0.2222220004
136594  55.641  6.979  23.348 0.2222220004
136608  55.960  6.996  22.698 0.1111110002
136625  54.962  6.913  22.447 0.1111110002
135102  54.863  6.810  25.102 0.2222220004
133597  54.429  6.732  25.601 0.1111110002
107531  42.837  -8.385  38.846 0.2222220004
106137  42.277  -9.125  38.055 0.2222220004
112187  43.053  -6.400  38.792 0.2222220004
109094  42.562  -7.718  38.564 0.2222220004
125248  53.421  1.222  29.831 0.2222220004
126621  54.646  2.036  28.310 0.2222220004
126648  55.030  1.683  27.539 0.2222220004
130754  53.902  4.984  26.010 0.2222220004
116609  48.792  -3.139  28.453 0.1111110002
118129  49.130  -2.619  27.840 0.1111110002
121071  49.244  -1.474  26.009 0.1111110002
113850  47.008  -5.650  31.958 0.2222220004
112295  45.906  -6.103  32.108 0.2222220004
112284  45.318  -6.245  32.612 0.2222220004
112196  42.346  -6.390  37.603 0.1111110002
113767  42.932  -5.397  36.463 0.2222220004
113806  43.738  -5.333  35.229 0.2222220004
123838  53.703  0.356  30.682 0.3333329856
119589  48.189  -2.061  25.881 0.1111110002
116526  49.291  -3.751  30.814 0.2222220004
115127  48.265  -4.732  31.311 0.2222220004
109386  42.887  -7.391  20.934 0.1111110002
106435  43.630  -8.742  21.342 0.1111110002
109387  42.059  -7.278  21.271 0.1111110002
109394  45.023  -7.491  20.681 0.1111110002
109373  46.827  -8.019  21.805 0.1111110002
110953  41.486  -6.404  21.937 0.1111110002
107864  41.665  -7.716  21.479 0.1111110002
112400  41.098  -6.131  22.893 0.1111110002
112417  42.271  -5.738  21.251 0.1111110002
110989  42.946  -6.197  20.581 0.1111110002
113980  42.326  -4.752  23.397 0.1111110002
115297  42.866  -4.381  23.605 0.1111110002
115301  42.184  -4.818  22.358 0.1111110002
113984  42.086  -5.170  21.993 0.1111110002
115296  43.355  -4.241  24.058 0.1111110002
110988  43.506  -6.358  20.345 0.1111110002
109381  46.637  -7.639  21.336 0.1111110002
113973  42.079  -5.141  24.368 0.1111110002
113951  42.504  -5.346  25.570 0.1111110002
113965  42.935  -4.968  25.279 0.1111110002
112395  41.523  -5.486  24.047 0.1111110002
113936  43.320  -5.472  26.434 0.1111110002
112359  43.202  -5.855  26.879 0.1111110002
116713  43.563  -3.717  23.455 0.1111110002
116669  44.432  -4.354  25.634 0.1111110002
115277  44.093  -4.463  25.548 0.1111110002
115260  44.313  -4.622  26.052 0.1111110002
116668  44.998  -4.177  25.864 0.1111110002
115242  45.055  -4.667  26.873 0.1111110002
115205  46.648  -4.695  28.611 0.1111110002
115225  45.313  -4.826  27.395 0.1111110002
113919  45.712  -5.132  28.202 0.1111110002
113964  43.404  -4.900  25.680 0.1111110002
113934  44.448  -5.147  26.985 0.1111110002
113921  44.541  -5.477  27.625 0.1111110002
112350  43.938  -5.918  27.716 0.1111110002
113949  43.689  -5.061  26.163 0.1111110002
115155  48.325  -4.329  30.228 0.1111110002
115178  48.061  -4.292  29.666 0.1111110002
115179  47.539  -4.471  29.385 0.1111110002
113881  46.614  -5.210  29.512 0.1111110002
116700  44.436  -3.519  24.254 0.1111110002
116633  45.909  -4.370  27.283 0.1111110002
116632  46.525  -4.157  27.509 0.1111110002
116650  45.740  -4.172  26.680 0.1111110002
113869  46.278  -5.755  30.371 0.2222220004
113859  46.747  -5.621  31.031 0.2222220004
112324  45.786  -5.978  30.125 0.1111110002
116699  44.963  -3.289  24.483 0.1111110002
118198  45.826  -2.868  24.742 0.1111110002
118199  45.349  -2.986  24.477 0.1111110002
112339  45.136  -5.975  29.000 0.1111110002
112315  44.812  -6.435  29.932 0.1111110002
118215  44.094  -3.163  23.384 0.1111110002
118213  45.074  -2.842  24.013 0.1111110002
116583  47.528  -4.249  28.910 0.1111110002
116610  48.267  -3.407  28.190 0.1111110002
116582  48.033  -3.962  29.027 0.1111110002
116648  47.335  -3.268  26.789 0.1111110002
116631  47.530  -3.475  27.376 0.1111110002
118148  47.742  -2.938  26.811 0.1111110002
118169  46.901  -2.960  25.926 0.1111110002
118131  48.054  -3.017  27.300 0.1111110002
119591  46.855  -2.703  25.487 0.1111110002
119590  47.283  -2.480  25.567 0.1111110002
121083  48.371  -1.450  25.250 0.1111110002
116527  48.847  -3.976  30.312 0.1111110002
112259  42.577  -6.033  33.722 0.1111110002
110744  41.262  -6.389  33.997 0.1111110002
110745  40.652  -6.772  33.774 0.1111110002
109174  39.627  -7.885  34.003 0.1111110002
107612  39.625  -8.580  34.378 0.1111110002
107626  38.843  -9.071  33.582 0.1111110002
106176  39.821  -9.200  34.817 0.1111110002
107566  41.666  -8.430  37.315 0.2222220004
107585  41.004  -8.373  36.356 0.2222220004
109147  40.679  -7.586  35.521 0.1111110002
106175  40.184  -9.091  35.282 0.2222220004
112215  42.011  -6.270  36.280 0.1111110002
112205  42.030  -6.547  36.961 0.1111110002
110715  41.694  -6.809  36.566 0.1111110002
110707  41.464  -7.290  36.718 0.2222220004
110716  41.324  -7.073  36.237 0.1111110002
110694  42.387  -7.065  38.195 0.2222220004
132303  58.052  5.338  17.850 0.2222220004
128087  54.558  2.884  20.848 0.2222220004
132270  57.825  5.620  19.492 0.2222220004
132255  56.745  5.099  20.592 0.2222220004
136660  57.633  7.623  19.875 0.2222220004
138123  57.726  8.331  18.112 0.2222220004
136685  56.039  7.374  16.961 0.1111110002
133722  55.171  6.215  16.173 0.1111110002
139626  56.832  9.145  15.738 0.1111110002
122588  55.611  -0.114  22.568 0.1111110002
130801  54.611  4.257  21.592 0.2222220004
125391  56.917  0.567  21.883 0.1111110002
126739  54.629  1.889  22.816 0.1111110002
133662  57.830  6.167  20.592 0.2222220004
133663  57.484  5.805  20.981 0.2222220004
136671  57.260  7.923  18.971 0.1111110002
136677  57.141  8.144  18.516 0.1111110002
126707  53.423  2.475  24.233 0.2222220004
128056  53.549  3.194  22.513 0.2222220004
132229  56.534  5.386  21.865 0.2222220004
132218  55.961  5.364  22.736 0.2222220004
133622  56.910  6.158  22.484 0.2222220004
132228  56.908  5.515  21.517 0.2222220004
132257  53.598  5.100  19.817 0.1111110002
136648  56.635  7.238  20.345 0.2222220004
130784  53.957  4.204  23.004 0.2222220004
126720  54.717  1.852  23.683 0.1111110002
135175  54.960  6.298  21.227 0.1111110002
135190  55.051  5.978  20.488 0.1111110002
135188  56.197  6.881  20.779 0.1111110002
132177  53.765  5.680  27.122 0.2222220004
130773  54.166  4.848  24.522 0.2222220004
132193  54.543  5.316  25.192 0.2222220004
130782  54.785  5.001  23.363 0.2222220004
132211  54.879  5.197  23.994 0.2222220004
132200  55.245  5.514  24.343 0.2222220004
132209  55.715  5.457  23.358 0.2222220004
133615  55.959  5.903  23.732 0.2222220004
136592  56.474  6.692  23.038 0.2222220004
135155  55.839  6.901  21.706 0.1111110002
76426  9.848  -24.621  60.454 0.1111110002
76425  11.909  -24.439  60.391 0.2222220004
76416  11.565  -24.128  61.022 0.2222220004
75110  10.718  -25.002  61.133 0.1111110002
75111  10.194  -25.144  60.771 0.1111110002
76417  11.007  -24.210  61.454 0.1111110002
73862  9.901  -26.194  59.000 0.1111110002
73864  9.968  -26.274  58.221 0.1111110002
76418  10.175  -24.261  61.164 0.1111110002
76419  9.837  -23.851  61.101 0.1111110002
76427  9.678  -23.984  60.754 0.1111110002
77895  10.924  -23.564  61.564 0.1111110002
76435  9.525  -24.131  60.090 0.1111110002
76434  9.752  -24.768  59.727 0.1111110002
75123  9.911  -25.549  58.574 0.1111110002
77903  11.640  -23.592  60.589 0.2222220004
76442  9.494  -24.203  59.350 0.1111110002
77890  11.018  -23.130  61.521 0.1111110002
77891  10.647  -23.197  61.774 0.1111110002
77896  9.947  -23.729  61.310 0.1111110002
77894  11.327  -23.464  61.219 0.1111110002
77904  9.283  -23.522  60.453 0.1111110002
80965  9.083  -22.039  61.649 0.1111110002
79442  11.190  -22.778  61.250 0.1111110002
79435  10.345  -22.619  61.980 0.1111110002
77893  9.610  -23.057  61.523 0.1111110002
79459  11.176  -22.589  59.820 0.2222220004
80972  11.227  -22.330  60.878 0.2222220004
80974  8.887  -22.427  61.207 0.1111110002
79469  11.413  -23.095  59.588 0.2222220004
82543  10.703  -21.070  61.182 0.2222220004
80963  10.700  -21.856  61.699 0.2222220004
80964  9.929  -21.912  61.981 0.2222220004
82555  10.584  -21.260  59.658 0.2222220004
82551  10.747  -21.184  60.457 0.2222220004
80973  10.944  -21.775  60.988 0.2222220004
80991  10.815  -22.017  59.441 0.2222220004
87646  11.066  -18.865  60.394 0.2222220004
84186  10.509  -20.316  61.249 0.2222220004
82533  10.227  -20.936  61.855 0.2222220004
85879  10.661  -19.792  60.768 0.2222220004
84194  10.631  -20.462  60.644 0.2222220004
87658  11.117  -18.977  59.777 0.2222220004
85888  10.636  -19.899  60.192 0.2222220004
84199  10.555  -20.533  59.962 0.2222220004
85912  10.712  -19.739  58.828 0.2222220004
87636  10.770  -19.177  60.856 0.2222220004
85873  10.524  -19.596  61.265 0.2222220004
85866  10.336  -19.419  61.593 0.2222220004
84180  9.738  -20.125  61.942 0.2222220004
87668  11.291  -19.047  58.954 0.2222220004
85911  11.140  -19.397  58.326 0.2222220004
87677  12.497  -18.993  58.312 0.2222220004
89375  9.784  -18.508  62.104 0.2222220004
87635  10.991  -18.705  60.946 0.2222220004
87631  10.715  -18.870  61.376 0.2222220004
87623  10.316  -19.072  61.764 0.2222220004
89403  11.391  -18.653  60.228 0.2222220004
89411  11.554  -18.659  59.914 0.2222220004
87656  12.578  -18.567  59.373 0.2222220004
89410  12.032  -18.455  59.781 0.2222220004
87666  12.947  -18.882  58.688 0.2222220004
90889  10.216  -17.631  59.631 0.2222220004
92491  10.753  -17.316  59.513 0.2222220004
92476  10.355  -17.248  60.363 0.2222220004
92457  10.392  -17.198  61.292 0.2222220004
92468  9.584  -17.522  61.237 0.2222220004
93966  11.937  -16.724  60.049 0.2222220004
92464  10.906  -16.962  60.364 0.2222220004
93957  10.994  -16.914  61.078 0.2222220004
93953  10.806  -17.310  61.613 0.2222220004
92463  12.780  -16.864  60.348 0.2222220004
92455  12.503  -16.979  60.652 0.2222220004
92449  11.278  -17.391  61.451 0.2222220004
89373  10.870  -18.140  61.650 0.2222220004
89399  13.945  -18.267  60.005 0.2222220004
89389  13.284  -17.909  60.192 0.2222220004
90877  12.640  -17.708  60.534 0.2222220004
89391  11.979  -18.259  60.544 0.2222220004
89379  11.690  -18.280  60.981 0.2222220004
87644  13.743  -18.564  59.752 0.2222220004
87645  13.123  -18.450  59.690 0.2222220004
89401  12.463  -18.235  59.972 0.2222220004
79504  20.216  -22.535  55.938 0.2222220004
81041  19.877  -22.323  56.201 0.2222220004
82602  19.635  -22.031  55.989 0.1111110002
82590  18.870  -21.407  56.164 0.1111110002
82619  19.218  -21.642  54.887 0.1111110002
92482  11.659  -16.933  59.607 0.2222220004
90898  10.728  -17.657  58.955 0.1111110002
85932  16.968  -19.627  56.702 0.1111110002
92481  12.299  -16.884  59.427 0.2222220004
92489  11.883  -17.093  59.054 0.2222220004
90875  14.075  -17.657  59.967 0.2222220004
92480  12.964  -16.977  59.238 0.2222220004
92488  12.528  -17.127  58.842 0.2222220004
92470  13.961  -17.294  59.339 0.2222220004
92487  13.164  -17.250  58.637 0.2222220004
81058  19.717  -22.007  55.497 0.1111110002
81092  19.697  -21.986  54.312 0.1111110002
92490  11.236  -17.162  59.246 0.1111110002
90905  11.177  -17.810  58.225 0.1111110002
87683  16.762  -19.430  57.225 0.1111110002
90903  12.600  -17.555  58.149 0.1111110002
85943  16.730  -19.713  56.126 0.1111110002
87689  16.670  -19.466  56.627 0.1111110002
90900  14.380  -17.675  58.077 0.2222220004
87690  16.095  -19.229  56.452 0.1111110002
87685  15.296  -18.479  57.235 0.1111110002
89433  14.061  -17.836  57.234 0.1111110002
89440  14.957  -18.294  57.187 0.1111110002
79538  21.081  -22.968  54.682 0.1111110002
87691  15.129  -18.623  56.648 0.1111110002
79539  20.576  -22.619  54.947 0.1111110002
81108  19.644  -22.066  53.392 0.1111110002
79552  21.212  -22.974  54.009 0.1111110002
84388  27.415  -20.142  49.570 0.1111110002
84389  27.060  -20.538  49.297 0.1111110002
82741  26.516  -21.160  48.967 0.1111110002
82742  26.039  -21.512  48.814 0.1111110002
78003  22.725  -23.452  54.343 0.2222220004
79566  21.474  -23.003  53.326 0.1111110002
84371  27.506  -20.360  50.154 0.1111110002
84372  27.256  -20.590  49.812 0.1111110002
81189  25.472  -22.111  48.948 0.1111110002
76598  22.392  -24.754  49.354 0.1111110002
76599  21.788  -24.843  49.067 0.1111110002
81205  25.320  -22.109  48.399 0.1111110002
76619  22.171  -24.613  48.586 0.1111110002
81220  25.253  -21.951  47.564 0.1111110002
79645  24.793  -22.379  47.533 0.1111110002
76618  22.962  -24.360  48.703 0.1111110002
76639  21.894  -24.529  47.904 0.1111110002
77986  23.074  -23.597  54.763 0.2222220004
81188  25.923  -21.845  49.273 0.1111110002
79627  25.478  -22.240  49.272 0.1111110002
79640  24.461  -22.990  48.371 0.1111110002
78112  24.056  -23.370  48.085 0.1111110002
76638  22.602  -24.361  47.955 0.1111110002
79639  24.862  -22.507  48.049 0.1111110002
79646  24.291  -22.842  47.350 0.1111110002
78113  23.618  -23.572  47.576 0.1111110002
78101  23.163  -24.041  48.003 0.1111110002
79647  23.773  -23.256  47.093 0.1111110002
79536  23.685  -23.399  54.592 0.2222220004
79549  23.493  -23.159  54.021 0.2222220004
78068  24.526  -23.717  50.093 0.1111110002
78083  24.862  -23.244  49.796 0.1111110002
78069  24.106  -23.936  49.709 0.1111110002
76596  23.713  -24.170  49.509 0.1111110002
79614  25.571  -22.356  49.717 0.1111110002
79628  25.022  -22.709  49.088 0.1111110002
78084  24.457  -23.459  49.342 0.1111110002
78100  23.634  -23.849  48.462 0.1111110002
78099  24.180  -23.461  48.711 0.1111110002
78114  22.982  -24.009  47.347 0.1111110002
79654  23.810  -23.061  46.722 0.1111110002
78124  22.672  -24.008  46.617 0.1111110002
76661  22.334  -24.316  47.275 0.1111110002
78123  23.362  -23.524  46.734 0.1111110002
100276  38.995  -12.336  43.472 0.2222220004
100295  38.860  -12.286  42.672 0.1111110002
100275  39.753  -12.274  43.602 0.3333329856
100315  39.485  -12.129  42.003 0.1111110002
100293  40.407  -12.206  42.924 0.2222220004
100294  39.627  -12.208  42.806 0.1111110002
100314  40.272  -12.115  42.122 0.1111110002
100336  40.156  -12.030  41.302 0.1111110002
100356  40.012  -11.997  40.543 0.1111110002
100335  40.870  -12.023  41.481 0.1111110002
101978  41.212  -11.919  40.999 0.1111110002
101979  40.731  -11.929  40.934 0.1111110002
101980  40.377  -11.969  40.830 0.1111110002
102002  41.084  -12.101  39.955 0.1111110002
102003  40.649  -11.910  40.031 0.1111110002
100374  39.877  -12.003  39.546 0.1111110002
100391  40.999  -12.888  38.515 0.1111110002
100392  40.247  -12.414  38.580 0.1111110002
100334  41.736  -12.055  41.350 0.1111110002
101990  41.547  -11.918  40.785 0.1111110002
100354  41.864  -12.343  40.473 0.1111110002
101991  41.153  -11.959  40.447 0.1111110002
100372  41.682  -12.603  39.894 0.1111110002
100373  41.077  -12.427  39.404 0.1111110002
100411  41.068  -13.180  38.094 0.1111110002
98777  41.210  -13.535  37.733 0.1111110002
100412  40.552  -12.955  37.761 0.1111110002
100439  40.461  -13.163  37.224 0.1111110002
100440  39.909  -12.886  36.889 0.1111110002
98733  41.499  -13.071  38.924 0.1111110002
98752  42.056  -13.378  38.742 0.1111110002
98753  41.452  -13.347  38.372 0.1111110002
98804  40.585  -13.498  36.880 0.1111110002
97289  40.680  -13.892  36.591 0.1111110002
97303  40.552  -14.249  36.132 0.1111110002
95766  40.970  -14.534  35.738 0.1111110002
95790  40.833  -14.335  34.737 0.1111110002
103528  39.849  -10.714  34.577 0.1111110002
102121  39.725  -11.799  34.037 0.1111110002
97336  40.642  -13.980  34.480 0.1111110002
100353  42.504  -12.513  40.938 0.1111110002
98712  42.542  -12.845  40.451 0.1111110002
98732  41.983  -13.018  39.457 0.1111110002
98776  41.927  -13.669  38.069 0.1111110002
97271  41.680  -13.898  37.418 0.1111110002
97272  41.275  -13.808  37.333 0.1111110002
97287  41.924  -13.655  36.786 0.1111110002
97288  41.161  -13.927  36.849 0.1111110002
97301  41.654  -13.582  36.063 0.1111110002
97302  41.405  -14.192  36.209 0.1111110002
100489  41.559  -12.656  36.086 0.1111110002
98824  41.779  -13.005  36.336 0.1111110002
106155  41.183  -9.062  36.561 0.1111110002
100490  41.260  -12.325  35.743 0.1111110002
98849  41.272  -13.072  35.524 0.1111110002
95778  41.004  -14.516  35.016 0.1111110002
103512  40.566  -10.420  35.523 0.1111110002
102102  40.876  -11.935  35.341 0.1111110002
100515  40.911  -12.450  35.198 0.1111110002
97318  41.285  -13.850  35.521 0.1111110002
104822  40.781  -9.844  35.958 0.1111110002
102083  40.914  -11.381  35.609 0.1111110002
98873  40.998  -13.200  35.051 0.1111110002
103527  40.214  -10.581  35.006 0.1111110002
102103  40.373  -11.578  34.856 0.1111110002
100516  40.563  -12.561  34.756 0.1111110002
98751  42.694  -13.092  39.074 0.1111110002
100390  42.911  -12.252  38.823 0.1111110002
98775  42.551  -13.109  38.239 0.1111110002
97270  42.249  -13.529  37.527 0.1111110002
97286  42.189  -13.242  37.187 0.1111110002
102044  42.430  -11.486  37.666 0.1111110002
98802  42.056  -12.754  36.904 0.1111110002
102045  42.088  -11.402  37.133 0.1111110002
100463  41.641  -12.171  36.333 0.1111110002
122353  40.260  -0.785  37.238 0.2222220004
120885  40.613  -1.000  36.184 0.2222220004
120854  40.600  -1.368  38.125 0.2222220004
81074  20.204  -22.193  54.922 0.1111110002
79521  20.857  -22.900  55.300 0.2222220004
79522  20.401  -22.586  55.531 0.2222220004
81091  20.214  -22.301  54.629 0.1111110002
76577  24.186  -24.029  50.103 0.2222220004
76580  22.712  -24.773  49.971 0.1111110002
81187  26.391  -21.530  49.735 0.1111110002
104814  41.286  -9.908  36.472 0.1111110002
79535  24.390  -23.080  54.665 0.2222220004
76620  21.401  -24.758  48.580 0.1111110002
104805  41.416  -9.486  36.801 0.1111110002
82531  9.621  -20.684  61.980 0.2222220004
82534  9.475  -21.309  61.999 0.1111110002
84235  18.497  -21.024  56.730 0.1111110002
79437  9.286  -22.750  61.366 0.1111110002
84179  10.166  -20.057  61.650 0.2222220004
87624  9.916  -19.050  62.005 0.2222220004
92452  10.181  -17.758  62.134 0.2222220004
122367  40.757  -0.607  36.749 0.2222220004
76578  23.800  -24.290  50.094 0.2222220004
76597  23.185  -24.475  49.581 0.1111110002
87684  15.841  -18.731  57.427 0.1111110002
92478  14.025  -17.342  58.916 0.2222220004
100313  41.070  -12.110  42.209 0.1111110002
100312  41.900  -12.193  42.325 0.1111110002
106156  40.853  -8.839  36.188 0.1111110002
104823  40.435  -9.656  35.560 0.1111110002
76414  10.479  -23.764  61.606 0.1111110002
77892  10.023  -23.315  61.648 0.1111110002
76441  9.762  -24.840  58.952 0.1111110002
79434  10.889  -22.638  61.668 0.1111110002
79436  9.695  -22.638  61.750 0.1111110002
79443  8.981  -22.816  60.794 0.1111110002
80962  11.026  -22.266  61.325 0.1111110002
79452  11.307  -22.588  60.313 0.2222220004
87659  10.779  -19.472  59.852 0.2222220004
87667  12.131  -18.797  58.820 0.2222220004
89374  10.542  -18.496  61.827 0.2222220004
93950  11.814  -16.862  61.205 0.2222220004
90876  13.225  -17.453  60.320 0.2222220004
92462  13.309  -17.167  60.066 0.2222220004
90869  12.115  -17.934  60.958 0.2222220004
89400  13.214  -18.209  59.979 0.2222220004
82758  26.056  -21.374  48.323 0.1111110002
78085  23.923  -23.842  49.135 0.1111110002
79629  24.511  -23.148  48.887 0.1111110002
100337  39.316  -12.069  41.199 0.1111110002
98713  42.140  -12.867  40.070 0.1111110002
102084  40.518  -10.992  35.245 0.1111110002
98874  40.642  -13.289  34.603 0.1111110002
100438  41.967  -11.983  36.866 0.1111110002
100437  42.263  -12.143  37.341 0.1111110002
122368  40.143  -0.779  36.652 0.2222220004
92543  27.298  -17.009  49.779 0.1111110002
89501  26.728  -17.739  50.320 0.1111110002
90973  26.979  -17.214  49.457 0.1111110002
90974  26.614  -17.669  49.710 0.1111110002
81125  23.855  -21.912  52.211 0.1111110002
86063  25.030  -19.480  49.873 0.1111110002
86034  24.765  -19.996  50.924 0.1111110002
84326  24.779  -20.675  51.799 0.1111110002
82701  24.131  -21.415  51.821 0.1111110002
84341  24.668  -20.391  51.354 0.1111110002
79563  23.893  -22.505  53.110 0.1111110002
79564  23.026  -22.910  53.168 0.1111110002
79579  23.326  -22.430  52.416 0.1111110002
103405  35.527  -10.671  43.010 0.1111110002
103402  37.544  -10.791  43.606 0.1111110002
103404  36.212  -10.681  43.213 0.1111110002
117939  39.623  -3.102  36.855 0.1111110002
116419  40.061  -3.429  37.337 0.1111110002
117917  40.173  -2.724  37.624 0.1111110002
119390  39.897  -2.027  37.423 0.1111110002
119400  39.141  -2.118  36.765 0.1111110002
120887  38.970  -1.485  36.373 0.1111110002
120870  39.645  -1.311  37.017 0.1111110002
120886  39.798  -1.075  36.175 0.1111110002
120924  39.695  -1.595  34.907 0.1111110002
120906  40.295  -1.402  35.418 0.1111110002
119434  40.543  -1.953  34.878 0.1111110002
119453  40.358  -2.369  34.410 0.1111110002
119417  40.965  -1.771  35.279 0.1111110002
117965  41.143  -2.506  34.576 0.1111110002
116473  43.430  -3.352  32.777 0.1111110002
117980  41.886  -2.937  34.024 0.1111110002
117981  40.980  -2.799  34.173 0.1111110002
118001  42.287  -3.252  33.426 0.1111110002
117964  41.584  -2.613  34.563 0.1111110002
118000  43.069  -3.137  33.276 0.1111110002
75216  20.359  -24.907  51.934 0.2222220004
118002  41.440  -3.289  33.526 0.1111110002
119380  40.343  -2.041  37.898 0.1111110002
117930  39.385  -2.431  36.931 0.1111110002
116434  39.560  -3.555  36.765 0.1111110002
123932  54.925  0.294  26.226 0.1111110002
128137  56.678  2.858  18.592 0.1111110002
125447  57.356  1.852  18.324 0.1111110002
129475  56.251  4.066  19.319 0.1111110002
126827  57.646  1.971  17.744 0.1111110002
126836  58.125  2.371  16.432 0.1111110002
128156  58.299  2.245  15.931 0.1111110002
128162  58.381  2.603  14.508 0.1111110002
125499  58.784  1.206  14.122 0.1111110002
129474  56.764  3.629  18.645 0.1111110002
129492  57.381  3.901  18.125 0.1111110002
128154  57.908  2.852  16.850 0.1111110002
128157  58.172  2.941  16.037 0.1111110002
126840  58.594  1.852  14.736 0.1111110002
128159  58.423  2.442  15.329 0.1111110002
129604  58.414  3.727  8.555 0.1111110002
132291  57.492  5.062  19.305 0.1111110002
130855  57.776  4.757  18.265 0.1111110002
130897  58.115  4.512  16.473 0.1111110002
129499  58.121  3.837  15.842 0.1111110002
130931  57.278  4.583  14.792 0.1111110002
129502  57.791  4.048  15.013 0.1111110002
129506  56.832  4.364  13.965 0.1111110002
132356  56.667  5.274  14.213 0.1111110002
129510  56.771  4.168  13.576 0.1111110002
130941  56.353  5.043  13.444 0.1111110002
129544  56.486  4.169  11.664 0.1111110002
129557  56.598  4.104  11.217 0.1111110002
130988  57.164  4.276  10.082 0.1111110002
131019  58.058  4.370  8.773 0.1111110002
132417  57.278  4.955  9.433 0.1111110002
131034  58.322  4.398  7.893 0.1111110002
132317  58.175  5.278  16.983 0.1111110002
132326  57.968  5.321  16.142 0.1111110002
132336  57.202  5.721  15.022 0.1111110002
132335  57.521  5.356  15.375 0.1111110002
132346  57.069  5.286  14.757 0.1111110002
133747  56.540  5.988  14.080 0.1111110002
132386  56.143  5.364  12.597 0.1111110002
132372  56.256  5.393  13.215 0.1111110002
132407  56.413  4.844  10.769 0.1111110002
133809  56.654  5.975  10.461 0.1111110002
132418  56.994  5.173  9.755 0.1111110002
132428  57.491  5.215  9.043 0.1111110002
132437  58.062  5.177  8.248 0.1111110002
132447  58.275  5.172  7.325 0.1111110002
133847  58.257  6.018  6.924 0.1111110002
132448  57.965  4.866  6.718 0.1111110002
133711  58.177  6.111  17.376 0.1111110002
135238  57.846  6.820  16.210 0.1111110002
133729  57.712  6.090  15.847 0.1111110002
133730  57.259  6.150  15.269 0.1111110002
133746  56.771  5.656  14.463 0.1111110002
135256  56.573  6.736  14.035 0.1111110002
135261  56.425  6.524  13.415 0.1111110002
136735  56.729  7.249  12.758 0.1111110002
133780  56.255  6.009  12.905 0.1111110002
135299  56.767  6.989  11.932 0.1111110002
133801  56.402  5.955  11.281 0.1111110002
135309  56.789  6.648  11.142 0.1111110002
136772  57.401  7.399  10.904 0.1111110002
133819  57.084  6.109  9.631 0.1111110002
135318  57.295  6.927  10.173 0.1111110002
133831  57.415  6.138  8.964 0.1111110002
135327  57.431  6.717  9.344 0.1111110002
135338  57.573  6.688  8.881 0.1111110002
135337  57.829  6.742  8.314 0.1111110002
132459  58.157  5.360  6.586 0.1111110002
133840  58.105  5.966  7.787 0.1111110002
133854  58.037  5.939  6.048 0.1111110002
135376  57.993  6.814  5.554 0.1111110002
133866  57.669  6.166  5.399 0.1111110002
132479  56.534  5.358  5.519 0.1111110002
133869  55.569  5.770  4.878 0.1111110002
135231  58.117  6.856  16.927 0.1111110002
135248  56.994  6.854  14.908 0.1111110002
136709  56.977  7.578  14.506 0.1111110002
138171  57.101  8.040  13.295 0.1111110002
136734  56.950  7.405  12.348 0.1111110002
136720  56.883  7.571  12.992 0.1111110002
138205  57.466  8.003  12.014 0.1111110002
136771  57.859  7.918  10.716 0.1111110002
136784  57.622  7.491  10.451 0.1111110002
136792  58.000  7.781  9.245 0.1111110002
138260  58.244  8.452  9.611 0.1111110002
135326  57.745  7.146  8.967 0.1111110002
135350  58.138  6.820  7.332 0.1111110002
135363  58.186  6.832  6.424 0.1111110002
136839  57.938  7.645  4.976 0.1111110002
135389  57.465  6.733  4.750 0.1111110002
133870  54.810  5.808  4.817 0.1111110002
133871  54.057  5.787  4.796 0.1111110002
136827  58.037  7.687  5.892 0.1111110002
135390  56.956  6.376  4.764 0.1111110002
133886  56.055  6.246  4.537 0.1111110002
133887  55.286  6.331  4.400 0.1111110002
136800  58.002  7.716  8.505 0.1111110002
136809  58.040  7.668  7.684 0.1111110002
138297  58.002  8.570  7.155 0.1111110002
133889  53.733  6.300  4.542 0.1111110002
135406  54.151  7.000  4.440 0.1111110002
136857  53.865  7.549  4.867 0.1111110002
136818  58.030  7.687  6.792 0.1111110002
136854  56.380  7.140  3.988 0.1111110002
135414  55.440  7.266  3.882 0.1111110002
136856  54.554  7.823  4.331 0.1111110002
138304  57.915  8.589  6.244 0.1111110002
138312  57.921  8.556  5.326 0.1111110002
135402  57.149  7.103  4.277 0.1111110002
136853  56.831  7.328  3.951 0.1111110002
139783  57.770  9.421  4.749 0.1111110002
138319  57.898  8.525  4.415 0.1111110002
139739  58.369  9.373  8.350 0.1111110002
139767  57.916  9.616  6.623 0.1111110002
136870  56.140  7.635  3.695 0.1111110002
136871  55.295  7.711  3.753 0.1111110002
136868  57.384  8.102  3.578 0.1111110002
136869  56.937  7.904  3.617 0.1111110002
138328  56.477  8.343  3.269 0.1111110002
139775  57.793  9.473  5.640 0.1111110002
139791  57.851  9.380  3.895 0.1111110002
141184  57.617  10.357  4.995 0.1111110002
141194  57.598  10.265  4.190 0.1111110002
141131  58.324  9.886  7.845 0.1111110002
141146  58.193  10.416  7.309 0.1111110002
142568  58.257  11.359  7.347 0.1111110002
144066  57.891  12.095  6.980 0.1111110002
141176  57.831  10.360  5.866 0.1111110002
142599  57.890  11.150  6.058 0.1111110002
144077  57.832  11.918  6.278 0.1111110002
139799  57.841  9.385  3.049 0.1111110002
144067  57.116  12.050  6.947 0.1111110002
144089  57.677  11.735  5.653 0.1111110002
145538  57.513  12.576  6.550 0.1111110002
144090  57.462  11.671  5.128 0.1111110002
142643  57.636  10.820  3.063 0.1111110002
145573  57.193  12.370  4.045 0.1111110002
142633  57.389  11.050  3.707 0.1111110002
146988  57.175  13.219  4.218 0.1111110002
145565  57.319  12.464  4.943 0.1111110002
148217  56.848  14.103  5.318 0.1111110002
148230  56.932  14.214  4.344 0.1111110002
130879  57.591  4.359  18.215 0.1111110002
136699  57.254  7.560  15.203 0.1111110002
135239  57.418  6.834  15.577 0.1111110002
130856  57.157  4.470  18.937 0.1111110002
128152  57.198  3.142  18.065 0.1111110002
128151  57.560  2.642  17.520 0.1111110002
126833  57.962  2.098  17.034 0.1111110002
126838  58.523  1.759  15.543 0.1111110002
128160  58.207  3.212  15.174 0.1111110002
129491  57.663  3.428  17.452 0.1111110002
129497  58.009  3.654  16.696 0.1111110002
130878  57.908  4.386  17.516 0.1111110002
130909  57.891  4.630  15.671 0.1111110002
130921  57.553  4.700  15.213 0.1111110002
129522  56.645  4.000  12.857 0.1111110002
129523  56.365  4.425  12.621 0.1111110002
132393  56.151  5.303  11.878 0.1111110002
128194  57.010  3.577  12.096 0.1111110002
129569  57.109  4.014  10.445 0.1111110002
131005  57.067  4.605  9.934 0.1111110002
129586  57.958  3.788  9.402 0.1111110002
132406  56.541  5.168  10.377 0.1111110002
132429  57.174  5.650  9.306 0.1111110002
133720  58.073  6.077  16.565 0.1111110002
133738  56.852  6.079  14.715 0.1111110002
133793  56.250  6.007  12.141 0.1111110002
133800  56.582  6.201  10.945 0.1111110002
133830  57.741  5.838  8.449 0.1111110002
136715  56.748  7.446  13.750 0.1111110002
136721  56.622  7.119  13.177 0.1111110002
136754  57.186  7.403  11.619 0.1111110002
136783  57.890  7.734  10.022 0.1111110002
133867  57.016  5.941  5.208 0.1111110002
133868  56.276  5.784  5.041 0.1111110002
133885  56.603  6.199  4.780 0.1111110002
138163  57.105  8.143  13.985 0.1111110002
139645  57.295  8.551  13.562 0.1111110002
138170  57.515  8.555  13.032 0.1111110002
136753  57.694  7.946  11.365 0.1111110002
136852  57.566  7.648  4.034 0.1111110002
133888  54.491  6.362  4.441 0.1111110002
133872  53.443  5.770  4.758 0.1111110002
135403  56.679  6.724  4.354 0.1111110002
135404  55.833  6.946  4.043 0.1111110002
138288  58.152  8.522  8.008 0.1111110002
135405  54.968  7.107  4.077 0.1111110002
138320  54.484  8.451  4.359 0.1111110002
135408  52.774  6.742  5.071 0.1111110002
139754  58.142  9.390  7.553 0.1111110002
141163  57.993  10.554  6.509 0.1111110002
138326  57.815  8.520  3.484 0.1111110002
138337  57.451  8.839  2.879 0.1111110002
141204  57.780  10.120  3.423 0.1111110002
141185  57.468  10.741  4.687 0.1111110002
142623  57.377  10.947  4.293 0.1111110002
141145  58.420  10.879  7.669 0.1111110002
142582  58.047  11.256  6.732 0.1111110002
142611  57.677  11.053  5.412 0.1111110002
144100  57.286  11.674  4.526 0.1111110002
142632  57.554  10.663  3.632 0.1111110002
144110  57.260  11.609  3.831 0.1111110002
145551  57.300  12.896  5.424 0.1111110002
146979  57.227  13.381  5.033 0.1111110002
75113  11.968  -25.177  60.659 0.1111110002
73853  11.005  -25.767  60.924 0.1111110002
73858  10.295  -25.979  60.549 0.1111110002
79458  11.512  -23.045  60.155 0.1111110002
77908  11.692  -23.667  59.879 0.1111110002
79470  11.024  -22.730  59.109 0.1111110002
84206  10.431  -20.529  59.186 0.1111110002
84207  10.371  -20.826  58.985 0.1111110002
81004  10.624  -22.042  58.734 0.1111110002
84252  11.048  -20.432  56.301 0.1111110002
82594  10.577  -21.183  56.657 0.1111110002
81018  10.487  -22.026  57.971 0.1111110002
85938  11.118  -19.910  57.110 0.1111110002
84229  10.373  -20.781  58.429 0.1111110002
85949  11.472  -19.953  56.595 0.1111110002
84240  10.647  -20.527  57.229 0.1111110002
82582  10.427  -21.273  57.544 0.1111110002
76542  19.828  -24.563  52.370 0.1111110002
85959  12.435  -20.036  55.900 0.1111110002
79540  17.756  -22.956  54.649 0.1111110002
84266  11.624  -20.464  55.557 0.1111110002
82609  10.895  -21.155  55.608 0.1111110002
76557  19.049  -24.366  51.681 0.1111110002
79541  17.159  -22.562  54.979 0.1111110002
76528  19.703  -24.305  53.305 0.1111110002
79554  17.785  -23.045  53.875 0.1111110002
76543  18.950  -24.015  52.652 0.1111110002
78018  18.579  -23.639  53.270 0.1111110002
79568  17.853  -23.147  53.398 0.1111110002
89448  14.189  -18.259  56.413 0.1111110002
89434  13.563  -17.768  57.116 0.1111110002
79523  17.826  -22.840  55.487 0.1111110002
76513  19.718  -24.214  54.215 0.1111110002
76529  19.172  -23.894  53.647 0.1111110002
77973  18.302  -23.247  55.092 0.1111110002
76512  20.288  -24.534  53.901 0.1111110002
78006  18.707  -23.610  54.028 0.1111110002
78007  18.213  -23.330  53.644 0.1111110002
76514  19.221  -23.870  54.462 0.1111110002
94115  31.111  -15.466  45.898 0.1111110002
94114  31.771  -15.184  46.112 0.1111110002
94129  31.570  -15.196  45.351 0.1111110002
95656  32.588  -14.861  44.307 0.1111110002
100277  38.281  -12.484  43.296 0.1111110002
95655  33.176  -14.679  44.535 0.1111110002
97184  35.544  -13.704  44.662 0.1111110002
97194  35.404  -13.702  43.918 0.1111110002
97195  34.819  -13.980  43.711 0.1111110002
98655  35.859  -13.364  43.387 0.1111110002
97202  35.282  -13.659  43.208 0.1111110002
97203  34.724  -13.917  42.988 0.1111110002
90902  13.256  -17.503  58.073 0.1111110002
94113  32.244  -15.026  46.552 0.1111110002
95621  32.097  -14.993  45.449 0.1111110002
95637  32.603  -14.824  45.051 0.1111110002
95654  33.777  -14.470  44.761 0.1111110002
77972  18.808  -23.517  55.489 0.1111110002
77992  18.252  -23.316  54.350 0.1111110002
87678  11.752  -19.084  58.288 0.1111110002
73856  12.081  -25.749  60.468 0.1111110002
73854  10.530  -25.492  60.885 0.1111110002
75109  11.519  -24.946  61.120 0.1111110002
77913  11.464  -23.519  58.998 0.1111110002
85925  10.755  -19.941  57.931 0.1111110002
76433  11.910  -24.378  59.527 0.1111110002
77926  11.039  -23.291  58.251 0.1111110002
79483  10.768  -22.681  58.411 0.1111110002
81046  10.548  -21.869  56.317 0.1111110002
79494  10.682  -22.790  57.629 0.1111110002
81033  10.486  -22.009  57.102 0.1111110002
95669  33.732  -14.505  44.012 0.1111110002
73865  22.643  -24.948  55.812 0.4444440007
73866  22.524  -24.981  56.083 0.3333329856
73872  22.537  -25.165  55.492 0.4444440007
73873  22.432  -25.026  55.900 0.3333329856
75119  3.450  -24.585  59.055 0.1111110002
75124  4.168  -24.954  58.311 0.1111110002
75134  22.632  -24.580  55.844 0.3333329856
75136  21.880  -24.581  56.065 0.3333329856
75148  21.535  -24.643  56.010 0.3333329856
75158  21.883  -25.070  55.395 0.3333329856
75160  20.992  -24.588  55.644 0.2222220004
75163  5.180  -25.256  55.342 0.1111110002
75177  23.988  -24.794  53.317 0.5555559993
75188  24.000  -24.752  53.007 0.5555559993
75204  20.288  -24.799  52.382 0.1111110002
75207  9.632  -24.930  52.285 0.1111110002
75211  23.518  -24.830  51.680 0.4444440007
75223  23.094  -24.970  51.158 0.4444440007
76415  10.159  -23.773  61.441 0.1111110002
76420  4.443  -23.711  60.166 0.1111110002
76422  3.650  -23.777  60.666 0.1111110002
76429  4.176  -24.072  59.931 0.1111110002
76430  3.680  -24.141  60.167 0.1111110002
76436  4.821  -24.049  59.107 0.1111110002
76439  3.137  -24.199  59.569 0.1111110002
76446  2.545  -23.777  58.637 0.1111110002
76447  20.377  -23.674  56.607 0.1111110002
76449  19.750  -23.384  57.026 0.1111110002
76454  4.698  -24.796  58.064 0.1111110002
76456  2.517  -23.873  58.265 0.1111110002
76467  5.630  -24.147  56.416 0.1111110002
76472  23.005  -24.350  55.610 0.3333329856
76474  21.178  -24.461  56.110 0.3333329856
76525  24.338  -24.517  52.926 0.5555559993
76540  23.964  -24.666  52.385 0.4444440007
76541  20.269  -24.752  52.615 0.1111110002
76566  23.395  -24.812  51.123 0.3333329856
76617  23.499  -24.175  49.066 0.1111110002
77897  9.532  -23.418  61.162 0.1111110002
77900  3.538  -23.408  60.931 0.1111110002
77901  3.080  -23.369  60.629 0.1111110002
77905  4.810  -23.426  60.039 0.1111110002
77906  2.879  -23.628  59.962 0.1111110002
77910  4.997  -23.526  59.448 0.1111110002
77912  2.628  -23.309  59.553 0.1111110002
77918  2.584  -23.747  58.842 0.1111110002
77920  2.088  -23.103  58.375 0.1111110002
77928  5.754  -23.540  57.577 0.1111110002
77932  22.535  -23.902  56.010 0.3333329856
77937  18.963  -23.221  56.767 0.2222220004
77945  25.156  -23.218  55.187 0.4444440007
77946  25.090  -23.318  55.359 0.4444440007
77947  23.316  -24.144  55.434 0.3333329856
77960  6.149  -23.604  56.174 0.1111110002
77964  25.264  -23.113  55.011 0.4444440007
77978  7.787  -23.253  55.425 0.1111110002
77989  21.110  -23.075  54.990 0.1111110002
77990  19.189  -23.740  55.230 0.2222220004
77991  18.812  -23.598  54.800 0.1111110002
78004  22.120  -23.408  54.330 0.2222220004
78005  21.735  -23.331  54.335 0.2222220004
78043  24.908  -23.725  51.252 0.3333329856
78067  25.025  -23.386  50.401 0.1111110002
79440  3.631  -22.586  61.214 0.1111110002
79441  3.396  -22.622  60.997 0.1111110002
79447  3.885  -22.963  61.193 0.1111110002
79449  3.151  -22.858  60.746 0.1111110002
79450  3.030  -22.910  60.379 0.1111110002
79451  11.443  -22.869  60.735 0.2222220004
79466  19.005  -22.302  57.422 0.1111110002
79472  8.610  -22.765  58.626 0.1111110002
79475  5.271  -23.167  59.219 0.1111110002
79476  2.285  -22.984  58.589 0.1111110002
79485  8.437  -22.726  58.165 0.1111110002
79490  20.100  -22.946  56.692 0.1111110002
79492  18.652  -22.869  56.875 0.2222220004
79501  25.182  -22.995  55.114 0.4444440007
79513  6.427  -23.296  56.403 0.1111110002
79516  26.496  -22.583  55.284 0.4444440007
79518  25.792  -22.974  54.925 0.4444440007
79519  25.154  -23.128  55.005 0.4444440007
79524  17.354  -22.480  55.643 0.2222220004
79527  7.982  -23.079  56.021 0.1111110002
79531  26.563  -22.478  55.068 0.4444440007
79532  26.223  -22.657  54.999 0.4444440007
79537  21.465  -23.202  54.340 0.1111110002
79561  26.034  -22.730  53.003 0.5555559993
79578  23.792  -22.242  52.596 0.1111110002
80968  4.955  -22.026  61.577 0.1111110002
80970  3.720  -22.091  61.312 0.1111110002
80971  3.474  -22.388  61.141 0.1111110002
80978  5.713  -22.063  61.187 0.1111110002
80979  5.201  -22.215  61.347 0.1111110002
80980  3.503  -21.948  61.160 0.1111110002
80982  3.186  -22.692  60.569 0.1111110002
80983  11.275  -22.444  60.556 0.2222220004
80984  11.009  -22.026  60.272 0.2222220004
80989  3.250  -22.359  60.112 0.1111110002
80992  8.258  -22.347  59.359 0.1111110002
80999  19.216  -22.301  57.274 0.1111110002
81000  19.156  -22.062  57.719 0.1111110002
81003  17.622  -21.446  58.157 0.2222220004
81005  8.313  -22.510  58.846 0.1111110002
81007  7.158  -22.153  58.962 0.1111110002
81012  2.270  -22.848  58.383 0.1111110002
81020  8.079  -22.453  58.490 0.1111110002
81040  20.246  -22.792  56.106 0.2222220004
81042  19.542  -22.157  56.434 0.1111110002
81045  16.766  -21.595  56.645 0.2222220004
81053  26.562  -22.481  55.073 0.4444440007
81054  26.050  -22.679  55.058 0.4444440007
81055  25.594  -22.850  54.842 0.3333329856
81056  25.269  -22.869  54.848 0.3333329856
81057  19.931  -22.186  55.663 0.2222220004
81061  15.862  -21.462  55.457 0.1111110002
81069  26.419  -22.351  55.232 0.4444440007
81070  26.323  -22.535  55.116 0.4444440007
81075  19.786  -22.020  55.132 0.1111110002
81076  16.855  -22.302  55.091 0.2222220004
81106  24.063  -22.075  52.669 0.1111110002
81122  27.184  -21.409  52.091 0.4444440007
81204  25.753  -21.778  48.639 0.1111110002
82530  9.950  -20.451  61.876 0.2222220004
82532  9.189  -20.902  61.951 0.3333329856
82541  4.176  -21.496  61.466 0.1111110002
82547  5.781  -21.823  61.555 0.1111110002
82548  3.952  -21.434  61.120 0.1111110002
82549  3.604  -21.754  60.930 0.1111110002
82553  3.726  -21.517  60.359 0.1111110002
82556  10.402  -21.020  59.147 0.1111110002
82558  3.391  -22.021  59.489 0.1111110002
82563  10.481  -21.453  59.040 0.1111110002
82564  10.390  -21.040  58.818 0.1111110002
82573  10.375  -20.954  58.593 0.1111110002
82579  16.889  -21.315  57.340 0.2222220004
82580  16.524  -21.249  57.057 0.2222220004
82581  16.108  -21.095  56.871 0.1111110002
82588  19.505  -21.912  55.963 0.1111110002
82589  19.241  -21.873  56.341 0.1111110002
82593  15.420  -20.931  56.174 0.1111110002
82603  19.408  -21.810  55.656 0.1111110002
82606  15.734  -21.241  55.855 0.1111110002
82617  26.699  -21.030  53.325 0.4444440007
82621  18.005  -20.993  54.493 0.2222220004
82682  24.231  -21.568  52.217 0.2222220004
82699  26.950  -21.547  51.083 0.3333329856
82728  27.276  -20.750  50.096 0.1111110002
82745  22.146  -21.731  49.464 0.1111110002
84182  8.408  -20.173  61.997 0.3333329856
84188  8.543  -20.753  61.894 0.3333329856
84192  5.276  -20.826  61.862 0.1111110002
84196  3.985  -21.008  60.941 0.1111110002
84198  15.995  -20.016  59.213 0.3333329856
84200  4.079  -21.204  60.975 0.1111110002
84204  16.016  -20.027  58.975 0.3333329856
84205  15.644  -19.925  58.886 0.3333329856
84216  10.479  -20.381  58.515 0.1111110002
84217  10.379  -20.741  58.751 0.1111110002
84222  18.587  -20.989  56.878 0.2222220004
84237  15.760  -20.849  57.023 0.1111110002
84245  18.401  -20.929  56.052 0.3333329856
84246  17.937  -20.488  56.002 0.2222220004
84251  11.529  -20.162  56.199 0.1111110002
84261  17.329  -20.417  55.040 0.2222220004
84267  11.130  -20.628  55.773 0.1111110002
84275  26.637  -20.812  53.392 0.4444440007
84276  26.426  -20.731  53.494 0.4444440007
84327  16.772  -20.654  52.890 0.1111110002
84329  15.801  -20.396  52.465 0.1111110002
84343  16.203  -20.672  52.026 0.1111110002
84344  15.647  -20.493  51.884 0.1111110002
84345  15.077  -20.332  51.798 0.1111110002
84358  15.912  -20.725  51.548 0.1111110002
84391  23.713  -20.526  48.956 0.1111110002
84410  23.226  -20.721  48.266 0.1111110002
85867  10.003  -19.558  61.859 0.2222220004
85872  6.766  -19.600  61.888 0.3333329856
85874  7.878  -20.087  62.015 0.3333329856
85880  5.860  -19.459  60.962 0.1111110002
85883  4.424  -20.682  61.149 0.1111110002
85884  16.217  -19.449  59.317 0.3333329856
85889  6.333  -19.481  59.992 0.1111110002
85893  4.444  -20.544  60.919 0.1111110002
85896  15.894  -19.790  59.212 0.3333329856
85899  13.950  -19.008  59.084 0.3333329856
85900  10.605  -19.897  59.571 0.2222220004
85907  15.422  -19.849  58.795 0.3333329856
85910  13.369  -19.023  58.568 0.3333329856
85924  11.425  -19.484  57.731 0.1111110002
85926  8.235  -19.449  57.811 0.1111110002
85927  7.703  -19.546  58.172 0.1111110002
85928  7.130  -19.710  58.312 0.1111110002
85929  6.623  -19.989  58.418 0.1111110002
85930  18.087  -20.597  57.028 0.2222220004
85937  11.779  -19.618  57.098 0.1111110002
85945  14.233  -20.211  56.569 0.1111110002
85952  7.990  -19.977  56.901 0.1111110002
85953  17.326  -20.320  55.348 0.2222220004
85967  27.929  -19.105  53.141 0.4444440007
85975  9.268  -19.686  54.929 0.1111110002
85986  26.432  -19.974  53.180 0.4444440007
85990  14.115  -19.378  53.817 0.1111110002
86002  16.012  -20.256  53.181 0.1111110002
86003  15.574  -20.156  53.023 0.1111110002
86018  15.032  -20.138  52.481 0.1111110002
86021  12.887  -19.439  52.504 0.1111110002
86031  28.373  -19.506  51.358 0.2222220004
86032  25.661  -19.412  51.533 0.1111110002
86037  13.338  -19.713  51.735 0.1111110002
86047  28.116  -19.676  50.800 0.2222220004
86092  24.669  -19.467  48.566 0.1111110002
87630  11.018  -18.713  61.098 0.2222220004
87633  6.914  -18.876  61.281 0.2222220004
87638  6.833  -18.904  60.720 0.2222220004
87639  6.311  -19.122  60.710 0.1111110002
87640  16.051  -19.231  59.495 0.3333329856
87641  15.686  -19.061  59.550 0.3333329856
87642  15.129  -18.832  59.981 0.3333329856
87647  10.794  -19.339  60.309 0.2222220004
87653  15.790  -18.819  59.461 0.3333329856
87655  13.512  -18.764  59.224 0.3333329856
87657  11.771  -18.688  59.429 0.2222220004
87660  8.218  -18.885  59.048 0.2222220004
87669  10.855  -19.381  59.393 0.2222220004
87670  8.437  -18.946  58.622 0.1111110002
87671  7.890  -19.207  58.759 0.1111110002
87672  7.455  -19.320  59.070 0.1111110002
87676  12.857  -19.005  58.350 0.2222220004
87686  9.802  -18.982  57.045 0.1111110002
87687  9.322  -19.098  57.341 0.1111110002
87688  8.767  -19.319  57.555 0.1111110002
87695  9.486  -19.307  56.717 0.1111110002
87696  8.899  -19.448  56.958 0.1111110002
87702  10.697  -18.831  55.580 0.1111110002
87703  10.115  -19.046  55.762 0.1111110002
87704  9.615  -19.363  56.039 0.1111110002
87706  27.701  -18.910  53.145 0.4444440007
87707  27.483  -19.004  53.166 0.4444440007
87714  10.859  -18.926  54.897 0.1111110002
87723  27.861  -18.537  53.077 0.4444440007
87735  26.861  -18.879  52.646 0.5555559993
87749  12.690  -19.261  52.943 0.1111110002
87798  24.637  -19.235  47.772 0.1111110002
89377  8.461  -18.452  61.902 0.3333329856
89380  11.106  -18.302  61.211 0.2222220004
89381  10.804  -18.538  61.505 0.2222220004
89382  8.873  -18.140  61.820 0.3333329856
89386  6.213  -18.936  61.112 0.2222220004
89387  14.280  -18.015  60.142 0.3333329856
89388  13.974  -17.908  60.050 0.2222220004
89390  12.534  -18.130  60.184 0.2222220004
89392  11.370  -18.471  60.623 0.2222220004
89394  8.121  -18.427  60.435 0.3333329856
89395  6.484  -18.958  60.882 0.2222220004
89396  6.342  -19.009  60.930 0.1111110002
89402  11.782  -18.376  60.202 0.2222220004
89412  11.252  -18.825  60.055 0.2222220004
89413  10.200  -17.874  59.206 0.1111110002
89417  16.072  -18.715  59.125 0.3333329856
89420  10.111  -18.030  58.745 0.1111110002
89422  8.982  -18.774  58.401 0.1111110002
89423  16.150  -18.683  58.732 0.3333329856
89424  15.822  -18.450  58.455 0.2222220004
89428  9.520  -18.768  57.883 0.1111110002
89429  9.045  -18.906  58.044 0.1111110002
89430  15.628  -18.432  57.987 0.2222220004
89431  15.220  -18.262  57.664 0.1111110002
89432  14.608  -17.946  57.514 0.1111110002
89441  14.494  -18.166  56.871 0.1111110002
89442  13.872  -17.970  56.727 0.1111110002
89443  13.169  -17.916  56.716 0.1111110002
89447  10.455  -18.756  56.530 0.1111110002
89452  11.620  -18.591  55.593 0.1111110002
89453  11.110  -18.697  55.686 0.1111110002
89464  28.108  -17.993  53.007 0.5555559993
89466  27.295  -18.444  52.641 0.5555559993
89478  27.346  -17.783  52.138 0.5555559993
89480  26.680  -18.515  52.013 0.3333329856
89494  26.754  -17.817  50.695 0.1111110002
89532  25.853  -17.691  47.113 0.1111110002
90861  11.659  -17.755  61.371 0.2222220004
90862  11.110  -18.043  61.503 0.2222220004
90863  10.576  -18.116  62.034 0.2222220004
90864  10.081  -17.935  62.094 0.2222220004
90866  9.413  -17.997  61.979 0.3333329856
90867  12.960  -16.936  60.656 0.2222220004
90868  12.563  -17.308  60.668 0.2222220004
90870  11.511  -18.256  61.088 0.2222220004
90871  9.209  -18.082  61.924 0.3333329856
90872  9.135  -17.898  61.560 0.3333329856
90873  8.977  -17.835  61.080 0.2222220004
90878  12.119  -18.138  60.526 0.2222220004
90879  9.783  -17.455  60.736 0.3333329856
90880  9.323  -17.756  60.882 0.2222220004
90881  9.065  -17.699  60.908 0.2222220004
90882  14.686  -17.911  59.704 0.3333329856
90884  10.117  -17.510  59.854 0.2222220004
90885  9.747  -17.676  60.267 0.3333329856
90887  15.013  -17.807  59.053 0.3333329856
90888  14.404  -17.427  58.864 0.2222220004
90890  9.795  -17.823  59.817 0.3333329856
90892  14.366  -17.548  58.615 0.3333329856
90893  13.993  -17.473  58.408 0.2222220004
90894  13.597  -17.389  58.356 0.1111110002
90895  12.508  -17.333  58.529 0.2222220004
90896  12.144  -17.352  58.574 0.2222220004
90897  11.497  -17.424  58.696 0.2222220004
90901  13.835  -17.548  58.019 0.2222220004
90907  14.118  -17.700  57.672 0.2222220004
90908  13.649  -17.634  57.572 0.1111110002
90923  29.212  -17.433  52.564 0.4444440007
90924  29.013  -17.426  52.680 0.4444440007
90940  28.048  -17.084  52.245 0.5555559993
90942  27.303  -17.693  51.955 0.5555559993
90949  27.546  -17.143  51.393 0.5555559993
90966  26.695  -17.705  50.087 0.1111110002
92448  11.677  -17.261  61.122 0.2222220004
92450  10.960  -17.706  61.974 0.2222220004
92451  10.475  -17.449  61.817 0.2222220004
92453  9.819  -17.932  62.111 0.3333329856
92454  13.063  -16.930  60.463 0.2222220004
92456  12.015  -17.014  61.035 0.2222220004
92458  10.166  -17.333  61.634 0.2222220004
92459  9.558  -17.666  61.704 0.2222220004
92460  9.301  -17.736  61.566 0.2222220004
92461  13.845  -17.341  59.730 0.2222220004
92465  10.773  -17.064  60.652 0.2222220004
92466  10.378  -17.196  60.853 0.2222220004
92467  9.955  -17.133  60.994 0.2222220004
92469  9.350  -17.694  61.305 0.2222220004
92471  13.408  -17.102  59.577 0.2222220004
92472  12.740  -16.784  59.909 0.2222220004
92473  12.047  -16.753  59.959 0.2222220004
92474  11.346  -16.887  59.893 0.2222220004
92475  11.124  -17.035  60.052 0.2222220004
92479  13.560  -17.158  59.073 0.2222220004
92483  11.077  -17.052  59.781 0.2222220004
92484  10.558  -17.240  59.909 0.2222220004
92485  14.035  -17.403  58.668 0.2222220004
92486  13.733  -17.310  58.681 0.2222220004
92492  12.938  -17.396  58.344 0.1111110002
92493  12.747  -17.315  58.502 0.2222220004
92502  30.059  -15.978  52.482 0.4444440007
92503  29.788  -16.107  52.524 0.5555559993
92504  29.659  -16.181  52.579 0.5555559993
92512  29.387  -16.434  52.550 0.5555559993
92520  28.334  -16.697  52.113 0.6666669846
92521  27.983  -16.988  52.058 0.5555559993
92568  26.536  -16.867  47.377 0.1111110002
92576  26.881  -15.953  46.825 0.2222220004
92585  28.892  -16.788  45.992 0.1111110002
93951  11.297  -16.817  61.214 0.2222220004
93952  10.876  -16.948  61.444 0.2222220004
93954  12.247  -16.844  60.681 0.2222220004
93955  11.923  -16.946  60.859 0.2222220004
93956  11.322  -16.736  60.997 0.2222220004
93958  10.764  -17.191  61.387 0.2222220004
93959  12.414  -16.794  60.498 0.2222220004
93960  12.056  -16.775  60.573 0.2222220004
93961  11.580  -16.849  60.633 0.2222220004
93962  11.124  -16.942  60.835 0.2222220004
93963  10.871  -16.844  60.959 0.2222220004
93964  12.559  -16.756  60.283 0.2222220004
93965  12.285  -16.739  60.280 0.2222220004
93979  30.011  -15.748  52.469 0.5555559993
93980  29.686  -15.940  52.526 0.5555559993
93981  29.429  -16.135  52.496 0.5555559993
93989  30.286  -15.615  52.421 0.6666669846
93990  29.517  -15.803  52.413 0.5555559993
93992  28.766  -16.396  52.211 0.5555559993
94000  31.294  -15.377  51.917 0.6666669846
94002  29.029  -15.854  51.839 0.6666669846
94015  28.689  -16.013  51.439 0.6666669846
94026  29.080  -15.360  51.026 0.6666669846
94027  28.627  -15.787  50.735 0.6666669846
94028  28.111  -16.268  50.446 0.5555559993
94070  28.486  -15.277  49.038 0.5555559993
95482  29.893  -15.623  52.442 0.5555559993
95495  29.538  -15.562  52.290 0.5555559993
95510  29.298  -15.469  51.840 0.6666669846
95535  29.747  -14.610  51.010 0.6666669846
95536  29.309  -14.938  50.699 0.7777780294
95551  28.977  -15.052  49.947 0.5555559993
95561  34.904  -14.318  49.046 0.5555559993
95640  26.991  -14.241  44.973 0.2222220004
97027  30.229  -14.559  51.757 0.6666669846
97053  30.376  -13.974  50.878 0.7777780294
97054  29.950  -14.239  50.685 0.7777780294
97070  29.955  -14.059  50.167 0.6666669846
97071  29.603  -14.320  50.027 0.7777780294
97082  36.398  -13.522  49.253 0.6666669846
97087  29.458  -14.265  49.380 0.5555559993
97119  29.203  -14.109  47.940 0.5555559993
97120  28.787  -14.280  47.558 0.4444440007
97172  28.500  -13.630  45.673 0.4444440007
97197  26.989  -13.562  43.622 0.1111110002
97317  41.474  -13.424  35.749 0.1111110002
97335  40.962  -13.895  34.887 0.1111110002
97355  40.321  -14.064  34.010 0.1111110002
98501  30.484  -13.803  50.544 0.7777780294
98515  37.057  -12.931  49.320 0.7777780294
98594  38.991  -12.814  46.429 0.5555559993
98598  32.491  -12.932  46.440 0.2222220004
98610  39.427  -12.609  45.800 0.6666669846
98615  32.562  -12.839  45.902 0.3333329856
98624  39.089  -12.603  45.428 0.6666669846
98711  42.944  -12.772  40.710 0.1111110002
98778  40.775  -13.358  37.369 0.1111110002
98801  42.393  -12.877  37.507 0.1111110002
98803  41.015  -13.645  37.242 0.1111110002
98848  41.526  -13.039  35.915 0.1111110002
98896  40.325  -13.368  34.171 0.1111110002
100124  31.936  -13.189  50.588 0.6666669846
100139  35.116  -12.512  50.494 0.7777780294
100160  33.939  -12.148  49.551 0.7777780294
100174  34.126  -12.018  49.004 0.6666669846
100203  41.079  -11.854  46.698 0.8888890147
100215  41.755  -11.777  46.063 0.8888890147
100221  32.763  -12.567  45.508 0.2222220004
100231  42.323  -11.671  45.420 0.8888890147
100238  33.000  -12.275  45.003 0.1111110002
100240  32.129  -12.844  44.659 0.1111110002
100259  32.771  -12.307  44.581 0.1111110002
100355  41.381  -12.271  40.027 0.1111110002
100539  40.222  -12.662  34.342 0.1111110002
101839  38.495  -11.797  48.785 0.8888890147
101857  39.387  -11.968  47.957 0.8888890147
101859  38.470  -12.131  48.686 0.8888890147
101875  41.038  -11.291  47.041 0.8888890147
101881  34.096  -12.021  46.986 0.5555559993
101894  40.948  -11.747  46.884 0.8888890147
101909  42.320  -11.058  45.674 0.8888890147
101928  34.623  -11.349  45.133 0.3333329856
101942  32.758  -12.195  44.294 0.1111110002
101950  43.426  -11.642  44.225 0.7777780294
101976  44.294  -10.905  41.466 0.4444440007
101992  40.587  -11.911  40.554 0.1111110002
102062  41.767  -11.391  36.618 0.1111110002
102120  40.207  -12.154  34.506 0.1111110002
103307  35.960  -11.318  48.922 0.8888890147
103317  38.517  -11.067  48.894 0.8888890147
103329  37.944  -10.313  47.519 0.8888890147
103339  41.748  -10.935  46.317 0.8888890147
103350  42.509  -10.804  45.409 0.8888890147
103364  38.333  -10.601  45.630 0.6666669846
103375  43.737  -10.404  44.222 0.7777780294
103379  37.189  -11.073  44.877 0.2222220004
103389  43.985  -10.950  43.866 0.7777780294
103403  36.891  -10.749  43.405 0.1111110002
103440  34.550  -10.460  40.713 0.1111110002
103495  41.501  -10.715  36.471 0.2222220004
103544  39.518  -10.827  34.142 0.1111110002
104665  37.989  -10.727  48.947 0.8888890147
104676  37.887  -10.516  48.615 0.8888890147
104703  39.280  -9.762  45.884 0.7777780294
104705  38.354  -10.375  46.256 0.7777780294
104753  44.197  -10.273  40.848 0.4444440007
104758  35.370  -10.259  41.030 0.1111110002
104763  44.285  -9.480  40.696 0.5555559993
104769  35.429  -10.224  40.610 0.1111110002
104834  40.149  -9.824  35.167 0.1111110002
106043  39.172  -9.758  47.410 0.8888890147
106068  42.292  -8.953  45.310 0.8888890147
106080  44.457  -9.202  43.350 0.7777780294
106089  39.875  -9.078  42.351 0.2222220004
106120  38.402  -9.373  39.557 0.1111110002
106129  37.638  -9.393  38.461 0.1111110002
106130  37.081  -9.471  38.383 0.1111110002
106138  37.899  -9.095  38.170 0.1111110002
106164  40.932  -9.348  36.202 0.1111110002
106165  40.570  -9.068  35.805 0.1111110002
106434  44.125  -8.671  21.345 0.1111110002
107409  41.442  -8.814  46.261 0.8888890147
107441  44.033  -8.458  43.787 0.8888890147
107462  44.881  -8.242  43.012 0.7777780294
107463  44.745  -8.765  43.071 0.8888890147
107465  40.249  -8.568  42.265 0.3333329856
107475  45.126  -8.156  42.499 0.8888890147
107476  45.083  -8.413  42.142 0.8888890147
107490  40.366  -8.114  41.228 0.2222220004
107519  39.440  -8.218  39.426 0.1111110002
107532  39.187  -8.101  38.825 0.1111110002
107551  37.959  -8.668  37.631 0.1111110002
107586  40.669  -8.338  35.923 0.2222220004
107823  50.619  -8.326  24.220 0.1111110002
107826  48.883  -8.602  23.623 0.1111110002
107858  45.880  -8.330  21.651 0.1111110002
108915  40.802  -8.270  45.466 0.7777780294
108970  44.764  -7.844  43.211 0.8888890147
108971  44.469  -7.527  43.509 0.8888890147
108990  41.251  -7.373  43.097 0.4444440007
109027  40.788  -7.568  41.463 0.3333329856
109040  44.449  -7.629  40.718 0.5555559993
109074  43.339  -7.533  39.389 0.4444440007
109076  39.581  -7.518  38.837 0.1111110002
109112  38.749  -7.307  37.165 0.1111110002
109113  38.498  -7.272  36.701 0.1111110002
109127  41.191  -7.733  36.483 0.1111110002
109146  41.031  -7.396  35.984 0.1111110002
109365  47.971  -8.076  22.464 0.1111110002
109383  45.150  -7.947  21.072 0.1111110002
109388  41.498  -7.158  21.589 0.1111110002
110578  41.508  -7.215  44.507 0.6666669846
110607  44.471  -6.701  43.510 0.8888890147
110635  41.752  -6.416  42.436 0.4444440007
110660  41.134  -6.616  40.709 0.3333329856
110673  40.690  -6.684  39.747 0.2222220004
110683  42.788  -7.043  38.702 0.2222220004
110684  40.449  -6.563  39.238 0.2222220004
110685  40.086  -6.988  39.034 0.1111110002
110709  39.199  -6.698  37.213 0.1111110002
112089  42.326  -6.476  44.545 0.7777780294
112090  42.066  -6.528  44.359 0.7777780294
112123  44.782  -6.152  43.091 0.8888890147
112151  41.474  -6.474  41.573 0.4444440007
112172  41.607  -5.446  40.499 0.3333329856
112189  41.022  -5.506  39.246 0.3333329856
112198  40.295  -5.900  38.336 0.3333329856
112207  39.260  -6.212  36.779 0.1111110002
112237  46.828  -5.662  34.498 0.4444440007
112252  47.252  -5.706  34.096 0.5555559993
112254  46.388  -5.892  34.037 0.4444440007
112267  47.230  -5.751  33.875 0.5555559993
112282  46.609  -5.977  33.011 0.4444440007
112314  45.250  -6.296  30.428 0.2222220004
112349  44.397  -5.864  28.078 0.1111110002
112358  43.664  -5.786  27.227 0.1111110002
112391  41.699  -5.494  24.783 0.1111110002
112407  41.189  -6.354  22.350 0.1111110002
112439  42.665  -5.686  20.809 0.1111110002
113633  42.499  -5.568  43.529 0.6666669846
113643  44.874  -5.379  42.845 0.8888890147
113659  42.549  -4.846  42.717 0.5555559993
113691  41.522  -5.333  40.269 0.3333329856
113705  43.891  -5.453  39.678 0.6666669846
113738  40.735  -4.539  38.281 0.4444440007
113780  48.004  -5.179  35.285 0.5555559993
113783  45.951  -5.129  35.397 0.4444440007
113784  45.265  -5.087  35.424 0.2222220004
113785  44.578  -5.085  35.497 0.3333329856
113786  43.930  -5.154  35.604 0.2222220004
113819  47.249  -5.590  34.492 0.5555559993
113831  47.004  -5.852  33.155 0.4444440007
113902  46.482  -5.126  29.147 0.1111110002
113904  45.319  -5.575  28.501 0.1111110002
113920  45.215  -5.209  27.836 0.1111110002
113935  43.790  -5.405  26.784 0.1111110002
113948  44.157  -5.002  26.508 0.1111110002
113972  42.642  -4.880  24.636 0.1111110002
113983  42.268  -4.948  21.781 0.1111110002
113987  42.138  -5.486  21.546 0.1111110002
114973  42.983  -4.910  43.905 0.7777780294
114978  43.181  -4.248  43.715 0.8888890147
114979  42.924  -4.488  43.558 0.8888890147
114984  44.681  -4.382  42.948 0.7777780294
115008  41.769  -4.160  40.336 0.4444440007
115024  40.930  -4.105  38.543 0.4444440007
115070  49.196  -4.538  35.575 0.5555559993
115096  48.701  -4.980  33.780 0.4444440007
115157  47.284  -4.852  29.778 0.1111110002
115204  47.206  -4.479  28.908 0.1111110002
115224  45.842  -4.702  27.714 0.1111110002
115241  45.557  -4.520  27.202 0.1111110002
115243  44.554  -4.786  26.557 0.1111110002
115261  43.808  -4.691  25.747 0.1111110002
115278  43.610  -4.547  25.205 0.1111110002
115300  42.482  -4.516  22.860 0.1111110002
115304  42.211  -4.860  22.113 0.1111110002
116330  43.876  -4.172  43.704 0.8888890147
116331  43.702  -4.374  43.775 0.8888890147
116343  44.100  -3.778  43.451 0.8888890147
116345  42.949  -4.121  43.566 0.5555559993
116367  44.709  -3.318  42.457 0.7777780294
116369  42.493  -3.705  41.885 0.3333329856
116391  41.324  -3.463  39.469 0.4444440007
116406  40.405  -3.407  37.848 0.3333329856
116412  49.059  -3.114  36.980 0.7777780294
116420  39.830  -3.692  37.059 0.1111110002
116433  39.791  -3.300  37.012 0.1111110002
116435  39.095  -3.641  36.364 0.1111110002
116441  50.843  -3.170  35.485 0.6666669846
116460  51.329  -3.121  34.639 0.4444440007
116462  50.333  -3.840  34.016 0.4444440007
116489  45.050  -3.250  32.057 0.1111110002
116504  50.512  -3.242  32.361 0.4444440007
116507  45.097  -3.289  31.745 0.1111110002
116528  45.611  -3.195  30.609 0.1111110002
116685  43.794  -4.270  24.825 0.1111110002
117882  42.598  -2.563  41.390 0.4444440007
117888  44.716  -3.460  40.056 0.6666669846
117889  41.859  -2.822  40.392 0.4444440007
117904  40.875  -2.749  38.637 0.4444440007
117911  47.312  -2.400  37.953 0.7777780294
117912  46.634  -2.504  38.054 0.7777780294
117913  46.047  -2.664  38.119 0.7777780294
117914  45.441  -2.936  38.149 0.6666669846
117923  49.044  -2.702  37.097 0.7777780294
117924  48.379  -2.764  37.402 0.7777780294
117929  39.723  -2.732  37.112 0.1111110002
117937  49.970  -2.790  36.358 0.7777780294
117940  39.246  -2.854  36.645 0.1111110002
117959  51.446  -2.750  34.857 0.4444440007
117960  51.179  -2.826  35.203 0.6666669846
117976  44.812  -2.657  33.520 0.1111110002
117977  44.172  -2.787  33.609 0.2222220004
117979  42.700  -2.896  33.874 0.1111110002
118022  44.234  -3.162  32.813 0.1111110002
118036  50.339  -3.196  31.375 0.3333329856
118053  51.754  -2.349  31.007 0.4444440007
118075  49.561  -3.085  29.410 0.1111110002
118076  47.018  -2.639  30.579 0.1111110002
118092  49.999  -2.764  29.206 0.2222220004
118094  46.457  -2.725  29.717 0.1111110002
118113  45.749  -2.656  28.886 0.1111110002
118130  48.511  -2.897  27.641 0.1111110002
118147  48.396  -2.611  26.988 0.1111110002
118149  47.260  -3.069  26.460 0.1111110002
118185  46.578  -2.850  25.464 0.1111110002
118186  46.096  -2.984  25.214 0.1111110002
118187  45.632  -3.128  24.937 0.1111110002
118200  44.878  -3.114  24.196 0.1111110002
118214  44.589  -2.963  23.718 0.1111110002
119294  43.487  -2.664  42.684 0.8888890147
119348  42.227  -2.152  40.664 0.5555559993
119359  41.321  -2.129  39.426 0.5555559993
119375  48.052  -1.942  37.932 0.7777780294
119391  39.486  -2.039  37.062 0.1111110002
119408  51.223  -2.243  35.264 0.6666669846
119409  50.993  -2.130  35.419 0.6666669846
119411  45.190  -1.703  35.133 0.3333329856
119433  41.225  -2.214  34.917 0.1111110002
119452  40.838  -2.370  34.602 0.1111110002
119475  53.331  -1.714  32.673 0.4444440007
119477  48.809  -1.557  32.752 0.3333329856
119487  48.849  -1.633  32.429 0.3333329856
119490  47.132  -2.449  31.773 0.1111110002
119511  51.188  -2.212  29.573 0.3333329856
119542  49.876  -2.359  28.218 0.2222220004
119606  46.119  -2.714  24.810 0.1111110002
119618  45.373  -2.689  24.092 0.1111110002
120742  44.811  -1.466  41.740 0.8888890147
120743  44.172  -1.329  42.033 0.8888890147
120788  45.967  -1.042  39.976 0.8888890147
120809  46.591  -0.935  39.354 0.8888890147
120832  47.201  -0.987  38.812 0.7777780294
120834  46.312  -1.419  39.198 0.8888890147
120835  41.392  -0.897  38.974 0.5555559993
120855  40.162  -1.375  37.618 0.2222220004
120863  49.047  -1.483  37.187 0.7777780294
120867  42.873  -0.883  36.890 0.4444440007
120869  41.616  -0.611  36.850 0.4444440007
120871  39.267  -1.703  36.864 0.1111110002
120878  49.360  -1.522  36.737 0.7777780294
120902  43.667  -1.630  35.833 0.4444440007
120917  50.415  -1.099  35.456 0.7777780294
120937  47.588  -1.335  34.100 0.4444440007
120944  53.364  -1.224  32.877 0.4444440007
120950  48.344  -1.298  33.506 0.3333329856
120956  53.839  -0.904  31.950 0.4444440007
121003  52.064  -1.619  29.055 0.2222220004
121032  53.044  -0.784  27.967 0.1111110002
121084  47.917  -1.488  24.936 0.1111110002
122226  44.446  -0.830  41.619 0.7777780294
122261  45.766  -0.680  40.433 0.8888890147
122275  46.282  -0.641  39.789 0.8888890147
122322  47.679  -0.795  38.490 0.7777780294
122323  45.908  0.067  37.720 0.7777780294
122328  41.948  -0.264  38.016 0.4444440007
122329  41.059  -0.613  38.150 0.5555559993
122345  46.599  0.016  37.135 0.7777780294
122359  49.563  -1.124  36.377 0.7777780294
122379  46.083  -0.935  35.800 0.5555559993
122384  50.384  -0.755  35.074 0.7777780294
122400  53.432  -0.853  32.773 0.4444440007
122409  53.559  -0.682  32.392 0.4444440007
122420  53.745  -0.452  31.744 0.4444440007
122433  52.208  -0.159  31.363 0.3333329856
122447  51.468  -0.240  30.561 0.3333329856
122460  50.762  -0.252  29.696 0.4444440007
122462  49.783  -0.411  28.962 0.3333329856
122472  50.049  -0.110  28.789 0.2222220004
122488  48.422  0.137  27.907 0.1111110002
122503  54.432  0.127  26.834 0.2222220004
122574  49.361  -0.053  23.751 0.1111110002
122605  55.803  -0.149  21.861 0.1111110002
122606  55.178  -0.027  21.920 0.1111110002
123691  45.414  -0.308  40.665 0.7777780294
123693  44.578  0.033  40.895 0.7777780294
123723  43.116  0.168  39.642 0.6666669846
123797  47.208  0.212  37.075 0.7777780294
123865  52.241  0.969  29.545 0.3333329856
123882  49.336  0.693  28.100 0.2222220004
123913  55.280  0.589  26.648 0.1111110002
123915  54.570  0.253  27.316 0.2222220004
123931  55.404  0.511  26.028 0.1111110002
123944  55.884  0.539  25.065 0.1111110002
123946  55.057  0.267  25.799 0.2222220004
123959  55.995  0.464  24.473 0.1111110002
123965  50.379  0.130  24.109 0.1111110002
123992  54.036  0.213  22.443 0.1111110002
124007  56.954  0.348  21.752 0.1111110002
124010  54.169  0.280  21.638 0.1111110002
124048  50.510  1.067  20.250 0.1111110002
125268  51.675  1.378  28.824 0.2222220004
125287  48.816  1.468  28.143 0.2222220004
125310  55.248  1.234  27.257 0.2222220004
125312  48.543  1.261  28.043 0.2222220004
125335  55.360  0.998  26.911 0.2222220004
125357  56.031  0.736  25.195 0.2222220004
125364  56.137  0.766  24.949 0.1111110002
125372  56.323  0.803  24.287 0.1111110002
125373  56.012  1.265  24.069 0.1111110002
125383  56.039  1.262  23.186 0.1111110002
125398  56.474  1.239  21.413 0.1111110002
125399  55.879  1.532  21.801 0.1111110002
125460  57.964  1.594  17.421 0.1111110002
126622  54.493  2.291  28.653 0.2222220004
126625  50.007  2.035  28.453 0.4444440007
126647  55.246  1.459  27.267 0.2222220004
126650  48.076  2.178  28.051 0.2222220004
126667  54.318  2.075  26.744 0.3333329856
126668  53.803  2.253  26.432 0.3333329856
126682  53.623  2.318  25.847 0.3333329856
126693  54.157  2.012  25.175 0.3333329856
126706  54.052  2.040  24.361 0.2222220004
126721  53.959  2.127  23.511 0.1111110002
126740  53.892  2.458  22.617 0.2222220004
126761  55.373  1.722  22.194 0.1111110002
126763  54.116  2.560  21.766 0.1111110002
126783  55.600  1.798  21.256 0.1111110002
126785  54.241  2.841  21.263 0.1111110002
126801  55.386  2.234  20.349 0.1111110002
126802  54.893  2.690  20.534 0.2222220004
126828  57.160  2.414  18.136 0.1111110002
127954  50.090  3.193  29.021 0.2222220004
127973  54.526  2.323  28.184 0.2222220004
127990  48.193  2.824  28.085 0.1111110002
127998  47.504  2.856  27.223 0.1111110002
128012  48.034  2.894  25.946 0.1111110002
128068  53.829  3.492  22.144 0.1111110002
128105  54.687  3.591  20.759 0.2222220004
128120  55.857  2.753  19.397 0.2222220004
128121  55.488  3.263  19.734 0.2222220004
128122  55.272  3.645  20.133 0.2222220004
128138  56.091  3.277  19.081 0.2222220004
128182  57.167  3.516  12.738 0.1111110002
128183  56.866  3.722  12.459 0.1111110002
129341  53.921  2.943  28.544 0.3333329856
129347  49.856  3.661  29.062 0.2222220004
129353  53.483  3.407  28.147 0.3333329856
129354  49.923  4.090  28.972 0.2222220004
129362  53.559  2.963  27.753 0.3333329856
129364  49.093  3.950  28.021 0.2222220004
129366  48.048  3.269  27.597 0.2222220004
129372  50.614  3.997  26.795 0.3333329856
129377  47.520  2.959  26.886 0.1111110002
129384  50.757  3.704  26.344 0.2222220004
129388  47.695  3.065  26.525 0.1111110002
129415  53.868  3.850  22.441 0.2222220004
129422  54.071  3.811  21.850 0.2222220004
129423  53.925  3.717  22.145 0.2222220004
129436  54.880  4.085  20.856 0.2222220004
129445  55.438  4.138  20.273 0.2222220004
129446  55.070  3.964  20.505 0.2222220004
129447  54.777  3.811  20.765 0.2222220004
129457  56.104  4.262  19.654 0.2222220004
129476  55.891  3.950  19.516 0.2222220004
129505  57.214  3.981  14.137 0.1111110002
129509  57.035  3.762  13.307 0.1111110002
129521  56.948  3.743  12.974 0.1111110002
129532  56.663  3.874  12.139 0.1111110002
129533  56.398  4.286  12.227 0.1111110002
129556  56.886  3.964  10.916 0.1111110002
129568  57.494  3.776  10.097 0.1111110002
130729  49.846  4.295  28.532 0.1111110002
130736  51.281  4.967  27.780 0.1111110002
130739  49.576  4.225  28.073 0.2222220004
130748  49.858  4.174  27.491 0.2222220004
130766  51.823  4.696  26.011 0.1111110002
130790  54.839  4.927  22.961 0.2222220004
130792  53.994  4.125  22.621 0.2222220004
130799  55.626  4.958  21.772 0.2222220004
130814  56.106  4.946  21.060 0.2222220004
130816  55.053  4.326  21.061 0.2222220004
130817  54.739  4.168  21.228 0.2222220004
130824  56.183  4.859  20.747 0.2222220004
130839  55.898  4.367  20.045 0.2222220004
130857  56.626  4.370  19.362 0.2222220004
130932  56.874  4.668  14.322 0.1111110002
130940  56.518  4.715  13.744 0.1111110002
130951  56.538  4.381  13.318 0.1111110002
130952  56.299  4.728  13.039 0.1111110002
130960  56.183  4.762  12.352 0.1111110002
130967  56.245  4.657  11.743 0.1111110002
130976  56.628  4.311  10.892 0.1111110002
130977  56.410  4.505  11.173 0.1111110002
130989  56.767  4.512  10.408 0.1111110002
130990  56.539  4.529  10.799 0.1111110002
131004  57.405  4.501  9.542 0.1111110002
132152  52.244  4.933  29.187 0.3333329856
132160  52.637  5.284  28.671 0.3333329856
132162  51.397  5.077  28.433 0.3333329856
132170  51.590  5.295  27.856 0.1111110002
132171  51.334  5.060  28.114 0.3333329856
132184  54.745  5.835  25.522 0.2222220004
132199  55.603  5.570  23.912 0.2222220004
132231  55.603  5.144  22.398 0.2222220004
132243  57.063  5.441  21.052 0.2222220004
132245  56.167  5.140  21.587 0.2222220004
132256  54.139  5.168  19.692 0.1111110002
132345  57.347  4.972  15.058 0.1111110002
132357  56.417  5.375  13.719 0.1111110002
132400  56.275  5.100  11.254 0.1111110002
132480  55.853  5.313  5.370 0.1111110002
133562  52.927  5.646  28.136 0.3333329856
133564  51.903  5.555  28.196 0.3333329856
133573  52.043  5.729  27.821 0.1111110002
133596  54.988  6.354  25.282 0.2222220004
133604  55.629  6.099  24.286 0.2222220004
133624  56.119  5.715  23.229 0.2222220004
133637  56.697  5.724  22.320 0.2222220004
133650  57.664  6.240  21.267 0.2222220004
133651  57.282  5.864  21.424 0.2222220004
133653  53.754  5.569  20.884 0.1111110002
133666  54.003  5.357  20.256 0.1111110002
133678  57.983  6.315  19.837 0.2222220004
133739  56.598  6.368  14.378 0.1111110002
133760  56.342  5.864  13.485 0.1111110002
133810  56.403  5.405  10.806 0.1111110002
135101  55.079  6.628  25.063 0.2222220004
135103  54.305  6.902  24.992 0.2222220004
135110  55.361  6.636  24.665 0.2222220004
135121  56.326  6.553  23.304 0.2222220004
135124  54.527  7.067  23.642 0.2222220004
135136  56.932  6.564  22.532 0.2222220004
135137  56.668  6.411  22.945 0.2222220004
135152  57.472  6.497  21.837 0.2222220004
135154  56.099  6.950  21.654 0.1111110002
135171  57.592  6.663  21.629 0.2222220004
135174  55.678  6.703  21.247 0.1111110002
135176  54.098  6.058  21.390 0.1111110002
135202  56.286  6.856  20.086 0.1111110002
135215  56.036  6.525  18.926 0.1111110002
135227  55.929  6.959  17.374 0.1111110002
135232  55.717  7.031  16.640 0.1111110002
135233  55.485  6.782  16.193 0.1111110002
135249  56.703  6.637  14.518 0.1111110002
135255  56.749  7.075  14.368 0.1111110002
135279  56.739  7.083  12.266 0.1111110002
135280  56.522  6.802  12.514 0.1111110002
135300  56.499  6.486  11.717 0.1111110002
135310  56.539  6.372  11.367 0.1111110002
135317  57.702  7.240  9.551 0.1111110002
135413  55.678  7.376  3.808 0.1111110002
136593  56.200  6.857  23.190 0.2222220004
136606  56.988  6.788  22.350 0.2222220004
136609  55.332  7.016  22.863 0.1111110002
136610  54.771  7.005  22.979 0.3333329856
136622  56.957  6.972  22.033 0.2222220004
136624  55.599  6.951  22.241 0.1111110002
136637  57.647  7.166  21.432 0.2222220004
136638  57.100  7.270  21.397 0.2222220004
136647  57.110  7.458  20.569 0.2222220004
136684  56.369  7.785  17.385 0.1111110002
136711  55.264  7.662  14.644 0.1111110002
136716  56.558  6.981  13.604 0.1111110002
138118  57.329  8.277  18.583 0.1111110002
138124  57.189  8.342  18.109 0.2222220004
138148  57.793  8.157  16.192 0.2222220004
138185  57.817  8.561  12.364 0.1111110002
138186  57.287  8.037  12.668 0.1111110002
138204  57.940  8.458  11.746 0.1111110002
138327  57.165  8.385  3.229 0.1111110002
139604  57.818  8.605  17.165 0.2222220004
139605  57.649  8.779  17.163 0.2222220004
139606  57.323  8.877  17.077 0.1111110002
139615  57.864  8.597  16.930 0.1111110002
139624  57.822  8.558  16.529 0.1111110002
141195  57.505  10.560  4.537 0.1111110002
142612  57.437  11.060  4.850 0.1111110002
142622  57.448  10.722  3.960 0.1111110002
142644  57.486  10.988  3.387 0.1111110002
144003  52.096  12.039  10.638 0.1111110002
145495  52.559  12.232  10.297 0.1111110002
145564  57.490  12.084  5.370 0.1111110002
