#!ascii label  , from subject FS6EXPERT_subj01_ver10 vox2ras=TkReg
2332
119591  46.855  -2.703  25.487 0.0000000000
97184  35.544  -13.704  44.662 0.0000000000
79660  23.605  -23.072  46.050 0.0000000000
78086  17.174  -23.924  49.727 0.0000000000
92533  30.793  -16.373  50.617 0.0000000000
91053  26.962  -17.476  42.018 0.0000000000
109277  39.632  -7.418  27.465 0.0000000000
122572  54.767  -0.028  23.644 0.0000000000
113737  42.831  -5.852  38.043 0.0000000000
100440  39.909  -12.886  36.889 0.0000000000
95794  31.307  -14.424  34.619 0.0000000000
79604  25.441  -23.040  50.745 0.0000000000
76641  20.441  -24.620  47.820 0.0000000000
75201  22.360  -25.209  52.362 0.0000000000
86090  27.449  -19.624  48.567 0.0000000000
116416  46.563  -3.352  37.210 0.0000000000
100157  36.993  -12.510  49.668 0.0000000000
100218  39.861  -12.558  45.772 0.0000000000
100333  42.620  -12.343  41.640 0.0000000000
100339  37.649  -12.375  40.979 0.0000000000
100497  35.029  -12.656  36.028 0.0000000000
97242  33.861  -13.882  39.732 0.0000000000
82979  22.885  -20.997  39.544 0.0000000000
89684  24.621  -17.960  37.018 0.0000000000
122558  50.230  -0.115  24.499 0.0000000000
124080  48.564  0.556  18.670 0.0000000000
78213  21.055  -23.199  41.727 0.0000000000
76737  17.735  -24.310  43.470 0.0000000000
95577  33.134  -14.894  47.851 0.0000000000
94161  31.480  -15.236  43.865 0.0000000000
90995  29.014  -16.956  46.678 0.0000000000
84498  25.641  -20.033  44.111 0.0000000000
113936  43.320  -5.472  26.434 0.0000000000
77971  19.345  -23.754  55.736 0.0000000000
81131  14.697  -21.817  52.469 0.0000000000
121002  52.450  -1.438  29.246 0.0000000000
116526  49.291  -3.751  30.814 0.0000000000
112295  45.906  -6.103  32.108 0.0000000000
112275  41.959  -6.245  33.087 0.0000000000
106202  38.765  -9.561  33.497 0.0000000000
109025  44.806  -7.562  41.253 0.0000000000
102044  42.430  -11.486  37.666 0.0000000000
94357  39.204  -15.185  32.692 0.0000000000
94333  36.659  -15.444  33.753 0.0000000000
94245  29.128  -15.834  38.612 0.0000000000
79577  26.041  -22.744  52.288 0.0000000000
76554  23.833  -24.616  51.629 0.0000000000
76510  24.916  -24.172  53.379 0.0000000000
82678  27.461  -21.088  51.974 0.0000000000
97134  36.453  -13.799  47.538 0.0000000000
98626  37.778  -12.897  45.562 0.0000000000
100276  38.995  -12.336  43.472 0.0000000000
98668  36.365  -13.134  42.836 0.0000000000
98714  35.784  -13.102  40.634 0.0000000000
97211  34.687  -13.801  42.168 0.0000000000
78313  20.408  -23.505  38.193 0.0000000000
79854  21.540  -22.714  36.520 0.0000000000
121083  48.371  -1.450  25.250 0.0000000000
122593  47.514  -0.338  22.740 0.0000000000
119644  45.199  -1.796  22.740 0.0000000000
78153  22.428  -23.430  44.087 0.0000000000
78216  19.145  -23.838  42.410 0.0000000000
78155  20.760  -24.243  44.543 0.0000000000
76624  18.243  -24.471  48.388 0.0000000000
76668  17.284  -24.338  46.679 0.0000000000
78116  15.662  -23.759  47.682 0.0000000000
78090  14.556  -23.206  48.823 0.0000000000
95532  33.909  -14.504  50.192 0.0000000000
94053  31.873  -15.629  49.116 0.0000000000
94083  31.275  -15.616  47.480 0.0000000000
92558  30.172  -16.455  48.526 0.0000000000
82775  25.451  -21.577  47.145 0.0000000000
84442  26.518  -20.124  46.629 0.0000000000
81265  24.821  -21.614  45.329 0.0000000000
81311  22.984  -22.376  42.851 0.0000000000
110862  41.529  -6.558  26.497 0.0000000000
110920  40.623  -6.502  23.139 0.0000000000
107828  39.250  -8.271  23.322 0.0000000000
82644  13.728  -20.945  54.030 0.0000000000
113849  47.690  -5.155  31.475 0.0000000000
113798  48.728  -5.050  34.378 0.0000000000
116418  44.732  -3.737  37.475 0.0000000000
113805  44.207  -5.335  35.056 0.0000000000
112214  42.532  -5.764  35.952 0.0000000000
109173  40.031  -7.249  33.565 0.0000000000
109128  40.885  -7.875  36.076 0.0000000000
100373  41.077  -12.427  39.404 0.0000000000
100371  43.013  -12.672  39.351 0.0000000000
97271  41.680  -13.898  37.418 0.0000000000
98873  40.998  -13.200  35.051 0.0000000000
95780  39.955  -14.970  35.360 0.0000000000
92776  37.863  -16.365  33.580 0.0000000000
98876  38.530  -13.607  34.631 0.0000000000
98926  34.080  -13.297  33.257 0.0000000000
92630  29.171  -16.125  42.880 0.0000000000
94200  30.848  -15.552  41.232 0.0000000000
92664  28.269  -16.225  40.417 0.0000000000
91169  25.259  -17.586  34.488 0.0000000000
124056  56.402  -0.142  19.593 0.0000000000
124047  53.414  0.651  20.233 0.0000000000
79640  24.461  -22.990  48.371 0.0000000000
76682  22.090  -24.298  46.688 0.0000000000
76618  22.962  -24.360  48.703 0.0000000000
75253  20.959  -25.090  49.623 0.0000000000
76568  19.150  -24.635  50.772 0.0000000000
90939  29.781  -17.225  52.027 0.0000000000
89499  28.998  -17.968  49.906 0.0000000000
87756  28.415  -19.315  50.964 0.0000000000
81187  26.391  -21.530  49.735 0.0000000000
116413  48.765  -3.217  37.080 0.0000000000
116389  44.501  -3.896  39.873 0.0000000000
100292  41.198  -12.236  43.046 0.0000000000
100336  40.156  -12.030  41.302 0.0000000000
100394  38.244  -12.076  38.680 0.0000000000
100468  37.239  -12.233  36.311 0.0000000000
100396  36.583  -12.489  38.773 0.0000000000
98780  34.621  -13.205  38.236 0.0000000000
97291  32.280  -14.283  37.243 0.0000000000
87928  25.290  -18.945  41.316 0.0000000000
91097  26.049  -17.486  39.710 0.0000000000
86329  23.761  -19.431  38.547 0.0000000000
123962  52.709  0.339  23.954 0.0000000000
124028  51.554  0.838  21.191 0.0000000000
124016  49.449  0.510  22.016 0.0000000000
76703  19.359  -24.367  45.518 0.0000000000
97084  35.285  -14.101  49.158 0.0000000000
97137  34.515  -14.179  46.521 0.0000000000
95669  33.732  -14.505  44.012 0.0000000000
95620  32.563  -14.875  45.886 0.0000000000
94131  30.401  -15.667  45.004 0.0000000000
91023  28.201  -16.945  44.063 0.0000000000
89522  28.347  -17.992  47.604 0.0000000000
87846  27.308  -18.449  45.652 0.0000000000
87893  26.511  -18.519  43.334 0.0000000000
84556  24.363  -20.387  41.792 0.0000000000
79772  21.770  -22.480  40.996 0.0000000000
116668  44.998  -4.177  25.864 0.0000000000
118215  44.094  -3.163  23.384 0.0000000000
113980  42.326  -4.752  23.397 0.0000000000
75182  20.860  -24.765  54.444 0.0000000000
78030  18.406  -23.675  52.703 0.0000000000
79555  17.203  -22.726  54.104 0.0000000000
79606  15.879  -22.826  50.885 0.0000000000
122521  53.723  -0.034  26.219 0.0000000000
121051  51.662  -1.013  27.078 0.0000000000
119559  49.720  -2.168  27.702 0.0000000000
116610  48.267  -3.407  28.190 0.0000000000
115205  46.648  -4.695  28.611 0.0000000000
112339  45.136  -5.975  29.000 0.0000000000
110803  43.034  -6.757  29.853 0.0000000000
113782  46.632  -5.189  35.377 0.0000000000
112286  43.759  -6.378  32.617 0.0000000000
110806  40.662  -7.186  29.896 0.0000000000
109204  39.074  -7.424  31.051 0.0000000000
107685  36.799  -9.063  30.723 0.0000000000
110659  43.863  -7.026  39.941 0.0000000000
103426  44.249  -10.612  41.156 0.0000000000
104784  43.386  -9.859  39.282 0.0000000000
107548  42.375  -8.421  38.370 0.0000000000
103512  40.566  -10.420  35.523 0.0000000000
102154  38.661  -12.121  32.919 0.0000000000
98900  36.502  -13.244  33.615 0.0000000000
95690  32.487  -14.945  42.009 0.0000000000
95713  31.732  -15.099  39.382 0.0000000000
94266  30.285  -15.547  36.913 0.0000000000
92722  26.867  -16.608  37.824 0.0000000000
92755  27.990  -16.184  36.135 0.0000000000
78017  25.323  -23.691  53.060 0.0000000000
78001  25.549  -23.144  54.162 0.0000000000
97169  35.807  -13.664  45.500 0.0000000000
98614  37.153  -13.323  46.304 0.0000000000
98628  36.146  -13.435  44.787 0.0000000000
98653  37.177  -12.912  43.733 0.0000000000
98655  35.859  -13.364  43.387 0.0000000000
98669  35.723  -13.342  42.659 0.0000000000
97195  34.819  -13.980  43.711 0.0000000000
119604  47.450  -1.878  24.977 0.0000000000
121096  47.169  -1.408  24.166 0.0000000000
119617  45.902  -2.488  24.291 0.0000000000
79669  22.987  -23.369  44.939 0.0000000000
78154  21.715  -23.842  44.295 0.0000000000
78144  22.517  -23.748  44.976 0.0000000000
76603  17.513  -24.273  49.098 0.0000000000
76626  16.869  -24.254  48.032 0.0000000000
78102  16.463  -23.895  48.569 0.0000000000
78104  15.090  -23.513  48.201 0.0000000000
78088  16.064  -23.525  49.145 0.0000000000
94013  31.024  -15.772  51.781 0.0000000000
94012  31.548  -15.513  51.370 0.0000000000
94024  32.355  -15.370  50.408 0.0000000000
92532  31.251  -15.965  50.248 0.0000000000
92549  30.897  -16.064  48.976 0.0000000000
92540  30.641  -16.384  49.874 0.0000000000
81221  24.802  -22.240  47.159 0.0000000000
81236  25.139  -21.806  46.762 0.0000000000
79659  23.978  -22.638  45.599 0.0000000000
79678  23.261  -22.858  44.369 0.0000000000
110863  40.633  -7.001  26.823 0.0000000000
110900  39.952  -6.861  25.446 0.0000000000
109333  38.881  -7.457  25.301 0.0000000000
116452  51.052  -3.206  35.081 0.0000000000
115085  49.832  -4.289  34.408 0.0000000000
115069  49.910  -4.235  35.265 0.0000000000
115031  43.665  -4.738  38.252 0.0000000000
113752  43.308  -5.008  36.976 0.0000000000
112204  42.390  -5.950  36.767 0.0000000000
110725  41.627  -6.597  36.002 0.0000000000
112197  42.065  -6.805  37.344 0.0000000000
100412  40.552  -12.955  37.761 0.0000000000
98753  41.452  -13.347  38.372 0.0000000000
98804  40.585  -13.498  36.880 0.0000000000
97303  40.552  -14.249  36.132 0.0000000000
98850  39.764  -13.889  35.702 0.0000000000
98875  39.082  -14.024  34.967 0.0000000000
98852  38.833  -13.279  35.157 0.0000000000
92631  28.489  -16.429  42.661 0.0000000000
92643  29.045  -16.072  42.122 0.0000000000
92645  27.911  -16.639  41.741 0.0000000000
122614  55.511  -0.055  21.505 0.0000000000
123991  54.593  0.127  22.069 0.0000000000
78083  24.862  -23.244  49.796 0.0000000000
78100  23.634  -23.849  48.462 0.0000000000
78069  24.106  -23.936  49.709 0.0000000000
75212  23.183  -24.975  51.555 0.0000000000
75235  22.569  -24.985  50.542 0.0000000000
75226  21.432  -25.190  51.058 0.0000000000
76567  19.862  -24.960  50.527 0.0000000000
75215  21.073  -25.123  51.814 0.0000000000
89470  29.105  -18.239  52.235 0.0000000000
89485  29.147  -18.353  51.372 0.0000000000
86013  28.591  -19.199  51.607 0.0000000000
81143  26.358  -22.091  51.221 0.0000000000
82714  26.982  -21.376  50.669 0.0000000000
81174  26.086  -22.017  50.052 0.0000000000
79627  25.478  -22.240  49.272 0.0000000000
100206  39.168  -12.774  46.811 0.0000000000
100204  40.566  -12.091  46.848 0.0000000000
100233  41.334  -12.288  45.482 0.0000000000
100252  42.052  -12.192  44.888 0.0000000000
100254  40.581  -12.359  44.513 0.0000000000
100317  37.890  -12.398  41.771 0.0000000000
100315  39.485  -12.129  42.003 0.0000000000
100338  38.469  -12.193  41.080 0.0000000000
100357  39.101  -12.058  40.355 0.0000000000
100376  37.827  -12.207  39.474 0.0000000000
100395  37.361  -12.239  38.724 0.0000000000
100377  37.027  -12.418  39.468 0.0000000000
98716  34.737  -13.478  40.300 0.0000000000
100380  35.305  -13.076  39.392 0.0000000000
98737  34.105  -13.528  39.176 0.0000000000
98782  33.517  -13.610  37.645 0.0000000000
97254  33.073  -14.083  38.614 0.0000000000
86286  24.257  -19.657  40.264 0.0000000000
87973  24.591  -18.954  39.630 0.0000000000
84640  23.396  -20.097  38.873 0.0000000000
123964  51.114  0.166  24.292 0.0000000000
123996  50.846  0.522  22.704 0.0000000000
123981  49.768  0.152  23.642 0.0000000000
122615  46.625  -0.051  20.868 0.0000000000
78248  19.876  -23.754  40.708 0.0000000000
76783  19.371  -24.055  41.007 0.0000000000
76663  20.992  -24.512  47.140 0.0000000000
76684  20.832  -24.463  46.442 0.0000000000
76686  19.441  -24.445  46.261 0.0000000000
76690  16.348  -24.235  45.702 0.0000000000
76706  17.074  -24.281  45.007 0.0000000000
95563  33.708  -14.874  49.025 0.0000000000
97069  34.491  -14.164  49.952 0.0000000000
95575  34.319  -14.645  48.537 0.0000000000
97117  35.094  -14.215  47.648 0.0000000000
95591  33.571  -14.712  47.497 0.0000000000
95619  33.278  -14.645  46.074 0.0000000000
95592  32.976  -14.872  47.296 0.0000000000
92564  30.612  -15.855  47.169 0.0000000000
94099  30.699  -15.707  46.305 0.0000000000
92574  30.116  -16.032  46.528 0.0000000000
92594  29.382  -16.275  45.154 0.0000000000
92595  28.820  -16.679  45.505 0.0000000000
87778  28.140  -18.933  48.977 0.0000000000
89507  28.887  -17.809  48.996 0.0000000000
87786  27.772  -19.103  48.347 0.0000000000
86171  26.321  -19.854  45.383 0.0000000000
87828  26.996  -19.148  46.098 0.0000000000
86185  26.588  -19.330  45.123 0.0000000000
89561  26.961  -18.333  44.363 0.0000000000
86204  25.912  -19.417  43.648 0.0000000000
86224  25.167  -19.623  42.636 0.0000000000
84514  25.067  -20.303  43.438 0.0000000000
79725  22.174  -22.745  42.171 0.0000000000
81329  22.748  -22.221  41.961 0.0000000000
79750  21.378  -22.850  41.311 0.0000000000
115260  44.313  -4.622  26.052 0.0000000000
115289  43.454  -4.394  24.596 0.0000000000
113965  42.935  -4.968  25.279 0.0000000000
110954  41.115  -6.903  22.056 0.0000000000
76499  20.338  -24.455  54.785 0.0000000000
76528  19.703  -24.305  53.305 0.0000000000
78006  18.707  -23.610  54.028 0.0000000000
81094  15.517  -21.703  54.047 0.0000000000
79571  15.987  -22.146  53.327 0.0000000000
79584  16.552  -22.670  52.503 0.0000000000
79599  15.031  -22.214  51.665 0.0000000000
79607  14.877  -22.383  51.006 0.0000000000
81168  14.069  -22.173  51.218 0.0000000000
123932  54.925  0.294  26.226 0.0000000000
122485  53.342  -0.566  27.753 0.0000000000
121034  51.877  -1.287  27.920 0.0000000000
119571  50.440  -1.483  27.111 0.0000000000
119540  51.267  -1.765  28.382 0.0000000000
118074  50.096  -2.948  29.937 0.0000000000
118093  49.498  -2.909  28.947 0.0000000000
116581  48.925  -3.363  29.005 0.0000000000
116611  47.311  -4.096  28.330 0.0000000000
115178  48.061  -4.292  29.666 0.0000000000
113850  47.008  -5.650  31.958 0.0000000000
113869  46.278  -5.755  30.371 0.0000000000
112313  45.829  -6.057  30.688 0.0000000000
110815  44.146  -6.534  29.244 0.0000000000
110787  44.824  -6.521  31.147 0.0000000000
117925  47.691  -2.857  37.514 0.0000000000
115054  48.147  -4.324  36.326 0.0000000000
115056  46.649  -4.295  36.284 0.0000000000
112258  43.373  -5.944  33.851 0.0000000000
112257  44.205  -5.922  33.884 0.0000000000
112273  43.219  -6.169  33.138 0.0000000000
110776  42.753  -6.741  31.479 0.0000000000
110778  41.089  -6.811  31.374 0.0000000000
110793  40.138  -7.174  30.507 0.0000000000
110767  40.479  -6.798  32.069 0.0000000000
107625  39.097  -8.564  33.752 0.0000000000
109195  38.506  -7.985  32.470 0.0000000000
107658  38.000  -8.834  32.401 0.0000000000
104877  37.365  -10.452  32.080 0.0000000000
110647  44.592  -6.840  40.925 0.0000000000
100311  42.720  -12.320  42.530 0.0000000000
101968  44.089  -11.748  42.231 0.0000000000
100352  43.387  -12.381  40.871 0.0000000000
100410  42.602  -12.252  37.957 0.0000000000
102013  43.327  -11.280  39.337 0.0000000000
103469  42.879  -10.618  38.366 0.0000000000
106136  42.687  -9.114  38.570 0.0000000000
104796  42.236  -9.821  37.685 0.0000000000
104805  41.416  -9.486  36.801 0.0000000000
102063  41.352  -11.353  36.181 0.0000000000
95809  39.844  -14.342  33.393 0.0000000000
100540  39.905  -12.784  33.958 0.0000000000
97388  38.862  -13.890  32.657 0.0000000000
98962  37.454  -13.264  31.709 0.0000000000
95869  37.646  -14.659  31.837 0.0000000000
94359  37.858  -15.421  32.132 0.0000000000
94311  37.468  -15.933  33.924 0.0000000000
92799  36.878  -16.676  33.073 0.0000000000
100469  36.393  -12.343  36.484 0.0000000000
100519  36.542  -12.446  34.776 0.0000000000
100520  35.756  -12.444  35.035 0.0000000000
95853  34.869  -14.532  32.753 0.0000000000
95656  32.588  -14.861  44.307 0.0000000000
95680  33.086  -14.684  43.052 0.0000000000
95681  32.412  -14.945  42.807 0.0000000000
94211  30.098  -15.668  40.236 0.0000000000
94209  31.384  -15.368  40.660 0.0000000000
94243  30.685  -15.530  38.718 0.0000000000
95730  31.077  -15.316  38.310 0.0000000000
94257  30.234  -15.611  37.842 0.0000000000
91112  25.394  -17.649  38.333 0.0000000000
91096  26.665  -16.950  39.265 0.0000000000
91139  25.471  -17.363  36.857 0.0000000000
92757  26.775  -16.517  35.372 0.0000000000
94300  28.671  -15.867  35.152 0.0000000000
124049  50.033  0.963  20.340 0.0000000000
125417  50.988  1.087  19.996 0.0000000000
116722  43.293  -3.257  21.634 0.0000000000
79590  25.922  -22.704  51.375 0.0000000000
78055  24.733  -23.760  50.770 0.0000000000
76538  24.862  -23.882  51.949 0.0000000000
76539  24.403  -24.320  52.151 0.0000000000
75189  23.640  -24.937  52.767 0.0000000000
81123  26.887  -21.729  52.243 0.0000000000
98557  36.953  -13.446  48.535 0.0000000000
98535  37.954  -12.940  48.527 0.0000000000
98576  37.668  -13.305  47.580 0.0000000000
98613  37.907  -13.117  46.290 0.0000000000
98625  38.636  -12.653  45.369 0.0000000000
100256  39.146  -12.413  44.234 0.0000000000
100257  38.362  -12.551  44.149 0.0000000000
100278  37.617  -12.674  43.133 0.0000000000
100318  37.050  -12.640  41.687 0.0000000000
100341  36.319  -12.840  40.722 0.0000000000
98682  36.277  -13.062  42.010 0.0000000000
98684  34.968  -13.563  41.511 0.0000000000
97219  34.461  -13.837  41.419 0.0000000000
81394  21.666  -21.972  39.174 0.0000000000
83002  22.504  -20.941  38.538 0.0000000000
81429  21.200  -22.385  37.958 0.0000000000
122543  49.329  -0.693  25.031 0.0000000000
122575  48.867  -0.200  23.591 0.0000000000
122576  48.011  -0.632  23.707 0.0000000000
122595  46.200  -0.982  22.553 0.0000000000
78189  21.827  -23.249  42.832 0.0000000000
78215  19.833  -23.760  42.225 0.0000000000
78191  20.426  -23.788  42.836 0.0000000000
78169  20.066  -24.134  43.746 0.0000000000
76735  19.273  -24.203  44.101 0.0000000000
76623  19.031  -24.634  48.494 0.0000000000
76666  18.804  -24.465  46.913 0.0000000000
76644  18.157  -24.435  47.576 0.0000000000
76646  16.716  -24.250  47.337 0.0000000000
78119  13.668  -24.238  47.388 0.0000000000
95549  32.891  -15.055  50.284 0.0000000000
94052  32.690  -15.335  48.938 0.0000000000
94082  31.938  -15.294  47.702 0.0000000000
94069  31.471  -15.666  48.374 0.0000000000
92557  30.721  -15.999  48.024 0.0000000000
90986  29.537  -16.760  47.730 0.0000000000
82757  26.413  -20.876  48.015 0.0000000000
86112  27.028  -19.743  47.747 0.0000000000
84426  26.217  -20.726  47.339 0.0000000000
82805  25.696  -20.938  45.943 0.0000000000
82858  25.094  -21.074  44.676 0.0000000000
82886  24.564  -21.172  43.584 0.0000000000
81278  24.162  -21.895  44.019 0.0000000000
81296  22.993  -22.585  43.325 0.0000000000
112360  42.542  -6.084  26.700 0.0000000000
112384  42.004  -5.649  25.415 0.0000000000
110898  40.968  -6.187  25.192 0.0000000000
110921  40.074  -7.021  23.356 0.0000000000
82623  14.805  -21.033  54.981 0.0000000000
82665  14.062  -21.271  53.361 0.0000000000
81133  13.258  -21.608  52.229 0.0000000000
82689  13.008  -21.336  52.766 0.0000000000
116488  49.591  -3.820  32.104 0.0000000000
115136  48.630  -4.286  30.936 0.0000000000
115116  49.246  -4.252  32.398 0.0000000000
113829  48.164  -5.176  32.949 0.0000000000
113830  47.486  -5.641  33.330 0.0000000000
116417  45.538  -3.337  37.423 0.0000000000
115058  45.274  -4.292  36.326 0.0000000000
115059  44.600  -4.385  36.476 0.0000000000
113787  43.267  -5.363  35.609 0.0000000000
112244  41.855  -6.161  34.417 0.0000000000
110745  40.652  -6.772  33.774 0.0000000000
110736  41.202  -6.542  34.737 0.0000000000
109160  40.248  -7.544  34.580 0.0000000000
107611  39.958  -8.460  34.852 0.0000000000
100354  41.864  -12.343  40.473 0.0000000000
98730  43.122  -12.750  40.315 0.0000000000
98732  41.983  -13.018  39.457 0.0000000000
98775  42.551  -13.109  38.239 0.0000000000
97286  42.189  -13.242  37.187 0.0000000000
100489  41.559  -12.656  36.086 0.0000000000
97301  41.654  -13.582  36.063 0.0000000000
95778  41.004  -14.516  35.016 0.0000000000
94308  39.584  -15.844  33.752 0.0000000000
94332  38.995  -16.042  33.322 0.0000000000
94297  39.139  -15.789  34.483 0.0000000000
97358  38.392  -14.751  34.266 0.0000000000
97359  37.731  -14.459  33.890 0.0000000000
100522  34.521  -12.837  35.459 0.0000000000
100544  35.021  -12.631  34.534 0.0000000000
98904  33.453  -13.148  34.410 0.0000000000
97375  33.260  -13.619  32.982 0.0000000000
95855  33.489  -14.892  32.398 0.0000000000
94163  30.160  -15.679  43.428 0.0000000000
94188  31.496  -15.326  42.278 0.0000000000
94179  30.248  -15.639  42.562 0.0000000000
94202  29.511  -15.787  40.811 0.0000000000
92682  28.785  -15.974  39.866 0.0000000000
89704  24.844  -17.745  35.796 0.0000000000
89733  24.415  -18.432  34.318 0.0000000000
122603  56.869  -0.057  21.430 0.0000000000
124059  54.628  0.510  19.695 0.0000000000
125435  53.632  0.897  18.929 0.0000000000
79647  23.773  -23.256  47.093 0.0000000000
78124  22.672  -24.008  46.617 0.0000000000
78114  22.982  -24.009  47.347 0.0000000000
76638  22.602  -24.361  47.955 0.0000000000
76620  21.401  -24.758  48.580 0.0000000000
76579  23.209  -24.671  50.429 0.0000000000
76599  21.788  -24.843  49.067 0.0000000000
76621  20.666  -24.814  48.461 0.0000000000
76600  19.833  -24.951  49.356 0.0000000000
76583  18.671  -24.532  50.063 0.0000000000
76584  17.747  -24.165  50.104 0.0000000000
90947  30.330  -16.772  51.013 0.0000000000
90954  30.303  -16.797  50.355 0.0000000000
89484  29.522  -17.796  51.060 0.0000000000
87763  28.719  -18.576  50.375 0.0000000000
86062  27.731  -19.778  49.866 0.0000000000
84354  27.996  -20.029  51.269 0.0000000000
84371  27.506  -20.360  50.154 0.0000000000
84389  27.060  -20.538  49.297 0.0000000000
82742  26.039  -21.512  48.814 0.0000000000
79639  24.862  -22.507  48.049 0.0000000000
109297  38.379  -7.678  27.171 0.0000000000
109334  38.377  -7.665  25.505 0.0000000000
107805  37.274  -8.526  25.284 0.0000000000
117938  49.467  -2.764  36.752 0.0000000000
119378  46.297  -2.224  38.433 0.0000000000
117915  45.090  -3.015  38.503 0.0000000000
116396  44.450  -3.709  39.150 0.0000000000
115023  43.734  -4.955  38.996 0.0000000000
100290  42.791  -12.272  43.402 0.0000000000
100312  41.900  -12.193  42.325 0.0000000000
100275  39.753  -12.274  43.602 0.0000000000
100314  40.272  -12.115  42.122 0.0000000000
101978  41.212  -11.919  40.999 0.0000000000
102003  40.649  -11.910  40.031 0.0000000000
100392  40.247  -12.414  38.580 0.0000000000
100413  39.601  -12.418  37.760 0.0000000000
100467  38.164  -12.356  36.160 0.0000000000
100442  37.950  -12.151  37.048 0.0000000000
100443  37.053  -12.243  37.178 0.0000000000
100444  36.248  -12.455  37.309 0.0000000000
100378  36.322  -12.673  39.479 0.0000000000
100418  35.298  -12.929  38.219 0.0000000000
100471  34.859  -12.878  36.833 0.0000000000
98828  33.950  -13.237  36.369 0.0000000000
98830  32.855  -13.750  36.311 0.0000000000
97323  31.854  -14.278  35.900 0.0000000000
89589  26.474  -17.850  41.665 0.0000000000
91065  26.814  -17.384  41.178 0.0000000000
89616  25.770  -18.061  40.313 0.0000000000
87990  24.521  -18.674  38.817 0.0000000000
88000  24.314  -18.509  38.026 0.0000000000
83026  22.415  -20.902  37.511 0.0000000000
86354  23.013  -20.108  36.630 0.0000000000
123961  53.419  0.273  23.879 0.0000000000
123993  53.203  0.354  22.502 0.0000000000
123995  51.656  0.506  22.637 0.0000000000
124015  50.315  0.646  21.916 0.0000000000
124050  49.270  0.750  20.368 0.0000000000
124017  48.621  0.320  22.045 0.0000000000
124052  47.428  0.290  20.372 0.0000000000
78135  21.624  -24.318  45.895 0.0000000000
76716  19.994  -24.351  44.912 0.0000000000
76718  18.587  -24.235  44.585 0.0000000000
76688  17.954  -24.359  46.007 0.0000000000
76705  17.875  -24.278  45.196 0.0000000000
97066  36.210  -13.573  49.450 0.0000000000
97116  35.832  -14.015  47.943 0.0000000000
97136  35.145  -14.097  46.828 0.0000000000
97170  35.026  -13.958  45.226 0.0000000000
97186  34.315  -14.250  44.231 0.0000000000
95635  33.815  -14.399  45.524 0.0000000000
95636  33.195  -14.636  45.304 0.0000000000
95638  32.041  -14.975  44.814 0.0000000000
94097  31.776  -15.270  46.948 0.0000000000
94115  31.111  -15.466  45.898 0.0000000000
94145  30.920  -15.460  44.428 0.0000000000
92616  29.826  -15.842  44.041 0.0000000000
92618  28.682  -16.449  43.504 0.0000000000
91033  27.669  -17.306  43.595 0.0000000000
90972  29.296  -17.400  49.380 0.0000000000
90979  29.244  -17.305  48.559 0.0000000000
90988  28.691  -17.512  47.504 0.0000000000
87796  27.707  -18.789  47.618 0.0000000000
89531  27.828  -18.333  47.039 0.0000000000
91005  28.582  -17.174  46.104 0.0000000000
91015  27.801  -17.567  44.976 0.0000000000
89560  27.324  -17.843  44.051 0.0000000000
89578  26.653  -18.038  42.648 0.0000000000
87912  25.903  -18.746  42.273 0.0000000000
86245  24.986  -19.435  41.725 0.0000000000
84576  23.766  -20.726  40.734 0.0000000000
82910  23.954  -21.310  42.456 0.0000000000
81350  23.258  -21.437  41.133 0.0000000000
81370  22.586  -21.627  40.369 0.0000000000
81395  21.324  -22.368  39.579 0.0000000000
116667  45.934  -3.526  25.764 0.0000000000
118199  45.349  -2.986  24.477 0.0000000000
116700  44.436  -3.519  24.254 0.0000000000
112399  41.468  -5.560  23.244 0.0000000000
110953  41.486  -6.404  21.937 0.0000000000
106398  38.542  -9.087  23.662 0.0000000000
77983  25.402  -23.123  54.727 0.0000000000
76498  24.387  -24.503  54.380 0.0000000000
75179  22.774  -25.200  53.691 0.0000000000
75169  21.975  -25.188  54.690 0.0000000000
75192  21.453  -25.131  53.325 0.0000000000
76542  19.828  -24.563  52.370 0.0000000000
76557  19.049  -24.366  51.681 0.0000000000
78056  17.700  -23.812  51.056 0.0000000000
77973  18.302  -23.247  55.092 0.0000000000
79568  17.853  -23.147  53.398 0.0000000000
79596  17.180  -23.203  51.723 0.0000000000
79605  16.508  -23.225  50.701 0.0000000000
79618  15.334  -22.855  50.183 0.0000000000
123960  55.580  0.250  24.689 0.0000000000
122556  53.857  0.165  24.561 0.0000000000
122538  53.285  0.102  25.272 0.0000000000
122540  51.584  -0.142  25.326 0.0000000000
123896  54.536  0.245  27.747 0.0000000000
122506  52.339  -0.575  26.762 0.0000000000
122524  51.184  -0.495  25.924 0.0000000000
121070  49.947  -1.107  26.026 0.0000000000
119588  48.804  -1.790  26.102 0.0000000000
119574  48.432  -2.313  26.538 0.0000000000
118109  50.351  -2.448  28.920 0.0000000000
118129  49.130  -2.619  27.840 0.0000000000
118148  47.742  -2.938  26.811 0.0000000000
116649  46.739  -3.522  26.542 0.0000000000
116633  45.909  -4.370  27.283 0.0000000000
113933  44.918  -5.071  27.337 0.0000000000
113867  47.327  -4.980  30.101 0.0000000000
113903  46.009  -5.244  28.759 0.0000000000
112350  43.938  -5.918  27.716 0.0000000000
112342  43.565  -6.303  27.981 0.0000000000
110835  42.018  -6.809  28.208 0.0000000000
110836  41.116  -7.120  28.337 0.0000000000
115053  48.937  -4.212  36.285 0.0000000000
113800  47.534  -5.424  34.783 0.0000000000
112269  46.188  -6.046  33.455 0.0000000000
113803  45.616  -5.423  34.922 0.0000000000
112256  45.003  -5.984  33.896 0.0000000000
112284  45.318  -6.245  32.612 0.0000000000
110775  43.528  -6.682  31.526 0.0000000000
110804  42.129  -6.849  29.859 0.0000000000
109240  40.591  -7.292  28.667 0.0000000000
109242  39.401  -7.562  28.941 0.0000000000
109262  38.234  -7.915  28.601 0.0000000000
109194  39.078  -7.374  31.897 0.0000000000
109218  37.909  -7.997  31.090 0.0000000000
113689  44.240  -5.378  40.137 0.0000000000
112179  43.513  -6.282  39.342 0.0000000000
106102  44.710  -9.063  41.423 0.0000000000
101989  43.688  -11.426  40.421 0.0000000000
104764  44.063  -9.911  40.468 0.0000000000
106109  44.150  -9.114  40.423 0.0000000000
109058  43.679  -7.683  39.751 0.0000000000
109075  42.993  -7.662  39.022 0.0000000000
110694  42.387  -7.065  38.195 0.0000000000
107566  41.666  -8.430  37.315 0.0000000000
106156  40.853  -8.839  36.188 0.0000000000
104835  39.786  -9.957  34.721 0.0000000000
102102  40.876  -11.935  35.341 0.0000000000
102104  39.857  -11.231  34.406 0.0000000000
103559  38.713  -11.103  33.300 0.0000000000
102156  37.695  -11.774  32.091 0.0000000000
92828  37.023  -16.201  32.254 0.0000000000
92829  36.206  -16.821  32.420 0.0000000000
100493  38.351  -12.817  35.230 0.0000000000
98899  37.435  -13.597  33.862 0.0000000000
97371  36.605  -14.419  33.403 0.0000000000
98901  35.718  -13.024  33.592 0.0000000000
97372  35.899  -14.296  33.202 0.0000000000
97196  34.225  -14.203  43.500 0.0000000000
97212  33.918  -14.189  41.994 0.0000000000
97221  33.430  -14.355  40.941 0.0000000000
94199  31.577  -15.360  41.443 0.0000000000
95704  32.374  -14.854  40.432 0.0000000000
95711  32.850  -14.573  40.090 0.0000000000
95728  32.136  -14.762  38.786 0.0000000000
95758  31.487  -14.806  37.142 0.0000000000
95782  30.686  -15.064  35.691 0.0000000000
91073  27.159  -16.826  39.882 0.0000000000
92684  27.581  -16.468  39.430 0.0000000000
92720  28.076  -16.220  38.291 0.0000000000
92733  26.333  -16.734  36.498 0.0000000000
92744  27.428  -16.355  36.537 0.0000000000
94268  28.970  -15.845  37.525 0.0000000000
94276  29.706  -15.674  36.363 0.0000000000
94287  29.923  -15.484  35.525 0.0000000000
125401  52.482  0.794  20.678 0.0000000000
125425  52.223  1.028  19.413 0.0000000000
125453  51.915  1.056  17.798 0.0000000000
119645  44.625  -2.340  22.914 0.0000000000
98642  36.008  -13.412  44.113 0.0000000000
97194  35.404  -13.702  43.918 0.0000000000
119590  47.283  -2.480  25.567 0.0000000000
119605  46.631  -2.495  25.000 0.0000000000
78143  22.994  -23.435  45.193 0.0000000000
78133  22.976  -23.573  45.793 0.0000000000
76604  17.002  -24.166  48.647 0.0000000000
78087  16.751  -23.835  49.258 0.0000000000
78072  16.342  -23.502  49.624 0.0000000000
92526  30.843  -16.197  51.338 0.0000000000
92525  31.241  -15.941  50.847 0.0000000000
94025  31.748  -15.639  50.638 0.0000000000
79653  24.103  -22.692  46.364 0.0000000000
79668  23.432  -22.990  45.095 0.0000000000
109294  40.188  -7.154  26.890 0.0000000000
110881  40.102  -7.022  26.220 0.0000000000
109295  39.726  -7.272  26.656 0.0000000000
116442  50.453  -3.429  35.721 0.0000000000
117951  50.450  -2.797  35.917 0.0000000000
113736  43.193  -5.169  37.795 0.0000000000
113753  42.779  -5.583  37.285 0.0000000000
112205  42.030  -6.547  36.961 0.0000000000
112196  42.346  -6.390  37.603 0.0000000000
100439  40.461  -13.163  37.224 0.0000000000
98805  40.148  -13.379  36.463 0.0000000000
100465  39.667  -13.170  36.124 0.0000000000
100492  39.140  -13.144  35.587 0.0000000000
100466  39.067  -12.664  36.117 0.0000000000
91040  28.015  -16.721  42.686 0.0000000000
91052  27.383  -17.036  41.521 0.0000000000
122571  55.503  -0.035  23.437 0.0000000000
122588  55.611  -0.114  22.568 0.0000000000
122589  54.852  -0.029  22.755 0.0000000000
78084  24.457  -23.459  49.342 0.0000000000
78068  24.526  -23.717  50.093 0.0000000000
75213  22.563  -25.146  51.675 0.0000000000
75225  22.170  -25.147  51.086 0.0000000000
75214  21.856  -25.208  51.743 0.0000000000
89462  29.098  -17.649  52.611 0.0000000000
87734  28.925  -18.792  52.014 0.0000000000
85996  28.630  -19.168  52.050 0.0000000000
81160  26.227  -22.129  50.738 0.0000000000
79603  25.797  -22.565  50.437 0.0000000000
79615  25.279  -22.887  50.041 0.0000000000
98593  39.397  -12.646  46.087 0.0000000000
100205  39.690  -12.571  46.590 0.0000000000
100217  40.580  -12.396  46.054 0.0000000000
100234  40.601  -12.431  45.270 0.0000000000
100235  39.927  -12.495  45.074 0.0000000000
100316  38.686  -12.231  41.882 0.0000000000
100358  38.191  -12.173  40.267 0.0000000000
100359  37.381  -12.376  40.199 0.0000000000
97241  34.278  -13.726  40.180 0.0000000000
98736  34.508  -13.422  39.634 0.0000000000
97253  33.636  -13.812  38.966 0.0000000000
84595  23.799  -20.416  40.309 0.0000000000
86287  23.846  -20.089  39.884 0.0000000000
84620  23.480  -20.427  39.570 0.0000000000
122557  50.639  -0.000  24.478 0.0000000000
123980  50.578  0.350  23.512 0.0000000000
123966  49.977  -0.006  24.134 0.0000000000
78231  20.553  -23.349  41.112 0.0000000000
78232  19.915  -23.740  41.460 0.0000000000
76664  20.276  -24.509  47.091 0.0000000000
76665  19.545  -24.501  47.014 0.0000000000
76691  15.532  -24.402  45.570 0.0000000000
94066  33.359  -14.974  48.622 0.0000000000
95576  33.619  -14.835  48.239 0.0000000000
95590  34.281  -14.518  47.762 0.0000000000
92575  29.478  -16.600  47.008 0.0000000000
92584  29.300  -16.503  46.091 0.0000000000
91004  28.941  -16.855  46.227 0.0000000000
87779  27.790  -19.327  48.771 0.0000000000
84482  25.769  -20.406  45.027 0.0000000000
86186  26.166  -19.567  44.573 0.0000000000
84513  25.506  -19.845  43.634 0.0000000000
79726  21.609  -22.993  41.987 0.0000000000
78230  20.986  -23.076  41.291 0.0000000000
113949  43.689  -5.061  26.163 0.0000000000
113964  43.404  -4.900  25.680 0.0000000000
113950  43.014  -5.307  25.949 0.0000000000
76488  20.563  -24.425  55.686 0.0000000000
76500  19.675  -24.082  55.152 0.0000000000
76514  19.221  -23.870  54.462 0.0000000000
76501  19.237  -23.810  54.915 0.0000000000
81095  15.075  -21.636  53.519 0.0000000000
81111  15.533  -21.957  53.284 0.0000000000
79585  15.937  -22.254  52.839 0.0000000000
81130  15.312  -22.061  52.583 0.0000000000
81152  14.493  -22.023  51.755 0.0000000000
126648  55.030  1.683  27.539 0.0000000000
127987  54.550  2.248  27.871 0.0000000000
121001  53.159  -1.008  28.961 0.0000000000
121015  53.080  -0.857  28.263 0.0000000000
121016  52.548  -1.186  28.499 0.0000000000
121017  51.994  -1.537  28.718 0.0000000000
116554  49.820  -3.331  30.524 0.0000000000
116555  49.318  -3.500  29.944 0.0000000000
116556  48.592  -3.909  29.691 0.0000000000
116527  48.847  -3.976  30.312 0.0000000000
112304  46.440  -5.905  31.755 0.0000000000
113860  46.214  -5.888  30.848 0.0000000000
112305  45.973  -6.052  31.321 0.0000000000
112306  45.423  -6.280  31.069 0.0000000000
112296  45.191  -6.371  31.779 0.0000000000
116415  47.355  -3.366  37.169 0.0000000000
116430  46.997  -3.829  36.736 0.0000000000
112259  42.577  -6.033  33.722 0.0000000000
112274  42.468  -6.235  32.944 0.0000000000
110765  42.204  -6.528  32.327 0.0000000000
110752  42.017  -6.312  32.842 0.0000000000
110766  41.272  -6.632  32.194 0.0000000000
110753  41.444  -6.378  33.066 0.0000000000
107626  38.843  -9.071  33.582 0.0000000000
107643  38.505  -8.730  33.099 0.0000000000
107644  38.191  -9.203  32.823 0.0000000000
106215  37.960  -9.664  32.616 0.0000000000
106203  38.382  -9.629  33.096 0.0000000000
100332  43.487  -12.267  41.876 0.0000000000
102027  42.762  -11.490  38.246 0.0000000000
103480  42.584  -10.924  37.909 0.0000000000
103470  42.553  -10.357  37.886 0.0000000000
103481  42.225  -10.656  37.450 0.0000000000
103494  41.849  -10.723  36.888 0.0000000000
102045  42.088  -11.402  37.133 0.0000000000
95829  39.591  -14.649  33.092 0.0000000000
97368  39.615  -13.930  33.262 0.0000000000
95851  38.985  -14.657  32.602 0.0000000000
97389  38.385  -13.976  32.345 0.0000000000
95852  38.244  -14.712  32.242 0.0000000000
94378  37.481  -15.078  31.784 0.0000000000
95813  37.206  -15.525  33.866 0.0000000000
92777  37.188  -16.383  33.619 0.0000000000
94312  36.777  -15.788  33.839 0.0000000000
100496  35.724  -12.445  35.842 0.0000000000
95657  32.016  -15.024  44.092 0.0000000000
95671  32.542  -14.887  43.569 0.0000000000
95672  32.001  -15.051  43.391 0.0000000000
94224  30.011  -15.689  39.430 0.0000000000
94223  30.685  -15.562  39.667 0.0000000000
94244  29.814  -15.727  38.645 0.0000000000
94258  29.452  -15.774  37.988 0.0000000000
89673  24.649  -18.087  37.638 0.0000000000
91127  25.567  -17.425  37.751 0.0000000000
89683  25.055  -17.720  37.308 0.0000000000
124063  49.682  0.951  19.604 0.0000000000
124079  49.406  0.819  18.783 0.0000000000
78041  25.665  -23.166  52.072 0.0000000000
78028  25.718  -23.235  52.708 0.0000000000
78002  25.301  -23.713  53.782 0.0000000000
76524  24.871  -24.047  52.646 0.0000000000
76526  23.995  -24.723  52.773 0.0000000000
76511  24.436  -24.527  53.696 0.0000000000
79560  26.394  -22.251  52.603 0.0000000000
79576  26.369  -22.219  51.929 0.0000000000
98577  37.041  -13.554  47.893 0.0000000000
98597  37.083  -13.499  47.170 0.0000000000
98612  38.447  -12.850  46.038 0.0000000000
98639  38.191  -12.688  44.887 0.0000000000
98654  36.505  -13.148  43.571 0.0000000000
98667  36.985  -12.917  43.013 0.0000000000
100297  37.399  -12.630  42.429 0.0000000000
98681  36.829  -12.909  42.391 0.0000000000
100319  36.501  -12.828  41.313 0.0000000000
97210  35.159  -13.591  42.591 0.0000000000
98683  35.447  -13.377  41.909 0.0000000000
81414  21.151  -22.393  38.792 0.0000000000
81413  21.456  -22.017  38.509 0.0000000000
78335  20.517  -23.746  37.689 0.0000000000
122544  48.895  -0.873  24.950 0.0000000000
122560  48.690  -0.664  24.443 0.0000000000
121094  48.188  -1.112  24.647 0.0000000000
121107  46.390  -1.395  23.406 0.0000000000
121118  46.587  -1.162  23.198 0.0000000000
121119  46.115  -1.260  22.931 0.0000000000
121129  45.332  -1.344  22.148 0.0000000000
78167  21.947  -23.425  43.389 0.0000000000
78168  21.065  -23.867  43.547 0.0000000000
78170  19.265  -23.974  43.460 0.0000000000
78156  20.165  -24.298  44.378 0.0000000000
76643  18.907  -24.524  47.696 0.0000000000
78115  16.282  -23.958  47.893 0.0000000000
78125  16.158  -23.988  47.307 0.0000000000
76670  15.668  -24.128  46.349 0.0000000000
78126  15.676  -23.941  47.005 0.0000000000
76671  14.801  -24.258  46.458 0.0000000000
78117  14.898  -23.831  47.325 0.0000000000
78118  14.098  -23.977  47.448 0.0000000000
78106  13.418  -24.016  47.945 0.0000000000
95519  32.957  -14.499  51.149 0.0000000000
94038  32.628  -15.367  49.687 0.0000000000
94037  33.119  -15.131  49.262 0.0000000000
94068  32.252  -15.339  48.390 0.0000000000
92565  29.961  -16.401  47.586 0.0000000000
90978  29.623  -16.837  48.171 0.0000000000
82773  26.273  -20.784  47.566 0.0000000000
82774  25.907  -21.212  47.423 0.0000000000
81250  24.849  -21.793  45.889 0.0000000000
82806  25.379  -21.328  46.228 0.0000000000
82832  25.280  -21.123  45.393 0.0000000000
82833  24.838  -21.467  44.972 0.0000000000
82859  24.665  -21.443  44.399 0.0000000000
79690  23.326  -22.640  44.025 0.0000000000
79691  22.869  -22.889  43.785 0.0000000000
79692  22.416  -23.054  43.368 0.0000000000
110861  42.100  -6.326  26.725 0.0000000000
112373  41.746  -6.071  25.864 0.0000000000
110879  41.105  -6.284  25.643 0.0000000000
109343  39.308  -7.328  24.252 0.0000000000
110922  39.674  -7.010  23.948 0.0000000000
109356  39.449  -7.657  23.500 0.0000000000
109367  39.745  -7.757  23.011 0.0000000000
107841  39.697  -8.270  22.860 0.0000000000
82624  14.224  -20.929  54.590 0.0000000000
82643  14.674  -21.283  54.045 0.0000000000
82666  13.321  -21.129  53.314 0.0000000000
115115  49.648  -3.976  32.476 0.0000000000
115105  49.698  -4.104  32.896 0.0000000000
115095  49.102  -4.704  33.939 0.0000000000
115107  48.686  -4.892  33.376 0.0000000000
113816  48.709  -5.013  33.997 0.0000000000
113817  48.281  -5.237  33.822 0.0000000000
115041  45.000  -3.944  36.900 0.0000000000
115042  44.339  -4.188  37.127 0.0000000000
113767  42.932  -5.397  36.463 0.0000000000
113766  43.588  -5.040  36.225 0.0000000000
112225  42.787  -5.703  35.225 0.0000000000
112226  41.988  -6.130  35.373 0.0000000000
112227  41.536  -6.368  35.017 0.0000000000
110716  41.324  -7.073  36.237 0.0000000000
110726  41.219  -6.793  35.505 0.0000000000
109147  40.679  -7.586  35.521 0.0000000000
107602  40.317  -8.331  35.372 0.0000000000
100372  41.682  -12.603  39.894 0.0000000000
98713  42.140  -12.867  40.070 0.0000000000
98733  41.499  -13.071  38.924 0.0000000000
98777  41.210  -13.535  37.733 0.0000000000
98776  41.927  -13.669  38.069 0.0000000000
97270  42.249  -13.529  37.527 0.0000000000
97287  41.924  -13.655  36.786 0.0000000000
97319  40.393  -14.594  35.711 0.0000000000
95766  40.970  -14.534  35.738 0.0000000000
95779  40.452  -14.925  35.424 0.0000000000
94295  40.108  -15.475  34.162 0.0000000000
95792  39.866  -15.295  34.958 0.0000000000
94296  39.526  -15.799  34.434 0.0000000000
95793  39.225  -15.433  34.679 0.0000000000
97339  38.558  -14.251  34.472 0.0000000000
98898  38.146  -14.104  34.189 0.0000000000
98853  33.963  -13.107  35.622 0.0000000000
98878  34.014  -12.985  34.926 0.0000000000
97393  32.570  -14.053  32.664 0.0000000000
97392  33.288  -14.146  32.481 0.0000000000
95856  32.652  -14.740  32.222 0.0000000000
94180  29.649  -15.813  42.324 0.0000000000
92654  28.361  -16.266  41.172 0.0000000000
92653  28.958  -16.008  41.371 0.0000000000
92663  28.858  -15.939  40.618 0.0000000000
94212  29.429  -15.801  40.041 0.0000000000
124024  54.466  0.300  21.008 0.0000000000
124022  55.527  0.059  20.792 0.0000000000
124046  54.158  0.478  20.321 0.0000000000
124060  53.888  0.677  19.569 0.0000000000
125423  53.472  0.771  19.461 0.0000000000
78112  24.056  -23.370  48.085 0.0000000000
78113  23.618  -23.572  47.576 0.0000000000
76639  21.894  -24.529  47.904 0.0000000000
76619  22.171  -24.613  48.586 0.0000000000
76553  24.485  -24.108  51.335 0.0000000000
76564  24.280  -24.091  50.535 0.0000000000
76565  23.847  -24.461  50.850 0.0000000000
75236  21.867  -25.126  50.429 0.0000000000
75251  22.242  -24.969  49.981 0.0000000000
75252  21.674  -25.051  49.684 0.0000000000
75267  21.325  -24.973  49.182 0.0000000000
75268  20.833  -24.992  49.031 0.0000000000
75269  20.304  -24.965  48.969 0.0000000000
75254  20.381  -25.045  49.488 0.0000000000
76582  19.414  -24.860  49.980 0.0000000000
92511  29.853  -16.374  52.466 0.0000000000
92519  30.074  -16.621  52.214 0.0000000000
90938  30.236  -16.702  51.662 0.0000000000
90948  29.899  -17.294  51.382 0.0000000000
87755  28.695  -18.924  51.119 0.0000000000
89493  29.096  -18.212  50.713 0.0000000000
87764  28.431  -19.136  50.554 0.0000000000
86061  28.113  -19.458  50.180 0.0000000000
84324  27.780  -20.475  52.157 0.0000000000
84338  28.106  -20.049  51.761 0.0000000000
84339  27.751  -20.555  51.540 0.0000000000
81173  26.584  -21.681  50.340 0.0000000000
82713  27.325  -20.889  50.482 0.0000000000
82729  26.945  -21.082  49.928 0.0000000000
84372  27.256  -20.590  49.812 0.0000000000
82741  26.516  -21.160  48.967 0.0000000000
79628  25.022  -22.709  49.088 0.0000000000
81205  25.320  -22.109  48.399 0.0000000000
79646  24.291  -22.842  47.350 0.0000000000
107804  37.750  -7.940  25.760 0.0000000000
117901  45.836  -2.460  38.605 0.0000000000
119367  45.638  -2.314  39.093 0.0000000000
117894  44.762  -3.276  39.609 0.0000000000
117903  44.900  -3.107  38.933 0.0000000000
115022  44.121  -4.231  38.678 0.0000000000
115014  44.120  -4.648  39.549 0.0000000000
98555  38.275  -13.018  47.970 0.0000000000
100273  41.282  -12.312  43.877 0.0000000000
100272  42.069  -12.300  44.057 0.0000000000
100291  41.998  -12.296  43.203 0.0000000000
100335  40.870  -12.023  41.481 0.0000000000
101979  40.731  -11.929  40.934 0.0000000000
101991  41.153  -11.959  40.447 0.0000000000
101980  40.377  -11.969  40.830 0.0000000000
100375  38.745  -12.085  39.492 0.0000000000
100374  39.877  -12.003  39.546 0.0000000000
100393  39.229  -12.157  38.641 0.0000000000
100414  38.619  -12.115  37.824 0.0000000000
100416  36.825  -12.323  38.004 0.0000000000
100417  36.063  -12.601  38.101 0.0000000000
100361  36.072  -12.882  40.102 0.0000000000
98779  34.969  -13.119  38.721 0.0000000000
100398  35.362  -12.998  38.991 0.0000000000
100419  34.872  -13.060  37.869 0.0000000000
100446  35.016  -12.938  37.565 0.0000000000
98806  34.519  -13.161  37.476 0.0000000000
98827  34.323  -13.151  36.863 0.0000000000
97274  32.929  -13.971  37.754 0.0000000000
98808  33.269  -13.674  37.206 0.0000000000
97290  32.832  -13.866  36.952 0.0000000000
97306  32.475  -13.998  36.400 0.0000000000
97307  31.898  -14.449  36.666 0.0000000000
87945  25.590  -18.513  41.016 0.0000000000
89602  25.995  -18.176  41.258 0.0000000000
87946  25.167  -18.775  40.527 0.0000000000
86313  24.167  -19.258  39.241 0.0000000000
87989  24.952  -18.540  39.355 0.0000000000
88001  23.825  -18.902  37.826 0.0000000000
83027  21.931  -21.461  37.833 0.0000000000
83050  22.025  -21.474  37.049 0.0000000000
83049  22.487  -20.942  36.703 0.0000000000
84693  22.875  -20.393  36.260 0.0000000000
86368  23.098  -19.994  36.376 0.0000000000
123977  52.937  0.341  23.241 0.0000000000
123978  52.181  0.399  23.326 0.0000000000
123997  50.004  0.440  22.801 0.0000000000
124030  49.773  0.725  21.132 0.0000000000
124031  48.924  0.538  21.203 0.0000000000
122592  48.245  -0.204  23.074 0.0000000000
122591  48.665  -0.043  23.063 0.0000000000
124018  47.814  0.075  22.130 0.0000000000
76769  19.281  -23.957  41.695 0.0000000000
76770  18.688  -24.236  41.927 0.0000000000
78134  22.164  -24.149  45.938 0.0000000000
76702  20.041  -24.369  45.653 0.0000000000
76717  19.280  -24.323  44.801 0.0000000000
76667  18.055  -24.412  46.794 0.0000000000
76707  16.242  -24.382  44.806 0.0000000000
76720  16.988  -24.395  44.116 0.0000000000
97051  34.061  -13.907  50.695 0.0000000000
97085  34.890  -14.137  49.568 0.0000000000
97068  35.188  -13.778  49.904 0.0000000000
97083  36.025  -13.775  49.175 0.0000000000
97099  35.893  -13.952  48.631 0.0000000000
97100  35.296  -14.215  48.397 0.0000000000
97118  34.586  -14.231  47.171 0.0000000000
97155  35.115  -14.000  46.036 0.0000000000
97156  34.444  -14.168  45.759 0.0000000000
95637  32.603  -14.824  45.051 0.0000000000
95621  32.097  -14.993  45.449 0.0000000000
94116  30.531  -15.708  45.752 0.0000000000
94130  31.000  -15.454  45.180 0.0000000000
94146  30.262  -15.671  44.252 0.0000000000
92593  29.874  -15.898  44.807 0.0000000000
92605  28.866  -16.493  44.499 0.0000000000
91032  28.073  -16.804  43.187 0.0000000000
89498  29.379  -17.529  50.046 0.0000000000
90962  29.789  -17.091  49.902 0.0000000000
90963  29.342  -17.474  49.828 0.0000000000
89515  28.473  -18.220  48.547 0.0000000000
89514  28.806  -17.678  48.178 0.0000000000
89521  28.732  -17.571  47.740 0.0000000000
86135  26.896  -19.610  46.970 0.0000000000
86134  27.251  -19.265  47.419 0.0000000000
87827  27.239  -18.713  45.996 0.0000000000
89541  27.603  -18.269  46.117 0.0000000000
89530  28.184  -17.827  46.594 0.0000000000
89540  27.991  -17.696  45.699 0.0000000000
89551  27.455  -18.053  45.085 0.0000000000
87878  26.604  -18.648  43.925 0.0000000000
89570  26.863  -18.168  43.590 0.0000000000
89569  27.175  -17.669  43.202 0.0000000000
89579  26.195  -18.470  42.470 0.0000000000
87894  26.113  -18.823  42.940 0.0000000000
86225  24.787  -19.960  42.577 0.0000000000
86246  24.689  -19.905  42.123 0.0000000000
84575  24.067  -20.398  40.949 0.0000000000
81294  24.040  -21.668  43.194 0.0000000000
82909  24.310  -21.124  42.840 0.0000000000
81310  23.541  -21.794  42.531 0.0000000000
81352  22.248  -22.261  41.252 0.0000000000
81328  23.323  -21.619  41.599 0.0000000000
81351  22.805  -21.728  40.960 0.0000000000
82939  23.244  -21.300  40.823 0.0000000000
81371  21.983  -22.030  40.235 0.0000000000
81372  21.408  -22.424  40.085 0.0000000000
116683  45.178  -3.521  25.003 0.0000000000
116684  44.301  -4.120  25.087 0.0000000000
115290  42.982  -4.553  24.289 0.0000000000
115296  43.355  -4.241  24.058 0.0000000000
115297  42.866  -4.381  23.605 0.0000000000
112392  41.175  -5.851  24.493 0.0000000000
112395  41.523  -5.486  24.047 0.0000000000
112396  40.973  -5.992  23.694 0.0000000000
110973  41.467  -6.790  21.766 0.0000000000
112418  41.923  -5.951  21.638 0.0000000000
107817  38.067  -8.210  24.672 0.0000000000
106399  38.158  -9.176  23.909 0.0000000000
79517  26.276  -22.597  55.137 0.0000000000
76486  24.195  -24.317  55.009 0.0000000000
75155  23.809  -24.809  54.630 0.0000000000
75167  23.323  -25.081  54.204 0.0000000000
75156  23.165  -25.037  54.866 0.0000000000
75181  21.402  -25.091  54.165 0.0000000000
75180  22.067  -25.221  53.911 0.0000000000
75193  20.804  -24.912  53.598 0.0000000000
75203  20.747  -24.953  52.652 0.0000000000
76527  20.267  -24.665  53.069 0.0000000000
76543  18.950  -24.015  52.652 0.0000000000
76558  18.432  -23.942  51.919 0.0000000000
78044  17.876  -23.721  51.575 0.0000000000
79556  16.739  -22.347  54.453 0.0000000000
81059  16.913  -22.217  55.460 0.0000000000
79541  17.159  -22.562  54.979 0.0000000000
79523  17.826  -22.840  55.487 0.0000000000
79540  17.756  -22.956  54.649 0.0000000000
79554  17.785  -23.045  53.875 0.0000000000
79583  17.172  -23.035  52.191 0.0000000000
79597  16.667  -23.001  51.503 0.0000000000
78046  16.935  -23.392  50.937 0.0000000000
79617  16.129  -23.240  50.112 0.0000000000
79619  14.481  -22.662  50.067 0.0000000000
81154  12.891  -21.980  51.638 0.0000000000
126691  55.497  1.539  25.484 0.0000000000
122536  55.077  0.131  24.840 0.0000000000
123945  55.386  0.327  25.371 0.0000000000
122520  54.411  0.128  26.464 0.0000000000
122537  54.496  0.123  25.467 0.0000000000
122539  52.341  -0.001  25.370 0.0000000000
122522  52.818  -0.208  26.085 0.0000000000
123877  54.852  0.714  28.040 0.0000000000
123878  54.561  0.343  28.421 0.0000000000
121050  52.279  -0.908  27.394 0.0000000000
122486  52.774  -0.670  27.336 0.0000000000
122507  51.673  -0.627  26.484 0.0000000000
121068  51.223  -0.884  26.549 0.0000000000
122525  50.395  -0.600  25.651 0.0000000000
121069  50.659  -0.955  26.300 0.0000000000
119572  49.978  -1.718  27.074 0.0000000000
121054  49.705  -1.545  26.513 0.0000000000
119573  49.053  -2.049  26.767 0.0000000000
119526  50.914  -2.154  28.987 0.0000000000
118091  50.600  -2.533  29.457 0.0000000000
116609  48.792  -3.139  28.453 0.0000000000
118111  49.216  -2.863  28.458 0.0000000000
118112  48.781  -2.975  28.126 0.0000000000
118131  48.054  -3.017  27.300 0.0000000000
116630  48.097  -3.201  27.630 0.0000000000
116648  47.335  -3.268  26.789 0.0000000000
116631  47.530  -3.475  27.376 0.0000000000
116612  46.720  -4.374  28.119 0.0000000000
115223  46.372  -4.551  28.042 0.0000000000
115225  45.313  -4.826  27.395 0.0000000000
115206  46.120  -4.864  28.262 0.0000000000
115127  48.265  -4.732  31.311 0.0000000000
115137  48.027  -4.741  30.750 0.0000000000
113858  47.415  -5.102  30.562 0.0000000000
112324  45.786  -5.978  30.125 0.0000000000
113882  46.137  -5.563  29.568 0.0000000000
113883  45.607  -5.710  29.076 0.0000000000
113905  44.830  -5.635  28.121 0.0000000000
112340  44.663  -6.025  28.589 0.0000000000
112341  44.000  -6.242  28.350 0.0000000000
110802  44.055  -6.635  29.916 0.0000000000
110816  43.590  -6.615  28.940 0.0000000000
110817  42.576  -6.749  29.001 0.0000000000
116427  49.311  -3.372  36.694 0.0000000000
116428  48.520  -3.755  36.755 0.0000000000
113781  47.313  -5.211  35.351 0.0000000000
115072  47.729  -4.785  35.830 0.0000000000
113801  46.926  -5.514  34.769 0.0000000000
112253  46.985  -5.728  34.229 0.0000000000
112238  46.566  -5.692  34.489 0.0000000000
115076  44.918  -4.686  35.899 0.0000000000
115075  45.610  -4.669  35.820 0.0000000000
113804  44.915  -5.388  34.961 0.0000000000
112272  43.974  -6.177  33.188 0.0000000000
112271  44.755  -6.181  33.225 0.0000000000
112270  45.504  -6.140  33.327 0.0000000000
112285  44.512  -6.424  32.425 0.0000000000
110774  44.275  -6.597  31.749 0.0000000000
110762  44.052  -6.529  32.245 0.0000000000
110791  41.645  -6.901  30.645 0.0000000000
110790  42.479  -6.839  30.674 0.0000000000
110805  41.334  -6.996  29.882 0.0000000000
110819  40.977  -7.161  29.198 0.0000000000
110820  40.393  -7.335  29.306 0.0000000000
109241  40.019  -7.421  28.774 0.0000000000
110807  40.163  -7.331  29.847 0.0000000000
110794  39.553  -7.334  30.638 0.0000000000
109228  39.262  -7.552  29.639 0.0000000000
109229  38.635  -7.641  29.902 0.0000000000
107713  37.668  -8.142  28.930 0.0000000000
109230  37.986  -7.862  30.217 0.0000000000
110755  39.966  -6.979  32.624 0.0000000000
109183  39.934  -7.102  33.041 0.0000000000
109206  38.038  -8.229  31.922 0.0000000000
107684  37.370  -8.334  30.538 0.0000000000
107698  36.908  -8.585  29.893 0.0000000000
112161  44.404  -6.110  40.546 0.0000000000
112170  43.909  -6.202  39.956 0.0000000000
112178  43.733  -5.867  39.580 0.0000000000
112171  43.710  -6.633  39.714 0.0000000000
101967  44.342  -11.055  41.882 0.0000000000
103413  44.550  -10.486  42.203 0.0000000000
103425  44.459  -10.463  41.585 0.0000000000
104744  44.656  -9.797  41.817 0.0000000000
104752  44.405  -9.836  41.093 0.0000000000
98731  42.811  -13.021  39.819 0.0000000000
100370  43.309  -12.121  39.749 0.0000000000
103457  43.512  -10.581  39.558 0.0000000000
104774  43.706  -9.908  39.843 0.0000000000
106117  43.875  -9.321  40.062 0.0000000000
107518  43.859  -8.524  39.994 0.0000000000
106125  43.562  -9.164  39.600 0.0000000000
107531  42.837  -8.385  38.846 0.0000000000
109094  42.562  -7.718  38.564 0.0000000000
109095  42.185  -7.753  38.052 0.0000000000
109110  41.870  -7.778  37.517 0.0000000000
107549  42.021  -8.436  37.828 0.0000000000
104814  41.286  -9.908  36.472 0.0000000000
106155  41.183  -9.062  36.561 0.0000000000
104822  40.781  -9.844  35.958 0.0000000000
104823  40.435  -9.656  35.560 0.0000000000
103527  40.214  -10.581  35.006 0.0000000000
98849  41.272  -13.072  35.524 0.0000000000
100490  41.260  -12.325  35.743 0.0000000000
100515  40.911  -12.450  35.198 0.0000000000
100565  39.390  -12.790  33.381 0.0000000000
102121  39.725  -11.799  34.037 0.0000000000
102139  39.111  -11.987  33.349 0.0000000000
103545  39.128  -10.950  33.750 0.0000000000
102140  38.560  -11.608  33.006 0.0000000000
103560  38.184  -11.063  32.827 0.0000000000
102155  38.199  -11.782  32.577 0.0000000000
97423  36.802  -13.624  31.229 0.0000000000
92775  38.479  -16.279  33.633 0.0000000000
92797  38.281  -16.225  32.971 0.0000000000
92798  37.530  -16.443  32.981 0.0000000000
100494  37.379  -12.395  35.405 0.0000000000
100542  36.483  -12.751  34.052 0.0000000000
100518  37.421  -12.780  34.464 0.0000000000
100541  36.966  -13.031  33.956 0.0000000000
98922  36.965  -14.025  33.503 0.0000000000
98923  36.557  -13.823  33.375 0.0000000000
98903  34.194  -12.959  34.182 0.0000000000
98902  34.921  -12.913  33.759 0.0000000000
98925  34.895  -13.498  33.019 0.0000000000
95834  35.142  -14.922  33.065 0.0000000000
97373  35.228  -14.150  32.914 0.0000000000
95689  33.161  -14.655  42.212 0.0000000000
95688  33.600  -14.448  42.660 0.0000000000
97213  33.485  -14.393  41.554 0.0000000000
95696  32.974  -14.672  41.447 0.0000000000
94189  30.889  -15.520  42.023 0.0000000000
94222  31.294  -15.397  39.923 0.0000000000
95698  31.899  -15.120  40.784 0.0000000000
95705  31.848  -15.091  40.131 0.0000000000
95712  32.400  -14.733  39.603 0.0000000000
97244  32.661  -14.440  38.952 0.0000000000
95759  30.842  -15.294  37.399 0.0000000000
95747  31.269  -15.097  37.899 0.0000000000
95769  30.832  -15.151  36.582 0.0000000000
95768  31.346  -14.729  36.228 0.0000000000
91074  26.559  -17.314  40.286 0.0000000000
91064  27.231  -16.935  40.676 0.0000000000
92707  27.042  -16.607  38.559 0.0000000000
92685  27.198  -16.596  39.090 0.0000000000
92706  27.593  -16.400  38.734 0.0000000000
92705  28.117  -16.194  38.966 0.0000000000
92721  27.516  -16.389  38.056 0.0000000000
91159  25.279  -17.409  35.249 0.0000000000
91149  25.362  -17.376  36.057 0.0000000000
91158  25.808  -17.087  35.539 0.0000000000
92756  27.406  -16.324  35.745 0.0000000000
92743  28.117  -16.202  36.848 0.0000000000
92742  28.504  -16.029  37.305 0.0000000000
94278  28.376  -16.061  36.391 0.0000000000
94277  28.866  -15.892  36.664 0.0000000000
94289  28.516  -15.970  35.916 0.0000000000
94318  28.856  -15.773  34.493 0.0000000000
94299  29.316  -15.666  34.967 0.0000000000
94298  29.869  -15.419  34.682 0.0000000000
122645  56.908  -0.237  19.042 0.0000000000
124012  52.696  0.511  21.813 0.0000000000
124027  52.249  0.726  21.203 0.0000000000
125426  51.488  1.108  19.295 0.0000000000
125438  51.191  1.047  18.522 0.0000000000
125437  52.038  1.085  18.623 0.0000000000
116712  44.172  -3.344  23.704 0.0000000000
118213  45.074  -2.842  24.013 0.0000000000
118224  43.861  -3.054  22.855 0.0000000000
79546  26.266  -22.220  53.167 0.0000000000
78016  25.677  -23.213  53.427 0.0000000000
97153  36.442  -13.686  46.782 0.0000000000
97168  36.374  -13.535  46.069 0.0000000000
98627  36.774  -13.274  45.306 0.0000000000
98640  37.516  -12.847  44.549 0.0000000000
98641  36.674  -13.159  44.347 0.0000000000
97202  35.282  -13.659  43.208 0.0000000000
97203  34.724  -13.917  42.988 0.0000000000
119603  48.002  -1.740  25.244 0.0000000000
121095  47.615  -1.355  24.484 0.0000000000
119615  47.234  -1.606  24.468 0.0000000000
119616  46.708  -1.808  24.223 0.0000000000
119630  45.939  -1.763  23.499 0.0000000000
79679  22.927  -23.227  44.534 0.0000000000
78145  21.480  -24.221  45.291 0.0000000000
76602  18.378  -24.506  49.242 0.0000000000
76625  17.526  -24.355  48.203 0.0000000000
78103  15.825  -23.638  48.404 0.0000000000
78089  15.361  -23.306  48.932 0.0000000000
95520  32.268  -14.758  51.480 0.0000000000
94011  32.137  -15.259  50.966 0.0000000000
94039  31.872  -15.674  49.943 0.0000000000
92548  31.348  -15.815  49.148 0.0000000000
92539  31.293  -15.889  49.556 0.0000000000
92550  30.198  -16.561  49.362 0.0000000000
81237  24.580  -22.266  46.572 0.0000000000
81251  24.377  -22.303  45.893 0.0000000000
81266  24.343  -22.100  45.055 0.0000000000
79667  23.917  -22.582  45.170 0.0000000000
110880  40.640  -6.700  25.948 0.0000000000
109332  39.335  -7.199  24.985 0.0000000000
109357  39.009  -7.683  23.997 0.0000000000
84300  13.172  -20.680  54.350 0.0000000000
116461  51.012  -3.455  34.307 0.0000000000
115094  49.749  -4.243  33.608 0.0000000000
116453  50.483  -3.803  34.814 0.0000000000
115086  49.256  -4.662  34.786 0.0000000000
115030  44.198  -4.113  37.861 0.0000000000
115060  43.911  -4.583  36.683 0.0000000000
115043  43.717  -4.573  37.445 0.0000000000
112215  42.011  -6.270  36.280 0.0000000000
110715  41.694  -6.809  36.566 0.0000000000
110707  41.464  -7.290  36.718 0.0000000000
100391  40.999  -12.888  38.515 0.0000000000
100411  41.068  -13.180  38.094 0.0000000000
97272  41.275  -13.808  37.333 0.0000000000
97288  41.161  -13.927  36.849 0.0000000000
97289  40.680  -13.892  36.591 0.0000000000
97304  39.971  -13.963  35.927 0.0000000000
97320  39.872  -14.427  35.479 0.0000000000
97338  39.156  -14.607  34.822 0.0000000000
97321  39.360  -14.193  35.131 0.0000000000
98851  39.275  -13.738  35.291 0.0000000000
92644  28.464  -16.332  41.899 0.0000000000
92655  27.789  -16.576  40.959 0.0000000000
124008  56.762  0.053  22.140 0.0000000000
124009  54.718  0.174  21.556 0.0000000000
124025  53.762  0.464  20.990 0.0000000000
79629  24.511  -23.148  48.887 0.0000000000
78099  24.180  -23.461  48.711 0.0000000000
78085  23.923  -23.842  49.135 0.0000000000
76596  23.713  -24.170  49.509 0.0000000000
76555  23.485  -24.826  51.457 0.0000000000
75234  23.007  -24.916  50.866 0.0000000000
75224  22.765  -25.052  51.136 0.0000000000
75237  21.146  -25.165  50.311 0.0000000000
75238  20.462  -25.100  50.132 0.0000000000
75227  20.559  -25.105  51.020 0.0000000000
76556  19.779  -24.778  51.383 0.0000000000
89469  29.289  -17.646  52.374 0.0000000000
89476  29.418  -17.858  51.769 0.0000000000
89477  29.114  -18.420  51.831 0.0000000000
87746  28.865  -18.814  51.677 0.0000000000
86030  28.554  -19.206  51.370 0.0000000000
81142  26.774  -21.796  51.496 0.0000000000
82698  27.316  -21.183  51.231 0.0000000000
81159  26.667  -21.786  50.927 0.0000000000
81188  25.923  -21.845  49.273 0.0000000000
79614  25.571  -22.356  49.717 0.0000000000
98574  38.809  -12.960  46.985 0.0000000000
100195  39.214  -12.719  47.221 0.0000000000
100194  39.685  -12.212  47.425 0.0000000000
100232  41.985  -11.904  45.637 0.0000000000
100253  41.322  -12.337  44.686 0.0000000000
100274  40.512  -12.272  43.732 0.0000000000
100296  38.115  -12.435  42.536 0.0000000000
100295  38.860  -12.286  42.672 0.0000000000
100337  39.316  -12.069  41.199 0.0000000000
100356  40.012  -11.997  40.543 0.0000000000
98715  35.262  -13.278  40.486 0.0000000000
98734  35.608  -13.096  40.110 0.0000000000
98735  35.160  -13.198  39.813 0.0000000000
98755  34.537  -13.285  38.933 0.0000000000
98781  34.020  -13.410  37.883 0.0000000000
98756  34.067  -13.455  38.576 0.0000000000
97273  33.532  -13.692  38.244 0.0000000000
86263  24.783  -19.263  40.953 0.0000000000
87947  24.724  -19.018  40.170 0.0000000000
86314  23.798  -19.815  39.406 0.0000000000
84658  23.260  -19.960  38.171 0.0000000000
123963  51.962  0.302  24.083 0.0000000000
123979  51.388  0.415  23.437 0.0000000000
122608  46.856  -0.314  21.917 0.0000000000
124019  47.347  -0.073  21.912 0.0000000000
76662  21.677  -24.474  47.210 0.0000000000
76683  21.531  -24.399  46.456 0.0000000000
76685  20.153  -24.462  46.355 0.0000000000
76689  17.159  -24.282  45.869 0.0000000000
95547  34.046  -14.642  49.661 0.0000000000
95562  34.575  -14.445  49.221 0.0000000000
95574  34.874  -14.409  48.767 0.0000000000
95589  34.774  -14.426  48.221 0.0000000000
95603  34.022  -14.416  47.017 0.0000000000
95618  33.894  -14.381  46.286 0.0000000000
95604  33.422  -14.664  46.802 0.0000000000
95605  32.809  -14.874  46.630 0.0000000000
94098  31.129  -15.569  46.655 0.0000000000
92573  30.631  -15.778  46.670 0.0000000000
92583  29.925  -16.006  45.562 0.0000000000
91014  28.213  -17.186  45.079 0.0000000000
89500  28.671  -18.388  49.799 0.0000000000
89508  28.583  -18.345  49.358 0.0000000000
87785  28.103  -18.591  48.134 0.0000000000
84460  26.491  -20.037  46.198 0.0000000000
86152  26.744  -19.667  46.280 0.0000000000
86170  26.713  -19.466  45.688 0.0000000000
87847  26.977  -18.806  45.396 0.0000000000
89552  26.982  -18.496  44.876 0.0000000000
87862  26.663  -18.896  44.616 0.0000000000
87863  26.304  -19.064  44.078 0.0000000000
87879  26.286  -18.889  43.586 0.0000000000
86223  25.685  -19.345  43.011 0.0000000000
86205  25.453  -19.685  43.286 0.0000000000
84535  24.593  -20.411  42.627 0.0000000000
81330  22.278  -22.481  41.742 0.0000000000
79773  21.332  -22.637  40.571 0.0000000000
79774  20.785  -23.043  40.435 0.0000000000
78247  20.289  -23.478  40.267 0.0000000000
115259  44.816  -4.529  26.354 0.0000000000
116669  44.432  -4.354  25.634 0.0000000000
115277  44.093  -4.463  25.548 0.0000000000
115279  43.122  -4.660  24.809 0.0000000000
113977  42.456  -4.777  24.002 0.0000000000
110937  40.492  -7.008  22.706 0.0000000000
110936  40.867  -6.638  22.576 0.0000000000
109376  40.682  -7.374  22.244 0.0000000000
75171  20.925  -24.658  55.222 0.0000000000
76512  20.288  -24.534  53.901 0.0000000000
76513  19.718  -24.214  54.215 0.0000000000
76529  19.172  -23.894  53.647 0.0000000000
78018  18.579  -23.639  53.270 0.0000000000
81078  15.876  -21.674  54.925 0.0000000000
81093  16.192  -22.031  54.268 0.0000000000
79570  16.506  -22.366  53.529 0.0000000000
79598  15.685  -22.393  51.862 0.0000000000
79608  13.917  -22.406  50.597 0.0000000000
125350  55.549  0.967  26.433 0.0000000000
126665  55.322  1.391  26.951 0.0000000000
125336  55.183  0.755  27.174 0.0000000000
123914  54.736  0.320  26.909 0.0000000000
122484  54.112  -0.170  28.065 0.0000000000
122471  53.642  -0.591  28.522 0.0000000000
121033  52.714  -0.916  27.874 0.0000000000
121052  50.888  -1.258  26.981 0.0000000000
121035  51.265  -1.347  27.510 0.0000000000
119557  51.258  -1.509  27.879 0.0000000000
119558  50.649  -1.680  27.635 0.0000000000
118073  50.986  -2.539  30.186 0.0000000000
116582  48.033  -3.962  29.027 0.0000000000
116583  47.528  -4.249  28.910 0.0000000000
115179  47.539  -4.471  29.385 0.0000000000
113859  46.747  -5.621  31.031 0.0000000000
112325  45.367  -6.091  29.614 0.0000000000
112326  44.655  -6.354  29.290 0.0000000000
112315  44.812  -6.435  29.932 0.0000000000
110801  44.619  -6.520  30.466 0.0000000000
110788  44.115  -6.637  30.922 0.0000000000
116414  48.093  -3.335  37.155 0.0000000000
116429  47.759  -3.837  36.750 0.0000000000
115055  47.388  -4.336  36.316 0.0000000000
115073  47.008  -4.773  35.838 0.0000000000
112242  43.582  -5.563  34.697 0.0000000000
112241  44.534  -5.669  34.488 0.0000000000
112287  43.137  -6.380  32.565 0.0000000000
110763  43.632  -6.568  32.146 0.0000000000
112288  42.708  -6.432  32.483 0.0000000000
110777  41.915  -6.772  31.457 0.0000000000
110792  40.869  -6.973  30.596 0.0000000000
110779  40.322  -6.918  31.290 0.0000000000
110780  39.639  -7.140  31.224 0.0000000000
109174  39.627  -7.885  34.003 0.0000000000
109184  39.281  -7.538  33.015 0.0000000000
107642  38.882  -8.200  33.244 0.0000000000
107657  38.273  -8.455  32.605 0.0000000000
107670  37.421  -8.795  31.514 0.0000000000
106247  36.776  -9.545  31.191 0.0000000000
106231  37.125  -9.701  31.708 0.0000000000
104892  36.942  -10.484  31.563 0.0000000000
110658  44.218  -6.919  40.390 0.0000000000
100310  43.484  -12.185  42.781 0.0000000000
101959  44.036  -11.737  43.071 0.0000000000
101977  44.014  -11.428  41.297 0.0000000000
100390  42.911  -12.252  38.823 0.0000000000
100389  43.157  -11.763  39.179 0.0000000000
102014  43.037  -11.339  38.824 0.0000000000
103458  43.215  -10.586  38.999 0.0000000000
106126  43.138  -9.104  39.071 0.0000000000
104785  42.997  -9.842  38.741 0.0000000000
104795  42.635  -9.801  38.195 0.0000000000
106137  42.277  -9.125  38.055 0.0000000000
106146  41.909  -9.126  37.505 0.0000000000
104804  41.758  -9.886  37.067 0.0000000000
104813  41.617  -10.305  36.708 0.0000000000
103511  41.059  -10.609  36.041 0.0000000000
97336  40.642  -13.980  34.480 0.0000000000
98874  40.642  -13.289  34.603 0.0000000000
98897  40.007  -13.424  33.785 0.0000000000
98921  39.295  -13.317  33.153 0.0000000000
98939  38.873  -13.272  32.827 0.0000000000
100602  38.092  -12.805  32.315 0.0000000000
98961  37.982  -13.307  32.109 0.0000000000
97406  37.170  -13.989  31.497 0.0000000000
97407  36.917  -14.393  31.347 0.0000000000
92854  36.706  -15.826  31.745 0.0000000000
100495  36.497  -12.312  35.630 0.0000000000
100543  35.726  -12.572  34.239 0.0000000000
98942  34.240  -13.625  32.765 0.0000000000
98941  34.461  -13.822  32.680 0.0000000000
97390  34.661  -14.154  32.666 0.0000000000
95670  33.139  -14.703  43.790 0.0000000000
94210  30.758  -15.556  40.455 0.0000000000
94242  31.201  -15.406  39.252 0.0000000000
95729  31.450  -15.145  38.603 0.0000000000
95748  30.838  -15.396  38.030 0.0000000000
89658  25.521  -17.736  38.979 0.0000000000
91111  25.816  -17.413  38.727 0.0000000000
91126  26.148  -17.072  37.899 0.0000000000
91137  26.456  -16.814  37.554 0.0000000000
91168  25.830  -17.134  34.677 0.0000000000
92758  26.239  -16.814  35.100 0.0000000000
92766  28.017  -16.092  35.373 0.0000000000
124029  50.700  0.932  20.923 0.0000000000
125403  51.370  1.010  20.560 0.0000000000
116719  42.879  -3.995  22.640 0.0000000000
116718  43.332  -3.406  22.432 0.0000000000
116723  42.879  -3.846  21.851 0.0000000000
79591  25.467  -23.187  51.180 0.0000000000
78054  25.151  -23.445  50.994 0.0000000000
78042  25.276  -23.453  51.597 0.0000000000
76552  24.881  -23.798  51.541 0.0000000000
78029  25.291  -23.589  52.351 0.0000000000
75199  23.533  -24.853  52.040 0.0000000000
75200  23.041  -25.078  52.219 0.0000000000
75190  22.921  -25.170  52.941 0.0000000000
82679  27.216  -21.316  52.329 0.0000000000
81141  27.138  -21.456  51.809 0.0000000000
79589  26.325  -22.175  51.516 0.0000000000
98537  36.797  -13.316  49.088 0.0000000000
98536  37.444  -13.075  48.883 0.0000000000
98556  37.576  -13.277  48.249 0.0000000000
98596  37.742  -13.248  46.887 0.0000000000
98575  38.284  -13.149  47.271 0.0000000000
98595  38.371  -13.063  46.653 0.0000000000
98611  39.053  -12.667  45.819 0.0000000000
100219  39.430  -12.583  45.489 0.0000000000
100236  39.253  -12.536  44.972 0.0000000000
100237  38.712  -12.573  44.736 0.0000000000
100258  37.778  -12.676  43.779 0.0000000000
100277  38.281  -12.484  43.296 0.0000000000
100340  36.908  -12.549  40.850 0.0000000000
98696  35.963  -13.098  41.283 0.0000000000
98697  35.387  -13.321  41.125 0.0000000000
98698  34.868  -13.543  40.930 0.0000000000
97229  34.376  -13.810  40.745 0.0000000000
97230  33.890  -14.046  40.498 0.0000000000
82980  22.225  -21.477  39.348 0.0000000000
83003  21.877  -21.610  38.576 0.0000000000
81428  21.559  -21.905  38.032 0.0000000000
81438  21.472  -22.173  37.299 0.0000000000
76868  20.780  -24.430  37.139 0.0000000000
78362  20.981  -23.703  36.943 0.0000000000
122542  50.021  -0.412  24.995 0.0000000000
122559  49.526  -0.224  24.272 0.0000000000
121105  47.474  -1.095  23.922 0.0000000000
122577  47.230  -0.851  23.348 0.0000000000
122594  46.679  -0.812  22.771 0.0000000000
122609  46.174  -0.768  22.133 0.0000000000
78190  21.311  -23.443  42.588 0.0000000000
78214  20.533  -23.574  41.990 0.0000000000
78192  19.650  -23.837  42.948 0.0000000000
78193  19.076  -23.865  42.972 0.0000000000
78171  18.849  -23.965  43.236 0.0000000000
76736  18.582  -24.128  43.710 0.0000000000
76642  19.676  -24.598  47.782 0.0000000000
76645  17.427  -24.376  47.442 0.0000000000
76669  16.423  -24.184  46.613 0.0000000000
95534  32.662  -14.919  50.827 0.0000000000
95533  33.364  -14.612  50.626 0.0000000000
95548  33.398  -14.925  49.829 0.0000000000
94051  33.168  -15.094  48.843 0.0000000000
94067  32.963  -15.063  48.389 0.0000000000
94081  32.586  -15.038  47.809 0.0000000000
94054  31.384  -15.771  48.909 0.0000000000
92566  29.503  -16.707  47.492 0.0000000000
84407  26.928  -20.239  48.419 0.0000000000
86091  27.192  -19.726  48.192 0.0000000000
84425  26.565  -20.341  47.448 0.0000000000
84443  26.175  -20.618  46.903 0.0000000000
82790  25.536  -21.377  46.822 0.0000000000
82789  25.828  -20.998  46.546 0.0000000000
84461  26.138  -20.417  46.005 0.0000000000
82831  25.754  -20.747  45.579 0.0000000000
84499  25.319  -20.591  44.370 0.0000000000
82885  24.986  -20.947  44.078 0.0000000000
81295  23.450  -22.293  43.524 0.0000000000
81279  23.707  -22.493  44.425 0.0000000000
79702  22.671  -22.763  43.131 0.0000000000
79704  21.823  -23.086  42.494 0.0000000000
112371  42.901  -5.712  26.396 0.0000000000
113951  42.504  -5.346  25.570 0.0000000000
112372  42.396  -5.766  26.042 0.0000000000
112385  41.368  -5.943  25.189 0.0000000000
112393  40.662  -6.189  24.335 0.0000000000
110899  40.500  -6.439  25.040 0.0000000000
110908  40.133  -6.578  24.164 0.0000000000
112397  40.463  -6.424  23.728 0.0000000000
109366  40.143  -7.657  22.704 0.0000000000
82622  15.460  -21.275  55.251 0.0000000000
82642  15.293  -21.343  54.631 0.0000000000
82664  14.641  -21.495  53.256 0.0000000000
81132  14.021  -21.683  52.269 0.0000000000
82688  13.666  -21.388  52.772 0.0000000000
82667  12.529  -21.228  53.252 0.0000000000
116506  49.506  -3.734  31.509 0.0000000000
115135  49.052  -4.060  31.369 0.0000000000
115125  49.210  -4.074  31.825 0.0000000000
115126  48.678  -4.493  31.782 0.0000000000
113848  48.222  -4.873  31.667 0.0000000000
115106  49.185  -4.481  33.141 0.0000000000
115117  48.671  -4.698  32.634 0.0000000000
113838  48.188  -5.000  32.145 0.0000000000
113839  47.598  -5.412  32.423 0.0000000000
113840  47.053  -5.798  32.701 0.0000000000
112294  46.510  -5.951  32.385 0.0000000000
117927  46.265  -2.944  37.694 0.0000000000
116431  46.217  -3.792  36.729 0.0000000000
116432  45.588  -3.887  36.692 0.0000000000
113765  44.241  -4.800  36.047 0.0000000000
113806  43.738  -5.333  35.229 0.0000000000
112243  42.677  -5.876  34.537 0.0000000000
112260  41.911  -6.167  33.530 0.0000000000
110744  41.262  -6.389  33.997 0.0000000000
110737  40.770  -6.793  34.432 0.0000000000
110727  40.786  -7.023  34.973 0.0000000000
109161  39.828  -8.098  34.482 0.0000000000
107612  39.625  -8.580  34.378 0.0000000000
106187  39.462  -9.303  34.320 0.0000000000
107488  45.132  -7.969  42.074 0.0000000000
100353  42.504  -12.513  40.938 0.0000000000
98712  42.542  -12.845  40.451 0.0000000000
98751  42.694  -13.092  39.074 0.0000000000
98752  42.056  -13.378  38.742 0.0000000000
100437  42.263  -12.143  37.341 0.0000000000
100438  41.967  -11.983  36.866 0.0000000000
98802  42.056  -12.754  36.904 0.0000000000
98824  41.779  -13.005  36.336 0.0000000000
97318  41.285  -13.850  35.521 0.0000000000
97302  41.405  -14.192  36.209 0.0000000000
95790  40.833  -14.335  34.737 0.0000000000
95791  40.497  -14.753  34.553 0.0000000000
94307  39.963  -15.366  33.481 0.0000000000
94331  39.483  -15.417  33.060 0.0000000000
94358  38.735  -15.524  32.584 0.0000000000
94309  38.920  -15.972  34.091 0.0000000000
97357  38.828  -15.190  34.509 0.0000000000
95811  38.493  -15.468  34.212 0.0000000000
94310  38.150  -15.954  33.992 0.0000000000
95812  37.709  -15.249  33.966 0.0000000000
95831  37.374  -14.786  33.787 0.0000000000
100521  35.086  -12.573  35.279 0.0000000000
100545  34.564  -12.781  34.859 0.0000000000
98927  33.399  -13.275  33.680 0.0000000000
97374  33.765  -13.701  32.720 0.0000000000
94162  30.882  -15.461  43.638 0.0000000000
94177  31.594  -15.231  43.029 0.0000000000
94178  30.877  -15.466  42.825 0.0000000000
94190  30.233  -15.655  41.791 0.0000000000
94191  29.583  -15.794  41.577 0.0000000000
94201  30.175  -15.662  41.018 0.0000000000
94225  29.309  -15.813  39.290 0.0000000000
89694  24.398  -18.036  36.384 0.0000000000
89693  24.957  -17.696  36.570 0.0000000000
89705  24.281  -18.120  35.552 0.0000000000
89716  24.793  -17.823  34.975 0.0000000000
88065  24.986  -18.650  33.753 0.0000000000
91184  25.279  -17.751  34.158 0.0000000000
122627  56.661  -0.206  20.373 0.0000000000
122604  56.360  -0.149  21.656 0.0000000000
124043  55.743  0.043  20.423 0.0000000000
124058  55.386  0.280  19.833 0.0000000000
124075  54.433  0.720  19.123 0.0000000000
125434  54.303  0.897  18.727 0.0000000000
125451  53.439  1.157  18.070 0.0000000000
124097  48.394  0.307  17.810 0.0000000000
79654  23.810  -23.061  46.722 0.0000000000
78123  23.362  -23.524  46.734 0.0000000000
76661  22.334  -24.316  47.275 0.0000000000
78101  23.163  -24.041  48.003 0.0000000000
76640  21.176  -24.597  47.853 0.0000000000
76577  24.186  -24.029  50.103 0.0000000000
76578  23.800  -24.290  50.094 0.0000000000
76597  23.185  -24.475  49.581 0.0000000000
76580  22.712  -24.773  49.971 0.0000000000
76598  22.392  -24.754  49.354 0.0000000000
76622  19.863  -24.811  48.582 0.0000000000
76601  19.171  -24.778  49.282 0.0000000000
76581  19.972  -25.012  49.888 0.0000000000
92518  30.599  -16.194  51.975 0.0000000000
90955  29.902  -17.252  50.689 0.0000000000
89492  29.439  -17.632  50.401 0.0000000000
87770  28.704  -18.441  50.032 0.0000000000
87771  28.433  -18.827  49.865 0.0000000000
86076  28.030  -19.319  49.621 0.0000000000
86077  27.692  -19.587  49.206 0.0000000000
86014  28.394  -19.594  51.931 0.0000000000
84355  27.686  -20.378  50.843 0.0000000000
86048  27.791  -19.908  50.386 0.0000000000
84388  27.415  -20.142  49.570 0.0000000000
84406  27.286  -20.006  49.028 0.0000000000
82758  26.056  -21.374  48.323 0.0000000000
81219  25.692  -21.717  48.060 0.0000000000
81189  25.472  -22.111  48.948 0.0000000000
81220  25.253  -21.951  47.564 0.0000000000
79645  24.793  -22.379  47.533 0.0000000000
109296  39.006  -7.499  26.902 0.0000000000
109314  38.962  -7.433  26.082 0.0000000000
109315  38.348  -7.626  26.350 0.0000000000
107818  37.423  -8.859  24.689 0.0000000000
119389  48.582  -2.016  37.568 0.0000000000
117910  47.980  -2.334  37.801 0.0000000000
117926  46.975  -2.899  37.588 0.0000000000
119377  46.854  -1.811  38.485 0.0000000000
117928  45.821  -2.961  37.837 0.0000000000
116403  45.242  -3.207  37.912 0.0000000000
116404  44.784  -3.409  38.205 0.0000000000
117902  45.341  -2.742  38.772 0.0000000000
113721  43.239  -5.583  38.672 0.0000000000
100289  43.465  -12.044  43.566 0.0000000000
100255  39.857  -12.375  44.370 0.0000000000
100294  39.627  -12.208  42.806 0.0000000000
100293  40.407  -12.206  42.924 0.0000000000
100313  41.070  -12.110  42.209 0.0000000000
100334  41.736  -12.055  41.350 0.0000000000
101990  41.547  -11.918  40.785 0.0000000000
102002  41.084  -12.101  39.955 0.0000000000
100441  38.915  -12.337  36.948 0.0000000000
100415  37.674  -12.134  37.912 0.0000000000
100470  35.620  -12.544  36.654 0.0000000000
100360  36.661  -12.583  40.142 0.0000000000
100379  35.685  -12.962  39.531 0.0000000000
100397  35.889  -12.765  38.850 0.0000000000
100445  35.517  -12.708  37.445 0.0000000000
100498  34.463  -12.966  36.129 0.0000000000
98854  33.383  -13.391  35.818 0.0000000000
98807  33.832  -13.387  37.139 0.0000000000
98829  33.226  -13.583  36.542 0.0000000000
98855  32.864  -13.689  35.993 0.0000000000
97322  32.379  -13.911  35.587 0.0000000000
89601  26.311  -17.756  40.858 0.0000000000
91075  26.114  -17.607  40.201 0.0000000000
87972  25.031  -18.688  39.895 0.0000000000
89642  25.317  -18.269  39.642 0.0000000000
89641  25.598  -17.821  39.372 0.0000000000
89659  25.214  -18.018  38.833 0.0000000000
89660  24.754  -18.218  38.267 0.0000000000
88012  24.110  -18.377  37.171 0.0000000000
84641  23.020  -20.394  38.501 0.0000000000
84676  22.858  -20.348  37.050 0.0000000000
86341  23.451  -19.491  37.657 0.0000000000
86353  23.210  -19.718  36.833 0.0000000000
88013  23.569  -19.003  37.013 0.0000000000
88024  23.781  -18.578  36.190 0.0000000000
122573  54.109  0.132  23.818 0.0000000000
122590  54.286  0.074  23.174 0.0000000000
123976  53.673  0.255  23.184 0.0000000000
123994  52.431  0.436  22.570 0.0000000000
124013  51.952  0.625  21.889 0.0000000000
124014  51.163  0.662  21.877 0.0000000000
123982  49.275  0.040  23.487 0.0000000000
123998  49.121  0.196  22.929 0.0000000000
124033  47.335  0.096  21.423 0.0000000000
124032  48.069  0.369  21.269 0.0000000000
124051  48.411  0.544  20.371 0.0000000000
76784  18.824  -24.451  41.211 0.0000000000
78146  20.885  -24.325  45.171 0.0000000000
76701  20.746  -24.396  45.710 0.0000000000
76715  20.497  -24.356  45.188 0.0000000000
76734  19.769  -24.299  44.373 0.0000000000
76687  18.711  -24.416  46.141 0.0000000000
76704  18.635  -24.332  45.371 0.0000000000
76719  17.812  -24.230  44.345 0.0000000000
97050  34.737  -13.671  50.336 0.0000000000
98516  36.477  -13.199  49.637 0.0000000000
97098  36.421  -13.642  48.829 0.0000000000
97115  36.441  -13.767  48.236 0.0000000000
97135  35.798  -13.987  47.189 0.0000000000
97154  35.777  -13.841  46.402 0.0000000000
97185  34.920  -13.998  44.449 0.0000000000
97171  34.381  -14.217  44.985 0.0000000000
95654  33.777  -14.470  44.761 0.0000000000
95655  33.176  -14.679  44.535 0.0000000000
94096  32.372  -15.031  47.162 0.0000000000
94113  32.244  -15.026  46.552 0.0000000000
94114  31.771  -15.184  46.112 0.0000000000
94129  31.570  -15.196  45.351 0.0000000000
94144  31.495  -15.214  44.623 0.0000000000
92617  29.415  -16.066  43.684 0.0000000000
92604  29.527  -16.064  44.434 0.0000000000
91041  27.534  -17.139  42.552 0.0000000000
90961  30.220  -16.730  50.021 0.0000000000
92541  30.189  -16.670  49.809 0.0000000000
90971  29.714  -16.939  48.991 0.0000000000
90987  29.131  -17.143  47.609 0.0000000000
86111  27.423  -19.384  47.979 0.0000000000
87795  28.040  -18.436  47.733 0.0000000000
87810  27.312  -18.924  46.722 0.0000000000
90996  28.636  -17.414  47.025 0.0000000000
91024  27.752  -17.464  44.484 0.0000000000
89577  27.082  -17.579  42.735 0.0000000000
91042  27.037  -17.539  42.493 0.0000000000
89590  26.144  -18.303  42.001 0.0000000000
87927  25.737  -18.628  41.648 0.0000000000
87895  25.687  -19.133  42.571 0.0000000000
87913  25.467  -19.081  42.028 0.0000000000
86264  24.511  -19.832  41.303 0.0000000000
84594  24.046  -20.163  40.503 0.0000000000
82978  23.365  -20.844  40.045 0.0000000000
84515  24.626  -20.749  43.130 0.0000000000
82925  24.210  -20.914  42.192 0.0000000000
82926  23.777  -21.254  41.925 0.0000000000
82937  24.016  -20.811  41.600 0.0000000000
82938  23.640  -21.082  41.155 0.0000000000
82953  22.988  -21.268  40.325 0.0000000000
82954  22.534  -21.471  39.967 0.0000000000
79816  20.814  -22.813  39.219 0.0000000000
79798  21.043  -22.744  39.936 0.0000000000
79817  20.365  -23.399  38.952 0.0000000000
78314  20.199  -23.879  38.374 0.0000000000
118170  46.392  -3.105  25.684 0.0000000000
118198  45.826  -2.868  24.742 0.0000000000
116682  45.717  -3.298  25.225 0.0000000000
116699  44.963  -3.289  24.483 0.0000000000
116701  43.813  -4.037  24.386 0.0000000000
116713  43.563  -3.717  23.455 0.0000000000
113966  42.291  -5.217  25.028 0.0000000000
113973  42.079  -5.141  24.368 0.0000000000
113978  41.956  -5.117  23.653 0.0000000000
112400  41.098  -6.131  22.893 0.0000000000
112406  41.509  -5.750  22.371 0.0000000000
109345  38.489  -7.725  24.979 0.0000000000
109344  38.743  -7.686  24.519 0.0000000000
107829  38.725  -8.228  23.859 0.0000000000
106397  39.229  -8.964  23.169 0.0000000000
79533  26.049  -22.777  54.762 0.0000000000
77984  25.199  -23.665  54.448 0.0000000000
76485  24.804  -24.103  54.664 0.0000000000
76497  24.909  -24.181  54.092 0.0000000000
75166  23.933  -24.838  53.974 0.0000000000
75178  23.451  -25.047  53.490 0.0000000000
75191  22.191  -25.212  53.122 0.0000000000
75157  22.504  -25.170  55.134 0.0000000000
75168  22.646  -25.210  54.438 0.0000000000
75202  21.600  -25.165  52.501 0.0000000000
75216  20.359  -24.907  51.934 0.0000000000
76569  18.264  -24.183  50.994 0.0000000000
76570  17.752  -23.974  50.710 0.0000000000
78057  17.340  -23.741  50.690 0.0000000000
77972  18.808  -23.517  55.489 0.0000000000
77992  18.252  -23.316  54.350 0.0000000000
78007  18.213  -23.330  53.644 0.0000000000
78019  18.006  -23.369  52.981 0.0000000000
79569  17.351  -22.929  53.124 0.0000000000
78020  17.636  -23.234  52.483 0.0000000000
78032  17.540  -23.364  51.918 0.0000000000
78045  17.309  -23.472  51.341 0.0000000000
78071  16.708  -23.598  49.963 0.0000000000
79630  16.045  -23.363  49.622 0.0000000000
79631  15.651  -23.192  49.579 0.0000000000
79632  14.940  -22.970  49.482 0.0000000000
79633  14.208  -22.920  49.408 0.0000000000
81153  13.683  -21.918  51.681 0.0000000000
81169  13.388  -22.223  51.100 0.0000000000
123975  55.709  0.186  24.103 0.0000000000
125365  55.971  1.206  24.866 0.0000000000
122554  55.233  0.006  24.207 0.0000000000
122555  54.598  0.062  24.429 0.0000000000
123947  53.173  0.250  24.475 0.0000000000
123948  52.552  0.217  24.665 0.0000000000
123949  51.816  0.118  24.775 0.0000000000
123950  51.340  -0.024  24.846 0.0000000000
122541  50.818  -0.202  25.002 0.0000000000
125283  54.896  1.352  28.193 0.0000000000
123895  54.854  0.537  27.479 0.0000000000
122504  54.133  -0.044  27.127 0.0000000000
122505  53.197  -0.379  26.875 0.0000000000
122523  51.988  -0.313  26.006 0.0000000000
122526  49.829  -0.750  25.469 0.0000000000
121082  48.952  -1.159  25.357 0.0000000000
121053  50.269  -1.338  26.679 0.0000000000
121071  49.244  -1.474  26.009 0.0000000000
121072  48.707  -1.570  25.734 0.0000000000
119589  48.189  -2.061  25.881 0.0000000000
118168  47.580  -2.676  26.192 0.0000000000
119541  50.374  -2.165  28.357 0.0000000000
118110  49.849  -2.590  28.607 0.0000000000
118128  49.556  -2.513  28.175 0.0000000000
119560  49.190  -2.331  27.425 0.0000000000
118146  48.860  -2.503  27.341 0.0000000000
118167  48.083  -2.536  26.479 0.0000000000
118169  46.901  -2.960  25.926 0.0000000000
116666  46.500  -3.288  25.975 0.0000000000
116650  45.740  -4.172  26.680 0.0000000000
116632  46.525  -4.157  27.509 0.0000000000
116651  45.150  -4.381  26.443 0.0000000000
115242  45.055  -4.667  26.873 0.0000000000
113934  44.448  -5.147  26.985 0.0000000000
115155  48.325  -4.329  30.228 0.0000000000
115156  47.711  -4.674  30.067 0.0000000000
115180  46.956  -4.875  29.331 0.0000000000
113868  46.854  -5.255  30.025 0.0000000000
113881  46.614  -5.210  29.512 0.0000000000
113919  45.712  -5.132  28.202 0.0000000000
113921  44.541  -5.477  27.625 0.0000000000
113922  44.074  -5.543  27.270 0.0000000000
112359  43.202  -5.855  26.879 0.0000000000
112352  42.835  -6.201  27.180 0.0000000000
110847  42.290  -6.492  27.294 0.0000000000
110833  43.547  -6.469  28.325 0.0000000000
110834  42.981  -6.567  28.076 0.0000000000
110848  41.404  -6.892  27.467 0.0000000000
110849  40.744  -7.175  27.670 0.0000000000
110837  40.730  -7.263  28.066 0.0000000000
116426  49.910  -3.425  36.264 0.0000000000
115052  49.692  -3.958  36.045 0.0000000000
113779  48.678  -5.003  35.095 0.0000000000
115071  48.469  -4.730  35.769 0.0000000000
113799  48.146  -5.307  34.597 0.0000000000
113818  47.530  -5.577  34.159 0.0000000000
112268  46.852  -5.893  33.586 0.0000000000
112283  46.010  -6.106  32.812 0.0000000000
115057  45.943  -4.266  36.261 0.0000000000
115074  46.301  -4.745  35.845 0.0000000000
113802  46.280  -5.460  34.902 0.0000000000
112240  45.295  -5.760  34.471 0.0000000000
112239  45.981  -5.751  34.477 0.0000000000
112255  45.729  -5.981  33.951 0.0000000000
110773  44.759  -6.538  31.645 0.0000000000
110789  43.336  -6.733  30.729 0.0000000000
110818  41.689  -6.922  29.083 0.0000000000
109258  40.690  -7.277  28.301 0.0000000000
109259  40.282  -7.346  28.057 0.0000000000
109260  39.544  -7.505  28.224 0.0000000000
109278  38.982  -7.599  27.680 0.0000000000
109227  39.838  -7.448  29.432 0.0000000000
109243  38.770  -7.700  29.151 0.0000000000
110754  40.506  -6.758  32.912 0.0000000000
110768  39.747  -6.997  32.026 0.0000000000
109205  38.482  -7.692  31.534 0.0000000000
109217  38.520  -7.611  30.687 0.0000000000
107697  37.503  -8.147  29.681 0.0000000000
115015  43.834  -5.140  39.396 0.0000000000
113706  43.633  -5.536  39.300 0.0000000000
113722  42.940  -6.064  38.474 0.0000000000
106095  44.952  -9.020  42.163 0.0000000000
107489  44.982  -8.278  41.667 0.0000000000
102001  43.563  -11.222  39.821 0.0000000000
103447  43.761  -10.630  40.134 0.0000000000
103438  44.015  -10.722  40.710 0.0000000000
106108  44.434  -9.043  40.855 0.0000000000
107503  44.628  -8.335  41.060 0.0000000000
107504  44.294  -8.396  40.524 0.0000000000
109041  44.084  -7.698  40.209 0.0000000000
107530  43.340  -8.293  39.388 0.0000000000
110671  43.554  -7.025  39.557 0.0000000000
110682  43.197  -6.992  39.147 0.0000000000
112187  43.053  -6.400  38.792 0.0000000000
112188  42.709  -6.461  38.318 0.0000000000
110695  42.085  -7.145  37.660 0.0000000000
110706  41.788  -7.149  37.137 0.0000000000
109111  41.498  -7.783  37.041 0.0000000000
106147  41.507  -9.070  37.043 0.0000000000
107567  41.306  -8.405  36.830 0.0000000000
107585  41.004  -8.373  36.356 0.0000000000
106175  40.184  -9.091  35.282 0.0000000000
106176  39.821  -9.200  34.817 0.0000000000
104849  39.453  -10.078  34.260 0.0000000000
100463  41.641  -12.171  36.333 0.0000000000
100464  41.291  -11.814  35.967 0.0000000000
102083  40.914  -11.381  35.609 0.0000000000
100516  40.563  -12.561  34.756 0.0000000000
102103  40.373  -11.578  34.856 0.0000000000
102084  40.518  -10.992  35.245 0.0000000000
103528  39.849  -10.714  34.577 0.0000000000
104850  39.076  -10.198  33.861 0.0000000000
104864  38.711  -10.298  33.427 0.0000000000
104865  38.270  -10.358  32.994 0.0000000000
103573  37.297  -11.130  31.807 0.0000000000
100603  37.656  -12.544  31.942 0.0000000000
92826  38.208  -15.885  32.483 0.0000000000
94360  37.463  -15.809  32.126 0.0000000000
100517  38.053  -13.054  34.654 0.0000000000
98877  37.886  -13.190  34.349 0.0000000000
97370  37.195  -14.385  33.607 0.0000000000
95832  36.883  -15.109  33.680 0.0000000000
98924  35.818  -13.611  33.179 0.0000000000
97204  34.130  -14.160  42.767 0.0000000000
95679  33.646  -14.437  43.295 0.0000000000
97220  33.931  -14.103  41.188 0.0000000000
97231  33.354  -14.292  40.241 0.0000000000
94176  31.997  -15.081  42.773 0.0000000000
94187  31.997  -15.113  42.461 0.0000000000
95697  32.324  -14.979  41.247 0.0000000000
95703  32.894  -14.626  40.732 0.0000000000
97243  33.125  -14.253  39.458 0.0000000000
97255  32.531  -14.371  38.302 0.0000000000
97275  32.416  -14.309  37.803 0.0000000000
95746  31.943  -14.677  37.890 0.0000000000
97292  31.901  -14.539  37.099 0.0000000000
95795  30.788  -14.841  34.886 0.0000000000
92665  27.694  -16.520  40.182 0.0000000000
91095  27.146  -16.693  39.427 0.0000000000
92683  28.186  -16.209  39.673 0.0000000000
92704  28.680  -15.977  39.153 0.0000000000
91138  26.084  -17.007  37.127 0.0000000000
92732  26.749  -16.567  37.011 0.0000000000
92746  26.282  -16.746  35.834 0.0000000000
92731  27.456  -16.372  37.314 0.0000000000
92730  28.052  -16.241  37.614 0.0000000000
92729  28.517  -16.019  37.887 0.0000000000
94259  28.925  -15.859  38.102 0.0000000000
94267  29.597  -15.751  37.214 0.0000000000
94288  29.172  -15.764  35.764 0.0000000000
94275  30.307  -15.405  36.126 0.0000000000
95783  30.312  -15.273  35.492 0.0000000000
95796  30.313  -15.190  35.110 0.0000000000
95815  30.811  -14.697  34.136 0.0000000000
124011  53.461  0.403  21.731 0.0000000000
124026  52.938  0.631  20.972 0.0000000000
125414  52.803  0.759  20.394 0.0000000000
125416  51.713  1.023  20.007 0.0000000000
125415  52.345  0.899  20.130 0.0000000000
125424  53.002  0.839  19.632 0.0000000000
125436  52.820  1.019  18.766 0.0000000000
125452  52.671  1.146  17.936 0.0000000000
124096  49.192  0.595  17.959 0.0000000000
119631  45.163  -2.430  23.586 0.0000000000
118228  43.742  -2.742  22.081 0.0000000000
118227  44.171  -2.572  22.598 0.0000000000
75177  23.988  -24.794  53.317 0.0000000000
75188  24.000  -24.752  53.007 0.0000000000
75204  20.288  -24.799  52.382 0.0000000000
75211  23.518  -24.830  51.680 0.0000000000
75223  23.094  -24.970  51.158 0.0000000000
76525  24.338  -24.517  52.926 0.0000000000
76540  23.964  -24.666  52.385 0.0000000000
76541  20.269  -24.752  52.615 0.0000000000
76544  18.458  -23.793  52.376 0.0000000000
76566  23.395  -24.812  51.123 0.0000000000
76617  23.499  -24.175  49.066 0.0000000000
76700  21.253  -24.377  45.948 0.0000000000
77990  19.189  -23.740  55.230 0.0000000000
77991  18.812  -23.598  54.800 0.0000000000
78031  18.046  -23.584  52.272 0.0000000000
78043  24.908  -23.725  51.252 0.0000000000
78058  16.856  -23.537  50.473 0.0000000000
78067  25.025  -23.386  50.401 0.0000000000
78070  17.157  -23.795  50.196 0.0000000000
78127  15.250  -23.971  46.767 0.0000000000
78166  22.421  -23.209  43.655 0.0000000000
79516  26.496  -22.583  55.284 0.0000000000
79518  25.792  -22.974  54.925 0.0000000000
79531  26.563  -22.478  55.068 0.0000000000
79532  26.223  -22.657  54.999 0.0000000000
79542  16.820  -22.327  54.871 0.0000000000
79561  26.034  -22.730  53.003 0.0000000000
79616  16.544  -23.409  50.319 0.0000000000
79703  22.197  -22.991  42.860 0.0000000000
79724  22.569  -22.645  42.590 0.0000000000
79749  21.918  -22.650  41.577 0.0000000000
79751  20.999  -22.976  40.954 0.0000000000
79830  20.651  -23.009  38.302 0.0000000000
79831  20.376  -23.433  38.450 0.0000000000
79843  21.333  -22.577  37.022 0.0000000000
79844  21.092  -22.878  37.314 0.0000000000
81053  26.562  -22.481  55.073 0.0000000000
81054  26.050  -22.679  55.058 0.0000000000
81069  26.419  -22.351  55.232 0.0000000000
81070  26.323  -22.535  55.116 0.0000000000
81071  25.905  -22.639  54.797 0.0000000000
81076  16.855  -22.302  55.091 0.0000000000
81110  15.946  -22.046  53.688 0.0000000000
81112  14.987  -21.775  52.996 0.0000000000
81122  27.184  -21.409  52.091 0.0000000000
81151  15.042  -22.113  52.066 0.0000000000
81204  25.753  -21.778  48.639 0.0000000000
81267  23.867  -22.558  44.928 0.0000000000
81309  23.960  -21.476  42.760 0.0000000000
81439  21.228  -22.469  37.512 0.0000000000
82686  14.669  -21.632  52.872 0.0000000000
82687  14.310  -21.496  52.807 0.0000000000
82699  26.950  -21.547  51.083 0.0000000000
82728  27.276  -20.750  50.096 0.0000000000
82952  23.499  -20.967  40.550 0.0000000000
84483  25.343  -20.780  44.876 0.0000000000
84534  24.880  -20.052  42.838 0.0000000000
84621  23.055  -20.564  39.012 0.0000000000
84659  22.860  -20.412  37.887 0.0000000000
84675  23.128  -19.982  37.523 0.0000000000
86031  28.373  -19.506  51.358 0.0000000000
86047  28.116  -19.676  50.800 0.0000000000
86153  26.500  -19.901  45.903 0.0000000000
86285  24.699  -19.145  40.493 0.0000000000
86328  24.127  -19.056  38.758 0.0000000000
87811  26.987  -19.332  46.516 0.0000000000
87991  24.100  -18.902  38.401 0.0000000000
88066  24.534  -18.743  34.047 0.0000000000
89523  27.971  -18.372  47.509 0.0000000000
89550  27.855  -17.618  45.218 0.0000000000
89615  26.178  -17.673  40.434 0.0000000000
89617  25.337  -18.465  40.089 0.0000000000
89672  25.102  -17.851  38.018 0.0000000000
89731  25.364  -17.919  33.849 0.0000000000
89732  24.988  -18.074  34.102 0.0000000000
89759  25.176  -18.330  33.693 0.0000000000
90923  29.212  -17.433  52.564 0.0000000000
90924  29.013  -17.426  52.680 0.0000000000
90930  29.494  -17.043  52.552 0.0000000000
91110  26.495  -16.907  38.361 0.0000000000
91125  26.483  -16.849  37.904 0.0000000000
91148  25.893  -17.065  36.319 0.0000000000
91183  25.626  -17.622  33.942 0.0000000000
92502  30.059  -15.978  52.482 0.0000000000
92585  28.892  -16.788  45.992 0.0000000000
92603  29.859  -15.854  44.389 0.0000000000
92632  28.059  -16.624  42.313 0.0000000000
92719  28.576  -16.003  38.501 0.0000000000
92745  26.819  -16.509  36.168 0.0000000000
92767  27.380  -16.300  34.888 0.0000000000
92827  37.763  -16.075  32.449 0.0000000000
94001  30.782  -15.568  52.197 0.0000000000
94164  29.718  -15.847  42.979 0.0000000000
94198  31.990  -15.170  41.888 0.0000000000
94286  30.312  -15.321  35.717 0.0000000000
94330  39.785  -15.143  33.216 0.0000000000
95561  34.904  -14.318  49.046 0.0000000000
95682  31.997  -15.066  43.007 0.0000000000
95757  31.906  -14.577  37.346 0.0000000000
95767  40.611  -14.672  35.813 0.0000000000
95808  40.118  -14.740  33.668 0.0000000000
95810  38.914  -15.607  34.427 0.0000000000
95828  39.919  -14.998  33.358 0.0000000000
95830  39.184  -14.271  32.815 0.0000000000
95850  39.367  -14.992  32.825 0.0000000000
97082  36.398  -13.522  49.253 0.0000000000
97305  32.847  -13.794  36.553 0.0000000000
97317  41.474  -13.424  35.749 0.0000000000
97335  40.962  -13.895  34.887 0.0000000000
97337  39.708  -14.869  35.188 0.0000000000
97355  40.321  -14.064  34.010 0.0000000000
97356  39.956  -13.992  33.582 0.0000000000
97369  39.236  -13.887  32.971 0.0000000000
97391  34.041  -14.155  32.531 0.0000000000
97405  37.832  -13.984  31.928 0.0000000000
98515  37.057  -12.931  49.320 0.0000000000
98594  38.991  -12.814  46.429 0.0000000000
98610  39.427  -12.609  45.800 0.0000000000
98624  39.089  -12.603  45.428 0.0000000000
98711  42.944  -12.772  40.710 0.0000000000
98754  34.977  -13.165  39.247 0.0000000000
98778  40.775  -13.358  37.369 0.0000000000
98801  42.393  -12.877  37.507 0.0000000000
98803  41.015  -13.645  37.242 0.0000000000
98825  40.413  -13.757  36.430 0.0000000000
98826  40.031  -13.714  36.072 0.0000000000
98848  41.526  -13.039  35.915 0.0000000000
98896  40.325  -13.368  34.171 0.0000000000
98920  39.675  -13.396  33.456 0.0000000000
98940  38.443  -13.302  32.477 0.0000000000
100172  37.945  -12.636  48.869 0.0000000000
100355  41.381  -12.271  40.027 0.0000000000
100472  34.409  -13.067  36.538 0.0000000000
100491  39.586  -13.504  35.740 0.0000000000
100539  40.222  -12.662  34.342 0.0000000000
100564  39.700  -12.967  33.656 0.0000000000
100581  38.961  -12.673  33.047 0.0000000000
100582  38.459  -12.599  32.642 0.0000000000
100583  38.026  -12.291  32.303 0.0000000000
100623  37.091  -12.567  31.517 0.0000000000
101976  44.294  -10.905  41.466 0.0000000000
101992  40.587  -11.911  40.554 0.0000000000
102062  41.767  -11.391  36.618 0.0000000000
102120  40.207  -12.154  34.506 0.0000000000
102122  39.161  -11.457  33.614 0.0000000000
102138  39.572  -12.457  33.667 0.0000000000
102174  37.217  -11.849  31.619 0.0000000000
103495  41.501  -10.715  36.471 0.0000000000
103544  39.518  -10.827  34.142 0.0000000000
103572  37.748  -11.099  32.333 0.0000000000
104753  44.197  -10.273  40.848 0.0000000000
104763  44.285  -9.480  40.696 0.0000000000
104834  40.149  -9.824  35.167 0.0000000000
104876  37.836  -10.417  32.527 0.0000000000
106164  40.932  -9.348  36.202 0.0000000000
106165  40.570  -9.068  35.805 0.0000000000
106188  39.083  -9.459  33.907 0.0000000000
106216  37.546  -9.907  32.242 0.0000000000
106230  37.581  -9.361  32.125 0.0000000000
106386  37.297  -9.269  24.552 0.0000000000
107586  40.669  -8.338  35.923 0.0000000000
107671  37.023  -9.259  31.294 0.0000000000
107816  38.483  -8.017  24.326 0.0000000000
107830  38.183  -8.746  23.996 0.0000000000
109040  44.449  -7.629  40.718 0.0000000000
109074  43.339  -7.533  39.389 0.0000000000
109127  41.191  -7.733  36.483 0.0000000000
109146  41.031  -7.396  35.984 0.0000000000
109185  38.749  -8.074  32.994 0.0000000000
109196  38.187  -8.358  32.362 0.0000000000
109215  39.699  -7.403  30.069 0.0000000000
109216  39.135  -7.486  30.330 0.0000000000
109244  38.127  -7.858  29.408 0.0000000000
109276  40.211  -7.245  27.260 0.0000000000
109313  39.482  -7.183  25.785 0.0000000000
109355  39.833  -7.509  23.122 0.0000000000
110683  42.788  -7.043  38.702 0.0000000000
110764  43.001  -6.593  32.100 0.0000000000
110846  42.852  -6.375  27.514 0.0000000000
110864  40.164  -7.107  26.650 0.0000000000
110909  39.764  -6.832  24.640 0.0000000000
110955  40.765  -6.969  22.373 0.0000000000
112237  46.828  -5.662  34.498 0.0000000000
112252  47.252  -5.706  34.096 0.0000000000
112254  46.388  -5.892  34.037 0.0000000000
112267  47.230  -5.751  33.875 0.0000000000
112282  46.609  -5.977  33.011 0.0000000000
112297  44.699  -6.531  31.906 0.0000000000
112314  45.250  -6.296  30.428 0.0000000000
112327  44.221  -6.376  28.873 0.0000000000
112349  44.397  -5.864  28.078 0.0000000000
112351  43.300  -6.172  27.499 0.0000000000
112358  43.664  -5.786  27.227 0.0000000000
112361  42.062  -6.167  26.371 0.0000000000
112386  40.924  -6.109  24.859 0.0000000000
112391  41.699  -5.494  24.783 0.0000000000
112407  41.189  -6.354  22.350 0.0000000000
113705  43.891  -5.453  39.678 0.0000000000
113780  48.004  -5.179  35.285 0.0000000000
113783  45.951  -5.129  35.397 0.0000000000
113784  45.265  -5.087  35.424 0.0000000000
113785  44.578  -5.085  35.497 0.0000000000
113786  43.930  -5.154  35.604 0.0000000000
113819  47.249  -5.590  34.492 0.0000000000
113831  47.004  -5.852  33.155 0.0000000000
113902  46.482  -5.126  29.147 0.0000000000
113904  45.319  -5.575  28.501 0.0000000000
113920  45.215  -5.209  27.836 0.0000000000
113935  43.790  -5.405  26.784 0.0000000000
113948  44.157  -5.002  26.508 0.0000000000
113972  42.642  -4.880  24.636 0.0000000000
115070  49.196  -4.538  35.575 0.0000000000
115096  48.701  -4.980  33.780 0.0000000000
115157  47.284  -4.852  29.778 0.0000000000
115204  47.206  -4.479  28.908 0.0000000000
115224  45.842  -4.702  27.714 0.0000000000
115241  45.557  -4.520  27.202 0.0000000000
115243  44.554  -4.786  26.557 0.0000000000
115261  43.808  -4.691  25.747 0.0000000000
115278  43.610  -4.547  25.205 0.0000000000
116412  49.059  -3.114  36.980 0.0000000000
116462  50.333  -3.840  34.016 0.0000000000
116685  43.794  -4.270  24.825 0.0000000000
117888  44.716  -3.460  40.056 0.0000000000
117912  46.634  -2.504  38.054 0.0000000000
117913  46.047  -2.664  38.119 0.0000000000
117914  45.441  -2.936  38.149 0.0000000000
117923  49.044  -2.702  37.097 0.0000000000
117924  48.379  -2.764  37.402 0.0000000000
118075  49.561  -3.085  29.410 0.0000000000
118092  49.999  -2.764  29.206 0.0000000000
118130  48.511  -2.897  27.641 0.0000000000
118147  48.396  -2.611  26.988 0.0000000000
118149  47.260  -3.069  26.460 0.0000000000
118185  46.578  -2.850  25.464 0.0000000000
118186  46.096  -2.984  25.214 0.0000000000
118187  45.632  -3.128  24.937 0.0000000000
118200  44.878  -3.114  24.196 0.0000000000
118214  44.589  -2.963  23.718 0.0000000000
118223  44.323  -2.775  23.146 0.0000000000
119542  49.876  -2.359  28.218 0.0000000000
119606  46.119  -2.714  24.810 0.0000000000
119618  45.373  -2.689  24.092 0.0000000000
119629  46.471  -1.557  23.704 0.0000000000
119632  44.661  -2.613  23.354 0.0000000000
119643  45.699  -1.530  22.968 0.0000000000
119651  44.947  -1.663  22.153 0.0000000000
121003  52.064  -1.619  29.055 0.0000000000
121032  53.044  -0.784  27.967 0.0000000000
121081  49.470  -1.041  25.574 0.0000000000
121084  47.917  -1.488  24.936 0.0000000000
121093  48.615  -1.034  24.939 0.0000000000
121104  47.903  -1.006  24.202 0.0000000000
121106  46.858  -1.279  23.658 0.0000000000
121120  45.625  -1.393  22.639 0.0000000000
121130  44.885  -1.487  21.798 0.0000000000
122503  54.432  0.127  26.834 0.0000000000
122561  48.200  -0.848  24.252 0.0000000000
122574  49.361  -0.053  23.751 0.0000000000
122578  46.847  -1.028  23.242 0.0000000000
122605  55.803  -0.149  21.861 0.0000000000
122606  55.178  -0.027  21.920 0.0000000000
122607  47.383  -0.158  22.177 0.0000000000
122611  56.985  -0.102  20.775 0.0000000000
122612  56.505  -0.152  20.977 0.0000000000
122613  55.858  -0.103  21.102 0.0000000000
122628  56.224  -0.128  20.468 0.0000000000
122634  57.258  -0.291  19.498 0.0000000000
122635  56.662  -0.234  19.725 0.0000000000
122636  56.420  -0.172  20.096 0.0000000000
123913  55.280  0.589  26.648 0.0000000000
123915  54.570  0.253  27.316 0.0000000000
123931  55.404  0.511  26.028 0.0000000000
123944  55.884  0.539  25.065 0.0000000000
123946  55.057  0.267  25.799 0.0000000000
123959  55.995  0.464  24.473 0.0000000000
123965  50.379  0.130  24.109 0.0000000000
123992  54.036  0.213  22.443 0.0000000000
123999  48.406  0.059  22.660 0.0000000000
124000  47.988  -0.078  22.665 0.0000000000
124010  54.169  0.280  21.638 0.0000000000
124023  55.181  0.113  21.108 0.0000000000
124044  55.335  0.176  20.519 0.0000000000
124045  54.852  0.316  20.418 0.0000000000
124048  50.510  1.067  20.250 0.0000000000
124057  56.139  -0.039  19.804 0.0000000000
124061  53.430  0.725  19.725 0.0000000000
124072  56.432  -0.100  19.257 0.0000000000
124073  55.901  0.202  19.046 0.0000000000
124076  54.051  0.793  19.083 0.0000000000
125310  55.248  1.234  27.257 0.0000000000
125335  55.360  0.998  26.911 0.0000000000
125364  56.137  0.766  24.949 0.0000000000
125400  52.726  0.730  20.688 0.0000000000
125402  51.944  0.921  20.638 0.0000000000
126647  55.246  1.459  27.267 0.0000000000
