#!ascii label  , from subject FS6EXPERT_subj01_ver10 vox2ras=TkReg
3620
81047  5.301  -21.787  56.066 0.1111110002
81034  5.068  -21.837  56.613 0.1111110002
81049  3.993  -22.190  56.240 0.2222220004
81050  3.214  -22.086  56.380 0.4444440007
85951  8.470  -19.764  56.600 0.1111110002
84242  7.108  -20.302  57.268 0.1111110002
82596  6.332  -21.152  56.335 0.1111110002
85976  8.725  -19.905  55.236 0.1111110002
84269  7.831  -20.404  55.714 0.1111110002
82610  6.737  -21.083  55.787 0.1111110002
82597  5.830  -21.499  55.959 0.1111110002
85974  9.873  -19.483  54.637 0.2222220004
85992  9.354  -19.845  54.161 0.2222220004
84268  8.369  -20.152  55.452 0.1111110002
84270  7.218  -20.880  55.418 0.1111110002
81048  4.706  -22.090  56.114 0.3333329856
81067  3.471  -21.938  55.590 0.4444440007
82613  2.826  -21.507  55.744 0.4444440007
82599  2.310  -21.645  56.413 0.4444440007
82600  1.650  -21.420  56.160 0.2222220004
81064  5.563  -21.706  55.395 0.1111110002
86010  9.645  -19.856  53.410 0.2222220004
85993  8.839  -19.977  54.638 0.2222220004
84287  7.594  -20.797  54.708 0.2222220004
82629  6.263  -21.504  54.884 0.1111110002
81065  4.941  -21.961  55.399 0.2222220004
86025  9.854  -20.019  52.530 0.2222220004
84304  9.193  -20.072  53.664 0.2222220004
84305  8.576  -20.318  53.958 0.2222220004
81066  4.209  -22.072  55.425 0.4444440007
86041  10.232  -20.116  51.497 0.2222220004
81084  3.188  -21.582  55.205 0.4444440007
84272  2.031  -20.709  55.548 0.3333329856
82601  1.404  -21.126  55.719 0.2222220004
82632  1.235  -21.311  54.913 0.3333329856
81103  1.643  -21.644  54.095 0.2222220004
81063  5.952  -21.563  55.231 0.1111110002
81081  5.261  -21.830  54.758 0.4444440007
84318  8.427  -20.710  52.844 0.2222220004
84319  7.867  -21.001  53.080 0.2222220004
82650  6.535  -21.505  54.324 0.2222220004
81099  5.063  -21.754  54.022 0.4444440007
86068  11.501  -19.978  50.113 0.2222220004
86056  10.395  -20.196  50.629 0.2222220004
86042  9.700  -20.200  51.940 0.2222220004
82690  8.104  -21.047  52.094 0.3333329856
82691  7.414  -21.254  52.261 0.3333329856
81116  6.191  -21.593  53.082 0.3333329856
81101  3.792  -21.273  54.083 0.5555559993
82630  3.449  -20.899  54.230 0.5555559993
86082  11.428  -20.159  49.396 0.2222220004
84380  10.104  -20.329  50.213 0.2222220004
84348  9.510  -20.389  51.464 0.2222220004
82722  8.542  -20.938  50.925 0.3333329856
82631  3.023  -21.000  54.906 0.4444440007
86083  10.829  -20.301  49.220 0.4444440007
84290  2.740  -20.289  54.851 0.4444440007
85964  2.119  -20.164  55.131 0.4444440007
86116  12.013  -19.870  48.127 0.2222220004
84291  1.329  -20.520  54.441 0.4444440007
79575  2.375  -22.458  53.566 0.1111110002
81117  5.730  -21.676  53.456 0.4444440007
81118  4.913  -21.507  53.222 0.5555559993
82707  7.679  -21.156  51.485 0.3333329856
82708  6.932  -21.244  51.647 0.3333329856
82694  5.204  -21.154  52.358 0.5555559993
82675  4.128  -20.840  53.157 0.5555559993
84381  9.334  -20.492  50.028 0.3333329856
84364  8.755  -20.765  50.503 0.2222220004
84367  6.037  -20.683  50.893 0.5555559993
84351  5.192  -20.633  51.657 0.5555559993
84307  3.458  -20.202  53.743 0.6666669846
84289  3.036  -20.222  54.364 0.5555559993
84396  9.860  -20.369  49.547 0.3333329856
84382  8.653  -20.579  49.847 0.3333329856
82739  7.596  -20.896  50.310 0.5555559993
84385  6.194  -20.161  50.156 0.6666669846
85994  3.543  -19.479  53.288 0.6666669846
85978  2.634  -19.560  54.497 0.6666669846
85979  2.253  -19.580  54.670 0.5555559993
86115  12.532  -20.043  48.483 0.3333329856
86118  10.540  -19.953  47.505 0.4444440007
85977  3.083  -19.309  53.923 0.7777780294
82676  1.857  -21.362  53.262 0.1111110002
86158  12.988  -19.873  46.622 0.6666669846
86139  12.087  -19.691  47.248 0.3333329856
85995  1.474  -19.727  53.930 0.2222220004
82697  1.660  -20.828  52.954 0.2222220004
84333  4.887  -20.816  52.213 0.5555559993
84320  4.229  -20.671  52.868 0.5555559993
84368  5.387  -20.203  50.951 0.5555559993
84352  4.645  -20.081  51.658 0.5555559993
84335  4.003  -20.077  52.595 0.5555559993
84416  9.133  -20.228  48.639 0.5555559993
86084  8.072  -20.009  48.759 0.6666669846
84400  7.063  -19.959  49.333 0.6666669846
86057  5.674  -20.046  50.443 0.5555559993
86044  4.655  -19.444  51.318 0.7777780294
86011  3.838  -19.620  52.728 0.7777780294
87732  3.429  -18.622  53.503 0.6666669846
87719  2.447  -18.777  54.553 0.5555559993
86099  9.793  -20.182  48.072 0.5555559993
86101  8.222  -19.651  48.086 0.7777780294
86102  7.503  -19.084  48.115 0.8888890147
85980  1.683  -19.841  54.683 0.4444440007
86157  13.526  -20.132  46.344 0.6666669846
86140  11.295  -19.657  46.931 0.7777780294
86119  9.681  -19.795  47.268 0.7777780294
84308  1.387  -20.393  53.700 0.2222220004
86103  7.013  -18.831  48.406 0.8888890147
86087  6.202  -18.979  49.369 0.7777780294
87775  5.613  -18.778  50.053 0.8888890147
86143  8.715  -18.876  46.847 0.8888890147
89512  6.258  -18.014  49.064 0.8888890147
89504  5.571  -18.169  50.068 0.8888890147
86159  12.063  -19.433  46.236 0.6666669846
86160  11.193  -19.343  46.144 0.7777780294
86142  9.551  -19.109  46.479 0.8888890147
87801  7.489  -18.436  47.693 0.8888890147
87782  6.677  -18.407  48.554 0.8888890147
84466  13.941  -20.472  46.218 0.6666669846
89535  8.639  -17.686  46.491 0.8888890147
87817  8.175  -18.351  47.085 0.8888890147
87816  8.450  -18.388  46.806 0.8888890147
87800  7.846  -18.416  47.400 0.8888890147
89526  7.704  -17.708  47.258 0.8888890147
90975  6.676  -16.881  48.616 0.7777780294
87833  11.192  -18.749  45.646 0.7777780294
89518  7.024  -17.843  48.089 0.8888890147
82843  15.052  -20.976  45.153 0.7777780294
86191  13.638  -19.826  44.716 0.7777780294
86176  12.145  -19.271  45.402 0.7777780294
82815  16.761  -21.653  45.656 0.7777780294
82842  15.728  -21.162  45.105 0.7777780294
84487  14.570  -20.645  45.037 0.7777780294
90991  7.649  -17.014  47.276 0.8888890147
90982  7.349  -16.806  47.650 0.6666669846
87834  10.542  -18.291  45.657 0.8888890147
89547  9.041  -17.501  46.171 0.8888890147
92579  8.453  -16.390  46.741 0.7777780294
92570  7.700  -16.281  47.423 0.6666669846
86192  12.942  -19.274  44.722 0.7777780294
87851  11.875  -18.610  44.946 0.8888890147
81255  19.160  -21.886  46.391 0.5555559993
81256  18.510  -21.906  46.280 0.5555559993
82840  17.178  -21.599  44.999 0.7777780294
82866  16.078  -21.168  44.404 0.7777780294
82893  15.386  -20.803  43.944 0.7777780294
86190  14.198  -20.158  44.429 0.7777780294
82838  18.693  -21.609  45.086 0.6666669846
82864  17.635  -21.381  44.311 0.7777780294
82891  16.430  -21.022  43.726 0.7777780294
84523  15.974  -20.710  43.249 0.7777780294
86114  23.782  -19.808  47.058 0.3333329856
86154  23.913  -19.391  46.296 0.4444440007
89556  11.620  -17.760  44.822 0.8888890147
89558  10.561  -17.430  45.347 0.8888890147
92600  10.071  -16.508  45.577 0.8888890147
82810  20.389  -21.591  46.034 0.4444440007
81253  20.494  -21.701  46.755 0.3333329856
87867  13.227  -19.163  44.237 0.7777780294
87868  12.637  -18.604  44.279 0.8888890147
89567  12.067  -17.574  44.527 0.8888890147
92598  11.056  -16.612  44.953 0.8888890147
82811  19.660  -21.699  45.856 0.4444440007
84525  14.911  -20.304  43.685 0.8888890147
82836  20.145  -21.420  45.317 0.6666669846
82837  19.422  -21.529  45.179 0.6666669846
82862  19.127  -21.359  44.531 0.7777780294
84522  16.667  -20.727  43.097 0.7777780294
82888  18.834  -21.143  43.935 0.7777780294
84520  18.661  -20.961  43.494 0.7777780294
84427  23.454  -20.206  47.405 0.3333329856
84428  23.094  -20.634  47.805 0.2222220004
82776  22.509  -20.971  47.475 0.3333329856
84445  22.956  -20.484  47.013 0.3333329856
89564  23.917  -18.370  44.351 0.4444440007
87831  23.807  -19.063  45.476 0.4444440007
82792  21.863  -21.174  46.985 0.3333329856
82808  21.964  -20.886  46.179 0.4444440007
94138  11.551  -15.459  44.950 0.7777780294
95630  10.415  -15.225  45.894 0.7777780294
94125  9.683  -15.689  46.115 0.6666669846
89572  23.869  -18.227  43.861 0.5555559993
82809  21.179  -21.371  46.402 0.5555559993
82834  21.497  -20.998  45.734 0.5555559993
87882  13.285  -18.679  43.710 0.8888890147
91027  12.691  -17.276  43.943 0.8888890147
91029  11.812  -17.122  44.531 0.7777780294
94139  11.137  -15.950  45.022 0.7777780294
89581  23.737  -17.988  42.855 0.5555559993
84486  21.391  -20.895  45.289 0.6666669846
86231  14.886  -19.795  43.088 0.8888890147
86232  14.260  -19.377  43.324 0.8888890147
82860  20.525  -21.155  44.864 0.6666669846
84540  17.565  -20.613  42.671 0.7777780294
84563  16.703  -20.150  42.292 0.8888890147
87899  15.095  -19.323  42.625 0.8888890147
82887  19.462  -21.130  44.033 0.7777780294
84518  20.205  -20.853  43.717 0.7777780294
84539  18.469  -20.744  42.889 0.7777780294
84561  18.000  -20.224  41.917 0.7777780294
84444  23.361  -20.067  46.713 0.3333329856
87849  23.681  -18.941  44.919 0.4444440007
86156  23.073  -19.746  45.448 0.5555559993
84463  22.820  -20.242  46.064 0.5555559993
82791  22.435  -20.750  46.643 0.4444440007
94156  12.746  -15.993  44.085 0.7777780294
87865  23.521  -18.821  44.221 0.5555559993
87866  23.114  -19.070  43.647 0.5555559993
86173  22.994  -19.625  44.883 0.5555559993
84485  21.998  -20.585  45.400 0.5555559993
89585  13.584  -17.900  43.109 0.8888890147
92627  13.008  -16.702  43.787 0.7777780294
92612  12.117  -16.556  44.317 0.7777780294
91044  23.813  -17.650  42.319 0.5555559993
87880  23.426  -18.596  43.437 0.5555559993
86206  22.658  -19.432  43.306 0.5555559993
84501  22.140  -20.128  44.327 0.5555559993
87919  14.971  -18.512  42.405 0.8888890147
89584  14.070  -18.129  42.856 0.8888890147
89574  13.183  -18.032  43.441 0.8888890147
91054  24.141  -16.755  41.531 0.5555559993
91055  23.624  -17.493  41.754 0.6666669846
91056  23.165  -17.826  41.543 0.6666669846
87914  22.647  -18.613  41.795 0.6666669846
86227  22.253  -19.380  42.556 0.7777780294
86228  21.672  -19.877  42.734 0.7777780294
84502  21.151  -20.806  44.588 0.7777780294
86253  16.522  -19.665  41.876 0.8888890147
87918  15.373  -18.877  42.265 0.8888890147
87900  14.639  -18.880  42.753 0.8888890147
94213  23.769  -15.204  40.339 0.6666669846
92657  23.567  -16.161  40.372 0.6666669846
91068  23.118  -17.556  41.046 0.6666669846
89603  22.737  -18.124  41.245 0.6666669846
86248  21.506  -19.554  41.816 0.7777780294
84558  20.558  -20.141  42.024 0.7777780294
84559  19.782  -20.252  41.887 0.7777780294
84579  18.546  -20.147  41.622 0.7777780294
86252  17.335  -19.817  41.619 0.7777780294
98788  25.348  -13.097  37.756 0.5555559993
98762  25.537  -13.139  38.666 0.5555559993
100402  24.332  -12.821  37.692 0.7777780294
98764  23.927  -13.118  38.678 0.6666669846
98746  23.829  -13.613  39.092 0.6666669846
97256  23.032  -13.966  38.778 0.6666669846
95714  23.242  -14.892  39.476 0.6666669846
92666  23.163  -16.252  39.849 0.6666669846
92667  22.758  -16.572  39.532 0.7777780294
100404  23.641  -13.000  38.266 0.7777780294
98766  22.714  -13.560  38.347 0.6666669846
97257  22.509  -14.191  38.720 0.7777780294
92625  14.276  -16.202  43.197 0.8888890147
92640  13.823  -16.993  43.155 0.8888890147
94173  13.247  -16.266  43.723 0.7777780294
89583  14.710  -18.126  42.479 0.8888890147
91047  14.512  -17.402  42.610 0.8888890147
87898  22.400  -19.003  42.093 0.6666669846
87930  22.011  -18.667  41.010 0.7777780294
87917  16.031  -18.862  41.788 0.8888890147
98811  26.697  -13.286  37.216 0.5555559993
98812  25.885  -13.226  37.095 0.5555559993
89618  22.724  -17.765  40.715 0.6666669846
89619  22.170  -18.097  40.444 0.7777780294
86288  21.295  -18.999  40.737 0.7777780294
86290  20.368  -19.306  40.578 0.7777780294
86268  19.208  -19.781  40.958 0.7777780294
87932  17.756  -19.251  40.794 0.8888890147
87933  17.266  -18.804  40.838 0.8888890147
98813  25.167  -13.113  36.930 0.5555559993
100451  24.361  -12.688  36.870 0.8888890147
100423  24.352  -12.730  37.146 0.8888890147
100425  23.350  -12.810  37.703 0.8888890147
95715  22.760  -14.908  39.091 0.6666669846
95731  22.173  -14.834  38.846 0.7777780294
92687  22.268  -16.302  39.089 0.8888890147
91099  21.855  -17.194  39.320 0.8888890147
87975  20.523  -18.477  39.822 0.8888890147
87977  19.310  -17.903  39.640 0.8888890147
87952  19.043  -18.561  39.911 0.8888890147
86292  18.809  -19.310  40.475 0.8888890147
100453  23.512  -12.443  36.901 0.8888890147
100454  22.822  -12.303  36.941 0.8888890147
98790  22.881  -13.090  38.022 0.8888890147
98767  22.074  -13.520  38.287 0.8888890147
97258  21.782  -14.099  38.597 0.8888890147
95732  21.525  -14.780  38.746 0.8888890147
100426  22.616  -12.681  37.525 0.8888890147
98792  21.766  -12.880  38.002 0.8888890147
92638  14.828  -16.671  42.800 0.8888890147
91059  15.468  -17.595  42.098 0.8888890147
89606  16.754  -18.124  41.040 0.8888890147
91058  16.079  -17.413  41.772 0.8888890147
98833  26.361  -13.268  36.411 0.6666669846
98834  25.621  -13.195  36.304 0.6666669846
91113  21.473  -16.666  38.937 0.8888890147
89644  21.310  -18.143  39.789 0.8888890147
89622  18.246  -17.860  40.007 0.8888890147
89605  17.219  -18.000  40.667 0.8888890147
98858  26.763  -13.264  35.746 0.8888890147
98835  24.973  -13.044  36.211 0.8888890147
100452  24.124  -12.571  36.715 0.8888890147
94247  21.316  -15.435  38.815 0.8888890147
92709  21.206  -16.132  38.848 0.8888890147
91115  20.293  -16.756  38.951 0.8888890147
89646  19.682  -17.624  39.451 0.7777780294
89621  18.828  -17.631  39.719 0.7777780294
98860  25.326  -13.049  35.526 0.8888890147
98861  24.796  -12.895  35.692 0.8888890147
100477  24.148  -12.532  36.055 0.8888890147
102068  22.551  -11.628  36.273 0.8888890147
102031  21.529  -11.946  37.414 0.7777780294
100428  21.400  -12.356  37.794 0.7777780294
100405  21.131  -12.608  38.077 0.8888890147
97259  21.075  -14.050  38.603 0.8888890147
102049  22.320  -11.916  36.762 0.8888890147
100455  22.309  -12.225  37.134 0.7777780294
100427  21.979  -12.406  37.543 0.8888890147
92637  15.766  -16.607  42.662 0.7777780294
92624  15.083  -16.002  43.184 0.4444440007
91045  15.701  -17.114  42.183 0.8888890147
91057  16.621  -17.191  41.509 0.7777780294
100447  30.283  -12.493  37.085 0.4444440007
100448  29.742  -12.896  37.356 0.5555559993
100476  28.461  -13.344  36.879 0.5555559993
91070  17.013  -17.322  41.048 0.8888890147
91071  16.511  -17.623  41.326 0.8888890147
100502  28.606  -13.163  35.971 0.5555559993
92691  18.673  -16.609  40.000 0.7777780294
91079  18.436  -17.064  40.014 0.7777780294
91080  17.862  -17.159  40.385 0.7777780294
98882  27.743  -13.218  35.177 0.7777780294
98884  26.474  -13.151  35.084 0.8888890147
98859  26.061  -13.191  35.661 0.8888890147
95733  20.843  -14.765  38.753 0.8888890147
95734  20.077  -14.763  38.989 0.8888890147
94228  19.678  -15.448  39.367 0.7777780294
92689  19.469  -15.776  39.513 0.7777780294
92690  19.084  -16.162  39.767 0.7777780294
98910  26.282  -12.986  34.534 0.8888890147
100553  25.109  -12.484  34.160 0.8888890147
102109  23.756  -11.692  34.775 0.8888890147
103533  22.921  -10.921  35.110 0.7777780294
103500  21.925  -11.044  36.419 0.7777780294
104819  21.496  -10.129  36.675 0.7777780294
103475  20.858  -10.980  37.540 0.7777780294
100429  20.947  -12.178  37.956 0.7777780294
100406  20.573  -12.480  38.318 0.7777780294
97260  20.395  -14.045  38.792 0.7777780294
102069  22.142  -11.588  36.588 0.8888890147
102050  21.842  -11.678  36.984 0.7777780294
102051  21.424  -11.580  37.243 0.7777780294
92648  16.630  -16.787  42.040 0.5555559993
92636  16.644  -16.344  42.956 0.4444440007
102029  31.456  -11.598  37.853 0.2222220004
92649  16.047  -16.968  42.156 0.6666669846
100473  30.405  -12.181  36.494 0.2222220004
100474  29.874  -12.632  36.515 0.5555559993
92658  18.031  -16.109  41.239 0.4444440007
92659  17.515  -16.510  41.365 0.6666669846
100500  30.064  -12.208  35.706 0.6666669846
100525  28.792  -12.779  35.245 0.6666669846
92668  18.793  -15.833  40.346 0.6666669846
92670  17.761  -16.706  40.747 0.7777780294
98907  28.111  -13.029  34.713 0.7777780294
100550  27.104  -12.917  33.966 0.8888890147
97248  19.508  -13.980  39.601 0.7777780294
94229  19.348  -15.393  39.756 0.6666669846
100571  25.783  -12.354  33.341 0.8888890147
102127  25.309  -12.313  33.626 0.8888890147
103549  24.341  -11.050  33.578 0.8888890147
104839  23.181  -10.240  34.667 0.7777780294
104827  22.401  -10.013  35.534 0.7777780294
106160  21.666  -9.337  36.618 0.7777780294
106152  21.301  -9.382  37.225 0.7777780294
104800  20.810  -10.270  37.622 0.7777780294
102019  20.232  -11.615  38.521 0.7777780294
102020  19.989  -12.130  38.838 0.7777780294
98770  20.012  -13.342  38.937 0.6666669846
104726  20.637  -9.479  43.977 0.3333329856
103397  19.889  -10.468  43.777 0.2222220004
100262  19.430  -12.319  44.090 0.1111110002
98651  18.939  -13.484  43.775 0.1111110002
97199  18.848  -14.087  43.409 0.1111110002
94183  18.319  -15.334  43.282 0.2222220004
108986  22.980  -7.448  43.531 0.1111110002
107460  21.534  -8.411  43.576 0.3333329856
104735  20.245  -9.847  43.390 0.3333329856
103408  19.810  -10.447  43.110 0.2222220004
101954  19.403  -11.650  42.952 0.2222220004
98679  18.863  -13.273  42.368 0.2222220004
97207  18.806  -14.071  42.634 0.1111110002
94194  18.318  -15.386  42.442 0.2222220004
94184  17.842  -15.798  42.832 0.2222220004
92647  17.339  -16.284  42.412 0.3333329856
103474  32.674  -10.916  37.668 0.2222220004
102047  31.408  -11.514  36.905 0.2222220004
109003  23.671  -7.102  42.947 0.1111110002
108987  22.486  -7.651  43.068 0.2222220004
106091  20.389  -9.395  42.809 0.3333329856
104741  19.869  -10.066  42.396 0.2222220004
101963  19.271  -11.684  42.143 0.2222220004
100301  19.087  -12.417  42.483 0.2222220004
95693  18.672  -14.803  42.116 0.2222220004
94195  17.901  -15.942  42.007 0.3333329856
103484  32.543  -10.928  36.867 0.3333329856
102065  31.362  -11.417  36.057 0.4444440007
100499  30.490  -11.945  36.037 0.4444440007
110655  24.649  -6.873  40.997 0.1111110002
109037  22.758  -7.227  41.143 0.2222220004
107499  21.544  -7.840  41.476 0.2222220004
106098  20.661  -8.730  41.637 0.3333329856
104749  19.625  -10.468  41.652 0.2222220004
101973  19.194  -11.677  41.363 0.2222220004
98693  18.956  -12.904  41.461 0.2222220004
97226  18.867  -14.151  41.108 0.2222220004
95700  18.758  -14.825  41.341 0.3333329856
94205  18.323  -15.595  41.495 0.4444440007
94206  17.961  -16.046  41.523 0.3333329856
102087  30.686  -11.696  35.545 0.5555559993
100524  29.450  -12.489  35.045 0.6666669846
109121  25.285  -7.101  37.186 0.5555559993
109105  24.635  -6.925  37.801 0.4444440007
109088  23.415  -6.967  39.016 0.4444440007
109070  22.645  -7.218  39.547 0.4444440007
107513  21.436  -7.822  40.803 0.4444440007
106114  20.284  -9.266  40.267 0.5555559993
104760  19.661  -10.362  40.939 0.4444440007
101984  19.283  -11.625  40.607 0.4444440007
98707  19.006  -12.999  41.071 0.3333329856
97238  19.013  -14.236  40.506 0.5555559993
94216  18.707  -15.465  40.783 0.5555559993
100546  30.036  -11.895  34.571 0.6666669846
100549  27.878  -12.909  34.053 0.7777780294
109156  24.807  -7.576  35.418 0.7777780294
109122  24.375  -7.088  37.072 0.6666669846
109107  22.742  -7.519  37.785 0.6666669846
109089  22.716  -7.277  38.669 0.5555559993
107528  20.997  -8.417  39.292 0.6666669846
106122  20.365  -9.389  39.516 0.6666669846
104771  19.719  -10.316  40.236 0.5555559993
100365  19.430  -12.363  39.964 0.5555559993
98726  19.187  -13.324  40.243 0.4444440007
98727  19.055  -13.840  40.375 0.4444440007
95709  18.928  -14.814  40.676 0.5555559993
102126  29.953  -11.881  33.700 0.7777780294
100566  29.574  -12.118  33.509 0.7777780294
100568  28.333  -12.667  33.468 0.8888890147
102144  26.019  -12.138  32.875 0.8888890147
103564  25.215  -10.885  32.835 0.8888890147
106193  24.327  -9.222  33.950 0.7777780294
107622  23.588  -8.716  34.817 0.7777780294
109143  22.666  -8.160  36.318 0.7777780294
109108  22.086  -8.021  37.647 0.6666669846
107545  21.025  -8.622  38.467 0.6666669846
106133  20.404  -9.705  38.777 0.7777780294
103464  19.869  -11.454  39.032 0.7777780294
102007  19.667  -11.821  39.428 0.5555559993
100586  28.019  -12.549  32.701 0.8888890147
100607  27.156  -12.063  31.875 0.8888890147
102161  26.076  -11.577  32.304 0.8888890147
103473  33.262  -10.751  37.919 0.1111110002
103483  33.165  -10.759  37.199 0.3333329856
102064  31.785  -11.013  35.786 0.4444440007
102086  31.319  -11.104  35.296 0.5555559993
102106  30.762  -11.376  34.785 0.4444440007
102123  31.264  -10.874  34.384 0.5555559993
102124  30.872  -11.100  34.087 0.5555559993
109155  25.748  -7.509  35.654 0.7777780294
100584  29.375  -12.254  32.982 0.7777780294
100585  28.770  -12.487  32.867 0.8888890147
106207  25.217  -9.158  33.250 0.7777780294
107651  25.382  -8.620  33.443 0.7777780294
102159  29.708  -12.075  32.478 0.8888890147
100606  27.801  -12.251  32.003 0.8888890147
102180  26.756  -11.427  31.611 0.8888890147
104881  25.842  -9.920  32.313 0.8888890147
106206  25.681  -8.909  32.957 0.7777780294
104799  34.113  -10.400  37.758 0.2222220004
104808  34.173  -10.313  37.257 0.4444440007
103497  33.050  -10.692  36.402 0.4444440007
103498  32.388  -10.855  36.054 0.4444440007
109138  27.188  -7.516  36.859 0.3333329856
103513  33.514  -10.345  36.082 0.4444440007
103514  32.863  -10.366  35.489 0.4444440007
109154  26.696  -7.555  35.797 0.5555559993
103547  31.492  -10.670  33.981 0.5555559993
109167  26.313  -7.690  34.987 0.6666669846
107633  26.287  -8.110  33.690 0.5555559993
103563  31.148  -10.846  33.288 0.6666669846
102141  30.810  -11.084  33.485 0.6666669846
107650  25.851  -8.572  33.147 0.6666669846
107649  26.549  -8.293  33.113 0.6666669846
102175  30.663  -11.394  32.240 0.6666669846
102176  30.124  -11.857  31.962 0.6666669846
102197  28.115  -11.462  30.900 0.8888890147
102199  26.904  -10.865  31.263 0.8888890147
106237  26.710  -9.048  31.950 0.7777780294
107677  27.019  -8.570  32.103 1.0000000000
102195  29.901  -11.684  31.191 0.8888890147
103608  28.682  -11.066  30.474 1.0000000000
103609  27.895  -10.580  30.576 1.0000000000
104913  27.333  -9.929  30.881 1.0000000000
107578  28.599  -7.772  37.497 0.2222220004
104797  35.453  -9.822  37.506 0.2222220004
109137  28.227  -7.692  36.410 0.3333329856
104807  34.779  -10.046  36.981 0.2222220004
107595  28.056  -7.691  37.093 0.3333329856
109153  27.669  -7.685  35.767 0.4444440007
104817  34.132  -10.172  36.412 0.3333329856
109166  27.181  -7.679  34.999 0.4444440007
104826  33.087  -10.036  35.077 0.4444440007
107617  26.725  -7.832  34.303 0.5555559993
107632  27.028  -8.020  33.649 0.6666669846
104838  32.441  -10.090  34.189 0.5555559993
107648  27.188  -8.085  32.980 0.6666669846
107662  27.328  -8.230  32.350 0.8888890147
107661  27.851  -7.901  32.059 1.0000000000
103561  32.201  -10.175  33.407 0.7777780294
103575  31.177  -10.925  32.577 0.7777780294
102194  30.539  -11.491  31.562 0.8888890147
106252  27.545  -9.092  30.953 1.0000000000
107690  27.748  -8.512  31.133 1.0000000000
107675  27.963  -8.068  31.357 1.0000000000
103606  30.655  -11.040  30.791 1.0000000000
103627  29.108  -10.559  30.105 1.0000000000
104912  27.802  -9.754  30.486 1.0000000000
107538  30.284  -8.046  38.719 0.1111110002
107539  29.448  -7.831  38.720 0.2222220004
107577  29.492  -7.724  37.229 0.2222220004
107558  29.060  -7.809  38.058 0.2222220004
109152  28.618  -7.599  35.628 0.4444440007
109180  27.533  -7.771  34.248 0.6666669846
109179  28.330  -7.586  34.110 0.6666669846
104806  35.331  -9.688  36.679 0.2222220004
109165  28.079  -7.680  34.916 0.4444440007
107631  27.767  -7.831  33.516 0.6666669846
104824  34.513  -9.590  35.510 0.3333329856
106159  35.313  -9.498  35.916 0.3333329856
107647  27.794  -7.755  32.781 0.6666669846
104816  34.781  -9.752  36.058 0.2222220004
109199  28.246  -7.312  32.451 0.8888890147
104836  33.658  -9.538  34.305 0.5555559993
104837  32.952  -9.918  34.488 0.6666669846
109209  28.243  -7.405  31.689 1.0000000000
104852  33.202  -9.661  33.572 0.8888890147
104853  32.543  -10.005  33.744 0.8888890147
104880  32.220  -10.269  32.319 1.0000000000
106251  28.102  -9.236  30.364 1.0000000000
107689  28.206  -8.449  30.643 1.0000000000
103574  31.729  -10.590  32.187 0.7777780294
103589  31.536  -10.611  31.272 1.0000000000
103605  31.341  -10.389  30.500 1.0000000000
103625  30.790  -10.381  30.086 1.0000000000
103626  30.003  -10.575  30.029 1.0000000000
106271  28.702  -9.000  29.898 1.0000000000
107704  28.686  -8.250  30.074 1.0000000000
107556  30.563  -7.977  38.001 0.1111110002
107557  29.873  -7.884  37.995 0.2222220004
107576  30.321  -7.820  37.399 0.1111110002
109135  29.732  -7.478  36.511 0.3333329856
109136  29.036  -7.566  36.292 0.3333329856
109189  28.429  -7.261  33.303 0.6666669846
106166  36.179  -9.066  36.004 0.2222220004
107605  35.731  -8.878  35.180 0.2222220004
106177  35.360  -9.034  35.143 0.3333329856
106189  34.622  -8.994  34.300 0.6666669846
107630  34.334  -8.866  33.513 0.7777780294
110783  28.250  -6.669  32.057 1.0000000000
104851  33.681  -9.439  33.832 0.7777780294
106204  34.035  -9.107  33.292 0.8888890147
106217  33.982  -9.020  32.698 1.0000000000
109221  28.291  -7.582  30.923 1.0000000000
106205  33.600  -9.366  33.022 1.0000000000
106218  33.551  -9.285  32.341 1.0000000000
104894  33.118  -9.394  31.554 1.0000000000
110797  28.178  -6.692  31.188 1.0000000000
104896  32.165  -10.222  31.680 1.0000000000
104895  32.728  -9.686  31.363 1.0000000000
104930  31.597  -9.795  30.135 1.0000000000
104932  30.373  -9.986  29.653 1.0000000000
106270  29.300  -8.994  29.459 1.0000000000
109233  28.836  -7.635  29.845 1.0000000000
109234  28.509  -7.794  30.354 1.0000000000
107575  30.932  -7.666  37.505 0.2222220004
110722  30.321  -6.887  36.386 0.2222220004
110740  30.239  -6.276  35.974 0.1111110002
109134  30.431  -7.318  36.640 0.3333329856
109150  30.021  -7.121  36.244 0.2222220004
112247  29.896  -5.784  35.373 0.2222220004
109151  29.552  -7.204  35.712 0.4444440007
110742  29.713  -6.604  35.059 0.2222220004
109164  28.996  -7.303  34.774 0.6666669846
110749  29.245  -6.562  34.338 0.5555559993
110758  28.931  -6.518  33.794 0.5555559993
109188  28.737  -6.870  33.604 0.6666669846
110759  28.692  -6.564  33.346 0.6666669846
110771  28.433  -6.623  32.787 0.6666669846
107615  35.551  -8.671  34.601 0.3333329856
107629  34.907  -8.547  33.724 0.5555559993
107646  34.374  -8.720  33.069 0.6666669846
107660  34.312  -8.565  32.360 0.6666669846
112291  28.233  -5.952  32.446 1.0000000000
106234  33.500  -9.045  31.622 0.7777780294
107674  33.632  -8.638  31.229 0.8888890147
107700  32.944  -8.298  30.172 1.0000000000
107701  32.234  -8.366  29.666 1.0000000000
107717  31.491  -8.342  29.350 1.0000000000
112300  27.990  -5.978  31.742 1.0000000000
104910  32.487  -9.514  30.717 1.0000000000
106268  31.915  -9.128  29.868 1.0000000000
106286  30.923  -9.108  29.402 1.0000000000
107719  30.009  -8.187  29.164 1.0000000000
109249  29.248  -7.762  29.459 1.0000000000
110810  28.696  -7.177  29.756 1.0000000000
112319  27.963  -6.127  30.485 1.0000000000
112301  27.785  -5.644  31.409 1.0000000000
113844  27.655  -4.794  31.974 1.0000000000
112310  27.704  -5.578  30.941 1.0000000000
113855  27.611  -5.072  31.475 1.0000000000
112248  29.485  -5.835  34.694 0.4444440007
112263  29.045  -5.838  34.039 0.4444440007
112278  28.775  -6.099  33.590 0.5555559993
112279  28.493  -5.905  33.145 0.7777780294
109187  35.274  -7.840  33.117 0.5555559993
113834  28.196  -5.272  32.793 0.8888890147
107628  35.677  -8.056  33.963 0.4444440007
113843  27.881  -5.249  32.159 0.8888890147
107645  34.784  -8.237  32.762 0.5555559993
109198  35.057  -7.452  32.334 0.5555559993
109207  34.527  -7.584  31.653 0.6666669846
107673  34.100  -8.285  31.529 0.6666669846
109232  32.167  -7.583  29.466 0.8888890147
109246  31.031  -7.615  29.157 1.0000000000
109247  30.325  -7.605  29.059 1.0000000000
110825  29.061  -7.066  29.391 1.0000000000
112333  28.509  -6.168  29.644 1.0000000000
112320  27.711  -5.482  30.424 1.0000000000
113864  27.550  -4.977  30.702 1.0000000000
113810  29.146  -5.118  34.490 0.4444440007
115090  29.184  -4.405  34.898 0.4444440007
113822  28.747  -5.110  33.944 0.4444440007
113823  28.427  -5.152  33.390 0.4444440007
115100  28.422  -4.465  33.754 0.6666669846
115111  28.069  -4.507  33.027 0.8888890147
109197  35.384  -7.001  32.487 0.5555559993
115122  27.740  -4.459  32.440 1.0000000000
113841  35.622  -5.580  32.505 0.2222220004
112290  35.420  -6.093  32.346 0.3333329856
110781  34.820  -6.809  31.754 0.5555559993
110795  33.916  -6.858  30.792 0.6666669846
113851  34.574  -5.454  31.790 0.3333329856
112299  34.446  -6.116  31.461 0.3333329856
110782  34.331  -6.849  31.269 0.4444440007
112308  33.507  -6.202  30.652 0.6666669846
110796  33.486  -6.875  30.338 0.7777780294
109220  33.298  -7.605  30.205 0.7777780294
109245  31.651  -7.571  29.286 1.0000000000
115131  27.496  -4.355  31.780 1.0000000000
116521  33.887  -3.907  31.696 0.3333329856
115130  33.523  -4.517  31.366 0.3333329856
113852  33.819  -5.366  31.274 0.3333329856
113861  33.556  -5.778  30.922 0.4444440007
112317  32.492  -6.210  29.907 0.7777780294
112329  31.569  -6.227  29.410 1.0000000000
110822  31.314  -6.920  29.200 1.0000000000
112332  29.397  -6.166  29.126 1.0000000000
113853  33.333  -4.936  31.091 0.3333329856
113862  33.028  -5.333  30.668 0.4444440007
112318  31.952  -5.916  29.744 0.8888890147
113889  31.193  -5.798  29.378 1.0000000000
113891  29.862  -5.337  29.093 1.0000000000
113892  28.983  -5.260  29.202 1.0000000000
113894  27.788  -4.608  29.847 1.0000000000
115171  27.518  -4.291  30.258 1.0000000000
116522  27.321  -3.686  31.480 0.8888890147
116543  33.049  -3.780  31.069 0.3333329856
115147  32.645  -4.458  30.698 0.5555559993
113863  32.496  -4.863  30.443 0.5555559993
113873  31.058  -4.983  29.494 1.0000000000
113872  31.445  -5.347  29.631 1.0000000000
115197  27.930  -4.076  29.588 1.0000000000
118064  27.272  -2.801  30.622 1.0000000000
116545  27.313  -3.594  30.760 0.8888890147
118030  27.315  -2.995  31.845 0.8888890147
116544  32.364  -3.895  30.523 0.7777780294
116570  31.232  -4.048  29.675 1.0000000000
116571  30.972  -4.274  29.506 0.8888890147
115194  30.244  -4.588  29.236 1.0000000000
115195  29.473  -4.484  29.091 1.0000000000
116600  28.355  -3.492  29.189 1.0000000000
116601  27.921  -3.398  29.522 1.0000000000
118082  27.441  -2.552  30.030 1.0000000000
116569  31.969  -3.958  29.812 0.8888890147
116597  30.669  -3.925  29.199 1.0000000000
116598  29.891  -3.860  29.050 1.0000000000
118100  27.861  -2.691  29.343 1.0000000000
115099  28.777  -4.447  34.343 0.4444440007
116481  28.054  -3.780  33.604 0.7777780294
115112  27.859  -4.263  32.782 0.7777780294
116482  27.744  -3.831  32.878 0.8888890147
118061  34.950  -3.305  30.952 0.2222220004
118046  34.618  -3.383  31.828 0.2222220004
115120  34.852  -4.539  32.176 0.2222220004
115128  34.855  -5.004  32.070 0.2222220004
116501  27.473  -3.729  32.186 0.8888890147
118062  34.099  -3.241  31.009 0.3333329856
116520  34.560  -4.034  32.139 0.2222220004
115129  34.282  -4.662  31.796 0.2222220004
118012  27.480  -3.011  32.606 0.8888890147
116566  34.795  -3.937  30.011 0.2222220004
118079  34.254  -3.420  30.459 0.3333329856
118047  33.790  -3.449  31.344 0.3333329856
116567  33.830  -3.669  29.933 0.3333329856
118080  33.635  -3.443  30.511 0.3333329856
118081  33.263  -3.532  30.648 0.3333329856
119502  27.283  -2.001  30.495 1.0000000000
119491  27.215  -2.250  31.327 0.8888890147
116568  32.937  -3.651  30.077 0.4444440007
116594  33.343  -4.027  29.323 0.6666669846
116596  31.447  -3.860  28.993 1.0000000000
116623  30.103  -3.488  28.613 1.0000000000
118098  29.098  -3.104  28.670 1.0000000000
118099  28.678  -2.901  28.745 1.0000000000
119532  27.789  -1.745  29.267 1.0000000000
119516  27.501  -1.920  29.810 1.0000000000
118118  30.199  -3.237  28.062 1.0000000000
118119  29.430  -2.877  28.362 1.0000000000
118120  28.769  -2.364  28.409 1.0000000000
119531  28.300  -2.056  28.768 1.0000000000
117969  28.358  -2.504  34.601 0.5555559993
117988  28.223  -2.958  34.173 0.7777780294
118011  27.760  -3.011  33.369 0.7777780294
118060  35.726  -3.422  31.151 0.1111110002
116542  35.474  -3.633  30.613 0.2222220004
120952  27.742  -1.482  33.309 0.7777780294
119473  27.574  -2.238  32.998 0.8888890147
119481  27.357  -2.233  32.222 0.8888890147
120963  27.311  -1.414  31.856 0.8888890147
120953  27.467  -1.509  32.630 0.8888890147
123832  27.483  -0.029  31.181 0.8888890147
120973  27.263  -1.275  31.017 0.8888890147
116593  34.069  -4.174  29.461 0.4444440007
116595  32.414  -4.095  28.928 0.8888890147
122463  28.086  -0.427  29.433 1.0000000000
122464  27.802  -0.970  29.442 1.0000000000
122438  27.580  -0.379  30.680 1.0000000000
115192  33.126  -4.402  28.725 0.6666669846
116621  31.636  -4.067  28.014 0.8888890147
116622  30.752  -3.597  28.254 1.0000000000
119548  29.019  -1.895  28.095 1.0000000000
121008  28.094  -1.212  29.021 1.0000000000
116643  31.020  -3.533  27.468 1.0000000000
118138  30.055  -2.632  27.551 1.0000000000
118139  29.484  -2.215  27.758 1.0000000000
120928  28.392  -1.366  34.561 0.5555559993
119459  28.193  -2.079  34.342 0.7777780294
116541  36.172  -3.766  30.836 0.1111110002
119472  27.905  -2.194  33.710 0.7777780294
116519  36.741  -3.737  31.234 0.1111110002
116565  35.693  -4.078  30.263 0.2222220004
122406  27.643  -0.939  32.938 0.7777780294
115167  35.385  -4.563  29.931 0.2222220004
123831  27.816  0.391  31.579 0.7777780294
122425  27.659  -0.161  32.166 0.8888890147
122414  27.503  -0.793  32.334 0.7777780294
123856  28.370  0.332  29.893 0.7777780294
123842  27.970  0.270  30.660 0.7777780294
123843  27.656  0.116  30.995 0.6666669846
115190  34.291  -4.664  29.106 0.2222220004
122477  28.548  -0.566  28.596 1.0000000000
122450  27.913  -0.157  30.182 1.0000000000
115191  33.721  -4.504  28.912 0.4444440007
115214  33.498  -4.820  28.228 0.5555559993
115215  32.739  -4.514  28.123 0.7777780294
121042  29.276  -1.238  27.713 1.0000000000
121024  28.844  -1.165  28.150 1.0000000000
121025  28.537  -1.475  28.471 1.0000000000
115216  32.246  -4.313  27.787 0.8888890147
116642  31.467  -3.784  27.143 0.8888890147
118137  30.520  -3.249  27.669 1.0000000000
122390  28.703  -0.682  34.749 0.4444440007
122397  28.312  -0.675  34.224 0.5555559993
125212  29.109  0.921  34.852 0.3333329856
122405  27.971  -0.645  33.504 0.3333329856
116518  37.240  -3.833  31.291 0.1111110002
125215  28.370  0.497  33.535 0.3333329856
123815  28.117  0.124  33.238 0.6666669846
116540  36.842  -4.108  30.760 0.1111110002
125219  28.315  0.731  33.091 0.3333329856
123821  27.950  0.313  32.546 0.4444440007
115165  36.788  -4.587  30.095 0.2222220004
115166  36.038  -4.602  29.985 0.2222220004
125232  28.726  1.472  31.434 0.4444440007
125225  28.644  1.528  32.161 0.3333329856
125218  28.671  1.354  32.953 0.3333329856
115189  34.932  -4.866  29.362 0.3333329856
123855  28.724  0.632  29.398 0.7777780294
125256  28.859  1.088  29.944 0.5555559993
115212  34.549  -5.066  28.768 0.3333329856
113912  34.021  -5.094  28.034 0.3333329856
122476  29.019  -0.656  28.041 1.0000000000
123884  29.113  0.069  28.242 0.8888890147
115232  32.621  -4.519  27.307 0.8888890147
115233  31.991  -4.204  27.237 0.8888890147
116659  31.162  -3.388  26.985 1.0000000000
118157  30.882  -2.790  26.865 1.0000000000
119564  29.764  -1.739  27.279 1.0000000000
122494  29.494  -0.431  27.674 1.0000000000
115145  37.291  -4.347  30.444 0.1111110002
127865  30.191  2.595  34.044 0.2222220004
126538  29.589  2.378  33.172 0.3333329856
126539  29.129  1.803  33.550 0.3333329856
127871  30.127  2.704  33.589 0.3333329856
127882  30.034  2.856  32.757 0.3333329856
126546  29.109  1.937  32.667 0.3333329856
115188  35.731  -4.981  29.494 0.3333329856
113910  35.120  -5.290  28.460 0.3333329856
126587  29.248  1.756  30.337 0.5555559993
126568  29.657  2.286  30.725 0.4444440007
113928  33.767  -5.056  27.570 0.5555559993
125255  29.417  1.593  29.609 0.6666669846
126586  29.810  2.118  30.003 0.5555559993
115248  33.282  -4.720  26.667 0.7777780294
115250  31.832  -3.849  26.730 0.8888890147
118158  30.303  -2.131  27.025 1.0000000000
122493  29.967  -0.511  27.274 0.8888890147
123883  29.658  0.556  27.995 0.7777780294
116657  31.966  -3.601  26.245 0.8888890147
118177  31.553  -2.643  26.147 0.8888890147
118178  31.113  -2.141  26.377 1.0000000000
121059  30.300  -1.056  26.928 1.0000000000
123904  30.005  0.146  27.478 0.8888890147
127918  30.036  2.829  31.089 0.4444440007
125274  29.641  1.420  28.923 0.7777780294
126610  30.001  1.939  29.314 0.5555559993
84286  8.329  -20.267  54.951 0.2222220004
82628  6.928  -21.168  54.936 0.2222220004
81082  4.560  -21.872  54.671 0.4444440007
81083  3.663  -21.653  54.676 0.4444440007
82598  2.754  -21.825  56.312 0.4444440007
84256  2.030  -21.172  55.987 0.4444440007
82614  2.358  -21.100  55.853 0.4444440007
84273  1.649  -20.624  55.420 0.4444440007
81098  5.673  -21.767  54.246 0.3333329856
84317  9.164  -20.236  53.119 0.2222220004
84306  7.831  -20.889  53.643 0.2222220004
82651  6.083  -21.667  54.456 0.2222220004
82649  7.170  -21.229  54.131 0.2222220004
81100  4.296  -21.491  53.857 0.5555559993
84347  9.898  -20.281  51.310 0.2222220004
84362  9.936  -20.317  50.973 0.2222220004
86024  10.672  -19.749  52.324 0.2222220004
84271  2.536  -20.661  55.342 0.4444440007
82615  1.278  -21.489  55.673 0.2222220004
82616  1.223  -21.008  55.300 0.2222220004
84274  1.384  -20.580  55.192 0.4444440007
82633  1.240  -20.765  54.926 0.4444440007
82655  1.429  -21.185  54.134 0.2222220004
82677  1.566  -20.914  53.482 0.2222220004
81086  1.595  -21.990  54.597 0.2222220004
81102  1.946  -21.987  53.842 0.2222220004
81085  1.910  -22.367  54.324 0.2222220004
84331  9.239  -20.374  52.294 0.2222220004
84332  8.788  -20.757  51.877 0.2222220004
82670  7.333  -21.255  53.126 0.2222220004
82669  7.839  -21.078  52.684 0.2222220004
82671  6.529  -21.526  53.520 0.2222220004
81119  4.484  -21.316  53.347 0.5555559993
86069  10.724  -20.208  50.036 0.2222220004
82706  8.369  -21.017  51.374 0.3333329856
82692  6.554  -21.485  52.541 0.3333329856
82693  5.810  -21.391  52.333 0.5555559993
81136  5.943  -21.569  52.835 0.5555559993
82653  3.847  -20.923  53.611 0.5555559993
86097  11.391  -20.162  48.620 0.2222220004
84395  10.384  -20.326  49.695 0.2222220004
84363  9.432  -20.513  50.721 0.2222220004
82738  7.954  -20.863  50.259 0.3333329856
84365  8.268  -20.795  50.221 0.3333329856
84414  10.309  -20.373  49.146 0.3333329856
86098  10.596  -20.280  48.432 0.4444440007
85963  2.486  -20.006  54.996 0.5555559993
85965  1.764  -20.334  55.178 0.5555559993
86096  11.979  -20.090  48.858 0.2222220004
81121  2.264  -22.027  52.923 0.1111110002
81138  5.116  -21.359  52.792 0.5555559993
82673  4.887  -21.237  52.755 0.5555559993
82674  4.493  -21.044  52.939 0.5555559993
82724  7.198  -21.052  50.840 0.4444440007
82725  6.586  -21.081  51.126 0.4444440007
82709  6.162  -21.223  51.667 0.4444440007
82710  5.599  -21.117  51.880 0.5555559993
84321  3.905  -20.302  53.033 0.5555559993
84397  9.204  -20.385  49.347 0.3333329856
84350  5.728  -20.954  51.498 0.5555559993
84366  6.680  -20.875  50.713 0.4444440007
86043  4.961  -20.008  51.207 0.5555559993
84415  9.818  -20.333  48.856 0.4444440007
84383  7.923  -20.613  49.872 0.4444440007
84399  7.652  -20.222  49.308 0.6666669846
84398  8.451  -20.302  49.181 0.5555559993
84384  6.952  -20.562  50.066 0.6666669846
86071  6.539  -19.906  49.652 0.7777780294
86072  5.933  -19.373  49.900 0.7777780294
87720  2.124  -18.932  54.388 0.5555559993
86138  12.703  -19.973  47.679 0.4444440007
86117  11.339  -19.946  47.798 0.4444440007
82696  1.898  -21.129  52.495 0.1111110002
84448  13.385  -20.331  47.379 0.5555559993
84322  1.480  -20.318  53.034 0.2222220004
84334  4.420  -20.437  52.359 0.5555559993
86027  4.077  -19.817  52.367 0.5555559993
86058  5.230  -19.441  50.705 0.6666669846
86026  4.314  -19.654  51.946 0.6666669846
87753  4.066  -19.203  52.346 0.6666669846
86100  8.998  -20.018  47.911 0.7777780294
84417  8.555  -20.088  48.494 0.6666669846
86085  7.530  -19.710  48.757 0.7777780294
86086  6.706  -19.259  48.970 0.7777780294
86073  5.500  -19.075  50.287 0.7777780294
87760  4.691  -18.795  51.203 0.7777780294
87744  3.781  -18.760  52.872 0.7777780294
87718  2.769  -18.620  54.270 0.4444440007
86121  8.171  -18.985  47.423 0.8888890147
86120  8.835  -19.496  47.261 0.7777780294
87733  1.781  -19.002  54.042 0.5555559993
86174  13.528  -19.990  45.808 0.6666669846
84467  13.586  -20.298  46.718 0.4444440007
86141  10.456  -19.541  46.688 0.7777780294
87783  6.313  -18.664  49.076 0.8888890147
87774  5.913  -18.545  49.557 0.8888890147
87767  5.291  -18.656  50.502 0.7777780294
89496  5.299  -17.874  50.601 0.8888890147
86144  8.397  -18.725  47.050 0.8888890147
87815  9.059  -18.332  46.311 0.8888890147
89511  6.626  -17.560  48.578 0.8888890147
86161  10.481  -18.982  46.066 0.7777780294
90983  7.007  -17.021  48.116 0.7777780294
84488  14.060  -20.371  45.391 0.6666669846
86175  12.831  -19.538  45.497 0.7777780294
87832  11.688  -19.139  45.643 0.7777780294
91000  8.130  -17.213  46.864 0.7777780294
90999  8.566  -17.016  46.545 0.7777780294
87836  9.461  -18.208  46.064 0.8888890147
86162  9.988  -18.634  46.026 0.8888890147
82868  14.893  -20.785  44.736 0.7777780294
84506  14.212  -20.324  44.778 0.7777780294
87850  12.459  -19.118  44.932 0.7777780294
82841  16.442  -21.398  45.035 0.7777780294
82867  15.319  -20.923  44.429 0.7777780294
84505  14.689  -20.473  44.366 0.7777780294
87835  9.842  -18.188  45.893 0.8888890147
89545  10.138  -17.657  45.609 0.8888890147
89544  10.626  -17.812  45.436 0.8888890147
92589  9.168  -16.453  46.193 0.8888890147
91008  9.779  -17.081  45.698 0.8888890147
94091  8.710  -15.239  47.213 0.6666669846
94126  9.163  -15.966  46.378 0.7777780294
92569  8.082  -16.075  47.061 0.6666669846
89555  12.017  -18.010  44.571 0.8888890147
87852  11.193  -18.191  45.263 0.8888890147
82839  17.950  -21.642  45.027 0.6666669846
82865  16.834  -21.327  44.314 0.7777780294
82892  15.748  -20.935  43.860 0.7777780294
84544  15.144  -20.278  43.301 0.8888890147
86210  13.736  -19.324  43.830 0.8888890147
86209  14.293  -19.940  43.887 0.7777780294
82863  18.400  -21.359  44.431 0.6666669846
82890  17.272  -20.995  43.548 0.7777780294
86137  23.688  -19.693  46.492 0.3333329856
86172  23.423  -19.378  45.217 0.4444440007
91018  11.295  -17.117  44.844 0.8888890147
89557  10.989  -17.640  45.152 0.8888890147
92599  10.594  -16.491  45.256 0.8888890147
92588  9.624  -16.489  45.854 0.8888890147
94141  9.916  -16.142  45.769 0.8888890147
89566  12.378  -17.828  44.254 0.8888890147
91028  12.285  -17.185  44.268 0.8888890147
92613  11.522  -16.466  44.664 0.7777780294
84543  15.502  -20.259  43.002 0.8888890147
82889  18.152  -21.062  43.683 0.7777780294
82912  17.455  -20.785  43.106 0.7777780294
84521  17.179  -20.723  43.005 0.7777780294
84519  19.191  -20.927  43.464 0.7777780294
87864  23.924  -18.534  44.669 0.4444440007
84464  22.298  -20.584  45.957 0.5555559993
94157  11.851  -15.833  44.594 0.7777780294
95615  9.213  -15.052  46.941 0.6666669846
82835  20.913  -21.208  45.446 0.6666669846
87883  12.903  -18.343  43.771 0.8888890147
92611  12.567  -16.741  44.059 0.7777780294
91037  13.158  -17.321  43.526 0.8888890147
89580  24.398  -17.623  43.005 0.5555559993
89591  23.584  -17.818  42.260 0.6666669846
87901  13.900  -18.803  43.256 0.8888890147
89573  13.554  -18.341  43.225 0.8888890147
84503  20.461  -21.037  44.426 0.6666669846
84562  17.161  -20.199  42.134 0.7777780294
84542  16.220  -20.223  42.570 0.8888890147
86230  15.549  -19.684  42.519 0.8888890147
84538  19.494  -20.591  42.787 0.7777780294
84560  18.886  -20.363  42.091 0.7777780294
86187  23.329  -19.283  44.676 0.5555559993
84484  22.628  -20.038  45.121 0.5555559993
95666  12.364  -15.464  44.482 0.5555559993
95665  12.833  -15.229  44.383 0.5555559993
94155  13.206  -15.493  44.046 0.6666669846
86188  22.871  -19.526  44.171 0.5555559993
87881  23.025  -18.934  43.103 0.5555559993
84500  22.667  -19.836  44.626 0.5555559993
91048  13.855  -17.404  42.978 0.8888890147
89582  23.268  -18.349  42.585 0.6666669846
87897  22.871  -18.774  42.488 0.6666669846
86226  22.734  -19.161  42.848 0.6666669846
86189  22.334  -19.798  43.730 0.5555559993
84516  21.964  -20.006  43.658 0.7777780294
84517  21.390  -20.255  43.371 0.7777780294
89595  15.209  -18.154  42.240 0.8888890147
91066  23.998  -16.436  41.113 0.5555559993
91067  23.648  -16.854  40.823 0.6666669846
89592  23.194  -18.113  42.079 0.6666669846
89604  22.342  -18.378  40.997 0.6666669846
86247  22.078  -19.241  42.014 0.7777780294
86207  21.996  -19.827  43.207 0.7777780294
84557  20.991  -19.948  41.950 0.7777780294
84536  21.114  -20.083  42.416 0.7777780294
84537  20.427  -20.383  42.696 0.7777780294
86254  15.882  -19.384  42.104 0.8888890147
94214  23.463  -15.495  39.996 0.6666669846
95707  23.611  -14.789  39.933 0.6666669846
94226  23.037  -15.533  39.445 0.6666669846
91076  23.326  -16.628  40.279 0.6666669846
91077  22.777  -17.172  40.129 0.6666669846
87916  21.713  -19.067  41.267 0.7777780294
86265  21.328  -19.211  41.067 0.7777780294
86250  20.281  -20.083  41.641 0.7777780294
86249  20.716  -19.876  41.601 0.7777780294
84578  19.033  -20.114  41.470 0.7777780294
86269  18.292  -19.706  41.095 0.7777780294
86251  17.795  -19.819  41.439 0.8888890147
86271  17.028  -19.358  41.315 0.8888890147
98789  24.733  -12.917  37.452 0.7777780294
98763  24.646  -12.948  38.419 0.6666669846
100403  23.975  -12.864  38.036 0.8888890147
100424  23.948  -12.683  37.375 0.8888890147
97245  23.954  -13.907  39.603 0.6666669846
98765  23.356  -13.399  38.539 0.7777780294
97246  23.520  -14.190  39.279 0.6666669846
97247  23.017  -14.435  39.066 0.6666669846
94227  22.524  -15.531  39.063 0.6666669846
91098  22.467  -16.866  39.465 0.7777780294
92639  14.138  -16.847  42.969 0.8888890147
94172  13.619  -15.773  43.665 0.5555559993
91060  15.007  -17.673  42.328 0.8888890147
87948  21.746  -18.586  40.589 0.8888890147
87934  16.588  -18.856  41.317 0.8888890147
89594  15.711  -18.173  41.900 0.8888890147
91078  22.213  -17.591  39.923 0.7777780294
89643  21.918  -17.797  39.846 0.8888890147
86289  20.979  -19.133  40.667 0.7777780294
86267  20.047  -19.835  41.161 0.7777780294
87951  20.003  -18.860  40.038 0.8888890147
86291  19.581  -19.356  40.439 0.8888890147
87953  18.045  -18.760  40.426 0.8888890147
87954  17.514  -18.389  40.509 0.8888890147
98815  24.345  -12.675  36.403 0.8888890147
94246  21.927  -15.481  38.869 0.7777780294
92708  21.701  -15.972  38.869 0.8888890147
89645  20.357  -17.900  39.454 0.8888890147
87976  19.809  -18.247  39.673 0.8888890147
100479  23.129  -12.120  36.450 0.8888890147
98768  21.301  -13.229  38.291 0.8888890147
91046  15.207  -17.152  42.414 0.8888890147
89593  16.240  -18.170  41.472 0.8888890147
98832  27.141  -13.340  36.457 0.7777780294
91114  21.036  -16.756  38.886 0.8888890147
91100  20.827  -17.434  39.104 0.8888890147
89623  17.677  -17.934  40.365 0.8888890147
91069  17.460  -16.985  40.773 0.7777780294
98857  27.443  -13.308  35.750 0.7777780294
98836  24.512  -12.804  36.091 0.8888890147
100478  23.627  -12.237  36.164 0.8888890147
94248  20.667  -15.461  38.849 0.8888890147
92710  20.497  -16.125  38.900 0.8888890147
91101  20.039  -17.256  39.194 0.7777780294
91116  19.781  -16.712  39.174 0.7777780294
91102  19.436  -16.943  39.417 0.7777780294
89647  19.230  -17.410  39.575 0.7777780294
91103  18.934  -16.962  39.722 0.7777780294
100526  25.242  -12.807  34.743 0.8888890147
100527  24.656  -12.427  34.672 0.8888890147
100528  24.185  -12.202  34.964 0.8888890147
102089  23.426  -11.826  35.522 0.8888890147
100505  23.903  -12.218  35.481 0.8888890147
102090  22.921  -11.456  35.606 0.8888890147
103517  22.438  -10.900  35.745 0.7777780294
102067  23.146  -11.844  36.015 0.8888890147
102032  21.040  -11.622  37.603 0.7777780294
103486  21.334  -11.023  37.055 0.7777780294
98793  21.415  -12.761  38.060 0.8888890147
98769  20.578  -13.331  38.584 0.7777780294
92623  15.940  -15.840  43.559 0.6666669846
92660  16.949  -16.948  41.486 0.5555559993
98856  28.008  -13.265  35.691 0.6666669846
92669  18.309  -16.305  40.598 0.6666669846
98883  27.111  -13.197  35.143 0.8888890147
98908  27.457  -13.100  34.585 0.7777780294
98885  25.849  -13.053  34.918 0.8888890147
97261  19.841  -13.968  39.127 0.7777780294
95735  19.725  -14.376  39.282 0.7777780294
94249  20.079  -15.511  39.057 0.8888890147
95717  19.565  -14.760  39.529 0.7777780294
94215  19.022  -15.411  40.240 0.5555559993
100551  26.501  -12.860  34.084 0.7777780294
100552  25.811  -12.714  34.076 0.8888890147
102128  24.684  -11.920  33.794 0.8888890147
102108  24.282  -11.965  34.469 0.8888890147
102110  23.224  -11.425  35.089 0.8888890147
103532  23.355  -10.993  34.614 0.8888890147
103550  23.822  -11.029  34.133 0.8888890147
104840  22.728  -10.381  35.185 0.7777780294
103518  22.073  -10.403  35.957 0.7777780294
104818  21.755  -10.065  36.338 0.7777780294
104809  21.274  -10.176  36.968 0.7777780294
103476  20.475  -10.982  38.071 0.7777780294
102033  20.620  -11.784  38.062 0.7777780294
100407  20.167  -12.784  38.757 0.7777780294
100501  29.342  -12.732  35.853 0.6666669846
100523  29.947  -12.053  34.950 0.6666669846
98906  28.485  -12.898  34.898 0.6666669846
100569  27.498  -12.692  33.330 0.8888890147
100570  26.532  -12.566  33.334 0.8888890147
98747  19.589  -13.267  39.487 0.6666669846
97237  19.224  -14.160  40.038 0.5555559993
95708  19.182  -14.798  40.115 0.5555559993
102145  25.376  -11.754  32.989 0.8888890147
102146  24.815  -11.299  33.191 0.8888890147
102129  24.151  -11.552  34.131 0.8888890147
104854  24.119  -10.256  33.818 0.7777780294
104870  24.569  -10.395  33.378 0.7777780294
106181  23.450  -9.242  34.658 0.7777780294
106194  23.715  -9.874  34.235 0.7777780294
104855  23.631  -10.475  34.281 0.7777780294
106182  22.870  -9.819  35.018 0.7777780294
107608  22.561  -8.816  35.665 0.7777780294
106171  22.789  -9.277  35.255 0.7777780294
107582  21.679  -8.804  36.938 0.7777780294
107599  22.019  -8.859  36.342 0.7777780294
104828  22.058  -9.960  35.912 0.7777780294
107563  21.238  -8.790  37.771 0.7777780294
107583  21.448  -8.848  37.352 0.7777780294
106142  20.766  -9.359  38.118 0.7777780294
104801  20.477  -10.384  38.102 0.7777780294
106143  20.505  -9.992  38.223 0.7777780294
103463  20.030  -10.867  38.896 0.7777780294
104791  20.271  -10.342  38.551 0.7777780294
100384  19.748  -12.618  39.197 0.5555559993
106078  21.319  -8.939  44.361 0.3333329856
106077  21.806  -8.568  44.593 0.2222220004
104727  20.288  -10.053  44.219 0.2222220004
103385  19.731  -10.988  43.973 0.2222220004
103384  20.003  -10.664  44.471 0.1111110002
103398  19.630  -11.004  43.373 0.2222220004
100281  19.309  -12.295  43.321 0.1111110002
101944  19.571  -11.609  43.796 0.1111110002
98664  19.093  -12.887  43.630 0.1111110002
98665  18.903  -13.431  43.137 0.1111110002
95675  18.738  -14.764  43.747 0.1111110002
95685  18.672  -14.761  42.935 0.1111110002
109004  22.985  -7.294  42.666 0.1111110002
107459  22.208  -7.938  43.743 0.1111110002
107471  21.913  -7.960  42.973 0.3333329856
108985  23.758  -7.174  43.789 0.1111110002
107458  22.697  -7.755  44.200 0.2222220004
106090  20.731  -8.827  42.424 0.3333329856
106084  20.491  -9.412  43.275 0.3333329856
103409  19.525  -10.910  42.571 0.2222220004
100302  18.924  -12.851  41.936 0.2222220004
98678  19.008  -12.838  42.995 0.1111110002
102046  31.913  -11.128  36.509 0.3333329856
109021  22.889  -7.246  41.893 0.2222220004
109020  23.695  -7.066  42.069 0.1111110002
109005  22.338  -7.557  42.429 0.2222220004
107486  21.146  -8.327  41.952 0.3333329856
107485  21.708  -7.898  42.223 0.3333329856
106099  20.276  -9.293  41.973 0.3333329856
104742  19.601  -10.613  42.117 0.2222220004
97217  18.808  -14.074  41.848 0.2222220004
110668  24.011  -6.875  40.095 0.3333329856
110656  24.031  -6.895  40.794 0.3333329856
110666  25.279  -6.923  40.502 0.3333329856
109036  23.463  -7.047  41.322 0.2222220004
109038  22.056  -7.505  40.939 0.2222220004
106105  20.625  -8.648  41.187 0.3333329856
107500  20.990  -8.293  41.174 0.5555559993
104748  19.885  -9.800  41.456 0.3333329856
106106  20.331  -9.088  41.067 0.3333329856
103434  19.395  -10.992  41.142 0.4444440007
100344  19.147  -12.396  40.805 0.3333329856
98708  18.917  -13.636  40.783 0.3333329856
98694  18.876  -13.334  41.528 0.3333329856
100548  28.733  -12.704  34.389 0.7777780294
100547  29.645  -12.175  34.233 0.6666669846
109104  25.392  -7.054  38.018 0.4444440007
109140  25.072  -7.245  36.323 0.4444440007
109141  24.142  -7.416  36.227 0.5555559993
110690  24.674  -6.933  38.962 0.4444440007
109106  23.700  -7.020  38.014 0.6666669846
109069  23.341  -6.962  39.840 0.5555559993
110679  24.038  -6.856  39.369 0.3333329856
110678  24.658  -6.961  39.622 0.4444440007
110691  24.139  -6.859  38.657 0.5555559993
109055  21.411  -7.870  39.600 0.5555559993
109053  22.662  -7.230  40.371 0.2222220004
109071  21.988  -7.557  39.241 0.5555559993
106113  20.636  -8.825  39.880 0.6666669846
109054  21.862  -7.592  40.117 0.5555559993
107515  20.550  -8.774  40.467 0.5555559993
104770  19.951  -9.826  39.959 0.5555559993
103443  19.511  -10.932  40.425 0.5555559993
107621  24.043  -8.662  34.475 0.7777780294
109169  24.940  -7.974  34.780 0.7777780294
107606  23.743  -8.339  35.054 0.7777780294
109123  23.441  -7.355  37.006 0.7777780294
109142  23.279  -7.825  36.171 0.7777780294
109124  22.613  -7.887  36.941 0.7777780294
107544  21.518  -8.263  38.071 0.6666669846
109091  21.359  -8.152  38.663 0.5555559993
106121  20.667  -8.916  39.420 0.6666669846
106132  20.673  -9.046  38.939 0.6666669846
109072  21.485  -7.886  39.045 0.6666669846
103452  19.889  -10.642  39.261 0.6666669846
104780  20.011  -10.219  39.290 0.6666669846
103453  19.735  -10.882  39.595 0.6666669846
101996  19.506  -11.517  40.007 0.5555559993
102142  30.387  -11.502  33.454 0.7777780294
100567  29.083  -12.434  33.561 0.8888890147
100587  27.153  -12.379  32.546 0.8888890147
100588  26.467  -12.185  32.605 0.8888890147
104869  25.054  -10.142  33.037 0.8888890147
104882  25.517  -10.348  32.622 0.7777780294
106180  23.920  -9.019  34.323 0.7777780294
107636  24.499  -8.697  34.130 0.7777780294
106192  24.849  -9.009  33.673 0.7777780294
106208  24.623  -9.814  33.431 0.7777780294
109158  23.397  -8.179  35.531 0.7777780294
109157  23.938  -7.840  35.519 0.7777780294
107609  22.250  -8.876  35.986 0.7777780294
107597  22.889  -8.328  35.803 0.7777780294
102160  26.679  -11.998  32.135 0.8888890147
102179  27.569  -11.794  31.427 0.8888890147
103577  25.548  -10.765  32.556 0.8888890147
103576  25.865  -10.695  32.228 0.8888890147
103515  32.028  -10.717  35.354 0.5555559993
109168  25.517  -7.776  34.898 0.7777780294
100605  28.571  -12.317  32.191 0.8888890147
106221  25.487  -9.706  32.702 0.7777780294
107619  25.284  -8.140  34.312 0.7777780294
107618  25.963  -7.954  34.316 0.6666669846
107634  25.605  -8.276  33.750 0.6666669846
102177  29.281  -12.079  31.779 0.8888890147
102178  28.385  -12.015  31.492 0.8888890147
103592  26.168  -10.618  31.874 0.8888890147
106238  26.209  -9.586  32.037 0.7777780294
106220  26.033  -9.078  32.581 0.7777780294
107664  26.258  -8.581  32.797 0.6666669846
109139  26.028  -7.354  36.537 0.4444440007
103530  32.251  -10.319  34.652 0.5555559993
103546  32.089  -10.245  33.848 0.6666669846
106219  26.471  -8.881  32.334 0.6666669846
107663  26.679  -8.559  32.502 0.6666669846
103590  31.085  -11.064  31.760 0.8888890147
102196  28.992  -11.675  30.986 1.0000000000
103610  27.175  -10.545  31.010 1.0000000000
102198  27.355  -11.161  31.045 0.8888890147
104914  26.871  -10.146  31.250 0.8888890147
104898  26.526  -9.821  31.626 0.8888890147
104897  26.975  -9.487  31.313 1.0000000000
106236  27.133  -9.020  31.451 1.0000000000
103607  29.568  -11.190  30.508 1.0000000000
103628  28.530  -10.557  30.283 1.0000000000
107594  28.780  -7.686  36.865 0.3333329856
104825  33.825  -9.858  35.322 0.5555559993
107676  27.392  -8.530  31.656 0.8888890147
104934  28.483  -9.940  30.125 1.0000000000
109080  30.924  -8.034  38.882 0.1111110002
107593  29.265  -7.614  36.712 0.2222220004
106169  34.483  -9.434  35.162 0.3333329856
104867  32.462  -10.073  32.949 1.0000000000
104911  32.008  -9.987  30.847 1.0000000000
103624  31.202  -10.124  30.098 1.0000000000
104933  29.456  -9.772  29.600 1.0000000000
109118  30.175  -7.638  36.928 0.2222220004
109178  28.796  -7.041  33.983 0.6666669846
107616  34.996  -8.863  34.353 0.3333329856
104866  33.078  -9.631  32.671 1.0000000000
106250  32.912  -9.223  30.855 0.8888890147
110811  28.417  -7.026  30.222 1.0000000000
112309  27.897  -6.026  31.157 1.0000000000
104931  31.008  -9.799  29.771 1.0000000000
106287  30.215  -8.817  29.225 1.0000000000
107703  29.135  -8.344  29.608 1.0000000000
109116  30.916  -7.574  37.188 0.2222220004
110732  30.079  -6.733  35.951 0.3333329856
107659  34.566  -8.048  32.044 0.6666669846
107688  33.566  -8.278  30.752 0.7777780294
106267  32.572  -9.016  30.266 1.0000000000
107718  30.679  -8.293  29.174 1.0000000000
109248  29.661  -7.622  29.180 1.0000000000
110826  28.637  -6.878  29.720 1.0000000000
112264  28.678  -5.630  33.636 0.4444440007
109219  33.779  -7.526  30.645 0.6666669846
110821  31.894  -6.950  29.369 1.0000000000
110823  30.645  -6.915  29.075 1.0000000000
113875  27.730  -5.008  30.106 1.0000000000
115148  27.398  -4.342  31.073 1.0000000000
110770  35.240  -6.686  32.216 0.3333329856
113870  32.695  -5.757  30.231 0.5555559993
110809  32.414  -6.954  29.626 0.8888890147
112330  30.967  -6.236  29.220 1.0000000000
112331  30.264  -6.160  29.070 1.0000000000
113893  28.152  -5.027  29.568 1.0000000000
113871  32.217  -5.304  30.126 0.6666669846
113890  30.747  -5.379  29.296 1.0000000000
115196  28.655  -4.322  29.197 1.0000000000
115168  32.158  -4.475  30.303 0.6666669846
115169  31.647  -4.593  29.934 0.7777780294
115193  30.813  -4.614  29.421 1.0000000000
116572  27.562  -3.345  29.993 1.0000000000
116599  29.161  -3.553  28.884 1.0000000000
116624  29.657  -3.429  28.744 1.0000000000
120983  27.448  -1.255  30.255 0.8888890147
122451  27.702  -0.728  29.930 1.0000000000
119549  28.646  -1.952  28.420 1.0000000000
120941  28.051  -1.400  33.967 0.7777780294
116620  32.248  -4.253  28.226 0.7777780294
123870  28.521  0.107  29.129 1.0000000000
125226  28.235  0.953  32.346 0.4444440007
125257  28.487  0.780  30.469 0.5555559993
125240  28.327  0.923  31.083 0.5555559993
123885  28.710  0.056  28.669 1.0000000000
115231  33.220  -4.826  27.513 0.6666669846
121041  29.719  -0.989  27.330 1.0000000000
123812  28.393  0.090  33.905 0.3333329856
115187  36.435  -4.995  29.518 0.3333329856
126555  29.114  1.970  31.856 0.4444440007
126554  29.546  2.428  31.487 0.4444440007
125239  28.806  1.324  30.727 0.4444440007
123869  28.889  0.482  28.850 0.8888890147
119579  30.242  -1.671  26.936 1.0000000000
126534  29.790  2.225  34.117 0.2222220004
129251  31.087  3.398  33.675 0.2222220004
127898  29.999  2.904  31.900 0.4444440007
113888  35.545  -5.255  28.964 0.3333329856
115249  32.407  -4.177  26.532 0.8888890147
116658  31.459  -3.293  26.577 0.8888890147
118156  31.289  -2.916  26.525 1.0000000000
119578  30.721  -1.722  26.644 1.0000000000
125298  29.919  1.161  28.318 0.7777780294
115269  32.426  -3.722  25.952 0.8888890147
127881  30.522  3.341  32.321 0.4444440007
87717  3.125  -18.403  53.942 0.5555559993
89460  2.273  -18.081  54.522 0.2222220004
90921  2.464  -17.229  54.797 0.2222220004
89459  2.646  -17.941  54.545 0.2222220004
90935  3.886  -17.451  53.327 0.6666669846
89467  3.509  -17.721  53.791 0.3333329856
87752  4.382  -18.824  51.813 0.6666669846
87743  4.146  -18.523  52.386 0.6666669846
89489  4.671  -18.157  51.484 0.6666669846
90920  2.953  -17.199  54.699 0.2222220004
89473  4.056  -17.819  52.750 0.6666669846
90952  4.755  -17.429  51.747 0.6666669846
90916  3.508  -16.435  54.852 0.2222220004
90919  3.496  -16.875  54.435 0.3333329856
90928  3.970  -16.874  53.781 0.3333329856
92515  4.727  -16.231  53.081 0.6666669846
90943  4.949  -16.734  52.020 0.6666669846
92523  4.803  -16.524  52.631 0.6666669846
90951  5.159  -16.919  51.414 0.6666669846
89503  5.935  -17.717  49.621 0.7777780294
90959  5.430  -17.043  50.752 0.6666669846
92522  5.134  -16.099  52.270 0.6666669846
92537  5.472  -16.469  51.113 0.6666669846
94021  5.808  -15.466  51.569 0.5555559993
90967  5.986  -16.972  49.725 0.6666669846
92529  5.703  -15.961  51.155 0.4444440007
92545  6.170  -16.229  49.881 0.4444440007
94049  6.267  -15.702  50.259 0.5555559993
95530  6.160  -14.842  51.851 0.3333329856
94035  6.147  -15.450  50.849 0.5555559993
94034  6.601  -15.240  50.347 0.4444440007
92561  7.311  -16.279  47.913 0.5555559993
94063  7.030  -15.699  49.005 0.4444440007
97064  7.127  -14.217  51.322 0.3333329856
95544  6.830  -14.718  50.814 0.2222220004
95556  8.152  -14.526  49.457 0.3333329856
95558  7.033  -14.909  50.132 0.3333329856
94077  8.009  -15.241  47.986 0.4444440007
94062  7.423  -15.392  48.846 0.4444440007
97061  8.938  -13.575  50.105 0.2222220004
97062  8.399  -13.706  50.521 0.2222220004
97063  7.606  -14.079  50.822 0.1111110002
97096  8.699  -14.301  48.748 0.2222220004
95586  8.336  -14.840  48.187 0.3333329856
97113  8.698  -14.451  48.350 0.2222220004
95601  8.492  -15.006  47.687 0.3333329856
97151  10.023  -14.481  47.022 0.4444440007
95631  9.921  -15.238  46.194 0.5555559993
97094  9.981  -13.418  48.937 0.1111110002
97095  9.449  -13.619  49.138 0.2222220004
97130  11.059  -13.545  47.690 0.1111110002
97112  9.107  -14.262  48.115 0.2222220004
95613  10.801  -14.559  46.343 0.4444440007
97150  10.508  -14.304  46.955 0.3333329856
95650  11.200  -15.257  45.326 0.4444440007
98743  25.771  -13.146  39.573 0.2222220004
98744  25.000  -13.127  39.444 0.5555559993
97165  11.791  -14.254  45.893 0.2222220004
95612  11.233  -14.379  46.218 0.3333329856
97164  12.415  -14.120  45.735 0.3333329856
95628  11.884  -14.404  45.571 0.5555559993
98742  26.541  -13.224  39.672 0.3333329856
98761  26.346  -13.222  38.819 0.4444440007
95648  13.051  -14.689  44.786 0.3333329856
108926  24.357  -7.652  46.177 0.1111110002
107429  23.141  -8.294  46.070 0.1111110002
107437  23.582  -7.890  45.787 0.1111110002
107446  22.967  -7.882  44.826 0.1111110002
107447  22.255  -8.218  44.568 0.1111110002
97180  13.224  -14.217  45.297 0.2222220004
95647  13.840  -14.501  44.831 0.3333329856
95677  14.002  -15.353  43.794 0.5555559993
98787  26.130  -13.219  37.943 0.4444440007
97162  14.110  -13.838  46.111 0.2222220004
97178  14.617  -14.006  45.663 0.3333329856
95646  14.584  -14.320  45.019 0.3333329856
95663  14.517  -14.806  44.342 0.3333329856
95664  13.650  -15.047  44.145 0.4444440007
94170  15.185  -15.463  43.670 0.3333329856
109064  28.930  -7.614  39.963 0.1111110002
109065  28.170  -7.469  39.967 0.2222220004
109049  27.667  -7.211  40.581 0.1111110002
109067  26.875  -7.146  39.678 0.2222220004
109066  27.482  -7.325  39.875 0.2222220004
109083  28.017  -7.529  39.324 0.2222220004
109084  27.398  -7.397  39.185 0.2222220004
109085  26.822  -7.251  38.967 0.2222220004
107540  28.619  -7.703  38.806 0.2222220004
107541  27.877  -7.603  38.699 0.2222220004
107561  27.140  -7.450  38.188 0.2222220004
109119  26.780  -7.397  37.785 0.2222220004
107560  27.652  -7.609  38.151 0.2222220004
107580  27.388  -7.559  37.651 0.2222220004
107579  27.926  -7.709  37.637 0.2222220004
109050  26.816  -6.986  40.537 0.2222220004
109051  26.378  -6.944  40.061 0.3333329856
110689  25.329  -7.031  39.139 0.3333329856
109068  26.316  -7.027  39.499 0.3333329856
109086  26.109  -7.119  38.889 0.2222220004
109087  25.629  -7.091  38.567 0.3333329856
109102  26.674  -7.295  38.420 0.2222220004
109103  26.128  -7.211  38.182 0.2222220004
107559  28.283  -7.756  38.140 0.2222220004
109120  26.138  -7.276  37.426 0.2222220004
121058  30.802  -1.098  26.606 0.8888890147
121077  31.875  -1.165  25.907 0.7777780294
113809  29.548  -5.096  35.097 0.3333329856
122532  31.632  -0.401  26.205 0.7777780294
122533  31.287  -0.673  26.365 0.7777780294
116466  28.438  -3.804  34.205 0.4444440007
125345  32.487  1.227  26.758 0.7777780294
123924  31.422  0.226  26.554 0.6666669846
123903  30.549  0.550  27.316 0.6666669846
123938  33.815  0.411  25.788 0.6666669846
123921  33.561  0.891  26.281 0.6666669846
123941  31.842  0.174  26.278 0.7777780294
123925  30.779  0.189  26.898 0.6666669846
122512  30.376  -0.245  27.010 0.7777780294
123955  34.589  0.279  25.200 0.7777780294
123939  33.049  0.283  25.893 0.7777780294
123954  35.173  0.720  25.022 0.7777780294
116457  29.231  -3.622  35.285 0.3333329856
116465  28.789  -3.762  34.707 0.3333329856
117968  28.675  -2.901  34.906 0.4444440007
125294  35.175  1.823  27.948 0.3333329856
125322  34.597  1.722  27.479 0.4444440007
126660  33.337  2.171  27.713 0.4444440007
125325  32.144  1.612  27.220 0.7777780294
125327  30.826  1.120  27.580 0.5555559993
125328  30.217  0.861  27.761 0.7777780294
125341  35.808  1.306  26.876 0.4444440007
125342  34.930  1.256  26.920 0.5555559993
125344  33.266  1.339  26.743 0.5555559993
123919  35.212  0.906  26.368 0.5555559993
123937  34.555  0.593  25.803 0.6666669846
125370  35.430  1.305  24.710 0.7777780294
123936  35.278  0.806  25.671 0.7777780294
126717  35.537  2.025  24.365 0.7777780294
117956  29.166  -2.787  35.535 0.3333329856
119441  28.509  -2.048  34.837 0.4444440007
126584  36.287  2.480  29.516 0.1111110002
126609  30.629  2.187  29.061 0.4444440007
126604  36.081  2.162  29.100 0.2222220004
126633  34.671  2.130  28.263 0.3333329856
126607  33.957  2.633  28.885 0.2222220004
127983  33.105  2.678  28.801 0.3333329856
126608  31.272  2.374  28.830 0.3333329856
126639  30.252  1.701  28.687 0.5555559993
126601  40.479  2.552  29.147 0.1111110002
126630  39.170  2.230  28.336 0.1111110002
125290  38.767  1.916  28.287 0.3333329856
125319  37.469  1.618  27.359 0.5555559993
125293  36.032  1.602  28.233 0.3333329856
126661  32.538  2.081  27.680 0.5555559993
125296  31.148  1.678  27.904 0.5555559993
125297  30.532  1.423  28.112 0.5555559993
127993  39.456  3.093  28.342 0.1111110002
126673  38.245  2.654  27.409 0.2222220004
125339  37.203  1.961  26.924 0.4444440007
125340  36.653  1.671  26.810 0.5555559993
127994  38.935  3.212  27.978 0.1111110002
128003  37.329  3.061  26.757 0.3333329856
126686  36.449  2.285  26.245 0.6666669846
125353  36.528  1.936  26.459 0.6666669846
128018  35.775  2.907  25.524 0.7777780294
126687  35.943  2.219  25.777 0.7777780294
125362  35.601  1.442  25.405 0.7777780294
126701  35.593  2.127  25.122 0.7777780294
123804  29.296  0.070  35.481 0.2222220004
123807  28.996  0.070  34.917 0.2222220004
127959  36.052  2.569  29.497 0.1111110002
127966  31.040  2.650  29.420 0.3333329856
126585  30.384  2.441  29.682 0.4444440007
127960  35.598  2.688  29.500 0.2222220004
127961  34.795  2.814  29.457 0.2222220004
127963  33.301  2.981  29.296 0.2222220004
127965  31.801  2.807  29.161 0.3333329856
125208  29.216  0.517  35.251 0.2222220004
125214  28.696  0.965  33.867 0.2222220004
127915  35.399  3.535  30.598 0.1111110002
129334  31.774  3.355  30.208 0.2222220004
127938  30.809  2.860  30.069 0.3333329856
127932  35.237  3.242  30.134 0.1111110002
127962  34.005  2.878  29.316 0.2222220004
127935  32.848  3.305  29.746 0.2222220004
129333  32.366  3.505  30.281 0.2222220004
127933  34.346  3.243  29.933 0.1111110002
127917  30.609  3.092  30.721 0.3333329856
127897  30.502  3.320  31.449 0.3333329856
129330  34.570  3.602  30.504 0.1111110002
129331  33.857  3.594  30.401 0.1111110002
129332  33.112  3.580  30.333 0.1111110002
127916  31.217  3.280  30.428 0.2222220004
129296  31.214  3.754  31.763 0.3333329856
129295  32.144  3.979  31.582 0.2222220004
129315  32.615  3.798  30.900 0.2222220004
129316  31.746  3.654  30.856 0.2222220004
129273  31.108  3.656  32.804 0.2222220004
129272  31.840  3.992  32.436 0.2222220004
129294  32.949  4.089  31.487 0.1111110002
89474  3.710  -18.070  53.242 0.5555559993
90976  6.300  -17.148  49.112 0.7777780294
90968  5.642  -17.426  50.164 0.7777780294
92553  6.679  -16.367  48.940 0.6666669846
92562  6.983  -16.319  48.401 0.5555559993
95649  12.081  -14.882  45.007 0.6666669846
98745  24.290  -13.396  39.404 0.4444440007
98786  26.956  -13.307  38.086 0.4444440007
123808  28.629  -0.149  34.452 0.2222220004
127939  30.198  2.626  30.369 0.4444440007
87768  4.992  -18.879  50.862 0.6666669846
87759  4.986  -18.331  50.970 0.6666669846
89458  3.074  -17.791  54.305 0.3333329856
89461  1.976  -18.208  54.181 0.4444440007
97132  9.292  -14.434  47.647 0.4444440007
97131  9.812  -14.279  47.437 0.2222220004
97181  12.688  -14.441  45.182 0.2222220004
94154  14.743  -15.176  43.896 0.5555559993
107439  22.489  -8.310  45.144 0.1111110002
90934  4.352  -16.845  53.147 0.4444440007
90927  4.284  -16.540  53.601 0.3333329856
89481  4.396  -17.989  52.087 0.6666669846
90944  4.522  -17.212  52.387 0.6666669846
92495  3.828  -16.090  54.791 0.2222220004
92530  5.334  -16.179  51.638 0.6666669846
92536  5.820  -16.226  50.598 0.6666669846
94048  6.831  -15.481  49.730 0.4444440007
95587  7.870  -15.129  48.442 0.4444440007
94047  7.338  -15.270  49.207 0.4444440007
95570  8.206  -14.622  49.089 0.2222220004
97079  7.894  -14.201  50.151 0.3333329856
97179  13.968  -14.051  45.453 0.2222220004
107543  26.997  -7.364  38.540 0.2222220004
122511  30.997  -0.483  26.559 0.7777780294
122510  31.332  -0.210  26.409 0.7777780294
122531  32.546  -0.586  25.657 0.7777780294
117987  28.522  -3.360  34.511 0.4444440007
125324  32.913  1.793  27.155 0.6666669846
123923  32.091  0.620  26.448 0.7777780294
125346  31.766  1.002  26.866 0.6666669846
125326  31.460  1.358  27.388 0.6666669846
125347  31.112  0.766  27.070 0.5555559993
125343  34.083  1.336  26.833 0.5555559993
123920  34.361  0.937  26.316 0.5555559993
123922  32.783  0.796  26.320 0.6666669846
123940  32.305  0.174  26.081 0.7777780294
123971  34.790  0.181  24.711 0.7777780294
119440  28.881  -2.083  35.327 0.3333329856
125321  35.490  1.489  27.482 0.4444440007
126632  35.506  1.974  28.523 0.3333329856
126659  34.115  2.080  27.792 0.4444440007
125323  33.737  1.826  27.222 0.4444440007
126635  32.892  2.387  28.245 0.5555559993
126634  33.772  2.435  28.422 0.4444440007
126662  31.812  1.897  27.751 0.5555559993
126638  30.878  1.934  28.470 0.3333329856
125320  36.412  1.402  27.461 0.4444440007
125354  36.046  1.484  26.148 0.6666669846
128045  35.518  2.829  24.062 0.7777780294
126603  36.598  1.987  29.206 0.2222220004
126605  35.177  2.383  28.947 0.1111110002
126631  35.945  1.872  28.642 0.2222220004
126606  34.398  2.532  28.880 0.3333329856
127982  33.634  2.725  28.935 0.2222220004
127964  32.598  2.951  29.222 0.3333329856
127984  32.397  2.628  28.688 0.4444440007
126637  31.507  2.127  28.284 0.4444440007
127936  32.132  3.193  29.721 0.3333329856
126629  39.675  2.424  28.525 0.1111110002
126654  39.393  2.666  28.326 0.1111110002
125318  38.270  1.887  27.785 0.3333329856
126655  39.026  2.520  28.131 0.1111110002
125291  37.972  1.471  28.164 0.5555559993
125292  37.018  1.336  28.142 0.5555559993
126672  38.640  2.781  27.756 0.2222220004
126657  38.064  2.139  27.409 0.4444440007
126674  37.644  2.385  27.040 0.2222220004
128002  37.990  3.145  27.155 0.2222220004
126675  36.962  2.285  26.639 0.5555559993
128004  36.801  2.779  26.433 0.5555559993
128017  36.362  3.003  26.078 0.5555559993
128032  35.512  2.834  24.838 0.7777780294
129392  35.683  3.439  25.214 0.7777780294
127934  33.585  3.304  29.810 0.2222220004
79558  2.560  -22.879  53.734 0.1111110002
82586  2.127  -22.008  56.888 0.3333329856
84337  1.642  -20.417  52.494 0.1111110002
86012  1.434  -19.656  53.211 0.2222220004
87745  1.555  -18.964  53.467 0.2222220004
87716  9.714  -19.381  55.336 0.1111110002
87715  10.264  -19.093  55.081 0.1111110002
87728  12.458  -18.859  54.096 0.1111110002
87712  12.107  -18.752  54.695 0.1111110002
87713  11.502  -18.806  54.848 0.1111110002
87701  11.154  -18.758  55.313 0.1111110002
87729  11.780  -18.902  54.140 0.1111110002
87741  11.410  -19.096  53.554 0.1111110002
86008  11.055  -19.425  52.980 0.1111110002
87730  11.119  -19.014  54.243 0.1111110002
87731  10.490  -19.234  54.406 0.1111110002
87751  11.762  -19.275  52.911 0.1111110002
87742  10.735  -19.300  53.694 0.1111110002
92505  4.915  -15.777  53.236 0.4444440007
85991  10.075  -19.563  53.907 0.1111110002
87740  12.102  -19.012  53.478 0.1111110002
87739  12.824  -19.099  53.393 0.1111110002
97023  6.035  -14.068  53.454 0.2222220004
97014  5.863  -13.912  54.113 0.2222220004
95504  5.358  -14.846  53.479 0.3333329856
86039  11.909  -19.636  51.575 0.1111110002
86040  11.132  -19.762  51.531 0.1111110002
94008  5.746  -15.202  52.186 0.4444440007
85989  14.613  -19.471  53.987 0.1111110002
87738  13.522  -19.225  53.646 0.1111110002
87737  13.886  -19.321  53.744 0.1111110002
86004  14.850  -19.786  53.175 0.1111110002
86006  13.289  -19.376  53.051 0.1111110002
86007  12.914  -19.294  52.975 0.1111110002
97013  6.350  -13.650  53.728 0.1111110002
86035  14.615  -20.095  52.024 0.1111110002
86019  14.381  -19.813  52.523 0.1111110002
86051  13.690  -19.962  51.066 0.1111110002
86038  12.632  -19.625  51.664 0.1111110002
86052  13.070  -19.796  51.008 0.1111110002
86053  12.405  -19.731  50.900 0.1111110002
86081  12.033  -20.035  49.530 0.1111110002
84342  16.640  -20.771  52.380 0.1111110002
84316  16.019  -20.353  52.908 0.1111110002
82705  16.237  -20.857  51.571 0.1111110002
84330  15.396  -20.330  52.235 0.1111110002
86036  14.077  -19.933  51.767 0.1111110002
82721  15.492  -20.773  50.821 0.1111110002
84360  14.872  -20.411  51.154 0.1111110002
82736  15.330  -20.878  50.246 0.1111110002
84376  14.683  -20.510  50.489 0.1111110002
86065  13.404  -20.007  50.539 0.1111110002
86080  12.616  -20.017  49.585 0.1111110002
82750  14.854  -20.850  49.532 0.1111110002
84412  13.541  -20.351  48.897 0.1111110002
84413  12.907  -20.138  48.967 0.1111110002
84411  14.254  -20.680  49.009 0.1111110002
84431  13.161  -20.250  48.235 0.2222220004
84430  13.954  -20.705  48.040 0.1111110002
82685  17.101  -20.941  52.606 0.1111110002
82760  22.761  -21.098  48.483 0.2222220004
82684  17.688  -21.310  52.273 0.1111110002
82703  17.638  -21.525  51.272 0.1111110002
82704  16.806  -21.048  51.724 0.1111110002
94148  25.370  -15.566  43.546 0.2222220004
82734  17.033  -21.611  49.701 0.1111110002
82735  16.189  -21.256  49.993 0.1111110002
92619  25.045  -16.135  43.302 0.3333329856
82749  15.525  -21.176  49.325 0.1111110002
89571  24.371  -17.795  43.595 0.4444440007
82765  15.605  -21.389  48.385 0.2222220004
82766  14.888  -21.052  48.751 0.1111110002
82780  15.631  -21.487  47.401 0.3333329856
84429  14.436  -20.927  48.409 0.1111110002
91043  24.289  -17.209  42.412 0.4444440007
82797  14.849  -21.129  46.761 0.4444440007
84447  14.051  -20.782  47.034 0.4444440007
81190  22.169  -21.859  49.811 0.2222220004
81164  21.339  -22.287  50.930 0.1111110002
81148  20.758  -22.476  51.884 0.1111110002
82761  22.065  -21.575  48.977 0.2222220004
81178  21.114  -22.119  50.164 0.2222220004
81165  20.540  -22.163  50.862 0.1111110002
81149  19.879  -22.072  51.535 0.1111110002
81206  21.387  -21.752  48.826 0.2222220004
81180  19.668  -21.909  49.813 0.1111110002
81150  19.119  -21.893  51.210 0.1111110002
82683  18.408  -21.747  51.788 0.1111110002
94147  25.738  -15.238  43.987 0.1111110002
82777  21.769  -21.453  48.005 0.2222220004
81207  20.742  -21.853  48.747 0.2222220004
81193  20.236  -21.922  49.274 0.1111110002
81167  19.060  -21.861  50.332 0.1111110002
82702  18.396  -21.756  50.816 0.1111110002
82793  21.239  -21.489  47.262 0.2222220004
81222  21.126  -21.698  48.299 0.2222220004
81208  20.125  -21.867  48.588 0.1111110002
82733  17.955  -21.784  49.349 0.1111110002
82747  17.176  -21.788  48.796 0.1111110002
92633  24.830  -15.766  42.599 0.3333329856
91034  25.129  -16.638  43.747 0.3333329856
92620  24.712  -16.480  42.742 0.4444440007
97189  26.662  -13.884  44.013 0.1111110002
95659  26.169  -14.394  44.174 0.1111110002
95673  25.754  -14.422  43.408 0.1111110002
82778  21.081  -21.628  47.820 0.2222220004
81238  20.628  -21.720  47.433 0.2222220004
81195  18.987  -21.881  48.863 0.1111110002
82746  17.823  -21.871  48.533 0.2222220004
95674  25.430  -14.700  43.044 0.2222220004
94166  25.219  -15.275  42.961 0.3333329856
81239  19.960  -21.863  47.234 0.3333329856
81226  18.778  -21.969  47.559 0.3333329856
81227  18.178  -21.946  47.383 0.4444440007
81213  17.259  -21.923  47.662 0.2222220004
94182  24.733  -15.501  42.068 0.4444440007
81241  18.664  -21.947  46.908 0.4444440007
81243  17.421  -21.863  46.567 0.5555559993
82795  16.456  -21.669  46.276 0.6666669846
92634  24.487  -16.157  42.035 0.4444440007
82817  15.347  -21.160  45.846 0.6666669846
92646  24.180  -16.030  41.315 0.4444440007
84465  14.565  -20.850  45.824 0.5555559993
97198  26.385  -13.780  43.413 0.1111110002
95684  25.234  -14.532  42.511 0.2222220004
95683  25.530  -14.259  42.857 0.2222220004
81257  17.950  -21.873  46.212 0.4444440007
97215  25.302  -13.908  41.826 0.2222220004
95691  24.972  -14.581  41.926 0.4444440007
95692  24.688  -14.680  41.458 0.4444440007
94193  24.490  -15.368  41.496 0.4444440007
94203  24.065  -15.395  40.823 0.4444440007
92656  23.879  -16.084  40.823 0.4444440007
98649  27.473  -13.409  43.692 0.1111110002
98648  27.936  -13.367  44.048 0.1111110002
98663  26.880  -13.390  43.110 0.1111110002
97205  25.948  -13.803  42.718 0.1111110002
97216  24.919  -14.214  41.471 0.4444440007
95706  23.945  -14.718  40.406 0.4444440007
97225  24.629  -14.158  40.998 0.4444440007
95699  24.317  -14.708  40.938 0.4444440007
98647  28.631  -13.313  44.215 0.1111110002
98661  27.897  -13.211  43.305 0.1111110002
98676  27.203  -13.251  42.598 0.1111110002
98691  26.264  -13.299  41.979 0.1111110002
98706  25.525  -13.350  41.129 0.1111110002
97234  24.733  -13.705  40.583 0.4444440007
97235  24.264  -14.016  40.271 0.4444440007
98632  30.350  -13.320  45.307 0.1111110002
98633  29.548  -13.310  45.228 0.1111110002
98645  30.115  -13.420  44.530 0.1111110002
98646  29.341  -13.363  44.405 0.1111110002
94153  15.222  -15.052  44.098 0.2222220004
98660  28.510  -13.280  43.467 0.1111110002
98674  28.398  -13.351  42.751 0.1111110002
98690  27.016  -13.276  41.973 0.1111110002
98704  26.859  -13.274  41.255 0.1111110002
94168  17.826  -15.803  43.651 0.1111110002
98705  26.177  -13.191  41.173 0.1111110002
97224  25.043  -13.762  41.077 0.3333329856
98724  25.208  -13.289  40.363 0.2222220004
98725  24.647  -13.429  40.061 0.4444440007
101953  32.723  -12.066  43.922 0.1111110002
100261  32.008  -12.809  44.099 0.1111110002
98643  31.595  -13.079  44.639 0.1111110002
98630  31.918  -13.044  45.296 0.1111110002
95644  15.793  -14.532  45.539 0.2222220004
95645  15.254  -14.264  45.368 0.2222220004
101962  32.626  -11.924  43.227 0.1111110002
100279  32.358  -12.397  43.699 0.1111110002
98656  31.465  -13.080  43.865 0.1111110002
98644  30.892  -13.294  44.588 0.1111110002
95661  15.719  -14.713  45.035 0.2222220004
95662  15.225  -14.679  44.677 0.2222220004
101971  32.419  -11.913  42.325 0.1111110002
100298  32.242  -12.403  43.060 0.1111110002
100299  31.769  -12.874  43.043 0.1111110002
98657  30.717  -13.363  43.843 0.1111110002
98658  29.957  -13.484  43.738 0.1111110002
98659  29.195  -13.404  43.613 0.1111110002
92610  16.493  -15.722  44.080 0.1111110002
94152  15.936  -15.196  44.377 0.2222220004
101982  32.439  -11.704  41.293 0.1111110002
101983  32.027  -12.264  41.746 0.1111110002
100321  31.761  -12.748  42.277 0.1111110002
98685  30.412  -13.547  42.226 0.1111110002
98672  29.807  -13.591  42.962 0.1111110002
98673  29.056  -13.479  42.867 0.1111110002
92621  17.328  -16.036  43.922 0.1111110002
92622  16.783  -16.081  43.682 0.1111110002
101981  32.939  -11.210  40.730 0.1111110002
100342  31.591  -12.826  41.480 0.1111110002
100343  30.873  -13.276  41.426 0.1111110002
98699  30.168  -13.643  41.513 0.1111110002
98686  29.634  -13.661  42.219 0.1111110002
98688  28.260  -13.540  42.077 0.1111110002
92635  17.312  -16.086  43.239 0.1111110002
102004  32.747  -10.987  39.064 0.1111110002
102005  32.224  -11.464  39.413 0.1111110002
102006  31.709  -12.047  39.923 0.1111110002
100381  31.170  -12.493  39.479 0.1111110002
98701  28.760  -13.841  41.392 0.1111110002
97223  28.402  -13.861  41.217 0.1111110002
98703  27.505  -13.532  41.334 0.1111110002
98722  26.713  -13.253  40.480 0.1111110002
102016  32.235  -11.151  38.397 0.1111110002
102017  31.475  -11.909  38.883 0.1111110002
100400  30.637  -12.666  38.859 0.1111110002
98741  27.247  -13.467  39.763 0.1111110002
98723  25.986  -13.163  40.411 0.1111110002
102030  30.974  -12.157  38.242 0.1111110002
100420  30.369  -12.567  37.864 0.1111110002
100362  31.226  -12.775  40.514 0.1111110002
100363  30.433  -13.370  40.720 0.1111110002
100382  30.589  -13.006  39.851 0.1111110002
100364  29.979  -13.548  40.670 0.1111110002
98718  29.500  -13.743  40.774 0.1111110002
100421  29.673  -13.218  38.392 0.2222220004
98757  29.224  -13.521  39.244 0.1111110002
98758  28.538  -13.566  39.184 0.1111110002
98740  27.945  -13.701  39.848 0.1111110002
102028  32.016  -11.150  37.371 0.1111110002
98784  28.484  -13.432  38.416 0.1111110002
98810  27.686  -13.370  37.307 0.3333329856
110769  35.578  -6.624  32.619 0.1111110002
115109  36.166  -5.051  32.849 0.1111110002
118028  35.591  -3.769  32.483 0.1111110002
115247  33.816  -4.902  26.403 0.6666669846
115283  34.392  -4.299  25.242 0.6666669846
116674  32.688  -3.463  25.532 0.7777780294
116675  32.159  -3.112  25.763 0.7777780294
116691  34.884  -3.944  24.743 0.6666669846
115284  33.683  -3.928  25.283 0.6666669846
116695  32.574  -3.038  25.435 0.6666669846
118176  32.104  -2.534  25.737 0.6666669846
119596  31.482  -1.780  26.097 0.6666669846
116707  34.617  -3.281  24.433 0.6666669846
118193  33.696  -2.494  24.796 0.6666669846
118194  33.290  -2.474  25.075 0.6666669846
119612  32.621  -1.880  25.400 0.6666669846
119595  32.146  -1.878  25.694 0.6666669846
119611  33.046  -1.865  25.182 0.6666669846
121076  32.311  -1.227  25.638 0.6666669846
118209  35.073  -2.655  24.037 0.6666669846
121088  33.725  -1.143  24.762 0.6666669846
122550  33.090  -0.755  25.314 0.6666669846
122530  33.345  -0.162  25.487 0.6666669846
119610  33.666  -1.836  24.726 0.6666669846
119621  40.248  -1.806  24.030 0.5555559993
118192  39.447  -3.101  24.625 0.5555559993
118206  37.641  -3.134  23.953 0.6666669846
123956  34.095  0.219  25.403 0.6666669846
119634  39.595  -1.548  23.562 0.5555559993
119624  38.169  -2.460  23.672 0.6666669846
118217  37.288  -2.600  23.567 0.6666669846
118220  35.173  -2.004  23.773 0.6666669846
121100  34.643  -1.097  24.135 0.6666669846
122549  33.865  -0.443  25.017 0.6666669846
119636  37.922  -1.965  23.248 0.5555559993
119647  37.182  -1.535  22.995 0.6666669846
121114  35.699  -1.082  23.370 0.6666669846
119639  35.455  -1.641  23.539 0.6666669846
125272  36.684  1.664  28.887 0.1111110002
121109  40.493  -0.979  23.718 0.5555559993
119633  40.049  -1.322  23.646 0.5555559993
119635  38.873  -1.791  23.424 0.5555559993
121112  38.558  -1.386  23.053 0.5555559993
122566  34.732  -0.443  24.286 0.6666669846
122548  34.439  -0.186  24.760 0.6666669846
123970  35.173  0.428  24.355 0.6666669846
119646  37.603  -1.416  22.905 0.6666669846
122582  36.057  -0.550  23.123 0.6666669846
121115  35.064  -1.065  23.793 0.6666669846
123987  35.439  0.270  23.846 0.6666669846
122600  36.480  -0.525  22.918 0.6666669846
122583  35.458  -0.385  23.607 0.6666669846
125271  37.594  1.390  28.833 0.1111110002
123969  41.305  0.313  23.808 0.4444440007
123983  40.743  0.378  23.524 0.4444440007
122579  40.885  -0.283  23.778 0.5555559993
122580  40.306  -0.266  23.452 0.5555559993
122581  39.740  -0.169  23.101 0.5555559993
121122  38.752  -0.771  22.871 0.6666669846
122596  39.087  -0.028  22.798 0.5555559993
122597  38.295  -0.217  22.679 0.6666669846
121124  37.299  -0.992  22.813 0.6666669846
124005  36.441  0.002  22.943 0.6666669846
125379  36.037  1.163  23.450 0.6666669846
125376  41.299  0.995  23.449 0.3333329856
123984  40.173  0.393  23.223 0.5555559993
125380  35.624  1.071  23.953 0.6666669846
125377  40.638  1.040  23.139 0.4444440007
123985  39.649  0.480  22.938 0.5555559993
124002  38.567  0.539  22.596 0.6666669846
124003  37.791  0.428  22.627 0.6666669846
122599  36.886  -0.451  22.788 0.6666669846
125374  42.312  1.491  23.736 0.3333329856
126732  42.294  1.720  23.172 0.3333329856
126733  41.750  1.558  23.049 0.3333329856
126734  41.226  1.451  22.980 0.3333329856
126736  35.841  1.984  23.512 0.6666669846
126750  42.928  1.813  22.697 0.3333329856
126751  42.300  1.668  22.515 0.3333329856
126752  41.633  1.702  22.447 0.3333329856
125384  40.264  1.300  22.812 0.4444440007
126755  39.443  1.748  22.329 0.6666669846
125388  37.224  1.123  22.652 0.6666669846
126758  36.520  1.971  22.850 0.6666669846
126735  36.232  1.509  23.231 0.6666669846
126756  38.558  2.036  22.249 0.6666669846
125387  38.097  1.218  22.510 0.6666669846
126757  37.536  1.968  22.431 0.6666669846
129398  35.855  3.963  25.169 0.6666669846
130777  36.055  4.480  24.040 0.5555559993
130770  35.777  4.080  24.169 0.6666669846
129399  35.604  3.634  24.591 0.6666669846
128078  38.397  3.019  21.620 0.6666669846
128080  36.991  3.614  22.210 0.6666669846
130788  36.000  4.031  23.374 0.5555559993
126788  44.229  1.901  21.651 0.2222220004
126790  42.875  1.792  21.293 0.4444440007
128074  41.205  2.035  21.231 0.5555559993
128076  39.916  2.405  21.375 0.6666669846
128062  38.421  2.572  21.995 0.6666669846
129419  36.410  3.771  22.716 0.6666669846
128053  35.744  2.928  23.360 0.6666669846
126749  43.606  1.980  22.889 0.2222220004
126769  42.924  1.693  21.994 0.3333329856
126773  40.039  2.093  21.978 0.6666669846
128065  36.205  3.027  22.879 0.6666669846
132204  36.856  5.456  23.873 0.5555559993
132215  36.575  5.053  23.302 0.4444440007
129440  47.444  3.044  20.998 0.2222220004
128092  45.800  2.247  21.503 0.2222220004
129427  37.897  3.679  21.494 0.6666669846
130806  37.097  4.728  22.084 0.5555559993
132236  37.365  5.356  22.067 0.5555559993
129439  48.226  3.313  21.300 0.1111110002
128093  45.233  2.231  21.121 0.2222220004
126805  43.529  2.005  20.777 0.4444440007
128094  41.151  2.216  20.826 0.5555559993
128096  39.742  2.755  20.731 0.6666669846
129442  38.652  3.771  20.715 0.6666669846
129443  38.184  4.028  21.048 0.6666669846
129451  45.883  2.939  20.030 0.2222220004
128124  44.854  2.621  19.852 0.3333329856
128110  43.468  2.282  20.103 0.4444440007
128112  42.072  2.447  19.988 0.5555559993
128115  39.645  3.280  20.104 0.5555559993
133630  37.367  5.831  22.911 0.5555559993
130818  49.605  4.207  21.475 0.1111110002
130804  49.286  3.824  21.711 0.1111110002
133642  37.829  5.791  21.923 0.5555559993
132279  50.240  4.625  20.140 0.1111110002
130829  47.957  3.727  20.082 0.1111110002
129449  47.263  3.307  20.331 0.1111110002
129450  46.470  3.009  20.287 0.2222220004
129453  38.938  4.114  20.341 0.5555559993
130833  38.499  4.997  20.750 0.5555559993
130862  50.410  4.547  18.947 0.2222220004
130828  48.788  4.020  20.343 0.1111110002
129461  46.271  3.254  19.582 0.2222220004
129463  44.827  3.008  19.247 0.4444440007
128126  43.349  2.567  19.484 0.5555559993
128143  41.873  3.242  18.837 0.5555559993
128130  40.381  3.390  19.572 0.5555559993
130831  39.365  4.500  20.011 0.5555559993
132297  51.712  4.676  19.162 0.2222220004
130861  51.116  4.466  18.693 0.2222220004
130863  49.533  4.541  18.929 0.1111110002
130865  47.887  4.183  18.744 0.2222220004
130845  46.312  3.483  19.116 0.2222220004
129478  45.421  3.350  18.882 0.4444440007
129481  43.188  3.385  18.388 0.5555559993
129466  40.424  3.979  19.282 0.5555559993
130846  40.240  4.577  19.293 0.5555559993
129493  42.972  3.807  18.171 0.5555559993
133628  38.331  6.231  22.179 0.4444440007
132250  38.302  5.236  21.027 0.5555559993
132263  39.233  5.036  20.233 0.5555559993
132308  52.680  4.543  18.303 0.1111110002
130883  51.236  4.283  18.000 0.2222220004
130886  48.917  4.383  18.156 0.2222220004
130888  47.360  4.345  18.020 0.2222220004
130890  45.690  4.263  17.875 0.3333329856
130868  45.245  3.761  18.292 0.5555559993
130870  43.740  3.828  18.168 0.5555559993
129483  41.877  3.889  18.510 0.5555559993
129485  40.705  4.405  19.063 0.5555559993
132301  40.416  4.996  19.177 0.4444440007
133704  55.167  5.779  17.370 0.1111110002
130899  52.927  4.281  16.994 0.1111110002
130904  49.080  4.227  17.409 0.2222220004
130907  46.966  4.607  17.462 0.3333329856
130892  44.177  4.428  17.884 0.5555559993
130894  42.561  4.652  17.975 0.5555559993
130873  41.054  4.685  18.819 0.4444440007
132300  40.826  5.124  18.976 0.4444440007
130898  53.648  4.470  16.829 0.1111110002
130901  51.400  4.136  17.257 0.2222220004
130917  48.498  4.363  16.600 0.2222220004
132320  46.983  4.830  16.970 0.3333329856
132321  46.403  4.899  17.097 0.4444440007
132328  54.239  5.105  15.876 0.1111110002
135180  40.842  7.006  21.273 0.3333329856
135181  40.081  6.720  21.193 0.3333329856
135164  38.879  6.347  21.765 0.3333329856
133670  40.313  6.144  19.995 0.4444440007
135194  39.917  6.344  20.569 0.4444440007
135182  39.366  6.343  21.154 0.4444440007
135217  41.671  6.433  19.045 0.4444440007
133683  41.150  6.201  19.242 0.4444440007
133685  40.077  5.685  19.655 0.4444440007
133672  39.229  5.571  20.445 0.4444440007
133708  41.928  5.633  18.295 0.5555559993
133698  41.523  5.928  18.754 0.4444440007
133699  40.976  5.659  19.003 0.4444440007
132332  46.158  5.325  16.676 0.5555559993
132323  44.951  5.384  17.242 0.5555559993
132313  43.016  5.260  17.809 0.5555559993
132314  42.322  5.215  18.015 0.5555559993
132299  41.397  5.241  18.626 0.4444440007
135257  54.738  7.038  14.164 0.1111110002
133731  54.785  6.153  15.189 0.1111110002
132339  53.545  4.963  15.054 0.1111110002
130924  52.352  4.315  15.507 0.2222220004
130915  49.981  4.106  16.603 0.2222220004
132331  46.645  5.286  16.442 0.5555559993
136701  55.338  7.278  15.149 0.1111110002
133722  55.171  6.215  16.173 0.1111110002
135192  41.474  7.027  20.625 0.3333329856
135162  40.246  6.949  21.946 0.3333329856
135216  42.212  6.925  19.135 0.4444440007
135205  41.456  6.671  19.748 0.4444440007
135228  44.426  6.724  17.121 0.4444440007
135222  43.415  6.836  17.728 0.5555559993
133707  42.582  5.917  18.012 0.5555559993
133725  45.354  6.203  16.715 0.5555559993
133716  44.461  6.047  17.226 0.5555559993
133706  43.426  6.139  17.624 0.5555559993
133741  54.334  5.895  14.608 0.1111110002
130934  52.362  4.547  14.804 0.2222220004
130926  50.846  4.152  15.795 0.2222220004
130928  49.321  4.335  15.825 0.2222220004
132342  47.539  5.182  15.962 0.4444440007
133736  46.424  5.990  16.033 0.5555559993
138164  55.418  8.739  13.618 0.1111110002
135262  54.513  7.176  13.585 0.1111110002
132347  53.792  5.633  14.214 0.2222220004
132349  52.435  4.830  14.270 0.2222220004
132351  51.048  4.721  14.368 0.2222220004
132353  49.408  4.742  15.097 0.3333329856
132341  48.427  4.854  15.623 0.4444440007
133735  46.888  5.752  15.868 0.5555559993
138187  55.482  8.660  12.134 0.2222220004
138172  55.391  8.685  12.849 0.2222220004
135263  54.080  6.842  13.232 0.2222220004
132358  53.670  5.872  13.805 0.2222220004
132360  52.536  5.226  13.771 0.2222220004
132362  51.164  5.238  13.801 0.2222220004
132352  50.187  4.991  14.466 0.2222220004
138227  54.986  8.182  10.962 0.4444440007
138208  54.451  7.900  11.663 0.3333329856
136736  54.389  7.677  12.433 0.3333329856
136737  53.841  7.433  12.220 0.4444440007
136696  44.856  7.256  16.811 0.4444440007
136706  46.825  7.293  15.699 0.4444440007
136694  45.993  7.250  16.161 0.4444440007
133744  48.873  5.314  15.053 0.4444440007
135244  47.960  6.601  15.302 0.4444440007
135245  47.180  6.546  15.499 0.4444440007
133762  53.197  6.200  13.091 0.3333329856
132375  51.909  5.423  13.346 0.3333329856
132376  51.499  5.365  13.503 0.3333329856
132363  50.721  5.143  14.097 0.3333329856
133743  49.397  5.629  14.708 0.3333329856
133733  48.390  5.872  15.142 0.4444440007
138189  54.388  7.753  12.174 0.4444440007
135282  53.227  6.785  12.539 0.3333329856
133764  51.968  5.834  12.901 0.3333329856
133765  51.075  5.831  13.130 0.4444440007
133752  50.516  5.673  13.782 0.4444440007
133742  49.820  6.028  14.246 0.3333329856
138228  54.154  7.905  10.839 0.4444440007
136755  53.743  7.730  11.393 0.4444440007
136703  48.948  7.403  14.987 0.4444440007
138154  47.899  7.952  15.645 0.4444440007
135251  49.661  6.668  14.210 0.4444440007
135252  49.276  6.691  14.670 0.4444440007
135243  48.669  6.710  14.996 0.4444440007
136738  52.895  7.213  11.950 0.4444440007
136739  52.137  7.294  11.957 0.4444440007
133783  51.509  6.226  12.538 0.4444440007
135265  50.819  6.326  12.661 0.4444440007
135259  49.894  6.524  13.646 0.4444440007
138229  53.459  7.903  10.591 0.4444440007
136774  53.234  7.769  11.076 0.4444440007
136756  53.166  7.564  11.531 0.4444440007
138248  53.196  8.216  9.897 0.4444440007
141044  50.025  9.628  16.547 0.1111110002
139634  49.666  9.053  15.126 0.2222220004
139628  49.507  9.013  16.017 0.3333329856
139640  49.490  9.154  14.387 0.2222220004
138152  49.212  8.317  15.281 0.4444440007
139629  48.872  8.562  15.886 0.4444440007
138161  49.458  8.363  14.600 0.4444440007
138153  48.592  8.016  15.528 0.4444440007
136718  49.817  7.467  13.327 0.4444440007
136712  49.587  7.412  14.231 0.4444440007
136713  49.302  7.321  14.676 0.4444440007
136758  51.705  7.750  11.621 0.4444440007
136740  51.444  7.370  12.010 0.4444440007
135286  50.474  7.293  12.404 0.4444440007
139724  52.864  9.404  8.744 0.3333329856
138265  52.504  9.111  9.189 0.4444440007
138249  52.263  8.704  9.769 0.4444440007
138231  51.628  8.660  10.625 0.4444440007
136741  50.758  7.730  12.022 0.4444440007
135285  51.002  6.800  12.355 0.4444440007
141046  50.594  10.094  16.242 0.1111110002
141047  50.122  9.781  15.627 0.1111110002
142490  49.651  10.639  14.473 0.1111110002
141056  49.417  9.904  14.169 0.2222220004
143987  49.488  10.984  12.646 0.2222220004
141062  49.261  9.928  12.978 0.2222220004
138166  49.482  8.447  13.731 0.3333329856
141081  50.167  10.049  11.360 0.2222220004
141068  49.450  10.099  12.440 0.2222220004
139648  49.280  9.342  13.232 0.2222220004
138174  49.722  8.204  12.934 0.4444440007
141098  50.426  10.563  11.110 0.2222220004
139657  49.853  9.055  12.030 0.3333329856
138191  50.047  8.352  12.173 0.4444440007
139744  53.349  9.736  8.267 0.3333329856
139726  52.041  10.116  9.539 0.1111110002
139709  51.792  9.523  9.710 0.2222220004
139692  51.023  9.289  10.673 0.2222220004
138232  51.116  8.810  10.974 0.4444440007
138190  50.548  8.193  11.808 0.4444440007
136742  50.304  7.724  12.272 0.4444440007
142487  50.517  10.646  15.720 0.1111110002
143967  50.304  11.082  15.367 0.1111110002
143972  50.088  11.484  14.857 0.1111110002
142488  50.094  10.579  15.131 0.1111110002
143976  49.550  11.389  13.818 0.1111110002
143977  49.309  10.864  13.560 0.1111110002
142497  49.753  10.668  12.022 0.2222220004
142521  50.749  10.878  10.974 0.2222220004
142522  50.473  10.877  11.193 0.2222220004
142520  51.350  10.859  10.493 0.2222220004
141097  50.738  10.150  10.789 0.2222220004
143962  51.229  11.719  16.353 0.1111110002
142485  51.049  10.860  16.497 0.1111110002
143966  50.677  11.577  15.648 0.1111110002
145455  50.496  12.663  14.658 0.1111110002
146875  50.638  13.096  13.139 0.1111110002
146876  50.302  12.836  13.495 0.1111110002
145460  50.029  12.360  13.123 0.1111110002
146885  51.367  13.016  11.943 0.1111110002
146880  51.044  13.071  12.346 0.1111110002
143981  49.570  11.492  13.034 0.1111110002
145467  51.976  12.683  11.170 0.1111110002
145480  51.796  12.203  10.977 0.1111110002
145469  50.555  11.940  11.738 0.1111110002
143991  50.209  11.467  11.751 0.2222220004
143986  49.823  11.550  12.425 0.2222220004
144024  52.363  11.821  10.190 0.1111110002
141109  52.132  10.663  9.684 0.2222220004
141110  51.797  10.443  9.903 0.2222220004
148107  50.837  13.411  13.694 0.1111110002
139638  56.500  9.594  14.186 0.1111110002
141049  57.116  9.342  14.428 0.1111110002
141060  57.357  9.940  12.994 0.1111110002
138207  55.204  8.343  11.646 0.3333329856
139646  56.362  9.636  13.449 0.1111110002
86054  11.676  -19.782  50.829 0.1111110002
86055  10.938  -19.982  50.764 0.1111110002
86095  12.416  -20.079  49.078 0.1111110002
84446  14.315  -20.867  46.443 0.5555559993
82794  16.989  -21.786  46.176 0.5555559993
82814  17.500  -21.782  45.757 0.5555559993
82816  16.093  -21.392  45.741 0.6666669846
81254  19.835  -21.817  46.545 0.2222220004
81240  19.304  -21.930  47.059 0.4444440007
81252  20.895  -21.589  46.955 0.2222220004
98785  27.730  -13.355  38.274 0.2222220004
94169  15.587  -15.359  43.902 0.2222220004
98809  28.241  -13.388  37.809 0.2222220004
100449  28.934  -13.363  37.637 0.2222220004
115118  35.838  -5.289  32.605 0.1111110002
118045  35.640  -3.148  31.783 0.1111110002
116499  35.681  -4.405  32.529 0.1111110002
121078  31.229  -1.128  26.326 0.6666669846
82782  14.272  -20.963  47.543 0.2222220004
115268  33.041  -4.076  25.841 0.7777780294
93985  4.983  -15.328  53.640 0.4444440007
93998  5.296  -15.310  53.069 0.4444440007
95503  5.741  -14.629  53.103 0.4444440007
98721  27.386  -13.523  40.570 0.1111110002
98760  27.116  -13.351  38.949 0.2222220004
122551  32.765  -0.866  25.408 0.6666669846
129391  36.124  3.736  25.692 0.6666669846
129271  32.609  4.205  32.160 0.1111110002
98759  27.849  -13.487  39.066 0.1111110002
125253  37.287  1.830  29.339 0.1111110002
129404  35.655  3.561  23.815 0.6666669846
86022  12.174  -19.471  52.310 0.1111110002
93975  4.947  -15.151  54.154 0.2222220004
95492  5.295  -14.644  54.009 0.2222220004
97035  6.207  -14.164  52.954 0.2222220004
86005  14.027  -19.504  53.300 0.1111110002
86020  13.664  -19.610  52.470 0.1111110002
84346  14.572  -20.216  51.560 0.1111110002
86037  13.338  -19.713  51.735 0.1111110002
86066  12.919  -19.887  50.238 0.1111110002
86067  12.197  -19.858  50.182 0.1111110002
84328  16.313  -20.527  52.644 0.1111110002
82720  16.026  -20.972  50.987 0.1111110002
84359  15.457  -20.609  51.275 0.1111110002
84361  14.285  -20.244  51.069 0.1111110002
84375  15.170  -20.620  50.787 0.1111110002
84377  13.934  -20.268  50.378 0.1111110002
84392  14.389  -20.534  49.831 0.1111110002
84393  13.795  -20.311  49.610 0.1111110002
84394  13.198  -20.131  49.553 0.1111110002
82719  16.898  -21.358  50.667 0.1111110002
82718  17.722  -21.657  50.303 0.1111110002
82748  16.336  -21.537  49.034 0.1111110002
82781  14.744  -21.127  47.821 0.1111110002
82796  15.785  -21.434  46.500 0.5555559993
81191  21.677  -21.937  49.538 0.2222220004
81177  21.825  -22.098  50.258 0.2222220004
81192  20.925  -21.991  49.414 0.2222220004
81179  20.373  -22.043  50.021 0.1111110002
81166  19.772  -22.004  50.628 0.1111110002
81223  20.628  -21.778  48.128 0.2222220004
81194  19.584  -21.870  49.079 0.2222220004
81181  18.972  -21.799  49.543 0.1111110002
82717  18.433  -21.762  49.980 0.1111110002
82732  18.482  -21.777  49.523 0.1111110002
94192  24.808  -15.063  41.848 0.4444440007
82764  16.561  -21.830  47.962 0.2222220004
82779  16.350  -21.764  46.985 0.3333329856
97206  25.524  -14.008  42.435 0.2222220004
81209  19.509  -21.910  48.400 0.3333329856
81225  19.416  -21.945  47.731 0.3333329856
81196  18.405  -21.906  48.710 0.2222220004
81210  18.886  -21.957  48.222 0.3333329856
81212  17.743  -21.925  47.771 0.4444440007
81228  17.611  -21.916  47.225 0.5555559993
81229  17.000  -21.907  47.174 0.5555559993
98677  26.581  -13.372  42.657 0.1111110002
97214  25.734  -13.651  42.152 0.1111110002
98662  27.351  -13.260  43.177 0.1111110002
98675  27.791  -13.271  42.649 0.1111110002
98631  31.141  -13.251  45.322 0.1111110002
98689  27.648  -13.406  42.011 0.1111110002
98670  31.186  -13.165  43.304 0.1111110002
101972  32.080  -12.334  42.223 0.1111110002
100300  31.312  -13.089  42.763 0.1111110002
98671  30.658  -13.388  43.008 0.1111110002
94151  16.694  -15.653  44.679 0.1111110002
101994  32.330  -11.607  40.354 0.1111110002
101995  31.931  -12.226  40.873 0.1111110002
98687  28.917  -13.640  42.158 0.1111110002
98700  29.493  -13.759  41.520 0.1111110002
98702  28.105  -13.741  41.429 0.1111110002
100399  31.110  -12.341  38.978 0.1111110002
98719  28.780  -13.899  40.673 0.1111110002
98720  28.089  -13.833  40.718 0.1111110002
100383  30.004  -13.459  40.214 0.1111110002
100401  29.966  -13.305  39.401 0.1111110002
98738  29.375  -13.637  40.015 0.1111110002
98739  28.666  -13.747  39.921 0.1111110002
100422  29.047  -13.415  38.275 0.1111110002
115267  33.842  -4.573  25.899 0.7777780294
116692  34.188  -3.674  24.796 0.6666669846
116694  32.972  -3.035  25.235 0.6666669846
116708  34.123  -3.176  24.587 0.6666669846
116693  33.624  -3.129  24.880 0.6666669846
118195  32.602  -2.482  25.417 0.6666669846
118210  34.176  -2.527  24.451 0.6666669846
116706  35.387  -3.519  24.359 0.6666669846
121090  32.713  -1.282  25.375 0.6666669846
121089  33.336  -1.218  25.039 0.6666669846
119625  34.656  -1.746  24.055 0.6666669846
119626  34.145  -1.812  24.393 0.6666669846
122529  33.757  0.044  25.380 0.6666669846
118202  40.534  -2.504  24.589 0.5555559993
119622  39.346  -2.160  23.898 0.5555559993
118204  39.010  -2.854  24.224 0.6666669846
118205  38.313  -2.915  23.942 0.6666669846
116702  38.633  -3.248  24.275 0.6666669846
119623  38.598  -2.351  23.753 0.5555559993
118218  36.483  -2.509  23.539 0.6666669846
119638  36.201  -1.689  23.257 0.6666669846
119637  36.965  -2.010  23.241 0.6666669846
118219  35.712  -2.278  23.649 0.6666669846
119640  35.058  -1.624  23.748 0.6666669846
121101  34.179  -1.125  24.457 0.6666669846
122567  34.287  -0.543  24.617 0.6666669846
119648  36.734  -1.592  23.095 0.6666669846
121113  36.121  -1.112  23.140 0.6666669846
121110  39.833  -0.898  23.333 0.5555559993
121121  39.326  -0.627  23.026 0.5555559993
122598  37.548  -0.341  22.706 0.6666669846
121125  36.602  -1.075  22.955 0.6666669846
122565  35.125  -0.112  23.959 0.6666669846
123986  35.898  0.357  23.389 0.6666669846
125378  40.064  0.881  23.003 0.5555559993
125385  39.660  1.153  22.730 0.5555559993
124001  39.177  0.672  22.731 0.6666669846
124004  37.040  0.275  22.731 0.6666669846
125389  36.463  0.912  23.012 0.6666669846
126753  40.848  1.674  22.585 0.3333329856
126759  35.998  2.460  23.081 0.6666669846
126770  42.216  1.691  21.834 0.3333329856
126772  40.636  1.944  22.061 0.4444440007
126754  40.147  1.682  22.460 0.4444440007
125386  38.918  1.228  22.540 0.6666669846
128063  37.909  2.626  22.112 0.6666669846
129390  36.716  3.785  26.190 0.4444440007
130769  36.040  4.475  24.748 0.6666669846
130778  35.898  4.050  23.641 0.5555559993
130787  36.180  4.325  23.302 0.5555559993
128098  38.409  3.528  21.148 0.6666669846
128097  38.987  3.205  20.853 0.6666669846
128077  39.176  2.678  21.390 0.6666669846
128064  36.984  2.879  22.397 0.6666669846
129429  36.838  4.220  22.269 0.5555559993
128079  37.556  3.278  21.919 0.6666669846
129412  35.963  3.702  23.181 0.5555559993
129420  36.168  3.499  22.913 0.6666669846
129411  36.151  3.947  23.046 0.5555559993
126803  44.717  2.076  21.206 0.2222220004
126804  44.205  2.035  20.982 0.3333329856
126767  44.278  1.888  22.336 0.2222220004
126789  43.571  1.810  21.470 0.3333329856
126806  42.828  2.043  20.631 0.4444440007
126791  42.177  1.882  21.150 0.5555559993
126768  43.599  1.797  22.180 0.2222220004
126771  41.378  1.859  21.705 0.4444440007
128095  40.520  2.463  20.752 0.6666669846
128075  40.688  2.121  21.418 0.5555559993
126774  39.321  2.263  21.887 0.6666669846
132223  37.014  5.265  22.557 0.5555559993
130797  36.655  4.691  22.614 0.5555559993
129441  46.872  2.916  20.768 0.2222220004
128090  47.543  2.805  21.661 0.2222220004
129448  47.857  3.445  20.676 0.1111110002
128106  46.334  2.681  20.914 0.2222220004
128091  46.766  2.579  21.410 0.2222220004
130805  37.697  4.362  21.468 0.6666669846
129428  37.299  3.967  21.863 0.6666669846
130807  36.834  4.550  22.310 0.5555559993
132235  37.755  5.121  21.531 0.5555559993
130820  48.371  3.687  20.694 0.1111110002
128108  44.930  2.307  20.572 0.2222220004
128107  45.730  2.590  20.639 0.2222220004
126807  42.180  2.144  20.533 0.4444440007
128113  41.261  2.555  20.112 0.5555559993
128114  40.419  2.860  20.068 0.6666669846
128116  39.092  3.627  20.364 0.5555559993
130821  38.520  4.251  20.687 0.5555559993
129462  45.521  3.050  19.544 0.3333329856
128140  43.807  2.815  19.064 0.5555559993
128125  44.128  2.612  19.544 0.3333329856
128127  42.653  2.644  19.415 0.5555559993
128109  44.201  2.252  20.273 0.3333329856
128111  42.760  2.360  20.024 0.5555559993
128129  41.125  3.069  19.370 0.5555559993
128128  41.919  2.781  19.394 0.5555559993
129452  39.403  3.885  19.941 0.5555559993
132248  50.067  4.525  21.345 0.1111110002
130827  49.490  4.312  20.817 0.1111110002
130803  49.949  3.943  22.029 0.1111110002
130819  48.951  3.868  21.135 0.1111110002
133659  38.123  5.602  21.399 0.5555559993
130841  49.411  4.448  19.870 0.1111110002
130830  47.309  3.582  19.752 0.1111110002
129460  46.840  3.359  19.830 0.2222220004
130832  38.779  4.685  20.501 0.5555559993
132264  38.798  5.191  20.610 0.5555559993
130840  50.082  4.583  19.555 0.2222220004
130842  48.406  4.107  19.534 0.1111110002
130843  47.598  3.855  19.309 0.2222220004
129477  45.944  3.383  19.135 0.4444440007
129464  44.303  2.969  18.986 0.5555559993
128141  43.256  2.883  18.909 0.5555559993
128144  41.360  3.545  18.905 0.5555559993
128142  42.562  3.022  18.846 0.5555559993
129467  39.821  4.209  19.584 0.5555559993
130847  39.783  4.659  19.620 0.5555559993
130884  50.490  4.342  18.088 0.2222220004
130864  48.715  4.359  18.892 0.2222220004
130866  47.076  3.997  18.603 0.2222220004
130887  48.131  4.333  18.095 0.2222220004
130844  46.813  3.608  19.240 0.2222220004
130867  46.154  3.737  18.582 0.3333329856
129479  44.718  3.334  18.670 0.5555559993
129480  43.947  3.226  18.556 0.5555559993
129482  42.508  3.544  18.458 0.5555559993
130893  43.288  4.367  17.915 0.5555559993
133641  38.407  5.991  21.597 0.4444440007
133657  39.039  5.886  20.889 0.4444440007
133686  39.621  5.376  19.946 0.4444440007
130882  52.069  4.361  18.001 0.1111110002
130881  52.858  4.394  17.840 0.1111110002
130902  50.618  4.133  17.324 0.2222220004
130905  48.338  4.357  17.411 0.2222220004
130885  49.713  4.395  18.154 0.2222220004
130889  46.517  4.417  17.890 0.4444440007
130869  44.468  3.826  18.243 0.5555559993
130891  44.928  4.333  17.873 0.5555559993
129495  42.145  4.370  18.222 0.5555559993
132305  54.864  5.369  17.346 0.1111110002
132318  54.761  5.481  16.448 0.1111110002
132306  54.225  4.719  17.511 0.1111110002
130900  52.182  4.178  17.155 0.1111110002
130912  52.277  4.166  16.319 0.1111110002
130916  49.248  4.182  16.653 0.2222220004
130903  49.850  4.164  17.387 0.2222220004
130906  47.570  4.538  17.333 0.2222220004
132310  45.302  4.814  17.469 0.5555559993
132309  45.922  4.725  17.436 0.4444440007
132312  43.946  5.318  17.627 0.5555559993
132311  44.640  4.943  17.569 0.5555559993
132315  41.867  5.080  18.274 0.5555559993
132319  54.310  4.877  16.662 0.1111110002
130911  53.013  4.379  16.157 0.1111110002
130910  53.696  4.684  16.036 0.1111110002
130914  50.750  4.100  16.554 0.2222220004
130913  51.513  4.107  16.456 0.2222220004
130918  47.918  4.545  16.832 0.3333329856
132330  47.375  4.911  16.569 0.3333329856
132322  45.673  5.326  16.972 0.4444440007
132338  54.087  5.351  15.046 0.1111110002
132327  54.647  5.615  15.648 0.1111110002
135193  40.701  6.627  20.442 0.4444440007
135195  39.440  6.032  20.625 0.4444440007
133671  39.743  5.886  20.175 0.4444440007
135206  40.854  6.310  19.769 0.4444440007
133697  42.100  6.311  18.528 0.4444440007
133715  45.151  5.827  16.964 0.5555559993
133714  45.557  5.835  16.765 0.5555559993
133724  46.011  5.948  16.387 0.5555559993
132324  44.508  5.422  17.416 0.5555559993
133705  43.949  5.929  17.463 0.5555559993
136710  55.610  8.126  15.012 0.1111110002
138160  55.231  8.037  14.197 0.1111110002
133740  54.617  6.445  14.433 0.1111110002
135250  55.003  6.911  14.867 0.1111110002
132348  53.218  5.053  14.460 0.2222220004
130923  53.114  4.628  15.255 0.2222220004
130925  51.599  4.174  15.656 0.2222220004
130935  51.673  4.408  14.918 0.2222220004
130927  50.131  4.167  15.902 0.2222220004
132329  47.919  4.723  16.287 0.4444440007
130929  48.834  4.335  16.135 0.2222220004
133723  46.457  5.715  16.134 0.5555559993
135223  42.853  6.860  18.213 0.3333329856
135229  43.933  6.774  17.390 0.5555559993
136688  44.012  7.327  17.493 0.4444440007
133726  44.961  6.199  16.942 0.5555559993
135236  44.902  6.724  16.844 0.5555559993
135235  45.569  6.683  16.426 0.4444440007
133749  54.115  6.231  13.849 0.2222220004
132350  51.759  4.746  14.296 0.2222220004
130936  50.906  4.343  15.018 0.2222220004
130937  50.184  4.372  15.248 0.2222220004
132340  48.989  4.658  15.412 0.3333329856
133734  47.693  5.775  15.473 0.4444440007
135234  45.996  6.621  16.179 0.5555559993
135246  46.441  6.574  15.909 0.4444440007
138165  55.206  8.250  13.878 0.1111110002
138173  54.982  8.206  13.269 0.1111110002
139639  55.915  9.228  13.967 0.1111110002
139647  55.840  9.218  13.181 0.1111110002
136717  54.879  7.719  13.828 0.1111110002
132359  53.192  5.645  13.646 0.2222220004
132361  51.880  5.091  13.806 0.2222220004
139655  56.345  9.533  12.706 0.1111110002
138188  54.817  8.115  12.398 0.4444440007
136722  54.446  7.536  12.965 0.3333329856
135281  53.746  6.972  12.749 0.3333329856
133761  53.731  6.358  13.308 0.2222220004
132374  52.516  5.638  13.289 0.3333329856
136695  45.257  7.338  16.558 0.4444440007
136707  46.429  7.173  15.930 0.4444440007
138156  46.735  7.833  15.936 0.4444440007
136705  47.541  7.304  15.447 0.4444440007
135253  48.925  6.048  14.910 0.4444440007
133781  52.772  6.364  12.614 0.3333329856
135283  52.513  6.773  12.278 0.4444440007
135284  51.801  6.777  12.244 0.4444440007
135266  50.314  6.661  12.817 0.4444440007
133766  50.393  6.113  13.299 0.4444440007
136702  49.347  7.759  14.784 0.4444440007
136704  48.263  7.350  15.282 0.4444440007
135242  48.957  6.947  14.853 0.4444440007
138155  47.219  7.906  15.747 0.4444440007
136757  52.448  7.710  11.428 0.4444440007
138230  52.578  8.041  10.759 0.4444440007
138209  52.318  7.928  11.131 0.4444440007
138264  53.105  8.694  9.062 0.4444440007
141051  49.768  9.848  14.811 0.1111110002
138141  48.244  8.518  16.009 0.4444440007
138211  51.043  8.341  11.444 0.4444440007
138210  51.941  8.043  11.161 0.4444440007
136724  50.065  7.597  12.628 0.4444440007
139708  52.169  9.231  9.419 0.4444440007
138250  51.754  9.006  10.061 0.4444440007
141057  49.213  9.915  13.571 0.2222220004
139641  49.316  9.284  13.777 0.2222220004
138167  49.346  8.960  13.463 0.3333329856
141067  49.762  9.677  11.949 0.3333329856
139658  49.490  9.214  12.529 0.3333329856
138192  49.597  8.610  12.653 0.3333329856
141080  50.540  9.476  11.055 0.4444440007
139675  50.265  9.017  11.550 0.4444440007
141096  51.292  9.919  10.238 0.2222220004
145456  50.070  12.316  14.180 0.1111110002
143990  50.692  11.716  11.498 0.1111110002
144005  51.068  11.537  11.080 0.1111110002
145452  50.753  12.410  15.229 0.1111110002
146871  50.181  12.677  13.710 0.1111110002
145463  50.525  12.686  12.516 0.1111110002
145468  51.106  12.389  11.618 0.1111110002
145464  50.296  12.124  12.146 0.1111110002
144004  51.705  11.667  10.682 0.1111110002
145481  51.405  11.959  11.073 0.1111110002
142539  52.090  11.065  9.921 0.1111110002
144025  51.837  11.277  10.274 0.1111110002
141055  56.905  9.876  13.633 0.1111110002
138159  55.558  8.509  14.453 0.1111110002
82587  1.853  -21.891  56.631 0.1111110002
92506  4.531  -16.051  53.568 0.2222220004
93976  4.638  -15.395  54.485 0.1111110002
93986  4.680  -15.562  53.990 0.1111110002
95479  5.044  -14.742  54.594 0.1111110002
95610  16.367  -14.513  46.766 0.1111110002
97143  15.922  -14.053  46.915 0.1111110002
97126  15.109  -13.697  47.090 0.1111110002
95626  16.107  -14.567  46.023 0.1111110002
95611  15.892  -14.212  46.466 0.1111110002
95627  15.536  -14.174  46.026 0.1111110002
94137  16.307  -15.015  45.295 0.1111110002
87830  24.296  -18.894  46.082 0.3333329856
87848  24.131  -18.626  45.209 0.3333329856
89563  24.469  -17.995  44.575 0.3333329856
98456  6.551  -13.282  54.235 0.1111110002
97076  16.290  -13.677  49.725 0.1111110002
97109  15.897  -13.685  47.959 0.1111110002
97093  16.132  -13.601  48.754 0.1111110002
95598  16.771  -14.609  47.565 0.1111110002
97125  15.590  -13.771  47.308 0.1111110002
98587  14.245  -13.386  47.354 0.1111110002
97147  13.694  -13.606  46.601 0.1111110002
94123  16.667  -15.068  46.116 0.1111110002
98524  15.600  -13.247  49.224 0.1111110002
98525  14.942  -12.856  49.566 0.1111110002
98545  14.874  -13.064  48.686 0.1111110002
98567  14.182  -13.128  48.145 0.1111110002
98588  13.578  -13.145  47.595 0.1111110002
97128  12.576  -13.248  47.164 0.1111110002
97149  11.552  -14.018  46.495 0.1111110002
98589  12.796  -13.055  47.550 0.1111110002
113884  37.768  -5.119  28.754 0.3333329856
115211  37.642  -5.088  28.120 0.3333329856
115230  36.858  -5.066  27.499 0.3333329856
113953  35.355  -5.204  26.642 0.4444440007
113939  34.800  -5.235  27.067 0.5555559993
113941  33.553  -4.992  27.153 0.5555559993
115228  38.019  -4.963  27.708 0.3333329856
115229  37.351  -5.050  27.692 0.3333329856
116640  38.521  -4.723  27.335 0.2222220004
116673  37.165  -4.734  25.877 0.4444440007
115263  37.048  -4.945  26.421 0.5555559993
115265  35.366  -4.970  25.973 0.5555559993
113955  34.198  -4.958  26.257 0.5555559993
115281  36.103  -4.689  25.518 0.5555559993
116639  39.346  -4.390  27.620 0.2222220004
118155  40.621  -3.428  26.170 0.2222220004
116654  39.848  -3.868  26.413 0.3333329856
116671  38.857  -4.037  25.704 0.3333329856
115291  35.911  -4.326  25.003 0.5555559993
118175  40.307  -3.355  25.613 0.2222220004
116688  38.054  -4.062  25.049 0.5555559993
116705  36.289  -3.925  24.509 0.5555559993
115292  35.545  -4.086  24.730 0.5555559993
118174  40.982  -3.087  25.739 0.2222220004
118189  41.422  -2.594  25.307 0.3333329856
118190  40.731  -2.876  25.156 0.4444440007
116686  39.496  -3.338  24.913 0.4444440007
118207  36.833  -3.173  23.986 0.5555559993
118208  35.951  -3.053  23.944 0.5555559993
118203  39.773  -2.610  24.355 0.4444440007
119608  42.044  -1.904  25.103 0.2222220004
119609  41.453  -2.228  24.935 0.2222220004
119619  41.728  -1.516  24.632 0.4444440007
121098  41.529  -1.067  24.313 0.4444440007
121099  40.923  -1.324  24.088 0.4444440007
122564  41.463  -0.326  24.056 0.3333329856
123968  41.843  0.295  24.061 0.2222220004
125367  42.690  1.275  24.256 0.1111110002
125369  41.670  0.781  23.804 0.2222220004
126729  44.422  2.166  23.754 0.1111110002
126731  42.874  1.932  23.517 0.2222220004
126747  45.044  2.064  23.104 0.1111110002
126766  44.927  1.946  22.441 0.1111110002
128071  47.711  2.598  22.256 0.1111110002
130760  36.707  4.542  25.786 0.4444440007
132188  37.284  5.311  25.529 0.4444440007
130768  36.449  4.762  25.247 0.4444440007
132196  36.711  5.276  24.772 0.4444440007
132195  37.233  5.605  25.056 0.3333329856
133610  37.299  5.842  24.354 0.3333329856
135132  38.430  6.599  23.220 0.2222220004
133618  37.871  6.224  23.174 0.2222220004
133619  37.372  5.912  23.591 0.3333329856
81038  2.534  -22.158  57.184 0.2222220004
81052  1.389  -22.066  56.357 0.1111110002
81068  1.340  -22.027  55.455 0.1111110002
113927  34.343  -5.197  27.575 0.5555559993
79530  1.499  -22.641  55.949 0.1111110002
92494  4.231  -15.831  54.530 0.1111110002
92507  4.236  -16.344  53.867 0.2222220004
95517  6.096  -14.588  52.479 0.3333329856
97163  13.381  -13.861  45.990 0.1111110002
98606  13.949  -13.493  46.932 0.1111110002
97127  14.678  -13.609  47.056 0.1111110002
97161  14.670  -13.895  46.235 0.1111110002
91035  24.814  -17.111  43.355 0.3333329856
113940  34.050  -5.075  26.883 0.5555559993
115266  34.626  -4.776  25.818 0.5555559993
115282  35.261  -4.474  25.267 0.5555559993
119620  41.215  -1.881  24.528 0.4444440007
118191  40.009  -3.117  24.898 0.4444440007
125375  41.886  1.269  23.548 0.2222220004
125368  42.108  0.937  23.973 0.2222220004
128073  46.289  2.245  22.001 0.1111110002
135146  38.256  6.379  22.734 0.4444440007
135145  38.873  6.588  22.517 0.3333329856
135163  39.506  6.682  21.860 0.2222220004
97015  5.405  -14.224  54.486 0.1111110002
116703  38.172  -3.509  24.352 0.5555559993
116687  38.941  -3.536  24.766 0.5555559993
97005  5.272  -14.167  54.973 0.1111110002
97124  16.209  -14.079  47.443 0.1111110002
98586  14.897  -13.499  47.422 0.1111110002
98544  15.460  -13.343  48.370 0.1111110002
98566  14.830  -13.294  47.942 0.1111110002
97148  12.816  -13.466  46.754 0.1111110002
113937  35.965  -5.231  27.164 0.3333329856
115264  36.113  -5.065  26.423 0.4444440007
115246  36.585  -5.073  27.055 0.3333329856
113954  34.724  -5.126  26.414 0.5555559993
113938  35.399  -5.278  27.197 0.3333329856
113926  34.956  -5.289  27.707 0.4444440007
115262  37.605  -4.887  26.710 0.3333329856
116656  38.131  -4.800  26.841 0.3333329856
116655  38.784  -4.439  26.642 0.2222220004
116672  37.847  -4.572  26.045 0.3333329856
115280  36.699  -4.840  25.867 0.5555559993
116670  39.589  -3.574  25.372 0.3333329856
116653  40.817  -3.624  26.736 0.2222220004
118154  41.197  -3.295  26.303 0.2222220004
116689  36.993  -4.426  25.258 0.5555559993
116690  36.331  -4.367  25.052 0.5555559993
116704  37.340  -3.771  24.456 0.5555559993
118173  41.624  -2.922  25.901 0.2222220004
118188  41.955  -2.496  25.570 0.1111110002
119593  42.905  -1.933  25.820 0.1111110002
119607  42.648  -1.542  25.288 0.2222220004
121097  42.058  -1.132  24.693 0.3333329856
122563  42.138  -0.365  24.423 0.2222220004
125361  43.147  1.047  24.729 0.1111110002
126730  43.678  2.094  23.620 0.1111110002
126748  44.319  2.068  23.025 0.1111110002
76528  19.703  -24.305  53.305 0.1111110002
92596  25.971  -16.108  45.275 0.1111110002
91017  25.469  -17.098  45.467 0.1111110002
89525  25.520  -18.296  47.938 0.1111110002
77966  23.867  -23.819  55.167 0.1111110002
92597  25.563  -16.472  44.729 0.1111110002
89542  25.078  -18.051  46.046 0.2222220004
87787  25.066  -18.985  48.399 0.2222220004
86064  24.558  -19.871  49.588 0.1111110002
82715  24.341  -20.712  51.177 0.1111110002
81124  24.256  -21.734  52.486 0.1111110002
79548  24.298  -22.592  53.848 0.1111110002
92607  25.422  -16.157  44.019 0.2222220004
91025  25.111  -17.091  44.340 0.2222220004
89543  24.676  -18.437  45.931 0.2222220004
86113  24.227  -19.559  47.384 0.2222220004
84390  24.130  -20.231  49.307 0.1111110002
84357  23.915  -20.750  50.325 0.1111110002
91026  24.735  -17.538  43.959 0.2222220004
95529  6.644  -14.528  51.536 0.1111110002
76487  21.055  -24.544  55.856 0.1111110002
75170  21.373  -24.997  54.964 0.1111110002
75146  22.247  -25.127  55.606 0.1111110002
81144  23.624  -21.730  51.571 0.1111110002
79563  23.893  -22.505  53.110 0.1111110002
84409  23.640  -20.337  48.194 0.1111110002
82730  23.371  -21.286  50.155 0.1111110002
81161  23.311  -21.695  50.936 0.1111110002
82743  23.284  -20.986  49.237 0.1111110002
95516  6.537  -14.396  52.066 0.1111110002
77934  21.473  -23.869  56.261 0.1111110002
76460  20.918  -24.023  56.500 0.1111110002
76459  21.747  -24.313  56.186 0.1111110002
75135  22.202  -24.693  55.963 0.1111110002
77949  22.526  -23.905  55.760 0.1111110002
77948  23.017  -23.893  55.497 0.1111110002
78003  22.725  -23.452  54.343 0.1111110002
77986  23.074  -23.597  54.763 0.1111110002
79564  23.026  -22.910  53.168 0.1111110002
79592  23.129  -22.240  51.976 0.1111110002
82744  22.650  -21.507  49.562 0.1111110002
77950  21.739  -23.838  56.027 0.1111110002
77987  22.298  -23.564  54.847 0.1111110002
79551  21.817  -23.215  53.893 0.1111110002
79550  22.574  -23.269  53.802 0.1111110002
79565  22.212  -23.078  53.209 0.1111110002
79580  22.559  -22.781  52.557 0.1111110002
81163  22.098  -22.238  50.889 0.1111110002
97047  7.607  -13.748  51.593 0.1111110002
110665  25.976  -6.905  40.653 0.2222220004
107526  29.695  -7.861  39.511 0.1111110002
107527  29.062  -7.707  39.281 0.1111110002
115186  37.154  -5.015  29.474 0.2222220004
113886  36.803  -5.171  28.923 0.2222220004
113887  36.155  -5.227  28.951 0.2222220004
113923  36.844  -5.135  27.920 0.2222220004
113908  36.529  -5.221  28.365 0.2222220004
116638  40.440  -4.071  27.461 0.1111110002
115210  38.056  -5.029  28.421 0.2222220004
112233  30.128  -5.559  35.879 0.1111110002
115089  29.610  -4.388  35.470 0.2222220004
116447  29.528  -3.278  35.722 0.2222220004
120927  28.775  -1.357  35.062 0.2222220004
123967  42.363  0.445  24.305 0.1111110002
86094  23.874  -19.923  47.646 0.2222220004
86136  24.099  -19.429  46.705 0.2222220004
82759  23.357  -20.766  48.615 0.1111110002
89554  24.595  -18.303  45.527 0.2222220004
113911  34.496  -5.196  28.188 0.2222220004
110677  25.260  -7.005  39.845 0.2222220004
113925  35.611  -5.322  27.766 0.2222220004
109063  29.517  -7.718  40.226 0.1111110002
109082  28.563  -7.597  39.458 0.1111110002
128016  36.884  3.280  26.430 0.3333329856
81176  22.503  -21.920  50.273 0.1111110002
92606  25.793  -15.852  44.552 0.1111110002
87813  24.547  -19.080  46.993 0.2222220004
89553  24.950  -17.818  45.300 0.2222220004
76512  20.288  -24.534  53.901 0.1111110002
91007  25.652  -17.483  46.457 0.1111110002
90998  25.784  -17.629  46.884 0.1111110002
87797  25.040  -18.716  47.446 0.1111110002
89533  25.477  -18.033  47.001 0.2222220004
89517  25.637  -18.456  48.772 0.1111110002
76471  23.518  -24.399  55.382 0.1111110002
76486  24.195  -24.317  55.009 0.1111110002
89562  25.014  -17.517  44.919 0.2222220004
87812  24.890  -18.570  46.609 0.2222220004
87788  24.664  -19.353  48.229 0.1111110002
86079  24.431  -19.816  48.911 0.1111110002
86050  24.646  -19.928  50.306 0.1111110002
84373  24.218  -20.310  49.997 0.1111110002
84356  24.337  -20.439  50.742 0.1111110002
82701  24.131  -21.415  51.821 0.1111110002
82716  23.945  -21.124  51.030 0.1111110002
81125  23.855  -21.912  52.211 0.1111110002
79562  24.355  -22.264  53.401 0.1111110002
79534  25.018  -22.887  54.851 0.1111110002
79535  24.390  -23.080  54.665 0.1111110002
86093  24.281  -19.734  48.175 0.1111110002
84408  24.056  -20.146  48.706 0.1111110002
76473  21.680  -24.548  56.130 0.1111110002
75159  21.349  -24.759  55.690 0.1111110002
75171  20.925  -24.658  55.222 0.1111110002
75169  21.975  -25.188  54.690 0.1111110002
75182  20.860  -24.765  54.444 0.1111110002
75181  21.402  -25.091  54.165 0.1111110002
75147  21.844  -24.808  55.926 0.1111110002
75157  22.504  -25.170  55.134 0.1111110002
75145  22.961  -25.041  55.371 0.1111110002
77985  23.642  -23.581  54.900 0.1111110002
79579  23.326  -22.430  52.416 0.1111110002
79549  23.493  -23.159  54.021 0.1111110002
84374  23.769  -20.674  49.668 0.1111110002
81162  22.738  -22.021  50.927 0.1111110002
81175  22.999  -21.762  50.462 0.1111110002
77933  22.053  -23.833  56.145 0.1111110002
76458  22.352  -24.268  56.026 0.1111110002
76457  23.084  -23.943  56.052 0.1111110002
77968  22.277  -23.679  55.136 0.1111110002
77967  23.088  -23.848  55.265 0.1111110002
79536  23.685  -23.399  54.592 0.1111110002
79593  22.781  -22.449  51.986 0.1111110002
77969  21.793  -23.592  55.416 0.1111110002
77988  21.571  -23.391  54.797 0.1111110002
79594  22.139  -22.688  52.032 0.1111110002
107589  36.732  -8.826  36.236 0.1111110002
107604  36.336  -8.583  35.363 0.1111110002
107614  36.328  -7.887  34.442 0.1111110002
109176  35.822  -7.465  33.499 0.2222220004
125251  38.959  1.755  29.390 0.1111110002
125269  39.184  1.857  28.773 0.1111110002
133609  38.021  6.400  23.973 0.2222220004
135143  40.387  7.103  22.684 0.1111110002
135204  42.100  7.162  20.038 0.2222220004
135191  42.181  7.281  20.855 0.1111110002
136680  43.601  7.478  17.962 0.3333329856
136664  42.580  7.423  19.597 0.2222220004
138121  43.728  8.203  19.236 0.2222220004
136674  42.822  7.455  18.923 0.2222220004
136679  44.127  7.662  17.596 0.3333329856
138119  44.727  8.662  18.325 0.2222220004
138136  44.442  7.946  17.477 0.2222220004
138146  45.188  7.857  16.760 0.2222220004
138135  44.863  8.024  17.132 0.2222220004
139597  45.321  9.080  18.530 0.1111110002
139601  45.871  9.179  17.890 0.1111110002
139613  45.149  8.503  17.345 0.2222220004
139622  46.542  8.574  16.540 0.2222220004
139689  56.413  9.252  11.185 0.2222220004
138206  55.670  8.708  11.619 0.2222220004
141027  47.732  9.916  18.621 0.1111110002
139600  46.734  9.498  18.007 0.1111110002
139621  47.116  8.825  16.599 0.2222220004
138225  56.157  8.942  10.788 0.2222220004
139706  56.406  9.162  10.372 0.2222220004
139722  56.262  9.097  9.698 0.3333329856
141120  56.618  9.551  9.388 0.3333329856
139740  56.154  9.158  8.999 0.3333329856
139610  47.427  9.399  17.304 0.1111110002
139609  48.143  9.364  16.938 0.2222220004
139707  55.998  8.791  10.075 0.2222220004
138245  55.499  8.451  10.302 0.3333329856
138246  54.746  8.129  10.239 0.3333329856
139723  55.682  8.688  9.522 0.3333329856
138262  54.592  8.246  9.562 0.3333329856
138277  54.628  8.460  8.867 0.3333329856
141133  56.589  9.780  8.580 0.2222220004
139619  48.672  9.040  16.481 0.3333329856
138263  53.899  8.317  9.301 0.3333329856
139755  56.104  9.320  8.266 0.3333329856
138278  53.935  8.691  8.566 0.3333329856
139742  54.721  8.905  8.183 0.3333329856
138279  53.433  9.133  8.491 0.3333329856
139757  54.765  9.427  7.580 0.2222220004
139743  54.014  9.335  8.013 0.2222220004
141152  53.723  10.541  7.690 0.1111110002
139758  54.257  9.772  7.529 0.1111110002
141135  53.385  10.415  8.127 0.1111110002
141121  52.803  10.267  8.690 0.1111110002
141122  52.313  10.468  9.330 0.1111110002
142571  53.862  11.055  7.370 0.1111110002
142572  53.493  10.941  7.880 0.1111110002
145530  53.753  12.096  7.118 0.1111110002
144058  53.805  11.585  7.253 0.1111110002
141134  53.797  10.007  7.806 0.1111110002
145555  54.596  12.697  6.168 0.1111110002
145542  54.138  12.464  6.544 0.1111110002
142587  54.309  10.827  6.967 0.1111110002
145521  53.096  12.524  8.349 0.1111110002
144049  53.088  11.776  8.789 0.1111110002
142550  52.703  11.095  9.163 0.1111110002
145531  53.265  12.650  7.467 0.1111110002
144059  53.415  11.700  7.824 0.1111110002
145543  53.631  12.679  6.876 0.1111110002
135144  39.647  6.871  22.602 0.1111110002
136687  44.457  7.353  17.135 0.2222220004
138247  54.005  8.052  10.054 0.3333329856
138142  47.543  8.425  16.105 0.3333329856
136681  43.125  7.437  18.428 0.2222220004
138144  46.289  8.037  16.206 0.3333329856
138143  46.908  8.287  16.172 0.2222220004
139620  47.852  8.985  16.524 0.3333329856
133601  37.748  6.021  24.994 0.2222220004
136651  42.728  7.516  20.299 0.2222220004
136663  43.159  7.853  19.629 0.2222220004
136673  43.336  7.807  18.759 0.2222220004
138128  43.786  8.073  18.533 0.2222220004
138120  44.247  8.427  18.820 0.2222220004
138127  44.213  8.125  18.034 0.2222220004
138126  44.723  8.404  17.657 0.2222220004
138134  45.388  8.302  16.924 0.2222220004
138133  45.973  8.494  16.724 0.2222220004
139602  45.203  8.838  17.814 0.1111110002
139611  46.461  9.019  17.163 0.2222220004
139612  45.649  8.786  17.276 0.2222220004
141028  47.156  9.792  18.414 0.1111110002
139599  47.229  9.581  17.791 0.1111110002
141119  57.049  10.213  9.123 0.2222220004
139741  55.456  8.796  8.656 0.3333329856
141148  56.421  10.117  7.547 0.2222220004
142560  53.147  11.031  8.417 0.1111110002
84209  4.137  -21.063  59.980 0.1111110002
82550  3.469  -21.994  60.479 0.1111110002
84221  4.282  -21.159  59.297 0.1111110002
82557  3.745  -21.663  59.429 0.1111110002
82566  4.260  -21.556  58.511 0.1111110002
81022  4.288  -21.939  57.488 0.1111110002
80997  3.072  -22.271  59.404 0.1111110002
80998  2.885  -22.659  59.611 0.1111110002
79457  2.848  -22.955  59.875 0.1111110002
81011  2.588  -22.665  58.735 0.1111110002
81009  3.505  -21.953  58.591 0.1111110002
81025  2.524  -22.410  57.978 0.1111110002
79489  1.923  -22.805  57.807 0.1111110002
81037  3.176  -22.173  57.180 0.1111110002
81039  1.929  -22.385  57.265 0.1111110002
109133  30.891  -7.241  37.183 0.1111110002
107627  36.036  -7.681  33.956 0.1111110002
126521  30.752  1.408  36.222 0.1111110002
126509  31.978  1.729  37.138 0.1111110002
126520  31.250  1.742  36.417 0.1111110002
125207  29.593  0.916  35.626 0.1111110002
126529  29.729  1.653  35.058 0.1111110002
126528  30.229  2.312  34.783 0.1111110002
129234  32.316  3.978  33.860 0.1111110002
127863  31.103  3.151  34.369 0.1111110002
130751  37.705  4.551  26.577 0.1111110002
130759  37.322  4.819  26.100 0.1111110002
130752  37.140  4.295  26.261 0.2222220004
132181  38.399  5.300  26.768 0.1111110002
133593  37.958  5.802  25.802 0.1111110002
133592  38.693  6.398  25.583 0.1111110002
141093  58.558  10.220  10.711 0.1111110002
141094  56.902  9.728  11.011 0.1111110002
139720  58.649  9.786  9.561 0.1111110002
142537  58.032  11.061  9.997 0.1111110002
141107  56.926  9.794  10.102 0.1111110002
81035  4.579  -22.022  56.913 0.1111110002
81023  3.768  -21.997  57.821 0.1111110002
81051  2.763  -22.016  56.692 0.1111110002
107574  31.172  -7.313  37.882 0.1111110002
110730  30.724  -6.319  36.688 0.1111110002
125211  29.437  1.245  35.124 0.1111110002
126530  29.371  1.373  34.878 0.1111110002
126535  29.265  1.542  34.410 0.1111110002
129250  31.690  3.835  33.349 0.1111110002
132182  37.841  5.341  26.186 0.1111110002
142519  57.323  10.263  10.600 0.1111110002
142538  57.454  10.785  9.746 0.1111110002
82552  3.884  -21.369  60.842 0.1111110002
82554  3.447  -21.995  59.914 0.1111110002
80990  3.111  -22.672  60.256 0.1111110002
80996  3.321  -22.040  59.128 0.1111110002
81010  3.084  -22.156  58.702 0.1111110002
79477  1.969  -23.020  58.138 0.1111110002
81026  2.202  -22.710  58.057 0.1111110002
81024  3.068  -22.202  57.914 0.1111110002
126525  30.484  1.779  35.713 0.1111110002
125206  30.109  1.257  35.801 0.1111110002
126519  31.758  2.066  36.601 0.1111110002
125189  31.616  1.202  37.142 0.1111110002
127857  30.881  2.272  35.685 0.1111110002
142500  58.154  10.431  11.016 0.1111110002
142517  58.388  10.801  10.414 0.1111110002
139703  58.669  9.738  10.354 0.1111110002
141106  58.656  10.460  9.899 0.1111110002
139721  58.461  9.165  9.199 0.1111110002
142518  57.818  10.665  10.500 0.1111110002
89468  1.716  -18.269  53.713 0.1111110002
93973  3.351  -15.704  55.570 0.1111110002
92497  3.018  -16.221  55.286 0.1111110002
93974  2.703  -15.553  55.536 0.1111110002
92500  2.518  -16.397  55.055 0.1111110002
115081  30.023  -4.348  36.160 0.1111110002
115065  30.154  -3.876  36.466 0.1111110002
116437  30.243  -3.405  36.631 0.1111110002
115080  30.312  -4.714  36.517 0.1111110002
116446  29.897  -3.455  36.146 0.1111110002
116456  29.691  -3.815  35.730 0.1111110002
119420  29.646  -2.024  36.280 0.1111110002
117955  29.546  -2.732  36.013 0.1111110002
115184  38.770  -4.708  29.398 0.1111110002
113885  37.410  -5.150  28.873 0.1111110002
115227  38.638  -4.798  28.000 0.1111110002
115183  39.407  -4.529  29.525 0.1111110002
115209  38.664  -4.835  28.695 0.1111110002
90918  2.856  -16.732  54.975 0.1111110002
90917  3.238  -16.634  54.968 0.1111110002
92499  4.008  -16.313  54.248 0.1111110002
90929  1.907  -17.569  53.947 0.1111110002
116619  39.441  -4.445  28.313 0.1111110002
113792  29.901  -5.058  35.711 0.1111110002
92496  3.478  -16.141  55.166 0.1111110002
121086  43.016  -1.078  25.393 0.1111110002
122547  42.375  -0.749  24.747 0.1111110002
138328  56.477  8.343  3.269 0.1111110002
138338  56.818  8.861  2.843 0.1111110002
138339  56.126  8.881  2.927 0.1111110002
142568  58.257  11.359  7.347 0.1111110002
144057  57.411  12.271  7.592 0.1111110002
141176  57.831  10.360  5.866 0.1111110002
144066  57.891  12.095  6.980 0.1111110002
144067  57.116  12.050  6.947 0.1111110002
142611  57.677  11.053  5.412 0.1111110002
141184  57.617  10.357  4.995 0.1111110002
139791  57.851  9.380  3.895 0.1111110002
138326  57.815  8.520  3.484 0.1111110002
138340  55.600  9.074  3.062 0.1111110002
139801  54.596  9.440  3.733 0.1111110002
141194  57.598  10.265  4.190 0.1111110002
141204  57.780  10.120  3.423 0.1111110002
139799  57.841  9.385  3.049 0.1111110002
141185  57.468  10.741  4.687 0.1111110002
139805  57.277  9.432  2.291 0.1111110002
144037  57.670  11.513  9.142 0.1111110002
145520  57.611  12.527  8.058 0.1111110002
142559  57.218  11.305  7.993 0.1111110002
141147  56.925  10.763  7.750 0.1111110002
142599  57.890  11.150  6.058 0.1111110002
144077  57.832  11.918  6.278 0.1111110002
142583  56.754  11.525  6.884 0.1111110002
139793  53.753  9.413  4.555 0.1111110002
145538  57.513  12.576  6.550 0.1111110002
144068  56.539  11.829  6.583 0.1111110002
139808  55.244  9.574  2.900 0.1111110002
142623  57.377  10.947  4.293 0.1111110002
142643  57.636  10.820  3.063 0.1111110002
141211  57.784  10.134  2.657 0.1111110002
144090  57.462  11.671  5.128 0.1111110002
144110  57.260  11.609  3.831 0.1111110002
142570  56.542  10.671  7.132 0.1111110002
141149  55.443  9.783  7.176 0.1111110002
144089  57.677  11.735  5.653 0.1111110002
141150  54.700  9.950  7.145 0.1111110002
145550  57.473  12.476  5.784 0.1111110002
146950  57.121  12.835  6.369 0.1111110002
145565  57.319  12.464  4.943 0.1111110002
125270  38.497  1.466  28.806 0.1111110002
141132  56.985  10.509  8.267 0.1111110002
142549  57.322  11.060  8.772 0.1111110002
138329  55.655  8.448  3.398 0.1111110002
145527  58.346  12.429  8.109 0.1111110002
142569  56.948  11.179  7.264 0.1111110002
138319  57.898  8.525  4.415 0.1111110002
139809  54.836  9.631  3.242 0.1111110002
142632  57.554  10.663  3.632 0.1111110002
144100  57.286  11.674  4.526 0.1111110002
144047  58.020  11.946  8.801 0.1111110002
145539  56.895  12.435  6.560 0.1111110002
142585  55.571  10.888  6.572 0.1111110002
144069  55.950  11.476  6.347 0.1111110002
141165  55.930  10.341  6.863 0.1111110002
146966  57.088  13.234  5.925 0.1111110002
73865  22.643  -24.948  55.812 0.1111110002
73866  22.524  -24.981  56.083 0.1111110002
73872  22.537  -25.165  55.492 0.1111110002
73873  22.432  -25.026  55.900 0.1111110002
75134  22.632  -24.580  55.844 0.1111110002
75136  21.880  -24.581  56.065 0.1111110002
75148  21.535  -24.643  56.010 0.1111110002
75158  21.883  -25.070  55.395 0.1111110002
75160  20.992  -24.588  55.644 0.1111110002
76472  23.005  -24.350  55.610 0.1111110002
76474  21.178  -24.461  56.110 0.1111110002
77920  2.088  -23.103  58.375 0.1111110002
77932  22.535  -23.902  56.010 0.1111110002
77947  23.316  -24.144  55.434 0.1111110002
78004  22.120  -23.408  54.330 0.1111110002
78005  21.735  -23.331  54.335 0.1111110002
78015  2.523  -23.051  54.008 0.1111110002
79476  2.285  -22.984  58.589 0.1111110002
79578  23.792  -22.242  52.596 0.1111110002
80989  3.250  -22.359  60.112 0.1111110002
81012  2.270  -22.848  58.383 0.1111110002
81036  3.834  -22.155  57.024 0.2222220004
81080  5.797  -21.695  54.829 0.3333329856
81106  24.063  -22.075  52.669 0.1111110002
81126  23.389  -22.066  51.946 0.1111110002
81137  5.442  -21.502  52.815 0.5555559993
81145  23.054  -22.077  51.544 0.1111110002
81146  22.438  -22.388  51.461 0.1111110002
81182  18.561  -21.830  49.203 0.1111110002
81211  18.226  -21.951  48.048 0.4444440007
81224  20.048  -21.864  47.915 0.3333329856
81242  18.055  -21.923  46.767 0.4444440007
81244  16.835  -21.836  46.631 0.5555559993
82553  3.726  -21.517  60.359 0.1111110002
82558  3.391  -22.021  59.489 0.1111110002
82576  4.312  -21.785  57.897 0.1111110002
82595  6.679  -21.033  56.156 0.1111110002
82611  6.276  -21.361  55.524 0.1111110002
82612  5.900  -21.540  55.528 0.1111110002
82627  7.251  -21.099  54.601 0.2222220004
82652  4.250  -21.135  53.385 0.5555559993
82654  1.699  -21.402  53.784 0.2222220004
82672  6.113  -21.658  53.995 0.2222220004
82682  24.231  -21.568  52.217 0.1111110002
82695  4.763  -20.965  52.510 0.5555559993
82700  24.428  -20.921  51.581 0.1111110002
82723  8.047  -21.002  50.722 0.3333329856
82731  22.903  -21.647  50.099 0.1111110002
82737  14.812  -20.688  50.019 0.1111110002
82745  22.146  -21.731  49.464 0.2222220004
82762  17.794  -21.913  48.129 0.2222220004
82763  17.391  -21.891  48.148 0.2222220004
82798  14.448  -21.071  47.280 0.4444440007
82807  22.381  -20.611  46.208 0.4444440007
82812  18.958  -21.774  45.736 0.5555559993
82813  18.263  -21.804  45.677 0.5555559993
82861  19.916  -21.236  44.572 0.7777780294
82911  17.785  -20.834  43.182 0.7777780294
84254  6.930  -20.796  56.324 0.1111110002
84257  1.725  -21.118  55.915 0.4444440007
84258  1.441  -20.837  55.505 0.2222220004
84288  7.255  -20.963  55.025 0.2222220004
84292  1.406  -20.401  54.835 0.4444440007
84327  16.772  -20.654  52.890 0.1111110002
84329  15.801  -20.396  52.465 0.1111110002
84343  16.203  -20.672  52.026 0.1111110002
84344  15.647  -20.493  51.884 0.1111110002
84345  15.077  -20.332  51.798 0.1111110002
84349  8.931  -20.783  51.143 0.3333329856
84358  15.912  -20.725  51.548 0.1111110002
84378  13.442  -20.118  50.055 0.1111110002
84379  10.414  -20.285  49.985 0.2222220004
84391  23.713  -20.526  48.956 0.1111110002
84410  23.226  -20.721  48.266 0.2222220004
84462  23.367  -19.891  46.292 0.3333329856
84504  15.129  -20.641  43.985 0.8888890147
84524  15.387  -20.592  43.557 0.7777780294
84541  16.914  -20.466  42.612 0.7777780294
84577  19.521  -20.037  41.352 0.7777780294
85961  8.523  -19.934  55.893 0.1111110002
85966  1.587  -20.437  55.203 0.4444440007
85981  1.565  -20.121  54.892 0.4444440007
85990  14.115  -19.378  53.817 0.1111110002
86002  16.012  -20.256  53.181 0.1111110002
86009  10.344  -19.664  53.144 0.1111110002
86021  12.887  -19.439  52.504 0.1111110002
86023  11.448  -19.553  52.272 0.1111110002
86059  4.842  -19.153  50.980 0.6666669846
86070  10.411  -20.234  50.292 0.2222220004
86092  24.669  -19.467  48.566 0.1111110002
86122  7.774  -18.805  47.672 0.8888890147
86155  23.555  -19.540  45.919 0.4444440007
86208  21.698  -20.012  43.095 0.7777780294
86229  16.028  -19.760  42.239 0.8888890147
86266  20.843  -19.530  41.120 0.7777780294
86270  17.564  -19.486  41.154 0.8888890147
87696  8.899  -19.448  56.958 0.1111110002
87702  10.697  -18.831  55.580 0.1111110002
87703  10.115  -19.046  55.762 0.1111110002
87714  10.859  -18.926  54.897 0.1111110002
87749  12.690  -19.261  52.943 0.1111110002
87750  12.407  -19.248  52.921 0.1111110002
87789  7.557  -18.672  47.767 0.8888890147
87790  7.182  -18.515  47.991 0.8888890147
87798  24.637  -19.235  47.772 0.1111110002
87799  8.218  -18.584  47.156 0.8888890147
87814  9.557  -18.520  46.118 0.8888890147
87829  24.743  -18.498  46.161 0.2222220004
87853  10.857  -17.998  45.389 0.8888890147
87869  12.193  -18.273  44.454 0.8888890147
87896  23.275  -18.533  42.894 0.5555559993
87915  22.110  -18.967  41.617 0.7777780294
87929  22.395  -18.576  41.316 0.6666669846
87931  21.571  -18.892  40.841 0.8888890147
87949  21.277  -18.724  40.393 0.7777780294
87950  20.687  -18.866  40.244 0.8888890147
87974  20.954  -18.584  40.047 0.8888890147
89452  11.620  -18.591  55.593 0.1111110002
89453  11.110  -18.697  55.686 0.1111110002
89488  5.047  -17.627  51.170 0.6666669846
89527  7.413  -18.070  47.668 0.8888890147
89532  25.853  -17.691  47.113 0.1111110002
89534  9.031  -17.834  46.224 0.8888890147
89536  8.144  -17.978  46.965 0.8888890147
89546  9.428  -17.751  45.956 0.8888890147
89565  12.766  -17.906  43.826 0.8888890147
89620  21.647  -18.423  40.282 0.8888890147
90958  5.785  -16.779  50.224 0.6666669846
90992  7.333  -17.423  47.663 0.6666669846
91009  9.296  -17.070  45.993 0.8888890147
91010  8.899  -17.077  46.286 0.8888890147
91019  10.787  -17.047  45.139 0.8888890147
91020  10.307  -17.022  45.431 0.8888890147
91036  13.587  -17.170  43.257 0.8888890147
91049  13.426  -17.557  43.212 0.8888890147
91081  17.398  -17.456  40.584 0.7777780294
92498  4.370  -15.908  54.109 0.2222220004
92514  5.057  -15.934  52.812 0.4444440007
92544  6.587  -16.058  49.391 0.4444440007
92554  6.299  -16.542  49.393 0.4444440007
92578  8.900  -16.203  46.498 0.7777780294
92580  7.962  -16.597  47.028 0.6666669846
92590  8.786  -16.641  46.439 0.7777780294
92626  13.608  -16.638  43.391 0.8888890147
92686  22.813  -16.064  39.338 0.7777780294
92688  21.725  -16.475  38.951 0.8888890147
92711  19.777  -16.116  39.219 0.7777780294
92712  19.507  -16.477  39.373 0.7777780294
93997  5.646  -15.060  52.672 0.4444440007
94009  5.368  -15.547  52.505 0.6666669846
94022  5.419  -15.674  52.017 0.4444440007
94078  7.567  -15.537  48.311 0.5555559993
94079  7.011  -15.952  48.648 0.4444440007
94092  8.240  -15.455  47.513 0.3333329856
94093  7.650  -15.851  47.760 0.5555559993
94107  9.433  -15.333  46.489 0.6666669846
94108  8.977  -15.524  46.796 0.6666669846
94109  8.413  -15.842  46.992 0.6666669846
94124  10.132  -15.594  45.848 0.8888890147
94140  10.310  -15.877  45.568 0.7777780294
94158  11.499  -16.078  44.732 0.7777780294
94165  25.494  -15.039  43.399 0.2222220004
94171  14.458  -15.543  43.565 0.7777780294
94181  25.017  -15.138  42.308 0.4444440007
94204  23.746  -15.659  40.484 0.6666669846
95491  5.632  -14.401  53.624 0.3333329856
95543  7.396  -14.517  50.295 0.3333329856
95545  6.269  -14.965  51.304 0.5555559993
95557  7.697  -14.769  49.626 0.3333329856
95571  7.766  -15.069  48.820 0.4444440007
95585  8.790  -14.613  47.895 0.3333329856
95599  9.504  -14.637  47.166 0.6666669846
95600  9.001  -14.830  47.426 0.4444440007
95614  9.739  -14.874  46.681 0.4444440007
95629  11.353  -14.593  45.822 0.3333329856
95651  10.759  -15.568  45.435 0.7777780294
95676  14.280  -15.155  43.921 0.5555559993
95716  19.833  -15.126  39.205 0.8888890147
97034  6.776  -13.922  52.568 0.1111110002
97078  8.511  -14.121  49.622 0.2222220004
97144  15.430  -13.944  46.683 0.1111110002
97145  14.871  -13.812  46.689 0.1111110002
97146  14.307  -13.670  46.716 0.1111110002
97160  15.108  -13.962  46.306 0.1111110002
97177  15.043  -14.027  45.910 0.1111110002
97197  26.989  -13.562  43.622 0.1111110002
97222  28.592  -13.902  41.068 0.1111110002
97232  28.382  -13.899  40.940 0.1111110002
97233  28.205  -13.851  41.090 0.1111110002
97236  23.831  -14.305  39.930 0.5555559993
98551  10.317  -13.230  49.265 0.1111110002
98565  15.324  -13.492  47.719 0.1111110002
98585  15.227  -13.596  47.380 0.1111110002
98607  13.587  -13.329  47.056 0.1111110002
98608  13.201  -13.180  47.213 0.1111110002
98692  25.757  -13.402  41.687 0.1111110002
98717  29.928  -13.625  41.028 0.1111110002
98783  29.011  -13.470  38.687 0.1111110002
98791  22.343  -13.040  37.938 0.8888890147
98814  24.561  -12.833  36.732 0.8888890147
98831  27.897  -13.345  36.336 0.5555559993
98881  28.310  -13.098  35.268 0.7777780294
98909  26.814  -13.054  34.556 0.8888890147
100240  32.129  -12.844  44.659 0.1111110002
100280  32.018  -12.761  43.549 0.1111110002
100320  32.071  -12.454  42.575 0.1111110002
100322  31.121  -13.166  42.195 0.1111110002
100323  19.036  -12.457  41.619 0.2222220004
100324  18.935  -12.866  41.676 0.2222220004
100450  28.337  -13.382  37.406 0.2222220004
100475  29.201  -13.086  36.681 0.5555559993
100503  24.876  -12.767  35.216 0.8888890147
100504  24.428  -12.567  35.454 0.8888890147
100604  29.154  -12.290  32.438 0.7777780294
101942  32.758  -12.195  44.294 0.1111110002
102015  32.752  -10.906  38.591 0.1111110002
102018  31.069  -12.270  38.734 0.1111110002
102048  30.787  -11.988  37.270 0.2222220004
102066  30.863  -11.793  36.382 0.4444440007
102085  31.693  -10.909  35.434 0.5555559993
102088  30.240  -11.903  35.273 0.6666669846
102105  31.141  -11.015  34.675 0.5555559993
102107  30.314  -11.747  34.890 0.5555559993
102125  30.277  -11.662  34.237 0.4444440007
102143  29.888  -11.940  33.122 0.7777780294
102157  30.709  -11.207  32.940 0.6666669846
102158  30.272  -11.696  32.688 0.6666669846
102162  25.566  -11.145  32.524 0.8888890147
102181  26.222  -10.998  31.861 0.8888890147
103421  19.407  -11.041  41.838 0.2222220004
103482  33.721  -10.569  37.529 0.2222220004
103485  21.672  -11.269  36.792 0.7777780294
103496  33.638  -10.499  36.813 0.4444440007
103499  22.272  -11.218  36.115 0.7777780294
103501  21.527  -10.489  36.667 0.7777780294
103516  31.641  -10.844  35.222 0.5555559993
103529  32.763  -10.112  34.948 0.5555559993
103531  31.582  -10.772  34.800 0.5555559993
103548  31.056  -10.891  33.705 0.6666669846
103562  31.774  -10.464  33.102 0.7777780294
103565  24.789  -10.751  33.180 0.7777780294
103591  26.525  -10.580  31.554 0.8888890147
103611  26.857  -10.537  31.262 0.8888890147
104734  20.540  -9.427  43.517 0.3333329856
104759  19.916  -9.740  40.662 0.3333329856
104781  19.816  -10.291  39.778 0.6666669846
104815  35.293  -9.596  36.234 0.2222220004
104868  32.030  -10.335  32.633 1.0000000000
104878  33.111  -9.521  31.951 1.0000000000
104879  32.660  -9.958  32.151 1.0000000000
104899  26.152  -10.195  31.911 0.8888890147
104929  32.140  -9.525  30.336 1.0000000000
104948  30.643  -9.598  29.542 1.0000000000
104949  30.237  -9.430  29.414 1.0000000000
104950  29.767  -9.145  29.346 1.0000000000
106083  20.837  -9.009  43.351 0.3333329856
106151  21.532  -9.162  36.924 0.7777780294
106157  36.356  -9.224  36.557 0.2222220004
106158  35.742  -9.421  36.278 0.3333329856
106161  21.469  -9.807  36.749 0.7777780294
106167  35.686  -9.170  35.602 0.3333329856
106168  35.011  -9.397  35.448 0.3333329856
106170  23.120  -9.060  35.010 0.7777780294
106172  22.131  -9.381  35.914 0.7777780294
106178  34.890  -9.108  34.812 0.3333329856
106179  34.254  -9.332  34.646 0.3333329856
106190  34.146  -9.157  33.899 0.8888890147
106191  33.733  -9.364  33.528 1.0000000000
106233  33.923  -8.884  32.098 0.6666669846
106235  33.127  -9.268  31.281 1.0000000000
106249  33.321  -8.889  31.043 0.8888890147
106266  33.100  -8.774  30.583 0.8888890147
106269  31.413  -9.385  29.711 1.0000000000
106285  31.537  -8.966  29.527 1.0000000000
106288  29.637  -8.614  29.269 1.0000000000
107436  24.033  -7.829  46.105 0.1111110002
107438  22.906  -8.184  45.559 0.1111110002
107445  23.391  -7.774  45.276 0.1111110002
107448  21.805  -8.398  44.183 0.1111110002
107472  21.293  -8.390  42.757 0.3333329856
107501  20.643  -8.564  40.837 0.5555559993
107514  21.017  -8.227  40.274 0.4444440007
107537  30.870  -7.937  38.983 0.1111110002
107542  27.319  -7.447  38.613 0.2222220004
107562  21.659  -8.487  37.487 0.7777780294
107581  22.205  -8.381  36.614 0.7777780294
107596  27.640  -7.614  37.308 0.3333329856
107598  22.394  -8.527  36.094 0.7777780294
107607  23.163  -8.708  35.183 0.7777780294
107620  24.684  -8.345  34.387 0.7777780294
107635  24.974  -8.659  33.835 0.7777780294
107672  34.415  -7.988  31.730 0.6666669846
107687  33.950  -7.928  30.970 0.6666669846
107702  31.825  -8.726  29.549 1.0000000000
107716  31.906  -7.976  29.402 1.0000000000
107720  29.525  -8.115  29.295 1.0000000000
108925  24.875  -7.478  46.375 0.1111110002
109022  22.190  -7.505  41.692 0.2222220004
109052  23.364  -6.988  40.603 0.3333329856
109081  30.747  -8.189  38.772 0.1111110002
109090  21.949  -7.751  38.438 0.6666669846
109100  31.009  -7.992  38.632 0.1111110002
109101  30.754  -8.032  38.423 0.1111110002
109117  30.694  -7.629  37.062 0.2222220004
109125  22.043  -8.298  37.128 0.7777780294
109170  24.361  -8.095  34.920 0.7777780294
109177  35.386  -7.961  33.601 0.4444440007
109186  35.559  -7.201  32.837 0.5555559993
109208  34.141  -7.519  31.113 0.6666669846
109231  32.705  -7.631  29.793 0.8888890147
110667  24.648  -6.928  40.312 0.3333329856
110676  25.839  -6.962  40.001 0.3333329856
110688  25.781  -7.024  39.473 0.3333329856
110701  25.155  -6.990  38.612 0.4444440007
110702  24.722  -6.900  38.375 0.4444440007
110703  24.299  -6.880  38.208 0.6666669846
110721  30.670  -6.808  36.687 0.2222220004
110733  29.868  -6.751  35.550 0.3333329856
110741  30.049  -6.372  35.577 0.1111110002
110757  35.955  -6.679  33.102 0.1111110002
110808  32.955  -6.908  29.949 0.7777780294
110824  29.885  -6.931  29.067 1.0000000000
112298  34.975  -6.102  31.920 0.3333329856
112307  33.960  -6.182  31.020 0.4444440007
112316  33.044  -6.208  30.264 0.6666669846
112328  32.088  -6.445  29.569 0.8888890147
113842  35.126  -5.520  32.203 0.2222220004
113854  27.808  -5.495  31.703 1.0000000000
113874  27.986  -5.576  30.024 1.0000000000
113906  37.609  -5.138  28.494 0.3333329856
113907  37.167  -5.152  28.334 0.2222220004
113909  35.885  -5.325  28.370 0.2222220004
113924  36.329  -5.218  27.729 0.3333329856
113952  35.709  -5.189  26.857 0.4444440007
115110  35.869  -4.745  32.543 0.1111110002
115119  35.483  -4.912  32.373 0.2222220004
115121  27.971  -4.874  32.608 0.8888890147
115146  33.072  -4.583  31.005 0.3333329856
115161  39.553  -4.368  30.112 0.1111110002
115162  38.929  -4.473  30.048 0.1111110002
115170  31.193  -4.623  29.623 0.8888890147
115213  34.074  -4.934  28.558 0.3333329856
115226  39.086  -4.600  28.290 0.1111110002
115244  37.736  -4.923  27.213 0.3333329856
115245  37.195  -4.974  27.098 0.3333329856
115285  33.182  -3.552  25.319 0.6666669846
116500  35.156  -4.212  32.407 0.1111110002
116564  36.298  -4.217  30.381 0.1111110002
116592  34.505  -4.398  29.498 0.2222220004
116641  38.113  -4.874  27.262 0.3333329856
116652  41.336  -3.471  26.720 0.2222220004
116676  31.744  -3.189  26.145 0.8888890147
118010  35.957  -4.257  32.567 0.1111110002
118029  34.925  -3.768  32.351 0.2222220004
118048  27.213  -3.067  31.208 0.8888890147
118063  33.544  -3.444  30.919 0.3333329856
118117  30.465  -3.404  27.986 1.0000000000
118201  41.089  -2.452  24.871 0.2222220004
118216  37.868  -2.625  23.670 0.6666669846
119565  29.354  -1.784  27.685 1.0000000000
119594  42.314  -2.266  25.615 0.1111110002
119597  31.125  -1.697  26.349 0.6666669846
120994  27.608  -1.305  29.648 1.0000000000
121009  27.796  -1.300  29.328 1.0000000000
121087  42.498  -1.135  25.005 0.1111110002
121108  41.073  -0.811  23.963 0.4444440007
121111  39.162  -1.186  23.191 0.5555559993
121123  38.004  -1.041  22.819 0.5555559993
122413  27.774  -0.332  32.801 0.7777780294
122426  27.433  -0.495  31.549 0.8888890147
122437  27.797  -0.066  30.496 0.7777780294
122584  35.071  -0.502  23.894 0.6666669846
123811  28.747  0.400  34.418 0.3333329856
123905  29.543  0.099  27.822 1.0000000000
123926  30.400  0.179  27.145 0.6666669846
123953  42.810  0.501  24.663 0.1111110002
125233  28.311  1.101  31.711 0.5555559993
125254  36.840  1.914  29.256 0.1111110002
125273  36.180  1.802  28.717 0.2222220004
125275  29.113  1.040  29.200 0.6666669846
125289  39.211  2.059  28.501 0.1111110002
125295  34.731  1.912  27.860 0.3333329856
125299  29.336  0.836  28.548 0.7777780294
125317  38.641  2.149  27.980 0.3333329856
126510  31.517  1.371  36.898 0.1111110002
126526  29.973  1.417  35.561 0.1111110002
126533  30.207  2.520  34.284 0.2222220004
126545  29.533  2.453  32.308 0.4444440007
126569  29.167  1.893  31.089 0.4444440007
126583  36.770  2.272  29.571 0.2222220004
126628  40.205  2.814  28.788 0.1111110002
126636  32.160  2.286  28.199 0.4444440007
126656  38.497  2.337  27.724 0.1111110002
126658  34.494  1.970  27.825 0.4444440007
126775  38.784  2.537  21.866 0.6666669846
126787  44.938  2.012  21.745 0.2222220004
126792  41.616  2.025  20.978 0.5555559993
126808  41.654  2.263  20.487 0.4444440007
127864  30.635  2.887  34.219 0.2222220004
127870  30.565  3.170  33.231 0.2222220004
127937  31.459  3.022  29.834 0.2222220004
127985  31.814  2.490  28.604 0.4444440007
128123  45.392  2.710  20.120 0.2222220004
128131  39.904  3.721  19.644 0.5555559993
129236  31.087  3.231  34.131 0.1111110002
129317  31.014  3.503  31.008 0.3333329856
129438  48.823  3.552  21.658 0.1111110002
129465  40.887  3.603  19.191 0.5555559993
129484  41.122  4.076  18.851 0.5555559993
129494  42.559  4.079  18.176 0.5555559993
130761  36.205  4.321  25.365 0.6666669846
130796  36.871  4.918  22.391 0.5555559993
130822  38.198  4.672  20.960 0.5555559993
130858  53.381  4.507  18.121 0.1111110002
130859  53.164  4.522  18.185 0.1111110002
130871  43.306  3.813  18.114 0.5555559993
130872  41.650  4.575  18.469 0.5555559993
130874  40.642  4.749  19.045 0.4444440007
130895  42.090  4.763  18.133 0.5555559993
130922  53.744  4.918  15.454 0.1111110002
130933  52.805  4.689  14.670 0.2222220004
130938  49.751  4.372  15.499 0.3333329856
132189  36.761  5.011  25.375 0.4444440007
132197  36.276  4.820  24.393 0.4444440007
132205  36.382  4.955  23.952 0.5555559993
132214  36.971  5.468  23.198 0.4444440007
132224  36.774  5.140  22.916 0.5555559993
132249  38.601  5.358  20.852 0.5555559993
132265  38.526  5.137  20.788 0.5555559993
132280  40.461  5.429  19.247 0.4444440007
132281  39.991  5.100  19.491 0.4444440007
132282  39.588  4.932  19.846 0.5555559993
132295  53.165  4.641  18.607 0.1111110002
132307  52.923  4.546  18.243 0.1111110002
132337  54.546  5.665  15.223 0.1111110002
132343  47.100  5.273  16.194 0.4444440007
132354  48.895  4.865  15.249 0.3333329856
132373  52.873  5.862  13.238 0.3333329856
133602  37.229  5.723  24.819 0.3333329856
133629  37.814  6.085  22.548 0.4444440007
133643  37.406  5.734  22.378 0.5555559993
133658  38.576  5.683  21.104 0.5555559993
133673  38.839  5.538  20.772 0.4444440007
133684  40.620  5.928  19.452 0.4444440007
133713  55.148  5.906  16.980 0.1111110002
133717  43.936  6.217  17.388 0.5555559993
133732  54.468  5.733  15.002 0.1111110002
133748  54.497  6.600  14.033 0.1111110002
133750  53.586  6.040  13.529 0.2222220004
133751  50.901  5.553  13.556 0.3333329856
133763  52.591  6.016  12.934 0.3333329856
133782  52.205  6.280  12.513 0.3333329856
133784  51.078  6.241  12.607 0.4444440007
135183  38.851  6.060  21.303 0.4444440007
135258  54.417  6.758  13.752 0.1111110002
135264  53.596  6.621  12.972 0.2222220004
136686  44.919  7.574  16.871 0.4444440007
136693  46.460  7.528  15.989 0.4444440007
136711  55.264  7.662  14.644 0.1111110002
136723  54.025  7.192  12.788 0.3333329856
136759  51.238  7.791  11.767 0.4444440007
136773  53.644  7.800  10.981 0.4444440007
136775  52.848  7.756  11.201 0.4444440007
138145  45.638  7.924  16.481 0.2222220004
138175  49.420  8.778  13.084 0.3333329856
138212  50.440  8.447  11.702 0.4444440007
138226  55.756  8.657  11.062 0.2222220004
138244  56.002  8.749  10.521 0.2222220004
138261  55.134  8.367  9.768 0.3333329856
138276  55.109  8.471  9.257 0.3333329856
139656  55.860  9.129  12.445 0.1111110002
139674  50.785  8.975  11.135 0.4444440007
139686  58.566  9.689  11.089 0.1111110002
139688  56.682  9.487  10.982 0.1111110002
139690  55.956  8.898  11.424 0.2222220004
139691  51.446  9.248  10.223 0.4444440007
139705  56.690  9.475  10.733 0.2222220004
139725  52.304  9.721  9.180 0.1111110002
139738  58.590  9.824  8.866 0.1111110002
139756  55.523  9.274  7.820 0.3333329856
139802  54.123  9.607  4.093 0.1111110002
141034  47.583  9.742  17.887 0.1111110002
141035  47.173  9.662  18.020 0.1111110002
141041  47.689  9.640  17.531 0.1111110002
141095  56.701  9.539  11.253 0.1111110002
141108  56.572  9.388  9.886 0.3333329856
141123  52.080  10.419  9.627 0.1111110002
141151  54.136  10.338  7.301 0.1111110002
141164  56.343  10.494  7.043 0.1111110002
141195  57.505  10.560  4.537 0.1111110002
142492  49.321  10.546  13.848 0.2222220004
142493  49.239  10.469  13.334 0.2222220004
142495  49.304  10.519  12.828 0.2222220004
142498  49.468  10.575  12.475 0.2222220004
142501  57.614  10.326  11.114 0.1111110002
142503  50.551  11.227  11.305 0.2222220004
142504  50.217  10.822  11.425 0.2222220004
142540  51.761  10.917  10.145 0.2222220004
142584  56.365  11.010  6.771 0.1111110002
142612  57.437  11.060  4.850 0.1111110002
142622  57.448  10.722  3.960 0.1111110002
142633  57.389  11.050  3.707 0.1111110002
142644  57.486  10.988  3.387 0.1111110002
142653  57.685  10.821  2.373 0.1111110002
143971  50.463  11.921  15.140 0.1111110002
143982  49.361  10.973  13.202 0.1111110002
144003  52.096  12.039  10.638 0.1111110002
144036  58.135  11.577  9.288 0.1111110002
144048  57.516  11.954  8.423 0.1111110002
144055  58.569  11.869  8.265 0.1111110002
144056  58.237  12.102  7.622 0.1111110002
144131  57.545  11.148  2.773 0.1111110002
145453  50.335  12.184  14.838 0.1111110002
145459  50.359  12.754  12.915 0.1111110002
145518  58.345  12.170  8.535 0.1111110002
145519  57.952  12.384  8.339 0.1111110002
145528  57.901  12.567  7.865 0.1111110002
145529  57.582  12.724  7.784 0.1111110002
145564  57.490  12.084  5.370 0.1111110002
146965  57.315  12.789  6.160 0.1111110002
