#!ascii label  , from subject FS6EXPERT_subj01_ver10 vox2ras=TkReg
6658
71025  12.238  -27.609  58.190 0.1000000015
69848  12.068  -28.240  57.746 0.1000000015
72469  12.383  -26.808  58.357 0.1000000015
71029  12.340  -27.689  57.305 0.1000000015
72471  12.409  -26.987  57.587 0.1000000015
72473  12.516  -27.091  56.828 0.2000000030
75150  11.880  -25.408  56.257 0.3000000119
73875  12.252  -26.074  56.100 0.2000000030
73881  12.091  -25.909  55.507 0.2000000030
73880  12.452  -26.496  55.739 0.2000000030
77975  10.968  -23.641  55.892 0.4000000060
76490  11.334  -24.422  55.663 0.5000000000
75161  11.657  -25.242  55.202 0.3000000119
73892  12.197  -26.317  54.239 0.3000000119
64972  14.644  -31.245  48.213 0.3000000119
64935  14.643  -31.471  51.498 0.1000000015
66183  14.295  -30.818  51.009 0.1000000015
85885  15.875  -19.558  59.390 0.4000000060
85895  16.544  -19.641  58.998 0.4000000060
84197  16.223  -19.802  59.171 0.4000000060
85908  14.909  -19.674  58.568 0.4000000060
84214  15.599  -20.134  58.469 0.4000000060
84215  15.158  -19.975  58.193 0.4000000060
85921  14.121  -19.575  57.915 0.3000000119
85936  12.572  -19.547  57.143 0.3000000119
85959  12.435  -20.036  55.900 0.3000000119
84266  11.624  -20.464  55.557 0.3000000119
77993  10.860  -23.422  55.145 0.4000000060
79543  10.801  -22.751  54.709 0.4000000060
76503  11.040  -23.963  54.927 0.4000000060
75172  11.552  -25.208  54.332 0.4000000060
76516  11.041  -24.001  54.197 0.4000000060
76515  11.291  -24.582  53.897 0.4000000060
73893  11.761  -25.782  53.915 0.4000000060
63708  17.854  -32.163  46.858 0.3000000119
65020  16.353  -31.375  46.327 0.3000000119
65002  16.169  -31.691  46.712 0.3000000119
63711  15.835  -32.006  47.103 0.3000000119
73898  12.030  -26.258  53.481 0.3000000119
67494  15.508  -30.529  45.892 0.3000000119
66250  15.767  -30.934  46.187 0.3000000119
62141  15.178  -33.383  51.457 0.2000000030
72489  12.076  -26.581  52.450 0.3000000119
72485  12.223  -26.702  53.025 0.3000000119
68695  15.183  -29.708  45.552 0.3000000119
67495  15.087  -30.435  46.218 0.3000000119
68684  14.563  -29.654  46.440 0.3000000119
63646  14.926  -32.493  49.184 0.2000000030
62142  14.924  -32.786  51.392 0.2000000030
71050  12.434  -27.267  51.683 0.3000000119
71046  12.793  -27.785  52.435 0.2000000030
71044  12.582  -27.275  53.208 0.2000000030
67485  14.482  -30.145  47.005 0.3000000119
64987  14.949  -31.414  47.557 0.3000000119
64940  14.418  -31.338  50.788 0.1000000015
67435  14.207  -30.007  52.112 0.1000000015
68624  13.552  -29.105  51.630 0.1000000015
67475  14.288  -30.181  47.515 0.3000000119
66184  14.129  -30.431  50.768 0.2000000030
67441  13.939  -29.872  50.696 0.1000000015
68630  13.447  -28.871  50.360 0.3000000119
69875  13.194  -28.341  50.082 0.3000000119
84203  16.619  -20.168  58.921 0.4000000060
84213  16.488  -20.552  58.404 0.5000000000
84226  15.929  -20.638  57.746 0.5000000000
85920  14.823  -19.895  57.850 0.3000000119
84225  16.440  -20.797  57.998 0.4000000060
84227  15.274  -20.200  57.819 0.4000000060
85934  14.399  -20.003  57.123 0.3000000119
85946  13.700  -20.065  56.378 0.3000000119
84238  15.159  -20.449  57.095 0.4000000060
84239  14.597  -20.344  56.638 0.3000000119
85947  12.884  -19.819  56.454 0.3000000119
82609  10.895  -21.155  55.608 0.3000000119
84264  13.366  -20.316  55.440 0.3000000119
85957  13.475  -20.188  55.891 0.3000000119
81079  10.804  -22.055  55.062 0.3000000119
84282  13.688  -20.579  54.798 0.3000000119
84283  12.940  -20.484  54.846 0.3000000119
84284  12.244  -20.579  54.864 0.3000000119
82626  11.071  -21.464  54.682 0.4000000060
60613  22.594  -34.015  49.941 0.1000000015
62171  21.695  -33.154  49.123 0.2000000030
81115  11.014  -22.341  53.657 0.4000000060
79557  10.893  -22.778  53.990 0.4000000060
62188  20.800  -32.743  48.508 0.2000000030
78034  11.037  -23.465  53.078 0.3000000119
78021  10.934  -23.405  53.737 0.4000000060
63666  20.022  -32.499  47.995 0.3000000119
63687  18.981  -32.213  47.255 0.3000000119
64999  18.146  -31.749  46.430 0.3000000119
76531  11.067  -24.007  53.482 0.3000000119
65000  17.426  -31.781  46.473 0.3000000119
65019  16.954  -31.406  46.137 0.3000000119
76530  11.250  -24.547  53.133 0.4000000060
67505  15.825  -30.413  45.477 0.3000000119
62177  14.880  -32.585  49.531 0.2000000030
62151  15.129  -33.268  50.688 0.2000000030
62152  14.812  -32.624  50.722 0.2000000030
73905  11.680  -25.670  52.410 0.4000000060
63647  14.633  -32.030  49.395 0.2000000030
63629  14.502  -31.831  50.207 0.2000000030
72493  12.125  -26.679  51.872 0.3000000119
73911  11.704  -25.669  51.721 0.3000000119
69928  14.576  -29.061  45.908 0.3000000119
68685  14.198  -29.009  46.451 0.3000000119
64948  14.115  -30.721  50.091 0.2000000030
67452  13.812  -29.731  49.498 0.3000000119
68626  13.787  -29.430  51.217 0.1000000015
68627  13.461  -28.982  51.086 0.2000000030
71049  12.806  -27.898  51.367 0.3000000119
72498  12.237  -26.706  51.124 0.3000000119
73917  11.732  -25.634  51.068 0.3000000119
68674  14.366  -29.756  46.852 0.3000000119
67443  13.864  -29.823  50.049 0.3000000119
68632  13.661  -29.313  49.892 0.3000000119
71052  12.902  -27.845  50.497 0.2000000030
73922  11.986  -26.087  50.607 0.3000000119
73923  11.737  -25.515  50.515 0.4000000060
68633  13.448  -28.811  49.652 0.3000000119
71059  12.668  -27.312  50.050 0.3000000119
72516  12.538  -26.785  49.470 0.4000000060
73933  12.187  -26.126  49.777 0.4000000060
75255  12.035  -25.352  49.421 0.3000000119
76586  11.876  -24.368  49.870 0.3000000119
76605  12.177  -24.468  49.200 0.3000000119
82560  17.670  -21.154  58.267 0.4000000060
84211  17.689  -20.618  58.297 0.4000000060
56134  27.679  -36.582  52.392 0.1000000015
81017  17.511  -21.612  57.850 0.4000000060
82562  16.765  -20.951  58.041 0.4000000060
57550  26.449  -35.665  51.777 0.1000000015
81031  17.258  -21.753  57.170 0.5000000000
81032  16.883  -21.456  57.059 0.4000000060
82571  16.167  -20.984  57.285 0.4000000060
84247  15.423  -20.783  56.606 0.4000000060
59044  25.715  -34.979  51.302 0.1000000015
81044  17.245  -22.142  56.239 0.5000000000
82591  16.277  -21.325  56.499 0.3000000119
84248  14.951  -20.628  56.267 0.3000000119
81060  16.352  -21.689  55.809 0.3000000119
82605  16.050  -21.325  56.154 0.3000000119
82607  15.160  -20.958  55.685 0.3000000119
84262  14.581  -20.677  55.589 0.3000000119
84300  13.172  -20.680  54.350 0.3000000119
84301  12.580  -20.704  54.343 0.3000000119
84302  12.013  -20.843  54.390 0.3000000119
62159  22.521  -33.379  49.715 0.2000000030
82645  12.924  -20.887  53.836 0.3000000119
82646  12.252  -21.011  53.910 0.4000000060
82668  11.946  -21.327  53.530 0.3000000119
63665  20.839  -32.473  48.103 0.2000000030
82667  12.529  -21.228  53.252 0.4000000060
81113  12.034  -21.489  53.106 0.4000000060
81114  11.482  -21.912  53.314 0.4000000060
64985  19.347  -31.942  47.061 0.3000000119
79587  11.140  -23.054  52.710 0.4000000060
65017  18.399  -31.313  45.759 0.3000000119
66263  17.143  -30.554  45.037 0.3000000119
66248  17.073  -30.992  45.671 0.3000000119
76545  11.241  -24.377  52.280 0.3000000119
66264  16.515  -30.680  45.425 0.3000000119
75205  11.489  -25.107  51.962 0.3000000119
69941  14.854  -28.591  45.144 0.3000000119
64958  14.355  -31.161  49.051 0.3000000119
66200  14.053  -30.389  49.436 0.3000000119
73916  11.920  -26.173  51.415 0.4000000060
75217  11.586  -25.211  51.364 0.4000000060
76559  11.438  -24.540  51.276 0.3000000119
66228  14.240  -30.432  48.186 0.3000000119
66215  14.134  -30.338  48.633 0.3000000119
68641  13.677  -29.278  49.235 0.3000000119
76571  11.634  -24.550  50.501 0.3000000119
69929  14.144  -28.329  46.000 0.3000000119
69915  13.837  -28.466  46.886 0.3000000119
68675  14.108  -29.449  47.148 0.3000000119
69905  13.765  -28.752  47.604 0.3000000119
69897  13.517  -28.400  48.085 0.3000000119
69886  13.359  -28.247  48.672 0.3000000119
68642  13.525  -28.752  48.985 0.3000000119
69916  13.522  -27.836  47.031 0.4000000060
71094  13.299  -27.484  47.438 0.4000000060
71083  13.248  -27.703  48.143 0.4000000060
71071  13.058  -27.632  48.987 0.3000000119
72515  12.809  -27.087  49.052 0.4000000060
73943  12.472  -26.099  48.841 0.4000000060
76606  11.981  -24.516  49.553 0.3000000119
72526  12.922  -26.994  48.472 0.4000000060
73942  12.715  -26.519  48.515 0.4000000060
75270  12.376  -25.264  48.581 0.3000000119
78092  12.794  -23.960  48.619 0.4000000060
73955  12.560  -25.737  48.271 0.3000000119
76628  12.710  -24.631  48.111 0.4000000060
82567  18.844  -21.363  57.232 0.4000000060
81015  18.770  -21.771  57.634 0.4000000060
84223  18.275  -20.848  57.507 0.4000000060
82568  18.535  -21.348  57.868 0.4000000060
81001  18.512  -22.095  57.957 0.4000000060
81002  17.881  -21.821  58.009 0.4000000060
79481  18.672  -22.937  56.907 0.5000000000
79467  18.636  -22.324  57.555 0.4000000060
57536  28.269  -36.018  52.295 0.2000000030
57538  26.927  -35.707  52.148 0.1000000015
81016  17.857  -22.085  57.412 0.4000000060
59054  25.071  -35.029  50.878 0.1000000015
79482  18.002  -22.622  56.840 0.5000000000
81030  17.853  -22.360  56.760 0.5000000000
62150  23.780  -33.523  50.147 0.1000000015
62169  22.994  -32.904  49.542 0.2000000030
79505  18.612  -23.022  56.606 0.4000000060
81043  17.746  -22.474  56.330 0.4000000060
81059  16.913  -22.217  55.460 0.3000000119
82622  15.460  -21.275  55.251 0.3000000119
82623  14.805  -21.033  54.981 0.3000000119
82624  14.224  -20.929  54.590 0.3000000119
63664  21.567  -32.454  48.074 0.2000000030
63704  21.092  -31.986  46.716 0.2000000030
77953  18.873  -23.413  56.219 0.4000000060
79506  18.152  -22.852  56.266 0.4000000060
79507  17.674  -22.553  55.999 0.4000000060
81077  16.530  -22.094  54.984 0.3000000119
82642  15.293  -21.343  54.631 0.3000000119
82643  14.674  -21.283  54.045 0.3000000119
82644  13.728  -20.945  54.030 0.3000000119
77954  18.373  -23.211  55.735 0.4000000060
81078  15.876  -21.674  54.925 0.3000000119
81094  15.517  -21.703  54.047 0.3000000119
82666  13.321  -21.129  53.314 0.4000000060
81134  12.335  -21.708  52.472 0.4000000060
63685  20.576  -32.164  47.451 0.2000000030
64997  19.824  -31.655  46.525 0.2000000030
82688  13.666  -21.388  52.772 0.4000000060
81133  13.258  -21.608  52.229 0.4000000060
81135  11.653  -22.291  52.281 0.4000000060
66261  18.365  -30.905  45.033 0.3000000119
66279  17.506  -30.483  44.766 0.3000000119
81156  11.679  -22.615  51.779 0.4000000060
78033  11.159  -23.578  52.430 0.4000000060
69954  16.287  -29.149  43.929 0.3000000119
79601  11.682  -22.976  51.286 0.4000000060
78047  11.340  -23.676  51.621 0.4000000060
69940  15.534  -29.240  44.885 0.3000000119
79610  12.425  -22.854  50.511 0.4000000060
79611  11.944  -23.070  50.694 0.4000000060
78060  11.727  -23.732  50.534 0.4000000060
79621  12.903  -22.913  50.000 0.4000000060
78059  12.074  -23.249  50.316 0.3000000119
69942  14.326  -27.848  45.442 0.3000000119
72579  13.976  -26.801  45.598 0.3000000119
78075  11.986  -23.896  49.915 0.3000000119
71118  13.916  -27.433  45.904 0.4000000060
71105  13.700  -27.771  46.497 0.4000000060
72550  13.189  -26.848  47.279 0.4000000060
72538  13.089  -27.058  47.842 0.4000000060
78074  12.427  -23.512  49.695 0.4000000060
72563  13.670  -26.774  46.128 0.5000000000
72564  13.392  -26.762  46.662 0.4000000060
73954  12.829  -26.271  47.906 0.5000000000
75282  12.738  -25.303  47.843 0.4000000060
76627  13.073  -24.400  47.854 0.4000000060
78107  12.988  -24.245  48.128 0.4000000060
78106  13.418  -24.016  47.945 0.4000000060
81014  18.955  -21.774  57.165 0.4000000060
79465  19.138  -22.488  57.417 0.4000000060
79480  19.213  -22.950  57.225 0.4000000060
79479  19.484  -22.665  57.076 0.4000000060
59031  27.331  -35.092  52.397 0.2000000030
77923  19.307  -23.240  57.019 0.4000000060
59030  28.054  -35.247  52.444 0.1000000015
60595  26.162  -34.253  51.584 0.1000000015
60596  25.537  -34.224  51.208 0.1000000015
77924  18.951  -23.011  56.962 0.4000000060
77936  19.421  -23.588  56.574 0.5000000000
62149  24.339  -33.333  50.335 0.1000000015
60583  28.444  -34.767  52.020 0.1000000015
63642  23.181  -32.594  48.976 0.2000000030
63663  22.262  -32.448  48.149 0.2000000030
77952  19.520  -23.755  56.208 0.4000000060
63684  21.342  -32.267  47.467 0.2000000030
64996  20.513  -31.712  46.352 0.2000000030
79523  17.826  -22.840  55.487 0.4000000060
65015  20.060  -31.513  45.831 0.2000000030
66260  18.959  -30.971  44.846 0.2000000030
77972  18.808  -23.517  55.489 0.4000000060
77973  18.302  -23.247  55.092 0.4000000060
79541  17.159  -22.562  54.979 0.4000000060
81093  16.192  -22.031  54.268 0.3000000119
81095  15.075  -21.636  53.519 0.3000000119
67515  17.898  -30.230  44.127 0.3000000119
69967  16.465  -28.773  43.461 0.3000000119
79554  17.785  -23.045  53.875 0.5000000000
79540  17.756  -22.956  54.649 0.4000000060
79570  16.506  -22.366  53.529 0.3000000119
79571  15.987  -22.146  53.327 0.3000000119
81111  15.533  -21.957  53.284 0.3000000119
82664  14.641  -21.495  53.256 0.3000000119
66278  17.875  -30.535  44.594 0.3000000119
68718  16.588  -29.314  43.806 0.3000000119
79585  15.937  -22.254  52.839 0.3000000119
81131  14.697  -21.817  52.469 0.4000000060
81132  14.021  -21.683  52.269 0.4000000060
81155  12.116  -22.343  51.518 0.4000000060
69968  15.824  -28.165  43.649 0.3000000119
81154  12.891  -21.980  51.638 0.4000000060
81171  12.321  -22.589  51.014 0.4000000060
69955  15.729  -28.762  44.252 0.3000000119
71159  15.314  -27.764  43.989 0.3000000119
81169  13.388  -22.223  51.100 0.4000000060
81170  12.697  -22.406  51.033 0.4000000060
71160  14.938  -27.520  44.350 0.3000000119
71138  14.607  -27.585  44.864 0.3000000119
79609  13.135  -22.560  50.495 0.4000000060
72591  14.811  -26.898  44.395 0.3000000119
71139  14.183  -27.306  45.343 0.3000000119
79633  14.208  -22.920  49.408 0.4000000060
79620  13.592  -22.790  49.853 0.4000000060
73979  13.806  -26.239  45.888 0.5000000000
78091  13.523  -23.351  48.988 0.4000000060
75308  13.685  -25.887  46.149 0.4000000060
73980  13.493  -26.229  46.380 0.4000000060
73966  13.204  -26.209  47.001 0.4000000060
75281  13.032  -25.613  47.284 0.4000000060
76649  13.244  -24.763  47.267 0.4000000060
81088  25.830  -22.067  54.136 0.2000000030
79547  25.931  -22.559  53.748 0.2000000030
81013  19.413  -22.375  57.038 0.4000000060
78001  25.549  -23.144  54.162 0.2000000030
79478  19.932  -22.883  57.150 0.3000000119
78016  25.677  -23.213  53.427 0.3000000119
76462  19.762  -23.700  56.723 0.4000000060
59042  26.760  -35.042  52.027 0.1000000015
78029  25.291  -23.589  52.351 0.6000000238
78017  25.323  -23.691  53.060 0.6000000238
60603  24.983  -34.147  50.829 0.1000000015
76578  23.800  -24.290  50.094 0.6000000238
78055  24.733  -23.760  50.770 0.6000000238
76538  24.862  -23.882  51.949 0.6999999881
77971  19.345  -23.754  55.736 0.4000000060
60593  28.581  -34.362  51.407 0.1000000015
60602  28.629  -33.989  50.646 0.1000000015
62157  24.026  -33.147  49.999 0.2000000030
76596  23.713  -24.170  49.509 0.6000000238
76553  24.485  -24.108  51.335 0.6000000238
63662  23.024  -32.485  48.221 0.2000000030
63703  21.823  -32.229  46.854 0.2000000030
76661  22.334  -24.316  47.275 0.6000000238
76564  24.280  -24.091  50.535 0.6000000238
76501  19.237  -23.810  54.915 0.4000000060
65034  20.326  -31.485  45.190 0.2000000030
67527  18.518  -30.289  43.595 0.3000000119
76638  22.602  -24.361  47.955 0.6000000238
76618  22.962  -24.360  48.703 0.6000000238
76597  23.185  -24.475  49.581 0.6000000238
77992  18.252  -23.316  54.350 0.4000000060
68730  17.441  -29.189  42.871 0.3000000119
71192  16.852  -28.022  42.479 0.3000000119
78007  18.213  -23.330  53.644 0.5000000000
72621  16.039  -26.910  42.922 0.3000000119
75349  16.362  -25.661  42.849 0.4000000060
78019  18.006  -23.369  52.981 0.5000000000
78020  17.636  -23.234  52.483 0.5000000000
79584  16.552  -22.670  52.503 0.5000000000
79598  15.685  -22.393  51.862 0.4000000060
81130  15.312  -22.061  52.583 0.4000000060
81152  14.493  -22.023  51.755 0.4000000060
71194  15.922  -27.372  43.100 0.3000000119
74026  15.830  -26.540  43.148 0.4000000060
79596  17.180  -23.203  51.723 0.5000000000
79597  16.667  -23.001  51.503 0.5000000000
79599  15.031  -22.214  51.665 0.4000000060
71176  15.658  -27.518  43.496 0.3000000119
72605  15.246  -26.955  43.834 0.4000000060
79606  15.879  -22.826  50.885 0.4000000060
79607  14.877  -22.383  51.006 0.4000000060
79608  13.917  -22.406  50.597 0.4000000060
81168  14.069  -22.173  51.218 0.4000000060
72606  15.022  -26.621  44.060 0.3000000119
79618  15.334  -22.855  50.183 0.4000000060
72578  14.307  -26.843  45.025 0.4000000060
79631  15.651  -23.192  49.579 0.4000000060
79632  14.940  -22.970  49.482 0.4000000060
79619  14.481  -22.662  50.067 0.4000000060
73992  14.105  -26.245  45.352 0.4000000060
78089  15.361  -23.306  48.932 0.4000000060
78090  14.556  -23.206  48.823 0.4000000060
75307  14.018  -25.554  45.758 0.4000000060
76673  13.596  -25.098  46.598 0.4000000060
78118  14.098  -23.977  47.448 0.5000000000
78104  15.090  -23.513  48.201 0.4000000060
78119  13.668  -24.238  47.388 0.4000000060
78105  14.247  -23.598  48.102 0.4000000060
79533  26.049  -22.777  54.762 0.2000000030
76448  20.019  -23.543  56.862 0.4000000060
77935  20.672  -23.530  56.402 0.3000000119
78028  25.718  -23.235  52.708 0.6000000238
76476  19.892  -23.952  56.461 0.3000000119
76460  20.918  -24.023  56.500 0.4000000060
60585  27.052  -34.299  52.281 0.2000000030
60586  26.613  -34.029  51.929 0.2000000030
76489  19.895  -24.104  55.986 0.3000000119
76488  20.563  -24.425  55.686 0.4000000060
62148  25.009  -33.325  50.722 0.2000000030
78069  24.106  -23.936  49.709 0.6000000238
76524  24.871  -24.047  52.646 0.5000000000
76500  19.675  -24.082  55.152 0.4000000060
76513  19.718  -24.214  54.215 0.4000000060
62146  28.398  -33.184  50.677 0.1000000015
63627  24.145  -32.761  49.616 0.2000000030
76514  19.221  -23.870  54.462 0.4000000060
64932  28.133  -32.374  50.919 0.1000000015
65014  20.733  -31.671  45.792 0.2000000030
76579  23.209  -24.671  50.429 0.5000000000
76529  19.172  -23.894  53.647 0.4000000060
76543  18.950  -24.015  52.652 0.4000000060
66188  28.036  -31.185  49.763 0.1000000015
66294  18.992  -30.656  43.822 0.2000000030
71205  17.062  -27.751  42.024 0.3000000119
76756  17.648  -24.525  42.684 0.4000000060
76662  21.677  -24.474  47.210 0.6000000238
78006  18.707  -23.610  54.028 0.4000000060
72636  16.842  -27.025  42.052 0.4000000060
76702  20.041  -24.369  45.653 0.5000000000
78018  18.579  -23.639  53.270 0.4000000060
78030  18.406  -23.675  52.703 0.5000000000
72637  16.435  -26.943  42.535 0.3000000119
76757  17.233  -24.915  42.543 0.4000000060
76717  19.280  -24.323  44.801 0.6000000238
78032  17.540  -23.364  51.918 0.5000000000
76739  16.448  -24.996  43.413 0.4000000060
78046  16.935  -23.392  50.937 0.5000000000
74012  15.865  -25.852  43.318 0.4000000060
79605  16.508  -23.225  50.701 0.5000000000
74000  15.228  -25.883  43.988 0.4000000060
74001  14.976  -26.187  44.203 0.4000000060
73991  14.495  -26.241  44.806 0.4000000060
78103  15.825  -23.638  48.404 0.4000000060
75314  15.129  -25.154  44.621 0.3000000119
75315  14.721  -25.497  44.852 0.3000000119
75316  14.312  -25.869  45.182 0.4000000060
76672  14.009  -24.852  46.286 0.4000000060
75295  13.754  -25.257  46.298 0.4000000060
78117  14.898  -23.831  47.325 0.5000000000
76693  14.272  -25.096  45.732 0.5000000000
76648  14.016  -24.321  46.960 0.4000000060
76647  14.442  -24.070  47.042 0.5000000000
76671  14.801  -24.258  46.458 0.5000000000
62128  27.745  -33.620  52.237 0.2000000030
78042  25.276  -23.453  51.597 0.6000000238
76487  21.055  -24.544  55.856 0.4000000060
62129  26.905  -33.479  52.093 0.2000000030
76577  24.186  -24.029  50.103 0.6999999881
78041  25.665  -23.166  52.072 0.6999999881
76539  24.403  -24.320  52.151 0.5000000000
76512  20.288  -24.534  53.901 0.4000000060
76499  20.338  -24.455  54.785 0.4000000060
62139  26.030  -33.384  51.350 0.2000000030
63617  24.946  -32.793  50.225 0.2000000030
62136  28.299  -33.547  51.458 0.1000000015
63641  24.033  -32.643  48.944 0.2000000030
63702  22.537  -32.346  46.854 0.2000000030
78085  23.923  -23.842  49.135 0.6000000238
76554  23.833  -24.616  51.629 0.5000000000
76528  19.703  -24.305  53.305 0.3000000119
63614  28.289  -32.567  50.633 0.1000000015
64944  28.179  -31.659  50.084 0.1000000015
65033  21.034  -31.673  45.193 0.2000000030
67526  19.009  -30.482  43.341 0.2000000030
76557  19.049  -24.366  51.681 0.5000000000
66198  27.795  -30.963  49.168 0.1000000015
71218  17.238  -27.454  41.689 0.3000000119
76663  20.992  -24.512  47.140 0.5000000000
76558  18.432  -23.942  51.919 0.5000000000
66225  27.322  -30.618  47.277 0.2000000030
67464  27.954  -30.293  48.545 0.1000000015
76684  20.832  -24.463  46.442 0.5000000000
76570  17.752  -23.974  50.710 0.5000000000
67474  27.799  -30.072  47.651 0.1000000015
76719  17.812  -24.230  44.345 0.4000000060
76718  18.587  -24.235  44.585 0.6000000238
78056  17.700  -23.812  51.056 0.5000000000
78044  17.876  -23.721  51.575 0.5000000000
67492  27.450  -29.734  45.790 0.1000000015
68691  27.704  -29.191  45.416 0.1000000015
76738  16.912  -24.735  43.221 0.4000000060
76584  17.747  -24.165  50.104 0.5000000000
78057  17.340  -23.741  50.690 0.5000000000
78045  17.309  -23.472  51.341 0.5000000000
69939  28.023  -28.653  45.127 0.1000000015
76720  16.988  -24.395  44.116 0.4000000060
78086  17.174  -23.924  49.727 0.5000000000
78087  16.751  -23.835  49.258 0.5000000000
78071  16.708  -23.598  49.963 0.5000000000
69951  28.355  -28.349  44.862 0.1000000015
75323  15.856  -25.135  43.847 0.3000000119
78102  16.463  -23.895  48.569 0.5000000000
78072  16.342  -23.502  49.624 0.5000000000
79630  16.045  -23.363  49.622 0.4000000060
76722  15.727  -25.018  44.113 0.3000000119
75324  15.428  -25.428  44.056 0.3000000119
78116  15.662  -23.759  47.682 0.5000000000
78088  16.064  -23.525  49.145 0.5000000000
78002  25.301  -23.713  53.782 0.2000000030
75182  20.860  -24.765  54.444 0.4000000060
62137  27.884  -33.023  51.811 0.2000000030
78068  24.526  -23.717  50.093 0.6999999881
78054  25.151  -23.445  50.994 0.6000000238
76527  20.267  -24.665  53.069 0.4000000060
63616  25.653  -32.675  50.466 0.2000000030
78100  23.634  -23.849  48.462 0.6000000238
76510  24.916  -24.172  53.379 0.4000000060
76542  19.828  -24.563  52.370 0.5000000000
63640  24.790  -32.616  49.004 0.2000000030
63681  23.598  -32.527  47.515 0.2000000030
65013  21.435  -31.912  45.918 0.2000000030
78101  23.163  -24.041  48.003 0.6000000238
76565  23.847  -24.461  50.850 0.5000000000
75234  23.007  -24.916  50.866 0.5000000000
64938  27.691  -31.808  50.626 0.1000000015
65032  21.753  -31.818  45.204 0.2000000030
66293  19.589  -30.801  43.599 0.2000000030
69991  17.907  -28.826  41.834 0.3000000119
76598  22.392  -24.754  49.354 0.6000000238
75251  22.242  -24.969  49.981 0.6000000238
64945  27.531  -31.597  49.870 0.2000000030
66212  27.404  -30.974  48.228 0.1000000015
75361  17.756  -24.978  41.888 0.4000000060
76716  19.994  -24.351  44.912 0.6000000238
76640  21.176  -24.597  47.853 0.6000000238
76620  21.401  -24.758  48.580 0.5000000000
76569  18.264  -24.183  50.994 0.5000000000
76685  20.153  -24.462  46.355 0.5000000000
76664  20.276  -24.509  47.091 0.5000000000
76602  18.378  -24.506  49.242 0.5000000000
67484  27.177  -30.406  46.569 0.2000000030
67483  27.506  -30.028  46.672 0.1000000015
76686  19.441  -24.445  46.261 0.6000000238
76603  17.513  -24.273  49.098 0.5000000000
68692  27.381  -29.407  45.014 0.2000000030
68702  27.611  -28.935  44.826 0.1000000015
76704  18.635  -24.332  45.371 0.5000000000
68703  27.157  -29.267  44.451 0.2000000030
69953  27.507  -28.704  44.365 0.1000000015
76721  16.193  -24.796  43.914 0.3000000119
76604  17.002  -24.166  48.647 0.5000000000
69963  27.708  -28.326  44.040 0.1000000015
69976  27.549  -28.151  43.514 0.1000000015
78115  16.282  -23.958  47.893 0.5000000000
76708  15.457  -24.804  44.658 0.3000000119
76709  15.002  -25.044  44.917 0.3000000119
78126  15.676  -23.941  47.005 0.5000000000
76692  14.736  -24.835  45.469 0.3000000119
76670  15.668  -24.128  46.349 0.5000000000
79536  23.685  -23.399  54.592 0.2000000030
79517  26.276  -22.597  55.137 0.1000000015
77983  25.402  -23.123  54.727 0.2000000030
79546  26.266  -22.220  53.167 0.4000000060
79590  25.922  -22.704  51.375 0.6999999881
79577  26.041  -22.744  52.288 0.6999999881
78084  24.457  -23.459  49.342 0.6999999881
75193  20.804  -24.912  53.598 0.4000000060
64933  27.883  -32.162  51.115 0.1000000015
63601  26.930  -32.833  51.899 0.2000000030
63610  26.016  -32.721  50.991 0.2000000030
75199  23.533  -24.853  52.040 0.5000000000
76526  23.995  -24.723  52.773 0.4000000060
76511  24.436  -24.527  53.696 0.3000000119
76497  24.909  -24.181  54.092 0.2000000030
63626  24.893  -32.662  49.635 0.2000000030
78099  24.180  -23.461  48.711 0.6000000238
75224  22.765  -25.052  51.136 0.5000000000
75212  23.183  -24.975  51.555 0.5000000000
75200  23.041  -25.078  52.219 0.5000000000
76556  19.779  -24.778  51.383 0.5000000000
63731  22.741  -32.190  45.827 0.2000000030
66306  19.972  -30.794  43.080 0.2000000030
68754  18.797  -29.442  41.525 0.3000000119
76701  20.746  -24.396  45.710 0.6000000238
78114  22.982  -24.009  47.347 0.6000000238
76599  21.788  -24.843  49.067 0.6000000238
75236  21.867  -25.126  50.429 0.6000000238
76568  19.150  -24.635  50.772 0.5000000000
68740  18.443  -29.736  42.443 0.3000000119
72649  17.658  -26.875  41.074 0.4000000060
76734  19.769  -24.299  44.373 0.6000000238
78124  22.672  -24.008  46.617 0.6000000238
76621  20.666  -24.814  48.461 0.5000000000
75252  21.674  -25.051  49.684 0.6000000238
76583  18.671  -24.532  50.063 0.5000000000
64956  27.144  -31.600  49.011 0.2000000030
66226  26.991  -31.264  47.653 0.2000000030
76755  18.462  -24.120  42.792 0.4000000060
78156  20.165  -24.298  44.378 0.6000000238
78145  21.480  -24.221  45.291 0.6000000238
76665  19.545  -24.501  47.014 0.5000000000
76641  20.441  -24.620  47.820 0.5000000000
67493  27.073  -30.292  46.095 0.2000000030
67502  26.459  -30.387  44.861 0.2000000030
67501  26.930  -29.986  45.112 0.2000000030
68704  26.736  -29.506  44.131 0.2000000030
76705  17.875  -24.278  45.196 0.5000000000
76687  18.711  -24.416  46.141 0.6000000238
76626  16.869  -24.254  48.032 0.5000000000
68713  26.878  -29.128  43.882 0.2000000030
69965  26.810  -28.815  43.461 0.2000000030
76706  17.074  -24.281  45.007 0.5000000000
69978  26.470  -28.648  42.841 0.2000000030
69998  25.957  -28.160  41.785 0.2000000030
71190  26.833  -27.994  42.533 0.2000000030
71203  26.963  -27.401  41.870 0.2000000030
76707  16.242  -24.382  44.806 0.4000000060
78125  16.158  -23.988  47.307 0.5000000000
76691  15.532  -24.402  45.570 0.4000000060
81071  25.905  -22.639  54.797 0.3000000119
81072  25.257  -22.616  54.565 0.2000000030
79502  25.000  -23.066  55.243 0.2000000030
81123  26.887  -21.729  52.243 0.6999999881
81104  26.711  -21.782  52.944 0.5000000000
79560  26.394  -22.251  52.603 0.6999999881
63608  27.483  -32.490  51.644 0.2000000030
78083  24.862  -23.244  49.796 0.6999999881
63609  26.637  -32.495  51.320 0.2000000030
79629  24.511  -23.148  48.887 0.8000000119
75178  23.451  -25.047  53.490 0.4000000060
63615  26.419  -32.399  50.500 0.2000000030
63625  25.556  -32.573  49.740 0.2000000030
78112  24.056  -23.370  48.085 0.6000000238
75213  22.563  -25.146  51.675 0.5000000000
63659  25.490  -32.507  48.378 0.2000000030
63701  23.296  -32.427  46.834 0.2000000030
65057  21.024  -31.465  43.980 0.2000000030
78113  23.618  -23.572  47.576 0.6999999881
65044  22.888  -31.626  44.521 0.2000000030
65056  21.670  -31.491  43.950 0.2000000030
78134  22.164  -24.149  45.938 0.6000000238
66236  26.906  -30.874  46.708 0.2000000030
66314  20.977  -30.726  42.292 0.3000000119
68766  18.881  -29.016  40.926 0.3000000119
75377  17.989  -25.219  41.350 0.4000000060
78169  20.066  -24.134  43.746 0.6000000238
78144  22.517  -23.748  44.976 0.6999999881
66244  26.508  -30.821  45.710 0.2000000030
66257  26.482  -30.538  45.145 0.2000000030
78155  20.760  -24.243  44.543 0.6999999881
76625  17.526  -24.355  48.203 0.5000000000
66258  25.931  -30.913  44.928 0.2000000030
67523  25.816  -29.910  43.576 0.2000000030
67513  26.358  -30.034  44.319 0.2000000030
68714  26.384  -29.360  43.513 0.2000000030
68725  26.027  -29.156  42.888 0.2000000030
76688  17.954  -24.359  46.007 0.5000000000
76666  18.804  -24.465  46.913 0.5000000000
68727  24.897  -29.409  42.292 0.2000000030
68726  25.437  -29.264  42.576 0.2000000030
69990  25.104  -28.719  41.690 0.2000000030
69989  25.611  -28.693  42.028 0.2000000030
76646  16.716  -24.250  47.337 0.5000000000
69999  25.476  -28.232  41.443 0.2000000030
71214  26.122  -27.481  41.211 0.2000000030
71225  25.561  -27.344  40.597 0.2000000030
72663  25.960  -26.911  40.411 0.2000000030
84324  27.780  -20.475  52.157 0.8000000119
84339  27.751  -20.555  51.540 0.8000000119
82678  27.461  -21.088  51.974 0.8000000119
82679  27.216  -21.316  52.329 0.6999999881
81159  26.667  -21.786  50.927 0.6999999881
81143  26.358  -22.091  51.221 0.6999999881
81160  26.227  -22.129  50.738 0.6999999881
79603  25.797  -22.565  50.437 0.6999999881
79628  25.022  -22.709  49.088 0.6999999881
75190  22.921  -25.170  52.941 0.5000000000
64939  27.032  -31.970  50.579 0.2000000030
63624  26.219  -32.388  49.818 0.2000000030
63639  25.479  -32.539  49.098 0.2000000030
79640  24.461  -22.990  48.371 0.8000000119
75237  21.146  -25.165  50.311 0.6000000238
75226  21.432  -25.190  51.058 0.6000000238
64946  26.840  -32.021  49.836 0.2000000030
63658  25.966  -32.360  48.652 0.2000000030
63679  25.290  -32.468  47.547 0.2000000030
63720  23.689  -32.343  46.118 0.2000000030
79647  23.773  -23.256  47.093 0.6999999881
75253  20.959  -25.090  49.623 0.6000000238
75238  20.462  -25.100  50.132 0.5000000000
76567  19.862  -24.960  50.527 0.5000000000
76582  19.414  -24.860  49.980 0.5000000000
78123  23.362  -23.524  46.734 0.6000000238
75268  20.833  -24.992  49.031 0.5000000000
76581  19.972  -25.012  49.888 0.5000000000
76601  19.171  -24.778  49.282 0.5000000000
76624  18.243  -24.471  48.388 0.5000000000
66290  21.922  -31.201  43.343 0.2000000030
68753  19.735  -29.733  41.058 0.3000000119
70015  18.152  -27.951  40.832 0.3000000119
76770  18.688  -24.236  41.927 0.5000000000
78191  20.426  -23.788  42.836 0.5000000000
78168  21.065  -23.867  43.547 0.6000000238
76622  19.863  -24.811  48.582 0.5000000000
76644  18.157  -24.435  47.576 0.5000000000
68738  24.581  -29.155  41.772 0.2000000030
76645  17.427  -24.376  47.442 0.5000000000
71239  23.134  -27.824  39.169 0.2000000030
70011  23.763  -28.355  40.311 0.2000000030
70000  24.737  -28.446  41.142 0.2000000030
71216  24.737  -27.931  40.629 0.2000000030
81438  21.472  -22.173  37.299 0.2000000030
75465  21.199  -25.084  36.917 0.2000000030
71262  22.946  -27.226  38.258 0.2000000030
71248  23.372  -27.392  38.721 0.2000000030
71236  24.660  -27.343  39.780 0.2000000030
72681  24.595  -27.069  39.370 0.2000000030
76669  16.423  -24.184  46.613 0.5000000000
83027  21.931  -21.461  37.833 0.2000000030
79855  21.187  -23.216  36.750 0.2000000030
75486  21.625  -24.874  36.488 0.2000000030
72731  23.232  -26.477  37.509 0.2000000030
72713  23.590  -26.759  38.100 0.2000000030
72695  24.795  -26.777  39.130 0.2000000030
72680  25.114  -26.934  39.666 0.2000000030
74084  25.515  -26.620  39.585 0.2000000030
74064  26.288  -26.583  40.259 0.2000000030
76689  17.159  -24.282  45.869 0.5000000000
84640  23.396  -20.097  38.873 0.4000000060
83050  22.025  -21.474  37.049 0.2000000030
79854  21.540  -22.714  36.520 0.2000000030
74142  23.889  -26.077  37.424 0.2000000030
74122  24.548  -26.283  38.291 0.2000000030
74101  25.276  -26.372  39.029 0.2000000030
76690  16.348  -24.235  45.702 0.5000000000
86314  23.798  -19.815  39.406 0.4000000060
84658  23.260  -19.960  38.171 0.3000000119
87973  24.591  -18.954  39.630 0.5000000000
84354  27.996  -20.029  51.269 0.8000000119
82713  27.325  -20.889  50.482 0.8000000119
82698  27.316  -21.183  51.231 0.6999999881
81173  26.584  -21.681  50.340 0.6999999881
79614  25.571  -22.356  49.717 0.6999999881
64970  26.589  -31.919  48.349 0.2000000030
64983  26.009  -32.209  47.770 0.2000000030
63719  24.556  -32.187  45.862 0.2000000030
63729  23.914  -32.114  45.477 0.2000000030
79654  23.810  -23.061  46.722 0.6999999881
75254  20.381  -25.045  49.488 0.5000000000
64982  26.495  -31.661  47.265 0.2000000030
64993  26.310  -31.428  46.343 0.2000000030
63718  25.104  -32.060  45.968 0.2000000030
63728  24.390  -31.962  45.371 0.2000000030
75269  20.304  -24.965  48.969 0.5000000000
76623  19.031  -24.634  48.494 0.5000000000
65009  26.161  -31.289  45.844 0.2000000030
65043  23.680  -31.482  44.334 0.2000000030
66289  22.697  -31.095  43.323 0.3000000119
70013  19.191  -28.740  40.309 0.3000000119
75394  18.150  -25.727  40.624 0.4000000060
78153  22.428  -23.430  44.087 0.6999999881
76642  19.676  -24.598  47.782 0.5000000000
76643  18.907  -24.524  47.696 0.5000000000
66286  25.084  -30.386  43.501 0.2000000030
66313  21.624  -30.687  42.196 0.3000000119
68764  20.278  -29.625  40.621 0.3000000119
72665  18.387  -26.859  40.024 0.4000000060
75393  18.604  -25.090  40.593 0.4000000060
76769  19.281  -23.957  41.695 0.4000000060
78167  21.947  -23.425  43.389 0.6000000238
67537  24.363  -29.919  42.477 0.2000000030
71240  19.370  -27.875  39.480 0.4000000060
74065  18.499  -26.011  40.009 0.4000000060
78232  19.915  -23.740  41.460 0.4000000060
78190  21.311  -23.443  42.588 0.6000000238
76668  17.284  -24.338  46.679 0.5000000000
72700  19.148  -26.703  39.087 0.4000000060
76812  19.103  -24.727  40.084 0.4000000060
78248  19.876  -23.754  40.708 0.4000000060
78362  20.981  -23.703  36.943 0.3000000119
74145  21.446  -25.820  37.063 0.2000000030
74144  22.209  -25.866  36.817 0.2000000030
78213  21.055  -23.199  41.727 0.6000000238
76899  21.882  -24.314  36.154 0.2000000030
74143  23.014  -26.061  37.005 0.2000000030
72730  23.563  -26.439  37.674 0.2000000030
72712  24.108  -26.609  38.282 0.2000000030
78389  21.961  -23.451  35.909 0.2000000030
74159  22.793  -25.631  36.523 0.2000000030
74158  23.458  -25.690  36.664 0.2000000030
75463  24.088  -25.640  36.919 0.2000000030
75462  24.565  -25.503  37.086 0.2000000030
74121  25.415  -25.737  38.167 0.2000000030
83026  22.415  -20.902  37.511 0.2000000030
81447  21.825  -21.972  36.642 0.2000000030
76930  22.414  -24.032  35.731 0.2000000030
76929  23.145  -24.342  35.625 0.2000000030
75482  24.959  -25.000  36.711 0.2000000030
87972  25.031  -18.688  39.895 0.5000000000
87946  25.167  -18.775  40.527 0.5000000000
86061  28.113  -19.458  50.180 0.6999999881
84355  27.686  -20.378  50.843 0.6999999881
86062  27.731  -19.778  49.866 0.6999999881
84388  27.415  -20.142  49.570 0.6999999881
84372  27.256  -20.590  49.812 0.6999999881
86077  27.692  -19.587  49.206 0.6999999881
84406  27.286  -20.006  49.028 0.6999999881
82741  26.516  -21.160  48.967 0.6999999881
82742  26.039  -21.512  48.814 0.6999999881
81187  26.391  -21.530  49.735 0.6999999881
81219  25.692  -21.717  48.060 0.6999999881
81205  25.320  -22.109  48.399 0.6999999881
79646  24.291  -22.842  47.350 0.6999999881
79660  23.605  -23.072  46.050 0.6999999881
65027  25.468  -31.436  45.160 0.3000000119
65028  24.905  -31.714  45.188 0.3000000119
79679  22.927  -23.227  44.534 0.6999999881
79669  22.987  -23.369  44.939 0.6999999881
66272  25.000  -30.972  44.186 0.2000000030
66273  24.140  -31.128  43.942 0.3000000119
66288  23.543  -30.973  43.460 0.3000000119
67549  23.568  -29.652  41.592 0.2000000030
66301  23.812  -30.448  42.812 0.3000000119
67550  22.705  -30.114  41.754 0.3000000119
67573  21.099  -29.797  40.716 0.3000000119
78189  21.827  -23.249  42.832 0.6999999881
68760  23.238  -28.804  40.403 0.2000000030
67560  23.268  -29.361  41.100 0.2000000030
70024  20.511  -28.639  39.410 0.3000000119
70036  19.588  -27.971  39.378 0.3000000119
76667  18.055  -24.412  46.794 0.5000000000
71250  21.911  -27.724  38.439 0.2000000030
72699  19.693  -26.619  38.536 0.4000000060
75423  19.144  -25.556  39.117 0.4000000060
76798  19.418  -24.181  40.361 0.4000000060
78231  20.553  -23.349  41.112 0.4000000060
76868  20.780  -24.430  37.139 0.2000000030
78269  19.800  -23.882  40.022 0.4000000060
81428  21.559  -21.905  38.032 0.3000000119
81429  21.200  -22.385  37.958 0.3000000119
75483  24.049  -25.223  36.403 0.2000000030
86286  24.257  -19.657  40.264 0.4000000060
86313  24.167  -19.258  39.241 0.3000000119
86329  23.761  -19.431  38.547 0.3000000119
84676  22.858  -20.348  37.050 0.2000000030
83049  22.487  -20.942  36.703 0.2000000030
79868  22.168  -22.668  35.706 0.2000000030
78388  22.761  -23.335  35.377 0.2000000030
76897  24.157  -24.795  36.065 0.2000000030
76927  24.884  -24.153  35.812 0.2000000030
87989  24.952  -18.540  39.355 0.3000000119
86341  23.451  -19.491  37.657 0.2000000030
83091  22.326  -21.546  35.835 0.2000000030
81456  22.453  -21.986  35.535 0.2000000030
76928  24.067  -24.425  35.713 0.2000000030
89602  25.995  -18.176  41.258 0.5000000000
87990  24.521  -18.674  38.817 0.3000000119
89601  26.311  -17.756  40.858 0.5000000000
90963  29.342  -17.474  49.828 0.8000000119
89499  28.998  -17.968  49.906 0.8000000119
87770  28.704  -18.441  50.032 0.8000000119
87771  28.433  -18.827  49.865 0.6999999881
87778  28.140  -18.933  48.977 0.6999999881
87779  27.790  -19.327  48.771 0.6999999881
84407  26.928  -20.239  48.419 0.6999999881
84389  27.060  -20.538  49.297 0.6999999881
89508  28.583  -18.345  49.358 0.6999999881
86091  27.192  -19.726  48.192 0.6999999881
82757  26.413  -20.876  48.015 0.6999999881
82775  25.451  -21.577  47.145 0.6999999881
81220  25.253  -21.951  47.564 0.6999999881
82773  26.273  -20.784  47.566 0.6999999881
82774  25.907  -21.212  47.423 0.6999999881
81221  24.802  -22.240  47.159 0.6999999881
82790  25.536  -21.377  46.822 0.6999999881
81236  25.139  -21.806  46.762 0.6999999881
81251  24.377  -22.303  45.893 0.6999999881
79653  24.103  -22.692  46.364 0.6999999881
81266  24.343  -22.100  45.055 0.6999999881
79659  23.978  -22.638  45.599 0.6999999881
79668  23.432  -22.990  45.095 0.6999999881
78143  22.994  -23.435  45.193 0.6999999881
79678  23.261  -22.858  44.369 0.6999999881
67561  22.829  -29.596  41.114 0.2000000030
68751  22.440  -29.384  40.610 0.2000000030
70023  21.323  -28.631  39.227 0.2000000030
79690  23.326  -22.640  44.025 0.6999999881
79691  22.869  -22.889  43.785 0.6999999881
70021  22.677  -28.304  39.406 0.2000000030
68771  22.291  -28.656  39.594 0.2000000030
70033  21.566  -28.170  38.795 0.2000000030
71252  20.296  -27.391  38.495 0.3000000119
81296  22.993  -22.585  43.325 0.6999999881
79692  22.416  -23.054  43.368 0.6999999881
72716  21.209  -26.490  37.509 0.2000000030
76869  20.333  -24.546  37.622 0.3000000119
74126  19.978  -25.987  38.060 0.3000000119
75442  19.748  -25.231  38.297 0.3000000119
75422  19.459  -25.104  38.837 0.4000000060
79704  21.823  -23.086  42.494 0.6999999881
78335  20.517  -23.746  37.689 0.3000000119
81414  21.151  -22.393  38.792 0.3000000119
76827  19.608  -24.465  39.093 0.4000000060
76811  19.465  -24.350  39.740 0.4000000060
78247  20.289  -23.478  40.267 0.4000000060
78230  20.986  -23.076  41.291 0.5000000000
79726  21.609  -22.993  41.987 0.6999999881
84620  23.480  -20.427  39.570 0.4000000060
83002  22.504  -20.941  38.538 0.3000000119
83003  21.877  -21.610  38.576 0.3000000119
86263  24.783  -19.263  40.953 0.5000000000
87945  25.590  -18.513  41.016 0.5000000000
87928  25.290  -18.945  41.316 0.5000000000
78387  23.645  -23.715  35.234 0.2000000030
89589  26.474  -17.850  41.665 0.5000000000
86354  23.013  -20.108  36.630 0.2000000030
83090  22.744  -21.303  35.418 0.2000000030
89616  25.770  -18.061  40.313 0.4000000060
89642  25.317  -18.269  39.642 0.4000000060
88001  23.825  -18.902  37.826 0.3000000119
91053  26.962  -17.476  42.018 0.5000000000
92539  31.293  -15.889  49.556 0.6999999881
92540  30.641  -16.384  49.874 0.6999999881
92550  30.198  -16.561  49.362 0.6999999881
90972  29.296  -17.400  49.380 0.8000000119
89515  28.473  -18.220  48.547 0.6999999881
92558  30.172  -16.455  48.526 0.6999999881
90971  29.714  -16.939  48.991 0.8000000119
89507  28.887  -17.809  48.996 0.6999999881
87786  27.772  -19.103  48.347 0.6999999881
86112  27.028  -19.743  47.747 0.6999999881
84425  26.565  -20.341  47.448 0.6999999881
90979  29.244  -17.305  48.559 0.6999999881
89522  28.347  -17.992  47.604 0.6999999881
87795  28.040  -18.436  47.733 0.6999999881
86134  27.251  -19.265  47.419 0.6999999881
86135  26.896  -19.610  46.970 0.6999999881
84426  26.217  -20.726  47.339 0.6999999881
84442  26.518  -20.124  46.629 0.6999999881
84461  26.138  -20.417  46.005 0.6999999881
82806  25.379  -21.328  46.228 0.6999999881
81250  24.849  -21.793  45.889 0.6999999881
82805  25.696  -20.938  45.943 0.6999999881
81265  24.821  -21.614  45.329 0.6999999881
82833  24.838  -21.467  44.972 0.6999999881
81279  23.707  -22.493  44.425 0.6999999881
81278  24.162  -21.895  44.019 0.6999999881
81295  23.450  -22.293  43.524 0.6999999881
79702  22.671  -22.763  43.131 0.6999999881
78313  20.408  -23.505  38.193 0.3000000119
78336  20.276  -24.196  37.964 0.3000000119
76826  19.900  -24.320  38.648 0.3000000119
79725  22.174  -22.745  42.171 0.6000000238
81394  21.666  -21.972  39.174 0.3000000119
79816  20.814  -22.813  39.219 0.3000000119
78291  19.959  -23.934  39.013 0.3000000119
78268  20.120  -23.646  39.579 0.4000000060
79774  20.785  -23.043  40.435 0.4000000060
79750  21.378  -22.850  41.311 0.4000000060
84595  23.799  -20.416  40.309 0.4000000060
82979  22.885  -20.997  39.544 0.3000000119
81395  21.324  -22.368  39.579 0.4000000060
79798  21.043  -22.744  39.936 0.4000000060
91032  28.073  -16.804  43.187 0.6000000238
89590  26.144  -18.303  42.001 0.5000000000
84594  24.046  -20.163  40.503 0.4000000060
81372  21.408  -22.424  40.085 0.4000000060
91033  27.669  -17.306  43.595 0.6000000238
87927  25.737  -18.628  41.648 0.5000000000
91042  27.037  -17.539  42.493 0.6000000238
91041  27.534  -17.139  42.552 0.6000000238
89641  25.598  -17.821  39.372 0.4000000060
91065  26.814  -17.384  41.178 0.4000000060
89658  25.521  -17.736  38.979 0.4000000060
92548  31.348  -15.815  49.148 0.6999999881
94068  32.252  -15.339  48.390 0.8999999762
92549  30.897  -16.064  48.976 0.6999999881
94069  31.471  -15.666  48.374 0.8999999762
92557  30.721  -15.999  48.024 0.6999999881
92565  29.961  -16.401  47.586 0.6999999881
90978  29.623  -16.837  48.171 0.6999999881
89521  28.732  -17.571  47.740 0.6999999881
89531  27.828  -18.333  47.039 0.6999999881
92566  29.503  -16.707  47.492 0.6999999881
90996  28.636  -17.414  47.025 0.6999999881
87827  27.239  -18.713  45.996 0.6999999881
86152  26.744  -19.667  46.280 0.6999999881
84460  26.491  -20.037  46.198 0.6999999881
82831  25.754  -20.747  45.579 0.6999999881
92564  30.612  -15.855  47.169 0.8000000119
90995  29.014  -16.956  46.678 0.6999999881
82832  25.280  -21.123  45.393 0.6999999881
84482  25.769  -20.406  45.027 0.6999999881
82858  25.094  -21.074  44.676 0.6999999881
82859  24.665  -21.443  44.399 0.6999999881
82885  24.986  -20.947  44.078 0.6999999881
81311  22.984  -22.376  42.851 0.6999999881
92594  29.382  -16.275  45.154 0.6999999881
92605  28.866  -16.493  44.499 0.6999999881
81329  22.748  -22.221  41.961 0.6000000238
81330  22.278  -22.481  41.742 0.5000000000
92604  29.527  -16.064  44.434 0.6999999881
91023  28.201  -16.945  44.063 0.6000000238
89579  26.195  -18.470  42.470 0.6000000238
87912  25.903  -18.746  42.273 0.6000000238
82954  22.534  -21.471  39.967 0.3000000119
79773  21.332  -22.637  40.571 0.4000000060
79772  21.770  -22.480  40.996 0.5000000000
92618  28.682  -16.449  43.504 0.6999999881
87913  25.467  -19.081  42.028 0.6000000238
81371  21.983  -22.030  40.235 0.4000000060
89578  26.653  -18.038  42.648 0.6000000238
86245  24.986  -19.435  41.725 0.6000000238
84575  24.067  -20.398  40.949 0.6000000238
91075  26.114  -17.607  40.201 0.4000000060
91040  28.015  -16.721  42.686 0.5000000000
91097  26.049  -17.486  39.710 0.4000000060
91052  27.383  -17.036  41.521 0.5000000000
91064  27.231  -16.935  40.676 0.4000000060
91074  26.559  -17.314  40.286 0.4000000060
91096  26.665  -16.950  39.265 0.4000000060
94053  31.873  -15.629  49.116 0.8000000119
94052  32.690  -15.335  48.938 0.8000000119
94038  32.628  -15.367  49.687 0.8000000119
94081  32.586  -15.038  47.809 0.8000000119
95577  33.134  -14.894  47.851 0.6999999881
94082  31.938  -15.294  47.702 0.8000000119
87810  27.312  -18.924  46.722 0.6999999881
94096  32.372  -15.031  47.162 0.8000000119
94097  31.776  -15.270  46.948 0.8000000119
94083  31.275  -15.616  47.480 0.8000000119
89540  27.991  -17.696  45.699 0.6999999881
89541  27.603  -18.269  46.117 0.6999999881
87828  26.996  -19.148  46.098 0.6999999881
86170  26.713  -19.466  45.688 0.6999999881
92573  30.631  -15.778  46.670 0.8000000119
91004  28.941  -16.855  46.227 0.6999999881
89530  28.184  -17.827  46.594 0.6999999881
86171  26.321  -19.854  45.383 0.6999999881
94098  31.129  -15.569  46.655 0.8000000119
92574  30.116  -16.032  46.528 0.6999999881
92584  29.300  -16.503  46.091 0.6999999881
84498  25.641  -20.033  44.111 0.6999999881
84499  25.319  -20.591  44.370 0.6999999881
94114  31.771  -15.184  46.112 0.8000000119
94115  31.111  -15.466  45.898 0.8000000119
92583  29.925  -16.006  45.562 0.6999999881
92595  28.820  -16.679  45.505 0.6999999881
91014  28.213  -17.186  45.079 0.6999999881
91024  27.752  -17.464  44.484 0.6999999881
84514  25.067  -20.303  43.438 0.6999999881
84515  24.626  -20.749  43.130 0.6999999881
82886  24.564  -21.172  43.584 0.6999999881
82909  24.310  -21.124  42.840 0.6999999881
81310  23.541  -21.794  42.531 0.6999999881
94131  30.401  -15.667  45.004 0.6999999881
89560  27.324  -17.843  44.051 0.6000000238
89569  27.175  -17.669  43.202 0.6000000238
81352  22.248  -22.261  41.252 0.5000000000
92593  29.874  -15.898  44.807 0.6999999881
89570  26.863  -18.168  43.590 0.6000000238
82953  22.988  -21.268  40.325 0.4000000060
82939  23.244  -21.300  40.823 0.5000000000
94146  30.262  -15.671  44.252 0.6999999881
92616  29.826  -15.842  44.041 0.6999999881
84576  23.766  -20.726  40.734 0.5000000000
81351  22.805  -21.728  40.960 0.5000000000
92617  29.415  -16.066  43.684 0.6999999881
92631  28.489  -16.429  42.661 0.6000000238
91126  26.148  -17.072  37.899 0.4000000060
91073  27.159  -16.826  39.882 0.4000000060
92685  27.198  -16.596  39.090 0.4000000060
92645  27.911  -16.639  41.741 0.5000000000
91095  27.146  -16.693  39.427 0.4000000060
92684  27.581  -16.468  39.430 0.4000000060
94067  32.963  -15.063  48.389 0.8000000119
94051  33.168  -15.094  48.843 0.6999999881
95549  32.891  -15.055  50.284 0.6000000238
94066  33.359  -14.974  48.622 0.6999999881
95591  33.571  -14.712  47.497 0.6999999881
87846  27.308  -18.449  45.652 0.6999999881
95592  32.976  -14.872  47.296 0.8000000119
89551  27.455  -18.053  45.085 0.6999999881
89552  26.982  -18.496  44.876 0.6999999881
87847  26.977  -18.806  45.396 0.6999999881
91015  27.801  -17.567  44.976 0.6999999881
89561  26.961  -18.333  44.363 0.6999999881
87862  26.663  -18.896  44.616 0.6999999881
86186  26.166  -19.567  44.573 0.6999999881
94113  32.244  -15.026  46.552 0.8000000119
87863  26.304  -19.064  44.078 0.6999999881
86204  25.912  -19.417  43.648 0.6999999881
84513  25.506  -19.845  43.634 0.6999999881
82910  23.954  -21.310  42.456 0.6000000238
84535  24.593  -20.411  42.627 0.6000000238
82925  24.210  -20.914  42.192 0.6000000238
94130  31.000  -15.454  45.180 0.8000000119
87894  26.113  -18.823  42.940 0.6000000238
87895  25.687  -19.133  42.571 0.6000000238
84556  24.363  -20.387  41.792 0.6000000238
82926  23.777  -21.254  41.925 0.6000000238
81328  23.323  -21.619  41.599 0.5000000000
94144  31.495  -15.214  44.623 0.8000000119
81350  23.258  -21.437  41.133 0.5000000000
94145  30.920  -15.460  44.428 0.6999999881
94163  30.160  -15.679  43.428 0.6999999881
92655  27.789  -16.576  40.959 0.5000000000
92683  28.186  -16.209  39.673 0.4000000060
92630  29.171  -16.125  42.880 0.6000000238
92644  28.464  -16.332  41.899 0.6000000238
92654  28.361  -16.266  41.172 0.5000000000
95548  33.398  -14.925  49.829 0.6999999881
95576  33.619  -14.835  48.239 0.6999999881
95563  33.708  -14.874  49.025 0.6999999881
95547  34.046  -14.642  49.661 0.6000000238
95590  34.281  -14.518  47.762 0.6999999881
95575  34.319  -14.645  48.537 0.6999999881
95562  34.575  -14.445  49.221 0.6999999881
95589  34.774  -14.426  48.221 0.6999999881
95603  34.022  -14.416  47.017 0.6999999881
97137  34.515  -14.179  46.521 0.6999999881
95605  32.809  -14.874  46.630 0.6999999881
95618  33.894  -14.381  46.286 0.6999999881
97156  34.444  -14.168  45.759 0.6999999881
95619  33.278  -14.645  46.074 0.8000000119
95635  33.815  -14.399  45.524 0.8000000119
87879  26.286  -18.889  43.586 0.6000000238
95620  32.563  -14.875  45.886 0.8000000119
95636  33.195  -14.636  45.304 0.8000000119
87878  26.604  -18.648  43.925 0.6000000238
86223  25.685  -19.345  43.011 0.6000000238
95621  32.097  -14.993  45.449 0.8000000119
95655  33.176  -14.679  44.535 0.8000000119
87893  26.511  -18.519  43.334 0.6000000238
86205  25.453  -19.685  43.286 0.6000000238
94129  31.570  -15.196  45.351 0.8000000119
95638  32.041  -14.975  44.814 0.8000000119
95656  32.588  -14.861  44.307 0.8000000119
86224  25.167  -19.623  42.636 0.6000000238
86225  24.787  -19.960  42.577 0.6000000238
95657  32.016  -15.024  44.092 0.8000000119
95671  32.542  -14.887  43.569 0.8000000119
94161  31.480  -15.236  43.865 0.6999999881
95681  32.412  -14.945  42.807 0.8000000119
95690  32.487  -14.945  42.009 0.8000000119
94162  30.882  -15.461  43.638 0.6999999881
94187  31.997  -15.113  42.461 0.8000000119
95697  32.324  -14.979  41.247 0.6999999881
94178  30.877  -15.466  42.825 0.6999999881
94188  31.496  -15.326  42.278 0.6999999881
94199  31.577  -15.360  41.443 0.6999999881
94179  30.248  -15.639  42.562 0.6000000238
94189  30.889  -15.520  42.023 0.6999999881
92682  28.785  -15.974  39.866 0.4000000060
92643  29.045  -16.072  42.122 0.5000000000
88119  27.985  -18.430  32.659 0.1000000015
88090  28.201  -18.950  32.895 0.1000000015
86438  29.249  -19.440  33.469 0.1000000015
86379  30.702  -20.021  35.781 0.1000000015
97135  35.798  -13.987  47.189 0.8000000119
97134  36.453  -13.799  47.538 0.6000000238
95574  34.874  -14.409  48.767 0.6999999881
97117  35.094  -14.215  47.648 0.6999999881
97100  35.296  -14.215  48.397 0.6999999881
97155  35.115  -14.000  46.036 0.6999999881
97171  34.381  -14.217  44.985 0.8000000119
95654  33.777  -14.470  44.761 0.8000000119
95669  33.732  -14.505  44.012 0.8000000119
95670  33.139  -14.703  43.790 0.8000000119
95679  33.646  -14.437  43.295 0.8000000119
95680  33.086  -14.684  43.052 0.8000000119
95689  33.161  -14.655  42.212 0.8000000119
95711  32.850  -14.573  40.090 0.6999999881
95703  32.894  -14.626  40.732 0.6999999881
95704  32.374  -14.854  40.432 0.6000000238
95712  32.400  -14.733  39.603 0.5000000000
95728  32.136  -14.762  38.786 0.5000000000
95698  31.899  -15.120  40.784 0.5000000000
94222  31.294  -15.397  39.923 0.5000000000
95729  31.450  -15.145  38.603 0.5000000000
95730  31.077  -15.316  38.310 0.5000000000
94210  30.758  -15.556  40.455 0.6000000238
94209  31.384  -15.368  40.660 0.5000000000
94243  30.685  -15.530  38.718 0.5000000000
95748  30.838  -15.396  38.030 0.5000000000
94190  30.233  -15.655  41.791 0.6000000238
94211  30.098  -15.668  40.236 0.6000000238
94223  30.685  -15.562  39.667 0.5000000000
94257  30.234  -15.611  37.842 0.5000000000
94276  29.706  -15.674  36.363 0.5000000000
94180  29.649  -15.813  42.324 0.6000000238
94191  29.583  -15.794  41.577 0.5000000000
94212  29.429  -15.801  40.041 0.5000000000
94224  30.011  -15.689  39.430 0.5000000000
94258  29.452  -15.774  37.988 0.5000000000
94288  29.172  -15.764  35.764 0.5000000000
94299  29.316  -15.666  34.967 0.4000000060
92704  28.680  -15.977  39.153 0.5000000000
94278  28.376  -16.061  36.391 0.5000000000
94300  28.671  -15.867  35.152 0.5000000000
94340  28.820  -15.865  33.775 0.3000000119
91233  28.250  -17.184  32.533 0.1000000015
89785  28.898  -17.843  32.254 0.1000000015
92806  27.396  -16.840  33.287 0.3000000119
89786  28.178  -17.936  32.475 0.1000000015
88089  29.008  -19.034  32.912 0.1000000015
88064  30.310  -19.342  33.784 0.1000000015
88118  28.605  -18.487  32.516 0.1000000015
86413  29.768  -19.576  34.083 0.1000000015
97068  35.188  -13.778  49.904 0.5000000000
97153  36.442  -13.686  46.782 0.6999999881
97116  35.832  -14.015  47.943 0.6999999881
97154  35.777  -13.841  46.402 0.6999999881
97170  35.026  -13.958  45.226 0.8000000119
97185  34.920  -13.998  44.449 0.8000000119
97195  34.819  -13.980  43.711 0.8000000119
97186  34.315  -14.250  44.231 0.8000000119
97196  34.225  -14.203  43.500 0.8000000119
97204  34.130  -14.160  42.767 0.8000000119
97212  33.918  -14.189  41.994 0.8000000119
97221  33.430  -14.355  40.941 0.8000000119
97231  33.354  -14.292  40.241 0.8000000119
97243  33.125  -14.253  39.458 0.6999999881
97255  32.531  -14.371  38.302 0.5000000000
95746  31.943  -14.677  37.890 0.5000000000
95758  31.487  -14.806  37.142 0.5000000000
95769  30.832  -15.151  36.582 0.5000000000
94287  29.923  -15.484  35.525 0.5000000000
94202  29.511  -15.787  40.811 0.5000000000
94298  29.869  -15.419  34.682 0.5000000000
92653  28.958  -16.008  41.371 0.5000000000
94316  29.895  -15.347  33.936 0.3000000119
92804  29.074  -16.028  32.996 0.1000000015
91232  29.248  -17.062  32.157 0.1000000015
89784  29.798  -17.766  32.126 0.1000000015
88088  30.017  -19.062  33.168 0.1000000015
86366  30.882  -20.235  36.364 0.1000000015
98576  37.668  -13.305  47.580 0.5000000000
98597  37.083  -13.499  47.170 0.6000000238
97168  36.374  -13.535  46.069 0.6999999881
97169  35.807  -13.664  45.500 0.6000000238
98627  36.774  -13.274  45.306 0.6999999881
98628  36.146  -13.435  44.787 0.8000000119
97194  35.404  -13.702  43.918 0.8000000119
97184  35.544  -13.704  44.662 0.8000000119
97203  34.724  -13.917  42.988 0.8000000119
97211  34.687  -13.801  42.168 0.8000000119
98684  34.968  -13.563  41.511 0.8000000119
97219  34.461  -13.837  41.419 0.8000000119
97229  34.376  -13.810  40.745 0.8000000119
98716  34.737  -13.478  40.300 0.8000000119
97230  33.890  -14.046  40.498 0.8000000119
97241  34.278  -13.726  40.180 0.8000000119
97242  33.861  -13.882  39.732 0.8000000119
98737  34.105  -13.528  39.176 0.8000000119
97273  33.532  -13.692  38.244 0.6999999881
97291  32.280  -14.283  37.243 0.5000000000
97307  31.898  -14.449  36.666 0.5000000000
95768  31.346  -14.729  36.228 0.5000000000
95796  30.313  -15.190  35.110 0.5000000000
95794  31.307  -14.424  34.619 0.3000000119
95815  30.811  -14.697  34.136 0.3000000119
94338  29.998  -15.334  33.234 0.2000000030
94367  29.658  -15.692  32.861 0.1000000015
94366  30.283  -15.441  32.516 0.1000000015
92836  29.637  -16.190  32.284 0.1000000015
91231  30.272  -16.913  31.894 0.1000000015
98575  38.284  -13.149  47.271 0.5000000000
98596  37.742  -13.248  46.887 0.5000000000
98613  37.907  -13.117  46.290 0.8000000119
98626  37.778  -12.897  45.562 0.8000000119
98614  37.153  -13.323  46.304 0.6999999881
98641  36.674  -13.159  44.347 0.8000000119
98654  36.505  -13.148  43.571 0.8000000119
98655  35.859  -13.364  43.387 0.8000000119
98683  35.447  -13.377  41.909 0.8000000119
98697  35.387  -13.321  41.125 0.8000000119
98714  35.784  -13.102  40.634 0.8000000119
98698  34.868  -13.543  40.930 0.8000000119
98735  35.160  -13.198  39.813 0.8000000119
98755  34.537  -13.285  38.933 0.8000000119
98779  34.969  -13.119  38.721 0.8000000119
98781  34.020  -13.410  37.883 0.6999999881
98807  33.832  -13.387  37.139 0.5000000000
98830  32.855  -13.750  36.311 0.4000000060
97322  32.379  -13.911  35.587 0.4000000060
97341  31.826  -14.146  35.113 0.4000000060
97360  32.397  -13.661  34.137 0.3000000119
97361  31.845  -14.034  34.358 0.3000000119
95836  31.431  -14.342  33.137 0.2000000030
95859  30.452  -15.013  33.079 0.2000000030
92860  30.928  -16.348  31.709 0.1000000015
98574  38.809  -12.960  46.985 0.5000000000
98595  38.371  -13.063  46.653 0.6000000238
98611  39.053  -12.667  45.819 0.6000000238
98612  38.447  -12.850  46.038 0.6999999881
98639  38.191  -12.688  44.887 0.8000000119
98640  37.516  -12.847  44.549 0.8000000119
98653  37.177  -12.912  43.733 0.8000000119
98668  36.365  -13.134  42.836 0.8000000119
98682  36.277  -13.062  42.010 0.8000000119
100319  36.501  -12.828  41.313 0.6999999881
98696  35.963  -13.098  41.283 0.6999999881
100341  36.319  -12.840  40.722 0.6999999881
100361  36.072  -12.882  40.102 0.8000000119
100379  35.685  -12.962  39.531 0.8000000119
100398  35.362  -12.998  38.991 0.8000000119
100419  34.872  -13.060  37.869 0.6999999881
98806  34.519  -13.161  37.476 0.6999999881
100471  34.859  -12.878  36.833 0.6000000238
98828  33.950  -13.237  36.369 0.4000000060
100498  34.463  -12.966  36.129 0.6000000238
98854  33.383  -13.391  35.818 0.4000000060
98853  33.963  -13.107  35.622 0.4000000060
98879  33.420  -13.237  35.111 0.4000000060
98904  33.453  -13.148  34.410 0.4000000060
98905  32.880  -13.409  34.634 0.3000000119
97376  32.602  -13.634  33.407 0.3000000119
97377  31.913  -13.969  33.633 0.3000000119
97375  33.260  -13.619  32.982 0.3000000119
97393  32.570  -14.053  32.664 0.3000000119
100204  40.566  -12.091  46.848 0.5000000000
100205  39.690  -12.571  46.590 0.6000000238
98593  39.397  -12.646  46.087 0.6000000238
100219  39.430  -12.583  45.489 0.8000000119
100257  38.362  -12.551  44.149 0.8000000119
100258  37.778  -12.676  43.779 0.8000000119
100297  37.399  -12.630  42.429 0.8000000119
100318  37.050  -12.640  41.687 0.8000000119
100340  36.908  -12.549  40.850 0.6999999881
100360  36.661  -12.583  40.142 0.8000000119
100378  36.322  -12.673  39.479 0.6999999881
100397  35.889  -12.765  38.850 0.6999999881
100396  36.583  -12.489  38.773 0.6999999881
100417  36.063  -12.601  38.101 0.6999999881
100416  36.825  -12.323  38.004 0.6999999881
100445  35.517  -12.708  37.445 0.6999999881
100469  36.393  -12.343  36.484 0.6999999881
100470  35.620  -12.544  36.654 0.6999999881
100497  35.029  -12.656  36.028 0.6000000238
100521  35.086  -12.573  35.279 0.5000000000
100545  34.564  -12.781  34.859 0.5000000000
98903  34.194  -12.959  34.182 0.4000000060
98926  34.080  -13.297  33.257 0.3000000119
98942  34.240  -13.625  32.765 0.3000000119
97391  34.041  -14.155  32.531 0.3000000119
100218  39.861  -12.558  45.772 0.6000000238
100217  40.580  -12.396  46.054 0.6000000238
100236  39.253  -12.536  44.972 0.8000000119
100256  39.146  -12.413  44.234 0.6999999881
100275  39.753  -12.274  43.602 0.8000000119
100276  38.995  -12.336  43.472 0.8000000119
100296  38.115  -12.435  42.536 0.8000000119
100317  37.890  -12.398  41.771 0.8000000119
100316  38.686  -12.231  41.882 0.8000000119
100338  38.469  -12.193  41.080 0.6999999881
100339  37.649  -12.375  40.979 0.8000000119
100376  37.827  -12.207  39.474 0.6999999881
100395  37.361  -12.239  38.724 0.6999999881
100443  37.053  -12.243  37.178 0.6999999881
100495  36.497  -12.312  35.630 0.6999999881
100520  35.756  -12.444  35.035 0.6999999881
100519  36.542  -12.446  34.776 0.6000000238
100543  35.726  -12.572  34.239 0.3000000119
98902  34.921  -12.913  33.759 0.3000000119
98901  35.718  -13.024  33.592 0.3000000119
98925  34.895  -13.498  33.019 0.3000000119
88184  36.620  -19.172  29.689 0.3000000119
97372  35.899  -14.296  33.202 0.3000000119
89832  34.665  -17.827  30.791 0.2000000030
95853  34.869  -14.532  32.753 0.2000000030
97390  34.661  -14.154  32.666 0.2000000030
100233  41.334  -12.288  45.482 0.6999999881
100254  40.581  -12.359  44.513 0.8000000119
100274  40.512  -12.272  43.732 0.8000000119
100294  39.627  -12.208  42.806 0.8000000119
100315  39.485  -12.129  42.003 0.8000000119
100336  40.156  -12.030  41.302 0.6999999881
100356  40.012  -11.997  40.543 0.6999999881
100358  38.191  -12.173  40.267 0.6999999881
100375  38.745  -12.085  39.492 0.6999999881
100414  38.619  -12.115  37.824 0.6999999881
100442  37.950  -12.151  37.048 0.6999999881
100467  38.164  -12.356  36.160 0.6999999881
100468  37.239  -12.233  36.311 0.6999999881
100494  37.379  -12.395  35.405 0.6999999881
100493  38.351  -12.817  35.230 0.6999999881
100518  37.421  -12.780  34.464 0.5000000000
98899  37.435  -13.597  33.862 0.4000000060
100541  36.966  -13.031  33.956 0.5000000000
98922  36.965  -14.025  33.503 0.5000000000
98900  36.502  -13.244  33.615 0.4000000060
98923  36.557  -13.823  33.375 0.3000000119
94356  46.288  -15.846  32.468 0.1000000015
88200  37.982  -18.652  29.235 0.2000000030
88202  36.305  -18.823  29.109 0.3000000119
89827  43.222  -17.698  30.901 0.1000000015
89830  41.556  -18.069  30.298 0.1000000015
88180  40.035  -18.491  29.964 0.1000000015
88199  38.762  -18.538  29.420 0.2000000030
88216  36.020  -18.505  28.593 0.3000000119
88187  34.991  -18.559  29.748 0.3000000119
91286  34.701  -17.081  30.770 0.4000000060
92830  35.661  -17.015  32.069 0.3000000119
92800  36.461  -17.013  33.266 0.2000000030
95833  36.071  -14.948  33.399 0.2000000030
91227  35.069  -17.586  32.055 0.2000000030
91226  35.553  -17.432  32.600 0.2000000030
94334  36.326  -15.451  33.694 0.2000000030
101927  42.211  -11.587  45.613 0.6999999881
100292  41.198  -12.236  43.046 0.8000000119
100314  40.272  -12.115  42.122 0.8000000119
101979  40.731  -11.929  40.934 0.6000000238
101980  40.377  -11.969  40.830 0.6999999881
101991  41.153  -11.959  40.447 0.6999999881
100374  39.877  -12.003  39.546 0.6999999881
100393  39.229  -12.157  38.641 0.6999999881
102060  49.748  -11.578  36.512 0.1000000015
100441  38.915  -12.337  36.948 0.6999999881
100488  48.638  -12.654  36.261 0.1000000015
100440  39.909  -12.886  36.889 0.6999999881
100466  39.067  -12.664  36.117 0.6999999881
98871  48.310  -13.103  35.731 0.1000000015
98850  39.764  -13.889  35.702 0.6999999881
98851  39.275  -13.738  35.291 0.6000000238
98876  38.530  -13.607  34.631 0.6000000238
98872  48.038  -13.631  35.328 0.1000000015
98894  47.538  -13.896  34.231 0.1000000015
95780  39.955  -14.970  35.360 0.6999999881
98875  39.082  -14.024  34.967 0.6000000238
97339  38.558  -14.251  34.472 0.6000000238
98898  38.146  -14.104  34.189 0.5000000000
97354  47.327  -14.747  33.811 0.1000000015
95827  47.035  -15.477  33.423 0.1000000015
94296  39.526  -15.799  34.434 0.6000000238
94297  39.139  -15.789  34.483 0.5000000000
97358  38.392  -14.751  34.266 0.4000000060
97359  37.731  -14.459  33.890 0.4000000060
97370  37.195  -14.385  33.607 0.4000000060
94376  45.960  -15.775  32.034 0.1000000015
94358  38.735  -15.524  32.584 0.5000000000
92797  38.281  -16.225  32.971 0.4000000060
92776  37.863  -16.365  33.580 0.4000000060
95812  37.709  -15.249  33.966 0.4000000060
95832  36.883  -15.109  33.680 0.2000000030
92852  45.577  -16.507  31.885 0.1000000015
95871  36.728  -14.806  31.304 0.5000000000
92854  36.706  -15.826  31.745 0.5000000000
92798  37.530  -16.443  32.981 0.4000000060
92777  37.188  -16.383  33.619 0.2000000030
94333  36.659  -15.444  33.753 0.2000000030
92874  44.304  -16.815  30.850 0.1000000015
91285  42.618  -17.430  30.320 0.1000000015
89843  41.230  -17.730  29.786 0.1000000015
91351  38.813  -17.569  28.333 0.2000000030
89870  37.140  -18.130  28.282 0.2000000030
91354  34.407  -17.045  28.619 0.3000000119
94417  34.536  -15.659  30.070 0.4000000060
92856  35.497  -16.539  31.414 0.4000000060
92799  36.878  -16.676  33.073 0.2000000030
94312  36.777  -15.788  33.839 0.2000000030
91301  43.477  -16.947  30.308 0.1000000015
92896  42.706  -16.802  29.828 0.1000000015
91327  40.893  -17.062  29.019 0.1000000015
89867  39.595  -17.558  28.647 0.1000000015
91372  36.962  -17.323  27.483 0.2000000030
91374  35.379  -17.285  27.731 0.3000000119
94456  33.956  -15.741  28.708 0.5000000000
91368  39.993  -16.673  28.186 0.1000000015
91369  39.565  -16.816  28.025 0.1000000015
92963  37.895  -16.761  27.171 0.2000000030
92983  35.905  -16.543  27.001 0.2000000030
92964  35.557  -17.022  27.436 0.4000000060
92961  39.160  -16.217  27.532 0.1000000015
92962  38.323  -16.647  27.296 0.1000000015
110921  40.074  -7.021  23.356 0.4000000060
100252  42.052  -12.192  44.888 0.6999999881
100272  42.069  -12.300  44.057 0.8000000119
100291  41.998  -12.296  43.203 0.8000000119
100271  42.922  -12.058  44.283 0.6999999881
100290  42.791  -12.272  43.402 0.8000000119
100312  41.900  -12.193  42.325 0.8000000119
101978  41.212  -11.919  40.999 0.6999999881
100334  41.736  -12.055  41.350 0.6999999881
101990  41.547  -11.918  40.785 0.6999999881
102002  41.084  -12.101  39.955 0.6999999881
100373  41.077  -12.427  39.404 0.6000000238
100392  40.247  -12.414  38.580 0.6999999881
98777  41.210  -13.535  37.733 0.6999999881
98753  41.452  -13.347  38.372 0.6999999881
100412  40.552  -12.955  37.761 0.6999999881
100413  39.601  -12.418  37.760 0.6999999881
102080  49.854  -11.560  35.696 0.1000000015
97271  41.680  -13.898  37.418 0.8000000119
97272  41.275  -13.808  37.333 0.6999999881
98804  40.585  -13.498  36.880 0.6999999881
102101  48.633  -12.013  35.369 0.1000000015
97301  41.654  -13.582  36.063 0.8000000119
97302  41.405  -14.192  36.209 0.8000000119
97289  40.680  -13.892  36.591 0.6999999881
98805  40.148  -13.379  36.463 0.6999999881
98852  38.833  -13.279  35.157 0.6999999881
100534  50.440  -12.116  33.720 0.1000000015
98824  41.779  -13.005  36.336 0.8000000119
97318  41.285  -13.850  35.521 0.8000000119
95766  40.970  -14.534  35.738 0.6999999881
97319  40.393  -14.594  35.711 0.6999999881
98873  40.998  -13.200  35.051 0.8000000119
95791  40.497  -14.753  34.553 0.6999999881
94295  40.108  -15.475  34.162 0.6999999881
98895  47.217  -14.243  33.600 0.1000000015
97367  46.964  -14.657  33.232 0.1000000015
97388  38.862  -13.890  32.657 0.6000000238
95829  39.591  -14.649  33.092 0.6000000238
95849  46.270  -15.187  32.280 0.1000000015
98962  37.454  -13.264  31.709 0.5000000000
95869  37.646  -14.659  31.837 0.5000000000
94393  44.896  -15.727  30.803 0.1000000015
95907  43.916  -15.092  29.810 0.1000000015
95908  43.417  -15.074  29.414 0.1000000015
100625  36.152  -12.677  30.780 0.5000000000
97423  36.802  -13.624  31.229 0.5000000000
92895  43.282  -16.446  29.880 0.1000000015
92917  43.028  -16.110  29.550 0.1000000015
94437  41.695  -15.818  28.719 0.1000000015
95942  40.797  -14.897  27.973 0.1000000015
100655  34.565  -12.647  29.165 0.5000000000
97440  34.710  -14.108  29.833 0.5000000000
92920  40.990  -16.630  28.771 0.1000000015
94471  40.391  -15.458  27.932 0.1000000015
94491  38.221  -15.536  26.869 0.1000000015
97492  34.507  -13.804  26.729 0.4000000060
95943  33.910  -14.996  28.475 0.5000000000
92979  38.947  -15.786  27.265 0.1000000015
94493  36.537  -15.698  26.579 0.3000000119
95977  34.555  -14.645  26.894 0.4000000060
94475  34.098  -15.668  27.940 0.5000000000
107841  39.697  -8.270  22.860 0.3000000119
109367  39.745  -7.757  23.011 0.2000000030
100310  43.484  -12.185  42.781 0.8000000119
100311  42.720  -12.320  42.530 0.8000000119
100333  42.620  -12.343  41.640 0.8000000119
101948  44.239  -11.087  43.327 0.6999999881
101968  44.089  -11.748  42.231 0.8000000119
100332  43.487  -12.267  41.876 0.8000000119
100353  42.504  -12.513  40.938 0.8000000119
98712  42.542  -12.845  40.451 0.8000000119
98713  42.140  -12.867  40.070 0.6999999881
101967  44.342  -11.055  41.882 0.8000000119
100352  43.387  -12.381  40.871 0.8000000119
98730  43.122  -12.750  40.315 0.8000000119
98731  42.811  -13.021  39.819 0.6999999881
98733  41.499  -13.071  38.924 0.6000000238
98751  42.694  -13.092  39.074 0.8000000119
98752  42.056  -13.378  38.742 0.6999999881
100439  40.461  -13.163  37.224 0.6999999881
98776  41.927  -13.669  38.069 0.6999999881
97270  42.249  -13.529  37.527 0.8000000119
102098  50.786  -11.655  34.611 0.1000000015
98849  41.272  -13.072  35.524 0.8000000119
97336  40.642  -13.980  34.480 0.6999999881
100538  47.656  -12.984  34.232 0.1000000015
98918  47.348  -13.301  33.742 0.1000000015
98897  40.007  -13.424  33.785 0.6000000238
97403  45.840  -14.618  31.579 0.1000000015
95868  45.533  -15.161  31.399 0.1000000015
97437  43.807  -14.372  29.704 0.1000000015
95924  42.876  -15.062  29.057 0.1000000015
97461  40.708  -14.440  27.767 0.1000000015
95956  39.177  -15.043  27.146 0.1000000015
97489  37.757  -14.199  26.322 0.1000000015
109356  39.449  -7.657  23.500 0.4000000060
112397  40.463  -6.424  23.728 0.4000000060
110937  40.492  -7.008  22.706 0.3000000119
103401  44.449  -10.490  42.893 0.6999999881
103425  44.459  -10.463  41.585 0.8000000119
101977  44.014  -11.428  41.297 0.8000000119
101989  43.688  -11.426  40.421 0.8000000119
100370  43.309  -12.121  39.749 0.8000000119
107685  36.799  -9.063  30.723 0.6000000238
106247  36.776  -9.545  31.191 0.6000000238
103426  44.249  -10.612  41.156 0.8000000119
103447  43.761  -10.630  40.134 0.8000000119
100389  43.157  -11.763  39.179 0.8000000119
100390  42.911  -12.252  38.823 0.8000000119
98775  42.551  -13.109  38.239 0.8000000119
107670  37.421  -8.795  31.514 0.6999999881
103458  43.215  -10.586  38.999 0.8000000119
102027  42.762  -11.490  38.246 0.8999999762
100410  42.602  -12.252  37.957 0.8000000119
103469  42.879  -10.618  38.366 0.8999999762
103481  42.225  -10.656  37.450 0.8999999762
102044  42.430  -11.486  37.666 0.8999999762
100437  42.263  -12.143  37.341 0.8999999762
107699  36.441  -9.118  29.972 0.6000000238
103511  41.059  -10.609  36.041 0.8999999762
100463  41.641  -12.171  36.333 0.8000000119
100489  41.559  -12.656  36.086 0.8000000119
107658  38.000  -8.834  32.401 0.6999999881
107686  36.421  -9.412  30.395 0.6000000238
102100  49.226  -11.813  35.179 0.1000000015
100513  48.201  -12.660  35.153 0.1000000015
102084  40.518  -10.992  35.245 0.8000000119
102102  40.876  -11.935  35.341 0.8000000119
100516  40.563  -12.561  34.756 0.6999999881
104946  35.357  -10.254  29.259 0.5000000000
106283  36.033  -9.310  29.431 0.6000000238
100562  47.391  -12.694  33.277 0.1000000015
103639  35.084  -10.698  29.182 0.5000000000
103653  34.448  -11.011  27.912 0.5000000000
106302  35.522  -9.451  28.215 0.6000000238
102099  50.004  -11.795  34.790 0.1000000015
98919  47.007  -13.761  33.190 0.1000000015
106322  35.420  -9.481  27.535 0.6000000238
100558  50.736  -12.093  33.315 0.1000000015
100576  49.885  -12.702  32.334 0.1000000015
98954  49.586  -12.912  31.508 0.1000000015
97421  45.173  -14.565  30.746 0.1000000015
103707  35.844  -10.624  25.264 0.6000000238
100598  50.130  -12.608  31.437 0.1000000015
98977  49.416  -12.931  30.735 0.1000000015
98978  48.570  -13.207  30.757 0.1000000015
99095  37.378  -13.287  25.843 0.2000000030
100620  49.760  -12.597  30.233 0.1000000015
99018  47.908  -13.126  29.385 0.1000000015
99053  45.747  -12.895  27.840 0.1000000015
99054  45.048  -12.925  27.775 0.1000000015
100687  43.014  -12.872  27.129 0.1000000015
99075  40.470  -13.056  26.978 0.1000000015
100754  37.598  -12.182  25.039 0.2000000030
100684  45.529  -12.703  27.293 0.1000000015
100705  43.630  -12.760  26.741 0.1000000015
100706  42.861  -12.706  26.552 0.1000000015
100708  41.162  -12.717  26.650 0.2000000030
100752  39.048  -12.383  25.237 0.2000000030
103716  38.274  -11.083  24.059 0.3000000119
102325  38.625  -11.167  23.925 0.2000000030
106385  37.750  -9.189  24.228 0.3000000119
107828  39.250  -8.271  23.322 0.4000000060
110920  40.623  -6.502  23.139 0.3000000119
112396  40.973  -5.992  23.694 0.3000000119
112399  41.468  -5.560  23.244 0.4000000060
113978  41.956  -5.117  23.653 0.4000000060
104737  44.722  -9.849  42.511 0.8000000119
106102  44.710  -9.063  41.423 0.6999999881
106108  44.434  -9.043  40.855 0.6999999881
104752  44.405  -9.836  41.093 0.8000000119
104774  43.706  -9.908  39.843 0.8000000119
106126  43.138  -9.104  39.071 0.8999999762
106136  42.687  -9.114  38.570 0.8999999762
107602  40.317  -8.331  35.372 0.8000000119
109161  39.828  -8.098  34.482 0.8000000119
107642  38.882  -8.200  33.244 0.8000000119
107657  38.273  -8.455  32.605 0.6999999881
109206  38.038  -8.229  31.922 0.6999999881
104785  42.997  -9.842  38.741 0.8999999762
104795  42.635  -9.801  38.195 0.8999999762
107612  39.625  -8.580  34.378 0.8000000119
107643  38.505  -8.730  33.099 0.8000000119
109218  37.909  -7.997  31.090 0.6999999881
107684  37.370  -8.334  30.538 0.6999999881
103494  41.849  -10.723  36.888 0.8999999762
107611  39.958  -8.460  34.852 0.8000000119
106187  39.462  -9.303  34.320 0.8000000119
103512  40.566  -10.420  35.523 0.8999999762
102139  39.111  -11.987  33.349 0.6999999881
107644  38.191  -9.203  32.823 0.6999999881
106231  37.125  -9.701  31.708 0.6000000238
104928  35.697  -10.303  29.878 0.5000000000
107697  37.503  -8.147  29.681 0.6999999881
100537  48.131  -12.386  34.103 0.1000000015
100563  46.913  -13.167  32.604 0.1000000015
104892  36.942  -10.484  31.563 0.5000000000
107714  37.060  -8.399  29.111 0.6999999881
100511  49.329  -12.019  34.519 0.1000000015
107730  37.240  -8.303  28.415 0.6999999881
100535  49.826  -12.202  33.970 0.1000000015
107748  36.853  -8.406  27.746 0.6000000238
98955  48.923  -13.150  31.429 0.1000000015
99039  44.497  -12.965  28.353 0.1000000015
106358  36.222  -9.129  25.936 0.6000000238
100577  48.932  -12.849  32.586 0.1000000015
99019  47.078  -13.154  29.303 0.1000000015
99021  45.402  -12.969  28.935 0.1000000015
99056  43.385  -12.971  27.566 0.1000000015
105025  36.597  -9.839  24.900 0.4000000060
99000  47.402  -13.237  30.024 0.1000000015
107818  37.423  -8.859  24.689 0.4000000060
109344  38.743  -7.686  24.519 0.3000000119
109332  39.335  -7.199  24.985 0.5000000000
109343  39.308  -7.328  24.252 0.5000000000
110922  39.674  -7.010  23.948 0.5000000000
110908  40.133  -6.578  24.164 0.5000000000
112393  40.662  -6.189  24.335 0.4000000060
113980  42.326  -4.752  23.397 0.5000000000
106095  44.952  -9.020  42.163 0.6999999881
107489  44.982  -8.278  41.667 0.6999999881
106109  44.150  -9.114  40.423 0.8000000119
109110  41.870  -7.778  37.517 0.8999999762
110695  42.085  -7.145  37.660 0.8999999762
110715  41.694  -6.809  36.566 0.8999999762
106125  43.562  -9.164  39.600 0.8000000119
109111  41.498  -7.783  37.041 0.8000000119
109128  40.885  -7.875  36.076 0.8000000119
110726  41.219  -6.793  35.505 0.8000000119
109174  39.627  -7.885  34.003 0.8000000119
109184  39.281  -7.538  33.015 0.8000000119
107585  41.004  -8.373  36.356 0.8000000119
106175  40.184  -9.091  35.282 0.8000000119
104805  41.416  -9.486  36.801 0.8999999762
106176  39.821  -9.200  34.817 0.8000000119
109205  38.482  -7.692  31.534 0.6999999881
109217  38.520  -7.611  30.687 0.6999999881
106202  38.765  -9.561  33.497 0.6999999881
110780  39.639  -7.140  31.224 0.6999999881
109230  37.986  -7.862  30.217 0.6999999881
110779  40.322  -6.918  31.290 0.6999999881
109229  38.635  -7.641  29.902 0.6999999881
100561  48.467  -12.565  33.273 0.1000000015
98958  46.577  -13.269  31.407 0.1000000015
109227  39.838  -7.448  29.432 0.6999999881
107746  37.957  -8.003  28.038 0.6999999881
100560  49.384  -12.566  33.250 0.1000000015
100599  47.806  -12.951  32.022 0.1000000015
100601  47.033  -13.110  31.590 0.1000000015
98981  45.978  -13.228  30.785 0.1000000015
109242  39.401  -7.562  28.941 0.6999999881
107768  37.260  -8.174  27.154 0.6000000238
98935  48.556  -13.025  32.013 0.1000000015
98957  47.294  -13.154  31.274 0.1000000015
99040  43.622  -13.039  28.409 0.1000000015
109297  38.379  -7.678  27.171 0.6999999881
107787  37.088  -8.333  26.232 0.6000000238
98979  47.750  -13.243  30.719 0.1000000015
99001  46.518  -13.168  30.022 0.1000000015
100652  44.810  -12.806  29.295 0.1000000015
100654  43.813  -12.978  28.817 0.1000000015
109296  39.006  -7.499  26.902 0.6999999881
107804  37.750  -7.940  25.760 0.6000000238
98980  46.925  -13.221  30.698 0.1000000015
109277  39.632  -7.418  27.465 0.6999999881
109295  39.726  -7.272  26.656 0.6000000238
110900  39.952  -6.861  25.446 0.5000000000
110899  40.500  -6.439  25.040 0.5000000000
112385  41.368  -5.943  25.189 0.6000000238
110898  40.968  -6.187  25.192 0.5000000000
112392  41.175  -5.851  24.493 0.5000000000
113977  42.456  -4.777  24.002 0.5000000000
112395  41.523  -5.486  24.047 0.4000000060
116713  43.563  -3.717  23.455 0.5000000000
116714  42.932  -4.140  23.146 0.4000000060
115297  42.866  -4.381  23.605 0.4000000060
116722  43.293  -3.257  21.634 0.3000000119
116719  42.879  -3.995  22.640 0.3000000119
110620  45.058  -6.862  42.676 0.5000000000
109008  45.171  -7.478  42.328 0.6999999881
109025  44.806  -7.562  41.253 0.6000000238
110647  44.592  -6.840  40.925 0.6000000238
110659  43.863  -7.026  39.941 0.8000000119
112171  43.710  -6.633  39.714 0.8999999762
113706  43.633  -5.536  39.300 0.8999999762
107503  44.628  -8.335  41.060 0.6000000238
109041  44.084  -7.698  40.209 0.8000000119
110671  43.554  -7.025  39.557 0.8999999762
112187  43.053  -6.400  38.792 0.8999999762
113737  42.831  -5.852  38.043 0.8999999762
112204  42.390  -5.950  36.767 0.8999999762
107531  42.837  -8.385  38.846 0.8999999762
107548  42.375  -8.421  38.370 0.8999999762
109095  42.185  -7.753  38.052 0.8999999762
112226  41.988  -6.130  35.373 0.8000000119
109173  40.031  -7.249  33.565 0.8000000119
106146  41.909  -9.126  37.505 0.8999999762
107566  41.666  -8.430  37.315 0.8999999762
107567  41.306  -8.405  36.830 0.8000000119
112244  41.855  -6.161  34.417 0.8999999762
110745  40.652  -6.772  33.774 0.8000000119
109183  39.934  -7.102  33.041 0.8000000119
104822  40.781  -9.844  35.958 0.8000000119
106156  40.853  -8.839  36.188 0.8000000119
112225  42.787  -5.703  35.225 0.8999999762
112260  41.911  -6.167  33.530 0.8000000119
110754  40.506  -6.758  32.912 0.8000000119
104835  39.786  -9.957  34.721 0.8000000119
112274  42.468  -6.235  32.944 0.8000000119
110753  41.444  -6.378  33.066 0.6999999881
104864  38.711  -10.298  33.427 0.6000000238
112273  43.219  -6.169  33.138 0.8999999762
110765  42.204  -6.528  32.327 0.6999999881
110791  41.645  -6.901  30.645 0.6999999881
110820  40.393  -7.335  29.306 0.6999999881
110805  41.334  -6.996  29.882 0.6999999881
99004  43.550  -13.591  29.610 0.1000000015
109240  40.591  -7.292  28.667 0.6999999881
110819  40.977  -7.161  29.198 0.6999999881
100635  45.624  -12.905  30.135 0.1000000015
109259  40.282  -7.346  28.057 0.6999999881
109258  40.690  -7.277  28.301 0.6999999881
109294  40.188  -7.154  26.890 0.6999999881
110863  40.633  -7.001  26.823 0.6999999881
110880  40.640  -6.700  25.948 0.6000000238
112372  42.396  -5.766  26.042 0.6000000238
112373  41.746  -6.071  25.864 0.6999999881
113951  42.504  -5.346  25.570 0.6000000238
112384  42.004  -5.649  25.415 0.6000000238
113965  42.935  -4.968  25.279 0.6000000238
113966  42.291  -5.217  25.028 0.5000000000
113973  42.079  -5.141  24.368 0.5000000000
116701  43.813  -4.037  24.386 0.5000000000
115296  43.355  -4.241  24.058 0.6000000238
118215  44.094  -3.163  23.384 0.5000000000
118230  43.602  -2.730  21.338 0.4000000060
116718  43.332  -3.406  22.432 0.4000000060
113630  44.746  -5.637  43.118 0.4000000060
110646  44.927  -6.781  41.478 0.6000000238
112161  44.404  -6.110  40.546 0.8000000119
115015  43.834  -5.140  39.396 0.8999999762
115023  43.734  -4.955  38.996 0.8999999762
115031  43.665  -4.738  38.252 0.8999999762
115043  43.717  -4.573  37.445 0.8999999762
116418  44.732  -3.737  37.475 0.8999999762
115060  43.911  -4.583  36.683 0.8999999762
113806  43.738  -5.333  35.229 0.8999999762
115076  44.918  -4.686  35.899 0.8999999762
112258  43.373  -5.944  33.851 0.8999999762
113805  44.207  -5.335  35.056 0.8999999762
112287  43.137  -6.380  32.565 0.8000000119
110776  42.753  -6.741  31.479 0.6999999881
110789  43.336  -6.733  30.729 0.6999999881
110804  42.129  -6.849  29.859 0.6999999881
110817  42.576  -6.749  29.001 0.6999999881
110818  41.689  -6.922  29.083 0.6999999881
110835  42.018  -6.809  28.208 0.6999999881
110847  42.290  -6.492  27.294 0.6999999881
112360  42.542  -6.084  26.700 0.6999999881
110861  42.100  -6.326  26.725 0.6999999881
113949  43.689  -5.061  26.163 0.8000000119
112371  42.901  -5.712  26.396 0.6999999881
113950  43.014  -5.307  25.949 0.6000000238
115277  44.093  -4.463  25.548 0.6000000238
115279  43.122  -4.660  24.809 0.6000000238
116699  44.963  -3.289  24.483 0.5000000000
116700  44.436  -3.519  24.254 0.6000000238
116712  44.172  -3.344  23.704 0.5000000000
121129  45.332  -1.344  22.148 0.4000000060
119652  44.373  -2.012  21.958 0.5000000000
119645  44.625  -2.340  22.914 0.5000000000
118228  43.742  -2.742  22.081 0.4000000060
116396  44.450  -3.709  39.150 0.8000000119
116404  44.784  -3.409  38.205 0.8999999762
116403  45.242  -3.207  37.912 1.0000000000
115041  45.000  -3.944  36.900 0.8999999762
116432  45.588  -3.887  36.692 1.0000000000
115058  45.274  -4.292  36.326 1.0000000000
113803  45.616  -5.423  34.922 1.0000000000
112256  45.003  -5.984  33.896 0.8999999762
112285  44.512  -6.424  32.425 0.8999999762
116527  48.847  -3.976  30.312 1.0000000000
115178  48.061  -4.292  29.666 0.8999999762
110788  44.115  -6.637  30.922 0.6999999881
116555  49.318  -3.500  29.944 0.8999999762
115156  47.711  -4.674  30.067 0.8999999762
113868  46.854  -5.255  30.025 0.8999999762
113882  46.137  -5.563  29.568 0.8999999762
118074  50.096  -2.948  29.937 0.8000000119
116581  48.925  -3.363  29.005 0.8999999762
116582  48.033  -3.962  29.027 0.8999999762
116583  47.528  -4.249  28.910 0.8999999762
115180  46.956  -4.875  29.331 0.8999999762
110816  43.590  -6.615  28.940 0.6999999881
118111  49.216  -2.863  28.458 0.8000000119
116609  48.792  -3.139  28.453 0.8999999762
116610  48.267  -3.407  28.190 0.8999999762
115205  46.648  -4.695  28.611 0.8999999762
113903  46.009  -5.244  28.759 0.8999999762
112342  43.565  -6.303  27.981 0.8000000119
118112  48.781  -2.975  28.126 0.8000000119
116630  48.097  -3.201  27.630 0.8000000119
116612  46.720  -4.374  28.119 0.8000000119
115206  46.120  -4.864  28.262 0.8999999762
113921  44.541  -5.477  27.625 0.8000000119
112359  43.202  -5.855  26.879 0.8000000119
118169  46.901  -2.960  25.926 0.6999999881
116649  46.739  -3.522  26.542 0.6999999881
116633  45.909  -4.370  27.283 0.8000000119
113934  44.448  -5.147  26.985 0.6999999881
113922  44.074  -5.543  27.270 0.8000000119
119590  47.283  -2.480  25.567 0.6000000238
116666  46.500  -3.288  25.975 0.6999999881
116650  45.740  -4.172  26.680 0.6000000238
115259  44.816  -4.529  26.354 0.6000000238
119591  46.855  -2.703  25.487 0.6999999881
116667  45.934  -3.526  25.764 0.6000000238
116684  44.301  -4.120  25.087 0.6000000238
119605  46.631  -2.495  25.000 0.6000000238
118199  45.349  -2.986  24.477 0.5000000000
116683  45.178  -3.521  25.003 0.5000000000
118213  45.074  -2.842  24.013 0.5000000000
119644  45.199  -1.796  22.740 0.5000000000
117902  45.341  -2.742  38.772 0.6999999881
119378  46.297  -2.224  38.433 0.6999999881
117927  46.265  -2.944  37.694 0.8999999762
116430  46.997  -3.829  36.736 1.0000000000
115073  47.008  -4.773  35.838 1.0000000000
112238  46.566  -5.692  34.489 1.0000000000
112239  45.981  -5.751  34.477 1.0000000000
112269  46.188  -6.046  33.455 1.0000000000
112283  46.010  -6.106  32.812 1.0000000000
115155  48.325  -4.329  30.228 1.0000000000
112295  45.906  -6.103  32.108 1.0000000000
112296  45.191  -6.371  31.779 1.0000000000
118072  51.552  -2.329  30.568 0.8000000119
116526  49.291  -3.751  30.814 0.8999999762
115137  48.027  -4.741  30.750 1.0000000000
113858  47.415  -5.102  30.562 1.0000000000
113869  46.278  -5.755  30.371 1.0000000000
112313  45.829  -6.057  30.688 1.0000000000
112315  44.812  -6.435  29.932 0.8999999762
119498  52.076  -2.119  30.671 0.8000000119
118073  50.986  -2.539  30.186 0.8000000119
118091  50.600  -2.533  29.457 0.6999999881
112324  45.786  -5.978  30.125 1.0000000000
112325  45.367  -6.091  29.614 0.8999999762
112326  44.655  -6.354  29.290 0.8000000119
119510  51.758  -2.080  30.016 0.8000000119
119526  50.914  -2.154  28.987 0.6999999881
118110  49.849  -2.590  28.607 0.6999999881
113883  45.607  -5.710  29.076 0.8999999762
112340  44.663  -6.025  28.589 0.8000000119
112341  44.000  -6.242  28.350 0.8000000119
119541  50.374  -2.165  28.357 0.6999999881
118128  49.556  -2.513  28.175 0.8000000119
118129  49.130  -2.619  27.840 0.8000000119
118146  48.860  -2.503  27.341 0.6999999881
113905  44.830  -5.635  28.121 0.8999999762
119558  50.649  -1.680  27.635 0.6999999881
119559  49.720  -2.168  27.702 0.8000000119
119573  49.053  -2.049  26.767 0.6999999881
119574  48.432  -2.313  26.538 0.6999999881
119589  48.189  -2.061  25.881 0.6999999881
119603  48.002  -1.740  25.244 0.6000000238
119604  47.450  -1.878  24.977 0.6000000238
119615  47.234  -1.606  24.468 0.6000000238
119617  45.902  -2.488  24.291 0.5000000000
119630  45.939  -1.763  23.499 0.5000000000
119631  45.163  -2.430  23.586 0.5000000000
119462  53.286  -1.612  32.973 0.6000000238
120957  53.649  -1.326  32.307 0.6000000238
116415  47.355  -3.366  37.169 0.8999999762
115054  48.147  -4.324  36.326 0.8999999762
116429  47.759  -3.837  36.750 0.8000000119
119476  52.892  -2.136  32.429 0.8000000119
117992  52.373  -2.469  32.828 0.8999999762
117993  51.720  -2.804  33.169 0.8999999762
116470  50.769  -3.521  33.637 0.8000000119
116471  50.193  -3.789  33.284 0.8000000119
115085  49.832  -4.289  34.408 0.8999999762
113798  48.728  -5.050  34.378 0.8999999762
113800  47.534  -5.424  34.783 1.0000000000
113781  47.313  -5.211  35.351 0.8999999762
119484  53.353  -1.840  32.008 0.6999999881
118015  52.306  -2.422  32.078 0.8999999762
118016  51.693  -2.701  32.348 0.8999999762
118017  51.054  -2.950  32.689 0.8999999762
116487  50.037  -3.667  32.559 0.8999999762
115116  49.246  -4.252  32.398 1.0000000000
115107  48.686  -4.892  33.376 1.0000000000
113830  47.486  -5.641  33.330 1.0000000000
120969  53.686  -1.386  31.640 0.6999999881
119485  52.708  -2.109  31.669 0.6999999881
118034  51.762  -2.521  31.573 0.8999999762
118035  50.868  -2.912  31.749 0.8999999762
116505  50.097  -3.416  31.822 0.8999999762
115125  49.210  -4.074  31.825 1.0000000000
115126  48.678  -4.493  31.782 1.0000000000
113838  48.188  -5.000  32.145 1.0000000000
113839  47.598  -5.412  32.423 1.0000000000
112304  46.440  -5.905  31.755 1.0000000000
119496  53.210  -1.735  31.307 0.6999999881
119486  52.192  -2.212  31.257 0.8999999762
118055  50.457  -2.986  30.835 0.8999999762
116525  49.929  -3.427  31.134 0.8999999762
115136  48.630  -4.286  30.936 1.0000000000
115127  48.265  -4.732  31.311 1.0000000000
113849  47.690  -5.155  31.475 1.0000000000
113859  46.747  -5.621  31.031 1.0000000000
119508  53.078  -1.600  30.680 0.6999999881
119509  52.548  -1.762  30.248 0.8000000119
119524  52.229  -1.739  29.698 0.6999999881
119525  51.745  -1.851  29.200 0.6999999881
121017  51.994  -1.537  28.718 0.6999999881
119540  51.267  -1.765  28.382 0.6999999881
119557  51.258  -1.509  27.879 0.6999999881
119571  50.440  -1.483  27.111 0.8000000119
121054  49.705  -1.545  26.513 0.6999999881
119588  48.804  -1.790  26.102 0.6999999881
121053  50.269  -1.338  26.679 0.8000000119
121071  49.244  -1.474  26.009 0.6999999881
121072  48.707  -1.570  25.734 0.6999999881
121070  49.947  -1.107  26.026 0.6999999881
122526  49.829  -0.750  25.469 0.6999999881
121083  48.371  -1.450  25.250 0.6000000238
121095  47.615  -1.355  24.484 0.6000000238
122559  49.526  -0.224  24.272 0.6000000238
121096  47.169  -1.408  24.166 0.6000000238
119399  49.445  -2.132  36.747 0.4000000060
116452  51.052  -3.206  35.081 0.6999999881
116442  50.453  -3.429  35.721 0.6999999881
115069  49.910  -4.235  35.265 0.6999999881
116427  49.311  -3.372  36.694 0.6999999881
116428  48.520  -3.755  36.755 0.6999999881
116414  48.093  -3.335  37.155 0.6000000238
122410  52.901  -0.395  32.417 0.3000000119
122401  53.173  -0.733  32.847 0.4000000060
119463  52.936  -1.831  33.227 0.8000000119
117972  52.311  -2.447  33.649 0.8000000119
117973  51.583  -2.941  34.055 0.8000000119
117974  51.168  -3.305  33.852 0.6999999881
116453  50.483  -3.803  34.814 0.6999999881
113779  48.678  -5.003  35.095 0.8000000119
115053  48.937  -4.212  36.285 0.8000000119
122408  53.774  -0.660  32.055 0.3000000119
122421  53.198  -0.181  31.890 0.3000000119
120968  53.904  -0.881  31.328 0.6000000238
123828  53.437  0.064  31.297 0.3000000119
120979  53.565  -1.296  30.921 0.6999999881
120989  53.329  -1.175  29.972 0.5000000000
121002  52.450  -1.438  29.246 0.6999999881
121016  52.548  -1.186  28.499 0.6999999881
121034  51.877  -1.287  27.920 0.8000000119
121035  51.265  -1.347  27.510 0.6999999881
121052  50.888  -1.258  26.981 0.6999999881
121069  50.659  -0.955  26.300 0.8000000119
122525  50.395  -0.600  25.651 0.6999999881
122542  50.021  -0.412  24.995 0.6999999881
123981  49.768  0.152  23.642 0.6000000238
122374  49.723  -0.940  36.129 0.3000000119
119446  51.996  -2.035  34.409 0.6000000238
120877  49.733  -1.519  36.347 0.4000000060
120946  51.913  -0.768  33.151 0.4000000060
120931  52.470  -1.368  33.834 0.6000000238
119445  52.485  -1.940  33.818 0.6000000238
119424  51.365  -2.104  35.057 0.6999999881
117949  51.241  -2.492  35.271 0.6999999881
117950  50.870  -2.789  35.544 0.6999999881
119398  49.891  -2.145  36.351 0.5000000000
117938  49.467  -2.764  36.752 0.5000000000
120945  52.805  -1.055  33.219 0.6000000238
116451  51.290  -3.033  34.868 0.6999999881
122411  52.187  -0.476  32.390 0.3000000119
122445  54.016  -0.196  30.288 0.5000000000
122432  53.851  -0.307  31.011 0.5000000000
123829  52.812  0.144  31.389 0.3000000119
122446  53.903  -0.574  29.866 0.5000000000
120988  53.882  -0.731  30.179 0.5000000000
122458  54.186  -0.033  29.591 0.5000000000
122459  53.793  -0.622  29.287 0.6000000238
122470  54.201  -0.105  28.845 0.6000000238
122484  54.112  -0.170  28.065 0.6999999881
121015  53.080  -0.857  28.263 0.6999999881
122505  53.197  -0.379  26.875 0.6000000238
121050  52.279  -0.908  27.394 0.6999999881
121051  51.662  -1.013  27.078 0.6000000238
122522  52.818  -0.208  26.085 0.6000000238
122523  51.988  -0.313  26.006 0.6999999881
121068  51.223  -0.884  26.549 0.6999999881
122538  53.285  0.102  25.272 0.6000000238
122539  52.341  -0.001  25.370 0.6000000238
122540  51.584  -0.142  25.326 0.6999999881
122541  50.818  -0.202  25.002 0.6999999881
123948  52.552  0.217  24.665 0.6000000238
123962  52.709  0.339  23.954 0.6000000238
123963  51.962  0.302  24.083 0.6000000238
123964  51.114  0.166  24.292 0.6999999881
122557  50.639  -0.000  24.478 0.6999999881
123979  51.388  0.415  23.437 0.6000000238
123997  50.004  0.440  22.801 0.6999999881
123966  49.977  -0.006  24.134 0.6000000238
124014  51.163  0.662  21.877 0.5000000000
124015  50.315  0.646  21.916 0.6000000238
122402  52.618  -0.623  32.860 0.4000000060
123838  53.703  0.356  30.682 0.4000000060
123839  52.987  0.464  30.804 0.2000000030
123840  52.253  0.127  30.849 0.3000000119
123851  53.243  0.855  30.250 0.3000000119
123852  52.412  0.717  30.041 0.3000000119
123850  53.956  0.684  29.954 0.4000000060
123878  54.561  0.343  28.421 0.5000000000
122521  53.723  -0.034  26.219 0.6000000238
123978  52.181  0.399  23.326 0.6000000238
123994  52.431  0.436  22.570 0.4000000060
123995  51.656  0.506  22.637 0.4000000060
124012  52.696  0.511  21.813 0.4000000060
124013  51.952  0.625  21.889 0.4000000060
127950  53.513  2.859  29.122 0.4000000060
127949  53.997  2.879  28.820 0.3000000119
126596  54.179  2.300  29.046 0.4000000060
127974  54.287  2.564  28.357 0.3000000119
126597  53.324  2.203  29.278 0.2000000030
126621  54.646  2.036  28.310 0.3000000119
126595  54.523  2.057  28.742 0.4000000060
125265  53.888  1.499  29.429 0.4000000060
127988  54.042  2.514  27.555 0.3000000119
127987  54.550  2.248  27.871 0.3000000119
125283  54.896  1.352  28.193 0.4000000060
123877  54.852  0.714  28.040 0.4000000060
76737  17.735  -24.310  43.470 0.4000000060
76715  20.497  -24.356  45.188 0.6000000238
76682  22.090  -24.298  46.688 0.6000000238
78135  21.624  -24.318  45.895 0.6000000238
76772  17.585  -24.817  42.193 0.4000000060
78146  20.885  -24.325  45.171 0.6999999881
79548  24.298  -22.592  53.848 0.2000000030
77966  23.867  -23.819  55.167 0.2000000030
75168  22.646  -25.210  54.438 0.3000000119
75203  20.747  -24.953  52.652 0.5000000000
76498  24.387  -24.503  54.380 0.2000000030
77984  25.199  -23.665  54.448 0.2000000030
75179  22.774  -25.200  53.691 0.3000000119
75214  21.856  -25.208  51.743 0.6000000238
75215  21.073  -25.123  51.814 0.6000000238
102137  51.309  -11.776  33.080 0.1000000015
109366  40.143  -7.657  22.704 0.3000000119
98874  40.642  -13.289  34.603 0.8000000119
100540  39.905  -12.784  33.958 0.6000000238
98939  38.873  -13.272  32.827 0.6000000238
102156  37.695  -11.774  32.091 0.5000000000
100735  35.593  -12.112  25.608 0.5000000000
102297  35.914  -11.179  25.220 0.5000000000
104996  34.829  -10.472  26.746 0.6000000238
102278  35.006  -11.474  25.940 0.5000000000
99077  39.138  -13.413  26.571 0.1000000015
100736  34.853  -12.293  26.108 0.5000000000
103621  35.816  -10.730  30.124 0.5000000000
103560  38.184  -11.063  32.827 0.5000000000
99098  35.325  -12.895  25.967 0.4000000060
103604  35.715  -11.579  30.160 0.5000000000
98938  46.103  -14.254  31.750 0.1000000015
98983  44.536  -14.080  30.412 0.1000000015
97508  37.366  -13.855  26.095 0.1000000015
97438  43.291  -14.396  29.285 0.1000000015
100688  42.301  -12.827  27.114 0.1000000015
99057  42.496  -13.001  27.672 0.1000000015
99041  42.716  -13.238  28.221 0.1000000015
106203  38.382  -9.629  33.096 0.6000000238
103545  39.128  -10.950  33.750 0.6999999881
98959  45.896  -13.990  31.280 0.1000000015
104865  38.270  -10.358  32.994 0.5000000000
99003  44.231  -13.617  30.211 0.1000000015
99023  43.366  -13.251  29.067 0.1000000015
99096  36.577  -13.098  25.753 0.2000000030
97448  42.355  -14.344  28.577 0.1000000015
103527  40.214  -10.581  35.006 0.8000000119
99097  35.948  -12.825  25.737 0.3000000119
69849  11.716  -28.681  58.097 0.1000000015
69852  11.831  -28.756  57.519 0.1000000015
73863  12.436  -26.269  57.745 0.1000000015
71032  12.540  -27.773  56.483 0.2000000030
73867  12.438  -26.446  57.048 0.2000000030
76477  11.499  -24.544  56.621 0.3000000119
76491  11.031  -23.873  55.407 0.4000000060
79508  10.705  -22.871  56.545 0.3000000119
81062  10.629  -22.151  55.785 0.4000000060
76502  11.325  -24.569  54.704 0.3000000119
73887  11.899  -25.837  54.712 0.3000000119
85897  15.476  -19.663  59.122 0.4000000060
85933  14.929  -20.120  57.474 0.4000000060
85935  13.472  -19.677  57.171 0.3000000119
84265  12.608  -20.284  55.395 0.3000000119
82625  11.355  -20.991  55.018 0.3000000119
75183  11.488  -25.165  53.529 0.4000000060
73899  11.692  -25.715  53.145 0.4000000060
63709  17.158  -32.207  46.861 0.3000000119
73910  11.864  -26.184  52.107 0.3000000119
71047  12.356  -27.061  52.451 0.2000000030
68664  13.853  -29.253  47.863 0.3000000119
71058  12.974  -27.795  49.740 0.3000000119
82570  16.549  -21.024  57.627 0.4000000060
84250  13.758  -20.281  55.855 0.3000000119
84249  14.255  -20.390  56.112 0.3000000119
84285  11.763  -20.841  54.739 0.3000000119
81097  11.004  -22.044  54.175 0.4000000060
81096  11.313  -21.684  53.970 0.4000000060
62160  21.993  -33.400  49.506 0.2000000030
62170  22.453  -32.961  49.317 0.2000000030
60612  23.304  -34.033  50.084 0.1000000015
62172  20.852  -33.103  48.838 0.2000000030
63644  21.655  -32.694  48.611 0.2000000030
79573  11.041  -22.770  53.291 0.4000000060
76546  11.123  -23.995  52.876 0.3000000119
63686  19.754  -32.088  47.329 0.2000000030
65018  17.621  -31.381  45.985 0.3000000119
66247  17.683  -31.001  45.469 0.3000000119
75194  11.457  -25.106  52.743 0.4000000060
62162  14.722  -32.368  50.091 0.2000000030
64959  14.156  -30.916  49.630 0.2000000030
69873  13.165  -28.430  50.878 0.2000000030
71053  12.536  -27.312  50.837 0.3000000119
72504  12.369  -26.720  50.313 0.4000000060
75240  11.757  -25.040  50.094 0.3000000119
84224  17.998  -20.664  57.977 0.4000000060
82561  17.217  -21.084  58.186 0.4000000060
82559  18.123  -21.307  58.086 0.4000000060
82569  17.073  -21.259  57.728 0.4000000060
82592  15.817  -21.088  56.462 0.3000000119
63643  22.373  -32.627  48.789 0.2000000030
82689  13.008  -21.336  52.766 0.4000000060
79572  11.309  -22.576  52.725 0.4000000060
63705  20.296  -31.859  46.923 0.2000000030
66246  18.061  -30.992  45.329 0.3000000119
67517  16.760  -30.047  44.558 0.3000000119
67504  16.476  -30.164  44.875 0.3000000119
68707  15.897  -29.384  44.558 0.3000000119
68655  13.751  -29.230  48.503 0.3000000119
69896  13.702  -28.864  48.109 0.3000000119
72527  12.690  -26.698  48.867 0.4000000060
78073  13.091  -23.108  49.612 0.4000000060
84210  18.176  -20.944  58.024 0.4000000060
79468  17.971  -22.363  57.371 0.4000000060
79493  18.300  -22.744  56.740 0.4000000060
60605  23.896  -33.994  50.286 0.1000000015
63628  23.539  -32.741  49.453 0.2000000030
79556  16.739  -22.347  54.453 0.4000000060
82665  14.062  -21.271  53.361 0.3000000119
65036  18.929  -31.172  45.347 0.2000000030
79586  11.375  -22.945  52.099 0.4000000060
66277  18.519  -30.624  44.276 0.3000000119
68705  16.953  -29.811  44.084 0.3000000119
77922  19.714  -23.117  57.029 0.4000000060
62140  25.403  -33.612  51.073 0.2000000030
63683  22.070  -32.351  47.504 0.2000000030
66276  19.377  -30.942  44.366 0.2000000030
79555  17.203  -22.726  54.104 0.4000000060
67528  17.925  -29.981  43.607 0.3000000119
68716  17.719  -29.747  43.419 0.3000000119
68717  17.206  -29.591  43.625 0.3000000119
69981  16.556  -28.191  42.930 0.3000000119
69966  17.022  -29.066  43.166 0.3000000119
71175  16.133  -27.922  43.234 0.3000000119
79568  17.853  -23.147  53.398 0.4000000060
81153  13.683  -21.918  51.681 0.4000000060
79569  17.351  -22.929  53.124 0.4000000060
81087  26.355  -21.824  53.512 0.2000000030
77921  20.164  -23.296  56.816 0.4000000060
76552  24.881  -23.798  51.541 0.6000000238
63682  22.811  -32.421  47.527 0.2000000030
63723  21.645  -32.104  46.409 0.2000000030
65048  19.964  -31.271  44.666 0.2000000030
66275  19.992  -31.103  44.152 0.2000000030
67543  18.267  -30.020  43.279 0.3000000119
76639  21.894  -24.529  47.904 0.6000000238
76619  22.171  -24.613  48.586 0.6000000238
76580  22.712  -24.773  49.971 0.6000000238
69992  17.436  -28.515  42.064 0.3000000119
68741  17.950  -29.181  42.229 0.3000000119
69980  17.007  -28.684  42.752 0.3000000119
74025  16.209  -26.189  42.867 0.4000000060
75348  16.705  -25.337  42.687 0.4000000060
79583  17.172  -23.035  52.191 0.5000000000
72622  15.673  -26.910  43.323 0.4000000060
75339  15.707  -25.699  43.557 0.4000000060
79617  16.129  -23.240  50.112 0.5000000000
76461  20.248  -23.895  56.618 0.4000000060
76475  20.459  -24.200  56.323 0.3000000119
62147  25.590  -33.095  50.982 0.2000000030
75171  20.925  -24.658  55.222 0.4000000060
63661  23.833  -32.583  48.248 0.2000000030
63722  22.211  -32.187  46.126 0.2000000030
68728  18.356  -29.847  42.787 0.3000000119
75362  17.366  -25.298  42.023 0.4000000060
74036  16.902  -26.128  42.097 0.4000000060
74037  16.582  -26.561  42.369 0.4000000060
76683  21.531  -24.399  46.456 0.6000000238
76735  19.273  -24.203  44.101 0.6000000238
79591  25.467  -23.187  51.180 0.6000000238
63660  24.661  -32.621  48.275 0.2000000030
76555  23.485  -24.826  51.457 0.6000000238
65047  20.573  -31.453  44.471 0.2000000030
65046  21.364  -31.620  44.562 0.2000000030
67541  19.384  -30.443  42.849 0.2000000030
72650  17.262  -26.902  41.576 0.4000000060
71217  17.651  -27.598  41.244 0.3000000119
70004  17.432  -28.002  41.621 0.3000000119
76703  19.359  -24.367  45.518 0.6000000238
69927  28.119  -28.788  45.657 0.1000000015
75181  21.402  -25.091  54.165 0.4000000060
79604  25.441  -23.040  50.745 0.6999999881
63721  22.957  -32.311  46.234 0.2000000030
75235  22.569  -24.985  50.542 0.5000000000
65045  22.113  -31.651  44.587 0.2000000030
70003  18.079  -28.555  41.357 0.3000000119
76771  18.063  -24.609  42.025 0.4000000060
75378  17.477  -25.819  41.556 0.4000000060
69977  27.096  -28.300  43.169 0.2000000030
77965  24.918  -23.514  55.023 0.3000000119
76485  24.804  -24.103  54.664 0.2000000030
79576  26.369  -22.219  51.929 0.6999999881
75180  22.067  -25.221  53.911 0.4000000060
75192  21.453  -25.131  53.325 0.4000000060
75189  23.640  -24.937  52.767 0.4000000060
75166  23.933  -24.838  53.974 0.2000000030
75216  20.359  -24.907  51.934 0.5000000000
63680  24.442  -32.588  47.479 0.2000000030
75225  22.170  -25.147  51.086 0.5000000000
65031  22.548  -31.959  45.321 0.2000000030
67554  19.590  -30.243  42.212 0.2000000030
67540  19.946  -30.604  42.577 0.2000000030
66292  20.404  -31.134  43.630 0.2000000030
70002  18.630  -28.896  41.083 0.3000000119
75267  21.325  -24.973  49.182 0.5000000000
74048  17.393  -26.363  41.428 0.4000000060
74047  17.784  -26.151  40.962 0.4000000060
72666  18.020  -26.870  40.569 0.4000000060
64969  27.074  -31.501  48.428 0.2000000030
78216  19.145  -23.838  42.410 0.4000000060
78193  19.076  -23.865  42.972 0.4000000060
78171  18.849  -23.965  43.236 0.6000000238
78170  19.265  -23.974  43.460 0.6000000238
71191  26.460  -28.245  42.420 0.2000000030
71204  26.394  -27.927  42.033 0.2000000030
72648  26.273  -26.979  40.794 0.2000000030
79534  25.018  -22.887  54.851 0.2000000030
79520  24.610  -23.386  55.005 0.2000000030
81141  27.138  -21.456  51.809 0.8000000119
79589  26.325  -22.175  51.516 0.6999999881
79615  25.279  -22.887  50.041 0.6999999881
75167  23.323  -25.081  54.204 0.2000000030
75191  22.191  -25.212  53.122 0.4000000060
63638  26.098  -32.358  49.144 0.2000000030
75201  22.360  -25.209  52.362 0.5000000000
63730  23.217  -32.194  45.647 0.2000000030
66305  20.580  -30.889  42.808 0.2000000030
65055  22.411  -31.430  43.930 0.2000000030
65030  23.406  -31.869  45.044 0.2000000030
67564  20.359  -30.052  41.242 0.3000000119
67553  20.291  -30.460  42.049 0.3000000119
67565  19.654  -30.018  41.638 0.3000000119
70014  18.772  -28.517  40.571 0.3000000119
75376  18.464  -24.853  41.167 0.4000000060
76785  18.400  -24.653  41.521 0.4000000060
78192  19.650  -23.837  42.948 0.5000000000
78154  21.715  -23.842  44.295 0.6999999881
78133  22.976  -23.573  45.793 0.6999999881
66271  25.647  -30.443  43.969 0.2000000030
68715  25.780  -29.520  43.118 0.2000000030
67524  25.214  -29.882  43.047 0.2000000030
68737  25.131  -29.062  42.059 0.2000000030
71215  25.264  -27.801  40.898 0.2000000030
81142  26.774  -21.796  51.496 0.8000000119
82714  26.982  -21.376  50.669 0.8000000119
81174  26.086  -22.017  50.052 0.6999999881
79627  25.478  -22.240  49.272 0.6999999881
64957  26.616  -32.104  49.225 0.2000000030
75227  20.559  -25.105  51.020 0.6000000238
63699  25.046  -32.316  46.577 0.2000000030
63700  24.120  -32.487  46.720 0.2000000030
76600  19.833  -24.951  49.356 0.5000000000
68752  20.112  -29.837  40.946 0.3000000119
71229  18.409  -27.620  40.326 0.3000000119
74066  18.134  -26.315  40.410 0.4000000060
78215  19.833  -23.760  42.225 0.5000000000
68739  24.057  -29.277  41.450 0.2000000030
68748  24.243  -28.908  41.229 0.2000000030
70020  23.363  -28.080  39.668 0.2000000030
71249  22.656  -27.722  38.692 0.2000000030
71238  23.618  -27.640  39.307 0.2000000030
71263  22.318  -27.288  38.090 0.2000000030
71227  24.356  -27.783  40.140 0.2000000030
74146  20.970  -25.579  37.194 0.2000000030
75464  21.715  -25.382  36.676 0.2000000030
76900  21.265  -24.348  36.622 0.2000000030
72732  22.517  -26.409  37.305 0.2000000030
72715  22.039  -26.793  37.605 0.2000000030
71237  24.174  -27.424  39.447 0.2000000030
72696  24.236  -26.882  38.784 0.2000000030
84641  23.020  -20.394  38.501 0.3000000119
78361  21.402  -23.624  36.413 0.2000000030
86287  23.846  -20.089  39.884 0.4000000060
74157  23.860  -25.681  36.830 0.2000000030
74141  24.884  -25.767  37.677 0.2000000030
87947  24.724  -19.018  40.170 0.5000000000
82729  26.945  -21.082  49.928 0.6999999881
81188  25.923  -21.845  49.273 0.6999999881
79639  24.862  -22.507  48.049 0.6999999881
64994  25.865  -32.044  46.854 0.2000000030
65029  24.139  -31.782  44.982 0.2000000030
65010  25.642  -31.684  45.786 0.2000000030
65042  24.478  -31.435  44.537 0.3000000119
65054  23.126  -31.344  43.900 0.3000000119
66312  22.351  -30.551  42.155 0.3000000119
66302  22.972  -30.638  42.620 0.3000000119
66303  22.166  -30.877  42.725 0.3000000119
67574  20.715  -29.926  40.913 0.3000000119
70025  19.504  -28.479  39.847 0.3000000119
71241  18.934  -27.556  39.660 0.3000000119
70026  18.872  -28.075  40.061 0.3000000119
76784  18.824  -24.451  41.211 0.4000000060
67551  21.804  -30.306  41.644 0.3000000119
68774  20.377  -29.116  39.981 0.3000000119
72682  18.774  -26.730  39.540 0.4000000060
67548  24.153  -29.520  41.807 0.2000000030
71253  19.481  -27.438  39.092 0.4000000060
74085  18.909  -26.086  39.379 0.4000000060
76783  19.371  -24.055  41.007 0.4000000060
76799  19.038  -24.473  40.640 0.4000000060
78214  20.533  -23.574  41.990 0.5000000000
70012  23.129  -28.495  39.976 0.2000000030
74104  19.234  -26.152  38.910 0.4000000060
76898  22.523  -24.627  35.919 0.2000000030
81457  22.015  -22.042  36.057 0.2000000030
75484  23.112  -25.118  36.130 0.2000000030
74140  25.260  -25.555  37.783 0.2000000030
83071  22.163  -21.481  36.362 0.2000000030
75499  23.922  -24.825  36.012 0.2000000030
86076  28.030  -19.319  49.621 0.6999999881
87763  28.719  -18.576  50.375 0.8000000119
84371  27.506  -20.360  50.154 0.6999999881
86048  27.791  -19.908  50.386 0.6999999881
86090  27.449  -19.624  48.567 0.6999999881
82758  26.056  -21.374  48.323 0.6999999881
81189  25.472  -22.111  48.948 0.6999999881
79645  24.793  -22.379  47.533 0.6999999881
65041  24.929  -31.376  44.670 0.3000000119
66287  24.363  -30.548  43.287 0.3000000119
67539  22.975  -30.328  42.201 0.3000000119
68762  21.794  -29.327  40.254 0.2000000030
67562  21.926  -29.813  40.953 0.3000000119
68763  21.031  -29.456  40.287 0.3000000119
68761  22.572  -28.900  40.070 0.2000000030
70035  19.998  -28.060  39.118 0.4000000060
70034  20.796  -28.144  38.845 0.2000000030
68773  21.156  -29.076  39.752 0.2000000030
71264  21.571  -27.222  37.949 0.2000000030
70032  22.180  -28.127  38.877 0.2000000030
74103  19.481  -25.777  38.580 0.4000000060
75466  20.636  -25.132  37.311 0.3000000119
78292  19.759  -24.030  39.483 0.4000000060
81413  21.456  -22.017  38.509 0.3000000119
84693  22.875  -20.393  36.260 0.2000000030
78414  22.984  -22.825  35.100 0.2000000030
86353  23.210  -19.718  36.833 0.3000000119
88000  24.314  -18.509  38.026 0.4000000060
89500  28.671  -18.388  49.799 0.6999999881
86111  27.423  -19.384  47.979 0.6999999881
81237  24.580  -22.266  46.572 0.6999999881
82789  25.828  -20.998  46.546 0.6999999881
79667  23.917  -22.582  45.170 0.6999999881
68772  21.877  -28.897  39.656 0.2000000030
71251  21.154  -27.666  38.375 0.2000000030
71266  20.437  -26.979  38.152 0.3000000119
71265  20.828  -27.102  37.996 0.2000000030
74125  20.582  -25.876  37.499 0.3000000119
75441  20.145  -25.230  37.760 0.3000000119
72717  20.454  -26.556  37.919 0.3000000119
76845  19.728  -24.736  38.600 0.3000000119
82980  22.225  -21.477  39.348 0.3000000119
86264  24.511  -19.832  41.303 0.4000000060
94039  31.872  -15.674  49.943 0.8000000119
92541  30.189  -16.670  49.809 0.6999999881
87785  28.103  -18.591  48.134 0.6999999881
89514  28.806  -17.678  48.178 0.6999999881
87796  27.707  -18.789  47.618 0.6999999881
84443  26.175  -20.618  46.903 0.6999999881
78314  20.199  -23.879  38.374 0.3000000119
79817  20.365  -23.399  38.952 0.3000000119
82978  23.365  -20.844  40.045 0.4000000060
81370  22.586  -21.627  40.369 0.4000000060
89577  27.082  -17.579  42.735 0.6000000238
91111  25.816  -17.413  38.727 0.4000000060
94054  31.384  -15.771  48.909 0.6999999881
90986  29.537  -16.760  47.730 0.6999999881
90987  29.131  -17.143  47.609 0.6999999881
90988  28.691  -17.512  47.504 0.6999999881
92575  29.478  -16.600  47.008 0.6999999881
91005  28.582  -17.174  46.104 0.6999999881
81294  24.040  -21.668  43.194 0.6999999881
86246  24.689  -19.905  42.123 0.6000000238
94024  32.355  -15.370  50.408 0.8000000119
94037  33.119  -15.131  49.262 0.6999999881
94099  30.699  -15.707  46.305 0.8000000119
86185  26.588  -19.330  45.123 0.6999999881
94116  30.531  -15.708  45.752 0.6999999881
82938  23.640  -21.082  41.155 0.5000000000
92707  27.042  -16.607  38.559 0.4000000060
92665  27.694  -16.520  40.182 0.4000000060
95604  33.422  -14.664  46.802 0.6999999881
82937  24.016  -20.811  41.600 0.5000000000
92664  28.269  -16.225  40.417 0.4000000060
92663  28.858  -15.939  40.618 0.4000000060
97118  34.586  -14.231  47.171 0.6999999881
95637  32.603  -14.824  45.051 0.8000000119
95672  32.001  -15.051  43.391 0.8000000119
94176  31.997  -15.081  42.773 0.6999999881
94177  31.594  -15.231  43.029 0.6999999881
94200  30.848  -15.552  41.232 0.6000000238
91234  27.810  -17.620  32.542 0.2000000030
86380  29.848  -20.163  35.524 0.1000000015
86394  29.180  -20.120  34.967 0.1000000015
84688  30.397  -20.370  36.496 0.1000000015
86393  30.175  -19.809  34.927 0.1000000015
97136  35.145  -14.097  46.828 0.6999999881
95688  33.600  -14.448  42.660 0.8000000119
95696  32.974  -14.672  41.447 0.8000000119
97213  33.485  -14.393  41.554 0.8000000119
95705  31.848  -15.091  40.131 0.6000000238
97244  32.661  -14.440  38.952 0.5000000000
95713  31.732  -15.099  39.382 0.5000000000
95747  31.269  -15.097  37.899 0.5000000000
94242  31.201  -15.406  39.252 0.5000000000
95759  30.842  -15.294  37.399 0.5000000000
94244  29.814  -15.727  38.645 0.5000000000
94266  30.285  -15.547  36.913 0.5000000000
94201  30.175  -15.662  41.018 0.5000000000
94267  29.597  -15.751  37.214 0.5000000000
94275  30.307  -15.405  36.126 0.5000000000
94245  29.128  -15.834  38.612 0.5000000000
94225  29.309  -15.813  39.290 0.5000000000
94268  28.970  -15.845  37.525 0.5000000000
94259  28.925  -15.859  38.102 0.5000000000
94277  28.866  -15.892  36.664 0.5000000000
92766  28.017  -16.092  35.373 0.5000000000
94289  28.516  -15.970  35.916 0.5000000000
94318  28.856  -15.773  34.493 0.3000000119
94317  29.367  -15.615  34.211 0.4000000060
92783  28.167  -16.059  34.398 0.3000000119
92805  28.167  -16.411  33.237 0.3000000119
92837  28.842  -16.543  32.575 0.1000000015
88117  29.445  -18.525  32.407 0.1000000015
97220  33.931  -14.103  41.188 0.8000000119
97254  33.073  -14.083  38.614 0.6999999881
97275  32.416  -14.309  37.803 0.5000000000
97274  32.929  -13.971  37.754 0.6000000238
97292  31.901  -14.539  37.099 0.5000000000
95782  30.686  -15.064  35.691 0.5000000000
95783  30.312  -15.273  35.492 0.5000000000
95816  30.319  -15.058  34.400 0.3000000119
94339  29.448  -15.617  33.476 0.1000000015
88116  30.297  -18.335  32.512 0.1000000015
98642  36.008  -13.412  44.113 0.8000000119
97202  35.282  -13.659  43.208 0.8000000119
97210  35.159  -13.591  42.591 0.8000000119
98715  35.262  -13.278  40.486 0.8000000119
98736  34.508  -13.422  39.634 0.8000000119
97253  33.636  -13.812  38.966 0.6999999881
98756  34.067  -13.455  38.576 0.6999999881
98782  33.517  -13.610  37.645 0.5000000000
97290  32.832  -13.866  36.952 0.5000000000
97306  32.475  -13.998  36.400 0.4000000060
97323  31.854  -14.278  35.900 0.5000000000
95795  30.788  -14.841  34.886 0.4000000060
95781  31.317  -14.605  35.396 0.4000000060
95814  31.335  -14.320  33.869 0.3000000119
95838  30.364  -14.992  33.685 0.2000000030
92835  30.527  -16.050  31.827 0.1000000015
91230  30.992  -17.157  31.948 0.1000000015
98669  35.723  -13.342  42.659 0.8000000119
98734  35.608  -13.096  40.110 0.8000000119
100380  35.305  -13.076  39.392 0.8000000119
98780  34.621  -13.205  38.236 0.6999999881
98808  33.269  -13.674  37.206 0.5000000000
98829  33.226  -13.583  36.542 0.4000000060
98855  32.864  -13.689  35.993 0.4000000060
98880  32.881  -13.563  35.321 0.3000000119
97340  32.366  -13.782  34.846 0.3000000119
97394  32.027  -14.066  33.011 0.3000000119
95837  30.862  -14.668  33.415 0.2000000030
95858  30.925  -14.816  32.703 0.1000000015
94365  31.075  -15.290  32.030 0.1000000015
100206  39.168  -12.774  46.811 0.6000000238
98625  38.636  -12.653  45.369 0.6999999881
98667  36.985  -12.917  43.013 0.8000000119
98681  36.829  -12.909  42.391 0.8000000119
100418  35.298  -12.929  38.219 0.6999999881
100446  35.016  -12.938  37.565 0.6999999881
98827  34.323  -13.151  36.863 0.6000000238
100522  34.521  -12.837  35.459 0.6000000238
98878  34.014  -12.985  34.926 0.4000000060
98928  32.920  -13.366  34.032 0.3000000119
98927  33.399  -13.275  33.680 0.3000000119
97374  33.765  -13.701  32.720 0.3000000119
100237  38.712  -12.573  44.736 0.8000000119
100278  37.617  -12.674  43.133 0.8000000119
100277  38.281  -12.484  43.296 0.8000000119
100359  37.381  -12.376  40.199 0.6000000238
100377  37.027  -12.418  39.468 0.6999999881
100444  36.248  -12.455  37.309 0.6999999881
100496  35.724  -12.445  35.842 0.6000000238
100544  35.021  -12.631  34.534 0.4000000060
98941  34.461  -13.822  32.680 0.3000000119
100234  40.601  -12.431  45.270 0.6999999881
100235  39.927  -12.495  45.074 0.8000000119
100255  39.857  -12.375  44.370 0.8000000119
100295  38.860  -12.286  42.672 0.8000000119
100415  37.674  -12.134  37.912 0.6999999881
100542  36.483  -12.751  34.052 0.5000000000
98924  35.818  -13.611  33.179 0.3000000119
88201  37.080  -18.833  29.184 0.3000000119
88183  37.462  -19.150  29.815 0.2000000030
97373  35.228  -14.150  32.914 0.2000000030
89846  34.666  -17.981  29.869 0.2000000030
88163  35.190  -18.952  30.129 0.2000000030
88164  34.854  -18.660  30.499 0.2000000030
100253  41.322  -12.337  44.686 0.6999999881
100293  40.407  -12.206  42.924 0.8000000119
100337  39.316  -12.069  41.199 0.6999999881
100357  39.101  -12.058  40.355 0.6999999881
100394  38.244  -12.076  38.680 0.6999999881
100517  38.053  -13.054  34.654 0.6999999881
98877  37.886  -13.190  34.349 0.5000000000
97371  36.605  -14.419  33.403 0.3000000119
88215  36.720  -18.549  28.644 0.3000000119
88214  37.431  -18.487  28.716 0.2000000030
88204  35.199  -18.573  29.366 0.3000000119
89856  35.400  -18.251  28.705 0.3000000119
91258  44.174  -17.464  31.249 0.1000000015
89828  42.711  -17.771  30.687 0.1000000015
89831  40.960  -18.280  30.228 0.1000000015
91304  41.721  -17.425  29.784 0.1000000015
88198  39.241  -18.315  29.352 0.2000000030
89853  39.789  -17.926  29.174 0.1000000015
89855  38.463  -18.329  29.033 0.2000000030
89871  36.389  -18.173  28.239 0.3000000119
91353  34.970  -17.504  28.300 0.3000000119
91329  34.512  -17.473  29.149 0.3000000119
89857  35.008  -18.159  29.073 0.3000000119
92875  35.216  -16.048  30.859 0.4000000060
92876  34.772  -16.382  30.595 0.4000000060
91260  34.934  -17.279  31.406 0.3000000119
92829  36.206  -16.821  32.420 0.4000000060
92855  36.293  -16.145  31.735 0.4000000060
91259  35.347  -17.187  31.897 0.3000000119
88114  34.798  -18.766  32.107 0.1000000015
100251  42.532  -11.803  45.083 0.6999999881
100273  41.282  -12.312  43.877 0.8000000119
100313  41.070  -12.110  42.209 0.8000000119
100335  40.870  -12.023  41.481 0.6999999881
102003  40.649  -11.910  40.031 0.6999999881
100465  39.667  -13.170  36.124 0.6999999881
100492  39.140  -13.144  35.587 0.6999999881
97304  39.971  -13.963  35.927 0.6999999881
97320  39.872  -14.427  35.479 0.6999999881
97321  39.360  -14.193  35.131 0.6999999881
95779  40.452  -14.925  35.424 0.6999999881
95792  39.866  -15.295  34.958 0.6000000238
95793  39.225  -15.433  34.679 0.6000000238
97338  39.156  -14.607  34.822 0.6999999881
97357  38.828  -15.190  34.509 0.6000000238
94309  38.920  -15.972  34.091 0.5000000000
94308  39.584  -15.844  33.752 0.6000000238
94332  38.995  -16.042  33.322 0.5000000000
92775  38.479  -16.279  33.633 0.4000000060
95811  38.493  -15.468  34.212 0.5000000000
94310  38.150  -15.954  33.992 0.4000000060
95831  37.374  -14.786  33.787 0.2000000030
92872  45.330  -16.118  31.441 0.1000000015
92826  38.208  -15.885  32.483 0.5000000000
94331  39.483  -15.417  33.060 0.6000000238
94357  39.204  -15.185  32.692 0.5000000000
94359  37.858  -15.421  32.132 0.5000000000
92828  37.023  -16.201  32.254 0.4000000060
94360  37.463  -15.809  32.126 0.5000000000
94311  37.468  -15.933  33.924 0.3000000119
95813  37.206  -15.525  33.866 0.2000000030
92873  44.844  -16.470  31.120 0.1000000015
97407  36.917  -14.393  31.347 0.5000000000
95888  36.142  -14.719  30.982 0.5000000000
94380  36.314  -15.462  31.322 0.5000000000
94378  37.481  -15.078  31.784 0.5000000000
94379  37.130  -15.446  31.729 0.5000000000
94415  43.976  -15.776  30.026 0.1000000015
91325  42.100  -16.941  29.597 0.1000000015
91328  40.367  -17.440  29.011 0.1000000015
89869  38.202  -17.970  28.469 0.2000000030
89885  38.023  -17.502  27.904 0.2000000030
91370  38.663  -17.197  27.865 0.1000000015
91373  36.020  -17.431  27.579 0.2000000030
91330  34.186  -16.819  29.132 0.4000000060
92943  34.170  -16.410  28.478 0.5000000000
92942  34.529  -16.852  28.126 0.5000000000
95890  35.199  -15.228  30.590 0.4000000060
91306  34.123  -16.505  29.514 0.4000000060
91305  34.359  -17.064  29.991 0.4000000060
94396  34.994  -15.636  30.556 0.4000000060
94381  35.930  -15.945  31.339 0.5000000000
92778  36.483  -16.565  33.896 0.2000000030
92919  41.507  -16.389  28.939 0.1000000015
91386  37.282  -16.863  27.103 0.2000000030
92966  34.420  -16.358  27.857 0.4000000060
95926  34.039  -15.265  29.123 0.5000000000
92960  40.067  -16.181  27.984 0.1000000015
94492  37.424  -15.633  26.675 0.1000000015
94495  34.931  -15.418  26.909 0.4000000060
94494  35.680  -15.603  26.680 0.3000000119
95957  34.371  -15.309  27.297 0.4000000060
94473  39.270  -15.469  27.332 0.1000000015
101938  43.158  -11.400  44.734 0.4000000060
100270  43.421  -11.851  43.967 0.6000000238
100289  43.465  -12.044  43.566 0.8000000119
100354  41.864  -12.343  40.473 0.8000000119
100372  41.682  -12.603  39.894 0.6999999881
100391  40.999  -12.888  38.515 0.6999999881
100411  41.068  -13.180  38.094 0.6999999881
97287  41.924  -13.655  36.786 0.8000000119
97288  41.161  -13.927  36.849 0.6999999881
100512  48.682  -12.085  34.701 0.1000000015
95778  41.004  -14.516  35.016 0.8000000119
97303  40.552  -14.249  36.132 0.6999999881
98802  42.056  -12.754  36.904 0.8000000119
95790  40.833  -14.335  34.737 0.6999999881
100515  40.911  -12.450  35.198 0.8000000119
95809  39.844  -14.342  33.393 0.6999999881
94307  39.963  -15.366  33.481 0.6000000238
97387  46.139  -14.570  32.059 0.1000000015
98921  39.295  -13.317  33.153 0.6000000238
97368  39.615  -13.930  33.262 0.6000000238
98961  37.982  -13.307  32.109 0.5000000000
95851  38.985  -14.657  32.602 0.5000000000
97389  38.385  -13.976  32.345 0.5000000000
100603  37.656  -12.544  31.942 0.5000000000
100602  38.092  -12.805  32.315 0.5000000000
98984  36.936  -13.216  31.363 0.5000000000
97406  37.170  -13.989  31.497 0.5000000000
95852  38.244  -14.712  32.242 0.5000000000
95887  44.851  -15.142  30.557 0.1000000015
94416  43.433  -15.710  29.650 0.1000000015
102191  36.738  -11.951  31.234 0.5000000000
102192  36.344  -11.996  30.849 0.5000000000
100639  35.572  -12.812  30.354 0.5000000000
98986  36.045  -13.400  30.714 0.5000000000
99006  35.581  -13.551  30.416 0.5000000000
97424  36.542  -14.036  31.069 0.5000000000
92939  41.357  -16.012  28.628 0.1000000015
95940  41.904  -14.935  28.431 0.1000000015
95954  40.289  -14.890  27.690 0.1000000015
100640  35.003  -12.679  29.807 0.5000000000
102211  34.985  -11.965  29.467 0.5000000000
99027  34.245  -13.403  29.098 0.5000000000
100670  34.278  -12.359  28.660 0.5000000000
99044  33.966  -13.515  28.411 0.5000000000
97462  33.905  -14.292  28.285 0.5000000000
99007  35.116  -13.417  30.059 0.5000000000
97450  34.119  -14.326  29.140 0.5000000000
95911  34.315  -15.071  29.641 0.5000000000
97439  35.307  -14.065  30.291 0.5000000000
95910  34.851  -14.946  30.134 0.5000000000
95974  37.105  -14.893  26.376 0.2000000030
95973  37.961  -14.880  26.639 0.1000000015
94490  38.824  -15.449  27.088 0.1000000015
97512  34.648  -13.369  26.513 0.5000000000
99081  34.057  -13.020  27.217 0.5000000000
97491  34.953  -14.198  26.456 0.4000000060
95978  34.132  -14.135  27.196 0.5000000000
95975  36.226  -14.989  26.326 0.3000000119
95958  34.022  -14.717  27.656 0.5000000000
101959  44.036  -11.737  43.071 0.6999999881
101949  43.806  -11.547  43.782 0.6000000238
101958  44.373  -11.141  42.598 0.6999999881
98732  41.983  -13.018  39.457 0.6999999881
103413  44.550  -10.486  42.203 0.8000000119
100371  43.013  -12.672  39.351 0.8000000119
97286  42.189  -13.242  37.187 0.8000000119
100490  41.260  -12.325  35.743 0.8000000119
97473  40.299  -14.162  27.541 0.1000000015
97472  40.854  -13.937  27.773 0.1000000015
97459  41.854  -14.298  28.264 0.1000000015
95972  38.751  -14.844  26.892 0.1000000015
95971  39.310  -14.623  27.092 0.1000000015
97490  37.129  -14.266  26.181 0.2000000030
99078  38.340  -13.611  26.313 0.1000000015
97487  39.171  -14.164  26.901 0.1000000015
106087  44.788  -9.257  42.838 0.6000000238
104744  44.656  -9.797  41.817 0.8000000119
102001  43.563  -11.222  39.821 0.8000000119
106232  36.742  -10.001  31.291 0.5000000000
103438  44.015  -10.722  40.710 0.8000000119
104764  44.063  -9.911  40.468 0.8000000119
103457  43.512  -10.581  39.558 0.8000000119
102013  43.327  -11.280  39.337 0.8000000119
102014  43.037  -11.339  38.824 0.8000000119
104784  43.386  -9.859  39.282 0.8000000119
103480  42.584  -10.924  37.909 0.8999999762
103470  42.553  -10.357  37.886 0.8999999762
102045  42.088  -11.402  37.133 0.8999999762
104796  42.236  -9.821  37.685 0.8999999762
100438  41.967  -11.983  36.866 0.8999999762
107698  36.908  -8.585  29.893 0.6999999881
102063  41.352  -11.353  36.181 0.8999999762
104813  41.617  -10.305  36.708 0.8999999762
104814  41.286  -9.908  36.472 0.8999999762
100464  41.291  -11.814  35.967 0.8000000119
102083  40.914  -11.381  35.609 0.8000000119
106215  37.960  -9.664  32.616 0.6999999881
102104  39.857  -11.231  34.406 0.6999999881
102103  40.373  -11.578  34.856 0.8000000119
103528  39.849  -10.714  34.577 0.8000000119
102121  39.725  -11.799  34.037 0.6999999881
104966  34.806  -10.431  28.269 0.5000000000
103640  34.742  -11.074  28.829 0.5000000000
104965  35.202  -9.987  28.579 0.6000000238
107715  36.494  -8.811  29.265 0.6999999881
103623  34.897  -11.491  29.254 0.5000000000
102224  34.599  -11.876  28.948 0.5000000000
102238  34.049  -12.151  27.705 0.5000000000
102252  34.085  -12.158  27.166 0.5000000000
102263  34.397  -11.769  26.642 0.5000000000
104984  34.716  -10.410  27.497 0.5000000000
107731  36.590  -8.595  28.477 0.6999999881
104983  35.060  -9.887  27.874 0.6000000238
98937  46.487  -13.816  32.118 0.1000000015
105008  35.285  -10.041  26.270 0.6000000238
106321  36.032  -8.923  27.629 0.6000000238
98982  45.041  -13.729  30.777 0.1000000015
105026  35.869  -9.979  25.447 0.6000000238
106359  35.772  -9.444  26.099 0.6000000238
103690  35.388  -10.775  25.697 0.5000000000
98998  48.944  -13.021  30.105 0.1000000015
98999  48.222  -13.195  30.056 0.1000000015
100734  36.376  -12.429  25.457 0.4000000060
99094  38.118  -13.172  25.944 0.1000000015
100732  37.872  -12.707  25.490 0.2000000030
103706  36.388  -10.600  24.922 0.4000000060
102295  37.306  -11.553  24.681 0.2000000030
100755  36.855  -12.010  25.107 0.4000000060
99037  45.972  -13.010  28.453 0.1000000015
99035  47.691  -12.957  28.717 0.1000000015
99017  48.688  -12.906  29.408 0.1000000015
99038  45.264  -12.982  28.352 0.1000000015
100704  44.485  -12.707  26.793 0.1000000015
99055  44.271  -12.934  27.610 0.1000000015
99076  39.886  -13.191  26.828 0.1000000015
100710  39.763  -12.895  26.375 0.1000000015
100709  40.386  -12.777  26.463 0.2000000030
99058  41.726  -13.098  27.616 0.1000000015
99060  40.086  -13.550  27.280 0.1000000015
99043  41.266  -13.562  27.897 0.1000000015
100731  38.577  -12.706  25.642 0.2000000030
100753  38.384  -12.223  24.977 0.2000000030
102294  38.030  -11.846  24.649 0.2000000030
100725  43.466  -12.523  25.956 0.1000000015
100707  42.073  -12.679  26.528 0.1000000015
100727  41.794  -12.511  25.859 0.1000000015
100729  40.124  -12.572  25.878 0.2000000030
100728  40.930  -12.529  25.862 0.1000000015
100689  41.623  -12.835  27.113 0.2000000030
100730  39.294  -12.703  25.938 0.2000000030
100769  38.863  -12.148  24.808 0.2000000030
100768  39.345  -12.142  24.710 0.2000000030
103718  37.131  -10.537  24.479 0.3000000119
105035  37.783  -9.883  24.104 0.3000000119
103734  38.532  -10.528  23.736 0.2000000030
102312  37.887  -11.320  24.336 0.2000000030
102311  38.651  -11.707  24.376 0.2000000030
102324  39.126  -11.199  23.754 0.2000000030
106399  38.158  -9.176  23.909 0.3000000119
107817  38.067  -8.210  24.672 0.3000000119
109357  39.009  -7.683  23.997 0.5000000000
106117  43.875  -9.321  40.062 0.8000000119
107530  43.340  -8.293  39.388 0.8999999762
109147  40.679  -7.586  35.521 0.8000000119
109160  40.248  -7.544  34.580 0.8000000119
107625  39.097  -8.564  33.752 0.8000000119
109195  38.506  -7.985  32.470 0.8000000119
106137  42.277  -9.125  38.055 0.8999999762
107626  38.843  -9.071  33.582 0.8000000119
104804  41.758  -9.886  37.067 0.8999999762
104849  39.453  -10.078  34.260 0.8000000119
102154  38.661  -12.121  32.919 0.6000000238
100565  39.390  -12.790  33.381 0.6000000238
102140  38.560  -11.608  33.006 0.6000000238
104877  37.365  -10.452  32.080 0.5000000000
103588  36.470  -10.835  30.879 0.5000000000
107713  37.668  -8.142  28.930 0.6999999881
107729  37.730  -8.116  28.368 0.6999999881
107769  36.589  -8.517  26.928 0.6999999881
107788  36.497  -8.717  26.249 0.5000000000
106375  36.345  -9.384  25.383 0.5000000000
99020  46.107  -13.073  29.256 0.1000000015
100651  45.355  -12.862  29.518 0.1000000015
105036  37.180  -9.819  24.474 0.3000000119
102313  37.387  -10.996  24.422 0.3000000119
106357  36.684  -8.845  25.638 0.5000000000
107805  37.274  -8.526  25.284 0.5000000000
109345  38.489  -7.725  24.979 0.5000000000
109333  38.881  -7.457  25.301 0.6000000238
110881  40.102  -7.022  26.220 0.6999999881
115290  42.982  -4.553  24.289 0.6000000238
106094  45.085  -8.588  42.364 0.6000000238
107488  45.132  -7.969  42.074 0.6999999881
107504  44.294  -8.396  40.524 0.6999999881
107518  43.859  -8.524  39.994 0.8000000119
110706  41.788  -7.149  37.137 0.8999999762
110694  42.387  -7.065  38.195 0.8999999762
107549  42.021  -8.436  37.828 0.8999999762
112188  42.709  -6.461  38.318 0.8999999762
112196  42.346  -6.390  37.603 0.8999999762
112197  42.065  -6.805  37.344 0.8999999762
112205  42.030  -6.547  36.961 0.8999999762
110707  41.464  -7.290  36.718 0.8999999762
112215  42.011  -6.270  36.280 0.8999999762
110725  41.627  -6.597  36.002 0.8000000119
110716  41.324  -7.073  36.237 0.8000000119
109058  43.679  -7.683  39.751 0.8999999762
110727  40.786  -7.023  34.973 0.8000000119
104823  40.435  -9.656  35.560 0.8000000119
109194  39.078  -7.374  31.897 0.6999999881
106147  41.507  -9.070  37.043 0.8999999762
106155  41.183  -9.062  36.561 0.8999999762
109204  39.074  -7.424  31.051 0.6999999881
110767  40.479  -6.798  32.069 0.6999999881
110794  39.553  -7.334  30.638 0.6999999881
110768  39.747  -6.997  32.026 0.6999999881
110766  41.272  -6.632  32.194 0.6999999881
110778  41.089  -6.811  31.374 0.6999999881
110793  40.138  -7.174  30.507 0.6999999881
109228  39.262  -7.552  29.639 0.6999999881
109262  38.234  -7.915  28.601 0.6999999881
110792  40.869  -6.973  30.596 0.6999999881
110807  40.163  -7.331  29.847 0.6999999881
109243  38.770  -7.700  29.151 0.6999999881
109279  38.396  -7.813  27.895 0.6999999881
100621  45.413  -13.091  30.695 0.1000000015
109278  38.982  -7.599  27.680 0.6999999881
109241  40.019  -7.421  28.774 0.6999999881
107786  37.753  -7.891  26.689 0.6000000238
109315  38.348  -7.626  26.350 0.6999999881
109260  39.544  -7.505  28.224 0.6999999881
100636  44.781  -12.857  30.024 0.1000000015
109314  38.962  -7.433  26.082 0.6000000238
110837  40.730  -7.263  28.066 0.6999999881
110879  41.105  -6.284  25.643 0.6000000238
109024  45.062  -7.477  41.797 0.6000000238
110658  44.218  -6.919  40.390 0.8000000119
112178  43.733  -5.867  39.580 0.8999999762
112179  43.513  -6.282  39.342 0.8999999762
110682  43.197  -6.992  39.147 0.8999999762
113722  42.940  -6.064  38.474 0.8999999762
113721  43.239  -5.583  38.672 0.8999999762
109075  42.993  -7.662  39.022 0.8999999762
109094  42.562  -7.718  38.564 0.8999999762
113753  42.779  -5.583  37.285 0.8999999762
113736  43.193  -5.169  37.795 0.8999999762
113767  42.932  -5.397  36.463 0.8999999762
112214  42.532  -5.764  35.952 0.8999999762
112227  41.536  -6.368  35.017 0.8000000119
110736  41.202  -6.542  34.737 0.8000000119
110737  40.770  -6.793  34.432 0.8000000119
112243  42.677  -5.876  34.537 0.8999999762
110744  41.262  -6.389  33.997 0.8000000119
110755  39.966  -6.979  32.624 0.8000000119
113787  43.267  -5.363  35.609 0.8999999762
112242  43.582  -5.563  34.697 0.8999999762
112259  42.577  -6.033  33.722 0.8999999762
112275  41.959  -6.245  33.087 0.6999999881
104850  39.076  -10.198  33.861 0.8000000119
110752  42.017  -6.312  32.842 0.6999999881
103559  38.713  -11.103  33.300 0.5000000000
112288  42.708  -6.432  32.483 0.6999999881
110777  41.915  -6.772  31.457 0.6999999881
110806  40.662  -7.186  29.896 0.6999999881
110790  42.479  -6.839  30.674 0.6999999881
99005  43.121  -13.840  29.185 0.1000000015
110836  41.116  -7.120  28.337 0.6999999881
110849  40.744  -7.175  27.670 0.6999999881
110848  41.404  -6.892  27.467 0.6999999881
110862  41.529  -6.558  26.497 0.6000000238
113936  43.320  -5.472  26.434 0.8000000119
113964  43.404  -4.900  25.680 0.6999999881
115289  43.454  -4.394  24.596 0.6000000238
118224  43.861  -3.054  22.855 0.5000000000
119653  43.835  -2.380  21.660 0.4000000060
118227  44.171  -2.572  22.598 0.5000000000
113689  44.240  -5.378  40.137 0.6999999881
115030  44.198  -4.113  37.861 0.8999999762
115022  44.121  -4.231  38.678 0.8999999762
113752  43.308  -5.008  36.976 0.8999999762
115042  44.339  -4.188  37.127 0.8999999762
113766  43.588  -5.040  36.225 0.8999999762
115059  44.600  -4.385  36.476 0.8999999762
113765  44.241  -4.800  36.047 0.8999999762
113804  44.915  -5.388  34.961 0.8999999762
115075  45.610  -4.669  35.820 1.0000000000
112241  44.534  -5.669  34.488 0.8999999762
112257  44.205  -5.922  33.884 0.8999999762
112272  43.974  -6.177  33.188 0.8999999762
112286  43.759  -6.378  32.617 0.8000000119
110763  43.632  -6.568  32.146 0.6999999881
110762  44.052  -6.529  32.245 0.8000000119
110775  43.528  -6.682  31.526 0.6999999881
110803  43.034  -6.757  29.853 0.6999999881
110802  44.055  -6.635  29.916 0.6999999881
110834  42.981  -6.567  28.076 0.6999999881
112352  42.835  -6.201  27.180 0.6999999881
115260  44.313  -4.622  26.052 0.6999999881
116669  44.432  -4.354  25.634 0.6000000238
116682  45.717  -3.298  25.225 0.5000000000
119655  44.222  -1.893  20.993 0.4000000060
117915  45.090  -3.015  38.503 0.6999999881
117903  44.900  -3.107  38.933 0.6999999881
117901  45.836  -2.460  38.605 0.6999999881
117928  45.821  -2.961  37.837 0.8000000119
116417  45.538  -3.337  37.423 0.8999999762
116431  46.217  -3.792  36.729 1.0000000000
115057  45.943  -4.266  36.261 1.0000000000
115074  46.301  -4.745  35.845 1.0000000000
113802  46.280  -5.460  34.902 1.0000000000
112240  45.295  -5.760  34.471 1.0000000000
112271  44.755  -6.181  33.225 0.8999999762
112270  45.504  -6.140  33.327 1.0000000000
112284  45.318  -6.245  32.612 0.8999999762
110774  44.275  -6.597  31.749 0.8999999762
116556  48.592  -3.909  29.691 1.0000000000
115135  49.052  -4.060  31.369 1.0000000000
115179  47.539  -4.471  29.385 0.8999999762
110773  44.759  -6.538  31.645 0.8999999762
110787  44.824  -6.521  31.147 0.6999999881
116554  49.820  -3.331  30.524 0.8999999762
113867  47.327  -4.980  30.101 1.0000000000
113881  46.614  -5.210  29.512 0.8999999762
110801  44.619  -6.520  30.466 0.8000000119
118093  49.498  -2.909  28.947 0.8999999762
116611  47.311  -4.096  28.330 0.8999999762
110815  44.146  -6.534  29.244 0.6999999881
110833  43.547  -6.469  28.325 0.6999999881
116632  46.525  -4.157  27.509 0.8000000119
116631  47.530  -3.475  27.376 0.8000000119
115223  46.372  -4.551  28.042 0.8999999762
113919  45.712  -5.132  28.202 0.8999999762
112350  43.938  -5.918  27.716 0.8000000119
118131  48.054  -3.017  27.300 0.6999999881
118148  47.742  -2.938  26.811 0.6999999881
116648  47.335  -3.268  26.789 0.6999999881
115225  45.313  -4.826  27.395 0.8000000119
113933  44.918  -5.071  27.337 0.8999999762
118167  48.083  -2.536  26.479 0.6999999881
118168  47.580  -2.676  26.192 0.6999999881
118170  46.392  -3.105  25.684 0.6000000238
116651  45.150  -4.381  26.443 0.6999999881
115242  45.055  -4.667  26.873 0.6999999881
116668  44.998  -4.177  25.864 0.6000000238
118198  45.826  -2.868  24.742 0.5000000000
119367  45.638  -2.314  39.093 0.6999999881
119377  46.854  -1.811  38.485 0.6000000238
119365  46.544  -1.616  38.818 0.6000000238
119366  46.168  -1.769  39.014 0.6000000238
116416  46.563  -3.352  37.210 0.6999999881
117926  46.975  -2.899  37.588 0.6000000238
115056  46.649  -4.295  36.284 1.0000000000
115055  47.388  -4.336  36.316 0.8999999762
113782  46.632  -5.189  35.377 1.0000000000
113801  46.926  -5.514  34.769 1.0000000000
112253  46.985  -5.728  34.229 1.0000000000
112255  45.729  -5.981  33.951 1.0000000000
112268  46.852  -5.893  33.586 1.0000000000
112305  45.973  -6.052  31.321 1.0000000000
112294  46.510  -5.951  32.385 1.0000000000
112306  45.423  -6.280  31.069 0.8999999762
118054  51.232  -2.618  30.976 0.8999999762
116506  49.506  -3.734  31.509 1.0000000000
113860  46.214  -5.888  30.848 1.0000000000
119497  52.650  -1.948  30.965 0.8000000119
112339  45.136  -5.975  29.000 0.8999999762
118109  50.351  -2.448  28.920 0.6999999881
119560  49.190  -2.331  27.425 0.6999999881
119572  49.978  -1.718  27.074 0.6999999881
119616  46.708  -1.808  24.223 0.6000000238
117925  47.691  -2.857  37.514 0.6000000238
115072  47.729  -4.785  35.830 0.8999999762
118033  52.242  -2.315  31.645 0.8000000119
117994  51.158  -3.153  33.403 0.8000000119
116486  50.608  -3.373  32.992 0.8999999762
115105  49.698  -4.104  32.896 0.8999999762
116461  51.012  -3.455  34.307 0.6999999881
115094  49.749  -4.243  33.608 0.8000000119
115106  49.185  -4.481  33.141 0.8999999762
115095  49.102  -4.704  33.939 0.8999999762
113816  48.709  -5.013  33.997 1.0000000000
113817  48.281  -5.237  33.822 1.0000000000
115086  49.256  -4.662  34.786 0.6999999881
113799  48.146  -5.307  34.597 1.0000000000
115071  48.469  -4.730  35.769 0.8999999762
113818  47.530  -5.577  34.159 1.0000000000
116488  49.591  -3.820  32.104 0.8999999762
115115  49.648  -3.976  32.476 1.0000000000
113848  48.222  -4.873  31.667 1.0000000000
115117  48.671  -4.698  32.634 1.0000000000
113829  48.164  -5.176  32.949 1.0000000000
113840  47.053  -5.798  32.701 1.0000000000
113850  47.008  -5.650  31.958 1.0000000000
120990  52.628  -1.512  29.799 0.6000000238
121082  48.952  -1.159  25.357 0.6999999881
122543  49.329  -0.693  25.031 0.6000000238
122544  48.895  -0.873  24.950 0.6999999881
122360  49.237  -0.963  36.698 0.4000000060
119388  49.054  -2.090  37.175 0.5000000000
117951  50.450  -2.797  35.917 0.6999999881
116426  49.910  -3.425  36.264 0.6999999881
115052  49.692  -3.958  36.045 0.6999999881
116413  48.765  -3.217  37.080 0.6999999881
119389  48.582  -2.016  37.568 0.5000000000
117910  47.980  -2.334  37.801 0.6000000238
122422  52.531  -0.165  31.814 0.3000000119
123830  52.466  -0.023  31.354 0.3000000119
120978  53.909  -0.818  30.617 0.6000000238
121001  53.159  -1.008  28.961 0.6999999881
122524  51.184  -0.495  25.924 0.6999999881
122558  50.230  -0.115  24.499 0.6999999881
123980  50.578  0.350  23.512 0.6999999881
123864  54.444  0.700  29.160 0.4000000060
122471  53.642  -0.591  28.522 0.6999999881
122485  53.342  -0.566  27.753 0.6999999881
121033  52.714  -0.916  27.874 0.6999999881
122506  52.339  -0.575  26.762 0.6999999881
122486  52.774  -0.670  27.336 0.6999999881
122507  51.673  -0.627  26.484 0.6000000238
123949  51.816  0.118  24.775 0.6000000238
123950  51.340  -0.024  24.846 0.6999999881
123947  53.173  0.250  24.475 0.6000000238
123996  50.846  0.522  22.704 0.6000000238
125248  53.421  1.222  29.831 0.4000000060
123863  54.714  0.936  28.556 0.4000000060
123977  52.937  0.341  23.241 0.5000000000
123993  53.203  0.354  22.502 0.5000000000
125264  54.543  1.569  28.827 0.4000000060
76736  18.582  -24.128  43.710 0.5000000000
75156  23.165  -25.037  54.866 0.2000000030
76486  24.195  -24.317  55.009 0.3000000119
75155  23.809  -24.809  54.630 0.2000000030
75202  21.600  -25.165  52.501 0.4000000060
103573  37.297  -11.130  31.807 0.5000000000
103602  36.511  -11.570  30.941 0.5000000000
102155  38.199  -11.782  32.577 0.5000000000
103678  34.725  -11.029  26.409 0.5000000000
99093  38.699  -13.112  26.111 0.1000000015
99061  39.568  -13.684  27.011 0.1000000015
99099  34.745  -12.964  26.337 0.5000000000
97509  36.724  -13.845  26.014 0.2000000030
95993  35.438  -14.100  26.195 0.4000000060
95991  36.651  -14.477  26.176 0.4000000060
103603  36.161  -11.188  30.512 0.5000000000
102210  35.433  -12.023  29.980 0.5000000000
99024  42.780  -13.605  28.812 0.1000000015
99042  41.886  -13.523  28.141 0.1000000015
94395  35.572  -15.601  30.943 0.5000000000
94394  35.873  -15.133  30.977 0.5000000000
95889  35.474  -14.774  30.617 0.5000000000
94438  34.019  -15.808  29.186 0.5000000000
100671  34.023  -12.640  28.143 0.5000000000
95992  36.045  -14.309  26.139 0.2000000030
109334  38.377  -7.665  25.505 0.5000000000
85984  27.681  -19.625  53.062 0.5000000000
84293  27.243  -20.215  53.154 0.4000000060
85985  26.960  -19.492  53.142 0.2000000030
75144  23.556  -24.716  55.108 0.2000000030
76471  23.518  -24.399  55.382 0.2000000030
85998  28.041  -19.734  52.797 0.5000000000
85968  27.522  -19.249  53.187 0.4000000060
85969  27.283  -19.150  53.190 0.4000000060
84295  26.076  -20.499  53.248 0.2000000030
87724  27.379  -18.801  53.012 0.3000000119
86000  26.160  -19.706  52.705 0.2000000030
84311  25.803  -20.301  52.835 0.2000000030
89465  27.699  -18.148  52.795 0.4000000060
87747  26.803  -18.564  52.240 0.2000000030
90932  28.261  -17.194  52.496 0.3000000119
90933  27.791  -17.641  52.555 0.3000000119
89471  27.404  -17.970  52.383 0.2000000030
75135  22.202  -24.693  55.963 0.1000000015
75146  22.247  -25.127  55.606 0.2000000030
82637  25.495  -21.290  53.504 0.2000000030
81089  25.184  -21.995  53.987 0.1000000015
82638  25.071  -21.683  53.609 0.1000000015
86001  25.759  -20.136  52.588 0.2000000030
84312  25.444  -20.479  52.598 0.2000000030
82680  25.118  -20.796  52.472 0.1000000015
87736  26.505  -19.214  52.586 0.2000000030
86016  25.590  -20.014  52.234 0.2000000030
86033  25.255  -19.808  51.480 0.1000000015
92528  27.953  -16.850  51.709 0.3000000119
90941  27.645  -17.355  52.095 0.3000000119
90950  27.233  -17.603  51.646 0.2000000030
89479  26.993  -18.075  51.994 0.2000000030
86015  25.841  -19.487  51.917 0.2000000030
90956  27.453  -17.089  50.843 0.2000000030
90957  27.127  -17.466  51.042 0.2000000030
89495  26.371  -18.314  50.994 0.2000000030
87757  25.958  -18.975  51.405 0.2000000030
76434  9.752  -24.768  59.727 0.1000000015
76441  9.762  -24.840  58.952 0.1000000015
75123  9.911  -25.549  58.574 0.1000000015
76435  9.525  -24.131  60.090 0.1000000015
73864  9.968  -26.274  58.221 0.1000000015
77948  23.017  -23.893  55.497 0.1000000015
76457  23.084  -23.943  56.052 0.1000000015
81073  24.754  -22.415  54.211 0.1000000015
79535  24.390  -23.080  54.665 0.1000000015
81090  24.704  -22.021  53.640 0.1000000015
81105  24.418  -21.899  52.986 0.1000000015
79562  24.355  -22.264  53.401 0.1000000015
84340  24.955  -20.338  51.675 0.1000000015
81124  24.256  -21.734  52.486 0.1000000015
84326  24.779  -20.675  51.799 0.1000000015
82701  24.131  -21.415  51.821 0.1000000015
87758  25.575  -19.339  51.331 0.2000000030
86034  24.765  -19.996  50.924 0.1000000015
89486  26.827  -17.948  51.344 0.2000000030
87766  25.503  -19.211  50.967 0.2000000030
86049  25.098  -19.573  50.639 0.1000000015
84341  24.668  -20.391  51.354 0.1000000015
82715  24.341  -20.712  51.177 0.1000000015
90964  27.545  -16.917  50.539 0.2000000030
90965  27.076  -17.320  50.261 0.2000000030
89501  26.728  -17.739  50.320 0.2000000030
87765  25.897  -18.690  50.617 0.2000000030
86050  24.646  -19.928  50.306 0.1000000015
89509  26.033  -18.132  49.323 0.1000000015
87772  25.817  -18.560  49.864 0.1000000015
87773  25.448  -19.055  50.228 0.1000000015
76442  9.494  -24.203  59.350 0.1000000015
77904  9.283  -23.522  60.453 0.1000000015
76427  9.678  -23.984  60.754 0.1000000015
77896  9.947  -23.729  61.310 0.1000000015
76459  21.747  -24.313  56.186 0.1000000015
76458  22.352  -24.268  56.026 0.1000000015
77967  23.088  -23.848  55.265 0.1000000015
77949  22.526  -23.905  55.760 0.1000000015
77969  21.793  -23.592  55.416 0.1000000015
78003  22.725  -23.452  54.343 0.1000000015
77968  22.277  -23.679  55.136 0.1000000015
79563  23.893  -22.505  53.110 0.1000000015
79564  23.026  -22.910  53.168 0.1000000015
95508  30.441  -14.977  52.267 0.3000000119
97028  29.931  -14.706  51.593 0.3000000119
81125  23.855  -21.912  52.211 0.1000000015
79579  23.326  -22.430  52.416 0.1000000015
95522  29.679  -14.800  51.332 0.2000000030
94014  29.014  -15.596  51.369 0.3000000119
84356  24.337  -20.439  50.742 0.1000000015
82716  23.945  -21.124  51.030 0.1000000015
92534  28.396  -16.198  51.178 0.3000000119
92542  27.669  -16.645  50.087 0.3000000119
86063  25.030  -19.480  49.873 0.1000000015
84357  23.915  -20.750  50.325 0.1000000015
90973  26.979  -17.214  49.457 0.1000000015
87781  25.415  -18.872  49.363 0.1000000015
86064  24.558  -19.871  49.588 0.1000000015
85886  15.275  -19.252  59.533 0.3000000119
77909  9.241  -23.604  59.741 0.1000000015
76451  9.819  -24.902  58.118 0.1000000015
75129  9.968  -25.646  57.772 0.1000000015
85898  14.652  -19.167  59.296 0.3000000119
87654  14.105  -18.843  59.489 0.3000000119
75151  9.981  -25.674  56.467 0.1000000015
79436  9.695  -22.638  61.750 0.1000000015
87665  13.450  -18.938  58.806 0.3000000119
80963  10.700  -21.856  61.699 0.1000000015
87668  11.291  -19.047  58.954 0.3000000119
87658  11.117  -18.977  59.777 0.2000000030
82543  10.703  -21.070  61.182 0.1000000015
77933  22.053  -23.833  56.145 0.1000000015
77950  21.739  -23.838  56.027 0.1000000015
77988  21.571  -23.391  54.797 0.1000000015
79550  22.574  -23.269  53.802 0.1000000015
97042  30.007  -14.482  51.295 0.2000000030
79593  22.781  -22.449  51.986 0.1000000015
95523  29.324  -15.150  51.377 0.4000000060
81144  23.624  -21.730  51.571 0.1000000015
94041  28.190  -16.046  49.989 0.3000000119
84373  24.218  -20.310  49.997 0.1000000015
90974  26.614  -17.669  49.710 0.1000000015
89517  25.637  -18.456  48.772 0.1000000015
87787  25.066  -18.985  48.399 0.1000000015
89516  26.045  -17.907  48.415 0.1000000015
87788  24.664  -19.353  48.229 0.1000000015
84390  24.130  -20.231  49.307 0.1000000015
79443  8.981  -22.816  60.794 0.1000000015
79437  9.286  -22.750  61.366 0.1000000015
76452  9.534  -24.214  58.556 0.1000000015
80965  9.083  -22.039  61.649 0.1000000015
77927  9.206  -23.537  58.205 0.1000000015
76466  9.612  -24.221  57.693 0.1000000015
80964  9.929  -21.912  61.981 0.1000000015
76479  9.820  -24.939  56.230 0.1000000015
85887  14.880  -18.995  59.629 0.3000000119
84186  10.509  -20.316  61.249 0.1000000015
87645  13.123  -18.450  59.690 0.3000000119
85879  10.661  -19.792  60.768 0.1000000015
84194  10.631  -20.462  60.644 0.1000000015
87644  13.743  -18.564  59.752 0.3000000119
89411  11.554  -18.659  59.914 0.2000000030
77934  21.473  -23.869  56.261 0.1000000015
79503  20.565  -22.972  56.015 0.1000000015
87643  14.464  -18.753  59.789 0.3000000119
89399  13.945  -18.267  60.005 0.3000000119
77951  21.266  -23.571  55.941 0.1000000015
79522  20.401  -22.586  55.531 0.1000000015
89398  14.889  -18.198  59.993 0.3000000119
89409  15.276  -18.104  59.427 0.3000000119
90874  14.574  -18.104  60.072 0.3000000119
77970  21.182  -23.302  55.433 0.1000000015
79521  20.857  -22.900  55.300 0.1000000015
97055  29.540  -14.526  50.398 0.2000000030
79538  21.081  -22.968  54.682 0.1000000015
79539  20.576  -22.619  54.947 0.1000000015
98502  30.146  -13.958  50.366 0.2000000030
95564  29.213  -14.627  49.654 0.2000000030
95550  29.332  -14.687  50.146 0.2000000030
79552  21.212  -22.974  54.009 0.1000000015
79553  20.677  -22.670  54.281 0.1000000015
97041  30.500  -14.089  51.281 0.2000000030
95565  28.848  -14.946  49.300 0.2000000030
79565  22.212  -23.078  53.209 0.1000000015
79566  21.474  -23.003  53.326 0.1000000015
79567  20.814  -22.750  53.530 0.1000000015
95537  28.898  -15.343  50.333 0.2000000030
79581  21.819  -22.922  52.643 0.1000000015
94055  28.616  -15.293  49.522 0.2000000030
79580  22.559  -22.781  52.557 0.1000000015
79592  23.129  -22.240  51.976 0.1000000015
94040  28.589  -15.535  49.978 0.2000000030
81161  23.311  -21.695  50.936 0.1000000015
92543  27.298  -17.009  49.779 0.2000000030
84374  23.769  -20.674  49.668 0.1000000015
89525  25.520  -18.296  47.938 0.1000000015
86093  24.281  -19.734  48.175 0.1000000015
84408  24.056  -20.146  48.706 0.1000000015
87797  25.040  -18.716  47.446 0.1000000015
87813  24.547  -19.080  46.993 0.1000000015
86113  24.227  -19.559  47.384 0.1000000015
80975  8.285  -22.006  60.924 0.1000000015
79444  8.617  -22.537  60.311 0.1000000015
79453  8.987  -23.018  60.078 0.1000000015
80974  8.887  -22.427  61.207 0.1000000015
79454  8.638  -22.634  59.723 0.1000000015
82535  8.834  -21.275  61.825 0.1000000015
77940  9.223  -23.613  57.338 0.1000000015
76481  5.744  -24.184  55.791 0.1000000015
84180  9.738  -20.125  61.942 0.1000000015
76493  9.474  -24.274  55.948 0.1000000015
76480  9.539  -24.259  56.804 0.1000000015
77997  6.837  -23.622  54.593 0.1000000015
87623  10.316  -19.072  61.764 0.1000000015
75162  9.994  -25.613  55.665 0.1000000015
76492  9.831  -24.900  55.387 0.1000000015
78011  7.484  -23.565  53.818 0.1000000015
89379  11.690  -18.280  60.981 0.2000000030
89407  15.985  -18.788  59.348 0.3000000119
89400  13.214  -18.209  59.979 0.2000000030
90877  12.640  -17.708  60.534 0.2000000030
92455  12.503  -16.979  60.652 0.2000000030
79504  20.216  -22.535  55.938 0.1000000015
89418  15.892  -18.374  58.846 0.3000000119
90875  14.075  -17.657  59.967 0.2000000030
92470  13.961  -17.294  59.339 0.2000000030
92463  12.780  -16.864  60.348 0.2000000030
87675  15.956  -18.622  58.021 0.3000000119
89425  15.252  -18.065  58.306 0.3000000119
89419  15.364  -18.071  58.885 0.3000000119
90891  14.863  -17.787  58.759 0.3000000119
90900  14.380  -17.675  58.077 0.2000000030
81074  20.204  -22.193  54.922 0.1000000015
81092  19.697  -21.986  54.312 0.1000000015
87685  15.296  -18.479  57.235 0.3000000119
87692  14.539  -18.418  56.457 0.2000000030
89448  14.189  -18.259  56.413 0.2000000030
98500  31.062  -13.438  50.454 0.3000000119
98521  30.614  -13.574  49.922 0.3000000119
98483  30.599  -13.891  50.931 0.3000000119
81091  20.214  -22.301  54.629 0.1000000015
98499  31.623  -13.206  50.315 0.3000000119
81107  20.222  -22.387  53.859 0.1000000015
98482  30.934  -13.744  50.966 0.3000000119
94056  28.240  -15.713  49.329 0.3000000119
81127  20.360  -22.495  52.975 0.1000000015
79582  21.101  -22.766  52.743 0.1000000015
92551  27.820  -16.259  49.366 0.3000000119
79594  22.139  -22.688  52.032 0.1000000015
92552  27.393  -16.767  49.322 0.2000000030
79595  21.491  -22.739  52.148 0.1000000015
81148  20.758  -22.476  51.884 0.1000000015
81175  22.999  -21.762  50.462 0.1000000015
81162  22.738  -22.021  50.927 0.1000000015
81163  22.098  -22.238  50.889 0.1000000015
81147  21.708  -22.520  51.540 0.1000000015
82759  23.357  -20.766  48.615 0.1000000015
82743  23.284  -20.986  49.237 0.1000000015
82730  23.371  -21.286  50.155 0.1000000015
81176  22.503  -21.920  50.273 0.1000000015
86094  23.874  -19.923  47.646 0.1000000015
84409  23.640  -20.337  48.194 0.1000000015
82744  22.650  -21.507  49.562 0.1000000015
81177  21.825  -22.098  50.258 0.1000000015
84428  23.094  -20.634  47.805 0.1000000015
82760  22.761  -21.098  48.483 0.1000000015
82761  22.065  -21.575  48.977 0.1000000015
81190  22.169  -21.859  49.811 0.1000000015
82776  22.509  -20.971  47.475 0.1000000015
82536  8.144  -21.267  61.569 0.1000000015
80985  8.191  -22.221  60.006 0.1000000015
79471  8.972  -23.091  58.782 0.1000000015
80966  8.553  -21.686  61.546 0.1000000015
77942  5.412  -24.022  57.447 0.1000000015
84212  17.148  -20.605  58.493 0.3000000119
84187  8.916  -20.836  61.916 0.1000000015
82531  9.621  -20.684  61.980 0.1000000015
77980  6.254  -23.797  55.290 0.1000000015
77959  6.575  -23.337  56.143 0.1000000015
87624  9.916  -19.050  62.005 0.1000000015
77979  6.914  -23.370  55.584 0.1000000015
85894  16.887  -19.684  58.752 0.3000000119
87652  16.256  -18.816  59.269 0.3000000119
92449  11.278  -17.391  61.451 0.1000000015
81027  20.044  -22.676  56.445 0.2000000030
87663  16.786  -19.435  58.542 0.3000000119
87651  16.583  -19.346  58.885 0.3000000119
93966  11.937  -16.724  60.049 0.2000000030
81028  19.669  -22.407  56.633 0.2000000030
81029  19.288  -22.093  56.759 0.3000000119
87673  17.074  -19.619  57.976 0.3000000119
87674  16.414  -18.950  58.172 0.3000000119
90902  13.256  -17.503  58.073 0.2000000030
92480  12.964  -16.977  59.238 0.2000000030
81041  19.877  -22.323  56.201 0.2000000030
82602  19.635  -22.031  55.989 0.2000000030
87689  16.670  -19.466  56.627 0.3000000119
87683  16.762  -19.430  57.225 0.3000000119
87684  15.841  -18.731  57.427 0.3000000119
89449  13.677  -18.184  56.143 0.2000000030
89455  12.877  -18.458  55.465 0.2000000030
81058  19.717  -22.007  55.497 0.1000000015
82619  19.218  -21.642  54.887 0.1000000015
85943  16.730  -19.713  56.126 0.2000000030
87697  15.910  -19.386  55.893 0.1000000015
87698  15.337  -19.179  55.709 0.1000000015
87709  14.615  -19.145  54.959 0.2000000030
87699  14.352  -18.613  55.889 0.2000000030
87727  13.197  -18.886  54.179 0.1000000015
95579  28.684  -14.856  48.549 0.2000000030
85955  16.000  -19.608  55.409 0.1000000015
85956  15.433  -19.446  55.250 0.1000000015
87726  14.013  -19.125  54.208 0.1000000015
100142  32.825  -12.812  50.432 0.3000000119
100123  32.250  -13.136  50.714 0.3000000119
98520  31.151  -13.295  49.789 0.3000000119
98522  30.211  -13.848  50.028 0.3000000119
94071  28.029  -15.565  48.503 0.3000000119
85970  16.694  -20.282  54.661 0.1000000015
85971  16.178  -20.064  54.452 0.1000000015
85988  15.445  -19.804  53.803 0.1000000015
85989  14.613  -19.471  53.987 0.1000000015
100143  32.165  -13.070  50.244 0.3000000119
98519  31.793  -13.133  49.670 0.3000000119
98539  31.283  -13.252  49.048 0.3000000119
98540  30.622  -13.444  49.209 0.3000000119
92559  27.874  -15.961  48.941 0.3000000119
98538  32.033  -13.065  48.899 0.3000000119
90989  26.949  -16.706  48.236 0.2000000030
90980  26.984  -16.972  48.739 0.2000000030
81149  19.879  -22.072  51.535 0.1000000015
90981  26.533  -17.523  48.934 0.1000000015
81165  20.540  -22.163  50.862 0.1000000015
81164  21.339  -22.287  50.930 0.1000000015
81178  21.114  -22.119  50.164 0.1000000015
81192  20.925  -21.991  49.414 0.1000000015
81206  21.387  -21.752  48.826 0.1000000015
81207  20.742  -21.853  48.747 0.1000000015
86114  23.782  -19.808  47.058 0.1000000015
84427  23.454  -20.206  47.405 0.1000000015
84445  22.956  -20.484  47.013 0.1000000015
82777  21.769  -21.453  48.005 0.1000000015
82792  21.863  -21.174  46.985 0.1000000015
82537  7.364  -21.054  61.575 0.1000000015
80986  7.528  -21.937  60.196 0.1000000015
79461  8.663  -22.708  59.126 0.1000000015
84183  8.083  -20.108  62.016 0.1000000015
79473  6.602  -22.336  58.823 0.1000000015
79488  6.196  -22.996  57.847 0.1000000015
79499  6.221  -23.246  56.916 0.1000000015
84202  17.048  -20.113  58.699 0.3000000119
84181  9.091  -20.352  61.981 0.1000000015
85869  8.815  -19.649  62.029 0.1000000015
79497  7.632  -22.700  57.327 0.1000000015
79512  6.820  -23.109  56.391 0.1000000015
79528  7.386  -23.088  55.984 0.1000000015
85906  17.246  -19.938  58.406 0.3000000119
87625  9.277  -19.047  62.110 0.1000000015
77957  9.081  -23.572  56.495 0.1000000015
79496  8.345  -22.804  57.483 0.1000000015
79526  8.375  -23.194  56.064 0.1000000015
92452  10.181  -17.758  62.134 0.1000000015
76518  9.406  -24.327  54.323 0.1000000015
92464  10.906  -16.962  60.364 0.1000000015
85932  16.968  -19.627  56.702 0.3000000119
90903  12.600  -17.555  58.149 0.2000000030
90904  11.874  -17.676  58.126 0.2000000030
97086  29.865  -14.031  49.698 0.2000000030
95578  29.120  -14.591  49.096 0.2000000030
82578  18.846  -21.471  56.618 0.3000000119
84235  18.497  -21.024  56.730 0.3000000119
90914  12.665  -17.897  57.032 0.2000000030
89450  12.969  -18.165  56.070 0.2000000030
87728  12.458  -18.859  54.096 0.2000000030
82590  18.870  -21.407  56.164 0.3000000119
85954  16.824  -20.187  55.209 0.1000000015
98541  30.174  -13.760  49.432 0.3000000119
82604  18.790  -21.298  55.497 0.1000000015
87737  13.886  -19.321  53.744 0.1000000015
94072  27.492  -15.869  47.947 0.3000000119
82620  18.525  -21.187  54.734 0.1000000015
84299  16.551  -20.356  53.852 0.1000000015
85987  16.041  -20.143  53.582 0.1000000015
100141  33.827  -12.432  50.355 0.3000000119
100161  33.257  -12.493  49.625 0.3000000119
100162  32.502  -12.884  49.617 0.2000000030
98560  30.685  -13.341  48.400 0.3000000119
98559  31.445  -13.190  48.237 0.2000000030
92560  27.455  -16.333  48.569 0.2000000030
92567  26.947  -16.395  47.638 0.2000000030
84298  16.997  -20.545  54.066 0.1000000015
101818  34.338  -11.988  49.908 0.3000000119
100176  32.856  -12.635  48.710 0.3000000119
81108  19.644  -22.066  53.392 0.1000000015
82660  19.109  -21.843  53.293 0.1000000015
82663  17.105  -20.827  53.066 0.1000000015
84315  16.393  -20.402  53.215 0.1000000015
100188  32.912  -12.645  47.671 0.1000000015
98558  32.226  -12.993  48.030 0.1000000015
98579  31.633  -13.145  47.413 0.1000000015
90990  26.533  -17.196  47.982 0.1000000015
81128  19.843  -22.172  52.465 0.1000000015
98578  32.357  -12.947  47.178 0.1000000015
81222  21.126  -21.698  48.299 0.1000000015
82778  21.081  -21.628  47.820 0.1000000015
82808  21.964  -20.886  46.179 0.1000000015
85870  8.061  -19.694  62.021 0.1000000015
89376  9.093  -18.445  62.089 0.1000000015
92468  9.584  -17.522  61.237 0.1000000015
77994  8.988  -23.792  54.924 0.1000000015
85919  17.644  -20.268  57.776 0.3000000119
87682  17.292  -19.831  57.485 0.3000000119
92476  10.355  -17.248  60.363 0.1000000015
90898  10.728  -17.657  58.955 0.1000000015
85918  17.911  -20.442  57.332 0.3000000119
85931  17.526  -20.084  56.824 0.3000000119
92490  11.236  -17.162  59.246 0.2000000030
90905  11.177  -17.810  58.225 0.2000000030
90912  10.856  -18.071  57.666 0.1000000015
89446  10.965  -18.613  56.273 0.2000000030
89435  12.255  -17.965  57.004 0.2000000030
89445  11.736  -18.251  56.384 0.2000000030
87713  11.502  -18.806  54.848 0.2000000030
84236  18.109  -20.615  56.548 0.3000000119
89451  12.314  -18.303  55.885 0.2000000030
89456  12.265  -18.592  55.258 0.2000000030
87712  12.107  -18.752  54.695 0.2000000030
97101  29.748  -13.981  49.144 0.2000000030
84259  18.221  -20.896  55.438 0.3000000119
84279  17.080  -20.452  54.616 0.1000000015
87738  13.522  -19.225  53.646 0.1000000015
84277  18.011  -20.867  54.948 0.1000000015
82640  18.234  -21.221  53.921 0.1000000015
86004  14.850  -19.786  53.175 0.1000000015
100175  33.627  -12.263  48.916 0.3000000119
100187  33.530  -12.368  48.097 0.3000000119
82639  18.997  -21.658  53.938 0.1000000015
84316  16.019  -20.353  52.908 0.1000000015
100186  34.082  -12.088  48.411 0.3000000119
81109  19.267  -21.930  52.853 0.1000000015
82662  17.574  -21.049  53.287 0.1000000015
100196  34.065  -12.102  47.649 0.1000000015
100197  33.535  -12.292  47.134 0.1000000015
100198  32.945  -12.642  46.806 0.1000000015
89524  25.960  -17.766  47.569 0.1000000015
81129  19.179  -21.913  52.138 0.1000000015
87626  8.585  -19.034  62.033 0.1000000015
89383  8.612  -18.088  61.387 0.1000000015
90886  9.172  -17.920  60.491 0.1000000015
89404  9.542  -17.929  59.895 0.1000000015
95593  28.512  -14.687  47.807 0.2000000030
94084  27.803  -15.400  47.717 0.3000000119
87701  11.154  -18.758  55.313 0.2000000030
97102  29.304  -14.212  48.628 0.2000000030
95580  28.223  -15.093  47.993 0.3000000119
87729  11.780  -18.902  54.140 0.1000000015
84260  17.722  -20.505  55.318 0.2000000030
87740  12.102  -19.012  53.478 0.1000000015
84278  17.602  -20.691  54.691 0.1000000015
98580  30.861  -13.264  47.568 0.2000000030
82641  17.664  -20.937  54.102 0.1000000015
101827  34.896  -11.752  49.745 0.3000000119
101845  34.537  -11.829  48.703 0.3000000119
98599  31.850  -13.099  46.641 0.1000000015
82661  18.540  -21.632  52.951 0.1000000015
82684  17.688  -21.310  52.273 0.1000000015
101861  35.056  -11.617  48.310 0.1000000015
101862  34.564  -11.874  47.982 0.1000000015
82685  17.101  -20.941  52.606 0.1000000015
84342  16.640  -20.771  52.380 0.1000000015
103320  36.245  -11.164  48.334 0.2000000030
101860  35.587  -11.437  48.663 0.2000000030
101878  35.656  -11.420  47.871 0.1000000015
101879  35.071  -11.614  47.519 0.1000000015
101898  33.902  -12.047  46.385 0.1000000015
101895  35.689  -11.396  46.939 0.1000000015
101912  35.448  -11.440  46.262 0.1000000015
101897  34.450  -11.802  46.499 0.1000000015
100207  33.359  -12.307  46.278 0.1000000015
100208  32.910  -12.611  46.084 0.1000000015
100183  39.365  -12.241  47.772 0.5000000000
103356  35.520  -11.258  45.730 0.1000000015
101913  34.939  -11.497  45.888 0.1000000015
101914  34.258  -11.714  45.762 0.1000000015
101915  33.682  -11.961  45.666 0.1000000015
101877  39.949  -11.543  47.680 0.4000000060
103355  36.033  -11.203  46.073 0.1000000015
101929  34.011  -11.577  45.034 0.1000000015
92577  26.507  -16.577  46.870 0.1000000015
90997  26.129  -17.274  47.052 0.1000000015
87739  12.824  -19.099  53.393 0.1000000015
98616  32.114  -13.040  45.975 0.1000000015
103332  36.263  -11.154  47.412 0.1000000015
103303  38.510  -11.505  48.853 0.3000000119
103318  37.508  -10.598  48.481 0.3000000119
103331  36.867  -10.866  47.689 0.1000000015
103343  36.799  -10.910  46.916 0.1000000015
103344  36.311  -11.158  46.704 0.1000000015
100220  33.188  -12.262  45.581 0.1000000015
81150  19.119  -21.893  51.210 0.1000000015
103315  39.396  -11.274  48.215 0.4000000060
103316  38.848  -11.143  48.659 0.4000000060
103354  36.732  -11.033  46.195 0.1000000015
101930  33.469  -11.923  44.951 0.1000000015
103367  36.610  -11.088  45.454 0.1000000015
103368  35.942  -11.074  45.273 0.1000000015
103369  35.286  -11.167  45.160 0.1000000015
101939  34.344  -11.213  44.559 0.1000000015
81179  20.373  -22.043  50.021 0.1000000015
104683  40.529  -10.258  47.320 0.2000000030
103378  37.841  -10.885  45.116 0.1000000015
103380  36.479  -11.066  44.688 0.1000000015
104694  41.297  -9.869  46.613 0.3000000119
106040  40.793  -9.690  46.952 0.2000000030
106041  40.238  -9.575  47.332 0.2000000030
103381  35.779  -11.008  44.532 0.1000000015
103383  34.459  -11.050  44.008 0.1000000015
98561  29.945  -13.713  48.572 0.2000000030
94085  27.350  -15.707  47.310 0.2000000030
98581  30.094  -13.440  47.692 0.2000000030
82683  18.408  -21.747  51.788 0.1000000015
104664  38.216  -10.791  48.929 0.3000000119
104687  37.772  -10.414  48.242 0.2000000030
103330  37.555  -10.529  47.848 0.1000000015
103342  37.376  -10.683  47.125 0.1000000015
104675  38.499  -10.547  48.769 0.2000000030
104686  38.190  -10.188  47.938 0.2000000030
103341  37.816  -10.467  47.242 0.1000000015
103353  37.359  -10.827  46.398 0.1000000015
104674  39.248  -10.633  48.344 0.2000000030
104685  39.048  -10.042  47.923 0.2000000030
104704  38.979  -9.889  46.324 0.1000000015
103352  37.888  -10.568  46.658 0.1000000015
103366  37.312  -11.028  45.655 0.1000000015
101940  33.754  -11.335  44.147 0.1000000015
104684  39.812  -10.317  47.792 0.3000000119
106042  39.568  -9.676  47.401 0.2000000030
103365  38.056  -10.694  45.859 0.1000000015
103382  35.006  -11.063  44.386 0.1000000015
107410  40.967  -8.647  46.438 0.2000000030
106052  39.886  -9.215  46.686 0.2000000030
106061  39.433  -9.507  46.464 0.1000000015
104715  38.565  -10.406  45.717 0.1000000015
103377  38.317  -10.641  45.323 0.1000000015
103392  37.045  -10.985  44.111 0.1000000015
103394  35.636  -10.866  43.766 0.1000000015
107434  40.521  -8.490  45.374 0.2000000030
106069  39.663  -9.467  44.894 0.1000000015
104725  38.720  -10.399  44.939 0.1000000015
103390  38.263  -10.687  44.722 0.1000000015
103391  37.794  -10.853  44.299 0.1000000015
103404  36.212  -10.681  43.213 0.1000000015
103393  36.340  -10.930  43.935 0.1000000015
107443  40.521  -8.510  44.669 0.1000000015
107444  40.127  -9.024  44.368 0.1000000015
106076  39.706  -9.492  44.024 0.1000000015
104739  38.698  -10.245  42.918 0.1000000015
104732  38.534  -10.472  43.979 0.1000000015
104733  37.994  -10.692  43.773 0.1000000015
103402  37.544  -10.791  43.606 0.1000000015
104740  38.041  -10.546  43.258 0.1000000015
98562  29.495  -13.943  48.231 0.2000000030
97103  28.910  -14.439  48.086 0.2000000030
98600  31.112  -13.214  46.766 0.1000000015
98601  30.309  -13.292  46.850 0.1000000015
98629  32.397  -12.865  45.520 0.1000000015
101941  33.069  -11.942  44.358 0.1000000015
103405  35.527  -10.671  43.010 0.1000000015
106081  40.239  -8.891  43.043 0.1000000015
104738  39.379  -9.782  42.607 0.1000000015
104747  38.005  -10.456  42.383 0.1000000015
103414  37.429  -10.607  42.921 0.1000000015
103415  36.776  -10.499  42.704 0.1000000015
106088  40.231  -8.706  42.601 0.1000000015
104745  39.407  -9.537  41.942 0.1000000015
104746  38.791  -9.994  41.790 0.1000000015
103428  36.709  -10.316  41.938 0.1000000015
103429  35.955  -10.305  41.735 0.1000000015
103416  36.098  -10.477  42.476 0.1000000015
104755  37.596  -10.284  41.297 0.1000000015
104756  36.500  -10.163  41.143 0.1000000015
100239  32.516  -12.644  44.973 0.1000000015
103395  34.957  -10.861  43.558 0.1000000015
107478  40.084  -8.599  41.702 0.1000000015
106096  39.587  -9.116  41.458 0.1000000015
106104  39.088  -9.503  41.058 0.1000000015
104754  38.474  -9.842  40.767 0.1000000015
104767  36.924  -9.989  40.355 0.1000000015
104768  36.047  -10.077  40.433 0.1000000015
104777  36.320  -9.878  39.609 0.1000000015
101952  33.115  -11.585  43.594 0.1000000015
117831  43.579  -3.388  43.312 0.4000000060
117832  43.194  -3.615  43.369 0.4000000060
116358  42.899  -3.841  43.174 0.3000000119
116368  42.714  -3.691  42.535 0.3000000119
113645  42.643  -4.960  43.248 0.2000000030
114990  42.542  -4.344  42.315 0.2000000030
112162  41.734  -5.617  40.902 0.1000000015
112163  41.467  -6.254  41.110 0.1000000015
110649  40.870  -7.126  40.928 0.1000000015
109042  40.505  -7.561  40.702 0.1000000015
107505  40.190  -8.082  40.654 0.1000000015
107491  39.926  -8.539  40.975 0.1000000015
106103  39.456  -8.962  40.623 0.1000000015
104766  37.902  -9.776  40.129 0.1000000015
104776  37.168  -9.742  39.526 0.1000000015
103396  34.292  -10.928  43.379 0.1000000015
103417  35.408  -10.537  42.253 0.1000000015
103406  34.845  -10.702  42.808 0.1000000015
117830  44.045  -3.069  43.170 0.4000000060
117849  43.684  -2.900  42.990 0.4000000060
117848  44.244  -2.947  42.809 0.4000000060
119293  43.791  -2.460  42.670 0.3000000119
114991  42.294  -4.363  41.657 0.1000000015
110672  41.033  -6.461  40.145 0.1000000015
106111  38.809  -9.337  40.223 0.1000000015
103407  34.179  -10.782  42.589 0.1000000015
119309  44.462  -2.197  42.213 0.4000000060
119311  43.317  -2.216  42.231 0.3000000119
117868  42.464  -3.302  41.550 0.1000000015
116376  42.276  -3.677  41.310 0.1000000015
119346  45.311  -2.091  40.631 0.6000000238
117887  45.004  -2.922  40.226 0.6000000238
113675  42.038  -5.065  41.310 0.1000000015
112173  41.376  -5.864  40.364 0.1000000015
117893  45.209  -2.705  39.389 0.6000000238
110661  40.779  -6.972  40.371 0.1000000015
109059  40.422  -7.288  40.022 0.1000000015
107506  39.799  -8.292  40.197 0.1000000015
119308  44.927  -2.065  41.791 0.3000000119
119292  44.131  -2.323  42.617 0.4000000060
115000  42.059  -4.290  40.951 0.1000000015
109043  40.205  -7.785  40.223 0.1000000015
106119  38.901  -8.947  39.558 0.1000000015
104775  37.813  -9.582  39.262 0.1000000015
119310  43.919  -1.922  42.422 0.3000000119
119330  42.751  -2.077  41.464 0.3000000119
117867  42.702  -2.929  41.894 0.2000000030
113690  41.749  -4.951  40.493 0.1000000015
120762  45.263  -1.460  41.138 0.5000000000
106110  39.287  -8.758  39.911 0.1000000015
121134  44.661  -1.469  21.254 0.4000000060
106127  38.676  -8.942  39.037 0.1000000015
107520  39.015  -8.551  39.116 0.1000000015
120763  44.967  -0.924  41.354 0.4000000060
120741  45.075  -1.771  41.539 0.5000000000
122227  44.041  -0.807  41.757 0.3000000119
120765  43.224  -1.286  41.593 0.3000000119
117883  42.341  -2.914  41.116 0.1000000015
119357  45.668  -1.923  39.719 0.6000000238
110674  40.326  -7.037  39.525 0.1000000015
124051  48.411  0.544  20.371 0.4000000060
124031  48.924  0.538  21.203 0.4000000060
124017  48.621  0.320  22.045 0.5000000000
123998  49.121  0.196  22.929 0.5000000000
122593  47.514  -0.338  22.740 0.5000000000
124066  47.171  0.167  19.318 0.2000000030
124052  47.428  0.290  20.372 0.4000000060
124033  47.335  0.096  21.423 0.5000000000
124019  47.347  -0.073  21.912 0.5000000000
122594  46.679  -0.812  22.771 0.5000000000
121132  45.687  -0.975  21.868 0.4000000060
122609  46.174  -0.768  22.133 0.5000000000
109060  39.988  -7.603  39.603 0.1000000015
107519  39.440  -8.218  39.426 0.1000000015
120764  43.749  -1.013  41.797 0.3000000119
119331  42.497  -2.332  41.125 0.1000000015
116383  41.990  -3.548  40.691 0.1000000015
112180  41.008  -5.995  39.635 0.1000000015
122560  48.690  -0.664  24.443 0.5000000000
121094  48.188  -1.112  24.647 0.5000000000
122591  48.665  -0.043  23.063 0.5000000000
122576  48.011  -0.632  23.707 0.5000000000
122577  47.230  -0.851  23.348 0.5000000000
121107  46.390  -1.395  23.406 0.5000000000
124018  47.814  0.075  22.130 0.5000000000
122592  48.245  -0.204  23.074 0.5000000000
122595  46.200  -0.982  22.553 0.4000000060
121119  46.115  -1.260  22.931 0.4000000060
112181  40.703  -6.300  39.390 0.1000000015
122244  43.807  -0.406  41.245 0.3000000119
119347  42.534  -1.980  41.015 0.3000000119
113707  41.612  -4.583  40.076 0.1000000015
122242  45.398  -0.639  40.831 0.5000000000
120789  45.746  -1.249  40.269 0.6000000238
113708  41.369  -5.074  39.729 0.1000000015
119356  45.998  -1.636  39.442 0.6000000238
124030  49.773  0.725  21.132 0.5000000000
122245  43.078  -0.794  41.091 0.3000000119
116390  41.601  -3.480  40.089 0.1000000015
120811  45.865  -1.466  39.865 0.6000000238
120790  42.607  -1.376  40.839 0.3000000119
122243  44.776  -0.373  41.249 0.5000000000
123707  45.663  -0.210  40.365 0.5000000000
87705  27.971  -18.801  53.136 0.4000000060
90926  28.058  -17.668  52.799 0.4000000060
87722  28.310  -18.679  52.919 0.5000000000
90925  28.540  -17.538  52.819 0.5000000000
82544  7.598  -21.459  61.194 0.1000000015
84190  7.068  -20.564  61.886 0.1000000015
87627  7.874  -18.974  61.854 0.1000000015
79484  8.867  -22.995  58.301 0.1000000015
79486  7.844  -22.519  58.007 0.1000000015
89378  8.022  -18.389  61.620 0.1000000015
89393  8.674  -18.069  60.723 0.1000000015
81008  6.528  -22.178  59.230 0.1000000015
79487  6.952  -22.535  58.196 0.1000000015
77958  8.695  -23.335  56.069 0.1000000015
89427  10.074  -18.315  58.087 0.1000000015
92477  10.054  -17.337  60.679 0.1000000015
77976  9.061  -23.743  55.678 0.1000000015
89397  15.403  -18.720  59.653 0.3000000119
77986  23.074  -23.597  54.763 0.1000000015
77985  23.642  -23.581  54.900 0.1000000015
79549  23.493  -23.159  54.021 0.1000000015
121105  47.474  -1.095  23.922 0.5000000000
122575  48.867  -0.200  23.591 0.5000000000
121118  46.587  -1.162  23.198 0.5000000000
123982  49.275  0.040  23.487 0.5000000000
85999  26.601  -19.302  52.806 0.2000000030
84296  25.594  -20.697  53.025 0.2000000030
89472  27.065  -18.379  52.392 0.2000000030
89487  26.541  -18.468  51.651 0.2000000030
82658  25.203  -20.986  52.869 0.1000000015
82659  24.918  -21.497  53.185 0.1000000015
87748  26.409  -18.970  52.153 0.2000000030
84325  25.112  -20.472  52.089 0.1000000015
82681  24.649  -21.184  52.363 0.1000000015
92535  27.948  -16.581  50.953 0.3000000119
89502  26.343  -18.062  50.208 0.2000000030
89510  25.714  -18.503  49.198 0.1000000015
77893  9.610  -23.057  61.523 0.1000000015
77987  22.298  -23.564  54.847 0.1000000015
86078  24.887  -19.441  49.112 0.1000000015
86079  24.431  -19.816  48.911 0.1000000015
77915  9.241  -23.622  59.012 0.1000000015
76465  9.863  -25.045  57.164 0.1000000015
82533  10.227  -20.936  61.855 0.1000000015
80962  11.026  -22.266  61.325 0.1000000015
87646  11.066  -18.865  60.394 0.2000000030
89403  11.391  -18.653  60.228 0.2000000030
79551  21.817  -23.215  53.893 0.1000000015
82534  9.475  -21.309  61.999 0.1000000015
84179  10.166  -20.057  61.650 0.1000000015
85866  10.336  -19.419  61.593 0.1000000015
87636  10.770  -19.177  60.856 0.1000000015
85873  10.524  -19.596  61.265 0.1000000015
89389  13.284  -17.909  60.192 0.2000000030
89401  12.463  -18.235  59.972 0.2000000030
89391  11.979  -18.259  60.544 0.2000000030
89408  15.615  -18.546  59.439 0.3000000119
90883  14.340  -17.579  59.531 0.2000000030
80993  7.676  -22.091  59.521 0.1000000015
79495  8.874  -23.078  57.757 0.1000000015
77941  5.719  -23.828  56.917 0.1000000015
85868  9.483  -19.633  62.049 0.1000000015
77996  7.600  -23.428  54.691 0.1000000015
87631  10.715  -18.870  61.376 0.1000000015
89374  10.542  -18.496  61.827 0.1000000015
89375  9.784  -18.508  62.104 0.1000000015
76505  9.445  -24.307  55.133 0.1000000015
90869  12.115  -17.934  60.958 0.2000000030
89373  10.870  -18.140  61.650 0.1000000015
87635  10.991  -18.705  60.946 0.1000000015
87664  16.425  -18.992  58.826 0.3000000119
90876  13.225  -17.453  60.320 0.2000000030
93950  11.814  -16.862  61.205 0.1000000015
92462  13.309  -17.167  60.066 0.2000000030
92478  14.025  -17.342  58.916 0.2000000030
92487  13.164  -17.250  58.637 0.2000000030
92481  12.299  -16.884  59.427 0.2000000030
89440  14.957  -18.294  57.187 0.2000000030
89426  14.865  -17.925  57.981 0.3000000119
89433  14.061  -17.836  57.234 0.2000000030
89434  13.563  -17.768  57.116 0.2000000030
87691  15.129  -18.623  56.648 0.2000000030
89454  13.368  -18.374  55.692 0.2000000030
84189  7.875  -20.518  61.907 0.1000000015
81019  8.356  -22.619  58.533 0.1000000015
77929  5.346  -23.850  58.042 0.1000000015
78010  8.248  -23.577  53.960 0.1000000015
77995  8.355  -23.490  54.774 0.1000000015
77977  8.484  -23.369  55.555 0.1000000015
93957  10.994  -16.914  61.078 0.1000000015
93953  10.806  -17.310  61.613 0.1000000015
92482  11.659  -16.933  59.607 0.2000000030
92488  12.528  -17.127  58.842 0.2000000030
87690  16.095  -19.229  56.452 0.3000000119
84444  23.361  -20.067  46.713 0.1000000015
80976  7.258  -21.656  60.756 0.1000000015
81006  7.860  -22.255  58.939 0.1000000015
81021  7.576  -22.345  58.509 0.1000000015
79474  5.900  -22.729  58.981 0.1000000015
79498  6.860  -22.854  57.196 0.1000000015
77916  5.680  -23.329  58.255 0.1000000015
79511  7.492  -22.900  56.571 0.1000000015
90865  9.635  -18.083  62.022 0.1000000015
79509  8.829  -23.144  57.118 0.1000000015
79510  8.333  -23.006  56.619 0.1000000015
92457  10.392  -17.198  61.292 0.1000000015
92491  10.753  -17.316  59.513 0.1000000015
89437  11.207  -18.191  57.004 0.2000000030
92489  11.883  -17.093  59.054 0.2000000030
101828  34.458  -11.847  49.353 0.3000000119
90889  10.216  -17.631  59.631 0.1000000015
90906  10.549  -17.981  58.238 0.1000000015
89414  9.644  -18.059  59.400 0.1000000015
85942  17.364  -20.202  55.810 0.3000000119
101880  34.528  -11.822  47.234 0.1000000015
87632  7.557  -18.689  61.431 0.1000000015
89415  8.787  -18.605  59.164 0.1000000015
101844  35.010  -11.637  49.049 0.3000000119
101896  35.017  -11.620  46.726 0.1000000015
100184  39.015  -12.483  47.903 0.4000000060
103327  40.333  -10.912  47.574 0.3000000119
103328  39.822  -10.957  47.900 0.3000000119
104682  40.985  -10.261  46.947 0.2000000030
106050  41.169  -9.193  46.622 0.3000000119
107408  41.635  -8.914  46.136 0.3000000119
106051  40.595  -9.073  46.857 0.2000000030
104696  38.256  -10.185  47.027 0.2000000030
104673  39.590  -10.778  48.109 0.2000000030
104695  38.815  -9.902  47.276 0.2000000030
106053  39.295  -9.609  46.945 0.1000000015
104716  38.343  -10.508  45.944 0.1000000015
104714  39.177  -9.927  45.444 0.1000000015
107411  40.442  -8.739  46.412 0.2000000030
107424  40.735  -8.419  45.903 0.2000000030
106060  39.580  -9.416  45.854 0.1000000015
107435  40.125  -8.968  45.187 0.2000000030
107425  40.199  -8.834  45.916 0.1000000015
104724  39.218  -9.986  44.468 0.1000000015
107453  40.105  -9.090  43.677 0.1000000015
106082  39.819  -9.429  43.201 0.1000000015
104731  39.272  -9.954  43.530 0.1000000015
116344  43.499  -3.998  43.642 0.4000000060
117850  43.129  -3.086  42.855 0.3000000119
114985  42.704  -4.347  42.943 0.2000000030
113660  42.286  -5.144  42.174 0.2000000030
112139  42.028  -5.899  42.610 0.2000000030
110648  41.172  -6.871  41.390 0.1000000015
117866  44.604  -2.804  42.366 0.4000000060
120744  43.658  -1.512  42.060 0.3000000119
117881  45.038  -2.841  41.069 0.5000000000
124032  48.069  0.369  21.269 0.5000000000
124016  49.449  0.510  22.016 0.5000000000
122608  46.856  -0.314  21.917 0.4000000060
82545  6.904  -21.424  61.244 0.1000000015
89421  9.530  -18.446  58.626 0.1000000015
85982  28.581  -19.032  52.522 0.5000000000
85983  28.221  -19.319  52.913 0.4000000060
84310  27.727  -20.186  52.725 0.4000000060
82634  27.341  -20.596  52.964 0.4000000060
89470  29.105  -18.239  52.235 0.6000000238
87734  28.925  -18.792  52.014 0.6000000238
85996  28.630  -19.168  52.050 0.6999999881
84323  28.109  -19.982  52.289 0.6000000238
89476  29.418  -17.858  51.769 0.8000000119
89477  29.114  -18.420  51.831 0.6999999881
86013  28.591  -19.199  51.607 0.6000000238
86014  28.394  -19.594  51.931 0.6999999881
89484  29.522  -17.796  51.060 0.6999999881
89485  29.147  -18.353  51.372 0.6999999881
87755  28.695  -18.924  51.119 0.6999999881
86030  28.554  -19.206  51.370 0.6999999881
89493  29.096  -18.212  50.713 0.6999999881
82656  27.379  -20.883  52.598 0.6000000238
82657  27.066  -21.379  52.694 0.5000000000
90955  29.902  -17.252  50.689 0.6999999881
84338  28.106  -20.049  51.761 0.8000000119
89492  29.439  -17.632  50.401 0.6999999881
89498  29.379  -17.529  50.046 0.6999999881
87764  28.431  -19.136  50.554 0.6999999881
87756  28.415  -19.315  50.964 0.6000000238
88025  23.459  -19.234  36.342 0.2000000030
88024  23.781  -18.578  36.190 0.3000000119
86382  23.344  -19.771  35.459 0.3000000119
88036  23.547  -19.222  35.627 0.3000000119
89694  24.398  -18.036  36.384 0.3000000119
88035  23.877  -18.642  35.263 0.3000000119
89659  25.214  -18.018  38.833 0.3000000119
88012  24.110  -18.377  37.171 0.3000000119
89673  24.649  -18.087  37.638 0.3000000119
91112  25.394  -17.649  38.333 0.3000000119
89693  24.957  -17.696  36.570 0.3000000119
89705  24.281  -18.120  35.552 0.3000000119
89704  24.844  -17.745  35.796 0.3000000119
88047  24.077  -18.843  34.571 0.2000000030
89716  24.793  -17.823  34.975 0.3000000119
89733  24.415  -18.432  34.318 0.2000000030
91169  25.259  -17.586  34.488 0.2000000030
91127  25.567  -17.425  37.751 0.3000000119
89683  25.055  -17.720  37.308 0.3000000119
91139  25.471  -17.363  36.857 0.3000000119
91149  25.362  -17.376  36.057 0.3000000119
91159  25.279  -17.409  35.249 0.3000000119
88065  24.986  -18.650  33.753 0.2000000030
92705  28.117  -16.194  38.966 0.3000000119
92706  27.593  -16.400  38.734 0.3000000119
92722  26.867  -16.608  37.824 0.3000000119
92732  26.749  -16.567  37.011 0.3000000119
91138  26.084  -17.007  37.127 0.3000000119
88092  26.548  -18.674  33.139 0.2000000030
91158  25.808  -17.087  35.539 0.3000000119
92757  26.775  -16.517  35.372 0.3000000119
88093  25.839  -18.618  33.302 0.2000000030
89757  26.178  -18.099  33.255 0.2000000030
91182  26.237  -17.085  34.082 0.2000000030
91168  25.830  -17.134  34.677 0.2000000030
91167  26.224  -16.948  34.456 0.2000000030
91203  25.923  -17.793  33.491 0.2000000030
91184  25.279  -17.751  34.158 0.2000000030
92720  28.076  -16.220  38.291 0.3000000119
92730  28.052  -16.241  37.614 0.4000000060
92744  27.428  -16.355  36.537 0.3000000119
92721  27.516  -16.389  38.056 0.3000000119
92731  27.456  -16.372  37.314 0.3000000119
92756  27.406  -16.324  35.745 0.3000000119
92767  27.380  -16.300  34.888 0.2000000030
92784  27.399  -16.472  33.972 0.3000000119
91202  26.459  -17.458  33.372 0.2000000030
92785  26.823  -16.900  33.709 0.2000000030
91201  27.352  -17.372  32.862 0.3000000119
92729  28.517  -16.019  37.887 0.4000000060
92742  28.504  -16.029  37.305 0.4000000060
92743  28.117  -16.202  36.848 0.3000000119
92755  27.990  -16.184  36.135 0.3000000119
101893  41.354  -11.407  46.661 0.3000000119
100193  40.246  -11.872  47.322 0.3000000119
100216  41.342  -12.019  46.269 0.5000000000
101911  41.626  -11.675  46.268 0.5000000000
100232  41.985  -11.904  45.637 0.6000000238
101876  40.715  -11.508  47.207 0.3000000119
103326  40.944  -10.896  47.119 0.3000000119
101892  41.710  -11.262  46.347 0.3000000119
103340  41.370  -10.602  46.676 0.3000000119
103351  42.142  -10.662  45.802 0.3000000119
86501  35.385  -19.390  30.760 0.1000000015
88139  34.767  -18.618  31.277 0.1000000015
89810  34.798  -18.028  31.712 0.1000000015
89780  34.967  -18.096  32.592 0.2000000030
112160  44.789  -6.024  41.128 0.5000000000
113674  44.659  -5.292  40.711 0.6000000238
112170  43.909  -6.202  39.956 0.6999999881
115014  44.120  -4.648  39.549 0.8000000119
107829  38.725  -8.228  23.859 0.2000000030
106398  38.542  -9.087  23.662 0.2000000030
125250  52.456  1.053  29.656 0.2000000030
126598  52.533  2.099  29.118 0.2000000030
122412  51.655  -0.558  32.117 0.1000000015
126624  50.764  1.939  28.471 0.2000000030
125284  51.163  1.376  28.517 0.2000000030
123866  51.732  0.781  29.260 0.2000000030
127976  51.121  2.424  28.642 0.2000000030
126623  51.385  1.876  28.581 0.2000000030
127975  51.554  2.241  28.704 0.2000000030
127953  50.842  3.041  28.960 0.2000000030
129345  51.302  3.604  29.169 0.2000000030
130718  53.162  3.964  28.923 0.3000000119
125358  55.818  0.893  25.560 0.4000000060
123960  55.580  0.250  24.689 0.4000000060
120933  50.877  -0.896  34.432 0.1000000015
120932  51.621  -1.119  34.100 0.2000000030
119425  51.034  -1.637  35.194 0.5000000000
120958  51.698  -0.618  32.516 0.1000000015
122423  51.950  -0.346  31.735 0.1000000015
122434  51.754  -0.282  31.079 0.2000000030
122448  51.031  -0.321  30.211 0.2000000030
123841  51.779  -0.082  30.631 0.2000000030
123853  51.590  0.126  30.065 0.2000000030
123867  50.900  0.166  29.247 0.1000000015
123880  51.033  0.809  28.680 0.2000000030
127977  50.379  2.576  28.729 0.2000000030
129346  50.448  3.765  29.187 0.2000000030
130720  51.678  4.338  29.296 0.2000000030
130717  53.354  3.792  28.527 0.2000000030
126679  55.419  1.448  26.243 0.4000000060
122554  55.233  0.006  24.207 0.4000000060
122572  54.767  -0.028  23.644 0.5000000000
120947  50.689  -0.826  33.525 0.1000000015
120959  51.050  -0.823  32.328 0.1000000015
122424  51.396  -0.583  31.578 0.1000000015
122435  51.121  -0.531  30.875 0.2000000030
123854  51.080  -0.085  29.790 0.1000000015
127955  49.657  3.387  28.974 0.2000000030
129355  49.397  3.845  28.745 0.1000000015
130727  51.121  4.715  28.847 0.2000000030
130728  50.444  4.434  28.742 0.2000000030
130721  50.956  4.218  29.164 0.2000000030
132151  52.953  4.639  28.951 0.2000000030
132150  53.247  4.255  28.596 0.2000000030
129363  53.296  3.402  27.448 0.2000000030
127997  53.361  2.780  26.641 0.2000000030
126680  54.933  1.844  26.102 0.4000000060
126691  55.497  1.539  25.484 0.4000000060
123975  55.709  0.186  24.103 0.4000000060
123991  54.593  0.127  22.069 0.3000000119
124026  52.938  0.631  20.972 0.4000000060
120960  50.026  -1.106  32.655 0.1000000015
120971  50.174  -1.159  31.718 0.1000000015
125285  50.507  1.316  28.329 0.1000000015
127978  49.504  2.900  28.764 0.2000000030
133581  52.424  5.789  27.008 0.2000000030
133572  52.215  5.737  27.702 0.2000000030
132169  51.853  5.542  27.597 0.2000000030
132161  51.881  5.429  28.620 0.2000000030
130738  50.188  4.462  28.004 0.2000000030
132159  53.266  4.818  28.290 0.2000000030
133571  53.043  5.901  27.487 0.2000000030
130735  53.401  4.315  27.458 0.1000000015
126692  54.885  1.853  25.324 0.3000000119
122571  55.503  -0.035  23.437 0.3000000119
125365  55.971  1.206  24.866 0.4000000060
122589  54.852  -0.029  22.755 0.4000000060
122436  50.697  -0.634  30.525 0.1000000015
123881  50.222  0.461  28.478 0.1000000015
125286  49.698  1.355  28.215 0.1000000015
130749  49.414  4.099  27.671 0.1000000015
130746  51.246  4.796  27.433 0.2000000030
132168  53.457  5.223  27.582 0.2000000030
129371  53.211  3.674  26.630 0.2000000030
122588  55.611  -0.114  22.568 0.3000000119
126626  49.204  2.123  28.404 0.1000000015
130747  50.641  4.369  27.210 0.1000000015
132178  51.841  5.426  27.221 0.2000000030
133580  53.136  6.010  26.842 0.2000000030
127979  48.719  2.846  28.478 0.2000000030
129356  48.936  3.470  28.492 0.1000000015
129373  50.173  3.900  26.920 0.1000000015
129374  49.254  3.875  27.191 0.1000000015
130757  51.381  4.413  26.533 0.2000000030
133590  52.606  5.731  26.267 0.2000000030
132186  51.972  5.121  26.497 0.2000000030
133589  53.328  6.095  26.058 0.2000000030
130756  51.725  4.745  26.340 0.2000000030
130758  50.858  4.100  26.718 0.2000000030
132194  52.225  5.146  25.715 0.2000000030
133598  53.578  6.425  25.121 0.2000000030
133607  52.717  5.819  24.409 0.2000000030
133599  52.744  5.752  25.397 0.2000000030
133606  53.238  6.405  23.967 0.1000000015
136595  55.104  7.073  23.374 0.1000000015
136625  54.962  6.913  22.447 0.1000000015
135125  53.744  6.762  23.405 0.1000000015
135112  53.999  6.851  24.296 0.1000000015
135155  55.839  6.901  21.706 0.1000000015
136639  56.584  7.182  21.064 0.1000000015
135156  55.227  6.761  21.834 0.1000000015
135138  54.242  6.902  22.886 0.1000000015
135175  54.960  6.298  21.227 0.1000000015
135188  56.197  6.881  20.779 0.1000000015
135173  56.132  6.932  21.389 0.1000000015
86368  23.098  -19.994  36.376 0.2000000030
91137  26.456  -16.814  37.554 0.3000000119
88185  35.904  -19.039  29.611 0.1000000015
86527  35.573  -19.145  30.065 0.1000000015
101910  41.973  -11.385  46.005 0.3000000119
101926  42.557  -11.314  45.392 0.4000000060
120915  51.327  -1.435  34.767 0.2000000030
120895  50.655  -1.527  35.517 0.6000000238
88013  23.569  -19.003  37.013 0.2000000030
89660  24.754  -18.218  38.267 0.3000000119
86502  34.931  -19.025  31.012 0.1000000015
125266  53.054  1.595  29.456 0.2000000030
84309  28.065  -19.870  52.585 0.4000000060
104693  41.741  -10.204  46.211 0.3000000119
85997  28.327  -19.545  52.466 0.6999999881
87746  28.865  -18.814  51.677 0.6000000238
89684  24.621  -17.960  37.018 0.3000000119
92733  26.333  -16.734  36.498 0.3000000119
92758  26.239  -16.814  35.100 0.2000000030
92746  26.282  -16.746  35.834 0.3000000119
106397  39.229  -8.964  23.169 0.2000000030
123879  51.414  1.074  28.789 0.2000000030
125267  52.315  1.358  29.284 0.2000000030
126599  51.895  1.937  28.846 0.2000000030
130719  52.579  4.173  29.287 0.2000000030
132153  51.540  4.856  29.156 0.2000000030
130726  53.348  4.005  28.099 0.2000000030
127996  53.775  2.454  26.932 0.3000000119
127989  53.531  2.776  27.278 0.2000000030
120970  50.800  -0.876  31.327 0.1000000015
130737  51.006  4.822  28.045 0.2000000030
133563  52.259  5.626  28.252 0.2000000030
126681  54.262  1.993  25.942 0.3000000119
77939  11.090  -23.668  57.468 0.3000000119
76463  11.524  -24.354  57.403 0.3000000119
77956  11.081  -23.842  56.691 0.4000000060
77974  11.248  -24.122  56.295 0.4000000060
84252  11.048  -20.432  56.301 0.2000000030
81046  10.548  -21.869  56.317 0.2000000030
77938  11.443  -24.055  57.811 0.3000000119
76450  11.665  -24.371  58.147 0.3000000119
85909  13.922  -19.130  58.707 0.2000000030
79494  10.682  -22.790  57.629 0.3000000119
82594  10.577  -21.183  56.657 0.2000000030
82582  10.427  -21.273  57.544 0.2000000030
84228  10.451  -20.676  57.992 0.2000000030
85938  11.118  -19.910  57.110 0.2000000030
84240  10.647  -20.527  57.229 0.2000000030
90954  30.303  -16.797  50.355 0.6000000238
90962  29.789  -17.091  49.902 0.6000000238
84229  10.373  -20.781  58.429 0.2000000030
85923  12.180  -19.263  57.748 0.2000000030
87678  11.752  -19.084  58.288 0.2000000030
85925  10.755  -19.941  57.931 0.2000000030
90948  29.899  -17.294  51.382 0.6999999881
90947  30.330  -16.772  51.013 0.6000000238
90961  30.220  -16.730  50.021 0.6000000238
87656  12.578  -18.567  59.373 0.2000000030
89410  12.032  -18.455  59.781 0.1000000015
87659  10.779  -19.472  59.852 0.1000000015
87666  12.947  -18.882  58.688 0.2000000030
87667  12.131  -18.797  58.820 0.2000000030
85911  11.140  -19.397  58.326 0.2000000030
85912  10.712  -19.739  58.828 0.2000000030
87730  11.119  -19.014  54.243 0.1000000015
75159  21.349  -24.759  55.690 0.3000000119
82635  26.852  -21.010  53.199 0.3000000119
89463  28.824  -18.008  52.697 0.5000000000
92511  29.853  -16.374  52.466 0.5000000000
90939  29.781  -17.225  52.027 0.5000000000
89462  29.098  -17.649  52.611 0.5000000000
92526  30.843  -16.197  51.338 0.5000000000
90938  30.236  -16.702  51.662 0.6000000238
92525  31.241  -15.941  50.847 0.6000000238
92532  31.251  -15.965  50.248 0.6000000238
92533  30.793  -16.373  50.617 0.6000000238
75147  21.844  -24.808  55.926 0.3000000119
76473  21.680  -24.548  56.130 0.2000000030
75170  21.373  -24.997  54.964 0.3000000119
95494  29.987  -15.390  52.376 0.4000000060
95483  29.690  -15.697  52.454 0.4000000060
92513  28.790  -16.604  52.452 0.3000000119
92527  28.336  -16.424  51.561 0.2000000030
94013  31.024  -15.772  51.781 0.6000000238
94012  31.548  -15.513  51.370 0.6999999881
94025  31.748  -15.639  50.638 0.6000000238
94011  32.137  -15.259  50.966 0.6999999881
94100  27.681  -15.210  47.157 0.2000000030
95607  27.920  -14.652  46.715 0.2000000030
95623  27.190  -14.618  45.589 0.1000000015
97084  35.285  -14.101  49.158 0.5000000000
95622  27.767  -14.284  45.889 0.1000000015
95496  29.224  -15.746  52.080 0.3000000119
95521  31.638  -15.024  51.783 0.5000000000
97099  35.893  -13.952  48.631 0.6000000238
97083  36.025  -13.775  49.175 0.5000000000
97115  36.441  -13.767  48.236 0.5000000000
98557  36.953  -13.446  48.535 0.4000000060
98537  36.797  -13.316  49.088 0.4000000060
98577  37.041  -13.554  47.893 0.4000000060
98535  37.954  -12.940  48.527 0.4000000060
98536  37.444  -13.075  48.883 0.4000000060
100185  38.413  -12.482  48.536 0.4000000060
100194  39.685  -12.212  47.425 0.3000000119
101858  38.785  -11.888  48.558 0.3000000119
104711  43.343  -9.851  44.527 0.4000000060
104723  43.777  -9.682  44.126 0.5000000000
103362  43.392  -10.286  44.552 0.4000000060
121142  45.012  -1.123  20.767 0.2000000030
119663  44.155  -2.122  20.289 0.3000000119
103388  44.171  -10.425  43.581 0.6000000238
122615  46.625  -0.051  20.868 0.3000000119
124029  50.700  0.932  20.923 0.3000000119
113981  41.978  -5.082  22.838 0.2000000030
106075  43.590  -9.217  44.267 0.5000000000
104730  44.481  -9.862  43.156 0.5000000000
108952  44.051  -7.943  43.784 0.5000000000
106086  44.981  -8.692  42.669 0.5000000000
108953  43.734  -7.677  44.132 0.4000000060
107450  44.724  -8.159  43.221 0.4000000060
108989  45.022  -7.621  42.835 0.4000000060
122504  54.133  -0.044  27.127 0.5000000000
122520  54.411  0.128  26.464 0.5000000000
113621  44.058  -5.420  43.742 0.4000000060
112106  44.016  -6.167  43.827 0.4000000060
123896  54.536  0.245  27.747 0.4000000060
125311  55.083  1.046  27.643 0.5000000000
123895  54.854  0.537  27.479 0.3000000119
110634  45.095  -6.774  42.077 0.4000000060
112138  45.055  -6.058  42.446 0.4000000060
114999  44.835  -4.519  40.849 0.5000000000
115007  44.503  -4.587  40.282 0.5000000000
119410  50.354  -2.125  35.909 0.5000000000
116375  44.958  -3.953  40.974 0.5000000000
122343  49.027  -1.014  37.086 0.3000000119
120851  48.136  -1.345  38.015 0.4000000060
119376  47.644  -1.862  38.106 0.5000000000
116389  44.501  -3.896  39.873 0.5000000000
120916  50.671  -1.049  35.089 0.3000000119
122274  46.585  -0.541  39.551 0.4000000060
116381  44.936  -3.433  40.845 0.5000000000
120864  48.641  -1.399  37.612 0.4000000060
122321  48.070  -0.647  38.095 0.4000000060
122299  46.935  -0.699  39.191 0.5000000000
123719  46.278  -0.149  39.826 0.4000000060
122260  46.015  -0.683  40.071 0.4000000060
120810  46.149  -1.210  39.600 0.4000000060
123740  47.358  -0.137  38.884 0.4000000060
123741  46.996  -0.018  39.245 0.4000000060
123706  45.990  -0.329  40.094 0.3000000119
123692  45.172  -0.142  40.781 0.4000000060
123742  46.173  0.320  39.119 0.4000000060
123720  45.541  0.252  39.771 0.3000000119
123708  44.993  0.226  40.380 0.4000000060
123743  45.296  0.341  39.040 0.3000000119
123765  44.976  0.127  38.378 0.4000000060
85949  11.472  -19.953  56.595 0.2000000030
85948  12.016  -19.837  56.371 0.2000000030
73886  12.367  -26.388  55.010 0.2000000030
98556  37.576  -13.277  48.249 0.4000000060
98554  38.752  -12.940  47.495 0.4000000060
98555  38.275  -13.018  47.970 0.4000000060
100195  39.214  -12.719  47.221 0.4000000060
101937  43.653  -11.173  44.268 0.5000000000
103374  44.034  -10.240  43.853 0.5000000000
107852  40.689  -8.183  22.117 0.2000000030
112406  41.509  -5.750  22.371 0.2000000030
115301  42.184  -4.818  22.358 0.2000000030
116723  42.879  -3.846  21.851 0.2000000030
110606  44.822  -7.117  43.173 0.4000000060
112149  45.038  -5.996  41.767 0.4000000060
124028  51.554  0.838  21.191 0.4000000060
126648  55.030  1.683  27.539 0.3000000119
75169  21.975  -25.188  54.690 0.2000000030
107451  44.474  -8.362  43.423 0.5000000000
117894  44.762  -3.276  39.609 0.5000000000
120853  47.045  -1.367  38.699 0.5000000000
120833  46.640  -1.303  39.011 0.4000000060
122361  48.585  -0.108  36.780 0.3000000119
123914  54.736  0.320  26.909 0.5000000000
125249  52.807  1.191  29.802 0.2000000030
94001  30.782  -15.568  52.197 0.4000000060
94003  28.727  -16.237  51.921 0.3000000119
85922  13.111  -19.208  58.062 0.2000000030
121133  45.244  -1.104  21.439 0.3000000119
121143  44.532  -1.520  20.521 0.2000000030
124050  49.270  0.750  20.368 0.2000000030
122616  45.889  -0.607  21.252 0.3000000119
90931  28.916  -17.023  52.669 0.4000000060
87721  28.795  -18.576  52.524 0.5000000000
89469  29.289  -17.646  52.374 0.5000000000
113673  44.993  -5.117  41.376 0.5000000000
120896  50.188  -1.284  35.807 0.4000000060
81033  10.486  -22.009  57.102 0.2000000030
87677  12.497  -18.993  58.312 0.2000000030
92519  30.074  -16.621  52.214 0.5000000000
92510  30.312  -16.076  52.364 0.5000000000
90930  29.494  -17.043  52.552 0.4000000060
92518  30.599  -16.194  51.975 0.5000000000
93991  29.202  -16.062  52.297 0.3000000119
95507  31.194  -14.870  52.061 0.5000000000
95608  27.384  -14.822  46.164 0.1000000015
104722  44.109  -9.848  43.732 0.5000000000
118236  43.986  -2.461  20.220 0.2000000030
124049  50.033  0.963  20.340 0.2000000030
113984  42.086  -5.170  21.993 0.2000000030
106074  44.007  -9.041  43.827 0.5000000000
110590  44.079  -7.169  43.856 0.4000000060
125336  55.183  0.755  27.174 0.5000000000
114998  45.014  -4.330  41.294 0.4000000060
116382  44.751  -3.817  40.462 0.5000000000
122344  48.610  -0.781  37.491 0.3000000119
120852  47.441  -1.360  38.448 0.4000000060
123718  46.639  -0.203  39.570 0.4000000060
123762  47.702  -0.056  38.482 0.4000000060
122298  47.334  -0.427  38.875 0.4000000060
97026  30.829  -14.387  51.878 0.3000000119
97025  31.406  -14.313  51.832 0.3000000119
95509  29.762  -15.009  51.920 0.2000000030
97040  31.221  -13.920  51.489 0.2000000030
97039  31.991  -13.977  51.565 0.2000000030
95532  33.909  -14.504  50.192 0.5000000000
95519  32.957  -14.499  51.149 0.6000000238
95520  32.268  -14.758  51.480 0.4000000060
95594  28.090  -14.936  47.433 0.1000000015
98495  35.318  -12.919  50.444 0.3000000119
101816  34.930  -12.235  50.432 0.3000000119
98518  35.142  -13.317  50.298 0.3000000119
100140  34.533  -12.538  50.618 0.2000000030
98496  34.722  -13.140  50.642 0.3000000119
98497  33.914  -13.108  50.885 0.2000000030
98481  31.689  -13.411  50.973 0.2000000030
97069  34.491  -14.164  49.952 0.5000000000
98479  33.270  -13.343  51.210 0.2000000030
97138  29.118  -13.956  47.402 0.1000000015
97139  28.651  -14.050  46.856 0.1000000015
82618  26.510  -20.971  53.479 0.1000000015
82636  26.225  -21.186  53.560 0.1000000015
101826  35.404  -11.893  50.187 0.3000000119
100158  36.383  -12.549  50.060 0.3000000119
100159  35.725  -12.471  50.299 0.3000000119
101817  34.646  -12.059  50.299 0.2000000030
97098  36.421  -13.642  48.829 0.5000000000
98516  36.477  -13.199  49.637 0.3000000119
98517  35.768  -13.163  50.129 0.3000000119
97067  35.861  -13.665  49.631 0.4000000060
101843  35.606  -11.513  49.394 0.3000000119
101825  36.230  -11.881  50.028 0.3000000119
101842  36.003  -11.545  49.765 0.3000000119
101824  36.828  -12.010  49.916 0.3000000119
103293  36.364  -11.480  49.731 0.3000000119
100173  37.543  -12.506  49.237 0.3000000119
86497  38.510  -19.524  30.789 0.1000000015
100722  45.775  -12.216  26.272 0.1000000015
103306  36.412  -11.217  49.220 0.2000000030
103292  36.809  -11.440  49.718 0.3000000119
86496  39.115  -19.428  30.916 0.1000000015
88161  39.324  -19.111  30.472 0.1000000015
88182  38.476  -19.115  30.105 0.1000000015
86498  37.930  -19.678  30.850 0.1000000015
88181  39.491  -18.607  29.822 0.1000000015
86525  36.931  -19.536  30.332 0.1000000015
102261  47.646  -11.782  26.969 0.1000000015
100745  44.692  -12.177  25.562 0.1000000015
104981  50.607  -10.150  27.811 0.1000000015
103664  48.988  -11.205  27.474 0.1000000015
103677  47.687  -11.436  26.574 0.1000000015
100701  46.641  -12.233  26.832 0.1000000015
102274  46.856  -11.726  26.219 0.1000000015
102276  45.716  -11.946  25.793 0.1000000015
102292  44.019  -11.963  24.852 0.1000000015
100747  43.300  -12.285  25.150 0.1000000015
100748  42.392  -12.359  25.167 0.1000000015
100746  44.074  -12.256  25.414 0.1000000015
100749  41.495  -12.353  25.050 0.1000000015
100750  40.568  -12.377  25.192 0.1000000015
103689  46.962  -11.340  25.777 0.1000000015
102289  46.117  -11.526  25.402 0.1000000015
106319  51.123  -9.796  27.660 0.1000000015
104982  50.093  -10.409  27.600 0.1000000015
103665  48.479  -11.485  27.279 0.1000000015
106339  51.384  -9.447  26.926 0.1000000015
106320  50.727  -9.953  27.441 0.1000000015
107813  50.974  -8.446  24.600 0.1000000015
107815  49.810  -8.661  24.277 0.1000000015
107802  51.246  -8.701  25.135 0.1000000015
107825  49.456  -8.487  23.823 0.1000000015
107827  48.351  -8.756  23.473 0.1000000015
106392  49.066  -8.786  23.931 0.1000000015
106407  47.460  -8.917  23.097 0.1000000015
107811  52.117  -8.326  25.174 0.1000000015
107803  50.708  -8.792  24.970 0.1000000015
106381  49.870  -8.863  24.586 0.1000000015
106393  48.607  -9.003  23.929 0.1000000015
106394  47.651  -9.282  23.695 0.1000000015
106395  46.658  -9.608  23.422 0.1000000015
106382  49.293  -9.014  24.415 0.1000000015
106383  48.380  -9.542  24.505 0.1000000015
106396  46.182  -9.772  23.300 0.1000000015
106369  51.403  -8.876  25.515 0.1000000015
106370  50.944  -9.040  25.477 0.1000000015
106384  47.815  -9.657  24.270 0.1000000015
105045  46.944  -9.935  23.980 0.1000000015
105070  44.979  -9.778  22.556 0.1000000015
106371  50.059  -9.142  25.140 0.1000000015
106372  49.082  -9.621  25.197 0.1000000015
106373  48.553  -9.791  25.008 0.1000000015
105032  47.769  -9.963  24.677 0.1000000015
105034  46.580  -10.371  24.285 0.1000000015
105058  45.273  -10.028  23.015 0.1000000015
106354  50.579  -9.507  26.191 0.1000000015
105022  47.950  -10.177  25.195 0.1000000015
105023  47.459  -10.369  25.038 0.1000000015
105047  45.600  -10.267  23.494 0.1000000015
103726  45.067  -10.629  23.550 0.1000000015
103743  43.455  -10.630  22.869 0.1000000015
103729  43.033  -11.083  23.193 0.1000000015
106355  49.669  -9.663  25.792 0.1000000015
105020  48.958  -9.934  25.660 0.1000000015
103712  46.640  -10.614  24.634 0.1000000015
103713  46.044  -10.866  24.494 0.1000000015
103715  44.635  -11.068  23.861 0.1000000015
103730  42.397  -11.114  23.083 0.1000000015
103714  45.195  -11.030  24.130 0.1000000015
102304  44.483  -11.509  24.382 0.1000000015
102319  43.283  -11.445  23.702 0.1000000015
102321  41.761  -11.377  23.317 0.1000000015
105005  49.853  -9.907  26.417 0.1000000015
105007  48.758  -10.159  25.883 0.1000000015
103701  48.110  -10.320  25.536 0.1000000015
103703  46.832  -10.935  25.213 0.1000000015
102306  42.748  -11.800  24.114 0.1000000015
102307  42.030  -11.799  23.938 0.1000000015
102303  45.268  -11.437  24.699 0.1000000015
100765  41.594  -12.094  24.347 0.1000000015
102310  39.608  -11.756  24.117 0.1000000015
103687  48.319  -10.526  26.012 0.1000000015
103704  46.205  -11.179  25.007 0.1000000015
102290  45.339  -11.809  25.349 0.1000000015
100767  40.116  -12.152  24.600 0.1000000015
103675  49.011  -10.551  26.675 0.1000000015
102291  44.650  -11.864  25.033 0.1000000015
100763  42.850  -12.128  24.634 0.1000000015
103688  47.495  -11.165  26.067 0.1000000015
103663  49.562  -10.629  27.285 0.1000000015
106340  50.763  -9.796  27.034 0.1000000015
106338  52.292  -9.046  26.906 0.1000000015
107859  45.360  -8.366  21.458 0.1000000015
107860  44.626  -8.455  21.311 0.1000000015
109385  43.740  -7.706  20.835 0.1000000015
107836  48.684  -8.345  23.187 0.1000000015
107837  47.931  -8.548  22.972 0.1000000015
107847  46.267  -8.595  22.100 0.1000000015
107848  45.578  -8.726  21.893 0.1000000015
107861  43.969  -8.289  21.130 0.1000000015
107862  43.220  -8.201  21.124 0.1000000015
107839  46.712  -8.829  22.582 0.1000000015
107849  45.006  -8.796  21.706 0.1000000015
107824  50.138  -8.362  24.016 0.1000000015
106419  45.768  -9.002  22.235 0.1000000015
106421  44.257  -9.102  21.714 0.1000000015
106436  42.887  -8.753  21.375 0.1000000015
107812  51.631  -8.370  24.880 0.1000000015
106408  46.959  -9.110  23.051 0.1000000015
106422  43.315  -9.223  21.668 0.1000000015
106409  46.015  -9.362  22.791 0.1000000015
106410  45.363  -9.611  22.642 0.1000000015
105071  44.448  -9.745  22.259 0.1000000015
105072  43.670  -9.732  22.060 0.1000000015
105059  44.577  -10.133  22.746 0.1000000015
105073  42.871  -9.709  21.995 0.1000000015
107801  51.788  -8.636  25.470 0.1000000015
105060  43.914  -10.182  22.548 0.1000000015
105061  43.173  -10.202  22.422 0.1000000015
105062  42.384  -10.210  22.326 0.1000000015
103727  44.383  -10.841  23.446 0.1000000015
103744  42.724  -10.683  22.766 0.1000000015
106352  52.145  -8.881  26.290 0.1000000015
106353  51.594  -9.049  26.068 0.1000000015
102322  40.858  -11.328  23.281 0.1000000015
103732  40.360  -10.841  23.062 0.1000000015
102308  41.277  -11.790  23.865 0.1000000015
102323  39.968  -11.286  23.507 0.1000000015
102309  40.459  -11.786  23.949 0.1000000015
105004  50.298  -9.893  26.777 0.1000000015
107765  53.284  -8.576  27.331 0.1000000015
109384  44.473  -7.874  20.923 0.1000000015
109397  43.040  -6.713  20.636 0.1000000015
107846  47.032  -8.381  22.274 0.1000000015
110971  42.407  -6.463  21.031 0.1000000015
112418  41.923  -5.951  21.638 0.1000000015
110972  41.787  -6.676  21.514 0.1000000015
110973  41.467  -6.790  21.766 0.1000000015
109342  50.924  -8.205  24.219 0.1000000015
107851  41.507  -8.264  21.661 0.1000000015
109331  52.467  -8.207  25.244 0.1000000015
105074  42.101  -9.580  21.978 0.1000000015
105075  41.363  -9.352  22.057 0.1000000015
105064  40.687  -9.695  22.398 0.1000000015
103745  41.871  -10.756  22.772 0.1000000015
107800  52.426  -8.424  25.655 0.1000000015
102331  41.295  -11.043  22.999 0.1000000015
107784  52.556  -8.639  26.312 0.1000000015
109396  43.603  -7.040  20.549 0.1000000015
107845  47.550  -8.301  22.485 0.1000000015
109374  46.305  -8.099  21.607 0.1000000015
109382  45.881  -7.855  21.216 0.1000000015
109395  44.327  -7.304  20.540 0.1000000015
112438  43.269  -5.687  20.305 0.1000000015
109340  52.259  -7.964  24.707 0.1000000015
109354  49.447  -8.185  23.418 0.1000000015
109372  47.545  -7.832  21.999 0.1000000015
110970  45.852  -7.490  20.885 0.1000000015
110987  44.202  -6.614  20.261 0.1000000015
109341  51.364  -8.087  24.315 0.1000000015
109363  49.291  -7.877  22.977 0.1000000015
109380  47.166  -7.565  21.536 0.1000000015
110985  45.684  -7.152  20.582 0.1000000015
112437  44.086  -5.777  20.004 0.1000000015
113994  43.736  -5.106  19.984 0.1000000015
109362  50.184  -7.578  23.147 0.1000000015
109371  48.312  -7.667  22.209 0.1000000015
110952  47.511  -7.410  21.543 0.1000000015
112435  45.664  -6.389  20.091 0.1000000015
112463  44.648  -5.692  19.876 0.1000000015
110950  48.976  -7.156  21.984 0.1000000015
110951  48.016  -7.293  21.659 0.1000000015
110984  46.423  -6.748  20.493 0.1000000015
112436  44.787  -6.194  20.023 0.1000000015
106425  41.159  -8.751  21.948 0.1000000015
110967  48.406  -6.692  21.310 0.1000000015
110968  47.297  -6.916  21.030 0.1000000015
103746  40.962  -10.596  22.770 0.1000000015
105065  39.871  -9.485  22.763 0.1000000015
103748  39.732  -9.987  22.958 0.1000000015
103733  39.491  -10.477  23.220 0.1000000015
105049  38.882  -9.754  23.408 0.1000000015
115303  42.405  -4.595  22.013 0.1000000015
113986  42.402  -5.103  21.377 0.1000000015
115306  42.730  -4.350  21.243 0.1000000015
116726  43.052  -3.712  21.163 0.1000000015
116732  43.215  -3.623  20.744 0.1000000015
109351  51.645  -7.560  23.790 0.1000000015
109352  50.720  -7.942  23.807 0.1000000015
110935  49.208  -7.490  22.481 0.1000000015
116731  43.516  -3.543  20.308 0.1000000015
110934  49.709  -7.304  22.519 0.1000000015
114011  44.534  -5.076  19.716 0.1000000015
116742  43.832  -3.472  19.887 0.1000000015
112434  46.560  -6.126  20.101 0.1000000015
115320  44.418  -4.133  19.532 0.1000000015
116741  44.226  -3.333  19.540 0.1000000015
114010  45.526  -5.046  19.523 0.1000000015
115319  45.157  -4.301  19.226 0.1000000015
109361  50.999  -7.370  23.306 0.1000000015
116740  44.759  -3.630  19.144 0.1000000015
118249  44.550  -2.598  19.135 0.1000000015
121149  44.512  -1.667  19.922 0.1000000015
116747  45.033  -3.067  18.754 0.1000000015
119675  44.657  -2.061  19.195 0.1000000015
121148  44.984  -1.166  19.941 0.1000000015
122631  45.427  -0.764  20.483 0.1000000015
119674  45.038  -1.981  18.783 0.1000000015
122639  45.544  -0.691  19.700 0.1000000015
122630  45.978  -0.366  20.271 0.1000000015
121153  45.431  -1.108  18.950 0.1000000015
122638  46.045  -0.410  19.466 0.1000000015
122629  46.597  -0.039  19.886 0.2000000030
122647  46.554  -0.369  18.422 0.1000000015
122637  46.545  -0.209  19.075 0.1000000015
124082  46.982  -0.048  18.670 0.1000000015
124065  47.989  0.476  19.458 0.1000000015
124081  47.664  0.235  18.510 0.1000000015
124097  48.394  0.307  17.810 0.1000000015
124111  49.822  0.659  17.286 0.1000000015
124112  49.060  0.407  17.121 0.1000000015
124122  49.725  0.593  16.452 0.1000000015
124080  48.564  0.556  18.670 0.1000000015
124064  48.873  0.698  19.542 0.1000000015
124063  49.682  0.951  19.604 0.2000000030
124079  49.406  0.819  18.783 0.1000000015
124078  50.284  1.026  18.872 0.1000000015
124096  49.192  0.595  17.959 0.1000000015
124110  50.540  0.853  17.443 0.1000000015
124077  50.711  1.048  18.600 0.1000000015
125426  51.488  1.108  19.295 0.2000000030
125439  50.753  1.081  18.821 0.2000000030
125438  51.191  1.047  18.522 0.2000000030
124094  50.645  0.969  18.192 0.1000000015
122537  54.496  0.123  25.467 0.4000000060
125417  50.988  1.087  19.996 0.3000000119
124062  50.373  1.094  19.712 0.2000000030
125425  52.223  1.028  19.413 0.2000000030
125416  51.713  1.023  20.007 0.3000000119
122556  53.857  0.165  24.561 0.4000000060
123961  53.419  0.273  23.879 0.4000000060
124027  52.249  0.726  21.203 0.3000000119
125403  51.370  1.010  20.560 0.3000000119
124047  53.414  0.651  20.233 0.2000000030
125415  52.345  0.899  20.130 0.2000000030
125414  52.803  0.759  20.394 0.2000000030
125401  52.482  0.794  20.678 0.3000000119
125350  55.549  0.967  26.433 0.4000000060
123945  55.386  0.327  25.371 0.4000000060
122555  54.598  0.062  24.429 0.4000000060
122573  54.109  0.132  23.818 0.4000000060
122590  54.286  0.074  23.174 0.4000000060
123976  53.673  0.255  23.184 0.4000000060
124011  53.461  0.403  21.731 0.3000000119
124025  53.762  0.464  20.990 0.3000000119
95533  33.364  -14.612  50.626 0.5000000000
97085  34.890  -14.137  49.568 0.5000000000
106411  40.284  -8.828  22.432 0.1000000015
107840  40.183  -8.235  22.500 0.1000000015
109376  40.682  -7.374  22.244 0.1000000015
110936  40.867  -6.638  22.576 0.1000000015
112400  41.098  -6.131  22.893 0.1000000015
119664  43.955  -2.196  20.740 0.2000000030
84294  26.668  -20.377  53.307 0.1000000015
98480  32.591  -13.248  51.183 0.2000000030
98498  33.291  -12.903  50.924 0.2000000030
95606  28.391  -14.522  47.267 0.1000000015
122536  55.077  0.131  24.840 0.4000000060
95506  31.720  -14.576  51.797 0.3000000119
97066  36.210  -13.573  49.450 0.4000000060
100157  36.993  -12.510  49.668 0.3000000119
118244  44.095  -2.616  19.877 0.1000000015
123932  54.925  0.294  26.226 0.4000000060
110953  41.486  -6.404  21.937 0.1000000015
112417  42.271  -5.738  21.251 0.1000000015
97038  32.906  -13.940  51.421 0.2000000030
97037  33.575  -13.683  51.203 0.3000000119
97052  33.387  -14.127  51.058 0.5000000000
95534  32.662  -14.919  50.827 0.6000000238
97050  34.737  -13.671  50.336 0.4000000060
97051  34.061  -13.907  50.695 0.5000000000
104964  50.308  -10.518  28.070 0.1000000015
104962  51.076  -10.189  28.597 0.1000000015
106300  51.497  -9.817  28.461 0.1000000015
102305  43.537  -11.788  24.371 0.1000000015
104994  49.484  -10.199  26.626 0.1000000015
105057  45.853  -9.922  23.267 0.1000000015
103702  47.697  -10.582  25.502 0.1000000015
103728  43.723  -10.985  23.334 0.1000000015
102318  44.019  -11.297  23.831 0.1000000015
109386  42.887  -7.391  20.934 0.1000000015
109364  48.502  -8.012  22.716 0.1000000015
106435  43.630  -8.742  21.342 0.1000000015
109387  42.059  -7.278  21.271 0.1000000015
109353  49.873  -8.068  23.523 0.1000000015
107863  42.249  -8.202  21.349 0.1000000015
105063  41.556  -10.059  22.347 0.1000000015
109394  45.023  -7.491  20.681 0.1000000015
109373  46.827  -8.019  21.805 0.1000000015
107864  41.665  -7.716  21.479 0.1000000015
110954  41.115  -6.903  22.056 0.1000000015
106424  41.890  -8.836  21.677 0.1000000015
105076  40.826  -9.085  22.155 0.1000000015
110989  42.946  -6.197  20.581 0.1000000015
110988  43.506  -6.358  20.345 0.1000000015
109381  46.637  -7.639  21.336 0.1000000015
110986  44.949  -6.883  20.324 0.1000000015
113995  42.956  -4.899  20.558 0.1000000015
110969  46.310  -7.329  20.889 0.1000000015
114012  43.973  -4.525  19.769 0.1000000015
115308  43.490  -4.341  20.146 0.1000000015
112462  45.193  -5.689  19.807 0.1000000015
110983  46.948  -6.424  20.453 0.1000000015
115321  43.873  -3.896  19.820 0.1000000015
112461  46.005  -5.662  19.751 0.1000000015
116748  44.610  -3.169  19.108 0.1000000015
115327  45.225  -3.685  18.859 0.1000000015
122648  46.019  -0.638  18.743 0.1000000015
121159  45.421  -1.560  18.384 0.1000000015
121157  46.365  -0.876  17.715 0.1000000015
124098  47.694  -0.015  17.670 0.1000000015
124095  49.973  0.822  18.090 0.1000000015
125454  51.206  1.002  17.625 0.1000000015
76425  11.909  -24.439  60.391 0.1000000015
76416  11.565  -24.128  61.022 0.1000000015
76424  12.089  -24.663  59.951 0.1000000015
75115  12.189  -25.070  59.349 0.1000000015
77903  11.640  -23.592  60.589 0.1000000015
76433  11.910  -24.378  59.527 0.2000000030
77925  11.433  -23.848  58.236 0.2000000030
76440  11.732  -24.254  58.778 0.2000000030
77908  11.692  -23.667  59.879 0.1000000015
77926  11.039  -23.291  58.251 0.1000000015
77913  11.464  -23.519  58.998 0.2000000030
76478  11.331  -24.191  56.889 0.3000000119
79459  11.176  -22.589  59.820 0.1000000015
79470  11.024  -22.730  59.109 0.1000000015
79469  11.413  -23.095  59.588 0.1000000015
82555  10.584  -21.260  59.658 0.1000000015
80991  10.815  -22.017  59.441 0.1000000015
84207  10.371  -20.826  58.985 0.1000000015
81004  10.624  -22.042  58.734 0.1000000015
79483  10.768  -22.681  58.411 0.1000000015
81018  10.487  -22.026  57.971 0.1000000015
84206  10.431  -20.529  59.186 0.1000000015
97392  33.288  -14.146  32.481 0.2000000030
95855  33.489  -14.892  32.398 0.2000000030
123763  46.833  0.313  38.409 0.3000000119
122570  56.012  0.040  22.994 0.2000000030
126666  54.993  1.821  26.824 0.2000000030
126705  54.809  1.858  24.520 0.2000000030
129382  53.197  3.794  25.744 0.1000000015
95857  31.770  -14.587  32.417 0.2000000030
126649  54.596  2.086  27.306 0.2000000030
126704  55.510  1.654  24.698 0.2000000030
123974  56.089  0.351  23.666 0.3000000119
124009  54.718  0.174  21.556 0.2000000030
128007  53.167  2.951  25.822 0.2000000030
126694  53.475  2.370  25.064 0.2000000030
75122  11.947  -24.771  58.660 0.2000000030
82572  10.391  -21.282  58.389 0.1000000015
123764  45.921  0.275  38.192 0.3000000119
126665  55.322  1.391  26.951 0.3000000119
79458  11.512  -23.045  60.155 0.1000000015
125382  56.452  0.803  23.445 0.2000000030
126719  55.467  1.665  23.866 0.2000000030
75145  22.961  -25.041  55.371 0.1000000015
100172  37.945  -12.636  48.869 0.2000000030
101841  37.448  -11.773  49.454 0.2000000030
103376  43.433  -10.902  44.551 0.3000000119
103304  38.111  -11.143  49.049 0.2000000030
104701  42.473  -10.333  45.308 0.3000000119
103363  43.058  -10.567  44.881 0.3000000119
106049  41.685  -9.308  46.158 0.2000000030
107423  41.276  -8.428  45.952 0.1000000015
104702  42.134  -9.814  45.608 0.3000000119
106059  42.062  -9.082  45.597 0.2000000030
104712  42.696  -9.709  45.015 0.3000000119
104713  42.325  -9.316  45.293 0.2000000030
107433  42.227  -8.419  45.299 0.2000000030
107422  41.746  -8.680  45.907 0.2000000030
106067  42.598  -8.972  45.083 0.3000000119
108913  41.654  -8.026  45.596 0.2000000030
108914  41.121  -8.150  45.485 0.1000000015
107442  43.647  -8.454  44.203 0.4000000060
107431  43.237  -8.421  44.571 0.4000000060
107432  42.877  -8.389  44.878 0.3000000119
108935  42.054  -7.542  45.186 0.2000000030
108937  40.877  -8.145  45.041 0.1000000015
107452  40.517  -8.532  43.740 0.1000000015
108933  43.289  -7.808  44.564 0.4000000060
108934  42.678  -7.686  44.961 0.2000000030
110591  43.598  -7.001  44.267 0.3000000119
110576  42.472  -6.961  44.928 0.2000000030
108954  41.305  -7.408  44.323 0.1000000015
108973  40.968  -7.910  43.400 0.1000000015
112107  43.293  -6.187  44.370 0.3000000119
110593  41.536  -6.958  44.090 0.1000000015
107464  40.600  -8.308  42.740 0.1000000015
110592  41.884  -6.597  44.170 0.1000000015
110609  41.516  -6.925  43.407 0.1000000015
109009  41.234  -7.322  42.457 0.1000000015
109010  40.921  -7.770  42.199 0.1000000015
112124  44.459  -6.101  43.462 0.3000000119
113658  45.067  -5.227  42.148 0.3000000119
112088  42.767  -6.520  44.606 0.2000000030
112109  42.223  -6.135  44.017 0.1000000015
113622  43.654  -5.404  44.005 0.3000000119
112108  42.698  -6.021  44.347 0.2000000030
110608  41.818  -6.494  43.679 0.1000000015
110622  41.498  -6.878  42.749 0.1000000015
109026  41.113  -7.268  41.905 0.1000000015
113644  44.701  -4.806  43.011 0.3000000119
114983  44.911  -4.438  42.572 0.3000000119
116366  44.971  -3.732  42.142 0.3000000119
116374  45.032  -3.644  41.441 0.3000000119
114989  45.064  -4.411  41.835 0.3000000119
114972  43.373  -4.653  43.906 0.3000000119
113632  42.806  -5.153  43.742 0.1000000015
113646  42.361  -5.405  42.932 0.1000000015
112150  41.827  -5.980  41.758 0.1000000015
114971  44.031  -4.719  43.723 0.3000000119
113623  43.031  -5.362  44.184 0.3000000119
113624  42.661  -5.651  43.973 0.1000000015
112125  42.086  -5.972  43.312 0.1000000015
110636  41.441  -6.754  42.037 0.1000000015
114977  44.472  -4.479  43.267 0.3000000119
116357  44.592  -3.859  42.892 0.3000000119
116356  44.818  -3.825  42.531 0.3000000119
117865  44.947  -2.826  41.900 0.3000000119
123709  44.127  0.271  40.458 0.2000000030
120812  42.198  -0.931  40.141 0.2000000030
123787  46.144  0.137  37.677 0.2000000030
123785  47.414  0.265  37.724 0.2000000030
123761  48.148  -0.346  37.936 0.2000000030
123786  46.625  0.230  37.555 0.2000000030
123784  48.147  -0.003  37.638 0.2000000030
123798  46.828  0.102  37.090 0.2000000030
122362  47.735  0.005  36.490 0.2000000030
122363  46.821  -0.167  36.621 0.2000000030
122377  47.510  -0.448  35.702 0.2000000030
120898  46.407  -1.066  35.311 0.1000000015
122388  47.628  -0.805  35.018 0.1000000015
120920  46.771  -1.352  34.688 0.1000000015
120918  47.899  -0.952  34.525 0.1000000015
122385  50.038  -0.684  35.357 0.1000000015
122375  49.274  -0.376  36.019 0.1000000015
122376  48.421  -0.226  35.834 0.1000000015
122386  49.125  -0.367  35.171 0.1000000015
122387  48.261  -0.543  34.988 0.1000000015
122395  48.913  -0.589  34.456 0.1000000015
122396  48.378  -0.801  34.376 0.1000000015
122394  49.736  -0.541  34.522 0.1000000015
120935  48.681  -0.942  33.954 0.1000000015
129396  51.251  3.667  25.874 0.1000000015
129344  52.181  3.531  29.213 0.1000000015
133597  54.429  6.732  25.601 0.1000000015
133588  54.038  6.237  25.923 0.1000000015
130775  51.935  4.622  25.372 0.1000000015
113631  44.489  -5.419  43.366 0.3000000119
129342  53.651  3.368  28.747 0.2000000030
129343  52.995  3.467  29.142 0.2000000030
127951  52.730  2.819  29.177 0.1000000015
75157  22.504  -25.170  55.134 0.1000000015
101840  38.215  -11.997  48.940 0.2000000030
119329  45.110  -2.167  41.353 0.3000000119
122262  43.554  -0.013  40.630 0.2000000030
127952  51.787  2.735  28.896 0.1000000015
122403  50.334  -0.693  34.226 0.1000000015
132177  53.765  5.680  27.122 0.1000000015
133579  53.878  5.993  26.531 0.1000000015
132202  52.160  4.975  24.700 0.1000000015
133617  52.532  5.875  23.475 0.1000000015
106066  43.119  -9.010  44.621 0.3000000119
108936  41.375  -7.614  44.922 0.1000000015
110577  41.871  -6.947  44.632 0.2000000030
108955  40.964  -7.925  44.272 0.1000000015
110575  43.021  -7.025  44.629 0.3000000119
108972  41.240  -7.407  43.770 0.1000000015
108991  41.019  -7.759  42.778 0.1000000015
110621  41.771  -6.428  43.037 0.1000000015
122277  41.654  -0.710  39.175 0.2000000030
122346  46.095  -0.123  37.261 0.2000000030
123796  47.843  0.188  37.131 0.2000000030
122364  45.947  -0.623  36.442 0.2000000030
120879  45.552  -1.087  35.963 0.1000000015
122378  46.630  -0.656  35.828 0.1000000015
120897  47.062  -0.926  35.211 0.1000000015
120919  47.367  -1.143  34.662 0.1000000015
120934  49.326  -0.813  33.941 0.1000000015
132185  54.347  5.589  25.972 0.1000000015
69864  13.848  -28.818  53.337 0.1000000015
63693  14.894  -31.675  47.996 0.2000000030
68598  12.196  -28.855  56.443 0.1000000015
69859  12.848  -28.468  55.642 0.1000000015
71034  13.189  -28.082  55.353 0.1000000015
69865  13.534  -28.309  53.838 0.1000000015
71043  13.071  -27.815  53.468 0.1000000015
60616  20.316  -34.249  49.569 0.2000000030
60629  19.377  -34.010  49.149 0.2000000030
69868  13.309  -28.412  52.931 0.1000000015
60617  19.737  -34.277  49.488 0.2000000030
60630  18.578  -34.095  49.126 0.2000000030
69867  13.595  -28.987  52.507 0.1000000015
63692  15.339  -32.129  47.773 0.2000000030
72475  12.656  -27.115  56.075 0.1000000015
71035  12.957  -27.851  55.611 0.1000000015
71038  13.002  -27.448  54.822 0.1000000015
71040  13.256  -27.844  54.323 0.1000000015
62173  19.955  -33.415  48.820 0.2000000030
62190  19.409  -33.210  48.406 0.2000000030
62191  18.435  -33.134  48.031 0.2000000030
60645  18.536  -33.698  48.638 0.2000000030
69871  13.233  -28.605  51.863 0.1000000015
63667  19.232  -32.633  47.780 0.2000000030
62204  18.339  -32.796  47.652 0.2000000030
62205  17.896  -32.883  47.659 0.2000000030
62206  17.176  -32.951  47.659 0.2000000030
63690  16.829  -32.590  47.269 0.2000000030
63712  15.502  -31.829  47.239 0.2000000030
66237  15.425  -31.047  46.599 0.2000000030
73859  12.374  -25.870  59.186 0.1000000015
75137  12.240  -25.789  57.114 0.1000000015
75127  12.255  -25.561  57.851 0.1000000015
75149  12.276  -26.046  56.586 0.1000000015
73874  12.445  -26.544  56.400 0.1000000015
72477  12.752  -26.994  55.311 0.1000000015
72479  12.604  -26.879  54.535 0.1000000015
72481  12.409  -26.801  53.761 0.1000000015
75138  11.873  -25.107  57.210 0.1000000015
86396  23.799  -19.581  34.607 0.2000000030
94335  35.547  -15.489  33.570 0.1000000015
92779  35.638  -16.448  34.470 0.1000000015
94336  34.517  -15.769  33.356 0.1000000015
94362  33.714  -15.787  32.746 0.1000000015
91164  35.430  -17.432  35.100 0.1000000015
92763  35.512  -16.809  35.086 0.1000000015
92780  34.785  -16.245  34.431 0.1000000015
94315  34.643  -16.091  33.951 0.1000000015
92801  34.000  -16.207  33.402 0.1000000015
89713  34.992  -18.465  34.922 0.1000000015
91155  35.364  -17.514  35.670 0.1000000015
92752  35.390  -17.047  35.579 0.1000000015
86361  35.315  -19.626  35.823 0.1000000015
88030  35.121  -18.588  35.736 0.1000000015
94313  36.006  -15.903  33.991 0.1000000015
91178  35.687  -17.264  34.360 0.1000000015
91177  36.065  -16.875  34.214 0.1000000015
89726  35.259  -17.914  34.619 0.1000000015
86389  35.368  -20.138  34.806 0.1000000015
88043  34.873  -19.112  34.590 0.1000000015
89727  34.939  -18.402  34.205 0.1000000015
86390  35.114  -19.851  34.613 0.1000000015
91197  35.749  -17.534  33.496 0.1000000015
89751  35.341  -17.895  33.892 0.1000000015
103305  37.390  -10.906  49.114 0.1000000015
103319  36.988  -10.841  48.466 0.1000000015
63670  14.773  -31.804  48.507 0.2000000030
63689  17.546  -32.551  47.270 0.2000000030
63691  16.123  -32.470  47.406 0.2000000030
65004  15.171  -31.410  47.114 0.2000000030
63668  18.672  -32.652  47.613 0.2000000030
92807  27.002  -17.139  33.285 0.2000000030
95856  32.652  -14.740  32.222 0.1000000015
94364  31.961  -15.364  31.845 0.1000000015
95854  34.373  -14.910  32.651 0.1000000015
95834  35.142  -14.922  33.065 0.1000000015
91225  36.063  -17.239  33.105 0.1000000015
91196  36.147  -17.135  33.761 0.1000000015
86397  23.530  -19.584  35.098 0.2000000030
75128  11.916  -24.924  57.981 0.1000000015
92831  33.391  -16.257  32.812 0.1000000015
75121  12.237  -25.361  58.588 0.2000000030
71037  13.268  -27.971  55.046 0.1000000015
71041  12.827  -27.342  54.029 0.1000000015
60644  19.096  -33.736  48.805 0.2000000030
59084  18.613  -34.488  49.593 0.1000000015
62208  15.883  -32.744  47.859 0.2000000030
62192  17.493  -33.274  48.097 0.2000000030
60646  17.715  -33.693  48.576 0.2000000030
94314  35.178  -15.884  34.052 0.1000000015
95835  34.605  -15.283  32.934 0.1000000015
94337  33.925  -16.065  33.163 0.1000000015
94361  34.308  -15.445  32.887 0.1000000015
92764  34.984  -16.472  35.029 0.1000000015
92781  34.065  -16.468  33.937 0.1000000015
92782  33.581  -16.811  33.697 0.1000000015
88031  35.034  -18.947  35.427 0.1000000015
89712  35.207  -17.998  35.264 0.1000000015
89701  35.081  -18.434  35.442 0.1000000015
89700  35.229  -18.104  35.891 0.1000000015
92753  35.108  -16.571  35.606 0.1000000015
86362  35.096  -19.344  35.552 0.1000000015
86376  35.075  -19.503  35.204 0.1000000015
86375  35.331  -20.000  35.175 0.1000000015
88019  35.269  -18.841  36.156 0.1000000015
89779  35.321  -17.865  33.201 0.1000000015
59071  21.122  -34.756  49.902 0.1000000015
59085  17.912  -34.454  49.575 0.1000000015
63611  14.784  -32.136  51.449 0.1000000015
60615  21.023  -34.179  49.640 0.1000000015
60627  20.952  -33.696  49.282 0.1000000015
59075  17.912  -34.807  50.145 0.1000000015
59086  17.349  -34.360  49.538 0.1000000015
62189  20.321  -32.875  48.482 0.1000000015
62193  16.750  -33.262  48.110 0.1000000015
62123  15.651  -33.247  53.079 0.1000000015
60632  16.991  -34.080  49.190 0.1000000015
60648  16.341  -33.420  48.559 0.1000000015
59022  17.051  -34.836  53.787 0.1000000015
60574  16.624  -34.196  54.004 0.1000000015
60579  15.901  -33.880  53.153 0.1000000015
60588  15.700  -34.012  52.390 0.1000000015
59047  16.549  -34.859  51.583 0.1000000015
59061  16.446  -34.645  50.840 0.1000000015
60606  16.123  -34.316  50.557 0.1000000015
60633  16.149  -33.728  49.148 0.1000000015
59026  16.748  -34.863  53.233 0.1000000015
59033  16.524  -34.876  52.449 0.1000000015
60597  15.527  -33.948  51.601 0.1000000015
59034  16.111  -34.565  52.145 0.1000000015
83123  26.396  -21.111  34.301 0.1000000015
74063  26.758  -26.307  40.361 0.1000000015
76866  26.178  -24.383  37.260 0.1000000015
79865  26.219  -22.924  35.712 0.1000000015
86442  26.123  -19.239  33.312 0.1000000015
75439  26.243  -25.084  38.232 0.1000000015
78360  25.563  -23.783  36.001 0.1000000015
75481  25.391  -24.795  36.921 0.1000000015
86418  25.635  -19.753  33.565 0.1000000015
81463  25.902  -22.205  34.867 0.1000000015
78385  25.258  -23.558  35.544 0.1000000015
84753  25.064  -20.342  33.836 0.1000000015
81476  24.754  -21.553  34.147 0.1000000015
78386  24.473  -23.737  35.335 0.1000000015
88094  25.332  -18.595  33.509 0.1000000015
81465  24.249  -21.839  34.359 0.1000000015
83110  23.737  -21.178  34.451 0.1000000015
79882  23.166  -22.436  34.885 0.1000000015
86419  24.853  -19.346  33.742 0.1000000015
84754  24.124  -20.056  34.175 0.1000000015
84730  23.748  -19.970  34.515 0.1000000015
86420  24.230  -19.294  34.186 0.1000000015
84731  23.431  -20.315  34.857 0.1000000015
81467  22.903  -21.875  35.062 0.1000000015
84732  23.045  -20.864  35.166 0.1000000015
84710  23.123  -20.130  35.705 0.1000000015
122366  41.262  -0.553  36.916 0.1000000015
123722  43.898  0.389  39.685 0.1000000015
123744  44.436  0.308  39.037 0.1000000015
120883  42.421  -1.158  36.392 0.1000000015
122325  44.616  -0.233  37.833 0.1000000015
122324  45.459  -0.085  37.763 0.1000000015
122276  42.193  -0.316  39.446 0.1000000015
122301  41.610  -0.432  38.742 0.1000000015
123710  43.484  0.181  40.206 0.1000000015
123768  42.834  0.095  38.455 0.1000000015
122350  42.444  -0.462  37.392 0.1000000015
122326  43.741  -0.271  37.923 0.1000000015
120866  43.723  -0.949  36.841 0.1000000015
122347  45.173  -0.529  37.134 0.1000000015
125423  53.472  0.771  19.461 0.1000000015
125436  52.820  1.019  18.766 0.1000000015
125437  52.038  1.085  18.623 0.1000000015
125464  53.310  1.332  17.250 0.1000000015
125452  52.671  1.146  17.936 0.1000000015
125474  53.212  1.360  16.423 0.1000000015
125465  52.559  1.256  17.116 0.1000000015
125534  59.057  0.813  12.267 0.1000000015
124182  58.932  0.886  12.775 0.1000000015
124159  58.941  0.262  12.995 0.1000000015
125491  55.252  1.191  15.148 0.1000000015
125548  59.147  1.046  11.594 0.1000000015
124202  59.227  0.309  11.949 0.1000000015
124181  59.017  0.356  12.683 0.1000000015
122714  58.849  -0.251  12.799 0.1000000015
124163  56.258  0.951  13.668 0.1000000015
125500  55.819  1.154  14.448 0.1000000015
125492  54.502  1.279  15.042 0.1000000015
121239  59.254  -0.711  11.559 0.1000000015
121214  59.059  -0.564  12.240 0.1000000015
129352  53.809  2.955  28.200 0.1000000015
123990  56.443  0.277  22.854 0.1000000015
122614  55.511  -0.055  21.505 0.1000000015
124024  54.466  0.300  21.008 0.1000000015
124046  54.158  0.478  20.321 0.1000000015
124060  53.888  0.677  19.569 0.1000000015
125435  53.632  0.897  18.929 0.1000000015
125450  54.183  1.083  18.150 0.1000000015
126845  58.595  1.990  13.867 0.1000000015
125448  55.314  0.770  18.109 0.1000000015
125473  53.968  1.342  16.543 0.1000000015
126857  58.496  2.145  12.937 0.1000000015
125518  58.840  1.370  13.237 0.1000000015
124120  55.974  0.845  16.783 0.1000000015
125471  55.538  1.039  16.815 0.1000000015
125483  53.865  1.325  15.729 0.1000000015
122701  58.586  -0.198  13.123 0.1000000015
122694  58.468  -0.077  13.920 0.1000000015
124144  57.473  0.354  14.779 0.1000000015
124138  56.678  0.856  15.028 0.1000000015
124129  56.603  0.882  15.699 0.1000000015
121187  58.307  -0.357  12.914 0.1000000015
122702  57.784  0.063  13.242 0.1000000015
124161  57.450  0.355  14.122 0.1000000015
124145  57.035  0.607  14.554 0.1000000015
126707  53.423  2.475  24.233 0.1000000015
126720  54.717  1.852  23.683 0.1000000015
126722  53.446  2.654  23.445 0.1000000015
126738  55.393  1.641  23.018 0.1000000015
124008  56.762  0.053  22.140 0.1000000015
125393  56.007  1.369  22.331 0.1000000015
125391  56.917  0.567  21.883 0.1000000015
122604  56.360  -0.149  21.656 0.1000000015
124022  55.527  0.059  20.792 0.1000000015
125397  57.016  0.653  21.541 0.1000000015
122603  56.869  -0.057  21.430 0.1000000015
122627  56.661  -0.206  20.373 0.1000000015
124059  54.628  0.510  19.695 0.1000000015
122626  57.129  -0.219  20.147 0.1000000015
124056  56.402  -0.142  19.593 0.1000000015
124075  54.433  0.720  19.123 0.1000000015
122644  57.384  -0.280  18.856 0.1000000015
124073  55.901  0.202  19.046 0.1000000015
122643  57.839  -0.086  18.589 0.1000000015
124091  56.654  -0.004  18.377 0.1000000015
125499  58.784  1.206  14.122 0.1000000015
125446  57.858  1.267  18.065 0.1000000015
122654  57.881  -0.011  17.923 0.1000000015
124108  56.519  0.356  17.470 0.1000000015
124127  57.756  0.395  16.003 0.1000000015
124128  57.157  0.616  15.969 0.1000000015
122678  57.833  0.268  17.039 0.1000000015
124118  57.331  0.308  16.892 0.1000000015
122695  57.924  0.176  14.314 0.1000000015
122690  57.881  0.189  15.053 0.1000000015
122684  57.833  0.257  15.497 0.1000000015
128036  53.109  3.130  24.109 0.1000000015
128048  53.253  3.217  23.325 0.1000000015
126739  54.629  1.889  22.816 0.1000000015
126741  53.477  2.846  22.958 0.1000000015
128055  53.830  2.831  22.161 0.1000000015
126762  54.659  2.037  21.926 0.1000000015
124021  57.124  0.241  21.108 0.1000000015
126782  56.216  1.524  20.889 0.1000000015
125412  57.347  0.701  20.583 0.1000000015
125411  57.721  0.431  20.082 0.1000000015
125422  56.553  1.582  19.897 0.1000000015
126819  56.269  2.607  19.051 0.1000000015
130879  57.591  4.359  18.215 0.1000000015
128137  56.678  2.858  18.592 0.1000000015
128168  58.106  2.676  13.641 0.1000000015
124143  58.774  0.481  14.451 0.1000000015
124126  58.330  0.537  16.158 0.1000000015
122689  58.390  -0.006  14.815 0.1000000015
124135  58.625  0.510  15.341 0.1000000015
122683  58.158  0.250  15.493 0.1000000015
129407  53.549  3.782  23.159 0.1000000015
128056  53.549  3.194  22.513 0.1000000015
129414  54.017  4.003  22.231 0.1000000015
128088  54.337  3.359  21.086 0.1000000015
128067  53.891  3.154  21.779 0.1000000015
126800  56.083  1.744  20.404 0.1000000015
128103  55.190  2.792  20.126 0.1000000015
126813  55.550  2.601  19.783 0.1000000015
132244  56.432  5.153  21.213 0.1000000015
130837  57.131  4.797  19.492 0.1000000015
128159  58.423  2.442  15.329 0.1000000015
126840  58.594  1.852  14.736 0.1000000015
126838  58.523  1.759  15.543 0.1000000015
126835  58.330  1.755  16.347 0.1000000015
128156  58.299  2.245  15.931 0.1000000015
126836  58.125  2.371  16.432 0.1000000015
128154  57.908  2.852  16.850 0.1000000015
126784  54.699  2.361  21.081 0.1000000015
128087  54.558  2.884  20.848 0.1000000015
129499  58.121  3.837  15.842 0.1000000015
136662  56.633  7.220  19.756 0.1000000015
128157  58.172  2.941  16.037 0.1000000015
132292  55.216  5.611  17.983 0.1000000015
133703  55.470  6.143  17.604 0.1000000015
62176  15.232  -32.863  49.119 0.1000000015
60607  15.595  -33.921  50.733 0.1000000015
62195  15.547  -32.780  48.398 0.1000000015
59048  15.981  -34.452  51.602 0.1000000015
128162  58.381  2.603  14.508 0.1000000015
128163  57.914  3.319  14.322 0.1000000015
128160  58.207  3.212  15.174 0.1000000015
130897  58.115  4.512  16.473 0.1000000015
133663  57.484  5.805  20.981 0.1000000015
132303  58.052  5.338  17.850 0.1000000015
130801  54.611  4.257  21.592 0.1000000015
132326  57.968  5.321  16.142 0.1000000015
130800  55.192  4.847  22.021 0.1000000015
132228  56.908  5.515  21.517 0.1000000015
132290  57.879  5.356  18.748 0.1000000015
132270  57.825  5.620  19.492 0.1000000015
133720  58.073  6.077  16.565 0.1000000015
129497  58.009  3.654  16.696 0.1000000015
132291  57.492  5.062  19.305 0.1000000015
133711  58.177  6.111  17.376 0.1000000015
130878  57.908  4.386  17.516 0.1000000015
126833  57.962  2.098  17.034 0.1000000015
128104  54.871  3.272  20.417 0.1000000015
132317  58.175  5.278  16.983 0.1000000015
136670  57.872  7.844  18.846 0.1000000015
135220  56.349  7.161  18.673 0.1000000015
136678  56.772  7.812  18.331 0.1000000015
126832  58.185  1.540  16.956 0.1000000015
133635  57.444  6.273  21.732 0.1000000015
132271  57.317  5.158  19.849 0.1000000015
132272  56.987  5.060  20.198 0.1000000015
126827  57.646  1.971  17.744 0.1000000015
60620  15.576  -33.612  49.947 0.1000000015
62161  15.063  -33.004  49.910 0.1000000015
60626  21.504  -33.671  49.463 0.1000000015
74083  26.029  -26.361  39.732 0.1000000015
74120  25.880  -25.477  38.314 0.1000000015
75461  25.491  -25.161  37.506 0.1000000015
76926  25.292  -23.955  35.952 0.1000000015
78412  24.125  -23.166  34.937 0.1000000015
122263  42.918  -0.340  40.473 0.1000000015
86444  25.158  -18.906  33.607 0.1000000015
122587  56.209  -0.084  22.369 0.1000000015
136648  56.635  7.238  20.345 0.1000000015
123721  44.719  0.418  39.739 0.1000000015
125424  53.002  0.839  19.632 0.1000000015
128022  53.088  3.044  24.966 0.1000000015
129395  53.170  3.801  24.831 0.1000000015
122302  41.217  -0.789  38.681 0.1000000015
60628  20.219  -33.806  49.160 0.1000000015
60631  17.856  -34.080  49.098 0.1000000015
60647  16.901  -33.644  48.571 0.1000000015
60618  16.832  -34.392  49.777 0.1000000015
60619  16.222  -34.134  49.920 0.1000000015
60587  16.025  -34.404  52.694 0.1000000015
60634  15.548  -33.316  49.375 0.1000000015
84752  25.965  -20.515  33.871 0.1000000015
83108  25.700  -21.830  34.485 0.1000000015
81462  26.439  -21.974  35.047 0.1000000015
81454  26.764  -22.166  35.572 0.1000000015
74100  26.065  -25.672  38.828 0.1000000015
76895  25.468  -24.329  36.460 0.1000000015
78334  26.272  -23.821  36.778 0.1000000015
75460  26.073  -24.836  37.700 0.1000000015
79866  25.707  -23.216  35.498 0.1000000015
79879  25.489  -22.842  35.077 0.1000000015
78359  26.023  -23.633  36.274 0.1000000015
81455  26.268  -22.378  35.278 0.1000000015
86417  26.434  -19.937  33.534 0.1000000015
78411  24.817  -23.238  35.036 0.1000000015
79880  24.622  -22.643  34.688 0.1000000015
83124  25.475  -21.293  34.141 0.1000000015
83109  24.168  -21.292  34.233 0.1000000015
83125  24.472  -20.972  34.076 0.1000000015
79881  23.824  -22.499  34.709 0.1000000015
81466  23.466  -21.843  34.657 0.1000000015
120884  41.492  -0.938  36.441 0.1000000015
120868  42.078  -0.731  36.866 0.1000000015
122351  41.596  -0.424  37.336 0.1000000015
123745  43.621  0.282  39.006 0.1000000015
123766  44.120  0.096  38.410 0.1000000015
123767  43.338  0.107  38.418 0.1000000015
122348  44.195  -0.619  37.329 0.1000000015
122300  42.319  0.006  38.582 0.1000000015
123746  42.873  0.161  38.924 0.1000000015
122327  42.846  -0.175  38.012 0.1000000015
122349  43.306  -0.578  37.406 0.1000000015
120882  43.270  -1.257  36.360 0.1000000015
125451  53.439  1.157  18.070 0.1000000015
124160  58.846  0.457  13.367 0.1000000015
125481  55.385  1.217  15.975 0.1000000015
125480  56.017  1.009  16.142 0.1000000015
121196  58.172  -0.565  12.525 0.1000000015
125519  55.600  1.159  13.860 0.1000000015
124162  56.989  0.551  13.762 0.1000000015
125490  56.054  1.075  15.259 0.1000000015
125501  55.107  1.242  14.378 0.1000000015
125502  54.380  1.309  14.263 0.1000000015
121215  58.692  -0.927  12.078 0.1000000015
125392  56.731  0.781  22.336 0.1000000015
125434  54.303  0.897  18.727 0.1000000015
124074  55.103  0.578  18.898 0.1000000015
125463  54.071  1.269  17.366 0.1000000015
125461  55.382  0.895  17.683 0.1000000015
125462  54.799  1.112  17.494 0.1000000015
125472  54.730  1.238  16.668 0.1000000015
124119  56.454  0.738  16.590 0.1000000015
124137  57.078  0.606  15.234 0.1000000015
124043  55.743  0.043  20.423 0.1000000015
124058  55.386  0.280  19.833 0.1000000015
122645  56.908  -0.237  19.042 0.1000000015
125420  57.732  0.664  19.722 0.1000000015
124090  57.012  -0.103  18.075 0.1000000015
125431  57.790  0.961  18.980 0.1000000015
124089  58.049  0.520  18.239 0.1000000015
125432  57.311  1.517  18.880 0.1000000015
124106  58.093  0.296  17.672 0.1000000015
125447  57.356  1.852  18.324 0.1000000015
125459  58.131  1.117  17.324 0.1000000015
124117  57.923  0.413  16.655 0.1000000015
126812  56.130  2.130  19.602 0.1000000015
128139  55.845  3.708  19.469 0.1000000015
130855  57.776  4.757  18.265 0.1000000015
129491  57.663  3.428  17.452 0.1000000015
130856  57.157  4.470  18.937 0.1000000015
129492  57.381  3.901  18.125 0.1000000015
129475  56.251  4.066  19.319 0.1000000015
125489  58.708  1.144  15.019 0.1000000015
125479  58.551  1.127  15.853 0.1000000015
129437  54.648  3.935  21.057 0.1000000015
129459  55.333  3.872  20.171 0.1000000015
132255  56.745  5.099  20.592 0.1000000015
130838  56.467  4.588  19.864 0.1000000015
130825  55.624  4.397  20.469 0.1000000015
132229  56.534  5.386  21.865 0.1000000015
130815  55.800  4.882  21.314 0.1000000015
129474  56.764  3.629  18.645 0.1000000015
135214  56.358  6.962  19.388 0.1000000015
136672  56.761  7.443  19.152 0.1000000015
136661  57.032  7.479  19.778 0.1000000015
133695  55.636  6.043  18.433 0.1000000015
135187  57.836  6.800  21.035 0.1000000015
133662  57.830  6.167  20.592 0.1000000015
132254  57.368  5.439  20.496 0.1000000015
133694  58.088  6.273  19.058 0.1000000015
133702  58.145  6.182  18.221 0.1000000015
132219  55.385  5.188  22.834 0.1000000015
132218  55.961  5.364  22.736 0.1000000015
132230  55.907  5.132  22.007 0.1000000015
133636  57.074  5.922  21.966 0.1000000015
128151  57.560  2.642  17.520 0.1000000015
125460  57.964  1.594  17.421 0.1000000015
130826  55.220  4.241  20.658 0.1000000015
136660  57.633  7.623  19.875 0.1000000015
135219  58.124  7.043  18.554 0.1000000015
135213  58.047  7.067  19.438 0.1000000015
136671  57.260  7.923  18.971 0.1000000015
129458  55.664  4.055  19.872 0.1000000015
128152  57.198  3.142  18.065 0.1000000015
132217  56.338  5.446  22.363 0.1000000015
57537  27.528  -35.846  52.393 0.1000000015
59029  28.529  -35.394  52.051 0.1000000015
59043  26.264  -35.020  51.653 0.1000000015
59056  24.026  -34.477  50.386 0.1000000015
59062  15.892  -34.306  51.061 0.1000000015
59076  17.152  -34.647  50.112 0.1000000015
59077  16.541  -34.453  50.239 0.1000000015
60578  16.253  -34.400  53.239 0.1000000015
60584  27.869  -34.478  52.419 0.2000000030
60594  26.563  -34.520  51.898 0.1000000015
62127  28.279  -34.111  51.984 0.1000000015
62130  26.457  -33.652  51.723 0.2000000030
62132  15.077  -32.839  51.957 0.2000000030
62138  26.556  -33.146  51.713 0.2000000030
62158  23.354  -33.265  49.878 0.1000000015
62174  19.478  -33.592  48.792 0.2000000030
62175  15.802  -33.241  48.788 0.1000000015
62194  16.112  -33.114  48.211 0.2000000030
62207  16.472  -32.909  47.715 0.2000000030
63600  27.392  -33.031  52.046 0.2000000030
63607  28.141  -32.721  51.234 0.1000000015
63618  24.461  -32.903  49.995 0.2000000030
63619  14.633  -31.977  50.795 0.1000000015
63645  21.155  -32.670  48.454 0.2000000030
63669  15.035  -32.391  48.713 0.2000000030
63688  18.270  -32.478  47.319 0.2000000030
63706  19.881  -31.819  46.959 0.2000000030
63707  18.474  -32.079  46.894 0.3000000119
63710  16.473  -32.166  46.941 0.2000000030
64934  27.315  -32.007  51.164 0.1000000015
64937  28.137  -32.098  50.625 0.1000000015
64941  14.210  -30.944  50.531 0.1000000015
64947  14.274  -31.313  49.956 0.2000000030
64971  26.041  -32.284  48.287 0.2000000030
64984  19.580  -31.829  46.921 0.3000000119
64986  15.294  -31.667  47.290 0.2000000030
64995  20.959  -31.803  46.208 0.2000000030
64998  19.018  -31.736  46.624 0.3000000119
65001  16.758  -31.791  46.552 0.3000000119
65003  15.569  -31.446  46.839 0.2000000030
65011  25.072  -31.931  45.692 0.2000000030
65012  21.990  -32.002  45.639 0.2000000030
65016  19.309  -31.451  45.880 0.2000000030
65021  15.975  -31.357  46.520 0.3000000119
65035  19.564  -31.269  45.163 0.2000000030
65053  23.483  -31.280  43.896 0.3000000119
66187  28.287  -31.347  49.710 0.1000000015
66189  14.006  -30.256  50.211 0.3000000119
66199  14.212  -30.670  48.888 0.3000000119
66213  27.042  -31.432  48.155 0.2000000030
66214  14.347  -30.754  48.446 0.3000000119
66227  14.484  -30.648  47.716 0.3000000119
66235  27.231  -30.475  46.803 0.2000000030
66238  15.021  -30.957  46.908 0.2000000030
66245  26.086  -31.187  45.560 0.2000000030
66249  16.473  -31.023  45.911 0.3000000119
66251  15.319  -30.854  46.464 0.2000000030
66259  25.275  -31.316  44.804 0.3000000119
66262  17.774  -30.750  45.038 0.3000000119
66265  16.141  -30.778  45.732 0.3000000119
66274  23.726  -31.230  43.905 0.3000000119
66285  25.439  -30.152  43.531 0.2000000030
66291  21.163  -31.234  43.396 0.2000000030
66300  24.179  -30.308  42.859 0.3000000119
66304  21.404  -30.949  42.786 0.2000000030
66311  22.748  -30.411  42.180 0.3000000119
67465  13.902  -29.822  48.879 0.3000000119
67476  14.061  -29.941  47.972 0.3000000119
67486  14.213  -29.939  47.401 0.3000000119
67500  27.390  -29.592  45.321 0.2000000030
67503  16.904  -30.208  44.718 0.3000000119
67506  15.396  -30.277  45.770 0.3000000119
67512  26.827  -29.716  44.489 0.2000000030
67514  18.221  -30.272  43.904 0.3000000119
67516  17.227  -30.109  44.375 0.3000000119
67525  24.762  -30.196  43.070 0.2000000030
67529  17.563  -29.979  43.932 0.3000000119
67536  24.979  -29.624  42.592 0.2000000030
67538  23.403  -30.192  42.237 0.3000000119
67542  18.627  -30.067  42.942 0.3000000119
67552  21.029  -30.436  41.734 0.2000000030
67555  19.004  -30.007  42.292 0.2000000030
67563  21.156  -30.079  41.183 0.3000000119
67566  19.249  -29.954  41.897 0.2000000030
67572  21.471  -29.621  40.535 0.3000000119
68623  13.816  -29.428  51.958 0.1000000015
68629  13.721  -29.368  50.551 0.3000000119
68656  13.585  -28.696  48.474 0.3000000119
68693  16.288  -29.884  44.679 0.3000000119
68694  15.942  -29.793  44.887 0.3000000119
68706  16.455  -29.678  44.291 0.3000000119
68729  17.995  -29.710  43.015 0.3000000119
68742  17.429  -28.924  42.448 0.3000000119
68749  23.663  -29.018  40.960 0.2000000030
68750  23.011  -29.188  40.707 0.2000000030
68755  18.169  -29.022  41.717 0.3000000119
68765  19.356  -29.127  40.599 0.3000000119
68775  19.866  -29.117  40.237 0.3000000119
69877  13.248  -28.271  49.353 0.3000000119
69906  13.509  -28.112  47.523 0.4000000060
69952  27.961  -28.434  44.546 0.1000000015
69956  15.021  -28.072  44.468 0.3000000119
69964  27.229  -28.659  43.856 0.1000000015
69979  25.950  -28.853  42.505 0.2000000030
69988  26.150  -28.430  42.258 0.2000000030
70001  24.150  -28.591  40.857 0.2000000030
70010  24.352  -28.226  40.617 0.2000000030
70022  22.002  -28.500  39.234 0.2000000030
71026  11.961  -28.225  58.348 0.1000000015
71072  12.801  -27.331  49.458 0.3000000119
71106  13.407  -27.322  46.867 0.4000000060
71119  13.557  -27.217  46.383 0.4000000060
71193  16.359  -27.547  42.775 0.3000000119
71206  16.681  -27.462  42.344 0.3000000119
71213  26.686  -27.181  41.355 0.2000000030
71226  25.024  -27.463  40.271 0.2000000030
71228  23.844  -27.839  39.798 0.2000000030
71230  17.976  -27.383  40.803 0.4000000060
71247  23.838  -27.301  38.975 0.2000000030
71254  19.038  -27.128  39.297 0.4000000060
72590  15.057  -27.281  44.125 0.3000000119
72662  26.394  -26.735  40.550 0.2000000030
72664  25.447  -27.076  40.183 0.2000000030
72679  25.616  -26.785  39.915 0.2000000030
72697  23.752  -27.080  38.651 0.2000000030
72698  20.181  -26.824  38.240 0.3000000119
72714  22.770  -26.841  37.796 0.2000000030
72718  20.067  -26.508  38.174 0.3000000119
72733  21.875  -26.295  37.234 0.2000000030
73865  22.643  -24.948  55.812 0.1000000015
73866  22.524  -24.981  56.083 0.1000000015
73872  22.537  -25.165  55.492 0.1000000015
73873  22.432  -25.026  55.900 0.1000000015
73904  11.886  -26.211  52.776 0.3000000119
74013  15.517  -26.204  43.598 0.4000000060
74014  15.152  -26.480  43.887 0.3000000119
74024  16.528  -25.811  42.604 0.4000000060
74102  24.712  -26.576  38.814 0.2000000030
74123  24.037  -26.447  38.011 0.2000000030
74124  21.044  -25.949  37.298 0.2000000030
75116  11.946  -24.623  59.084 0.1000000015
75134  22.632  -24.580  55.844 0.1000000015
75136  21.880  -24.581  56.065 0.1000000015
75148  21.535  -24.643  56.010 0.2000000030
75158  21.883  -25.070  55.395 0.3000000119
75160  20.992  -24.588  55.644 0.3000000119
75177  23.988  -24.794  53.317 0.4000000060
75188  24.000  -24.752  53.007 0.4000000060
75204  20.288  -24.799  52.382 0.5000000000
75211  23.518  -24.830  51.680 0.6000000238
75223  23.094  -24.970  51.158 0.5000000000
75228  11.625  -25.085  50.799 0.4000000060
75239  11.870  -25.647  50.062 0.3000000119
75256  11.904  -24.747  49.602 0.3000000119
75296  13.447  -25.560  46.563 0.4000000060
75306  14.407  -25.219  45.437 0.4000000060
75325  15.069  -25.740  44.246 0.4000000060
75337  16.539  -25.094  43.158 0.4000000060
75338  16.117  -25.396  43.350 0.4000000060
75406  19.234  -24.911  39.422 0.4000000060
75407  18.881  -25.382  39.751 0.4000000060
75440  25.762  -25.372  38.051 0.1000000015
75485  22.232  -25.156  36.313 0.2000000030
75500  23.654  -24.811  35.945 0.2000000030
76419  9.837  -23.851  61.101 0.1000000015
76432  12.125  -24.798  59.738 0.1000000015
76447  20.377  -23.674  56.607 0.4000000060
76449  19.750  -23.384  57.026 0.4000000060
76464  11.265  -24.012  57.110 0.3000000119
76472  23.005  -24.350  55.610 0.1000000015
76474  21.178  -24.461  56.110 0.2000000030
76525  24.338  -24.517  52.926 0.4000000060
76540  23.964  -24.666  52.385 0.5000000000
76541  20.269  -24.752  52.615 0.5000000000
76544  18.458  -23.793  52.376 0.5000000000
76566  23.395  -24.812  51.123 0.5000000000
76585  12.087  -24.049  49.656 0.3000000119
76617  23.499  -24.175  49.066 0.6000000238
76650  12.867  -24.891  47.724 0.4000000060
76700  21.253  -24.377  45.948 0.6000000238
76843  26.347  -24.682  37.834 0.1000000015
76844  20.013  -24.583  38.161 0.3000000119
76867  25.637  -24.673  37.030 0.1000000015
76894  26.005  -24.056  36.676 0.1000000015
76896  24.607  -24.681  36.164 0.2000000030
77897  9.532  -23.418  61.162 0.1000000015
77914  11.053  -23.070  58.701 0.2000000030
77928  5.754  -23.540  57.577 0.1000000015
77932  22.535  -23.902  56.010 0.1000000015
77937  18.963  -23.221  56.767 0.4000000060
77945  25.156  -23.218  55.187 0.2000000030
77946  25.090  -23.318  55.359 0.2000000030
77947  23.316  -24.144  55.434 0.1000000015
77955  11.296  -24.176  56.622 0.3000000119
77960  6.149  -23.604  56.174 0.1000000015
77964  25.264  -23.113  55.011 0.2000000030
77978  7.787  -23.253  55.425 0.1000000015
77989  21.110  -23.075  54.990 0.1000000015
77990  19.189  -23.740  55.230 0.4000000060
77991  18.812  -23.598  54.800 0.4000000060
78004  22.120  -23.408  54.330 0.1000000015
78005  21.735  -23.331  54.335 0.1000000015
78008  10.876  -23.394  54.444 0.4000000060
78031  18.046  -23.584  52.272 0.5000000000
78043  24.908  -23.725  51.252 0.6000000238
78058  16.856  -23.537  50.473 0.5000000000
78067  25.025  -23.386  50.401 0.6999999881
78070  17.157  -23.795  50.196 0.5000000000
78127  15.250  -23.971  46.767 0.5000000000
78166  22.421  -23.209  43.655 0.6999999881
78384  25.775  -23.447  35.781 0.1000000015
78413  23.389  -23.018  34.967 0.1000000015
79460  9.005  -23.083  59.415 0.1000000015
79466  19.005  -22.302  57.422 0.4000000060
79472  8.610  -22.765  58.626 0.1000000015
79475  5.271  -23.167  59.219 0.1000000015
79485  8.437  -22.726  58.165 0.1000000015
79490  20.100  -22.946  56.692 0.2000000030
79491  19.773  -22.844  56.905 0.2000000030
79492  18.652  -22.869  56.875 0.4000000060
79501  25.182  -22.995  55.114 0.2000000030
79513  6.427  -23.296  56.403 0.1000000015
79516  26.496  -22.583  55.284 0.1000000015
79518  25.792  -22.974  54.925 0.1000000015
79519  25.154  -23.128  55.005 0.2000000030
79524  17.354  -22.480  55.643 0.4000000060
79525  10.728  -22.825  55.513 0.4000000060
79527  7.982  -23.079  56.021 0.1000000015
79531  26.563  -22.478  55.068 0.1000000015
79532  26.223  -22.657  54.999 0.1000000015
79537  21.465  -23.202  54.340 0.1000000015
79542  16.820  -22.327  54.871 0.4000000060
79561  26.034  -22.730  53.003 0.4000000060
79578  23.792  -22.242  52.596 0.1000000015
79600  12.073  -22.744  50.990 0.4000000060
79616  16.544  -23.409  50.319 0.5000000000
79703  22.197  -22.991  42.860 0.6999999881
79724  22.569  -22.645  42.590 0.6000000238
79749  21.918  -22.650  41.577 0.5000000000
79751  20.999  -22.976  40.954 0.4000000060
79799  20.561  -23.175  39.733 0.4000000060
79830  20.651  -23.009  38.302 0.3000000119
79831  20.376  -23.433  38.450 0.3000000119
79843  21.333  -22.577  37.022 0.2000000030
79844  21.092  -22.878  37.314 0.3000000119
79867  22.713  -22.517  35.256 0.2000000030
79878  25.984  -22.600  35.216 0.1000000015
80992  8.258  -22.347  59.359 0.1000000015
80999  19.216  -22.301  57.274 0.4000000060
81000  19.156  -22.062  57.719 0.4000000060
81003  17.622  -21.446  58.157 0.4000000060
81005  8.313  -22.510  58.846 0.1000000015
81007  7.158  -22.153  58.962 0.1000000015
81020  8.079  -22.453  58.490 0.1000000015
81040  20.246  -22.792  56.106 0.2000000030
81042  19.542  -22.157  56.434 0.3000000119
81045  16.766  -21.595  56.645 0.4000000060
81053  26.562  -22.481  55.073 0.1000000015
81054  26.050  -22.679  55.058 0.1000000015
81055  25.594  -22.850  54.842 0.2000000030
81056  25.269  -22.869  54.848 0.2000000030
81057  19.931  -22.186  55.663 0.2000000030
81061  15.862  -21.462  55.457 0.3000000119
81069  26.419  -22.351  55.232 0.1000000015
81070  26.323  -22.535  55.116 0.1000000015
81075  19.786  -22.020  55.132 0.1000000015
81076  16.855  -22.302  55.091 0.4000000060
81106  24.063  -22.075  52.669 0.1000000015
81110  15.946  -22.046  53.688 0.3000000119
81112  14.987  -21.775  52.996 0.4000000060
81122  27.184  -21.409  52.091 0.6999999881
81126  23.389  -22.066  51.946 0.1000000015
81145  23.054  -22.077  51.544 0.1000000015
81146  22.438  -22.388  51.461 0.1000000015
81151  15.042  -22.113  52.066 0.4000000060
81204  25.753  -21.778  48.639 0.6999999881
81267  23.867  -22.558  44.928 0.6999999881
81309  23.960  -21.476  42.760 0.6999999881
81439  21.228  -22.469  37.512 0.2000000030
81464  25.186  -22.070  34.467 0.1000000015
81477  24.405  -21.417  34.187 0.1000000015
82530  9.950  -20.451  61.876 0.1000000015
82532  9.189  -20.902  61.951 0.1000000015
82556  10.402  -21.020  59.147 0.1000000015
82563  10.481  -21.453  59.040 0.1000000015
82564  10.390  -21.040  58.818 0.1000000015
82573  10.375  -20.954  58.593 0.1000000015
82577  18.898  -21.649  56.905 0.3000000119
82579  16.889  -21.315  57.340 0.4000000060
82580  16.524  -21.249  57.057 0.4000000060
82581  16.108  -21.095  56.871 0.4000000060
82588  19.505  -21.912  55.963 0.2000000030
82589  19.241  -21.873  56.341 0.3000000119
82593  15.420  -20.931  56.174 0.3000000119
82603  19.408  -21.810  55.656 0.2000000030
82606  15.734  -21.241  55.855 0.3000000119
82608  11.244  -20.828  55.367 0.3000000119
82617  26.699  -21.030  53.325 0.1000000015
82621  18.005  -20.993  54.493 0.1000000015
82647  11.599  -21.239  54.205 0.4000000060
82648  11.196  -21.568  54.223 0.4000000060
82682  24.231  -21.568  52.217 0.1000000015
82686  14.669  -21.632  52.872 0.4000000060
82687  14.310  -21.496  52.807 0.3000000119
82699  26.950  -21.547  51.083 0.6999999881
82700  24.428  -20.921  51.581 0.1000000015
82728  27.276  -20.750  50.096 0.6999999881
82731  22.903  -21.647  50.099 0.1000000015
82745  22.146  -21.731  49.464 0.1000000015
82952  23.499  -20.967  40.550 0.4000000060
83070  22.555  -21.035  36.006 0.2000000030
83107  26.166  -21.649  34.619 0.1000000015
83111  23.178  -21.219  34.896 0.1000000015
83126  24.054  -21.036  34.236 0.1000000015
84182  8.408  -20.173  61.997 0.1000000015
84188  8.543  -20.753  61.894 0.1000000015
84198  15.995  -20.016  59.213 0.4000000060
84204  16.016  -20.027  58.975 0.4000000060
84205  15.644  -19.925  58.886 0.4000000060
84216  10.479  -20.381  58.515 0.2000000030
84217  10.379  -20.741  58.751 0.1000000015
84222  18.587  -20.989  56.878 0.4000000060
84234  18.719  -21.304  56.827 0.3000000119
84237  15.760  -20.849  57.023 0.4000000060
84245  18.401  -20.929  56.052 0.3000000119
84246  17.937  -20.488  56.002 0.2000000030
84251  11.529  -20.162  56.199 0.2000000030
84261  17.329  -20.417  55.040 0.1000000015
84263  13.993  -20.468  55.468 0.3000000119
84267  11.130  -20.628  55.773 0.3000000119
84275  26.637  -20.812  53.392 0.1000000015
84276  26.426  -20.731  53.494 0.1000000015
84280  16.698  -20.354  54.334 0.1000000015
84281  14.271  -20.706  55.070 0.3000000119
84297  17.333  -20.692  54.273 0.1000000015
84303  11.788  -20.971  54.439 0.3000000119
84313  17.306  -20.785  53.845 0.1000000015
84314  16.961  -20.658  53.463 0.1000000015
84327  16.772  -20.654  52.890 0.1000000015
84329  15.801  -20.396  52.465 0.1000000015
84391  23.713  -20.526  48.956 0.1000000015
84410  23.226  -20.721  48.266 0.1000000015
84483  25.343  -20.780  44.876 0.6999999881
84534  24.880  -20.052  42.838 0.6000000238
84621  23.055  -20.564  39.012 0.4000000060
84659  22.860  -20.412  37.887 0.2000000030
84675  23.128  -19.982  37.523 0.2000000030
84692  23.091  -20.051  36.100 0.1000000015
84711  22.933  -20.658  35.555 0.1000000015
84755  23.907  -20.706  34.286 0.1000000015
85867  10.003  -19.558  61.859 0.1000000015
85884  16.217  -19.449  59.317 0.3000000119
85896  15.894  -19.790  59.212 0.4000000060
85899  13.950  -19.008  59.084 0.3000000119
85900  10.605  -19.897  59.571 0.1000000015
85907  15.422  -19.849  58.795 0.4000000060
85910  13.369  -19.023  58.568 0.2000000030
85924  11.425  -19.484  57.731 0.2000000030
85930  18.087  -20.597  57.028 0.3000000119
85937  11.779  -19.618  57.098 0.2000000030
85944  16.197  -19.479  55.973 0.1000000015
85945  14.233  -20.211  56.569 0.3000000119
85953  17.326  -20.320  55.348 0.1000000015
85958  13.079  -20.098  55.900 0.3000000119
85967  27.929  -19.105  53.141 0.4000000060
85972  15.283  -19.507  54.683 0.1000000015
85973  14.748  -19.348  54.508 0.1000000015
85986  26.432  -19.974  53.180 0.1000000015
85990  14.115  -19.378  53.817 0.1000000015
86002  16.012  -20.256  53.181 0.1000000015
86031  28.373  -19.506  51.358 0.6999999881
86032  25.661  -19.412  51.533 0.2000000030
86047  28.116  -19.676  50.800 0.6000000238
86092  24.669  -19.467  48.566 0.1000000015
86153  26.500  -19.901  45.903 0.6999999881
86285  24.699  -19.145  40.493 0.5000000000
86328  24.127  -19.056  38.758 0.3000000119
86367  23.261  -19.718  36.061 0.1000000015
86443  25.470  -19.072  33.454 0.1000000015
86474  39.489  -19.603  31.403 0.1000000015
86523  38.158  -19.471  30.528 0.2000000030
86524  37.712  -19.488  30.409 0.1000000015
87630  11.018  -18.713  61.098 0.1000000015
87640  16.051  -19.231  59.495 0.4000000060
87641  15.686  -19.061  59.550 0.3000000119
87642  15.129  -18.832  59.981 0.3000000119
87647  10.794  -19.339  60.309 0.2000000030
87653  15.790  -18.819  59.461 0.3000000119
87655  13.512  -18.764  59.224 0.3000000119
87657  11.771  -18.688  59.429 0.3000000119
87669  10.855  -19.381  59.393 0.1000000015
87676  12.857  -19.005  58.350 0.2000000030
87700  13.743  -18.453  55.702 0.2000000030
87706  27.701  -18.910  53.145 0.4000000060
87707  27.483  -19.004  53.166 0.4000000060
87708  15.145  -19.368  55.164 0.1000000015
87710  13.614  -18.674  55.093 0.2000000030
87711  12.750  -18.673  54.784 0.2000000030
87714  10.859  -18.926  54.897 0.2000000030
87723  27.861  -18.537  53.077 0.4000000060
87725  14.489  -19.276  54.414 0.1000000015
87735  26.861  -18.879  52.646 0.2000000030
87780  25.752  -18.525  49.438 0.1000000015
87798  24.637  -19.235  47.772 0.1000000015
87811  26.987  -19.332  46.516 0.6999999881
87991  24.100  -18.902  38.401 0.3000000119
88020  35.122  -19.208  35.758 0.1000000015
88048  23.720  -19.146  35.014 0.3000000119
88066  24.534  -18.743  34.047 0.2000000030
88158  41.883  -18.284  30.724 0.1000000015
88162  38.860  -19.313  30.562 0.1000000015
88186  35.385  -18.824  29.658 0.1000000015
88203  35.578  -18.606  29.071 0.3000000119
88217  35.647  -18.361  28.641 0.3000000119
89377  8.461  -18.452  61.902 0.1000000015
89380  11.106  -18.302  61.211 0.1000000015
89381  10.804  -18.538  61.505 0.1000000015
89382  8.873  -18.140  61.820 0.1000000015
89387  14.280  -18.015  60.142 0.3000000119
89388  13.974  -17.908  60.050 0.3000000119
89390  12.534  -18.130  60.184 0.2000000030
89392  11.370  -18.471  60.623 0.2000000030
89402  11.782  -18.376  60.202 0.2000000030
89412  11.252  -18.825  60.055 0.2000000030
89413  10.200  -17.874  59.206 0.1000000015
89417  16.072  -18.715  59.125 0.3000000119
89420  10.111  -18.030  58.745 0.1000000015
89423  16.150  -18.683  58.732 0.3000000119
89424  15.822  -18.450  58.455 0.3000000119
89428  9.520  -18.768  57.883 0.1000000015
89430  15.628  -18.432  57.987 0.3000000119
89431  15.220  -18.262  57.664 0.2000000030
89432  14.608  -17.946  57.514 0.2000000030
89436  11.904  -18.017  56.991 0.2000000030
89441  14.494  -18.166  56.871 0.2000000030
89442  13.872  -17.970  56.727 0.2000000030
89443  13.169  -17.916  56.716 0.2000000030
89444  12.427  -18.027  56.625 0.2000000030
89452  11.620  -18.591  55.593 0.2000000030
89453  11.110  -18.697  55.686 0.2000000030
89457  11.877  -18.688  55.096 0.2000000030
89464  28.108  -17.993  53.007 0.5000000000
89466  27.295  -18.444  52.641 0.2000000030
89478  27.346  -17.783  52.138 0.2000000030
89480  26.680  -18.515  52.013 0.2000000030
89494  26.754  -17.817  50.695 0.2000000030
89523  27.971  -18.372  47.509 0.6999999881
89550  27.855  -17.618  45.218 0.6999999881
89615  26.178  -17.673  40.434 0.4000000060
89617  25.337  -18.465  40.089 0.5000000000
89672  25.102  -17.851  38.018 0.3000000119
89717  24.337  -18.261  34.765 0.2000000030
89731  25.364  -17.919  33.849 0.2000000030
89732  24.988  -18.074  34.102 0.2000000030
89758  25.511  -18.091  33.567 0.1000000015
89759  25.176  -18.330  33.693 0.2000000030
89787  27.582  -18.024  32.681 0.2000000030
89829  42.157  -17.805  30.392 0.1000000015
89842  41.780  -17.657  30.018 0.1000000015
89844  40.406  -18.168  29.828 0.1000000015
89845  39.931  -18.308  29.693 0.1000000015
89851  41.105  -17.392  29.398 0.1000000015
89852  40.637  -17.639  29.354 0.1000000015
89854  38.921  -18.138  29.020 0.2000000030
89868  39.108  -17.773  28.645 0.2000000030
89872  35.678  -17.995  28.254 0.3000000119
89873  35.229  -18.008  28.561 0.3000000119
89886  37.464  -17.676  27.874 0.2000000030
89887  36.682  -17.816  27.852 0.2000000030
89888  36.173  -17.893  27.944 0.3000000119
90861  11.659  -17.755  61.371 0.1000000015
90862  11.110  -18.043  61.503 0.1000000015
90863  10.576  -18.116  62.034 0.1000000015
90864  10.081  -17.935  62.094 0.1000000015
90866  9.413  -17.997  61.979 0.1000000015
90867  12.960  -16.936  60.656 0.2000000030
90868  12.563  -17.308  60.668 0.2000000030
90870  11.511  -18.256  61.088 0.2000000030
90871  9.209  -18.082  61.924 0.1000000015
90872  9.135  -17.898  61.560 0.1000000015
90873  8.977  -17.835  61.080 0.1000000015
90878  12.119  -18.138  60.526 0.2000000030
90879  9.783  -17.455  60.736 0.1000000015
90880  9.323  -17.756  60.882 0.1000000015
90881  9.065  -17.699  60.908 0.1000000015
90882  14.686  -17.911  59.704 0.3000000119
90884  10.117  -17.510  59.854 0.1000000015
90885  9.747  -17.676  60.267 0.1000000015
90887  15.013  -17.807  59.053 0.3000000119
90888  14.404  -17.427  58.864 0.2000000030
90890  9.795  -17.823  59.817 0.1000000015
90892  14.366  -17.548  58.615 0.3000000119
90893  13.993  -17.473  58.408 0.2000000030
90894  13.597  -17.389  58.356 0.2000000030
90895  12.508  -17.333  58.529 0.2000000030
90896  12.144  -17.352  58.574 0.2000000030
90897  11.497  -17.424  58.696 0.2000000030
90899  14.765  -17.778  58.357 0.3000000119
90901  13.835  -17.548  58.019 0.2000000030
90907  14.118  -17.700  57.672 0.2000000030
90908  13.649  -17.634  57.572 0.2000000030
90909  13.028  -17.753  57.440 0.2000000030
90910  12.283  -17.851  57.414 0.2000000030
90911  11.539  -17.910  57.563 0.2000000030
90913  10.444  -18.213  57.806 0.1000000015
90915  12.449  -17.941  57.014 0.2000000030
90923  29.212  -17.433  52.564 0.5000000000
90924  29.013  -17.426  52.680 0.5000000000
90940  28.048  -17.084  52.245 0.3000000119
90942  27.303  -17.693  51.955 0.2000000030
90949  27.546  -17.143  51.393 0.3000000119
90966  26.695  -17.705  50.087 0.2000000030
91110  26.495  -16.907  38.361 0.4000000060
91125  26.483  -16.849  37.904 0.3000000119
91148  25.893  -17.065  36.319 0.3000000119
91183  25.626  -17.622  33.942 0.2000000030
91200  27.773  -16.927  32.928 0.3000000119
91261  31.268  -16.829  31.821 0.1000000015
91262  30.895  -16.715  31.767 0.1000000015
91263  30.646  -16.510  31.764 0.1000000015
91282  44.380  -17.052  31.077 0.1000000015
91283  43.814  -17.232  30.822 0.1000000015
91284  43.116  -17.346  30.529 0.1000000015
91302  42.909  -17.044  30.103 0.1000000015
91303  42.226  -17.192  29.884 0.1000000015
91326  41.662  -17.106  29.456 0.1000000015
91348  40.716  -16.769  28.689 0.1000000015
91349  40.140  -17.077  28.541 0.1000000015
91350  39.307  -17.336  28.342 0.1000000015
91352  35.486  -17.577  27.946 0.3000000119
91371  37.780  -17.117  27.457 0.2000000030
91385  37.663  -16.815  27.118 0.2000000030
91387  36.603  -16.948  27.138 0.2000000030
92448  11.677  -17.261  61.122 0.1000000015
92450  10.960  -17.706  61.974 0.1000000015
92451  10.475  -17.449  61.817 0.1000000015
92453  9.819  -17.932  62.111 0.1000000015
92454  13.063  -16.930  60.463 0.2000000030
92456  12.015  -17.014  61.035 0.2000000030
92458  10.166  -17.333  61.634 0.1000000015
92459  9.558  -17.666  61.704 0.1000000015
92460  9.301  -17.736  61.566 0.1000000015
92461  13.845  -17.341  59.730 0.2000000030
92465  10.773  -17.064  60.652 0.1000000015
92466  10.378  -17.196  60.853 0.1000000015
92467  9.955  -17.133  60.994 0.1000000015
92469  9.350  -17.694  61.305 0.1000000015
92471  13.408  -17.102  59.577 0.2000000030
92472  12.740  -16.784  59.909 0.2000000030
92473  12.047  -16.753  59.959 0.2000000030
92474  11.346  -16.887  59.893 0.1000000015
92475  11.124  -17.035  60.052 0.1000000015
92479  13.560  -17.158  59.073 0.2000000030
92483  11.077  -17.052  59.781 0.1000000015
92484  10.558  -17.240  59.909 0.1000000015
92485  14.035  -17.403  58.668 0.2000000030
92486  13.733  -17.310  58.681 0.2000000030
92492  12.938  -17.396  58.344 0.2000000030
92493  12.747  -17.315  58.502 0.2000000030
92502  30.059  -15.978  52.482 0.5000000000
92503  29.788  -16.107  52.524 0.4000000060
92504  29.659  -16.181  52.579 0.4000000060
92512  29.387  -16.434  52.550 0.4000000060
92520  28.334  -16.697  52.113 0.2000000030
92521  27.983  -16.988  52.058 0.3000000119
92568  26.536  -16.867  47.377 0.1000000015
92585  28.892  -16.788  45.992 0.6999999881
92603  29.859  -15.854  44.389 0.6999999881
92632  28.059  -16.624  42.313 0.6000000238
92719  28.576  -16.003  38.501 0.3000000119
92745  26.819  -16.509  36.168 0.3000000119
92768  26.631  -16.682  34.514 0.2000000030
92769  26.233  -16.898  34.701 0.2000000030
92802  33.486  -16.505  33.198 0.1000000015
92827  37.763  -16.075  32.449 0.5000000000
92857  34.957  -16.827  31.044 0.4000000060
92859  31.317  -16.482  31.756 0.1000000015
92893  44.592  -16.097  30.700 0.1000000015
92894  44.127  -16.461  30.475 0.1000000015
92897  34.261  -16.235  29.896 0.4000000060
92898  34.074  -16.101  29.453 0.5000000000
92918  42.412  -16.498  29.480 0.1000000015
92921  34.047  -16.240  29.075 0.5000000000
92940  40.792  -16.260  28.444 0.1000000015
92941  40.235  -16.556  28.281 0.1000000015
92959  40.525  -15.838  28.138 0.1000000015
92965  35.009  -16.754  27.539 0.3000000119
92980  38.561  -16.019  27.110 0.1000000015
92981  37.794  -16.358  26.953 0.2000000030
92982  36.918  -16.376  26.823 0.2000000030
92984  35.184  -16.094  27.026 0.4000000060
93951  11.297  -16.817  61.214 0.1000000015
93952  10.876  -16.948  61.444 0.1000000015
93954  12.247  -16.844  60.681 0.2000000030
93955  11.923  -16.946  60.859 0.1000000015
93956  11.322  -16.736  60.997 0.1000000015
93958  10.764  -17.191  61.387 0.1000000015
93959  12.414  -16.794  60.498 0.2000000030
93960  12.056  -16.775  60.573 0.2000000030
93961  11.580  -16.849  60.633 0.1000000015
93962  11.124  -16.942  60.835 0.1000000015
93963  10.871  -16.844  60.959 0.1000000015
93964  12.559  -16.756  60.283 0.2000000030
93965  12.285  -16.739  60.280 0.2000000030
93979  30.011  -15.748  52.469 0.4000000060
93980  29.686  -15.940  52.526 0.4000000060
93981  29.429  -16.135  52.496 0.3000000119
93989  30.286  -15.615  52.421 0.4000000060
93990  29.517  -15.803  52.413 0.4000000060
93992  28.766  -16.396  52.211 0.3000000119
94000  31.294  -15.377  51.917 0.5000000000
94002  29.029  -15.854  51.839 0.3000000119
94015  28.689  -16.013  51.439 0.3000000119
94026  29.080  -15.360  51.026 0.4000000060
94027  28.627  -15.787  50.735 0.2000000030
94028  28.111  -16.268  50.446 0.3000000119
94070  28.486  -15.277  49.038 0.2000000030
94164  29.718  -15.847  42.979 0.6000000238
94198  31.990  -15.170  41.888 0.6999999881
94286  30.312  -15.321  35.717 0.5000000000
94330  39.785  -15.143  33.216 0.6000000238
94377  45.609  -15.745  31.610 0.1000000015
94392  45.255  -15.733  31.201 0.1000000015
94414  44.493  -15.727  30.434 0.1000000015
94418  34.163  -15.688  29.572 0.5000000000
94435  42.924  -15.712  29.314 0.1000000015
94436  42.257  -15.709  28.962 0.1000000015
94453  41.941  -15.412  28.636 0.1000000015
94454  41.414  -15.546  28.460 0.1000000015
94455  40.869  -15.474  28.196 0.1000000015
94472  39.821  -15.510  27.617 0.1000000015
94474  34.619  -15.959  27.385 0.4000000060
95482  29.893  -15.623  52.442 0.4000000060
95495  29.538  -15.562  52.290 0.4000000060
95510  29.298  -15.469  51.840 0.3000000119
95535  29.747  -14.610  51.010 0.2000000030
95536  29.309  -14.938  50.699 0.2000000030
95551  28.977  -15.052  49.947 0.2000000030
95561  34.904  -14.318  49.046 0.5000000000
95682  31.997  -15.066  43.007 0.8000000119
95757  31.906  -14.577  37.346 0.5000000000
95767  40.611  -14.672  35.813 0.6999999881
95808  40.118  -14.740  33.668 0.6000000238
95810  38.914  -15.607  34.427 0.5000000000
95828  39.919  -14.998  33.358 0.6000000238
95830  39.184  -14.271  32.815 0.6000000238
95848  46.673  -15.289  32.783 0.1000000015
95850  39.367  -14.992  32.825 0.6000000238
95867  45.889  -15.165  31.825 0.1000000015
95870  37.196  -14.734  31.559 0.5000000000
95886  45.231  -15.160  30.949 0.1000000015
95906  44.448  -15.133  30.141 0.1000000015
95909  35.090  -14.473  30.202 0.5000000000
95925  42.379  -14.991  28.728 0.1000000015
95941  41.348  -14.904  28.203 0.1000000015
95955  39.699  -14.844  27.363 0.1000000015
95976  35.378  -14.780  26.448 0.4000000060
97027  30.229  -14.559  51.757 0.3000000119
97053  30.376  -13.974  50.878 0.3000000119
97054  29.950  -14.239  50.685 0.2000000030
97070  29.955  -14.059  50.167 0.2000000030
97071  29.603  -14.320  50.027 0.2000000030
97082  36.398  -13.522  49.253 0.4000000060
97087  29.458  -14.265  49.380 0.2000000030
97119  29.203  -14.109  47.940 0.2000000030
97120  28.787  -14.280  47.558 0.1000000015
97305  32.847  -13.794  36.553 0.4000000060
97317  41.474  -13.424  35.749 0.8000000119
97335  40.962  -13.895  34.887 0.6999999881
97337  39.708  -14.869  35.188 0.6999999881
97355  40.321  -14.064  34.010 0.6999999881
97356  39.956  -13.992  33.582 0.6000000238
97369  39.236  -13.887  32.971 0.6000000238
97386  46.580  -14.530  32.610 0.1000000015
97404  45.495  -14.610  31.161 0.1000000015
97405  37.832  -13.984  31.928 0.5000000000
97422  44.717  -14.515  30.455 0.1000000015
97425  35.844  -14.086  30.692 0.5000000000
97436  44.322  -14.461  30.062 0.1000000015
97441  34.460  -14.602  29.700 0.5000000000
97447  42.804  -14.382  28.936 0.1000000015
97449  34.384  -13.784  29.429 0.5000000000
97460  41.238  -14.229  28.006 0.1000000015
97474  39.690  -14.182  27.205 0.1000000015
97475  33.933  -13.900  27.734 0.5000000000
97488  38.528  -14.190  26.607 0.1000000015
97493  34.072  -13.535  27.189 0.5000000000
97510  35.870  -13.532  25.987 0.4000000060
97511  35.030  -13.573  26.235 0.4000000060
98501  30.484  -13.803  50.544 0.3000000119
98515  37.057  -12.931  49.320 0.3000000119
98594  38.991  -12.814  46.429 0.6000000238
98598  32.491  -12.932  46.440 0.1000000015
98610  39.427  -12.609  45.800 0.8000000119
98615  32.562  -12.839  45.902 0.1000000015
98624  39.089  -12.603  45.428 0.8000000119
98711  42.944  -12.772  40.710 0.8000000119
98754  34.977  -13.165  39.247 0.8000000119
98778  40.775  -13.358  37.369 0.6999999881
98801  42.393  -12.877  37.507 0.8000000119
98803  41.015  -13.645  37.242 0.6999999881
98825  40.413  -13.757  36.430 0.6999999881
98826  40.031  -13.714  36.072 0.6999999881
98848  41.526  -13.039  35.915 0.8000000119
98896  40.325  -13.368  34.171 0.8000000119
98920  39.675  -13.396  33.456 0.6000000238
98934  49.193  -12.985  31.987 0.1000000015
98936  48.128  -12.981  32.009 0.1000000015
98940  38.443  -13.302  32.477 0.5000000000
98956  48.056  -13.127  31.504 0.1000000015
98960  45.460  -14.228  30.910 0.1000000015
98976  49.813  -12.758  31.100 0.1000000015
98985  36.529  -13.257  31.032 0.5000000000
99002  44.659  -13.188  30.508 0.1000000015
99022  44.864  -12.947  28.773 0.1000000015
99025  42.303  -13.789  28.428 0.1000000015
99026  34.635  -13.331  29.578 0.5000000000
99059  40.890  -13.284  27.451 0.1000000015
99062  33.955  -13.208  27.695 0.5000000000
99073  43.899  -12.894  27.166 0.1000000015
99074  43.653  -12.895  27.157 0.1000000015
99079  37.799  -13.629  26.118 0.1000000015
99080  34.333  -13.120  26.770 0.5000000000
100124  31.936  -13.189  50.588 0.3000000119
100139  35.116  -12.512  50.494 0.3000000119
100160  33.939  -12.148  49.551 0.3000000119
100174  34.126  -12.018  49.004 0.3000000119
100203  41.079  -11.854  46.698 0.3000000119
100215  41.755  -11.777  46.063 0.5000000000
100221  32.763  -12.567  45.508 0.1000000015
100231  42.323  -11.671  45.420 0.6999999881
100238  33.000  -12.275  45.003 0.1000000015
100355  41.381  -12.271  40.027 0.6999999881
100472  34.409  -13.067  36.538 0.6000000238
100491  39.586  -13.504  35.740 0.6999999881
100514  47.793  -13.263  34.754 0.1000000015
100536  48.960  -12.305  33.974 0.1000000015
100539  40.222  -12.662  34.342 0.6999999881
100559  50.188  -12.383  33.226 0.1000000015
100564  39.700  -12.967  33.656 0.6000000238
100578  48.086  -12.818  32.497 0.1000000015
100579  47.371  -12.848  32.338 0.1000000015
100580  46.874  -13.090  31.969 0.1000000015
100581  38.961  -12.673  33.047 0.6000000238
100582  38.459  -12.599  32.642 0.5000000000
100583  38.026  -12.291  32.303 0.5000000000
100600  47.402  -13.022  31.771 0.1000000015
100622  45.064  -12.994  30.547 0.1000000015
100623  37.091  -12.567  31.517 0.5000000000
100624  36.618  -12.606  31.146 0.5000000000
100637  44.144  -12.951  29.638 0.1000000015
100638  43.794  -13.058  29.242 0.1000000015
100653  44.283  -12.893  28.954 0.1000000015
100656  34.168  -12.903  28.710 0.5000000000
100668  44.069  -12.954  28.624 0.1000000015
100669  43.829  -12.987  28.568 0.1000000015
100685  44.932  -12.801  27.234 0.1000000015
100686  43.408  -12.891  27.144 0.1000000015
100690  34.020  -12.632  27.485 0.5000000000
100700  47.148  -12.162  27.073 0.1000000015
100702  45.958  -12.411  26.808 0.1000000015
100711  34.407  -12.504  26.582 0.5000000000
100712  34.148  -12.616  26.995 0.5000000000
100721  46.307  -12.121  26.390 0.1000000015
100733  37.117  -12.631  25.444 0.4000000060
100751  39.760  -12.381  25.274 0.2000000030
100756  36.183  -11.790  25.274 0.5000000000
100757  35.797  -11.628  25.395 0.5000000000
100764  42.197  -12.141  24.517 0.1000000015
100766  40.925  -12.142  24.481 0.1000000015
101839  38.495  -11.797  48.785 0.3000000119
101857  39.387  -11.968  47.957 0.5000000000
101859  38.470  -12.131  48.686 0.3000000119
101875  41.038  -11.291  47.041 0.3000000119
101881  34.096  -12.021  46.986 0.1000000015
101894  40.948  -11.747  46.884 0.3000000119
101909  42.320  -11.058  45.674 0.4000000060
101928  34.623  -11.349  45.133 0.1000000015
101950  43.426  -11.642  44.225 0.6000000238
101976  44.294  -10.905  41.466 0.8000000119
101992  40.587  -11.911  40.554 0.6999999881
102062  41.767  -11.391  36.618 0.8999999762
102079  50.618  -11.470  35.366 0.1000000015
102081  49.001  -11.848  36.042 0.1000000015
102082  48.577  -12.258  35.722 0.1000000015
102118  50.950  -11.796  33.853 0.1000000015
102119  50.409  -11.928  34.191 0.1000000015
102120  40.207  -12.154  34.506 0.6999999881
102122  39.161  -11.457  33.614 0.6999999881
102138  39.572  -12.457  33.667 0.6000000238
102174  37.217  -11.849  31.619 0.5000000000
102193  35.892  -12.035  30.448 0.5000000000
102237  34.239  -11.783  28.264 0.5000000000
102250  47.964  -11.995  27.413 0.1000000015
102251  34.179  -11.609  27.455 0.5000000000
102262  47.134  -11.902  26.711 0.1000000015
102264  34.223  -12.258  26.830 0.5000000000
102273  47.366  -11.599  26.501 0.1000000015
102275  46.242  -11.856  25.938 0.1000000015
102277  35.514  -11.433  25.534 0.5000000000
102288  46.614  -11.490  25.687 0.1000000015
102293  38.360  -11.943  24.652 0.2000000030
102296  36.570  -11.365  24.919 0.5000000000
102302  45.804  -11.374  24.972 0.1000000015
102320  42.551  -11.466  23.540 0.1000000015
102332  41.018  -11.011  22.998 0.1000000015
103307  35.960  -11.318  48.922 0.2000000030
103317  38.517  -11.067  48.894 0.3000000119
103329  37.944  -10.313  47.519 0.2000000030
103339  41.748  -10.935  46.317 0.3000000119
103350  42.509  -10.804  45.409 0.3000000119
103364  38.333  -10.601  45.630 0.1000000015
103375  43.737  -10.404  44.222 0.4000000060
103379  37.189  -11.073  44.877 0.1000000015
103389  43.985  -10.950  43.866 0.5000000000
103403  36.891  -10.749  43.405 0.1000000015
103427  37.303  -10.476  42.236 0.1000000015
103495  41.501  -10.715  36.471 0.8999999762
103544  39.518  -10.827  34.142 0.8000000119
103572  37.748  -11.099  32.333 0.5000000000
103587  36.781  -11.175  31.173 0.5000000000
103622  35.344  -11.108  29.707 0.5000000000
103666  34.474  -11.013  27.093 0.5000000000
103674  49.489  -10.391  26.891 0.1000000015
103676  48.231  -11.224  26.777 0.1000000015
103686  48.826  -10.312  26.174 0.1000000015
103691  35.004  -10.965  26.039 0.5000000000
103705  36.906  -10.955  24.628 0.3000000119
103717  37.763  -10.552  24.157 0.3000000119
103719  36.799  -10.595  24.657 0.3000000119
103725  45.634  -10.618  23.860 0.1000000015
103731  40.787  -10.969  23.001 0.1000000015
103735  38.065  -10.166  23.937 0.2000000030
103741  44.699  -10.464  23.129 0.1000000015
103742  44.135  -10.566  22.990 0.1000000015
103747  40.173  -10.199  22.835 0.1000000015
104665  37.989  -10.727  48.947 0.3000000119
104676  37.887  -10.516  48.615 0.2000000030
104703  39.280  -9.762  45.884 0.1000000015
104705  38.354  -10.375  46.256 0.1000000015
104753  44.197  -10.273  40.848 0.8000000119
104763  44.285  -9.480  40.696 0.8000000119
104765  38.406  -9.654  40.279 0.1000000015
104834  40.149  -9.824  35.167 0.8000000119
104876  37.836  -10.417  32.527 0.5000000000
104893  36.574  -10.477  31.102 0.5000000000
104909  36.331  -10.539  30.738 0.5000000000
104927  36.077  -10.376  30.362 0.5000000000
104944  51.305  -10.242  29.115 0.1000000015
104945  50.924  -10.473  28.818 0.1000000015
104947  35.013  -10.463  28.837 0.5000000000
104980  50.987  -10.052  28.191 0.1000000015
104992  50.396  -10.061  27.274 0.1000000015
104993  49.882  -10.203  26.983 0.1000000015
104995  35.061  -9.886  27.113 0.6000000238
105006  49.220  -10.051  26.119 0.1000000015
105009  35.001  -10.630  26.201 0.6000000238
105021  48.492  -10.046  25.429 0.1000000015
105024  36.866  -9.620  24.723 0.4000000060
105031  48.234  -9.913  24.951 0.1000000015
105033  47.089  -10.273  24.583 0.1000000015
105037  36.803  -10.278  24.663 0.4000000060
105044  47.456  -9.827  24.232 0.1000000015
105046  46.190  -10.175  23.754 0.1000000015
105048  39.420  -9.744  23.069 0.1000000015
105050  38.216  -9.683  23.813 0.3000000119
106043  39.172  -9.758  47.410 0.2000000030
106068  42.292  -8.953  45.310 0.2000000030
106080  44.457  -9.202  43.350 0.5000000000
106089  39.875  -9.078  42.351 0.1000000015
106097  39.235  -9.555  41.557 0.1000000015
106112  38.380  -9.539  40.048 0.1000000015
106118  39.154  -8.618  39.511 0.1000000015
106120  38.402  -9.373  39.557 0.1000000015
106164  40.932  -9.348  36.202 0.8999999762
106165  40.570  -9.068  35.805 0.8000000119
106188  39.083  -9.459  33.907 0.6999999881
106216  37.546  -9.907  32.242 0.6999999881
106230  37.581  -9.361  32.125 0.6000000238
106248  36.445  -9.870  30.757 0.5000000000
106264  36.104  -9.718  30.062 0.6000000238
106265  35.728  -9.804  29.541 0.5000000000
106284  35.602  -9.601  28.967 0.6000000238
106301  36.034  -9.088  28.668 0.6000000238
106341  36.067  -8.972  26.601 0.6000000238
106342  35.555  -9.407  26.860 0.6000000238
106356  49.233  -9.814  25.688 0.1000000015
106374  36.936  -9.257  24.933 0.3000000119
106376  36.016  -9.456  25.689 0.6000000238
106386  37.297  -9.269  24.552 0.4000000060
106412  39.743  -8.890  22.769 0.1000000015
106420  45.186  -9.282  22.206 0.1000000015
106423  42.572  -9.165  21.671 0.1000000015
106426  40.726  -8.720  22.138 0.1000000015
106434  44.125  -8.671  21.345 0.1000000015
106437  42.383  -8.771  21.460 0.1000000015
107409  41.442  -8.814  46.261 0.3000000119
107441  44.033  -8.458  43.787 0.5000000000
107462  44.881  -8.242  43.012 0.5000000000
107463  44.745  -8.765  43.071 0.5000000000
107465  40.249  -8.568  42.265 0.1000000015
107475  45.126  -8.156  42.499 0.6000000238
107476  45.083  -8.413  42.142 0.6000000238
107490  40.366  -8.114  41.228 0.1000000015
107532  39.187  -8.101  38.825 0.1000000015
107586  40.669  -8.338  35.923 0.8000000119
107671  37.023  -9.259  31.294 0.6000000238
107747  37.491  -8.160  27.864 0.6999999881
107766  52.842  -8.709  26.861 0.1000000015
107767  37.862  -7.919  27.473 0.6000000238
107785  52.100  -8.724  25.948 0.1000000015
107799  52.903  -8.351  26.017 0.1000000015
107814  50.312  -8.649  24.538 0.1000000015
107816  38.483  -8.017  24.326 0.3000000119
107823  50.619  -8.326  24.220 0.1000000015
107826  48.883  -8.602  23.623 0.1000000015
107830  38.183  -8.746  23.996 0.3000000119
107835  49.153  -8.296  23.398 0.1000000015
107838  47.274  -8.680  22.737 0.1000000015
107850  41.873  -8.449  21.538 0.1000000015
107858  45.880  -8.330  21.651 0.1000000015
108915  40.802  -8.270  45.466 0.1000000015
108970  44.764  -7.844  43.211 0.4000000060
108971  44.469  -7.527  43.509 0.4000000060
108990  41.251  -7.373  43.097 0.1000000015
109027  40.788  -7.568  41.463 0.1000000015
109040  44.449  -7.629  40.718 0.6999999881
109074  43.339  -7.533  39.389 0.8999999762
109127  41.191  -7.733  36.483 0.8000000119
109146  41.031  -7.396  35.984 0.8000000119
109185  38.749  -8.074  32.994 0.8000000119
109196  38.187  -8.358  32.362 0.6999999881
109215  39.699  -7.403  30.069 0.6999999881
109216  39.135  -7.486  30.330 0.6999999881
109244  38.127  -7.858  29.408 0.6999999881
109261  38.898  -7.687  28.416 0.6999999881
109276  40.211  -7.245  27.260 0.6999999881
109313  39.482  -7.183  25.785 0.6999999881
109330  53.051  -8.079  25.519 0.1000000015
109355  39.833  -7.509  23.122 0.2000000030
109365  47.971  -8.076  22.464 0.1000000015
109370  48.852  -7.626  22.477 0.1000000015
109375  41.178  -7.604  21.836 0.1000000015
109383  45.150  -7.947  21.072 0.1000000015
109388  41.498  -7.158  21.589 0.1000000015
109393  45.521  -7.595  20.880 0.1000000015
110578  41.508  -7.215  44.507 0.1000000015
110607  44.471  -6.701  43.510 0.4000000060
110635  41.752  -6.416  42.436 0.1000000015
110660  41.134  -6.616  40.709 0.1000000015
110673  40.690  -6.684  39.747 0.1000000015
110683  42.788  -7.043  38.702 0.8999999762
110684  40.449  -6.563  39.238 0.1000000015
110764  43.001  -6.593  32.100 0.6999999881
110846  42.852  -6.375  27.514 0.6999999881
110864  40.164  -7.107  26.650 0.6999999881
110909  39.764  -6.832  24.640 0.5000000000
110955  40.765  -6.969  22.373 0.1000000015
112089  42.326  -6.476  44.545 0.1000000015
112090  42.066  -6.528  44.359 0.1000000015
112123  44.782  -6.152  43.091 0.4000000060
112151  41.474  -6.474  41.573 0.1000000015
112172  41.607  -5.446  40.499 0.1000000015
112237  46.828  -5.662  34.498 1.0000000000
112252  47.252  -5.706  34.096 1.0000000000
112254  46.388  -5.892  34.037 1.0000000000
112267  47.230  -5.751  33.875 1.0000000000
112282  46.609  -5.977  33.011 1.0000000000
112297  44.699  -6.531  31.906 0.8999999762
112314  45.250  -6.296  30.428 1.0000000000
112327  44.221  -6.376  28.873 0.8000000119
112349  44.397  -5.864  28.078 0.8000000119
112351  43.300  -6.172  27.499 0.6999999881
112358  43.664  -5.786  27.227 0.8000000119
112361  42.062  -6.167  26.371 0.6999999881
112386  40.924  -6.109  24.859 0.6000000238
112391  41.699  -5.494  24.783 0.6000000238
112407  41.189  -6.354  22.350 0.1000000015
112439  42.665  -5.686  20.809 0.1000000015
113633  42.499  -5.568  43.529 0.1000000015
113643  44.874  -5.379  42.845 0.3000000119
113659  42.549  -4.846  42.717 0.2000000030
113691  41.522  -5.333  40.269 0.1000000015
113705  43.891  -5.453  39.678 0.8999999762
113780  48.004  -5.179  35.285 1.0000000000
113783  45.951  -5.129  35.397 1.0000000000
113784  45.265  -5.087  35.424 0.8999999762
113785  44.578  -5.085  35.497 0.8999999762
113786  43.930  -5.154  35.604 0.8999999762
113819  47.249  -5.590  34.492 1.0000000000
113831  47.004  -5.852  33.155 1.0000000000
113902  46.482  -5.126  29.147 0.8999999762
113904  45.319  -5.575  28.501 0.8999999762
113920  45.215  -5.209  27.836 0.8999999762
113935  43.790  -5.405  26.784 0.8000000119
113948  44.157  -5.002  26.508 0.8000000119
113972  42.642  -4.880  24.636 0.5000000000
113983  42.268  -4.948  21.781 0.1000000015
113987  42.138  -5.486  21.546 0.2000000030
113993  44.109  -5.332  19.872 0.1000000015
114973  42.983  -4.910  43.905 0.1000000015
114978  43.181  -4.248  43.715 0.3000000119
114979  42.924  -4.488  43.558 0.3000000119
114984  44.681  -4.382  42.948 0.3000000119
115070  49.196  -4.538  35.575 0.8000000119
115096  48.701  -4.980  33.780 1.0000000000
115157  47.284  -4.852  29.778 1.0000000000
115204  47.206  -4.479  28.908 0.8999999762
115224  45.842  -4.702  27.714 0.8999999762
115241  45.557  -4.520  27.202 0.8000000119
115243  44.554  -4.786  26.557 0.6999999881
115261  43.808  -4.691  25.747 0.6000000238
115278  43.610  -4.547  25.205 0.6000000238
115300  42.482  -4.516  22.860 0.2000000030
115304  42.211  -4.860  22.113 0.2000000030
115309  43.069  -4.056  20.637 0.1000000015
116330  43.876  -4.172  43.704 0.3000000119
116331  43.702  -4.374  43.775 0.4000000060
116343  44.100  -3.778  43.451 0.4000000060
116345  42.949  -4.121  43.566 0.3000000119
116367  44.709  -3.318  42.457 0.3000000119
116369  42.493  -3.705  41.885 0.1000000015
116412  49.059  -3.114  36.980 0.6000000238
116441  50.843  -3.170  35.485 0.6999999881
116460  51.329  -3.121  34.639 0.6999999881
116462  50.333  -3.840  34.016 0.8000000119
116504  50.512  -3.242  32.361 0.8999999762
116685  43.794  -4.270  24.825 0.6000000238
116725  43.371  -3.239  20.940 0.1000000015
117882  42.598  -2.563  41.390 0.2000000030
117888  44.716  -3.460  40.056 0.5000000000
117911  47.312  -2.400  37.953 0.5000000000
117912  46.634  -2.504  38.054 0.8000000119
117913  46.047  -2.664  38.119 0.8000000119
117914  45.441  -2.936  38.149 1.0000000000
117923  49.044  -2.702  37.097 0.6000000238
117924  48.379  -2.764  37.402 0.6000000238
117937  49.970  -2.790  36.358 0.5000000000
117959  51.446  -2.750  34.857 0.6999999881
117960  51.179  -2.826  35.203 0.6999999881
118036  50.339  -3.196  31.375 0.8999999762
118053  51.754  -2.349  31.007 0.8999999762
118075  49.561  -3.085  29.410 0.8999999762
118092  49.999  -2.764  29.206 0.6999999881
118130  48.511  -2.897  27.641 0.6999999881
118147  48.396  -2.611  26.988 0.6999999881
118149  47.260  -3.069  26.460 0.6999999881
118185  46.578  -2.850  25.464 0.6999999881
118186  46.096  -2.984  25.214 0.5000000000
118187  45.632  -3.128  24.937 0.5000000000
118200  44.878  -3.114  24.196 0.5000000000
118214  44.589  -2.963  23.718 0.5000000000
118223  44.323  -2.775  23.146 0.5000000000
118237  43.759  -2.668  20.523 0.2000000030
118245  43.829  -3.111  19.985 0.1000000015
119294  43.487  -2.664  42.684 0.4000000060
119348  42.227  -2.152  40.664 0.1000000015
119375  48.052  -1.942  37.932 0.4000000060
119408  51.223  -2.243  35.264 0.6999999881
119409  50.993  -2.130  35.419 0.6000000238
119475  53.331  -1.714  32.673 0.6000000238
119511  51.188  -2.212  29.573 0.8000000119
119542  49.876  -2.359  28.218 0.8000000119
119606  46.119  -2.714  24.810 0.5000000000
119618  45.373  -2.689  24.092 0.5000000000
119629  46.471  -1.557  23.704 0.5000000000
119632  44.661  -2.613  23.354 0.5000000000
119643  45.699  -1.530  22.968 0.5000000000
119651  44.947  -1.663  22.153 0.4000000060
119656  43.886  -2.254  21.202 0.4000000060
119670  44.797  -1.651  19.373 0.1000000015
119671  44.419  -2.102  19.609 0.1000000015
120742  44.811  -1.466  41.740 0.3000000119
120743  44.172  -1.329  42.033 0.3000000119
120788  45.967  -1.042  39.976 0.4000000060
120809  46.591  -0.935  39.354 0.4000000060
120832  47.201  -0.987  38.812 0.5000000000
120834  46.312  -1.419  39.198 0.4000000060
120835  41.392  -0.897  38.974 0.1000000015
120863  49.047  -1.483  37.187 0.3000000119
120867  42.873  -0.883  36.890 0.1000000015
120869  41.616  -0.611  36.850 0.1000000015
120878  49.360  -1.522  36.737 0.4000000060
120917  50.415  -1.099  35.456 0.3000000119
120944  53.364  -1.224  32.877 0.6000000238
120956  53.839  -0.904  31.950 0.3000000119
121003  52.064  -1.619  29.055 0.6999999881
121032  53.044  -0.784  27.967 0.6999999881
121081  49.470  -1.041  25.574 0.6999999881
121084  47.917  -1.488  24.936 0.6000000238
121093  48.615  -1.034  24.939 0.6999999881
121104  47.903  -1.006  24.202 0.5000000000
121106  46.858  -1.279  23.658 0.5000000000
121120  45.625  -1.393  22.639 0.4000000060
121128  45.849  -1.113  22.377 0.4000000060
121130  44.885  -1.487  21.798 0.4000000060
121152  45.824  -0.912  18.593 0.1000000015
121186  58.552  -0.376  12.896 0.1000000015
121194  58.955  -0.419  12.462 0.1000000015
121195  58.709  -0.464  12.619 0.1000000015
122226  44.446  -0.830  41.619 0.4000000060
122261  45.766  -0.680  40.433 0.5000000000
122275  46.282  -0.641  39.789 0.4000000060
122322  47.679  -0.795  38.490 0.4000000060
122323  45.908  0.067  37.720 0.2000000030
122328  41.948  -0.264  38.016 0.1000000015
122329  41.059  -0.613  38.150 0.1000000015
122345  46.599  0.016  37.135 0.2000000030
122359  49.563  -1.124  36.377 0.3000000119
122384  50.384  -0.755  35.074 0.3000000119
122393  50.363  -0.699  34.780 0.1000000015
122400  53.432  -0.853  32.773 0.6000000238
122404  49.956  -0.774  33.917 0.1000000015
122409  53.559  -0.682  32.392 0.6000000238
122420  53.745  -0.452  31.744 0.3000000119
122433  52.208  -0.159  31.363 0.3000000119
122447  51.468  -0.240  30.561 0.2000000030
122460  50.762  -0.252  29.696 0.1000000015
122503  54.432  0.127  26.834 0.5000000000
122561  48.200  -0.848  24.252 0.5000000000
122574  49.361  -0.053  23.751 0.5000000000
122578  46.847  -1.028  23.242 0.5000000000
122605  55.803  -0.149  21.861 0.1000000015
122606  55.178  -0.027  21.920 0.2000000030
122607  47.383  -0.158  22.177 0.5000000000
122611  56.985  -0.102  20.775 0.1000000015
122612  56.505  -0.152  20.977 0.1000000015
122613  55.858  -0.103  21.102 0.1000000015
122617  45.382  -0.889  20.981 0.3000000119
122625  57.627  -0.186  19.929 0.1000000015
122628  56.224  -0.128  20.468 0.1000000015
122633  57.734  -0.148  19.286 0.1000000015
122634  57.258  -0.291  19.498 0.1000000015
122635  56.662  -0.234  19.725 0.1000000015
122636  56.420  -0.172  20.096 0.1000000015
122649  45.725  -0.680  19.195 0.1000000015
122655  57.320  -0.193  18.182 0.1000000015
122656  57.071  -0.220  18.601 0.1000000015
122658  46.580  -0.627  17.816 0.1000000015
122667  58.046  0.397  17.258 0.1000000015
122668  57.880  0.126  17.410 0.1000000015
122669  57.549  -0.077  17.503 0.1000000015
122677  57.992  0.447  16.969 0.1000000015
122679  57.670  0.109  17.179 0.1000000015
122700  58.957  0.024  12.940 0.1000000015
122713  59.057  -0.184  12.474 0.1000000015
122738  59.240  -0.258  11.958 0.1000000015
123691  45.414  -0.308  40.665 0.4000000060
123693  44.578  0.033  40.895 0.5000000000
123723  43.116  0.168  39.642 0.1000000015
123797  47.208  0.212  37.075 0.2000000030
123865  52.241  0.969  29.545 0.2000000030
123913  55.280  0.589  26.648 0.4000000060
123915  54.570  0.253  27.316 0.3000000119
123931  55.404  0.511  26.028 0.4000000060
123944  55.884  0.539  25.065 0.4000000060
123946  55.057  0.267  25.799 0.4000000060
123959  55.995  0.464  24.473 0.4000000060
123965  50.379  0.130  24.109 0.6000000238
123992  54.036  0.213  22.443 0.4000000060
123999  48.406  0.059  22.660 0.5000000000
124000  47.988  -0.078  22.665 0.5000000000
124007  56.954  0.348  21.752 0.1000000015
124010  54.169  0.280  21.638 0.3000000119
124023  55.181  0.113  21.108 0.1000000015
124041  57.705  0.193  20.214 0.1000000015
124042  57.472  -0.022  20.559 0.1000000015
124044  55.335  0.176  20.519 0.1000000015
124045  54.852  0.316  20.418 0.1000000015
124048  50.510  1.067  20.250 0.3000000119
124055  57.855  0.179  19.739 0.1000000015
124057  56.139  -0.039  19.804 0.1000000015
124061  53.430  0.725  19.725 0.1000000015
124071  57.927  0.328  19.100 0.1000000015
124072  56.432  -0.100  19.257 0.1000000015
124076  54.051  0.793  19.083 0.1000000015
124088  58.100  0.862  17.913 0.1000000015
124092  55.759  0.546  18.143 0.1000000015
124093  55.255  0.698  18.350 0.1000000015
124105  58.150  0.679  17.577 0.1000000015
124107  57.057  -0.002  17.721 0.1000000015
124109  55.938  0.745  17.239 0.1000000015
124116  58.195  0.646  16.934 0.1000000015
124136  57.515  0.358  15.422 0.1000000015
124146  56.509  0.930  14.440 0.1000000015
125268  51.675  1.378  28.824 0.2000000030
125310  55.248  1.234  27.257 0.3000000119
125335  55.360  0.998  26.911 0.3000000119
125357  56.031  0.736  25.195 0.4000000060
125364  56.137  0.766  24.949 0.4000000060
125372  56.323  0.803  24.287 0.3000000119
125373  56.012  1.265  24.069 0.3000000119
125383  56.039  1.262  23.186 0.1000000015
125398  56.474  1.239  21.413 0.1000000015
125399  55.879  1.532  21.801 0.1000000015
125400  52.726  0.730  20.688 0.3000000119
125402  51.944  0.921  20.638 0.3000000119
125413  56.653  1.321  20.481 0.1000000015
125421  57.191  1.211  19.708 0.1000000015
125427  50.836  1.113  19.202 0.2000000030
125433  54.671  0.781  18.755 0.1000000015
125445  58.103  0.992  17.712 0.1000000015
125449  54.876  0.883  18.274 0.1000000015
125469  58.330  1.118  16.601 0.1000000015
125470  55.993  0.905  16.540 0.1000000015
125520  55.019  1.203  13.570 0.1000000015
126622  54.493  2.291  28.653 0.3000000119
126625  50.007  2.035  28.453 0.2000000030
126647  55.246  1.459  27.267 0.3000000119
126667  54.318  2.075  26.744 0.3000000119
126668  53.803  2.253  26.432 0.3000000119
126682  53.623  2.318  25.847 0.2000000030
126693  54.157  2.012  25.175 0.2000000030
126706  54.052  2.040  24.361 0.1000000015
126721  53.959  2.127  23.511 0.1000000015
126740  53.892  2.458  22.617 0.1000000015
126761  55.373  1.722  22.194 0.1000000015
126763  54.116  2.560  21.766 0.1000000015
126783  55.600  1.798  21.256 0.1000000015
126785  54.241  2.841  21.263 0.1000000015
126801  55.386  2.234  20.349 0.1000000015
126802  54.893  2.690  20.534 0.1000000015
126811  56.788  1.691  19.370 0.1000000015
126818  56.791  2.130  18.826 0.1000000015
126828  57.160  2.414  18.136 0.1000000015
127954  50.090  3.193  29.021 0.2000000030
127973  54.526  2.323  28.184 0.3000000119
128068  53.829  3.492  22.144 0.1000000015
128105  54.687  3.591  20.759 0.1000000015
128120  55.857  2.753  19.397 0.1000000015
128121  55.488  3.263  19.734 0.1000000015
128122  55.272  3.645  20.133 0.1000000015
128138  56.091  3.277  19.081 0.1000000015
129341  53.921  2.943  28.544 0.3000000119
129347  49.856  3.661  29.062 0.2000000030
129353  53.483  3.407  28.147 0.2000000030
129354  49.923  4.090  28.972 0.1000000015
129362  53.559  2.963  27.753 0.2000000030
129364  49.093  3.950  28.021 0.1000000015
129372  50.614  3.997  26.795 0.1000000015
129383  51.151  3.898  26.256 0.1000000015
129384  50.757  3.704  26.344 0.2000000030
129415  53.868  3.850  22.441 0.1000000015
129422  54.071  3.811  21.850 0.1000000015
129423  53.925  3.717  22.145 0.1000000015
129436  54.880  4.085  20.856 0.1000000015
129445  55.438  4.138  20.273 0.1000000015
129446  55.070  3.964  20.505 0.1000000015
129447  54.777  3.811  20.765 0.1000000015
129457  56.104  4.262  19.654 0.1000000015
129476  55.891  3.950  19.516 0.1000000015
130729  49.846  4.295  28.532 0.2000000030
130736  51.281  4.967  27.780 0.2000000030
130739  49.576  4.225  28.073 0.1000000015
130748  49.858  4.174  27.491 0.1000000015
130766  51.823  4.696  26.011 0.2000000030
130799  55.626  4.958  21.772 0.1000000015
130814  56.106  4.946  21.060 0.1000000015
130816  55.053  4.326  21.061 0.1000000015
130817  54.739  4.168  21.228 0.1000000015
130824  56.183  4.859  20.747 0.1000000015
130839  55.898  4.367  20.045 0.1000000015
130857  56.626  4.370  19.362 0.1000000015
132152  52.244  4.933  29.187 0.2000000030
132160  52.637  5.284  28.671 0.2000000030
132162  51.397  5.077  28.433 0.2000000030
132170  51.590  5.295  27.856 0.2000000030
132171  51.334  5.060  28.114 0.2000000030
132179  51.522  5.008  27.165 0.2000000030
132187  51.674  5.000  26.848 0.2000000030
132231  55.603  5.144  22.398 0.1000000015
132243  57.063  5.441  21.052 0.1000000015
132245  56.167  5.140  21.587 0.1000000015
132304  55.186  5.710  17.595 0.1000000015
133562  52.927  5.646  28.136 0.2000000030
133564  51.903  5.555  28.196 0.2000000030
133573  52.043  5.729  27.821 0.2000000030
133637  56.697  5.724  22.320 0.1000000015
133650  57.664  6.240  21.267 0.1000000015
133651  57.282  5.864  21.424 0.1000000015
135103  54.305  6.902  24.992 0.1000000015
135152  57.472  6.497  21.837 0.1000000015
135154  56.099  6.950  21.654 0.1000000015
135171  57.592  6.663  21.629 0.1000000015
135174  55.678  6.703  21.247 0.1000000015
135215  56.036  6.525  18.926 0.1000000015
135221  55.983  6.680  18.165 0.1000000015
136609  55.332  7.016  22.863 0.1000000015
136610  54.771  7.005  22.979 0.1000000015
136647  57.110  7.458  20.569 0.1000000015
