#!ascii label  , from subject FS6EXPERT_subj01_ver10 vox2ras=TkReg
17319
2180  9.058  -76.849  -5.119 0.6000000238
2189  9.095  -76.906  -6.125 0.5000000000
1311  9.402  -77.816  -4.693 0.6999999881
1715  9.206  -77.257  -5.005 0.5000000000
1730  9.666  -77.623  -5.734 0.4000000060
2199  9.351  -76.980  -6.526 0.2000000030
1317  9.582  -77.750  -5.286 0.5000000000
3249  9.547  -75.557  -4.393 0.8999999762
2675  9.241  -75.969  -4.781 0.6999999881
2665  8.889  -76.529  -3.420 0.8000000119
2689  9.066  -76.692  -4.633 0.6999999881
2161  8.983  -77.041  -3.722 0.8000000119
1298  9.791  -78.472  -4.356 0.6999999881
1285  9.157  -78.121  -3.537 0.6999999881
1322  10.048  -77.851  -5.938 0.4000000060
1740  10.047  -77.437  -6.443 0.3000000119
3842  9.127  -74.835  -6.105 0.6999999881
4416  10.811  -74.147  -3.371 0.8999999762
3236  10.079  -74.856  -3.921 0.8999999762
3832  10.235  -74.875  -4.992 0.8000000119
2687  9.261  -75.902  -5.450 0.6999999881
3270  9.136  -75.413  -5.945 0.6999999881
3788  9.580  -74.515  -2.362 0.8999999762
3237  9.662  -75.080  -3.602 0.8999999762
2698  8.993  -75.979  -5.921 0.5000000000
2673  11.616  -76.240  -4.448 1.0000000000
2664  10.999  -76.379  -3.610 1.0000000000
3220  11.642  -75.531  -2.861 1.0000000000
3195  10.341  -75.766  -1.645 0.8999999762
3777  9.785  -74.900  -1.689 0.8999999762
3222  9.043  -75.378  -2.968 0.8999999762
2169  10.923  -77.199  -4.098 0.8999999762
2654  10.736  -76.446  -2.676 1.0000000000
3196  9.445  -75.797  -1.540 0.8999999762
3778  9.229  -75.369  -1.835 0.8999999762
3211  8.645  -76.234  -2.573 0.8999999762
2200  8.703  -76.297  -6.533 0.2000000030
1693  10.913  -77.892  -3.534 0.8999999762
2160  10.769  -77.170  -3.563 0.8999999762
2150  10.538  -77.230  -2.400 0.8999999762
2637  9.063  -76.571  -1.664 0.8999999762
1675  8.800  -77.628  -2.284 0.8000000119
2151  8.785  -77.082  -3.073 0.8000000119
2218  9.098  -76.419  -7.123 0.2000000030
1274  9.000  -78.021  -2.976 0.8999999762
980  10.230  -78.618  -5.075 0.5000000000
985  10.580  -78.515  -5.832 0.3000000119
159  14.375  -80.663  -7.723 0.3000000119
171  14.394  -80.777  -8.255 0.3000000119
179  14.790  -81.003  -9.029 0.2000000030
170  14.965  -80.871  -8.683 0.3000000119
188  14.640  -81.181  -9.282 0.2000000030
5073  9.234  -72.980  -6.185 0.8000000119
5745  10.294  -72.475  -5.965 1.0000000000
5747  8.856  -72.325  -5.894 0.6999999881
4448  9.342  -73.948  -6.201 0.8000000119
5092  9.025  -73.483  -6.290 0.4000000060
5072  9.870  -73.244  -6.147 0.8000000119
3852  8.993  -74.658  -6.037 0.5000000000
4450  8.412  -74.003  -6.445 0.4000000060
5064  11.578  -73.219  -5.231 1.0000000000
4438  10.239  -74.021  -5.932 0.8000000119
4439  9.681  -74.345  -6.033 0.6999999881
5055  11.888  -73.404  -4.590 0.8999999762
5046  12.456  -72.971  -3.616 1.0000000000
4437  11.013  -73.915  -5.559 0.8000000119
3840  10.069  -74.700  -5.669 0.8000000119
3841  9.553  -75.029  -5.831 0.6999999881
3281  9.001  -75.123  -6.112 0.5000000000
5037  12.643  -73.085  -2.780 1.0000000000
3820  10.795  -74.438  -4.195 0.8000000119
5038  11.828  -73.592  -3.093 0.8999999762
4415  11.420  -73.898  -3.600 1.0000000000
3261  9.592  -75.515  -5.205 0.6999999881
3216  14.333  -75.197  -2.843 0.6999999881
3204  13.768  -75.662  -2.295 0.6999999881
3218  13.115  -75.460  -2.970 0.8000000119
4404  10.631  -74.053  -2.860 0.8999999762
3217  13.869  -75.307  -3.114 0.8000000119
3232  13.114  -75.335  -3.775 1.0000000000
3219  12.356  -75.389  -2.932 0.8000000119
4382  10.557  -74.291  -1.939 0.8999999762
4392  11.119  -73.912  -2.476 0.8999999762
3245  13.274  -75.297  -4.511 0.8999999762
3258  13.146  -75.809  -5.200 0.8999999762
3246  12.524  -75.723  -4.515 1.0000000000
3206  12.163  -75.195  -2.245 1.0000000000
3775  11.517  -74.919  -1.650 0.8999999762
3776  10.783  -74.891  -1.607 0.8999999762
1295  13.128  -78.980  -4.965 0.8999999762
1714  11.741  -77.860  -5.033 1.0000000000
2179  11.746  -77.083  -5.138 0.8999999762
2646  10.635  -76.454  -2.244 1.0000000000
3194  11.048  -75.414  -1.717 0.8999999762
967  12.869  -79.335  -4.358 0.8999999762
1283  11.634  -78.729  -3.735 0.8999999762
1273  11.136  -78.642  -2.460 0.8999999762
1674  10.455  -78.024  -1.920 0.8999999762
2636  9.828  -76.520  -1.544 0.8999999762
1666  9.321  -77.865  -1.793 0.8999999762
953  13.332  -79.720  -3.874 0.8999999762
942  12.879  -79.773  -3.036 0.8999999762
943  12.167  -79.436  -2.844 0.8999999762
916  10.750  -79.288  -1.704 0.8999999762
1253  10.204  -78.694  -1.748 0.8999999762
932  9.261  -78.543  -2.288 0.8999999762
681  14.148  -80.109  -2.520 0.8999999762
674  13.071  -80.291  -2.055 0.8999999762
660  12.541  -80.471  -1.740 0.8999999762
661  11.769  -80.349  -1.698 0.8999999762
426  10.936  -80.344  -1.994 0.8999999762
688  10.381  -79.867  -3.316 0.6999999881
696  10.116  -79.410  -3.802 0.6999999881
257  13.993  -81.759  -1.974 0.8000000119
89  13.700  -82.173  -2.202 0.8000000119
266  12.283  -81.557  -2.348 0.6999999881
272  11.736  -81.133  -2.822 0.6999999881
446  10.995  -80.367  -3.577 0.5000000000
458  11.188  -79.899  -4.809 0.5000000000
702  10.838  -79.468  -4.918 0.6000000238
709  10.729  -78.994  -5.288 0.5000000000
95  15.460  -82.181  -2.620 0.6999999881
6  13.763  -82.138  -2.977 0.6999999881
13  13.401  -81.721  -3.452 0.6000000238
119  12.304  -81.199  -3.673 0.6000000238
296  12.145  -80.399  -5.442 0.5000000000
468  11.972  -79.943  -5.887 0.4000000060
730  11.705  -79.016  -6.637 0.3000000119
134  15.501  -81.188  -4.685 0.6000000238
125  14.910  -81.505  -4.275 0.6000000238
138  13.481  -81.251  -4.921 0.6000000238
145  13.328  -81.019  -5.634 0.6000000238
146  12.830  -80.855  -5.651 0.6000000238
298  12.329  -80.173  -6.083 0.4000000060
707  16.199  -79.993  -5.984 0.5000000000
461  15.768  -80.327  -5.867 0.5000000000
135  15.054  -81.125  -5.035 0.5000000000
144  13.794  -81.101  -5.578 0.6000000238
150  13.730  -80.841  -6.239 0.6000000238
155  13.846  -80.649  -6.992 0.4000000060
156  13.478  -80.589  -7.106 0.4000000060
711  15.932  -79.838  -6.462 0.5000000000
300  15.177  -80.541  -6.242 0.5000000000
152  14.958  -80.398  -6.890 0.3000000119
154  13.978  -80.691  -6.879 0.5000000000
506  13.818  -79.925  -8.682 0.2000000030
727  15.983  -79.751  -7.890 0.5000000000
719  15.489  -79.908  -7.228 0.3000000119
307  15.377  -80.211  -8.119 0.3000000119
158  14.700  -80.541  -7.926 0.2000000030
26  15.428  -81.193  -9.280 0.2000000030
41  15.211  -81.668  -10.075 0.2000000030
515  14.807  -80.158  -9.656 0.2000000030
482  16.230  -80.183  -8.552 0.3000000119
496  16.130  -80.451  -8.759 0.3000000119
168  16.259  -81.004  -9.151 0.2000000030
44  15.586  -82.148  -10.280 0.2000000030
494  17.012  -80.787  -9.292 0.3000000119
24  16.183  -81.846  -9.897 0.2000000030
32  16.100  -81.960  -9.848 0.2000000030
316  17.472  -81.154  -9.682 0.2000000030
317  16.762  -81.018  -9.113 0.2000000030
177  16.736  -81.788  -9.957 0.2000000030
31  16.597  -82.079  -10.051 0.2000000030
47  16.660  -82.247  -10.979 0.2000000030
165  17.193  -81.434  -9.916 0.2000000030
29  17.476  -81.811  -10.518 0.2000000030
36  17.727  -81.931  -10.984 0.2000000030
226015  17.463  -82.156  -11.489 0.2000000030
6436  9.446  -71.590  -5.087 0.8000000119
5075  8.383  -72.965  -6.176 0.4000000060
5738  8.458  -72.203  -5.668 0.4000000060
6422  8.983  -71.563  -4.542 0.6000000238
5737  11.964  -72.486  -5.038 1.0000000000
5744  10.981  -72.421  -5.767 1.0000000000
5764  7.991  -73.019  -6.092 0.4000000060
5739  8.120  -72.175  -5.414 0.4000000060
6423  8.304  -71.843  -4.420 0.6000000238
5736  12.251  -72.611  -4.655 1.0000000000
3284  7.745  -74.953  -7.124 0.3000000119
5699  13.214  -72.291  -2.906 1.0000000000
5713  12.854  -72.239  -3.621 1.0000000000
5025  13.313  -72.899  -1.814 1.0000000000
5027  12.072  -73.688  -2.318 1.0000000000
3796  14.669  -74.910  -2.991 0.8000000119
3203  14.549  -75.510  -2.195 0.6999999881
2644  14.211  -75.862  -1.695 0.6999999881
4380  12.645  -73.754  -1.359 1.0000000000
5012  12.390  -73.812  -1.813 1.0000000000
3819  14.103  -74.753  -4.710 0.8999999762
3809  14.118  -74.816  -3.753 0.8999999762
2645  13.729  -75.856  -1.669 0.8000000119
3205  13.066  -75.519  -2.029 0.8000000119
4381  11.667  -74.249  -1.778 0.8999999762
3257  13.838  -75.225  -5.152 0.8999999762
2695  13.081  -76.603  -5.818 1.0000000000
3192  12.651  -75.252  -1.707 0.8000000119
3764  12.628  -74.749  -1.169 0.8999999762
3765  12.077  -74.598  -1.619 0.8999999762
2693  14.296  -76.397  -5.931 0.8999999762
2186  14.009  -77.025  -5.938 1.0000000000
1723  12.571  -77.418  -5.719 1.0000000000
1293  14.671  -79.058  -4.808 0.8999999762
3774  12.046  -75.211  -1.846 0.8000000119
964  14.797  -79.569  -4.214 0.8999999762
939  15.234  -80.003  -3.038 0.8999999762
938  15.983  -79.909  -2.908 0.8999999762
671  15.151  -80.725  -1.900 0.8000000119
670  16.014  -80.487  -2.034 0.8999999762
102  16.335  -81.712  -3.275 0.6000000238
86  15.755  -82.237  -2.081 0.6999999881
418  16.301  -81.442  -1.411 0.8000000119
133  15.933  -81.247  -4.405 0.6000000238
92  17.016  -82.011  -2.360 0.6999999881
974  17.954  -79.531  -5.317 0.6999999881
455  17.023  -80.376  -5.048 0.6000000238
284  16.542  -80.833  -4.752 0.6000000238
14  16.874  -81.604  -3.092 0.6000000238
270  17.768  -81.487  -2.821 0.8000000119
704  17.390  -79.575  -5.726 0.6000000238
979  16.735  -79.560  -6.246 0.6000000238
717  16.304  -79.471  -7.317 0.5000000000
726  16.693  -79.798  -8.421 0.4000000060
725  17.521  -79.931  -8.913 0.4000000060
493  17.653  -80.825  -9.489 0.4000000060
314  18.511  -81.006  -9.822 0.3000000119
163  18.144  -81.287  -10.096 0.1000000015
175  17.797  -81.580  -10.468 0.2000000030
35  18.409  -81.845  -11.364 0.2000000030
6451  9.863  -71.874  -5.643 1.0000000000
6403  9.303  -71.347  -4.124 0.8999999762
6449  11.181  -71.898  -5.456 1.0000000000
7159  9.038  -71.355  -3.072 0.8000000119
4451  8.001  -73.850  -6.693 0.3000000119
6385  8.431  -71.771  -2.900 0.8000000119
6418  12.468  -71.640  -4.151 1.0000000000
7170  12.208  -71.065  -4.020 1.0000000000
5066  7.512  -72.257  -5.747 0.3000000119
5727  7.876  -72.001  -4.799 0.3000000119
6405  8.083  -71.903  -3.534 0.6999999881
6364  8.413  -71.810  -2.009 0.8000000119
5124  7.711  -73.152  -7.483 0.3000000119
5698  13.670  -71.843  -2.397 1.0000000000
5665  13.612  -72.613  -1.550 1.0000000000
6330  14.226  -71.880  -0.539 1.0000000000
5649  14.223  -72.427  -0.103 0.8999999762
5009  13.753  -72.875  -0.875 1.0000000000
4978  14.057  -73.197  0.140 0.8000000119
3795  15.027  -74.318  -3.313 0.8999999762
2125  14.834  -76.473  -0.327 0.8000000119
2133  14.349  -76.491  -0.721 0.8000000119
4379  13.032  -73.837  -1.129 1.0000000000
4994  13.727  -73.379  -0.419 1.0000000000
4350  13.922  -73.930  0.328 0.8000000119
4413  15.125  -73.774  -3.900 0.8999999762
3808  14.641  -74.465  -3.680 0.8999999762
1657  14.913  -77.153  0.024 0.8000000119
2126  14.279  -76.960  -0.227 0.8000000119
2624  13.826  -76.409  -0.681 0.8000000119
4365  12.827  -74.257  -0.997 0.8000000119
4364  13.426  -73.938  -0.470 0.8000000119
4422  15.348  -73.684  -4.758 0.8000000119
4433  15.231  -74.193  -5.126 0.8999999762
2127  13.783  -76.532  -0.213 0.8000000119
2625  13.426  -76.032  -0.632 0.8000000119
3191  13.061  -75.570  -1.243 0.8000000119
3763  13.141  -74.681  -0.510 0.8000000119
2691  15.475  -76.094  -5.749 0.8999999762
2185  14.663  -77.110  -5.797 0.8999999762
1708  15.912  -77.544  -5.041 0.8999999762
1709  15.445  -77.782  -5.163 1.0000000000
1292  15.535  -79.097  -4.351 1.0000000000
1281  16.058  -79.192  -3.919 1.0000000000
937  16.753  -79.603  -2.906 0.8999999762
654  17.245  -80.604  -1.726 0.8999999762
450  18.497  -80.295  -4.050 0.8000000119
273  18.686  -81.024  -2.944 0.8000000119
252  17.511  -81.686  -1.731 0.8000000119
453  18.012  -80.313  -4.385 0.6999999881
279  17.821  -80.808  -3.944 0.6999999881
262  18.695  -81.309  -2.204 0.8999999762
1315  18.130  -78.883  -5.986 0.6000000238
1331  17.740  -78.787  -7.602 0.5000000000
986  17.181  -78.917  -7.258 0.5000000000
998  17.344  -79.183  -8.214 0.6000000238
1008  18.982  -79.964  -9.168 0.5000000000
734  18.366  -80.344  -9.331 0.4000000060
7184  10.585  -71.234  -4.729 1.0000000000
7173  10.103  -71.162  -4.407 1.0000000000
7171  11.627  -70.989  -4.272 1.0000000000
7135  10.299  -70.722  -2.921 1.0000000000
7922  12.241  -70.539  -3.171 1.0000000000
5095  7.834  -73.184  -6.565 0.3000000119
7862  10.385  -70.695  -1.183 1.0000000000
7133  12.974  -70.722  -2.892 1.0000000000
5765  7.385  -72.273  -6.504 0.3000000119
5741  7.394  -72.175  -5.077 0.3000000119
6383  13.588  -71.334  -2.486 1.0000000000
7108  13.550  -70.747  -2.143 1.0000000000
5788  8.013  -72.792  -7.822 0.3000000119
6493  7.311  -71.898  -7.033 0.3000000119
6475  7.505  -71.254  -6.974 0.3000000119
5729  7.188  -71.670  -4.477 0.3000000119
5701  7.480  -72.167  -3.079 0.6000000238
6344  14.111  -71.506  -1.167 1.0000000000
5702  6.960  -71.986  -3.082 0.4000000060
5685  7.362  -72.512  -2.142 0.6999999881
5634  14.500  -72.360  0.523 1.0000000000
6329  14.513  -71.706  0.078 1.0000000000
4963  14.581  -73.015  1.080 0.8000000119
2115  15.732  -76.677  0.756 0.6999999881
4334  14.290  -73.795  0.975 0.8000000119
5008  16.591  -73.181  -1.448 0.8000000119
1238  15.307  -77.985  0.991 0.8000000119
5045  15.665  -73.308  -3.509 0.8000000119
1647  14.446  -77.495  0.428 0.8000000119
3753  13.618  -74.608  0.099 0.8000000119
3741  13.913  -74.551  0.684 0.8000000119
3836  15.803  -75.201  -5.670 0.8000000119
1648  14.001  -77.642  1.069 0.6999999881
2615  13.589  -76.072  0.207 0.8000000119
3171  13.388  -75.201  -0.008 0.8000000119
3161  13.746  -75.284  0.670 0.8000000119
3255  16.259  -75.661  -5.535 0.8999999762
3181  13.116  -75.355  -0.649 0.8000000119
2174  16.677  -76.952  -4.871 0.8999999762
2167  16.643  -77.346  -4.763 0.8999999762
1291  16.148  -78.843  -4.222 0.8999999762
1690  17.284  -77.882  -4.147 0.8999999762
1279  17.299  -78.555  -3.738 0.8999999762
936  17.524  -79.403  -2.764 0.8999999762
923  17.991  -79.513  -2.215 0.8999999762
652  18.736  -80.342  -1.383 0.8999999762
444  19.254  -80.679  -3.074 0.8999999762
438  19.125  -81.058  -2.588 1.0000000000
250  18.815  -81.152  -1.691 0.8999999762
416  17.755  -81.131  -1.487 0.8999999762
693  18.862  -79.709  -4.420 0.8999999762
973  18.340  -79.226  -5.307 0.6999999881
962  19.450  -79.076  -4.624 0.8000000119
1319  18.905  -78.422  -6.866 0.5000000000
1314  18.633  -78.748  -5.885 0.6999999881
1342  19.058  -78.826  -8.364 0.5000000000
996  18.966  -79.398  -8.891 0.5000000000
732  19.336  -80.205  -9.095 0.5000000000
313  19.459  -80.742  -9.648 0.4000000060
173  19.080  -81.167  -10.455 0.2000000030
1007  19.620  -79.922  -9.113 0.5000000000
182  18.876  -81.386  -10.941 0.1000000015
1006  20.377  -79.855  -9.115 0.5000000000
7923  11.685  -70.509  -3.188 1.0000000000
7134  10.804  -70.640  -3.245 1.0000000000
7092  9.854  -70.940  -1.223 0.8999999762
7875  12.508  -70.147  -2.101 1.0000000000
7859  12.241  -70.073  -1.356 1.0000000000
7901  11.202  -70.462  -2.785 1.0000000000
7077  9.165  -71.256  -0.530 0.8999999762
6318  9.120  -71.568  0.715 0.8999999762
7074  14.148  -70.489  -0.703 1.0000000000
7874  13.206  -70.335  -2.148 1.0000000000
7843  12.705  -69.980  -0.637 1.0000000000
6332  8.339  -71.934  -0.173 0.8000000119
7061  14.797  -70.990  0.589 1.0000000000
7073  14.471  -70.827  -0.201 1.0000000000
6490  8.456  -71.699  -7.621 0.3000000119
5666  7.345  -72.833  -1.330 0.6999999881
5622  14.859  -72.247  1.261 0.8999999762
6303  15.019  -71.743  1.325 1.0000000000
6406  6.803  -71.341  -3.534 0.4000000060
5667  6.869  -72.866  -1.713 0.5000000000
5014  6.603  -73.292  -1.376 0.5000000000
5668  6.259  -72.779  -1.618 0.4000000060
4368  6.554  -74.112  -0.642 0.6000000238
3712  14.777  -74.855  2.382 0.6999999881
4311  14.887  -74.049  2.159 0.8000000119
4353  6.210  -73.964  -0.089 0.6000000238
3138  14.554  -75.637  2.391 0.6999999881
3724  14.618  -74.427  1.967 0.8000000119
1232  16.146  -78.482  1.378 0.6999999881
892  15.261  -78.792  1.261 0.6999999881
3149  13.977  -75.478  1.413 0.8000000119
3725  14.321  -74.794  1.681 0.8000000119
5696  16.222  -72.518  -3.016 0.8000000119
5053  15.737  -73.192  -4.338 0.8000000119
1240  14.510  -78.121  0.982 0.6999999881
2103  13.925  -76.879  1.665 0.6999999881
4432  15.871  -73.971  -5.214 0.8000000119
4431  16.669  -73.987  -5.295 0.8000000119
1638  13.935  -77.558  1.443 0.6999999881
2606  13.815  -76.136  1.130 0.8000000119
3254  16.903  -75.405  -5.327 0.8999999762
2670  17.719  -76.261  -4.558 0.8999999762
2165  17.380  -76.843  -4.487 0.8999999762
2158  17.746  -77.098  -4.152 0.8999999762
1278  17.672  -78.251  -3.692 0.8000000119
1260  18.132  -79.052  -2.533 0.8000000119
911  18.918  -79.512  -1.504 0.8000000119
651  19.546  -80.109  -1.282 0.8000000119
443  19.980  -80.342  -3.151 0.8999999762
429  20.132  -80.490  -2.088 1.0000000000
413  19.855  -80.541  -1.576 0.8999999762
449  19.325  -80.183  -3.699 0.8999999762
448  20.211  -79.894  -3.598 0.8999999762
1303  19.321  -78.737  -5.270 0.8000000119
961  20.214  -78.847  -4.547 0.8000000119
1312  20.098  -77.996  -5.937 0.8000000119
1313  19.576  -78.204  -6.193 0.8000000119
1289  20.083  -78.601  -4.835 0.8000000119
1318  19.604  -78.160  -7.214 0.5000000000
1341  19.785  -78.724  -8.377 0.5000000000
995  19.693  -79.269  -8.844 0.5000000000
1327  20.467  -78.226  -7.968 0.6000000238
994  20.350  -79.046  -8.821 0.5000000000
741  20.204  -80.560  -10.090 0.5000000000
501  19.788  -80.892  -10.580 0.5000000000
992  22.205  -79.265  -8.851 0.5000000000
1005  21.110  -79.287  -9.008 0.5000000000
1017  21.508  -79.830  -9.751 0.5000000000
1016  22.145  -79.629  -9.972 0.5000000000
739  21.080  -80.171  -10.258 0.5000000000
747  20.614  -80.449  -10.716 0.5000000000
1002  23.313  -79.150  -9.352 0.5000000000
1015  22.808  -79.336  -10.073 0.5000000000
1026  22.356  -79.481  -10.795 0.5000000000
1047  22.458  -79.599  -12.327 0.5000000000
1014  23.397  -79.019  -10.216 0.5000000000
1035  23.478  -78.870  -11.387 0.5000000000
1046  23.181  -79.141  -12.445 0.4000000060
1381  24.081  -78.406  -11.293 0.5000000000
1394  23.955  -78.372  -12.248 0.4000000060
1833  23.666  -77.953  -14.645 0.4000000060
7902  10.596  -70.578  -2.265 1.0000000000
6319  8.543  -72.202  0.938 1.0000000000
7860  11.528  -70.299  -1.260 1.0000000000
7075  10.498  -70.653  -0.097 1.0000000000
7064  10.113  -70.953  0.521 0.8999999762
7826  14.555  -70.267  0.415 1.0000000000
7842  13.606  -70.074  -0.711 1.0000000000
5636  8.031  -72.689  0.381 0.6999999881
7044  15.429  -71.248  1.837 1.0000000000
7804  15.331  -70.776  1.706 1.0000000000
4980  7.969  -73.444  0.605 0.8999999762
5608  15.276  -72.317  1.895 0.8999999762
5593  16.115  -72.521  3.228 0.8000000119
7009  16.075  -71.537  3.165 0.8000000119
7771  15.578  -70.497  2.758 0.8000000119
5637  7.768  -73.206  0.157 0.6999999881
4981  7.500  -73.806  -0.019 0.8000000119
4324  8.426  -74.560  1.614 0.8000000119
4950  15.405  -73.002  2.357 0.8999999762
4937  15.826  -73.381  3.032 0.8000000119
4337  7.373  -74.601  0.436 0.6999999881
3151  8.119  -75.431  2.218 0.8000000119
4325  6.770  -74.280  1.530 0.6999999881
2576  8.539  -76.261  4.315 0.8000000119
3137  15.007  -75.634  2.834 0.6999999881
2102  14.111  -76.679  2.102 0.6999999881
2096  14.879  -76.953  3.007 0.6999999881
5724  16.465  -72.618  -4.524 0.8000000119
5061  16.290  -73.247  -4.948 0.8000000119
411  15.644  -79.429  1.791 0.6999999881
894  14.384  -78.540  1.318 0.6999999881
1633  13.980  -77.521  1.967 0.6999999881
5060  17.050  -73.370  -5.163 0.8000000119
3243  17.810  -75.387  -4.840 0.8999999762
2662  18.182  -76.569  -4.013 0.8999999762
2661  18.639  -76.348  -3.533 0.8999999762
1688  18.567  -77.524  -3.430 0.8999999762
2141  19.028  -77.089  -2.648 0.8999999762
1672  19.003  -77.841  -2.371 0.8000000119
1249  20.433  -78.494  -1.001 0.8999999762
1663  19.612  -77.928  -1.665 0.8000000119
910  19.746  -79.316  -1.266 0.8000000119
428  20.838  -80.052  -2.111 1.0000000000
412  20.424  -80.272  -1.711 1.0000000000
646  20.091  -79.765  -1.208 1.0000000000
441  21.233  -79.850  -3.212 1.0000000000
691  20.663  -79.424  -3.943 1.0000000000
960  21.133  -78.791  -4.535 0.8999999762
1728  20.052  -77.949  -6.970 0.6999999881
970  20.735  -78.437  -4.847 0.8000000119
13311  7.400  -65.423  -22.153 0.6000000238
14349  7.415  -64.603  -22.762 0.6000000238
1718  20.511  -77.606  -5.997 0.8000000119
1300  21.601  -78.036  -4.912 0.8999999762
1326  20.791  -78.063  -7.922 0.6000000238
1727  20.523  -77.533  -6.955 0.6999999881
1717  20.761  -77.328  -5.882 0.8999999762
12347  7.534  -65.987  -21.395 0.6000000238
1338  22.157  -78.654  -8.583 0.6000000238
11510  7.486  -66.821  -22.282 0.5000000000
991  22.771  -79.160  -8.798 0.5000000000
1337  22.992  -78.647  -8.549 0.5000000000
1352  23.842  -78.947  -9.257 0.5000000000
1776  25.071  -77.500  -10.195 0.6000000238
1361  24.900  -78.185  -9.786 0.5000000000
2225  23.272  -77.603  -8.259 0.6999999881
1777  24.719  -77.759  -10.515 0.5000000000
1393  24.250  -78.000  -11.656 0.5000000000
1801  24.123  -77.945  -12.529 0.5000000000
2262  24.646  -77.096  -11.000 0.5000000000
1811  23.988  -77.839  -13.066 0.4000000060
2304  24.157  -76.769  -12.689 0.5000000000
2305  24.010  -77.047  -13.334 0.4000000060
2318  23.810  -77.411  -14.073 0.4000000060
6317  9.672  -71.258  0.704 0.8999999762
5624  8.453  -72.942  1.265 1.0000000000
4953  8.729  -73.828  1.857 1.0000000000
3707  9.103  -74.828  3.316 0.8999999762
3727  8.584  -75.002  2.123 0.8000000119
3131  8.715  -75.594  3.439 0.8000000119
226027  8.375  -76.516  5.335 0.6999999881
1223  14.359  -78.226  2.810 0.6999999881
6381  16.763  -71.470  -2.972 0.8000000119
5723  17.091  -72.357  -4.700 0.8000000119
637  14.535  -79.221  1.840 0.6999999881
4429  18.010  -74.000  -5.055 0.8000000119
3242  18.282  -75.470  -4.372 0.8000000119
3230  18.804  -75.462  -3.658 0.8000000119
3215  18.924  -75.946  -3.214 0.8000000119
2140  19.405  -77.124  -2.053 0.6999999881
1662  20.194  -77.890  -1.230 0.8999999762
1246  20.983  -78.474  -0.797 0.8999999762
648  21.598  -79.342  -1.447 1.0000000000
904  20.702  -79.091  -1.022 0.8999999762
678  21.736  -79.692  -2.512 1.0000000000
686  21.825  -79.607  -3.331 1.0000000000
921  22.508  -79.054  -2.069 0.8999999762
959  22.013  -79.069  -4.046 1.0000000000
1288  21.455  -78.383  -4.826 1.0000000000
16083  6.982  -62.196  -20.179 0.8000000119
14326  7.312  -64.005  -21.377 0.8000000119
16156  7.104  -62.996  -22.332 0.6999999881
1696  21.980  -77.627  -4.738 0.8999999762
1695  22.553  -77.786  -4.312 0.8999999762
14283  7.288  -63.739  -20.684 0.8000000119
13297  7.500  -65.168  -21.289 0.6000000238
17051  6.951  -61.182  -21.712 0.6999999881
2197  20.856  -77.072  -7.074 0.8000000119
2173  21.272  -76.859  -5.401 0.8999999762
13281  7.635  -65.004  -20.505 0.8000000119
1737  21.094  -77.658  -7.740 0.8000000119
2705  21.066  -76.410  -6.774 1.0000000000
2678  21.618  -76.220  -5.201 0.8999999762
10658  7.537  -67.489  -20.927 0.5000000000
10641  7.527  -67.367  -20.147 0.6000000238
1746  22.588  -78.042  -8.446 0.6000000238
2210  22.612  -77.008  -8.252 0.8000000119
2714  23.084  -76.379  -8.113 0.8999999762
3291  21.977  -75.580  -7.600 0.8999999762
1757  25.326  -77.959  -9.296 0.6999999881
1325  24.741  -78.449  -8.101 0.8000000119
2208  24.320  -77.154  -7.757 0.8999999762
3290  22.756  -75.637  -7.899 0.8000000119
1733  25.621  -78.004  -7.878 0.6000000238
1734  24.733  -77.910  -7.795 0.6999999881
2260  25.466  -76.683  -10.330 0.6999999881
1765  25.425  -77.421  -9.745 0.6999999881
3347  25.035  -75.756  -11.584 0.5000000000
2793  24.351  -76.157  -12.246 0.5000000000
6306  9.187  -72.173  1.608 1.0000000000
5611  9.078  -72.981  1.950 1.0000000000
3696  8.943  -74.996  4.078 0.8000000119
226026  8.962  -76.041  5.790 0.8000000119
1586  7.911  -77.437  7.013 0.4000000060
2078  8.380  -77.180  5.970 0.6000000238
2059  8.868  -76.797  6.776 0.8000000119
876  14.583  -78.913  3.129 0.6999999881
2038  7.652  -76.974  8.381 0.3000000119
7152  17.344  -70.955  -3.347 0.8000000119
6416  17.402  -71.788  -4.362 0.8000000119
6415  18.186  -71.664  -4.383 0.8000000119
5733  18.051  -72.915  -4.965 0.8000000119
4420  19.275  -73.578  -4.049 0.8000000119
3229  19.246  -74.987  -3.319 0.8000000119
4389  19.764  -74.335  -2.682 0.8000000119
3188  20.159  -75.897  -1.517 0.6999999881
2641  19.431  -76.238  -2.239 0.6999999881
2629  20.821  -76.161  -1.088 0.8000000119
2132  19.978  -77.179  -1.472 0.6999999881
2123  20.971  -77.262  -0.824 0.8000000119
1652  22.538  -77.670  -0.296 0.8999999762
1653  21.862  -77.759  -0.486 0.8999999762
1244  22.173  -78.305  -0.632 0.8999999762
902  21.818  -78.847  -1.011 1.0000000000
906  23.182  -78.444  -1.256 0.8999999762
920  23.221  -78.642  -1.842 0.8999999762
1276  23.425  -78.384  -3.133 0.8999999762
18887  7.244  -60.386  -18.079 1.0000000000
17921  7.382  -61.430  -18.315 0.8999999762
18901  6.805  -60.392  -19.118 0.8999999762
1687  23.178  -77.881  -3.820 0.8999999762
16990  7.205  -62.225  -19.360 0.8000000119
17036  6.885  -61.208  -21.138 0.6999999881
18951  6.931  -60.469  -21.563 0.6999999881
2163  23.148  -77.191  -4.153 0.8999999762
15171  7.381  -63.415  -19.746 0.8999999762
2667  22.924  -76.419  -4.470 0.8000000119
13261  7.827  -64.843  -19.587 0.8000000119
3241  22.389  -75.460  -4.887 0.8999999762
12329  7.646  -65.707  -20.764 0.8000000119
2716  21.413  -76.340  -7.468 1.0000000000
11452  7.649  -66.785  -19.522 0.8999999762
3863  21.977  -74.994  -7.315 0.8999999762
2240  27.324  -76.821  -9.141 0.8000000119
2752  26.602  -76.533  -9.974 0.6999999881
2223  26.786  -77.195  -8.507 0.8000000119
1731  26.484  -77.461  -7.873 0.6000000238
2207  25.244  -77.021  -7.393 0.6000000238
3861  23.269  -75.049  -7.747 0.6999999881
2242  26.149  -77.211  -9.238 0.6999999881
3333  25.505  -75.895  -11.004 0.6999999881
3120  8.903  -75.902  4.399 0.8000000119
2029  7.114  -76.326  9.643 0.3000000119
1574  8.595  -77.235  7.589 0.6999999881
7130  17.169  -70.939  -2.581 0.8000000119
2039  7.043  -76.554  8.846 0.3000000119
7106  17.536  -70.464  -2.258 0.8000000119
7169  18.171  -71.133  -4.048 0.8000000119
5720  19.230  -72.518  -4.137 0.8000000119
3805  19.378  -74.462  -3.373 0.8000000119
3187  20.660  -75.713  -1.273 0.8000000119
3782  20.192  -74.818  -1.919 0.8000000119
3760  21.756  -75.356  -0.752 0.8999999762
2618  22.477  -76.264  -0.151 0.8999999762
3178  21.493  -75.866  -0.737 0.8999999762
2122  21.500  -77.152  -0.537 0.8999999762
17901  7.828  -61.282  -17.307 1.0000000000
19956  6.685  -59.740  -20.807 0.6999999881
2153  24.837  -76.835  -3.111 0.8000000119
3227  24.269  -75.921  -4.027 0.8000000119
16050  7.635  -63.020  -18.460 0.8999999762
3878  27.175  -74.919  -8.302 0.8000000119
3804  23.816  -75.422  -4.193 0.8000000119
14249  7.861  -64.266  -18.951 0.8999999762
12313  7.744  -65.793  -19.989 0.8000000119
3876  28.273  -75.521  -9.117 0.8999999762
3286  27.683  -75.725  -7.935 0.6000000238
4426  22.207  -74.186  -5.354 0.8000000119
10628  7.557  -67.713  -19.076 0.8999999762
2750  28.279  -76.387  -10.251 0.8999999762
2741  28.066  -76.488  -9.284 0.8999999762
3274  26.786  -75.702  -7.094 0.5000000000
3275  26.148  -75.596  -7.076 0.6000000238
4443  24.277  -73.965  -7.562 0.5000000000
5742  22.715  -72.476  -6.070 0.6000000238
5068  22.430  -73.089  -6.132 0.6999999881
8969  7.592  -69.064  -18.721 0.6000000238
9758  7.547  -68.465  -18.325 0.8000000119
2751  27.421  -76.485  -9.873 0.8999999762
2203  27.676  -76.743  -8.187 0.5000000000
2703  25.830  -76.183  -7.052 0.5000000000
4455  24.461  -74.714  -7.592 0.6000000238
4457  23.063  -74.406  -7.527 0.6000000238
4446  22.140  -74.097  -6.741 0.8000000119
3358  25.957  -75.271  -12.387 0.6000000238
2763  26.826  -76.161  -10.544 0.6999999881
3929  25.765  -74.967  -12.982 0.5000000000
3359  25.280  -75.355  -12.149 0.6000000238
3961  24.682  -74.844  -13.920 0.4000000060
3073  6.722  -75.576  10.244 0.3000000119
1554  8.014  -77.004  9.901 0.6999999881
1567  8.238  -77.307  8.278 0.6999999881
7921  18.316  -70.205  -3.303 0.8000000119
6397  19.089  -71.285  -4.032 0.8000000119
4400  20.025  -73.549  -2.858 0.8000000119
5022  20.763  -73.098  -2.278 0.8000000119
4388  20.190  -73.950  -2.388 0.8000000119
3771  20.702  -74.945  -1.498 0.8000000119
21976  9.098  -58.126  -15.265 0.8999999762
20919  8.059  -58.446  -16.010 1.0000000000
20935  7.689  -58.623  -16.514 1.0000000000
19901  7.117  -58.654  -17.478 1.0000000000
19884  7.796  -59.487  -16.533 1.0000000000
18871  7.642  -60.165  -17.124 1.0000000000
19918  6.984  -59.241  -18.027 0.8999999762
20997  6.113  -58.029  -19.442 0.6999999881
21027  6.315  -58.369  -21.036 0.6000000238
2658  25.142  -76.216  -3.374 0.8000000119
17885  7.942  -60.730  -16.789 1.0000000000
3226  24.859  -75.720  -3.754 0.8000000119
17900  8.152  -61.741  -16.779 1.0000000000
16962  7.674  -62.352  -17.879 0.8999999762
16049  7.895  -63.371  -18.040 0.8999999762
13239  8.008  -64.946  -18.779 0.8000000119
4474  25.993  -73.946  -8.550 0.6999999881
5041  24.869  -73.369  -3.838 0.6999999881
4409  24.637  -74.257  -3.953 0.8000000119
12294  7.918  -65.830  -18.943 0.8000000119
3316  28.967  -75.803  -9.766 0.8999999762
4453  26.427  -74.552  -7.914 0.6000000238
5078  25.425  -73.817  -7.777 0.6000000238
5042  24.153  -73.525  -4.148 0.8000000119
9715  7.957  -68.244  -17.200 0.8999999762
5754  22.972  -72.465  -6.598 0.6000000238
6431  23.039  -71.886  -5.483 0.6000000238
5706  24.234  -72.541  -4.055 0.6000000238
5056  22.471  -73.416  -5.291 0.8000000119
7388  9.376  -70.844  -16.845 0.6000000238
8151  7.991  -69.646  -17.379 0.6999999881
8921  8.589  -69.026  -16.821 0.8000000119
3357  26.727  -75.548  -12.581 0.8000000119
4444  23.509  -73.823  -7.449 0.6000000238
3374  26.281  -75.201  -13.097 0.6000000238
3959  26.134  -74.964  -14.132 0.6000000238
3979  25.033  -74.502  -14.905 0.4000000060
4016  25.047  -74.530  -16.275 0.4000000060
2510  7.194  -76.281  11.222 0.6000000238
4374  22.023  -74.069  -1.128 0.8999999762
20918  8.436  -58.819  -15.632 0.8999999762
23092  7.057  -57.451  -17.107 1.0000000000
22023  6.696  -57.638  -17.691 1.0000000000
20979  6.501  -58.376  -18.662 0.8999999762
18857  8.429  -60.326  -15.791 0.8999999762
22051  6.019  -57.283  -19.194 0.6999999881
3792  27.606  -74.706  -2.634 0.6000000238
3800  26.504  -74.884  -3.300 0.6999999881
16038  8.066  -63.167  -17.506 0.8999999762
2285  29.592  -76.274  -12.321 0.8999999762
3918  29.359  -75.010  -11.658 0.8000000119
4407  26.323  -74.048  -3.443 0.8000000119
3802  25.129  -74.955  -3.783 0.8000000119
15128  8.479  -64.090  -17.165 0.8999999762
2778  29.782  -76.096  -11.740 0.8000000119
3905  29.238  -75.043  -10.896 0.8000000119
3892  27.998  -75.039  -9.471 0.8000000119
4487  26.259  -73.999  -9.217 0.6999999881
14234  8.103  -64.470  -18.315 0.8999999762
11390  8.172  -67.162  -17.252 0.8999999762
9713  9.008  -68.280  -17.005 0.8999999762
2301  28.982  -76.787  -13.249 0.8999999762
2287  28.517  -76.713  -12.670 0.8999999762
2275  28.813  -76.565  -11.842 0.8999999762
2748  29.525  -76.149  -10.722 0.8000000119
5115  25.445  -73.350  -8.598 0.6999999881
5766  24.882  -72.804  -7.852 0.6000000238
5752  24.428  -72.657  -7.574 0.5000000000
5040  25.650  -73.277  -3.501 0.6000000238
5704  25.888  -72.438  -3.318 0.5000000000
2303  27.894  -76.901  -13.712 1.0000000000
2288  28.016  -76.735  -13.189 0.8999999762
2792  27.857  -76.393  -12.564 1.0000000000
6481  24.311  -71.596  -8.224 0.6999999881
6460  24.097  -71.688  -7.468 0.5000000000
7191  23.498  -70.640  -6.267 0.5000000000
7167  23.902  -70.897  -4.609 0.5000000000
5705  25.122  -72.507  -3.596 0.6000000238
6645  8.847  -71.579  -17.087 0.5000000000
8134  9.514  -69.958  -16.592 0.8999999762
2329  27.431  -77.281  -14.973 1.0000000000
3372  27.120  -76.092  -13.406 1.0000000000
7936  23.894  -70.160  -5.032 0.5000000000
7166  24.671  -70.808  -4.003 0.5000000000
3414  26.708  -76.107  -15.654 1.0000000000
3401  26.720  -75.839  -14.894 1.0000000000
3958  26.538  -75.293  -14.042 0.8000000119
3430  26.502  -75.738  -16.546 0.6999999881
3996  26.324  -75.260  -15.647 0.6999999881
3997  25.602  -74.635  -15.647 0.4000000060
3447  26.491  -75.858  -17.382 0.6999999881
4015  25.897  -74.913  -16.541 0.6000000238
4032  24.501  -74.662  -17.043 0.4000000060
4051  25.756  -75.117  -18.131 0.4000000060
4031  25.271  -74.712  -17.134 0.4000000060
1537  8.485  -77.440  11.214 0.8000000119
1543  8.807  -77.300  10.564 0.6999999881
2015  8.864  -77.029  9.718 0.6999999881
2037  8.785  -77.003  8.224 0.6999999881
1976  7.749  -76.561  12.262 0.8000000119
1560  8.083  -77.161  9.058 0.6000000238
5472  7.423  -72.785  12.039 0.1000000015
23009  8.174  -56.522  -15.680 1.0000000000
23038  9.529  -57.103  -15.314 0.8999999762
21951  9.302  -58.724  -15.073 0.8999999762
24252  6.555  -56.709  -17.180 1.0000000000
23109  6.079  -56.879  -18.007 0.8000000119
24277  5.648  -56.036  -18.000 0.8000000119
4397  27.962  -73.878  -2.773 0.5000000000
16941  8.764  -61.960  -15.742 1.0000000000
3354  29.442  -75.306  -12.617 0.8999999762
4399  26.711  -73.582  -3.288 0.4000000060
2300  29.443  -76.279  -13.034 0.8999999762
4492  27.803  -74.341  -10.363 0.8000000119
5131  26.040  -73.399  -9.972 0.8000000119
5692  27.306  -72.475  -3.038 0.4000000060
5031  26.968  -73.127  -3.164 0.4000000060
15114  8.853  -64.041  -16.319 1.0000000000
13185  8.740  -65.489  -17.045 0.8999999762
2327  29.082  -77.085  -14.630 0.8000000119
5130  26.627  -73.726  -10.171 0.8000000119
5132  25.364  -72.793  -9.939 0.6999999881
7240  24.088  -71.144  -8.484 0.6000000238
4628  10.412  -73.408  -18.228 0.8000000119
11389  8.556  -66.788  -17.102 0.8999999762
10554  9.350  -67.479  -17.065 0.8999999762
1832  28.169  -77.643  -15.205 0.8999999762
7984  23.652  -70.171  -6.911 0.5000000000
6393  25.467  -71.711  -3.405 0.5000000000
4599  10.497  -74.208  -16.179 0.8000000119
4614  10.751  -74.188  -17.810 0.8999999762
6666  9.965  -72.178  -17.604 0.6999999881
7387  10.183  -70.788  -17.007 0.8000000119
8920  9.254  -69.067  -16.803 0.8999999762
2330  26.952  -76.966  -15.342 1.0000000000
7935  24.448  -69.900  -4.497 0.5000000000
7934  25.136  -69.976  -3.940 0.5000000000
7146  25.836  -70.886  -3.366 0.5000000000
6665  10.275  -71.950  -17.660 0.8000000119
2343  27.328  -77.310  -15.640 1.0000000000
2355  26.755  -76.804  -16.646 0.8999999762
1870  26.813  -77.199  -17.549 0.8999999762
2377  26.647  -76.934  -17.929 0.8000000119
3460  26.101  -75.496  -18.034 0.6000000238
2871  26.440  -76.156  -18.214 0.6000000238
2885  25.316  -75.845  -19.477 0.5000000000
3470  24.532  -75.270  -19.441 0.5000000000
4043  24.813  -74.717  -17.840 0.4000000060
1983  8.923  -77.095  11.924 0.8000000119
1984  8.346  -77.130  11.849 0.8000000119
3033  8.303  -75.474  13.758 0.4000000060
24188  9.001  -56.216  -15.273 0.8999999762
26535  9.004  -54.526  -15.651 0.8999999762
25303  7.846  -55.475  -15.753 1.0000000000
24190  7.325  -56.417  -16.414 1.0000000000
26507  7.226  -54.786  -15.761 1.0000000000
26538  6.898  -55.107  -16.110 1.0000000000
26554  6.063  -55.357  -16.576 1.0000000000
27808  5.562  -54.433  -17.364 0.8000000119
27787  5.488  -54.572  -16.607 0.8999999762
26602  5.851  -54.740  -18.719 0.8000000119
19854  9.569  -59.771  -14.659 0.8999999762
18846  8.796  -60.214  -15.291 0.8999999762
17870  8.825  -61.016  -15.384 0.8999999762
4525  28.484  -74.289  -12.174 0.6999999881
16015  9.192  -62.646  -15.379 1.0000000000
16016  8.800  -62.845  -15.939 1.0000000000
2826  29.531  -76.240  -14.519 0.8000000119
5136  27.396  -73.722  -11.030 0.8000000119
5138  26.199  -72.888  -10.847 0.6999999881
6514  24.836  -71.766  -10.144 0.6999999881
13170  9.434  -65.327  -16.261 0.8999999762
2342  28.945  -77.327  -15.051 0.8000000119
6507  24.454  -71.578  -9.458 0.6000000238
8773  23.601  -69.455  -6.758 0.4000000060
6377  26.689  -71.637  -3.125 0.4000000060
11373  9.673  -66.311  -16.578 0.8999999762
10552  9.918  -67.263  -17.174 0.8999999762
1856  28.410  -77.450  -16.376 0.8999999762
8748  23.833  -69.295  -5.530 0.5000000000
8731  25.176  -69.112  -4.230 0.5000000000
7915  26.465  -70.188  -3.345 0.4000000060
4578  10.126  -73.753  -15.048 0.6000000238
1084  27.150  -76.960  -16.649 1.0000000000
8711  25.617  -69.491  -3.854 0.5000000000
5272  11.412  -73.427  -18.644 0.8999999762
5273  10.767  -73.108  -18.548 0.8000000119
8918  10.418  -69.741  -16.977 0.8999999762
1464  26.888  -77.498  -17.942 0.8999999762
8147  10.654  -70.219  -17.197 0.8999999762
1894  26.212  -77.179  -19.254 0.8000000119
2390  26.014  -76.756  -19.276 0.5000000000
2403  25.258  -76.617  -19.998 0.5000000000
3489  24.904  -76.129  -20.148 0.5000000000
2903  24.237  -76.239  -20.799 0.4000000060
2915  24.380  -76.607  -20.894 0.6000000238
2917  23.335  -76.407  -21.627 0.3000000119
3649  8.300  -74.821  9.067 1.0000000000
3083  8.724  -75.770  7.924 1.0000000000
2509  9.102  -76.460  11.372 0.8999999762
2014  8.998  -76.867  10.209 0.6999999881
2530  8.915  -76.495  9.850 0.8000000119
2531  8.798  -76.255  9.286 0.8000000119
2048  8.864  -76.674  7.421 0.8000000119
1993  9.095  -76.910  11.629 0.8000000119
24220  10.794  -56.330  -16.801 0.8999999762
24186  10.515  -56.522  -16.136 0.8999999762
25343  10.150  -55.080  -16.377 0.8999999762
26534  9.677  -54.471  -16.146 0.8999999762
27785  9.026  -53.345  -16.661 1.0000000000
27759  8.240  -53.692  -15.762 1.0000000000
27729  5.891  -54.316  -15.540 1.0000000000
30256  5.996  -52.650  -15.065 1.0000000000
21974  10.823  -58.010  -15.434 0.8999999762
21975  10.014  -57.918  -15.252 0.8999999762
30279  5.288  -52.723  -15.860 0.8000000119
29065  5.615  -53.564  -17.265 0.8000000119
30351  5.844  -52.810  -18.186 0.6999999881
7123  27.248  -71.162  -3.037 0.4000000060
20900  10.758  -58.964  -14.558 0.8999999762
17869  9.425  -61.130  -14.758 0.8999999762
30328  4.489  -51.986  -17.096 0.6000000238
27835  5.438  -53.589  -19.231 0.5000000000
4526  27.972  -73.843  -12.338 0.6999999881
8709  27.077  -69.489  -3.436 0.5000000000
18829  10.234  -60.300  -14.155 0.8999999762
16927  9.765  -61.821  -14.653 0.8999999762
15098  9.340  -63.658  -15.555 1.0000000000
2340  29.528  -76.520  -14.936 0.8000000119
5151  26.540  -72.789  -11.583 0.6999999881
8014  24.002  -70.269  -9.309 0.6000000238
13169  9.875  -65.280  -15.943 1.0000000000
12224  10.119  -66.047  -16.306 0.8999999762
2353  29.219  -76.817  -16.202 0.8000000119
8792  23.745  -69.959  -7.990 0.5000000000
8747  24.080  -68.736  -5.399 0.5000000000
8710  26.265  -69.360  -3.673 0.5000000000
2366  28.709  -77.072  -17.057 0.8999999762
5216  10.750  -73.178  -15.553 0.8999999762
9730  10.080  -68.324  -17.530 0.8999999762
9731  9.866  -68.558  -17.247 0.8999999762
1462  27.529  -77.726  -18.223 0.8999999762
1891  27.893  -77.479  -18.348 0.8999999762
4598  10.853  -73.827  -16.477 0.8000000119
1892  27.338  -77.676  -18.707 0.8999999762
2401  27.770  -77.196  -19.551 1.0000000000
5945  10.894  -72.283  -18.610 0.8999999762
6681  11.265  -71.442  -18.757 0.8999999762
1906  26.313  -77.508  -19.728 0.8999999762
1915  26.588  -77.512  -20.580 1.0000000000
1916  25.777  -77.502  -20.499 1.0000000000
1929  25.242  -77.458  -21.179 0.8999999762
1907  25.747  -77.139  -19.867 0.6999999881
1917  25.101  -77.197  -20.603 0.6000000238
2928  23.484  -76.842  -21.814 0.5000000000
2435  22.575  -76.852  -22.408 0.3000000119
2445  22.247  -77.023  -22.852 0.4000000060
3055  8.709  -75.358  11.260 1.0000000000
3079  8.483  -75.488  8.527 0.8999999762
3054  9.074  -75.731  11.762 1.0000000000
3062  8.865  -75.911  10.735 0.8999999762
3072  8.538  -75.588  9.771 1.0000000000
2493  9.612  -76.215  13.438 0.6999999881
2501  9.608  -76.113  12.904 0.8000000119
24251  11.036  -56.181  -17.797 0.8000000119
25381  10.709  -55.601  -18.422 0.8999999762
26601  10.185  -54.218  -19.402 0.8000000119
25342  10.558  -55.467  -17.029 0.8999999762
26581  10.150  -54.244  -18.556 0.8999999762
27806  9.295  -53.121  -17.319 0.8999999762
29011  7.643  -52.928  -15.520 1.0000000000
28984  7.175  -53.081  -15.198 1.0000000000
23067  11.755  -57.197  -16.527 0.8000000119
31534  5.917  -51.765  -14.953 1.0000000000
31556  5.306  -51.814  -15.542 0.8000000119
6553  25.698  -71.739  -11.969 0.6000000238
21948  11.197  -58.507  -14.957 0.8999999762
20876  11.004  -59.392  -14.137 0.8999999762
31596  4.993  -51.963  -16.852 0.6999999881
7279  24.946  -70.784  -11.450 0.6000000238
7264  24.851  -71.276  -10.635 0.6000000238
17854  10.377  -61.393  -14.073 0.8999999762
15081  10.000  -63.273  -14.772 1.0000000000
5814  25.679  -72.129  -11.206 0.6000000238
9574  23.683  -68.763  -6.684 0.5000000000
9542  25.844  -68.322  -4.335 0.5000000000
15067  10.558  -62.933  -14.280 0.8999999762
14176  10.752  -64.542  -15.120 1.0000000000
12222  11.037  -65.538  -15.795 1.0000000000
2881  28.997  -76.072  -19.024 0.8000000119
2365  29.064  -76.596  -17.196 0.6999999881
11402  10.467  -66.779  -17.298 0.8999999762
2411  27.594  -77.014  -20.183 1.0000000000
2400  28.173  -76.943  -19.171 0.8999999762
2914  27.066  -76.266  -21.515 0.8999999762
8936  10.497  -69.198  -17.442 0.8999999762
2412  27.099  -77.134  -20.616 1.0000000000
7403  11.356  -70.467  -18.537 0.8999999762
8166  10.979  -69.809  -17.887 0.8999999762
2430  26.261  -76.723  -21.745 1.0000000000
1941  25.999  -77.165  -21.603 1.0000000000
5250  11.941  -73.084  -18.068 0.8000000119
2440  25.341  -76.530  -22.512 1.0000000000
1942  25.420  -77.341  -21.759 1.0000000000
2442  24.289  -76.958  -22.933 1.0000000000
1944  24.178  -77.393  -21.985 0.8000000119
1945  23.625  -77.417  -22.282 0.6000000238
2444  22.887  -77.300  -23.026 0.4000000060
1953  23.682  -77.301  -22.949 1.0000000000
2458  22.057  -77.040  -24.110 0.5000000000
2455  21.218  -76.999  -24.024 0.4000000060
2970  21.057  -76.790  -24.537 0.6000000238
2456  22.992  -76.880  -23.965 0.6999999881
3622  8.802  -74.261  11.953 1.0000000000
4223  8.431  -73.790  10.929 1.0000000000
4232  8.285  -73.774  9.933 1.0000000000
4206  9.315  -74.314  12.820 1.0000000000
4205  9.816  -74.305  13.414 1.0000000000
3063  8.506  -75.115  10.605 1.0000000000
3047  9.464  -75.678  12.681 1.0000000000
3609  10.166  -74.937  14.157 0.8999999762
25401  10.834  -55.569  -19.356 0.8000000119
26638  10.640  -54.453  -20.622 0.6999999881
24292  11.690  -56.023  -19.290 0.6999999881
25419  11.659  -55.749  -19.970 0.6999999881
29091  9.237  -52.427  -18.452 0.8999999762
25397  13.860  -55.935  -19.140 0.6000000238
29144  9.765  -52.801  -19.510 0.8999999762
31594  9.400  -51.660  -17.466 0.8999999762
30301  8.423  -52.060  -16.444 1.0000000000
24273  12.597  -56.254  -18.210 0.6999999881
30274  10.006  -52.043  -15.868 0.8999999762
30275  9.464  -51.666  -15.556 1.0000000000
30277  7.672  -52.189  -15.526 1.0000000000
30254  7.232  -52.269  -15.093 1.0000000000
23090  12.188  -56.792  -17.018 0.6999999881
23035  12.113  -57.493  -15.874 0.6000000238
31530  8.596  -51.367  -15.245 1.0000000000
31510  7.720  -51.457  -14.471 1.0000000000
31533  6.723  -51.507  -14.655 1.0000000000
10409  24.387  -67.476  -6.644 0.5000000000
10375  25.142  -67.867  -4.975 0.5000000000
20898  11.915  -58.819  -14.224 0.6999999881
19812  11.846  -60.370  -13.362 0.8000000119
17815  11.938  -61.455  -13.443 0.8000000119
30235  8.729  -52.063  -14.430 1.0000000000
32830  6.046  -50.844  -13.995 1.0000000000
32863  4.978  -51.144  -15.245 0.6999999881
8047  24.678  -70.178  -11.797 0.6000000238
8029  24.356  -69.766  -10.793 0.5000000000
8801  23.923  -69.534  -9.558 0.5000000000
10421  24.113  -67.736  -7.831 0.5000000000
18789  11.200  -60.955  -13.570 0.8999999762
15962  11.549  -62.316  -13.871 0.8000000119
14175  11.406  -64.307  -15.027 1.0000000000
32832  4.565  -50.828  -13.815 0.6000000238
8791  23.775  -69.509  -8.701 0.5000000000
13182  12.003  -64.744  -16.146 1.0000000000
8098  18.892  -69.684  -15.212 0.8000000119
8889  18.530  -69.228  -14.833 0.8000000119
8084  17.957  -69.518  -14.540 0.8999999762
12254  10.847  -66.342  -16.985 0.8999999762
3499  28.070  -75.549  -21.087 0.8000000119
4074  27.305  -74.733  -22.076 0.6999999881
5306  24.617  -73.006  -21.120 0.6000000238
5293  24.352  -72.934  -20.352 0.5000000000
7366  19.359  -70.968  -16.362 0.8000000119
7348  18.926  -70.539  -16.105 0.8000000119
7332  17.927  -70.429  -15.393 0.8999999762
8069  17.017  -69.546  -13.753 0.8000000119
11438  10.331  -66.646  -19.090 0.8000000119
10591  10.242  -67.553  -17.842 0.8000000119
3509  27.150  -75.573  -22.040 0.8999999762
4095  26.327  -74.442  -23.804 0.8000000119
5316  25.213  -73.171  -22.696 0.8000000119
5307  23.696  -73.568  -21.458 0.6000000238
5280  23.522  -73.290  -19.924 0.6000000238
6637  18.857  -71.484  -17.252 0.8000000119
7367  18.671  -70.916  -16.708 0.8999999762
7349  18.038  -70.625  -16.134 0.8999999762
6569  16.460  -71.653  -13.611 0.8999999762
5848  15.751  -72.360  -13.507 0.8999999762
5182  13.710  -73.033  -13.323 0.8999999762
5851  13.288  -72.247  -13.449 0.8999999762
10611  10.349  -67.691  -18.688 0.8999999762
9757  10.403  -68.496  -18.127 0.8000000119
2939  26.253  -75.997  -22.403 0.8999999762
5311  24.473  -73.364  -22.104 0.6999999881
6638  18.132  -71.423  -17.526 0.8000000119
6639  17.366  -71.670  -17.411 0.8000000119
5867  17.516  -72.380  -15.256 0.8999999762
5206  17.112  -73.176  -14.748 0.8999999762
5199  15.825  -73.595  -13.818 0.8000000119
5184  12.114  -72.988  -13.131 0.8999999762
5868  11.259  -72.237  -14.854 0.8999999762
5892  11.997  -72.070  -16.530 0.8999999762
5906  12.274  -72.265  -17.329 0.8999999762
8185  11.429  -69.656  -19.535 0.8999999762
8967  10.968  -69.236  -18.609 0.8999999762
3521  25.576  -75.825  -22.966 0.8999999762
5904  18.878  -71.876  -17.557 0.8000000119
6661  17.539  -72.078  -17.882 0.8000000119
5214  17.337  -73.371  -15.695 0.8999999762
4585  17.080  -74.108  -15.693 0.8999999762
4577  15.991  -74.428  -14.391 0.8999999762
5958  11.604  -72.069  -20.005 1.0000000000
2954  24.403  -76.253  -23.410 0.8999999762
2955  23.780  -76.584  -23.629 1.0000000000
2966  23.951  -76.088  -23.875 0.8999999762
4124  20.056  -75.103  -25.089 0.6999999881
3546  19.584  -75.550  -25.289 0.6999999881
4126  18.643  -75.116  -24.948 0.6999999881
2967  23.197  -76.506  -24.182 0.8000000119
3542  22.381  -75.821  -24.947 0.8000000119
3544  21.068  -75.717  -25.228 0.6999999881
2978  20.651  -76.262  -25.064 0.6999999881
4104  17.920  -74.535  -23.598 0.6999999881
4105  17.179  -74.329  -23.287 0.6999999881
4072  16.169  -74.676  -21.176 0.6000000238
2976  22.069  -76.266  -24.881 0.8999999762
4811  10.271  -73.558  13.360 1.0000000000
4198  10.168  -74.522  13.883 1.0000000000
3031  10.276  -75.137  14.670 0.8999999762
2478  9.848  -75.859  14.961 0.6999999881
3586  10.821  -74.581  16.395 0.6999999881
2990  10.203  -74.919  17.355 0.5000000000
3554  10.109  -74.264  18.876 0.6000000238
30393  18.974  -52.035  -19.396 0.4000000060
29158  17.221  -53.313  -20.741 0.4000000060
27867  16.315  -54.220  -20.882 0.4000000060
25449  14.169  -55.541  -21.436 0.5000000000
25471  12.669  -55.278  -21.959 0.5000000000
30371  18.413  -52.390  -18.892 0.4000000060
29134  17.858  -52.834  -19.432 0.4000000060
26636  15.177  -55.146  -20.712 0.4000000060
25453  11.554  -54.964  -21.345 0.6999999881
27873  11.535  -53.533  -20.766 0.6999999881
29141  11.808  -52.890  -19.552 0.8999999762
30376  10.755  -52.353  -18.791 0.8999999762
29108  17.331  -53.272  -18.892 0.4000000060
27849  16.334  -54.209  -19.862 0.4000000060
25415  14.424  -55.726  -19.596 0.6000000238
29165  10.519  -53.071  -20.214 0.8999999762
30349  10.407  -52.016  -18.190 0.8999999762
30299  10.261  -52.172  -16.791 0.8999999762
28982  10.700  -53.141  -14.993 0.8999999762
27832  16.375  -54.240  -18.883 0.4000000060
28983  10.111  -52.606  -15.046 0.8999999762
28953  7.499  -52.577  -13.223 1.0000000000
27671  7.814  -53.535  -12.628 1.0000000000
10373  26.369  -67.652  -4.853 0.4000000060
24288  14.417  -56.307  -18.227 0.6000000238
24248  13.578  -56.494  -17.345 0.6000000238
23089  12.651  -56.629  -16.882 0.6000000238
31497  6.851  -51.602  -13.459 1.0000000000
30206  6.331  -52.192  -12.747 1.0000000000
9597  24.057  -68.613  -9.352 0.5000000000
11211  25.403  -67.148  -5.738 0.5000000000
21946  12.852  -57.937  -14.733 0.6000000238
19832  12.797  -59.483  -13.459 0.6000000238
18786  13.298  -60.787  -13.427 0.6999999881
31486  5.553  -51.606  -12.521 1.0000000000
16014  12.468  -63.081  -15.432 0.8000000119
14194  12.117  -64.225  -15.728 0.8000000119
16061  11.630  -62.396  -18.563 0.6000000238
16048  11.920  -62.398  -17.863 0.6000000238
15126  12.208  -63.440  -16.662 0.6000000238
14214  11.986  -63.986  -17.362 0.8000000119
12270  11.231  -65.633  -17.495 0.8999999762
30209  4.775  -51.868  -11.928 0.8000000119
15155  11.399  -63.249  -18.825 0.5000000000
14232  11.479  -63.995  -18.283 0.6999999881
13215  11.552  -64.839  -17.823 0.6000000238
12271  10.907  -65.894  -17.978 0.8000000119
5940  23.874  -72.887  -18.847 0.5000000000
5888  21.512  -72.157  -16.676 0.6000000238
6621  21.196  -71.662  -16.317 0.8000000119
6635  20.098  -71.771  -16.771 0.8000000119
8872  17.547  -69.069  -14.047 0.8999999762
8874  15.400  -68.872  -14.006 0.8999999762
8086  14.994  -69.256  -14.029 0.8000000119
14248  11.140  -64.022  -19.091 0.6000000238
13238  10.613  -65.105  -19.166 0.6000000238
11420  10.585  -66.579  -18.053 0.8000000119
5949  23.875  -73.065  -19.519 0.5000000000
5889  20.794  -72.038  -16.713 0.8000000119
8070  16.290  -69.772  -13.603 0.8000000119
8071  15.329  -69.783  -13.751 0.8000000119
6570  15.453  -71.548  -13.407 0.8000000119
6572  13.695  -71.402  -13.556 0.8999999762
6584  12.582  -71.135  -14.705 1.0000000000
6585  12.065  -71.709  -14.447 1.0000000000
10626  10.374  -67.511  -19.750 0.8000000119
5312  23.966  -73.645  -22.049 0.6999999881
5296  22.155  -73.836  -20.546 0.6999999881
5282  22.151  -73.751  -19.758 0.6999999881
5245  20.023  -72.860  -17.861 0.8000000119
5922  19.915  -72.544  -17.565 0.8000000119
5180  15.311  -73.142  -13.447 0.8000000119
4543  14.770  -73.738  -13.424 0.8999999762
7371  12.517  -71.079  -16.545 1.0000000000
6641  12.523  -71.440  -17.135 1.0000000000
9799  10.612  -68.422  -19.317 0.8999999762
4666  23.555  -73.843  -22.295 0.8000000119
4667  22.804  -74.009  -22.402 0.6999999881
4643  22.351  -73.871  -21.119 0.6999999881
5265  20.329  -73.392  -18.534 0.8000000119
5246  19.170  -72.798  -18.137 0.8000000119
5248  17.047  -73.318  -18.415 0.8999999762
5234  17.173  -73.142  -17.561 0.8999999762
4034  17.106  -74.748  -17.054 0.8999999762
4542  15.300  -73.857  -13.619 0.8999999762
3969  14.176  -74.721  -13.514 0.8000000119
6663  12.645  -71.975  -18.048 0.8999999762
5950  12.293  -72.635  -19.238 0.8999999762
7425  11.505  -70.529  -19.816 0.8999999762
8997  11.147  -68.960  -19.871 1.0000000000
4692  23.771  -74.151  -23.649 0.8000000119
4682  22.351  -74.299  -23.153 0.6999999881
4611  17.114  -74.008  -17.947 0.6999999881
3464  16.988  -75.135  -17.739 0.6999999881
6686  12.554  -71.987  -19.649 0.8000000119
4111  24.177  -74.966  -24.391 0.8999999762
4702  23.222  -74.652  -24.445 0.8000000119
4116  20.552  -74.819  -24.637 0.8000000119
4117  19.798  -74.775  -24.589 0.8000000119
4103  18.751  -74.638  -23.819 0.8000000119
4639  16.783  -74.096  -19.653 0.6999999881
4057  16.973  -74.787  -18.648 0.6999999881
3537  22.980  -75.633  -24.776 0.8999999762
4098  22.330  -74.692  -24.313 0.8000000119
4115  21.250  -74.914  -24.669 0.8000000119
4685  17.419  -74.135  -22.348 0.6999999881
4673  17.250  -73.981  -21.634 0.6999999881
4663  16.610  -74.048  -20.689 0.6000000238
4801  11.272  -73.660  14.236 1.0000000000
4191  10.861  -74.486  14.913 0.8999999762
4173  11.206  -74.038  16.201 0.8000000119
4163  10.953  -74.087  17.369 0.8000000119
4745  10.889  -73.307  18.735 0.6999999881
4200  8.114  -74.119  13.884 0.3000000119
3571  9.487  -74.575  17.901 0.5000000000
3587  9.131  -74.529  16.162 0.4000000060
29105  22.880  -52.975  -18.525 0.3000000119
31608  21.206  -51.990  -18.616 0.3000000119
31644  20.619  -51.987  -19.514 0.3000000119
31661  19.607  -52.070  -20.264 0.2000000030
30414  18.469  -52.457  -20.716 0.4000000060
27888  16.236  -54.250  -21.911 0.2000000030
26690  14.295  -55.005  -22.721 0.4000000060
31630  19.627  -51.761  -18.894 0.4000000060
27892  12.512  -54.265  -21.165 0.6000000238
29088  11.812  -53.134  -18.073 0.8999999762
29082  17.346  -53.301  -17.864 0.3000000119
27817  16.392  -54.282  -17.931 0.4000000060
29007  11.550  -53.692  -15.775 0.8999999762
26579  15.580  -55.409  -17.803 0.4000000060
24269  15.105  -56.313  -17.362 0.6000000238
23062  15.185  -57.015  -16.344 0.5000000000
21943  15.133  -58.075  -14.962 0.5000000000
27689  10.031  -53.545  -13.577 1.0000000000
28952  8.082  -52.709  -13.477 1.0000000000
24217  14.482  -56.848  -16.769 0.6000000238
21944  14.412  -57.941  -14.815 0.5000000000
20871  14.448  -59.246  -13.950 0.5000000000
18828  14.370  -60.714  -14.363 0.6999999881
28950  9.401  -53.098  -13.877 1.0000000000
27651  6.393  -54.047  -11.594 1.0000000000
23033  13.802  -57.161  -15.706 0.6000000238
21922  13.352  -58.309  -14.249 0.5000000000
19809  13.781  -59.945  -13.468 0.6000000238
16906  13.057  -61.986  -14.601 0.8000000119
27674  5.694  -53.204  -11.865 1.0000000000
17853  13.554  -61.630  -15.054 0.6000000238
16939  12.669  -62.515  -15.682 0.8000000119
16972  12.271  -61.884  -17.763 0.5000000000
16036  12.175  -62.662  -16.844 0.6000000238
5242  22.661  -73.230  -18.392 0.6000000238
6620  21.956  -71.708  -16.343 0.6999999881
9687  14.757  -68.093  -14.788 0.8999999762
8876  14.308  -69.311  -14.426 0.8999999762
5263  22.037  -73.539  -18.832 0.6999999881
5232  21.343  -72.932  -17.444 0.6999999881
8088  13.921  -69.950  -14.395 0.8999999762
7370  12.907  -70.562  -16.237 1.0000000000
14262  10.464  -64.263  -20.356 0.5000000000
11451  10.206  -66.616  -19.920 0.6999999881
5283  21.512  -73.771  -19.240 0.8000000119
5244  20.897  -73.174  -17.953 0.8000000119
7424  13.070  -70.612  -19.893 0.8000000119
10640  10.484  -67.672  -20.685 0.6999999881
9818  10.761  -68.364  -20.138 0.8000000119
4668  22.054  -74.101  -22.334 0.6999999881
4633  21.601  -73.908  -20.376 0.6999999881
4621  20.573  -73.794  -19.147 0.8000000119
4647  19.357  -74.153  -20.358 0.8000000119
4648  18.533  -73.955  -20.243 0.8999999762
6694  11.805  -71.505  -20.578 0.8999999762
8195  11.353  -69.799  -20.505 0.8000000119
4625  16.945  -74.087  -18.937 0.8000000119
4099  21.749  -74.733  -24.219 0.8999999762
4694  22.213  -74.541  -23.850 0.8000000119
4102  19.569  -74.674  -23.926 0.6999999881
4091  17.857  -74.353  -22.703 0.8000000119
5299  16.845  -73.633  -19.813 0.8999999762
4792  11.507  -73.602  14.967 0.8999999762
4783  11.584  -73.497  15.721 0.8000000119
4774  11.958  -72.737  16.626 0.8999999762
4182  11.138  -74.168  15.407 0.8999999762
5408  11.937  -72.373  17.245 0.8999999762
4754  11.483  -72.959  17.905 0.6999999881
4744  11.257  -72.788  18.462 0.8000000119
4733  10.479  -73.253  19.420 0.8000000119
4724  10.123  -72.833  20.006 0.5000000000
3555  9.754  -74.223  19.028 0.5000000000
4735  9.415  -73.223  19.497 0.5000000000
5432  9.154  -72.787  14.505 0.2000000030
4786  9.128  -73.461  15.250 0.2000000030
4147  9.288  -73.947  18.411 0.5000000000
4176  9.217  -74.081  15.981 0.4000000060
30390  22.191  -52.487  -19.417 0.3000000119
29175  17.875  -52.934  -21.636 0.2000000030
27921  15.358  -54.289  -23.142 0.2000000030
29193  14.772  -53.899  -22.462 0.3000000119
27852  13.373  -53.726  -20.002 0.5000000000
29087  12.645  -53.120  -18.024 0.8999999762
29033  12.050  -53.831  -16.344 0.8999999762
27723  12.550  -54.366  -14.947 0.8999999762
30341  19.040  -51.949  -17.723 0.4000000060
27800  16.905  -53.961  -16.795 0.3000000119
26564  15.898  -55.266  -16.987 0.3000000119
27704  11.419  -53.942  -14.152 0.8999999762
23030  15.741  -57.090  -15.796 0.5000000000
27705  10.748  -53.545  -14.199 0.8999999762
27668  10.358  -54.182  -12.766 1.0000000000
27670  8.693  -53.822  -12.647 1.0000000000
26446  8.595  -54.472  -11.324 1.0000000000
24184  15.911  -56.642  -15.868 0.3000000119
27650  7.343  -54.046  -11.859 1.0000000000
19852  14.943  -59.497  -14.237 0.6000000238
17835  13.535  -61.263  -14.058 0.8000000119
26426  7.306  -54.557  -10.585 1.0000000000
18927  16.892  -60.263  -20.274 0.5000000000
18914  16.223  -60.874  -19.434 0.5000000000
17975  14.973  -61.154  -19.773 0.5000000000
27628  5.734  -54.115  -10.868 0.8999999762
17961  13.099  -61.146  -19.296 0.6000000238
17940  13.490  -61.091  -18.512 0.5000000000
17919  13.192  -61.127  -17.767 0.5000000000
17882  13.514  -61.371  -16.410 0.6000000238
27629  5.179  -53.532  -10.843 0.8999999762
27607  4.644  -53.235  -9.321 0.8999999762
17962  12.397  -61.337  -19.442 0.6000000238
17941  12.647  -61.321  -18.537 0.6000000238
8905  13.809  -69.102  -15.843 1.0000000000
17006  11.302  -62.273  -20.068 0.5000000000
15189  10.535  -63.811  -21.005 0.5000000000
14304  10.236  -64.802  -21.348 0.6000000238
12328  10.190  -66.170  -20.720 0.6999999881
4657  21.103  -74.094  -21.487 0.8000000119
4645  20.976  -74.013  -20.762 0.8000000119
4659  19.485  -74.360  -21.054 0.8000000119
4660  18.666  -74.256  -21.049 0.6999999881
7445  11.873  -71.096  -21.183 0.8000000119
9014  11.003  -69.021  -21.331 0.6999999881
4683  21.520  -74.402  -22.877 0.6999999881
4670  20.584  -74.390  -22.029 0.8000000119
4070  19.423  -74.524  -21.707 0.6999999881
4079  18.577  -74.480  -22.100 0.8999999762
4087  20.926  -74.605  -23.420 0.8999999762
4089  19.404  -74.637  -23.175 0.8000000119
4661  17.873  -73.980  -20.933 0.8000000119
4791  11.963  -73.005  15.234 0.8000000119
5416  12.297  -72.280  16.410 0.8000000119
6058  12.448  -71.543  16.943 0.8000000119
6050  12.003  -71.764  17.652 0.8000000119
6041  11.251  -71.744  18.930 0.8000000119
5390  10.966  -72.488  19.110 0.8000000119
6032  10.834  -71.808  19.580 0.8000000119
4785  9.518  -73.346  15.673 0.2000000030
5381  9.334  -72.569  19.712 0.5000000000
4756  9.774  -73.022  17.941 0.4000000060
4757  9.472  -73.336  18.213 0.5000000000
30429  20.190  -52.319  -21.283 0.2000000030
29190  17.843  -52.869  -22.449 0.2000000030
30460  16.640  -52.455  -23.262 0.2000000030
30449  15.607  -52.489  -22.671 0.4000000060
30311  23.654  -52.958  -17.370 0.2000000030
30431  18.798  -52.413  -21.310 0.2000000030
27919  16.658  -53.473  -23.170 0.2000000030
30434  15.512  -52.984  -21.751 0.4000000060
27869  14.553  -53.816  -20.627 0.4000000060
30312  21.965  -52.586  -17.750 0.2000000030
29139  13.585  -53.352  -19.433 0.8000000119
27803  13.018  -53.650  -16.654 0.8999999762
27755  12.930  -54.147  -15.586 0.8999999762
31588  20.712  -51.823  -17.648 0.3000000119
30291  19.839  -52.073  -16.508 0.3000000119
30317  18.437  -52.527  -16.855 0.3000000119
26550  16.715  -54.677  -15.944 0.3000000119
27686  12.613  -54.541  -13.211 0.8999999762
27687  11.811  -54.363  -13.415 0.8999999762
26444  10.218  -54.571  -11.401 1.0000000000
26424  8.976  -54.539  -10.602 1.0000000000
21941  16.578  -58.157  -14.801 0.4000000060
20894  16.190  -58.892  -14.748 0.5000000000
26425  8.153  -54.548  -10.583 1.0000000000
18826  15.999  -60.259  -14.931 0.5000000000
18844  15.023  -60.830  -15.049 0.5000000000
26407  6.782  -54.658  -9.874 1.0000000000
19929  17.154  -60.293  -19.083 0.4000000060
17958  15.246  -61.166  -19.119 0.5000000000
17916  15.492  -61.182  -17.967 0.5000000000
17852  14.258  -61.029  -14.810 0.6000000238
26360  6.331  -55.132  -7.677 0.8999999762
27598  4.406  -53.221  -8.636 0.6000000238
17960  13.860  -61.129  -19.210 0.5000000000
17917  14.757  -61.086  -17.855 0.5000000000
17896  14.512  -61.170  -17.131 0.5000000000
17881  14.267  -61.229  -16.375 0.5000000000
26378  5.682  -54.735  -8.257 0.8999999762
13310  10.349  -65.659  -22.449 0.6000000238
10657  10.565  -67.710  -21.530 0.6999999881
6066  12.614  -71.760  16.077 0.8999999762
6057  12.719  -71.057  16.793 0.8999999762
6784  12.240  -70.867  17.736 0.8000000119
6785  11.893  -70.835  18.263 0.8000000119
6778  11.601  -70.778  18.783 0.8999999762
7520  10.859  -70.443  19.827 0.8000000119
6022  10.466  -71.572  20.203 0.6999999881
5371  9.839  -72.312  20.373 0.6999999881
5392  9.562  -72.582  18.909 0.4000000060
31526  22.951  -50.807  -15.218 0.2000000030
32873  23.014  -50.839  -16.375 0.2000000030
31585  23.614  -52.000  -17.515 0.2000000030
31626  23.087  -52.148  -18.900 0.2000000030
31643  22.334  -51.948  -19.972 0.2000000030
30427  21.676  -52.167  -20.920 0.2000000030
31525  23.092  -51.271  -14.824 0.2000000030
31566  23.587  -51.880  -16.499 0.2000000030
31698  18.439  -51.591  -22.916 0.2000000030
29137  15.190  -53.292  -19.539 0.4000000060
29085  14.378  -52.614  -17.743 0.6999999881
27781  13.765  -53.442  -16.158 0.8999999762
30266  23.644  -52.516  -15.840 0.2000000030
29024  22.797  -53.448  -16.890 0.2000000030
30289  21.443  -52.396  -16.731 0.3000000119
26467  13.490  -54.609  -13.907 0.8999999762
27665  12.925  -54.533  -12.521 0.8999999762
26387  10.494  -54.649  -9.155 1.0000000000
26388  9.717  -54.566  -9.152 1.0000000000
30268  20.568  -52.505  -15.962 0.3000000119
30292  19.014  -52.532  -16.105 0.3000000119
29029  17.619  -53.749  -15.803 0.3000000119
26442  11.922  -54.661  -11.510 0.8999999762
26402  10.927  -54.683  -9.911 0.8999999762
29003  18.234  -53.751  -15.401 0.3000000119
26531  17.659  -54.670  -15.220 0.3000000119
25301  16.743  -56.254  -15.128 0.3000000119
20994  18.459  -58.775  -20.170 0.4000000060
24159  17.766  -56.490  -14.802 0.3000000119
21940  17.589  -58.187  -14.704 0.4000000060
20893  17.011  -58.934  -14.753 0.4000000060
19941  17.686  -59.718  -19.772 0.4000000060
18899  16.446  -60.922  -18.800 0.5000000000
17865  15.728  -61.150  -15.874 0.5000000000
26340  5.068  -54.899  -6.930 0.6000000238
18870  17.026  -60.944  -17.486 0.4000000060
17895  15.300  -61.249  -17.258 0.5000000000
25143  7.464  -55.967  -5.144 1.0000000000
26339  5.981  -55.291  -6.905 0.8000000119
25144  6.602  -55.924  -5.267 0.6999999881
6794  12.977  -70.595  16.748 0.8999999762
7543  12.754  -69.674  17.515 0.8999999762
8381  12.596  -69.343  17.809 0.8000000119
8365  11.850  -69.448  18.656 0.8999999762
7519  11.289  -70.127  19.378 0.8999999762
8366  11.433  -69.379  19.185 0.8999999762
8356  10.753  -69.639  19.844 0.8999999762
7508  10.393  -70.357  20.394 0.8999999762
6760  9.898  -70.930  20.864 0.6000000238
6015  9.231  -71.373  20.874 0.6999999881
6761  8.559  -70.655  20.552 0.5000000000
6033  9.269  -71.811  19.774 0.4000000060
32883  23.209  -51.049  -17.303 0.2000000030
31685  20.687  -51.709  -21.965 0.2000000030
30417  15.845  -52.773  -21.049 0.4000000060
29084  15.176  -52.724  -18.092 0.6999999881
29031  14.418  -52.913  -16.128 0.6999999881
28979  14.877  -53.321  -14.782 0.6999999881
26356  9.741  -54.745  -7.752 1.0000000000
26335  9.416  -55.036  -7.125 1.0000000000
30230  23.092  -52.036  -14.161 0.2000000030
28997  23.637  -53.350  -16.017 0.2000000030
27776  22.690  -53.656  -16.391 0.3000000119
27701  14.426  -54.079  -14.076 0.8999999762
27664  13.707  -54.504  -12.457 0.8999999762
26419  12.869  -54.616  -10.591 0.8999999762
26386  11.282  -54.694  -9.157 0.8999999762
19848  17.861  -59.300  -15.217 0.5000000000
18825  16.883  -60.252  -15.127 0.4000000060
18840  17.923  -60.088  -16.199 0.4000000060
17878  16.674  -61.171  -16.966 0.4000000060
9231  13.000  -68.446  17.430 0.8000000119
10081  12.014  -68.041  17.924 0.8999999762
9206  11.825  -68.978  18.642 0.8000000119
9208  10.528  -68.388  19.392 0.8999999762
8357  10.228  -69.160  20.135 0.8999999762
8346  10.094  -69.681  20.424 0.6999999881
8348  9.088  -68.923  21.087 0.6000000238
7501  9.130  -70.218  21.127 0.6000000238
6769  9.074  -70.896  19.585 0.4000000060
31700  16.602  -51.636  -22.869 0.3000000119
29109  16.128  -52.728  -19.120 0.4000000060
30272  15.108  -52.624  -15.527 0.6999999881
28948  14.938  -53.968  -13.341 0.8999999762
26372  10.877  -54.662  -8.428 1.0000000000
27642  13.836  -54.494  -11.528 0.8999999762
26399  13.154  -54.536  -9.937 0.8999999762
26371  11.657  -54.628  -8.441 0.8999999762
10931  11.985  -66.912  16.810 0.8000000119
10917  12.718  -67.586  17.178 0.8000000119
11758  13.139  -66.437  16.005 0.8000000119
10093  12.481  -67.966  17.599 0.8000000119
10095  11.335  -67.579  17.830 0.8999999762
10094  11.887  -67.725  17.692 0.8999999762
9207  11.362  -68.468  18.784 0.8999999762
10071  10.744  -67.983  18.794 0.8999999762
9209  10.010  -68.206  19.564 0.8999999762
9199  9.908  -68.571  20.027 0.8999999762
7534  9.054  -70.171  19.250 0.3000000119
7522  8.380  -69.831  19.753 0.3000000119
7502  8.559  -70.071  20.867 0.6000000238
8368  9.150  -69.721  18.909 0.3000000119
8358  8.297  -69.546  19.558 0.3000000119
30345  15.721  -52.483  -17.730 0.6000000238
30321  14.714  -52.508  -17.034 0.6999999881
30344  16.586  -52.022  -17.489 0.4000000060
30232  16.029  -52.470  -14.355 0.6999999881
28932  15.569  -53.750  -12.278 0.8999999762
31591  17.134  -51.509  -16.922 0.4000000060
31528  16.154  -52.080  -14.908 0.6999999881
27613  14.465  -54.230  -10.118 0.8999999762
26370  12.411  -54.556  -8.477 0.8999999762
26333  10.962  -54.824  -7.002 0.8999999762
31494  17.091  -51.561  -13.446 0.6000000238
30193  16.780  -52.447  -11.757 0.6999999881
26332  11.793  -54.779  -6.967 0.8999999762
26314  11.524  -55.021  -6.075 0.8999999762
32828  17.476  -50.824  -14.256 0.3000000119
31468  17.016  -51.208  -11.078 0.6000000238
30167  16.297  -51.952  -9.533 0.6999999881
34159  17.117  -49.819  -12.077 0.4000000060
32775  15.739  -51.254  -8.988 0.6999999881
34130  15.744  -49.957  -10.470 0.5000000000
32788  15.545  -50.460  -9.647 0.5000000000
34102  14.734  -50.613  -8.830 0.5000000000
34114  14.906  -50.361  -9.259 0.4000000060
32778  13.814  -50.391  -8.428 0.5000000000
32765  13.918  -50.715  -7.790 0.6000000238
11759  12.360  -66.461  16.245 0.8000000119
11776  11.879  -65.930  15.861 0.8000000119
11760  11.539  -66.408  16.334 0.8000000119
10933  10.304  -66.683  16.901 0.8000000119
10932  11.143  -66.797  16.905 0.8000000119
10920  10.660  -67.221  17.597 0.8999999762
10083  10.915  -67.684  18.251 0.8999999762
10921  9.560  -66.771  17.397 0.8999999762
10908  9.936  -67.329  18.096 0.8999999762
10085  9.681  -67.534  18.647 0.8999999762
10061  9.526  -68.035  19.660 0.8999999762
9201  8.530  -68.035  20.200 0.8000000119
9184  8.154  -68.948  20.812 0.6000000238
9220  8.536  -68.539  17.961 0.3000000119
8385  8.183  -68.876  18.468 0.4000000060
8360  7.330  -68.784  19.525 0.4000000060
8387  6.883  -68.403  18.397 0.4000000060
28931  16.039  -53.256  -12.569 0.8000000119
28904  15.986  -53.326  -10.928 0.8000000119
27596  14.745  -53.927  -8.975 0.8999999762
26330  13.221  -54.403  -7.074 0.8999999762
28878  15.663  -52.714  -8.590 0.6999999881
27571  14.348  -53.594  -7.136 0.8999999762
26313  12.422  -54.645  -6.159 0.8999999762
28865  14.937  -52.732  -7.385 0.8999999762
26287  11.968  -54.575  -4.689 0.8999999762
26289  11.029  -55.277  -4.143 0.8999999762
34176  17.635  -50.019  -13.708 0.3000000119
32764  14.584  -51.181  -7.827 0.6000000238
30158  15.332  -52.217  -7.934 0.6999999881
30146  13.863  -52.395  -6.102 0.8999999762
23897  9.730  -56.033  -2.435 1.0000000000
25119  9.746  -56.128  -4.368 1.0000000000
35407  16.263  -49.312  -11.543 0.3000000119
32743  13.793  -51.327  -6.608 0.6999999881
31434  13.375  -51.638  -5.949 0.8999999762
23917  8.801  -56.615  -3.769 1.0000000000
36821  16.230  -48.567  -12.519 0.3000000119
32745  12.675  -50.589  -6.622 0.6999999881
22787  8.606  -56.913  -2.860 0.8999999762
22789  7.077  -57.282  -3.191 0.8000000119
35409  15.101  -49.067  -11.365 0.4000000060
35393  14.709  -49.449  -10.789 0.4000000060
32766  13.228  -50.358  -7.876 0.6999999881
34116  13.629  -50.025  -9.709 0.4000000060
34105  13.033  -50.129  -9.215 0.5000000000
10909  8.952  -67.079  18.397 1.0000000000
10900  8.681  -67.346  18.968 1.0000000000
10074  8.565  -67.504  19.343 0.8000000119
10055  7.588  -67.947  20.084 0.6999999881
10065  6.867  -67.409  19.244 0.6999999881
9193  7.264  -68.383  19.967 0.5000000000
9202  6.872  -68.169  19.364 0.6000000238
9235  8.217  -68.046  17.341 0.2000000030
9221  7.775  -68.392  17.899 0.2000000030
27556  13.469  -53.967  -6.313 0.8999999762
28837  13.510  -53.169  -5.757 0.8999999762
27531  12.311  -54.008  -4.690 0.8999999762
27515  10.834  -54.359  -3.102 0.8999999762
28824  12.052  -53.228  -4.225 0.8999999762
27494  10.843  -53.849  -3.019 0.8999999762
27496  9.750  -54.205  -2.079 0.8000000119
25168  5.234  -55.444  -6.102 0.4000000060
23920  6.383  -56.752  -4.231 0.6000000238
35445  17.133  -49.257  -12.715 0.3000000119
32726  12.374  -51.014  -5.638 0.8000000119
30100  11.578  -52.448  -3.949 0.8999999762
25076  9.381  -55.561  -1.675 0.8999999762
22756  8.451  -56.794  -1.401 0.8999999762
22790  6.357  -57.301  -3.239 0.6000000238
32710  11.579  -51.010  -4.889 0.8999999762
31394  11.068  -51.718  -3.911 0.8999999762
22757  7.818  -57.199  -1.474 0.8999999762
21719  6.408  -57.695  -1.866 0.6999999881
34052  11.586  -50.362  -5.867 0.8999999762
32746  11.864  -50.230  -6.732 0.6999999881
11778  10.352  -65.825  15.984 0.8000000119
10934  9.805  -66.524  16.868 0.8999999762
11747  9.461  -66.336  16.810 0.8999999762
12602  8.648  -65.590  16.061 0.8000000119
10922  8.559  -66.499  17.655 1.0000000000
10901  8.077  -67.108  19.032 0.8999999762
10894  7.388  -67.071  19.262 0.8999999762
10110  7.463  -67.689  16.639 0.2000000030
9224  6.199  -67.527  18.177 0.4000000060
9237  6.649  -67.808  17.389 0.2000000030
21738  5.624  -57.867  -2.397 0.4000000060
21782  5.222  -57.893  -4.124 0.2000000030
28810  10.858  -52.942  -3.218 0.8999999762
28765  9.046  -53.763  -1.935 0.8999999762
27484  8.503  -54.260  -1.454 0.8000000119
22791  5.868  -57.431  -3.300 0.5000000000
21737  6.135  -57.716  -2.210 0.6000000238
30074  8.850  -52.482  -2.496 0.8999999762
28766  8.224  -53.404  -1.930 0.8000000119
26230  8.567  -54.976  -1.137 0.8999999762
22720  6.896  -56.665  -0.198 0.8999999762
31369  9.710  -51.766  -3.129 0.8999999762
27472  7.818  -54.402  -1.119 0.8999999762
26216  7.226  -55.013  -0.572 0.8999999762
22741  6.205  -57.353  -0.457 0.6999999881
36871  16.296  -47.952  -13.868 0.3000000119
32768  11.738  -50.078  -8.262 0.6000000238
32729  10.643  -50.392  -5.040 0.8999999762
32686  9.958  -50.897  -4.173 0.8999999762
12603  8.076  -65.408  16.110 0.8000000119
11764  8.428  -65.816  16.564 0.8000000119
11749  8.020  -66.006  17.276 0.8999999762
10910  7.931  -66.470  18.189 0.8999999762
10902  7.330  -66.517  18.729 0.8999999762
10895  6.992  -66.895  19.018 0.8000000119
10066  6.566  -67.488  18.908 0.6999999881
10127  6.342  -67.463  16.097 0.2000000030
10099  6.107  -67.329  17.461 0.4000000060
21721  5.521  -58.020  -1.542 0.6000000238
21701  5.837  -57.801  -0.947 0.6999999881
34086  10.846  -50.020  -7.085 0.6000000238
34078  9.750  -49.987  -6.815 0.8000000119
22722  5.824  -56.955  0.077 0.6999999881
34067  10.725  -50.053  -6.101 0.8000000119
34035  9.332  -50.162  -5.176 0.8999999762
30041  8.319  -52.825  -2.263 0.8999999762
30043  7.010  -52.844  -2.180 0.8000000119
26218  5.870  -55.000  -0.072 0.8999999762
26203  5.643  -55.423  0.242 0.8000000119
23848  6.198  -56.407  0.212 0.8000000119
32688  8.544  -50.827  -3.738 0.8999999762
30075  7.962  -52.307  -2.504 0.8999999762
28768  6.882  -53.442  -1.658 0.8000000119
27474  6.075  -54.010  -1.002 0.8999999762
25049  6.771  -55.672  -0.079 0.8999999762
12621  7.880  -64.990  15.585 0.6999999881
11765  7.830  -65.577  16.638 0.8000000119
11750  7.440  -65.428  17.062 0.8999999762
12605  6.991  -64.706  16.703 0.8999999762
11739  7.281  -65.812  17.878 0.8999999762
11733  6.374  -66.060  18.410 1.0000000000
10904  6.170  -66.516  18.375 0.6999999881
10944  6.085  -67.074  15.591 0.3000000119
10086  6.185  -67.124  18.177 0.6000000238
34079  8.962  -50.066  -6.974 0.6000000238
34070  8.471  -49.963  -6.333 0.8000000119
34057  8.124  -49.935  -5.611 0.8000000119
34038  7.089  -49.993  -4.542 0.8999999762
32770  10.045  -50.050  -8.680 0.5000000000
34088  9.548  -50.041  -7.525 0.6000000238
34036  8.736  -50.143  -5.017 0.8999999762
32715  7.863  -50.431  -4.155 0.8999999762
22743  5.178  -57.718  -0.166 0.5000000000
32663  7.307  -51.088  -3.176 0.8999999762
23850  5.000  -56.252  0.615 0.6000000238
22723  5.022  -57.044  0.446 0.6999999881
32713  9.453  -50.476  -4.603 0.8999999762
31372  7.414  -51.660  -2.826 0.8999999762
30077  6.476  -52.261  -2.369 0.6999999881
28752  5.740  -53.540  -1.351 0.8999999762
27461  4.895  -53.879  -0.529 0.8999999762
12604  7.405  -64.917  16.346 0.8000000119
13574  6.144  -63.978  16.928 0.8999999762
12582  6.614  -64.979  17.688 0.8999999762
12583  5.996  -64.912  17.892 0.8999999762
11741  5.802  -65.708  18.061 0.6999999881
11780  5.838  -66.081  15.584 0.3000000119
11751  5.567  -65.832  17.361 0.5000000000
10924  5.827  -66.594  16.972 0.5000000000
34090  7.775  -50.074  -7.917 0.6000000238
34071  7.504  -49.838  -6.400 0.6999999881
32785  8.961  -50.218  -9.045 0.5000000000
32759  8.950  -50.097  -8.449 0.5000000000
34059  6.400  -49.542  -5.053 0.6999999881
32690  6.828  -50.645  -3.578 0.8999999762
32664  6.707  -51.137  -3.088 0.8999999762
23838  4.119  -56.113  1.120 0.6000000238
25037  4.248  -55.424  0.716 0.6000000238
26220  4.437  -54.338  -0.058 0.8000000119
30044  6.311  -52.785  -2.032 0.8000000119
19476  8.593  -60.104  10.150 0.8000000119
15535  6.738  -62.786  14.871 0.8999999762
13558  5.240  -64.179  17.263 0.8999999762
14600  5.118  -63.385  16.679 0.8000000119
12623  5.530  -65.017  15.865 0.4000000060
35329  6.808  -49.564  -6.199 0.6999999881
34060  5.788  -49.591  -4.863 0.8999999762
34018  5.374  -50.201  -3.676 0.8999999762
34016  6.703  -50.180  -4.050 0.8999999762
34019  4.637  -50.128  -3.278 0.8999999762
32691  6.051  -50.665  -3.395 0.8999999762
32666  5.320  -51.119  -2.682 0.8000000119
31374  5.902  -51.701  -2.553 0.8000000119
31375  5.252  -51.663  -2.222 0.8000000119
25023  3.781  -55.132  0.838 0.4000000060
30079  5.360  -52.187  -1.971 0.8000000119
27462  4.334  -53.794  -0.170 0.6999999881
26206  3.844  -54.476  0.425 0.6999999881
28771  4.864  -52.925  -1.368 0.8999999762
28754  4.755  -53.246  -0.893 0.8999999762
20485  9.525  -58.993  8.787 0.8000000119
19461  7.826  -60.136  10.606 0.8000000119
19477  7.557  -59.533  9.974 0.8000000119
19446  6.426  -59.794  11.396 0.8000000119
18410  5.996  -60.164  12.427 0.8999999762
17398  5.931  -61.492  14.640 0.8999999762
16475  5.753  -61.963  15.230 0.8999999762
14614  6.217  -63.188  15.997 0.8999999762
18379  5.299  -60.590  13.782 0.8999999762
17399  5.406  -61.428  14.809 0.8000000119
14599  5.883  -63.425  16.584 0.8000000119
14654  5.274  -63.502  14.537 0.6000000238
15526  4.665  -62.891  15.821 0.6999999881
13610  5.739  -64.343  14.827 0.4000000060
13589  5.333  -64.474  15.734 0.5000000000
14615  4.946  -63.591  15.973 0.6999999881
35316  4.675  -49.207  -4.583 1.0000000000
35283  3.495  -49.287  -2.773 1.0000000000
35245  2.940  -49.856  -1.634 0.8000000119
35246  2.760  -49.548  -1.296 0.8000000119
34020  4.314  -50.125  -2.919 1.0000000000
33935  2.935  -50.338  -0.474 0.8000000119
34097  8.384  -50.012  -8.504 0.5000000000
34081  7.184  -49.885  -7.287 0.6000000238
33987  3.593  -50.330  -2.027 0.8999999762
32615  3.187  -50.615  -1.237 0.8000000119
32667  4.611  -50.951  -2.370 0.8000000119
32579  3.081  -51.224  -0.403 0.8000000119
32644  4.286  -51.250  -1.670 0.8000000119
31308  4.225  -51.812  -1.245 0.8000000119
31336  4.660  -51.914  -1.638 0.6999999881
26193  3.302  -54.633  1.042 0.4000000060
28756  3.978  -52.923  -0.315 0.8000000119
27450  3.211  -53.844  0.367 0.6999999881
19463  6.137  -59.316  11.034 0.8000000119
19447  5.738  -59.497  11.699 0.8999999762
19406  5.051  -59.923  12.802 0.8000000119
20472  7.077  -58.844  9.673 0.8000000119
18380  4.740  -60.662  13.773 0.8000000119
17401  4.600  -61.838  14.787 0.8000000119
16494  4.959  -62.309  13.635 0.6999999881
16495  4.688  -62.166  14.233 0.8000000119
36615  2.379  -48.589  -0.759 0.8000000119
35214  2.692  -49.362  0.924 0.6000000238
33873  2.688  -50.017  1.683 0.5000000000
35300  4.211  -49.198  -3.570 1.0000000000
35284  2.955  -48.682  -2.656 1.0000000000
35263  2.776  -49.007  -2.186 0.8999999762
35229  2.698  -49.321  -0.101 0.8000000119
32539  2.684  -50.995  1.546 0.5000000000
35341  6.765  -49.635  -6.822 0.6999999881
35330  6.350  -49.351  -5.799 0.8000000119
33934  2.918  -50.865  0.083 0.6999999881
32557  2.710  -51.255  0.856 0.6999999881
34098  7.611  -49.700  -8.612 0.6000000238
31279  2.992  -52.001  0.123 0.6999999881
28689  2.930  -53.261  1.731 0.3000000119
31295  3.425  -51.986  -0.410 0.6999999881
29994  3.169  -52.695  0.055 0.6000000238
28708  2.809  -53.290  1.059 0.5000000000
34138  9.921  -49.396  -10.717 0.5000000000
30027  4.218  -52.493  -0.936 0.8000000119
20456  5.438  -58.587  10.885 0.8999999762
20473  6.444  -58.481  9.926 0.8000000119
19407  4.687  -59.799  12.961 0.8000000119
18381  4.531  -60.884  13.579 0.6999999881
37966  2.286  -47.918  -0.294 0.8000000119
36558  2.555  -48.547  2.044 0.6000000238
33833  3.522  -49.435  2.578 0.5000000000
36685  3.789  -48.296  -3.534 1.0000000000
36663  2.548  -48.132  -2.461 1.0000000000
35331  5.661  -49.267  -5.438 0.8000000119
34139  9.503  -49.160  -10.231 0.5000000000
34123  8.817  -49.308  -9.453 0.5000000000
22580  6.325  -57.315  8.967 0.8000000119
23711  6.566  -56.571  8.363 0.8000000119
22581  5.877  -56.901  9.177 0.8999999762
21493  5.088  -57.940  10.609 0.8999999762
37972  2.278  -47.715  -1.045 0.8000000119
34082  6.688  -49.688  -7.556 0.6000000238
24884  5.634  -56.009  8.843 0.8000000119
23689  5.165  -56.719  9.699 0.8000000119
21510  4.489  -57.910  10.044 0.8000000119
20511  5.246  -58.938  9.064 0.5000000000
17469  5.710  -60.688  9.965 0.5000000000
38002  2.789  -47.469  -2.864 1.0000000000
39372  3.022  -46.859  0.338 0.8000000119
35343  5.682  -49.160  -6.176 0.8000000119
36697  4.275  -48.395  -4.284 0.8999999762
34112  7.972  -49.293  -8.826 0.5000000000
36776  10.309  -48.287  -10.232 0.5000000000
36764  9.955  -48.449  -9.414 0.5000000000
36766  8.947  -48.713  -8.761 0.5000000000
27296  6.655  -54.235  7.638 0.8000000119
26060  5.560  -55.077  8.417 0.8000000119
24885  5.115  -55.620  8.832 0.8999999762
26046  5.010  -54.806  8.657 0.8000000119
23690  4.791  -56.658  9.748 0.8000000119
20475  4.306  -58.770  10.335 0.8000000119
18485  6.107  -59.743  8.309 0.5000000000
19494  4.842  -59.291  9.590 0.6000000238
19480  4.424  -59.466  10.106 0.6000000238
20513  5.346  -57.926  7.855 0.5000000000
21537  5.057  -58.025  8.492 0.6000000238
40698  4.250  -46.660  0.841 0.4000000060
40711  4.505  -46.061  0.265 0.4000000060
40729  3.726  -46.272  -0.173 0.6999999881
40728  4.294  -45.913  -0.219 0.5000000000
40739  2.810  -46.196  -1.456 0.8000000119
40738  3.328  -46.077  -1.061 0.8000000119
35349  6.238  -49.410  -7.322 0.6999999881
35344  5.183  -49.017  -5.914 0.8999999762
35362  7.422  -48.908  -8.600 0.6000000238
35363  6.583  -48.768  -8.587 0.6000000238
36747  8.532  -48.275  -8.289 0.5000000000
36748  7.680  -48.205  -8.342 0.6000000238
27298  5.185  -53.831  8.252 0.6999999881
26048  3.960  -54.949  8.914 0.8000000119
24886  4.490  -55.663  8.855 0.8000000119
22569  4.476  -57.212  9.354 0.8000000119
36506  9.727  -47.959  4.479 0.4000000060
33801  8.385  -49.957  4.815 0.3000000119
31212  8.295  -51.467  5.169 0.4000000060
28633  7.636  -52.733  5.460 0.2000000030
19534  6.042  -58.880  7.520 0.5000000000
23723  4.535  -56.855  8.381 0.8000000119
36507  9.217  -48.233  4.288 0.5000000000
32494  7.409  -50.131  4.567 0.4000000060
31213  7.503  -51.381  4.884 0.4000000060
28634  6.908  -52.694  5.320 0.3000000119
26111  6.880  -54.908  5.656 0.2000000030
26113  5.267  -54.958  5.612 0.4000000060
21581  6.054  -57.769  6.310 0.3000000119
20567  5.135  -58.000  6.147 0.6000000238
35156  7.408  -49.140  4.112 0.5000000000
31215  6.047  -51.410  5.062 0.4000000060
28618  5.643  -53.162  5.488 0.4000000060
26114  4.467  -54.991  5.754 0.4000000060
21564  4.700  -57.620  7.070 0.6000000238
28635  6.161  -52.567  5.326 0.5000000000
28619  4.781  -53.289  5.711 0.5000000000
36711  4.484  -48.399  -5.158 0.8999999762
39420  3.014  -46.718  -3.102 1.0000000000
39404  2.709  -46.374  -2.488 1.0000000000
39443  3.933  -46.756  -4.041 1.0000000000
35350  5.554  -49.061  -6.944 0.6999999881
36721  4.656  -48.493  -6.077 0.8000000119
35365  5.612  -48.870  -8.107 0.6999999881
28537  4.266  -53.533  8.749 0.8000000119
26061  3.710  -54.917  8.491 0.8000000119
39307  9.562  -47.169  3.848 0.6000000238
23754  5.788  -56.558  5.766 0.3000000119
31216  5.364  -51.465  5.244 0.5000000000
23756  4.728  -55.984  5.581 0.5000000000
22594  4.524  -57.138  7.470 0.6999999881
32495  7.040  -50.440  4.582 0.5000000000
42042  4.797  -45.512  -0.401 0.5000000000
40750  3.229  -45.899  -2.008 0.6999999881
42066  3.538  -45.465  -2.667 0.8999999762
38073  4.415  -47.532  -5.684 0.8999999762
38062  4.300  -47.634  -4.797 0.8999999762
40777  3.441  -46.108  -3.568 1.0000000000
42090  3.644  -45.497  -3.999 0.8999999762
39460  4.275  -46.918  -5.165 1.0000000000
40786  3.852  -46.250  -4.304 1.0000000000
36734  5.120  -48.294  -7.700 0.8000000119
38076  4.590  -47.588  -6.658 0.8999999762
39487  4.435  -46.797  -6.211 1.0000000000
36750  6.186  -48.160  -8.542 0.6000000238
38092  5.029  -47.538  -7.605 0.8000000119
36512  5.469  -48.831  4.555 0.5000000000
29826  3.139  -53.186  8.405 0.8000000119
26075  3.577  -54.660  7.789 0.8000000119
41979  9.931  -44.607  2.849 0.8000000119
37907  8.324  -47.072  3.050 0.6999999881
36509  7.795  -48.253  3.975 0.6000000238
35144  3.863  -49.656  5.481 0.6999999881
32469  3.547  -51.059  5.966 0.6999999881
29907  3.575  -52.095  6.265 0.6999999881
36524  8.308  -48.052  3.765 0.5000000000
35157  6.649  -49.225  4.191 0.5000000000
33803  4.938  -50.237  4.989 0.5000000000
32467  4.653  -51.184  5.460 0.5000000000
27327  3.559  -53.840  6.711 0.6000000238
26116  3.747  -54.668  6.981 0.6999999881
24914  4.179  -56.073  7.888 0.8000000119
32497  5.870  -50.487  4.696 0.4000000060
29906  4.125  -52.496  5.863 0.6000000238
28620  4.116  -53.358  6.061 0.5000000000
24927  3.986  -55.958  7.150 0.6999999881
40669  9.783  -46.514  3.445 0.6000000238
29905  4.871  -52.469  5.570 0.5000000000
26115  4.005  -55.035  6.432 0.6000000238
23772  4.021  -56.584  5.821 0.6000000238
42053  5.664  -44.700  -1.155 0.5000000000
42064  5.079  -44.949  -1.885 0.6000000238
43328  5.249  -44.630  -2.576 0.6999999881
42065  4.118  -45.329  -2.129 0.6999999881
42080  4.676  -44.937  -2.701 0.8999999762
40813  4.197  -46.183  -5.604 1.0000000000
39511  4.781  -46.640  -7.097 0.8999999762
36463  5.391  -48.892  6.427 0.6999999881
45876  12.641  -42.842  3.006 0.8999999762
44546  11.108  -43.841  3.071 0.8999999762
40671  8.455  -45.742  3.593 0.6000000238
37884  7.082  -47.747  4.286 0.6000000238
33729  3.005  -50.532  6.956 0.6999999881
31149  2.965  -51.860  7.023 0.6999999881
28573  3.068  -53.427  7.579 0.8000000119
45888  14.740  -42.890  2.018 0.8999999762
44544  12.965  -43.588  2.922 0.8999999762
43246  11.562  -44.246  2.844 0.8999999762
43245  12.236  -44.246  3.243 0.8000000119
41990  10.169  -45.072  2.710 0.8999999762
41989  10.873  -45.345  2.938 0.8000000119
43343  6.470  -44.205  -2.780 0.5000000000
42081  4.043  -45.148  -2.981 0.8999999762
43354  4.575  -44.494  -3.978 0.8999999762
43345  5.000  -44.532  -3.216 0.6999999881
43355  4.140  -44.809  -4.126 0.8999999762
40835  4.354  -45.979  -6.531 1.0000000000
42098  3.829  -45.378  -4.604 1.0000000000
37856  6.015  -47.869  5.846 0.8000000119
37858  4.901  -48.217  5.786 0.6999999881
36465  3.886  -48.971  6.400 0.6999999881
33710  3.632  -50.618  7.579 0.8000000119
47305  13.374  -41.929  2.976 0.8000000119
45859  12.255  -43.061  3.547 0.8000000119
43237  9.715  -44.525  3.837 0.8000000119
39295  7.422  -46.790  5.317 0.8000000119
39298  5.776  -47.659  5.254 0.6999999881
50119  15.271  -40.962  1.643 0.8999999762
45890  13.314  -42.503  2.444 0.8000000119
39308  7.409  -47.006  4.614 0.8000000119
37897  6.002  -47.789  4.793 0.6999999881
36498  4.580  -48.896  5.028 0.6999999881
47353  17.478  -42.117  0.625 0.8000000119
48714  16.206  -41.400  0.987 0.8999999762
48717  14.315  -41.585  1.776 0.8000000119
47351  19.176  -42.026  0.361 0.8999999762
48730  17.817  -41.364  0.459 0.8999999762
43383  3.976  -44.856  -5.106 1.0000000000
43363  4.613  -44.408  -4.682 1.0000000000
43362  5.241  -44.333  -4.546 1.0000000000
42124  4.119  -45.158  -6.011 1.0000000000
39529  5.503  -46.581  -8.189 0.8000000119
40860  5.061  -45.997  -7.827 1.0000000000
40878  5.825  -45.920  -8.659 0.8000000119
51576  17.008  -40.295  0.988 0.8999999762
48729  18.683  -41.222  0.412 0.8999999762
43381  4.909  -44.272  -5.179 1.0000000000
43361  6.229  -44.226  -4.410 0.6999999881
42198  5.204  -45.347  -8.463 1.0000000000
43470  4.873  -44.863  -7.964 1.0000000000
43448  4.397  -44.451  -6.641 1.0000000000
43406  4.480  -44.267  -5.806 1.0000000000
42158  4.397  -45.219  -6.922 1.0000000000
51573  19.532  -39.303  0.733 0.6999999881
51572  20.459  -39.468  0.492 0.8000000119
54370  22.354  -37.583  -0.947 0.6000000238
54383  21.888  -37.353  -1.479 0.6000000238
42221  6.065  -45.289  -9.011 0.8000000119
51550  19.453  -39.287  1.387 0.6999999881
52989  20.932  -38.716  0.699 0.4000000060
54340  21.522  -38.014  0.602 0.4000000060
52988  21.741  -38.858  0.127 0.5000000000
55666  22.160  -37.076  -0.471 0.3000000119
57027  21.691  -35.939  -1.178 0.1000000015
58571  20.765  -35.872  -1.684 0.1000000015
58547  19.738  -35.643  -1.637 0.2000000030
58548  19.037  -35.747  -1.711 0.1000000015
55683  21.809  -36.950  -2.063 0.4000000060
57040  21.342  -36.148  -1.631 0.3000000119
58572  20.168  -36.069  -1.946 0.2000000030
58549  18.261  -35.840  -1.593 0.1000000015
55682  22.273  -37.100  -2.513 0.5000000000
57057  21.991  -36.448  -2.568 0.5000000000
57059  20.611  -36.080  -2.589 0.4000000060
57042  20.177  -36.461  -2.522 0.2000000030
60117  18.796  -35.789  -2.590 0.2000000030
60118  18.371  -35.894  -2.442 0.2000000030
58576  16.890  -36.050  -2.137 0.2000000030
58575  17.822  -36.014  -2.253 0.2000000030
58603  17.066  -35.771  -2.478 0.2000000030
60143  16.515  -35.292  -2.665 0.2000000030
56999  21.871  -36.709  0.850 0.2000000030
55657  21.925  -37.280  0.314 0.3000000119
58502  21.882  -35.984  0.707 0.2000000030
58528  21.948  -35.656  -0.105 0.2000000030
58545  21.228  -35.434  -1.143 0.1000000015
58529  21.689  -35.181  -0.554 0.1000000015
57056  22.516  -36.590  -2.681 0.5000000000
58623  23.224  -36.011  -2.518 0.6000000238
60050  20.431  -34.316  -0.763 0.1000000015
60087  20.054  -34.962  -1.163 0.1000000015
58597  22.591  -35.873  -2.643 0.5000000000
60138  20.546  -35.033  -2.583 0.4000000060
58601  19.861  -35.767  -2.766 0.2000000030
60140  18.915  -35.208  -2.626 0.2000000030
60141  18.116  -35.421  -2.540 0.2000000030
60142  17.295  -35.281  -2.646 0.2000000030
60120  16.000  -34.654  -2.504 0.2000000030
58477  21.572  -35.590  1.793 0.1000000015
60008  21.773  -35.253  0.639 0.1000000015
60049  21.206  -34.525  -0.447 0.1000000015
60052  18.936  -34.449  -0.991 0.1000000015
58569  23.431  -35.900  -1.727 0.6999999881
60113  23.273  -35.419  -1.716 0.6999999881
60136  22.247  -34.927  -2.386 0.4000000060
60137  21.355  -34.982  -2.514 0.3000000119
61668  19.220  -34.523  -2.442 0.3000000119
61670  17.608  -34.635  -2.512 0.2000000030
60009  21.455  -34.527  0.559 0.1000000015
61558  20.862  -33.764  0.377 0.1000000015
58526  24.815  -35.621  -0.355 0.8999999762
60047  22.999  -34.023  -0.644 0.6000000238
61583  22.783  -33.571  -0.543 0.5000000000
63095  21.817  -33.234  -0.950 0.5000000000
63096  20.934  -32.762  -1.028 0.4000000060
63097  20.223  -32.725  -1.316 0.4000000060
61584  20.691  -33.979  -0.320 0.1000000015
63072  19.302  -33.201  -0.094 0.1000000015
60084  23.228  -34.903  -1.012 0.6000000238
63125  21.887  -33.510  -1.376 0.4000000060
61641  21.245  -33.716  -2.080 0.4000000060
63128  19.824  -33.021  -1.750 0.2000000030
64469  18.494  -32.569  -1.655 0.1000000015
64470  17.728  -32.644  -1.672 0.1000000015
64471  17.051  -32.700  -1.625 0.1000000015
60115  22.354  -34.448  -2.055 0.5000000000
61665  21.702  -34.321  -2.344 0.4000000060
61642  20.379  -33.702  -2.151 0.4000000060
61644  18.710  -33.868  -2.180 0.2000000030
61645  17.901  -33.912  -2.239 0.2000000030
63132  16.524  -33.181  -1.864 0.1000000015
61669  18.415  -34.615  -2.409 0.2000000030
61646  17.080  -33.913  -2.281 0.2000000030
61648  15.483  -34.060  -2.227 0.2000000030
48918  7.594  -41.295  -9.617 0.8000000119
47582  7.329  -41.879  -10.565 0.8000000119
47581  7.971  -41.859  -10.969 0.8000000119
48953  8.491  -41.393  -11.322 0.8000000119
47597  8.850  -41.720  -11.448 0.8000000119
47578  9.918  -41.987  -11.252 0.6999999881
58541  26.506  -35.799  -1.354 1.0000000000
60043  25.776  -35.192  -0.505 1.0000000000
61579  25.657  -34.295  -0.422 1.0000000000
63069  22.821  -33.002  -0.319 0.6000000238
63070  22.046  -32.791  -0.413 0.6000000238
63071  21.412  -32.656  -0.585 0.5000000000
64414  20.754  -32.221  -0.485 0.3000000119
64439  19.639  -32.416  -1.080 0.1000000015
61614  26.450  -34.076  -1.305 1.0000000000
63065  25.814  -33.726  -0.612 1.0000000000
64438  20.359  -32.430  -0.869 0.4000000060
64468  19.225  -32.644  -1.495 0.3000000119
64440  18.763  -32.149  -1.030 0.1000000015
64443  16.371  -32.381  -1.150 0.1000000015
57035  27.198  -36.560  -2.354 1.0000000000
60111  27.006  -34.589  -2.176 1.0000000000
51767  8.885  -40.225  -9.915 0.6999999881
50322  8.385  -40.518  -10.159 0.6999999881
51776  8.791  -40.032  -10.524 0.8000000119
47594  10.692  -41.260  -11.671 0.6000000238
63067  24.483  -33.213  -0.202 0.6000000238
64410  24.080  -32.352  -0.206 0.6000000238
65682  21.929  -31.522  -0.014 0.5000000000
65684  20.231  -31.477  -0.212 0.4000000060
64415  19.924  -32.002  -0.564 0.1000000015
65686  18.616  -31.512  -0.444 0.1000000015
65687  17.798  -31.376  -0.468 0.1000000015
63092  25.949  -33.230  -0.941 1.0000000000
64409  24.882  -32.443  -0.451 0.8000000119
65711  18.570  -31.844  -0.711 0.1000000015
65713  17.529  -31.816  -0.830 0.1000000015
58594  27.181  -35.106  -2.511 1.0000000000
63153  27.048  -33.264  -2.507 1.0000000000
58593  27.554  -35.217  -3.148 0.8999999762
61697  28.071  -33.433  -3.869 1.0000000000
53176  9.736  -38.828  -10.264 0.6000000238
50348  8.596  -40.732  -11.410 0.8000000119
51775  9.103  -39.439  -10.914 0.6999999881
48952  9.046  -41.113  -11.691 0.8000000119
50359  10.782  -40.237  -12.293 0.6000000238
48934  11.398  -41.513  -11.418 0.5000000000
48951  9.785  -40.859  -12.041 0.6999999881
68122  20.051  -30.080  -0.005 0.3000000119
68123  19.206  -30.122  -0.063 0.2000000030
68124  18.409  -30.144  -0.134 0.1000000015
65680  23.690  -31.522  -0.235 0.6000000238
66935  19.717  -30.806  -0.068 0.3000000119
66936  18.904  -30.818  -0.170 0.2000000030
64436  25.534  -32.509  -0.944 0.6999999881
65679  24.529  -31.534  -0.658 0.6000000238
66931  23.266  -30.775  -0.239 0.6000000238
68119  22.852  -30.120  -0.224 0.5000000000
63124  26.476  -33.077  -1.544 0.8000000119
65709  25.703  -31.301  -1.851 0.6999999881
65710  24.962  -31.189  -1.322 0.6000000238
64489  27.165  -32.643  -3.029 1.0000000000
65732  27.282  -31.666  -1.665 0.8999999762
64505  29.175  -32.254  -3.670 0.6999999881
65749  28.331  -31.014  -1.732 0.6999999881
55858  10.109  -37.184  -12.351 0.8000000119
54507  10.231  -37.956  -10.268 0.6000000238
54552  9.532  -38.269  -11.551 0.6999999881
53210  9.599  -38.766  -11.902 0.6000000238
51786  9.201  -39.465  -11.632 0.8000000119
51802  9.728  -39.582  -12.221 0.6999999881
53209  10.236  -38.605  -12.463 0.6999999881
54572  10.675  -37.681  -12.817 0.6999999881
57283  10.730  -36.602  -12.770 0.6999999881
57282  11.208  -36.626  -12.843 0.6999999881
58780  11.530  -35.397  -12.366 0.3000000119
68121  20.972  -30.036  0.061 0.3000000119
68120  21.940  -30.067  -0.007 0.4000000060
69372  20.425  -29.266  -0.078 0.4000000060
69373  19.520  -29.366  -0.085 0.3000000119
66930  24.137  -30.699  -0.803 0.6000000238
69368  23.469  -29.723  -0.790 0.6000000238
69370  22.587  -29.419  0.145 0.4000000060
69396  21.508  -28.299  0.084 0.3000000119
65733  27.064  -30.868  -1.175 0.6999999881
66986  26.202  -30.497  -1.675 0.6000000238
68174  25.721  -29.893  -1.957 0.6000000238
70568  23.432  -28.674  -0.829 0.6000000238
65750  27.865  -30.000  -1.424 0.6999999881
68173  26.623  -30.535  -2.074 0.6999999881
69412  25.012  -29.242  -2.162 0.6999999881
64517  29.458  -31.881  -4.920 0.6999999881
64506  29.064  -31.169  -3.899 0.6999999881
67009  28.052  -30.153  -2.933 0.6999999881
64518  28.931  -30.996  -5.156 0.6999999881
64532  28.304  -32.357  -5.958 0.6999999881
63217  19.204  -33.756  -7.283 0.5000000000
61763  18.002  -34.297  -7.228 0.3000000119
60246  17.158  -34.870  -7.828 0.4000000060
55829  9.866  -37.045  -11.866 0.6999999881
60248  16.266  -34.711  -8.609 0.5000000000
58726  15.459  -35.593  -9.097 0.6000000238
58727  14.693  -35.878  -9.202 0.5000000000
55800  10.173  -37.048  -10.684 0.8000000119
55810  9.818  -36.995  -11.217 0.8000000119
61820  11.308  -34.273  -9.995 0.4000000060
57209  10.539  -36.306  -10.574 0.8000000119
57221  10.107  -36.283  -11.041 0.6999999881
58781  10.950  -35.276  -12.432 0.5000000000
63322  12.409  -33.074  -11.660 0.3000000119
70551  19.841  -28.518  -0.287 0.2000000030
70552  19.002  -28.715  -0.250 0.2000000030
69395  22.306  -28.620  -0.048 0.3000000119
71903  20.251  -27.931  -0.620 0.3000000119
69414  24.101  -28.608  -1.579 0.4000000060
70569  22.782  -28.354  -0.758 0.4000000060
71927  21.654  -27.621  -1.020 0.3000000119
69424  25.094  -29.188  -2.716 0.5000000000
69425  24.493  -28.615  -2.426 0.4000000060
67017  27.715  -31.056  -3.205 0.6999999881
68195  26.153  -30.022  -3.777 0.6000000238
65780  26.555  -31.258  -6.096 0.6999999881
67018  26.701  -30.544  -4.250 0.6000000238
61793  23.040  -34.101  -9.625 0.6000000238
58740  21.325  -35.363  -9.635 0.3000000119
60261  19.788  -34.741  -9.318 0.5000000000
63249  19.160  -34.006  -8.450 0.4000000060
63234  18.560  -33.523  -7.491 0.4000000060
61764  17.504  -34.149  -7.719 0.4000000060
61779  16.469  -34.168  -8.446 0.5000000000
63252  17.458  -33.241  -8.189 0.4000000060
63254  16.093  -33.548  -8.683 0.4000000060
61797  15.544  -34.146  -8.949 0.4000000060
61798  14.768  -34.053  -9.116 0.5000000000
60265  14.306  -34.916  -9.190 0.5000000000
61800  13.138  -33.987  -9.174 0.4000000060
57240  9.963  -36.389  -11.611 0.6999999881
57261  10.364  -36.244  -12.335 0.6000000238
63274  11.452  -33.084  -9.729 0.5000000000
61821  10.872  -34.029  -10.241 0.6999999881
60287  10.628  -34.786  -10.527 0.6000000238
61803  11.240  -33.695  -9.925 0.5000000000
63289  10.576  -33.453  -10.417 0.5000000000
61835  10.284  -34.067  -11.010 0.5000000000
58782  10.583  -35.033  -12.015 0.6000000238
61860  11.052  -33.760  -12.021 0.5000000000
63323  11.729  -32.993  -11.853 0.3000000119
70575  17.675  -28.280  -0.563 0.2000000030
71929  19.796  -27.578  -1.027 0.2000000030
70574  18.532  -28.120  -0.522 0.2000000030
71928  20.708  -27.161  -0.792 0.3000000119
71961  18.667  -27.047  -1.529 0.1000000015
73323  18.446  -26.743  -2.193 0.1000000015
71986  22.849  -27.633  -2.171 0.4000000060
71957  22.381  -27.521  -1.594 0.4000000060
71958  21.387  -27.200  -1.754 0.3000000119
71989  20.406  -26.911  -2.590 0.2000000030
73350  19.005  -26.616  -2.839 0.1000000015
70616  24.066  -28.089  -2.917 0.5000000000
72017  22.890  -27.459  -2.725 0.4000000060
71987  22.187  -27.131  -2.408 0.4000000060
68205  26.128  -29.974  -4.463 0.6000000238
69435  25.078  -28.977  -3.507 0.5000000000
69436  24.500  -28.535  -3.232 0.5000000000
67029  25.947  -30.610  -6.339 0.6999999881
68206  25.619  -29.538  -4.883 0.6000000238
69445  24.985  -28.826  -4.571 0.5000000000
69446  24.374  -28.434  -4.129 0.4000000060
65793  25.138  -31.331  -6.633 0.6999999881
67039  24.762  -30.764  -6.732 0.6000000238
65813  24.551  -31.775  -7.912 0.8000000119
65804  24.914  -31.538  -7.314 0.6999999881
64566  24.435  -32.333  -8.255 0.6999999881
63264  23.481  -33.145  -9.222 0.6000000238
63265  22.741  -33.246  -9.806 0.5000000000
63284  22.050  -33.282  -10.175 0.6000000238
61814  21.608  -34.075  -10.228 0.5000000000
61816  20.068  -34.166  -10.307 0.4000000060
61817  19.323  -34.161  -10.098 0.4000000060
61795  18.837  -33.979  -9.309 0.5000000000
63268  17.421  -33.009  -9.121 0.5000000000
64568  17.031  -32.997  -8.671 0.6000000238
64583  16.910  -32.722  -9.223 0.5000000000
63269  15.305  -33.187  -8.954 0.4000000060
63270  14.380  -33.170  -9.120 0.4000000060
64586  14.792  -32.332  -9.114 0.6000000238
63271  13.541  -33.150  -9.113 0.5000000000
63272  12.757  -33.138  -9.142 0.5000000000
64606  16.432  -32.137  -9.997 0.5000000000
65825  15.882  -31.838  -9.554 0.5000000000
65845  14.884  -31.163  -9.845 0.5000000000
65827  14.348  -31.423  -9.403 0.5000000000
65828  13.478  -31.488  -9.279 0.5000000000
65829  12.725  -31.497  -9.339 0.5000000000
64591  11.125  -32.298  -9.890 0.4000000060
67076  11.621  -30.700  -9.616 0.4000000060
67077  10.950  -30.717  -9.799 0.4000000060
65847  10.207  -31.531  -10.321 0.5000000000
64640  10.512  -32.548  -11.576 0.5000000000
67124  10.868  -30.683  -11.618 0.4000000060
68309  11.326  -29.918  -11.501 0.4000000060
68308  12.046  -29.948  -11.481 0.3000000119
69539  12.596  -29.137  -11.729 0.2000000030
71931  18.167  -27.598  -1.033 0.2000000030
71959  20.275  -27.090  -1.924 0.3000000119
71988  21.047  -27.071  -2.796 0.2000000030
70617  23.273  -27.581  -3.366 0.4000000060
72018  22.064  -27.592  -3.326 0.3000000119
72019  21.197  -27.083  -3.838 0.3000000119
73374  20.396  -26.790  -3.503 0.2000000030
73375  19.527  -26.583  -3.535 0.2000000030
73376  18.753  -26.371  -3.552 0.1000000015
70628  23.017  -28.216  -4.074 0.3000000119
70618  22.497  -27.786  -4.000 0.3000000119
73407  20.657  -26.836  -4.359 0.2000000030
73408  19.933  -26.630  -4.307 0.1000000015
73410  18.442  -26.253  -4.236 0.1000000015
68213  25.206  -29.487  -5.973 0.6000000238
69455  24.477  -29.722  -5.415 0.5000000000
70638  23.523  -28.589  -4.236 0.4000000060
68217  24.518  -30.034  -6.284 0.6000000238
68221  24.396  -30.317  -7.104 0.6000000238
65814  24.058  -31.467  -8.291 0.5000000000
64567  23.862  -32.289  -8.758 0.5000000000
64581  23.407  -32.187  -9.144 0.5000000000
65841  22.684  -31.649  -9.729 0.5000000000
64602  22.401  -32.445  -9.981 0.5000000000
64604  21.238  -32.729  -10.700 0.4000000060
61831  19.785  -33.706  -10.729 0.5000000000
61818  18.651  -33.906  -10.031 0.5000000000
63299  19.536  -33.104  -11.303 0.4000000060
63300  18.737  -33.272  -11.200 0.5000000000
63288  17.205  -32.892  -9.842 0.5000000000
64658  17.076  -32.009  -11.784 0.6000000238
65860  16.060  -31.545  -10.656 0.5000000000
65844  15.588  -31.364  -10.136 0.5000000000
67089  14.558  -30.627  -10.049 0.5000000000
67073  13.721  -30.780  -9.582 0.5000000000
67074  13.016  -30.707  -9.485 0.5000000000
67075  12.302  -30.692  -9.475 0.5000000000
68255  13.318  -29.933  -9.836 0.5000000000
68256  12.566  -29.889  -9.630 0.5000000000
68258  11.211  -29.921  -9.737 0.3000000119
68259  10.550  -29.939  -9.852 0.4000000060
68290  10.004  -29.834  -10.791 0.4000000060
67125  10.263  -30.549  -11.207 0.3000000119
68310  10.694  -29.829  -11.476 0.3000000119
68307  12.781  -30.077  -11.621 0.2000000030
70707  11.578  -28.474  -11.538 0.2000000030
70708  10.982  -28.460  -11.360 0.3000000119
70736  12.489  -28.147  -12.166 0.2000000030
72147  11.884  -27.936  -11.750 0.2000000030
72194  12.603  -27.547  -12.818 0.2000000030
70629  22.454  -27.797  -4.748 0.3000000119
72047  21.735  -27.442  -4.429 0.3000000119
72048  21.123  -27.042  -4.527 0.3000000119
73444  20.352  -26.771  -5.110 0.2000000030
73445  19.425  -26.544  -5.010 0.1000000015
73473  18.351  -26.308  -5.305 0.1000000015
69457  23.223  -28.561  -5.459 0.5000000000
70640  22.487  -27.814  -5.534 0.3000000119
72078  21.929  -27.538  -6.063 0.3000000119
72079  21.215  -27.168  -5.882 0.2000000030
73470  20.448  -26.851  -5.965 0.2000000030
73471  19.611  -26.620  -5.760 0.1000000015
68222  24.186  -29.714  -6.868 0.5000000000
69463  23.899  -29.239  -6.276 0.5000000000
70657  22.972  -28.283  -6.399 0.4000000060
73469  20.880  -27.007  -6.457 0.2000000030
73495  19.917  -26.610  -7.126 0.1000000015
68229  24.036  -30.108  -7.676 0.5000000000
69468  23.762  -29.309  -7.283 0.4000000060
69469  23.339  -28.581  -6.950 0.4000000060
70658  22.757  -28.051  -7.010 0.4000000060
67060  23.859  -30.678  -8.217 0.4000000060
68239  23.683  -30.123  -8.289 0.4000000060
69474  23.334  -28.804  -7.822 0.4000000060
67070  23.669  -31.013  -8.589 0.4000000060
68240  23.422  -30.108  -8.722 0.4000000060
65823  23.139  -31.583  -9.289 0.4000000060
65842  22.177  -31.646  -10.155 0.5000000000
64603  21.766  -32.454  -10.430 0.5000000000
64616  20.835  -32.454  -11.066 0.5000000000
64617  20.206  -32.436  -11.470 0.5000000000
63314  18.994  -32.738  -11.622 0.5000000000
63316  17.702  -32.801  -11.337 0.6000000238
64655  18.542  -31.658  -12.330 0.5000000000
64657  17.491  -31.965  -12.076 0.6000000238
65904  16.468  -31.334  -11.856 0.4000000060
67150  15.875  -30.422  -12.021 0.4000000060
67088  15.152  -30.820  -10.371 0.5000000000
68287  15.357  -30.402  -11.197 0.4000000060
68273  14.347  -29.943  -10.417 0.5000000000
69503  13.423  -29.089  -10.271 0.4000000060
70677  11.691  -28.362  -9.772 0.3000000119
70678  11.072  -28.401  -9.748 0.3000000119
70686  10.192  -28.433  -10.267 0.3000000119
70692  10.188  -28.441  -10.690 0.3000000119
70709  10.437  -28.516  -11.139 0.3000000119
72122  12.341  -27.745  -10.154 0.3000000119
72124  11.270  -27.662  -9.866 0.3000000119
72133  10.345  -27.724  -10.103 0.3000000119
72140  10.133  -27.728  -10.466 0.3000000119
72148  11.374  -27.737  -11.559 0.2000000030
72149  10.810  -27.725  -11.226 0.3000000119
73569  11.861  -26.855  -12.174 0.2000000030
73546  11.508  -27.101  -11.753 0.2000000030
70649  22.566  -27.863  -6.263 0.3000000119
73487  20.946  -26.984  -7.063 0.2000000030
74738  19.065  -26.304  -7.033 0.1000000015
72099  21.570  -27.321  -7.295 0.4000000060
73493  21.102  -26.898  -7.758 0.2000000030
73494  20.336  -26.661  -7.521 0.2000000030
74761  19.478  -26.282  -7.544 0.1000000015
70664  22.899  -28.253  -7.820 0.4000000060
72110  21.745  -27.282  -8.027 0.4000000060
73501  20.625  -26.554  -8.229 0.2000000030
74760  20.045  -26.276  -8.083 0.2000000030
69479  23.270  -29.361  -8.609 0.4000000060
70673  22.932  -28.826  -8.806 0.4000000060
68252  22.951  -30.088  -9.260 0.5000000000
70682  22.199  -28.591  -9.849 0.4000000060
68270  22.683  -30.503  -9.615 0.5000000000
67100  22.040  -30.834  -10.300 0.5000000000
67101  21.543  -30.747  -10.801 0.5000000000
65872  20.703  -31.259  -11.496 0.5000000000
65873  20.175  -31.579  -11.795 0.5000000000
67117  19.978  -30.858  -12.137 0.5000000000
67145  19.406  -30.831  -12.455 0.5000000000
67146  18.795  -30.796  -12.655 0.5000000000
67148  17.213  -30.942  -12.592 0.5000000000
67170  16.914  -30.605  -12.774 0.4000000060
68335  16.331  -30.328  -12.642 0.4000000060
69536  15.374  -29.429  -12.185 0.3000000119
70703  14.660  -28.334  -12.175 0.3000000119
70690  13.847  -28.147  -11.227 0.3000000119
76103  11.094  -25.275  -10.330 0.3000000119
74815  10.047  -26.493  -10.986 0.3000000119
72150  10.401  -27.721  -10.846 0.3000000119
74814  11.840  -25.792  -10.658 0.3000000119
76137  10.722  -25.564  -11.766 0.2000000030
74844  11.069  -25.879  -11.911 0.2000000030
73547  11.080  -27.011  -11.455 0.2000000030
72098  22.240  -27.695  -7.538 0.4000000060
72109  22.333  -27.767  -8.308 0.4000000060
72121  21.838  -27.367  -8.819 0.3000000119
73500  21.270  -26.841  -8.491 0.2000000030
70674  22.593  -28.605  -9.258 0.4000000060
72128  22.283  -28.197  -9.473 0.4000000060
73513  21.313  -26.796  -9.349 0.4000000060
74777  21.102  -26.483  -9.990 0.2000000030
68285  21.871  -30.048  -10.441 0.4000000060
69501  22.101  -29.352  -10.127 0.4000000060
70689  21.595  -28.595  -10.773 0.4000000060
72136  21.586  -27.818  -10.490 0.4000000060
68286  21.414  -29.964  -10.927 0.4000000060
69534  20.939  -29.326  -11.551 0.4000000060
68301  21.081  -29.828  -11.331 0.4000000060
69535  20.522  -29.414  -11.915 0.4000000060
70730  20.318  -28.998  -12.195 0.4000000060
67116  20.454  -30.757  -11.731 0.5000000000
68355  19.091  -29.798  -12.964 0.4000000060
68356  18.390  -29.917  -13.106 0.4000000060
67168  17.895  -30.243  -13.055 0.4000000060
69586  17.499  -29.406  -13.582 0.4000000060
68358  16.750  -30.093  -13.077 0.3000000119
69564  15.711  -29.254  -12.789 0.3000000119
77570  10.358  -24.945  -10.212 0.3000000119
80686  10.084  -23.356  -11.744 0.1000000015
77587  9.993  -24.759  -11.058 0.1000000015
76159  10.951  -25.251  -12.183 0.2000000030
74778  20.512  -25.962  -9.469 0.2000000030
72143  21.299  -28.010  -11.058 0.4000000060
73535  21.242  -27.288  -10.899 0.3000000119
74795  21.138  -26.709  -10.574 0.3000000119
70701  21.168  -28.673  -11.319 0.4000000060
73541  21.112  -27.663  -11.255 0.4000000060
70702  20.757  -28.772  -11.790 0.4000000060
70731  19.955  -28.723  -12.556 0.4000000060
69584  18.957  -29.222  -13.192 0.3000000119
70753  19.516  -28.592  -13.045 0.3000000119
69585  18.254  -29.239  -13.443 0.3000000119
69605  17.978  -28.916  -13.690 0.3000000119
70755  18.340  -28.748  -13.628 0.3000000119
70779  17.555  -28.173  -14.031 0.3000000119
74796  20.847  -26.088  -10.405 0.2000000030
73536  21.062  -26.994  -11.099 0.3000000119
74812  20.923  -26.581  -11.061 0.3000000119
72168  20.479  -28.158  -12.073 0.4000000060
73542  20.879  -27.311  -11.500 0.3000000119
74821  20.576  -26.548  -11.715 0.2000000030
73563  20.385  -27.281  -12.197 0.3000000119
73564  19.971  -27.188  -12.783 0.3000000119
72169  20.010  -27.967  -12.671 0.3000000119
72189  19.538  -27.843  -13.182 0.3000000119
73585  19.536  -27.074  -13.292 0.3000000119
70754  18.848  -28.473  -13.469 0.3000000119
70777  18.711  -28.035  -13.660 0.3000000119
73586  19.085  -27.045  -13.689 0.3000000119
70778  18.222  -28.306  -13.784 0.3000000119
72210  18.100  -27.584  -14.021 0.3000000119
72190  19.101  -27.702  -13.570 0.3000000119
74858  19.381  -26.214  -13.466 0.2000000030
74878  18.784  -26.138  -13.967 0.2000000030
73625  17.667  -26.357  -14.420 0.2000000030
7136  9.523  -71.049  -2.677 1.0000000000
3631  6.649  -75.260  11.382 0.4000000060
3624  6.891  -74.917  11.993 0.3000000119
3623  7.360  -74.933  12.395 0.5000000000
3611  8.051  -74.772  13.574 0.4000000060
3610  8.327  -74.772  14.300 0.4000000060
2494  8.979  -76.429  13.300 0.6999999881
2998  9.473  -74.975  17.062 0.4000000060
2485  9.876  -75.964  14.362 0.8000000119
2996  10.486  -74.903  16.960 0.6000000238
6591  17.717  -71.016  -15.630 0.8999999762
8085  17.492  -69.966  -14.107 0.8999999762
9657  16.719  -68.179  -13.843 0.8000000119
6568  17.146  -71.333  -13.870 0.8999999762
9671  16.269  -68.216  -13.952 0.8000000119
5905  17.228  -72.347  -17.622 0.8000000119
5891  17.237  -72.467  -17.014 0.8999999762
5284  18.238  -73.286  -19.278 0.8000000119
10539  14.738  -67.250  -15.462 0.8999999762
4662  17.138  -73.814  -20.851 0.8999999762
4677  26.910  -74.137  -22.865 0.6999999881
5320  25.242  -73.439  -23.489 0.8000000119
3528  25.758  -75.475  -23.183 0.8000000119
4676  27.103  -73.999  -22.398 0.6000000238
5967  26.094  -72.343  -22.058 0.6000000238
4679  24.491  -73.596  -22.779 0.8000000119
4110  25.016  -74.870  -24.058 0.8000000119
4700  24.372  -74.283  -24.094 0.8000000119
5314  26.927  -73.432  -22.829 0.6999999881
26390  8.091  -54.597  -9.128 1.0000000000
26357  8.967  -54.911  -7.764 1.0000000000
25167  6.089  -55.566  -6.070 0.5000000000
22818  7.094  -56.762  -4.222 0.8999999762
23919  7.718  -56.852  -4.016 1.0000000000
25118  10.567  -55.684  -4.613 0.8999999762
26334  10.162  -54.855  -7.080 0.8999999762
25140  10.011  -55.715  -5.247 1.0000000000
25161  10.982  -55.314  -5.773 0.8999999762
35155  8.273  -49.094  4.447 0.5000000000
37905  9.062  -47.290  3.414 0.6000000238
3250  9.207  -75.968  -4.286 0.8000000119
969  9.577  -78.560  -3.932 0.6999999881
703  10.349  -79.103  -4.540 0.8000000119
3812  9.767  -74.641  -3.216 0.8999999762
3233  12.462  -75.511  -3.678 0.8999999762
3234  11.677  -75.746  -3.650 1.0000000000
3207  11.411  -75.397  -2.168 1.0000000000
3209  10.560  -76.089  -1.815 1.0000000000
1692  11.230  -78.100  -4.149 0.8999999762
1681  10.772  -78.103  -2.505 0.8999999762
2143  10.417  -77.248  -2.089 0.8999999762
956  9.706  -79.146  -3.341 0.8999999762
988  11.131  -78.735  -6.313 0.4000000060
321  13.446  -80.261  -7.962 0.3000000119
320  13.885  -80.571  -8.348 0.2000000030
169  15.348  -80.895  -8.860 0.2000000030
193  14.970  -81.098  -10.001 0.2000000030
2685  12.347  -76.604  -5.411 1.0000000000
3787  11.642  -75.132  -1.825 0.8999999762
1711  13.536  -78.113  -5.651 1.0000000000
1305  14.311  -78.671  -5.146 1.0000000000
1308  12.618  -78.486  -5.207 0.8999999762
965  14.066  -79.543  -4.416 0.8999999762
1296  12.257  -78.869  -4.479 0.8999999762
954  12.368  -79.289  -3.703 0.8999999762
1262  10.831  -78.643  -1.962 0.8999999762
930  11.272  -79.161  -1.821 0.8999999762
1665  9.839  -77.932  -1.704 0.8999999762
1254  9.593  -78.444  -1.768 0.8999999762
952  14.222  -79.895  -3.749 0.8999999762
941  13.720  -79.968  -3.036 0.8999999762
928  12.530  -79.912  -2.269 0.8999999762
914  12.042  -79.934  -1.788 0.8999999762
664  10.104  -79.430  -1.901 0.8999999762
676  9.979  -79.520  -2.263 0.8999999762
421  14.388  -81.257  -1.798 0.8000000119
658  13.995  -80.780  -1.764 0.8999999762
659  13.309  -80.701  -1.750 0.8000000119
424  12.121  -81.021  -1.816 0.6999999881
259  12.540  -81.684  -2.050 0.6999999881
425  11.470  -80.738  -1.882 0.6999999881
433  11.130  -80.740  -2.384 0.6999999881
434  10.608  -80.227  -2.292 0.8999999762
695  10.706  -79.781  -4.177 0.6000000238
97  14.049  -82.343  -2.512 0.8000000119
88  14.354  -82.102  -2.247 0.8000000119
99  12.689  -82.068  -2.437 0.8000000119
108  12.777  -81.717  -3.149 0.6999999881
445  11.452  -80.784  -3.397 0.6000000238
452  11.192  -80.222  -4.282 0.5000000000
465  11.202  -79.585  -5.326 0.5000000000
105  14.908  -82.051  -3.252 0.6999999881
112  16.009  -81.637  -3.616 0.6000000238
255  15.379  -81.855  -1.799 0.8000000119
16  14.327  -82.012  -3.577 0.6999999881
115  13.934  -81.642  -4.122 0.6000000238
128  13.223  -81.386  -4.212 0.6999999881
288  12.046  -80.731  -4.597 0.5000000000
139  12.885  -81.173  -4.913 0.5000000000
295  12.521  -80.645  -5.583 0.4000000060
720  12.010  -79.424  -6.571 0.3000000119
290  15.993  -80.894  -4.963 0.5000000000
136  14.560  -81.206  -5.017 0.6000000238
301  12.794  -80.251  -6.900 0.4000000060
308  13.062  -80.065  -7.472 0.3000000119
701  16.806  -80.008  -5.624 0.6000000238
143  14.301  -81.074  -5.630 0.5000000000
149  14.021  -80.895  -6.087 0.5000000000
153  14.575  -80.531  -6.895 0.4000000060
999  16.713  -79.363  -7.912 0.5000000000
157  15.143  -80.374  -8.111 0.3000000119
38  16.612  -82.044  -10.316 0.2000000030
5011  12.859  -73.669  -1.514 1.0000000000
2623  15.113  -75.936  -0.643 0.6999999881
3256  14.297  -75.070  -5.374 0.8999999762
4423  14.858  -74.099  -4.608 0.8999999762
3265  15.203  -75.790  -5.805 0.8999999762
1720  14.250  -77.439  -5.806 1.0000000000
1698  16.302  -78.113  -4.631 1.0000000000
950  15.632  -79.628  -3.642 0.8999999762
679  15.520  -80.224  -2.441 0.8999999762
669  16.732  -80.409  -1.987 0.8999999762
419  15.653  -81.481  -1.508 0.8000000119
417  17.017  -81.302  -1.521 0.8999999762
122  16.672  -81.211  -4.081 0.6000000238
283  17.277  -80.752  -4.412 0.6999999881
982  17.377  -78.970  -6.492 0.5000000000
7111  9.379  -71.151  -1.927 0.8999999762
7112  8.878  -71.431  -1.825 0.8999999762
6346  7.844  -72.287  -1.711 0.6999999881
6345  8.285  -71.916  -1.221 0.8999999762
5024  16.172  -73.417  -2.290 0.8000000119
4378  16.061  -74.103  -1.639 0.6999999881
2184  15.209  -76.974  -5.635 0.8999999762
2682  15.874  -76.432  -5.555 0.8999999762
1269  17.965  -78.665  -3.076 0.8000000119
1320  17.992  -78.716  -6.588 0.5000000000
7861  10.853  -70.545  -1.117 1.0000000000
6455  7.163  -71.558  -5.990 0.3000000119
5687  6.602  -72.029  -2.405 0.4000000060
4951  14.914  -73.270  1.809 0.8999999762
5034  16.253  -72.983  -2.434 0.8000000119
3826  17.083  -74.665  -5.300 0.8000000119
5652  6.027  -72.935  -0.804 0.4000000060
1268  18.594  -78.211  -2.770 0.8000000119
1259  18.615  -78.806  -2.202 0.8000000119
1354  21.307  -78.933  -8.745 0.5000000000
1027  21.650  -79.854  -10.683 0.5000000000
1036  22.724  -79.328  -11.575 0.5000000000
1363  23.912  -78.896  -9.782 0.5000000000
1405  23.586  -78.708  -13.252 0.4000000060
3152  7.774  -75.327  2.552 0.8000000119
6399  17.041  -71.512  -3.755 0.8000000119
3824  18.280  -74.472  -4.839 0.8000000119
14369  7.501  -64.760  -23.482 0.5000000000
1336  23.758  -78.807  -8.698 0.5000000000
2766  24.850  -76.730  -10.860 0.5000000000
5732  18.420  -73.060  -4.850 0.8000000119
4412  19.034  -74.324  -4.051 0.8000000119
3201  19.811  -75.577  -1.999 0.8000000119
908  22.090  -78.929  -1.286 1.0000000000
947  22.665  -79.024  -3.190 0.8999999762
1286  22.581  -78.498  -4.086 0.8999999762
17964  6.849  -61.221  -20.054 0.6999999881
16119  6.971  -62.522  -21.189 0.6999999881
2164  22.429  -77.019  -4.518 0.8999999762
2211  21.733  -77.160  -8.000 0.8999999762
3263  21.341  -75.490  -6.078 0.8999999762
3834  21.668  -74.853  -5.996 0.8999999762
2713  23.882  -76.470  -7.861 0.8000000119
5044  19.548  -73.195  -3.721 0.8000000119
19930  6.661  -59.402  -18.954 0.8000000119
2162  23.570  -76.949  -4.086 0.8999999762
3814  22.668  -74.890  -4.777 0.8000000119
11421  7.776  -66.996  -17.945 0.8999999762
2193  27.208  -76.942  -7.372 0.6000000238
3288  24.263  -75.839  -7.711 0.6999999881
2004  7.413  -76.676  10.803 0.6000000238
3758  22.855  -74.854  -0.567 0.8999999762
3803  24.439  -75.123  -4.032 0.8000000119
4418  23.105  -74.249  -4.532 0.8000000119
2761  28.562  -76.437  -11.171 0.8999999762
2762  27.625  -76.165  -10.973 0.8000000119
4441  25.599  -74.245  -7.578 0.6000000238
5079  24.797  -73.341  -7.623 0.6000000238
5717  23.840  -72.092  -4.322 0.6000000238
5719  22.840  -72.957  -4.983 0.6999999881
3331  27.022  -75.850  -11.211 0.6999999881
23040  7.946  -56.945  -15.946 1.0000000000
13200  8.232  -65.833  -17.775 0.8999999762
3899  28.508  -74.826  -10.267 0.8000000119
6461  23.405  -71.681  -6.620 0.6000000238
6411  24.163  -71.616  -4.186 0.5000000000
6644  9.727  -71.723  -17.329 0.6999999881
3048  7.276  -75.646  12.171 0.5000000000
4497  28.363  -74.301  -11.228 0.8000000119
4485  27.488  -74.561  -9.729 0.8000000119
5782  24.548  -72.070  -8.708 0.6999999881
2815  27.175  -76.840  -14.400 1.0000000000
2486  9.321  -76.276  14.102 0.6999999881
3041  8.111  -75.601  13.213 0.6000000238
4207  7.799  -74.156  13.279 0.2000000030
5460  7.770  -72.650  12.657 0.2000000030
6131  7.618  -71.979  11.881 0.1000000015
3928  28.615  -74.407  -12.607 0.6999999881
4607  9.533  -73.893  -17.329 0.6000000238
5236  11.605  -73.224  -17.204 0.8999999762
3025  9.212  -75.875  14.891 0.6999999881
3007  9.442  -75.312  16.301 0.4000000060
26622  5.956  -54.601  -19.614 0.6999999881
5150  27.441  -73.485  -11.667 0.6999999881
5289  11.729  -73.014  -19.231 0.8999999762
1930  24.540  -77.308  -21.330 0.6999999881
26553  10.110  -54.529  -16.874 0.8999999762
30300  8.716  -51.971  -16.984 0.8999999762
5164  26.940  -72.959  -12.397 0.6000000238
2870  28.743  -76.576  -18.114 0.8000000119
6688  11.446  -71.510  -19.364 0.8999999762
15078  11.925  -63.515  -14.715 0.8000000119
2899  28.226  -76.365  -20.161 0.6999999881
2912  28.053  -76.045  -20.709 0.8999999762
2971  20.231  -76.620  -24.590 0.4000000060
25399  12.689  -55.832  -19.669 0.6999999881
25432  12.971  -55.662  -20.847 0.6000000238
25416  13.796  -55.749  -19.927 0.5000000000
30234  9.201  -52.240  -14.636 1.0000000000
16907  12.460  -62.361  -14.249 0.8000000119
8115  19.931  -70.167  -15.495 0.8000000119
8099  18.239  -69.847  -15.094 0.8999999762
3488  28.615  -75.587  -20.422 0.6999999881
4084  26.634  -74.886  -22.972 0.8000000119
5310  25.030  -72.970  -21.757 0.6000000238
6581  17.723  -70.977  -14.929 0.8999999762
7308  16.910  -70.549  -13.635 0.8000000119
12293  10.681  -65.737  -18.646 0.8000000119
4689  26.352  -73.417  -23.785 0.8000000119
4699  25.084  -73.862  -23.934 0.8000000119
5974  25.885  -73.002  -22.987 0.6999999881
5308  22.941  -73.811  -21.320 0.6999999881
5281  22.963  -73.466  -19.718 0.6999999881
7350  17.554  -70.980  -16.367 0.8000000119
6582  17.466  -71.748  -14.434 0.8999999762
5197  16.996  -72.829  -14.301 0.8999999762
7309  15.922  -70.672  -13.427 0.8999999762
4545  13.363  -73.778  -13.224 0.8999999762
5850  14.113  -72.256  -13.302 0.8999999762
6574  12.347  -71.891  -13.969 0.8999999762
7313  13.337  -71.056  -13.944 1.0000000000
6625  17.236  -71.884  -16.679 0.8999999762
5207  16.626  -73.726  -14.591 0.8000000119
4546  12.513  -73.909  -12.971 0.6999999881
6608  11.784  -71.793  -15.612 1.0000000000
3534  24.964  -75.440  -23.766 0.8999999762
5941  18.369  -72.583  -18.332 0.8000000119
5942  17.864  -72.658  -18.541 0.8000000119
4596  17.242  -74.054  -16.279 0.8999999762
3988  16.294  -74.983  -15.245 0.8999999762
4023  16.808  -74.986  -16.256 0.8999999762
3990  15.331  -75.374  -14.505 0.8999999762
3407  15.924  -75.419  -15.194 0.8999999762
4686  16.587  -74.033  -22.359 0.6000000238
3594  10.821  -74.687  15.678 0.8999999762
26655  15.176  -55.064  -21.741 0.4000000060
26619  15.362  -55.103  -19.721 0.4000000060
27910  13.714  -54.638  -22.029 0.6000000238
29140  12.690  -53.281  -19.722 0.8999999762
30322  10.881  -52.755  -17.601 0.8999999762
26599  15.467  -55.196  -18.815 0.4000000060
28934  7.226  -53.005  -12.833 1.0000000000
15170  10.771  -63.574  -20.280 0.5000000000
5241  23.226  -73.159  -18.737 0.6999999881
5921  22.123  -72.899  -17.456 0.6000000238
8072  14.501  -70.171  -13.801 0.8000000119
7310  15.003  -70.745  -13.513 0.8000000119
12312  10.312  -65.721  -19.671 0.6999999881
6571  14.574  -71.502  -13.364 0.8999999762
7312  13.697  -70.652  -13.982 1.0000000000
7325  13.192  -70.723  -14.415 1.0000000000
7352  12.538  -70.923  -15.750 1.0000000000
4634  21.022  -73.906  -19.844 0.8000000119
4691  24.430  -73.882  -23.443 0.8000000119
4623  19.087  -73.540  -19.077 0.6999999881
4622  19.786  -73.680  -19.089 0.8000000119
5269  17.196  -73.155  -18.936 0.8999999762
7434  12.535  -71.303  -20.897 0.8000000119
4192  8.814  -73.905  15.177 0.2000000030
30410  21.233  -52.311  -20.509 0.2000000030
25341  15.516  -56.276  -16.720 0.4000000060
27669  9.523  -53.985  -12.748 1.0000000000
16959  12.795  -61.683  -16.701 0.6000000238
5898  23.145  -72.578  -17.415 0.6000000238
5243  21.844  -73.198  -17.964 0.6999999881
4076  20.770  -74.508  -22.710 0.8000000119
4635  20.031  -73.979  -19.749 0.8000000119
4637  18.478  -73.528  -19.522 0.8999999762
5297  17.667  -73.247  -19.633 0.8000000119
8229  11.480  -69.931  -21.723 0.8000000119
4077  20.038  -74.593  -22.591 0.6999999881
5400  11.646  -72.249  18.057 0.8000000119
4803  8.301  -73.343  13.974 0.2000000030
6106  8.785  -72.011  13.223 0.2000000030
4768  9.675  -73.414  17.339 0.3000000119
29205  15.634  -53.332  -23.214 0.3000000119
29138  14.403  -53.426  -19.446 0.6000000238
29058  13.718  -52.837  -17.210 0.8999999762
26443  11.057  -54.632  -11.567 0.8999999762
26445  9.415  -54.508  -11.353 1.0000000000
26409  5.247  -54.117  -9.531 0.8999999762
6795  12.598  -70.861  17.103 0.8999999762
6767  11.076  -71.069  19.405 0.8000000119
30446  19.049  -52.283  -22.170 0.2000000030
26423  9.783  -54.539  -10.632 1.0000000000
26389  8.924  -54.563  -9.143 1.0000000000
26359  7.249  -55.136  -7.771 1.0000000000
19915  17.512  -60.163  -18.413 0.4000000060
26338  6.883  -55.367  -7.103 0.8999999762
7532  12.020  -69.762  18.385 0.8000000119
26420  12.180  -54.693  -10.642 0.8999999762
25142  8.350  -55.922  -5.143 1.0000000000
26337  7.736  -55.338  -7.140 1.0000000000
8396  12.964  -69.156  17.454 0.8999999762
8382  12.217  -69.232  18.231 0.8000000119
9232  12.564  -68.404  17.790 0.8000000119
30415  16.696  -51.950  -19.823 0.4000000060
28962  15.303  -53.362  -14.084 0.6999999881
25141  9.196  -55.835  -5.248 1.0000000000
26318  8.796  -55.365  -6.555 1.0000000000
27641  14.606  -54.275  -11.555 0.8999999762
26385  12.052  -54.621  -9.174 0.8999999762
10082  11.570  -68.024  18.212 0.8999999762
31550  16.060  -51.958  -15.673 0.6999999881
26368  13.798  -54.339  -8.612 0.8999999762
8349  7.931  -69.253  20.426 0.4000000060
31571  16.486  -51.817  -16.249 0.6000000238
30218  16.790  -52.108  -13.339 0.6999999881
27612  15.050  -53.950  -10.188 0.8999999762
32845  17.235  -51.275  -14.960 0.4000000060
32816  17.456  -50.722  -13.163 0.4000000060
30192  17.112  -51.787  -11.824 0.6000000238
28892  16.115  -53.037  -10.193 0.6999999881
30182  16.947  -51.964  -10.930 0.6999999881
32805  16.470  -50.132  -11.064 0.5000000000
31461  16.334  -51.349  -9.850 0.6999999881
27604  15.220  -53.743  -9.525 0.8999999762
27584  15.123  -53.271  -8.101 0.8999999762
27586  14.117  -54.030  -7.637 0.8999999762
31440  14.519  -52.060  -6.867 0.6999999881
27532  11.813  -54.038  -4.125 0.8999999762
25088  10.513  -55.408  -3.082 0.8999999762
30115  12.917  -52.553  -5.052 0.8999999762
23881  8.774  -56.217  -1.317 1.0000000000
22772  8.897  -56.786  -2.534 1.0000000000
31412  12.061  -51.592  -4.742 0.8999999762
28788  9.632  -53.284  -2.344 0.8999999762
23944  5.671  -56.643  -4.566 0.5000000000
23966  5.110  -56.480  -5.531 0.3000000119
30102  10.205  -52.086  -3.191 0.8999999762
25047  7.954  -55.680  -0.622 0.8999999762
22802  5.499  -57.398  -3.716 0.3000000119
31371  8.268  -51.788  -2.805 0.8999999762
14613  6.625  -63.503  15.665 0.8999999762
13557  5.748  -63.979  17.249 0.8999999762
12596  5.033  -64.985  16.900 0.5000000000
16443  4.980  -62.291  16.153 0.8000000119
34041  4.796  -49.767  -3.950 1.0000000000
18378  5.878  -60.713  13.699 0.8999999762
15537  4.914  -63.174  14.827 0.6000000238
35262  3.059  -49.737  -1.958 1.0000000000
36600  2.384  -48.521  -0.091 0.8000000119
37940  2.329  -48.022  0.879 0.6999999881
33903  2.855  -50.391  0.624 0.6000000238
31264  2.592  -51.834  1.486 0.4000000060
29974  2.626  -52.610  1.294 0.5000000000
39388  2.930  -46.523  -0.595 0.8000000119
39340  2.974  -47.577  1.643 0.6000000238
38024  3.690  -47.545  -3.629 1.0000000000
39405  2.398  -46.845  -2.123 1.0000000000
20491  4.403  -58.413  9.709 0.8000000119
40699  3.894  -46.820  1.098 0.6999999881
21524  4.529  -57.898  9.207 0.6000000238
40710  5.331  -46.040  0.160 0.4000000060
39371  5.026  -46.911  0.358 0.4000000060
40749  3.893  -45.775  -1.459 0.6000000238
24901  4.350  -56.026  8.588 0.8000000119
35140  9.117  -49.157  4.827 0.4000000060
40667  10.948  -45.732  3.611 0.6999999881
40680  9.209  -46.360  3.209 0.6000000238
44531  10.565  -44.011  3.568 0.8000000119
39319  7.889  -46.883  3.869 0.6000000238
40661  8.269  -45.837  4.021 0.8000000119
44551  15.117  -43.318  2.178 0.8000000119
44542  14.445  -43.450  2.907 0.8000000119
47337  15.170  -42.005  1.444 0.8999999762
47322  14.370  -42.319  1.884 0.8999999762
45903  15.385  -42.694  1.439 0.8999999762
45874  14.167  -43.171  2.541 0.8999999762
43244  13.026  -43.848  3.251 0.8999999762
45889  14.168  -42.785  2.131 0.8999999762
48676  14.566  -40.969  2.536 0.8000000119
51534  16.309  -40.148  2.025 0.8000000119
51578  16.183  -40.555  1.162 0.8999999762
48731  16.969  -41.546  0.656 0.8999999762
45901  16.602  -42.544  0.961 0.8999999762
44573  16.684  -43.138  0.903 0.8000000119
47352  18.300  -42.100  0.414 0.8000000119
45917  17.841  -42.853  0.501 0.8000000119
48728  19.530  -41.075  0.388 0.8999999762
45916  18.826  -43.003  0.328 0.8000000119
50137  18.192  -40.528  0.514 0.8000000119
50136  19.075  -40.319  0.480 0.8000000119
51552  18.069  -39.661  1.337 0.6999999881
51553  17.336  -39.917  1.388 0.8000000119
44778  5.080  -43.690  -8.102 1.0000000000
51574  18.546  -39.761  0.783 0.6999999881
52991  19.857  -38.948  0.932 0.3000000119
52990  20.194  -38.925  0.849 0.6999999881
50134  20.770  -40.225  0.345 0.8000000119
51571  21.364  -39.558  0.235 0.6999999881
50135  19.956  -40.209  0.428 0.8000000119
53028  22.443  -38.299  -0.815 0.6000000238
55674  21.941  -36.851  -1.308 0.3000000119
55675  21.652  -36.498  -1.514 0.3000000119
51570  21.746  -39.337  0.056 0.6999999881
54356  22.095  -37.990  -0.219 0.5000000000
53011  22.208  -38.737  -0.398 0.6000000238
57014  22.033  -36.491  0.091 0.2000000030
57026  22.044  -36.258  -0.764 0.2000000030
58544  21.825  -35.639  -0.806 0.1000000015
58546  20.426  -35.507  -1.414 0.1000000015
57041  20.711  -36.269  -2.088 0.2000000030
60088  19.352  -35.055  -1.270 0.1000000015
58574  18.647  -36.116  -2.221 0.2000000030
57058  21.317  -36.269  -2.272 0.4000000060
58573  19.432  -36.253  -2.581 0.2000000030
58599  20.980  -35.601  -2.563 0.4000000060
58600  20.300  -35.612  -2.758 0.2000000030
60144  15.712  -35.262  -2.679 0.1000000015
59985  21.722  -35.595  1.223 0.1000000015
60135  22.984  -35.352  -2.213 0.5000000000
60051  19.688  -34.299  -0.914 0.1000000015
60119  16.793  -34.625  -2.550 0.2000000030
61667  20.046  -34.429  -2.431 0.4000000060
60045  24.453  -34.796  -0.253 0.6999999881
60044  25.170  -34.963  -0.323 1.0000000000
61616  22.458  -33.781  -1.007 0.6000000238
61581  24.046  -33.929  -0.162 0.6999999881
60085  22.951  -34.370  -1.052 0.6000000238
63094  22.361  -33.303  -0.587 0.5000000000
63127  20.699  -33.154  -1.690 0.4000000060
61639  22.628  -34.140  -1.411 0.5000000000
61643  19.531  -33.760  -2.191 0.2000000030
63129  19.000  -33.143  -1.933 0.2000000030
63130  18.203  -33.207  -1.982 0.1000000015
63131  17.410  -33.227  -2.000 0.2000000030
61647  16.264  -33.975  -2.237 0.2000000030
50333  7.946  -40.885  -10.465 0.8000000119
60082  26.500  -34.738  -1.379 1.0000000000
60083  26.112  -34.736  -0.752 1.0000000000
61580  24.878  -34.088  -0.177 0.8999999762
63068  23.655  -33.094  -0.208 0.6999999881
64413  21.579  -32.180  -0.217 0.5000000000
64412  22.393  -32.226  -0.168 0.6000000238
61637  26.777  -33.812  -1.795 1.0000000000
64441  17.994  -32.170  -1.226 0.1000000015
65681  22.803  -31.532  -0.064 0.6000000238
65683  21.068  -31.518  -0.084 0.4000000060
60158  27.678  -34.317  -3.303 1.0000000000
64466  26.637  -32.298  -2.123 0.6999999881
63168  28.951  -33.352  -4.106 1.0000000000
64497  28.105  -32.444  -3.178 0.8000000119
54518  9.792  -37.689  -10.828 0.6999999881
50360  10.062  -40.264  -12.344 0.6999999881
53208  10.927  -38.927  -12.578 0.6999999881
66933  21.456  -30.802  0.049 0.4000000060
66932  22.365  -30.805  -0.003 0.5000000000
65678  25.112  -31.814  -1.006 0.6999999881
68118  23.630  -30.057  -0.726 0.5000000000
66960  25.533  -30.485  -0.867 0.6000000238
65757  28.610  -30.566  -2.936 0.6999999881
54571  11.207  -37.794  -12.796 0.6999999881
61848  11.543  -33.805  -12.046 0.5000000000
68117  24.070  -30.211  -1.096 0.6000000238
68148  25.584  -30.028  -1.457 0.6000000238
66985  27.038  -30.267  -1.697 0.6999999881
67000  28.280  -29.999  -2.199 0.6999999881
68184  26.395  -30.155  -2.828 0.6999999881
65763  28.407  -30.900  -3.833 0.6999999881
65770  27.981  -31.870  -4.678 0.6999999881
64544  27.314  -32.612  -6.725 0.6999999881
58744  10.778  -35.556  -10.338 0.6999999881
60299  10.289  -34.726  -10.993 0.5000000000
65881  12.393  -31.306  -11.591 0.4000000060
70573  19.295  -28.033  -0.529 0.2000000030
70584  22.840  -27.953  -1.266 0.4000000060
65779  27.306  -31.732  -5.656 0.6999999881
67025  26.436  -30.448  -5.489 0.6000000238
60281  21.829  -34.827  -9.929 0.6000000238
60283  20.335  -34.724  -9.906 0.4000000060
63251  18.214  -33.426  -8.289 0.5000000000
64570  15.955  -32.779  -8.776 0.5000000000
61799  13.932  -34.017  -9.160 0.5000000000
60312  10.428  -34.537  -11.520 0.6000000238
64590  11.746  -32.301  -9.585 0.5000000000
63290  10.302  -33.195  -10.785 0.6000000238
64592  10.534  -32.287  -10.139 0.5000000000
63276  10.408  -32.894  -10.338 0.5000000000
64607  10.135  -32.330  -10.561 0.5000000000
61849  10.596  -33.772  -11.570 0.5000000000
63324  11.161  -33.060  -11.956 0.4000000060
64639  10.884  -32.355  -11.856 0.4000000060
67123  11.547  -30.701  -11.648 0.4000000060
73322  19.174  -26.834  -2.150 0.1000000015
73348  20.430  -26.860  -2.911 0.2000000030
65805  24.406  -31.301  -7.763 0.5000000000
63285  21.404  -33.316  -10.481 0.4000000060
61815  20.829  -34.022  -10.389 0.2000000030
63298  20.283  -33.130  -11.030 0.3000000119
61819  18.146  -33.594  -9.895 0.5000000000
61834  17.952  -33.378  -10.383 0.5000000000
63318  16.846  -32.453  -10.840 0.5000000000
64633  16.299  -31.731  -10.988 0.6000000238
68257  11.878  -29.902  -9.607 0.4000000060
67090  10.329  -30.732  -10.062 0.5000000000
68275  10.016  -29.924  -10.216 0.4000000060
65862  10.121  -31.538  -10.908 0.3000000119
65884  10.477  -31.651  -11.545 0.3000000119
70706  12.282  -28.431  -11.808 0.2000000030
70760  12.975  -28.150  -12.884 0.2000000030
73443  20.827  -26.899  -4.798 0.2000000030
73446  18.715  -26.362  -4.899 0.1000000015
65858  21.125  -31.519  -11.090 0.5000000000
64628  19.541  -32.272  -11.784 0.5000000000
63317  17.154  -32.602  -11.040 0.5000000000
67118  16.078  -30.977  -11.753 0.4000000060
67102  15.500  -30.814  -10.906 0.4000000060
68288  14.874  -29.933  -11.060 0.5000000000
69519  13.736  -28.903  -10.640 0.5000000000
70675  12.664  -28.575  -10.028 0.4000000060
70679  10.553  -28.429  -9.939 0.3000000119
70639  23.002  -28.340  -4.995 0.3000000119
72067  21.823  -27.463  -5.309 0.3000000119
72068  21.100  -27.062  -5.150 0.2000000030
69464  23.334  -28.645  -5.991 0.4000000060
73489  19.556  -26.568  -6.621 0.1000000015
72088  22.079  -27.621  -6.792 0.4000000060
67085  22.886  -30.925  -9.470 0.5000000000
65857  21.697  -31.562  -10.630 0.5000000000
65900  18.901  -31.379  -12.400 0.5000000000
65902  17.689  -31.398  -12.429 0.5000000000
68336  15.960  -30.023  -12.512 0.3000000119
68305  15.012  -29.504  -11.657 0.4000000060
68289  14.383  -29.433  -10.861 0.4000000060
72130  13.109  -27.858  -10.669 0.3000000119
72125  10.745  -27.704  -9.874 0.3000000119
73538  12.828  -26.858  -10.982 0.3000000119
74780  11.054  -26.465  -9.951 0.3000000119
74781  10.609  -26.324  -9.926 0.3000000119
74782  10.206  -26.434  -10.051 0.3000000119
73548  10.548  -26.881  -11.070 0.2000000030
74843  11.510  -25.961  -12.338 0.2000000030
74739  18.556  -26.243  -6.538 0.1000000015
72120  22.341  -27.945  -9.044 0.4000000060
69485  22.827  -29.294  -9.189 0.4000000060
69486  22.472  -29.260  -9.633 0.4000000060
70683  21.862  -28.296  -10.243 0.4000000060
68332  19.889  -30.109  -12.389 0.4000000060
68354  19.554  -29.766  -12.716 0.4000000060
69565  15.268  -28.897  -12.520 0.3000000119
77586  10.622  -24.662  -10.358 0.3000000119
77571  10.075  -25.023  -10.546 0.3000000119
76138  10.315  -25.445  -11.416 0.2000000030
77600  10.211  -24.647  -11.608 0.1000000015
72129  21.915  -27.721  -9.701 0.4000000060
73514  20.811  -26.429  -8.832 0.2000000030
73529  21.417  -27.108  -10.172 0.3000000119
69515  21.715  -29.339  -10.630 0.4000000060
69516  21.328  -29.283  -11.100 0.4000000060
69587  16.771  -29.160  -13.586 0.3000000119
69588  16.076  -28.908  -13.322 0.3000000119
70757  15.892  -28.221  -13.537 0.3000000119
79110  9.948  -24.375  -10.793 0.3000000119
73605  18.627  -26.979  -13.945 0.3000000119
73606  18.029  -26.796  -14.224 0.2000000030
4213  7.088  -74.355  11.967 0.2000000030
4653  27.672  -74.075  -21.168 0.5000000000
26358  8.136  -55.093  -7.792 1.0000000000
2855  16.237  -76.188  -16.880 0.8000000119
3440  16.566  -75.526  -16.586 0.6999999881
3486  16.643  -75.697  -19.417 0.5000000000
3508  15.878  -75.557  -21.052 0.3000000119
4066  16.562  -74.630  -20.296 0.5000000000
2923  14.869  -76.845  -20.950 0.1000000015
2937  15.440  -75.926  -21.360 0.4000000060
3422  16.196  -75.475  -15.749 0.8000000119
2833  14.913  -76.280  -14.928 0.8000000119
2337  14.424  -76.795  -14.883 0.4000000060
2324  12.613  -77.116  -13.924 0.2000000030
2824  13.553  -76.380  -13.916 0.4000000060
2921  17.459  -76.758  -21.649 0.2000000030
2936  16.447  -76.886  -22.287 0.1000000015
3533  15.762  -75.451  -23.469 0.5000000000
4107  15.683  -74.809  -23.198 0.5000000000
2934  17.632  -76.401  -22.270 0.3000000119
2935  16.872  -76.692  -22.183 0.3000000119
2950  16.300  -76.565  -22.783 0.3000000119
2960  18.939  -76.371  -24.012 0.4000000060
2974  17.759  -75.832  -24.447 0.5000000000
2949  17.067  -76.341  -22.972 0.4000000060
3532  16.520  -75.541  -24.024 0.5000000000
4121  16.651  -75.007  -24.068 0.6000000238
1247  24.003  -77.933  -1.132 0.8000000119
3397  14.526  -75.521  -13.994 0.6999999881
2810  13.087  -75.940  -13.486 0.4000000060
2309  12.053  -76.647  -13.468 0.2000000030
2311  11.154  -76.721  -13.026 0.3000000119
2296  10.351  -76.525  -12.556 0.3000000119
1820  10.379  -77.610  -12.379 0.3000000119
2297  9.682  -76.494  -12.312 0.3000000119
1799  9.148  -76.827  -11.746 0.2000000030
2426  16.913  -77.289  -21.512 0.1000000015
2973  18.463  -76.067  -24.794 0.5000000000
3540  17.187  -75.425  -24.520 0.6000000238
7148  20.296  -70.999  -3.264 0.6999999881
7149  19.805  -70.848  -3.449 0.6999999881
5708  19.860  -72.039  -3.425 0.6999999881
8689  21.026  -69.507  -3.116 0.6000000238
6380  20.521  -71.450  -3.061 0.6999999881
7894  20.898  -70.410  -3.071 0.6999999881
6379  20.966  -71.294  -2.836 0.6999999881
1235  23.294  -77.679  -0.311 0.8000000119
1257  24.231  -77.981  -1.843 0.8000000119
1649  24.788  -77.377  -0.861 0.8000000119
3950  13.712  -74.238  -13.310 0.6999999881
3951  13.214  -74.639  -13.175 0.6000000238
3970  13.607  -75.087  -13.407 0.6999999881
3382  12.468  -75.370  -13.008 0.6000000238
2800  9.784  -75.736  -12.502 0.4000000060
2801  8.953  -75.617  -12.409 0.2000000030
2789  8.542  -75.495  -12.024 0.2000000030
226042  8.689  -75.031  -13.032 0.2000000030
226043  8.347  -74.429  -12.988 0.2000000030
226041  8.592  -74.930  -11.526 0.1000000015
5162  8.304  -74.184  -12.384 0.1000000015
7919  19.515  -69.977  -3.244 0.6999999881
10354  21.692  -67.996  -2.526 0.5000000000
9505  21.164  -68.689  -2.928 0.6000000238
9506  20.302  -68.523  -2.760 0.6999999881
8712  20.537  -69.737  -3.166 0.6999999881
5680  20.657  -72.485  -2.632 0.6999999881
9504  22.060  -68.638  -2.811 0.6000000238
7892  22.090  -69.967  -2.804 0.6000000238
7126  21.871  -70.729  -2.688 0.6999999881
6359  21.737  -71.543  -2.427 0.6000000238
5021  21.461  -73.123  -1.692 0.8000000119
10329  22.548  -67.187  -1.582 0.4000000060
10330  21.906  -67.434  -1.349 0.4000000060
10353  22.493  -67.995  -2.522 0.4000000060
9503  22.801  -68.653  -2.662 0.6000000238
7891  22.740  -69.953  -2.576 0.6000000238
7104  22.590  -70.734  -2.385 0.6000000238
3176  22.599  -75.531  -0.314 0.8000000119
2113  23.390  -76.937  0.178 0.8000000119
1641  24.151  -77.347  -0.169 0.8000000119
2110  25.221  -76.869  0.260 0.6999999881
1266  24.206  -77.984  -2.681 0.8000000119
1669  24.893  -77.435  -1.927 0.6999999881
2119  25.288  -77.067  -0.510 0.6999999881
1686  23.855  -77.742  -3.494 0.8000000119
2139  25.682  -76.859  -1.917 0.6999999881
2617  26.269  -76.443  -0.349 0.6999999881
2607  26.699  -76.075  0.286 0.5000000000
3174  27.136  -75.792  -0.413 0.5000000000
3937  11.601  -74.758  -12.600 0.6000000238
4534  10.539  -74.002  -12.761 0.5000000000
3367  10.375  -75.281  -12.470 0.3000000119
2270  9.219  -76.491  -11.063 0.2000000030
3953  9.543  -74.396  -13.613 0.4000000060
3939  9.951  -74.448  -12.822 0.5000000000
3954  9.085  -74.699  -13.889 0.3000000119
4522  8.867  -74.139  -11.210 0.1000000015
3991  9.884  -74.349  -14.971 0.3000000119
4551  8.525  -74.592  -13.409 0.2000000030
5189  8.261  -73.901  -13.283 0.1000000015
4589  8.531  -74.073  -15.468 0.3000000119
3973  8.744  -74.616  -14.460 0.3000000119
7920  18.694  -70.145  -3.347 0.6999999881
10343  21.412  -67.665  -1.886 0.4000000060
8691  19.615  -69.247  -2.898 0.6999999881
7896  18.958  -69.638  -2.933 0.6999999881
10306  22.111  -67.627  -0.047 0.4000000060
10318  21.743  -67.602  -0.695 0.4000000060
9487  20.195  -68.058  -2.092 0.5000000000
9488  19.650  -68.376  -1.731 0.6999999881
5676  23.116  -71.915  -1.654 0.6000000238
5661  22.305  -72.547  -1.595 0.6000000238
5005  22.266  -73.220  -1.330 0.6999999881
10279  21.701  -67.291  2.438 0.3000000119
10297  22.327  -67.421  0.923 0.3000000119
10317  22.488  -67.096  -0.733 0.4000000060
8670  23.625  -69.227  -2.268 0.6000000238
7103  23.249  -70.569  -2.102 0.5000000000
6357  22.980  -71.305  -1.947 0.6000000238
5004  23.161  -73.167  -1.188 0.6000000238
4373  22.781  -74.014  -0.965 0.6999999881
3167  23.610  -75.646  0.063 0.6999999881
3749  24.698  -74.845  0.179 0.5000000000
11172  23.212  -66.865  -0.876 0.4000000060
11185  23.317  -67.231  -1.718 0.3000000119
9502  23.398  -68.668  -2.441 0.4000000060
7868  23.845  -69.803  -2.020 0.4000000060
7084  24.772  -70.534  -1.231 0.4000000060
5659  23.618  -72.283  -1.358 0.5000000000
4989  24.385  -73.541  -0.686 0.4000000060
4359  24.714  -74.089  -0.256 0.5000000000
2612  23.166  -76.328  0.124 0.6999999881
3166  24.471  -75.629  0.405 0.5000000000
11146  22.414  -66.956  1.768 0.3000000119
10296  22.674  -67.069  0.643 0.4000000060
11171  23.771  -66.856  -0.667 0.3000000119
9485  24.363  -68.417  -1.807 0.4000000060
8656  24.737  -68.981  -1.557 0.3000000119
7854  24.449  -69.773  -1.666 0.4000000060
3157  25.212  -75.558  0.742 0.5000000000
11154  23.135  -66.797  0.766 0.3000000119
10327  24.585  -67.586  -1.158 0.3000000119
2602  25.548  -76.175  0.957 0.6000000238
2608  26.208  -76.444  0.218 0.6000000238
3144  27.338  -75.234  1.684 0.4000000060
1677  24.901  -77.323  -2.523 0.8000000119
3154  27.619  -75.322  0.871 0.6000000238
2650  26.288  -75.955  -2.523 0.6999999881
2627  26.523  -76.211  -1.270 0.6000000238
3224  26.096  -75.490  -3.235 0.6999999881
3198  27.287  -75.404  -2.155 0.6000000238
2626  26.985  -75.808  -1.611 0.5000000000
3173  27.728  -75.413  -0.310 0.6000000238
4547  11.673  -73.604  -12.908 0.8000000119
4549  10.102  -73.664  -13.582 0.6000000238
5827  8.027  -72.763  -12.049 0.1000000015
5839  8.009  -73.126  -12.785 0.1000000015
5202  8.390  -73.802  -14.270 0.2000000030
6361  16.860  -71.584  -2.030 0.6999999881
8672  18.809  -69.103  -1.837 0.6999999881
7871  18.476  -69.496  -2.298 0.6999999881
7856  18.109  -69.857  -1.113 0.6999999881
10319  21.307  -67.844  -0.642 0.4000000060
9471  20.737  -67.892  -1.017 0.5000000000
8657  19.253  -68.871  -0.859 0.6999999881
4361  23.337  -74.344  -0.639 0.6000000238
7071  25.393  -70.843  -0.862 0.4000000060
6326  25.590  -71.529  -0.673 0.4000000060
4988  25.083  -73.111  -0.510 0.4000000060
10328  24.095  -67.337  -1.382 0.3000000119
7852  25.546  -69.374  -0.904 0.3000000119
7083  25.519  -70.068  -0.901 0.3000000119
5644  26.304  -72.409  -0.158 0.4000000060
4358  25.403  -73.785  -0.037 0.5000000000
3748  25.313  -74.818  0.528 0.5000000000
8640  25.414  -68.350  -0.747 0.3000000119
3735  26.381  -74.849  1.061 0.4000000060
3156  25.993  -75.586  1.038 0.4000000060
3733  27.340  -74.382  1.559 0.4000000060
4947  27.976  -73.512  1.708 0.4000000060
3718  28.262  -74.745  1.564 0.4000000060
4327  29.229  -74.205  0.960 0.4000000060
3732  28.395  -74.803  0.919 0.4000000060
3781  27.638  -74.989  -2.320 0.6000000238
3767  28.418  -74.826  -1.464 0.5000000000
3746  28.508  -74.781  0.155 0.4000000060
9670  17.819  -68.129  -13.991 0.6999999881
5853  11.746  -72.449  -13.578 0.8000000119
5186  10.685  -73.081  -13.773 0.6999999881
5208  10.613  -72.989  -14.736 0.8000000119
7290  8.692  -72.003  -12.775 0.1000000015
3426  9.479  -74.826  -15.829 0.4000000060
5864  8.360  -72.588  -14.481 0.1000000015
7292  8.036  -71.892  -12.886 0.1000000015
4038  9.157  -74.237  -16.715 0.5000000000
5878  8.462  -72.733  -15.850 0.4000000060
6596  8.173  -71.870  -15.132 0.1000000015
6587  8.229  -71.729  -14.561 0.1000000015
5870  8.428  -73.019  -15.145 0.2000000030
5663  16.795  -72.642  -1.457 0.6999999881
6362  16.522  -71.981  -2.589 0.6999999881
6328  17.322  -72.038  -0.630 0.6999999881
6341  17.452  -71.448  -0.723 0.6999999881
7820  26.510  -69.770  0.143 0.4000000060
7070  26.093  -70.598  -0.391 0.4000000060
6325  26.219  -71.635  -0.310 0.4000000060
4973  26.566  -73.203  0.340 0.4000000060
4344  26.234  -73.918  0.536 0.4000000060
10326  25.073  -67.706  -0.724 0.2000000030
8625  26.288  -68.933  0.311 0.2000000030
7819  26.949  -69.957  0.762 0.4000000060
7057  27.242  -70.906  0.638 0.4000000060
6314  27.386  -71.870  0.608 0.4000000060
4959  27.499  -73.378  1.164 0.4000000060
8611  26.538  -68.942  1.001 0.3000000119
8624  26.672  -69.359  0.712 0.4000000060
7798  27.438  -70.105  1.572 0.4000000060
7036  27.945  -71.154  1.558 0.4000000060
6298  28.024  -71.784  1.480 0.4000000060
4946  28.556  -73.221  2.122 0.4000000060
5586  29.432  -72.420  2.819 0.4000000060
4931  29.640  -73.162  2.683 0.4000000060
4316  28.951  -74.098  1.899 0.4000000060
4342  29.473  -74.106  0.161 0.4000000060
6263  30.533  -72.215  2.474 0.4000000060
3779  28.655  -74.320  -1.963 0.5000000000
4356  29.614  -73.944  -0.629 0.4000000060
4944  30.246  -73.186  1.780 0.4000000060
4355  30.179  -73.604  -0.576 0.4000000060
11333  16.717  -67.202  -13.799 0.8000000119
8871  18.215  -68.795  -14.370 0.8000000119
11346  17.074  -66.830  -13.844 0.6999999881
5876  11.330  -72.473  -15.726 0.8000000119
7326  7.963  -71.032  -14.410 0.1000000015
4025  10.118  -74.590  -16.554 0.6999999881
7335  7.893  -71.316  -15.074 0.1000000015
5238  8.957  -72.914  -17.012 0.4000000060
5879  8.292  -72.167  -16.023 0.2000000030
5908  9.156  -72.382  -17.289 0.5000000000
5910  8.410  -72.105  -16.680 0.4000000060
6628  7.732  -71.510  -16.640 0.2000000030
5909  8.636  -72.324  -16.866 0.4000000060
6668  7.838  -71.208  -17.611 0.4000000060
7830  11.521  -70.323  0.161 0.8999999762
6304  10.526  -71.169  1.525 0.8999999762
7063  10.867  -70.654  0.582 0.8999999762
6289  11.041  -71.481  2.414 0.8999999762
5596  10.096  -72.670  2.832 0.8999999762
8590  27.537  -69.225  2.761 0.4000000060
7782  27.851  -70.261  2.317 0.4000000060
7007  28.237  -70.645  2.445 0.4000000060
7020  28.409  -71.347  2.277 0.4000000060
7767  28.950  -70.377  2.567 0.4000000060
5587  28.814  -72.396  2.510 0.4000000060
6265  29.126  -71.712  2.726 0.4000000060
6279  30.310  -71.400  2.313 0.4000000060
4971  30.202  -73.621  0.446 0.4000000060
4956  30.863  -72.969  1.254 0.4000000060
5601  31.603  -72.061  1.673 0.4000000060
6278  30.864  -71.602  2.170 0.4000000060
10513  15.146  -67.660  -14.637 0.8000000119
13140  17.108  -65.602  -14.317 0.6000000238
12194  16.278  -66.276  -14.439 0.6000000238
11348  15.615  -66.938  -14.599 0.8000000119
8118  13.520  -69.593  -15.718 0.8999999762
7333  12.838  -70.684  -15.188 0.8999999762
8131  13.311  -69.975  -16.592 0.8999999762
5893  11.602  -72.728  -16.551 0.8000000119
8940  6.061  -69.325  -17.688 0.1000000015
8120  7.174  -70.426  -15.910 0.1000000015
7390  6.978  -71.042  -17.379 0.1000000015
8136  6.872  -70.496  -16.544 0.1000000015
7407  6.817  -70.794  -18.164 0.2000000030
7375  7.288  -71.031  -16.562 0.1000000015
6954  9.348  -70.794  6.805 0.8999999762
6233  8.784  -71.508  5.693 0.8999999762
7844  11.933  -70.177  -0.592 0.8999999762
7827  13.914  -69.917  0.300 0.8999999762
7828  13.097  -69.848  0.203 0.8999999762
7808  12.521  -70.029  1.070 0.8999999762
6234  8.385  -71.879  6.090 0.8999999762
7809  11.907  -70.239  0.756 0.8999999762
7831  10.988  -70.476  -0.095 0.8999999762
7062  11.422  -70.475  0.909 0.8999999762
6272  11.189  -71.503  3.005 0.8999999762
7029  11.049  -71.187  2.086 0.8999999762
6273  10.627  -72.083  2.728 0.8999999762
4952  9.183  -73.664  2.415 0.8999999762
8595  30.058  -70.028  1.599 0.4000000060
7780  30.563  -70.420  1.613 0.4000000060
7795  31.111  -70.155  1.183 0.4000000060
8621  31.355  -69.293  0.285 0.3000000119
13151  16.321  -65.525  -14.856 0.6000000238
13138  18.152  -65.110  -14.426 0.5000000000
11358  15.260  -66.682  -15.006 0.6000000238
11345  17.987  -66.643  -13.775 0.6999999881
10551  14.279  -67.532  -16.189 0.6999999881
9711  14.015  -68.411  -16.530 0.8000000119
8934  13.859  -68.812  -17.083 0.6999999881
8935  13.599  -69.270  -17.352 0.8000000119
8164  13.415  -69.607  -17.898 0.8000000119
8146  13.319  -69.923  -17.338 0.8000000119
7384  12.862  -70.726  -17.121 0.8999999762
6662  12.822  -71.157  -17.788 0.8999999762
9733  5.980  -68.430  -17.512 0.1000000015
8179  6.016  -69.847  -18.600 0.1000000015
7420  6.320  -70.489  -18.819 0.1000000015
6667  8.288  -71.185  -17.264 0.3000000119
7406  7.472  -70.674  -18.362 0.3000000119
7389  8.625  -70.754  -17.078 0.4000000060
6952  11.161  -71.040  7.111 0.8000000119
4889  12.132  -72.621  7.531 0.8000000119
6223  11.746  -71.770  7.155 0.8000000119
6965  10.801  -70.576  6.303 0.8000000119
7731  10.149  -70.674  5.435 0.8999999762
6953  10.234  -70.650  6.962 0.8000000119
7787  14.619  -69.787  1.902 0.8999999762
5564  8.247  -72.798  5.638 0.8999999762
8602  14.151  -69.545  1.536 0.8999999762
7788  13.797  -69.552  1.991 0.8999999762
7789  12.789  -70.012  2.068 0.8999999762
7772  15.027  -69.999  2.724 0.8000000119
7773  14.297  -69.680  2.774 0.8000000119
7027  12.131  -70.460  2.020 0.8999999762
226035  8.029  -72.810  7.142 0.8999999762
7012  11.713  -71.013  2.939 0.8999999762
4905  8.143  -73.759  6.389 0.8999999762
6259  11.056  -71.528  3.506 0.8999999762
4909  8.396  -73.542  5.253 0.8999999762
226031  8.469  -74.911  6.367 0.8999999762
3689  8.727  -75.394  5.541 0.8000000119
226023  8.817  -76.004  6.379 0.8000000119
3697  8.731  -74.775  4.823 0.6999999881
4313  7.295  -73.991  2.717 0.4000000060
3715  7.453  -74.722  2.765 0.5000000000
3708  7.449  -74.922  3.745 0.5000000000
13163  18.297  -64.658  -15.650 0.5000000000
14158  17.161  -64.729  -15.021 0.5000000000
12205  16.041  -66.020  -14.783 0.6000000238
12236  15.038  -66.055  -15.788 0.6000000238
11384  14.575  -66.727  -16.207 0.6000000238
11400  14.242  -66.753  -16.782 0.6000000238
10566  14.089  -67.545  -16.902 0.6000000238
11418  14.018  -67.023  -17.308 0.5000000000
10590  13.884  -67.638  -17.680 0.5000000000
7402  13.180  -70.379  -18.119 0.8000000119
7415  13.228  -70.321  -19.070 0.6999999881
6678  12.944  -71.285  -18.955 0.8000000119
9734  5.880  -67.991  -17.964 0.1000000015
8971  5.936  -69.056  -18.949 0.1000000015
10594  5.890  -67.620  -18.264 0.1000000015
7437  6.723  -70.681  -20.313 0.3000000119
8188  5.907  -69.436  -19.823 0.1000000015
8178  7.611  -69.932  -19.060 0.3000000119
7774  13.440  -69.856  2.865 0.8000000119
7775  12.700  -70.276  3.047 0.8999999762
6999  12.087  -70.706  3.310 0.8999999762
6251  10.335  -71.828  4.133 0.8999999762
4286  8.486  -74.419  5.526 0.8999999762
5571  9.453  -72.748  4.284 0.8999999762
4292  9.011  -74.149  4.322 0.8999999762
14190  17.070  -64.342  -16.207 0.5000000000
14173  16.400  -64.856  -15.454 0.5000000000
13179  15.813  -65.046  -15.792 0.5000000000
14231  14.311  -64.614  -18.052 0.4000000060
13181  15.001  -65.541  -16.256 0.5000000000
13195  14.622  -65.561  -16.805 0.4000000060
12251  14.692  -66.081  -16.399 0.6000000238
12290  13.790  -65.995  -18.076 0.4000000060
11450  13.281  -66.620  -19.402 0.4000000060
10609  13.624  -67.447  -18.287 0.6000000238
9778  13.564  -68.150  -18.612 0.6000000238
10610  13.382  -67.378  -18.975 0.6000000238
9797  13.364  -67.942  -19.367 0.6000000238
8966  13.551  -68.800  -18.598 0.6999999881
10639  13.115  -67.396  -20.231 0.6000000238
8996  13.201  -69.023  -20.394 0.6999999881
8184  13.292  -69.713  -19.678 0.6999999881
9013  12.989  -69.286  -21.221 0.6999999881
8210  12.886  -69.948  -21.381 0.6999999881
9836  5.779  -68.426  -20.797 0.1000000015
9820  5.784  -68.218  -20.252 0.1000000015
11453  5.871  -66.835  -19.859 0.1000000015
8227  12.307  -70.251  -21.786 0.6999999881
8214  6.944  -69.580  -21.238 0.2000000030
9017  6.215  -69.522  -21.315 0.1000000015
8186  7.553  -69.997  -20.024 0.3000000119
8168  7.764  -69.778  -17.992 0.4000000060
4895  12.338  -72.870  7.001 0.8000000119
4255  12.326  -74.000  8.123 0.6999999881
226034  8.280  -74.534  7.032 0.8999999762
226028  8.541  -75.273  7.386 0.8999999762
6990  11.829  -70.644  3.965 0.8999999762
5581  10.089  -72.641  3.692 0.8999999762
14210  16.538  -64.160  -16.949 0.5000000000
14229  15.593  -64.197  -17.397 0.4000000060
14192  15.559  -64.922  -16.182 0.4000000060
15138  15.688  -63.939  -17.891 0.3000000119
14230  14.966  -64.439  -17.502 0.4000000060
15152  15.608  -63.645  -18.693 0.3000000119
13236  13.575  -64.866  -18.982 0.4000000060
13235  13.853  -65.111  -18.364 0.4000000060
13258  13.337  -64.985  -19.636 0.4000000060
12291  13.422  -65.718  -18.964 0.4000000060
11469  13.083  -66.737  -20.285 0.6000000238
11489  12.826  -66.608  -21.214 0.6000000238
10674  12.546  -67.550  -22.210 0.6000000238
10656  12.745  -67.457  -21.535 0.6000000238
9849  12.852  -68.872  -21.650 0.6999999881
10692  6.241  -67.688  -22.792 0.1000000015
10678  5.848  -67.810  -22.130 0.1000000015
11472  5.813  -67.073  -20.444 0.1000000015
12314  5.840  -65.843  -19.757 0.1000000015
9868  12.110  -68.528  -22.939 0.6000000238
9024  12.761  -69.333  -21.846 0.6999999881
10676  7.481  -67.531  -21.793 0.3000000119
9028  7.023  -68.650  -21.978 0.1000000015
9854  6.252  -68.347  -22.207 0.1000000015
9870  11.163  -68.519  -22.660 0.6000000238
9041  11.934  -69.092  -22.687 0.6000000238
9800  7.512  -68.388  -19.263 0.5000000000
9819  7.493  -68.261  -20.200 0.4000000060
6222  12.107  -71.668  6.615 0.8000000119
6955  8.603  -71.275  6.770 0.8999999762
6218  8.430  -71.435  7.618 0.8999999762
6951  11.871  -71.254  6.624 0.8000000119
226037  8.076  -72.386  7.713 0.8999999762
4904  12.720  -73.049  6.542 0.6000000238
6232  12.605  -71.682  6.286 0.6999999881
7729  11.292  -70.397  5.654 0.8000000119
4879  8.147  -74.148  7.998 0.8999999762
6254  8.739  -72.376  4.908 0.8999999762
5570  9.853  -72.464  4.132 0.8999999762
4915  8.920  -73.449  4.587 0.8999999762
6991  11.143  -70.946  4.230 0.8999999762
14245  14.664  -64.161  -18.299 0.4000000060
15166  14.735  -63.347  -19.718 0.4000000060
14259  13.934  -64.034  -19.509 0.4000000060
12311  13.188  -65.820  -19.944 0.4000000060
13278  12.958  -64.944  -20.647 0.4000000060
12327  12.977  -65.904  -20.742 0.5000000000
12345  12.597  -66.061  -21.893 0.6000000238
11490  12.569  -66.820  -22.006 0.6000000238
10690  7.393  -67.440  -22.542 0.3000000119
11511  5.559  -66.957  -21.958 0.1000000015
12330  5.702  -66.195  -20.623 0.1000000015
10706  11.882  -67.828  -23.364 0.6000000238
11523  12.182  -66.855  -23.247 0.6000000238
11541  11.004  -67.079  -23.604 0.6000000238
9886  11.731  -68.204  -23.198 0.6000000238
10689  10.834  -67.960  -22.585 0.6000000238
6944  9.672  -70.733  7.643 0.8000000119
4868  8.010  -72.867  8.285 0.8999999762
7741  10.883  -70.527  5.154 0.8000000119
6242  9.578  -71.529  4.819 0.8999999762
7753  11.596  -70.512  4.583 0.8000000119
7750  13.681  -70.180  4.239 0.8000000119
7752  12.243  -70.375  4.463 0.8000000119
6992  10.430  -71.457  4.309 0.8999999762
16099  14.407  -62.801  -20.958 0.3000000119
14260  13.496  -64.188  -20.027 0.4000000060
15188  13.511  -63.416  -20.923 0.3000000119
14302  12.826  -63.941  -21.300 0.3000000119
13295  12.637  -65.195  -21.615 0.5000000000
14323  12.320  -64.628  -22.504 0.5000000000
12386  7.402  -65.969  -23.378 0.3000000119
11543  6.936  -66.708  -23.497 0.2000000030
12364  5.358  -66.067  -22.384 0.1000000015
14307  5.626  -64.655  -21.065 0.1000000015
15216  5.465  -63.980  -21.223 0.1000000015
12396  11.787  -66.486  -23.764 0.6000000238
13309  12.349  -65.585  -22.747 0.6000000238
12389  5.888  -65.771  -23.556 0.1000000015
14371  5.577  -64.157  -23.377 0.1000000015
14350  5.392  -64.402  -22.483 0.1000000015
14370  6.083  -64.191  -24.001 0.1000000015
5525  8.191  -71.971  8.167 0.8999999762
6961  13.713  -71.485  5.587 0.6999999881
7738  12.648  -70.379  4.983 0.8000000119
7728  11.926  -70.506  5.791 0.8000000119
7737  13.345  -70.389  4.870 0.8000000119
16132  14.503  -62.442  -22.013 0.4000000060
16133  13.788  -62.479  -21.968 0.4000000060
15233  12.838  -63.259  -22.080 0.4000000060
15234  12.559  -63.704  -22.222 0.4000000060
15270  11.864  -64.369  -23.966 0.5000000000
15254  12.147  -64.030  -23.239 0.5000000000
14367  11.708  -64.838  -24.158 0.6000000238
14346  12.012  -64.900  -23.603 0.6000000238
15257  5.531  -63.485  -22.760 0.1000000015
13341  11.582  -65.633  -24.102 0.6000000238
14391  6.974  -63.977  -24.294 0.2000000030
15275  5.792  -63.283  -23.416 0.1000000015
12362  10.470  -66.478  -22.684 0.6000000238
12385  10.882  -66.377  -23.694 0.6000000238
15273  7.374  -63.926  -23.337 0.3000000119
11509  10.471  -67.084  -22.058 0.6000000238
4867  8.126  -73.472  8.986 0.8999999762
17048  13.544  -62.265  -22.434 0.4000000060
17085  12.389  -62.773  -23.653 0.5000000000
14368  10.911  -64.879  -24.127 0.5000000000
15292  6.227  -63.306  -23.867 0.1000000015
226046  6.700  -62.378  -23.495 0.2000000030
4840  8.388  -72.983  10.482 0.8999999762
5484  9.489  -71.996  11.221 0.8000000119
5504  8.144  -72.405  8.979 0.8999999762
4831  8.683  -73.110  11.491 0.8999999762
4823  8.754  -73.499  11.908 0.8999999762
14389  10.903  -64.013  -24.795 0.6000000238
20021  6.580  -61.040  -23.350 0.1000000015
19011  6.095  -61.670  -23.067 0.1000000015
14348  10.416  -64.938  -23.077 0.5000000000
6129  10.046  -71.875  11.333 0.8000000119
6153  9.665  -71.661  10.614 0.8000000119
5469  10.411  -72.225  11.963 0.8000000119
5485  8.933  -72.264  10.953 0.8000000119
6154  9.033  -71.710  10.183 0.8000000119
5457  10.108  -72.645  12.454 0.8000000119
4813  9.224  -73.849  12.641 0.8999999762
20022  6.157  -60.558  -22.987 0.1000000015
18991  7.067  -60.835  -22.409 0.4000000060
20020  7.040  -61.215  -23.041 0.3000000119
6125  12.644  -71.834  11.509 0.8000000119
5467  11.904  -72.143  12.091 0.8000000119
6151  11.304  -71.660  10.752 0.8000000119
5455  11.578  -72.636  12.748 0.8000000119
5454  12.357  -72.358  12.532 0.8000000119
5446  12.261  -72.671  13.275 0.8000000119
4810  11.149  -73.194  13.382 0.8000000119
4820  10.550  -72.973  12.928 0.8000000119
4809  11.820  -73.107  13.777 0.8000000119
21039  7.000  -59.254  -22.107 0.3000000119
21070  6.478  -60.148  -23.207 0.2000000030
6112  13.363  -71.886  12.548 0.8000000119
5465  12.847  -71.992  11.852 0.8000000119
6110  14.273  -71.224  11.791 0.8000000119
6102  13.318  -71.902  13.284 0.8000000119
5438  12.348  -72.723  14.086 0.8000000119
23161  6.374  -56.740  -20.616 0.6000000238
23173  7.081  -57.429  -21.918 0.4000000060
23186  6.458  -57.646  -22.973 0.2000000030
6851  14.029  -71.229  12.701 0.6999999881
6111  13.914  -71.504  12.228 0.8000000119
7624  14.859  -70.260  12.120 0.6999999881
6091  13.702  -71.432  13.618 0.8000000119
6101  13.754  -71.527  12.929 0.8000000119
5437  12.849  -72.318  13.687 0.8000000119
5428  12.774  -72.214  14.551 0.8000000119
4800  11.889  -73.148  14.505 0.6999999881
23149  6.066  -56.661  -19.824 0.6000000238
24347  5.539  -56.854  -22.660 0.1000000015
7609  14.829  -69.925  12.939 0.6999999881
9321  16.114  -68.604  11.854 0.6999999881
6836  14.350  -70.475  13.216 0.6999999881
6083  13.161  -71.645  14.747 0.8000000119
25436  6.391  -55.623  -20.620 0.4000000060
25474  6.064  -55.943  -21.829 0.2000000030
8470  15.696  -68.921  12.367 0.6999999881
10171  16.747  -67.849  12.145 0.6999999881
6082  13.588  -71.278  14.312 0.8000000119
5423  12.472  -72.211  15.476 0.8000000119
25402  5.827  -55.421  -18.882 0.6999999881
24321  6.254  -56.105  -20.290 0.6000000238
26662  5.319  -55.148  -20.922 0.1000000015
8440  14.975  -69.370  13.668 0.6999999881
9292  16.110  -67.836  13.252 0.6999999881
10159  17.178  -67.034  12.666 0.6999999881
7597  14.088  -70.467  14.290 0.6999999881
8428  14.788  -69.277  14.458 0.6999999881
9281  15.752  -68.027  13.794 0.6999999881
6817  13.862  -70.747  14.573 0.6999999881
26640  5.644  -54.694  -20.422 0.3000000119
9273  14.952  -68.557  14.795 0.6999999881
10150  15.868  -67.617  14.019 0.6999999881
10966  16.766  -66.581  13.421 0.6999999881
6810  13.787  -70.504  15.183 0.6999999881
7571  14.326  -69.507  15.185 0.6999999881
6803  13.234  -70.777  16.076 0.8000000119
6074  12.993  -71.492  15.563 0.6999999881
9272  15.356  -68.114  14.440 0.6999999881
10950  16.264  -66.538  14.099 0.6999999881
11793  17.394  -65.950  13.487 0.6999999881
7561  13.754  -69.799  16.093 0.6999999881
5401  9.919  -72.436  18.162 0.3000000119
27837  3.713  -53.773  -18.559 0.2000000030
10135  15.714  -67.469  14.452 0.6999999881
11784  16.168  -65.899  14.382 0.6999999881
13623  17.165  -64.332  14.057 0.6999999881
8414  14.513  -69.136  15.252 0.6999999881
9261  15.133  -67.848  15.005 0.6999999881
11785  15.765  -65.811  14.750 0.6999999881
8415  14.208  -69.189  15.696 0.6999999881
8405  14.283  -68.708  15.868 0.6999999881
6053  10.337  -71.524  18.000 0.3000000119
6044  9.507  -71.558  19.119 0.3000000119
6780  9.458  -70.799  19.033 0.3000000119
29094  4.265  -52.762  -18.233 0.3000000119
13597  17.904  -64.276  14.652 0.6999999881
12648  16.372  -65.125  14.204 0.6999999881
14643  17.253  -63.821  14.289 0.6999999881
10940  15.184  -66.486  15.227 0.6999999881
8406  13.934  -69.202  16.174 0.6999999881
9246  14.294  -67.986  16.012 0.6999999881
10119  14.745  -67.556  15.595 0.6999999881
7552  13.538  -69.561  16.519 0.6999999881
8395  13.469  -68.956  16.896 0.6999999881
14628  16.758  -63.231  15.030 0.6999999881
12630  15.664  -65.292  14.573 0.6999999881
10941  14.593  -66.808  15.651 0.6999999881
11786  15.319  -65.593  14.959 0.6999999881
12649  15.600  -64.691  14.272 0.6999999881
10105  13.713  -67.651  16.511 0.6999999881
10104  14.258  -67.299  15.971 0.6999999881
12631  14.788  -65.017  14.702 0.6999999881
7553  13.143  -69.764  17.009 0.6999999881
9230  13.481  -68.166  16.931 0.6999999881
10942  14.187  -66.342  15.664 0.6999999881
12612  14.196  -65.428  15.177 0.6999999881
10106  13.294  -67.603  16.800 0.6999999881
10929  13.867  -66.856  16.046 0.6999999881
11757  13.706  -66.268  15.779 0.6999999881
31558  4.190  -51.406  -15.670 0.6000000238
30303  3.934  -51.918  -16.412 0.4000000060
12632  13.844  -64.962  14.894 0.6999999881
12613  13.558  -65.427  15.276 0.6999999881
11775  12.633  -65.916  15.781 0.6999999881
31537  3.947  -51.509  -14.800 0.5000000000
13628  13.496  -64.113  14.226 0.6999999881
13601  13.345  -64.521  14.605 0.6999999881
31501  3.765  -51.798  -13.212 0.4000000060
12635  11.735  -64.954  15.091 0.6999999881
12616  11.430  -65.432  15.488 0.6999999881
11761  10.731  -66.317  16.398 0.6999999881
30183  4.389  -52.342  -10.888 0.6000000238
28888  3.934  -52.689  -9.470 0.3000000119
31488  3.964  -51.590  -12.411 0.5000000000
30184  3.784  -52.180  -10.902 0.3000000119
12617  10.684  -65.415  15.530 0.6999999881
13607  8.980  -64.751  14.445 0.6000000238
11779  9.714  -65.749  16.021 0.6000000238
12618  9.941  -65.400  15.574 0.6999999881
21665  4.778  -57.624  0.759 0.4000000060
12619  9.152  -65.432  15.693 0.6000000238
12639  8.671  -65.085  15.090 0.6999999881
14653  5.814  -63.657  14.040 0.2000000030
22683  4.525  -56.981  1.658 0.4000000060
13608  7.913  -64.524  14.725 0.6999999881
15604  6.033  -62.174  11.167 0.3000000119
14678  6.118  -62.915  12.414 0.3000000119
15637  6.085  -62.348  9.897 0.2000000030
14708  5.959  -63.083  10.569 0.1000000015
41948  9.958  -44.863  5.356 0.6000000238
41931  9.674  -45.357  5.760 0.4000000060
17488  6.015  -60.519  9.299 0.4000000060
15622  6.114  -62.141  10.479 0.3000000119
17436  5.152  -61.306  11.535 0.6000000238
44500  11.945  -43.850  4.833 0.6000000238
43201  10.922  -44.223  4.779 0.6000000238
41933  8.517  -45.804  5.700 0.6000000238
31249  2.924  -51.671  2.227 0.3000000119
15536  6.209  -62.437  15.266 0.8000000119
20457  4.814  -58.532  11.326 0.8000000119
19448  5.132  -59.337  11.964 0.6999999881
20458  4.297  -58.707  11.038 0.6999999881
18438  3.864  -60.006  11.144 0.6999999881
17437  4.773  -61.035  11.741 0.6000000238
16510  5.195  -61.915  12.474 0.6000000238
43199  12.295  -44.049  5.224 0.5000000000
41946  11.115  -44.533  5.257 0.5000000000
40626  8.750  -46.103  5.981 0.5000000000
18448  5.054  -60.093  10.071 0.6000000238
44528  12.149  -43.140  4.102 0.6999999881
43220  9.663  -44.543  4.520 0.6999999881
39274  7.777  -46.878  5.829 0.6000000238
43218  10.816  -43.982  4.276 0.6999999881
41951  8.051  -45.860  5.091 0.6999999881
39352  4.057  -47.264  1.315 0.5000000000
39254  7.513  -47.570  6.086 0.6000000238
45831  13.141  -42.840  4.342 0.6000000238
47243  13.077  -42.486  3.785 0.6999999881
43190  12.663  -44.361  5.784 0.4000000060
43191  11.985  -44.877  5.970 0.4000000060
41923  11.008  -45.832  6.344 0.4000000060
45806  13.550  -43.075  4.923 0.6000000238
37833  7.212  -48.210  6.232 0.6000000238
35100  5.692  -49.457  6.703 0.8000000119
47272  14.826  -41.488  3.933 0.6000000238
35066  4.456  -49.574  6.976 0.6000000238
48644  14.645  -41.174  3.234 0.6999999881
43234  12.532  -44.790  3.700 0.5000000000
44486  14.328  -43.527  6.317 0.4000000060
39271  9.663  -46.663  6.256 0.5000000000
39252  8.821  -47.248  6.464 0.5000000000
45803  15.531  -42.639  5.665 0.3000000119
47219  15.250  -42.288  5.114 0.6000000238
47240  15.037  -41.935  4.494 0.6000000238
36460  7.594  -48.828  6.541 0.6000000238
31128  3.493  -51.872  7.985 0.6999999881
48641  16.537  -41.742  3.282 0.5000000000
48675  16.558  -41.383  3.033 0.6000000238
48643  15.290  -41.189  3.475 0.6000000238
51517  17.234  -40.299  2.294 0.6000000238
50080  15.850  -40.461  2.565 0.6999999881
51532  17.663  -39.855  1.875 0.6999999881
44527  14.127  -43.714  3.346 0.6999999881
36749  6.941  -48.175  -8.478 0.5000000000
41921  12.360  -45.435  6.674 0.4000000060
40611  11.411  -46.270  6.857 0.4000000060
39250  10.165  -46.889  6.615 0.5000000000
35098  7.202  -49.616  6.736 0.6000000238
32447  6.313  -50.578  6.948 0.6999999881
32387  4.484  -51.049  7.672 0.6999999881
29841  4.461  -52.447  8.223 0.8000000119
33769  5.374  -49.930  6.949 0.6999999881
43306  20.920  -44.207  -0.806 0.6000000238
43277  17.785  -43.929  0.570 0.6999999881
44558  16.570  -43.561  1.410 0.6999999881
44559  15.795  -43.267  1.429 0.8000000119
38109  7.276  -47.531  -8.293 0.5000000000
39528  6.184  -46.724  -8.454 0.5000000000
48726  21.064  -40.862  0.183 0.6999999881
45928  21.767  -42.882  -0.533 0.6999999881
47368  20.190  -42.390  0.188 0.8000000119
48725  23.942  -41.714  0.178 0.8000000119
48744  22.944  -41.112  -0.397 0.8000000119
48745  22.130  -41.268  -0.370 0.8000000119
38108  8.004  -47.552  -8.071 0.5000000000
40876  7.517  -46.226  -8.468 0.5000000000
51594  22.043  -39.546  -0.254 0.6999999881
50170  22.708  -39.579  -0.716 0.8000000119
53044  22.489  -38.034  -1.396 0.5000000000
54396  22.197  -37.447  -2.105 0.5000000000
51591  24.845  -39.598  -0.135 0.8000000119
51593  23.542  -39.525  -0.709 0.8000000119
50169  23.109  -39.825  -0.816 0.8000000119
57013  24.508  -36.284  -0.433 0.8000000119
57025  23.976  -36.189  -0.633 0.6999999881
57012  25.053  -36.420  -0.370 0.8999999762
55655  24.670  -37.059  -0.381 0.8000000119
54382  23.505  -37.482  -1.075 0.8000000119
53055  23.186  -38.073  -1.460 0.8000000119
54352  25.942  -38.233  -0.372 0.8999999762
51592  24.132  -39.388  -0.411 0.8000000119
51607  23.742  -38.895  -0.736 0.8000000119
51608  23.199  -39.218  -1.092 0.8000000119
53071  28.093  -38.825  -3.632 0.6999999881
43493  5.605  -44.603  -8.983 0.6999999881
44770  4.700  -43.855  -7.283 0.8999999762
42220  6.936  -45.267  -8.982 0.6000000238
58527  24.193  -35.502  -0.459 0.8000000119
58604  16.190  -35.960  -2.587 0.1000000015
57023  26.565  -36.704  -1.103 0.8999999762
58524  25.943  -35.974  -0.574 0.8999999762
54412  28.019  -37.917  -5.009 0.6000000238
54404  27.977  -37.903  -4.030 0.8000000119
44645  6.728  -44.009  -3.856 0.5000000000
43380  5.647  -44.411  -5.217 0.8000000119
44709  5.284  -43.891  -6.252 0.8999999762
44754  5.379  -43.561  -6.933 0.8999999762
43404  5.911  -44.279  -6.080 0.8999999762
43492  6.455  -44.378  -9.494 0.6999999881
44796  5.900  -43.800  -9.265 0.6999999881
46119  5.472  -43.342  -8.512 0.6999999881
44769  5.182  -43.398  -7.596 0.8999999762
43507  7.831  -43.997  -9.720 0.6999999881
43508  7.124  -43.941  -9.801 0.6999999881
44811  9.308  -43.471  -9.960 0.6000000238
55687  27.721  -37.038  -3.472 0.8000000119
57094  27.940  -35.715  -4.509 0.8000000119
43360  7.080  -44.314  -4.755 0.6000000238
43378  7.323  -44.518  -5.456 0.6000000238
44753  6.190  -43.859  -6.857 0.6999999881
43403  6.735  -44.533  -6.043 0.6000000238
46091  6.086  -42.936  -7.645 0.8999999762
46118  6.080  -42.914  -8.978 0.6999999881
46103  5.881  -42.710  -8.068 0.8000000119
46149  9.512  -42.555  -10.854 0.6999999881
44827  8.051  -43.099  -10.407 0.6999999881
44815  6.379  -43.431  -9.611 0.6999999881
58621  27.838  -35.081  -3.984 0.8000000119
58675  27.888  -35.438  -5.785 0.8000000119
60192  28.153  -34.362  -4.960 0.8999999762
57141  27.446  -36.501  -6.678 0.8000000119
60214  27.506  -34.920  -6.827 0.8000000119
63200  29.484  -32.713  -6.221 0.6000000238
58705  24.536  -35.467  -8.553 0.5000000000
58706  23.982  -35.615  -8.809 0.5000000000
43446  6.890  -44.334  -6.683 0.6999999881
58719  23.509  -35.438  -9.138 0.4000000060
46090  7.411  -43.083  -7.658 0.8000000119
46070  6.922  -43.276  -7.549 0.8999999762
50305  10.928  -40.330  -8.782 0.3000000119
46134  6.772  -42.751  -9.728 0.6999999881
47562  6.785  -42.302  -9.216 0.6999999881
46150  8.812  -42.594  -10.861 0.6999999881
63215  27.027  -32.729  -7.116 0.6000000238
63213  29.164  -33.402  -7.132 0.6000000238
61773  25.185  -34.039  -8.207 0.6000000238
61760  25.856  -34.089  -7.858 0.6999999881
60241  25.417  -34.791  -8.163 0.6000000238
60258  23.889  -34.864  -9.036 0.5000000000
57190  22.534  -36.091  -9.027 0.5000000000
46089  8.297  -42.856  -7.716 0.5000000000
47546  9.931  -41.472  -8.160 0.4000000060
47517  9.502  -42.142  -7.948 0.4000000060
47518  8.707  -42.223  -8.036 0.6999999881
48905  9.637  -40.990  -8.783 0.5000000000
47547  9.159  -41.576  -8.273 0.5000000000
47549  7.830  -41.779  -8.629 0.8000000119
50315  10.126  -39.996  -9.446 0.6000000238
50318  8.529  -40.760  -9.435 0.6000000238
54497  11.775  -37.788  -9.382 0.5000000000
64545  26.437  -31.813  -7.198 0.5000000000
63231  25.360  -32.765  -7.522 0.6999999881
61774  24.502  -33.929  -8.600 0.6000000238
63248  24.185  -33.092  -8.623 0.6000000238
57199  12.020  -36.282  -9.484 0.4000000060
54506  11.071  -37.861  -9.829 0.4000000060
53175  10.142  -38.686  -10.121 0.5000000000
51800  11.093  -39.599  -12.411 0.6000000238
60266  13.502  -34.854  -9.210 0.4000000060
60267  12.762  -34.796  -9.323 0.4000000060
55791  11.688  -36.959  -9.572 0.5000000000
55799  10.699  -37.077  -10.236 0.5000000000
61801  12.401  -33.973  -9.313 0.5000000000
58743  11.255  -35.562  -9.967 0.4000000060
63273  12.042  -33.128  -9.362 0.3000000119
74779  19.976  -25.820  -8.965 0.1000000015
74773  18.768  -25.815  -8.025 0.1000000015
70691  13.505  -28.393  -10.731 0.2000000030
76087  20.082  -25.395  -9.700 0.1000000015
76101  19.677  -24.994  -9.987 0.1000000015
70758  15.388  -28.128  -13.178 0.2000000030
70733  14.964  -28.288  -12.657 0.2000000030
72146  13.708  -27.359  -11.607 0.2000000030
73537  13.129  -27.177  -11.127 0.2000000030
76118  20.500  -25.772  -11.109 0.1000000015
76132  20.326  -25.879  -11.999 0.1000000015
76119  19.989  -25.012  -10.737 0.1000000015
70780  16.934  -28.076  -14.064 0.2000000030
73608  16.517  -26.825  -14.332 0.1000000015
73609  15.644  -26.552  -14.111 0.2000000030
73587  15.366  -27.280  -13.632 0.2000000030
73565  14.484  -27.183  -12.642 0.2000000030
72171  14.328  -27.558  -12.311 0.2000000030
73544  13.384  -26.812  -11.612 0.2000000030
74813  12.336  -26.035  -11.005 0.2000000030
74839  19.893  -26.415  -12.848 0.1000000015
76154  19.916  -25.427  -12.622 0.1000000015
76193  19.025  -25.565  -13.879 0.1000000015
76194  18.703  -25.122  -14.197 0.1000000015
73610  15.048  -26.089  -13.862 0.1000000015
74840  13.876  -25.790  -12.653 0.1000000015
76134  12.809  -25.312  -11.769 0.2000000030
74894  17.689  -25.787  -14.522 0.1000000015
73628  15.919  -25.843  -14.545 0.1000000015
74880  15.403  -25.723  -14.303 0.1000000015
74861  14.180  -25.587  -13.136 0.1000000015
74881  14.971  -25.516  -14.006 0.1000000015
77638  13.221  -23.893  -12.783 0.1000000015
77616  13.289  -24.698  -12.607 0.2000000030
77599  11.518  -24.553  -10.889 0.2000000030
79161  12.507  -23.389  -12.115 0.1000000015
80670  11.975  -22.775  -11.846 0.1000000015
80655  10.363  -23.506  -10.823 0.1000000015
80710  10.298  -23.139  -12.289 0.1000000015
76174  19.106  -24.719  -13.760 0.1000000015
76212  16.996  -24.868  -14.842 0.1000000015
76196  15.223  -24.965  -14.389 0.1000000015
77656  14.215  -24.319  -13.695 0.1000000015
79200  15.022  -23.608  -14.485 0.1000000015
77637  13.582  -24.315  -13.070 0.1000000015
79183  13.679  -23.526  -13.390 0.1000000015
80684  12.374  -22.673  -12.237 0.1000000015
74895  17.100  -25.580  -14.612 0.1000000015
74897  15.821  -25.244  -14.610 0.1000000015
76197  14.662  -24.999  -13.900 0.1000000015
4303  9.314  -74.072  3.602 0.8000000119
4914  9.390  -73.476  4.057 0.8999999762
6291  10.029  -72.183  2.189 0.8999999762
226048  7.000  -62.086  -23.046 0.3000000119
4925  9.945  -73.122  3.397 0.8999999762
21026  6.685  -58.941  -21.466 0.4000000060
7087  17.513  -70.736  -1.280 0.6999999881
2146  25.488  -76.694  -2.646 0.6999999881
5032  20.244  -73.019  -2.794 0.6999999881
4387  20.845  -73.732  -1.881 0.8000000119
2972  19.356  -76.428  -24.690 0.4000000060
4082  15.725  -74.706  -21.967 0.5000000000
9688  14.392  -68.317  -15.092 0.8000000119
15572  5.791  -62.760  12.943 0.4000000060
16511  4.768  -61.528  12.739 0.6000000238
32523  3.123  -50.824  2.219 0.4000000060
20424  4.579  -59.267  12.086 0.6999999881
17431  4.530  -60.935  12.617 0.6000000238
36538  3.561  -48.500  2.265 0.5000000000
16546  5.805  -61.361  10.629 0.5000000000
18436  4.622  -60.344  10.744 0.6999999881
50101  15.139  -40.672  2.192 0.6999999881
47350  19.931  -41.753  0.328 0.8000000119
45915  19.302  -42.623  0.320 0.6999999881
40877  6.651  -46.001  -8.671 0.6999999881
48727  20.327  -40.963  0.316 0.6999999881
51623  22.696  -38.461  -1.138 0.5000000000
43491  7.361  -44.526  -9.403 0.6000000238
54407  23.085  -37.360  -2.245 0.5000000000
54405  24.032  -36.909  -2.075 0.6999999881
55673  23.523  -36.744  -1.212 0.6999999881
58570  23.476  -35.574  -1.266 0.6999999881
60046  23.577  -34.627  -0.513 0.6000000238
57011  25.614  -36.586  -0.401 0.8999999762
50308  8.056  -41.185  -9.267 0.8000000119
47550  7.072  -42.051  -8.619 0.8000000119
44828  7.664  -42.937  -10.431 0.6999999881
57036  26.904  -36.385  -1.789 0.8999999762
57024  26.300  -36.127  -0.890 0.8999999762
55670  27.180  -37.196  -1.994 0.8000000119
58567  27.190  -35.819  -2.426 0.8000000119
51758  9.338  -40.148  -9.694 0.5000000000
57072  27.756  -36.029  -3.735 0.8000000119
60174  28.104  -34.282  -4.344 0.8999999762
63185  29.423  -33.079  -4.545 0.6999999881
63214  28.175  -32.777  -7.492 0.6000000238
61802  11.720  -33.970  -9.656 0.4000000060
60280  22.560  -34.985  -9.691 0.5000000000
60259  23.289  -34.902  -9.411 0.5000000000
64554  25.468  -32.319  -7.179 0.6000000238
63247  24.999  -33.160  -7.985 0.5000000000
61775  23.967  -33.715  -8.924 0.6000000238
73531  11.832  -26.837  -10.295 0.2000000030
74772  19.520  -25.805  -8.481 0.1000000015
76136  11.832  -24.920  -11.045 0.1000000015
80673  10.067  -23.529  -11.121 0.1000000015
80685  10.093  -22.585  -12.074 0.1000000015
76100  20.322  -25.481  -10.221 0.1000000015
72211  17.444  -27.530  -14.214 0.2000000030
76153  20.117  -26.061  -12.462 0.1000000015
76173  19.331  -25.195  -13.520 0.1000000015
74879  18.186  -25.960  -14.328 0.1000000015
73626  17.117  -26.270  -14.475 0.1000000015
12400  7.214  -65.523  -24.305 0.2000000030
51518  16.586  -40.237  2.381 0.6999999881
44586  18.628  -43.797  0.074 0.6000000238
51531  18.420  -39.721  1.833 0.6999999881
47349  20.662  -41.641  0.223 0.8000000119
50133  21.339  -40.247  0.153 0.6000000238
51609  22.647  -38.928  -0.787 0.6000000238
50157  21.757  -40.541  -0.116 0.6999999881
55798  11.242  -36.984  -9.897 0.4000000060
73545  12.861  -26.267  -11.395 0.2000000030
79143  11.350  -23.806  -10.951 0.1000000015
76088  19.661  -25.355  -9.220 0.1000000015
72213  15.977  -27.477  -13.946 0.2000000030
72212  16.740  -27.491  -14.198 0.2000000030
2951  15.554  -76.205  -22.897 0.3000000119
2948  17.863  -76.242  -23.118 0.3000000119
2798  11.334  -76.114  -12.823 0.3000000119
3385  9.239  -74.762  -13.336 0.4000000060
6358  22.336  -71.504  -2.167 0.6999999881
2610  24.624  -76.435  0.522 0.6000000238
9444  21.734  -68.328  0.352 0.4000000060
9458  20.191  -68.465  -0.605 0.5000000000
5003  23.965  -73.125  -1.017 0.6000000238
8669  24.176  -69.121  -1.946 0.4000000060
7085  23.900  -70.598  -1.767 0.5000000000
4372  23.528  -73.765  -0.881 0.6000000238
6338  24.904  -71.480  -0.956 0.4000000060
5658  24.462  -72.326  -1.044 0.4000000060
11162  23.897  -66.767  0.066 0.3000000119
11170  24.436  -67.052  -0.510 0.3000000119
3183  28.062  -75.171  -0.956 0.5000000000
8659  18.402  -69.480  -1.143 0.6999999881
5630  27.487  -72.565  0.790 0.4000000060
9443  25.913  -68.243  0.349 0.2000000030
4958  28.155  -72.881  1.580 0.4000000060
9421  26.717  -68.769  2.096 0.4000000060
7035  31.584  -70.548  1.251 0.4000000060
8952  13.789  -68.743  -17.540 0.8000000119
8176  13.411  -69.517  -18.681 0.6999999881
9761  5.876  -68.286  -18.384 0.1000000015
12269  14.086  -66.276  -17.323 0.4000000060
10629  5.833  -67.638  -20.002 0.1000000015
15139  15.134  -63.899  -18.230 0.4000000060
9832  12.909  -68.330  -21.223 0.6000000238
10642  5.771  -67.682  -20.644 0.1000000015
8999  7.492  -69.190  -20.615 0.3000000119
11527  5.847  -67.049  -23.082 0.1000000015
12348  5.463  -66.141  -21.538 0.1000000015
15167  14.087  -63.569  -19.975 0.3000000119
13324  12.047  -65.678  -23.757 0.6000000238
6127  11.586  -71.832  11.504 0.8000000119
7623  15.321  -69.545  12.196 0.6999999881
7596  14.423  -70.098  13.962 0.8000000119
8439  15.389  -68.841  13.405 0.6999999881
9305  16.301  -68.078  12.507 0.6999999881
10983  17.103  -66.814  12.953 0.6999999881
11794  16.735  -65.889  13.935 0.6999999881
12647  17.253  -65.238  13.876 0.6999999881
10951  15.773  -66.546  14.741 0.6999999881
9262  14.697  -68.304  15.462 0.6999999881
11772  14.742  -65.930  15.308 0.6999999881
12638  9.473  -65.082  15.043 0.6000000238
15589  5.893  -62.269  11.914 0.5000000000
44497  14.200  -43.102  5.690 0.5000000000
43179  13.235  -44.708  6.539 0.4000000060
47271  15.519  -41.656  3.960 0.6000000238
47238  16.283  -42.561  4.659 0.3000000119
50079  16.620  -40.849  2.760 0.6000000238
45940  21.119  -43.185  -0.755 0.6999999881
44596  20.148  -43.598  -0.564 0.6999999881
42036  19.900  -45.010  -0.040 0.5000000000
48746  21.377  -41.468  -0.067 0.8000000119
47365  22.531  -42.035  -0.377 0.8000000119
47367  20.912  -42.292  -0.047 0.6999999881
44584  19.779  -43.472  -0.206 0.6999999881
45930  20.315  -43.085  -0.235 0.6999999881
50154  24.242  -40.279  -0.115 0.8000000119
50155  23.494  -40.253  -0.499 0.8000000119
47364  23.119  -41.593  -0.173 0.8000000119
50156  22.570  -40.324  -0.581 0.8000000119
53056  22.891  -38.011  -1.838 0.6000000238
51622  23.038  -38.628  -1.244 0.6999999881
53009  24.797  -38.705  -0.297 0.8000000119
55656  24.176  -36.925  -0.572 0.8000000119
55653  25.779  -37.391  -0.408 0.8999999762
54353  25.332  -38.047  -0.314 0.8999999762
54354  24.760  -37.855  -0.351 0.8000000119
53027  23.833  -38.182  -0.738 0.8000000119
53010  24.262  -38.451  -0.497 0.8000000119
51634  23.322  -38.313  -1.318 0.8000000119
53008  25.431  -38.920  -0.259 0.8000000119
50213  28.051  -40.495  -3.937 0.6000000238
53083  28.095  -38.826  -4.650 0.6000000238
57009  26.474  -37.106  -0.745 0.8999999762
55652  26.314  -37.551  -0.547 0.8999999762
51673  27.686  -39.739  -5.402 0.6000000238
53090  27.794  -38.776  -5.502 0.6000000238
55700  27.932  -36.839  -4.490 0.6000000238
57114  27.981  -36.128  -5.237 0.8000000119
55716  27.960  -37.101  -5.503 0.6999999881
47520  6.864  -42.490  -7.910 0.8999999762
47551  6.355  -42.351  -8.354 0.8000000119
57131  27.830  -36.361  -6.013 0.6999999881
60213  27.783  -34.695  -6.305 0.8000000119
61730  28.713  -34.035  -5.561 0.8000000119
60227  27.138  -35.174  -7.242 0.6999999881
61742  28.390  -34.155  -6.210 0.6999999881
61743  28.326  -34.138  -7.103 0.6999999881
58704  25.021  -35.461  -8.338 0.6000000238
61759  26.741  -34.085  -7.645 0.6999999881
61744  27.728  -33.910  -7.846 0.6999999881
63230  26.274  -33.205  -7.282 0.6999999881
60229  26.073  -34.861  -7.847 0.6000000238
48917  8.681  -41.025  -9.013 0.5000000000
48916  9.066  -40.867  -9.068 0.6000000238
58742  11.809  -35.553  -9.710 0.4000000060
76074  19.236  -25.342  -8.786 0.1000000015
73566  14.065  -26.790  -12.371 0.2000000030
76133  20.136  -25.072  -11.588 0.1000000015
73589  14.285  -26.158  -12.993 0.1000000015
74841  13.445  -25.617  -12.314 0.2000000030
77597  19.817  -24.312  -11.949 0.1000000015
76176  13.882  -25.115  -13.073 0.1000000015
77618  12.419  -24.223  -11.745 0.1000000015
80707  13.062  -23.012  -12.884 0.1000000015
77598  11.905  -24.342  -11.243 0.1000000015
80671  11.293  -22.883  -11.408 0.1000000015
82249  10.474  -21.762  -12.873 0.1000000015
77674  16.005  -24.131  -14.919 0.1000000015
42049  19.287  -44.453  -0.536 0.6999999881
2592  15.496  -76.216  3.411 0.5000000000
3711  15.355  -74.941  3.011 0.5000000000
4302  15.733  -74.277  3.269 0.5000000000
4923  16.384  -73.516  3.869 0.6999999881
4301  16.166  -74.351  3.742 0.5000000000
3202  15.192  -75.176  -1.947 0.6000000238
1978  18.067  -77.143  12.222 0.3000000119
1987  18.300  -77.128  11.572 0.3000000119
1999  17.483  -77.278  10.591 0.2000000030
2007  18.832  -77.064  9.948 0.2000000030
2008  17.946  -77.140  9.915 0.4000000060
2020  17.522  -76.994  9.130 0.4000000060
1581  16.585  -77.685  6.803 0.4000000060
616  15.211  -79.618  4.324 0.5000000000
611  15.750  -79.697  5.161 0.5000000000
856  15.768  -79.483  5.912 0.5000000000
851  15.662  -79.283  6.313 0.5000000000
1219  14.737  -78.329  3.296 0.6000000238
1626  15.037  -77.430  3.305 0.5000000000
863  14.905  -78.857  5.002 0.5000000000
608  14.683  -79.249  5.773 0.5000000000
1620  15.361  -77.592  3.725 0.5000000000
1211  15.426  -78.112  4.563 0.5000000000
2085  15.961  -77.003  4.545 0.5000000000
2076  15.714  -76.935  5.273 0.5000000000
5579  16.372  -72.593  3.846 0.6999999881
2584  15.761  -76.234  3.694 0.5000000000
3119  16.365  -75.732  4.643 0.6000000238
4913  16.627  -73.677  4.648 0.6999999881
2632  15.042  -75.693  -1.089 0.6000000238
3130  15.958  -75.612  3.792 0.5000000000
3694  16.596  -74.775  4.769 0.6000000238
518  20.684  -80.570  -11.793 0.4000000060
527  20.536  -80.906  -12.313 0.3000000119
349  21.633  -80.829  -13.765 0.2000000030
548  22.508  -80.311  -14.457 0.1000000015
231  20.739  -81.301  -17.052 0.1000000015
224  22.265  -81.006  -16.513 0.1000000015
371  20.719  -81.096  -16.272 0.1000000015
1969  18.554  -76.809  12.762 0.2000000030
1998  18.320  -77.144  10.797 0.2000000030
2006  19.476  -76.813  10.059 0.2000000030
2019  18.417  -77.065  9.093 0.3000000119
2032  17.855  -76.883  8.326 0.4000000060
2045  16.070  -77.344  8.051 0.5000000000
2035  15.760  -77.527  8.599 0.5000000000
2010  16.450  -77.378  9.668 0.4000000060
2018  19.445  -77.012  9.096 0.3000000119
1179  15.536  -78.533  7.293 0.5000000000
1591  17.273  -78.027  6.060 0.5000000000
1580  17.550  -77.494  6.448 0.4000000060
1189  17.617  -78.330  5.532 0.5000000000
614  16.226  -79.755  4.750 0.5000000000
855  16.239  -79.432  5.525 0.4000000060
3170  15.903  -75.653  0.340 0.6000000238
2614  15.750  -75.790  0.294 0.6000000238
404  16.862  -79.942  2.205 0.6000000238
392  15.633  -80.324  3.363 0.6000000238
621  14.994  -79.837  3.671 0.5000000000
6987  16.095  -71.171  3.969 0.6999999881
890  16.632  -78.803  1.301 0.6000000238
6249  16.287  -71.920  4.430 0.6999999881
2114  16.245  -76.749  1.194 0.6000000238
1637  16.066  -77.889  1.290 0.6000000238
2555  16.075  -76.027  5.530 0.6000000238
5569  16.534  -72.865  4.621 0.6999999881
2613  16.020  -76.097  0.810 0.6000000238
3762  15.788  -74.915  -0.920 0.6000000238
753  21.569  -80.021  -11.970 0.4000000060
764  21.426  -80.231  -12.277 0.3000000119
1058  22.241  -79.841  -12.796 0.4000000060
772  22.361  -79.956  -13.314 0.3000000119
796  22.723  -79.977  -14.787 0.1000000015
378  20.851  -80.188  -18.475 0.1000000015
815  20.997  -79.679  -16.755 0.1000000015
555  22.656  -80.059  -15.349 0.1000000015
561  22.621  -80.269  -16.656 0.1000000015
380  21.554  -80.349  -19.188 0.1000000015
381  21.029  -80.579  -19.097 0.1000000015
2505  19.274  -76.551  11.546 0.2000000030
2488  19.578  -76.035  12.772 0.2000000030
2512  19.677  -76.324  10.457 0.2000000030
1988  17.525  -77.307  11.495 0.4000000060
1539  16.617  -77.693  10.798 0.4000000060
2053  18.494  -77.426  6.847 0.4000000060
1590  18.060  -78.008  5.886 0.5000000000
397  16.978  -80.088  3.003 0.6000000238
868  16.833  -79.626  4.456 0.5000000000
7748  15.036  -70.172  3.857 0.6999999881
1230  17.070  -78.340  1.555 0.6000000238
870  18.464  -79.396  3.974 0.5000000000
1603  19.473  -78.264  5.538 0.5000000000
2063  14.998  -76.878  5.743 0.6000000238
1593  14.701  -77.407  5.649 0.5000000000
6238  16.201  -72.341  5.033 0.6999999881
1636  16.638  -77.540  1.512 0.6000000238
630  18.059  -79.517  2.027 0.6000000238
1216  18.974  -79.337  3.543 0.5000000000
3679  16.204  -74.922  5.601 0.6000000238
4276  15.975  -74.337  5.760 0.6999999881
6973  15.341  -71.091  4.936 0.6000000238
1197  19.965  -78.525  5.058 0.5000000000
4899  15.945  -73.487  5.708 0.6999999881
3160  16.533  -75.658  1.093 0.6000000238
3681  14.832  -74.856  5.911 0.6999999881
3773  15.738  -74.699  -1.686 0.6000000238
1085  23.314  -78.806  -15.091 0.1000000015
1106  22.890  -79.199  -17.099 0.1000000015
585  21.907  -79.899  -19.293 0.1000000015
1920  19.864  -77.875  -20.693 0.1000000015
2919  18.788  -76.379  -21.323 0.2000000030
2417  18.710  -77.164  -20.758 0.1000000015
4652  28.069  -74.547  -20.976 0.6000000238
5385  20.866  -72.531  19.062 0.1000000015
5364  20.532  -72.302  20.416 0.1000000015
5356  20.381  -72.221  21.039 0.1000000015
3028  19.699  -75.556  13.890 0.2000000030
3009  19.490  -75.317  14.862 0.2000000030
3579  20.237  -74.531  15.702 0.2000000030
4749  20.559  -73.121  18.041 0.1000000015
3036  19.817  -75.619  13.318 0.2000000030
4762  20.004  -73.431  17.651 0.1000000015
2490  18.292  -76.745  13.405 0.2000000030
2481  18.730  -76.105  14.327 0.2000000030
3010  19.053  -75.379  15.351 0.2000000030
4169  19.580  -74.206  16.691 0.1000000015
2504  19.721  -76.068  11.265 0.2000000030
3044  19.954  -75.560  12.530 0.2000000030
1979  17.347  -77.436  12.484 0.2000000030
1970  17.892  -77.139  13.001 0.2000000030
1180  14.945  -78.822  7.517 0.5000000000
1563  15.302  -78.054  8.438 0.5000000000
1556  15.398  -77.907  9.289 0.5000000000
1204  14.674  -78.372  5.410 0.5000000000
850  14.098  -79.000  7.226 0.5000000000
1577  19.936  -77.569  6.968 0.5000000000
1588  19.630  -77.893  6.184 0.4000000060
7749  14.569  -70.203  4.226 0.6999999881
1860  23.321  -77.678  -16.520 0.2000000030
1435  23.376  -78.384  -15.665 0.2000000030
1465  22.473  -78.556  -18.001 0.1000000015
1124  22.017  -78.841  -18.985 0.1000000015
2378  22.421  -77.214  -17.951 0.2000000030
2404  20.993  -77.205  -19.594 0.1000000015
3473  21.364  -76.190  -19.219 0.1000000015
3515  19.985  -75.835  -21.839 0.1000000015
6010  20.997  -71.739  20.822 0.1000000015
6746  20.407  -71.359  21.259 0.1000000015
4179  20.831  -74.420  15.577 0.2000000030
4761  20.756  -73.398  17.417 0.1000000015
6006  19.889  -71.835  22.118 0.1000000015
4168  20.398  -74.181  16.267 0.1000000015
4750  19.854  -73.170  18.236 0.1000000015
4727  19.401  -72.731  19.494 0.1000000015
3597  20.657  -74.687  14.924 0.2000000030
3590  19.247  -74.967  15.830 0.2000000030
5365  19.905  -72.371  20.660 0.1000000015
5349  19.632  -72.306  21.920 0.1000000015
3626  19.811  -74.618  11.162 0.2000000030
3632  19.595  -74.645  10.330 0.2000000030
1540  15.685  -78.120  10.777 0.4000000060
3065  19.655  -75.483  9.686 0.3000000119
1548  15.121  -78.243  10.162 0.4000000060
1187  13.577  -78.532  7.131 0.5000000000
1176  13.893  -78.732  8.383 0.5000000000
1194  14.096  -78.018  5.874 0.5000000000
2064  14.329  -76.902  5.839 0.5000000000
3102  15.160  -75.592  5.924 0.6000000238
5554  15.438  -72.760  5.687 0.6000000238
6974  14.656  -70.729  4.892 0.6000000238
1859  23.542  -77.507  -16.048 0.2000000030
2345  23.676  -77.114  -15.233 0.3000000119
2368  23.025  -77.129  -17.147 0.3000000119
2817  23.855  -76.545  -13.994 0.3000000119
3433  23.242  -76.068  -16.821 0.3000000119
3375  24.334  -75.667  -12.816 0.3000000119
4017  24.287  -74.751  -16.274 0.3000000119
3482  22.506  -75.427  -19.588 0.3000000119
3513  21.518  -75.882  -22.006 0.2000000030
4044  23.809  -74.897  -17.818 0.3000000119
3503  22.075  -75.698  -21.319 0.2000000030
5970  26.532  -72.737  -22.796 0.5000000000
6747  19.812  -70.690  21.193 0.1000000015
7491  19.299  -70.543  21.692 0.1000000015
5374  21.361  -72.310  19.541 0.1000000015
6754  21.122  -71.292  20.595 0.1000000015
7492  18.677  -69.883  21.984 0.1000000015
8323  17.780  -69.155  23.114 0.1000000015
5384  21.634  -72.478  18.810 0.1000000015
4170  19.036  -74.284  17.047 0.2000000030
6742  18.996  -70.939  22.316 0.1000000015
6737  18.087  -70.485  23.036 0.1000000015
9167  17.686  -68.416  23.746 0.1000000015
1964  17.753  -77.059  13.759 0.2000000030
4739  18.828  -73.202  18.951 0.1000000015
2474  18.244  -76.224  15.006 0.2000000030
1532  15.930  -78.246  11.630 0.3000000119
1525  16.736  -77.897  12.893 0.3000000119
1170  14.274  -78.602  9.198 0.5000000000
1166  14.507  -78.623  10.119 0.4000000060
1161  15.131  -78.624  11.069 0.4000000060
1177  13.183  -78.524  8.378 0.5000000000
1596  13.210  -77.721  6.686 0.5000000000
2558  13.945  -76.255  5.930 0.5000000000
4278  14.530  -74.119  5.853 0.6000000238
6229  15.069  -72.162  5.610 0.6000000238
7751  12.944  -70.277  4.333 0.6999999881
4569  24.511  -74.607  -15.109 0.3000000119
3491  23.668  -75.831  -20.786 0.2000000030
5966  26.901  -72.260  -22.278 0.5000000000
10845  19.948  -66.737  22.370 0.1000000015
10865  19.220  -67.249  22.241 0.1000000015
10046  19.283  -67.691  21.294 0.1000000015
8335  19.015  -69.093  21.140 0.1000000015
8334  19.305  -69.334  20.770 0.1000000015
7497  18.886  -69.490  21.470 0.1000000015
8331  18.359  -69.118  22.155 0.1000000015
9172  18.140  -68.418  22.851 0.1000000015
6753  21.567  -71.465  20.267 0.1000000015
4728  18.605  -72.981  19.858 0.1000000015
6002  19.015  -71.661  22.850 0.1000000015
6731  18.300  -71.164  23.361 0.1000000015
8324  17.394  -69.202  23.698 0.1000000015
4159  18.800  -74.171  17.498 0.2000000030
5350  18.985  -72.433  22.138 0.1000000015
6733  17.380  -70.370  23.899 0.1000000015
1157  15.249  -78.656  11.813 0.3000000119
3011  18.445  -75.703  15.663 0.2000000030
5335  18.542  -72.041  23.423 0.1000000015
5359  18.490  -72.585  21.609 0.1000000015
1183  12.897  -78.233  7.755 0.5000000000
1171  13.455  -78.691  9.092 0.5000000000
3104  13.509  -75.502  5.962 0.6000000238
7736  14.016  -70.381  4.756 0.6000000238
5963  25.312  -72.486  -21.194 0.4000000060
5962  25.897  -72.129  -21.497 0.4000000060
3001  18.074  -75.477  16.540 0.2000000030
1965  17.041  -77.340  14.126 0.2000000030
3573  18.239  -74.701  17.475 0.2000000030
4149  18.603  -73.865  18.207 0.2000000030
4740  18.193  -73.369  19.252 0.1000000015
4720  18.038  -72.956  20.772 0.1000000015
1172  12.909  -78.417  8.986 0.5000000000
1163  13.929  -78.648  10.569 0.4000000060
2058  12.938  -77.013  6.681 0.5000000000
4901  14.244  -73.425  5.818 0.6000000238
6230  14.157  -72.082  5.653 0.6000000238
6684  25.412  -71.757  -19.371 0.3000000119
6699  25.615  -71.973  -20.533 0.3000000119
6698  25.953  -71.779  -21.085 0.3000000119
6704  26.666  -71.773  -21.897 0.3000000119
1159  14.048  -78.500  11.266 0.4000000060
1149  15.616  -78.329  13.159 0.4000000060
2475  17.471  -76.670  15.182 0.2000000030
1519  15.591  -77.892  13.787 0.4000000060
2463  17.654  -75.916  16.376 0.2000000030
3002  17.533  -75.834  16.623 0.2000000030
1542  13.385  -77.896  10.424 0.5000000000
1528  14.442  -78.130  12.152 0.4000000060
1973  14.941  -77.689  13.051 0.4000000060
1962  16.176  -77.259  14.800 0.3000000119
1958  16.372  -76.824  15.674 0.2000000030
2985  17.749  -74.931  17.853 0.2000000030
3557  17.742  -74.477  18.518 0.2000000030
2465  16.429  -76.394  16.308 0.2000000030
2994  16.674  -75.801  17.443 0.2000000030
4134  17.568  -73.821  19.552 0.1000000015
1981  14.696  -77.595  12.275 0.4000000060
1967  15.385  -77.395  13.662 0.3000000119
3682  14.044  -74.785  5.895 0.6000000238
1963  15.784  -77.071  14.456 0.2000000030
3683  13.337  -74.639  6.010 0.6000000238
5556  14.004  -72.855  5.795 0.6000000238
2577  7.963  -76.256  4.339 0.6000000238
10014  17.776  -67.878  24.928 0.1000000015
8319  17.123  -69.200  24.285 0.1000000015
6726  17.719  -71.096  23.945 0.1000000015
8320  16.846  -69.484  24.681 0.1000000015
1572  12.501  -77.648  7.948 0.5000000000
5344  18.148  -72.501  23.095 0.1000000015
1558  12.507  -77.565  8.879 0.5000000000
1535  13.852  -78.026  11.109 0.5000000000
4721  17.337  -73.472  20.347 0.1000000015
4710  17.731  -72.725  22.307 0.1000000015
2547  12.974  -76.378  6.503 0.6000000238
2036  12.509  -77.032  8.366 0.5000000000
2013  12.949  -77.362  9.579 0.5000000000
2983  17.002  -75.171  18.501 0.2000000030
3551  16.945  -74.603  19.390 0.2000000030
4131  16.877  -73.663  20.592 0.1000000015
3105  12.939  -75.135  6.173 0.6000000238
2025  12.889  -76.980  9.172 0.5000000000
2001  14.162  -77.154  10.784 0.5000000000
2470  16.119  -76.257  15.684 0.2000000030
2542  12.476  -76.162  7.900 0.5000000000
2011  13.870  -77.013  10.290 0.5000000000
1990  14.887  -77.137  11.683 0.4000000060
1972  15.202  -77.199  12.861 0.4000000060
3123  7.022  -75.366  4.895 0.4000000060
10817  19.131  -67.128  23.620 0.1000000015
9997  18.932  -67.508  25.216 0.1000000015
10826  21.191  -66.886  23.429 0.1000000015
5336  17.862  -72.246  23.884 0.1000000015
3560  16.085  -74.867  18.755 0.2000000030
2492  15.659  -76.769  13.383 0.3000000119
2462  16.163  -76.025  16.654 0.2000000030
2995  16.220  -75.621  17.197 0.2000000030
2515  14.821  -76.596  10.738 0.5000000000
2477  16.095  -76.292  14.775 0.3000000119
2529  13.160  -76.220  9.122 0.5000000000
5557  13.461  -72.652  5.924 0.6000000238
6962  13.155  -71.225  5.829 0.6000000238
2569  7.733  -76.432  5.267 0.4000000060
3092  12.559  -75.200  6.670 0.6000000238
2500  15.610  -76.721  12.550 0.4000000060
4280  13.175  -73.889  6.130 0.6000000238
5558  12.824  -72.499  6.378 0.6000000238
9669  18.622  -68.133  -14.249 0.6999999881
6603  20.163  -71.092  -16.063 0.6999999881
2491  16.096  -76.287  13.080 0.4000000060
2507  15.440  -76.620  11.574 0.4000000060
3082  12.566  -75.410  8.351 0.6000000238
10509  18.361  -67.418  -13.926 0.6999999881
2521  14.417  -76.353  10.152 0.5000000000
3672  12.408  -74.414  6.974 0.6000000238
6963  12.360  -70.959  6.070 0.6999999881
6934  9.250  -70.926  8.337 0.6999999881
6197  8.910  -71.179  8.876 0.6999999881
6943  10.456  -70.870  7.760 0.6999999881
6211  10.678  -71.331  8.795 0.6999999881
6918  10.098  -70.987  8.657 0.6999999881
6196  9.385  -71.119  9.172 0.6999999881
6224  11.359  -71.558  7.563 0.6999999881
6942  10.966  -71.324  7.943 0.6999999881
6193  11.355  -71.736  9.521 0.6999999881
4865  12.659  -73.254  8.916 0.6999999881
4866  12.204  -72.792  8.706 0.6999999881
4878  11.990  -72.650  8.179 0.6999999881
5535  11.628  -72.237  8.279 0.6999999881
5522  11.656  -72.177  8.995 0.6999999881
5502  12.197  -72.086  9.601 0.6999999881
4877  12.300  -73.376  8.296 0.6000000238
5521  12.416  -72.502  9.171 0.6999999881
5500  13.476  -72.068  9.616 0.6999999881
6168  13.879  -71.769  10.165 0.6999999881
6172  11.032  -71.591  9.998 0.6999999881
6170  12.485  -71.743  10.169 0.6999999881
6174  9.554  -71.373  9.772 0.6999999881
4244  13.736  -74.024  9.105 0.6000000238
4863  14.148  -73.226  9.067 0.6999999881
5519  13.792  -72.551  9.222 0.6999999881
4245  13.023  -74.025  8.994 0.6000000238
4849  16.629  -73.112  10.034 0.6000000238
3644  15.361  -74.527  9.455 0.6000000238
4221  16.916  -73.829  11.032 0.5000000000
4230  16.117  -74.029  9.799 0.6000000238
4861  15.565  -73.086  9.303 0.6999999881
5516  15.810  -72.309  9.465 0.6999999881
6165  16.123  -71.559  9.708 0.6999999881
6167  14.701  -71.611  9.973 0.6999999881
4243  14.529  -74.009  9.124 0.6000000238
4241  15.843  -73.545  9.403 0.6000000238
6192  14.939  -72.086  9.518 0.6999999881
3646  14.083  -74.791  9.285 0.6000000238
6149  12.891  -71.701  10.896 0.6999999881
6849  18.203  -70.849  12.691 0.6999999881
5463  17.614  -72.162  11.995 0.6000000238
6144  17.637  -71.648  11.486 0.6000000238
5483  17.393  -72.461  11.171 0.6000000238
6164  16.870  -71.477  10.055 0.6999999881
4848  17.034  -73.137  10.671 0.6000000238
5497  16.470  -72.313  9.796 0.6999999881
6903  15.858  -70.886  9.976 0.6999999881
6904  15.312  -70.980  10.121 0.6999999881
6147  14.159  -71.490  10.749 0.6999999881
6122  14.335  -71.274  11.272 0.6999999881
13635  8.642  -64.273  13.969 0.6000000238
16490  9.129  -62.028  13.716 0.6000000238
15553  8.704  -62.849  13.448 0.6000000238
19405  9.756  -60.132  13.375 0.6000000238
17411  8.717  -61.440  13.772 0.6000000238
16491  8.291  -62.100  13.731 0.6000000238
14652  8.159  -63.716  13.827 0.6000000238
18391  9.177  -60.392  13.086 0.6000000238
15554  7.745  -62.890  13.869 0.6000000238
14629  7.564  -63.655  14.277 0.6000000238
14630  7.154  -63.752  14.934 0.6000000238
18377  8.067  -61.057  13.443 0.6000000238
17412  7.952  -61.377  13.692 0.6000000238
18392  8.629  -60.639  13.088 0.6000000238
15534  7.223  -63.156  14.386 0.6000000238
18393  7.916  -60.838  13.097 0.6000000238
17423  7.511  -61.074  13.438 0.6000000238
16493  6.885  -62.025  14.236 0.6000000238
18394  7.166  -60.776  13.002 0.6999999881
17413  7.216  -61.460  13.815 0.6999999881
18421  7.813  -60.493  11.752 0.6999999881
18434  8.141  -60.429  11.161 0.6999999881
18408  7.475  -60.602  12.383 0.6999999881
17424  6.946  -61.044  13.493 0.6999999881
17414  6.433  -61.250  14.045 0.6999999881
18409  6.724  -60.464  12.407 0.6999999881
18422  6.999  -60.310  11.633 0.6999999881
20486  8.643  -59.026  8.808 0.6999999881
20499  9.710  -58.278  8.478 0.6999999881
20501  8.204  -58.410  8.530 0.6999999881
22577  8.717  -57.119  8.016 0.6999999881
21534  7.710  -57.852  8.395 0.6999999881
23710  7.355  -56.538  7.943 0.6999999881
24896  8.510  -55.651  7.798 0.6999999881
26056  8.809  -54.841  7.951 0.6000000238
21507  6.015  -57.968  9.974 0.6999999881
24897  7.669  -55.732  7.757 0.6999999881
26057  8.005  -54.898  7.763 0.6999999881
28550  7.848  -53.197  7.870 0.6000000238
24898  6.803  -55.817  7.918 0.6999999881
29859  7.105  -52.309  7.514 0.6000000238
31145  7.496  -51.733  7.348 0.6000000238
28551  7.070  -53.451  7.689 0.6999999881
27297  5.744  -54.220  7.906 0.6999999881
28572  6.162  -52.848  7.664 0.6999999881
32406  7.153  -51.188  7.004 0.6000000238
31146  6.793  -51.732  7.279 0.6000000238
36459  8.339  -48.709  6.667 0.5000000000
33766  7.160  -50.274  6.801 0.5000000000
31148  5.408  -51.716  7.562 0.6000000238
29840  5.132  -52.446  7.940 0.6000000238
32546  22.903  -50.849  0.370 0.1000000015
32636  23.200  -51.387  -2.134 0.1000000015
35173  21.252  -49.118  2.861 0.1000000015
36520  20.625  -48.525  3.379 0.1000000015
33847  21.918  -49.848  2.166 0.1000000015
33951  23.494  -50.804  -0.811 0.1000000015
35326  19.437  -49.382  -5.294 0.1000000015
33974  23.954  -50.411  -2.451 0.1000000015
32679  23.041  -50.809  -3.689 0.1000000015
34030  21.088  -50.455  -4.993 0.1000000015
39303  17.458  -46.233  4.798 0.1000000015
39301  18.894  -47.293  4.330 0.1000000015
40654  17.035  -45.547  4.585 0.2000000030
40638  15.985  -45.498  5.296 0.3000000119
41944  13.693  -45.516  5.084 0.4000000060
40656  12.491  -45.729  4.544 0.4000000060
39305  10.636  -46.789  4.353 0.4000000060
37893  19.549  -47.538  3.822 0.1000000015
39316  18.482  -46.267  3.847 0.2000000030
35185  21.883  -49.141  2.121 0.1000000015
37917  21.070  -47.606  2.502 0.1000000015
39325  19.921  -47.075  2.997 0.2000000030
33892  23.270  -49.917  0.291 0.1000000015
35209  23.083  -49.141  0.698 0.1000000015
33922  23.785  -49.771  -0.372 0.1000000015
35233  24.379  -49.062  -0.897 0.1000000015
35273  24.265  -49.704  -2.987 0.1000000015
34010  23.446  -50.240  -3.919 0.1000000015
34049  21.630  -50.050  -5.255 0.1000000015
35324  21.099  -49.349  -5.757 0.1000000015
35321  23.419  -48.911  -5.199 0.1000000015
36716  21.164  -48.629  -6.071 0.1000000015
41961  16.377  -44.796  4.460 0.2000000030
41962  15.448  -44.573  4.687 0.3000000119
41964  13.836  -45.008  4.663 0.4000000060
41966  12.180  -45.340  4.119 0.4000000060
40653  17.811  -45.725  4.096 0.2000000030
41960  17.184  -45.079  4.070 0.2000000030
39368  23.739  -47.036  0.524 0.1000000015
37936  22.429  -47.978  1.316 0.1000000015
40686  19.808  -46.084  2.087 0.2000000030
41986  17.762  -44.841  2.934 0.2000000030
43228  16.976  -44.333  3.106 0.2000000030
35188  4.261  -49.154  1.960 0.3000000119
36590  24.433  -48.153  -0.461 0.1000000015
36574  4.328  -48.395  1.561 0.3000000119
36604  24.668  -48.199  -0.896 0.1000000015
35272  24.698  -48.962  -2.631 0.1000000015
36691  24.630  -48.442  -4.145 0.1000000015
35296  24.014  -49.735  -3.925 0.1000000015
38050  23.664  -48.015  -5.425 0.1000000015
38065  23.236  -47.784  -5.818 0.1000000015
36714  22.745  -48.487  -5.798 0.1000000015
42015  22.586  -45.582  0.812 0.3000000119
40692  22.202  -46.294  1.168 0.2000000030
40706  23.323  -46.363  0.845 0.1000000015
42004  21.166  -45.686  1.013 0.4000000060
42006  19.401  -45.223  1.418 0.4000000060
39392  25.509  -46.750  -1.396 0.1000000015
40724  25.023  -46.234  -0.452 0.2000000030
36572  4.550  -48.100  0.552 0.2000000030
37977  25.370  -47.476  -1.693 0.1000000015
37995  25.229  -48.003  -2.801 0.1000000015
38031  25.167  -47.665  -3.878 0.1000000015
39401  25.647  -46.879  -2.058 0.1000000015
37994  25.395  -47.561  -2.493 0.1000000015
38008  25.425  -47.316  -3.261 0.1000000015
39445  25.216  -46.577  -4.815 0.1000000015
39447  24.090  -47.023  -5.484 0.1000000015
40801  22.826  -46.024  -6.315 0.1000000015
42016  21.710  -45.223  0.650 0.2000000030
42013  24.410  -45.346  0.192 0.3000000119
42005  20.376  -45.533  1.121 0.4000000060
43275  18.980  -44.665  0.703 0.5000000000
43261  18.413  -44.570  1.383 0.3000000119
42033  25.463  -45.405  -0.807 0.2000000030
43348  26.816  -44.187  -2.858 0.3000000119
43357  26.450  -44.724  -4.198 0.1000000015
43371  26.013  -44.592  -4.869 0.2000000030
40764  25.852  -46.279  -2.361 0.1000000015
40781  25.887  -46.163  -3.884 0.1000000015
43373  24.629  -44.938  -5.735 0.1000000015
42113  24.250  -45.379  -5.861 0.1000000015
46053  24.439  -42.825  -6.359 0.2000000030
43396  22.837  -44.513  -6.620 0.1000000015
42023  5.207  -45.556  -0.001 0.3000000119
46054  24.058  -42.695  -6.634 0.2000000030
48852  21.801  -41.342  -7.321 0.2000000030
43270  24.133  -44.647  0.317 0.3000000119
44567  23.855  -43.832  0.388 0.6000000238
43268  25.142  -44.500  -0.360 0.6000000238
44580  25.520  -43.684  -0.479 0.5000000000
48741  25.613  -41.720  -0.141 0.6999999881
44611  26.751  -43.725  -1.819 0.5000000000
48753  26.866  -41.261  -0.995 0.6999999881
51588  26.655  -40.221  -0.607 0.6999999881
45963  27.426  -43.148  -2.933 0.4000000060
44670  26.797  -43.041  -5.051 0.2000000030
43372  25.215  -44.534  -5.538 0.2000000030
45985  27.383  -42.596  -4.582 0.3000000119
44671  26.105  -43.589  -5.336 0.2000000030
44697  25.803  -43.079  -5.783 0.2000000030
43280  5.907  -44.637  -0.066 0.4000000060
46027  26.705  -42.221  -5.655 0.2000000030
47468  26.501  -41.853  -5.857 0.2000000030
47487  24.672  -42.064  -6.424 0.2000000030
48848  25.256  -41.193  -6.516 0.2000000030
48849  24.466  -41.183  -6.865 0.2000000030
50253  23.670  -40.626  -7.405 0.2000000030
48875  22.800  -40.848  -7.482 0.2000000030
50281  23.379  -40.159  -7.527 0.2000000030
50282  22.517  -40.149  -7.439 0.2000000030
51705  20.692  -39.506  -7.200 0.2000000030
53006  26.628  -39.454  -0.680 0.6999999881
50151  26.351  -40.680  -0.371 0.6999999881
48779  27.831  -41.234  -2.905 0.5000000000
51606  27.046  -39.960  -1.120 0.6999999881
51660  28.102  -39.707  -4.297 0.5000000000
48809  27.421  -41.232  -5.198 0.5000000000
51685  26.176  -40.092  -6.475 0.2000000030
53099  27.392  -38.787  -6.123 0.5000000000
51702  25.859  -39.653  -6.845 0.3000000119
51703  24.940  -39.521  -7.308 0.3000000119
50280  23.979  -39.745  -7.501 0.3000000119
53139  24.577  -38.551  -7.601 0.2000000030
53140  23.910  -38.610  -7.593 0.2000000030
53142  22.409  -38.715  -7.500 0.3000000119
53143  21.379  -38.751  -7.358 0.2000000030
55761  23.883  -37.389  -7.971 0.5000000000
57160  23.026  -37.027  -8.142 0.4000000060
54472  22.091  -37.940  -7.594 0.2000000030
51706  19.843  -39.511  -7.017 0.2000000030
57176  22.076  -36.574  -8.435 0.4000000060
55764  21.846  -37.122  -7.794 0.3000000119
55766  20.586  -37.274  -7.326 0.2000000030
53122  19.549  -38.751  -6.995 0.2000000030
54351  26.584  -38.408  -0.679 0.8000000119
54380  27.456  -38.074  -2.201 0.6999999881
54381  27.179  -37.786  -1.659 0.6999999881
51645  28.065  -39.698  -3.309 0.6999999881
54435  27.298  -38.090  -6.533 0.5000000000
54455  25.977  -37.949  -7.313 0.4000000060
54467  25.548  -37.929  -7.540 0.4000000060
44617  7.830  -43.711  -2.300 0.4000000060
43326  6.868  -44.227  -1.927 0.4000000060
57142  26.894  -36.516  -7.220 0.6999999881
57155  26.355  -36.391  -7.664 0.6000000238
57157  24.983  -36.306  -8.151 0.5000000000
44642  9.176  -43.306  -3.948 0.2000000030
44634  7.610  -43.639  -3.165 0.4000000060
57172  24.738  -35.830  -8.390 0.5000000000
57175  22.807  -36.501  -8.541 0.3000000119
53125  17.488  -38.588  -7.130 0.1000000015
46040  10.962  -43.446  -5.600 0.1000000015
44678  8.999  -44.108  -5.261 0.3000000119
44643  8.120  -43.627  -3.831 0.3000000119
57192  21.846  -36.308  -8.717 0.4000000060
58696  20.992  -36.081  -8.175 0.4000000060
55747  19.922  -37.220  -7.101 0.2000000030
53124  18.100  -38.579  -6.771 0.1000000015
46068  12.663  -42.927  -6.760 0.1000000015
44706  11.303  -43.500  -6.255 0.1000000015
60244  20.339  -35.416  -8.471 0.4000000060
57144  19.288  -36.371  -6.725 0.2000000030
60228  26.711  -34.991  -7.570 0.5000000000
226067  9.509  -44.097  -6.018 0.2000000030
44659  7.646  -44.021  -4.341 0.4000000060
58739  21.985  -35.462  -9.547 0.3000000119
55748  18.942  -37.167  -6.771 0.2000000030
54459  17.867  -37.861  -6.964 0.1000000015
53146  16.869  -39.077  -8.237 0.1000000015
51744  15.570  -39.770  -8.700 0.1000000015
47541  13.648  -41.755  -8.077 0.1000000015
46082  13.309  -42.667  -7.303 0.1000000015
46069  12.197  -42.963  -7.129 0.1000000015
44747  10.717  -43.618  -6.793 0.2000000030
60216  19.639  -34.997  -6.786 0.3000000119
58686  18.748  -35.624  -6.589 0.2000000030
58698  17.670  -35.581  -7.195 0.2000000030
226068  9.134  -44.191  -5.685 0.4000000060
54482  17.014  -37.737  -8.339 0.1000000015
53152  16.578  -38.716  -8.626 0.1000000015
53153  15.796  -38.834  -8.983 0.1000000015
48900  13.425  -41.064  -8.321 0.1000000015
47542  12.913  -41.668  -8.135 0.1000000015
44763  11.024  -43.144  -7.391 0.2000000030
43442  9.521  -44.083  -6.565 0.2000000030
43401  8.091  -44.450  -6.394 0.5000000000
54485  15.279  -38.113  -9.146 0.3000000119
50302  13.101  -40.303  -8.463 0.2000000030
47544  11.442  -41.535  -8.133 0.2000000030
47515  11.010  -42.110  -7.898 0.2000000030
44765  9.525  -43.369  -7.462 0.3000000119
44751  7.824  -43.917  -7.208 0.5000000000
50303  12.321  -40.277  -8.473 0.2000000030
47545  10.704  -41.481  -8.117 0.2000000030
47516  10.272  -42.103  -7.902 0.2000000030
2042  17.871  -76.973  7.647 0.4000000060
2044  16.549  -77.215  7.582 0.4000000060
599  14.848  -79.377  6.671 0.5000000000
2041  18.594  -77.334  7.298 0.4000000060
1568  19.698  -77.511  7.577 0.4000000060
2527  19.673  -76.204  9.111 0.4000000060
6702  27.675  -71.259  -21.852 0.3000000119
43325  7.564  -44.008  -1.539 0.4000000060
338  19.870  -80.983  -11.443 0.2000000030
4310  15.311  -74.180  2.705 0.6999999881
1056  23.164  -79.257  -13.291 0.3000000119
1434  23.519  -78.302  -15.076 0.2000000030
1073  23.341  -79.090  -14.392 0.3000000119
248  15.622  -79.924  2.248 0.6000000238
3376  24.105  -75.870  -13.237 0.3000000119
2838  23.613  -76.526  -15.380 0.3000000119
3402  24.111  -75.304  -14.121 0.3000000119
4033  23.858  -74.986  -16.867 0.3000000119
4060  23.887  -75.130  -19.388 0.3000000119
3480  24.140  -75.495  -19.987 0.3000000119
2930  22.189  -76.526  -22.419 0.2000000030
2944  21.349  -76.418  -22.870 0.2000000030
2945  20.281  -76.340  -23.180 0.3000000119
37937  4.570  -47.627  0.840 0.3000000119
44618  7.145  -43.930  -2.704 0.4000000060
55679  27.473  -37.182  -2.651 0.6999999881
60260  20.253  -35.184  -9.243 0.4000000060
58723  20.797  -35.596  -9.153 0.4000000060
2959  19.810  -76.577  -23.931 0.2000000030
39387  5.198  -47.084  -0.410 0.2000000030
41967  11.633  -45.663  4.126 0.4000000060
1922  18.518  -77.492  -20.689 0.1000000015
2920  18.102  -76.506  -21.517 0.2000000030
2933  18.582  -76.191  -22.243 0.2000000030
2947  18.664  -76.222  -23.242 0.2000000030
42035  20.475  -44.921  -0.000 0.5000000000
51590  25.540  -39.830  -0.112 0.8000000119
53007  26.062  -39.141  -0.398 0.8000000119
54392  27.831  -37.978  -3.070 0.6999999881
54368  26.970  -38.045  -1.209 0.6999999881
43359  7.793  -44.268  -4.947 0.3000000119
55744  27.062  -37.384  -6.908 0.4000000060
57159  23.469  -36.891  -8.188 0.5000000000
44750  8.483  -43.961  -7.158 0.3000000119
53054  27.833  -38.898  -2.707 0.6999999881
42018  20.093  -45.144  0.589 0.5000000000
50199  27.973  -40.519  -3.059 0.6999999881
47422  27.839  -41.808  -4.120 0.4000000060
48808  27.816  -41.275  -4.480 0.4000000060
50231  27.333  -40.603  -5.529 0.2000000030
54421  27.720  -38.001  -5.843 0.6000000238
57156  25.770  -36.314  -7.875 0.5000000000
1592  16.791  -78.319  6.143 0.4000000060
620  15.625  -80.152  4.028 0.5000000000
869  15.024  -79.053  4.482 0.6000000238
1621  15.013  -77.912  3.435 0.5000000000
1203  15.195  -78.252  4.985 0.5000000000
534  21.123  -80.671  -12.853 0.3000000119
785  22.429  -80.132  -13.889 0.1000000015
235  20.879  -80.861  -18.101 0.1000000015
375  21.105  -80.163  -17.191 0.1000000015
233  21.651  -80.781  -17.720 0.1000000015
82  21.105  -81.275  -16.610 0.1000000015
372  22.015  -80.696  -17.117 0.1000000015
215  22.035  -80.894  -15.522 0.1000000015
2031  18.800  -77.267  8.137 0.4000000060
1199  18.327  -78.542  5.189 0.5000000000
624  18.078  -79.755  2.408 0.5000000000
872  17.323  -79.654  3.963 0.5000000000
1068  22.919  -79.598  -13.937 0.1000000015
1086  23.110  -79.049  -15.880 0.1000000015
586  20.527  -79.885  -18.946 0.1000000015
823  20.620  -79.877  -17.861 0.1000000015
569  20.899  -79.942  -16.677 0.1000000015
560  22.821  -79.942  -16.357 0.1000000015
811  22.918  -79.484  -16.518 0.1000000015
566  22.630  -79.965  -17.403 0.1000000015
814  22.769  -79.626  -17.232 0.1000000015
578  22.051  -80.063  -18.360 0.1000000015
866  18.029  -79.249  4.333 0.5000000000
609  14.230  -78.952  6.364 0.5000000000
1116  22.615  -79.177  -17.846 0.1000000015
1097  23.013  -78.978  -16.654 0.2000000030
1871  23.057  -77.967  -17.008 0.2000000030
1123  22.119  -79.395  -18.739 0.1000000015
1138  21.470  -79.551  -20.338 0.1000000015
1933  19.278  -78.259  -20.832 0.1000000015
2415  19.837  -77.245  -20.380 0.1000000015
1499  20.566  -78.553  -20.813 0.1000000015
1911  20.409  -77.673  -20.290 0.1000000015
3496  19.731  -76.223  -20.669 0.1000000015
3516  19.336  -75.994  -22.202 0.2000000030
3604  20.582  -74.858  14.052 0.2000000030
1521  16.629  -77.724  13.670 0.3000000119
2357  23.458  -77.062  -16.401 0.3000000119
1117  22.236  -78.935  -18.395 0.1000000015
1882  22.194  -77.969  -18.371 0.1000000015
1895  21.771  -77.815  -19.096 0.1000000015
1488  21.259  -78.463  -20.174 0.1000000015
2873  22.648  -76.433  -17.738 0.2000000030
2379  21.956  -77.230  -18.626 0.1000000015
2904  20.085  -76.600  -20.143 0.1000000015
3484  20.839  -76.190  -19.722 0.1000000015
2391  21.527  -77.183  -19.120 0.1000000015
3472  21.971  -75.906  -18.879 0.2000000030
3494  21.015  -75.774  -20.403 0.1000000015
3483  21.559  -75.769  -19.694 0.3000000119
3495  20.214  -76.137  -20.384 0.1000000015
3514  20.807  -75.767  -21.832 0.1000000015
3524  19.775  -76.020  -22.646 0.2000000030
3523  20.544  -75.943  -22.498 0.2000000030
5367  18.745  -72.563  21.068 0.1000000015
2849  23.521  -76.483  -16.078 0.3000000119
2861  23.036  -76.222  -17.164 0.3000000119
3981  23.897  -75.185  -15.099 0.3000000119
3415  23.575  -75.869  -15.700 0.3000000119
3462  22.995  -75.574  -17.742 0.3000000119
3492  22.725  -75.542  -20.638 0.3000000119
3481  23.358  -75.333  -19.984 0.3000000119
3463  22.442  -75.950  -18.235 0.3000000119
4055  23.100  -75.155  -18.830 0.3000000119
3493  21.846  -75.583  -20.467 0.2000000030
16492  7.537  -62.069  13.918 0.6000000238
32567  23.176  -51.128  -0.439 0.1000000015
32529  22.881  -50.304  0.706 0.1000000015
32655  23.250  -51.168  -2.918 0.1000000015
32598  23.628  -50.878  -1.921 0.1000000015
37902  21.304  -48.221  2.601 0.1000000015
37904  20.331  -47.591  3.083 0.1000000015
35198  22.677  -49.236  1.236 0.1000000015
33950  23.886  -50.325  -1.234 0.1000000015
35252  24.334  -49.546  -1.986 0.1000000015
33993  23.823  -50.269  -3.334 0.1000000015
32706  22.533  -50.493  -4.458 0.1000000015
39286  18.055  -47.439  5.149 0.1000000015
39315  19.140  -46.971  3.776 0.1000000015
41963  14.629  -44.701  4.740 0.3000000119
41965  13.026  -45.438  4.580 0.4000000060
39326  19.326  -46.383  3.123 0.2000000030
40677  18.626  -45.697  3.034 0.2000000030
36570  22.696  -48.565  1.165 0.1000000015
37916  21.439  -47.866  2.287 0.1000000015
39336  20.854  -47.063  2.234 0.1000000015
39335  21.748  -47.368  1.840 0.1000000015
35217  23.881  -49.158  -0.125 0.1000000015
37955  23.418  -48.094  0.636 0.1000000015
36591  24.166  -48.495  -0.201 0.1000000015
35251  24.804  -48.759  -1.741 0.1000000015
35295  24.514  -49.075  -3.541 0.1000000015
35309  23.629  -49.353  -4.757 0.1000000015
34047  22.881  -49.711  -5.016 0.1000000015
35323  22.003  -49.307  -5.640 0.1000000015
36701  24.367  -48.270  -4.775 0.1000000015
43214  14.897  -44.228  4.275 0.5000000000
40705  24.082  -46.138  0.369 0.3000000119
40704  24.702  -45.874  -0.049 0.1000000015
39346  23.502  -47.234  0.759 0.1000000015
37954  23.859  -47.895  0.292 0.1000000015
39367  24.477  -46.747  -0.097 0.1000000015
39348  22.330  -47.268  1.354 0.1000000015
40694  20.739  -46.200  1.543 0.2000000030
40687  19.364  -45.747  2.138 0.2000000030
40696  19.646  -45.708  1.837 0.2000000030
41995  18.700  -45.000  1.888 0.2000000030
37970  25.028  -47.517  -1.040 0.1000000015
36645  25.112  -48.232  -2.324 0.1000000015
38048  24.718  -47.757  -4.584 0.1000000015
38049  24.198  -47.743  -5.160 0.1000000015
40800  23.749  -46.260  -5.845 0.1000000015
43271  23.265  -44.603  0.572 0.3000000119
39350  21.151  -46.581  1.655 0.1000000015
40744  25.971  -45.674  -1.466 0.2000000030
42034  25.130  -45.478  -0.451 0.3000000119
38030  25.405  -47.173  -3.734 0.1000000015
40763  26.086  -45.717  -1.975 0.2000000030
40772  25.882  -46.274  -3.079 0.1000000015
42102  25.536  -45.383  -4.995 0.1000000015
40789  24.975  -46.134  -5.162 0.1000000015
40799  24.428  -45.917  -5.556 0.1000000015
42114  23.496  -45.254  -6.216 0.1000000015
43272  22.270  -44.473  0.475 0.6000000238
44566  24.605  -43.963  0.111 0.5000000000
43304  25.963  -44.639  -1.100 0.5000000000
43289  25.441  -44.667  -0.636 0.5000000000
43340  26.601  -44.613  -2.573 0.2000000030
42085  26.359  -45.206  -2.991 0.2000000030
42093  26.247  -45.343  -3.823 0.1000000015
44639  26.692  -44.338  -3.911 0.2000000030
44628  27.060  -43.723  -2.562 0.5000000000
44653  26.598  -44.120  -4.442 0.2000000030
42103  24.805  -45.365  -5.447 0.1000000015
44672  25.410  -43.880  -5.728 0.2000000030
43394  24.288  -44.495  -6.088 0.1000000015
44699  24.458  -43.498  -6.245 0.2000000030
44700  23.956  -43.967  -6.421 0.1000000015
47470  25.222  -42.232  -6.116 0.2000000030
43428  23.140  -43.840  -6.665 0.1000000015
44733  22.940  -43.381  -6.794 0.1000000015
46055  23.383  -42.680  -6.849 0.2000000030
47490  22.266  -41.932  -7.259 0.2000000030
44568  22.990  -43.713  0.430 0.6000000238
45912  23.588  -42.978  0.319 0.6999999881
45911  24.425  -43.106  0.262 0.6999999881
45910  25.087  -43.336  -0.052 0.6999999881
47362  25.957  -42.191  -0.484 0.5000000000
47363  25.528  -42.239  -0.252 0.6000000238
44579  25.875  -44.046  -0.829 0.5000000000
47361  26.480  -41.734  -0.707 0.6999999881
45938  26.851  -43.073  -1.491 0.6000000238
44593  26.434  -43.698  -1.296 0.6000000238
43321  26.495  -44.347  -1.793 0.3000000119
47390  27.289  -42.358  -1.745 0.6000000238
47377  26.401  -42.423  -0.781 0.6000000238
48764  27.207  -41.452  -1.557 0.6000000238
45955  27.548  -42.465  -2.444 0.6000000238
47408  27.808  -41.805  -3.412 0.5000000000
45973  27.457  -43.020  -3.806 0.3000000119
46001  26.901  -42.477  -5.293 0.3000000119
43278  6.972  -44.763  0.066 0.4000000060
50239  26.784  -40.574  -5.943 0.3000000119
48832  25.690  -41.437  -6.273 0.2000000030
50251  25.084  -40.403  -6.910 0.2000000030
48850  23.705  -41.163  -7.232 0.2000000030
50252  24.214  -40.329  -7.315 0.2000000030
47489  23.114  -41.889  -7.170 0.2000000030
51733  22.864  -39.415  -7.476 0.2000000030
51735  21.410  -39.787  -7.236 0.2000000030
53026  27.056  -38.987  -1.184 0.6999999881
51633  27.839  -39.815  -2.420 0.6999999881
48763  27.524  -41.221  -1.978 0.6000000238
51619  27.385  -40.072  -1.605 0.6999999881
53100  26.914  -38.759  -6.544 0.4000000060
53119  25.537  -39.142  -7.226 0.3000000119
53117  26.542  -38.558  -6.804 0.4000000060
54469  24.247  -37.956  -7.758 0.3000000119
54468  24.962  -37.921  -7.704 0.5000000000
53141  23.196  -38.676  -7.581 0.3000000119
54471  22.847  -38.010  -7.703 0.3000000119
54474  20.686  -37.975  -7.307 0.2000000030
55762  23.230  -37.449  -7.964 0.4000000060
55765  21.094  -37.214  -7.493 0.2000000030
57161  21.793  -36.658  -8.107 0.3000000119
54457  19.281  -37.971  -6.944 0.2000000030
57163  20.640  -36.691  -7.358 0.2000000030
53041  27.244  -38.392  -1.603 0.6999999881
55745  26.284  -37.232  -7.424 0.4000000060
55759  25.504  -37.169  -7.760 0.5000000000
44633  8.512  -43.384  -3.060 0.3000000119
226069  9.887  -43.656  -5.211 0.1000000015
54460  17.444  -37.819  -7.448 0.1000000015
57143  20.048  -36.198  -7.063 0.3000000119
57145  18.459  -36.392  -6.649 0.2000000030
55751  17.383  -37.132  -7.622 0.2000000030
50300  14.819  -40.507  -8.524 0.1000000015
48898  15.024  -41.165  -8.237 0.1000000015
47514  11.714  -42.162  -7.891 0.2000000030
44764  10.295  -43.318  -7.441 0.2000000030
57165  17.313  -36.350  -7.692 0.3000000119
51745  14.474  -39.662  -8.733 0.1000000015
48901  12.639  -40.976  -8.315 0.2000000030
474  12.294  -79.832  -6.455 0.2000000030
738  12.518  -79.194  -7.310 0.2000000030
507  13.568  -79.750  -8.275 0.2000000030
6930  24.632  -71.184  8.365 0.4000000060
6941  23.842  -71.140  7.434 0.3000000119
5548  23.834  -72.389  6.433 0.4000000060
6220  24.098  -72.362  7.040 0.3000000119
5551  24.104  -73.166  6.340 0.4000000060
6226  23.560  -72.007  6.151 0.4000000060
5560  23.620  -72.643  5.537 0.4000000060
5561  23.323  -72.356  5.166 0.4000000060
4912  22.898  -73.226  4.201 0.5000000000
5575  22.629  -72.509  4.009 0.4000000060
4918  22.398  -73.235  3.772 0.5000000000
4297  22.102  -74.006  3.704 0.5000000000
5578  20.983  -72.693  3.285 0.5000000000
4934  19.998  -73.087  3.196 0.5000000000
4299  20.831  -73.976  3.497 0.5000000000
6286  18.868  -71.835  1.922 0.6000000238
5606  18.657  -72.575  2.212 0.5000000000
4948  18.786  -73.351  2.599 0.5000000000
4347  16.646  -74.164  0.214 0.5000000000
3772  16.045  -74.364  -1.066 0.5000000000
6300  19.020  -71.213  1.593 0.6000000238
7072  17.778  -71.001  -0.244 0.6000000238
6301  18.291  -71.642  1.351 0.6000000238
5620  17.710  -72.394  1.018 0.5000000000
4991  16.759  -73.201  -0.664 0.6000000238
4363  16.440  -73.991  -0.548 0.5000000000
7840  17.962  -70.312  -0.611 0.6000000238
2533  19.674  -76.378  8.408 0.3000000119
6948  23.458  -71.234  6.820 0.4000000060
4890  24.257  -73.595  6.760 0.3000000119
4283  23.982  -74.161  5.079 0.4000000060
6227  23.169  -71.640  5.789 0.4000000060
4288  23.606  -74.023  4.641 0.5000000000
6256  22.420  -71.907  3.803 0.4000000060
4296  22.709  -73.961  3.986 0.5000000000
5588  21.769  -72.026  3.090 0.5000000000
6285  19.625  -71.433  1.950 0.6000000238
4308  19.713  -73.875  3.259 0.5000000000
4331  17.441  -74.336  1.431 0.5000000000
3738  17.112  -75.032  1.408 0.5000000000
7059  18.851  -70.510  0.860 0.6000000238
4319  18.492  -74.150  2.476 0.5000000000
4962  17.268  -73.646  0.948 0.5000000000
4320  17.946  -74.214  1.945 0.5000000000
7839  18.463  -69.751  -0.449 0.6000000238
5190  27.978  -73.657  -14.028 0.5000000000
3957  28.684  -74.561  -13.807 0.6000000238
3975  28.918  -74.695  -14.615 0.5000000000
2836  29.572  -76.437  -15.885 0.6999999881
2858  29.946  -75.785  -16.714 0.6999999881
4228  19.421  -73.824  9.967 0.2000000030
7705  24.419  -70.376  8.407 0.2000000030
6929  24.996  -70.927  8.705 0.2000000030
3642  19.329  -74.683  8.869 0.3000000119
3081  19.511  -75.660  7.928 0.3000000119
7714  23.914  -70.621  7.865 0.3000000119
6204  24.964  -71.616  8.585 0.3000000119
5529  24.515  -72.559  7.861 0.3000000119
6247  22.640  -71.759  4.414 0.4000000060
6257  22.093  -71.503  3.385 0.5000000000
4272  24.309  -74.350  6.136 0.4000000060
3693  23.204  -74.673  4.215 0.4000000060
6267  21.745  -71.401  2.579 0.4000000060
2604  16.980  -76.340  1.573 0.5000000000
6268  21.017  -71.760  2.475 0.5000000000
7024  20.519  -71.109  1.773 0.6000000238
3702  21.104  -74.733  3.529 0.5000000000
3704  19.959  -74.523  3.363 0.5000000000
3147  17.243  -75.838  1.657 0.5000000000
3722  17.652  -75.082  1.855 0.5000000000
2106  17.181  -77.031  1.637 0.5000000000
7042  19.299  -70.666  1.260 0.6000000238
3709  19.471  -74.727  3.113 0.5000000000
3721  18.318  -75.004  2.266 0.5000000000
7803  19.236  -70.189  0.849 0.6000000238
6565  26.318  -72.023  -13.421 0.5000000000
5192  27.312  -73.053  -13.685 0.5000000000
5172  27.118  -72.999  -13.155 0.5000000000
5866  26.779  -72.122  -14.320 0.5000000000
4568  28.403  -74.038  -14.689 0.5000000000
3995  28.996  -74.471  -15.231 0.5000000000
3413  29.771  -75.382  -15.630 0.6000000238
3429  30.195  -75.310  -16.427 0.6000000238
2859  29.659  -75.919  -17.332 0.6999999881
3445  30.225  -75.359  -17.181 0.6000000238
3458  29.705  -75.605  -17.978 0.6999999881
2890  28.873  -75.994  -19.505 0.5000000000
4064  29.201  -74.831  -20.041 0.5000000000
4067  28.381  -74.941  -20.875 0.3000000119
3003  16.277  -75.288  16.024 0.1000000015
3575  16.144  -75.117  17.013 0.2000000030
3013  16.212  -75.757  15.564 0.2000000030
3618  20.410  -74.526  12.675 0.1000000015
3625  20.150  -74.437  11.938 0.1000000015
4806  20.582  -73.082  12.702 0.1000000015
4220  19.673  -73.933  10.729 0.1000000015
5481  19.665  -72.712  10.818 0.1000000015
4847  19.415  -73.213  9.965 0.2000000030
6883  19.858  -71.353  10.325 0.2000000030
6911  26.151  -70.741  9.055 0.2000000030
3636  19.416  -74.533  9.623 0.3000000119
6163  19.717  -71.692  9.829 0.3000000119
6183  25.835  -71.408  9.087 0.3000000119
5511  25.373  -72.060  8.967 0.3000000119
4859  19.131  -73.569  8.843 0.3000000119
4876  19.145  -73.639  8.319 0.3000000119
4875  19.323  -73.088  8.584 0.3000000119
4886  19.514  -73.403  7.680 0.3000000119
7715  23.342  -70.364  7.451 0.3000000119
3662  19.396  -74.876  7.579 0.3000000119
1576  20.105  -77.319  6.600 0.3000000119
6949  22.950  -70.912  6.494 0.4000000060
7725  22.192  -70.457  5.980 0.4000000060
4872  24.688  -73.081  8.297 0.3000000119
4250  24.806  -73.356  8.663 0.3000000119
3090  19.751  -75.535  6.628 0.3000000119
7721  22.470  -70.310  6.602 0.3000000119
4881  24.388  -73.368  7.664 0.3000000119
4265  24.322  -74.473  6.738 0.4000000060
6986  21.991  -70.708  3.969 0.4000000060
3691  24.239  -75.128  5.047 0.5000000000
2572  23.335  -76.294  4.182 0.5000000000
883  18.485  -79.233  2.180 0.5000000000
3700  22.470  -74.791  3.827 0.5000000000
3124  22.893  -75.693  3.919 0.5000000000
3145  18.207  -75.851  2.070 0.5000000000
2596  18.042  -76.586  1.903 0.5000000000
1227  18.263  -78.556  1.848 0.5000000000
3127  20.708  -75.423  3.420 0.5000000000
3135  18.792  -75.769  2.444 0.5000000000
2100  18.313  -77.307  1.925 0.5000000000
1632  18.016  -77.879  1.753 0.5000000000
7040  20.840  -70.734  1.409 0.6000000238
3128  20.022  -75.338  3.259 0.5000000000
8629  19.213  -69.473  0.072 0.5000000000
7328  26.538  -70.788  -14.897 0.4000000060
6580  26.103  -71.504  -13.833 0.5000000000
6566  25.698  -71.458  -12.941 0.5000000000
5842  26.201  -72.134  -12.795 0.5000000000
6588  27.139  -71.869  -15.000 0.4000000060
5211  28.678  -73.608  -15.610 0.5000000000
4580  29.549  -74.139  -15.843 0.5000000000
4592  30.144  -74.056  -16.249 0.5000000000
3428  30.508  -75.109  -16.872 0.5000000000
4040  30.481  -74.857  -17.974 0.4000000060
3476  29.842  -75.034  -19.103 0.5000000000
4641  28.270  -74.301  -20.454 0.3000000119
4152  16.175  -74.516  17.855 0.2000000030
4144  16.378  -73.840  18.152 0.2000000030
3012  16.474  -75.220  15.378 0.2000000030
3583  16.507  -74.695  16.218 0.2000000030
3021  16.438  -75.704  14.489 0.2000000030
4193  21.165  -74.186  14.087 0.1000000015
4186  21.877  -73.561  14.904 0.1000000015
3043  20.303  -75.153  12.939 0.1000000015
4194  20.887  -74.339  13.615 0.1000000015
4797  21.415  -73.308  14.099 0.1000000015
4805  21.001  -73.195  13.359 0.1000000015
5442  20.870  -72.481  13.039 0.1000000015
4214  20.118  -73.741  11.896 0.1000000015
5451  20.360  -72.504  12.190 0.1000000015
7691  26.400  -70.049  8.980 0.2000000030
8523  25.403  -69.763  8.909 0.2000000030
5461  20.047  -72.704  11.679 0.1000000015
7690  27.107  -70.109  8.855 0.2000000030
7637  20.516  -70.558  11.188 0.2000000030
8500  21.236  -69.734  11.262 0.1000000015
8540  24.913  -69.381  8.738 0.2000000030
6910  26.811  -70.715  8.996 0.2000000030
6900  20.001  -71.135  10.024 0.2000000030
7656  21.186  -69.917  10.792 0.2000000030
6181  27.313  -71.358  9.074 0.2000000030
6189  19.863  -71.666  9.145 0.2000000030
5509  26.846  -72.008  9.344 0.2000000030
6208  20.645  -71.803  8.423 0.3000000119
7716  22.788  -70.101  7.150 0.3000000119
4871  25.115  -72.870  8.797 0.3000000119
4843  26.128  -72.683  9.759 0.3000000119
6207  21.331  -71.911  8.464 0.3000000119
4893  20.006  -73.551  6.945 0.3000000119
4251  24.314  -73.835  8.338 0.3000000119
4225  24.957  -73.414  9.862 0.3000000119
4846  24.134  -73.195  10.011 0.2000000030
5480  24.303  -72.273  10.439 0.3000000119
4275  21.054  -74.320  6.278 0.3000000119
3670  20.062  -74.431  6.504 0.3000000119
1587  20.242  -77.477  6.241 0.4000000060
7734  21.556  -70.233  4.647 0.4000000060
3652  24.112  -74.458  7.882 0.3000000119
3653  23.959  -74.400  8.202 0.3000000119
4253  23.072  -73.790  8.637 0.3000000119
2553  20.515  -76.155  5.938 0.4000000060
2061  20.593  -76.827  5.909 0.4000000060
1208  18.865  -79.016  4.331 0.4000000060
3116  24.288  -75.595  5.214 0.5000000000
3666  24.148  -74.894  6.990 0.5000000000
3667  23.653  -74.958  7.109 0.4000000060
1207  19.798  -78.786  4.389 0.4000000060
6996  21.920  -70.720  3.097 0.4000000060
1220  20.254  -78.195  3.212 0.5000000000
1215  19.580  -78.953  3.583 0.4000000060
7022  21.694  -70.753  1.956 0.4000000060
3126  21.393  -75.525  3.497 0.5000000000
2589  20.476  -76.488  3.201 0.5000000000
2093  20.404  -77.136  3.185 0.5000000000
1624  20.052  -77.818  3.035 0.5000000000
1221  19.894  -78.451  3.052 0.5000000000
7038  21.713  -70.508  1.678 0.4000000060
2582  20.415  -75.966  3.220 0.5000000000
2590  19.954  -76.329  3.002 0.5000000000
2095  19.189  -77.319  2.390 0.5000000000
1630  19.012  -78.041  2.279 0.5000000000
8627  20.914  -69.038  0.162 0.4000000060
7801  20.545  -70.285  1.039 0.4000000060
12137  26.427  -66.009  -11.416 0.2000000030
11290  27.378  -66.276  -11.000 0.1000000015
11264  27.575  -66.752  -9.525 0.1000000015
12167  26.419  -65.493  -12.380 0.1000000015
11291  26.447  -66.195  -10.798 0.2000000030
11265  26.851  -66.534  -9.310 0.2000000030
12180  25.798  -65.959  -13.614 0.2000000030
11341  25.337  -66.914  -13.762 0.3000000119
10486  24.813  -67.174  -12.635 0.2000000030
10476  24.786  -67.044  -12.011 0.2000000030
10458  24.557  -67.404  -10.692 0.3000000119
10520  25.688  -67.627  -14.520 0.2000000030
8869  25.172  -69.452  -13.727 0.4000000060
8063  24.480  -69.231  -12.047 0.4000000060
8882  26.381  -69.116  -15.079 0.2000000030
8109  26.962  -70.409  -15.393 0.3000000119
5212  28.145  -73.275  -15.336 0.5000000000
6597  28.087  -71.365  -15.809 0.3000000119
5224  28.440  -72.586  -15.917 0.3000000119
7441  26.762  -70.811  -21.221 0.2000000030
4593  29.566  -73.714  -16.018 0.4000000060
5965  27.304  -72.574  -21.845 0.4000000060
4050  30.415  -74.580  -18.732 0.5000000000
4640  28.836  -74.458  -20.109 0.3000000119
4642  27.720  -73.654  -20.354 0.3000000119
4619  30.389  -73.971  -19.198 0.3000000119
5275  29.496  -73.857  -19.506 0.3000000119
1830  11.062  -77.884  -12.906 0.2000000030
5277  28.408  -73.476  -19.451 0.3000000119
2350  14.814  -76.871  -15.544 0.4000000060
2364  14.295  -77.614  -16.185 0.3000000119
4137  15.919  -74.032  19.291 0.2000000030
4732  16.086  -73.431  19.397 0.2000000030
4151  16.416  -74.160  17.651 0.2000000030
4742  16.413  -73.458  18.551 0.2000000030
3592  16.922  -74.413  15.508 0.2000000030
4764  16.878  -73.601  17.387 0.2000000030
4779  22.358  -73.110  15.724 0.1000000015
3030  16.510  -75.767  13.558 0.2000000030
3600  16.829  -74.881  14.717 0.2000000030
5420  22.322  -72.367  15.404 0.1000000015
5426  21.974  -72.229  14.798 0.1000000015
5435  21.241  -72.469  13.604 0.1000000015
6087  21.827  -71.656  14.331 0.1000000015
6088  21.492  -71.718  13.814 0.1000000015
6822  22.090  -70.869  14.323 0.1000000015
6097  21.064  -71.675  13.079 0.1000000015
6833  21.610  -70.862  13.560 0.1000000015
6847  20.767  -71.060  12.318 0.1000000015
6846  21.149  -70.790  12.731 0.1000000015
8453  22.120  -69.520  13.086 0.1000000015
6863  20.859  -70.540  12.138 0.1000000015
7620  21.362  -69.914  12.339 0.1000000015
8450  24.461  -68.868  13.398 0.1000000015
8483  21.942  -69.228  11.670 0.2000000030
9301  23.725  -68.530  12.340 0.1000000015
8498  22.338  -69.278  10.996 0.2000000030
9315  23.419  -68.614  11.881 0.1000000015
6180  27.917  -71.772  9.143 0.2000000030
6898  21.090  -70.581  9.664 0.2000000030
8497  23.196  -69.354  10.913 0.2000000030
6179  28.585  -72.054  9.162 0.2000000030
7675  22.263  -70.276  10.056 0.2000000030
7653  23.567  -70.269  10.522 0.2000000030
5508  27.488  -72.112  9.427 0.2000000030
4834  26.629  -72.669  10.248 0.1000000015
6878  25.653  -71.054  11.038 0.2000000030
6880  24.171  -71.026  10.608 0.2000000030
6161  23.260  -71.602  9.964 0.2000000030
4837  25.021  -72.955  10.591 0.1000000015
6139  25.280  -71.794  10.958 0.1000000015
5494  23.095  -72.192  9.644 0.3000000119
5530  22.229  -72.627  8.532 0.3000000119
4882  22.425  -73.312  7.915 0.3000000119
3676  21.401  -74.819  6.029 0.4000000060
2564  21.340  -76.506  5.497 0.4000000060
2549  23.943  -76.155  5.726 0.5000000000
3089  22.943  -75.021  6.540 0.5000000000
3109  21.857  -75.906  5.583 0.5000000000
1600  21.638  -77.567  4.941 0.5000000000
1614  20.800  -78.154  5.003 0.4000000060
2071  22.871  -76.944  4.973 0.5000000000
2072  22.083  -76.968  5.173 0.5000000000
1612  21.716  -77.735  4.389 0.5000000000
1205  20.886  -78.271  4.438 0.5000000000
7769  21.664  -70.073  2.827 0.4000000060
2579  22.455  -76.359  3.641 0.5000000000
2087  22.128  -77.104  3.791 0.5000000000
1622  20.956  -77.680  3.479 0.5000000000
8808  30.208  -69.051  -10.254 0.1000000015
8798  30.685  -69.569  -9.505 0.1000000015
10455  29.182  -67.880  -10.444 0.1000000015
8799  29.928  -68.972  -9.189 0.1000000015
11306  28.863  -66.722  -11.312 0.1000000015
11289  28.174  -66.716  -10.873 0.1000000015
11273  28.367  -67.093  -10.351 0.1000000015
10432  28.560  -67.635  -9.030 0.1000000015
12153  27.944  -65.643  -11.662 0.1000000015
13102  27.333  -65.166  -12.171 0.1000000015
10433  27.992  -67.069  -9.089 0.2000000030
11266  26.078  -66.517  -9.115 0.2000000030
11249  25.922  -66.646  -8.374 0.3000000119
11278  24.949  -66.910  -9.415 0.4000000060
11353  26.091  -66.920  -14.752 0.3000000119
9618  24.348  -68.263  -11.187 0.4000000060
10444  24.491  -67.544  -9.619 0.4000000060
10536  26.966  -67.606  -15.396 0.2000000030
8901  26.992  -69.544  -15.431 0.2000000030
6616  28.789  -71.438  -16.065 0.3000000119
5884  29.770  -72.311  -16.283 0.4000000060
7442  26.309  -71.132  -20.834 0.2000000030
5883  30.675  -72.380  -16.341 0.2000000030
5222  30.017  -73.144  -16.290 0.2000000030
6683  25.861  -71.321  -19.707 0.2000000030
4590  31.492  -73.746  -17.003 0.2000000030
4591  31.130  -73.890  -16.663 0.4000000060
4610  31.206  -74.063  -18.023 0.4000000060
5960  27.371  -72.681  -20.946 0.3000000119
5255  31.410  -73.144  -18.675 0.2000000030
5953  27.449  -72.607  -20.245 0.3000000119
5256  30.685  -73.254  -18.958 0.2000000030
5258  28.890  -73.122  -19.003 0.2000000030
5259  28.168  -72.893  -19.079 0.2000000030
1865  14.520  -77.661  -16.690 0.3000000119
5387  17.031  -72.274  18.867 0.2000000030
4722  16.218  -72.989  19.611 0.2000000030
5398  17.443  -72.253  17.904 0.3000000119
4180  17.215  -73.882  15.541 0.3000000119
4160  17.104  -73.582  16.709 0.2000000030
4752  17.034  -73.076  17.782 0.2000000030
3613  17.172  -74.609  13.376 0.3000000119
4195  17.432  -73.886  14.360 0.3000000119
4781  17.530  -73.267  15.531 0.3000000119
2499  16.075  -76.220  12.221 0.3000000119
3620  16.793  -75.268  12.358 0.3000000119
4203  17.431  -73.999  13.632 0.4000000060
6071  22.285  -71.770  15.183 0.1000000015
3052  16.233  -75.902  11.725 0.3000000119
3061  15.308  -76.114  10.540 0.4000000060
3066  16.055  -75.492  10.720 0.4000000060
6815  22.314  -71.017  14.811 0.1000000015
7582  23.103  -70.134  14.787 0.1000000015
7568  24.700  -70.066  15.743 0.1000000015
3077  13.664  -75.735  9.384 0.4000000060
8424  23.921  -69.529  14.590 0.1000000015
8452  22.700  -69.275  13.364 0.1000000015
7579  25.152  -69.635  15.042 0.1000000015
8423  24.660  -69.378  14.528 0.1000000015
7591  26.078  -69.384  14.068 0.1000000015
8449  25.216  -68.911  13.154 0.1000000015
9299  24.972  -68.722  12.266 0.1000000015
8480  24.405  -69.095  11.423 0.2000000030
7634  25.762  -69.781  11.325 0.2000000030
7652  24.475  -70.287  10.795 0.2000000030
8495  24.810  -69.617  11.057 0.2000000030
5475  27.976  -72.130  10.592 0.1000000015
6876  26.987  -71.079  11.138 0.1000000015
7650  26.047  -70.413  11.096 0.2000000030
5489  27.712  -72.393  10.041 0.2000000030
5477  26.433  -72.351  10.806 0.1000000015
6137  26.789  -71.665  10.987 0.1000000015
7261  33.381  -71.288  -11.032 0.1000000015
8044  33.248  -70.091  -11.963 0.1000000015
8026  32.299  -70.463  -11.063 0.1000000015
7262  32.745  -71.112  -10.693 0.1000000015
8832  32.281  -69.043  -11.733 0.1000000015
8027  31.670  -70.019  -10.895 0.1000000015
8019  31.687  -70.356  -10.059 0.1000000015
9633  31.301  -68.233  -11.560 0.1000000015
9634  30.591  -68.382  -11.448 0.1000000015
8816  30.693  -69.082  -11.065 0.1000000015
8807  30.750  -69.457  -10.357 0.1000000015
8013  31.297  -70.172  -9.408 0.1000000015
10454  29.521  -67.969  -11.046 0.1000000015
8788  30.422  -69.484  -8.693 0.1000000015
11305  29.779  -66.825  -11.511 0.1000000015
12151  29.513  -65.951  -11.512 0.1000000015
8789  29.965  -69.265  -8.227 0.1000000015
9586  28.998  -68.374  -7.838 0.1000000015
13100  28.457  -65.015  -11.821 0.1000000015
13128  26.897  -64.954  -13.374 0.1000000015
9596  28.722  -67.976  -8.300 0.1000000015
10419  28.272  -67.582  -8.149 0.2000000030
13127  27.317  -64.698  -12.926 0.1000000015
14150  27.066  -64.909  -13.924 0.1000000015
10405  27.933  -67.569  -6.708 0.3000000119
11228  26.812  -66.857  -7.378 0.4000000060
11250  25.225  -66.815  -8.228 0.4000000060
10386  26.881  -67.353  -5.552 0.4000000060
12216  27.072  -66.544  -15.290 0.1000000015
11230  25.574  -66.832  -6.958 0.4000000060
11231  24.843  -67.069  -6.760 0.4000000060
9697  27.974  -68.382  -15.672 0.1000000015
7338  28.773  -70.300  -15.825 0.2000000030
8106  28.970  -69.603  -15.730 0.1000000015
6615  29.527  -71.485  -16.153 0.2000000030
6675  25.720  -71.202  -18.975 0.3000000119
6676  25.086  -71.727  -18.442 0.3000000119
6657  24.370  -71.986  -17.853 0.4000000060
7337  29.435  -70.133  -15.848 0.1000000015
5948  24.463  -72.685  -19.616 0.3000000119
5220  31.807  -73.208  -16.865 0.2000000030
5221  30.904  -73.194  -16.509 0.2000000030
5897  32.549  -72.543  -17.438 0.1000000015
5230  32.018  -73.289  -17.488 0.2000000030
7439  28.134  -70.879  -21.355 0.2000000030
5913  32.198  -72.626  -18.383 0.1000000015
7430  27.811  -71.265  -20.320 0.2000000030
6682  27.580  -71.843  -19.918 0.2000000030
5934  30.268  -72.646  -18.764 0.1000000015
5937  27.948  -72.265  -18.993 0.2000000030
2844  15.516  -76.258  -15.828 0.6000000238
2363  14.877  -77.168  -16.210 0.4000000060
5936  28.600  -72.325  -18.654 0.2000000030
2373  15.503  -77.049  -17.104 0.4000000060
2387  15.047  -77.494  -17.656 0.3000000119
2407  15.634  -76.965  -19.463 0.2000000030
6008  15.237  -71.401  21.928 0.3000000119
4723  15.956  -73.258  19.967 0.2000000030
6021  15.956  -72.020  20.788 0.2000000030
6743  15.472  -70.914  21.790 0.3000000119
5369  15.842  -72.687  20.557 0.2000000030
6748  16.329  -70.879  20.822 0.3000000119
3552  16.302  -74.730  19.473 0.1000000015
6019  16.817  -71.340  19.980 0.3000000119
6758  16.743  -70.692  20.341 0.3000000119
6766  17.445  -70.733  19.306 0.3000000119
5406  17.833  -71.996  17.370 0.4000000060
6056  18.232  -71.342  17.036 0.4000000060
4799  17.682  -73.377  13.843 0.4000000060
4789  17.898  -72.664  15.066 0.3000000119
4217  16.789  -74.549  11.345 0.4000000060
4209  17.383  -74.026  12.872 0.4000000060
3628  16.582  -75.293  11.660 0.4000000060
3068  14.910  -75.748  9.980 0.4000000060
3637  16.125  -74.961  10.291 0.5000000000
3076  14.417  -75.398  9.567 0.5000000000
7566  26.243  -69.683  15.522 0.1000000015
8464  26.311  -69.167  12.482 0.2000000030
8478  26.048  -69.314  11.821 0.2000000030
6860  28.093  -70.404  11.724 0.1000000015
7294  34.461  -70.396  -12.196 0.1000000015
6533  34.308  -71.164  -11.195 0.1000000015
9632  32.089  -68.258  -11.663 0.1000000015
7246  32.112  -71.169  -9.024 0.1000000015
7247  31.472  -70.644  -8.822 0.1000000015
10472  30.960  -67.610  -11.607 0.1000000015
12150  30.360  -66.022  -11.483 0.1000000015
8005  30.405  -69.730  -8.126 0.1000000015
7998  30.130  -69.710  -7.560 0.1000000015
4395  28.760  -73.951  -2.119 0.3000000119
14139  28.133  -64.033  -13.207 0.1000000015
7983  29.906  -69.663  -6.879 0.1000000015
7911  29.883  -69.777  -3.651 0.3000000119
7886  29.575  -70.197  -3.114 0.3000000119
7119  30.023  -70.773  -2.828 0.3000000119
8772  29.120  -68.785  -6.447 0.4000000060
9550  28.698  -68.540  -5.038 0.3000000119
9540  27.561  -68.265  -4.460 0.3000000119
9524  26.935  -68.756  -3.869 0.4000000060
8708  27.929  -69.602  -3.351 0.4000000060
8685  28.154  -70.046  -3.179 0.3000000119
7889  27.579  -70.821  -3.017 0.3000000119
13145  27.501  -65.337  -14.944 0.1000000015
12215  27.596  -66.418  -15.478 0.1000000015
8760  29.459  -69.170  -5.969 0.3000000119
9571  28.680  -68.393  -6.152 0.4000000060
8745  29.431  -69.087  -5.207 0.3000000119
10384  27.982  -67.866  -5.516 0.4000000060
10534  28.322  -67.622  -15.708 0.1000000015
9695  29.468  -68.163  -15.672 0.1000000015
6632  24.346  -71.273  -17.021 0.3000000119
8105  29.629  -69.451  -15.746 0.1000000015
7423  26.124  -70.700  -19.420 0.3000000119
7413  25.972  -70.501  -18.628 0.3000000119
8163  25.526  -70.394  -17.646 0.3000000119
6656  24.865  -71.396  -17.568 0.3000000119
8126  30.630  -70.000  -15.862 0.1000000015
6614  30.384  -71.543  -16.192 0.1000000015
8193  26.544  -70.248  -19.887 0.2000000030
6633  23.581  -71.981  -17.102 0.4000000060
5919  23.364  -72.887  -18.110 0.5000000000
6612  32.166  -71.648  -16.393 0.1000000015
8204  27.051  -70.162  -20.939 0.2000000030
5880  33.052  -71.773  -16.951 0.1000000015
6670  32.464  -71.625  -18.516 0.1000000015
5912  32.476  -72.282  -18.116 0.1000000015
6672  31.589  -72.041  -18.827 0.1000000015
5917  28.667  -71.764  -18.404 0.2000000030
5914  30.615  -72.034  -18.594 0.1000000015
6654  29.617  -71.352  -18.070 0.1000000015
2879  16.559  -76.192  -18.295 0.5000000000
2867  16.519  -76.053  -17.447 0.5000000000
2398  15.208  -77.439  -18.719 0.2000000030
2386  15.800  -77.019  -17.956 0.4000000060
3526  15.346  -75.350  -22.651 0.3000000119
7494  15.551  -70.109  21.900 0.3000000119
4133  15.951  -73.925  20.079 0.2000000030
4713  15.513  -72.828  21.794 0.2000000030
7498  16.451  -70.075  20.940 0.3000000119
7507  16.911  -69.924  20.464 0.3000000119
6775  17.937  -70.829  18.297 0.4000000060
7531  17.745  -70.282  19.110 0.3000000119
6801  18.586  -70.804  16.617 0.4000000060
6793  18.500  -70.657  17.119 0.4000000060
5436  18.199  -71.916  13.948 0.5000000000
6073  18.437  -71.503  15.123 0.5000000000
4828  17.539  -72.562  11.968 0.5000000000
3648  12.761  -74.734  8.737 0.5000000000
3664  12.310  -74.268  7.649 0.5000000000
4281  12.658  -73.654  6.609 0.5000000000
8588  28.744  -69.772  2.464 0.3000000119
7253  32.587  -71.357  -9.635 0.1000000015
10471  31.782  -67.531  -11.616 0.1000000015
13098  30.112  -65.169  -11.471 0.1000000015
6350  33.257  -71.700  -1.940 0.3000000119
5689  31.953  -71.920  -2.495 0.3000000119
5642  31.965  -72.604  -0.113 0.3000000119
4984  30.588  -73.358  -0.717 0.3000000119
6369  32.442  -71.709  -2.896 0.3000000119
7118  30.756  -70.619  -3.276 0.3000000119
6353  30.999  -71.733  -2.316 0.3000000119
5673  30.461  -72.259  -1.997 0.3000000119
5656  31.457  -72.607  -1.483 0.3000000119
5019  29.039  -73.008  -2.256 0.3000000119
8706  29.544  -69.357  -3.954 0.3000000119
7100  29.603  -71.249  -2.529 0.3000000119
6373  28.886  -71.487  -2.600 0.3000000119
5674  29.742  -72.354  -2.120 0.3000000119
6375  27.610  -71.832  -2.940 0.3000000119
12213  28.958  -66.172  -15.701 0.1000000015
7947  30.423  -70.100  -5.543 0.3000000119
8887  19.903  -69.185  -14.833 0.6000000238
8174  26.565  -69.392  -19.034 0.3000000119
5887  22.251  -72.207  -16.765 0.5000000000
2922  15.439  -76.281  -20.895 0.3000000119
8333  14.920  -69.298  22.610 0.2000000030
9173  14.670  -68.706  22.812 0.2000000030
6009  14.915  -71.625  22.280 0.2000000030
6738  14.657  -70.724  22.836 0.3000000119
7489  14.682  -70.078  22.827 0.3000000119
10040  14.558  -67.948  22.688 0.2000000030
5360  15.597  -72.418  21.182 0.2000000030
8332  15.378  -69.305  22.174 0.3000000119
8336  16.286  -69.250  21.257 0.3000000119
9181  16.506  -68.617  21.082 0.3000000119
7517  17.851  -69.740  19.171 0.4000000060
8344  16.801  -69.192  20.731 0.3000000119
7530  17.988  -70.146  18.723 0.4000000060
8364  18.171  -69.316  18.748 0.4000000060
6792  18.713  -70.201  16.784 0.4000000060
7551  18.579  -70.119  17.408 0.4000000060
6080  18.566  -71.070  14.611 0.5000000000
6063  18.727  -70.778  15.678 0.5000000000
7622  18.180  -70.388  12.268 0.6000000238
6884  17.665  -70.849  10.996 0.6000000238
9410  28.445  -69.227  2.448 0.3000000119
8597  28.836  -69.309  2.130 0.3000000119
8596  29.363  -69.751  1.902 0.3000000119
7781  29.884  -70.499  2.041 0.3000000119
5629  31.939  -72.440  0.574 0.3000000119
4969  31.407  -72.833  0.507 0.3000000119
6323  33.467  -71.578  -0.381 0.3000000119
5641  32.531  -72.271  -0.451 0.3000000119
6312  32.744  -71.713  0.623 0.3000000119
5670  32.564  -72.133  -1.738 0.3000000119
5654  32.692  -72.167  -1.082 0.3000000119
6600  22.341  -71.163  -16.026 0.6000000238
10849  13.559  -67.105  23.121 0.2000000030
10029  13.506  -67.991  23.594 0.2000000030
9169  13.715  -68.742  23.700 0.1000000015
8329  14.039  -69.276  23.508 0.1000000015
10848  14.165  -67.342  22.752 0.2000000030
4709  15.044  -72.484  22.523 0.2000000030
10045  15.077  -67.748  22.236 0.2000000030
9188  16.850  -68.292  20.682 0.3000000119
10048  16.476  -67.909  21.129 0.2000000030
9196  17.928  -68.762  19.198 0.4000000060
8380  18.589  -68.945  18.035 0.4000000060
7570  19.048  -69.740  15.587 0.6000000238
7560  18.939  -69.617  16.359 0.4000000060
8394  18.939  -68.778  16.708 0.5000000000
7607  18.645  -69.949  13.230 0.6000000238
7583  19.018  -69.840  14.691 0.6000000238
8404  19.067  -68.972  15.860 0.6000000238
9245  19.004  -68.181  16.029 0.5000000000
7658  17.906  -70.076  11.288 0.6000000238
6901  16.899  -70.802  10.169 0.6000000238
8609  29.464  -69.201  1.418 0.3000000119
7817  31.648  -69.769  0.620 0.3000000119
7836  32.948  -69.769  -0.433 0.3000000119
7055  32.761  -70.421  0.650 0.3000000119
7015  32.142  -70.886  1.238 0.3000000119
7835  33.755  -70.169  -0.467 0.2000000030
7053  33.559  -70.995  0.149 0.3000000119
11344  18.872  -66.695  -13.855 0.6000000238
10030  12.818  -67.816  24.132 0.1000000015
11662  13.074  -66.416  22.950 0.2000000030
8326  13.324  -69.356  24.339 0.1000000015
10015  12.709  -68.334  24.521 0.1000000015
10868  14.063  -66.819  22.604 0.2000000030
5340  14.613  -72.075  23.310 0.1000000015
6000  14.187  -71.479  23.593 0.2000000030
6730  13.384  -70.783  24.694 0.1000000015
4704  15.783  -72.744  23.222 0.1000000015
6739  14.313  -70.697  23.306 0.2000000030
7485  13.896  -69.988  23.787 0.2000000030
4708  15.636  -72.891  22.616 0.1000000015
11670  15.552  -66.623  21.494 0.2000000030
10866  15.416  -67.204  21.841 0.2000000030
9197  17.614  -68.356  19.709 0.3000000119
10888  16.666  -66.848  20.577 0.2000000030
10882  16.348  -67.084  21.027 0.2000000030
10069  18.170  -67.593  18.737 0.4000000060
10892  17.541  -66.750  19.252 0.3000000119
10117  19.065  -67.644  15.399 0.6000000238
9229  18.903  -67.965  16.696 0.4000000060
10133  19.159  -67.928  14.589 0.6000000238
8454  18.859  -69.468  13.456 0.6000000238
8486  18.085  -69.317  11.592 0.6000000238
7638  18.355  -69.805  12.254 0.6000000238
8502  17.085  -69.148  10.981 0.6000000238
6886  15.579  -70.389  10.399 0.6000000238
7661  15.907  -69.700  10.788 0.6000000238
10831  12.538  -67.213  23.902 0.2000000030
11672  14.210  -66.163  22.117 0.2000000030
11671  15.027  -66.518  21.817 0.2000000030
12530  15.609  -65.947  21.058 0.2000000030
11706  16.593  -66.257  20.312 0.2000000030
12551  16.415  -65.615  19.933 0.2000000030
10906  18.279  -66.743  17.781 0.3000000119
11729  17.763  -66.350  18.592 0.3000000119
12566  16.523  -65.199  19.375 0.3000000119
10939  18.963  -66.875  15.436 0.5000000000
11745  18.496  -66.394  16.844 0.5000000000
10949  19.086  -67.184  14.822 0.5000000000
9291  18.955  -68.784  13.350 0.6000000238
10148  19.071  -67.945  13.666 0.6000000238
9303  18.689  -68.724  12.509 0.6000000238
10168  18.574  -68.133  12.399 0.6000000238
10996  18.541  -67.693  12.564 0.6000000238
9318  17.968  -68.519  11.681 0.6000000238
10181  17.570  -67.999  11.795 0.6000000238
9327  16.725  -68.679  11.248 0.6000000238
7640  15.521  -69.552  11.342 0.6000000238
11674  12.732  -65.992  22.695 0.2000000030
12526  12.656  -65.480  22.166 0.2000000030
12525  13.662  -65.700  21.906 0.2000000030
12527  11.747  -65.017  22.198 0.2000000030
12533  13.443  -65.235  21.511 0.2000000030
12532  14.320  -65.521  21.446 0.2000000030
12538  15.037  -65.287  20.812 0.2000000030
12552  15.914  -65.209  20.089 0.2000000030
11756  18.219  -65.584  16.779 0.4000000060
12592  17.772  -65.195  17.269 0.3000000119
12593  17.298  -65.059  17.897 0.3000000119
13526  16.271  -64.660  19.031 0.3000000119
11783  18.964  -66.393  14.634 0.6000000238
11770  18.828  -66.139  15.524 0.6000000238
12601  18.229  -65.086  16.251 0.4000000060
13553  17.540  -64.673  17.092 0.4000000060
13538  16.436  -64.306  18.167 0.3000000119
10964  19.054  -67.145  14.045 0.6000000238
12610  18.715  -65.578  14.936 0.6000000238
12628  18.358  -65.049  14.414 0.6000000238
11805  18.146  -66.446  13.088 0.6000000238
12645  18.355  -65.878  13.732 0.6000000238
10981  18.197  -66.867  12.798 0.6000000238
9320  16.473  -68.439  11.709 0.6000000238
17977  13.535  -61.098  -19.975 0.5000000000
17978  12.800  -61.104  -20.132 0.5000000000
17020  11.545  -61.788  -20.559 0.5000000000
12534  12.820  -64.964  21.500 0.2000000030
13506  13.920  -65.026  21.049 0.2000000030
13514  14.081  -64.610  20.454 0.2000000030
13527  15.505  -64.272  19.158 0.3000000119
13520  15.597  -64.747  19.786 0.3000000119
13555  16.425  -64.002  17.619 0.3000000119
13584  17.911  -64.203  15.645 0.5000000000
13585  17.580  -64.057  16.138 0.5000000000
12646  18.004  -65.485  13.826 0.6000000238
18948  14.136  -60.847  -21.309 0.5000000000
18950  13.166  -60.832  -21.383 0.5000000000
18967  13.667  -60.634  -21.864 0.5000000000
13515  13.220  -64.199  20.391 0.2000000030
13522  13.973  -64.088  19.840 0.2000000030
14562  14.430  -63.957  19.317 0.2000000030
14569  15.399  -63.847  18.620 0.3000000119
14596  15.848  -63.152  16.514 0.4000000060
14583  16.005  -63.597  17.294 0.4000000060
14612  16.455  -63.184  15.832 0.6000000238
13624  16.213  -64.226  14.050 0.6000000238
14645  15.894  -63.610  14.066 0.6000000238
12650  15.040  -64.422  14.244 0.6000000238
18929  15.574  -60.960  -20.099 0.5000000000
18945  16.529  -60.324  -20.929 0.4000000060
18965  15.342  -60.444  -21.729 0.5000000000
14570  14.595  -63.600  18.684 0.2000000030
14577  14.458  -63.066  17.883 0.2000000030
14576  15.291  -63.480  17.947 0.2000000030
15509  15.181  -62.798  16.272 0.3000000119
15500  14.674  -62.788  16.858 0.3000000119
15546  14.779  -62.836  14.151 0.4000000060
15521  15.392  -62.644  15.383 0.5000000000
14664  13.748  -63.293  13.670 0.5000000000
14647  14.285  -63.407  13.869 0.5000000000
15522  14.698  -62.425  15.574 0.3000000119
14649  12.862  -64.005  13.987 0.6000000238
13602  12.688  -64.556  14.632 0.6000000238
12614  12.871  -65.447  15.354 0.6000000238
12636  11.013  -64.993  15.070 0.6000000238
5417  10.764  -71.971  16.622 0.2000000030
7547  9.579  -70.165  18.740 0.2000000030
8384  9.293  -69.203  18.271 0.2000000030
7564  11.076  -69.947  16.922 0.1000000015
9249  10.031  -68.297  16.612 0.1000000015
9264  10.929  -68.330  15.972 0.1000000015
10140  9.758  -67.116  15.289 0.1000000015
11787  6.006  -65.776  14.717 0.2000000030
12641  6.097  -65.074  14.535 0.2000000030
10975  6.365  -66.102  14.060 0.1000000015
12652  6.555  -64.985  13.546 0.2000000030
13653  6.481  -64.030  13.233 0.2000000030
12676  6.712  -64.583  12.540 0.2000000030
21517  11.936  -57.832  9.046 0.5000000000
22563  12.724  -57.301  9.194 0.3000000119
24880  12.256  -55.608  9.218 0.4000000060
32352  17.119  -50.738  10.315 0.1000000015
31090  15.238  -51.943  10.397 0.1000000015
32342  15.558  -51.420  10.455 0.1000000015
31098  14.460  -51.839  10.098 0.1000000015
20484  10.522  -58.665  8.791 0.6000000238
22565  11.417  -57.115  8.806 0.4000000060
24881  11.615  -55.625  9.072 0.4000000060
23696  11.533  -56.361  8.913 0.4000000060
22576  9.437  -57.056  8.156 0.6000000238
28533  12.251  -53.608  9.507 0.1000000015
23707  9.698  -56.357  8.205 0.4000000060
29807  13.290  -52.483  9.855 0.1000000015
29808  12.489  -52.338  9.747 0.1000000015
32355  14.887  -51.099  10.047 0.1000000015
31099  13.632  -51.737  9.916 0.1000000015
22566  10.741  -57.111  8.556 0.6000000238
24883  10.373  -55.397  8.761 0.4000000060
23706  10.321  -56.414  8.488 0.5000000000
27283  10.681  -54.311  8.988 0.4000000060
26054  10.057  -54.856  8.626 0.4000000060
33676  15.786  -50.192  9.914 0.1000000015
32356  13.980  -51.038  9.825 0.1000000015
33679  13.480  -50.305  9.655 0.1000000015
28522  11.625  -52.617  9.637 0.2000000030
28534  11.399  -53.183  9.466 0.3000000119
31100  12.835  -51.644  9.812 0.1000000015
28536  9.805  -52.894  8.956 0.5000000000
27292  9.718  -54.165  8.567 0.5000000000
28535  10.353  -53.406  9.079 0.5000000000
35013  15.953  -49.663  9.569 0.1000000015
35030  15.527  -49.101  9.240 0.1000000015
35014  15.264  -49.700  9.478 0.1000000015
29822  10.672  -52.421  9.372 0.4000000060
27293  9.083  -54.068  8.268 0.5000000000
35032  14.025  -49.072  9.294 0.1000000015
35018  12.486  -49.673  9.598 0.2000000030
33680  12.755  -50.244  9.715 0.1000000015
31103  10.865  -51.608  9.516 0.4000000060
43216  13.255  -44.803  4.154 0.3000000119
41976  11.914  -45.087  3.530 0.4000000060
43230  15.934  -43.926  3.496 0.4000000060
43232  14.394  -43.916  3.818 0.4000000060
38162  10.239  -48.070  -11.193 0.3000000119
35415  10.521  -49.136  -11.690 0.3000000119
29837  8.927  -52.542  8.457 0.5000000000
31111  10.262  -51.683  9.212 0.5000000000
36405  13.606  -48.511  9.043 0.2000000030
35035  12.014  -49.336  9.333 0.2000000030
33694  10.919  -50.081  9.223 0.3000000119
32371  10.534  -50.921  9.287 0.5000000000
44540  16.009  -43.709  2.842 0.6000000238
44525  15.520  -43.640  3.252 0.6000000238
34121  9.885  -49.862  -10.141 0.4000000060
34137  10.545  -49.834  -10.730 0.4000000060
32769  10.908  -50.039  -8.626 0.4000000060
36827  10.243  -48.077  -12.263 0.3000000119
34108  10.811  -50.052  -9.364 0.4000000060
36826  10.608  -48.418  -12.693 0.4000000060
29838  8.261  -52.513  8.059 0.5000000000
36403  15.047  -48.417  9.010 0.2000000030
37788  14.557  -47.776  8.855 0.2000000030
39215  14.096  -47.274  8.666 0.2000000030
31113  9.256  -51.872  8.464 0.5000000000
36406  12.968  -48.552  9.096 0.2000000030
36422  11.846  -48.330  8.717 0.3000000119
36423  11.312  -48.592  8.502 0.3000000119
33722  9.520  -49.994  7.802 0.4000000060
33707  9.448  -50.503  8.038 0.4000000060
44557  17.132  -43.723  1.197 0.6000000238
35414  11.115  -49.444  -11.816 0.4000000060
34119  11.426  -50.076  -10.017 0.4000000060
32781  11.721  -50.089  -8.924 0.4000000060
38208  10.330  -47.352  -13.260 0.3000000119
34148  12.448  -49.880  -10.920 0.4000000060
39228  14.979  -46.529  8.474 0.2000000030
40589  14.587  -46.008  8.318 0.2000000030
39231  12.572  -47.050  8.147 0.3000000119
39230  13.491  -46.971  8.468 0.3000000119
39238  12.286  -46.796  7.761 0.3000000119
39241  10.581  -47.278  7.107 0.4000000060
31143  8.690  -51.486  7.796 0.5000000000
37809  11.690  -47.992  8.426 0.3000000119
37816  10.722  -47.832  7.501 0.3000000119
37830  9.290  -47.839  6.748 0.4000000060
33724  8.368  -50.353  7.099 0.4000000060
44569  22.217  -43.608  0.190 0.6000000238
45927  22.398  -42.680  -0.239 0.6000000238
34117  12.910  -50.068  -9.861 0.4000000060
35431  13.204  -49.117  -12.023 0.4000000060
36849  10.895  -48.164  -13.414 0.4000000060
35433  11.727  -49.269  -12.312 0.4000000060
40590  13.848  -46.112  8.211 0.3000000119
41900  15.613  -45.357  8.155 0.1000000015
40602  11.684  -46.663  7.320 0.4000000060
40609  12.628  -45.703  6.975 0.3000000119
50152  25.663  -40.851  0.001 0.6000000238
48723  25.260  -41.396  0.070 0.6000000238
47348  22.765  -42.446  -0.152 0.6000000238
36744  10.429  -48.140  -9.028 0.4000000060
38106  9.638  -48.007  -8.328 0.4000000060
41910  15.187  -44.853  7.915 0.3000000119
40599  13.488  -45.847  7.742 0.3000000119
43165  16.126  -44.213  7.534 0.1000000015
43168  14.297  -44.740  7.436 0.2000000030
44483  16.369  -43.444  6.371 0.1000000015
44476  14.463  -43.968  6.880 0.3000000119
41919  13.568  -44.930  6.973 0.3000000119
47270  16.206  -42.060  3.876 0.4000000060
50153  24.922  -40.530  0.080 0.6999999881
48724  24.584  -41.390  0.199 0.6999999881
45828  16.923  -42.947  4.612 0.2000000030
47269  16.885  -42.276  3.439 0.4000000060
50076  19.144  -40.828  2.022 0.2000000030
39509  8.144  -46.886  -8.097 0.4000000060
42195  7.643  -45.604  -8.721 0.4000000060
53155  14.032  -38.796  -8.857 0.3000000119
51747  12.711  -39.572  -8.633 0.3000000119
51748  11.996  -39.662  -8.712 0.3000000119
47577  10.808  -41.785  -11.326 0.5000000000
58699  17.346  -35.547  -7.573 0.2000000030
57178  16.895  -36.358  -8.333 0.3000000119
54486  14.486  -38.083  -9.068 0.4000000060
54487  13.706  -37.974  -9.017 0.4000000060
53165  12.721  -38.115  -9.001 0.4000000060
51755  11.177  -39.150  -9.345 0.4000000060
53193  11.955  -39.397  -11.920 0.4000000060
53191  12.902  -38.935  -11.354 0.4000000060
50343  12.129  -40.406  -11.697 0.5000000000
50344  11.425  -40.342  -12.034 0.5000000000
50330  12.895  -40.450  -11.349 0.4000000060
58711  16.577  -35.712  -8.497 0.4000000060
57194  15.815  -36.053  -9.045 0.4000000060
57196  14.898  -36.388  -9.200 0.4000000060
57183  13.934  -36.593  -9.125 0.4000000060
54496  12.485  -37.687  -9.133 0.4000000060
53174  10.599  -38.629  -9.921 0.4000000060
51783  12.664  -39.647  -11.497 0.5000000000
54526  13.264  -38.195  -11.135 0.3000000119
54527  12.392  -38.108  -11.584 0.4000000060
58728  13.861  -35.789  -9.178 0.3000000119
57239  12.251  -36.354  -11.779 0.3000000119
58769  12.776  -35.594  -11.442 0.3000000119
4178  21.541  -74.175  15.476 0.1000000015
4167  21.270  -74.058  16.138 0.1000000015
6059  10.749  -71.405  17.259 0.1000000015
6786  10.521  -70.650  17.860 0.2000000030
10973  7.911  -66.152  13.891 0.1000000015
10974  7.069  -66.381  13.919 0.1000000015
8408  10.797  -68.965  16.613 0.1000000015
10943  6.447  -67.250  15.341 0.1000000015
10107  9.746  -67.778  16.193 0.1000000015
10139  10.486  -67.232  15.200 0.1000000015
10125  7.786  -67.368  15.908 0.1000000015
5029  28.251  -73.176  -2.694 0.3000000119
3371  29.272  -75.211  -13.190 0.6999999881
3399  29.370  -75.382  -14.565 0.6000000238
4536  27.899  -73.735  -13.072 0.5000000000
3974  29.227  -74.945  -14.880 0.6000000238
6554  25.318  -71.221  -12.119 0.5000000000
8818  24.311  -69.011  -10.950 0.4000000060
7295  24.983  -70.536  -12.354 0.5000000000
11251  24.584  -67.168  -8.080 0.4000000060
8888  19.250  -69.073  -14.829 0.6000000238
5956  24.797  -72.673  -20.539 0.3000000119
10372  27.167  -67.763  -4.927 0.4000000060
5938  24.878  -72.098  -18.708 0.4000000060
9234  9.183  -68.474  17.535 0.1000000015
10108  9.268  -67.732  16.376 0.1000000015
10126  6.819  -67.407  15.750 0.1000000015
37872  10.576  -47.705  4.996 0.2000000030
51551  18.834  -39.384  1.329 0.5000000000
61762  19.667  -34.546  -8.179 0.3000000119
5313  27.176  -73.341  -22.161 0.4000000060
484  12.849  -79.772  -7.380 0.2000000030
54550  11.710  -37.972  -12.200 0.5000000000
5303  27.437  -73.272  -20.771 0.4000000060
5647  17.175  -72.636  -0.267 0.6000000238
6327  17.523  -71.774  -0.189 0.6000000238
4384  29.853  -73.546  -1.473 0.3000000119
7641  15.090  -70.140  11.458 0.6000000238
10170  17.433  -67.412  12.293 0.6000000238
14627  17.427  -63.690  14.804 0.5000000000
14644  16.688  -63.564  14.250 0.6000000238
14611  17.279  -63.660  15.747 0.5000000000
15531  16.179  -63.069  14.533 0.6000000238
13599  14.552  -64.382  14.293 0.6000000238
13631  11.720  -64.307  14.154 0.6000000238
45781  15.935  -43.025  6.064 0.2000000030
48673  17.917  -41.527  2.492 0.4000000060
50078  17.546  -40.875  2.497 0.3000000119
51515  18.782  -40.216  2.020 0.4000000060
44581  21.688  -43.618  -0.340 0.6000000238
43262  17.558  -44.065  1.180 0.5000000000
43242  16.632  -44.016  2.762 0.4000000060
47347  23.309  -42.120  0.061 0.6000000238
47346  24.161  -42.257  0.247 0.6000000238
51750  10.779  -39.939  -9.104 0.4000000060
51749  11.315  -39.607  -9.012 0.4000000060
53166  12.316  -38.337  -9.037 0.4000000060
58729  13.066  -35.628  -9.258 0.4000000060
45856  17.221  -42.933  3.878 0.2000000030
3752  16.388  -74.857  0.355 0.5000000000
2052  19.950  -76.849  7.046 0.3000000119
6703  27.357  -71.670  -21.943 0.3000000119
3639  15.022  -75.197  9.683 0.4000000060
4216  17.209  -73.937  11.921 0.4000000060
6100  18.308  -71.332  13.468 0.5000000000
6835  18.387  -70.790  13.273 0.5000000000
5444  18.023  -72.079  13.352 0.4000000060
7659  17.291  -70.098  10.673 0.6000000238
6887  15.005  -70.712  10.719 0.6000000238
36457  9.682  -48.346  7.095 0.4000000060
35063  9.258  -49.490  7.308 0.4000000060
43229  16.592  -44.304  3.547 0.2000000030
6696  27.602  -71.950  -21.369 0.2000000030
45913  22.759  -42.927  0.104 0.6000000238
47345  25.054  -42.282  0.053 0.6000000238
737  13.232  -79.349  -7.858 0.2000000030
5576  22.135  -72.445  3.477 0.5000000000
4920  21.191  -73.290  3.438 0.5000000000
5591  19.688  -72.585  2.805 0.5000000000
5604  19.962  -71.943  2.473 0.6000000238
4949  18.216  -73.353  2.117 0.5000000000
4976  17.044  -73.425  0.217 0.5000000000
4975  17.365  -72.987  0.694 0.5000000000
6985  22.288  -71.151  4.442 0.5000000000
5205  27.605  -73.073  -14.613 0.5000000000
4058  30.087  -74.515  -19.308 0.4000000060
6142  20.110  -71.398  11.180 0.1000000015
5542  20.653  -72.598  7.660 0.3000000119
2554  20.105  -76.031  6.209 0.4000000060
2082  22.963  -76.924  4.228 0.5000000000
2595  18.668  -76.695  2.186 0.5000000000
8082  25.585  -69.988  -14.115 0.3000000119
8092  26.444  -69.976  -15.033 0.2000000030
8083  25.326  -70.295  -13.557 0.4000000060
4039  30.911  -74.507  -17.775 0.3000000119
4172  16.909  -74.086  16.208 0.2000000030
7655  21.918  -69.751  10.538 0.2000000030
6915  21.449  -71.052  9.206 0.2000000030
5541  21.337  -72.683  7.780 0.3000000119
6914  22.105  -71.246  9.341 0.2000000030
6185  22.345  -71.699  9.267 0.2000000030
4892  20.748  -73.425  6.881 0.3000000119
4236  24.153  -73.896  9.147 0.3000000119
4845  24.826  -73.214  10.349 0.2000000030
4857  23.039  -73.175  9.205 0.3000000119
6140  24.566  -71.754  10.712 0.2000000030
4883  21.862  -73.178  7.562 0.3000000119
4267  22.245  -73.938  7.018 0.3000000119
4258  23.297  -74.266  7.934 0.4000000060
4266  22.823  -74.205  7.386 0.4000000060
3094  23.394  -75.637  6.217 0.5000000000
11310  25.322  -66.518  -11.685 0.2000000030
12154  27.047  -65.652  -11.752 0.1000000015
12169  25.460  -66.272  -12.606 0.2000000030
11292  25.393  -66.555  -10.670 0.2000000030
11247  27.442  -66.842  -8.687 0.2000000030
12187  26.339  -65.929  -14.460 0.2000000030
9665  25.100  -68.458  -13.779 0.3000000119
9654  24.737  -68.294  -13.111 0.2000000030
9636  24.419  -68.333  -11.813 0.3000000119
9680  25.738  -68.604  -14.585 0.3000000119
8855  24.698  -69.050  -12.956 0.4000000060
9698  27.018  -68.483  -15.416 0.2000000030
7339  28.137  -70.542  -15.788 0.2000000030
3599  17.154  -74.275  14.838 0.2000000030
7604  22.537  -69.816  13.835 0.1000000015
8466  22.760  -68.822  12.558 0.1000000015
7673  23.311  -70.690  10.264 0.2000000030
4835  26.012  -72.883  10.443 0.1000000015
3675  22.186  -74.745  6.222 0.4000000060
2562  22.639  -76.224  5.566 0.5000000000
2083  22.231  -77.329  4.508 0.5000000000
9605  29.347  -68.294  -9.750 0.1000000015
10413  28.054  -67.512  -7.423 0.2000000030
10535  27.584  -67.683  -15.571 0.1000000015
8107  28.285  -69.793  -15.709 0.2000000030
5882  31.592  -72.441  -16.466 0.2000000030
5933  31.128  -72.457  -18.818 0.1000000015
6030  16.657  -71.934  19.796 0.2000000030
6029  17.097  -71.553  19.416 0.3000000119
4773  17.585  -72.927  16.445 0.2000000030
6048  17.841  -71.521  17.903 0.3000000119
3619  17.115  -74.662  12.590 0.4000000060
4780  17.849  -72.666  15.903 0.4000000060
6894  30.001  -71.101  10.136 0.1000000015
8833  31.449  -68.917  -11.532 0.1000000015
9579  28.738  -68.331  -6.974 0.2000000030
10395  27.410  -67.362  -6.216 0.4000000060
5353  15.207  -72.075  21.810 0.2000000030
5421  18.144  -72.075  15.542 0.4000000060
4798  17.923  -72.601  14.091 0.4000000060
4807  17.776  -72.832  13.135 0.4000000060
7964  30.123  -69.951  -6.269 0.1000000015
9522  28.284  -69.044  -3.843 0.3000000119
7380  24.637  -70.491  -16.878 0.3000000119
4712  16.258  -73.087  22.067 0.1000000015
7082  34.309  -70.637  -1.190 0.2000000030
5017  30.072  -72.998  -1.766 0.3000000119
9178  15.133  -68.525  22.366 0.2000000030
9205  18.331  -68.341  18.620 0.3000000119
6824  18.692  -70.463  14.259 0.6000000238
7482  13.264  -69.886  24.560 0.1000000015
5339  15.315  -72.571  23.681 0.1000000015
10053  16.803  -67.467  20.641 0.2000000030
9216  18.582  -68.254  18.069 0.4000000060
9271  19.146  -68.626  14.743 0.6000000238
10060  17.584  -67.509  19.615 0.2000000030
10898  17.996  -66.838  18.577 0.4000000060
10079  18.621  -67.581  17.529 0.4000000060
12550  16.761  -65.846  19.704 0.3000000119
10089  18.698  -67.391  17.032 0.5000000000
12524  14.058  -65.792  21.816 0.2000000030
11746  18.248  -66.096  17.193 0.3000000119
11737  17.521  -65.746  18.378 0.3000000119
13513  14.907  -64.847  20.329 0.2000000030
12600  18.624  -65.501  15.681 0.6000000238
14568  15.958  -64.131  18.639 0.3000000119
11791  18.664  -66.368  13.591 0.6000000238
13570  17.681  -64.483  16.627 0.4000000060
12611  18.440  -64.859  15.262 0.6000000238
13554  17.084  -64.393  17.347 0.4000000060
14595  16.681  -63.667  16.648 0.5000000000
14584  15.195  -63.105  17.076 0.3000000119
14597  15.415  -63.034  16.608 0.4000000060
14646  15.149  -63.481  13.984 0.6000000238
15532  15.523  -62.759  14.665 0.5000000000
15533  14.865  -62.471  14.825 0.4000000060
16453  14.243  -62.216  15.007 0.4000000060
16483  14.233  -62.614  14.080 0.5000000000
15566  12.874  -63.040  13.420 0.6000000238
13647  11.991  -64.077  13.873 0.6000000238
7545  10.347  -70.018  17.890 0.2000000030
8398  10.035  -69.002  17.419 0.1000000015
10956  8.466  -66.542  14.598 0.1000000015
10141  8.950  -67.011  15.267 0.1000000015
10990  7.354  -65.969  13.248 0.1000000015
27281  11.914  -54.166  9.360 0.3000000119
31101  12.103  -51.569  9.806 0.1000000015
35016  13.759  -49.681  9.519 0.2000000030
33682  11.435  -50.333  9.620 0.3000000119
36408  11.754  -48.804  8.963 0.3000000119
32385  9.590  -50.829  8.388 0.3000000119
33706  9.917  -50.160  8.370 0.3000000119
37802  17.501  -47.511  8.368 0.2000000030
37805  15.333  -47.010  8.538 0.2000000030
36435  10.244  -48.597  7.635 0.4000000060
41908  16.597  -44.815  7.764 0.1000000015
44466  15.151  -44.122  7.464 0.2000000030
55782  13.495  -37.197  -9.093 0.4000000060
10142  8.106  -66.970  15.279 0.1000000015
11119  22.682  -66.424  2.838 0.2000000030
11972  23.211  -65.948  2.940 0.2000000030
8628  19.922  -69.300  0.137 0.3000000119
12837  21.505  -65.674  3.859 0.1000000015
11973  22.359  -65.892  3.140 0.2000000030
11118  23.511  -66.454  2.694 0.2000000030
12851  22.780  -64.800  2.807 0.2000000030
11145  23.112  -66.730  1.646 0.2000000030
8626  21.718  -69.037  0.718 0.3000000119
8612  21.751  -69.392  1.455 0.3000000119
9445  21.296  -68.432  -0.109 0.3000000119
11133  22.903  -66.665  2.288 0.2000000030
10208  23.821  -67.804  8.432 0.1000000015
10224  21.815  -67.779  7.396 0.1000000015
11065  21.313  -66.876  6.948 0.1000000015
11959  20.955  -66.171  4.736 0.1000000015
13813  22.412  -64.799  3.155 0.2000000030
8591  21.400  -69.636  2.889 0.3000000119
9434  21.817  -68.414  1.260 0.3000000119
13850  23.045  -64.271  2.158 0.2000000030
10289  21.462  -67.669  2.415 0.3000000119
12849  24.026  -65.269  2.348 0.2000000030
12834  23.644  -65.487  2.831 0.2000000030
9356  22.850  -68.494  7.963 0.2000000030
10223  22.484  -67.761  7.859 0.2000000030
11049  21.631  -67.121  7.372 0.1000000015
11944  20.843  -66.315  5.440 0.1000000015
11095  20.647  -66.879  5.066 0.1000000015
12817  21.325  -65.370  4.378 0.1000000015
8600  21.517  -69.487  2.385 0.3000000119
8601  21.225  -68.707  2.585 0.3000000119
12862  23.658  -64.809  1.898 0.2000000030
11134  22.032  -66.920  2.514 0.2000000030
14863  23.428  -63.432  0.786 0.2000000030
10206  25.283  -67.823  8.719 0.2000000030
9354  24.303  -68.568  8.527 0.2000000030
11035  25.606  -67.111  8.620 0.1000000015
9355  23.524  -68.573  8.272 0.2000000030
8542  23.119  -69.395  7.875 0.2000000030
8543  22.644  -68.941  7.680 0.2000000030
10241  21.230  -67.774  6.814 0.1000000015
9371  21.873  -68.565  7.223 0.2000000030
11082  20.546  -67.509  5.494 0.1000000015
11975  21.276  -66.131  4.027 0.1000000015
11104  20.862  -66.834  4.240 0.1000000015
8582  20.816  -69.156  4.051 0.3000000119
14845  22.982  -63.491  1.704 0.2000000030
9414  20.978  -68.207  3.014 0.2000000030
11120  21.989  -66.491  3.106 0.2000000030
8541  23.991  -69.388  8.347 0.2000000030
8562  22.048  -69.793  6.676 0.3000000119
9382  21.143  -68.543  6.366 0.1000000015
10264  20.535  -67.668  4.385 0.1000000015
11121  21.376  -66.747  3.474 0.1000000015
9405  20.715  -68.448  3.669 0.1000000015
7746  21.490  -70.143  4.020 0.3000000119
10280  21.411  -67.408  2.767 0.2000000030
15235  10.337  -64.163  -22.562 0.4000000060
2352  13.773  -77.680  -15.449 0.3000000119
9352  25.618  -68.535  8.834 0.2000000030
8568  21.427  -69.592  5.890 0.2000000030
8572  21.028  -69.209  5.322 0.2000000030
9395  20.651  -68.580  5.103 0.1000000015
7757  21.210  -69.733  3.698 0.3000000119
16118  10.518  -63.386  -21.941 0.4000000060
14324  10.281  -64.872  -22.100 0.4000000060
17100  10.896  -62.454  -24.685 0.5000000000
17068  10.872  -62.116  -23.595 0.4000000060
16155  10.523  -63.550  -23.773 0.4000000060
15297  11.351  -63.612  -24.968 0.5000000000
9339  26.200  -68.685  8.862 0.2000000030
18988  13.397  -60.390  -22.723 0.4000000060
16100  10.847  -63.086  -20.980 0.4000000060
18990  11.955  -60.709  -23.145 0.4000000060
18968  12.808  -60.663  -22.028 0.4000000060
17034  11.292  -61.773  -21.511 0.4000000060
20038  13.988  -59.860  -24.190 0.3000000119
19026  12.451  -60.749  -24.678 0.4000000060
16184  12.084  -63.065  -24.651 0.4000000060
2889  16.243  -76.528  -19.007 0.3000000119
18962  17.251  -59.773  -21.291 0.3000000119
18964  16.146  -60.269  -21.658 0.4000000060
18986  14.963  -60.194  -22.608 0.4000000060
19982  17.041  -59.617  -22.213 0.3000000119
19999  15.534  -59.892  -23.013 0.4000000060
19006  14.461  -60.129  -23.151 0.4000000060
20016  15.796  -59.673  -23.586 0.4000000060
2908  16.246  -76.230  -19.882 0.2000000030
21025  18.229  -58.833  -21.261 0.3000000119
18058  12.436  -61.661  -24.967 0.4000000060
19955  17.376  -59.903  -20.335 0.3000000119
17097  13.062  -61.982  -24.217 0.4000000060
20978  17.981  -59.473  -19.068 0.3000000119
21037  18.181  -58.916  -22.022 0.3000000119
22036  18.844  -58.163  -19.134 0.3000000119
23148  19.307  -57.784  -20.348 0.3000000119
19899  18.037  -59.862  -17.534 0.3000000119
20015  16.544  -59.427  -23.561 0.3000000119
22022  18.920  -58.095  -18.207 0.3000000119
20947  18.349  -59.294  -17.801 0.3000000119
23104  20.878  -57.326  -17.707 0.3000000119
22035  20.844  -57.516  -18.565 0.3000000119
23122  19.740  -57.072  -18.671 0.3000000119
22008  19.029  -57.968  -17.260 0.3000000119
20932  18.709  -58.710  -16.441 0.3000000119
23135  19.248  -57.658  -19.686 0.3000000119
20933  18.382  -59.226  -15.984 0.4000000060
24242  20.746  -56.832  -17.006 0.3000000119
24244  19.966  -56.373  -17.311 0.3000000119
23061  19.227  -56.662  -16.420 0.3000000119
20915  18.705  -58.262  -15.826 0.3000000119
21967  18.172  -58.132  -15.026 0.3000000119
24183  18.931  -56.208  -15.700 0.2000000030
24158  18.459  -56.390  -15.090 0.3000000119
27719  18.380  -54.832  -15.021 0.2000000030
11657  11.935  -66.502  23.736 0.1000000015
11664  11.760  -66.051  23.533 0.1000000015
32969  16.225  -50.729  -22.447 0.3000000119
31688  15.829  -51.394  -22.132 0.3000000119
31675  16.824  -51.099  -20.400 0.3000000119
12637  10.264  -65.047  15.033 0.5000000000
15567  12.098  -62.935  13.379 0.5000000000
13632  11.078  -64.329  14.040 0.5000000000
13633  10.335  -64.358  13.890 0.5000000000
13634  9.464  -64.276  13.767 0.5000000000
35429  14.266  -48.891  -11.831 0.3000000119
17396  10.189  -61.257  14.876 0.4000000060
16488  10.943  -62.043  13.995 0.4000000060
15568  11.221  -62.654  13.420 0.5000000000
13649  10.880  -63.955  13.495 0.5000000000
19382  10.839  -59.651  14.000 0.3000000119
19365  10.566  -59.836  14.665 0.4000000060
16489  9.985  -61.745  14.078 0.4000000060
16500  10.226  -62.250  13.558 0.4000000060
14668  10.677  -63.340  13.194 0.5000000000
19348  10.833  -59.809  15.326 0.3000000119
16501  9.652  -62.207  13.578 0.5000000000
15570  9.707  -62.689  13.335 0.5000000000
13650  10.127  -63.863  13.394 0.5000000000
14670  9.315  -63.171  13.284 0.5000000000
19384  9.826  -60.314  14.088 0.4000000060
18364  9.858  -60.648  14.515 0.4000000060
19404  10.445  -59.730  13.315 0.5000000000
35395  13.223  -49.710  -10.939 0.3000000119
36873  13.387  -48.289  -13.431 0.3000000119
38227  12.556  -48.070  -14.293 0.3000000119
36847  12.251  -48.644  -13.279 0.3000000119
19424  11.504  -59.649  12.520 0.4000000060
19444  11.073  -59.766  11.854 0.5000000000
18418  9.852  -60.200  11.935 0.5000000000
18419  9.206  -60.395  11.852 0.5000000000
38248  12.841  -47.813  -14.915 0.3000000119
39658  12.275  -47.204  -16.185 0.3000000119
38270  11.639  -47.502  -15.288 0.3000000119
38229  11.052  -47.732  -14.437 0.3000000119
41026  10.977  -46.159  -16.235 0.3000000119
39644  10.401  -46.639  -14.969 0.3000000119
19459  10.660  -59.970  11.263 0.5000000000
18444  10.353  -60.075  10.944 0.5000000000
19475  9.639  -60.075  10.060 0.5000000000
18433  8.828  -60.429  11.064 0.5000000000
13686  6.471  -63.546  11.963 0.2000000030
19489  10.108  -59.581  9.393 0.5000000000
17537  6.865  -60.008  7.462 0.2000000030
16584  6.194  -61.583  9.137 0.2000000030
19555  6.232  -58.651  7.029 0.2000000030
38178  10.995  -47.589  -11.645 0.3000000119
38159  12.295  -47.544  -11.099 0.3000000119
38160  11.537  -47.691  -10.920 0.3000000119
39599  12.423  -47.031  -12.398 0.3000000119
38141  12.276  -47.554  -10.115 0.3000000119
38142  11.324  -47.843  -10.119 0.3000000119
36732  8.783  -47.866  -7.973 0.3000000119
38127  11.785  -47.522  -9.230 0.3000000119
38104  11.061  -47.570  -8.554 0.3000000119
38087  10.505  -47.363  -8.071 0.3000000119
43253  17.038  -44.000  1.938 0.5000000000
39563  13.188  -47.022  -10.005 0.3000000119
39547  12.465  -46.795  -9.040 0.3000000119
39524  11.594  -46.801  -8.349 0.3000000119
39507  9.353  -46.819  -7.892 0.3000000119
42189  12.070  -45.511  -8.719 0.3000000119
40856  9.720  -46.135  -8.068 0.3000000119
42178  8.709  -45.924  -8.287 0.3000000119
43291  21.738  -44.085  0.089 0.5000000000
42191  10.962  -45.219  -8.564 0.3000000119
43466  10.296  -44.850  -8.718 0.3000000119
43468  9.062  -45.074  -8.706 0.3000000119
43485  12.230  -44.758  -9.277 0.3000000119
43487  10.565  -44.452  -9.062 0.3000000119
44794  9.560  -43.935  -9.438 0.4000000060
44809  10.981  -43.785  -9.731 0.4000000060
44795  8.918  -43.873  -9.590 0.4000000060
44810  10.097  -43.538  -9.858 0.4000000060
70554  17.637  -28.951  -0.323 0.1000000015
70576  16.775  -28.326  -0.756 0.1000000015
71932  17.346  -27.633  -1.116 0.1000000015
27749  19.730  -54.048  -15.373 0.2000000030
17513  6.358  -60.082  7.893 0.2000000030
69374  18.705  -29.447  -0.100 0.1000000015
43276  18.304  -44.213  0.511 0.4000000060
42218  8.319  -44.885  -9.010 0.5000000000
17410  9.340  -61.435  14.029 0.5000000000
15552  9.269  -62.500  13.453 0.5000000000
7821  20.928  -69.833  0.695 0.4000000060
17996  11.833  -61.260  -21.238 0.4000000060
13648  11.582  -64.009  13.695 0.5000000000
17050  10.639  -62.664  -22.734 0.4000000060
17112  11.463  -62.247  -24.948 0.5000000000
19010  11.768  -60.826  -24.043 0.4000000060
18010  11.637  -61.159  -22.270 0.4000000060
19009  12.536  -60.409  -23.846 0.4000000060
23106  19.825  -56.817  -17.840 0.3000000119
14667  11.481  -63.464  13.319 0.5000000000
17381  10.061  -60.930  14.988 0.4000000060
17397  9.822  -61.171  14.416 0.4000000060
40855  10.457  -46.315  -7.934 0.3000000119
43486  11.322  -44.554  -9.161 0.3000000119
69375  17.957  -29.488  -0.190 0.1000000015
3271  7.329  -74.809  -6.721 0.3000000119
2739  7.962  -75.074  -7.135 0.2000000030
5626  6.073  -73.112  0.389 0.3000000119
4954  6.682  -73.462  1.470 0.3000000119
4472  7.757  -73.657  -7.279 0.2000000030
3888  8.248  -74.131  -7.745 0.2000000030
5121  8.799  -73.430  -8.076 0.2000000030
5715  7.284  -71.886  -3.829 0.3000000119
5716  6.935  -71.640  -3.717 0.2000000030
6454  7.088  -71.171  -5.474 0.2000000030
7187  7.239  -70.837  -5.198 0.2000000030
7905  7.120  -70.422  -2.923 0.2000000030
6347  6.359  -71.593  -1.085 0.2000000030
7865  7.207  -70.617  -1.594 0.2000000030
5638  6.140  -72.388  0.224 0.2000000030
6320  6.433  -71.927  0.303 0.2000000030
4304  7.250  -74.089  3.777 0.3000000119
4482  8.243  -73.853  -7.921 0.2000000030
7079  7.130  -70.769  -0.687 0.2000000030
6294  7.014  -72.085  1.635 0.2000000030
7113  6.925  -70.745  -2.418 0.2000000030
7234  8.135  -71.192  -7.244 0.2000000030
6489  9.168  -71.720  -7.662 0.2000000030
5777  8.764  -72.298  -7.879 0.2000000030
2068  7.418  -76.688  6.329 0.3000000119
2339  13.165  -77.395  -14.392 0.2000000030
10507  19.767  -67.640  -14.133 0.5000000000
9685  20.078  -68.616  -14.495 0.5000000000
7344  21.894  -70.610  -15.691 0.5000000000
7345  21.171  -70.647  -15.642 0.5000000000
7331  20.563  -70.164  -15.413 0.5000000000
8095  21.017  -69.640  -15.046 0.5000000000
8112  22.096  -69.951  -15.517 0.4000000060
7343  22.697  -70.459  -15.834 0.4000000060
8111  22.669  -69.677  -15.706 0.4000000060
8914  23.299  -68.919  -16.393 0.2000000030
13148  18.773  -65.099  -14.859 0.4000000060
13162  18.984  -65.093  -15.774 0.3000000119
12190  19.362  -66.064  -14.145 0.5000000000
13161  19.483  -65.491  -15.760 0.4000000060
12202  19.643  -65.757  -14.934 0.5000000000
11343  19.763  -66.880  -14.130 0.5000000000
11355  20.340  -66.615  -14.665 0.5000000000
9666  20.426  -67.857  -14.279 0.5000000000
9684  20.801  -68.146  -14.442 0.5000000000
9682  21.841  -68.473  -15.176 0.5000000000
8094  21.661  -69.494  -15.150 0.5000000000
7364  23.566  -70.566  -16.224 0.4000000060
9710  22.132  -68.168  -16.128 0.4000000060
8904  22.190  -69.259  -15.441 0.5000000000
8128  24.152  -70.090  -16.485 0.2000000030
8129  23.603  -69.706  -16.164 0.2000000030
8913  24.060  -69.323  -16.514 0.2000000030
8933  23.879  -68.737  -16.755 0.1000000015
9724  24.077  -68.388  -17.221 0.2000000030
9749  23.632  -68.078  -17.844 0.1000000015
9748  24.375  -68.012  -17.704 0.1000000015
10605  24.101  -67.563  -18.753 0.1000000015
9788  23.510  -67.809  -19.127 0.1000000015
16487  11.778  -62.044  14.184 0.4000000060
15550  11.953  -62.394  13.720 0.4000000060
14189  17.849  -64.530  -16.372 0.3000000119
13194  18.613  -65.524  -17.301 0.3000000119
13177  19.214  -65.556  -16.537 0.3000000119
12201  20.201  -66.131  -15.380 0.5000000000
12233  19.695  -66.176  -16.528 0.3000000119
11369  21.053  -67.000  -15.718 0.5000000000
10538  21.453  -67.418  -15.900 0.5000000000
11382  20.447  -66.807  -16.461 0.4000000060
10548  21.327  -67.466  -16.420 0.4000000060
11396  20.194  -67.031  -17.026 0.3000000119
9727  21.918  -68.032  -17.007 0.1000000015
8915  22.901  -68.859  -16.174 0.3000000119
8145  24.719  -69.671  -16.813 0.2000000030
9751  22.041  -68.294  -17.828 0.1000000015
9726  22.631  -68.284  -17.133 0.1000000015
8950  25.911  -69.148  -17.922 0.2000000030
8930  25.641  -69.707  -17.536 0.2000000030
9747  25.152  -68.125  -17.760 0.2000000030
9772  22.381  -68.473  -18.633 0.1000000015
9750  22.852  -68.251  -17.841 0.1000000015
8220  27.251  -70.561  -21.539 0.1000000015
9771  23.150  -68.152  -18.550 0.1000000015
10604  24.813  -67.135  -19.048 0.1000000015
10621  24.063  -67.400  -19.534 0.1000000015
9810  23.458  -67.846  -20.119 0.1000000015
8173  28.423  -69.711  -18.877 0.1000000015
7399  28.512  -70.444  -18.297 0.1000000015
7411  28.043  -70.621  -19.128 0.1000000015
10620  24.552  -67.019  -19.922 0.1000000015
10648  24.408  -67.101  -20.832 0.1000000015
10666  23.893  -67.697  -21.805 0.1000000015
9827  23.210  -68.159  -21.198 0.1000000015
9841  23.399  -68.189  -22.168 0.1000000015
8973  28.640  -69.381  -19.449 0.1000000015
14228  16.864  -64.177  -17.898 0.2000000030
14209  17.376  -64.413  -17.088 0.4000000060
13211  18.263  -65.661  -17.993 0.3000000119
14208  18.083  -64.838  -17.165 0.3000000119
12249  19.212  -66.276  -17.257 0.3000000119
9728  21.280  -67.815  -17.253 0.1000000015
10564  20.594  -67.330  -17.035 0.3000000119
9752  21.088  -68.031  -17.817 0.1000000015
10587  20.419  -67.600  -17.620 0.3000000119
9773  21.454  -68.582  -18.626 0.1000000015
8951  25.607  -68.584  -17.745 0.1000000015
10583  25.309  -67.575  -18.407 0.1000000015
9791  20.856  -68.904  -19.393 0.1000000015
8182  26.780  -69.473  -19.654 0.1000000015
8965  26.409  -68.799  -18.692 0.1000000015
10582  25.735  -67.578  -18.583 0.1000000015
9790  21.877  -68.798  -19.650 0.1000000015
9789  22.848  -68.298  -19.396 0.1000000015
8203  27.631  -70.035  -21.222 0.1000000015
8192  26.936  -69.829  -20.349 0.1000000015
8989  27.237  -69.071  -20.202 0.1000000015
9787  27.317  -68.288  -19.985 0.1000000015
10601  26.596  -67.699  -19.171 0.1000000015
11446  25.784  -66.771  -19.771 0.1000000015
11433  25.448  -66.971  -19.345 0.1000000015
9812  21.991  -68.922  -20.544 0.1000000015
9828  22.437  -68.716  -21.128 0.1000000015
7429  28.231  -70.757  -20.725 0.1000000015
8218  28.115  -70.605  -21.570 0.1000000015
11444  26.812  -67.043  -19.881 0.1000000015
12318  26.475  -66.514  -20.562 0.1000000015
11461  25.533  -66.600  -20.365 0.1000000015
11481  24.814  -66.899  -21.253 0.1000000015
11502  24.782  -67.026  -21.822 0.1000000015
9842  22.753  -68.612  -21.893 0.1000000015
8181  28.431  -69.995  -19.655 0.1000000015
11501  25.176  -66.798  -21.722 0.1000000015
10685  23.936  -67.864  -22.474 0.1000000015
9882  23.443  -68.557  -23.206 0.1000000015
8972  29.064  -68.882  -19.558 0.1000000015
9859  24.194  -67.953  -23.024 0.1000000015
9052  23.918  -68.857  -24.199 0.1000000015
15124  16.437  -64.057  -17.504 0.3000000119
14227  17.707  -64.757  -17.933 0.2000000030
12250  18.881  -66.045  -17.429 0.3000000119
11415  19.394  -67.020  -17.831 0.3000000119
9775  19.633  -68.093  -18.784 0.2000000030
9774  20.524  -68.395  -18.689 0.2000000030
8990  21.411  -69.220  -20.817 0.1000000015
9004  27.913  -69.410  -21.073 0.1000000015
8988  27.642  -68.932  -20.658 0.1000000015
9808  27.774  -68.203  -20.551 0.1000000015
8991  20.679  -69.393  -20.768 0.1000000015
9005  22.140  -69.019  -21.705 0.1000000015
8190  28.551  -70.136  -20.408 0.1000000015
9826  28.044  -68.803  -20.927 0.1000000015
10634  27.715  -67.601  -20.451 0.1000000015
11477  27.495  -66.721  -20.916 0.1000000015
11500  25.865  -66.482  -21.650 0.1000000015
10703  24.675  -67.709  -23.222 0.1000000015
8201  28.808  -69.531  -21.145 0.1000000015
9002  29.170  -69.063  -21.123 0.1000000015
9807  28.099  -68.051  -20.822 0.1000000015
8180  28.950  -69.578  -20.005 0.1000000015
10647  28.710  -67.742  -21.209 0.1000000015
16114  15.289  -62.903  -20.956 0.2000000030
19443  11.800  -59.718  11.754 0.4000000060
16131  15.345  -62.841  -21.867 0.2000000030
17064  14.455  -62.216  -22.644 0.3000000119
17082  14.323  -61.953  -23.442 0.3000000119
16154  12.480  -63.126  -22.971 0.3000000119
19488  11.096  -59.500  9.523 0.4000000060
19457  12.074  -59.717  10.961 0.3000000119
19473  11.552  -59.743  10.285 0.4000000060
20470  12.542  -58.976  9.694 0.3000000119
20469  13.318  -58.575  9.822 0.2000000030
19034  14.057  -60.625  -25.026 0.3000000119
23686  13.394  -56.328  9.393 0.1000000015
23687  12.755  -56.286  9.226 0.2000000030
24874  13.534  -55.607  9.477 0.1000000015
27280  12.552  -54.283  9.471 0.2000000030
30225  3.560  -52.719  -13.300 0.1000000015
30257  3.622  -52.489  -14.779 0.2000000030
24050  4.305  -55.920  -8.494 0.1000000015
26341  4.424  -54.628  -7.186 0.3000000119
25206  3.952  -55.091  -8.154 0.1000000015
27589  3.806  -53.350  -8.255 0.1000000015
26410  3.742  -54.655  -9.778 0.1000000015
30211  2.999  -52.576  -12.189 0.1000000015
21799  5.283  -57.756  -4.931 0.1000000015
22858  5.100  -56.946  -5.848 0.1000000015
20733  5.201  -58.370  -3.615 0.1000000015
21753  5.271  -58.133  -2.902 0.2000000030
22680  6.458  -57.116  1.871 0.1000000015
20634  5.298  -58.336  0.811 0.1000000015
25006  6.699  -55.884  1.991 0.1000000015
21641  5.022  -57.472  1.524 0.1000000015
23818  4.426  -56.432  2.106 0.2000000030
39292  11.488  -46.955  5.026 0.2000000030
23817  5.216  -56.284  2.330 0.1000000015
23798  3.809  -56.206  1.668 0.3000000119
27423  4.846  -54.012  2.151 0.1000000015
25009  4.411  -55.680  2.350 0.2000000030
28686  5.157  -53.124  1.754 0.1000000015
27424  3.948  -54.052  2.467 0.1000000015
26184  3.255  -54.767  1.694 0.2000000030
27425  3.311  -54.056  1.937 0.2000000030
31247  4.527  -51.489  1.708 0.1000000015
28687  4.254  -53.159  2.321 0.1000000015
32521  4.402  -50.661  1.660 0.1000000015
29956  4.444  -52.296  2.090 0.2000000030
28688  3.323  -53.254  2.458 0.1000000015
47300  19.991  -42.279  2.029 0.1000000015
45872  17.942  -42.728  2.882 0.2000000030
47303  17.634  -42.151  2.815 0.2000000030
36614  5.057  -48.747  -1.480 0.1000000015
36599  4.630  -48.654  -0.400 0.1000000015
33849  4.525  -50.128  1.491 0.2000000030
37964  4.763  -47.995  -0.820 0.1000000015
36573  4.583  -48.592  1.024 0.1000000015
33850  4.130  -49.849  2.079 0.2000000030
47299  21.012  -42.088  2.266 0.1000000015
48670  20.422  -41.462  1.932 0.1000000015
51512  21.090  -40.071  1.985 0.1000000015
51514  19.548  -40.150  1.909 0.1000000015
40736  6.548  -46.205  -1.450 0.1000000015
42022  5.884  -45.217  0.107 0.2000000030
51449  21.463  -39.203  5.205 0.1000000015
54249  20.904  -38.107  5.232 0.1000000015
48622  22.203  -41.154  4.119 0.1000000015
50004  21.971  -40.189  4.697 0.1000000015
51448  21.711  -39.244  4.769 0.1000000015
52899  21.757  -38.684  4.264 0.1000000015
50025  22.087  -40.345  3.678 0.1000000015
50049  21.951  -40.385  2.859 0.1000000015
51510  21.845  -39.763  2.675 0.1000000015
48669  21.132  -41.276  2.086 0.1000000015
51511  21.562  -39.906  2.289 0.1000000015
52942  21.670  -39.256  2.349 0.1000000015
52944  20.812  -39.597  1.852 0.1000000015
52960  20.870  -39.088  1.792 0.1000000015
52974  19.938  -39.027  1.282 0.1000000015
52972  20.968  -38.592  1.506 0.2000000030
43310  9.743  -44.088  -1.984 0.1000000015
40746  7.852  -45.661  -1.937 0.1000000015
40708  6.952  -45.400  -0.140 0.2000000030
55577  21.638  -37.397  3.735 0.1000000015
52941  21.889  -39.144  2.847 0.1000000015
55590  21.961  -37.684  2.554 0.1000000015
54332  21.514  -37.862  1.394 0.2000000030
55644  21.716  -37.353  1.038 0.2000000030
43311  7.768  -44.028  -1.024 0.3000000119
42040  7.474  -44.898  -0.344 0.2000000030
56920  21.752  -36.999  3.265 0.1000000015
43297  8.155  -44.336  -0.847 0.2000000030
44601  8.282  -43.699  -1.604 0.2000000030
44600  9.183  -43.560  -1.679 0.1000000015
44616  8.857  -43.380  -2.269 0.1000000015
46126  12.734  -43.362  -10.262 0.3000000119
46146  11.893  -42.562  -10.633 0.3000000119
46129  10.618  -43.109  -10.339 0.3000000119
46147  11.109  -42.519  -10.772 0.4000000060
48931  13.468  -41.217  -10.938 0.3000000119
48932  12.728  -41.297  -11.216 0.3000000119
50329  13.799  -40.430  -10.985 0.3000000119
57259  11.624  -36.308  -12.353 0.3000000119
50304  11.594  -40.270  -8.575 0.2000000030
5728  7.626  -72.078  -4.566 0.2000000030
7995  7.465  -70.596  -6.237 0.2000000030
7943  7.178  -70.663  -3.932 0.2000000030
6387  6.714  -71.249  -3.098 0.3000000119
7097  6.566  -71.315  -2.039 0.3000000119
25169  4.841  -55.912  -6.129 0.1000000015
20677  5.175  -58.250  -0.116 0.2000000030
29957  3.597  -52.380  2.379 0.2000000030
43299  6.326  -44.324  -0.408 0.3000000119
51529  19.808  -39.511  1.714 0.1000000015
48933  11.950  -41.228  -11.431 0.3000000119
39370  5.798  -46.435  -0.100 0.2000000030
39386  5.891  -46.583  -0.892 0.1000000015
52973  20.519  -38.816  1.349 0.2000000030
15165  15.478  -63.325  -19.646 0.2000000030
16079  14.862  -63.111  -20.144 0.2000000030
16151  15.371  -62.823  -22.767 0.3000000119
17084  12.727  -62.247  -23.664 0.3000000119
27608  3.293  -53.002  -9.399 0.1000000015
32522  3.933  -50.715  2.164 0.2000000030
46130  9.811  -43.041  -10.396 0.4000000060
51530  19.151  -39.653  1.747 0.4000000060
39291  12.214  -46.887  5.320 0.1000000015
44632  9.572  -43.051  -2.987 0.1000000015
55777  16.755  -37.091  -8.614 0.1000000015
54484  16.061  -38.036  -9.079 0.1000000015
55779  15.547  -37.381  -9.182 0.2000000030
39395  5.229  -47.124  -1.293 0.1000000015
7412  27.828  -71.235  -19.098 0.1000000015
9768  26.797  -68.287  -19.306 0.1000000015
15548  13.354  -62.646  13.698 0.4000000060
20482  12.514  -58.352  9.378 0.2000000030
48672  18.681  -41.532  2.149 0.1000000015
50075  19.969  -40.783  1.880 0.1000000015
57179  16.320  -36.341  -8.834 0.2000000030
53184  13.653  -38.941  -11.023 0.3000000119
16468  13.729  -62.122  14.521 0.4000000060
15549  12.667  -62.497  13.649 0.4000000060
43505  11.511  -44.068  -9.616 0.3000000119
46128  11.421  -43.167  -10.307 0.3000000119
7927  7.554  -69.994  -3.571 0.2000000030
8113  21.446  -70.105  -15.381 0.5000000000
9708  22.995  -68.484  -16.725 0.2000000030
10523  21.405  -67.576  -15.119 0.5000000000
9709  22.637  -68.492  -16.394 0.2000000030
10547  21.732  -67.739  -16.290 0.2000000030
10649  23.903  -67.544  -20.965 0.1000000015
16486  12.494  -62.103  14.133 0.4000000060
9811  22.643  -68.481  -20.331 0.1000000015
25201  4.123  -54.929  -7.469 0.1000000015
26395  3.418  -54.006  -9.386 0.1000000015
27630  3.402  -53.545  -10.900 0.1000000015
23816  6.125  -56.442  2.143 0.1000000015
23836  7.284  -56.484  1.773 0.1000000015
22681  5.743  -57.002  2.064 0.1000000015
21663  5.506  -57.962  1.297 0.1000000015
25007  5.800  -55.661  2.208 0.1000000015
26181  5.379  -54.850  2.138 0.1000000015
29955  4.975  -52.283  1.584 0.2000000030
31262  4.896  -51.537  1.036 0.1000000015
47301  19.053  -42.297  2.169 0.1000000015
36632  5.670  -48.635  -2.314 0.1000000015
37971  5.122  -47.898  -1.804 0.1000000015
35244  5.098  -49.408  -1.013 0.1000000015
33901  4.553  -49.992  0.341 0.1000000015
48640  21.641  -41.379  2.473 0.1000000015
48639  22.015  -41.178  3.155 0.1000000015
50074  20.795  -40.721  1.879 0.1000000015
51513  20.357  -40.017  1.831 0.1000000015
40727  6.653  -45.994  -0.586 0.2000000030
40748  6.411  -46.218  -2.253 0.1000000015
54236  20.588  -38.198  5.683 0.1000000015
52886  21.585  -38.835  4.684 0.1000000015
51468  21.989  -39.500  4.027 0.1000000015
51493  22.023  -39.673  3.249 0.1000000015
52917  21.941  -38.915  3.474 0.1000000015
50072  21.781  -40.176  2.498 0.1000000015
52959  21.310  -38.902  1.961 0.1000000015
54293  21.837  -38.861  2.543 0.1000000015
54319  21.720  -38.641  2.208 0.1000000015
52961  20.368  -39.271  1.759 0.1000000015
54333  21.397  -38.357  1.740 0.1000000015
54341  21.190  -38.242  1.188 0.2000000030
42060  9.459  -44.735  -2.273 0.1000000015
42039  8.284  -45.021  -1.099 0.1000000015
40726  7.528  -45.453  -0.774 0.2000000030
54273  21.552  -37.839  4.107 0.1000000015
54272  21.839  -38.132  3.677 0.1000000015
55576  21.970  -37.594  3.133 0.1000000015
54318  21.810  -37.978  2.056 0.1000000015
55614  21.917  -37.398  2.181 0.1000000015
55636  21.796  -37.397  1.679 0.1000000015
46145  12.717  -42.722  -10.582 0.3000000119
1001  11.478  -78.690  -6.723 0.2000000030
1348  11.166  -78.224  -6.835 0.2000000030
1333  10.613  -78.051  -6.431 0.2000000030
1866  14.002  -77.909  -16.545 0.1000000015
1853  13.386  -77.942  -15.445 0.1000000015
1841  11.915  -77.969  -13.591 0.1000000015
1081  12.378  -78.572  -14.379 0.1000000015
1840  13.020  -77.813  -14.736 0.1000000015
7631  27.841  -70.048  11.961 0.1000000015
7617  27.456  -69.680  12.352 0.1000000015
1404  9.934  -77.862  -12.017 0.1000000015
2325  11.961  -76.989  -13.559 0.1000000015
1827  12.571  -77.706  -14.215 0.1000000015
1440  12.876  -78.788  -15.501 0.1000000015
8461  29.819  -69.147  12.396 0.1000000015
9311  29.973  -68.518  11.737 0.1000000015
8445  29.051  -69.401  13.209 0.1000000015
7602  27.502  -69.646  13.096 0.1000000015
4295  6.720  -74.209  4.836 0.2000000030
3115  6.886  -75.522  5.318 0.2000000030
2543  6.891  -76.454  7.800 0.2000000030
3084  6.353  -75.639  8.985 0.2000000030
3080  6.498  -75.528  9.555 0.1000000015
15510  14.263  -62.458  16.354 0.2000000030
16471  11.512  -61.785  14.834 0.3000000119
16456  12.073  -61.796  15.610 0.2000000030
16455  12.873  -61.970  15.483 0.2000000030
16454  13.597  -62.061  15.218 0.2000000030
16470  12.300  -61.906  14.809 0.2000000030
16439  12.658  -62.065  16.570 0.2000000030
16423  12.410  -62.168  17.431 0.2000000030
15502  13.294  -62.442  17.402 0.2000000030
15492  14.013  -62.877  17.854 0.2000000030
16457  11.316  -61.599  15.586 0.3000000119
15512  13.081  -62.247  17.011 0.2000000030
17380  10.413  -61.135  15.428 0.2000000030
16472  10.660  -61.534  14.876 0.3000000119
15551  11.471  -62.248  13.782 0.3000000119
19333  10.608  -60.088  15.738 0.2000000030
16410  11.390  -61.886  17.799 0.2000000030
16440  11.711  -61.763  16.344 0.2000000030
16424  11.886  -61.986  17.135 0.2000000030
17367  10.175  -60.785  15.488 0.3000000119
18333  10.626  -60.368  16.248 0.2000000030
16411  10.876  -61.320  17.376 0.2000000030
17354  10.544  -60.787  16.865 0.2000000030
17366  10.398  -60.864  16.085 0.2000000030
16441  11.091  -61.468  16.186 0.2000000030
19402  11.927  -59.596  13.220 0.2000000030
19381  11.555  -59.564  13.977 0.2000000030
19364  11.172  -59.618  14.692 0.2000000030
19422  13.056  -59.618  12.335 0.2000000030
19403  11.172  -59.598  13.269 0.3000000119
19441  13.356  -59.523  11.503 0.1000000015
36401  16.679  -48.455  8.766 0.1000000015
37803  16.709  -47.491  8.489 0.1000000015
37800  18.651  -47.718  7.871 0.1000000015
31647  17.245  -51.386  -18.792 0.2000000030
40587  16.036  -45.953  8.287 0.1000000015
34188  17.919  -50.045  -15.155 0.2000000030
34236  17.747  -50.060  -18.193 0.2000000030
35583  16.873  -49.591  -19.774 0.2000000030
32925  17.425  -50.700  -19.135 0.2000000030
34294  16.101  -50.241  -21.110 0.2000000030
38321  16.032  -47.687  -17.941 0.2000000030
38338  16.551  -47.459  -18.679 0.2000000030
36941  16.503  -48.258  -17.714 0.2000000030
36916  17.737  -48.807  -15.302 0.2000000030
38345  17.916  -47.564  -19.380 0.2000000030
36971  16.503  -48.420  -18.953 0.2000000030
35553  17.204  -49.063  -18.502 0.2000000030
35522  17.512  -49.015  -17.249 0.2000000030
38357  16.757  -47.790  -19.861 0.2000000030
35585  16.002  -48.788  -19.811 0.2000000030
36997  17.969  -48.400  -20.392 0.2000000030
37010  16.594  -48.443  -21.051 0.2000000030
34305  15.741  -49.406  -21.585 0.2000000030
38222  16.607  -47.857  -14.629 0.2000000030
38335  18.574  -46.910  -19.105 0.2000000030
39711  17.856  -46.761  -18.471 0.2000000030
38356  19.234  -47.619  -20.111 0.2000000030
42352  18.579  -45.198  -18.817 0.2000000030
42345  17.794  -45.229  -17.683 0.2000000030
43598  16.676  -45.049  -16.562 0.2000000030
42327  15.598  -45.435  -16.294 0.2000000030
43628  19.374  -43.951  -19.366 0.2000000030
41038  17.000  -45.877  -17.101 0.2000000030
41021  15.115  -46.118  -16.513 0.2000000030
38266  14.793  -47.596  -15.804 0.2000000030
41061  19.056  -45.702  -19.419 0.2000000030
41054  18.136  -45.913  -18.235 0.2000000030
39674  15.429  -46.888  -16.945 0.2000000030
38264  16.297  -47.770  -15.892 0.2000000030
39705  16.346  -47.003  -17.911 0.2000000030
43625  18.196  -44.333  -18.643 0.2000000030
43618  17.237  -44.104  -17.439 0.2000000030
44931  19.423  -43.214  -18.606 0.2000000030
44904  15.661  -44.003  -16.532 0.2000000030
38288  14.311  -47.305  -16.349 0.2000000030
41022  14.310  -46.043  -16.440 0.2000000030
38246  14.547  -47.661  -15.085 0.2000000030
36844  14.775  -48.180  -12.941 0.2000000030
44938  18.469  -43.590  -19.350 0.2000000030
44915  16.191  -43.522  -17.037 0.2000000030
43601  14.357  -44.606  -16.363 0.2000000030
39677  13.172  -46.629  -16.635 0.2000000030
38267  13.997  -47.592  -15.766 0.2000000030
47737  17.681  -41.955  -19.300 0.2000000030
46242  15.669  -42.671  -17.415 0.2000000030
46244  14.001  -42.716  -17.120 0.2000000030
43604  12.020  -44.218  -16.795 0.2000000030
42332  11.260  -44.970  -16.389 0.2000000030
49102  18.714  -41.048  -19.212 0.2000000030
46256  16.997  -42.557  -18.336 0.2000000030
44916  15.271  -43.332  -16.900 0.2000000030
44907  13.321  -43.973  -16.963 0.2000000030
47724  16.813  -41.562  -18.482 0.2000000030
47691  15.217  -41.985  -17.555 0.2000000030
46246  12.763  -43.002  -17.085 0.2000000030
38231  10.243  -47.170  -13.886 0.2000000030
47693  13.499  -42.075  -17.042 0.2000000030
44910  11.668  -43.595  -16.263 0.2000000030
42303  11.630  -44.994  -14.906 0.2000000030
39617  10.731  -46.693  -13.487 0.2000000030
44897  12.482  -43.350  -15.555 0.2000000030
43584  12.255  -44.273  -15.171 0.2000000030
47678  12.794  -42.262  -16.583 0.2000000030
40975  12.051  -45.984  -13.927 0.2000000030
46209  13.239  -43.062  -15.327 0.2000000030
42301  13.323  -44.948  -14.577 0.2000000030
40974  13.059  -45.924  -13.786 0.2000000030
47659  14.690  -42.013  -15.462 0.2000000030
42300  13.940  -44.974  -14.367 0.2000000030
40956  13.394  -46.345  -13.254 0.2000000030
39588  13.314  -47.068  -11.720 0.2000000030
43582  13.929  -44.381  -14.659 0.2000000030
40943  14.438  -46.518  -12.333 0.2000000030
39579  13.451  -47.098  -10.969 0.2000000030
44879  14.973  -44.032  -14.464 0.2000000030
43569  14.999  -44.586  -14.107 0.2000000030
39587  14.041  -46.833  -11.474 0.2000000030
44878  15.526  -43.874  -14.235 0.2000000030
40942  14.965  -46.162  -12.219 0.2000000030
43555  16.037  -44.696  -13.231 0.2000000030
40954  15.158  -45.710  -13.018 0.2000000030
39578  14.201  -46.535  -10.674 0.2000000030
39562  13.817  -46.438  -9.850 0.2000000030
40922  14.847  -46.010  -10.967 0.2000000030
40923  14.505  -46.072  -10.555 0.2000000030
44864  16.954  -43.644  -12.914 0.2000000030
42247  15.985  -45.067  -11.728 0.2000000030
42238  15.257  -45.234  -10.849 0.2000000030
40897  13.049  -46.014  -9.155 0.2000000030
42214  13.318  -45.290  -9.427 0.2000000030
42213  13.780  -45.402  -9.653 0.2000000030
43541  16.486  -44.483  -12.268 0.2000000030
44823  15.619  -43.848  -10.704 0.2000000030
43502  13.381  -44.649  -9.714 0.2000000030
43504  11.984  -44.220  -9.628 0.2000000030
46163  16.957  -43.074  -11.487 0.2000000030
46141  16.342  -43.101  -10.954 0.2000000030
44824  14.630  -43.834  -10.336 0.2000000030
44806  13.155  -43.871  -10.104 0.2000000030
46142  15.290  -42.956  -10.514 0.2000000030
46143  14.344  -42.812  -10.394 0.2000000030
46144  13.528  -42.694  -10.535 0.2000000030
47573  13.937  -41.979  -10.614 0.2000000030
57237  13.880  -36.690  -10.939 0.2000000030
55828  12.392  -37.158  -11.609 0.2000000030
60320  15.501  -34.400  -12.111 0.2000000030
60309  13.450  -34.832  -11.363 0.2000000030
60310  12.661  -34.760  -11.621 0.2000000030
60337  16.143  -35.123  -13.774 0.2000000030
61858  15.303  -33.762  -12.306 0.2000000030
64635  13.790  -32.446  -11.521 0.2000000030
61847  12.009  -34.019  -11.878 0.2000000030
64675  15.110  -32.575  -13.491 0.2000000030
64634  14.435  -32.480  -11.805 0.2000000030
58812  16.567  -35.137  -14.044 0.1000000015
65880  12.946  -31.476  -11.485 0.2000000030
63354  15.268  -33.280  -13.670 0.2000000030
65905  14.454  -31.553  -12.217 0.2000000030
67184  14.648  -31.056  -13.765 0.2000000030
67151  14.368  -31.083  -12.430 0.1000000015
64704  14.794  -32.716  -14.901 0.2000000030
68374  13.953  -29.764  -13.306 0.1000000015
68306  13.110  -30.446  -11.696 0.1000000015
67201  14.334  -30.521  -14.331 0.1000000015
68406  14.386  -30.017  -14.982 0.1000000015
70759  13.431  -28.594  -13.230 0.1000000015
69663  15.654  -29.392  -16.579 0.1000000015
70798  13.877  -28.287  -14.397 0.1000000015
69680  16.206  -29.061  -17.160 0.1000000015
70838  15.651  -28.413  -16.548 0.1000000015
70819  14.582  -28.339  -15.430 0.1000000015
72215  13.308  -27.544  -13.923 0.1000000015
72249  14.856  -27.421  -15.741 0.1000000015
73629  13.715  -26.747  -14.804 0.1000000015
74882  12.906  -25.924  -14.135 0.1000000015
70854  16.182  -28.129  -17.062 0.1000000015
79162  10.477  -24.061  -12.297 0.1000000015
72268  15.943  -27.482  -16.761 0.1000000015
74862  12.194  -25.863  -13.331 0.1000000015
76158  11.406  -25.211  -12.677 0.1000000015
73668  15.654  -26.697  -16.540 0.1000000015
73630  13.276  -26.324  -14.491 0.1000000015
73612  12.600  -26.194  -13.741 0.1000000015
76199  12.321  -24.799  -13.943 0.1000000015
77640  11.006  -23.967  -12.902 0.1000000015
76200  11.940  -24.712  -13.512 0.1000000015
74899  13.217  -25.538  -14.579 0.1000000015
32884  17.794  -50.665  -17.381 0.2000000030
32860  17.718  -50.902  -16.022 0.2000000030
36869  17.536  -48.943  -14.004 0.2000000030
38204  14.957  -47.828  -13.694 0.2000000030
21739  5.246  -58.255  -2.096 0.2000000030
38223  15.858  -47.668  -14.527 0.2000000030
58770  12.095  -35.517  -11.914 0.2000000030
61846  12.557  -33.937  -11.712 0.2000000030
64636  13.046  -32.303  -11.457 0.2000000030
69566  13.370  -29.435  -12.377 0.1000000015
73591  12.575  -26.816  -13.287 0.1000000015
74842  12.098  -26.352  -12.740 0.1000000015
72193  12.949  -27.545  -13.338 0.1000000015
15511  13.491  -62.321  16.781 0.2000000030
39601  11.040  -47.022  -12.930 0.2000000030
55827  13.038  -37.363  -11.155 0.2000000030
58768  13.615  -35.690  -11.131 0.2000000030
61845  13.311  -34.002  -11.510 0.2000000030
38205  14.179  -47.960  -13.552 0.2000000030
41025  11.817  -45.933  -16.721 0.2000000030
42304  10.834  -45.277  -15.162 0.2000000030
40977  10.753  -45.982  -14.298 0.2000000030
40958  12.083  -46.405  -13.467 0.2000000030
50328  14.643  -40.392  -10.787 0.2000000030
6831  29.132  -70.120  12.681 0.1000000015
16438  13.507  -62.167  16.008 0.2000000030
34209  17.961  -50.137  -16.998 0.2000000030
38286  15.815  -47.639  -16.622 0.2000000030
38284  17.112  -48.214  -16.189 0.2000000030
41020  15.918  -46.118  -16.712 0.2000000030
38287  15.036  -47.449  -16.479 0.2000000030
44925  17.231  -43.399  -18.000 0.2000000030
47734  19.235  -42.159  -18.499 0.2000000030
42330  13.116  -45.222  -16.634 0.2000000030
46278  17.830  -42.640  -19.192 0.2000000030
43585  11.636  -44.392  -15.377 0.2000000030
44888  14.511  -43.678  -14.727 0.2000000030
40973  13.930  -45.884  -13.626 0.2000000030
44876  16.759  -43.477  -13.500 0.2000000030
42269  15.952  -45.128  -12.876 0.2000000030
42229  14.767  -45.081  -10.422 0.2000000030
46174  17.465  -42.753  -12.520 0.2000000030
43516  16.173  -44.347  -11.262 0.2000000030
43501  14.035  -44.677  -9.934 0.2000000030
44805  13.886  -44.133  -10.096 0.2000000030
47593  17.461  -42.208  -11.756 0.2000000030
58767  14.526  -35.772  -11.196 0.2000000030
61857  15.633  -34.167  -12.822 0.2000000030
61843  14.919  -34.233  -11.713 0.2000000030
60308  14.320  -34.925  -11.325 0.2000000030
60338  15.738  -34.661  -13.515 0.1000000015
61886  15.202  -33.764  -14.212 0.1000000015
63319  14.762  -33.327  -11.907 0.2000000030
64660  14.999  -32.482  -12.515 0.2000000030
67120  13.399  -30.839  -11.689 0.2000000030
65878  14.166  -31.986  -11.749 0.2000000030
65931  14.812  -31.833  -14.050 0.2000000030
67171  14.514  -30.932  -12.868 0.1000000015
67200  14.565  -31.189  -14.587 0.1000000015
67152  14.048  -30.819  -12.240 0.1000000015
68360  13.828  -29.909  -12.599 0.1000000015
65948  14.567  -31.996  -14.938 0.1000000015
68386  14.071  -29.662  -14.126 0.1000000015
69608  13.823  -29.054  -13.596 0.1000000015
69643  14.552  -29.283  -15.402 0.1000000015
69664  15.092  -29.121  -15.972 0.1000000015
70782  13.616  -28.327  -13.850 0.1000000015
72229  13.761  -27.559  -14.530 0.1000000015
70820  14.114  -28.093  -14.877 0.1000000015
69644  14.172  -28.945  -14.794 0.1000000015
70839  15.100  -28.163  -16.005 0.1000000015
72269  15.396  -27.480  -16.267 0.1000000015
72250  14.219  -27.301  -15.200 0.1000000015
73669  15.112  -26.663  -16.087 0.1000000015
74898  13.661  -25.919  -14.893 0.1000000015
344  20.210  -81.033  -12.020 0.1000000015
351  20.610  -81.153  -12.986 0.1000000015
524  15.047  -80.294  -10.283 0.1000000015
51  18.111  -81.995  -11.677 0.1000000015
198  15.528  -81.225  -11.018 0.1000000015
761  15.471  -80.112  -9.964 0.1000000015
1347  12.023  -78.145  -7.464 0.1000000015
1752  12.239  -77.687  -7.787 0.1000000015
1360  12.794  -78.446  -7.692 0.1000000015
1012  13.008  -79.058  -7.838 0.1000000015
1751  13.146  -77.804  -7.847 0.1000000015
2733  13.401  -76.476  -7.915 0.1000000015
745  13.809  -79.732  -8.316 0.1000000015
1357  14.401  -78.758  -8.222 0.1000000015
1764  14.190  -77.934  -7.972 0.1000000015
2230  14.881  -77.101  -8.003 0.1000000015
2731  15.273  -76.287  -8.011 0.1000000015
2717  13.854  -75.856  -7.814 0.1000000015
742  14.898  -79.492  -9.668 0.1000000015
2247  15.548  -77.679  -8.183 0.1000000015
1034  15.045  -79.712  -9.497 0.1000000015
2228  16.157  -76.995  -7.975 0.1000000015
1044  16.161  -79.948  -10.021 0.1000000015
1378  16.176  -79.069  -9.451 0.1000000015
2747  16.553  -76.972  -8.051 0.1000000015
208  17.840  -81.812  -12.551 0.1000000015
546  18.352  -80.815  -12.904 0.1000000015
356  17.776  -81.143  -12.272 0.1000000015
333  17.252  -80.773  -11.452 0.1000000015
335  16.045  -80.753  -10.968 0.1000000015
1042  17.262  -79.703  -10.419 0.1000000015
2243  17.969  -77.409  -8.487 0.1000000015
521  17.217  -80.279  -10.749 0.1000000015
1387  17.500  -79.524  -10.321 0.1000000015
2236  10.644  -77.000  -7.061 0.1000000015
2234  11.696  -77.152  -7.760 0.1000000015
2721  11.403  -76.178  -7.502 0.1000000015
2213  12.646  -76.541  -7.900 0.1000000015
1356  14.926  -78.678  -8.403 0.1000000015
2248  15.095  -77.822  -8.136 0.1000000015
1760  16.109  -77.980  -8.568 0.1000000015
2246  16.185  -77.514  -8.182 0.1000000015
1773  16.919  -78.409  -9.027 0.1000000015
1031  16.855  -79.267  -9.944 0.1000000015
1376  17.323  -79.095  -9.896 0.1000000015
778  19.066  -80.485  -12.421 0.1000000015
758  17.887  -80.047  -10.989 0.1000000015
1041  18.095  -79.712  -10.788 0.1000000015
1783  17.532  -78.719  -9.552 0.1000000015
2744  18.242  -76.862  -8.345 0.1000000015
7945  34.837  -69.597  -5.143 0.1000000015
1375  18.277  -79.252  -10.295 0.1000000015
2706  8.604  -75.681  -6.472 0.2000000030
2219  8.381  -76.169  -7.108 0.1000000015
2724  9.068  -76.046  -7.715 0.1000000015
2723  9.878  -76.276  -7.453 0.1000000015
2736  10.265  -76.639  -7.124 0.1000000015
3299  10.079  -75.565  -7.681 0.1000000015
3298  10.824  -75.530  -7.325 0.1000000015
3297  11.547  -75.626  -7.247 0.1000000015
3870  11.777  -74.928  -7.095 0.1000000015
2719  12.851  -76.110  -7.788 0.1000000015
4467  11.415  -74.128  -7.235 0.1000000015
5107  11.804  -73.279  -7.096 0.1000000015
4466  12.225  -74.151  -7.058 0.1000000015
4465  13.056  -74.201  -7.022 0.1000000015
1758  17.199  -77.937  -8.623 0.1000000015
3295  13.117  -75.497  -7.499 0.1000000015
7162  34.379  -70.769  -4.195 0.1000000015
6388  33.740  -71.239  -3.663 0.2000000030
1771  18.547  -78.214  -9.351 0.1000000015
7178  34.791  -70.277  -4.525 0.1000000015
6389  32.941  -71.590  -3.664 0.2000000030
1040  19.046  -79.799  -11.430 0.1000000015
1374  19.206  -79.138  -10.734 0.1000000015
2758  18.826  -77.113  -8.711 0.1000000015
1397  20.059  -79.595  -12.130 0.1000000015
1384  19.819  -79.363  -11.451 0.1000000015
9559  34.271  -68.181  -6.050 0.1000000015
11132  23.703  -66.721  2.186 0.1000000015
2201  8.035  -75.956  -7.010 0.1000000015
11161  24.607  -67.012  0.229 0.1000000015
11117  24.342  -66.687  2.637 0.1000000015
12833  24.152  -65.580  2.704 0.1000000015
2238  8.379  -75.896  -7.450 0.1000000015
10295  25.365  -67.584  0.779 0.1000000015
10270  25.546  -67.632  2.378 0.1000000015
3300  9.369  -75.585  -7.947 0.1000000015
4481  8.623  -74.124  -8.125 0.1000000015
10286  25.880  -68.016  1.585 0.1000000015
11985  25.679  -66.568  2.936 0.1000000015
3873  9.597  -74.856  -8.073 0.1000000015
4469  9.999  -73.952  -8.025 0.1000000015
10269  25.886  -67.854  2.800 0.1000000015
3872  10.372  -74.820  -7.715 0.1000000015
9413  26.376  -68.298  2.523 0.1000000015
6486  11.280  -72.297  -7.167 0.1000000015
9420  28.057  -68.267  2.247 0.2000000030
10283  28.272  -68.111  1.779 0.2000000030
2728  17.289  -76.460  -8.038 0.1000000015
9430  29.205  -68.675  1.261 0.2000000030
1770  19.326  -78.064  -9.644 0.1000000015
8622  30.604  -69.148  0.537 0.2000000030
9453  29.087  -67.821  0.085 0.2000000030
1780  19.708  -78.464  -10.243 0.1000000015
9451  30.360  -68.527  -0.010 0.2000000030
2254  19.777  -77.390  -9.455 0.1000000015
10403  33.632  -67.439  -6.838 0.1000000015
10393  34.009  -67.542  -6.342 0.1000000015
1769  19.968  -77.906  -9.921 0.1000000015
13832  22.549  -64.297  2.801 0.1000000015
20611  26.206  -58.428  1.801 0.1000000015
11986  25.109  -66.101  2.572 0.1000000015
12011  25.162  -65.470  0.820 0.1000000015
5110  9.978  -73.128  -7.983 0.1000000015
11129  26.295  -66.828  2.775 0.1000000015
12010  25.766  -65.987  1.057 0.1000000015
4468  10.745  -74.103  -7.624 0.1000000015
6488  10.039  -71.703  -7.482 0.1000000015
9412  27.012  -68.505  2.857 0.2000000030
11114  26.621  -67.262  3.037 0.1000000015
12018  25.561  -65.732  0.201 0.1000000015
10285  27.225  -67.212  2.187 0.2000000030
12009  26.508  -66.444  1.221 0.1000000015
5774  11.092  -72.797  -7.411 0.1000000015
10293  27.859  -67.384  1.143 0.2000000030
10301  28.320  -67.509  0.562 0.2000000030
7115  34.955  -70.497  -2.817 0.2000000030
6367  33.928  -71.181  -2.529 0.2000000030
7142  31.607  -71.047  -3.637 0.2000000030
9452  29.588  -68.115  -0.116 0.2000000030
10324  29.006  -67.510  -0.822 0.2000000030
6391  31.911  -71.245  -3.774 0.2000000030
8620  31.990  -69.470  0.091 0.2000000030
8653  31.319  -68.869  -0.601 0.2000000030
9468  30.177  -68.120  -0.775 0.2000000030
1373  20.139  -78.739  -10.871 0.1000000015
12084  33.319  -66.597  -7.361 0.1000000015
14829  22.638  -63.423  2.316 0.1000000015
17607  23.019  -61.513  1.640 0.1000000015
15745  22.805  -62.755  1.854 0.1000000015
20629  25.286  -58.518  1.055 0.1000000015
19624  23.787  -59.952  1.894 0.1000000015
17606  23.239  -61.479  1.062 0.1000000015
15756  23.297  -62.708  0.662 0.1000000015
12875  24.125  -64.751  0.922 0.1000000015
21656  26.500  -58.008  1.073 0.1000000015
21657  25.828  -58.103  0.787 0.1000000015
19623  24.063  -59.753  1.209 0.1000000015
16711  23.820  -61.969  -0.458 0.1000000015
14883  23.490  -63.037  0.382 0.1000000015
13868  23.929  -64.201  0.351 0.1000000015
21676  28.919  -58.324  0.720 0.1000000015
12890  24.363  -64.722  0.188 0.1000000015
21675  29.695  -58.184  0.210 0.1000000015
21677  28.147  -57.769  0.760 0.1000000015
12889  24.681  -65.020  -0.004 0.1000000015
6472  10.719  -71.288  -7.063 0.1000000015
12903  25.416  -65.364  -0.831 0.1000000015
5775  10.379  -72.559  -7.779 0.1000000015
11150  27.130  -66.800  1.087 0.2000000030
12024  25.835  -65.787  -0.592 0.2000000030
12917  25.745  -65.477  -1.220 0.2000000030
11159  26.962  -66.606  0.386 0.2000000030
10302  27.858  -67.156  0.522 0.2000000030
12023  26.459  -66.167  -0.756 0.2000000030
12036  26.448  -65.776  -1.830 0.2000000030
10312  28.142  -67.171  -0.086 0.2000000030
12030  26.781  -66.132  -1.421 0.2000000030
12939  26.092  -64.838  -2.763 0.2000000030
11175  27.957  -66.932  -0.661 0.2000000030
12938  26.722  -65.364  -2.835 0.2000000030
11183  28.373  -66.905  -1.565 0.2000000030
11184  27.751  -66.468  -2.030 0.2000000030
12937  27.260  -65.678  -3.065 0.2000000030
6409  32.636  -71.524  -4.394 0.2000000030
10348  30.626  -67.959  -2.572 0.2000000030
9483  30.795  -68.277  -1.780 0.2000000030
10337  29.307  -67.485  -1.506 0.2000000030
11195  29.706  -67.283  -3.024 0.2000000030
10336  30.043  -67.839  -1.586 0.2000000030
11190  29.211  -67.197  -2.329 0.2000000030
6426  33.944  -71.042  -5.220 0.1000000015
6407  33.901  -71.110  -4.669 0.2000000030
14053  33.744  -64.843  -8.228 0.1000000015
13018  33.348  -65.560  -7.912 0.1000000015
7909  30.896  -70.312  -4.028 0.2000000030
18588  23.865  -60.301  0.690 0.1000000015
18603  23.655  -60.928  0.470 0.1000000015
16692  23.350  -62.105  0.530 0.1000000015
18602  23.960  -60.435  0.090 0.1000000015
17637  23.748  -61.371  -0.120 0.1000000015
14882  23.761  -63.354  -0.074 0.1000000015
21679  26.120  -57.837  0.245 0.1000000015
20650  24.942  -58.784  0.123 0.1000000015
19652  24.425  -59.884  -0.418 0.1000000015
17646  24.317  -61.292  -1.054 0.1000000015
15800  23.970  -62.596  -0.812 0.1000000015
14894  24.318  -63.541  -1.044 0.1000000015
7976  10.036  -69.789  -5.971 0.1000000015
22730  29.580  -57.502  -0.082 0.1000000015
21678  27.148  -57.429  0.368 0.1000000015
22715  27.617  -57.119  -0.117 0.1000000015
14893  24.597  -63.624  -1.531 0.1000000015
7992  9.620  -70.156  -6.557 0.1000000015
21690  30.689  -58.276  -0.697 0.1000000015
13911  25.231  -64.110  -2.219 0.2000000030
15822  25.480  -62.697  -2.993 0.1000000015
7218  9.193  -70.502  -7.161 0.1000000015
13910  25.667  -64.541  -2.456 0.2000000030
11191  28.325  -66.541  -2.716 0.2000000030
21713  25.300  -58.612  -0.833 0.1000000015
19659  24.816  -59.826  -1.163 0.1000000015
17659  24.461  -61.554  -1.446 0.1000000015
15816  24.601  -62.584  -1.850 0.1000000015
22714  28.082  -57.213  0.171 0.1000000015
18641  25.047  -60.499  -1.877 0.1000000015
17665  24.998  -61.338  -2.147 0.1000000015
7958  8.898  -69.453  -5.134 0.1000000015
7978  8.446  -69.899  -5.815 0.1000000015
7946  34.449  -69.935  -5.786 0.1000000015
7164  31.231  -70.586  -4.642 0.2000000030
19671  25.238  -59.761  -1.812 0.1000000015
7993  8.794  -70.137  -6.529 0.1000000015
8757  9.434  -69.105  -4.875 0.1000000015
7925  8.516  -69.297  -3.859 0.1000000015
7963  34.287  -69.581  -6.381 0.1000000015
8727  29.765  -69.346  -4.694 0.2000000030
7979  7.812  -70.222  -5.694 0.1000000015
8741  9.584  -68.897  -4.317 0.1000000015
8700  8.637  -69.324  -3.013 0.1000000015
8722  9.868  -68.886  -3.557 0.1000000015
8770  33.864  -69.032  -6.835 0.1000000015
7180  31.567  -70.967  -5.317 0.2000000030
6428  32.966  -71.550  -5.182 0.1000000015
14278  16.616  -64.162  -20.420 0.1000000015
14258  16.661  -64.049  -19.670 0.1000000015
15151  16.248  -63.864  -18.388 0.1000000015
12289  17.871  -65.858  -18.789 0.1000000015
14243  17.301  -64.607  -18.684 0.1000000015
12288  18.201  -66.124  -18.463 0.1000000015
7941  7.825  -69.809  -4.300 0.1000000015
7812  8.214  -70.364  1.053 0.1000000015
8677  8.936  -69.283  -2.053 0.1000000015
8663  8.759  -69.442  -1.093 0.1000000015
8634  8.648  -69.835  0.081 0.1000000015
9577  33.551  -68.523  -7.196 0.1000000015
7181  30.981  -70.546  -5.482 0.2000000030
13293  16.467  -65.109  -21.580 0.1000000015
14322  16.314  -64.422  -21.759 0.1000000015
15208  16.226  -63.740  -21.128 0.1000000015
15164  16.198  -63.682  -19.217 0.1000000015
13277  17.056  -65.195  -19.999 0.1000000015
13292  16.776  -65.298  -20.896 0.1000000015
12310  17.532  -65.923  -19.428 0.1000000015
11449  17.490  -66.797  -19.899 0.1000000015
10623  18.079  -67.391  -19.424 0.1000000015
10608  18.458  -67.136  -18.863 0.1000000015
10607  18.959  -67.480  -18.649 0.2000000030
9814  17.963  -68.520  -20.339 0.1000000015
9776  18.995  -68.136  -19.157 0.1000000015
7904  7.753  -69.883  -2.803 0.1000000015
7833  8.124  -70.068  0.066 0.1000000015
11235  33.184  -66.959  -8.063 0.1000000015
13306  17.479  -65.015  -22.504 0.1000000015
14363  16.724  -64.473  -23.397 0.1000000015
14386  16.127  -63.895  -23.732 0.2000000030
14365  15.931  -63.857  -23.101 0.1000000015
7189  31.279  -70.959  -6.218 0.1000000015
12374  16.642  -65.467  -22.710 0.1000000015
13322  16.857  -64.993  -22.964 0.1000000015
13323  16.453  -64.944  -22.721 0.1000000015
15252  15.999  -63.878  -22.418 0.1000000015
15232  15.879  -63.373  -21.760 0.1000000015
11507  17.184  -66.802  -21.773 0.1000000015
12342  16.678  -65.951  -21.586 0.1000000015
11488  16.985  -66.967  -21.080 0.1000000015
10638  17.182  -67.652  -20.886 0.1000000015
9815  17.489  -68.168  -20.586 0.1000000015
9831  17.311  -68.426  -21.296 0.1000000015
9830  17.675  -68.674  -20.885 0.1000000015
8994  18.552  -69.012  -20.401 0.1000000015
7864  7.561  -70.271  -1.342 0.1000000015
7848  7.651  -70.243  -0.555 0.1000000015
6293  7.293  -71.770  1.788 0.1000000015
6275  7.558  -71.665  2.501 0.1000000015
4927  7.089  -73.239  4.171 0.1000000015
16149  17.806  -62.695  -22.578 0.2000000030
17045  18.371  -61.781  -21.751 0.2000000030
15207  18.165  -63.172  -21.413 0.2000000030
17063  17.626  -62.152  -23.007 0.2000000030
16180  16.335  -62.838  -24.474 0.2000000030
6443  32.664  -71.615  -5.978 0.1000000015
14321  17.763  -64.174  -22.279 0.2000000030
15230  17.917  -63.355  -22.084 0.2000000030
15251  17.264  -63.664  -23.278 0.2000000030
15285  16.501  -63.601  -24.072 0.2000000030
16181  15.662  -62.673  -24.430 0.2000000030
11487  17.889  -66.120  -22.015 0.1000000015
12341  17.919  -65.652  -21.966 0.1000000015
12359  16.941  -66.004  -22.357 0.1000000015
11505  18.132  -67.132  -21.893 0.1000000015
10654  17.083  -67.663  -21.577 0.1000000015
7066  7.223  -70.950  0.236 0.1000000015
5598  7.314  -72.478  2.439 0.1000000015
3690  6.467  -74.817  5.527 0.1000000015
4287  6.160  -73.650  6.444 0.1000000015
15206  18.439  -62.964  -20.898 0.2000000030
15163  19.021  -63.255  -19.764 0.2000000030
17019  18.979  -61.916  -20.481 0.2000000030
13276  18.839  -64.716  -20.480 0.1000000015
17095  14.645  -61.894  -24.159 0.2000000030
12325  18.747  -65.540  -20.945 0.1000000015
12340  18.261  -65.467  -21.481 0.1000000015
11506  17.643  -66.731  -22.077 0.1000000015
226032  6.418  -75.467  6.333 0.1000000015
226033  6.119  -75.138  7.469 0.1000000015
3658  6.044  -74.854  8.588 0.1000000015
16948  20.390  -62.012  -16.593 0.2000000030
17934  19.765  -61.461  -19.153 0.2000000030
16970  19.778  -62.202  -18.509 0.2000000030
17972  19.343  -61.334  -20.392 0.2000000030
18008  18.380  -61.292  -22.117 0.2000000030
16045  19.985  -62.956  -18.036 0.2000000030
16076  19.237  -62.750  -19.446 0.2000000030
17080  17.682  -61.534  -23.173 0.2000000030
14255  19.418  -64.070  -19.300 0.2000000030
17081  17.315  -61.941  -23.685 0.2000000030
17093  15.885  -61.958  -24.964 0.2000000030
18043  16.424  -61.184  -24.863 0.2000000030
17107  15.167  -61.604  -25.033 0.2000000030
17096  13.799  -61.655  -24.156 0.2000000030
17892  20.359  -61.234  -17.287 0.2000000030
17913  20.146  -61.356  -18.228 0.2000000030
18943  18.923  -60.806  -21.519 0.2000000030
18983  18.224  -60.357  -22.902 0.2000000030
19021  16.605  -60.250  -24.657 0.2000000030
19033  14.817  -60.555  -24.982 0.2000000030
16936  20.938  -61.982  -15.197 0.2000000030
18912  19.641  -61.023  -20.073 0.2000000030
19978  19.227  -59.823  -21.712 0.2000000030
19994  18.477  -59.842  -22.801 0.2000000030
19019  17.748  -60.092  -23.990 0.2000000030
21067  17.958  -59.071  -23.149 0.2000000030
20035  16.170  -59.647  -24.230 0.2000000030
18883  20.483  -60.451  -17.991 0.2000000030
18925  19.877  -60.227  -20.366 0.2000000030
21051  18.611  -59.316  -22.747 0.2000000030
17877  20.468  -61.055  -16.297 0.2000000030
19940  20.430  -59.681  -19.556 0.2000000030
19966  19.989  -59.417  -20.854 0.2000000030
22073  20.296  -58.630  -20.584 0.2000000030
22088  19.653  -58.686  -21.609 0.2000000030
18839  20.616  -60.549  -15.666 0.2000000030
18868  20.559  -60.262  -17.111 0.2000000030
19880  20.771  -59.685  -16.788 0.2000000030
19927  20.760  -59.555  -18.589 0.2000000030
19913  21.052  -59.176  -17.904 0.2000000030
22060  20.359  -58.082  -20.199 0.2000000030
22049  20.727  -57.675  -19.202 0.2000000030
24181  21.042  -56.467  -15.857 0.2000000030
25337  20.259  -55.888  -16.430 0.2000000030
25317  20.330  -55.537  -15.918 0.1000000015
26530  19.133  -54.976  -15.395 0.1000000015
24157  21.507  -56.405  -15.084 0.1000000015
26528  20.460  -54.721  -15.546 0.1000000015
22956  22.678  -57.005  -11.761 0.1000000015
22987  21.745  -56.917  -14.251 0.2000000030
24136  22.077  -56.154  -13.408 0.1000000015
25297  21.726  -55.974  -14.986 0.1000000015
25316  21.255  -55.544  -15.308 0.1000000015
29001  19.822  -53.307  -15.454 0.2000000030
24102  23.121  -56.079  -11.586 0.1000000015
24103  22.438  -56.368  -12.012 0.1000000015
24120  22.599  -55.656  -12.101 0.1000000015
25246  22.725  -54.892  -12.277 0.1000000015
25264  22.302  -55.534  -13.258 0.1000000015
25263  22.585  -54.835  -13.006 0.1000000015
25296  22.194  -55.564  -14.779 0.1000000015
25295  22.674  -55.138  -14.685 0.1000000015
26527  21.197  -54.613  -15.273 0.1000000015
26526  22.081  -54.619  -15.235 0.2000000030
27746  22.046  -53.745  -15.665 0.2000000030
26031  14.233  -54.849  9.870 0.1000000015
26032  13.627  -54.880  9.601 0.1000000015
20708  5.408  -58.678  -1.734 0.1000000015
20690  6.351  -58.690  -1.100 0.1000000015
20676  5.467  -58.559  -0.270 0.1000000015
40747  7.129  -45.902  -2.071 0.1000000015
750  14.908  -79.941  -9.845 0.1000000015
752  14.148  -79.874  -9.073 0.1000000015
20454  13.642  -58.971  10.271 0.1000000015
28518  14.545  -53.379  10.077 0.1000000015
2217  9.982  -76.888  -6.930 0.1000000015
1755  10.633  -77.582  -6.804 0.1000000015
1013  12.616  -78.781  -7.535 0.1000000015
1000  11.953  -78.738  -7.036 0.1000000015
339  16.800  -81.135  -11.341 0.1000000015
59  17.444  -81.898  -11.979 0.1000000015
57  18.317  -82.093  -12.352 0.1000000015
45  18.915  -81.970  -11.906 0.1000000015
2049  7.425  -76.876  7.412 0.1000000015
9440  29.741  -68.595  0.574 0.2000000030
8652  31.685  -68.946  -1.077 0.2000000030
12001  24.477  -65.426  2.084 0.1000000015
19023  15.077  -60.051  -24.695 0.2000000030
21053  17.832  -59.034  -22.780 0.2000000030
22075  19.418  -58.232  -21.478 0.2000000030
18056  13.948  -61.237  -24.818 0.2000000030
27748  20.501  -53.937  -15.351 0.2000000030
3314  8.444  -75.148  -7.862 0.1000000015
11416  19.007  -66.780  -17.965 0.2000000030
13257  17.350  -65.109  -19.245 0.1000000015
15185  15.725  -63.249  -20.548 0.1000000015
16183  14.931  -62.232  -23.640 0.2000000030
15184  16.192  -63.636  -20.098 0.1000000015
15287  15.569  -63.031  -23.875 0.2000000030
1754  11.193  -77.567  -7.191 0.1000000015
522  16.490  -80.327  -10.640 0.1000000015
1346  12.781  -78.100  -7.778 0.1000000015
2233  12.364  -77.214  -7.896 0.1000000015
1358  13.700  -78.439  -7.944 0.1000000015
1022  14.244  -79.286  -8.509 0.1000000015
2232  13.058  -77.025  -7.929 0.1000000015
1750  13.839  -77.664  -7.916 0.1000000015
1368  15.238  -79.079  -8.801 0.1000000015
1355  15.280  -78.641  -8.597 0.1000000015
1366  16.145  -78.802  -9.299 0.1000000015
538  17.958  -80.849  -12.099 0.1000000015
767  18.454  -80.436  -11.848 0.1000000015
2722  10.743  -76.235  -7.390 0.1000000015
757  18.586  -80.106  -11.477 0.1000000015
1781  18.845  -78.673  -9.981 0.1000000015
3280  10.870  -75.265  -7.184 0.1000000015
11142  25.056  -67.302  1.157 0.1000000015
11970  25.000  -66.594  2.843 0.1000000015
12000  25.022  -65.658  1.765 0.1000000015
12860  24.671  -65.216  1.157 0.1000000015
11140  26.785  -66.755  1.886 0.1000000015
18589  23.578  -60.529  1.327 0.1000000015
20651  24.494  -59.236  0.529 0.1000000015
13882  24.346  -64.273  -0.422 0.1000000015
13881  24.611  -64.412  -0.878 0.1000000015
12918  25.334  -65.037  -1.355 0.2000000030
11167  27.475  -66.774  -0.211 0.2000000030
11197  28.566  -66.333  -3.449 0.2000000030
18617  24.079  -60.834  -0.456 0.1000000015
18627  24.652  -60.507  -1.297 0.1000000015
14301  16.567  -64.572  -21.069 0.1000000015
14257  17.042  -64.562  -19.419 0.1000000015
11448  17.849  -66.620  -19.322 0.1000000015
12326  17.044  -66.185  -20.495 0.1000000015
10622  18.558  -67.943  -19.328 0.1000000015
8995  17.961  -68.904  -20.751 0.1000000015
8978  19.384  -68.991  -19.945 0.1000000015
13307  17.089  -65.516  -22.615 0.1000000015
13291  18.018  -64.853  -21.872 0.2000000030
14364  16.348  -64.426  -23.215 0.1000000015
16150  17.416  -62.834  -23.182 0.2000000030
14299  18.088  -64.026  -21.605 0.2000000030
14276  18.907  -63.918  -20.049 0.2000000030
10673  17.392  -67.579  -22.103 0.1000000015
16987  19.517  -62.214  -19.100 0.2000000030
12308  19.630  -65.115  -19.678 0.1000000015
18035  17.582  -60.881  -23.678 0.2000000030
8521  26.703  -69.308  8.861 0.1000000015
7703  27.235  -69.598  8.771 0.1000000015
8535  28.791  -69.183  8.394 0.1000000015
6926  29.075  -70.657  8.455 0.1000000015
6202  28.206  -71.376  8.859 0.1000000015
8550  32.405  -69.406  7.130 0.1000000015
10196  26.510  -68.237  8.796 0.1000000015
9338  26.626  -68.587  8.806 0.1000000015
10207  24.551  -67.795  8.589 0.1000000015
9350  27.584  -68.648  8.616 0.1000000015
10203  27.708  -67.882  8.515 0.1000000015
18783  21.646  -60.856  -13.291 0.1000000015
16905  21.397  -61.518  -14.030 0.1000000015
6105  9.400  -71.750  13.332 0.1000000015
4804  7.911  -73.630  13.557 0.1000000015
18782  23.678  -60.496  -12.600 0.1000000015
18765  22.465  -60.354  -12.571 0.1000000015
17810  22.643  -61.253  -13.030 0.1000000015
17809  23.442  -60.993  -12.847 0.1000000015
16904  21.867  -61.929  -13.929 0.1000000015
16883  23.905  -61.627  -13.422 0.1000000015
15979  21.867  -62.344  -14.359 0.1000000015
16013  20.656  -62.454  -16.162 0.1000000015
16025  20.648  -63.039  -16.615 0.1000000015
15150  19.619  -63.537  -18.800 0.1000000015
6095  10.125  -71.907  14.105 0.1000000015
19789  24.229  -59.504  -12.161 0.1000000015
19788  24.998  -59.642  -12.576 0.1000000015
18767  21.413  -60.274  -13.251 0.1000000015
18838  20.728  -60.156  -15.210 0.1000000015
18780  24.985  -60.443  -13.199 0.1000000015
19879  20.977  -59.459  -16.196 0.1000000015
17831  24.581  -61.426  -13.726 0.1000000015
15977  23.040  -62.695  -14.230 0.1000000015
15996  21.674  -62.738  -14.806 0.1000000015
15994  23.372  -63.198  -14.857 0.1000000015
15093  21.593  -63.578  -15.660 0.1000000015
16035  20.321  -63.186  -17.456 0.1000000015
15092  22.470  -63.878  -15.627 0.1000000015
14170  21.708  -63.949  -15.996 0.1000000015
15123  20.737  -63.877  -17.257 0.1000000015
13275  19.296  -64.624  -19.790 0.1000000015
9282  13.261  -68.780  13.675 0.1000000015
8458  12.912  -69.628  13.726 0.1000000015
5431  9.913  -72.416  14.772 0.1000000015
7611  12.535  -70.040  13.103 0.1000000015
6842  9.491  -71.333  12.744 0.1000000015
19792  21.868  -59.710  -12.569 0.1000000015
19790  23.436  -59.604  -12.143 0.1000000015
20870  20.962  -59.260  -14.337 0.1000000015
20827  24.242  -58.662  -11.818 0.1000000015
14206  21.405  -64.499  -17.213 0.1000000015
14225  20.668  -64.382  -17.904 0.1000000015
13192  21.724  -64.993  -17.591 0.1000000015
13231  20.613  -64.844  -18.485 0.1000000015
4784  10.011  -73.049  16.019 0.1000000015
5430  10.468  -72.152  14.912 0.1000000015
6103  10.663  -71.370  13.545 0.1000000015
21883  24.718  -57.902  -11.656 0.1000000015
21884  23.853  -57.840  -11.573 0.1000000015
20828  23.384  -58.521  -11.716 0.1000000015
20840  21.975  -58.821  -12.293 0.1000000015
20855  21.095  -59.260  -13.598 0.1000000015
20914  21.171  -58.918  -15.700 0.1000000015
21994  21.225  -58.127  -16.486 0.1000000015
6077  11.089  -71.716  15.466 0.1000000015
6076  11.449  -71.298  15.360 0.1000000015
6093  11.426  -71.242  14.040 0.1000000015
22954  24.367  -57.075  -11.464 0.1000000015
21886  22.293  -57.754  -11.972 0.1000000015
21938  21.327  -58.294  -15.300 0.1000000015
23028  21.264  -57.601  -15.966 0.1000000015
21908  21.339  -58.249  -13.249 0.1000000015
21907  21.516  -57.697  -13.071 0.1000000015
24936  10.098  -55.446  6.654 0.1000000015
27345  10.670  -54.087  6.732 0.1000000015
22607  10.362  -56.897  6.719 0.1000000015
18503  9.941  -59.945  6.911 0.1000000015
17507  9.551  -60.694  7.838 0.1000000015
17487  8.674  -60.887  8.143 0.1000000015
22619  8.992  -56.975  6.249 0.1000000015
20544  9.655  -58.250  6.675 0.1000000015
27346  9.936  -54.073  6.365 0.1000000015
22618  9.629  -56.926  6.525 0.1000000015
29902  9.729  -52.575  5.956 0.1000000015
28612  10.139  -53.350  6.390 0.1000000015
20545  9.028  -58.239  6.549 0.1000000015
18505  8.613  -59.851  7.088 0.1000000015
32465  9.697  -50.979  5.702 0.1000000015
35139  9.847  -49.140  5.183 0.1000000015
16565  8.403  -61.591  9.054 0.1000000015
15635  7.669  -62.275  9.179 0.1000000015
14731  7.548  -62.940  9.513 0.1000000015
23749  9.235  -56.250  6.279 0.1000000015
26108  9.086  -54.837  5.992 0.1000000015
29920  8.658  -52.236  5.525 0.1000000015
28613  9.532  -53.370  6.017 0.1000000015
32466  9.246  -51.293  5.526 0.1000000015
32479  9.334  -50.434  5.344 0.1000000015
16594  8.053  -61.021  8.215 0.1000000015
15648  7.081  -62.459  8.680 0.1000000015
13731  6.904  -63.871  9.207 0.1000000015
13718  7.408  -63.745  9.996 0.1000000015
19551  8.181  -58.823  6.608 0.1000000015
18506  8.037  -59.777  7.156 0.1000000015
28615  8.113  -53.420  5.690 0.1000000015
26109  8.407  -54.881  5.789 0.1000000015
24939  8.175  -55.631  5.798 0.1000000015
28616  7.379  -53.422  5.500 0.1000000015
12720  6.639  -64.579  10.286 0.1000000015
11846  6.612  -64.502  11.506 0.1000000015
11004  6.855  -65.426  12.791 0.1000000015
21577  8.101  -57.690  6.188 0.1000000015
18507  7.475  -59.977  7.389 0.1000000015
26110  7.663  -54.901  5.709 0.1000000015
16608  7.164  -61.109  8.130 0.1000000015
28617  6.579  -53.355  5.421 0.1000000015
43252  17.748  -44.390  1.951 0.1000000015
13733  5.598  -64.157  9.642 0.1000000015
12711  5.994  -63.816  11.060 0.1000000015
21578  7.483  -57.693  6.283 0.1000000015
23752  7.226  -56.411  5.846 0.1000000015
6853  10.486  -70.886  12.547 0.1000000015
40642  12.738  -46.217  5.042 0.1000000015
6928  27.758  -70.842  8.852 0.1000000015
7701  28.555  -69.971  8.493 0.1000000015
6200  29.575  -71.276  8.537 0.1000000015
20961  21.267  -58.405  -17.590 0.1000000015
23001  21.490  -57.328  -14.936 0.1000000015
22988  21.475  -57.597  -13.878 0.1000000015
7712  30.832  -69.764  7.613 0.1000000015
6925  29.849  -70.550  8.284 0.1000000015
6938  31.002  -70.338  7.761 0.1000000015
7081  34.582  -70.066  -1.575 0.1000000015
7850  34.052  -69.814  -1.349 0.1000000015
8651  32.480  -69.250  -1.213 0.1000000015
7930  35.360  -69.561  -3.600 0.1000000015
8664  34.586  -69.412  -2.363 0.1000000015
8666  33.387  -69.280  -1.979 0.1000000015
8683  32.456  -68.995  -2.122 0.1000000015
9482  31.533  -68.659  -1.853 0.1000000015
8725  35.302  -69.077  -3.957 0.1000000015
8703  34.158  -68.955  -3.295 0.1000000015
9537  31.883  -67.977  -4.109 0.1000000015
9521  31.601  -68.357  -2.978 0.1000000015
10367  32.692  -67.755  -4.633 0.1000000015
9518  33.429  -68.553  -3.834 0.1000000015
10370  30.917  -67.484  -4.189 0.1000000015
10361  30.334  -67.580  -3.204 0.1000000015
11201  29.334  -66.439  -4.116 0.1000000015
12048  27.945  -65.855  -3.558 0.1000000015
12950  26.826  -64.869  -3.579 0.1000000015
10382  31.606  -67.395  -4.832 0.1000000015
10383  31.212  -67.406  -4.607 0.1000000015
11200  30.109  -67.016  -4.066 0.1000000015
12054  28.999  -65.902  -4.524 0.1000000015
12055  28.629  -65.897  -4.199 0.1000000015
12961  27.650  -64.862  -4.370 0.1000000015
13938  27.151  -64.660  -4.067 0.1000000015
13924  25.933  -64.100  -3.069 0.1000000015
13940  26.126  -63.683  -3.488 0.1000000015
13955  27.404  -63.953  -4.634 0.1000000015
13956  26.890  -63.585  -4.296 0.1000000015
14916  26.616  -63.184  -4.109 0.1000000015
14563  13.871  -63.687  19.279 0.1000000015
14558  12.356  -63.497  19.916 0.1000000015
15467  10.911  -62.383  19.872 0.1000000015
16364  10.989  -61.651  20.313 0.1000000015
14572  12.994  -63.067  18.877 0.1000000015
15493  13.511  -62.780  18.053 0.1000000015
17316  12.405  -60.895  19.669 0.1000000015
16380  10.797  -61.473  19.329 0.1000000015
15487  11.141  -61.925  18.534 0.1000000015
15485  12.197  -62.676  18.716 0.1000000015
15494  12.707  -62.447  17.937 0.1000000015
17315  13.247  -60.936  19.734 0.1000000015
17318  11.040  -60.858  19.277 0.1000000015
18266  12.217  -60.611  19.054 0.1000000015
17332  10.821  -60.728  18.586 0.1000000015
18282  12.725  -60.466  18.464 0.1000000015
18283  11.918  -60.353  18.514 0.1000000015
18284  11.329  -60.327  18.360 0.1000000015
18299  14.101  -60.347  17.816 0.1000000015
18301  12.481  -60.228  17.787 0.1000000015
18316  13.042  -60.201  17.065 0.1000000015
18302  11.738  -60.121  17.803 0.1000000015
17344  10.667  -60.775  17.689 0.1000000015
18330  13.603  -60.203  16.379 0.1000000015
18331  12.858  -60.006  16.328 0.1000000015
18318  11.501  -59.921  17.178 0.1000000015
18347  13.423  -60.025  15.685 0.1000000015
19330  12.371  -59.791  16.141 0.1000000015
18362  13.906  -60.062  15.182 0.1000000015
19345  12.929  -59.807  15.493 0.1000000015
19347  11.450  -59.647  15.403 0.1000000015
19361  13.494  -59.861  14.776 0.1000000015
34186  22.233  -49.571  -14.802 0.1000000015
34164  22.841  -49.765  -13.554 0.1000000015
19363  11.894  -59.572  14.705 0.1000000015
19378  13.957  -59.786  13.816 0.1000000015
32965  19.288  -51.161  -22.554 0.1000000015
35535  21.650  -49.360  -16.360 0.1000000015
34220  22.108  -49.830  -16.757 0.1000000015
32894  22.786  -50.871  -18.244 0.1000000015
32935  21.447  -51.003  -20.662 0.1000000015
36867  21.726  -48.380  -14.080 0.1000000015
34187  21.946  -49.299  -14.972 0.1000000015
34207  22.545  -50.180  -16.198 0.1000000015
32922  22.062  -51.121  -19.906 0.1000000015
38201  22.212  -48.201  -13.223 0.1000000015
35464  22.137  -48.950  -14.068 0.1000000015
36818  22.964  -48.607  -12.538 0.1000000015
34157  23.161  -49.913  -12.842 0.1000000015
32825  23.003  -50.568  -13.796 0.1000000015
31492  23.051  -51.224  -13.113 0.1000000015
19379  13.127  -59.686  13.916 0.1000000015
19400  13.523  -59.657  13.057 0.1000000015
32948  20.064  -50.716  -21.816 0.1000000015
34301  18.652  -50.245  -22.202 0.1000000015
34263  21.502  -50.204  -19.638 0.1000000015
34277  20.636  -49.785  -20.670 0.1000000015
34249  21.950  -50.275  -18.888 0.1000000015
36895  21.109  -48.301  -14.882 0.1000000015
39594  22.785  -46.702  -12.104 0.1000000015
38172  24.105  -47.697  -11.438 0.1000000015
38173  23.361  -47.680  -11.899 0.1000000015
36803  23.369  -48.560  -12.162 0.1000000015
35405  23.696  -49.158  -11.884 0.1000000015
32809  23.255  -50.595  -12.703 0.1000000015
31482  23.234  -51.303  -12.532 0.1000000015
30231  22.966  -52.200  -13.581 0.1000000015
27699  23.420  -53.513  -14.742 0.1000000015
34303  17.065  -49.967  -22.327 0.1000000015
35581  21.060  -49.381  -19.506 0.1000000015
35609  17.923  -49.432  -21.673 0.1000000015
36927  20.820  -48.501  -16.227 0.1000000015
34235  21.407  -49.411  -18.269 0.1000000015
37007  18.893  -48.880  -20.921 0.1000000015
39612  21.300  -46.627  -13.415 0.1000000015
38203  21.210  -47.113  -13.742 0.1000000015
38241  20.779  -47.881  -14.860 0.1000000015
42253  22.977  -45.228  -11.978 0.1000000015
40939  22.621  -45.928  -12.183 0.1000000015
38190  22.045  -47.098  -12.794 0.1000000015
40931  23.110  -45.991  -11.810 0.1000000015
39585  23.263  -46.761  -11.753 0.1000000015
42244  24.148  -45.334  -11.349 0.1000000015
40929  24.295  -46.152  -11.229 0.1000000015
36789  24.414  -48.465  -11.389 0.1000000015
32802  23.929  -50.640  -11.718 0.1000000015
26496  23.104  -54.298  -15.592 0.1000000015
36968  20.873  -48.545  -18.163 0.1000000015
36994  20.349  -48.185  -19.927 0.1000000015
36995  19.836  -48.257  -20.459 0.1000000015
39627  20.892  -46.713  -13.848 0.1000000015
39641  20.064  -46.698  -14.939 0.1000000015
36939  20.358  -47.819  -17.165 0.1000000015
44840  23.178  -43.962  -12.081 0.1000000015
42281  21.183  -45.190  -13.434 0.1000000015
40991  20.267  -46.007  -14.400 0.1000000015
44839  23.701  -43.721  -11.860 0.1000000015
43527  23.971  -44.513  -11.560 0.1000000015
38334  20.389  -47.149  -18.398 0.1000000015
38262  19.876  -47.103  -16.189 0.1000000015
39709  20.324  -46.564  -18.859 0.1000000015
43551  21.940  -44.443  -12.871 0.1000000015
43565  21.052  -44.461  -13.752 0.1000000015
40992  19.917  -45.858  -14.937 0.1000000015
41017  19.628  -45.792  -16.224 0.1000000015
38320  20.231  -46.970  -17.842 0.1000000015
46160  24.893  -42.914  -11.590 0.1000000015
43566  20.552  -44.430  -14.246 0.1000000015
39719  19.431  -46.458  -19.765 0.1000000015
44861  22.359  -43.391  -12.830 0.1000000015
42324  19.535  -44.957  -16.507 0.1000000015
41044  19.988  -45.924  -17.840 0.1000000015
41059  20.183  -45.913  -19.225 0.1000000015
46162  23.608  -43.079  -12.086 0.1000000015
42313  19.623  -45.074  -15.761 0.1000000015
44862  21.941  -43.670  -13.147 0.1000000015
44874  21.003  -43.687  -14.055 0.1000000015
42344  19.793  -44.681  -18.160 0.1000000015
42357  19.524  -44.917  -19.506 0.1000000015
47590  24.645  -42.201  -11.920 0.1000000015
47605  22.556  -42.469  -13.089 0.1000000015
46184  21.835  -42.938  -13.589 0.1000000015
44886  20.241  -43.556  -15.049 0.1000000015
43597  19.508  -44.048  -16.711 0.1000000015
44896  19.682  -43.258  -16.146 0.1000000015
44913  19.485  -43.094  -17.430 0.1000000015
50353  25.618  -40.275  -12.028 0.1000000015
48958  24.716  -40.939  -12.279 0.1000000015
48960  23.482  -41.624  -12.792 0.1000000015
47623  21.799  -42.068  -14.284 0.1000000015
46205  20.376  -42.846  -15.216 0.1000000015
50339  25.415  -41.044  -11.877 0.1000000015
47689  19.714  -41.899  -16.682 0.1000000015
53202  25.665  -39.431  -12.369 0.1000000015
50355  24.648  -40.494  -12.460 0.1000000015
48972  23.258  -41.124  -13.229 0.1000000015
49002  22.074  -41.265  -14.544 0.1000000015
47655  20.460  -42.093  -15.495 0.1000000015
53199  27.922  -38.766  -12.208 0.1000000015
53200  27.083  -38.899  -12.235 0.1000000015
47721  19.330  -42.061  -18.006 0.1000000015
16610  6.527  -61.457  8.536 0.1000000015
19554  6.626  -58.791  6.904 0.1000000015
53223  25.441  -38.857  -12.738 0.1000000015
51812  24.768  -39.677  -12.724 0.1000000015
50378  23.464  -40.377  -13.711 0.1000000015
49019  21.234  -41.379  -15.281 0.1000000015
49058  19.728  -41.159  -16.941 0.1000000015
50432  21.223  -40.276  -15.753 0.1000000015
50433  20.556  -40.461  -16.144 0.1000000015
47707  19.311  -41.506  -17.861 0.1000000015
49075  15.726  -41.221  -17.974 0.1000000015
49059  14.723  -41.432  -17.426 0.1000000015
51844  23.677  -39.438  -14.262 0.1000000015
50391  22.709  -40.450  -14.473 0.1000000015
50392  22.240  -40.533  -14.861 0.1000000015
51845  23.209  -39.732  -14.581 0.1000000015
51864  22.326  -39.855  -15.264 0.1000000015
50454  19.887  -40.338  -17.204 0.1000000015
49103  18.131  -41.035  -19.459 0.1000000015
50502  17.577  -40.512  -19.029 0.1000000015
54568  24.710  -38.454  -13.707 0.1000000015
54566  25.880  -38.031  -12.912 0.1000000015
53243  24.020  -38.903  -14.202 0.1000000015
51884  20.679  -39.560  -16.548 0.1000000015
51906  19.904  -39.709  -17.586 0.1000000015
50484  19.361  -39.888  -18.421 0.1000000015
51957  18.243  -39.497  -19.430 0.1000000015
49046  13.806  -41.428  -16.623 0.1000000015
46219  13.475  -42.422  -15.557 0.1000000015
51925  15.726  -39.990  -17.707 0.1000000015
49026  14.520  -41.409  -15.901 0.1000000015
50440  14.660  -40.779  -16.609 0.1000000015
50455  16.359  -40.154  -16.725 0.1000000015
53365  18.069  -38.848  -19.266 0.1000000015
47642  15.385  -42.341  -15.058 0.1000000015
49024  15.929  -41.188  -15.703 0.1000000015
44508  18.728  -44.312  4.613 0.1000000015
46200  15.461  -43.398  -14.524 0.1000000015
47641  16.308  -42.133  -14.867 0.1000000015
47627  16.538  -42.608  -14.374 0.1000000015
49022  17.415  -40.956  -15.238 0.1000000015
44522  19.006  -44.064  3.742 0.1000000015
45855  18.030  -43.401  3.536 0.1000000015
50257  19.308  -40.242  -6.798 0.1000000015
47618  17.438  -42.347  -13.593 0.1000000015
46186  17.593  -42.393  -13.129 0.1000000015
48987  18.350  -40.802  -14.090 0.1000000015
48975  18.123  -41.291  -13.328 0.1000000015
47570  16.820  -42.081  -10.997 0.1000000015
47572  14.827  -42.025  -10.470 0.1000000015
47571  15.814  -42.081  -10.564 0.1000000015
51707  19.050  -39.442  -6.840 0.1000000015
53123  18.805  -38.660  -6.847 0.1000000015
51832  19.044  -39.730  -14.036 0.1000000015
48961  18.504  -40.640  -13.069 0.1000000015
47606  17.862  -41.992  -12.791 0.1000000015
53257  19.635  -38.864  -14.790 0.1000000015
51814  19.351  -39.027  -13.739 0.1000000015
48946  17.943  -40.808  -11.917 0.1000000015
48947  17.445  -41.329  -11.490 0.1000000015
48928  16.127  -41.092  -10.630 0.1000000015
50368  18.807  -40.164  -13.560 0.1000000015
51798  18.268  -39.518  -12.364 0.1000000015
54588  19.642  -38.051  -13.826 0.1000000015
53203  18.650  -38.555  -12.720 0.1000000015
50340  17.919  -39.942  -11.878 0.1000000015
51770  16.396  -39.255  -10.929 0.1000000015
51772  14.911  -39.595  -10.801 0.1000000015
55855  17.776  -37.444  -12.591 0.1000000015
55825  16.371  -37.400  -11.815 0.1000000015
54515  15.356  -38.127  -10.898 0.1000000015
58796  16.007  -35.284  -13.178 0.1000000015
58765  15.727  -36.098  -11.856 0.1000000015
57219  14.523  -37.100  -10.891 0.1000000015
54517  13.982  -38.252  -10.851 0.1000000015
32967  17.969  -50.849  -22.784 0.1000000015
48855  19.528  -41.081  -6.811 0.1000000015
14571  13.736  -63.170  18.627 0.1000000015
14564  13.079  -63.462  19.397 0.1000000015
45871  18.594  -43.017  2.716 0.1000000015
51773  14.123  -39.658  -10.933 0.1000000015
15495  12.075  -62.323  18.134 0.1000000015
38354  20.299  -47.481  -19.686 0.1000000015
43616  19.628  -43.834  -18.372 0.1000000015
50471  19.210  -40.470  -18.388 0.1000000015
60319  15.740  -34.983  -12.523 0.1000000015
58766  15.259  -35.897  -11.486 0.1000000015
58795  16.496  -35.700  -13.450 0.1000000015
50327  15.479  -40.304  -10.707 0.1000000015
9517  34.017  -68.604  -3.801 0.1000000015
8681  33.565  -69.098  -2.807 0.1000000015
9499  32.751  -68.761  -3.056 0.1000000015
14557  12.901  -63.758  20.020 0.1000000015
14566  11.853  -62.908  19.445 0.1000000015
15478  11.062  -62.052  18.973 0.1000000015
35550  21.616  -49.455  -17.084 0.1000000015
35608  19.078  -49.308  -21.233 0.1000000015
35597  19.621  -48.892  -20.828 0.1000000015
36938  20.729  -48.459  -16.997 0.1000000015
36928  20.382  -47.972  -16.436 0.1000000015
42266  22.025  -45.112  -12.637 0.1000000015
47603  23.597  -42.067  -12.496 0.1000000015
43592  19.589  -44.180  -15.878 0.1000000015
46196  21.130  -42.797  -14.417 0.1000000015
47614  22.831  -41.689  -13.296 0.1000000015
47638  21.177  -42.044  -14.891 0.1000000015
48985  22.611  -41.162  -13.974 0.1000000015
49041  20.432  -41.443  -15.828 0.1000000015
54542  28.176  -37.932  -12.334 0.1000000015
53224  24.788  -38.863  -13.274 0.1000000015
51883  21.170  -39.655  -16.089 0.1000000015
50488  16.629  -40.193  -18.355 0.1000000015
49023  16.694  -41.326  -15.285 0.1000000015
48989  17.491  -41.654  -14.274 0.1000000015
50395  18.274  -40.655  -14.640 0.1000000015
44538  19.076  -43.520  2.926 0.1000000015
48927  16.911  -40.810  -10.965 0.1000000015
51866  19.271  -39.388  -14.948 0.1000000015
50356  18.650  -39.863  -12.908 0.1000000015
54569  19.201  -38.112  -13.301 0.1000000015
51782  17.449  -39.472  -11.473 0.1000000015
51771  15.678  -39.464  -10.812 0.1000000015
53204  18.181  -38.705  -12.351 0.1000000015
55877  18.298  -37.120  -12.959 0.1000000015
53189  17.308  -38.563  -11.688 0.1000000015
53179  16.941  -38.607  -11.349 0.1000000015
54514  15.989  -37.988  -11.197 0.1000000015
54516  14.680  -38.225  -10.750 0.1000000015
57281  16.827  -36.274  -13.184 0.1000000015
55824  16.711  -37.446  -12.142 0.1000000015
57280  17.415  -36.483  -13.113 0.1000000015
57234  16.101  -36.722  -11.957 0.1000000015
57217  15.649  -37.020  -11.404 0.1000000015
57258  16.328  -36.412  -12.502 0.1000000015
57218  15.166  -37.013  -11.075 0.1000000015
0  18.060  -82.000  -11.065 0.2000000030
1  16.891  -81.931  -2.646 0.6999999881
2  16.675  -81.955  -2.728 0.6999999881
3  16.438  -82.044  -2.717 0.6000000238
4  14.312  -82.208  -3.038 0.8000000119
5  14.048  -82.229  -2.851 0.8000000119
7  16.836  -81.802  -2.846 0.6999999881
8  16.492  -81.855  -2.956 0.6000000238
9  16.206  -82.035  -2.845 0.6000000238
10  14.504  -82.136  -3.261 0.6999999881
11  14.083  -82.112  -3.254 0.6999999881
12  13.678  -81.949  -3.290 0.6999999881
15  16.592  -81.637  -3.203 0.6000000238
17  14.026  -81.884  -3.685 0.6000000238
18  13.720  -81.725  -3.723 0.6000000238
19  13.417  -81.553  -3.803 0.6000000238
20  14.377  -81.816  -3.934 0.6999999881
21  14.142  -81.754  -3.969 0.6000000238
22  13.652  -81.607  -3.899 0.6000000238
23  13.493  -81.501  -4.042 0.6000000238
25  16.165  -81.750  -9.426 0.2000000030
27  14.766  -81.096  -9.068 0.2000000030
28  17.817  -81.798  -10.814 0.2000000030
30  17.087  -81.939  -10.332 0.2000000030
33  15.751  -81.658  -9.833 0.2000000030
34  14.895  -81.357  -9.642 0.2000000030
37  17.066  -82.003  -10.632 0.2000000030
39  16.153  -82.030  -10.221 0.2000000030
40  15.799  -82.092  -10.047 0.2000000030
42  16.465  -82.041  -10.574 0.2000000030
43  16.073  -82.311  -10.781 0.2000000030
46  17.059  -82.261  -11.199 0.2000000030
50  18.967  -82.176  -12.168 0.1000000015
52  17.853  -82.052  -12.002 0.1000000015
58  17.983  -82.028  -12.385 0.1000000015
65  18.150  -82.002  -12.789 0.1000000015
81  21.441  -81.274  -16.394 0.1000000015
83  20.973  -81.130  -16.539 0.1000000015
84  17.059  -81.943  -1.987 0.6999999881
85  16.504  -82.146  -2.065 0.6999999881
87  15.043  -82.177  -2.182 0.8000000119
90  13.158  -82.237  -2.187 0.8000000119
91  12.865  -82.050  -2.101 0.6999999881
93  16.628  -82.092  -2.521 0.6999999881
94  16.135  -82.168  -2.567 0.6999999881
96  14.661  -82.209  -2.770 0.6999999881
98  13.493  -82.249  -2.630 0.6999999881
100  12.444  -81.760  -2.576 0.6999999881
101  17.196  -81.719  -2.771 0.6999999881
103  15.907  -81.970  -3.071 0.6000000238
104  15.259  -82.045  -3.045 0.6999999881
106  13.531  -82.076  -2.946 0.6999999881
107  13.199  -81.902  -2.999 0.8000000119
109  17.751  -81.111  -3.565 0.6999999881
110  17.440  -81.342  -3.337 0.6000000238
111  16.665  -81.419  -3.573 0.6000000238
113  15.339  -81.823  -3.574 0.6000000238
114  14.727  -81.919  -3.645 0.6999999881
116  13.736  -81.532  -4.095 0.6000000238
117  12.745  -81.490  -3.385 0.6000000238
118  12.565  -81.365  -3.452 0.6999999881
120  17.565  -81.098  -3.729 0.6999999881
121  17.235  -81.095  -3.965 0.6999999881
123  16.210  -81.356  -4.041 0.6000000238
124  15.639  -81.471  -4.102 0.6000000238
126  14.214  -81.514  -4.312 0.6000000238
127  13.706  -81.487  -4.214 0.6000000238
129  12.646  -81.255  -4.066 0.6999999881
130  12.198  -81.030  -4.108 0.6000000238
131  16.836  -81.029  -4.340 0.6999999881
132  16.367  -81.134  -4.410 0.6000000238
137  13.999  -81.258  -4.939 0.6000000238
140  12.427  -81.038  -4.578 0.5000000000
141  15.392  -80.923  -5.270 0.6000000238
142  14.961  -80.751  -5.971 0.5000000000
147  14.757  -80.600  -6.452 0.3000000119
148  14.515  -80.775  -6.168 0.5000000000
151  13.273  -80.674  -6.379 0.6000000238
160  13.922  -80.638  -7.581 0.4000000060
161  13.403  -80.444  -7.526 0.4000000060
162  18.695  -81.113  -10.087 0.2000000030
164  17.660  -81.353  -9.997 0.2000000030
166  16.763  -81.456  -9.773 0.2000000030
167  16.490  -81.532  -9.750 0.2000000030
172  13.798  -80.623  -7.945 0.3000000119
174  18.469  -81.356  -10.480 0.1000000015
176  17.124  -81.706  -10.145 0.2000000030
178  16.533  -81.947  -9.874 0.2000000030
180  14.240  -80.779  -8.857 0.2000000030
181  19.177  -81.272  -10.926 0.1000000015
183  18.460  -81.558  -10.931 0.2000000030
184  17.507  -80.946  -11.917 0.1000000015
185  16.973  -81.079  -11.516 0.1000000015
186  15.216  -81.797  -10.029 0.2000000030
187  14.845  -81.243  -9.761 0.2000000030
189  19.368  -81.275  -11.387 0.1000000015
191  15.848  -82.284  -10.883 0.2000000030
192  15.075  -81.469  -10.190 0.2000000030
197  16.274  -82.119  -11.153 0.2000000030
203  18.955  -81.981  -12.442 0.1000000015
209  17.529  -81.193  -12.137 0.1000000015
214  18.260  -81.795  -13.045 0.1000000015
220  22.139  -81.096  -16.165 0.1000000015
221  21.778  -81.245  -15.886 0.1000000015
225  22.061  -81.291  -16.095 0.1000000015
228  22.138  -81.064  -17.083 0.1000000015
229  21.647  -81.068  -16.857 0.1000000015
230  21.308  -81.156  -17.013 0.1000000015
232  21.859  -80.757  -17.321 0.1000000015
234  21.065  -81.205  -17.712 0.1000000015
236  21.964  -80.494  -18.086 0.1000000015
237  21.452  -80.798  -18.178 0.1000000015
238  20.895  -81.051  -18.386 0.1000000015
239  21.020  -80.776  -18.643 0.1000000015
240  15.528  -80.274  2.963 0.6000000238
241  15.231  -80.212  2.948 0.6000000238
242  16.080  -80.037  2.347 0.6000000238
243  15.850  -80.170  2.562 0.6000000238
244  15.346  -80.131  2.661 0.6000000238
245  15.004  -80.187  2.946 0.6000000238
246  16.139  -80.247  2.063 0.6000000238
247  15.954  -80.010  2.029 0.6000000238
249  14.981  -80.204  2.438 0.6000000238
251  18.234  -81.379  -1.726 0.8999999762
253  16.761  -81.846  -1.597 0.8000000119
254  16.047  -81.964  -1.595 0.8000000119
256  14.712  -81.749  -1.961 0.8000000119
258  13.229  -81.826  -1.977 0.8000000119
260  11.969  -81.180  -1.843 0.6999999881
261  11.829  -81.063  -1.948 0.6999999881
263  18.034  -81.580  -2.232 0.8999999762
264  17.461  -81.810  -2.308 0.8000000119
265  12.481  -81.843  -2.255 0.6999999881
267  11.734  -81.116  -2.191 0.6999999881
268  18.731  -81.222  -2.612 0.8000000119
269  18.344  -81.333  -2.683 0.8999999762
271  12.298  -81.464  -2.701 0.6999999881
274  18.033  -81.149  -3.251 0.6999999881
275  17.761  -81.333  -3.149 0.8000000119
276  12.234  -81.303  -3.169 0.6999999881
277  11.892  -81.023  -3.615 0.6000000238
278  18.582  -80.645  -3.455 0.8000000119
280  17.459  -80.908  -4.125 0.6999999881
281  11.916  -80.864  -4.095 0.5000000000
282  17.677  -80.555  -4.370 0.6999999881
285  15.981  -81.030  -4.799 0.6000000238
286  15.744  -81.108  -4.739 0.6000000238
287  12.447  -80.849  -5.148 0.5000000000
289  16.343  -80.762  -4.937 0.6000000238
291  15.774  -80.719  -5.276 0.5000000000
292  15.425  -80.650  -5.686 0.5000000000
293  15.171  -80.566  -6.044 0.5000000000
294  15.423  -80.685  -6.098 0.5000000000
297  12.653  -80.474  -6.091 0.4000000060
299  15.181  -80.176  -7.581 0.3000000119
302  12.583  -80.151  -6.508 0.4000000060
303  21.106  -81.643  -8.961 0.5000000000
304  20.960  -81.725  -9.118 0.5000000000
305  19.910  -81.367  -9.144 0.5000000000
306  19.802  -81.247  -9.122 0.5000000000
309  12.682  -79.954  -6.977 0.3000000119
310  21.310  -81.427  -8.969 0.5000000000
311  20.960  -81.467  -9.252 0.5000000000
312  20.237  -81.188  -9.094 0.5000000000
315  17.987  -81.216  -9.878 0.2000000030
318  16.419  -80.979  -9.250 0.3000000119
319  15.778  -80.457  -8.645 0.3000000119
322  19.928  -80.812  -9.717 0.4000000060
323  19.600  -80.956  -10.285 0.5000000000
324  19.577  -81.017  -10.585 0.5000000000
325  18.166  -81.266  -9.796 0.2000000030
326  17.944  -81.173  -9.769 0.2000000030
327  16.017  -81.005  -10.856 0.1000000015
328  16.235  -81.308  -10.909 0.1000000015
329  13.946  -80.193  -8.759 0.2000000030
330  13.624  -80.075  -8.363 0.2000000030
331  19.491  -81.124  -10.898 0.2000000030
332  19.640  -81.005  -10.786 0.5000000000
334  16.525  -80.944  -11.057 0.1000000015
336  14.670  -81.078  -9.780 0.2000000030
337  14.145  -80.491  -9.009 0.2000000030
340  15.996  -80.919  -10.923 0.1000000015
341  14.783  -80.848  -10.251 0.2000000030
342  15.124  -80.869  -9.938 0.2000000030
343  20.220  -81.241  -12.587 0.1000000015
345  16.949  -81.583  -11.548 0.2000000030
346  15.848  -81.095  -11.040 0.1000000015
347  15.110  -80.880  -11.037 0.1000000015
348  21.727  -80.946  -14.021 0.2000000030
350  21.057  -80.904  -13.115 0.2000000030
352  22.104  -80.554  -14.279 0.1000000015
355  17.911  -81.294  -12.725 0.1000000015
357  22.134  -80.691  -14.943 0.1000000015
361  22.327  -80.536  -15.805 0.1000000015
364  22.257  -80.623  -16.317 0.1000000015
365  22.469  -80.435  -16.498 0.1000000015
368  22.039  -80.831  -16.633 0.1000000015
369  22.265  -80.591  -16.826 0.1000000015
370  21.057  -80.989  -16.661 0.1000000015
373  22.249  -80.439  -17.362 0.1000000015
374  20.976  -80.558  -17.059 0.1000000015
376  22.183  -80.256  -17.945 0.1000000015
377  22.215  -80.306  -17.705 0.1000000015
379  22.222  -80.254  -18.963 0.1000000015
382  20.894  -80.335  -18.930 0.1000000015
383  20.570  -79.876  -18.977 0.1000000015
384  21.952  -79.929  -19.429 0.1000000015
389  16.921  -79.971  3.185 0.6000000238
390  16.635  -80.123  3.374 0.5000000000
391  16.130  -80.282  3.575 0.6000000238
393  15.146  -80.188  3.234 0.6000000238
394  14.902  -79.798  2.998 0.6999999881
395  14.707  -79.446  2.714 0.6999999881
396  17.099  -79.881  2.912 0.6000000238
398  16.283  -80.249  2.814 0.6000000238
399  16.188  -80.422  2.937 0.6000000238
400  14.969  -80.093  3.057 0.6000000238
401  14.884  -79.787  2.741 0.6999999881
402  14.623  -79.402  2.378 0.6999999881
403  17.204  -79.906  2.589 0.6000000238
405  16.270  -79.892  2.111 0.6000000238
406  15.780  -79.823  2.066 0.6999999881
407  15.375  -79.605  1.960 0.6000000238
408  14.944  -79.531  1.882 0.6000000238
409  14.271  -79.028  1.845 0.6999999881
410  15.890  -79.407  1.732 0.6999999881
414  19.190  -80.819  -1.375 0.8999999762
415  18.470  -80.980  -1.374 0.8999999762
420  15.068  -81.329  -1.713 0.8000000119
422  13.626  -81.278  -1.791 0.8000000119
423  12.875  -81.204  -1.783 0.6999999881
427  21.275  -79.855  -2.331 1.0000000000
430  19.385  -80.920  -1.997 1.0000000000
431  14.787  -81.028  -1.727 0.8000000119
432  14.542  -80.826  -1.768 0.8000000119
435  21.169  -79.918  -2.761 1.0000000000
436  20.450  -80.277  -2.643 1.0000000000
437  19.751  -80.687  -2.591 1.0000000000
439  11.176  -80.702  -2.986 0.6999999881
440  10.716  -80.364  -2.848 0.5000000000
442  20.719  -80.006  -3.209 1.0000000000
447  20.694  -79.768  -3.547 0.8999999762
451  11.585  -80.609  -4.040 0.5000000000
454  17.612  -80.310  -4.741 0.6999999881
456  16.708  -80.189  -5.439 0.6000000238
457  11.605  -80.331  -4.765 0.5000000000
459  16.471  -80.565  -5.093 0.6000000238
460  16.230  -80.348  -5.479 0.5000000000
462  15.429  -80.372  -6.153 0.5000000000
463  15.185  -80.630  -6.053 0.5000000000
464  11.608  -79.969  -5.341 0.5000000000
466  15.856  -80.005  -6.088 0.5000000000
467  15.400  -80.424  -6.170 0.5000000000
469  11.558  -79.601  -5.787 0.5000000000
470  20.238  -80.943  -8.675 0.5000000000
471  20.643  -81.147  -8.246 0.5000000000
472  20.554  -81.485  -8.525 0.5000000000
473  15.216  -80.292  -6.805 0.5000000000
475  11.885  -79.623  -6.187 0.3000000119
476  20.640  -80.975  -8.621 0.5000000000
477  20.976  -81.417  -8.638 0.5000000000
478  20.464  -81.675  -8.738 0.5000000000
479  19.893  -81.454  -8.803 0.5000000000
480  19.723  -81.064  -9.182 0.5000000000
481  16.696  -80.398  -8.903 0.3000000119
483  15.592  -80.004  -7.970 0.3000000119
485  12.474  -79.561  -7.004 0.2000000030
486  20.947  -80.950  -8.778 0.5000000000
487  20.988  -81.159  -9.033 0.5000000000
488  20.582  -81.130  -9.184 0.5000000000
489  20.286  -80.983  -9.128 0.5000000000
490  19.079  -80.634  -9.418 0.5000000000
491  18.778  -80.649  -9.608 0.4000000060
492  18.175  -80.824  -9.610 0.3000000119
495  16.537  -80.672  -9.036 0.3000000119
497  13.240  -79.779  -7.847 0.2000000030
498  12.840  -79.531  -7.493 0.2000000030
499  20.201  -80.661  -9.290 0.5000000000
500  19.998  -80.695  -10.131 0.5000000000
502  18.127  -81.064  -9.685 0.2000000030
503  17.825  -81.064  -9.675 0.2000000030
504  16.072  -80.909  -10.937 0.1000000015
505  15.923  -81.017  -10.824 0.1000000015
508  20.594  -80.434  -11.077 0.4000000060
509  20.034  -80.767  -10.874 0.5000000000
510  19.705  -80.986  -11.111 0.5000000000
511  16.843  -80.584  -10.962 0.1000000015
512  16.328  -80.564  -10.739 0.1000000015
513  16.195  -80.714  -10.701 0.1000000015
514  14.762  -79.937  -10.165 0.1000000015
516  13.938  -79.992  -8.873 0.2000000030
517  21.211  -80.273  -11.785 0.4000000060
519  20.264  -80.791  -11.618 0.2000000030
520  17.891  -80.454  -11.346 0.1000000015
523  15.738  -80.176  -10.428 0.1000000015
525  14.925  -80.599  -10.066 0.1000000015
526  21.041  -80.491  -12.212 0.3000000119
528  19.925  -81.046  -11.945 0.3000000119
530  15.016  -80.608  -11.032 0.1000000015
531  14.644  -80.593  -10.956 0.1000000015
532  21.787  -80.704  -13.919 0.2000000030
533  21.599  -80.556  -13.433 0.3000000119
535  20.841  -80.955  -12.864 0.1000000015
539  17.767  -80.987  -12.091 0.1000000015
540  22.166  -80.224  -14.158 0.1000000015
541  22.089  -80.501  -13.878 0.1000000015
542  22.122  -80.202  -13.600 0.1000000015
547  17.960  -81.009  -12.532 0.1000000015
549  22.565  -80.300  -15.226 0.1000000015
554  18.483  -81.272  -13.055 0.1000000015
567  22.556  -80.282  -17.045 0.1000000015
568  20.960  -79.990  -16.415 0.1000000015
571  22.332  -79.980  -18.007 0.1000000015
572  22.435  -80.185  -17.611 0.1000000015
573  20.215  -79.900  -17.903 0.1000000015
574  20.812  -79.899  -17.365 0.1000000015
575  21.134  -79.954  -16.805 0.1000000015
579  22.204  -80.173  -17.926 0.1000000015
580  20.396  -80.011  -18.100 0.1000000015
581  20.675  -79.844  -18.103 0.1000000015
584  21.970  -79.963  -18.883 0.1000000015
589  21.996  -80.013  -19.144 0.1000000015
600  14.553  -79.235  6.888 0.5000000000
601  14.339  -79.144  7.055 0.5000000000
602  14.989  -79.503  6.241 0.5000000000
603  14.541  -79.313  6.456 0.5000000000
604  14.234  -79.108  6.814 0.5000000000
605  15.997  -79.671  5.361 0.4000000060
606  15.815  -79.624  5.539 0.5000000000
607  15.334  -79.587  5.688 0.5000000000
610  16.154  -79.654  5.165 0.4000000060
612  15.116  -79.454  5.022 0.5000000000
613  14.711  -79.191  5.242 0.5000000000
615  15.693  -79.875  4.598 0.5000000000
617  17.090  -79.878  3.149 0.6000000238
618  17.038  -79.837  3.527 0.5000000000
619  16.389  -79.962  4.068 0.5000000000
622  14.784  -79.558  3.146 0.6999999881
623  14.677  -79.284  3.050 0.6999999881
625  17.501  -79.802  2.954 0.6000000238
626  17.377  -79.747  3.401 0.6000000238
627  14.940  -79.927  3.165 0.6999999881
628  14.856  -79.771  3.006 0.6999999881
629  14.456  -79.071  2.525 0.6999999881
631  17.552  -79.735  2.036 0.5000000000
632  17.074  -79.628  1.659 0.6000000238
633  16.576  -79.595  1.626 0.6000000238
634  16.252  -79.669  1.805 0.6000000238
635  15.358  -79.247  1.687 0.6999999881
636  14.986  -79.223  1.751 0.6999999881
638  16.539  -79.148  1.321 0.6000000238
639  16.155  -79.100  1.444 0.6000000238
640  15.606  -79.123  1.544 0.6999999881
641  15.248  -79.038  1.342 0.6999999881
642  14.857  -79.088  1.475 0.6999999881
643  21.550  -78.946  -1.035 1.0000000000
644  21.115  -79.395  -1.199 0.8999999762
645  20.573  -79.652  -1.239 0.8999999762
647  22.110  -79.091  -1.626 1.0000000000
649  20.927  -79.895  -1.601 1.0000000000
650  20.270  -80.131  -1.333 1.0000000000
653  18.033  -80.539  -1.516 0.8999999762
655  16.522  -80.907  -1.705 0.8999999762
656  15.837  -81.020  -1.633 0.8000000119
657  15.419  -81.133  -1.624 0.8000000119
662  11.100  -80.085  -1.700 0.8999999762
663  10.465  -79.800  -1.921 0.8999999762
665  21.914  -79.420  -1.989 1.0000000000
666  21.325  -79.760  -1.972 1.0000000000
667  20.938  -80.114  -2.061 1.0000000000
668  17.038  -80.332  -1.940 0.8999999762
672  14.389  -80.498  -2.096 0.8999999762
673  13.701  -80.340  -2.151 0.8999999762
675  10.334  -79.887  -2.240 0.8999999762
677  22.201  -79.404  -2.404 0.8999999762
680  14.822  -80.214  -2.479 0.8999999762
682  13.720  -80.045  -2.516 0.8999999762
683  10.295  -79.946  -2.626 0.8999999762
684  9.941  -79.592  -2.932 0.6999999881
685  22.215  -79.426  -2.826 1.0000000000
687  21.110  -79.705  -3.527 1.0000000000
689  9.999  -79.539  -3.349 0.6999999881
690  21.384  -79.405  -3.925 1.0000000000
692  19.790  -79.526  -4.110 0.8999999762
694  18.368  -80.039  -4.407 0.8999999762
697  18.537  -79.497  -4.857 0.8999999762
698  18.135  -79.807  -4.820 0.6999999881
699  17.513  -79.831  -5.331 0.6000000238
700  17.141  -79.854  -5.585 0.6000000238
705  17.147  -79.756  -5.695 0.6000000238
706  16.704  -79.880  -5.830 0.6000000238
708  10.964  -79.315  -5.321 0.5000000000
710  16.409  -79.630  -6.398 0.5000000000
712  15.581  -80.041  -6.648 0.5000000000
713  11.112  -79.161  -5.739 0.5000000000
714  10.844  -78.876  -5.695 0.5000000000
715  19.933  -81.066  -8.539 0.5000000000
716  20.253  -81.432  -8.548 0.5000000000
718  15.783  -79.746  -7.177 0.5000000000
721  11.579  -79.258  -6.204 0.3000000119
722  19.938  -81.004  -8.831 0.5000000000
723  19.690  -80.837  -8.896 0.5000000000
724  18.119  -80.019  -9.159 0.4000000060
728  15.679  -79.831  -7.575 0.3000000119
729  12.120  -79.193  -6.909 0.3000000119
731  20.239  -80.766  -9.042 0.5000000000
733  18.919  -80.348  -9.344 0.4000000060
735  18.069  -80.282  -9.329 0.4000000060
736  17.201  -80.377  -9.069 0.4000000060
740  20.462  -80.481  -9.826 0.5000000000
743  14.562  -79.671  -9.134 0.1000000015
744  13.905  -79.836  -8.793 0.1000000015
746  21.173  -80.187  -11.011 0.5000000000
748  20.246  -80.592  -10.327 0.5000000000
749  15.245  -79.966  -9.674 0.1000000015
751  14.887  -79.899  -9.583 0.1000000015
754  21.303  -80.186  -11.713 0.4000000060
755  21.078  -80.266  -11.277 0.4000000060
756  19.191  -79.924  -11.607 0.1000000015
759  16.890  -80.043  -10.530 0.1000000015
760  16.245  -79.899  -10.271 0.1000000015
762  14.910  -80.127  -9.963 0.1000000015
763  21.705  -80.015  -12.248 0.4000000060
768  17.777  -80.701  -11.784 0.1000000015
773  21.740  -80.210  -12.832 0.3000000119
774  21.307  -80.409  -12.573 0.3000000119
784  22.290  -80.283  -13.980 0.1000000015
786  22.032  -80.256  -13.414 0.1000000015
795  22.627  -80.099  -14.302 0.1000000015
804  22.875  -79.750  -15.707 0.1000000015
809  12.197  -78.883  -14.116 0.1000000015
810  12.120  -79.018  -13.972 0.1000000015
812  21.040  -79.704  -15.945 0.1000000015
816  20.877  -79.708  -17.310 0.1000000015
821  22.452  -79.663  -17.965 0.1000000015
822  20.100  -79.949  -18.041 0.1000000015
828  22.111  -79.794  -18.497 0.1000000015
829  19.978  -80.121  -18.069 0.1000000015
835  21.973  -79.747  -19.064 0.1000000015
836  21.820  -79.717  -19.578 0.1000000015
840  21.552  -79.748  -20.074 0.1000000015
848  14.904  -79.133  6.998 0.5000000000
849  14.518  -79.082  7.255 0.5000000000
852  15.295  -79.330  6.643 0.5000000000
853  13.843  -78.720  6.904 0.5000000000
854  13.512  -78.445  6.983 0.5000000000
857  15.410  -79.489  6.170 0.5000000000
858  14.297  -78.635  5.865 0.5000000000
859  13.887  -78.531  6.406 0.5000000000
860  13.655  -78.413  6.802 0.5000000000
861  17.012  -79.339  4.861 0.5000000000
862  16.542  -79.528  5.006 0.5000000000
864  14.609  -78.896  5.434 0.5000000000
865  18.360  -79.154  4.295 0.5000000000
867  17.480  -79.340  4.479 0.5000000000
871  18.087  -79.470  4.099 0.5000000000
873  16.885  -79.759  4.013 0.5000000000
874  14.954  -79.208  4.018 0.5000000000
875  14.779  -79.009  3.484 0.5000000000
877  18.366  -79.617  3.153 0.5000000000
878  17.658  -79.683  3.519 0.5000000000
879  17.334  -79.706  3.622 0.5000000000
880  14.533  -78.662  3.036 0.6999999881
881  14.260  -78.740  2.504 0.6999999881
882  14.082  -78.501  2.163 0.6999999881
884  17.937  -79.140  1.757 0.6000000238
885  17.238  -79.074  1.538 0.6000000238
886  17.047  -79.266  1.444 0.6000000238
887  14.065  -78.841  2.117 0.6999999881
888  13.968  -78.405  1.943 0.6999999881
889  16.864  -78.732  1.459 0.6000000238
891  15.790  -78.745  1.352 0.6999999881
893  15.104  -78.799  1.073 0.6999999881
895  13.921  -78.371  1.757 0.6999999881
896  15.544  -78.346  1.185 0.8000000119
897  15.293  -78.445  1.121 0.6999999881
898  15.045  -78.498  0.829 0.6999999881
899  14.716  -78.404  1.015 0.6999999881
900  22.891  -78.413  -0.986 0.8999999762
901  22.417  -78.646  -0.943 0.8999999762
903  21.291  -78.924  -0.982 1.0000000000
905  20.273  -79.395  -1.148 1.0000000000
907  22.635  -78.782  -1.399 0.8999999762
909  20.207  -78.969  -1.134 0.8999999762
912  18.281  -79.899  -1.639 0.8999999762
913  17.734  -80.116  -1.824 0.8999999762
915  11.463  -79.697  -1.700 0.8999999762
917  10.220  -79.295  -1.743 0.8999999762
918  9.824  -79.038  -1.886 0.8999999762
919  9.478  -78.655  -2.010 0.8999999762
922  18.463  -79.455  -1.888 0.8000000119
924  17.167  -79.995  -2.185 0.8999999762
925  16.430  -80.088  -2.392 0.8999999762
926  15.977  -80.164  -2.427 0.8999999762
927  13.281  -80.017  -2.480 0.8999999762
929  11.781  -79.425  -2.137 0.8999999762
931  9.552  -78.946  -2.300 0.8999999762
933  23.027  -78.811  -2.613 0.8999999762
934  22.533  -79.176  -2.630 0.8999999762
935  17.923  -79.184  -2.660 0.8000000119
940  14.509  -79.990  -3.068 0.8999999762
944  9.665  -79.189  -2.725 0.8999999762
945  9.249  -78.642  -2.893 0.8999999762
946  23.031  -78.736  -2.997 0.8999999762
948  22.282  -79.196  -3.599 1.0000000000
949  16.309  -79.447  -3.457 1.0000000000
951  14.946  -79.840  -3.641 0.8999999762
955  11.903  -79.164  -3.269 0.8999999762
957  9.443  -78.621  -3.656 0.6999999881
958  22.524  -78.926  -3.742 0.8999999762
963  15.247  -79.584  -4.000 0.8999999762
966  13.450  -79.398  -4.551 0.8999999762
968  9.797  -78.790  -4.036 0.6999999881
971  20.568  -78.584  -4.737 0.8999999762
972  18.855  -79.190  -4.934 0.8000000119
975  9.995  -78.645  -4.551 0.8000000119
976  18.208  -79.001  -5.735 0.6000000238
977  17.763  -79.192  -5.851 0.6000000238
978  17.118  -79.462  -6.070 0.6000000238
981  17.686  -78.904  -6.270 0.6000000238
983  16.780  -79.260  -6.726 0.6000000238
984  10.930  -78.820  -5.921 0.3000000119
987  16.771  -79.137  -7.511 0.5000000000
989  10.799  -78.429  -6.284 0.3000000119
990  23.238  -79.037  -8.775 0.5000000000
993  20.759  -78.843  -8.673 0.5000000000
997  18.231  -79.702  -9.023 0.5000000000
1003  22.552  -79.448  -9.347 0.5000000000
1004  21.872  -79.514  -9.231 0.5000000000
1009  18.638  -80.108  -9.240 0.5000000000
1010  14.071  -78.951  -8.270 0.1000000015
1011  13.759  -78.841  -8.067 0.1000000015
1018  20.946  -79.978  -9.558 0.5000000000
1019  15.305  -79.349  -9.142 0.1000000015
1020  15.034  -79.183  -9.004 0.1000000015
1021  14.739  -79.307  -8.841 0.1000000015
1023  13.796  -79.250  -8.209 0.1000000015
1024  23.440  -78.916  -10.745 0.5000000000
1025  23.016  -79.125  -10.795 0.5000000000
1028  18.921  -79.496  -10.936 0.1000000015
1029  18.693  -79.515  -10.851 0.1000000015
1030  17.205  -79.420  -10.141 0.1000000015
1032  16.254  -79.311  -9.788 0.1000000015
1033  15.568  -79.609  -9.578 0.1000000015
1037  21.881  -79.771  -11.680 0.4000000060
1038  21.463  -79.967  -11.286 0.5000000000
1039  19.581  -79.739  -11.831 0.1000000015
1043  16.569  -79.691  -10.142 0.1000000015
1045  15.784  -80.092  -9.914 0.1000000015
1048  21.979  -79.862  -12.399 0.4000000060
1049  20.149  -79.673  -12.473 0.1000000015
1057  22.738  -79.600  -13.023 0.3000000119
1067  23.307  -79.100  -13.775 0.3000000119
1074  23.054  -79.399  -14.984 0.1000000015
1082  12.037  -78.730  -13.963 0.1000000015
1083  27.575  -77.393  -16.638 1.0000000000
1092  12.766  -79.071  -15.375 0.1000000015
1093  12.252  -78.603  -14.128 0.1000000015
1094  12.374  -78.929  -14.015 0.1000000015
1095  28.025  -77.750  -16.836 1.0000000000
1096  27.386  -77.331  -16.914 1.0000000000
1103  28.129  -77.940  -17.410 0.8999999762
1104  27.772  -77.698  -17.251 0.8999999762
1105  27.331  -77.546  -17.263 1.0000000000
1113  27.955  -77.851  -17.708 0.8999999762
1114  27.430  -77.678  -17.612 0.8999999762
1115  27.025  -77.582  -17.677 0.8999999762
1131  21.921  -79.559  -19.320 0.1000000015
1132  21.677  -79.227  -19.812 0.1000000015
1133  21.321  -78.961  -20.356 0.1000000015
1150  15.317  -78.466  13.050 0.4000000060
1151  14.973  -78.434  12.778 0.4000000060
1152  15.684  -78.450  12.826 0.4000000060
1153  15.260  -78.635  12.534 0.3000000119
1154  14.744  -78.528  12.242 0.4000000060
1155  14.287  -78.470  11.860 0.4000000060
1156  15.671  -78.519  12.270 0.3000000119
1158  14.619  -78.653  11.554 0.3000000119
1160  13.599  -78.407  10.824 0.4000000060
1162  14.480  -78.668  10.894 0.4000000060
1164  13.403  -78.529  10.334 0.4000000060
1165  14.856  -78.533  10.634 0.4000000060
1167  13.726  -78.723  9.850 0.4000000060
1168  13.055  -78.325  9.698 0.5000000000
1169  12.794  -77.935  9.541 0.5000000000
1173  12.683  -78.018  9.189 0.5000000000
1174  15.294  -78.375  7.853 0.5000000000
1175  14.682  -78.523  8.296 0.5000000000
1178  12.624  -78.067  8.511 0.5000000000
1181  14.280  -78.854  7.719 0.5000000000
1182  13.592  -78.661  7.560 0.5000000000
1184  16.321  -78.539  6.422 0.4000000060
1185  15.741  -78.874  6.687 0.5000000000
1186  15.298  -78.967  7.047 0.5000000000
1188  13.297  -78.285  7.057 0.5000000000
1190  17.154  -78.493  5.718 0.5000000000
1191  16.666  -78.852  5.737 0.4000000060
1192  16.072  -79.101  6.108 0.5000000000
1193  14.322  -78.127  5.772 0.5000000000
1195  13.606  -78.129  6.568 0.5000000000
1196  20.295  -78.386  5.064 0.5000000000
1198  19.215  -78.589  4.994 0.5000000000
1200  17.402  -78.867  5.069 0.5000000000
1201  16.761  -79.202  5.230 0.5000000000
1202  15.403  -78.043  4.841 0.5000000000
1206  20.546  -78.424  4.649 0.4000000060
1209  18.112  -78.975  4.621 0.5000000000
1210  17.744  -79.095  4.609 0.5000000000
1212  15.225  -78.604  4.603 0.5000000000
1213  20.930  -78.269  4.119 0.5000000000
1214  20.396  -78.512  3.672 0.5000000000
1217  15.492  -77.871  4.151 0.5000000000
1218  15.219  -78.461  3.929 0.5000000000
1222  19.153  -78.855  2.731 0.5000000000
1224  14.083  -78.217  2.383 0.6999999881
1225  13.995  -78.115  2.021 0.6999999881
1226  18.724  -78.553  2.146 0.5000000000
1228  17.675  -78.465  1.642 0.6000000238
1229  13.842  -77.973  1.827 0.6999999881
1231  16.556  -78.376  1.467 0.6999999881
1233  14.055  -77.804  1.110 0.6999999881
1234  13.865  -78.136  1.574 0.6999999881
1236  23.032  -77.816  -0.373 0.8000000119
1237  15.922  -78.042  1.243 0.8000000119
1239  14.917  -78.014  0.905 0.8000000119
1241  23.988  -77.866  -0.860 0.8000000119
1242  23.504  -77.981  -0.727 0.8000000119
1243  22.771  -78.181  -0.634 0.8999999762
1245  21.569  -78.407  -0.702 1.0000000000
1248  23.642  -78.241  -1.437 0.8000000119
1250  19.907  -78.563  -1.289 0.8999999762
1251  19.317  -78.731  -1.625 0.8000000119
1252  10.573  -78.800  -1.728 0.8999999762
1255  9.232  -78.270  -2.010 0.8999999762
1256  24.591  -77.714  -2.323 0.8000000119
1258  23.691  -78.325  -1.873 0.8999999762
1261  11.333  -78.961  -2.180 0.8999999762
1263  10.515  -78.557  -1.792 0.8999999762
1264  9.006  -78.102  -2.436 0.8000000119
1265  24.570  -77.670  -2.559 0.8000000119
1267  23.686  -78.431  -2.343 0.8999999762
1270  17.181  -79.115  -3.330 0.8999999762
1271  16.733  -79.294  -3.409 0.8999999762
1272  11.598  -78.972  -2.777 0.8999999762
1275  24.004  -77.949  -3.140 0.8000000119
1277  22.908  -78.585  -3.631 0.8999999762
1280  16.639  -78.898  -3.886 0.8999999762
1282  12.064  -79.007  -3.981 0.8999999762
1284  11.180  -78.492  -3.002 0.8999999762
1287  21.966  -78.383  -4.591 1.0000000000
1290  19.841  -78.694  -4.859 0.8000000119
1294  13.906  -79.100  -4.931 0.8999999762
1297  11.653  -78.290  -4.541 0.8999999762
1299  9.499  -78.267  -4.143 0.6999999881
1301  21.020  -78.113  -5.052 0.8999999762
1302  20.213  -78.301  -5.203 0.8000000119
1304  18.764  -78.963  -5.322 0.6999999881
1306  13.769  -78.599  -5.317 1.0000000000
1307  13.191  -78.494  -5.380 1.0000000000
1309  12.077  -78.307  -4.998 1.0000000000
1310  9.808  -78.224  -4.774 0.6999999881
1316  10.014  -78.128  -5.417 0.5000000000
1321  17.539  -78.811  -6.976 0.5000000000
1323  9.822  -77.836  -5.597 0.5000000000
1324  25.080  -78.291  -7.959 0.6999999881
1328  19.932  -78.346  -7.892 0.5000000000
1329  19.280  -78.444  -7.749 0.5000000000
1330  18.494  -78.574  -7.613 0.5000000000
1332  10.911  -78.376  -6.501 0.2000000030
1334  25.120  -78.376  -8.418 0.6999999881
1335  24.548  -78.612  -8.622 0.8000000119
1339  21.156  -78.462  -8.411 0.5000000000
1340  20.409  -78.599  -8.377 0.6000000238
1343  18.190  -78.952  -8.346 0.5000000000
1344  17.723  -78.918  -8.092 0.5000000000
1345  13.235  -78.177  -7.856 0.1000000015
1349  10.797  -77.953  -6.700 0.2000000030
1350  24.997  -78.369  -9.265 0.5000000000
1351  24.311  -78.771  -9.263 0.5000000000
1353  21.639  -79.041  -8.787 0.5000000000
1359  13.267  -78.446  -7.856 0.1000000015
1362  24.533  -78.429  -10.010 0.5000000000
1364  17.205  -78.690  -9.411 0.1000000015
1365  16.701  -78.787  -9.396 0.1000000015
1367  15.620  -78.894  -9.029 0.1000000015
1369  14.928  -79.179  -8.676 0.1000000015
1370  24.330  -78.271  -10.706 0.5000000000
1371  23.895  -78.705  -10.593 0.5000000000
1372  20.601  -78.465  -10.971 0.1000000015
1377  16.512  -79.073  -9.651 0.1000000015
1379  15.773  -79.184  -9.203 0.1000000015
1380  24.360  -78.006  -11.104 0.5000000000
1385  19.261  -79.488  -11.146 0.1000000015
1386  18.012  -79.286  -10.269 0.1000000015
1392  10.065  -77.974  -11.774 0.1000000015
1411  11.208  -78.345  -12.909 0.2000000030
1412  10.816  -78.022  -12.599 0.2000000030
1413  10.196  -77.928  -12.178 0.3000000119
1414  23.496  -78.750  -13.975 0.3000000119
1419  12.712  -77.955  -14.556 0.1000000015
1420  12.481  -77.933  -14.260 0.1000000015
1421  11.532  -78.315  -13.283 0.1000000015
1422  11.182  -77.856  -13.197 0.2000000030
1423  23.547  -78.551  -14.524 0.3000000119
1429  12.787  -78.185  -15.066 0.1000000015
1430  12.283  -77.809  -14.045 0.1000000015
1431  11.950  -78.318  -13.734 0.1000000015
1432  27.577  -77.369  -16.232 1.0000000000
1433  27.074  -76.844  -16.519 1.0000000000
1441  12.203  -78.357  -14.046 0.1000000015
1442  11.979  -78.491  -13.896 0.1000000015
1443  28.083  -77.640  -16.859 0.8999999762
1444  27.938  -77.670  -16.425 0.8999999762
1445  26.935  -77.018  -16.932 1.0000000000
1446  23.184  -78.390  -16.437 0.2000000030
1452  12.995  -78.524  -15.732 0.1000000015
1453  28.221  -77.829  -17.453 0.8999999762
1454  28.067  -78.056  -17.064 0.8999999762
1455  26.992  -77.346  -17.390 1.0000000000
1456  22.898  -78.627  -17.262 0.1000000015
1463  27.219  -77.708  -17.997 0.8999999762
1466  22.163  -78.554  -18.517 0.1000000015
1474  27.745  -77.590  -18.097 0.8999999762
1475  27.469  -77.669  -18.246 0.8999999762
1476  27.091  -77.645  -18.313 0.8999999762
1477  21.982  -78.346  -18.887 0.1000000015
1487  21.734  -78.457  -19.457 0.1000000015
1489  20.739  -78.080  -20.375 0.1000000015
1498  21.090  -78.823  -20.553 0.1000000015
1515  15.891  -77.431  14.425 0.3000000119
1516  15.683  -77.544  14.150 0.3000000119
1517  16.571  -77.554  14.098 0.2000000030
1518  16.125  -77.720  14.150 0.4000000060
1520  15.252  -77.904  13.547 0.4000000060
1522  16.017  -78.142  13.332 0.4000000060
1523  15.459  -78.180  13.376 0.4000000060
1524  15.059  -78.111  13.167 0.4000000060
1526  16.155  -78.252  12.492 0.3000000119
1527  14.766  -78.104  12.642 0.4000000060
1529  8.999  -77.312  11.707 0.8000000119
1530  8.787  -77.385  11.650 0.8000000119
1531  16.764  -77.888  11.961 0.3000000119
1533  15.416  -78.445  11.237 0.4000000060
1534  14.056  -78.008  11.732 0.4000000060
1536  8.915  -77.269  11.398 0.8000000119
1538  7.937  -77.252  11.179 0.8000000119
1541  15.202  -78.394  10.806 0.4000000060
1544  8.294  -77.270  10.517 0.8000000119
1545  7.960  -77.099  10.647 0.6000000238
1546  16.512  -77.522  10.081 0.4000000060
1547  15.948  -77.733  9.930 0.4000000060
1549  14.805  -78.427  9.977 0.4000000060
1550  12.967  -77.712  9.796 0.5000000000
1551  12.701  -77.601  9.405 0.5000000000
1552  8.968  -77.160  9.915 0.6999999881
1553  8.560  -77.271  9.688 0.6999999881
1555  15.781  -77.646  9.397 0.4000000060
1557  14.818  -78.354  9.626 0.5000000000
1559  8.495  -77.143  8.755 0.6999999881
1561  19.514  -77.583  7.804 0.4000000060
1562  19.319  -77.578  7.968 0.4000000060
1564  14.864  -78.253  8.971 0.5000000000
1565  12.462  -77.603  8.431 0.5000000000
1566  8.504  -77.159  8.200 0.6999999881
1569  19.240  -77.703  7.532 0.4000000060
1570  16.284  -77.507  7.303 0.4000000060
1571  15.860  -77.777  7.616 0.5000000000
1573  8.791  -77.304  7.285 0.6999999881
1575  8.004  -77.417  7.640 0.4000000060
1578  18.980  -77.729  6.778 0.5000000000
1579  18.338  -77.563  6.430 0.4000000060
1582  15.993  -78.275  6.954 0.5000000000
1583  12.735  -77.720  7.197 0.5000000000
1584  8.730  -77.207  6.932 0.6000000238
1585  8.379  -77.564  7.057 0.4000000060
1589  18.834  -77.996  5.987 0.4000000060
1594  14.156  -77.588  5.929 0.5000000000
1595  13.640  -77.652  6.328 0.5000000000
1597  8.487  -77.424  6.381 0.6000000238
1598  8.140  -77.673  6.621 0.6000000238
1599  7.884  -77.511  6.632 0.4000000060
1601  21.030  -77.784  5.243 0.4000000060
1602  20.335  -78.115  5.462 0.5000000000
1604  18.868  -78.310  5.458 0.4000000060
1605  18.517  -78.193  5.615 0.5000000000
1606  15.485  -77.673  4.958 0.5000000000
1607  14.979  -77.834  5.353 0.5000000000
1608  14.555  -77.878  5.610 0.5000000000
1609  8.295  -77.437  5.998 0.6000000238
1610  8.113  -77.633  6.165 0.6000000238
1611  7.961  -77.635  6.400 0.6000000238
1613  21.166  -78.074  4.583 0.5000000000
1615  15.620  -77.635  4.465 0.5000000000
1616  21.950  -77.591  4.100 0.5000000000
1617  21.438  -77.813  3.859 0.5000000000
1618  20.863  -78.053  3.660 0.5000000000
1619  15.672  -77.433  4.123 0.5000000000
1623  20.539  -77.864  3.325 0.5000000000
1625  19.538  -77.965  2.649 0.5000000000
1627  14.655  -77.653  2.974 0.6000000238
1628  14.157  -77.667  2.473 0.6999999881
1629  14.018  -77.900  2.145 0.6999999881
1631  18.528  -77.977  1.986 0.5000000000
1634  13.967  -77.898  1.820 0.6999999881
1635  17.410  -77.750  1.628 0.5000000000
1639  13.972  -77.960  1.538 0.6999999881
1640  24.698  -77.251  -0.278 0.8000000119
1642  23.608  -77.442  -0.157 0.8000000119
1643  22.926  -77.286  -0.046 0.8999999762
1644  15.989  -77.253  1.157 0.6000000238
1645  15.425  -77.333  0.761 0.8000000119
1646  14.957  -77.517  0.587 0.8000000119
1650  24.162  -77.623  -0.718 0.8000000119
1651  23.851  -77.605  -0.435 0.8000000119
1654  21.264  -77.835  -0.682 0.8999999762
1655  20.711  -77.878  -0.894 0.8999999762
1656  15.113  -76.855  0.195 0.8000000119
1658  14.671  -77.248  0.227 0.8000000119
1659  25.330  -77.149  -1.550 0.6999999881
1660  24.890  -77.412  -1.383 0.6999999881
1661  24.459  -77.686  -1.251 0.8000000119
1664  19.178  -78.224  -1.977 0.8000000119
1667  9.036  -77.854  -2.067 0.8000000119
1668  25.297  -77.139  -1.909 0.6999999881
1670  24.633  -77.650  -1.605 0.6999999881
1671  19.303  -77.778  -2.016 0.8000000119
1673  10.677  -78.264  -2.085 0.8999999762
1676  25.275  -77.118  -2.199 0.8000000119
1678  24.555  -77.552  -2.777 0.8000000119
1679  18.810  -77.632  -2.966 0.8999999762
1680  18.453  -78.016  -3.230 0.8000000119
1682  10.520  -77.572  -2.349 0.8999999762
1683  8.832  -77.596  -2.742 0.8000000119
1684  24.725  -77.253  -2.861 0.8000000119
1685  24.389  -77.535  -3.127 0.8000000119
1689  18.031  -77.805  -3.673 0.8000000119
1691  16.906  -78.381  -4.133 0.8999999762
1694  8.950  -77.566  -3.361 0.8000000119
1697  16.909  -77.521  -4.538 0.8999999762
1699  15.195  -78.437  -4.932 0.8999999762
1700  14.673  -78.544  -5.097 0.8999999762
1701  11.223  -77.645  -4.642 0.8999999762
1702  11.002  -77.735  -4.140 0.8999999762
1703  9.136  -77.462  -4.200 0.6999999881
1704  9.135  -77.190  -4.484 0.6999999881
1705  21.445  -77.514  -5.112 0.8999999762
1706  20.888  -77.434  -5.527 0.8999999762
1707  20.636  -77.853  -5.417 0.8000000119
1710  14.493  -77.994  -5.476 1.0000000000
1712  12.918  -78.147  -5.583 1.0000000000
1713  12.320  -77.801  -5.474 1.0000000000
1716  9.150  -77.217  -4.618 0.6999999881
1719  20.142  -77.865  -6.403 0.8000000119
1721  13.791  -77.575  -5.867 1.0000000000
1722  13.015  -77.625  -5.835 1.0000000000
1724  9.321  -77.152  -6.124 0.2000000030
1725  9.333  -77.268  -5.723 0.4000000060
1726  20.755  -77.398  -7.298 0.6999999881
1729  9.622  -77.380  -6.083 0.4000000060
1732  26.266  -77.582  -7.901 0.6000000238
1735  24.028  -77.736  -8.021 0.8999999762
1736  21.507  -77.575  -8.001 0.8000000119
1738  20.485  -77.909  -7.527 0.6999999881
1739  20.098  -78.107  -7.523 0.5000000000
1741  26.480  -77.450  -8.106 0.6000000238
1742  26.095  -77.528  -8.561 0.6000000238
1743  25.514  -78.034  -8.795 0.6999999881
1744  24.196  -78.307  -8.195 0.8000000119
1745  23.406  -78.004  -8.311 0.6999999881
1747  21.714  -77.878  -8.252 0.6000000238
1748  21.309  -77.998  -8.153 0.6000000238
1749  14.532  -77.678  -8.024 0.1000000015
1753  11.603  -77.531  -7.572 0.1000000015
1756  25.622  -77.570  -9.328 0.6999999881
1759  16.553  -78.031  -8.603 0.1000000015
1761  15.619  -78.025  -8.481 0.1000000015
1762  15.065  -78.163  -8.246 0.1000000015
1763  14.484  -78.210  -8.018 0.1000000015
1766  25.152  -77.813  -9.808 0.6000000238
1767  24.833  -78.053  -10.031 0.5000000000
1772  17.674  -78.298  -9.130 0.1000000015
1774  16.340  -78.471  -8.988 0.1000000015
1775  16.153  -78.381  -8.992 0.1000000015
1782  18.020  -78.744  -9.691 0.1000000015
1788  9.222  -76.897  -11.442 0.2000000030
1789  24.443  -77.585  -11.353 0.5000000000
1798  9.538  -77.443  -11.703 0.1000000015
1800  24.253  -77.536  -12.236 0.5000000000
1808  9.745  -77.311  -12.130 0.1000000015
1809  9.248  -77.124  -11.948 0.2000000030
1810  24.140  -77.307  -12.842 0.5000000000
1817  11.587  -77.031  -13.359 0.1000000015
1818  11.304  -77.271  -13.160 0.3000000119
1819  10.861  -77.538  -12.800 0.2000000030
1821  23.707  -78.223  -13.926 0.4000000060
1828  12.048  -77.551  -13.652 0.1000000015
1829  11.446  -77.851  -13.228 0.2000000030
1831  28.436  -77.561  -15.164 0.8999999762
1839  13.342  -77.777  -15.018 0.1000000015
1842  11.716  -78.114  -13.449 0.1000000015
1843  29.071  -77.161  -15.778 0.8000000119
1844  28.670  -77.486  -15.498 0.8000000119
1845  27.838  -77.622  -15.793 0.8999999762
1846  27.242  -77.089  -15.978 1.0000000000
1847  23.623  -77.728  -15.426 0.2000000030
1848  23.452  -77.952  -16.033 0.2000000030
1852  13.851  -77.813  -15.917 0.3000000119
1854  12.966  -78.259  -15.400 0.1000000015
1855  28.912  -77.237  -16.084 0.8000000119
1857  28.044  -77.610  -16.121 0.8999999762
1858  26.966  -77.006  -16.814 0.8999999762
1867  13.458  -78.162  -16.292 0.1000000015
1868  13.114  -78.298  -15.842 0.1000000015
1869  28.303  -77.392  -17.225 0.8999999762
1876  14.651  -77.680  -17.198 0.3000000119
1878  13.743  -78.145  -17.011 0.1000000015
1879  28.037  -77.515  -17.829 0.8999999762
1880  26.728  -77.311  -18.014 0.8999999762
1881  22.699  -77.928  -17.630 0.2000000030
1893  26.705  -77.419  -18.681 0.8999999762
1896  21.343  -77.513  -19.460 0.1000000015
1904  27.768  -77.385  -19.010 0.8999999762
1905  27.167  -77.587  -19.611 1.0000000000
1908  25.339  -76.906  -20.093 0.5000000000
1909  21.445  -77.996  -19.639 0.1000000015
1910  20.977  -77.740  -19.924 0.1000000015
1912  20.075  -77.506  -20.381 0.1000000015
1914  27.108  -77.367  -20.252 1.0000000000
1918  24.665  -77.118  -20.938 0.6999999881
1919  20.401  -78.032  -20.565 0.1000000015
1921  19.018  -77.672  -20.710 0.1000000015
1927  26.336  -77.253  -21.219 1.0000000000
1928  25.891  -77.463  -21.148 1.0000000000
1931  24.092  -77.331  -21.668 0.6999999881
1940  26.339  -77.002  -21.440 1.0000000000
1943  24.814  -77.417  -21.781 0.8000000119
1949  24.992  -77.227  -22.094 1.0000000000
1950  24.541  -77.287  -22.333 0.8000000119
1951  23.973  -77.401  -22.619 1.0000000000
1952  23.400  -77.378  -22.708 0.6000000238
1954  23.355  -77.309  -23.143 1.0000000000
1955  17.044  -76.513  16.019 0.2000000030
1956  16.814  -76.602  16.049 0.2000000030
1957  17.048  -76.649  15.704 0.2000000030
1959  15.905  -76.775  15.151 0.2000000030
1960  17.641  -76.882  14.542 0.2000000030
1961  16.916  -77.118  14.977 0.2000000030
1966  16.547  -77.409  14.436 0.2000000030
1968  15.090  -77.779  13.402 0.4000000060
1971  17.223  -77.425  13.323 0.2000000030
1974  8.654  -76.780  12.570 0.6999999881
1975  8.047  -76.720  12.465 0.8000000119
1977  18.716  -76.881  11.987 0.3000000119
1980  15.196  -77.100  12.121 0.4000000060
1982  14.358  -77.863  11.917 0.4000000060
1985  7.831  -76.825  12.021 0.8000000119
1986  18.800  -76.967  11.332 0.2000000030
1989  15.188  -76.996  11.783 0.4000000060
1991  14.241  -77.551  11.489 0.4000000060
1992  13.810  -77.604  10.891 0.5000000000
1994  8.117  -77.265  11.378 0.8000000119
1995  7.747  -76.918  11.385 0.8000000119
1996  19.521  -76.710  10.423 0.2000000030
1997  19.243  -76.855  10.714 0.2000000030
2000  14.602  -77.088  11.197 0.5000000000
2002  13.679  -77.358  10.477 0.5000000000
2003  9.066  -76.956  10.983 0.8000000119
2005  7.261  -76.447  10.535 0.6000000238
2009  17.034  -77.277  9.913 0.4000000060
2012  13.353  -77.102  9.891 0.5000000000
2016  7.473  -76.686  10.159 0.6000000238
2017  7.191  -76.312  10.219 0.6000000238
2021  16.734  -77.098  9.139 0.4000000060
2022  16.080  -77.398  9.207 0.5000000000
2023  15.739  -77.598  9.130 0.5000000000
2024  13.287  -76.611  9.434 0.5000000000
2026  8.934  -76.746  9.629 0.8000000119
2027  8.868  -76.904  9.078 0.6999999881
2028  7.566  -76.804  9.328 0.6999999881
2030  19.686  -77.240  8.080 0.3000000119
2033  17.121  -76.874  8.304 0.4000000060
2034  16.352  -77.176  8.482 0.4000000060
2040  19.878  -77.135  7.457 0.4000000060
2043  17.217  -76.939  7.690 0.4000000060
2046  12.473  -76.974  7.481 0.5000000000
2047  8.847  -77.081  7.217 0.6999999881
2050  7.073  -76.641  8.154 0.2000000030
2051  20.124  -76.946  6.536 0.3000000119
2054  18.015  -77.238  6.931 0.4000000060
2055  17.189  -77.144  7.118 0.4000000060
2056  16.729  -77.279  7.125 0.4000000060
2057  13.199  -76.665  6.386 0.5000000000
2060  20.931  -76.742  5.666 0.4000000060
2062  15.403  -76.898  5.603 0.6000000238
2065  13.568  -76.979  6.169 0.5000000000
2066  13.317  -77.355  6.457 0.5000000000
2067  8.370  -76.760  6.088 0.6000000238
2069  7.755  -77.165  6.743 0.4000000060
2070  23.474  -76.858  4.727 0.5000000000
2073  21.227  -76.974  5.451 0.4000000060
2074  20.724  -77.464  5.714 0.4000000060
2075  16.084  -76.633  5.018 0.5000000000
2077  15.239  -77.304  5.470 0.5000000000
2079  8.041  -77.178  6.097 0.6000000238
2080  7.857  -77.329  6.387 0.3000000119
2081  23.459  -76.646  4.413 0.5000000000
2084  16.202  -76.518  4.764 0.5000000000
2086  22.685  -76.786  3.784 0.5000000000
2088  21.138  -77.079  3.430 0.5000000000
2089  20.721  -76.740  3.294 0.5000000000
2090  15.710  -76.930  3.819 0.5000000000
2091  15.298  -76.982  3.395 0.5000000000
2092  20.759  -77.461  3.339 0.5000000000
2094  19.741  -77.192  2.779 0.5000000000
2097  14.385  -76.950  2.547 0.6999999881
2098  14.082  -77.145  2.168 0.6999999881
2099  18.752  -77.475  2.130 0.5000000000
2101  17.768  -77.185  1.734 0.5000000000
2104  25.836  -76.456  0.788 0.6000000238
2105  25.546  -76.584  0.692 0.6000000238
2107  16.698  -76.769  1.478 0.5000000000
2108  13.869  -76.885  0.956 0.8000000119
2109  26.021  -76.641  0.359 0.6000000238
2111  24.551  -77.040  0.186 0.8000000119
2112  24.027  -76.987  0.258 0.8000000119
2116  14.234  -77.153  0.142 0.8000000119
2117  14.021  -76.970  0.311 0.8000000119
2118  25.818  -76.744  -0.158 0.6000000238
2120  22.778  -76.949  -0.031 0.8999999762
2121  22.139  -77.051  -0.262 0.8999999762
2124  15.296  -76.566  0.193 0.6999999881
2128  26.155  -76.434  -1.702 0.6000000238
2129  25.856  -76.731  -1.043 0.6999999881
2130  25.234  -77.155  -1.070 0.6999999881
2131  20.504  -77.266  -1.090 0.8000000119
2134  13.948  -76.661  -0.602 0.8000000119
2135  10.077  -77.247  -1.739 0.8999999762
2136  9.483  -77.258  -1.558 0.8999999762
2137  8.963  -77.320  -1.925 0.8999999762
2138  26.027  -76.365  -2.229 0.6999999881
2142  10.560  -76.853  -2.354 0.8999999762
2144  8.626  -77.109  -2.425 0.8000000119
2145  25.933  -76.305  -2.546 0.6999999881
2147  25.012  -77.010  -2.790 0.8000000119
2148  18.779  -76.999  -3.215 0.8999999762
2149  10.636  -77.209  -2.888 0.8999999762
2152  25.302  -76.479  -3.061 0.8000000119
2154  24.240  -77.118  -3.578 0.8000000119
2155  23.629  -77.311  -3.881 0.8000000119
2156  23.324  -77.473  -3.923 0.8999999762
2157  18.365  -77.060  -3.716 0.8999999762
2159  17.257  -77.260  -4.399 0.8999999762
2166  16.984  -76.982  -4.673 0.8999999762
2168  11.227  -76.937  -4.602 0.8999999762
2170  9.070  -77.024  -4.111 0.8000000119
2171  9.097  -77.042  -4.347 0.6999999881
2172  21.826  -76.907  -4.943 0.8999999762
2175  16.284  -77.142  -5.065 0.8999999762
2176  15.630  -77.159  -5.383 0.8999999762
2177  15.090  -77.403  -5.480 0.8999999762
2178  12.313  -77.185  -5.554 1.0000000000
2181  9.080  -76.947  -4.720 0.6999999881
2182  20.921  -76.931  -6.145 0.8999999762
2183  20.641  -77.269  -6.609 0.6999999881
2187  13.372  -77.065  -5.934 1.0000000000
2188  12.741  -77.012  -5.796 1.0000000000
2190  9.049  -76.716  -5.653 0.5000000000
2191  7.267  -76.016  -6.977 0.1000000015
2192  7.279  -75.967  -6.874 0.1000000015
2194  26.623  -76.938  -7.085 0.6000000238
2195  25.959  -76.756  -7.065 0.5000000000
2196  25.590  -76.570  -7.130 0.5000000000
2198  20.646  -77.290  -6.883 0.6999999881
2202  7.487  -75.922  -7.171 0.1000000015
2204  27.288  -77.036  -7.979 0.5000000000
2205  26.692  -77.324  -7.738 0.6000000238
2206  26.088  -77.385  -7.381 0.6000000238
2209  23.452  -77.238  -8.129 0.8999999762
2212  21.263  -77.064  -7.574 0.8999999762
2214  12.373  -76.755  -7.920 0.1000000015
2215  11.842  -76.702  -7.819 0.1000000015
2216  11.349  -76.651  -7.584 0.1000000015
2220  7.825  -75.837  -7.024 0.1000000015
2221  27.702  -76.814  -8.499 0.5000000000
2222  27.306  -76.969  -8.564 0.5000000000
2224  26.413  -77.221  -8.854 0.6999999881
2226  22.943  -77.566  -8.323 0.8000000119
2227  22.301  -77.517  -8.341 0.8000000119
2229  15.699  -77.001  -7.978 0.1000000015
2231  13.954  -77.032  -7.963 0.1000000015
2235  11.131  -76.943  -7.360 0.1000000015
2237  8.631  -76.109  -7.473 0.1000000015
2239  27.729  -76.809  -8.798 0.5000000000
2241  26.661  -77.023  -9.155 0.8000000119
2244  17.530  -77.298  -8.328 0.1000000015
2245  16.840  -77.465  -8.296 0.1000000015
2249  26.881  -76.745  -9.546 0.8000000119
2250  26.358  -76.859  -9.620 0.6999999881
2251  25.714  -77.006  -9.882 0.6999999881
2252  25.281  -77.352  -10.005 0.6999999881
2255  19.053  -77.587  -9.104 0.1000000015
2256  18.318  -77.651  -8.771 0.1000000015
2257  17.747  -77.777  -8.611 0.1000000015
2258  29.156  -76.466  -11.555 0.8999999762
2259  28.952  -76.486  -11.411 0.8999999762
2261  25.106  -77.063  -10.433 0.5000000000
2271  8.911  -76.302  -11.552 0.2000000030
2272  8.697  -75.930  -11.755 0.2000000030
2273  29.501  -76.399  -11.969 0.8000000119
2274  29.242  -76.478  -11.859 0.8000000119
2276  24.428  -77.085  -11.593 0.5000000000
2283  8.973  -76.470  -11.792 0.2000000030
2284  8.793  -76.146  -11.874 0.2000000030
2286  29.186  -76.535  -12.411 0.8999999762
2289  24.309  -76.789  -12.018 0.5000000000
2295  10.761  -76.593  -12.788 0.3000000119
2298  9.131  -76.525  -12.025 0.2000000030
2299  8.805  -75.979  -12.094 0.2000000030
2302  28.380  -76.967  -13.488 0.8999999762
2310  11.608  -76.657  -13.279 0.2000000030
2312  10.846  -76.897  -12.813 0.3000000119
2313  10.303  -77.088  -12.463 0.3000000119
2314  29.292  -76.635  -13.978 0.8000000119
2315  28.769  -77.149  -14.019 0.8000000119
2316  28.082  -77.146  -14.189 1.0000000000
2317  27.580  -76.985  -14.154 1.0000000000
2322  13.858  -76.822  -14.363 0.4000000060
2323  13.322  -76.998  -14.165 0.2000000030
2326  29.414  -76.717  -14.668 0.8000000119
2328  28.463  -77.431  -14.810 0.8000000119
2331  23.711  -77.410  -14.823 0.3000000119
2336  14.836  -76.583  -15.235 0.4000000060
2338  13.627  -77.447  -14.875 0.3000000119
2341  29.328  -76.923  -15.324 0.8000000119
2344  26.978  -76.971  -15.893 1.0000000000
2351  14.229  -77.357  -15.581 0.3000000119
2354  28.920  -77.051  -16.584 0.8000000119
2356  23.614  -77.074  -15.776 0.3000000119
2362  15.280  -77.048  -16.621 0.4000000060
2367  26.754  -76.907  -17.209 0.8999999762
2374  14.971  -77.359  -16.918 0.3000000119
2375  28.841  -76.580  -17.830 0.8000000119
2376  28.490  -76.986  -17.880 0.8000000119
2385  16.244  -76.681  -18.327 0.4000000060
2388  28.212  -77.113  -18.623 0.8999999762
2389  26.413  -76.839  -18.733 0.8000000119
2392  21.253  -77.163  -19.360 0.1000000015
2396  16.318  -76.505  -18.703 0.3000000119
2397  16.000  -76.884  -18.822 0.3000000119
2402  25.586  -76.609  -19.670 0.5000000000
2405  20.590  -77.256  -19.928 0.1000000015
2406  20.204  -77.242  -20.188 0.1000000015
2410  28.070  -76.806  -19.712 0.8999999762
2413  25.009  -76.775  -20.338 0.5000000000
2414  24.695  -76.872  -20.731 0.6000000238
2416  19.343  -77.221  -20.611 0.1000000015
2418  15.356  -76.926  -19.936 0.2000000030
2421  27.345  -76.728  -20.757 1.0000000000
2422  26.804  -76.789  -21.224 1.0000000000
2423  24.359  -76.943  -21.111 0.6000000238
2424  23.999  -77.079  -21.504 0.5000000000
2425  17.978  -77.192  -20.986 0.1000000015
2431  25.633  -76.809  -22.121 1.0000000000
2432  25.249  -77.087  -22.117 1.0000000000
2433  23.720  -77.242  -21.923 0.6000000238
2434  22.865  -77.084  -22.241 0.3000000119
2436  16.568  -77.029  -22.029 0.1000000015
2437  16.077  -77.207  -22.085 0.1000000015
2441  24.977  -76.872  -22.505 1.0000000000
2443  24.092  -77.159  -23.046 1.0000000000
2446  21.791  -76.773  -23.041 0.4000000060
2447  15.812  -76.777  -22.654 0.3000000119
2448  15.403  -76.846  -22.472 0.3000000119
2450  24.028  -76.721  -23.304 1.0000000000
2451  23.712  -77.041  -23.301 1.0000000000
2452  23.096  -77.082  -23.647 0.6999999881
2453  22.412  -77.200  -23.554 0.5000000000
2454  21.614  -76.933  -23.537 0.4000000060
2457  22.696  -76.963  -24.027 0.6999999881
2459  21.526  -77.006  -24.197 0.5000000000
2460  16.915  -76.037  17.018 0.2000000030
2461  16.539  -76.140  16.899 0.2000000030
2464  17.161  -76.244  16.366 0.2000000030
2466  16.121  -76.134  16.219 0.2000000030
2467  17.868  -76.031  15.949 0.2000000030
2468  17.561  -76.399  15.655 0.2000000030
2469  16.194  -76.404  15.986 0.2000000030
2471  9.867  -75.805  15.163 0.6999999881
2472  9.700  -75.886  15.179 0.6999999881
2473  18.645  -76.038  14.679 0.2000000030
2476  16.240  -76.125  14.429 0.3000000119
2479  9.515  -76.130  14.844 0.6999999881
2480  9.092  -76.062  14.549 0.6999999881
2482  18.271  -76.533  14.074 0.2000000030
2483  16.140  -76.287  13.981 0.4000000060
2484  15.741  -76.749  14.072 0.3000000119
2487  8.746  -76.081  13.978 0.6999999881
2489  19.024  -76.231  13.433 0.2000000030
2495  8.249  -76.160  13.125 0.8000000119
2496  7.726  -76.196  12.498 0.8000000119
2497  19.673  -76.050  12.054 0.2000000030
2498  19.158  -76.452  12.435 0.2000000030
2502  9.203  -76.433  12.406 0.8000000119
2503  7.485  -76.363  11.928 0.6000000238
2506  15.938  -76.238  11.733 0.4000000060
2508  14.937  -76.885  11.292 0.5000000000
2511  6.995  -76.032  10.926 0.6000000238
2513  19.515  -76.483  11.003 0.2000000030
2514  15.327  -76.365  10.934 0.4000000060
2516  14.239  -76.760  10.373 0.5000000000
2517  9.019  -76.545  10.712 0.6999999881
2518  7.214  -76.385  10.808 0.6000000238
2519  6.970  -75.922  10.641 0.3000000119
2520  19.691  -76.411  9.681 0.3000000119
2522  13.929  -76.559  10.002 0.5000000000
2523  13.582  -76.420  9.624 0.5000000000
2524  8.918  -76.350  10.255 0.8999999762
2525  8.827  -76.145  9.861 0.8000000119
2526  7.021  -75.995  10.086 0.3000000119
2528  13.425  -76.254  9.389 0.5000000000
2532  6.820  -75.874  9.728 0.3000000119
2534  17.716  -76.782  8.145 0.4000000060
2535  17.524  -76.765  8.133 0.4000000060
2536  12.777  -76.228  8.633 0.5000000000
2537  8.825  -76.320  8.280 0.8000000119
2538  6.704  -76.018  9.183 0.3000000119
2539  19.708  -76.451  7.527 0.3000000119
2540  17.691  -76.781  7.963 0.4000000060
2541  17.458  -76.805  7.907 0.4000000060
2544  6.539  -76.080  8.344 0.2000000030
2545  20.193  -76.438  6.226 0.4000000060
2546  19.852  -76.209  6.684 0.3000000119
2548  12.571  -76.117  6.975 0.6000000238
2550  23.435  -76.076  5.845 0.5000000000
2551  23.070  -75.858  5.936 0.5000000000
2552  20.999  -76.426  5.662 0.4000000060
2556  15.528  -76.354  5.719 0.6000000238
2557  14.720  -76.264  5.864 0.6000000238
2559  13.309  -76.277  6.160 0.5000000000
2560  24.121  -76.125  5.270 0.5000000000
2561  23.520  -76.482  5.305 0.5000000000
2563  21.756  -76.452  5.406 0.5000000000
2565  16.265  -76.092  5.026 0.6000000238
2566  15.986  -76.440  5.357 0.6000000238
2567  8.786  -76.231  4.622 0.8000000119
2568  8.401  -76.353  4.837 0.6999999881
2570  24.105  -75.909  4.978 0.5000000000
2571  23.790  -76.240  4.713 0.5000000000
2573  16.208  -76.236  4.459 0.5000000000
2574  16.015  -76.518  4.067 0.5000000000
2575  8.785  -76.178  4.322 0.8000000119
2578  22.930  -76.455  3.872 0.5000000000
2580  21.713  -76.333  3.488 0.5000000000
2581  20.936  -76.231  3.340 0.5000000000
2583  16.076  -76.056  4.021 0.5000000000
2585  15.505  -76.552  3.480 0.5000000000
2586  8.707  -76.058  4.051 0.8000000119
2587  8.367  -76.066  3.883 0.8000000119
2588  7.987  -76.086  3.829 0.6000000238
2591  19.286  -76.496  2.597 0.5000000000
2593  15.213  -76.346  3.145 0.5000000000
2594  14.705  -76.295  2.707 0.6999999881
2597  17.501  -76.498  1.739 0.5000000000
2598  14.295  -76.221  2.271 0.6999999881
2599  13.989  -76.164  1.791 0.8000000119
2600  26.639  -75.996  0.826 0.5000000000
2601  26.263  -76.219  0.835 0.6000000238
2603  25.005  -76.069  0.795 0.6000000238
2605  16.493  -76.126  1.211 0.5000000000
2609  25.183  -76.437  0.667 0.6000000238
2611  23.865  -76.331  0.325 0.6999999881
2616  26.670  -76.164  -0.602 0.6999999881
2619  21.764  -76.430  -0.435 0.8999999762
2620  21.100  -76.521  -0.837 0.8000000119
2621  20.747  -76.886  -0.969 0.8000000119
2622  15.164  -75.925  -0.517 0.6000000238
2628  26.333  -76.393  -0.823 0.6999999881
2630  20.446  -76.495  -1.210 0.8000000119
2631  19.828  -76.404  -1.706 0.6999999881
2633  14.663  -75.964  -1.156 0.6999999881
2634  14.029  -76.242  -1.150 0.8000000119
2635  13.523  -75.955  -1.227 0.8000000119
2638  8.702  -76.816  -1.987 0.8999999762
2639  26.956  -75.696  -1.927 0.5000000000
2640  26.601  -75.916  -1.980 0.6999999881
2642  19.198  -76.601  -2.466 0.8999999762
2643  14.479  -75.790  -1.686 0.6999999881
2647  10.432  -76.522  -1.885 1.0000000000
2648  8.739  -76.437  -1.980 0.8999999762
2649  8.593  -76.508  -2.303 0.8999999762
2651  25.915  -76.184  -2.760 0.6999999881
2652  19.217  -76.199  -2.585 0.8000000119
2653  18.997  -76.389  -2.907 0.8999999762
2655  8.667  -76.588  -2.806 0.8999999762
2656  26.143  -75.842  -2.892 0.6999999881
2657  25.694  -76.114  -3.104 0.8000000119
2659  24.568  -76.430  -3.652 0.8000000119
2660  23.970  -76.654  -4.004 0.8999999762
2663  11.375  -76.063  -3.947 1.0000000000
2666  23.471  -76.544  -4.234 0.8999999762
2668  22.273  -76.173  -4.819 0.8999999762
2669  18.387  -76.049  -4.072 0.8999999762
2671  17.229  -76.617  -4.691 0.8999999762
2672  12.169  -76.196  -4.960 1.0000000000
2674  11.107  -76.650  -4.246 0.8999999762
2676  9.079  -76.544  -4.251 0.8000000119
2677  9.063  -76.835  -4.453 0.6999999881
2679  21.236  -76.213  -5.746 0.8999999762
2680  17.346  -75.728  -5.006 0.8999999762
2681  16.824  -76.364  -5.056 0.8999999762
2683  15.480  -76.754  -5.630 0.8999999762
2684  12.843  -76.302  -5.527 1.0000000000
2686  11.924  -76.503  -5.044 1.0000000000
2688  9.106  -76.452  -5.074 0.6000000238
2690  21.104  -76.121  -6.306 1.0000000000
2692  15.113  -76.391  -5.795 0.8999999762
2694  13.625  -76.518  -5.910 1.0000000000
2696  12.731  -76.615  -5.684 1.0000000000
2697  9.075  -75.757  -5.871 0.6999999881
2699  7.136  -75.920  -6.575 0.1000000015
2700  6.982  -75.661  -6.923 0.1000000015
2701  27.106  -76.348  -7.074 0.6000000238
2702  26.419  -76.257  -6.961 0.6000000238
2704  25.361  -76.282  -7.237 0.5000000000
2707  8.066  -75.780  -6.872 0.1000000015
2708  7.602  -75.552  -6.968 0.2000000030
2709  27.810  -76.383  -8.090 0.5000000000
2710  27.648  -76.392  -7.666 0.5000000000
2711  25.045  -76.410  -7.399 0.6000000238
2712  24.618  -76.463  -7.582 0.8000000119
2715  22.222  -76.321  -7.986 0.8999999762
2718  13.534  -75.937  -7.779 0.1000000015
2720  12.121  -76.211  -7.706 0.1000000015
2725  8.261  -75.577  -6.818 0.2000000030
2726  7.913  -75.352  -6.927 0.2000000030
2727  27.916  -76.455  -8.493 0.5000000000
2729  16.879  -76.408  -8.030 0.1000000015
2732  14.204  -76.133  -7.938 0.1000000015
2734  12.963  -76.550  -7.920 0.1000000015
2735  10.543  -76.577  -7.223 0.1000000015
2737  8.588  -75.726  -7.791 0.1000000015
2738  8.190  -75.518  -7.394 0.2000000030
2740  28.816  -76.228  -9.827 0.8999999762
2742  27.637  -76.632  -9.425 0.8000000119
2745  17.627  -76.630  -8.101 0.1000000015
2746  17.115  -76.888  -8.093 0.1000000015
2749  29.028  -76.362  -10.506 0.8999999762
2753  26.150  -76.666  -9.947 0.6999999881
2759  29.641  -76.223  -11.188 0.8000000119
2760  29.217  -76.395  -11.138 0.8000000119
2764  25.952  -76.347  -10.386 0.6999999881
2765  25.190  -76.428  -10.752 0.5000000000
2776  8.858  -75.745  -11.150 0.2000000030
2777  8.658  -75.704  -11.583 0.2000000030
2779  29.449  -76.362  -11.563 0.8000000119
2780  28.441  -76.495  -11.687 0.8999999762
2781  28.032  -76.338  -11.710 1.0000000000
2782  25.043  -76.079  -11.137 0.5000000000
2783  24.642  -76.418  -11.403 0.5000000000
2790  29.704  -75.858  -12.450 0.8999999762
2791  28.331  -76.542  -12.080 0.8999999762
2799  10.812  -76.157  -12.670 0.3000000119
2802  29.501  -75.728  -13.086 0.8999999762
2803  27.425  -76.503  -13.565 0.8999999762
2804  27.065  -76.138  -13.660 1.0000000000
2805  24.164  -76.159  -12.854 0.3000000119
2806  24.014  -76.372  -13.313 0.3000000119
2811  12.432  -76.270  -13.372 0.2000000030
2812  11.746  -76.235  -13.073 0.2000000030
2813  11.320  -76.397  -12.972 0.3000000119
2814  29.496  -75.967  -13.785 0.8000000119
2816  26.982  -76.192  -14.181 1.0000000000
2822  14.778  -75.982  -14.409 0.6999999881
2823  14.238  -76.238  -14.212 0.6999999881
2825  13.004  -76.559  -13.758 0.2000000030
2827  27.106  -76.995  -14.760 1.0000000000
2828  26.918  -76.659  -14.959 1.0000000000
2829  23.718  -76.803  -14.711 0.4000000060
2834  14.604  -76.344  -14.588 0.4000000060
2835  29.688  -76.138  -15.253 0.8000000119
2837  26.805  -76.677  -15.608 1.0000000000
2845  15.229  -76.388  -15.565 0.6000000238
2846  29.844  -75.907  -16.070 0.6999999881
2847  29.576  -76.268  -16.571 0.6999999881
2848  26.699  -76.484  -16.241 0.8999999762
2850  23.320  -76.476  -16.691 0.3000000119
2856  15.665  -76.453  -16.313 0.8000000119
2857  15.162  -76.741  -15.896 0.4000000060
2860  26.638  -76.434  -17.160 0.6999999881
2868  16.050  -76.602  -17.238 0.5000000000
2869  29.126  -76.191  -18.104 0.6999999881
2872  26.085  -75.767  -18.535 0.6000000238
2874  22.148  -76.553  -18.352 0.2000000030
2880  16.269  -76.540  -17.847 0.5000000000
2882  28.587  -76.596  -18.624 0.8000000119
2883  26.196  -76.481  -18.864 0.6000000238
2884  25.804  -76.085  -19.152 0.5000000000
2886  21.664  -76.631  -18.890 0.1000000015
2887  21.152  -76.760  -19.315 0.1000000015
2888  16.480  -76.168  -19.037 0.3000000119
2891  28.520  -76.397  -19.441 0.6999999881
2892  25.567  -76.327  -19.521 0.5000000000
2893  25.304  -76.228  -19.745 0.5000000000
2894  20.658  -76.797  -19.661 0.1000000015
2895  20.302  -76.885  -19.971 0.1000000015
2896  19.996  -76.924  -20.188 0.1000000015
2897  16.433  -76.086  -19.614 0.2000000030
2898  16.143  -76.505  -19.439 0.3000000119
2900  27.740  -76.466  -20.595 1.0000000000
2901  25.035  -76.447  -20.148 0.5000000000
2902  24.680  -76.433  -20.500 0.6000000238
2905  19.657  -76.647  -20.446 0.1000000015
2906  19.023  -76.706  -20.781 0.2000000030
2907  18.482  -76.736  -21.007 0.2000000030
2909  15.817  -76.469  -20.137 0.2000000030
2910  15.221  -76.771  -20.409 0.3000000119
2913  27.511  -76.185  -21.175 0.8999999762
2916  23.887  -76.508  -21.264 0.5000000000
2918  19.367  -76.308  -20.954 0.1000000015
2925  27.233  -75.954  -21.693 0.8999999762
2926  26.718  -76.127  -21.962 0.8999999762
2927  26.114  -76.377  -22.154 1.0000000000
2929  22.863  -76.589  -22.035 0.3000000119
2931  21.818  -76.190  -22.340 0.2000000030
2932  19.286  -76.055  -21.581 0.2000000030
2940  25.723  -76.202  -22.554 0.8999999762
2941  25.091  -76.233  -22.935 0.8999999762
2942  24.680  -76.595  -22.940 0.8999999762
2943  21.906  -76.689  -22.815 0.2000000030
2946  19.423  -76.290  -23.300 0.2000000030
2953  24.864  -75.956  -23.301 0.8999999762
2956  23.449  -76.836  -23.709 1.0000000000
2957  21.266  -76.708  -23.418 0.4000000060
2958  20.825  -76.756  -23.760 0.4000000060
2961  18.124  -76.143  -23.955 0.5000000000
2962  17.220  -75.966  -23.898 0.5000000000
2963  16.614  -76.119  -23.466 0.3000000119
2964  16.072  -76.076  -23.457 0.5000000000
2965  24.246  -75.974  -23.732 0.8999999762
2968  22.397  -76.659  -24.457 0.8999999762
2969  21.751  -76.761  -24.609 0.8999999762
2975  22.607  -76.188  -24.688 0.8000000119
2977  21.403  -76.296  -25.005 0.6999999881
2979  19.858  -76.162  -25.164 0.6999999881
2980  19.120  -75.947  -25.153 0.4000000060
2981  18.712  -75.748  -25.119 0.5000000000
2982  17.203  -75.029  18.437 0.2000000030
2984  16.574  -75.301  18.522 0.2000000030
2986  17.421  -75.059  18.071 0.2000000030
2987  16.905  -75.452  18.047 0.2000000030
2988  16.329  -75.443  18.019 0.2000000030
2989  10.430  -74.852  17.322 0.5000000000
2991  9.815  -74.971  17.445 0.4000000060
2992  17.868  -75.066  17.461 0.2000000030
2993  17.313  -75.656  17.213 0.2000000030
2997  9.963  -75.267  16.811 0.5000000000
2999  9.289  -74.776  17.048 0.5000000000
3000  18.764  -75.287  15.991 0.2000000030
3004  16.146  -75.654  16.373 0.2000000030
3005  10.401  -75.203  16.103 0.6999999881
3006  9.856  -75.543  16.040 0.6000000238
3008  9.250  -74.883  16.518 0.4000000060
3014  10.439  -75.234  15.341 0.8999999762
3015  9.979  -75.637  15.390 0.6999999881
3016  9.436  -75.661  15.412 0.6999999881
3017  9.085  -74.992  15.711 0.4000000060
3018  19.575  -75.480  14.376 0.2000000030
3019  18.941  -75.752  14.714 0.2000000030
3020  18.680  -75.782  15.181 0.2000000030
3022  16.295  -75.760  15.065 0.2000000030
3023  10.348  -75.180  14.880 0.8999999762
3024  10.105  -75.557  14.904 0.8000000119
3026  8.773  -75.514  14.769 0.4000000060
3027  20.104  -75.319  13.781 0.2000000030
3029  19.218  -75.796  14.056 0.2000000030
3032  10.144  -75.341  14.499 0.8999999762
3034  8.035  -75.234  13.234 0.5000000000
3035  20.302  -75.152  13.482 0.2000000030
3037  19.437  -75.795  13.672 0.2000000030
3038  16.486  -75.768  12.745 0.3000000119
3039  9.895  -75.577  13.787 0.8999999762
3040  9.714  -75.462  13.267 1.0000000000
3042  7.742  -75.535  12.829 0.5000000000
3045  16.462  -75.711  12.140 0.3000000119
3046  9.733  -75.861  13.202 0.8999999762
3049  6.915  -75.513  11.734 0.5000000000
3050  20.218  -75.030  12.350 0.2000000030
3051  19.938  -75.329  11.722 0.2000000030
3053  15.940  -76.127  11.422 0.3000000119
3056  7.131  -75.906  11.698 0.6000000238
3057  6.904  -75.752  11.346 0.6000000238
3058  19.731  -75.422  10.773 0.2000000030
3059  16.195  -75.677  11.220 0.3000000119
3060  15.724  -76.030  10.940 0.4000000060
3064  6.766  -75.612  10.915 0.3000000119
3067  15.634  -75.585  10.327 0.4000000060
3069  14.185  -75.999  9.790 0.4000000060
3070  13.850  -76.198  9.667 0.5000000000
3071  8.829  -75.999  10.151 1.0000000000
3074  19.541  -75.582  8.703 0.3000000119
3075  14.795  -75.288  9.652 0.4000000060
3078  13.019  -75.521  8.913 0.4000000060
3085  19.533  -75.610  7.150 0.3000000119
3086  12.359  -75.179  7.527 0.6000000238
3087  23.825  -75.336  6.606 0.5000000000
3088  23.261  -75.209  6.623 0.5000000000
3091  12.919  -75.785  6.352 0.6000000238
3093  23.921  -75.749  6.128 0.5000000000
3095  22.742  -75.386  6.090 0.5000000000
3096  21.938  -75.336  5.831 0.5000000000
3097  21.085  -75.635  5.782 0.4000000060
3098  20.312  -75.606  6.092 0.4000000060
3099  19.928  -75.736  6.338 0.4000000060
3100  16.280  -75.517  5.363 0.6000000238
3101  15.865  -75.566  5.774 0.6000000238
3103  14.362  -75.548  5.904 0.6999999881
3106  7.147  -76.028  5.683 0.3000000119
3107  24.283  -75.689  5.737 0.5000000000
3108  22.304  -75.714  5.743 0.5000000000
3110  21.396  -76.174  5.540 0.4000000060
3111  16.437  -75.498  4.949 0.6000000238
3112  8.940  -76.121  4.772 0.8000000119
3113  8.896  -76.154  5.280 0.8000000119
3114  7.292  -75.940  5.252 0.4000000060
3117  24.031  -75.560  4.797 0.5000000000
3118  23.571  -75.563  4.366 0.5000000000
3121  8.852  -75.477  4.807 0.8000000119
3122  7.355  -75.790  4.763 0.4000000060
3125  22.131  -75.592  3.616 0.5000000000
3129  16.230  -75.637  4.245 0.6000000238
3132  8.105  -75.814  3.478 0.8000000119
3133  7.631  -75.681  3.938 0.6000000238
3134  19.379  -75.608  2.875 0.5000000000
3136  15.514  -75.712  3.342 0.5000000000
3139  8.519  -75.368  2.545 0.8000000119
3140  8.170  -75.629  2.848 0.8000000119
3141  7.715  -75.417  3.185 0.5000000000
3142  28.243  -75.010  0.927 0.6000000238
3143  27.684  -75.226  1.461 0.4000000060
3146  17.689  -75.904  1.837 0.5000000000
3148  14.232  -75.587  1.962 0.6999999881
3150  8.382  -75.282  2.117 0.8000000119
3153  28.038  -75.053  0.586 0.4000000060
3155  26.924  -75.599  1.239 0.4000000060
3158  24.827  -75.929  0.639 0.5000000000
3159  16.813  -75.708  1.361 0.6000000238
3162  28.031  -75.119  0.078 0.6000000238
3163  27.754  -75.323  0.327 0.6000000238
3164  27.328  -75.625  0.353 0.6000000238
3165  24.915  -75.210  0.486 0.5000000000
3168  22.985  -75.827  -0.071 0.8000000119
3169  16.286  -75.557  0.708 0.6000000238
3172  28.174  -75.049  -0.360 0.6000000238
3175  23.122  -75.358  -0.221 0.6999999881
3177  22.030  -75.755  -0.454 0.8999999762
3179  16.050  -75.230  0.162 0.5000000000
3180  15.700  -75.404  -0.312 0.6000000238
3182  12.722  -75.163  -1.292 0.8000000119
3184  27.470  -75.582  -1.175 0.5000000000
3185  26.944  -75.892  -1.024 0.5000000000
3186  21.078  -75.906  -1.011 0.8000000119
3189  15.401  -75.368  -1.161 0.6000000238
3190  14.975  -75.545  -1.517 0.6999999881
3193  11.419  -75.264  -1.758 0.8999999762
3197  27.886  -75.214  -1.607 0.5000000000
3199  26.723  -75.676  -2.384 0.6000000238
3200  20.266  -75.374  -1.604 0.8000000119
3208  10.754  -75.980  -2.118 1.0000000000
3210  8.828  -75.878  -2.176 0.8999999762
3212  27.163  -75.096  -2.673 0.6999999881
3213  26.696  -75.438  -2.820 0.6000000238
3214  19.309  -75.593  -2.807 0.8000000119
3221  11.074  -75.870  -2.806 1.0000000000
3223  8.791  -76.053  -2.967 0.8000000119
3225  25.477  -75.578  -3.478 0.8000000119
3228  23.784  -76.089  -4.185 0.8000000119
3231  13.583  -75.093  -3.892 0.8999999762
3235  11.298  -75.823  -3.264 1.0000000000
3238  9.130  -75.854  -3.709 0.8999999762
3239  23.346  -75.870  -4.363 0.8000000119
3240  22.811  -75.650  -4.627 0.8999999762
3244  13.726  -74.962  -4.410 0.8999999762
3247  12.036  -75.724  -4.118 1.0000000000
3248  9.972  -75.082  -4.343 0.8999999762
3251  21.929  -75.524  -5.182 0.8999999762
3252  21.483  -75.719  -5.506 0.8999999762
3253  17.384  -75.169  -5.116 0.8999999762
3259  12.588  -76.103  -5.154 0.8999999762
3260  9.885  -75.240  -4.851 0.8999999762
3262  21.613  -75.250  -5.585 0.8999999762
3264  15.650  -75.737  -5.723 0.8999999762
3266  14.553  -75.502  -5.725 0.8999999762
3267  13.753  -75.884  -5.716 0.8999999762
3268  13.269  -76.194  -5.693 1.0000000000
3269  9.341  -75.554  -5.695 0.6999999881
3272  7.207  -75.324  -6.650 0.3000000119
3273  27.363  -75.747  -7.381 0.5000000000
3276  25.509  -75.626  -7.189 0.6000000238
3277  21.645  -75.320  -7.204 0.8999999762
3278  21.326  -75.657  -6.819 0.8999999762
3279  11.072  -75.402  -7.127 0.1000000015
3282  8.201  -74.996  -6.606 0.3000000119
3283  8.006  -75.024  -6.869 0.3000000119
3285  27.883  -76.004  -8.145 0.6000000238
3287  24.930  -75.862  -7.451 0.6999999881
3289  23.545  -75.745  -7.898 0.6999999881
3292  21.531  -75.698  -7.324 0.8999999762
3294  13.875  -75.477  -7.691 0.1000000015
3296  12.347  -75.575  -7.388 0.1000000015
3301  9.091  -75.719  -8.029 0.1000000015
3302  8.080  -74.836  -7.145 0.2000000030
3303  7.866  -74.721  -7.066 0.3000000119
3304  28.177  -75.919  -8.671 0.8999999762
3305  27.888  -75.745  -8.300 0.6000000238
3311  14.342  -75.554  -7.873 0.1000000015
3312  9.173  -75.142  -8.146 0.1000000015
3313  8.835  -75.302  -8.112 0.1000000015
3315  8.232  -74.844  -7.543 0.2000000030
3317  28.585  -75.913  -9.325 0.8999999762
3321  17.981  -76.317  -8.138 0.1000000015
3322  29.580  -75.911  -10.620 0.8000000119
3323  29.343  -75.853  -10.278 0.8000000119
3328  29.664  -75.699  -10.971 0.8000000119
3329  29.450  -75.447  -10.535 0.8000000119
3330  27.351  -75.947  -11.331 0.8000000119
3332  26.273  -75.792  -11.021 0.6999999881
3343  29.698  -75.436  -11.829 0.8000000119
3344  27.350  -75.898  -11.866 0.8000000119
3345  26.533  -75.585  -11.755 0.6999999881
3346  25.759  -75.552  -11.620 0.6000000238
3348  24.613  -75.919  -11.832 0.5000000000
3355  29.199  -75.026  -12.851 0.8999999762
3356  27.267  -75.967  -12.926 0.8000000119
3360  24.714  -75.543  -12.266 0.3000000119
3365  11.927  -75.127  -12.727 0.6000000238
3366  11.482  -75.557  -12.645 0.3000000119
3368  9.581  -74.974  -12.811 0.4000000060
3369  8.961  -75.073  -13.040 0.2000000030
3370  29.389  -75.442  -13.103 0.6999999881
3373  26.813  -75.669  -13.532 0.8000000119
3381  13.241  -75.343  -13.325 0.6000000238
3383  12.034  -75.879  -13.003 0.2000000030
3384  9.549  -74.651  -13.138 0.4000000060
3386  8.886  -74.812  -13.537 0.3000000119
3387  29.342  -75.497  -13.574 0.6999999881
3388  29.185  -75.145  -13.782 0.6000000238
3389  26.724  -75.636  -14.259 0.8000000119
3390  24.274  -75.398  -13.460 0.3000000119
3391  23.948  -75.854  -13.797 0.3000000119
3396  14.993  -75.533  -14.320 0.8999999762
3398  13.787  -75.620  -13.657 0.6999999881
3400  29.121  -75.027  -14.215 0.6000000238
3403  23.754  -75.789  -14.758 0.3000000119
3408  15.533  -75.583  -14.950 0.8999999762
3409  15.153  -75.797  -14.704 0.8000000119
3410  9.813  -74.685  -15.549 0.4000000060
3411  9.442  -74.814  -15.277 0.4000000060
3412  8.898  -74.862  -15.028 0.4000000060
3423  15.663  -75.923  -15.607 0.6000000238
3424  15.319  -76.013  -15.138 0.8000000119
3425  10.037  -74.701  -15.939 0.4000000060
3427  9.001  -74.786  -15.557 0.4000000060
3431  26.263  -75.274  -16.676 0.6999999881
3432  23.423  -75.883  -16.448 0.3000000119
3439  16.978  -75.069  -16.848 0.8999999762
3441  16.029  -75.856  -16.058 0.8000000119
3442  9.345  -74.803  -16.053 0.4000000060
3443  9.099  -74.726  -16.003 0.4000000060
3444  30.473  -75.128  -17.112 0.5000000000
3446  29.937  -75.554  -17.570 0.6000000238
3448  26.193  -75.347  -17.241 0.6000000238
3449  23.520  -75.392  -16.732 0.3000000119
3450  23.263  -75.719  -17.018 0.3000000119
3455  16.983  -75.132  -17.191 0.8999999762
3456  16.801  -75.509  -17.385 0.6999999881
3457  30.116  -75.272  -17.774 0.4000000060
3459  26.342  -75.697  -17.726 0.6000000238
3461  23.422  -75.241  -17.216 0.3000000119
3465  16.805  -75.611  -17.972 0.6999999881
3466  29.978  -75.130  -18.377 0.4000000060
3467  29.470  -75.582  -18.713 0.6999999881
3468  25.755  -75.427  -18.608 0.4000000060
3469  25.190  -75.400  -19.135 0.5000000000
3471  22.704  -75.454  -18.665 0.3000000119
3474  16.955  -75.159  -18.239 0.6999999881
3475  16.806  -75.527  -18.728 0.5000000000
3477  29.225  -75.493  -19.659 0.5000000000
3478  28.699  -75.972  -19.848 0.6999999881
3479  24.870  -75.715  -19.797 0.5000000000
3485  20.399  -76.501  -19.944 0.1000000015
3487  29.068  -75.231  -20.238 0.5000000000
3490  24.446  -75.933  -20.375 0.5000000000
3497  16.404  -75.686  -20.193 0.2000000030
3498  15.912  -76.031  -20.605 0.2000000030
3500  27.566  -75.494  -21.606 0.8999999762
3501  23.449  -76.173  -21.311 0.3000000119
3502  22.880  -75.999  -21.513 0.3000000119
3504  21.281  -75.666  -21.187 0.2000000030
3505  20.498  -75.784  -21.097 0.1000000015
3506  19.814  -75.972  -21.054 0.1000000015
3507  16.317  -75.143  -20.724 0.5000000000
3510  26.855  -75.659  -22.222 0.8999999762
3511  22.532  -76.292  -21.992 0.2000000030
3512  22.184  -76.045  -21.967 0.2000000030
3517  15.448  -75.535  -21.777 0.4000000060
3518  15.119  -75.870  -22.232 0.3000000119
3519  26.598  -75.615  -22.483 0.8999999762
3520  26.101  -75.627  -22.835 0.8999999762
3522  21.064  -75.925  -22.337 0.2000000030
3525  19.139  -76.093  -22.736 0.2000000030
3527  15.130  -75.936  -22.638 0.3000000119
3529  25.260  -75.625  -23.383 0.8999999762
3530  24.773  -75.768  -23.554 0.8999999762
3531  16.937  -75.664  -24.204 0.5000000000
3535  24.419  -75.628  -23.924 0.8999999762
3536  23.723  -75.640  -24.362 0.8999999762
3538  22.407  -75.353  -25.023 0.8000000119
3539  17.977  -75.484  -24.800 0.5000000000
3541  16.790  -75.135  -24.296 0.6000000238
3543  21.818  -75.664  -25.098 0.8000000119
3545  20.332  -75.656  -25.311 0.6999999881
3547  18.948  -75.476  -25.168 0.6999999881
3548  18.469  -75.510  -25.028 0.5000000000
3550  15.914  -74.386  19.648 0.1000000015
3553  15.906  -74.566  19.301 0.1000000015
3556  9.498  -74.126  19.095 0.5000000000
3558  17.298  -74.729  18.725 0.2000000030
3559  16.699  -74.983  18.942 0.2000000030
3561  10.376  -74.454  18.391 0.6000000238
3562  9.847  -74.566  18.543 0.6000000238
3563  9.465  -74.294  18.713 0.5000000000
3564  18.450  -74.388  17.682 0.2000000030
3565  17.966  -74.617  18.009 0.2000000030
3566  17.599  -74.735  18.335 0.2000000030
3567  16.200  -74.699  17.481 0.2000000030
3568  16.055  -74.944  17.830 0.2000000030
3569  10.564  -74.618  17.593 0.5000000000
3570  10.042  -74.742  17.902 0.6000000238
3572  18.632  -74.544  17.213 0.2000000030
3574  16.336  -74.661  16.974 0.2000000030
3576  10.784  -74.500  17.028 0.8000000119
3577  9.274  -74.513  17.215 0.5000000000
3578  9.197  -74.534  16.703 0.5000000000
3580  19.692  -74.561  16.032 0.2000000030
3581  18.909  -74.768  16.533 0.2000000030
3582  18.330  -74.903  17.035 0.2000000030
3584  16.239  -75.089  16.529 0.1000000015
3585  10.960  -74.409  16.010 0.8999999762
3588  20.401  -74.636  15.374 0.2000000030
3589  19.848  -74.884  15.319 0.2000000030
3591  17.176  -74.109  15.238 0.3000000119
3593  11.030  -74.317  15.790 0.8999999762
3595  8.964  -74.321  15.654 0.4000000060
3596  21.149  -74.452  14.824 0.1000000015
3598  20.047  -75.113  14.615 0.2000000030
3601  10.685  -74.869  15.119 0.8999999762
3602  8.650  -74.606  15.076 0.4000000060
3603  21.078  -74.511  14.519 0.1000000015
3605  20.022  -75.294  14.147 0.2000000030
3606  17.160  -74.479  14.143 0.2000000030
3607  16.853  -75.133  13.905 0.2000000030
3608  10.445  -74.889  14.666 0.8999999762
3612  20.566  -74.683  13.307 0.1000000015
3614  16.857  -75.227  13.093 0.3000000119
3615  9.875  -74.993  13.607 1.0000000000
3616  9.503  -74.977  13.042 1.0000000000
3617  7.742  -74.810  12.976 0.4000000060
3621  9.058  -74.885  12.231 1.0000000000
3627  16.962  -74.768  11.953 0.4000000060
3629  8.845  -75.179  11.675 1.0000000000
3630  8.605  -74.625  11.381 1.0000000000
3633  16.404  -75.065  10.961 0.5000000000
3634  8.376  -74.400  10.551 1.0000000000
3635  6.536  -75.049  10.740 0.4000000060
3638  15.489  -74.931  9.756 0.4000000060
3640  8.328  -74.654  9.854 1.0000000000
3643  19.246  -74.313  8.520 0.3000000119
3645  14.894  -74.784  9.417 0.6000000238
3647  13.342  -74.802  9.127 0.5000000000
3650  6.175  -74.984  9.184 0.1000000015
3651  6.039  -74.659  8.924 0.1000000015
3654  19.372  -74.989  8.221 0.3000000119
3655  19.286  -74.478  8.282 0.3000000119
3656  12.388  -74.610  8.195 0.5000000000
3657  6.193  -75.393  8.598 0.2000000030
3659  24.023  -74.732  7.483 0.3000000119
3660  23.592  -74.561  7.740 0.4000000060
3661  23.103  -74.359  7.623 0.4000000060
3663  19.327  -74.630  7.982 0.3000000119
3665  6.150  -75.290  7.873 0.1000000015
3668  22.973  -74.654  7.035 0.5000000000
3669  22.468  -74.491  6.641 0.4000000060
3671  19.702  -74.842  6.738 0.3000000119
3673  24.354  -75.155  6.335 0.5000000000
3674  22.696  -74.836  6.471 0.4000000060
3677  20.454  -74.836  6.184 0.3000000119
3678  19.944  -75.291  6.311 0.4000000060
3680  15.583  -74.907  5.883 0.6999999881
3684  12.793  -74.490  6.374 0.6000000238
3685  24.401  -74.984  5.581 0.5000000000
3686  24.197  -74.662  5.157 0.5000000000
3687  16.547  -74.789  4.991 0.6000000238
3688  16.485  -74.951  5.081 0.6000000238
3692  23.885  -74.820  4.702 0.5000000000
3695  16.455  -75.150  4.583 0.6000000238
3698  7.185  -75.082  4.519 0.4000000060
3699  6.770  -75.041  4.978 0.2000000030
3701  21.778  -74.780  3.612 0.5000000000
3703  20.467  -74.666  3.462 0.5000000000
3705  16.228  -75.026  4.034 0.5000000000
3706  15.823  -74.985  3.533 0.5000000000
3710  18.890  -74.898  2.716 0.5000000000
3713  14.472  -75.228  2.097 0.8000000119
3714  8.919  -74.974  2.709 0.8999999762
3716  7.241  -74.345  2.364 0.5000000000
3717  28.755  -74.537  1.251 0.4000000060
3719  27.562  -74.696  1.644 0.4000000060
3720  26.891  -75.089  1.821 0.4000000060
3723  17.407  -75.475  1.745 0.5000000000
3726  14.014  -74.907  1.115 0.8000000119
3728  8.193  -75.147  1.707 0.8000000119
3729  7.648  -75.024  1.936 0.8000000119
3730  7.170  -74.572  1.983 0.5000000000
3731  28.793  -74.577  0.737 0.4000000060
3734  27.015  -74.689  1.421 0.4000000060
3736  25.750  -75.070  0.850 0.5000000000
3737  17.388  -74.812  1.592 0.5000000000
3739  16.609  -75.237  0.987 0.5000000000
3740  14.148  -74.411  1.099 0.8000000119
3742  8.135  -74.873  1.320 0.6999999881
3743  7.748  -74.962  1.204 0.6999999881
3744  7.121  -74.750  1.275 0.6999999881
3745  29.013  -74.422  0.335 0.4000000060
3747  25.926  -74.532  0.719 0.5000000000
3750  24.122  -75.146  0.022 0.5000000000
3751  16.723  -74.681  0.790 0.5000000000
3754  29.044  -74.397  -0.331 0.4000000060
3755  28.553  -74.766  -0.712 0.5000000000
3756  24.219  -74.642  -0.181 0.5000000000
3757  23.594  -74.882  -0.274 0.6000000238
3759  22.218  -75.144  -0.633 0.8999999762
3761  16.114  -74.745  -0.348 0.5000000000
3766  29.047  -74.295  -1.210 0.4000000060
3768  22.346  -74.599  -0.906 0.8999999762
3769  21.813  -74.773  -0.975 0.8999999762
3770  21.252  -75.249  -1.073 0.8000000119
3780  27.990  -74.843  -2.112 0.6000000238
3783  19.785  -74.823  -2.440 0.8000000119
3784  15.337  -74.634  -2.562 0.8000000119
3785  14.974  -75.099  -2.443 0.6000000238
3786  11.817  -75.117  -2.003 1.0000000000
3789  9.202  -75.069  -2.280 0.8999999762
3790  28.583  -74.085  -2.246 0.3000000119
3791  28.277  -74.291  -2.404 0.5000000000
3793  26.997  -74.781  -2.987 0.6999999881
3794  19.513  -74.683  -2.933 0.8000000119
3797  14.220  -75.060  -3.128 0.6999999881
3798  9.840  -74.425  -2.876 0.8999999762
3799  9.464  -74.801  -2.887 0.8999999762
3801  25.846  -74.865  -3.535 0.8000000119
3806  19.079  -74.661  -3.750 0.8000000119
3807  14.898  -74.164  -3.739 0.8999999762
3810  10.758  -74.325  -3.736 0.8999999762
3811  10.276  -74.496  -3.485 0.8999999762
3813  23.248  -75.086  -4.420 0.8000000119
3815  22.259  -75.064  -5.063 0.8999999762
3816  18.662  -74.660  -4.313 0.8000000119
3817  18.192  -74.947  -4.716 0.8000000119
3818  14.464  -74.445  -4.346 0.8999999762
3821  10.376  -74.753  -4.298 0.8999999762
3822  22.327  -74.614  -5.087 0.8000000119
3823  21.980  -74.833  -5.413 0.8999999762
3825  17.751  -74.667  -5.046 0.8999999762
3827  16.319  -74.777  -5.490 0.8000000119
3828  15.513  -74.657  -5.486 0.8000000119
3829  14.685  -74.742  -5.259 0.8999999762
3830  14.213  -74.928  -5.146 0.8999999762
3831  10.725  -74.516  -4.902 0.8000000119
3833  9.936  -75.109  -5.156 0.6999999881
3835  21.467  -75.066  -6.315 0.8999999762
3837  15.175  -75.223  -5.719 0.8999999762
3838  14.795  -75.127  -5.635 0.8999999762
3839  10.484  -74.518  -5.475 0.8000000119
3843  26.975  -75.317  -7.426 0.5000000000
3844  26.515  -75.079  -7.253 0.5000000000
3845  25.789  -74.818  -7.369 0.6000000238
3846  25.066  -75.096  -7.450 0.6000000238
3847  22.234  -74.476  -7.210 0.8999999762
3848  21.698  -74.849  -6.722 0.8999999762
3849  21.387  -75.232  -6.491 0.8999999762
3850  11.276  -75.196  -7.061 0.1000000015
3851  11.033  -75.146  -7.091 0.1000000015
3853  8.278  -74.549  -6.658 0.3000000119
3854  8.059  -74.598  -6.860 0.3000000119
3855  7.939  -74.490  -7.040 0.3000000119
3856  27.328  -75.287  -7.851 0.6000000238
3857  26.792  -74.854  -7.784 0.6000000238
3858  26.314  -74.689  -7.605 0.6000000238
3859  24.550  -75.332  -7.590 0.6999999881
3860  23.978  -75.188  -7.710 0.6999999881
3862  22.536  -74.908  -7.588 0.8999999762
3869  12.671  -74.897  -7.145 0.1000000015
3871  10.984  -74.864  -7.243 0.1000000015
3874  8.147  -74.399  -7.399 0.2000000030
3875  7.979  -74.241  -7.285 0.3000000119
3877  27.732  -75.373  -8.564 0.8000000119
3885  8.978  -74.730  -8.212 0.1000000015
3886  8.627  -74.789  -8.118 0.1000000015
3887  8.610  -74.581  -8.091 0.2000000030
3889  7.969  -73.881  -7.539 0.2000000030
3890  29.081  -75.592  -9.952 0.8999999762
3891  28.698  -75.414  -9.690 0.8999999762
3893  27.305  -74.783  -8.983 0.8000000119
3898  29.145  -75.315  -10.203 0.8000000119
3900  27.950  -74.702  -9.963 0.8000000119
3904  29.577  -75.259  -11.311 0.8000000119
3906  28.663  -74.613  -10.994 0.8000000119
3919  28.900  -74.674  -11.520 0.8000000119
3920  28.615  -74.494  -11.335 0.8000000119
3926  29.443  -75.088  -12.113 0.8000000119
3927  29.006  -74.750  -12.367 0.8999999762
3930  25.318  -75.004  -12.665 0.6000000238
3931  24.974  -75.180  -12.467 0.6000000238
3936  12.118  -74.764  -12.804 0.6000000238
3938  10.848  -74.687  -12.464 0.3000000119
3940  29.003  -74.859  -13.278 0.6999999881
3941  28.634  -74.454  -13.097 0.6999999881
3942  26.373  -75.148  -13.656 0.8000000119
3943  25.903  -74.915  -13.538 0.5000000000
3944  25.302  -74.806  -13.334 0.5000000000
3945  24.712  -75.085  -12.954 0.3000000119
3952  12.515  -74.622  -12.967 0.6999999881
3955  8.704  -74.657  -13.877 0.3000000119
3956  28.978  -74.869  -13.931 0.6000000238
3960  25.504  -74.688  -14.093 0.4000000060
3967  15.495  -74.769  -14.216 0.8999999762
3968  15.117  -74.962  -14.064 0.8999999762
3971  9.739  -74.101  -14.199 0.4000000060
3972  9.356  -74.479  -14.341 0.3000000119
3976  28.524  -74.343  -14.215 0.5000000000
3977  26.465  -75.231  -14.645 0.8000000119
3978  25.873  -74.820  -14.844 0.6000000238
3980  24.229  -74.919  -14.781 0.3000000119
3989  15.745  -74.925  -14.590 0.8999999762
3992  9.207  -74.698  -14.852 0.3000000119
3993  8.736  -74.601  -15.172 0.3000000119
3994  29.422  -74.695  -15.444 0.5000000000
3998  25.099  -74.482  -15.647 0.4000000060
3999  24.125  -74.902  -15.499 0.3000000119
4000  23.773  -75.368  -15.432 0.3000000119
4007  16.985  -74.611  -15.994 0.8999999762
4008  16.599  -75.021  -15.876 0.8999999762
4009  10.094  -74.506  -15.862 0.8000000119
4010  9.785  -74.766  -16.012 0.4000000060
4011  8.739  -74.449  -15.807 0.4000000060
4012  30.692  -74.670  -16.608 0.5000000000
4013  30.107  -74.829  -16.023 0.6000000238
4014  26.273  -75.269  -16.353 0.6999999881
4018  23.738  -75.255  -16.130 0.3000000119
4022  17.048  -74.753  -16.579 0.8999999762
4024  10.575  -74.395  -16.768 0.6999999881
4026  9.496  -74.765  -16.306 0.4000000060
4027  8.977  -74.441  -16.250 0.4000000060
4028  30.641  -74.887  -17.293 0.5000000000
4029  30.371  -75.100  -17.553 0.4000000060
4030  25.773  -74.951  -17.282 0.6000000238
4035  10.590  -74.483  -17.140 0.6999999881
4036  10.247  -74.598  -17.183 0.6999999881
4037  9.661  -74.575  -17.014 0.6999999881
4041  25.897  -75.116  -17.700 0.4000000060
4042  25.483  -74.891  -17.759 0.4000000060
4045  23.199  -75.135  -18.348 0.3000000119
4046  17.113  -74.640  -17.528 0.8999999762
4047  10.586  -74.488  -17.435 0.8999999762
4048  10.292  -74.466  -17.706 0.8999999762
4049  30.815  -74.395  -18.247 0.5000000000
4052  25.284  -74.977  -18.412 0.4000000060
4053  24.460  -74.913  -18.729 0.4000000060
4054  23.604  -75.005  -18.743 0.3000000119
4056  17.053  -74.678  -18.091 0.6999999881
4059  29.642  -74.722  -19.646 0.4000000060
4061  23.207  -75.139  -19.290 0.3000000119
4062  22.866  -75.262  -19.095 0.3000000119
4063  16.819  -74.933  -19.437 0.6999999881
4065  28.782  -74.878  -20.420 0.3000000119
4068  27.889  -74.886  -21.341 0.6000000238
4069  19.938  -74.546  -21.990 0.8000000119
4071  18.933  -74.450  -21.484 0.6999999881
4073  15.799  -75.110  -21.507 0.5000000000
4075  26.931  -75.305  -22.381 0.8000000119
4078  19.327  -74.591  -22.416 0.6999999881
4080  18.057  -74.332  -22.207 0.8999999762
4081  16.061  -74.338  -21.636 0.6000000238
4083  26.995  -74.441  -22.581 0.6999999881
4085  26.084  -75.273  -23.165 0.8000000119
4086  21.651  -74.585  -23.588 0.6999999881
4088  20.171  -74.590  -23.307 0.6999999881
4090  18.623  -74.560  -22.974 0.8000000119
4092  17.361  -74.214  -22.798 0.6999999881
4093  16.056  -74.308  -22.964 0.5000000000
4094  15.597  -74.593  -22.673 0.5000000000
4096  25.783  -75.045  -23.586 0.8000000119
4097  25.274  -75.254  -23.733 0.8000000119
4100  21.079  -74.732  -24.092 0.8999999762
4101  20.344  -74.695  -24.006 0.8000000119
4106  16.394  -74.729  -23.610 0.6000000238
4108  26.132  -74.115  -24.124 0.8000000119
4109  25.739  -74.389  -24.149 0.8000000119
4112  23.480  -74.983  -24.692 0.8999999762
4113  22.768  -74.873  -24.681 0.8000000119
4114  21.957  -75.028  -24.763 0.8000000119
4118  19.003  -74.775  -24.533 0.8000000119
4119  18.058  -74.887  -24.515 0.6999999881
4120  17.129  -74.770  -24.081 0.6000000238
4122  21.377  -75.267  -25.019 0.8000000119
4123  20.778  -75.185  -25.081 0.6999999881
4125  19.318  -75.062  -25.038 0.6999999881
4127  18.238  -75.216  -24.924 0.6999999881
4135  17.210  -73.964  19.818 0.1000000015
4136  16.640  -74.411  19.844 0.1000000015
4138  10.063  -73.865  19.260 0.5000000000
4139  9.625  -73.841  19.344 0.5000000000
4140  9.387  -73.846  19.020 0.5000000000
4141  18.309  -73.559  18.820 0.1000000015
4142  17.790  -73.987  19.034 0.2000000030
4143  17.309  -74.334  19.242 0.2000000030
4145  16.140  -74.187  18.383 0.2000000030
4146  10.516  -73.922  18.883 0.6000000238
4148  19.382  -73.465  17.942 0.2000000030
4150  18.033  -74.208  18.433 0.2000000030
4153  11.217  -73.511  17.647 0.6999999881
4154  10.838  -73.918  18.144 0.6999999881
4155  9.359  -73.987  17.646 0.5000000000
4156  20.986  -73.784  16.804 0.1000000015
4157  20.180  -73.801  17.029 0.1000000015
4158  19.347  -73.847  17.406 0.2000000030
4161  16.665  -74.129  16.864 0.2000000030
4162  11.307  -73.717  16.976 0.6999999881
4164  9.357  -74.031  16.727 0.4000000060
4165  9.194  -74.300  16.390 0.4000000060
4166  21.981  -73.783  15.960 0.1000000015
4171  17.222  -73.629  16.051 0.3000000119
4174  10.996  -74.182  16.790 0.6999999881
4175  9.366  -73.815  16.147 0.3000000119
4177  21.975  -73.676  15.282 0.1000000015
4181  17.063  -74.012  15.836 0.3000000119
4183  10.900  -74.562  15.278 0.8999999762
4184  9.418  -73.618  15.986 0.3000000119
4185  9.184  -73.793  15.697 0.2000000030
4187  21.532  -74.017  14.748 0.1000000015
4188  21.192  -74.423  15.113 0.1000000015
4189  17.366  -73.794  15.031 0.3000000119
4190  11.100  -74.041  14.715 0.8999999762
4196  11.031  -73.991  14.430 0.8999999762
4197  10.681  -74.259  14.312 1.0000000000
4199  8.424  -73.998  14.554 0.2000000030
4201  21.064  -73.811  13.645 0.1000000015
4202  20.725  -73.940  13.094 0.1000000015
4204  10.341  -74.078  13.786 1.0000000000
4208  20.366  -73.830  12.409 0.1000000015
4210  9.028  -74.078  12.358 0.8999999762
4211  8.817  -73.799  12.068 0.8999999762
4212  7.480  -74.147  12.561 0.2000000030
4215  19.899  -73.900  11.406 0.1000000015
4218  8.619  -73.850  11.646 0.8999999762
4219  6.613  -74.475  11.330 0.3000000119
4222  16.532  -74.365  10.617 0.5000000000
4226  24.508  -73.606  9.781 0.2000000030
4227  23.927  -73.643  9.640 0.2000000030
4229  16.701  -73.713  10.386 0.6000000238
4231  15.614  -74.374  9.532 0.6000000238
4235  24.931  -73.444  9.242 0.3000000119
4237  23.438  -73.733  9.164 0.3000000119
4238  23.007  -73.546  8.941 0.3000000119
4239  19.240  -73.977  9.234 0.3000000119
4240  19.179  -74.041  8.672 0.3000000119
4242  15.390  -73.960  9.287 0.6000000238
4246  12.537  -74.009  8.575 0.6999999881
4247  8.227  -74.174  9.169 0.8999999762
4252  23.586  -74.136  8.429 0.4000000060
4254  19.214  -74.075  8.271 0.3000000119
4256  5.967  -74.421  8.162 0.1000000015
4257  24.277  -74.232  7.421 0.4000000060
4259  22.857  -73.878  7.900 0.4000000060
4260  22.394  -73.540  7.563 0.3000000119
4261  19.510  -74.193  7.279 0.3000000119
4262  19.317  -74.205  7.857 0.3000000119
4263  12.288  -73.699  7.809 0.6999999881
4264  6.087  -74.722  7.314 0.1000000015
4268  21.286  -73.863  6.635 0.3000000119
4269  20.470  -74.049  6.561 0.3000000119
4270  19.848  -74.119  6.817 0.3000000119
4271  12.346  -73.679  7.273 0.6000000238
4273  22.163  -74.351  6.551 0.3000000119
4274  21.736  -74.285  6.387 0.3000000119
4277  15.320  -74.183  5.879 0.6999999881
4279  13.797  -74.031  5.915 0.6000000238
4282  24.221  -74.253  5.522 0.4000000060
4284  16.549  -74.607  5.026 0.6000000238
4285  16.491  -74.246  5.187 0.6999999881
4289  23.171  -73.834  4.305 0.5000000000
4290  16.646  -74.535  4.844 0.6000000238
4291  16.536  -74.407  4.431 0.6000000238
4293  8.672  -74.069  4.873 0.8999999762
4294  7.193  -74.565  4.257 0.3000000119
4298  21.471  -74.007  3.542 0.5000000000
4300  20.251  -73.962  3.440 0.5000000000
4305  6.939  -73.768  4.381 0.2000000030
4306  29.893  -73.412  2.175 0.4000000060
4307  29.501  -73.668  2.238 0.4000000060
4309  19.077  -74.047  2.914 0.5000000000
4312  9.195  -74.245  2.872 0.8000000119
4314  7.030  -74.027  2.054 0.4000000060
4315  29.715  -73.723  1.555 0.4000000060
4317  28.154  -74.066  1.813 0.4000000060
4318  27.612  -74.011  1.603 0.4000000060
4321  14.546  -74.013  1.623 0.8000000119
4322  14.324  -74.254  1.345 0.8000000119
4323  8.878  -74.414  2.238 0.8999999762
4326  29.837  -73.838  0.687 0.4000000060
4328  27.253  -74.114  1.368 0.4000000060
4329  26.785  -74.070  0.985 0.4000000060
4330  26.335  -74.354  0.827 0.4000000060
4332  17.022  -74.204  0.848 0.5000000000
4333  14.579  -73.523  1.370 0.8000000119
4335  14.068  -74.170  0.772 0.8000000119
4336  8.011  -74.541  1.009 0.8000000119
4338  6.546  -74.193  0.715 0.6000000238
4339  6.166  -73.820  0.376 0.3000000119
4340  30.328  -73.548  -0.224 0.4000000060
4341  30.059  -73.755  -0.011 0.4000000060
4343  26.635  -73.686  0.644 0.4000000060
4345  25.632  -74.184  0.372 0.5000000000
4346  25.147  -74.350  0.169 0.5000000000
4348  16.390  -74.435  -0.081 0.5000000000
4349  14.129  -73.549  0.533 0.8000000119
4351  7.208  -74.324  -0.098 0.8000000119
4352  6.795  -74.263  -0.028 0.6000000238
4354  30.461  -73.454  -0.401 0.4000000060
4357  25.855  -73.704  0.215 0.5000000000
4360  23.954  -74.137  -0.512 0.6000000238
4362  16.720  -73.689  -0.193 0.5000000000
4366  12.302  -74.350  -1.349 1.0000000000
4367  7.046  -74.123  -0.415 0.8000000119
4369  6.207  -73.750  -0.666 0.6000000238
4370  29.976  -73.663  -1.041 0.4000000060
4371  29.579  -73.874  -1.282 0.3000000119
4375  21.286  -74.217  -1.381 0.8000000119
4376  20.621  -74.323  -1.789 0.8000000119
4377  16.332  -73.807  -1.263 0.5000000000
4383  9.973  -74.307  -2.138 0.8999999762
4385  29.237  -73.688  -1.868 0.3000000119
4386  29.009  -73.314  -2.224 0.3000000119
4390  16.260  -73.617  -1.838 0.8000000119
4391  15.894  -73.977  -2.288 0.6999999881
4393  10.343  -74.070  -2.448 0.8999999762
4394  9.948  -74.238  -2.521 0.8999999762
4396  28.636  -73.711  -2.392 0.3000000119
4398  27.133  -73.989  -3.089 0.4000000060
4401  19.713  -73.937  -3.105 0.8000000119
4402  15.508  -73.900  -3.068 0.8999999762
4403  11.138  -73.950  -3.047 0.8999999762
4405  10.222  -74.205  -2.853 0.8999999762
4406  26.768  -74.448  -3.254 0.6000000238
4408  25.418  -74.130  -3.710 0.8000000119
4410  23.821  -74.451  -4.178 0.8000000119
4411  19.315  -74.018  -3.777 0.8000000119
4414  14.769  -74.176  -4.046 0.8999999762
4417  10.457  -74.185  -3.106 0.8999999762
4419  22.585  -74.124  -4.923 0.8000000119
4421  18.968  -73.880  -4.294 0.8000000119
4424  11.579  -73.811  -4.290 0.8999999762
4425  11.136  -74.162  -3.990 0.8000000119
4427  21.947  -74.379  -5.744 0.8000000119
4428  18.536  -73.984  -4.758 0.8000000119
4430  17.387  -74.009  -5.227 0.8000000119
4434  11.628  -73.659  -4.773 0.8999999762
4435  11.270  -74.029  -4.827 0.8000000119
4436  21.926  -74.275  -6.223 0.8000000119
4440  9.326  -74.462  -6.112 0.6999999881
4442  25.073  -74.274  -7.565 0.6000000238
4445  22.713  -73.853  -7.157 0.6000000238
4447  9.687  -73.773  -6.152 0.8000000119
4449  9.052  -74.087  -6.269 0.5000000000
4452  7.826  -73.921  -6.804 0.2000000030
4454  26.003  -74.239  -7.887 0.6000000238
4456  23.763  -74.511  -7.616 0.6000000238
4458  22.632  -74.401  -7.384 0.8000000119
4470  7.970  -74.048  -6.251 0.4000000060
4471  7.896  -73.629  -6.563 0.3000000119
4473  26.595  -74.457  -8.489 0.8000000119
4480  9.214  -74.070  -8.174 0.1000000015
4483  8.015  -73.623  -7.953 0.2000000030
4484  7.827  -73.605  -7.545 0.2000000030
4486  26.862  -74.321  -9.397 0.6999999881
4491  28.253  -74.408  -10.773 0.8000000119
4493  27.076  -74.057  -10.137 0.8000000119
4494  26.547  -73.938  -9.799 0.8000000119
4498  27.850  -74.006  -11.044 0.8000000119
4499  27.394  -73.934  -10.673 0.8000000119
4512  28.717  -74.541  -11.623 0.6999999881
4513  28.527  -74.383  -11.620 0.6999999881
4514  28.126  -74.038  -11.669 0.8000000119
4523  8.487  -74.178  -11.664 0.1000000015
4524  28.731  -74.526  -11.851 0.6999999881
4531  12.263  -74.395  -12.872 0.6999999881
4532  11.912  -74.256  -12.755 0.6999999881
4533  11.248  -74.096  -12.616 0.6000000238
4535  28.318  -74.108  -12.832 0.6999999881
4544  14.099  -73.819  -13.345 0.6999999881
4548  10.889  -73.501  -13.057 0.5000000000
4550  8.462  -74.295  -14.008 0.2000000030
4552  8.615  -74.866  -13.195 0.2000000030
4553  28.203  -73.959  -13.755 0.5000000000
4554  27.866  -73.616  -13.523 0.5000000000
4561  16.151  -73.946  -14.284 0.8000000119
4562  15.577  -74.364  -14.058 0.8999999762
4563  14.916  -74.320  -13.646 0.8999999762
4564  14.484  -74.153  -13.474 0.8999999762
4565  9.990  -73.702  -14.491 0.6000000238
4566  8.441  -74.101  -14.482 0.3000000119
4567  28.737  -74.274  -15.123 0.5000000000
4570  24.132  -74.878  -14.985 0.3000000119
4575  16.923  -73.907  -15.129 0.8999999762
4576  16.350  -74.351  -14.804 0.8000000119
4579  8.497  -74.249  -14.912 0.3000000119
4581  29.065  -74.010  -15.593 0.5000000000
4582  28.562  -73.885  -15.309 0.5000000000
4583  24.763  -74.435  -15.466 0.3000000119
4584  24.432  -74.637  -15.393 0.3000000119
4586  16.726  -74.514  -15.441 0.8999999762
4587  10.673  -73.738  -15.957 0.8999999762
4588  10.333  -73.891  -15.552 0.8000000119
4594  25.089  -74.419  -16.029 0.4000000060
4595  24.592  -74.554  -15.817 0.3000000119
4597  11.025  -73.574  -16.557 0.8000000119
4600  8.743  -73.896  -16.196 0.5000000000
4601  31.655  -73.625  -17.277 0.2000000030
4602  31.226  -74.174  -17.293 0.3000000119
4603  17.243  -74.098  -17.096 0.8999999762
4604  11.137  -73.672  -16.861 0.8000000119
4605  10.835  -74.165  -17.150 0.8999999762
4606  9.919  -74.349  -17.490 0.6000000238
4608  9.011  -73.535  -16.884 0.5000000000
4609  31.642  -73.665  -17.775 0.2000000030
4612  17.029  -73.883  -18.482 0.8000000119
4613  11.252  -73.874  -17.509 0.8999999762
4615  10.128  -73.871  -17.904 0.8000000119
4616  9.753  -73.412  -17.652 0.6000000238
4617  31.479  -73.588  -18.295 0.4000000060
4618  30.953  -73.881  -18.635 0.4000000060
4620  21.080  -73.814  -19.204 0.8000000119
4624  17.058  -74.294  -18.427 0.6999999881
4626  11.199  -73.892  -18.115 0.8999999762
4627  10.727  -73.778  -18.376 0.8999999762
4629  29.816  -74.108  -19.509 0.3000000119
4630  29.272  -74.225  -19.784 0.3000000119
4631  28.646  -74.016  -19.836 0.3000000119
4632  28.089  -73.785  -19.894 0.3000000119
4636  19.201  -73.905  -19.629 0.8000000119
4638  18.014  -73.351  -19.564 0.8000000119
4644  21.668  -73.929  -20.986 0.6999999881
4646  20.202  -74.144  -20.514 0.8000000119
4649  17.732  -73.560  -20.105 0.8000000119
4650  16.979  -73.622  -20.238 0.8999999762
4651  16.719  -73.961  -20.131 0.6000000238
4654  23.116  -73.883  -21.826 0.6999999881
4655  22.518  -73.940  -21.763 0.6999999881
4656  21.830  -73.976  -21.642 0.6999999881
4658  20.263  -74.328  -21.341 0.8000000119
4664  27.310  -73.898  -21.856 0.6000000238
4665  24.099  -73.699  -22.416 0.8000000119
4669  21.311  -74.215  -22.172 0.8000000119
4671  18.529  -74.404  -21.588 0.6999999881
4672  18.018  -74.227  -21.768 0.8000000119
4674  16.494  -74.025  -21.472 0.6999999881
4675  16.093  -74.178  -21.971 0.6000000238
4678  24.837  -73.421  -22.809 0.8000000119
4680  23.938  -73.887  -22.938 0.8000000119
4681  23.240  -74.134  -23.059 0.8000000119
4684  17.829  -74.248  -22.262 0.6999999881
4687  15.874  -74.193  -22.407 0.6000000238
4688  26.675  -73.912  -23.422 0.8000000119
4690  24.882  -73.551  -23.198 0.8000000119
4693  22.943  -74.407  -23.968 0.8000000119
4695  17.028  -74.130  -22.795 0.6999999881
4696  16.623  -74.202  -23.063 0.6999999881
4697  26.409  -73.895  -23.994 0.8000000119
4698  25.852  -73.666  -24.049 0.8000000119
4701  23.673  -74.518  -24.265 0.8000000119
4703  16.101  -72.725  23.290 0.1000000015
4705  15.180  -72.709  23.085 0.1000000015
4707  16.344  -72.824  22.957 0.1000000015
4714  15.103  -72.419  22.063 0.2000000030
4715  17.766  -72.818  21.778 0.1000000015
4718  15.778  -73.242  20.808 0.2000000030
4719  18.781  -72.645  20.553 0.1000000015
4725  9.607  -72.929  20.124 0.5000000000
4726  9.307  -72.812  19.974 0.5000000000
4729  17.722  -73.477  19.796 0.1000000015
4730  17.392  -73.625  19.971 0.1000000015
4731  16.326  -73.176  19.142 0.2000000030
4734  9.870  -73.340  19.622 0.5000000000
4736  21.044  -72.788  18.446 0.1000000015
4737  20.347  -72.850  18.636 0.1000000015
4738  19.625  -72.946  18.814 0.1000000015
4741  16.867  -72.925  18.340 0.2000000030
4743  16.156  -73.667  18.961 0.2000000030
4746  9.353  -73.414  18.834 0.5000000000
4751  19.225  -73.264  18.390 0.1000000015
4753  16.636  -73.509  17.979 0.2000000030
4755  11.119  -73.293  18.184 0.8000000119
4763  17.275  -72.999  17.216 0.2000000030
4765  11.799  -72.861  16.921 0.8999999762
4766  11.607  -73.062  17.272 0.8999999762
4767  9.980  -72.826  17.521 0.4000000060
4772  17.805  -72.634  16.289 0.4000000060
4775  11.652  -73.262  16.532 0.8999999762
4776  10.087  -72.974  16.826 0.1000000015
4777  9.649  -73.493  16.392 0.3000000119
4782  12.028  -72.863  16.004 0.8000000119
4787  22.025  -73.045  15.036 0.1000000015
4788  21.759  -73.385  14.650 0.1000000015
4790  17.652  -73.279  14.655 0.3000000119
4793  9.836  -72.926  15.389 0.2000000030
4794  9.398  -73.036  15.022 0.2000000030
4795  8.820  -73.267  14.658 0.2000000030
4796  21.771  -72.885  14.553 0.1000000015
4802  10.759  -73.752  13.828 1.0000000000
4808  17.613  -73.534  13.197 0.4000000060
4812  9.536  -73.711  12.974 0.8999999762
4814  8.025  -73.159  13.420 0.1000000015
4815  7.676  -73.421  13.021 0.1000000015
4816  20.226  -73.198  12.091 0.1000000015
4817  17.628  -72.668  12.347 0.5000000000
4818  17.553  -73.338  12.539 0.4000000060
4819  11.044  -72.853  12.897 0.8000000119
4821  9.854  -73.141  12.778 0.8000000119
4822  9.148  -73.301  12.280 0.8999999762
4825  7.245  -73.874  12.074 0.2000000030
4826  19.961  -73.298  11.584 0.1000000015
4827  19.753  -73.334  11.053 0.1000000015
4829  17.456  -72.959  11.840 0.5000000000
4830  9.026  -72.836  11.831 0.8000000119
4836  25.338  -72.978  10.583 0.2000000030
4838  19.555  -73.264  10.435 0.1000000015
4839  17.214  -73.268  11.312 0.6000000238
4842  26.600  -72.580  9.858 0.2000000030
4844  25.414  -73.079  9.956 0.3000000119
4850  8.174  -72.944  9.548 0.8999999762
4851  8.080  -72.919  8.956 0.8999999762
4854  25.951  -72.533  9.464 0.3000000119
4855  25.557  -72.679  9.383 0.3000000119
4856  23.549  -73.202  9.650 0.2000000030
4858  19.281  -73.208  9.398 0.3000000119
4860  16.126  -73.067  9.550 0.6000000238
4862  14.911  -73.178  9.129 0.6999999881
4864  13.392  -73.281  9.057 0.6999999881
4873  22.663  -73.222  8.556 0.3000000119
4874  22.125  -72.908  8.111 0.3000000119
4884  21.063  -72.994  7.306 0.3000000119
4885  20.288  -73.028  7.280 0.3000000119
4887  19.203  -73.819  7.997 0.3000000119
4888  12.251  -73.148  7.684 0.8000000119
4891  21.458  -73.425  7.022 0.3000000119
4894  19.671  -73.798  7.155 0.3000000119
4896  12.200  -72.607  7.259 0.8000000119
4897  24.096  -73.558  5.877 0.4000000060
4898  23.843  -73.102  5.672 0.4000000060
4900  15.015  -73.449  5.815 0.6000000238
4902  13.601  -73.339  5.939 0.6000000238
4903  13.063  -73.181  6.234 0.5000000000
4906  24.031  -73.844  5.408 0.4000000060
4907  23.777  -73.421  5.209 0.5000000000
4908  16.460  -73.409  5.138 0.6999999881
4911  23.354  -73.302  4.637 0.5000000000
4919  21.808  -73.267  3.515 0.5000000000
4921  20.508  -73.210  3.375 0.5000000000
4922  20.100  -73.525  3.376 0.5000000000
4924  16.054  -73.880  3.464 0.5000000000
4926  9.716  -73.306  3.614 0.8999999762
4928  6.784  -73.492  4.687 0.1000000015
4929  30.390  -72.971  2.131 0.4000000060
4930  30.176  -73.055  2.377 0.4000000060
4932  29.081  -72.948  2.589 0.4000000060
4933  20.310  -72.878  3.236 0.5000000000
4935  19.366  -73.270  2.960 0.5000000000
4936  16.213  -72.997  3.480 0.6999999881
4938  15.251  -73.570  2.424 0.6999999881
4939  10.061  -72.996  3.215 0.8999999762
4940  9.621  -73.375  3.062 0.8999999762
4941  7.333  -73.301  3.174 0.1000000015
4942  7.160  -73.389  2.275 0.4000000060
4943  30.598  -72.872  1.920 0.4000000060
4945  29.103  -73.492  2.450 0.4000000060
4955  31.307  -72.702  1.083 0.3000000119
4957  30.249  -73.456  0.982 0.4000000060
4960  26.936  -73.496  0.739 0.4000000060
4961  17.652  -73.339  1.454 0.5000000000
4964  14.286  -73.298  0.651 0.8000000119
4965  8.314  -73.854  1.206 0.8999999762
4966  7.827  -74.076  0.633 0.8000000119
4967  6.169  -73.488  0.701 0.3000000119
4968  6.028  -73.453  0.148 0.3000000119
4970  30.635  -73.382  0.140 0.3000000119
4972  27.124  -73.050  0.652 0.4000000060
4974  26.131  -73.485  0.263 0.4000000060
4977  14.355  -72.930  0.530 0.8000000119
4979  13.805  -73.619  -0.109 1.0000000000
4982  6.036  -73.400  -0.422 0.4000000060
4983  31.308  -73.002  -0.549 0.3000000119
4985  30.249  -73.493  -0.906 0.4000000060
4986  26.378  -72.849  0.002 0.4000000060
4987  25.934  -73.129  -0.073 0.4000000060
4990  23.966  -73.666  -0.798 0.6000000238
4992  16.522  -73.538  -0.981 0.5000000000
4993  13.853  -72.925  -0.549 1.0000000000
4995  7.035  -73.567  -0.893 0.5000000000
4996  6.393  -73.709  -1.100 0.6000000238
4997  6.172  -73.341  -0.990 0.4000000060
4998  31.417  -72.800  -1.128 0.3000000119
4999  30.880  -72.938  -1.347 0.3000000119
5000  30.278  -73.351  -1.230 0.3000000119
5001  24.817  -72.678  -0.828 0.4000000060
5002  24.558  -72.976  -0.857 0.4000000060
5006  21.728  -73.634  -1.319 0.6999999881
5007  16.796  -72.862  -1.152 0.6999999881
5010  13.435  -73.197  -1.121 1.0000000000
5013  6.955  -73.203  -1.383 0.5000000000
5015  6.301  -73.326  -1.303 0.4000000060
5016  30.643  -72.664  -1.770 0.3000000119
5018  29.355  -72.999  -2.088 0.3000000119
5020  21.971  -72.770  -1.593 0.6000000238
5023  16.414  -73.164  -2.036 0.8000000119
5026  12.840  -73.338  -1.957 1.0000000000
5028  28.747  -73.073  -2.406 0.3000000119
5030  27.606  -73.208  -2.957 0.4000000060
5033  19.944  -73.287  -3.183 0.8000000119
5035  15.950  -73.299  -2.831 0.8000000119
5036  13.137  -72.845  -2.327 1.0000000000
5039  26.362  -73.137  -3.314 0.6000000238
5043  19.954  -72.670  -3.340 0.6999999881
5047  11.954  -73.501  -3.922 1.0000000000
5048  23.502  -73.529  -4.365 0.8000000119
5049  22.923  -73.451  -4.724 0.8000000119
5050  19.087  -73.182  -4.283 0.8000000119
5051  18.682  -73.352  -4.673 0.8000000119
5052  16.129  -72.938  -4.531 0.8000000119
5054  12.231  -73.010  -4.324 1.0000000000
5057  22.115  -73.816  -5.823 0.8000000119
5058  18.270  -73.447  -4.984 0.8000000119
5059  17.710  -73.413  -5.153 0.8000000119
5062  15.776  -73.462  -4.888 0.8000000119
5063  12.053  -72.978  -4.827 1.0000000000
5065  11.218  -73.692  -5.438 1.0000000000
5067  7.247  -72.101  -5.683 0.3000000119
5069  22.141  -73.738  -6.326 0.8000000119
5070  11.299  -72.830  -5.686 1.0000000000
5071  10.847  -73.266  -5.850 1.0000000000
5074  8.703  -72.946  -6.195 0.6999999881
5076  7.898  -72.751  -6.085 0.4000000060
5077  7.480  -72.400  -5.940 0.3000000119
5080  24.009  -73.218  -7.414 0.6000000238
5081  23.276  -73.153  -7.092 0.6000000238
5082  22.734  -73.202  -6.748 0.6999999881
5083  22.373  -73.554  -6.661 0.6999999881
5089  11.996  -72.751  -6.935 0.1000000015
5090  9.649  -73.511  -6.172 0.8000000119
5091  9.417  -73.496  -6.221 0.8000000119
5093  8.425  -73.431  -6.339 0.4000000060
5094  7.987  -73.237  -6.398 0.3000000119
5096  25.654  -73.698  -8.210 0.6999999881
5097  25.296  -73.223  -8.032 0.6000000238
5106  12.678  -73.497  -6.945 0.1000000015
5108  11.133  -73.524  -7.487 0.1000000015
5109  10.576  -73.341  -7.799 0.1000000015
5111  8.211  -73.765  -6.445 0.4000000060
5112  8.084  -73.555  -6.437 0.4000000060
5113  7.617  -73.054  -7.020 0.3000000119
5114  25.709  -73.659  -8.578 0.6999999881
5120  9.398  -73.322  -8.062 0.1000000015
5122  8.307  -73.380  -7.987 0.2000000030
5123  7.975  -73.144  -7.961 0.2000000030
5125  25.768  -73.608  -9.030 0.6999999881
5126  25.338  -73.088  -9.277 0.6999999881
5137  26.856  -73.484  -10.750 0.8000000119
5152  26.148  -72.564  -11.251 0.6999999881
5161  8.542  -73.478  -11.675 0.1000000015
5163  27.511  -73.389  -12.657 0.6999999881
5170  8.126  -73.563  -12.974 0.1000000015
5171  27.584  -73.365  -13.337 0.5000000000
5179  15.964  -72.967  -13.677 0.8999999762
5181  14.492  -73.056  -13.304 0.8999999762
5183  12.915  -73.034  -13.248 0.8999999762
5185  11.344  -72.970  -13.275 0.8000000119
5187  10.344  -73.315  -13.842 0.6000000238
5188  8.356  -74.017  -13.784 0.2000000030
5191  27.737  -73.404  -13.935 0.5000000000
5198  16.525  -73.166  -14.094 0.8999999762
5200  10.614  -72.966  -14.264 0.8000000119
5201  10.323  -73.254  -14.217 0.6000000238
5203  8.307  -73.443  -13.972 0.1000000015
5204  27.985  -73.596  -14.399 0.5000000000
5209  10.299  -73.367  -14.901 0.6000000238
5210  8.425  -73.708  -14.929 0.2000000030
5213  27.573  -72.662  -15.115 0.5000000000
5215  11.044  -72.945  -15.872 0.8999999762
5217  10.312  -73.518  -15.293 0.6000000238
5218  8.507  -73.417  -15.677 0.3000000119
5219  32.206  -72.884  -16.925 0.2000000030
5223  29.032  -73.149  -16.043 0.4000000060
5225  17.360  -73.275  -16.656 0.8999999762
5226  11.119  -73.228  -16.323 0.8999999762
5227  10.838  -73.491  -16.079 0.8999999762
5228  8.646  -73.043  -16.434 0.4000000060
5229  32.266  -72.912  -17.183 0.1000000015
5231  21.788  -72.947  -17.459 0.6000000238
5233  20.675  -72.814  -17.438 0.8000000119
5235  12.048  -72.784  -17.481 0.8999999762
5237  9.374  -73.117  -17.375 0.5000000000
5239  32.333  -72.874  -17.691 0.1000000015
5240  32.002  -73.043  -18.189 0.1000000015
5247  18.706  -72.687  -18.273 0.8000000119
5249  16.991  -73.706  -18.669 0.8000000119
5251  11.543  -73.563  -17.920 0.8999999762
5252  10.510  -72.724  -18.170 0.8000000119
5253  10.098  -73.081  -17.917 0.8000000119
5254  9.731  -73.050  -17.630 0.8000000119
5257  29.769  -73.394  -19.183 0.3000000119
5260  27.801  -72.692  -19.268 0.2000000030
5261  23.378  -73.220  -19.303 0.6999999881
5262  22.748  -73.404  -19.116 0.6999999881
5264  21.187  -73.581  -18.661 0.8000000119
5266  19.490  -73.239  -18.564 0.8000000119
5267  18.506  -73.074  -18.771 0.8000000119
5268  17.705  -72.920  -18.960 0.8999999762
5270  16.992  -73.537  -18.853 0.8000000119
5271  12.027  -73.054  -18.849 0.8000000119
5274  10.466  -73.102  -18.200 0.8000000119
5276  29.079  -73.698  -19.452 0.3000000119
5278  27.740  -73.127  -19.698 0.2000000030
5279  24.030  -73.066  -19.980 0.5000000000
5285  17.930  -73.161  -19.260 0.8000000119
5286  17.410  -73.115  -19.345 0.8999999762
5287  16.962  -73.506  -19.321 0.8999999762
5288  12.067  -72.990  -19.234 0.8999999762
5290  11.147  -72.834  -19.292 0.8999999762
5291  27.516  -73.130  -20.302 0.3000000119
5292  27.460  -72.991  -20.492 0.3000000119
5294  23.867  -73.249  -20.550 0.5000000000
5295  22.970  -73.631  -20.533 0.6999999881
5298  17.232  -73.388  -19.748 0.8999999762
5300  12.041  -72.858  -19.480 0.8999999762
5301  11.655  -72.689  -19.683 1.0000000000
5302  11.383  -72.369  -19.706 1.0000000000
5304  27.421  -73.006  -20.731 0.4000000060
5305  25.000  -72.844  -21.341 0.6000000238
5309  27.296  -73.319  -21.452 0.4000000060
5315  25.602  -73.073  -22.921 0.6999999881
5317  24.751  -73.385  -22.583 0.8000000119
5318  26.484  -73.169  -23.312 0.6999999881
5319  25.794  -73.183  -23.306 0.6999999881
5321  25.418  -73.496  -23.784 0.8000000119
5322  25.202  -73.616  -23.807 0.8000000119
5329  17.696  -71.976  24.313 0.1000000015
5334  14.252  -71.947  23.920 0.1000000015
5341  14.326  -71.845  23.587 0.1000000015
5342  19.387  -72.136  22.488 0.1000000015
5343  18.795  -72.311  22.790 0.1000000015
5347  14.738  -71.962  22.617 0.2000000030
5348  20.222  -72.156  21.646 0.1000000015
5351  18.258  -72.599  22.359 0.1000000015
5352  17.751  -72.685  22.684 0.1000000015
5354  14.923  -72.145  22.228 0.2000000030
5355  20.931  -72.089  20.758 0.1000000015
5357  19.799  -72.361  21.306 0.1000000015
5358  19.181  -72.467  21.512 0.1000000015
5361  9.562  -71.822  20.652 0.6999999881
5362  9.308  -71.757  20.551 0.6999999881
5363  21.143  -72.207  20.181 0.1000000015
5366  19.292  -72.445  20.897 0.1000000015
5368  16.228  -72.447  20.095 0.2000000030
5370  10.319  -72.140  20.120 0.5000000000
5372  9.358  -72.249  20.257 0.5000000000
5375  20.688  -72.404  19.750 0.1000000015
5376  19.997  -72.427  19.965 0.1000000015
5377  19.318  -72.542  20.228 0.1000000015
5378  16.859  -72.105  19.399 0.2000000030
5379  16.544  -72.550  19.401 0.2000000030
5380  10.574  -72.538  19.706 0.8000000119
5386  20.139  -72.569  19.258 0.1000000015
5388  16.618  -72.882  18.866 0.2000000030
5389  11.295  -72.331  18.653 0.8000000119
5391  9.756  -72.345  18.575 0.4000000060
5397  17.720  -71.940  17.743 0.3000000119
5399  11.867  -72.133  17.654 0.8999999762
5402  9.704  -72.887  18.342 0.4000000060
5407  17.651  -72.522  17.030 0.2000000030
5409  11.695  -72.671  17.631 0.8000000119
5410  10.686  -71.869  17.066 0.2000000030
5411  10.454  -72.187  17.284 0.2000000030
5414  17.936  -72.245  16.485 0.4000000060
5415  17.742  -72.587  16.668 0.2000000030
5418  10.460  -72.570  16.319 0.1000000015
5419  22.691  -72.431  15.950 0.1000000015
5422  12.836  -71.887  15.073 0.8000000119
5424  10.695  -72.162  15.561 0.1000000015
5425  10.210  -72.651  15.594 0.1000000015
5427  18.232  -71.992  14.660 0.5000000000
5429  12.305  -72.678  14.765 0.6999999881
5433  8.918  -72.975  14.430 0.2000000030
5434  21.624  -72.388  14.200 0.1000000015
5439  9.723  -72.183  14.156 0.1000000015
5440  9.222  -72.312  13.962 0.1000000015
5441  8.782  -72.852  14.158 0.2000000030
5443  20.627  -72.375  12.631 0.1000000015
5445  12.888  -72.279  12.919 0.8000000119
5447  11.732  -72.936  13.280 0.8000000119
5448  8.944  -72.137  13.468 0.1000000015
5449  8.399  -72.509  13.372 0.2000000030
5450  7.927  -72.917  13.142 0.2000000030
5452  17.821  -72.144  12.651 0.4000000060
5453  12.895  -72.106  12.250 0.8000000119
5456  10.823  -72.570  12.528 0.8000000119
5458  9.598  -72.816  12.410 0.8000000119
5459  8.139  -72.252  12.809 0.2000000030
5462  19.829  -72.890  11.293 0.1000000015
5464  17.497  -72.462  11.704 0.5000000000
5466  12.483  -72.070  11.976 0.8000000119
5468  11.195  -72.184  12.060 0.8000000119
5470  9.473  -72.425  11.847 0.8000000119
5471  8.992  -72.634  11.551 0.8000000119
5474  28.322  -72.120  10.537 0.1000000015
5476  27.199  -72.237  10.577 0.1000000015
5478  25.682  -72.457  10.889 0.1000000015
5479  24.900  -72.570  10.702 0.1000000015
5482  17.513  -72.177  11.582 0.6000000238
5488  28.401  -72.260  10.206 0.1000000015
5490  27.032  -72.431  9.843 0.2000000030
5491  26.563  -72.425  9.576 0.2000000030
5492  24.370  -72.770  10.334 0.3000000119
5493  23.731  -72.475  10.008 0.3000000119
5495  19.491  -72.589  10.049 0.2000000030
5496  17.068  -72.369  10.310 0.6999999881
5498  14.470  -72.013  9.655 0.6999999881
5499  14.146  -72.052  9.647 0.6999999881
5501  12.795  -72.080  9.619 0.6999999881
5503  8.452  -72.151  9.852 0.8999999762
5506  28.567  -72.311  9.778 0.2000000030
5507  28.105  -72.302  9.560 0.2000000030
5510  26.107  -72.164  9.315 0.2000000030
5512  23.196  -72.706  9.540 0.3000000119
5513  22.570  -72.380  9.106 0.3000000119
5514  22.018  -72.239  8.666 0.2000000030
5515  19.543  -72.351  9.103 0.3000000119
5517  15.190  -72.481  9.326 0.6999999881
5518  14.541  -72.371  9.376 0.6999999881
5520  13.077  -72.603  9.220 0.6999999881
5523  11.241  -71.817  8.757 0.6999999881
5524  8.447  -71.696  8.970 0.8999999762
5528  24.883  -72.343  8.435 0.3000000119
5531  21.697  -72.415  8.249 0.3000000119
5532  20.991  -72.234  8.067 0.3000000119
5533  20.301  -72.261  8.080 0.3000000119
5534  19.712  -72.572  8.256 0.3000000119
5536  11.409  -71.940  8.418 0.6999999881
5539  24.291  -72.761  7.230 0.3000000119
5540  21.759  -72.785  7.917 0.3000000119
5543  20.021  -72.687  7.712 0.3000000119
5544  11.722  -72.190  7.749 0.6999999881
5545  11.529  -72.054  8.097 0.6999999881
5547  24.086  -72.718  6.659 0.3000000119
5549  12.259  -72.149  6.760 0.8000000119
5550  12.094  -72.351  7.253 0.8000000119
5552  23.879  -72.795  6.092 0.4000000060
5553  15.931  -72.852  5.628 0.6999999881
5555  14.643  -72.780  5.744 0.6000000238
5559  8.105  -72.794  6.303 0.8999999762
5562  16.248  -72.867  5.315 0.6999999881
5563  15.875  -72.452  5.433 0.6999999881
5567  23.444  -72.842  5.019 0.4000000060
5568  23.062  -72.529  4.639 0.4000000060
5572  8.694  -72.747  4.879 0.8999999762
5577  21.529  -72.638  3.273 0.5000000000
5580  10.399  -72.365  3.547 0.8999999762
5582  9.716  -73.065  3.927 0.8999999762
5583  7.384  -72.509  3.661 0.1000000015
5584  30.494  -72.714  2.330 0.4000000060
5585  30.080  -72.559  2.682 0.4000000060
5589  21.256  -72.149  2.929 0.5000000000
5590  20.458  -72.415  2.960 0.5000000000
5592  19.125  -72.763  2.647 0.5000000000
5594  15.735  -72.483  2.639 0.8999999762
5595  10.454  -72.421  3.296 0.8999999762
5597  9.547  -73.071  2.521 1.0000000000
5599  7.017  -72.976  1.945 0.2000000030
5600  32.053  -71.615  1.447 0.4000000060
5602  30.950  -72.464  1.973 0.4000000060
5603  28.402  -72.304  1.992 0.4000000060
5605  19.320  -72.186  2.339 0.6000000238
5607  18.083  -72.546  1.723 0.5000000000
5609  14.900  -72.708  1.514 0.8999999762
5610  9.670  -72.676  2.325 1.0000000000
5612  8.623  -73.408  1.596 1.0000000000
5613  7.132  -72.220  1.868 0.2000000030
5614  6.905  -72.541  1.613 0.2000000030
5615  32.205  -72.055  1.047 0.3000000119
5616  31.645  -72.457  1.079 0.4000000060
5617  31.288  -72.541  1.440 0.4000000060
5618  28.168  -72.282  1.591 0.4000000060
5619  27.886  -72.486  1.231 0.4000000060
5621  15.078  -71.982  1.549 0.8999999762
5623  8.833  -72.614  1.620 1.0000000000
5625  6.354  -72.691  0.744 0.2000000030
5627  32.907  -71.844  -0.049 0.3000000119
5628  32.427  -72.206  0.296 0.3000000119
5631  27.021  -72.525  0.404 0.4000000060
5632  17.439  -72.342  0.248 0.5000000000
5633  17.251  -72.842  0.222 0.5000000000
5635  14.291  -72.735  0.276 0.8999999762
5639  5.994  -72.804  -0.082 0.3000000119
5640  33.000  -71.927  -0.696 0.3000000119
5643  26.635  -72.576  0.106 0.4000000060
5645  25.708  -72.349  -0.440 0.4000000060
5646  17.372  -72.191  -0.219 0.6000000238
5648  14.414  -72.159  0.168 1.0000000000
5650  7.958  -72.454  -0.028 0.6999999881
5651  7.660  -72.840  -0.346 0.6999999881
5653  33.008  -71.941  -1.081 0.3000000119
5655  32.001  -72.554  -1.077 0.3000000119
5657  25.096  -72.247  -0.755 0.4000000060
5660  22.838  -72.528  -1.485 0.6000000238
5662  17.015  -72.461  -1.013 0.6999999881
5664  13.900  -72.441  -0.956 1.0000000000
5669  32.988  -71.958  -1.400 0.3000000119
5671  31.850  -72.262  -1.912 0.3000000119
5672  31.120  -72.362  -1.884 0.3000000119
5675  29.065  -72.560  -2.309 0.3000000119
5677  22.582  -72.008  -1.788 0.6999999881
5678  21.936  -72.252  -1.930 0.6000000238
5679  21.219  -72.290  -2.329 0.6000000238
5681  16.883  -72.177  -1.558 0.6999999881
5682  16.574  -72.532  -2.066 0.6999999881
5683  13.835  -72.036  -1.721 1.0000000000
5684  13.507  -72.443  -2.133 1.0000000000
5686  6.892  -72.418  -2.347 0.4000000060
5688  32.310  -72.004  -2.283 0.3000000119
5690  28.506  -72.550  -2.571 0.3000000119
5691  27.931  -72.522  -2.834 0.4000000060
5693  26.635  -72.325  -3.178 0.5000000000
5694  20.798  -71.878  -2.737 0.6999999881
5695  20.278  -72.141  -3.023 0.6999999881
5697  15.929  -72.979  -3.261 0.8000000119
5700  12.833  -72.672  -3.250 1.0000000000
5703  6.779  -71.621  -3.054 0.4000000060
5707  23.796  -73.025  -4.275 0.6000000238
5709  19.588  -72.336  -3.740 0.6999999881
5710  16.268  -72.394  -3.877 0.8000000119
5711  15.923  -72.816  -3.705 0.8000000119
5712  13.105  -71.974  -3.350 1.0000000000
5714  7.763  -71.957  -3.980 0.3000000119
5718  23.346  -72.527  -4.617 0.6000000238
5721  18.591  -72.576  -4.608 0.8000000119
5722  17.797  -72.306  -4.765 0.8000000119
5725  16.073  -72.759  -4.219 0.8000000119
5726  12.500  -72.440  -4.217 1.0000000000
5730  23.103  -72.108  -5.123 0.6000000238
5731  22.765  -72.509  -5.433 0.6000000238
5734  17.422  -72.833  -5.034 0.8000000119
5735  16.844  -72.845  -4.949 0.8000000119
5740  7.663  -72.152  -5.290 0.3000000119
5743  11.505  -72.396  -5.423 1.0000000000
5746  9.541  -72.444  -5.985 0.8000000119
5748  8.340  -72.553  -5.946 0.4000000060
5749  7.892  -72.479  -5.871 0.4000000060
5750  7.163  -71.920  -5.841 0.3000000119
5751  24.719  -72.922  -7.675 0.6000000238
5753  23.737  -72.472  -7.086 0.6000000238
5763  8.111  -72.915  -6.172 0.4000000060
5767  24.582  -72.241  -8.043 0.6000000238
5773  11.638  -72.537  -7.049 0.1000000015
5776  9.518  -72.504  -7.875 0.2000000030
5778  8.178  -72.266  -7.762 0.3000000119
5779  7.739  -72.290  -7.522 0.3000000119
5780  7.504  -72.431  -7.140 0.3000000119
5781  24.987  -72.728  -8.559 0.6999999881
5786  8.964  -72.871  -7.998 0.2000000030
5787  8.468  -72.837  -7.941 0.3000000119
5789  7.709  -72.776  -7.594 0.3000000119
5790  7.608  -72.778  -7.427 0.3000000119
5791  24.820  -72.259  -9.490 0.6999999881
5792  24.516  -71.876  -9.123 0.6999999881
5796  25.670  -72.695  -10.517 0.6999999881
5797  25.197  -72.279  -10.291 0.6999999881
5800  25.867  -72.433  -11.036 0.6000000238
5801  25.489  -72.192  -10.859 0.6000000238
5812  26.230  -72.384  -11.931 0.6000000238
5813  25.919  -72.192  -11.577 0.6000000238
5826  9.062  -72.617  -12.015 0.1000000015
5828  7.917  -72.336  -12.395 0.1000000015
5829  26.447  -72.462  -12.319 0.6000000238
5830  26.025  -72.071  -12.256 0.6000000238
5840  7.910  -72.538  -12.695 0.1000000015
5841  26.655  -72.512  -12.986 0.5000000000
5847  16.339  -72.509  -13.736 0.8999999762
5849  14.957  -72.315  -13.316 0.8999999762
5852  12.464  -72.285  -13.562 0.8999999762
5854  11.181  -72.585  -13.784 0.6999999881
5855  8.154  -73.026  -13.477 0.1000000015
5856  27.312  -72.903  -14.146 0.5000000000
5857  26.873  -72.504  -13.814 0.5000000000
5858  17.267  -72.520  -14.512 0.8999999762
5859  16.916  -72.339  -14.022 0.8999999762
5860  12.011  -72.069  -13.922 0.8000000119
5861  11.505  -72.186  -14.204 0.8000000119
5862  10.903  -72.607  -14.373 0.6999999881
5863  8.393  -73.313  -14.556 0.2000000030
5865  27.144  -72.382  -14.628 0.5000000000
5869  10.924  -72.668  -15.123 0.8000000119
5871  8.350  -72.356  -15.395 0.2000000030
5872  27.863  -72.254  -15.611 0.3000000119
5873  27.406  -72.161  -15.166 0.4000000060
5874  17.422  -72.496  -16.229 0.8999999762
5875  11.804  -71.954  -15.971 0.8999999762
5877  10.977  -72.756  -15.469 0.8000000119
5881  32.500  -72.426  -16.811 0.1000000015
5885  28.979  -72.158  -16.165 0.4000000060
5886  28.415  -71.962  -15.962 0.3000000119
5890  20.391  -71.909  -16.782 0.8000000119
5894  8.451  -72.405  -16.406 0.4000000060
5895  8.291  -72.002  -16.473 0.4000000060
5896  32.918  -71.985  -17.435 0.1000000015
5899  22.484  -72.610  -17.204 0.6000000238
5900  21.801  -72.649  -17.094 0.6000000238
5901  21.044  -72.503  -17.055 0.8000000119
5902  20.147  -72.270  -17.212 0.8000000119
5903  19.307  -72.016  -17.422 0.8000000119
5907  11.893  -72.607  -17.024 0.8999999762
5911  32.870  -71.864  -17.885 0.1000000015
5915  29.928  -72.029  -18.393 0.1000000015
5916  29.163  -71.922  -18.326 0.1000000015
5918  23.975  -72.492  -18.227 0.5000000000
5920  22.627  -72.953  -17.720 0.6000000238
5923  19.562  -72.461  -17.677 0.8000000119
5924  18.754  -72.233  -17.920 0.8000000119
5925  17.977  -72.275  -18.158 0.8000000119
5926  17.287  -72.524  -18.207 0.8000000119
5927  12.303  -72.582  -17.871 0.8999999762
5928  10.551  -72.217  -18.011 0.8000000119
5929  10.182  -72.459  -17.822 0.6999999881
5930  9.727  -72.572  -17.585 0.6999999881
5931  32.270  -72.029  -18.610 0.1000000015
5932  31.945  -72.455  -18.681 0.1000000015
5935  29.431  -72.608  -18.670 0.1000000015
5939  24.550  -72.290  -18.621 0.4000000060
5943  17.344  -72.810  -18.673 0.8000000119
5944  12.377  -72.637  -18.496 0.8000000119
5946  27.632  -72.384  -19.526 0.2000000030
5947  24.954  -72.173  -19.116 0.4000000060
5951  11.451  -71.871  -19.844 0.8999999762
5952  11.366  -72.004  -19.475 0.8999999762
5954  27.420  -72.768  -20.553 0.3000000119
5955  25.185  -72.247  -20.039 0.3000000119
5957  12.096  -72.426  -19.865 1.0000000000
5959  11.370  -72.106  -19.794 1.0000000000
5961  27.385  -72.814  -20.743 0.4000000060
5964  24.912  -72.731  -20.940 0.6000000238
5968  25.483  -72.792  -22.174 0.6000000238
5969  27.110  -72.826  -22.493 0.5000000000
5971  25.806  -72.910  -22.731 0.6999999881
5972  25.498  -72.953  -22.540 0.8000000119
5973  26.117  -72.971  -23.052 0.6999999881
5992  17.766  -71.526  24.116 0.1000000015
5997  18.438  -71.435  23.369 0.1000000015
5998  18.175  -71.655  23.752 0.1000000015
5999  14.438  -71.550  23.249 0.2000000030
6001  19.477  -71.810  22.496 0.1000000015
6003  14.617  -71.340  22.886 0.3000000119
6004  14.391  -71.270  23.256 0.2000000030
6005  20.324  -71.777  21.662 0.1000000015
6007  19.436  -71.527  22.336 0.1000000015
6011  20.668  -71.877  21.244 0.1000000015
6012  16.047  -71.350  20.967 0.3000000119
6013  15.606  -71.561  21.393 0.3000000119
6014  9.665  -71.417  20.937 0.6000000238
6016  8.991  -71.038  20.971 0.6999999881
6017  21.794  -71.625  20.098 0.1000000015
6018  21.357  -71.787  20.413 0.1000000015
6020  16.399  -71.536  20.413 0.3000000119
6023  10.047  -71.630  20.565 0.6999999881
6024  9.061  -71.613  20.433 0.6999999881
6025  8.825  -71.142  20.730 0.5000000000
6028  21.719  -72.033  19.962 0.1000000015
6031  11.043  -71.543  19.306 0.8000000119
6034  8.866  -71.123  20.195 0.5000000000
6039  17.777  -71.266  18.260 0.3000000119
6040  17.554  -71.438  18.556 0.3000000119
6042  11.014  -72.001  19.189 0.8000000119
6043  9.835  -71.964  18.607 0.3000000119
6049  17.621  -71.748  18.134 0.3000000119
6051  11.777  -71.375  18.238 0.8000000119
6052  10.593  -71.207  17.739 0.2000000030
6060  10.546  -71.727  17.534 0.3000000119
6064  18.523  -71.310  15.994 0.4000000060
6065  12.874  -71.230  16.386 0.8000000119
6067  11.478  -71.002  15.871 0.1000000015
6068  11.197  -71.415  16.181 0.1000000015
6070  22.745  -71.598  15.659 0.1000000015
6072  18.669  -70.948  15.269 0.5000000000
6075  12.670  -71.810  15.697 0.8999999762
6078  22.468  -71.226  15.140 0.1000000015
6079  22.119  -71.452  14.788 0.1000000015
6081  18.416  -71.525  14.650 0.5000000000
6084  11.468  -71.314  14.524 0.1000000015
6085  10.829  -71.789  14.790 0.1000000015
6086  10.347  -72.092  14.618 0.1000000015
6089  18.511  -70.959  13.945 0.5000000000
6090  18.398  -71.482  14.208 0.5000000000
6092  13.249  -71.821  14.030 0.8000000119
6094  10.878  -71.453  13.911 0.1000000015
6096  9.619  -72.046  13.868 0.1000000015
6098  20.778  -72.065  12.793 0.1000000015
6099  18.459  -70.894  13.561 0.5000000000
6104  10.311  -71.477  13.511 0.1000000015
6107  20.894  -71.309  12.628 0.1000000015
6108  20.612  -71.732  12.374 0.1000000015
6109  18.046  -71.588  12.873 0.5000000000
6114  8.488  -71.770  12.649 0.2000000030
6115  7.970  -72.135  12.523 0.2000000030
6118  27.859  -70.889  11.337 0.1000000015
6119  20.152  -71.931  11.592 0.1000000015
6120  19.861  -72.406  11.242 0.1000000015
6121  17.881  -71.523  12.245 0.6000000238
6123  13.945  -71.536  11.436 0.8000000119
6124  13.283  -71.823  11.695 0.8000000119
6126  12.157  -71.862  11.627 0.8000000119
6128  10.839  -71.828  11.412 0.8000000119
6133  29.598  -71.328  10.448 0.1000000015
6134  29.269  -71.469  10.576 0.1000000015
6136  27.632  -71.457  11.024 0.1000000015
6138  26.044  -71.741  11.012 0.1000000015
6141  23.946  -71.704  10.338 0.2000000030
6143  19.789  -71.840  10.740 0.2000000030
6145  17.376  -71.618  10.687 0.6000000238
6146  14.552  -71.168  10.838 0.6000000238
6148  13.574  -71.704  10.858 0.6999999881
6150  12.117  -71.672  10.927 0.8000000119
6152  10.528  -71.611  10.681 0.8000000119
6158  29.683  -71.446  10.021 0.1000000015
6160  28.653  -72.117  10.350 0.1000000015
6162  22.723  -71.728  9.540 0.2000000030
6166  15.496  -71.434  9.751 0.6999999881
6169  13.187  -71.760  10.194 0.6999999881
6171  11.735  -71.766  9.977 0.6999999881
6173  10.320  -71.406  9.911 0.6999999881
6175  8.878  -71.444  9.522 0.6999999881
6178  29.369  -71.761  9.196 0.2000000030
6182  26.519  -71.389  9.154 0.2000000030
6184  25.336  -71.358  8.884 0.3000000119
6186  21.839  -71.732  8.901 0.3000000119
6187  21.054  -71.424  8.793 0.2000000030
6188  20.361  -71.457  8.909 0.2000000030
6190  15.695  -71.798  9.567 0.6999999881
6191  15.308  -71.933  9.538 0.6999999881
6194  10.955  -71.549  9.188 0.6999999881
6195  10.172  -71.143  9.115 0.6999999881
6201  28.846  -71.395  8.672 0.1000000015
6203  27.809  -71.336  8.973 0.2000000030
6205  24.584  -71.803  8.098 0.3000000119
6206  21.726  -72.065  8.563 0.3000000119
6209  19.974  -71.925  8.577 0.3000000119
6210  11.003  -71.531  8.467 0.6999999881
6212  8.593  -71.277  8.282 0.8999999762
6214  24.168  -71.926  7.441 0.4000000060
6215  23.823  -71.583  7.135 0.3000000119
6216  11.540  -71.838  7.609 0.6999999881
6217  11.365  -71.786  7.972 0.6999999881
6221  23.849  -72.034  6.818 0.4000000060
6225  8.226  -71.936  7.251 0.8999999762
6228  15.530  -72.276  5.505 0.6000000238
6231  13.305  -71.937  5.913 0.6000000238
6236  23.378  -72.055  5.544 0.4000000060
6237  22.982  -71.783  5.193 0.4000000060
6239  15.684  -71.819  5.177 0.6000000238
6240  14.875  -71.489  5.342 0.6000000238
6241  14.232  -71.316  5.365 0.6000000238
6243  9.086  -71.588  5.174 0.8999999762
6244  8.608  -72.221  5.190 0.8999999762
6248  22.322  -71.388  3.976 0.5000000000
6250  15.842  -71.246  4.604 0.6000000238
6252  9.878  -71.938  4.351 0.8999999762
6253  9.030  -72.230  4.735 0.8999999762
6258  16.236  -71.822  3.549 0.6999999881
6260  10.572  -71.989  3.679 0.8999999762
6261  10.236  -72.224  3.934 0.8999999762
6264  29.998  -71.744  2.597 0.4000000060
6266  28.591  -71.738  2.377 0.4000000060
6269  20.498  -71.799  2.408 0.6000000238
6270  15.990  -71.890  2.954 0.8000000119
6271  15.698  -71.816  2.407 1.0000000000
6274  10.291  -72.332  2.586 0.8999999762
6276  32.146  -71.157  1.384 0.3000000119
6277  31.628  -71.336  1.698 0.4000000060
6280  28.287  -71.640  1.960 0.4000000060
6281  28.125  -71.380  1.760 0.4000000060
6282  21.290  -71.295  2.109 0.6000000238
6283  20.786  -71.432  2.056 0.6000000238
6284  20.252  -71.471  2.092 0.6000000238
6287  18.431  -72.122  1.849 0.5000000000
6288  15.460  -71.673  2.006 1.0000000000
6290  10.632  -71.502  1.983 0.8999999762
6292  9.502  -72.492  2.056 1.0000000000
6295  32.933  -71.210  0.822 0.3000000119
6296  32.516  -71.452  1.148 0.3000000119
6297  28.225  -71.995  1.756 0.4000000060
6299  19.489  -71.007  1.603 0.6000000238
6302  15.235  -71.680  1.652 1.0000000000
6305  9.954  -71.420  1.342 0.8999999762
6307  8.717  -72.447  1.411 1.0000000000
6308  7.193  -71.582  1.391 0.1000000015
6309  6.870  -71.858  1.189 0.1000000015
6310  33.669  -71.262  -0.078 0.3000000119
6311  33.261  -71.378  0.283 0.3000000119
6313  27.722  -72.015  1.009 0.4000000060
6315  17.795  -71.646  0.477 0.6000000238
6316  14.793  -71.689  0.852 1.0000000000
6321  6.108  -72.201  -0.159 0.2000000030
6322  33.811  -71.298  -0.362 0.3000000119
6324  26.811  -71.853  0.134 0.4000000060
6331  8.989  -71.414  0.067 0.8999999762
6333  7.856  -72.351  -0.966 0.8000000119
6334  6.314  -71.739  -0.440 0.2000000030
6335  6.126  -72.260  -0.853 0.2000000030
6336  33.939  -71.328  -0.793 0.2000000030
6337  33.392  -71.709  -1.123 0.3000000119
6339  24.199  -71.439  -1.329 0.5000000000
6340  23.539  -71.417  -1.645 0.6000000238
6342  17.174  -71.672  -1.261 0.6999999881
6343  14.334  -71.357  -0.539 1.0000000000
6348  6.336  -71.762  -1.754 0.3000000119
6349  33.932  -71.307  -1.581 0.3000000119
6351  32.760  -71.881  -2.356 0.3000000119
6352  31.528  -71.918  -2.281 0.3000000119
6354  30.201  -71.522  -2.409 0.3000000119
6355  29.354  -71.795  -2.386 0.3000000119
6356  28.808  -72.052  -2.503 0.3000000119
6360  21.219  -71.640  -2.610 0.6999999881
6363  13.822  -71.291  -1.986 1.0000000000
6365  7.884  -72.118  -2.488 0.6000000238
6366  6.637  -71.432  -2.497 0.3000000119
6368  33.181  -71.577  -2.844 0.3000000119
6370  31.684  -71.424  -2.976 0.3000000119
6371  30.919  -71.182  -2.794 0.3000000119
6372  30.486  -71.004  -2.788 0.3000000119
6374  28.287  -71.815  -2.732 0.3000000119
6376  27.060  -71.804  -3.059 0.4000000060
6378  21.392  -71.189  -2.683 0.6999999881
6382  16.455  -71.938  -3.006 0.8000000119
6384  13.399  -71.575  -2.843 1.0000000000
6386  7.933  -71.999  -3.007 0.6999999881
6390  32.290  -71.492  -3.662 0.2000000030
6392  26.187  -71.663  -3.219 0.4000000060
6394  24.798  -71.710  -3.797 0.5000000000
6395  20.055  -71.506  -3.348 0.6999999881
6396  19.506  -71.569  -3.777 0.6999999881
6398  17.698  -71.225  -3.970 0.8000000119
6400  16.513  -71.919  -3.487 0.8000000119
6401  13.210  -71.748  -3.194 1.0000000000
6402  12.969  -71.622  -3.535 1.0000000000
6404  8.823  -71.589  -3.745 0.8000000119
6408  33.303  -71.442  -4.468 0.2000000030
6410  32.163  -71.324  -4.259 0.2000000030
6412  23.707  -71.731  -4.541 0.5000000000
6413  19.346  -72.050  -3.992 0.8000000119
6414  18.966  -71.811  -4.203 0.8000000119
6417  16.735  -72.024  -4.177 0.8000000119
6419  12.052  -71.281  -4.399 1.0000000000
6420  9.813  -71.370  -4.774 1.0000000000
6421  9.535  -71.355  -4.526 0.8999999762
6424  7.041  -71.007  -4.553 0.2000000030
6425  6.896  -71.192  -4.269 0.4000000060
6427  33.578  -71.316  -5.212 0.1000000015
6429  32.226  -71.357  -5.086 0.2000000030
6430  23.370  -71.582  -5.054 0.6000000238
6432  12.274  -72.134  -4.677 1.0000000000
6433  11.742  -71.649  -4.909 1.0000000000
6434  10.913  -71.485  -5.128 1.0000000000
6435  10.194  -71.435  -5.042 1.0000000000
6437  8.669  -71.893  -5.286 0.4000000060
6438  8.207  -71.984  -4.982 0.4000000060
6439  6.997  -70.872  -4.941 0.2000000030
6440  7.107  -71.490  -5.184 0.3000000119
6441  33.891  -71.022  -5.759 0.1000000015
6442  33.357  -71.407  -5.927 0.1000000015
6444  31.932  -71.368  -6.076 0.1000000015
6445  23.207  -71.369  -5.810 0.5000000000
6446  22.954  -72.009  -6.079 0.6000000238
6450  10.584  -71.842  -5.611 1.0000000000
6452  9.189  -71.968  -5.637 0.8000000119
6453  8.874  -72.018  -5.641 0.8000000119
6462  23.049  -72.002  -6.464 0.6000000238
6473  10.176  -71.243  -7.189 0.1000000015
6474  7.701  -71.344  -6.989 0.3000000119
6476  7.144  -72.111  -6.513 0.3000000119
6487  10.862  -72.068  -7.338 0.1000000015
6491  7.901  -71.747  -7.420 0.3000000119
6492  7.528  -71.784  -7.040 0.3000000119
6498  24.297  -71.565  -8.843 0.6000000238
6506  24.657  -71.784  -9.761 0.6000000238
6513  33.049  -71.615  -9.512 0.1000000015
6515  24.582  -71.498  -9.906 0.6999999881
6521  33.085  -71.510  -10.051 0.1000000015
6522  25.170  -71.837  -10.658 0.6999999881
6534  33.889  -71.261  -11.164 0.1000000015
6535  25.682  -71.876  -11.625 0.6000000238
6536  25.438  -71.683  -11.337 0.6000000238
6550  8.649  -72.252  -12.383 0.1000000015
6551  8.268  -72.137  -12.468 0.1000000015
6552  7.924  -72.069  -12.745 0.1000000015
6562  9.109  -71.898  -12.723 0.1000000015
6563  8.000  -72.565  -13.159 0.1000000015
6564  8.028  -72.091  -13.124 0.1000000015
6567  25.291  -71.007  -12.629 0.5000000000
6573  12.859  -71.539  -13.982 1.0000000000
6577  8.275  -72.011  -13.712 0.1000000015
6578  7.988  -72.081  -13.441 0.1000000015
6579  26.516  -71.896  -14.067 0.5000000000
6583  17.040  -71.790  -13.922 0.8999999762
6586  11.596  -71.972  -14.638 0.8999999762
6589  26.731  -71.615  -14.670 0.5000000000
6590  26.361  -71.556  -14.262 0.5000000000
6592  17.662  -71.554  -15.251 0.8999999762
6593  12.519  -71.018  -15.090 1.0000000000
6594  12.179  -71.321  -15.243 1.0000000000
6595  11.634  -71.850  -15.081 1.0000000000
6598  27.415  -71.611  -15.386 0.4000000060
6599  27.065  -71.563  -15.079 0.4000000060
6601  21.572  -71.208  -15.927 0.6999999881
6602  20.839  -71.140  -15.982 0.5000000000
6604  19.757  -71.035  -16.191 0.8000000119
6605  17.604  -70.993  -16.026 0.8000000119
6606  17.502  -71.571  -16.032 0.8999999762
6607  12.139  -71.508  -16.029 1.0000000000
6609  8.106  -71.850  -15.760 0.2000000030
6611  32.887  -71.529  -16.631 0.1000000015
6613  31.291  -71.617  -16.245 0.2000000030
6617  23.936  -70.997  -16.553 0.3000000119
6618  23.578  -71.319  -16.534 0.4000000060
6619  22.816  -71.708  -16.517 0.6000000238
6622  20.478  -71.578  -16.434 0.8000000119
6623  19.821  -71.366  -16.490 0.8000000119
6624  19.262  -71.303  -16.745 0.8000000119
6626  12.308  -71.532  -16.551 1.0000000000
6627  8.043  -71.807  -16.337 0.2000000030
6631  24.725  -71.223  -17.276 0.3000000119
6634  22.870  -72.242  -16.970 0.6000000238
6636  19.597  -71.701  -16.982 0.8000000119
6640  12.695  -71.084  -17.359 0.8999999762
6642  10.607  -71.361  -17.619 0.8999999762
6643  10.397  -71.440  -17.455 0.8000000119
6646  8.172  -71.687  -16.924 0.4000000060
6647  7.530  -71.337  -17.180 0.2000000030
6650  32.913  -71.516  -18.143 0.1000000015
6655  28.850  -71.284  -18.170 0.2000000030
6658  23.711  -72.412  -17.723 0.5000000000
6659  18.557  -71.748  -17.649 0.8000000119
6660  18.053  -71.849  -17.822 0.8000000119
6664  10.747  -71.572  -17.940 0.8999999762
6669  7.303  -71.170  -17.815 0.2000000030
6671  31.948  -71.633  -18.776 0.1000000015
6673  28.203  -71.465  -18.675 0.2000000030
6674  27.730  -71.731  -19.250 0.1000000015
6677  24.684  -72.034  -18.289 0.4000000060
6679  12.619  -72.146  -18.889 0.8999999762
6680  11.508  -71.028  -19.261 0.8999999762
6685  12.773  -71.363  -20.131 0.8000000119
6687  11.529  -71.451  -19.895 0.8999999762
6689  27.565  -71.937  -20.638 0.2000000030
6690  25.939  -71.488  -20.382 0.3000000119
6691  25.626  -71.783  -19.994 0.3000000119
6692  12.623  -71.366  -20.655 0.8000000119
6693  12.261  -71.714  -20.593 0.8000000119
6695  27.837  -71.380  -21.614 0.2000000030
6697  26.462  -71.411  -21.444 0.2000000030
6700  12.111  -71.414  -21.081 0.8999999762
6701  11.954  -71.605  -20.991 0.8999999762
6705  26.190  -71.863  -21.637 0.4000000060
6732  17.928  -70.992  23.638 0.1000000015
6734  13.791  -70.822  24.017 0.2000000030
6735  13.581  -70.242  24.239 0.1000000015
6736  18.485  -71.024  23.043 0.1000000015
6740  20.117  -71.578  21.743 0.1000000015
6741  19.731  -71.229  21.829 0.1000000015
6744  15.021  -70.767  22.345 0.3000000119
6745  20.817  -71.593  20.995 0.1000000015
6749  15.928  -70.688  21.335 0.3000000119
6750  9.493  -71.076  21.089 0.6999999881
6751  9.179  -70.861  21.104 0.6000000238
6752  8.812  -70.694  20.987 0.5000000000
6755  20.414  -70.670  20.600 0.1000000015
6756  19.837  -70.232  20.720 0.1000000015
6757  17.078  -70.904  19.806 0.3000000119
6759  10.341  -71.126  20.483 0.6999999881
6768  10.685  -71.067  20.016 0.8000000119
6770  8.597  -70.514  19.991 0.3000000119
6776  17.752  -70.695  18.814 0.4000000060
6777  11.969  -70.341  18.313 0.8000000119
6779  9.853  -71.219  18.703 0.3000000119
6783  18.257  -70.749  17.658 0.4000000060
6787  10.045  -70.705  18.423 0.2000000030
6788  9.734  -70.727  18.752 0.3000000119
6800  18.782  -70.413  16.063 0.4000000060
6802  13.622  -70.302  15.791 0.6999999881
6808  22.812  -71.007  15.361 0.1000000015
6809  18.864  -70.389  15.358 0.5000000000
6811  13.398  -70.822  15.509 0.6999999881
6813  23.189  -70.322  15.103 0.1000000015
6814  22.724  -70.611  14.893 0.1000000015
6816  18.769  -70.547  14.837 0.6000000238
6818  13.433  -71.066  14.965 0.8000000119
6821  22.463  -70.410  14.415 0.1000000015
6823  21.737  -71.271  14.017 0.1000000015
6825  14.196  -70.596  13.572 0.6999999881
6826  13.993  -70.814  13.930 0.8000000119
6829  11.369  -71.128  13.690 0.1000000015
6830  29.391  -70.139  12.643 0.1000000015
6832  22.002  -70.479  13.860 0.1000000015
6834  18.556  -70.478  13.599 0.5000000000
6837  14.044  -70.988  13.196 0.6999999881
6838  12.241  -70.400  13.755 0.1000000015
6841  10.044  -71.259  12.962 0.1000000015
6845  28.737  -70.240  12.324 0.1000000015
6848  18.424  -70.408  13.071 0.5000000000
6850  14.366  -70.811  12.460 0.8000000119
6854  9.797  -70.997  12.402 0.1000000015
6861  27.341  -70.637  11.397 0.1000000015
6862  26.766  -70.640  11.247 0.1000000015
6864  20.460  -71.004  11.644 0.1000000015
6865  17.965  -70.754  11.837 0.6000000238
6866  14.631  -70.803  11.520 0.6000000238
6877  26.394  -71.015  11.083 0.1000000015
6879  24.899  -71.041  10.884 0.2000000030
6881  23.575  -71.044  10.294 0.2000000030
6882  20.207  -70.906  10.688 0.2000000030
6885  17.230  -70.883  10.437 0.6000000238
6895  23.138  -70.975  10.098 0.2000000030
6896  22.602  -71.041  9.767 0.2000000030
6897  21.840  -70.685  9.648 0.2000000030
6899  20.423  -70.781  9.865 0.2000000030
6902  16.462  -70.871  10.021 0.6000000238
6909  27.304  -70.682  8.907 0.1000000015
6912  25.536  -70.794  8.965 0.2000000030
6913  22.453  -71.423  9.468 0.2000000030
6916  20.711  -70.982  9.240 0.2000000030
6917  20.099  -71.202  9.460 0.2000000030
6919  9.681  -70.944  8.753 0.6999999881
6920  9.281  -71.009  8.803 0.6999999881
6927  28.363  -70.725  8.639 0.1000000015
6931  10.858  -71.311  8.285 0.6999999881
6932  10.561  -71.117  8.430 0.6999999881
6933  9.955  -70.873  8.282 0.6999999881
6937  31.429  -70.304  7.786 0.1000000015
6939  30.424  -70.184  7.933 0.1000000015
6940  24.263  -71.174  7.936 0.4000000060
6945  8.905  -70.949  7.588 0.6999999881
6950  12.227  -71.391  6.398 0.6999999881
6958  23.153  -71.376  6.233 0.4000000060
6959  22.710  -71.039  5.848 0.4000000060
6960  22.209  -70.710  5.472 0.4000000060
6964  11.569  -70.772  6.274 0.8000000119
6966  9.945  -70.657  5.996 0.8999999762
6967  9.022  -71.178  5.869 0.8999999762
6968  8.634  -71.411  6.237 0.8999999762
6971  22.482  -71.186  5.032 0.5000000000
6972  22.016  -70.703  4.862 0.4000000060
6975  13.733  -70.871  5.259 0.8000000119
6976  12.969  -70.653  5.472 0.8000000119
6977  12.391  -70.485  5.539 0.8000000119
6978  11.116  -70.628  4.738 0.8000000119
6979  10.619  -70.863  4.742 0.8000000119
6980  9.812  -71.137  5.013 0.8999999762
6981  9.278  -71.260  5.332 0.8999999762
6988  15.376  -70.555  4.263 0.6999999881
6989  14.889  -70.449  4.490 0.6000000238
6993  10.038  -71.500  4.540 0.8999999762
6997  16.099  -71.268  3.367 0.6999999881
6998  15.846  -70.736  3.426 0.6999999881
7000  11.440  -71.126  3.534 0.8999999762
7001  10.943  -71.420  3.838 0.8999999762
7004  30.040  -71.222  2.381 0.4000000060
7005  29.505  -70.970  2.510 0.3000000119
7006  28.592  -71.033  2.654 0.4000000060
7008  21.880  -70.604  2.515 0.4000000060
7010  15.895  -71.220  2.789 0.8000000119
7011  12.179  -70.600  2.605 0.8999999762
7016  31.778  -70.894  1.394 0.4000000060
7017  31.116  -70.788  1.640 0.4000000060
7018  30.391  -70.996  2.072 0.4000000060
7019  29.980  -70.957  2.272 0.3000000119
7021  28.176  -70.997  2.084 0.4000000060
7023  21.102  -71.015  1.770 0.4000000060
7025  20.107  -71.184  1.853 0.6000000238
7026  15.635  -71.356  2.242 1.0000000000
7028  11.551  -70.986  2.255 0.8999999762
7031  7.777  -71.130  2.108 0.1000000015
7032  32.903  -70.957  0.825 0.3000000119
7033  32.577  -70.863  1.007 0.3000000119
7034  32.054  -70.634  1.124 0.3000000119
7037  27.661  -70.819  1.301 0.4000000060
7039  21.442  -70.606  1.574 0.4000000060
7041  20.029  -70.805  1.514 0.6000000238
7043  18.728  -70.948  1.156 0.6000000238
7045  15.155  -71.201  1.278 1.0000000000
7046  12.310  -70.232  1.664 0.8999999762
7047  11.828  -70.448  1.471 0.8999999762
7048  11.037  -70.891  1.520 0.8999999762
7049  10.496  -70.984  1.118 0.8999999762
7050  8.015  -70.745  1.688 0.1000000015
7051  7.428  -71.125  1.187 0.1000000015
7052  6.907  -71.423  0.570 0.1000000015
7054  33.136  -70.821  0.551 0.3000000119
7056  27.693  -71.408  1.073 0.4000000060
7058  26.691  -70.452  0.227 0.4000000060
7060  18.286  -70.834  0.594 0.6000000238
7065  9.491  -71.194  0.199 0.8999999762
7067  6.723  -71.326  -0.120 0.2000000030
7068  33.857  -70.897  -0.350 0.3000000119
7069  26.648  -71.076  0.010 0.4000000060
7076  9.919  -70.933  -0.316 0.8999999762
7078  8.670  -71.543  -0.946 0.8999999762
7080  6.608  -71.270  -0.781 0.2000000030
7086  23.422  -70.973  -1.867 0.6000000238
7088  17.147  -71.228  -1.600 0.6999999881
7089  14.205  -70.942  -0.811 1.0000000000
7090  13.913  -70.650  -1.404 1.0000000000
7091  10.393  -70.725  -0.748 1.0000000000
7093  9.091  -71.292  -1.322 0.8999999762
7094  8.666  -71.597  -1.469 0.8999999762
7095  7.161  -70.675  -1.305 0.2000000030
7096  6.752  -70.983  -1.602 0.2000000030
7098  34.789  -70.421  -2.046 0.2000000030
7099  34.373  -70.926  -1.952 0.2000000030
7101  29.258  -71.359  -2.562 0.3000000119
7102  23.572  -70.213  -2.056 0.5000000000
7105  22.142  -71.133  -2.435 0.6999999881
7107  17.211  -70.967  -1.937 0.6999999881
7109  13.302  -70.648  -2.418 1.0000000000
7110  10.006  -70.814  -2.110 1.0000000000
7114  6.696  -71.068  -2.283 0.3000000119
7116  34.551  -70.803  -2.510 0.2000000030
7117  31.271  -70.975  -3.285 0.2000000030
7120  29.210  -70.875  -2.745 0.3000000119
7121  28.470  -71.005  -2.806 0.3000000119
7122  27.848  -71.195  -2.911 0.3000000119
7124  26.913  -71.400  -3.080 0.4000000060
7125  22.329  -70.344  -2.625 0.6000000238
7127  21.206  -70.765  -2.899 0.6999999881
7128  20.711  -70.873  -3.082 0.6999999881
7129  17.628  -70.534  -2.953 0.8000000119
7131  13.585  -71.068  -2.353 1.0000000000
7132  13.286  -70.978  -2.725 1.0000000000
7137  8.903  -71.379  -2.401 0.8000000119
7138  6.946  -70.684  -2.732 0.2000000030
7139  6.818  -70.891  -2.848 0.2000000030
7140  34.962  -70.499  -3.300 0.1000000015
7141  34.497  -70.787  -3.257 0.2000000030
7143  31.291  -70.712  -3.856 0.2000000030
7144  27.067  -70.855  -3.085 0.4000000060
7145  26.695  -71.015  -3.137 0.4000000060
7147  25.189  -71.122  -3.609 0.5000000000
7150  19.080  -70.762  -3.713 0.6999999881
7151  18.173  -70.622  -3.578 0.8000000119
7153  13.164  -71.340  -3.183 1.0000000000
7154  12.719  -70.950  -3.403 1.0000000000
7155  11.971  -70.735  -3.634 1.0000000000
7156  11.252  -70.658  -3.554 1.0000000000
7157  10.476  -70.817  -3.685 1.0000000000
7158  9.619  -71.094  -3.613 0.8999999762
7160  6.831  -70.970  -3.516 0.3000000119
7161  34.890  -70.406  -3.802 0.1000000015
7163  31.734  -71.012  -4.368 0.2000000030
7165  25.302  -70.561  -3.683 0.5000000000
7168  18.626  -71.156  -4.084 0.8000000119
7172  10.862  -70.952  -4.259 1.0000000000
7174  9.625  -71.205  -4.177 0.8999999762
7175  7.348  -70.617  -4.494 0.2000000030
7176  7.176  -70.809  -4.475 0.2000000030
7177  6.988  -70.856  -3.936 0.2000000030
7179  34.369  -70.592  -5.224 0.1000000015
7182  23.549  -70.730  -5.385 0.5000000000
7183  11.159  -71.155  -4.744 1.0000000000
7185  10.293  -71.273  -4.731 1.0000000000
7186  7.398  -70.608  -4.762 0.2000000030
7188  34.153  -70.401  -6.300 0.1000000015
7190  30.661  -70.460  -6.386 0.1000000015
7199  7.223  -70.886  -6.106 0.2000000030
7200  6.964  -71.028  -6.031 0.2000000030
7204  23.953  -71.112  -7.502 0.5000000000
7205  23.774  -70.935  -7.125 0.5000000000
7216  10.769  -70.693  -6.733 0.1000000015
7217  10.054  -70.769  -7.035 0.1000000015
7219  8.384  -70.552  -7.059 0.2000000030
7220  7.769  -70.807  -6.818 0.2000000030
7221  7.447  -71.226  -6.575 0.3000000119
7222  7.250  -71.468  -6.291 0.3000000119
7226  24.035  -70.977  -7.887 0.6000000238
7227  23.904  -70.863  -7.524 0.5000000000
7231  9.936  -71.212  -7.254 0.1000000015
7232  9.520  -71.154  -7.349 0.1000000015
7233  8.786  -71.099  -7.418 0.2000000030
7235  7.561  -71.544  -6.947 0.3000000119
7236  7.346  -71.690  -6.654 0.3000000119
7239  31.235  -70.684  -8.217 0.1000000015
7245  32.449  -71.389  -9.211 0.1000000015
7248  24.126  -71.016  -9.084 0.6000000238
7254  32.175  -70.849  -9.894 0.1000000015
7255  24.643  -71.382  -10.174 0.6999999881
7256  24.389  -70.959  -9.936 0.6000000238
7260  34.664  -70.990  -11.089 0.1000000015
7263  32.098  -70.573  -10.532 0.1000000015
7265  24.534  -70.512  -10.702 0.5000000000
7276  34.348  -70.968  -11.694 0.1000000015
7277  33.413  -70.933  -11.544 0.1000000015
7278  32.767  -70.556  -11.439 0.1000000015
7280  24.583  -70.173  -11.261 0.6000000238
7291  8.343  -71.919  -12.879 0.1000000015
7293  34.917  -70.609  -12.037 0.1000000015
7304  8.372  -71.795  -13.271 0.1000000015
7305  8.084  -71.967  -13.009 0.1000000015
7306  25.514  -70.947  -13.329 0.5000000000
7307  25.290  -70.723  -13.058 0.5000000000
7311  14.237  -70.788  -13.608 0.8999999762
7319  8.174  -71.781  -13.427 0.1000000015
7320  25.708  -70.822  -13.792 0.5000000000
7321  25.447  -70.706  -13.451 0.4000000060
7322  17.793  -70.253  -14.717 0.8999999762
7323  17.504  -70.817  -14.218 0.8999999762
7324  13.576  -70.410  -14.306 1.0000000000
7329  26.193  -71.138  -14.376 0.4000000060
7330  20.825  -70.179  -15.347 0.5000000000
7334  12.510  -70.973  -15.310 1.0000000000
7336  7.600  -70.708  -15.161 0.1000000015
7340  27.519  -70.860  -15.574 0.3000000119
7341  27.004  -71.154  -15.215 0.3000000119
7342  23.158  -69.974  -15.907 0.2000000030
7346  20.436  -70.539  -15.647 0.5000000000
7347  19.687  -70.646  -15.921 0.8000000119
7351  12.893  -70.568  -15.718 0.8999999762
7353  7.895  -71.518  -15.552 0.1000000015
7354  7.605  -71.071  -15.725 0.1000000015
7360  30.024  -70.674  -15.985 0.1000000015
7361  29.194  -70.822  -15.971 0.2000000030
7362  28.595  -70.890  -15.922 0.2000000030
7363  24.154  -70.706  -16.594 0.2000000030
7365  23.027  -71.085  -16.157 0.6000000238
7368  17.860  -70.835  -16.822 0.8000000119
7369  17.328  -71.250  -16.831 0.8000000119
7372  10.122  -70.497  -16.778 0.8999999762
7373  9.889  -70.485  -16.699 0.8999999762
7374  7.763  -71.479  -16.101 0.1000000015
7376  6.813  -70.695  -16.982 0.1000000015
7379  24.917  -70.923  -17.282 0.3000000119
7381  18.251  -71.092  -17.180 0.8000000119
7382  17.656  -71.137  -17.268 0.8000000119
7383  17.381  -71.308  -17.194 0.8000000119
7385  12.597  -71.059  -16.948 0.8999999762
7386  10.663  -71.036  -17.500 0.8999999762
7391  6.598  -70.520  -17.515 0.1000000015
7400  25.702  -70.632  -18.162 0.3000000119
7401  25.379  -70.823  -17.816 0.3000000119
7404  11.114  -70.694  -18.073 0.8999999762
7405  8.030  -70.539  -17.540 0.4000000060
7408  6.307  -70.273  -18.100 0.1000000015
7409  32.233  -71.282  -18.687 0.1000000015
7410  31.995  -71.283  -18.749 0.1000000015
7414  25.627  -71.018  -18.376 0.3000000119
7416  11.455  -70.303  -19.016 0.8999999762
7417  11.385  -70.799  -18.714 0.8999999762
7418  7.307  -70.569  -19.439 0.3000000119
7419  6.857  -70.821  -19.033 0.2000000030
7421  28.122  -70.649  -19.985 0.1000000015
7422  27.779  -71.201  -19.605 0.1000000015
7426  7.148  -70.525  -20.197 0.3000000119
7427  6.851  -70.900  -19.794 0.3000000119
7428  6.357  -70.701  -19.563 0.1000000015
7431  26.645  -70.513  -20.572 0.2000000030
7432  26.226  -70.894  -20.143 0.2000000030
7433  12.772  -70.845  -20.813 0.8000000119
7435  11.602  -70.823  -20.557 0.8999999762
7436  6.943  -70.412  -20.508 0.3000000119
7438  6.489  -70.800  -20.016 0.3000000119
7440  27.874  -71.356  -20.983 0.2000000030
7443  12.647  -70.682  -21.306 0.8000000119
7444  12.337  -71.029  -21.297 0.8000000119
7446  27.909  -70.980  -21.736 0.2000000030
7447  27.492  -71.007  -21.851 0.3000000119
7448  26.953  -71.168  -21.762 0.2000000030
7449  12.138  -70.752  -21.659 0.6999999881
7450  11.880  -71.130  -21.580 0.8000000119
7480  17.018  -70.019  24.363 0.1000000015
7483  17.647  -69.989  23.380 0.1000000015
7484  17.253  -69.764  23.890 0.1000000015
7486  13.559  -69.746  24.181 0.1000000015
7487  18.457  -70.448  22.599 0.1000000015
7488  18.106  -69.812  22.684 0.1000000015
7490  14.296  -69.862  23.305 0.2000000030
7493  18.266  -69.495  22.312 0.1000000015
7495  15.119  -69.911  22.377 0.3000000119
7496  19.286  -69.888  21.155 0.1000000015
7499  16.011  -69.880  21.439 0.3000000119
7500  9.476  -70.661  21.083 0.6000000238
7503  8.029  -69.905  20.411 0.6000000238
7505  19.673  -69.668  20.448 0.1000000015
7506  17.227  -70.160  19.906 0.3000000119
7509  9.681  -70.174  20.900 0.6999999881
7510  9.336  -69.911  21.069 0.6000000238
7511  8.355  -70.098  20.318 0.3000000119
7512  8.102  -69.698  20.067 0.4000000060
7518  17.593  -70.055  19.451 0.3000000119
7521  8.757  -70.272  19.619 0.3000000119
7523  8.189  -69.579  19.855 0.3000000119
7533  11.723  -69.959  18.804 0.8999999762
7535  8.691  -69.930  19.464 0.3000000119
7541  18.640  -69.520  17.612 0.4000000060
7542  18.349  -69.960  18.094 0.4000000060
7544  12.372  -69.917  17.922 0.8000000119
7546  10.018  -69.956  18.185 0.2000000030
7550  18.789  -69.545  17.057 0.4000000060
7554  12.659  -70.264  17.326 0.8999999762
7555  10.565  -69.869  17.530 0.2000000030
7556  10.208  -69.639  17.833 0.2000000030
7562  13.380  -70.130  16.379 0.6999999881
7563  11.420  -69.682  16.334 0.1000000015
7569  24.019  -70.125  15.486 0.1000000015
7572  14.089  -69.731  15.451 0.6999999881
7580  24.341  -69.773  15.076 0.1000000015
7581  23.594  -70.000  14.987 0.1000000015
7584  14.401  -69.674  14.851 0.6999999881
7585  14.100  -70.201  14.715 0.6999999881
7592  23.280  -69.868  14.554 0.1000000015
7593  22.824  -70.017  14.322 0.1000000015
7594  22.309  -70.242  14.052 0.1000000015
7595  18.823  -69.918  13.866 0.6000000238
7599  29.818  -69.671  12.649 0.1000000015
7600  29.465  -69.911  12.782 0.1000000015
7601  28.520  -69.857  13.175 0.1000000015
7605  22.053  -69.995  13.479 0.1000000015
7606  21.569  -70.242  13.015 0.1000000015
7608  15.202  -69.495  12.777 0.6999999881
7610  13.029  -69.641  12.825 0.1000000015
7616  28.026  -69.967  12.452 0.1000000015
7618  27.059  -69.603  11.967 0.1000000015
7619  21.807  -69.754  12.896 0.1000000015
7621  18.403  -70.022  12.567 0.6000000238
7632  27.413  -70.015  11.792 0.1000000015
7633  26.625  -70.006  11.501 0.2000000030
7635  25.292  -69.668  11.174 0.2000000030
7636  20.890  -70.134  11.502 0.1000000015
7639  18.219  -69.972  11.986 0.6000000238
7649  26.470  -70.501  11.185 0.2000000030
7651  25.289  -70.259  10.988 0.2000000030
7654  22.712  -69.856  10.483 0.2000000030
7657  20.649  -70.299  10.887 0.2000000030
7660  16.604  -69.705  10.611 0.6000000238
7662  15.409  -70.085  10.922 0.6000000238
7674  22.944  -70.496  10.167 0.2000000030
7676  21.489  -70.150  10.090 0.2000000030
7677  20.739  -70.290  10.271 0.2000000030
7678  17.065  -70.516  10.346 0.6000000238
7679  16.777  -70.328  10.247 0.6000000238
7680  16.190  -70.266  10.260 0.6000000238
7689  27.484  -70.414  8.806 0.2000000030
7692  25.744  -70.143  8.998 0.2000000030
7699  29.936  -69.775  8.071 0.1000000015
7702  27.757  -70.028  8.700 0.1000000015
7704  25.161  -70.227  8.827 0.2000000030
7706  23.732  -70.040  8.033 0.3000000119
7710  32.357  -69.704  7.576 0.1000000015
7711  31.534  -69.814  7.439 0.1000000015
7713  30.382  -69.627  7.800 0.1000000015
7718  32.065  -69.533  7.171 0.1000000015
7720  23.006  -70.578  6.907 0.4000000060
7722  21.980  -70.016  6.279 0.2000000030
7726  21.672  -70.098  5.606 0.4000000060
7727  21.300  -69.594  5.563 0.2000000030
7730  10.555  -70.454  5.619 0.8000000119
7735  21.241  -69.731  5.052 0.3000000119
7739  11.928  -70.373  5.161 0.8000000119
7740  11.362  -70.437  5.056 0.8000000119
7742  10.392  -70.689  5.175 0.8999999762
7747  21.160  -69.754  4.368 0.3000000119
7756  21.632  -70.178  3.464 0.4000000060
7758  15.336  -70.224  3.423 0.8000000119
7759  14.730  -69.976  3.437 0.6999999881
7760  13.988  -69.937  3.549 0.6999999881
7761  13.211  -70.141  3.638 0.8000000119
7762  12.504  -70.383  3.788 0.8999999762
7766  29.342  -70.307  2.288 0.3000000119
7768  28.394  -70.286  2.632 0.3000000119
7770  21.372  -69.778  3.198 0.3000000119
7779  30.928  -70.463  1.474 0.4000000060
7783  27.515  -69.856  2.200 0.4000000060
7784  21.797  -70.179  2.281 0.4000000060
7785  15.567  -70.879  2.218 1.0000000000
7786  15.294  -70.294  2.057 0.8999999762
7793  32.348  -70.401  0.850 0.3000000119
7794  31.866  -70.236  0.917 0.3000000119
7796  30.481  -69.960  1.298 0.4000000060
7797  27.812  -70.657  1.773 0.4000000060
7799  21.735  -70.152  1.774 0.4000000060
7800  21.337  -70.190  1.157 0.4000000060
7802  19.822  -70.226  0.989 0.6000000238
7805  14.975  -70.370  1.241 1.0000000000
7806  14.323  -69.755  1.071 0.8999999762
7807  13.535  -69.613  1.164 0.8999999762
7813  7.693  -70.590  0.501 0.1000000015
7814  33.574  -70.602  0.081 0.3000000119
7815  33.147  -70.243  0.183 0.3000000119
7816  32.414  -69.959  0.381 0.3000000119
7818  31.086  -69.596  0.736 0.4000000060
7822  20.285  -69.758  0.587 0.4000000060
7823  19.540  -69.798  0.528 0.5000000000
7824  18.798  -70.037  0.324 0.6000000238
7825  18.184  -70.340  -0.040 0.6000000238
7829  12.282  -70.075  0.155 0.8999999762
7832  8.731  -69.896  0.543 0.1000000015
7834  7.548  -70.510  -0.079 0.1000000015
7837  32.422  -69.628  -0.111 0.3000000119
7838  25.968  -69.463  -0.456 0.4000000060
7841  14.199  -70.253  -0.211 1.0000000000
7845  11.283  -70.408  -0.577 1.0000000000
7846  10.810  -70.563  -0.531 1.0000000000
7847  8.133  -69.859  -0.811 0.1000000015
7849  34.505  -69.828  -1.623 0.1000000015
7851  33.508  -69.821  -0.869 0.2000000030
7853  25.095  -69.582  -1.260 0.4000000060
7855  18.412  -69.534  -0.909 0.6999999881
7857  13.517  -70.222  -1.536 1.0000000000
7858  12.991  -70.058  -1.437 1.0000000000
7863  8.255  -69.756  -1.638 0.1000000015
7866  34.712  -69.736  -2.046 0.1000000015
7867  34.392  -69.644  -1.740 0.1000000015
7869  23.283  -69.894  -2.336 0.6000000238
7870  22.974  -70.288  -2.361 0.6000000238
7872  17.952  -69.953  -1.905 0.6999999881
7873  13.613  -70.420  -1.853 1.0000000000
7876  11.759  -70.228  -2.023 1.0000000000
7877  11.066  -70.442  -1.852 1.0000000000
7878  10.446  -70.622  -1.627 1.0000000000
7879  8.284  -69.651  -2.439 0.1000000015
7880  7.810  -69.970  -2.067 0.1000000015
7881  7.297  -70.417  -2.110 0.2000000030
7882  35.272  -69.724  -2.938 0.1000000015
7883  35.068  -69.985  -2.613 0.2000000030
7884  30.606  -70.232  -3.662 0.3000000119
7885  30.250  -70.186  -3.367 0.3000000119
7887  28.721  -70.179  -3.120 0.3000000119
7888  27.969  -70.529  -2.999 0.3000000119
7890  23.045  -69.730  -2.516 0.6000000238
7893  21.390  -70.107  -2.995 0.6999999881
7895  19.366  -69.619  -3.049 0.6999999881
7897  18.164  -70.057  -2.864 0.8000000119
7898  13.116  -70.601  -2.609 1.0000000000
7899  12.719  -70.438  -2.764 1.0000000000
7900  12.027  -70.312  -2.700 1.0000000000
7903  8.242  -69.598  -2.966 0.1000000015
7906  6.949  -70.666  -3.299 0.2000000030
7907  35.374  -69.617  -3.225 0.1000000015
7908  35.249  -70.060  -3.305 0.1000000015
7910  30.421  -69.940  -4.055 0.2000000030
7912  29.303  -69.749  -3.464 0.3000000119
7913  27.822  -70.136  -3.139 0.3000000119
7914  27.292  -70.400  -3.090 0.3000000119
7916  25.756  -70.070  -3.623 0.5000000000
7917  20.839  -70.010  -3.122 0.6999999881
7918  20.333  -70.311  -3.221 0.6999999881
7924  11.383  -70.531  -3.184 1.0000000000
7926  8.263  -69.501  -3.554 0.1000000015
7928  7.191  -70.465  -3.596 0.2000000030
7929  6.964  -70.722  -3.582 0.2000000030
7931  35.199  -69.773  -4.162 0.1000000015
7932  30.731  -70.170  -4.768 0.2000000030
7933  30.213  -69.786  -4.807 0.2000000030
7940  8.475  -69.400  -4.301 0.1000000015
7942  7.416  -70.401  -4.260 0.2000000030
7944  7.046  -70.728  -3.735 0.2000000030
7948  29.908  -69.554  -5.543 0.3000000119
7949  24.060  -69.483  -5.133 0.5000000000
7950  23.695  -69.885  -5.659 0.5000000000
7957  9.681  -69.369  -5.402 0.1000000015
7959  8.110  -69.769  -5.059 0.1000000015
7960  7.616  -70.277  -4.977 0.1000000015
7961  7.435  -70.596  -5.141 0.2000000030
7962  34.496  -69.375  -5.849 0.1000000015
7965  29.773  -69.536  -6.276 0.1000000015
7966  23.587  -69.848  -6.325 0.5000000000
7977  9.231  -69.732  -5.945 0.1000000015
7980  7.443  -70.598  -5.561 0.2000000030
7981  33.960  -69.775  -7.014 0.1000000015
7994  8.015  -70.233  -6.436 0.1000000015
7997  30.555  -70.114  -7.680 0.1000000015
7999  23.916  -70.571  -7.965 0.6000000238
8000  23.819  -70.444  -7.595 0.5000000000
8004  30.884  -70.111  -8.515 0.1000000015
8006  23.914  -70.482  -8.423 0.5000000000
8007  23.858  -70.347  -7.988 0.6000000238
8012  31.755  -70.625  -9.437 0.1000000015
8020  31.179  -69.877  -10.167 0.1000000015
8021  24.208  -70.049  -10.086 0.5000000000
8028  31.104  -69.587  -10.742 0.1000000015
8043  33.881  -70.488  -12.074 0.1000000015
8045  32.364  -69.913  -11.619 0.1000000015
8046  31.749  -69.521  -11.494 0.1000000015
8048  24.440  -69.579  -11.554 0.4000000060
8062  24.617  -69.706  -12.329 0.5000000000
8068  24.961  -69.983  -13.025 0.4000000060
8073  14.069  -70.373  -13.905 0.8000000119
8087  14.609  -69.547  -14.101 0.8000000119
8089  13.504  -70.314  -14.510 1.0000000000
8093  26.039  -70.391  -14.507 0.3000000119
8096  20.334  -69.797  -15.177 0.6000000238
8097  19.587  -69.669  -15.205 0.6000000238
8100  13.615  -69.625  -15.235 0.8999999762
8101  13.358  -70.208  -14.893 1.0000000000
8104  30.281  -69.369  -15.693 0.1000000015
8108  27.596  -70.061  -15.621 0.2000000030
8110  23.097  -69.375  -15.960 0.4000000060
8114  20.317  -70.160  -15.452 0.5000000000
8116  19.258  -70.108  -15.644 0.8000000119
8117  18.526  -70.165  -15.640 0.8999999762
8119  13.249  -70.103  -15.708 0.8999999762
8127  30.002  -69.930  -15.826 0.1000000015
8130  13.483  -69.588  -16.104 0.8999999762
8132  10.454  -70.043  -16.946 0.8999999762
8133  10.212  -70.152  -16.806 0.8999999762
8135  8.882  -69.653  -16.619 0.8000000119
8137  6.582  -70.179  -16.945 0.1000000015
8143  25.594  -70.007  -17.568 0.2000000030
8144  25.324  -70.155  -17.353 0.3000000119
8148  10.416  -70.418  -16.906 0.8999999762
8149  8.922  -70.266  -16.750 0.6000000238
8150  8.380  -69.926  -17.063 0.6999999881
8152  6.290  -69.924  -17.498 0.1000000015
8162  25.750  -70.135  -17.872 0.3000000119
8165  11.272  -70.067  -18.426 0.8999999762
8167  8.009  -70.013  -17.477 0.4000000060
8169  6.084  -69.788  -18.015 0.1000000015
8175  26.272  -69.688  -18.497 0.3000000119
8177  11.288  -69.598  -18.830 0.8999999762
8183  26.409  -70.014  -19.176 0.3000000119
8187  5.991  -69.935  -19.467 0.1000000015
8189  29.042  -69.689  -20.771 0.1000000015
8191  27.410  -69.571  -20.747 0.1000000015
8194  13.079  -69.954  -20.596 0.6999999881
8196  11.165  -69.368  -20.962 0.6999999881
8197  7.162  -69.967  -20.821 0.3000000119
8198  6.664  -70.240  -20.646 0.3000000119
8199  6.181  -70.361  -20.257 0.1000000015
8200  5.911  -69.678  -20.196 0.1000000015
8202  28.327  -70.073  -21.185 0.1000000015
8211  12.544  -70.558  -21.499 0.6999999881
8212  11.549  -70.338  -21.191 0.8000000119
8213  11.261  -69.643  -21.304 0.8000000119
8215  6.660  -69.823  -21.101 0.2000000030
8216  6.201  -69.953  -20.861 0.1000000015
8217  5.991  -69.867  -20.559 0.1000000015
8219  27.811  -70.512  -21.618 0.1000000015
8226  12.587  -69.789  -21.905 0.6999999881
8228  11.826  -70.516  -21.716 0.8000000119
8325  13.645  -69.287  23.966 0.1000000015
8327  18.100  -69.124  22.562 0.1000000015
8328  14.476  -69.286  23.059 0.2000000030
8330  18.695  -69.050  21.695 0.1000000015
8337  15.843  -69.287  21.740 0.3000000119
8338  9.167  -69.792  21.129 0.6000000238
8339  8.843  -69.578  21.156 0.6000000238
8340  8.308  -69.448  20.904 0.6000000238
8343  17.184  -69.469  20.231 0.3000000119
8345  10.423  -69.884  20.231 0.8999999762
8347  9.395  -69.504  20.896 0.6000000238
8350  7.557  -68.909  20.073 0.4000000060
8353  17.888  -69.283  19.205 0.4000000060
8354  17.602  -69.323  19.671 0.4000000060
8355  11.200  -69.695  19.502 0.8999999762
8359  7.963  -69.364  19.718 0.4000000060
8367  10.961  -68.921  19.445 0.8999999762
8369  8.523  -69.497  19.165 0.3000000119
8370  7.673  -69.050  19.006 0.4000000060
8371  7.067  -68.596  18.910 0.4000000060
8379  18.783  -68.996  17.392 0.4000000060
8383  9.918  -69.433  17.967 0.2000000030
8386  7.398  -68.658  18.405 0.4000000060
8397  10.648  -69.422  17.152 0.1000000015
8399  9.529  -68.854  17.781 0.2000000030
8409  10.322  -68.709  16.913 0.1000000015
8413  19.165  -69.116  15.126 0.6000000238
8418  11.225  -68.835  16.071 0.1000000015
8422  25.448  -69.364  14.354 0.1000000015
8425  23.538  -69.723  14.559 0.1000000015
8426  19.124  -69.094  14.541 0.6000000238
8427  15.183  -68.683  14.091 0.6999999881
8433  25.642  -69.218  13.686 0.1000000015
8434  24.935  -69.145  13.867 0.1000000015
8435  24.160  -69.189  14.022 0.1000000015
8436  23.346  -69.482  14.130 0.1000000015
8437  22.842  -69.631  13.922 0.1000000015
8438  19.018  -69.286  14.003 0.6000000238
8441  13.061  -69.143  13.875 0.1000000015
8443  29.942  -69.466  12.476 0.1000000015
8444  29.583  -69.317  12.791 0.1000000015
8446  27.018  -69.353  13.051 0.1000000015
8451  23.662  -68.970  13.476 0.1000000015
8455  15.454  -69.128  12.813 0.6999999881
8456  15.180  -69.360  13.126 0.6999999881
8457  13.162  -69.337  13.256 0.1000000015
8462  27.272  -69.478  12.729 0.1000000015
8463  26.937  -69.381  12.508 0.2000000030
8465  25.569  -68.961  12.433 0.1000000015
8467  22.072  -69.242  12.493 0.1000000015
8468  21.638  -69.422  12.055 0.1000000015
8469  18.718  -69.403  12.870 0.6000000238
8477  26.629  -69.389  11.994 0.2000000030
8479  25.210  -69.175  11.616 0.2000000030
8481  23.656  -68.958  11.408 0.1000000015
8482  22.800  -68.812  11.735 0.2000000030
8484  21.392  -69.584  11.662 0.1000000015
8485  18.454  -69.447  12.222 0.6000000238
8487  17.667  -68.930  11.237 0.6000000238
8488  16.223  -68.745  11.497 0.6000000238
8489  15.898  -68.896  11.693 0.6999999881
8496  24.039  -69.541  10.934 0.2000000030
8499  21.611  -69.468  11.116 0.1000000015
8501  17.677  -69.481  11.049 0.6000000238
8503  16.340  -68.967  11.163 0.6000000238
8504  15.865  -69.215  11.187 0.6000000238
8522  25.792  -69.339  8.926 0.2000000030
8536  28.066  -69.277  8.544 0.1000000015
8537  27.470  -69.284  8.683 0.1000000015
8538  27.123  -69.265  8.768 0.1000000015
8539  25.331  -68.931  8.822 0.2000000030
8549  32.894  -69.095  7.162 0.1000000015
8554  22.867  -69.828  7.463 0.3000000119
8555  22.285  -69.410  7.249 0.2000000030
8556  21.799  -68.974  6.966 0.2000000030
8563  21.576  -69.349  6.433 0.2000000030
8564  21.192  -68.941  6.101 0.1000000015
8569  21.223  -69.228  5.850 0.2000000030
8573  20.882  -69.173  4.905 0.1000000015
8577  20.926  -69.314  4.740 0.2000000030
8578  20.679  -68.837  4.615 0.3000000119
8583  20.615  -68.548  4.185 0.1000000015
8587  29.065  -69.999  2.339 0.3000000119
8589  28.080  -69.627  2.778 0.3000000119
8592  21.097  -69.165  3.169 0.3000000119
8598  27.623  -69.679  2.514 0.4000000060
8599  27.204  -69.377  2.254 0.4000000060
8603  13.842  -69.517  1.471 0.8999999762
8607  30.668  -69.664  0.990 0.4000000060
8608  30.044  -69.466  1.189 0.4000000060
8610  26.868  -69.318  1.426 0.4000000060
8613  21.449  -69.600  0.748 0.3000000119
8614  13.970  -69.553  1.272 0.8999999762
8615  13.747  -69.527  1.258 0.8999999762
8623  30.051  -68.997  0.756 0.2000000030
8630  18.836  -69.650  -0.084 0.5000000000
8633  9.045  -69.626  0.091 0.1000000015
8635  32.743  -69.469  -0.854 0.1000000015
8636  32.283  -69.366  -0.548 0.3000000119
8637  31.620  -69.132  -0.325 0.2000000030
8638  31.051  -68.879  -0.144 0.3000000119
8639  25.763  -68.562  -0.410 0.2000000030
8641  20.522  -68.620  -0.280 0.4000000060
8642  20.141  -68.854  -0.253 0.5000000000
8643  19.450  -69.013  -0.448 0.6999999881
8644  18.928  -69.381  -0.355 0.5000000000
8647  9.249  -69.323  -0.489 0.1000000015
8648  8.659  -69.690  -0.359 0.1000000015
8649  33.737  -69.441  -1.622 0.1000000015
8650  33.226  -69.479  -1.245 0.1000000015
8654  25.679  -69.026  -0.724 0.2000000030
8655  25.306  -68.766  -1.025 0.3000000119
8658  18.805  -69.164  -0.994 0.6999999881
8665  34.132  -69.409  -2.053 0.1000000015
8667  32.763  -69.180  -1.785 0.1000000015
8668  32.158  -68.990  -1.772 0.1000000015
8671  19.266  -68.797  -2.176 0.6999999881
8673  18.362  -69.448  -1.550 0.6999999881
8678  35.258  -69.495  -3.031 0.1000000015
8679  34.967  -69.438  -2.737 0.1000000015
8680  34.376  -69.209  -2.731 0.1000000015
8682  32.828  -69.043  -2.388 0.1000000015
8684  28.384  -69.802  -3.320 0.4000000060
8686  23.069  -69.347  -2.562 0.6000000238
8687  22.430  -69.314  -2.787 0.6000000238
8688  21.707  -69.361  -2.965 0.6000000238
8690  20.443  -69.204  -3.083 0.6999999881
8692  18.988  -69.207  -2.471 0.6999999881
8699  9.384  -69.007  -2.863 0.1000000015
8701  35.214  -69.260  -3.316 0.1000000015
8702  34.727  -69.072  -3.223 0.1000000015
8704  33.682  -68.837  -3.441 0.1000000015
8705  30.005  -69.595  -4.222 0.2000000030
8707  28.767  -69.404  -3.649 0.3000000119
8713  20.027  -69.674  -3.176 0.6999999881
8714  19.722  -69.628  -3.128 0.6999999881
8723  8.888  -69.122  -3.714 0.1000000015
8724  8.579  -69.283  -3.431 0.1000000015
8726  35.222  -69.143  -4.596 0.1000000015
8728  29.186  -69.046  -4.443 0.3000000119
8729  28.689  -68.930  -4.162 0.3000000119
8730  25.827  -68.978  -3.967 0.5000000000
8732  24.521  -68.967  -4.770 0.5000000000
8742  9.032  -69.139  -4.480 0.1000000015
8743  35.163  -68.572  -4.462 0.1000000015
8746  29.062  -68.805  -4.974 0.3000000119
8756  10.059  -69.017  -4.898 0.1000000015
8758  34.633  -68.799  -5.679 0.1000000015
8759  34.192  -68.881  -6.221 0.1000000015
8761  29.041  -68.711  -5.621 0.3000000119
8762  23.909  -68.633  -5.868 0.5000000000
8763  23.728  -69.134  -6.041 0.5000000000
8771  29.517  -69.237  -6.712 0.1000000015
8780  29.690  -69.281  -7.446 0.1000000015
8781  29.245  -68.828  -7.244 0.1000000015
8782  23.655  -69.725  -7.385 0.4000000060
8790  29.452  -68.842  -8.037 0.1000000015
8800  29.650  -68.855  -8.579 0.1000000015
8809  24.164  -69.220  -10.184 0.5000000000
8815  31.296  -69.456  -11.183 0.1000000015
8817  30.202  -68.852  -10.829 0.1000000015
8834  30.981  -68.677  -11.465 0.1000000015
8835  24.395  -68.869  -11.640 0.4000000060
8847  24.546  -69.196  -12.412 0.4000000060
8848  24.489  -68.754  -12.271 0.3000000119
8856  24.579  -68.432  -12.688 0.2000000030
8857  17.082  -69.006  -13.834 0.8000000119
8858  16.565  -68.898  -13.803 0.8000000119
8859  15.925  -69.213  -13.810 0.8000000119
8868  25.529  -69.323  -14.269 0.3000000119
8870  18.805  -68.703  -14.546 0.8000000119
8873  15.997  -68.698  -13.969 0.8000000119
8875  14.680  -68.819  -14.365 0.8999999762
8883  25.930  -69.571  -14.630 0.3000000119
8884  21.804  -68.857  -15.117 0.5000000000
8885  21.249  -68.954  -14.836 0.5000000000
8886  20.565  -69.097  -14.723 0.5000000000
8890  14.475  -68.548  -14.793 0.8999999762
8891  14.139  -68.974  -14.962 0.8999999762
8898  29.196  -68.885  -15.673 0.1000000015
8899  28.485  -69.025  -15.697 0.1000000015
8900  27.723  -69.215  -15.617 0.2000000030
8902  22.995  -69.053  -16.089 0.3000000119
8903  22.657  -68.960  -15.867 0.3000000119
8916  13.679  -69.263  -16.649 0.8000000119
8917  13.493  -69.606  -16.981 0.8000000119
8919  9.948  -69.212  -16.964 0.8999999762
8922  8.147  -68.772  -17.009 0.8999999762
8923  6.757  -70.013  -16.399 0.1000000015
8931  25.266  -69.064  -17.311 0.2000000030
8932  24.493  -68.898  -16.896 0.2000000030
8937  10.068  -68.845  -17.299 0.8999999762
8938  8.150  -69.303  -17.080 0.8000000119
8939  7.822  -69.045  -17.424 0.8000000119
8953  13.595  -68.974  -18.035 0.8000000119
8954  11.098  -69.566  -18.360 0.8999999762
8955  10.783  -69.193  -18.150 0.8999999762
8956  7.701  -69.132  -17.872 0.8000000119
8957  5.985  -69.451  -18.213 0.1000000015
8962  28.868  -68.758  -19.197 0.1000000015
8963  28.700  -68.962  -18.984 0.1000000015
8964  26.734  -68.951  -19.254 0.1000000015
8968  10.661  -68.880  -18.613 0.8999999762
8970  5.951  -69.277  -18.596 0.1000000015
8974  26.997  -68.813  -19.662 0.1000000015
8975  21.606  -69.064  -20.275 0.1000000015
8976  21.111  -69.136  -20.156 0.1000000015
8979  18.958  -68.773  -19.864 0.1000000015
8980  13.401  -68.749  -19.362 0.6999999881
8981  10.950  -69.011  -19.143 0.8999999762
8982  10.630  -68.718  -18.943 0.8999999762
8983  7.564  -69.184  -19.667 0.4000000060
8984  5.956  -69.462  -19.014 0.1000000015
8985  5.901  -69.118  -19.452 0.1000000015
8998  11.047  -68.979  -20.653 0.6999999881
9000  5.823  -68.949  -20.155 0.1000000015
9003  28.464  -69.196  -21.151 0.1000000015
9015  7.210  -69.110  -21.536 0.2000000030
9016  6.679  -69.357  -21.502 0.2000000030
9018  5.831  -69.324  -20.882 0.1000000015
9025  12.337  -69.321  -22.365 0.6000000238
9026  11.803  -69.675  -22.176 0.6000000238
9027  11.241  -69.221  -21.996 0.6000000238
9029  6.714  -68.839  -21.895 0.1000000015
9030  6.237  -69.025  -21.711 0.1000000015
9031  5.902  -69.204  -21.452 0.1000000015
9040  12.161  -68.997  -22.714 0.6000000238
9042  11.546  -69.054  -22.531 0.6000000238
9043  23.682  -68.754  -23.794 0.1000000015
9160  17.712  -68.134  24.215 0.1000000015
9161  17.420  -68.332  24.561 0.1000000015
9168  17.339  -68.758  24.048 0.1000000015
9170  13.205  -68.667  24.225 0.1000000015
9171  18.368  -68.211  22.611 0.1000000015
9174  14.134  -68.528  23.199 0.1000000015
9176  18.229  -68.754  22.416 0.1000000015
9177  15.627  -68.717  21.982 0.2000000030
9179  19.190  -68.097  21.111 0.1000000015
9180  18.987  -68.307  21.380 0.1000000015
9182  16.099  -68.477  21.576 0.3000000119
9183  8.557  -69.082  20.997 0.6000000238
9186  19.121  -68.649  20.983 0.1000000015
9187  17.202  -68.743  20.203 0.3000000119
9189  9.810  -69.114  20.476 0.8999999762
9190  9.327  -68.771  20.660 0.8999999762
9191  8.550  -68.509  20.720 0.6000000238
9192  7.817  -68.558  20.426 0.6000000238
9198  10.504  -68.907  19.799 0.8999999762
9200  9.121  -68.253  20.218 0.8000000119
9203  6.613  -67.781  19.000 0.6000000238
9210  6.671  -68.135  18.736 0.6000000238
9211  6.423  -67.622  18.556 0.6999999881
9215  18.766  -68.177  17.464 0.4000000060
9217  12.615  -68.820  17.863 0.8000000119
9218  12.060  -68.457  18.179 0.8999999762
9219  11.667  -68.321  18.389 0.8000000119
9222  7.071  -68.245  17.898 0.2000000030
9223  6.532  -68.002  18.108 0.4000000060
9233  9.646  -68.433  17.142 0.1000000015
9236  7.346  -67.979  17.260 0.2000000030
9238  6.363  -67.696  17.758 0.4000000060
9247  13.908  -68.438  16.447 0.6999999881
9248  10.553  -68.441  16.371 0.1000000015
9250  9.235  -68.088  16.920 0.1000000015
9251  8.774  -68.054  17.126 0.2000000030
9252  7.079  -67.796  16.891 0.2000000030
9253  6.734  -67.884  16.828 0.2000000030
9260  19.142  -68.407  15.298 0.5000000000
9265  10.443  -68.187  16.230 0.1000000015
9279  19.099  -68.606  14.148 0.6000000238
9280  16.005  -67.745  13.622 0.6999999881
9287  25.149  -68.738  12.676 0.1000000015
9288  24.730  -68.604  12.820 0.1000000015
9289  24.043  -68.594  12.910 0.1000000015
9290  23.308  -68.663  12.865 0.1000000015
9293  15.811  -68.484  12.910 0.6999999881
9296  29.944  -68.926  12.105 0.1000000015
9300  24.369  -68.569  12.328 0.1000000015
9302  23.167  -68.586  12.223 0.1000000015
9304  18.408  -68.401  12.085 0.6000000238
9306  16.028  -68.556  12.174 0.6999999881
9313  24.624  -68.766  11.847 0.2000000030
9314  24.045  -68.669  11.829 0.1000000015
9316  23.118  -68.612  11.934 0.1000000015
9317  18.404  -68.869  11.951 0.6000000238
9319  17.221  -68.480  11.433 0.6000000238
9328  16.503  -68.680  11.357 0.6000000238
9349  28.265  -68.511  8.450 0.1000000015
9351  27.074  -68.861  8.751 0.1000000015
9353  24.999  -68.498  8.724 0.2000000030
9370  22.313  -68.491  7.593 0.2000000030
9381  21.497  -68.573  6.866 0.1000000015
9389  20.843  -68.642  5.704 0.1000000015
9390  20.593  -68.315  5.388 0.1000000015
9394  20.835  -68.873  5.292 0.1000000015
9399  20.529  -68.271  4.570 0.1000000015
9403  26.702  -68.172  3.038 0.1000000015
9404  26.477  -68.172  2.965 0.1000000015
9406  20.551  -68.019  4.068 0.1000000015
9411  27.958  -68.781  2.664 0.2000000030
9418  29.076  -69.126  1.741 0.3000000119
9419  28.575  -68.697  1.978 0.2000000030
9422  26.254  -68.395  1.862 0.1000000015
9423  21.491  -68.609  2.010 0.3000000119
9424  21.306  -68.017  2.440 0.2000000030
9429  29.701  -68.975  1.043 0.3000000119
9431  28.678  -68.189  1.303 0.2000000030
9432  26.520  -68.769  1.505 0.3000000119
9433  26.183  -68.451  1.081 0.3000000119
9439  30.186  -68.814  0.461 0.2000000030
9441  29.129  -68.095  0.641 0.2000000030
9442  28.645  -67.835  0.845 0.2000000030
9454  25.592  -67.956  -0.093 0.2000000030
9455  25.387  -68.026  -0.545 0.2000000030
9456  21.528  -68.024  -0.294 0.4000000060
9457  20.862  -68.188  -0.532 0.5000000000
9459  19.836  -68.706  -0.548 0.5000000000
9466  31.232  -68.603  -1.399 0.2000000030
9467  30.909  -68.518  -0.873 0.2000000030
9469  25.134  -68.092  -0.963 0.3000000119
9470  24.789  -68.284  -1.374 0.3000000119
9472  20.282  -68.043  -1.213 0.5000000000
9473  19.601  -68.583  -0.976 0.5000000000
9474  19.193  -68.816  -1.092 0.6999999881
9484  30.489  -68.178  -1.255 0.2000000030
9486  23.876  -68.549  -2.149 0.4000000060
9489  19.162  -68.737  -1.466 0.6999999881
9498  33.247  -68.767  -3.374 0.1000000015
9500  32.065  -68.721  -2.535 0.1000000015
9501  31.269  -68.360  -2.524 0.1000000015
9507  19.728  -68.503  -2.410 0.6999999881
9515  34.985  -68.918  -3.624 0.1000000015
9516  34.564  -68.732  -3.694 0.1000000015
9519  32.810  -68.494  -3.714 0.1000000015
9520  31.995  -68.331  -3.493 0.1000000015
9523  27.691  -68.897  -3.826 0.4000000060
9525  26.308  -68.685  -3.972 0.5000000000
9532  34.961  -68.584  -4.007 0.1000000015
9533  34.480  -68.235  -4.178 0.1000000015
9534  33.759  -68.184  -4.260 0.1000000015
9535  33.079  -68.178  -4.248 0.1000000015
9536  32.408  -68.129  -4.157 0.1000000015
9538  28.811  -68.755  -4.592 0.3000000119
9539  28.301  -68.604  -4.404 0.3000000119
9541  26.711  -68.171  -4.326 0.4000000060
9543  25.072  -68.307  -4.684 0.5000000000
9544  24.587  -68.399  -5.020 0.5000000000
9548  34.907  -68.299  -4.346 0.1000000015
9551  28.180  -68.223  -5.130 0.3000000119
9552  27.712  -67.928  -5.107 0.4000000060
9553  24.852  -67.995  -5.040 0.5000000000
9554  24.502  -68.052  -5.367 0.5000000000
9560  28.599  -68.372  -5.556 0.3000000119
9561  28.310  -68.071  -5.814 0.4000000060
9562  24.171  -68.191  -5.894 0.5000000000
9563  23.868  -68.546  -6.206 0.5000000000
9569  33.826  -68.222  -6.660 0.1000000015
9570  33.398  -67.900  -7.189 0.1000000015
9572  28.337  -67.985  -6.457 0.3000000119
9573  24.003  -68.061  -6.572 0.5000000000
9578  33.289  -68.277  -7.747 0.1000000015
9580  28.345  -67.852  -7.031 0.3000000119
9581  23.742  -68.387  -7.370 0.5000000000
9582  23.616  -69.102  -7.208 0.5000000000
9587  28.527  -67.942  -7.617 0.2000000030
9588  23.815  -68.494  -8.321 0.5000000000
9589  23.645  -69.195  -7.838 0.5000000000
9594  29.552  -68.562  -9.441 0.1000000015
9595  29.217  -68.344  -8.882 0.1000000015
9604  29.706  -68.629  -9.946 0.1000000015
9606  24.296  -68.338  -10.332 0.4000000060
9615  30.237  -68.676  -11.132 0.1000000015
9616  29.798  -68.452  -10.776 0.1000000015
9617  29.483  -68.343  -10.241 0.1000000015
9635  30.108  -68.376  -11.284 0.1000000015
9646  24.498  -68.112  -12.271 0.3000000119
9655  24.630  -67.924  -12.757 0.2000000030
9656  17.148  -68.493  -13.864 0.8000000119
9664  25.357  -68.965  -14.121 0.4000000060
9667  20.142  -68.018  -14.239 0.5000000000
9668  19.428  -68.313  -14.396 0.5000000000
9672  15.750  -68.193  -14.107 0.8000000119
9673  15.196  -68.177  -14.340 0.8000000119
9679  26.341  -68.506  -15.080 0.2000000030
9681  25.389  -68.006  -14.251 0.3000000119
9683  21.523  -68.355  -14.927 0.5000000000
9686  19.655  -68.807  -14.622 0.6000000238
9696  28.750  -68.269  -15.718 0.1000000015
9699  22.406  -68.522  -15.963 0.4000000060
9700  22.101  -68.534  -15.558 0.4000000060
9701  14.552  -67.794  -15.287 0.8999999762
9702  14.206  -68.238  -15.662 0.8000000119
9712  9.547  -68.306  -17.107 0.8999999762
9714  8.477  -68.238  -17.022 0.8999999762
9723  24.710  -68.425  -17.277 0.2000000030
9725  23.342  -68.411  -17.103 0.1000000015
9729  13.939  -68.264  -17.289 0.6999999881
9732  7.615  -68.344  -17.729 0.8999999762
9746  25.900  -68.121  -18.265 0.1000000015
9753  20.190  -67.863  -18.227 0.3000000119
9754  19.753  -67.748  -18.376 0.2000000030
9755  13.764  -68.333  -17.939 0.8000000119
9756  13.648  -68.571  -18.295 0.8000000119
9759  7.514  -68.150  -18.561 0.8000000119
9760  5.960  -68.940  -18.173 0.1000000015
9769  26.422  -68.054  -18.806 0.1000000015
9770  23.675  -67.864  -18.480 0.1000000015
9777  13.726  -67.904  -18.126 0.5000000000
9779  10.474  -68.473  -18.731 0.8999999762
9780  7.541  -68.423  -18.754 0.8000000119
9781  7.499  -67.921  -19.005 0.8000000119
9782  5.928  -68.828  -18.630 0.1000000015
9783  5.898  -68.547  -19.040 0.1000000015
9786  27.522  -68.088  -20.215 0.1000000015
9793  19.265  -68.543  -19.464 0.1000000015
9794  18.679  -68.463  -19.708 0.1000000015
9795  18.189  -68.179  -19.774 0.1000000015
9796  17.793  -67.981  -20.044 0.1000000015
9798  10.898  -68.734  -19.488 0.8999999762
9801  7.531  -67.934  -19.104 0.8999999762
9802  5.844  -68.354  -19.677 0.1000000015
9806  29.520  -68.652  -19.903 0.1000000015
9809  27.507  -68.617  -20.340 0.1000000015
9813  18.323  -68.564  -20.040 0.1000000015
9816  13.190  -68.039  -20.158 0.6000000238
9817  10.878  -68.597  -19.678 0.8999999762
9825  28.438  -68.369  -21.035 0.1000000015
9829  21.918  -69.064  -21.133 0.1000000015
9833  12.721  -67.962  -21.803 0.6999999881
9834  10.760  -68.369  -21.050 0.8000000119
9835  7.469  -68.326  -21.231 0.3000000119
9850  12.636  -68.459  -22.179 0.6999999881
9851  10.837  -68.381  -21.932 0.6999999881
9852  7.302  -68.221  -22.166 0.1000000015
9853  6.799  -68.388  -22.269 0.1000000015
9855  5.807  -68.592  -21.546 0.1000000015
9860  23.646  -68.271  -22.871 0.1000000015
9861  23.048  -68.640  -22.750 0.1000000015
9869  11.650  -68.613  -22.895 0.6000000238
9871  7.183  -67.777  -22.640 0.3000000119
9872  6.861  -67.955  -22.614 0.1000000015
9873  6.539  -68.146  -22.543 0.1000000015
9879  24.837  -67.955  -23.727 0.1000000015
9880  24.407  -68.100  -23.518 0.1000000015
9881  23.891  -68.484  -23.582 0.1000000015
9885  11.916  -68.211  -23.222 0.6000000238
9887  11.401  -68.198  -23.093 0.6000000238
9899  24.093  -68.606  -23.935 0.1000000015
10012  19.173  -67.198  24.356 0.1000000015
10013  18.098  -67.718  24.359 0.1000000015
10026  21.769  -67.119  23.649 0.1000000015
10039  18.227  -68.040  22.986 0.1000000015
10041  13.981  -67.778  23.063 0.2000000030
10042  19.223  -67.484  21.689 0.1000000015
10043  18.991  -67.675  21.942 0.1000000015
10044  15.586  -68.028  21.954 0.2000000030
10047  19.053  -67.876  21.522 0.1000000015
10049  15.991  -67.593  21.514 0.2000000030
10052  17.210  -67.867  20.178 0.2000000030
10054  8.093  -68.087  20.320 0.6999999881
10056  7.130  -67.853  19.744 0.6999999881
10059  17.957  -67.971  19.193 0.3000000119
10062  8.839  -67.814  19.757 0.8999999762
10063  8.101  -67.616  19.787 0.6999999881
10064  7.438  -67.490  19.665 0.6999999881
10070  11.170  -68.015  18.533 0.8999999762
10072  10.028  -67.864  19.138 0.8999999762
10073  9.185  -67.591  19.140 1.0000000000
10075  6.773  -66.993  18.947 0.8000000119
10076  6.474  -67.104  18.750 0.6999999881
10080  18.456  -67.575  18.061 0.4000000060
10084  10.311  -67.641  18.519 0.8999999762
10090  18.510  -67.206  17.520 0.4000000060
10091  13.402  -67.804  16.849 0.6999999881
10092  13.079  -67.801  17.107 0.6999999881
10096  8.255  -67.703  16.997 0.2000000030
10097  7.733  -67.828  17.071 0.2000000030
10098  6.327  -67.573  17.002 0.4000000060
10103  18.872  -67.340  16.180 0.6000000238
10109  8.425  -67.702  16.666 0.1000000015
10111  6.673  -67.660  16.648 0.2000000030
10112  6.035  -67.298  16.550 0.4000000060
10118  15.271  -67.123  15.201 0.6999999881
10121  10.930  -67.683  15.464 0.1000000015
10122  10.224  -67.731  15.876 0.1000000015
10123  9.433  -67.432  15.829 0.1000000015
10124  8.654  -67.353  15.891 0.1000000015
10134  15.992  -66.983  14.294 0.6999999881
10138  11.081  -67.351  14.988 0.1000000015
10143  7.363  -67.144  15.239 0.1000000015
10149  16.147  -67.359  13.776 0.6999999881
10158  18.830  -68.068  12.902 0.6000000238
10160  16.675  -67.333  12.843 0.6999999881
10169  18.132  -67.882  12.130 0.6000000238
10176  30.504  -68.060  11.272 0.1000000015
10182  17.023  -68.006  11.835 0.6000000238
10183  16.740  -68.071  11.871 0.6000000238
10197  26.337  -68.389  8.832 0.1000000015
10204  26.909  -68.064  8.704 0.1000000015
10205  26.111  -67.986  8.794 0.1000000015
10209  23.125  -67.794  8.206 0.2000000030
10225  21.462  -67.385  7.176 0.1000000015
10240  21.582  -68.174  7.114 0.1000000015
10252  20.746  -67.912  6.081 0.1000000015
10253  20.543  -67.879  5.690 0.1000000015
10258  20.470  -67.976  5.075 0.1000000015
10263  20.663  -67.299  4.215 0.1000000015
10268  26.559  -67.843  3.095 0.1000000015
10271  20.797  -67.565  3.734 0.1000000015
10272  20.596  -67.721  4.043 0.1000000015
10275  27.592  -68.177  2.548 0.2000000030
10276  27.135  -67.655  2.706 0.2000000030
10277  25.929  -67.986  2.221 0.1000000015
10278  25.600  -67.718  1.924 0.1000000015
10284  27.748  -67.692  1.970 0.2000000030
10287  25.471  -67.650  1.394 0.1000000015
10288  21.734  -67.613  2.046 0.3000000119
10292  28.266  -67.765  1.281 0.2000000030
10294  25.780  -67.948  0.945 0.1000000015
10300  28.780  -67.743  0.398 0.2000000030
10303  25.574  -67.813  0.374 0.1000000015
10304  25.262  -67.543  0.264 0.1000000015
10305  22.637  -67.112  0.227 0.4000000060
10310  29.190  -67.741  -0.372 0.2000000030
10311  28.713  -67.528  -0.145 0.2000000030
10313  27.766  -66.978  0.095 0.2000000030
10314  25.418  -67.716  0.066 0.1000000015
10315  25.193  -67.596  -0.230 0.2000000030
10316  24.866  -67.392  -0.593 0.2000000030
10323  29.560  -67.781  -0.860 0.2000000030
10325  28.492  -67.231  -0.762 0.2000000030
10331  21.156  -67.702  -1.126 0.4000000060
10332  20.716  -67.812  -1.265 0.5000000000
10335  30.354  -67.915  -2.100 0.2000000030
10338  28.823  -67.262  -1.264 0.2000000030
10339  24.455  -67.965  -1.608 0.3000000119
10340  23.879  -67.722  -1.889 0.4000000060
10341  22.949  -67.509  -2.035 0.3000000119
10342  22.156  -67.564  -2.025 0.4000000060
10344  20.735  -67.743  -1.692 0.4000000060
10349  29.929  -67.606  -2.437 0.2000000030
10350  29.619  -67.540  -1.973 0.2000000030
10351  23.616  -68.234  -2.254 0.4000000060
10352  23.231  -68.071  -2.414 0.4000000060
10355  20.883  -67.945  -2.443 0.6000000238
10359  31.475  -67.897  -3.908 0.1000000015
10360  31.091  -67.961  -3.335 0.1000000015
10368  32.059  -67.735  -4.533 0.1000000015
10369  31.521  -67.661  -4.371 0.1000000015
10371  30.602  -67.529  -3.710 0.1000000015
10374  25.559  -67.720  -4.883 0.5000000000
10381  32.266  -67.376  -5.000 0.1000000015
10385  27.555  -67.617  -5.543 0.4000000060
10387  25.942  -67.147  -5.574 0.5000000000
10388  25.073  -67.520  -5.409 0.5000000000
10389  24.549  -67.721  -5.730 0.5000000000
10394  27.956  -67.709  -6.040 0.4000000060
10396  26.627  -66.980  -6.386 0.4000000060
10397  26.033  -66.944  -6.169 0.4000000060
10398  24.780  -67.389  -5.943 0.5000000000
10399  24.403  -67.663  -6.178 0.5000000000
10404  33.331  -67.340  -7.233 0.1000000015
10406  27.348  -67.093  -7.107 0.4000000060
10407  26.793  -66.912  -6.988 0.4000000060
10408  24.652  -67.309  -6.335 0.5000000000
10412  33.205  -67.520  -7.656 0.1000000015
10414  27.720  -67.173  -7.968 0.2000000030
10415  24.142  -67.655  -7.118 0.5000000000
10418  33.225  -67.681  -8.258 0.1000000015
10420  28.014  -67.244  -8.577 0.2000000030
10431  28.933  -67.966  -9.143 0.1000000015
10434  24.272  -67.746  -8.680 0.4000000060
10442  28.980  -67.947  -9.531 0.1000000015
10443  28.674  -67.508  -9.925 0.1000000015
10456  28.760  -67.378  -10.488 0.1000000015
10457  24.841  -66.983  -11.343 0.2000000030
10473  30.038  -67.794  -11.459 0.1000000015
10474  29.340  -67.471  -11.193 0.1000000015
10475  28.948  -67.321  -10.872 0.1000000015
10477  24.505  -67.654  -11.674 0.2000000030
10487  24.618  -67.571  -12.359 0.2000000030
10494  24.915  -67.590  -13.239 0.2000000030
10495  24.713  -67.560  -12.759 0.2000000030
10496  17.085  -67.632  -13.780 0.6999999881
10497  16.490  -67.618  -13.894 0.8000000119
10504  25.444  -67.376  -14.168 0.3000000119
10505  25.240  -67.666  -13.924 0.3000000119
10506  20.309  -67.412  -14.284 0.5000000000
10508  19.144  -67.530  -14.041 0.6000000238
10510  17.679  -67.339  -13.784 0.6999999881
10511  16.048  -67.669  -14.080 0.8000000119
10512  15.600  -67.515  -14.375 0.8000000119
10519  26.313  -67.820  -15.075 0.2000000030
10521  25.426  -67.668  -14.231 0.3000000119
10522  21.795  -68.147  -15.250 0.5000000000
10524  20.832  -67.295  -14.622 0.5000000000
10525  15.303  -67.214  -14.718 0.8000000119
10526  14.941  -67.364  -15.022 0.8999999762
10537  21.825  -67.898  -15.686 0.5000000000
10540  14.461  -67.584  -15.699 0.6999999881
10549  20.923  -67.270  -16.598 0.4000000060
10550  14.589  -67.145  -15.833 0.6000000238
10553  9.745  -67.443  -17.158 0.8999999762
10555  8.830  -67.505  -17.022 0.8999999762
10556  8.296  -67.580  -17.140 0.8999999762
10562  21.538  -67.706  -16.638 0.2000000030
10563  21.204  -67.620  -16.885 0.1000000015
10565  20.088  -67.244  -17.364 0.3000000119
10567  10.001  -67.457  -17.356 0.8999999762
10568  9.786  -68.023  -17.334 0.8999999762
10569  7.828  -67.526  -17.499 0.8999999762
10571  5.901  -67.620  -17.704 0.1000000015
10584  24.627  -67.640  -18.265 0.1000000015
10585  24.071  -67.811  -18.192 0.1000000015
10586  20.910  -67.690  -17.313 0.1000000015
10588  19.677  -67.404  -17.980 0.3000000119
10589  19.249  -67.173  -18.108 0.3000000119
10592  7.538  -67.702  -18.310 0.8999999762
10593  7.512  -67.912  -18.625 0.8999999762
10602  26.129  -67.501  -18.914 0.1000000015
10603  25.571  -67.231  -18.878 0.1000000015
10606  19.501  -67.679  -18.453 0.2000000030
10612  7.575  -67.416  -18.953 0.8999999762
10613  7.538  -67.778  -18.823 0.8999999762
10614  5.866  -67.607  -19.109 0.1000000015
10617  27.460  -67.812  -20.165 0.1000000015
10618  26.973  -67.465  -19.722 0.1000000015
10619  26.498  -67.329  -19.324 0.1000000015
10624  17.491  -67.521  -20.222 0.1000000015
10625  13.223  -67.359  -19.730 0.6000000238
10627  7.535  -67.703  -19.463 0.8999999762
10633  28.126  -67.646  -20.812 0.1000000015
10635  27.406  -67.326  -20.205 0.1000000015
10636  24.481  -67.037  -20.393 0.1000000015
10637  24.141  -67.318  -20.294 0.1000000015
10655  12.960  -67.433  -20.766 0.6000000238
10659  5.717  -67.741  -21.347 0.1000000015
10665  24.396  -67.250  -21.528 0.1000000015
10672  17.937  -67.618  -22.082 0.1000000015
10675  10.660  -67.690  -22.214 0.6000000238
10677  6.044  -67.983  -22.421 0.1000000015
10684  24.633  -67.337  -22.465 0.1000000015
10688  12.303  -67.615  -22.959 0.6000000238
10691  6.991  -67.355  -23.023 0.3000000119
10693  5.744  -67.256  -22.550 0.1000000015
10707  11.425  -67.749  -23.385 0.6000000238
10708  10.944  -67.920  -23.057 0.6000000238
10709  6.519  -67.190  -23.309 0.2000000030
10710  6.175  -67.195  -23.240 0.2000000030
10814  21.090  -67.081  24.022 0.1000000015
10830  13.053  -67.374  23.660 0.2000000030
10847  19.052  -67.315  22.634 0.1000000015
10850  12.810  -66.828  23.453 0.2000000030
10851  12.292  -66.767  23.704 0.2000000030
10863  20.186  -66.706  21.786 0.1000000015
10864  19.458  -67.129  21.860 0.1000000015
10867  14.653  -67.093  22.300 0.2000000030
10883  15.871  -66.956  21.382 0.2000000030
10887  17.092  -66.892  20.078 0.2000000030
10891  17.889  -67.313  19.102 0.2000000030
10893  7.737  -67.314  19.460 0.8999999762
10899  17.694  -66.493  18.818 0.3000000119
10903  6.692  -66.578  18.711 0.8000000119
10907  10.467  -67.487  18.115 0.8999999762
10911  7.442  -66.213  18.317 0.8999999762
10912  5.957  -66.510  17.738 0.6000000238
10915  18.659  -66.744  16.611 0.5000000000
10916  18.486  -66.758  17.169 0.3000000119
10918  12.276  -67.449  17.219 0.8000000119
10919  11.559  -67.286  17.340 0.8999999762
10923  8.085  -66.280  17.730 0.8999999762
10927  18.817  -66.607  16.038 0.5000000000
10928  14.240  -66.988  15.870 0.6999999881
10930  12.956  -67.173  16.693 0.6999999881
10935  5.841  -66.614  16.226 0.5000000000
10954  10.099  -66.863  14.695 0.1000000015
10955  9.337  -66.716  14.695 0.1000000015
10957  7.563  -66.697  14.621 0.1000000015
10958  6.657  -66.902  14.866 0.1000000015
10959  6.069  -66.463  14.903 0.2000000030
10965  17.310  -66.450  13.132 0.6000000238
10971  9.026  -66.288  14.208 0.1000000015
10976  6.338  -65.704  13.799 0.2000000030
10980  18.724  -67.220  13.091 0.6000000238
10982  17.611  -66.746  12.772 0.6000000238
10991  6.940  -66.038  13.023 0.1000000015
10992  6.506  -65.644  13.445 0.1000000015
10997  18.188  -67.304  12.501 0.6000000238
10998  17.860  -67.058  12.564 0.6000000238
11005  6.707  -65.512  12.985 0.1000000015
11048  22.125  -66.959  7.668 0.1000000015
11081  20.823  -66.921  6.088 0.1000000015
11096  20.504  -67.433  4.915 0.1000000015
11105  20.587  -67.198  4.553 0.1000000015
11115  25.946  -67.206  3.199 0.1000000015
11116  25.184  -67.197  2.731 0.1000000015
11128  26.903  -66.955  2.489 0.1000000015
11130  25.137  -67.341  1.907 0.1000000015
11131  24.486  -66.923  2.104 0.1000000015
11135  21.676  -66.865  2.955 0.2000000030
11139  27.418  -67.115  1.563 0.2000000030
11141  26.511  -66.716  2.384 0.1000000015
11143  24.587  -66.993  1.410 0.1000000015
11144  23.868  -66.785  1.512 0.1000000015
11149  27.559  -67.056  0.958 0.2000000030
11151  25.009  -67.283  0.557 0.1000000015
11152  24.703  -67.043  0.840 0.1000000015
11153  24.157  -66.797  0.814 0.3000000119
11155  22.713  -66.913  1.269 0.3000000119
11158  27.469  -66.886  0.472 0.2000000030
11160  24.984  -67.294  0.089 0.1000000015
11163  23.167  -66.816  -0.204 0.3000000119
11166  27.841  -66.958  -0.215 0.2000000030
11168  26.906  -66.463  -0.415 0.2000000030
11169  24.847  -67.236  -0.218 0.1000000015
11176  27.407  -66.564  -1.136 0.2000000030
11177  26.885  -66.345  -0.931 0.2000000030
11178  24.151  -67.109  -1.043 0.3000000119
11179  23.661  -67.080  -1.320 0.3000000119
11180  23.025  -67.021  -1.351 0.4000000060
11182  28.940  -67.192  -1.663 0.2000000030
11186  22.960  -67.186  -1.707 0.3000000119
11189  29.610  -67.374  -2.608 0.2000000030
11192  27.792  -66.301  -2.537 0.2000000030
11196  29.154  -66.727  -3.383 0.2000000030
11199  30.623  -67.161  -4.408 0.1000000015
11209  30.860  -66.956  -4.946 0.1000000015
11212  25.142  -67.211  -5.893 0.5000000000
11221  26.016  -66.871  -6.559 0.4000000060
11222  25.482  -66.958  -6.209 0.4000000060
11223  24.968  -67.153  -6.215 0.4000000060
11226  33.430  -66.888  -7.078 0.1000000015
11227  33.251  -66.935  -7.516 0.1000000015
11229  26.301  -66.824  -7.103 0.4000000060
11232  24.451  -67.336  -6.966 0.4000000060
11236  27.099  -66.827  -7.900 0.2000000030
11237  26.437  -66.707  -7.814 0.3000000119
11238  25.757  -66.759  -7.661 0.4000000060
11239  25.060  -66.916  -7.505 0.4000000060
11240  24.497  -67.260  -7.371 0.4000000060
11248  26.652  -66.625  -8.523 0.2000000030
11263  28.204  -67.081  -9.689 0.1000000015
11267  25.377  -66.697  -8.936 0.4000000060
11268  24.746  -67.063  -8.832 0.4000000060
11274  27.777  -66.767  -10.277 0.1000000015
11275  27.049  -66.461  -10.138 0.1000000015
11276  26.207  -66.367  -9.934 0.2000000030
11277  25.472  -66.628  -9.677 0.2000000030
11288  28.606  -67.077  -10.810 0.1000000015
11293  24.901  -66.933  -10.013 0.3000000119
11303  31.473  -66.806  -11.586 0.1000000015
11304  30.628  -66.856  -11.601 0.1000000015
11307  28.115  -66.191  -11.322 0.1000000015
11308  27.621  -65.956  -11.447 0.1000000015
11309  25.898  -66.234  -11.308 0.2000000030
11321  25.133  -66.673  -12.345 0.2000000030
11331  25.128  -66.791  -12.990 0.2000000030
11332  16.958  -67.213  -13.738 0.8000000119
11340  25.646  -67.031  -14.307 0.3000000119
11342  20.184  -66.939  -14.288 0.5000000000
11347  16.192  -66.831  -14.232 0.8000000119
11352  26.693  -67.028  -15.216 0.1000000015
11354  20.954  -66.916  -15.079 0.5000000000
11356  19.851  -66.271  -14.387 0.5000000000
11357  15.738  -66.535  -14.703 0.8000000119
11359  14.933  -66.968  -15.257 0.6000000238
11366  28.643  -66.895  -15.748 0.1000000015
11367  27.943  -66.986  -15.637 0.1000000015
11368  27.299  -67.038  -15.466 0.1000000015
11370  20.616  -66.536  -15.553 0.5000000000
11371  15.136  -66.384  -15.287 0.6000000238
11372  14.906  -66.670  -15.543 0.6000000238
11374  9.494  -66.189  -16.598 0.8999999762
11381  21.006  -67.070  -16.164 0.4000000060
11383  19.946  -66.562  -16.648 0.3000000119
11385  14.259  -67.132  -16.508 0.6000000238
11386  10.004  -66.965  -16.984 0.8999999762
11387  9.765  -66.753  -16.826 0.8999999762
11388  9.260  -66.626  -16.862 0.8999999762
11397  19.659  -66.742  -17.236 0.3000000119
11398  19.200  -66.544  -17.520 0.3000000119
11399  14.479  -66.430  -16.542 0.6000000238
11401  10.926  -66.246  -17.370 0.8999999762
11403  8.367  -66.458  -17.302 0.8999999762
11404  8.100  -66.754  -17.473 0.8999999762
11417  18.531  -66.541  -18.343 0.1000000015
11419  10.979  -66.035  -17.751 0.8000000119
11431  26.260  -67.182  -19.279 0.1000000015
11432  25.941  -67.067  -19.291 0.1000000015
11434  18.632  -66.929  -18.542 0.1000000015
11435  18.228  -66.719  -18.848 0.1000000015
11436  13.812  -66.854  -17.867 0.5000000000
11437  13.502  -66.677  -18.569 0.4000000060
11439  7.687  -66.815  -18.597 0.8999999762
11445  26.448  -66.966  -19.691 0.1000000015
11447  25.155  -66.836  -19.816 0.1000000015
11458  27.770  -67.133  -20.607 0.1000000015
11459  26.952  -66.822  -20.326 0.1000000015
11460  26.193  -66.596  -20.282 0.1000000015
11462  24.879  -66.821  -20.519 0.1000000015
11468  17.187  -67.038  -20.528 0.1000000015
11470  10.289  -66.999  -20.449 0.6999999881
11471  7.620  -66.567  -20.611 0.6000000238
11478  27.084  -66.564  -20.818 0.1000000015
11479  25.949  -66.446  -20.830 0.1000000015
11480  25.353  -66.631  -21.058 0.1000000015
11491  10.330  -66.999  -21.202 0.6999999881
11492  7.528  -66.784  -21.512 0.6000000238
11493  5.661  -66.966  -21.083 0.1000000015
11508  12.367  -66.913  -22.698 0.6000000238
11520  25.332  -66.901  -22.419 0.1000000015
11521  24.970  -66.995  -22.111 0.1000000015
11524  10.652  -67.280  -22.854 0.6000000238
11525  7.348  -66.753  -23.061 0.3000000119
11526  7.182  -66.993  -23.284 0.2000000030
11528  5.495  -66.680  -22.742 0.1000000015
11539  12.013  -66.956  -23.592 0.6000000238
11540  11.542  -67.213  -23.608 0.6000000238
11542  7.298  -66.426  -23.505 0.3000000119
11544  6.183  -66.690  -23.581 0.2000000030
11545  5.648  -66.497  -23.311 0.1000000015
11551  12.147  -67.175  -23.739 0.6000000238
11552  11.652  -66.782  -23.709 0.6000000238
11553  11.061  -66.908  -23.812 0.6000000238
11661  13.663  -66.474  22.670 0.2000000030
11663  12.311  -66.251  23.205 0.1000000015
11673  13.336  -66.011  22.432 0.2000000030
11688  16.413  -66.619  20.737 0.2000000030
11689  16.004  -66.340  20.987 0.2000000030
11690  15.382  -66.170  21.375 0.2000000030
11691  14.825  -66.010  21.587 0.2000000030
11705  16.938  -66.426  20.055 0.2000000030
11707  16.179  -66.008  20.586 0.2000000030
11721  17.021  -66.208  19.694 0.3000000119
11722  16.703  -65.970  19.913 0.3000000119
11730  17.445  -66.071  18.835 0.3000000119
11731  7.228  -66.109  18.387 0.8999999762
11732  6.889  -66.065  18.441 1.0000000000
11736  17.839  -66.055  18.090 0.3000000119
11738  7.823  -66.147  17.774 0.8999999762
11740  6.481  -65.532  18.173 1.0000000000
11742  5.459  -65.432  17.688 0.6999999881
11748  8.869  -66.223  17.013 0.8000000119
11752  5.353  -65.282  17.395 0.6999999881
11755  18.553  -66.002  16.378 0.4000000060
11762  9.938  -66.178  16.483 0.6000000238
11763  9.177  -65.898  16.381 0.8000000119
11766  5.633  -65.866  16.497 0.5000000000
11767  5.395  -65.379  16.963 0.5000000000
11771  15.396  -66.065  15.053 0.6999999881
11773  13.969  -65.866  15.511 0.6999999881
11774  13.321  -65.886  15.637 0.6999999881
11777  11.103  -65.906  15.909 0.6999999881
11792  18.069  -66.021  13.430 0.6000000238
11799  6.194  -65.548  14.098 0.2000000030
11800  6.434  -65.379  13.676 0.2000000030
11804  18.476  -66.688  13.100 0.6000000238
11806  17.707  -66.290  13.149 0.6000000238
11815  7.307  -65.695  12.840 0.1000000015
11816  6.874  -65.817  12.975 0.1000000015
11817  6.657  -65.121  13.109 0.2000000030
11832  6.835  -64.930  12.410 0.1000000015
11845  6.938  -64.811  11.832 0.1000000015
11857  6.739  -64.609  11.110 0.1000000015
11858  6.340  -64.469  10.896 0.1000000015
11865  6.509  -64.672  10.719 0.1000000015
11866  6.297  -64.630  10.545 0.1000000015
11925  21.012  -66.100  5.946 0.1000000015
11969  25.447  -66.902  3.020 0.1000000015
11971  24.203  -66.066  2.800 0.1000000015
11974  21.731  -66.028  3.545 0.1000000015
11987  24.526  -65.662  2.433 0.1000000015
11998  26.464  -66.507  1.761 0.1000000015
11999  26.057  -66.339  2.099 0.1000000015
12017  26.286  -66.183  0.162 0.2000000030
12019  25.061  -65.298  0.105 0.1000000015
12025  25.349  -65.440  -0.347 0.1000000015
12029  27.238  -66.259  -1.829 0.2000000030
12031  26.185  -65.813  -1.312 0.2000000030
12034  27.410  -66.153  -2.386 0.2000000030
12035  26.873  -65.914  -2.184 0.2000000030
12039  28.173  -66.152  -3.324 0.1000000015
12040  27.690  -66.010  -3.005 0.2000000030
12041  27.174  -65.851  -2.707 0.2000000030
12046  28.839  -66.217  -3.925 0.1000000015
12047  28.358  -65.954  -3.840 0.1000000015
12053  29.594  -66.280  -4.640 0.1000000015
12064  29.334  -65.892  -4.928 0.1000000015
12096  33.324  -65.902  -7.485 0.1000000015
12097  33.253  -66.303  -7.754 0.1000000015
12136  26.820  -66.079  -11.268 0.2000000030
12152  28.694  -65.784  -11.554 0.1000000015
12155  25.964  -65.997  -12.007 0.2000000030
12156  25.434  -66.330  -12.153 0.2000000030
12168  25.944  -65.801  -12.892 0.1000000015
12181  25.464  -66.302  -13.277 0.2000000030
12188  25.816  -66.369  -14.204 0.2000000030
12189  25.549  -66.356  -13.737 0.2000000030
12191  18.453  -65.665  -13.962 0.5000000000
12192  17.452  -65.972  -13.990 0.6000000238
12193  16.651  -66.028  -14.342 0.6000000238
12198  27.230  -65.973  -15.175 0.1000000015
12199  26.620  -66.323  -14.925 0.1000000015
12200  26.165  -66.354  -14.644 0.3000000119
12203  19.140  -65.527  -14.375 0.5000000000
12204  16.442  -65.679  -14.666 0.6000000238
12206  15.615  -66.310  -14.932 0.6000000238
12214  28.249  -66.290  -15.633 0.1000000015
12217  20.171  -66.300  -16.035 0.5000000000
12218  19.830  -65.897  -15.803 0.4000000060
12219  15.781  -65.752  -15.174 0.6000000238
12220  15.431  -66.078  -15.247 0.6000000238
12221  15.100  -66.247  -15.480 0.6000000238
12223  10.681  -65.858  -16.059 1.0000000000
12225  9.654  -65.868  -16.352 0.8999999762
12232  20.047  -66.475  -16.405 0.3000000119
12234  19.338  -66.025  -16.900 0.3000000119
12235  15.370  -65.792  -15.531 0.6000000238
12237  11.074  -65.866  -16.194 1.0000000000
12238  10.606  -66.329  -16.611 0.8999999762
12239  10.139  -66.526  -16.664 0.8999999762
12240  9.322  -65.926  -16.589 0.8999999762
12241  8.928  -66.067  -16.892 0.8999999762
12248  19.473  -66.301  -16.989 0.3000000119
12252  14.389  -66.151  -16.801 0.6000000238
12253  11.255  -65.905  -16.763 0.8999999762
12255  8.549  -66.098  -17.206 0.8999999762
12256  8.264  -66.162  -17.520 0.8999999762
12267  18.967  -66.369  -17.606 0.3000000119
12268  18.634  -66.148  -17.879 0.3000000119
12272  8.014  -66.245  -18.032 0.8999999762
12292  11.088  -65.391  -18.098 0.8000000119
12296  5.921  -65.823  -19.047 0.1000000015
12309  17.934  -66.253  -18.973 0.1000000015
12319  26.210  -66.486  -20.581 0.1000000015
12337  26.320  -66.405  -20.790 0.1000000015
12343  16.448  -65.385  -21.921 0.1000000015
12344  12.787  -65.846  -21.299 0.5000000000
12346  10.288  -66.313  -21.774 0.6000000238
12355  26.284  -66.356  -21.130 0.1000000015
12358  17.454  -65.864  -22.275 0.1000000015
12360  16.465  -65.510  -22.296 0.1000000015
12361  12.413  -66.331  -22.503 0.6000000238
12363  7.478  -66.234  -22.011 0.6000000238
12373  16.850  -65.549  -22.738 0.1000000015
12375  12.214  -66.044  -22.963 0.6000000238
12376  10.647  -66.632  -23.335 0.6000000238
12377  7.428  -66.105  -22.664 0.6000000238
12378  5.476  -66.054  -23.034 0.1000000015
12384  12.258  -66.242  -23.575 0.6000000238
12387  7.238  -66.109  -23.873 0.2000000030
12388  6.590  -65.939  -24.044 0.2000000030
12397  11.463  -66.395  -23.867 0.6000000238
12398  10.922  -66.334  -23.939 0.6000000238
12399  7.371  -65.603  -23.835 0.2000000030
12401  6.746  -65.173  -24.347 0.2000000030
12519  12.343  -65.825  22.742 0.2000000030
12531  15.190  -65.718  21.192 0.2000000030
12536  16.263  -65.861  20.374 0.2000000030
12537  15.818  -65.638  20.631 0.2000000030
12539  14.452  -65.051  20.819 0.2000000030
12565  16.896  -65.623  19.292 0.3000000119
12579  17.525  -65.495  18.028 0.3000000119
12580  17.194  -65.416  18.522 0.3000000119
12581  7.028  -65.202  17.326 0.8999999762
12584  5.357  -64.938  17.737 0.6999999881
12594  7.119  -65.006  16.903 0.8999999762
12595  6.795  -64.727  17.084 0.8999999762
12606  5.633  -65.436  15.941 0.4000000060
12607  5.375  -65.052  16.386 0.4000000060
12615  12.164  -65.446  15.430 0.6999999881
12620  8.433  -65.265  15.627 0.6999999881
12622  5.763  -65.105  15.333 0.3000000119
12627  18.582  -65.746  14.155 0.6000000238
12629  16.026  -65.524  14.506 0.6999999881
12633  13.121  -64.965  14.990 0.6999999881
12634  12.433  -64.960  15.056 0.6000000238
12640  8.196  -65.018  15.233 0.6999999881
12651  6.326  -64.945  14.177 0.2000000030
12656  6.520  -64.650  13.635 0.2000000030
12657  6.637  -64.640  13.128 0.2000000030
12699  6.637  -64.315  11.818 0.2000000030
12710  6.970  -64.784  10.589 0.1000000015
12712  5.838  -63.832  10.527 0.1000000015
12719  7.035  -64.263  10.135 0.1000000015
12721  6.079  -64.450  10.292 0.1000000015
12722  5.768  -64.125  10.351 0.1000000015
12728  5.897  -64.364  9.887 0.1000000015
12729  5.803  -64.302  10.103 0.1000000015
12835  22.800  -65.305  3.021 0.2000000030
12850  23.264  -64.949  2.520 0.2000000030
12861  24.267  -65.145  1.669 0.1000000015
12874  24.686  -65.094  0.540 0.1000000015
12876  23.872  -64.785  1.431 0.1000000015
12904  24.860  -64.935  -0.621 0.1000000015
12905  24.539  -64.776  -0.224 0.1000000015
12926  26.499  -65.597  -2.213 0.2000000030
12927  25.986  -65.269  -2.001 0.2000000030
12928  25.373  -64.677  -1.914 0.2000000030
12948  28.031  -65.681  -3.893 0.1000000015
12949  27.503  -65.400  -3.662 0.1000000015
12960  28.348  -65.445  -4.450 0.1000000015
13019  33.302  -65.988  -8.116 0.1000000015
13034  33.663  -65.584  -8.579 0.1000000015
13035  33.405  -65.839  -8.284 0.1000000015
13101  27.734  -65.154  -11.985 0.1000000015
13113  28.068  -64.687  -12.136 0.1000000015
13114  27.602  -64.753  -12.437 0.1000000015
13115  26.983  -65.113  -12.544 0.1000000015
13116  26.456  -65.311  -12.921 0.1000000015
13129  26.252  -65.459  -13.484 0.1000000015
13135  27.195  -65.048  -14.412 0.1000000015
13136  26.641  -65.340  -14.072 0.2000000030
13137  26.138  -65.782  -13.984 0.2000000030
13139  17.587  -65.298  -14.288 0.6000000238
13146  26.883  -65.618  -14.712 0.2000000030
13147  19.287  -65.275  -15.313 0.4000000060
13149  17.714  -64.741  -14.892 0.5000000000
13150  16.802  -65.188  -14.759 0.6000000238
13164  16.509  -64.960  -15.201 0.5000000000
13165  16.075  -65.286  -15.301 0.5000000000
13166  15.616  -65.661  -15.395 0.5000000000
13167  11.206  -65.017  -15.435 1.0000000000
13168  10.526  -65.275  -15.667 1.0000000000
13176  19.576  -65.759  -16.165 0.4000000060
13178  18.549  -64.966  -16.487 0.3000000119
13180  15.443  -65.421  -15.782 0.5000000000
13183  11.550  -65.329  -16.040 1.0000000000
13184  9.079  -65.404  -16.631 0.8999999762
13191  22.001  -64.921  -17.409 0.1000000015
13193  19.043  -65.886  -17.089 0.3000000119
13196  14.314  -65.823  -17.078 0.4000000060
13197  12.064  -64.688  -16.462 0.8000000119
13198  11.870  -64.998  -16.829 0.8000000119
13199  8.412  -65.574  -17.495 0.8999999762
13210  20.979  -64.823  -18.092 0.1000000015
13212  17.975  -65.310  -18.152 0.3000000119
13213  14.679  -65.040  -17.067 0.4000000060
13214  14.249  -65.323  -17.481 0.4000000060
13216  8.347  -65.126  -17.634 0.8999999762
13217  8.195  -65.335  -18.087 0.8999999762
13232  20.141  -64.679  -18.769 0.1000000015
13233  17.998  -65.658  -18.413 0.1000000015
13234  17.697  -65.309  -18.670 0.2000000030
13237  11.079  -64.816  -18.643 0.6000000238
13256  19.766  -64.796  -19.231 0.1000000015
13259  10.803  -64.555  -19.275 0.6000000238
13260  10.476  -64.780  -19.764 0.5000000000
13279  12.745  -64.705  -21.227 0.5000000000
13280  10.278  -65.079  -20.599 0.6000000238
13290  18.402  -64.742  -21.212 0.2000000030
13294  12.848  -65.470  -21.068 0.5000000000
13296  10.209  -65.477  -21.494 0.6000000238
13298  5.579  -65.331  -21.233 0.1000000015
13308  16.339  -64.953  -22.142 0.1000000015
13312  5.428  -65.291  -22.044 0.1000000015
13321  17.187  -64.656  -22.877 0.1000000015
13325  11.833  -65.353  -24.093 0.6000000238
13326  10.590  -65.867  -23.419 0.6000000238
13327  7.470  -65.376  -23.022 0.5000000000
13328  5.476  -65.234  -22.964 0.1000000015
13338  16.599  -64.703  -23.183 0.1000000015
13339  16.513  -64.828  -23.014 0.1000000015
13340  12.089  -66.033  -23.888 0.6000000238
13342  10.917  -66.098  -23.924 0.6000000238
13343  7.463  -65.357  -23.567 0.5000000000
13344  6.245  -65.087  -24.075 0.1000000015
13345  5.844  -64.884  -23.619 0.1000000015
13357  11.638  -66.101  -23.968 0.6000000238
13358  11.308  -66.089  -24.035 0.6000000238
13359  10.946  -66.206  -24.194 0.6000000238
13360  7.408  -65.045  -23.977 0.2000000030
13361  7.163  -64.745  -24.434 0.2000000030
13362  6.601  -64.489  -24.387 0.1000000015
13501  12.258  -64.889  21.720 0.2000000030
13507  13.323  -64.740  21.010 0.2000000030
13512  15.465  -65.125  20.341 0.2000000030
13519  16.169  -65.058  19.660 0.2000000030
13521  14.779  -64.357  19.712 0.3000000119
13523  13.420  -63.809  19.811 0.1000000015
13525  16.765  -65.131  18.912 0.3000000119
13528  14.945  -64.006  19.097 0.2000000030
13537  16.861  -64.815  18.318 0.3000000119
13539  6.247  -64.619  17.708 0.8999999762
13540  6.215  -64.312  17.778 0.8999999762
13541  5.632  -64.426  17.661 0.8999999762
13556  6.323  -64.380  17.291 0.8999999762
13571  17.282  -64.036  16.502 0.5000000000
13572  7.152  -64.435  16.017 0.8000000119
13573  6.665  -64.174  16.460 0.8999999762
13575  5.129  -64.256  16.551 0.6999999881
13586  7.449  -64.558  15.583 0.8000000119
13587  7.034  -64.143  15.633 0.6000000238
13588  5.574  -64.554  15.305 0.4000000060
13598  17.516  -63.971  14.373 0.6999999881
13600  14.028  -64.487  14.479 0.6999999881
13603  12.036  -64.573  14.637 0.6000000238
13604  11.359  -64.604  14.607 0.6000000238
13605  10.641  -64.663  14.519 0.5000000000
13606  9.852  -64.719  14.435 0.6000000238
13609  7.343  -64.287  15.194 0.6000000238
13611  5.441  -64.303  15.260 0.5000000000
13622  17.810  -64.796  14.032 0.6999999881
13625  15.454  -64.064  14.026 0.6000000238
13626  14.771  -63.966  14.029 0.6000000238
13627  14.125  -64.014  14.101 0.6000000238
13629  12.901  -64.202  14.264 0.6000000238
13630  12.326  -64.219  14.146 0.6000000238
13636  6.211  -64.467  14.080 0.2000000030
13651  9.534  -63.687  13.356 0.5000000000
13652  6.523  -63.876  13.010 0.2000000030
13654  6.670  -64.265  12.712 0.2000000030
13665  6.544  -63.762  12.778 0.2000000030
13666  6.604  -63.889  12.531 0.2000000030
13667  6.642  -64.078  12.155 0.2000000030
13685  6.489  -63.587  12.404 0.2000000030
13687  6.432  -63.783  11.521 0.1000000015
13706  7.554  -63.966  10.601 0.1000000015
13707  6.296  -63.297  11.401 0.2000000030
13708  6.144  -63.415  10.984 0.1000000015
13709  5.889  -63.525  10.583 0.1000000015
13719  6.803  -64.297  9.760 0.1000000015
13720  6.398  -64.561  9.903 0.1000000015
13721  5.585  -63.619  10.167 0.1000000015
13730  7.303  -63.517  9.425 0.1000000015
13732  6.231  -64.380  9.507 0.1000000015
13741  6.614  -63.692  8.765 0.1000000015
13742  6.292  -63.955  8.898 0.1000000015
13743  5.943  -64.170  9.112 0.1000000015
13801  21.383  -64.995  4.573 0.1000000015
13831  22.900  -64.594  2.561 0.2000000030
13851  22.689  -63.897  2.426 0.1000000015
13861  23.799  -64.327  0.813 0.1000000015
13862  23.564  -64.248  1.298 0.2000000030
13869  23.665  -64.009  0.727 0.2000000030
13896  24.810  -64.243  -1.424 0.1000000015
13897  24.509  -64.123  -0.961 0.1000000015
13923  26.383  -64.681  -3.265 0.1000000015
13925  25.523  -64.088  -2.641 0.1000000015
13939  26.586  -64.017  -3.837 0.1000000015
14073  33.967  -64.921  -8.702 0.1000000015
14129  27.724  -64.387  -12.899 0.1000000015
14140  27.532  -64.456  -13.451 0.1000000015
14141  27.214  -64.696  -13.700 0.1000000015
14149  27.483  -64.631  -14.029 0.1000000015
14157  17.318  -64.582  -15.209 0.5000000000
14159  10.943  -64.009  -14.767 1.0000000000
14160  10.409  -63.964  -14.878 1.0000000000
14161  10.072  -63.875  -15.023 1.0000000000
14169  21.986  -64.026  -15.966 0.1000000015
14171  17.530  -64.486  -15.605 0.5000000000
14172  16.846  -64.618  -15.383 0.5000000000
14174  11.865  -64.175  -15.259 0.8000000119
14177  10.028  -64.406  -15.361 1.0000000000
14178  9.490  -64.639  -15.865 1.0000000000
14187  21.699  -64.195  -16.403 0.1000000015
14188  21.341  -64.090  -16.695 0.1000000015
14191  16.210  -64.615  -15.963 0.5000000000
14193  15.261  -65.213  -16.212 0.5000000000
14195  11.726  -64.664  -15.569 1.0000000000
14196  9.160  -64.753  -16.303 1.0000000000
14197  8.836  -64.789  -16.797 0.8999999762
14207  20.965  -64.356  -17.523 0.1000000015
14211  15.675  -64.397  -16.816 0.4000000060
14212  15.071  -64.982  -16.654 0.5000000000
14213  12.171  -64.263  -16.445 0.8000000119
14215  8.555  -64.952  -17.316 0.8999999762
14224  21.090  -64.620  -17.734 0.1000000015
14226  18.150  -65.200  -17.720 0.3000000119
14233  8.300  -64.646  -17.722 0.8999999762
14241  20.225  -64.287  -18.388 0.1000000015
14242  19.827  -64.214  -18.804 0.2000000030
14244  16.764  -64.087  -18.874 0.1000000015
14246  14.112  -64.292  -18.834 0.4000000060
14247  13.673  -64.455  -19.384 0.4000000060
14256  19.139  -63.754  -19.607 0.2000000030
14261  10.791  -64.097  -19.726 0.6000000238
14263  7.668  -64.025  -19.536 0.8000000119
14275  19.169  -64.104  -19.677 0.2000000030
14277  16.844  -64.530  -19.997 0.1000000015
14279  13.133  -63.941  -20.804 0.4000000060
14280  12.825  -64.361  -21.091 0.3000000119
14281  10.335  -64.418  -20.968 0.5000000000
14282  7.473  -64.081  -20.325 0.8000000119
14298  18.464  -63.812  -20.837 0.2000000030
14300  16.811  -64.740  -20.492 0.1000000015
14303  12.636  -64.329  -21.637 0.5000000000
14305  7.422  -64.439  -21.047 0.8000000119
14306  7.302  -63.924  -20.933 0.8000000119
14325  7.364  -64.420  -21.862 0.8000000119
14327  5.481  -64.562  -21.672 0.1000000015
14342  17.397  -64.238  -22.819 0.2000000030
14343  17.083  -64.354  -23.212 0.1000000015
14344  16.142  -64.296  -22.519 0.1000000015
14345  15.968  -63.882  -22.666 0.1000000015
14347  12.058  -65.069  -23.962 0.6000000238
14366  11.899  -64.725  -23.988 0.6000000238
14385  16.516  -64.121  -23.689 0.2000000030
14387  15.802  -63.529  -23.671 0.2000000030
14388  11.329  -64.281  -24.612 0.6000000238
14390  7.378  -64.281  -23.987 0.2000000030
14392  6.507  -63.819  -24.273 0.1000000015
14402  11.108  -64.041  -25.026 0.5000000000
14403  10.827  -63.777  -25.141 0.5000000000
14565  12.334  -63.062  19.302 0.1000000015
14573  12.608  -62.912  18.859 0.1000000015
14575  15.958  -63.846  18.065 0.3000000119
14578  13.947  -62.970  18.118 0.1000000015
14582  16.566  -63.906  17.227 0.5000000000
14585  14.614  -62.895  17.287 0.3000000119
14586  5.496  -63.588  16.983 0.8999999762
14587  5.362  -63.775  17.089 0.8000000119
14598  6.362  -63.547  16.207 0.8999999762
14601  4.829  -62.921  16.473 0.8000000119
14610  17.664  -63.804  15.313 0.5000000000
14616  4.788  -63.080  16.284 0.6999999881
14626  17.798  -63.940  15.081 0.5000000000
14631  5.520  -63.817  14.661 0.6000000238
14632  5.198  -63.828  15.148 0.5000000000
14648  13.631  -63.694  13.893 0.6999999881
14650  12.626  -63.996  13.994 0.6000000238
14651  8.919  -63.716  13.479 0.5000000000
14663  14.089  -63.023  13.726 0.5000000000
14665  13.180  -63.463  13.633 0.5000000000
14666  12.350  -63.707  13.642 0.6000000238
14669  9.945  -63.257  13.210 0.5000000000
14671  6.438  -63.695  12.962 0.2000000030
14672  6.136  -63.349  13.117 0.3000000119
14677  6.372  -63.430  12.635 0.3000000119
14687  6.367  -63.270  12.201 0.2000000030
14688  6.221  -62.898  11.696 0.3000000119
14707  6.147  -62.946  11.209 0.1000000015
14709  5.749  -63.212  10.324 0.1000000015
14720  7.685  -63.075  10.014 0.1000000015
14721  6.066  -62.703  10.451 0.1000000015
14722  5.908  -62.886  10.258 0.1000000015
14723  5.683  -63.049  9.979 0.1000000015
14732  7.220  -63.292  9.150 0.1000000015
14733  5.450  -63.298  9.531 0.1000000015
14738  7.338  -62.688  9.006 0.1000000015
14739  6.936  -63.246  8.776 0.1000000015
14828  22.825  -63.780  2.136 0.1000000015
14846  22.723  -63.133  2.038 0.1000000015
14862  23.691  -63.757  0.441 0.1000000015
14904  24.834  -63.446  -2.004 0.1000000015
14905  24.501  -63.211  -1.580 0.1000000015
14911  25.368  -63.513  -2.704 0.2000000030
15066  11.043  -63.108  -14.205 0.8999999762
15068  10.252  -62.756  -14.408 0.8999999762
15075  22.760  -63.489  -15.130 0.1000000015
15076  22.097  -63.375  -15.133 0.1000000015
15077  21.699  -63.210  -15.208 0.1000000015
15079  11.410  -63.578  -14.540 0.8000000119
15080  10.712  -63.519  -14.496 0.8999999762
15082  9.496  -63.035  -15.107 1.0000000000
15091  23.338  -63.688  -15.582 0.1000000015
15094  21.197  -63.320  -15.924 0.1000000015
15095  12.154  -63.675  -15.215 0.8000000119
15096  11.770  -63.870  -14.922 0.8000000119
15097  9.847  -63.820  -15.148 1.0000000000
15099  8.822  -63.435  -16.075 1.0000000000
15109  21.528  -63.872  -16.076 0.1000000015
15110  21.203  -63.669  -16.332 0.1000000015
15111  20.921  -63.632  -16.767 0.1000000015
15112  12.320  -63.620  -15.927 0.8000000119
15113  9.193  -64.287  -15.983 1.0000000000
15122  21.123  -63.947  -16.860 0.1000000015
15125  16.030  -64.056  -17.375 0.4000000060
15127  11.989  -63.177  -17.236 0.6000000238
15135  20.212  -63.721  -17.951 0.1000000015
15136  19.881  -63.398  -18.348 0.1000000015
15137  16.266  -63.968  -17.805 0.3000000119
15140  11.710  -63.114  -17.917 0.6000000238
15141  8.133  -63.913  -17.865 0.8999999762
15142  7.898  -63.759  -18.450 0.8999999762
15149  19.945  -63.835  -18.452 0.1000000015
15153  14.842  -63.692  -18.934 0.3000000119
15154  14.324  -63.742  -19.370 0.4000000060
15156  7.638  -63.557  -19.052 0.8999999762
15162  19.277  -63.382  -19.292 0.1000000015
15168  13.648  -63.623  -20.462 0.4000000060
15169  11.084  -63.400  -19.595 0.5000000000
15183  18.746  -63.067  -20.346 0.2000000030
15186  14.488  -63.156  -20.198 0.3000000119
15187  14.064  -63.119  -20.686 0.3000000119
15190  7.175  -63.260  -20.568 0.8000000119
15191  7.240  -63.500  -20.697 0.8000000119
15209  15.738  -63.161  -21.245 0.1000000015
15210  13.631  -63.062  -21.197 0.3000000119
15211  13.072  -63.397  -21.539 0.4000000060
15212  12.734  -63.820  -21.643 0.3000000119
15213  10.355  -64.228  -21.642 0.4000000060
15214  7.176  -63.235  -21.252 0.6999999881
15215  7.238  -63.567  -20.936 0.8000000119
15231  16.090  -63.852  -22.029 0.1000000015
15236  7.249  -63.553  -21.783 0.8000000119
15237  7.262  -63.659  -21.256 0.8000000119
15238  5.446  -63.711  -21.965 0.1000000015
15250  17.602  -63.502  -22.706 0.2000000030
15253  15.798  -63.463  -22.490 0.1000000015
15255  10.451  -64.156  -23.523 0.4000000060
15256  7.286  -63.726  -22.558 0.6999999881
15268  16.925  -63.940  -23.708 0.2000000030
15269  15.644  -63.240  -23.245 0.2000000030
15271  11.676  -64.108  -24.432 0.5000000000
15272  10.656  -63.905  -24.261 0.4000000060
15274  5.863  -63.704  -23.763 0.1000000015
15286  15.938  -63.372  -24.201 0.2000000030
15288  11.533  -63.907  -24.825 0.5000000000
15289  10.688  -63.534  -24.696 0.6000000238
15290  7.200  -63.386  -23.863 0.2000000030
15291  6.725  -63.366  -24.015 0.1000000015
15298  10.764  -63.266  -25.071 0.5000000000
15466  11.224  -62.781  19.764 0.1000000015
15476  11.970  -62.831  19.199 0.1000000015
15477  11.519  -62.630  19.302 0.1000000015
15483  13.298  -62.936  18.537 0.1000000015
15484  12.896  -62.798  18.512 0.1000000015
15486  11.549  -62.160  18.503 0.1000000015
15496  11.748  -62.123  18.057 0.2000000030
15501  14.057  -62.696  17.315 0.2000000030
15503  12.846  -62.240  17.283 0.2000000030
15508  15.821  -62.886  15.837 0.4000000060
15513  5.324  -62.718  16.321 0.8000000119
15514  4.884  -62.684  16.404 0.8000000119
15515  4.679  -62.724  16.221 0.6999999881
15520  16.074  -62.867  15.194 0.5000000000
15523  6.330  -62.902  15.547 0.8999999762
15524  5.881  -62.637  15.877 0.8999999762
15525  4.811  -63.262  15.400 0.6000000238
15538  4.628  -62.779  15.197 0.6999999881
15544  16.126  -63.307  14.199 0.6000000238
15545  15.637  -63.116  14.175 0.5000000000
15547  13.972  -62.879  13.849 0.5000000000
15555  7.160  -62.601  14.185 0.6000000238
15556  5.673  -63.026  13.522 0.4000000060
15557  5.115  -62.918  14.070 0.6999999881
15558  4.720  -62.678  14.641 0.8000000119
15564  13.894  -62.837  13.619 0.5000000000
15565  13.504  -63.044  13.567 0.5000000000
15569  10.405  -62.746  13.301 0.5000000000
15571  9.235  -62.802  13.365 0.5000000000
15573  5.326  -62.587  13.321 0.6999999881
15580  5.799  -62.479  12.466 0.5000000000
15581  5.461  -62.334  12.757 0.6000000238
15623  6.100  -62.521  10.185 0.2000000030
15624  5.927  -62.740  9.988 0.2000000030
15636  6.130  -62.068  10.054 0.2000000030
15638  5.845  -62.718  9.606 0.2000000030
15646  7.977  -61.786  9.041 0.1000000015
15647  7.589  -61.801  8.760 0.1000000015
15649  6.938  -63.118  8.483 0.1000000015
15658  7.121  -61.732  8.423 0.1000000015
15659  7.044  -62.368  8.350 0.1000000015
15674  7.176  -61.441  8.104 0.1000000015
15675  6.795  -61.719  8.405 0.1000000015
15676  6.389  -62.076  8.479 0.1000000015
15744  23.034  -62.788  1.225 0.1000000015
15780  23.690  -62.519  -0.247 0.1000000015
15781  23.512  -62.629  0.199 0.1000000015
15817  24.327  -62.804  -1.337 0.1000000015
15963  11.273  -62.157  -13.808 0.8000000119
15978  22.254  -62.529  -14.251 0.1000000015
15980  12.042  -62.835  -14.242 0.8000000119
15981  11.552  -62.879  -14.127 0.8000000119
15982  11.014  -62.456  -13.967 0.8000000119
15983  10.453  -62.368  -14.188 0.8999999762
15995  22.521  -63.050  -14.687 0.1000000015
15997  21.222  -62.380  -15.030 0.1000000015
15998  12.258  -63.053  -14.723 0.8000000119
15999  11.874  -63.223  -14.394 0.8000000119
16000  10.047  -62.427  -14.517 0.8999999762
16001  9.606  -62.513  -14.900 0.8999999762
16011  21.486  -63.093  -15.309 0.1000000015
16012  21.087  -62.781  -15.654 0.1000000015
16024  21.027  -63.200  -16.129 0.1000000015
16026  12.401  -62.936  -16.136 0.8000000119
16027  8.478  -63.157  -16.626 1.0000000000
16037  12.003  -62.726  -17.452 0.6000000238
16039  7.788  -62.984  -17.955 0.8999999762
16046  19.695  -62.924  -18.553 0.2000000030
16047  12.142  -62.298  -17.366 0.6000000238
16060  19.456  -62.892  -18.972 0.2000000030
16062  7.387  -62.849  -19.197 0.8999999762
16077  19.035  -62.641  -19.940 0.2000000030
16078  15.083  -63.175  -19.935 0.2000000030
16080  11.315  -62.648  -19.431 0.5000000000
16081  11.037  -62.869  -20.170 0.5000000000
16082  7.128  -62.648  -19.881 0.8999999762
16096  18.863  -62.438  -20.296 0.2000000030
16097  15.216  -63.059  -20.292 0.2000000030
16098  14.733  -62.916  -20.619 0.2000000030
16101  7.016  -62.538  -20.485 0.8000000119
16102  6.917  -62.035  -20.653 0.8000000119
16112  18.634  -62.413  -20.695 0.2000000030
16113  18.362  -62.350  -21.272 0.2000000030
16115  14.748  -62.703  -21.278 0.3000000119
16116  14.092  -62.736  -21.368 0.3000000119
16117  13.503  -62.841  -21.631 0.4000000060
16120  6.891  -61.718  -21.276 0.6999999881
16130  18.091  -62.518  -21.926 0.2000000030
16134  13.074  -62.806  -22.285 0.4000000060
16135  12.714  -63.204  -22.370 0.3000000119
16136  10.422  -63.456  -23.034 0.4000000060
16137  7.069  -62.854  -21.782 0.6999999881
16138  6.977  -61.944  -22.295 0.6999999881
16152  14.942  -62.516  -22.468 0.3000000119
16153  12.792  -62.660  -22.827 0.3000000119
16167  17.034  -63.020  -23.936 0.2000000030
16168  15.311  -62.682  -23.452 0.2000000030
16169  14.942  -62.346  -23.064 0.2000000030
16170  12.057  -63.343  -23.930 0.5000000000
16171  11.991  -63.807  -24.495 0.5000000000
16172  10.622  -63.266  -24.267 0.4000000060
16173  6.100  -62.629  -23.407 0.1000000015
16182  15.232  -62.439  -24.041 0.2000000030
16185  11.743  -63.484  -24.793 0.5000000000
16186  10.776  -63.002  -24.698 0.5000000000
16192  12.118  -62.825  -24.863 0.4000000060
16193  11.592  -62.957  -24.935 0.5000000000
16194  11.081  -62.725  -24.922 0.5000000000
16395  11.208  -61.895  18.299 0.2000000030
16396  10.898  -61.534  18.330 0.1000000015
16408  12.303  -62.259  17.827 0.2000000030
16409  11.967  -62.141  17.738 0.2000000030
16425  11.258  -61.643  16.913 0.2000000030
16426  10.807  -61.200  16.584 0.2000000030
16437  14.079  -62.239  15.630 0.3000000119
16442  10.714  -61.182  15.991 0.2000000030
16444  4.669  -62.348  16.075 0.8000000119
16445  4.607  -62.552  15.950 0.6999999881
16458  10.841  -61.360  15.622 0.3000000119
16459  5.322  -62.176  15.809 0.8999999762
16460  4.832  -61.943  15.666 0.8000000119
16461  4.573  -62.315  15.536 0.6999999881
16467  14.332  -62.340  14.362 0.4000000060
16469  13.042  -62.000  14.684 0.4000000060
16473  10.142  -61.435  14.579 0.4000000060
16474  6.354  -61.955  14.749 0.8000000119
16476  5.219  -61.767  15.325 0.8000000119
16477  4.569  -62.292  14.933 0.8000000119
16484  13.828  -62.414  14.025 0.5000000000
16485  13.199  -62.219  14.054 0.4000000060
16499  10.701  -62.372  13.486 0.5000000000
16502  5.053  -62.085  13.062 0.6000000238
16503  4.707  -61.773  13.501 0.6000000238
16509  5.590  -62.136  12.320 0.5000000000
16518  5.409  -61.803  11.943 0.5000000000
16519  4.975  -61.481  12.098 0.6000000238
16520  4.698  -61.162  12.231 0.6000000238
16528  5.671  -61.617  11.381 0.5000000000
16564  8.835  -61.675  9.264 0.1000000015
16566  5.971  -61.426  10.226 0.3000000119
16567  6.148  -61.826  9.697 0.2000000030
16568  6.078  -62.228  9.529 0.2000000030
16581  8.324  -61.233  8.541 0.1000000015
16582  7.900  -61.278  8.481 0.1000000015
16583  6.166  -61.226  9.415 0.4000000060
16585  5.994  -62.356  9.264 0.2000000030
16595  7.599  -61.176  8.256 0.1000000015
16596  6.350  -61.262  8.798 0.2000000030
16609  6.880  -61.136  8.205 0.1000000015
16611  6.159  -61.975  8.961 0.1000000015
16680  23.114  -62.224  0.976 0.1000000015
16681  22.926  -62.064  1.581 0.1000000015
16712  23.589  -62.026  0.033 0.1000000015
16725  24.077  -61.872  -0.864 0.1000000015
16743  24.612  -61.775  -1.790 0.1000000015
16744  24.330  -62.066  -1.319 0.1000000015
16754  24.906  -62.060  -2.192 0.1000000015
16882  24.348  -61.534  -13.609 0.1000000015
16884  23.106  -61.707  -13.311 0.1000000015
16885  22.424  -61.702  -13.407 0.1000000015
16886  12.549  -61.928  -13.891 0.8000000119
16887  12.097  -62.013  -13.762 0.8000000119
16888  11.477  -61.857  -13.678 0.8000000119
16889  11.112  -61.662  -13.704 0.8999999762
16901  24.388  -61.872  -14.046 0.1000000015
16902  23.522  -62.188  -13.791 0.1000000015
16903  22.689  -62.172  -13.768 0.1000000015
16908  11.939  -62.493  -14.016 0.8000000119
16909  11.100  -61.978  -13.799 0.8000000119
16910  10.723  -61.773  -13.925 0.8999999762
16922  21.656  -62.223  -14.417 0.1000000015
16923  21.309  -61.950  -14.546 0.2000000030
16924  13.010  -62.084  -15.350 0.8000000119
16925  12.715  -62.556  -14.983 0.8000000119
16926  10.216  -61.831  -14.257 0.8999999762
16937  20.612  -61.946  -15.844 0.1000000015
16938  12.831  -62.090  -15.910 0.8000000119
16940  9.241  -61.851  -15.119 0.8999999762
16949  12.787  -61.862  -16.358 0.6000000238
16950  12.498  -62.300  -16.288 0.6000000238
16951  8.419  -62.197  -16.411 1.0000000000
16958  20.180  -62.284  -17.512 0.2000000030
16960  12.451  -61.911  -16.939 0.6000000238
16961  8.052  -62.319  -17.058 1.0000000000
16971  19.595  -62.554  -18.770 0.2000000030
16973  11.968  -62.102  -18.172 0.5000000000
16974  7.361  -62.222  -18.730 0.8999999762
16986  19.676  -61.952  -18.912 0.2000000030
16988  12.405  -61.597  -18.138 0.5000000000
16989  12.112  -61.798  -18.512 0.6000000238
17003  19.310  -62.140  -19.704 0.2000000030
17004  19.084  -62.191  -20.103 0.2000000030
17005  11.783  -61.863  -19.470 0.6000000238
17007  7.028  -61.980  -19.762 0.8000000119
17008  6.916  -61.753  -20.175 0.8000000119
17018  19.255  -61.825  -20.101 0.2000000030
17021  11.145  -62.367  -20.826 0.4000000060
17022  6.870  -61.473  -20.664 0.6999999881
17032  18.743  -61.828  -21.044 0.2000000030
17033  18.530  -61.882  -21.370 0.2000000030
17035  10.877  -62.492  -21.739 0.4000000060
17044  18.657  -61.566  -21.425 0.2000000030
17046  14.369  -62.276  -22.333 0.3000000119
17047  14.094  -62.246  -22.362 0.3000000119
17049  11.060  -61.876  -22.521 0.4000000060
17062  18.022  -61.738  -22.509 0.2000000030
17065  13.828  -62.032  -22.874 0.3000000119
17066  13.113  -62.282  -22.956 0.4000000060
17067  12.640  -62.568  -23.199 0.3000000119
17069  10.596  -62.933  -23.624 0.4000000060
17083  13.424  -61.873  -23.559 0.3000000119
17086  10.951  -62.142  -24.336 0.5000000000
17087  10.736  -62.638  -24.245 0.5000000000
17092  16.795  -62.043  -24.508 0.2000000030
17094  15.216  -62.040  -24.563 0.2000000030
17098  12.306  -62.580  -24.247 0.5000000000
17099  11.013  -61.897  -24.644 0.5000000000
17106  15.521  -61.449  -25.098 0.2000000030
17108  14.640  -61.593  -24.703 0.2000000030
17109  14.153  -61.566  -24.510 0.2000000030
17110  12.656  -61.834  -24.784 0.4000000060
17111  12.150  -62.311  -24.839 0.4000000060
17113  10.930  -62.199  -24.833 0.5000000000
17299  11.754  -61.219  20.259 0.1000000015
17300  11.164  -61.156  19.770 0.1000000015
17317  11.630  -60.787  19.459 0.1000000015
17331  11.353  -60.519  18.916 0.1000000015
17382  4.567  -61.861  15.266 0.8000000119
17383  4.528  -62.048  15.153 0.8000000119
17400  4.828  -61.480  14.959 0.8000000119
17415  5.668  -61.043  14.241 0.8999999762
17416  5.070  -61.064  14.289 0.8000000119
17417  4.610  -61.337  14.083 0.6999999881
17422  7.838  -61.061  13.439 0.6000000238
17425  4.555  -61.156  13.274 0.6999999881
17438  4.514  -60.950  11.805 0.6000000238
17444  5.293  -61.057  10.958 0.6000000238
17445  4.808  -60.772  11.155 0.6999999881
17446  4.545  -60.624  11.514 0.6000000238
17453  5.331  -60.670  10.413 0.6000000238
17454  5.217  -60.737  10.628 0.6000000238
17485  9.565  -61.036  8.327 0.1000000015
17486  8.996  -60.960  8.243 0.1000000015
17489  6.255  -60.847  8.988 0.2000000030
17508  8.977  -60.643  7.837 0.1000000015
17509  8.433  -60.724  7.928 0.1000000015
17510  7.936  -60.693  7.857 0.1000000015
17511  6.190  -60.327  8.712 0.5000000000
17512  6.319  -60.556  8.486 0.2000000030
17522  7.483  -60.631  7.805 0.1000000015
17523  7.057  -60.466  7.762 0.2000000030
17524  6.603  -60.520  7.996 0.2000000030
17525  6.437  -59.832  7.440 0.2000000030
17538  6.700  -59.814  7.020 0.2000000030
17539  6.511  -59.709  6.864 0.2000000030
17596  22.936  -61.552  2.175 0.1000000015
17620  23.494  -61.574  0.376 0.1000000015
17636  24.001  -61.462  -0.604 0.1000000015
17645  24.502  -60.870  -1.217 0.1000000015
17658  24.636  -61.109  -1.567 0.1000000015
17792  22.962  -60.626  -12.621 0.1000000015
17793  22.749  -60.839  -12.750 0.1000000015
17794  22.283  -60.857  -12.879 0.1000000015
17811  21.941  -61.212  -13.299 0.1000000015
17812  21.560  -61.041  -13.482 0.1000000015
17813  13.238  -61.214  -13.631 0.6999999881
17814  12.770  -61.488  -13.580 0.6999999881
17816  11.377  -61.365  -13.563 0.8999999762
17817  10.985  -61.307  -13.730 0.8999999762
17830  25.074  -61.113  -13.979 0.1000000015
17832  21.588  -61.372  -13.677 0.1000000015
17833  21.345  -61.058  -13.811 0.1000000015
17834  14.094  -60.889  -14.245 0.8000000119
17836  12.891  -61.832  -14.043 0.8000000119
17837  10.646  -61.163  -13.888 0.8999999762
17838  10.349  -61.008  -14.045 0.8999999762
17849  21.064  -61.172  -14.346 0.1000000015
17850  20.824  -61.027  -14.846 0.1000000015
17851  14.777  -60.870  -14.976 0.5000000000
17855  10.000  -61.195  -14.321 0.8999999762
17861  20.928  -61.492  -14.843 0.1000000015
17862  20.658  -61.262  -15.377 0.2000000030
17863  17.011  -60.973  -16.444 0.4000000060
17864  16.549  -61.089  -16.172 0.4000000060
17866  14.833  -61.098  -15.537 0.5000000000
17867  13.952  -61.360  -15.677 0.6000000238
17868  13.262  -61.744  -15.901 0.6000000238
17879  15.912  -61.301  -16.683 0.4000000060
17880  15.091  -61.280  -16.465 0.5000000000
17883  13.062  -61.620  -16.489 0.6000000238
17884  8.301  -61.188  -16.331 1.0000000000
17893  16.601  -61.105  -17.722 0.4000000060
17894  16.046  -61.271  -17.459 0.5000000000
17897  13.711  -61.100  -17.059 0.5000000000
17898  12.947  -61.422  -17.040 0.5000000000
17899  12.548  -61.629  -17.363 0.5000000000
17914  16.593  -61.035  -18.033 0.4000000060
17915  16.237  -61.118  -18.144 0.5000000000
17918  13.980  -61.017  -17.795 0.5000000000
17920  12.625  -61.440  -17.753 0.5000000000
17935  19.532  -61.836  -19.441 0.2000000030
17936  16.123  -61.076  -18.690 0.5000000000
17937  15.646  -61.148  -18.591 0.5000000000
17938  14.993  -61.135  -18.525 0.5000000000
17939  14.270  -61.050  -18.505 0.5000000000
17942  12.197  -61.544  -18.979 0.6000000238
17943  7.060  -61.429  -19.262 0.8000000119
17944  6.816  -60.882  -19.636 0.6999999881
17954  19.716  -61.135  -19.720 0.2000000030
17955  19.515  -61.534  -19.800 0.2000000030
17956  16.158  -61.021  -19.020 0.5000000000
17957  15.814  -61.099  -19.140 0.5000000000
17959  14.590  -61.158  -19.158 0.5000000000
17963  6.955  -61.597  -19.800 0.8000000119
17973  19.053  -61.454  -20.805 0.2000000030
17974  15.481  -61.103  -19.543 0.5000000000
17976  14.257  -61.166  -19.846 0.5000000000
17979  12.111  -61.343  -20.308 0.5000000000
17980  6.833  -60.924  -20.735 0.6999999881
17990  19.255  -61.011  -20.873 0.2000000030
17991  18.930  -61.182  -21.237 0.2000000030
17992  14.629  -61.108  -20.306 0.5000000000
17993  14.034  -61.049  -20.627 0.5000000000
17994  13.267  -60.991  -20.734 0.5000000000
17995  12.562  -60.965  -21.078 0.5000000000
17997  6.930  -60.808  -21.328 0.6999999881
18007  18.676  -61.134  -21.715 0.2000000030
18009  12.169  -60.897  -21.796 0.4000000060
18011  7.002  -60.728  -21.793 0.6999999881
18022  18.557  -60.837  -22.120 0.2000000030
18023  18.270  -60.927  -22.510 0.2000000030
18024  11.353  -61.311  -23.314 0.4000000060
18034  17.957  -60.951  -23.043 0.2000000030
18036  11.285  -61.558  -24.259 0.4000000060
18042  17.070  -61.081  -24.317 0.2000000030
18044  13.683  -61.460  -24.565 0.2000000030
18045  13.384  -61.593  -24.493 0.4000000060
18046  11.962  -61.244  -25.082 0.5000000000
18047  11.559  -61.648  -24.867 0.5000000000
18053  15.770  -61.136  -25.085 0.2000000030
18054  15.239  -61.067  -25.046 0.2000000030
18055  14.651  -61.131  -25.025 0.2000000030
18057  13.124  -61.468  -24.788 0.4000000060
18059  11.931  -61.837  -25.023 0.5000000000
18265  12.983  -60.695  19.103 0.1000000015
18267  11.750  -60.541  19.011 0.1000000015
18281  13.541  -60.501  18.487 0.1000000015
18300  13.282  -60.347  17.792 0.1000000015
18303  11.098  -60.285  17.793 0.1000000015
18315  13.840  -60.294  17.093 0.1000000015
18317  12.263  -59.944  17.012 0.1000000015
18319  10.930  -60.228  16.948 0.1000000015
18329  14.373  -60.260  16.389 0.1000000015
18332  12.419  -59.881  16.529 0.1000000015
18334  10.356  -60.434  15.671 0.2000000030
18348  13.014  -59.926  15.867 0.1000000015
18349  10.145  -60.516  15.096 0.3000000119
18361  14.483  -60.162  15.150 0.1000000015
18363  13.577  -59.963  15.231 0.1000000015
18375  9.226  -60.749  13.825 0.6000000238
18376  8.417  -61.011  13.494 0.6000000238
18395  6.386  -60.665  13.170 0.8999999762
18396  5.556  -60.265  13.100 0.8999999762
18397  4.930  -60.227  13.285 0.8000000119
18398  4.521  -60.527  13.063 0.8000000119
18405  9.500  -60.249  12.562 0.5000000000
18406  8.872  -60.430  12.479 0.6000000238
18407  8.207  -60.565  12.440 0.6000000238
18411  4.468  -60.412  12.367 0.6000000238
18420  8.519  -60.478  11.792 0.6999999881
18423  6.347  -60.099  11.883 0.8000000119
18424  4.319  -60.210  11.688 0.6999999881
18425  4.039  -60.148  11.375 0.6999999881
18431  10.152  -60.135  11.353 0.5000000000
18432  9.575  -60.327  11.265 0.5000000000
18435  7.518  -60.305  11.144 0.6999999881
18437  4.357  -60.275  11.070 0.6999999881
18445  9.960  -60.190  10.768 0.5000000000
18446  9.334  -60.301  10.638 0.5000000000
18447  5.320  -60.252  9.985 0.5000000000
18449  4.315  -59.948  10.573 0.6999999881
18450  4.165  -59.834  10.878 0.6999999881
18456  5.548  -59.999  9.579 0.5000000000
18457  5.101  -59.811  9.802 0.6000000238
18464  5.779  -59.821  9.145 0.5000000000
18480  9.434  -60.345  7.377 0.1000000015
18481  8.817  -60.303  7.444 0.1000000015
18482  8.261  -60.287  7.481 0.1000000015
18483  7.818  -60.282  7.525 0.1000000015
18484  6.010  -59.847  8.747 0.5000000000
18486  6.187  -59.945  8.251 0.2000000030
18504  9.227  -59.913  6.996 0.1000000015
18508  7.117  -59.848  7.357 0.1000000015
18509  6.087  -59.223  7.922 0.5000000000
18510  5.983  -59.520  7.730 0.2000000030
18521  7.311  -59.424  7.057 0.1000000015
18522  7.050  -59.462  6.955 0.1000000015
18523  6.618  -59.340  6.888 0.2000000030
18524  6.362  -59.372  7.245 0.2000000030
18618  23.825  -60.876  -0.029 0.1000000015
18628  24.415  -60.591  -0.913 0.1000000015
18762  24.470  -60.081  -12.587 0.1000000015
18763  23.870  -60.102  -12.427 0.1000000015
18764  23.207  -60.262  -12.438 0.1000000015
18766  21.761  -60.489  -13.004 0.1000000015
18781  24.178  -60.585  -12.764 0.1000000015
18784  21.408  -60.638  -13.455 0.1000000015
18785  13.647  -60.305  -13.452 0.6000000238
18787  12.344  -60.888  -13.288 0.6999999881
18788  11.660  -60.937  -13.413 0.8000000119
18790  10.881  -60.924  -13.726 0.8999999762
18804  21.132  -60.563  -13.967 0.1000000015
18805  14.630  -60.034  -14.139 0.6999999881
18806  14.073  -60.429  -13.889 0.6000000238
18807  13.682  -60.868  -13.731 0.8000000119
18808  11.041  -60.609  -13.650 0.8999999762
18809  10.614  -60.577  -13.880 0.8999999762
18810  10.170  -60.711  -14.136 0.8999999762
18822  20.859  -60.470  -14.603 0.1000000015
18823  20.698  -60.699  -15.125 0.2000000030
18824  17.320  -60.156  -15.343 0.5000000000
18827  14.921  -60.394  -14.630 0.5000000000
18830  9.768  -60.473  -14.414 0.8999999762
18841  17.352  -60.528  -15.885 0.4000000060
18842  16.382  -60.797  -15.433 0.4000000060
18843  15.500  -60.808  -15.191 0.5000000000
18845  9.204  -60.385  -14.895 0.8999999762
18853  20.763  -59.973  -15.754 0.1000000015
18854  20.663  -60.157  -16.298 0.2000000030
18855  17.821  -60.319  -16.773 0.3000000119
18856  17.288  -60.819  -16.855 0.4000000060
18858  7.995  -60.267  -16.393 1.0000000000
18869  17.451  -60.522  -17.629 0.4000000060
18884  17.296  -60.500  -18.088 0.4000000060
18885  16.904  -60.817  -18.231 0.5000000000
18886  16.432  -60.997  -18.461 0.5000000000
18888  6.897  -59.866  -18.525 0.8999999762
18897  20.302  -60.522  -18.911 0.2000000030
18898  16.772  -60.633  -18.964 0.4000000060
18900  7.087  -60.920  -18.668 0.8999999762
18911  19.946  -60.545  -19.854 0.2000000030
18913  16.760  -60.451  -19.603 0.5000000000
18915  15.781  -61.026  -19.560 0.5000000000
18916  6.746  -60.460  -20.179 0.6999999881
18926  19.620  -60.565  -20.573 0.2000000030
18928  16.292  -60.575  -20.207 0.5000000000
18930  15.020  -61.064  -20.289 0.5000000000
18931  6.830  -60.397  -21.052 0.6999999881
18942  19.223  -60.484  -21.312 0.2000000030
18944  17.090  -60.024  -20.896 0.3000000119
18946  15.794  -60.589  -20.927 0.5000000000
18947  14.883  -60.875  -20.913 0.5000000000
18949  13.634  -60.896  -21.196 0.5000000000
18960  19.102  -60.234  -21.615 0.2000000030
18961  18.878  -60.425  -21.835 0.2000000030
18963  16.886  -59.946  -21.583 0.3000000119
18966  14.513  -60.564  -21.842 0.5000000000
18969  12.202  -60.707  -22.429 0.4000000060
18970  7.000  -60.421  -21.949 0.6999999881
18982  18.543  -60.360  -22.418 0.2000000030
18984  16.467  -59.851  -22.276 0.3000000119
18985  15.776  -60.104  -22.395 0.4000000060
18987  14.138  -60.336  -22.580 0.4000000060
18989  12.673  -60.463  -22.965 0.4000000060
19004  17.940  -60.238  -23.456 0.2000000030
19005  17.676  -60.284  -23.818 0.2000000030
19007  13.892  -60.164  -23.273 0.4000000060
19008  13.295  -60.163  -23.594 0.4000000060
19020  17.372  -60.172  -24.161 0.2000000030
19022  15.788  -60.042  -24.732 0.2000000030
19024  14.323  -60.062  -24.710 0.3000000119
19025  13.390  -60.231  -24.470 0.3000000119
19027  11.775  -61.163  -24.649 0.4000000060
19031  16.024  -60.607  -24.963 0.2000000030
19032  15.451  -60.563  -24.961 0.2000000030
19035  13.260  -60.874  -25.001 0.3000000119
19036  12.670  -61.207  -24.934 0.4000000060
19317  12.192  -59.803  16.606 0.1000000015
19318  11.889  -59.754  16.629 0.1000000015
19319  11.362  -59.810  16.613 0.1000000015
19329  12.796  -59.880  15.961 0.1000000015
19331  11.697  -59.698  16.069 0.1000000015
19332  11.023  -59.882  16.080 0.2000000030
19344  13.371  -59.903  15.299 0.1000000015
19346  12.174  -59.642  15.436 0.1000000015
19349  10.382  -60.099  15.219 0.3000000119
19362  12.673  -59.645  14.721 0.1000000015
19366  10.146  -60.206  14.619 0.4000000060
19380  12.324  -59.595  13.953 0.1000000015
19383  10.220  -59.915  14.030 0.4000000060
19401  12.713  -59.630  13.156 0.1000000015
19408  4.506  -60.203  12.600 0.8000000119
19423  12.267  -59.643  12.440 0.2000000030
19425  10.780  -59.719  12.581 0.5000000000
19426  10.108  -59.938  12.615 0.5000000000
19427  5.373  -59.770  12.402 0.8000000119
19428  4.801  -59.577  12.302 0.6999999881
19429  4.418  -59.877  12.186 0.6999999881
19442  12.574  -59.660  11.643 0.2000000030
19445  10.420  -59.894  11.926 0.5000000000
19449  4.226  -59.757  11.698 0.6999999881
19450  4.125  -59.650  11.363 0.6999999881
19455  13.581  -59.258  10.686 0.1000000015
19456  12.847  -59.555  10.845 0.1000000015
19458  11.300  -59.842  11.088 0.5000000000
19460  8.348  -60.315  10.724 0.6999999881
19462  6.920  -59.723  10.765 0.8000000119
19464  4.118  -59.540  11.009 0.6999999881
19470  13.419  -59.047  10.214 0.1000000015
19471  13.044  -59.232  10.184 0.1000000015
19472  12.312  -59.480  10.161 0.3000000119
19474  10.610  -59.976  10.391 0.4000000060
19478  6.835  -59.125  10.135 0.8000000119
19479  4.786  -59.654  9.938 0.6000000238
19481  4.184  -59.389  10.667 0.8000000119
19487  11.794  -59.417  9.717 0.4000000060
19490  9.120  -59.612  9.362 0.8000000119
19491  8.208  -59.437  9.374 0.6999999881
19492  7.583  -59.056  9.400 0.8000000119
19493  5.207  -59.624  9.531 0.6000000238
19495  4.423  -58.918  9.751 0.6000000238
19504  5.327  -59.366  9.198 0.5000000000
19505  4.988  -58.908  9.172 0.6000000238
19512  5.575  -59.362  9.061 0.5000000000
19513  5.870  -59.225  8.375 0.5000000000
19529  9.638  -59.371  6.746 0.1000000015
19530  8.986  -59.367  6.806 0.1000000015
19531  8.429  -59.327  6.824 0.1000000015
19532  8.077  -59.252  6.798 0.1000000015
19533  5.957  -59.025  7.994 0.5000000000
19548  9.887  -58.814  6.723 0.1000000015
19549  9.319  -58.820  6.699 0.1000000015
19550  8.723  -58.814  6.646 0.1000000015
19553  7.097  -58.850  6.841 0.1000000015
19556  6.003  -59.059  7.200 0.2000000030
19637  24.136  -59.906  0.408 0.1000000015
19651  24.694  -59.621  -0.746 0.1000000015
19660  24.560  -60.192  -0.964 0.1000000015
19777  23.665  -59.088  -11.918 0.1000000015
19778  23.045  -59.063  -11.937 0.1000000015
19779  22.654  -59.031  -11.996 0.1000000015
19791  22.612  -59.503  -12.187 0.1000000015
19793  21.385  -59.835  -13.080 0.1000000015
19808  21.196  -60.091  -13.553 0.1000000015
19810  13.286  -60.009  -13.331 0.6000000238
19811  12.595  -60.188  -13.268 0.6999999881
19813  11.375  -60.576  -13.505 0.8999999762
19828  21.018  -59.900  -14.128 0.1000000015
19829  14.460  -59.766  -13.943 0.5000000000
19830  14.061  -59.602  -13.727 0.6000000238
19831  13.502  -59.429  -13.547 0.6000000238
19833  12.040  -59.679  -13.510 0.8000000119
19834  11.228  -60.020  -13.682 0.8999999762
19835  10.591  -59.915  -14.060 0.8999999762
19847  20.879  -59.725  -14.765 0.1000000015
19849  17.396  -59.666  -15.070 0.5000000000
19850  16.553  -59.626  -14.772 0.4000000060
19851  15.694  -59.591  -14.596 0.6000000238
19853  10.092  -59.828  -14.339 0.8999999762
19864  20.918  -59.544  -15.426 0.1000000015
19865  17.940  -59.691  -15.678 0.5000000000
19866  17.550  -60.050  -15.446 0.5000000000
19867  9.069  -59.695  -15.034 0.8999999762
19868  8.616  -59.619  -15.454 0.8999999762
19881  18.593  -59.146  -16.936 0.3000000119
19882  18.306  -59.599  -16.584 0.3000000119
19883  8.187  -59.598  -15.965 1.0000000000
19896  21.081  -59.085  -17.020 0.1000000015
19897  20.797  -59.575  -17.327 0.2000000030
19898  18.430  -59.363  -17.266 0.3000000119
19900  7.405  -59.195  -17.185 1.0000000000
19914  20.684  -59.778  -17.789 0.2000000030
19916  17.103  -60.478  -18.669 0.4000000060
19917  7.305  -59.757  -17.595 1.0000000000
19926  21.036  -59.075  -18.443 0.2000000030
19928  17.529  -59.969  -19.203 0.4000000060
19942  17.246  -60.121  -19.704 0.5000000000
19943  6.590  -59.647  -19.865 0.8000000119
19952  20.077  -59.726  -20.416 0.2000000030
19953  19.834  -60.078  -20.607 0.2000000030
19954  17.799  -59.487  -20.444 0.3000000119
19967  19.724  -59.800  -21.049 0.2000000030
19968  17.893  -59.273  -21.099 0.3000000119
19969  17.501  -59.670  -20.965 0.3000000119
19970  6.892  -59.931  -21.643 0.6999999881
19979  18.799  -59.762  -22.284 0.2000000030
19980  17.961  -59.088  -21.539 0.3000000119
19981  17.565  -59.438  -21.745 0.3000000119
19983  7.023  -60.140  -22.240 0.4000000060
19995  18.213  -59.862  -23.178 0.2000000030
19996  17.407  -59.270  -22.559 0.3000000119
19997  16.836  -59.473  -22.837 0.3000000119
19998  16.152  -59.709  -22.954 0.4000000060
20000  7.160  -60.634  -22.894 0.3000000119
20001  7.080  -60.193  -22.696 0.4000000060
20012  18.368  -59.503  -23.124 0.2000000030
20013  17.989  -59.493  -23.476 0.2000000030
20014  17.427  -59.140  -23.371 0.2000000030
20017  15.013  -59.880  -23.492 0.4000000060
20018  14.295  -59.907  -23.679 0.4000000060
20019  13.793  -59.948  -23.766 0.4000000060
20033  17.616  -59.490  -24.009 0.2000000030
20034  16.977  -59.448  -24.232 0.2000000030
20036  15.406  -59.746  -24.183 0.2000000030
20037  14.678  -59.805  -24.187 0.3000000119
20039  13.559  -59.923  -24.046 0.3000000119
20425  4.336  -59.467  12.060 0.6999999881
20442  5.139  -58.966  11.550 0.6999999881
20443  4.792  -58.874  11.769 0.6999999881
20444  4.210  -59.281  11.525 0.6999999881
20445  4.089  -59.368  11.223 0.6999999881
20453  14.030  -58.880  10.439 0.1000000015
20455  6.265  -58.927  10.494 0.8000000119
20459  4.133  -59.150  11.017 0.6999999881
20468  14.093  -58.304  10.002 0.2000000030
20471  12.142  -59.233  9.629 0.3000000119
20474  5.925  -58.307  10.311 0.6999999881
20476  4.205  -59.012  10.774 0.8000000119
20481  12.884  -58.127  9.425 0.2000000030
20483  11.743  -58.769  9.246 0.4000000060
20487  7.888  -58.846  8.940 0.8000000119
20488  7.249  -58.500  9.171 0.8000000119
20489  6.783  -58.343  9.499 0.8000000119
20490  4.659  -58.582  9.285 0.6000000238
20498  10.138  -58.101  8.509 0.6999999881
20500  8.964  -58.399  8.455 0.6999999881
20502  7.601  -58.334  8.729 0.8000000119
20503  5.209  -58.850  8.919 0.5000000000
20504  5.008  -58.475  8.877 0.6000000238
20512  5.475  -58.581  8.400 0.5000000000
20514  5.200  -57.709  7.629 0.5000000000
20529  5.791  -58.804  8.165 0.5000000000
20530  5.745  -58.414  7.707 0.5000000000
20531  5.268  -57.869  7.244 0.6000000238
20546  8.432  -58.260  6.432 0.1000000015
20547  7.843  -58.294  6.428 0.1000000015
20550  6.238  -58.209  6.684 0.3000000119
20551  5.929  -58.173  6.800 0.2000000030
20552  5.710  -58.212  6.935 0.5000000000
20553  4.857  -57.994  6.432 0.6000000238
20565  5.891  -58.153  6.558 0.3000000119
20566  5.550  -58.109  6.455 0.6000000238
20568  4.785  -58.028  6.066 0.6000000238
20580  4.934  -57.971  5.885 0.6000000238
20581  4.687  -57.918  5.884 0.6000000238
20628  25.932  -58.213  1.206 0.1000000015
20633  6.196  -58.373  0.998 0.1000000015
20635  4.977  -58.093  0.646 0.4000000060
20636  4.948  -57.948  0.498 0.4000000060
20657  5.205  -58.358  0.287 0.1000000015
20658  4.824  -58.061  0.185 0.2000000030
20668  24.879  -59.181  -0.622 0.1000000015
20669  24.624  -59.230  -0.119 0.1000000015
20682  31.104  -58.657  -1.094 0.1000000015
20691  5.730  -58.743  -0.976 0.1000000015
20692  5.308  -58.463  -0.801 0.1000000015
20707  6.025  -58.915  -1.767 0.1000000015
20723  5.229  -58.626  -2.720 0.1000000015
20732  5.590  -58.824  -3.367 0.1000000015
20745  5.297  -58.248  -4.410 0.1000000015
20756  5.392  -58.160  -4.838 0.1000000015
20826  25.007  -58.554  -11.914 0.1000000015
20829  22.570  -58.545  -11.880 0.1000000015
20830  22.097  -58.258  -12.130 0.1000000015
20836  26.073  -58.694  -12.767 0.1000000015
20837  25.548  -58.905  -12.455 0.1000000015
20838  24.829  -59.094  -12.115 0.1000000015
20839  22.418  -58.991  -12.041 0.1000000015
20841  21.411  -59.073  -12.825 0.1000000015
20872  13.888  -58.876  -13.950 0.5000000000
20873  13.080  -58.886  -13.828 0.6000000238
20874  12.318  -59.010  -13.889 0.6999999881
20875  11.640  -59.279  -13.955 0.6999999881
20877  10.476  -59.422  -14.298 0.8999999762
20891  21.063  -59.029  -14.966 0.1000000015
20892  17.674  -58.995  -14.930 0.5000000000
20895  15.421  -58.809  -14.624 0.5000000000
20896  14.640  -58.637  -14.357 0.5000000000
20897  14.004  -58.273  -14.389 0.5000000000
20899  11.419  -58.876  -14.414 0.8999999762
20901  10.049  -59.153  -14.628 0.8999999762
20902  9.425  -59.149  -14.887 0.8999999762
20916  18.269  -58.744  -15.385 0.3000000119
20917  8.947  -59.017  -15.155 0.8999999762
20931  21.200  -58.742  -16.381 0.1000000015
20934  8.038  -59.002  -16.131 1.0000000000
20945  21.243  -58.470  -16.910 0.1000000015
20946  18.670  -58.789  -17.482 0.3000000119
20948  7.330  -58.398  -17.044 1.0000000000
20949  7.095  -58.186  -17.348 1.0000000000
20962  18.480  -58.879  -18.485 0.3000000119
20963  18.079  -59.541  -18.256 0.3000000119
20964  6.855  -58.246  -17.813 1.0000000000
20975  21.120  -58.538  -18.488 0.2000000030
20976  20.982  -58.979  -18.723 0.2000000030
20977  18.470  -58.797  -19.473 0.3000000119
20980  6.191  -57.827  -18.921 0.8999999762
20992  20.971  -58.202  -18.944 0.2000000030
20993  20.810  -58.710  -19.280 0.2000000030
20995  18.096  -59.218  -19.917 0.4000000060
20996  6.325  -58.823  -19.611 0.6999999881
21007  20.405  -58.972  -20.160 0.2000000030
21008  18.595  -58.551  -20.761 0.3000000119
21009  18.161  -59.004  -20.609 0.3000000119
21010  6.406  -58.994  -20.536 0.6000000238
21011  6.104  -58.251  -20.294 0.6999999881
21022  20.162  -59.051  -20.739 0.2000000030
21023  19.932  -59.118  -21.151 0.2000000030
21024  18.729  -58.473  -21.479 0.2000000030
21035  19.632  -59.185  -21.573 0.2000000030
21036  19.041  -58.929  -22.105 0.2000000030
21038  17.743  -59.124  -22.303 0.2000000030
21052  18.361  -58.961  -22.716 0.2000000030
21054  7.135  -60.429  -23.094 0.3000000119
21055  6.753  -59.822  -22.851 0.2000000030
21066  18.338  -59.168  -23.149 0.2000000030
21068  17.715  -58.863  -22.967 0.2000000030
21069  6.867  -60.497  -23.248 0.2000000030
21071  6.120  -60.069  -23.038 0.1000000015
21494  4.689  -58.143  10.770 0.6999999881
21495  4.411  -58.367  10.569 0.8000000119
21506  13.083  -57.787  9.378 0.2000000030
21508  5.488  -57.678  10.197 0.8999999762
21509  4.845  -57.573  10.333 0.8000000119
21516  12.560  -57.753  9.216 0.3000000119
21518  11.160  -57.890  8.760 0.6000000238
21519  10.442  -57.764  8.479 0.6000000238
21520  6.791  -58.090  9.214 0.8000000119
21521  6.288  -57.833  9.486 0.8000000119
21522  5.894  -57.666  9.825 0.6999999881
21523  4.787  -58.116  8.887 0.6000000238
21531  9.847  -57.671  8.342 0.6999999881
21532  9.197  -57.723  8.271 0.6000000238
21533  8.460  -57.793  8.261 0.6999999881
21535  7.022  -57.925  8.798 0.6999999881
21536  6.599  -57.807  9.111 0.8000000119
21538  4.799  -57.654  8.596 0.6000000238
21548  5.243  -57.956  8.207 0.5000000000
21549  5.131  -57.626  8.060 0.6999999881
21550  5.125  -57.488  7.655 0.6999999881
21563  10.029  -57.625  6.649 0.1000000015
21565  4.308  -57.475  7.136 0.6000000238
21575  9.346  -57.620  6.476 0.1000000015
21576  8.734  -57.665  6.235 0.1000000015
21582  4.416  -57.892  6.529 0.6000000238
21583  4.166  -57.574  6.758 0.6000000238
21593  5.703  -57.944  6.179 0.3000000119
21594  5.402  -57.834  5.937 0.6000000238
21595  4.885  -57.856  5.784 0.6000000238
21596  4.486  -58.007  6.144 0.6000000238
21597  4.055  -57.595  6.247 0.6000000238
21605  4.628  -57.721  5.736 0.6000000238
21606  4.321  -57.714  5.891 0.6000000238
21607  3.862  -57.342  5.930 0.6000000238
21639  6.047  -57.389  1.804 0.1000000015
21640  5.603  -57.501  1.747 0.1000000015
21642  4.697  -57.391  1.254 0.4000000060
21654  28.360  -58.381  1.111 0.1000000015
21662  6.406  -57.834  1.380 0.1000000015
21664  4.982  -57.859  1.071 0.4000000060
21674  29.945  -58.251  0.034 0.1000000015
21680  25.453  -58.257  0.248 0.1000000015
21686  5.027  -57.862  0.200 0.5000000000
21691  30.193  -58.041  -0.337 0.1000000015
21692  29.834  -57.899  -0.048 0.1000000015
21695  25.218  -58.567  -0.310 0.1000000015
21700  6.440  -57.647  -1.159 0.6999999881
21702  5.424  -57.977  -0.748 0.6000000238
21703  5.217  -58.113  -0.466 0.2000000030
21720  5.963  -57.805  -1.682 0.6000000238
21722  5.279  -58.261  -1.244 0.2000000030
21736  6.365  -57.665  -2.157 0.6999999881
21752  5.490  -57.850  -3.056 0.4000000060
21764  5.462  -57.688  -3.406 0.3000000119
21765  5.312  -57.854  -3.528 0.2000000030
21815  5.241  -57.365  -5.571 0.1000000015
21885  23.004  -57.789  -11.644 0.1000000015
21896  21.732  -57.906  -12.554 0.1000000015
21897  21.527  -58.506  -12.666 0.1000000015
21921  21.191  -58.422  -14.313 0.1000000015
21923  12.626  -58.478  -14.224 0.6000000238
21924  12.214  -58.650  -14.242 0.6999999881
21939  18.067  -57.706  -14.926 0.3000000119
21942  15.828  -58.199  -14.995 0.5000000000
21945  13.646  -57.794  -14.783 0.5000000000
21947  12.033  -58.377  -14.682 0.6999999881
21949  10.431  -58.524  -14.974 0.8999999762
21950  9.722  -58.594  -14.999 0.8999999762
21965  21.293  -58.344  -15.966 0.1000000015
21966  18.551  -57.820  -15.368 0.3000000119
21968  15.204  -57.678  -15.372 0.5000000000
21969  14.803  -57.594  -15.325 0.5000000000
21970  14.138  -57.472  -15.248 0.5000000000
21971  12.845  -57.630  -15.152 0.6000000238
21972  12.419  -57.806  -15.254 0.6000000238
21973  11.657  -58.030  -15.416 0.8999999762
21977  8.313  -57.874  -15.698 1.0000000000
21978  7.858  -57.864  -16.176 1.0000000000
21995  19.009  -57.671  -16.264 0.3000000119
21996  7.492  -57.894  -16.681 1.0000000000
22007  21.176  -57.961  -17.052 0.1000000015
22009  7.220  -57.845  -17.071 1.0000000000
22010  7.079  -57.901  -17.268 1.0000000000
22021  21.104  -57.768  -17.529 0.1000000015
22024  6.444  -57.466  -17.964 1.0000000000
22034  21.065  -57.805  -18.122 0.3000000119
22037  6.563  -57.854  -18.117 1.0000000000
22038  6.249  -57.539  -18.460 0.8999999762
22048  20.996  -57.932  -18.685 0.2000000030
22050  18.833  -58.217  -20.075 0.4000000060
22061  19.699  -57.894  -20.776 0.3000000119
22062  19.049  -58.056  -20.874 0.3000000119
22063  6.033  -57.427  -20.074 0.6000000238
22074  20.033  -58.500  -21.087 0.2000000030
22076  6.675  -57.925  -21.531 0.4000000060
22077  6.302  -57.611  -20.887 0.6000000238
22087  19.839  -58.840  -21.396 0.2000000030
22089  6.883  -58.280  -22.128 0.4000000060
22100  6.623  -58.582  -22.667 0.2000000030
22553  13.183  -57.060  9.310 0.3000000119
22554  12.603  -56.804  9.139 0.2000000030
22555  5.376  -57.096  9.855 0.8000000119
22556  5.025  -57.100  9.989 0.8000000119
22557  4.572  -57.086  9.898 0.8000000119
22564  12.141  -57.068  9.036 0.4000000060
22567  6.109  -57.476  9.334 0.8000000119
22568  5.806  -57.246  9.558 0.8999999762
22575  10.094  -57.063  8.342 0.6000000238
22578  7.921  -57.203  8.047 0.6999999881
22579  7.112  -57.276  8.339 0.6999999881
22582  4.572  -57.248  8.752 0.8000000119
22593  4.784  -57.159  8.103 0.6999999881
22608  4.226  -57.206  7.207 0.6999999881
22609  3.926  -57.303  6.896 0.6000000238
22620  8.361  -57.027  6.070 0.1000000015
22621  7.705  -57.061  6.039 0.1000000015
22622  7.043  -57.089  6.101 0.1000000015
22624  6.054  -57.192  6.054 0.3000000119
22625  3.818  -57.255  6.531 0.6000000238
22635  5.658  -57.433  5.863 0.3000000119
22636  5.154  -57.290  5.609 0.5000000000
22637  4.467  -57.213  5.498 0.6000000238
22638  3.892  -57.206  5.523 0.6000000238
22639  3.814  -57.005  6.218 0.6000000238
22647  4.325  -57.474  5.681 0.6000000238
22648  3.953  -57.191  5.736 0.6000000238
22649  3.716  -57.077  5.933 0.6000000238
22679  7.027  -56.942  1.729 0.1000000015
22682  5.029  -57.040  2.040 0.2000000030
22702  7.569  -57.098  1.401 0.1000000015
22703  6.969  -57.334  1.492 0.1000000015
22704  4.453  -56.829  1.145 0.4000000060
22705  4.477  -56.558  0.793 0.6999999881
22712  29.258  -57.880  0.320 0.1000000015
22713  28.816  -57.560  0.354 0.1000000015
22721  6.517  -56.855  -0.083 0.8000000119
22724  4.725  -56.511  0.687 0.6000000238
22738  8.388  -56.492  -1.116 0.8999999762
22739  8.032  -56.748  -0.912 0.8999999762
22740  7.147  -57.066  -0.640 0.8999999762
22742  5.521  -57.474  -0.299 0.6999999881
22758  7.001  -57.500  -1.626 0.8999999762
22773  8.476  -57.008  -2.189 0.8999999762
22774  7.510  -57.367  -2.348 0.8000000119
22775  6.604  -57.560  -2.423 0.6999999881
22776  6.045  -57.616  -2.756 0.6000000238
22777  5.736  -57.694  -2.959 0.4000000060
22788  7.958  -57.077  -3.195 0.8999999762
22792  5.638  -57.604  -3.267 0.3000000119
22798  7.804  -56.952  -3.757 1.0000000000
22799  7.394  -56.956  -3.894 0.8999999762
22800  6.644  -56.948  -3.918 0.6000000238
22801  6.013  -57.020  -3.903 0.5000000000
22803  5.263  -57.630  -3.911 0.3000000119
22817  7.334  -56.774  -4.198 0.8999999762
22819  5.883  -56.887  -4.216 0.5000000000
22820  5.607  -56.933  -4.327 0.3000000119
22821  5.276  -57.413  -4.325 0.2000000030
22837  5.480  -56.704  -4.691 0.3000000119
22838  5.270  -56.987  -5.008 0.3000000119
22953  25.246  -57.151  -11.583 0.1000000015
22971  22.068  -57.024  -12.301 0.1000000015
22979  21.749  -57.033  -13.259 0.2000000030
22980  21.481  -57.640  -13.345 0.1000000015
23000  21.672  -56.759  -14.742 0.1000000015
23002  18.277  -57.114  -14.995 0.3000000119
23003  17.630  -57.251  -14.712 0.3000000119
23004  16.875  -57.385  -14.861 0.4000000060
23005  16.063  -57.429  -15.389 0.5000000000
23006  15.519  -57.739  -15.319 0.5000000000
23007  13.548  -57.400  -15.247 0.6000000238
23008  13.171  -57.588  -15.089 0.6000000238
23010  7.985  -56.439  -15.853 1.0000000000
23029  18.810  -56.986  -15.596 0.3000000119
23031  15.316  -57.307  -15.853 0.5000000000
23032  14.508  -57.265  -15.793 0.5000000000
23034  12.973  -57.291  -15.580 0.6000000238
23036  11.264  -57.632  -16.015 0.8000000119
23037  10.424  -57.215  -15.743 0.8999999762
23039  8.602  -56.996  -15.434 1.0000000000
23041  7.536  -57.238  -16.461 1.0000000000
23059  21.126  -57.622  -16.637 0.1000000015
23060  19.496  -56.251  -16.723 0.2000000030
23063  14.784  -57.066  -16.303 0.5000000000
23064  14.147  -56.996  -16.272 0.6000000238
23065  13.423  -56.859  -16.216 0.6000000238
23066  12.586  -56.923  -16.385 0.6000000238
23068  10.952  -57.049  -16.465 0.8999999762
23069  7.260  -57.397  -16.837 1.0000000000
23070  7.005  -57.087  -16.971 1.0000000000
23085  20.965  -57.360  -17.130 0.3000000119
23086  20.697  -56.972  -17.397 0.3000000119
23087  19.628  -56.497  -17.151 0.3000000119
23088  19.330  -57.143  -17.166 0.3000000119
23091  11.399  -56.813  -17.125 0.8000000119
23093  6.766  -57.186  -17.272 1.0000000000
23094  6.417  -56.941  -17.450 1.0000000000
23105  20.434  -56.913  -17.800 0.3000000119
23107  19.310  -57.388  -18.013 0.3000000119
23108  6.485  -57.266  -17.639 1.0000000000
23120  20.760  -57.292  -18.165 0.3000000119
23121  20.408  -57.084  -18.530 0.3000000119
23123  19.237  -57.524  -18.867 0.3000000119
23124  5.993  -56.833  -18.551 0.6999999881
23133  20.202  -57.123  -19.160 0.3000000119
23134  19.703  -57.238  -19.413 0.3000000119
23136  5.953  -56.555  -19.142 0.6999999881
23146  20.225  -57.385  -19.704 0.2000000030
23147  19.768  -57.446  -20.148 0.3000000119
23160  6.714  -57.039  -21.377 0.6000000238
23185  6.935  -57.644  -22.590 0.2000000030
23187  5.809  -57.522  -22.918 0.1000000015
23685  14.011  -56.321  9.645 0.1000000015
23688  5.449  -56.874  9.641 0.8000000119
23695  12.153  -56.293  9.091 0.4000000060
23697  10.912  -56.423  8.705 0.5000000000
23698  5.480  -56.511  9.275 0.8000000119
23699  4.904  -56.275  9.315 0.8999999762
23700  4.564  -56.515  9.252 0.8000000119
23708  9.000  -56.381  7.920 0.6999999881
23709  8.202  -56.451  7.829 0.6999999881
23712  5.945  -56.540  8.823 0.8000000119
23713  4.484  -56.715  8.799 0.8000000119
23724  4.411  -56.722  7.879 0.8000000119
23737  10.616  -56.129  6.779 0.1000000015
23738  4.033  -56.708  7.246 0.6999999881
23739  3.941  -57.017  7.046 0.6999999881
23748  9.882  -56.187  6.590 0.1000000015
23750  8.617  -56.319  5.991 0.1000000015
23751  7.937  -56.367  5.880 0.1000000015
23755  5.091  -56.270  5.591 0.5000000000
23757  3.866  -56.471  6.583 0.6999999881
23758  3.790  -56.876  6.680 0.6999999881
23769  5.853  -56.830  5.811 0.3000000119
23770  5.377  -56.851  5.605 0.5000000000
23771  4.731  -56.546  5.453 0.5000000000
23773  3.700  -56.764  6.156 0.6000000238
23782  3.896  -56.826  5.576 0.6000000238
23783  3.756  -56.845  5.823 0.6000000238
23799  3.473  -55.770  1.696 0.3000000119
23815  6.744  -56.588  1.958 0.1000000015
23819  4.014  -56.354  1.592 0.3000000119
23820  3.626  -55.771  1.490 0.3000000119
23837  4.166  -56.449  1.314 0.6000000238
23847  6.694  -56.339  0.025 0.8999999762
23849  5.578  -56.379  0.397 0.8000000119
23851  4.532  -56.098  0.771 0.6000000238
23865  8.260  -56.185  -0.858 0.8999999762
23866  7.716  -56.308  -0.515 0.8999999762
23867  7.151  -56.309  -0.232 0.8999999762
23880  9.173  -55.946  -1.530 1.0000000000
23898  9.239  -56.330  -2.112 1.0000000000
23899  8.793  -56.638  -1.724 0.8999999762
23907  9.675  -56.290  -2.873 1.0000000000
23908  9.066  -56.653  -3.026 1.0000000000
23909  8.532  -56.854  -3.355 0.8999999762
23916  9.448  -56.399  -3.682 1.0000000000
23918  8.128  -56.817  -3.880 1.0000000000
23921  6.199  -56.966  -3.976 0.6000000238
23938  9.444  -56.319  -4.086 1.0000000000
23939  9.125  -56.350  -4.178 1.0000000000
23940  8.411  -56.393  -4.419 1.0000000000
23941  7.522  -56.539  -4.407 0.8999999762
23942  6.682  -56.463  -4.549 0.6000000238
23943  6.016  -56.677  -4.405 0.5000000000
23961  8.298  -56.180  -4.783 1.0000000000
23962  8.008  -56.224  -4.795 1.0000000000
23963  6.598  -56.037  -5.087 0.6000000238
23964  6.189  -56.212  -4.919 0.6000000238
23965  5.550  -56.388  -4.974 0.5000000000
23984  4.937  -56.460  -6.123 0.1000000015
24099  25.794  -56.346  -11.588 0.1000000015
24121  22.112  -56.138  -12.661 0.1000000015
24146  22.009  -56.309  -14.037 0.1000000015
24156  21.844  -56.339  -14.661 0.1000000015
24160  17.084  -56.643  -14.897 0.3000000119
24161  16.490  -56.701  -15.248 0.3000000119
24162  8.319  -56.137  -15.474 1.0000000000
24163  7.988  -56.099  -15.775 1.0000000000
24182  20.548  -56.054  -16.219 0.2000000030
24185  15.650  -56.957  -16.007 0.5000000000
24187  9.894  -56.192  -15.580 0.8999999762
24189  7.764  -56.214  -16.017 1.0000000000
24191  6.916  -56.197  -16.630 1.0000000000
24210  20.962  -57.042  -16.539 0.3000000119
24211  20.543  -56.408  -16.602 0.2000000030
24212  19.924  -56.077  -16.846 0.2000000030
24213  19.344  -55.941  -16.317 0.2000000030
24214  15.731  -56.433  -16.218 0.4000000060
24215  15.515  -56.675  -16.363 0.4000000060
24216  15.019  -56.797  -16.659 0.5000000000
24218  13.850  -56.688  -16.768 0.6000000238
24219  13.144  -56.588  -16.804 0.6000000238
24221  10.338  -55.797  -16.244 0.8999999762
24222  7.196  -56.943  -16.697 1.0000000000
24223  6.866  -56.618  -16.854 1.0000000000
24224  6.489  -56.339  -17.007 1.0000000000
24243  20.354  -56.554  -17.248 0.3000000119
24245  15.255  -56.451  -16.913 0.6000000238
24246  14.805  -56.571  -17.121 0.6000000238
24247  14.245  -56.590  -17.271 0.6000000238
24249  12.775  -56.470  -17.408 0.6999999881
24250  11.958  -56.526  -17.696 0.6999999881
24253  6.158  -56.466  -17.387 0.8000000119
24254  5.792  -56.210  -17.604 0.8000000119
24267  20.095  -56.558  -17.586 0.3000000119
24268  19.878  -56.529  -17.489 0.3000000119
24270  14.675  -56.378  -17.708 0.6000000238
24271  14.041  -56.426  -17.845 0.6000000238
24272  13.365  -56.343  -17.999 0.6000000238
24274  11.804  -56.292  -18.495 0.6999999881
24275  11.148  -56.061  -18.789 0.8000000119
24276  5.905  -56.458  -18.004 0.8000000119
24289  13.919  -56.253  -18.472 0.6000000238
24290  13.244  -56.107  -18.708 0.6999999881
24291  12.479  -56.035  -19.051 0.6999999881
24293  11.220  -55.952  -19.242 0.8000000119
24294  5.764  -56.088  -18.609 0.6999999881
24295  5.617  -55.841  -18.269 0.8000000119
24306  12.135  -55.903  -19.627 0.6999999881
24307  11.823  -55.905  -19.621 0.6999999881
24308  6.014  -55.899  -19.507 0.6000000238
24320  6.443  -55.843  -20.653 0.4000000060
24332  6.613  -56.216  -21.107 0.4000000060
24333  6.467  -56.199  -20.671 0.4000000060
24345  6.888  -56.443  -22.018 0.2000000030
24346  6.173  -56.517  -22.449 0.1000000015
24357  7.130  -57.050  -22.454 0.4000000060
24358  6.696  -56.987  -22.677 0.2000000030
24359  6.044  -56.982  -23.002 0.1000000015
24875  12.899  -55.610  9.321 0.4000000060
24882  10.932  -55.651  8.884 0.5000000000
24887  4.073  -55.390  8.658 0.8000000119
24893  10.486  -55.910  8.694 0.5000000000
24894  9.966  -55.626  8.441 0.4000000060
24895  9.275  -55.611  8.044 0.6999999881
24899  6.027  -55.824  8.408 0.8000000119
24900  5.584  -55.620  8.665 0.8999999762
24902  3.997  -55.509  8.308 0.8000000119
24913  4.411  -56.473  8.316 0.8000000119
24937  9.440  -55.503  6.359 0.1000000015
24938  8.861  -55.582  5.971 0.1000000015
24940  7.438  -55.662  5.741 0.1000000015
24941  6.678  -55.695  5.724 0.2000000030
24942  6.206  -55.683  5.746 0.4000000060
24943  5.164  -55.744  5.650 0.4000000060
24944  4.447  -55.778  5.708 0.5000000000
24945  3.988  -55.921  6.368 0.6000000238
24959  4.716  -55.930  5.593 0.5000000000
24960  4.235  -56.163  5.693 0.6000000238
24990  3.529  -55.842  2.025 0.3000000119
24991  3.437  -55.565  1.738 0.3000000119
25010  3.873  -55.836  2.004 0.3000000119
25011  3.320  -55.226  1.449 0.4000000060
25033  6.456  -56.037  0.171 0.8999999762
25034  6.050  -55.739  0.237 0.8999999762
25035  5.396  -55.766  0.446 0.8000000119
25036  4.834  -55.610  0.584 0.8000000119
25048  7.432  -55.713  -0.401 0.8999999762
25050  6.339  -55.330  0.003 0.8999999762
25059  8.956  -55.536  -1.286 1.0000000000
25060  8.453  -55.594  -0.954 0.8999999762
25075  9.779  -55.625  -2.147 0.8999999762
25089  10.057  -55.762  -2.702 1.0000000000
25098  10.586  -55.686  -3.838 0.8999999762
25099  10.101  -56.057  -3.413 1.0000000000
25117  11.059  -55.378  -4.720 0.8999999762
25120  8.890  -56.151  -4.697 1.0000000000
25121  8.511  -56.163  -4.761 1.0000000000
25122  7.009  -56.188  -4.873 0.8999999762
25123  6.804  -56.060  -5.041 0.6000000238
25138  11.269  -55.285  -5.164 0.8999999762
25139  10.717  -55.517  -5.264 0.8999999762
25145  5.782  -55.820  -5.412 0.5000000000
25146  5.222  -56.006  -5.624 0.4000000060
25147  4.996  -56.197  -5.827 0.1000000015
25160  11.395  -55.210  -5.572 0.8999999762
25162  10.284  -55.408  -5.895 1.0000000000
25163  9.526  -55.520  -5.945 1.0000000000
25164  8.682  -55.525  -6.041 1.0000000000
25165  7.823  -55.634  -5.854 1.0000000000
25166  6.991  -55.666  -5.874 0.6999999881
25181  8.556  -55.408  -6.549 1.0000000000
25182  8.130  -55.464  -6.528 1.0000000000
25183  7.366  -55.494  -6.499 0.8999999762
25184  6.652  -55.532  -6.501 0.8999999762
25185  4.924  -55.073  -6.452 0.4000000060
25186  4.601  -55.318  -6.732 0.1000000015
25202  3.737  -54.522  -7.875 0.1000000015
25207  3.513  -54.390  -8.566 0.1000000015
25210  3.888  -55.065  -9.107 0.1000000015
25211  3.545  -54.521  -9.080 0.1000000015
25247  22.390  -55.394  -12.627 0.1000000015
25278  22.713  -55.035  -14.005 0.1000000015
25279  22.301  -55.747  -13.891 0.1000000015
25298  18.587  -55.711  -15.137 0.3000000119
25299  17.914  -55.806  -14.923 0.3000000119
25300  17.121  -55.837  -15.038 0.3000000119
25302  8.462  -55.474  -15.379 0.8999999762
25304  7.509  -55.195  -16.001 1.0000000000
25315  21.670  -55.076  -15.110 0.1000000015
25318  19.561  -55.315  -15.877 0.1000000015
25319  19.096  -55.557  -15.663 0.1000000015
25320  16.772  -55.481  -15.344 0.3000000119
25321  16.420  -55.893  -15.540 0.3000000119
25322  9.778  -55.213  -15.797 0.8999999762
25323  9.149  -55.405  -15.411 0.8999999762
25324  7.782  -55.836  -15.933 1.0000000000
25325  7.427  -55.609  -16.137 1.0000000000
25326  6.744  -55.695  -16.475 1.0000000000
25327  6.283  -55.461  -16.529 1.0000000000
25338  19.801  -55.651  -16.307 0.2000000030
25339  19.443  -55.606  -16.059 0.2000000030
25340  15.796  -55.979  -16.417 0.4000000060
25344  6.639  -56.127  -16.757 1.0000000000
25345  6.123  -55.809  -16.902 1.0000000000
25346  5.701  -55.493  -17.090 1.0000000000
25360  15.706  -55.701  -16.953 0.4000000060
25361  15.490  -55.980  -17.163 0.4000000060
25362  10.676  -55.432  -17.762 0.8999999762
25363  5.908  -56.078  -17.311 1.0000000000
25364  5.582  -55.748  -17.483 0.8000000119
25379  15.166  -56.027  -17.804 0.6000000238
25380  14.800  -56.118  -18.205 0.6000000238
25382  5.544  -55.654  -18.038 0.8000000119
25395  15.099  -55.728  -18.442 0.4000000060
25396  14.530  -56.007  -18.782 0.6000000238
25398  13.206  -55.860  -19.421 0.6999999881
25400  11.325  -55.887  -19.480 0.8000000119
25403  5.638  -55.537  -18.403 0.6999999881
25414  14.960  -55.524  -19.213 0.6000000238
25417  13.141  -55.758  -20.133 0.6999999881
25418  12.477  -55.745  -20.180 0.6999999881
25420  10.948  -55.262  -20.332 0.6999999881
25421  6.052  -55.186  -19.402 0.6000000238
25429  14.874  -55.410  -19.955 0.6000000238
25430  14.429  -55.570  -20.540 0.5000000000
25431  13.674  -55.698  -20.755 0.5000000000
25433  12.260  -55.574  -20.841 0.6000000238
25434  11.575  -55.362  -20.875 0.6999999881
25435  11.113  -54.928  -20.978 0.6999999881
25437  6.200  -55.402  -20.289 0.4000000060
25438  4.735  -55.363  -20.945 0.1000000015
25450  13.491  -55.565  -21.539 0.5000000000
25451  12.794  -55.506  -21.534 0.6000000238
25452  12.123  -55.295  -21.557 0.6999999881
25454  11.274  -54.731  -21.232 0.6999999881
25455  6.418  -55.669  -20.885 0.4000000060
25456  5.977  -55.366  -21.093 0.2000000030
25457  5.082  -55.731  -21.398 0.1000000015
25469  14.023  -55.465  -22.238 0.5000000000
25470  13.320  -55.377  -22.233 0.5000000000
25472  12.343  -55.208  -21.934 0.5000000000
25473  6.568  -55.773  -21.451 0.2000000030
25475  5.493  -56.252  -22.191 0.1000000015
25484  13.744  -55.296  -22.586 0.4000000060
25485  13.480  -55.265  -22.600 0.4000000060
26033  13.020  -54.917  9.436 0.1000000015
26042  12.392  -54.915  9.342 0.2000000030
26043  11.736  -54.899  9.227 0.4000000060
26044  11.106  -54.922  9.058 0.4000000060
26045  10.546  -54.896  8.887 0.4000000060
26047  4.504  -54.873  8.809 0.8000000119
26055  9.493  -54.854  8.308 0.4000000060
26058  7.145  -54.995  7.675 0.6999999881
26059  6.267  -55.065  7.894 0.8000000119
26062  3.550  -54.621  8.106 0.8000000119
26074  3.772  -55.214  7.783 0.8000000119
26088  10.956  -54.777  6.860 0.1000000015
26089  3.820  -55.264  7.027 0.6999999881
26090  3.609  -54.669  7.424 0.8000000119
26106  10.334  -54.752  6.668 0.1000000015
26107  9.682  -54.777  6.364 0.1000000015
26112  6.074  -54.927  5.606 0.4000000060
26167  3.543  -55.492  1.959 0.3000000119
26168  3.151  -54.970  1.938 0.2000000030
26183  3.629  -55.033  2.278 0.2000000030
26194  3.288  -54.263  0.565 0.4000000060
26204  5.237  -55.225  0.246 0.8000000119
26205  4.603  -54.950  0.310 0.8000000119
26207  3.442  -54.125  0.369 0.6999999881
26215  7.658  -55.342  -0.582 0.8999999762
26217  6.566  -55.022  -0.308 0.8999999762
26219  5.094  -54.636  -0.137 0.8000000119
26221  4.123  -54.106  0.065 0.6999999881
26231  7.968  -55.002  -0.800 0.8999999762
26232  7.519  -54.624  -0.860 0.8999999762
26240  9.625  -54.937  -1.868 0.8999999762
26241  9.097  -54.924  -1.458 0.8999999762
26250  10.611  -54.750  -2.919 0.8999999762
26251  10.182  -54.969  -2.429 0.8999999762
26266  11.208  -54.834  -3.880 0.8999999762
26267  10.915  -54.944  -3.482 0.8999999762
26288  11.488  -54.878  -4.396 0.8999999762
26301  12.192  -54.663  -5.320 0.8999999762
26302  11.682  -54.995  -5.194 0.8999999762
26312  12.952  -54.446  -6.491 0.8999999762
26315  10.612  -55.080  -6.406 0.8999999762
26316  9.854  -55.204  -6.527 1.0000000000
26317  9.146  -55.318  -6.553 1.0000000000
26319  5.482  -55.275  -6.485 0.6000000238
26320  5.158  -55.156  -6.469 0.4000000060
26331  12.543  -54.626  -7.037 0.8999999762
26336  8.619  -55.270  -7.023 1.0000000000
26350  14.093  -54.154  -8.150 0.8999999762
26351  13.589  -54.355  -7.828 0.8999999762
26352  12.823  -54.534  -7.782 0.8999999762
26353  12.072  -54.616  -7.736 0.8999999762
26354  11.294  -54.665  -7.715 0.8999999762
26355  10.506  -54.681  -7.728 1.0000000000
26361  5.579  -54.905  -7.479 0.8000000119
26362  4.033  -54.300  -7.545 0.3000000119
26363  3.669  -53.925  -8.007 0.1000000015
26367  14.293  -54.112  -8.620 0.8999999762
26369  13.141  -54.485  -8.528 0.8999999762
26373  10.101  -54.637  -8.433 1.0000000000
26374  9.327  -54.653  -8.439 1.0000000000
26375  8.519  -54.749  -8.445 1.0000000000
26376  7.659  -54.826  -8.431 1.0000000000
26377  6.734  -54.913  -8.396 0.8999999762
26379  3.253  -53.493  -8.601 0.1000000015
26382  14.194  -54.260  -9.312 0.8999999762
26383  13.482  -54.474  -9.264 0.8999999762
26384  12.779  -54.539  -9.210 0.8999999762
26391  7.205  -54.658  -9.114 1.0000000000
26392  6.248  -54.776  -9.111 1.0000000000
26393  5.418  -54.361  -9.049 0.8999999762
26394  3.606  -54.575  -9.326 0.1000000015
26398  13.835  -54.442  -10.007 0.8999999762
26400  12.464  -54.619  -9.905 0.8999999762
26401  11.719  -54.695  -9.907 0.8999999762
26403  10.137  -54.584  -9.898 1.0000000000
26404  9.348  -54.521  -9.877 1.0000000000
26405  8.535  -54.542  -9.859 1.0000000000
26406  7.689  -54.574  -9.851 1.0000000000
26408  5.760  -54.490  -9.904 0.8999999762
26411  3.576  -54.089  -10.299 0.1000000015
26418  13.518  -54.542  -10.660 0.8999999762
26421  11.397  -54.704  -10.700 0.8999999762
26422  10.582  -54.638  -10.682 0.8999999762
26427  6.391  -54.537  -10.679 0.8999999762
26428  5.848  -54.409  -10.469 0.8999999762
26440  13.210  -54.595  -11.163 0.8999999762
26441  12.655  -54.651  -11.266 0.8999999762
26447  7.766  -54.434  -11.285 1.0000000000
26448  6.962  -54.420  -11.235 1.0000000000
26449  6.500  -54.430  -11.205 1.0000000000
26458  11.498  -54.601  -12.032 0.8999999762
26459  11.209  -54.578  -12.057 0.8999999762
26468  12.990  -54.611  -13.788 0.8999999762
26469  12.432  -54.512  -13.793 0.8999999762
26478  13.667  -54.544  -14.240 0.8999999762
26479  13.257  -54.619  -14.256 0.8999999762
26480  12.709  -54.580  -14.293 0.8999999762
26497  23.019  -54.691  -14.980 0.2000000030
26498  22.543  -55.060  -14.982 0.1000000015
26499  18.693  -55.159  -15.120 0.2000000030
26500  17.984  -55.095  -15.016 0.2000000030
26501  17.496  -55.390  -14.997 0.3000000119
26502  13.866  -54.374  -14.408 0.8999999762
26503  13.583  -54.463  -14.597 0.8999999762
26504  13.060  -54.537  -14.670 0.8999999762
26505  8.589  -54.886  -15.396 0.8999999762
26506  7.952  -54.715  -15.547 1.0000000000
26508  6.464  -54.724  -15.719 1.0000000000
26509  6.142  -54.679  -15.796 1.0000000000
26524  22.913  -54.161  -15.816 0.1000000015
26525  22.640  -54.267  -15.546 0.1000000015
26529  19.682  -54.787  -15.610 0.1000000015
26532  17.070  -54.959  -15.410 0.3000000119
26533  16.610  -55.325  -15.556 0.3000000119
26536  8.340  -54.367  -15.504 1.0000000000
26537  7.285  -55.124  -16.072 1.0000000000
26539  6.142  -55.003  -16.203 1.0000000000
26540  5.672  -54.819  -16.359 0.8999999762
26551  16.369  -55.097  -16.086 0.3000000119
26552  10.466  -54.918  -17.471 0.8999999762
26555  5.683  -55.139  -16.745 1.0000000000
26565  15.659  -55.585  -17.229 0.4000000060
26566  10.489  -54.931  -18.097 0.8999999762
26567  10.132  -54.316  -17.658 0.8999999762
26568  5.512  -55.188  -17.321 0.8000000119
26578  15.994  -54.789  -17.591 0.4000000060
26580  10.491  -55.071  -18.717 0.8999999762
26582  5.741  -54.596  -18.198 0.8000000119
26583  5.579  -55.057  -18.009 0.8000000119
26598  15.917  -54.737  -18.389 0.4000000060
26600  10.355  -54.836  -19.177 0.8000000119
26603  5.702  -55.175  -18.520 0.6999999881
26618  15.882  -54.694  -19.330 0.4000000060
26620  10.492  -54.791  -19.837 0.8000000119
26621  10.371  -54.113  -20.033 0.8000000119
26635  15.812  -54.684  -20.310 0.4000000060
26637  14.735  -55.373  -21.318 0.4000000060
26639  10.490  -53.954  -20.422 0.6999999881
26641  4.777  -54.872  -20.586 0.1000000015
26654  15.745  -54.696  -21.322 0.4000000060
26656  14.636  -55.365  -22.032 0.5000000000
26657  13.224  -54.699  -21.791 0.6000000238
26658  12.788  -54.704  -21.645 0.5000000000
26659  12.094  -54.719  -21.585 0.6999999881
26660  11.479  -54.494  -21.331 0.6999999881
26661  11.031  -54.474  -21.136 0.6999999881
26663  4.988  -55.248  -20.988 0.1000000015
26674  15.648  -54.689  -22.239 0.4000000060
26675  15.030  -54.941  -22.599 0.4000000060
26676  14.511  -55.310  -22.528 0.4000000060
26677  13.108  -54.970  -22.062 0.5000000000
26678  12.522  -55.002  -21.878 0.5000000000
26679  12.217  -55.074  -21.812 0.5000000000
26689  14.828  -54.663  -22.889 0.4000000060
26691  13.640  -55.022  -22.513 0.4000000060
27269  14.356  -54.091  9.959 0.1000000015
27270  13.677  -54.115  9.735 0.1000000015
27271  13.077  -54.233  9.588 0.2000000030
27282  11.195  -54.139  9.176 0.3000000119
27284  5.235  -54.401  8.412 0.8000000119
27285  4.730  -54.089  8.716 0.6999999881
27286  3.918  -54.153  8.871 0.8000000119
27287  3.472  -53.795  8.866 0.8000000119
27291  10.224  -54.221  8.801 0.4000000060
27294  8.341  -54.050  7.900 0.6999999881
27295  7.519  -54.133  7.690 0.8000000119
27299  3.607  -54.563  8.851 0.8000000119
27300  3.354  -54.187  8.561 0.8000000119
27311  3.342  -54.175  7.832 0.8000000119
27326  11.106  -54.427  6.872 0.1000000015
27328  3.369  -54.089  7.138 0.8000000119
27344  10.922  -53.831  6.848 0.1000000015
27347  9.313  -54.096  6.004 0.1000000015
27348  8.633  -54.129  5.777 0.1000000015
27349  7.893  -54.153  5.685 0.1000000015
27350  7.118  -54.147  5.553 0.1000000015
27351  6.283  -54.105  5.527 0.4000000060
27352  5.431  -54.102  5.589 0.4000000060
27353  4.606  -54.149  5.718 0.5000000000
27354  4.041  -54.143  6.322 0.5000000000
27355  3.775  -54.339  6.755 0.6000000238
27426  3.008  -53.774  1.417 0.2000000030
27439  3.142  -54.256  1.406 0.4000000060
27440  2.942  -53.958  0.996 0.4000000060
27449  3.565  -53.820  0.214 0.6999999881
27458  6.790  -54.667  -0.619 0.8999999762
27459  6.319  -54.540  -0.620 0.8999999762
27460  5.586  -54.368  -0.631 0.8999999762
27463  4.063  -53.771  -0.029 0.6999999881
27471  8.226  -54.652  -1.124 0.8999999762
27473  6.994  -54.163  -1.041 0.8999999762
27475  5.415  -53.799  -0.972 0.8999999762
27476  5.070  -53.552  -0.907 0.8999999762
27483  9.243  -54.392  -1.711 0.8000000119
27485  7.598  -53.805  -1.503 0.8000000119
27486  7.170  -53.797  -1.407 0.8000000119
27495  10.372  -54.074  -2.640 0.8999999762
27514  11.255  -54.204  -3.556 0.8999999762
27543  13.168  -53.794  -5.725 0.8999999762
27544  12.755  -54.071  -5.373 0.8999999762
27555  13.916  -53.663  -6.597 0.8999999762
27557  12.966  -54.214  -5.984 0.8999999762
27570  14.845  -53.203  -7.573 0.8999999762
27572  13.810  -54.056  -7.070 0.8999999762
27573  4.611  -54.307  -7.297 0.3000000119
27574  4.329  -54.243  -7.435 0.3000000119
27585  14.656  -53.785  -8.088 0.8999999762
27587  5.015  -54.411  -7.662 0.6000000238
27588  4.328  -53.842  -7.781 0.6000000238
27594  15.721  -53.016  -9.062 0.6999999881
27595  15.330  -53.408  -8.745 0.8999999762
27597  4.928  -54.028  -8.390 0.8999999762
27599  3.723  -52.879  -8.783 0.1000000015
27603  15.708  -53.257  -9.516 0.8999999762
27605  14.725  -54.036  -9.619 0.8999999762
27606  4.958  -53.741  -9.137 0.8999999762
27611  15.603  -53.548  -10.196 0.8999999762
27614  5.539  -54.262  -10.345 0.8999999762
27615  5.055  -53.715  -10.040 0.8999999762
27616  4.627  -53.158  -9.732 0.8999999762
27617  3.393  -53.313  -10.142 0.1000000015
27624  15.453  -53.816  -10.886 0.8999999762
27625  14.829  -54.136  -10.839 0.8999999762
27626  14.185  -54.386  -10.775 0.8999999762
27627  6.238  -54.355  -11.122 0.8999999762
27640  15.262  -54.017  -11.582 0.8999999762
27643  13.151  -54.566  -11.803 0.8999999762
27644  12.549  -54.593  -11.910 0.8999999762
27645  10.996  -54.549  -12.067 0.8999999762
27646  10.617  -54.473  -12.075 1.0000000000
27647  9.863  -54.377  -12.079 1.0000000000
27648  9.044  -54.292  -12.051 1.0000000000
27649  8.203  -54.168  -11.999 1.0000000000
27652  5.576  -53.476  -11.491 1.0000000000
27653  5.161  -53.253  -11.182 0.8999999762
27662  15.073  -54.077  -12.322 0.8999999762
27663  14.429  -54.325  -12.340 0.8999999762
27666  12.075  -54.563  -12.455 0.8999999762
27667  11.188  -54.449  -12.551 0.8999999762
27672  6.877  -53.506  -12.317 1.0000000000
27673  6.089  -53.337  -12.044 1.0000000000
27683  14.884  -54.082  -12.907 0.8999999762
27684  14.390  -54.302  -13.296 0.8999999762
27685  13.457  -54.570  -13.300 0.8999999762
27688  10.939  -53.984  -13.433 0.8999999762
27690  9.154  -53.449  -13.253 1.0000000000
27691  8.431  -53.274  -13.102 1.0000000000
27692  8.019  -53.151  -13.059 1.0000000000
27702  13.986  -54.397  -13.982 0.8999999762
27703  12.097  -54.295  -14.258 0.8999999762
27716  23.453  -53.925  -15.337 0.1000000015
27718  18.682  -54.717  -15.106 0.2000000030
27720  14.609  -53.813  -14.395 0.6999999881
27721  14.103  -53.990  -14.759 0.8999999762
27722  13.327  -54.300  -15.048 0.8999999762
27724  11.715  -53.955  -14.959 0.8999999762
27725  11.160  -53.607  -14.701 0.8999999762
27726  7.892  -54.057  -15.497 1.0000000000
27727  7.274  -53.953  -15.422 1.0000000000
27728  6.532  -54.170  -15.282 1.0000000000
27730  5.524  -54.084  -15.669 0.8999999762
27744  23.208  -53.993  -16.141 0.2000000030
27745  22.636  -53.920  -15.951 0.1000000015
27747  21.290  -53.822  -15.371 0.2000000030
27750  18.963  -54.261  -15.203 0.2000000030
27751  18.143  -54.421  -15.152 0.3000000119
27752  17.525  -54.307  -15.486 0.3000000119
27753  13.846  -53.690  -15.588 0.8999999762
27754  13.594  -53.914  -15.532 0.8999999762
27756  12.214  -54.050  -15.638 0.8999999762
27757  9.518  -53.981  -16.567 0.8999999762
27758  9.008  -53.874  -16.135 1.0000000000
27760  7.640  -53.546  -15.468 1.0000000000
27761  5.913  -54.621  -15.861 1.0000000000
27762  5.526  -54.447  -16.013 0.8999999762
27775  23.037  -53.791  -16.637 0.2000000030
27777  22.304  -53.508  -16.104 0.3000000119
27778  16.986  -54.217  -16.137 0.3000000119
27779  16.614  -54.593  -16.262 0.3000000119
27780  13.971  -53.336  -16.016 0.8999999762
27782  13.202  -53.849  -16.033 0.8999999762
27783  12.646  -53.948  -16.162 0.8999999762
27784  9.668  -53.782  -17.138 0.8999999762
27786  8.540  -53.293  -16.174 1.0000000000
27801  16.454  -54.461  -16.891 0.3000000119
27802  13.496  -53.209  -16.798 0.8999999762
27804  12.478  -53.789  -16.601 0.8999999762
27805  9.743  -53.529  -17.857 0.8999999762
27807  5.726  -53.867  -17.639 0.8000000119
27816  16.901  -53.868  -17.438 0.4000000060
27818  9.760  -53.446  -18.493 0.8999999762
27819  5.807  -54.092  -18.128 0.8000000119
27820  5.683  -54.538  -17.921 0.8000000119
27821  3.608  -53.443  -17.980 0.2000000030
27831  16.861  -53.776  -18.399 0.4000000060
27833  9.876  -53.562  -19.083 0.8999999762
27834  5.827  -53.914  -18.980 0.6999999881
27836  3.997  -53.586  -18.885 0.2000000030
27848  16.841  -53.750  -19.386 0.4000000060
27850  14.459  -53.664  -20.005 0.6000000238
27851  14.024  -53.729  -19.984 0.5000000000
27853  10.103  -53.581  -19.701 0.8000000119
27854  5.579  -53.997  -19.744 0.5000000000
27856  4.030  -54.018  -19.214 0.2000000030
27857  3.702  -54.211  -18.830 0.2000000030
27866  16.801  -53.724  -20.374 0.4000000060
27868  14.895  -53.701  -21.066 0.4000000060
27870  13.743  -54.046  -20.616 0.5000000000
27871  12.880  -53.905  -20.510 0.6000000238
27872  12.199  -53.749  -20.700 0.6000000238
27874  10.729  -53.617  -20.743 0.8999999762
27875  10.338  -53.584  -20.213 0.8999999762
27887  16.875  -53.687  -21.442 0.2000000030
27889  14.672  -53.854  -21.232 0.4000000060
27890  14.234  -54.112  -21.495 0.4000000060
27891  13.308  -54.410  -21.304 0.6000000238
27893  11.840  -54.080  -21.189 0.6999999881
27894  11.214  -54.008  -21.136 0.6999999881
27895  10.851  -54.134  -20.976 0.6999999881
27906  16.700  -53.759  -22.592 0.2000000030
27907  15.994  -54.302  -22.746 0.2000000030
27908  15.536  -54.608  -22.773 0.2000000030
27909  14.300  -54.260  -22.292 0.3000000119
27920  16.169  -53.794  -23.255 0.2000000030
27922  14.597  -54.346  -22.894 0.3000000119
27923  14.111  -54.681  -22.541 0.4000000060
28520  12.918  -53.343  9.662 0.1000000015
28521  12.066  -52.871  9.638 0.1000000015
28532  12.693  -53.864  9.564 0.1000000015
28538  3.708  -53.337  8.749 0.8000000119
28539  3.196  -53.491  8.694 0.8000000119
28547  9.943  -53.760  8.775 0.5000000000
28548  9.481  -53.309  8.664 0.5000000000
28549  8.655  -53.266  8.206 0.5000000000
28552  6.305  -53.478  7.675 0.6999999881
28553  5.550  -53.214  7.862 0.6999999881
28554  4.795  -53.208  8.379 0.8000000119
28555  4.195  -52.982  8.584 0.8000000119
28556  3.135  -53.539  8.207 0.8000000119
28569  7.680  -52.749  7.892 0.5000000000
28570  7.357  -52.812  7.755 0.6999999881
28571  6.738  -52.865  7.642 0.6999999881
28592  3.571  -53.333  6.442 0.6000000238
28593  3.138  -53.334  6.903 0.6000000238
28614  8.835  -53.328  5.812 0.1000000015
28631  8.737  -52.757  5.725 0.1000000015
28632  8.310  -52.748  5.644 0.1000000015
28725  3.357  -53.308  0.098 0.6999999881
28726  2.989  -53.327  0.459 0.6999999881
28738  4.492  -53.397  -0.470 0.8999999762
28739  4.147  -53.308  -0.204 0.6999999881
28740  3.757  -53.289  -0.022 0.8000000119
28751  6.357  -53.665  -1.353 0.8000000119
28753  5.194  -53.357  -1.215 0.8999999762
28755  4.286  -52.951  -0.653 0.8999999762
28767  7.494  -53.269  -1.924 0.8000000119
28769  6.056  -53.198  -1.677 0.8000000119
28770  5.400  -53.051  -1.603 0.8999999762
28772  4.481  -52.843  -1.059 0.8000000119
28786  11.032  -53.464  -3.184 0.8999999762
28787  10.460  -53.207  -2.857 0.8999999762
28789  8.827  -53.130  -2.166 0.8999999762
28809  11.406  -53.220  -3.609 0.8999999762
28822  13.098  -53.052  -5.243 0.8999999762
28823  12.688  -53.268  -4.845 0.8999999762
28836  13.808  -52.859  -6.016 0.8999999762
28838  13.062  -53.481  -5.350 0.8999999762
28854  14.041  -53.077  -6.399 0.8999999762
28855  13.772  -53.494  -6.220 0.8999999762
28866  14.593  -52.929  -6.979 0.8999999762
28872  15.492  -52.462  -8.184 0.6999999881
28873  15.296  -52.774  -7.902 0.8999999762
28879  15.378  -53.061  -8.315 0.6999999881
28880  4.402  -52.968  -9.080 0.3000000119
28881  4.168  -52.817  -9.037 0.3000000119
28885  16.374  -52.224  -9.826 0.6999999881
28886  16.104  -52.619  -9.455 0.6999999881
28887  4.366  -52.915  -9.448 0.3000000119
28891  16.458  -52.424  -10.236 0.6999999881
28893  4.911  -53.288  -10.473 0.8999999762
28894  4.479  -52.876  -10.190 0.6000000238
28895  3.689  -52.656  -10.156 0.3000000119
28903  16.487  -52.748  -10.949 0.6999999881
28905  4.903  -53.073  -10.837 0.8999999762
28906  4.643  -52.675  -10.850 0.6000000238
28907  3.076  -52.701  -10.753 0.1000000015
28908  2.853  -52.537  -11.424 0.1000000015
28917  16.314  -53.059  -11.717 0.6999999881
28918  15.796  -53.566  -11.659 0.8000000119
28919  5.483  -53.100  -11.752 1.0000000000
28920  5.072  -52.810  -11.462 0.8999999762
28921  4.660  -52.474  -11.174 0.6000000238
28922  3.071  -53.123  -11.500 0.1000000015
28923  2.893  -52.732  -11.930 0.1000000015
28933  7.731  -53.018  -13.047 1.0000000000
28935  6.450  -52.711  -12.619 1.0000000000
28936  5.603  -52.793  -12.100 1.0000000000
28937  5.218  -52.554  -11.851 0.8000000119
28939  2.999  -52.802  -12.178 0.1000000015
28945  22.948  -52.512  -13.312 0.1000000015
28946  15.979  -53.184  -13.185 0.8000000119
28947  15.475  -53.599  -13.223 0.6999999881
28949  9.804  -53.149  -14.092 1.0000000000
28951  8.770  -52.954  -13.646 1.0000000000
28954  7.010  -52.478  -13.019 1.0000000000
28960  23.296  -52.871  -14.507 0.1000000015
28961  23.037  -52.719  -13.836 0.1000000015
28963  14.890  -53.794  -13.898 0.8999999762
28964  10.168  -53.131  -14.401 0.8999999762
28965  9.610  -52.727  -14.482 1.0000000000
28966  9.051  -52.583  -14.156 1.0000000000
28967  8.533  -52.440  -13.961 1.0000000000
28977  23.577  -53.094  -15.225 0.2000000030
28978  15.411  -53.088  -14.459 0.6999999881
28980  14.386  -53.506  -15.126 0.6999999881
28981  11.222  -53.479  -15.246 0.8999999762
28985  6.562  -53.321  -15.069 1.0000000000
28986  5.761  -53.496  -15.198 1.0000000000
28987  5.554  -53.893  -15.478 1.0000000000
28998  21.928  -53.178  -16.008 0.3000000119
28999  21.336  -53.025  -15.736 0.2000000030
29000  20.562  -53.151  -15.476 0.2000000030
29002  18.952  -53.285  -15.500 0.3000000119
29004  17.867  -54.039  -15.443 0.3000000119
29005  14.806  -52.943  -15.495 0.6999999881
29006  14.461  -53.231  -15.473 0.6999999881
29008  10.948  -53.097  -15.875 0.8999999762
29009  10.473  -52.650  -15.575 0.8999999762
29010  8.051  -52.824  -15.928 1.0000000000
29012  5.439  -53.110  -15.524 0.8000000119
29013  5.308  -53.598  -15.822 0.8000000119
29023  23.431  -53.489  -16.849 0.2000000030
29025  22.158  -53.059  -16.598 0.3000000119
29026  21.629  -52.773  -16.204 0.3000000119
29027  18.583  -52.884  -15.917 0.3000000119
29028  18.114  -53.180  -15.984 0.3000000119
29030  14.815  -52.698  -15.839 0.6999999881
29032  13.924  -52.996  -16.640 0.6999999881
29034  11.430  -53.422  -16.581 0.8999999762
29035  8.847  -52.598  -16.890 0.8999999762
29036  8.450  -52.710  -16.369 1.0000000000
29037  5.397  -53.939  -16.619 0.8000000119
29052  23.400  -53.289  -17.332 0.2000000030
29053  23.047  -53.394  -17.386 0.2000000030
29054  22.422  -53.047  -17.409 0.2000000030
29055  18.011  -52.906  -16.631 0.3000000119
29056  17.367  -53.397  -16.719 0.3000000119
29057  14.233  -52.637  -16.869 0.6999999881
29059  13.091  -53.205  -17.312 0.8999999762
29060  12.219  -53.530  -17.172 0.8999999762
29061  11.331  -53.168  -17.412 0.8999999762
29062  9.417  -53.009  -17.742 0.8999999762
29063  9.135  -52.464  -17.627 0.8999999762
29064  5.840  -53.428  -17.814 0.8000000119
29066  3.807  -52.432  -17.138 0.4000000060
29078  23.347  -53.175  -17.712 0.2000000030
29079  22.868  -53.155  -17.902 0.2000000030
29080  22.329  -52.901  -18.156 0.3000000119
29081  17.884  -52.839  -17.370 0.3000000119
29083  15.585  -52.684  -18.213 0.6999999881
29086  13.449  -52.878  -17.965 0.8999999762
29089  11.168  -52.860  -18.087 0.8999999762
29090  9.446  -52.977  -18.171 0.8999999762
29092  5.951  -53.322  -18.398 0.6999999881
29093  5.707  -52.878  -18.656 0.6999999881
29095  3.910  -52.829  -17.926 0.3000000119
29104  23.261  -53.073  -18.164 0.3000000119
29106  22.442  -52.805  -18.829 0.3000000119
29107  17.873  -52.816  -18.374 0.4000000060
29110  15.644  -52.883  -18.752 0.4000000060
29111  14.785  -53.003  -18.698 0.6999999881
29112  13.941  -53.004  -18.689 0.8000000119
29113  13.088  -53.032  -18.787 0.8000000119
29114  12.239  -52.998  -18.826 0.8999999762
29115  11.371  -52.765  -18.797 0.8999999762
29116  11.019  -52.608  -18.448 0.8999999762
29117  9.526  -52.955  -18.814 0.8999999762
29118  9.392  -52.425  -19.061 0.8999999762
29119  5.672  -53.308  -18.897 0.5000000000
29120  5.049  -53.134  -18.904 0.5000000000
29121  4.213  -53.119  -18.638 0.3000000119
29122  3.830  -53.273  -18.302 0.2000000030
29132  22.874  -52.713  -19.044 0.3000000119
29133  22.566  -52.685  -19.144 0.3000000119
29135  17.294  -53.264  -19.907 0.4000000060
29136  15.937  -52.942  -19.796 0.4000000060
29142  11.209  -52.623  -19.455 0.8999999762
29143  10.224  -52.732  -19.921 0.8999999762
29145  9.513  -52.362  -19.349 0.8999999762
29147  4.178  -53.532  -18.986 0.2000000030
29157  17.864  -52.891  -20.621 0.4000000060
29159  15.909  -52.885  -20.520 0.4000000060
29160  15.338  -53.350  -20.684 0.4000000060
29161  14.803  -53.534  -20.049 0.4000000060
29162  12.440  -53.533  -20.291 0.8999999762
29163  12.002  -53.241  -20.243 0.6999999881
29164  11.184  -52.885  -20.182 0.8999999762
29166  10.169  -53.149  -19.935 0.8999999762
29176  17.425  -53.200  -21.326 0.2000000030
29177  14.938  -53.692  -21.687 0.4000000060
29178  14.572  -54.001  -22.007 0.3000000119
29191  17.328  -53.265  -22.108 0.2000000030
29192  15.211  -53.334  -22.530 0.4000000060
29202  17.652  -52.615  -22.858 0.2000000030
29203  17.160  -53.039  -23.004 0.2000000030
29204  16.404  -53.132  -23.363 0.3000000119
29206  15.063  -53.809  -22.975 0.3000000119
29809  11.820  -52.190  9.704 0.2000000030
29810  11.283  -52.257  9.626 0.2000000030
29823  10.030  -52.433  9.076 0.5000000000
29824  9.505  -52.461  8.794 0.5000000000
29825  3.303  -53.005  8.562 0.8000000119
29839  7.869  -52.684  7.961 0.5000000000
29842  3.744  -52.573  8.357 0.8000000119
29843  3.102  -52.724  8.072 0.6999999881
29857  8.145  -52.165  7.867 0.5000000000
29858  7.766  -52.338  7.759 0.6000000238
29860  6.445  -52.305  7.501 0.6000000238
29861  5.790  -52.374  7.632 0.6000000238
29862  2.970  -52.625  7.299 0.6999999881
29882  3.629  -52.772  6.169 0.6999999881
29883  3.207  -52.532  6.627 0.6999999881
29903  9.126  -52.745  5.783 0.1000000015
29904  5.474  -52.235  5.397 0.5000000000
29919  9.199  -52.192  5.678 0.1000000015
29921  7.931  -52.094  5.320 0.2000000030
29922  7.202  -52.040  5.190 0.4000000060
29923  6.494  -52.004  5.173 0.3000000119
29924  5.906  -51.934  5.248 0.5000000000
29958  2.869  -52.513  2.036 0.3000000119
29993  5.246  -51.950  0.697 0.1000000015
29995  2.799  -52.668  0.585 0.6000000238
30012  3.641  -52.714  -0.286 0.8000000119
30028  4.017  -52.622  -0.587 0.8000000119
30042  7.707  -52.833  -2.243 0.8000000119
30045  5.644  -52.670  -1.918 0.8000000119
30046  5.047  -52.465  -1.724 0.8999999762
30047  4.551  -52.431  -1.365 0.8999999762
30072  10.446  -52.583  -3.089 0.8999999762
30073  9.790  -52.429  -2.813 0.8999999762
30076  7.198  -52.290  -2.510 0.8999999762
30078  5.819  -52.212  -2.183 0.8000000119
30101  10.841  -52.328  -3.470 0.8999999762
30114  13.271  -52.782  -5.358 0.8999999762
30116  12.252  -52.413  -4.519 0.8999999762
30132  13.672  -52.695  -5.826 0.8999999762
30133  13.391  -52.351  -5.593 0.8999999762
30134  12.923  -52.049  -5.247 0.8999999762
30147  13.625  -52.070  -5.905 0.8999999762
30152  14.733  -52.371  -7.092 0.8999999762
30153  14.340  -52.432  -6.627 0.8999999762
30159  15.031  -52.308  -7.556 0.6999999881
30164  15.630  -52.120  -8.352 0.6999999881
30168  16.013  -52.091  -8.907 0.6999999881
30171  16.576  -51.872  -10.120 0.6999999881
30172  4.415  -52.541  -10.584 0.6000000238
30173  4.171  -52.400  -10.471 0.6000000238
30181  17.109  -51.535  -11.373 0.6000000238
30185  3.107  -52.076  -11.220 0.3000000119
30194  5.027  -52.394  -11.716 0.8000000119
30195  4.561  -52.103  -11.532 0.6000000238
30196  3.650  -51.825  -11.710 0.3000000119
30197  2.944  -52.187  -11.846 0.1000000015
30203  23.079  -51.864  -12.695 0.1000000015
30204  16.901  -52.121  -12.687 0.6000000238
30205  16.515  -52.736  -12.438 0.6999999881
30207  5.941  -52.055  -12.562 1.0000000000
30208  5.180  -52.121  -12.064 0.8000000119
30210  3.327  -52.182  -12.453 0.4000000060
30216  22.986  -51.713  -13.486 0.1000000015
30217  22.975  -52.006  -13.110 0.1000000015
30219  16.347  -52.648  -13.419 0.6999999881
30220  15.925  -53.135  -13.479 0.6999999881
30221  7.674  -52.224  -13.615 1.0000000000
30222  7.210  -52.006  -13.451 1.0000000000
30223  6.621  -52.041  -13.006 1.0000000000
30224  6.273  -51.916  -12.817 1.0000000000
30233  15.760  -53.007  -14.008 0.6999999881
30236  8.042  -51.880  -14.113 1.0000000000
30237  7.552  -51.914  -13.795 1.0000000000
30238  3.607  -52.842  -14.130 0.1000000015
30247  23.391  -52.260  -15.027 0.2000000030
30248  15.914  -52.372  -14.713 0.6999999881
30249  15.567  -52.632  -14.882 0.6999999881
30250  15.186  -52.921  -14.967 0.6999999881
30251  9.569  -52.154  -15.101 1.0000000000
30252  9.056  -51.689  -15.017 1.0000000000
30253  8.514  -51.607  -14.713 1.0000000000
30255  6.605  -52.441  -14.903 1.0000000000
30267  21.139  -52.506  -16.196 0.3000000119
30269  19.852  -52.662  -15.762 0.3000000119
30270  19.391  -52.892  -15.632 0.3000000119
30271  15.493  -52.315  -15.613 0.6999999881
30273  10.519  -52.515  -16.178 0.8999999762
30276  8.078  -52.129  -15.958 1.0000000000
30278  5.571  -52.656  -15.382 0.8000000119
30280  3.676  -52.119  -15.586 0.2000000030
30287  23.781  -52.733  -16.686 0.2000000030
30288  21.903  -52.619  -17.185 0.3000000119
30290  20.677  -52.104  -16.579 0.3000000119
30293  18.399  -52.762  -16.278 0.3000000119
30294  16.135  -52.058  -16.418 0.6000000238
30295  15.688  -52.170  -16.242 0.6999999881
30296  14.974  -52.453  -16.223 0.6999999881
30297  14.563  -52.592  -16.559 0.6999999881
30298  10.791  -52.812  -16.850 0.8999999762
30302  5.337  -53.021  -16.656 0.8000000119
30313  21.418  -52.188  -17.517 0.3000000119
30314  20.958  -52.029  -17.090 0.3000000119
30315  19.542  -51.898  -17.041 0.3000000119
30316  19.065  -52.103  -17.037 0.3000000119
30318  16.412  -52.022  -16.761 0.6000000238
30319  15.992  -52.248  -16.909 0.6000000238
30320  15.325  -52.374  -16.937 0.6999999881
30323  10.543  -52.303  -17.515 0.8999999762
30324  8.956  -51.816  -17.421 0.8999999762
30325  5.886  -53.054  -17.968 0.6999999881
30326  5.704  -52.769  -17.554 0.6999999881
30327  5.171  -52.114  -17.518 0.6000000238
30338  23.546  -52.739  -17.963 0.3000000119
30339  21.876  -52.589  -17.970 0.3000000119
30340  21.622  -52.279  -18.233 0.3000000119
30342  18.489  -52.336  -17.807 0.4000000060
30343  16.903  -51.825  -17.755 0.4000000060
30346  14.985  -52.554  -17.485 0.6999999881
30347  14.675  -52.534  -17.421 0.6999999881
30348  10.800  -52.466  -18.105 0.8999999762
30350  9.087  -51.867  -18.046 0.8999999762
30352  5.326  -52.485  -18.285 0.6000000238
30353  4.557  -52.453  -17.957 0.6000000238
30354  4.172  -52.377  -17.553 0.3000000119
30365  23.319  -52.741  -18.473 0.3000000119
30366  23.036  -52.602  -18.805 0.3000000119
30367  21.988  -52.592  -18.623 0.3000000119
30368  21.459  -52.232  -19.020 0.3000000119
30369  21.068  -52.158  -19.481 0.3000000119
30370  18.955  -51.963  -18.444 0.4000000060
30372  16.934  -51.819  -18.196 0.4000000060
30373  16.285  -52.397  -18.511 0.4000000060
30374  15.814  -52.628  -18.294 0.6000000238
30375  11.041  -52.547  -19.098 0.8999999762
30377  10.082  -51.910  -18.827 0.8999999762
30378  9.392  -51.832  -18.803 0.8999999762
30379  4.708  -52.698  -18.500 0.3000000119
30380  4.441  -52.731  -18.358 0.3000000119
30389  22.752  -52.479  -19.146 0.2000000030
30391  21.454  -52.334  -19.807 0.2000000030
30392  20.869  -52.215  -20.011 0.2000000030
30394  18.415  -52.413  -19.917 0.4000000060
30395  16.824  -51.924  -19.088 0.4000000060
30396  16.408  -52.409  -19.476 0.4000000060
30397  10.855  -52.448  -19.318 0.8999999762
30398  10.352  -52.369  -19.468 0.8999999762
30399  9.722  -52.112  -19.351 0.8999999762
30400  9.403  -52.143  -19.219 0.8999999762
30409  21.888  -52.328  -20.267 0.2000000030
30411  20.491  -52.251  -20.581 0.2000000030
30412  19.808  -52.227  -20.667 0.2000000030
30413  19.119  -52.169  -20.432 0.2000000030
30416  16.306  -52.322  -20.492 0.4000000060
30418  10.851  -52.571  -19.691 0.8999999762
30419  10.625  -52.668  -19.945 0.8999999762
30428  21.009  -52.252  -21.291 0.2000000030
30430  19.469  -52.303  -21.303 0.2000000030
30432  18.268  -52.634  -21.256 0.2000000030
30433  15.903  -52.184  -21.668 0.3000000119
30443  20.939  -52.069  -21.833 0.2000000030
30444  20.493  -52.204  -21.863 0.2000000030
30445  19.845  -52.249  -21.934 0.2000000030
30447  18.356  -52.580  -21.940 0.2000000030
30448  15.659  -51.916  -22.342 0.4000000060
30457  18.756  -52.049  -22.730 0.2000000030
30458  18.197  -52.280  -22.743 0.2000000030
30459  17.363  -52.261  -23.145 0.2000000030
30461  16.041  -52.673  -23.285 0.2000000030
31102  11.457  -51.554  9.746 0.1000000015
31112  9.737  -51.790  8.842 0.5000000000
31124  8.704  -51.926  8.055 0.5000000000
31125  8.359  -52.078  7.927 0.5000000000
31126  4.784  -51.749  7.865 0.8000000119
31127  4.126  -51.810  7.982 0.8000000119
31129  3.097  -51.904  7.585 0.6999999881
31144  8.216  -51.733  7.654 0.5000000000
31147  6.096  -51.688  7.365 0.6000000238
31173  3.220  -51.708  6.589 0.6999999881
31194  9.481  -51.759  5.739 0.1000000015
31195  4.940  -51.827  5.465 0.5000000000
31196  4.381  -51.801  5.634 0.5000000000
31197  3.827  -51.669  5.944 0.6000000238
31198  3.410  -51.442  6.245 0.6999999881
31211  8.964  -51.631  5.450 0.1000000015
31214  6.744  -51.375  4.906 0.4000000060
31223  7.070  -50.986  4.737 0.4000000060
31224  6.686  -50.827  4.715 0.5000000000
31246  4.934  -51.897  1.361 0.1000000015
31248  3.777  -51.554  2.176 0.3000000119
31263  4.584  -51.111  1.361 0.1000000015
31267  22.781  -51.618  0.013 0.1000000015
31280  2.719  -51.961  0.763 0.5000000000
31309  3.910  -52.119  -0.743 0.8000000119
31335  5.155  -52.073  -1.939 0.8000000119
31358  22.856  -51.577  -2.763 0.1000000015
31370  9.061  -51.803  -2.923 0.8999999762
31373  6.616  -51.710  -2.733 0.8999999762
31376  4.755  -51.554  -1.969 0.8000000119
31393  11.682  -51.878  -4.260 0.8999999762
31395  10.127  -51.485  -3.649 0.8999999762
31396  9.217  -51.293  -3.391 0.8999999762
31397  8.449  -51.285  -3.218 0.8999999762
31398  7.840  -51.309  -3.078 0.8999999762
31411  12.580  -52.021  -4.950 0.8999999762
31413  11.345  -51.327  -4.400 0.8999999762
31414  10.627  -51.115  -4.187 0.8999999762
31426  13.106  -51.890  -5.508 0.8999999762
31427  12.672  -51.571  -5.362 0.8999999762
31428  12.092  -51.160  -5.192 0.8000000119
31433  13.764  -51.945  -6.104 0.8999999762
31435  12.852  -51.264  -5.802 0.8000000119
31441  14.062  -51.748  -6.591 0.6999999881
31442  13.668  -51.422  -6.375 0.6999999881
31447  15.094  -51.983  -7.719 0.6999999881
31448  14.722  -51.752  -7.372 0.6999999881
31449  14.331  -51.488  -7.071 0.6999999881
31453  15.219  -51.669  -8.070 0.6999999881
31454  14.883  -51.482  -7.844 0.6000000238
31457  16.034  -51.527  -9.213 0.6999999881
31458  15.696  -51.583  -8.666 0.6999999881
31469  16.702  -51.289  -10.505 0.6999999881
31476  17.226  -51.154  -11.706 0.6000000238
31477  4.593  -51.754  -11.880 0.8000000119
31478  4.292  -51.674  -11.911 0.5000000000
31483  23.015  -51.606  -12.897 0.1000000015
31484  17.280  -51.344  -12.513 0.4000000060
31485  5.901  -51.668  -12.670 1.0000000000
31487  4.764  -51.496  -12.239 0.8000000119
31493  22.986  -51.639  -13.143 0.1000000015
31495  16.715  -52.044  -13.763 0.6999999881
31496  7.123  -51.708  -13.620 1.0000000000
31498  6.144  -51.361  -13.014 1.0000000000
31499  5.261  -51.046  -12.821 1.0000000000
31500  4.405  -51.143  -13.084 0.6000000238
31507  23.046  -51.155  -13.843 0.1000000015
31508  16.849  -51.674  -14.390 0.6000000238
31509  16.415  -52.175  -14.170 0.6999999881
31511  7.266  -51.583  -14.024 1.0000000000
31512  6.563  -51.144  -13.850 1.0000000000
31513  6.268  -50.958  -13.532 1.0000000000
31514  4.083  -51.290  -14.010 0.5000000000
31515  3.735  -52.105  -14.033 0.4000000060
31527  16.762  -51.644  -15.234 0.4000000060
31529  15.780  -52.234  -15.251 0.6999999881
31531  8.063  -51.382  -14.949 1.0000000000
31532  7.449  -51.557  -14.947 1.0000000000
31535  5.476  -51.473  -15.083 0.8000000119
31536  4.101  -51.143  -14.494 0.5000000000
31546  23.366  -51.741  -15.666 0.2000000030
31547  23.082  -51.104  -15.645 0.2000000030
31548  16.757  -51.635  -15.826 0.6000000238
31549  16.335  -51.808  -15.634 0.6000000238
31551  9.495  -51.532  -16.144 1.0000000000
31552  8.953  -51.445  -15.844 1.0000000000
31553  8.281  -51.490  -15.833 1.0000000000
31554  7.857  -51.660  -15.481 1.0000000000
31555  5.648  -52.215  -15.172 1.0000000000
31557  4.806  -51.184  -15.868 0.6999999881
31567  23.290  -51.382  -16.171 0.2000000030
31568  20.507  -51.870  -17.071 0.3000000119
31569  20.238  -51.865  -16.826 0.3000000119
31570  16.985  -51.564  -16.328 0.4000000060
31572  16.100  -51.950  -16.021 0.6999999881
31573  9.761  -51.650  -16.763 0.8999999762
31574  9.113  -51.619  -16.724 0.8999999762
31575  8.626  -51.602  -16.409 1.0000000000
31576  5.172  -52.236  -16.377 0.8000000119
31577  4.972  -51.656  -16.318 0.6999999881
31578  4.522  -51.547  -16.378 0.6000000238
31586  23.282  -51.363  -17.880 0.2000000030
31587  21.165  -51.951  -18.077 0.3000000119
31589  19.967  -51.767  -17.310 0.3000000119
31590  19.398  -51.861  -17.406 0.4000000060
31592  16.777  -51.804  -16.815 0.6000000238
31593  10.010  -51.805  -17.599 0.8999999762
31595  5.262  -52.403  -17.006 0.6999999881
31597  4.796  -51.622  -16.738 0.6999999881
31606  23.412  -52.285  -18.345 0.3000000119
31607  23.215  -51.668  -18.365 0.2000000030
31609  20.785  -51.726  -18.405 0.3000000119
31610  20.147  -51.692  -18.183 0.4000000060
31611  19.493  -51.763  -17.982 0.4000000060
31612  17.124  -51.576  -17.581 0.4000000060
31613  16.927  -51.743  -17.199 0.4000000060
31614  9.980  -51.743  -18.287 0.8999999762
31615  9.572  -51.623  -18.200 0.8999999762
31625  23.243  -52.449  -18.657 0.3000000119
31627  21.174  -52.044  -18.910 0.3000000119
31628  20.952  -51.945  -18.992 0.3000000119
31629  20.368  -51.766  -18.923 0.3000000119
31631  17.289  -51.363  -18.157 0.2000000030
31632  9.746  -51.706  -18.561 0.8999999762
31633  9.523  -51.671  -18.540 0.8999999762
31642  22.685  -52.071  -19.452 0.2000000030
31645  20.084  -51.862  -19.559 0.3000000119
31646  19.548  -51.914  -19.791 0.4000000060
31657  21.932  -51.766  -20.500 0.2000000030
31658  21.707  -51.517  -20.775 0.2000000030
31659  20.397  -52.071  -19.993 0.3000000119
31660  19.981  -52.044  -20.154 0.2000000030
31662  17.077  -51.374  -19.694 0.3000000119
31663  16.692  -51.647  -20.311 0.3000000119
31673  21.742  -51.794  -20.896 0.2000000030
31674  21.413  -51.640  -21.134 0.2000000030
31676  16.373  -51.442  -21.066 0.3000000119
31684  21.043  -51.688  -21.617 0.2000000030
31686  20.149  -51.713  -22.290 0.2000000030
31687  19.652  -52.063  -22.528 0.2000000030
31689  15.897  -51.830  -22.743 0.4000000060
31696  19.630  -51.498  -22.514 0.1000000015
31697  19.145  -51.721  -22.751 0.1000000015
31699  17.628  -51.555  -23.054 0.2000000030
31701  16.135  -52.171  -23.072 0.4000000060
32353  16.346  -50.711  10.331 0.1000000015
32354  15.628  -50.834  10.216 0.1000000015
32357  13.169  -50.954  9.776 0.1000000015
32358  12.418  -50.884  9.805 0.1000000015
32359  11.732  -50.874  9.794 0.1000000015
32360  11.106  -50.874  9.632 0.4000000060
32372  9.933  -50.991  8.862 0.3000000119
32373  9.532  -51.332  8.531 0.3000000119
32386  9.130  -51.177  8.037 0.5000000000
32388  3.860  -51.166  7.821 0.6999999881
32389  3.261  -51.197  7.757 0.8000000119
32390  2.953  -51.211  7.298 0.6999999881
32404  8.576  -51.026  7.518 0.4000000060
32405  7.858  -50.990  7.091 0.4000000060
32407  6.470  -51.138  7.050 0.6000000238
32408  5.692  -50.866  7.214 0.6999999881
32409  5.042  -51.127  7.534 0.6999999881
32410  2.951  -51.208  6.781 0.6999999881
32444  7.664  -50.663  6.929 0.6000000238
32445  7.405  -50.686  6.890 0.6000000238
32446  6.854  -50.665  6.882 0.6000000238
32448  3.114  -51.218  6.438 0.6999999881
32468  4.037  -51.156  5.708 0.5000000000
32470  3.203  -50.996  6.189 0.6999999881
32480  8.851  -50.799  5.215 0.1000000015
32481  7.823  -50.606  4.788 0.4000000060
32482  7.362  -50.858  4.736 0.4000000060
32483  6.206  -50.899  4.793 0.4000000060
32484  5.556  -50.806  4.953 0.4000000060
32485  5.024  -50.855  5.192 0.5000000000
32496  6.341  -50.444  4.540 0.5000000000
32537  4.851  -51.191  0.682 0.1000000015
32556  2.867  -51.383  0.302 0.6999999881
32580  3.101  -50.749  -0.939 0.8000000119
32613  3.949  -51.246  -1.225 0.8000000119
32614  3.655  -51.116  -1.199 0.8000000119
32635  23.549  -50.935  -2.514 0.1000000015
32645  3.960  -50.825  -1.743 0.8000000119
32654  23.578  -50.742  -3.095 0.1000000015
32665  6.031  -51.122  -2.962 0.8999999762
32668  4.095  -50.706  -2.083 0.8999999762
32678  23.500  -50.543  -3.519 0.1000000015
32687  9.332  -50.862  -3.949 0.8999999762
32689  7.727  -50.844  -3.542 0.8999999762
32692  5.353  -50.658  -3.153 0.8999999762
32693  4.854  -50.651  -2.858 0.8999999762
32705  22.910  -50.401  -4.173 0.1000000015
32707  21.723  -50.720  -4.669 0.1000000015
32711  10.955  -50.815  -4.655 0.8999999762
32712  10.261  -50.635  -4.589 0.8999999762
32714  8.649  -50.424  -4.349 0.8999999762
32716  7.243  -50.408  -3.959 0.8999999762
32724  22.446  -50.240  -4.807 0.1000000015
32725  22.178  -50.320  -4.893 0.1000000015
32727  11.730  -50.690  -5.448 0.8999999762
32728  11.215  -50.600  -5.082 0.8999999762
32730  9.940  -50.265  -5.070 0.8999999762
32736  13.093  -51.207  -6.051 0.8000000119
32737  12.750  -50.930  -6.086 0.8000000119
32738  12.099  -50.565  -6.075 0.8999999762
32744  13.367  -51.064  -6.453 0.6999999881
32747  11.340  -50.078  -7.131 0.6000000238
32751  14.428  -51.380  -7.327 0.6000000238
32752  14.015  -51.145  -7.072 0.6999999881
32753  13.316  -50.657  -7.173 0.6999999881
32754  12.588  -50.291  -7.315 0.6999999881
32755  11.844  -50.114  -7.531 0.6000000238
32756  11.022  -50.025  -7.708 0.6000000238
32757  10.201  -50.009  -8.012 0.6000000238
32758  9.457  -50.074  -8.212 0.5000000000
32763  14.980  -51.329  -8.112 0.6000000238
32767  12.500  -50.150  -8.043 0.6000000238
32771  9.398  -50.078  -8.752 0.5000000000
32772  8.923  -50.009  -8.888 0.5000000000
32776  15.229  -50.961  -8.681 0.5000000000
32777  14.445  -50.704  -8.415 0.5000000000
32779  13.131  -50.193  -8.557 0.5000000000
32780  12.416  -50.120  -8.729 0.5000000000
32782  11.271  -50.056  -9.095 0.4000000060
32783  9.778  -50.068  -9.057 0.5000000000
32784  9.381  -50.044  -9.156 0.5000000000
32787  15.891  -50.994  -9.447 0.5000000000
32795  16.709  -50.886  -10.840 0.5000000000
32796  16.221  -50.546  -10.427 0.5000000000
32797  15.686  -50.193  -10.137 0.5000000000
32803  23.541  -50.622  -12.175 0.1000000015
32804  16.886  -50.494  -11.344 0.5000000000
32810  17.354  -50.567  -12.246 0.4000000060
32814  23.076  -50.537  -13.297 0.1000000015
32815  22.980  -50.224  -13.583 0.1000000015
32817  6.057  -50.878  -13.429 1.0000000000
32818  5.648  -50.747  -13.372 1.0000000000
32819  4.984  -50.776  -13.385 1.0000000000
32826  22.863  -50.199  -14.020 0.1000000015
32827  17.752  -50.418  -14.766 0.2000000030
32829  6.323  -51.011  -14.011 1.0000000000
32831  5.196  -50.652  -14.015 0.6999999881
32842  22.974  -50.703  -14.253 0.1000000015
32843  22.796  -50.308  -14.797 0.2000000030
32844  17.679  -50.745  -15.259 0.2000000030
32846  6.369  -51.100  -14.226 1.0000000000
32847  6.146  -51.150  -14.582 1.0000000000
32848  5.504  -50.979  -14.820 1.0000000000
32849  4.471  -50.814  -14.665 0.6000000238
32850  4.207  -51.081  -15.144 0.6000000238
32859  22.812  -50.533  -15.613 0.2000000030
32861  17.256  -51.322  -15.719 0.4000000060
32862  5.302  -51.322  -15.168 0.8000000119
32864  4.501  -50.972  -15.367 0.6000000238
32872  23.373  -51.318  -16.665 0.2000000030
32874  17.818  -50.754  -16.677 0.2000000030
32875  17.443  -51.232  -16.467 0.4000000060
32882  23.503  -51.546  -16.998 0.2000000030
32885  17.507  -51.148  -17.138 0.4000000060
32895  22.289  -50.468  -18.520 0.1000000015
32896  17.739  -50.576  -18.012 0.2000000030
32897  17.517  -51.050  -17.785 0.2000000030
32908  22.730  -51.454  -19.122 0.1000000015
32909  22.319  -50.789  -19.024 0.1000000015
32910  17.653  -50.456  -18.589 0.2000000030
32911  17.497  -50.925  -18.416 0.2000000030
32921  22.506  -51.643  -19.660 0.2000000030
32923  21.519  -50.619  -20.175 0.1000000015
32924  17.581  -50.390  -18.874 0.2000000030
32934  21.813  -51.360  -20.489 0.1000000015
32936  17.049  -50.630  -20.061 0.2000000030
32937  16.759  -50.325  -20.351 0.2000000030
32946  20.916  -51.016  -21.353 0.1000000015
32947  20.347  -50.641  -21.555 0.1000000015
32949  16.825  -50.797  -20.392 0.3000000119
32950  16.528  -50.667  -20.661 0.2000000030
32955  20.805  -51.383  -21.745 0.2000000030
32956  20.403  -51.149  -21.868 0.1000000015
32957  19.708  -50.925  -22.161 0.1000000015
32958  19.030  -50.721  -22.380 0.1000000015
32959  18.494  -50.562  -22.540 0.1000000015
32960  15.971  -50.752  -21.525 0.3000000119
32966  18.759  -51.071  -22.724 0.1000000015
32968  17.071  -50.906  -22.758 0.1000000015
33673  18.154  -50.415  9.703 0.1000000015
33677  15.067  -50.335  9.736 0.1000000015
33678  14.275  -50.385  9.571 0.1000000015
33681  12.032  -50.141  9.679 0.3000000119
33693  11.554  -49.843  9.389 0.3000000119
33695  10.303  -50.372  8.956 0.3000000119
33705  10.460  -49.862  8.709 0.3000000119
33708  4.510  -50.655  7.502 0.8000000119
33709  4.223  -50.635  7.543 0.8000000119
33711  3.119  -50.669  7.480 0.8000000119
33723  9.020  -50.338  7.556 0.4000000060
33725  5.455  -50.300  7.078 0.6999999881
33726  4.823  -50.303  7.265 0.6999999881
33727  4.038  -50.098  7.308 0.8000000119
33728  3.374  -50.132  7.281 0.6999999881
33765  7.693  -50.304  6.874 0.5000000000
33767  6.643  -50.114  6.822 0.6999999881
33768  5.938  -50.101  6.913 0.6999999881
33770  3.011  -50.750  6.454 0.6999999881
33791  4.634  -50.596  5.330 0.5000000000
33792  4.194  -50.639  5.539 0.5000000000
33793  3.717  -50.618  5.774 0.6999999881
33794  3.230  -50.520  6.009 0.6999999881
33799  9.757  -49.974  5.425 0.1000000015
33800  9.017  -49.974  5.077 0.1000000015
33802  5.474  -50.292  4.746 0.4000000060
33804  4.300  -50.145  5.314 0.6999999881
33805  3.844  -50.187  5.604 0.6999999881
33806  3.503  -50.215  5.805 0.6999999881
33810  7.715  -49.773  4.514 0.4000000060
33811  7.124  -49.801  4.274 0.5000000000
33812  6.479  -49.883  4.347 0.5000000000
33813  5.797  -49.975  4.527 0.4000000060
33814  5.256  -49.934  4.671 0.4000000060
33832  3.732  -49.615  2.467 0.5000000000
33848  21.583  -49.541  2.563 0.1000000015
33851  3.303  -49.914  2.493 0.5000000000
33867  22.811  -49.826  0.967 0.1000000015
33868  22.364  -49.721  1.639 0.1000000015
33872  4.506  -50.008  0.999 0.2000000030
33891  23.661  -49.563  0.043 0.1000000015
33902  2.824  -50.975  0.457 0.6999999881
33923  23.444  -50.486  -0.361 0.1000000015
33932  4.921  -49.935  -0.384 0.1000000015
33933  4.544  -49.598  0.031 0.1000000015
33966  3.148  -50.222  -1.526 0.8000000119
33967  2.989  -50.285  -1.109 0.8000000119
33997  4.465  -50.420  -2.815 1.0000000000
33998  4.068  -50.232  -2.590 1.0000000000
34011  23.102  -50.354  -4.067 0.1000000015
34017  6.097  -50.195  -3.894 0.8999999762
34027  23.552  -49.867  -4.314 0.1000000015
34028  23.029  -50.020  -4.555 0.1000000015
34029  22.612  -50.169  -4.728 0.1000000015
34037  7.939  -50.093  -4.844 0.8999999762
34039  6.244  -49.860  -4.448 0.8999999762
34040  5.429  -49.806  -4.380 1.0000000000
34048  22.477  -49.919  -5.082 0.1000000015
34053  11.108  -50.233  -5.547 0.8999999762
34054  10.347  -50.082  -5.557 0.8000000119
34055  9.635  -50.049  -5.631 0.8999999762
34056  8.924  -50.009  -5.658 0.8000000119
34058  7.180  -49.725  -5.479 0.6999999881
34065  11.672  -50.273  -6.232 0.6999999881
34066  11.291  -50.158  -6.116 0.8000000119
34068  10.025  -49.995  -6.165 0.8000000119
34069  9.285  -49.983  -6.257 0.8000000119
34075  11.490  -50.172  -6.418 0.6999999881
34076  11.139  -50.088  -6.606 0.8000000119
34077  10.457  -49.987  -6.676 0.6000000238
34080  8.080  -50.050  -7.118 0.6999999881
34087  10.295  -49.982  -7.304 0.6000000238
34089  8.715  -50.148  -7.822 0.5000000000
34091  7.001  -49.847  -8.006 0.6000000238
34092  6.465  -49.489  -7.953 0.6000000238
34095  10.481  -50.038  -8.950 0.4000000060
34096  10.203  -50.045  -9.121 0.5000000000
34099  6.814  -49.398  -8.487 0.6000000238
34100  6.317  -49.168  -8.339 0.6000000238
34103  14.342  -50.366  -8.914 0.5000000000
34104  13.726  -50.177  -9.055 0.5000000000
34106  12.325  -50.143  -9.361 0.4000000060
34107  11.628  -50.111  -9.457 0.4000000060
34109  9.992  -50.052  -9.511 0.4000000060
34110  9.293  -49.934  -9.562 0.5000000000
34111  8.508  -49.740  -9.231 0.5000000000
34115  14.337  -50.051  -9.518 0.4000000060
34118  12.183  -50.102  -9.965 0.4000000060
34120  10.642  -50.020  -10.085 0.4000000060
34122  9.212  -49.527  -9.941 0.5000000000
34129  24.280  -49.942  -11.471 0.1000000015
34131  15.099  -49.926  -10.082 0.4000000060
34132  14.211  -49.788  -10.215 0.4000000060
34133  13.463  -49.877  -10.363 0.3000000119
34134  12.736  -49.952  -10.515 0.4000000060
34135  12.009  -50.014  -10.539 0.4000000060
34136  11.285  -49.993  -10.643 0.4000000060
34144  23.799  -49.935  -11.850 0.1000000015
34145  23.456  -49.928  -12.334 0.1000000015
34146  16.628  -49.751  -11.491 0.3000000119
34147  16.127  -49.726  -10.979 0.3000000119
34149  11.925  -49.864  -11.103 0.4000000060
34150  11.199  -49.793  -11.257 0.4000000060
34151  10.555  -49.519  -11.282 0.4000000060
34152  10.230  -49.257  -11.265 0.3000000119
34158  23.000  -49.851  -13.124 0.1000000015
34163  23.024  -50.041  -13.260 0.1000000015
34165  17.427  -49.922  -12.876 0.3000000119
34174  22.530  -49.609  -14.157 0.1000000015
34175  17.777  -50.020  -14.462 0.2000000030
34197  22.409  -49.970  -15.447 0.1000000015
34198  21.990  -49.502  -15.327 0.1000000015
34199  17.988  -50.215  -16.044 0.2000000030
34208  22.053  -49.697  -15.958 0.1000000015
34219  22.664  -50.352  -17.033 0.2000000030
34221  17.862  -50.209  -17.643 0.2000000030
34233  22.711  -50.535  -17.629 0.2000000030
34234  22.043  -49.971  -17.900 0.1000000015
34250  21.482  -49.698  -18.812 0.1000000015
34251  17.557  -50.022  -18.818 0.2000000030
34252  17.407  -49.766  -19.057 0.2000000030
34262  21.959  -50.603  -19.369 0.1000000015
34264  17.498  -50.291  -19.073 0.2000000030
34265  17.295  -50.042  -19.411 0.2000000030
34276  21.049  -50.140  -20.454 0.1000000015
34278  16.895  -50.045  -20.069 0.2000000030
34279  16.386  -49.999  -20.459 0.2000000030
34280  16.075  -49.607  -20.422 0.2000000030
34289  21.017  -50.565  -20.909 0.1000000015
34290  20.554  -50.162  -21.081 0.1000000015
34291  19.744  -50.177  -21.617 0.1000000015
34292  18.828  -49.907  -21.795 0.1000000015
34293  18.334  -49.926  -21.989 0.1000000015
34295  15.839  -49.676  -20.970 0.2000000030
34300  19.208  -50.380  -22.053 0.1000000015
34302  17.927  -50.093  -22.334 0.1000000015
34304  16.069  -49.985  -22.042 0.1000000015
34310  17.346  -50.388  -22.635 0.1000000015
34311  16.660  -50.358  -22.496 0.1000000015
34312  16.285  -50.344  -22.374 0.1000000015
35012  16.284  -49.670  9.574 0.1000000015
35015  14.510  -49.708  9.445 0.2000000030
35017  13.062  -49.648  9.623 0.2000000030
35028  17.173  -49.227  9.081 0.1000000015
35029  16.358  -49.254  9.280 0.1000000015
35031  14.764  -49.068  9.250 0.1000000015
35033  13.329  -49.081  9.365 0.2000000030
35034  12.671  -49.107  9.410 0.2000000030
35036  11.399  -49.330  9.027 0.3000000119
35048  10.867  -49.354  8.652 0.3000000119
35049  10.343  -49.374  8.235 0.3000000119
35062  9.840  -49.429  7.772 0.4000000060
35064  8.738  -49.812  7.075 0.4000000060
35065  4.753  -49.775  7.040 0.6000000238
35067  3.746  -49.547  6.893 0.6000000238
35068  3.156  -49.850  6.842 0.6999999881
35096  8.738  -49.248  6.891 0.5000000000
35097  8.114  -49.560  6.771 0.5000000000
35099  6.397  -49.484  6.709 0.6000000238
35101  4.969  -49.485  6.835 0.6000000238
35102  4.626  -49.264  6.731 0.6000000238
35103  3.337  -49.473  6.329 0.6999999881
35104  3.032  -50.126  6.416 0.6999999881
35125  3.507  -49.587  5.847 0.6999999881
35126  3.249  -49.922  5.960 0.6999999881
35141  8.694  -49.544  4.785 0.3000000119
35142  4.907  -49.697  4.762 0.5000000000
35143  4.476  -49.565  5.094 0.5000000000
35145  3.569  -49.899  5.732 0.6999999881
35154  8.767  -48.713  4.389 0.5000000000
35158  5.946  -49.330  4.365 0.5000000000
35159  5.274  -49.430  4.551 0.5000000000
35160  4.783  -49.301  4.755 0.5000000000
35174  20.934  -49.154  3.248 0.1000000015
35175  3.819  -49.154  2.353 0.5000000000
35176  3.181  -48.996  2.533 0.5000000000
35177  2.937  -48.644  2.387 0.6000000238
35186  21.524  -48.982  2.542 0.1000000015
35187  4.605  -49.419  1.505 0.2000000030
35189  2.674  -49.215  2.140 0.6000000238
35190  2.747  -48.761  2.383 0.6000000238
35199  22.301  -48.910  1.608 0.1000000015
35200  4.553  -49.435  0.872 0.1000000015
35201  2.519  -49.232  1.557 0.6000000238
35208  23.520  -49.301  0.265 0.1000000015
35213  4.539  -49.215  0.405 0.1000000015
35227  4.813  -49.200  -0.557 0.1000000015
35228  4.573  -49.194  -0.139 0.1000000015
35232  24.769  -48.521  -1.242 0.1000000015
35282  3.870  -48.812  -3.143 1.0000000000
35301  4.145  -49.772  -3.009 1.0000000000
35308  24.249  -49.111  -4.240 0.1000000015
35310  23.115  -49.608  -4.963 0.1000000015
35315  5.275  -49.401  -4.949 0.8000000119
35322  22.850  -49.193  -5.362 0.1000000015
35332  4.951  -49.000  -5.375 0.8999999762
35336  22.509  -48.881  -5.762 0.1000000015
35337  22.344  -49.064  -5.725 0.1000000015
35339  20.488  -49.134  -5.888 0.1000000015
35342  6.229  -49.364  -6.535 0.6999999881
35348  6.702  -49.669  -7.241 0.6999999881
35351  5.126  -48.929  -6.451 0.6999999881
35354  5.987  -49.195  -7.981 0.6999999881
35355  5.645  -49.019  -7.614 0.6999999881
35361  8.005  -48.705  -8.546 0.5000000000
35364  5.975  -48.792  -8.431 0.6999999881
35372  8.974  -48.927  -9.161 0.5000000000
35373  8.495  -49.025  -8.915 0.5000000000
35374  7.958  -49.005  -8.707 0.5000000000
35381  9.282  -48.760  -9.808 0.5000000000
35382  8.847  -49.101  -9.320 0.5000000000
35391  24.092  -49.213  -11.602 0.1000000015
35392  15.449  -49.514  -10.815 0.5000000000
35394  13.937  -49.526  -10.868 0.3000000119
35396  12.799  -49.826  -10.964 0.4000000060
35397  9.780  -48.901  -10.575 0.5000000000
35398  9.566  -48.902  -10.118 0.5000000000
35406  23.265  -49.254  -12.449 0.1000000015
35408  15.766  -49.178  -11.353 0.4000000060
35410  14.362  -49.102  -11.507 0.3000000119
35411  13.567  -49.313  -11.427 0.3000000119
35412  12.707  -49.625  -11.427 0.4000000060
35413  11.860  -49.620  -11.712 0.4000000060
35416  10.056  -48.865  -11.256 0.3000000119
35424  22.978  -49.266  -12.854 0.1000000015
35425  22.816  -49.336  -13.223 0.1000000015
35426  16.634  -49.166  -12.110 0.3000000119
35427  15.992  -48.891  -11.899 0.3000000119
35428  15.484  -48.842  -11.723 0.4000000060
35430  13.927  -48.955  -11.877 0.3000000119
35432  12.461  -49.298  -12.120 0.4000000060
35434  10.963  -48.978  -12.387 0.4000000060
35435  10.394  -48.636  -11.982 0.3000000119
35444  22.559  -49.185  -13.594 0.1000000015
35446  12.863  -49.002  -12.451 0.4000000060
35447  12.343  -48.991  -12.684 0.3000000119
35448  11.646  -48.872  -12.880 0.4000000060
35449  11.101  -48.607  -12.982 0.4000000060
35465  21.998  -48.856  -14.181 0.1000000015
35466  17.713  -49.392  -14.150 0.2000000030
35467  17.447  -49.223  -13.486 0.2000000030
35483  22.159  -49.216  -14.346 0.1000000015
35484  21.850  -48.974  -14.625 0.1000000015
35485  21.502  -48.753  -14.919 0.1000000015
35486  17.892  -49.400  -14.852 0.2000000030
35502  21.712  -49.113  -15.141 0.1000000015
35503  21.344  -48.826  -15.351 0.1000000015
35504  17.963  -49.428  -15.653 0.2000000030
35519  21.674  -49.239  -15.683 0.1000000015
35520  21.245  -48.931  -15.972 0.1000000015
35521  17.850  -49.366  -16.604 0.2000000030
35536  21.179  -48.987  -16.719 0.1000000015
35537  17.770  -49.599  -17.590 0.2000000030
35538  17.365  -49.050  -17.922 0.2000000030
35551  21.179  -49.012  -17.694 0.1000000015
35552  17.550  -49.514  -18.442 0.2000000030
35564  21.000  -48.894  -18.684 0.1000000015
35565  20.729  -48.390  -19.006 0.1000000015
35566  17.469  -49.648  -18.847 0.2000000030
35567  17.164  -49.349  -19.086 0.2000000030
35568  16.823  -48.976  -19.046 0.2000000030
35582  20.694  -48.673  -19.467 0.1000000015
35584  16.463  -49.014  -19.590 0.2000000030
35595  21.035  -49.723  -19.994 0.1000000015
35596  20.510  -49.196  -20.346 0.1000000015
35598  19.145  -48.853  -20.931 0.1000000015
35599  16.654  -49.785  -20.117 0.2000000030
35600  16.394  -49.516  -20.112 0.2000000030
35601  15.917  -49.101  -20.284 0.2000000030
35606  20.440  -49.657  -20.792 0.1000000015
35607  20.028  -49.523  -21.038 0.1000000015
35610  16.872  -48.917  -21.604 0.1000000015
35611  16.104  -48.670  -21.521 0.2000000030
35612  15.709  -48.946  -21.094 0.2000000030
35618  17.468  -49.728  -22.102 0.1000000015
35619  16.930  -49.514  -21.986 0.1000000015
35620  16.203  -49.209  -21.861 0.2000000030
35621  15.738  -48.986  -21.663 0.2000000030
36402  15.848  -48.468  8.933 0.1000000015
36404  14.295  -48.432  9.064 0.2000000030
36407  12.301  -48.554  9.019 0.2000000030
36420  17.174  -48.093  8.541 0.1000000015
36421  16.775  -47.995  8.554 0.2000000030
36424  10.737  -48.852  8.198 0.3000000119
36433  18.906  -47.981  7.764 0.1000000015
36434  10.875  -48.329  7.968 0.4000000060
36436  9.623  -48.893  7.356 0.4000000060
36437  4.448  -49.199  6.688 0.6000000238
36438  4.211  -49.215  6.676 0.6000000238
36458  9.090  -48.640  6.919 0.4000000060
36461  6.821  -48.837  6.500 0.6000000238
36462  6.088  -48.853  6.436 0.8000000119
36464  4.629  -48.802  6.480 0.6999999881
36485  4.318  -48.710  5.724 0.6999999881
36486  3.821  -49.238  5.866 0.6999999881
36496  10.039  -48.350  4.944 0.1000000015
36497  9.541  -48.713  4.818 0.4000000060
36499  4.094  -49.140  5.369 0.6999999881
36508  8.501  -48.395  4.044 0.5000000000
36510  6.872  -48.494  4.156 0.5000000000
36511  6.128  -48.650  4.405 0.5000000000
36513  4.975  -48.980  4.661 0.6999999881
36521  20.280  -48.691  3.766 0.1000000015
36522  9.095  -48.044  3.946 0.5000000000
36523  8.697  -47.983  3.765 0.5000000000
36536  21.274  -48.570  2.745 0.1000000015
36537  21.007  -48.657  3.047 0.1000000015
36539  3.095  -48.400  2.309 0.5000000000
36540  2.772  -48.415  2.249 0.6000000238
36553  21.925  -48.436  1.949 0.1000000015
36554  21.574  -48.534  2.386 0.1000000015
36555  4.434  -48.811  1.642 0.3000000119
36556  4.062  -48.586  1.947 0.5000000000
36557  2.475  -48.825  1.747 0.6000000238
36571  22.272  -48.345  1.544 0.1000000015
36575  2.485  -48.661  1.237 0.6000000238
36576  2.404  -48.440  1.659 0.6000000238
36580  23.603  -48.662  0.348 0.1000000015
36581  23.151  -48.469  0.765 0.1000000015
36584  4.533  -48.093  0.323 0.2000000030
36585  4.529  -48.518  0.216 0.1000000015
36586  2.495  -48.652  0.503 0.8000000119
36598  4.831  -48.811  -0.866 0.1000000015
36605  24.448  -48.492  -0.591 0.1000000015
36620  25.255  -47.772  -1.680 0.1000000015
36621  25.103  -48.009  -1.519 0.1000000015
36633  2.372  -48.444  -1.633 1.0000000000
36644  25.263  -47.819  -1.924 0.1000000015
36660  5.871  -48.092  -2.763 0.1000000015
36661  3.608  -48.634  -3.081 1.0000000000
36662  3.198  -48.238  -3.040 1.0000000000
36671  25.014  -48.350  -3.225 0.1000000015
36686  3.441  -47.889  -3.412 1.0000000000
36692  24.192  -48.769  -4.648 0.1000000015
36702  23.848  -48.526  -5.100 0.1000000015
36703  23.290  -48.490  -5.456 0.1000000015
36704  21.889  -48.998  -5.817 0.1000000015
36705  21.635  -48.991  -5.842 0.1000000015
36715  22.034  -48.671  -5.926 0.1000000015
36724  5.245  -48.756  -7.458 0.6999999881
36725  4.884  -48.460  -7.046 0.8000000119
36731  9.158  -47.955  -8.079 0.3000000119
36733  5.353  -48.635  -7.892 0.6999999881
36745  9.825  -48.282  -8.788 0.4000000060
36746  9.260  -48.359  -8.527 0.4000000060
36751  5.549  -48.332  -8.289 0.6999999881
36752  5.296  -48.319  -8.000 0.8000000119
36763  10.404  -48.285  -9.718 0.3000000119
36765  9.400  -48.658  -9.154 0.5000000000
36777  10.028  -48.479  -10.029 0.5000000000
36778  9.648  -48.708  -9.782 0.5000000000
36790  10.410  -48.167  -10.498 0.5000000000
36791  10.099  -48.377  -10.725 0.5000000000
36792  9.786  -48.664  -10.261 0.5000000000
36802  23.830  -48.475  -11.744 0.1000000015
36804  15.056  -48.730  -11.805 0.4000000060
36805  14.761  -48.876  -11.696 0.4000000060
36806  10.173  -48.304  -11.526 0.3000000119
36819  22.626  -48.712  -13.070 0.1000000015
36820  16.801  -48.767  -12.698 0.3000000119
36822  15.409  -48.485  -12.271 0.3000000119
36823  14.455  -48.641  -12.112 0.3000000119
36824  13.645  -48.799  -12.414 0.3000000119
36825  13.207  -48.909  -12.465 0.4000000060
36839  22.271  -48.684  -13.558 0.1000000015
36840  21.984  -48.307  -13.622 0.1000000015
36841  17.110  -48.749  -13.169 0.3000000119
36842  16.600  -48.354  -13.193 0.3000000119
36843  15.718  -48.100  -13.171 0.2000000030
36845  13.900  -48.383  -12.989 0.3000000119
36846  13.062  -48.688  -12.937 0.3000000119
36848  11.549  -48.457  -13.427 0.4000000060
36850  10.449  -47.871  -12.974 0.3000000119
36866  22.049  -48.647  -13.888 0.1000000015
36868  21.316  -48.155  -14.357 0.1000000015
36870  17.144  -48.435  -13.951 0.2000000030
36872  15.604  -47.777  -13.919 0.2000000030
36874  12.810  -48.370  -13.685 0.3000000119
36875  12.072  -48.281  -13.928 0.3000000119
36876  11.393  -48.089  -14.022 0.3000000119
36877  10.986  -47.925  -14.112 0.4000000060
36894  21.496  -48.524  -14.573 0.1000000015
36896  20.721  -48.080  -15.208 0.1000000015
36897  17.651  -48.811  -14.518 0.2000000030
36898  17.201  -48.276  -15.035 0.2000000030
36899  11.824  -48.029  -14.308 0.3000000119
36900  11.518  -47.864  -14.484 0.3000000119
36914  20.950  -48.466  -15.556 0.1000000015
36915  20.541  -48.028  -15.725 0.1000000015
36917  17.383  -48.419  -15.821 0.2000000030
36929  17.733  -48.866  -16.006 0.2000000030
36930  17.320  -48.546  -16.631 0.2000000030
36931  16.752  -48.274  -17.108 0.2000000030
36940  17.063  -48.618  -17.478 0.2000000030
36951  20.689  -48.246  -17.734 0.1000000015
36952  20.415  -47.563  -17.834 0.1000000015
36953  16.868  -48.608  -18.244 0.2000000030
36954  16.426  -48.106  -18.322 0.2000000030
36969  20.637  -48.012  -18.534 0.1000000015
36970  16.902  -48.873  -18.778 0.2000000030
36983  20.563  -47.996  -19.305 0.1000000015
36984  18.439  -48.017  -19.831 0.2000000030
36985  17.588  -47.942  -19.863 0.2000000030
36986  17.106  -47.833  -19.887 0.2000000030
36987  16.158  -48.442  -19.592 0.2000000030
36988  15.871  -48.511  -20.020 0.2000000030
36996  18.949  -48.471  -20.561 0.1000000015
36998  16.997  -48.123  -20.349 0.2000000030
36999  16.244  -48.223  -20.560 0.2000000030
37000  15.834  -48.528  -20.539 0.2000000030
37008  18.378  -48.907  -20.924 0.1000000015
37009  17.456  -48.683  -21.014 0.2000000030
37011  15.982  -48.431  -21.018 0.2000000030
37785  16.546  -47.943  8.584 0.2000000030
37786  16.175  -47.874  8.639 0.2000000030
37787  15.368  -47.694  8.714 0.2000000030
37789  13.849  -47.852  8.777 0.2000000030
37790  13.260  -48.050  8.755 0.2000000030
37791  12.739  -48.117  8.770 0.3000000119
37801  18.198  -47.627  8.162 0.2000000030
37804  15.938  -47.203  8.496 0.1000000015
37806  13.454  -47.561  8.616 0.2000000030
37807  12.961  -47.591  8.528 0.3000000119
37808  12.244  -47.805  8.522 0.3000000119
37812  19.314  -47.932  7.206 0.1000000015
37813  18.932  -47.559  7.422 0.1000000015
37814  11.821  -47.578  8.208 0.3000000119
37815  11.332  -47.794  7.985 0.3000000119
37829  10.057  -47.720  6.985 0.4000000060
37831  8.579  -47.956  6.623 0.5000000000
37832  7.870  -48.073  6.480 0.5000000000
37834  6.465  -48.170  6.117 0.6000000238
37835  5.780  -48.360  6.077 0.6999999881
37836  5.229  -48.444  6.065 0.6999999881
37857  5.514  -47.913  5.741 0.6999999881
37869  12.316  -47.315  5.713 0.1000000015
37873  5.374  -47.962  5.282 0.6999999881
37874  4.924  -48.366  5.212 0.6999999881
37878  19.747  -48.130  4.022 0.1000000015
37881  10.033  -47.631  4.572 0.4000000060
37882  9.610  -47.585  4.179 0.6000000238
37883  7.689  -47.487  4.012 0.6000000238
37885  6.322  -47.953  4.606 0.6999999881
37886  5.620  -48.112  4.802 0.6999999881
37887  5.056  -48.590  4.793 0.6999999881
37891  20.543  -48.121  3.329 0.1000000015
37892  20.079  -47.935  3.599 0.1000000015
37894  9.227  -47.537  3.778 0.5000000000
37895  8.856  -47.621  3.524 0.6000000238
37896  8.297  -47.495  3.581 0.6999999881
37898  5.863  -47.678  4.856 0.6999999881
37903  20.868  -47.930  2.929 0.1000000015
37906  8.748  -47.230  3.285 0.6000000238
37908  3.326  -47.986  2.023 0.5000000000
37909  2.874  -48.008  1.993 0.6000000238
37910  2.623  -48.226  2.068 0.6000000238
37915  22.031  -47.823  1.708 0.1000000015
37918  3.887  -47.743  1.565 0.5000000000
37919  3.741  -48.074  1.889 0.5000000000
37920  2.710  -47.803  1.755 0.6000000238
37921  2.451  -48.020  1.803 0.6000000238
37934  23.467  -47.545  0.714 0.1000000015
37935  22.955  -47.863  0.980 0.1000000015
37938  4.237  -47.951  1.335 0.3000000119
37939  4.037  -48.153  1.650 0.3000000119
37941  2.369  -48.175  1.390 0.6999999881
37953  24.206  -47.443  0.038 0.1000000015
37956  4.672  -47.728  0.108 0.2000000030
37957  4.517  -48.120  0.089 0.2000000030
37958  2.300  -48.117  0.258 0.6999999881
37962  24.568  -47.568  -0.485 0.1000000015
37963  24.272  -47.926  -0.146 0.1000000015
37965  4.566  -48.192  -0.169 0.1000000015
37969  25.296  -47.277  -1.294 0.1000000015
37978  25.215  -47.577  -1.375 0.1000000015
37982  2.269  -47.532  -1.854 1.0000000000
38003  2.403  -47.373  -2.444 1.0000000000
38009  25.283  -47.800  -3.142 0.1000000015
38025  3.256  -47.451  -3.308 1.0000000000
38045  4.119  -47.646  -4.042 0.8999999762
38064  23.761  -47.538  -5.559 0.1000000015
38086  10.924  -47.281  -8.141 0.3000000119
38088  9.723  -47.516  -7.940 0.3000000119
38089  8.948  -47.421  -7.881 0.3000000119
38090  8.447  -47.266  -7.944 0.5000000000
38091  5.367  -47.096  -7.925 0.8000000119
38103  11.637  -47.331  -8.650 0.3000000119
38105  10.203  -47.836  -8.426 0.4000000060
38107  8.528  -47.688  -7.979 0.3000000119
38110  6.534  -47.484  -8.448 0.6000000238
38111  5.642  -47.482  -8.295 0.8000000119
38112  5.248  -47.991  -8.045 0.8000000119
38126  12.329  -47.359  -9.440 0.3000000119
38128  10.989  -48.015  -9.445 0.3000000119
38140  12.854  -47.386  -10.690 0.2000000030
38143  10.683  -48.120  -10.153 0.3000000119
38158  12.878  -47.313  -11.336 0.3000000119
38161  10.663  -47.927  -10.859 0.3000000119
38174  22.982  -47.208  -12.055 0.1000000015
38175  12.855  -47.197  -11.712 0.2000000030
38176  12.408  -47.300  -11.825 0.3000000119
38177  11.741  -47.493  -11.671 0.3000000119
38179  10.368  -47.835  -11.665 0.3000000119
38188  23.060  -48.133  -12.271 0.1000000015
38189  22.582  -47.664  -12.557 0.1000000015
38191  12.264  -47.214  -12.143 0.3000000119
38192  11.975  -47.266  -12.193 0.3000000119
38193  11.323  -47.334  -12.292 0.2000000030
38194  10.627  -47.518  -12.521 0.3000000119
38202  21.705  -47.547  -13.445 0.1000000015
38206  13.720  -48.113  -13.495 0.2000000030
38207  10.489  -47.687  -13.654 0.4000000060
38219  21.410  -47.924  -14.023 0.1000000015
38220  20.945  -47.534  -14.290 0.1000000015
38221  20.441  -47.156  -14.626 0.1000000015
38224  15.108  -47.644  -14.438 0.2000000030
38225  14.323  -47.757  -14.300 0.2000000030
38226  13.441  -47.986  -14.078 0.2000000030
38228  12.121  -48.056  -14.327 0.3000000119
38230  10.560  -47.498  -14.237 0.2000000030
38242  20.403  -47.534  -15.091 0.1000000015
38243  16.659  -47.859  -15.310 0.2000000030
38244  16.070  -47.668  -15.231 0.2000000030
38245  15.327  -47.603  -15.163 0.2000000030
38247  13.708  -47.734  -14.996 0.2000000030
38249  12.008  -47.834  -14.762 0.3000000119
38250  11.328  -47.602  -14.875 0.3000000119
38251  10.735  -47.263  -14.816 0.3000000119
38252  10.353  -47.017  -14.425 0.2000000030
38261  20.100  -47.430  -15.889 0.1000000015
38263  16.941  -48.014  -15.791 0.2000000030
38265  15.555  -47.626  -15.871 0.2000000030
38268  13.068  -47.559  -15.785 0.3000000119
38269  12.229  -47.547  -15.490 0.3000000119
38271  11.111  -47.227  -15.344 0.3000000119
38282  20.023  -47.344  -16.629 0.1000000015
38283  19.822  -46.873  -16.435 0.1000000015
38285  16.652  -48.029  -16.498 0.2000000030
38289  13.559  -47.267  -16.387 0.2000000030
38303  20.120  -47.174  -17.322 0.1000000015
38304  16.188  -47.959  -17.206 0.2000000030
38305  15.755  -47.428  -17.345 0.2000000030
38322  15.868  -47.173  -17.745 0.2000000030
38336  18.179  -47.095  -18.975 0.2000000030
38337  17.457  -47.238  -18.882 0.2000000030
38343  20.460  -47.298  -19.089 0.1000000015
38344  18.676  -47.292  -19.445 0.2000000030
38346  17.096  -47.637  -19.436 0.2000000030
38347  16.388  -47.884  -19.463 0.2000000030
38348  15.947  -48.045  -19.889 0.2000000030
38355  19.990  -47.576  -20.144 0.1000000015
38358  16.334  -47.940  -20.068 0.2000000030
38359  15.976  -48.203  -20.212 0.2000000030
39214  14.757  -47.140  8.630 0.2000000030
39216  13.715  -47.395  8.637 0.2000000030
39226  16.397  -46.644  8.382 0.2000000030
39227  15.664  -46.533  8.425 0.2000000030
39229  14.280  -46.642  8.516 0.2000000030
39232  12.107  -47.364  8.176 0.3000000119
39239  11.820  -47.076  7.759 0.3000000119
39240  11.103  -47.239  7.452 0.4000000060
39248  11.370  -46.796  7.278 0.4000000060
39249  10.853  -46.774  6.939 0.4000000060
39251  9.512  -47.163  6.527 0.5000000000
39253  8.130  -47.359  6.345 0.6000000238
39255  6.952  -47.728  5.944 0.8000000119
39272  9.101  -46.635  6.243 0.5000000000
39273  8.424  -46.690  6.141 0.5000000000
39275  7.149  -47.251  5.660 0.6000000238
39276  6.452  -47.470  5.712 0.8000000119
39277  5.930  -47.558  5.575 0.6999999881
39290  12.697  -46.736  5.464 0.1000000015
39293  10.871  -47.126  4.855 0.2000000030
39294  10.403  -47.236  4.594 0.4000000060
39296  6.789  -47.059  5.209 0.8000000119
39297  6.161  -47.296  5.210 0.6999999881
39302  18.288  -46.910  4.566 0.1000000015
39304  11.111  -46.707  4.603 0.2000000030
39306  9.998  -47.034  4.115 0.6000000238
39309  6.556  -47.341  4.719 0.6999999881
39310  5.990  -47.551  4.872 0.6999999881
39311  5.739  -47.670  5.031 0.6999999881
39314  19.666  -47.375  3.552 0.1000000015
39317  9.737  -46.890  3.700 0.6000000238
39318  9.404  -47.026  3.478 0.6000000238
39320  5.792  -47.572  4.860 0.6999999881
39321  5.720  -47.855  4.874 0.6999999881
39324  20.480  -47.423  2.803 0.1000000015
39327  9.032  -47.199  3.014 0.6000000238
39328  8.738  -46.788  3.252 0.6999999881
39329  8.336  -46.748  3.436 0.6999999881
39330  3.337  -47.776  1.873 0.5000000000
39331  3.115  -47.739  1.903 0.6000000238
39334  22.042  -47.488  1.639 0.1000000015
39337  20.085  -46.554  2.384 0.2000000030
39338  3.820  -47.499  1.532 0.5000000000
39339  3.531  -47.611  1.700 0.5000000000
39341  2.583  -47.654  1.574 0.6000000238
39347  23.242  -47.103  0.967 0.1000000015
39349  21.598  -46.823  1.553 0.1000000015
39351  4.499  -46.976  0.788 0.4000000060
39353  3.407  -47.069  1.207 0.6999999881
39354  2.649  -47.397  1.090 0.6000000238
39355  2.390  -47.802  1.363 0.6000000238
39369  23.457  -46.835  0.803 0.1000000015
39373  2.418  -47.516  0.322 0.8000000119
39384  25.318  -46.451  -0.902 0.2000000030
39385  24.964  -46.926  -0.664 0.2000000030
39389  2.483  -47.158  -0.411 0.8000000119
39393  25.243  -46.996  -1.052 0.1000000015
39394  5.846  -46.618  -1.737 0.1000000015
39396  2.802  -46.307  -1.075 0.8000000119
39397  2.422  -46.751  -1.287 0.8000000119
39417  25.656  -46.864  -2.790 0.1000000015
39421  2.587  -46.934  -2.645 1.0000000000
39425  25.635  -46.800  -3.511 0.1000000015
39430  3.999  -47.121  -3.866 1.0000000000
39431  3.594  -46.845  -3.680 1.0000000000
39435  25.363  -46.882  -4.256 0.1000000015
39436  25.037  -47.346  -4.447 0.1000000015
39442  4.146  -46.898  -4.424 1.0000000000
39446  24.800  -47.019  -4.981 0.1000000015
39462  23.587  -47.117  -5.814 0.1000000015
39463  22.989  -46.957  -6.108 0.1000000015
39478  4.332  -46.857  -5.668 1.0000000000
39504  11.222  -46.696  -8.040 0.3000000119
39505  10.903  -46.875  -7.978 0.3000000119
39506  10.113  -46.837  -7.868 0.3000000119
39508  8.681  -46.805  -7.980 0.4000000060
39510  5.178  -46.771  -7.711 0.8999999762
39523  12.092  -46.571  -8.604 0.3000000119
39525  11.168  -47.181  -8.173 0.3000000119
39526  7.615  -46.923  -8.220 0.5000000000
39527  6.954  -46.815  -8.399 0.5000000000
39545  13.698  -46.301  -9.582 0.2000000030
39546  13.386  -46.473  -9.450 0.2000000030
39548  11.935  -47.174  -8.747 0.3000000119
39564  12.625  -47.268  -9.592 0.3000000119
39577  14.597  -46.352  -10.998 0.2000000030
39583  24.500  -46.944  -11.172 0.1000000015
39584  23.843  -46.886  -11.450 0.1000000015
39586  14.667  -46.430  -11.386 0.2000000030
39589  12.827  -47.101  -11.992 0.2000000030
39595  22.283  -46.629  -12.454 0.1000000015
39596  14.455  -46.623  -11.929 0.2000000030
39597  13.915  -46.770  -12.219 0.2000000030
39598  13.153  -46.911  -12.332 0.2000000030
39600  11.728  -47.005  -12.734 0.2000000030
39602  10.564  -47.022  -13.044 0.3000000119
39611  21.766  -46.477  -12.896 0.1000000015
39613  13.548  -46.690  -12.760 0.2000000030
39614  12.888  -46.708  -12.891 0.2000000030
39615  12.199  -46.695  -13.068 0.2000000030
39616  11.507  -46.556  -13.438 0.2000000030
39618  10.301  -46.890  -13.530 0.2000000030
39628  20.478  -46.742  -14.293 0.1000000015
39629  11.428  -46.193  -13.859 0.2000000030
39630  10.956  -46.279  -13.877 0.2000000030
39631  10.260  -46.459  -14.108 0.2000000030
39642  19.792  -46.271  -15.273 0.1000000015
39643  10.733  -47.077  -15.121 0.3000000119
39655  20.008  -47.122  -15.407 0.1000000015
39656  19.767  -46.642  -15.816 0.1000000015
39657  12.879  -47.194  -16.495 0.3000000119
39659  11.557  -47.124  -15.844 0.3000000119
39660  10.888  -46.692  -15.770 0.3000000119
39661  10.581  -46.621  -15.441 0.3000000119
39672  19.886  -46.785  -16.926 0.1000000015
39673  19.737  -46.393  -16.604 0.1000000015
39675  14.673  -46.760  -16.576 0.2000000030
39676  13.919  -46.678  -16.537 0.2000000030
39678  12.396  -46.656  -16.701 0.3000000119
39679  11.645  -46.714  -16.442 0.3000000119
39680  11.219  -46.718  -16.137 0.3000000119
39690  20.006  -46.450  -17.470 0.1000000015
39691  19.832  -46.367  -17.041 0.1000000015
39692  16.685  -46.521  -17.468 0.2000000030
39693  16.186  -46.715  -17.447 0.2000000030
39694  15.823  -46.950  -17.401 0.2000000030
39702  20.204  -46.493  -18.168 0.1000000015
39703  17.513  -46.481  -17.944 0.2000000030
39704  16.939  -46.731  -17.894 0.2000000030
39706  16.014  -46.931  -17.658 0.2000000030
39710  18.439  -46.578  -18.777 0.2000000030
39712  17.168  -46.941  -18.351 0.2000000030
39713  16.736  -47.026  -18.214 0.2000000030
39718  20.125  -46.694  -19.598 0.1000000015
39720  18.894  -46.581  -19.291 0.2000000030
39726  20.076  -47.181  -19.901 0.1000000015
39727  19.690  -47.075  -19.922 0.1000000015
39728  19.181  -47.000  -19.743 0.2000000030
40588  15.297  -45.946  8.325 0.1000000015
40591  13.135  -46.407  7.982 0.3000000119
40592  12.609  -46.564  7.727 0.3000000119
40600  12.846  -46.016  7.377 0.3000000119
40601  12.131  -46.490  7.378 0.4000000060
40610  12.167  -45.904  6.938 0.3000000119
40612  10.457  -46.188  6.329 0.4000000060
40613  9.977  -46.461  6.247 0.5000000000
40623  12.939  -46.597  5.482 0.1000000015
40624  10.049  -45.745  5.984 0.4000000060
40625  9.565  -46.076  6.037 0.5000000000
40627  8.128  -46.158  5.653 0.6000000238
40628  7.741  -46.474  5.494 0.8000000119
40641  13.516  -46.015  5.378 0.1000000015
40643  11.869  -46.494  4.710 0.4000000060
40644  11.412  -46.572  4.617 0.2000000030
40645  8.067  -45.947  5.317 0.6999999881
40646  7.762  -46.221  5.075 0.8000000119
40655  16.558  -45.456  4.889 0.2000000030
40657  12.008  -45.926  4.455 0.4000000060
40658  11.139  -46.130  4.169 0.4000000060
40659  10.303  -46.503  3.865 0.6999999881
40660  10.153  -46.735  3.831 0.6000000238
40662  7.849  -46.298  4.304 0.8000000119
40665  18.818  -46.112  3.330 0.2000000030
40666  18.343  -45.690  3.411 0.2000000030
40668  10.491  -45.871  3.389 0.6999999881
40670  9.357  -46.742  3.297 0.6000000238
40672  7.971  -46.190  3.833 0.6000000238
40675  19.564  -46.268  2.572 0.2000000030
40676  18.943  -45.803  2.693 0.2000000030
40678  10.363  -45.580  2.899 0.6000000238
40679  9.896  -45.814  3.112 0.6000000238
40681  8.628  -46.367  3.279 0.6000000238
40682  8.187  -46.135  3.549 0.6000000238
40685  20.293  -46.344  1.984 0.2000000030
40691  22.770  -46.645  1.082 0.1000000015
40693  21.447  -46.236  1.307 0.1000000015
40695  20.019  -45.860  1.650 0.2000000030
40697  4.670  -46.539  0.445 0.4000000060
40707  22.733  -46.207  1.015 0.2000000030
40709  6.256  -45.736  0.115 0.2000000030
40712  3.818  -46.595  0.653 0.6999999881
40723  25.342  -45.890  -0.746 0.2000000030
40725  7.942  -45.354  -1.006 0.2000000030
40732  25.882  -45.638  -1.285 0.2000000030
40733  25.678  -45.842  -1.170 0.2000000030
40734  7.944  -45.502  -1.277 0.2000000030
40735  7.299  -45.824  -1.316 0.2000000030
40737  4.132  -45.882  -0.755 0.5000000000
40745  25.834  -46.209  -1.713 0.1000000015
40751  2.613  -46.335  -1.883 0.8000000119
40766  7.034  -46.017  -2.845 0.1000000015
40768  3.133  -45.937  -2.899 0.8999999762
40771  26.121  -45.737  -2.644 0.2000000030
40780  26.121  -45.756  -3.286 0.1000000015
40785  4.082  -46.506  -4.501 1.0000000000
40788  25.540  -46.163  -4.642 0.1000000015
40790  24.398  -46.466  -5.408 0.1000000015
40796  4.138  -46.417  -4.820 1.0000000000
40797  3.976  -45.839  -4.986 1.0000000000
40814  4.005  -45.514  -5.436 1.0000000000
40854  11.088  -46.386  -7.978 0.3000000119
40857  8.968  -46.271  -8.083 0.4000000060
40858  8.289  -46.241  -8.272 0.4000000060
40859  7.891  -46.574  -8.278 0.5000000000
40861  4.667  -45.828  -7.200 1.0000000000
40871  12.098  -46.075  -8.591 0.3000000119
40872  11.381  -45.940  -8.283 0.3000000119
40873  10.691  -45.868  -8.177 0.3000000119
40874  10.222  -45.946  -8.120 0.3000000119
40875  7.989  -45.892  -8.553 0.4000000060
40879  5.361  -45.984  -8.327 1.0000000000
40896  13.743  -45.921  -9.589 0.2000000030
40898  12.576  -46.094  -8.880 0.2000000030
40899  6.457  -45.565  -8.874 0.8000000119
40900  6.237  -45.695  -8.809 0.8000000119
40912  14.666  -45.645  -10.468 0.2000000030
40913  14.233  -46.016  -10.154 0.2000000030
40920  24.925  -46.234  -11.017 0.1000000015
40921  15.485  -45.551  -11.372 0.2000000030
40930  23.676  -46.063  -11.496 0.1000000015
40932  15.574  -45.648  -11.962 0.2000000030
40933  15.158  -46.013  -11.572 0.2000000030
40940  22.133  -45.835  -12.514 0.1000000015
40941  15.573  -45.593  -12.560 0.2000000030
40951  21.758  -45.676  -12.804 0.1000000015
40952  21.408  -45.846  -13.162 0.1000000015
40953  15.590  -45.469  -12.904 0.2000000030
40955  14.297  -46.302  -12.901 0.2000000030
40957  12.607  -46.345  -13.399 0.2000000030
40969  20.985  -45.984  -13.601 0.1000000015
40970  20.607  -46.168  -13.968 0.1000000015
40971  15.028  -45.540  -13.305 0.2000000030
40972  14.692  -45.676  -13.400 0.2000000030
40976  11.292  -45.937  -14.169 0.2000000030
40993  11.635  -45.602  -14.437 0.2000000030
40994  11.084  -45.620  -14.647 0.2000000030
40995  10.444  -45.890  -14.874 0.2000000030
41006  19.710  -45.805  -15.511 0.1000000015
41007  10.749  -46.362  -15.927 0.3000000119
41008  10.545  -46.199  -15.652 0.3000000119
41018  16.792  -45.764  -16.854 0.2000000030
41019  16.551  -45.859  -16.795 0.2000000030
41023  13.508  -45.974  -16.490 0.2000000030
41024  12.711  -45.926  -16.696 0.2000000030
41027  10.682  -46.032  -16.061 0.3000000119
41035  19.913  -46.063  -17.490 0.1000000015
41036  19.739  -45.800  -17.151 0.1000000015
41037  17.322  -45.741  -17.276 0.2000000030
41039  16.386  -46.291  -17.093 0.2000000030
41040  15.939  -46.599  -17.121 0.2000000030
41045  19.838  -45.323  -17.750 0.1000000015
41046  17.513  -45.878  -17.540 0.2000000030
41047  17.158  -46.325  -17.552 0.2000000030
41052  20.175  -45.906  -18.552 0.1000000015
41053  18.656  -46.003  -18.897 0.2000000030
41060  19.761  -45.830  -19.633 0.1000000015
41901  14.908  -45.419  8.139 0.1000000015
41902  14.248  -45.536  8.033 0.3000000119
41903  13.865  -45.680  7.884 0.3000000119
41909  15.890  -44.793  7.906 0.1000000015
41911  14.543  -45.015  7.771 0.3000000119
41912  13.835  -45.228  7.480 0.2000000030
41913  13.328  -45.623  7.403 0.3000000119
41920  13.076  -45.361  6.959 0.3000000119
41922  11.604  -45.469  6.342 0.4000000060
41929  11.260  -44.885  5.667 0.5000000000
41930  10.576  -45.407  5.841 0.4000000060
41932  8.953  -45.551  5.740 0.6000000238
41941  15.793  -44.909  4.975 0.3000000119
41942  15.223  -45.006  5.172 0.3000000119
41943  14.418  -45.219  5.184 0.3000000119
41945  13.241  -45.792  5.017 0.1000000015
41947  10.640  -44.685  5.328 0.5000000000
41949  9.180  -44.971  5.082 0.6000000238
41950  8.382  -45.602  5.252 0.6999999881
41959  17.555  -45.163  3.769 0.2000000030
41968  9.204  -44.910  4.113 0.8000000119
41969  8.562  -45.328  4.455 0.8000000119
41970  8.066  -45.785  4.700 0.6999999881
41973  17.873  -45.209  3.402 0.2000000030
41974  17.288  -44.725  3.437 0.2000000030
41975  16.891  -44.681  3.908 0.2000000030
41977  11.358  -45.451  3.607 0.4000000060
41978  10.895  -45.578  3.345 0.6999999881
41980  9.546  -44.877  3.275 0.8000000119
41981  8.864  -45.488  3.634 0.6000000238
41984  18.747  -45.477  2.535 0.2000000030
41985  18.407  -45.239  2.678 0.2000000030
41987  11.989  -44.803  3.273 0.8000000119
41988  11.520  -45.060  3.130 0.8000000119
41991  9.439  -45.609  3.197 0.6000000238
41992  8.871  -45.960  3.277 0.6000000238
41994  18.910  -45.416  2.222 0.2000000030
41996  11.960  -44.915  3.049 0.8000000119
41997  11.281  -44.893  2.753 0.8000000119
41998  10.777  -44.932  2.478 0.8999999762
41999  10.466  -44.846  2.373 0.8999999762
42002  22.222  -45.887  0.995 0.2000000030
42003  21.886  -45.804  1.003 0.4000000060
42007  18.844  -44.898  1.489 0.4000000060
42012  24.842  -45.278  -0.151 0.3000000119
42014  23.661  -45.441  0.575 0.3000000119
42017  20.889  -45.125  0.502 0.6000000238
42019  19.548  -44.949  0.530 0.5000000000
42020  7.015  -45.050  0.029 0.4000000060
42021  6.605  -45.128  0.195 0.4000000060
42037  19.321  -44.808  -0.063 0.5000000000
42038  8.735  -44.773  -1.365 0.1000000015
42041  5.446  -44.993  -0.225 0.4000000060
42045  25.912  -45.362  -1.253 0.2000000030
42046  25.703  -45.127  -0.982 0.2000000030
42047  20.263  -44.843  -0.503 0.5000000000
42048  19.723  -44.806  -0.701 0.5000000000
42051  9.058  -44.773  -1.779 0.1000000015
42052  8.501  -45.321  -1.826 0.1000000015
42054  5.384  -44.862  -0.958 0.5000000000
42055  4.569  -45.395  -1.256 0.6000000238
42059  26.193  -45.168  -1.590 0.2000000030
42061  9.132  -45.006  -2.598 0.1000000015
42063  5.631  -44.771  -1.434 0.5000000000
42077  26.352  -45.145  -2.239 0.2000000030
42082  3.521  -45.435  -3.332 0.8999999762
42088  4.471  -44.837  -3.326 0.8999999762
42089  4.002  -44.989  -3.708 0.8999999762
42094  25.915  -45.665  -4.411 0.1000000015
42097  3.903  -45.055  -4.216 0.8999999762
42101  26.075  -45.155  -4.499 0.1000000015
42106  3.916  -45.288  -5.084 1.0000000000
42115  22.562  -45.026  -6.608 0.1000000015
42125  3.965  -45.095  -5.443 1.0000000000
42176  9.534  -45.692  -8.264 0.3000000119
42177  9.114  -45.796  -8.273 0.3000000119
42179  5.000  -45.485  -7.986 1.0000000000
42180  4.788  -45.319  -7.613 1.0000000000
42190  11.663  -45.465  -8.584 0.3000000119
42192  10.032  -45.482  -8.339 0.3000000119
42193  9.294  -45.390  -8.459 0.3000000119
42194  8.502  -45.429  -8.618 0.4000000060
42196  7.171  -45.761  -8.679 0.6000000238
42197  5.606  -45.484  -8.855 1.0000000000
42199  4.959  -45.252  -8.014 1.0000000000
42215  12.538  -45.459  -9.003 0.3000000119
42216  11.889  -45.126  -8.902 0.3000000119
42217  11.465  -45.075  -8.781 0.3000000119
42219  7.801  -45.043  -9.019 0.5000000000
42222  5.578  -45.195  -8.893 0.6999999881
42230  14.216  -45.314  -9.990 0.2000000030
42231  13.765  -45.064  -9.714 0.2000000030
42237  15.747  -45.060  -11.283 0.2000000030
42245  23.529  -45.271  -11.654 0.1000000015
42246  16.232  -44.799  -11.804 0.2000000030
42254  22.484  -45.175  -12.316 0.1000000015
42255  16.272  -44.850  -12.049 0.2000000030
42256  15.966  -45.220  -12.289 0.2000000030
42267  21.615  -45.110  -13.006 0.1000000015
42268  16.246  -44.843  -12.488 0.2000000030
42270  15.550  -45.326  -13.121 0.2000000030
42282  20.655  -45.342  -13.956 0.1000000015
42283  15.722  -45.004  -13.283 0.2000000030
42284  15.197  -45.230  -13.493 0.2000000030
42285  14.416  -45.254  -13.962 0.2000000030
42286  13.590  -45.456  -14.157 0.2000000030
42287  12.777  -45.422  -14.256 0.2000000030
42288  12.122  -45.376  -14.444 0.2000000030
42298  20.185  -45.184  -14.561 0.1000000015
42299  19.822  -45.135  -15.137 0.1000000015
42302  12.537  -44.908  -14.740 0.2000000030
42305  10.469  -45.620  -15.479 0.2000000030
42314  11.153  -44.761  -15.560 0.2000000030
42315  10.770  -45.293  -15.783 0.2000000030
42316  10.521  -45.728  -15.868 0.2000000030
42325  16.779  -45.549  -16.717 0.2000000030
42326  16.310  -45.476  -16.483 0.2000000030
42328  14.748  -45.370  -16.272 0.2000000030
42329  13.915  -45.297  -16.391 0.2000000030
42331  12.266  -45.125  -16.776 0.2000000030
42333  10.735  -45.631  -16.130 0.3000000119
42334  10.635  -45.826  -16.055 0.3000000119
42338  19.654  -44.783  -17.310 0.1000000015
42339  17.407  -45.456  -17.239 0.2000000030
42340  17.087  -45.179  -16.873 0.2000000030
42343  19.999  -45.402  -18.248 0.1000000015
42350  19.989  -45.206  -18.891 0.1000000015
42351  19.696  -44.372  -18.910 0.1000000015
42353  18.140  -45.001  -18.228 0.2000000030
42356  19.923  -45.447  -19.370 0.1000000015
42358  18.908  -44.915  -19.330 0.2000000030
43164  16.831  -44.368  7.439 0.1000000015
43166  15.436  -44.359  7.679 0.1000000015
43167  14.762  -44.409  7.464 0.2000000030
43176  16.559  -44.060  7.270 0.1000000015
43177  14.560  -44.154  7.098 0.2000000030
43178  14.040  -44.376  6.892 0.3000000119
43180  12.585  -45.010  6.369 0.4000000060
43181  12.125  -45.187  6.360 0.4000000060
43188  13.848  -43.964  6.327 0.4000000060
43189  13.438  -44.211  6.179 0.4000000060
43200  11.700  -44.357  5.274 0.5000000000
43202  10.159  -44.439  4.892 0.6000000238
43203  9.702  -44.638  4.998 0.6999999881
43212  16.167  -44.280  3.930 0.2000000030
43213  15.688  -44.230  4.135 0.3000000119
43215  14.050  -44.439  4.232 0.4000000060
43217  12.742  -45.076  4.138 0.4000000060
43219  10.304  -44.190  4.131 0.6999999881
43231  15.217  -43.844  3.769 0.5000000000
43233  13.386  -44.127  3.627 0.6999999881
43235  10.654  -44.032  3.101 0.8999999762
43236  10.074  -44.299  3.286 0.8000000119
43240  17.910  -44.687  2.476 0.1000000015
43241  17.331  -44.420  2.653 0.2000000030
43243  16.313  -43.948  3.170 0.4000000060
43247  10.777  -44.005  2.718 0.8999999762
43248  10.329  -44.417  2.671 0.8999999762
43251  18.248  -44.737  2.090 0.2000000030
43254  11.583  -44.557  2.844 0.8999999762
43255  11.147  -44.571  2.605 0.8999999762
43256  10.658  -44.577  2.441 0.8999999762
43257  10.305  -44.667  2.405 0.8999999762
43260  18.900  -44.833  1.249 0.4000000060
43263  17.086  -43.811  1.428 0.6000000238
43269  24.855  -44.695  -0.142 0.6000000238
43273  21.478  -44.655  0.203 0.5000000000
43274  20.960  -44.707  -0.025 0.5000000000
43279  6.457  -44.617  0.126 0.4000000060
43288  25.751  -44.446  -0.863 0.5000000000
43290  25.056  -45.023  -0.360 0.3000000119
43292  21.260  -44.259  -0.323 0.5000000000
43293  20.727  -44.598  -0.483 0.6000000238
43294  18.874  -44.307  -0.082 0.6999999881
43295  18.540  -43.994  0.002 0.6000000238
43296  8.829  -44.499  -1.339 0.1000000015
43298  7.189  -44.272  -0.301 0.3000000119
43300  5.762  -44.602  -0.558 0.4000000060
43305  25.701  -44.816  -0.911 0.5000000000
43307  20.320  -44.308  -0.911 0.6000000238
43308  19.614  -44.115  -0.870 0.6999999881
43309  19.160  -44.002  -0.518 0.6999999881
43312  6.933  -44.146  -1.001 0.3000000119
43313  6.003  -44.509  -1.128 0.5000000000
43314  5.694  -44.621  -0.851 0.5000000000
43320  26.657  -44.057  -1.932 0.5000000000
43327  5.867  -44.541  -2.107 0.6999999881
43339  26.751  -44.115  -2.235 0.2000000030
43344  5.699  -44.330  -2.995 0.5000000000
43349  26.613  -44.614  -3.414 0.3000000119
43352  6.238  -44.115  -3.533 0.6999999881
43353  5.477  -44.261  -3.783 0.6999999881
43364  4.103  -44.756  -4.588 0.8999999762
43365  3.930  -45.056  -4.852 1.0000000000
43377  8.300  -44.380  -5.610 0.3000000119
43379  6.479  -44.504  -5.312 0.6000000238
43382  4.342  -44.511  -5.141 1.0000000000
43393  24.957  -43.976  -5.969 0.2000000030
43395  23.323  -44.344  -6.509 0.1000000015
43402  7.494  -44.529  -6.183 0.5000000000
43405  5.175  -44.195  -5.759 1.0000000000
43407  4.048  -44.696  -5.517 1.0000000000
43441  10.066  -43.951  -6.255 0.2000000030
43443  8.839  -44.336  -6.448 0.4000000060
43444  8.169  -44.225  -6.821 0.3000000119
43445  7.589  -44.279  -6.813 0.5000000000
43447  6.391  -44.346  -6.465 0.6999999881
43459  4.566  -44.641  -7.398 1.0000000000
43465  10.788  -44.755  -8.860 0.3000000119
43467  9.567  -44.930  -8.675 0.3000000119
43469  5.067  -44.408  -8.413 1.0000000000
43483  13.208  -44.947  -9.507 0.2000000030
43484  12.903  -44.904  -9.415 0.2000000030
43488  9.866  -44.448  -9.051 0.3000000119
43489  8.917  -44.570  -9.104 0.5000000000
43490  8.097  -44.508  -9.298 0.6000000238
43500  14.530  -44.630  -10.214 0.2000000030
43503  12.678  -44.379  -9.706 0.2000000030
43506  8.429  -44.073  -9.544 0.4000000060
43509  6.690  -43.794  -9.765 0.6999999881
43517  15.866  -44.561  -11.065 0.2000000030
43518  15.134  -44.540  -10.580 0.2000000030
43528  23.354  -44.525  -11.860 0.1000000015
43529  16.606  -44.143  -11.808 0.2000000030
43530  16.360  -44.416  -11.629 0.2000000030
43531  16.020  -44.796  -11.420 0.2000000030
43538  22.841  -44.497  -12.178 0.1000000015
43539  22.359  -44.459  -12.496 0.1000000015
43540  16.703  -44.132  -12.029 0.2000000030
43552  21.509  -44.423  -13.280 0.1000000015
43553  16.731  -44.079  -12.461 0.2000000030
43554  16.428  -44.423  -12.886 0.2000000030
43567  16.235  -44.313  -13.392 0.2000000030
43568  15.745  -44.531  -13.660 0.2000000030
43570  14.390  -44.725  -14.352 0.2000000030
43579  20.124  -44.351  -14.876 0.1000000015
43580  19.768  -44.546  -15.377 0.1000000015
43581  14.576  -44.299  -14.492 0.2000000030
43583  13.083  -44.307  -14.916 0.2000000030
43591  19.887  -44.003  -15.322 0.1000000015
43593  11.870  -43.958  -15.523 0.2000000030
43594  11.448  -44.119  -15.865 0.2000000030
43599  16.118  -44.705  -16.376 0.2000000030
43600  15.223  -44.651  -16.251 0.2000000030
43602  13.574  -44.576  -16.652 0.2000000030
43603  12.810  -44.449  -16.959 0.2000000030
43605  11.521  -43.971  -16.396 0.2000000030
43608  19.575  -43.849  -17.553 0.1000000015
43609  17.416  -44.764  -17.265 0.2000000030
43610  16.804  -44.351  -16.834 0.2000000030
43611  16.226  -44.118  -16.629 0.2000000030
43612  12.522  -43.873  -17.056 0.2000000030
43613  12.175  -43.717  -16.926 0.2000000030
43617  17.759  -44.347  -17.896 0.2000000030
43623  19.517  -43.714  -18.917 0.1000000015
43624  18.620  -44.526  -19.077 0.2000000030
43629  18.871  -44.192  -19.437 0.2000000030
43630  18.451  -44.015  -19.100 0.2000000030
44464  15.864  -43.900  7.274 0.2000000030
44465  15.511  -43.985  7.403 0.2000000030
44474  15.567  -43.701  7.023 0.2000000030
44475  14.926  -43.879  7.078 0.2000000030
44484  15.756  -43.367  6.574 0.1000000015
44485  15.111  -43.379  6.630 0.3000000119
44487  13.590  -43.791  5.838 0.4000000060
44488  13.153  -44.003  5.707 0.4000000060
44498  13.787  -43.350  5.493 0.5000000000
44499  12.889  -43.612  5.055 0.5000000000
44501  11.463  -44.041  4.777 0.6000000238
44511  12.584  -43.172  4.287 0.6999999881
44512  12.116  -43.481  4.346 0.6999999881
44513  11.336  -43.756  4.278 0.6999999881
44514  10.791  -43.880  3.942 0.6999999881
44524  15.838  -43.725  3.205 0.4000000060
44526  14.815  -43.595  3.333 0.6000000238
44529  11.810  -43.390  3.715 0.8000000119
44530  11.103  -43.705  3.508 0.8000000119
44536  20.697  -43.629  2.882 0.1000000015
44537  19.787  -43.660  2.846 0.1000000015
44539  16.351  -43.811  2.614 0.4000000060
44541  15.209  -43.434  2.730 0.8000000119
44543  13.641  -43.592  3.014 0.8999999762
44545  11.808  -43.660  3.089 0.8999999762
44549  16.390  -43.761  2.263 0.6999999881
44550  15.758  -43.488  2.072 0.8000000119
44565  25.128  -44.145  -0.251 0.6000000238
44570  18.744  -43.498  0.221 0.6000000238
44571  18.321  -43.628  0.292 0.6999999881
44572  17.287  -43.504  0.766 0.6000000238
44582  21.240  -43.866  -0.702 0.6000000238
44583  20.092  -43.405  -0.311 0.6999999881
44585  19.043  -43.701  0.008 0.6000000238
44587  8.968  -44.023  -1.215 0.2000000030
44588  8.481  -43.829  -1.156 0.2000000030
44592  26.672  -43.491  -1.518 0.6000000238
44594  21.356  -43.455  -0.741 0.6000000238
44595  20.808  -43.667  -0.957 0.6999999881
44597  19.482  -43.791  -0.436 0.6999999881
44598  19.220  -43.845  -0.341 0.6999999881
44612  26.544  -43.916  -1.626 0.5000000000
44635  6.909  -43.917  -3.317 0.5000000000
44638  26.986  -43.844  -3.556 0.2000000030
44644  7.313  -43.818  -3.793 0.5000000000
44652  26.969  -43.431  -4.518 0.2000000030
44658  8.575  -43.950  -4.693 0.3000000119
44660  6.994  -44.080  -4.210 0.4000000060
44698  25.309  -43.355  -5.903 0.2000000030
44705  11.990  -43.203  -6.431 0.1000000015
44707  10.613  -43.714  -6.007 0.1000000015
44708  5.683  -43.847  -6.496 0.8999999762
44710  4.887  -43.946  -6.001 0.8999999762
44731  24.170  -43.126  -6.478 0.2000000030
44732  23.684  -43.454  -6.606 0.1000000015
44745  12.112  -43.064  -6.833 0.1000000015
44746  11.614  -43.212  -6.998 0.1000000015
44748  9.899  -43.772  -6.965 0.2000000030
44749  9.189  -43.907  -7.075 0.2000000030
44752  7.079  -43.776  -7.316 0.8999999762
44755  4.749  -43.860  -6.452 0.8999999762
44762  11.471  -42.959  -7.400 0.2000000030
44766  8.773  -43.414  -7.471 0.3000000119
44767  8.057  -43.479  -7.470 0.5000000000
44768  7.585  -43.579  -7.448 0.5000000000
44779  4.774  -44.264  -7.853 1.0000000000
44792  10.798  -44.189  -9.319 0.3000000119
44793  10.313  -44.014  -9.366 0.3000000119
44797  5.447  -43.761  -8.766 0.6999999881
44804  14.281  -44.320  -10.142 0.2000000030
44807  12.410  -43.809  -10.013 0.2000000030
44808  11.746  -43.717  -9.940 0.3000000119
44812  8.451  -43.492  -10.053 0.6999999881
44813  7.594  -43.431  -10.131 0.6999999881
44814  6.922  -43.400  -9.949 0.6999999881
44822  16.212  -44.011  -11.115 0.2000000030
44825  13.796  -43.434  -10.332 0.2000000030
44826  13.192  -43.221  -10.379 0.2000000030
44841  16.729  -43.857  -11.743 0.2000000030
44842  16.566  -43.637  -11.354 0.2000000030
44849  23.286  -43.440  -12.164 0.1000000015
44850  22.761  -43.661  -12.446 0.1000000015
44851  22.255  -43.917  -12.738 0.1000000015
44852  17.012  -43.636  -12.182 0.2000000030
44863  21.453  -43.718  -13.616 0.1000000015
44865  16.542  -43.951  -13.307 0.2000000030
44875  20.571  -43.635  -14.543 0.1000000015
44877  16.250  -43.782  -13.813 0.2000000030
44887  15.141  -43.611  -14.575 0.2000000030
44889  13.613  -43.630  -14.970 0.2000000030
44890  12.816  -43.649  -15.274 0.2000000030
44891  12.260  -43.725  -15.475 0.2000000030
44895  19.931  -43.427  -15.533 0.1000000015
44898  11.939  -43.433  -15.896 0.2000000030
44899  11.543  -43.726  -16.094 0.2000000030
44903  19.548  -43.237  -16.887 0.1000000015
44905  14.818  -43.941  -16.535 0.2000000030
44906  14.008  -43.947  -16.702 0.2000000030
44908  12.901  -43.955  -17.095 0.2000000030
44909  11.880  -43.405  -16.657 0.2000000030
44914  16.844  -43.710  -17.335 0.2000000030
44917  14.424  -43.317  -16.896 0.2000000030
44918  13.666  -43.388  -17.036 0.2000000030
44919  12.971  -43.487  -17.119 0.2000000030
44920  12.410  -43.373  -17.031 0.2000000030
44923  19.470  -43.212  -17.988 0.1000000015
44924  17.813  -43.761  -18.370 0.2000000030
44926  16.628  -43.243  -17.521 0.2000000030
44932  18.034  -43.455  -18.924 0.2000000030
44933  17.658  -43.354  -18.517 0.2000000030
44936  19.261  -43.242  -19.141 0.2000000030
44937  18.885  -43.391  -19.483 0.2000000030
45782  15.309  -42.991  6.184 0.2000000030
45783  14.855  -43.142  6.218 0.4000000060
45801  16.565  -42.945  5.241 0.2000000030
45802  16.111  -42.772  5.543 0.2000000030
45804  14.707  -42.767  5.624 0.3000000119
45805  14.055  -42.888  5.221 0.6000000238
45829  14.316  -42.515  4.930 0.6000000238
45830  13.819  -42.603  4.606 0.6000000238
45854  18.636  -43.564  3.180 0.1000000015
45857  16.660  -42.602  4.067 0.3000000119
45858  12.649  -42.825  3.761 0.6999999881
45870  19.470  -43.012  2.428 0.1000000015
45873  14.726  -43.283  2.455 0.8000000119
45875  13.445  -43.056  2.697 0.8999999762
45877  12.123  -43.240  3.325 0.8000000119
45887  15.272  -43.255  1.727 0.8000000119
45891  13.042  -42.332  2.753 0.8000000119
45902  16.302  -42.804  1.049 0.8999999762
45904  14.844  -42.383  1.669 0.8999999762
45914  22.141  -43.119  -0.140 0.6000000238
45918  16.933  -42.688  0.856 0.8000000119
45919  16.635  -42.896  0.932 0.8000000119
45925  26.058  -43.110  -0.720 0.5000000000
45926  25.528  -42.803  -0.340 0.6000000238
45929  21.064  -42.819  -0.426 0.6999999881
45931  19.549  -43.036  0.179 0.6999999881
45932  19.142  -43.312  0.239 0.6999999881
45939  26.545  -42.901  -1.046 0.6000000238
45941  20.623  -43.267  -0.594 0.6999999881
45942  20.372  -43.330  -0.459 0.6999999881
45956  27.250  -43.120  -2.113 0.6000000238
45962  27.682  -42.451  -3.200 0.5000000000
45972  27.732  -42.340  -3.917 0.4000000060
45984  27.682  -42.212  -4.302 0.4000000060
46002  26.531  -42.964  -5.391 0.2000000030
46028  26.277  -42.650  -5.788 0.2000000030
46029  25.531  -42.665  -5.941 0.2000000030
46030  24.906  -42.760  -6.113 0.2000000030
46038  12.397  -42.938  -5.971 0.1000000015
46071  6.471  -43.275  -7.448 0.8999999762
46072  5.927  -43.325  -7.285 0.8999999762
46083  12.625  -42.703  -7.450 0.1000000015
46084  11.916  -42.736  -7.516 0.1000000015
46085  11.298  -42.649  -7.639 0.2000000030
46086  10.632  -42.699  -7.696 0.2000000030
46087  9.885  -42.752  -7.731 0.2000000030
46088  9.108  -42.789  -7.726 0.3000000119
46092  5.626  -43.140  -7.597 0.8000000119
46104  5.487  -43.137  -8.144 0.8000000119
46117  6.552  -42.662  -9.299 0.6999999881
46127  12.160  -43.213  -10.273 0.3000000119
46131  9.056  -43.000  -10.427 0.6999999881
46132  8.488  -42.951  -10.501 0.6999999881
46133  7.228  -43.012  -10.212 0.6999999881
46135  6.392  -43.036  -9.453 0.6999999881
46140  16.754  -42.771  -11.103 0.2000000030
46148  10.296  -42.498  -10.825 0.4000000060
46151  8.108  -42.624  -10.772 0.6999999881
46152  7.414  -42.479  -10.467 0.6999999881
46153  7.108  -42.205  -10.174 0.6999999881
46161  24.146  -42.886  -11.877 0.1000000015
46164  16.659  -43.288  -11.237 0.2000000030
46170  23.732  -42.584  -12.205 0.1000000015
46171  23.209  -42.807  -12.406 0.1000000015
46172  22.666  -42.868  -12.780 0.1000000015
46173  17.678  -42.398  -12.813 0.1000000015
46183  22.264  -42.889  -13.141 0.1000000015
46185  21.384  -43.149  -13.909 0.1000000015
46187  17.219  -42.872  -13.428 0.1000000015
46195  21.607  -42.673  -14.002 0.1000000015
46197  20.599  -43.083  -14.805 0.1000000015
46198  16.670  -43.013  -13.968 0.1000000015
46199  15.969  -43.068  -14.437 0.1000000015
46204  20.781  -42.627  -14.877 0.1000000015
46206  15.715  -42.645  -14.808 0.1000000015
46207  15.156  -43.009  -14.803 0.2000000030
46208  14.179  -42.796  -15.142 0.2000000030
46210  12.790  -43.203  -15.460 0.2000000030
46216  20.032  -42.760  -15.680 0.1000000015
46217  19.849  -42.590  -15.993 0.1000000015
46218  14.032  -42.225  -15.496 0.2000000030
46220  12.682  -42.802  -15.726 0.2000000030
46221  12.330  -42.818  -16.305 0.2000000030
46230  19.717  -42.593  -16.460 0.1000000015
46231  12.390  -42.816  -16.874 0.2000000030
46240  19.577  -42.547  -17.084 0.1000000015
46241  16.230  -42.948  -17.494 0.2000000030
46243  14.821  -42.677  -17.217 0.2000000030
46245  13.283  -42.858  -17.096 0.2000000030
46255  19.432  -42.575  -17.686 0.1000000015
46257  16.529  -42.712  -17.888 0.2000000030
46258  16.090  -42.599  -17.659 0.2000000030
46266  19.374  -42.644  -18.278 0.2000000030
46267  17.912  -42.934  -19.100 0.2000000030
46268  17.537  -42.808  -18.778 0.2000000030
46275  19.228  -42.620  -18.834 0.2000000030
46276  18.896  -42.630  -19.318 0.2000000030
46277  18.249  -42.830  -19.421 0.2000000030
47217  16.199  -42.677  5.151 0.2000000030
47218  15.848  -42.483  5.130 0.3000000119
47220  14.712  -42.298  4.899 0.6000000238
47239  15.692  -42.140  4.553 0.4000000060
47241  14.268  -41.995  4.335 0.6000000238
47242  13.528  -42.218  4.011 0.6999999881
47268  17.441  -42.652  3.217 0.4000000060
47273  14.288  -41.531  3.744 0.6000000238
47274  13.256  -42.133  3.464 0.8000000119
47275  12.912  -42.502  3.397 0.8000000119
47302  18.254  -42.227  2.446 0.2000000030
47304  17.241  -42.180  3.064 0.4000000060
47306  13.044  -42.299  3.062 0.8000000119
47323  13.841  -41.990  2.093 0.8000000119
47324  13.343  -42.046  2.575 0.8000000119
47325  12.989  -42.001  2.956 0.8000000119
47335  16.558  -42.106  0.933 0.8999999762
47336  15.848  -42.079  1.180 0.8999999762
47338  14.616  -41.954  1.646 0.8999999762
47339  14.262  -41.958  1.818 0.8999999762
47354  16.987  -42.123  0.780 0.8000000119
47366  21.622  -42.121  -0.368 0.8000000119
47369  19.638  -42.377  0.305 0.6999999881
47376  26.847  -42.174  -1.140 0.6000000238
47389  27.520  -41.785  -2.112 0.6000000238
47397  27.697  -41.847  -2.732 0.6000000238
47423  27.641  -42.063  -4.515 0.4000000060
47441  27.727  -41.764  -4.532 0.4000000060
47442  27.458  -41.904  -4.915 0.4000000060
47467  26.996  -41.819  -5.465 0.2000000030
47469  25.810  -41.976  -6.063 0.2000000030
47486  25.312  -41.772  -6.250 0.2000000030
47488  23.903  -41.951  -6.871 0.2000000030
47499  6.806  -42.969  -7.652 0.8999999762
47500  6.476  -42.809  -7.675 0.8999999762
47507  22.735  -41.453  -7.368 0.2000000030
47508  22.342  -41.277  -7.406 0.2000000030
47511  13.834  -42.242  -7.639 0.1000000015
47512  13.137  -42.246  -7.788 0.1000000015
47513  12.420  -42.217  -7.860 0.1000000015
47519  7.785  -42.274  -8.103 0.8000000119
47521  6.281  -42.554  -7.861 0.8000000119
47540  14.247  -41.862  -7.937 0.1000000015
47543  12.173  -41.588  -8.118 0.2000000030
47548  8.430  -41.718  -8.430 0.6999999881
47563  6.516  -42.337  -8.800 0.8000000119
47567  7.037  -42.080  -9.791 0.6999999881
47574  13.129  -41.978  -10.822 0.3000000119
47575  12.340  -41.947  -10.957 0.3000000119
47576  11.590  -41.928  -11.095 0.4000000060
47579  9.188  -42.109  -11.216 0.6999999881
47580  8.550  -42.142  -11.136 0.8000000119
47583  7.148  -41.849  -10.187 0.8000000119
47591  24.115  -42.117  -12.198 0.1000000015
47592  17.862  -41.642  -12.087 0.2000000030
47595  10.208  -41.386  -11.655 0.6000000238
47596  9.495  -41.567  -11.611 0.6999999881
47598  8.457  -41.787  -11.242 0.8000000119
47604  22.978  -42.077  -12.934 0.1000000015
47607  17.708  -42.171  -12.273 0.1000000015
47615  22.365  -42.085  -13.554 0.1000000015
47616  21.908  -42.442  -13.859 0.1000000015
47617  17.686  -41.888  -13.607 0.1000000015
47622  22.225  -41.704  -13.989 0.1000000015
47624  21.376  -42.305  -14.533 0.1000000015
47625  17.563  -41.729  -14.047 0.1000000015
47626  17.135  -42.178  -14.169 0.1000000015
47637  21.720  -41.702  -14.703 0.1000000015
47639  20.670  -42.388  -15.094 0.1000000015
47640  16.903  -41.893  -14.675 0.1000000015
47643  14.844  -42.522  -15.091 0.2000000030
47654  20.926  -41.765  -15.299 0.1000000015
47656  20.057  -42.357  -15.775 0.1000000015
47657  16.138  -41.605  -15.312 0.1000000015
47658  15.605  -41.775  -15.372 0.1000000015
47660  13.856  -41.763  -15.908 0.1000000015
47661  13.056  -42.122  -16.006 0.1000000015
47662  12.614  -42.416  -16.126 0.2000000030
47674  20.292  -41.848  -15.776 0.1000000015
47675  20.003  -41.996  -16.003 0.1000000015
47676  13.795  -41.503  -16.346 0.1000000015
47677  13.458  -41.783  -16.478 0.1000000015
47690  15.592  -42.249  -17.629 0.2000000030
47692  14.382  -42.026  -17.263 0.2000000030
47694  12.888  -42.546  -17.029 0.2000000030
47706  19.476  -41.830  -17.383 0.1000000015
47708  16.938  -42.234  -18.402 0.2000000030
47709  16.666  -42.087  -18.260 0.2000000030
47710  15.904  -42.075  -17.867 0.2000000030
47711  15.477  -41.615  -17.834 0.2000000030
47722  19.160  -41.608  -18.341 0.1000000015
47723  17.098  -42.080  -18.657 0.2000000030
47735  18.977  -41.857  -18.950 0.2000000030
47736  18.543  -41.884  -19.611 0.2000000030
48623  13.843  -41.795  3.754 0.6999999881
48624  13.537  -41.965  3.650 0.6999999881
48642  16.037  -41.320  3.294 0.6000000238
48645  13.998  -41.490  3.327 0.6999999881
48646  13.599  -41.796  3.362 0.8000000119
48671  19.533  -41.529  1.953 0.1000000015
48674  17.099  -41.623  2.892 0.5000000000
48677  14.077  -41.315  2.819 0.8000000119
48678  13.722  -41.612  3.006 0.8000000119
48700  14.685  -41.129  1.969 0.8000000119
48701  14.116  -41.358  2.247 0.8000000119
48702  13.678  -41.647  2.586 0.8000000119
48713  16.562  -41.613  0.822 0.8999999762
48715  15.522  -41.440  1.311 0.8999999762
48716  14.887  -41.475  1.557 0.8999999762
48732  16.564  -41.365  0.779 0.8999999762
48739  26.591  -41.039  -0.599 0.6999999881
48740  26.124  -41.362  -0.371 0.6999999881
48742  24.366  -40.823  0.086 0.8000000119
48743  23.729  -41.139  -0.018 0.8000000119
48771  27.698  -41.359  -2.379 0.6000000238
48789  27.942  -41.189  -3.644 0.6999999881
48830  26.886  -41.215  -5.707 0.2000000030
48831  26.245  -41.219  -6.080 0.2000000030
48847  25.851  -40.983  -6.370 0.2000000030
48851  23.149  -41.253  -7.387 0.2000000030
48853  21.122  -41.294  -7.201 0.2000000030
48874  23.352  -40.824  -7.457 0.2000000030
48876  22.137  -40.759  -7.397 0.2000000030
48879  14.771  -41.654  -7.983 0.1000000015
48899  14.278  -41.235  -8.308 0.1000000015
48902  11.888  -40.923  -8.324 0.2000000030
48903  11.163  -40.909  -8.410 0.2000000030
48904  10.428  -40.894  -8.516 0.3000000119
48906  8.862  -41.212  -8.706 0.5000000000
48907  8.282  -41.310  -8.925 0.5000000000
48908  7.627  -41.573  -9.114 0.8000000119
48909  7.069  -42.001  -9.040 0.8000000119
48915  9.496  -40.693  -9.165 0.6000000238
48919  7.222  -41.782  -9.453 0.6999999881
48923  7.575  -41.235  -10.157 0.8000000119
48924  7.254  -41.599  -9.931 0.8000000119
48929  15.208  -41.173  -10.572 0.1000000015
48930  14.315  -41.196  -10.702 0.2000000030
48935  8.120  -41.109  -10.991 0.8000000119
48936  7.618  -41.366  -10.661 0.8000000119
48937  7.281  -41.532  -10.346 0.8000000119
48944  24.953  -41.432  -12.062 0.1000000015
48945  24.469  -41.755  -12.202 0.1000000015
48948  11.689  -40.768  -11.746 0.5000000000
48949  11.200  -41.061  -11.737 0.5000000000
48950  10.535  -40.819  -11.980 0.6000000238
48959  24.111  -41.255  -12.523 0.1000000015
48962  18.165  -41.143  -12.583 0.1000000015
48963  10.399  -40.504  -12.235 0.6000000238
48964  10.195  -40.619  -12.165 0.6999999881
48971  23.826  -40.760  -12.937 0.1000000015
48973  22.749  -41.501  -13.498 0.1000000015
48974  18.450  -40.790  -13.749 0.1000000015
48984  23.097  -40.755  -13.746 0.1000000015
48986  22.167  -41.539  -14.187 0.1000000015
48988  17.966  -41.223  -14.178 0.1000000015
49001  22.405  -40.848  -14.459 0.1000000015
49003  21.671  -41.334  -14.961 0.1000000015
49004  17.850  -40.921  -14.894 0.1000000015
49005  17.292  -41.489  -14.707 0.1000000015
49006  16.812  -41.719  -14.896 0.1000000015
49020  20.814  -41.530  -15.514 0.1000000015
49021  17.804  -40.703  -15.244 0.1000000015
49025  15.158  -41.361  -15.768 0.1000000015
49042  20.036  -41.258  -16.343 0.1000000015
49043  15.416  -40.920  -16.079 0.1000000015
49044  14.840  -40.997  -16.187 0.1000000015
49045  14.195  -41.187  -16.408 0.1000000015
49060  14.113  -41.336  -17.039 0.1000000015
49061  13.644  -41.580  -16.826 0.1000000015
49072  19.505  -41.012  -17.550 0.1000000015
49073  19.268  -40.984  -18.107 0.1000000015
49074  16.302  -41.425  -18.265 0.2000000030
49076  15.215  -41.162  -17.651 0.1000000015
49086  19.015  -41.031  -18.648 0.1000000015
49087  17.194  -41.304  -18.830 0.1000000015
49088  16.753  -40.922  -18.441 0.1000000015
49104  17.609  -40.905  -19.123 0.1000000015
50050  21.854  -40.900  2.654 0.1000000015
50051  16.017  -40.863  2.919 0.6000000238
50052  15.572  -40.922  3.028 0.6000000238
50053  15.147  -40.972  3.153 0.6999999881
50073  21.557  -40.617  2.261 0.1000000015
50077  18.351  -40.852  2.239 0.2000000030
50081  15.125  -40.783  2.804 0.6999999881
50100  15.740  -40.516  1.829 0.8000000119
50117  16.210  -40.934  0.943 0.8999999762
50118  15.850  -40.787  1.178 0.8999999762
50131  25.410  -41.101  0.082 0.6000000238
50132  25.175  -41.048  0.119 0.6000000238
50138  17.365  -40.735  0.629 0.8999999762
50139  16.604  -40.894  0.792 0.8999999762
50140  16.281  -40.711  0.978 0.8999999762
50150  26.646  -40.630  -0.567 0.6999999881
50168  26.857  -40.614  -0.823 0.6999999881
50179  27.389  -40.809  -1.719 0.6999999881
50180  27.124  -40.617  -1.286 0.6999999881
50189  27.723  -40.714  -2.264 0.6000000238
50230  27.801  -40.528  -4.838 0.5000000000
50240  26.266  -40.511  -6.271 0.2000000030
50250  25.760  -40.490  -6.586 0.2000000030
50256  20.092  -40.341  -7.116 0.1000000015
50283  21.866  -40.204  -7.277 0.2000000030
50286  15.571  -40.680  -8.286 0.1000000015
50301  13.944  -40.394  -8.511 0.1000000015
50306  10.266  -40.337  -9.096 0.5000000000
50307  9.798  -40.609  -9.118 0.5000000000
50309  7.821  -41.263  -9.371 0.8000000119
50316  9.733  -40.313  -9.374 0.6000000238
50317  9.188  -40.524  -9.370 0.6000000238
50319  8.080  -40.971  -9.551 0.8000000119
50323  7.981  -40.923  -9.882 0.6999999881
50325  16.966  -39.834  -11.028 0.1000000015
50326  16.274  -40.124  -10.794 0.1000000015
50331  12.443  -40.855  -11.461 0.4000000060
50332  8.417  -40.541  -10.805 0.8000000119
50338  25.916  -40.714  -11.805 0.1000000015
50341  17.481  -40.370  -11.408 0.1000000015
50342  12.488  -40.058  -11.601 0.4000000060
50345  10.996  -40.628  -12.038 0.5000000000
50346  9.636  -40.419  -12.222 0.6999999881
50347  9.228  -40.297  -11.926 0.8000000119
50354  25.175  -40.603  -12.100 0.1000000015
50357  18.273  -40.328  -12.433 0.1000000015
50358  11.197  -39.991  -12.261 0.5000000000
50361  9.621  -40.143  -12.269 0.6999999881
50366  24.228  -40.399  -12.849 0.1000000015
50367  23.824  -40.362  -13.278 0.1000000015
50379  23.095  -40.397  -14.097 0.1000000015
50380  18.642  -40.397  -14.252 0.1000000015
50381  18.303  -40.767  -14.333 0.1000000015
50393  21.936  -40.934  -14.918 0.1000000015
50394  18.590  -40.197  -14.890 0.1000000015
50409  22.093  -40.324  -15.132 0.1000000015
50410  21.735  -40.604  -15.299 0.1000000015
50411  20.992  -40.946  -15.627 0.1000000015
50412  18.540  -40.107  -15.163 0.1000000015
50413  18.228  -40.353  -15.258 0.1000000015
50414  17.709  -40.564  -15.571 0.1000000015
50415  17.126  -40.722  -15.719 0.1000000015
50416  16.516  -40.829  -15.855 0.1000000015
50434  20.051  -40.649  -16.642 0.1000000015
50438  15.986  -40.577  -16.289 0.1000000015
50439  15.211  -40.606  -16.517 0.1000000015
50453  20.266  -40.091  -16.718 0.1000000015
50456  15.688  -40.217  -16.979 0.1000000015
50457  14.936  -40.804  -17.163 0.1000000015
50458  14.409  -40.932  -16.835 0.1000000015
50470  19.553  -40.252  -17.909 0.1000000015
50472  16.147  -40.660  -18.142 0.1000000015
50473  15.533  -40.451  -17.670 0.1000000015
50474  15.164  -40.768  -17.545 0.1000000015
50485  18.976  -40.188  -18.886 0.1000000015
50486  17.520  -40.107  -18.949 0.1000000015
50487  17.299  -40.400  -18.788 0.1000000015
50500  18.501  -40.246  -19.436 0.1000000015
50501  17.798  -40.210  -19.160 0.1000000015
51516  18.004  -40.284  2.124 0.6000000238
51533  16.955  -39.993  1.921 0.6999999881
51554  16.682  -40.113  1.450 0.8000000119
51555  16.169  -40.362  1.432 0.8999999762
51575  17.731  -40.064  0.876 0.6999999881
51577  16.469  -40.445  1.097 0.8999999762
51589  26.182  -40.020  -0.323 0.6999999881
51595  21.657  -39.987  0.037 0.6999999881
51605  27.201  -39.874  -1.370 0.6999999881
51620  27.173  -40.214  -1.320 0.6999999881
51621  23.471  -38.556  -1.048 0.8000000119
51635  23.109  -38.294  -1.550 0.6000000238
51674  27.205  -40.184  -5.837 0.4000000060
51683  27.496  -39.281  -5.866 0.5000000000
51684  26.840  -39.688  -6.231 0.5000000000
51701  26.443  -39.081  -6.728 0.4000000060
51704  24.366  -39.704  -7.426 0.3000000119
51708  18.342  -39.300  -6.625 0.1000000015
51730  24.779  -38.983  -7.496 0.3000000119
51731  24.312  -39.206  -7.529 0.3000000119
51732  23.605  -39.300  -7.532 0.2000000030
51734  22.076  -39.504  -7.366 0.2000000030
51736  16.980  -39.269  -7.951 0.1000000015
51737  16.531  -39.690  -8.202 0.1000000015
51743  16.183  -39.303  -8.736 0.1000000015
51746  13.555  -39.547  -8.596 0.2000000030
51756  10.595  -39.477  -9.565 0.4000000060
51757  9.862  -39.791  -9.707 0.6000000238
51759  8.978  -40.400  -9.583 0.6000000238
51764  10.363  -39.027  -9.953 0.4000000060
51765  10.019  -39.240  -9.997 0.5000000000
51766  9.337  -39.525  -10.157 0.6000000238
51769  16.974  -39.015  -11.199 0.1000000015
51774  13.332  -39.676  -11.180 0.4000000060
51781  17.846  -39.145  -11.920 0.1000000015
51784  12.218  -39.723  -11.769 0.5000000000
51785  11.811  -39.780  -11.986 0.4000000060
51787  8.796  -40.044  -11.236 0.8000000119
51794  26.074  -39.927  -12.039 0.1000000015
51795  25.355  -39.921  -12.292 0.1000000015
51796  24.965  -40.155  -12.365 0.1000000015
51797  18.666  -39.110  -12.781 0.1000000015
51799  11.447  -39.757  -12.204 0.6000000238
51801  10.451  -39.559  -12.554 0.6999999881
51811  25.294  -39.461  -12.520 0.1000000015
51813  24.237  -39.893  -13.191 0.1000000015
51815  19.073  -39.331  -13.424 0.1000000015
51828  24.408  -39.380  -13.330 0.1000000015
51829  23.950  -39.651  -13.743 0.1000000015
51830  23.493  -39.928  -14.094 0.1000000015
51831  19.306  -39.262  -13.932 0.1000000015
51846  22.677  -40.023  -14.846 0.1000000015
51847  19.332  -39.332  -14.407 0.1000000015
51848  18.955  -39.807  -14.646 0.1000000015
51863  22.868  -39.521  -15.009 0.1000000015
51865  21.727  -39.750  -15.691 0.1000000015
51867  18.776  -39.739  -15.320 0.1000000015
51905  20.297  -39.495  -17.137 0.1000000015
51924  16.126  -39.840  -17.904 0.1000000015
51940  17.479  -39.700  -18.858 0.1000000015
51941  16.988  -39.719  -18.514 0.1000000015
51958  17.861  -39.449  -19.134 0.1000000015
52887  21.340  -38.739  5.084 0.1000000015
52900  21.517  -38.600  4.647 0.1000000015
52943  21.237  -39.481  2.044 0.1000000015
53025  27.239  -39.597  -1.402 0.6999999881
53040  27.491  -39.101  -1.838 0.6999999881
53042  23.545  -38.018  -1.077 0.8000000119
53043  22.804  -38.353  -1.485 0.6999999881
53057  22.402  -37.808  -1.899 0.5000000000
53072  23.265  -37.892  -2.075 0.5000000000
53073  22.768  -37.932  -2.209 0.5000000000
53118  25.988  -38.673  -7.100 0.4000000060
53120  20.812  -38.908  -7.219 0.2000000030
53121  20.347  -38.770  -7.120 0.2000000030
53137  25.704  -38.302  -7.364 0.4000000060
53138  25.263  -38.636  -7.446 0.3000000119
53144  20.810  -38.601  -7.241 0.2000000030
53145  17.108  -38.531  -7.952 0.1000000015
53151  16.871  -38.217  -8.446 0.1000000015
53154  14.935  -38.892  -8.977 0.3000000119
53156  13.041  -38.641  -8.847 0.3000000119
53157  12.258  -39.044  -8.883 0.3000000119
53158  11.815  -39.279  -8.956 0.4000000060
53167  11.651  -38.777  -9.205 0.4000000060
53168  11.106  -38.711  -9.591 0.4000000060
53180  16.545  -38.468  -11.190 0.1000000015
53181  15.858  -38.679  -10.922 0.1000000015
53182  15.147  -38.833  -10.785 0.1000000015
53183  14.401  -38.921  -10.794 0.1000000015
53185  9.425  -38.852  -10.682 0.6999999881
53188  17.768  -38.703  -12.008 0.1000000015
53190  16.898  -38.387  -11.436 0.1000000015
53192  12.185  -39.046  -11.760 0.5000000000
53194  9.311  -38.816  -11.291 0.6999999881
53201  26.222  -39.050  -12.343 0.1000000015
53205  17.737  -38.398  -12.113 0.1000000015
53206  11.906  -38.902  -11.951 0.4000000060
53207  11.646  -39.044  -12.192 0.4000000060
53222  26.008  -38.517  -12.609 0.1000000015
53225  19.350  -38.674  -13.549 0.1000000015
53226  18.965  -38.656  -13.112 0.1000000015
53227  11.286  -38.414  -12.571 0.6999999881
53228  10.797  -38.262  -12.716 0.6999999881
53229  10.486  -38.077  -12.677 0.6999999881
53242  24.383  -38.873  -13.752 0.1000000015
53244  19.563  -38.801  -14.088 0.1000000015
53255  23.661  -38.948  -14.623 0.1000000015
53276  19.394  -38.992  -15.515 0.1000000015
53352  17.692  -38.968  -18.923 0.1000000015
53364  18.555  -38.759  -19.465 0.1000000015
54292  21.907  -38.372  2.805 0.1000000015
54355  24.270  -37.665  -0.536 0.8000000119
54369  23.833  -37.503  -0.790 0.8000000119
54393  23.666  -37.006  -1.982 0.6999999881
54394  23.399  -37.169  -1.728 0.6999999881
54395  22.681  -37.547  -2.237 0.5000000000
54406  23.345  -37.099  -2.043 0.6999999881
54436  26.853  -38.275  -6.733 0.4000000060
54453  26.949  -37.946  -6.801 0.5000000000
54454  26.519  -38.000  -6.989 0.4000000060
54456  19.963  -38.138  -7.088 0.2000000030
54458  18.521  -37.898  -6.749 0.1000000015
54470  23.551  -38.016  -7.751 0.3000000119
54473  21.422  -37.803  -7.505 0.2000000030
54475  17.253  -37.655  -7.917 0.1000000015
54483  16.660  -37.846  -8.776 0.1000000015
54495  13.047  -37.787  -9.048 0.4000000060
54498  11.418  -38.292  -9.520 0.4000000060
54505  11.454  -37.404  -9.688 0.4000000060
54508  9.948  -38.444  -10.294 0.6000000238
54513  16.387  -38.044  -11.377 0.1000000015
54519  9.743  -38.325  -10.539 0.6000000238
54523  17.122  -38.073  -11.882 0.1000000015
54524  16.735  -37.988  -11.668 0.1000000015
54525  16.282  -37.764  -11.511 0.1000000015
54528  12.045  -37.579  -11.842 0.4000000060
54529  9.647  -37.673  -11.426 0.6999999881
54530  9.518  -38.253  -11.034 0.6999999881
54545  18.460  -38.163  -12.621 0.1000000015
54546  17.996  -38.055  -12.406 0.1000000015
54547  17.438  -37.966  -12.158 0.1000000015
54548  17.014  -37.793  -12.062 0.1000000015
54549  11.939  -38.613  -11.922 0.4000000060
54551  9.852  -37.894  -12.047 0.6000000238
54567  25.171  -38.038  -13.484 0.1000000015
54570  18.802  -38.149  -12.940 0.1000000015
54573  10.275  -37.745  -12.557 0.8000000119
54586  23.983  -38.497  -14.549 0.1000000015
54603  19.974  -38.254  -14.468 0.1000000015
55654  25.213  -37.219  -0.353 0.8999999762
55664  26.696  -37.498  -0.897 0.8999999762
55665  23.776  -36.811  -0.906 0.6999999881
55671  26.935  -37.254  -1.412 0.6999999881
55672  23.474  -36.637  -1.812 0.6999999881
55680  23.841  -36.850  -2.056 0.6999999881
55681  23.481  -36.841  -1.835 0.6999999881
55684  21.572  -36.579  -1.756 0.3000000119
55688  23.581  -36.824  -2.206 0.6999999881
55689  23.049  -37.094  -2.653 0.6999999881
55690  22.804  -37.032  -2.541 0.5000000000
55733  27.655  -37.263  -6.303 0.6999999881
55746  25.829  -37.570  -7.512 0.4000000060
55749  18.143  -37.144  -6.765 0.1000000015
55750  17.650  -37.176  -7.180 0.2000000030
55758  25.996  -36.791  -7.753 0.5000000000
55760  24.621  -37.245  -7.921 0.5000000000
55763  22.593  -37.278  -7.968 0.4000000060
55767  17.151  -37.052  -8.120 0.3000000119
55775  22.264  -36.907  -8.189 0.4000000060
55776  22.013  -36.839  -8.074 0.4000000060
55778  16.226  -37.223  -9.024 0.2000000030
55780  14.845  -37.392  -9.169 0.4000000060
55781  14.163  -37.309  -9.112 0.4000000060
55789  12.853  -37.075  -9.138 0.4000000060
55790  12.229  -37.019  -9.303 0.4000000060
55806  15.983  -37.392  -11.491 0.1000000015
55807  15.509  -37.513  -11.140 0.1000000015
55808  14.922  -37.595  -10.881 0.1000000015
55809  14.305  -37.655  -10.771 0.1000000015
55826  13.731  -37.566  -10.904 0.2000000030
55853  18.622  -37.883  -12.843 0.1000000015
55854  18.349  -37.690  -12.726 0.1000000015
55856  17.162  -37.418  -12.382 0.1000000015
55857  11.878  -37.085  -12.066 0.3000000119
55875  19.398  -37.609  -13.455 0.1000000015
55878  17.794  -36.917  -12.923 0.1000000015
55879  11.446  -37.155  -12.578 0.6999999881
55880  10.956  -37.145  -12.905 0.6999999881
55881  10.465  -37.024  -12.712 0.6999999881
57010  26.164  -36.770  -0.648 0.8999999762
57037  23.411  -36.125  -1.401 0.6999999881
57038  23.624  -35.951  -0.870 0.6999999881
57039  21.757  -36.341  -1.304 0.1000000015
57054  27.468  -36.294  -2.941 0.8000000119
57055  23.488  -36.381  -1.965 0.6000000238
57060  20.065  -36.039  -2.756 0.2000000030
57073  23.575  -36.539  -2.121 0.6000000238
57074  23.343  -36.236  -2.442 0.6000000238
57075  22.825  -36.283  -2.680 0.5000000000
57146  17.742  -36.371  -7.082 0.2000000030
57147  17.489  -36.753  -7.372 0.2000000030
57158  24.171  -36.706  -8.192 0.5000000000
57162  21.270  -36.470  -7.907 0.3000000119
57164  17.490  -35.961  -7.370 0.2000000030
57173  24.363  -36.053  -8.453 0.5000000000
57174  23.702  -36.306  -8.526 0.5000000000
57177  21.613  -36.369  -8.464 0.4000000060
57180  15.723  -36.677  -9.104 0.2000000030
57181  15.127  -36.794  -9.190 0.4000000060
57182  14.545  -36.607  -9.174 0.4000000060
57191  22.170  -36.267  -8.876 0.5000000000
57193  16.096  -35.923  -8.922 0.4000000060
57195  15.285  -36.236  -9.185 0.4000000060
57197  13.297  -36.435  -9.150 0.4000000060
57198  12.636  -36.335  -9.292 0.4000000060
57207  11.488  -36.275  -9.784 0.5000000000
57208  10.995  -36.297  -10.137 0.4000000060
57220  14.093  -37.249  -10.856 0.2000000030
57233  16.454  -37.107  -12.143 0.1000000015
57235  15.470  -36.519  -11.443 0.1000000015
57236  14.814  -36.477  -11.106 0.1000000015
57238  12.934  -36.468  -11.271 0.2000000030
57256  17.360  -37.032  -12.746 0.1000000015
57257  16.703  -36.842  -12.627 0.1000000015
57260  11.055  -36.028  -12.713 0.6999999881
57284  10.493  -36.609  -12.669 0.6999999881
58525  25.407  -35.789  -0.389 0.8999999762
58542  26.220  -35.422  -0.873 1.0000000000
58543  23.681  -35.498  -0.797 0.6999999881
58568  26.843  -35.404  -1.953 1.0000000000
58595  23.457  -35.874  -2.186 0.6000000238
58596  23.166  -35.800  -2.387 0.6000000238
58598  21.748  -35.689  -2.537 0.5000000000
58602  17.595  -35.676  -2.502 0.2000000030
58622  23.478  -35.994  -2.371 0.6000000238
58624  22.982  -35.983  -2.588 0.6000000238
58645  28.020  -34.941  -4.562 0.8999999762
58662  27.999  -35.202  -5.100 0.8000000119
58682  27.667  -35.626  -6.453 0.8000000119
58683  27.248  -35.760  -6.979 0.6999999881
58684  20.092  -35.459  -7.101 0.3000000119
58685  19.495  -35.581  -6.698 0.3000000119
58687  18.096  -35.655  -6.818 0.2000000030
58693  26.777  -35.758  -7.442 0.6000000238
58694  26.212  -35.650  -7.778 0.5000000000
58695  25.578  -35.565  -8.036 0.6000000238
58697  20.607  -35.886  -7.759 0.3000000119
58707  23.388  -35.955  -8.898 0.3000000119
58708  21.241  -36.149  -8.444 0.4000000060
58709  20.990  -35.952  -8.574 0.4000000060
58710  17.021  -35.625  -8.055 0.3000000119
58712  14.521  -36.236  -9.200 0.5000000000
58713  14.286  -36.220  -9.182 0.5000000000
58720  22.855  -35.694  -9.224 0.5000000000
58721  22.246  -35.863  -9.228 0.5000000000
58722  21.539  -35.979  -9.022 0.4000000060
58724  16.253  -35.757  -8.788 0.4000000060
58725  15.972  -35.574  -8.951 0.4000000060
58730  12.401  -35.563  -9.457 0.4000000060
58738  22.413  -35.530  -9.459 0.5000000000
58741  20.735  -35.200  -9.673 0.3000000119
58756  10.373  -35.526  -10.810 0.6999999881
58771  10.190  -35.512  -11.496 0.6999999881
58778  16.448  -36.239  -12.888 0.1000000015
58779  16.071  -35.865  -12.536 0.1000000015
60048  21.772  -34.940  -0.005 0.1000000015
60086  20.698  -34.891  -1.077 0.1000000015
60112  23.434  -35.670  -1.835 0.6999999881
60114  22.802  -34.645  -1.757 0.5000000000
60116  19.222  -35.624  -2.683 0.2000000030
60121  15.233  -34.650  -2.520 0.1000000015
60131  27.637  -34.596  -3.247 1.0000000000
60132  27.439  -34.516  -2.908 1.0000000000
60133  23.544  -35.964  -2.050 0.6999999881
60134  23.364  -35.714  -2.040 0.6999999881
60139  19.695  -35.282  -2.669 0.2000000030
60157  27.848  -34.323  -3.675 0.8000000119
60203  27.924  -34.507  -5.600 0.8000000119
60204  20.017  -34.908  -7.006 0.3000000119
60205  19.718  -34.645  -6.933 0.3000000119
60206  19.112  -34.402  -6.608 0.5000000000
60215  20.060  -35.154  -7.138 0.3000000119
60217  18.983  -34.820  -6.600 0.2000000030
60218  18.316  -34.920  -6.760 0.2000000030
60230  20.162  -35.196  -7.706 0.3000000119
60231  20.014  -34.992  -8.189 0.3000000119
60232  17.887  -35.058  -7.028 0.3000000119
60233  17.577  -34.907  -7.410 0.2000000030
60242  24.758  -34.758  -8.506 0.5000000000
60243  24.304  -35.058  -8.753 0.5000000000
60245  19.895  -34.907  -8.684 0.3000000119
60247  16.658  -34.924  -8.284 0.4000000060
60257  24.310  -34.571  -8.782 0.5000000000
60262  16.278  -35.263  -8.693 0.4000000060
60263  15.833  -34.921  -8.916 0.5000000000
60264  15.104  -34.915  -9.095 0.6000000238
60268  12.130  -34.777  -9.608 0.4000000060
60282  21.111  -34.736  -10.017 0.5000000000
60284  19.752  -34.480  -9.832 0.5000000000
60285  11.555  -34.832  -9.869 0.4000000060
60286  11.046  -34.843  -10.132 0.4000000060
60306  15.660  -35.556  -11.962 0.1000000015
60307  15.203  -35.078  -11.662 0.2000000030
60311  11.980  -34.693  -11.949 0.2000000030
60321  11.440  -34.619  -12.289 0.5000000000
60322  10.976  -34.472  -12.224 0.5000000000
60323  10.744  -34.191  -11.887 0.5000000000
60353  16.187  -34.582  -14.437 0.1000000015
60354  15.561  -34.267  -14.151 0.1000000015
60365  15.422  -34.070  -14.479 0.1000000015
61582  23.314  -33.706  -0.365 0.5000000000
61615  26.170  -34.064  -0.888 1.0000000000
61617  22.077  -33.621  -1.258 0.4000000060
61638  26.380  -33.666  -1.249 1.0000000000
61640  22.124  -33.927  -1.750 0.5000000000
61663  27.276  -33.912  -2.645 1.0000000000
61664  22.120  -34.394  -2.158 0.5000000000
61666  20.886  -34.342  -2.406 0.4000000060
61681  27.953  -33.764  -3.863 1.0000000000
61682  27.745  -33.838  -3.448 1.0000000000
61696  28.373  -33.556  -4.164 1.0000000000
61717  28.816  -33.759  -4.737 0.8999999762
61718  29.447  -33.630  -5.475 0.6000000238
61731  29.218  -33.867  -6.382 0.6999999881
61732  20.112  -34.759  -7.164 0.3000000119
61733  19.778  -34.402  -7.162 0.5000000000
61734  19.434  -34.186  -6.946 0.5000000000
61745  19.948  -34.778  -7.435 0.3000000119
61746  19.702  -34.442  -7.658 0.3000000119
61747  18.831  -34.025  -6.825 0.5000000000
61748  18.527  -34.175  -6.883 0.5000000000
61758  27.238  -34.332  -7.129 0.6999999881
61761  19.923  -34.913  -7.973 0.3000000119
61776  19.466  -34.394  -8.727 0.4000000060
61777  19.110  -34.083  -8.865 0.4000000060
61778  16.996  -34.121  -8.123 0.5000000000
61780  16.039  -34.295  -8.698 0.5000000000
61791  24.070  -34.248  -8.935 0.6000000238
61792  23.634  -34.165  -9.217 0.5000000000
61794  19.356  -34.334  -9.366 0.4000000060
61796  18.378  -33.747  -9.440 0.5000000000
61813  22.324  -34.103  -9.968 0.6000000238
61822  10.520  -34.028  -10.695 0.6000000238
61830  20.368  -33.659  -10.641 0.3000000119
61832  19.060  -33.753  -10.746 0.5000000000
61833  18.395  -33.627  -10.589 0.5000000000
61844  14.136  -34.074  -11.448 0.2000000030
61859  11.332  -34.050  -12.180 0.5000000000
61861  10.900  -33.581  -11.802 0.5000000000
61872  15.479  -33.928  -13.560 0.1000000015
61887  15.008  -33.462  -14.356 0.1000000015
61900  15.065  -33.530  -14.635 0.1000000015
63066  25.384  -33.312  -0.438 1.0000000000
63093  25.638  -33.028  -0.701 1.0000000000
63098  19.849  -32.700  -1.399 0.4000000060
63123  26.782  -33.042  -2.031 1.0000000000
63126  21.484  -33.324  -1.520 0.4000000060
63161  27.527  -33.245  -3.257 1.0000000000
63169  28.481  -33.142  -3.771 1.0000000000
63184  29.007  -33.467  -4.320 1.0000000000
63201  29.031  -31.971  -6.813 0.6999999881
63202  19.369  -33.910  -7.459 0.5000000000
63203  19.324  -33.840  -7.101 0.5000000000
63216  19.278  -33.914  -7.968 0.5000000000
63218  18.795  -33.767  -7.023 0.5000000000
63229  27.246  -33.449  -8.133 0.6000000238
63232  19.359  -34.123  -8.239 0.4000000060
63233  19.079  -33.794  -7.966 0.4000000060
63235  17.898  -33.580  -7.659 0.4000000060
63246  25.540  -33.616  -7.835 0.6999999881
63250  18.777  -33.748  -8.468 0.4000000060
63253  16.752  -33.459  -8.399 0.6000000238
63266  18.440  -33.637  -8.915 0.5000000000
63267  17.993  -33.364  -9.092 0.5000000000
63275  10.870  -33.109  -10.074 0.5000000000
63286  20.835  -33.231  -10.729 0.4000000060
63287  17.707  -33.216  -9.816 0.5000000000
63301  18.093  -33.210  -10.982 0.5000000000
63302  17.512  -33.033  -10.571 0.5000000000
63303  16.991  -32.690  -10.459 0.5000000000
63304  10.417  -33.178  -11.338 0.5000000000
63315  18.366  -32.814  -11.590 0.6000000238
63320  13.956  -33.243  -11.522 0.2000000030
63321  13.169  -33.169  -11.525 0.2000000030
63325  10.805  -33.130  -11.740 0.5000000000
63339  15.447  -33.436  -13.000 0.2000000030
63340  15.206  -33.166  -12.507 0.2000000030
63341  10.841  -33.364  -11.911 0.5000000000
63342  10.938  -32.824  -11.860 0.5000000000
63355  15.059  -32.965  -14.016 0.2000000030
63368  15.070  -33.325  -14.132 0.2000000030
63369  14.941  -33.124  -14.500 0.2000000030
64411  23.229  -32.300  -0.131 0.6000000238
64416  19.184  -31.933  -0.632 0.1000000015
64417  18.805  -31.871  -0.680 0.1000000015
64435  26.118  -32.350  -1.562 0.8000000119
64437  20.680  -32.475  -0.780 0.4000000060
64442  17.256  -32.244  -1.240 0.1000000015
64465  26.885  -32.640  -2.478 1.0000000000
64467  19.620  -32.686  -1.437 0.3000000119
64490  27.491  -31.899  -2.499 0.8999999762
64498  28.723  -31.604  -2.784 0.6999999881
64531  29.380  -31.560  -6.047 0.6999999881
64533  27.106  -31.974  -6.323 0.6999999881
64555  24.945  -32.301  -7.730 0.5000000000
64569  16.527  -32.854  -8.674 0.4000000060
64582  22.970  -32.376  -9.529 0.5000000000
64584  16.328  -32.339  -9.307 0.5000000000
64585  15.587  -32.310  -9.083 0.5000000000
64587  13.941  -32.303  -9.132 0.5000000000
64588  13.136  -32.309  -9.185 0.5000000000
64589  12.406  -32.309  -9.330 0.5000000000
64605  16.770  -32.508  -9.881 0.5000000000
64615  21.330  -32.147  -10.778 0.5000000000
64618  16.631  -32.349  -10.518 0.5000000000
64619  16.364  -31.941  -10.585 0.6000000238
64620  10.250  -32.412  -11.145 0.5000000000
64629  18.752  -32.111  -12.076 0.5000000000
64630  17.957  -32.345  -11.870 0.6000000238
64631  17.323  -32.337  -11.603 0.6000000238
64632  16.660  -32.061  -11.294 0.6000000238
64637  12.236  -32.115  -11.672 0.3000000119
64638  11.478  -32.237  -11.917 0.4000000060
64656  18.134  -31.819  -12.257 0.5000000000
64659  15.278  -32.913  -12.943 0.2000000030
64674  15.282  -33.047  -13.269 0.2000000030
64690  14.872  -32.538  -14.315 0.2000000030
65685  19.422  -31.441  -0.306 0.1000000015
65708  26.618  -31.523  -2.186 0.6999999881
65712  18.206  -31.825  -0.760 0.1000000015
65764  27.425  -31.426  -3.978 0.6999999881
65771  27.070  -31.105  -5.066 0.6999999881
65792  25.697  -31.521  -6.173 0.6999999881
65803  25.426  -31.843  -6.784 0.6999999881
65822  23.584  -31.554  -8.863 0.4000000060
65824  16.249  -31.971  -9.692 0.5000000000
65826  15.194  -31.701  -9.459 0.5000000000
65830  12.015  -31.495  -9.438 0.5000000000
65831  11.372  -31.502  -9.728 0.4000000060
65832  10.729  -31.515  -9.962 0.4000000060
65843  16.138  -31.758  -10.077 0.5000000000
65846  14.493  -31.016  -9.738 0.5000000000
65859  20.640  -31.861  -11.423 0.5000000000
65861  15.754  -31.199  -10.799 0.4000000060
65874  19.489  -31.530  -12.180 0.5000000000
65875  16.533  -31.584  -11.663 0.4000000060
65876  16.139  -31.336  -11.418 0.4000000060
65877  15.768  -31.047  -11.177 0.4000000060
65879  13.809  -31.551  -11.679 0.2000000030
65882  11.828  -31.422  -11.783 0.4000000060
65883  11.136  -31.492  -11.879 0.4000000060
65901  18.360  -31.305  -12.526 0.5000000000
65903  16.906  -31.551  -12.043 0.5000000000
65906  14.150  -31.281  -12.005 0.2000000030
65919  14.867  -31.698  -13.139 0.1000000015
66929  24.616  -30.777  -1.196 0.6000000238
66934  20.563  -30.804  0.031 0.3000000119
66959  26.555  -30.659  -1.821 0.6000000238
66961  24.702  -30.404  -0.625 0.6000000238
67001  27.488  -30.057  -2.169 0.6999999881
67010  27.005  -30.794  -2.772 0.6999999881
67019  26.053  -30.034  -5.032 0.6000000238
67026  25.787  -29.971  -5.754 0.6999999881
67030  25.390  -30.118  -6.660 0.6000000238
67038  25.193  -30.857  -6.147 0.6999999881
67049  24.466  -30.882  -7.390 0.6000000238
67050  24.179  -30.823  -7.830 0.5000000000
67061  23.597  -30.544  -8.576 0.4000000060
67071  23.347  -30.821  -8.999 0.4000000060
67072  14.208  -30.841  -9.734 0.5000000000
67086  22.484  -30.936  -9.861 0.5000000000
67087  15.510  -31.038  -10.534 0.4000000060
67103  15.126  -30.475  -10.804 0.5000000000
67104  9.901  -30.710  -10.565 0.5000000000
67115  20.992  -30.576  -11.291 0.4000000060
67119  15.791  -30.751  -11.565 0.4000000060
67121  12.812  -30.799  -11.551 0.2000000030
67122  12.220  -30.713  -11.558 0.4000000060
67147  18.065  -30.685  -12.823 0.5000000000
67149  16.361  -30.800  -12.248 0.4000000060
67169  17.418  -30.444  -12.985 0.4000000060
67172  14.185  -30.323  -12.905 0.1000000015
67185  14.296  -30.369  -13.560 0.1000000015
67215  14.660  -30.992  -15.514 0.1000000015
67216  14.444  -30.695  -14.873 0.1000000015
68149  24.560  -30.182  -1.618 0.6000000238
68150  23.986  -29.961  -1.194 0.6000000238
68175  25.295  -29.719  -1.463 0.6000000238
68185  25.785  -29.643  -2.755 0.5000000000
68196  25.661  -29.474  -3.713 0.6000000238
68218  24.246  -29.586  -6.404 0.6000000238
68228  24.278  -30.524  -7.524 0.5000000000
68253  22.652  -29.678  -9.475 0.4000000060
68254  13.991  -30.300  -9.930 0.5000000000
68271  22.396  -30.084  -9.833 0.5000000000
68272  14.823  -30.347  -10.511 0.5000000000
68274  13.792  -29.725  -10.191 0.5000000000
68302  20.637  -30.003  -11.684 0.4000000060
68303  20.247  -30.310  -11.992 0.5000000000
68304  15.459  -30.068  -11.735 0.4000000060
68311  10.240  -29.577  -11.247 0.3000000119
68331  20.313  -29.873  -12.056 0.4000000060
68333  19.269  -30.277  -12.731 0.5000000000
68334  18.728  -30.296  -12.877 0.4000000060
68337  13.426  -30.114  -11.964 0.1000000015
68338  13.080  -29.534  -11.929 0.2000000030
68357  17.706  -29.923  -13.272 0.3000000119
68359  16.219  -29.517  -13.096 0.3000000119
68405  14.756  -29.942  -15.655 0.1000000015
69369  23.572  -29.617  -0.253 0.6000000238
69371  21.508  -29.179  -0.204 0.4000000060
69376  17.207  -29.417  -0.340 0.1000000015
69392  24.580  -29.576  -1.093 0.6000000238
69393  23.711  -29.415  -1.256 0.6000000238
69394  23.134  -28.952  -0.401 0.3000000119
69413  24.791  -29.186  -1.627 0.6000000238
69426  24.266  -28.644  -2.011 0.4000000060
69456  23.729  -28.984  -5.049 0.5000000000
69462  24.268  -29.586  -6.114 0.6000000238
69470  23.059  -28.309  -7.314 0.4000000060
69473  23.639  -29.558  -8.041 0.4000000060
69475  23.187  -28.452  -7.481 0.4000000060
69478  23.522  -29.777  -8.433 0.4000000060
69487  12.762  -29.035  -9.922 0.4000000060
69488  12.124  -29.099  -9.689 0.4000000060
69489  11.457  -29.135  -9.656 0.3000000119
69490  10.829  -29.162  -9.779 0.3000000119
69491  10.295  -29.167  -10.045 0.3000000119
69502  13.941  -29.329  -10.574 0.5000000000
69504  9.906  -29.125  -10.465 0.3000000119
69517  14.623  -29.199  -11.328 0.4000000060
69518  14.098  -28.793  -11.062 0.3000000119
69520  10.149  -29.098  -10.942 0.3000000119
69537  14.851  -28.814  -11.951 0.3000000119
69538  14.481  -28.737  -11.500 0.3000000119
69540  11.831  -29.162  -11.493 0.2000000030
69541  11.142  -29.159  -11.424 0.3000000119
69542  10.590  -29.101  -11.374 0.3000000119
69543  10.293  -29.071  -11.225 0.3000000119
69562  20.213  -29.555  -12.238 0.4000000060
69563  19.917  -29.396  -12.505 0.4000000060
69567  13.046  -29.054  -12.143 0.2000000030
69583  19.530  -29.255  -12.875 0.3000000119
69589  13.628  -29.243  -12.954 0.1000000015
69590  13.218  -28.816  -12.629 0.1000000015
69606  17.518  -28.793  -13.838 0.3000000119
69607  17.047  -28.573  -13.900 0.3000000119
69622  13.916  -28.856  -14.158 0.1000000015
70550  20.776  -28.420  -0.382 0.2000000030
70553  18.230  -28.819  -0.246 0.1000000015
70570  21.966  -28.085  -0.504 0.3000000119
70571  21.213  -27.827  -0.418 0.3000000119
70572  19.771  -27.985  -0.556 0.3000000119
70583  23.424  -28.381  -1.369 0.4000000060
70599  24.084  -28.258  -2.536 0.5000000000
70600  23.745  -28.002  -2.254 0.4000000060
70627  23.958  -27.924  -3.784 0.4000000060
70648  22.899  -28.273  -5.776 0.4000000060
70663  23.115  -28.553  -7.981 0.4000000060
70668  23.069  -28.665  -8.282 0.4000000060
70669  22.738  -28.307  -8.601 0.4000000060
70676  12.366  -28.337  -9.967 0.4000000060
70684  12.888  -28.346  -10.245 0.3000000119
70685  12.570  -27.986  -10.177 0.3000000119
70688  21.933  -28.823  -10.352 0.4000000060
70704  14.272  -28.203  -11.791 0.3000000119
70705  12.572  -28.669  -11.885 0.2000000030
70732  15.523  -28.638  -13.016 0.3000000119
70734  14.567  -28.008  -12.335 0.2000000030
70735  12.771  -28.514  -12.184 0.2000000030
70756  16.496  -28.514  -13.760 0.2000000030
70761  12.612  -28.009  -12.467 0.2000000030
70781  16.394  -27.975  -13.919 0.3000000119
70783  13.238  -28.042  -13.463 0.1000000015
71902  20.648  -27.736  -0.261 0.3000000119
71926  22.348  -27.858  -0.991 0.3000000119
71930  18.963  -27.560  -1.021 0.2000000030
71956  23.116  -27.813  -1.708 0.4000000060
71960  19.423  -27.055  -1.563 0.3000000119
72069  20.703  -26.915  -5.465 0.2000000030
72080  20.878  -26.997  -5.622 0.2000000030
72089  21.405  -27.326  -6.592 0.2000000030
72123  11.866  -27.596  -10.040 0.3000000119
72131  12.668  -27.534  -10.467 0.3000000119
72132  12.203  -27.304  -10.292 0.3000000119
72137  13.861  -27.763  -11.530 0.2000000030
72138  13.429  -27.626  -11.169 0.2000000030
72139  13.034  -27.410  -10.861 0.2000000030
72144  20.958  -28.090  -11.510 0.4000000060
72145  14.020  -27.483  -11.937 0.2000000030
72170  14.714  -27.583  -12.709 0.2000000030
72172  12.267  -27.662  -12.189 0.2000000030
72173  11.808  -27.445  -11.848 0.2000000030
72191  15.545  -27.758  -13.480 0.2000000030
72192  15.104  -27.656  -13.161 0.2000000030
72209  18.655  -27.623  -13.801 0.3000000119
72214  13.652  -27.929  -14.172 0.1000000015
72230  13.402  -26.988  -14.350 0.1000000015
73321  19.674  -26.929  -2.091 0.2000000030
73324  17.688  -26.718  -2.274 0.1000000015
73349  19.858  -26.815  -2.704 0.2000000030
73409  19.148  -26.436  -4.263 0.1000000015
73488  20.341  -26.801  -6.793 0.2000000030
73515  11.387  -26.927  -10.014 0.3000000119
73516  10.906  -27.011  -9.903 0.3000000119
73517  10.442  -27.034  -9.929 0.3000000119
73530  12.295  -26.815  -10.595 0.3000000119
73532  10.155  -27.053  -10.249 0.3000000119
73539  10.201  -27.030  -10.651 0.3000000119
73543  13.817  -27.105  -11.857 0.2000000030
73567  13.581  -26.180  -12.157 0.2000000030
73568  12.324  -27.035  -12.624 0.2000000030
73588  14.785  -26.800  -13.239 0.2000000030
73590  12.962  -27.160  -13.626 0.1000000015
73607  17.257  -26.898  -14.364 0.1000000015
73611  13.002  -26.715  -13.943 0.1000000015
73627  16.449  -26.108  -14.526 0.1000000015
73649  14.094  -26.319  -15.230 0.1000000015
74771  20.245  -26.139  -8.675 0.1000000015
74797  11.912  -26.313  -10.582 0.2000000030
74798  11.399  -26.037  -10.212 0.3000000119
74799  11.093  -26.040  -9.857 0.3000000119
74800  9.947  -26.405  -10.443 0.3000000119
74811  21.098  -26.872  -10.893 0.3000000119
74822  13.135  -25.859  -11.844 0.2000000030
74823  12.682  -25.721  -11.493 0.2000000030
74824  11.353  -26.472  -11.799 0.2000000030
74825  10.769  -26.191  -11.508 0.2000000030
74826  10.325  -26.136  -11.154 0.2000000030
74838  20.248  -26.553  -12.352 0.1000000015
74859  18.986  -26.602  -13.781 0.2000000030
74860  14.610  -25.748  -13.498 0.1000000015
74863  11.781  -25.713  -12.867 0.1000000015
74877  19.166  -25.784  -13.738 0.1000000015
74883  12.466  -25.550  -13.859 0.1000000015
74896  16.432  -25.408  -14.654 0.1000000015
74915  14.068  -25.505  -15.223 0.1000000015
76091  10.423  -25.924  -9.972 0.3000000119
76092  10.296  -26.110  -9.968 0.3000000119
76104  10.726  -25.645  -10.074 0.3000000119
76105  10.163  -25.742  -10.184 0.3000000119
76120  11.982  -25.403  -10.937 0.1000000015
76121  11.522  -25.209  -10.651 0.3000000119
76122  9.953  -25.779  -10.891 0.3000000119
76135  12.329  -25.095  -11.403 0.1000000015
76155  13.519  -25.117  -12.675 0.1000000015
76156  13.130  -25.095  -12.221 0.2000000030
76157  12.715  -24.800  -11.929 0.1000000015
76160  10.552  -25.078  -11.793 0.1000000015
76175  14.245  -25.090  -13.455 0.1000000015
76177  12.130  -25.219  -13.574 0.1000000015
76178  11.755  -25.116  -13.161 0.1000000015
76195  18.133  -25.482  -14.469 0.1000000015
76213  16.292  -24.755  -14.788 0.1000000015
76214  15.744  -24.668  -14.675 0.1000000015
77569  11.031  -25.065  -10.195 0.3000000119
77585  10.992  -24.557  -10.575 0.3000000119
77617  12.989  -24.236  -12.388 0.1000000015
77619  11.421  -24.761  -12.895 0.1000000015
77620  10.979  -24.464  -12.610 0.1000000015
77621  10.547  -24.576  -12.060 0.2000000030
77636  13.969  -24.717  -13.344 0.1000000015
77639  11.488  -24.262  -13.154 0.1000000015
77655  14.841  -24.292  -14.206 0.1000000015
77657  13.897  -23.923  -13.488 0.1000000015
79109  10.116  -24.619  -10.431 0.3000000119
79125  10.761  -23.831  -10.698 0.3000000119
79126  10.331  -24.216  -10.533 0.3000000119
79127  9.946  -23.966  -10.990 0.3000000119
79142  11.934  -23.542  -11.511 0.1000000015
79144  9.965  -24.044  -11.391 0.1000000015
79160  12.982  -23.487  -12.624 0.1000000015
79163  10.160  -24.047  -11.912 0.1000000015
79184  13.326  -23.529  -13.004 0.1000000015
79186  10.669  -23.607  -12.588 0.1000000015
79187  10.261  -23.626  -12.192 0.1000000015
80654  10.811  -23.300  -10.976 0.1000000015
80656  10.126  -23.782  -10.782 0.3000000119
80683  12.726  -22.868  -12.555 0.1000000015
80706  13.349  -22.944  -13.265 0.1000000015
80709  10.639  -22.617  -12.831 0.1000000015
82233  12.509  -22.430  -12.502 0.1000000015
226013  17.539  -82.136  -11.050 0.2000000030
226014  17.093  -82.240  -11.484 0.2000000030
226016  18.212  -81.971  -11.222 0.1000000015
226017  17.480  -82.287  -11.777 0.2000000030
226018  16.843  -81.025  -11.986 0.1000000015
226019  16.837  -82.059  -11.655 0.1000000015
226020  17.172  -81.787  -12.020 0.1000000015
226021  15.291  -80.879  -6.859 0.3000000119
226022  20.079  -80.803  -8.800 0.5000000000
226024  8.845  -76.010  7.478 0.8000000119
226025  6.592  -76.138  7.309 0.2000000030
226029  6.211  -75.377  7.246 0.1000000015
226030  8.918  -75.870  5.723 0.8000000119
226039  8.511  -75.118  -12.463 0.2000000030
226040  8.665  -75.253  -12.603 0.2000000030
226044  8.591  -74.928  -12.850 0.2000000030
226045  7.159  -62.895  -23.057 0.3000000119
226047  7.072  -61.302  -22.630 0.4000000060
